epoch,selected_clients,accuracy,loss,run_time,sim_round_time,epoch_cum_time
1,"[0, 13, 15, 20, 22, 30, 40, 70, 80, 96]",14.04,2.2484670233726503,5.271226406097412,10.93,10.93
2,"[2, 21, 36, 44, 46, 49, 63, 74, 85, 91]",28.36,2.0573454880714417,7.235620498657227,10.58,21.509999999999998
3,"[14, 19, 24, 29, 31, 32, 34, 89, 97, 99]",44.09,1.7324155056476591,9.005746603012085,9.94,31.449999999999996
4,"[1, 5, 6, 10, 37, 38, 41, 66, 67, 93]",55.2,1.4126376938819885,10.519494771957396,11.19,42.63999999999999
5,"[4, 11, 25, 51, 52, 55, 56, 57, 64, 94]",60.31,1.2036647868156434,12.277362585067747,11.38,54.019999999999996
6,"[14, 19, 24, 29, 31, 32, 34, 89, 97, 99]",56.75,1.1314347732067107,13.757922887802124,9.94,63.959999999999994
7,"[1, 5, 6, 10, 37, 38, 41, 66, 67, 93]",61.71,1.0435482889413834,15.057764053344728,11.19,75.14999999999999
8,"[1, 5, 6, 10, 37, 38, 41, 66, 67, 93]",63.17,1.0126524043083192,16.44666051864624,11.19,86.33999999999999
9,"[1, 5, 6, 10, 37, 38, 41, 66, 67, 93]",63.54,0.9881035649776458,17.73063564300537,11.19,97.52999999999999
10,"[12, 27, 35, 48, 59, 62, 68, 69, 77, 88]",63.7,0.9647285276651384,19.62260937690735,12.1,109.62999999999998
11,"[0, 13, 15, 20, 22, 30, 40, 70, 80, 96]",65.71,0.9066857403516768,21.33468508720398,10.93,120.55999999999997
12,"[3, 7, 16, 23, 45, 47, 72, 78, 81, 90]",66.54,0.9062991881370543,23.31424307823181,11.71,132.26999999999998
13,"[33, 53, 54, 65, 73, 76, 79, 82, 83, 87]",66.41,0.8650038510560989,24.869523763656616,10.63,142.89999999999998
14,"[2, 21, 36, 44, 46, 49, 63, 74, 85, 91]",67.9,0.8438802015781403,26.644277334213257,10.58,153.48
15,"[33, 53, 54, 65, 73, 76, 79, 82, 83, 87]",68.19,0.8390760707855225,28.12471985816956,10.63,164.10999999999999
16,"[4, 11, 25, 51, 52, 55, 56, 57, 64, 94]",69.96,0.8057215118408203,29.644670248031616,11.38,175.48999999999998
17,"[33, 53, 54, 65, 73, 76, 79, 82, 83, 87]",69.1,0.8196047478914261,31.023085355758667,10.63,186.11999999999998
18,"[0, 13, 15, 20, 22, 30, 40, 70, 80, 96]",69.61,0.8020384466648102,32.66095042228699,10.93,197.04999999999998
19,"[1, 5, 6, 10, 37, 38, 41, 66, 67, 93]",70.03,0.7842741030454635,34.11403965950012,11.19,208.23999999999998
20,"[4, 11, 25, 51, 52, 55, 56, 57, 64, 94]",72.22,0.7621737426519394,35.57277488708496,11.38,219.61999999999998
21,"[8, 18, 26, 39, 43, 58, 71, 86, 95, 98]",71.47,0.756401554942131,37.60289907455444,11.13,230.74999999999997
22,"[9, 17, 28, 42, 50, 60, 61, 75, 84, 92]",69.07,0.7944948941469192,39.01077747344971,11.34,242.08999999999997
23,"[33, 53, 54, 65, 73, 76, 79, 82, 83, 87]",71.95,0.7554973256587982,40.51066040992737,10.63,252.71999999999997
24,"[14, 19, 24, 29, 31, 32, 34, 89, 97, 99]",72.88,0.7501257055997849,42.157679080963135,9.94,262.65999999999997
25,"[2, 21, 36, 44, 46, 49, 63, 74, 85, 91]",73.39,0.728886502981186,43.86330056190491,10.58,273.23999999999995
26,"[14, 19, 24, 29, 31, 32, 34, 89, 97, 99]",73.53,0.7301119977235794,45.54815483093262,9.94,283.17999999999995
27,"[14, 19, 24, 29, 31, 32, 34, 89, 97, 99]",73.17,0.7446632695198059,47.128196001052856,9.94,293.11999999999995
28,"[12, 27, 35, 48, 59, 62, 68, 69, 77, 88]",73.59,0.7266079074144364,48.79057240486145,12.1,305.21999999999997
29,"[33, 53, 54, 65, 73, 76, 79, 82, 83, 87]",73.04,0.7245100221037865,50.21173071861267,10.63,315.84999999999997
30,"[33, 53, 54, 65, 73, 76, 79, 82, 83, 87]",71.96,0.7299761146306991,51.691415309906006,10.63,326.47999999999996
31,"[8, 18, 26, 39, 43, 58, 71, 86, 95, 98]",74.71,0.689491965174675,53.36987233161926,11.13,337.60999999999996
32,"[14, 19, 24, 29, 31, 32, 34, 89, 97, 99]",74.12,0.7028927239775657,54.96741056442261,9.94,347.54999999999995
33,"[3, 7, 16, 23, 45, 47, 72, 78, 81, 90]",74.21,0.7072510626912117,56.765732526779175,11.71,359.25999999999993
34,"[2, 21, 36, 44, 46, 49, 63, 74, 85, 91]",73.93,0.689453701376915,58.54315328598023,10.58,369.8399999999999
35,"[4, 11, 25, 51, 52, 55, 56, 57, 64, 94]",73.33,0.6826074945926667,60.15116763114929,11.38,381.2199999999999
36,"[1, 5, 6, 10, 37, 38, 41, 66, 67, 93]",73.21,0.682021837234497,61.63335180282593,11.19,392.4099999999999
37,"[33, 53, 54, 65, 73, 76, 79, 82, 83, 87]",73.25,0.6874571681022644,63.041531562805176,10.63,403.0399999999999
38,"[0, 13, 15, 20, 22, 30, 40, 70, 80, 96]",73.43,0.6823708915710449,64.80708646774292,10.93,413.9699999999999
39,"[0, 13, 15, 20, 22, 30, 40, 70, 80, 96]",73.35,0.6800037580728531,66.63197350502014,10.93,424.8999999999999
40,"[4, 11, 25, 51, 52, 55, 56, 57, 64, 94]",75.59,0.6542410725355148,68.07064938545227,11.38,436.2799999999999
41,"[2, 21, 36, 44, 46, 49, 63, 74, 85, 91]",75.94,0.6542928791046143,69.66732287406921,10.58,446.8599999999999
42,"[9, 17, 28, 42, 50, 60, 61, 75, 84, 92]",75.17,0.6609938135743141,70.95681095123291,11.34,458.1999999999999
43,"[33, 53, 54, 65, 73, 76, 79, 82, 83, 87]",75.69,0.6566503262519836,72.37293672561646,10.63,468.82999999999987
44,"[12, 27, 35, 48, 59, 62, 68, 69, 77, 88]",75.08,0.6825143018364906,74.09935212135315,12.1,480.9299999999999
45,"[12, 27, 35, 48, 59, 62, 68, 69, 77, 88]",75.5,0.6751308715343476,75.591144323349,12.1,493.0299999999999
46,"[3, 7, 16, 23, 45, 47, 72, 78, 81, 90]",75.58,0.6593652936816216,77.23965430259705,11.71,504.7399999999999
47,"[1, 5, 6, 10, 37, 38, 41, 66, 67, 93]",74.54,0.6417867010831833,78.52225422859192,11.19,515.93
48,"[9, 17, 28, 42, 50, 60, 61, 75, 84, 92]",76.15,0.6424988022446633,79.7464349269867,11.34,527.27
49,"[9, 17, 28, 42, 50, 60, 61, 75, 84, 92]",75.09,0.6505084881186485,81.01487874984741,11.34,538.61
50,"[2, 21, 36, 44, 46, 49, 63, 74, 85, 91]",75.89,0.6383513370156289,82.74895715713501,10.58,549.19
51,"[3, 7, 16, 23, 45, 47, 72, 78, 81, 90]",76.27,0.6437033602595329,84.45622205734253,11.71,560.9000000000001
52,"[14, 19, 24, 29, 31, 32, 34, 89, 97, 99]",76.71,0.6363642284274101,86.06049513816833,9.94,570.8400000000001
53,"[14, 19, 24, 29, 31, 32, 34, 89, 97, 99]",76.3,0.6459593456983567,87.73720932006836,9.94,580.7800000000002
54,"[3, 7, 16, 23, 45, 47, 72, 78, 81, 90]",76.33,0.6423230630159378,89.65444922447205,11.71,592.4900000000002
55,"[4, 11, 25, 51, 52, 55, 56, 57, 64, 94]",77.1,0.6103582188487053,91.20634317398073,11.38,603.8700000000002
56,"[4, 11, 25, 51, 52, 55, 56, 57, 64, 94]",76.77,0.6088458767533302,92.70582389831544,11.38,615.2500000000002
57,"[12, 27, 35, 48, 59, 62, 68, 69, 77, 88]",76.24,0.6412804275751114,94.35936641693117,12.1,627.3500000000003
58,"[1, 5, 6, 10, 37, 38, 41, 66, 67, 93]",76.38,0.605362379848957,95.9027099609375,11.19,638.5400000000003
59,"[0, 13, 15, 20, 22, 30, 40, 70, 80, 96]",76.55,0.6076018843054771,97.67253017425536,10.93,649.4700000000003
60,"[14, 19, 24, 29, 31, 32, 34, 89, 97, 99]",76.89,0.6177196088433266,99.1490397453308,9.94,659.4100000000003
61,"[1, 5, 6, 10, 37, 38, 41, 66, 67, 93]",74.73,0.6238820788264274,100.44329118728638,11.19,670.6000000000004
62,"[33, 53, 54, 65, 73, 76, 79, 82, 83, 87]",76.92,0.6036048138141632,101.89283394813538,10.63,681.2300000000004
63,"[4, 11, 25, 51, 52, 55, 56, 57, 64, 94]",77.62,0.5922888907790184,103.36065077781676,11.38,692.6100000000004
64,"[0, 13, 15, 20, 22, 30, 40, 70, 80, 96]",76.82,0.5948839864134788,105.06422472000122,10.93,703.5400000000003
65,"[8, 18, 26, 39, 43, 58, 71, 86, 95, 98]",78.33,0.583587948679924,106.7185926437378,11.13,714.6700000000003
66,"[3, 7, 16, 23, 45, 47, 72, 78, 81, 90]",77.44,0.6023113203048706,108.51617646217346,11.71,726.3800000000003
67,"[14, 19, 24, 29, 31, 32, 34, 89, 97, 99]",77.45,0.6064114531874657,110.2283854484558,9.94,736.3200000000004
68,"[8, 18, 26, 39, 43, 58, 71, 86, 95, 98]",77.96,0.5802158108353614,111.86103582382202,11.13,747.4500000000004
69,"[1, 5, 6, 10, 37, 38, 41, 66, 67, 93]",77.55,0.5811578032374382,113.2852590084076,11.19,758.6400000000004
70,"[3, 7, 16, 23, 45, 47, 72, 78, 81, 90]",77.68,0.5944378024339676,114.9640998840332,11.71,770.3500000000005
71,"[3, 7, 16, 23, 45, 47, 72, 78, 81, 90]",77.48,0.6039193522930145,116.71208357810974,11.71,782.0600000000005
72,"[1, 5, 6, 10, 37, 38, 41, 66, 67, 93]",76.23,0.5957468321919441,118.00219821929932,11.19,793.2500000000006
73,"[9, 17, 28, 42, 50, 60, 61, 75, 84, 92]",78.59,0.5720780965685844,119.28581833839417,11.34,804.5900000000006
74,"[0, 13, 15, 20, 22, 30, 40, 70, 80, 96]",77.98,0.5676527464389801,120.94366645812988,10.93,815.5200000000006
75,"[33, 53, 54, 65, 73, 76, 79, 82, 83, 87]",77.96,0.5798338639736176,122.3794448375702,10.63,826.1500000000005
76,"[8, 18, 26, 39, 43, 58, 71, 86, 95, 98]",79.2,0.5547429242730141,124.0642032623291,11.13,837.2800000000005
77,"[2, 21, 36, 44, 46, 49, 63, 74, 85, 91]",79.19,0.5574982160329819,125.72009658813477,10.58,847.8600000000006
78,"[14, 19, 24, 29, 31, 32, 34, 89, 97, 99]",78.63,0.5734532153606415,127.38356161117554,9.94,857.8000000000006
79,"[12, 27, 35, 48, 59, 62, 68, 69, 77, 88]",78.61,0.5700825223326683,129.16964745521545,12.1,869.9000000000007
80,"[1, 5, 6, 10, 37, 38, 41, 66, 67, 93]",77.8,0.5645826399326325,130.6435661315918,11.19,881.0900000000007
81,"[3, 7, 16, 23, 45, 47, 72, 78, 81, 90]",78.76,0.5694250971078872,132.43769884109497,11.71,892.8000000000008
82,"[1, 5, 6, 10, 37, 38, 41, 66, 67, 93]",79.17,0.5536905041337014,133.93103575706482,11.19,903.9900000000008
83,"[1, 5, 6, 10, 37, 38, 41, 66, 67, 93]",77.18,0.5753620710968971,135.3163764476776,11.19,915.1800000000009
84,"[4, 11, 25, 51, 52, 55, 56, 57, 64, 94]",79.15,0.5497510945796966,136.79066944122314,11.38,926.5600000000009
85,"[1, 5, 6, 10, 37, 38, 41, 66, 67, 93]",78.68,0.5635919329524041,138.16728472709656,11.19,937.7500000000009
86,"[2, 21, 36, 44, 46, 49, 63, 74, 85, 91]",79.6,0.5479904389381409,139.86678314208984,10.58,948.330000000001
87,"[4, 11, 25, 51, 52, 55, 56, 57, 64, 94]",79.14,0.5469476205110549,141.33944749832153,11.38,959.710000000001
88,"[33, 53, 54, 65, 73, 76, 79, 82, 83, 87]",78.79,0.5595257022976875,142.72465252876282,10.63,970.3400000000009
89,"[1, 5, 6, 10, 37, 38, 41, 66, 67, 93]",79.55,0.5437407407164574,144.09610223770142,11.19,981.530000000001
90,"[2, 21, 36, 44, 46, 49, 63, 74, 85, 91]",80.37,0.5339755684137344,145.8633327484131,10.58,992.110000000001
91,"[33, 53, 54, 65, 73, 76, 79, 82, 83, 87]",79.73,0.5410868149995803,147.15497279167175,10.63,1002.740000000001
92,"[1, 5, 6, 10, 37, 38, 41, 66, 67, 93]",78.2,0.5652876228094101,148.5762414932251,11.19,1013.9300000000011
93,"[2, 21, 36, 44, 46, 49, 63, 74, 85, 91]",80.29,0.5306835457682609,150.32539796829224,10.58,1024.5100000000011
94,"[0, 13, 15, 20, 22, 30, 40, 70, 80, 96]",79.35,0.5364727821946144,152.01640820503235,10.93,1035.4400000000012
95,"[0, 13, 15, 20, 22, 30, 40, 70, 80, 96]",79.23,0.5377130341529847,153.80856442451477,10.93,1046.3700000000013
96,"[14, 19, 24, 29, 31, 32, 34, 89, 97, 99]",79.76,0.5410175094008446,155.38798332214355,9.94,1056.3100000000013
97,"[8, 18, 26, 39, 43, 58, 71, 86, 95, 98]",80.51,0.5244699013233185,157.08765935897827,11.13,1067.4400000000014
98,"[2, 21, 36, 44, 46, 49, 63, 74, 85, 91]",80.75,0.5248355334997177,158.74281859397888,10.58,1078.0200000000013
99,"[9, 17, 28, 42, 50, 60, 61, 75, 84, 92]",80.0,0.5302999091148376,159.94666600227356,11.34,1089.3600000000013
100,"[2, 21, 36, 44, 46, 49, 63, 74, 85, 91]",80.79,0.5211775207519531,161.71025824546814,10.58,1099.9400000000012
101,"[4, 11, 25, 51, 52, 55, 56, 57, 64, 94]",80.01,0.5245235732197762,163.28621578216553,11.38,1111.3200000000013
102,"[14, 19, 24, 29, 31, 32, 34, 89, 97, 99]",80.4,0.5299928995966912,165.00353741645813,9.94,1121.2600000000014
103,"[33, 53, 54, 65, 73, 76, 79, 82, 83, 87]",80.57,0.5232523101568222,166.36451983451843,10.63,1131.8900000000015
104,"[12, 27, 35, 48, 59, 62, 68, 69, 77, 88]",79.61,0.5389865723252296,168.08853363990784,12.1,1143.9900000000014
105,"[0, 13, 15, 20, 22, 30, 40, 70, 80, 96]",80.36,0.5203568789362908,169.87692975997925,10.93,1154.9200000000014
106,"[14, 19, 24, 29, 31, 32, 34, 89, 97, 99]",80.49,0.5280123773217201,171.55184674263,9.94,1164.8600000000015
107,"[33, 53, 54, 65, 73, 76, 79, 82, 83, 87]",80.53,0.5187601363658905,172.92348504066467,10.63,1175.4900000000016
108,"[14, 19, 24, 29, 31, 32, 34, 89, 97, 99]",80.75,0.5251325422525406,174.49255299568176,9.94,1185.4300000000017
109,"[2, 21, 36, 44, 46, 49, 63, 74, 85, 91]",81.68,0.5040763467550278,176.2375602722168,10.58,1196.0100000000016
110,"[3, 7, 16, 23, 45, 47, 72, 78, 81, 90]",80.51,0.52423299908638,177.88126134872437,11.71,1207.7200000000016
111,"[8, 18, 26, 39, 43, 58, 71, 86, 95, 98]",81.82,0.4967142334580421,179.52808356285095,11.13,1218.8500000000017
112,"[14, 19, 24, 29, 31, 32, 34, 89, 97, 99]",80.91,0.5172510483860969,181.1546549797058,9.94,1228.7900000000018
113,"[1, 5, 6, 10, 37, 38, 41, 66, 67, 93]",81.27,0.5067477068305015,182.5278718471527,11.19,1239.9800000000018
114,"[1, 5, 6, 10, 37, 38, 41, 66, 67, 93]",81.64,0.50143510222435,183.89267134666443,11.19,1251.170000000002
115,"[14, 19, 24, 29, 31, 32, 34, 89, 97, 99]",81.37,0.5086062318086624,185.59327626228333,9.94,1261.110000000002
116,"[2, 21, 36, 44, 46, 49, 63, 74, 85, 91]",82.04,0.4949817976355553,187.6336636543274,10.58,1271.6900000000019
117,"[12, 27, 35, 48, 59, 62, 68, 69, 77, 88]",80.5,0.5191801384091377,189.24397087097168,12.1,1283.7900000000018
118,"[4, 11, 25, 51, 52, 55, 56, 57, 64, 94]",81.61,0.4918282288312912,190.85046195983887,11.38,1295.170000000002
119,"[3, 7, 16, 23, 45, 47, 72, 78, 81, 90]",81.38,0.5056844791769981,192.56600093841556,11.71,1306.880000000002
120,"[4, 11, 25, 51, 52, 55, 56, 57, 64, 94]",82.08,0.4851153886318207,194.18204021453855,11.38,1318.260000000002
121,"[12, 27, 35, 48, 59, 62, 68, 69, 77, 88]",80.52,0.5138666427135468,195.974684715271,12.1,1330.360000000002
122,"[1, 5, 6, 10, 37, 38, 41, 66, 67, 93]",81.72,0.4952999964356422,197.4352831840515,11.19,1341.550000000002
123,"[12, 27, 35, 48, 59, 62, 68, 69, 77, 88]",81.13,0.5005208590626716,199.0414924621582,12.1,1353.650000000002
124,"[8, 18, 26, 39, 43, 58, 71, 86, 95, 98]",82.57,0.4800414553284645,200.7429819107056,11.13,1364.780000000002
125,"[0, 13, 15, 20, 22, 30, 40, 70, 80, 96]",81.58,0.4876430192589759,202.4264669418335,10.93,1375.710000000002
126,"[1, 5, 6, 10, 37, 38, 41, 66, 67, 93]",82.4,0.48177420347929,203.80593872070312,11.19,1386.9000000000021
127,"[33, 53, 54, 65, 73, 76, 79, 82, 83, 87]",81.7,0.4897382697463036,205.19912457466123,10.63,1397.5300000000022
128,"[9, 17, 28, 42, 50, 60, 61, 75, 84, 92]",82.26,0.4864503800868988,206.46768164634705,11.34,1408.8700000000022
129,"[1, 5, 6, 10, 37, 38, 41, 66, 67, 93]",82.41,0.4812878450751304,207.8750627040863,11.19,1420.0600000000022
130,"[1, 5, 6, 10, 37, 38, 41, 66, 67, 93]",81.97,0.491786196231842,209.2603907585144,11.19,1431.2500000000023
131,"[3, 7, 16, 23, 45, 47, 72, 78, 81, 90]",81.6,0.496505519747734,210.969491481781,11.71,1442.9600000000023
132,"[14, 19, 24, 29, 31, 32, 34, 89, 97, 99]",81.7,0.4972467312216759,212.5401723384857,9.94,1452.9000000000024
133,"[2, 21, 36, 44, 46, 49, 63, 74, 85, 91]",82.9,0.4721430224180221,214.35091543197632,10.58,1463.4800000000023
134,"[9, 17, 28, 42, 50, 60, 61, 75, 84, 92]",82.75,0.4739878317713737,215.66043543815613,11.34,1474.8200000000022
135,"[9, 17, 28, 42, 50, 60, 61, 75, 84, 92]",82.52,0.4772318416833878,216.99001455307007,11.34,1486.1600000000021
136,"[14, 19, 24, 29, 31, 32, 34, 89, 97, 99]",82.36,0.4880834496021271,218.5667862892151,9.94,1496.1000000000022
137,"[9, 17, 28, 42, 50, 60, 61, 75, 84, 92]",82.87,0.4734169492125511,219.9440770149231,11.34,1507.440000000002
138,"[33, 53, 54, 65, 73, 76, 79, 82, 83, 87]",82.0,0.4829046794772148,221.365984916687,10.63,1518.0700000000022
139,"[2, 21, 36, 44, 46, 49, 63, 74, 85, 91]",82.82,0.4737078580260276,223.12334775924683,10.58,1528.6500000000021
140,"[33, 53, 54, 65, 73, 76, 79, 82, 83, 87]",82.51,0.4783122530579567,224.51121306419373,10.63,1539.2800000000022
141,"[4, 11, 25, 51, 52, 55, 56, 57, 64, 94]",82.41,0.4703329399228096,226.10433626174927,11.38,1550.6600000000024
142,"[8, 18, 26, 39, 43, 58, 71, 86, 95, 98]",83.37,0.4650402000546455,227.7829146385193,11.13,1561.7900000000025
143,"[14, 19, 24, 29, 31, 32, 34, 89, 97, 99]",82.16,0.4867972140014172,229.3531391620636,9.94,1571.7300000000025
144,"[9, 17, 28, 42, 50, 60, 61, 75, 84, 92]",82.75,0.4702427050471305,230.5715484619141,11.34,1583.0700000000024
145,"[14, 19, 24, 29, 31, 32, 34, 89, 97, 99]",82.86,0.4743238806724548,232.1303379535675,9.94,1593.0100000000025
146,"[2, 21, 36, 44, 46, 49, 63, 74, 85, 91]",83.34,0.4641736209392547,233.8865547180176,10.58,1603.5900000000024
147,"[3, 7, 16, 23, 45, 47, 72, 78, 81, 90]",82.11,0.4871874532103538,235.63436222076416,11.71,1615.3000000000025
148,"[14, 19, 24, 29, 31, 32, 34, 89, 97, 99]",82.59,0.476879263818264,237.323410987854,9.94,1625.2400000000025
149,"[33, 53, 54, 65, 73, 76, 79, 82, 83, 87]",83.19,0.466052680015564,238.6818947792053,10.63,1635.8700000000026
150,"[12, 27, 35, 48, 59, 62, 68, 69, 77, 88]",82.67,0.4710553726553917,240.33780312538147,12.1,1647.9700000000025
151,"[8, 18, 26, 39, 43, 58, 71, 86, 95, 98]",83.46,0.456912530362606,242.0350768566132,11.13,1659.1000000000026
152,"[1, 5, 6, 10, 37, 38, 41, 66, 67, 93]",83.35,0.4595669451355934,243.44772362709045,11.19,1670.2900000000027
153,"[1, 5, 6, 10, 37, 38, 41, 66, 67, 93]",83.13,0.4625018617510795,244.92496967315677,11.19,1681.4800000000027
154,"[14, 19, 24, 29, 31, 32, 34, 89, 97, 99]",82.63,0.4784819850325584,246.51790595054624,9.94,1691.4200000000028
155,"[3, 7, 16, 23, 45, 47, 72, 78, 81, 90]",82.49,0.4803091514110565,248.28437542915344,11.71,1703.1300000000028
156,"[14, 19, 24, 29, 31, 32, 34, 89, 97, 99]",83.15,0.4695266413688659,249.9188380241394,9.94,1713.070000000003
157,"[3, 7, 16, 23, 45, 47, 72, 78, 81, 90]",82.81,0.4726984547078609,251.6891360282898,11.71,1724.780000000003
158,"[9, 17, 28, 42, 50, 60, 61, 75, 84, 92]",83.18,0.4591789937019348,252.94982719421387,11.34,1736.1200000000028
159,"[33, 53, 54, 65, 73, 76, 79, 82, 83, 87]",82.81,0.4655948173999786,254.36449480056763,10.63,1746.750000000003
160,"[8, 18, 26, 39, 43, 58, 71, 86, 95, 98]",83.89,0.4495964255928993,256.1756808757782,11.13,1757.880000000003
161,"[8, 18, 26, 39, 43, 58, 71, 86, 95, 98]",83.9,0.4509525698423385,257.9212248325348,11.13,1769.0100000000032
162,"[0, 13, 15, 20, 22, 30, 40, 70, 80, 96]",83.14,0.4567815461754799,259.6053261756897,10.93,1779.9400000000032
163,"[4, 11, 25, 51, 52, 55, 56, 57, 64, 94]",84.04,0.4428160697221756,261.1866581439972,11.38,1791.3200000000033
164,"[0, 13, 15, 20, 22, 30, 40, 70, 80, 96]",83.37,0.457831836938858,262.77301144599915,10.93,1802.2500000000034
165,"[3, 7, 16, 23, 45, 47, 72, 78, 81, 90]",83.36,0.4600943928956985,264.4842047691345,11.71,1813.9600000000034
166,"[8, 18, 26, 39, 43, 58, 71, 86, 95, 98]",84.33,0.4382535746693611,266.0906660556793,11.13,1825.0900000000036
167,"[12, 27, 35, 48, 59, 62, 68, 69, 77, 88]",82.83,0.4616002532839775,267.77925157547,12.1,1837.1900000000035
168,"[4, 11, 25, 51, 52, 55, 56, 57, 64, 94]",84.22,0.4369052278995514,269.16585969924927,11.38,1848.5700000000036
169,"[14, 19, 24, 29, 31, 32, 34, 89, 97, 99]",83.66,0.4532883906364441,270.84159564971924,9.94,1858.5100000000036
170,"[3, 7, 16, 23, 45, 47, 72, 78, 81, 90]",83.45,0.4592404505610466,272.6441307067871,11.71,1870.2200000000037
171,"[33, 53, 54, 65, 73, 76, 79, 82, 83, 87]",83.09,0.4582258796691894,274.00513315200806,10.63,1880.8500000000038
172,"[3, 7, 16, 23, 45, 47, 72, 78, 81, 90]",83.22,0.459695531129837,275.6990478038788,11.71,1892.5600000000038
173,"[0, 13, 15, 20, 22, 30, 40, 70, 80, 96]",83.31,0.4494449976086616,277.3765227794647,10.93,1903.4900000000039
174,"[0, 13, 15, 20, 22, 30, 40, 70, 80, 96]",83.41,0.4484346663951873,279.12866258621216,10.93,1914.420000000004
175,"[2, 21, 36, 44, 46, 49, 63, 74, 85, 91]",84.46,0.4353514903783798,281.06698751449585,10.58,1925.0000000000039
176,"[14, 19, 24, 29, 31, 32, 34, 89, 97, 99]",83.81,0.4467631778120994,282.6381754875183,9.94,1934.940000000004
177,"[1, 5, 6, 10, 37, 38, 41, 66, 67, 93]",84.24,0.4397984996438026,284.15491795539856,11.19,1946.130000000004
178,"[4, 11, 25, 51, 52, 55, 56, 57, 64, 94]",84.27,0.4343505868315697,285.6236975193024,11.38,1957.510000000004
179,"[3, 7, 16, 23, 45, 47, 72, 78, 81, 90]",84.04,0.4469262871146202,287.17768836021423,11.71,1969.2200000000041
180,"[2, 21, 36, 44, 46, 49, 63, 74, 85, 91]",84.7,0.4343375834822655,289.0020308494568,10.58,1979.800000000004
181,"[3, 7, 16, 23, 45, 47, 72, 78, 81, 90]",84.07,0.4457440009713173,290.6823604106903,11.71,1991.510000000004
182,"[0, 13, 15, 20, 22, 30, 40, 70, 80, 96]",83.94,0.4365193712711334,292.3795213699341,10.93,2002.4400000000041
183,"[33, 53, 54, 65, 73, 76, 79, 82, 83, 87]",83.99,0.4432489904761314,293.67070865631104,10.63,2013.0700000000043
184,"[4, 11, 25, 51, 52, 55, 56, 57, 64, 94]",84.2,0.4323245686292648,295.17548990249634,11.38,2024.4500000000044
185,"[2, 21, 36, 44, 46, 49, 63, 74, 85, 91]",85.0,0.4252766560018062,297.06130623817444,10.58,2035.0300000000043
186,"[14, 19, 24, 29, 31, 32, 34, 89, 97, 99]",83.71,0.4457603284716606,298.81865429878235,9.94,2044.9700000000043
187,"[0, 13, 15, 20, 22, 30, 40, 70, 80, 96]",84.31,0.4327494555711746,300.4899504184723,10.93,2055.900000000004
188,"[2, 21, 36, 44, 46, 49, 63, 74, 85, 91]",84.94,0.4246813566982746,302.2774796485901,10.58,2066.480000000004
189,"[12, 27, 35, 48, 59, 62, 68, 69, 77, 88]",84.09,0.4425216545164585,303.9972183704376,12.1,2078.580000000004
190,"[2, 21, 36, 44, 46, 49, 63, 74, 85, 91]",84.88,0.425758576542139,305.75006103515625,10.58,2089.160000000004
191,"[2, 21, 36, 44, 46, 49, 63, 74, 85, 91]",84.94,0.4267197504639625,307.592958688736,10.58,2099.740000000004
192,"[8, 18, 26, 39, 43, 58, 71, 86, 95, 98]",85.11,0.4233884158730507,309.1867518424988,11.13,2110.870000000004
193,"[8, 18, 26, 39, 43, 58, 71, 86, 95, 98]",85.18,0.4187949973344803,310.9112899303436,11.13,2122.000000000004
194,"[1, 5, 6, 10, 37, 38, 41, 66, 67, 93]",84.06,0.4368839502334595,312.2952563762665,11.19,2133.190000000004
195,"[1, 5, 6, 10, 37, 38, 41, 66, 67, 93]",84.8,0.4247087946534156,313.7385053634644,11.19,2144.380000000004
196,"[0, 13, 15, 20, 22, 30, 40, 70, 80, 96]",84.49,0.4262037214636802,315.5967056751251,10.93,2155.310000000004
197,"[8, 18, 26, 39, 43, 58, 71, 86, 95, 98]",85.24,0.4179556912183761,317.38901114463806,11.13,2166.440000000004
198,"[8, 18, 26, 39, 43, 58, 71, 86, 95, 98]",85.3,0.4171537682414055,319.06443548202515,11.13,2177.5700000000043
199,"[9, 17, 28, 42, 50, 60, 61, 75, 84, 92]",84.8,0.4239265215396881,320.35739159584045,11.34,2188.9100000000044
200,"[33, 53, 54, 65, 73, 76, 79, 82, 83, 87]",84.63,0.425124833881855,321.7315263748169,10.63,2199.5400000000045
201,"[1, 5, 6, 10, 37, 38, 41, 66, 67, 93]",84.15,0.4351025980710983,323.13582372665405,11.19,2210.7300000000046
202,"[9, 17, 28, 42, 50, 60, 61, 75, 84, 92]",84.44,0.4257156920433044,324.435364484787,11.34,2222.0700000000047
203,"[0, 13, 15, 20, 22, 30, 40, 70, 80, 96]",84.56,0.4211912557482719,326.2265589237213,10.93,2233.0000000000045
204,"[0, 13, 15, 20, 22, 30, 40, 70, 80, 96]",84.94,0.4203301367163658,327.88797426223755,10.93,2243.9300000000044
205,"[1, 5, 6, 10, 37, 38, 41, 66, 67, 93]",84.97,0.420320401340723,329.2826416492462,11.19,2255.1200000000044
206,"[2, 21, 36, 44, 46, 49, 63, 74, 85, 91]",85.29,0.4166562458872795,331.03229880332947,10.58,2265.7000000000044
207,"[14, 19, 24, 29, 31, 32, 34, 89, 97, 99]",84.43,0.4306596571207046,332.61005878448486,9.94,2275.6400000000044
208,"[33, 53, 54, 65, 73, 76, 79, 82, 83, 87]",85.01,0.4193497924506664,333.96970534324646,10.63,2286.2700000000045
209,"[14, 19, 24, 29, 31, 32, 34, 89, 97, 99]",84.59,0.4272599974274635,335.5912153720856,9.94,2296.2100000000046
210,"[8, 18, 26, 39, 43, 58, 71, 86, 95, 98]",85.15,0.4141829866170883,337.1777403354645,11.13,2307.3400000000047
211,"[4, 11, 25, 51, 52, 55, 56, 57, 64, 94]",84.59,0.4195089614391327,338.76870131492615,11.38,2318.720000000005
212,"[8, 18, 26, 39, 43, 58, 71, 86, 95, 98]",85.69,0.4086187323927879,340.4533188343048,11.13,2329.850000000005
213,"[2, 21, 36, 44, 46, 49, 63, 74, 85, 91]",85.59,0.4091307803988456,342.17300057411194,10.58,2340.430000000005
214,"[4, 11, 25, 51, 52, 55, 56, 57, 64, 94]",85.53,0.4095318861305713,343.6678273677826,11.38,2351.810000000005
215,"[3, 7, 16, 23, 45, 47, 72, 78, 81, 90]",84.29,0.4313572898507118,345.5889298915863,11.71,2363.520000000005
216,"[8, 18, 26, 39, 43, 58, 71, 86, 95, 98]",85.94,0.4049637153744697,347.3198642730713,11.13,2374.650000000005
217,"[0, 13, 15, 20, 22, 30, 40, 70, 80, 96]",84.75,0.4182395228743553,348.9931364059448,10.93,2385.580000000005
218,"[2, 21, 36, 44, 46, 49, 63, 74, 85, 91]",85.67,0.4056908483803272,350.7742681503296,10.58,2396.160000000005
219,"[9, 17, 28, 42, 50, 60, 61, 75, 84, 92]",85.41,0.411414810270071,352.07372188568115,11.34,2407.500000000005
220,"[33, 53, 54, 65, 73, 76, 79, 82, 83, 87]",85.13,0.4174326008558273,353.53037428855896,10.63,2418.130000000005
221,"[12, 27, 35, 48, 59, 62, 68, 69, 77, 88]",84.92,0.4206438878178596,355.1375513076782,12.1,2430.230000000005
222,"[1, 5, 6, 10, 37, 38, 41, 66, 67, 93]",85.43,0.4090300792455673,356.5577507019043,11.19,2441.420000000005
223,"[3, 7, 16, 23, 45, 47, 72, 78, 81, 90]",84.78,0.4208281263709068,358.31048464775085,11.71,2453.130000000005
224,"[8, 18, 26, 39, 43, 58, 71, 86, 95, 98]",86.03,0.4003090867400169,359.9629762172699,11.13,2464.260000000005
225,"[9, 17, 28, 42, 50, 60, 61, 75, 84, 92]",85.2,0.4119386327266693,361.3385715484619,11.34,2475.6000000000054
226,"[2, 21, 36, 44, 46, 49, 63, 74, 85, 91]",85.88,0.4014917086064815,363.0617241859436,10.58,2486.1800000000053
227,"[2, 21, 36, 44, 46, 49, 63, 74, 85, 91]",85.54,0.4085500484704971,364.8645958900452,10.58,2496.760000000005
228,"[3, 7, 16, 23, 45, 47, 72, 78, 81, 90]",85.0,0.4177659153938293,366.52170634269714,11.71,2508.4700000000053
229,"[2, 21, 36, 44, 46, 49, 63, 74, 85, 91]",85.66,0.403477968275547,368.18826484680176,10.58,2519.050000000005
230,"[9, 17, 28, 42, 50, 60, 61, 75, 84, 92]",85.75,0.4056091833114624,369.4695055484772,11.34,2530.3900000000053
231,"[14, 19, 24, 29, 31, 32, 34, 89, 97, 99]",84.78,0.421949321180582,371.220828294754,9.94,2540.3300000000054
232,"[9, 17, 28, 42, 50, 60, 61, 75, 84, 92]",85.52,0.4116074511408806,372.5615510940552,11.34,2551.6700000000055
233,"[4, 11, 25, 51, 52, 55, 56, 57, 64, 94]",85.78,0.4021838246285915,374.0448369979858,11.38,2563.0500000000056
234,"[2, 21, 36, 44, 46, 49, 63, 74, 85, 91]",85.89,0.4004116685688496,375.8154311180115,10.58,2573.6300000000056
235,"[0, 13, 15, 20, 22, 30, 40, 70, 80, 96]",85.24,0.4107942016422748,377.55734872817993,10.93,2584.5600000000054
236,"[14, 19, 24, 29, 31, 32, 34, 89, 97, 99]",84.95,0.4158195561170578,379.1126973628998,9.94,2594.5000000000055
237,"[2, 21, 36, 44, 46, 49, 63, 74, 85, 91]",85.87,0.3995258064568043,380.85248708724976,10.58,2605.0800000000054
238,"[1, 5, 6, 10, 37, 38, 41, 66, 67, 93]",84.79,0.420228803306818,382.2095720767975,11.19,2616.2700000000054
239,"[1, 5, 6, 10, 37, 38, 41, 66, 67, 93]",84.99,0.4135998976230621,383.5604536533356,11.19,2627.4600000000055
240,"[14, 19, 24, 29, 31, 32, 34, 89, 97, 99]",84.82,0.4178292413055897,385.08147406578064,9.94,2637.4000000000055
241,"[12, 27, 35, 48, 59, 62, 68, 69, 77, 88]",84.8,0.4175367243587971,386.8136348724365,12.1,2649.5000000000055
242,"[1, 5, 6, 10, 37, 38, 41, 66, 67, 93]",85.09,0.4093983046710491,388.19463634490967,11.19,2660.6900000000055
243,"[12, 27, 35, 48, 59, 62, 68, 69, 77, 88]",84.87,0.4179684466123581,389.8510687351227,12.1,2672.7900000000054
244,"[1, 5, 6, 10, 37, 38, 41, 66, 67, 93]",85.19,0.4057415592670441,391.2046480178833,11.19,2683.9800000000055
245,"[1, 5, 6, 10, 37, 38, 41, 66, 67, 93]",84.91,0.4124226659536362,392.6967952251434,11.19,2695.1700000000055
246,"[3, 7, 16, 23, 45, 47, 72, 78, 81, 90]",85.05,0.4138670699298382,394.5815353393554,11.71,2706.8800000000056
247,"[12, 27, 35, 48, 59, 62, 68, 69, 77, 88]",85.28,0.4090781070291996,396.2811908721924,12.1,2718.9800000000055
248,"[2, 21, 36, 44, 46, 49, 63, 74, 85, 91]",85.92,0.3974041324853897,398.2094964981079,10.58,2729.5600000000054
249,"[8, 18, 26, 39, 43, 58, 71, 86, 95, 98]",86.1,0.391967756152153,400.04504346847534,11.13,2740.6900000000055
250,"[1, 5, 6, 10, 37, 38, 41, 66, 67, 93]",85.48,0.403116180896759,401.430520772934,11.19,2751.8800000000056
251,"[2, 21, 36, 44, 46, 49, 63, 74, 85, 91]",85.91,0.3953036731481552,403.2086477279663,10.58,2762.4600000000055
252,"[14, 19, 24, 29, 31, 32, 34, 89, 97, 99]",84.94,0.4126444771885872,404.738080739975,9.94,2772.4000000000055
253,"[2, 21, 36, 44, 46, 49, 63, 74, 85, 91]",86.13,0.3942479334771633,406.60490584373474,10.58,2782.9800000000055
254,"[33, 53, 54, 65, 73, 76, 79, 82, 83, 87]",85.68,0.4042277659475803,408.0288469791413,10.63,2793.6100000000056
255,"[14, 19, 24, 29, 31, 32, 34, 89, 97, 99]",85.03,0.4098868519067764,409.5142755508423,9.94,2803.5500000000056
256,"[2, 21, 36, 44, 46, 49, 63, 74, 85, 91]",85.91,0.3976529467105865,411.29660820961,10.58,2814.1300000000056
257,"[3, 7, 16, 23, 45, 47, 72, 78, 81, 90]",85.43,0.4067032235860824,412.9781382083893,11.71,2825.8400000000056
258,"[14, 19, 24, 29, 31, 32, 34, 89, 97, 99]",85.25,0.4085803665220737,414.4721541404724,9.94,2835.7800000000057
259,"[33, 53, 54, 65, 73, 76, 79, 82, 83, 87]",85.73,0.4015568350255489,415.8546283245087,10.63,2846.4100000000058
260,"[4, 11, 25, 51, 52, 55, 56, 57, 64, 94]",86.3,0.3869148766994476,417.4615204334259,11.38,2857.790000000006
261,"[4, 11, 25, 51, 52, 55, 56, 57, 64, 94]",86.04,0.3909177063405514,418.9365956783295,11.38,2869.170000000006
262,"[9, 17, 28, 42, 50, 60, 61, 75, 84, 92]",86.1,0.39370873644948,420.2167937755585,11.34,2880.510000000006
263,"[0, 13, 15, 20, 22, 30, 40, 70, 80, 96]",85.88,0.3934023660421371,421.9869892597199,10.93,2891.440000000006
264,"[9, 17, 28, 42, 50, 60, 61, 75, 84, 92]",86.11,0.39489163659513,423.2546117305756,11.34,2902.780000000006
265,"[0, 13, 15, 20, 22, 30, 40, 70, 80, 96]",85.98,0.3948947462439537,425.080043554306,10.93,2913.710000000006
266,"[8, 18, 26, 39, 43, 58, 71, 86, 95, 98]",86.4,0.3874671962857246,426.750878572464,11.13,2924.840000000006
267,"[4, 11, 25, 51, 52, 55, 56, 57, 64, 94]",85.81,0.3925339610874653,428.23788475990295,11.38,2936.220000000006
268,"[1, 5, 6, 10, 37, 38, 41, 66, 67, 93]",85.83,0.3939552350342273,429.6507592201233,11.19,2947.410000000006
269,"[2, 21, 36, 44, 46, 49, 63, 74, 85, 91]",86.36,0.3862199236452579,431.5181725025177,10.58,2957.990000000006
270,"[8, 18, 26, 39, 43, 58, 71, 86, 95, 98]",86.37,0.38595378652215,433.2497465610504,11.13,2969.1200000000063
271,"[0, 13, 15, 20, 22, 30, 40, 70, 80, 96]",86.14,0.3907530553638935,434.9648623466492,10.93,2980.050000000006
272,"[4, 11, 25, 51, 52, 55, 56, 57, 64, 94]",85.91,0.3925297680497169,436.4491202831268,11.38,2991.430000000006
273,"[12, 27, 35, 48, 59, 62, 68, 69, 77, 88]",85.75,0.3942794652283192,438.1470854282379,12.1,3003.530000000006
274,"[9, 17, 28, 42, 50, 60, 61, 75, 84, 92]",86.32,0.3880544170737267,439.5493397712708,11.34,3014.8700000000063
275,"[4, 11, 25, 51, 52, 55, 56, 57, 64, 94]",86.08,0.3871741946041584,441.1549632549286,11.38,3026.2500000000064
276,"[0, 13, 15, 20, 22, 30, 40, 70, 80, 96]",86.04,0.3880994312465191,442.8969721794128,10.93,3037.180000000006
277,"[4, 11, 25, 51, 52, 55, 56, 57, 64, 94]",86.03,0.3894536419212818,444.3854923248291,11.38,3048.5600000000063
278,"[12, 27, 35, 48, 59, 62, 68, 69, 77, 88]",85.51,0.3964868985116482,446.0798063278198,12.1,3060.660000000006
279,"[8, 18, 26, 39, 43, 58, 71, 86, 95, 98]",86.64,0.3786680144071579,447.74928617477417,11.13,3071.7900000000063
280,"[2, 21, 36, 44, 46, 49, 63, 74, 85, 91]",86.4,0.3819055059552192,449.5318441390991,10.58,3082.3700000000063
281,"[33, 53, 54, 65, 73, 76, 79, 82, 83, 87]",86.32,0.3871650311350822,450.9937434196472,10.63,3093.0000000000064
282,"[4, 11, 25, 51, 52, 55, 56, 57, 64, 94]",86.34,0.3820725539326667,452.4021737575531,11.38,3104.3800000000065
283,"[4, 11, 25, 51, 52, 55, 56, 57, 64, 94]",86.71,0.3776179970800876,453.9134809970856,11.38,3115.7600000000066
284,"[14, 19, 24, 29, 31, 32, 34, 89, 97, 99]",85.75,0.3929270705580711,455.4651868343353,9.94,3125.7000000000066
285,"[1, 5, 6, 10, 37, 38, 41, 66, 67, 93]",85.8,0.3939693590998649,456.77085757255554,11.19,3136.8900000000067
286,"[33, 53, 54, 65, 73, 76, 79, 82, 83, 87]",86.2,0.3875479793548584,458.1117935180664,10.63,3147.520000000007
287,"[14, 19, 24, 29, 31, 32, 34, 89, 97, 99]",85.62,0.3988103684782982,459.7214734554291,9.94,3157.460000000007
288,"[0, 13, 15, 20, 22, 30, 40, 70, 80, 96]",86.43,0.3810662202537059,461.3143000602722,10.93,3168.3900000000067
289,"[2, 21, 36, 44, 46, 49, 63, 74, 85, 91]",86.64,0.3793597650527954,463.06371331214905,10.58,3178.9700000000066
290,"[0, 13, 15, 20, 22, 30, 40, 70, 80, 96]",85.86,0.3916513524949551,464.7720763683319,10.93,3189.9000000000065
291,"[2, 21, 36, 44, 46, 49, 63, 74, 85, 91]",86.6,0.3822482657432556,466.62994384765625,10.58,3200.4800000000064
292,"[14, 19, 24, 29, 31, 32, 34, 89, 97, 99]",85.9,0.3979337176680564,468.1610105037689,9.94,3210.4200000000064
293,"[2, 21, 36, 44, 46, 49, 63, 74, 85, 91]",86.55,0.3817215947806835,469.873361825943,10.58,3221.0000000000064
294,"[8, 18, 26, 39, 43, 58, 71, 86, 95, 98]",86.78,0.3739374755322933,471.5546579360962,11.13,3232.1300000000065
295,"[3, 7, 16, 23, 45, 47, 72, 78, 81, 90]",85.98,0.3919659288227558,473.316855430603,11.71,3243.8400000000065
296,"[14, 19, 24, 29, 31, 32, 34, 89, 97, 99]",85.83,0.3936169652640819,474.94979429245,9.94,3253.7800000000066
297,"[3, 7, 16, 23, 45, 47, 72, 78, 81, 90]",85.75,0.3938594849407673,476.7040758132935,11.71,3265.4900000000066
298,"[14, 19, 24, 29, 31, 32, 34, 89, 97, 99]",86.05,0.3887694907188415,478.2316429615021,9.94,3275.4300000000067
299,"[8, 18, 26, 39, 43, 58, 71, 86, 95, 98]",86.89,0.3716023568809032,479.9266176223755,11.13,3286.5600000000068
300,"[4, 11, 25, 51, 52, 55, 56, 57, 64, 94]",86.74,0.3760740388929844,481.4171350002289,11.38,3297.940000000007
301,"[2, 21, 36, 44, 46, 49, 63, 74, 85, 91]",86.77,0.3773834517598152,483.18283700942993,10.58,3308.520000000007
302,"[2, 21, 36, 44, 46, 49, 63, 74, 85, 91]",86.48,0.3843111969530582,484.8659708499909,10.58,3319.1000000000067
303,"[8, 18, 26, 39, 43, 58, 71, 86, 95, 98]",86.94,0.3720928482711315,486.5935463905335,11.13,3330.230000000007
304,"[9, 17, 28, 42, 50, 60, 61, 75, 84, 92]",86.53,0.3822416597604751,487.9123525619507,11.34,3341.570000000007
305,"[9, 17, 28, 42, 50, 60, 61, 75, 84, 92]",86.53,0.3823205474019051,489.19294595718384,11.34,3352.910000000007
306,"[33, 53, 54, 65, 73, 76, 79, 82, 83, 87]",86.55,0.3798288306593895,490.70511984825134,10.63,3363.5400000000072
307,"[33, 53, 54, 65, 73, 76, 79, 82, 83, 87]",86.4,0.3830586236715316,492.06160140037537,10.63,3374.1700000000073
308,"[33, 53, 54, 65, 73, 76, 79, 82, 83, 87]",86.24,0.3839796088635921,493.49337553977966,10.63,3384.8000000000075
309,"[4, 11, 25, 51, 52, 55, 56, 57, 64, 94]",86.91,0.3698491026461124,495.15421175956726,11.38,3396.1800000000076
310,"[14, 19, 24, 29, 31, 32, 34, 89, 97, 99]",85.43,0.3987000302970409,496.8555872440338,9.94,3406.1200000000076
311,"[33, 53, 54, 65, 73, 76, 79, 82, 83, 87]",86.52,0.380746953189373,498.6953604221344,10.63,3416.7500000000077
312,"[12, 27, 35, 48, 59, 62, 68, 69, 77, 88]",86.37,0.3833420425653457,500.5011744499207,12.1,3428.8500000000076
313,"[4, 11, 25, 51, 52, 55, 56, 57, 64, 94]",86.77,0.3725262796878815,502.06257581710815,11.38,3440.2300000000077
314,"[1, 5, 6, 10, 37, 38, 41, 66, 67, 93]",86.12,0.3835128486156464,503.5069417953491,11.19,3451.420000000008
315,"[8, 18, 26, 39, 43, 58, 71, 86, 95, 98]",86.92,0.3704313522577285,505.1972725391388,11.13,3462.550000000008
316,"[1, 5, 6, 10, 37, 38, 41, 66, 67, 93]",86.05,0.385374076962471,506.6173870563507,11.19,3473.740000000008
317,"[12, 27, 35, 48, 59, 62, 68, 69, 77, 88]",86.24,0.3839702723920345,508.2762913703919,12.1,3485.840000000008
318,"[9, 17, 28, 42, 50, 60, 61, 75, 84, 92]",86.63,0.376602042466402,509.6102252006531,11.34,3497.180000000008
319,"[2, 21, 36, 44, 46, 49, 63, 74, 85, 91]",86.73,0.3738852967321873,511.2700493335724,10.58,3507.760000000008
320,"[14, 19, 24, 29, 31, 32, 34, 89, 97, 99]",85.63,0.3970652587711811,512.849805355072,9.94,3517.700000000008
321,"[12, 27, 35, 48, 59, 62, 68, 69, 77, 88]",86.35,0.3801727847754955,514.5269882678986,12.1,3529.800000000008
322,"[12, 27, 35, 48, 59, 62, 68, 69, 77, 88]",86.26,0.3846655538678169,516.1894056797028,12.1,3541.900000000008
323,"[4, 11, 25, 51, 52, 55, 56, 57, 64, 94]",86.75,0.3708469662070274,517.6758978366852,11.38,3553.280000000008
324,"[12, 27, 35, 48, 59, 62, 68, 69, 77, 88]",86.4,0.38160968542099,519.2664642333984,12.1,3565.380000000008
325,"[3, 7, 16, 23, 45, 47, 72, 78, 81, 90]",86.41,0.3803060992062091,520.9585280418396,11.71,3577.090000000008
326,"[33, 53, 54, 65, 73, 76, 79, 82, 83, 87]",86.72,0.3711329835653305,522.2158453464508,10.63,3587.720000000008
327,"[33, 53, 54, 65, 73, 76, 79, 82, 83, 87]",86.45,0.3790502317249775,523.7036695480347,10.63,3598.350000000008
328,"[9, 17, 28, 42, 50, 60, 61, 75, 84, 92]",86.91,0.3684960326552391,524.9902818202972,11.34,3609.6900000000082
329,"[8, 18, 26, 39, 43, 58, 71, 86, 95, 98]",86.93,0.3639961916208267,526.6869122982025,11.13,3620.8200000000083
330,"[1, 5, 6, 10, 37, 38, 41, 66, 67, 93]",86.03,0.3837421189248562,528.0981709957123,11.19,3632.0100000000084
331,"[14, 19, 24, 29, 31, 32, 34, 89, 97, 99]",86.18,0.3834373597800731,529.7975499629974,9.94,3641.9500000000085
332,"[4, 11, 25, 51, 52, 55, 56, 57, 64, 94]",87.08,0.3639787799119949,531.2624962329865,11.38,3653.3300000000086
333,"[2, 21, 36, 44, 46, 49, 63, 74, 85, 91]",87.06,0.3637416937947273,533.0210049152374,10.58,3663.9100000000085
334,"[12, 27, 35, 48, 59, 62, 68, 69, 77, 88]",86.61,0.3775421598553657,534.5166289806366,12.1,3676.0100000000084
335,"[0, 13, 15, 20, 22, 30, 40, 70, 80, 96]",86.85,0.3727177114784717,536.1804480552673,10.93,3686.9400000000082
336,"[2, 21, 36, 44, 46, 49, 63, 74, 85, 91]",87.03,0.3669206430017948,537.9908790588379,10.58,3697.520000000008
337,"[2, 21, 36, 44, 46, 49, 63, 74, 85, 91]",87.12,0.365091944783926,539.7712450027466,10.58,3708.100000000008
338,"[9, 17, 28, 42, 50, 60, 61, 75, 84, 92]",86.73,0.3757054890692234,540.9763090610504,11.34,3719.4400000000082
339,"[1, 5, 6, 10, 37, 38, 41, 66, 67, 93]",85.85,0.3850561057031154,542.4388182163239,11.19,3730.6300000000083
340,"[4, 11, 25, 51, 52, 55, 56, 57, 64, 94]",86.95,0.3663889393210411,544.1029784679413,11.38,3742.0100000000084
341,"[1, 5, 6, 10, 37, 38, 41, 66, 67, 93]",86.64,0.3703911224007606,545.5587015151978,11.19,3753.2000000000085
342,"[12, 27, 35, 48, 59, 62, 68, 69, 77, 88]",86.54,0.374113734215498,547.1394073963165,12.1,3765.3000000000084
343,"[8, 18, 26, 39, 43, 58, 71, 86, 95, 98]",87.15,0.359799927920103,548.6360120773315,11.13,3776.4300000000085
344,"[2, 21, 36, 44, 46, 49, 63, 74, 85, 91]",86.95,0.3676771003007889,550.521283864975,10.58,3787.0100000000084
345,"[1, 5, 6, 10, 37, 38, 41, 66, 67, 93]",86.26,0.3776077078282833,551.8114984035492,11.19,3798.2000000000085
346,"[3, 7, 16, 23, 45, 47, 72, 78, 81, 90]",86.54,0.3740051893889904,553.4849951267242,11.71,3809.9100000000085
347,"[12, 27, 35, 48, 59, 62, 68, 69, 77, 88]",86.66,0.3747421069443226,555.1558330059052,12.1,3822.0100000000084
348,"[9, 17, 28, 42, 50, 60, 61, 75, 84, 92]",87.06,0.3640753468871117,556.496604681015,11.34,3833.3500000000085
349,"[1, 5, 6, 10, 37, 38, 41, 66, 67, 93]",86.28,0.3756800079345703,557.9432497024536,11.19,3844.5400000000086
350,"[14, 19, 24, 29, 31, 32, 34, 89, 97, 99]",85.7,0.3914067611098289,559.551323890686,9.94,3854.4800000000087
351,"[8, 18, 26, 39, 43, 58, 71, 86, 95, 98]",87.21,0.3569239212572574,561.3103942871094,11.13,3865.6100000000088
352,"[3, 7, 16, 23, 45, 47, 72, 78, 81, 90]",86.52,0.3723623313009739,562.9877290725708,11.71,3877.320000000009
353,"[1, 5, 6, 10, 37, 38, 41, 66, 67, 93]",86.77,0.3690050101280212,564.3746652603149,11.19,3888.510000000009
354,"[0, 13, 15, 20, 22, 30, 40, 70, 80, 96]",86.51,0.3750751459598541,566.0596866607666,10.93,3899.4400000000087
355,"[1, 5, 6, 10, 37, 38, 41, 66, 67, 93]",86.78,0.367616276293993,567.4489312171936,11.19,3910.6300000000087
356,"[3, 7, 16, 23, 45, 47, 72, 78, 81, 90]",86.59,0.3743223933875561,569.1678476333618,11.71,3922.340000000009
357,"[12, 27, 35, 48, 59, 62, 68, 69, 77, 88]",86.8,0.3675995476543903,570.8376576900482,12.1,3934.4400000000087
358,"[0, 13, 15, 20, 22, 30, 40, 70, 80, 96]",86.98,0.3671957065165043,572.5215458869934,10.93,3945.3700000000085
359,"[12, 27, 35, 48, 59, 62, 68, 69, 77, 88]",86.62,0.3725980567932129,574.2007811069489,12.1,3957.4700000000084
360,"[33, 53, 54, 65, 73, 76, 79, 82, 83, 87]",87.05,0.3667314076423645,575.5960032939911,10.63,3968.1000000000085
361,"[0, 13, 15, 20, 22, 30, 40, 70, 80, 96]",87.01,0.3626037167012692,577.2645928859711,10.93,3979.0300000000084
362,"[12, 27, 35, 48, 59, 62, 68, 69, 77, 88]",86.63,0.37085298538208,578.9859726428986,12.1,3991.1300000000083
363,"[14, 19, 24, 29, 31, 32, 34, 89, 97, 99]",86.6,0.3732573565840721,580.6865937709808,9.94,4001.0700000000083
364,"[14, 19, 24, 29, 31, 32, 34, 89, 97, 99]",86.63,0.3736926163733005,582.2518131732941,9.94,4011.0100000000084
365,"[0, 13, 15, 20, 22, 30, 40, 70, 80, 96]",86.88,0.3664339776337146,583.9304282665253,10.93,4021.9400000000082
366,"[9, 17, 28, 42, 50, 60, 61, 75, 84, 92]",87.32,0.3584190064668655,585.1831061840057,11.34,4033.2800000000084
367,"[14, 19, 24, 29, 31, 32, 34, 89, 97, 99]",86.6,0.3732466976344585,586.7454104423523,9.94,4043.2200000000084
368,"[14, 19, 24, 29, 31, 32, 34, 89, 97, 99]",86.51,0.3762794564664364,588.3397545814514,9.94,4053.1600000000085
369,"[4, 11, 25, 51, 52, 55, 56, 57, 64, 94]",87.39,0.3551739011704922,589.932685136795,11.38,4064.5400000000086
370,"[9, 17, 28, 42, 50, 60, 61, 75, 84, 92]",86.88,0.3667086689174175,591.3512737751007,11.34,4075.8800000000087
371,"[1, 5, 6, 10, 37, 38, 41, 66, 67, 93]",86.74,0.3660299505293369,592.6313219070435,11.19,4087.070000000009
372,"[12, 27, 35, 48, 59, 62, 68, 69, 77, 88]",86.52,0.3698315894603729,594.1253485679626,12.1,4099.170000000009
373,"[9, 17, 28, 42, 50, 60, 61, 75, 84, 92]",87.11,0.3590840771794319,595.3597283363342,11.34,4110.510000000009
374,"[8, 18, 26, 39, 43, 58, 71, 86, 95, 98]",87.53,0.3521116054058075,596.864494562149,11.13,4121.640000000009
375,"[0, 13, 15, 20, 22, 30, 40, 70, 80, 96]",86.83,0.3644556578993797,598.3601405620575,10.93,4132.57000000001
376,"[14, 19, 24, 29, 31, 32, 34, 89, 97, 99]",86.38,0.3790035988390445,599.9023406505585,9.94,4142.510000000009
377,"[2, 21, 36, 44, 46, 49, 63, 74, 85, 91]",87.17,0.3621881166100502,601.5085949897766,10.58,4153.090000000009
378,"[8, 18, 26, 39, 43, 58, 71, 86, 95, 98]",87.45,0.3504806996881962,603.1977035999298,11.13,4164.220000000009
379,"[3, 7, 16, 23, 45, 47, 72, 78, 81, 90]",86.95,0.3637700028717517,604.8178565502167,11.71,4175.930000000009
380,"[1, 5, 6, 10, 37, 38, 41, 66, 67, 93]",86.98,0.3600775574147701,606.185142993927,11.19,4187.120000000009
381,"[0, 13, 15, 20, 22, 30, 40, 70, 80, 96]",87.03,0.3623070776462554,607.8582582473755,10.93,4198.050000000009
382,"[9, 17, 28, 42, 50, 60, 61, 75, 84, 92]",87.05,0.3669240838289261,609.1311454772949,11.34,4209.390000000009
383,"[0, 13, 15, 20, 22, 30, 40, 70, 80, 96]",87.13,0.3607589848339557,610.7997438907623,10.93,4220.32000000001
384,"[8, 18, 26, 39, 43, 58, 71, 86, 95, 98]",87.49,0.3487789852917194,612.5174813270569,11.13,4231.45000000001
387,"[9, 17, 28, 42, 50, 60, 61, 75, 84, 92]",87.33,0.3586389324069023,617.3086330890656,11.34,4242.79000000001
388,"[2, 21, 36, 44, 46, 49, 63, 74, 85, 91]",87.56,0.3524389459192752,619.1615891456604,10.58,4253.37000000001
389,"[1, 5, 6, 10, 37, 38, 41, 66, 67, 93]",86.96,0.361310374289751,620.5862364768982,11.19,4264.5600000000095
390,"[3, 7, 16, 23, 45, 47, 72, 78, 81, 90]",87.16,0.3607962729036808,622.3273096084595,11.71,4276.2700000000095
391,"[3, 7, 16, 23, 45, 47, 72, 78, 81, 90]",86.75,0.3653909647464752,624.1394617557526,11.71,4287.98000000001
392,"[3, 7, 16, 23, 45, 47, 72, 78, 81, 90]",86.87,0.3675746229290962,625.8327445983887,11.71,4299.69000000001
393,"[9, 17, 28, 42, 50, 60, 61, 75, 84, 92]",87.21,0.3578819784522056,627.1236143112183,11.34,4311.03000000001
394,"[9, 17, 28, 42, 50, 60, 61, 75, 84, 92]",87.39,0.3575152984261512,628.3859755992889,11.34,4322.37000000001
395,"[12, 27, 35, 48, 59, 62, 68, 69, 77, 88]",86.62,0.3680930492281913,630.0564684867859,12.1,4334.47000000001
396,"[8, 18, 26, 39, 43, 58, 71, 86, 95, 98]",87.76,0.346354454010725,631.6675846576691,11.13,4345.60000000001
397,"[8, 18, 26, 39, 43, 58, 71, 86, 95, 98]",87.28,0.3512277293205261,633.3360216617584,11.13,4356.7300000000105
398,"[12, 27, 35, 48, 59, 62, 68, 69, 77, 88]",87.11,0.3628794655203819,634.9015076160431,12.1,4368.830000000011
399,"[9, 17, 28, 42, 50, 60, 61, 75, 84, 92]",87.23,0.3588219247758388,636.0912566184998,11.34,4380.170000000011
400,"[4, 11, 25, 51, 52, 55, 56, 57, 64, 94]",87.65,0.3479914896190166,637.6090655326843,11.38,4391.550000000011
401,"[9, 17, 28, 42, 50, 60, 61, 75, 84, 92]",87.01,0.3590280167758465,638.673602104187,11.34,4402.890000000011
402,"[14, 19, 24, 29, 31, 32, 34, 89, 97, 99]",86.95,0.3618432952463626,640.1444728374481,9.94,4412.830000000011
403,"[9, 17, 28, 42, 50, 60, 61, 75, 84, 92]",87.36,0.3548764264583587,641.3449928760529,11.34,4424.170000000011
404,"[0, 13, 15, 20, 22, 30, 40, 70, 80, 96]",87.38,0.3520677950978279,642.9336440563202,10.93,4435.100000000011
405,"[8, 18, 26, 39, 43, 58, 71, 86, 95, 98]",87.73,0.3444459110498428,644.5257346630096,11.13,4446.230000000011
406,"[3, 7, 16, 23, 45, 47, 72, 78, 81, 90]",86.8,0.3658690577745437,646.2116956710815,11.71,4457.940000000011
407,"[12, 27, 35, 48, 59, 62, 68, 69, 77, 88]",87.17,0.3567044991254806,647.7848672866821,12.1,4470.040000000012
408,"[3, 7, 16, 23, 45, 47, 72, 78, 81, 90]",87.39,0.3556337417662144,649.4615981578827,11.71,4481.750000000012
409,"[4, 11, 25, 51, 52, 55, 56, 57, 64, 94]",87.66,0.3462291111052036,650.9542329311371,11.38,4493.130000000012
410,"[12, 27, 35, 48, 59, 62, 68, 69, 77, 88]",87.29,0.3565415544807911,652.6400828361511,12.1,4505.230000000012
411,"[12, 27, 35, 48, 59, 62, 68, 69, 77, 88]",87.3,0.3552172149717807,654.1850185394287,12.1,4517.330000000013
412,"[33, 53, 54, 65, 73, 76, 79, 82, 83, 87]",87.55,0.3515634360909462,655.6503617763519,10.63,4527.960000000013
413,"[14, 19, 24, 29, 31, 32, 34, 89, 97, 99]",86.43,0.369537497907877,656.999666929245,9.94,4537.900000000012
414,"[33, 53, 54, 65, 73, 76, 79, 82, 83, 87]",87.55,0.3527268776297569,658.5113360881805,10.63,4548.5300000000125
415,"[12, 27, 35, 48, 59, 62, 68, 69, 77, 88]",87.1,0.35900843963027,660.1749699115753,12.1,4560.630000000013
416,"[4, 11, 25, 51, 52, 55, 56, 57, 64, 94]",87.57,0.3474656769633293,661.6671142578125,11.38,4572.010000000013
417,"[1, 5, 6, 10, 37, 38, 41, 66, 67, 93]",87.16,0.3503698758780956,663.0340280532837,11.19,4583.200000000013
418,"[14, 19, 24, 29, 31, 32, 34, 89, 97, 99]",86.92,0.3599733988940716,664.5915508270264,9.94,4593.140000000012
419,"[33, 53, 54, 65, 73, 76, 79, 82, 83, 87]",87.55,0.3565686038136482,665.9796204566956,10.63,4603.770000000012
420,"[4, 11, 25, 51, 52, 55, 56, 57, 64, 94]",87.74,0.3441713178157806,667.407035112381,11.38,4615.150000000012
421,"[0, 13, 15, 20, 22, 30, 40, 70, 80, 96]",87.1,0.3548619110882282,669.0552318096161,10.93,4626.080000000013
422,"[1, 5, 6, 10, 37, 38, 41, 66, 67, 93]",87.32,0.3486392112076282,670.278466463089,11.19,4637.270000000012
423,"[0, 13, 15, 20, 22, 30, 40, 70, 80, 96]",87.26,0.3541995587944984,671.7754578590393,10.93,4648.200000000013
424,"[33, 53, 54, 65, 73, 76, 79, 82, 83, 87]",87.42,0.3573057016730308,672.9302845001221,10.63,4658.830000000013
425,"[12, 27, 35, 48, 59, 62, 68, 69, 77, 88]",87.23,0.3513026241958141,674.2079944610596,12.1,4670.930000000013
426,"[0, 13, 15, 20, 22, 30, 40, 70, 80, 96]",87.43,0.3482342272996902,675.7228472232819,10.93,4681.860000000013
427,"[1, 5, 6, 10, 37, 38, 41, 66, 67, 93]",87.35,0.3486879649758339,676.8543620109558,11.19,4693.050000000013
428,"[8, 18, 26, 39, 43, 58, 71, 86, 95, 98]",87.55,0.3412709240615368,678.3041625022888,11.13,4704.180000000013
429,"[12, 27, 35, 48, 59, 62, 68, 69, 77, 88]",87.15,0.3541434936225414,679.5640668869019,12.1,4716.280000000013
430,"[9, 17, 28, 42, 50, 60, 61, 75, 84, 92]",87.74,0.3460524614155292,680.6363446712494,11.34,4727.6200000000135
431,"[3, 7, 16, 23, 45, 47, 72, 78, 81, 90]",87.35,0.3559441824257374,682.0445206165314,11.71,4739.330000000014
432,"[0, 13, 15, 20, 22, 30, 40, 70, 80, 96]",87.63,0.3425002163648605,683.5188558101654,10.93,4750.260000000014
433,"[14, 19, 24, 29, 31, 32, 34, 89, 97, 99]",87.3,0.3554893173277378,684.8029794692993,9.94,4760.2000000000135
434,"[14, 19, 24, 29, 31, 32, 34, 89, 97, 99]",87.24,0.3564935535192489,686.1118023395538,9.94,4770.140000000013
435,"[14, 19, 24, 29, 31, 32, 34, 89, 97, 99]",86.86,0.3631876184046268,687.4842567443848,9.94,4780.080000000013
436,"[3, 7, 16, 23, 45, 47, 72, 78, 81, 90]",87.29,0.3532190649211407,688.8140876293182,11.71,4791.790000000013
437,"[8, 18, 26, 39, 43, 58, 71, 86, 95, 98]",87.89,0.3363482002913951,690.087968826294,11.13,4802.920000000013
438,"[8, 18, 26, 39, 43, 58, 71, 86, 95, 98]",87.79,0.3400464171171188,691.4756116867065,11.13,4814.050000000013
439,"[12, 27, 35, 48, 59, 62, 68, 69, 77, 88]",87.71,0.3429557088017463,692.9487969875336,12.1,4826.150000000013
440,"[2, 21, 36, 44, 46, 49, 63, 74, 85, 91]",87.89,0.3401710590720176,694.4780633449554,10.58,4836.730000000013
441,"[3, 7, 16, 23, 45, 47, 72, 78, 81, 90]",87.64,0.3489137780666351,695.8642783164978,11.71,4848.440000000013
442,"[9, 17, 28, 42, 50, 60, 61, 75, 84, 92]",87.83,0.3457426711916923,696.8190321922302,11.34,4859.780000000013
443,"[3, 7, 16, 23, 45, 47, 72, 78, 81, 90]",87.55,0.3488099494576454,698.2897083759308,11.71,4871.490000000013
444,"[8, 18, 26, 39, 43, 58, 71, 86, 95, 98]",88.07,0.3349564541876316,699.7583389282227,11.13,4882.6200000000135
445,"[4, 11, 25, 51, 52, 55, 56, 57, 64, 94]",87.81,0.3416855093836784,701.236738204956,11.38,4894.000000000014
446,"[1, 5, 6, 10, 37, 38, 41, 66, 67, 93]",87.59,0.3419473807513714,702.3220489025116,11.19,4905.190000000013
447,"[0, 13, 15, 20, 22, 30, 40, 70, 80, 96]",87.52,0.348265727609396,703.8395216464996,10.93,4916.1200000000135
448,"[8, 18, 26, 39, 43, 58, 71, 86, 95, 98]",88.0,0.3345064736902713,705.3961007595062,11.13,4927.250000000014
449,"[9, 17, 28, 42, 50, 60, 61, 75, 84, 92]",87.92,0.3417637349665165,706.785462141037,11.34,4938.590000000014
450,"[12, 27, 35, 48, 59, 62, 68, 69, 77, 88]",87.3,0.3510481579601764,708.3825166225433,12.1,4950.690000000014
451,"[12, 27, 35, 48, 59, 62, 68, 69, 77, 88]",87.4,0.3470400051772594,710.1575808525085,12.1,4962.7900000000145
452,"[33, 53, 54, 65, 73, 76, 79, 82, 83, 87]",87.7,0.3477068509161472,711.5277154445648,10.63,4973.420000000015
453,"[1, 5, 6, 10, 37, 38, 41, 66, 67, 93]",87.15,0.3478213420510292,713.0288782119751,11.19,4984.610000000014
454,"[33, 53, 54, 65, 73, 76, 79, 82, 83, 87]",87.82,0.3465414226055145,714.4893176555634,10.63,4995.240000000014
455,"[2, 21, 36, 44, 46, 49, 63, 74, 85, 91]",88.15,0.3359223601222038,716.4218146800995,10.58,5005.820000000014
456,"[2, 21, 36, 44, 46, 49, 63, 74, 85, 91]",87.88,0.3418565165996551,718.279301404953,10.58,5016.400000000014
457,"[4, 11, 25, 51, 52, 55, 56, 57, 64, 94]",88.07,0.3379744766652584,719.7722244262695,11.38,5027.780000000014
458,"[12, 27, 35, 48, 59, 62, 68, 69, 77, 88]",87.39,0.3497624957561493,721.4808704853058,12.1,5039.880000000015
459,"[4, 11, 25, 51, 52, 55, 56, 57, 64, 94]",88.07,0.3355276787281036,722.9028029441833,11.38,5051.260000000015
460,"[3, 7, 16, 23, 45, 47, 72, 78, 81, 90]",87.38,0.3477176298201084,724.5273840427399,11.71,5062.970000000015
461,"[0, 13, 15, 20, 22, 30, 40, 70, 80, 96]",87.36,0.3474936045706272,726.2030787467957,10.93,5073.900000000015
462,"[9, 17, 28, 42, 50, 60, 61, 75, 84, 92]",87.6,0.3454201965034008,727.5782959461212,11.34,5085.240000000015
463,"[14, 19, 24, 29, 31, 32, 34, 89, 97, 99]",87.15,0.3515593469142913,729.190358877182,9.94,5095.180000000015
464,"[12, 27, 35, 48, 59, 62, 68, 69, 77, 88]",87.44,0.3471049605309963,730.7539057731628,12.1,5107.280000000015
465,"[12, 27, 35, 48, 59, 62, 68, 69, 77, 88]",87.34,0.3525671038031578,732.3377213478088,12.1,5119.380000000016
466,"[3, 7, 16, 23, 45, 47, 72, 78, 81, 90]",87.39,0.3515257208049297,734.1542029380798,11.71,5131.090000000016
467,"[3, 7, 16, 23, 45, 47, 72, 78, 81, 90]",87.23,0.3549607814848423,735.8939106464386,11.71,5142.800000000016
468,"[8, 18, 26, 39, 43, 58, 71, 86, 95, 98]",88.31,0.3278523759543896,737.5149674415588,11.13,5153.930000000016
469,"[4, 11, 25, 51, 52, 55, 56, 57, 64, 94]",88.19,0.3319368268549442,738.9753315448761,11.38,5165.310000000016
470,"[33, 53, 54, 65, 73, 76, 79, 82, 83, 87]",87.93,0.3414047774672508,740.4541463851929,10.63,5175.940000000016
471,"[1, 5, 6, 10, 37, 38, 41, 66, 67, 93]",87.53,0.3399530087411404,741.8817241191864,11.19,5187.130000000016
472,"[33, 53, 54, 65, 73, 76, 79, 82, 83, 87]",87.89,0.339133652895689,743.3859748840332,10.63,5197.760000000016
473,"[12, 27, 35, 48, 59, 62, 68, 69, 77, 88]",87.5,0.3444039216637611,745.0899310112,12.1,5209.860000000016
474,"[0, 13, 15, 20, 22, 30, 40, 70, 80, 96]",87.63,0.3395267514884472,746.8291516304016,10.93,5220.790000000016
475,"[2, 21, 36, 44, 46, 49, 63, 74, 85, 91]",87.91,0.3383659648895263,748.5319225788116,10.58,5231.370000000016
476,"[8, 18, 26, 39, 43, 58, 71, 86, 95, 98]",88.14,0.3297881262004375,750.215414762497,11.13,5242.500000000016
477,"[14, 19, 24, 29, 31, 32, 34, 89, 97, 99]",87.14,0.3523204554617405,751.8426084518433,9.94,5252.440000000016
478,"[14, 19, 24, 29, 31, 32, 34, 89, 97, 99]",86.89,0.3595830835402012,753.4233672618866,9.94,5262.380000000016
479,"[14, 19, 24, 29, 31, 32, 34, 89, 97, 99]",87.29,0.3512282872200012,754.9972078800201,9.94,5272.320000000015
480,"[8, 18, 26, 39, 43, 58, 71, 86, 95, 98]",87.75,0.3416266359388828,756.7460777759552,11.13,5283.450000000015
481,"[0, 13, 15, 20, 22, 30, 40, 70, 80, 96]",87.87,0.3354138919711113,758.6119148731232,10.93,5294.380000000016
482,"[0, 13, 15, 20, 22, 30, 40, 70, 80, 96]",87.67,0.342458114027977,760.2400543689728,10.93,5305.310000000016
483,"[33, 53, 54, 65, 73, 76, 79, 82, 83, 87]",87.98,0.3396983632445335,761.3982524871826,10.63,5315.940000000016
484,"[2, 21, 36, 44, 46, 49, 63, 74, 85, 91]",88.04,0.3357552281022072,762.8884990215302,10.58,5326.520000000016
485,"[9, 17, 28, 42, 50, 60, 61, 75, 84, 92]",88.25,0.3326655106246471,764.1328291893005,11.34,5337.860000000016
486,"[3, 7, 16, 23, 45, 47, 72, 78, 81, 90]",87.68,0.3432763135433197,765.6909329891205,11.71,5349.570000000016
487,"[14, 19, 24, 29, 31, 32, 34, 89, 97, 99]",87.26,0.3517552496492863,767.3048677444458,9.94,5359.510000000016
488,"[4, 11, 25, 51, 52, 55, 56, 57, 64, 94]",88.06,0.3342780414223671,768.7451140880585,11.38,5370.890000000016
489,"[2, 21, 36, 44, 46, 49, 63, 74, 85, 91]",88.3,0.330624535381794,770.3958902359009,10.58,5381.470000000016
490,"[9, 17, 28, 42, 50, 60, 61, 75, 84, 92]",88.25,0.3313781948387623,771.5915796756744,11.34,5392.810000000016
491,"[12, 27, 35, 48, 59, 62, 68, 69, 77, 88]",87.73,0.3442389512062073,772.9367728233337,12.1,5404.910000000016
492,"[12, 27, 35, 48, 59, 62, 68, 69, 77, 88]",87.75,0.3444194023311138,774.4264407157898,12.1,5417.010000000017
493,"[0, 13, 15, 20, 22, 30, 40, 70, 80, 96]",87.47,0.3466115196049213,775.8991222381592,10.93,5427.940000000017
494,"[12, 27, 35, 48, 59, 62, 68, 69, 77, 88]",87.53,0.3443383581936359,777.2661738395691,12.1,5440.040000000017
495,"[1, 5, 6, 10, 37, 38, 41, 66, 67, 93]",87.66,0.3368391110002994,778.4308762550354,11.19,5451.230000000017
496,"[12, 27, 35, 48, 59, 62, 68, 69, 77, 88]",87.94,0.3351990954577923,779.8015987873077,12.1,5463.330000000017
497,"[9, 17, 28, 42, 50, 60, 61, 75, 84, 92]",88.21,0.3332097356021404,780.8846704959869,11.34,5474.670000000017
498,"[4, 11, 25, 51, 52, 55, 56, 57, 64, 94]",87.86,0.3366855311393738,782.1555173397064,11.38,5486.0500000000175
499,"[12, 27, 35, 48, 59, 62, 68, 69, 77, 88]",87.97,0.3341173978149891,783.3909976482391,12.1,5498.150000000018
500,"[2, 21, 36, 44, 46, 49, 63, 74, 85, 91]",87.93,0.334228208810091,784.739471912384,10.58,5508.730000000018
501,"[12, 27, 35, 48, 59, 62, 68, 69, 77, 88]",87.97,0.3407193168997764,786.0362329483032,12.1,5520.830000000018
502,"[4, 11, 25, 51, 52, 55, 56, 57, 64, 94]",88.27,0.3325963851809501,787.2142639160156,11.38,5532.210000000018
503,"[9, 17, 28, 42, 50, 60, 61, 75, 84, 92]",88.48,0.3274568472802639,788.3673098087311,11.34,5543.550000000018
504,"[8, 18, 26, 39, 43, 58, 71, 86, 95, 98]",88.29,0.3264550393819809,789.791357755661,11.13,5554.6800000000185
505,"[4, 11, 25, 51, 52, 55, 56, 57, 64, 94]",88.31,0.3289607076346874,790.9476737976074,11.38,5566.060000000019
506,"[9, 17, 28, 42, 50, 60, 61, 75, 84, 92]",87.98,0.3362270921468734,792.1257994174957,11.34,5577.400000000019
507,"[0, 13, 15, 20, 22, 30, 40, 70, 80, 96]",87.89,0.3318685215711593,793.5621724128723,10.93,5588.330000000019
508,"[12, 27, 35, 48, 59, 62, 68, 69, 77, 88]",87.84,0.3393614181876183,794.9658327102661,12.1,5600.430000000019
509,"[8, 18, 26, 39, 43, 58, 71, 86, 95, 98]",88.29,0.3274405813217163,796.2969300746918,11.13,5611.5600000000195
510,"[2, 21, 36, 44, 46, 49, 63, 74, 85, 91]",88.51,0.3255191791057586,797.6681520938873,10.58,5622.140000000019
511,"[33, 53, 54, 65, 73, 76, 79, 82, 83, 87]",88.38,0.3296949006617069,798.737555027008,10.63,5632.7700000000195
512,"[2, 21, 36, 44, 46, 49, 63, 74, 85, 91]",88.39,0.3274913159012794,800.0959391593933,10.58,5643.3500000000195
513,"[3, 7, 16, 23, 45, 47, 72, 78, 81, 90]",87.81,0.3387790858745575,801.450112581253,11.71,5655.0600000000195
514,"[0, 13, 15, 20, 22, 30, 40, 70, 80, 96]",88.04,0.3295594965666532,802.7733974456787,10.93,5665.99000000002
515,"[12, 27, 35, 48, 59, 62, 68, 69, 77, 88]",87.85,0.3358580158650875,803.8757274150848,12.1,5678.09000000002
516,"[33, 53, 54, 65, 73, 76, 79, 82, 83, 87]",87.99,0.3367245835065842,805.0957293510437,10.63,5688.72000000002
517,"[14, 19, 24, 29, 31, 32, 34, 89, 97, 99]",87.51,0.341982543617487,806.5660967826843,9.94,5698.66000000002
518,"[33, 53, 54, 65, 73, 76, 79, 82, 83, 87]",87.99,0.3392165330052376,807.9810962677002,10.63,5709.29000000002
519,"[3, 7, 16, 23, 45, 47, 72, 78, 81, 90]",87.7,0.3377586217224598,809.5808045864105,11.71,5721.00000000002
520,"[1, 5, 6, 10, 37, 38, 41, 66, 67, 93]",87.7,0.3368731372058391,811.003547668457,11.19,5732.19000000002
521,"[33, 53, 54, 65, 73, 76, 79, 82, 83, 87]",88.2,0.3328171113133431,812.363377571106,10.63,5742.82000000002
522,"[8, 18, 26, 39, 43, 58, 71, 86, 95, 98]",88.09,0.3281424793601036,814.0355432033539,11.13,5753.95000000002
523,"[8, 18, 26, 39, 43, 58, 71, 86, 95, 98]",88.45,0.3238807921111584,815.6044037342072,11.13,5765.08000000002
524,"[12, 27, 35, 48, 59, 62, 68, 69, 77, 88]",88.18,0.3311009189486503,817.2718651294708,12.1,5777.18000000002
525,"[8, 18, 26, 39, 43, 58, 71, 86, 95, 98]",88.58,0.322420665025711,819.0618872642517,11.13,5788.31000000002
526,"[33, 53, 54, 65, 73, 76, 79, 82, 83, 87]",88.09,0.3372295752167701,820.4551227092743,10.63,5798.9400000000205
527,"[12, 27, 35, 48, 59, 62, 68, 69, 77, 88]",87.94,0.3354111938178539,822.1115555763245,12.1,5811.040000000021
528,"[3, 7, 16, 23, 45, 47, 72, 78, 81, 90]",87.74,0.3378677137196064,823.8777439594269,11.71,5822.750000000021
529,"[2, 21, 36, 44, 46, 49, 63, 74, 85, 91]",88.5,0.3240996168553829,825.6371364593506,10.58,5833.330000000021
530,"[4, 11, 25, 51, 52, 55, 56, 57, 64, 94]",88.43,0.3264105515182018,827.1139814853668,11.38,5844.710000000021
531,"[1, 5, 6, 10, 37, 38, 41, 66, 67, 93]",87.58,0.3371343991160392,828.5935513973236,11.19,5855.900000000021
532,"[4, 11, 25, 51, 52, 55, 56, 57, 64, 94]",88.46,0.3227594429254531,830.0594956874847,11.38,5867.280000000021
533,"[1, 5, 6, 10, 37, 38, 41, 66, 67, 93]",87.93,0.3304293662309646,831.5283052921295,11.19,5878.47000000002
534,"[33, 53, 54, 65, 73, 76, 79, 82, 83, 87]",88.36,0.329980356246233,833.0235567092896,10.63,5889.10000000002
535,"[8, 18, 26, 39, 43, 58, 71, 86, 95, 98]",88.55,0.3239159829914569,834.6883955001831,11.13,5900.2300000000205
536,"[33, 53, 54, 65, 73, 76, 79, 82, 83, 87]",88.32,0.3333485351502895,836.103785276413,10.63,5910.860000000021
537,"[2, 21, 36, 44, 46, 49, 63, 74, 85, 91]",88.54,0.3253544387221336,837.8716857433319,10.58,5921.4400000000205
538,"[9, 17, 28, 42, 50, 60, 61, 75, 84, 92]",88.4,0.3265440854430199,839.2735719680786,11.34,5932.780000000021
539,"[1, 5, 6, 10, 37, 38, 41, 66, 67, 93]",87.96,0.3294856056571006,840.5657982826233,11.19,5943.97000000002
540,"[9, 17, 28, 42, 50, 60, 61, 75, 84, 92]",88.43,0.3280386663973331,841.8591821193695,11.34,5955.31000000002
541,"[14, 19, 24, 29, 31, 32, 34, 89, 97, 99]",87.14,0.3482671847939491,843.6279320716858,9.94,5965.25000000002
542,"[12, 27, 35, 48, 59, 62, 68, 69, 77, 88]",88.28,0.3287788024544716,845.3436024188995,12.1,5977.35000000002
543,"[8, 18, 26, 39, 43, 58, 71, 86, 95, 98]",88.58,0.3222592912614345,847.0561373233795,11.13,5988.4800000000205
544,"[14, 19, 24, 29, 31, 32, 34, 89, 97, 99]",87.83,0.3360460050404071,848.6431624889374,9.94,5998.42000000002
545,"[0, 13, 15, 20, 22, 30, 40, 70, 80, 96]",88.27,0.3267876678705215,850.4082152843475,10.93,6009.35000000002
546,"[12, 27, 35, 48, 59, 62, 68, 69, 77, 88]",87.92,0.3355720096826553,852.0857291221619,12.1,6021.450000000021
547,"[2, 21, 36, 44, 46, 49, 63, 74, 85, 91]",88.61,0.3235835646092891,853.7456796169281,10.58,6032.030000000021
548,"[3, 7, 16, 23, 45, 47, 72, 78, 81, 90]",88.01,0.3359899227321148,855.4671514034271,11.71,6043.740000000021
549,"[33, 53, 54, 65, 73, 76, 79, 82, 83, 87]",88.48,0.3290825577080249,856.9904823303223,10.63,6054.370000000021
550,"[1, 5, 6, 10, 37, 38, 41, 66, 67, 93]",88.26,0.3243191562592983,858.4016172885895,11.19,6065.56000000002
551,"[3, 7, 16, 23, 45, 47, 72, 78, 81, 90]",88.17,0.3300434152781963,860.1031010150909,11.71,6077.27000000002
552,"[14, 19, 24, 29, 31, 32, 34, 89, 97, 99]",87.79,0.3375194252282381,861.6799778938293,9.94,6087.21000000002
553,"[9, 17, 28, 42, 50, 60, 61, 75, 84, 92]",88.51,0.3236568930745125,862.9900915622711,11.34,6098.55000000002
554,"[8, 18, 26, 39, 43, 58, 71, 86, 95, 98]",88.76,0.3190747512876987,864.7962086200714,11.13,6109.68000000002
555,"[33, 53, 54, 65, 73, 76, 79, 82, 83, 87]",88.24,0.3338872775435447,866.2495448589325,10.63,6120.31000000002
556,"[12, 27, 35, 48, 59, 62, 68, 69, 77, 88]",88.17,0.3311130464822054,867.917911529541,12.1,6132.410000000021
557,"[33, 53, 54, 65, 73, 76, 79, 82, 83, 87]",88.37,0.328742592036724,869.3009328842163,10.63,6143.040000000021
558,"[33, 53, 54, 65, 73, 76, 79, 82, 83, 87]",88.28,0.3318172219395637,870.7321093082428,10.63,6153.670000000021
559,"[33, 53, 54, 65, 73, 76, 79, 82, 83, 87]",88.51,0.3303475548326969,872.0996344089508,10.63,6164.300000000021
560,"[8, 18, 26, 39, 43, 58, 71, 86, 95, 98]",88.77,0.3197969615459442,873.8093037605286,11.13,6175.430000000021
561,"[14, 19, 24, 29, 31, 32, 34, 89, 97, 99]",87.56,0.3406788086891174,875.3842689990997,9.94,6185.370000000021
562,"[12, 27, 35, 48, 59, 62, 68, 69, 77, 88]",87.85,0.3356460532546043,876.9216849803925,12.1,6197.470000000021
563,"[2, 21, 36, 44, 46, 49, 63, 74, 85, 91]",88.35,0.3289968302845955,878.6612243652344,10.58,6208.050000000021
564,"[9, 17, 28, 42, 50, 60, 61, 75, 84, 92]",88.59,0.3244355219602585,879.9654078483582,11.34,6219.390000000021
565,"[0, 13, 15, 20, 22, 30, 40, 70, 80, 96]",88.24,0.3272058601677418,881.6486737728119,10.93,6230.3200000000215
566,"[2, 21, 36, 44, 46, 49, 63, 74, 85, 91]",88.6,0.3221303959190845,883.4357430934906,10.58,6240.9000000000215
567,"[9, 17, 28, 42, 50, 60, 61, 75, 84, 92]",88.56,0.3238643637299537,884.7208540439606,11.34,6252.240000000022
568,"[1, 5, 6, 10, 37, 38, 41, 66, 67, 93]",88.4,0.3250442866981029,886.150750875473,11.19,6263.430000000021
569,"[2, 21, 36, 44, 46, 49, 63, 74, 85, 91]",88.5,0.3235575573146343,887.9004392623901,10.58,6274.010000000021
570,"[2, 21, 36, 44, 46, 49, 63, 74, 85, 91]",88.34,0.3275092852115631,889.6070110797882,10.58,6284.590000000021
571,"[3, 7, 16, 23, 45, 47, 72, 78, 81, 90]",88.0,0.3353119480609894,891.3903789520264,11.71,6296.300000000021
572,"[9, 17, 28, 42, 50, 60, 61, 75, 84, 92]",88.58,0.3219421225786209,892.7872393131256,11.34,6307.640000000021
573,"[3, 7, 16, 23, 45, 47, 72, 78, 81, 90]",87.87,0.3375741477310657,894.4229965209961,11.71,6319.350000000021
574,"[1, 5, 6, 10, 37, 38, 41, 66, 67, 93]",88.27,0.3219031639397144,895.8257215023041,11.19,6330.540000000021
575,"[3, 7, 16, 23, 45, 47, 72, 78, 81, 90]",88.11,0.3299873693287372,897.598840713501,11.71,6342.250000000021
576,"[0, 13, 15, 20, 22, 30, 40, 70, 80, 96]",88.01,0.3332821003347635,899.4234638214111,10.93,6353.180000000021
577,"[33, 53, 54, 65, 73, 76, 79, 82, 83, 87]",88.67,0.3220078589022159,900.7809641361235,10.63,6363.810000000021
578,"[2, 21, 36, 44, 46, 49, 63, 74, 85, 91]",88.38,0.3293461589515209,902.5589911937714,10.58,6374.390000000021
579,"[0, 13, 15, 20, 22, 30, 40, 70, 80, 96]",88.58,0.3213847318291664,904.3370451927184,10.93,6385.3200000000215
580,"[0, 13, 15, 20, 22, 30, 40, 70, 80, 96]",88.56,0.3213986249268055,906.122481584549,10.93,6396.250000000022
581,"[4, 11, 25, 51, 52, 55, 56, 57, 64, 94]",88.51,0.3196228192746639,907.6012253761292,11.38,6407.630000000022
582,"[14, 19, 24, 29, 31, 32, 34, 89, 97, 99]",88.04,0.3310247552394867,909.166915178299,9.94,6417.5700000000215
583,"[33, 53, 54, 65, 73, 76, 79, 82, 83, 87]",88.6,0.322693849503994,910.6450309753418,10.63,6428.200000000022
584,"[14, 19, 24, 29, 31, 32, 34, 89, 97, 99]",88.31,0.3295586283504963,912.264767408371,9.94,6438.140000000021
585,"[2, 21, 36, 44, 46, 49, 63, 74, 85, 91]",88.88,0.3157076953351497,914.0381231307985,10.58,6448.720000000021
586,"[0, 13, 15, 20, 22, 30, 40, 70, 80, 96]",88.62,0.3209676599502563,915.792467355728,10.93,6459.6500000000215
587,"[1, 5, 6, 10, 37, 38, 41, 66, 67, 93]",87.97,0.3306939777731895,917.2306180000304,11.19,6470.840000000021
588,"[0, 13, 15, 20, 22, 30, 40, 70, 80, 96]",88.22,0.3311221028864384,919.052327632904,10.93,6481.770000000021
589,"[12, 27, 35, 48, 59, 62, 68, 69, 77, 88]",88.39,0.3226435723900795,920.8161144256592,12.1,6493.870000000022
590,"[4, 11, 25, 51, 52, 55, 56, 57, 64, 94]",88.54,0.3176870040595531,922.4310722351074,11.38,6505.250000000022
591,"[12, 27, 35, 48, 59, 62, 68, 69, 77, 88]",87.88,0.3389915935695171,924.1262669563292,12.1,6517.350000000022
592,"[12, 27, 35, 48, 59, 62, 68, 69, 77, 88]",88.48,0.3254120942950249,925.701417684555,12.1,6529.450000000023
593,"[14, 19, 24, 29, 31, 32, 34, 89, 97, 99]",88.09,0.3331006272137165,927.1766519546508,9.94,6539.390000000022
594,"[3, 7, 16, 23, 45, 47, 72, 78, 81, 90]",88.04,0.3292901322245598,928.9547355175018,11.71,6551.100000000022
595,"[8, 18, 26, 39, 43, 58, 71, 86, 95, 98]",88.77,0.3134073008596897,930.6166274547576,11.13,6562.230000000022
596,"[9, 17, 28, 42, 50, 60, 61, 75, 84, 92]",88.58,0.3220434525609016,931.90097117424,11.34,6573.570000000022
597,"[33, 53, 54, 65, 73, 76, 79, 82, 83, 87]",88.71,0.3233025823533535,933.2968916893004,10.63,6584.200000000023
598,"[9, 17, 28, 42, 50, 60, 61, 75, 84, 92]",88.72,0.318345052152872,934.7098698616028,11.34,6595.540000000023
599,"[12, 27, 35, 48, 59, 62, 68, 69, 77, 88]",88.52,0.3218094094097614,936.4728209972382,12.1,6607.640000000023
600,"[4, 11, 25, 51, 52, 55, 56, 57, 64, 94]",88.64,0.3176637189090252,938.0177824497224,11.38,6619.020000000023
601,"[14, 19, 24, 29, 31, 32, 34, 89, 97, 99]",88.14,0.3309071086347103,939.634075641632,9.94,6628.960000000023
602,"[1, 5, 6, 10, 37, 38, 41, 66, 67, 93]",88.48,0.3193842090666294,941.1380863189696,11.19,6640.150000000022
603,"[2, 21, 36, 44, 46, 49, 63, 74, 85, 91]",88.74,0.3185535524785519,942.9167265892028,10.58,6650.730000000022
604,"[2, 21, 36, 44, 46, 49, 63, 74, 85, 91]",88.83,0.3156150279939174,945.0493984222412,10.58,6661.310000000022
605,"[12, 27, 35, 48, 59, 62, 68, 69, 77, 88]",88.59,0.322316409945488,946.8444738388062,12.1,6673.410000000023
606,"[14, 19, 24, 29, 31, 32, 34, 89, 97, 99]",87.82,0.33863565325737,948.4324159622192,9.94,6683.350000000022
607,"[33, 53, 54, 65, 73, 76, 79, 82, 83, 87]",88.62,0.3235677336156368,949.944996356964,10.63,6693.980000000022
608,"[33, 53, 54, 65, 73, 76, 79, 82, 83, 87]",88.72,0.3226232393085956,951.3488261699677,10.63,6704.610000000022
609,"[12, 27, 35, 48, 59, 62, 68, 69, 77, 88]",88.46,0.3251214945316314,953.0369143486024,12.1,6716.710000000023
610,"[14, 19, 24, 29, 31, 32, 34, 89, 97, 99]",87.97,0.3362492904067039,954.6037254333496,9.94,6726.650000000022
611,"[14, 19, 24, 29, 31, 32, 34, 89, 97, 99]",88.07,0.3322242449223995,956.202713727951,9.94,6736.590000000022
612,"[33, 53, 54, 65, 73, 76, 79, 82, 83, 87]",88.61,0.3262820291519165,957.5900588035583,10.63,6747.220000000022
613,"[1, 5, 6, 10, 37, 38, 41, 66, 67, 93]",88.27,0.3222452116012573,958.998195886612,11.19,6758.410000000022
614,"[1, 5, 6, 10, 37, 38, 41, 66, 67, 93]",87.75,0.3360927227139473,960.5459504127502,11.19,6769.600000000021
615,"[14, 19, 24, 29, 31, 32, 34, 89, 97, 99]",88.1,0.3329945097863674,962.1803243160248,9.94,6779.540000000021
616,"[4, 11, 25, 51, 52, 55, 56, 57, 64, 94]",88.77,0.3179500167071819,963.7573676109314,11.38,6790.920000000021
617,"[0, 13, 15, 20, 22, 30, 40, 70, 80, 96]",88.52,0.3198255081474781,965.5498158931732,10.93,6801.850000000021
618,"[9, 17, 28, 42, 50, 60, 61, 75, 84, 92]",88.73,0.3170159485936165,966.8480732440948,11.34,6813.190000000021
619,"[14, 19, 24, 29, 31, 32, 34, 89, 97, 99]",88.23,0.3287874262034893,968.5139985084534,9.94,6823.130000000021
620,"[2, 21, 36, 44, 46, 49, 63, 74, 85, 91]",88.7,0.3186635102331638,970.342139005661,10.58,6833.710000000021
621,"[12, 27, 35, 48, 59, 62, 68, 69, 77, 88]",88.71,0.3204688921570778,972.0420670509338,12.1,6845.810000000021
622,"[14, 19, 24, 29, 31, 32, 34, 89, 97, 99]",88.16,0.3308065405488014,973.688262462616,9.94,6855.750000000021
623,"[1, 5, 6, 10, 37, 38, 41, 66, 67, 93]",88.01,0.3260863324999809,975.0810902118684,11.19,6866.9400000000205
624,"[8, 18, 26, 39, 43, 58, 71, 86, 95, 98]",88.94,0.3117382732033729,976.65620303154,11.13,6878.070000000021
625,"[4, 11, 25, 51, 52, 55, 56, 57, 64, 94]",88.94,0.3154266558587551,978.2030987739564,11.38,6889.450000000021
626,"[9, 17, 28, 42, 50, 60, 61, 75, 84, 92]",88.75,0.3179431460797787,979.3402574062349,11.34,6900.790000000021
627,"[1, 5, 6, 10, 37, 38, 41, 66, 67, 93]",88.18,0.3244090999662876,980.7516877651216,11.19,6911.9800000000205
628,"[8, 18, 26, 39, 43, 58, 71, 86, 95, 98]",88.82,0.3139090685546398,982.4542553424836,11.13,6923.110000000021
629,"[8, 18, 26, 39, 43, 58, 71, 86, 95, 98]",88.89,0.3125097386538982,984.1385734081268,11.13,6934.240000000021
630,"[8, 18, 26, 39, 43, 58, 71, 86, 95, 98]",88.81,0.3132533706724644,985.9454305171968,11.13,6945.370000000021
631,"[33, 53, 54, 65, 73, 76, 79, 82, 83, 87]",88.81,0.3202431294322014,987.3250451087952,10.63,6956.000000000021
632,"[3, 7, 16, 23, 45, 47, 72, 78, 81, 90]",88.38,0.3236463660001755,989.0492703914642,11.71,6967.710000000021
633,"[4, 11, 25, 51, 52, 55, 56, 57, 64, 94]",88.96,0.3101628895103931,990.6200098991394,11.38,6979.090000000021
634,"[0, 13, 15, 20, 22, 30, 40, 70, 80, 96]",88.4,0.3244794012606144,992.4516191482544,10.93,6990.020000000021
635,"[1, 5, 6, 10, 37, 38, 41, 66, 67, 93]",88.68,0.3148889251053333,993.9074368476868,11.19,7001.210000000021
636,"[4, 11, 25, 51, 52, 55, 56, 57, 64, 94]",88.51,0.3237204119563103,995.4563307762146,11.38,7012.590000000021
637,"[3, 7, 16, 23, 45, 47, 72, 78, 81, 90]",88.38,0.3262770630419254,997.1528306007384,11.71,7024.300000000021
638,"[33, 53, 54, 65, 73, 76, 79, 82, 83, 87]",88.73,0.3196106271445751,998.5340385437012,10.63,7034.930000000021
639,"[9, 17, 28, 42, 50, 60, 61, 75, 84, 92]",88.95,0.3128850272297859,999.8482139110564,11.34,7046.270000000021
640,"[0, 13, 15, 20, 22, 30, 40, 70, 80, 96]",88.45,0.3234270262718201,1001.5883915424348,10.93,7057.200000000022
641,"[9, 17, 28, 42, 50, 60, 61, 75, 84, 92]",88.59,0.320214070379734,1002.817137479782,11.34,7068.540000000022
642,"[14, 19, 24, 29, 31, 32, 34, 89, 97, 99]",88.37,0.3221537877619266,1004.378181219101,9.94,7078.480000000021
643,"[4, 11, 25, 51, 52, 55, 56, 57, 64, 94]",88.99,0.3123157727718353,1005.9710838794708,11.38,7089.8600000000215
644,"[12, 27, 35, 48, 59, 62, 68, 69, 77, 88]",88.53,0.3217940926551819,1007.710782289505,12.1,7101.960000000022
645,"[2, 21, 36, 44, 46, 49, 63, 74, 85, 91]",89.15,0.3091018462181091,1009.49325299263,10.58,7112.540000000022
646,"[14, 19, 24, 29, 31, 32, 34, 89, 97, 99]",88.26,0.3240333911776543,1010.9333288669586,9.94,7122.480000000021
647,"[14, 19, 24, 29, 31, 32, 34, 89, 97, 99]",88.33,0.3265506535768508,1012.576699256897,9.94,7132.420000000021
648,"[9, 17, 28, 42, 50, 60, 61, 75, 84, 92]",88.71,0.3182162375748157,1013.878915309906,11.34,7143.760000000021
649,"[8, 18, 26, 39, 43, 58, 71, 86, 95, 98]",89.15,0.3084203886985779,1015.4939439296722,11.13,7154.890000000021
650,"[4, 11, 25, 51, 52, 55, 56, 57, 64, 94]",89.13,0.3108450911939144,1016.9472513198853,11.38,7166.270000000021
651,"[0, 13, 15, 20, 22, 30, 40, 70, 80, 96]",88.78,0.3172520260512829,1018.77796459198,10.93,7177.200000000022
652,"[8, 18, 26, 39, 43, 58, 71, 86, 95, 98]",88.86,0.312881965637207,1020.480857372284,11.13,7188.330000000022
653,"[3, 7, 16, 23, 45, 47, 72, 78, 81, 90]",88.57,0.3185271672159433,1022.0629456043245,11.71,7200.040000000022
654,"[8, 18, 26, 39, 43, 58, 71, 86, 95, 98]",89.03,0.3098060096800327,1023.8861010074615,11.13,7211.170000000022
655,"[0, 13, 15, 20, 22, 30, 40, 70, 80, 96]",88.75,0.3156151293218135,1025.5453763008118,10.93,7222.100000000022
656,"[4, 11, 25, 51, 52, 55, 56, 57, 64, 94]",88.73,0.3161538799107075,1027.0706255435944,11.38,7233.480000000022
657,"[4, 11, 25, 51, 52, 55, 56, 57, 64, 94]",89.08,0.3100943820178509,1028.6186707019806,11.38,7244.860000000022
658,"[2, 21, 36, 44, 46, 49, 63, 74, 85, 91]",88.8,0.3160483545064926,1030.4271051883698,10.58,7255.440000000022
659,"[33, 53, 54, 65, 73, 76, 79, 82, 83, 87]",88.96,0.3155031560361385,1031.9284958839417,10.63,7266.070000000022
660,"[0, 13, 15, 20, 22, 30, 40, 70, 80, 96]",89.02,0.3115924370288849,1033.687350511551,10.93,7277.000000000023
661,"[12, 27, 35, 48, 59, 62, 68, 69, 77, 88]",88.72,0.3159601318836212,1035.3271260261536,12.1,7289.100000000023
662,"[33, 53, 54, 65, 73, 76, 79, 82, 83, 87]",88.93,0.3167235694825649,1036.587022304535,10.63,7299.730000000023
663,"[9, 17, 28, 42, 50, 60, 61, 75, 84, 92]",88.84,0.3150455243885517,1037.8364822864532,11.34,7311.070000000023
664,"[4, 11, 25, 51, 52, 55, 56, 57, 64, 94]",88.99,0.3139849841594696,1039.2659137248993,11.38,7322.4500000000235
665,"[4, 11, 25, 51, 52, 55, 56, 57, 64, 94]",88.86,0.3147430376708507,1040.7103960514069,11.38,7333.830000000024
666,"[33, 53, 54, 65, 73, 76, 79, 82, 83, 87]",88.91,0.3126604476571083,1042.002474784851,10.63,7344.460000000024
667,"[9, 17, 28, 42, 50, 60, 61, 75, 84, 92]",89.25,0.3098894279450178,1043.2124395370483,11.34,7355.800000000024
668,"[33, 53, 54, 65, 73, 76, 79, 82, 83, 87]",88.61,0.3211778675019741,1044.5599555969238,10.63,7366.430000000024
669,"[14, 19, 24, 29, 31, 32, 34, 89, 97, 99]",88.41,0.3227729548513889,1046.065880060196,9.94,7376.3700000000235
670,"[9, 17, 28, 42, 50, 60, 61, 75, 84, 92]",88.59,0.316165822148323,1047.3675467967987,11.34,7387.710000000024
671,"[14, 19, 24, 29, 31, 32, 34, 89, 97, 99]",88.26,0.3234533502161503,1048.942308664322,9.94,7397.650000000023
672,"[8, 18, 26, 39, 43, 58, 71, 86, 95, 98]",88.92,0.3084624107182026,1050.5988638401031,11.13,7408.780000000023
673,"[2, 21, 36, 44, 46, 49, 63, 74, 85, 91]",89.25,0.3078815893828869,1052.2803156375885,10.58,7419.360000000023
674,"[3, 7, 16, 23, 45, 47, 72, 78, 81, 90]",88.38,0.3263208432495594,1053.8921780586245,11.71,7431.070000000023
675,"[14, 19, 24, 29, 31, 32, 34, 89, 97, 99]",88.51,0.3206303386390209,1055.3937158584597,9.94,7441.010000000023
676,"[2, 21, 36, 44, 46, 49, 63, 74, 85, 91]",89.17,0.3096528360247612,1057.080697774887,10.58,7451.590000000023
677,"[33, 53, 54, 65, 73, 76, 79, 82, 83, 87]",89.28,0.3132575103640556,1058.4581637382507,10.63,7462.220000000023
678,"[3, 7, 16, 23, 45, 47, 72, 78, 81, 90]",88.61,0.3188547310233116,1060.1284766197205,11.71,7473.930000000023
679,"[3, 7, 16, 23, 45, 47, 72, 78, 81, 90]",88.42,0.3236009775102138,1061.814680337906,11.71,7485.640000000023
680,"[3, 7, 16, 23, 45, 47, 72, 78, 81, 90]",88.48,0.3215871335566044,1063.5596718788147,11.71,7497.350000000023
681,"[14, 19, 24, 29, 31, 32, 34, 89, 97, 99]",88.21,0.3281239289045334,1065.0484862327576,9.94,7507.290000000023
682,"[12, 27, 35, 48, 59, 62, 68, 69, 77, 88]",88.78,0.3153084017336368,1066.5627059936523,12.1,7519.390000000023
683,"[9, 17, 28, 42, 50, 60, 61, 75, 84, 92]",89.04,0.3135007660090923,1067.819257736206,11.34,7530.730000000023
684,"[12, 27, 35, 48, 59, 62, 68, 69, 77, 88]",88.89,0.3156694476306438,1069.4382557868958,12.1,7542.830000000024
685,"[9, 17, 28, 42, 50, 60, 61, 75, 84, 92]",88.99,0.3153460183739662,1070.6943016052246,11.34,7554.170000000024
686,"[9, 17, 28, 42, 50, 60, 61, 75, 84, 92]",88.5,0.3310835529863834,1072.012214422226,11.34,7565.510000000024
687,"[33, 53, 54, 65, 73, 76, 79, 82, 83, 87]",89.24,0.3122493705153465,1073.361748933792,10.63,7576.140000000024
688,"[14, 19, 24, 29, 31, 32, 34, 89, 97, 99]",88.49,0.3230890730023384,1074.853353023529,9.94,7586.080000000024
689,"[8, 18, 26, 39, 43, 58, 71, 86, 95, 98]",88.87,0.309905681759119,1076.4368641376495,11.13,7597.210000000024
690,"[9, 17, 28, 42, 50, 60, 61, 75, 84, 92]",89.1,0.3123395346105099,1077.6229531764984,11.34,7608.550000000024
691,"[1, 5, 6, 10, 37, 38, 41, 66, 67, 93]",88.32,0.3204247835278511,1079.0021941661837,11.19,7619.740000000023
692,"[12, 27, 35, 48, 59, 62, 68, 69, 77, 88]",88.67,0.3216427711397409,1080.410409450531,12.1,7631.840000000024
693,"[0, 13, 15, 20, 22, 30, 40, 70, 80, 96]",88.95,0.3088621699810028,1082.185372591019,10.93,7642.770000000024
694,"[8, 18, 26, 39, 43, 58, 71, 86, 95, 98]",89.22,0.3026968861371278,1084.0744655132294,11.13,7653.900000000024
695,"[14, 19, 24, 29, 31, 32, 34, 89, 97, 99]",88.69,0.3180170275270939,1085.53959107399,9.94,7663.840000000024
696,"[1, 5, 6, 10, 37, 38, 41, 66, 67, 93]",88.56,0.3183793324232101,1086.8622896671295,11.19,7675.030000000023
697,"[9, 17, 28, 42, 50, 60, 61, 75, 84, 92]",89.36,0.3084735852479934,1088.1593701839447,11.34,7686.3700000000235
698,"[0, 13, 15, 20, 22, 30, 40, 70, 80, 96]",88.9,0.3107526299357414,1090.0081696510315,10.93,7697.300000000024
699,"[9, 17, 28, 42, 50, 60, 61, 75, 84, 92]",89.01,0.3144487559050322,1091.239470243454,11.34,7708.640000000024
700,"[33, 53, 54, 65, 73, 76, 79, 82, 83, 87]",89.07,0.3137170632183552,1092.6604809761047,10.63,7719.270000000024
701,"[1, 5, 6, 10, 37, 38, 41, 66, 67, 93]",88.87,0.3102425888180732,1094.0582625865936,11.19,7730.460000000024
702,"[0, 13, 15, 20, 22, 30, 40, 70, 80, 96]",88.89,0.3155083565413952,1095.8469331264496,10.93,7741.390000000024
703,"[33, 53, 54, 65, 73, 76, 79, 82, 83, 87]",89.23,0.3116010127961635,1097.1961860656738,10.63,7752.020000000024
704,"[14, 19, 24, 29, 31, 32, 34, 89, 97, 99]",88.72,0.3176716220378875,1098.7584166526794,9.94,7761.960000000024
705,"[3, 7, 16, 23, 45, 47, 72, 78, 81, 90]",88.59,0.3212504900991916,1100.4969885349274,11.71,7773.670000000024
706,"[12, 27, 35, 48, 59, 62, 68, 69, 77, 88]",88.66,0.3174354003369808,1102.0626556873322,12.1,7785.770000000024
707,"[1, 5, 6, 10, 37, 38, 41, 66, 67, 93]",88.56,0.3152462902665138,1103.3659653663635,11.19,7796.960000000024
708,"[3, 7, 16, 23, 45, 47, 72, 78, 81, 90]",88.61,0.3174618947505951,1105.0777032375336,11.71,7808.670000000024
709,"[8, 18, 26, 39, 43, 58, 71, 86, 95, 98]",89.27,0.3038743735849857,1106.7694430351255,11.13,7819.800000000024
710,"[33, 53, 54, 65, 73, 76, 79, 82, 83, 87]",89.43,0.3089490932226181,1108.154984474182,10.63,7830.430000000024
711,"[0, 13, 15, 20, 22, 30, 40, 70, 80, 96]",89.14,0.3082441055774689,1109.807779788971,10.93,7841.360000000024
712,"[33, 53, 54, 65, 73, 76, 79, 82, 83, 87]",89.19,0.3130857634544373,1111.246778011322,10.63,7851.990000000024
713,"[14, 19, 24, 29, 31, 32, 34, 89, 97, 99]",88.59,0.3202830459922552,1112.914095878601,9.94,7861.930000000024
714,"[4, 11, 25, 51, 52, 55, 56, 57, 64, 94]",89.19,0.3099009285122156,1114.3042056560516,11.38,7873.310000000024
715,"[9, 17, 28, 42, 50, 60, 61, 75, 84, 92]",89.32,0.303115859478712,1115.5714282989502,11.34,7884.650000000024
716,"[33, 53, 54, 65, 73, 76, 79, 82, 83, 87]",89.39,0.309105237275362,1116.9341604709623,10.63,7895.280000000024
717,"[3, 7, 16, 23, 45, 47, 72, 78, 81, 90]",88.72,0.3171455517411232,1118.6039700508118,11.71,7906.990000000024
718,"[8, 18, 26, 39, 43, 58, 71, 86, 95, 98]",89.36,0.3014501379430294,1120.2912530899048,11.13,7918.120000000024
719,"[4, 11, 25, 51, 52, 55, 56, 57, 64, 94]",89.18,0.308324249535799,1121.7809937000277,11.38,7929.500000000025
720,"[14, 19, 24, 29, 31, 32, 34, 89, 97, 99]",88.55,0.3182320892810821,1123.3008835315704,9.94,7939.440000000024
721,"[4, 11, 25, 51, 52, 55, 56, 57, 64, 94]",89.47,0.3072989925742149,1124.8638796806335,11.38,7950.820000000024
722,"[33, 53, 54, 65, 73, 76, 79, 82, 83, 87]",89.24,0.3084660100936889,1126.360223531723,10.63,7961.450000000024
723,"[1, 5, 6, 10, 37, 38, 41, 66, 67, 93]",88.9,0.3125479810684919,1127.6527872085571,11.19,7972.640000000024
724,"[4, 11, 25, 51, 52, 55, 56, 57, 64, 94]",89.19,0.3080609278380871,1129.1212859153748,11.38,7984.020000000024
727,"[33, 53, 54, 65, 73, 76, 79, 82, 83, 87]",89.16,0.3110128796100616,1133.6908371448517,10.63,7994.650000000024
728,"[12, 27, 35, 48, 59, 62, 68, 69, 77, 88]",88.86,0.3128082405030727,1135.2618427276611,12.1,8006.750000000025
729,"[3, 7, 16, 23, 45, 47, 72, 78, 81, 90]",88.87,0.3139133630692959,1136.9044034481049,11.71,8018.460000000025
730,"[8, 18, 26, 39, 43, 58, 71, 86, 95, 98]",89.53,0.299896335452795,1138.480061531067,11.13,8029.590000000025
731,"[14, 19, 24, 29, 31, 32, 34, 89, 97, 99]",88.95,0.3140512990951538,1140.042014837265,9.94,8039.530000000024
732,"[1, 5, 6, 10, 37, 38, 41, 66, 67, 93]",88.82,0.3139093627035618,1141.3765466213226,11.19,8050.720000000024
733,"[1, 5, 6, 10, 37, 38, 41, 66, 67, 93]",88.38,0.3214237127453089,1142.6530089378357,11.19,8061.9100000000235
734,"[33, 53, 54, 65, 73, 76, 79, 82, 83, 87]",89.3,0.3141987100243568,1144.1546156406405,10.63,8072.540000000024
735,"[9, 17, 28, 42, 50, 60, 61, 75, 84, 92]",89.17,0.3147900356352329,1145.4440290927887,11.34,8083.880000000024
736,"[4, 11, 25, 51, 52, 55, 56, 57, 64, 94]",88.95,0.3127584132552147,1146.8798360824585,11.38,8095.260000000024
737,"[3, 7, 16, 23, 45, 47, 72, 78, 81, 90]",88.71,0.3191027989983558,1148.6849160194397,11.71,8106.970000000024
738,"[9, 17, 28, 42, 50, 60, 61, 75, 84, 92]",89.44,0.3075122904777527,1150.004099369049,11.34,8118.310000000024
739,"[3, 7, 16, 23, 45, 47, 72, 78, 81, 90]",88.68,0.3178513535857201,1151.6820735931396,11.71,8130.020000000024
740,"[0, 13, 15, 20, 22, 30, 40, 70, 80, 96]",88.89,0.3123553384840488,1153.3523802757263,10.93,8140.950000000024
741,"[2, 21, 36, 44, 46, 49, 63, 74, 85, 91]",89.22,0.3079223961383104,1155.1797723770142,10.58,8151.530000000024
742,"[9, 17, 28, 42, 50, 60, 61, 75, 84, 92]",89.47,0.3044428911805152,1156.4510955810547,11.34,8162.870000000024
743,"[12, 27, 35, 48, 59, 62, 68, 69, 77, 88]",89.06,0.3111421272158622,1158.0655512809751,12.1,8174.970000000025
744,"[2, 21, 36, 44, 46, 49, 63, 74, 85, 91]",89.48,0.3022780390828848,1159.7419710159302,10.58,8185.550000000025
745,"[12, 27, 35, 48, 59, 62, 68, 69, 77, 88]",89.25,0.3111658291518688,1161.4065160751345,12.1,8197.650000000025
746,"[2, 21, 36, 44, 46, 49, 63, 74, 85, 91]",88.97,0.3116524249315262,1163.092411994934,10.58,8208.230000000025
747,"[9, 17, 28, 42, 50, 60, 61, 75, 84, 92]",89.56,0.3058633351325989,1164.4141793251038,11.34,8219.570000000025
748,"[12, 27, 35, 48, 59, 62, 68, 69, 77, 88]",89.12,0.3117358972877264,1166.114488363266,12.1,8231.670000000026
749,"[4, 11, 25, 51, 52, 55, 56, 57, 64, 94]",89.56,0.2993632024526596,1167.6989874839785,11.38,8243.050000000025
750,"[4, 11, 25, 51, 52, 55, 56, 57, 64, 94]",89.56,0.3038859869539738,1169.214725971222,11.38,8254.430000000024
751,"[2, 21, 36, 44, 46, 49, 63, 74, 85, 91]",89.27,0.3033329089730978,1171.025069475174,10.58,8265.010000000024
752,"[3, 7, 16, 23, 45, 47, 72, 78, 81, 90]",88.78,0.3125539894402027,1172.784333705902,11.71,8276.720000000023
753,"[0, 13, 15, 20, 22, 30, 40, 70, 80, 96]",89.36,0.3017065650224685,1174.5998113155365,10.93,8287.650000000023
754,"[33, 53, 54, 65, 73, 76, 79, 82, 83, 87]",89.17,0.3134151595830917,1175.9710183143616,10.63,8298.280000000022
755,"[14, 19, 24, 29, 31, 32, 34, 89, 97, 99]",89.03,0.3092078723013401,1177.464789390564,9.94,8308.220000000023
756,"[1, 5, 6, 10, 37, 38, 41, 66, 67, 93]",89.13,0.309170293956995,1178.83496427536,11.19,8319.410000000024
757,"[8, 18, 26, 39, 43, 58, 71, 86, 95, 98]",89.47,0.3004597097635269,1180.5430080890656,11.13,8330.540000000023
758,"[3, 7, 16, 23, 45, 47, 72, 78, 81, 90]",89.12,0.3078844413161278,1182.216232061386,11.71,8342.250000000022
759,"[1, 5, 6, 10, 37, 38, 41, 66, 67, 93]",89.07,0.3112185683101415,1183.6311750411987,11.19,8353.440000000022
760,"[4, 11, 25, 51, 52, 55, 56, 57, 64, 94]",89.45,0.3027619195729494,1185.0796530246737,11.38,8364.820000000022
761,"[2, 21, 36, 44, 46, 49, 63, 74, 85, 91]",89.23,0.3051187880337238,1186.8729186058044,10.58,8375.400000000021
762,"[33, 53, 54, 65, 73, 76, 79, 82, 83, 87]",89.44,0.3081896349787712,1188.360028505325,10.63,8386.03000000002
763,"[4, 11, 25, 51, 52, 55, 56, 57, 64, 94]",89.47,0.3050611457228661,1189.8439269065857,11.38,8397.41000000002
764,"[1, 5, 6, 10, 37, 38, 41, 66, 67, 93]",89.02,0.3077529455721378,1191.1812419891355,11.19,8408.60000000002
765,"[4, 11, 25, 51, 52, 55, 56, 57, 64, 94]",89.41,0.3037516818940639,1192.6666684150696,11.38,8419.98000000002
766,"[33, 53, 54, 65, 73, 76, 79, 82, 83, 87]",89.38,0.3068580040335655,1194.0445070266724,10.63,8430.610000000019
767,"[33, 53, 54, 65, 73, 76, 79, 82, 83, 87]",89.34,0.3102350559830665,1195.453290224075,10.63,8441.240000000018
768,"[33, 53, 54, 65, 73, 76, 79, 82, 83, 87]",88.96,0.319334158450365,1196.797890663147,10.63,8451.870000000017
769,"[3, 7, 16, 23, 45, 47, 72, 78, 81, 90]",88.99,0.3106294426321983,1198.4998421669006,11.71,8463.580000000016
770,"[12, 27, 35, 48, 59, 62, 68, 69, 77, 88]",89.05,0.3114963842928409,1200.1893150806427,12.1,8475.680000000017
771,"[3, 7, 16, 23, 45, 47, 72, 78, 81, 90]",88.89,0.3117407856881618,1201.7360272407532,11.71,8487.390000000016
772,"[12, 27, 35, 48, 59, 62, 68, 69, 77, 88]",89.02,0.3133108791708946,1203.4044551849363,12.1,8499.490000000016
773,"[0, 13, 15, 20, 22, 30, 40, 70, 80, 96]",89.21,0.3091153436899185,1205.0748915672302,10.93,8510.420000000016
774,"[0, 13, 15, 20, 22, 30, 40, 70, 80, 96]",89.21,0.3107152038812637,1206.8810722827911,10.93,8521.350000000017
775,"[3, 7, 16, 23, 45, 47, 72, 78, 81, 90]",88.94,0.3106506219506263,1208.617466688156,11.71,8533.060000000016
776,"[9, 17, 28, 42, 50, 60, 61, 75, 84, 92]",89.18,0.3103987503051758,1209.8734593391418,11.34,8544.400000000016
777,"[14, 19, 24, 29, 31, 32, 34, 89, 97, 99]",88.77,0.3131726816296577,1211.5505063533783,9.94,8554.340000000017
778,"[2, 21, 36, 44, 46, 49, 63, 74, 85, 91]",89.46,0.3038844914734364,1213.2944412231443,10.58,8564.920000000016
779,"[0, 13, 15, 20, 22, 30, 40, 70, 80, 96]",88.84,0.3142168278992176,1215.0082824230194,10.93,8575.850000000017
780,"[9, 17, 28, 42, 50, 60, 61, 75, 84, 92]",89.37,0.3097576426714659,1216.2861649990082,11.34,8587.190000000017
781,"[14, 19, 24, 29, 31, 32, 34, 89, 97, 99]",88.76,0.3169931475818157,1217.9680666923523,9.94,8597.130000000017
782,"[12, 27, 35, 48, 59, 62, 68, 69, 77, 88]",89.31,0.3081757049262523,1219.68661570549,12.1,8609.230000000018
783,"[0, 13, 15, 20, 22, 30, 40, 70, 80, 96]",89.11,0.308316865414381,1221.485024690628,10.93,8620.160000000018
784,"[9, 17, 28, 42, 50, 60, 61, 75, 84, 92]",89.24,0.3113765747845173,1222.8885452747345,11.34,8631.500000000018
785,"[3, 7, 16, 23, 45, 47, 72, 78, 81, 90]",88.68,0.3193750680983067,1224.6519305706024,11.71,8643.210000000017
786,"[0, 13, 15, 20, 22, 30, 40, 70, 80, 96]",89.38,0.3046600320935249,1226.396453142166,10.93,8654.140000000018
787,"[2, 21, 36, 44, 46, 49, 63, 74, 85, 91]",89.35,0.2999302103370428,1228.0999114513395,10.58,8664.720000000018
788,"[3, 7, 16, 23, 45, 47, 72, 78, 81, 90]",89.08,0.3101993219554424,1229.7539422512054,11.71,8676.430000000017
789,"[14, 19, 24, 29, 31, 32, 34, 89, 97, 99]",88.36,0.3260400192439556,1231.2418403625488,9.94,8686.370000000017
790,"[33, 53, 54, 65, 73, 76, 79, 82, 83, 87]",89.63,0.3038954126834869,1232.7230381965635,10.63,8697.000000000016
791,"[1, 5, 6, 10, 37, 38, 41, 66, 67, 93]",89.53,0.3032706668972969,1234.3240759372711,11.19,8708.190000000017
792,"[1, 5, 6, 10, 37, 38, 41, 66, 67, 93]",88.99,0.3123053678870201,1235.7177708148956,11.19,8719.380000000017
793,"[4, 11, 25, 51, 52, 55, 56, 57, 64, 94]",89.38,0.3023153019696474,1237.175487279892,11.38,8730.760000000017
794,"[0, 13, 15, 20, 22, 30, 40, 70, 80, 96]",89.1,0.3136491647362709,1238.8593459129331,10.93,8741.690000000017
795,"[33, 53, 54, 65, 73, 76, 79, 82, 83, 87]",89.54,0.3060399373620748,1240.1905646324158,10.63,8752.320000000016
796,"[0, 13, 15, 20, 22, 30, 40, 70, 80, 96]",89.42,0.302732724994421,1241.8842477798462,10.93,8763.250000000016
797,"[14, 19, 24, 29, 31, 32, 34, 89, 97, 99]",88.7,0.3194646108150482,1243.5049710273745,9.94,8773.190000000017
798,"[14, 19, 24, 29, 31, 32, 34, 89, 97, 99]",88.65,0.3172322717308998,1245.2500286102295,9.94,8783.130000000017
799,"[33, 53, 54, 65, 73, 76, 79, 82, 83, 87]",89.45,0.3081442265212535,1246.663606882095,10.63,8793.760000000017
800,"[33, 53, 54, 65, 73, 76, 79, 82, 83, 87]",89.77,0.3048007608950138,1248.0290532112122,10.63,8804.390000000016
801,"[3, 7, 16, 23, 45, 47, 72, 78, 81, 90]",89.21,0.3066804240643978,1249.7272305488586,11.71,8816.100000000015
802,"[12, 27, 35, 48, 59, 62, 68, 69, 77, 88]",89.06,0.3113400616496801,1251.194985628128,12.1,8828.200000000015
803,"[12, 27, 35, 48, 59, 62, 68, 69, 77, 88]",89.22,0.3075787463784218,1252.7170853614807,12.1,8840.300000000016
804,"[3, 7, 16, 23, 45, 47, 72, 78, 81, 90]",88.83,0.3133861953020095,1254.4307968616486,11.71,8852.010000000015
805,"[12, 27, 35, 48, 59, 62, 68, 69, 77, 88]",88.92,0.3143558405339718,1256.09774518013,12.1,8864.110000000015
806,"[2, 21, 36, 44, 46, 49, 63, 74, 85, 91]",89.43,0.3044884842634201,1257.7887630462646,10.58,8874.690000000015
807,"[2, 21, 36, 44, 46, 49, 63, 74, 85, 91]",89.39,0.3013391488045454,1259.6481845378876,10.58,8885.270000000015
808,"[33, 53, 54, 65, 73, 76, 79, 82, 83, 87]",89.46,0.3076672647893428,1261.0323617458344,10.63,8895.900000000014
809,"[1, 5, 6, 10, 37, 38, 41, 66, 67, 93]",88.96,0.3118114624917507,1262.4143137931824,11.19,8907.090000000015
810,"[1, 5, 6, 10, 37, 38, 41, 66, 67, 93]",88.97,0.313103928565979,1263.7981269359589,11.19,8918.280000000015
811,"[0, 13, 15, 20, 22, 30, 40, 70, 80, 96]",89.2,0.308099185526371,1265.5806460380554,10.93,8929.210000000015
812,"[2, 21, 36, 44, 46, 49, 63, 74, 85, 91]",89.54,0.3042579445242881,1267.4438877105713,10.58,8939.790000000015
813,"[0, 13, 15, 20, 22, 30, 40, 70, 80, 96]",89.29,0.3079473408311605,1269.169086933136,10.93,8950.720000000016
814,"[33, 53, 54, 65, 73, 76, 79, 82, 83, 87]",89.45,0.3061356222629547,1270.5242862701416,10.63,8961.350000000015
815,"[33, 53, 54, 65, 73, 76, 79, 82, 83, 87]",89.41,0.3096768148243427,1271.9323625564575,10.63,8971.980000000014
816,"[4, 11, 25, 51, 52, 55, 56, 57, 64, 94]",89.53,0.3015076477825641,1273.528256893158,11.38,8983.360000000013
817,"[4, 11, 25, 51, 52, 55, 56, 57, 64, 94]",89.4,0.3083162277936935,1275.02357172966,11.38,8994.740000000013
818,"[3, 7, 16, 23, 45, 47, 72, 78, 81, 90]",88.97,0.311323916465044,1276.6961028575895,11.71,9006.450000000012
819,"[12, 27, 35, 48, 59, 62, 68, 69, 77, 88]",89.31,0.305201531201601,1278.3171977996826,12.1,9018.550000000012
820,"[1, 5, 6, 10, 37, 38, 41, 66, 67, 93]",89.25,0.3068322797119617,1279.6530838012695,11.19,9029.740000000013
821,"[14, 19, 24, 29, 31, 32, 34, 89, 97, 99]",88.99,0.3145634870231151,1281.261616706848,9.94,9039.680000000013
822,"[14, 19, 24, 29, 31, 32, 34, 89, 97, 99]",88.73,0.3215466453880071,1282.855803489685,9.94,9049.620000000014
823,"[3, 7, 16, 23, 45, 47, 72, 78, 81, 90]",88.77,0.315531755387783,1284.4345619678495,11.71,9061.330000000013
824,"[33, 53, 54, 65, 73, 76, 79, 82, 83, 87]",89.57,0.3026852405071258,1285.862894296646,10.63,9071.960000000012
825,"[33, 53, 54, 65, 73, 76, 79, 82, 83, 87]",89.64,0.3073464012145996,1287.1194262504578,10.63,9082.590000000011
826,"[8, 18, 26, 39, 43, 58, 71, 86, 95, 98]",89.66,0.2960937045514583,1288.839760541916,11.13,9093.72000000001
827,"[4, 11, 25, 51, 52, 55, 56, 57, 64, 94]",89.42,0.3041728642582893,1290.373262882233,11.38,9105.10000000001
828,"[12, 27, 35, 48, 59, 62, 68, 69, 77, 88]",89.28,0.3105861850082874,1292.125539302826,12.1,9117.20000000001
829,"[0, 13, 15, 20, 22, 30, 40, 70, 80, 96]",89.64,0.2956792099028826,1293.916358947754,10.93,9128.13000000001
830,"[33, 53, 54, 65, 73, 76, 79, 82, 83, 87]",89.53,0.307534744516015,1295.3011589050293,10.63,9138.76000000001
831,"[4, 11, 25, 51, 52, 55, 56, 57, 64, 94]",89.18,0.3094179378449916,1296.8463034629822,11.38,9150.140000000009
832,"[0, 13, 15, 20, 22, 30, 40, 70, 80, 96]",89.52,0.3027915193140507,1298.4681644439695,10.93,9161.070000000009
833,"[4, 11, 25, 51, 52, 55, 56, 57, 64, 94]",89.57,0.3023902473598718,1299.9531948566437,11.38,9172.450000000008
834,"[3, 7, 16, 23, 45, 47, 72, 78, 81, 90]",89.28,0.3056779399514198,1301.6028299331665,11.71,9184.160000000007
835,"[3, 7, 16, 23, 45, 47, 72, 78, 81, 90]",89.11,0.3109185196459293,1303.284642457962,11.71,9195.870000000006
836,"[12, 27, 35, 48, 59, 62, 68, 69, 77, 88]",89.13,0.3108729273080826,1304.970762014389,12.1,9207.970000000007
837,"[14, 19, 24, 29, 31, 32, 34, 89, 97, 99]",88.94,0.3128502696752548,1306.523598432541,9.94,9217.910000000007
838,"[33, 53, 54, 65, 73, 76, 79, 82, 83, 87]",89.77,0.3014479520916939,1307.9166054725647,10.63,9228.540000000006
839,"[9, 17, 28, 42, 50, 60, 61, 75, 84, 92]",89.52,0.3019296406209469,1309.209213733673,11.34,9239.880000000006
840,"[3, 7, 16, 23, 45, 47, 72, 78, 81, 90]",89.07,0.309280748218298,1310.9758894443512,11.71,9251.590000000006
841,"[33, 53, 54, 65, 73, 76, 79, 82, 83, 87]",89.49,0.3082658798992634,1312.360872745514,10.63,9262.220000000005
842,"[14, 19, 24, 29, 31, 32, 34, 89, 97, 99]",89.14,0.311683694422245,1313.9432501792908,9.94,9272.160000000005
843,"[1, 5, 6, 10, 37, 38, 41, 66, 67, 93]",89.41,0.3053223003447056,1315.3428418636322,11.19,9283.350000000006
844,"[33, 53, 54, 65, 73, 76, 79, 82, 83, 87]",89.73,0.3017000260949135,1316.7378652095797,10.63,9293.980000000005
845,"[2, 21, 36, 44, 46, 49, 63, 74, 85, 91]",89.34,0.3062254552543163,1318.4288330078125,10.58,9304.560000000005
846,"[0, 13, 15, 20, 22, 30, 40, 70, 80, 96]",89.27,0.3027874740958214,1320.1505885124209,10.93,9315.490000000005
847,"[12, 27, 35, 48, 59, 62, 68, 69, 77, 88]",89.49,0.3030183644592762,1321.8167231082916,12.1,9327.590000000006
848,"[1, 5, 6, 10, 37, 38, 41, 66, 67, 93]",89.68,0.3021964310854673,1323.1936919689178,11.19,9338.780000000006
849,"[8, 18, 26, 39, 43, 58, 71, 86, 95, 98]",89.79,0.2931495122611522,1324.930190324783,11.13,9349.910000000005
850,"[2, 21, 36, 44, 46, 49, 63, 74, 85, 91]",89.46,0.3002163206040859,1326.837183713913,10.58,9360.490000000005
851,"[8, 18, 26, 39, 43, 58, 71, 86, 95, 98]",89.55,0.2972905799746513,1328.4958019256592,11.13,9371.620000000004
852,"[12, 27, 35, 48, 59, 62, 68, 69, 77, 88]",89.32,0.309149611890316,1330.2015738487244,12.1,9383.720000000005
853,"[3, 7, 16, 23, 45, 47, 72, 78, 81, 90]",89.08,0.3094708555936813,1331.8713347911837,11.71,9395.430000000004
854,"[12, 27, 35, 48, 59, 62, 68, 69, 77, 88]",89.41,0.3050550130009651,1333.457917690277,12.1,9407.530000000004
855,"[12, 27, 35, 48, 59, 62, 68, 69, 77, 88]",89.46,0.306399218738079,1335.0831940174105,12.1,9419.630000000005
856,"[33, 53, 54, 65, 73, 76, 79, 82, 83, 87]",89.77,0.3022512596845627,1336.5362696647644,10.63,9430.260000000004
857,"[14, 19, 24, 29, 31, 32, 34, 89, 97, 99]",89.68,0.304295437708497,1338.149889230728,9.94,9440.200000000004
858,"[8, 18, 26, 39, 43, 58, 71, 86, 95, 98]",89.73,0.2942033711075782,1339.8187975883484,11.13,9451.330000000004
859,"[3, 7, 16, 23, 45, 47, 72, 78, 81, 90]",89.27,0.3054338559508324,1341.4778227806091,11.71,9463.040000000003
860,"[3, 7, 16, 23, 45, 47, 72, 78, 81, 90]",89.26,0.3081652557849884,1343.1507132053375,11.71,9474.750000000002
861,"[1, 5, 6, 10, 37, 38, 41, 66, 67, 93]",89.79,0.29737434014678,1344.3357248306274,11.19,9485.940000000002
862,"[2, 21, 36, 44, 46, 49, 63, 74, 85, 91]",89.62,0.2998568034172058,1345.9329361915588,10.58,9496.520000000002
863,"[2, 21, 36, 44, 46, 49, 63, 74, 85, 91]",89.54,0.3020573730766773,1347.5321261882782,10.58,9507.100000000002
864,"[0, 13, 15, 20, 22, 30, 40, 70, 80, 96]",89.27,0.304432408735156,1349.220487117767,10.93,9518.030000000002
865,"[9, 17, 28, 42, 50, 60, 61, 75, 84, 92]",89.82,0.2985849996656179,1350.5079655647278,11.34,9529.370000000003
866,"[1, 5, 6, 10, 37, 38, 41, 66, 67, 93]",89.27,0.305570021867752,1351.757947921753,11.19,9540.560000000003
867,"[14, 19, 24, 29, 31, 32, 34, 89, 97, 99]",89.0,0.3133615578711033,1353.3385944366455,9.94,9550.500000000004
868,"[4, 11, 25, 51, 52, 55, 56, 57, 64, 94]",89.64,0.3023457223176956,1354.875583410263,11.38,9561.880000000003
869,"[12, 27, 35, 48, 59, 62, 68, 69, 77, 88]",89.53,0.3076918765902519,1356.5518090724945,12.1,9573.980000000003
870,"[4, 11, 25, 51, 52, 55, 56, 57, 64, 94]",89.63,0.2993650567531585,1358.0489156246183,11.38,9585.360000000002
871,"[14, 19, 24, 29, 31, 32, 34, 89, 97, 99]",89.24,0.3079102043807507,1359.5580117702484,9.94,9595.300000000003
872,"[33, 53, 54, 65, 73, 76, 79, 82, 83, 87]",89.67,0.3035782717168331,1360.938260555267,10.63,9605.930000000002
873,"[12, 27, 35, 48, 59, 62, 68, 69, 77, 88]",89.62,0.3034614759683609,1362.5408556461334,12.1,9618.030000000002
874,"[1, 5, 6, 10, 37, 38, 41, 66, 67, 93]",89.6,0.2989242355525494,1363.932082414627,11.19,9629.220000000003
875,"[1, 5, 6, 10, 37, 38, 41, 66, 67, 93]",89.31,0.3077374993264675,1365.1649086475372,11.19,9640.410000000003
876,"[3, 7, 16, 23, 45, 47, 72, 78, 81, 90]",89.5,0.305282444357872,1366.853096485138,11.71,9652.120000000003
877,"[3, 7, 16, 23, 45, 47, 72, 78, 81, 90]",89.23,0.3097166660428047,1368.463063955307,11.71,9663.830000000002
878,"[0, 13, 15, 20, 22, 30, 40, 70, 80, 96]",89.63,0.2966166986525059,1370.2392888069153,10.93,9674.760000000002
879,"[1, 5, 6, 10, 37, 38, 41, 66, 67, 93]",89.26,0.3038092122972011,1371.637368440628,11.19,9685.950000000003
880,"[3, 7, 16, 23, 45, 47, 72, 78, 81, 90]",89.19,0.309012268781662,1373.4341707229614,11.71,9697.660000000002
881,"[2, 21, 36, 44, 46, 49, 63, 74, 85, 91]",89.72,0.2961106386780738,1375.1750392913818,10.58,9708.240000000002
882,"[1, 5, 6, 10, 37, 38, 41, 66, 67, 93]",89.18,0.3097966673225164,1376.6081726551056,11.19,9719.430000000002
883,"[14, 19, 24, 29, 31, 32, 34, 89, 97, 99]",89.21,0.3119058804214,1378.195245742798,9.94,9729.370000000003
884,"[1, 5, 6, 10, 37, 38, 41, 66, 67, 93]",89.15,0.3132785880565643,1379.6879198551178,11.19,9740.560000000003
885,"[8, 18, 26, 39, 43, 58, 71, 86, 95, 98]",90.05,0.2941500658541918,1381.261194229126,11.13,9751.690000000002
886,"[14, 19, 24, 29, 31, 32, 34, 89, 97, 99]",89.03,0.3152093122899532,1382.8304710388184,9.94,9761.630000000003
887,"[3, 7, 16, 23, 45, 47, 72, 78, 81, 90]",89.42,0.3053533886373043,1384.5214717388153,11.71,9773.340000000002
888,"[9, 17, 28, 42, 50, 60, 61, 75, 84, 92]",89.7,0.3014159819483757,1385.93479180336,11.34,9784.680000000002
889,"[9, 17, 28, 42, 50, 60, 61, 75, 84, 92]",89.74,0.3020778922736645,1387.2379982471466,11.34,9796.020000000002
890,"[9, 17, 28, 42, 50, 60, 61, 75, 84, 92]",89.62,0.310316052660346,1388.44491481781,11.34,9807.360000000002
891,"[9, 17, 28, 42, 50, 60, 61, 75, 84, 92]",89.65,0.3048705419152975,1389.7089931964874,11.34,9818.700000000003
892,"[0, 13, 15, 20, 22, 30, 40, 70, 80, 96]",89.32,0.3052306753396988,1391.3317759037018,10.93,9829.630000000003
893,"[9, 17, 28, 42, 50, 60, 61, 75, 84, 92]",89.71,0.3044980247318745,1392.7861847877502,11.34,9840.970000000003
894,"[2, 21, 36, 44, 46, 49, 63, 74, 85, 91]",89.51,0.3034489661455154,1394.5126147270205,10.58,9851.550000000003
895,"[4, 11, 25, 51, 52, 55, 56, 57, 64, 94]",89.69,0.3032295691967011,1396.0078718662262,11.38,9862.930000000002
896,"[0, 13, 15, 20, 22, 30, 40, 70, 80, 96]",89.35,0.3038881397247314,1397.531972169876,10.93,9873.860000000002
897,"[1, 5, 6, 10, 37, 38, 41, 66, 67, 93]",89.35,0.3030683493614197,1398.8582191467283,11.19,9885.050000000003
898,"[8, 18, 26, 39, 43, 58, 71, 86, 95, 98]",89.66,0.2937915366888046,1400.436579704285,11.13,9896.180000000002
899,"[4, 11, 25, 51, 52, 55, 56, 57, 64, 94]",89.47,0.305061869174242,1401.9433336257937,11.38,9907.560000000001
900,"[14, 19, 24, 29, 31, 32, 34, 89, 97, 99]",89.05,0.3088138732314109,1403.5184874534607,9.94,9917.500000000002
901,"[3, 7, 16, 23, 45, 47, 72, 78, 81, 90]",89.49,0.3048301105946302,1405.2949736118317,11.71,9929.210000000001
902,"[12, 27, 35, 48, 59, 62, 68, 69, 77, 88]",89.56,0.3014361271262168,1406.9142849445343,12.1,9941.310000000001
903,"[33, 53, 54, 65, 73, 76, 79, 82, 83, 87]",89.51,0.3052780967205762,1408.2934210300446,10.63,9951.94
904,"[33, 53, 54, 65, 73, 76, 79, 82, 83, 87]",89.62,0.3079767645895481,1409.5597915649414,10.63,9962.57
905,"[33, 53, 54, 65, 73, 76, 79, 82, 83, 87]",89.43,0.3152130270004272,1410.9979600906372,10.63,9973.199999999999
906,"[33, 53, 54, 65, 73, 76, 79, 82, 83, 87]",89.7,0.3057717968523502,1412.3710885047913,10.63,9983.829999999998
907,"[3, 7, 16, 23, 45, 47, 72, 78, 81, 90]",89.2,0.3072015035152435,1414.0274081230164,11.71,9995.539999999997
908,"[1, 5, 6, 10, 37, 38, 41, 66, 67, 93]",89.71,0.2986090014874935,1415.3346214294434,11.19,10006.729999999998
909,"[33, 53, 54, 65, 73, 76, 79, 82, 83, 87]",89.74,0.3026426054537296,1416.6244423389437,10.63,10017.359999999997
910,"[14, 19, 24, 29, 31, 32, 34, 89, 97, 99]",89.06,0.3130029003322124,1418.1312170028689,9.94,10027.299999999997
911,"[2, 21, 36, 44, 46, 49, 63, 74, 85, 91]",89.58,0.3010710977762937,1419.7788712978363,10.58,10037.879999999997
912,"[0, 13, 15, 20, 22, 30, 40, 70, 80, 96]",89.46,0.3016755329072475,1421.253117799759,10.93,10048.809999999998
913,"[4, 11, 25, 51, 52, 55, 56, 57, 64, 94]",89.63,0.3033955764770508,1422.7444641590118,11.38,10060.189999999997
914,"[4, 11, 25, 51, 52, 55, 56, 57, 64, 94]",89.5,0.2968494291603565,1424.244367837906,11.38,10071.569999999996
915,"[3, 7, 16, 23, 45, 47, 72, 78, 81, 90]",89.31,0.3041669607162475,1425.9053256511688,11.71,10083.279999999995
916,"[9, 17, 28, 42, 50, 60, 61, 75, 84, 92]",89.76,0.301730085760355,1427.1095530986786,11.34,10094.619999999995
917,"[2, 21, 36, 44, 46, 49, 63, 74, 85, 91]",89.55,0.2986765271425247,1428.8881695270538,10.58,10105.199999999995
918,"[12, 27, 35, 48, 59, 62, 68, 69, 77, 88]",89.56,0.300759949684143,1430.4855496883392,12.1,10117.299999999996
919,"[12, 27, 35, 48, 59, 62, 68, 69, 77, 88]",89.57,0.3018747952580451,1432.0827634334564,12.1,10129.399999999996
920,"[8, 18, 26, 39, 43, 58, 71, 86, 95, 98]",89.66,0.2935303149372339,1433.660105228424,11.13,10140.529999999995
921,"[14, 19, 24, 29, 31, 32, 34, 89, 97, 99]",89.22,0.3063057497143745,1435.1215465068815,9.94,10150.469999999996
922,"[1, 5, 6, 10, 37, 38, 41, 66, 67, 93]",89.52,0.3065680499374866,1436.3338465690613,11.19,10161.659999999996
923,"[2, 21, 36, 44, 46, 49, 63, 74, 85, 91]",89.66,0.2988021010160446,1438.0229382514954,10.58,10172.239999999996
924,"[33, 53, 54, 65, 73, 76, 79, 82, 83, 87]",89.86,0.2981645672023296,1439.4472570419312,10.63,10182.869999999995
925,"[8, 18, 26, 39, 43, 58, 71, 86, 95, 98]",89.8,0.2933234453201294,1441.1252539157867,11.13,10193.999999999995
926,"[12, 27, 35, 48, 59, 62, 68, 69, 77, 88]",89.69,0.2998814642429351,1442.6955270767212,12.1,10206.099999999995
927,"[0, 13, 15, 20, 22, 30, 40, 70, 80, 96]",89.78,0.2958676889538765,1444.260508775711,10.93,10217.029999999995
928,"[4, 11, 25, 51, 52, 55, 56, 57, 64, 94]",89.48,0.3014616596698761,1445.636235952377,11.38,10228.409999999994
929,"[8, 18, 26, 39, 43, 58, 71, 86, 95, 98]",89.73,0.2925007301568985,1447.1519315242767,11.13,10239.539999999994
930,"[4, 11, 25, 51, 52, 55, 56, 57, 64, 94]",89.5,0.3023250718414783,1448.5173048973083,11.38,10250.919999999993
931,"[4, 11, 25, 51, 52, 55, 56, 57, 64, 94]",89.71,0.2965152932703495,1449.8760097026825,11.38,10262.299999999992
932,"[1, 5, 6, 10, 37, 38, 41, 66, 67, 93]",89.66,0.2978410837054253,1451.3078408241272,11.19,10273.489999999993
933,"[1, 5, 6, 10, 37, 38, 41, 66, 67, 93]",89.31,0.3100581696629524,1452.7087779045105,11.19,10284.679999999993
934,"[4, 11, 25, 51, 52, 55, 56, 57, 64, 94]",89.59,0.3048795574903488,1454.1029298305511,11.38,10296.059999999992
935,"[1, 5, 6, 10, 37, 38, 41, 66, 67, 93]",89.39,0.307788538634777,1455.5108485221865,11.19,10307.249999999993
936,"[9, 17, 28, 42, 50, 60, 61, 75, 84, 92]",89.55,0.3060277306288481,1456.7723042964935,11.34,10318.589999999993
937,"[14, 19, 24, 29, 31, 32, 34, 89, 97, 99]",89.52,0.3039506937563419,1458.2431688308716,9.94,10328.529999999993
938,"[14, 19, 24, 29, 31, 32, 34, 89, 97, 99]",88.89,0.3169224423170089,1459.7409188747406,9.94,10338.469999999994
939,"[33, 53, 54, 65, 73, 76, 79, 82, 83, 87]",89.75,0.3030787608027458,1461.1211867332458,10.63,10349.099999999993
940,"[33, 53, 54, 65, 73, 76, 79, 82, 83, 87]",89.8,0.3038355048000812,1462.3855984210968,10.63,10359.729999999992
941,"[2, 21, 36, 44, 46, 49, 63, 74, 85, 91]",89.71,0.2970022696256638,1464.102295875549,10.58,10370.309999999992
942,"[4, 11, 25, 51, 52, 55, 56, 57, 64, 94]",89.72,0.3033854389190674,1465.5669832229614,11.38,10381.689999999991
943,"[0, 13, 15, 20, 22, 30, 40, 70, 80, 96]",89.3,0.3064438101649284,1467.2596678733826,10.93,10392.619999999992
944,"[33, 53, 54, 65, 73, 76, 79, 82, 83, 87]",89.68,0.3035052660107613,1468.7434842586515,10.63,10403.24999999999
945,"[1, 5, 6, 10, 37, 38, 41, 66, 67, 93]",89.17,0.3060060781240463,1470.1373708248138,11.19,10414.439999999991
946,"[9, 17, 28, 42, 50, 60, 61, 75, 84, 92]",89.62,0.305587622821331,1471.3078746795654,11.34,10425.779999999992
947,"[3, 7, 16, 23, 45, 47, 72, 78, 81, 90]",89.45,0.3043255205452442,1472.9219624996183,11.71,10437.48999999999
948,"[9, 17, 28, 42, 50, 60, 61, 75, 84, 92]",89.8,0.3005884261429309,1474.1686866283417,11.34,10448.82999999999
949,"[4, 11, 25, 51, 52, 55, 56, 57, 64, 94]",89.73,0.2983720161020756,1475.5678222179413,11.38,10460.20999999999
950,"[8, 18, 26, 39, 43, 58, 71, 86, 95, 98]",89.62,0.2938374996185303,1477.0846993923187,11.13,10471.33999999999
951,"[1, 5, 6, 10, 37, 38, 41, 66, 67, 93]",89.58,0.3032281900942326,1478.445811033249,11.19,10482.52999999999
952,"[1, 5, 6, 10, 37, 38, 41, 66, 67, 93]",89.1,0.310669043213129,1479.6989591121674,11.19,10493.71999999999
953,"[9, 17, 28, 42, 50, 60, 61, 75, 84, 92]",89.53,0.307564128562808,1480.901299238205,11.34,10505.05999999999
954,"[0, 13, 15, 20, 22, 30, 40, 70, 80, 96]",89.62,0.3003511363267898,1482.637764453888,10.93,10515.98999999999
955,"[14, 19, 24, 29, 31, 32, 34, 89, 97, 99]",89.03,0.3131149740517139,1484.1745219230652,9.94,10525.929999999991
956,"[9, 17, 28, 42, 50, 60, 61, 75, 84, 92]",89.61,0.3062769144773483,1485.476149559021,11.34,10537.269999999991
957,"[0, 13, 15, 20, 22, 30, 40, 70, 80, 96]",89.6,0.3035189518332481,1487.1480920314789,10.93,10548.199999999992
958,"[8, 18, 26, 39, 43, 58, 71, 86, 95, 98]",90.02,0.2913196645677089,1488.759388446808,11.13,10559.32999999999
959,"[9, 17, 28, 42, 50, 60, 61, 75, 84, 92]",89.7,0.3038547112047672,1489.949161052704,11.34,10570.669999999991
960,"[0, 13, 15, 20, 22, 30, 40, 70, 80, 96]",89.63,0.3059945903718472,1491.6519560813904,10.93,10581.599999999991
961,"[3, 7, 16, 23, 45, 47, 72, 78, 81, 90]",89.54,0.3047376970946789,1493.313643693924,11.71,10593.30999999999
962,"[9, 17, 28, 42, 50, 60, 61, 75, 84, 92]",89.76,0.3035204257071018,1494.4166140556335,11.34,10604.64999999999
963,"[4, 11, 25, 51, 52, 55, 56, 57, 64, 94]",89.67,0.298014915138483,1495.8782505989077,11.38,10616.02999999999
964,"[2, 21, 36, 44, 46, 49, 63, 74, 85, 91]",89.58,0.2983590523153543,1497.4696424007416,10.58,10626.60999999999
965,"[14, 19, 24, 29, 31, 32, 34, 89, 97, 99]",89.35,0.3045146657526493,1499.008538722992,9.94,10636.54999999999
966,"[12, 27, 35, 48, 59, 62, 68, 69, 77, 88]",89.38,0.3043174378573894,1500.626675605774,12.1,10648.64999999999
967,"[3, 7, 16, 23, 45, 47, 72, 78, 81, 90]",89.41,0.3016665295511484,1502.273917913437,11.71,10660.35999999999
968,"[2, 21, 36, 44, 46, 49, 63, 74, 85, 91]",89.68,0.2951821482926607,1503.9637405872345,10.58,10670.93999999999
969,"[9, 17, 28, 42, 50, 60, 61, 75, 84, 92]",90.0,0.2981906643509864,1505.2535490989685,11.34,10682.27999999999
970,"[0, 13, 15, 20, 22, 30, 40, 70, 80, 96]",89.6,0.2978381945192814,1506.9435012340546,10.93,10693.20999999999
971,"[1, 5, 6, 10, 37, 38, 41, 66, 67, 93]",89.52,0.3006215704977512,1508.313202381134,11.19,10704.39999999999
972,"[33, 53, 54, 65, 73, 76, 79, 82, 83, 87]",89.81,0.2960437925159931,1509.7889618873596,10.63,10715.02999999999
973,"[12, 27, 35, 48, 59, 62, 68, 69, 77, 88]",89.54,0.3035095202922821,1511.333844423294,12.1,10727.12999999999
974,"[33, 53, 54, 65, 73, 76, 79, 82, 83, 87]",89.58,0.3052224766463041,1512.6680965423584,10.63,10737.75999999999
975,"[12, 27, 35, 48, 59, 62, 68, 69, 77, 88]",89.74,0.2992716415971517,1514.362452507019,12.1,10749.85999999999
976,"[33, 53, 54, 65, 73, 76, 79, 82, 83, 87]",89.65,0.3069177444279194,1515.741391658783,10.63,10760.489999999989
977,"[8, 18, 26, 39, 43, 58, 71, 86, 95, 98]",89.6,0.2948747892677784,1517.316869020462,11.13,10771.619999999988
978,"[2, 21, 36, 44, 46, 49, 63, 74, 85, 91]",89.83,0.2946803040802478,1519.002536058426,10.58,10782.199999999988
979,"[8, 18, 26, 39, 43, 58, 71, 86, 95, 98]",89.82,0.2924647451937198,1520.468519449234,11.13,10793.329999999987
980,"[2, 21, 36, 44, 46, 49, 63, 74, 85, 91]",89.79,0.2941114516556263,1522.1500868797302,10.58,10803.909999999987
981,"[8, 18, 26, 39, 43, 58, 71, 86, 95, 98]",89.79,0.2908652536571026,1523.708324432373,11.13,10815.039999999986
982,"[2, 21, 36, 44, 46, 49, 63, 74, 85, 91]",89.77,0.2974350883811712,1525.423778772354,10.58,10825.619999999986
983,"[12, 27, 35, 48, 59, 62, 68, 69, 77, 88]",89.88,0.2971450442075729,1526.991811990738,12.1,10837.719999999987
984,"[33, 53, 54, 65, 73, 76, 79, 82, 83, 87]",89.79,0.3024300579726696,1528.403691291809,10.63,10848.349999999986
985,"[8, 18, 26, 39, 43, 58, 71, 86, 95, 98]",89.83,0.2927402954548597,1530.066555261612,11.13,10859.479999999985
986,"[9, 17, 28, 42, 50, 60, 61, 75, 84, 92]",89.72,0.304389224499464,1531.2632491588593,11.34,10870.819999999985
987,"[4, 11, 25, 51, 52, 55, 56, 57, 64, 94]",89.72,0.297959613353014,1532.7574996948242,11.38,10882.199999999984
988,"[4, 11, 25, 51, 52, 55, 56, 57, 64, 94]",89.48,0.3094175289571285,1534.3219356536863,11.38,10893.579999999984
989,"[3, 7, 16, 23, 45, 47, 72, 78, 81, 90]",89.4,0.3034452589601278,1536.1517124176023,11.71,10905.289999999983
990,"[8, 18, 26, 39, 43, 58, 71, 86, 95, 98]",89.97,0.2900731754302978,1537.7396430969238,11.13,10916.419999999982
991,"[14, 19, 24, 29, 31, 32, 34, 89, 97, 99]",89.33,0.3050183439999819,1539.3755378723145,9.94,10926.359999999982
992,"[12, 27, 35, 48, 59, 62, 68, 69, 77, 88]",89.7,0.3034120704233646,1540.960616827011,12.1,10938.459999999983
993,"[12, 27, 35, 48, 59, 62, 68, 69, 77, 88]",89.48,0.3092977128922939,1542.4433026313782,12.1,10950.559999999983
994,"[1, 5, 6, 10, 37, 38, 41, 66, 67, 93]",89.57,0.3018055918812752,1543.7304363250732,11.19,10961.749999999984
995,"[1, 5, 6, 10, 37, 38, 41, 66, 67, 93]",89.24,0.3072903372347355,1545.118327379227,11.19,10972.939999999984
996,"[3, 7, 16, 23, 45, 47, 72, 78, 81, 90]",89.6,0.3044502301514148,1546.7748053073883,11.71,10984.649999999983
997,"[9, 17, 28, 42, 50, 60, 61, 75, 84, 92]",89.79,0.3003243778645992,1548.0129432678225,11.34,10995.989999999983
998,"[0, 13, 15, 20, 22, 30, 40, 70, 80, 96]",89.6,0.3004560426622629,1549.8152437210083,10.93,11006.919999999984
999,"[1, 5, 6, 10, 37, 38, 41, 66, 67, 93]",89.68,0.3014835584908724,1551.076714515686,11.19,11018.109999999984
1000,"[2, 21, 36, 44, 46, 49, 63, 74, 85, 91]",89.62,0.2994521908462048,1552.7834553718567,10.58,11028.689999999984
