Epoch,Group_ID,Selected_Clients,Client_Count,Max_Delay,Accuracy,Loss,Run_Time
1,0,11;1;42;34;98;10;55;6;52;77,10,8.36,19.981971153846153,2.2709369965088673,15.729416131973267
2,1,13;57;5;4;79;14;90;37;40;71,10,8.71,11.678685897435898,2.2981832271967177,16.12689208984375
3,2,82;24;89;97;61;36;63;39;60;84,10,9.07,9.985977564102564,2.2931307768210387,16.56857991218567
4,3,3;27;65;47;38;9;17;54;93;8,10,8.83,16.526442307692307,2.309986893947308,16.918038368225098
5,4,12;75;25;73;76;43;67;35;2;53,10,8.22,10.006009615384615,2.2999937748297667,17.32386827468872
6,2,39;63;89;59;23;85;82;24;46;22,10,5.1,9.985977564102564,2.261307505460886,22.35289168357849
7,0,83;11;58;10;42;29;52;50;32;55,10,8.36,10.586939102564102,2.3100863083814964,24.908551692962646
8,4,53;70;7;94;76;2;75;43;51;35,10,7.31,20.452724358974358,2.2288089654384513,25.681352138519287
9,1,26;13;5;31;56;15;79;14;66;99,10,9.04,10.006009615384615,2.2614065622672057,26.40398907661438
10,3,9;27;91;30;93;87;28;20;47;38,10,8.82,19.821714743589745,2.359291834708972,26.80211615562439
11,2,18;24;84;46;95;64;60;63;97;22,10,7.89,19.21073717948718,2.2366852148985252,30.836123943328857
12,0,29;34;42;68;69;50;33;32;11;10,10,8.34,26.812900641025642,2.3366555006076126,34.17483878135681
13,4,88;86;12;7;76;92;94;70;75;51,10,7.52,28.395432692307693,2.0443863517198806,34.681554555892944
14,1,13;56;90;66;37;15;71;4;44;5,10,8.6,18.719951923076923,2.296694810573871,35.589622259140015
15,3,91;38;47;17;45;28;9;30;3;20,10,8.86,16.846955128205128,2.304496373885717,36.30307984352112
16,2,78;23;97;19;41;89;24;22;95;60,10,8.67,19.69150641025641,2.2218849658966064,40.13471055030823
17,0,32;83;77;1;50;98;34;72;6;68,10,7.88,19.881810897435898,2.081520546705295,42.76713728904724
18,4,67;53;7;92;80;94;88;75;86;73,10,8.26,27.213541666666668,1.9375396905801234,43.58565163612366
19,1,90;15;99;71;37;13;79;66;40;26,10,9.06,38.932291666666664,1.942470330458421,45.20745515823364
20,3,28;91;96;45;54;47;74;27;30;38,10,8.85,27.954727564102566,2.1181337298491063,45.86705708503723
21,2,63;19;36;89;18;46;0;85;41;95,10,8.67,26.392227564102566,2.0630998947681527,49.501818895339966
22,0,1;10;6;34;77;98;32;69;42;11,10,8.35,34.59535256410256,1.9328953746037605,51.75521159172058
23,4,62;86;51;35;73;67;76;53;25;80,10,8.25,40.29447115384615,1.6600163242755792,52.4782338142395
24,1,57;26;14;79;44;90;21;99;49;31,10,8.97,29.857772435897434,1.7344470742421272,55.207003116607666
25,3,8;17;96;54;47;87;65;91;93;48,10,8.88,30.138221153846153,1.883000543484321,55.69009852409363
26,2,24;82;63;22;61;23;39;89;19;84,10,9.08,24.58934294871795,1.9698418241280775,59.22407674789429
27,0,10;69;11;6;52;42;1;72;77;98,10,8.43,47.365785256410255,1.8193860084582598,61.06537318229675
28,4,76;86;92;51;94;88;2;12;80;75,10,8.03,37.239583333333336,1.5721584038856702,61.3989462852478
29,1,56;37;66;40;26;49;57;90;44;31,10,9.2,24.10857371794872,1.8175265116569324,65.14140224456787
30,3,20;28;45;93;8;91;48;38;3;27,10,8.75,35.56690705128205,1.8258167933195064,65.59412837028503
31,2,16;97;84;64;78;89;23;95;39;85,10,7.89,27.534054487179485,2.09276415904363,67.72504830360413
32,0,32;10;83;34;33;6;50;11;58;52,10,7.61,28.99639423076923,1.9049788086842268,69.23678278923035
33,4,7;12;76;70;80;35;25;86;43;75,10,8.03,52.09334935897436,1.4332713041550074,70.05875420570374
34,3,96;93;17;9;28;38;20;87;27;8,10,8.03,31.96113782051282,1.6461131970087688,74.36258840560913
35,1,37;56;15;40;31;21;90;5;4;66,10,8.87,25.89142628205128,1.689803231985141,74.92731094360352
36,2,36;59;41;23;63;82;89;0;46;61,10,9.11,41.37620192307692,1.4914134404598138,77.36388087272644
37,0,83;50;11;29;72;6;68;55;42;10,10,8.4,29.627403846153847,1.7653708733045137,78.20374321937561
38,4,62;67;51;70;25;86;76;35;94;53,10,7.31,48.37740384615385,1.382018737303905,78.64285659790039
39,3,38;8;9;65;96;3;74;27;91;47,10,8.83,43.52964743589744,1.615506201218336,83.99449181556702
40,1,37;21;66;57;99;4;5;56;13;79,10,8.63,38.21113782051282,1.5921266980660267,84.48952651023865
41,2,16;59;84;82;22;61;89;97;78;23,10,9.08,34.15464743589744,1.7924175659815471,87.31387519836426
42,0,6;55;33;34;52;98;32;42;77;50,10,8.36,36.458333333333336,1.7557716721143477,87.85721516609192
43,4,35;53;43;88;80;51;2;12;86;76,10,8.01,37.51001602564103,1.4440711874228258,88.32625722885132
44,3,30;38;27;17;54;65;3;96;87;48,10,8.75,45.37259615384615,1.5574225279001088,93.37324380874634
45,1,66;49;40;31;14;4;44;99;26;21,10,9.11,48.046875,1.4652028527015295,94.29098105430603
46,2,39;18;97;59;78;60;46;0;16;22,10,6.33,38.31129807692308,1.4626584603236272,94.62970328330994
47,0,32;42;6;11;50;33;98;55;58;68,10,8.34,37.37980769230769,1.5971906689497142,96.98538541793823
48,4,88;25;75;51;35;2;73;86;76;62,10,8.22,45.592948717948715,1.3669700821240742,97.39063453674316
49,3,91;28;48;65;9;47;27;45;87;74,10,8.9,48.38741987179487,1.303450081592951,102.91245293617249
50,1,14;40;79;90;44;26;21;57;15;37,10,9.09,41.88701923076923,1.4042261365132453,104.14406061172485
51,2,22;24;61;60;23;41;85;0;97;63,10,9.1,48.81810897435897,1.3007655831483693,104.54580879211426
52,4,43;12;67;70;7;76;75;25;86;35,10,7.34,52.75440705128205,1.2071145069904816,105.27936244010925
53,0,33;68;52;69;34;72;77;11;42;83,10,8.41,38.37139423076923,1.5859670516772149,106.0027072429657
54,3,30;28;20;3;8;17;96;45;81;65,10,8.43,39.743589743589745,1.4838630312528365,111.9418478012085
55,1,57;26;56;71;90;14;13;44;4;5,10,9.05,43.49959935897436,1.5146268269954584,114.14156794548035
56,2,61;36;23;78;63;16;95;19;85;18,10,9.1,41.72676282051282,1.4648579007539995,114.71434950828552
57,0,69;32;72;98;29;58;11;52;77;42,10,8.45,37.04927884615385,1.7521685759226482,115.29566097259521
58,4,80;88;70;94;67;76;73;62;51;75,10,8.25,42.708333333333336,1.3386319004572356,115.64656066894531
59,3,81;30;38;74;9;48;20;17;65;27,10,8.73,50.0,1.226945161819458,121.30244445800781
60,0,68;58;1;83;34;77;32;29;33;52,10,7.61,45.36258012820513,1.282166560490926,123.80820059776306
61,1,44;90;13;15;79;14;26;49;66;57,10,8.97,45.88341346153846,1.3686084441649609,124.4580750465393
62,2,18;61;95;46;82;63;89;16;19;78,10,9.11,48.36738782051282,1.4222834217242706,124.90221571922302
63,4,92;94;53;86;25;35;51;88;2;75,10,7.38,58.102964743589745,1.1095982553103032,125.29459857940674
64,3,47;54;27;74;20;45;38;3;28;87,10,8.86,55.37860576923077,1.155091758721914,130.7431046962738
65,0,98;1;10;68;77;72;34;69;83;29,10,7.9,57.732371794871796,1.167058744491675,132.2547562122345
66,2,39;18;64;0;82;16;59;36;46;84,10,7.89,43.02884615384615,1.3898378946842291,133.37498807907104
67,1,56;44;26;66;21;71;99;79;15;49,10,9.07,37.92067307692308,1.5121346391164339,134.1654109954834
68,4,7;2;53;51;76;92;67;12;25;73,10,8.24,61.328125,1.0823633747223096,134.58502984046936
69,3,81;17;28;74;38;54;27;9;45;48,10,8.73,46.85496794871795,1.2945599525402753,140.24683356285095
70,0,11;32;50;98;77;1;29;69;52;33,10,7.62,61.64863782051282,1.1579799804932032,140.67357277870178
71,2,60;24;18;84;36;19;41;82;97;78,10,8.68,50.671073717948715,1.2127169126119368,142.58644342422485
72,4,86;25;76;73;70;88;53;94;12;51,10,8.23,56.41025641025641,1.063112117541142,143.56457233428955
73,1,5;49;57;90;99;37;44;21;4;26,10,8.96,54.557291666666664,1.1189016103744507,144.08162593841553
74,3,27;87;38;81;74;28;65;48;45;20,10,8.74,51.22195512820513,1.182726902839465,149.63318753242493
75,0,52;34;10;42;69;83;11;68;50;98,10,8.36,54.20673076923077,1.2059035576306856,150.15620970726013
76,2,95;60;46;0;64;89;23;84;19;78,10,7.95,59.52524038461539,1.1005779932706783,151.0677170753479
77,4,62;70;94;88;86;2;80;25;7;73,10,8.25,53.60576923076923,1.0523325648063269,152.39574813842773
78,1,57;71;31;90;44;49;79;56;4;5,10,8.63,56.61057692307692,1.1836811831364265,153.32600617408752
79,0,77;55;68;52;32;83;34;29;98;72,10,7.94,43.89022435897436,1.4036097205602205,159.00481057167053
80,2,36;19;24;46;95;82;23;89;84;59,10,7.67,59.03445512820513,1.0825768961356237,159.61383390426636
81,3,45;30;54;93;96;47;81;27;87;38,10,8.83,48.547676282051285,1.2308130952028127,160.31121611595154
82,4,86;62;88;67;7;76;25;35;75;43,10,7.14,58.74399038461539,1.109617713934336,160.77786016464233
83,1,21;40;4;15;71;79;57;37;66;13,10,8.72,57.00120192307692,1.1992553174495697,162.60188388824463
84,0,72;11;1;50;34;69;68;32;10;77,10,7.87,57.28165064102564,1.153926907441555,167.64550304412842
85,2,39;64;19;18;60;95;85;16;78;63,10,7.96,51.96314102564103,1.2554666079007661,168.4820728302002
86,4,53;88;75;80;86;94;35;67;51;92,10,8.01,54.31690705128205,1.0869579972364964,169.63578724861145
87,3,93;45;9;30;17;38;54;28;96;48,10,8.74,55.86939102564103,1.112098330870653,170.10270953178406
88,1,99;5;14;26;44;79;15;66;90;13,10,8.94,58.092948717948715,1.1506469272650206,172.1137659549713
89,0,34;32;10;83;1;33;98;55;50;58,10,5.68,59.875801282051285,1.0806050178332207,173.92506909370422
90,2,41;16;36;97;85;63;18;89;82;22,10,8.66,46.88501602564103,1.3726158294922266,177.75212359428406
91,4,94;51;76;25;62;86;70;12;35;73,10,8.23,54.41706730769231,1.0810635930452592,178.45940685272217
92,3,9;8;27;45;87;30;93;74;48;20,10,8.73,59.88581730769231,1.035690962504118,179.39147329330444
93,1,56;37;79;71;31;5;40;4;26;21,10,9.21,50.15024038461539,1.3180240835898962,181.9121081829071
94,0,42;1;10;34;52;68;50;58;83;29,10,8.35,50.93149038461539,1.207358459631602,182.8243453502655
95,2,84;16;23;64;78;63;39;89;41;24,10,8.67,38.48157051282051,1.7810858304683979,187.16437888145447
96,4,86;12;94;73;51;43;76;70;7;92,10,8.24,48.567708333333336,1.174178651510141,187.59044313430786
97,3,47;65;81;45;54;93;91;38;3;30,10,8.85,49.01842948717949,1.3836649732711988,188.80134963989258
98,1,13;44;37;90;5;56;26;79;4;49,10,9.04,59.94591346153846,1.0543503852990956,191.7728066444397
99,0,69;68;6;33;42;32;50;34;52;55,10,8.34,47.88661858974359,1.1677024486737373,192.23362255096436
100,4,53;43;67;2;62;51;7;25;75;94,10,6.14,63.772035256410255,0.9794394243986179,194.34956622123718
101,2,16;24;39;82;22;41;63;64;97;0,10,8.67,43.94030448717949,1.349512823117085,196.3746678829193
102,3,17;20;81;45;38;28;65;30;54;96,10,8.39,54.45713141025641,1.1233085202865112,197.79203009605408
103,0,42;68;52;98;83;1;29;55;58;50,10,8.36,60.75721153846154,1.0493230177805974,201.28012800216675
104,1,66;90;15;56;14;40;37;49;13;5,10,8.88,58.84415064102564,1.1011974521172352,201.7824957370758
105,4,94;86;35;80;62;53;43;75;92;70,10,8.03,55.48878205128205,1.1497473021348317,202.9133656024933
106,2,60;63;46;24;36;97;84;61;0;23,10,9.07,49.739583333333336,1.084981503394934,206.05848002433777
107,3,81;54;93;20;96;3;9;38;45;27,10,8.39,57.37179487179487,1.0739373832176893,206.7865903377533
108,0,11;69;98;83;1;55;10;33;52;58,10,7.61,59.82572115384615,1.0924703906743953,209.52145528793335
109,4,92;75;70;86;76;62;2;67;7;25,10,7.51,63.40144230769231,1.036353417696097,211.26695466041565
110,1,13;71;37;44;40;49;26;90;5;21,10,9.07,59.294871794871796,1.0273789511277125,211.8275899887085
111,0,34;77;68;32;10;69;6;50;33;55,10,5.74,60.52684294871795,0.9579720986195099,216.08053708076477
112,2,89;95;41;36;18;61;19;78;85;84,10,9.14,58.45352564102564,1.0903858175644507,216.5086977481842
113,3,45;3;8;47;91;20;27;65;28;9,10,8.86,60.677083333333336,0.9911486842693427,216.86819624900818
114,4,53;86;35;94;92;70;88;80;75;2,10,8.03,59.264823717948715,0.97962287068367,219.88737297058105
115,1,66;40;21;13;31;79;90;15;44;26,10,9.06,58.79407051282051,1.046535244354835,221.49404525756836
116,0,42;69;50;33;72;68;34;6;11;83,10,8.38,50.100160256410255,1.0900083810855181,225.0587556362152
117,2,84;59;97;41;85;0;60;39;82;89,10,8.66,54.216746794871796,1.0720669306241548,225.76319217681885
118,3,8;81;45;30;48;17;47;74;91;20,10,8.89,62.77043269230769,0.9691685499289097,226.36819076538086
119,4,35;25;7;67;75;53;2;86;43;12,10,6.41,57.69230769230769,1.057804476756316,227.03054976463318
120,1,13;40;44;57;99;14;66;37;21;49,10,8.72,61.85897435897436,0.9901428803419455,230.7660892009735
121,2,63;18;22;36;60;82;59;95;84;24,10,5.81,55.939503205128204,1.0517088900773952,232.19466400146484
122,0,77;42;32;83;69;68;34;29;98;6,10,8.36,58.45352564102564,1.1247261586861732,234.02276754379272
123,4,94;75;73;25;70;86;53;2;67;62,10,8.22,65.14423076923077,1.052135216884124,236.0451738834381
124,3,3;38;91;17;74;27;47;48;65;20,10,8.91,59.44511217948718,1.0391099468255653,236.6977140903473
125,1,44;31;13;66;71;49;15;99;26;5,10,8.95,60.30649038461539,1.0184263059726129,240.32890582084656
126,2,22;16;95;41;64;19;82;36;63;39,10,8.67,55.989583333333336,1.2479154223050826,241.45170974731445
127,0,29;58;69;55;52;72;68;42;33;50,10,8.41,50.651041666666664,1.2453425832283802,242.9653561115265
128,4,35;76;25;86;67;51;94;2;43;88,10,7.13,64.15264423076923,0.9468730176106478,243.7886688709259
129,3,74;96;30;48;17;47;27;38;93;65,10,8.9,55.79927884615385,1.2200802534054487,246.23150777816772
130,0,33;10;98;77;68;69;11;32;83;50,10,6.14,53.10496794871795,1.1186843025378692,249.95640754699707
131,1,5;56;37;26;99;57;31;66;44;14,10,9.04,56.40024038461539,1.1174632685306745,250.53302693367004
132,2,89;97;85;0;16;46;36;22;60;41,10,8.65,53.97636217948718,1.0353915569109795,250.86362218856812
133,4,2;62;35;88;92;86;75;12;7;94,10,7.39,57.7724358974359,0.9845772377955608,251.7873556613922
134,3,20;3;48;30;47;93;9;96;74;65,10,8.92,60.837339743589745,1.0219776607476747,255.7239453792572
135,0,68;77;11;10;34;69;58;32;42;50,10,8.34,48.547676282051285,1.248696356247633,258.9662489891052
136,1,14;66;79;31;40;4;49;44;37;15,10,8.72,56.31009615384615,1.1267333282874181,259.79536294937134
137,4,80;12;92;70;67;88;7;76;35;94,10,8.06,65.3545673076923,0.9048420809782468,260.5700030326843
138,2,63;89;0;16;64;60;61;19;36;59,10,9.1,62.52003205128205,0.9875660477540432,261.11553406715393
139,3,93;91;47;54;45;30;38;81;28;8,10,8.83,66.29607371794872,0.906213627411769,265.16012930870056
140,0,11;83;33;68;34;98;77;32;69;58,10,6.14,58.38341346153846,1.0851860764699104,265.86301445961
141,1,57;14;44;99;21;79;15;66;13;31,10,7.15,57.84254807692308,1.001450994075873,267.5840473175049
142,4,12;94;92;88;51;7;73;75;43;86,10,8.23,60.857371794871796,0.9727335618092463,269.32211208343506
143,2,82;16;84;97;85;46;19;61;23;64,10,9.1,64.453125,0.9278736359033829,270.74918818473816
144,3,65;8;45;91;48;93;87;38;17;9,10,8.73,59.39503205128205,0.9889798790980608,274.845183134079
145,0,72;34;11;55;68;42;32;6;29;50,10,8.4,51.252003205128204,1.1463583188179212,275.3810513019562
146,1,31;57;4;37;79;13;15;49;56;21,10,8.65,48.21714743589744,1.275815526644389,276.80552077293396
147,4,73;2;43;35;67;70;51;7;12;92,10,8.24,57.36177884615385,0.9941609417780851,278.0961034297943
148,2,18;78;24;60;61;63;46;23;64;22,10,9.09,65.14423076923077,0.8989271085995895,280.4061908721924
149,3,47;93;9;8;20;91;54;45;3;96,10,8.84,57.83253205128205,0.9717640387706268,284.3590052127838
150,0,10;42;69;68;34;50;77;33;29;11,10,8.34,53.76602564102564,1.062672686882508,284.7608938217163
151,4,88;67;7;53;51;92;2;75;25;35,10,7.38,59.875801282051285,1.058558042996969,286.2995226383209
152,1,79;14;49;57;5;15;44;56;40;31,10,8.91,61.54847756410256,0.9460292343909924,286.82854533195496
153,2,24;22;39;41;46;19;0;64;59;97,10,8.67,67.25761217948718,0.8823254704475403,289.6906957626343
154,0,1;69;10;52;50;33;83;68;72;55,10,7.9,62.59014423076923,0.9796409263060644,293.38827657699585
155,3,27;20;54;30;48;8;28;81;3;65,10,8.75,64.01241987179488,0.9505726916667743,293.82049655914307
156,4,67;25;75;2;43;12;88;94;53;80,10,8.0,63.48157051282051,0.9657694529264401,294.8982195854187
157,1,13;57;14;31;26;40;66;37;5;56,10,9.21,61.87900641025641,1.0197881658871968,296.6289987564087
158,2,41;46;36;95;23;18;78;19;39;63,10,8.68,69.5713141025641,0.8708579975825089,298.9695727825165
159,0,33;55;83;29;11;6;10;72;69;58,10,7.88,58.02283653846154,1.0819007089504828,301.91047382354736
160,3,96;20;9;27;81;30;54;45;65;74,10,8.37,58.35336538461539,1.0076710505363269,302.74343514442444
161,4,94;70;92;35;53;7;80;75;88;86,10,8.03,62.46995192307692,0.9320058532250233,303.47786021232605
162,1,37;5;49;13;15;31;57;4;79;21,10,7.7,64.7235576923077,0.8700843071326231,304.91157722473145
163,2,41;18;89;95;78;60;63;16;36;82,10,8.67,54.87780448717949,1.1184493952836745,308.2576024532318
164,0,98;33;52;72;42;10;1;34;6;32,10,8.42,61.067708333333336,1.0948819059592028,310.9851293563843
165,3,9;87;27;8;30;48;81;65;38;74,10,8.73,67.1474358974359,0.8713823579824888,312.2652235031128
166,4,43;73;92;67;51;80;75;94;70;86,10,8.26,54.90785256410256,1.0531125221496973,312.7024564743042
167,1,5;44;13;90;99;37;71;26;15;56,10,9.01,62.94070512820513,1.0771482212421222,314.5333688259125
168,2,95;85;22;46;18;89;59;41;97;78,10,8.66,63.541666666666664,0.89515814720056,317.4697940349579
169,0,58;29;10;50;42;33;52;32;77;69,10,8.36,53.07491987179487,1.1196950758114839,319.9106373786926
170,4,86;51;53;35;12;7;94;76;62;70,10,7.33,56.48036858974359,1.019206167031557,320.6530923843384
171,3,9;65;87;48;3;27;20;96;17;74,10,8.74,59.61538461538461,0.9960985542872013,321.56648993492126
172,1,79;5;44;15;40;26;13;56;49;66,10,9.2,64.31290064102564,0.9790668655664493,324.2952814102173
173,2,23;63;16;61;59;36;95;41;60;84,10,9.11,60.056089743589745,1.0586321705426924,327.1347999572754
174,0,69;34;83;50;58;98;77;11;32;72,10,7.89,62.19951923076923,1.0516460942916381,328.4623727798462
175,4,80;94;67;75;62;92;51;12;25;88,10,8.01,65.90544871794872,0.9580432925468836,329.1854090690613
176,3,20;38;8;81;48;93;91;87;74;65,10,8.72,68.93028846153847,0.8602402149102627,330.8098564147949
177,1,40;13;21;37;31;71;90;26;5;14,10,9.07,62.9306891025641,0.9167802884028509,333.9472508430481
178,0,10;55;34;1;32;6;83;52;69;98,10,7.61,68.03886217948718,0.9713539901452187,336.88942432403564
179,2,63;59;0;61;16;60;78;95;19;24,10,9.09,57.532051282051285,1.0342571009428074,337.4352958202362
180,4,35;7;67;86;73;76;12;80;53;70,10,8.27,59.064503205128204,1.0304566163283129,338.06533312797546
181,3,96;3;9;93;38;17;65;91;81;45,10,8.4,57.86258012820513,1.0489323804011712,339.80989503860474
182,1,79;57;14;40;99;15;5;4;66;26,10,9.1,64.29286858974359,0.9492175838886163,343.6502184867859
183,0,69;10;11;72;50;42;1;52;68;98,10,8.41,65.60496794871794,0.8768096917714828,345.88658571243286
184,4,12;88;73;94;62;80;76;75;92;2,10,8.26,64.87379807692308,0.9526004607860858,347.1538872718811
185,2,36;22;41;61;0;59;97;85;18;46,10,9.11,68.7099358974359,0.8443128886895302,347.6532905101776
186,3,54;81;8;96;48;20;93;3;27;91,10,8.73,64.71354166666667,0.8977464689658239,349.1695647239685
187,1,49;31;14;44;13;4;21;37;56;66,10,8.64,62.46995192307692,1.0326621861029894,352.9068100452423
188,0,69;72;32;29;6;55;58;34;1;83,10,7.87,61.047676282051285,1.100165340380791,354.3321988582611
189,4,51;7;94;92;43;35;62;88;75;53,10,7.38,66.54647435897436,0.9023590179590079,355.16628432273865
190,2,39;16;89;24;41;59;95;46;22;78,10,8.66,60.94751602564103,1.04818650163137,356.9032344818115
191,3,48;65;54;74;91;27;9;30;96;81,10,8.73,53.515625,1.0659006902804742,358.42889404296875
192,0,83;50;52;11;6;32;77;29;55;34,10,7.61,62.98076923076923,0.9039445848037035,362.672744512558
193,1,49;79;37;13;99;26;5;57;40;71,10,9.09,63.23116987179487,0.9162731575660217,363.052622795105
194,2,39;89;16;18;60;59;78;23;0;85,10,6.34,59.61538461538461,0.9796445400286944,364.0596101284027
195,4,76;43;80;73;53;2;86;92;67;51,10,8.26,56.2099358974359,1.0922843363040533,364.4156165122986
196,3,96;74;8;20;9;17;54;47;27;48,10,8.88,63.14102564102564,0.8586105398642712,367.9404146671295
197,0,58;6;29;69;32;72;34;83;50;10,10,7.88,62.51001602564103,1.0253398792865949,371.07939624786377
198,1,79;49;56;44;71;15;14;5;4;13,10,8.64,62.84054487179487,0.968954174946516,372.32012152671814
199,4,67;86;51;25;12;76;7;53;80;73,10,8.25,66.20592948717949,0.8770751143113161,373.35549306869507
200,2,64;78;60;82;19;39;85;63;84;41,10,8.68,68.67988782051282,0.8435219526290894,373.79549193382263
201,3,9;47;48;96;45;74;20;87;91;93,10,8.89,62.40985576923077,0.9068968632282355,377.4160010814667
202,0,32;55;77;34;6;11;58;10;68;72,10,7.88,59.475160256410255,0.9679096402266086,379.5277056694031
203,2,89;18;63;97;78;59;22;23;60;95,10,6.33,59.94591346153846,0.9699112948698875,380.658314704895
204,4,67;75;86;76;92;51;94;7;12;43,10,7.44,59.39503205128205,1.091864024217312,381.5882866382599
205,1,4;49;90;66;56;37;13;40;5;44,10,8.88,67.02724358974359,0.8773642923587408,382.11732387542725
206,3,65;87;8;17;20;81;9;96;27;93,10,7.02,69.59134615384616,0.8309985001881918,384.9605567455292
207,0,55;77;50;10;29;11;52;42;69;72,10,8.42,56.63060897435897,1.007276868973023,388.6089541912079
208,4,70;7;2;12;88;94;75;67;35;25,10,7.25,67.23758012820512,0.8856718807648389,389.4590229988098
209,2,89;41;85;82;18;78;23;22;84;46,10,8.66,69.2207532051282,0.8733994678044931,390.3376512527466
210,1,99;57;4;71;66;44;37;15;90;49,10,7.71,67.5380608974359,0.8660959119980152,390.7764081954956
211,3,81;30;54;45;74;8;48;3;9;93,10,8.74,66.2860576923077,0.8807499026640867,394.32141971588135
212,0,68;72;69;33;32;50;10;77;55;52,10,7.91,63.92227564102564,0.8643090281731043,397.16663432121277
213,4,75;35;73;25;43;86;53;7;92;94,10,8.23,62.03926282051282,0.9861336686672308,398.4973883628845
214,2,36;22;19;16;41;60;61;97;78;18,10,9.14,62.610176282051285,0.9423866478296427,400.25556921958923
215,1,44;99;26;21;31;37;66;56;15;49,10,9.05,60.84735576923077,0.9435512278324518,400.65161299705505
216,3,3;9;54;87;74;17;81;45;27;96,10,8.39,67.3076923076923,0.8871654600669177,403.3152005672455
217,0,6;50;72;77;29;42;1;98;33;10,10,8.42,67.3076923076923,0.8887436573322003,406.163690328598
218,4,62;73;75;92;2;51;80;67;94;25,10,8.25,66.015625,0.8602812412457589,407.29222655296326
219,1,14;15;99;56;21;71;66;37;57;13,10,8.64,59.59535256410256,1.0275208468620594,410.0380482673645
220,2,59;82;41;18;60;78;63;39;61;89,10,9.12,64.453125,0.8569254409044217,410.49069356918335
221,3,28;87;54;93;8;3;74;9;48;27,10,8.73,60.92748397435897,0.9836840996375451,412.6176106929779
222,0,72;77;69;29;50;42;10;32;83;55,10,8.41,53.595753205128204,1.1456351318420508,415.1664400100708
223,4,43;75;67;70;62;76;80;92;53;88,10,8.04,65.8954326923077,0.8885497993383652,415.8993515968323
224,1,40;71;4;49;21;44;5;26;99;15,10,9.09,62.47996794871795,0.9196640321841607,419.776517868042
225,2,97;89;0;85;64;39;36;16;41;78,10,8.67,54.967948717948715,1.0360774902197032,420.30390882492065
226,3,27;87;54;20;30;3;45;48;8;17,10,8.75,71.25400641025641,0.7983292715671735,421.9376654624939
227,0,1;69;52;68;10;33;55;11;72;42,10,8.4,66.18589743589743,0.9094880276765579,424.50047850608826
228,4,86;7;35;51;62;43;70;53;80;94,10,8.01,57.88261217948718,0.9929175674915314,424.9280917644501
229,1,44;21;66;99;37;90;71;49;56;15,10,8.62,65.17427884615384,0.935904344687095,428.98369312286377
230,2,85;64;24;36;39;82;41;97;22;60,10,8.66,61.93910256410256,1.0591909396342742,429.60837721824646
231,3,45;28;81;47;91;27;38;54;48;20,10,8.89,67.20753205128206,0.8207099498846592,431.4341459274292
232,0,50;11;58;77;68;32;72;10;29;1,10,7.89,65.21434294871794,0.8934257374360011,432.9572925567627
233,4,67;12;73;80;70;35;88;53;25;86,10,8.25,67.01722756410257,0.8742947991077716,433.77990341186523
234,1,90;37;99;15;5;40;49;57;14;44,10,8.69,67.5380608974359,0.8431294484016223,438.4212386608124
235,2,16;95;78;36;85;97;19;61;23;59,10,9.09,61.227964743589745,0.9773987768552242,439.2436611652374
236,3,81;17;20;3;27;28;47;30;54;65,10,8.86,67.15745192307692,0.7985411767776196,440.8720407485962
237,0,33;50;52;83;77;1;58;6;69;72,10,7.91,64.64342948717949,0.9334297944337894,441.4970967769623
238,4,53;92;7;43;51;76;12;2;80;94,10,8.03,63.201121794871796,0.8745606511067121,442.42106223106384
239,1,21;40;5;4;15;90;57;79;99;66,10,8.7,65.7051282051282,0.910535277464451,447.83023858070374
240,2,63;89;82;78;64;22;85;97;95;19,10,7.94,63.73197115384615,0.8744100431601206,448.2402307987213
241,3,17;47;27;74;38;48;9;3;87;91,10,8.89,61.848958333333336,0.9135386523527976,450.5620665550232
242,0,50;33;32;58;68;83;42;77;6;69,10,8.34,59.13461538461539,0.9867570537787217,451.1239824295044
243,4,25;43;35;86;92;94;2;88;51;76,10,7.42,69.63141025641026,0.8457940488289564,451.4536085128784
244,1,66;37;44;40;71;49;99;4;15;21,10,8.72,68.05889423076923,0.828088294237088,457.321142911911
245,2,97;36;16;19;63;41;23;60;46;39,10,8.66,64.23277243589743,0.8914502094953488,457.69384360313416
246,3,45;17;96;48;30;93;9;81;65;54,10,8.74,56.10977564102564,0.9977944867733197,460.36801981925964
247,0,55;68;72;33;58;11;52;50;6;42,10,8.4,63.92227564102564,0.8975954162768829,460.8994140625
248,4,80;88;73;12;94;67;7;2;62;70,10,8.25,66.94711538461539,0.8323277059273843,461.29815340042114
249,2,97;84;64;18;78;63;16;82;85;39,10,7.9,59.20472756410256,0.9845092648114914,466.1445007324219
250,1,26;90;15;21;71;57;37;31;5;14,10,8.96,68.7099358974359,0.8062983682522407,466.87401390075684
251,3,65;74;8;93;45;48;3;28;20;96,10,8.77,69.07051282051282,0.8203815382260543,470.0446116924286
252,0,33;10;6;68;32;55;77;42;1;58,10,8.34,65.81530448717949,0.8814597381995275,470.607834815979
253,4,86;7;67;76;12;75;80;70;73;51,10,8.27,65.00400641025641,0.8445357695603982,470.9781560897827
254,2,59;60;63;95;85;18;22;97;16;82,10,5.78,64.1025641025641,0.8848843093101795,472.5113527774811
255,1,90;56;79;15;49;14;4;99;71;31,10,8.64,58.693910256410255,1.1356211923635924,476.05848121643066
256,0,33;11;6;68;50;58;1;83;55;77,10,6.06,68.05889423076923,0.8147798073597443,477.2824993133545
257,3,91;65;96;54;30;17;81;27;9;20,10,7.24,65.52483974358974,0.8626956924414023,477.8966646194458
258,4,25;7;80;92;94;73;2;51;53;88,10,8.25,68.19911858974359,0.8252739447813767,479.8204998970032
259,2,82;24;16;22;78;41;36;46;97;63,10,8.66,62.42988782051282,0.9729058360442137,481.78289580345154
260,1,44;31;40;15;99;37;14;26;71;66,10,9.07,64.43309294871794,0.8863752874044272,485.73065519332886
261,0,6;83;32;68;42;34;1;77;52;33,10,8.35,64.19270833333333,0.9115887009180509,486.4220950603485
262,3,87;47;65;91;20;81;28;9;38;30,10,8.83,64.82371794871794,0.825601421105556,487.34405541419983
263,4,53;94;67;35;75;92;2;62;51;70,10,7.44,66.82692307692308,0.8263633595063136,488.06021332740784
264,2,82;78;22;60;36;39;24;46;64;16,10,7.89,64.36298076923077,0.8910305622296456,490.2940995693207
265,0,6;10;33;77;34;11;32;29;1;68,10,6.11,67.43790064102564,0.8525265256563822,493.1414620876312
266,1,66;49;13;26;4;15;71;44;40;90,10,9.09,69.58133012820512,0.8309965041967539,495.6789331436157
267,3,28;17;81;30;96;91;93;38;27;20,10,8.04,62.810496794871796,0.8916839636289157,496.60588240623474
268,4,75;80;73;67;35;43;62;53;88;7,10,8.24,65.57491987179488,0.9409959904658489,497.1079070568085
269,2,64;46;24;59;95;61;16;36;85;18,10,9.08,64.20272435897436,0.9221623272467883,499.98900413513184
270,0,1;42;68;50;10;11;32;77;33;72,10,8.4,64.20272435897436,0.8979402322035569,502.1275489330292
271,1,31;71;44;37;56;57;99;49;79;66,10,8.63,61.69871794871795,0.9517403711111118,505.166433095932
272,4,7;88;94;12;76;70;2;75;51;86,10,7.31,69.21073717948718,0.8222351609132229,505.8449501991272
273,3,74;27;48;93;20;91;38;30;9;65,10,8.73,67.55809294871794,0.825527039093849,506.3992714881897
274,2,89;36;18;22;0;24;78;63;23;84,10,6.33,64.27283653846153,0.8488623163638971,507.0861120223999
275,0,72;98;1;77;42;69;33;83;55;68,10,8.41,63.83213141025641,0.8935012985498477,511.1405551433563
276,4,25;94;88;35;92;80;67;62;86;43,10,8.01,68.7099358974359,0.8406338531237382,514.7173759937286
277,1,37;90;40;4;99;57;49;44;26;13,10,9.09,66.60657051282051,0.8369519343742957,515.3543660640717
278,3,38;54;9;48;93;30;45;17;87;81,10,8.73,65.9755608974359,0.8311083034062997,516.1891462802887
279,2,41;95;18;16;89;60;82;78;39;36,10,8.67,61.73878205128205,0.9334973899217752,516.5372774600983
280,0,6;1;32;10;34;68;33;52;77;50,10,7.6,69.4110576923077,0.7972124776779077,519.3633444309235
281,4,25;88;7;53;94;76;73;67;86;35,10,8.22,67.25761217948718,0.8594697920175699,523.489089012146
282,1,5;13;37;99;90;57;21;4;14;40,10,8.7,65.9755608974359,0.8840258037432646,524.8411555290222
283,2,82;46;60;22;18;78;59;16;64;24,10,7.9,65.59495192307692,0.8460564720324981,525.4696245193481
284,3,20;54;9;45;27;87;17;74;28;47,10,8.84,65.29447115384616,0.8890682634634849,525.8528056144714
285,0,34;10;52;58;72;32;1;77;29;98,10,7.95,67.68830128205128,0.8828586874864041,527.8788211345673
286,4,86;53;73;75;51;12;70;67;94;80,10,8.25,64.16266025641026,0.8640718742822989,532.317658662796
287,1,13;40;31;99;5;15;71;26;44;56,10,9.17,66.7568108974359,0.8944063247778476,534.981897354126
288,2,60;46;59;19;18;0;41;63;23;97,10,8.67,64.1025641025641,0.8620421840594366,535.463859796524
289,3,38;17;20;9;27;28;30;96;54;48,10,8.73,57.54206730769231,1.104968521075371,535.8186223506927
290,0,68;11;1;10;32;42;6;50;55;69,10,8.34,68.32932692307692,0.8112018773188958,536.7425594329834
291,4,75;2;67;76;51;94;7;73;62;25,10,8.22,66.6766826923077,0.8447278248958099,541.0794303417206
292,1,99;79;21;56;13;66;15;71;49;31,10,8.64,63.35136217948718,0.9409550130367279,544.2184925079346
293,2,22;18;23;61;39;85;41;64;60;16,10,9.11,60.78725961538461,1.1203767214065943,545.3880679607391
294,0,58;52;98;83;34;32;33;72;50;10,10,7.93,64.71354166666667,1.0236321122218401,545.7479839324951
295,3,48;38;30;81;28;91;8;9;20;3,10,8.74,62.0693108974359,0.9308110032326136,546.1517863273621
296,4,67;70;51;86;43;12;88;80;35;53,10,8.01,68.46955128205128,0.8376677242609171,549.6964597702026
297,2,84;24;97;82;23;85;0;63;59;19,10,7.66,68.0889423076923,0.8394224872955909,554.032844543457
298,0,69;50;10;68;52;34;77;98;29;11,10,7.62,64.63341346153847,0.9169987722849234,554.5091161727905
299,1,99;31;44;56;15;57;71;26;21;5,10,9.04,65.48477564102564,0.9042475315240713,555.0110540390015
300,3,38;20;65;54;9;30;45;74;91;28,10,8.38,63.932291666666664,0.9066818769161518,555.3865745067596
301,4,92;88;76;7;75;43;73;62;67;86,10,8.24,61.2880608974359,0.9699545953518305,558.5298266410828
302,0,11;42;34;77;72;32;33;69;52;50,10,8.41,63.91225961538461,0.8758609761030246,563.780520439148
303,2,19;36;59;23;16;60;46;61;84;0,10,9.08,62.970753205128204,0.9735717039841872,564.5047419071198
304,1,79;15;49;4;31;5;90;26;57;44,10,8.96,69.67147435897436,0.7789429395626752,565.0086131095886
305,3,20;48;45;47;74;54;17;38;30;27,10,8.9,66.63661858974359,0.7969816105488019,565.4008929729462
306,4,86;25;80;88;43;7;35;2;76;73,10,8.25,67.05729166666667,0.8830732374619215,567.3331973552704
307,0,52;11;32;34;42;10;69;68;77;58,10,8.35,62.600160256410255,0.9921454389890035,572.7810432910919
308,2,61;63;36;60;23;84;97;85;0;59,10,9.07,62.07932692307692,0.8886237442493439,574.616598367691
309,1,26;66;57;56;4;49;14;71;15;5,10,9.09,66.22596153846153,0.896543168868774,574.9948630332947
310,3,93;17;91;27;48;87;96;30;8;20,10,8.73,67.42788461538461,0.8356055265817887,575.3390576839447
311,4,86;88;70;75;67;51;80;7;43;92,10,8.03,69.24078525641026,0.8054419037623283,575.9638319015503
312,0,69;32;50;10;52;72;83;6;11;29,10,7.91,68.02884615384616,0.7869083476372254,581.3095757961273
313,1,57;21;71;90;37;13;31;15;99;44,10,7.24,65.9354967948718,0.8435770303775103,582.8369679450989
314,2,19;23;59;22;78;60;61;85;41;24,10,9.12,68.24919871794872,0.7956864887323135,584.2669034004211
315,4,88;86;76;92;51;73;53;75;12;7,10,8.24,67.07732371794872,0.8832194086832877,584.955429315567
316,3,47;74;8;48;3;30;9;17;28;38,10,8.91,68.49959935897436,0.7654604552648007,585.3992774486542
317,0,98;1;34;50;83;29;11;42;68;10,10,8.35,69.34094551282051,0.785984551295256,590.235836982727
318,1,66;71;79;14;40;5;15;37;21;49,10,8.72,69.13060897435898,0.7668527143123822,592.1737194061279
319,4,80;62;73;12;53;76;7;25;88;67,10,8.25,60.84735576923077,1.0890732461061232,593.9854612350464
320,2,16;63;82;24;61;19;36;41;84;0,10,9.12,63.23116987179487,1.0300626319188337,594.737044095993
321,3,48;65;27;20;28;93;17;54;3;45,10,8.76,69.16065705128206,0.7819303938975701,595.11510181427
322,0,55;83;42;32;72;98;29;58;50;68,10,8.42,63.81209935897436,0.9029622001525683,599.2910718917847
323,1,79;14;15;57;66;4;99;44;13;49,10,7.72,66.98717948717949,0.8209623931310116,600.515186548233
324,4,53;35;70;94;75;76;88;51;86;12,10,7.32,72.12540064102564,0.7611952041968321,601.935714006424
325,2,84;89;39;61;60;63;18;78;24;95,10,9.08,68.359375,0.7831348471152477,604.624162197113
326,3,38;48;74;81;47;45;3;54;93;8,10,8.9,66.7568108974359,0.8032536949866858,605.0461502075195
327,0,69;55;10;58;11;33;98;34;29;32,10,6.15,66.37620192307692,0.8861336432970487,606.072457075119
328,1,40;44;15;71;56;21;90;4;49;5,10,8.9,67.56810897435898,0.8643684050975702,610.0167224407196
329,4,80;2;25;43;53;94;92;51;88;12,10,8.01,70.45272435897436,0.8129360989118234,610.6967558860779
330,2,89;41;23;39;18;59;85;84;97;46,10,8.65,71.55448717948718,0.7391887268958948,613.8266913890839
331,3,27;8;54;45;30;28;47;93;48;91,10,8.9,72.87660256410257,0.748745607259946,614.5421214103699
332,0,1;33;72;10;77;50;11;42;52;34,10,8.41,71.0136217948718,0.7572049292234274,615.2406666278839
333,4,53;75;12;25;7;43;76;35;88;51,10,7.14,66.8770032051282,0.8891826172669729,618.3653335571289
334,1,4;99;44;14;57;26;49;13;31;5,10,8.97,67.1875,0.8066853942015232,619.7993485927582
335,2,22;89;97;18;78;0;23;63;84;59,10,6.33,67.05729166666667,0.8009513677694858,620.719954252243
336,0,58;55;68;52;98;10;11;29;72;6,10,7.94,66.49639423076923,0.8619646812096621,623.808732509613
337,3,28;20;65;74;96;8;87;9;91;45,10,8.38,67.79847756410257,0.8208717489853884,624.2708201408386
338,4,53;92;67;2;76;80;70;35;25;62,10,8.05,68.22916666666667,0.8617817461490631,627.0492889881134
339,2,19;36;64;85;18;78;0;59;63;23,10,7.95,71.00360576923077,0.7514342046700991,629.4433183670044
340,1,79;26;56;40;44;4;99;14;31;90,10,9.2,63.52163461538461,0.9624688785809737,629.9215157032013
341,0,29;58;68;55;42;52;10;34;6;1,10,8.35,65.29447115384616,0.8631856976411282,632.8892757892609
342,3,93;9;3;38;28;91;74;54;81;87,10,8.17,61.74879807692308,0.9290692317180145,633.4061164855957
343,4,67;88;76;92;73;51;7;70;62;80,10,8.28,70.9735576923077,0.8384952522241153,635.9381241798401
344,2,85;22;39;18;41;97;78;24;60;82,10,8.66,70.08213141025641,0.7800966562368931,638.663334608078
345,1,90;44;56;13;15;49;26;57;14;4,10,9.07,64.95392628205128,0.9127840392100506,639.694169998169
346,0,34;10;68;11;98;50;77;1;29;83,10,6.19,70.01201923076923,0.8044828367538941,640.1094143390656
347,3,17;3;20;93;27;30;81;38;54;91,10,8.14,67.56810897435898,0.7998377955876864,642.121267080307
348,4,43;73;35;62;92;7;75;2;94;51,10,8.22,65.9354967948718,0.8331217399010291,644.7493863105774
349,0,34;77;1;6;68;69;83;11;58;98,10,6.12,69.40104166666667,0.800141555376542,647.0146150588989
350,2,39;78;18;97;84;89;64;63;85;23,10,7.89,67.83854166666667,0.8090215310072287,647.4607315063477
351,1,5;71;21;49;13;15;56;99;40;90,10,8.88,66.4463141025641,0.9369924374115772,649.1777493953705
352,3,48;54;20;27;8;38;93;96;65;47,10,8.89,69.62139423076923,0.7961963147689135,651.6151008605957
353,4,76;53;70;92;51;73;43;35;7;67,10,8.24,69.53125,0.7683372658032638,653.5619325637817
354,0,55;11;77;6;10;83;58;42;1;33,10,8.35,68.21915064102564,0.8174548684022366,655.9988355636597
355,2,18;63;41;89;46;97;95;0;23;19,10,8.67,70.25240384615384,0.7847188008137238,656.7212183475494
356,1,40;99;31;66;21;90;79;14;37;49,10,8.71,68.6698717948718,0.783510032372597,658.446564912796
357,3,20;3;65;93;30;38;27;47;48;87,10,8.92,66.62660256410257,0.8267467212982667,661.3136138916016
358,4,70;2;75;67;7;25;62;76;51;53,10,7.31,69.30088141025641,0.7964437107245127,661.7523317337036
359,0,6;29;42;10;1;11;77;33;32;34,10,8.34,68.10897435897436,0.8774617811044058,665.0893504619598
360,2,18;84;19;78;22;60;97;16;24;46,10,7.69,66.23597756410257,0.9059949685365726,665.5046365261078
361,1,15;31;40;37;57;21;56;26;66;44,10,9.2,67.05729166666667,0.8509857807403955,668.2556586265564
362,3,74;38;30;9;28;87;54;65;45;8,10,8.37,71.25400641025641,0.7742218902477851,670.3329300880432
363,4,35;25;43;80;53;88;51;7;62;76,10,8.01,69.9619391025641,0.8157458335925372,670.8430759906769
364,2,97;85;16;24;46;22;18;36;23;95,10,5.73,66.85697115384616,0.8433208305102128,671.7715961933136
365,0,33;69;50;83;29;68;6;58;10;72,10,7.87,68.18910256410257,0.7872621990167178,673.5037767887115
366,1,79;5;40;37;57;13;4;26;31;71,10,9.09,67.1073717948718,0.8350324080540583,678.1921739578247
367,2,84;97;39;18;0;85;24;63;60;82,10,5.86,68.94030448717949,0.7988781990149082,678.8145654201508
368,3,91;30;17;74;96;54;87;9;8;3,10,8.14,67.48798076923077,0.82594800224671,679.4436354637146
369,4,7;53;35;51;76;86;43;70;73;94,10,8.23,59.455128205128204,0.97513975470494,679.8470258712769
370,0,10;52;11;6;34;1;98;50;33;83,10,7.61,68.88020833333333,0.8007803253638439,681.6735458374023
371,1,71;4;56;57;13;21;14;66;15;44,10,8.64,65.33453525641026,1.0088302928667803,687.4290347099304
372,2,63;22;16;85;36;41;64;61;97;39,10,9.11,61.999198717948715,1.0515523614027562,688.9639372825623
373,3,81;8;9;38;54;91;28;17;47;87,10,8.81,67.1073717948718,0.8688820065596164,689.3778612613678
374,0,55;77;52;58;29;10;1;32;50;11,10,7.62,67.00721153846153,0.8712458778650333,690.0663657188416
375,4,53;92;2;75;86;73;43;94;62;76,10,8.23,62.11939102564103,0.8996088069218856,690.5014727115631
376,1,4;37;5;71;90;21;56;40;14;13,10,8.89,65.61498397435898,0.9371298505709722,696.9507014751434
377,4,7;53;92;2;62;88;86;43;67;25,10,7.38,66.08573717948718,0.9214996733726599,698.895991563797
378,0,98;29;33;72;42;83;10;34;1;6,10,8.41,70.73317307692308,0.8410429442540194,699.568042755127
379,2,19;36;95;39;82;16;89;60;23;61,10,9.09,67.04727564102564,0.8761094235456907,699.8782358169556
380,3,27;96;30;47;48;74;45;3;81;93,10,8.92,62.86057692307692,1.0648936277780778,700.2438702583313
381,1,15;44;21;90;4;66;13;40;56;5,10,8.87,69.00040064102564,0.8252550287124438,706.3913099765778
382,4,88;73;12;92;86;70;51;67;7;43,10,8.24,68.0889423076923,0.8310165374706953,708.0706307888031
383,0,50;52;29;32;55;33;58;83;34;72,10,7.91,69.87179487179488,0.7713492375153762,708.5093688964844
384,2,23;82;85;59;36;97;60;41;89;63,10,8.65,69.48116987179488,0.7737908768348205,709.2657704353333
385,3,45;20;27;3;54;65;81;96;87;9,10,8.4,70.93349358974359,0.7557402726931449,709.658593416214
386,1,44;31;14;71;13;21;49;5;79;57,10,7.74,69.87179487179488,0.7900414084776853,714.787011384964
387,4,70;43;12;94;53;2;35;25;73;7,10,8.22,69.52123397435898,0.7857823646985568,716.8216972351074
388,0,55;42;11;1;72;33;34;98;68;10,10,8.4,67.42788461538461,0.8351302032287304,717.5379605293274
389,3,93;30;27;74;9;54;65;3;20;87,10,8.14,72.31570512820512,0.720464438964159,718.3460447788239
390,2,61;64;60;59;82;89;19;95;84;97,10,9.1,69.53125,0.7736886663314624,718.9824650287628
391,1,44;37;14;13;21;71;26;57;5;90,10,8.95,71.4042467948718,0.769304999938378,724.3229053020477
392,4,12;70;86;2;51;92;94;67;80;75,10,8.03,64.60336538461539,0.840253078020536,725.451858997345
393,0,6;11;52;33;83;72;55;42;58;29,10,8.42,64.62339743589743,0.9329540225175711,726.4779393672943
394,3,45;96;30;17;8;28;93;38;91;9,10,8.38,69.51121794871794,0.7857664296260247,727.3085632324219
395,2,16;59;0;61;18;41;64;24;97;89,10,9.12,62.8505608974359,0.9039223308746631,728.7404415607452
396,4,86;62;12;75;88;43;51;76;80;53,10,8.01,68.69991987179488,0.8140201140672733,734.1069819927216
397,1,26;21;40;13;31;57;5;15;99;66,10,9.07,68.50961538461539,0.781383535800836,734.6984896659851
398,0,6;42;69;77;29;11;72;50;1;10,10,8.4,67.11738782051282,0.8235347867012024,735.4270489215851
399,3,17;9;48;65;30;38;3;28;74;54,10,8.75,66.38621794871794,0.8118662161704822,736.6594295501709
400,2,82;95;64;84;36;89;41;18;24;61,10,9.12,68.22916666666667,0.8046566454263834,738.4872372150421
401,4,7;88;92;35;94;75;53;12;73;25,10,8.23,68.45953525641026,0.8202838744872656,742.9412643909454
402,1,26;15;5;57;79;44;99;14;71;13,10,8.96,67.77844551282051,0.8168326356472113,744.4261810779572
403,0,42;52;10;77;33;98;69;68;32;29,10,8.38,69.13060897435898,0.8282336325217516,744.8632762432098
404,3,87;74;3;96;65;8;28;9;54;45,10,8.42,67.37780448717949,0.8412135732479584,745.6723082065582
405,2,84;97;19;89;95;85;41;59;63;24,10,8.67,69.48116987179488,0.7667024555878762,747.7124872207642
406,4,62;75;86;88;2;12;35;51;76;67,10,7.14,71.2139423076923,0.7871523281702628,750.6566019058228
407,0,55;1;52;50;29;69;34;98;77;6,10,7.61,71.4042467948718,0.7952932073519781,753.0004692077637
408,1,56;5;99;44;49;14;4;66;31;15,10,8.63,67.97876602564102,0.8477193621488718,753.6712527275085
409,3,30;20;45;74;47;93;48;28;91;81,10,8.9,72.28565705128206,0.7394568782586318,755.1844296455383
410,2,18;24;63;95;61;64;78;59;84;0,10,9.09,68.49959935897436,0.771811965184334,757.4299583435059
411,4,88;43;12;67;73;62;51;94;76;86,10,8.22,65.29447115384616,0.8493874523884211,759.7251539230347
412,0,1;32;33;77;68;98;11;69;34;55,10,6.12,70.9735576923077,0.769473706300442,760.3355596065521
413,1,49;26;37;99;57;31;79;90;44;5,10,8.95,70.71314102564102,0.7428738849285321,763.1488626003265
414,3,3;30;48;81;74;9;65;93;45;38,10,8.75,65.9354967948718,0.8561198581487705,764.4800751209259
415,2,59;97;23;39;18;41;0;60;78;84,10,8.66,62.47996794871795,0.8594501637495481,766.7168052196503
416,4,94;51;53;88;70;25;35;80;92;62,10,8.03,71.04366987179488,0.7383533349403968,768.3485295772552
417,0,1;98;72;29;52;10;50;83;11;77,10,7.95,70.7832532051282,0.8177214899124243,769.080837726593
418,1,40;37;57;56;79;21;31;15;14;71,10,8.92,65.41466346153847,0.9034167123146546,772.6997976303101
419,3,45;87;54;17;3;38;47;27;74;65,10,8.86,67.07732371794872,0.7830351384786459,773.9206938743591
420,2,85;97;41;89;19;64;18;46;22;82,10,8.68,74.18870192307692,0.7141844882414892,776.0441255569458
421,4,70;62;92;67;25;12;88;80;2;86,10,8.03,71.28405448717949,0.7350333294807336,777.3050191402435
422,0,58;52;29;1;83;34;77;98;33;69,10,7.62,70.17227564102564,0.83828954742505,777.6970634460449
423,1,56;5;26;44;49;66;14;71;37;31,10,9.06,70.91346153846153,0.795170586842757,782.3154006004333
424,3,48;87;45;27;93;20;8;30;9;74,10,8.73,72.48597756410257,0.7255423091925107,783.2186076641083
425,2,82;23;46;18;36;59;84;41;24;60,10,8.66,73.30729166666667,0.7097962040167588,785.3570363521576
426,4,70;73;62;67;53;76;7;80;2;86,10,8.26,60.33653846153846,0.9640092391234177,786.0926997661591
427,0,98;10;72;33;42;6;52;77;69;29,10,8.45,65.25440705128206,0.924590826798708,786.8263642787933
428,1,57;5;15;79;14;21;26;40;31;13,10,9.09,72.12540064102564,0.7319014011285244,791.9664011001587
429,3,47;27;9;81;96;87;91;93;74;3,10,8.82,72.50600961538461,0.7482558771585807,792.5914647579193
430,4,76;94;75;92;53;51;2;88;62;25,10,7.41,70.3525641025641,0.7753169039885203,794.1174564361572
431,2,0;63;39;24;23;84;64;18;78;41,10,8.67,72.00520833333333,0.7316380701003931,794.9776384830475
432,0,55;1;52;33;83;77;69;68;11;98,10,7.61,68.61979166666667,0.8233503806285369,795.4117197990417
433,1,49;40;15;14;26;37;90;79;13;5,10,9.08,73.8681891025641,0.7225900376454378,801.8825042247772
434,3,8;45;93;74;47;28;81;9;27;30,10,8.83,74.02844551282051,0.703197608773525,802.3064951896667
435,4,73;51;43;75;2;25;76;94;12;86,10,8.22,67.46794871794872,0.7760509153207144,803.2631320953369
436,2,0;84;78;23;19;59;16;60;63;46,10,7.69,69.0204326923077,0.8042291219417865,803.7975256443024
437,0,42;83;6;77;52;72;69;1;55;68,10,8.4,67.58814102564102,0.8790518771379422,804.4095153808594
438,1,57;66;56;14;37;15;31;49;13;71,10,8.64,70.40264423076923,0.7841647756405365,811.1513495445251
439,3,3;45;65;17;38;93;74;48;9;28,10,8.76,67.29767628205128,0.787392101990871,812.0603218078613
440,4,25;88;94;67;7;75;80;53;92;86,10,8.01,69.47115384615384,0.7870827477711898,812.570743560791
441,0,72;33;98;52;11;1;68;77;6;55,10,7.93,69.8417467948718,0.7621721480137262,813.398491859436
442,2,24;39;78;97;59;61;41;23;0;95,10,9.11,69.40104166666667,0.7650902706843156,813.8138499259949
443,1,99;71;15;13;56;37;5;49;66;79,10,8.62,66.796875,0.8341851051037128,820.8946614265442
444,3,30;74;45;38;93;3;8;9;81;20,10,8.38,71.5244391025641,0.7550825514854529,821.5282366275787
445,0,32;52;55;69;50;29;77;6;98;83,10,7.62,69.98197115384616,0.8448729813098907,822.0912609100342
446,2,23;19;60;89;63;39;85;64;78;24,10,7.94,71.72475961538461,0.7555972062624418,822.6016752719879
447,4,73;70;76;25;7;88;75;2;94;12,10,8.23,71.5244391025641,0.7430992149389707,823.018098115921
448,1,21;14;15;5;57;13;71;26;40;31,10,9.09,71.3641826923077,0.761887313463749,831.185418844223
449,0,72;98;11;68;34;1;6;29;52;32,10,7.93,71.7948717948718,0.7853573354390951,831.7542245388031
450,2,0;95;78;84;85;36;46;19;24;89,10,7.68,73.36738782051282,0.745126445323993,832.1498031616211
451,3,93;74;27;54;48;45;3;47;81;9,10,8.9,71.55448717948718,0.7200258687520639,832.5201277732849
452,4,53;86;73;75;12;76;62;67;2;70,10,8.23,67.35777243589743,0.7999268090113615,832.9203944206238
453,1,21;79;71;90;57;13;5;31;99;14,10,7.32,68.0889423076923,0.8220133651525546,839.1462249755859
454,2,63;97;84;95;18;64;85;46;16;36,10,7.89,67.90865384615384,0.8163824394727365,840.7449870109558
455,0,52;42;6;34;83;98;33;58;11;77,10,8.37,67.82852564102564,0.9405178060898414,841.4403092861176
456,3,3;17;54;65;8;38;74;96;81;45,10,8.4,63.03084935897436,0.8736311525870593,841.8490295410156
457,4,67;88;51;80;43;86;2;25;53;76,10,8.01,71.81490384615384,0.749615476681636,842.2358651161194
458,1,90;71;49;66;5;99;56;44;14;4,10,8.63,67.56810897435898,0.8753119936356177,848.3998875617981
459,0,72;29;68;11;83;50;98;58;6;33,10,7.89,69.921875,0.7980152452603365,850.0420205593109
460,2,46;59;89;41;82;78;95;19;0;18,10,8.68,70.8233173076923,0.7389927147290646,850.6389017105103
461,4,94;25;80;88;70;67;62;12;53;2,10,8.01,68.96033653846153,0.8059038657408494,851.2243752479553
462,3,28;74;96;47;17;54;91;3;87;48,10,8.92,68.91025641025641,0.793070911596983,851.7922258377075
463,1,79;5;57;71;66;37;56;13;40;49,10,8.92,71.9150641025641,0.7184430658817291,857.921293258667
464,0,29;11;58;52;42;33;68;50;83;98,10,8.37,69.55128205128206,0.8387318971829537,858.9453701972961
465,4,92;70;51;88;25;67;73;35;94;43,10,8.23,71.70472756410257,0.7480754370872791,860.2371757030487
466,2,60;46;41;63;22;84;61;89;78;59,10,9.11,70.3125,0.7377180747496777,860.6328749656677
467,3,20;27;87;47;17;54;93;38;30;45,10,8.83,70.01201923076923,0.7407043308783801,861.2747194766998
468,0,29;6;83;33;98;58;68;10;69;52,10,7.62,66.53645833333333,0.8587732758277502,867.1153795719147
469,1,99;57;40;90;56;4;37;5;71;26,10,9.2,67.58814102564102,0.8352531844224685,867.9445900917053
470,4,35;7;67;51;75;62;2;43;53;92,10,7.38,71.9951923076923,0.7265241723030041,868.4371528625488
471,2,85;95;82;36;89;60;97;41;59;46,10,8.66,71.77483974358974,0.7091366866460214,870.0633103847504
472,3,8;54;93;65;47;38;3;87;48;20,10,8.9,69.73157051282051,0.7545467194838401,870.7882986068726
473,0,33;69;34;55;58;50;42;72;68;11,10,8.39,65.71514423076923,0.8038590229474581,876.3285930156708
474,4,75;7;76;62;86;35;12;94;67;88,10,7.15,69.85176282051282,0.7749739854763715,876.9562792778015
475,2,0;46;63;22;16;85;95;84;60;78,10,6.3,68.359375,0.8666033408580682,877.7284524440765
476,1,26;40;66;21;44;5;13;56;37;57,10,9.2,71.77483974358974,0.750477848144678,878.1575407981873
477,3,96;45;81;48;9;54;87;27;38;17,10,8.73,70.36258012820512,0.7516733010609945,880.1020793914795
478,4,53;51;70;88;43;35;25;67;62;94,10,7.24,71.89503205128206,0.7160387803346683,884.8248982429504
479,0,32;77;10;98;33;42;68;69;6;72,10,8.41,68.89022435897436,0.8463818698357313,885.917763710022
480,2,82;89;0;19;59;63;36;78;95;46,10,7.69,71.875,0.7249163954685895,886.3386826515198
481,1,44;56;14;90;15;37;49;66;4;57,10,8.64,69.89182692307692,0.8050828148157169,887.352525472641
482,3,48;87;93;74;81;3;20;47;17;27,10,8.89,71.12379807692308,0.758873679699042,889.5910065174103
483,4,88;12;25;43;75;62;76;2;70;7,10,7.31,69.07051282051282,0.799409303909693,893.0306415557861
484,2,95;22;0;63;46;16;18;78;89;64,10,7.9,68.2792467948718,0.9608108768096337,894.8979551792145
485,0,33;98;68;11;72;42;55;58;83;6,10,8.41,65.20432692307692,0.954000113102106,895.2077648639679
486,1,37;90;13;31;66;15;26;56;71;49,10,9.05,67.86858974358974,0.8639466349895184,896.9591789245605
487,3,65;47;3;54;17;38;91;93;48;45,10,8.92,68.76001602564102,0.7485828071068494,899.0933041572571
488,4,12;7;94;73;80;62;92;35;70;86,10,8.27,61.77884615384615,0.9891862502464881,901.9427018165588
489,0,34;29;58;50;52;10;83;69;55;32,10,7.61,65.49479166666667,0.8323370348184537,903.3694252967834
490,2,85;18;41;63;60;84;0;64;95;39,10,8.67,73.3173076923077,0.7035489770082327,904.1963062286377
491,1,4;90;15;14;99;66;40;56;26;37,10,9.2,64.34294871794872,0.9421243682885782,906.7647678852081
492,3,91;9;45;28;48;17;87;47;38;93,10,8.9,66.19591346153847,0.8338945416303781,908.5905287265778
493,4,43;94;53;62;25;7;12;70;67;2,10,7.24,70.22235576923077,0.7573095292617114,909.8191387653351
494,0,83;69;10;50;52;6;29;68;11;72,10,7.91,67.16746794871794,0.7679002903974973,911.8051717281342
495,2,64;46;59;22;36;19;41;18;63;82,10,8.68,73.57772435897436,0.7074381506595856,913.4279787540436
496,1,44;71;66;99;40;90;15;49;79;13,10,8.7,67.71834935897436,0.7823266799633319,916.0367341041565
497,3,93;96;48;47;65;9;3;27;17;91,10,8.91,70.02203525641026,0.7422229915093153,918.0592784881592
498,4,76;62;73;35;70;88;43;53;94;80,10,8.26,71.82491987179488,0.7282231602913294,918.6837408542633
499,0,55;50;72;11;10;52;83;6;29;69,10,7.91,69.75160256410257,0.7693826663188446,920.2479939460754
500,2,82;24;39;18;85;0;78;97;61;41,10,9.11,71.9150641025641,0.7184998331925808,923.0859820842743
501,1,99;56;26;5;37;15;66;90;31;13,10,9.01,65.79527243589743,0.8719914907064193,925.6713955402374
502,3,48;54;30;45;20;91;38;65;8;28,10,8.75,70.30248397435898,0.818006368019642,927.5220131874084
503,4,73;88;2;53;76;75;67;70;12;62,10,8.23,71.7548076923077,0.7454417905746362,927.8728976249695
504,0,29;69;32;77;50;83;52;10;34;72,10,7.93,68.40945512820512,0.7626854081948599,928.7821843624115
505,2,16;36;64;95;18;39;59;85;0;46,10,7.89,66.4463141025641,0.8655768900345533,931.620792388916
506,1,26;79;49;56;31;66;4;71;44;21,10,9.08,67.28766025641026,0.8272631367047628,935.3493056297302
507,4,12;88;62;75;80;25;92;51;43;70,10,8.03,73.03685897435898,0.7374251580391175,936.5463626384735
508,3,17;87;38;91;27;28;47;74;81;45,10,8.83,71.54447115384616,0.7212808575385656,937.1388897895813
509,0,72;98;1;29;34;10;11;6;42;83,10,8.41,72.60616987179488,0.7607154571093045,937.7521636486053
510,2,24;22;23;89;59;19;36;61;60;85,10,9.08,71.85496794871794,0.7248234359117655,941.2891945838928
511,0,50;10;33;69;98;34;68;83;11;77,10,6.12,67.9286858974359,0.8552090204679049,944.6752989292145
512,1,14;71;90;79;99;40;13;44;26;4,10,9.08,65.34455128205128,0.8605450834983435,945.5098428726196
513,4,53;7;35;43;12;70;62;2;67;80,10,8.02,74.2988782051282,0.6841522604227066,945.8802628517151
514,3,8;27;38;93;54;45;74;47;3;81,10,8.84,72.2255608974359,0.7134678111626551,946.6338489055634
515,2,85;22;84;23;78;39;97;46;63;36,10,6.25,74.5292467948718,0.6687955458958944,948.1409888267517
516,4,88;25;12;86;70;94;67;62;2;51,10,7.23,73.17708333333333,0.7043955398675723,953.9429502487183
517,0,98;10;34;58;33;83;6;1;11;42,10,8.35,71.47435897435898,0.7776883129890149,954.4462740421295
518,1,79;57;15;14;13;31;40;56;4;37,10,8.91,68.60977564102564,0.823861226057395,955.0620033740997
519,3,87;65;48;8;93;17;54;30;28;27,10,8.73,74.18870192307692,0.6755049419708741,955.8972198963165
520,2,84;97;19;61;22;39;64;36;63;85,10,9.09,69.89182692307692,0.7755460784985468,957.8168675899506
521,0,77;11;98;1;33;52;83;55;32;69,10,7.61,72.16546474358974,0.821526343241716,962.7975957393646
522,4,12;67;76;62;25;2;73;75;88;92,10,8.23,70.6229967948718,0.8527550712609903,963.267032623291
523,1,49;14;15;57;44;40;79;56;37;26,10,9.24,71.25400641025641,0.7943599262298682,965.0379555225372
524,3,93;48;38;54;28;81;91;87;65;30,10,8.73,70.94350961538461,0.7456923983035944,965.3385760784149
525,2,23;59;82;89;64;39;41;95;60;84,10,8.67,69.59134615384616,0.7346130028749124,967.0516238212585
526,0,58;29;11;34;72;98;55;10;6;77,10,7.91,70.08213141025641,0.8656205718333905,971.2934100627899
527,4,88;75;70;7;12;51;94;2;86;80,10,8.01,72.83653846153847,0.7154358999851422,971.9367570877075
528,1,71;57;13;79;15;14;21;5;40;4,10,8.72,71.71474358974359,0.708179187698242,974.5884728431702
529,3,54;96;87;45;8;93;65;9;47;30,10,8.84,72.3056891025641,0.7178881359406006,975.0408535003662
530,2,63;0;24;78;41;89;16;36;84;18,10,8.66,64.7235576923077,0.9330920279026031,976.2703084945679
531,0,6;55;34;1;10;98;29;33;32;83,10,5.85,69.95192307692308,0.8809277384709089,977.7947154045105
532,4,75;51;88;2;73;80;7;94;62;35,10,8.24,71.1738782051282,0.817525660380339,980.7304563522339
533,3,3;38;27;65;17;93;8;74;20;91,10,8.14,72.5761217948718,0.7153224486571091,983.7804400920868
534,1,90;49;99;37;14;40;66;31;26;57,10,9.1,71.4042467948718,0.7095433599673785,984.4836049079895
535,2,19;78;39;82;84;89;63;60;41;36,10,8.68,73.23717948717949,0.713468475983693,985.4869983196259
536,0,34;52;69;77;72;50;1;98;6;29,10,7.93,71.93509615384616,0.8237547163779919,986.291384935379
537,4,12;75;53;88;92;43;51;76;62;70,10,7.5,73.30729166666667,0.7457733987233578,988.8073079586029
538,3,3;38;30;45;9;28;47;48;27;8,10,8.92,74.4891826923077,0.6717083675739093,993.7898738384247
539,1,90;21;71;44;99;14;40;15;13;57,10,8.7,68.7099358974359,0.7970285897071545,994.3894958496094
540,0,55;29;11;77;69;6;52;58;34;50,10,7.62,69.78165064102564,0.8082817326753567,994.9730830192566
541,2,64;24;36;89;39;95;85;82;61;19,10,9.1,69.79166666666667,0.7942056640600547,995.4171772003174
542,4,2;92;7;86;43;67;80;53;76;35,10,8.03,61.6786858974359,0.9324748844672472,997.4273118972778
543,3,81;27;87;38;54;17;96;45;9;3,10,8.39,68.73998397435898,0.764157731563617,1002.7657115459442
544,0,11;77;69;52;55;1;68;72;98;33,10,7.92,71.29407051282051,0.7479718549129291,1003.7900874614716
545,1,79;57;71;5;37;21;26;44;13;31,10,8.95,73.48758012820512,0.7288256528285834,1004.2421514987946
546,2,84;19;46;59;39;23;97;36;22;64,10,7.93,73.5576923076923,0.6950042263055459,1004.5429682731628
547,4,70;73;43;86;51;25;80;92;88;94,10,8.26,74.06850961538461,0.6938478847344717,1006.2653181552887
548,3,54;38;74;27;20;45;47;17;8;81,10,8.82,71.80488782051282,0.6997677320853258,1012.5831434726715
549,0,34;83;68;58;11;10;72;55;77;98,10,7.9,71.29407051282051,0.7611233561466901,1013.0945811271667
550,1,4;21;57;71;13;79;44;37;49;90,10,7.73,72.42588141025641,0.7412395576635996,1013.6329669952393
551,2,64;41;39;82;84;16;60;19;59;18,10,8.68,66.07572115384616,0.8344836640052307,1014.3557703495026
552,4,7;51;62;86;76;70;94;53;43;35,10,7.31,65.77524038461539,0.7973954952680148,1014.7820892333984
553,0,33;83;32;50;77;69;52;42;34;58,10,8.35,64.3329326923077,0.880070936985505,1022.1449694633484
554,2,89;85;84;60;18;97;23;46;19;78,10,7.7,71.6045673076923,0.7099031660801325,1023.0716156959534
555,3,48;96;91;38;93;3;28;8;27;47,10,8.91,71.78485576923077,0.703220010567934,1023.6287627220154
556,1,13;56;40;66;44;99;57;71;21;26,10,9.22,67.66826923076923,0.8705201668617053,1023.9826061725616
557,4,70;67;62;75;35;53;86;43;92;88,10,7.45,73.33733974358974,0.7122851701883169,1024.3767869472504
558,0,69;68;32;77;83;1;10;55;11;29,10,6.11,69.74158653846153,0.7537681712554052,1029.3148369789124
559,2,97;18;24;23;60;19;82;95;63;36,10,7.68,71.08373397435898,0.7625356553456722,1031.4457159042358
560,3,91;8;3;54;9;93;20;45;81;74,10,8.38,67.4579326923077,0.834747545230083,1032.6278262138367
561,4,88;43;2;7;70;92;76;53;73;62,10,8.24,73.14703525641026,0.7310115293814585,1033.4821574687958
562,1,56;40;31;79;49;15;71;44;13;66,10,8.9,69.55128205128206,0.754545475427921,1033.953932762146
563,0,42;83;69;29;55;98;10;50;77;34,10,8.36,70.38261217948718,0.832257112631431,1038.310878276825
564,2,89;97;84;61;78;82;41;59;36;39,10,9.11,67.66826923076923,0.7924867539833753,1041.199231147766
565,3,30;9;74;45;48;28;20;93;65;3,10,8.76,70.91346153846153,0.7635382215181986,1042.2530114650726
566,4,2;88;35;73;92;53;62;94;76;70,10,8.24,73.38741987179488,0.7002258919752561,1042.6299631595612
567,1,40;4;57;99;71;14;56;90;37;21,10,8.92,65.79527243589743,0.9871123738777943,1043.4520819187164
568,0,33;68;83;58;11;10;55;72;52;98,10,7.93,68.69991987179488,0.8602030032720321,1046.787845134735
569,2,60;36;39;18;61;95;78;89;22;46,10,9.08,71.30408653846153,0.7393456926712623,1051.0728368759155
570,4,80;94;62;86;25;43;2;12;75;88,10,8.0,72.95673076923077,0.71954656793521,1051.6170537471771
571,3,91;38;65;28;9;81;74;20;8;47,10,8.82,70.54286858974359,0.7339216424868658,1052.1404066085815
572,1,4;21;14;40;15;13;49;31;99;79,10,8.72,68.07892628205128,0.7758819132279127,1052.77019906044
573,0,10;29;1;72;11;32;33;83;34;68,10,7.87,73.0068108974359,0.6904743902194195,1055.2123289108276
574,2,63;16;46;18;22;95;39;60;82;78,10,6.35,68.77003205128206,0.8525175666197752,1058.0378205776215
575,4,86;43;51;62;76;88;2;7;25;80,10,8.01,72.24559294871794,0.739969803354679,1060.2624051570892
576,3,74;30;8;28;96;48;54;91;38;47,10,8.89,63.19110576923077,0.8806812694439521,1061.5891785621643
577,1,26;71;56;40;66;21;13;44;4;37,10,9.22,69.43108974358974,0.7711945199049436,1062.6163277626038
578,0,77;11;42;72;52;29;83;32;1;58,10,8.43,65.95552884615384,0.8651146552501581,1064.2433643341064
579,2,19;36;89;61;46;0;23;39;41;16,10,9.12,67.87860576923077,0.9208946327368418,1067.6896464824677
580,4,75;53;2;7;67;94;73;92;80;12,10,8.26,71.34415064102564,0.7647713789573083,1069.096973657608
581,3,48;9;30;27;81;8;47;45;87;65,10,8.89,74.57932692307692,0.6636947301717905,1071.1041922569275
582,1,5;99;49;15;79;37;56;90;13;31,10,8.6,68.4395032051282,0.7962828167738059,1071.8266639709473
583,0,34;52;55;69;77;11;1;72;33;32,10,7.91,72.62620192307692,0.7448877883263123,1072.76553440094
584,2,22;39;16;64;63;82;41;85;19;78,10,8.68,68.0088141025641,0.8705823559027451,1076.9049878120422
585,4,43;92;73;70;88;53;35;67;62;12,10,8.24,73.828125,0.7052758916830405,1077.9288535118103
586,3,9;87;20;74;45;65;91;38;27;30,10,8.37,72.13541666666667,0.6972022224695255,1080.0588154792786
587,1,4;79;56;21;66;99;40;71;90;14,10,8.92,65.39463141025641,0.9761141882492945,1081.469279050827
588,0,52;10;58;33;42;98;34;69;83;50,10,8.36,71.43429487179488,0.8011490213565338,1081.9628717899323
589,4,35;43;7;51;88;53;25;80;2;67,10,8.0,72.89663461538461,0.742137148976326,1086.686564207077
590,2,41;46;61;95;19;84;78;18;0;89,10,9.14,73.53766025641026,0.728648671737084,1087.3218443393707
591,3,54;81;87;38;8;27;17;45;48;93,10,8.73,73.9483173076923,0.6875754422866381,1089.3691132068634
592,0,68;55;6;42;72;1;83;77;29;58,10,8.4,66.8369391025641,0.857050074216647,1091.1946268081665
593,1,4;26;71;13;31;56;44;99;21;37,10,9.04,66.65665064102564,0.8250059011654977,1091.635287284851
594,4,51;88;25;92;73;86;62;94;76;70,10,8.24,74.96995192307692,0.6589914415127192,1095.5773224830627
595,2,78;95;36;84;23;82;61;19;60;46,10,9.1,75.20032051282051,0.6715781711615049,1097.0108482837677
596,3,93;48;74;65;17;9;54;91;38;28,10,8.73,71.32411858974359,0.7050473800836465,1098.636864900589
597,0,77;52;32;69;72;98;68;42;58;83,10,8.43,69.46113782051282,0.7922957287384913,1100.2675750255585
598,1,57;99;44;31;40;37;14;26;90;15,10,9.07,71.82491987179488,0.7160788908218726,1101.292332649231
599,4,73;80;92;75;2;94;88;35;67;86,10,8.26,70.01201923076923,0.7710152959976441,1104.4277365207672
600,2,78;22;41;0;89;36;24;46;85;60,10,8.66,75.3505608974359,0.6341634568495628,1106.2526993751526
601,3,38;91;87;20;17;3;30;27;9;48,10,8.73,73.1270032051282,0.6810260865932856,1107.986587524414
602,0,42;55;34;77;29;58;69;6;50;33,10,8.34,69.81169871794872,0.75652142900687,1109.2098541259766
603,1,99;26;13;44;56;31;79;57;40;5,10,9.18,67.55809294871794,0.7975299671674386,1111.0131876468658
604,4,67;7;75;12;88;2;80;43;73;51,10,8.24,71.15384615384616,0.7911454763932105,1113.244696855545
605,2,61;19;36;85;0;60;16;41;39;84,10,9.12,70.7431891025641,0.745161364475886,1115.9844374656677
606,0,69;77;10;34;33;29;58;98;83;52,10,7.62,69.30088141025641,0.8875132715090727,1117.5323674678802
607,3,47;91;20;96;30;9;3;87;48;28,10,8.92,69.95192307692308,0.801302202236958,1117.9571378231049
608,1,44;13;71;5;37;26;15;79;57;66,10,8.95,73.22716346153847,0.7239973778143908,1120.5868718624115
609,4,76;35;92;86;62;25;53;51;70;67,10,7.51,72.42588141025641,0.7008856206368177,1121.308456659317
610,2,24;82;85;78;36;84;18;39;60;97,10,6.32,74.41907051282051,0.6764403081093079,1122.9362349510193
611,0,52;10;11;68;33;32;72;77;58;98,10,7.94,69.34094551282051,0.8547792725073986,1126.0765252113342
612,3,96;3;45;27;48;91;65;54;30;74,10,8.76,58.84415064102564,1.1102028703078246,1127.3053596019745
613,1,15;66;5;31;14;44;21;13;79;57,10,7.15,73.79807692307692,0.7189133083209013,1128.3278732299805
614,4,7;53;35;67;2;43;73;94;88;92,10,8.23,71.85496794871794,0.7339166139180844,1130.138812303543
615,2,64;0;46;24;82;85;84;39;97;36,10,7.88,73.1670673076923,0.7091343234746884,1131.3631966114044
616,0,29;1;58;6;98;10;83;69;11;50,10,6.12,74.47916666666667,0.713984999137047,1132.7892336845398
617,3,38;8;74;3;9;28;47;20;65;48,10,8.91,67.6181891025641,0.8893167850298759,1136.8332834243774
618,1,49;14;4;40;57;44;26;90;56;37,10,9.24,65.94551282051282,0.892118914769246,1138.1557252407074
619,4,25;70;86;12;88;94;62;53;75;2,10,7.23,74.9599358974359,0.6635325088714942,1138.5988824367523
620,2,16;36;78;41;46;64;60;23;0;82,10,8.67,70.32251602564102,0.8170621173504071,1140.6310169696808
621,0,55;98;50;34;42;29;58;1;52;68,10,8.36,69.99198717948718,0.7812568384867448,1141.7544841766357
622,3,54;3;91;38;30;9;27;28;47;74,10,8.84,72.51602564102564,0.6853527373228318,1146.2923965454102
623,4,70;80;35;51;94;12;67;62;92;25,10,8.03,68.93028846153847,0.7696048334622995,1147.216372013092
624,1,13;56;79;31;26;14;40;99;66;15,10,9.21,67.91866987179488,0.8113881609378717,1147.9880530834198
625,0,83;11;32;52;68;10;55;1;77;33,10,7.61,73.06690705128206,0.6866119183026828,1150.1375415325165
626,2,22;41;78;97;61;85;23;46;16;39,10,9.11,69.37099358974359,0.8256376263422843,1150.5714073181152
627,4,2;62;53;88;25;70;94;43;7;86,10,7.23,71.93509615384616,0.7110385367503533,1154.997618675232
628,3,65;45;74;38;20;54;17;8;9;48,10,8.73,72.7363782051282,0.679920114385776,1155.6967854499817
629,0,32;33;34;6;83;58;1;29;69;11,10,6.06,70.44270833333333,0.7539561864657279,1156.809409379959
630,1,15;79;71;49;13;57;26;31;90;66,10,8.97,73.4375,0.7122935431125836,1157.5542669296265
631,2,95;24;97;18;23;63;64;46;61;36,10,9.08,73.19711538461539,0.7026506035755842,1160.1888694763184
632,4,53;76;75;7;67;73;51;92;43;88,10,8.23,70.68309294871794,0.8341854314009348,1163.8364481925964
633,3,96;93;91;87;8;38;81;30;54;3,10,8.14,68.37940705128206,0.7864208381909591,1164.4848322868347
634,0,34;77;58;6;42;33;69;52;1;11,10,8.35,71.66466346153847,0.7437397761222644,1165.7109048366547
635,1,40;66;56;99;79;57;15;31;13;26,10,9.21,67.50801282051282,0.7828098237514496,1167.292873620987
636,2,41;85;16;78;22;63;82;18;59;39,10,8.66,64.43309294871794,0.8749599686035743,1169.475592136383
637,4,25;43;35;75;51;92;53;2;12;86,10,7.38,71.77483974358974,0.7095158482209231,1171.7934155464172
638,3,93;28;74;9;38;27;48;47;65;87,10,8.89,67.72836538461539,0.7509859242500403,1173.971287727356
639,0,11;10;98;69;52;32;6;42;33;55,10,8.36,71.63461538461539,0.7702706356843313,1174.6097781658173
640,1,21;56;90;5;79;13;99;40;44;57,10,8.87,66.88701923076923,0.8509057729672163,1176.741525888443
641,2,23;22;97;16;61;41;82;63;95;46,10,9.11,68.6698717948718,0.7785105674694746,1179.180278301239
642,4,43;25;35;51;2;67;75;88;80;53,10,8.0,71.39423076923077,0.7779582402645013,1180.4032230377197
643,3,81;96;91;3;93;17;74;45;47;30,10,8.86,68.24919871794872,0.793610060062164,1183.576112985611
644,0,69;68;98;10;50;77;1;11;42;29,10,8.36,72.1854967948718,0.7186764791989938,1184.0130224227905
645,1,90;26;5;21;13;4;44;71;57;66,10,8.96,72.33573717948718,0.7450629965617106,1186.3506643772125
646,2,16;95;84;85;41;46;18;97;64;24,10,8.66,69.9619391025641,0.7424346919243152,1188.4692540168762
647,4,43;94;67;92;53;73;88;86;2;7,10,8.22,67.66826923076923,0.8018883971067575,1189.197253227234
648,0,72;29;11;42;32;98;33;68;77;52,10,8.45,67.52804487179488,0.8795421803608919,1193.1224875450134
649,3,45;47;48;54;9;87;28;38;8;20,10,8.89,70.7832532051282,0.7302555048312896,1193.6228258609772
650,1,5;14;79;13;31;49;57;40;15;26,10,9.1,73.9082532051282,0.6687887268952835,1196.0418083667755
651,2,85;46;39;78;84;59;22;64;89;82,10,7.89,75.03004807692308,0.644024113431955,1196.9549794197083
652,4,86;94;43;53;73;35;25;2;7;80,10,8.24,67.1073717948718,0.8069940247596838,1197.9673228263855
653,0,69;11;33;68;77;1;32;58;42;83,10,8.34,69.76161858974359,0.7590356163489513,1202.0924544334412
654,3,3;28;45;38;9;20;74;87;54;27,10,8.41,70.4326923076923,0.7361199725896884,1202.93119597435
655,2,24;46;95;64;85;16;22;84;18;89,10,7.89,68.34935897435898,0.8235487380088904,1205.367753982544
656,1,4;14;44;79;26;49;40;56;99;13,10,9.23,65.46474358974359,0.8749362108034965,1206.1002595424652
657,4,80;92;70;94;75;76;51;73;2;62,10,8.27,73.3573717948718,0.7173527005391244,1206.8118569850922
658,0,50;52;1;33;98;83;32;58;6;10,10,7.61,73.84815705128206,0.7276191933032794,1210.6129775047302
659,3,38;3;47;54;27;45;74;28;9;65,10,8.86,71.7948717948718,0.6887379540846899,1212.3362402915955
660,2,19;41;46;16;39;61;18;64;63;97,10,9.15,70.20232371794872,0.7432679526316814,1215.6587226390839
661,1,49;66;40;26;37;15;13;5;21;4,10,9.1,72.66626602564102,0.7063557689006512,1216.1963255405426
662,4,51;12;80;2;75;53;62;92;25;43,10,8.01,72.25560897435898,0.6842266535147642,1216.5242640972137
663,0,72;77;50;52;10;58;6;42;98;69,10,8.43,70.38261217948718,0.8105640824024494,1219.668655872345
664,3,28;8;74;54;17;3;20;91;47;45,10,8.86,73.22716346153847,0.6911583435841095,1221.788430929184
665,4,25;62;35;43;88;7;2;67;92;70,10,7.46,73.54767628205128,0.6953358019773777,1224.8148798942566
666,2,18;46;63;16;19;78;41;0;82;60,10,8.68,71.47435897435898,0.7588494068537003,1225.3580000400543
667,1,40;26;44;90;14;15;57;37;21;31,10,9.07,73.046875,0.7284047687665011,1225.986350774765
668,0,11;33;55;52;29;10;77;69;50;98,10,7.62,71.92508012820512,0.8075183714047457,1227.9143843650818
669,3,27;9;45;47;74;3;93;81;30;87,10,8.84,74.66947115384616,0.6590314427247415,1231.249032497406
670,4,7;25;75;94;86;51;76;12;67;70,10,7.32,72.35576923076923,0.6955039249016688,1232.6728086471558
671,1,66;15;13;99;5;31;90;44;49;57,10,7.67,74.07852564102564,0.6722875466713538,1234.184513092041
672,2,89;63;85;59;41;46;24;18;95;60,10,8.66,75.17027243589743,0.6404948135217031,1234.8906133174896
673,0,72;34;83;29;68;50;98;32;33;10,10,7.89,70.95352564102564,0.7869945420668676,1236.4160344600677
674,3,47;96;74;81;3;8;30;91;27;65,10,8.84,65.1542467948718,0.8833347467275766,1240.6544134616852
675,4,80;43;67;73;88;94;12;62;7;51,10,8.24,68.3994391025641,0.7826190972939516,1241.4810631275177
676,1,14;44;13;40;37;31;26;71;56;99,10,9.19,70.28245192307692,0.803086532996251,1243.9179837703705
677,2,85;36;82;23;64;60;18;46;19;61,10,9.1,73.44751602564102,0.7080626029234666,1244.5348834991455
678,0,98;68;83;52;42;55;11;10;72;6,10,8.43,71.07371794871794,0.7884281919552729,1245.4443418979645
679,4,75;12;25;94;43;53;70;86;2;7,10,7.24,70.67307692307692,0.7408755085407159,1249.283364057541
680,3,93;81;17;74;47;38;8;30;9;20,10,8.81,72.01522435897436,0.6878359845051398,1250.012027978897
681,1,26;15;4;90;44;13;31;37;71;99,10,8.94,70.44270833333333,0.7234492974403577,1253.6357219219208
682,2,85;84;63;24;97;46;41;78;89;95,10,8.66,74.40905448717949,0.6743152462519132,1254.2595953941345
683,0,55;10;1;58;68;83;29;77;32;42,10,8.35,67.54807692307692,0.7898187973560431,1254.6410982608795
684,4,7;2;73;25;76;35;92;86;51;67,10,8.24,73.36738782051282,0.6691690576382172,1258.0753962993622
685,3,54;47;96;91;87;28;38;17;93;9,10,8.83,70.57291666666667,0.7127428100659297,1259.402489900589
686,1,71;15;26;56;57;21;79;13;90;49,10,9.08,69.44110576923077,0.7654489091573617,1263.7709746360779
687,0,68;69;98;32;34;42;33;77;83;58,10,8.35,68.2391826923077,0.8510237152759845,1264.2098352909088
688,2,22;0;18;95;97;64;61;84;16;89,10,9.09,64.97395833333333,0.9178258791947976,1264.595867395401
689,4,73;53;43;76;67;2;80;92;25;62,10,8.26,69.9619391025641,0.8021259965040745,1266.9780604839325
690,3,38;65;91;48;8;3;45;30;87;27,10,8.75,67.6983173076923,0.7753097628935789,1268.7143034934998
691,0,10;77;98;34;72;52;55;68;58;6,10,7.93,71.62459935897436,0.7381625076135,1272.9865205287933
692,1,14;71;13;15;49;66;37;90;31;56,10,8.63,69.52123397435898,0.7941574156284332,1273.699093580246
693,2,95;89;82;84;41;16;46;0;36;63,10,8.66,73.5576923076923,0.7371755968301724,1274.0187952518463
694,4,88;86;70;76;43;75;35;92;12;2,10,7.52,74.88982371794872,0.6785134130563492,1275.0407738685608
695,3,96;45;38;8;81;93;9;74;3;47,10,8.84,74.49919871794872,0.6518522615616138,1278.1790518760681
696,0,50;1;98;72;6;10;42;69;29;52,10,8.43,73.83814102564102,0.7040483622978895,1282.0707466602325
697,2,22;95;63;59;23;39;36;64;18;60,10,7.89,69.99198717948718,0.7495458729756184,1282.8706130981445
698,1,15;37;90;79;4;49;5;40;13;57,10,8.71,74.51923076923077,0.6528772318210357,1283.474637746811
699,4,88;7;70;12;86;67;80;53;51;94,10,8.01,74.19871794871794,0.6748399539635732,1283.8918144702911
700,3,30;74;27;28;48;3;47;20;8;93,10,8.92,76.50240384615384,0.6349907219409943,1287.718547821045
701,0,32;69;58;72;29;34;55;42;11;33,10,8.4,67.98878205128206,0.8395149325713133,1291.2820324897766
702,4,62;70;94;88;75;7;35;92;67;51,10,7.46,74.32892628205128,0.7178102051600431,1291.9622848033905
703,2,95;60;64;39;22;78;61;0;84;97,10,9.09,74.83974358974359,0.6594292147037311,1292.61243724823
704,1,66;56;44;5;71;37;79;21;26;40,10,9.2,70.52283653846153,0.7385131093936089,1293.2438085079193
705,3,74;30;28;87;47;81;48;9;27;38,10,8.88,73.81810897435898,0.6500897724659015,1297.1885085105896
706,0,1;98;10;83;33;6;42;68;52;34,10,8.36,72.76642628205128,0.7015324563552172,1300.2075355052948
707,4,73;53;67;62;25;2;76;88;7;75,10,8.22,70.0420673076923,0.8254036750548925,1300.9665503501892
708,2,85;95;24;97;19;84;18;22;89;46,10,7.68,76.01161858974359,0.6328006306519876,1301.4445190429688
709,1,99;21;14;90;15;66;31;44;5;56,10,8.6,68.12900641025641,0.8471202246653728,1302.4760122299194
710,3,38;65;47;96;27;54;8;20;3;28,10,8.86,72.21554487179488,0.7187398886069273,1306.6051428318024
711,4,51;75;43;86;7;12;62;94;25;67,10,6.17,66.82692307692308,0.7879410607692523,1307.72829413414
712,0,58;52;6;42;68;29;10;34;77;55,10,8.36,68.63982371794872,0.7743802261658204,1309.1621117591858
713,2,89;19;63;39;95;16;18;78;41;59,10,8.68,68.3193108974359,0.8543846439092587,1310.68696975708
714,1,37;66;4;71;13;44;57;79;49;26,10,8.98,70.14222756410257,0.7505913957571372,1312.0043609142303
715,3,38;20;47;54;3;96;48;87;30;65,10,8.93,66.78685897435898,0.7962598067063552,1316.3807237148285
716,4,76;75;12;53;2;51;73;86;7;67,10,8.22,65.84535256410257,0.7830056486985623,1316.8628151416779
717,0,83;55;52;50;33;1;77;58;6;32,10,7.61,74.06850961538461,0.6681736394380912,1317.593710899353
718,2,82;46;18;63;41;24;23;16;97;95,10,8.66,69.60136217948718,0.7470892851169293,1319.9474475383759
719,1,26;40;56;14;44;49;21;31;5;57,10,9.23,69.2207532051282,0.7837669589580634,1321.774129152298
720,4,12;92;67;86;62;76;75;53;2;70,10,7.51,72.82652243589743,0.6868748473815429,1325.2142131328583
721,3,28;20;8;96;3;48;45;17;30;87,10,8.77,73.37740384615384,0.6913042324475753,1326.055512189865
722,0,52;6;98;83;33;72;11;77;55;42,10,8.43,70.37259615384616,0.842352453714762,1326.853809595108
723,2,63;95;82;22;84;36;18;16;59;78,10,6.32,68.2792467948718,0.8318718985105172,1327.2776386737823
724,1,71;4;99;5;14;49;44;13;90;57,10,7.71,71.43429487179488,0.7115733367510331,1330.1118834018707
725,4,7;67;25;80;92;12;86;94;73;70,10,8.27,70.72315705128206,0.7214256899479108,1334.3598282337189
726,0,52;11;29;98;68;58;83;1;50;10,10,7.62,73.99839743589743,0.6888787547747294,1335.1285009384155
727,3,81;30;9;28;65;27;54;48;47;87,10,8.89,75.49078525641026,0.6366114627856475,1335.7600045204163
728,2,46;18;19;39;22;61;23;59;85;95,10,9.09,73.4375,0.6718719127850655,1336.98104596138
729,1,66;31;5;15;79;56;44;40;26;13,10,9.17,71.19391025641026,0.7200890596096332,1339.8185226917267
730,4,2;86;12;94;92;88;7;73;70;67,10,8.24,74.61939102564102,0.6557153979173074,1343.2574214935303
731,0,50;68;72;29;11;10;52;77;42;34,10,8.42,67.54807692307692,0.7660858264336219,1344.1809766292572
732,3,65;30;27;8;91;48;93;45;87;47,10,8.89,74.73958333333333,0.6489285154220386,1345.2426512241364
733,2,41;59;61;0;82;36;24;19;39;16,10,9.12,70.56290064102564,0.7211808837377108,1346.6652445793152
734,1,49;90;79;31;71;56;44;57;14;15,10,8.64,70.90344551282051,0.7394668016678247,1349.100549697876
735,4,7;51;25;35;70;76;53;75;12;80,10,8.03,73.03685897435898,0.7222861823363181,1351.9384768009186
736,0,6;98;55;50;11;33;29;32;72;34,10,7.89,72.62620192307692,0.8098661502202352,1352.7194719314575
737,3,8;17;96;27;87;54;3;30;38;91,10,8.15,72.04527243589743,0.7292664631819114,1353.9443686008453
738,2,18;36;63;84;85;46;61;24;59;82,10,9.07,76.0917467948718,0.6208800027767817,1356.3171708583832
739,1,44;31;14;99;79;5;66;49;26;56,10,9.06,68.55969551282051,0.7862284412750831,1358.7848238945007
740,4,75;53;12;86;67;92;2;51;88;25,10,7.38,74.97996794871794,0.6732300894382672,1359.9049043655396
741,0,69;32;58;55;10;34;72;11;52;83,10,7.91,68.3193108974359,0.8251203581308707,1361.211107969284
742,3,38;28;47;20;8;48;45;3;87;9,10,8.92,70.71314102564102,0.7484540549608377,1363.484280347824
743,2,19;63;95;61;23;46;36;41;64;18,10,9.14,73.99839743589743,0.6999022227067214,1366.0259704589844
744,1,21;90;31;13;26;57;37;79;14;40,10,9.09,73.17708333333333,0.7068398208954395,1368.7195837497711
745,4,86;80;62;2;73;51;92;25;75;43,10,8.25,73.59775641025641,0.6726317699903097,1369.172847032547
746,0,68;34;29;1;33;72;98;83;42;58,10,8.41,72.83653846153847,0.710878597620206,1370.2035357952118
747,3,65;87;54;81;17;30;74;93;8;38,10,7.14,72.27564102564102,0.6743855911951798,1371.2306332588196
748,2,0;61;24;22;59;41;36;18;97;78,10,9.11,73.32732371794872,0.6789870598377326,1375.686357975006
749,4,73;80;2;12;51;94;43;62;88;35,10,8.24,73.44751602564102,0.6991097808648379,1378.0269269943237
750,1,40;21;66;4;31;79;56;13;26;49,10,9.25,69.46113782051282,0.7865256877281727,1379.019475221634
751,0,68;42;33;10;50;32;55;1;83;98,10,8.34,73.69791666666667,0.7069162818101736,1379.4741840362549
752,3,8;17;54;48;74;45;3;27;91;9,10,8.74,72.68629807692308,0.7073576438885468,1380.607042312622
753,2,89;82;18;95;24;22;46;36;39;16,10,5.77,69.70152243589743,0.7680980043533521,1381.9639012813568
754,4,86;51;53;70;43;35;62;94;92;76,10,7.5,70.38261217948718,0.7008777849185162,1386.4060287475586
755,0,83;98;50;69;77;32;58;52;6;11,10,7.62,73.06690705128206,0.7574827395952665,1387.6289837360382
756,3,74;9;93;54;27;20;8;65;91;96,10,6.97,71.73477564102564,0.7332468414917971,1388.3972780704498
757,1,5;13;49;79;31;66;37;56;99;57,10,8.63,72.265625,0.7075780897568433,1388.8509480953217
758,2,19;22;64;95;24;78;0;41;84;46,10,8.68,76.20192307692308,0.645742668555333,1391.1924369335175
759,4,92;35;86;73;51;53;88;70;2;94,10,8.23,75.38060897435898,0.6498466604031049,1395.2378287315369
760,0,33;10;1;34;68;42;52;32;98;50,10,8.36,73.7079326923077,0.7142235758977059,1396.8510913848877
761,1,21;37;31;71;99;15;56;4;13;66,10,8.61,67.12740384615384,0.8219924148840781,1398.0746853351593
762,3,47;96;81;87;74;30;20;45;9;65,10,8.84,72.65625,0.701601003225033,1398.3764188289642
763,2,41;63;23;85;89;82;97;84;18;61,10,9.11,74.20873397435898,0.6817743075199616,1400.9136765003204
764,4,35;43;53;25;2;92;67;12;88;94,10,7.38,75.96153846153847,0.6276915795527972,1403.2404670715332
765,0,55;32;33;6;52;83;68;10;58;34,10,7.61,72.11538461538461,0.68300832540561,1405.0680439472198
766,1,90;21;40;14;66;4;26;31;13;49,10,9.11,73.91826923076923,0.698940627850019,1407.91335439682
767,3,47;20;3;87;96;81;48;93;30;54,10,8.91,71.59455128205128,0.7355559368928274,1408.362108707428
768,2,84;95;22;97;63;46;19;64;85;0,10,7.93,76.38221153846153,0.6304596933798913,1409.392005443573
769,4,35;92;25;67;2;51;86;88;53;43,10,7.38,74.4891826923077,0.6812409070821909,1411.2166550159454
770,0,10;52;6;33;50;42;11;29;58;1,10,8.35,72.78645833333333,0.6746970613797506,1414.0413959026337
771,1,13;90;66;99;37;26;14;31;21;40,10,9.07,71.8349358974359,0.707931616749519,1417.7256326675415
772,3,96;87;8;48;54;9;93;28;27;81,10,8.73,74.69951923076923,0.677534085435745,1418.3924975395203
773,2,59;0;41;97;85;89;63;18;19;84,10,8.67,72.94671474358974,0.6863096807247553,1418.8772161006927
774,4,80;76;94;67;12;75;73;51;92;88,10,8.27,75.68108974358974,0.6436879508770429,1420.0101668834686
775,0,98;10;29;33;77;34;42;32;6;50,10,8.36,73.53766025641026,0.7849894540432172,1422.948052406311
776,3,93;20;28;27;54;96;38;30;3;74,10,8.22,70.14222756410257,0.7700518988645993,1427.4021775722504
777,1,56;13;4;57;44;15;26;90;37;31,10,9.03,72.28565705128206,0.7177790261996098,1427.9935021400452
778,2,84;41;64;82;63;36;0;78;18;22,10,8.68,72.71634615384616,0.7377127653513199,1428.5668768882751
779,4,67;86;25;94;51;12;53;73;70;88,10,8.22,77.01322115384616,0.6165353304300553,1429.063411951065
780,0,1;11;42;72;6;50;55;32;68;34,10,8.39,73.68790064102564,0.6637536547122858,1431.8842389583588
781,4,12;88;51;43;75;7;67;94;62;86,10,6.17,69.94190705128206,0.7444928838656499,1435.834890127182
782,3,93;65;38;81;17;27;91;48;45;3,10,8.75,71.43429487179488,0.7020586580038071,1437.0042068958282
783,1,37;21;5;15;90;31;49;13;66;56,10,8.61,74.6494391025641,0.6549170288519982,1437.439768075943
784,2,16;39;59;61;89;97;41;78;95;46,10,9.11,71.02363782051282,0.7502734798651475,1438.2732677459717
785,0,52;50;42;55;6;77;83;32;10;1,10,8.35,69.34094551282051,0.7613464280580863,1440.8207004070282
786,4,35;88;67;73;75;53;51;43;12;7,10,8.22,73.15705128205128,0.7124486107092637,1444.6395237445831
787,1,90;99;14;57;31;5;71;13;4;66,10,7.27,70.59294871794872,0.7391241039985266,1445.3264515399933
788,3,28;20;87;30;96;54;38;45;48;65,10,8.75,68.89022435897436,0.8092005711335403,1446.3521213531494
789,2,59;41;97;22;63;78;46;23;89;85,10,8.66,73.81810897435898,0.6580651692855053,1447.4818465709686
790,0,1;11;34;29;68;55;10;69;83;72,10,7.87,70.6229967948718,0.7668809799047617,1449.2119784355164
791,4,35;51;94;12;92;73;75;7;76;2,10,8.24,74.24879807692308,0.6496599966134781,1453.4511303901672
792,1,71;57;5;26;79;4;56;44;37;40,10,9.22,72.29567307692308,0.6914468472584699,1455.0751752853394
793,2,19;85;24;84;89;23;59;0;16;18,10,7.68,72.50600961538461,0.6786062816778818,1455.8086521625519
794,3,8;81;17;38;96;93;20;47;3;74,10,8.83,75.06009615384616,0.64528361421365,1456.196837425232
795,0,42;55;83;32;68;98;58;77;50;11,10,8.36,70.21233974358974,0.7549377099061624,1458.1209981441498
796,4,88;12;25;2;62;94;73;76;35;92,10,8.23,73.62780448717949,0.6795255312552819,1462.2391748428345
797,0,50;83;6;10;32;34;77;33;29;68,10,5.85,74.89983974358974,0.6389543498173739,1464.7936384677887
798,1,90;4;14;26;66;37;49;31;21;40,10,9.1,75.75120192307692,0.660217557197962,1465.5335381031036
799,2,23;63;19;97;59;60;61;24;39;89,10,9.08,74.19871794871794,0.660324813463749,1465.9079084396362
800,3,65;17;47;93;74;8;38;9;30;27,10,8.82,73.77804487179488,0.6410457025735806,1466.3291282653809
801,4,67;80;53;76;35;86;51;25;7;88,10,8.01,75.22035256410257,0.6601153573928735,1470.8910508155823
802,0,55;32;1;72;52;6;33;34;42;68,10,8.4,72.99679487179488,0.6738174718159896,1473.8302612304688
803,1,14;15;56;79;49;40;5;66;13;71,10,8.92,73.20713141025641,0.6926358250471262,1475.0651006698608
804,2,59;24;46;95;60;19;36;61;97;78,10,9.09,76.45232371794872,0.6267384023238451,1476.0920507907867
805,3,38;93;96;54;48;30;47;45;28;74,10,8.92,68.85016025641026,0.7472372269019102,1476.4480316638947
806,4,88;62;35;80;7;86;94;53;73;25,10,8.24,72.1454326923077,0.7014030546714098,1479.7840132713318
807,0,29;1;11;6;68;72;34;52;83;10,10,7.91,71.09375,0.7579913872938889,1482.3208272457123
808,1,56;44;15;40;71;66;5;99;90;37,10,8.85,70.8233173076923,0.7389134309994869,1485.4426069259644
809,2,64;63;24;41;97;84;78;39;82;23,10,8.67,68.88020833333333,0.7578799327214559,1485.9007449150085
810,3,91;96;3;8;65;74;87;28;30;27,10,8.22,69.37099358974359,0.7902226394567734,1486.2910630702972
811,4,75;80;92;7;2;12;62;70;35;76,10,8.05,71.66466346153847,0.711185043438887,1488.426752090454
812,0,72;68;29;50;55;33;34;6;98;58,10,7.88,71.82491987179488,0.7355009011733227,1490.7568199634552
813,1,90;99;71;79;37;57;13;66;4;26,10,8.96,71.484375,0.6967811145079441,1495.1968705654144
814,2,39;64;84;60;59;41;46;16;0;82,10,8.67,69.5713141025641,0.7481662974907801,1495.7011880874634
815,3,8;20;48;91;3;54;47;27;28;96,10,8.92,76.42227564102564,0.6332774632252179,1496.1064538955688
816,4,76;73;92;94;43;2;70;25;88;75,10,8.24,76.08173076923077,0.6148615739284418,1497.2276499271393
817,0,50;10;83;98;6;32;77;1;42;68,10,8.35,74.6494391025641,0.6680414997614347,1499.6705555915833
818,2,46;60;84;95;97;19;64;82;59;89,10,7.94,75.79126602564102,0.6429061843798711,1504.413996219635
819,1,5;66;57;79;15;4;49;31;40;71,10,8.73,76.2119391025641,0.6284582695135703,1504.8930320739746
820,3,28;47;81;87;93;9;45;20;27;96,10,8.84,76.82291666666667,0.6218406787285438,1505.7135162353516
821,4,51;86;12;94;35;80;2;76;67;92,10,8.03,64.64342948717949,0.9021246142876453,1506.081585407257
822,0,34;10;11;52;29;6;50;42;98;33,10,8.37,72.97676282051282,0.7399769073877579,1508.7115569114685
823,4,94;7;88;51;43;53;12;25;75;35,10,6.37,75.46073717948718,0.6564622800319623,1513.0650780200958
824,1,56;37;79;66;44;99;90;13;4;57,10,8.61,68.6698717948718,0.8000614834137452,1514.192974805832
825,2,24;59;18;41;78;85;61;46;19;97,10,9.13,76.85296474358974,0.6183610019775537,1514.5084691047668
826,3,27;93;81;28;74;20;47;38;45;87,10,8.83,75.390625,0.6311354667712481,1515.1644747257233
827,0,68;98;52;10;77;11;33;29;55;72,10,7.95,72.75641025641026,0.7316071291764578,1517.2830765247345
828,4,62;53;75;92;7;12;25;2;88;35,10,7.39,72.58613782051282,0.7386511663595835,1521.0594017505646
829,1,66;71;57;79;44;4;14;13;15;49,10,7.76,74.49919871794872,0.6634436158033518,1522.5867276191711
830,2,0;39;95;82;23;16;64;97;78;61,10,9.09,67.52804487179488,0.8025548710272863,1524.4337244033813
831,3,9;47;45;96;65;74;27;93;54;8,10,8.83,75.97155448717949,0.6335330712489593,1524.8263375759125
832,0,58;29;34;11;50;55;42;6;98;69,10,8.35,72.17548076923077,0.7451963226000468,1526.2588369846344
833,4,88;62;86;12;25;67;7;43;73;76,10,8.22,75.46073717948718,0.6567523999091907,1529.8963232040405
834,1,56;31;57;26;13;5;66;14;15;90,10,9.04,71.46434294871794,0.7424584199220706,1532.2050385475159
835,2,61;39;84;16;64;82;59;19;23;95,10,9.1,71.73477564102564,0.6973047630909162,1534.2384583950043
836,3,65;81;30;38;20;27;91;48;74;93,10,8.73,72.68629807692308,0.6725716097996786,1534.6155049800873
837,0,1;6;83;34;29;42;33;69;52;32,10,8.35,73.20713141025641,0.7054318403586363,1535.247475385666
838,4,25;92;53;80;51;2;86;35;73;7,10,8.26,74.70953525641026,0.6531531252922156,1538.785329580307
839,1,31;40;26;21;66;99;44;71;56;79,10,9.2,68.13902243589743,0.8064691584843856,1542.0300662517548
840,0,52;69;1;6;98;83;10;68;34;58,10,7.61,74.86979166666667,0.6784310547205118,1543.6758489608765
841,2,16;39;18;64;85;61;46;82;63;84,10,9.09,69.93189102564102,0.8353830912174323,1544.2249722480774
842,3,17;27;38;87;9;93;28;45;48;91,10,8.73,72.03525641025641,0.7039704361023047,1544.582171201706
843,4,2;75;51;67;43;86;7;92;12;25,10,7.39,72.72636217948718,0.6657034166348286,1546.8230555057526
844,1,79;15;57;44;31;66;49;13;90;56,10,8.62,71.39423076923077,0.7241392276990108,1551.2674360275269
845,0,98;52;50;33;6;72;32;10;68;83,10,7.92,73.19711538461539,0.7386254140963922,1552.5074219703674
846,2,84;36;0;89;82;95;18;63;19;22,10,7.68,74.5693108974359,0.7229057351748148,1552.9824187755585
847,3,27;8;54;65;38;9;93;96;74;45,10,8.36,70.55288461538461,0.7490224173435798,1553.5528984069824
848,4,25;2;88;76;75;53;70;86;7;94,10,7.3,75.9014423076923,0.6316724740541898,1554.678855419159
849,0,33;50;98;68;10;77;58;69;1;29,10,6.04,75.32051282051282,0.6433916772023226,1559.1237018108368
850,2,39;36;85;63;95;59;89;18;0;84,10,5.85,75.01001602564102,0.6742551789069787,1559.814447402954
851,1,26;99;37;40;49;31;90;13;56;14,10,9.2,69.98197115384616,0.7606251480487677,1561.0449533462524
852,3,20;47;54;28;91;48;87;74;45;96,10,8.91,73.97836538461539,0.6711501796276141,1563.3215975761414
853,4,12;25;7;88;43;92;53;80;67;70,10,8.03,75.36057692307692,0.6222520539393792,1563.8280515670776
854,1,15;13;44;57;90;99;5;21;4;66,10,6.41,71.16386217948718,0.7146435983670063,1568.3534488677979
855,0,6;1;42;58;29;33;52;32;10;77,10,8.36,72.12540064102564,0.7142312358587216,1568.8222353458405
856,2,16;84;23;39;89;78;64;46;63;36,10,7.89,70.02203525641026,0.862228607520079,1569.198977470398
857,3,81;38;48;65;45;74;20;96;87;93,10,8.74,70.90344551282051,0.7267282964327396,1572.6967108249664
858,4,70;76;43;94;73;53;75;12;62;92,10,8.24,70.15224358974359,0.7095830111931531,1573.1772170066833
859,0,69;68;11;72;1;34;32;55;42;83,10,8.38,70.13221153846153,0.7550860276589026,1577.9355669021606
860,1,5;26;15;99;14;13;4;31;79;57,10,8.96,72.85657051282051,0.6772519479959439,1578.3692622184753
861,2,63;64;19;22;89;59;18;24;61;85,10,9.1,76.51241987179488,0.6348102077459677,1579.0022525787354
862,4,76;12;53;86;70;7;43;2;35;94,10,7.33,65.09415064102564,0.8003844053317339,1581.0345673561096
863,3,27;96;87;38;28;45;3;91;74;9,10,8.41,69.37099358974359,0.7458549088392502,1581.738795042038
864,0,58;55;11;52;10;1;6;34;72;83,10,7.91,68.42948717948718,0.8391473415570382,1586.476445198059
865,1,66;37;4;44;79;71;40;31;21;56,10,8.9,69.75160256410257,0.7790938860330826,1588.2538409233093
866,2,22;24;16;41;46;89;18;60;82;95,10,8.66,71.1338141025641,0.7098425779587183,1588.7906801700592
867,4,62;43;53;75;7;2;25;12;51;70,10,7.24,73.59775641025641,0.6590185341162559,1589.1801257133484
868,3,45;20;17;96;81;54;28;48;93;47,10,8.92,74.81971153846153,0.663823569050202,1591.2063598632812
869,0,29;55;11;83;42;77;34;58;33;72,10,8.41,69.08052884615384,0.8362023731072744,1595.5372772216797
870,2,18;16;78;46;63;36;22;64;39;85,10,7.9,66.9170673076923,0.9623776605496039,1597.2661271095276
871,4,88;12;67;80;51;7;75;53;35;92,10,8.03,72.56610576923077,0.7707978097292093,1598.1889379024506
872,1,37;57;13;90;56;21;40;79;26;44,10,9.2,71.31410256410257,0.7704339229907745,1598.6036112308502
873,3,20;45;30;87;65;96;93;3;38;8,10,8.4,73.62780448717949,0.6735112705291846,1600.1159794330597
874,0,6;77;11;68;33;98;34;52;50;29,10,7.62,71.7548076923077,0.7517570104354467,1603.7560856342316
875,2,59;39;84;18;78;0;19;63;85;60,10,7.7,75.94150641025641,0.6346784291359094,1605.9769926071167
876,4,43;75;7;12;51;73;35;94;67;53,10,8.22,72.00520833333333,0.6617825447748868,1607.0082025527954
877,1,66;37;44;21;14;13;5;49;40;15,10,8.71,75.06009615384616,0.6479843063996389,1607.8424036502838
878,3,17;65;91;3;87;28;8;81;9;47,10,8.84,75.4306891025641,0.6222409781737205,1609.5511791706085
879,0,72;69;58;98;29;50;68;32;52;33,10,7.93,73.41746794871794,0.6911076945372117,1612.298887014389
880,2,41;18;22;89;0;24;19;84;59;78,10,8.68,72.6161858974359,0.6749963813867325,1615.254427909851
881,4,2;51;86;35;70;25;92;80;62;76,10,8.04,74.66947115384616,0.6559715030285028,1615.8964338302612
882,1,13;40;66;15;31;26;4;5;99;44,10,9.06,75.32051282051282,0.6403030321384088,1617.4247751235962
883,3,74;81;93;3;96;45;17;65;20;91,10,8.4,72.74639423076923,0.698474529461983,1618.5731961727142
884,0,58;6;52;1;83;77;55;33;98;34,10,7.61,73.73798076923077,0.7207944481036602,1620.4974117279053
885,4,86;53;7;2;51;67;43;62;88;35,10,6.38,73.4775641025641,0.6759034421963569,1622.8423931598663
886,2,84;85;82;41;16;64;60;89;39;95,10,8.67,74.6895032051282,0.633362699395571,1624.6340720653534
887,1,57;71;14;90;40;44;21;31;26;4,10,9.1,74.90985576923077,0.7056603202453027,1627.0800828933716
888,3,27;45;28;81;48;30;17;38;65;93,10,8.75,73.02684294871794,0.675307185221941,1627.9055843353271
889,0,52;69;29;50;55;83;33;58;98;32,10,7.61,73.60777243589743,0.723652245142521,1628.628113746643
890,4,86;43;51;67;73;80;7;70;53;12,10,8.25,72.42588141025641,0.6778116826063547,1631.6536810398102
891,2,23;24;97;85;64;19;61;84;22;82,10,9.09,73.50761217948718,0.6946298992022489,1634.2718214988708
892,1,26;90;5;4;21;15;66;44;13;49,10,8.96,76.70272435897436,0.6397484227632865,1636.6922328472137
893,3,87;8;9;47;65;93;45;17;74;38,10,8.83,73.5176282051282,0.6684560382213348,1637.5039761066437
894,0,34;72;42;52;58;32;69;1;77;29,10,8.42,67.98878205128206,0.8190242357743092,1637.9369673728943
895,4,35;88;25;7;80;53;75;76;86;70,10,8.03,73.8681891025641,0.6646243738822448,1640.278235912323
896,2,85;97;19;82;16;78;89;23;46;84,10,7.68,73.23717948717949,0.6949885044342432,1642.5084969997406
897,1,26;49;21;40;90;31;56;37;57;5,10,9.21,74.28886217948718,0.7068529518750998,1646.908373594284
898,0,34;72;52;50;42;10;6;29;32;33,10,8.41,72.74639423076923,0.7330199166750296,1647.4649767875671
899,3,20;48;47;96;17;65;81;30;28;3,10,8.94,72.09535256410257,0.7161855273521863,1647.8951001167297
900,4,73;53;35;76;75;25;12;51;94;70,10,8.23,71.8349358974359,0.700542579858731,1649.2746136188507
901,2,63;78;59;0;97;22;85;18;16;23,10,6.3,71.18389423076923,0.750027196529584,1649.6351516246796
902,0,98;6;77;50;33;69;52;55;42;29,10,8.37,70.55288461538461,0.7946919195162945,1656.6091358661652
903,1,44;56;21;57;4;26;90;66;99;13,10,9.06,69.89182692307692,0.7888971807864996,1657.3009958267212
904,3,47;48;3;38;20;93;28;30;96;17,10,8.94,73.96834935897436,0.6535949794909893,1657.5912871360779
905,4,92;80;73;75;86;25;35;7;2;62,10,8.26,71.66466346153847,0.6835830547870734,1658.3322384357452
906,2,46;60;22;78;82;41;24;18;39;63,10,8.66,76.90304487179488,0.5943709302407044,1659.021987915039
907,0,50;77;52;32;1;69;58;42;98;29,10,8.37,73.20713141025641,0.7217818078322288,1665.567058801651
908,1,31;40;57;14;49;4;21;15;44;37,10,8.73,73.59775641025641,0.7472778268349476,1666.5980741977692
909,3,48;17;8;93;74;20;45;96;3;30,10,8.76,75.26041666666667,0.6817484643214788,1667.4676985740662
910,4,70;53;92;73;35;80;94;86;67;12,10,8.27,67.35777243589743,0.8042188951602349,1667.8617627620697
911,2,97;60;78;36;19;46;89;24;61;95,10,9.09,76.0917467948718,0.616496660006352,1668.6883881092072
912,0,55;69;11;29;98;33;68;6;83;1,10,6.11,73.71794871794872,0.6906281755520747,1672.241735458374
913,1,57;15;71;26;31;5;21;44;37;79,10,8.95,74.43910256410257,0.6933033256194531,1676.1683168411255
914,4,86;76;43;35;62;12;53;73;75;92,10,8.24,67.8485576923077,0.7553912133742602,1677.1680476665497
915,2,97;78;95;19;24;63;64;16;59;18,10,7.95,71.19391025641026,0.6966345936824114,1677.6602430343628
916,3,93;91;87;54;38;45;30;47;28;65,10,8.84,72.52604166666667,0.6555264190985606,1678.0438239574432
917,0,83;55;11;68;6;69;32;50;29;1,10,6.05,76.171875,0.6301643752898926,1678.8710391521454
918,0,77;69;83;98;10;68;55;32;6;50,10,5.9,73.73798076923077,0.7025849853570645,1685.7228438854218
919,1,79;15;14;49;90;21;66;56;31;4,10,8.65,67.66826923076923,0.8968059665117508,1686.1623511314392
920,4,35;94;76;7;80;92;88;25;12;53,10,8.03,76.01161858974359,0.6434145344373507,1686.5630793571472
921,2,0;19;82;59;18;16;61;64;41;22,10,9.14,72.20552884615384,0.6979498007358649,1687.5366537570953
922,3,93;74;47;54;81;65;48;45;9;96,10,8.9,74.32892628205128,0.6576476383667725,1687.8554785251617
923,0,68;58;34;83;32;42;1;52;77;29,10,8.36,70.41266025641026,0.7355401347845029,1694.8212201595306
924,4,51;92;7;94;75;53;62;2;88;80,10,8.01,76.01161858974359,0.6338879855779501,1695.5741300582886
925,1,13;21;4;40;37;44;5;57;66;56,10,8.89,73.05689102564102,0.6934947405870144,1696.0398755073547
926,2,23;0;39;24;36;63;18;46;85;41,10,8.65,76.73277243589743,0.6240408600140841,1696.8764145374298
927,3,8;81;3;47;65;9;28;91;38;27,10,8.83,75.19030448717949,0.6286230626014563,1697.4920785427094
928,4,62;12;35;67;51;70;92;2;86;43,10,7.46,68.16907051282051,0.7421676921538818,1703.7806346416473
929,0,58;42;10;11;6;83;77;29;98;52,10,8.38,73.11698717948718,0.7125939829991415,1704.2108380794525
930,2,39;60;19;16;24;36;82;64;97;95,10,7.93,71.4042467948718,0.6941836919540014,1706.1258192062378
931,1,21;4;5;40;26;79;99;13;66;56,10,9.22,68.20913461538461,0.811879425476759,1706.4413840770721
932,3,87;54;17;38;8;27;30;96;28;81,10,8.03,74.10857371794872,0.6682447649729557,1706.809345960617
933,4,86;2;76;53;80;92;35;62;67;7,10,8.03,64.23277243589743,0.8575557080598978,1712.4604768753052
934,0,34;83;29;50;72;33;98;6;52;42,10,8.43,73.38741987179488,0.7354780045839456,1713.1697208881378
935,2,24;22;59;82;23;36;61;63;0;64,10,9.07,73.68790064102564,0.6873290546429462,1716.1582238674164
936,1,66;40;21;4;71;31;15;90;56;26,10,9.21,67.62820512820512,0.8534358273714017,1716.647047996521
937,3,48;28;87;45;8;9;96;38;91;81,10,8.74,72.21554487179488,0.701663457048245,1716.9924399852753
938,4,67;12;75;25;76;92;73;62;35;51,10,8.24,76.8329326923077,0.6476084968218436,1721.5059850215912
939,0,33;77;52;83;72;29;58;55;34;68,10,7.92,71.90504807692308,0.6898959752840873,1722.22655916214
940,2,36;95;46;89;24;63;85;0;82;59,10,5.59,76.98317307692308,0.6045268716720434,1722.6621687412262
941,1,15;4;71;90;66;79;44;13;26;37,10,8.95,72.82652243589743,0.709402933334693,1726.43248128891
942,3,81;54;91;9;87;38;3;47;30;93,10,8.82,73.76802884615384,0.6509566738819464,1726.9037158489227
943,4,25;73;75;92;51;12;88;86;2;7,10,8.23,77.56410256410257,0.5994008771884136,1730.5659823417664
944,0,69;55;33;98;1;11;83;72;29;32,10,7.89,75.72115384615384,0.6785889061597677,1731.0714085102081
945,2,24;18;85;41;36;84;64;59;0;22,10,8.66,75.87139423076923,0.627285510683671,1731.8844220638275
946,1,71;26;4;90;57;44;99;5;15;40,10,9.07,71.2139423076923,0.7050633411376904,1736.2461926937103
947,3,87;81;27;28;91;8;45;9;48;74,10,8.73,70.55288461538461,0.7428051454898639,1736.6910099983215
948,4,35;62;53;92;25;76;70;2;75;86,10,7.5,74.69951923076923,0.6340843519339194,1738.6074426174164
949,0,42;83;69;1;33;52;68;58;72;32,10,8.4,70.73317307692308,0.7696307125764016,1740.0412147045135
950,2,61;97;39;19;78;63;64;59;89;60,10,9.11,74.21875,0.6457111285283015,1741.5572590827942
951,1,5;31;99;37;66;26;71;90;21;4,10,8.95,73.41746794871794,0.6570971516462473,1746.0216133594513
952,3,54;28;47;9;3;48;17;74;93;8,10,8.9,71.47435897435898,0.7440004960084573,1746.7357320785522
953,4,53;51;43;70;35;7;86;75;76;2,10,7.32,73.61778846153847,0.6391146030181494,1747.1770460605621
954,0,72;68;1;52;83;29;11;6;34;58,10,7.91,71.5244391025641,0.7183963870390867,1748.505169391632
955,2,46;16;97;78;36;18;63;19;89;84,10,7.7,71.7948717948718,0.7119961503224496,1749.8363003730774
956,4,7;67;75;88;94;92;86;51;25;76,10,7.43,76.53245192307692,0.6098036674352793,1755.1674802303314
957,1,99;14;13;5;66;4;26;21;71;79,10,8.97,71.2139423076923,0.7123805158413373,1756.0638093948364
958,3,8;74;96;45;65;91;93;47;3;38,10,8.86,67.98878205128206,0.7891864035374079,1756.4048402309418
959,0,1;69;58;83;77;33;50;72;6;32,10,7.87,76.88301282051282,0.6155665448078742,1757.033653497696
960,2,89;95;0;63;78;46;24;19;16;97,10,7.69,73.28725961538461,0.6675321517082361,1758.0591979026794
961,4,12;51;35;62;43;92;53;73;67;75,10,8.23,77.29366987179488,0.5891611599005185,1764.0009717941284
962,1,21;31;15;5;4;13;79;40;26;37,10,9.07,75.83133012820512,0.6176943198228494,1766.0279333591461
963,0,55;1;77;29;83;11;42;58;69;33,10,8.35,70.55288461538461,0.7737075143899673,1766.6320929527283
964,2,59;24;95;89;18;46;85;64;97;63,10,7.89,77.91466346153847,0.5946576671722608,1767.085104227066
965,3,48;45;91;20;87;30;81;93;27;65,10,8.73,75.8613782051282,0.6214275837708743,1767.4670519828796
966,4,80;70;92;67;51;43;12;7;53;2,10,8.03,75.21033653846153,0.6255419181707578,1772.613382101059
967,0,72;52;58;33;98;10;1;32;77;6,10,7.93,75.0400641025641,0.6919466707950983,1775.398678779602
968,1,71;31;4;90;49;14;99;40;57;44,10,8.72,74.80969551282051,0.6739441309219751,1776.0985758304596
969,2,59;0;82;19;22;41;63;24;46;89,10,8.67,77.91466346153847,0.5959774110561762,1776.7524480819702
970,3,48;8;3;28;87;20;9;17;74;65,10,8.75,74.31891025641026,0.6421431108162954,1777.1204380989075
971,4,70;92;53;43;25;2;12;35;7;76,10,7.53,75.76121794871794,0.6031858607744559,1780.7470936775208
972,0,29;58;11;52;69;77;98;34;68;32,10,7.62,71.96514423076923,0.732356594159053,1783.5902519226074
973,1,49;21;79;57;66;99;5;56;13;44,10,8.64,71.89503205128206,0.7055173432215666,1785.3450887203217
974,2,24;97;82;60;59;46;61;36;63;0,10,9.07,75.77123397435898,0.6264009200609647,1786.5793991088867
975,3,96;93;28;45;20;27;17;3;47;81,10,8.87,75.75120192307692,0.6301006418772233,1786.9869730472565
976,4,35;88;86;51;73;7;75;53;70;67,10,8.22,77.51402243589743,0.596866929378265,1789.5859880447388
977,0,10;32;77;58;72;52;69;42;83;34,10,8.42,66.796875,0.8844547004271777,1792.6214807033539
978,1,79;66;21;44;49;99;37;90;31;71,10,7.7,73.37740384615384,0.6725368217015878,1793.642644405365
979,2,64;39;84;60;89;16;24;36;63;19,10,7.94,71.28405448717949,0.6961062359504211,1795.0639078617096
980,3,74;30;54;28;45;87;96;81;9;27,10,8.38,74.44911858974359,0.6859637449185053,1795.8897614479065
981,4,62;92;12;35;75;7;86;53;94;43,10,7.39,66.97716346153847,0.768560141324997,1797.6194067001343
982,0,34;6;69;52;33;98;68;77;55;32,10,7.61,73.57772435897436,0.6728307845500799,1800.8570806980133
983,1,71;44;37;56;4;13;31;14;15;5,10,8.61,74.46915064102564,0.6715607394774755,1802.788518667221
984,2,59;18;41;78;85;82;95;39;63;19,10,8.68,76.90304487179488,0.6140526021138216,1804.3137001991272
985,3,17;96;9;48;8;38;93;27;65;47,10,8.89,74.82972756410257,0.6219944961560078,1805.3226428031921
986,4,70;62;67;92;25;73;88;12;86;35,10,8.24,76.97315705128206,0.5825661382614038,1806.463809967041
987,0,1;50;83;55;58;33;68;77;52;98,10,7.61,75.89142628205128,0.631107774300453,1809.1132333278656
988,1,71;79;15;56;14;66;49;99;57;31,10,8.66,69.97195512820512,0.7842306143198258,1812.0564906597137
989,2,36;78;84;82;63;89;46;18;23;61,10,9.08,75.97155448717949,0.6546370062308434,1814.150295495987
990,3,28;65;93;96;74;30;91;38;3;27,10,8.23,70.2323717948718,0.7516985803078382,1814.5491976737976
991,4,35;94;67;2;53;75;70;43;73;25,10,8.22,74.21875,0.6506739029517541,1815.2301063537598
992,0,68;98;58;50;32;72;1;83;77;10,10,7.89,75.97155448717949,0.6238430952414488,1817.5798032283783
993,1,15;44;56;79;14;26;5;37;57;66,10,9.05,74.1786858974359,0.6691059195078336,1821.7220060825348
994,4,51;53;67;12;92;2;43;62;76;86,10,7.43,66.50641025641026,0.774882626075011,1823.541267633438
995,2,64;19;46;84;63;41;18;23;16;89,10,8.69,73.96834935897436,0.6587704332211078,1823.953623533249
996,3,91;27;8;81;3;9;17;96;28;20,10,8.2,77.76442307692308,0.6085355071685253,1824.315821647644
997,0,52;68;58;32;6;10;42;33;34;69,10,8.34,69.62139423076923,0.7547169075562403,1826.561196088791
998,1,56;26;15;90;79;71;49;44;31;13,10,9.05,72.42588141025641,0.7203851800698501,1831.403887271881
999,4,94;67;51;80;35;25;2;12;53;7,10,8.01,76.42227564102564,0.5857254266738892,1832.132008075714
1000,2,60;85;36;78;46;64;63;95;41;0,10,8.67,78.11498397435898,0.5682366383381379,1833.4857640266418
1001,3,9;45;74;48;93;28;81;54;96;91,10,8.74,74.62940705128206,0.696261710081345,1833.8754150867462
1002,0,34;32;68;69;33;52;10;55;50;6,10,7.6,75.75120192307692,0.6014429284976079,1834.7018854618073
1003,1,56;5;31;21;15;44;37;66;57;90,10,8.6,75.4306891025641,0.6467581590016683,1840.7578341960907
1004,4,51;86;76;25;43;7;75;88;62;80,10,8.01,75.41065705128206,0.6502508177207067,1841.2361781597137
1005,2,61;63;23;39;24;78;16;95;0;82,10,9.08,71.62459935897436,0.7475905777552189,1843.5657784938812
1006,0,29;52;69;72;34;6;68;42;83;11,10,8.41,68.82011217948718,0.7910277262712136,1844.0476157665253
1007,3,74;54;47;93;28;81;3;65;20;8,10,8.84,78.32532051282051,0.5885981118831879,1844.4007632732391
1008,4,43;67;25;75;12;7;70;2;86;35,10,7.25,75.0801282051282,0.6215703636407852,1849.1174998283386
1009,1,66;15;71;37;57;13;99;4;40;5,10,8.7,75.36057692307692,0.6291869420271653,1850.037892818451
1010,2,22;63;59;23;24;16;84;95;89;0,10,5.6,71.42427884615384,0.6855697968067267,1850.3780550956726
1011,0,77;11;58;50;34;1;72;68;55;33,10,7.87,73.5576923076923,0.6627338520991497,1852.5144052505493
1012,3,28;30;48;93;96;8;3;81;65;91,10,8.75,70.63301282051282,0.736034339819199,1853.748844385147
1013,1,5;57;79;14;90;21;66;37;44;71,10,7.33,77.18349358974359,0.6262225718834461,1858.0936374664307
1014,4,70;51;12;53;80;7;75;94;88;73,10,8.25,77.37379807692308,0.58607828273223,1858.527622461319
1015,2,85;24;82;60;61;19;36;95;16;23,10,9.08,73.8681891025641,0.6542963752379785,1860.0869612693787
1016,0,52;32;1;58;98;83;77;33;11;34,10,7.62,74.58934294871794,0.6997607067609445,1860.7174229621887
1017,3,30;9;38;48;8;81;17;28;20;45,10,8.74,76.07171474358974,0.6119290475661938,1863.0612709522247
1018,4,70;43;94;86;7;92;2;67;73;53,10,8.24,64.79366987179488,0.8249206550610371,1867.6511566638947
1019,0,11;50;34;68;58;98;83;6;1;10,10,6.07,76.12179487179488,0.6174994359413782,1868.1646230220795
1020,1,71;14;21;37;5;40;79;44;26;13,10,9.08,76.23197115384616,0.6365503661143475,1868.5578899383545
1021,2,60;78;89;36;95;0;85;82;41;97,10,8.66,76.9130608974359,0.6106855326738113,1869.3933653831482
1022,3,48;81;45;28;20;87;17;47;3;65,10,8.94,76.84294871794872,0.5948545164786853,1872.5665485858917
1023,4,80;70;35;62;43;92;75;2;86;51,10,8.03,74.54927884615384,0.6223647181804364,1876.312163591385
1024,0,50;1;34;52;32;11;68;42;83;58,10,8.35,73.22716346153847,0.6475647088044729,1877.135635137558
1025,1,31;56;79;44;13;99;71;4;5;57,10,8.62,68.53966346153847,0.801564484834671,1877.794444322586
1026,2,18;24;16;22;95;85;97;23;41;39,10,8.65,69.37099358974359,0.7444831209305005,1878.620455980301
1027,3,28;30;87;9;65;48;93;20;91;17,10,8.73,76.75280448717949,0.6111092945704093,1881.9713366031647
1028,2,85;82;22;95;23;39;60;63;89;36,10,5.39,75.98157051282051,0.6418661245932946,1884.823443889618
1029,4,53;76;43;94;35;80;67;86;70;25,10,8.03,71.89503205128206,0.6711170719220088,1885.3240628242493
1030,0,42;72;10;55;33;69;77;34;83;68,10,8.39,71.63461538461539,0.7207137850614694,1886.1447942256927
1031,1,79;57;15;71;4;56;26;90;5;99,10,9.05,72.15544871794872,0.68871326591724,1887.4736626148224
1032,3,45;54;91;81;9;27;87;48;30;17,10,8.73,78.38541666666667,0.5847407453335248,1891.315464258194
1033,2,22;24;0;89;78;59;64;60;63;95,10,7.89,74.96995192307692,0.629424648025097,1893.3457686901093
1034,4,75;73;94;86;35;70;67;7;51;2,10,8.22,69.44110576923077,0.7301750549903283,1894.0763027668
1035,0,11;58;32;33;83;72;29;55;77;42,10,8.41,69.39102564102564,0.8094346569134638,1895.1031448841095
1036,1,71;49;5;56;66;26;90;14;99;31,10,9.06,72.00520833333333,0.7011359941500884,1897.1336226463318
1037,3,8;48;3;20;38;45;30;47;9;87,10,8.92,77.2636217948718,0.5859023397549604,1900.877366065979
1038,2,36;85;84;23;0;19;18;60;24;59,10,7.67,74.8798076923077,0.644861965225293,1901.6108348369598
1039,4,94;12;88;51;80;86;92;76;35;70,10,8.05,75.72115384615384,0.6184931573195335,1902.7407116889954
1040,0,77;83;58;50;55;33;98;69;6;52,10,7.61,75.14022435897436,0.6820761935833173,1903.3797800540924
1041,1,99;49;15;37;90;14;66;26;79;4,10,8.97,75.42067307692308,0.6511597132835633,1906.722397327423
1042,3,27;81;3;17;9;54;48;28;38;74,10,8.74,73.24719551282051,0.6629444116201156,1910.2672274112701
1043,2,89;41;61;23;85;59;84;22;19;36,10,9.11,76.2920673076923,0.6434461856499697,1911.4203956127167
1044,4,43;88;25;80;67;76;92;12;75;2,10,8.03,74.24879807692308,0.6665797543067199,1911.8385825157166
1045,0,32;33;42;68;34;52;50;6;72;10,10,8.4,72.59615384615384,0.6896224946547778,1912.530266046524
1046,1,13;40;99;56;5;15;66;21;4;90,10,8.87,70.34254807692308,0.7637425382167865,1916.1726706027985
1047,0,58;98;6;55;68;32;83;77;1;34,10,5.9,74.89983974358974,0.6546141050564938,1919.0086810588837
1048,2,84;16;19;24;78;0;60;39;63;36,10,7.69,71.02363782051282,0.7343848118415246,1919.8851644992828
1049,3,30;81;93;17;3;91;20;54;74;47,10,8.83,77.17347756410257,0.5909215658903122,1920.2968487739563
1050,4,86;70;76;92;43;94;80;75;25;73,10,8.27,72.98677884615384,0.6412880634650205,1920.925380706787
1051,1,56;15;4;14;57;37;90;49;71;21,10,8.66,74.10857371794872,0.6952531865009894,1925.4679026603699
1052,0,69;72;77;68;52;11;1;98;32;58,10,7.93,74.70953525641026,0.6855518405254071,1927.602823972702
1053,4,35;88;92;7;12;53;75;86;94;62,10,7.39,76.18189102564102,0.6250894176654327,1929.2811748981476
1054,2,89;59;16;46;63;36;64;60;95;41,10,8.66,75.38060897435898,0.6155052280578858,1929.905426979065
1055,3,9;48;65;81;17;93;28;20;45;87,10,8.74,77.16346153846153,0.5948100984096527,1930.2981595993042
1056,1,66;21;99;14;31;44;37;71;49;57,10,7.73,75.60096153846153,0.6265932115224692,1933.739450931549
1057,0,32;10;11;68;55;1;83;98;33;29,10,6.13,75.56089743589743,0.6552151880967312,1934.3691947460175
1058,2,97;46;36;84;18;95;60;78;82;63,10,6.36,77.35376602564102,0.5836791740014002,1936.814294576645
1059,4,53;62;86;25;70;12;92;80;94;7,10,8.03,73.48758012820512,0.6748508780430524,1938.0516846179962
1060,3,91;65;30;96;38;8;20;74;54;48,10,8.73,62.33974358974359,0.9614784266704168,1939.5846116542816
1061,0,50;6;33;58;77;32;72;68;52;10,10,7.92,77.3838141025641,0.582373117407163,1942.9191629886627
1062,1,44;26;14;49;13;57;21;90;40;4,10,9.12,77.45392628205128,0.6097248838498042,1943.7897400856018
1063,2,78;95;85;84;36;19;60;0;39;61,10,9.09,77.84455128205128,0.5869331913880813,1946.7414350509644
1064,4,80;70;35;67;76;25;53;92;75;12,10,8.05,72.46594551282051,0.767472118903429,1947.2355461120605
1065,3,96;45;20;8;47;91;38;48;87;74,10,8.89,77.87459935897436,0.5941294936033396,1949.0562782287598
1066,0,98;72;33;83;29;55;77;1;32;10,10,7.9,75.09014423076923,0.6895493815342585,1951.7932381629944
1067,1,26;31;5;21;57;90;49;99;15;13,10,8.95,77.00320512820512,0.5982394990248557,1953.3235776424408
1068,4,88;67;92;51;73;76;62;86;7;12,10,8.24,72.78645833333333,0.69210152557263,1956.2780718803406
1069,2,0;82;60;46;61;64;59;89;24;16,10,9.08,76.5224358974359,0.5895594090987475,1956.8761324882507
1070,3,47;93;8;45;74;96;9;87;65;30,10,8.84,75.75120192307692,0.6294716802927164,1958.4908850193024
1071,0,72;50;29;33;11;58;55;69;52;1,10,7.91,76.9931891025641,0.6441207642738636,1960.2989611625671
1072,1,49;14;15;56;26;44;13;4;5;21,10,9.07,74.32892628205128,0.6858374400016589,1962.940729379654
1073,4,86;43;7;25;62;70;92;67;51;12,10,7.46,77.87459935897436,0.5708169982983515,1964.3686678409576
1074,2,89;60;36;16;19;97;95;64;22;59,10,7.94,76.03165064102564,0.6191006956192163,1965.3951120376587
1075,3,96;27;54;9;74;65;81;47;28;20,10,8.83,74.1786858974359,0.646590421979244,1967.9401681423187
1076,0,69;55;1;11;6;98;68;34;52;42,10,8.35,74.20873397435898,0.6487542142470678,1969.2716834545135
1077,1,31;4;71;37;49;66;5;40;13;26,10,9.09,76.46233974358974,0.626365567629154,1972.653268814087
1078,4,86;76;67;35;7;43;80;73;62;12,10,8.26,63.361378205128204,0.8867221765029125,1973.2244431972504
1079,2,60;0;97;82;85;78;64;18;39;61,10,9.09,76.38221153846153,0.6106726404948112,1975.0891571044922
1080,3,93;91;17;28;96;9;65;45;48;74,10,8.75,74.1386217948718,0.6611333875319897,1977.4857110977173
1081,0,1;83;69;52;6;98;10;50;11;58,10,7.61,75.68108974358974,0.6541639554959077,1978.0426778793335
1082,4,43;76;2;53;35;88;62;80;70;75,10,8.02,77.17347756410257,0.5944752269066297,1981.9264855384827
1083,1,13;90;37;5;71;66;79;15;21;56,10,8.61,72.36578525641026,0.7316400427848865,1982.4366030693054
1084,2,63;22;84;64;46;78;59;24;82;16,10,7.89,73.36738782051282,0.6808320337381119,1983.5483503341675
1085,3,8;30;96;28;20;81;65;17;9;45,10,8.39,76.03165064102564,0.637067225881112,1986.4750792980194
1086,0,83;33;55;42;10;77;50;98;6;72,10,8.41,72.85657051282051,0.7515653547568198,1986.9946236610413
1087,4,62;94;75;43;51;53;7;35;70;80,10,8.01,75.72115384615384,0.6361532597205578,1990.5426824092865
1088,1,15;90;26;13;44;49;99;66;57;14,10,8.96,77.23357371794872,0.5964295986371163,1991.9794340133667
1089,2,97;59;84;78;23;61;22;46;60;24,10,9.07,76.43229166666667,0.6082943968283825,1993.205994129181
1090,0,68;10;52;83;32;69;58;29;72;11,10,7.92,66.59655448717949,0.7877200757845854,1995.4720814228058
1091,3,54;3;30;9;38;8;81;74;47;65,10,8.83,72.43589743589743,0.6402086867735937,1996.2784299850464
1092,4,62;2;25;75;88;51;7;86;12;94,10,5.87,76.92307692307692,0.6028815847940934,1997.0125496387482
1093,1,40;71;14;49;90;99;15;37;56;57,10,8.92,71.25400641025641,0.7778454071436173,2001.4533185958862
1094,2,19;16;23;46;60;89;59;84;36;41,10,8.66,75.33052884615384,0.6098347138135861,2002.4785778522491
1095,0,29;42;1;98;52;10;68;33;50;72,10,8.43,74.94991987179488,0.6371114211968887,2004.7093234062195
1096,3,8;48;30;65;74;9;91;27;87;38,10,8.73,76.32211538461539,0.5976579896150491,2005.6858048439026
1097,4,67;62;76;53;35;70;7;80;51;43,10,8.02,75.4707532051282,0.6249067282829529,2006.0700688362122
1098,1,13;99;90;31;5;79;40;4;66;15,10,8.67,74.5693108974359,0.6507814969771948,2010.711481809616
1099,2,82;64;0;61;78;22;95;84;39;46,10,9.09,77.72435897435898,0.5938174204948621,2012.1574895381927
1100,0,83;11;58;1;50;98;55;72;33;42,10,8.41,75.98157051282051,0.6686702974331684,2013.6840026378632
1101,4,43;12;73;35;62;94;2;51;53;88,10,8.22,77.32371794871794,0.5936732800343097,2015.1342554092407
1102,3,48;30;87;8;74;9;47;54;38;17,10,8.87,78.34535256410257,0.5563421463355039,2015.5836203098297
1103,1,21;49;14;44;66;71;79;37;5;15,10,7.73,76.79286858974359,0.6099358739761206,2019.0450930595398
1104,2,41;64;97;39;24;0;60;84;63;22,10,8.66,70.85336538461539,0.6961455608789737,2021.372786283493
1105,0,77;6;69;72;1;32;98;50;34;68,10,7.88,76.45232371794872,0.6078342795372009,2022.1888563632965
1106,4,67;73;25;2;43;92;12;51;80;86,10,8.26,74.73958333333333,0.6166346661555462,2024.185385465622
1107,3,17;65;81;28;9;38;74;91;87;8,10,8.02,75.83133012820512,0.6134869632048484,2024.7640709877014
1108,1,71;4;15;37;14;31;26;21;79;49,10,8.98,77.2235576923077,0.6124923733564523,2028.6060450077057
1109,0,68;1;55;33;6;11;29;83;10;72,10,7.87,77.98477564102564,0.6028074358518307,2030.8601937294006
1110,2,61;23;82;39;19;63;89;95;18;64,10,9.1,76.69270833333333,0.6396476507951052,2031.3854491710663
1111,4,76;70;7;43;92;25;53;80;35;88,10,8.05,76.67267628205128,0.6035392135381699,2032.7525990009308
1112,3,65;81;91;93;20;27;54;96;28;38,10,8.03,73.97836538461539,0.6601922798615235,2033.4211723804474
1113,1,56;15;14;79;99;4;13;66;21;37,10,8.63,69.78165064102564,0.8186505803695092,2037.8502542972565
1114,0,1;34;6;52;33;50;55;98;69;83,10,7.61,75.21033653846153,0.6742685857491616,2039.0893077850342
1115,2,41;97;64;18;61;36;22;23;19;78,10,9.14,75.5108173076923,0.6385177637522037,2041.1741268634796
1116,4,25;62;53;76;94;88;73;7;92;67,10,8.23,76.36217948717949,0.6124888696731665,2042.0203123092651
1117,3,27;28;20;30;17;9;93;3;91;81,10,8.2,78.70592948717949,0.5686105936765671,2042.4559977054596
1118,1,15;57;4;26;5;90;79;71;49;37,10,8.97,78.28525641025641,0.580106299657088,2047.4030792713165
1119,0,50;34;83;52;33;77;1;42;69;58,10,8.35,75.93149038461539,0.6391322582195966,2048.0506703853607
1120,3,38;17;65;27;96;30;87;91;20;8,10,7.26,71.38421474358974,0.7274188120395709,2050.269522190094
1121,4,43;7;2;92;70;73;94;25;35;53,10,8.24,73.67788461538461,0.6459018072256675,2051.118819475174
1122,2,41;19;39;59;89;85;61;36;23;0,10,9.11,77.01322115384616,0.6125684953652896,2051.572794675827
1123,1,14;4;15;44;21;49;56;66;40;37,10,8.93,74.66947115384616,0.6804518118882791,2057.050416946411
1124,0,55;34;42;33;50;72;6;58;10;69,10,8.39,75.33052884615384,0.659513261837837,2057.544174194336
1125,3,17;8;28;91;74;81;93;65;38;45,10,8.37,77.14342948717949,0.5939154716638418,2059.2778482437134
1126,4,70;67;86;51;62;73;12;2;75;25,10,8.22,77.66426282051282,0.57275213377598,2059.9072439670563
1127,2,61;82;39;95;59;84;63;19;78;24,10,9.09,77.83453525641026,0.5812124919432861,2061.242543697357
1128,0,6;98;33;58;34;52;42;72;83;10,10,8.43,72.15544871794872,0.8182450104982425,2066.6402513980865
1129,1,13;71;57;4;99;40;15;49;66;56,10,8.93,70.5829326923077,0.7821183812159759,2067.077665090561
1130,3,74;87;54;91;93;45;20;17;9;3,10,8.38,72.41586538461539,0.7096932125397217,2068.4827647209167
1131,4,43;51;2;80;62;73;76;86;35;70,10,8.26,72.62620192307692,0.6606988727282255,2068.9187977313995
1132,2,36;41;39;82;19;23;97;16;89;84,10,8.67,75.3505608974359,0.6237998310572062,2070.5331103801727
1133,0,50;6;29;42;69;10;77;1;52;11,10,8.36,75.29046474358974,0.6439353281106704,2075.566817045212
1134,1,26;90;14;4;44;21;66;40;57;56,10,9.24,70.703125,0.7934261591006548,2076.893471479416
1135,3,9;91;38;20;65;74;45;87;27;3,10,8.39,75.76121794871794,0.6350478812670096,2077.7480261325836
1136,4,2;73;53;62;12;35;94;86;70;67,10,8.22,65.80528846153847,0.7917050505295778,2078.1828541755676
1137,2,19;60;89;39;82;24;63;36;23;22,10,7.67,76.33213141025641,0.6306562106578778,2078.8221566677094
1138,0,33;58;29;69;11;55;68;98;32;10,10,6.15,73.4775641025641,0.6866822315332217,2082.3539793491364
1139,1,71;13;99;21;31;90;57;14;40;66,10,8.71,73.06690705128206,0.6781401064915534,2086.3019926548004
1140,4,51;12;35;92;94;25;53;70;80;7,10,8.03,74.43910256410257,0.6330630916815537,2087.135562181473
1141,3,27;45;3;93;96;74;9;28;47;87,10,8.86,76.5224358974359,0.6203403935218469,2087.647636413574
1142,2,78;22;0;85;19;60;82;89;16;61,10,9.09,72.55608974358974,0.69684393512897,2088.4531915187836
1143,0,1;6;29;34;58;83;77;10;52;50,10,7.61,75.60096153846153,0.649123917787503,2090.5781710147858
1144,1,4;99;14;44;57;49;5;79;13;31,10,7.71,74.0985576923077,0.6681257283840424,2094.897887945175
1145,4,94;80;43;67;88;53;12;25;2;62,10,8.0,78.56570512820512,0.582947348172848,2095.7353160381317
1146,3,38;91;17;3;8;81;96;20;74;65,10,8.15,74.39903846153847,0.6468241547162716,2096.4431631565094
1147,2,61;22;0;36;89;85;97;60;18;23,10,9.07,75.69110576923077,0.6137529302101868,2098.0967671871185
1148,0,50;34;58;11;83;10;6;72;77;29,10,7.89,75.26041666666667,0.6238594009326055,2099.0199658870697
1149,1,49;13;44;14;21;5;4;40;90;79,10,8.71,76.33213141025641,0.6308076908955207,2104.5097219944
1150,2,97;18;0;22;85;46;84;60;36;59,10,5.84,76.0516826923077,0.5988910316656797,2105.0149958133698
1151,4,76;88;70;43;92;51;12;80;73;35,10,8.28,77.29366987179488,0.6009485075871149,2105.3927249908447
1152,3,96;45;48;17;38;74;30;47;27;20,10,8.92,74.609375,0.6327800685778643,2105.9862072467804
1153,0,72;10;11;68;55;29;83;6;32;58,10,7.88,73.22716346153847,0.6365417039547211,2107.4946253299713
1154,4,53;75;12;76;62;67;92;73;25;7,10,8.24,69.13060897435898,0.8722722767255245,2114.6014053821564
1155,1,21;56;49;44;31;26;66;79;57;40,10,9.24,75.02003205128206,0.6553037827595686,2115.2680859565735
1156,2,89;46;22;36;60;61;64;78;39;63,10,9.09,77.13341346153847,0.5972890047690808,2115.6678941249847
1157,3,30;48;3;28;91;27;38;96;9;8,10,8.74,75.8613782051282,0.6300904223552117,2115.995334148407
1158,0,6;55;83;29;72;34;10;42;33;11,10,8.4,73.22716346153847,0.6696446110040714,2116.642374753952
1159,4,51;53;7;35;88;73;76;12;94;2,10,8.22,77.67427884615384,0.5783035281376961,2123.466988325119
1160,1,57;49;5;14;44;40;79;31;99;13,10,8.71,75.53084935897436,0.6315472225348154,2124.579760789871
1161,0,68;52;69;1;29;6;10;72;83;55,10,7.91,72.40584935897436,0.7233975995809604,2125.632771730423
1162,2,0;22;59;95;18;36;84;97;41;61,10,9.11,73.3173076923077,0.6464034918791208,2125.9724521636963
1163,3,65;20;27;81;93;48;38;74;87;30,10,8.73,71.19391025641026,0.6896738150180914,2126.3865852355957
1164,4,43;88;94;2;51;76;80;70;53;62,10,8.01,76.88301282051282,0.5972044200469286,2132.044197320938
1165,2,18;63;64;46;60;84;23;16;82;78,10,7.9,73.25721153846153,0.6891946555712284,2134.7262206077576
1166,0,29;33;58;6;11;83;10;55;42;50,10,8.35,71.94511217948718,0.7040109405150781,2135.2973930835724
1167,1,37;79;40;31;26;13;15;5;99;66,10,9.06,76.41225961538461,0.6081962287425995,2135.6430790424347
1168,3,65;28;38;17;87;8;27;45;96;3,10,8.43,75.13020833333333,0.6218466426317508,2136.1224262714386
1169,4,53;67;43;25;7;86;92;2;35;76,10,7.44,71.5244391025641,0.6769112921678103,2140.070276737213
1170,0,72;6;83;52;77;29;1;32;68;33,10,7.92,76.00160256410257,0.6183477915250338,2143.987045288086
1171,2,82;24;89;16;36;39;18;85;41;60,10,8.66,74.89983974358974,0.6231246770192416,2144.4049468040466
1172,1,79;26;44;56;49;21;13;66;99;5,10,9.06,71.39423076923077,0.7257376905435171,2145.4238572120667
1173,3,47;65;87;17;20;3;45;54;28;30,10,8.88,78.2051282051282,0.5640203158060709,2145.81286072731
1174,4,94;7;67;43;12;70;53;92;76;73,10,8.24,72.41586538461539,0.655784921004222,2148.9417028427124
1175,0,34;33;29;32;42;69;55;50;52;68,10,8.35,74.59935897435898,0.6276605220941397,2152.88090801239
1176,2,46;63;22;97;41;59;61;16;95;82,10,9.11,71.9150641025641,0.7211728799037445,2154.1159048080444
1177,3,20;45;91;9;81;8;30;27;87;96,10,8.36,76.74278846153847,0.6250654096022631,2155.0075166225433
1178,1,56;31;26;13;71;40;44;90;5;4,10,9.17,73.45753205128206,0.7024364864979035,2155.3613545894623
1179,4,43;12;62;73;94;7;76;92;53;35,10,8.24,72.44591346153847,0.6589599416041986,2157.8180103302
1180,0,72;42;69;29;6;50;34;1;32;98,10,8.41,76.81290064102564,0.5939400161688144,2161.9600508213043
1181,2,60;61;85;22;63;59;78;46;23;16,10,9.07,72.44591346153847,0.7092261635340177,2163.7918648719788
1182,3,65;87;74;38;8;45;47;3;48;17,10,8.92,75.98157051282051,0.5884438378688617,2164.5208406448364
1183,1,90;4;15;14;79;26;13;40;57;5,10,9.09,76.78285256410257,0.5999318781571511,2165.120501756668
1184,4,53;75;80;12;43;94;76;70;62;92,10,8.04,76.75280448717949,0.5727310429016749,2166.4462904930115
1185,0,11;10;32;98;69;33;58;68;72;55,10,7.88,74.06850961538461,0.6531362503002851,2170.4853658676147
1186,2,46;18;97;89;64;24;84;19;22;36,10,7.94,77.93469551282051,0.5701168412581469,2172.33082818985
1187,3,8;91;20;81;93;47;17;27;45;3,10,8.84,78.0448717948718,0.5810666271509268,2174.257329940796
1188,4,62;94;43;12;86;7;35;51;76;75,10,7.14,71.51442307692308,0.6875200137878076,2174.933219909668
1189,1,56;5;49;57;31;14;4;71;99;26,10,9.08,71.59455128205128,0.7571054085707053,2175.482855796814
1190,0,69;68;77;33;52;29;10;1;6;72,10,7.92,77.4238782051282,0.5944856737668698,2179.023540496826
1191,2,46;41;23;24;59;61;64;78;39;84,10,9.12,77.57411858974359,0.5621555757064086,2182.06277179718
1192,4,94;35;70;88;2;12;53;76;75;43,10,7.31,77.41386217948718,0.579691720314515,2182.792069196701
1193,3,27;65;48;54;3;38;87;45;17;8,10,8.75,76.28205128205128,0.5990419873060324,2183.8154566287994
1194,1,14;57;37;4;31;90;13;44;66;40,10,8.69,76.953125,0.6316339499675311,2184.7395100593567
1195,0,11;6;33;77;72;55;42;10;50;69,10,8.4,76.33213141025641,0.6123806073879584,2187.970225572586
1196,2,24;59;97;89;84;0;95;78;82;22,10,6.29,77.11338141025641,0.5997148736929282,2188.9846742153168
1197,4,67;88;25;86;70;53;51;75;43;80,10,8.01,78.515625,0.5615399158917941,2191.435088157654
1198,3,91;65;87;47;17;74;9;30;28;27,10,8.83,78.38541666666667,0.5544255738839124,2193.250601053238
1199,1,21;90;99;57;26;15;44;49;56;66,10,9.06,72.64623397435898,0.7139979765201226,2194.373639345169
1200,0,50;11;10;83;6;52;1;98;33;69,10,7.61,76.78285256410257,0.6265779970548092,2196.200203180313
1201,2,64;85;82;19;63;78;16;41;61;24,10,9.15,74.9599358974359,0.6768872057780241,2198.679812192917
1202,4,51;53;80;75;7;25;92;88;43;86,10,8.01,76.5625,0.6119758517314227,2200.0117111206055
1203,3,65;54;3;48;30;38;20;96;47;93,10,8.93,72.91666666666667,0.6580818375715842,2202.808944940567
1204,1,40;57;31;4;66;26;71;56;49;13,10,9.25,73.34735576923077,0.6835795174806546,2204.2361001968384
1205,0,55;77;52;83;10;50;33;11;42;58,10,8.36,74.28886217948718,0.6520684074897033,2205.1750514507294
1206,2,24;85;89;60;16;61;22;95;59;18,10,9.07,72.64623397435898,0.664385071167579,2208.3152990341187
1207,4,75;70;88;43;51;25;7;73;12;62,10,8.22,77.16346153846153,0.5931073140639526,2209.015305042267
1208,3,17;93;54;38;27;81;96;8;91;3,10,8.13,78.27524038461539,0.5707671157060525,2211.550565958023
1209,0,1;29;69;55;10;11;52;68;83;72,10,7.91,75.0,0.6529952127199906,2213.9277284145355
1210,1,57;4;15;90;40;49;37;5;66;26,10,9.09,77.55408653846153,0.6038254694296763,2214.34206366539
1211,2,82;36;60;39;16;85;18;22;46;0,10,5.84,74.83974358974359,0.6394019642701516,2215.0275468826294
1212,4,94;25;92;80;86;67;7;75;12;35,10,8.03,72.7363782051282,0.6742398448479481,2217.6758716106415
1213,3,38;27;9;91;81;65;93;17;28;8,10,8.02,76.2920673076923,0.5983241903476226,2220.105242729187
1214,0,72;1;68;10;34;52;6;11;77;33,10,7.91,75.59094551282051,0.6116880140243433,2222.442742586136
1215,2,89;85;16;19;46;59;64;0;18;39,10,7.94,75.84134615384616,0.5996125680513871,2223.7970628738403
1216,1,56;44;66;21;13;15;4;79;90;40,10,8.88,72.78645833333333,0.7136107396620971,2224.1699907779694
1217,4,62;25;51;2;94;86;80;75;12;92,10,8.01,78.44551282051282,0.5556395550568899,2226.2937569618225
1218,3,48;17;28;3;47;9;93;8;96;74,10,8.92,78.18509615384616,0.5720395560447986,2229.6308953762054
1219,0,42;98;72;33;6;32;55;83;52;29,10,8.43,73.7479967948718,0.7733107820535318,2231.443130970001
1220,2,63;64;61;78;60;24;39;23;19;46,10,9.1,76.6025641025641,0.6027749012678097,2233.6581540107727
1221,1,37;56;14;40;13;90;79;49;31;26,10,9.21,73.84815705128206,0.6946341796563222,2234.218876361847
1222,4,80;76;62;70;67;7;94;51;73;25,10,8.26,75.92147435897436,0.6304230307921385,2235.12833237648
1223,0,68;50;77;55;33;1;6;10;32;69,10,5.74,77.86458333333333,0.5777029074155368,2237.7665634155273
1224,3,93;48;96;9;74;87;3;38;20;45,10,8.75,75.92147435897436,0.6166536211967468,2238.9910218715668
1225,2,23;59;36;18;24;95;82;22;60;97,10,5.77,71.6045673076923,0.6820086385959234,2240.116458415985
1226,4,53;92;12;75;35;67;25;62;86;7,10,7.4,72.94671474358974,0.6758786134230785,2243.3621916770935
1227,1,14;4;44;90;49;21;99;31;40;57,10,8.72,76.66266025641026,0.6076457737348019,2243.8118584156036
1228,0,83;42;10;68;52;58;33;32;55;11,10,8.35,69.87179487179488,0.740720679362615,2246.730226755142
1229,3,28;8;81;91;93;20;96;87;54;30,10,8.03,76.27203525641026,0.6328964053820341,2247.5445291996
1230,2,23;85;46;84;60;36;0;41;78;89,10,8.66,77.4639423076923,0.5868413750177774,2249.394507408142
1231,4,94;2;80;67;12;76;51;92;62;70,10,8.05,73.23717948717949,0.7234282688452647,2252.031419277191
1232,1,5;44;4;13;31;99;56;26;15;90,10,9.02,74.07852564102564,0.6838488567333955,2253.3543009757996
1233,0,52;55;58;10;42;77;32;34;50;1,10,8.35,72.7764423076923,0.6736754152255181,2255.6890926361084
1234,3,54;45;74;81;17;65;27;93;8;3,10,8.38,78.9863782051282,0.5658042847346036,2256.4570887088776
1235,2,36;16;0;22;19;46;61;97;18;95,10,9.09,75.48076923076923,0.6186620016128589,2259.109456062317
1236,4,51;73;2;7;35;75;88;86;76;80,10,8.25,76.33213141025641,0.6264327825644077,2260.8322672843933
1237,1,13;37;44;56;15;49;99;71;40;31,10,8.88,73.3974358974359,0.7040063868730496,2262.8518409729004
1238,0,11;29;52;83;58;50;33;77;34;6,10,7.61,79.28685897435898,0.5477793239630185,2263.918897151947
1239,3,87;96;30;81;93;20;27;54;48;91,10,8.73,74.82972756410257,0.6756816319166086,2265.7506918907166
1240,2,36;18;39;41;95;59;97;24;82;16,10,8.66,76.0516826923077,0.6045078535874685,2268.481192588806
1241,4,12;86;7;51;2;70;25;53;92;75,10,7.46,76.53245192307692,0.6035725038785201,2269.118195295334
1242,0,50;69;29;11;83;10;72;32;33;34,10,7.88,77.96474358974359,0.5691325633953779,2272.563421010971
1243,1,71;14;44;26;57;40;56;37;49;21,10,9.26,74.6895032051282,0.6897561699151993,2273.0236246585846
1244,3,96;87;28;54;91;8;20;81;9;47,10,8.82,76.82291666666667,0.6078240611614325,2275.134668111801
1245,2,41;84;89;19;22;63;85;78;64;0,10,8.68,77.19350961538461,0.617567722996076,2277.9632937908173
1246,4,80;43;62;2;53;70;88;94;92;35,10,8.03,79.98798076923077,0.5395413300929925,2278.457094192505
1247,0,11;83;10;55;33;98;77;69;42;72,10,8.42,74.92988782051282,0.70480288985448,2281.6121838092804
1248,1,79;44;5;66;15;21;99;4;90;26,10,8.95,76.88301282051282,0.6095475898339198,2282.571742296219
1249,3,65;28;45;93;54;9;91;20;38;96,10,8.38,75.72115384615384,0.6277598261069028,2284.1265292167664
1250,4,7;62;53;12;92;94;35;25;67;51,10,7.39,78.71594551282051,0.5613069786475255,2286.4604206085205
1251,2,64;78;61;19;16;36;85;82;84;0,10,9.11,75.26041666666667,0.6555828425364617,2287.690396308899
1252,0,58;98;11;34;55;68;69;29;72;77,10,7.9,73.25721153846153,0.7180293943637457,2290.1266317367554
1253,1,21;26;49;40;79;71;15;66;4;5,10,9.12,78.9463141025641,0.5764048451032394,2292.258321046829
1254,3,27;87;81;45;30;9;96;47;8;74,10,8.83,77.18349358974359,0.5985708611133771,2293.5891811847687
1255,4,43;70;80;35;2;92;53;51;94;88,10,8.03,78.57572115384616,0.5583446117547842,2295.104940891266
1256,2,23;39;18;97;0;59;64;84;36;61,10,9.08,75.53084935897436,0.6156241324467536,2297.3800871372223
1257,0,34;72;11;6;68;1;50;52;29;77,10,7.92,77.21354166666667,0.5947271165175315,2298.713890314102
1258,1,79;99;21;15;56;5;57;71;90;31,10,8.61,70.89342948717949,0.7676725303515409,2301.450951576233
1259,3,81;48;91;38;96;20;27;30;3;65,10,8.75,70.10216346153847,0.7864814851528559,2303.1633315086365
1260,4,67;70;88;86;7;35;92;62;75;2,10,7.46,77.55408653846153,0.5791628127678846,2303.535001039505
1261,2,22;61;36;97;59;64;0;89;41;84,10,9.11,77.88461538461539,0.5698654082341071,2307.083202600479
1262,0,68;55;33;10;11;77;52;6;29;42,10,8.36,75.20032051282051,0.6239928836241747,2307.627828836441
1263,1,66;79;21;37;99;44;90;56;26;40,10,9.18,71.61458333333333,0.7247018149265876,2311.2770965099335
1264,4,25;76;80;73;35;7;2;53;70;12,10,8.26,73.5176282051282,0.6726422760731134,2312.529826402664
1265,3,65;38;45;28;8;91;93;48;27;74,10,8.74,76.61258012820512,0.5979653084889437,2313.0708405971527
1266,0,10;50;1;69;77;11;29;83;6;72,10,7.89,76.38221153846153,0.653788604033299,2316.4071798324585
1267,2,63;95;22;78;41;82;23;84;36;89,10,8.66,77.36378205128206,0.61520116069378,2316.894480228424
1268,1,71;40;4;57;21;44;79;56;15;13,10,8.92,70.9735576923077,0.7502586730779746,2320.8352179527283
1269,4,73;67;88;35;7;94;86;12;25;51,10,8.22,77.76442307692308,0.5756390893306488,2321.570460796356
1270,3,93;9;45;30;8;87;27;17;47;48,10,8.89,79.67748397435898,0.5447364457142658,2322.501230955124
1271,0,58;68;98;11;69;29;83;50;77;10,10,6.22,76.86298076923077,0.5876762439043094,2323.223175048828
1272,2,84;61;46;97;22;24;39;85;82;78,10,9.08,77.93469551282051,0.5711036740969389,2326.5629844665527
1273,4,75;76;25;35;62;53;73;43;80;94,10,8.25,76.953125,0.5962408513594897,2330.634861946106
1274,1,26;40;90;13;15;79;44;31;37;71,10,9.05,77.64423076923077,0.5948339440883734,2331.289308786392
1275,3,74;48;65;96;91;28;30;3;38;54,10,8.75,67.5380608974359,0.814175084615365,2332.0599088668823
1276,0,68;10;29;50;58;11;72;42;32;83,10,8.4,73.18709935897436,0.652279142385874,2332.4262416362762
1277,2,85;82;84;41;16;60;22;95;46;0,10,8.66,73.5576923076923,0.6847863426575294,2335.855411052704
1278,4,80;88;94;7;86;2;35;70;92;43,10,8.03,76.73277243589743,0.5917999847577169,2339.3000435829163
1279,0,50;98;1;72;83;55;11;6;68;77,10,7.88,77.74439102564102,0.5742050607999166,2340.9433007240295
1280,1,14;40;71;44;57;4;5;49;90;37,10,8.72,78.58573717948718,0.5693175402971414,2341.5539932250977
1281,3,8;28;87;20;81;9;17;47;54;74,10,8.82,71.25400641025641,0.7878495668753599,2341.9104499816895
1282,2,22;85;19;78;89;36;24;84;82;0,10,7.68,76.1318108974359,0.6230067824706053,2344.1305787563324
1283,4,88;80;75;7;92;86;35;51;53;12,10,8.02,77.95472756410257,0.5892893072122183,2347.876764535904
1284,0,34;83;42;69;68;52;50;6;33;10,10,8.35,77.51402243589743,0.5620307326316833,2350.1080679893494
1285,1,4;21;15;31;13;37;49;56;57;14,10,8.65,73.87820512820512,0.6953832052457027,2350.7397363185883
1286,3,81;96;45;91;17;87;30;27;47;20,10,8.84,70.25240384615384,0.8333612626943833,2351.3698151111603
1287,2,60;97;19;63;61;84;22;0;78;36,10,9.09,78.34535256410257,0.5708510669378134,2353.8103387355804
1288,4,25;75;2;67;88;70;76;92;86;53,10,7.5,77.6943108974359,0.5660909574765426,2355.937949180603
1289,0,6;55;29;69;72;83;34;77;1;10,10,7.88,74.65945512820512,0.7052497351780916,2358.6003642082214
1290,1,49;79;90;26;21;99;37;71;56;5,10,9.05,73.88822115384616,0.6789462971381652,2360.6721823215485
1291,3,27;20;48;47;74;91;65;54;9;93,10,8.87,73.71794871794872,0.6574386946665935,2361.2107021808624
1292,2,95;41;60;18;64;89;84;23;97;59,10,8.67,75.33052884615384,0.603106079193262,2363.093068599701
1293,4,88;94;62;35;73;43;67;75;76;80,10,8.25,75.67107371794872,0.6236993227249537,2364.82737326622
1294,0,58;10;6;1;68;55;83;11;77;52,10,7.61,74.30889423076923,0.6535569639542164,2366.7602219581604
1295,1,71;99;44;31;56;66;49;14;5;13,10,8.62,72.52604166666667,0.7069377734875067,2369.892557621002
1296,3,54;65;9;8;38;87;3;48;74;30,10,8.74,72.43589743589743,0.680762740281912,2370.5637838840485
1297,2,59;85;89;0;23;46;19;63;24;18,10,7.68,78.9863782051282,0.5504996803326484,2371.2963705062866
1298,4,94;92;51;88;35;53;76;70;80;25,10,8.04,78.07491987179488,0.5502779208696805,2373.4577293395996
1299,0,33;32;68;98;6;50;1;52;55;69,10,7.61,77.80448717948718,0.5760327294850961,2374.88179731369
1300,1,26;5;15;4;21;56;99;40;37;90,10,9.18,73.20713141025641,0.7172596550140625,2379.8490254879
1301,3,47;27;87;81;28;65;17;45;30;38,10,8.85,76.33213141025641,0.586249324755791,2380.2246181964874
1302,2,59;97;85;82;22;18;63;61;46;24,10,9.07,80.06810897435898,0.5400460683382474,2380.954060792923
1303,4,12;94;35;67;7;80;53;25;2;86,10,8.01,68.33934294871794,0.7714906342518635,2382.085305452347
1304,0,83;52;1;34;68;29;69;33;32;6,10,7.61,77.8145032051282,0.5782367804875741,2383.1149728298187
1305,1,21;40;13;31;57;37;90;66;15;26,10,9.07,76.27203525641026,0.6275254327517289,2389.9441468715668
1306,3,96;8;91;17;81;74;20;47;3;48,10,8.9,78.42548076923077,0.5888070101157213,2390.517993927002
1307,2,46;61;39;24;97;16;22;85;89;95,10,9.07,74.98998397435898,0.6322963008513818,2390.9304361343384
1308,4,70;7;53;86;92;75;67;76;2;43,10,7.51,75.41065705128206,0.6109881183275809,2391.4893548488617
1309,0,10;68;98;72;77;29;55;1;6;58,10,7.9,76.66266025641026,0.5808929246969712,2392.0147953033447
1310,1,71;79;31;49;26;90;15;14;4;44,10,8.97,78.49559294871794,0.6023843425970811,2400.3652691841125
1311,3,3;28;91;54;96;38;30;81;93;48,10,8.74,73.23717948717949,0.6938030265080624,2400.9332604408264
1312,0,1;34;68;6;58;98;55;11;77;72,10,7.89,75.77123397435898,0.6227387552842115,2401.3353414535522
1313,2,97;22;61;89;82;95;19;63;16;41,10,9.12,74.37900641025641,0.6465846025026761,2401.6697793006897
1314,4,73;94;51;70;88;2;25;75;7;67,10,8.22,77.49399038461539,0.5748635847599078,2402.0890617370605
1315,1,5;15;66;21;90;4;71;56;40;14,10,8.9,73.3974358974359,0.7177840853348757,2410.6871178150177
1316,0,33;72;55;34;83;77;29;32;42;58,10,8.41,70.92347756410257,0.778301939750329,2411.2180092334747
1317,2,89;36;78;39;46;82;97;19;0;23,10,7.68,76.34214743589743,0.6028308218870407,2411.5689640045166
1318,3,45;20;54;81;17;47;8;65;93;38,10,8.83,79.63741987179488,0.5418515274157891,2412.007479906082
1319,4,76;86;62;12;25;92;88;80;35;75,10,8.03,77.51402243589743,0.6014328782375042,2412.386761903763
1320,0,11;1;72;6;29;69;50;33;68;77,10,7.88,79.9979967948718,0.5499934447117341,2420.09174656868
1321,1,26;14;49;15;4;90;79;31;44;56,10,9.06,75.55088141025641,0.6520829873207288,2420.6740584373474
1322,2,16;39;85;60;64;0;89;78;36;82,10,7.89,75.99158653846153,0.6297778273240114,2421.371455192566
1323,3,30;28;54;27;65;38;3;47;20;81,10,8.86,75.42067307692308,0.5972891044922364,2421.7350051403046
1324,4,92;73;2;70;80;76;35;67;25;88,10,8.28,76.97315705128206,0.5891038576761881,2422.0713410377502
1325,0,52;68;83;6;58;72;42;33;98;29,10,8.43,73.67788461538461,0.7071831218707256,2429.213222026825
1326,1,90;66;57;37;13;26;31;49;14;99,10,8.96,77.63421474358974,0.5873468139996896,2430.664257287979
1327,2,0;39;95;18;36;82;41;46;78;24,10,8.66,78.40544871794872,0.5803404679665198,2431.3670649528503
1328,3,8;38;48;93;87;54;47;74;45;3,10,8.91,79.22676282051282,0.5654609463153741,2431.7559530735016
1329,4,25;67;70;62;76;12;53;75;2;73,10,8.23,73.81810897435898,0.6743094332707233,2432.0967621803284
1330,0,1;69;6;55;34;52;42;11;33;98,10,8.36,75.05008012820512,0.6940756868093442,2438.1529660224915
1331,1,99;13;37;44;5;31;90;15;49;71,10,7.67,78.74599358974359,0.566313542234592,2439.178433895111
1332,2,64;22;36;23;95;16;89;19;46;0,10,7.93,76.28205128205128,0.6432636139484552,2439.81085062027
1333,4,62;2;73;7;67;25;43;86;88;94,10,8.22,76.10176282051282,0.6082134533386964,2441.1037452220917
1334,3,27;87;74;47;8;38;48;17;3;20,10,8.89,76.27203525641026,0.6057696380676367,2441.518417596817
1335,0,69;11;77;10;83;98;32;50;58;33,10,6.16,76.33213141025641,0.6480346723244741,2444.945758342743
1336,1,13;57;40;15;4;21;79;90;49;26,10,9.12,77.88461538461539,0.612122349632092,2449.0915870666504
1337,2,89;59;64;41;0;23;95;16;22;18,10,8.66,73.99839743589743,0.6525176369991058,2449.7536919116974
1338,4,94;2;25;51;75;43;62;73;80;67,10,8.24,79.63741987179488,0.538240753305264,2450.1636435985565
1339,3,48;28;54;8;20;93;91;47;87;96,10,8.89,79.15665064102564,0.5548738466623502,2450.987458705902
1340,0,34;77;68;11;83;42;58;1;50;98,10,8.35,76.81290064102564,0.5887136039061424,2453.9252071380615
1341,2,36;59;97;63;46;19;89;85;95;24,10,7.67,79.74759615384616,0.5398500015338262,2458.2690665721893
1342,1,79;99;66;44;15;14;40;90;57;21,10,8.71,74.94991987179488,0.6340329746405283,2458.8411407470703
1343,4,73;12;94;92;80;43;70;53;67;25,10,8.27,78.76602564102564,0.5449082767352079,2459.201133966446
1344,3,74;65;30;20;91;54;28;47;45;96,10,8.86,72.55608974358974,0.687364746362735,2460.4552080631256
1345,0,29;42;50;52;32;6;68;33;55;83,10,8.35,76.73277243589743,0.5763040547951673,2462.8739507198334
1346,2,22;84;64;24;23;63;0;95;16;85,10,7.88,71.43429487179488,0.7102823914625706,2466.8119039535522
1347,4,12;35;88;75;80;51;43;94;76;62,10,8.01,78.48557692307692,0.5736738657340025,2467.742565870285
1348,1,37;90;71;14;13;57;4;26;56;66,10,9.07,73.21714743589743,0.7332943674081411,2468.4964966773987
1349,3,30;45;17;47;87;93;74;65;8;3,10,8.86,79.11658653846153,0.537153273438796,2469.8288280963898
1350,0,10;55;69;68;52;34;83;33;29;72,10,7.91,77.52403846153847,0.5882616669703753,2471.3602855205536
1351,2,97;22;23;84;78;18;95;0;41;63,10,8.66,77.14342948717949,0.5978359461594851,2476.204145669937
1352,4,73;80;75;70;53;12;62;94;67;35,10,8.25,74.89983974358974,0.6492324219300196,2476.8302450180054
1353,1,14;31;40;71;21;4;79;37;49;56,10,8.95,75.07011217948718,0.6604015827178955,2478.057164669037
1354,3,87;65;45;47;54;27;81;9;93;3,10,8.84,79.5673076923077,0.5470794488986334,2479.213401079178
1355,0,33;68;77;42;50;69;32;6;58;29,10,8.34,73.89823717948718,0.6330368503546103,2480.243144750595
1356,4,25;53;62;35;7;94;88;75;12;2,10,6.37,75.03004807692308,0.631111876322673,2483.789064884186
1357,2,23;19;41;39;64;63;36;97;22;82,10,8.67,77.28365384615384,0.6010307493882302,2485.7196650505066
1358,1,5;90;26;4;31;57;71;21;14;15,10,8.96,77.2636217948718,0.6108440122543237,2487.6490561962128
1359,3,93;65;74;87;20;96;30;81;8;48,10,8.73,75.14022435897436,0.6503512756182597,2488.4745268821716
1360,0,69;68;72;42;6;83;10;29;52;98,10,8.43,73.97836538461539,0.6610835660726596,2489.203979730606
1361,4,73;12;53;92;43;86;62;80;35;88,10,8.26,76.50240384615384,0.6036726503800123,2492.6428265571594
1362,2,89;78;18;46;16;61;19;85;95;82,10,9.1,75.88141025641026,0.6169147758911817,2495.381981611252
1363,1,90;5;4;31;13;40;26;14;44;49,10,9.08,78.8661858974359,0.5963968252524351,2497.563751935959
1364,3,38;81;20;93;27;48;30;91;9;17,10,8.72,78.61578525641026,0.5638511379559835,2498.301510810852
1365,0,10;77;33;1;83;6;34;42;50;11,10,8.34,79.57732371794872,0.5443186782873594,2498.788849592209
1366,4,43;7;76;62;67;51;70;80;25;94,10,8.02,78.91626602564102,0.5564727859619336,2501.312954902649
1367,2,64;78;23;41;36;85;97;95;60;46,10,8.67,80.28846153846153,0.5193527722970034,2504.664832830429
1368,0,58;29;72;77;50;33;52;11;1;83,10,7.93,79.38701923076923,0.5743665412450448,2507.6496436595917
1369,1,56;49;71;40;5;14;66;15;26;31,10,9.23,74.66947115384616,0.6734490589453623,2508.128504753113
1370,3,47;30;65;17;27;93;81;96;8;91,10,8.82,77.08333333333333,0.5926414659390082,2508.566243648529
1371,4,62;88;51;76;2;94;75;43;35;73,10,8.22,77.37379807692308,0.5792549516145999,2510.10263299942
1372,2,61;60;63;97;95;39;16;82;36;59,10,9.07,75.40064102564102,0.6177418163189521,2514.354630947113
1373,0,34;52;6;50;98;33;11;72;10;42,10,8.42,75.30048076923077,0.6846919227869083,2516.6978743076324
1374,1,26;14;44;15;40;37;4;49;56;99,10,9.23,72.60616987179488,0.7560316022389975,2518.0660536289215
1375,3,9;47;48;96;8;38;17;27;74;65,10,8.89,77.43389423076923,0.5773979463638403,2518.7259430885315
1376,4,43;92;75;53;35;88;12;94;73;51,10,8.22,78.46554487179488,0.5623237910943154,2519.1578254699707
1377,2,24;82;36;0;16;85;78;19;39;97,10,7.68,77.50400641025641,0.57455025269435,2522.60538315773
1378,0,72;6;32;50;29;1;11;52;58;68,10,7.92,77.36378205128206,0.5739686802411691,2525.251065969467
1379,4,25;75;51;67;92;43;88;62;2;35,10,7.38,76.94310897435898,0.6147314363565201,2527.3180978298187
1380,1,37;14;56;79;13;57;49;15;5;44,10,8.63,76.46233974358974,0.6334213121579244,2528.0459594726562
1381,3,9;87;65;3;93;48;91;38;45;96,10,8.75,77.12339743589743,0.593351165835674,2528.4787199497223
1382,2,39;63;24;19;97;64;60;41;89;16,10,8.68,77.97475961538461,0.577927053738863,2531.917932987213
1383,0,34;68;42;72;29;55;77;58;11;33,10,8.4,71.73477564102564,0.6954131011779492,2534.25364112854
1384,4,2;86;75;73;88;62;92;7;53;25,10,8.22,74.20873397435898,0.6564056674639384,2536.180109500885
1385,1,99;4;56;31;71;21;66;40;5;15,10,8.89,72.44591346153847,0.7202852910909897,2537.746281862259
1386,3,47;20;9;17;27;87;65;30;45;74,10,8.84,78.89623397435898,0.5422501984315041,2538.226424217224
1387,2,18;22;60;85;64;78;36;16;89;82,10,7.9,75.83133012820512,0.602103230662835,2540.361170530319
1388,0,42;68;50;52;83;10;1;32;77;72,10,8.41,74.23878205128206,0.636660826129791,2543.30868601799
1389,4,76;2;62;51;75;88;80;53;94;73,10,8.24,77.80448717948718,0.5737953312121905,2545.050628900528
1390,1,44;31;99;66;49;90;37;56;5;79,10,8.61,74.43910256410257,0.6619737878059729,2546.882771730423
1391,3,65;9;54;20;3;93;38;48;8;74,10,8.73,74.609375,0.642428166209123,2547.5203261375427
1392,2,24;63;19;16;61;64;23;82;18;59,10,9.1,75.23036858974359,0.6106964556070474,2550.0561141967773
1393,0,83;68;58;1;29;6;33;69;52;55,10,7.61,75.75120192307692,0.624604399005572,2551.4860248565674
1394,4,88;70;73;43;12;35;62;92;25;67,10,8.24,78.41546474358974,0.5556421207311826,2553.926239490509
1395,1,49;79;37;71;31;14;21;99;13;44,10,7.72,75.93149038461539,0.619795581469169,2555.1808021068573
1396,3,87;81;3;47;65;9;74;30;8;91,10,8.83,78.56570512820512,0.5542046744854022,2556.882270336151
1397,2,41;24;95;19;82;63;46;85;0;97,10,8.67,79.27684294871794,0.5499696467931454,2559.321795463562
1398,0,69;32;10;55;52;42;11;83;98;1,10,8.36,76.69270833333333,0.6373253850600659,2560.3759338855743
1399,4,51;62;67;76;88;73;35;43;80;94,10,8.25,76.50240384615384,0.6230875670145719,2562.7927346229553
1400,1,37;90;26;13;40;71;5;49;14;15,10,9.08,78.91626602564102,0.556221754123003,2564.809041261673
1401,3,27;38;17;20;54;96;45;81;65;48,10,8.74,75.62099358974359,0.6078209735644169,2566.2370076179504
1402,2,39;85;64;24;23;0;36;95;16;60,10,7.89,77.0332532051282,0.5674596272217922,2567.766700029373
1403,0,29;98;32;72;68;1;77;6;69;10,10,7.9,76.65264423076923,0.6166945779934908,2568.8003141880035
1404,4,88;80;76;86;43;35;62;7;25;75,10,8.01,78.21514423076923,0.5828696527542212,2571.3406252861023
1405,1,56;99;90;71;21;15;37;66;79;5,10,8.61,72.78645833333333,0.717648501197497,2573.959264278412
1406,3,96;28;27;38;20;65;93;87;30;48,10,8.74,74.85977564102564,0.6542551150688758,2575.5841495990753
1407,2,97;39;19;82;61;59;23;0;84;78,10,9.09,78.11498397435898,0.5668006909963412,2577.6207802295685
1408,0,69;55;68;33;50;42;11;72;32;10,10,8.39,75.71113782051282,0.5929475033130401,2578.105898618698
1409,4,2;51;80;73;62;25;94;67;35;43,10,8.24,78.53565705128206,0.5465356761064285,2580.1620512008667
1410,1,14;49;37;4;40;15;71;44;57;31,10,8.72,76.67267628205128,0.6240680511945333,2583.308401823044
1411,0,29;32;98;10;33;68;6;1;34;55,10,5.84,76.73277243589743,0.6176386475563049,2584.711240530014
1412,3,54;8;38;91;93;45;65;3;48;30,10,8.75,76.59254807692308,0.6007545086053702,2585.127765417099
1413,2,85;89;63;64;23;97;19;16;84;0,10,7.93,77.62419871794872,0.5628175139427185,2586.134012699127
1414,4,70;25;62;51;94;67;73;2;43;80,10,8.24,78.29527243589743,0.5590171057444352,2588.9537398815155
1415,1,21;49;79;4;44;26;57;66;90;71,10,8.98,78.57572115384616,0.5913795526975241,2593.055892467499
1416,0,10;33;77;29;55;72;6;98;34;1,10,7.9,76.63261217948718,0.678667256847406,2593.5308916568756
1417,2,82;59;19;46;63;18;84;97;16;78,10,7.7,75.50080128205128,0.6065263664111112,2594.6635236740112
1418,3,38;28;87;65;27;47;48;3;20;91,10,8.92,78.0849358974359,0.5457750276113168,2595.0230507850647
1419,4,43;12;94;70;67;86;2;92;75;25,10,7.45,72.55608974358974,0.649033323312417,2597.0352008342743
1420,0,50;6;58;98;10;29;69;72;32;33,10,7.89,75.63100961538461,0.669398660843189,2602.1529457569122
1421,1,49;66;13;31;15;57;44;56;14;79,10,8.64,75.73116987179488,0.6676288449611419,2602.529426574707
1422,2,36;24;39;95;23;41;89;63;22;16,10,8.65,72.59615384615384,0.7155789557175759,2603.846030473709
1423,3,81;48;93;91;74;65;47;96;9;3,10,8.9,76.55248397435898,0.6115343750287325,2604.5138368606567
1424,4,94;75;35;51;73;86;43;70;80;88,10,8.25,78.3954326923077,0.5546553700398176,2605.8369886875153
1425,2,63;84;46;59;95;60;16;89;85;78,10,6.3,75.5108173076923,0.6010821347053235,2611.1388573646545
1426,0,33;52;77;42;6;72;58;11;29;55,10,8.42,71.9150641025641,0.776560264520156,2611.5405411720276
1427,1,66;37;5;14;90;44;57;13;31;49,10,7.68,76.78285256410257,0.6190647784716043,2611.922867536545
1428,3,48;3;27;65;81;91;74;47;8;9,10,8.89,80.72916666666667,0.5220305044681598,2613.9499974250793
1429,4,73;67;43;80;62;12;75;2;53;92,10,8.26,77.53405448717949,0.5838152972551492,2614.6977849006653
1430,0,52;72;58;50;1;11;77;42;6;33,10,8.41,76.86298076923077,0.5784585521771357,2620.8038096427917
1431,2,63;84;95;61;60;64;36;39;59;23,10,9.08,78.27524038461539,0.5814000956523113,2621.3871166706085
1432,1,57;37;56;4;13;90;66;15;40;99,10,8.88,69.63141025641026,0.8190054954626621,2621.754648208618
1433,3,28;93;20;91;47;54;3;8;87;9,10,8.83,74.11858974358974,0.660687220402253,2623.5673158168793
1434,4,73;80;75;43;53;2;70;12;25;94,10,8.25,79.98798076923077,0.5280717695370699,2623.9858157634735
1435,0,50;98;10;32;11;68;69;33;6;58,10,6.08,76.93309294871794,0.5874460691060776,2627.5171098709106
1436,2,22;95;82;59;0;64;23;85;16;36,10,7.88,74.38902243589743,0.6432802753570752,2629.8850042819977
1437,1,90;56;26;71;44;79;31;49;14;5,10,9.05,72.78645833333333,0.7134554057549207,2631.4173760414124
1438,4,75;92;12;73;53;70;86;67;2;25,10,8.24,79.04647435897436,0.5644920017474737,2632.9769015312195
1439,3,54;20;47;93;96;81;27;87;91;28,10,8.82,77.63421474358974,0.5892713230389816,2633.4135019779205
1440,0,32;34;55;77;98;42;1;50;72;33,10,8.41,76.07171474358974,0.6458660478775318,2636.5322337150574
1441,2,18;89;36;22;64;24;16;82;85;84,10,7.89,75.10016025641026,0.6788966942291993,2638.3489441871643
1442,1,13;44;56;21;26;99;15;79;66;31,10,9.04,69.81169871794872,0.8015351211413358,2641.0861604213715
1443,4,7;62;76;43;12;51;70;92;94;53,10,7.51,79.14663461538461,0.5422463111388378,2641.5781121253967
1444,3,9;48;17;54;3;96;27;74;45;38,10,8.75,75.54086538461539,0.6055626364854666,2642.6909816265106
1445,0,58;69;1;72;52;83;33;98;77;29,10,7.94,75.54086538461539,0.6822642439450973,2645.0097839832306
1446,2,61;39;89;19;63;78;59;64;82;23,10,9.1,76.43229166666667,0.6080673035138693,2648.0324108600616
1447,4,35;2;70;62;25;86;67;73;53;51,10,8.22,78.17508012820512,0.572881647791618,2650.5976667404175
1448,1,90;49;14;21;26;37;56;66;44;5,10,9.05,77.88461538461539,0.5908926710104331,2651.4279005527496
1449,3,8;74;45;96;17;65;30;93;27;3,10,8.41,76.69270833333333,0.5999178825280606,2651.772825717926
1450,0,55;42;68;52;72;29;58;1;83;77,10,8.42,76.12179487179488,0.6083007733791302,2654.017304420471
1451,2,23;41;59;61;0;63;46;95;78;84,10,9.11,75.76121794871794,0.5899230195925786,2657.773710489273
1452,4,25;73;7;75;94;12;88;62;86;76,10,8.22,78.60576923076923,0.5752862806503589,2659.44614982605
1453,1,15;71;57;37;21;31;49;40;14;90,10,8.72,75.58092948717949,0.6389369720067734,2660.9739549160004
1454,3,93;74;8;9;47;27;3;87;45;81,10,8.83,79.47716346153847,0.5436751529192313,2661.356977701187
1455,0,11;58;77;10;32;52;55;29;33;68,10,7.62,74.93990384615384,0.6064148682814378,2662.1629631519318
1456,4,88;92;53;7;43;67;94;25;51;35,10,7.38,79.31690705128206,0.5439698875714571,2667.5308961868286
1457,2,0;23;39;18;61;19;24;89;22;41,10,9.12,78.97636217948718,0.535431872957792,2668.01402592659
1458,0,52;11;34;77;1;55;32;83;6;50,10,7.61,77.08333333333333,0.5969042567870556,2670.6837470531464
1459,1,21;37;79;5;40;26;13;44;15;49,10,9.08,77.63421474358974,0.5994684921625333,2671.1999592781067
1460,3,3;65;28;96;93;47;9;20;54;30,10,8.86,79.23677884615384,0.5587621315931662,2671.642285823822
1461,4,67;80;76;70;62;51;53;92;2;43,10,8.04,78.41546474358974,0.5549258761681043,2676.346872329712
1462,2,46;97;59;63;22;85;64;24;39;89,10,7.88,80.30849358974359,0.5180873557543143,2676.8108773231506
1463,0,32;58;42;83;1;52;50;6;68;34,10,8.35,75.0400641025641,0.6032740431718338,2679.646513223648
1464,1,90;49;13;26;99;37;21;15;66;56,10,9.05,72.6161858974359,0.7157357571980892,2681.009597301483
1465,3,74;96;3;20;27;45;81;93;28;48,10,8.76,77.16346153846153,0.597567910185227,2681.460638523102
1466,4,2;67;86;53;51;62;12;80;92;7,10,8.02,70.53285256410257,0.6646366211084219,2685.0005407333374
1467,2,19;60;24;89;97;41;23;78;95;63,10,8.67,76.82291666666667,0.5763007925871091,2686.2116022109985
1468,0,58;83;68;55;98;11;33;50;29;32,10,6.14,75.75120192307692,0.6207103125559978,2686.573442697525
1469,1,49;14;44;56;90;57;26;31;99;15,10,9.06,73.52764423076923,0.6952101867168378,2690.9352192878723
1470,3,74;27;93;54;45;3;38;91;30;47,10,8.85,77.18349358974359,0.5702166969959552,2691.312469959259
1471,4,43;25;75;76;51;80;92;70;2;67,10,8.04,80.12820512820512,0.5123615138805829,2693.6448228359222
1472,0,34;32;72;10;83;1;55;50;52;33,10,7.9,78.49559294871794,0.5698280750941007,2695.0772268772125
1473,2,36;22;85;89;78;18;61;0;23;41,10,9.11,76.0917467948718,0.6459074593507327,2695.8976790905
1474,1,90;79;26;21;31;71;49;14;13;66,10,8.97,78.18509615384616,0.6027432557864066,2700.7861328125
1475,3,28;47;20;45;9;74;3;17;87;30,10,8.86,80.25841346153847,0.5431249504670118,2701.3374145030975
1476,4,80;53;94;92;75;12;86;62;70;7,10,8.03,72.80649038461539,0.6378770405665423,2702.266788959503
1477,0,52;32;34;69;55;6;1;72;58;33,10,7.9,78.13501602564102,0.5935269789053843,2703.575120449066
1478,2,78;64;60;18;61;39;19;0;36;63,10,9.11,78.22516025641026,0.5575103282164304,2705.592670917511
1479,3,65;17;93;20;38;54;96;45;8;9,10,8.37,77.37379807692308,0.5798377494017283,2710.562937259674
1480,1,5;40;56;99;21;26;49;37;44;31,10,9.19,75.78125,0.6362614639294453,2711.0643084049225
1481,4,73;76;70;35;80;25;75;53;92;86,10,8.28,79.6474358974359,0.5382687128507174,2711.507723093033
1482,0,11;52;10;69;72;55;34;98;29;32,10,7.93,75.79126602564102,0.6922477181905355,2712.14457821846
1483,2,41;63;46;95;39;84;16;22;18;82,10,8.66,72.74639423076923,0.8230040562458527,2714.7891240119934
1484,4,67;75;62;53;2;76;25;94;35;12,10,7.14,74.47916666666667,0.6743475168179243,2719.236303806305
1485,3,45;3;30;48;87;81;20;65;74;9,10,8.75,76.50240384615384,0.5803624456509565,2720.033009290695
1486,1,99;40;71;66;44;15;13;49;56;79,10,8.9,75.20032051282051,0.6437127456451074,2720.8497564792633
1487,0,98;1;42;55;72;77;69;68;33;34,10,8.4,76.4423076923077,0.6049734021608646,2721.261618375778
1488,2,85;23;59;22;84;78;46;89;24;61,10,9.07,77.3036858974359,0.5480808210678589,2724.5008914470673
1489,4,86;43;88;94;12;53;51;2;70;7,10,7.24,76.96314102564102,0.5689497188879893,2727.143823623657
1490,3,47;30;45;28;93;9;20;91;48;8,10,8.9,79.88782051282051,0.5355364130093501,2730.011025428772
1491,0,33;55;6;58;52;77;32;42;68;29,10,8.36,72.37580128205128,0.6761347632377576,2730.6161680221558
1492,1,26;49;71;66;40;44;4;90;37;14,10,9.1,76.80288461538461,0.6347324630388846,2731.078777074814
1493,2,82;97;95;18;16;63;78;36;19;22,10,7.7,75.13020833333333,0.6293249493226026,2732.7847063541412
1494,4,43;53;92;80;12;2;67;35;62;73,10,8.26,77.34375,0.573059924137898,2735.9401981830597
1495,3,9;28;96;20;45;3;17;65;54;81,10,8.43,77.66426282051282,0.5768455905027878,2739.079712867737
1496,0,98;72;69;11;42;58;1;32;52;6,10,8.42,75.77123397435898,0.6548494027975278,2739.8953864574432
1497,1,26;71;14;66;5;31;79;90;37;40,10,9.07,78.30528846153847,0.5886996973019379,2740.7206721305847
1498,2,24;85;64;41;84;0;61;19;59;36,10,9.13,77.98477564102564,0.5707145841457905,2742.533252477646
1499,4,51;80;2;62;75;94;67;35;53;12,10,8.0,79.42708333333333,0.5295373663688318,2744.556667327881
1500,0,52;42;77;50;98;34;6;10;68;1,10,8.36,77.87459935897436,0.5622316595071402,2748.8947393894196
1501,3,47;87;81;93;45;96;20;65;38;17,10,8.84,76.73277243589743,0.5805480396136259,2749.307974100113
1502,1,44;79;71;90;13;66;5;26;99;15,10,8.94,77.41386217948718,0.5872337015775534,2750.2666523456573
1503,2,19;63;46;82;23;24;97;36;78;22,10,7.68,78.42548076923077,0.5614022356577408,2750.882591485977
1504,4,88;67;70;86;7;94;35;92;25;73,10,8.24,80.92948717948718,0.5118316721457702,2753.4246084690094
1505,0,29;52;32;33;58;72;69;10;55;50,10,7.92,77.89463141025641,0.5848030971410947,2757.4460270404816
1506,3,27;47;87;81;65;54;48;20;17;74,10,8.88,80.71915064102564,0.5241405761394745,2758.7991440296173
1507,1,71;40;49;15;99;21;79;57;56;31,10,8.93,73.37740384615384,0.6865187325538733,2759.927308320999
1508,2,41;61;84;60;95;0;85;16;24;23,10,9.11,73.28725961538461,0.6423520377049079,2760.576672554016
1509,4,35;80;62;2;76;73;25;75;70;94,10,8.26,74.90985576923077,0.6200545510420432,2762.301451921463
1510,0,50;55;1;52;33;58;69;32;42;72,10,8.4,76.01161858974359,0.6400062556450183,2766.4740788936615
1511,3,28;96;87;74;38;8;91;17;9;27,10,8.02,79.61738782051282,0.5474429711317405,2767.3987321853638
1512,2,84;60;16;19;89;46;39;59;36;22,10,7.68,76.06169871794872,0.5933834356375229,2768.8630986213684
1513,1,71;99;5;56;49;66;31;14;15;40,10,8.9,76.45232371794872,0.5998735756446154,2769.5236949920654
1514,4,25;86;35;12;43;75;73;51;92;70,10,8.24,79.82772435897436,0.5217666476964951,2771.153182029724
1515,0,98;50;33;10;34;11;32;83;42;29,10,8.36,75.1201923076923,0.7076146040971463,2775.397350549698
1516,3,91;87;45;3;20;54;74;8;48;27,10,8.74,77.10336538461539,0.6548573099649869,2776.760722875595
1517,2,59;63;24;23;46;95;36;82;85;64,10,7.88,77.41386217948718,0.5907161881526312,2777.5868821144104
1518,1,26;37;90;4;13;5;44;99;49;56,10,9.03,73.22716346153847,0.7110122446066294,2779.115692615509
1519,4,86;7;88;92;80;62;43;2;67;51,10,8.01,74.3389423076923,0.6532695499750284,2779.7252271175385
1520,0,6;77;52;72;29;50;32;83;98;55,10,7.94,75.7411858974359,0.6766824099497918,2783.970022916794
1521,3,93;9;91;17;27;54;38;8;45;30,10,8.36,80.36858974358974,0.519073547843175,2785.6965770721436
1522,2,85;89;24;18;61;39;63;78;64;59,10,9.09,79.1766826923077,0.5285778748683441,2787.2236998081207
1523,4,2;75;67;94;88;76;51;86;73;25,10,8.22,80.41866987179488,0.5331009847995563,2788.7942600250244
1524,1,15;44;13;21;90;40;71;31;37;26,10,9.06,78.52564102564102,0.5834044645994138,2789.391655921936
1525,0,52;68;29;42;83;11;50;98;32;72,10,8.43,74.38902243589743,0.6769335781916593,2793.0300691127777
1526,3,74;28;48;20;93;54;9;17;87;65,10,8.73,79.4170673076923,0.5506129012658045,2794.953150033951
1527,2,19;0;82;85;16;22;59;18;23;61,10,9.09,75.58092948717949,0.6002887227596381,2796.9150156974792
1528,4,70;53;51;88;35;12;86;80;25;94,10,8.01,80.09815705128206,0.5234413834718558,2797.6000275611877
1529,1,49;4;15;66;5;57;26;90;31;14,10,8.97,80.57892628205128,0.5252344615948505,2798.961555480957
1530,0,58;6;69;77;33;11;68;72;50;83,10,7.87,79.83774038461539,0.5343082482234026,2801.499589443207
1531,3,9;27;87;91;17;96;54;81;8;30,10,7.16,77.02323717948718,0.6081569680036643,2802.7235827445984
1532,4,88;25;80;2;86;51;75;76;73;7,10,8.25,79.43709935897436,0.5418128015903326,2806.687283039093
1533,2,85;59;46;61;24;84;18;95;36;22,10,9.07,79.58733974358974,0.5437606611312964,2807.296672821045
1534,1,49;99;40;13;26;57;44;15;14;5,10,9.09,79.16666666666667,0.5520247706235983,2808.624894618988
1535,0,58;72;1;42;55;52;32;77;10;11,10,8.42,73.17708333333333,0.664590998337819,2810.55339550972
1536,3,27;93;3;20;87;9;48;30;91;65,10,8.74,80.45873397435898,0.524878305884508,2812.080722093582
1537,4,51;67;73;76;86;12;94;80;88;62,10,8.25,75.09014423076923,0.6167673671092743,2815.7094786167145
1538,2,22;95;23;59;19;89;0;64;84;97,10,7.93,78.91626602564102,0.543022985641773,2816.2253534793854
1539,1,56;49;37;44;4;99;66;21;57;31,10,8.64,74.66947115384616,0.6724559492789782,2817.8512506484985
1540,0,6;29;68;98;42;33;58;50;69;10,10,8.35,76.77283653846153,0.5930294107932311,2819.4524219036102
1541,3,27;17;3;48;30;8;28;74;54;81,10,8.74,79.61738782051282,0.5338308211320486,2821.3856449127197
1542,4,80;76;94;35;92;67;75;70;2;86,10,8.05,71.08373397435898,0.6791271769847625,2824.5417652130127
1543,2,64;97;39;22;46;82;59;19;36;63,10,7.93,78.91626602564102,0.5527398674151837,2825.0534579753876
1544,1,99;26;15;31;37;13;56;57;14;5,10,9.04,74.93990384615384,0.6483939121931027,2827.4792568683624
1545,0,11;58;50;98;72;69;29;10;52;83,10,7.94,74.79967948717949,0.697917558825933,2828.2871952056885
1546,3,47;74;87;91;38;54;9;27;28;93,10,8.82,79.55729166666667,0.5401714967611508,2830.8314592838287
1547,4,35;7;75;92;88;25;12;2;80;73,10,8.26,74.08854166666667,0.7312919138333737,2833.5833728313446
1548,2,36;23;60;46;0;64;82;59;19;85,10,7.93,79.89783653846153,0.5403253844915292,2834.1660878658295
1549,0,42;77;52;83;69;10;29;32;34;98,10,8.38,73.9483173076923,0.7838305647556598,2837.5246810913086
1550,1,99;56;66;26;31;40;15;37;79;5,10,9.18,76.49238782051282,0.6190695246824851,2838.011983156204
1551,3,74;17;47;87;38;8;54;27;28;91,10,8.82,77.4639423076923,0.5764931306625024,2840.237335205078
1552,4,2;92;35;25;86;53;7;75;62;88,10,7.38,76.8729967948718,0.6270696322123209,2841.5247192382812
1553,2,22;59;41;63;61;82;18;23;24;84,10,9.11,77.78445512820512,0.5867736274615313,2843.85556435585
1554,0,77;33;29;34;58;1;11;55;32;42,10,8.35,74.27884615384616,0.6836543728907903,2846.513406276703
1555,1,15;79;90;5;56;37;21;57;14;49,10,8.64,77.2636217948718,0.6083211807104257,2847.235960483551
1556,3,27;48;96;17;91;47;74;45;87;9,10,8.89,80.29847756410257,0.5357194210474308,2849.669835805893
1557,4,92;76;51;62;2;88;35;94;86;73,10,8.23,77.25360576923077,0.5761174265390787,2850.29256439209
1558,0,50;33;10;6;58;83;77;69;34;55,10,5.75,80.5889423076923,0.5360743407255564,2853.1577961444855
1559,2,64;63;46;22;41;0;18;39;59;97,10,8.67,80.05809294871794,0.53197381626337,2853.4965438842773
1560,1,31;56;21;57;26;40;14;90;79;5,10,9.22,75.18028846153847,0.6449238994182684,2857.0183663368225
1561,4,51;80;35;62;75;43;2;70;7;86,10,8.01,75.99158653846153,0.5919063882185862,2859.1699912548065
1562,3,30;38;20;54;17;48;74;45;47;9,10,8.89,77.49399038461539,0.5504144877195358,2859.7398779392242
1563,0,50;77;11;72;83;52;34;29;6;42,10,8.42,76.5224358974359,0.5764943422415317,2862.2168254852295
1564,2,85;63;22;18;46;39;16;60;61;89,10,9.08,73.81810897435898,0.715669429455048,2863.1875195503235
1565,1,14;66;57;21;90;49;79;31;15;99,10,7.72,78.44551282051282,0.5615026771258085,2865.32564163208
1566,4,88;25;12;73;92;76;70;53;51;75,10,8.24,78.19511217948718,0.6021198844298338,2867.963719367981
1567,3,8;17;38;91;87;47;81;27;28;74,10,8.82,80.25841346153847,0.530791047291878,2869.0871891975403
1568,0,42;55;10;1;6;83;58;34;11;50,10,8.33,75.69110576923077,0.6062960078318914,2871.1113770008087
1569,2,64;36;84;61;39;19;97;60;41;89,10,9.14,80.30849358974359,0.5378556839930706,2872.9563477039337
1570,1,56;5;14;79;40;90;57;71;21;66,10,8.92,74.2588141025641,0.6686487071789228,2874.8925292491913
1571,4,76;75;7;73;70;92;53;94;67;62,10,8.24,79.63741987179488,0.5378904552795948,2876.8339850902557
1572,3,8;54;65;3;28;45;9;87;47;27,10,8.86,81.77083333333333,0.5005887597799301,2878.47065281868
1573,0,11;50;68;1;55;34;29;32;52;69,10,7.61,78.65584935897436,0.5609849309309934,2879.3173348903656
1574,2,59;36;39;63;16;46;85;89;60;78,10,6.28,74.79967948717949,0.6240986581796255,2879.9567511081696
1575,1,21;26;44;56;71;99;66;13;31;5,10,9.03,74.14863782051282,0.655774535659032,2884.4937942028046
1576,4,70;73;53;94;76;35;7;92;75;51,10,8.24,80.3485576923077,0.5247690903070645,2885.6196472644806
1577,3,47;81;27;54;28;20;65;48;30;91,10,8.89,76.54246794871794,0.5887304544448853,2888.1173191070557
1578,0,52;69;55;32;10;72;1;6;11;50,10,7.9,80.1181891025641,0.5515140684751364,2888.697975873947
1579,2,41;78;89;82;97;85;23;60;84;59,10,8.66,78.30528846153847,0.558146453438661,2889.3433578014374
1580,1,13;26;99;79;49;40;44;90;15;71,10,9.07,75.79126602564102,0.6222473463186851,2894.334414243698
1581,4,70;92;73;75;12;51;7;88;35;67,10,8.24,78.19511217948718,0.5980125761184937,2894.7951562404633
1582,3,93;9;47;30;74;65;3;17;38;96,10,8.85,77.29366987179488,0.5691999475925397,2897.8000268936157
1583,0,42;1;72;34;68;55;11;58;69;77,10,8.4,76.61258012820512,0.6066715553020819,2898.270898580551
1584,2,89;24;22;0;41;36;85;64;61;82,10,9.11,77.39383012820512,0.5957268063838665,2899.039448261261
1585,4,75;62;73;92;51;43;76;25;94;86,10,8.23,74.89983974358974,0.5940217853356631,2903.8510088920593
1586,1,57;90;26;99;13;71;37;40;79;49,10,9.09,78.8261217948718,0.5535858258222922,2904.460128068924
1587,0,77;72;52;11;58;68;50;83;32;42,10,8.42,71.78485576923077,0.674277799251752,2907.4016332626343
1588,3,48;9;20;47;30;54;38;45;93;8,10,8.89,80.16826923076923,0.5352554092040429,2907.8580918312073
1589,2,36;63;39;84;16;95;82;64;41;24,10,8.67,71.26402243589743,0.7409619520872067,2908.5292127132416
1590,4,12;43;2;80;62;70;88;92;53;94,10,8.03,79.296875,0.5308380008507998,2912.4740409851074
1591,1,13;49;99;37;40;15;90;4;66;31,10,8.69,79.79767628205128,0.5348339394117013,2913.6962451934814
1592,0,68;29;58;33;52;34;83;42;69;77,10,8.36,74.59935897435898,0.619415160937187,2916.4493701457977
1593,2,0;85;16;59;84;19;18;78;39;24,10,7.69,74.10857371794872,0.635958228355799,2917.2686603069305
1594,3,47;30;87;65;20;54;38;96;45;27,10,8.85,73.9082532051282,0.6418323960059729,2917.677565574646
1595,4,43;51;53;94;76;12;2;70;88;7,10,7.31,78.64583333333333,0.5530211084928268,2920.4213976860046
1596,1,44;13;14;56;40;49;99;26;57;71,10,9.24,74.35897435897436,0.6759694543404456,2923.564978837967
1597,0,72;29;52;32;6;83;98;10;33;68,10,7.93,75.25040064102564,0.6660004754861196,2925.1342289447784
1598,2,64;18;23;39;60;24;36;59;46;63,10,7.89,78.83613782051282,0.5587345831669294,2925.764024734497
1599,3,9;47;74;17;38;3;45;91;81;54,10,8.84,78.2451923076923,0.5564107000827789,2927.0955698490143
1600,4,73;25;43;2;62;86;76;88;51;35,10,8.22,79.92788461538461,0.5413495405362203,2929.219526529312
1601,0,33;55;11;29;50;32;69;10;34;83,10,6.06,78.56570512820512,0.5668278462611712,2931.8056037425995
1602,1,4;49;13;21;14;44;40;31;79;37,10,8.72,78.36538461538461,0.6102763391458071,2932.919182538986
1603,2,78;22;63;0;16;82;19;41;89;95,10,8.68,75.58092948717949,0.6405634104441373,2935.0506851673126
1604,3,17;48;27;87;91;74;8;30;96;45,10,8.74,77.24358974358974,0.6308711140583723,2936.374979496002
1605,4,35;70;80;75;86;53;7;92;62;88,10,8.03,80.45873397435898,0.5197914941952779,2937.8031544685364
1606,0,52;34;55;29;11;68;83;69;33;1,10,7.61,81.01963141025641,0.5180631692592914,2940.0130343437195
1607,1,49;5;71;14;57;37;90;44;99;21,10,7.71,79.22676282051282,0.5625485181808472,2941.241854906082
1608,2,78;84;95;82;97;60;24;41;23;18,10,8.66,78.80608974358974,0.5581516608213767,2944.337507724762
1609,3,74;28;45;65;54;93;96;8;30;3,10,8.43,74.66947115384616,0.6626931784244684,2945.606323003769
1610,4,86;25;70;94;67;51;35;53;75;2,10,7.24,74.53926282051282,0.6104011642627227,2946.0298171043396
1611,0,77;6;33;10;29;50;55;68;42;72,10,8.4,78.0448717948718,0.5662155029101249,2948.9715991020203
1612,1,44;5;4;90;15;26;14;21;37;79,10,8.95,80.30849358974359,0.5366985790240459,2950.8034002780914
1613,2,95;61;78;89;23;85;59;16;63;19,10,9.09,75.22035256410257,0.6224074367529306,2954.02512550354
1614,4,94;2;7;75;25;73;88;35;92;80,10,8.26,77.50400641025641,0.5995839811288394,2955.100372314453
1615,3,17;74;27;30;47;8;48;96;87;54,10,8.89,80.37860576923077,0.5336113041027998,2955.5554370880127
1616,0,52;32;58;34;83;68;33;1;10;98,10,7.61,77.35376602564102,0.5729494029894854,2957.18669629097
1617,1,31;37;57;40;14;44;49;15;26;4,10,9.11,78.4354967948718,0.6037766688909286,2960.537459373474
1618,2,61;97;60;39;24;64;85;0;46;59,10,9.08,81.07972756410257,0.5175459006657968,2963.9898138046265
1619,4,75;7;80;35;70;73;25;92;88;76,10,8.28,77.40384615384616,0.621254406678371,2964.693892478943
1620,3,17;27;81;9;93;38;91;87;48;20,10,8.72,80.45873397435898,0.531601620790286,2965.0470237731934
1621,0,58;50;83;77;68;72;29;6;55;33,10,7.89,78.93629807692308,0.5443751246501238,2965.676420688629
1622,1,26;13;71;99;90;37;4;31;49;5,10,8.95,78.38541666666667,0.5619563380113015,2970.115343093872
1623,2,19;36;16;60;23;18;82;95;24;41,10,8.67,77.44391025641026,0.5773879832182175,2973.5012996196747
1624,4,73;80;35;92;67;75;2;70;62;25,10,8.27,75.49078525641026,0.6533759924081656,2973.986606359482
1625,3,28;47;8;3;20;27;65;81;9;74,10,8.84,81.61057692307692,0.49772735704214144,2974.9214565753937
1626,0,69;33;6;58;83;10;29;42;77;11,10,8.35,75.45072115384616,0.6421133161355288,2975.2892096042633
1627,1,21;26;44;66;4;57;31;5;14;40,10,9.1,76.47235576923077,0.6680651215406564,2979.853003501892
1628,2,78;41;82;23;22;89;46;16;64;97,10,8.67,76.71274038461539,0.5908823265479162,2983.007351875305
1629,4,12;76;88;2;67;73;94;92;43;70,10,8.24,80.95953525641026,0.5108134880279883,2983.7373974323273
1630,3,8;20;17;30;3;28;81;45;65;74,10,8.42,79.49719551282051,0.5330810760840391,2984.224692583084
1631,0,98;11;34;6;50;42;72;1;52;77,10,8.43,78.0849358974359,0.5664620537024277,2984.5922055244446
1632,1,99;56;40;90;31;49;14;44;66;79,10,8.9,73.3173076923077,0.7146326345510972,2989.31059551239
1633,2,39;59;89;63;64;22;85;95;19;18,10,7.94,79.0264423076923,0.562352057832938,2991.6277289390564
1634,4,67;43;75;62;80;12;92;73;2;51,10,8.26,80.62900641025641,0.5094988644123077,2992.78249835968
1635,0,55;33;58;68;69;83;34;98;77;52,10,7.61,76.18189102564102,0.6135311493506799,2993.3833060264587
1636,3,45;20;8;74;65;48;38;17;28;9,10,8.74,79.44711538461539,0.5319553579275424,2993.7908260822296
1637,1,56;66;49;44;21;71;26;13;37;14,10,9.08,74.46915064102564,0.6988654996340091,2999.0173943042755
1638,2,36;24;95;84;89;59;63;61;23;46,10,9.07,81.08974358974359,0.5083669420236197,3001.4666769504547
1639,4,67;51;75;35;53;7;62;70;80;86,10,8.01,78.26522435897436,0.5456502307683994,3002.2170300483704
1640,0,68;6;33;77;32;42;10;52;72;98,10,8.43,74.1786858974359,0.674822197510646,3002.6880910396576
1641,3,65;27;74;3;28;81;45;47;9;20,10,8.86,80.92948717948718,0.5181334286164014,3003.3235037326813
1642,1,99;15;56;26;13;71;21;31;14;66,10,9.06,73.14703525641026,0.7166203799156042,3008.6453924179077
1643,2,64;46;85;89;78;16;19;18;82;0,10,7.96,78.25520833333333,0.5691598592660366,3010.060406923294
1644,0,50;10;55;52;98;68;34;58;32;83,10,7.61,76.0516826923077,0.6290782720614703,3011.1192994117737
1645,4,2;7;70;12;43;80;25;73;86;75,10,8.25,79.22676282051282,0.5473611515301925,3011.5841636657715
1646,3,45;96;17;27;20;9;28;8;38;93,10,8.38,80.16826923076923,0.520792909921744,3012.2982239723206
1647,1,57;21;71;37;49;99;14;5;44;13,10,7.72,79.18669871794872,0.5630199324626189,3016.9483921527863
1648,2,63;19;16;22;60;64;84;82;18;78,10,7.96,76.98317307692308,0.5845105055815134,3018.56476688385
1649,0,1;55;69;32;34;98;77;52;50;72,10,7.92,76.77283653846153,0.6446217256478775,3019.5931239128113
1650,4,70;12;73;92;86;80;67;35;94;51,10,8.27,74.86979166666667,0.6196827735656347,3020.530877351761
1651,3,20;17;28;47;45;48;54;65;8;27,10,8.91,80.82932692307692,0.5020114213992388,3021.791002511978
1652,1,71;4;57;21;99;79;15;14;37;56,10,8.65,72.24559294871794,0.7180518572911238,3026.2257599830627
1653,2,78;0;64;46;23;16;36;41;22;97,10,8.67,74.76963141025641,0.6283958401435461,3027.851348400116
1654,0,68;52;6;42;55;58;83;34;98;77,10,8.36,74.43910256410257,0.6724433360191492,3028.583117723465
1655,4,70;92;7;35;76;67;2;73;80;75,10,8.29,75.15024038461539,0.6210664067512903,3029.391599416733
1656,3,45;54;28;81;93;91;3;48;47;20,10,8.92,81.25,0.5128172219563754,3031.322802066803
1657,1,56;44;49;57;26;79;21;13;99;15,10,9.07,73.64783653846153,0.6843849542813424,3035.862828731537
1658,0,52;77;11;1;58;10;69;6;83;55,10,7.61,75.72115384615384,0.6795758452170935,3036.995731115341
1659,2,82;24;64;41;39;18;63;97;60;46,10,8.67,80.29847756410257,0.5314992868747467,3037.479822397232
1660,4,43;73;12;35;67;75;25;7;92;2,10,8.23,79.61738782051282,0.5428083248627491,3038.2303919792175
1661,3,3;47;9;20;74;93;65;27;81;8,10,8.82,80.82932692307692,0.5199123544570727,3040.782574415207
1662,1,14;5;15;26;66;49;90;13;56;44,10,9.05,75.94150641025641,0.6307654824012365,3045.69979429245
1663,0,1;68;34;33;98;55;6;72;32;42,10,8.39,78.0849358974359,0.58107740069047,3046.418594121933
1664,2,24;64;97;95;23;85;41;16;36;18,10,8.66,73.75801282051282,0.6628958682219187,3047.1843655109406
1665,4,88;2;12;43;25;35;94;62;67;80,10,8.0,80.05809294871794,0.5403150896995496,3047.565744638443
1666,3,17;9;28;27;47;54;96;93;91;81,10,8.82,81.31009615384616,0.5062342920364478,3050.210607290268
1667,1,99;40;57;90;14;26;15;21;66;37,10,9.09,79.31690705128206,0.548030653825173,3055.6887395381927
1668,0,1;42;50;32;6;98;69;34;72;68,10,8.39,77.66426282051282,0.5773821236231388,3056.3436217308044
1669,2,85;61;18;63;0;89;46;59;64;78,10,9.09,78.09495192307692,0.541016929424726,3057.083741903305
1670,4,12;62;70;80;43;73;75;53;86;76,10,8.26,73.84815705128206,0.6094413212476633,3057.489411354065
1671,3,45;81;47;28;30;96;9;3;48;27,10,8.94,75.85136217948718,0.6088732309066333,3059.729822874069
1672,4,75;86;35;62;43;25;2;53;51;12,10,6.35,78.81610576923077,0.5441658920966662,3064.452392578125
1673,0,29;98;58;68;1;72;10;32;33;77,10,7.9,77.97475961538461,0.5566667490280591,3065.4178564548492
1674,1,57;66;90;44;79;56;26;31;49;71,10,9.06,77.6542467948718,0.5889892406188525,3065.759784221649
1675,2,60;59;0;61;23;22;84;24;16;89,10,9.07,77.91466346153847,0.5593390036851932,3066.6854560375214
1676,3,45;91;38;30;28;87;96;48;74;81,10,8.74,71.76482371794872,0.6899862721180304,3069.0848195552826
1677,4,76;43;86;7;92;88;94;80;53;67,10,8.03,72.94671474358974,0.621828094506875,3073.123522043228
1678,0,50;29;34;72;58;11;33;77;1;83,10,7.89,81.22996794871794,0.5176159261893003,3073.9174785614014
1679,1,21;44;40;57;79;5;66;13;37;15,10,8.69,79.22676282051282,0.5743880256628379,3075.1612734794617
1680,2,46;59;22;95;84;64;18;0;36;23,10,7.89,81.2900641025641,0.5077974429497352,3075.5559089183807
1681,3,65;30;28;47;93;74;96;27;87;81,10,8.84,74.76963141025641,0.6099753016844774,3078.481184720993
1682,4,62;92;70;88;73;25;12;43;86;67,10,8.24,81.62059294871794,0.4957214674124351,3082.014338493347
1683,0,34;98;83;72;50;77;1;32;42;6,10,8.41,77.7744391025641,0.595458808235633,3082.9384021759033
1684,2,63;60;24;39;22;59;16;64;19;97,10,7.93,76.6025641025641,0.5960425058236489,3084.0598578453064
1685,1,56;15;44;13;37;31;57;40;90;5,10,8.84,76.9130608974359,0.6019728554364963,3084.6782290935516
1686,3,3;47;48;81;20;54;87;27;30;74,10,8.9,81.63060897435898,0.49365235559451276,3088.009600877762
1687,0,77;50;34;58;33;55;1;29;68;11,10,6.11,80.57892628205128,0.5238593339155881,3089.6449496746063
1688,4,92;51;94;25;35;73;2;76;86;62,10,8.23,75.97155448717949,0.5762897179676936,3090.871769428253
1689,1,66;56;21;99;90;79;5;15;31;49,10,8.62,74.53926282051282,0.6759304820727079,3094.039694547653
1690,2,22;41;0;89;61;18;59;63;60;82,10,9.11,79.84775641025641,0.5390688501871549,3094.461649417877
1691,3,28;74;45;27;20;87;3;8;65;93,10,8.41,80.1983173076923,0.5247590943024709,3097.006283760071
1692,0,83;72;55;29;32;68;77;33;42;1,10,8.4,79.13661858974359,0.5359800507624944,3098.8154418468475
1693,4,76;70;75;43;86;67;88;2;92;35,10,7.51,80.25841346153847,0.5268719318585519,3099.2535161972046
1694,1,44;5;79;90;49;66;57;13;31;71,10,7.71,80.52884615384616,0.5252266079187393,3102.590865135193
1695,2,18;22;95;19;78;23;36;97;60;82,10,7.69,80.5488782051282,0.5262480225318518,3103.1072175502777
1696,3,48;47;9;65;93;54;8;30;28;38,10,8.89,76.23197115384616,0.5816614517034628,3106.5373644828796
1697,4,43;25;62;53;92;2;70;75;88;76,10,7.48,79.35697115384616,0.5345942232853327,3107.268673181534
1698,0,6;77;68;58;55;10;42;98;11;34,10,8.36,76.37219551282051,0.6063397205792941,3108.0104100704193
1699,1,5;31;71;99;4;14;56;57;13;44,10,8.62,74.41907051282051,0.6760586037849768,3111.8351545333862
1700,2,78;46;95;60;85;0;97;41;36;82,10,8.66,80.1181891025641,0.5244819132181314,3112.596328020096
1701,3,65;91;9;8;28;45;3;17;54;74,10,8.4,78.8661858974359,0.5493856794559039,3115.5377547740936
1702,4,86;2;73;12;67;43;62;94;51;25,10,8.22,72.59615384615384,0.6452048760958207,3116.3764293193817
1703,0,29;83;1;50;98;42;32;68;33;10,10,8.35,78.53565705128206,0.5444626001975476,3117.143338918686
1704,2,63;0;97;85;78;60;24;23;16;95,10,6.29,75.18028846153847,0.6113884456646748,3119.4820427894592
1705,1,26;37;44;99;21;15;71;5;79;57,10,8.95,78.89623397435898,0.5547902236382166,3121.636029481888
1706,0,77;1;50;83;11;68;10;32;69;34,10,6.06,80.30849358974359,0.5358081479103137,3123.774894952774
1707,3,54;17;28;91;45;65;48;47;93;81,10,8.9,81.08974358974359,0.5179013728331296,3125.1499009132385
1708,4,67;73;80;7;70;88;25;94;35;75,10,8.25,79.28685897435898,0.5180148157553796,3125.6961431503296
1709,2,60;46;63;97;23;64;82;41;85;95,10,8.67,80.75921474358974,0.5131552685529758,3128.722461938858
1710,0,1;50;69;58;55;83;10;6;98;32,10,5.67,78.4354967948718,0.5876747220754623,3130.062045097351
1711,1,31;13;14;4;57;71;40;66;49;15,10,8.74,77.80448717948718,0.5792370751882211,3130.9945480823517
1712,4,7;25;67;35;86;53;75;92;94;2,10,7.39,74.75961538461539,0.620194306740394,3133.6322314739227
1713,3,28;96;65;48;9;20;93;47;3;74,10,8.93,76.54246794871794,0.5746256632682605,3134.761731147766
1714,2,64;23;0;19;18;36;63;39;22;89,10,7.93,80.08814102564102,0.5524432571270527,3137.30157327652
1715,0,98;72;10;29;11;6;33;52;58;1,10,7.93,77.39383012820512,0.6570862508737124,3138.5282480716705
1716,1,5;71;57;66;26;13;4;40;56;99,10,9.22,73.45753205128206,0.7158279430407745,3140.851460456848
1717,4,62;67;86;51;75;35;2;70;76;25,10,7.31,82.09134615384616,0.48656643965305424,3141.539267063141
1718,3,30;74;3;8;65;38;48;96;17;91,10,8.75,73.07692307692308,0.6725986160528965,3144.083147287369
1719,2,41;59;18;85;95;63;64;23;78;46,10,8.67,81.53044871794872,0.4959066357368078,3146.8471512794495
1720,0,55;83;29;52;98;72;32;33;10;50,10,7.93,76.08173076923077,0.6818916537822821,3147.356603860855
1721,1,56;49;66;90;99;15;13;44;31;37,10,8.6,74.59935897435898,0.6857075488720185,3150.2342295646667
1722,4,76;73;94;12;67;35;86;43;92;53,10,8.24,67.03725961538461,0.7580046630822695,3150.708292722702
1723,3,74;91;27;8;47;38;65;81;9;45,10,8.82,74.90985576923077,0.603166958460441,3153.5272541046143
1724,0,68;11;77;6;42;72;50;1;29;69,10,8.4,81.19991987179488,0.5154464439703867,3156.5731329917908
1725,2,46;82;89;23;84;22;24;60;16;61,10,9.07,76.67267628205128,0.5769834568103155,3157.0386130809784
1726,4,88;75;53;73;86;51;80;7;25;94,10,8.24,80.09815705128206,0.5260541649200977,3159.7766513824463
1727,1,21;31;44;71;5;99;49;57;37;26,10,8.96,80.1983173076923,0.5338047165901233,3160.2136816978455
1728,3,20;28;3;87;17;30;9;8;48;96,10,8.75,79.09655448717949,0.5459137459595998,3162.8745489120483
1729,0,34;58;50;33;42;52;6;11;1;68,10,8.34,81.08974358974359,0.5099099484773782,3165.518729686737
1730,2,0;41;19;24;23;18;82;39;36;16,10,8.67,75.5108173076923,0.6160973749863796,3166.24756026268
1731,4,76;73;75;2;92;67;35;43;51;80,10,8.26,80.33854166666667,0.5231882685270065,3168.5931901931763
1732,1,26;40;57;71;44;90;79;4;66;31,10,9.09,78.30528846153847,0.5899641586419864,3169.9185326099396
1733,3,8;81;47;48;3;20;87;30;28;38,10,8.91,80.45873397435898,0.5107959436300473,3172.353887319565
1734,0,11;68;55;72;1;33;69;34;6;77,10,7.87,79.50721153846153,0.547090742068413,3173.958037853241
1735,2,39;82;18;89;36;19;63;60;59;23,10,7.68,79.07652243589743,0.5630494596866461,3174.5615589618683
1736,4,53;86;7;70;35;62;75;73;94;25,10,8.22,76.38221153846153,0.6105832549241873,3177.4000334739685
1737,1,57;14;4;15;40;99;44;79;37;31,10,8.7,79.32692307692308,0.5463454394768446,3179.205461740494
1738,3,9;87;27;74;38;48;45;28;81;47,10,8.89,77.59415064102564,0.5568037594740207,3181.825284719467
1739,0,6;42;11;72;10;34;29;69;1;58,10,8.4,74.2988782051282,0.6774460604557624,3182.9455864429474
1740,2,85;46;61;19;22;18;24;64;36;97,10,9.1,78.38541666666667,0.5543120782344769,3184.217589855194
1741,4,2;75;43;92;94;35;12;25;88;67,10,7.38,80.24839743589743,0.5279900657060819,3185.3605074882507
1742,1,71;31;66;14;5;13;57;56;40;44,10,8.89,75.15024038461539,0.6393301773529786,3188.7035806179047
1743,3,3;74;81;48;65;96;87;38;91;27,10,8.74,70.50280448717949,0.7407117971243002,3191.147393465042
1744,0,83;11;68;72;1;29;33;42;58;6,10,8.39,79.2568108974359,0.5512616217900546,3191.874729156494
1745,2,18;97;39;59;64;60;78;36;63;95,10,7.9,76.14182692307692,0.5843216734818923,3192.8464987277985
1746,4,25;2;43;12;67;86;70;94;53;62,10,7.23,70.90344551282051,0.6766449809074402,3193.33007979393
1747,1,49;90;37;71;5;56;44;13;40;26,10,9.18,78.67588141025641,0.5630075316398572,3198.4680366516113
1748,3,17;91;8;30;28;9;20;74;48;81,10,8.73,77.40384615384616,0.5775924691787133,3200.693450450897
1749,0,1;55;6;98;77;42;52;29;50;68,10,8.37,79.23677884615384,0.5284978097830063,3201.165662050247
1750,2,0;41;22;46;36;64;24;78;85;84,10,8.67,79.31690705128206,0.5422146282134912,3202.2830572128296
1751,4,86;94;51;25;12;88;62;70;73;75,10,8.22,80.80929487179488,0.49533053506643343,3202.6144251823425
1752,1,13;15;90;79;57;56;5;31;37;66,10,8.6,78.97636217948718,0.5603042199061468,3207.6340506076813
1753,0,68;6;52;58;1;11;77;55;32;33,10,7.6,79.86778846153847,0.5307752631413631,3209.3425722122192
1754,3,93;27;30;65;48;17;87;20;28;3,10,8.76,80.06810897435898,0.5184437376566422,3210.065142393112
1755,4,88;67;86;12;51;92;2;80;7;62,10,8.02,77.94471153846153,0.5718341653163617,3211.1989772319794
1756,2,63;85;36;22;64;78;61;23;19;41,10,9.14,79.43709935897436,0.5349640773657041,3212.020785331726
1757,1,13;15;5;49;90;26;66;31;44;21,10,8.95,80.22836538461539,0.5473482922101632,3217.159477710724
1758,0,50;83;52;98;68;34;42;69;33;72,10,8.41,76.84294871794872,0.5951067514908619,3218.383666038513
1759,3,91;93;20;81;47;8;48;30;27;38,10,8.87,81.09975961538461,0.49503543590888,3219.7700815200806
1760,4,88;12;62;94;80;35;76;67;86;25,10,8.01,80.55889423076923,0.5264150947332382,3220.2287442684174
1761,2,46;97;36;84;24;59;41;85;61;23,10,9.1,79.54727564102564,0.5397244126368792,3221.6582174301147
1762,1,79;57;37;99;40;26;44;56;14;66,10,9.22,75.18028846153847,0.6513852801842567,3227.2390217781067
1763,0,29;50;33;55;72;42;68;32;11;34,10,8.4,78.17508012820512,0.5580774744351705,3227.7136554718018
1764,4,70;43;86;73;25;51;53;88;35;67,10,8.22,80.33854166666667,0.5219684013953576,3229.242603302002
1765,3,93;87;27;17;45;47;96;65;81;74,10,8.84,79.16666666666667,0.5269220968087515,3229.749612092972
1766,2,63;82;46;22;39;18;84;19;24;61,10,9.09,81.63060897435898,0.499738477743589,3231.2573840618134
1767,0,98;42;77;68;11;29;1;33;52;34,10,8.37,77.63421474358974,0.5735966914739364,3236.6987521648407
1768,1,90;56;4;13;14;99;15;31;49;37,10,8.62,75.57091346153847,0.6398786566196344,3237.2013459205627
1769,3,8;96;9;38;17;87;74;20;91;93,10,6.95,78.83613782051282,0.5546456728226099,3237.685251712799
1770,4,25;86;76;75;43;7;12;92;88;80,10,8.03,81.10977564102564,0.5261282515831482,3237.9952676296234
1771,2,95;61;24;16;84;85;0;19;23;41,10,9.11,76.74278846153847,0.590955410630275,3241.015392303467
1772,0,42;50;68;34;11;69;83;58;55;29,10,8.34,73.7479967948718,0.6298619692142193,3245.8575325012207
1773,4,86;25;92;53;76;51;88;75;94;67,10,7.42,80.21834935897436,0.5381971169740726,3246.3863155841827
1774,1,90;49;31;15;4;37;40;21;14;13,10,8.71,78.8661858974359,0.5587291232286355,3247.061121225357
1775,3,54;28;91;3;27;8;45;48;65;20,10,8.76,79.67748397435898,0.5259084479931073,3247.471365213394
1776,2,23;97;36;39;19;0;89;41;24;64,10,8.67,79.52724358974359,0.5408397358961594,3250.3085668087006
1777,4,35;75;92;2;62;88;94;25;70;53,10,7.44,79.5673076923077,0.5176816643812717,3254.4467344284058
1778,0,58;69;33;34;6;68;83;77;72;52,10,7.91,78.125,0.5583410809437434,3255.0217938423157
1779,1,57;79;44;90;4;31;37;40;26;99,10,9.07,79.6875,0.5362509332406216,3256.9711513519287
1780,3,96;28;48;20;9;45;65;91;47;93,10,8.92,79.6474358974359,0.5421613156795502,3257.3850033283234
1781,2,23;60;24;89;46;59;95;39;19;82,10,7.67,80.92948717948718,0.5117090409382795,3258.6183178424835
1782,4,67;53;75;86;2;70;94;25;76;7,10,7.31,74.22876602564102,0.640035595649328,3262.3132858276367
1783,0,69;1;58;55;32;33;83;34;68;72,10,7.86,78.57572115384616,0.5577918470670016,3263.4432950019836
1784,2,36;18;23;95;82;16;39;85;78;22,10,6.3,72.98677884615384,0.7391724108885496,3265.4735946655273
1785,1,57;13;99;37;21;14;15;66;56;31,10,8.62,76.10176282051282,0.6236483382108884,3266.314234972
1786,3,27;96;30;87;28;65;3;81;93;74,10,8.22,77.17347756410257,0.6001177311707766,3266.729964017868
1787,0,50;32;77;10;11;68;6;98;1;55,10,6.13,79.47716346153847,0.5272647257034595,3270.173013687134
1788,4,80;35;67;92;76;51;86;12;25;94,10,8.03,79.35697115384616,0.5192248336015604,3270.902695417404
1789,2,89;23;41;82;64;61;95;36;0;60,10,9.11,80.74919871794872,0.5248517535435848,3275.241849422455
1790,1,26;13;90;14;15;57;56;79;37;5,10,9.05,77.37379807692308,0.5938040514787039,3276.1044368743896
1791,3,74;91;48;27;20;38;9;17;3;87,10,8.73,78.13501602564102,0.5699052760998408,3276.5054676532745
1792,0,32;42;77;1;83;69;72;33;10;52,10,8.41,78.13501602564102,0.5923205151771888,3279.232263803482
1793,4,7;86;35;88;25;76;67;43;75;92,10,7.44,79.36698717948718,0.5627561448476254,3279.7669048309326
1794,2,63;36;97;23;19;95;85;16;64;24,10,7.93,77.52403846153847,0.5689610831248455,3283.793630361557
1795,3,91;54;87;74;48;93;45;65;81;28,10,8.74,80.24839743589743,0.5254356265068054,3285.9262385368347
1796,1,15;4;40;66;37;56;31;44;26;71,10,9.2,76.171875,0.6363847996944036,3286.46945810318
1797,0,42;77;68;32;98;83;34;10;1;11,10,8.35,77.6141826923077,0.5800865735763159,3288.4451982975006
1798,4,12;73;67;25;88;51;76;75;35;43,10,8.22,78.40544871794872,0.5816669399157549,3288.8936178684235
1799,2,0;46;64;24;97;85;61;22;36;78,10,9.08,79.50721153846153,0.54166518113552,3293.4228072166443
1800,3,93;20;45;54;30;9;3;17;81;96,10,8.39,79.35697115384616,0.5549232268180603,3294.9494836330414
1801,1,71;56;66;79;21;14;31;13;26;4,10,9.08,72.5761217948718,0.7443143832377899,3296.074443101883
1802,0,34;29;11;50;32;1;69;98;33;52,10,7.61,76.07171474358974,0.6605012409197979,3296.792984724045
1803,4,12;67;73;86;2;76;53;7;43;70,10,8.23,70.57291666666667,0.6548839582082553,3297.7203044891357
1804,2,24;41;78;23;0;19;22;39;84;63,10,8.67,81.01963141025641,0.5108443578848472,3302.760488510132
1805,3,87;28;96;48;3;30;93;27;45;74,10,8.76,77.36378205128206,0.6158555425130404,3304.3338384628296
1806,0,72;68;77;6;52;58;42;55;50;83,10,8.41,78.19511217948718,0.5666599185802997,3305.859754562378
1807,1,49;44;40;99;4;56;37;79;5;31,10,8.88,78.28525641025641,0.5637919719402606,3306.4211790561676
1808,4,12;35;75;70;86;73;53;76;80;92,10,8.29,78.92628205128206,0.5430176800642258,3306.819516181946
1809,2,22;97;24;18;60;39;84;36;0;63,10,5.85,72.20552884615384,0.6510679802069297,3309.2474822998047
1810,3,45;3;20;28;65;96;17;87;9;54,10,8.43,77.25360576923077,0.5781426918812287,3313.3901031017303
1811,0,83;42;33;1;6;10;72;29;34;69,10,8.39,78.45552884615384,0.5694183970873172,3314.8221051692963
1812,1,31;66;21;71;5;90;44;99;79;40,10,8.68,77.2235576923077,0.5987639492138838,3315.7504856586456
1813,4,73;86;62;70;92;80;43;88;12;67,10,8.27,79.296875,0.5376685525362308,3316.1582148075104
1814,2,78;95;39;85;36;84;0;61;82;22,10,9.08,78.77604166666667,0.5728121380775403,3318.895262479782
1815,3,47;87;45;81;54;3;91;20;93;8,10,8.84,79.81770833333333,0.5304666356398509,3322.8506553173065
1816,0,29;83;34;77;69;11;72;10;6;42,10,8.4,75.16025641025641,0.659340154666167,3323.7748539447784
1817,4,43;86;12;70;80;2;51;75;73;88,10,8.25,81.13982371794872,0.507995796127197,3325.0443534851074
1818,1,79;49;57;56;26;40;21;15;5;14,10,9.26,78.33533653846153,0.5734184223871964,3325.647616624832
1819,2,61;64;0;46;59;19;41;36;95;63,10,9.14,81.10977564102564,0.5027523793471165,3328.67550945282
1820,3,54;93;28;96;65;81;17;20;74;45,10,8.38,79.91786858974359,0.5358019723342016,3332.0833756923676
1821,0,32;52;98;83;50;33;6;58;55;72,10,7.92,76.85296474358974,0.6280396702962044,3332.5628519058228
1822,1,5;4;71;21;90;13;15;79;44;49,10,7.71,80.0380608974359,0.5336203426122665,3334.1135816574097
1823,4,2;35;76;86;80;7;75;73;70;12,10,8.27,76.27203525641026,0.5697966141578479,3334.40966296196
1824,2,95;84;18;16;23;41;46;19;0;82,10,8.67,76.73277243589743,0.5897372055512208,3337.9596314430237
1825,3,9;8;3;28;27;74;87;30;93;20,10,8.19,81.2099358974359,0.5080388669784253,3341.05886220932
1826,0,98;50;77;10;68;83;29;72;6;34,10,7.9,76.78285256410257,0.6002182383567859,3341.552269220352
1827,4,75;70;43;86;94;53;88;62;35;92,10,7.44,80.02804487179488,0.5214582777176148,3342.4730451107025
1828,1,37;21;79;14;31;40;71;49;15;4,10,8.74,78.88621794871794,0.5565157547975198,3343.3938291072845
1829,2,89;60;61;36;41;46;24;85;64;18,10,9.12,80.3485576923077,0.5079626165903531,3347.635116815567
1830,0,10;50;52;77;83;11;55;34;33;72,10,7.91,80.44871794871794,0.5147929233618271,3350.2335300445557
1831,3,20;8;9;93;17;91;87;30;74;48,10,8.72,80.25841346153847,0.5327256830074848,3350.925733566284
1832,4,25;92;67;51;80;53;70;2;43;12,10,8.03,81.81089743589743,0.4811516984915122,3351.3212172985077
1833,1,56;26;49;13;4;66;99;15;90;71,10,9.06,73.76802884615384,0.7215841274995071,3353.046510219574
1834,2,64;63;60;46;95;22;85;61;78;23,10,9.09,80.08814102564102,0.5209999909767737,3357.285344362259
1835,0,98;32;1;83;29;33;6;34;72;10,10,7.89,77.6141826923077,0.6320113738377889,3358.691994905472
1836,3,8;20;30;87;81;93;17;48;9;28,10,8.73,79.26682692307692,0.567211063244404,3360.3480682373047
1837,4,7;2;73;70;75;67;43;80;92;94,10,8.27,79.00641025641026,0.525022701957287,3360.757023334503
1838,1,71;79;26;90;13;21;44;56;37;15,10,9.03,76.35216346153847,0.6250942047589865,3362.694236755371
1839,2,78;60;97;84;24;61;16;63;59;41,10,9.11,76.1318108974359,0.6037597606579462,3367.171007156372
1840,0,83;50;69;6;29;32;1;33;98;72,10,7.88,77.20352564102564,0.6142772596616012,3367.6935646533966
1841,4,67;7;53;62;51;35;2;86;25;75,10,6.38,80.84935897435898,0.5079082892491267,3368.03267621994
1842,3,81;65;74;30;47;93;45;17;87;20,10,8.84,81.28004807692308,0.4938559150084471,3369.7468547821045
1843,1,31;66;99;56;4;26;90;5;15;37,10,9.02,77.25360576923077,0.5988651093764182,3372.2773110866547
1844,4,92;51;2;76;7;43;70;25;53;88,10,7.49,80.76923076923077,0.5039813950275763,3376.2361812591553
1845,0,83;50;11;34;69;33;42;55;32;10,10,8.33,78.18509615384616,0.5925339681979938,3377.150503873825
1846,2,82;61;0;78;41;16;64;24;39;46,10,9.12,75.23036858974359,0.6715155591567358,3377.554104566574
1847,3,17;20;38;27;45;47;93;28;9;54,10,8.83,80.0380608974359,0.532349379780965,3379.1693785190582
1848,1,26;21;49;14;56;15;57;37;79;5,10,9.08,78.44551282051282,0.5657188097635905,3381.9032986164093
1849,2,18;59;97;95;23;60;24;39;85;0,10,5.82,72.07532051282051,0.6642139871151019,3383.9380691051483
1850,4,12;35;25;2;88;7;75;92;94;76,10,7.44,81.61057692307692,0.5073298162374741,3384.6623442173004
1851,0,69;52;11;98;42;6;34;83;50;29,10,8.36,77.43389423076923,0.6220755894214679,3386.0847642421722
1852,3,96;9;93;27;20;87;91;38;48;54,10,8.73,79.96794871794872,0.5409454902013143,3388.5213441848755
1853,1,26;71;49;4;21;57;99;56;5;37,10,9.08,77.28365384615384,0.593722613576131,3391.5625941753387
1854,2,60;24;23;95;64;18;36;84;39;97,10,7.89,72.90665064102564,0.6777724585472009,3392.388705968857
1855,4,80;75;70;73;25;2;76;53;94;92,10,8.27,79.54727564102564,0.5376931306643363,3393.51607465744
1856,0,98;55;1;83;52;32;33;72;77;68,10,7.93,78.0448717948718,0.5588601846725513,3394.6236865520477
1857,3,74;9;20;17;87;45;93;30;54;38,10,8.36,80.26842948717949,0.5276636297886188,3397.498519182205
1858,1,90;44;14;5;56;57;99;21;79;15,10,8.61,74.65945512820512,0.6809018640181957,3400.8224527835846
1859,4,75;35;62;70;76;51;7;88;43;94,10,7.31,80.29847756410257,0.5214050843929633,3401.4088110923767
1860,2,82;61;41;16;19;85;89;22;59;64,10,9.13,78.13501602564102,0.544505788729741,3402.1424040794373
1861,0,72;50;83;68;1;69;29;32;10;6,10,7.87,79.5673076923077,0.5304757918302829,3403.086048603058
1862,3,20;87;17;48;91;8;96;54;27;93,10,8.73,81.32011217948718,0.5176705836485593,3406.8286929130554
1863,4,12;92;67;88;7;51;75;2;35;76,10,7.45,77.67427884615384,0.6112724328652407,3409.4658744335175
1864,1,14;21;26;13;99;4;15;56;37;44,10,9.05,74.88982371794872,0.6864595948121487,3410.488079547882
1865,2,18;95;46;39;16;22;97;19;41;0,10,8.67,78.10496794871794,0.557720538515311,3411.4149050712585
1866,0,11;72;6;83;58;32;33;42;77;29,10,8.41,72.95673076923077,0.7359460137593441,3412.04678940773
1867,3,27;93;91;30;9;96;81;65;47;45,10,8.83,79.9579326923077,0.5386143280909612,3416.2917885780334
1868,4,25;2;86;51;73;80;12;75;70;62,10,8.25,79.15665064102564,0.5355235150991342,3418.3200759887695
1869,1,31;57;4;37;40;56;49;14;99;71,10,8.94,76.36217948717949,0.6267676865443205,3420.044361114502
1870,0,58;68;50;42;11;77;6;55;33;29,10,8.34,79.77764423076923,0.5326748673732464,3421.121765613556
1871,2,36;16;61;24;60;85;78;41;23;18,10,9.11,74.11858974358974,0.6420119618758177,3421.5796251296997
1872,3,96;81;3;17;54;45;87;48;20;9,10,8.75,79.42708333333333,0.5609338188018554,3425.6181087493896
1873,4,94;43;25;53;12;73;2;88;76;75,10,8.22,81.3301282051282,0.5016351556166624,3427.126352071762
1874,0,11;1;68;98;32;72;34;10;55;6,10,7.88,79.07652243589743,0.5331507695791049,3429.819333791733
1875,1,13;56;15;26;79;5;40;4;44;14,10,9.2,77.91466346153847,0.5779562336512101,3430.294793844223
1876,2,59;46;61;60;78;39;63;24;89;95,10,9.08,82.28165064102564,0.48584767641165316,3431.2089636325836
1877,3,20;28;54;48;93;65;47;74;17;30,10,8.9,79.91786858974359,0.5198748742158597,3435.1351323127747
1878,4,86;62;76;7;35;2;51;53;12;88,10,7.14,77.56410256410257,0.567028562609966,3435.53972530365
1879,0,6;69;77;50;11;33;98;29;10;55,10,6.21,77.97475961538461,0.5734669015957758,3436.5470538139343
1880,1,37;21;57;4;31;56;79;99;5;40,10,8.9,74.92988782051282,0.6678327967723211,3439.7674775123596
1881,2,63;59;41;36;97;24;39;64;82;22,10,8.66,72.5360576923077,0.6801713342085863,3440.4774746894836
1882,4,75;53;88;35;7;86;73;43;62;76,10,8.22,73.83814102564102,0.6718686284163059,3444.563745737076
1883,3,27;81;30;74;20;3;54;17;47;91,10,8.83,82.37179487179488,0.480022927125295,3445.2244000434875
1884,0,11;42;77;50;55;33;1;6;72;69,10,8.39,81.50040064102564,0.5056177614591061,3445.7392179965973
1885,2,23;89;64;78;0;22;84;46;60;59,10,7.89,80.45873397435898,0.5133141523752457,3449.2490694522858
1886,1,31;40;37;99;56;44;79;90;49;66,10,8.87,77.40384615384616,0.5949464948513569,3449.6984016895294
1887,4,92;76;70;2;53;25;12;7;35;51,10,7.53,78.19511217948718,0.5559892574181924,3452.7425026893616
1888,3,38;96;28;54;48;8;91;30;45;17,10,8.74,78.66586538461539,0.564297371949905,3454.716128349304
1889,0,34;52;6;83;32;98;58;11;42;69,10,8.36,75.96153846153847,0.6866278831775372,3455.1799635887146
1890,2,64;36;61;82;0;18;19;22;78;24,10,9.11,78.35536858974359,0.5679759238010798,3459.2010090351105
1891,1,5;26;66;57;37;49;99;56;44;79,10,9.06,76.75280448717949,0.6126447255030657,3459.6500766277313
1892,4,80;35;53;51;25;43;7;2;92;73,10,8.26,82.0713141025641,0.48575655007973695,3461.5305852890015
1893,3,93;65;17;38;74;81;91;8;27;96,10,7.01,78.28525641025641,0.5517341983623993,3462.362023115158
1894,0,11;10;42;34;1;72;55;29;77;83,10,8.4,78.54567307692308,0.5649141673094187,3464.2010242938995
1895,1,31;37;4;57;49;21;71;99;90;13,10,7.71,80.41866987179488,0.5221918160334612,3467.987284421921
1896,2,95;0;64;24;61;46;19;18;39;41,10,9.14,79.98798076923077,0.5237625306233381,3468.9127128124237
1897,4,2;25;94;62;92;12;76;80;88;75,10,8.03,79.71754807692308,0.5332502451462623,3470.137337207794
1898,3,28;96;93;20;45;30;3;47;74;17,10,8.89,80.56891025641026,0.5201581888473951,3471.8701963424683
1899,0,29;6;11;33;32;52;58;98;68;72,10,7.93,77.29366987179488,0.5866090212112818,3472.736030101776
1900,1,15;13;21;71;26;4;90;79;57;37,10,8.96,79.28685897435898,0.5459756060288503,3477.49858379364
1901,2,23;95;61;19;18;97;24;84;64;78,10,9.11,79.07652243589743,0.5448211706601657,3478.8397691249847
1902,4,25;76;53;43;35;73;62;92;75;70,10,8.24,77.66426282051282,0.5482048892822021,3479.2415919303894
1903,0,33;69;68;32;50;77;58;34;29;72,10,7.88,78.58573717948718,0.5411974929082088,3481.307165145874
1904,3,93;96;47;74;27;65;45;38;91;87,10,8.84,77.37379807692308,0.5518283454271463,3481.6366126537323
1905,4,94;35;7;43;62;25;75;12;76;2,10,7.14,77.99479166666667,0.5412109620296038,3487.298591852188
1906,1,37;26;4;90;71;15;66;99;31;5,10,8.94,80.32852564102564,0.5094227718237119,3487.871195793152
1907,2,84;19;22;16;36;82;95;64;24;46,10,7.93,78.19511217948718,0.5567810799066837,3488.237970352173
1908,0,77;83;10;34;42;69;6;32;68;52,10,8.35,73.4375,0.6549880248613846,3490.255636692047
1909,3,9;38;93;47;20;65;96;3;28;30,10,8.87,76.55248397435898,0.578685231315784,3491.08132314682
1910,4,51;35;53;12;62;86;67;88;7;94,10,6.41,78.30528846153847,0.5404101048524563,3494.5265901088715
1911,2,0;97;95;89;18;46;23;84;16;59,10,5.84,78.8261217948718,0.5528411410557919,3495.189748764038
1912,1,90;13;44;66;99;79;15;21;4;57,10,7.13,79.74759615384616,0.5344677250354718,3495.723666906357
1913,0,33;72;11;69;58;42;52;32;1;50,10,8.4,77.59415064102564,0.5703188906877469,3499.280720949173
1914,3,3;20;48;47;54;87;8;81;38;74,10,8.89,80.64903846153847,0.5098091065883636,3500.520246744156
1915,4,67;94;62;43;7;88;12;92;70;73,10,8.24,81.5204326923077,0.48927266590106183,3503.3495054244995
1916,2,82;64;41;95;78;18;22;23;61;60,10,9.13,81.57051282051282,0.4945188500942328,3505.262012243271
1917,1,40;79;5;44;26;31;4;37;66;57,10,9.08,80.0380608974359,0.5497375413393363,3505.6556119918823
1918,0,1;6;83;98;52;29;11;33;32;69,10,7.61,78.70592948717949,0.6089972781065183,3507.481226682663
1919,3,9;48;87;38;20;28;74;45;8;17,10,8.74,78.89623397435898,0.556723103309289,3509.8182537555695
1920,4,76;35;62;53;43;80;70;2;94;92,10,8.04,79.15665064102564,0.5178255434983816,3511.9619669914246
1921,2,23;84;60;16;82;85;64;95;24;19,10,7.93,79.96794871794872,0.5284108385825769,3513.7693190574646
1922,1,31;57;66;49;56;4;79;40;44;37,10,8.92,76.15184294871794,0.6246763979777311,3515.1847286224365
1923,0,32;29;10;6;83;58;1;72;33;69,10,7.88,77.74439102564102,0.6587789780818499,3515.967511177063
1924,3,87;17;91;96;3;20;47;48;74;65,10,8.92,78.01482371794872,0.5774860817652482,3519.3635358810425
1925,4,43;92;86;88;80;25;62;76;51;73,10,8.26,81.81089743589743,0.4967891635038914,3520.792011976242
1926,2,78;89;18;60;39;36;22;95;64;59,10,7.9,81.2099358974359,0.4946560691564511,3522.219886779785
1927,0,29;55;77;68;11;6;98;58;72;34,10,7.9,76.90304487179488,0.5880708002891296,3524.4850990772247
1928,1,56;40;21;90;26;15;13;4;14;66,10,9.23,73.66786858974359,0.7181459890726285,3525.31036400795
1929,3,8;54;45;93;27;81;87;74;20;3,10,8.38,78.74599358974359,0.564384075311514,3528.3367762565613
1930,4,43;75;53;73;94;62;70;12;35;25,10,8.22,82.05128205128206,0.4805183357153183,3529.5442943573
1931,0,77;98;83;1;58;11;55;6;32;68,10,6.14,78.2051282051282,0.5555673833840933,3531.546327829361
1932,2,0;95;18;64;60;41;61;39;78;22,10,9.13,78.71594551282051,0.5372199263328161,3532.128613948822
1933,1,90;79;99;21;57;15;71;49;13;31,10,7.72,77.80448717948718,0.5772048506217126,3533.5543732643127
1934,3,96;8;47;93;45;91;74;3;20;17,10,8.86,79.71754807692308,0.5474596210779288,3537.783031463623
1935,4,51;94;92;73;25;76;62;35;67;43,10,8.23,80.8994391025641,0.4921708534925412,3538.5283238887787
1936,0,11;58;34;29;83;6;68;69;50;77,10,6.1,79.45713141025641,0.5331564874221117,3539.032743215561
1937,2,78;63;19;82;16;24;36;18;46;95,10,7.7,76.86298076923077,0.5739357796234962,3540.460420846939
1938,1,26;71;99;15;79;44;21;14;4;66,10,8.97,76.55248397435898,0.6049786932193316,3543.101156234741
1939,3,8;9;93;87;81;54;27;28;96;30,10,8.02,79.35697115384616,0.5569374729425479,3546.54341506958
1940,4,88;76;94;2;86;12;25;80;73;67,10,8.25,80.08814102564102,0.5194759124364609,3547.3542490005493
1941,0,11;52;68;98;42;10;50;69;1;72,10,8.41,80.51883012820512,0.49963106291416365,3548.056036233902
1942,2,97;60;46;64;85;39;41;19;59;24,10,8.67,79.27684294871794,0.5328911974644049,3549.724779844284
1943,1,4;26;56;49;40;79;21;13;99;5,10,9.23,74.21875,0.6741783446990527,3552.9093708992004
1944,4,75;88;86;70;76;2;67;12;51;25,10,7.31,80.96955128205128,0.5058036014819757,3555.2623767852783
1945,3,45;9;17;87;96;8;38;20;91;48,10,8.73,80.35857371794872,0.5119368529472595,3555.8829753398895
1946,0,32;98;33;29;6;11;34;72;83;52,10,7.93,75.79126602564102,0.7109910322305484,3556.5887594223022
1947,2,61;18;95;39;16;41;22;97;59;0,10,9.11,72.94671474358974,0.674194797491416,3559.408085346222
1948,1,49;4;44;31;71;26;57;56;90;37,10,9.06,78.02483974358974,0.5822096872024047,3562.6065287590027
1949,4,25;94;35;76;75;86;2;80;92;73,10,8.26,77.70432692307692,0.5474877346020478,3564.1440513134003
1950,0,29;69;10;52;55;11;6;77;68;98,10,7.62,78.03485576923077,0.5676102951551095,3564.942297935486
1951,3,87;28;48;54;96;74;45;8;3;93,10,8.76,78.48557692307692,0.5785422267822119,3565.3744716644287
1952,2,46;59;16;61;78;82;23;85;41;89,10,9.11,76.37219551282051,0.5886249244213104,3569.116737127304
1953,1,71;99;57;15;40;14;37;90;49;4,10,8.72,79.3770032051282,0.5407358916142048,3572.1105563640594
1954,4,25;53;67;2;75;62;92;94;43;35,10,7.38,81.84094551282051,0.4937062145043642,3572.6095004081726
1955,0,34;72;77;29;33;1;11;58;52;32,10,7.93,78.90625,0.5441227838014945,3573.5344064235687
1956,3,96;17;8;93;48;30;81;65;3;45,10,8.76,78.30528846153847,0.5667397750493808,3574.7642953395844
1957,2,16;78;59;84;85;18;41;95;64;82,10,8.68,79.00641025641026,0.5285590665462689,3578.4056165218353
1958,4,76;75;67;80;7;62;35;12;94;43,10,8.02,78.30528846153847,0.5284586766591439,3581.2458810806274
1959,1,4;66;37;21;26;56;40;49;57;44,10,9.25,79.01642628205128,0.5542752994940832,3581.9706716537476
1960,0,98;58;34;29;32;50;6;72;1;42,10,8.41,78.01482371794872,0.6117212034952946,3582.500002861023
1961,3,45;93;28;27;91;8;9;54;17;20,10,8.37,78.69591346153847,0.5688271518701162,3583.7508211135864
1962,2,22;61;60;84;82;16;95;0;39;36,10,9.07,75.29046474358974,0.6105633687514526,3588.088259935379
1963,4,35;75;25;80;92;51;2;70;53;12,10,8.03,76.66266025641026,0.5931294610102972,3589.9223098754883
1964,0,77;29;1;50;68;98;32;33;52;6,10,7.62,78.23517628205128,0.5651443688533245,3590.6600997447968
1965,1,26;40;31;79;21;44;57;90;66;14,10,9.09,79.69751602564102,0.5655996715411161,3591.6702542304993
1966,3,20;93;65;47;3;38;54;91;9;28,10,8.84,79.90785256410257,0.5241748197720602,3593.19775724411
1967,2,84;59;82;22;61;39;18;60;41;24,10,9.11,75.22035256410257,0.6005072635717881,3597.83686709404
1968,0,33;77;52;83;69;58;6;29;11;55,10,7.61,78.0448717948718,0.5998938351105421,3598.8757061958313
1969,4,73;76;12;51;2;62;53;86;7;88,10,8.22,81.58052884615384,0.4949724269218934,3599.300355195999
1970,1,56;90;15;31;40;99;57;79;37;49,10,8.89,75.69110576923077,0.6527141970701706,3601.1552102565765
1971,3,8;3;27;81;30;93;74;47;38;28,10,8.84,80.1181891025641,0.5130537415926273,3602.590725660324
1972,2,85;60;95;18;16;19;89;24;84;63,10,7.68,79.58733974358974,0.522362565765014,3606.2366302013397
1973,4,12;67;94;70;2;53;51;88;86;62,10,7.23,80.29847756410257,0.5153515835603079,3607.1743206977844
1974,0,33;52;1;6;72;98;42;77;50;29,10,8.44,78.67588141025641,0.5532202357665087,3607.9103059768677
1975,1,26;66;57;15;4;49;21;14;44;71,10,8.99,79.89783653846153,0.5719963526114439,3610.737577676773
1976,3,38;3;81;74;87;45;20;28;9;93,10,8.4,79.85777243589743,0.5367814168716089,3611.5576300621033
1977,2,97;63;22;60;61;89;82;59;0;39,10,9.07,76.2119391025641,0.5751965068853818,3616.0551352500916
1978,4,12;86;92;75;80;2;94;67;73;7,10,8.26,66.02564102564102,0.8681448591061127,3616.694947719574
1979,0,42;1;58;98;6;11;68;77;34;55,10,8.35,80.36858974358974,0.5139244898007467,3617.2087960243225
1980,1,13;15;44;49;71;99;14;21;26;5,10,8.96,80.96955128205128,0.5223123373893591,3620.243887901306
1981,3,74;91;9;96;3;17;65;93;47;8,10,8.84,79.97796474358974,0.5217723212180994,3620.9703710079193
1982,4,88;70;35;80;53;62;67;43;51;7,10,8.01,80.79927884615384,0.5016367863386105,3625.536141872406
1983,2,18;85;23;0;60;19;36;61;82;64,10,9.1,80.69911858974359,0.5178323292579406,3626.182896375656
1984,0,33;98;69;10;77;52;42;29;55;68,10,8.38,76.71274038461539,0.6110996118722818,3626.596497297287
1985,1,99;5;21;44;4;13;26;15;37;66,10,8.95,80.18830128205128,0.5261289825042089,3629.816240310669
1986,3,17;65;38;45;8;96;30;74;47;20,10,8.85,77.83453525641026,0.5666175820888617,3630.4622025489807
1987,4,25;75;86;94;80;12;53;73;92;62,10,8.26,75.37059294871794,0.6100871815131261,3634.7188696861267
1988,2,23;97;18;0;95;89;64;84;16;46,10,7.89,77.96474358974359,0.569043694016261,3635.4347293376923
1989,0,33;42;77;68;10;50;83;32;34;72,10,8.39,74.18870192307692,0.6369989567842239,3635.817012310028
1990,1,66;31;57;90;79;99;37;14;5;56,10,8.61,76.32211538461539,0.6141512157061161,3639.061595916748
1991,3,27;91;47;65;3;96;17;45;30;81,10,8.87,77.2235576923077,0.5804231866047933,3639.9173817634583
1992,4,86;92;76;75;70;7;53;94;2;51,10,7.5,73.25721153846153,0.6233013085065744,3642.8551065921783
1993,2,64;36;60;78;22;0;59;82;24;39,10,7.89,78.80608974358974,0.5337181706459094,3643.9316906929016
1994,0,29;10;32;77;11;52;72;58;68;83,10,7.93,76.88301282051282,0.5872172312094615,3644.503617286682
1995,1,13;56;49;4;90;21;37;31;5;15,10,8.61,79.43709935897436,0.5415003517499337,3648.2364871501923
1996,3,54;93;20;9;27;8;45;87;81;65,10,8.36,80.3886217948718,0.5162779130996802,3648.8573286533356
1997,4,75;80;7;62;25;51;67;94;86;35,10,8.0,80.61899038461539,0.4985424700455788,3651.3966331481934
1998,0,83;68;42;50;52;10;29;72;32;55,10,8.42,74.43910256410257,0.6234850982824961,3653.766407728195
1999,2,82;0;23;22;16;46;84;36;97;61,10,9.07,73.62780448717949,0.6636362626002386,3654.1878292560577
2000,1,79;90;13;99;15;21;31;44;37;49,10,7.68,77.93469551282051,0.573737804324199,3656.5288264751434
2001,3,74;8;96;9;48;91;87;17;38;28,10,8.73,80.08814102564102,0.5251432875028024,3658.2035574913025
2002,4,80;75;86;51;62;92;70;12;2;67,10,8.03,78.125,0.5401247403560541,3660.0393879413605
2003,0,69;42;58;10;50;6;55;52;77;34,10,8.35,77.70432692307692,0.5739850035080543,3662.6850373744965
2004,2,64;85;82;97;60;89;22;61;39;36,10,9.08,80.69911858974359,0.5169929437912427,3663.915368080139
2005,1,15;99;44;26;31;49;4;79;37;21,10,8.96,78.42548076923077,0.5679304103056589,3666.0766077041626
2006,3,87;3;54;27;30;96;93;48;20;65,10,8.75,76.93309294871794,0.6158318064915829,3667.500735282898
2007,4,73;75;92;70;86;53;67;2;94;7,10,8.24,70.89342948717949,0.6837389312493496,3668.824831724167
2008,0,32;42;98;52;68;77;29;58;10;83,10,8.38,75.10016025641026,0.6209420481553445,3671.663242816925
2009,2,60;63;84;97;24;22;59;41;18;46,10,8.66,77.4639423076923,0.560228094840661,3673.1967833042145
2010,1,31;15;37;56;57;66;14;71;79;40,10,8.92,77.55408653846153,0.5898796977140964,3675.6377518177032
