Epoch,Group_ID,Selected_Clients,edge_round_time,Simulation_Time,Accuracy,Loss,Run_Time
6,4,"[12, 75, 25, 73, 76, 43, 67, 35, 2, 53]",8.22,13.22,9.985977564102564,2.261307505460886,22.35289168357849
11,3,"[3, 27, 65, 47, 38, 9, 17, 54, 93, 8]",8.83,13.83,19.21073717948718,2.2366852148985252,30.836123943328857
12,2,"[82, 24, 89, 97, 61, 36, 63, 39, 60, 84]",9.07,14.07,26.812900641025642,2.3366555006076126,34.17483878135681
14,4,"[53, 70, 7, 94, 76, 2, 75, 43, 51, 35]",7.31,25.53,18.719951923076923,2.296694810573871,35.589622259140015
15,1,"[13, 57, 5, 4, 79, 14, 90, 37, 40, 71]",8.71,13.71,16.846955128205128,2.304496373885717,36.30307984352112
16,3,"[9, 27, 91, 30, 93, 87, 28, 20, 47, 38]",8.82,27.65,19.69150641025641,2.2218849658966064,40.13471055030823
17,2,"[39, 63, 89, 59, 23, 85, 82, 24, 46, 22]",5.1,24.17,19.881810897435898,2.081520546705295,42.76713728904724
18,0,"[11, 1, 42, 34, 98, 10, 55, 6, 52, 77]",8.36,13.36,27.213541666666668,1.9375396905801234,43.58565163612366
19,4,"[88, 86, 12, 7, 76, 92, 94, 70, 75, 51]",7.52,38.05,38.932291666666664,1.942470330458421,45.20745515823364
20,1,"[26, 13, 5, 31, 56, 15, 79, 14, 66, 99]",9.04,27.75,27.954727564102566,2.1181337298491063,45.86705708503723
21,3,"[91, 38, 47, 17, 45, 28, 9, 30, 3, 20]",8.86,41.51,26.392227564102566,2.0630998947681527,49.501818895339966
22,2,"[18, 24, 84, 46, 95, 64, 60, 63, 97, 22]",7.89,37.06,34.59535256410256,1.9328953746037605,51.75521159172058
23,0,"[83, 11, 58, 10, 42, 29, 52, 50, 32, 55]",8.36,26.72,40.29447115384615,1.6600163242755792,52.4782338142395
26,3,"[28, 91, 96, 45, 54, 47, 74, 27, 30, 38]",8.85,55.36,24.58934294871795,1.9698418241280775,59.22407674789429
27,2,"[78, 23, 97, 19, 41, 89, 24, 22, 95, 60]",8.67,50.730000000000004,47.365785256410255,1.8193860084582598,61.06537318229675
29,4,"[67, 53, 7, 92, 80, 94, 88, 75, 86, 73]",8.26,51.309999999999995,24.10857371794872,1.8175265116569324,65.14140224456787
31,3,"[8, 17, 96, 54, 47, 87, 65, 91, 93, 48]",8.88,69.24,27.534054487179485,2.09276415904363,67.72504830360413
32,2,"[63, 19, 36, 89, 18, 46, 0, 85, 41, 95]",8.67,64.4,28.99639423076923,1.9049788086842268,69.23678278923035
33,0,"[29, 34, 42, 68, 69, 50, 33, 32, 11, 10]",8.34,40.06,52.09334935897436,1.4332713041550074,70.05875420570374
36,1,"[13, 56, 90, 66, 37, 15, 71, 4, 44, 5]",8.6,41.35,41.37620192307692,1.4914134404598138,77.36388087272644
37,2,"[24, 82, 63, 22, 61, 23, 39, 89, 19, 84]",9.08,78.48,29.627403846153847,1.7653708733045137,78.20374321937561
41,1,"[90, 15, 99, 71, 37, 13, 79, 66, 40, 26]",9.06,55.410000000000004,34.15464743589744,1.7924175659815471,87.31387519836426
44,4,"[62, 86, 51, 35, 73, 67, 76, 53, 25, 80]",8.25,64.56,45.37259615384615,1.5574225279001088,93.37324380874634
45,3,"[20, 28, 45, 93, 8, 91, 48, 38, 3, 27]",8.75,82.99,48.046875,1.4652028527015295,94.29098105430603
49,4,"[76, 86, 92, 51, 94, 88, 2, 12, 80, 75]",8.03,77.59,48.38741987179487,1.303450081592951,102.91245293617249
52,2,"[16, 97, 84, 64, 78, 89, 23, 95, 39, 85]",7.89,91.37,52.75440705128205,1.2071145069904816,105.27936244010925
53,4,"[7, 12, 76, 70, 80, 35, 25, 86, 43, 75]",8.03,90.62,38.37139423076923,1.5859670516772149,106.0027072429657
54,0,"[32, 83, 77, 1, 50, 98, 34, 72, 6, 68]",7.88,52.940000000000005,39.743589743589745,1.4838630312528365,111.9418478012085
59,4,"[62, 67, 51, 70, 25, 86, 76, 35, 94, 53]",7.31,102.93,50.0,1.226945161819458,121.30244445800781
60,3,"[96, 93, 17, 9, 28, 38, 20, 87, 27, 8]",8.03,96.02,45.36258012820513,1.282166560490926,123.80820059776306
64,4,"[35, 53, 43, 88, 80, 51, 2, 12, 86, 76]",8.01,115.94000000000001,55.37860576923077,1.155091758721914,130.7431046962738
65,3,"[38, 8, 9, 65, 96, 3, 74, 27, 91, 47]",8.83,109.85,57.732371794871796,1.167058744491675,132.2547562122345
66,0,"[1, 10, 6, 34, 77, 98, 32, 69, 42, 11]",8.35,66.29,43.02884615384615,1.3898378946842291,133.37498807907104
67,2,"[36, 59, 41, 23, 63, 82, 89, 0, 46, 61]",9.11,105.48,37.92067307692308,1.5121346391164339,134.1654109954834
71,0,"[10, 69, 11, 6, 52, 42, 1, 72, 77, 98]",8.43,79.72,50.671073717948715,1.2127169126119368,142.58644342422485
74,1,"[57, 26, 14, 79, 44, 90, 21, 99, 49, 31]",8.97,69.38000000000001,51.22195512820513,1.182726902839465,149.63318753242493
76,0,"[32, 10, 83, 34, 33, 6, 50, 11, 58, 52]",7.61,92.33,59.52524038461539,1.1005779932706783,151.0677170753479
77,2,"[16, 59, 84, 82, 22, 61, 89, 97, 78, 23]",9.08,119.56,53.60576923076923,1.0523325648063269,152.39574813842773
78,4,"[88, 25, 75, 51, 35, 2, 73, 86, 76, 62]",8.22,129.16000000000003,56.61057692307692,1.1836811831364265,153.32600617408752
83,4,"[43, 12, 67, 70, 7, 76, 75, 25, 86, 35]",7.34,141.50000000000003,57.00120192307692,1.1992553174495697,162.60188388824463
84,1,"[56, 37, 66, 40, 26, 49, 57, 90, 44, 31]",9.2,83.58000000000001,57.28165064102564,1.153926907441555,167.64550304412842
85,0,"[83, 50, 11, 29, 72, 6, 68, 55, 42, 10]",8.4,105.73,51.96314102564103,1.2554666079007661,168.4820728302002
86,2,"[39, 18, 97, 59, 78, 60, 46, 0, 16, 22]",6.33,130.89,54.31690705128205,1.0869579972364964,169.63578724861145
88,3,"[30, 38, 27, 17, 54, 65, 3, 96, 87, 48]",8.75,123.6,58.092948717948715,1.1506469272650206,172.1137659549713
89,1,"[37, 56, 15, 40, 31, 21, 90, 5, 4, 66]",8.87,97.45000000000002,59.875801282051285,1.0806050178332207,173.92506909370422
90,0,"[6, 55, 33, 34, 52, 98, 32, 42, 77, 50]",8.36,119.09,46.88501602564103,1.3726158294922266,177.75212359428406
91,2,"[22, 24, 61, 60, 23, 41, 85, 0, 97, 63]",9.1,144.98999999999998,54.41706730769231,1.0810635930452592,178.45940685272217
92,4,"[80, 88, 70, 94, 67, 76, 73, 62, 51, 75]",8.25,154.75000000000003,59.88581730769231,1.035690962504118,179.39147329330444
93,3,"[91, 28, 48, 65, 9, 47, 27, 45, 87, 74]",8.9,137.5,50.15024038461539,1.3180240835898962,181.9121081829071
94,1,"[37, 21, 66, 57, 99, 4, 5, 56, 13, 79]",8.63,111.08000000000001,50.93149038461539,1.207358459631602,182.8243453502655
95,0,"[32, 42, 6, 11, 50, 33, 98, 55, 58, 68]",8.34,132.43,38.48157051282051,1.7810858304683979,187.16437888145447
97,4,"[92, 94, 53, 86, 25, 35, 51, 88, 2, 75]",7.38,167.13000000000002,49.01842948717949,1.3836649732711988,188.80134963989258
98,3,"[30, 28, 20, 3, 8, 17, 96, 45, 81, 65]",8.43,150.93,59.94591346153846,1.0543503852990956,191.7728066444397
100,0,"[33, 68, 52, 69, 34, 72, 77, 11, 42, 83]",8.41,145.84,63.772035256410255,0.9794394243986179,194.34956622123718
101,4,"[7, 2, 53, 51, 76, 92, 67, 12, 25, 73]",8.24,180.37000000000003,43.94030448717949,1.349512823117085,196.3746678829193
102,2,"[61, 36, 23, 78, 63, 16, 95, 19, 85, 18]",9.1,159.08999999999997,54.45713141025641,1.1233085202865112,197.79203009605408
103,3,"[81, 30, 38, 74, 9, 48, 20, 17, 65, 27]",8.73,164.66,60.75721153846154,1.0493230177805974,201.28012800216675
105,1,"[66, 49, 40, 31, 14, 4, 44, 99, 26, 21]",9.11,125.19000000000001,55.48878205128205,1.1497473021348317,202.9133656024933
106,4,"[86, 25, 76, 73, 70, 88, 53, 94, 12, 51]",8.23,193.60000000000002,49.739583333333336,1.084981503394934,206.05848002433777
107,2,"[18, 61, 95, 46, 82, 63, 89, 16, 19, 78]",9.11,173.2,57.37179487179487,1.0739373832176893,206.7865903377533
108,3,"[47, 54, 27, 74, 20, 45, 38, 3, 28, 87]",8.86,178.51999999999998,59.82572115384615,1.0924703906743953,209.52145528793335
114,3,"[81, 17, 28, 74, 38, 54, 27, 9, 45, 48]",8.73,192.24999999999997,59.264823717948715,0.97962287068367,219.88737297058105
115,4,"[62, 70, 94, 88, 86, 2, 80, 25, 7, 73]",8.25,206.85000000000002,58.79407051282051,1.046535244354835,221.49404525756836
116,1,"[14, 40, 79, 90, 44, 26, 21, 57, 15, 37]",9.09,139.28,50.100160256410255,1.0900083810855181,225.0587556362152
117,0,"[69, 32, 72, 98, 29, 58, 11, 52, 77, 42]",8.45,159.29,54.216746794871796,1.0720669306241548,225.76319217681885
118,2,"[39, 18, 64, 0, 82, 16, 59, 36, 46, 84]",7.89,186.08999999999997,62.77043269230769,0.9691685499289097,226.36819076538086
120,4,"[86, 62, 88, 67, 7, 76, 25, 35, 75, 43]",7.14,218.99,61.85897435897436,0.9901428803419455,230.7660892009735
121,1,"[57, 26, 56, 71, 90, 14, 13, 44, 4, 5]",9.05,153.33,55.939503205128204,1.0517088900773952,232.19466400146484
122,2,"[60, 24, 18, 84, 36, 19, 41, 82, 97, 78]",8.68,199.76999999999998,58.45352564102564,1.1247261586861732,234.02276754379272
125,3,"[27, 87, 38, 81, 74, 28, 65, 48, 45, 20]",8.74,205.98999999999998,60.30649038461539,1.0184263059726129,240.32890582084656
126,1,"[44, 90, 13, 15, 79, 14, 26, 49, 66, 57]",8.97,167.3,55.989583333333336,1.2479154223050826,241.45170974731445
127,2,"[95, 60, 46, 0, 64, 89, 23, 84, 19, 78]",7.95,212.71999999999997,50.651041666666664,1.2453425832283802,242.9653561115265
128,0,"[68, 58, 1, 83, 34, 77, 32, 29, 33, 52]",7.61,171.9,64.15264423076923,0.9468730176106478,243.7886688709259
129,4,"[53, 88, 75, 80, 86, 94, 35, 67, 51, 92]",8.01,232.0,55.79927884615385,1.2200802534054487,246.23150777816772
130,3,"[45, 30, 54, 93, 96, 47, 81, 27, 87, 38]",8.83,219.82,53.10496794871795,1.1186843025378692,249.95640754699707
133,2,"[36, 19, 24, 46, 95, 82, 23, 89, 84, 59]",7.67,225.38999999999996,57.7724358974359,0.9845772377955608,251.7873556613922
134,4,"[94, 51, 76, 25, 62, 86, 70, 12, 35, 73]",8.23,245.23,60.837339743589745,1.0219776607476747,255.7239453792572
135,3,"[93, 45, 9, 30, 17, 38, 54, 28, 96, 48]",8.74,233.56,48.547676282051285,1.248696356247633,258.9662489891052
136,0,"[98, 1, 10, 68, 77, 72, 34, 69, 83, 29]",7.9,184.8,56.31009615384615,1.1267333282874181,259.79536294937134
137,1,"[56, 44, 26, 66, 21, 71, 99, 79, 15, 49]",9.07,181.37,65.3545673076923,0.9048420809782468,260.5700030326843
139,2,"[39, 64, 19, 18, 60, 95, 85, 16, 78, 63]",7.96,238.34999999999997,66.29607371794872,0.906213627411769,265.16012930870056
140,3,"[9, 8, 27, 45, 87, 30, 93, 74, 48, 20]",8.73,247.29,58.38341346153846,1.0851860764699104,265.86301445961
141,0,"[11, 32, 50, 98, 77, 1, 29, 69, 52, 33]",7.62,197.42000000000002,57.84254807692308,1.001450994075873,267.5840473175049
142,1,"[5, 49, 57, 90, 99, 37, 44, 21, 4, 26]",8.96,195.33,60.857371794871796,0.9727335618092463,269.32211208343506
143,4,"[86, 12, 94, 73, 51, 43, 76, 70, 7, 92]",8.24,258.47,64.453125,0.9278736359033829,270.74918818473816
144,2,"[41, 16, 36, 97, 85, 63, 18, 89, 82, 22]",8.66,252.00999999999996,59.39503205128205,0.9889798790980608,274.845183134079
146,0,"[52, 34, 10, 42, 69, 83, 11, 68, 50, 98]",8.36,210.78000000000003,48.21714743589744,1.275815526644389,276.80552077293396
147,1,"[57, 71, 31, 90, 44, 49, 79, 56, 4, 5]",8.63,208.96,57.36177884615385,0.9941609417780851,278.0961034297943
148,4,"[53, 43, 67, 2, 62, 51, 7, 25, 75, 94]",6.14,269.61,65.14423076923077,0.8989271085995895,280.4061908721924
149,2,"[84, 16, 23, 64, 78, 63, 39, 89, 41, 24]",8.67,265.67999999999995,57.83253205128205,0.9717640387706268,284.3590052127838
151,0,"[77, 55, 68, 52, 32, 83, 34, 29, 98, 72]",7.94,223.72000000000003,59.875801282051285,1.058558042996969,286.2995226383209
153,1,"[21, 40, 4, 15, 71, 79, 57, 37, 66, 13]",8.72,222.68,67.25761217948718,0.8823254704475403,289.6906957626343
156,3,"[47, 65, 81, 45, 54, 93, 91, 38, 3, 30]",8.85,261.14,63.48157051282051,0.9657694529264401,294.8982195854187
157,4,"[94, 86, 35, 80, 62, 53, 43, 75, 92, 70]",8.03,282.64,61.87900641025641,1.0197881658871968,296.6289987564087
158,1,"[99, 5, 14, 26, 44, 79, 15, 66, 90, 13]",8.94,236.62,69.5713141025641,0.8708579975825089,298.9695727825165
159,2,"[16, 24, 39, 82, 22, 41, 63, 64, 97, 0]",8.67,279.34999999999997,58.02283653846154,1.0819007089504828,301.91047382354736
160,0,"[72, 11, 1, 50, 34, 69, 68, 32, 10, 77]",7.87,236.59000000000003,58.35336538461539,1.0076710505363269,302.74343514442444
161,3,"[17, 20, 81, 45, 38, 28, 65, 30, 54, 96]",8.39,274.53,62.46995192307692,0.9320058532250233,303.47786021232605
162,4,"[92, 75, 70, 86, 76, 62, 2, 67, 7, 25]",7.51,295.15,64.7235576923077,0.8700843071326231,304.91157722473145
163,1,"[56, 37, 79, 71, 31, 5, 40, 4, 26, 21]",9.21,250.83,54.87780448717949,1.1184493952836745,308.2576024532318
164,2,"[60, 63, 46, 24, 36, 97, 84, 61, 0, 23]",9.07,293.41999999999996,61.067708333333336,1.0948819059592028,310.9851293563843
165,0,"[34, 32, 10, 83, 1, 33, 98, 55, 50, 58]",5.68,247.27000000000004,67.1474358974359,0.8713823579824888,312.2652235031128
167,4,"[53, 86, 35, 94, 92, 70, 88, 80, 75, 2]",8.03,308.17999999999995,62.94070512820513,1.0771482212421222,314.5333688259125
168,1,"[13, 44, 37, 90, 5, 56, 26, 79, 4, 49]",9.04,264.87,63.541666666666664,0.89515814720056,317.4697940349579
169,2,"[89, 95, 41, 36, 18, 61, 19, 78, 85, 84]",9.14,307.55999999999995,53.07491987179487,1.1196950758114839,319.9106373786926
170,0,"[42, 1, 10, 34, 52, 68, 50, 58, 83, 29]",8.35,260.62,56.48036858974359,1.019206167031557,320.6530923843384
171,4,"[35, 25, 7, 67, 75, 53, 2, 86, 43, 12]",6.41,319.59,59.61538461538461,0.9960985542872013,321.56648993492126
172,3,"[81, 54, 93, 20, 96, 3, 9, 38, 45, 27]",8.39,287.91999999999996,64.31290064102564,0.9790668655664493,324.2952814102173
173,1,"[66, 90, 15, 56, 14, 40, 37, 49, 13, 5]",8.88,278.75,60.056089743589745,1.0586321705426924,327.1347999572754
174,2,"[84, 59, 97, 41, 85, 0, 60, 39, 82, 89]",8.66,321.21999999999997,62.19951923076923,1.0516460942916381,328.4623727798462
175,0,"[69, 68, 6, 33, 42, 32, 50, 34, 52, 55]",8.34,273.96,65.90544871794872,0.9580432925468836,329.1854090690613
176,4,"[94, 75, 73, 25, 70, 86, 53, 2, 67, 62]",8.22,332.81,68.93028846153847,0.8602402149102627,330.8098564147949
177,3,"[45, 3, 8, 47, 91, 20, 27, 65, 28, 9]",8.86,301.78,62.9306891025641,0.9167802884028509,333.9472508430481
178,1,"[13, 71, 37, 44, 40, 49, 26, 90, 5, 21]",9.07,292.82,68.03886217948718,0.9713539901452187,336.88942432403564
180,2,"[63, 18, 22, 36, 60, 82, 59, 95, 84, 24]",5.81,332.03,59.064503205128204,1.0304566163283129,338.06533312797546
181,4,"[35, 76, 25, 86, 67, 51, 94, 2, 43, 88]",7.13,344.94,57.86258012820513,1.0489323804011712,339.80989503860474
182,3,"[8, 81, 45, 30, 48, 17, 47, 74, 91, 20]",8.89,315.66999999999996,64.29286858974359,0.9492175838886163,343.6502184867859
183,1,"[66, 40, 21, 13, 31, 79, 90, 15, 44, 26]",9.06,306.88,65.60496794871794,0.8768096917714828,345.88658571243286
184,0,"[42, 68, 52, 98, 83, 1, 29, 55, 58, 50]",8.36,287.32,64.87379807692308,0.9526004607860858,347.1538872718811
186,2,"[22, 16, 95, 41, 64, 19, 82, 36, 63, 39]",8.67,345.7,64.71354166666667,0.8977464689658239,349.1695647239685
187,3,"[3, 38, 91, 17, 74, 27, 47, 48, 65, 20]",8.91,329.58,62.46995192307692,1.0326621861029894,352.9068100452423
188,1,"[13, 40, 44, 57, 99, 14, 66, 37, 21, 49]",8.72,320.6,61.047676282051285,1.100165340380791,354.3321988582611
189,0,"[11, 69, 98, 83, 1, 55, 10, 33, 52, 58]",7.61,299.93,66.54647435897436,0.9023590179590079,355.16628432273865
190,4,"[2, 62, 35, 88, 92, 86, 75, 12, 7, 94]",7.39,357.33,60.94751602564103,1.04818650163137,356.9032344818115
191,2,"[89, 97, 85, 0, 16, 46, 36, 22, 60, 41]",8.65,359.34999999999997,53.515625,1.0659006902804742,358.42889404296875
192,3,"[74, 96, 30, 48, 17, 47, 27, 38, 93, 65]",8.9,343.47999999999996,62.98076923076923,0.9039445848037035,362.672744512558
194,1,"[44, 31, 13, 66, 71, 49, 15, 99, 26, 5]",8.95,334.55,59.61538461538461,0.9796445400286944,364.0596101284027
196,4,"[80, 12, 92, 70, 67, 88, 7, 76, 35, 94]",8.06,370.39,63.14102564102564,0.8586105398642712,367.9404146671295
197,3,"[20, 3, 48, 30, 47, 93, 9, 96, 74, 65]",8.92,357.4,62.51001602564103,1.0253398792865949,371.07939624786377
198,0,"[34, 77, 68, 32, 10, 69, 6, 50, 33, 55]",5.74,310.67,62.84054487179487,0.968954174946516,372.32012152671814
199,1,"[5, 56, 37, 26, 99, 57, 31, 66, 44, 14]",9.04,348.59000000000003,66.20592948717949,0.8770751143113161,373.35549306869507
201,2,"[63, 89, 0, 16, 64, 60, 61, 19, 36, 59]",9.1,373.45,62.40985576923077,0.9068968632282355,377.4160010814667
202,3,"[93, 91, 47, 54, 45, 30, 38, 81, 28, 8]",8.83,371.22999999999996,59.475160256410255,0.9679096402266086,379.5277056694031
203,0,"[42, 69, 50, 33, 72, 68, 34, 6, 11, 83]",8.38,324.05,59.94591346153846,0.9699112948698875,380.658314704895
206,1,"[14, 66, 79, 31, 40, 4, 49, 44, 37, 15]",8.72,362.31000000000006,69.59134615384616,0.8309985001881918,384.9605567455292
207,3,"[65, 8, 45, 91, 48, 93, 87, 38, 17, 9]",8.73,384.96,56.63060897435897,1.007276868973023,388.6089541912079
211,1,"[57, 14, 44, 99, 21, 79, 15, 66, 13, 31]",7.15,374.46000000000004,66.2860576923077,0.8807499026640867,394.32141971588135
212,3,"[47, 93, 9, 8, 20, 91, 54, 45, 3, 96]",8.84,398.79999999999995,63.92227564102564,0.8643090281731043,397.16663432121277
213,0,"[77, 42, 32, 83, 69, 68, 34, 29, 98, 6]",8.36,337.41,62.03926282051282,0.9861336686672308,398.4973883628845
216,1,"[31, 57, 4, 37, 79, 13, 15, 49, 56, 21]",8.65,388.11,67.3076923076923,0.8871654600669177,403.3152005672455
217,3,"[27, 20, 54, 30, 48, 8, 28, 81, 3, 65]",8.75,412.54999999999995,67.3076923076923,0.8887436573322003,406.163690328598
218,0,"[29, 58, 69, 55, 52, 72, 68, 42, 33, 50]",8.41,350.82000000000005,66.015625,0.8602812412457589,407.29222655296326
219,4,"[12, 94, 92, 88, 51, 7, 73, 75, 43, 86]",8.23,383.62,59.59535256410256,1.0275208468620594,410.0380482673645
221,2,"[82, 16, 84, 97, 85, 46, 19, 61, 23, 64]",9.1,387.55,60.92748397435897,0.9836840996375451,412.6176106929779
222,3,"[96, 20, 9, 27, 81, 30, 54, 45, 65, 74]",8.37,425.91999999999996,53.595753205128204,1.1456351318420508,415.1664400100708
223,0,"[33, 10, 98, 77, 68, 69, 11, 32, 83, 50]",6.14,361.96000000000004,65.8954326923077,0.8885497993383652,415.8993515968323
224,4,"[73, 2, 43, 35, 67, 70, 51, 7, 12, 92]",8.24,396.86,62.47996794871795,0.9196640321841607,419.776517868042
226,2,"[18, 78, 24, 60, 61, 63, 46, 23, 64, 22]",9.09,401.64,71.25400641025641,0.7983292715671735,421.9376654624939
227,3,"[9, 87, 27, 8, 30, 48, 81, 65, 38, 74]",8.73,439.65,66.18589743589743,0.9094880276765579,424.50047850608826
229,4,"[88, 67, 7, 53, 51, 92, 2, 75, 25, 35]",7.38,409.24,65.17427884615384,0.935904344687095,428.98369312286377
230,1,"[79, 14, 49, 57, 5, 15, 44, 56, 40, 31]",8.91,402.02000000000004,61.93910256410256,1.0591909396342742,429.60837721824646
231,2,"[24, 22, 39, 41, 46, 19, 0, 64, 59, 97]",8.67,415.31,67.20753205128206,0.8207099498846592,431.4341459274292
232,3,"[9, 65, 87, 48, 3, 27, 20, 96, 17, 74]",8.74,453.39,65.21434294871794,0.8934257374360011,432.9572925567627
233,0,"[68, 77, 11, 10, 34, 69, 58, 32, 42, 50]",8.34,375.3,67.01722756410257,0.8742947991077716,433.77990341186523
234,4,"[67, 25, 75, 2, 43, 12, 88, 94, 53, 80]",8.0,422.24,67.5380608974359,0.8431294484016223,438.4212386608124
235,1,"[13, 57, 14, 31, 26, 40, 66, 37, 5, 56]",9.21,416.23,61.227964743589745,0.9773987768552242,439.2436611652374
236,2,"[41, 46, 36, 95, 23, 18, 78, 19, 39, 63]",8.68,428.99,67.15745192307692,0.7985411767776196,440.8720407485962
237,3,"[20, 38, 8, 81, 48, 93, 91, 87, 74, 65]",8.72,467.11,64.64342948717949,0.9334297944337894,441.4970967769623
238,0,"[11, 83, 33, 68, 34, 98, 77, 32, 69, 58]",6.14,386.44,63.201121794871796,0.8745606511067121,442.42106223106384
239,4,"[94, 70, 92, 35, 53, 7, 80, 75, 88, 86]",8.03,435.27,65.7051282051282,0.910535277464451,447.83023858070374
241,2,"[41, 18, 89, 95, 78, 60, 63, 16, 36, 82]",8.67,442.66,61.848958333333336,0.9135386523527976,450.5620665550232
246,2,"[95, 85, 22, 46, 18, 89, 59, 41, 97, 78]",8.66,456.32000000000005,56.10977564102564,0.9977944867733197,460.36801981925964
249,4,"[43, 73, 92, 67, 51, 80, 75, 94, 70, 86]",8.26,448.53,59.20472756410256,0.9845092648114914,466.1445007324219
250,2,"[23, 63, 16, 61, 59, 36, 95, 41, 60, 84]",9.11,470.43000000000006,68.7099358974359,0.8062983682522407,466.87401390075684
254,4,"[86, 51, 53, 35, 12, 7, 94, 76, 62, 70]",7.33,460.85999999999996,64.1025641025641,0.8848843093101795,472.5113527774811
255,2,"[63, 59, 0, 61, 16, 60, 78, 95, 19, 24]",9.09,484.52000000000004,58.693910256410255,1.1356211923635924,476.05848121643066
256,1,"[37, 5, 49, 13, 15, 31, 57, 4, 79, 21]",7.7,428.93,68.05889423076923,0.8147798073597443,477.2824993133545
257,0,"[72, 34, 11, 55, 68, 42, 32, 6, 29, 50]",8.4,399.84,65.52483974358974,0.8626956924414023,477.8966646194458
258,3,"[96, 3, 9, 93, 38, 17, 65, 91, 81, 45]",8.4,480.51,68.19911858974359,0.8252739447813767,479.8204998970032
259,4,"[80, 94, 67, 75, 62, 92, 51, 12, 25, 88]",8.01,473.86999999999995,62.42988782051282,0.9729058360442137,481.78289580345154
262,0,"[10, 42, 69, 68, 34, 50, 77, 33, 29, 11]",8.34,413.17999999999995,64.82371794871794,0.825601421105556,487.34405541419983
263,3,"[54, 81, 8, 96, 48, 20, 93, 3, 27, 91]",8.73,494.24,66.82692307692308,0.8263633595063136,488.06021332740784
264,4,"[35, 7, 67, 86, 73, 76, 12, 80, 53, 70]",8.27,487.13999999999993,64.36298076923077,0.8910305622296456,490.2940995693207
265,2,"[36, 22, 41, 61, 0, 59, 97, 85, 18, 46]",9.11,498.63000000000005,67.43790064102564,0.8525265256563822,493.1414620876312
266,0,"[1, 69, 10, 52, 50, 33, 83, 68, 72, 55]",7.9,426.0799999999999,69.58133012820512,0.8309965041967539,495.6789331436157
269,4,"[12, 88, 73, 94, 62, 80, 76, 75, 92, 2]",8.26,500.3999999999999,64.20272435897436,0.9221623272467883,499.98900413513184
270,2,"[39, 16, 89, 24, 41, 59, 95, 46, 22, 78]",8.66,512.2900000000001,64.20272435897436,0.8979402322035569,502.1275489330292
271,0,"[33, 55, 83, 29, 11, 6, 10, 72, 69, 58]",7.88,438.9599999999999,61.69871794871795,0.9517403711111118,505.166433095932
275,2,"[39, 89, 16, 18, 60, 59, 78, 23, 0, 85]",6.34,523.6300000000001,63.83213141025641,0.8935012985498477,511.1405551433563
280,2,"[64, 78, 60, 82, 19, 39, 85, 63, 84, 41]",8.68,537.3100000000001,69.4110576923077,0.7972124776779077,519.3633444309235
281,0,"[98, 33, 52, 72, 42, 10, 1, 34, 6, 32]",8.42,452.37999999999994,67.25761217948718,0.8594697920175699,523.489089012146
285,3,"[48, 65, 54, 74, 91, 27, 9, 30, 96, 81]",8.73,507.97,67.68830128205128,0.8828586874864041,527.8788211345673
286,0,"[58, 29, 10, 50, 42, 33, 52, 32, 77, 69]",8.36,465.73999999999995,64.16266025641026,0.8640718742822989,532.317658662796
290,3,"[96, 74, 8, 20, 9, 17, 54, 47, 27, 48]",8.88,521.85,68.32932692307692,0.8112018773188958,536.7425594329834
291,0,"[69, 34, 83, 50, 58, 98, 77, 11, 32, 72]",7.89,478.62999999999994,66.6766826923077,0.8447278248958099,541.0794303417206
292,4,"[51, 7, 94, 92, 43, 35, 62, 88, 75, 53]",7.38,512.78,63.35136217948718,0.9409550130367279,544.2184925079346
293,1,"[5, 44, 13, 90, 99, 37, 71, 26, 15, 56]",9.01,442.94,60.78725961538461,1.1203767214065943,545.3880679607391
296,3,"[9, 47, 48, 96, 45, 74, 20, 87, 91, 93]",8.89,535.74,68.46955128205128,0.8376677242609171,549.6964597702026
297,4,"[76, 43, 80, 73, 53, 2, 86, 92, 67, 51]",8.26,526.04,68.0889423076923,0.8394224872955909,554.032844543457
301,3,"[65, 87, 8, 17, 20, 81, 9, 96, 27, 93]",7.02,547.76,61.2880608974359,0.9699545953518305,558.5298266410828
302,4,"[67, 86, 51, 25, 12, 76, 7, 53, 80, 73]",8.25,539.29,63.91225961538461,0.8758609761030246,563.780520439148
306,3,"[81, 30, 54, 45, 74, 8, 48, 3, 9, 93]",8.74,561.5,67.05729166666667,0.8830732374619215,567.3331973552704
307,4,"[67, 75, 86, 76, 92, 51, 94, 7, 12, 43]",7.44,551.73,62.600160256410255,0.9921454389890035,572.7810432910919
311,3,"[3, 9, 54, 87, 74, 17, 81, 45, 27, 96]",8.39,574.89,69.24078525641026,0.8054419037623283,575.9638319015503
312,4,"[70, 7, 2, 12, 88, 94, 75, 67, 35, 25]",7.25,563.98,68.02884615384616,0.7869083476372254,581.3095757961273
313,0,"[10, 55, 34, 1, 32, 6, 83, 52, 69, 98]",7.61,491.23999999999995,65.9354967948718,0.8435770303775103,582.8369679450989
314,1,"[79, 5, 44, 15, 40, 26, 13, 56, 49, 66]",9.2,457.14,68.24919871794872,0.7956864887323135,584.2669034004211
315,2,"[89, 18, 63, 97, 78, 59, 22, 23, 60, 95]",6.33,548.6400000000001,67.07732371794872,0.8832194086832877,584.955429315567
317,3,"[28, 87, 54, 93, 8, 3, 74, 9, 48, 27]",8.73,588.62,69.34094551282051,0.785984551295256,590.235836982727
318,0,"[69, 10, 11, 72, 50, 42, 1, 52, 68, 98]",8.41,504.65,69.13060897435898,0.7668527143123822,592.1737194061279
322,3,"[27, 87, 54, 20, 30, 3, 45, 48, 8, 17]",8.75,602.37,63.81209935897436,0.9029622001525683,599.2910718917847
323,0,"[69, 72, 32, 29, 6, 55, 58, 34, 1, 83]",7.87,517.52,66.98717948717949,0.8209623931310116,600.515186548233
324,1,"[40, 13, 21, 37, 31, 71, 90, 26, 5, 14]",9.07,471.21,72.12540064102564,0.7611952041968321,601.935714006424
325,4,"[75, 35, 73, 25, 43, 86, 53, 7, 92, 94]",8.23,577.21,68.359375,0.7831348471152477,604.624162197113
327,3,"[45, 28, 81, 47, 91, 27, 38, 54, 48, 20]",8.89,616.26,66.37620192307692,0.8861336432970487,606.072457075119
328,0,"[83, 50, 52, 11, 6, 32, 77, 29, 55, 34]",7.61,530.13,67.56810897435898,0.8643684050975702,610.0167224407196
329,1,"[79, 57, 14, 40, 99, 15, 5, 4, 66, 26]",9.1,485.31,70.45272435897436,0.8129360989118234,610.6967558860779
330,4,"[62, 73, 75, 92, 2, 51, 80, 67, 94, 25]",8.25,590.46,71.55448717948718,0.7391887268958948,613.8266913890839
331,2,"[89, 41, 85, 82, 18, 78, 23, 22, 84, 46]",8.66,562.3000000000001,72.87660256410257,0.748745607259946,614.5421214103699
332,3,"[81, 17, 20, 3, 27, 28, 47, 30, 54, 65]",8.86,630.12,71.0136217948718,0.7572049292234274,615.2406666278839
333,0,"[58, 6, 29, 69, 32, 72, 34, 83, 50, 10]",7.88,543.01,66.8770032051282,0.8891826172669729,618.3653335571289
334,4,"[43, 75, 67, 70, 62, 76, 80, 92, 53, 88]",8.04,603.5,67.1875,0.8066853942015232,619.7993485927582
335,1,"[49, 31, 14, 44, 13, 4, 21, 37, 56, 66]",8.64,498.95,67.05729166666667,0.8009513677694858,620.719954252243
336,2,"[36, 22, 19, 16, 41, 60, 61, 97, 78, 18]",9.14,576.44,66.49639423076923,0.8619646812096621,623.808732509613
338,3,"[17, 47, 27, 74, 38, 48, 9, 3, 87, 91]",8.89,644.01,68.22916666666667,0.8617817461490631,627.0492889881134
341,1,"[49, 79, 37, 13, 99, 26, 5, 57, 40, 71]",9.09,513.04,65.29447115384616,0.8631856976411282,632.8892757892609
343,3,"[45, 17, 96, 48, 30, 93, 9, 81, 65, 54]",8.74,657.75,70.9735576923077,0.8384952522241153,635.9381241798401
344,4,"[86, 7, 35, 51, 62, 43, 70, 53, 80, 94]",8.01,616.51,70.08213141025641,0.7800966562368931,638.663334608078
345,2,"[59, 82, 41, 18, 60, 78, 63, 39, 61, 89]",9.12,590.5600000000001,64.95392628205128,0.9127840392100506,639.694169998169
347,0,"[32, 55, 77, 34, 6, 11, 58, 10, 68, 72]",7.88,555.89,67.56810897435898,0.7998377955876864,642.121267080307
348,3,"[65, 74, 8, 93, 45, 48, 3, 28, 20, 96]",8.77,671.52,65.9354967948718,0.8331217399010291,644.7493863105774
351,2,"[97, 89, 0, 85, 64, 39, 36, 16, 41, 78]",8.67,604.23,66.4463141025641,0.9369924374115772,649.1777493953705
352,1,"[79, 49, 56, 44, 71, 15, 14, 5, 4, 13]",8.64,526.68,69.62139423076923,0.7961963147689135,651.6151008605957
353,3,"[91, 65, 96, 54, 30, 17, 81, 27, 9, 20]",7.24,683.76,69.53125,0.7683372658032638,653.5619325637817
354,4,"[67, 12, 73, 80, 70, 35, 88, 53, 25, 86]",8.25,629.76,68.21915064102564,0.8174548684022366,655.9988355636597
355,0,"[55, 77, 50, 10, 29, 11, 52, 42, 69, 72]",8.42,569.31,70.25240384615384,0.7847188008137238,656.7212183475494
356,2,"[85, 64, 24, 36, 39, 82, 41, 97, 22, 60]",8.66,617.89,68.6698717948718,0.783510032372597,658.446564912796
359,4,"[53, 92, 7, 43, 51, 76, 12, 2, 80, 94]",8.03,642.79,68.10897435897436,0.8774617811044058,665.0893504619598
361,2,"[16, 95, 78, 36, 85, 97, 19, 61, 23, 59]",9.09,631.98,67.05729166666667,0.8509857807403955,668.2556586265564
362,1,"[4, 49, 90, 66, 56, 37, 13, 40, 5, 44]",8.88,540.56,71.25400641025641,0.7742218902477851,670.3329300880432
364,4,"[25, 43, 35, 86, 92, 94, 2, 88, 51, 76]",7.42,655.2099999999999,66.85697115384616,0.8433208305102128,671.7715961933136
365,2,"[63, 89, 82, 78, 64, 22, 85, 97, 95, 19]",7.94,644.9200000000001,68.18910256410257,0.7872621990167178,673.5037767887115
366,0,"[68, 72, 69, 33, 32, 50, 10, 77, 55, 52]",7.91,582.2199999999999,67.1073717948718,0.8350324080540583,678.1921739578247
370,4,"[80, 88, 73, 12, 94, 67, 7, 2, 62, 70]",8.25,668.4599999999999,68.88020833333333,0.8007803253638439,681.6735458374023
371,0,"[6, 50, 72, 77, 29, 42, 1, 98, 33, 10]",8.42,595.6399999999999,65.33453525641026,1.0088302928667803,687.4290347099304
372,1,"[99, 57, 4, 71, 66, 44, 37, 15, 90, 49]",7.71,553.27,61.999198717948715,1.0515523614027562,688.9639372825623
376,4,"[86, 7, 67, 76, 12, 75, 80, 70, 73, 51]",8.27,681.7299999999999,65.61498397435898,0.9371298505709722,696.9507014751434
381,3,"[87, 47, 65, 91, 20, 81, 28, 9, 38, 30]",8.83,697.59,69.00040064102564,0.8252550287124438,706.3913099765778
382,1,"[44, 99, 26, 21, 31, 37, 66, 56, 15, 49]",9.05,567.3199999999999,68.0889423076923,0.8310165374706953,708.0706307888031
384,0,"[72, 77, 69, 29, 50, 42, 10, 32, 83, 55]",8.41,609.0499999999998,69.48116987179488,0.7737908768348205,709.2657704353333
386,3,"[28, 17, 81, 30, 96, 91, 93, 38, 27, 20]",8.04,710.63,69.87179487179488,0.7900414084776853,714.787011384964
387,1,"[14, 15, 99, 56, 21, 71, 66, 37, 57, 13]",8.64,580.9599999999999,69.52123397435898,0.7857823646985568,716.8216972351074
388,4,"[25, 7, 80, 92, 94, 73, 2, 51, 53, 88]",8.25,694.9799999999999,67.42788461538461,0.8351302032287304,717.5379605293274
389,0,"[1, 69, 52, 68, 10, 33, 55, 11, 72, 42]",8.4,622.4499999999998,72.31570512820512,0.720464438964159,718.3460447788239
390,3,"[74, 27, 48, 93, 20, 91, 38, 30, 9, 65]",8.73,724.36,69.53125,0.7736886663314624,718.9824650287628
391,2,"[97, 36, 16, 19, 63, 41, 23, 60, 46, 39]",8.66,658.58,71.4042467948718,0.769304999938378,724.3229053020477
392,1,"[40, 71, 4, 49, 21, 44, 5, 26, 99, 15]",9.09,595.05,64.60336538461539,0.840253078020536,725.451858997345
393,4,"[53, 94, 67, 35, 75, 92, 2, 62, 51, 70]",7.44,707.42,64.62339743589743,0.9329540225175711,726.4779393672943
394,0,"[50, 11, 58, 77, 68, 32, 72, 10, 29, 1]",7.89,635.3399999999998,69.51121794871794,0.7857664296260247,727.3085632324219
395,3,"[38, 54, 9, 48, 93, 30, 45, 17, 87, 81]",8.73,738.09,62.8505608974359,0.9039223308746631,728.7404415607452
396,2,"[97, 84, 64, 18, 78, 63, 16, 82, 85, 39]",7.9,671.48,68.69991987179488,0.8140201140672733,734.1069819927216
398,1,"[44, 21, 66, 99, 37, 90, 71, 49, 56, 15]",8.62,608.67,67.11738782051282,0.8235347867012024,735.4270489215851
399,0,"[33, 50, 52, 83, 77, 1, 58, 6, 69, 72]",7.91,648.2499999999998,66.38621794871794,0.8118662161704822,736.6594295501709
400,3,"[20, 54, 9, 45, 27, 87, 17, 74, 28, 47]",8.84,751.9300000000001,68.22916666666667,0.8046566454263834,738.4872372150421
401,2,"[59, 60, 63, 95, 85, 18, 22, 97, 16, 82]",5.78,682.26,68.45953525641026,0.8202838744872656,742.9412643909454
402,4,"[75, 80, 73, 67, 35, 43, 62, 53, 88, 7]",8.24,720.66,67.77844551282051,0.8168326356472113,744.4261810779572
404,0,"[50, 33, 32, 58, 68, 83, 42, 77, 6, 69]",8.34,661.5899999999998,67.37780448717949,0.8412135732479584,745.6723082065582
405,3,"[38, 17, 20, 9, 27, 28, 30, 96, 54, 48]",8.73,765.6600000000001,69.48116987179488,0.7667024555878762,747.7124872207642
406,2,"[82, 24, 16, 22, 78, 41, 36, 46, 97, 63]",8.66,695.92,71.2139423076923,0.7871523281702628,750.6566019058228
407,4,"[7, 88, 94, 12, 76, 70, 2, 75, 51, 86]",7.31,732.9699999999999,71.4042467948718,0.7952932073519781,753.0004692077637
408,0,"[55, 68, 72, 33, 58, 11, 52, 50, 6, 42]",8.4,674.9899999999998,67.97876602564102,0.8477193621488718,753.6712527275085
409,1,"[90, 37, 99, 15, 5, 40, 49, 57, 14, 44]",8.69,622.36,72.28565705128206,0.7394568782586318,755.1844296455383
410,3,"[48, 38, 30, 81, 28, 91, 8, 9, 20, 3]",8.74,779.4000000000001,68.49959935897436,0.771811965184334,757.4299583435059
411,2,"[82, 78, 22, 60, 36, 39, 24, 46, 64, 16]",7.89,708.81,65.29447115384616,0.8493874523884211,759.7251539230347
413,0,"[33, 10, 6, 68, 32, 55, 77, 42, 1, 58]",8.34,688.3299999999998,70.71314102564102,0.7428738849285321,763.1488626003265
414,1,"[21, 40, 5, 4, 15, 90, 57, 79, 99, 66]",8.7,636.0600000000001,65.9354967948718,0.8561198581487705,764.4800751209259
415,3,"[38, 20, 65, 54, 9, 30, 45, 74, 91, 28]",8.38,792.7800000000001,62.47996794871795,0.8594501637495481,766.7168052196503
416,2,"[64, 46, 24, 59, 95, 61, 16, 36, 85, 18]",9.08,722.89,71.04366987179488,0.7383533349403968,768.3485295772552
417,4,"[25, 94, 88, 35, 92, 80, 67, 62, 86, 43]",8.01,745.9799999999999,70.7832532051282,0.8177214899124243,769.080837726593
418,0,"[33, 11, 6, 68, 50, 58, 1, 83, 55, 77]",6.06,699.3899999999998,65.41466346153847,0.9034167123146546,772.6997976303101
419,1,"[66, 37, 44, 40, 71, 49, 99, 4, 15, 21]",8.72,649.7800000000001,67.07732371794872,0.7830351384786459,773.9206938743591
420,3,"[20, 48, 45, 47, 74, 54, 17, 38, 30, 27]",8.9,806.6800000000001,74.18870192307692,0.7141844882414892,776.0441255569458
421,2,"[89, 36, 18, 22, 0, 24, 78, 63, 23, 84]",6.33,734.22,71.28405448717949,0.7350333294807336,777.3050191402435
423,0,"[6, 83, 32, 68, 42, 34, 1, 77, 52, 33]",8.35,712.7399999999998,70.91346153846153,0.795170586842757,782.3154006004333
424,1,"[26, 90, 15, 21, 71, 57, 37, 31, 5, 14]",8.96,663.7400000000001,72.48597756410257,0.7255423091925107,783.2186076641083
425,3,"[93, 17, 91, 27, 48, 87, 96, 30, 8, 20]",8.73,820.4100000000001,73.30729166666667,0.7097962040167588,785.3570363521576
426,2,"[41, 95, 18, 16, 89, 60, 82, 78, 39, 36]",8.67,747.89,60.33653846153846,0.9640092391234177,786.0926997661591
427,4,"[25, 88, 7, 53, 94, 76, 73, 67, 86, 35]",8.22,759.1999999999999,65.25440705128206,0.924590826798708,786.8263642787933
428,0,"[6, 10, 33, 77, 34, 11, 32, 29, 1, 68]",6.11,723.8499999999998,72.12540064102564,0.7319014011285244,791.9664011001587
429,1,"[90, 56, 79, 15, 49, 14, 4, 99, 71, 31]",8.64,677.3800000000001,72.50600961538461,0.7482558771585807,792.5914647579193
430,3,"[47, 74, 8, 48, 3, 30, 9, 17, 28, 38]",8.91,834.32,70.3525641025641,0.7753169039885203,794.1174564361572
433,0,"[1, 42, 68, 50, 10, 11, 32, 77, 33, 72]",8.4,737.2499999999998,73.8681891025641,0.7225900376454378,801.8825042247772
435,3,"[48, 65, 27, 20, 28, 93, 17, 54, 3, 45]",8.76,848.08,67.46794871794872,0.7760509153207144,803.2631320953369
437,2,"[82, 46, 60, 22, 18, 78, 59, 16, 64, 24]",7.9,760.79,67.58814102564102,0.8790518771379422,804.4095153808594
438,0,"[72, 98, 1, 77, 42, 69, 33, 83, 55, 68]",8.41,750.6599999999997,70.40264423076923,0.7841647756405365,811.1513495445251
439,1,"[44, 31, 40, 15, 99, 37, 14, 26, 71, 66]",9.07,691.4500000000002,67.29767628205128,0.787392101990871,812.0603218078613
443,2,"[60, 46, 59, 19, 18, 0, 41, 63, 23, 97]",8.67,774.4599999999999,66.796875,0.8341851051037128,820.8946614265442
448,4,"[86, 53, 73, 75, 51, 12, 70, 67, 94, 80]",8.25,772.4499999999999,71.3641826923077,0.761887313463749,831.185418844223
453,4,"[75, 2, 67, 76, 51, 94, 7, 73, 62, 25]",8.22,785.67,68.0889423076923,0.8220133651525546,839.1462249755859
454,1,"[66, 49, 13, 26, 4, 15, 71, 44, 40, 90]",9.09,705.5400000000002,67.90865384615384,0.8163824394727365,840.7449870109558
458,4,"[67, 70, 51, 86, 43, 12, 88, 80, 35, 53]",8.01,798.68,67.56810897435898,0.8753119936356177,848.3998875617981
459,1,"[31, 71, 44, 37, 56, 57, 99, 49, 79, 66]",8.63,719.1700000000002,69.921875,0.7980152452603365,850.0420205593109
463,3,"[38, 48, 74, 81, 47, 45, 3, 54, 93, 8]",8.9,861.98,71.9150641025641,0.7184430658817291,857.921293258667
464,1,"[37, 90, 40, 4, 99, 57, 49, 44, 26, 13]",9.09,733.2600000000002,69.55128205128206,0.8387318971829537,858.9453701972961
465,0,"[6, 1, 32, 10, 34, 68, 33, 52, 77, 50]",7.6,763.2599999999998,71.70472756410257,0.7480754370872791,860.2371757030487
467,2,"[22, 18, 23, 61, 39, 85, 41, 64, 60, 16]",9.11,788.5699999999999,70.01201923076923,0.7407043308783801,861.2747194766998
468,3,"[27, 8, 54, 45, 30, 28, 47, 93, 48, 91]",8.9,875.88,66.53645833333333,0.8587732758277502,867.1153795719147
471,4,"[92, 88, 76, 7, 75, 43, 73, 62, 67, 86]",8.24,811.92,71.77483974358974,0.7091366866460214,870.0633103847504
472,2,"[84, 24, 97, 82, 23, 85, 0, 63, 59, 19]",7.66,801.2299999999999,69.73157051282051,0.7545467194838401,870.7882986068726
473,3,"[28, 20, 65, 74, 96, 8, 87, 9, 91, 45]",8.38,889.26,65.71514423076923,0.8038590229474581,876.3285930156708
477,1,"[5, 13, 37, 99, 90, 57, 21, 4, 14, 40]",8.7,746.9600000000003,70.36258012820512,0.7516733010609945,880.1020793914795
478,3,"[93, 9, 3, 38, 28, 91, 74, 54, 81, 87]",8.17,902.43,71.89503205128206,0.7160387803346683,884.8248982429504
481,2,"[19, 36, 59, 23, 16, 60, 46, 61, 84, 0]",9.08,815.31,69.89182692307692,0.8050828148157169,887.352525472641
482,1,"[13, 40, 31, 99, 5, 15, 71, 26, 44, 56]",9.17,761.1300000000002,71.12379807692308,0.758873679699042,889.5910065174103
483,3,"[17, 3, 20, 93, 27, 30, 81, 38, 54, 91]",8.14,915.5699999999999,69.07051282051282,0.799409303909693,893.0306415557861
484,4,"[86, 25, 80, 88, 43, 7, 35, 2, 76, 73]",8.25,825.17,68.2792467948718,0.9608108768096337,894.8979551792145
486,0,"[34, 10, 52, 58, 72, 32, 1, 77, 29, 98]",7.95,776.2099999999998,67.86858974358974,0.8639466349895184,896.9591789245605
487,1,"[99, 79, 21, 56, 13, 66, 15, 71, 49, 31]",8.64,774.7700000000002,68.76001602564102,0.7485828071068494,899.0933041572571
488,3,"[48, 54, 20, 27, 8, 38, 93, 96, 65, 47]",8.89,929.4599999999999,61.77884615384615,0.9891862502464881,901.9427018165588
489,4,"[86, 88, 70, 75, 67, 51, 80, 7, 43, 92]",8.03,838.1999999999999,65.49479166666667,0.8323370348184537,903.3694252967834
490,0,"[68, 11, 1, 10, 32, 42, 6, 50, 55, 69]",8.34,789.5499999999998,73.3173076923077,0.7035489770082327,904.1963062286377
491,2,"[61, 63, 36, 60, 23, 84, 97, 85, 0, 59]",9.07,829.38,64.34294871794872,0.9421243682885782,906.7647678852081
492,1,"[99, 31, 44, 56, 15, 57, 71, 26, 21, 5]",9.04,788.8100000000002,66.19591346153847,0.8338945416303781,908.5905287265778
493,3,"[20, 3, 65, 93, 30, 38, 27, 47, 48, 87]",8.92,943.3799999999999,70.22235576923077,0.7573095292617114,909.8191387653351
494,4,"[88, 86, 76, 92, 51, 73, 53, 75, 12, 7]",8.24,851.4399999999999,67.16746794871794,0.7679002903974973,911.8051717281342
495,0,"[58, 52, 98, 83, 34, 32, 33, 72, 50, 10]",7.93,802.4799999999998,73.57772435897436,0.7074381506595856,913.4279787540436
496,2,"[19, 23, 59, 22, 78, 60, 61, 85, 41, 24]",9.12,843.5,67.71834935897436,0.7823266799633319,916.0367341041565
497,1,"[79, 15, 49, 4, 31, 5, 90, 26, 57, 44]",8.96,802.7700000000002,70.02203525641026,0.7422229915093153,918.0592784881592
498,3,"[74, 38, 30, 9, 28, 87, 54, 65, 45, 8]",8.37,956.7499999999999,71.82491987179488,0.7282231602913294,918.6837408542633
499,4,"[80, 62, 73, 12, 53, 76, 7, 25, 88, 67]",8.25,864.6899999999999,69.75160256410257,0.7693826663188446,920.2479939460754
500,0,"[69, 50, 10, 68, 52, 34, 77, 98, 29, 11]",7.62,815.0999999999998,71.9150641025641,0.7184998331925808,923.0859820842743
501,2,"[16, 63, 82, 24, 61, 19, 36, 41, 84, 0]",9.12,857.62,65.79527243589743,0.8719914907064193,925.6713955402374
502,1,"[26, 66, 57, 56, 4, 49, 14, 71, 15, 5]",9.09,816.8600000000002,70.30248397435898,0.818006368019642,927.5220131874084
504,4,"[53, 35, 70, 94, 75, 76, 88, 51, 86, 12]",7.32,877.01,68.40945512820512,0.7626854081948599,928.7821843624115
505,0,"[11, 42, 34, 77, 72, 32, 33, 69, 52, 50]",8.41,828.5099999999998,66.4463141025641,0.8655768900345533,931.620792388916
506,2,"[84, 89, 39, 61, 60, 63, 18, 78, 24, 95]",9.08,871.7,67.28766025641026,0.8272631367047628,935.3493056297302
509,3,"[91, 30, 17, 74, 96, 54, 87, 9, 8, 3]",8.14,969.8899999999999,72.60616987179488,0.7607154571093045,937.7521636486053
510,0,"[52, 11, 32, 34, 42, 10, 69, 68, 77, 58]",8.35,841.8599999999998,71.85496794871794,0.7248234359117655,941.2891945838928
514,4,"[80, 2, 25, 43, 53, 94, 92, 51, 88, 12]",8.01,890.02,72.2255608974359,0.7134678111626551,946.6338489055634
515,3,"[81, 8, 9, 38, 54, 91, 28, 17, 47, 87]",8.81,983.6999999999998,74.5292467948718,0.6687955458958944,948.1409888267517
516,2,"[89, 41, 23, 39, 18, 59, 85, 84, 97, 46]",8.65,885.35,73.17708333333333,0.7043955398675723,953.9429502487183
518,0,"[69, 32, 50, 10, 52, 72, 83, 6, 11, 29]",7.91,854.7699999999998,68.60977564102564,0.823861226057395,955.0620033740997
519,1,"[57, 21, 71, 90, 37, 13, 31, 15, 99, 44]",7.24,829.1000000000003,74.18870192307692,0.6755049419708741,955.8972198963165
520,3,"[27, 96, 30, 47, 48, 74, 45, 3, 81, 93]",8.92,997.6199999999998,69.89182692307692,0.7755460784985468,957.8168675899506
521,2,"[22, 89, 97, 18, 78, 0, 23, 63, 84, 59]",6.33,896.6800000000001,72.16546474358974,0.821526343241716,962.7975957393646
523,4,"[53, 75, 12, 25, 7, 43, 76, 35, 88, 51]",7.14,902.16,71.25400641025641,0.7943599262298682,965.0379555225372
525,3,"[45, 20, 27, 3, 54, 65, 81, 96, 87, 9]",8.4,1011.0199999999998,69.59134615384616,0.7346130028749124,967.0516238212585
526,2,"[19, 36, 64, 85, 18, 78, 0, 59, 63, 23]",7.95,909.6300000000001,70.08213141025641,0.8656205718333905,971.2934100627899
527,0,"[98, 1, 34, 50, 83, 29, 11, 42, 68, 10]",8.35,868.1199999999998,72.83653846153847,0.7154358999851422,971.9367570877075
530,3,"[93, 30, 27, 74, 9, 54, 65, 3, 20, 87]",8.14,1024.1599999999999,64.7235576923077,0.9330920279026031,976.2703084945679
531,2,"[85, 22, 39, 18, 41, 97, 78, 24, 60, 82]",8.66,923.2900000000001,69.95192307692308,0.8809277384709089,977.7947154045105
532,0,"[55, 83, 42, 32, 72, 98, 29, 58, 50, 68]",8.42,881.5399999999997,71.1738782051282,0.817525660380339,980.7304563522339
533,4,"[53, 92, 67, 2, 76, 80, 70, 35, 25, 62]",8.05,915.2099999999999,72.5761217948718,0.7153224486571091,983.7804400920868
535,1,"[66, 71, 79, 14, 40, 5, 15, 37, 21, 49]",8.72,842.8200000000003,73.23717948717949,0.713468475983693,985.4869983196259
536,2,"[39, 78, 18, 97, 84, 89, 64, 63, 85, 23]",7.89,936.1800000000001,71.93509615384616,0.8237547163779919,986.291384935379
537,0,"[69, 55, 10, 58, 11, 33, 98, 34, 29, 32]",6.15,892.6899999999997,73.30729166666667,0.7457733987233578,988.8073079586029
538,4,"[67, 88, 76, 92, 73, 51, 7, 70, 62, 80]",8.28,928.4899999999999,74.4891826923077,0.6717083675739093,993.7898738384247
542,2,"[18, 63, 41, 89, 46, 97, 95, 0, 23, 19]",8.67,949.85,61.6786858974359,0.9324748844672472,997.4273118972778
543,4,"[43, 73, 35, 62, 92, 7, 75, 2, 94, 51]",8.22,941.7099999999999,68.73998397435898,0.764157731563617,1002.7657115459442
547,2,"[18, 84, 19, 78, 22, 60, 97, 16, 24, 46]",7.69,962.5400000000001,74.06850961538461,0.6938478847344717,1006.2653181552887
548,4,"[76, 53, 70, 92, 51, 73, 43, 35, 7, 67]",8.24,954.9499999999999,71.80488782051282,0.6997677320853258,1012.5831434726715
553,4,"[70, 2, 75, 67, 7, 25, 62, 76, 51, 53]",7.31,967.2599999999999,64.3329326923077,0.880070936985505,1022.1449694633484
558,4,"[35, 25, 43, 80, 53, 88, 51, 7, 62, 76]",8.01,980.2699999999999,69.74158653846153,0.7537681712554052,1029.3148369789124
559,0,"[1, 33, 72, 10, 77, 50, 11, 42, 52, 34]",8.41,906.0999999999997,71.08373397435898,0.7625356553456722,1031.4457159042358
560,2,"[97, 85, 16, 24, 46, 22, 18, 36, 23, 95]",5.73,973.2700000000001,67.4579326923077,0.834747545230083,1032.6278262138367
561,3,"[45, 96, 30, 17, 8, 28, 93, 38, 91, 9]",8.38,1037.54,73.14703525641026,0.7310115293814585,1033.4821574687958
563,1,"[79, 14, 15, 57, 66, 4, 99, 44, 13, 49]",7.72,855.5400000000003,70.38261217948718,0.832257112631431,1038.310878276825
564,0,"[58, 55, 68, 52, 98, 10, 11, 29, 72, 6]",7.94,919.0399999999997,67.66826923076923,0.7924867539833753,1041.199231147766
565,2,"[84, 97, 39, 18, 0, 85, 24, 63, 60, 82]",5.86,984.1300000000001,70.91346153846153,0.7635382215181986,1042.2530114650726
567,4,"[7, 53, 35, 51, 76, 86, 43, 70, 73, 94]",8.23,993.4999999999999,65.79527243589743,0.9871123738777943,1043.4520819187164
568,1,"[40, 44, 15, 71, 56, 21, 90, 4, 49, 5]",8.9,869.4400000000003,68.69991987179488,0.8602030032720321,1046.787845134735
572,3,"[17, 9, 48, 65, 30, 38, 3, 28, 74, 54]",8.75,1051.29,68.07892628205128,0.7758819132279127,1052.77019906044
573,1,"[4, 99, 44, 14, 57, 26, 49, 13, 31, 5]",8.97,883.4100000000003,73.0068108974359,0.6904743902194195,1055.2123289108276
574,0,"[29, 58, 68, 55, 42, 52, 10, 34, 6, 1]",8.35,932.3899999999998,68.77003205128206,0.8525175666197752,1058.0378205776215
575,2,"[63, 22, 16, 85, 36, 41, 64, 61, 97, 39]",9.11,998.2400000000001,72.24559294871794,0.739969803354679,1060.2624051570892
576,4,"[53, 92, 2, 75, 86, 73, 43, 94, 62, 76]",8.23,1006.7299999999999,63.19110576923077,0.8806812694439521,1061.5891785621643
577,3,"[87, 74, 3, 96, 65, 8, 28, 9, 54, 45]",8.42,1064.71,69.43108974358974,0.7711945199049436,1062.6163277626038
578,1,"[79, 26, 56, 40, 44, 4, 99, 14, 31, 90]",9.2,897.6100000000004,65.95552884615384,0.8651146552501581,1064.2433643341064
579,0,"[34, 10, 68, 11, 98, 50, 77, 1, 29, 83]",6.19,943.5799999999998,67.87860576923077,0.9208946327368418,1067.6896464824677
580,2,"[19, 36, 95, 39, 82, 16, 89, 60, 23, 61]",9.09,1012.3300000000002,71.34415064102564,0.7647713789573083,1069.096973657608
581,4,"[7, 53, 92, 2, 62, 88, 86, 43, 67, 25]",7.38,1019.1099999999999,74.57932692307692,0.6636947301717905,1071.1041922569275
582,3,"[30, 20, 45, 74, 47, 93, 48, 28, 91, 81]",8.9,1078.6100000000001,68.4395032051282,0.7962828167738059,1071.8266639709473
583,1,"[90, 44, 56, 13, 15, 49, 26, 57, 14, 4]",9.07,911.6800000000004,72.62620192307692,0.7448877883263123,1072.76553440094
584,0,"[34, 77, 1, 6, 68, 69, 83, 11, 58, 98]",6.12,954.6999999999998,68.0088141025641,0.8705823559027451,1076.9049878120422
585,2,"[23, 82, 85, 59, 36, 97, 60, 41, 89, 63]",8.65,1025.98,73.828125,0.7052758916830405,1077.9288535118103
586,4,"[88, 73, 12, 92, 86, 70, 51, 67, 7, 43]",8.24,1032.35,72.13541666666667,0.6972022224695255,1080.0588154792786
589,0,"[55, 11, 77, 6, 10, 83, 58, 42, 1, 33]",8.35,968.0499999999998,72.89663461538461,0.742137148976326,1086.686564207077
591,2,"[61, 64, 60, 59, 82, 89, 19, 95, 84, 97]",9.1,1040.08,73.9483173076923,0.6875754422866381,1089.3691132068634
592,3,"[3, 30, 48, 81, 74, 9, 65, 93, 45, 38]",8.75,1092.3600000000001,66.8369391025641,0.857050074216647,1091.1946268081665
594,1,"[5, 71, 21, 49, 13, 15, 56, 99, 40, 90]",8.88,925.5600000000004,74.96995192307692,0.6589914415127192,1095.5773224830627
595,4,"[70, 43, 12, 94, 53, 2, 35, 25, 73, 7]",8.22,1045.57,75.20032051282051,0.6715781711615049,1097.0108482837677
596,2,"[16, 59, 0, 61, 18, 41, 64, 24, 97, 89]",9.12,1054.1999999999998,71.32411858974359,0.7050473800836465,1098.636864900589
597,3,"[45, 87, 54, 17, 3, 38, 47, 27, 74, 65]",8.86,1106.22,69.46113782051282,0.7922957287384913,1100.2675750255585
598,0,"[6, 29, 42, 10, 1, 11, 77, 33, 32, 34]",8.34,981.3899999999999,71.82491987179488,0.7160788908218726,1101.292332649231
599,1,"[40, 99, 31, 66, 21, 90, 79, 14, 37, 49]",8.71,939.2700000000004,70.01201923076923,0.7710152959976441,1104.4277365207672
600,4,"[12, 70, 86, 2, 51, 92, 94, 67, 80, 75]",8.03,1058.6,75.3505608974359,0.6341634568495628,1106.2526993751526
601,2,"[82, 95, 64, 84, 36, 89, 41, 18, 24, 61]",9.12,1068.3199999999997,73.1270032051282,0.6810260865932856,1107.986587524414
602,3,"[48, 87, 45, 27, 93, 20, 8, 30, 9, 74]",8.73,1119.95,69.81169871794872,0.75652142900687,1109.2098541259766
603,0,"[33, 69, 50, 83, 29, 68, 6, 58, 10, 72]",7.87,994.2599999999999,67.55809294871794,0.7975299671674386,1111.0131876468658
604,1,"[15, 31, 40, 37, 57, 21, 56, 26, 66, 44]",9.2,953.4700000000005,71.15384615384616,0.7911454763932105,1113.244696855545
605,4,"[86, 62, 12, 75, 88, 43, 51, 76, 80, 53]",8.01,1071.61,70.7431891025641,0.745161364475886,1115.9844374656677
606,2,"[84, 97, 19, 89, 95, 85, 41, 59, 63, 24]",8.67,1081.9899999999998,69.30088141025641,0.8875132715090727,1117.5323674678802
608,3,"[47, 27, 9, 81, 96, 87, 91, 93, 74, 3]",8.82,1133.77,73.22716346153847,0.7239973778143908,1120.5868718624115
609,1,"[79, 5, 40, 37, 57, 13, 4, 26, 31, 71]",9.09,967.5600000000005,72.42588141025641,0.7008856206368177,1121.308456659317
610,4,"[7, 88, 92, 35, 94, 75, 53, 12, 73, 25]",8.23,1084.84,74.41907051282051,0.6764403081093079,1122.9362349510193
611,2,"[18, 24, 63, 95, 61, 64, 78, 59, 84, 0]",9.09,1096.0799999999997,69.34094551282051,0.8547792725073986,1126.0765252113342
612,0,"[10, 52, 11, 6, 34, 1, 98, 50, 33, 83]",7.61,1006.8699999999999,58.84415064102564,1.1102028703078246,1127.3053596019745
613,3,"[8, 45, 93, 74, 47, 28, 81, 9, 27, 30]",8.83,1147.6,73.79807692307692,0.7189133083209013,1128.3278732299805
614,1,"[71, 4, 56, 57, 13, 21, 14, 66, 15, 44]",8.64,981.2000000000005,71.85496794871794,0.7339166139180844,1130.138812303543
615,4,"[62, 75, 86, 88, 2, 12, 35, 51, 76, 67]",7.14,1096.98,73.1670673076923,0.7091343234746884,1131.3631966114044
616,2,"[59, 97, 23, 39, 18, 41, 0, 60, 78, 84]",8.66,1109.7399999999998,74.47916666666667,0.713984999137047,1132.7892336845398
617,0,"[55, 77, 52, 58, 29, 10, 1, 32, 50, 11]",7.62,1019.4899999999999,67.6181891025641,0.8893167850298759,1136.8332834243774
618,3,"[3, 45, 65, 17, 38, 93, 74, 48, 9, 28]",8.76,1161.36,65.94551282051282,0.892118914769246,1138.1557252407074
620,4,"[88, 43, 12, 67, 73, 62, 51, 94, 76, 86]",8.22,1110.2,70.32251602564102,0.8170621173504071,1140.6310169696808
621,2,"[85, 97, 41, 89, 19, 64, 18, 46, 22, 82]",8.68,1123.4199999999998,69.99198717948718,0.7812568384867448,1141.7544841766357
622,0,"[98, 29, 33, 72, 42, 83, 10, 34, 1, 6]",8.41,1032.8999999999999,72.51602564102564,0.6853527373228318,1146.2923965454102
623,3,"[30, 74, 45, 38, 93, 3, 8, 9, 81, 20]",8.38,1174.74,68.93028846153847,0.7696048334622995,1147.216372013092
624,4,"[94, 51, 53, 88, 70, 25, 35, 80, 92, 62]",8.03,1123.23,67.91866987179488,0.8113881609378717,1147.9880530834198
627,2,"[82, 23, 46, 18, 36, 59, 84, 41, 24, 60]",8.66,1137.08,71.93509615384616,0.7110385367503533,1154.997618675232
628,4,"[70, 62, 92, 67, 25, 12, 88, 80, 2, 86]",8.03,1136.26,72.7363782051282,0.679920114385776,1155.6967854499817
629,3,"[93, 74, 27, 54, 48, 45, 3, 47, 81, 9]",8.9,1188.64,70.44270833333333,0.7539561864657279,1156.809409379959
630,0,"[50, 52, 29, 32, 55, 33, 58, 83, 34, 72]",7.91,1045.81,73.4375,0.7122935431125836,1157.5542669296265
631,1,"[4, 37, 5, 71, 90, 21, 56, 40, 14, 13]",8.89,995.0900000000005,73.19711538461539,0.7026506035755842,1160.1888694763184
632,2,"[0, 63, 39, 24, 23, 84, 64, 18, 78, 41]",8.67,1150.75,70.68309294871794,0.8341854314009348,1163.8364481925964
633,4,"[70, 73, 62, 67, 53, 76, 7, 80, 2, 86]",8.26,1149.52,68.37940705128206,0.7864208381909591,1164.4848322868347
634,3,"[3, 17, 54, 65, 8, 38, 74, 96, 81, 45]",8.4,1202.0400000000002,71.66466346153847,0.7437397761222644,1165.7109048366547
635,0,"[55, 42, 11, 1, 72, 33, 34, 98, 68, 10]",8.4,1059.21,67.50801282051282,0.7828098237514496,1167.292873620987
636,1,"[15, 44, 21, 90, 4, 66, 13, 40, 56, 5]",8.87,1008.9600000000005,64.43309294871794,0.8749599686035743,1169.475592136383
637,2,"[0, 84, 78, 23, 19, 59, 16, 60, 63, 46]",7.69,1163.44,71.77483974358974,0.7095158482209231,1171.7934155464172
638,4,"[76, 94, 75, 92, 53, 51, 2, 88, 62, 25]",7.41,1161.93,67.72836538461539,0.7509859242500403,1173.971287727356
639,3,"[28, 74, 96, 47, 17, 54, 91, 3, 87, 48]",8.92,1215.9600000000003,71.63461538461539,0.7702706356843313,1174.6097781658173
640,0,"[6, 11, 52, 33, 83, 72, 55, 42, 58, 29]",8.42,1072.63,66.88701923076923,0.8509057729672163,1176.741525888443
641,1,"[44, 31, 14, 71, 13, 21, 49, 5, 79, 57]",7.74,1021.7000000000005,68.6698717948718,0.7785105674694746,1179.180278301239
642,2,"[24, 39, 78, 97, 59, 61, 41, 23, 0, 95]",9.11,1177.55,71.39423076923077,0.7779582402645013,1180.4032230377197
643,4,"[73, 51, 43, 75, 2, 25, 76, 94, 12, 86]",8.22,1175.15,68.24919871794872,0.793610060062164,1183.576112985611
645,0,"[6, 42, 69, 77, 29, 11, 72, 50, 1, 10]",8.4,1086.0300000000002,72.33573717948718,0.7450629965617106,1186.3506643772125
646,1,"[44, 37, 14, 13, 21, 71, 26, 57, 5, 90]",8.95,1035.6500000000005,69.9619391025641,0.7424346919243152,1188.4692540168762
647,2,"[23, 19, 60, 89, 63, 39, 85, 64, 78, 24]",7.94,1190.49,67.66826923076923,0.8018883971067575,1189.197253227234
648,4,"[25, 88, 94, 67, 7, 75, 80, 53, 92, 86]",8.01,1188.16,67.52804487179488,0.8795421803608919,1193.1224875450134
650,3,"[20, 27, 87, 47, 17, 54, 93, 38, 30, 45]",8.83,1229.7900000000002,73.9082532051282,0.6687887268952835,1196.0418083667755
651,1,"[26, 21, 40, 13, 31, 57, 5, 15, 99, 66]",9.07,1049.7200000000005,75.03004807692308,0.644024113431955,1196.9549794197083
652,2,"[0, 95, 78, 84, 85, 36, 46, 19, 24, 89]",7.68,1203.17,67.1073717948718,0.8069940247596838,1197.9673228263855
653,4,"[73, 70, 76, 25, 7, 88, 75, 2, 94, 12]",8.23,1201.39,69.76161858974359,0.7590356163489513,1202.0924544334412
654,0,"[42, 52, 10, 77, 33, 98, 69, 68, 32, 29]",8.38,1099.4100000000003,70.4326923076923,0.7361199725896884,1202.93119597435
655,3,"[8, 54, 93, 65, 47, 38, 3, 87, 48, 20]",8.9,1243.6900000000003,68.34935897435898,0.8235487380088904,1205.367753982544
657,1,"[26, 15, 5, 57, 79, 44, 99, 14, 71, 13]",8.96,1063.6800000000005,73.3573717948718,0.7173527005391244,1206.8118569850922
658,4,"[53, 86, 73, 75, 12, 76, 62, 67, 2, 70]",8.23,1214.6200000000001,73.84815705128206,0.7276191933032794,1210.6129775047302
659,0,"[55, 1, 52, 50, 29, 69, 34, 98, 77, 6]",7.61,1112.0200000000002,71.7948717948718,0.6887379540846899,1212.3362402915955
663,4,"[67, 88, 51, 80, 43, 86, 2, 25, 53, 76]",8.01,1227.63,70.38261217948718,0.8105640824024494,1219.668655872345
664,0,"[1, 32, 33, 77, 68, 98, 11, 69, 34, 55]",6.12,1123.14,73.22716346153847,0.6911583435841095,1221.788430929184
668,1,"[56, 5, 99, 44, 49, 14, 4, 66, 31, 15]",8.63,1077.3100000000006,71.92508012820512,0.8075183714047457,1227.9143843650818
669,0,"[1, 98, 72, 29, 52, 10, 50, 83, 11, 77]",7.95,1136.0900000000001,74.66947115384616,0.6590314427247415,1231.249032497406
670,3,"[96, 45, 81, 48, 9, 54, 87, 27, 38, 17]",8.73,1257.4200000000003,72.35576923076923,0.6955039249016688,1232.6728086471558
671,4,"[94, 25, 80, 88, 70, 67, 62, 12, 53, 2]",8.01,1240.64,74.07852564102564,0.6722875466713538,1234.184513092041
672,1,"[49, 26, 37, 99, 57, 31, 79, 90, 44, 5]",8.95,1091.2600000000007,75.17027243589743,0.6404948135217031,1234.8906133174896
673,2,"[63, 97, 84, 95, 18, 64, 85, 46, 16, 36]",7.89,1216.0600000000002,70.95352564102564,0.7869945420668676,1236.4160344600677
674,0,"[58, 52, 29, 1, 83, 34, 77, 98, 33, 69]",7.62,1148.71,65.1542467948718,0.8833347467275766,1240.6544134616852
675,3,"[48, 87, 93, 74, 81, 3, 20, 47, 17, 27]",8.89,1271.3100000000004,68.3994391025641,0.7826190972939516,1241.4810631275177
676,4,"[92, 70, 51, 88, 25, 67, 73, 35, 94, 43]",8.23,1253.8700000000001,70.28245192307692,0.803086532996251,1243.9179837703705
677,1,"[40, 37, 57, 56, 79, 21, 31, 15, 14, 71]",8.92,1105.1800000000007,73.44751602564102,0.7080626029234666,1244.5348834991455
678,2,"[46, 59, 89, 41, 82, 78, 95, 19, 0, 18]",8.68,1229.7400000000002,71.07371794871794,0.7884281919552729,1245.4443418979645
679,0,"[98, 10, 72, 33, 42, 6, 52, 77, 69, 29]",8.45,1162.16,70.67307692307692,0.7408755085407159,1249.283364057541
680,4,"[35, 7, 67, 51, 75, 62, 2, 43, 53, 92]",7.38,1266.2500000000002,72.01522435897436,0.6878359845051398,1250.012027978897
684,0,"[55, 1, 52, 33, 83, 77, 69, 68, 11, 98]",7.61,1174.77,73.36738782051282,0.6691690576382172,1258.0753962993622
685,4,"[75, 7, 76, 62, 86, 35, 12, 94, 67, 88]",7.15,1278.4000000000003,70.57291666666667,0.7127428100659297,1259.402489900589
689,2,"[60, 46, 41, 63, 22, 84, 61, 89, 78, 59]",9.11,1243.8500000000001,69.9619391025641,0.8021259965040745,1266.9780604839325
690,4,"[53, 51, 70, 88, 43, 35, 25, 67, 62, 94]",7.24,1290.6400000000003,67.6983173076923,0.7753097628935789,1268.7143034934998
691,3,"[65, 47, 3, 54, 17, 38, 91, 93, 48, 45]",8.92,1285.2300000000005,71.62459935897436,0.7381625076135,1272.9865205287933
694,2,"[85, 95, 82, 36, 89, 60, 97, 41, 59, 46]",8.66,1257.5100000000002,74.88982371794872,0.6785134130563492,1275.0407738685608
695,4,"[88, 12, 25, 43, 75, 62, 76, 2, 70, 7]",7.31,1302.9500000000003,74.49919871794872,0.6518522615616138,1278.1790518760681
700,4,"[12, 7, 94, 73, 80, 62, 92, 35, 70, 86]",8.27,1316.2200000000003,76.50240384615384,0.6349907219409943,1287.718547821045
701,3,"[91, 9, 45, 28, 48, 17, 87, 47, 38, 93]",8.9,1299.1300000000006,67.98878205128206,0.8395149325713133,1291.2820324897766
702,0,"[42, 83, 6, 77, 52, 72, 69, 1, 55, 68]",8.4,1188.17,74.32892628205128,0.7178102051600431,1291.9622848033905
703,4,"[43, 94, 53, 62, 25, 7, 12, 70, 67, 2]",7.24,1328.4600000000003,74.83974358974359,0.6594292147037311,1292.61243724823
704,2,"[0, 46, 63, 22, 16, 85, 95, 84, 60, 78]",6.3,1268.8100000000002,70.52283653846153,0.7385131093936089,1293.2438085079193
705,1,"[56, 5, 26, 44, 49, 66, 14, 71, 37, 31]",9.06,1119.2400000000007,73.81810897435898,0.6500897724659015,1297.1885085105896
706,3,"[93, 96, 48, 47, 65, 9, 3, 27, 17, 91]",8.91,1313.0400000000006,72.76642628205128,0.7015324563552172,1300.2075355052948
707,0,"[72, 33, 98, 52, 11, 1, 68, 77, 6, 55]",7.93,1201.1000000000001,70.0420673076923,0.8254036750548925,1300.9665503501892
709,2,"[82, 89, 0, 19, 59, 63, 36, 78, 95, 46]",7.69,1281.5000000000002,68.12900641025641,0.8471202246653728,1302.4760122299194
710,1,"[57, 5, 15, 79, 14, 21, 26, 40, 31, 13]",9.09,1133.3300000000006,72.21554487179488,0.7187398886069273,1306.6051428318024
711,3,"[48, 54, 30, 45, 20, 91, 38, 65, 8, 28]",8.75,1326.7900000000006,66.82692307692308,0.7879410607692523,1307.72829413414
712,4,"[76, 62, 73, 35, 70, 88, 43, 53, 94, 80]",8.26,1341.7200000000003,68.63982371794872,0.7743802261658204,1309.1621117591858
713,0,"[32, 52, 55, 69, 50, 29, 77, 6, 98, 83]",7.62,1213.72,68.3193108974359,0.8543846439092587,1310.68696975708
714,2,"[95, 22, 0, 63, 46, 16, 18, 78, 89, 64]",7.9,1294.4000000000003,70.14222756410257,0.7505913957571372,1312.0043609142303
718,0,"[72, 98, 11, 68, 34, 1, 6, 29, 52, 32]",7.93,1226.65,69.60136217948718,0.7470892851169293,1319.9474475383759
719,2,"[85, 18, 41, 63, 60, 84, 0, 64, 95, 39]",8.67,1308.0700000000004,69.2207532051282,0.7837669589580634,1321.774129152298
720,1,"[49, 40, 15, 14, 26, 37, 90, 79, 13, 5]",9.08,1147.4100000000005,72.82652243589743,0.6868748473815429,1325.2142131328583
722,3,"[17, 87, 38, 91, 27, 28, 47, 74, 81, 45]",8.83,1340.6200000000006,70.37259615384616,0.842352453714762,1326.853809595108
724,2,"[64, 46, 59, 22, 36, 19, 41, 18, 63, 82]",8.68,1321.7500000000005,71.43429487179488,0.7115733367510331,1330.1118834018707
725,1,"[57, 66, 56, 14, 37, 15, 31, 49, 13, 71]",8.64,1161.0500000000006,70.72315705128206,0.7214256899479108,1334.3598282337189
726,4,"[73, 88, 2, 53, 76, 75, 67, 70, 12, 62]",8.23,1354.9500000000003,73.99839743589743,0.6888787547747294,1335.1285009384155
727,0,"[52, 42, 6, 34, 83, 98, 33, 58, 11, 77]",8.37,1240.02,75.49078525641026,0.6366114627856475,1335.7600045204163
728,3,"[8, 27, 38, 93, 54, 45, 74, 47, 3, 81]",8.84,1354.4600000000005,73.4375,0.6718719127850655,1336.98104596138
729,2,"[82, 24, 39, 18, 85, 0, 78, 97, 61, 41]",9.11,1335.8600000000004,71.19391025641026,0.7200890596096332,1339.8185226917267
730,1,"[99, 71, 15, 13, 56, 37, 5, 49, 66, 79]",8.62,1174.6700000000005,74.61939102564102,0.6557153979173074,1343.2574214935303
731,4,"[12, 88, 62, 75, 80, 25, 92, 51, 43, 70]",8.03,1367.9800000000002,67.54807692307692,0.7660858264336219,1344.1809766292572
732,0,"[72, 29, 68, 11, 83, 50, 98, 58, 6, 33]",7.89,1252.91,74.73958333333333,0.6489285154220386,1345.2426512241364
733,3,"[87, 65, 48, 8, 93, 17, 54, 30, 28, 27]",8.73,1368.1900000000005,70.56290064102564,0.7211808837377108,1346.6652445793152
734,2,"[16, 36, 64, 95, 18, 39, 59, 85, 0, 46]",7.89,1348.7500000000005,70.90344551282051,0.7394668016678247,1349.100549697876
735,1,"[21, 14, 15, 5, 57, 13, 71, 26, 40, 31]",9.09,1188.7600000000004,73.03685897435898,0.7222861823363181,1351.9384768009186
736,4,"[53, 7, 35, 43, 12, 70, 62, 2, 67, 80]",8.02,1381.0000000000002,72.62620192307692,0.8098661502202352,1352.7194719314575
737,0,"[29, 11, 58, 52, 42, 33, 68, 50, 83, 98]",8.37,1266.28,72.04527243589743,0.7292664631819114,1353.9443686008453
738,3,"[93, 48, 38, 54, 28, 81, 91, 87, 65, 30]",8.73,1381.9200000000005,76.0917467948718,0.6208800027767817,1356.3171708583832
739,2,"[24, 22, 23, 89, 59, 19, 36, 61, 60, 85]",9.08,1362.8300000000004,68.55969551282051,0.7862284412750831,1358.7848238945007
740,1,"[21, 79, 71, 90, 57, 13, 5, 31, 99, 14]",7.32,1201.0800000000004,74.97996794871794,0.6732300894382672,1359.9049043655396
741,4,"[88, 25, 12, 86, 70, 94, 67, 62, 2, 51]",7.23,1393.2300000000002,68.3193108974359,0.8251203581308707,1361.211107969284
742,0,"[29, 6, 83, 33, 98, 58, 68, 10, 69, 52]",7.62,1278.8999999999999,70.71314102564102,0.7484540549608377,1363.484280347824
743,3,"[54, 96, 87, 45, 8, 93, 65, 9, 47, 30]",8.84,1395.7600000000004,73.99839743589743,0.6999022227067214,1366.0259704589844
744,2,"[85, 22, 84, 23, 78, 39, 97, 46, 63, 36]",6.25,1374.0800000000004,73.17708333333333,0.7068398208954395,1368.7195837497711
746,4,"[12, 67, 76, 62, 25, 2, 73, 75, 88, 92]",8.23,1406.4600000000003,72.83653846153847,0.710878597620206,1370.2035357952118
747,0,"[33, 69, 34, 55, 58, 50, 42, 72, 68, 11]",8.39,1292.29,72.27564102564102,0.6743855911951798,1371.2306332588196
748,3,"[3, 38, 27, 65, 17, 93, 8, 74, 20, 91]",8.14,1408.9000000000005,73.32732371794872,0.6789870598377326,1375.686357975006
749,2,"[84, 97, 19, 61, 22, 39, 64, 36, 63, 85]",9.09,1388.1700000000003,73.44751602564102,0.6991097808648379,1378.0269269943237
752,0,"[32, 77, 10, 98, 33, 42, 68, 69, 6, 72]",8.41,1305.7,72.68629807692308,0.7073576438885468,1380.607042312622
753,3,"[3, 38, 30, 45, 9, 28, 47, 48, 27, 8]",8.92,1422.8200000000006,69.70152243589743,0.7680980043533521,1381.9639012813568
754,2,"[23, 59, 82, 89, 64, 39, 41, 95, 60, 84]",8.67,1401.8400000000004,70.38261217948718,0.7008777849185162,1386.4060287475586
755,4,"[88, 75, 70, 7, 12, 51, 94, 2, 86, 80]",8.01,1419.4700000000003,73.06690705128206,0.7574827395952665,1387.6289837360382
756,0,"[33, 98, 68, 11, 72, 42, 55, 58, 83, 6]",8.41,1319.1100000000001,71.73477564102564,0.7332468414917971,1388.3972780704498
758,1,"[90, 71, 49, 66, 5, 99, 56, 44, 14, 4]",8.63,1214.7100000000005,76.20192307692308,0.645742668555333,1391.1924369335175
759,2,"[63, 0, 24, 78, 41, 89, 16, 36, 84, 18]",8.66,1415.5000000000005,75.38060897435898,0.6498466604031049,1395.2378287315369
760,4,"[75, 51, 88, 2, 73, 80, 7, 94, 62, 35]",8.24,1432.7100000000003,73.7079326923077,0.7142235758977059,1396.8510913848877
761,0,"[34, 29, 58, 50, 52, 10, 83, 69, 55, 32]",7.61,1331.72,67.12740384615384,0.8219924148840781,1398.0746853351593
763,3,"[81, 27, 87, 38, 54, 17, 96, 45, 9, 3]",8.39,1436.2100000000007,74.20873397435898,0.6817743075199616,1400.9136765003204
764,2,"[19, 78, 39, 82, 84, 89, 63, 60, 41, 36]",8.68,1429.1800000000005,75.96153846153847,0.6276915795527972,1403.2404670715332
765,4,"[12, 75, 53, 88, 92, 43, 51, 76, 62, 70]",7.5,1445.2100000000003,72.11538461538461,0.68300832540561,1405.0680439472198
766,0,"[83, 69, 10, 50, 52, 6, 29, 68, 11, 72]",7.91,1344.63,73.91826923076923,0.698940627850019,1407.91335439682
768,3,"[54, 38, 74, 27, 20, 45, 47, 17, 8, 81]",8.82,1450.0300000000007,76.38221153846153,0.6304596933798913,1409.392005443573
769,2,"[64, 24, 36, 89, 39, 95, 85, 82, 61, 19]",9.1,1443.2800000000004,74.4891826923077,0.6812409070821909,1411.2166550159454
770,4,"[2, 92, 7, 86, 43, 67, 80, 53, 76, 35]",8.03,1458.2400000000002,72.78645833333333,0.6746970613797506,1414.0413959026337
771,0,"[55, 50, 72, 11, 10, 52, 83, 6, 29, 69]",7.91,1357.5400000000002,71.8349358974359,0.707931616749519,1417.7256326675415
774,2,"[84, 19, 46, 59, 39, 23, 97, 36, 22, 64]",7.93,1456.2100000000005,75.68108974358974,0.6436879508770429,1420.0101668834686
775,4,"[70, 73, 43, 86, 51, 25, 80, 92, 88, 94]",8.26,1471.5000000000002,73.53766025641026,0.7849894540432172,1422.948052406311
776,0,"[29, 69, 32, 77, 50, 83, 52, 10, 34, 72]",7.93,1370.4700000000003,70.14222756410257,0.7700518988645993,1427.4021775722504
780,4,"[7, 51, 62, 86, 76, 70, 94, 53, 43, 35]",7.31,1483.8100000000002,73.68790064102564,0.6637536547122858,1431.8842389583588
781,0,"[72, 98, 1, 29, 34, 10, 11, 6, 42, 83]",8.41,1383.8800000000003,69.94190705128206,0.7444928838656499,1435.834890127182
784,1,"[79, 5, 57, 71, 66, 37, 56, 13, 40, 49]",8.92,1228.6300000000006,71.02363782051282,0.7502734798651475,1438.2732677459717
785,2,"[64, 41, 39, 82, 84, 16, 60, 19, 59, 18]",8.68,1469.8900000000006,69.34094551282051,0.7613464280580863,1440.8207004070282
786,0,"[50, 10, 33, 69, 98, 34, 68, 83, 11, 77]",6.12,1395.0000000000002,73.15705128205128,0.7124486107092637,1444.6395237445831
787,4,"[70, 67, 62, 75, 35, 53, 86, 43, 92, 88]",7.45,1496.2600000000002,70.59294871794872,0.7391241039985266,1445.3264515399933
788,1,"[99, 57, 40, 90, 56, 4, 37, 5, 71, 26]",9.2,1242.8300000000006,68.89022435897436,0.8092005711335403,1446.3521213531494
789,3,"[48, 96, 91, 38, 93, 3, 28, 8, 27, 47]",8.91,1463.9400000000007,73.81810897435898,0.6580651692855053,1447.4818465709686
790,2,"[89, 85, 84, 60, 18, 97, 23, 46, 19, 78]",7.7,1482.5900000000006,70.6229967948718,0.7668809799047617,1449.2119784355164
791,0,"[98, 10, 34, 58, 33, 83, 6, 1, 11, 42]",8.35,1408.3500000000001,74.24879807692308,0.6496599966134781,1453.4511303901672
792,4,"[88, 43, 2, 7, 70, 92, 76, 53, 73, 62]",8.24,1509.5000000000002,72.29567307692308,0.6914468472584699,1455.0751752853394
793,1,"[26, 40, 66, 21, 44, 5, 13, 56, 37, 57]",9.2,1257.0300000000007,72.50600961538461,0.6786062816778818,1455.8086521625519
795,3,"[91, 8, 3, 54, 9, 93, 20, 45, 81, 74]",8.38,1477.3200000000008,70.21233974358974,0.7549377099061624,1458.1209981441498
796,0,"[77, 11, 98, 1, 33, 52, 83, 55, 32, 69]",7.61,1420.96,73.62780448717949,0.6795255312552819,1462.2391748428345
797,4,"[2, 88, 35, 73, 92, 53, 62, 94, 76, 70]",8.24,1522.7400000000002,74.89983974358974,0.6389543498173739,1464.7936384677887
801,3,"[30, 9, 74, 45, 48, 28, 20, 93, 65, 3]",8.76,1491.0800000000008,75.22035256410257,0.6601153573928735,1470.8910508155823
802,4,"[80, 94, 62, 86, 25, 43, 2, 12, 75, 88]",8.0,1535.7400000000002,72.99679487179488,0.6738174718159896,1473.8302612304688
803,0,"[58, 29, 11, 34, 72, 98, 55, 10, 6, 77]",7.91,1433.8700000000001,73.20713141025641,0.6926358250471262,1475.0651006698608
806,3,"[91, 38, 65, 28, 9, 81, 74, 20, 8, 47]",8.82,1504.9000000000008,72.1454326923077,0.7014030546714098,1479.7840132713318
807,4,"[86, 43, 51, 62, 76, 88, 2, 7, 25, 80]",8.01,1548.7500000000002,71.09375,0.7579913872938889,1482.3208272457123
808,0,"[6, 55, 34, 1, 10, 98, 29, 33, 32, 83]",5.85,1444.72,70.8233173076923,0.7389134309994869,1485.4426069259644
811,3,"[74, 30, 8, 28, 96, 48, 54, 91, 38, 47]",8.89,1518.7900000000009,71.66466346153847,0.711185043438887,1488.426752090454
812,4,"[75, 53, 2, 7, 67, 94, 73, 92, 80, 12]",8.26,1562.0100000000002,71.82491987179488,0.7355009011733227,1490.7568199634552
813,0,"[34, 52, 69, 77, 72, 50, 1, 98, 6, 29]",7.93,1457.65,71.484375,0.6967811145079441,1495.1968705654144
816,3,"[48, 9, 30, 27, 81, 8, 47, 45, 87, 65]",8.89,1532.680000000001,76.08173076923077,0.6148615739284418,1497.2276499271393
817,4,"[43, 92, 73, 70, 88, 53, 35, 67, 62, 12]",8.24,1575.2500000000002,74.6494391025641,0.6680414997614347,1499.6705555915833
822,4,"[35, 43, 7, 51, 88, 53, 25, 80, 2, 67]",8.0,1588.2500000000002,72.97676282051282,0.7399769073877579,1508.7115569114685
823,0,"[55, 29, 11, 77, 69, 6, 52, 58, 34, 50]",7.62,1470.27,75.46073717948718,0.6564622800319623,1513.0650780200958
824,4,"[51, 88, 25, 92, 73, 86, 62, 94, 76, 70]",8.24,1601.4900000000002,68.6698717948718,0.8000614834137452,1514.192974805832
826,2,"[97, 18, 24, 23, 60, 19, 82, 95, 63, 36]",7.68,1495.2700000000007,75.390625,0.6311354667712481,1515.1644747257233
827,3,"[9, 87, 20, 74, 45, 65, 91, 38, 27, 30]",8.37,1546.0500000000009,72.75641025641026,0.7316071291764578,1517.2830765247345
828,0,"[11, 77, 69, 52, 55, 1, 68, 72, 98, 33]",7.92,1483.19,72.58613782051282,0.7386511663595835,1521.0594017505646
829,4,"[73, 80, 92, 75, 2, 94, 88, 35, 67, 86]",8.26,1614.7500000000002,74.49919871794872,0.6634436158033518,1522.5867276191711
832,3,"[54, 81, 87, 38, 8, 27, 17, 45, 48, 93]",8.73,1559.7800000000009,72.17548076923077,0.7451963226000468,1526.2588369846344
833,0,"[34, 83, 68, 58, 11, 10, 72, 55, 77, 98]",7.9,1496.0900000000001,75.46073717948718,0.6567523999091907,1529.8963232040405
834,4,"[67, 7, 75, 12, 88, 2, 80, 43, 73, 51]",8.24,1627.9900000000002,71.46434294871794,0.7424584199220706,1532.2050385475159
835,1,"[44, 56, 14, 90, 15, 37, 49, 66, 4, 57]",8.64,1270.6700000000008,71.73477564102564,0.6973047630909162,1534.2384583950043
837,3,"[93, 48, 74, 65, 17, 9, 54, 91, 38, 28]",8.73,1573.510000000001,73.20713141025641,0.7054318403586363,1535.247475385666
838,0,"[33, 83, 32, 50, 77, 69, 52, 42, 34, 58]",8.35,1509.44,74.70953525641026,0.6531531252922156,1538.785329580307
839,4,"[76, 35, 92, 86, 62, 25, 53, 51, 70, 67]",7.51,1640.5000000000002,68.13902243589743,0.8064691584843856,1542.0300662517548
843,3,"[38, 91, 87, 20, 17, 3, 30, 27, 9, 48]",8.73,1587.240000000001,72.72636217948718,0.6657034166348286,1546.8230555057526
844,4,"[7, 53, 35, 67, 2, 43, 73, 94, 88, 92]",8.23,1653.7300000000002,71.39423076923077,0.7241392276990108,1551.2674360275269
845,1,"[37, 90, 13, 31, 66, 15, 26, 56, 71, 49]",9.05,1284.7200000000007,73.19711538461539,0.7386254140963922,1552.5074219703674
847,2,"[89, 97, 84, 61, 78, 82, 41, 59, 36, 39]",9.11,1509.3800000000006,70.55288461538461,0.7490224173435798,1553.5528984069824
848,3,"[47, 91, 20, 96, 30, 9, 3, 87, 48, 28]",8.92,1601.160000000001,75.9014423076923,0.6316724740541898,1554.678855419159
849,4,"[25, 70, 86, 12, 88, 94, 62, 53, 75, 2]",7.23,1665.9600000000003,75.32051282051282,0.6433916772023226,1559.1237018108368
850,0,"[69, 68, 32, 77, 83, 1, 10, 55, 11, 29]",6.11,1520.55,75.01001602564102,0.6742551789069787,1559.814447402954
851,2,"[60, 36, 39, 18, 61, 95, 78, 89, 22, 46]",9.08,1523.4600000000005,69.98197115384616,0.7606251480487677,1561.0449533462524
852,1,"[4, 90, 15, 14, 99, 66, 40, 56, 26, 37]",9.2,1298.9200000000008,73.97836538461539,0.6711501796276141,1563.3215975761414
854,4,"[70, 80, 35, 51, 94, 12, 67, 62, 92, 25]",8.03,1678.9900000000002,71.16386217948718,0.7146435983670063,1568.3534488677979
857,2,"[63, 16, 46, 18, 22, 95, 39, 60, 82, 78]",6.35,1534.8100000000004,70.90344551282051,0.7267282964327396,1572.6967108249664
859,4,"[2, 62, 53, 88, 25, 70, 94, 43, 7, 86]",7.23,1691.2200000000003,70.13221153846153,0.7550860276589026,1577.9355669021606
862,2,"[19, 36, 89, 61, 46, 0, 23, 39, 41, 16]",9.12,1548.9300000000003,65.09415064102564,0.8003844053317339,1581.0345673561096
863,4,"[53, 76, 75, 7, 67, 73, 51, 92, 43, 88]",8.23,1704.4500000000003,69.37099358974359,0.7458549088392502,1581.738795042038
864,3,"[96, 3, 45, 27, 48, 91, 65, 54, 30, 74]",8.76,1614.920000000001,68.42948717948718,0.8391473415570382,1586.476445198059
865,0,"[42, 83, 69, 29, 55, 98, 10, 50, 77, 34]",8.36,1533.9099999999999,69.75160256410257,0.7790938860330826,1588.2538409233093
868,4,"[25, 43, 35, 75, 51, 92, 53, 2, 12, 86]",7.38,1716.8300000000004,74.81971153846153,0.663823569050202,1591.2063598632812
869,3,"[38, 8, 74, 3, 9, 28, 47, 20, 65, 48]",8.91,1628.830000000001,69.08052884615384,0.8362023731072744,1595.5372772216797
870,0,"[33, 68, 83, 58, 11, 10, 55, 72, 52, 98]",7.93,1546.84,66.9170673076923,0.9623776605496039,1597.2661271095276
871,2,"[22, 39, 16, 64, 63, 82, 41, 85, 19, 78]",8.68,1562.6100000000004,72.56610576923077,0.7707978097292093,1598.1889379024506
873,1,"[44, 71, 66, 99, 40, 90, 15, 49, 79, 13]",8.7,1312.6200000000008,73.62780448717949,0.6735112705291846,1600.1159794330597
874,3,"[54, 3, 91, 38, 30, 9, 27, 28, 47, 74]",8.84,1642.670000000001,71.7548076923077,0.7517570104354467,1603.7560856342316
875,0,"[10, 29, 1, 72, 11, 32, 33, 83, 34, 68]",7.87,1559.7099999999998,75.94150641025641,0.6346784291359094,1605.9769926071167
876,2,"[41, 46, 61, 95, 19, 84, 78, 18, 0, 89]",9.14,1576.7500000000005,72.00520833333333,0.6617825447748868,1607.0082025527954
877,4,"[43, 25, 35, 51, 2, 67, 75, 88, 80, 53]",8.0,1729.8300000000004,75.06009615384616,0.6479843063996389,1607.8424036502838
878,1,"[99, 56, 26, 5, 37, 15, 66, 90, 31, 13]",9.01,1326.6300000000008,75.4306891025641,0.6222409781737205,1609.5511791706085
879,3,"[65, 45, 74, 38, 20, 54, 17, 8, 9, 48]",8.73,1656.400000000001,73.41746794871794,0.6911076945372117,1612.298887014389
882,4,"[43, 94, 67, 92, 53, 73, 88, 86, 2, 7]",8.22,1743.0500000000004,75.32051282051282,0.6403030321384088,1617.4247751235962
883,1,"[26, 79, 49, 56, 31, 66, 4, 71, 44, 21]",9.08,1340.7100000000007,72.74639423076923,0.698474529461983,1618.5731961727142
884,3,"[96, 93, 91, 87, 8, 38, 81, 30, 54, 3]",8.14,1669.540000000001,73.73798076923077,0.7207944481036602,1620.4974117279053
885,0,"[77, 11, 42, 72, 52, 29, 83, 32, 1, 58]",8.43,1573.1399999999999,73.4775641025641,0.6759034421963569,1622.8423931598663
886,4,"[86, 94, 43, 53, 73, 35, 25, 2, 7, 80]",8.24,1756.2900000000004,74.6895032051282,0.633362699395571,1624.6340720653534
887,2,"[78, 95, 36, 84, 23, 82, 61, 19, 60, 46]",9.1,1590.8500000000004,74.90985576923077,0.7056603202453027,1627.0800828933716
888,1,"[14, 71, 90, 79, 99, 40, 13, 44, 26, 4]",9.08,1354.7900000000006,73.02684294871794,0.675307185221941,1627.9055843353271
889,3,"[93, 28, 74, 9, 38, 27, 48, 47, 65, 87]",8.89,1683.4300000000012,73.60777243589743,0.723652245142521,1628.628113746643
890,0,"[34, 52, 55, 69, 77, 11, 1, 72, 33, 32]",7.91,1586.05,72.42588141025641,0.6778116826063547,1631.6536810398102
891,4,"[80, 92, 70, 94, 75, 76, 51, 73, 2, 62]",8.27,1769.5600000000004,73.50761217948718,0.6946298992022489,1634.2718214988708
892,2,"[78, 22, 41, 0, 89, 36, 24, 46, 85, 60]",8.66,1604.5100000000004,76.70272435897436,0.6397484227632865,1636.6922328472137
893,1,"[79, 57, 15, 14, 13, 31, 40, 56, 4, 37]",8.91,1368.7000000000007,73.5176282051282,0.6684560382213348,1637.5039761066437
895,0,"[52, 10, 58, 33, 42, 98, 34, 69, 83, 50]",8.36,1599.4099999999999,73.8681891025641,0.6646243738822448,1640.278235912323
896,4,"[51, 12, 80, 2, 75, 53, 62, 92, 25, 43]",8.01,1782.5700000000004,73.23717948717949,0.6949885044342432,1642.5084969997406
902,2,"[61, 19, 36, 85, 0, 60, 16, 41, 39, 84]",9.12,1618.6300000000003,70.55288461538461,0.7946919195162945,1656.6091358661652
906,4,"[25, 62, 35, 43, 88, 7, 2, 67, 92, 70]",7.46,1795.0300000000004,76.90304487179488,0.5943709302407044,1659.021987915039
907,2,"[24, 82, 85, 78, 36, 84, 18, 39, 60, 97]",6.32,1629.9500000000003,73.20713141025641,0.7217818078322288,1665.567058801651
908,0,"[68, 55, 6, 42, 72, 1, 83, 77, 29, 58]",8.4,1612.81,73.59775641025641,0.7472778268349476,1666.5980741977692
909,1,"[49, 14, 15, 57, 44, 40, 79, 56, 37, 26]",9.24,1382.9400000000007,75.26041666666667,0.6817484643214788,1667.4676985740662
911,4,"[7, 25, 75, 94, 86, 51, 76, 12, 67, 70]",7.32,1807.3500000000004,76.0917467948718,0.616496660006352,1668.6883881092072
912,2,"[64, 0, 46, 24, 82, 85, 84, 39, 97, 36]",7.88,1642.8300000000004,73.71794871794872,0.6906281755520747,1672.241735458374
913,0,"[77, 52, 32, 69, 72, 98, 68, 42, 58, 83]",8.43,1626.24,74.43910256410257,0.6933033256194531,1676.1683168411255
917,3,"[81, 96, 91, 3, 93, 17, 74, 45, 47, 30]",8.86,1697.290000000001,76.171875,0.6301643752898926,1678.8710391521454
921,4,"[80, 43, 67, 73, 88, 94, 12, 62, 7, 51]",8.24,1820.5900000000004,72.20552884615384,0.6979498007358649,1687.5366537570953
930,0,"[42, 55, 34, 77, 29, 58, 69, 6, 50, 33]",8.34,1639.58,71.4042467948718,0.6941836919540014,1706.1258192062378
933,3,"[45, 47, 48, 54, 9, 87, 28, 38, 8, 20]",8.89,1711.1800000000012,64.23277243589743,0.8575557080598978,1712.4604768753052
934,4,"[75, 12, 25, 94, 43, 53, 70, 86, 2, 7]",7.24,1832.8300000000004,73.38741987179488,0.7354780045839456,1713.1697208881378
941,2,"[16, 36, 78, 41, 46, 64, 60, 23, 0, 82]",8.67,1656.5000000000005,72.82652243589743,0.709402933334693,1726.43248128891
945,0,"[69, 77, 10, 34, 33, 29, 58, 98, 83, 52]",7.62,1652.1999999999998,75.87139423076923,0.627285510683671,1731.8844220638275
946,2,"[22, 41, 78, 97, 61, 85, 23, 46, 16, 39]",9.11,1670.6100000000004,71.2139423076923,0.7050633411376904,1736.2461926937103
948,3,"[3, 28, 45, 38, 9, 20, 74, 87, 54, 27]",8.41,1724.5900000000013,74.69951923076923,0.6340843519339194,1738.6074426174164
949,4,"[7, 2, 73, 25, 76, 35, 92, 86, 51, 67]",8.24,1846.0700000000004,70.73317307692308,0.7696307125764016,1740.0412147045135
950,0,"[52, 10, 11, 68, 33, 32, 72, 77, 58, 98]",7.94,1665.1399999999999,74.21875,0.6457111285283015,1741.5572590827942
954,4,"[73, 53, 43, 76, 67, 2, 80, 92, 25, 62]",8.26,1859.3300000000004,71.5244391025641,0.7183963870390867,1748.505169391632
955,0,"[29, 1, 58, 6, 98, 10, 83, 69, 11, 50]",6.12,1676.2599999999998,71.7948717948718,0.7119961503224496,1749.8363003730774
956,2,"[95, 24, 97, 18, 23, 63, 64, 46, 61, 36]",9.08,1684.6900000000003,76.53245192307692,0.6098036674352793,1755.1674802303314
957,4,"[88, 86, 70, 76, 43, 75, 35, 92, 12, 2]",7.52,1871.8500000000004,71.2139423076923,0.7123805158413373,1756.0638093948364
959,3,"[38, 3, 47, 54, 27, 45, 74, 28, 9, 65]",8.86,1738.4500000000012,76.88301282051282,0.6155665448078742,1757.033653497696
960,0,"[55, 98, 50, 34, 42, 29, 58, 1, 52, 68]",8.36,1689.6199999999997,73.28725961538461,0.6675321517082361,1758.0591979026794
961,2,"[41, 85, 16, 78, 22, 63, 82, 18, 59, 39]",8.66,1698.3500000000004,77.29366987179488,0.5891611599005185,1764.0009717941284
962,4,"[88, 7, 70, 12, 86, 67, 80, 53, 51, 94]",8.01,1884.8600000000004,75.83133012820512,0.6176943198228494,1766.0279333591461
966,3,"[28, 8, 74, 54, 17, 3, 20, 91, 47, 45]",8.86,1752.310000000001,75.21033653846153,0.6255419181707578,1772.613382101059
971,3,"[27, 9, 45, 47, 74, 3, 93, 81, 30, 87]",8.84,1766.150000000001,75.76121794871794,0.6031858607744559,1780.7470936775208
972,4,"[62, 70, 94, 88, 75, 7, 35, 92, 67, 51]",7.46,1897.3200000000004,71.96514423076923,0.732356594159053,1783.5902519226074
973,0,"[83, 11, 32, 52, 68, 10, 55, 1, 77, 33]",7.61,1702.2299999999996,71.89503205128206,0.7055173432215666,1785.3450887203217
974,1,"[71, 57, 13, 79, 15, 14, 21, 5, 40, 4]",8.72,1396.6600000000008,75.77123397435898,0.6264009200609647,1786.5793991088867
976,3,"[47, 96, 74, 81, 3, 8, 30, 91, 27, 65]",8.84,1779.990000000001,77.51402243589743,0.596866929378265,1789.5859880447388
977,4,"[73, 53, 67, 62, 25, 2, 76, 88, 7, 75]",8.22,1910.5400000000004,66.796875,0.8844547004271777,1792.6214807033539
978,0,"[32, 33, 34, 6, 83, 58, 1, 29, 69, 11]",6.06,1713.2899999999995,73.37740384615384,0.6725368217015878,1793.642644405365
979,1,"[90, 49, 99, 37, 14, 40, 66, 31, 26, 57]",9.1,1410.7600000000007,71.28405448717949,0.6961062359504211,1795.0639078617096
980,2,"[23, 22, 97, 16, 61, 41, 82, 63, 95, 46]",9.11,1712.4600000000003,74.44911858974359,0.6859637449185053,1795.8897614479065
981,3,"[93, 81, 17, 74, 47, 38, 8, 30, 9, 20]",8.81,1793.8000000000009,66.97716346153847,0.768560141324997,1797.6194067001343
982,4,"[51, 75, 43, 86, 7, 12, 62, 94, 25, 67]",6.17,1921.7100000000005,73.57772435897436,0.6728307845500799,1800.8570806980133
983,0,"[34, 77, 58, 6, 42, 33, 69, 52, 1, 11]",8.35,1726.6399999999994,74.46915064102564,0.6715607394774755,1802.788518667221
984,1,"[90, 21, 71, 44, 99, 14, 40, 15, 13, 57]",8.7,1424.4600000000007,76.90304487179488,0.6140526021138216,1804.3137001991272
985,2,"[16, 95, 84, 85, 41, 46, 18, 97, 64, 24]",8.66,1726.1200000000003,74.82972756410257,0.6219944961560078,1805.3226428031921
986,3,"[54, 47, 96, 91, 87, 28, 38, 17, 93, 9]",8.83,1807.6300000000008,76.97315705128206,0.5825661382614038,1806.463809967041
987,4,"[76, 75, 12, 53, 2, 51, 73, 86, 7, 67]",8.22,1934.9300000000005,75.89142628205128,0.631107774300453,1809.1132333278656
988,0,"[11, 10, 98, 69, 52, 32, 6, 42, 33, 55]",8.36,1739.9999999999993,69.97195512820512,0.7842306143198258,1812.0564906597137
989,1,"[79, 57, 71, 5, 37, 21, 26, 44, 13, 31]",8.95,1438.4100000000008,75.97155448717949,0.6546370062308434,1814.150295495987
991,3,"[38, 65, 91, 48, 8, 3, 45, 30, 87, 27]",8.75,1821.3800000000008,74.21875,0.6506739029517541,1815.2301063537598
992,4,"[12, 92, 67, 86, 62, 76, 75, 53, 2, 70]",7.51,1947.4400000000005,75.97155448717949,0.6238430952414488,1817.5798032283783
993,0,"[69, 68, 98, 10, 50, 77, 1, 11, 42, 29]",8.36,1753.3599999999992,74.1786858974359,0.6691059195078336,1821.7220060825348
994,1,"[4, 21, 57, 71, 13, 79, 44, 37, 49, 90]",7.73,1451.1400000000008,66.50641025641026,0.774882626075011,1823.541267633438
997,3,"[96, 45, 38, 8, 81, 93, 9, 74, 3, 47]",8.84,1835.2200000000007,69.62139423076923,0.7547169075562403,1826.561196088791
998,0,"[72, 29, 11, 42, 32, 98, 33, 68, 77, 52]",8.45,1766.8099999999993,72.42588141025641,0.7203851800698501,1831.403887271881
999,1,"[13, 56, 40, 66, 44, 99, 57, 71, 21, 26]",9.22,1465.3600000000008,76.42227564102564,0.5857254266738892,1832.132008075714
1002,3,"[30, 74, 27, 28, 48, 3, 47, 20, 8, 93]",8.92,1849.1400000000008,75.75120192307692,0.6014429284976079,1834.7018854618073
1003,0,"[69, 11, 33, 68, 77, 1, 32, 58, 42, 83]",8.34,1780.1499999999992,75.4306891025641,0.6467581590016683,1840.7578341960907
1008,3,"[74, 30, 28, 87, 47, 81, 48, 9, 27, 38]",8.88,1863.020000000001,75.0801282051282,0.6215703636407852,1849.1174998283386
1009,4,"[7, 67, 25, 80, 92, 12, 86, 94, 73, 70]",8.27,1960.7100000000005,75.36057692307692,0.6291869420271653,1850.037892818451
1011,2,"[85, 46, 39, 78, 84, 59, 22, 64, 89, 82]",7.89,1739.0100000000004,73.5576923076923,0.6627338520991497,1852.5144052505493
1012,0,"[50, 52, 1, 33, 98, 83, 32, 58, 6, 10]",7.61,1792.759999999999,70.63301282051282,0.736034339819199,1853.748844385147
1013,3,"[38, 65, 47, 96, 27, 54, 8, 20, 3, 28]",8.86,1876.8800000000008,77.18349358974359,0.6262225718834461,1858.0936374664307
1015,4,"[2, 86, 12, 94, 92, 88, 7, 73, 70, 67]",8.24,1973.9500000000005,73.8681891025641,0.6542963752379785,1860.0869612693787
1016,2,"[24, 46, 95, 64, 85, 16, 22, 84, 18, 89]",7.89,1751.9000000000005,74.58934294871794,0.6997607067609445,1860.7174229621887
1017,0,"[72, 77, 50, 52, 10, 58, 6, 42, 98, 69]",8.43,1806.1899999999991,76.07171474358974,0.6119290475661938,1863.0612709522247
1021,1,"[56, 40, 31, 79, 49, 15, 71, 44, 13, 66]",8.9,1479.260000000001,76.9130608974359,0.6106855326738113,1869.3933653831482
1022,2,"[19, 41, 46, 16, 39, 61, 18, 64, 63, 97]",9.15,1766.0500000000006,76.84294871794872,0.5948545164786853,1872.5665485858917
1023,3,"[38, 20, 47, 54, 3, 96, 48, 87, 30, 65]",8.93,1890.8100000000009,74.54927884615384,0.6223647181804364,1876.312163591385
1024,4,"[7, 51, 25, 35, 70, 76, 53, 75, 12, 80]",8.03,1986.9800000000005,73.22716346153847,0.6475647088044729,1877.135635137558
1025,0,"[11, 33, 55, 52, 29, 10, 77, 69, 50, 98]",7.62,1818.809999999999,68.53966346153847,0.801564484834671,1877.794444322586
1026,1,"[40, 4, 57, 99, 71, 14, 56, 90, 37, 21]",8.92,1493.180000000001,69.37099358974359,0.7444831209305005,1878.620455980301
1027,2,"[18, 46, 63, 16, 19, 78, 41, 0, 82, 60]",8.68,1779.7300000000007,76.75280448717949,0.6111092945704093,1881.9713366031647
1030,4,"[75, 53, 12, 86, 67, 92, 2, 51, 88, 25]",7.38,1999.3600000000006,71.63461538461539,0.7207137850614694,1886.1447942256927
1031,0,"[72, 34, 83, 29, 68, 50, 98, 32, 33, 10]",7.89,1831.6999999999991,72.15544871794872,0.68871326591724,1887.4736626148224
1032,1,"[4, 21, 14, 40, 15, 13, 49, 31, 99, 79]",8.72,1506.900000000001,78.38541666666667,0.5847407453335248,1891.315464258194
1033,3,"[28, 20, 8, 96, 3, 48, 45, 17, 30, 87]",8.77,1904.5800000000008,74.96995192307692,0.629424648025097,1893.3457686901093
1034,2,"[89, 63, 85, 59, 41, 46, 24, 18, 95, 60]",8.66,1793.3900000000008,69.44110576923077,0.7301750549903283,1894.0763027668
1035,4,"[86, 80, 62, 2, 73, 51, 92, 25, 75, 43]",8.25,2012.6100000000006,69.39102564102564,0.8094346569134638,1895.1031448841095
1036,0,"[98, 68, 83, 52, 42, 55, 11, 10, 72, 6]",8.43,1845.1299999999992,72.00520833333333,0.7011359941500884,1897.1336226463318
1037,1,"[26, 71, 56, 40, 66, 21, 13, 44, 4, 37]",9.22,1521.120000000001,77.2636217948718,0.5859023397549604,1900.877366065979
1038,3,"[81, 30, 9, 28, 65, 27, 54, 48, 47, 87]",8.89,1918.470000000001,74.8798076923077,0.644861965225293,1901.6108348369598
1039,2,"[85, 36, 82, 23, 64, 60, 18, 46, 19, 61]",9.1,1807.4900000000007,75.72115384615384,0.6184931573195335,1902.7407116889954
1040,4,"[73, 80, 2, 12, 51, 94, 43, 62, 88, 35]",8.24,2025.8500000000006,75.14022435897436,0.6820761935833173,1903.3797800540924
1041,0,"[55, 10, 1, 58, 68, 83, 29, 77, 32, 42]",8.35,1858.479999999999,75.42067307692308,0.6511597132835633,1906.722397327423
1042,1,"[5, 99, 49, 15, 79, 37, 56, 90, 13, 31]",8.6,1534.720000000001,73.24719551282051,0.6629444116201156,1910.2672274112701
1043,3,"[65, 30, 27, 8, 91, 48, 93, 45, 87, 47]",8.89,1932.360000000001,76.2920673076923,0.6434461856499697,1911.4203956127167
1045,4,"[86, 51, 53, 70, 43, 35, 62, 94, 92, 76]",7.5,2038.3500000000006,72.59615384615384,0.6896224946547778,1912.530266046524
1046,0,"[68, 69, 98, 32, 34, 42, 33, 77, 83, 58]",8.35,1871.829999999999,70.34254807692308,0.7637425382167865,1916.1726706027985
1047,1,"[4, 79, 56, 21, 66, 99, 40, 71, 90, 14]",8.92,1548.640000000001,74.89983974358974,0.6546141050564938,1919.0086810588837
1048,0,"[10, 77, 98, 34, 72, 52, 55, 68, 58, 6]",7.93,1884.759999999999,71.02363782051282,0.7343848118415246,1919.8851644992828
1050,3,"[8, 17, 96, 27, 87, 54, 3, 30, 38, 91]",8.15,1945.5100000000011,72.98677884615384,0.6412880634650205,1920.925380706787
1051,4,"[92, 35, 86, 73, 51, 53, 88, 70, 2, 94]",8.23,2051.580000000001,74.10857371794872,0.6952531865009894,1925.4679026603699
1052,1,"[4, 26, 71, 13, 31, 56, 44, 99, 21, 37]",9.04,1562.680000000001,74.70953525641026,0.6855518405254071,1927.602823972702
1056,3,"[38, 28, 47, 20, 8, 48, 45, 3, 87, 9]",8.92,1959.4300000000012,75.60096153846153,0.6265932115224692,1933.739450931549
1057,1,"[57, 99, 44, 31, 40, 37, 14, 26, 90, 15]",9.07,1576.750000000001,75.56089743589743,0.6552151880967312,1934.3691947460175
1058,0,"[50, 1, 98, 72, 6, 10, 42, 69, 29, 52]",8.43,1898.1899999999991,77.35376602564102,0.5836791740014002,1936.814294576645
1059,2,"[85, 84, 63, 24, 97, 46, 41, 78, 89, 95]",8.66,1821.1500000000008,73.48758012820512,0.6748508780430524,1938.0516846179962
1060,4,"[35, 43, 53, 25, 2, 92, 67, 12, 88, 94]",7.38,2063.960000000001,62.33974358974359,0.9614784266704168,1939.5846116542816
1061,3,"[65, 87, 54, 81, 17, 30, 74, 93, 8, 38]",7.14,1971.5700000000013,77.3838141025641,0.582373117407163,1942.9191629886627
1062,0,"[32, 69, 58, 72, 29, 34, 55, 42, 11, 33]",8.4,1911.5899999999992,77.45392628205128,0.6097248838498042,1943.7897400856018
1063,1,"[99, 26, 13, 44, 56, 31, 79, 57, 40, 5]",9.18,1590.930000000001,77.84455128205128,0.5869331913880813,1946.7414350509644
1065,4,"[35, 92, 25, 67, 2, 51, 86, 88, 53, 43]",7.38,2076.340000000001,77.87459935897436,0.5941294936033396,1949.0562782287598
1066,3,"[8, 17, 54, 48, 74, 45, 3, 27, 91, 9]",8.74,1985.3100000000013,75.09014423076923,0.6895493815342585,1951.7932381629944
1067,0,"[1, 98, 10, 83, 33, 6, 42, 68, 52, 34]",8.36,1924.9499999999991,77.00320512820512,0.5982394990248557,1953.3235776424408
1070,2,"[22, 0, 18, 95, 97, 64, 61, 84, 16, 89]",9.09,1835.2400000000007,75.75120192307692,0.6294716802927164,1958.4908850193024
1071,3,"[74, 9, 93, 54, 27, 20, 8, 65, 91, 96]",6.97,1997.2800000000013,76.9931891025641,0.6441207642738636,1960.2989611625671
1072,0,"[58, 52, 6, 42, 68, 29, 10, 34, 77, 55]",8.36,1938.309999999999,74.32892628205128,0.6858374400016589,1962.940729379654
1073,1,"[44, 13, 71, 5, 37, 26, 15, 79, 57, 66]",8.95,1604.880000000001,77.87459935897436,0.5708169982983515,1964.3686678409576
1074,4,"[80, 76, 94, 67, 12, 75, 73, 51, 92, 88]",8.27,2089.610000000001,76.03165064102564,0.6191006956192163,1965.3951120376587
1075,2,"[95, 89, 82, 84, 41, 16, 46, 0, 36, 63]",8.66,1848.9000000000008,74.1786858974359,0.646590421979244,1967.9401681423187
1076,3,"[47, 96, 81, 87, 74, 30, 20, 45, 9, 65]",8.84,2011.1200000000013,74.20873397435898,0.6487542142470678,1969.2716834545135
1077,0,"[83, 55, 52, 50, 33, 1, 77, 58, 6, 32]",7.61,1950.919999999999,76.46233974358974,0.626365567629154,1972.653268814087
1078,1,"[15, 66, 5, 31, 14, 44, 21, 13, 79, 57]",7.15,1617.030000000001,63.361378205128204,0.8867221765029125,1973.2244431972504
1079,4,"[67, 86, 25, 94, 51, 12, 53, 73, 70, 88]",8.22,2102.830000000001,76.38221153846153,0.6106726404948112,1975.0891571044922
1080,2,"[22, 95, 63, 59, 23, 39, 36, 64, 18, 60]",7.89,1861.7900000000009,74.1386217948718,0.6611333875319897,1977.4857110977173
1082,0,"[52, 6, 98, 83, 33, 72, 11, 77, 55, 42]",8.43,1964.349999999999,77.17347756410257,0.5944752269066297,1981.9264855384827
1084,1,"[49, 14, 4, 40, 57, 44, 26, 90, 56, 37]",9.24,1631.2700000000011,73.36738782051282,0.6808320337381119,1983.5483503341675
1085,2,"[95, 60, 64, 39, 22, 78, 61, 0, 84, 97]",9.09,1875.8800000000008,76.03165064102564,0.637067225881112,1986.4750792980194
1086,3,"[47, 20, 3, 87, 96, 81, 48, 93, 30, 54]",8.91,2025.0300000000013,72.85657051282051,0.7515653547568198,1986.9946236610413
1087,0,"[52, 11, 29, 98, 68, 58, 83, 1, 50, 10]",7.62,1976.969999999999,75.72115384615384,0.6361532597205578,1990.5426824092865
1088,4,"[12, 88, 51, 43, 75, 7, 67, 94, 62, 86]",6.17,2114.000000000001,77.23357371794872,0.5964295986371163,1991.9794340133667
1089,1,"[13, 56, 79, 31, 26, 14, 40, 99, 66, 15]",9.21,1645.4800000000012,76.43229166666667,0.6082943968283825,1993.205994129181
1092,3,"[96, 87, 8, 48, 54, 9, 93, 28, 27, 81]",8.73,2038.7600000000014,76.92307692307692,0.6028815847940934,1997.0125496387482
1093,4,"[35, 88, 67, 73, 75, 53, 51, 43, 12, 7]",8.22,2127.2200000000007,71.25400641025641,0.7778454071436173,2001.4533185958862
1094,1,"[15, 79, 71, 49, 13, 57, 26, 31, 90, 66]",8.97,1659.4500000000012,75.33052884615384,0.6098347138135861,2002.4785778522491
1095,2,"[85, 95, 24, 97, 19, 84, 18, 22, 89, 46]",7.68,1888.5600000000009,74.94991987179488,0.6371114211968887,2004.7093234062195
1096,0,"[50, 68, 72, 29, 11, 10, 52, 77, 42, 34]",8.42,1990.389999999999,76.32211538461539,0.5976579896150491,2005.6858048439026
1098,4,"[35, 51, 94, 12, 92, 73, 75, 7, 76, 2]",8.24,2140.4600000000005,74.5693108974359,0.6507814969771948,2010.711481809616
1099,1,"[40, 66, 56, 99, 79, 57, 15, 31, 13, 26]",9.21,1673.6600000000012,77.72435897435898,0.5938174204948621,2012.1574895381927
1100,2,"[89, 19, 63, 39, 95, 16, 18, 78, 41, 59]",8.68,1902.240000000001,75.98157051282051,0.6686702974331684,2013.6840026378632
1101,0,"[6, 98, 55, 50, 11, 33, 29, 32, 72, 34]",7.89,2003.279999999999,77.32371794871794,0.5936732800343097,2015.1342554092407
1103,3,"[93, 20, 28, 27, 54, 96, 38, 30, 3, 74]",8.22,2051.9800000000014,76.79286858974359,0.6099358739761206,2019.0450930595398
1104,1,"[21, 56, 90, 5, 79, 13, 99, 40, 44, 57]",8.87,1687.530000000001,70.85336538461539,0.6961455608789737,2021.372786283493
1105,2,"[82, 46, 18, 63, 41, 24, 23, 16, 97, 95]",8.66,1915.900000000001,76.45232371794872,0.6078342795372009,2022.1888563632965
1106,0,"[69, 32, 58, 55, 10, 34, 72, 11, 52, 83]",7.91,2016.1899999999991,74.73958333333333,0.6166346661555462,2024.185385465622
1108,3,"[93, 65, 38, 81, 17, 27, 91, 48, 45, 3]",8.75,2065.7300000000014,77.2235576923077,0.6124923733564523,2028.6060450077057
1111,2,"[63, 95, 82, 22, 84, 36, 18, 16, 59, 78]",6.32,1927.220000000001,76.67267628205128,0.6035392135381699,2032.7525990009308
1112,4,"[88, 12, 25, 2, 62, 94, 73, 76, 35, 92]",8.23,2153.6900000000005,73.97836538461539,0.6601922798615235,2033.4211723804474
1113,3,"[28, 20, 87, 30, 96, 54, 38, 45, 48, 65]",8.75,2079.4800000000014,69.78165064102564,0.8186505803695092,2037.8502542972565
1114,1,"[90, 26, 5, 21, 13, 4, 44, 71, 57, 66]",8.96,1701.4900000000011,75.21033653846153,0.6742685857491616,2039.0893077850342
1118,3,"[8, 81, 17, 38, 96, 93, 20, 47, 3, 74]",8.83,2093.3100000000013,78.28525641025641,0.580106299657088,2047.4030792713165
1119,1,"[5, 14, 79, 13, 31, 49, 57, 40, 15, 26]",9.1,1715.590000000001,75.93149038461539,0.6391322582195966,2048.0506703853607
1120,0,"[68, 34, 29, 1, 33, 72, 98, 83, 42, 58]",8.41,2029.5999999999992,71.38421474358974,0.7274188120395709,2050.269522190094
1121,3,"[65, 17, 47, 93, 74, 8, 38, 9, 30, 27]",8.82,2107.1300000000015,73.67788461538461,0.6459018072256675,2051.118819475174
1123,2,"[46, 18, 19, 39, 22, 61, 23, 59, 85, 95]",9.09,1941.3100000000009,74.66947115384616,0.6804518118882791,2057.050416946411
1125,0,"[68, 42, 33, 10, 50, 32, 55, 1, 83, 98]",8.34,2042.9399999999991,77.14342948717949,0.5939154716638418,2059.2778482437134
1126,3,"[38, 93, 96, 54, 48, 30, 47, 45, 28, 74]",8.92,2121.0500000000015,77.66426282051282,0.57275213377598,2059.9072439670563
1127,4,"[67, 80, 53, 76, 35, 86, 51, 25, 7, 88]",8.01,2166.7000000000007,77.83453525641026,0.5812124919432861,2061.242543697357
1128,2,"[41, 59, 61, 0, 82, 36, 24, 19, 39, 16]",9.12,1955.4300000000007,72.15544871794872,0.8182450104982425,2066.6402513980865
1132,4,"[88, 62, 35, 80, 7, 86, 94, 53, 73, 25]",8.24,2179.9400000000005,75.3505608974359,0.6237998310572062,2070.5331103801727
1133,2,"[18, 36, 63, 84, 85, 46, 61, 24, 59, 82]",9.07,1969.5000000000007,75.29046474358974,0.6439353281106704,2075.566817045212
1134,0,"[83, 98, 50, 69, 77, 32, 58, 52, 6, 11]",7.62,2055.559999999999,70.703125,0.7934261591006548,2076.893471479416
1135,1,"[4, 14, 44, 79, 26, 49, 40, 56, 99, 13]",9.23,1729.820000000001,75.76121794871794,0.6350478812670096,2077.7480261325836
1137,4,"[75, 80, 92, 7, 2, 12, 62, 70, 35, 76]",8.05,2192.9900000000007,76.33213141025641,0.6306562106578778,2078.8221566677094
1138,2,"[19, 63, 95, 61, 23, 46, 36, 41, 64, 18]",9.14,1983.6400000000008,73.4775641025641,0.6866822315332217,2082.3539793491364
1139,0,"[33, 10, 1, 34, 68, 42, 52, 32, 98, 50]",8.36,2068.919999999999,73.06690705128206,0.6781401064915534,2086.3019926548004
1142,3,"[91, 96, 3, 8, 65, 74, 87, 28, 30, 27]",8.22,2134.2700000000013,72.55608974358974,0.69684393512897,2088.4531915187836
1143,2,"[0, 61, 24, 22, 59, 41, 36, 18, 97, 78]",9.11,1997.7500000000007,75.60096153846153,0.649123917787503,2090.5781710147858
1144,0,"[55, 32, 33, 6, 52, 83, 68, 10, 58, 34]",7.61,2081.5299999999993,74.0985576923077,0.6681257283840424,2094.897887945175
1145,1,"[49, 66, 40, 26, 37, 15, 13, 5, 21, 4]",9.1,1743.920000000001,78.56570512820512,0.582947348172848,2095.7353160381317
1146,4,"[76, 73, 92, 94, 43, 2, 70, 25, 88, 75]",8.24,2206.2300000000005,74.39903846153847,0.6468241547162716,2096.4431631565094
1147,3,"[8, 20, 48, 91, 3, 54, 47, 27, 28, 96]",8.92,2148.1900000000014,75.69110576923077,0.6137529302101868,2098.0967671871185
1148,2,"[89, 82, 18, 95, 24, 22, 46, 36, 39, 16]",5.77,2008.5200000000007,75.26041666666667,0.6238594009326055,2099.0199658870697
1152,4,"[51, 86, 12, 94, 35, 80, 2, 76, 67, 92]",8.03,2219.2600000000007,74.609375,0.6327800685778643,2105.9862072467804
1153,3,"[28, 47, 81, 87, 93, 9, 45, 20, 27, 96]",8.84,2162.0300000000016,73.22716346153847,0.6365417039547211,2107.4946253299713
1159,0,"[10, 52, 6, 33, 50, 42, 11, 29, 58, 1]",8.35,2094.879999999999,77.67427884615384,0.5783035281376961,2123.466988325119
1160,4,"[94, 7, 88, 51, 43, 53, 12, 25, 75, 35]",6.37,2230.6300000000006,75.53084935897436,0.6315472225348154,2124.579760789871
1161,1,"[40, 26, 44, 90, 14, 15, 57, 37, 21, 31]",9.07,1757.990000000001,72.40584935897436,0.7233975995809604,2125.632771730423
1164,3,"[27, 93, 81, 28, 74, 20, 47, 38, 45, 87]",8.83,2175.8600000000015,76.88301282051282,0.5972044200469286,2132.044197320938
1165,4,"[62, 53, 75, 92, 7, 12, 25, 2, 88, 35]",7.39,2243.0200000000004,73.25721153846153,0.6891946555712284,2134.7262206077576
1169,3,"[9, 47, 45, 96, 65, 74, 27, 93, 54, 8]",8.83,2189.6900000000014,71.5244391025641,0.6769112921678103,2140.070276737213
1170,4,"[88, 62, 86, 12, 25, 67, 7, 43, 73, 76]",8.22,2256.2400000000002,76.00160256410257,0.6183477915250338,2143.987045288086
1174,3,"[65, 81, 30, 38, 20, 27, 91, 48, 74, 93]",8.73,2203.4200000000014,72.41586538461539,0.655784921004222,2148.9417028427124
1175,4,"[25, 92, 53, 80, 51, 2, 86, 35, 73, 7]",8.26,2269.5000000000005,74.59935897435898,0.6276605220941397,2152.88090801239
1176,0,"[98, 10, 29, 33, 77, 34, 42, 32, 6, 50]",8.36,2108.2399999999993,71.9150641025641,0.7211728799037445,2154.1159048080444
1179,1,"[66, 15, 13, 99, 5, 31, 90, 44, 49, 57]",7.67,1770.660000000001,72.44591346153847,0.6589599416041986,2157.8180103302
1180,4,"[2, 75, 51, 67, 43, 86, 7, 92, 12, 25]",7.39,2281.8900000000003,76.81290064102564,0.5939400161688144,2161.9600508213043
1181,0,"[1, 11, 42, 72, 6, 50, 55, 32, 68, 34]",8.39,2121.629999999999,72.44591346153847,0.7092261635340177,2163.7918648719788
1182,2,"[19, 22, 64, 95, 24, 78, 0, 41, 84, 46]",8.68,2022.2000000000007,75.98157051282051,0.5884438378688617,2164.5208406448364
1183,3,"[17, 27, 38, 87, 9, 93, 28, 45, 48, 91]",8.73,2217.1500000000015,76.78285256410257,0.5999318781571511,2165.120501756668
1184,1,"[14, 44, 13, 40, 37, 31, 26, 71, 56, 99]",9.19,1784.850000000001,76.75280448717949,0.5727310429016749,2166.4462904930115
1185,4,"[25, 2, 88, 76, 75, 53, 70, 86, 7, 94]",7.3,2294.1900000000005,74.06850961538461,0.6531362503002851,2170.4853658676147
1186,0,"[52, 50, 42, 55, 6, 77, 83, 32, 10, 1]",8.35,2134.979999999999,77.93469551282051,0.5701168412581469,2172.33082818985
1187,2,"[41, 63, 23, 85, 89, 82, 97, 84, 18, 61]",9.11,2036.3100000000006,78.0448717948718,0.5810666271509268,2174.257329940796
1190,1,"[26, 15, 4, 90, 44, 13, 31, 37, 71, 99]",8.94,1798.790000000001,77.4238782051282,0.5944856737668698,2179.023540496826
1191,0,"[1, 11, 34, 29, 68, 55, 10, 69, 83, 72]",7.87,2147.849999999999,77.57411858974359,0.5621555757064086,2182.06277179718
1192,2,"[84, 95, 22, 97, 63, 46, 19, 64, 85, 0]",7.93,2049.2400000000007,77.41386217948718,0.579691720314515,2182.792069196701
1193,4,"[12, 25, 7, 88, 43, 92, 53, 80, 67, 70]",8.03,2307.2200000000007,76.28205128205128,0.5990419873060324,2183.8154566287994
1194,3,"[27, 8, 54, 65, 38, 9, 93, 96, 74, 45]",8.36,2230.5100000000016,76.953125,0.6316339499675311,2184.7395100593567
1195,1,"[71, 15, 26, 56, 57, 21, 79, 13, 90, 49]",9.08,1812.870000000001,76.33213141025641,0.6123806073879584,2187.970225572586
1196,0,"[42, 55, 83, 32, 68, 98, 58, 77, 50, 11]",8.36,2161.209999999999,77.11338141025641,0.5997148736929282,2188.9846742153168
1197,2,"[59, 0, 41, 97, 85, 89, 63, 18, 19, 84]",8.67,2062.9100000000008,78.515625,0.5615399158917941,2191.435088157654
1198,4,"[70, 76, 43, 94, 73, 53, 75, 12, 62, 92]",8.24,2320.4600000000005,78.38541666666667,0.5544255738839124,2193.250601053238
1199,3,"[20, 47, 54, 28, 91, 48, 87, 74, 45, 96]",8.91,2244.4200000000014,72.64623397435898,0.7139979765201226,2194.373639345169
1200,1,"[14, 71, 13, 15, 49, 66, 37, 90, 31, 56]",8.63,1826.5000000000011,76.78285256410257,0.6265779970548092,2196.200203180313
1201,0,"[50, 83, 6, 10, 32, 34, 77, 33, 29, 68]",5.85,2172.059999999999,74.9599358974359,0.6768872057780241,2198.679812192917
1202,2,"[84, 41, 64, 82, 63, 36, 0, 78, 18, 22]",8.68,2076.5900000000006,76.5625,0.6119758517314227,2200.0117111206055
1203,4,"[76, 12, 53, 86, 70, 7, 43, 2, 35, 94]",7.33,2332.7900000000004,72.91666666666667,0.6580818375715842,2202.808944940567
1204,3,"[81, 38, 48, 65, 45, 74, 20, 96, 87, 93]",8.74,2258.160000000001,73.34735576923077,0.6835795174806546,2204.2361001968384
1205,1,"[15, 37, 90, 79, 4, 49, 5, 40, 13, 57]",8.71,1840.2100000000012,74.28886217948718,0.6520684074897033,2205.1750514507294
1206,0,"[55, 32, 1, 72, 52, 6, 33, 34, 42, 68]",8.4,2185.459999999999,72.64623397435898,0.664385071167579,2208.3152990341187
1207,2,"[16, 39, 59, 61, 89, 97, 41, 78, 95, 46]",9.11,2090.7000000000007,77.16346153846153,0.5931073140639526,2209.015305042267
1208,4,"[62, 43, 53, 75, 7, 2, 25, 12, 51, 70]",7.24,2345.03,78.27524038461539,0.5707671157060525,2211.550565958023
1209,3,"[27, 96, 87, 38, 28, 45, 3, 91, 74, 9]",8.41,2271.570000000001,75.0,0.6529952127199906,2213.9277284145355
1211,1,"[66, 56, 44, 5, 71, 37, 79, 21, 26, 40]",9.2,1854.4100000000012,74.83974358974359,0.6394019642701516,2215.0275468826294
1212,2,"[59, 41, 97, 22, 63, 78, 46, 23, 89, 85]",8.66,2104.3600000000006,72.7363782051282,0.6742398448479481,2217.6758716106415
1213,4,"[88, 12, 67, 80, 51, 7, 75, 53, 35, 92]",8.03,2358.0600000000004,76.2920673076923,0.5983241903476226,2220.105242729187
1214,3,"[45, 20, 17, 96, 81, 54, 28, 48, 93, 47]",8.92,2285.490000000001,75.59094551282051,0.6116880140243433,2222.442742586136
1215,0,"[29, 1, 11, 6, 68, 72, 34, 52, 83, 10]",7.91,2198.369999999999,75.84134615384616,0.5996125680513871,2223.7970628738403
1217,1,"[99, 21, 14, 90, 15, 66, 31, 44, 5, 56]",8.6,1868.0100000000011,78.44551282051282,0.5556395550568899,2226.2937569618225
1218,4,"[43, 75, 7, 12, 51, 73, 35, 94, 67, 53]",8.22,2371.28,78.18509615384616,0.5720395560447986,2229.6308953762054
1219,3,"[20, 45, 30, 87, 65, 96, 93, 3, 38, 8]",8.4,2298.8900000000012,73.7479967948718,0.7733107820535318,2231.443130970001
1222,1,"[37, 66, 4, 71, 13, 44, 57, 79, 49, 26]",8.98,1881.9900000000011,75.92147435897436,0.6304230307921385,2235.12833237648
1223,4,"[2, 51, 86, 35, 70, 25, 92, 80, 62, 76]",8.04,2384.32,77.86458333333333,0.5777029074155368,2237.7665634155273
1224,0,"[72, 68, 29, 50, 55, 33, 34, 6, 98, 58]",7.88,2211.249999999999,75.92147435897436,0.6166536211967468,2238.9910218715668
1225,3,"[17, 65, 91, 3, 87, 28, 8, 81, 9, 47]",8.84,2312.7300000000014,71.6045673076923,0.6820086385959234,2240.116458415985
1228,1,"[26, 40, 56, 14, 44, 49, 21, 31, 5, 57]",9.23,1896.2200000000012,69.87179487179488,0.740720679362615,2246.730226755142
1229,0,"[50, 10, 83, 98, 6, 32, 77, 1, 42, 68]",8.35,2224.599999999999,76.27203525641026,0.6328964053820341,2247.5445291996
1230,3,"[74, 81, 93, 3, 96, 45, 17, 65, 20, 91]",8.4,2326.1300000000015,77.4639423076923,0.5868413750177774,2249.394507408142
1231,2,"[19, 85, 24, 84, 89, 23, 59, 0, 16, 18]",7.68,2117.0400000000004,73.23717948717949,0.7234282688452647,2252.031419277191
1232,4,"[86, 53, 7, 2, 51, 67, 43, 62, 88, 35]",6.38,2395.7000000000003,74.07852564102564,0.6838488567333955,2253.3543009757996
1233,1,"[71, 4, 99, 5, 14, 49, 44, 13, 90, 57]",7.71,1908.9300000000012,72.7764423076923,0.6736754152255181,2255.6890926361084
1234,0,"[34, 10, 11, 52, 29, 6, 50, 42, 98, 33]",8.37,2237.969999999999,78.9863782051282,0.5658042847346036,2256.4570887088776
1235,3,"[27, 45, 28, 81, 48, 30, 17, 38, 65, 93]",8.75,2339.8800000000015,75.48076923076923,0.6186620016128589,2259.109456062317
1236,2,"[23, 63, 19, 97, 59, 60, 61, 24, 39, 89]",9.08,2131.1200000000003,76.33213141025641,0.6264327825644077,2260.8322672843933
1237,4,"[86, 43, 51, 67, 73, 80, 7, 70, 53, 12]",8.25,2408.9500000000003,73.3974358974359,0.7040063868730496,2262.8518409729004
1238,1,"[66, 31, 5, 15, 79, 56, 44, 40, 26, 13]",9.17,1923.1000000000013,79.28685897435898,0.5477793239630185,2263.918897151947
1239,0,"[68, 98, 52, 10, 77, 11, 33, 29, 55, 72]",7.95,2250.9199999999987,74.82972756410257,0.6756816319166086,2265.7506918907166
1244,1,"[49, 90, 79, 31, 71, 56, 44, 57, 14, 15]",8.64,1936.7400000000014,76.82291666666667,0.6078240611614325,2275.134668111801
1245,3,"[87, 8, 9, 47, 65, 93, 45, 17, 74, 38]",8.83,2353.7100000000014,77.19350961538461,0.617567722996076,2277.9632937908173
1247,4,"[35, 88, 25, 7, 80, 53, 75, 76, 86, 70]",8.03,2421.9800000000005,74.92988782051282,0.70480288985448,2281.6121838092804
1248,0,"[58, 29, 34, 11, 50, 55, 42, 6, 98, 69]",8.35,2264.2699999999986,76.88301282051282,0.6095475898339198,2282.571742296219
1249,1,"[44, 31, 14, 99, 79, 5, 66, 49, 26, 56]",9.06,1950.8000000000013,75.72115384615384,0.6277598261069028,2284.1265292167664
1250,3,"[20, 48, 47, 96, 17, 65, 81, 30, 28, 3]",8.94,2367.6500000000015,78.71594551282051,0.5613069786475255,2286.4604206085205
1251,4,"[73, 53, 35, 76, 75, 25, 12, 51, 94, 70]",8.23,2435.2100000000005,75.26041666666667,0.6555828425364617,2287.690396308899
1252,2,"[59, 24, 46, 95, 60, 19, 36, 61, 97, 78]",9.09,2145.2100000000005,73.25721153846153,0.7180293943637457,2290.1266317367554
1253,0,"[1, 6, 83, 34, 29, 42, 33, 69, 52, 32]",8.35,2277.6199999999985,78.9463141025641,0.5764048451032394,2292.258321046829
1254,1,"[21, 90, 31, 13, 26, 57, 37, 79, 14, 40]",9.09,1964.8900000000012,77.18349358974359,0.5985708611133771,2293.5891811847687
1255,3,"[47, 48, 3, 38, 20, 93, 28, 30, 96, 17]",8.94,2381.5900000000015,78.57572115384616,0.5583446117547842,2295.104940891266
1256,4,"[92, 80, 73, 75, 86, 25, 35, 7, 2, 62]",8.26,2448.4700000000007,75.53084935897436,0.6156241324467536,2297.3800871372223
1257,2,"[64, 63, 24, 41, 97, 84, 78, 39, 82, 23]",8.67,2158.8800000000006,77.21354166666667,0.5947271165175315,2298.713890314102
1258,0,"[52, 69, 1, 6, 98, 83, 10, 68, 34, 58]",7.61,2290.2299999999987,70.89342948717949,0.7676725303515409,2301.450951576233
1259,1,"[40, 21, 66, 4, 31, 79, 56, 13, 26, 49]",9.25,1979.1400000000012,70.10216346153847,0.7864814851528559,2303.1633315086365
1261,4,"[70, 53, 92, 73, 35, 80, 94, 86, 67, 12]",8.27,2461.7400000000007,77.88461538461539,0.5698654082341071,2307.083202600479
1262,2,"[39, 64, 84, 60, 59, 41, 46, 16, 0, 82]",8.67,2172.5500000000006,75.20032051282051,0.6239928836241747,2307.627828836441
1263,0,"[98, 52, 50, 33, 6, 72, 32, 10, 68, 83]",7.92,2303.1499999999987,71.61458333333333,0.7247018149265876,2311.2770965099335
1264,1,"[5, 13, 49, 79, 31, 66, 37, 56, 99, 57]",8.63,1992.7700000000013,73.5176282051282,0.6726422760731134,2312.529826402664
1266,3,"[48, 17, 8, 93, 74, 20, 45, 96, 3, 30]",8.76,2395.3500000000017,76.38221153846153,0.653788604033299,2316.4071798324585
1268,2,"[46, 60, 84, 95, 97, 19, 64, 82, 59, 89]",7.94,2185.4900000000007,70.9735576923077,0.7502586730779746,2320.8352179527283
1270,4,"[86, 76, 43, 35, 62, 12, 53, 73, 75, 92]",8.24,2474.9800000000005,79.67748397435898,0.5447364457142658,2322.501230955124
1271,3,"[93, 91, 87, 54, 38, 45, 30, 47, 28, 65]",8.84,2409.190000000002,76.86298076923077,0.5876762439043094,2323.223175048828
1272,0,"[33, 50, 98, 68, 10, 77, 58, 69, 1, 29]",6.04,2314.1899999999987,77.93469551282051,0.5711036740969389,2326.5629844665527
1277,0,"[6, 1, 42, 58, 29, 33, 52, 32, 10, 77]",8.36,2327.549999999999,73.5576923076923,0.6847863426575294,2335.855411052704
1278,2,"[24, 59, 18, 41, 78, 85, 61, 46, 19, 97]",9.13,2199.620000000001,76.73277243589743,0.5917999847577169,2339.3000435829163
1279,4,"[35, 94, 76, 7, 80, 92, 88, 25, 12, 53]",8.03,2488.0100000000007,77.74439102564102,0.5742050607999166,2340.9433007240295
1282,3,"[93, 74, 47, 54, 81, 65, 48, 45, 9, 96]",8.9,2423.090000000002,76.1318108974359,0.6230067824706053,2344.1305787563324
1283,2,"[0, 39, 95, 82, 23, 16, 64, 97, 78, 61]",9.09,2213.710000000001,77.95472756410257,0.5892893072122183,2347.876764535904
1284,4,"[51, 92, 7, 94, 75, 53, 62, 2, 88, 80]",8.01,2501.020000000001,77.51402243589743,0.5620307326316833,2350.1080679893494
1285,0,"[69, 68, 11, 72, 1, 34, 32, 55, 42, 83]",8.38,2340.929999999999,73.87820512820512,0.6953832052457027,2350.7397363185883
1286,1,"[21, 37, 31, 71, 99, 15, 56, 4, 13, 66]",8.61,2006.3800000000012,70.25240384615384,0.8333612626943833,2351.3698151111603
1287,3,"[8, 81, 3, 47, 65, 9, 28, 91, 38, 27]",8.83,2436.920000000002,78.34535256410257,0.5708510669378134,2353.8103387355804
1288,2,"[61, 39, 84, 16, 64, 82, 59, 19, 23, 95]",9.1,2227.810000000001,77.6943108974359,0.5660909574765426,2355.937949180603
1289,4,"[62, 12, 35, 67, 51, 70, 92, 2, 86, 43]",7.46,2513.480000000001,74.65945512820512,0.7052497351780916,2358.6003642082214
1292,3,"[87, 54, 17, 38, 8, 27, 30, 96, 28, 81]",8.03,2449.950000000002,75.33052884615384,0.603106079193262,2363.093068599701
1293,2,"[16, 39, 18, 64, 85, 61, 46, 82, 63, 84]",9.09,2241.900000000001,75.67107371794872,0.6236993227249537,2364.82737326622
1294,4,"[86, 2, 76, 53, 80, 92, 35, 62, 67, 7]",8.03,2526.510000000001,74.30889423076923,0.6535569639542164,2366.7602219581604
1295,0,"[58, 55, 11, 52, 10, 1, 6, 34, 72, 83]",7.91,2353.839999999999,72.52604166666667,0.7069377734875067,2369.892557621002
1296,1,"[90, 21, 40, 14, 66, 4, 26, 31, 13, 49]",9.11,2020.4900000000011,72.43589743589743,0.680762740281912,2370.5637838840485
1297,3,"[48, 28, 87, 45, 8, 9, 96, 38, 91, 81]",8.74,2463.690000000002,78.9863782051282,0.5504996803326484,2371.2963705062866
1298,2,"[84, 36, 0, 89, 82, 95, 18, 63, 19, 22]",7.68,2254.580000000001,78.07491987179488,0.5502779208696805,2373.4577293395996
1299,4,"[67, 12, 75, 25, 76, 92, 73, 62, 35, 51]",8.24,2539.750000000001,77.80448717948718,0.5760327294850961,2374.88179731369
1300,0,"[29, 55, 11, 83, 42, 77, 34, 58, 33, 72]",8.41,2367.2499999999986,73.20713141025641,0.7172596550140625,2379.8490254879
1302,3,"[81, 54, 91, 9, 87, 38, 3, 47, 30, 93]",8.82,2477.510000000002,80.06810897435898,0.5400460683382474,2380.954060792923
1303,2,"[39, 36, 85, 63, 95, 59, 89, 18, 0, 84]",5.85,2265.4300000000007,68.33934294871794,0.7714906342518635,2382.085305452347
1304,4,"[25, 73, 75, 92, 51, 12, 88, 86, 2, 7]",8.23,2552.980000000001,77.8145032051282,0.5782367804875741,2383.1149728298187
1325,4,"[35, 62, 53, 92, 25, 76, 70, 2, 75, 86]",7.5,2565.480000000001,73.67788461538461,0.7071831218707256,2429.213222026825
1330,4,"[53, 51, 43, 70, 35, 7, 86, 75, 76, 2]",7.32,2577.800000000001,75.05008012820512,0.6940756868093442,2438.1529660224915
1331,0,"[6, 77, 11, 68, 33, 98, 34, 52, 50, 29]",7.62,2379.8699999999985,78.74599358974359,0.566313542234592,2439.178433895111
1332,1,"[13, 90, 66, 99, 37, 26, 14, 31, 21, 40]",9.07,2034.560000000001,76.28205128205128,0.6432636139484552,2439.81085062027
1335,3,"[87, 81, 27, 28, 91, 8, 45, 9, 48, 74]",8.73,2491.240000000002,76.33213141025641,0.6480346723244741,2444.945758342743
1336,0,"[72, 69, 58, 98, 29, 50, 68, 32, 52, 33]",7.93,2392.7999999999984,77.88461538461539,0.612122349632092,2449.0915870666504
1339,4,"[7, 67, 75, 88, 94, 92, 86, 51, 25, 76]",7.43,2590.230000000001,79.15665064102564,0.5548738466623502,2450.987458705902
1340,3,"[54, 28, 47, 9, 3, 48, 17, 74, 93, 8]",8.9,2505.140000000002,76.81290064102564,0.5887136039061424,2453.9252071380615
1344,4,"[12, 51, 35, 62, 43, 92, 53, 73, 67, 75]",8.23,2603.460000000001,72.55608974358974,0.687364746362735,2460.4552080631256
1345,3,"[8, 74, 96, 45, 65, 91, 93, 47, 3, 38]",8.86,2519.0000000000023,76.73277243589743,0.5763040547951673,2462.8739507198334
1346,0,"[58, 6, 52, 1, 83, 77, 55, 33, 98, 34]",7.61,2405.4099999999985,71.43429487179488,0.7102823914625706,2466.8119039535522
1347,2,"[16, 84, 23, 39, 89, 78, 64, 46, 63, 36]",7.89,2278.3200000000006,78.48557692307692,0.5736738657340025,2467.742565870285
1348,4,"[80, 70, 92, 67, 51, 43, 12, 7, 53, 2]",8.03,2616.490000000001,73.21714743589743,0.7332943674081411,2468.4964966773987
1349,1,"[56, 13, 4, 57, 44, 15, 26, 90, 37, 31]",9.03,2048.590000000001,79.11658653846153,0.537153273438796,2469.8288280963898
1350,3,"[48, 45, 91, 20, 87, 30, 81, 93, 27, 65]",8.73,2532.7300000000023,77.52403846153847,0.5882616669703753,2471.3602855205536
1353,4,"[70, 92, 53, 43, 25, 2, 12, 35, 7, 76]",7.53,2629.0200000000013,75.07011217948718,0.6604015827178955,2478.057164669037
1354,1,"[37, 21, 5, 15, 90, 31, 49, 13, 66, 56]",8.61,2062.200000000001,79.5673076923077,0.5470794488986334,2479.213401079178
1355,3,"[48, 8, 3, 28, 87, 20, 9, 17, 74, 65]",8.75,2546.4800000000023,73.89823717948718,0.6330368503546103,2480.243144750595
1356,0,"[52, 69, 29, 50, 55, 83, 33, 58, 98, 32]",7.61,2418.0199999999986,75.03004807692308,0.631111876322673,2483.789064884186
1357,4,"[35, 88, 86, 51, 73, 7, 75, 53, 70, 67]",8.22,2642.240000000001,77.28365384615384,0.6010307493882302,2485.7196650505066
1358,2,"[63, 64, 19, 22, 89, 59, 18, 24, 61, 85]",9.1,2292.4200000000005,77.2636217948718,0.6108440122543237,2487.6490561962128
1359,1,"[90, 99, 14, 57, 31, 5, 71, 13, 4, 66]",7.27,2074.470000000001,75.14022435897436,0.6503512756182597,2488.4745268821716
1360,3,"[96, 93, 28, 45, 20, 27, 17, 3, 47, 81]",8.87,2560.350000000002,73.97836538461539,0.6610835660726596,2489.203979730606
1361,0,"[34, 72, 42, 52, 58, 32, 69, 1, 77, 29]",8.42,2431.4399999999987,76.50240384615384,0.6036726503800123,2492.6428265571594
1362,4,"[62, 92, 12, 35, 75, 7, 86, 53, 94, 43]",7.39,2654.630000000001,75.88141025641026,0.6169147758911817,2495.381981611252
1366,0,"[34, 72, 52, 50, 42, 10, 6, 29, 32, 33]",8.41,2444.8499999999985,78.91626602564102,0.5564727859619336,2501.312954902649
1367,4,"[70, 62, 67, 92, 25, 73, 88, 12, 86, 35]",8.24,2667.870000000001,80.28846153846153,0.5193527722970034,2504.664832830429
1371,3,"[74, 30, 54, 28, 45, 87, 96, 81, 9, 27]",8.38,2573.7300000000023,77.37379807692308,0.5792549516145999,2510.10263299942
1372,4,"[35, 94, 67, 2, 53, 75, 70, 43, 73, 25]",8.22,2681.0900000000006,75.40064102564102,0.6177418163189521,2514.354630947113
1373,2,"[22, 24, 16, 41, 46, 89, 18, 60, 82, 95]",8.66,2306.0800000000004,75.30048076923077,0.6846919227869083,2516.6978743076324
1374,0,"[98, 6, 77, 50, 33, 69, 52, 55, 42, 29]",8.37,2458.2199999999984,72.60616987179488,0.7560316022389975,2518.0660536289215
1377,4,"[51, 53, 67, 12, 92, 2, 43, 62, 76, 86]",7.43,2693.5200000000004,77.50400641025641,0.57455025269435,2522.60538315773
1378,2,"[18, 16, 78, 46, 63, 36, 22, 64, 39, 85]",7.9,2318.9800000000005,77.36378205128206,0.5739686802411691,2525.251065969467
1379,0,"[50, 77, 52, 32, 1, 69, 58, 42, 98, 29]",8.37,2471.5899999999983,76.94310897435898,0.6147314363565201,2527.3180978298187
1382,3,"[17, 96, 9, 48, 8, 38, 93, 27, 65, 47]",8.89,2587.620000000002,77.97475961538461,0.577927053738863,2531.917932987213
1383,2,"[59, 39, 84, 18, 78, 0, 19, 63, 85, 60]",7.7,2331.6800000000003,71.73477564102564,0.6954131011779492,2534.25364112854
1384,0,"[55, 69, 11, 29, 98, 33, 68, 6, 83, 1]",6.11,2482.6999999999985,74.20873397435898,0.6564056674639384,2536.180109500885
1387,3,"[28, 65, 93, 96, 74, 30, 91, 38, 3, 27]",8.23,2600.850000000002,75.83133012820512,0.602103230662835,2540.361170530319
1388,2,"[41, 18, 22, 89, 0, 24, 19, 84, 59, 78]",8.68,2345.36,74.23878205128206,0.636660826129791,2543.30868601799
1389,0,"[83, 55, 11, 68, 6, 69, 32, 50, 29, 1]",6.05,2493.7499999999986,77.80448717948718,0.5737953312121905,2545.050628900528
1390,4,"[94, 67, 51, 80, 35, 25, 2, 12, 53, 7]",8.01,2706.5300000000007,74.43910256410257,0.6619737878059729,2546.882771730423
1391,1,"[71, 57, 5, 26, 79, 4, 56, 44, 37, 40]",9.22,2088.690000000001,74.609375,0.642428166209123,2547.5203261375427
1392,3,"[91, 27, 8, 81, 3, 9, 17, 96, 28, 20]",8.2,2614.050000000002,75.23036858974359,0.6106964556070474,2550.0561141967773
1393,2,"[84, 85, 82, 41, 16, 64, 60, 89, 39, 95]",8.67,2359.03,75.75120192307692,0.624604399005572,2551.4860248565674
1394,0,"[77, 69, 83, 98, 10, 68, 55, 32, 6, 50]",5.9,2504.6499999999987,78.41546474358974,0.5556421207311826,2553.926239490509
1395,4,"[51, 86, 76, 25, 43, 7, 75, 88, 62, 80]",8.01,2719.540000000001,75.93149038461539,0.619795581469169,2555.1808021068573
1396,1,"[90, 4, 14, 26, 66, 37, 49, 31, 21, 40]",9.1,2102.790000000001,78.56570512820512,0.5542046744854022,2556.882270336151
1397,3,"[9, 45, 74, 48, 93, 28, 81, 54, 96, 91]",8.74,2627.790000000002,79.27684294871794,0.5499696467931454,2559.321795463562
1398,2,"[23, 24, 97, 85, 64, 19, 61, 84, 22, 82]",9.09,2373.1200000000003,76.69270833333333,0.6373253850600659,2560.3759338855743
1399,0,"[68, 58, 34, 83, 32, 42, 1, 52, 77, 29]",8.36,2518.009999999999,76.50240384615384,0.6230875670145719,2562.7927346229553
1400,4,"[43, 67, 25, 75, 12, 7, 70, 2, 86, 35]",7.25,2731.790000000001,78.91626602564102,0.556221754123003,2564.809041261673
1401,1,"[14, 15, 56, 79, 49, 40, 5, 66, 13, 71]",8.92,2116.710000000001,75.62099358974359,0.6078209735644169,2566.2370076179504
1402,3,"[74, 54, 47, 93, 28, 81, 3, 65, 20, 8]",8.84,2641.630000000002,77.0332532051282,0.5674596272217922,2567.766700029373
1403,2,"[85, 97, 19, 82, 16, 78, 89, 23, 46, 84]",7.68,2385.8,76.65264423076923,0.6166945779934908,2568.8003141880035
1404,0,"[58, 42, 10, 11, 6, 83, 77, 29, 98, 52]",8.38,2531.389999999999,78.21514423076923,0.5828696527542212,2571.3406252861023
1405,4,"[70, 51, 12, 53, 80, 7, 75, 94, 88, 73]",8.25,2745.040000000001,72.78645833333333,0.717648501197497,2573.959264278412
1406,1,"[56, 44, 15, 40, 71, 66, 5, 99, 90, 37]",8.85,2130.560000000001,74.85977564102564,0.6542551150688758,2575.5841495990753
1409,0,"[34, 83, 29, 50, 72, 33, 98, 6, 52, 42]",8.43,2544.819999999999,78.53565705128206,0.5465356761064285,2580.1620512008667
1410,4,"[70, 43, 94, 86, 7, 92, 2, 67, 73, 53]",8.24,2758.2800000000007,76.67267628205128,0.6240680511945333,2583.308401823044
1413,3,"[28, 30, 48, 93, 96, 8, 3, 81, 65, 91]",8.75,2655.380000000002,77.62419871794872,0.5628175139427185,2586.134012699127
1414,2,"[63, 78, 59, 0, 97, 22, 85, 18, 16, 23]",6.3,2397.1000000000004,78.29527243589743,0.5590171057444352,2588.9537398815155
1417,0,"[33, 77, 52, 83, 72, 29, 58, 55, 34, 68]",7.92,2557.739999999999,75.50080128205128,0.6065263664111112,2594.6635236740112
1419,3,"[30, 9, 38, 48, 8, 81, 17, 28, 20, 45]",8.74,2669.1200000000017,72.55608974358974,0.649033323312417,2597.0352008342743
1422,1,"[90, 99, 71, 79, 37, 57, 13, 66, 4, 26]",8.96,2144.520000000001,72.59615384615384,0.7155789557175759,2603.846030473709
1423,2,"[46, 60, 22, 78, 82, 41, 24, 18, 39, 63]",8.66,2410.76,76.55248397435898,0.6115343750287325,2604.5138368606567
1424,3,"[48, 81, 45, 28, 20, 87, 17, 47, 3, 65]",8.94,2683.0600000000018,78.3954326923077,0.5546553700398176,2605.8369886875153
1425,4,"[80, 70, 35, 62, 43, 92, 75, 2, 86, 51]",8.03,2771.310000000001,75.5108173076923,0.6010821347053235,2611.1388573646545
1428,1,"[5, 66, 57, 79, 15, 4, 49, 31, 40, 71]",8.73,2158.250000000001,80.72916666666667,0.5220305044681598,2613.9499974250793
1429,3,"[28, 30, 87, 9, 65, 48, 93, 20, 91, 17]",8.73,2696.790000000002,77.53405448717949,0.5838152972551492,2614.6977849006653
1430,4,"[53, 76, 43, 94, 35, 80, 67, 86, 70, 25]",8.03,2784.340000000001,76.86298076923077,0.5784585521771357,2620.8038096427917
1433,1,"[56, 37, 79, 66, 44, 99, 90, 13, 4, 57]",8.61,2171.860000000001,74.11858974358974,0.660687220402253,2623.5673158168793
1435,4,"[75, 73, 94, 86, 35, 70, 67, 7, 51, 2]",8.22,2797.560000000001,76.93309294871794,0.5874460691060776,2627.5171098709106
1436,0,"[69, 55, 33, 98, 1, 11, 83, 72, 29, 32]",7.89,2570.6299999999987,74.38902243589743,0.6432802753570752,2629.8850042819977
1437,2,"[97, 60, 78, 36, 19, 46, 89, 24, 61, 95]",9.09,2424.8500000000004,72.78645833333333,0.7134554057549207,2631.4173760414124
1438,1,"[66, 71, 57, 79, 44, 4, 14, 13, 15, 49]",7.76,2184.6200000000013,79.04647435897436,0.5644920017474737,2632.9769015312195
1440,3,"[45, 54, 91, 81, 9, 27, 87, 48, 30, 17]",8.73,2710.520000000002,76.07171474358974,0.6458660478775318,2636.5322337150574
1441,0,"[42, 83, 69, 1, 33, 52, 68, 58, 72, 32]",8.4,2584.029999999999,75.10016025641026,0.6788966942291993,2638.3489441871643
1442,2,"[97, 78, 95, 19, 24, 63, 64, 16, 59, 18]",7.95,2437.8,69.81169871794872,0.8015351211413358,2641.0861604213715
1444,4,"[94, 12, 88, 51, 80, 86, 92, 76, 35, 70]",8.05,2810.610000000001,75.54086538461539,0.6055626364854666,2642.6909816265106
1445,3,"[8, 48, 3, 20, 38, 45, 30, 47, 9, 87]",8.92,2724.440000000002,75.54086538461539,0.6822642439450973,2645.0097839832306
1446,0,"[72, 68, 1, 52, 83, 29, 11, 6, 34, 58]",7.91,2596.9399999999987,76.43229166666667,0.6080673035138693,2648.0324108600616
1450,3,"[27, 81, 3, 17, 9, 54, 48, 28, 38, 74]",8.74,2738.1800000000017,76.12179487179488,0.6083007733791302,2654.017304420471
1451,0,"[1, 69, 58, 83, 77, 33, 50, 72, 6, 32]",7.87,2609.8099999999986,75.76121794871794,0.5899230195925786,2657.773710489273
1452,2,"[0, 19, 82, 59, 18, 16, 61, 64, 41, 22]",9.14,2451.94,78.60576923076923,0.5752862806503589,2659.44614982605
1455,3,"[30, 81, 93, 17, 3, 91, 20, 54, 74, 47]",8.83,2752.0100000000016,74.93990384615384,0.6064148682814378,2662.1629631519318
1456,0,"[55, 1, 77, 29, 83, 11, 42, 58, 69, 33]",8.35,2623.1599999999985,79.31690705128206,0.5439698875714571,2667.5308961868286
1461,3,"[9, 48, 65, 81, 17, 93, 28, 20, 45, 87]",8.74,2765.7500000000014,78.41546474358974,0.5549258761681043,2676.346872329712
1463,2,"[23, 0, 39, 24, 36, 63, 18, 46, 85, 41]",8.65,2465.59,75.0400641025641,0.6032740431718338,2679.646513223648
1464,0,"[72, 52, 58, 33, 98, 10, 1, 32, 77, 6]",7.93,2636.0899999999983,72.6161858974359,0.7157357571980892,2681.009597301483
1466,3,"[91, 65, 30, 96, 38, 8, 20, 74, 54, 48]",8.73,2779.4800000000014,70.53285256410257,0.6646366211084219,2685.0005407333374
1469,0,"[29, 58, 11, 52, 69, 77, 98, 34, 68, 32]",7.62,2648.709999999998,73.52764423076923,0.6952101867168378,2690.9352192878723
1471,3,"[96, 45, 20, 8, 47, 91, 38, 48, 87, 74]",8.89,2793.3700000000013,80.12820512820512,0.5123615138805829,2693.6448228359222
1472,4,"[43, 88, 25, 80, 67, 76, 92, 12, 75, 2]",8.03,2823.6400000000012,78.49559294871794,0.5698280750941007,2695.0772268772125
1473,0,"[10, 32, 77, 58, 72, 52, 69, 42, 83, 34]",8.42,2662.1299999999983,76.0917467948718,0.6459074593507327,2695.8976790905
1474,2,"[39, 60, 19, 16, 24, 36, 82, 64, 97, 95]",7.93,2478.52,78.18509615384616,0.6027432557864066,2700.7861328125
1476,3,"[47, 93, 8, 45, 74, 96, 9, 87, 65, 30]",8.84,2807.2100000000014,72.80649038461539,0.6378770405665423,2702.266788959503
1477,4,"[86, 70, 76, 92, 43, 94, 80, 75, 25, 73]",8.27,2836.910000000001,78.13501602564102,0.5935269789053843,2703.575120449066
1478,0,"[34, 6, 69, 52, 33, 98, 68, 77, 55, 32]",7.61,2674.7399999999984,78.22516025641026,0.5575103282164304,2705.592670917511
1479,2,"[24, 22, 59, 82, 23, 36, 61, 63, 0, 64]",9.07,2492.59,77.37379807692308,0.5798377494017283,2710.562937259674
1482,4,"[35, 88, 92, 7, 12, 53, 75, 86, 94, 62]",7.39,2849.300000000001,75.79126602564102,0.6922477181905355,2712.14457821846
1483,0,"[1, 50, 83, 55, 58, 33, 68, 77, 52, 98]",7.61,2687.3499999999985,72.74639423076923,0.8230040562458527,2714.7891240119934
1484,2,"[36, 95, 46, 89, 24, 63, 85, 0, 82, 59]",5.59,2503.1800000000003,74.47916666666667,0.6743475168179243,2719.236303806305
1485,4,"[53, 62, 86, 25, 70, 12, 92, 80, 94, 7]",8.03,2862.3300000000013,76.50240384615384,0.5803624456509565,2720.033009290695
1488,0,"[68, 98, 58, 50, 32, 72, 1, 83, 77, 10]",7.89,2700.2399999999984,77.3036858974359,0.5480808210678589,2724.5008914470673
1489,2,"[24, 18, 85, 41, 36, 84, 64, 59, 0, 22]",8.66,2516.84,76.96314102564102,0.5689497188879893,2727.143823623657
1493,1,"[56, 31, 57, 26, 13, 5, 66, 14, 15, 90]",9.04,2198.660000000001,75.13020833333333,0.6293249493226026,2732.7847063541412
1494,2,"[61, 97, 39, 19, 78, 63, 64, 59, 89, 60]",9.11,2530.9500000000003,77.34375,0.573059924137898,2735.9401981830597
1495,4,"[80, 70, 35, 67, 76, 25, 53, 92, 75, 12]",8.05,2875.3800000000015,77.66426282051282,0.5768455905027878,2739.079712867737
1496,3,"[96, 27, 54, 9, 74, 65, 81, 47, 28, 20]",8.83,2821.0400000000013,75.77123397435898,0.6548494027975278,2739.8953864574432
1497,0,"[52, 68, 58, 32, 6, 10, 42, 33, 34, 69]",8.34,2713.5799999999986,78.30528846153847,0.5886996973019379,2740.7206721305847
1498,1,"[31, 40, 26, 21, 66, 99, 44, 71, 56, 79]",9.2,2212.860000000001,77.98477564102564,0.5707145841457905,2742.533252477646
1499,2,"[46, 16, 97, 78, 36, 18, 63, 19, 89, 84]",7.7,2543.65,79.42708333333333,0.5295373663688318,2744.556667327881
1500,4,"[88, 67, 92, 51, 73, 76, 62, 86, 7, 12]",8.24,2888.6200000000013,77.87459935897436,0.5622316595071402,2748.8947393894196
1502,3,"[93, 91, 17, 28, 96, 9, 65, 45, 48, 74]",8.75,2834.7900000000013,77.41386217948718,0.5872337015775534,2750.2666523456573
1503,1,"[79, 15, 57, 44, 31, 66, 49, 13, 90, 56]",8.62,2226.480000000001,78.42548076923077,0.5614022356577408,2750.882591485977
1504,2,"[89, 95, 0, 63, 78, 46, 24, 19, 16, 97]",7.69,2556.34,80.92948717948718,0.5118316721457702,2753.4246084690094
1505,4,"[86, 43, 7, 25, 62, 70, 92, 67, 51, 12]",7.46,2901.0800000000013,77.89463141025641,0.5848030971410947,2757.4460270404816
1506,0,"[34, 32, 68, 69, 33, 52, 10, 55, 50, 6]",7.6,2726.1799999999985,80.71915064102564,0.5241405761394745,2758.7991440296173
1507,3,"[8, 30, 96, 28, 20, 81, 65, 17, 9, 45]",8.39,2848.180000000001,73.37740384615384,0.6865187325538733,2759.927308320999
1508,1,"[26, 99, 37, 40, 49, 31, 90, 13, 56, 14]",9.2,2240.6800000000007,73.28725961538461,0.6423520377049079,2760.576672554016
1509,2,"[59, 24, 95, 89, 18, 46, 85, 64, 97, 63]",7.89,2569.23,74.90985576923077,0.6200545510420432,2762.301451921463
1510,4,"[86, 76, 67, 35, 7, 43, 80, 73, 62, 12]",8.26,2914.3400000000015,76.01161858974359,0.6400062556450183,2766.4740788936615
1511,0,"[29, 52, 69, 72, 34, 6, 68, 42, 83, 11]",8.41,2739.5899999999983,79.61738782051282,0.5474429711317405,2767.3987321853638
1512,3,"[54, 3, 30, 9, 38, 8, 81, 74, 47, 65]",8.83,2862.010000000001,76.06169871794872,0.5933834356375229,2768.8630986213684
1513,2,"[59, 0, 82, 19, 22, 41, 63, 24, 46, 89]",8.67,2582.9,76.45232371794872,0.5998735756446154,2769.5236949920654
1514,1,"[15, 13, 44, 57, 90, 99, 5, 21, 4, 66]",6.41,2252.0900000000006,79.82772435897436,0.5217666476964951,2771.153182029724
1515,4,"[43, 76, 2, 53, 35, 88, 62, 80, 70, 75]",8.02,2927.3600000000015,75.1201923076923,0.7076146040971463,2775.397350549698
1516,0,"[77, 11, 58, 50, 34, 1, 72, 68, 55, 33]",7.87,2752.459999999998,77.10336538461539,0.6548573099649869,2776.760722875595
1517,3,"[8, 48, 30, 65, 74, 9, 91, 27, 87, 38]",8.73,2875.740000000001,77.41386217948718,0.5907161881526312,2777.5868821144104
1518,2,"[24, 97, 82, 60, 59, 46, 61, 36, 63, 0]",9.07,2596.9700000000003,73.22716346153847,0.7110122446066294,2779.115692615509
1519,1,"[5, 26, 15, 99, 14, 13, 4, 31, 79, 57]",8.96,2266.0500000000006,74.3389423076923,0.6532695499750284,2779.7252271175385
1520,4,"[62, 94, 75, 43, 51, 53, 7, 35, 70, 80]",8.01,2940.3700000000017,75.7411858974359,0.6766824099497918,2783.970022916794
1521,0,"[52, 32, 1, 58, 98, 83, 77, 33, 11, 34]",7.62,2765.079999999998,80.36858974358974,0.519073547843175,2785.6965770721436
1522,3,"[48, 30, 87, 8, 74, 9, 47, 54, 38, 17]",8.87,2889.610000000001,79.1766826923077,0.5285778748683441,2787.2236998081207
1523,2,"[64, 39, 84, 60, 89, 16, 24, 36, 63, 19]",7.94,2609.9100000000003,80.41866987179488,0.5331009847995563,2788.7942600250244
1525,1,"[66, 37, 4, 44, 79, 71, 40, 31, 21, 56]",8.9,2279.9500000000007,74.38902243589743,0.6769335781916593,2793.0300691127777
1526,0,"[11, 50, 34, 68, 58, 98, 83, 6, 1, 10]",6.07,2776.1499999999983,79.4170673076923,0.5506129012658045,2794.953150033951
1527,3,"[17, 65, 81, 28, 9, 38, 74, 91, 87, 8]",8.02,2902.630000000001,75.58092948717949,0.6002887227596381,2796.9150156974792
1529,4,"[62, 2, 25, 75, 88, 51, 7, 86, 12, 94]",5.87,2951.2400000000016,80.57892628205128,0.5252344615948505,2798.961555480957
1530,1,"[37, 57, 13, 90, 56, 21, 40, 79, 26, 44]",9.2,2294.1500000000005,79.83774038461539,0.5343082482234026,2801.499589443207
1531,0,"[50, 1, 34, 52, 32, 11, 68, 42, 83, 58]",8.35,2789.499999999998,77.02323717948718,0.6081569680036643,2802.7235827445984
1534,2,"[59, 18, 41, 78, 85, 82, 95, 39, 63, 19]",8.68,2623.59,79.16666666666667,0.5520247706235983,2808.624894618988
1535,1,"[66, 37, 44, 21, 14, 13, 5, 49, 40, 15]",8.71,2307.8600000000006,73.17708333333333,0.664590998337819,2810.55339550972
1536,0,"[42, 72, 10, 55, 33, 69, 77, 34, 83, 68]",8.39,2802.889999999998,80.45873397435898,0.524878305884508,2812.080722093582
1537,3,"[65, 81, 91, 93, 20, 27, 54, 96, 28, 38]",8.03,2915.660000000001,75.09014423076923,0.6167673671092743,2815.7094786167145
1539,2,"[36, 78, 84, 82, 63, 89, 46, 18, 23, 61]",9.08,2637.67,74.66947115384616,0.6724559492789782,2817.8512506484985
1540,1,"[13, 40, 66, 15, 31, 26, 4, 5, 99, 44]",9.06,2321.9200000000005,76.77283653846153,0.5930294107932311,2819.4524219036102
1541,0,"[11, 58, 32, 33, 83, 72, 29, 55, 77, 42]",8.41,2816.299999999998,79.61738782051282,0.5338308211320486,2821.3856449127197
1544,2,"[64, 19, 46, 84, 63, 41, 18, 23, 16, 89]",8.69,2651.36,74.93990384615384,0.6483939121931027,2827.4792568683624
1546,0,"[77, 83, 58, 50, 55, 33, 98, 69, 6, 52]",7.61,2828.909999999998,79.55729166666667,0.5401714967611508,2830.8314592838287
1547,3,"[27, 28, 20, 30, 17, 9, 93, 3, 91, 81]",8.2,2928.860000000001,74.08854166666667,0.7312919138333737,2833.5833728313446
1549,2,"[60, 85, 36, 78, 46, 64, 63, 95, 41, 0]",8.67,2665.03,73.9483173076923,0.7838305647556598,2837.5246810913086
1551,1,"[57, 71, 14, 90, 40, 44, 21, 31, 26, 4]",9.1,2336.0200000000004,77.4639423076923,0.5764931306625024,2840.237335205078
1552,3,"[38, 17, 65, 27, 96, 30, 87, 91, 20, 8]",7.26,2941.1200000000013,76.8729967948718,0.6270696322123209,2841.5247192382812
1553,4,"[67, 62, 76, 53, 35, 70, 7, 80, 51, 43]",8.02,2964.2600000000016,77.78445512820512,0.5867736274615313,2843.85556435585
1554,2,"[61, 63, 23, 39, 24, 78, 16, 95, 0, 82]",9.08,2679.11,74.27884615384616,0.6836543728907903,2846.513406276703
1555,0,"[32, 33, 42, 68, 34, 52, 50, 6, 72, 10]",8.4,2842.309999999998,77.2636217948718,0.6083211807104257,2847.235960483551
1556,1,"[26, 90, 5, 4, 21, 15, 66, 44, 13, 49]",8.96,2349.9800000000005,80.29847756410257,0.5357194210474308,2849.669835805893
1557,3,"[17, 8, 28, 91, 74, 81, 93, 65, 38, 45]",8.37,2954.490000000001,77.25360576923077,0.5761174265390787,2850.29256439209
1558,4,"[43, 12, 73, 35, 62, 94, 2, 51, 53, 88]",8.22,2977.4800000000014,80.5889423076923,0.5360743407255564,2853.1577961444855
1560,2,"[22, 63, 59, 23, 24, 16, 84, 95, 89, 0]",5.6,2689.71,75.18028846153847,0.6449238994182684,2857.0183663368225
1561,1,"[26, 49, 21, 40, 90, 31, 56, 37, 57, 5]",9.21,2364.1900000000005,75.99158653846153,0.5919063882185862,2859.1699912548065
1563,3,"[74, 87, 54, 91, 93, 45, 20, 17, 9, 3]",8.38,2967.8700000000013,76.5224358974359,0.5764943422415317,2862.2168254852295
1564,0,"[58, 98, 6, 55, 68, 32, 83, 77, 1, 34]",5.9,2853.209999999998,73.81810897435898,0.715669429455048,2863.1875195503235
1565,2,"[85, 24, 82, 60, 61, 19, 36, 95, 16, 23]",9.08,2703.79,78.44551282051282,0.5615026771258085,2865.32564163208
1566,1,"[44, 56, 21, 57, 4, 26, 90, 66, 99, 13]",9.06,2378.2500000000005,78.19511217948718,0.6021198844298338,2867.963719367981
1567,4,"[67, 73, 25, 2, 43, 92, 12, 51, 80, 86]",8.26,2990.7400000000016,80.25841346153847,0.530791047291878,2869.0871891975403
1568,3,"[9, 91, 38, 20, 65, 74, 45, 87, 27, 3]",8.39,2981.260000000001,75.69110576923077,0.6062960078318914,2871.1113770008087
1569,0,"[69, 72, 77, 68, 52, 11, 1, 98, 32, 58]",7.93,2866.139999999998,80.30849358974359,0.5378556839930706,2872.9563477039337
1570,2,"[60, 78, 89, 36, 95, 0, 85, 82, 41, 97]",8.66,2717.45,74.2588141025641,0.6686487071789228,2874.8925292491913
1571,1,"[31, 40, 57, 14, 49, 4, 21, 15, 44, 37]",8.73,2391.9800000000005,79.63741987179488,0.5378904552795948,2876.8339850902557
1572,4,"[76, 70, 7, 43, 92, 25, 53, 80, 35, 88]",8.05,3003.790000000002,81.77083333333333,0.5005887597799301,2878.47065281868
1573,3,"[27, 45, 3, 93, 96, 74, 9, 28, 47, 87]",8.86,2995.1200000000013,78.65584935897436,0.5609849309309934,2879.3173348903656
1574,0,"[32, 10, 11, 68, 55, 1, 83, 98, 33, 29]",6.13,2877.269999999998,74.79967948717949,0.6240986581796255,2879.9567511081696
1575,2,"[18, 24, 16, 22, 95, 85, 97, 23, 41, 39]",8.65,2731.1,74.14863782051282,0.655774535659032,2884.4937942028046
1576,1,"[57, 15, 71, 26, 31, 5, 21, 44, 37, 79]",8.95,2405.9300000000003,80.3485576923077,0.5247690903070645,2885.6196472644806
1577,4,"[25, 62, 53, 76, 94, 88, 73, 7, 92, 67]",8.23,3017.020000000002,76.54246794871794,0.5887304544448853,2888.1173191070557
1580,2,"[85, 82, 22, 95, 23, 39, 60, 63, 89, 36]",5.39,2741.49,75.79126602564102,0.6222473463186851,2894.334414243698
1584,0,"[50, 6, 33, 58, 77, 32, 72, 68, 52, 10]",7.92,2890.1899999999982,77.39383012820512,0.5957268063838665,2899.039448261261
1587,1,"[79, 15, 14, 49, 90, 21, 66, 56, 31, 4]",8.65,2419.5800000000004,71.78485576923077,0.674277799251752,2907.4016332626343
1590,2,"[22, 24, 0, 89, 78, 59, 64, 60, 63, 95]",7.89,2754.3799999999997,79.296875,0.5308380008507998,2912.4740409851074
1591,4,"[43, 7, 2, 92, 70, 73, 94, 25, 35, 53]",8.24,3030.2600000000016,79.79767628205128,0.5348339394117013,2913.6962451934814
1595,3,"[38, 91, 17, 3, 8, 81, 96, 20, 74, 65]",8.15,3008.2700000000013,78.64583333333333,0.5530211084928268,2920.4213976860046
1596,4,"[70, 67, 86, 51, 62, 73, 12, 2, 75, 25]",8.22,3043.4800000000014,74.35897435897436,0.6759694543404456,2923.564978837967
1597,1,"[13, 21, 4, 40, 37, 44, 5, 57, 66, 56]",8.89,2433.4700000000003,75.25040064102564,0.6660004754861196,2925.1342289447784
1598,0,"[98, 72, 33, 83, 29, 55, 77, 1, 32, 10]",7.9,2903.0899999999983,78.83613782051282,0.5587345831669294,2925.764024734497
1599,2,"[36, 85, 84, 23, 0, 19, 18, 60, 24, 59]",7.67,2767.0499999999997,78.2451923076923,0.5564107000827789,2927.0955698490143
1600,3,"[96, 45, 48, 17, 38, 74, 30, 47, 27, 20]",8.92,3022.1900000000014,79.92788461538461,0.5413495405362203,2929.219526529312
1601,4,"[43, 51, 2, 80, 62, 73, 76, 86, 35, 70]",8.26,3056.7400000000016,78.56570512820512,0.5668278462611712,2931.8056037425995
1602,0,"[72, 50, 29, 33, 11, 58, 55, 69, 52, 1]",7.91,2915.999999999998,78.36538461538461,0.6102763391458071,2932.919182538986
1603,1,"[21, 4, 5, 40, 26, 79, 99, 13, 66, 56]",9.22,2447.69,75.58092948717949,0.6405634104441373,2935.0506851673126
1604,2,"[89, 41, 61, 23, 85, 59, 84, 22, 19, 36]",9.11,2781.16,77.24358974358974,0.6308711140583723,2936.374979496002
1605,3,"[30, 48, 3, 28, 91, 27, 38, 96, 9, 8]",8.74,3035.930000000001,80.45873397435898,0.5197914941952779,2937.8031544685364
1606,4,"[2, 73, 53, 62, 12, 35, 94, 86, 70, 67]",8.22,3069.9600000000014,81.01963141025641,0.5180631692592914,2940.0130343437195
1607,0,"[69, 55, 1, 11, 6, 98, 68, 34, 52, 42]",8.35,2929.349999999998,79.22676282051282,0.5625485181808472,2941.241854906082
1608,1,"[66, 40, 21, 4, 71, 31, 15, 90, 56, 26]",9.21,2461.9,78.80608974358974,0.5581516608213767,2944.337507724762
1609,2,"[84, 16, 19, 24, 78, 0, 60, 39, 63, 36]",7.69,2793.85,74.66947115384616,0.6626931784244684,2945.606323003769
1611,4,"[51, 12, 35, 92, 94, 25, 53, 70, 80, 7]",8.03,3082.9900000000016,78.0448717948718,0.5662155029101249,2948.9715991020203
1612,0,"[1, 83, 69, 52, 6, 98, 10, 50, 11, 58]",7.61,2941.959999999998,80.30849358974359,0.5366985790240459,2950.8034002780914
1613,1,"[15, 4, 71, 90, 66, 79, 44, 13, 26, 37]",8.95,2475.85,75.22035256410257,0.6224074367529306,2954.02512550354
1614,2,"[89, 59, 16, 46, 63, 36, 64, 60, 95, 41]",8.66,2807.5099999999998,77.50400641025641,0.5995839811288394,2955.100372314453
1616,3,"[65, 20, 27, 81, 93, 48, 38, 74, 87, 30]",8.73,3049.660000000001,77.35376602564102,0.5729494029894854,2957.18669629097
1617,0,"[83, 33, 55, 42, 10, 77, 50, 98, 6, 72]",8.41,2955.369999999998,78.4354967948718,0.6037766688909286,2960.537459373474
1618,1,"[71, 26, 4, 90, 57, 44, 99, 5, 15, 40]",9.07,2489.92,81.07972756410257,0.5175459006657968,2963.9898138046265
1621,3,"[65, 28, 38, 17, 87, 8, 27, 45, 96, 3]",8.43,3063.090000000001,78.93629807692308,0.5443751246501238,2965.676420688629
1622,0,"[68, 10, 52, 83, 32, 69, 58, 29, 72, 11]",7.92,2968.289999999998,78.38541666666667,0.5619563380113015,2970.115343093872
1623,1,"[5, 31, 99, 37, 66, 26, 71, 90, 21, 4]",8.95,2503.87,77.44391025641026,0.5773879832182175,2973.5012996196747
1625,4,"[94, 80, 43, 67, 88, 53, 12, 25, 2, 62]",8.0,3095.9900000000016,81.61057692307692,0.49772735704214144,2974.9214565753937
1627,0,"[29, 42, 1, 98, 52, 10, 68, 33, 50, 72]",8.43,2981.719999999998,76.47235576923077,0.6680651215406564,2979.853003501892
1632,0,"[83, 11, 58, 1, 50, 98, 55, 72, 33, 42]",8.41,2995.129999999998,73.3173076923077,0.7146326345510972,2989.31059551239
1633,1,"[99, 14, 13, 5, 66, 4, 26, 21, 71, 79]",8.97,2517.8399999999997,79.0264423076923,0.562352057832938,2991.6277289390564
1634,2,"[97, 46, 36, 84, 18, 95, 60, 78, 82, 63]",6.36,2818.87,80.62900641025641,0.5094988644123077,2992.78249835968
1637,3,"[47, 65, 87, 17, 20, 3, 45, 54, 28, 30]",8.88,3076.970000000001,74.46915064102564,0.6988654996340091,2999.0173943042755
1638,1,"[21, 31, 15, 5, 4, 13, 79, 40, 26, 37]",9.07,2531.91,81.08974358974359,0.5083669420236197,3001.4666769504547
1641,0,"[77, 6, 69, 72, 1, 32, 98, 50, 34, 68]",7.88,3008.009999999998,80.92948717948718,0.5181334286164014,3003.3235037326813
1642,3,"[20, 45, 91, 9, 81, 8, 30, 27, 87, 96]",8.36,3090.3300000000013,73.14703525641026,0.7166203799156042,3008.6453924179077
1643,1,"[71, 31, 4, 90, 49, 14, 99, 40, 57, 44]",8.72,2545.6299999999997,78.25520833333333,0.5691598592660366,3010.060406923294
1644,2,"[78, 95, 85, 84, 36, 19, 60, 0, 39, 61]",9.09,2832.96,76.0516826923077,0.6290782720614703,3011.1192994117737
1646,4,"[76, 88, 70, 43, 92, 51, 12, 80, 73, 35]",8.28,3109.270000000002,80.16826923076923,0.520792909921744,3012.2982239723206
1647,3,"[65, 87, 74, 38, 8, 45, 47, 3, 48, 17]",8.92,3104.2500000000014,79.18669871794872,0.5630199324626189,3016.9483921527863
1648,1,"[49, 21, 79, 57, 66, 99, 5, 56, 13, 44]",8.64,2559.2699999999995,76.98317307692308,0.5845105055815134,3018.56476688385
1649,2,"[0, 82, 60, 46, 61, 64, 59, 89, 24, 16]",9.08,2847.04,76.77283653846153,0.6446217256478775,3019.5931239128113
1650,0,"[68, 1, 55, 33, 6, 11, 29, 83, 10, 72]",7.87,3020.879999999998,74.86979166666667,0.6196827735656347,3020.530877351761
1651,4,"[53, 75, 12, 76, 62, 67, 92, 73, 25, 7]",8.24,3122.5100000000016,80.82932692307692,0.5020114213992388,3021.791002511978
1652,3,"[8, 91, 20, 81, 93, 47, 17, 27, 45, 3]",8.84,3118.0900000000015,72.24559294871794,0.7180518572911238,3026.2257599830627
1653,1,"[79, 66, 21, 44, 49, 99, 37, 90, 31, 71]",7.7,2571.9699999999993,74.76963141025641,0.6283958401435461,3027.851348400116
1654,2,"[89, 60, 36, 16, 19, 97, 95, 64, 22, 59]",7.94,2859.98,74.43910256410257,0.6724433360191492,3028.583117723465
1655,0,"[1, 34, 6, 52, 33, 50, 55, 98, 69, 83]",7.61,3033.489999999998,75.15024038461539,0.6210664067512903,3029.391599416733
1656,4,"[51, 53, 7, 35, 88, 73, 76, 12, 94, 2]",8.22,3135.7300000000014,81.25,0.5128172219563754,3031.322802066803
1657,3,"[27, 65, 48, 54, 3, 38, 87, 45, 17, 8]",8.75,3131.8400000000015,73.64783653846153,0.6843849542813424,3035.862828731537
1660,2,"[60, 0, 97, 82, 85, 78, 64, 18, 39, 61]",9.09,2874.07,79.61738782051282,0.5428083248627491,3038.2303919792175
1661,4,"[43, 88, 94, 2, 51, 76, 80, 70, 53, 62]",8.01,3148.7400000000016,80.82932692307692,0.5199123544570727,3040.782574415207
1666,4,"[53, 67, 43, 25, 7, 86, 92, 2, 35, 76]",7.44,3161.1800000000017,81.31009615384616,0.5062342920364478,3050.210607290268
1667,3,"[91, 65, 87, 47, 17, 74, 9, 30, 28, 27]",8.83,3145.6700000000014,79.31690705128206,0.548030653825173,3055.6887395381927
1671,4,"[94, 7, 67, 43, 12, 70, 53, 92, 76, 73]",8.24,3174.4200000000014,75.85136217948718,0.6088732309066333,3059.729822874069
1672,3,"[65, 54, 3, 48, 30, 38, 20, 96, 47, 93]",8.93,3159.6000000000013,78.81610576923077,0.5441658920966662,3064.452392578125
1673,4,"[43, 12, 62, 73, 94, 7, 76, 92, 53, 35]",8.24,3187.660000000001,77.97475961538461,0.5566667490280591,3065.4178564548492
1675,1,"[71, 44, 37, 56, 4, 13, 31, 14, 15, 5]",8.61,2585.5799999999995,77.91466346153847,0.5593390036851932,3066.6854560375214
1676,2,"[63, 22, 84, 64, 46, 78, 59, 24, 82, 16]",7.89,2886.96,71.76482371794872,0.6899862721180304,3069.0848195552826
1677,3,"[17, 93, 54, 38, 27, 81, 96, 8, 91, 3]",8.13,3172.7300000000014,72.94671474358974,0.621828094506875,3073.123522043228
1678,4,"[53, 75, 80, 12, 43, 94, 76, 70, 62, 92]",8.04,3200.700000000001,81.22996794871794,0.5176159261893003,3073.9174785614014
1679,0,"[50, 34, 83, 52, 33, 77, 1, 42, 69, 58]",8.35,3046.839999999998,79.22676282051282,0.5743880256628379,3075.1612734794617
1681,2,"[97, 59, 84, 78, 23, 61, 22, 46, 60, 24]",9.07,2901.03,74.76963141025641,0.6099753016844774,3078.481184720993
1682,3,"[38, 27, 9, 91, 81, 65, 93, 17, 28, 8]",8.02,3185.7500000000014,81.62059294871794,0.4957214674124351,3082.014338493347
1683,4,"[62, 94, 43, 12, 86, 7, 35, 51, 76, 75]",7.14,3212.840000000001,77.7744391025641,0.595458808235633,3082.9384021759033
1684,0,"[55, 34, 42, 33, 50, 72, 6, 58, 10, 69]",8.39,3060.2299999999977,76.6025641025641,0.5960425058236489,3084.0598578453064
1685,2,"[19, 16, 23, 46, 60, 89, 59, 84, 36, 41]",8.66,2914.69,76.9130608974359,0.6019728554364963,3084.6782290935516
1686,1,"[71, 79, 15, 56, 14, 66, 49, 99, 57, 31]",8.66,2599.2399999999993,81.63060897435898,0.49365235559451276,3088.009600877762
1687,3,"[48, 17, 28, 3, 47, 9, 93, 8, 96, 74]",8.92,3199.6700000000014,80.57892628205128,0.5238593339155881,3089.6449496746063
1688,0,"[6, 98, 33, 58, 34, 52, 42, 72, 83, 10]",8.43,3073.6599999999976,75.97155448717949,0.5762897179676936,3090.871769428253
1689,4,"[94, 35, 70, 88, 2, 12, 53, 76, 75, 43]",7.31,3225.150000000001,74.53926282051282,0.6759304820727079,3094.039694547653
1691,2,"[82, 64, 0, 61, 78, 22, 95, 84, 39, 46]",9.09,2928.78,80.1983173076923,0.5247590943024709,3097.006283760071
1696,2,"[41, 64, 97, 39, 24, 0, 60, 84, 63, 22]",8.66,2942.44,76.23197115384616,0.5816614517034628,3106.5373644828796
1697,3,"[93, 48, 96, 9, 74, 87, 3, 38, 20, 45]",8.75,3213.4200000000014,79.35697115384616,0.5345942232853327,3107.268673181534
1699,0,"[50, 6, 29, 42, 69, 10, 77, 1, 52, 11]",8.36,3087.0199999999977,74.41907051282051,0.6760586037849768,3111.8351545333862
1700,1,"[15, 44, 56, 79, 14, 26, 5, 37, 57, 66]",9.05,2613.2899999999995,80.1181891025641,0.5244819132181314,3112.596328020096
1701,2,"[61, 23, 82, 39, 19, 63, 89, 95, 18, 64]",9.1,2956.54,78.8661858974359,0.5493856794559039,3115.5377547740936
1702,3,"[28, 8, 81, 91, 93, 20, 96, 87, 54, 30]",8.03,3226.4500000000016,72.59615384615384,0.6452048760958207,3116.3764293193817
1703,4,"[67, 88, 25, 86, 70, 53, 51, 75, 43, 80]",8.01,3238.160000000001,78.53565705128206,0.5444626001975476,3117.143338918686
1704,0,"[33, 58, 29, 69, 11, 55, 68, 98, 32, 10]",6.15,3098.169999999998,75.18028846153847,0.6113884456646748,3119.4820427894592
1705,2,"[41, 97, 64, 18, 61, 36, 22, 23, 19, 78]",9.14,2970.68,78.89623397435898,0.5547902236382166,3121.636029481888
1706,1,"[56, 26, 15, 90, 79, 71, 49, 44, 31, 13]",9.05,2627.3399999999997,80.30849358974359,0.5358081479103137,3123.774894952774
1709,4,"[51, 53, 80, 75, 7, 25, 92, 88, 43, 86]",8.01,3251.1700000000014,80.75921474358974,0.5131552685529758,3128.722461938858
1710,2,"[41, 19, 39, 59, 89, 85, 61, 36, 23, 0]",9.11,2984.79,78.4354967948718,0.5876747220754623,3130.062045097351
1711,0,"[1, 6, 29, 34, 58, 83, 77, 10, 52, 50]",7.61,3110.779999999998,77.80448717948718,0.5792370751882211,3130.9945480823517
1712,1,"[56, 5, 31, 21, 15, 44, 37, 66, 57, 90]",8.6,2640.9399999999996,74.75961538461539,0.620194306740394,3133.6322314739227
1713,4,"[75, 70, 88, 43, 51, 25, 7, 73, 12, 62]",8.22,3264.3900000000012,76.54246794871794,0.5746256632682605,3134.761731147766
1714,3,"[54, 45, 74, 81, 17, 65, 27, 93, 8, 3]",8.38,3239.8300000000017,80.08814102564102,0.5524432571270527,3137.30157327652
1715,2,"[61, 82, 39, 95, 59, 84, 63, 19, 78, 24]",9.09,2998.88,77.39383012820512,0.6570862508737124,3138.5282480716705
1716,0,"[50, 34, 58, 11, 83, 10, 6, 72, 77, 29]",7.89,3123.669999999998,73.45753205128206,0.7158279430407745,3140.851460456848
1717,1,"[66, 15, 71, 37, 57, 13, 99, 4, 40, 5]",8.7,2654.6399999999994,82.09134615384616,0.48656643965305424,3141.539267063141
1718,4,"[94, 25, 92, 80, 86, 67, 7, 75, 12, 35]",8.03,3277.4200000000014,73.07692307692308,0.6725986160528965,3144.083147287369
1721,0,"[72, 10, 11, 68, 55, 29, 83, 6, 32, 58]",7.88,3136.549999999998,74.59935897435898,0.6857075488720185,3150.2342295646667
1723,4,"[62, 25, 51, 2, 94, 86, 80, 75, 12, 92]",8.01,3290.4300000000017,74.90985576923077,0.603166958460441,3153.5272541046143
1724,3,"[87, 96, 30, 81, 93, 20, 27, 54, 48, 91]",8.73,3253.5600000000018,81.19991987179488,0.5154464439703867,3156.5731329917908
1726,2,"[36, 41, 39, 82, 19, 23, 97, 16, 89, 84]",8.67,3012.55,80.09815705128206,0.5260541649200977,3159.7766513824463
1728,1,"[5, 57, 79, 14, 90, 21, 66, 37, 44, 71]",7.33,2666.9699999999993,79.09655448717949,0.5459137459595998,3162.8745489120483
1729,3,"[96, 87, 28, 54, 91, 8, 20, 81, 9, 47]",8.82,3267.380000000002,81.08974358974359,0.5099099484773782,3165.518729686737
1730,0,"[6, 55, 83, 29, 72, 34, 10, 42, 33, 11]",8.4,3149.949999999998,75.5108173076923,0.6160973749863796,3166.24756026268
1731,2,"[19, 60, 89, 39, 82, 24, 63, 36, 23, 22]",7.67,3025.2200000000003,80.33854166666667,0.5231882685270065,3168.5931901931763
1732,4,"[80, 76, 62, 70, 67, 7, 94, 51, 73, 25]",8.26,3303.690000000002,78.30528846153847,0.5899641586419864,3169.9185326099396
1733,1,"[71, 14, 21, 37, 5, 40, 79, 44, 26, 13]",9.08,2681.0499999999993,80.45873397435898,0.5107959436300473,3172.353887319565
1734,3,"[65, 28, 45, 93, 54, 9, 91, 20, 38, 96]",8.38,3280.760000000002,79.50721153846153,0.547090742068413,3173.958037853241
1735,0,"[68, 52, 69, 1, 29, 6, 10, 72, 83, 55]",7.91,3162.859999999998,79.07652243589743,0.5630494596866461,3174.5615589618683
1736,2,"[78, 22, 0, 85, 19, 60, 82, 89, 16, 61]",9.09,3039.3100000000004,76.38221153846153,0.6105832549241873,3177.4000334739685
1737,4,"[53, 92, 12, 75, 35, 67, 25, 62, 86, 7]",7.4,3316.090000000002,79.32692307692308,0.5463454394768446,3179.205461740494
1738,1,"[31, 56, 79, 44, 13, 99, 71, 4, 5, 57]",8.62,2694.669999999999,77.59415064102564,0.5568037594740207,3181.825284719467
1739,3,"[27, 87, 81, 45, 30, 9, 96, 47, 8, 74]",8.83,3294.590000000002,74.2988782051282,0.6774460604557624,3182.9455864429474
1740,0,"[29, 33, 58, 6, 11, 83, 10, 55, 42, 50]",8.35,3176.2099999999978,78.38541666666667,0.5543120782344769,3184.217589855194
1741,2,"[61, 22, 0, 36, 89, 85, 97, 60, 18, 23]",9.07,3053.3800000000006,80.24839743589743,0.5279900657060819,3185.3605074882507
1742,4,"[94, 2, 80, 67, 12, 76, 51, 92, 62, 70]",8.05,3329.140000000002,75.15024038461539,0.6393301773529786,3188.7035806179047
1743,1,"[79, 57, 15, 71, 4, 56, 26, 90, 5, 99]",9.05,2708.7199999999993,70.50280448717949,0.7407117971243002,3191.147393465042
1744,3,"[81, 48, 91, 38, 96, 20, 27, 30, 3, 65]",8.75,3308.340000000002,79.2568108974359,0.5512616217900546,3191.874729156494
1747,4,"[51, 73, 2, 7, 35, 75, 88, 86, 76, 80]",8.25,3342.390000000002,78.67588141025641,0.5630075316398572,3198.4680366516113
1750,0,"[72, 6, 83, 52, 77, 29, 1, 32, 68, 33]",7.92,3189.129999999998,79.31690705128206,0.5422146282134912,3202.2830572128296
1752,4,"[12, 86, 7, 51, 2, 70, 25, 53, 92, 75]",7.46,3354.850000000002,78.97636217948718,0.5603042199061468,3207.6340506076813
1753,1,"[71, 49, 5, 56, 66, 26, 90, 14, 99, 31]",9.06,2722.7799999999993,79.86778846153847,0.5307752631413631,3209.3425722122192
1754,0,"[34, 33, 29, 32, 42, 69, 55, 50, 52, 68]",8.35,3202.4799999999977,80.06810897435898,0.5184437376566422,3210.065142393112
1755,3,"[65, 38, 45, 28, 8, 91, 93, 48, 27, 74]",8.74,3322.0800000000017,77.94471153846153,0.5718341653163617,3211.1989772319794
1756,4,"[80, 43, 62, 2, 53, 70, 88, 94, 92, 35]",8.03,3367.8800000000024,79.43709935897436,0.5349640773657041,3212.020785331726
1757,2,"[97, 18, 0, 22, 85, 46, 84, 60, 36, 59]",5.84,3064.2200000000007,80.22836538461539,0.5473482922101632,3217.159477710724
1758,1,"[99, 49, 15, 37, 90, 14, 66, 26, 79, 4]",8.97,2736.749999999999,76.84294871794872,0.5951067514908619,3218.383666038513
1761,4,"[7, 62, 53, 12, 92, 94, 35, 25, 67, 51]",7.39,3380.2700000000023,79.54727564102564,0.5397244126368792,3221.6582174301147
1764,0,"[72, 42, 69, 29, 6, 50, 34, 1, 32, 98]",8.41,3215.8899999999976,80.33854166666667,0.5219684013953576,3229.242603302002
1766,3,"[93, 9, 45, 30, 8, 87, 27, 17, 47, 48]",8.89,3335.9700000000016,81.63060897435898,0.499738477743589,3231.2573840618134
1767,2,"[89, 46, 22, 36, 60, 61, 64, 78, 39, 63]",9.09,3078.310000000001,77.63421474358974,0.5735966914739364,3236.6987521648407
1771,4,"[43, 70, 80, 35, 2, 92, 53, 51, 94, 88]",8.03,3393.3000000000025,76.74278846153847,0.590955410630275,3241.015392303467
1776,3,"[74, 48, 65, 96, 91, 28, 30, 3, 38, 54]",8.75,3349.7200000000016,79.52724358974359,0.5408397358961594,3250.3085668087006
1777,2,"[0, 22, 59, 95, 18, 36, 84, 97, 41, 61]",9.11,3092.420000000001,79.5673076923077,0.5176816643812717,3254.4467344284058
1779,0,"[11, 10, 32, 98, 69, 33, 58, 68, 72, 55]",7.88,3228.7699999999977,79.6875,0.5362509332406216,3256.9711513519287
1781,3,"[8, 28, 87, 20, 81, 9, 17, 47, 54, 74]",8.82,3363.540000000002,80.92948717948718,0.5117090409382795,3258.6183178424835
1782,2,"[18, 63, 64, 46, 60, 84, 23, 16, 82, 78]",7.9,3105.320000000001,74.22876602564102,0.640035595649328,3262.3132858276367
1783,4,"[67, 70, 88, 86, 7, 35, 92, 62, 75, 2]",7.46,3405.7600000000025,78.57572115384616,0.5577918470670016,3263.4432950019836
1784,0,"[69, 68, 77, 33, 52, 29, 10, 1, 6, 72]",7.92,3241.689999999998,72.98677884615384,0.7391724108885496,3265.4735946655273
1785,2,"[82, 24, 89, 16, 36, 39, 18, 85, 41, 60]",8.66,3118.980000000001,76.10176282051282,0.6236483382108884,3266.314234972
1787,3,"[81, 96, 45, 91, 17, 87, 30, 27, 47, 20]",8.84,3377.380000000002,79.47716346153847,0.5272647257034595,3270.173013687134
1788,0,"[11, 6, 33, 77, 72, 55, 42, 10, 50, 69]",8.4,3255.089999999998,79.35697115384616,0.5192248336015604,3270.902695417404
1789,4,"[25, 76, 80, 73, 35, 7, 2, 53, 70, 12]",8.26,3419.0200000000027,80.74919871794872,0.5248517535435848,3275.241849422455
1790,2,"[46, 63, 22, 97, 41, 59, 61, 16, 95, 82]",9.11,3133.090000000001,77.37379807692308,0.5938040514787039,3276.1044368743896
1792,3,"[27, 20, 48, 47, 74, 91, 65, 54, 9, 93]",8.87,3391.250000000002,78.13501602564102,0.5923205151771888,3279.232263803482
1794,4,"[73, 67, 88, 35, 7, 94, 86, 12, 25, 51]",8.22,3432.2400000000025,77.52403846153847,0.5689610831248455,3283.793630361557
1795,2,"[60, 61, 85, 22, 63, 59, 78, 46, 23, 16]",9.07,3147.160000000001,80.24839743589743,0.5254356265068054,3285.9262385368347
1799,4,"[75, 76, 25, 35, 62, 53, 73, 43, 80, 94]",8.25,3445.4900000000025,79.50721153846153,0.54166518113552,3293.4228072166443
1800,2,"[46, 18, 97, 89, 64, 24, 84, 19, 22, 36]",7.94,3160.1000000000013,79.35697115384616,0.5549232268180603,3294.9494836330414
1801,3,"[54, 65, 9, 8, 38, 87, 3, 48, 74, 30]",8.74,3404.9900000000016,72.5761217948718,0.7443143832377899,3296.074443101883
1802,1,"[13, 40, 99, 56, 5, 15, 66, 21, 4, 90]",8.87,2750.619999999999,76.07171474358974,0.6605012409197979,3296.792984724045
1803,0,"[50, 11, 10, 83, 6, 52, 1, 98, 33, 69]",7.61,3267.699999999998,70.57291666666667,0.6548839582082553,3297.7203044891357
1804,4,"[80, 88, 94, 7, 86, 2, 35, 70, 92, 43]",8.03,3458.5200000000027,81.01963141025641,0.5108443578848472,3302.760488510132
1805,2,"[46, 41, 23, 24, 59, 61, 64, 78, 39, 84]",9.12,3174.220000000001,77.36378205128206,0.6158555425130404,3304.3338384628296
1806,3,"[47, 27, 87, 81, 28, 65, 17, 45, 30, 38]",8.85,3418.8400000000015,78.19511217948718,0.5666599185802997,3305.859754562378
1809,4,"[88, 80, 75, 7, 92, 86, 35, 51, 53, 12]",8.02,3471.5400000000027,72.20552884615384,0.6510679802069297,3309.2474822998047
1810,2,"[24, 59, 97, 89, 84, 0, 95, 78, 82, 22]",6.29,3185.510000000001,77.25360576923077,0.5781426918812287,3313.3901031017303
1811,3,"[96, 8, 91, 17, 81, 74, 20, 47, 3, 48]",8.9,3432.7400000000016,78.45552884615384,0.5694183970873172,3314.8221051692963
1812,0,"[55, 77, 52, 83, 10, 50, 33, 11, 42, 58]",8.36,3281.059999999998,77.2235576923077,0.5987639492138838,3315.7504856586456
1814,4,"[25, 75, 2, 67, 88, 70, 76, 92, 86, 53]",7.5,3484.0400000000027,78.77604166666667,0.5728121380775403,3318.895262479782
1815,2,"[64, 85, 82, 19, 63, 78, 16, 41, 61, 24]",9.15,3199.660000000001,79.81770833333333,0.5304666356398509,3322.8506553173065
1816,3,"[3, 28, 91, 54, 96, 38, 30, 81, 93, 48]",8.74,3446.4800000000014,75.16025641025641,0.659340154666167,3323.7748539447784
1817,0,"[1, 29, 69, 55, 10, 11, 52, 68, 83, 72]",7.91,3293.969999999998,81.13982371794872,0.507995796127197,3325.0443534851074
1818,4,"[88, 94, 62, 35, 73, 43, 67, 75, 76, 80]",8.25,3497.2900000000027,78.33533653846153,0.5734184223871964,3325.647616624832
1819,1,"[56, 15, 4, 14, 57, 37, 90, 49, 71, 21]",8.66,2764.279999999999,81.10977564102564,0.5027523793471165,3328.67550945282
1822,0,"[72, 1, 68, 10, 34, 52, 6, 11, 77, 33]",7.91,3306.879999999998,80.0380608974359,0.5336203426122665,3334.1135816574097
1824,4,"[94, 92, 51, 88, 35, 53, 76, 70, 80, 25]",8.04,3510.3300000000027,76.73277243589743,0.5897372055512208,3337.9596314430237
1825,2,"[24, 85, 89, 60, 16, 61, 22, 95, 59, 18]",9.07,3213.7300000000014,81.2099358974359,0.5080388669784253,3341.05886220932
1827,0,"[42, 98, 72, 33, 6, 32, 55, 83, 52, 29]",8.43,3320.3099999999977,80.02804487179488,0.5214582777176148,3342.4730451107025
1828,4,"[12, 94, 35, 67, 7, 80, 53, 25, 2, 86]",8.01,3523.340000000003,78.88621794871794,0.5565157547975198,3343.3938291072845
1829,1,"[66, 21, 99, 14, 31, 44, 37, 71, 49, 57]",7.73,2777.009999999999,80.3485576923077,0.5079626165903531,3347.635116815567
1833,4,"[70, 7, 53, 86, 92, 75, 67, 76, 2, 43]",7.51,3535.850000000003,73.76802884615384,0.7215841274995071,3353.046510219574
1834,1,"[44, 26, 14, 49, 13, 57, 21, 90, 40, 4]",9.12,2791.1299999999987,80.08814102564102,0.5209999909767737,3357.285344362259
1835,2,"[82, 36, 60, 39, 16, 85, 18, 22, 46, 0]",5.84,3224.5700000000015,77.6141826923077,0.6320113738377889,3358.691994905472
1836,0,"[68, 50, 77, 55, 33, 1, 6, 10, 32, 69]",5.74,3331.0499999999975,79.26682692307692,0.567211063244404,3360.3480682373047
1838,4,"[73, 94, 51, 70, 88, 2, 25, 75, 7, 67]",8.22,3549.070000000003,76.35216346153847,0.6250942047589865,3362.694236755371
1839,1,"[26, 31, 5, 21, 57, 90, 49, 99, 15, 13]",8.95,2805.0799999999986,76.1318108974359,0.6037597606579462,3367.171007156372
1842,4,"[76, 86, 62, 12, 25, 92, 88, 80, 35, 75]",8.03,3562.100000000003,81.28004807692308,0.4938559150084471,3369.7468547821045
1843,3,"[45, 20, 54, 81, 17, 47, 8, 65, 93, 38]",8.83,3460.3100000000013,77.25360576923077,0.5988651093764182,3372.2773110866547
1845,4,"[92, 73, 2, 70, 80, 76, 35, 67, 25, 88]",8.28,3575.3800000000033,78.18509615384616,0.5925339681979938,3377.150503873825
1847,2,"[89, 85, 16, 19, 46, 59, 64, 0, 18, 39]",7.94,3237.5100000000016,80.0380608974359,0.532349379780965,3379.1693785190582
1848,3,"[30, 28, 54, 27, 65, 38, 3, 47, 20, 81]",8.86,3474.1700000000014,78.44551282051282,0.5657188097635905,3381.9032986164093
1849,1,"[49, 14, 15, 56, 26, 44, 13, 4, 5, 21]",9.07,2819.1499999999987,72.07532051282051,0.6642139871151019,3383.9380691051483
1850,2,"[63, 64, 61, 78, 60, 24, 39, 23, 19, 46]",9.1,3251.6100000000015,81.61057692307692,0.5073298162374741,3384.6623442173004
1851,4,"[25, 67, 70, 62, 76, 12, 53, 75, 2, 73]",8.23,3588.6100000000033,77.43389423076923,0.6220755894214679,3386.0847642421722
1852,0,"[83, 42, 10, 68, 52, 58, 33, 32, 55, 11]",8.35,3344.3999999999974,79.96794871794872,0.5409454902013143,3388.5213441848755
1853,3,"[8, 38, 48, 93, 87, 54, 47, 74, 45, 3]",8.91,3488.0800000000013,77.28365384615384,0.593722613576131,3391.5625941753387
1854,1,"[31, 4, 71, 37, 49, 66, 5, 40, 13, 26]",9.09,2833.239999999999,72.90665064102564,0.6777724585472009,3392.388705968857
1855,2,"[23, 59, 36, 18, 24, 95, 82, 22, 60, 97]",5.77,3262.3800000000015,79.54727564102564,0.5376931306643363,3393.51607465744
1856,4,"[62, 2, 73, 7, 67, 25, 43, 86, 88, 94]",8.22,3601.830000000003,78.0448717948718,0.5588601846725513,3394.6236865520477
1857,0,"[52, 55, 58, 10, 42, 77, 32, 34, 50, 1]",8.35,3357.7499999999973,80.26842948717949,0.5276636297886188,3397.498519182205
1858,3,"[27, 87, 74, 47, 8, 38, 48, 17, 3, 20]",8.89,3501.970000000001,74.65945512820512,0.6809018640181957,3400.8224527835846
1859,1,"[13, 90, 37, 5, 71, 66, 79, 15, 21, 56]",8.61,2846.849999999999,80.29847756410257,0.5214050843929633,3401.4088110923767
1860,4,"[94, 2, 25, 51, 75, 43, 62, 73, 80, 67]",8.24,3615.070000000003,78.13501602564102,0.544505788729741,3402.1424040794373
1861,2,"[23, 85, 46, 84, 60, 36, 0, 41, 78, 89]",8.66,3276.0400000000013,79.5673076923077,0.5304757918302829,3403.086048603058
1862,0,"[11, 29, 52, 83, 58, 50, 33, 77, 34, 6]",7.61,3370.3599999999974,81.32011217948718,0.5176705836485593,3406.8286929130554
1863,3,"[48, 28, 54, 8, 20, 93, 91, 47, 87, 96]",8.89,3515.860000000001,77.67427884615384,0.6112724328652407,3409.4658744335175
1864,4,"[73, 12, 94, 92, 80, 43, 70, 53, 67, 25]",8.27,3628.340000000003,74.88982371794872,0.6864595948121487,3410.488079547882
1865,1,"[15, 90, 26, 13, 44, 49, 99, 66, 57, 14]",8.96,2860.809999999999,78.10496794871794,0.557720538515311,3411.4149050712585
1866,2,"[36, 16, 0, 22, 19, 46, 61, 97, 18, 95]",9.09,3290.1300000000015,72.95673076923077,0.7359460137593441,3412.04678940773
1867,0,"[50, 69, 29, 11, 83, 10, 72, 32, 33, 34]",7.88,3383.2399999999975,79.9579326923077,0.5386143280909612,3416.2917885780334
1868,3,"[74, 65, 30, 20, 91, 54, 28, 47, 45, 96]",8.86,3529.720000000001,79.15665064102564,0.5355235150991342,3418.3200759887695
1869,4,"[12, 35, 88, 75, 80, 51, 43, 94, 76, 62]",8.01,3641.350000000003,76.36217948717949,0.6267676865443205,3420.044361114502
1870,1,"[40, 71, 14, 49, 90, 99, 15, 37, 56, 57]",8.92,2874.729999999999,79.77764423076923,0.5326748673732464,3421.121765613556
1872,2,"[36, 18, 39, 41, 95, 59, 97, 24, 82, 16]",8.66,3303.7900000000013,79.42708333333333,0.5609338188018554,3425.6181087493896
1873,3,"[30, 45, 17, 47, 87, 93, 74, 65, 8, 3]",8.86,3543.5800000000013,81.3301282051282,0.5016351556166624,3427.126352071762
1874,4,"[73, 80, 75, 70, 53, 12, 62, 94, 67, 35]",8.25,3654.600000000003,79.07652243589743,0.5331507695791049,3429.819333791733
1876,1,"[13, 99, 90, 31, 5, 79, 40, 4, 66, 15]",8.67,2888.399999999999,82.28165064102564,0.48584767641165316,3431.2089636325836
1877,2,"[41, 84, 89, 19, 22, 63, 85, 78, 64, 0]",8.68,3317.470000000001,79.91786858974359,0.5198748742158597,3435.1351323127747
1879,4,"[25, 53, 62, 35, 7, 94, 88, 75, 12, 2]",6.37,3665.970000000003,77.97475961538461,0.5734669015957758,3436.5470538139343
1880,0,"[11, 83, 10, 55, 33, 98, 77, 69, 42, 72]",8.42,3396.6599999999976,74.92988782051282,0.6678327967723211,3439.7674775123596
1881,1,"[21, 49, 14, 44, 66, 71, 79, 37, 5, 15]",7.73,2901.129999999999,72.5360576923077,0.6801713342085863,3440.4774746894836
1882,2,"[64, 78, 61, 19, 16, 36, 85, 82, 84, 0]",9.11,3331.5800000000013,73.83814102564102,0.6718686284163059,3444.563745737076
1885,0,"[58, 98, 11, 34, 55, 68, 69, 29, 72, 77]",7.9,3409.5599999999977,80.45873397435898,0.5133141523752457,3449.2490694522858
1887,1,"[71, 4, 15, 37, 14, 31, 26, 21, 79, 49]",8.98,2915.109999999999,78.19511217948718,0.5559892574181924,3452.7425026893616
1888,4,"[73, 12, 53, 92, 43, 86, 62, 80, 35, 88]",8.26,3679.230000000003,78.66586538461539,0.564297371949905,3454.716128349304
1892,1,"[56, 15, 14, 79, 99, 4, 13, 66, 21, 37]",8.63,2928.7399999999993,82.0713141025641,0.48575655007973695,3461.5305852890015
1893,4,"[43, 7, 76, 62, 67, 51, 70, 80, 25, 94]",8.02,3692.250000000003,78.28525641025641,0.5517341983623993,3462.362023115158
1894,3,"[87, 65, 45, 47, 54, 27, 81, 9, 93, 3]",8.84,3557.4200000000014,78.54567307692308,0.5649141673094187,3464.2010242938995
1895,0,"[34, 72, 11, 6, 68, 1, 50, 52, 29, 77]",7.92,3422.4799999999977,80.41866987179488,0.5221918160334612,3467.987284421921
1896,1,"[15, 57, 4, 26, 5, 90, 79, 71, 49, 37]",8.97,2942.709999999999,79.98798076923077,0.5237625306233381,3468.9127128124237
1897,2,"[23, 39, 18, 97, 0, 59, 64, 84, 36, 61]",9.08,3345.660000000001,79.71754807692308,0.5332502451462623,3470.137337207794
1898,4,"[62, 88, 51, 76, 2, 94, 75, 43, 35, 73]",8.22,3705.470000000003,80.56891025641026,0.5201581888473951,3471.8701963424683
1899,3,"[93, 65, 74, 87, 20, 96, 30, 81, 8, 48]",8.73,3571.1500000000015,77.29366987179488,0.5866090212112818,3472.736030101776
1900,0,"[68, 55, 33, 10, 11, 77, 52, 6, 29, 42]",8.36,3435.839999999998,79.28685897435898,0.5459756060288503,3477.49858379364
1903,4,"[43, 92, 75, 53, 35, 88, 12, 94, 73, 51]",8.22,3718.690000000003,78.58573717948718,0.5411974929082088,3481.307165145874
1908,2,"[22, 61, 36, 97, 59, 64, 0, 89, 41, 84]",9.11,3359.7700000000013,73.4375,0.6549880248613846,3490.255636692047
1909,0,"[10, 50, 1, 69, 77, 11, 29, 83, 6, 72]",7.89,3448.7299999999977,76.55248397435898,0.578685231315784,3491.08132314682
1913,1,"[14, 4, 15, 44, 21, 49, 56, 66, 40, 37]",8.93,2956.639999999999,77.59415064102564,0.5703188906877469,3499.280720949173
1914,0,"[58, 68, 98, 11, 69, 29, 83, 50, 77, 10]",6.22,3459.9499999999975,80.64903846153847,0.5098091065883636,3500.520246744156
1915,3,"[38, 81, 20, 93, 27, 48, 30, 91, 9, 17]",8.72,3584.8700000000013,81.5204326923077,0.48927266590106183,3503.3495054244995
1918,1,"[13, 71, 57, 4, 99, 40, 15, 49, 66, 56]",8.93,2970.569999999999,78.70592948717949,0.6089972781065183,3507.481226682663
1919,0,"[68, 10, 29, 50, 58, 11, 72, 42, 32, 83]",8.4,3473.3499999999976,78.89623397435898,0.556723103309289,3509.8182537555695
1920,3,"[47, 30, 65, 17, 27, 93, 81, 96, 8, 91]",8.82,3598.6900000000014,79.15665064102564,0.5178255434983816,3511.9619669914246
1921,4,"[25, 75, 51, 67, 92, 43, 88, 62, 2, 35]",7.38,3731.070000000003,79.96794871794872,0.5284108385825769,3513.7693190574646
1922,2,"[63, 95, 22, 78, 41, 82, 23, 84, 36, 89]",8.66,3373.430000000001,76.15184294871794,0.6246763979777311,3515.1847286224365
1923,1,"[26, 90, 14, 4, 44, 21, 66, 40, 57, 56]",9.24,2984.8099999999986,77.74439102564102,0.6587789780818499,3515.967511177063
1924,0,"[50, 98, 1, 72, 83, 55, 11, 6, 68, 77]",7.88,3486.2299999999977,78.01482371794872,0.5774860817652482,3519.3635358810425
1925,3,"[9, 47, 48, 96, 8, 38, 17, 27, 74, 65]",8.89,3612.5800000000013,81.81089743589743,0.4967891635038914,3520.792011976242
1926,4,"[2, 86, 75, 73, 88, 62, 92, 7, 53, 25]",8.22,3744.2900000000027,81.2099358974359,0.4946560691564511,3522.219886779785
1927,2,"[84, 61, 46, 97, 22, 24, 39, 85, 82, 78]",9.08,3387.510000000001,76.90304487179488,0.5880708002891296,3524.4850990772247
1929,1,"[71, 13, 99, 21, 31, 90, 57, 14, 40, 66]",8.71,2998.5199999999986,78.74599358974359,0.564384075311514,3528.3367762565613
1930,3,"[9, 87, 65, 3, 93, 48, 91, 38, 45, 96]",8.75,3626.3300000000013,82.05128205128206,0.4805183357153183,3529.5442943573
1933,2,"[85, 82, 84, 41, 16, 60, 22, 95, 46, 0]",8.66,3401.170000000001,77.80448717948718,0.5772048506217126,3533.5543732643127
1934,1,"[4, 99, 14, 44, 57, 49, 5, 79, 13, 31]",7.71,3011.2299999999987,79.71754807692308,0.5474596210779288,3537.783031463623
1935,3,"[47, 20, 9, 17, 27, 87, 65, 30, 45, 74]",8.84,3640.1700000000014,80.8994391025641,0.4921708534925412,3538.5283238887787
1937,0,"[34, 83, 42, 69, 68, 52, 50, 6, 33, 10]",8.35,3499.5799999999977,76.86298076923077,0.5739357796234962,3540.460420846939
1938,2,"[22, 85, 19, 78, 89, 36, 24, 84, 82, 0]",7.68,3413.850000000001,76.55248397435898,0.6049786932193316,3543.101156234741
1939,1,"[49, 13, 44, 14, 21, 5, 4, 40, 90, 79]",8.71,3024.9399999999987,79.35697115384616,0.5569374729425479,3546.54341506958
1940,3,"[65, 9, 54, 20, 3, 93, 38, 48, 8, 74]",8.73,3653.9000000000015,80.08814102564102,0.5194759124364609,3547.3542490005493
1941,4,"[76, 2, 62, 51, 75, 88, 80, 53, 94, 73]",8.24,3757.5300000000025,80.51883012820512,0.49963106291416365,3548.056036233902
1942,0,"[6, 55, 29, 69, 72, 83, 34, 77, 1, 10]",7.88,3512.4599999999978,79.27684294871794,0.5328911974644049,3549.724779844284
1943,2,"[60, 97, 19, 63, 61, 84, 22, 0, 78, 36]",9.09,3427.940000000001,74.21875,0.6741783446990527,3552.9093708992004
1944,1,"[21, 56, 49, 44, 31, 26, 66, 79, 57, 40]",9.24,3039.1799999999985,80.96955128205128,0.5058036014819757,3555.2623767852783
1945,4,"[88, 70, 73, 43, 12, 35, 62, 92, 25, 67]",8.24,3770.7700000000023,80.35857371794872,0.5119368529472595,3555.8829753398895
1946,3,"[87, 81, 3, 47, 65, 9, 74, 30, 8, 91]",8.83,3667.7300000000014,75.79126602564102,0.7109910322305484,3556.5887594223022
1947,0,"[58, 10, 6, 1, 68, 55, 83, 11, 77, 52]",7.61,3525.069999999998,72.94671474358974,0.674194797491416,3559.408085346222
1948,2,"[95, 41, 60, 18, 64, 89, 84, 23, 97, 59]",8.67,3441.610000000001,78.02483974358974,0.5822096872024047,3562.6065287590027
1949,1,"[57, 49, 5, 14, 44, 40, 79, 31, 99, 13]",8.71,3052.8899999999985,77.70432692307692,0.5474877346020478,3564.1440513134003
1952,3,"[27, 38, 17, 20, 54, 96, 45, 81, 65, 48]",8.74,3681.470000000001,76.37219551282051,0.5886249244213104,3569.116737127304
1953,2,"[59, 85, 89, 0, 23, 46, 19, 63, 24, 18]",7.68,3454.290000000001,79.3770032051282,0.5407358916142048,3572.1105563640594
1955,4,"[51, 62, 67, 76, 88, 73, 35, 43, 80, 94]",8.25,3784.0200000000023,78.90625,0.5441227838014945,3573.5344064235687
1956,0,"[33, 32, 68, 98, 6, 50, 1, 52, 55, 69]",7.61,3537.679999999998,78.30528846153847,0.5667397750493808,3574.7642953395844
1957,3,"[96, 28, 27, 38, 20, 65, 93, 87, 30, 48]",8.74,3695.210000000001,79.00641025641026,0.5285590665462689,3578.4056165218353
1958,2,"[59, 97, 85, 82, 22, 18, 63, 61, 46, 24]",9.07,3468.360000000001,78.30528846153847,0.5284586766591439,3581.2458810806274
1959,4,"[88, 80, 76, 86, 43, 35, 62, 7, 25, 75]",8.01,3797.0300000000025,79.01642628205128,0.5542752994940832,3581.9706716537476
1960,1,"[37, 79, 40, 31, 26, 13, 15, 5, 99, 66]",9.06,3066.9499999999985,78.01482371794872,0.6117212034952946,3582.500002861023
1961,0,"[83, 52, 1, 34, 68, 29, 69, 33, 32, 6]",7.61,3550.289999999998,78.69591346153847,0.5688271518701162,3583.7508211135864
1962,3,"[54, 8, 38, 91, 93, 45, 65, 3, 48, 30]",8.75,3708.960000000001,75.29046474358974,0.6105633687514526,3588.088259935379
1963,2,"[46, 61, 39, 24, 97, 16, 22, 85, 89, 95]",9.07,3482.430000000001,76.66266025641026,0.5931294610102972,3589.9223098754883
1964,4,"[2, 51, 80, 73, 62, 25, 94, 67, 35, 43]",8.24,3810.2700000000023,78.23517628205128,0.5651443688533245,3590.6600997447968
1965,0,"[10, 68, 98, 72, 77, 29, 55, 1, 6, 58]",7.9,3563.1899999999982,79.69751602564102,0.5655996715411161,3591.6702542304993
1966,1,"[79, 26, 44, 56, 49, 21, 13, 66, 99, 5]",9.06,3081.0099999999984,79.90785256410257,0.5241748197720602,3593.19775724411
1967,3,"[38, 28, 87, 65, 27, 47, 48, 3, 20, 91]",8.92,3722.880000000001,75.22035256410257,0.6005072635717881,3597.83686709404
1968,2,"[97, 22, 61, 89, 82, 95, 19, 63, 16, 41]",9.12,3496.550000000001,78.0448717948718,0.5998938351105421,3598.8757061958313
1970,4,"[70, 25, 62, 51, 94, 67, 73, 2, 43, 80]",8.24,3823.510000000002,75.69110576923077,0.6527141970701706,3601.1552102565765
1971,1,"[56, 31, 26, 13, 71, 40, 44, 90, 5, 4]",9.17,3095.1799999999985,80.1181891025641,0.5130537415926273,3602.590725660324
1972,3,"[81, 48, 93, 91, 74, 65, 47, 96, 9, 3]",8.9,3736.780000000001,79.58733974358974,0.522362565765014,3606.2366302013397
1973,2,"[89, 36, 78, 39, 46, 82, 97, 19, 0, 23]",7.68,3509.230000000001,80.29847756410257,0.5153515835603079,3607.1743206977844
1974,4,"[43, 12, 94, 70, 67, 86, 2, 92, 75, 25]",7.45,3835.960000000002,78.67588141025641,0.5532202357665087,3607.9103059768677
1975,0,"[1, 34, 68, 6, 58, 98, 55, 11, 77, 72]",7.89,3576.079999999998,79.89783653846153,0.5719963526114439,3610.737577676773
1976,1,"[90, 4, 15, 14, 79, 26, 13, 40, 57, 5]",9.09,3109.2699999999986,79.85777243589743,0.5367814168716089,3611.5576300621033
1977,3,"[48, 3, 27, 65, 81, 91, 74, 47, 8, 9]",8.89,3750.670000000001,76.2119391025641,0.5751965068853818,3616.0551352500916
1980,0,"[33, 72, 55, 34, 83, 77, 29, 32, 42, 58]",8.41,3589.489999999998,80.96955128205128,0.5223123373893591,3620.243887901306
1981,1,"[56, 5, 49, 57, 31, 14, 4, 71, 99, 26]",9.08,3123.3499999999985,79.97796474358974,0.5217723212180994,3620.9703710079193
1985,0,"[11, 1, 72, 6, 29, 69, 50, 33, 68, 77]",7.88,3602.369999999998,80.18830128205128,0.5261289825042089,3629.816240310669
1986,1,"[14, 57, 37, 4, 31, 90, 13, 44, 66, 40]",8.69,3137.0399999999986,77.83453525641026,0.5666175820888617,3630.4622025489807
1987,3,"[28, 93, 20, 91, 47, 54, 3, 8, 87, 9]",8.83,3764.500000000001,75.37059294871794,0.6100871815131261,3634.7188696861267
1990,0,"[52, 68, 83, 6, 58, 72, 42, 33, 98, 29]",8.43,3615.799999999998,76.32211538461539,0.6141512157061161,3639.061595916748
1991,1,"[21, 90, 99, 57, 26, 15, 44, 49, 56, 66]",9.06,3151.0999999999985,77.2235576923077,0.5804231866047933,3639.9173817634583
1992,3,"[54, 20, 47, 93, 96, 81, 27, 87, 91, 28]",8.82,3778.320000000001,73.25721153846153,0.6233013085065744,3642.8551065921783
1995,0,"[1, 69, 6, 55, 34, 52, 42, 11, 33, 98]",8.36,3629.159999999998,79.43709935897436,0.5415003517499337,3648.2364871501923
1996,1,"[40, 57, 31, 4, 66, 26, 71, 56, 49, 13]",9.25,3165.3499999999985,80.3886217948718,0.5162779130996802,3648.8573286533356
1997,3,"[9, 48, 17, 54, 3, 96, 27, 74, 45, 38]",8.75,3792.070000000001,80.61899038461539,0.4985424700455788,3651.3966331481934
1998,4,"[94, 75, 35, 51, 73, 86, 43, 70, 80, 88]",8.25,3849.210000000002,74.43910256410257,0.6234850982824961,3653.766407728195
2000,2,"[16, 39, 85, 60, 64, 0, 89, 78, 36, 82]",7.89,3522.120000000001,77.93469551282051,0.573737804324199,3656.5288264751434
2001,1,"[57, 4, 15, 90, 40, 49, 37, 5, 66, 26]",9.09,3179.4399999999987,80.08814102564102,0.5251432875028024,3658.2035574913025
2002,3,"[8, 74, 45, 96, 17, 65, 30, 93, 27, 3]",8.41,3805.480000000001,78.125,0.5401247403560541,3660.0393879413605
2003,4,"[73, 67, 43, 80, 62, 12, 75, 2, 53, 92]",8.26,3862.470000000002,77.70432692307692,0.5739850035080543,3662.6850373744965
2004,0,"[69, 11, 77, 10, 83, 98, 32, 50, 58, 33]",6.16,3640.319999999998,80.69911858974359,0.5169929437912427,3663.915368080139
2005,2,"[0, 39, 95, 18, 36, 82, 41, 46, 78, 24]",8.66,3535.7800000000007,78.42548076923077,0.5679304103056589,3666.0766077041626
2006,1,"[56, 44, 66, 21, 13, 15, 4, 79, 90, 40]",8.88,3193.319999999999,76.93309294871794,0.6158318064915829,3667.500735282898
2007,3,"[93, 74, 8, 9, 47, 27, 3, 87, 45, 81]",8.83,3819.310000000001,70.89342948717949,0.6837389312493496,3668.824831724167
2008,4,"[73, 80, 75, 43, 53, 2, 70, 12, 25, 94]",8.25,3875.720000000002,75.10016025641026,0.6209420481553445,3671.663242816925
2009,0,"[34, 77, 68, 11, 83, 42, 58, 1, 50, 98]",8.35,3653.669999999998,77.4639423076923,0.560228094840661,3673.1967833042145
2010,2,"[64, 22, 36, 23, 95, 16, 89, 19, 46, 0]",7.93,3548.7100000000005,77.55408653846153,0.5898796977140964,3675.6377518177032
