Epoch,Group_ID,Selected_Clients,Accuracy,Loss,Run_Time
1,4,"[2, 25, 7, 35, 75, 86, 92, 80, 67, 88]",10.086137820512821,3.5966627108745084,24.921752214431763
2,0,"[11, 1, 6, 77, 83, 68, 34, 69, 52, 32]",11.96915064102564,2.8433160934692774,30.030816078186035
3,1,"[56, 66, 4, 40, 99, 49, 15, 14, 71, 5]",12.820512820512821,3.1197513066805325,35.35757517814636
4,2,"[36, 18, 0, 23, 24, 78, 60, 82, 41, 64]",17.748397435897434,2.8137783790246034,41.265135288238525
5,3,"[48, 45, 3, 28, 30, 47, 65, 20, 8, 17]",14.923878205128204,2.4919107113129053,47.87415266036987
6,4,"[43, 88, 2, 76, 75, 62, 53, 92, 73, 80]",15.014022435897436,2.980603893597921,54.67749357223511
7,0,"[52, 98, 1, 32, 68, 50, 55, 77, 34, 69]",17.48798076923077,2.5928875024502096,61.028032064437866
8,1,"[49, 37, 4, 21, 40, 44, 5, 90, 57, 71]",14.322916666666666,2.5309106294925394,68.58348155021667
9,2,"[82, 61, 0, 59, 78, 95, 39, 97, 46, 85]",18.850160256410255,2.4599398435690465,76.16013717651367
10,3,"[45, 74, 3, 87, 28, 65, 27, 47, 54, 17]",17.317708333333332,2.4320794068850002,83.39897513389587
11,0,"[72, 50, 1, 69, 77, 83, 52, 42, 68, 6]",16.03565705128205,2.5666353671978683,90.5991804599762
12,4,"[76, 25, 2, 70, 86, 80, 43, 53, 73, 7]",21.404246794871796,2.362804119403546,98.53580355644226
13,1,"[37, 15, 4, 40, 79, 13, 5, 26, 99, 56]",22.045272435897434,2.399984659292759,106.3368673324585
14,2,"[95, 19, 0, 89, 46, 97, 60, 63, 64, 22]",19.35096153846154,2.2498592016024466,114.13307929039001
15,0,"[29, 52, 1, 42, 98, 83, 69, 58, 10, 72]",22.025240384615383,2.258203320014171,121.94394516944885
16,3,"[96, 74, 3, 20, 87, 45, 38, 81, 47, 8]",18.359375,2.2780052668009048,129.49829173088074
17,4,"[2, 76, 7, 88, 75, 70, 35, 73, 12, 62]",20.22235576923077,2.484011906843919,137.47457003593445
18,0,"[69, 33, 1, 11, 58, 10, 50, 68, 6, 34]",23.577724358974358,2.168325757369017,145.12218832969666
19,1,"[26, 5, 4, 15, 40, 71, 49, 14, 37, 99]",27.584134615384617,2.1569200998697524,153.09546661376953
20,2,"[82, 19, 0, 95, 16, 97, 46, 85, 63, 22]",24.048477564102566,2.11220215069942,161.4553244113922
21,3,"[81, 87, 3, 8, 27, 93, 48, 91, 17, 28]",21.995192307692307,2.3577996217287502,169.2411024570465
22,0,"[69, 42, 1, 98, 52, 77, 33, 34, 32, 11]",25.470753205128204,2.148028966708061,177.59072732925415
23,1,"[56, 99, 4, 14, 21, 49, 79, 37, 90, 5]",18.509615384615383,2.562706870910449,185.7683548927307
24,2,"[24, 46, 0, 84, 78, 63, 16, 97, 22, 60]",21.25400641025641,2.497548754398639,194.55312252044678
25,0,"[11, 10, 1, 52, 69, 32, 34, 77, 55, 58]",22.44591346153846,2.4348257321577806,203.01991891860962
26,3,"[30, 28, 3, 48, 38, 9, 96, 20, 74, 27]",24.208733974358974,2.1508434949777064,211.6284523010254
27,1,"[66, 40, 4, 37, 26, 79, 44, 13, 49, 14]",22.145432692307693,2.2438747516045203,219.831374168396
28,2,"[63, 84, 0, 23, 78, 36, 61, 22, 46, 18]",25.02003205128205,2.070508469373752,227.69497776031494
29,0,"[83, 42, 1, 72, 68, 69, 55, 29, 6, 33]",24.409054487179485,2.2521438797314963,236.31260180473328
30,3,"[9, 20, 3, 74, 38, 87, 28, 47, 93, 54]",19.571314102564102,2.475667485823998,244.2458918094635
31,1,"[40, 13, 4, 37, 49, 21, 5, 99, 56, 15]",25.55088141025641,2.4374654659858117,252.40113282203674
32,2,"[18, 82, 0, 19, 89, 59, 46, 23, 78, 61]",21.64463141025641,2.0461792961145058,260.32315707206726
33,0,"[98, 42, 1, 29, 34, 72, 58, 52, 50, 10]",25.200320512820515,2.065047499461052,268.0604865550995
34,3,"[27, 81, 3, 30, 74, 28, 91, 38, 54, 96]",20.86338141025641,2.448587188353905,275.6847553253174
35,4,"[86, 51, 2, 62, 7, 92, 67, 70, 75, 76]",20.86338141025641,2.448587188353905,283.8062164783478
36,1,"[13, 5, 4, 21, 37, 57, 66, 56, 40, 71]",26.762820512820515,2.1502443842398815,291.92371702194214
37,0,"[69, 32, 1, 11, 29, 50, 6, 98, 55, 58]",31.129807692307693,1.9759344489146502,300.45303320884705
38,2,"[64, 41, 0, 78, 85, 59, 23, 95, 84, 24]",29.96794871794872,1.9254482785860698,308.4251651763916
39,3,"[81, 20, 3, 87, 54, 91, 48, 17, 47, 30]",28.345352564102566,1.991786846747765,316.65703415870667
40,1,"[14, 5, 4, 21, 90, 99, 31, 15, 40, 44]",27.884615384615383,2.2347331169324045,324.913743019104
41,0,"[69, 52, 1, 77, 32, 55, 83, 98, 72, 42]",31.720753205128204,2.0030338718340945,333.47303080558777
42,2,"[97, 82, 0, 84, 36, 19, 41, 23, 64, 60]",26.65264423076923,2.2613745347047463,341.5044515132904
43,3,"[17, 48, 3, 74, 38, 81, 9, 47, 91, 54]",28.846153846153847,2.0268201384788904,349.7785050868988
44,1,"[40, 26, 4, 66, 15, 79, 49, 44, 5, 56]",31.881009615384617,2.0136364988791637,358.038690328598
45,0,"[32, 77, 1, 58, 83, 42, 98, 69, 10, 50]",32.20152243589744,1.9541588440919533,366.667596578598
46,2,"[95, 41, 0, 61, 97, 59, 63, 84, 36, 24]",30.899439102564102,2.0932451761685886,375.0455787181854
47,3,"[9, 96, 3, 74, 91, 48, 20, 45, 30, 17]",24.118589743589745,2.2022225780364795,383.4920828342438
48,1,"[44, 13, 4, 57, 26, 14, 37, 66, 21, 56]",26.141826923076923,2.2532893801346803,391.62246084213257
49,0,"[29, 98, 1, 6, 34, 50, 77, 55, 69, 10]",30.709134615384617,2.0116413098115187,400.3027355670929
50,2,"[19, 39, 0, 24, 22, 60, 36, 63, 84, 95]",27.193509615384617,2.06702634310111,408.21635913848877
51,3,"[47, 9, 3, 87, 38, 28, 91, 27, 65, 20]",31.01963141025641,1.9610714667882674,416.42803049087524
52,1,"[66, 40, 4, 21, 79, 49, 99, 37, 26, 56]",29.647435897435898,2.2372653224529366,425.16902685165405
53,0,"[83, 58, 1, 6, 29, 55, 69, 50, 10, 34]",26.47235576923077,2.2733563031905737,433.59066939353943
54,2,"[36, 61, 0, 82, 16, 41, 18, 63, 97, 95]",30.16826923076923,2.218452710371751,441.7431712150574
55,3,"[87, 45, 3, 17, 65, 93, 9, 20, 74, 48]",25.390625,2.210872761714153,450.6275556087494
56,1,"[31, 26, 4, 56, 15, 99, 57, 90, 66, 71]",31.370192307692307,2.299475203721951,459.1095824241638
57,0,"[6, 68, 1, 29, 42, 69, 10, 98, 72, 32]",34.46514423076923,1.8575948858872438,467.6478691101074
58,2,"[61, 85, 0, 41, 78, 59, 82, 39, 36, 97]",32.47195512820513,2.01875501871109,475.97689723968506
59,3,"[74, 54, 3, 96, 45, 8, 48, 47, 87, 17]",32.83253205128205,1.8600015411010156,484.43407821655273
60,1,"[99, 15, 4, 44, 5, 26, 49, 40, 71, 66]",36.999198717948715,1.8988744356693366,492.73455929756165
61,0,"[58, 98, 1, 29, 42, 6, 68, 69, 77, 72]",34.70552884615385,1.8134206059651496,501.55535674095154
62,2,"[16, 89, 0, 22, 85, 63, 18, 23, 24, 39]",28.10496794871795,2.13564288463348,510.00861263275146
63,3,"[9, 20, 3, 48, 74, 87, 47, 54, 91, 96]",28.44551282051282,2.055365171187963,518.3924911022186
64,1,"[26, 15, 4, 13, 99, 90, 71, 44, 66, 21]",35.68709935897436,1.9904182446308625,526.379412651062
65,0,"[68, 72, 1, 50, 11, 58, 6, 29, 98, 32]",35.06610576923077,1.8310097272579486,534.6761331558228
66,2,"[59, 22, 0, 85, 18, 41, 23, 84, 95, 61]",36.65865384615385,1.7923126801466331,542.6086530685425
67,3,"[9, 48, 3, 28, 54, 81, 8, 93, 91, 87]",27.584134615384617,2.154188104164906,550.8254399299622
68,1,"[14, 4, 5, 26, 66, 37, 71, 44, 79, 99]",37.08934294871795,2.004114718009264,559.195910692215
69,0,"[98, 29, 1, 77, 52, 83, 68, 33, 6, 10]",33.35336538461539,1.8237920602162678,567.4508721828461
70,2,"[61, 63, 0, 24, 39, 22, 82, 59, 84, 95]",35.03605769230769,1.8293528465124278,575.5464992523193
71,3,"[27, 3, 8, 48, 20, 45, 91, 93, 28, 17]",35.32652243589744,1.9065152498391957,583.6899657249451
72,1,"[90, 99, 4, 44, 31, 57, 71, 26, 37, 15]",36.74879807692308,1.9380226150537148,592.2926416397095
73,0,"[77, 50, 1, 68, 32, 29, 33, 69, 83, 55]",34.64543269230769,1.9374504257471135,600.635550737381
74,2,"[84, 60, 0, 59, 23, 89, 24, 39, 64, 36]",39.372996794871796,1.681649720057463,608.783588886261
75,3,"[28, 38, 3, 81, 9, 47, 87, 65, 8, 93]",35.72716346153846,1.8624256742306244,617.5145933628082
76,1,"[37, 79, 4, 15, 31, 49, 57, 5, 99, 14]",37.09935897435897,1.8846718470255535,625.6053717136383
77,0,"[1, 33, 6, 50, 68, 77, 29, 69, 58, 52]",37.62019230769231,1.8674155106911292,633.6651260852814
78,2,"[61, 82, 0, 78, 89, 23, 46, 24, 19, 18]",35.01602564102564,1.7458605537047753,642.1432790756226
79,3,"[81, 45, 3, 91, 65, 8, 9, 96, 27, 28]",30.979567307692307,1.911007781823476,650.8243288993835
80,1,"[15, 5, 4, 71, 90, 99, 21, 79, 57, 66]",36.74879807692308,1.8650426054612184,658.7633633613586
81,0,"[33, 69, 1, 6, 98, 50, 34, 55, 58, 52]",38.29126602564103,1.7089473360624068,666.966109752655
82,2,"[89, 18, 0, 16, 23, 36, 46, 97, 24, 59]",34.43509615384615,1.7838476040424445,675.3614897727966
83,3,"[48, 28, 3, 17, 20, 87, 91, 30, 27, 54]",34.93589743589744,1.770904710659614,683.9567680358887
84,1,"[99, 31, 4, 44, 26, 57, 37, 13, 66, 40]",38.752003205128204,1.8933023122640757,692.4255306720734
85,0,"[69, 68, 1, 6, 83, 11, 98, 50, 10, 34]",40.11418269230769,1.6745708661201673,700.5068645477295
86,2,"[0, 82, 16, 41, 46, 64, 59, 39, 18, 23]",30.46875,1.8781990607579548,708.7328081130981
87,3,"[47, 38, 3, 9, 54, 48, 65, 30, 87, 45]",36.78886217948718,1.7687392418201153,717.2300899028778
88,1,"[40, 13, 4, 31, 5, 99, 37, 15, 44, 21]",37.01923076923077,1.9364770605013921,725.4913575649261
89,0,"[72, 68, 1, 50, 11, 42, 10, 33, 83, 69]",37.52003205128205,1.827253861305041,733.7783284187317
90,2,"[23, 16, 0, 24, 60, 85, 64, 89, 84, 18]",36.68870192307692,1.7536536409304693,742.0157632827759
91,3,"[65, 74, 3, 38, 27, 8, 91, 47, 20, 54]",39.4130608974359,1.6814898680417965,750.2713186740875
92,1,"[4, 14, 5, 71, 90, 99, 79, 57, 37, 56]",33.71394230769231,2.1165691568301273,758.4440393447876
93,0,"[68, 52, 1, 69, 72, 6, 32, 29, 11, 55]",38.49158653846154,1.8306808379980235,766.968026638031
94,2,"[39, 19, 0, 63, 18, 61, 95, 59, 16, 89]",34.77564102564103,1.8431559755251958,775.0221996307373
95,3,"[54, 9, 3, 17, 20, 65, 91, 38, 8, 96]",38.48157051282051,1.7007927313829079,783.172066450119
96,1,"[37, 56, 4, 57, 40, 49, 5, 71, 79, 26]",38.53165064102564,1.7957785664460597,791.7390124797821
97,0,"[77, 34, 1, 83, 6, 98, 10, 50, 69, 29]",35.71714743589744,1.733633958376371,800.202486038208
98,2,"[0, 19, 16, 78, 36, 24, 18, 60, 85, 23]",39.89383012820513,1.6897304990352728,808.2679657936096
99,3,"[38, 48, 3, 28, 45, 87, 96, 27, 93, 74]",32.712339743589745,2.0349522660940123,816.623204946518
100,1,"[79, 66, 4, 31, 90, 14, 99, 26, 57, 49]",40.55488782051282,1.7377502612578564,824.9470639228821
101,0,"[1, 11, 6, 34, 33, 98, 68, 10, 32, 77]",39.943910256410255,1.678872021344992,833.3403074741364
102,2,"[60, 63, 0, 78, 46, 36, 23, 41, 82, 16]",32.161458333333336,1.8728743027418087,841.590980052948
103,3,"[81, 47, 3, 30, 74, 9, 17, 96, 65, 27]",32.892628205128204,1.8945557444523542,849.970285654068
104,1,"[21, 40, 4, 71, 56, 79, 90, 15, 26, 31]",32.20152243589744,2.054872922408275,858.2098271846771
105,0,"[33, 1, 6, 55, 69, 42, 98, 58, 50, 11]",40.55488782051282,1.6687765472974532,866.8902242183685
106,2,"[59, 23, 0, 19, 95, 89, 36, 16, 41, 64]",40.334535256410255,1.6580838820873163,875.1509323120117
107,3,"[54, 38, 3, 81, 28, 9, 91, 65, 74, 87]",37.72035256410256,1.800394233984825,883.3243906497955
108,1,"[56, 57, 4, 79, 37, 21, 13, 5, 71, 66]",40.154246794871796,1.7676668105981288,891.8921318054199
109,0,"[58, 10, 1, 29, 42, 83, 11, 55, 98, 33]",39.4130608974359,1.6879783685390766,900.5790655612946
110,2,"[22, 36, 0, 41, 78, 24, 18, 61, 64, 60]",40.124198717948715,1.7094008005582368,909.0726749897003
111,3,"[81, 30, 3, 65, 93, 47, 54, 9, 28, 27]",35.30649038461539,1.7585803698270748,917.256918668747
112,1,"[5, 71, 4, 79, 66, 49, 26, 15, 14, 13]",42.12740384615385,1.6486628162555206,925.5160593986511
113,0,"[42, 11, 1, 68, 98, 77, 50, 83, 52, 69]",42.38782051282051,1.587299033617362,933.9376101493835
114,2,"[22, 63, 0, 19, 85, 18, 46, 64, 97, 84]",42.678285256410255,1.5569280340121343,941.9456169605255
115,3,"[3, 30, 8, 45, 27, 96, 47, 38, 91, 81]",33.78405448717949,1.8900751670201619,950.0764181613922
116,1,"[44, 49, 4, 21, 37, 14, 5, 13, 31, 56]",37.810496794871796,1.7317280280284393,958.5923643112183
117,0,"[50, 83, 1, 11, 33, 34, 98, 32, 55, 77]",38.88221153846154,1.6935197848540087,967.1456229686737
118,2,"[36, 24, 0, 82, 19, 23, 60, 22, 41, 64]",34.375,1.861928878686367,975.3066771030426
119,3,"[54, 91, 3, 28, 65, 48, 47, 8, 93, 9]",38.29126602564103,1.7471449237603407,983.5310974121094
120,1,"[37, 13, 4, 49, 40, 56, 15, 90, 14, 99]",30.048076923076923,2.327620049317678,991.8901863098145
121,0,"[68, 34, 1, 55, 72, 58, 77, 50, 6, 42]",41.63661858974359,1.7282916903495789,1000.0363047122955
122,2,"[82, 85, 0, 61, 59, 78, 84, 22, 24, 95]",42.95873397435897,1.7357418032792897,1008.3028390407562
123,3,"[20, 45, 3, 87, 17, 38, 74, 65, 48, 96]",39.27283653846154,1.7537819575040767,1016.4507513046265
124,1,"[79, 13, 4, 44, 26, 56, 57, 90, 5, 71]",44.76161858974359,1.6210497526022105,1024.699728012085
125,0,"[77, 1, 6, 34, 83, 32, 42, 11, 72, 29]",35.52684294871795,2.0280295396462464,1033.3880825042725
126,2,"[97, 78, 0, 59, 60, 89, 39, 19, 95, 16]",39.21274038461539,1.7573843751198206,1041.411773443222
127,3,"[93, 3, 8, 27, 81, 87, 54, 45, 28, 74]",33.42347756410256,1.951671560605367,1049.598709821701
128,1,"[49, 57, 4, 26, 5, 14, 56, 13, 44, 31]",42.74839743589744,1.7801382801471612,1057.989429473877
129,0,"[52, 83, 1, 29, 72, 69, 55, 77, 11, 42]",33.77403846153846,2.0259156349377756,1066.1584191322327
130,2,"[89, 0, 16, 41, 84, 60, 95, 61, 24, 85]",39.27283653846154,1.761356654839638,1074.3722870349884
131,3,"[93, 45, 3, 30, 81, 74, 8, 96, 28, 38]",36.91907051282051,1.804104351080381,1082.6103191375732
132,1,"[44, 13, 4, 26, 21, 66, 56, 14, 15, 49]",36.26802884615385,1.912690439285376,1090.9714012145996
133,0,"[50, 52, 1, 77, 98, 32, 34, 83, 72, 33]",37.56009615384615,1.7684038357856946,1099.5330452919006
134,2,"[63, 59, 0, 23, 95, 60, 39, 16, 85, 19]",43.54967948717949,1.6184745415663109,1107.6453738212585
135,3,"[47, 65, 3, 91, 45, 38, 87, 74, 30, 17]",39.923878205128204,1.7248329397959588,1116.0023550987244
136,1,"[40, 71, 4, 26, 13, 21, 49, 14, 90, 99]",39.453125,1.8129938061420734,1124.2721481323242
137,0,"[29, 55, 1, 58, 11, 83, 69, 32, 33, 52]",36.86899038461539,1.8682711537067707,1132.6041955947876
138,2,"[89, 85, 0, 46, 39, 97, 36, 24, 61, 19]",43.89022435897436,1.545802069015992,1140.7383213043213
139,3,"[47, 48, 3, 9, 93, 20, 81, 87, 54, 74]",33.06290064102564,2.0237984504455175,1148.8153948783875
140,1,"[90, 15, 4, 31, 37, 99, 56, 14, 13, 44]",37.28966346153846,2.039817466185643,1157.1070575714111
141,0,"[32, 42, 1, 52, 34, 10, 77, 83, 50, 33]",39.23277243589744,1.9335712072176812,1165.6872889995575
142,2,"[41, 46, 0, 60, 36, 95, 84, 97, 23, 19]",43.76001602564103,1.5459585128686366,1173.8809626102448
143,3,"[54, 28, 3, 20, 91, 48, 8, 81, 87, 74]",37.8505608974359,1.714860236033415,1181.913936138153
144,1,"[90, 49, 4, 5, 40, 44, 37, 15, 56, 13]",35.31650641025641,1.890637755393982,1190.2804939746857
145,0,"[10, 98, 1, 42, 72, 32, 58, 29, 11, 34]",42.48798076923077,1.688076341763521,1198.58372092247
146,2,"[61, 46, 0, 89, 60, 64, 22, 19, 78, 41]",44.51121794871795,1.5251429600593371,1207.087430715561
147,3,"[48, 30, 3, 81, 93, 8, 9, 45, 91, 17]",41.25600961538461,1.614461626761999,1215.5792496204376
148,1,"[15, 31, 4, 5, 66, 14, 79, 37, 44, 49]",43.69991987179487,1.6143277914096148,1223.6438293457031
149,0,"[68, 1, 6, 42, 77, 52, 50, 29, 34, 83]",39.60336538461539,1.7739284497040968,1232.1083316802979
150,2,"[64, 16, 0, 97, 95, 89, 59, 24, 39, 84]",39.65344551282051,1.8483454004312172,1240.3243567943573
151,3,"[17, 45, 3, 96, 74, 38, 9, 65, 54, 20]",41.145833333333336,1.6978173332336621,1248.5823295116425
152,1,"[90, 21, 4, 13, 44, 14, 31, 40, 56, 71]",32.0713141025641,2.0684761970471115,1257.223602771759
153,0,"[1, 58, 6, 68, 11, 10, 72, 42, 50, 77]",45.232371794871796,1.6638506712057652,1265.3452978134155
154,2,"[16, 39, 0, 78, 19, 61, 46, 22, 24, 95]",36.428285256410255,1.8598589438658495,1273.6399054527283
155,3,"[45, 81, 3, 8, 54, 48, 65, 74, 20, 91]",43.259214743589745,1.5975172794782198,1281.695156097412
156,1,"[14, 49, 4, 44, 5, 90, 15, 56, 99, 71]",36.428285256410255,2.005840750840994,1289.9739797115326
157,0,"[33, 52, 1, 10, 6, 68, 42, 34, 98, 77]",44.86177884615385,1.5479041658915007,1298.2115671634674
158,2,"[46, 23, 0, 60, 85, 24, 78, 16, 19, 41]",44.41105769230769,1.5158983728824518,1306.302158355713
159,3,"[87, 28, 3, 17, 38, 54, 27, 81, 93, 47]",43.37940705128205,1.601011112714425,1314.73188829422
160,1,"[66, 15, 4, 49, 71, 14, 40, 99, 90, 57]",41.19591346153846,1.7249196691390796,1323.0304539203644
161,0,"[42, 32, 1, 72, 34, 11, 83, 69, 33, 10]",39.69350961538461,1.796409046038603,1331.7288160324097
162,2,"[23, 61, 0, 78, 85, 18, 19, 59, 95, 64]",47.38581730769231,1.4762523159002647,1340.0580606460571
163,3,"[87, 17, 3, 74, 91, 81, 93, 96, 9, 38]",40.89543269230769,1.694779470945016,1348.8037922382355
164,1,"[4, 40, 5, 15, 44, 21, 90, 57, 66, 13]",44.8818108974359,1.566638605716901,1357.1430535316467
165,0,"[11, 68, 1, 72, 10, 6, 29, 83, 52, 34]",32.44190705128205,1.9946131996619396,1365.4901587963104
166,2,"[23, 64, 0, 60, 78, 85, 39, 22, 16, 97]",41.20592948717949,1.7096694906552632,1373.6825165748596
167,3,"[93, 38, 3, 87, 17, 65, 74, 91, 54, 47]",43.73998397435897,1.6480568250020344,1382.3240132331848
168,1,"[5, 79, 4, 15, 66, 21, 56, 57, 49, 71]",44.32091346153846,1.5843574847930517,1390.3806848526
169,0,"[10, 55, 1, 33, 98, 69, 29, 72, 83, 34]",39.28285256410256,1.6592942705521216,1398.8054428100586
170,2,"[16, 60, 0, 59, 39, 84, 41, 89, 82, 97]",44.240785256410255,1.5820428041311412,1406.9516654014587
171,3,"[38, 45, 3, 20, 81, 48, 28, 96, 47, 27]",43.91025641025641,1.601983674061604,1414.6664395332336
172,1,"[57, 90, 4, 13, 44, 37, 14, 66, 31, 56]",40.24439102564103,1.7096059307073936,1422.5376195907593
173,0,"[11, 69, 1, 83, 58, 29, 68, 50, 33, 6]",44.220753205128204,1.5890034834543865,1430.429969072342
174,2,"[18, 60, 0, 95, 46, 16, 22, 89, 19, 36]",45.45272435897436,1.5152325553771777,1438.8428266048431
175,3,"[38, 17, 3, 54, 45, 28, 81, 27, 9, 47]",45.24238782051282,1.5955006052286198,1447.2550723552704
176,1,"[90, 40, 4, 5, 57, 13, 56, 26, 71, 66]",42.73838141025641,1.7315223247576983,1455.9243228435516
177,0,"[32, 42, 1, 83, 72, 50, 69, 55, 52, 29]",43.649839743589745,1.7140374336487207,1464.2974240779877
178,2,"[24, 60, 0, 39, 22, 85, 82, 36, 59, 19]",45.97355769230769,1.5564283682749822,1472.301351070404
179,3,"[45, 96, 3, 8, 48, 91, 65, 20, 54, 38]",41.39623397435897,1.6598655902422392,1480.8359308242798
180,1,"[26, 66, 4, 37, 31, 49, 71, 15, 99, 13]",45.56290064102564,1.5466836981284313,1489.7583975791931
181,0,"[55, 77, 1, 29, 11, 83, 34, 52, 33, 72]",28.03485576923077,2.1542363503040414,1497.8989911079407
182,2,"[24, 82, 0, 59, 84, 78, 89, 22, 97, 85]",39.91386217948718,1.7499131927123437,1506.1807038784027
183,3,"[17, 20, 3, 30, 47, 45, 48, 87, 38, 9]",44.50120192307692,1.6664353899466686,1514.396461725235
184,1,"[5, 37, 4, 99, 90, 40, 31, 21, 44, 15]",42.82852564102564,1.7247028763477619,1522.4026391506195
185,0,"[6, 77, 1, 83, 42, 68, 34, 69, 10, 11]",45.25240384615385,1.5901808937390645,1530.5948190689087
186,2,"[19, 59, 0, 36, 82, 18, 16, 23, 24, 84]",42.66826923076923,1.6610429072991395,1538.7828617095947
187,3,"[81, 9, 3, 17, 87, 28, 65, 45, 38, 54]",43.439503205128204,1.7034094272515712,1547.1212928295135
188,1,"[90, 57, 4, 37, 26, 5, 40, 99, 49, 31]",48.11698717948718,1.5080868097452016,1555.4815514087677
189,0,"[42, 69, 1, 11, 77, 52, 98, 32, 83, 6]",46.764823717948715,1.4973466518597724,1563.8831672668457
190,2,"[46, 82, 0, 60, 84, 64, 59, 97, 23, 78]",49.76963141025641,1.416923735386286,1571.6759333610535
191,3,"[54, 17, 3, 47, 9, 96, 91, 27, 30, 20]",42.107371794871796,1.619779585263668,1579.9820411205292
192,1,"[71, 79, 4, 49, 66, 14, 56, 99, 21, 5]",39.62339743589744,1.8244074139839563,1588.4511516094208
193,0,"[6, 10, 1, 98, 55, 58, 68, 33, 72, 50]",48.24719551282051,1.444730037297958,1596.5857079029083
194,2,"[22, 85, 0, 82, 60, 61, 39, 63, 23, 84]",43.3193108974359,1.5555999752802727,1604.6249198913574
195,3,"[30, 47, 3, 74, 54, 87, 27, 20, 81, 8]",52.87459935897436,1.3081313111843207,1612.7582759857178
196,1,"[66, 71, 4, 57, 31, 44, 14, 99, 26, 40]",45.12219551282051,1.703434808131976,1621.006629228592
197,0,"[50, 32, 1, 29, 83, 68, 33, 98, 77, 55]",46.29407051282051,1.513885715068915,1629.0676724910736
198,2,"[23, 82, 0, 97, 41, 18, 39, 85, 60, 61]",43.50961538461539,1.6203443637261024,1636.9407353401184
199,3,"[38, 45, 3, 65, 74, 87, 27, 8, 9, 81]",47.66626602564103,1.4626919688322606,1645.3399245738983
200,1,"[37, 56, 4, 40, 71, 15, 21, 14, 13, 90]",22.95673076923077,2.7178919254205165,1653.238404750824
201,0,"[42, 98, 1, 52, 77, 58, 55, 10, 34, 11]",43.02884615384615,1.6223028409175384,1661.4572355747223
202,2,"[36, 97, 0, 22, 19, 59, 78, 82, 60, 61]",47.14543269230769,1.5297303872230725,1669.7244760990143
203,3,"[54, 8, 3, 27, 81, 45, 48, 20, 28, 30]",48.42748397435897,1.4319280630502946,1677.9116263389587
204,1,"[49, 31, 4, 66, 21, 40, 15, 99, 37, 71]",44.040464743589745,1.6403206006074562,1686.4415295124054
205,0,"[32, 55, 1, 33, 83, 10, 34, 29, 68, 6]",41.80689102564103,1.736706554889679,1694.2347264289856
206,2,"[0, 16, 18, 39, 24, 97, 60, 84, 95, 36]",43.36939102564103,1.722697371091598,1702.324607849121
207,3,"[20, 87, 3, 96, 93, 81, 27, 65, 45, 28]",41.77684294871795,1.6888969204364679,1710.5674393177032
208,1,"[99, 44, 4, 49, 57, 31, 40, 37, 13, 15]",42.658253205128204,1.6703669123160534,1718.8561336994171
209,0,"[1, 42, 6, 58, 11, 55, 50, 34, 98, 83]",48.24719551282051,1.472915871021075,1726.8588223457336
210,2,"[84, 82, 0, 24, 59, 63, 46, 16, 18, 61]",38.10096153846154,1.8048973755958753,1735.167219877243
211,3,"[30, 87, 3, 48, 20, 45, 65, 91, 93, 54]",45.022035256410255,1.558175741097866,1743.7627453804016
212,1,"[21, 4, 5, 15, 71, 31, 99, 66, 44, 40]",42.077323717948715,1.8777205898211553,1752.4104409217834
213,0,"[32, 11, 1, 55, 98, 50, 83, 69, 29, 10]",47.375801282051285,1.4920239402697637,1760.9573805332184
214,2,"[22, 85, 0, 46, 16, 60, 64, 23, 89, 59]",51.041666666666664,1.3541844762288606,1769.21009683609
215,3,"[38, 81, 3, 47, 45, 96, 20, 9, 27, 8]",49.869791666666664,1.3858895271252363,1777.8387703895569
216,1,"[37, 44, 4, 31, 21, 49, 13, 71, 5, 66]",47.82652243589744,1.4652014756814027,1786.1903955936432
217,0,"[1, 32, 6, 72, 98, 55, 50, 69, 68, 11]",49.87980769230769,1.41110626856486,1794.8322732448578
218,2,"[36, 84, 0, 39, 78, 61, 19, 97, 82, 46]",48.23717948717949,1.433565113788996,1803.263470172882
219,3,"[28, 93, 3, 87, 54, 81, 48, 8, 45, 96]",35.68709935897436,1.957357522768852,1811.5189275741577
220,1,"[14, 90, 4, 66, 49, 99, 40, 79, 37, 13]",42.62820512820513,1.6499777313990471,1819.7053244113922
221,0,"[34, 50, 1, 83, 68, 52, 72, 98, 55, 33]",43.82011217948718,1.6145947728401575,1828.1478593349457
222,2,"[84, 16, 0, 82, 63, 36, 41, 23, 85, 59]",44.19070512820513,1.5908350088657477,1836.2914817333221
223,3,"[47, 87, 3, 93, 74, 96, 17, 30, 8, 20]",44.52123397435897,1.5088953039585016,1844.9248945713043
224,1,"[57, 4, 5, 49, 40, 90, 79, 71, 37, 31]",54.14663461538461,1.2951867748529484,1853.0713939666748
225,0,"[77, 42, 1, 33, 68, 83, 98, 69, 52, 50]",48.828125,1.43556320361602,1861.4377343654633
226,2,"[36, 0, 16, 95, 89, 23, 84, 78, 85, 18]",41.02564102564103,1.747364178681985,1869.5902481079102
227,3,"[48, 74, 3, 38, 81, 54, 28, 47, 45, 91]",48.13701923076923,1.4880572970096881,1877.6377446651459
228,1,"[44, 4, 5, 57, 49, 15, 37, 14, 26, 90]",51.19190705128205,1.3781397296832159,1886.0073690414429
229,0,"[32, 98, 1, 11, 77, 55, 10, 69, 52, 72]",45.76322115384615,1.553803304831187,1894.1341166496277
230,2,"[22, 23, 0, 36, 46, 97, 16, 60, 39, 41]",45.15224358974359,1.50564789160704,1902.0508167743683
231,3,"[54, 30, 3, 20, 45, 17, 81, 96, 93, 8]",42.74839743589744,1.5784414120209522,1909.8128383159637
232,1,"[15, 4, 5, 66, 13, 21, 40, 56, 31, 49]",41.86698717948718,1.6289555736077137,1918.358904838562
233,0,"[34, 52, 1, 42, 50, 55, 11, 98, 10, 83]",45.95352564102564,1.5351673502188463,1926.8982474803925
234,2,"[23, 82, 0, 64, 63, 89, 18, 39, 85, 61]",41.94711538461539,1.6518317002516527,1935.1509943008423
235,3,"[65, 45, 3, 54, 74, 91, 47, 87, 28, 38]",43.97035256410256,1.5673136237340095,1943.4681079387665
236,0,"[77, 69, 1, 10, 34, 33, 83, 11, 50, 68]",45.15224358974359,1.5845247094447796,1951.5432658195496
237,1,"[5, 31, 4, 71, 40, 49, 14, 56, 26, 79]",47.576121794871796,1.5199840802412767,1959.6495339870453
238,2,"[19, 41, 0, 23, 95, 61, 46, 64, 63, 36]",51.642628205128204,1.3584718337425818,1967.8536434173584
239,3,"[38, 96, 3, 17, 81, 27, 91, 74, 30, 48]",36.979166666666664,1.861240721665896,1976.0432167053223
240,0,"[42, 32, 1, 29, 10, 72, 34, 68, 6, 50]",46.15384615384615,1.5477245312470655,1984.582837820053
241,1,"[56, 40, 4, 14, 37, 13, 57, 44, 31, 79]",42.75841346153846,1.6758369283798413,1992.8871562480927
242,2,"[24, 41, 0, 18, 97, 89, 39, 82, 95, 22]",41.41626602564103,1.7646649540998998,2001.232670545578
243,3,"[47, 65, 3, 74, 28, 81, 45, 38, 20, 87]",46.55448717948718,1.5328312210547619,2009.352869272232
244,0,"[10, 83, 1, 69, 50, 29, 58, 6, 77, 11]",44.51121794871795,1.6942612238419361,2017.4430632591248
245,1,"[49, 99, 4, 40, 13, 5, 15, 44, 37, 90]",43.77003205128205,1.7265502244998248,2025.7739777565002
246,2,"[97, 60, 0, 59, 41, 63, 19, 61, 82, 23]",44.31089743589744,1.6547606235895402,2033.990074634552
247,3,"[45, 30, 3, 48, 17, 65, 47, 87, 9, 93]",49.709535256410255,1.4343487956585028,2041.9483389854431
248,0,"[50, 33, 1, 6, 42, 34, 69, 58, 10, 68]",48.89823717948718,1.514762702660683,2050.17213511467
249,1,"[15, 26, 4, 56, 13, 66, 37, 99, 57, 40]",43.14903846153846,1.8271656418458009,2058.587386369705
250,2,"[16, 97, 0, 36, 59, 39, 85, 22, 19, 61]",49.088541666666664,1.51504252354304,2067.0526757240295
251,3,"[17, 74, 3, 38, 81, 27, 96, 47, 8, 93]",48.88822115384615,1.433067601460677,2075.317743062973
252,0,"[58, 10, 1, 69, 77, 6, 50, 52, 98, 11]",50.09014423076923,1.3952787732466674,2083.577335357666
253,1,"[14, 13, 4, 71, 31, 66, 57, 99, 49, 40]",43.02884615384615,1.7521695815599883,2091.306224346161
254,2,"[89, 39, 0, 41, 78, 61, 82, 24, 19, 85]",45.01201923076923,1.6031566843008385,2099.7593970298767
255,3,"[96, 9, 3, 20, 91, 27, 30, 93, 38, 8]",43.08894230769231,1.6243524291576483,2108.0443382263184
256,0,"[50, 34, 1, 55, 72, 10, 29, 58, 69, 6]",42.888621794871796,1.721953123043745,2116.8827323913574
257,1,"[44, 15, 4, 21, 14, 66, 49, 40, 57, 79]",44.78165064102564,1.6048560463465178,2125.1056430339813
258,2,"[60, 59, 0, 22, 97, 16, 24, 78, 61, 64]",44.55128205128205,1.634043542238382,2133.8470306396484
259,3,"[17, 45, 3, 65, 91, 87, 38, 9, 8, 74]",46.9150641025641,1.5376609212312944,2141.919524908066
260,0,"[50, 32, 1, 10, 98, 72, 68, 77, 69, 33]",52.22355769230769,1.3398034511468349,2150.0088019371033
261,1,"[21, 31, 4, 49, 26, 13, 79, 66, 37, 14]",47.98677884615385,1.467347073249328,2158.639246225357
262,2,"[19, 0, 16, 36, 85, 41, 60, 23, 39, 46]",48.75801282051282,1.4306450516749651,2167.3447666168213
263,3,"[30, 74, 3, 27, 8, 54, 91, 65, 17, 28]",51.432291666666664,1.336387146741916,2175.166849374771
264,0,"[6, 42, 1, 55, 50, 52, 11, 77, 98, 68]",49.21875,1.4078833002310533,2183.614053964615
265,1,"[15, 5, 4, 66, 79, 31, 90, 21, 49, 71]",54.2568108974359,1.3112559211559784,2191.812357902527
266,2,"[64, 82, 0, 89, 46, 36, 60, 78, 61, 24]",49.67948717948718,1.413919211962284,2200.3945920467377
267,3,"[87, 74, 3, 48, 81, 30, 93, 54, 91, 96]",33.57371794871795,2.1813420989574532,2208.6897780895233
268,0,"[11, 10, 1, 34, 98, 69, 68, 50, 32, 33]",48.46754807692308,1.4501500160266192,2216.6906118392944
269,1,"[44, 49, 4, 15, 71, 5, 13, 56, 79, 21]",46.25400641025641,1.5641989570397596,2224.9947752952576
270,2,"[82, 64, 0, 84, 60, 23, 41, 78, 36, 16]",44.51121794871795,1.6176860485321436,2233.2444264888763
271,3,"[20, 9, 3, 96, 81, 27, 38, 45, 30, 8]",43.60977564102564,1.6087584388561738,2241.0062339305878
272,0,"[1, 52, 6, 68, 34, 29, 69, 32, 33, 72]",46.06370192307692,1.5443397760391235,2249.045149564743
273,1,"[4, 57, 5, 49, 66, 15, 26, 44, 79, 14]",48.66786858974359,1.4837710307194636,2257.4318165779114
274,2,"[46, 0, 16, 36, 22, 82, 61, 63, 95, 60]",45.49278846153846,1.5258205578877375,2266.0078976154327
275,3,"[30, 38, 3, 20, 81, 17, 54, 47, 96, 93]",47.6161858974359,1.4807519240257068,2273.756217956543
276,0,"[1, 32, 6, 72, 33, 98, 83, 29, 58, 42]",48.05689102564103,1.5046788836136842,2282.2033882141113
277,1,"[21, 57, 4, 71, 56, 5, 14, 26, 31, 90]",41.45633012820513,1.7813062774829376,2290.509537935257
278,2,"[85, 59, 0, 60, 18, 84, 82, 61, 23, 97]",49.39903846153846,1.4604575832684834,2298.956207752228
279,3,"[9, 8, 3, 87, 45, 65, 54, 48, 28, 17]",49.6494391025641,1.4311600358058245,2307.1173729896545
280,0,"[34, 69, 1, 42, 29, 10, 32, 50, 11, 83]",45.43269230769231,1.6686342694820502,2315.519461631775
281,1,"[56, 31, 4, 15, 14, 57, 21, 37, 99, 49]",37.87059294871795,2.0632820297510195,2323.782073736191
282,2,"[19, 61, 0, 24, 60, 84, 46, 63, 22, 39]",51.672676282051285,1.3439330489207537,2332.4410676956177
283,3,"[48, 93, 3, 74, 81, 54, 91, 28, 17, 45]",42.75841346153846,1.6639496974456005,2340.9216639995575
284,0,"[33, 69, 1, 52, 29, 32, 58, 55, 98, 50]",49.69951923076923,1.4357631451044328,2348.8563165664673
285,1,"[90, 21, 4, 71, 44, 56, 79, 66, 37, 40]",43.02884615384615,1.747808697896126,2357.260862827301
286,2,"[60, 64, 0, 63, 89, 22, 19, 95, 23, 16]",49.719551282051285,1.425556358618614,2365.5078508853912
287,3,"[65, 9, 3, 17, 38, 30, 27, 93, 96, 91]",45.14222756410256,1.585531974450136,2373.4638271331787
288,0,"[68, 98, 1, 33, 10, 34, 55, 83, 77, 29]",43.16907051282051,1.667904482438014,2381.1161353588104
289,1,"[13, 37, 4, 40, 44, 90, 99, 79, 5, 66]",46.94511217948718,1.6046369748237805,2389.2654101848602
290,2,"[19, 84, 0, 59, 63, 61, 18, 60, 16, 46]",45.803285256410255,1.5592936430221949,2397.335427761078
291,3,"[20, 3, 8, 27, 81, 74, 28, 47, 96, 30]",42.21754807692308,1.5993373500995147,2405.2981095314026
292,0,"[10, 33, 1, 68, 11, 98, 83, 58, 72, 32]",48.37740384615385,1.4873696794876685,2413.214687347412
293,1,"[5, 57, 4, 71, 13, 99, 79, 15, 21, 31]",45.48277243589744,1.7284592955540388,2421.558781147003
294,2,"[23, 39, 0, 19, 41, 36, 60, 84, 89, 18]",42.77844551282051,1.7365614557877564,2429.616279602051
295,3,"[17, 65, 3, 87, 38, 30, 27, 54, 96, 28]",42.50801282051282,1.718137352894514,2438.1136689186096
296,0,"[83, 1, 6, 68, 33, 29, 58, 10, 42, 55]",47.946714743589745,1.5085228238350306,2446.079070329666
297,1,"[31, 49, 4, 15, 26, 71, 5, 44, 57, 56]",49.87980769230769,1.4603357452612657,2454.5894815921783
298,2,"[46, 85, 0, 95, 18, 84, 61, 23, 39, 24]",53.31530448717949,1.316295781196692,2462.8212673664093
299,3,"[17, 93, 3, 87, 45, 47, 20, 65, 81, 91]",51.6025641025641,1.3851031691600115,2470.3602561950684
300,0,"[55, 77, 1, 10, 98, 11, 72, 42, 34, 68]",46.5244391025641,1.5200924659386659,2478.195275068283
301,4,"[51, 43, 2, 35, 62, 94, 53, 25, 73, 92]",46.5244391025641,1.5200924659386659,2485.996737241745
302,1,"[66, 49, 4, 99, 57, 13, 26, 40, 44, 21]",48.46754807692308,1.5382681061060002,2493.5435469150543
303,2,"[36, 24, 0, 95, 19, 63, 23, 97, 89, 85]",48.29727564102564,1.5014842748641968,2501.917849302292
304,0,"[6, 11, 1, 52, 69, 34, 42, 83, 68, 58]",44.87179487179487,1.6629462868739397,2509.8259744644165
305,3,"[81, 3, 8, 20, 47, 87, 45, 28, 65, 48]",54.43709935897436,1.3152134296221611,2517.835721731186
306,1,"[56, 44, 4, 21, 79, 49, 40, 31, 99, 5]",43.60977564102564,1.7779916983384352,2526.0895895957947
307,2,"[18, 60, 0, 84, 41, 63, 97, 22, 95, 61]",49.83974358974359,1.4749450469628358,2533.663318872452
308,0,"[29, 72, 1, 68, 52, 33, 6, 55, 11, 34]",41.76682692307692,1.6900863632177696,2541.6516814231873
309,3,"[9, 65, 3, 45, 48, 20, 96, 87, 91, 93]",43.78004807692308,1.6735009856713123,2549.438470363617
310,1,"[40, 31, 4, 99, 37, 56, 5, 21, 49, 26]",44.51121794871795,1.6928881605466206,2557.491853237152
311,2,"[36, 63, 0, 61, 16, 18, 84, 46, 97, 85]",45.95352564102564,1.557726956330813,2564.9811720848083
312,0,"[34, 58, 1, 42, 69, 68, 55, 33, 50, 77]",49.499198717948715,1.4920660532437837,2572.656537294388
313,3,"[45, 9, 3, 93, 91, 17, 48, 20, 81, 28]",37.209535256410255,2.0811776243723354,2580.570412158966
314,4,"[92, 2, 7, 51, 73, 25, 35, 62, 86, 76]",37.209535256410255,2.0811776243723354,2588.721965074539
315,1,"[56, 40, 4, 14, 31, 49, 44, 21, 15, 99]",40.08413461538461,2.0726144298529015,2596.1492054462433
316,0,"[32, 52, 1, 6, 33, 98, 58, 69, 10, 55]",50.06009615384615,1.4699397117663653,2604.4985864162445
317,2,"[18, 85, 0, 24, 16, 97, 36, 46, 39, 61]",47.03525641025641,1.5151791373888652,2611.968360900879
318,3,"[65, 27, 3, 93, 96, 74, 48, 47, 28, 17]",50.02003205128205,1.4178671638170879,2619.8685042858124
319,4,"[25, 86, 2, 35, 43, 7, 70, 76, 62, 51]",51.38221153846154,1.4384090380790906,2628.0951952934265
320,0,"[6, 1, 10, 34, 72, 11, 33, 77, 32, 98]",43.90024038461539,1.6729933008169517,2635.9929111003876
321,1,"[49, 44, 4, 5, 40, 15, 37, 71, 57, 31]",52.40384615384615,1.3473533468368726,2644.0621979236603
322,2,"[36, 24, 0, 46, 16, 84, 60, 23, 18, 39]",46.29407051282051,1.5023629130461278,2651.7204670906067
323,3,"[93, 8, 3, 91, 54, 87, 45, 74, 30, 9]",47.756410256410255,1.4594525710130348,2659.0838737487793
324,0,"[58, 98, 1, 33, 50, 10, 55, 52, 42, 72]",51.5224358974359,1.4052738058261383,2667.075088739395
325,1,"[4, 21, 5, 14, 90, 79, 15, 13, 49, 37]",52.55408653846154,1.368386244162535,2674.9774782657623
326,2,"[39, 59, 0, 95, 19, 18, 23, 24, 89, 84]",51.23197115384615,1.3874975794400923,2682.762543439865
327,3,"[47, 9, 3, 81, 27, 87, 74, 91, 20, 28]",44.631410256410255,1.5921408564616473,2690.5460431575775
328,0,"[68, 6, 1, 77, 58, 83, 29, 98, 55, 33]",49.088541666666664,1.4502209317989838,2698.5879135131836
329,1,"[26, 5, 4, 13, 79, 57, 37, 90, 15, 56]",48.327323717948715,1.5504595224673932,2706.546854019165
330,2,"[18, 22, 0, 36, 59, 23, 84, 89, 95, 63]",50.48076923076923,1.3994469902454278,2714.154044151306
331,3,"[27, 45, 3, 9, 38, 96, 91, 93, 87, 54]",44.98197115384615,1.6357423495023677,2722.192595243454
332,0,"[58, 83, 1, 6, 98, 29, 32, 72, 55, 77]",47.365785256410255,1.5236016817581959,2729.9543702602386
333,1,"[71, 14, 4, 13, 79, 66, 49, 21, 15, 99]",43.84014423076923,1.7640006175407996,2738.1217885017395
334,2,"[60, 36, 0, 97, 78, 95, 85, 23, 22, 41]",50.99158653846154,1.4128473125971281,2745.9683032035828
335,3,"[9, 28, 3, 8, 48, 47, 96, 17, 93, 87]",45.79326923076923,1.5847620352720604,2753.924329996109
336,0,"[29, 83, 1, 11, 6, 55, 77, 32, 72, 52]",40.22435897435897,1.7971184314825597,2761.2311527729034
337,1,"[21, 56, 4, 79, 57, 26, 31, 99, 90, 5]",43.96033653846154,1.7757534415293963,2769.208003282547
338,2,"[41, 46, 0, 82, 22, 64, 24, 89, 97, 95]",48.21714743589744,1.5265428668413408,2777.0832188129425
339,3,"[81, 65, 3, 28, 54, 47, 48, 91, 87, 17]",52.13341346153846,1.3658739022719555,2784.8880903720856
340,0,"[34, 69, 1, 68, 58, 77, 6, 72, 83, 52]",47.24559294871795,1.5815644631019006,2792.818649291992
341,1,"[4, 26, 5, 66, 40, 79, 37, 31, 44, 56]",49.92988782051282,1.5409388022545056,2800.675051689148
342,2,"[78, 82, 0, 89, 63, 24, 41, 85, 97, 64]",45.97355769230769,1.6962819389807873,2808.6086914539337
343,3,"[93, 30, 3, 48, 27, 45, 54, 81, 9, 38]",45.64302884615385,1.5815894450896826,2816.3377125263214
344,0,"[6, 33, 1, 58, 32, 11, 83, 72, 34, 50]",47.756410256410255,1.577674361375662,2824.0517942905426
345,4,"[7, 75, 2, 51, 73, 70, 94, 92, 86, 88]",47.756410256410255,1.577674361375662,2832.0252833366394
346,1,"[15, 56, 4, 99, 66, 5, 79, 14, 26, 40]",45.392628205128204,1.7599369501456237,2840.1662895679474
347,2,"[22, 84, 0, 36, 41, 95, 61, 64, 85, 59]",51.49238782051282,1.4409062220500066,2848.0165073871613
348,0,"[69, 1, 6, 72, 68, 50, 98, 52, 33, 77]",52.71434294871795,1.336949727474115,2855.5636904239655
349,3,"[17, 48, 3, 93, 47, 65, 28, 54, 8, 74]",55.21834935897436,1.2652715200032942,2863.2627849578857
350,1,"[13, 37, 4, 90, 26, 21, 31, 5, 79, 57]",53.0849358974359,1.3815416846519861,2870.886991739273
351,2,"[24, 97, 0, 23, 22, 78, 82, 36, 19, 61]",51.20192307692308,1.4283001270049658,2878.548311471939
352,0,"[42, 58, 1, 32, 52, 69, 83, 33, 72, 11]",44.97195512820513,1.6747913345312462,2886.7315695285797
353,3,"[87, 74, 3, 20, 96, 8, 28, 30, 38, 45]",44.641426282051285,1.6220077734727125,2893.950933456421
354,1,"[4, 66, 5, 79, 49, 71, 57, 99, 31, 56]",43.03886217948718,1.734277292703971,2901.9658064842224
355,2,"[41, 39, 0, 59, 89, 82, 16, 46, 23, 64]",49.05849358974359,1.4358337888350854,2909.688446521759
356,0,"[50, 55, 1, 52, 6, 69, 58, 83, 29, 42]",47.24559294871795,1.6065617417677855,2917.5855095386505
357,3,"[93, 8, 3, 65, 28, 47, 17, 87, 38, 27]",50.66105769230769,1.4721609873649402,2925.060793161392
358,4,"[53, 80, 2, 70, 92, 86, 94, 75, 35, 62]",50.66105769230769,1.4721609873649402,2933.1169052124023
359,1,"[14, 90, 4, 99, 15, 40, 44, 49, 71, 5]",47.88661858974359,1.6214366616346898,2941.1220195293427
360,0,"[77, 1, 6, 55, 32, 58, 34, 98, 29, 11]",49.318910256410255,1.4777861420924847,2949.4927327632904
361,2,"[16, 36, 0, 64, 39, 59, 23, 41, 61, 84]",40.35456730769231,1.7504942126763172,2956.806561231613
362,3,"[28, 45, 3, 20, 81, 27, 87, 96, 17, 65]",50.53084935897436,1.38646177145151,2964.341114759445
363,1,"[49, 5, 4, 44, 71, 57, 15, 31, 90, 99]",49.83974358974359,1.48183911274641,2972.138190984726
364,0,"[83, 72, 1, 29, 11, 68, 50, 58, 32, 34]",46.80488782051282,1.6799766757549384,2979.8182957172394
365,2,"[39, 19, 0, 64, 22, 41, 46, 63, 95, 36]",53.776041666666664,1.342922071615855,2987.7540440559387
366,3,"[65, 38, 3, 87, 27, 81, 91, 96, 17, 8]",48.517628205128204,1.4832815191684625,2995.964864730835
367,1,"[66, 44, 4, 37, 56, 14, 49, 15, 79, 13]",47.165464743589745,1.5441034818306947,3003.8458156585693
368,0,"[69, 29, 1, 68, 83, 34, 6, 42, 58, 77]",50.60096153846154,1.4962220451770685,3011.648942232132
369,2,"[18, 85, 0, 39, 59, 23, 78, 63, 64, 46]",54.3369391025641,1.282100796699524,3019.4174053668976
370,3,"[3, 91, 8, 93, 87, 17, 65, 30, 54, 81]",53.776041666666664,1.3075761305980194,3027.420639038086
371,1,"[14, 37, 4, 79, 56, 26, 44, 21, 49, 66]",48.19711538461539,1.5502851834663978,3035.3710103034973
372,0,"[69, 29, 1, 55, 68, 50, 33, 42, 6, 52]",50.57091346153846,1.4761051275791266,3043.2090327739716
373,2,"[16, 18, 0, 63, 59, 61, 95, 36, 19, 64]",46.47435897435897,1.5616338818501203,3051.0827300548553
374,3,"[93, 30, 3, 20, 48, 45, 38, 8, 17, 54]",52.98477564102564,1.3390835982102613,3058.9753425121307
375,1,"[40, 26, 4, 44, 15, 13, 99, 49, 57, 21]",48.73798076923077,1.5853542960607088,3066.90407538414
376,0,"[50, 52, 1, 11, 72, 33, 42, 58, 6, 68]",49.21875,1.548839203822307,3074.8903579711914
377,2,"[78, 22, 0, 19, 82, 84, 46, 97, 18, 59]",50.12019230769231,1.4438043710512993,3082.5504245758057
378,3,"[74, 91, 3, 81, 17, 65, 27, 54, 20, 45]",53.014823717948715,1.3463398202871666,3090.239629507065
379,4,"[75, 73, 2, 35, 86, 92, 88, 94, 25, 70]",53.014823717948715,1.3463398202871666,3097.794537782669
380,0,"[29, 33, 1, 32, 10, 58, 69, 68, 34, 72]",49.37900641025641,1.5192225651863294,3105.562180519104
381,1,"[90, 26, 4, 57, 37, 40, 79, 21, 66, 56]",46.57451923076923,1.6464622983565698,3113.6238238811493
382,2,"[97, 16, 0, 95, 46, 39, 63, 61, 18, 89]",46.60456730769231,1.524897107711205,3121.594571352005
383,3,"[93, 74, 3, 17, 87, 47, 8, 81, 20, 30]",52.79447115384615,1.330238129848089,3129.3928620815277
384,0,"[10, 68, 1, 29, 77, 55, 34, 42, 11, 50]",48.75801282051282,1.5459261108667424,3136.7760696411133
385,2,"[85, 22, 0, 84, 82, 97, 64, 89, 59, 39]",46.484375,1.5892025262881548,3144.442801952362
386,1,"[56, 49, 4, 44, 40, 99, 14, 26, 71, 66]",43.619791666666664,1.855907019896385,3152.343202114105
387,3,"[96, 48, 3, 81, 27, 38, 8, 28, 20, 74]",49.869791666666664,1.4536885374631636,3160.3085765838623
388,0,"[50, 77, 1, 29, 6, 52, 72, 10, 11, 34]",40.00400641025641,1.8223807643621395,3168.292212486267
389,2,"[85, 0, 16, 41, 63, 39, 82, 24, 46, 60]",50.57091346153846,1.4048974819672413,3175.9887068271637
390,1,"[66, 5, 4, 14, 49, 44, 71, 13, 56, 90]",45.392628205128204,1.646112756851392,3183.6779174804688
391,3,"[81, 3, 8, 91, 9, 28, 17, 48, 20, 30]",46.42427884615385,1.6008715843543029,3190.918466567993
392,0,"[50, 52, 1, 72, 69, 29, 55, 58, 83, 34]",45.983573717948715,1.681426757421249,3198.705018520355
393,2,"[84, 60, 0, 46, 19, 59, 97, 64, 36, 16]",56.46033653846154,1.2674023829973662,3206.181286096573
394,4,"[51, 12, 2, 92, 70, 76, 86, 88, 25, 53]",56.46033653846154,1.2674023829973662,3214.2216062545776
395,1,"[5, 49, 4, 37, 99, 15, 66, 40, 26, 56]",49.00841346153846,1.5104289207703028,3221.7271132469177
396,0,"[6, 34, 1, 98, 55, 52, 10, 11, 32, 29]",47.42588141025641,1.5412875276345472,3229.5449900627136
397,2,"[41, 97, 0, 60, 39, 78, 64, 82, 89, 46]",50.61097756410256,1.3876561446067615,3236.9346373081207
398,3,"[65, 74, 3, 96, 17, 81, 54, 27, 20, 28]",46.57451923076923,1.5782661544970977,3244.741417169571
399,4,"[94, 35, 2, 53, 76, 73, 70, 7, 43, 80]",49.82972756410256,1.4825592499512892,3252.4176876544952
400,0,"[1, 34, 6, 50, 68, 77, 42, 72, 98, 58]",51.93309294871795,1.363770651511657,3260.687330007553
401,1,"[49, 21, 4, 40, 31, 90, 13, 71, 57, 56]",34.3349358974359,2.1488479436972203,3268.8150272369385
402,2,"[41, 85, 0, 59, 64, 46, 63, 60, 36, 18]",57.22155448717949,1.215842569485689,3276.742030620575
403,3,"[3, 28, 8, 91, 17, 65, 45, 54, 96, 93]",51.662660256410255,1.3653579552968342,3284.5036289691925
404,0,"[69, 1, 6, 77, 50, 55, 29, 98, 42, 68]",54.34695512820513,1.2905731781935081,3292.328158378601
405,1,"[44, 15, 4, 13, 21, 66, 40, 37, 31, 14]",43.16907051282051,1.7623557555369842,3300.623497247696
406,2,"[0, 24, 16, 95, 63, 61, 41, 85, 78, 60]",43.05889423076923,1.662771992194347,3308.6013922691345
407,3,"[30, 28, 3, 9, 87, 47, 74, 54, 8, 81]",52.994791666666664,1.3070792280710661,3316.215887069702
408,0,"[55, 42, 1, 68, 52, 77, 98, 32, 34, 33]",49.79967948717949,1.4543827313643236,3323.6280920505524
409,4,"[67, 53, 2, 43, 7, 51, 88, 35, 70, 73]",51.83293269230769,1.3952476275272858,3331.5012953281403
410,1,"[90, 31, 4, 56, 5, 40, 71, 57, 13, 26]",46.49439102564103,1.5945655550712194,3339.2609102725983
411,2,"[39, 19, 0, 61, 46, 18, 85, 59, 78, 89]",56.28004807692308,1.2251738959398024,3347.277359008789
412,0,"[42, 83, 1, 32, 55, 33, 29, 68, 58, 52]",45.32251602564103,1.6233496849353497,3354.909164905548
413,3,"[28, 54, 3, 87, 9, 91, 74, 30, 38, 48]",50.95152243589744,1.427498412437928,3362.4378480911255
414,1,"[56, 44, 4, 26, 37, 66, 57, 31, 99, 21]",46.72475961538461,1.638104952298678,3370.102782011032
415,2,"[64, 78, 0, 84, 39, 36, 19, 16, 82, 89]",45.412660256410255,1.653712408664899,3378.2040877342224
416,0,"[29, 55, 1, 77, 10, 58, 50, 52, 42, 72]",45.72315705128205,1.6838189455179067,3386.102909564972
417,3,"[38, 20, 3, 96, 91, 27, 45, 54, 93, 87]",46.86498397435897,1.5406360014891014,3393.81453704834
418,1,"[79, 37, 4, 44, 99, 31, 5, 21, 66, 71]",48.31730769230769,1.6499265034993489,3401.9957020282745
419,2,"[97, 95, 0, 18, 36, 41, 60, 64, 85, 63]",53.36538461538461,1.3660022952617743,3409.639191865921
420,0,"[42, 33, 1, 29, 34, 58, 83, 6, 69, 11]",48.41746794871795,1.5279264266674335,3417.401278734207
421,3,"[65, 9, 3, 45, 96, 91, 27, 30, 81, 20]",41.13581730769231,1.8781693577766418,3425.1017637252808
422,1,"[31, 57, 4, 14, 49, 5, 26, 44, 15, 37]",52.70432692307692,1.3575184039580517,3432.97665476799
423,2,"[46, 78, 0, 18, 23, 82, 63, 97, 61, 39]",47.89663461538461,1.4679739872614543,3440.722379207611
424,0,"[32, 10, 1, 55, 11, 58, 77, 52, 98, 69]",48.84815705128205,1.454984310345772,3448.8028564453125
425,3,"[30, 8, 3, 96, 74, 20, 17, 27, 65, 38]",47.6161858974359,1.5337138756727562,3456.2651257514954
426,1,"[49, 13, 4, 26, 37, 56, 90, 5, 31, 99]",46.90504807692308,1.5853724708923926,3464.016103029251
427,2,"[46, 64, 0, 36, 59, 16, 78, 39, 95, 19]",51.79286858974359,1.364047463123615,3472.183541059494
428,0,"[6, 77, 1, 29, 55, 58, 72, 32, 52, 33]",45.11217948717949,1.6631769568492205,3479.9810659885406
429,3,"[45, 48, 3, 91, 96, 28, 9, 20, 27, 74]",44.32091346153846,1.658603412982745,3487.524329662323
430,1,"[26, 71, 4, 40, 56, 14, 31, 44, 99, 13]",43.20913461538461,1.9043377179365892,3495.726951122284
431,2,"[61, 22, 0, 82, 23, 95, 97, 24, 84, 60]",51.93309294871795,1.4173038861690423,3503.2753183841705
432,0,"[32, 69, 1, 72, 10, 77, 52, 58, 33, 55]",48.49759615384615,1.5284780065218608,3510.8292207717896
433,3,"[3, 9, 8, 48, 74, 93, 96, 54, 47, 17]",49.739583333333336,1.4685562314131322,3518.243017435074
434,4,"[25, 76, 2, 86, 73, 92, 94, 80, 7, 88]",49.739583333333336,1.4685562314131322,3526.3084185123444
435,1,"[15, 71, 4, 79, 57, 99, 56, 21, 40, 5]",44.010416666666664,1.7990446319946876,3533.6906588077545
436,0,"[77, 55, 1, 50, 10, 33, 34, 98, 42, 11]",49.98998397435897,1.4492748578389485,3542.1331956386566
437,2,"[41, 22, 0, 60, 16, 97, 24, 59, 84, 36]",51.05168269230769,1.4673356398558006,3549.5263121128082
438,3,"[3, 28, 8, 47, 87, 20, 96, 27, 91, 30]",46.8349358974359,1.5013808944286444,3557.188255548477
439,1,"[26, 37, 4, 31, 15, 71, 14, 49, 57, 90]",51.29206730769231,1.3925575201327984,3564.8797183036804
440,0,"[29, 55, 1, 72, 33, 69, 77, 42, 50, 6]",49.689503205128204,1.4713904551970654,3572.77991938591
441,2,"[0, 16, 18, 61, 60, 24, 85, 63, 82, 22]",45.86338141025641,1.5737209992531018,3580.5312151908875
442,3,"[3, 96, 8, 9, 93, 28, 47, 65, 38, 91]",51.83293269230769,1.3659489017266493,3588.313971757889
443,4,"[25, 43, 2, 70, 80, 12, 53, 51, 67, 94]",54.56730769230769,1.2541021009286244,3595.9049134254456
444,0,"[77, 42, 1, 58, 55, 10, 6, 98, 68, 72]",49.96995192307692,1.4299742503043933,3603.564887046814
445,1,"[40, 37, 4, 14, 15, 57, 13, 44, 66, 26]",47.80649038461539,1.5545319532736754,3611.476155281067
446,2,"[61, 95, 0, 59, 36, 89, 63, 82, 46, 24]",54.797676282051285,1.282381690465487,3619.308164834976
447,3,"[30, 48, 3, 45, 27, 9, 17, 74, 47, 81]",52.864583333333336,1.350768764813741,3626.92444896698
448,0,"[6, 50, 1, 72, 58, 11, 42, 77, 29, 32]",47.916666666666664,1.6395630362706306,3634.941442966461
449,1,"[26, 57, 4, 31, 37, 56, 79, 90, 49, 13]",46.5244391025641,1.6282747158637414,3643.322104215622
450,2,"[0, 85, 16, 46, 24, 63, 82, 60, 78, 18]",50.78125,1.40417303947302,3651.130232334137
451,3,"[17, 28, 3, 45, 9, 48, 87, 81, 38, 47]",48.67788461538461,1.551293785755451,3658.677124977112
452,0,"[68, 34, 1, 55, 83, 58, 33, 72, 32, 6]",50.25040064102564,1.4780785181583502,3666.297547340393
453,1,"[4, 99, 5, 31, 44, 57, 90, 79, 37, 71]",48.337339743589745,1.6247781774936578,3674.1995379924774
454,2,"[61, 78, 0, 24, 63, 39, 19, 16, 97, 23]",46.96514423076923,1.5779045743819995,3682.1444087028503
455,3,"[30, 48, 3, 47, 9, 8, 17, 74, 87, 93]",49.96995192307692,1.4435923542731848,3689.651955842972
456,0,"[29, 69, 1, 58, 42, 77, 72, 52, 6, 50]",49.14863782051282,1.5802787832724743,3697.1322836875916
457,4,"[7, 35, 2, 53, 43, 62, 80, 12, 86, 88]",49.14863782051282,1.5802787832724743,3705.199538707733
458,1,"[90, 40, 4, 15, 66, 99, 71, 14, 13, 79]",45.79326923076923,1.7322523074272351,3712.9439516067505
459,2,"[16, 64, 0, 46, 97, 95, 39, 82, 84, 18]",49.28886217948718,1.5114642886015086,3720.917175769806
460,0,"[42, 98, 1, 11, 72, 29, 68, 10, 34, 52]",47.47596153846154,1.5433274843753912,3728.831467628479
461,3,"[47, 30, 3, 9, 91, 20, 87, 81, 45, 27]",55.14823717948718,1.2577999662130306,3736.420595407486
462,4,"[75, 7, 2, 73, 88, 51, 76, 86, 62, 53]",46.875,1.5697710254253485,3744.2810559272766
463,1,"[40, 56, 4, 71, 13, 90, 66, 99, 37, 79]",41.94711538461539,1.945153913436792,3752.2723636627197
464,0,"[98, 55, 1, 29, 6, 72, 34, 50, 33, 77]",47.14543269230769,1.5716350674629211,3760.383190393448
465,2,"[46, 78, 0, 24, 36, 60, 59, 23, 97, 89]",56.71073717948718,1.2313453295291998,3767.9159140586853
466,3,"[91, 93, 3, 38, 48, 74, 45, 81, 8, 65]",48.61778846153846,1.4836250681143541,3775.418280363083
467,1,"[79, 90, 4, 57, 13, 15, 5, 44, 26, 21]",52.51402243589744,1.4324948848822179,3783.49649310112
468,0,"[72, 34, 1, 10, 50, 33, 77, 58, 29, 69]",47.87660256410256,1.6529536231970177,3791.1429340839386
469,2,"[59, 19, 0, 36, 85, 22, 82, 64, 23, 78]",54.17668269230769,1.3367109207006602,3798.929178953171
470,3,"[48, 27, 3, 65, 93, 38, 91, 96, 9, 47]",50.72115384615385,1.4751156629660191,3806.635753631592
471,4,"[2, 88, 7, 67, 76, 12, 43, 51, 62, 86]",49.04847756410256,1.463713873655368,3815.178953886032
472,0,"[98, 6, 1, 72, 11, 68, 32, 34, 69, 42]",52.654246794871796,1.3537493027173555,3823.132256269455
473,1,"[21, 90, 4, 14, 79, 71, 15, 5, 40, 37]",54.59735576923077,1.3220164745281904,3830.814157485962
474,2,"[89, 0, 16, 60, 19, 36, 22, 59, 24, 23]",54.036458333333336,1.316991449930729,3838.85121178627
475,3,"[81, 27, 3, 38, 91, 9, 47, 93, 54, 45]",49.889823717948715,1.4753121183468745,3846.606905221939
476,0,"[68, 83, 1, 69, 55, 34, 33, 10, 98, 58]",53.776041666666664,1.3192576231100621,3853.9500136375427
477,1,"[44, 49, 4, 56, 21, 57, 5, 79, 37, 13]",51.65264423076923,1.4411653616489508,3861.5171291828156
478,2,"[19, 36, 0, 39, 78, 85, 63, 16, 61, 22]",46.25400641025641,1.5634552240371704,3869.6136224269867
479,0,"[1, 50, 6, 11, 69, 52, 34, 55, 10, 68]",48.828125,1.5431830638494246,3877.4537620544434
480,3,"[3, 91, 8, 65, 54, 28, 93, 38, 48, 17]",52.063301282051285,1.4085516027915173,3885.4483983516693
481,1,"[57, 37, 4, 14, 15, 13, 49, 79, 99, 26]",52.80448717948718,1.41680030639355,3893.303032875061
482,2,"[24, 19, 0, 95, 16, 46, 18, 22, 41, 63]",48.547676282051285,1.4817472986685924,3901.070687532425
483,0,"[33, 32, 1, 98, 77, 58, 50, 52, 10, 6]",52.79447115384615,1.394775879688752,3909.1250841617584
484,3,"[54, 8, 3, 48, 93, 45, 30, 20, 9, 87]",47.60616987179487,1.5194890254583113,3916.667631626129
485,1,"[14, 71, 4, 99, 44, 56, 31, 13, 90, 26]",43.469551282051285,1.932083316338368,3924.4999001026154
486,2,"[60, 82, 0, 39, 61, 16, 89, 84, 95, 23]",49.108573717948715,1.451549774561173,3932.3405311107635
487,0,"[98, 52, 1, 32, 58, 72, 29, 10, 34, 6]",49.84975961538461,1.521200193808629,3940.093449831009
488,3,"[91, 30, 3, 81, 54, 38, 17, 93, 8, 9]",53.26522435897436,1.3238702355287013,3947.4553139209747
489,4,"[51, 70, 2, 7, 12, 43, 67, 94, 76, 92]",53.26522435897436,1.3238702355287013,3955.4745671749115
490,1,"[21, 31, 4, 5, 14, 40, 13, 66, 26, 56]",49.51923076923077,1.576955726513496,3963.4246594905853
491,0,"[50, 98, 1, 29, 52, 42, 10, 33, 6, 69]",53.044871794871796,1.3588887865726764,3972.136331319809
492,2,"[36, 59, 0, 46, 23, 78, 41, 19, 64, 61]",56.81089743589744,1.2186678006098821,3979.5220687389374
493,3,"[17, 30, 3, 48, 20, 38, 93, 45, 28, 65]",52.734375,1.3805515307646532,3986.816807746887
494,1,"[15, 26, 4, 57, 56, 14, 31, 5, 66, 90]",49.44911858974359,1.5419670175283382,3995.1109776496887
495,0,"[68, 83, 1, 52, 77, 11, 50, 10, 55, 29]",47.17548076923077,1.6051255877201374,4002.470340013504
496,2,"[22, 24, 0, 59, 16, 85, 39, 23, 46, 61]",47.155448717948715,1.5401810529904487,4010.3821818828583
497,3,"[96, 27, 3, 9, 30, 38, 45, 20, 65, 74]",45.33253205128205,1.6886068949332604,4018.1349623203278
498,4,"[12, 75, 2, 73, 94, 51, 70, 53, 7, 86]",49.318910256410255,1.4770972789862218,4025.9759764671326
499,0,"[55, 34, 1, 72, 69, 33, 11, 98, 50, 58]",50.23036858974359,1.418832242488861,4034.011574268341
500,1,"[56, 66, 4, 26, 40, 99, 14, 15, 90, 71]",46.29407051282051,1.7532646228105595,4041.9094111919403
501,2,"[16, 60, 0, 36, 41, 85, 61, 97, 39, 23]",55.0380608974359,1.3272823584385407,4049.782835960388
502,3,"[96, 20, 3, 74, 87, 47, 27, 91, 9, 93]",49.83974358974359,1.4485731170727656,4056.932069301605
503,0,"[52, 33, 1, 34, 32, 72, 42, 11, 68, 6]",46.99519230769231,1.5832275625986931,4064.605489730835
504,4,"[86, 75, 2, 53, 88, 94, 25, 43, 76, 80]",52.66426282051282,1.378252550577506,4072.415118455887
505,1,"[15, 21, 4, 49, 31, 79, 71, 13, 99, 40]",49.16866987179487,1.5574665344678438,4080.4396188259125
506,2,"[0, 78, 16, 84, 61, 64, 18, 63, 60, 46]",46.32411858974359,1.5762704947055914,4088.393524169922
507,0,"[68, 52, 1, 6, 58, 42, 10, 77, 34, 32]",43.669871794871796,1.7675304947755275,4096.031638383865
508,3,"[47, 28, 3, 27, 65, 8, 20, 93, 45, 96]",51.93309294871795,1.3802404908033519,4104.016143321991
509,4,"[92, 80, 2, 43, 12, 62, 25, 67, 76, 73]",56.10977564102564,1.2762772356852508,4111.685221672058
510,1,"[40, 13, 4, 90, 21, 26, 49, 71, 79, 15]",56.380208333333336,1.2467835423273919,4119.263082027435
511,0,"[72, 68, 1, 10, 50, 55, 29, 34, 83, 33]",50.94150641025641,1.4248529137709203,4127.191271781921
512,2,"[61, 78, 0, 22, 89, 95, 59, 16, 41, 24]",47.756410256410255,1.5813850454795055,4135.226016044617
513,3,"[96, 48, 3, 65, 91, 27, 17, 9, 54, 20]",46.86498397435897,1.5656635914093409,4142.71159529686
514,1,"[21, 66, 4, 90, 5, 57, 79, 13, 99, 31]",51.2119391025641,1.4690556358068416,4150.241839647293
515,0,"[29, 98, 1, 6, 10, 83, 72, 55, 58, 68]",52.10336538461539,1.3943734291272285,4157.959828853607
516,2,"[19, 59, 0, 46, 63, 23, 84, 97, 16, 18]",52.18349358974359,1.3974350293477376,4166.234995603561
517,3,"[47, 28, 3, 27, 93, 8, 87, 17, 91, 38]",53.405448717948715,1.3841801897073402,4174.386589050293
518,1,"[44, 90, 4, 5, 40, 21, 31, 57, 79, 14]",51.98317307692308,1.4447116454442341,4182.0389931201935
519,0,"[55, 32, 1, 72, 68, 34, 6, 52, 77, 11]",48.57772435897436,1.537366434549674,4189.410105705261
520,2,"[95, 60, 0, 46, 82, 41, 97, 23, 85, 89]",53.235176282051285,1.343750299551548,4197.408047676086
521,3,"[38, 27, 3, 87, 96, 74, 47, 8, 48, 17]",51.672676282051285,1.3965085775424273,4204.841031074524
522,1,"[79, 13, 4, 99, 71, 5, 56, 57, 15, 44]",47.45592948717949,1.6182363629341125,4212.675098180771
523,0,"[1, 77, 6, 69, 42, 68, 98, 55, 32, 72]",53.10496794871795,1.352949973864433,4221.108758449554
524,2,"[36, 63, 0, 19, 59, 64, 22, 41, 46, 18]",56.530448717948715,1.2598942808615856,4228.917547225952
525,3,"[87, 48, 3, 96, 91, 38, 74, 9, 30, 54]",43.49959935897436,1.7889728316893945,4236.668705224991
526,1,"[99, 4, 5, 49, 31, 56, 26, 14, 66, 71]",47.97676282051282,1.6146145631105473,4244.377667427063
527,0,"[33, 6, 1, 77, 52, 58, 72, 69, 98, 11]",51.98317307692308,1.4233010502961965,4252.134797334671
528,2,"[18, 64, 0, 95, 61, 78, 23, 82, 97, 84]",50.25040064102564,1.4755819867818782,4260.069171667099
529,3,"[17, 74, 3, 27, 20, 93, 87, 47, 8, 9]",47.68629807692308,1.6852641640565333,4267.844875097275
530,4,"[25, 70, 2, 76, 75, 35, 73, 51, 80, 67]",47.68629807692308,1.6852641640565333,4275.683501005173
531,0,"[68, 1, 6, 42, 72, 32, 69, 11, 29, 10]",48.50761217948718,1.6265436258071508,4283.727525234222
532,1,"[57, 4, 5, 71, 26, 66, 40, 15, 49, 31]",49.298878205128204,1.5115830439787645,4291.399537086487
533,2,"[22, 61, 0, 89, 41, 64, 78, 60, 63, 18]",49.33894230769231,1.4797613055278094,4299.237475633621
534,3,"[38, 17, 3, 27, 8, 54, 20, 74, 93, 81]",51.852964743589745,1.3975028426219256,4307.155607461929
535,0,"[33, 77, 1, 32, 34, 98, 72, 52, 10, 58]",51.14182692307692,1.4158264383291588,4314.576543807983
536,1,"[37, 26, 4, 15, 14, 99, 79, 13, 44, 31]",49.96995192307692,1.5616120390402966,4322.383169174194
537,2,"[18, 0, 16, 36, 95, 82, 63, 60, 64, 97]",51.32211538461539,1.4546373853316674,4329.908977270126
538,3,"[54, 38, 3, 65, 91, 81, 93, 27, 20, 47]",52.39383012820513,1.3855598110419054,4337.685471534729
539,0,"[55, 11, 1, 33, 32, 69, 42, 50, 52, 98]",54.2568108974359,1.3023755626800733,4345.497153997421
540,1,"[57, 15, 4, 49, 66, 14, 56, 13, 5, 31]",46.72475961538461,1.615665160692655,4352.784092664719
541,2,"[39, 22, 0, 59, 24, 61, 89, 64, 63, 36]",54.38701923076923,1.3402254581451416,4360.814421415329
542,3,"[17, 30, 3, 91, 8, 96, 27, 48, 81, 93]",44.69150641025641,1.679776601302318,4368.472712516785
543,0,"[58, 29, 1, 98, 34, 83, 55, 11, 50, 72]",47.58613782051282,1.563800104153462,4375.902544260025
544,4,"[88, 62, 2, 86, 75, 12, 35, 76, 53, 67]",47.58613782051282,1.563800104153462,4383.930830001831
545,1,"[4, 56, 5, 26, 13, 31, 79, 37, 40, 57]",53.90625,1.4023515352836022,4392.131049156189
546,2,"[63, 64, 0, 18, 39, 78, 22, 23, 61, 85]",52.41386217948718,1.3767634477370825,4399.735915899277
547,0,"[33, 29, 1, 42, 77, 6, 69, 32, 34, 98]",52.233573717948715,1.4238163798283308,4407.609565973282
548,3,"[45, 3, 8, 91, 20, 17, 74, 81, 38, 54]",54.20673076923077,1.3375737162736745,4415.446617126465
549,4,"[12, 51, 2, 67, 92, 7, 70, 35, 94, 80]",48.18709935897436,1.5049093854733002,4423.343913078308
550,1,"[44, 57, 4, 21, 66, 49, 40, 99, 37, 90]",50.94150641025641,1.4290312024263234,4430.993442296982
551,0,"[50, 6, 1, 68, 42, 77, 29, 98, 58, 10]",54.016426282051285,1.3548149833312402,4438.795763492584
552,2,"[59, 78, 0, 84, 19, 23, 24, 97, 95, 85]",56.9911858974359,1.2741584991797423,4446.451393127441
553,3,"[74, 17, 3, 27, 20, 93, 9, 30, 91, 81]",48.94831730769231,1.4771514534950256,4454.078829050064
554,1,"[31, 49, 4, 13, 71, 66, 21, 44, 56, 15]",44.44110576923077,1.74475051348026,4462.196213960648
555,0,"[42, 69, 1, 58, 55, 6, 50, 11, 68, 32]",52.39383012820513,1.4748276533224645,4470.399482965469
556,2,"[46, 19, 0, 60, 63, 84, 22, 18, 64, 82]",48.697916666666664,1.5183412768901923,4478.0216727256775
557,3,"[17, 93, 3, 96, 74, 38, 47, 9, 30, 81]",49.38902243589744,1.5078284923846905,4485.568646669388
558,4,"[2, 62, 7, 12, 73, 88, 25, 86, 51, 35]",58.283253205128204,1.165765377191397,4493.471773386002
559,0,"[55, 11, 1, 10, 42, 6, 34, 52, 83, 33]",50.490785256410255,1.418501575787862,4501.6366057395935
560,1,"[4, 14, 5, 21, 49, 31, 71, 99, 56, 40]",43.12900641025641,1.8339590078745134,4509.531725883484
561,2,"[63, 23, 0, 89, 64, 19, 60, 24, 46, 41]",56.82091346153846,1.256189262255644,4516.9442801475525
562,3,"[81, 17, 3, 9, 30, 8, 38, 47, 74, 27]",57.08133012820513,1.2365094438577309,4524.883816480637
563,0,"[68, 33, 1, 50, 69, 55, 11, 77, 58, 32]",55.47876602564103,1.3054573688751612,4532.218384504318
564,1,"[21, 14, 4, 90, 49, 13, 79, 26, 44, 71]",54.09655448717949,1.377471495897342,4540.411333799362
565,2,"[0, 85, 16, 61, 24, 18, 59, 41, 78, 95]",46.744791666666664,1.5876068533995213,4548.071191549301
566,3,"[91, 8, 3, 48, 87, 17, 30, 54, 96, 45]",39.1025641025641,2.03151826827954,4555.868633985519
567,0,"[6, 29, 1, 98, 52, 55, 10, 83, 42, 33]",47.86658653846154,1.5728709957538507,4563.385683298111
568,4,"[7, 73, 2, 25, 94, 51, 80, 75, 12, 62]",53.776041666666664,1.3021800777851007,4571.228135347366
569,1,"[26, 40, 4, 31, 15, 71, 49, 37, 14, 56]",44.661458333333336,1.6650890570420485,4579.210153102875
570,2,"[24, 36, 0, 23, 41, 46, 19, 22, 85, 60]",55.08814102564103,1.3045723346563487,4587.3682696819305
571,0,"[77, 11, 1, 10, 6, 52, 72, 29, 55, 69]",36.51842948717949,2.030664378251785,4594.810353279114
572,3,"[74, 91, 3, 45, 27, 8, 20, 54, 30, 87]",52.90464743589744,1.3778517765876575,4602.240562915802
573,1,"[4, 56, 5, 37, 79, 31, 66, 21, 13, 15]",52.90464743589744,1.3798941450241284,4609.9134793281555
574,2,"[46, 60, 0, 85, 89, 84, 16, 82, 23, 59]",54.63741987179487,1.2745717320686731,4617.382579088211
575,0,"[33, 58, 1, 72, 68, 83, 42, 11, 98, 52]",50.44070512820513,1.4097729799075005,4625.540004014969
576,3,"[81, 30, 3, 96, 38, 74, 48, 9, 93, 17]",46.23397435897436,1.6462921041708727,4632.704409360886
577,4,"[25, 75, 2, 35, 62, 43, 53, 80, 51, 73]",61.6786858974359,1.0841159698290703,4640.9805018901825
578,1,"[26, 15, 4, 21, 57, 79, 5, 37, 14, 40]",54.407051282051285,1.349077386733813,4648.612588405609
579,0,"[34, 10, 1, 50, 32, 83, 29, 11, 69, 77]",49.709535256410255,1.5323145863337395,4656.628296613693
580,2,"[64, 84, 0, 78, 18, 89, 36, 39, 16, 23]",44.53125,1.7772834576093233,4664.265807390213
581,3,"[54, 87, 3, 81, 9, 91, 27, 48, 74, 96]",44.34094551282051,1.7756127760960505,4672.035286664963
582,4,"[70, 67, 2, 62, 25, 86, 76, 7, 53, 12]",54.24679487179487,1.3287185934873729,4679.938805103302
583,0,"[42, 32, 1, 33, 58, 69, 77, 10, 72, 11]",48.67788461538461,1.4986446820772612,4688.1555025577545
584,1,"[4, 5, 13, 26, 40, 44, 15, 14, 90, 49]",54.67748397435897,1.3228934116852589,4696.056944608688
585,2,"[19, 78, 0, 18, 60, 24, 95, 22, 36, 64]",54.98798076923077,1.306110768746107,4703.764124155045
586,3,"[27, 3, 8, 45, 87, 93, 47, 20, 81, 91]",52.243589743589745,1.4215514491765926,4711.34680557251
587,0,"[77, 29, 1, 50, 33, 83, 55, 34, 98, 32]",48.11698717948718,1.5320003613447533,4718.821904420853
588,1,"[15, 56, 4, 57, 49, 44, 13, 5, 31, 90]",48.717948717948715,1.5578739643096924,4726.563129901886
589,2,"[97, 41, 0, 46, 60, 78, 16, 85, 61, 82]",51.26201923076923,1.3822164978736486,4734.806184053421
590,3,"[27, 30, 3, 74, 93, 17, 28, 47, 96, 54]",48.80809294871795,1.5140250462752123,4742.390033960342
591,0,"[29, 77, 1, 10, 83, 98, 69, 42, 11, 32]",52.89463141025641,1.3997053106625874,4750.3048186302185
592,1,"[90, 5, 4, 57, 79, 13, 44, 37, 49, 99]",52.25360576923077,1.4644736387790778,4758.000421524048
593,2,"[22, 89, 0, 24, 46, 78, 41, 60, 95, 23]",51.76282051282051,1.3990727601907191,4765.851283311844
594,3,"[30, 54, 3, 48, 47, 93, 38, 27, 9, 8]",51.22195512820513,1.390499283105899,4773.993959903717
595,0,"[42, 1, 6, 72, 50, 83, 77, 33, 98, 11]",51.38221153846154,1.4095011934255943,4781.721153974533
596,4,"[92, 12, 2, 73, 25, 67, 35, 75, 80, 51]",51.38221153846154,1.4095011934255943,4789.699875831604
597,1,"[40, 15, 4, 49, 56, 57, 66, 90, 71, 5]",46.55448717948718,1.66692953537672,4797.822898864746
598,2,"[78, 16, 0, 39, 36, 97, 60, 84, 95, 64]",51.26201923076923,1.433114999379867,4805.643194198608
599,0,"[33, 83, 1, 68, 98, 69, 55, 77, 32, 10]",54.41706730769231,1.3391716128740556,4813.259615182877
600,3,"[93, 45, 3, 27, 9, 74, 20, 91, 38, 81]",50.36057692307692,1.4597047720199976,4821.039539337158
601,4,"[53, 51, 2, 88, 92, 70, 73, 76, 35, 43]",51.662660256410255,1.379950225353241,4829.0495138168335
602,1,"[40, 31, 4, 44, 49, 79, 21, 56, 13, 15]",48.96834935897436,1.512439944805243,4836.590874910355
603,0,"[77, 55, 1, 6, 34, 68, 58, 42, 11, 83]",51.20192307692308,1.4522005334878578,4844.963665008545
604,2,"[59, 46, 0, 85, 23, 89, 84, 18, 61, 41]",54.49719551282051,1.3041464579411042,4852.252762556076
605,3,"[17, 65, 3, 48, 27, 87, 30, 45, 9, 28]",52.834535256410255,1.361690742847247,4860.02779507637
606,1,"[21, 15, 4, 90, 79, 71, 31, 57, 37, 13]",54.67748397435897,1.320885066802685,4868.090194702148
607,0,"[72, 34, 1, 6, 77, 58, 42, 29, 33, 32]",47.185496794871796,1.6263302732736638,4876.212427616119
608,2,"[19, 97, 0, 85, 41, 36, 23, 18, 64, 24]",56.17988782051282,1.3006087908378015,4883.610363483429
609,3,"[20, 47, 3, 87, 93, 65, 81, 74, 38, 30]",52.37379807692308,1.3736538535509355,4891.269585609436
610,1,"[26, 21, 4, 79, 15, 90, 31, 5, 71, 99]",53.49559294871795,1.4055119126270978,4899.4345688819885
611,0,"[77, 50, 1, 98, 32, 55, 58, 42, 72, 29]",51.72275641025641,1.4356379081041386,4907.002423763275
612,2,"[82, 63, 0, 61, 19, 84, 78, 89, 22, 18]",47.81650641025641,1.5879320288315797,4914.9231724739075
613,3,"[38, 30, 3, 74, 17, 91, 93, 9, 96, 81]",46.10376602564103,1.7135572127806835,4922.373991727829
614,4,"[53, 51, 2, 62, 12, 75, 80, 73, 25, 43]",46.10376602564103,1.7135572127806835,4930.451782464981
615,0,"[6, 10, 1, 42, 98, 52, 55, 77, 69, 50]",55.21834935897436,1.3201564183601966,4938.689247608185
616,1,"[56, 99, 4, 79, 14, 40, 44, 71, 21, 37]",44.21073717948718,1.8831812219742017,4946.602780818939
617,2,"[78, 41, 0, 19, 97, 64, 59, 85, 84, 36]",54.63741987179487,1.3543439782582796,4954.498665809631
618,3,"[81, 3, 8, 45, 28, 38, 27, 91, 74, 54]",56.81089743589744,1.3035582197018158,4962.375124692917
619,0,"[98, 10, 1, 6, 72, 34, 83, 50, 29, 68]",51.14182692307692,1.4637520420245635,4969.965260982513
620,1,"[40, 66, 4, 57, 90, 49, 26, 44, 99, 37]",53.56570512820513,1.412475966490232,4977.979187488556
621,2,"[46, 36, 0, 16, 41, 18, 78, 19, 59, 89]",51.672676282051285,1.4125758088552034,4985.754057645798
622,3,"[28, 38, 3, 27, 9, 91, 45, 96, 30, 74]",46.15384615384615,1.6733150405761523,4993.487829208374
623,0,"[72, 42, 1, 29, 55, 83, 77, 69, 58, 6]",47.756410256410255,1.612947593896817,5000.99392747879
624,1,"[14, 56, 4, 57, 99, 49, 79, 13, 5, 66]",47.82652243589744,1.6652655494518769,5008.713027000427
625,2,"[61, 63, 0, 36, 85, 64, 39, 41, 46, 97]",55.82932692307692,1.2921904890965192,5016.277177333832
626,3,"[74, 45, 3, 9, 28, 93, 54, 87, 27, 8]",43.58974358974359,1.8665966529112596,5023.767022371292
627,0,"[50, 10, 1, 68, 83, 6, 11, 33, 77, 69]",52.3838141025641,1.4430440297493567,5031.539662599564
628,1,"[79, 90, 4, 71, 26, 66, 99, 37, 21, 49]",52.13341346153846,1.5047371830695715,5039.566658258438
629,2,"[24, 16, 0, 60, 61, 23, 46, 19, 59, 78]",53.34535256410256,1.3487657660093062,5047.302106142044
630,3,"[91, 9, 3, 87, 8, 81, 17, 45, 38, 65]",53.255208333333336,1.367671543206924,5054.790904760361
631,0,"[69, 52, 1, 55, 33, 11, 10, 83, 34, 58]",47.99679487179487,1.582801612523886,5062.378262519836
632,1,"[56, 79, 4, 49, 31, 90, 15, 26, 71, 44]",49.05849358974359,1.6165487888531807,5070.101733446121
633,2,"[22, 64, 0, 85, 60, 24, 78, 23, 61, 97]",53.74599358974359,1.413973745627281,5077.998949766159
634,3,"[81, 65, 3, 93, 20, 74, 48, 91, 96, 27]",47.3056891025641,1.6499960468365595,5085.60139465332
635,0,"[69, 34, 1, 50, 72, 32, 55, 77, 29, 11]",50.701121794871796,1.4493489922621312,5093.320146560669
636,2,"[23, 60, 0, 97, 46, 22, 24, 85, 59, 36]",57.732371794871796,1.2524184714525173,5101.328401565552
637,1,"[99, 31, 4, 49, 56, 40, 21, 66, 15, 44]",45.67307692307692,1.7958848766791515,5108.877927064896
638,3,"[96, 47, 3, 87, 30, 28, 74, 27, 38, 9]",51.36217948717949,1.4510675500600765,5116.477017879486
639,0,"[11, 1, 6, 69, 68, 52, 32, 83, 72, 33]",54.92788461538461,1.312084552569267,5124.098524808884
640,2,"[22, 18, 0, 36, 95, 61, 19, 39, 64, 84]",51.31209935897436,1.4446279070316217,5131.662626981735
641,4,"[80, 70, 2, 7, 94, 25, 53, 12, 35, 86]",51.31209935897436,1.4446279070316217,5139.545644044876
642,1,"[90, 40, 4, 31, 14, 66, 99, 71, 5, 15]",50.87139423076923,1.5437567081206884,5147.131777763367
643,0,"[42, 32, 1, 83, 33, 52, 72, 6, 69, 11]",48.8681891025641,1.52155986504677,5155.54865193367
644,2,"[39, 60, 0, 97, 95, 36, 78, 85, 82, 63]",52.13341346153846,1.4364863145045745,5162.719350576401
645,3,"[30, 81, 3, 45, 38, 20, 93, 9, 17, 8]",50.18028846153846,1.4705343903639378,5170.21549654007
646,4,"[53, 51, 2, 76, 43, 70, 62, 80, 25, 35]",58.04286858974359,1.1659397796178474,5178.347194671631
647,0,"[83, 50, 1, 68, 69, 55, 10, 34, 33, 58]",56.18990384615385,1.2747642611845946,5185.845280647278
648,1,"[56, 13, 4, 26, 44, 71, 40, 15, 31, 37]",49.18870192307692,1.6012731056946974,5193.337435722351
649,2,"[85, 61, 0, 59, 22, 95, 18, 24, 84, 82]",54.47716346153846,1.3665121656197767,5200.719690799713
650,3,"[9, 65, 3, 8, 27, 91, 17, 96, 74, 93]",54.08653846153846,1.3622913513428125,5208.697303056717
651,0,"[32, 10, 1, 50, 11, 72, 42, 58, 98, 83]",54.35697115384615,1.3469873819595728,5216.173873186111
652,1,"[90, 37, 4, 15, 57, 49, 5, 13, 99, 44]",53.44551282051282,1.4289694688259027,5224.110691547394
653,2,"[0, 78, 16, 36, 18, 85, 89, 24, 19, 41]",48.80809294871795,1.5114813370582385,5231.966896057129
654,3,"[28, 30, 3, 54, 47, 93, 8, 91, 17, 38]",54.32692307692308,1.295488184843308,5239.692008972168
655,0,"[68, 6, 1, 33, 32, 55, 72, 52, 58, 69]",52.29366987179487,1.4179876385590968,5246.9314432144165
656,4,"[7, 70, 2, 75, 92, 62, 43, 80, 73, 76]",60.77724358974359,1.1125331811415844,5255.153555393219
657,1,"[56, 37, 4, 79, 49, 99, 40, 14, 71, 5]",49.05849358974359,1.5744061653430645,5262.870418310165
658,2,"[60, 19, 0, 36, 59, 95, 16, 39, 41, 46]",55.22836538461539,1.3165286183357239,5270.794727087021
659,0,"[11, 98, 1, 55, 29, 32, 50, 52, 42, 68]",50.520833333333336,1.468775905095614,5278.394944190979
660,3,"[38, 17, 3, 28, 20, 87, 9, 93, 65, 96]",54.36698717948718,1.3298001350500646,5286.04393196106
661,4,"[7, 73, 2, 76, 88, 35, 51, 62, 53, 25]",51.15184294871795,1.3594864866672418,5294.100744009018
662,1,"[15, 49, 4, 44, 31, 21, 79, 40, 5, 14]",52.57411858974359,1.381213950805175,5301.764729499817
663,0,"[69, 77, 1, 98, 6, 50, 58, 72, 32, 42]",56.00961538461539,1.2947722780398834,5309.640068292618
664,2,"[18, 41, 0, 23, 60, 36, 95, 64, 59, 63]",55.66907051282051,1.3204113795207097,5316.966081380844
665,3,"[91, 96, 3, 30, 17, 9, 8, 87, 54, 74]",46.50440705128205,1.6509966911413732,5324.352151155472
666,1,"[4, 26, 5, 99, 15, 13, 49, 37, 71, 14]",55.358573717948715,1.3144497061387086,5332.3080241680145
667,0,"[6, 69, 1, 32, 55, 77, 34, 52, 98, 11]",52.72435897435897,1.399088740348816,5340.006759643555
668,2,"[95, 60, 0, 59, 63, 23, 46, 18, 39, 24]",57.702323717948715,1.2496429826968756,5347.971836805344
669,3,"[9, 45, 3, 17, 74, 27, 96, 48, 87, 8]",52.3838141025641,1.3956765471360622,5355.548993110657
670,4,"[43, 76, 2, 67, 88, 80, 35, 62, 94, 86]",52.56410256410256,1.3635557018793547,5362.996515750885
671,0,"[10, 69, 1, 83, 33, 34, 68, 52, 42, 11]",53.10496794871795,1.3616179059713314,5370.809269189835
672,1,"[13, 57, 4, 37, 56, 90, 26, 40, 44, 31]",51.2119391025641,1.4996920151588244,5378.4685118198395
673,2,"[63, 0, 16, 64, 78, 18, 97, 46, 39, 95]",50.06009615384615,1.526986606610127,5386.367837190628
674,3,"[38, 48, 3, 30, 81, 87, 27, 96, 20, 17]",46.69471153846154,1.6552022359310052,5394.082236051559
675,0,"[98, 42, 1, 6, 52, 10, 69, 50, 68, 33]",56.63060897435897,1.2432104991032527,5401.421746253967
676,4,"[53, 73, 2, 70, 80, 25, 67, 86, 7, 43]",53.645833333333336,1.344565198971675,5409.435302257538
677,1,"[40, 37, 4, 66, 57, 99, 49, 15, 56, 21]",49.719551282051285,1.5574867985187433,5417.2717461586
678,2,"[64, 19, 0, 60, 63, 89, 85, 16, 46, 59]",59.16466346153846,1.169805028499701,5425.221769332886
679,0,"[11, 72, 1, 68, 50, 69, 55, 6, 83, 42]",51.89302884615385,1.451770788584,5432.856600284576
680,3,"[17, 48, 3, 93, 28, 91, 45, 27, 20, 65]",50.84134615384615,1.514893664763524,5440.22510933876
681,4,"[62, 12, 2, 92, 43, 86, 94, 51, 35, 76]",50.61097756410256,1.4770083289880018,5448.219206571579
682,1,"[99, 90, 4, 40, 37, 57, 15, 44, 56, 13]",49.30889423076923,1.5839678278336158,5456.386319160461
683,0,"[1, 29, 6, 98, 10, 50, 55, 42, 33, 72]",53.826121794871796,1.3517116216512828,5464.731425046921
684,2,"[59, 22, 0, 64, 85, 95, 18, 61, 19, 23]",54.2568108974359,1.3563756132737184,5472.238905906677
685,3,"[27, 93, 3, 8, 74, 9, 45, 30, 91, 87]",54.05649038461539,1.3123614054459791,5479.909740924835
686,1,"[14, 44, 4, 5, 66, 79, 49, 57, 21, 31]",52.844551282051285,1.4041923315097125,5487.927715539932
687,0,"[77, 33, 1, 6, 52, 55, 34, 58, 50, 68]",53.205128205128204,1.3890547431432283,5496.144778013229
688,2,"[36, 23, 0, 60, 97, 78, 61, 85, 95, 84]",55.09815705128205,1.343366564848484,5503.789138317108
689,3,"[30, 3, 8, 81, 54, 27, 96, 65, 91, 9]",42.81850961538461,1.8423158954351375,5511.400163888931
690,4,"[88, 92, 2, 70, 12, 94, 67, 76, 80, 75]",55.338541666666664,1.2484679864003108,5519.237676382065
691,0,"[1, 55, 6, 77, 69, 34, 58, 72, 83, 98]",50.260416666666664,1.4619148480586517,5527.44508433342
692,1,"[57, 56, 4, 49, 31, 44, 21, 13, 26, 40]",53.11498397435897,1.4289870521961114,5535.554092884064
693,2,"[60, 63, 0, 95, 41, 19, 36, 16, 23, 64]",54.11658653846154,1.357162927969908,5542.855337142944
694,3,"[20, 81, 3, 45, 93, 91, 47, 28, 17, 96]",53.53565705128205,1.3461824456850688,5550.76865696907
695,0,"[77, 32, 1, 98, 83, 42, 72, 29, 55, 58]",52.66426282051282,1.417759039463141,5558.460142612457
696,4,"[7, 75, 2, 88, 73, 86, 43, 76, 25, 53]",52.97475961538461,1.4274713962506025,5566.324278593063
697,1,"[4, 56, 5, 31, 79, 21, 49, 14, 71, 40]",49.87980769230769,1.5400037979468322,5573.836206674576
698,2,"[61, 60, 0, 63, 97, 84, 89, 78, 95, 19]",55.06810897435897,1.3159437699195666,5581.343761444092
699,0,"[34, 77, 1, 33, 50, 52, 6, 42, 29, 11]",48.80809294871795,1.519045006006192,5589.275455236435
700,3,"[91, 74, 3, 54, 47, 38, 65, 81, 9, 48]",52.844551282051285,1.4072499015392401,5596.720199346542
701,2,"[60, 95, 0, 89, 85, 84, 59, 16, 46, 24]",54.83774038461539,1.2924857307703068,5605.125915050507
702,1,"[71, 49, 4, 40, 26, 66, 14, 99, 56, 79]",49.19871794871795,1.5847612374868147,5612.443297624588
703,0,"[72, 50, 1, 33, 42, 34, 58, 6, 77, 29]",53.45552884615385,1.4188672609818287,5619.982315540314
704,3,"[30, 47, 3, 9, 8, 17, 38, 96, 65, 87]",50.48076923076923,1.5111179657471485,5627.767295837402
705,2,"[85, 78, 0, 60, 63, 61, 36, 46, 59, 19]",58.99439102564103,1.1789723917459831,5635.293989181519
706,4,"[67, 70, 2, 43, 88, 7, 25, 76, 73, 62]",56.06971153846154,1.2421854994235895,5643.2750725746155
707,0,"[50, 32, 1, 55, 77, 52, 33, 42, 6, 11]",53.54567307692308,1.351192717368786,5651.40674328804
708,1,"[5, 26, 4, 31, 21, 15, 71, 79, 49, 40]",55.83934294871795,1.3069249513821724,5659.376265764236
709,2,"[0, 64, 16, 82, 61, 60, 22, 24, 18, 89]",50.46073717948718,1.4301194135959332,5666.884810209274
710,3,"[96, 74, 3, 65, 8, 30, 28, 81, 38, 9]",49.82972756410256,1.518684330659035,5674.690525531769
711,0,"[33, 69, 1, 58, 42, 10, 32, 34, 55, 77]",51.50240384615385,1.4286751319200566,5682.457759380341
712,4,"[94, 12, 2, 70, 75, 92, 53, 73, 67, 80]",57.98277243589744,1.214848280717165,5690.2205810546875
713,1,"[99, 40, 4, 66, 26, 31, 49, 79, 15, 44]",54.186698717948715,1.374064856614822,5697.957825899124
714,2,"[95, 63, 0, 60, 23, 18, 16, 64, 59, 61]",50.92147435897436,1.4532291400126922,5705.421710968018
715,0,"[72, 10, 1, 42, 33, 52, 83, 68, 6, 55]",49.108573717948715,1.5209245330248125,5713.303291082382
716,3,"[9, 74, 3, 30, 47, 20, 38, 28, 81, 96]",50.18028846153846,1.4857852367254405,5720.567529439926
717,4,"[51, 35, 2, 73, 76, 86, 53, 25, 80, 70]",55.49879807692308,1.2772056116507604,5728.753871917725
718,0,"[34, 50, 1, 69, 58, 6, 11, 83, 52, 10]",53.68589743589744,1.3842229094260778,5736.478495121002
719,1,"[90, 21, 4, 79, 37, 66, 5, 40, 13, 14]",57.23157051282051,1.2756863679641333,5744.473520278931
720,2,"[78, 36, 0, 85, 46, 23, 59, 95, 61, 60]",60.42668269230769,1.1480347590568738,5751.932145357132
721,3,"[20, 8, 3, 65, 9, 38, 45, 93, 47, 74]",52.834535256410255,1.4210035969049504,5759.42696762085
722,0,"[83, 11, 1, 33, 55, 29, 52, 10, 42, 68]",49.869791666666664,1.4981920719146729,5767.143581867218
723,1,"[66, 15, 4, 44, 49, 37, 56, 13, 26, 5]",55.21834935897436,1.355040383644593,5774.827091217041
724,2,"[23, 63, 0, 85, 46, 84, 59, 39, 95, 16]",50.54086538461539,1.443045668112926,5782.785203933716
725,3,"[54, 47, 3, 28, 8, 65, 93, 48, 20, 45]",53.71594551282051,1.3858349476105127,5790.889060974121
726,0,"[55, 72, 1, 83, 6, 29, 50, 42, 32, 68]",50.100160256410255,1.5564361871817174,5798.553813934326
727,1,"[14, 44, 4, 71, 26, 99, 40, 49, 15, 31]",50.24038461538461,1.6317936885051239,5806.4533767700195
728,2,"[85, 23, 0, 46, 41, 61, 84, 64, 18, 59]",58.89423076923077,1.211297285862458,5814.469327449799
729,3,"[65, 48, 3, 38, 45, 17, 9, 54, 87, 20]",50.290464743589745,1.595195661752652,5822.3982219696045
730,0,"[33, 83, 1, 29, 68, 77, 58, 69, 34, 32]",52.37379807692308,1.4901097844808529,5829.925868988037
731,1,"[26, 15, 4, 99, 49, 66, 14, 37, 44, 5]",53.65584935897436,1.462853465324793,5838.277048587799
732,2,"[61, 60, 0, 89, 85, 95, 19, 36, 41, 78]",53.90625,1.3357368401992016,5845.863119840622
733,3,"[38, 9, 3, 20, 8, 65, 54, 47, 93, 28]",51.953125,1.4506942690947118,5853.370012283325
734,0,"[1, 68, 6, 29, 83, 33, 32, 42, 52, 34]",47.03525641025641,1.618690855992146,5861.080953359604
735,4,"[75, 12, 2, 35, 94, 86, 51, 88, 73, 53]",47.03525641025641,1.618690855992146,5868.8230073452
736,1,"[44, 66, 4, 21, 15, 71, 56, 37, 40, 57]",48.46754807692308,1.6473709314297407,5876.510981559753
737,2,"[41, 23, 0, 82, 24, 78, 63, 61, 39, 18]",50.03004807692308,1.5420821446638842,5884.8015859127045
738,0,"[33, 11, 1, 50, 29, 55, 68, 32, 98, 6]",54.216746794871796,1.3306374947230022,5892.2776827812195
739,3,"[65, 91, 3, 47, 96, 17, 38, 8, 45, 81]",53.21514423076923,1.3647478024164836,5900.040449857712
740,4,"[86, 94, 2, 80, 70, 43, 75, 73, 51, 62]",49.43910256410256,1.5434081034782605,5907.99116230011
741,1,"[49, 31, 4, 71, 21, 56, 40, 37, 79, 5]",53.48557692307692,1.3570079039304683,5915.564912080765
742,0,"[10, 68, 1, 72, 11, 69, 55, 33, 98, 6]",55.83934294871795,1.2775412018482502,5923.298950910568
743,2,"[0, 61, 16, 39, 23, 59, 60, 97, 24, 64]",55.05809294871795,1.3470612275294769,5931.188560247421
744,3,"[27, 9, 3, 48, 30, 28, 87, 74, 81, 20]",46.86498397435897,1.5578835102228017,5939.263572216034
745,1,"[71, 31, 4, 14, 13, 21, 44, 40, 5, 66]",46.85496794871795,1.7144319995855675,5947.015595197678
746,0,"[58, 32, 1, 33, 72, 68, 6, 42, 69, 10]",51.11177884615385,1.5336354558284466,5954.387110233307
747,2,"[82, 24, 0, 19, 85, 84, 60, 61, 78, 16]",50.57091346153846,1.4573123852411907,5961.850480079651
748,3,"[28, 74, 3, 54, 81, 48, 17, 8, 20, 38]",53.88621794871795,1.3560837644797106,5969.483887434006
749,4,"[94, 75, 2, 43, 88, 73, 67, 62, 92, 70]",58.86418269230769,1.169442171469713,5978.147018671036
750,0,"[52, 6, 1, 10, 33, 98, 11, 83, 42, 29]",49.46915064102564,1.4864706779137635,5986.16566491127
751,1,"[56, 66, 4, 37, 79, 15, 13, 57, 31, 40]",51.252003205128204,1.4328562861833818,5994.127584218979
752,2,"[64, 39, 0, 89, 18, 36, 85, 22, 63, 19]",54.34695512820513,1.3376091581124525,6001.576782464981
753,3,"[38, 30, 3, 28, 91, 54, 8, 45, 81, 87]",56.30008012820513,1.2660131133519685,6009.563231229782
754,0,"[77, 52, 1, 72, 55, 50, 29, 68, 33, 83]",43.3994391025641,1.6885155668625464,6017.469210147858
755,4,"[25, 7, 2, 73, 51, 67, 80, 53, 92, 94]",54.67748397435897,1.3149144191008348,6025.268538236618
756,1,"[49, 79, 4, 44, 14, 56, 57, 90, 40, 13]",49.93990384615385,1.48426299675917,6033.118081331253
757,2,"[18, 23, 0, 24, 22, 97, 63, 95, 39, 19]",52.95472756410256,1.442532440026601,6040.464102983475
758,0,"[77, 52, 1, 68, 83, 58, 42, 6, 55, 33]",55.358573717948715,1.3231182159521642,6048.41828918457
759,3,"[87, 3, 8, 54, 28, 20, 45, 93, 65, 74]",51.29206730769231,1.4212697071906848,6056.131338596344
760,4,"[12, 43, 2, 73, 75, 70, 35, 67, 53, 88]",54.63741987179487,1.3190004703326104,6064.104902505875
761,0,"[77, 1, 6, 55, 10, 34, 11, 69, 58, 33]",52.33373397435897,1.4201489182618947,6071.722144603729
762,1,"[90, 66, 4, 99, 44, 26, 40, 21, 5, 49]",53.645833333333336,1.4170157267497137,6079.252384185791
763,2,"[63, 24, 0, 61, 89, 85, 16, 60, 22, 39]",53.515625,1.3375384287956433,6086.409659862518
764,3,"[20, 17, 3, 9, 48, 45, 74, 30, 91, 47]",51.061698717948715,1.5061314228253486,6094.058063030243
765,0,"[32, 29, 1, 52, 72, 58, 10, 6, 11, 33]",49.16866987179487,1.5595198579323597,6101.353148460388
766,4,"[76, 88, 2, 25, 92, 73, 62, 53, 67, 7]",48.59775641025641,1.5356491666573744,6109.221868515015
767,1,"[21, 79, 4, 31, 14, 40, 13, 15, 5, 56]",44.95192307692308,1.7219292597892957,6117.005097389221
768,2,"[84, 16, 0, 64, 24, 41, 61, 63, 89, 18]",48.31730769230769,1.5720798388505592,6124.804826974869
769,0,"[1, 55, 6, 68, 10, 52, 58, 33, 32, 98]",54.90785256410256,1.310215181265122,6132.711622476578
770,3,"[30, 3, 8, 48, 38, 74, 27, 96, 28, 45]",43.0088141025641,1.7641171308664174,6140.022477865219
771,4,"[92, 76, 2, 67, 53, 75, 25, 35, 7, 80]",50.8213141025641,1.4489566423954108,6147.902979373932
772,1,"[5, 40, 4, 13, 57, 26, 99, 56, 49, 37]",54.14663461538461,1.3733890729072766,6155.807019948959
773,0,"[83, 69, 1, 68, 32, 55, 98, 77, 10, 52]",54.38701923076923,1.3255223234494526,6163.425626516342
774,2,"[85, 89, 0, 78, 84, 64, 97, 22, 19, 41]",51.78285256410256,1.4473748008410137,6170.917198419571
775,3,"[28, 81, 3, 65, 48, 38, 20, 45, 96, 8]",51.51241987179487,1.4716900159151127,6178.614807367325
776,4,"[67, 43, 2, 62, 53, 7, 35, 94, 51, 76]",52.54407051282051,1.4219052440080888,6186.3964166641235
777,0,"[69, 32, 1, 58, 50, 55, 10, 77, 33, 83]",56.2099358974359,1.3009598835920677,6194.069738864899
778,1,"[21, 49, 4, 14, 26, 44, 15, 37, 40, 31]",52.33373397435897,1.4221854958778772,6202.217684030533
779,2,"[61, 63, 0, 18, 22, 95, 97, 59, 60, 84]",54.91786858974359,1.335919276261941,6210.001877069473
780,3,"[74, 8, 3, 47, 30, 28, 20, 45, 87, 93]",54.12660256410256,1.3185317317644756,6217.504716396332
781,0,"[52, 29, 1, 10, 50, 34, 32, 58, 42, 83]",48.75801282051282,1.6162996078148866,6225.102271318436
782,1,"[44, 71, 4, 31, 49, 37, 57, 13, 14, 79]",52.453926282051285,1.42628852220682,6232.950485706329
783,2,"[63, 78, 0, 61, 84, 46, 64, 60, 95, 85]",57.88261217948718,1.2056393715051503,6241.304798603058
784,3,"[20, 54, 3, 8, 87, 96, 17, 74, 28, 48]",49.18870192307692,1.5335470331020844,6248.906208515167
785,0,"[83, 58, 1, 11, 33, 42, 55, 32, 68, 72]",51.171875,1.4434141455552516,6256.576412200928
786,1,"[37, 99, 4, 21, 44, 90, 14, 71, 79, 49]",48.46754807692308,1.684024642675351,6264.267450809479
787,2,"[59, 46, 0, 82, 18, 41, 85, 39, 60, 95]",56.49038461538461,1.2912655992385669,6271.570717334747
788,3,"[27, 3, 8, 20, 96, 30, 74, 45, 54, 28]",44.90184294871795,1.7271866416319823,6279.09889793396
789,0,"[58, 77, 1, 11, 34, 69, 98, 10, 42, 52]",52.09334935897436,1.4196885304573255,6286.717638492584
790,2,"[64, 97, 0, 24, 85, 22, 39, 63, 23, 95]",53.826121794871796,1.414212500437712,6294.698424577713
791,1,"[44, 37, 4, 79, 26, 31, 57, 5, 40, 13]",56.32011217948718,1.3378872947815137,6302.565430879593
792,3,"[91, 65, 3, 9, 96, 47, 48, 38, 28, 81]",54.997996794871796,1.3319640129040449,6310.24431681633
793,0,"[34, 55, 1, 83, 33, 6, 32, 58, 29, 10]",51.822916666666664,1.4709646350298173,6317.417151689529
794,2,"[61, 19, 0, 60, 59, 78, 16, 18, 39, 95]",51.68269230769231,1.4395801455546648,6325.215399026871
795,1,"[99, 31, 4, 14, 13, 15, 21, 56, 71, 49]",41.40625,2.118129850962223,6332.667574167252
796,3,"[87, 3, 8, 9, 27, 30, 48, 81, 45, 47]",58.313301282051285,1.197457880545885,6340.205240011215
797,0,"[77, 32, 1, 11, 10, 55, 33, 50, 29, 72]",54.22676282051282,1.3541033099859188,6347.934376001358
798,2,"[36, 18, 0, 95, 82, 84, 39, 85, 16, 63]",44.89182692307692,1.7166919295604413,6355.681238412857
799,1,"[99, 14, 4, 21, 56, 79, 90, 57, 37, 26]",45.813301282051285,1.847629278134077,6363.623111963272
800,3,"[45, 96, 3, 38, 27, 87, 91, 93, 47, 17]",55.71915064102564,1.2939858833948772,6371.057993650436
801,0,"[69, 55, 1, 58, 72, 98, 32, 42, 50, 11]",56.360176282051285,1.2852361721870227,6378.896593093872
802,2,"[85, 22, 0, 61, 46, 24, 64, 84, 39, 63]",54.22676282051282,1.3463585269756806,6386.265341043472
803,4,"[92, 12, 2, 43, 7, 70, 86, 67, 75, 25]",54.22676282051282,1.3463585269756806,6394.565770864487
804,1,"[56, 71, 4, 21, 14, 40, 26, 37, 5, 66]",50.0,1.590631718818958,6402.4770793914795
805,0,"[10, 29, 1, 77, 55, 69, 58, 72, 11, 52]",46.96514423076923,1.711346719509516,6410.321240186691
806,2,"[95, 41, 0, 84, 39, 22, 59, 16, 60, 78]",48.89823717948718,1.5347044391509814,6417.819438695908
807,3,"[87, 93, 3, 45, 74, 81, 65, 54, 9, 20]",48.828125,1.5924490705514565,6425.529794454575
808,1,"[90, 71, 4, 49, 57, 99, 56, 79, 14, 5]",45.412660256410255,1.7958372724361908,6433.269992351532
809,0,"[29, 68, 1, 32, 55, 83, 98, 72, 11, 58]",52.67427884615385,1.4246721833180158,6441.472527265549
810,2,"[61, 0, 16, 95, 59, 46, 41, 89, 97, 64]",52.49399038461539,1.3681067518698864,6449.637880086899
811,3,"[91, 27, 3, 54, 74, 38, 30, 20, 93, 28]",53.28525641025641,1.3522828160188136,6457.729849815369
812,1,"[44, 26, 4, 14, 21, 31, 99, 49, 66, 37]",52.85456730769231,1.486399511496226,6465.324048042297
813,0,"[83, 34, 1, 42, 68, 58, 72, 98, 77, 69]",56.6005608974359,1.3083837261566749,6473.120727777481
814,2,"[82, 63, 0, 59, 16, 97, 60, 24, 89, 61]",53.0849358974359,1.4059938834263728,6480.869570732117
815,3,"[45, 28, 3, 74, 65, 81, 87, 91, 8, 93]",50.78125,1.4558783846023755,6488.9342930316925
816,4,"[76, 67, 2, 70, 75, 51, 80, 92, 7, 94]",50.78125,1.4558783846023755,6496.599479198456
817,0,"[1, 10, 6, 58, 29, 33, 83, 52, 69, 34]",47.83653846153846,1.6066825848359327,6504.1926872730255
818,1,"[99, 4, 5, 40, 66, 15, 21, 79, 49, 71]",53.625801282051285,1.4253928982294524,6512.436133146286
819,2,"[61, 46, 0, 19, 84, 64, 23, 78, 16, 24]",51.5224358974359,1.4355817360755725,6520.457059383392
820,3,"[38, 65, 3, 9, 54, 47, 81, 45, 20, 8]",54.04647435897436,1.3914096386004717,6528.060814142227
821,0,"[98, 50, 1, 33, 29, 58, 83, 55, 34, 72]",52.20352564102564,1.4015985467495062,6535.681782722473
822,2,"[63, 16, 0, 24, 82, 39, 85, 97, 64, 22]",52.50400641025641,1.4466074017378001,6543.660028934479
823,1,"[44, 66, 4, 14, 99, 90, 56, 31, 40, 57]",44.62139423076923,1.9353645887130346,6551.442257165909
824,3,"[74, 27, 3, 81, 54, 87, 30, 93, 28, 91]",49.45913461538461,1.4746533510012505,6559.1322638988495
825,0,"[77, 69, 1, 29, 11, 58, 72, 32, 10, 98]",54.92788461538461,1.3532717273785517,6566.476725101471
826,2,"[89, 46, 0, 24, 61, 95, 84, 23, 85, 82]",54.997996794871796,1.3085967332888873,6574.5001130104065
827,4,"[62, 92, 2, 43, 25, 51, 86, 7, 73, 80]",61.828926282051285,1.107468462907351,6582.737193346024
828,1,"[90, 49, 4, 57, 37, 99, 15, 40, 71, 79]",54.44711538461539,1.3775876408968217,6590.170677900314
829,0,"[83, 29, 1, 50, 58, 52, 34, 10, 33, 72]",48.97836538461539,1.608273460314824,6598.194629430771
830,2,"[84, 18, 0, 46, 39, 95, 82, 19, 23, 61]",50.080128205128204,1.4888999859491985,6605.6095058918
831,3,"[93, 48, 3, 8, 47, 20, 38, 81, 27, 28]",56.82091346153846,1.262187959291996,6613.146703958511
832,1,"[21, 31, 4, 5, 49, 15, 37, 90, 44, 13]",55.24839743589744,1.3092705408732097,6620.64332818985
833,0,"[42, 29, 1, 6, 83, 10, 69, 50, 77, 32]",52.95472756410256,1.4530446758637061,6628.65389585495
834,2,"[22, 39, 0, 64, 78, 59, 84, 41, 85, 46]",55.70913461538461,1.3423058894964366,6636.4395298957825
835,3,"[20, 8, 3, 17, 27, 81, 54, 30, 38, 28]",56.57051282051282,1.2603443830441206,6644.191765785217
836,4,"[7, 92, 2, 94, 88, 53, 62, 67, 80, 75]",54.577323717948715,1.2930754209176087,6652.045257329941
837,0,"[69, 11, 1, 68, 77, 50, 10, 34, 83, 52]",54.43709935897436,1.3921312231283922,6660.057001113892
838,1,"[44, 40, 4, 31, 13, 57, 49, 21, 5, 56]",52.39383012820513,1.4492715581869469,6667.984761953354
839,2,"[46, 36, 0, 61, 41, 89, 82, 18, 16, 23]",49.709535256410255,1.468064887401385,6675.651510715485
840,3,"[38, 27, 3, 20, 17, 81, 65, 48, 47, 91]",55.078125,1.3207540664917383,6683.459796905518
841,0,"[29, 52, 1, 32, 33, 83, 72, 34, 58, 6]",53.0849358974359,1.4176514760041847,6690.949574232101
842,4,"[62, 35, 2, 73, 80, 12, 51, 67, 75, 92]",59.93589743589744,1.1310536280656471,6699.030423641205
843,1,"[71, 37, 4, 90, 44, 66, 40, 21, 5, 13]",52.423878205128204,1.4234608961985662,6707.255332708359
844,2,"[78, 97, 0, 18, 36, 59, 89, 60, 19, 46]",57.35176282051282,1.2511288691789677,6714.811747789383
845,0,"[68, 33, 1, 42, 58, 98, 6, 72, 34, 69]",55.40865384615385,1.28820304840039,6722.374726295471
846,3,"[47, 48, 3, 91, 65, 27, 28, 96, 93, 74]",50.19030448717949,1.5068335151061034,6730.091367721558
847,1,"[90, 4, 5, 56, 37, 21, 66, 71, 49, 99]",46.66466346153846,1.6808011959760616,6738.550109624863
848,2,"[82, 95, 0, 64, 84, 46, 41, 18, 85, 39]",53.18509615384615,1.3787366579740474,6746.059818744659
849,0,"[10, 52, 1, 50, 83, 42, 34, 11, 33, 58]",50.40064102564103,1.5887113167689397,6753.821095705032
850,3,"[74, 91, 3, 65, 45, 81, 47, 30, 93, 17]",54.44711538461539,1.3167793873028877,6761.5406312942505
851,4,"[51, 88, 2, 75, 80, 67, 43, 73, 7, 62]",52.834535256410255,1.355985212020385,6769.175467967987
852,1,"[4, 40, 5, 26, 37, 15, 71, 21, 57, 56]",52.93469551282051,1.4535549894357338,6777.194007635117
853,0,"[1, 77, 6, 58, 33, 83, 52, 11, 32, 50]",54.26682692307692,1.4231545313810692,6784.8719935417175
854,2,"[60, 84, 0, 22, 19, 78, 95, 16, 97, 41]",52.54407051282051,1.4111414307203047,6792.717068910599
855,3,"[9, 74, 3, 81, 54, 96, 38, 8, 47, 45]",54.30689102564103,1.335947906359648,6800.371834516525
856,4,"[35, 43, 2, 94, 53, 75, 51, 25, 73, 88]",58.41346153846154,1.184505237218661,6808.311353445053
857,0,"[10, 29, 1, 98, 68, 52, 6, 77, 83, 11]",50.8213141025641,1.5305567246216993,6816.1038110256195
858,1,"[31, 99, 4, 14, 37, 13, 49, 15, 44, 40]",53.54567307692308,1.3841100487953577,6823.947363138199
859,2,"[46, 18, 0, 22, 16, 61, 64, 60, 41, 59]",51.74278846153846,1.4491392114223578,6831.3980967998505
860,3,"[54, 96, 3, 8, 91, 28, 17, 47, 38, 65]",55.90945512820513,1.2856636192554083,6838.963582038879
861,0,"[52, 42, 1, 77, 33, 29, 50, 72, 6, 69]",51.02163461538461,1.4768000856423988,6846.953357219696
862,1,"[56, 4, 5, 49, 37, 90, 31, 15, 14, 71]",47.88661858974359,1.6185222589052641,6854.79204249382
863,2,"[39, 23, 0, 36, 97, 82, 24, 16, 59, 84]",53.03485576923077,1.4494937536044,6862.79691195488
864,3,"[8, 65, 3, 30, 27, 28, 20, 96, 47, 93]",52.423878205128204,1.4069359440069933,6870.145520210266
865,0,"[77, 83, 1, 98, 34, 33, 58, 6, 50, 72]",54.34695512820513,1.3268071764554732,6877.679246664047
866,1,"[66, 15, 4, 90, 57, 26, 5, 14, 49, 21]",54.51722756410256,1.3695451494974968,6885.577098608017
867,2,"[39, 78, 0, 85, 19, 89, 82, 60, 97, 61]",53.76602564102564,1.3806306780912938,6893.569384336472
868,3,"[96, 9, 3, 54, 17, 28, 45, 93, 74, 87]",46.08373397435897,1.7150933757806435,6901.359878540039
869,0,"[77, 98, 1, 33, 69, 11, 83, 55, 58, 32]",55.548878205128204,1.3399112637226398,6908.899691581726
870,4,"[43, 62, 2, 53, 67, 7, 12, 88, 76, 35]",55.548878205128204,1.3399112637226398,6916.822317361832
871,1,"[44, 37, 4, 26, 15, 14, 79, 99, 71, 40]",53.35536858974359,1.4679631758958867,6925.204140424728
872,2,"[46, 22, 0, 84, 82, 24, 60, 61, 95, 36]",58.43349358974359,1.2103805465575976,6932.939884185791
873,0,"[68, 42, 1, 83, 55, 72, 69, 50, 34, 29]",52.53405448717949,1.451034515331953,6941.054212808609
874,3,"[81, 91, 3, 93, 48, 38, 27, 74, 54, 8]",53.50560897435897,1.4137434378648415,6948.343501091003
875,1,"[90, 57, 4, 21, 14, 49, 99, 56, 66, 5]",46.41426282051282,1.8208601902692745,6956.321621179581
876,2,"[64, 89, 0, 22, 95, 78, 24, 60, 16, 36]",51.953125,1.466949829688439,6964.373623609543
877,0,"[11, 1, 6, 42, 58, 77, 83, 55, 68, 33]",53.65584935897436,1.4082271930498955,6972.0395612716675
878,3,"[81, 3, 8, 48, 17, 93, 96, 45, 27, 38]",53.54567307692308,1.3593380237237,6979.682943820953
879,1,"[31, 79, 4, 49, 15, 56, 99, 21, 71, 57]",45.65304487179487,1.8267463659628844,6987.74516582489
880,2,"[64, 36, 0, 19, 23, 84, 60, 59, 39, 97]",51.59254807692308,1.5065746322656288,6995.575256824493
881,0,"[11, 68, 1, 52, 34, 33, 58, 32, 98, 50]",52.54407051282051,1.4467925352927966,7003.3574323654175
882,3,"[87, 54, 3, 45, 17, 93, 30, 8, 20, 47]",57.17147435897436,1.2220671497858488,7011.237886667252
883,1,"[5, 79, 4, 37, 57, 26, 13, 49, 90, 15]",57.57211538461539,1.255471041569343,7018.73154258728
884,2,"[63, 46, 0, 89, 16, 41, 64, 36, 60, 39]",50.42067307692308,1.4739972551663716,7026.4065482616425
885,0,"[32, 55, 1, 98, 77, 42, 33, 11, 52, 83]",52.37379807692308,1.4710265260476332,7034.377602815628
886,3,"[47, 9, 3, 93, 81, 17, 48, 45, 65, 87]",52.29366987179487,1.406835866280091,7041.826062679291
887,4,"[92, 7, 2, 80, 75, 12, 70, 53, 43, 62]",52.29366987179487,1.406835866280091,7049.822513341904
888,1,"[66, 40, 4, 49, 31, 26, 44, 71, 15, 14]",47.04527243589744,1.642677672398396,7057.680981636047
889,0,"[83, 29, 1, 72, 32, 33, 55, 52, 68, 6]",51.12179487179487,1.454756831511473,7065.750927448273
890,2,"[46, 84, 0, 61, 89, 85, 64, 95, 19, 97]",55.86939102564103,1.2872755053715828,7073.4626994133
891,3,"[27, 28, 3, 30, 93, 91, 96, 54, 45, 20]",46.45432692307692,1.7048416473926642,7081.053026199341
892,1,"[14, 13, 4, 5, 49, 71, 26, 90, 37, 15]",56.57051282051282,1.2687981098126142,7089.117503643036
893,0,"[68, 1, 6, 32, 33, 77, 29, 72, 50, 11]",55.10817307692308,1.3454658633623369,7097.141836881638
894,2,"[23, 46, 0, 61, 89, 19, 22, 85, 95, 97]",56.26001602564103,1.288088688483605,7105.291247367859
895,3,"[38, 9, 3, 28, 20, 17, 27, 8, 47, 48]",52.89463141025641,1.4918138109720671,7113.102612733841
896,1,"[5, 99, 4, 26, 31, 44, 90, 71, 21, 66]",52.66426282051282,1.5378074111082616,7120.833008766174
897,0,"[55, 69, 1, 98, 52, 42, 29, 32, 11, 77]",54.427083333333336,1.3575419172262535,7128.3320417404175
898,2,"[36, 41, 0, 46, 19, 22, 89, 84, 60, 63]",53.58573717948718,1.3871721976842635,7136.327737569809
899,3,"[20, 47, 3, 30, 81, 91, 28, 74, 27, 17]",57.59214743589744,1.2164360200747466,7144.13375544548
900,1,"[14, 4, 5, 49, 79, 56, 37, 21, 26, 66]",52.67427884615385,1.44320590985127,7151.677722930908
901,0,"[10, 68, 1, 33, 72, 58, 52, 50, 83, 11]",54.787660256410255,1.4112987594726758,7159.158891201019
902,2,"[61, 36, 0, 41, 24, 95, 78, 84, 19, 63]",52.95472756410256,1.4792579534726265,7166.894531726837
903,3,"[38, 48, 3, 74, 30, 8, 47, 54, 65, 27]",53.33533653846154,1.3883606959611943,7174.846858263016
904,4,"[12, 75, 2, 86, 73, 92, 62, 80, 94, 7]",53.33533653846154,1.3883606959611943,7182.476917982101
905,0,"[33, 52, 1, 69, 32, 83, 55, 98, 34, 29]",53.35536858974359,1.3610906035472186,7190.20583987236
906,1,"[37, 14, 4, 66, 44, 40, 21, 15, 71, 13]",52.17347756410256,1.4533033951734886,7198.593808412552
907,2,"[41, 0, 16, 36, 95, 22, 46, 63, 85, 61]",44.74158653846154,1.753117642341516,7206.193673610687
908,3,"[38, 54, 3, 28, 27, 8, 45, 93, 30, 96]",52.31370192307692,1.3994062053851593,7213.938714265823
909,0,"[11, 55, 1, 42, 69, 50, 52, 58, 83, 29]",51.70272435897436,1.504654300518525,7222.205020189285
910,1,"[71, 57, 4, 40, 79, 21, 37, 26, 49, 14]",53.83613782051282,1.4152433352592664,7229.88362121582
911,2,"[39, 41, 0, 36, 82, 85, 78, 97, 63, 95]",48.06690705128205,1.7258277703554203,7237.850510597229
912,3,"[47, 48, 3, 54, 45, 96, 30, 38, 27, 8]",47.81650641025641,1.614792492145147,7245.296512126923
913,0,"[32, 42, 1, 58, 29, 33, 72, 69, 68, 6]",52.15344551282051,1.4416104371731098,7252.715189218521
914,4,"[62, 88, 2, 86, 43, 25, 94, 53, 73, 70]",60.22636217948718,1.1530329539225652,7260.2137904167175
915,1,"[40, 56, 4, 37, 31, 66, 99, 5, 26, 13]",54.17668269230769,1.4284901710656972,7268.3779191970825
916,2,"[64, 61, 0, 18, 84, 63, 59, 23, 82, 16]",48.96834935897436,1.5668072196153493,7276.3055164813995
917,0,"[98, 42, 1, 68, 72, 11, 69, 6, 33, 29]",53.57572115384615,1.3551044005614061,7284.020091295242
918,3,"[74, 30, 3, 54, 96, 17, 20, 45, 47, 81]",50.290464743589745,1.5379948845276465,7291.5207307338715
919,1,"[21, 44, 4, 26, 31, 13, 49, 79, 57, 99]",55.61899038461539,1.3648242598924882,7299.3895490169525
920,2,"[82, 22, 0, 16, 36, 63, 85, 41, 78, 64]",47.28565705128205,1.7582216476782775,7307.31782579422
921,0,"[33, 77, 1, 50, 32, 52, 42, 72, 11, 83]",47.165464743589745,1.707564998895694,7315.06703042984
922,3,"[3, 93, 8, 81, 87, 9, 48, 65, 27, 54]",51.31209935897436,1.510673619233645,7322.561732053757
923,1,"[37, 26, 4, 79, 13, 14, 71, 5, 15, 99]",55.37860576923077,1.4424495284373944,7330.571053981781
924,2,"[64, 41, 0, 59, 24, 84, 18, 61, 23, 97]",54.787660256410255,1.406238039334615,7338.390951871872
925,0,"[83, 72, 1, 42, 98, 29, 33, 77, 11, 55]",47.89663461538461,1.624578133607522,7346.312086105347
926,3,"[54, 48, 3, 38, 93, 47, 91, 9, 65, 20]",52.52403846153846,1.4456211496622136,7353.782387971878
927,4,"[25, 80, 2, 7, 67, 88, 12, 75, 43, 62]",52.52403846153846,1.4456211496622136,7361.81946182251
928,1,"[15, 40, 4, 31, 99, 49, 14, 57, 44, 5]",54.2568108974359,1.4413970800546498,7369.983575820923
929,0,"[77, 6, 1, 32, 55, 72, 50, 98, 83, 33]",54.45713141025641,1.3871622421802619,7378.008121013641
930,2,"[64, 63, 0, 78, 46, 59, 84, 39, 23, 16]",51.34214743589744,1.4466134859965398,7385.554943561554
931,3,"[87, 8, 3, 30, 28, 9, 27, 96, 38, 54]",49.93990384615385,1.5088269083927839,7393.4127905368805
932,4,"[7, 62, 2, 67, 86, 25, 80, 75, 70, 92]",55.86939102564103,1.2905284701249538,7401.557232379913
933,0,"[34, 83, 1, 58, 77, 72, 32, 11, 68, 52]",52.18349358974359,1.4849950594779773,7409.66624045372
934,1,"[37, 40, 4, 21, 49, 99, 14, 15, 56, 66]",46.57451923076923,1.827517228248792,7417.37283706665
935,2,"[60, 59, 0, 16, 64, 22, 36, 89, 95, 23]",56.640625,1.2877228810237005,7425.431789159775
936,3,"[81, 74, 3, 93, 9, 38, 48, 8, 27, 20]",49.82972756410256,1.5688839325538049,7433.15652012825
937,0,"[83, 98, 1, 29, 77, 72, 6, 55, 68, 33]",51.12179487179487,1.4773898674891546,7440.74529838562
938,1,"[14, 66, 4, 21, 56, 79, 5, 15, 26, 57]",55.338541666666664,1.4052676466795115,7449.049575090408
939,2,"[59, 23, 0, 95, 84, 97, 19, 22, 39, 36]",54.54727564102564,1.4272534144230378,7456.6348695755005
940,3,"[96, 9, 3, 54, 28, 17, 8, 45, 93, 20]",51.452323717948715,1.4524885614713032,7464.378035545349
941,0,"[29, 10, 1, 68, 72, 69, 42, 77, 98, 6]",55.969551282051285,1.3055643485142634,7472.178500890732
942,1,"[4, 44, 5, 66, 26, 21, 49, 71, 56, 79]",54.46714743589744,1.432488439938961,7480.496689319611
943,2,"[84, 46, 0, 82, 18, 41, 22, 95, 64, 16]",49.39903846153846,1.559629003206889,7488.415074586868
944,3,"[48, 27, 3, 74, 54, 9, 96, 47, 87, 20]",48.928285256410255,1.5613976839261177,7496.331338405609
945,0,"[55, 98, 1, 72, 58, 34, 10, 77, 52, 32]",54.67748397435897,1.3881386533761635,7504.008229970932
946,1,"[56, 90, 4, 21, 66, 57, 14, 40, 31, 79]",43.649839743589745,1.9882434744101305,7511.795336723328
947,2,"[36, 61, 0, 18, 63, 60, 24, 59, 16, 89]",54.767628205128204,1.3226029582512684,7519.923049926758
948,3,"[93, 48, 3, 30, 81, 74, 27, 65, 8, 54]",56.12980769230769,1.2664903921958728,7527.732690572739
949,0,"[83, 50, 1, 98, 72, 29, 58, 32, 55, 33]",55.09815705128205,1.3497461156967359,7535.27522277832
950,1,"[44, 90, 4, 99, 14, 57, 5, 13, 37, 79]",52.94471153846154,1.516040332806416,7543.127322912216
951,2,"[82, 41, 0, 24, 61, 46, 85, 64, 78, 18]",54.88782051282051,1.3691805081489758,7551.172677516937
952,0,"[1, 50, 6, 55, 33, 69, 52, 10, 68, 32]",55.23838141025641,1.3553233054968028,7558.9318306446075
953,3,"[20, 47, 3, 27, 54, 38, 74, 81, 96, 65]",52.14342948717949,1.4587255257826586,7566.286727190018
954,1,"[5, 79, 4, 49, 21, 13, 26, 57, 44, 14]",55.73918269230769,1.3579510266964252,7574.094178915024
955,2,"[61, 95, 0, 19, 23, 60, 16, 63, 78, 18]",52.20352564102564,1.4662129328801081,7581.992508888245
956,0,"[6, 77, 1, 58, 98, 10, 29, 55, 52, 83]",49.108573717948715,1.5889481290792808,7589.9028787612915
957,3,"[48, 74, 3, 65, 87, 81, 17, 93, 8, 27]",56.45032051282051,1.289920143592052,7597.469828128815
958,1,"[49, 66, 4, 79, 31, 15, 21, 57, 56, 37]",50.85136217948718,1.5084973176320393,7605.501240730286
959,2,"[63, 59, 0, 89, 95, 64, 82, 36, 78, 16]",51.08173076923077,1.5130028067490993,7613.444696187973
960,0,"[6, 50, 1, 98, 77, 42, 72, 29, 34, 58]",56.350160256410255,1.3314069754038103,7621.406119823456
961,3,"[91, 47, 3, 96, 87, 54, 8, 93, 81, 20]",52.49399038461539,1.4310117898843226,7629.345572471619
962,1,"[21, 44, 4, 40, 5, 49, 14, 37, 99, 90]",53.92628205128205,1.4638686577479045,7637.293744087219
963,2,"[89, 16, 0, 84, 22, 23, 97, 64, 36, 18]",50.54086538461539,1.5488856602937748,7645.013810873032
964,0,"[58, 77, 1, 68, 33, 98, 55, 69, 6, 52]",57.15144230769231,1.3046629214898133,7652.715172290802
965,3,"[20, 96, 3, 8, 17, 54, 91, 87, 27, 47]",53.83613782051282,1.4134363318100953,7660.897142410278
966,1,"[66, 5, 4, 99, 14, 13, 57, 26, 15, 40]",55.959535256410255,1.3592989887946691,7669.096241474152
967,2,"[23, 41, 0, 18, 16, 78, 60, 59, 85, 84]",54.15665064102564,1.3554457731736012,7676.711022377014
968,0,"[72, 55, 1, 50, 34, 83, 33, 68, 77, 98]",52.37379807692308,1.4516508930768721,7684.279006481171
969,3,"[9, 87, 3, 65, 8, 47, 27, 48, 91, 28]",58.45352564102564,1.2331752547850976,7692.066672086716
970,1,"[57, 79, 4, 66, 37, 90, 14, 99, 13, 5]",54.87780448717949,1.435034923064403,7700.106909275055
971,2,"[63, 59, 0, 95, 84, 82, 24, 39, 78, 85]",55.22836538461539,1.3985807696978252,7707.5472638607025
972,0,"[10, 58, 1, 50, 29, 98, 33, 83, 72, 42]",56.82091346153846,1.3175977132259271,7715.918933391571
973,3,"[20, 38, 3, 48, 17, 87, 28, 65, 30, 45]",52.91466346153846,1.448506249831273,7724.055975437164
974,1,"[57, 66, 4, 40, 71, 14, 37, 26, 15, 49]",46.0536858974359,1.664745500454536,7731.633924007416
975,2,"[89, 36, 0, 16, 22, 95, 24, 97, 64, 18]",51.31209935897436,1.5154434870450924,7739.441765785217
976,0,"[29, 33, 1, 32, 58, 77, 69, 98, 10, 11]",55.8994391025641,1.3418532701639028,7747.041239500046
977,3,"[54, 45, 3, 81, 27, 65, 17, 28, 47, 87]",56.84094551282051,1.27480741418325,7755.227032423019
978,1,"[79, 13, 4, 49, 14, 44, 15, 71, 99, 26]",53.99639423076923,1.475217579266964,7763.562182188034
979,2,"[61, 64, 0, 78, 95, 85, 82, 63, 59, 19]",57.321714743589745,1.2920519358072526,7770.948322057724
980,0,"[50, 34, 1, 33, 42, 10, 68, 29, 69, 58]",54.90785256410256,1.4200352736008472,7778.821284532547
981,3,"[65, 87, 3, 28, 20, 96, 17, 30, 74, 48]",44.83173076923077,1.909495044977237,7786.681612253189
982,1,"[21, 90, 4, 15, 13, 40, 71, 56, 49, 79]",45.032051282051285,1.9078324972054896,7795.232212305069
983,2,"[22, 78, 0, 39, 84, 97, 85, 82, 95, 41]",50.19030448717949,1.6451728512079289,7802.890692472458
984,0,"[83, 33, 1, 68, 11, 32, 6, 58, 29, 34]",52.68429487179487,1.4719905379490974,7810.994726657867
985,3,"[45, 93, 3, 81, 9, 38, 27, 8, 17, 96]",52.96474358974359,1.411484611340058,7818.444187402725
986,1,"[31, 5, 4, 14, 21, 90, 66, 79, 99, 44]",51.05168269230769,1.6247207507109032,7826.336776733398
987,2,"[89, 59, 0, 24, 41, 95, 36, 46, 82, 63]",54.88782051282051,1.378391955143366,7833.815129041672
988,0,"[32, 77, 1, 55, 69, 10, 11, 29, 52, 34]",52.31370192307692,1.484174946943919,7841.5407865047455
989,3,"[17, 96, 3, 74, 27, 38, 20, 47, 28, 45]",53.46554487179487,1.3999933615708962,7849.123257398605
990,1,"[26, 71, 4, 14, 44, 40, 57, 56, 5, 79]",53.796073717948715,1.4697906619463212,7857.611811161041
991,2,"[36, 89, 0, 61, 64, 46, 78, 16, 84, 82]",50.71113782051282,1.5539827178686092,7865.492025136948
992,0,"[52, 29, 1, 33, 83, 34, 55, 11, 77, 6]",46.73477564102564,1.5814847411253514,7873.075566530228
993,3,"[93, 87, 3, 28, 9, 45, 20, 8, 91, 65]",47.786458333333336,1.6550124012506926,7880.696215867996
994,4,"[92, 25, 2, 80, 86, 62, 76, 70, 75, 94]",47.786458333333336,1.6550124012506926,7888.785696268082
995,1,"[71, 57, 4, 21, 5, 44, 15, 40, 26, 56]",52.34375,1.5704974501560895,7896.566332578659
996,0,"[10, 50, 1, 42, 98, 6, 68, 32, 11, 34]",57.522035256410255,1.2894519766171773,7904.107651233673
997,2,"[89, 23, 0, 78, 18, 82, 61, 95, 85, 41]",51.24198717948718,1.5069025128315656,7911.787708759308
998,3,"[38, 65, 3, 48, 91, 30, 96, 81, 8, 28]",42.90865384615385,1.9543947516343532,7919.9354021549225
999,1,"[26, 14, 4, 13, 44, 37, 31, 15, 49, 79]",55.94951923076923,1.3177652878639026,7927.6003313064575
1000,0,"[68, 98, 1, 72, 55, 52, 34, 58, 77, 6]",53.84615384615385,1.4009934923587701,7935.3893847465515
1001,2,"[18, 39, 0, 22, 19, 63, 89, 23, 60, 46]",49.12860576923077,1.554429659476647,7943.383396625519
1002,3,"[48, 87, 3, 81, 30, 28, 65, 20, 8, 96]",43.860176282051285,1.9095347218024425,7950.771874189377
1003,4,"[7, 92, 2, 35, 70, 94, 73, 86, 12, 88]",54.85777243589744,1.325905089194958,7958.878894329071
1004,0,"[69, 83, 1, 77, 42, 55, 32, 6, 11, 10]",52.90464743589744,1.4296768582784212,7966.650766372681
1005,1,"[14, 37, 4, 49, 15, 13, 5, 44, 26, 40]",53.11498397435897,1.4455943459119551,7974.811982870102
1006,2,"[84, 89, 0, 36, 23, 24, 60, 41, 78, 39]",49.82972756410256,1.6490655694252405,7982.550815343857
1007,3,"[54, 9, 3, 27, 17, 96, 87, 8, 45, 20]",50.16025641025641,1.5489460734220653,7990.087340593338
1008,0,"[34, 42, 1, 29, 6, 83, 11, 72, 55, 10]",50.73116987179487,1.5337378566081707,7997.551019668579
1009,1,"[13, 56, 4, 49, 5, 14, 66, 26, 90, 37]",51.88301282051282,1.5148315949317737,8005.399995565414
1010,2,"[18, 39, 0, 23, 63, 36, 78, 89, 59, 22]",51.83293269230769,1.4902961192986903,8013.304402828217
1011,3,"[17, 30, 3, 20, 54, 74, 96, 81, 27, 91]",41.72676282051282,2.1414776612550783,8021.043272018433
1012,0,"[72, 11, 1, 6, 68, 34, 33, 55, 77, 42]",53.92628205128205,1.3751049011181562,8029.172451257706
1013,1,"[14, 90, 4, 56, 26, 21, 5, 15, 31, 40]",52.33373397435897,1.5092798547867017,8037.287077188492
1014,2,"[84, 63, 0, 59, 39, 46, 60, 85, 16, 64]",56.31009615384615,1.287162904555981,8045.037824630737
1015,3,"[91, 65, 3, 87, 8, 74, 93, 17, 54, 27]",55.178285256410255,1.3316113077677214,8053.058851480484
1016,0,"[10, 33, 1, 11, 58, 42, 55, 34, 77, 68]",54.45713141025641,1.4057213281973815,8061.041509389877
1017,1,"[71, 26, 4, 13, 49, 5, 99, 14, 90, 15]",55.178285256410255,1.380195493881519,8068.802644729614
1018,2,"[22, 19, 0, 64, 95, 23, 59, 85, 24, 97]",58.283253205128204,1.2996475390898876,8076.6809694767
1019,3,"[48, 54, 3, 28, 38, 17, 81, 93, 74, 91]",49.92988782051282,1.624448693715609,8084.3231818675995
1020,0,"[11, 58, 1, 52, 69, 29, 32, 42, 77, 55]",49.02844551282051,1.6421281787065358,8091.927096366882
1021,4,"[88, 25, 2, 70, 43, 92, 51, 94, 7, 86]",49.02844551282051,1.6421281787065358,8099.829563856125
1022,1,"[31, 44, 4, 21, 40, 15, 71, 99, 66, 79]",50.51081730769231,1.6577002375553815,8107.899924755096
1023,2,"[24, 60, 0, 59, 61, 18, 23, 89, 39, 63]",57.942708333333336,1.2646969847190075,8116.312571287155
1024,0,"[58, 55, 1, 77, 83, 29, 52, 32, 34, 98]",48.21714743589744,1.6359200645715763,8123.769912481308
1025,3,"[87, 8, 3, 28, 65, 38, 48, 81, 27, 9]",57.05128205128205,1.2794913359177418,8131.401077270508
1026,1,"[15, 49, 4, 44, 13, 31, 57, 56, 99, 79]",48.357371794871796,1.742931604385376,8138.947769165039
1027,2,"[97, 61, 0, 46, 16, 85, 63, 95, 19, 41]",55.00801282051282,1.3486637136875055,8147.221487283707
1028,0,"[68, 58, 1, 11, 98, 33, 83, 72, 32, 52]",53.84615384615385,1.4218835907104688,8154.908978700638
1029,3,"[3, 30, 8, 45, 28, 9, 96, 81, 48, 74]",43.16907051282051,1.9433058744821794,8162.507484197617
1030,4,"[2, 86, 7, 70, 67, 88, 62, 43, 12, 51]",55.208333333333336,1.333690609687414,8170.800708770752
1031,1,"[13, 99, 4, 79, 71, 15, 5, 31, 40, 90]",56.05969551282051,1.386305468204694,8178.273300647736
1032,0,"[98, 58, 1, 10, 68, 42, 34, 55, 50, 11]",57.17147435897436,1.31432263362102,8186.309113740921
1033,2,"[63, 24, 0, 16, 19, 89, 23, 97, 39, 82]",53.26522435897436,1.445086806248396,8193.996755838394
1034,3,"[65, 81, 3, 45, 27, 30, 8, 91, 74, 28]",56.10977564102564,1.315817267466814,8201.403725624084
1035,4,"[7, 75, 2, 67, 73, 76, 88, 92, 62, 70]",48.48758012820513,1.484326877655127,8209.416542291641
1036,0,"[11, 50, 1, 42, 32, 98, 58, 29, 72, 69]",56.45032051282051,1.3105825567856813,8217.37095952034
1037,1,"[5, 99, 4, 49, 13, 40, 71, 37, 44, 31]",55.0380608974359,1.404759909862127,8225.546914100647
1038,2,"[84, 64, 0, 61, 46, 78, 95, 85, 36, 97]",55.73918269230769,1.3492519931915479,8233.137033462524
1039,3,"[3, 47, 8, 96, 81, 93, 74, 45, 17, 28]",52.453926282051285,1.4160087597675812,8240.864483356476
1040,0,"[83, 77, 1, 32, 29, 50, 98, 33, 10, 69]",55.598958333333336,1.3479212018159719,8248.668801784515
1041,4,"[53, 67, 2, 80, 76, 92, 94, 75, 35, 73]",59.01442307692308,1.2062011170081604,8256.46894788742
1042,1,"[40, 49, 4, 37, 31, 15, 21, 66, 44, 13]",56.2099358974359,1.289550217298361,8264.871197223663
1043,2,"[97, 23, 0, 60, 61, 59, 36, 16, 64, 84]",54.296875,1.372491078499036,8272.902668237686
1044,0,"[33, 10, 1, 29, 77, 55, 69, 72, 34, 42]",51.77283653846154,1.4482984665112617,8280.649387598038
1045,3,"[30, 48, 3, 17, 54, 74, 27, 87, 96, 38]",46.54447115384615,1.7660747781777992,8288.257178783417
1046,2,"[24, 59, 0, 39, 23, 63, 82, 64, 89, 97]",52.56410256410256,1.4502330407118187,8296.898691654205
1047,1,"[21, 90, 4, 13, 56, 5, 37, 79, 40, 71]",50.69110576923077,1.5511715213457744,8304.340527057648
1048,0,"[6, 52, 1, 34, 32, 10, 50, 98, 83, 69]",54.23677884615385,1.3815473470932398,8312.065144777298
1049,3,"[17, 54, 3, 96, 47, 20, 91, 48, 81, 38]",54.07652243589744,1.4015790300491529,8319.972639083862
1050,2,"[97, 85, 0, 16, 78, 24, 19, 60, 82, 84]",55.779246794871796,1.3041824301083882,8327.771460294724
1051,1,"[14, 21, 4, 13, 79, 5, 44, 37, 99, 57]",54.31690705128205,1.4964803487826617,8335.670586109161
1052,0,"[77, 32, 1, 34, 50, 98, 83, 72, 55, 10]",54.70753205128205,1.4411312402823033,8343.655544281006
1053,3,"[20, 45, 3, 96, 47, 81, 48, 38, 87, 54]",52.17347756410256,1.4883969670686967,8351.55283665657
1054,2,"[18, 41, 0, 60, 19, 23, 85, 61, 63, 16]",48.65785256410256,1.5531060038468776,8359.555798530579
1055,1,"[4, 14, 5, 57, 21, 13, 49, 56, 31, 44]",52.76442307692308,1.4701017890221033,8367.411224126816
1056,0,"[68, 10, 1, 98, 83, 55, 52, 33, 34, 50]",54.45713141025641,1.375967991657746,8375.113368988037
1057,3,"[96, 93, 3, 17, 74, 65, 91, 45, 87, 54]",52.07331730769231,1.474358645769266,8382.87052488327
1058,2,"[89, 64, 0, 41, 97, 60, 24, 46, 63, 82]",54.61738782051282,1.351364458218599,8391.074953079224
1059,4,"[12, 86, 2, 80, 43, 67, 62, 35, 7, 73]",54.61738782051282,1.351364458218599,8398.937645435333
1060,0,"[83, 68, 1, 29, 32, 98, 10, 50, 69, 42]",57.7724358974359,1.2876819188778217,8407.034593105316
1061,1,"[79, 26, 4, 13, 66, 57, 5, 40, 21, 49]",56.65064102564103,1.321911061421419,8415.378138780594
1062,2,"[39, 36, 0, 18, 63, 60, 19, 16, 41, 64]",53.03485576923077,1.4411936967800825,8423.09996342659
1063,3,"[47, 96, 3, 54, 17, 28, 9, 91, 20, 38]",54.296875,1.3631047774583867,8431.186567306519
1064,0,"[77, 68, 1, 33, 11, 6, 32, 72, 83, 52]",51.872996794871796,1.4489872883527706,8439.10364818573
1065,1,"[37, 21, 4, 49, 71, 44, 31, 26, 66, 40]",49.899839743589745,1.5675993821559808,8447.144196033478
1066,2,"[41, 85, 0, 39, 24, 46, 16, 61, 22, 89]",49.03846153846154,1.633509880457169,8455.558540582657
1067,3,"[65, 48, 3, 87, 38, 20, 28, 47, 54, 8]",55.41866987179487,1.323721977380606,8462.721108675003
1068,0,"[55, 72, 1, 98, 33, 69, 58, 29, 34, 68]",56.46033653846154,1.3033693570357103,8470.2653632164
1069,4,"[7, 80, 2, 43, 70, 86, 53, 75, 51, 35]",56.39022435897436,1.2795891639513848,8478.612080097198
1070,1,"[26, 13, 4, 57, 40, 37, 71, 31, 21, 90]",57.03125,1.2617432047159245,8486.443826913834
1071,2,"[16, 97, 0, 39, 18, 60, 41, 64, 84, 95]",55.84935897435897,1.3264041115076115,8494.41874217987
1072,0,"[98, 68, 1, 58, 34, 72, 55, 10, 83, 50]",57.86258012820513,1.2986594117604768,8502.241530418396
1073,3,"[30, 27, 3, 9, 47, 74, 28, 48, 96, 8]",50.58092948717949,1.5421041555893726,8510.342503070831
1074,1,"[4, 37, 5, 13, 31, 66, 90, 44, 71, 57]",56.30008012820513,1.3028685603386316,8518.517254114151
1075,2,"[16, 36, 0, 85, 24, 82, 63, 39, 60, 78]",53.07491987179487,1.4201422746364887,8525.835320472717
1076,0,"[72, 50, 1, 29, 68, 98, 33, 6, 42, 34]",55.388621794871796,1.3660004643293528,8534.134366512299
1077,3,"[47, 28, 3, 38, 87, 17, 27, 81, 65, 54]",55.41866987179487,1.355759967596103,8541.436393022537
1078,1,"[31, 79, 4, 90, 37, 49, 26, 5, 14, 21]",58.66386217948718,1.2306586412283091,8549.571438074112
1079,2,"[41, 84, 0, 85, 60, 78, 63, 46, 59, 23]",59.53525641025641,1.2241709629694622,8557.231590032578
1080,0,"[69, 72, 1, 32, 58, 77, 11, 34, 98, 33]",56.17988782051282,1.3281382734958942,8565.354046821594
1081,3,"[48, 17, 3, 96, 38, 74, 8, 87, 93, 20]",52.93469551282051,1.4227882822354634,8573.103584766388
1082,1,"[15, 71, 4, 56, 79, 57, 37, 44, 31, 21]",51.93309294871795,1.4908057160866566,8581.063232898712
1083,2,"[23, 84, 0, 63, 78, 24, 39, 19, 36, 16]",50.32051282051282,1.5580243239035974,8588.790975809097
1084,0,"[6, 10, 1, 55, 52, 32, 42, 68, 77, 83]",47.3056891025641,1.7126739682295384,8596.689302444458
1085,3,"[9, 81, 3, 91, 20, 38, 87, 45, 54, 27]",50.44070512820513,1.5703184940876105,8604.402130365372
1086,4,"[76, 35, 2, 73, 51, 53, 12, 86, 88, 75]",50.44070512820513,1.5703184940876105,8612.710809707642
1087,1,"[26, 21, 4, 14, 31, 49, 99, 5, 71, 40]",53.806089743589745,1.5031415529740162,8620.118745803833
1088,0,"[69, 33, 1, 52, 32, 72, 34, 29, 55, 10]",52.083333333333336,1.4837535757284899,8628.324860334396
1089,2,"[46, 23, 0, 41, 95, 59, 24, 36, 39, 82]",58.42347756410256,1.2380596001942952,8635.825441360474
1090,3,"[38, 81, 3, 47, 87, 48, 54, 27, 30, 74]",55.29847756410256,1.3452806900709102,8643.712123155594
1091,1,"[31, 44, 4, 26, 49, 13, 37, 14, 79, 5]",56.01963141025641,1.3238778068469121,8651.967550992966
1092,0,"[52, 34, 1, 98, 29, 68, 10, 6, 32, 33]",54.767628205128204,1.3413658371338477,8659.973844051361
1093,2,"[89, 0, 16, 24, 22, 60, 78, 61, 97, 64]",52.16346153846154,1.4632826432203636,8667.343173742294
1094,3,"[48, 30, 3, 47, 54, 28, 9, 8, 91, 74]",52.92467948717949,1.3737608056802015,8675.407837152481
1095,4,"[88, 43, 2, 12, 51, 75, 94, 62, 35, 92]",59.22475961538461,1.1627901387520325,8683.191851854324
1096,0,"[32, 52, 1, 33, 68, 6, 83, 10, 98, 72]",54.34695512820513,1.341292178019499,8690.573616743088
1097,1,"[71, 14, 4, 57, 66, 37, 56, 40, 15, 90]",45.703125,1.8392475660030658,8699.126663208008
1098,2,"[60, 18, 0, 89, 84, 24, 41, 85, 61, 23]",57.8525641025641,1.2519550117162557,8706.907651901245
1099,3,"[27, 45, 3, 54, 8, 91, 65, 48, 96, 20]",46.80488782051282,1.6869733104339013,8714.813692569733
1100,0,"[34, 98, 1, 11, 32, 77, 55, 10, 29, 68]",53.645833333333336,1.3883988628020654,8722.76836848259
1101,4,"[70, 62, 2, 43, 7, 88, 12, 53, 92, 75]",55.19831730769231,1.305516704534873,8730.522433042526
1102,1,"[15, 99, 4, 66, 40, 90, 44, 31, 26, 13]",56.540464743589745,1.3390359802123828,8738.440729141235
1103,2,"[82, 18, 0, 85, 23, 95, 19, 89, 64, 59]",54.46714743589744,1.3896867984380477,8746.527411222458
1104,0,"[55, 29, 1, 32, 83, 42, 98, 6, 52, 58]",54.62740384615385,1.3932348245229476,8754.44438624382
1105,3,"[91, 38, 3, 17, 87, 9, 96, 54, 48, 27]",55.40865384615385,1.3271895020436018,8761.861719846725
1106,1,"[4, 66, 5, 26, 49, 15, 37, 99, 31, 21]",57.83253205128205,1.2730869773106697,8769.857549190521
1107,2,"[85, 16, 0, 46, 60, 95, 84, 97, 39, 18]",57.18149038461539,1.2599204518856146,8777.512303352356
1108,0,"[1, 33, 6, 77, 42, 58, 52, 55, 11, 32]",50.03004807692308,1.5733169531210875,8785.137904405594
1109,3,"[93, 3, 8, 27, 54, 81, 17, 9, 48, 47]",51.10176282051282,1.5965841015179951,8792.750287532806
1110,4,"[12, 80, 2, 76, 94, 25, 88, 35, 43, 53]",57.18149038461539,1.2813453888281798,8801.024278402328
1111,1,"[37, 21, 4, 57, 66, 40, 71, 49, 31, 56]",47.35576923076923,1.6823013501289563,8809.09571814537
1112,0,"[83, 42, 1, 34, 98, 77, 6, 68, 10, 72]",51.32211538461539,1.4656852346200209,8817.073056697845
1113,2,"[18, 36, 0, 24, 84, 89, 22, 16, 19, 39]",52.71434294871795,1.4194100346320715,8824.803886890411
1114,3,"[54, 3, 8, 91, 45, 87, 65, 38, 20, 47]",55.568910256410255,1.3145787425530262,8832.61069726944
1115,1,"[5, 71, 4, 57, 31, 26, 90, 15, 44, 49]",54.407051282051285,1.3710948351101997,8840.460280656815
1116,0,"[42, 55, 1, 72, 34, 77, 69, 98, 32, 83]",55.368589743589745,1.3809295373085217,8848.285617113113
1117,2,"[59, 46, 0, 22, 41, 16, 82, 61, 64, 60]",50.36057692307692,1.5254954160788121,8856.151874780655
1118,3,"[48, 27, 3, 93, 38, 28, 74, 8, 30, 47]",55.779246794871796,1.2678863650713212,8863.54524922371
1119,4,"[67, 35, 2, 86, 70, 7, 92, 75, 88, 73]",57.61217948717949,1.248306358471895,8871.420572280884
1120,0,"[58, 11, 1, 6, 33, 52, 50, 77, 34, 98]",57.30168269230769,1.2879943526708162,8879.243944883347
1121,1,"[31, 37, 4, 90, 44, 13, 40, 66, 14, 49]",57.8125,1.2564398661637917,8887.440534830093
1122,2,"[63, 97, 0, 46, 78, 41, 22, 64, 59, 61]",57.161458333333336,1.2724177715105889,8895.1721637249
1123,3,"[38, 93, 3, 28, 9, 27, 74, 54, 30, 47]",52.12339743589744,1.4409754704206417,8903.003338336945
1124,0,"[58, 98, 1, 50, 83, 10, 11, 42, 52, 33]",57.09134615384615,1.2780874432661595,8910.85623717308
1125,1,"[99, 21, 4, 31, 44, 37, 79, 14, 57, 90]",52.04326923076923,1.5507533794794328,8918.76270699501
1126,2,"[46, 16, 0, 60, 63, 22, 24, 23, 64, 59]",54.93790064102564,1.3702718157034655,8926.950077295303
1127,3,"[38, 3, 8, 17, 74, 20, 47, 30, 81, 65]",55.4286858974359,1.3382073793655787,8935.058513402939
1128,0,"[77, 68, 1, 52, 72, 33, 55, 32, 98, 83]",55.71915064102564,1.3208848176858363,8942.546028375626
1129,1,"[71, 56, 4, 66, 31, 21, 26, 90, 57, 37]",47.40584935897436,1.757900153979277,8950.555131435394
1130,2,"[36, 22, 0, 89, 97, 39, 59, 18, 63, 64]",53.67588141025641,1.4482518067726722,8958.545301675797
1131,3,"[30, 17, 3, 54, 47, 93, 45, 87, 8, 81]",54.817708333333336,1.2864001729549506,8966.56090593338
1132,0,"[11, 68, 1, 58, 32, 72, 69, 42, 52, 77]",50.671073717948715,1.5457198650409014,8974.34643316269
1133,1,"[99, 44, 4, 14, 56, 37, 31, 13, 90, 66]",47.81650641025641,1.7844977164879823,8982.297922611237
1134,2,"[97, 23, 0, 63, 59, 46, 82, 22, 41, 61]",56.149839743589745,1.3179957224772527,8990.622923612595
1135,3,"[47, 74, 3, 81, 27, 65, 87, 30, 38, 96]",44.12059294871795,1.9024237929246364,8998.418513536453
1136,0,"[52, 34, 1, 6, 98, 58, 77, 72, 55, 32]",52.11338141025641,1.4398670425781837,9006.342552423477
1137,1,"[99, 4, 5, 66, 26, 79, 56, 37, 15, 31]",54.45713141025641,1.416910625421084,9014.500648498535
1138,2,"[36, 60, 0, 22, 63, 24, 84, 16, 95, 85]",53.73597756410256,1.4143346441097748,9022.371551275253
1139,3,"[3, 30, 8, 93, 47, 20, 27, 65, 28, 81]",56.05969551282051,1.272765916127425,9030.159054279327
1140,0,"[55, 32, 1, 42, 69, 72, 11, 10, 58, 83]",50.15024038461539,1.6272271764584076,9037.944128513336
1141,4,"[43, 51, 2, 92, 70, 35, 67, 80, 12, 88]",50.15024038461539,1.6272271764584076,9045.694573640823
1142,1,"[21, 13, 4, 44, 99, 40, 49, 71, 90, 37]",51.19190705128205,1.6020228939178662,9053.466435432434
1143,2,"[78, 22, 0, 39, 46, 36, 41, 61, 97, 23]",53.34535256410256,1.475919022009923,9061.615815162659
1144,0,"[55, 10, 1, 52, 32, 33, 83, 11, 77, 72]",49.44911858974359,1.573259257353269,9069.27610874176
1145,3,"[81, 74, 3, 27, 8, 54, 96, 48, 65, 17]",50.71113782051282,1.535459307523874,9076.906465530396
1146,1,"[49, 13, 4, 79, 15, 57, 5, 66, 21, 26]",55.55889423076923,1.335682410460252,9084.445385932922
1147,2,"[16, 84, 0, 63, 19, 82, 64, 97, 78, 23]",52.40384615384615,1.4606127662536426,9092.198516130447
1148,0,"[55, 52, 1, 68, 69, 33, 34, 42, 32, 98]",52.994791666666664,1.4095503489176433,9100.248967885971
1149,3,"[87, 96, 3, 54, 91, 48, 74, 47, 9, 8]",52.87459935897436,1.4162076268440638,9107.774638652802
1150,4,"[75, 76, 2, 94, 62, 12, 67, 51, 7, 80]",54.24679487179487,1.356481400819925,9116.099053382874
1151,1,"[90, 71, 4, 79, 44, 57, 5, 14, 37, 40]",58.303285256410255,1.2444831728935242,9123.99386382103
1152,0,"[77, 34, 1, 55, 33, 72, 29, 11, 83, 98]",49.94991987179487,1.55817538805497,9132.09972167015
1153,2,"[64, 36, 0, 89, 19, 97, 59, 95, 78, 41]",54.51722756410256,1.4336877862612407,9139.606403589249
1154,3,"[27, 3, 8, 45, 47, 87, 96, 28, 17, 81]",53.91626602564103,1.3895605985934918,9147.257611989975
1155,1,"[71, 13, 4, 21, 99, 37, 31, 26, 57, 56]",50.16025641025641,1.6895482937494914,9155.477711439133
1156,0,"[68, 58, 1, 77, 50, 83, 98, 55, 72, 34]",56.62059294871795,1.3503002952306697,9163.222920894623
1157,2,"[82, 18, 0, 61, 19, 95, 97, 59, 39, 16]",54.407051282051285,1.4466072275088384,9171.090302228928
1158,3,"[38, 47, 3, 54, 9, 96, 65, 81, 87, 74]",52.453926282051285,1.4875363952074296,9178.656227588654
1159,1,"[5, 21, 4, 99, 57, 14, 56, 71, 90, 66]",49.19871794871795,1.6974993225855706,9186.51179933548
1160,0,"[32, 77, 1, 50, 72, 6, 98, 55, 83, 11]",53.78605769230769,1.4512394467989604,9194.277789354324
1161,2,"[46, 18, 0, 36, 22, 19, 82, 41, 16, 84]",50.100160256410255,1.5839943198057322,9202.049258708954
1162,3,"[9, 48, 3, 28, 30, 38, 8, 45, 81, 87]",54.6474358974359,1.341898540655772,9209.929747104645
1163,1,"[71, 44, 4, 66, 90, 15, 21, 5, 99, 49]",53.39543269230769,1.4836596418649723,9217.35688328743
1164,0,"[72, 50, 1, 29, 68, 10, 55, 11, 42, 69]",55.12820512820513,1.4075340705040174,9225.273932695389
1165,2,"[39, 82, 0, 23, 41, 46, 97, 59, 95, 19]",55.44871794871795,1.3940790234467921,9233.099276065826
1166,3,"[8, 65, 3, 54, 17, 27, 38, 74, 96, 47]",53.76602564102564,1.4238812510783856,9240.965504646301
1167,1,"[13, 71, 4, 66, 90, 31, 56, 44, 49, 37]",48.57772435897436,1.6335356587018721,9249.068841695786
1168,0,"[58, 11, 1, 6, 33, 77, 83, 34, 52, 69]",52.604166666666664,1.4495788965469751,9256.748484373093
1169,2,"[18, 95, 0, 59, 60, 85, 39, 63, 16, 84]",53.42548076923077,1.4508094237400935,9264.581158876419
1170,3,"[93, 91, 3, 74, 38, 96, 45, 27, 8, 30]",49.15865384615385,1.5795711340048375,9272.407585382462
1171,1,"[5, 44, 4, 40, 37, 21, 56, 14, 90, 66]",53.36538461538461,1.4295565195572681,9280.5061480999
1172,0,"[34, 68, 1, 98, 58, 11, 6, 32, 42, 50]",57.60216346153846,1.2678230420137062,9288.320481538773
1173,2,"[89, 84, 0, 64, 24, 63, 95, 41, 61, 46]",56.91105769230769,1.2756273318559697,9296.424088001251
1174,3,"[9, 8, 3, 93, 91, 27, 20, 17, 87, 30]",49.98998397435897,1.5569438185447302,9304.481611013412
1175,4,"[12, 88, 2, 94, 73, 80, 62, 70, 43, 7]",49.98998397435897,1.5569438185447302,9312.118141651154
1176,0,"[77, 32, 1, 34, 42, 68, 98, 69, 29, 58]",56.71073717948718,1.3155933098915296,9320.021564483643
1177,1,"[13, 99, 4, 5, 14, 49, 31, 90, 79, 40]",54.66746794871795,1.4331413690860455,9328.622195959091
1178,2,"[61, 46, 0, 16, 39, 23, 82, 60, 19, 22]",53.515625,1.4431571181003864,9336.251436471939
1179,3,"[28, 17, 3, 48, 96, 20, 93, 30, 91, 74]",47.24559294871795,1.6821836156722827,9344.090912103653
1180,0,"[98, 6, 1, 68, 34, 42, 33, 32, 29, 58]",55.388621794871796,1.359898797976665,9351.512892961502
1181,4,"[43, 94, 2, 73, 92, 25, 62, 86, 75, 7]",56.169871794871796,1.3204911458186614,9359.38213467598
1182,1,"[31, 14, 4, 44, 79, 13, 15, 40, 21, 37]",58.463541666666664,1.2408834802798736,9367.325974225998
1183,2,"[46, 19, 0, 85, 64, 39, 78, 16, 18, 60]",54.407051282051285,1.3510084794117854,9375.419162511826
1184,0,"[52, 33, 1, 72, 77, 58, 55, 10, 98, 50]",53.0849358974359,1.4101043343544006,9383.511404037476
1185,3,"[28, 27, 3, 47, 17, 93, 54, 91, 30, 87]",54.26682692307692,1.3454689398790016,9391.21961236
1186,1,"[5, 79, 4, 66, 37, 71, 21, 31, 40, 26]",52.01322115384615,1.511781475482843,9399.969493627548
1187,2,"[85, 41, 0, 22, 84, 59, 97, 61, 95, 16]",53.014823717948715,1.4509403247099657,9407.803718566895
1188,0,"[11, 10, 1, 29, 58, 32, 77, 33, 6, 34]",51.15184294871795,1.56046224404604,9415.813609600067
1189,3,"[48, 17, 3, 27, 65, 38, 47, 93, 8, 74]",55.4286858974359,1.3668106595675151,9423.401718139648
1190,1,"[31, 26, 4, 44, 49, 56, 79, 57, 21, 14]",53.58573717948718,1.4602717818358006,9431.443420171738
1191,2,"[19, 84, 0, 59, 78, 61, 97, 46, 41, 85]",58.78405448717949,1.250557358448322,9439.131974220276
1192,0,"[58, 6, 1, 98, 34, 69, 68, 55, 33, 52]",55.88942307692308,1.323171426088382,9447.101563930511
1193,3,"[65, 96, 3, 48, 87, 9, 45, 93, 17, 27]",51.29206730769231,1.5325948213919616,9454.607442617416
1194,1,"[71, 37, 4, 49, 57, 90, 31, 56, 21, 5]",53.225160256410255,1.4166423708964617,9462.599900484085
1195,2,"[23, 84, 0, 95, 97, 46, 16, 78, 18, 63]",51.302083333333336,1.490960921996679,9470.159275531769
1196,0,"[72, 69, 1, 68, 55, 11, 77, 6, 42, 98]",55.779246794871796,1.3408285272427094,9477.9009475708
1197,3,"[96, 17, 3, 74, 20, 65, 81, 48, 8, 9]",50.96153846153846,1.5583774279325435,9485.713475465775
1198,4,"[35, 7, 2, 94, 25, 53, 75, 92, 12, 76]",50.96153846153846,1.5583774279325435,9493.769268274307
1199,1,"[26, 99, 4, 79, 49, 40, 31, 71, 14, 5]",54.93790064102564,1.4247130782176287,9501.669334411621
1200,0,"[33, 98, 1, 83, 68, 32, 6, 52, 69, 55]",57.98277243589744,1.2675532362399957,9509.986281394958
1201,2,"[22, 41, 0, 85, 78, 19, 61, 60, 89, 24]",56.10977564102564,1.3294279269683056,9517.853699445724
1202,3,"[96, 17, 3, 48, 93, 28, 87, 65, 74, 81]",50.260416666666664,1.619174715800163,9526.12115073204
1203,1,"[31, 15, 4, 49, 79, 13, 90, 99, 56, 71]",47.19551282051282,1.8404621802843535,9533.861695766449
1204,0,"[6, 98, 1, 34, 83, 32, 50, 69, 58, 55]",57.30168269230769,1.3204820049114716,9541.851439714432
1205,2,"[60, 23, 0, 16, 59, 64, 24, 85, 36, 61]",53.50560897435897,1.4119617480498095,9549.679846286774
1206,3,"[81, 74, 3, 96, 30, 47, 93, 54, 65, 91]",47.3056891025641,1.7269648619187183,9557.30690741539
1207,1,"[66, 37, 4, 13, 57, 44, 56, 31, 71, 15]",54.036458333333336,1.416769368526263,9565.758932590485
1208,0,"[10, 11, 1, 98, 52, 6, 34, 33, 77, 83]",52.98477564102564,1.4474843236116262,9573.653522253036
1209,2,"[59, 95, 0, 23, 22, 97, 60, 63, 18, 85]",53.31530448717949,1.4687245747981927,9581.978467226028
1210,3,"[28, 45, 3, 30, 38, 96, 91, 8, 65, 93]",51.90304487179487,1.4913637607525556,9589.752446651459
1211,1,"[71, 13, 4, 79, 66, 5, 56, 57, 37, 90]",55.26842948717949,1.3617446575409327,9597.577683925629
1212,0,"[29, 6, 1, 32, 72, 83, 68, 10, 11, 34]",52.864583333333336,1.4831131238203783,9605.695531368256
1213,2,"[84, 0, 16, 24, 46, 36, 23, 61, 60, 97]",50.8213141025641,1.5316827022112334,9613.60577917099
1214,3,"[38, 65, 3, 17, 45, 9, 93, 48, 91, 87]",51.23197115384615,1.6175369528623729,9621.408741235733
1215,1,"[44, 99, 4, 66, 13, 40, 49, 56, 21, 26]",49.2588141025641,1.7038042621734815,9629.578873157501
1216,0,"[55, 98, 1, 32, 50, 10, 72, 34, 42, 11]",54.17668269230769,1.4170996057681549,9637.611451387405
1217,2,"[24, 46, 0, 85, 23, 36, 16, 22, 78, 64]",50.80128205128205,1.5509802882487957,9645.468549728394
1218,3,"[45, 74, 3, 54, 8, 96, 65, 87, 47, 17]",51.63261217948718,1.5102772177794042,9653.16486287117
1219,1,"[49, 26, 4, 5, 21, 15, 44, 57, 90, 13]",55.66907051282051,1.3578489911861908,9661.425432443619
1220,0,"[50, 58, 1, 10, 11, 55, 52, 29, 77, 98]",55.80929487179487,1.3573659857114155,9669.117626905441
1221,2,"[84, 18, 0, 46, 59, 41, 78, 85, 97, 23]",56.69070512820513,1.3357282296205177,9677.207196712494
1222,3,"[96, 27, 3, 48, 28, 45, 87, 65, 81, 30]",42.708333333333336,2.01874595727676,9685.152532100677
1223,1,"[26, 79, 4, 13, 66, 49, 90, 57, 40, 99]",57.131410256410255,1.3153000061328595,9692.95120882988
1224,0,"[72, 55, 1, 29, 11, 69, 58, 77, 33, 32]",53.205128205128204,1.4775689641634624,9701.07138299942
1225,2,"[41, 24, 0, 64, 61, 78, 46, 19, 97, 39]",55.61899038461539,1.3535375044896052,9709.006518125534
1226,3,"[87, 91, 3, 17, 54, 74, 93, 27, 65, 20]",51.75280448717949,1.5842865430391753,9717.11650466919
1227,1,"[26, 15, 4, 99, 66, 56, 71, 49, 14, 13]",49.07852564102564,1.7911430643155024,9725.505164861679
1228,0,"[52, 42, 1, 6, 68, 98, 32, 10, 11, 33]",55.19831730769231,1.3699839160992549,9733.170327186584
1229,2,"[41, 85, 0, 59, 82, 95, 22, 84, 36, 19]",55.16826923076923,1.3648022780051599,9740.711301088333
1230,3,"[87, 17, 3, 48, 96, 27, 81, 20, 65, 47]",53.5556891025641,1.4421850580435533,9748.587939977646
1231,1,"[71, 14, 4, 13, 56, 37, 66, 99, 21, 15]",46.203926282051285,1.9245268794206472,9756.68207526207
1232,0,"[34, 29, 1, 72, 58, 52, 77, 50, 33, 32]",52.74439102564103,1.5236107875139286,9764.701422452927
1233,2,"[64, 63, 0, 46, 95, 97, 19, 22, 16, 78]",52.00320512820513,1.5070565923666344,9772.168439626694
1234,3,"[65, 48, 3, 96, 27, 8, 74, 81, 87, 30]",40.705128205128204,2.1223843739582944,9779.918039798737
1235,4,"[92, 53, 2, 86, 7, 35, 67, 73, 75, 43]",40.705128205128204,2.1223843739582944,9788.230975151062
1236,0,"[34, 1, 6, 32, 55, 42, 58, 33, 83, 52]",53.125,1.436646919984084,9795.795688867569
1237,1,"[31, 40, 4, 44, 71, 5, 49, 57, 26, 14]",52.92467948717949,1.4831137840564435,9804.0489590168
1238,2,"[85, 41, 0, 22, 63, 59, 39, 60, 23, 24]",57.19150641025641,1.3159218384669378,9811.527629852295
1239,3,"[93, 17, 3, 74, 48, 91, 65, 8, 38, 27]",55.67908653846154,1.4068670593775237,9819.383933782578
1240,0,"[52, 42, 1, 33, 68, 10, 11, 6, 29, 98]",52.48397435897436,1.4331425321407807,9826.94671678543
1241,4,"[86, 94, 2, 76, 7, 62, 92, 70, 25, 51]",53.54567307692308,1.3844277598919013,9834.772163152695
1242,1,"[37, 57, 4, 15, 40, 79, 49, 13, 21, 90]",56.89102564102564,1.2533142215166337,9842.860754489899
1243,2,"[89, 0, 16, 39, 19, 78, 61, 64, 36, 23]",50.57091346153846,1.5322701915716515,9850.787169218063
1244,0,"[55, 98, 1, 34, 58, 29, 83, 42, 52, 32]",53.0849358974359,1.4865575570326586,9858.489249706268
1245,3,"[27, 81, 3, 28, 87, 20, 96, 65, 47, 8]",55.19831730769231,1.3406540124844282,9866.282077550888
1246,1,"[57, 37, 4, 15, 26, 49, 14, 21, 5, 90]",58.513621794871796,1.241134287455143,9874.69711971283
1247,2,"[18, 0, 16, 84, 59, 39, 64, 63, 41, 89]",51.74278846153846,1.467605240834065,9882.49264383316
1248,0,"[32, 33, 1, 52, 83, 69, 50, 10, 68, 42]",51.44230769230769,1.505538706596081,9890.403230428696
1249,3,"[48, 54, 3, 8, 30, 93, 45, 96, 9, 65]",48.27724358974359,1.6246482515946412,9898.336361169815
1250,1,"[71, 5, 4, 79, 26, 99, 21, 37, 44, 15]",54.74759615384615,1.4608517518410316,9906.13409113884
1251,2,"[84, 16, 0, 19, 60, 18, 24, 85, 36, 78]",55.25841346153846,1.3527676401994166,9913.689710140228
1252,0,"[58, 34, 1, 69, 42, 98, 6, 29, 77, 11]",54.38701923076923,1.3897310052162561,9921.953862428665
1253,3,"[27, 74, 3, 28, 48, 93, 17, 8, 20, 30]",51.71274038461539,1.4615257642208002,9929.746494531631
1254,1,"[66, 21, 4, 14, 40, 37, 56, 49, 26, 15]",46.67467948717949,1.7738644083340962,9937.79471540451
1255,2,"[18, 82, 0, 63, 89, 19, 64, 24, 60, 59]",56.55048076923077,1.311410115315364,9945.706977844238
1256,0,"[58, 42, 1, 72, 83, 98, 11, 69, 55, 32]",55.208333333333336,1.4076826541851728,9953.653709173203
1257,3,"[27, 91, 3, 48, 8, 96, 38, 9, 30, 93]",50.36057692307692,1.5602545967468848,9961.37777853012
1258,4,"[35, 43, 2, 86, 53, 76, 7, 12, 70, 25]",50.36057692307692,1.5602545967468848,9969.377793550491
1259,1,"[90, 40, 4, 66, 21, 44, 31, 14, 49, 37]",54.13661858974359,1.378060097877796,9977.165983915329
1260,0,"[11, 52, 1, 50, 10, 72, 83, 33, 77, 32]",51.93309294871795,1.4747880957065485,9985.287926912308
1261,2,"[60, 95, 0, 61, 64, 97, 39, 41, 63, 16]",50.22035256410256,1.5284237494835486,9992.934989452362
1262,3,"[93, 20, 3, 28, 91, 74, 54, 9, 81, 87]",41.35616987179487,2.0868997390453634,10000.487069129944
1263,4,"[75, 86, 2, 80, 70, 88, 73, 62, 43, 12]",54.80769230769231,1.4453361554023547,10008.179027080536
1264,0,"[58, 55, 1, 6, 34, 77, 50, 10, 69, 72]",55.87940705128205,1.358534268843822,10016.121124744415
1265,1,"[66, 21, 4, 15, 71, 14, 40, 79, 57, 44]",54.577323717948715,1.4065012335777283,10024.279010295868
1266,2,"[78, 22, 0, 61, 89, 24, 41, 16, 60, 97]",50.37059294871795,1.5648343929877648,10031.804296731949
1267,3,"[27, 81, 3, 96, 45, 47, 91, 93, 48, 74]",48.76802884615385,1.5848593207506032,10040.033548355103
1268,0,"[29, 11, 1, 77, 32, 83, 58, 33, 10, 52]",52.20352564102564,1.4520392616589863,10047.592703580856
1269,4,"[25, 43, 2, 51, 88, 12, 62, 70, 86, 53]",58.56370192307692,1.207428094668266,10055.338783025742
1270,1,"[15, 40, 4, 37, 90, 13, 57, 71, 21, 49]",55.19831730769231,1.3126367361117632,10063.193562030792
1271,2,"[64, 22, 0, 85, 23, 60, 46, 24, 61, 84]",60.046073717948715,1.185847628575105,10071.105818271637
1272,0,"[77, 1, 6, 29, 33, 50, 68, 42, 11, 72]",55.79927884615385,1.3183014744367354,10078.936871290207
1273,3,"[30, 91, 3, 47, 93, 45, 81, 38, 87, 28]",54.83774038461539,1.3410422908954132,10087.058939933777
1274,1,"[5, 13, 4, 57, 71, 37, 99, 14, 44, 49]",55.80929487179487,1.3958454804542737,10094.536055326462
1275,2,"[89, 63, 0, 41, 24, 60, 23, 82, 39, 78]",50.98157051282051,1.5463395898158734,10102.010259628296
1276,0,"[52, 10, 1, 83, 29, 34, 33, 55, 6, 68]",54.377003205128204,1.3516463759617927,10110.010655164719
1277,3,"[17, 65, 3, 81, 54, 87, 8, 28, 74, 45]",56.350160256410255,1.2880983337377891,10117.170290470123
1278,1,"[21, 31, 4, 57, 37, 26, 13, 56, 15, 14]",48.77804487179487,1.6861630525344458,10125.40599489212
1279,2,"[39, 22, 0, 85, 59, 23, 97, 95, 36, 63]",55.14823717948718,1.4223714776528187,10132.91807627678
1280,0,"[52, 10, 1, 98, 68, 72, 11, 34, 29, 42]",52.02323717948718,1.4518880660717304,10140.93700671196
1281,3,"[81, 27, 3, 54, 47, 38, 48, 96, 74, 17]",49.76963141025641,1.5788515821481361,10148.577498674393
1282,4,"[70, 94, 2, 43, 75, 7, 73, 86, 25, 88]",49.76963141025641,1.5788515821481361,10156.34976696968
1283,1,"[44, 5, 4, 79, 56, 40, 37, 66, 99, 49]",55.82932692307692,1.3226073751082787,10164.004435062408
1284,0,"[58, 32, 1, 34, 11, 50, 77, 98, 42, 33]",56.350160256410255,1.33039128780365,10172.427977323532
1285,2,"[41, 36, 0, 97, 64, 18, 85, 59, 61, 46]",60.48677884615385,1.1854623838877067,10180.35341501236
1286,3,"[87, 30, 3, 65, 9, 54, 47, 48, 45, 17]",54.407051282051285,1.388639130653479,10188.434761285782
1287,1,"[26, 57, 4, 44, 49, 71, 66, 37, 21, 15]",52.56410256410256,1.4612189103395512,10196.25840830803
1288,0,"[50, 68, 1, 55, 72, 29, 58, 34, 11, 69]",53.93629807692308,1.4604855607717464,10204.209771156311
1289,2,"[85, 64, 0, 60, 22, 19, 97, 36, 39, 63]",55.34855769230769,1.415997257599464,10212.099001646042
1290,3,"[45, 48, 3, 74, 30, 38, 81, 87, 27, 8]",56.22996794871795,1.3120522086436932,10220.04093837738
1291,4,"[62, 70, 2, 94, 92, 76, 86, 73, 88, 51]",55.358573717948715,1.3050391398943388,10228.244403362274
1292,0,"[29, 1, 6, 52, 98, 72, 77, 32, 69, 50]",53.28525641025641,1.4181979252741888,10236.018584728241
1293,1,"[66, 5, 4, 21, 49, 90, 99, 57, 40, 31]",58.27323717948718,1.2981413297164135,10244.321411132812
1294,2,"[39, 18, 0, 46, 36, 24, 61, 60, 41, 22]",58.44350961538461,1.2513910249257698,10251.867225408554
1295,3,"[54, 47, 3, 30, 74, 65, 17, 93, 45, 27]",58.34334935897436,1.217561389391239,10259.630925416946
1296,0,"[58, 55, 1, 10, 72, 77, 33, 83, 6, 34]",53.18509615384615,1.437422738625453,10267.246369361877
1297,4,"[73, 92, 2, 51, 53, 67, 94, 75, 62, 25]",58.673878205128204,1.219059134905155,10275.298755645752
1298,1,"[90, 44, 4, 21, 5, 14, 15, 66, 40, 57]",54.85777243589744,1.3643349286837456,10283.498796701431
1299,2,"[60, 36, 0, 95, 61, 63, 46, 85, 16, 19]",57.03125,1.2925585554196284,10291.211847305298
1300,0,"[72, 33, 1, 83, 10, 68, 50, 69, 32, 52]",56.6005608974359,1.314135418488429,10298.937386274338
1301,3,"[30, 9, 3, 48, 91, 65, 8, 81, 54, 93]",53.8661858974359,1.3559529674358857,10306.60698223114
1302,1,"[71, 13, 4, 15, 57, 79, 26, 14, 5, 56]",54.71754807692308,1.4173882802327473,10314.699756383896
1303,2,"[60, 63, 0, 84, 19, 89, 23, 36, 97, 95]",55.16826923076923,1.3642823940668352,10322.476177215576
1304,0,"[42, 11, 1, 77, 6, 33, 50, 29, 68, 32]",54.24679487179487,1.3974205484757056,10330.750397920609
1305,3,"[87, 47, 3, 28, 45, 48, 74, 20, 91, 38]",54.71754807692308,1.4183468497716463,10338.729036808014
1306,1,"[90, 13, 4, 66, 37, 49, 15, 71, 5, 31]",56.2099358974359,1.2836295855350983,10346.492127895355
1307,2,"[59, 22, 0, 64, 89, 84, 95, 23, 16, 63]",52.844551282051285,1.439029342088944,10353.923270463943
1308,0,"[98, 68, 1, 55, 58, 69, 52, 77, 72, 42]",55.05809294871795,1.343695886624165,10361.782803535461
1309,3,"[47, 38, 3, 87, 27, 48, 8, 20, 93, 9]",53.83613782051282,1.4333470968099742,10369.74092078209
1310,1,"[49, 5, 4, 21, 57, 31, 40, 56, 71, 26]",52.233573717948715,1.501799036294986,10377.8791949749
1311,2,"[89, 82, 0, 60, 39, 95, 46, 18, 78, 97]",54.07652243589744,1.3942543130654554,10385.620789051056
1312,0,"[69, 29, 1, 77, 72, 6, 33, 55, 98, 83]",52.88461538461539,1.4478762455475636,10393.446825504303
1313,3,"[38, 9, 3, 8, 54, 28, 27, 81, 17, 74]",55.61899038461539,1.3590305554561126,10400.977196455002
1314,4,"[53, 73, 2, 92, 7, 86, 43, 35, 67, 94]",55.61899038461539,1.3590305554561126,10408.850798606873
1315,1,"[90, 5, 4, 37, 71, 66, 99, 14, 40, 26]",54.73758012820513,1.4406535824139912,10416.345082521439
1316,0,"[83, 6, 1, 98, 11, 42, 10, 50, 34, 55]",57.18149038461539,1.3072505348767989,10424.424560785294
1317,2,"[46, 41, 0, 97, 78, 64, 39, 36, 84, 23]",54.08653846153846,1.4293356629518361,10431.785167455673
1318,3,"[48, 9, 3, 30, 81, 96, 87, 28, 45, 17]",46.65464743589744,1.7590932311155858,10439.50326514244
1319,4,"[2, 25, 7, 51, 12, 62, 35, 76, 43, 94]",57.39182692307692,1.23005339044791,10447.506162881851
1320,0,"[68, 58, 1, 50, 83, 11, 72, 29, 32, 98]",59.0244391025641,1.2321336712592688,10455.745239973068
1321,1,"[49, 4, 5, 14, 15, 40, 66, 99, 21, 79]",55.46875,1.3980066287211883,10463.830175161362
1322,2,"[41, 19, 0, 24, 59, 39, 18, 78, 16, 36]",54.28685897435897,1.4354026592694795,10471.434206724167
1323,3,"[48, 20, 3, 87, 81, 27, 38, 30, 74, 8]",57.56209935897436,1.2467371263565161,10479.334287643433
1324,0,"[72, 50, 1, 32, 33, 98, 6, 69, 58, 55]",59.865785256410255,1.2080079087844262,10486.596637964249
1325,1,"[44, 99, 4, 66, 71, 5, 90, 56, 26, 79]",51.51241987179487,1.617989793801919,10494.238739967346
1326,2,"[82, 89, 0, 18, 95, 63, 19, 41, 85, 36]",52.3838141025641,1.4729792231168501,10502.256846904755
1327,3,"[74, 93, 3, 30, 17, 54, 48, 65, 38, 81]",52.98477564102564,1.4236523126944518,10509.95344042778
1328,0,"[68, 34, 1, 83, 58, 11, 32, 77, 55, 10]",54.817708333333336,1.4071990557205982,10517.587804079056
1329,4,"[7, 70, 2, 94, 75, 35, 73, 51, 25, 86]",61.39823717948718,1.1326502897800543,10525.259973526001
1330,1,"[40, 99, 4, 79, 57, 14, 21, 49, 15, 5]",56.69070512820513,1.3490215509365766,10532.875809431076
1331,2,"[64, 63, 0, 22, 41, 95, 46, 78, 23, 18]",55.10817307692308,1.3682610575969403,10540.511284589767
1332,0,"[42, 69, 1, 98, 32, 10, 6, 50, 55, 77]",56.18990384615385,1.3202188733296516,10548.521646976471
1333,3,"[93, 30, 3, 17, 65, 74, 8, 54, 9, 47]",55.94951923076923,1.274957523896144,10556.114762544632
1334,1,"[90, 57, 4, 31, 99, 5, 56, 71, 13, 21]",46.81490384615385,1.8448799756857066,10563.805424928665
1335,2,"[24, 89, 0, 61, 82, 64, 39, 46, 97, 85]",54.56730769230769,1.3857549123274975,10571.70545077324
1336,0,"[10, 34, 1, 77, 98, 58, 72, 55, 29, 50]",57.291666666666664,1.3302667125677452,10579.667212486267
1337,3,"[27, 3, 8, 47, 91, 96, 48, 9, 30, 93]",48.938301282051285,1.6204867714490645,10587.405086994171
1338,4,"[7, 86, 2, 76, 53, 73, 35, 75, 94, 80]",55.65905448717949,1.3719079280510926,10595.944169044495
1339,1,"[99, 49, 4, 5, 26, 44, 40, 15, 21, 79]",56.01963141025641,1.3857194536771529,10604.016465425491
1340,0,"[50, 68, 1, 77, 83, 98, 34, 55, 58, 42]",58.86418269230769,1.275595296651889,10611.96406364441
1341,2,"[61, 64, 0, 22, 78, 63, 82, 36, 19, 39]",54.34695512820513,1.4174664142804267,10619.519620895386
1342,3,"[28, 3, 8, 81, 9, 47, 91, 20, 30, 38]",54.04647435897436,1.3641623090475032,10627.432433843613
1343,4,"[62, 43, 2, 73, 35, 67, 86, 7, 88, 70]",53.14503205128205,1.4198708274425604,10635.424124717712
1344,0,"[69, 32, 1, 34, 72, 50, 55, 68, 11, 98]",58.25320512820513,1.267075899319771,10643.68321108818
1345,1,"[66, 57, 4, 90, 15, 79, 21, 26, 56, 40]",53.10496794871795,1.5699541094975593,10651.300589323044
1346,2,"[23, 64, 0, 36, 16, 97, 60, 59, 39, 89]",56.951121794871796,1.3011294863162897,10659.304096221924
1347,3,"[17, 81, 3, 27, 8, 30, 28, 48, 74, 38]",57.72235576923077,1.2488866165662422,10666.827311038971
1348,0,"[6, 1, 10, 98, 68, 29, 32, 11, 55, 72]",58.42347756410256,1.2549876830516717,10675.080608606339
1349,1,"[26, 71, 4, 49, 31, 15, 13, 44, 21, 56]",52.55408653846154,1.5457846705730145,10683.169106006622
1350,2,"[84, 97, 0, 64, 85, 18, 82, 19, 22, 41]",53.74599358974359,1.4657826851575801,10691.031812906265
1351,3,"[27, 91, 3, 38, 54, 96, 47, 81, 8, 93]",53.385416666666664,1.401942464021536,10698.67514014244
1352,0,"[1, 77, 6, 33, 29, 69, 42, 68, 58, 32]",54.74759615384615,1.35759491339708,10706.071767568588
1353,1,"[5, 57, 4, 15, 13, 56, 21, 79, 99, 14]",51.42227564102564,1.580944075034215,10713.987606048584
1354,2,"[39, 36, 0, 84, 59, 97, 19, 16, 60, 78]",55.61899038461539,1.4008466402689617,10722.062375545502
1355,3,"[8, 45, 3, 54, 91, 30, 48, 65, 93, 9]",52.14342948717949,1.4246575847650185,10729.510798454285
1356,0,"[34, 33, 1, 98, 72, 29, 68, 11, 77, 10]",51.9931891025641,1.4530397485464046,10738.043340206146
1357,1,"[40, 56, 4, 37, 66, 15, 13, 49, 26, 44]",55.568910256410255,1.4053222032693715,10746.006742238998
1358,2,"[39, 22, 0, 89, 97, 19, 84, 61, 59, 85]",57.17147435897436,1.3219768817608173,10754.003959178925
1359,3,"[48, 20, 3, 93, 17, 45, 91, 8, 96, 30]",48.4775641025641,1.648927017664298,10761.931703329086
1360,0,"[10, 42, 1, 68, 29, 52, 50, 32, 11, 83]",51.70272435897436,1.487290811844361,10769.646176338196
1361,1,"[15, 21, 4, 5, 79, 44, 49, 56, 99, 31]",51.35216346153846,1.5602276768439856,10777.26606464386
1362,2,"[23, 16, 0, 18, 46, 85, 61, 63, 24, 64]",49.35897435897436,1.5807744845365868,10785.06633925438
1363,3,"[65, 3, 8, 47, 48, 87, 45, 81, 28, 20]",57.82251602564103,1.2468457214343243,10792.924352169037
1364,0,"[29, 98, 1, 77, 6, 10, 33, 55, 50, 58]",55.939503205128204,1.290698983730414,10800.823416471481
1365,1,"[71, 37, 4, 21, 40, 49, 79, 66, 26, 44]",53.15504807692308,1.4438928258724701,10808.8738656044
1366,2,"[78, 46, 0, 39, 41, 22, 64, 89, 84, 16]",49.90985576923077,1.6517558632752833,10816.717888593674
1367,3,"[27, 47, 3, 48, 9, 28, 38, 17, 74, 45]",52.834535256410255,1.5282776050078564,10824.679236888885
1368,0,"[29, 10, 1, 55, 68, 58, 69, 34, 11, 77]",52.17347756410256,1.5398757870380695,10832.273709058762
1369,4,"[12, 76, 2, 92, 7, 51, 73, 86, 80, 53]",52.17347756410256,1.5398757870380695,10840.780420064926
1370,1,"[31, 79, 4, 5, 21, 56, 40, 66, 99, 14]",50.22035256410256,1.6883228069696672,10848.72493672371
1371,2,"[19, 78, 0, 59, 36, 16, 23, 85, 63, 82]",55.939503205128204,1.3459834441160545,10857.007829904556
1372,0,"[11, 68, 1, 52, 83, 6, 42, 29, 77, 10]",51.05168269230769,1.5694242089222639,10864.868809700012
1373,3,"[30, 28, 3, 48, 8, 93, 47, 54, 65, 17]",55.14823717948718,1.336878654284355,10872.487238168716
1374,4,"[51, 76, 2, 80, 43, 67, 94, 86, 62, 70]",50.19030448717949,1.6073874831199646,10880.726442337036
1375,1,"[57, 37, 4, 15, 21, 90, 66, 40, 26, 49]",55.67908653846154,1.3029988087140596,10888.341010808945
1376,0,"[58, 29, 1, 11, 6, 69, 77, 52, 98, 55]",50.73116987179487,1.5382759739191105,10896.92838025093
1377,2,"[97, 0, 16, 64, 36, 61, 89, 19, 24, 95]",57.02123397435897,1.2957172042284257,10904.689352750778
1378,3,"[9, 28, 3, 17, 30, 8, 74, 38, 48, 87]",54.30689102564103,1.3825394755754716,10912.555747270584
1379,1,"[21, 14, 4, 15, 99, 57, 56, 37, 26, 66]",51.39222756410256,1.6085049662834559,10920.626839399338
1380,0,"[58, 50, 1, 83, 98, 69, 68, 52, 77, 55]",58.904246794871796,1.2793676089017818,10928.654424190521
1381,2,"[36, 95, 0, 23, 22, 41, 46, 61, 82, 89]",55.47876602564103,1.3326361897664192,10936.411693572998
1382,3,"[28, 38, 3, 81, 17, 8, 48, 93, 74, 45]",50.32051282051282,1.5480366761867816,10944.30514216423
1383,4,"[80, 88, 2, 73, 76, 75, 25, 67, 62, 94]",58.38341346153846,1.1988323468428392,10952.20456790924
1384,0,"[68, 11, 1, 83, 69, 58, 42, 6, 32, 52]",54.016426282051285,1.4315530871733642,10959.814997434616
1385,1,"[49, 56, 4, 21, 57, 37, 40, 15, 99, 26]",52.56410256410256,1.5227576937430944,10967.867926359177
1386,2,"[85, 41, 0, 23, 78, 19, 16, 61, 46, 60]",55.69911858974359,1.3375150179251647,10975.466335773468
1387,3,"[87, 81, 3, 54, 47, 27, 93, 9, 65, 20]",53.8661858974359,1.3985401865763543,10983.373825788498
1388,0,"[98, 72, 1, 6, 50, 11, 32, 10, 42, 52]",54.92788461538461,1.3869800170262654,10991.449497699738
1389,1,"[14, 40, 4, 13, 56, 99, 90, 31, 66, 71]",45.17227564102564,2.0350018388185744,10999.244537115097
1390,2,"[41, 63, 0, 23, 60, 18, 22, 85, 39, 82]",53.19511217948718,1.4386818592364972,11007.151972770691
1391,3,"[93, 81, 3, 38, 30, 8, 45, 28, 54, 47]",56.560496794871796,1.2577223869470449,11014.830323934555
1392,0,"[11, 98, 1, 68, 55, 29, 32, 69, 10, 77]",56.360176282051285,1.3020405830481114,11022.654692173004
1393,1,"[99, 14, 4, 49, 71, 79, 15, 37, 56, 57]",50.110176282051285,1.6908334310238178,11030.879705905914
1394,2,"[61, 23, 0, 59, 36, 39, 78, 41, 97, 63]",51.662660256410255,1.645715057849884,11038.926331043243
1395,3,"[38, 81, 3, 27, 20, 17, 48, 28, 9, 91]",50.24038461538461,1.6653690506250431,11046.720022678375
1396,0,"[68, 6, 1, 55, 77, 72, 83, 32, 52, 69]",54.767628205128204,1.410559391364073,11054.335064172745
1397,4,"[86, 67, 2, 70, 62, 25, 7, 73, 35, 88]",54.767628205128204,1.410559391364073,11062.4211769104
1398,1,"[40, 13, 4, 44, 66, 49, 21, 90, 71, 79]",55.41866987179487,1.3716975099001176,11070.460797786713
1399,2,"[23, 84, 0, 60, 18, 22, 61, 24, 41, 39]",54.35697115384615,1.4085513521463444,11078.491631746292
1400,0,"[34, 52, 1, 72, 32, 98, 83, 55, 42, 6]",48.57772435897436,1.624996889860202,11086.069250822067
1401,3,"[74, 81, 3, 47, 45, 28, 48, 17, 91, 27]",58.42347756410256,1.2583967752945728,11093.721884727478
1402,4,"[92, 67, 2, 73, 88, 94, 53, 25, 80, 70]",57.99278846153846,1.1866339827195191,11101.739559650421
1403,1,"[37, 21, 4, 14, 71, 79, 57, 40, 90, 31]",58.884214743589745,1.2123728845364008,11109.337506771088
1404,0,"[83, 69, 1, 29, 10, 34, 98, 68, 11, 42]",56.01963141025641,1.3605548250369537,11117.59848856926
1405,2,"[0, 60, 16, 78, 82, 59, 61, 39, 41, 24]",50.25040064102564,1.5920951473407257,11125.391957044601
1406,3,"[54, 48, 3, 96, 8, 87, 20, 93, 65, 28]",53.09495192307692,1.4274852474530537,11132.785959005356
1407,4,"[12, 86, 2, 53, 70, 76, 35, 43, 67, 88]",56.15985576923077,1.284244363124554,11140.812512874603
1408,0,"[72, 68, 1, 11, 83, 69, 33, 55, 10, 98]",54.947916666666664,1.3388499128512847,11148.826295614243
1409,1,"[4, 57, 5, 13, 79, 71, 14, 40, 37, 15]",58.05288461538461,1.28805572558672,11157.659643650055
1410,2,"[16, 95, 0, 19, 59, 60, 22, 84, 18, 36]",54.30689102564103,1.4522963364919026,11165.933447599411
1411,3,"[38, 27, 3, 93, 47, 17, 54, 87, 81, 20]",54.95793269230769,1.3938535283773372,11173.632537126541
1412,0,"[52, 50, 1, 33, 58, 55, 29, 42, 68, 69]",54.787660256410255,1.433858993725899,11181.66828417778
1413,1,"[90, 37, 4, 56, 57, 66, 14, 26, 15, 5]",55.30849358974359,1.427108292396252,11189.58858203888
1414,2,"[46, 22, 0, 23, 63, 16, 39, 82, 24, 60]",53.50560897435897,1.4185184561289275,11197.487523794174
1415,3,"[54, 38, 3, 87, 20, 45, 9, 8, 93, 27]",51.49238782051282,1.5709948707849553,11205.315058469772
1416,0,"[55, 34, 1, 32, 42, 50, 11, 10, 83, 58]",51.6025641025641,1.632115935667967,11213.368753433228
1417,1,"[71, 14, 4, 49, 13, 66, 40, 26, 37, 31]",50.490785256410255,1.5480282856867864,11221.329131364822
1418,2,"[61, 64, 0, 16, 23, 24, 78, 22, 36, 39]",46.43429487179487,1.8254426824740875,11228.796476364136
1419,3,"[81, 30, 3, 96, 27, 8, 91, 93, 74, 65]",46.4443108974359,1.7641327029619462,11236.848275899887
1420,0,"[29, 58, 1, 11, 42, 72, 33, 32, 52, 55]",50.3505608974359,1.5430325269699097,11244.544164180756
1421,1,"[15, 57, 4, 21, 49, 5, 44, 56, 71, 79]",54.07652243589744,1.4398090778253017,11252.486168384552
1422,2,"[16, 97, 0, 89, 46, 85, 59, 82, 78, 41]",53.31530448717949,1.4258363659565265,11260.596195220947
1423,3,"[27, 93, 3, 28, 96, 65, 81, 8, 91, 9]",51.61258012820513,1.4912512195415986,11268.205735206604
1424,0,"[6, 68, 1, 69, 72, 98, 50, 34, 58, 55]",55.04807692307692,1.3383344197884584,11275.994955539703
1425,1,"[71, 13, 4, 57, 90, 31, 79, 49, 21, 56]",47.32572115384615,1.742399058280847,11283.978504896164
1426,2,"[59, 60, 0, 18, 19, 41, 84, 22, 64, 89]",54.93790064102564,1.3656921172753358,11291.861381530762
1427,3,"[38, 96, 3, 47, 30, 20, 27, 54, 65, 45]",46.63461538461539,1.822458681387779,11299.466145277023
1428,0,"[98, 55, 1, 77, 32, 42, 69, 50, 34, 72]",57.3818108974359,1.2923976656718132,11307.10368347168
1429,4,"[80, 35, 2, 51, 73, 94, 86, 62, 75, 43]",57.3818108974359,1.2923976656718132,11314.938820123672
1430,1,"[71, 90, 4, 40, 14, 13, 79, 21, 99, 66]",50.80128205128205,1.6389754980038373,11322.75885772705
1431,2,"[59, 0, 16, 85, 23, 61, 63, 41, 24, 60]",53.125,1.4500031242003808,11330.204978227615
1432,0,"[55, 77, 1, 83, 11, 10, 32, 33, 52, 42]",49.19871794871795,1.584505911056812,11338.303175210953
1433,3,"[8, 9, 3, 54, 20, 81, 17, 48, 74, 87]",46.013621794871796,1.7993474709681976,11346.021552562714
1434,1,"[44, 31, 4, 90, 13, 79, 40, 66, 26, 99]",54.05649038461539,1.5419183938931196,11354.314179182053
1435,2,"[89, 84, 0, 16, 23, 46, 22, 64, 59, 78]",53.85616987179487,1.4482221206029255,11362.182303190231
1436,0,"[32, 83, 1, 11, 55, 33, 29, 68, 50, 34]",54.93790064102564,1.3777316227937355,11369.848407745361
1437,3,"[20, 48, 3, 91, 47, 9, 17, 87, 74, 30]",50.881410256410255,1.5121142787811084,11377.721361160278
1438,4,"[92, 80, 2, 86, 12, 75, 88, 67, 76, 70]",60.046073717948715,1.1647853140647595,11386.142370700836
1439,1,"[40, 37, 4, 57, 13, 15, 5, 14, 66, 79]",55.86939102564103,1.3928711475470128,11393.825364589691
1440,0,"[34, 98, 1, 50, 32, 83, 29, 58, 42, 77]",55.86939102564103,1.368014347858918,11402.039557933807
1441,2,"[85, 41, 0, 64, 59, 18, 24, 36, 46, 63]",61.18790064102564,1.1810131860085022,11409.466940641403
1442,3,"[48, 27, 3, 65, 20, 47, 54, 96, 30, 74]",44.67147435897436,1.8738300953155909,11417.016870260239
1443,4,"[76, 70, 2, 73, 94, 53, 25, 35, 88, 86]",57.522035256410255,1.21416624998435,11425.14712357521
1444,0,"[52, 11, 1, 32, 55, 29, 33, 83, 77, 72]",54.86778846153846,1.3572777051192064,11432.819643497467
1445,1,"[40, 21, 4, 71, 31, 15, 5, 56, 57, 66]",53.91626602564103,1.4157973283376448,11440.963995933533
1446,2,"[41, 95, 0, 19, 16, 89, 36, 60, 18, 23]",55.80929487179487,1.32086523832419,11449.12370467186
1447,3,"[54, 17, 3, 91, 20, 93, 8, 28, 87, 30]",54.296875,1.3798992083622859,11456.772016525269
1448,0,"[58, 50, 1, 42, 69, 29, 55, 77, 72, 98]",56.951121794871796,1.2985132428315969,11464.491500377655
1449,1,"[49, 66, 4, 44, 57, 26, 56, 13, 5, 21]",56.67067307692308,1.370421738196642,11472.503241300583
1450,2,"[84, 24, 0, 85, 16, 63, 60, 22, 95, 46]",54.22676282051282,1.367092102001875,11480.032093524933
1451,3,"[74, 27, 3, 81, 48, 47, 20, 93, 9, 45]",49.35897435897436,1.626982630827488,11488.034745931625
1452,0,"[72, 6, 1, 52, 29, 11, 34, 83, 10, 32]",50.71113782051282,1.573391977028969,11495.254149913788
1453,4,"[51, 94, 2, 76, 25, 53, 73, 75, 86, 70]",60.29647435897436,1.1515887547761967,11503.474524021149
1454,1,"[4, 40, 5, 26, 56, 44, 66, 90, 37, 14]",56.59054487179487,1.3514474141292083,11511.794543266296
1455,2,"[95, 63, 0, 36, 39, 19, 60, 85, 18, 61]",53.42548076923077,1.417223253311255,11519.267494440079
1456,0,"[6, 52, 1, 69, 42, 33, 68, 55, 10, 11]",56.18990384615385,1.331019089772151,11527.128556966782
1457,3,"[47, 65, 3, 96, 91, 93, 45, 17, 8, 28]",55.779246794871796,1.301867249684456,11534.50444149971
1458,4,"[7, 51, 2, 86, 70, 80, 94, 92, 12, 67]",51.32211538461539,1.479438609037644,11542.76400256157
1459,1,"[21, 99, 4, 44, 56, 79, 57, 31, 71, 40]",51.68269230769231,1.5263562767933576,11550.619218349457
1460,0,"[83, 50, 1, 55, 32, 98, 69, 33, 6, 52]",55.78926282051282,1.3215064100730114,11558.912500143051
1461,2,"[97, 59, 0, 16, 89, 61, 39, 63, 84, 64]",55.1181891025641,1.3488345543543498,11566.893063306808
1462,3,"[45, 93, 3, 74, 38, 96, 17, 47, 8, 81]",55.63902243589744,1.3210626871157916,11574.741173028946
1463,1,"[26, 21, 4, 13, 37, 56, 71, 66, 49, 90]",51.5224358974359,1.5236876194293683,11582.629244565964
1464,0,"[52, 68, 1, 34, 77, 42, 29, 6, 55, 10]",56.45032051282051,1.3218156909331298,11590.954729557037
1465,2,"[84, 89, 0, 16, 78, 36, 59, 19, 18, 41]",51.9130608974359,1.5108566207763476,11599.1364736557
1466,3,"[54, 96, 3, 81, 30, 47, 8, 28, 48, 38]",46.39423076923077,1.771860998410445,11606.722537517548
1467,1,"[26, 15, 4, 31, 5, 79, 90, 14, 71, 44]",55.859375,1.3699378936718671,11614.87672328949
1468,0,"[68, 1, 6, 29, 83, 33, 72, 50, 77, 34]",54.73758012820513,1.374587126267262,11622.828278779984
1469,2,"[39, 24, 0, 36, 61, 64, 60, 63, 78, 46]",57.76241987179487,1.2717884244062962,11630.646826505661
1470,3,"[96, 74, 3, 28, 81, 93, 30, 17, 87, 91]",49.72956730769231,1.6065834699532924,11638.405982017517
1471,4,"[94, 76, 2, 25, 12, 67, 88, 70, 51, 62]",49.72956730769231,1.6065834699532924,11646.553901672363
1472,0,"[72, 33, 1, 58, 11, 68, 52, 10, 55, 42]",54.89783653846154,1.368972087517763,11654.641073226929
1473,1,"[79, 26, 4, 5, 44, 14, 40, 13, 49, 21]",54.49719551282051,1.416535918529217,11662.824651002884
1474,2,"[84, 95, 0, 59, 19, 97, 18, 78, 23, 16]",54.91786858974359,1.4197138822995699,11670.49575996399
1475,3,"[20, 48, 3, 9, 96, 28, 93, 54, 17, 8]",49.869791666666664,1.5430708619264455,11678.410425662994
1476,0,"[29, 34, 1, 50, 83, 42, 52, 68, 10, 77]",53.06490384615385,1.5214256185751696,11686.369475126266
1477,1,"[13, 90, 4, 31, 66, 15, 71, 40, 57, 37]",56.79086538461539,1.272221482717074,11694.218815803528
1478,2,"[41, 95, 0, 63, 24, 82, 23, 61, 89, 59]",55.859375,1.320848824122013,11702.175754785538
1479,3,"[45, 47, 3, 93, 48, 38, 27, 81, 74, 28]",52.16346153846154,1.5511693786352108,11710.283620119095
1480,0,"[69, 77, 1, 52, 55, 72, 10, 42, 50, 29]",54.2568108974359,1.475124709117107,11718.332414388657
1481,1,"[13, 57, 4, 26, 21, 15, 31, 56, 44, 90]",52.22355769230769,1.5930461944677892,11726.606083631516
1482,2,"[41, 60, 0, 46, 24, 63, 36, 61, 22, 64]",59.88581730769231,1.2071775656480055,11734.609734296799
1483,3,"[81, 45, 3, 54, 17, 48, 91, 74, 28, 20]",52.213541666666664,1.4897904671155489,11742.84905910492
1484,0,"[58, 98, 1, 29, 69, 33, 32, 83, 55, 68]",56.951121794871796,1.289201530126425,11750.345646619797
1485,1,"[44, 56, 4, 57, 66, 71, 79, 5, 90, 15]",55.90945512820513,1.4017120431631038,11757.834414958954
1486,2,"[60, 85, 0, 19, 16, 59, 63, 84, 18, 78]",57.522035256410255,1.2977330073332176,11765.904206514359
1487,3,"[20, 9, 3, 74, 47, 65, 87, 81, 48, 96]",51.12179487179487,1.5241184204052656,11774.153037309647
1488,0,"[1, 10, 6, 50, 72, 11, 77, 52, 55, 33]",55.71915064102564,1.3294539329333184,11782.327122211456
1489,1,"[40, 15, 4, 26, 79, 13, 66, 57, 31, 90]",53.235176282051285,1.4692459778907971,11790.397139787674
1490,2,"[46, 82, 0, 85, 95, 16, 19, 89, 36, 41]",56.06971153846154,1.3164636981792939,11798.37191414833
1491,3,"[65, 30, 3, 48, 96, 8, 17, 87, 9, 38]",49.509214743589745,1.662776564940428,11805.942933797836
1492,0,"[10, 42, 1, 58, 69, 32, 68, 72, 34, 98]",58.854166666666664,1.2383137849661021,11814.137828111649
1493,1,"[57, 49, 4, 21, 66, 14, 71, 26, 15, 99]",55.158253205128204,1.4435124825208614,11822.232208967209
1494,2,"[22, 85, 0, 89, 36, 39, 97, 46, 41, 24]",56.27003205128205,1.3809159642610795,11829.964292049408
1495,3,"[47, 81, 3, 96, 91, 20, 54, 74, 28, 48]",48.307291666666664,1.6868667556689336,11838.014847278595
1496,0,"[29, 11, 1, 52, 83, 50, 42, 32, 55, 10]",53.09495192307692,1.4313062123763256,11845.898396730423
1497,1,"[4, 13, 5, 37, 26, 44, 57, 71, 90, 99]",56.10977564102564,1.4027930054909143,11853.49912571907
1498,2,"[95, 23, 0, 60, 59, 97, 22, 64, 82, 61]",57.76241987179487,1.3286680380503337,11861.327150344849
1499,3,"[81, 48, 3, 27, 9, 38, 17, 96, 93, 54]",55.208333333333336,1.3499879867602618,11869.03372001648
1500,0,"[33, 77, 1, 6, 68, 69, 32, 11, 55, 98]",54.49719551282051,1.3420947973544781,11876.790126085281
1501,1,"[13, 56, 4, 90, 21, 57, 14, 37, 99, 15]",47.33573717948718,1.9417388500311437,11885.070868253708
1502,2,"[64, 89, 0, 19, 46, 61, 16, 24, 97, 22]",55.13822115384615,1.3594189118116329,11892.698216438293
1503,3,"[8, 87, 3, 81, 17, 91, 9, 47, 45, 54]",55.779246794871796,1.342238881649115,11900.168064832687
1504,0,"[10, 34, 1, 55, 72, 11, 33, 68, 98, 52]",55.64903846153846,1.330816809947674,11908.204955101013
1505,1,"[26, 57, 4, 37, 15, 66, 49, 5, 99, 14]",59.28485576923077,1.2736290876681988,11916.312690019608
1506,2,"[60, 61, 0, 82, 23, 63, 64, 18, 36, 97]",55.91947115384615,1.398269045047271,11924.296505212784
1507,3,"[48, 27, 3, 28, 91, 65, 30, 9, 74, 8]",55.25841346153846,1.3223272745425885,11932.451066732407
1508,0,"[33, 6, 1, 52, 29, 72, 11, 83, 58, 32]",53.97636217948718,1.4153091754668798,11940.37912607193
1509,1,"[90, 56, 4, 26, 5, 15, 71, 99, 37, 31]",51.41225961538461,1.6171015195357494,11948.380680084229
1510,2,"[16, 0, 18, 24, 61, 22, 46, 95, 60, 89]",53.014823717948715,1.4387788436351678,11956.330043077469
1511,3,"[17, 45, 3, 81, 54, 30, 74, 27, 28, 38]",55.1181891025641,1.3353022856590075,11964.198086738586
1512,0,"[29, 42, 1, 68, 11, 34, 32, 58, 52, 33]",51.53245192307692,1.5143176057399848,11972.008767604828
1513,4,"[92, 2, 7, 35, 25, 12, 94, 86, 88, 51]",51.53245192307692,1.5143176057399848,11980.210188150406
1514,1,"[26, 49, 4, 40, 14, 13, 31, 44, 71, 37]",54.997996794871796,1.4110498061546912,11988.299639940262
1515,2,"[24, 78, 0, 19, 16, 63, 46, 84, 85, 60]",55.548878205128204,1.369061760413341,11995.800065040588
1516,0,"[10, 42, 1, 33, 98, 83, 34, 77, 69, 11]",51.2119391025641,1.471946072884095,12003.754584312439
1517,3,"[38, 96, 3, 54, 8, 30, 65, 81, 45, 87]",44.39102564102564,1.8745568654476068,12011.297091960907
1518,1,"[14, 15, 4, 37, 71, 21, 99, 44, 57, 31]",55.64903846153846,1.4204669059851232,12019.306986808777
1519,0,"[58, 52, 1, 10, 69, 33, 83, 50, 11, 55]",54.08653846153846,1.4778842299412458,12027.56083869934
1520,2,"[97, 24, 0, 64, 19, 22, 39, 78, 82, 84]",52.20352564102564,1.552440148133498,12035.361446619034
1521,3,"[81, 91, 3, 8, 54, 74, 93, 47, 48, 38]",54.6474358974359,1.554533458673037,12042.958225488663
1522,4,"[51, 70, 2, 94, 43, 35, 92, 75, 67, 62]",58.21314102564103,1.2190883786250384,12050.679967403412
1523,0,"[6, 42, 1, 10, 34, 29, 98, 72, 58, 32]",54.216746794871796,1.3812449054840283,12058.398910045624
1524,1,"[66, 40, 4, 14, 5, 26, 99, 49, 31, 44]",59.03445512820513,1.2479512966596162,12066.345285892487
1525,2,"[39, 46, 0, 19, 84, 85, 89, 23, 63, 82]",57.24158653846154,1.3199677773011036,12073.99562883377
1526,3,"[96, 81, 3, 48, 87, 30, 91, 74, 54, 17]",42.09735576923077,2.1713522366988354,12082.135510206223
1527,0,"[58, 50, 1, 32, 52, 77, 10, 11, 83, 55]",56.510416666666664,1.3385137075032942,12089.791613578796
1528,1,"[31, 44, 4, 21, 13, 99, 57, 90, 14, 26]",53.826121794871796,1.5409877269695966,12097.66846370697
1529,2,"[46, 63, 0, 85, 59, 41, 95, 36, 18, 78]",58.723958333333336,1.2639125830087907,12105.659860610962
1530,3,"[74, 28, 3, 20, 87, 45, 30, 17, 38, 81]",52.66426282051282,1.4918290957426414,12113.274494409561
1531,0,"[69, 42, 1, 58, 52, 34, 50, 68, 11, 29]",56.22996794871795,1.3905863975867248,12121.42449426651
1532,1,"[14, 5, 4, 57, 66, 15, 44, 99, 49, 13]",55.97956730769231,1.410921682149936,12129.250163555145
1533,2,"[46, 23, 0, 39, 19, 24, 64, 95, 36, 85]",60.00600961538461,1.234123443181698,12137.007437467575
1534,3,"[45, 65, 3, 87, 93, 8, 30, 54, 17, 48]",55.10817307692308,1.35402685098159,12144.901743888855
1535,0,"[10, 83, 1, 69, 68, 6, 55, 29, 34, 50]",55.62900641025641,1.394219410725129,12152.810792207718
1536,1,"[4, 44, 5, 14, 66, 99, 31, 15, 21, 79]",55.01802884615385,1.5038248606217213,12160.692612171173
1537,2,"[60, 23, 0, 89, 64, 24, 84, 41, 39, 59]",59.58533653846154,1.2305525518380678,12168.755938768387
1538,3,"[9, 96, 3, 8, 81, 93, 20, 74, 17, 65]",51.62259615384615,1.5166130310449846,12176.779769182205
1539,0,"[33, 83, 1, 32, 72, 50, 52, 42, 10, 29]",53.05488782051282,1.4652490676977696,12184.657824516296
1540,1,"[15, 99, 4, 79, 90, 13, 26, 31, 49, 5]",55.92948717948718,1.4014320694483244,12192.825862646103
1541,2,"[78, 23, 0, 97, 19, 22, 18, 63, 95, 82]",54.95793269230769,1.4739205928949208,12200.872646570206
1542,3,"[28, 74, 3, 65, 47, 45, 8, 81, 96, 48]",50.81129807692308,1.5668882376108415,12208.26044511795
1543,0,"[33, 6, 1, 55, 83, 34, 98, 29, 32, 68]",52.263621794871796,1.459616401256659,12215.709384918213
1544,4,"[76, 51, 2, 7, 53, 88, 35, 80, 75, 62]",52.263621794871796,1.459616401256659,12223.361733913422
1545,1,"[14, 40, 4, 99, 49, 57, 26, 66, 37, 71]",58.95432692307692,1.2836418671485705,12230.984599351883
1546,2,"[41, 39, 0, 95, 46, 85, 64, 19, 82, 16]",56.34014423076923,1.3316545730982072,12239.02352309227
1547,0,"[58, 29, 1, 83, 6, 50, 33, 52, 42, 32]",52.3838141025641,1.526682130801372,12246.836846351624
1548,3,"[45, 91, 3, 30, 54, 47, 38, 87, 9, 17]",54.997996794871796,1.3824207905011299,12254.256211280823
1549,1,"[13, 37, 4, 57, 44, 5, 99, 15, 71, 14]",55.32852564102564,1.4347670215826769,12262.436204433441
1550,2,"[46, 16, 0, 89, 60, 78, 61, 97, 41, 59]",55.71915064102564,1.3771532025092688,12270.242453575134
1551,0,"[83, 1, 6, 68, 11, 32, 55, 77, 69, 98]",54.84775641025641,1.3784404228895137,12277.787880897522
1552,3,"[8, 9, 3, 27, 81, 17, 47, 48, 93, 96]",55.27844551282051,1.3393651445706685,12285.444238901138
1553,1,"[79, 49, 4, 5, 21, 13, 15, 56, 31, 99]",51.071714743589745,1.6116646803342378,12293.841143369675
1554,2,"[61, 0, 16, 84, 60, 36, 63, 19, 23, 39]",51.68269230769231,1.507900520777091,12301.538511276245
1555,0,"[42, 29, 1, 11, 6, 69, 34, 83, 50, 77]",55.5088141025641,1.3687469500761766,12309.30838727951
1556,3,"[74, 87, 3, 91, 17, 47, 28, 30, 38, 48]",55.52884615384615,1.3326889597452605,12316.73479771614
1557,1,"[56, 79, 4, 31, 57, 37, 66, 90, 71, 13]",51.15184294871795,1.5580647037579463,12324.219043254852
1558,2,"[95, 84, 0, 78, 64, 36, 60, 63, 85, 61]",55.28846153846154,1.396115332077711,12332.281451702118
1559,0,"[77, 58, 1, 29, 6, 72, 33, 50, 98, 10]",56.12980769230769,1.3449278489137306,12340.515430688858
1560,3,"[20, 28, 3, 47, 54, 17, 27, 30, 87, 96]",49.40905448717949,1.636746605237325,12348.535866737366
1561,1,"[14, 26, 4, 13, 21, 90, 37, 56, 15, 66]",50.71113782051282,1.6106060789181635,12356.723639965057
1562,2,"[18, 22, 0, 64, 95, 46, 41, 82, 85, 16]",51.77283653846154,1.4661600971833253,12364.49926996231
1563,0,"[72, 69, 1, 58, 10, 55, 6, 32, 11, 83]",52.624198717948715,1.5843190994018164,12372.30380654335
1564,3,"[17, 65, 3, 96, 81, 30, 48, 8, 27, 20]",49.21875,1.675743049535996,12380.488741159439
1565,1,"[79, 5, 4, 13, 31, 14, 90, 66, 57, 26]",53.89623397435897,1.4537956393682039,12388.240161180496
1566,2,"[85, 0, 16, 64, 39, 46, 24, 82, 78, 22]",53.0849358974359,1.508365056453607,12395.923659801483
1567,0,"[69, 68, 1, 58, 83, 77, 11, 10, 33, 32]",52.423878205128204,1.5391803490809906,12404.135871887207
1568,3,"[45, 8, 3, 17, 65, 47, 74, 28, 20, 54]",55.989583333333336,1.3937556269841316,12412.206937551498
1569,1,"[26, 31, 4, 56, 5, 44, 15, 14, 66, 71]",52.61418269230769,1.546556258812929,12420.096970796585
1570,2,"[64, 82, 0, 95, 78, 59, 60, 19, 36, 24]",58.91426282051282,1.2607561602042272,12427.691257715225
1571,0,"[50, 42, 1, 72, 55, 83, 34, 29, 11, 98]",51.041666666666664,1.5826603311758776,12435.775027990341
1572,3,"[38, 74, 3, 54, 81, 8, 30, 91, 28, 93]",53.986378205128204,1.373286505540212,12443.501341581345
1573,1,"[5, 21, 4, 44, 56, 79, 31, 15, 90, 14]",52.32371794871795,1.5492065808711908,12451.12389922142
1574,2,"[95, 63, 0, 78, 39, 36, 85, 18, 97, 59]",55.23838141025641,1.4713745621534495,12459.028614521027
1575,0,"[52, 10, 1, 68, 55, 32, 50, 77, 29, 11]",54.71754807692308,1.4729475577672322,12466.880162239075
1576,3,"[91, 17, 3, 96, 48, 9, 28, 54, 65, 38]",51.32211538461539,1.5466856100620368,12474.465611457825
1577,1,"[31, 5, 4, 79, 99, 56, 15, 49, 44, 37]",52.443910256410255,1.5233647976166163,12481.973830461502
1578,2,"[97, 19, 0, 63, 39, 78, 64, 89, 36, 18]",49.02844551282051,1.7374006005433889,12489.63390493393
1579,0,"[52, 98, 1, 10, 69, 6, 11, 32, 33, 29]",57.09134615384615,1.3145645000995734,12497.46312046051
1580,3,"[54, 28, 3, 9, 30, 8, 87, 91, 38, 20]",52.95472756410256,1.414221676496359,12505.344191074371
1581,4,"[25, 67, 2, 70, 7, 12, 73, 43, 75, 76]",52.95472756410256,1.414221676496359,12513.321237802505
1582,1,"[71, 15, 4, 79, 99, 40, 37, 21, 44, 14]",52.39383012820513,1.5890304018289616,12520.842291355133
1583,0,"[98, 42, 1, 58, 32, 52, 10, 11, 68, 34]",56.21995192307692,1.3651493711349292,12529.32093834877
1584,2,"[0, 16, 18, 19, 95, 82, 85, 84, 89, 36]",53.75600961538461,1.4338438296929383,12537.010987997055
1585,3,"[65, 30, 3, 27, 45, 81, 87, 93, 9, 20]",52.07331730769231,1.4493581622074811,12544.778891086578
1586,1,"[21, 13, 4, 14, 15, 31, 57, 90, 79, 5]",55.368589743589745,1.3869840304056804,12552.957100391388
1587,0,"[50, 29, 1, 83, 10, 69, 98, 68, 77, 32]",58.493589743589745,1.2758196745163355,12560.832048654556
1588,2,"[24, 60, 0, 84, 61, 64, 39, 82, 89, 59]",58.874198717948715,1.2585298678813837,12568.799333810806
1589,3,"[28, 27, 3, 20, 38, 93, 65, 81, 74, 87]",52.92467948717949,1.4764012144162104,12576.798363685608
1590,4,"[67, 88, 2, 94, 53, 75, 76, 43, 25, 7]",59.114583333333336,1.218906922218127,12585.009629487991
1591,0,"[34, 77, 1, 58, 83, 69, 29, 33, 6, 68]",58.47355769230769,1.2546738508420112,12593.028172969818
1592,1,"[40, 79, 4, 37, 56, 99, 5, 31, 13, 26]",54.08653846153846,1.4776039933546996,12601.035902500153
1593,2,"[36, 85, 0, 95, 24, 23, 19, 97, 39, 41]",57.84254807692308,1.360685489116571,12608.588690519333
1594,3,"[8, 96, 3, 87, 81, 91, 47, 54, 30, 48]",43.28926282051282,2.010944040922018,12616.27473282814
1595,0,"[1, 34, 6, 11, 72, 32, 10, 29, 50, 42]",54.23677884615385,1.3927691884529896,12624.397035837173
1596,1,"[15, 57, 4, 31, 13, 14, 49, 44, 79, 21]",57.24158653846154,1.3254954814910889,12632.40749168396
1597,2,"[85, 16, 0, 60, 19, 23, 59, 22, 39, 95]",56.03966346153846,1.3734519069011395,12640.393203735352
1598,3,"[87, 8, 3, 28, 93, 47, 74, 54, 81, 9]",49.6494391025641,1.8088250007384863,12647.934958457947
1599,0,"[52, 11, 1, 77, 69, 34, 10, 42, 68, 98]",54.17668269230769,1.4139482699907744,12655.624116420746
1600,1,"[90, 26, 4, 66, 21, 49, 5, 56, 31, 99]",52.15344551282051,1.5676416983971229,12663.669548988342
1601,2,"[22, 82, 0, 95, 18, 16, 46, 64, 78, 60]",55.078125,1.3881307076185176,12671.518252372742
1602,3,"[28, 45, 3, 65, 81, 8, 74, 27, 9, 54]",55.29847756410256,1.342890549928714,12679.599082231522
1603,0,"[77, 34, 1, 83, 10, 58, 33, 32, 29, 6]",52.28365384615385,1.5350572237601647,12687.218076705933
1604,1,"[44, 90, 4, 71, 14, 99, 79, 66, 26, 40]",52.67427884615385,1.6270376596695337,12695.500157356262
1605,2,"[63, 82, 0, 18, 46, 59, 64, 39, 84, 41]",56.71073717948718,1.3315608562567296,12703.529846906662
1606,3,"[81, 47, 3, 8, 65, 91, 87, 27, 28, 54]",58.80408653846154,1.2153539627026289,12710.646985769272
1607,0,"[69, 29, 1, 34, 11, 32, 6, 55, 68, 42]",53.68589743589744,1.4205665099315155,12718.436242103577
1608,4,"[53, 92, 2, 75, 35, 12, 86, 62, 94, 88]",53.68589743589744,1.4205665099315155,12726.209388494492
1609,1,"[40, 56, 4, 26, 99, 14, 57, 71, 90, 31]",48.91826923076923,1.78051391014686,12734.066229343414
1610,2,"[64, 60, 0, 95, 89, 85, 18, 78, 61, 19]",57.8525641025641,1.2843641638755798,12742.011970996857
1611,0,"[11, 29, 1, 52, 50, 98, 68, 34, 83, 42]",53.58573717948718,1.4359912031736128,12749.922885417938
1612,3,"[17, 74, 3, 47, 27, 28, 20, 8, 87, 81]",58.283253205128204,1.253581308401548,12757.341207504272
1613,1,"[56, 57, 4, 15, 5, 99, 71, 44, 26, 79]",53.28525641025641,1.5652809158349648,12765.24997830391
1614,2,"[23, 36, 0, 84, 78, 24, 46, 39, 63, 97]",53.91626602564103,1.53321050069271,12773.289491415024
1615,0,"[32, 52, 1, 11, 55, 72, 83, 50, 68, 69]",56.04967948717949,1.3985800177623064,12780.740711450577
1616,3,"[81, 3, 8, 38, 54, 87, 28, 9, 27, 65]",55.80929487179487,1.363658885161082,12788.771499156952
1617,1,"[49, 31, 4, 14, 15, 37, 26, 99, 71, 56]",49.479166666666664,1.7093769892668114,12796.685798883438
1618,2,"[89, 64, 0, 85, 95, 61, 24, 23, 84, 16]",54.016426282051285,1.460969552015647,12804.689728975296
1619,0,"[10, 1, 6, 50, 72, 11, 34, 68, 58, 77]",56.540464743589745,1.4296591113775203,12812.513140916824
1620,3,"[87, 3, 8, 81, 93, 27, 47, 28, 9, 17]",50.260416666666664,1.6751737151390467,12820.707467794418
1621,1,"[14, 21, 4, 49, 15, 99, 31, 79, 66, 37]",55.05809294871795,1.4941344903065608,12828.820989847183
1622,2,"[85, 39, 0, 19, 18, 59, 23, 78, 63, 97]",57.0713141025641,1.3548297637548201,12836.455636501312
1623,0,"[10, 33, 1, 50, 32, 55, 68, 34, 98, 69]",54.28685897435897,1.4413887170644908,12844.339404582977
1624,3,"[27, 8, 3, 20, 17, 81, 9, 48, 28, 87]",50.45072115384615,1.5528475458805377,12851.721475601196
1625,1,"[21, 90, 4, 44, 5, 57, 56, 99, 37, 13]",49.709535256410255,1.7467061938383641,12859.610156297684
1626,2,"[59, 22, 0, 95, 41, 39, 61, 78, 97, 82]",53.95633012820513,1.5073676980458772,12867.38800239563
1627,0,"[55, 98, 1, 34, 52, 33, 6, 50, 69, 83]",56.71073717948718,1.3336171538401873,12875.271089315414
1628,3,"[91, 3, 8, 54, 27, 65, 93, 48, 47, 45]",55.88942307692308,1.3259642322858174,12882.888372182846
1629,1,"[49, 14, 4, 31, 66, 71, 90, 44, 99, 5]",52.87459935897436,1.516835250915625,12890.551440000534
1630,2,"[97, 63, 0, 22, 19, 36, 24, 59, 18, 78]",54.91786858974359,1.4857350862943208,12898.322913646698
1631,0,"[33, 98, 1, 52, 6, 72, 77, 83, 29, 10]",51.31209935897436,1.515369482529469,12906.131221532822
1632,3,"[45, 81, 3, 38, 87, 93, 96, 74, 54, 9]",50.90144230769231,1.597642449232248,12913.328756332397
1633,1,"[56, 71, 4, 13, 99, 90, 5, 57, 15, 66]",49.63942307692308,1.6528500272677495,12921.407840013504
1634,2,"[84, 85, 0, 19, 95, 24, 36, 16, 63, 64]",55.30849358974359,1.3857052387335362,12928.946927070618
1635,0,"[11, 83, 1, 50, 52, 10, 34, 69, 42, 32]",53.66586538461539,1.5148545595315785,12936.705879926682
1636,3,"[3, 54, 8, 17, 20, 28, 87, 45, 38, 47]",54.51722756410256,1.442796108050224,12944.440878391266
1637,4,"[70, 35, 2, 12, 75, 7, 53, 73, 94, 67]",54.51722756410256,1.442796108050224,12952.587970256805
1638,1,"[40, 56, 4, 37, 79, 57, 44, 71, 21, 49]",52.91466346153846,1.4906475498126104,12960.491113185883
1639,0,"[11, 52, 1, 77, 33, 68, 29, 83, 98, 10]",50.54086538461539,1.55194070094671,12968.572843790054
1640,2,"[95, 97, 0, 36, 89, 39, 59, 23, 85, 19]",55.47876602564103,1.3759963390154717,12976.115508079529
1641,3,"[54, 81, 3, 48, 20, 27, 87, 65, 91, 8]",57.64222756410256,1.2723667613970928,12984.050752878189
1642,1,"[71, 99, 4, 21, 49, 44, 37, 79, 13, 15]",54.34695512820513,1.4740539666933892,12991.64463710785
1643,0,"[58, 29, 1, 6, 83, 33, 55, 42, 34, 32]",53.10496794871795,1.5190492104261348,12999.305608510971
1644,2,"[84, 0, 16, 85, 23, 78, 97, 41, 63, 36]",48.85817307692308,1.7826576828956604,13006.934121370316
1645,3,"[93, 8, 3, 65, 81, 47, 28, 17, 45, 48]",53.53565705128205,1.4445161040012653,13015.005519151688
1646,1,"[66, 56, 4, 5, 79, 57, 44, 15, 49, 14]",54.607371794871796,1.4359817183934724,13023.168984889984
1647,0,"[42, 1, 6, 83, 58, 10, 98, 69, 33, 34]",56.97115384615385,1.3317138781914344,13030.648662805557
1648,2,"[89, 63, 0, 18, 95, 41, 24, 22, 23, 60]",54.34695512820513,1.4319404409481928,13038.591331720352
1649,3,"[45, 65, 3, 87, 81, 20, 91, 48, 17, 9]",51.98317307692308,1.5123802102529085,13046.723846912384
1650,1,"[71, 40, 4, 21, 15, 31, 26, 49, 14, 99]",54.69751602564103,1.5155709783236186,13054.352252483368
1651,0,"[83, 42, 1, 68, 98, 34, 72, 55, 11, 52]",55.62900641025641,1.3917810091605554,13062.167459011078
1652,2,"[41, 59, 0, 78, 63, 95, 46, 60, 64, 84]",59.23477564102564,1.2500681219956813,13069.872172117233
1653,3,"[9, 17, 3, 20, 48, 8, 96, 93, 81, 27]",52.6943108974359,1.484981310673249,13077.085874319077
1654,4,"[62, 94, 2, 80, 92, 70, 53, 75, 25, 35]",52.6943108974359,1.484981310673249,13085.126679182053
1655,0,"[34, 52, 1, 33, 29, 83, 58, 77, 55, 10]",52.37379807692308,1.4772441356610029,13092.952602148056
1656,1,"[57, 71, 4, 44, 99, 5, 40, 14, 15, 21]",52.56410256410256,1.5826697930311546,13101.017941713333
1657,2,"[36, 24, 0, 59, 84, 46, 82, 61, 64, 39]",57.93269230769231,1.3273759499574318,13108.22782754898
1658,3,"[93, 54, 3, 30, 17, 48, 9, 47, 74, 27]",53.11498397435897,1.4479937645105214,13116.087701559067
1659,0,"[6, 58, 1, 83, 10, 32, 34, 77, 55, 68]",54.196714743589745,1.444685161113739,13123.938040971756
1660,4,"[7, 86, 2, 88, 67, 53, 80, 25, 70, 62]",58.37339743589744,1.2458592057228088,13131.923688411713
1661,1,"[57, 99, 4, 26, 49, 40, 79, 56, 21, 15]",54.48717948717949,1.4853827938055382,13139.68400979042
1662,2,"[64, 89, 0, 22, 23, 24, 82, 60, 46, 18]",58.26322115384615,1.2503414811232152,13147.39696764946
1663,0,"[72, 6, 1, 98, 77, 29, 10, 58, 33, 42]",53.225160256410255,1.420234745893723,13155.166188240051
1664,3,"[74, 54, 3, 28, 47, 20, 91, 96, 81, 17]",51.54246794871795,1.558678041665982,13162.912661075592
1665,1,"[37, 26, 4, 21, 49, 79, 66, 14, 99, 13]",57.33173076923077,1.3393614337994502,13170.629181861877
1666,0,"[58, 6, 1, 32, 34, 50, 33, 52, 11, 10]",55.598958333333336,1.438319701414842,13178.583726644516
1667,2,"[59, 82, 0, 23, 97, 89, 19, 63, 16, 84]",54.767628205128204,1.4007339783203907,13186.21971988678
1668,3,"[9, 8, 3, 91, 45, 65, 28, 47, 20, 96]",52.58413461538461,1.4570847978958716,13193.681426763535
1669,4,"[7, 53, 2, 25, 88, 73, 75, 35, 67, 62]",55.58894230769231,1.3096176798527057,13201.666229248047
1670,0,"[83, 29, 1, 55, 32, 58, 10, 33, 98, 11]",55.67908653846154,1.3587587582759368,13209.724731683731
1671,1,"[31, 49, 4, 13, 15, 5, 21, 99, 57, 40]",58.03285256410256,1.2987714119446583,13217.949935674667
1672,2,"[82, 19, 0, 18, 64, 97, 85, 41, 39, 24]",57.88261217948718,1.314914767558758,13225.52716255188
1673,3,"[47, 93, 3, 20, 45, 8, 38, 91, 54, 27]",56.149839743589745,1.390267436320965,13233.431183815002
1674,0,"[10, 42, 1, 50, 69, 52, 77, 34, 98, 6]",58.58373397435897,1.2677685412076802,13241.186648607254
1675,1,"[66, 13, 4, 37, 14, 49, 90, 40, 5, 56]",52.834535256410255,1.5646624993055294,13249.388880491257
1676,2,"[84, 85, 0, 95, 78, 19, 63, 89, 60, 41]",56.47035256410256,1.383579935782995,13257.33046078682
1677,3,"[17, 91, 3, 74, 65, 9, 93, 54, 48, 30]",52.083333333333336,1.465984040345901,13265.015753507614
1678,0,"[55, 10, 1, 58, 29, 6, 77, 32, 52, 33]",55.25841346153846,1.3797702498925037,13272.936843633652
1679,1,"[44, 56, 4, 37, 99, 31, 40, 5, 66, 90]",52.423878205128204,1.5471052175913103,13280.857551813126
1680,2,"[61, 82, 0, 46, 85, 36, 64, 16, 95, 60]",54.787660256410255,1.3970359808359392,13288.905002832413
1681,3,"[45, 27, 3, 47, 9, 38, 8, 81, 48, 74]",57.03125,1.3045818698711884,13296.574208974838
1682,0,"[50, 32, 1, 72, 69, 11, 42, 10, 58, 34]",53.83613782051282,1.4891464756085322,13304.382731437683
1683,1,"[13, 56, 4, 40, 44, 90, 57, 99, 71, 21]",45.89342948717949,1.9518073537410834,13312.845290184021
1684,2,"[89, 95, 0, 16, 85, 39, 61, 84, 78, 82]",50.63100961538461,1.6235230626204076,13320.858102083206
1685,3,"[17, 93, 3, 48, 65, 27, 28, 91, 8, 30]",53.70592948717949,1.3950996414209023,13328.891646146774
1686,0,"[98, 77, 1, 32, 72, 6, 55, 52, 68, 42]",54.02644230769231,1.3917130965452928,13337.11917757988
1687,1,"[4, 71, 5, 14, 13, 66, 49, 56, 31, 37]",55.79927884615385,1.3741496113630443,13344.921692371368
1688,2,"[64, 78, 0, 23, 24, 41, 97, 95, 89, 82]",50.60096153846154,1.648838568956424,13353.323441267014
1689,3,"[17, 20, 3, 8, 81, 30, 93, 38, 48, 27]",53.34535256410256,1.403470983872047,13361.162020921707
1690,0,"[98, 55, 1, 77, 69, 33, 50, 11, 68, 6]",57.88261217948718,1.269155855362232,13369.323918819427
1691,1,"[71, 37, 4, 40, 14, 13, 21, 56, 90, 49]",44.97195512820513,1.96130220248149,13377.557529687881
1692,2,"[97, 78, 0, 19, 16, 46, 82, 22, 84, 18]",54.98798076923077,1.3861909080774357,13385.226811408997
1693,3,"[8, 93, 3, 96, 9, 91, 74, 65, 20, 30]",47.09535256410256,1.7777904409628649,13392.80002617836
1694,0,"[72, 33, 1, 52, 6, 58, 34, 29, 55, 50]",53.07491987179487,1.4508294600706835,13400.67204284668
1695,1,"[13, 4, 5, 99, 71, 49, 90, 57, 79, 44]",54.41706730769231,1.4694956984275427,13409.14024591446
1696,2,"[97, 63, 0, 46, 60, 18, 84, 36, 16, 64]",54.607371794871796,1.4016924362916212,13417.036836624146
1697,3,"[74, 3, 8, 28, 81, 30, 9, 27, 38, 91]",54.93790064102564,1.345560833429679,13425.104185819626
1698,0,"[72, 69, 1, 42, 50, 77, 68, 11, 98, 33]",57.26161858974359,1.274956886584942,13433.047422409058
1699,1,"[49, 56, 4, 90, 31, 71, 79, 5, 13, 57]",51.9130608974359,1.5736320324433155,13441.257443666458
1700,2,"[78, 59, 0, 46, 97, 22, 39, 24, 18, 41]",57.311698717948715,1.3502690623968074,13449.84927201271
1701,3,"[93, 9, 3, 28, 27, 30, 54, 81, 48, 20]",46.764823717948715,1.7140920819380345,13457.714827537537
1702,0,"[42, 10, 1, 55, 50, 77, 68, 83, 58, 32]",53.57572115384615,1.5099737032865868,13465.312557697296
1703,1,"[26, 5, 4, 44, 79, 90, 57, 15, 71, 21]",54.93790064102564,1.4634425441424053,13473.179722309113
1704,2,"[61, 22, 0, 85, 64, 78, 63, 84, 39, 82]",52.92467948717949,1.537247352111034,13481.122955560684
1705,3,"[48, 8, 3, 30, 17, 27, 9, 47, 45, 93]",52.33373397435897,1.4727163100853944,13488.894002437592
1706,0,"[50, 1, 6, 10, 83, 42, 29, 32, 77, 58]",51.252003205128204,1.6390131207612844,13496.815668582916
1707,1,"[40, 4, 5, 57, 56, 21, 14, 37, 26, 66]",54.016426282051285,1.5167260154699669,13505.13075375557
1708,2,"[89, 46, 0, 36, 84, 22, 24, 41, 63, 19]",58.59375,1.2659930540965154,13513.516154289246
1709,3,"[81, 74, 3, 93, 8, 17, 9, 65, 48, 38]",53.515625,1.4364010324844947,13521.462732076645
1710,0,"[10, 11, 1, 52, 55, 69, 29, 98, 33, 58]",52.844551282051285,1.4701350285456731,13529.281572341919
1711,1,"[57, 66, 4, 31, 26, 15, 13, 56, 44, 79]",54.06650641025641,1.5092047452926636,13537.635644674301
1712,2,"[41, 63, 0, 19, 22, 24, 36, 97, 60, 18]",55.34855769230769,1.4152287321212964,13545.509063243866
1713,3,"[65, 17, 3, 81, 8, 74, 9, 96, 87, 45]",51.55248397435897,1.5998828411102295,13553.364606380463
1714,0,"[42, 10, 1, 68, 50, 98, 58, 32, 55, 11]",58.91426282051282,1.2376437592200744,13561.72423696518
1715,1,"[26, 49, 4, 99, 14, 21, 31, 56, 37, 44]",52.59415064102564,1.5868134254064314,13569.837409734726
1716,2,"[18, 24, 0, 63, 60, 39, 16, 36, 22, 84]",50.18028846153846,1.6607908346714118,13577.983511209488
1717,3,"[45, 27, 3, 93, 28, 48, 74, 9, 91, 87]",44.15064102564103,2.0595180911895556,13586.125197172165
1718,0,"[42, 1, 6, 33, 52, 29, 50, 55, 69, 68]",55.61899038461539,1.3623025493744092,13594.269662857056
1719,1,"[79, 66, 4, 5, 99, 14, 21, 44, 15, 26]",54.196714743589745,1.5066882295486255,13602.141307592392
1720,2,"[18, 64, 0, 22, 78, 19, 97, 61, 39, 24]",53.75600961538461,1.5073995345678084,13610.324335575104
1721,3,"[74, 30, 3, 27, 45, 91, 54, 28, 20, 96]",43.98036858974359,1.9866793232086377,13618.826452732086
1722,0,"[77, 50, 1, 33, 29, 6, 52, 10, 58, 68]",55.65905448717949,1.3613774516643622,13627.118410348892
1723,1,"[26, 15, 4, 90, 21, 56, 14, 66, 44, 31]",49.889823717948715,1.6705987407610967,13635.889592885971
1724,2,"[78, 19, 0, 41, 84, 36, 22, 23, 95, 18]",54.397035256410255,1.4848620570622957,13644.464084863663
1725,3,"[30, 45, 3, 27, 20, 17, 65, 8, 96, 91]",49.24879807692308,1.686852297721765,13652.618869304657
1726,0,"[33, 77, 1, 72, 42, 6, 29, 98, 50, 32]",55.759214743589745,1.3415921085920088,13660.948431968689
1727,1,"[66, 14, 4, 40, 49, 44, 37, 31, 57, 90]",57.59214743589744,1.3092943384097173,13668.85410118103
1728,2,"[46, 78, 0, 89, 24, 59, 63, 85, 18, 41]",56.71073717948718,1.33382324836193,13677.170232534409
1729,3,"[65, 38, 3, 93, 87, 17, 28, 30, 8, 27]",55.22836538461539,1.3766192809129372,13684.839178323746
1730,0,"[69, 98, 1, 58, 11, 55, 72, 10, 50, 42]",59.01442307692308,1.2482797511112995,13693.273803949356
1731,1,"[66, 56, 4, 15, 49, 79, 26, 99, 71, 13]",52.3036858974359,1.6151712490962102,13701.631900310516
1732,2,"[24, 41, 0, 84, 19, 16, 78, 46, 59, 61]",55.208333333333336,1.4108397303483424,13709.652109861374
1733,3,"[8, 17, 3, 81, 38, 28, 48, 93, 74, 87]",50.72115384615385,1.5753003190725277,13717.683110952377
1734,0,"[77, 34, 1, 29, 50, 98, 72, 32, 33, 42]",56.83092948717949,1.319641302793454,13725.67736029625
1735,1,"[5, 57, 4, 71, 56, 21, 79, 31, 44, 66]",55.12820512820513,1.422534132615114,13733.941356182098
1736,2,"[78, 63, 0, 82, 85, 84, 64, 95, 46, 60]",58.60376602564103,1.2793720945333824,13742.235809326172
1737,3,"[47, 9, 3, 30, 93, 8, 20, 74, 96, 54]",48.89823717948718,1.6595846781363854,13750.271727323532
1738,0,"[11, 34, 1, 77, 69, 72, 50, 83, 42, 6]",54.43709935897436,1.3915634629053948,13758.618943929672
1739,1,"[31, 5, 4, 99, 66, 71, 21, 26, 57, 49]",55.23838141025641,1.423148777240362,13767.111415147781
1740,2,"[95, 78, 0, 59, 97, 63, 23, 19, 84, 64]",57.522035256410255,1.3712374476286082,13775.48620390892
1741,3,"[27, 54, 3, 96, 91, 17, 93, 81, 48, 20]",52.51402243589744,1.4984221687683692,13783.488271951675
1742,0,"[72, 50, 1, 69, 42, 11, 55, 34, 52, 32]",53.92628205128205,1.4365581442148259,13791.94793844223
1743,1,"[4, 37, 5, 71, 21, 26, 13, 44, 31, 15]",52.443910256410255,1.5339793731004765,13799.928326368332
1744,2,"[64, 78, 0, 22, 85, 60, 16, 95, 97, 46]",55.158253205128204,1.4138028835638976,13808.057868480682
1745,3,"[48, 54, 3, 87, 81, 45, 9, 91, 17, 74]",49.27884615384615,1.6452154838121855,13815.846279382706
1746,0,"[52, 11, 1, 69, 83, 33, 32, 68, 34, 72]",53.645833333333336,1.4147316767619207,13824.25113248825
1747,1,"[21, 15, 4, 37, 79, 26, 14, 31, 71, 40]",53.5556891025641,1.508960988277044,13831.9167470932
1748,2,"[61, 24, 0, 41, 19, 84, 85, 89, 82, 16]",53.28525641025641,1.4653640175477052,13840.396001577377
1749,3,"[65, 9, 3, 28, 20, 93, 48, 96, 87, 47]",51.50240384615385,1.5158726572990417,13847.943615674973
1750,0,"[72, 33, 1, 68, 77, 69, 42, 6, 83, 34]",53.515625,1.4240296666438763,13856.00056028366
1751,1,"[90, 44, 4, 13, 71, 79, 40, 99, 66, 15]",54.09655448717949,1.5212409236492255,13863.750919818878
1752,2,"[82, 23, 0, 78, 59, 89, 24, 84, 60, 95]",54.82772435897436,1.4413671294848125,13871.856446266174
1753,3,"[17, 87, 3, 38, 74, 28, 65, 30, 47, 81]",53.85616987179487,1.466356723736494,13879.993873119354
1754,0,"[11, 42, 1, 32, 58, 10, 33, 55, 72, 98]",54.52724358974359,1.3870327060039227,13888.684119701385
1755,1,"[4, 44, 5, 99, 14, 31, 66, 56, 90, 57]",52.634214743589745,1.5539347132047017,13896.547931909561
1756,2,"[46, 39, 0, 89, 85, 36, 95, 84, 23, 24]",57.161458333333336,1.3427394506258843,13904.684715270996
1757,3,"[81, 74, 3, 87, 28, 9, 20, 48, 8, 27]",50.61097756410256,1.6060035228729248,13912.242550134659
1758,0,"[58, 6, 1, 32, 10, 11, 98, 34, 29, 55]",56.530448717948715,1.3386927338746877,13920.155717372894
1759,1,"[44, 79, 4, 90, 40, 5, 57, 13, 56, 14]",54.59735576923077,1.506781593347207,13928.626502275467
1760,2,"[60, 89, 0, 84, 39, 46, 18, 61, 85, 78]",56.720753205128204,1.3376988692161365,13936.28580236435
1761,3,"[3, 74, 8, 91, 48, 93, 20, 9, 54, 27]",47.77644230769231,1.72995702119974,13944.485723257065
1762,0,"[58, 32, 1, 11, 77, 10, 83, 6, 98, 72]",56.12980769230769,1.3620872146044023,13952.609386920929
1763,1,"[21, 40, 4, 14, 31, 37, 13, 15, 57, 56]",50.97155448717949,1.6386428674062092,13960.973912000656
1764,2,"[19, 39, 0, 22, 23, 16, 46, 59, 18, 24]",55.939503205128204,1.3751209653340852,13969.157620668411
1765,3,"[45, 74, 3, 91, 87, 48, 38, 27, 28, 8]",57.111378205128204,1.3136866490046184,13976.86136007309
1766,0,"[10, 6, 1, 11, 69, 52, 77, 32, 72, 33]",54.80769230769231,1.3882707632504976,13985.120759248734
1767,1,"[66, 79, 4, 99, 57, 15, 14, 56, 71, 44]",49.499198717948715,1.6995896391379528,13993.434120893478
1768,2,"[84, 59, 0, 85, 18, 89, 61, 23, 60, 64]",59.094551282051285,1.2453927137912848,14001.172975540161
1769,3,"[28, 48, 3, 93, 87, 8, 45, 17, 20, 65]",52.50400641025641,1.4806534479825924,14008.600515842438
1770,0,"[34, 42, 1, 77, 72, 58, 50, 98, 68, 11]",57.141426282051285,1.2849373236680641,14016.172387838364
1771,1,"[21, 4, 5, 15, 66, 49, 99, 31, 13, 90]",56.21995192307692,1.3776395275042608,14024.021495103836
1772,2,"[23, 85, 0, 63, 64, 89, 24, 39, 41, 60]",56.96113782051282,1.3311730180031214,14031.98315668106
1773,3,"[74, 91, 3, 20, 65, 48, 47, 87, 28, 54]",55.779246794871796,1.3751278122266133,14040.145484924316
1774,0,"[6, 29, 1, 98, 72, 69, 58, 50, 10, 68]",60.99759615384615,1.1923852883852446,14048.480130672455
1775,1,"[5, 37, 4, 66, 44, 21, 56, 79, 40, 15]",55.859375,1.4101046675290816,14056.454025268555
1776,2,"[59, 22, 0, 78, 46, 85, 64, 19, 36, 60]",59.73557692307692,1.2310623152133746,14064.483406305313
1777,3,"[91, 17, 3, 38, 30, 96, 45, 48, 20, 47]",47.74639423076923,1.769815295170515,14072.409605264664
1778,0,"[33, 77, 1, 55, 69, 83, 52, 42, 29, 98]",54.577323717948715,1.3828879121022346,14080.418304920197
1779,1,"[21, 14, 4, 71, 49, 90, 44, 13, 31, 56]",49.919871794871796,1.7019941806793213,14088.864926576614
1780,2,"[46, 19, 0, 82, 64, 61, 95, 41, 84, 36]",57.43189102564103,1.315107253881601,14097.059876441956
1781,3,"[74, 28, 3, 91, 54, 8, 30, 38, 81, 96]",47.07532051282051,1.768381071396363,14104.962496042252
1782,0,"[52, 10, 1, 6, 68, 72, 33, 29, 34, 55]",56.81089743589744,1.322995467063708,14112.447103500366
1783,1,"[99, 90, 4, 79, 37, 21, 49, 26, 57, 15]",57.66225961538461,1.3301801161888318,14120.224627017975
1784,2,"[89, 64, 0, 36, 19, 78, 85, 18, 63, 84]",53.89623397435897,1.4653995434443157,14128.57996225357
1785,3,"[81, 30, 3, 9, 17, 93, 74, 48, 47, 27]",51.42227564102564,1.5740769520784035,14136.56831240654
1786,0,"[69, 77, 1, 29, 33, 72, 42, 58, 55, 98]",56.32011217948718,1.3143094594662006,14144.853563070297
1787,1,"[99, 49, 4, 90, 66, 15, 26, 13, 57, 71]",57.552083333333336,1.348239507430639,14153.199447870255
1788,2,"[0, 64, 16, 39, 82, 19, 22, 46, 63, 59]",55.84935897435897,1.3628829259138842,14160.466330051422
1789,3,"[8, 38, 3, 91, 30, 28, 81, 20, 54, 96]",46.764823717948715,1.7967282976859655,14168.388137578964
1790,0,"[98, 29, 1, 58, 77, 33, 68, 6, 42, 32]",55.76923076923077,1.341997464497884,14175.833081483841
1791,1,"[4, 15, 5, 57, 13, 99, 31, 37, 90, 71]",57.922676282051285,1.323794757708525,14184.09342265129
1792,2,"[19, 78, 0, 61, 23, 97, 64, 36, 18, 82]",54.787660256410255,1.4578703106978002,14192.551051855087
1793,3,"[8, 38, 3, 28, 48, 54, 20, 17, 91, 27]",55.41866987179487,1.4527380604010363,14200.388070106506
1794,0,"[77, 55, 1, 68, 83, 50, 42, 6, 58, 10]",56.22996794871795,1.3987088386829083,14208.350946187973
1795,1,"[31, 71, 4, 26, 79, 21, 56, 99, 40, 37]",50.681089743589745,1.7123865271225953,14216.4642598629
1796,2,"[95, 18, 0, 24, 59, 64, 22, 46, 97, 63]",57.942708333333336,1.3403031688470106,14224.528955698013
1797,3,"[38, 96, 3, 8, 93, 81, 48, 91, 20, 30]",48.64783653846154,1.662808167628753,14232.415971517563
1798,0,"[11, 6, 1, 77, 58, 55, 83, 52, 68, 33]",54.89783653846154,1.3689300708281689,14240.522282123566
1799,1,"[37, 21, 4, 56, 57, 15, 14, 99, 66, 26]",52.604166666666664,1.5895222990940778,14248.478433609009
1800,2,"[24, 23, 0, 89, 97, 78, 19, 82, 46, 36]",54.2568108974359,1.4802174782141662,14256.993798971176
1801,3,"[48, 96, 3, 9, 38, 47, 74, 27, 81, 8]",54.67748397435897,1.3829583113010113,14264.820743083954
1802,0,"[58, 33, 1, 55, 11, 98, 50, 69, 68, 34]",55.61899038461539,1.3329926056739612,14273.118803024292
1803,1,"[26, 13, 4, 99, 14, 40, 90, 57, 66, 15]",57.33173076923077,1.4042837375249617,14281.295980215073
1804,2,"[63, 22, 0, 82, 16, 89, 41, 24, 19, 39]",54.53725961538461,1.4409307348422515,14289.617949724197
1805,3,"[81, 17, 3, 65, 87, 93, 45, 54, 48, 9]",51.02163461538461,1.5487421903854761,14297.31651520729
1806,0,"[33, 72, 1, 69, 42, 55, 32, 50, 98, 34]",57.49198717948718,1.288450083671472,14304.844915390015
1807,1,"[79, 56, 4, 90, 66, 15, 71, 13, 26, 99]",51.692708333333336,1.6852103150807893,14312.702009677887
1808,2,"[39, 95, 0, 64, 36, 59, 46, 19, 78, 23]",59.42508012820513,1.2863790560991337,14321.17017364502
1809,3,"[38, 81, 3, 27, 47, 45, 8, 93, 65, 54]",56.560496794871796,1.325256688472552,14329.265021324158
1810,0,"[34, 55, 1, 32, 52, 33, 42, 50, 29, 11]",54.27684294871795,1.4321625431378682,14337.422778367996
1811,1,"[26, 40, 4, 57, 37, 49, 90, 99, 56, 5]",55.29847756410256,1.4342629603850536,14345.184056520462
1812,2,"[61, 18, 0, 64, 22, 59, 41, 78, 85, 24]",56.27003205128205,1.3951450387636821,14353.671919107437
1813,3,"[48, 74, 3, 91, 47, 28, 87, 17, 27, 93]",50.48076923076923,1.6346990298002193,14361.349335193634
1814,0,"[34, 1, 6, 72, 11, 69, 33, 58, 32, 10]",53.26522435897436,1.4755159188539555,14369.437303066254
1815,1,"[49, 44, 4, 99, 79, 15, 56, 5, 40, 71]",53.11498397435897,1.5448766809243422,14377.826830625534
1816,2,"[63, 18, 0, 89, 64, 19, 60, 41, 59, 78]",56.30008012820513,1.3925695021947224,14385.44940495491
1817,3,"[47, 91, 3, 54, 8, 30, 27, 20, 93, 65]",57.141426282051285,1.2772895326981177,14392.938596725464
1818,0,"[42, 6, 1, 10, 33, 29, 55, 77, 98, 68]",54.50721153846154,1.384797242971567,14401.36133480072
1819,1,"[5, 71, 4, 15, 26, 13, 37, 57, 21, 56]",56.901041666666664,1.3636066134159381,14409.610441207886
1820,2,"[59, 85, 0, 61, 24, 41, 63, 64, 23, 46]",60.33653846153846,1.217833982828336,14417.488216638565
1821,0,"[11, 52, 1, 34, 83, 77, 10, 69, 50, 33]",55.06810897435897,1.3578409491441188,14425.725981473923
1822,3,"[45, 27, 3, 96, 93, 20, 17, 87, 38, 47]",54.296875,1.395167500544817,14433.792165756226
1823,1,"[99, 4, 5, 14, 44, 66, 31, 79, 37, 40]",54.26682692307692,1.476187635690738,14442.153975486755
1824,2,"[22, 95, 0, 23, 41, 61, 46, 82, 59, 60]",59.07451923076923,1.2657946867820544,14449.864566802979
1825,0,"[77, 33, 1, 6, 68, 58, 98, 52, 72, 11]",56.71073717948718,1.3103709526551075,14458.21161031723
1826,3,"[48, 91, 3, 17, 93, 28, 27, 9, 65, 45]",51.74278846153846,1.5375800698231428,14466.098631858826
1827,1,"[13, 71, 4, 99, 56, 37, 79, 21, 14, 31]",45.93349358974359,1.9454949895540874,14473.792882442474
1828,2,"[18, 41, 0, 46, 63, 36, 16, 95, 64, 85]",52.66426282051282,1.5204301537611546,14481.783325910568
1829,0,"[34, 55, 1, 33, 68, 69, 77, 11, 42, 98]",57.66225961538461,1.2878234279461396,14489.784993886948
1830,3,"[17, 30, 3, 81, 45, 54, 20, 8, 38, 91]",55.729166666666664,1.3276104881213262,14497.656189918518
1831,1,"[57, 13, 4, 40, 99, 21, 15, 71, 14, 37]",54.44711538461539,1.4964091686102061,14506.147998332977
1832,2,"[61, 41, 0, 39, 82, 18, 16, 22, 63, 84]",42.12740384615385,2.054942433650677,14514.2325963974
1833,0,"[29, 50, 1, 34, 52, 77, 32, 11, 83, 55]",52.834535256410255,1.4958637020526788,14521.979748249054
1834,3,"[54, 3, 8, 48, 38, 91, 81, 47, 20, 9]",53.83613782051282,1.4858206586960034,14530.012208938599
1835,1,"[99, 49, 4, 37, 66, 26, 14, 90, 31, 44]",56.44030448717949,1.3829729587603838,14538.365905284882
1836,2,"[59, 22, 0, 85, 89, 82, 97, 60, 64, 23]",55.30849358974359,1.411820235924843,14546.302567720413
1837,0,"[55, 32, 1, 52, 29, 68, 72, 69, 11, 10]",55.71915064102564,1.411121680186345,14554.332689523697
1838,3,"[9, 91, 3, 38, 27, 65, 28, 48, 8, 93]",52.50400641025641,1.535922457010318,14562.341309070587
1839,1,"[21, 31, 4, 79, 37, 15, 66, 13, 90, 57]",57.892628205128204,1.268612916652973,14570.469072580338
1840,2,"[22, 18, 0, 36, 60, 46, 63, 23, 16, 84]",52.94471153846154,1.4751772651305566,14578.560044765472
1841,0,"[6, 98, 1, 77, 10, 52, 32, 69, 50, 29]",55.208333333333336,1.3802237617663848,14586.436403036118
1842,3,"[45, 54, 3, 9, 28, 81, 27, 74, 17, 65]",54.30689102564103,1.406756803011283,14594.455049991608
1843,1,"[15, 31, 4, 37, 79, 40, 26, 66, 90, 13]",55.23838141025641,1.3601980942946215,14602.557117462158
1844,2,"[22, 61, 0, 78, 97, 19, 16, 89, 36, 23]",51.93309294871795,1.553093949953715,14610.659964561462
1845,0,"[72, 34, 1, 10, 55, 11, 32, 52, 58, 83]",52.34375,1.6151642463146112,14618.821157932281
1846,3,"[54, 91, 3, 47, 30, 81, 74, 87, 96, 93]",45.38261217948718,2.0004970950958056,14626.634327411652
1847,1,"[49, 90, 4, 56, 99, 21, 31, 40, 5, 71]",50.21033653846154,1.6328755372609847,14634.406275987625
1848,2,"[39, 78, 0, 82, 63, 23, 18, 16, 61, 84]",47.43589743589744,1.7195162895398262,14641.842794179916
1849,0,"[55, 68, 1, 10, 77, 72, 98, 83, 6, 42]",48.938301282051285,1.690722372287359,14649.960045576096
1850,3,"[9, 91, 3, 20, 28, 54, 30, 38, 45, 27]",53.31530448717949,1.3913950324058533,14658.171492099762
1851,1,"[21, 5, 4, 26, 31, 90, 13, 44, 99, 15]",54.48717948717949,1.4799626576594818,14666.083941936493
1852,2,"[0, 78, 16, 63, 82, 22, 85, 64, 24, 41]",50.42067307692308,1.7021124882575793,14674.309618234634
1853,0,"[68, 69, 1, 29, 33, 83, 34, 58, 10, 55]",53.18509615384615,1.481123963991801,14682.287682771683
1854,3,"[20, 48, 3, 9, 91, 17, 30, 8, 74, 45]",49.55929487179487,1.6053864925335615,14690.180685281754
1855,1,"[44, 90, 4, 13, 5, 37, 40, 49, 57, 79]",57.18149038461539,1.3155988470101967,14698.311106920242
1856,2,"[85, 39, 0, 61, 95, 22, 64, 97, 84, 36]",54.85777243589744,1.4082187918516307,14706.111079454422
1857,0,"[33, 11, 1, 98, 69, 42, 6, 32, 52, 10]",55.4286858974359,1.3601512221189647,14714.342131853104
1858,3,"[28, 96, 3, 91, 65, 30, 38, 45, 20, 74]",43.17908653846154,1.9919754709952917,14722.462016105652
1859,1,"[5, 49, 4, 31, 79, 71, 15, 44, 21, 66]",55.10817307692308,1.4025241671464381,14730.78013586998
1860,2,"[39, 97, 0, 63, 84, 89, 18, 24, 85, 82]",52.20352564102564,1.533176098114405,14738.552429437637
1861,0,"[33, 1, 6, 10, 29, 11, 98, 69, 55, 50]",57.47195512820513,1.325758076631106,14746.621381044388
1862,3,"[65, 54, 3, 38, 17, 87, 81, 28, 8, 27]",56.27003205128205,1.3476560788276868,14754.465245962143
1863,1,"[44, 90, 4, 21, 31, 37, 71, 5, 13, 56]",51.35216346153846,1.597711090858166,14762.6212515831
1864,2,"[36, 59, 0, 95, 85, 41, 82, 19, 84, 24]",58.66386217948718,1.3103354145319035,14770.759724378586
1865,0,"[69, 6, 1, 68, 29, 58, 50, 34, 55, 83]",58.072916666666664,1.329671364564162,14778.295788764954
1866,3,"[9, 3, 8, 17, 96, 38, 65, 81, 87, 28]",53.60576923076923,1.4710881969867609,14786.666113376617
1867,1,"[57, 49, 4, 56, 15, 37, 99, 40, 14, 44]",50.651041666666664,1.6051070751288,14794.88356089592
1868,2,"[16, 24, 0, 41, 39, 85, 60, 97, 18, 64]",55.86939102564103,1.3758884622500493,14802.164196491241
1869,0,"[58, 10, 1, 69, 68, 42, 34, 77, 33, 98]",56.10977564102564,1.347336435929323,14810.3944003582
1870,3,"[87, 27, 3, 38, 74, 54, 17, 91, 20, 48]",52.27363782051282,1.5013796580143464,14818.05180978775
1871,4,"[76, 70, 2, 35, 62, 86, 43, 53, 75, 73]",52.27363782051282,1.5013796580143464,14826.574875354767
1872,1,"[14, 44, 4, 56, 40, 57, 99, 37, 31, 66]",51.15184294871795,1.6175709412648127,14834.75041794777
1873,0,"[68, 6, 1, 10, 42, 11, 69, 34, 50, 29]",56.10977564102564,1.3925251043759859,14842.826840162277
1874,2,"[23, 60, 0, 46, 61, 97, 89, 36, 64, 18]",56.79086538461539,1.313248914021712,14850.813332080841
1875,3,"[20, 87, 3, 45, 65, 93, 47, 9, 8, 81]",53.90625,1.416945177775163,14859.152970314026
1876,1,"[13, 14, 4, 90, 21, 31, 26, 66, 37, 57]",52.213541666666664,1.4935971941703405,14867.230739831924
1877,0,"[72, 69, 1, 29, 50, 68, 11, 6, 52, 10]",56.169871794871796,1.4155567960861402,14875.395284891129
1878,2,"[97, 23, 0, 95, 89, 18, 60, 78, 16, 84]",52.17347756410256,1.5324336091677349,14883.62058711052
1879,3,"[54, 91, 3, 65, 81, 93, 28, 96, 8, 27]",49.499198717948715,1.623533158730238,14891.391899824142
1880,1,"[31, 71, 4, 90, 56, 44, 37, 13, 14, 66]",49.75961538461539,1.6606592872203925,14899.733949661255
1881,0,"[77, 6, 1, 83, 50, 10, 33, 98, 29, 72]",53.26522435897436,1.4734164537527623,14907.722506046295
1882,2,"[63, 24, 0, 22, 39, 46, 23, 60, 16, 82]",54.36698717948718,1.4067217126870766,14915.37428855896
1883,3,"[48, 3, 8, 91, 27, 30, 28, 20, 9, 17]",50.490785256410255,1.583408569678282,14923.136266231537
1884,1,"[49, 56, 4, 26, 99, 44, 14, 71, 79, 57]",51.11177884615385,1.6443569522637587,14931.49216246605
1885,0,"[58, 11, 1, 98, 10, 33, 32, 77, 50, 68]",57.83253205128205,1.2955866165650196,14939.778304100037
1886,2,"[63, 24, 0, 41, 82, 39, 95, 16, 61, 46]",49.108573717948715,1.6499418753844042,14947.865838050842
1887,3,"[91, 45, 3, 54, 87, 74, 17, 65, 81, 20]",54.70753205128205,1.406949717264909,14955.92319726944
1888,1,"[15, 13, 4, 90, 14, 5, 26, 99, 40, 79]",55.53886217948718,1.423073111436306,14963.942204713821
1889,0,"[10, 68, 1, 50, 33, 72, 83, 34, 58, 77]",55.859375,1.4011685664837177,14972.010431289673
1890,2,"[82, 97, 0, 41, 24, 61, 60, 46, 19, 18]",55.68910256410256,1.3748136483705962,14980.358818531036
1891,3,"[17, 30, 3, 81, 47, 48, 20, 9, 27, 45]",54.06650641025641,1.4011178627992287,14988.376182317734
1892,1,"[40, 5, 4, 44, 37, 79, 31, 21, 14, 26]",52.634214743589745,1.5517425475976405,14996.558789014816
1893,0,"[77, 10, 1, 34, 83, 98, 55, 52, 11, 68]",51.5224358974359,1.6029216738847585,15004.751330137253
1894,2,"[64, 22, 0, 84, 78, 19, 95, 41, 61, 89]",54.14663461538461,1.485772241384555,15012.423715114594
1895,3,"[65, 87, 3, 30, 38, 8, 81, 48, 93, 47]",54.38701923076923,1.3749064237643511,15020.465322494507
1896,1,"[90, 13, 4, 15, 66, 99, 14, 26, 71, 31]",54.02644230769231,1.5079356248562152,15028.268845558167
1897,0,"[69, 42, 1, 50, 68, 55, 10, 34, 77, 58]",56.40024038461539,1.4156066943437626,15036.563609600067
1898,2,"[0, 95, 16, 61, 97, 23, 63, 78, 19, 39]",50.21033653846154,1.6790647139916053,15044.723282337189
1899,3,"[17, 48, 3, 38, 30, 91, 87, 45, 54, 74]",51.93309294871795,1.4909184468098176,15052.981100559235
1900,1,"[66, 44, 4, 56, 79, 5, 90, 21, 37, 14]",53.68589743589744,1.4609057475359013,15061.075317144394
1901,0,"[10, 52, 1, 6, 69, 11, 72, 55, 42, 29]",52.76442307692308,1.494079045760326,15069.020471572876
1902,2,"[60, 84, 0, 61, 19, 85, 97, 63, 41, 78]",54.82772435897436,1.4940970876278021,15077.007225990295
1903,3,"[91, 96, 3, 8, 28, 45, 27, 9, 20, 48]",50.92147435897436,1.5340788043462312,15085.098278045654
1904,1,"[56, 21, 4, 90, 57, 26, 5, 37, 66, 71]",54.817708333333336,1.4446885218987098,15093.078968286514
1905,0,"[83, 58, 1, 29, 55, 50, 6, 52, 42, 32]",53.95633012820513,1.5068419117193956,15101.394454240799
1906,2,"[85, 41, 0, 19, 95, 46, 61, 89, 97, 18]",56.31009615384615,1.3508795408102183,15108.960035324097
1907,3,"[38, 8, 3, 65, 96, 28, 54, 45, 74, 27]",53.1650641025641,1.4755292381995764,15117.345246315002
1908,1,"[57, 66, 4, 14, 40, 56, 99, 37, 90, 79]",49.83974358974359,1.6828565291869335,15125.39912056923
1909,0,"[1, 77, 6, 34, 55, 83, 68, 69, 58, 29]",56.06971153846154,1.3840997585883508,15133.794433116913
1910,2,"[23, 60, 0, 64, 95, 36, 41, 85, 46, 18]",59.54527243589744,1.2315169603396685,15141.86685347557
1911,3,"[65, 87, 3, 54, 96, 91, 93, 27, 74, 30]",49.80969551282051,1.6449275077917638,15149.750675201416
1912,1,"[56, 4, 5, 71, 44, 26, 66, 90, 57, 15]",55.60897435897436,1.403042319493416,15157.671025514603
1913,0,"[77, 33, 1, 11, 6, 34, 10, 83, 55, 52]",53.58573717948718,1.4383974105883868,15165.583966970444
1914,2,"[89, 78, 0, 24, 61, 46, 95, 19, 64, 41]",55.47876602564103,1.3943252425927382,15173.752678155899
1915,3,"[27, 28, 3, 9, 38, 93, 65, 74, 45, 20]",49.348958333333336,1.7876283877935164,15182.28274154663
1916,1,"[21, 57, 4, 14, 90, 31, 37, 40, 71, 56]",48.10697115384615,1.759695753073081,15190.707519054413
1917,0,"[1, 29, 6, 11, 52, 58, 98, 68, 34, 72]",53.014823717948715,1.4538869460423787,15198.546254873276
1918,2,"[59, 61, 0, 95, 97, 39, 64, 41, 23, 89]",57.111378205128204,1.35882723178619,15206.469403982162
1919,3,"[3, 87, 8, 30, 96, 45, 27, 93, 48, 91]",44.09054487179487,1.9309224837865584,15214.442415952682
1920,1,"[49, 15, 4, 99, 79, 90, 71, 44, 37, 21]",55.22836538461539,1.4347678529910552,15222.308149337769
1921,0,"[52, 55, 1, 58, 42, 29, 32, 83, 34, 33]",52.18349358974359,1.5365965182964618,15230.596032857895
1922,2,"[36, 39, 0, 63, 95, 60, 61, 82, 64, 46]",57.95272435897436,1.2545105509268932,15238.785323381424
1923,3,"[3, 9, 8, 28, 48, 27, 96, 87, 54, 47]",55.188301282051285,1.3319708001919282,15246.904850244522
1924,1,"[21, 79, 4, 57, 71, 49, 13, 90, 15, 14]",57.72235576923077,1.3141720738166418,15255.458256959915
1925,0,"[11, 77, 1, 98, 72, 83, 29, 69, 34, 33]",48.59775641025641,1.717043216411884,15262.950476884842
1926,2,"[82, 85, 0, 89, 22, 60, 97, 41, 23, 24]",55.84935897435897,1.3815213502981725,15271.233983516693
1927,3,"[91, 54, 3, 38, 8, 93, 30, 48, 74, 81]",54.69751602564103,1.3718044452178173,15279.467591524124
1928,1,"[90, 56, 4, 40, 37, 13, 99, 31, 5, 44]",51.452323717948715,1.6188377096102788,15287.607107639313
1929,0,"[83, 6, 1, 42, 69, 11, 68, 52, 72, 29]",56.01963141025641,1.3385958671569824,15295.462720632553
1930,2,"[46, 97, 0, 18, 84, 61, 82, 78, 63, 60]",53.78605769230769,1.4508711099624634,15303.66321349144
1931,3,"[81, 48, 3, 65, 93, 17, 38, 47, 45, 96]",53.66586538461539,1.4510758962386694,15312.081647872925
1932,1,"[4, 15, 5, 21, 49, 71, 56, 37, 13, 40]",55.29847756410256,1.3699248601228764,15320.198245286942
1933,0,"[33, 42, 1, 34, 10, 50, 6, 69, 55, 52]",55.989583333333336,1.3364544464991643,15328.331020116806
1934,2,"[60, 82, 0, 36, 24, 59, 22, 95, 16, 41]",54.30689102564103,1.431305189927419,15336.146436452866
1935,3,"[81, 48, 3, 27, 47, 30, 96, 65, 9, 93]",51.041666666666664,1.5505281426967719,15344.260180950165
1936,1,"[49, 14, 4, 26, 71, 66, 79, 31, 57, 44]",55.73918269230769,1.354746705446488,15352.146966218948
1937,0,"[50, 72, 1, 98, 58, 32, 11, 69, 83, 77]",57.23157051282051,1.3005557167224395,15360.30235862732
1938,2,"[23, 85, 0, 84, 63, 78, 95, 18, 89, 16]",51.872996794871796,1.5654351390325105,15368.206599473953
1939,3,"[96, 48, 3, 54, 8, 91, 38, 27, 28, 9]",53.28525641025641,1.4256649567530706,15376.364494085312
1940,1,"[99, 26, 4, 71, 40, 56, 79, 13, 37, 66]",52.57411858974359,1.5611596199182363,15384.38270497322
1941,0,"[69, 6, 1, 83, 42, 11, 50, 55, 77, 34]",56.25,1.3708532376167102,15392.221457719803
1942,2,"[89, 59, 0, 61, 36, 23, 16, 19, 82, 97]",53.9463141025641,1.4491370289753644,15400.240139722824
1943,3,"[81, 74, 3, 91, 8, 93, 87, 65, 9, 28]",50.79126602564103,1.5619717821096764,15407.562318086624
1944,1,"[13, 15, 4, 21, 14, 5, 57, 26, 56, 31]",54.88782051282051,1.4479889946106153,15415.658039093018
1945,0,"[98, 10, 1, 69, 11, 83, 33, 77, 72, 6]",55.45873397435897,1.3711071060254023,15424.204644918442
1946,2,"[61, 41, 0, 84, 60, 59, 16, 89, 82, 85]",56.380208333333336,1.3554132458491204,15432.045857191086
1947,3,"[81, 3, 8, 9, 87, 45, 65, 17, 93, 30]",53.225160256410255,1.4154867453452868,15440.038776636124
1948,1,"[26, 71, 4, 66, 15, 31, 5, 21, 90, 44]",53.87620192307692,1.4914268132967827,15448.077990293503
1949,0,"[83, 29, 1, 10, 52, 34, 77, 6, 58, 98]",56.96113782051282,1.3564492616897974,15456.389034748077
1950,2,"[60, 78, 0, 22, 63, 46, 19, 84, 16, 39]",54.43709935897436,1.4467141108635144,15464.630465745926
1951,3,"[9, 91, 3, 65, 30, 17, 47, 20, 27, 54]",53.45552884615385,1.4717091673459761,15472.93698477745
1952,0,"[58, 34, 1, 69, 32, 50, 55, 83, 6, 52]",56.560496794871796,1.3518308003743489,15481.192132234573
1953,1,"[21, 44, 4, 71, 49, 79, 13, 14, 40, 5]",52.96474358974359,1.4901615381240845,15489.309639930725
1954,2,"[0, 24, 16, 97, 19, 18, 60, 23, 22, 78]",54.06650641025641,1.4827005771490245,15497.55465888977
1955,3,"[3, 28, 8, 45, 27, 47, 9, 54, 96, 87]",52.28365384615385,1.463819329555218,15505.810848712921
1956,0,"[34, 58, 1, 55, 98, 33, 69, 42, 83, 6]",57.86258012820513,1.2992605032064977,15513.99141907692
1957,1,"[37, 99, 4, 79, 49, 15, 90, 56, 57, 5]",52.85456730769231,1.5224657914577386,15522.190776824951
1958,2,"[16, 60, 0, 95, 85, 18, 61, 41, 46, 64]",52.00320512820513,1.512597096272004,15530.118127822876
1959,0,"[33, 1, 6, 52, 83, 34, 69, 10, 55, 50]",56.07972756410256,1.353764194708604,15537.953712701797
1960,3,"[74, 87, 3, 81, 45, 93, 47, 91, 65, 96]",53.435496794871796,1.4671401702440703,15545.621917963028
1961,4,"[51, 94, 2, 67, 76, 80, 7, 92, 25, 12]",53.435496794871796,1.4671401702440703,15553.654504776001
1962,1,"[57, 40, 4, 66, 44, 71, 5, 49, 13, 79]",56.139823717948715,1.377959885658362,15561.747993707657
1963,0,"[11, 69, 1, 77, 29, 6, 52, 68, 42, 33]",56.149839743589745,1.346397048387772,15570.308990240097
1964,2,"[59, 78, 0, 36, 82, 39, 95, 97, 19, 23]",56.28004807692308,1.3880264376982665,15578.83283996582
1965,3,"[48, 38, 3, 81, 96, 91, 28, 74, 45, 93]",51.80288461538461,1.5622731691751726,15587.220309019089
1966,1,"[31, 71, 4, 56, 13, 90, 49, 44, 66, 40]",51.86298076923077,1.5676200496844757,15595.013030052185
1967,0,"[77, 11, 1, 52, 34, 69, 98, 42, 29, 68]",56.07972756410256,1.3377996056507795,15603.103806972504
1968,2,"[23, 36, 0, 41, 16, 85, 95, 24, 18, 97]",53.52564102564103,1.4514709053895412,15611.221489429474
1969,3,"[93, 20, 3, 28, 27, 9, 65, 87, 38, 8]",52.55408653846154,1.5711163251827924,15619.203387498856
1970,1,"[99, 15, 4, 13, 26, 66, 21, 90, 57, 71]",54.85777243589744,1.511558622885973,15627.358203172684
1971,0,"[32, 50, 1, 52, 42, 33, 34, 58, 72, 69]",55.188301282051285,1.4260815275021088,15635.609046697617
1972,2,"[19, 22, 0, 18, 39, 82, 60, 84, 16, 46]",51.65264423076923,1.5417612225581439,15643.80892920494
1973,3,"[74, 48, 3, 96, 27, 65, 93, 47, 81, 91]",48.59775641025641,1.665958849283365,15651.916926145554
1974,1,"[71, 56, 4, 14, 31, 13, 40, 26, 21, 37]",50.33052884615385,1.6469920919491694,15659.959560632706
1975,0,"[68, 32, 1, 50, 34, 42, 6, 69, 83, 55]",56.42027243589744,1.369635358834878,15668.033869028091
1976,2,"[97, 60, 0, 85, 19, 78, 36, 18, 95, 41]",55.91947115384615,1.4200276487912886,15675.906293869019
1977,3,"[91, 65, 3, 48, 87, 28, 27, 17, 74, 96]",51.71274038461539,1.5818678171206744,15684.14723777771
1978,1,"[56, 15, 4, 49, 26, 31, 99, 57, 44, 21]",54.166666666666664,1.4739139614961085,15692.351897001266
1979,0,"[32, 69, 1, 55, 6, 42, 29, 33, 77, 72]",53.92628205128205,1.4283559184807997,15700.555654764175
1980,2,"[23, 39, 0, 24, 64, 89, 95, 84, 18, 19]",54.86778846153846,1.4215146425442817,15708.964295625687
1981,3,"[9, 47, 3, 28, 87, 93, 45, 81, 54, 65]",50.0400641025641,1.6821803909081678,15717.271488189697
1982,1,"[5, 31, 4, 79, 14, 37, 40, 15, 44, 99]",54.77764423076923,1.4940736049260848,15725.178694486618
1983,0,"[98, 68, 1, 33, 72, 10, 32, 77, 83, 50]",55.09815705128205,1.3916163093004472,15733.150856256485
1984,2,"[61, 78, 0, 64, 39, 59, 63, 97, 24, 60]",56.58052884615385,1.4094887054883516,15741.221205711365
1985,3,"[38, 3, 8, 45, 30, 28, 54, 91, 65, 87]",53.39543269230769,1.4666130114824345,15749.170507192612
1986,1,"[37, 57, 4, 79, 40, 90, 14, 21, 66, 44]",59.88581730769231,1.2220247869308178,15757.358815193176
1987,0,"[10, 83, 1, 98, 29, 68, 6, 72, 69, 58]",59.765625,1.23063617791885,15765.664942741394
1988,2,"[19, 39, 0, 46, 61, 63, 97, 22, 82, 60]",55.749198717948715,1.3783664092039452,15773.81561756134
1989,3,"[87, 27, 3, 38, 91, 45, 9, 54, 65, 28]",53.81610576923077,1.4344837543291924,15781.661595344543
1990,1,"[40, 56, 4, 99, 90, 49, 15, 44, 66, 71]",49.90985576923077,1.6936530134616754,15789.671765327454
1991,0,"[32, 50, 1, 58, 33, 6, 68, 52, 34, 29]",56.119791666666664,1.3836031357447307,15797.357642173767
1992,2,"[23, 36, 0, 61, 22, 19, 84, 64, 82, 18]",54.77764423076923,1.4221397500771742,15805.185535430908
1993,3,"[3, 17, 8, 28, 20, 54, 48, 96, 93, 30]",47.65625,1.7589004375995734,15813.123159885406
1994,1,"[66, 90, 4, 99, 5, 49, 21, 44, 57, 26]",55.78926282051282,1.3899563856613941,15821.08197259903
1995,0,"[33, 1, 6, 68, 11, 69, 55, 10, 72, 32]",57.41185897435897,1.302770625322293,15828.93186211586
1996,2,"[89, 16, 0, 85, 36, 46, 64, 39, 41, 22]",52.20352564102564,1.556832594749255,15836.860014915466
1997,3,"[27, 74, 3, 45, 38, 96, 9, 8, 48, 47]",53.56570512820513,1.4048519134521484,15845.046579122543
1998,1,"[4, 44, 5, 79, 15, 71, 37, 26, 49, 14]",55.39863782051282,1.4045488482866533,15853.401514291763
1999,0,"[1, 50, 6, 29, 52, 68, 72, 34, 33, 77]",55.779246794871796,1.3824017139581533,15861.389016866684
2000,2,"[22, 63, 0, 41, 39, 24, 97, 59, 82, 46]",56.73076923076923,1.384233112518604,15869.212226629257
2001,3,"[87, 28, 3, 20, 93, 45, 30, 54, 9, 81]",48.147035256410255,1.6598774744914129,15877.143876314163
2002,1,"[44, 4, 5, 37, 56, 57, 26, 99, 71, 49]",54.06650641025641,1.5093760505700722,15885.139681577682
2003,0,"[33, 58, 1, 52, 50, 72, 10, 68, 83, 32]",55.759214743589745,1.4248908483065093,15893.568368911743
2004,2,"[61, 41, 0, 95, 89, 82, 18, 22, 85, 63]",52.52403846153846,1.515349838978205,15901.76508641243
2005,3,"[9, 48, 3, 74, 28, 20, 47, 93, 8, 87]",48.89823717948718,1.714058735431769,15910.377014636993
2006,1,"[66, 56, 4, 26, 49, 44, 14, 99, 57, 31]",50.681089743589745,1.7168608017456837,15918.440635442734
2007,0,"[55, 42, 1, 52, 77, 32, 50, 58, 98, 29]",52.93469551282051,1.4802293043870192,15926.58982038498
2008,2,"[95, 23, 0, 63, 85, 97, 19, 84, 89, 78]",53.53565705128205,1.5414019379860315,15934.791936159134
2009,3,"[27, 30, 3, 8, 96, 38, 54, 9, 65, 93]",49.42908653846154,1.648884198604486,15943.268413543701
2010,1,"[66, 14, 4, 31, 44, 40, 90, 57, 37, 49]",57.80248397435897,1.2814359756616445,15951.592856884003
