epoch,selected_clients,accuracy,loss,run_time,sim_round_time,epoch_cum_time
1,"[17, 24, 84, 30, 6, 61, 68, 60, 96, 25]",10.0,2.587302887439728,17.391353607177734,11.29,11.29
2,"[25, 6, 60, 17, 96, 0, 23, 88, 94, 66]",27.22,2.333607976436615,19.33349084854126,9.3,20.59
3,"[66, 25, 60, 30, 17, 33, 72, 89, 81, 80]",35.13,2.329069883823395,20.880368947982788,10.78,31.369999999999997
4,"[24, 84, 6, 88, 25, 65, 56, 5, 29, 62]",31.76,2.350503101348877,22.45790672302246,11.1,42.47
5,"[17, 96, 84, 80, 56, 47, 22, 69, 2, 4]",37.08,1.8494474279880524,24.704753875732425,11.1,53.57
6,"[69, 60, 6, 47, 84, 50, 9, 86, 77, 92]",40.88,1.5112070918083191,26.656932830810547,10.86,64.43
7,"[47, 25, 17, 6, 2, 71, 39, 57, 34, 42]",45.48,1.424867683649063,29.136420011520386,11.18,75.61000000000001
8,"[50, 47, 6, 96, 17, 1, 8, 41, 3, 48]",53.24,1.2375619113445282,31.36305546760559,12.1,87.71000000000001
9,"[17, 5, 60, 68, 77, 54, 74, 15, 91, 26]",47.87,1.3064074409008026,33.60890293121338,11.13,98.84
10,"[69, 5, 77, 17, 71, 78, 49, 53, 73, 79]",48.35,1.3112993943691251,36.1113874912262,11.09,109.93
11,"[77, 25, 6, 61, 50, 12, 93, 13, 51, 19]",50.26,1.6118857192993163,38.06140995025635,11.29,121.22
12,"[26, 25, 84, 69, 2, 40, 11, 27, 32, 63]",54.45,1.029883531332016,40.051535844802856,11.13,132.35
13,"[17, 12, 5, 47, 26, 43, 45, 21, 35, 98]",59.99,0.986059740781784,42.274051666259766,11.71,144.06
14,"[17, 27, 12, 26, 53, 38, 46, 14, 82, 70]",63.39,0.9118547278642656,44.49557662010193,11.13,155.19
15,"[77, 93, 12, 25, 17, 52, 95, 90, 59, 36]",57.51,1.1314815640449525,46.996443033218384,10.11,165.3
16,"[25, 38, 77, 23, 17, 76, 37, 7, 10, 58]",54.91,1.3364882206916808,49.34136080741882,9.3,174.60000000000002
17,"[17, 38, 26, 93, 12, 99, 55, 67, 87, 28]",64.91,0.8733608943223953,51.67558217048645,11.34,185.94000000000003
18,"[37, 77, 80, 25, 26, 75, 83, 44, 31, 20]",56.69,1.0890849834680558,54.252641439437866,11.13,197.07000000000002
19,"[77, 17, 38, 93, 25, 85, 18, 97, 64, 16]",59.87,0.9969584035873412,56.46142649650574,11.38,208.45000000000002
20,"[93, 27, 38, 77, 26, 94, 24, 51, 52, 89]",50.22,1.1085969495773316,58.700623989105225,11.13,219.58
21,"[17, 38, 93, 27, 37, 62, 78, 40, 6, 7]",65.02,0.8811808741092682,60.951674461364746,10.93,230.51000000000002
22,"[17, 77, 70, 93, 5, 32, 45, 15, 42, 29]",62.74,0.9612859743833542,63.391462564468384,11.71,242.22000000000003
23,"[12, 26, 27, 37, 17, 48, 11, 88, 50, 72]",68.89,0.8121150493621826,65.8779788017273,12.1,254.32000000000002
24,"[12, 77, 37, 27, 17, 38, 65, 58, 56, 0]",59.37,1.1277669513225554,68.17355465888977,11.1,265.42
25,"[17, 37, 26, 27, 77, 75, 9, 99, 96, 14]",59.59,0.9583578181266784,70.50678372383118,11.13,276.55
26,"[93, 38, 27, 77, 26, 23, 50, 13, 58, 29]",58.4,1.0045583218336105,72.8791708946228,11.13,287.68
27,"[26, 38, 77, 37, 17, 22, 53, 57, 40, 5]",64.79,0.9536745190620424,75.46927833557129,11.13,298.81
28,"[26, 12, 27, 25, 93, 63, 49, 31, 39, 64]",63.65,0.8835858434438706,77.52952551841736,11.38,310.19
29,"[37, 12, 77, 93, 35, 53, 78, 69, 56, 2]",57.45,1.1116912633180618,79.98560905456543,11.1,321.29
30,"[37, 77, 17, 93, 12, 2, 96, 0, 47, 91]",65.88,0.8926245671510696,82.50626277923584,10.86,332.15000000000003
31,"[27, 93, 77, 26, 17, 49, 18, 3, 62, 43]",65.79,0.8864154726266861,84.79961347579956,11.13,343.28000000000003
32,"[25, 37, 17, 27, 12, 0, 82, 4, 80, 53]",63.56,0.9999282586574556,87.40731382369995,10.04,353.32000000000005
33,"[27, 38, 77, 55, 12, 20, 18, 4, 89, 92]",62.39,0.8908149701356888,89.53406357765198,8.96,362.28000000000003
34,"[26, 12, 17, 38, 27, 95, 9, 40, 82, 90]",69.65,0.789154759645462,92.00835371017456,11.13,373.41
35,"[26, 38, 17, 27, 77, 87, 35, 61, 84, 25]",69.25,0.8106924051046371,94.72435760498048,11.29,384.70000000000005
36,"[12, 77, 27, 38, 17, 30, 44, 49, 45, 5]",66.64,0.8382175135612487,97.05838704109192,11.71,396.41
37,"[93, 27, 38, 12, 77, 53, 44, 88, 59, 14]",65.28,0.8676800274848938,99.83231139183044,8.7,405.11
38,"[77, 12, 37, 38, 93, 91, 76, 45, 11, 6]",58.38,1.1949197828769684,101.96896982192992,11.71,416.82
39,"[77, 38, 12, 17, 93, 46, 60, 24, 16, 42]",66.0,0.9013669663667678,104.24349689483644,11.18,428.0
40,"[12, 37, 38, 77, 26, 81, 99, 21, 79, 91]",59.04,0.9751219701766968,106.52367734909058,11.13,439.13
41,"[27, 77, 93, 26, 12, 74, 24, 28, 8, 61]",64.69,0.8321354424953461,108.81078243255617,11.34,450.46999999999997
42,"[12, 38, 27, 26, 37, 20, 11, 19, 73, 57]",62.91,0.8492243719100953,111.01177716255188,11.13,461.59999999999997
43,"[26, 77, 37, 17, 38, 34, 22, 56, 41, 81]",66.99,0.8562505614757537,113.37143301963806,11.19,472.78999999999996
44,"[93, 75, 38, 17, 77, 69, 82, 37, 10, 2]",65.56,0.8743650341033935,115.91918420791626,9.3,482.09
45,"[38, 17, 77, 12, 93, 76, 58, 22, 51, 50]",66.44,0.8536003178358078,118.14991331100464,9.3,491.39
46,"[70, 38, 1, 17, 26, 7, 19, 51, 47, 72]",71.74,0.7466695287823677,120.23853540420532,11.13,502.52
47,"[27, 37, 77, 26, 17, 51, 61, 14, 24, 62]",68.87,0.8009774380922318,123.0264928340912,11.29,513.81
48,"[38, 77, 37, 27, 66, 34, 30, 74, 46, 81]",67.22,0.8566826957464219,125.36968421936037,9.18,522.9899999999999
49,"[93, 37, 25, 38, 12, 96, 17, 66, 48, 46]",68.61,0.7969334733486175,128.03055906295776,12.1,535.0899999999999
50,"[12, 77, 27, 17, 26, 57, 62, 50, 10, 34]",72.67,0.7181077346205711,130.4662299156189,11.13,546.2199999999999
51,"[26, 27, 93, 77, 12, 6, 42, 4, 24, 11]",64.58,0.8702507072687149,132.80745124816897,11.18,557.3999999999999
52,"[38, 12, 37, 77, 17, 59, 74, 67, 64, 69]",64.82,0.9035611009597778,134.99652290344238,11.38,568.7799999999999
53,"[37, 71, 38, 17, 27, 55, 45, 93, 65, 16]",72.93,0.7067929679155349,137.58337593078613,11.71,580.4899999999999
54,"[37, 93, 12, 77, 27, 33, 30, 58, 16, 74]",63.34,1.020741297006607,140.03718209266663,9.18,589.6699999999998
55,"[77, 12, 17, 37, 38, 61, 83, 7, 29, 87]",72.67,0.7109094697237015,142.65345978736875,11.29,600.9599999999998
56,"[37, 27, 17, 77, 38, 50, 20, 95, 64, 93]",72.36,0.7198983234167099,145.3127727508545,11.38,612.3399999999998
57,"[17, 38, 37, 12, 77, 81, 19, 10, 57, 85]",63.34,0.9687183386087418,147.60957503318787,9.94,622.2799999999999
58,"[37, 93, 17, 38, 77, 54, 2, 47, 18, 49]",71.4,0.7430157136917114,149.9918794631958,10.86,633.1399999999999
59,"[37, 27, 77, 26, 38, 24, 39, 42, 46, 58]",63.77,0.8598073941469192,152.344722032547,11.18,644.3199999999998
60,"[26, 27, 12, 77, 38, 57, 51, 92, 7, 6]",63.74,0.8489792823791504,154.80003786087036,11.13,655.4499999999998
61,"[17, 37, 77, 26, 27, 24, 83, 18, 64, 91]",73.0,0.7054229015111924,157.18525385856628,11.38,666.8299999999998
62,"[38, 37, 27, 93, 77, 22, 60, 10, 26, 34]",70.08,0.7936586731672287,159.9416003227234,11.13,677.9599999999998
63,"[77, 27, 37, 12, 93, 70, 68, 85, 48, 49]",65.35,0.8662290197610855,162.09781551361084,12.1,690.0599999999998
64,"[77, 93, 27, 17, 12, 41, 45, 68, 92, 55]",68.38,0.783914350271225,164.4050796031952,11.71,701.7699999999999
65,"[37, 26, 17, 12, 27, 1, 19, 18, 51, 70]",75.61,0.6427298855781555,167.49249458312988,11.13,712.8999999999999
66,"[27, 17, 37, 38, 12, 84, 64, 57, 51, 30]",72.53,0.7034641507267952,169.9233214855194,11.38,724.2799999999999
67,"[93, 77, 12, 37, 27, 39, 48, 90, 60, 44]",68.01,0.8010378605127335,172.55822110176086,12.1,736.3799999999999
68,"[93, 17, 26, 77, 12, 61, 30, 60, 37, 99]",66.28,0.8817963963747024,175.09431743621826,11.29,747.6699999999998
69,"[38, 37, 12, 26, 27, 71, 86, 31, 17, 56]",72.23,0.6911587995290757,177.82462787628174,11.13,758.7999999999998
70,"[93, 27, 12, 77, 38, 17, 31, 80, 47, 18]",73.39,0.6807904407382012,180.5527801513672,10.86,769.6599999999999
71,"[27, 93, 26, 38, 37, 55, 95, 75, 16, 84]",76.01,0.6475890046358108,183.55795001983645,11.13,780.7899999999998
72,"[26, 77, 12, 93, 27, 20, 29, 17, 56, 90]",74.72,0.6600801217555999,186.95050978660583,11.13,791.9199999999998
73,"[77, 37, 38, 93, 27, 49, 55, 94, 95, 0]",69.69,0.761704694032669,189.41433715820312,10.58,802.4999999999999
74,"[17, 77, 38, 37, 27, 93, 75, 91, 92, 62]",75.5,0.6523436257243156,191.70438170433044,9.3,811.7999999999998
75,"[77, 12, 17, 93, 38, 76, 5, 45, 55, 49]",68.91,0.7866315850615502,194.48573112487796,11.71,823.5099999999999
76,"[93, 38, 27, 37, 12, 13, 47, 89, 83, 2]",72.06,0.718298676609993,197.23828744888303,10.86,834.3699999999999
77,"[12, 93, 17, 37, 77, 7, 69, 67, 2, 16]",66.51,0.8769283592700958,199.78475308418277,9.3,843.6699999999998
78,"[37, 77, 38, 93, 27, 76, 92, 19, 25, 45]",62.78,1.0155747473239898,202.29742169380188,11.71,855.3799999999999
79,"[26, 12, 77, 38, 93, 21, 64, 9, 2, 8]",71.15,0.746124652326107,204.89433455467224,11.38,866.7599999999999
80,"[27, 37, 93, 17, 26, 71, 97, 95, 82, 10]",76.27,0.6392759239673614,207.18405723571777,11.13,877.8899999999999
81,"[37, 27, 12, 26, 77, 66, 76, 73, 47, 61]",68.27,0.802253606915474,209.7998902797699,11.29,889.1799999999998
82,"[17, 77, 93, 12, 38, 98, 4, 63, 30, 80]",67.09,0.865954601764679,212.25529265403748,10.04,899.2199999999998
83,"[77, 27, 38, 93, 17, 29, 78, 96, 51, 6]",77.53,0.6058453783392906,214.8497405052185,9.3,908.5199999999998
84,"[77, 17, 93, 27, 37, 9, 30, 26, 28, 67]",72.24,0.7074970573186874,217.32743310928345,11.34,919.8599999999998
85,"[26, 93, 38, 12, 27, 48, 16, 5, 8, 6]",70.31,0.7125294303894043,220.58231019973755,12.1,931.9599999999998
86,"[37, 26, 52, 43, 27, 30, 85, 49, 53, 9]",78.08,0.5937601247429848,222.8238067626953,11.13,943.0899999999998
87,"[27, 37, 93, 77, 12, 23, 92, 53, 68, 78]",68.87,0.8101949232816696,225.47843074798584,8.96,952.0499999999998
88,"[93, 12, 38, 37, 27, 41, 14, 87, 99, 21]",72.72,0.7054556906223297,227.88205242156985,11.19,963.2399999999999
89,"[38, 77, 26, 12, 17, 91, 85, 63, 15, 98]",76.12,0.6416004452109337,230.0529079437256,11.13,974.3699999999999
90,"[93, 27, 17, 77, 38, 89, 13, 33, 48, 5]",76.11,0.639085131585598,232.40641570091248,12.1,986.4699999999999
91,"[37, 77, 12, 26, 38, 71, 67, 44, 36, 82]",68.84,0.7859177356958389,234.81012058258057,11.13,997.5999999999999
92,"[27, 12, 17, 38, 77, 83, 78, 4, 35, 52]",76.82,0.6101409438252449,237.2656137943268,10.11,1007.7099999999999
93,"[37, 38, 77, 12, 27, 86, 49, 39, 63, 22]",63.44,0.9444879913330078,239.7248182296753,10.58,1018.29
94,"[38, 27, 93, 26, 37, 42, 41, 63, 20, 55]",74.45,0.6562397614121437,242.0037167072296,11.19,1029.48
95,"[27, 26, 12, 77, 38, 60, 3, 5, 29, 96]",72.73,0.6912872508168221,244.53639554977417,11.13,1040.6100000000001
96,"[38, 27, 37, 26, 12, 58, 46, 75, 76, 69]",70.61,0.7094832891225815,247.1755723953247,11.13,1051.7400000000002
97,"[38, 77, 12, 26, 93, 6, 5, 16, 98, 52]",64.71,0.8753673523664475,249.66728854179385,11.13,1062.8700000000003
98,"[77, 17, 12, 93, 38, 40, 35, 2, 68, 94]",73.95,0.6834546539187432,252.48961448669436,10.93,1073.8000000000004
99,"[12, 38, 26, 17, 27, 60, 59, 79, 52, 96]",77.14,0.6029816564917564,254.82352256774905,11.13,1084.9300000000005
100,"[77, 17, 27, 26, 37, 5, 51, 23, 32, 69]",71.95,0.7223377898335457,257.34831523895264,11.13,1096.0600000000006
101,"[27, 12, 26, 38, 17, 29, 39, 11, 89, 57]",78.61,0.5713936403393746,259.5969059467316,11.13,1107.1900000000007
102,"[37, 93, 26, 17, 77, 99, 6, 27, 90, 31]",72.47,0.7086831915378571,262.3370645046234,11.13,1118.3200000000008
103,"[38, 12, 37, 77, 93, 74, 41, 19, 91, 25]",66.36,0.9681062132120132,264.8297462463379,11.19,1129.510000000001
104,"[93, 77, 12, 17, 26, 52, 53, 28, 27, 63]",75.83,0.6399631240963936,267.27464628219604,11.34,1140.8500000000008
105,"[77, 38, 27, 26, 37, 95, 72, 74, 86, 67]",72.16,0.6990685871243477,269.74217891693115,11.13,1151.980000000001
106,"[27, 77, 12, 93, 26, 42, 47, 33, 7, 41]",74.92,0.6419844263792038,272.21251606941223,11.19,1163.170000000001
107,"[77, 17, 26, 27, 93, 11, 3, 63, 55, 51]",75.45,0.6472098344564438,274.7420244216919,11.13,1174.300000000001
108,"[77, 12, 26, 27, 93, 88, 48, 11, 35, 98]",74.8,0.6584250098466873,277.9217505455017,12.1,1186.400000000001
109,"[37, 17, 12, 27, 77, 35, 84, 65, 83, 14]",74.56,0.6696703007817268,280.433420419693,9.3,1195.700000000001
110,"[17, 77, 38, 26, 12, 73, 45, 11, 29, 43]",80.05,0.5511547729372979,283.162966966629,11.71,1207.410000000001
111,"[38, 26, 37, 12, 17, 9, 82, 14, 44, 52]",76.44,0.6232550051808358,285.80358815193176,11.13,1218.540000000001
112,"[27, 77, 37, 26, 70, 86, 74, 87, 63, 53]",80.06,0.5513433426618576,288.3886921405792,11.13,1229.6700000000012
113,"[77, 27, 26, 12, 38, 44, 47, 52, 41, 85]",73.3,0.6682496711611747,290.8522427082062,11.19,1240.8600000000013
114,"[38, 27, 93, 77, 12, 67, 3, 92, 8, 4]",72.84,0.6708983951807022,293.1622362136841,10.1,1250.9600000000012
115,"[17, 12, 26, 77, 38, 81, 33, 80, 7, 19]",73.5,0.6894285744428634,295.8870985507965,11.13,1262.0900000000013
116,"[37, 27, 26, 38, 12, 40, 95, 82, 47, 67]",75.12,0.6502612835168838,298.472359418869,11.13,1273.2200000000014
117,"[12, 38, 17, 27, 37, 18, 34, 32, 98, 86]",76.0,0.6127998033165931,300.75129532814026,9.3,1282.5200000000013
118,"[93, 26, 38, 27, 37, 64, 62, 80, 18, 68]",75.89,0.6357904583215713,303.05944204330444,11.38,1293.9000000000015
119,"[17, 93, 27, 26, 37, 88, 82, 76, 16, 8]",79.76,0.5567682263255119,305.7933123111725,11.13,1305.0300000000016
120,"[27, 38, 17, 93, 12, 82, 86, 34, 58, 32]",77.98,0.5903884038329125,308.32207322120667,9.3,1314.3300000000015
121,"[37, 93, 17, 12, 27, 20, 60, 33, 50, 5]",78.85,0.576252681016922,311.25383973121643,9.3,1323.6300000000015
122,"[93, 27, 38, 12, 37, 60, 90, 69, 13, 94]",71.71,0.7589244610071182,314.2007167339325,7.72,1331.3500000000015
123,"[77, 93, 37, 12, 17, 74, 79, 58, 34, 54]",69.92,0.8362380439043045,317.2256968021393,10.63,1341.9800000000016
124,"[26, 12, 27, 77, 38, 80, 1, 64, 10, 89]",75.82,0.6260901382565498,319.7521605491638,11.38,1353.3600000000017
125,"[17, 27, 12, 93, 38, 64, 72, 77, 31, 79]",78.54,0.5770755735039711,322.25131916999817,11.38,1364.7400000000018
126,"[26, 37, 93, 27, 12, 22, 8, 68, 41, 59]",75.04,0.6411498263478279,324.8985016345978,11.19,1375.9300000000019
127,"[27, 38, 12, 37, 77, 63, 93, 30, 59, 14]",70.33,0.7902476608753204,327.20907044410706,9.18,1385.110000000002
128,"[12, 27, 37, 93, 77, 97, 43, 80, 55, 21]",72.21,0.7609713041782379,329.95188307762146,10.04,1395.150000000002
129,"[37, 12, 93, 27, 26, 99, 90, 96, 51, 50]",75.98,0.6101392751932144,332.6015748977661,11.13,1406.280000000002
130,"[93, 77, 27, 12, 38, 40, 82, 9, 41, 23]",72.27,0.7101567357778549,334.92077922821045,11.19,1417.470000000002
131,"[38, 17, 12, 77, 27, 31, 61, 37, 5, 29]",77.56,0.6004462024569511,337.51699328422546,11.29,1428.760000000002
132,"[12, 38, 17, 37, 93, 26, 48, 67, 99, 70]",77.38,0.6081429439783096,340.352422952652,12.1,1440.860000000002
133,"[93, 38, 17, 12, 77, 58, 23, 18, 68, 40]",75.39,0.6563356712460517,342.4885139465332,10.93,1451.790000000002
134,"[93, 12, 26, 37, 17, 27, 36, 31, 25, 42]",77.19,0.6077484539151192,345.420343875885,11.18,1462.970000000002
135,"[77, 26, 37, 12, 27, 28, 4, 91, 13, 32]",72.3,0.7194621390104294,347.5968632698059,11.34,1474.310000000002
136,"[77, 27, 12, 17, 93, 43, 55, 83, 56, 94]",78.86,0.5699433660507203,350.14617395401,11.1,1485.410000000002
137,"[77, 12, 27, 38, 17, 43, 19, 2, 50, 90]",80.1,0.5372527974843979,352.74357199668884,9.94,1495.350000000002
138,"[38, 75, 17, 77, 12, 4, 7, 26, 44, 23]",78.46,0.572405888736248,355.2475645542145,11.13,1506.480000000002
139,"[27, 12, 38, 37, 17, 60, 73, 52, 82, 59]",75.41,0.6302551293373108,357.55227303504944,10.55,1517.030000000002
140,"[38, 12, 27, 37, 17, 76, 93, 72, 58, 61]",73.13,0.7311922296881675,359.98469734191895,11.29,1528.320000000002
141,"[17, 77, 12, 93, 26, 11, 24, 88, 25, 1]",74.32,0.7007823452353478,362.5377082824707,11.13,1539.450000000002
142,"[26, 27, 38, 12, 37, 8, 15, 25, 52, 11]",74.01,0.6542826649546624,365.1517534255981,11.13,1550.5800000000022
143,"[93, 27, 38, 12, 77, 60, 81, 43, 95, 59]",75.86,0.6319653323292732,367.5717551708221,8.59,1559.1700000000021
144,"[93, 12, 27, 77, 17, 13, 16, 34, 89, 63]",78.3,0.5996834671497345,370.0945672988892,9.3,1568.470000000002
145,"[77, 26, 17, 12, 37, 83, 69, 72, 22, 94]",75.78,0.6405940499901771,372.59921002388,11.13,1579.6000000000022
146,"[27, 12, 93, 17, 37, 51, 24, 7, 81, 0]",77.31,0.620741006731987,374.8845210075378,9.3,1588.9000000000021
147,"[38, 12, 17, 37, 93, 91, 13, 85, 7, 30]",77.84,0.6410587134957314,377.15991282463074,9.3,1598.200000000002
148,"[77, 26, 12, 27, 17, 21, 73, 70, 59, 52]",79.44,0.545085611641407,379.69102573394775,11.13,1609.3300000000022
149,"[12, 38, 27, 17, 77, 58, 16, 59, 40, 80]",77.27,0.5843048265576363,382.4844491481781,10.93,1620.2600000000023
150,"[12, 77, 27, 37, 26, 66, 11, 20, 34, 65]",76.29,0.6210798561573029,384.8643751144409,11.13,1631.3900000000024
151,"[38, 17, 27, 77, 12, 90, 23, 24, 32, 72]",75.2,0.6416472181677818,387.5993413925171,10.78,1642.1700000000023
152,"[26, 38, 17, 12, 93, 60, 84, 22, 19, 1]",79.47,0.5767114007472992,390.4481699466705,11.13,1653.3000000000025
153,"[26, 77, 27, 12, 17, 67, 86, 59, 93, 71]",79.18,0.5636367699503899,393.00066614151,11.13,1664.4300000000026
154,"[12, 27, 93, 38, 17, 76, 89, 33, 54, 46]",80.52,0.530103605389595,395.3678674697876,9.3,1673.7300000000025
155,"[17, 26, 38, 27, 93, 53, 66, 83, 69, 96]",81.74,0.4940871274471283,398.1191771030426,11.13,1684.8600000000026
156,"[77, 38, 17, 27, 12, 82, 92, 28, 98, 45]",79.1,0.5534812554717063,400.59168791770935,11.71,1696.5700000000027
157,"[77, 26, 12, 27, 37, 55, 98, 19, 39, 53]",76.32,0.635293639600277,402.9085533618927,11.13,1707.7000000000028
158,"[12, 93, 77, 27, 37, 85, 57, 7, 76, 91]",71.84,0.7683449158072472,405.4360973834992,8.83,1716.5300000000027
159,"[12, 37, 77, 27, 38, 31, 61, 59, 58, 72]",67.42,0.8990539056062699,407.7197031974793,11.29,1727.8200000000027
160,"[38, 17, 37, 93, 12, 72, 39, 71, 73, 5]",76.93,0.6208899623155594,410.2168481349945,11.09,1738.9100000000026
161,"[12, 17, 77, 38, 27, 75, 54, 67, 39, 46]",79.99,0.5288161730766296,412.9473645687103,9.3,1748.2100000000025
162,"[12, 37, 77, 38, 26, 4, 34, 66, 67, 61]",72.97,0.7308296227455139,415.5925455093384,11.29,1759.5000000000025
163,"[26, 17, 27, 38, 77, 43, 48, 74, 36, 24]",78.78,0.5576015627384185,418.1784954071045,12.1,1771.6000000000024
164,"[17, 12, 37, 27, 77, 81, 44, 90, 82, 78]",76.3,0.6370323225855827,420.7696995735169,9.3,1780.9000000000024
165,"[37, 12, 27, 17, 77, 86, 47, 64, 0, 85]",80.22,0.537663189470768,423.2968747615814,11.38,1792.2800000000025
166,"[77, 93, 38, 12, 27, 65, 28, 46, 7, 42]",76.21,0.6360516741871833,425.491375207901,11.34,1803.6200000000024
167,"[17, 37, 27, 12, 26, 69, 72, 51, 47, 98]",81.81,0.4968190839886665,427.8240966796875,11.13,1814.7500000000025
168,"[26, 93, 12, 27, 37, 61, 36, 53, 76, 11]",78.99,0.5844382685422898,430.50479388237,11.29,1826.0400000000025
169,"[38, 77, 26, 37, 27, 36, 43, 86, 89, 25]",77.93,0.5855952000617981,433.2755184173584,11.13,1837.1700000000026
170,"[37, 27, 77, 93, 17, 35, 2, 68, 23, 15]",76.56,0.6397311359643936,435.8325004577637,9.3,1846.4700000000025
171,"[12, 26, 38, 17, 37, 1, 54, 16, 36, 96]",77.7,0.6040506267547607,438.9113914966583,11.13,1857.6000000000026
172,"[77, 93, 26, 38, 27, 19, 24, 88, 43, 20]",79.69,0.5375633320212364,441.4567673206329,11.13,1868.7300000000027
173,"[17, 12, 77, 38, 27, 78, 60, 62, 24, 29]",82.6,0.4836507821083068,443.8406298160553,9.3,1878.0300000000027
174,"[77, 38, 27, 93, 37, 42, 14, 58, 71, 84]",75.86,0.6551738318800926,447.2738690376282,11.18,1889.2100000000028
175,"[38, 37, 17, 77, 27, 40, 66, 23, 65, 69]",78.41,0.5735140410065651,449.9296064376831,10.93,1900.1400000000028
176,"[77, 12, 93, 26, 38, 15, 48, 83, 68, 64]",80.45,0.5450562927126884,452.1452579498291,12.1,1912.2400000000027
177,"[38, 12, 93, 77, 26, 17, 61, 83, 95, 8]",81.8,0.5021007433533669,454.5915274620056,11.29,1923.5300000000027
178,"[26, 17, 38, 5, 27, 85, 29, 54, 39, 65]",79.54,0.5508987691998481,456.6354801654816,11.13,1934.6600000000028
179,"[12, 77, 27, 38, 37, 30, 26, 14, 61, 67]",74.47,0.678496390581131,459.459942817688,11.29,1945.9500000000028
180,"[17, 27, 93, 12, 26, 83, 16, 41, 24, 91]",82.92,0.4740544900298118,461.9120104312897,11.19,1957.1400000000028
181,"[77, 38, 37, 26, 17, 80, 3, 82, 15, 78]",78.55,0.5907717260718346,464.3997180461884,11.13,1968.270000000003
182,"[77, 37, 17, 12, 27, 1, 79, 32, 5, 38]",76.81,0.6189760825037957,467.211989402771,10.63,1978.900000000003
183,"[12, 37, 17, 26, 38, 53, 20, 6, 2, 86]",79.17,0.5691992303729058,469.9144914150238,11.13,1990.0300000000032
184,"[77, 38, 37, 26, 12, 27, 40, 50, 21, 59]",77.28,0.6066314619779587,472.3405706882477,11.13,2001.1600000000033
185,"[37, 17, 27, 26, 93, 4, 86, 39, 98, 57]",80.43,0.5346880629658699,474.7424545288086,11.13,2012.2900000000034
186,"[93, 38, 77, 12, 17, 67, 59, 28, 27, 30]",79.73,0.5657722240686417,477.296234369278,11.34,2023.6300000000033
187,"[27, 37, 17, 26, 77, 87, 68, 28, 40, 33]",80.47,0.5318902456760406,479.8621182441712,11.34,2034.9700000000032
188,"[27, 12, 38, 93, 26, 39, 7, 67, 63, 45]",79.85,0.5486227142810821,482.2563850879669,11.71,2046.6800000000032
189,"[12, 38, 17, 77, 26, 18, 30, 34, 60, 50]",80.85,0.5281757536530495,484.62570214271545,11.13,2057.810000000003
190,"[12, 37, 77, 38, 17, 72, 30, 43, 27, 75]",78.15,0.5839933308959008,487.1394555568695,10.78,2068.5900000000033
191,"[93, 12, 17, 26, 38, 19, 58, 20, 3, 18]",80.67,0.5346165895462036,489.59217858314514,11.13,2079.7200000000034
192,"[27, 38, 77, 93, 12, 8, 56, 88, 97, 85]",77.78,0.6034828850626945,492.2131793498993,11.1,2090.8200000000033
193,"[26, 37, 17, 93, 77, 99, 75, 29, 13, 27]",80.66,0.5248690044879913,495.0974967479706,11.13,2101.9500000000035
194,"[27, 77, 26, 93, 12, 28, 22, 34, 95, 53]",80.14,0.5441868740320206,497.656046628952,11.34,2113.2900000000036
195,"[77, 26, 17, 93, 38, 90, 87, 32, 84, 73]",82.14,0.5007770505547523,500.2861981391907,11.13,2124.4200000000037
196,"[75, 38, 17, 77, 26, 28, 23, 48, 60, 42]",81.01,0.5215476921200752,502.3917896747589,12.1,2136.5200000000036
197,"[26, 12, 37, 38, 27, 21, 11, 7, 42, 55]",78.74,0.5665095260739327,505.2530446052551,11.18,2147.7000000000035
198,"[77, 27, 93, 26, 12, 79, 80, 2, 85, 41]",78.4,0.5973466202616692,507.7403988838196,11.19,2158.8900000000035
199,"[77, 17, 93, 37, 26, 43, 36, 39, 23, 89]",78.23,0.6092570805549622,510.3188934326172,11.13,2170.0200000000036
200,"[26, 12, 77, 17, 93, 66, 32, 90, 85, 69]",79.13,0.5796447893977166,512.9609277248383,11.13,2181.1500000000037
201,"[93, 37, 12, 27, 17, 23, 86, 81, 64, 13]",79.91,0.5586550262570381,515.4140155315399,11.38,2192.530000000004
202,"[27, 37, 12, 77, 38, 35, 62, 23, 49, 84]",74.25,0.706527706682682,518.249701499939,10.58,2203.1100000000038
203,"[38, 12, 93, 77, 17, 37, 63, 31, 35, 15]",74.5,0.7320146286487579,521.0016231536865,9.3,2212.410000000004
204,"[77, 12, 93, 27, 38, 24, 49, 64, 60, 95]",79.33,0.5613034337759018,523.4525060653687,11.38,2223.790000000004
205,"[38, 27, 17, 26, 77, 23, 93, 86, 97, 99]",81.56,0.501500329375267,525.9360074996948,11.13,2234.920000000004
206,"[26, 93, 38, 77, 27, 37, 51, 60, 84, 63]",79.09,0.5764851775765419,528.7996327877045,11.13,2246.0500000000043
207,"[77, 26, 12, 37, 38, 63, 66, 15, 82, 7]",76.37,0.6692454582452774,531.268913269043,11.13,2257.1800000000044
208,"[12, 26, 77, 27, 75, 81, 80, 47, 4, 62]",80.14,0.5413471955060959,533.4765067100525,11.13,2268.3100000000045
209,"[38, 17, 26, 77, 37, 31, 7, 90, 15, 41]",77.93,0.6044129818677902,536.1679825782776,11.19,2279.5000000000045
210,"[38, 27, 12, 26, 93, 90, 29, 5, 18, 17]",82.51,0.4752839142084121,538.7369561195374,11.13,2290.6300000000047
211,"[37, 38, 26, 93, 77, 46, 89, 95, 66, 32]",78.7,0.5954700976610183,541.2751131057739,11.13,2301.7600000000048
212,"[12, 17, 77, 27, 37, 76, 38, 33, 44, 49]",75.38,0.6877962404489517,543.9307863712311,10.58,2312.3400000000047
213,"[93, 17, 75, 27, 77, 7, 44, 69, 23, 67]",79.56,0.5698732084035874,546.338675737381,9.3,2321.640000000005
214,"[17, 75, 26, 77, 12, 74, 73, 42, 58, 70]",80.13,0.5559111440181732,548.641859292984,11.18,2332.8200000000047
215,"[93, 77, 12, 75, 38, 90, 16, 22, 31, 5]",76.44,0.64789620667696,551.1205594539642,8.59,2341.410000000005
216,"[37, 77, 27, 17, 12, 39, 79, 42, 58, 70]",78.39,0.594483711719513,553.789519071579,11.18,2352.5900000000047
217,"[17, 38, 77, 26, 37, 15, 71, 84, 7, 3]",79.12,0.5694521850347519,556.4254448413849,11.13,2363.720000000005
218,"[26, 38, 12, 27, 93, 0, 69, 32, 66, 47]",81.02,0.5192560836672783,558.6518359184265,11.13,2374.850000000005
219,"[77, 93, 12, 38, 37, 35, 95, 75, 84, 29]",77.89,0.6081566658616065,561.6942961215973,8.59,2383.440000000005
220,"[77, 27, 75, 12, 26, 89, 45, 25, 33, 24]",79.58,0.5586306589841843,563.9291398525238,11.71,2395.150000000005
221,"[17, 38, 77, 27, 93, 16, 36, 69, 96, 76]",80.78,0.5139708539843559,566.9540071487427,9.3,2404.4500000000053
222,"[12, 27, 93, 77, 38, 28, 11, 92, 3, 74]",79.85,0.5525091210007668,569.1178271770477,11.34,2415.7900000000054
223,"[93, 37, 26, 12, 77, 14, 96, 2, 58, 6]",73.54,0.7966987290978431,571.4916424751282,11.13,2426.9200000000055
224,"[93, 27, 12, 37, 17, 73, 80, 86, 42, 99]",75.6,0.7058001261949539,574.0646963119507,11.18,2438.1000000000054
225,"[17, 12, 93, 26, 38, 99, 92, 22, 13, 67]",80.51,0.5417070218920708,576.4371950626373,11.13,2449.2300000000055
226,"[27, 12, 93, 37, 77, 15, 87, 88, 7, 96]",76.09,0.6731952574849128,578.9325451850891,8.72,2457.9500000000053
227,"[27, 26, 38, 12, 93, 15, 11, 67, 50, 72]",80.18,0.5350118783116341,581.375895023346,11.13,2469.0800000000054
228,"[12, 77, 93, 17, 38, 9, 42, 4, 8, 15]",79.23,0.5873206949234009,584.297369480133,11.18,2480.260000000005
229,"[26, 77, 37, 27, 12, 66, 9, 59, 98, 0]",77.68,0.6221291691064834,586.9129507541656,11.13,2491.3900000000053
230,"[17, 77, 93, 27, 26, 31, 55, 19, 1, 57]",80.62,0.5416422271728516,589.6274206638336,11.13,2502.5200000000054
231,"[37, 27, 38, 26, 77, 89, 31, 84, 90, 8]",80.79,0.5146029946208001,592.5875022411346,11.13,2513.6500000000055
232,"[27, 93, 26, 77, 17, 61, 31, 39, 97, 64]",81.69,0.5133422464132309,595.330899477005,11.38,2525.0300000000057
233,"[37, 77, 12, 38, 93, 49, 84, 13, 0, 8]",75.23,0.7322006192803383,598.0664775371552,10.58,2535.6100000000056
234,"[37, 26, 93, 12, 27, 24, 52, 41, 89, 64]",80.24,0.5446591955423356,600.4617631435394,11.38,2546.9900000000057
235,"[37, 93, 17, 38, 77, 76, 2, 61, 7, 9]",76.54,0.693620183467865,602.9868338108063,11.29,2558.2800000000057
236,"[26, 12, 27, 38, 93, 8, 23, 52, 62, 19]",80.47,0.5370022225379943,605.900768995285,11.13,2569.4100000000058
237,"[26, 12, 17, 93, 77, 45, 88, 96, 94, 41]",78.64,0.6043783444166183,608.1111006736755,11.71,2581.120000000006
238,"[77, 93, 26, 37, 12, 27, 25, 65, 82, 35]",75.79,0.7217776465415955,610.7682955265045,11.13,2592.250000000006
239,"[12, 27, 93, 38, 26, 32, 4, 29, 50, 45]",82.59,0.4747882413864135,612.9964065551758,11.71,2603.960000000006
240,"[27, 77, 17, 12, 37, 50, 13, 8, 39, 48]",80.16,0.5384116387367248,615.7381062507629,12.1,2616.060000000006
241,"[26, 93, 77, 38, 12, 9, 84, 91, 6, 36]",80.78,0.5343232473731041,618.8530068397522,11.13,2627.190000000006
242,"[38, 93, 12, 77, 27, 86, 54, 78, 19, 91]",81.41,0.5167326495051384,621.3211359977722,9.94,2637.130000000006
243,"[38, 26, 77, 37, 12, 64, 75, 55, 65, 87]",81.08,0.5250329542160034,623.661835193634,11.38,2648.510000000006
244,"[27, 75, 93, 17, 12, 46, 84, 42, 21, 31]",81.53,0.5135976493358612,626.112544298172,11.18,2659.690000000006
245,"[93, 27, 38, 12, 77, 82, 79, 51, 15, 87]",81.93,0.4930859211087227,628.4047300815582,10.63,2670.320000000006
246,"[93, 12, 75, 38, 17, 43, 60, 52, 5, 95]",82.96,0.4828989341855049,630.9565513134003,10.11,2680.430000000006
247,"[26, 37, 12, 27, 77, 9, 10, 74, 46, 29]",81.06,0.5163560664653778,633.5888381004333,11.13,2691.5600000000063
248,"[17, 27, 75, 38, 77, 4, 91, 76, 24, 63]",83.28,0.4634151649475098,635.8163917064667,9.3,2700.8600000000065
249,"[77, 38, 27, 12, 93, 17, 56, 80, 78, 40]",81.87,0.4989812669157982,638.3132770061493,11.1,2711.9600000000064
250,"[12, 38, 26, 27, 17, 35, 60, 64, 78, 63]",83.91,0.447988776564598,640.7235903739929,11.38,2723.3400000000065
251,"[93, 17, 37, 38, 26, 21, 29, 69, 76, 1]",82.23,0.492154491841793,643.2421569824219,11.13,2734.4700000000066
252,"[17, 25, 26, 5, 27, 96, 84, 73, 29, 74]",83.16,0.4609750384092331,645.7346305847168,11.13,2745.6000000000067
253,"[77, 27, 26, 38, 17, 42, 76, 12, 73, 60]",80.27,0.5477250424027443,648.7747626304626,11.18,2756.7800000000066
254,"[77, 26, 38, 17, 25, 60, 13, 42, 95, 80]",81.36,0.5143568113446235,651.2103371620178,11.18,2767.9600000000064
255,"[93, 25, 27, 37, 17, 96, 32, 92, 51, 95]",79.59,0.5803573179244995,653.4416511058807,9.3,2777.2600000000066
256,"[27, 37, 17, 38, 12, 87, 33, 66, 11, 10]",84.27,0.4314879469573497,655.9681172370911,9.3,2786.5600000000068
257,"[75, 26, 37, 93, 77, 59, 94, 87, 27, 56]",82.02,0.4889637652039528,658.3963124752045,11.13,2797.690000000007
258,"[17, 37, 77, 26, 27, 40, 92, 5, 59, 86]",80.26,0.53697837382555,661.151221036911,11.13,2808.820000000007
259,"[77, 27, 25, 26, 93, 8, 23, 56, 2, 35]",81.87,0.5136624863743782,663.9333930015564,11.13,2819.950000000007
260,"[38, 17, 37, 25, 12, 23, 68, 55, 10, 60]",78.08,0.6478296747803688,666.6525983810425,9.3,2829.2500000000073
261,"[38, 77, 93, 37, 26, 91, 36, 61, 57, 74]",80.81,0.5501391649246216,669.4294006824493,11.29,2840.5400000000072
262,"[93, 75, 38, 12, 26, 79, 51, 33, 19, 27]",83.18,0.4714122703671455,671.8580708503723,11.13,2851.6700000000073
263,"[26, 25, 77, 12, 93, 52, 29, 38, 74, 97]",79.62,0.5781915867328644,674.3535504341125,11.13,2862.8000000000075
264,"[70, 12, 93, 38, 75, 27, 74, 5, 80, 72]",82.57,0.4808996218442917,676.6168439388275,10.78,2873.5800000000077
265,"[25, 37, 38, 17, 77, 11, 80, 68, 39, 21]",74.64,0.7328607049584389,678.9629044532776,10.04,2883.6200000000076
266,"[26, 5, 17, 75, 25, 90, 60, 63, 48, 32]",82.72,0.4798336741328239,681.310818195343,12.1,2895.7200000000075
267,"[93, 37, 12, 77, 17, 60, 94, 32, 92, 23]",74.75,0.7934691834449769,683.6252777576447,9.3,2905.0200000000077
268,"[17, 77, 38, 26, 12, 73, 89, 23, 50, 51]",80.85,0.5143511658906936,685.9517345428467,11.13,2916.150000000008
269,"[26, 17, 77, 27, 37, 40, 72, 60, 97, 89]",81.79,0.4961143332719803,688.3192486763,11.13,2927.280000000008
270,"[17, 27, 77, 75, 12, 70, 85, 87, 96, 79]",83.56,0.4630746805667877,690.9237349033356,10.63,2937.910000000008
271,"[25, 37, 38, 17, 12, 91, 15, 84, 55, 18]",79.24,0.5883088248968125,693.3553640842438,9.3,2947.210000000008
272,"[27, 75, 77, 17, 38, 29, 72, 82, 24, 13]",83.77,0.4522019481658935,695.6781044006348,10.78,2957.9900000000084
273,"[93, 27, 37, 77, 17, 28, 11, 41, 25, 97]",77.29,0.6665765693783761,698.0721049308777,11.34,2969.3300000000086
274,"[93, 12, 77, 27, 38, 5, 31, 26, 10, 53]",81.12,0.5207130962610245,700.9214754104614,11.13,2980.4600000000087
275,"[77, 37, 27, 12, 17, 66, 81, 20, 55, 99]",79.18,0.5927638047933579,703.557056427002,9.3,2989.760000000009
276,"[77, 75, 37, 26, 27, 98, 43, 32, 51, 57]",80.55,0.5399033445119857,705.9858567714691,11.13,3000.890000000009
277,"[53, 27, 26, 75, 37, 85, 48, 52, 46, 91]",84.3,0.4353695610165596,708.2796697616577,12.1,3012.990000000009
278,"[37, 26, 77, 12, 27, 61, 6, 69, 28, 10]",76.53,0.6812635397911072,710.9233617782593,11.34,3024.330000000009
279,"[17, 37, 27, 93, 77, 29, 24, 28, 6, 26]",82.25,0.5035153470933438,713.5160164833069,11.34,3035.670000000009
280,"[77, 37, 75, 38, 27, 46, 26, 47, 76, 29]",82.58,0.485588330924511,716.2878046035767,11.13,3046.8000000000093
281,"[25, 12, 75, 27, 37, 56, 35, 18, 20, 65]",80.15,0.5632432001829147,718.6464939117432,11.1,3057.900000000009
282,"[38, 27, 77, 93, 17, 23, 8, 14, 39, 51]",83.93,0.4560527867078781,720.9857597351074,9.3,3067.2000000000094
283,"[38, 93, 5, 37, 26, 6, 94, 87, 49, 79]",80.86,0.5330724453926087,723.2590897083282,11.13,3078.3300000000095
284,"[77, 17, 26, 37, 38, 4, 93, 21, 80, 5]",78.56,0.6200247746706009,725.9287753105164,11.13,3089.4600000000096
285,"[77, 12, 93, 75, 26, 82, 1, 41, 31, 34]",79.37,0.5933682742714882,728.735378742218,11.19,3100.6500000000096
286,"[25, 17, 37, 27, 75, 30, 3, 43, 89, 9]",80.86,0.5278165620565415,730.9550330638885,10.1,3110.7500000000095
287,"[75, 27, 37, 77, 12, 5, 84, 47, 74, 26]",80.98,0.5303018364310265,733.6870532035828,11.13,3121.8800000000097
288,"[77, 43, 75, 37, 12, 55, 17, 56, 89, 69]",78.78,0.6223910510540008,736.2640426158905,11.1,3132.9800000000096
289,"[75, 38, 26, 37, 77, 96, 46, 58, 52, 17]",81.42,0.5181947386264801,738.7205970287323,11.13,3144.1100000000097
290,"[93, 37, 26, 27, 12, 69, 47, 35, 89, 63]",82.98,0.4742334090173244,741.4266905784607,11.13,3155.24000000001
291,"[37, 12, 77, 26, 93, 94, 17, 75, 9, 73]",77.81,0.6552801167964936,743.9095125198364,11.13,3166.37000000001
292,"[27, 75, 26, 38, 93, 90, 36, 19, 31, 11]",82.85,0.4738337898254394,746.4752478599548,11.13,3177.50000000001
293,"[12, 17, 25, 27, 75, 60, 29, 36, 48, 16]",84.19,0.4388299280405044,749.0987195968628,12.1,3189.60000000001
294,"[37, 75, 27, 17, 77, 31, 38, 80, 65, 12]",78.59,0.61561080545187,751.6536066532135,10.04,3199.64000000001
295,"[77, 37, 25, 27, 93, 20, 10, 84, 85, 9]",80.14,0.5751112937927246,754.0849804878235,8.59,3208.23000000001
296,"[27, 38, 93, 17, 12, 49, 1, 63, 66, 30]",83.27,0.4604048269987106,756.5943195819855,10.58,3218.81000000001
297,"[17, 12, 93, 37, 26, 94, 24, 58, 52, 48]",79.68,0.6025015923380852,758.8054914474487,12.1,3230.91000000001
298,"[17, 37, 25, 26, 12, 53, 72, 7, 52, 19]",78.76,0.6262914845347405,761.1678080558777,11.13,3242.04000000001
299,"[77, 38, 93, 5, 37, 8, 24, 47, 89, 31]",81.35,0.5211055350303649,763.5409359931946,10.86,3252.90000000001
300,"[37, 5, 75, 17, 50, 49, 14, 13, 42, 10]",82.77,0.4805012112855911,765.4899542331696,11.18,3264.08000000001
301,"[27, 38, 93, 17, 12, 1, 18, 56, 48, 21]",83.14,0.4717052918672562,768.3387126922607,12.1,3276.18000000001
302,"[93, 27, 26, 37, 38, 78, 96, 11, 21, 3]",81.88,0.4989980253577232,770.9132170677185,11.13,3287.31000000001
303,"[25, 37, 27, 12, 17, 74, 40, 31, 9, 95]",80.63,0.5510631182789802,773.2379727363586,10.93,3298.24000000001
304,"[25, 17, 93, 70, 77, 7, 45, 11, 15, 23]",78.98,0.6236838272213936,775.3917768001556,11.71,3309.95000000001
305,"[77, 37, 93, 5, 17, 69, 13, 98, 88, 20]",80.12,0.5807014855742455,777.8449623584747,9.3,3319.25000000001
306,"[93, 25, 27, 12, 38, 23, 52, 32, 33, 77]",77.95,0.6540219935774804,780.3042893409729,10.11,3329.36000000001
307,"[27, 25, 26, 38, 5, 51, 45, 42, 60, 13]",81.82,0.4962067681550979,783.0823137760162,11.71,3341.07000000001
308,"[70, 38, 93, 12, 27, 84, 44, 75, 5, 96]",84.22,0.4378871899843216,785.9035811424255,8.94,3350.01000000001
309,"[77, 27, 37, 75, 38, 8, 7, 73, 60, 97]",81.41,0.5076180344820023,788.1715157032013,10.55,3360.5600000000104
310,"[27, 77, 12, 26, 38, 31, 98, 1, 90, 5]",80.51,0.5310563528537751,790.9168930053711,11.13,3371.6900000000105
311,"[77, 26, 38, 93, 17, 71, 20, 99, 10, 37]",81.78,0.5146179217100143,793.593015909195,11.13,3382.8200000000106
312,"[26, 38, 27, 12, 75, 62, 63, 52, 50, 22]",82.61,0.4664118468761444,796.0517592430115,11.13,3393.9500000000107
313,"[27, 93, 38, 26, 12, 48, 65, 2, 15, 35]",83.19,0.471045283973217,798.4168562889099,12.1,3406.0500000000106
314,"[93, 27, 38, 77, 37, 79, 73, 15, 94, 59]",79.18,0.597644729912281,800.7498049736023,10.63,3416.6800000000108
315,"[12, 93, 17, 75, 26, 46, 81, 6, 92, 94]",82.1,0.5119555711746215,803.0487411022186,11.13,3427.810000000011
316,"[26, 75, 77, 17, 27, 76, 41, 36, 87, 81]",82.91,0.4797618706524372,805.2873780727386,11.19,3439.000000000011
317,"[27, 75, 26, 77, 37, 73, 7, 10, 61, 41]",78.28,0.6224638548493385,808.0106718540192,11.29,3450.290000000011
318,"[37, 25, 27, 77, 75, 89, 29, 70, 9, 56]",83.7,0.4737555772066116,810.2881243228912,11.1,3461.390000000011
319,"[93, 77, 37, 17, 25, 20, 39, 81, 66, 0]",79.43,0.6045347726345063,812.4824392795563,9.3,3470.690000000011
320,"[69, 38, 26, 93, 77, 89, 34, 2, 13, 88]",82.08,0.5152709296345711,814.8180551528931,11.13,3481.820000000011
321,"[12, 27, 37, 70, 17, 43, 97, 21, 56, 73]",82.32,0.4930976593494415,817.2550165653229,11.1,3492.920000000011
322,"[27, 37, 26, 25, 77, 67, 75, 99, 16, 63]",79.78,0.5676556950807572,820.5608603954315,11.13,3504.050000000011
323,"[38, 17, 75, 37, 12, 4, 36, 95, 43, 16]",82.72,0.4811625957489013,823.1395735740662,9.3,3513.3500000000113
324,"[17, 77, 37, 26, 93, 24, 18, 7, 99, 36]",80.79,0.558378087580204,825.672679901123,11.13,3524.4800000000114
325,"[26, 17, 27, 12, 38, 96, 16, 78, 9, 79]",83.97,0.4427841833233833,828.2723019123077,11.13,3535.6100000000115
326,"[16, 25, 27, 37, 77, 67, 5, 71, 2, 97]",79.01,0.5989256742596626,830.6270928382874,11.09,3546.7000000000116
327,"[75, 5, 77, 26, 27, 41, 22, 72, 88, 24]",78.57,0.5968326535820961,833.3315196037292,11.19,3557.8900000000117
328,"[93, 37, 12, 38, 17, 36, 33, 77, 92, 75]",79.94,0.5949065577983856,836.0416162014008,9.3,3567.190000000012
329,"[27, 38, 37, 12, 77, 50, 92, 70, 83, 22]",83.01,0.4830444923043251,838.8472645282745,8.96,3576.150000000012
330,"[38, 27, 25, 37, 26, 80, 94, 65, 75, 29]",82.83,0.47833506077528,840.9543101787567,11.13,3587.280000000012
331,"[12, 77, 38, 37, 93, 46, 18, 31, 40, 86]",76.82,0.686749218404293,843.4183852672577,10.93,3598.210000000012
332,"[25, 26, 27, 17, 75, 11, 43, 97, 66, 46]",80.71,0.5505463737249374,845.8143720626831,11.13,3609.340000000012
333,"[27, 26, 17, 43, 75, 21, 91, 93, 44, 25]",83.93,0.4626936319470405,848.5365326404572,11.13,3620.470000000012
334,"[77, 38, 27, 5, 12, 50, 79, 40, 63, 76]",80.97,0.5155400422215461,850.936240196228,10.93,3631.400000000012
335,"[12, 77, 26, 37, 27, 99, 57, 71, 10, 47]",80.47,0.5573669219017029,853.3783235549927,11.13,3642.530000000012
336,"[25, 93, 38, 77, 27, 64, 3, 14, 96, 68]",81.67,0.5013220983743668,855.6288843154907,11.38,3653.910000000012
337,"[37, 12, 77, 26, 5, 74, 4, 33, 73, 21]",74.99,0.773976494371891,857.7900531291962,11.13,3665.0400000000122
338,"[27, 75, 77, 26, 12, 9, 62, 17, 78, 98]",81.79,0.5123286709189415,860.5001137256622,11.13,3676.1700000000124
339,"[93, 5, 77, 26, 27, 59, 13, 4, 33, 1]",80.98,0.5365716904401779,863.0530066490173,11.13,3687.3000000000125
340,"[25, 38, 37, 77, 26, 41, 60, 64, 20, 74]",79.54,0.5881945115327835,865.6060891151428,11.38,3698.6800000000126
341,"[17, 70, 77, 37, 26, 38, 12, 64, 14, 68]",81.94,0.5183616515994072,868.245566368103,11.38,3710.0600000000127
342,"[12, 27, 70, 25, 17, 80, 62, 32, 13, 4]",81.87,0.5219871568679809,870.9197516441345,10.04,3720.1000000000126
343,"[12, 17, 38, 25, 75, 3, 30, 90, 34, 8]",83.89,0.4520484700798988,873.4702308177948,10.1,3730.2000000000126
344,"[25, 75, 26, 5, 77, 87, 29, 88, 97, 35]",83.34,0.4641162106394768,875.7917053699493,11.13,3741.3300000000127
345,"[27, 37, 38, 26, 77, 24, 39, 79, 10, 1]",80.67,0.5390529122948646,878.2299213409424,11.13,3752.4600000000128
346,"[38, 93, 37, 75, 12, 82, 17, 60, 44, 43]",82.52,0.5002684217691421,880.7477562427521,9.3,3761.760000000013
347,"[77, 26, 27, 37, 5, 68, 82, 0, 72, 46]",79.14,0.5918484675884247,883.0021133422852,11.13,3772.890000000013
348,"[27, 12, 93, 26, 17, 39, 37, 5, 58, 98]",81.47,0.5445299285650254,885.4086537361145,11.13,3784.020000000013
349,"[93, 17, 12, 25, 77, 71, 89, 87, 8, 69]",81.42,0.5385642540454865,887.9087836742401,11.09,3795.1100000000133
350,"[25, 17, 37, 93, 75, 98, 81, 67, 95, 58]",79.97,0.6011662149429321,890.2531986236572,9.3,3804.4100000000135
351,"[38, 37, 12, 27, 77, 87, 75, 19, 34, 70]",84.13,0.4559709399938583,892.7596480846405,9.94,3814.3500000000136
352,"[55, 25, 27, 38, 93, 56, 73, 41, 10, 24]",82.15,0.4925605045258999,894.861722946167,11.19,3825.5400000000136
353,"[27, 12, 77, 38, 70, 17, 46, 42, 30, 59]",83.74,0.4505650152266025,897.1943175792694,11.18,3836.7200000000134
354,"[16, 27, 26, 38, 93, 51, 10, 45, 30, 49]",82.62,0.4891226774454116,899.2801086902618,11.71,3848.4300000000135
355,"[93, 25, 77, 75, 43, 0, 64, 10, 70, 65]",83.53,0.4847538256645202,901.485817670822,11.38,3859.8100000000136
356,"[12, 75, 69, 27, 93, 46, 82, 91, 30, 50]",85.38,0.4153383794426918,903.3640804290771,9.18,3868.9900000000134
357,"[55, 77, 69, 27, 25, 11, 94, 39, 2, 65]",81.39,0.5250675681233407,905.3531119823456,8.59,3877.5800000000136
358,"[12, 43, 37, 55, 93, 27, 53, 51, 39, 88]",82.66,0.5001290503144264,907.7532515525818,7.22,3884.8000000000134
359,"[17, 77, 12, 25, 38, 31, 30, 75, 98, 5]",81.05,0.543206661939621,910.3810920715332,9.3,3894.1000000000136
360,"[25, 93, 26, 38, 12, 39, 97, 19, 13, 68]",80.48,0.5679734486341477,912.6450414657592,11.13,3905.2300000000137
361,"[38, 37, 75, 77, 16, 83, 68, 20, 63, 15]",83.05,0.4857052728533745,914.6036047935486,8.59,3913.820000000014
362,"[37, 12, 75, 27, 77, 18, 34, 82, 1, 56]",79.08,0.6062386393547058,916.9289047718048,11.1,3924.9200000000137
363,"[77, 75, 5, 27, 17, 34, 58, 76, 37, 0]",80.0,0.584559238255024,919.2910842895508,9.3,3934.220000000014
364,"[38, 26, 75, 27, 77, 13, 10, 52, 80, 37]",81.65,0.5136430528759957,922.0240001678468,11.13,3945.350000000014
365,"[38, 26, 16, 93, 17, 11, 4, 34, 24, 37]",84.3,0.4537678116559982,924.458767414093,11.13,3956.480000000014
366,"[16, 75, 69, 38, 27, 7, 55, 12, 15, 60]",84.68,0.4288563193380832,926.6934716701508,7.72,3964.200000000014
367,"[55, 70, 38, 27, 93, 58, 46, 57, 5, 96]",84.88,0.4269101487100124,928.6560893058776,8.94,3973.140000000014
368,"[75, 25, 17, 37, 16, 89, 95, 92, 38, 91]",84.41,0.4492084728181362,931.1272113323212,9.3,3982.440000000014
369,"[38, 27, 25, 26, 17, 5, 86, 58, 75, 96]",83.78,0.443638284355402,933.599258184433,11.13,3993.5700000000143
370,"[93, 75, 37, 27, 17, 53, 41, 84, 85, 6]",81.02,0.5523040589690208,936.2732830047609,11.19,4004.7600000000143
371,"[38, 17, 93, 75, 5, 10, 12, 86, 59, 72]",84.39,0.4455256120860577,938.4828147888184,10.78,4015.5400000000145
372,"[25, 38, 26, 27, 37, 64, 56, 69, 45, 81]",82.24,0.4850741696357727,941.0453610420228,11.71,4027.2500000000146
373,"[75, 93, 70, 38, 25, 44, 40, 73, 23, 79]",85.02,0.4308375737071037,943.2985014915466,10.93,4038.1800000000144
374,"[77, 93, 12, 37, 27, 89, 67, 70, 16, 26]",80.96,0.5467200657725334,946.2947595119476,11.13,4049.3100000000145
375,"[27, 12, 93, 38, 37, 8, 76, 3, 33, 42]",80.66,0.5464118632674217,948.9308536052704,11.18,4060.4900000000143
376,"[77, 17, 27, 5, 25, 73, 75, 41, 70, 89]",82.12,0.4986292815208435,951.3333179950714,11.19,4071.6800000000144
377,"[5, 38, 12, 93, 25, 18, 56, 2, 31, 57]",80.04,0.5865314877033234,953.4240078926086,11.1,4082.7800000000143
378,"[25, 93, 99, 38, 75, 4, 65, 7, 55, 54]",84.17,0.4523906333744525,955.8323264122008,8.35,4091.130000000014
379,"[25, 93, 27, 37, 12, 87, 70, 38, 2, 33]",83.03,0.5029465839266777,958.3230698108672,8.94,4100.070000000014
380,"[75, 77, 55, 93, 25, 63, 49, 19, 74, 84]",80.09,0.5786971411108971,961.8162076473236,10.58,4110.650000000014
381,"[16, 38, 70, 99, 12, 14, 71, 32, 50, 75]",84.98,0.4257287168502807,964.1553695201874,11.09,4121.740000000014
382,"[12, 37, 27, 55, 75, 66, 8, 38, 90, 97]",84.15,0.4294051937758922,966.4088037014008,9.03,4130.770000000014
383,"[17, 16, 12, 27, 5, 18, 24, 70, 89, 6]",85.14,0.4089358857274055,968.8738660812378,9.3,4140.070000000014
384,"[5, 27, 47, 38, 75, 17, 39, 10, 70, 58]",84.02,0.4501908963918686,971.102127790451,10.86,4150.930000000014
385,"[37, 27, 25, 12, 69, 49, 20, 79, 53, 47]",81.23,0.5356014916300773,973.4293065071106,10.86,4161.790000000014
386,"[27, 17, 70, 16, 12, 39, 97, 31, 26, 88]",85.81,0.4003538270294666,975.7812793254852,11.13,4172.920000000014
387,"[12, 27, 77, 38, 17, 15, 25, 11, 89, 55]",82.59,0.4883150313794613,978.2326555252076,9.3,4182.220000000014
388,"[93, 77, 38, 12, 25, 52, 4, 82, 84, 15]",75.33,0.7764972952008248,980.626230955124,10.11,4192.330000000014
389,"[75, 38, 26, 93, 27, 23, 97, 16, 57, 86]",84.62,0.4303343415260315,982.9716191291808,11.13,4203.460000000014
390,"[37, 38, 77, 12, 75, 65, 50, 46, 8, 0]",80.66,0.5458732706308365,985.1178925037384,9.23,4212.690000000013
391,"[93, 37, 77, 27, 38, 42, 72, 60, 73, 15]",78.78,0.6332683956623077,987.6202070713044,11.18,4223.8700000000135
392,"[26, 37, 38, 27, 77, 20, 82, 53, 35, 72]",82.94,0.4768209469318389,990.2692737579346,11.13,4235.000000000014
393,"[17, 12, 27, 38, 26, 35, 54, 37, 53, 98]",83.88,0.4520319920778274,993.193303346634,11.13,4246.130000000014
394,"[69, 17, 16, 37, 77, 53, 48, 95, 52, 4]",79.46,0.6012347516417503,995.6616806983948,12.1,4258.230000000014
395,"[27, 12, 69, 77, 17, 28, 3, 91, 0, 86]",84.94,0.4295938345789909,997.8086411952972,11.34,4269.570000000014
396,"[26, 25, 75, 77, 93, 33, 35, 55, 99, 39]",81.56,0.5315983693301678,1000.1084315776824,11.13,4280.700000000014
397,"[99, 75, 25, 38, 16, 54, 89, 59, 13, 55]",84.68,0.428945345878601,1002.2506821155548,7.72,4288.420000000015
398,"[77, 26, 38, 75, 25, 24, 31, 89, 0, 36]",84.11,0.4590330627560615,1004.4364347457886,11.13,4299.550000000015
399,"[16, 37, 25, 77, 27, 46, 54, 63, 91, 39]",79.44,0.5886108553409577,1006.8921220302582,8.59,4308.140000000015
400,"[25, 77, 75, 27, 26, 17, 67, 71, 41, 87]",84.26,0.4520384962856769,1009.6476392745972,11.19,4319.3300000000145
401,"[26, 27, 75, 93, 17, 16, 78, 44, 11, 32]",84.41,0.4579175943136215,1011.8572311401368,11.13,4330.460000000015
402,"[37, 75, 77, 93, 26, 42, 83, 82, 21, 97]",82.01,0.520648492872715,1013.9475355148317,11.18,4341.640000000015
403,"[5, 99, 27, 75, 93, 88, 69, 67, 40, 96]",83.59,0.4557073710858821,1016.2694227695464,10.93,4352.570000000015
404,"[12, 37, 25, 26, 27, 55, 36, 98, 24, 75]",82.72,0.4907707023620605,1018.7542922496796,11.13,4363.700000000015
405,"[12, 27, 93, 77, 38, 83, 0, 89, 8, 86]",84.8,0.426773324906826,1021.2003457546234,9.23,4372.930000000015
406,"[16, 93, 38, 37, 77, 71, 15, 66, 26, 29]",83.61,0.4849934068322181,1023.696299791336,11.13,4384.060000000015
407,"[69, 37, 77, 25, 17, 68, 88, 78, 12, 51]",77.27,0.7074363523721695,1025.973649263382,9.3,4393.360000000015
408,"[75, 70, 69, 77, 5, 61, 71, 80, 65, 93]",82.42,0.5038017022609711,1028.2136573791504,11.29,4404.650000000015
409,"[5, 37, 26, 93, 77, 18, 20, 49, 63, 98]",80.47,0.6061649966239929,1030.5306735038755,11.13,4415.780000000015
410,"[17, 25, 69, 77, 27, 36, 10, 46, 4, 66]",83.59,0.4657754409313202,1032.8414051532743,9.3,4425.080000000015
411,"[25, 37, 12, 17, 38, 30, 15, 36, 43, 29]",84.29,0.4491569912433624,1035.314112186432,9.3,4434.380000000016
412,"[26, 37, 70, 38, 75, 5, 32, 33, 24, 52]",84.32,0.4556368787586689,1037.8337543010712,11.13,4445.510000000016
413,"[38, 25, 37, 93, 17, 21, 58, 65, 13, 20]",81.44,0.5517578327655792,1039.9687156677246,9.3,4454.810000000016
414,"[12, 75, 93, 37, 77, 17, 9, 95, 51, 31]",79.45,0.6197358289361,1042.44895362854,9.3,4464.110000000016
415,"[75, 69, 27, 77, 17, 98, 85, 62, 57, 43]",82.07,0.5174072706699371,1044.5921738147736,9.3,4473.410000000016
416,"[12, 38, 16, 75, 27, 1, 69, 76, 35, 45]",82.23,0.4907197907567024,1047.0907006263733,11.71,4485.120000000016
417,"[93, 37, 25, 27, 12, 73, 5, 24, 8, 83]",81.72,0.518383075594902,1049.5233042240145,10.55,4495.670000000016
418,"[25, 26, 27, 17, 77, 74, 55, 20, 3, 95]",83.5,0.4651073589920997,1052.2504370212555,11.13,4506.800000000017
419,"[75, 77, 27, 38, 93, 2, 67, 49, 51, 3]",83.44,0.4674976819753647,1055.090195894241,10.58,4517.3800000000165
420,"[37, 27, 93, 26, 12, 18, 47, 11, 99, 55]",84.01,0.4558007158339023,1058.0913248062134,11.13,4528.510000000017
421,"[5, 93, 77, 37, 12, 92, 15, 21, 71, 99]",76.24,0.7770997554063797,1060.5441527366638,11.09,4539.600000000017
422,"[17, 5, 75, 25, 93, 20, 89, 72, 60, 38]",85.09,0.4318897488713265,1062.9524586200714,10.78,4550.3800000000165
423,"[27, 38, 37, 77, 93, 23, 47, 96, 43, 24]",82.45,0.4947224771976471,1065.6779174804688,10.86,4561.240000000016
424,"[77, 17, 12, 5, 38, 68, 64, 15, 8, 44]",84.23,0.4396350267529487,1068.5130875110626,11.38,4572.620000000016
425,"[25, 77, 37, 27, 26, 43, 85, 87, 80, 83]",84.31,0.447121403068304,1071.575881242752,11.13,4583.750000000016
426,"[25, 77, 17, 26, 12, 93, 59, 6, 58, 14]",80.18,0.60709098726511,1073.9754943847656,11.13,4594.8800000000165
427,"[93, 12, 25, 75, 27, 97, 69, 87, 8, 59]",85.63,0.4180812606215477,1076.0615458488464,7.22,4602.100000000017
428,"[27, 17, 26, 77, 69, 57, 43, 86, 5, 67]",83.48,0.4658025357127189,1078.6957504749298,11.13,4613.230000000017
429,"[86, 26, 27, 16, 25, 83, 53, 48, 69, 9]",86.31,0.3892398804426193,1081.144777059555,12.1,4625.330000000017
430,"[37, 27, 17, 25, 75, 71, 98, 20, 19, 86]",83.2,0.5008604334294796,1083.3328649997711,11.09,4636.420000000017
431,"[37, 93, 77, 75, 38, 90, 46, 96, 99, 95]",82.52,0.5052001991868019,1086.5159859657288,8.72,4645.140000000018
432,"[70, 69, 93, 37, 17, 88, 41, 66, 56, 64]",84.61,0.4550868585705757,1088.6539056301117,11.38,4656.520000000018
433,"[26, 25, 99, 77, 16, 14, 68, 36, 44, 42]",81.32,0.5408319091796875,1090.6989278793335,11.18,4667.700000000018
434,"[12, 5, 37, 75, 38, 98, 66, 68, 52, 76]",77.32,0.6577194932103158,1092.985648393631,10.11,4677.810000000018
435,"[75, 12, 17, 70, 27, 36, 22, 38, 28, 30]",86.3,0.3933904585242271,1095.439510345459,11.34,4689.150000000018
436,"[37, 17, 75, 25, 16, 83, 23, 78, 42, 14]",84.45,0.4484172524511814,1097.9809930324554,11.18,4700.330000000018
437,"[77, 93, 37, 12, 70, 68, 98, 83, 78, 13]",82.14,0.5347151745855808,1100.182503938675,8.94,4709.270000000018
438,"[12, 75, 25, 77, 93, 39, 37, 83, 43, 13]",82.36,0.5130102777481079,1102.9304795265198,8.59,4717.860000000018
439,"[75, 5, 16, 77, 26, 85, 3, 35, 69, 51]",80.33,0.5618963456153869,1105.7280886173248,11.13,4728.990000000018
440,"[12, 38, 70, 77, 69, 60, 42, 82, 10, 49]",81.53,0.5329057376086712,1108.3768661022186,11.18,4740.170000000018
441,"[38, 93, 25, 99, 17, 77, 95, 52, 76, 87]",83.98,0.4551778924465179,1110.9994959831238,10.11,4750.280000000018
442,"[5, 99, 38, 93, 75, 33, 45, 21, 96, 24]",85.76,0.4134037289768457,1113.323407411575,11.71,4761.990000000018
443,"[77, 37, 12, 5, 17, 9, 71, 33, 19, 51]",77.86,0.6876350170373917,1115.8134956359863,11.09,4773.080000000018
444,"[77, 27, 75, 70, 38, 84, 93, 33, 61, 32]",85.98,0.4099818365275859,1118.128396987915,11.29,4784.370000000018
445,"[77, 16, 17, 38, 69, 66, 0, 19, 59, 51]",84.19,0.460997024923563,1120.1659483909607,9.94,4794.310000000018
446,"[25, 99, 93, 12, 27, 52, 35, 16, 87, 11]",83.71,0.4550898921489715,1122.478744506836,10.11,4804.420000000017
447,"[93, 75, 37, 26, 25, 31, 58, 54, 30, 78]",81.81,0.5317579583823681,1124.812336683273,11.13,4815.5500000000175
448,"[38, 16, 99, 17, 77, 69, 32, 46, 9, 51]",84.77,0.4353193245828152,1126.916941165924,9.3,4824.850000000018
449,"[70, 75, 26, 16, 25, 17, 50, 35, 27, 14]",85.53,0.4084541116654873,1129.340341091156,11.13,4835.980000000018
450,"[25, 47, 12, 77, 5, 59, 17, 0, 66, 94]",82.67,0.5009565776586533,1131.5393443107605,10.86,4846.840000000017
451,"[77, 75, 25, 70, 12, 52, 74, 71, 68, 21]",81.36,0.5549653542041778,1133.7675523757937,11.09,4857.930000000018
452,"[75, 93, 26, 25, 69, 76, 15, 63, 6, 4]",82.99,0.4902641955018043,1135.7555541992188,11.13,4869.060000000018
453,"[5, 27, 38, 37, 12, 60, 17, 4, 28, 1]",82.39,0.5031544408202171,1139.0991201400757,11.34,4880.400000000018
454,"[37, 27, 93, 52, 70, 28, 79, 94, 7, 88]",84.25,0.4619016420841217,1141.042890071869,11.34,4891.740000000018
455,"[93, 16, 12, 77, 5, 4, 43, 45, 11, 37]",78.77,0.6600656524300575,1143.4505400657654,11.71,4903.450000000018
456,"[37, 17, 12, 77, 27, 60, 92, 41, 8, 1]",80.69,0.5817714658379555,1145.9881882667542,11.19,4914.640000000018
457,"[27, 99, 16, 25, 77, 8, 41, 83, 57, 91]",84.44,0.4440498219430446,1148.1333770751953,11.19,4925.830000000017
458,"[77, 69, 27, 37, 12, 38, 73, 55, 18, 6]",79.37,0.6117012318968773,1150.7686603069303,10.55,4936.380000000017
459,"[5, 38, 93, 27, 12, 92, 25, 98, 30, 24]",82.52,0.5055673146247863,1152.97598695755,9.18,4945.560000000018
460,"[26, 38, 93, 12, 37, 19, 9, 8, 73, 23]",81.5,0.5566647747159004,1155.675861120224,11.13,4956.690000000018
461,"[5, 77, 37, 12, 75, 30, 65, 4, 22, 32]",75.82,0.7950907781720161,1157.999056100845,9.18,4965.870000000018
462,"[27, 17, 26, 12, 75, 38, 83, 33, 44, 9]",85.29,0.4158060224354267,1160.4429080486298,11.13,4977.000000000018
463,"[5, 77, 27, 37, 12, 66, 15, 51, 33, 16]",78.53,0.6431914380192757,1162.9854531288147,9.03,4986.030000000018
464,"[27, 17, 12, 38, 37, 66, 69, 33, 40, 9]",83.99,0.4620209023356437,1165.4384582042694,10.93,4996.960000000018
465,"[17, 77, 26, 75, 93, 52, 32, 68, 87, 18]",84.51,0.4605986715853214,1167.7198860645294,11.13,5008.090000000018
466,"[17, 25, 77, 12, 38, 33, 59, 79, 98, 0]",81.77,0.5509656056761741,1169.7809615135193,10.63,5018.720000000018
467,"[75, 27, 25, 99, 37, 3, 20, 50, 6, 55]",83.55,0.4620681902766227,1172.127959728241,10.1,5028.820000000019
468,"[77, 12, 37, 16, 38, 27, 29, 24, 99, 62]",80.5,0.5514768117666244,1174.5200476646423,8.59,5037.410000000019
469,"[75, 38, 26, 69, 37, 31, 9, 86, 94, 54]",84.29,0.4529164950549602,1176.7596147060394,11.13,5048.540000000019
470,"[37, 75, 27, 26, 5, 30, 65, 10, 62, 56]",82.99,0.473736030459404,1179.0538847446442,11.13,5059.670000000019
471,"[90, 17, 75, 69, 5, 35, 76, 86, 95, 84]",83.69,0.4690349775552749,1181.4508261680603,9.3,5068.970000000019
472,"[55, 75, 27, 77, 37, 16, 0, 78, 48, 88]",82.92,0.4875389438867569,1183.4342501163485,12.1,5081.07000000002
473,"[17, 38, 27, 55, 47, 15, 86, 13, 18, 89]",85.53,0.4142536960542202,1185.5444774627686,10.86,5091.930000000019
474,"[38, 12, 93, 75, 50, 10, 25, 62, 80, 31]",82.81,0.5158994317054748,1187.7192115783691,10.04,5101.970000000019
475,"[38, 27, 47, 37, 75, 34, 9, 51, 98, 92]",86.04,0.4049120898544788,1190.024376630783,10.86,5112.830000000019
476,"[25, 12, 78, 38, 27, 90, 20, 53, 8, 1]",84.48,0.4414900559186935,1192.5965366363523,8.12,5120.950000000019
477,"[69, 38, 16, 77, 27, 17, 5, 29, 35, 80]",85.18,0.4309736482799053,1195.165437221527,10.04,5130.990000000019
478,"[38, 17, 25, 16, 12, 56, 93, 78, 85, 36]",84.33,0.4636099348962307,1197.7600724697113,11.1,5142.090000000019
479,"[17, 77, 38, 70, 5, 99, 11, 18, 13, 73]",84.59,0.4361449439823627,1200.2767174243927,10.55,5152.640000000019
480,"[70, 38, 75, 37, 77, 66, 23, 29, 30, 9]",85.04,0.4505627661943435,1202.516535282135,9.18,5161.82000000002
481,"[77, 93, 17, 37, 99, 67, 72, 96, 60, 7]",80.59,0.6084176322817803,1204.7446024417875,10.78,5172.6000000000195
482,"[27, 69, 17, 26, 93, 39, 96, 55, 86, 62]",84.95,0.4345384538173675,1206.9390790462494,11.13,5183.73000000002
483,"[12, 5, 99, 77, 75, 80, 2, 32, 66, 68]",79.51,0.6474354079365731,1208.97682595253,10.04,5193.7700000000195
484,"[77, 37, 12, 25, 75, 27, 15, 67, 82, 84]",77.35,0.7319483527541161,1211.8272750377655,8.6,5202.37000000002
485,"[37, 75, 26, 12, 93, 49, 5, 87, 27, 80]",85.77,0.4116611579060554,1214.7490940093994,11.13,5213.50000000002
486,"[27, 77, 37, 75, 26, 57, 56, 87, 7, 11]",84.77,0.4365723706781864,1216.9986548423767,11.13,5224.63000000002
487,"[12, 27, 37, 77, 93, 40, 88, 90, 56, 47]",83.13,0.4977354535460472,1219.5098326206207,11.1,5235.7300000000205
488,"[5, 77, 27, 75, 93, 83, 84, 22, 23, 42]",85.11,0.4285647571086883,1221.8657233715055,11.18,5246.910000000021
489,"[77, 17, 25, 16, 27, 23, 61, 65, 15, 9]",82.83,0.5164706236124039,1223.9469499588013,11.29,5258.200000000021
490,"[69, 77, 55, 70, 38, 57, 4, 68, 14, 9]",84.8,0.4550016063451767,1225.830446958542,8.94,5267.14000000002
491,"[5, 25, 70, 27, 12, 93, 58, 37, 14, 17]",83.06,0.5058073982596397,1228.7843911647797,9.3,5276.4400000000205
492,"[16, 25, 75, 27, 69, 24, 28, 60, 99, 2]",85.32,0.417246366739273,1231.0651597976685,11.34,5287.780000000021
493,"[25, 26, 16, 17, 93, 40, 69, 51, 22, 90]",85.82,0.4116523072123527,1233.366797208786,11.13,5298.910000000021
494,"[77, 38, 75, 47, 37, 49, 35, 16, 3, 7]",84.1,0.4601791973412037,1235.5828399658203,10.86,5309.77000000002
495,"[12, 17, 27, 37, 99, 14, 23, 97, 81, 74]",82.68,0.5131065151095391,1237.6428382396698,9.3,5319.070000000021
496,"[77, 26, 25, 75, 12, 15, 86, 42, 81, 98]",79.96,0.6330192422866822,1239.7947387695312,11.18,5330.250000000021
497,"[12, 27, 77, 37, 75, 79, 24, 48, 85, 72]",80.3,0.6237480047345162,1241.969562292099,12.1,5342.350000000021
498,"[17, 25, 77, 37, 27, 35, 22, 85, 67, 86]",79.45,0.6530345234274865,1244.8435547351835,9.3,5351.6500000000215
499,"[27, 38, 12, 17, 16, 7, 86, 60, 18, 73]",84.55,0.4421549969911575,1247.502269268036,10.55,5362.200000000022
500,"[38, 26, 77, 25, 75, 94, 34, 97, 41, 85]",83.29,0.4960333152115345,1249.4280631542206,11.19,5373.390000000021
501,"[47, 38, 75, 77, 27, 85, 19, 0, 37, 40]",85.05,0.4364251588284969,1251.7157537937164,10.93,5384.3200000000215
502,"[16, 77, 93, 99, 12, 26, 54, 73, 84, 65]",81.55,0.5598966580629349,1254.040109872818,11.13,5395.450000000022
503,"[27, 37, 25, 47, 77, 22, 75, 36, 50, 40]",85.6,0.4138023905456066,1256.6048386096954,10.93,5406.380000000022
504,"[75, 27, 26, 37, 12, 40, 10, 83, 35, 33]",86.24,0.4008192713558673,1259.2582607269287,11.13,5417.510000000022
505,"[77, 50, 12, 38, 27, 55, 64, 28, 82, 10]",82.57,0.4893329361081123,1261.4032814502716,11.38,5428.890000000022
506,"[93, 27, 47, 26, 38, 6, 77, 96, 30, 20]",85.27,0.4322861957550049,1263.979281425476,11.13,5440.020000000022
507,"[75, 37, 55, 38, 26, 16, 69, 59, 89, 47]",84.85,0.4404630580544472,1266.3477003574371,11.13,5451.150000000022
508,"[75, 27, 47, 26, 37, 20, 49, 53, 11, 59]",86.53,0.3939265418052673,1268.584958076477,11.13,5462.2800000000225
509,"[16, 12, 99, 70, 38, 4, 51, 81, 36, 57]",82.09,0.5177484247088432,1270.386507987976,8.94,5471.220000000022
510,"[93, 77, 75, 70, 27, 60, 72, 65, 5, 49]",85.22,0.4392090988159179,1272.94908285141,10.78,5482.000000000022
511,"[93, 75, 25, 5, 38, 58, 74, 83, 72, 78]",86.27,0.402162194699049,1274.848156452179,10.78,5492.780000000022
512,"[12, 69, 77, 93, 16, 82, 89, 57, 36, 87]",84.17,0.4745156233012676,1276.8081586360931,8.59,5501.370000000022
513,"[25, 37, 77, 75, 99, 50, 76, 66, 18, 36]",81.13,0.5507173129916191,1279.235247850418,9.03,5510.4000000000215
514,"[38, 50, 93, 77, 75, 56, 53, 63, 36, 91]",85.14,0.4365862004458904,1281.561262845993,11.1,5521.500000000022
515,"[12, 26, 37, 17, 5, 36, 64, 74, 70, 56]",85.85,0.4070809836685657,1284.2063133716583,11.38,5532.880000000022
516,"[77, 38, 16, 26, 93, 74, 67, 95, 22, 98]",83.67,0.4898240634799004,1286.578949689865,11.13,5544.010000000022
517,"[38, 99, 77, 16, 25, 79, 89, 82, 9, 44]",82.15,0.5109527692198753,1288.4598441123962,10.63,5554.640000000022
518,"[5, 12, 77, 27, 26, 1, 50, 67, 34, 59]",83.22,0.4838189879059791,1290.975643157959,11.13,5565.770000000022
519,"[25, 37, 77, 12, 26, 84, 8, 71, 55, 95]",80.84,0.5824538281559944,1293.526448249817,11.13,5576.900000000022
520,"[50, 99, 12, 38, 25, 53, 76, 80, 94, 61]",77.03,0.6893504056334495,1295.7870399951937,11.29,5588.190000000022
521,"[5, 12, 93, 27, 75, 52, 34, 20, 71, 69]",85.8,0.4066323901712894,1297.955035686493,11.09,5599.2800000000225
522,"[93, 12, 37, 16, 38, 1, 35, 25, 94, 60]",80.48,0.6048041436076165,1300.7140538692474,8.45,5607.730000000022
523,"[93, 99, 26, 27, 25, 30, 56, 46, 94, 71]",86.01,0.4029881300032139,1302.5603172779083,11.13,5618.860000000022
524,"[37, 50, 12, 69, 16, 10, 76, 93, 21, 17]",81.78,0.550109828710556,1305.0368325710297,9.3,5628.160000000023
525,"[26, 69, 5, 27, 25, 48, 6, 10, 59, 49]",83.66,0.4705662116408348,1307.3051586151123,12.1,5640.260000000023
526,"[27, 77, 12, 69, 38, 10, 6, 14, 44, 68]",82.3,0.5172125923633576,1309.3909788131714,8.7,5648.960000000023
527,"[26, 17, 38, 37, 77, 60, 94, 82, 54, 64]",84.77,0.4613678117096424,1311.9114599227903,11.38,5660.340000000023
528,"[37, 93, 26, 77, 75, 24, 69, 17, 98, 35]",82.39,0.5430314067006111,1314.4595005512238,11.13,5671.470000000023
529,"[5, 99, 77, 38, 26, 83, 91, 8, 71, 72]",84.48,0.4605825245380401,1316.8137624263763,11.13,5682.600000000023
530,"[26, 38, 17, 75, 37, 87, 35, 3, 60, 2]",86.16,0.4094842772185803,1319.5281414985657,11.13,5693.730000000023
531,"[17, 75, 93, 69, 26, 68, 15, 63, 81, 89]",84.56,0.4750540165603161,1321.6306126117706,11.13,5704.860000000023
532,"[25, 38, 75, 12, 99, 31, 39, 76, 62, 42]",80.99,0.5678904083371162,1324.3596742153168,11.18,5716.040000000024
533,"[93, 25, 37, 16, 12, 63, 61, 79, 65, 2]",77.67,0.7623691686987877,1326.571272611618,11.29,5727.330000000024
534,"[55, 77, 99, 12, 90, 85, 69, 10, 88, 27]",81.12,0.5611655056476593,1328.646098136902,8.59,5735.920000000024
535,"[26, 38, 69, 16, 37, 41, 86, 85, 76, 11]",80.32,0.5646292644739151,1330.7741062641144,11.19,5747.110000000023
536,"[75, 70, 26, 5, 12, 80, 63, 42, 56, 33]",84.6,0.4434353347122669,1332.9411842823029,11.18,5758.290000000024
537,"[25, 50, 70, 26, 78, 19, 93, 94, 61, 21]",84.52,0.4722899639606476,1335.113041639328,11.29,5769.580000000024
538,"[77, 17, 27, 26, 25, 20, 9, 72, 59, 35]",83.92,0.4836563223600387,1337.8413467407229,11.13,5780.710000000024
539,"[77, 75, 17, 27, 93, 54, 91, 15, 49, 33]",83.98,0.4993211090564727,1340.0563123226166,10.58,5791.290000000024
540,"[27, 16, 17, 69, 50, 63, 90, 53, 60, 68]",86.12,0.4158242535591125,1342.3511471748352,9.3,5800.590000000024
541,"[93, 38, 99, 25, 17, 91, 36, 65, 54, 84]",86.34,0.4081547586619854,1344.3449294567108,9.3,5809.890000000024
542,"[69, 93, 38, 16, 77, 1, 86, 64, 25, 78]",83.5,0.4826709538698196,1346.6003515720367,11.38,5821.270000000024
543,"[16, 77, 50, 75, 53, 0, 31, 21, 43, 73]",85.06,0.430909805893898,1348.8603885173798,10.55,5831.820000000024
544,"[37, 12, 77, 27, 93, 70, 28, 36, 81, 19]",82.63,0.5272732269763947,1351.0965304374697,11.34,5843.160000000024
545,"[26, 75, 93, 99, 70, 51, 11, 55, 87, 84]",85.65,0.4288629584014415,1353.547840833664,11.13,5854.2900000000245
546,"[77, 37, 26, 12, 99, 43, 49, 14, 34, 95]",81.07,0.57926420211792,1356.556342601776,11.13,5865.420000000025
547,"[55, 70, 77, 27, 93, 68, 57, 6, 61, 12]",82.66,0.5304574985802174,1358.9338040351868,11.29,5876.710000000025
548,"[77, 26, 93, 75, 53, 15, 14, 88, 87, 60]",84.88,0.4674392107129097,1361.1012511253357,11.13,5887.840000000025
549,"[93, 77, 12, 26, 37, 48, 11, 58, 36, 81]",82.03,0.5680253684520722,1363.5294139385223,12.1,5899.940000000025
550,"[12, 77, 75, 37, 25, 64, 61, 67, 97, 38]",78.93,0.647509528696537,1365.8053588867188,11.38,5911.320000000025
551,"[27, 37, 5, 38, 12, 53, 25, 44, 88, 23]",81.89,0.534060255587101,1368.5435979366302,7.72,5919.040000000025
552,"[5, 75, 37, 93, 27, 69, 89, 34, 92, 65]",85.83,0.4114725328981876,1370.594310283661,8.96,5928.0000000000255
553,"[50, 75, 26, 37, 93, 95, 42, 20, 21, 77]",83.84,0.4935835072398186,1372.9694514274595,11.18,5939.180000000026
554,"[53, 16, 50, 93, 25, 67, 15, 90, 72, 33]",83.8,0.5096439117193222,1375.0659182071686,10.78,5949.9600000000255
555,"[27, 75, 90, 93, 53, 94, 55, 85, 32, 99]",86.44,0.3948755241930485,1377.433799982071,8.65,5958.610000000025
556,"[93, 75, 27, 12, 5, 73, 32, 38, 68, 97]",84.5,0.4464050729572772,1379.5616652965546,10.55,5969.160000000025
557,"[50, 27, 90, 26, 38, 85, 76, 20, 8, 93]",85.46,0.4290189416706562,1382.1274342536926,11.13,5980.290000000025
558,"[25, 53, 78, 38, 27, 23, 96, 20, 26, 61]",84.89,0.4433971460163593,1384.7094123363495,11.29,5991.580000000025
559,"[35, 52, 27, 99, 69, 92, 82, 18, 12, 14]",84.46,0.456866427063942,1386.3836998939514,10.11,6001.690000000025
560,"[99, 16, 25, 27, 69, 45, 11, 9, 30, 21]",82.06,0.5250500482320786,1388.247774362564,11.71,6013.400000000025
561,"[5, 52, 27, 17, 50, 16, 14, 1, 56, 21]",85.0,0.4338077253103256,1390.3375673294067,11.1,6024.5000000000255
562,"[77, 27, 99, 37, 26, 24, 57, 90, 34, 75]",82.24,0.5292786446213722,1392.6648302078247,11.13,6035.630000000026
563,"[37, 27, 77, 50, 69, 75, 60, 85, 62, 32]",82.39,0.5413107967376709,1394.8528187274933,8.65,6044.280000000025
564,"[77, 12, 26, 99, 17, 81, 55, 19, 85, 34]",83.38,0.5062679459154605,1396.8719880580902,11.13,6055.410000000025
565,"[12, 38, 55, 99, 77, 61, 20, 87, 93, 30]",85.67,0.438049458116293,1399.5106863975525,11.29,6066.700000000025
566,"[77, 70, 75, 25, 27, 53, 33, 29, 63, 28]",86.56,0.4046131879091262,1401.9032196998596,11.34,6078.040000000025
567,"[26, 93, 38, 77, 75, 25, 58, 87, 21, 90]",85.8,0.4321640457212925,1404.5948951244354,11.13,6089.1700000000255
568,"[27, 16, 37, 50, 12, 30, 52, 0, 91, 87]",83.93,0.4800325578451156,1406.967701435089,10.11,6099.280000000025
569,"[17, 93, 99, 75, 55, 6, 45, 64, 2, 10]",84.63,0.4587368001043796,1409.0053443908691,11.71,6110.990000000025
570,"[17, 77, 12, 75, 27, 42, 67, 26, 97, 83]",85.4,0.4324216832220554,1411.8020374774933,11.18,6122.1700000000255
571,"[17, 38, 77, 5, 37, 67, 52, 96, 19, 78]",82.08,0.5438995987176896,1414.2546763420105,10.11,6132.280000000025
572,"[38, 12, 99, 25, 16, 83, 64, 96, 89, 55]",83.53,0.4782374629378318,1416.35595703125,11.38,6143.660000000025
573,"[25, 17, 70, 26, 77, 27, 30, 92, 98, 14]",86.33,0.4126765944063663,1418.6535336971283,11.13,6154.790000000025
574,"[5, 17, 12, 27, 75, 69, 22, 79, 14, 31]",85.6,0.4358568626642227,1421.4662516117096,10.63,6165.4200000000255
575,"[5, 27, 93, 69, 12, 52, 98, 66, 75, 34]",85.74,0.4197765770554542,1423.6701095104218,10.11,6175.530000000025
576,"[25, 70, 27, 52, 17, 81, 19, 12, 22, 46]",86.29,0.4190119908750057,1425.9994843006134,10.11,6185.640000000025
577,"[26, 12, 38, 77, 99, 73, 42, 66, 50, 85]",82.37,0.5323994955420495,1428.6696455478668,11.18,6196.820000000025
578,"[26, 99, 12, 75, 77, 54, 88, 89, 46, 11]",84.89,0.4432718878984451,1430.8019473552704,11.13,6207.950000000025
579,"[77, 16, 27, 5, 12, 70, 7, 63, 85, 52]",81.99,0.5372836726903916,1433.1465528011322,10.11,6218.060000000025
580,"[37, 5, 93, 25, 17, 90, 43, 96, 78, 72]",83.88,0.5000922423601151,1435.5440089702606,10.78,6228.840000000025
581,"[26, 17, 25, 38, 75, 67, 66, 72, 89, 21]",85.94,0.4151639258861542,1438.0650782585144,11.13,6239.970000000025
582,"[27, 93, 70, 12, 25, 92, 21, 67, 1, 77]",82.54,0.5450876806676388,1440.4270837306976,8.96,6248.930000000025
583,"[93, 25, 99, 38, 77, 19, 34, 71, 61, 49]",81.74,0.5732599523663521,1442.474863767624,11.29,6260.220000000025
584,"[37, 52, 27, 38, 99, 46, 24, 96, 5, 18]",82.48,0.5254811477661133,1444.6624534130096,10.11,6270.3300000000245
585,"[38, 27, 37, 99, 25, 16, 97, 18, 93, 55]",82.33,0.5226927492022514,1447.1358771324158,7.72,6278.050000000025
586,"[26, 37, 27, 12, 75, 33, 92, 20, 6, 21]",84.23,0.4689992921054363,1449.539317369461,11.13,6289.180000000025
587,"[90, 70, 12, 5, 38, 84, 51, 30, 54, 14]",84.77,0.4502700865268707,1451.5138149261477,9.18,6298.360000000025
588,"[25, 93, 43, 16, 5, 15, 97, 66, 55, 80]",85.3,0.4289706015586853,1453.4161064624786,10.04,6308.400000000025
589,"[52, 27, 69, 5, 75, 81, 82, 51, 32, 87]",83.67,0.4844571402668953,1455.1872553825378,10.11,6318.510000000025
590,"[37, 17, 27, 93, 16, 40, 65, 48, 19, 66]",85.98,0.4230484120547771,1457.40789270401,12.1,6330.610000000025
591,"[75, 16, 12, 77, 70, 11, 52, 5, 34, 81]",84.46,0.4535974453389644,1459.4820585250854,10.11,6340.720000000025
592,"[26, 17, 5, 43, 77, 76, 49, 44, 70, 41]",85.42,0.4343434849381447,1461.8719873428345,11.19,6351.910000000024
593,"[17, 43, 69, 75, 93, 94, 89, 57, 18, 82]",83.57,0.5248513188958168,1463.854255437851,9.3,6361.210000000025
594,"[26, 12, 78, 77, 17, 28, 55, 92, 33, 29]",85.03,0.4518290039896965,1466.3988394737244,11.34,6372.550000000025
595,"[77, 93, 38, 16, 25, 90, 35, 37, 97, 94]",80.34,0.6302853286266327,1469.3170540332794,8.59,6381.140000000025
596,"[26, 37, 75, 70, 17, 68, 0, 55, 44, 34]",84.94,0.4562768448889255,1471.8135313987732,11.13,6392.270000000025
597,"[26, 93, 37, 12, 38, 72, 43, 88, 11, 21]",83.42,0.5034188750386238,1474.7046365737915,11.13,6403.400000000025
598,"[93, 12, 25, 37, 27, 35, 86, 14, 32, 79]",81.65,0.5856684702634811,1477.1254625320437,10.63,6414.030000000025
599,"[17, 75, 26, 12, 77, 61, 80, 51, 57, 72]",82.36,0.5539373970031738,1479.0837531089785,11.29,6425.320000000025
600,"[69, 12, 75, 17, 26, 18, 20, 7, 61, 60]",84.74,0.4717708240449428,1481.236609697342,11.29,6436.610000000025
601,"[93, 26, 70, 37, 25, 6, 24, 89, 66, 64]",84.43,0.477389018535614,1483.5308573246002,11.38,6447.990000000025
602,"[26, 27, 37, 78, 43, 74, 7, 57, 50, 59]",85.67,0.4186173231899738,1485.9983315467834,11.13,6459.120000000025
603,"[47, 69, 75, 77, 53, 92, 88, 84, 34, 96]",85.26,0.4444493634998798,1488.157827615738,10.86,6469.980000000025
604,"[52, 55, 38, 78, 90, 2, 99, 89, 18, 75]",86.69,0.3919066621363163,1490.065376996994,10.11,6480.090000000025
605,"[38, 75, 5, 53, 37, 83, 80, 44, 68, 76]",84.68,0.4470804987847805,1492.3765964508057,10.04,6490.130000000025
606,"[50, 25, 26, 27, 52, 59, 81, 35, 45, 88]",86.14,0.4007705901563168,1494.6592662334442,11.71,6501.840000000025
607,"[75, 70, 90, 99, 5, 66, 79, 9, 19, 15]",86.51,0.3948830862343311,1496.4663045406342,10.63,6512.470000000025
608,"[69, 37, 12, 17, 77, 21, 11, 84, 61, 15]",79.88,0.6630109518766403,1498.8578174114227,11.29,6523.760000000025
609,"[16, 75, 12, 37, 78, 96, 27, 36, 60, 64]",86.37,0.3921059872210026,1501.463646888733,11.38,6535.140000000025
610,"[12, 90, 53, 27, 64, 94, 59, 23, 31, 36]",86.28,0.4128118251264095,1503.3844783306122,11.38,6546.520000000025
611,"[6, 99, 93, 25, 5, 75, 4, 59, 17, 54]",83.56,0.4984332670271396,1505.4508063793182,9.3,6555.820000000025
612,"[26, 25, 77, 47, 16, 44, 89, 85, 74, 38]",85.66,0.4237807831168175,1507.692556142807,11.13,6566.950000000025
613,"[99, 27, 26, 16, 43, 84, 60, 55, 9, 93]",86.75,0.4006594905257225,1510.1224267482758,11.13,6578.080000000025
614,"[12, 38, 27, 5, 70, 66, 71, 7, 0, 29]",86.46,0.3940890811383724,1512.5186536312103,11.09,6589.1700000000255
615,"[69, 16, 37, 27, 26, 21, 3, 17, 7, 51]",86.02,0.4192563581466675,1515.120805978775,11.13,6600.300000000026
616,"[78, 70, 26, 5, 37, 1, 34, 58, 49, 91]",85.85,0.436174334436655,1517.2352488040924,11.13,6611.430000000026
617,"[37, 99, 77, 78, 27, 14, 4, 72, 19, 28]",79.47,0.6677513462305069,1519.4912428855896,11.34,6622.770000000026
618,"[77, 26, 99, 75, 93, 54, 95, 43, 29, 21]",85.38,0.4540489603579044,1521.7913510799408,11.13,6633.900000000026
619,"[99, 43, 75, 93, 12, 16, 76, 10, 33, 32]",83.43,0.4900931195914745,1523.8839118480682,8.83,6642.730000000026
620,"[16, 93, 38, 69, 5, 46, 67, 33, 86, 44]",86.01,0.4083987937867641,1526.2025003433228,8.6,6651.330000000026
621,"[26, 27, 12, 93, 99, 97, 82, 36, 66, 91]",84.95,0.4523162184655666,1528.4242541790009,11.13,6662.460000000026
622,"[6, 78, 69, 77, 26, 1, 2, 25, 37, 64]",81.51,0.572056667804718,1530.758052110672,11.38,6673.8400000000265
623,"[47, 16, 37, 25, 5, 49, 55, 28, 38, 30]",83.35,0.4992716982960701,1533.1970999240875,11.34,6685.180000000027
624,"[17, 5, 93, 47, 69, 70, 49, 42, 80, 79]",86.6,0.418508431315422,1535.6711926460266,11.18,6696.360000000027
625,"[5, 99, 38, 69, 47, 33, 44, 78, 40, 29]",85.12,0.4422287955880165,1538.0862867832184,10.93,6707.290000000027
626,"[75, 16, 25, 37, 47, 1, 6, 91, 28, 22]",83.04,0.5063307961821556,1540.0917708873749,11.34,6718.630000000027
627,"[5, 25, 70, 38, 75, 62, 61, 81, 58, 13]",86.4,0.3932803824543953,1542.040409564972,11.29,6729.920000000027
628,"[75, 93, 27, 77, 25, 72, 9, 57, 19, 73]",83.52,0.5222607375681401,1544.168123960495,10.78,6740.700000000027
629,"[17, 77, 93, 12, 70, 9, 68, 10, 56, 82]",83.95,0.5198872914910316,1546.4773199558258,11.1,6751.8000000000275
630,"[17, 25, 77, 53, 5, 80, 62, 15, 45, 81]",82.54,0.5504548397660255,1548.550445318222,11.71,6763.5100000000275
631,"[38, 99, 93, 6, 69, 51, 16, 33, 13, 5]",84.55,0.4592534048855304,1550.41405916214,7.72,6771.230000000028
632,"[38, 26, 93, 78, 53, 47, 30, 91, 79, 85]",84.55,0.5060392037034035,1552.6168959140778,11.13,6782.360000000028
633,"[17, 38, 75, 37, 26, 77, 64, 22, 43, 79]",86.15,0.4196086849272251,1555.186242103577,11.38,6793.740000000028
634,"[17, 93, 99, 12, 69, 36, 72, 30, 63, 7]",84.82,0.4724743247032165,1557.4763679504397,10.78,6804.520000000028
635,"[37, 77, 38, 12, 75, 2, 64, 56, 27, 43]",83.61,0.4899520650506019,1560.185303926468,11.38,6815.900000000028
636,"[93, 27, 75, 37, 77, 40, 2, 78, 32, 35]",84.98,0.4576888565719127,1562.5672476291656,10.93,6826.830000000028
637,"[77, 26, 93, 47, 37, 6, 54, 86, 36, 56]",84.1,0.4942493563890457,1564.9190485477448,11.13,6837.960000000028
638,"[77, 38, 93, 75, 70, 90, 10, 4, 97, 27]",86.44,0.4065659584105014,1567.2810864448547,8.94,6846.900000000028
639,"[70, 38, 27, 53, 77, 22, 59, 4, 52, 62]",85.81,0.4319382606446743,1569.3449153900146,10.11,6857.0100000000275
640,"[86, 99, 16, 43, 70, 15, 25, 84, 48, 97]",86.73,0.3951106032729148,1571.1882600784302,12.1,6869.110000000028
641,"[12, 75, 77, 5, 37, 3, 88, 2, 4, 98]",79.11,0.6717682814598084,1573.51283288002,10.1,6879.210000000028
642,"[77, 25, 75, 38, 27, 17, 1, 57, 6, 23]",85.09,0.4406692287325859,1575.68950176239,9.3,6888.510000000028
643,"[38, 27, 93, 43, 99, 51, 47, 56, 82, 63]",86.63,0.4122899755835533,1577.94282913208,11.1,6899.610000000029
644,"[99, 93, 37, 69, 12, 79, 94, 61, 1, 81]",80.95,0.6232943898439407,1579.805430650711,11.29,6910.900000000029
645,"[25, 77, 47, 38, 26, 70, 51, 22, 9, 16]",85.9,0.4344430230557918,1582.194821357727,11.13,6922.030000000029
646,"[43, 69, 70, 12, 27, 4, 91, 9, 8, 31]",86.48,0.4124994379281997,1584.570374250412,8.94,6930.970000000028
647,"[12, 5, 77, 25, 27, 73, 81, 7, 57, 33]",80.57,0.6482968580722809,1586.5188102722168,10.55,6941.520000000029
648,"[26, 37, 27, 75, 38, 56, 64, 31, 0, 67]",86.41,0.4014920189976692,1589.2292590141296,11.38,6952.900000000029
649,"[12, 55, 70, 5, 27, 19, 40, 93, 78, 89]",87.15,0.3958217796683311,1591.6706247329712,10.93,6963.830000000029
650,"[12, 5, 75, 69, 27, 59, 57, 74, 45, 33]",85.51,0.4393053774535655,1593.4868388175964,11.71,6975.540000000029
651,"[37, 52, 90, 12, 38, 6, 17, 50, 26, 42]",83.5,0.4969280567765236,1596.129065990448,11.18,6986.720000000029
652,"[77, 50, 75, 69, 64, 0, 10, 4, 15, 43]",86.51,0.4049786157906055,1598.286360025406,11.38,6998.1000000000295
653,"[25, 50, 37, 75, 38, 51, 16, 94, 61, 83]",83.56,0.4974053145945072,1600.1440179347992,11.29,7009.390000000029
654,"[53, 25, 27, 77, 12, 89, 59, 10, 7, 92]",83.66,0.4976802735030651,1602.181694984436,8.96,7018.3500000000295
655,"[12, 47, 27, 52, 26, 73, 60, 8, 91, 55]",87.14,0.3932673272490501,1604.4960520267489,11.13,7029.48000000003
656,"[16, 69, 90, 75, 53, 29, 89, 68, 81, 93]",86.78,0.4072283908724785,1606.4157741069794,8.32,7037.800000000029
657,"[27, 25, 99, 17, 12, 40, 77, 72, 79, 1]",85.19,0.4514180462062359,1609.107881307602,10.93,7048.73000000003
658,"[77, 38, 55, 37, 26, 18, 75, 67, 92, 73]",83.81,0.4981430214643478,1611.333084344864,11.13,7059.86000000003
659,"[12, 77, 93, 37, 75, 5, 89, 78, 58, 46]",82.87,0.5426901954412461,1613.7145693302157,8.59,7068.45000000003
660,"[75, 26, 17, 78, 27, 40, 4, 16, 89, 88]",85.19,0.4549483567476272,1616.4712448120115,11.13,7079.58000000003
661,"[99, 38, 26, 90, 16, 14, 33, 54, 83, 13]",85.47,0.4382666565477848,1618.692409992218,11.13,7090.71000000003
662,"[55, 16, 78, 90, 12, 58, 97, 61, 6, 34]",84.61,0.4643393085896969,1620.7266499996183,11.29,7102.00000000003
663,"[12, 38, 17, 47, 5, 97, 82, 75, 45, 85]",87.45,0.375724835395813,1622.991625070572,11.71,7113.71000000003
664,"[77, 5, 38, 37, 17, 31, 40, 74, 73, 92]",83.2,0.5217714139819145,1625.342119693756,10.93,7124.64000000003
665,"[77, 27, 12, 37, 6, 60, 33, 52, 90, 88]",79.22,0.6965305125713348,1627.7174236774445,10.11,7134.75000000003
666,"[75, 12, 27, 47, 69, 4, 62, 38, 86, 39]",86.37,0.4139321510493755,1629.7933657169342,10.86,7145.61000000003
667,"[99, 75, 37, 47, 12, 0, 94, 62, 23, 82]",83.38,0.4989979803562164,1631.533030986786,10.86,7156.470000000029
668,"[5, 99, 37, 77, 17, 53, 25, 33, 23, 58]",80.53,0.6367900827527047,1633.6104142665863,9.3,7165.7700000000295
669,"[93, 35, 27, 37, 69, 19, 84, 63, 29, 87]",85.46,0.4580179581046104,1635.9578304290771,9.94,7175.710000000029
670,"[5, 64, 27, 77, 70, 60, 76, 46, 66, 83]",85.93,0.4291932372748852,1638.442806482315,11.38,7187.090000000029
671,"[53, 70, 69, 75, 37, 64, 8, 40, 22, 94]",86.08,0.4289206656813621,1640.7613401412964,11.38,7198.470000000029
672,"[26, 25, 17, 69, 27, 28, 65, 55, 96, 94]",86.57,0.4153935179114342,1643.1411974430084,11.34,7209.8100000000295
673,"[70, 75, 12, 78, 53, 48, 28, 81, 20, 89]",85.81,0.4499087777733803,1644.884541273117,12.1,7221.91000000003
674,"[26, 37, 70, 69, 52, 50, 24, 58, 95, 12]",84.19,0.4761214970052242,1647.196312665939,11.13,7233.04000000003
675,"[5, 12, 99, 77, 93, 28, 8, 63, 88, 41]",82.19,0.5709140229225159,1649.432049036026,11.34,7244.38000000003
676,"[75, 25, 27, 38, 77, 73, 98, 34, 60, 68]",84.99,0.4496606893837452,1651.8110330104828,10.55,7254.93000000003
677,"[69, 75, 17, 27, 50, 63, 12, 87, 89, 31]",86.43,0.4072543713450431,1654.139581680298,9.3,7264.2300000000305
678,"[75, 93, 77, 12, 27, 11, 52, 81, 90, 21]",84.43,0.4862544105947017,1656.297192811966,10.11,7274.34000000003
679,"[5, 26, 12, 69, 50, 88, 17, 2, 60, 38]",86.9,0.3966549672186374,1658.9049155712128,11.13,7285.47000000003
680,"[12, 25, 50, 38, 27, 52, 44, 22, 69, 42]",81.54,0.5695910224318504,1661.5035672187803,11.18,7296.650000000031
681,"[27, 5, 78, 99, 37, 40, 88, 30, 38, 34]",84.84,0.4561757686734199,1663.8519668579102,10.93,7307.580000000031
682,"[53, 5, 38, 27, 52, 37, 7, 26, 86, 19]",84.7,0.4656833212077618,1666.242962598801,11.13,7318.710000000031
683,"[37, 12, 77, 93, 25, 74, 7, 51, 94, 86]",77.09,0.8361780363321304,1668.659496307373,8.59,7327.300000000031
684,"[77, 37, 50, 38, 17, 57, 90, 73, 47, 40]",86.25,0.4254324477910995,1671.3585891723633,10.93,7338.230000000031
685,"[12, 53, 37, 77, 5, 47, 19, 81, 74, 17]",83.36,0.5381459499895572,1673.7940719127655,10.86,7349.090000000031
686,"[50, 99, 5, 12, 93, 32, 10, 89, 1, 91]",86.62,0.4104977497458458,1675.7162115573883,8.65,7357.740000000031
687,"[77, 69, 38, 25, 78, 27, 50, 12, 86, 88]",83.19,0.5034313157200814,1678.3316328525543,8.59,7366.330000000031
688,"[93, 25, 27, 90, 86, 39, 36, 24, 48, 17]",86.06,0.4202334162592888,1680.416481256485,12.1,7378.430000000031
689,"[75, 99, 5, 77, 12, 32, 79, 39, 82, 11]",81.9,0.575395877957344,1682.5098025798798,10.63,7389.060000000031
690,"[38, 26, 93, 99, 75, 66, 92, 68, 29, 50]",85.16,0.4599583806097507,1684.6529440879822,11.13,7400.190000000031
691,"[12, 90, 5, 75, 38, 30, 2, 77, 41, 14]",83.69,0.4970331043004989,1686.7122333049774,11.19,7411.380000000031
692,"[26, 50, 5, 93, 47, 63, 85, 81, 78, 72]",84.17,0.4957391035556793,1688.822725534439,11.13,7422.510000000031
693,"[17, 47, 25, 5, 26, 61, 11, 68, 95, 23]",86.99,0.4044942860305309,1690.902322292328,11.29,7433.800000000031
694,"[75, 16, 26, 69, 17, 64, 34, 14, 18, 49]",86.86,0.4150660748779773,1693.2020175457,11.38,7445.180000000031
695,"[90, 99, 75, 17, 93, 82, 40, 35, 53, 77]",85.71,0.4529743446409702,1695.74946641922,10.93,7456.1100000000315
696,"[71, 75, 5, 6, 26, 32, 68, 17, 37, 66]",83.93,0.5202242955565453,1698.0832133293152,11.13,7467.240000000032
697,"[27, 90, 69, 38, 12, 98, 71, 63, 62, 67]",85.73,0.4332050763070583,1700.3974494934082,11.09,7478.330000000032
698,"[53, 50, 27, 25, 90, 22, 44, 5, 96, 74]",86.02,0.4269959244132042,1702.5071053504944,8.72,7487.050000000032
699,"[6, 99, 77, 69, 38, 13, 47, 64, 67, 58]",85.25,0.4493080852925777,1704.293530702591,11.38,7498.430000000032
700,"[37, 26, 93, 25, 77, 72, 60, 92, 90, 3]",83.26,0.5383529603481293,1706.8031358718872,11.13,7509.560000000032
701,"[77, 75, 37, 99, 53, 43, 25, 66, 72, 83]",84.85,0.4582184280455113,1709.0094726085665,10.78,7520.340000000032
702,"[75, 99, 38, 27, 37, 14, 31, 96, 82, 74]",84.99,0.4536564783751964,1711.1649231910706,8.72,7529.060000000032
703,"[50, 6, 78, 77, 69, 29, 21, 47, 0, 22]",86.65,0.4096262356638908,1713.2649869918823,10.86,7539.920000000032
704,"[16, 47, 12, 75, 26, 10, 37, 59, 63, 64]",85.51,0.4462733986973762,1715.7997329235077,11.38,7551.300000000032
705,"[16, 99, 37, 38, 77, 84, 22, 57, 14, 54]",78.33,0.6960631993412971,1717.6915662288666,8.7,7560.000000000032
706,"[25, 12, 27, 37, 93, 70, 85, 62, 16, 57]",82.78,0.5618216025829316,1719.9379308223724,8.94,7568.940000000031
707,"[38, 25, 12, 93, 37, 90, 57, 69, 20, 49]",81.13,0.6343531274795532,1722.3415596485138,10.58,7579.520000000031
708,"[37, 77, 71, 26, 6, 90, 0, 99, 22, 60]",83.93,0.5047614584863186,1724.940256357193,11.13,7590.6500000000315
709,"[50, 38, 99, 76, 12, 39, 22, 4, 64, 36]",82.34,0.5270450165867806,1726.9056940078735,11.38,7602.030000000032
710,"[12, 90, 26, 53, 37, 28, 58, 48, 66, 41]",84.7,0.4711611467599869,1728.922030210495,12.1,7614.130000000032
711,"[12, 77, 69, 90, 5, 15, 19, 40, 37, 62]",79.59,0.6821690186858177,1731.220049381256,10.93,7625.060000000032
712,"[69, 70, 93, 75, 27, 23, 87, 49, 16, 84]",86.86,0.4182437971234322,1733.8221735954285,10.58,7635.640000000032
713,"[26, 70, 50, 93, 75, 77, 96, 44, 51, 92]",86.84,0.4106025142967701,1736.288677692413,11.13,7646.770000000032
714,"[53, 78, 6, 5, 35, 54, 10, 91, 27, 46]",87.34,0.3856606984138488,1738.1452457904816,8.45,7655.220000000032
715,"[16, 38, 52, 6, 26, 87, 56, 98, 74, 75]",86.99,0.3960608980059624,1740.6218152046204,11.13,7666.350000000032
716,"[37, 78, 64, 77, 26, 93, 25, 31, 42, 10]",83.21,0.5444158133864403,1743.2583384513855,11.38,7677.730000000032
717,"[12, 5, 93, 77, 37, 61, 55, 3, 84, 46]",81.32,0.6120737835764885,1745.8790397644043,11.29,7689.020000000032
718,"[93, 52, 27, 75, 77, 29, 4, 62, 46, 87]",85.78,0.4738161332905292,1748.02659368515,10.11,7699.130000000032
719,"[75, 53, 37, 52, 50, 86, 98, 29, 99, 5]",85.82,0.4275500422716141,1750.6612112522123,10.11,7709.240000000032
720,"[99, 5, 69, 35, 78, 73, 0, 36, 75, 27]",83.34,0.5276760062575341,1753.0519514083862,10.55,7719.790000000032
721,"[69, 86, 12, 27, 52, 18, 78, 79, 55, 54]",86.38,0.4195013989508152,1755.1079342365265,10.63,7730.420000000032
722,"[12, 50, 5, 35, 38, 98, 44, 83, 31, 77]",86.12,0.4133745981752872,1757.5096764564514,8.59,7739.010000000032
723,"[77, 38, 93, 69, 26, 43, 99, 0, 54, 73]",86.13,0.4303010708093643,1760.3576390743256,11.13,7750.140000000032
724,"[16, 6, 93, 26, 77, 75, 90, 17, 46, 18]",86.49,0.4261700370907783,1762.8764672279358,11.13,7761.270000000032
725,"[17, 25, 27, 93, 37, 40, 38, 69, 72, 81]",86.21,0.4386222712695599,1765.4391782283783,10.93,7772.200000000033
726,"[93, 12, 77, 25, 69, 80, 3, 19, 36, 11]",82.57,0.5954662311077118,1767.9267275333405,10.1,7782.300000000033
727,"[16, 38, 12, 27, 50, 79, 21, 46, 94, 2]",84.97,0.461678609251976,1769.948876619339,10.63,7792.930000000033
728,"[17, 77, 37, 27, 38, 87, 61, 9, 78, 11]",87.0,0.3990418650209903,1772.4340331554413,11.29,7804.220000000033
729,"[25, 75, 93, 27, 99, 59, 32, 33, 84, 15]",86.24,0.427696426063776,1774.762416124344,8.65,7812.870000000033
730,"[77, 37, 99, 17, 75, 25, 60, 36, 91, 46]",84.9,0.4935481891036034,1777.0246965885162,9.3,7822.170000000033
731,"[75, 38, 77, 27, 37, 49, 47, 1, 57, 39]",85.21,0.4582054878771305,1779.401448726654,10.86,7833.0300000000325
732,"[37, 16, 26, 93, 27, 51, 59, 31, 87, 57]",87.09,0.399332212805748,1782.062852144241,11.13,7844.160000000033
733,"[99, 37, 47, 70, 16, 63, 19, 82, 46, 55]",86.26,0.432605304569006,1784.0529458522797,10.86,7855.020000000032
734,"[99, 93, 37, 47, 16, 77, 87, 17, 23, 45]",85.43,0.4695171409845352,1786.694378376007,11.71,7866.730000000032
735,"[77, 12, 55, 50, 16, 21, 14, 15, 28, 78]",84.03,0.4917286801338196,1788.6793763637545,11.34,7878.070000000032
736,"[70, 17, 77, 12, 78, 53, 30, 63, 27, 73]",86.18,0.4293127530813217,1791.122151851654,10.55,7888.620000000033
737,"[90, 37, 27, 69, 52, 85, 59, 17, 88, 67]",84.4,0.4851211440563202,1793.3044760227203,10.11,7898.730000000032
738,"[78, 77, 52, 12, 50, 85, 56, 14, 13, 34]",85.15,0.4659191837906837,1795.3065412044523,11.1,7909.830000000033
739,"[69, 75, 38, 52, 26, 53, 60, 98, 21, 2]",86.59,0.4297884137928486,1797.6571393013,11.13,7920.960000000033
740,"[93, 16, 27, 70, 69, 47, 37, 46, 65, 86]",87.04,0.4101964393258094,1799.907124519348,10.86,7931.820000000032
741,"[55, 12, 37, 99, 27, 96, 2, 83, 56, 61]",84.77,0.4587153770029545,1802.1400792598724,11.29,7943.110000000032
742,"[26, 12, 77, 86, 27, 81, 54, 37, 66, 32]",81.87,0.5911331987380981,1804.614065885544,11.13,7954.2400000000325
743,"[93, 37, 75, 27, 26, 89, 98, 88, 43, 19]",86.17,0.425284724086523,1807.2666172981264,11.13,7965.370000000033
744,"[27, 75, 52, 16, 93, 94, 68, 57, 24, 99]",86.86,0.4019655457139015,1809.0610182285309,10.11,7975.480000000032
745,"[43, 75, 16, 53, 69, 4, 98, 91, 38, 9]",87.56,0.3835749433934688,1811.052301645279,8.1,7983.580000000033
746,"[93, 71, 38, 26, 25, 87, 54, 96, 57, 5]",86.76,0.4127563215792179,1813.512416124344,11.13,7994.710000000033
747,"[71, 27, 70, 78, 52, 64, 26, 96, 46, 90]",86.4,0.4277322417497635,1815.466284990311,11.38,8006.090000000033
748,"[12, 90, 27, 55, 77, 82, 93, 26, 84, 69]",85.43,0.4587435503304005,1818.208119392395,11.13,8017.220000000033
749,"[25, 77, 99, 78, 12, 68, 49, 30, 53, 96]",82.29,0.5946055087447166,1820.4927637577057,10.58,8027.800000000033
750,"[55, 78, 70, 12, 16, 18, 26, 74, 64, 83]",86.06,0.4442785373330116,1822.4960491657257,11.38,8039.180000000033
751,"[75, 16, 37, 26, 38, 63, 62, 2, 81, 87]",86.18,0.43674391284585,1824.7868938446045,11.13,8050.310000000033
752,"[70, 90, 69, 17, 50, 20, 16, 4, 43, 87]",86.73,0.4210563266277313,1826.8958082199097,9.3,8059.610000000033
753,"[43, 38, 64, 52, 16, 56, 12, 60, 27, 79]",85.48,0.4556297640502453,1829.2374775409696,11.38,8070.990000000033
754,"[50, 12, 52, 37, 38, 72, 46, 6, 86, 66]",81.35,0.59706657320261,1831.5513713359835,10.78,8081.770000000033
755,"[77, 53, 6, 16, 99, 43, 57, 83, 74, 80]",84.87,0.4576329527795315,1833.579436302185,10.04,8091.810000000033
756,"[37, 78, 75, 12, 55, 33, 96, 63, 52, 85]",83.76,0.5169933664798737,1835.527100801468,10.11,8101.920000000033
757,"[77, 70, 99, 69, 90, 50, 43, 84, 21, 82]",86.19,0.417978449165821,1837.94845032692,8.94,8110.860000000032
758,"[26, 99, 5, 38, 90, 24, 10, 45, 3, 56]",83.99,0.4989006787538528,1840.180149316788,11.71,8122.570000000032
759,"[5, 27, 35, 25, 26, 12, 90, 1, 44, 3]",84.39,0.491101198643446,1842.6794912815092,11.13,8133.700000000033
760,"[70, 12, 16, 77, 53, 47, 36, 87, 88, 29]",86.24,0.4390570136904717,1845.5155522823331,10.86,8144.560000000032
761,"[43, 47, 55, 35, 78, 42, 79, 48, 31, 71]",86.08,0.4537323752045631,1847.6359434127808,12.1,8156.660000000033
762,"[52, 25, 27, 71, 69, 63, 99, 44, 65, 59]",85.72,0.438260565251112,1849.4328398704529,11.09,8167.750000000033
763,"[93, 12, 52, 99, 38, 58, 24, 82, 88, 63]",82.33,0.5636359575390816,1851.3952248096464,10.11,8177.860000000032
764,"[50, 38, 5, 93, 17, 31, 20, 4, 85, 44]",87.66,0.3885115846991539,1853.61949300766,9.3,8187.160000000033
765,"[77, 27, 38, 75, 25, 61, 34, 15, 83, 10]",86.68,0.4167913714051247,1855.87353348732,11.29,8198.450000000033
766,"[5, 6, 12, 50, 25, 19, 89, 71, 30, 9]",82.3,0.5583450663089752,1857.988338947296,11.09,8209.540000000034
767,"[53, 5, 70, 17, 75, 20, 69, 25, 36, 51]",86.88,0.4199463337659835,1860.3897728919983,9.3,8218.840000000033
768,"[35, 77, 50, 25, 99, 43, 71, 52, 67, 11]",85.42,0.4443555833399296,1862.460305929184,11.09,8229.930000000033
769,"[12, 16, 55, 78, 99, 66, 62, 32, 81, 3]",84.71,0.4769766038656234,1864.4052834510803,10.1,8240.030000000033
770,"[27, 50, 16, 25, 38, 75, 17, 58, 48, 33]",87.13,0.3939433924108744,1867.0632650852203,12.1,8252.130000000034
771,"[77, 5, 37, 70, 52, 3, 47, 20, 23, 67]",85.55,0.4419319361448288,1869.1991777420044,10.86,8262.990000000034
772,"[27, 52, 37, 25, 6, 4, 98, 79, 97, 54]",81.39,0.6127020379900933,1871.4411091804504,10.63,8273.620000000034
773,"[69, 17, 93, 38, 27, 47, 45, 72, 66, 39]",86.64,0.4202296037971973,1873.5896315574648,11.71,8285.330000000033
774,"[5, 12, 77, 25, 27, 41, 68, 81, 89, 69]",81.1,0.6442270538210869,1875.6428565979004,11.19,8296.520000000033
775,"[47, 6, 16, 37, 25, 34, 78, 99, 85, 20]",86.42,0.4240542313456535,1877.8674767017365,10.86,8307.380000000034
776,"[50, 75, 70, 47, 16, 78, 36, 27, 13, 37]",87.67,0.388161906003952,1880.259089708328,10.86,8318.240000000034
777,"[99, 27, 37, 12, 25, 79, 45, 56, 29, 16]",82.3,0.5565493425726891,1882.4376420974727,11.71,8329.950000000033
778,"[69, 99, 75, 38, 25, 86, 74, 40, 84, 87]",87.44,0.3868669866025447,1884.5536131858823,10.93,8340.880000000034
779,"[93, 37, 27, 77, 17, 22, 49, 78, 2, 28]",85.02,0.4915610714256763,1887.0677406787872,11.34,8352.220000000034
780,"[6, 69, 53, 37, 16, 7, 66, 31, 20, 15]",84.79,0.4697474494576454,1889.063976764679,9.03,8361.250000000035
781,"[17, 50, 99, 27, 93, 63, 4, 46, 55, 86]",87.21,0.3908845950663089,1891.5023655891416,9.3,8370.550000000034
782,"[12, 80, 78, 52, 55, 4, 95, 86, 28, 46]",85.08,0.4733104002475738,1893.2681682109835,11.34,8381.890000000034
783,"[75, 78, 38, 90, 69, 67, 89, 30, 95, 88]",87.76,0.3842568013072014,1895.2939183712008,9.18,8391.070000000034
784,"[70, 2, 12, 38, 80, 79, 84, 72, 28, 55]",84.98,0.4803898896276951,1897.3882479667664,11.34,8402.410000000034
785,"[90, 6, 35, 75, 37, 72, 81, 82, 68, 70]",85.66,0.4592045944929123,1899.2402567863464,10.78,8413.190000000035
786,"[90, 12, 52, 69, 38, 25, 9, 3, 30, 71]",83.62,0.5069612821936608,1901.2888178825376,11.09,8424.280000000035
787,"[26, 5, 35, 69, 25, 64, 86, 79, 15, 42]",85.87,0.4282241475582122,1903.553598880768,11.38,8435.660000000034
788,"[12, 50, 35, 27, 25, 96, 10, 59, 24, 1]",85.15,0.4484083406627178,1905.511965036392,8.72,8444.380000000034
789,"[17, 26, 38, 77, 99, 45, 31, 25, 41, 4]",84.57,0.4821999959647655,1908.2728221416476,11.71,8456.090000000033
790,"[37, 25, 75, 77, 38, 60, 54, 86, 18, 78]",83.36,0.5380849978327751,1910.4932453632357,8.59,8464.680000000033
791,"[12, 69, 75, 77, 5, 83, 47, 52, 96, 24]",87.31,0.4014463326334953,1912.62393283844,10.86,8475.540000000034
792,"[12, 69, 35, 38, 93, 34, 59, 99, 55, 96]",86.03,0.4362325480580329,1914.9907121658323,8.72,8484.260000000033
793,"[75, 37, 38, 27, 26, 51, 1, 69, 86, 89]",85.94,0.4414618974924088,1917.2034323215485,11.13,8495.390000000032
794,"[35, 53, 99, 12, 25, 26, 42, 72, 5, 58]",84.0,0.5169259062409401,1919.3734571933744,11.18,8506.570000000032
795,"[27, 99, 78, 17, 37, 54, 96, 76, 77, 16]",82.68,0.5707093062996864,1921.843925237656,9.3,8515.870000000032
796,"[77, 26, 37, 5, 12, 40, 30, 99, 57, 83]",84.98,0.4787256915867328,1924.2639935016632,11.13,8527.000000000031
797,"[38, 16, 77, 26, 27, 80, 90, 53, 29, 8]",86.52,0.4289607565104961,1926.850457906723,11.13,8538.13000000003
798,"[37, 27, 77, 25, 38, 34, 15, 36, 91, 64]",83.9,0.5130236245691776,1929.2959389686584,11.38,8549.51000000003
799,"[47, 93, 38, 12, 53, 8, 17, 58, 98, 49]",86.54,0.4704997697472572,1931.773487329483,10.86,8560.37000000003
800,"[77, 27, 37, 38, 12, 61, 92, 75, 51, 78]",84.18,0.5016159102320671,1934.1639103889463,11.29,8571.66000000003
801,"[37, 27, 75, 99, 77, 4, 19, 24, 36, 73]",81.95,0.6030447670817375,1936.418070793152,10.55,8582.21000000003
802,"[75, 25, 77, 37, 17, 1, 59, 53, 9, 99]",83.11,0.5601969841122627,1938.7014293670652,9.3,8591.51000000003
803,"[27, 25, 12, 99, 93, 68, 40, 57, 59, 77]",83.08,0.5688362860679627,1941.5783231258392,10.93,8602.44000000003
804,"[77, 99, 75, 27, 93, 49, 30, 40, 81, 50]",86.71,0.4174507050216198,1944.0549652576449,10.93,8613.37000000003
805,"[37, 99, 25, 50, 27, 74, 19, 48, 52, 53]",84.66,0.4843419037759304,1946.2840900421145,12.1,8625.47000000003
806,"[50, 93, 27, 47, 99, 65, 7, 87, 30, 21]",86.88,0.4342365057766437,1948.073068857193,10.86,8636.33000000003
807,"[50, 37, 52, 27, 60, 31, 29, 9, 97, 96]",87.05,0.420949000865221,1950.280164718628,10.11,8646.440000000031
808,"[5, 47, 78, 6, 93, 36, 4, 76, 65, 97]",87.16,0.4118266922235489,1952.275838136673,10.86,8657.300000000032
809,"[27, 53, 93, 6, 77, 86, 48, 45, 57, 96]",85.3,0.4782892714440823,1954.5888624191284,12.1,8669.400000000032
810,"[5, 77, 99, 93, 37, 4, 80, 63, 39, 51]",80.66,0.6777963060140609,1956.9192700386047,10.04,8679.440000000033
811,"[16, 17, 77, 99, 27, 33, 42, 71, 15, 22]",83.14,0.5657158179581165,1959.2249739170077,11.18,8690.620000000034
812,"[5, 52, 27, 71, 25, 66, 79, 43, 23, 10]",85.44,0.467633580416441,1961.430247306824,11.09,8701.710000000034
813,"[17, 69, 43, 90, 37, 58, 10, 83, 67, 72]",86.73,0.4159635353088379,1963.4517259597776,10.78,8712.490000000034
814,"[17, 16, 69, 55, 77, 86, 11, 9, 15, 40]",85.72,0.4544455209374428,1965.4041011333463,10.93,8723.420000000035
815,"[75, 90, 99, 12, 37, 93, 88, 34, 79, 96]",84.52,0.5024471867084503,1968.4402987957,10.63,8734.050000000034
816,"[25, 37, 75, 6, 38, 54, 65, 4, 26, 79]",84.67,0.4900621375441551,1970.6015918254848,11.13,8745.180000000033
817,"[6, 53, 75, 90, 26, 41, 31, 5, 39, 11]",87.08,0.4064428806304931,1972.7209632396696,11.19,8756.370000000034
818,"[6, 25, 35, 99, 27, 71, 65, 95, 9, 2]",85.63,0.452474055737257,1975.1682269573207,11.09,8767.460000000034
819,"[25, 12, 16, 37, 70, 6, 21, 36, 96, 39]",81.37,0.6214666619896889,1977.9370794296265,8.94,8776.400000000034
820,"[75, 35, 53, 77, 93, 25, 18, 79, 74, 34]",84.95,0.4959180262684822,1980.5818803310397,10.63,8787.030000000033
821,"[27, 38, 43, 25, 75, 7, 57, 61, 29, 5]",87.31,0.3986659561097622,1982.5808885097504,11.29,8798.320000000034
822,"[26, 52, 38, 77, 53, 31, 36, 43, 25, 89]",86.14,0.4351313477754593,1985.462855100632,11.13,8809.450000000033
823,"[37, 16, 26, 75, 53, 2, 96, 33, 13, 81]",84.97,0.4884113050997257,1987.7679295539856,11.13,8820.580000000033
824,"[70, 35, 12, 77, 38, 1, 4, 67, 16, 65]",83.4,0.5423839420080185,1990.0209834575653,8.94,8829.520000000033
825,"[38, 43, 12, 77, 70, 97, 61, 15, 90, 83]",86.62,0.4330099192261696,1992.3506388664248,11.29,8840.810000000034
826,"[70, 75, 77, 26, 38, 24, 98, 45, 90, 39]",87.46,0.4047378711402416,1994.628467321396,11.71,8852.520000000033
827,"[26, 12, 16, 43, 93, 51, 48, 37, 62, 87]",85.62,0.4694695381820202,1996.8776519298556,12.1,8864.620000000034
828,"[25, 43, 38, 37, 17, 2, 71, 20, 50, 35]",86.1,0.4404748451709747,1999.1993346214292,11.09,8875.710000000034
829,"[50, 5, 52, 25, 16, 92, 17, 85, 63, 32]",86.43,0.4145140819251537,2001.4362950325008,10.11,8885.820000000034
830,"[27, 77, 38, 25, 5, 99, 73, 28, 34, 29]",83.75,0.5179973538219929,2003.42489027977,11.34,8897.160000000034
831,"[35, 37, 26, 5, 16, 48, 18, 83, 43, 41]",86.45,0.4199751853942871,2005.9033823013303,12.1,8909.260000000035
832,"[75, 38, 26, 6, 77, 89, 71, 51, 31, 24]",85.79,0.4569384874403476,2008.2470796108248,11.13,8920.390000000034
833,"[93, 52, 12, 99, 38, 57, 8, 82, 19, 29]",86.35,0.4500964221358299,2010.4248423576355,10.11,8930.500000000035
834,"[93, 38, 52, 69, 12, 42, 37, 46, 41, 84]",81.68,0.6508463251590729,2012.674236536026,11.19,8941.690000000035
835,"[69, 38, 17, 75, 93, 52, 28, 4, 47, 76]",87.87,0.3835702214390039,2014.8403267860413,11.34,8953.030000000035
836,"[47, 71, 99, 12, 93, 74, 75, 41, 14, 78]",87.01,0.4139226919412613,2016.8403284549715,11.19,8964.220000000036
837,"[93, 12, 70, 78, 37, 24, 32, 36, 64, 82]",85.07,0.5061643180251122,2018.8606107234957,11.38,8975.600000000035
838,"[93, 6, 16, 77, 12, 84, 70, 72, 95, 54]",82.97,0.5950029876828193,2021.139243364334,10.78,8986.380000000036
839,"[5, 78, 17, 27, 71, 25, 68, 21, 54, 72]",84.63,0.4999614512920379,2023.0808963775637,11.09,8997.470000000036
840,"[12, 38, 27, 16, 99, 65, 89, 75, 9, 78]",87.04,0.4154847005009651,2025.108026266098,8.35,9005.820000000036
841,"[99, 17, 75, 5, 77, 85, 23, 57, 47, 90]",86.92,0.4173054105043411,2027.4713916778564,10.86,9016.680000000037
842,"[70, 5, 93, 69, 16, 7, 97, 31, 23, 51]",87.33,0.4110557042062283,2029.441742658615,8.94,9025.620000000037
843,"[77, 47, 35, 16, 63, 7, 14, 34, 12, 3]",86.35,0.4279078751802444,2031.9675605297089,10.86,9036.480000000038
844,"[99, 77, 71, 17, 26, 88, 62, 97, 95, 53]",85.59,0.4677538698911667,2034.433491706848,11.13,9047.610000000037
845,"[17, 69, 70, 37, 50, 6, 49, 52, 43, 97]",85.44,0.4696546763181686,2036.614711523056,10.58,9058.190000000037
846,"[75, 77, 17, 90, 99, 25, 52, 18, 30, 97]",84.4,0.5037880684435367,2038.8196580410004,10.11,9068.300000000037
847,"[12, 77, 47, 75, 37, 69, 20, 99, 29, 92]",86.65,0.4205895835161209,2041.1134493350985,10.86,9079.160000000038
848,"[27, 75, 38, 50, 37, 8, 62, 21, 48, 46]",87.19,0.4144287657737732,2043.3744525909424,12.1,9091.260000000038
849,"[27, 25, 78, 38, 99, 44, 76, 64, 23, 51]",85.66,0.4493017350137234,2045.5982694625852,11.38,9102.640000000038
850,"[77, 38, 75, 52, 27, 36, 11, 35, 41, 84]",86.87,0.4159818553924561,2048.232732772827,11.19,9113.830000000038
851,"[47, 78, 5, 75, 37, 93, 41, 43, 46, 98]",87.61,0.4018827119469643,2050.377079486847,11.19,9125.020000000039
852,"[25, 75, 93, 53, 52, 9, 40, 22, 57, 94]",85.65,0.4794461193680763,2052.1953744888306,10.93,9135.950000000039
853,"[16, 76, 47, 26, 25, 4, 42, 83, 62, 23]",86.49,0.4293191863596439,2054.3276295661926,11.18,9147.13000000004
854,"[99, 12, 37, 25, 38, 49, 96, 0, 15, 27]",80.94,0.6252691474556923,2056.783008337021,10.58,9157.71000000004
855,"[12, 93, 50, 26, 16, 45, 57, 83, 32, 96]",86.7,0.4206277818977832,2059.596858024597,11.71,9169.420000000038
856,"[93, 77, 70, 50, 12, 63, 75, 28, 47, 43]",86.72,0.4364037926495075,2062.44545173645,11.34,9180.760000000038
857,"[77, 75, 38, 12, 99, 81, 45, 84, 76, 63]",82.97,0.5523687766492367,2064.7612841129303,11.71,9192.470000000038
858,"[26, 70, 12, 37, 77, 19, 30, 22, 58, 7]",83.13,0.5770163035392761,2066.9371967315674,11.13,9203.600000000037
859,"[26, 75, 70, 12, 77, 6, 3, 56, 55, 54]",85.2,0.4812406241893768,2069.363827943802,11.13,9214.730000000036
860,"[12, 52, 75, 70, 16, 64, 31, 14, 49, 74]",86.81,0.4272030413150787,2071.2501130104065,11.38,9226.110000000035
861,"[35, 37, 77, 75, 93, 53, 69, 96, 99, 22]",84.03,0.5305130156874657,2073.7705092430115,8.72,9234.830000000034
862,"[78, 37, 55, 5, 52, 25, 66, 2, 99, 34]",84.88,0.481744704246521,2075.8277575969696,10.11,9244.940000000035
863,"[25, 93, 64, 70, 99, 31, 91, 66, 88, 16]",86.92,0.4065988971292972,2077.787679672241,11.38,9256.320000000034
864,"[26, 38, 69, 5, 35, 70, 82, 76, 81, 37]",85.56,0.4567879635840654,2080.504105091095,11.13,9267.450000000033
865,"[93, 26, 75, 17, 25, 55, 10, 32, 87, 15]",86.93,0.4302295969426632,2082.700519561768,11.13,9278.580000000033
866,"[50, 37, 17, 93, 6, 9, 44, 1, 83, 95]",86.11,0.4607257302105427,2084.889642238617,9.3,9287.880000000032
867,"[5, 26, 55, 77, 37, 68, 50, 12, 32, 3]",83.28,0.555855406075716,2087.2614402771,11.13,9299.010000000031
868,"[76, 17, 75, 93, 69, 66, 73, 61, 62, 13]",85.34,0.4787777905166149,2089.9057142734528,11.29,9310.300000000032
869,"[17, 77, 93, 27, 12, 79, 87, 89, 83, 45]",86.92,0.4307282444834709,2092.319384336472,11.71,9322.010000000031
870,"[52, 12, 35, 55, 37, 47, 25, 11, 14, 18]",84.73,0.5201801042258739,2094.700323343277,10.86,9332.870000000032
871,"[38, 90, 77, 27, 53, 83, 63, 14, 25, 34]",87.42,0.4095226290822029,2096.992031812668,8.7,9341.570000000032
872,"[27, 55, 2, 78, 38, 51, 40, 41, 85, 82]",86.32,0.4528541579842567,2099.0541067123413,11.19,9352.760000000033
873,"[90, 50, 93, 75, 69, 34, 54, 77, 42, 23]",86.09,0.4546130122244358,2101.536951780319,11.18,9363.940000000033
874,"[12, 93, 99, 37, 64, 33, 36, 35, 91, 80]",85.27,0.4802678033709526,2103.696619987488,11.38,9375.320000000032
875,"[16, 6, 77, 93, 12, 81, 83, 66, 65, 69]",85.63,0.4543150681257248,2105.835033416748,9.03,9384.350000000033
876,"[38, 26, 69, 5, 99, 59, 52, 11, 21, 92]",84.3,0.5163937698304654,2107.8341825008392,11.13,9395.480000000032
877,"[6, 37, 77, 52, 99, 88, 22, 74, 69, 28]",78.59,0.7554992872476578,2109.6926443576813,11.34,9406.820000000032
878,"[77, 12, 37, 69, 99, 88, 93, 39, 6, 87]",83.68,0.542986400872469,2111.9910333156586,8.59,9415.410000000033
879,"[93, 5, 78, 38, 75, 24, 57, 27, 98, 68]",87.3,0.4080159705877304,2114.2080612182617,8.42,9423.830000000033
880,"[50, 80, 55, 93, 5, 26, 8, 6, 15, 0]",87.39,0.4061053265631199,2116.508147716522,11.13,9434.960000000032
881,"[80, 50, 75, 12, 38, 93, 25, 35, 4, 88]",84.71,0.5058835205435753,2118.749275445938,10.04,9445.000000000033
882,"[38, 52, 93, 26, 78, 19, 25, 92, 76, 15]",85.16,0.4812074956297874,2120.9459512233734,11.13,9456.130000000032
883,"[93, 69, 12, 26, 99, 29, 98, 31, 79, 82]",86.62,0.4257486665248871,2123.547326087952,11.13,9467.260000000031
884,"[27, 16, 37, 25, 50, 46, 96, 67, 15, 38]",83.24,0.5354505971074104,2125.7654798030853,8.72,9475.98000000003
885,"[25, 75, 69, 50, 93, 70, 78, 17, 62, 99]",86.62,0.4433786319196224,2128.358345270157,9.3,9485.28000000003
886,"[77, 69, 16, 78, 12, 36, 58, 32, 3, 24]",85.23,0.4946767620742321,2130.42781162262,10.1,9495.38000000003
887,"[77, 37, 70, 12, 38, 14, 27, 13, 84, 6]",83.28,0.5617936047911644,2133.379554271698,8.94,9504.32000000003
888,"[78, 37, 93, 75, 6, 68, 48, 69, 72, 23]",83.65,0.5581245096027851,2135.886719226837,12.1,9516.420000000031
889,"[38, 70, 78, 17, 6, 69, 32, 50, 5, 33]",88.05,0.3787776383757591,2138.1076743602757,9.3,9525.72000000003
890,"[27, 17, 99, 38, 78, 12, 64, 65, 60, 69]",87.72,0.3952239219844341,2140.7294187545776,11.38,9537.10000000003
891,"[75, 99, 38, 12, 93, 0, 85, 71, 21, 6]",86.04,0.4510492436587811,2142.8270132541656,11.09,9548.19000000003
892,"[99, 16, 37, 27, 12, 81, 86, 10, 28, 2]",81.54,0.6119114220142364,2145.1878428459167,11.34,9559.53000000003
893,"[50, 27, 99, 38, 90, 64, 4, 33, 93, 39]",86.57,0.4323039443790912,2147.5021386146545,11.38,9570.910000000029
894,"[64, 27, 5, 60, 17, 96, 33, 91, 20, 10]",87.4,0.4081176726520061,2149.642020702362,11.38,9582.290000000028
895,"[93, 6, 77, 50, 99, 80, 42, 63, 51, 44]",84.69,0.5088391570746899,2151.786279439926,11.18,9593.470000000028
896,"[77, 52, 38, 90, 5, 99, 70, 29, 0, 89]",87.06,0.4239274680614471,2154.093366622925,10.11,9603.580000000029
897,"[50, 37, 5, 90, 16, 81, 75, 88, 46, 15]",85.52,0.4571474616229534,2155.978501558304,6.71,9610.290000000028
898,"[70, 52, 37, 71, 17, 82, 51, 20, 28, 38]",87.56,0.4139242008328437,2158.4148666858678,11.34,9621.630000000028
899,"[12, 27, 71, 6, 93, 89, 25, 29, 4, 8]",86.34,0.4450480684638023,2160.958773374557,11.09,9632.720000000028
900,"[5, 70, 17, 27, 38, 43, 6, 84, 14, 87]",87.95,0.3961627134680748,2163.5424811840057,9.3,9642.020000000028
901,"[71, 38, 37, 27, 25, 93, 49, 21, 70, 44]",86.27,0.4550381809473037,2165.96919965744,11.09,9653.110000000028
902,"[75, 38, 77, 52, 27, 47, 69, 51, 90, 3]",87.18,0.4277837318181992,2168.509583711624,10.86,9663.970000000028
903,"[27, 75, 12, 25, 77, 32, 65, 56, 50, 89]",83.92,0.5389416542649269,2170.753303289413,11.1,9675.070000000029
904,"[5, 12, 77, 25, 50, 55, 75, 91, 59, 28]",85.72,0.4524076341092586,2173.119464635849,11.34,9686.410000000029
905,"[17, 50, 71, 52, 99, 79, 93, 66, 0, 16]",87.63,0.3981347702443599,2175.1498227119446,11.09,9697.50000000003
906,"[43, 17, 37, 12, 75, 71, 25, 52, 50, 99]",84.88,0.4855995288491249,2178.064814567566,11.09,9708.59000000003
907,"[77, 12, 53, 38, 55, 59, 21, 84, 63, 7]",84.02,0.5339720743894577,2180.116505384445,8.59,9717.18000000003
908,"[55, 38, 53, 93, 37, 21, 52, 66, 7, 91]",86.66,0.4444365222752094,2182.4115781784058,10.11,9727.29000000003
909,"[27, 38, 53, 80, 12, 29, 56, 8, 41, 55]",86.94,0.4253288608789444,2184.5698058605194,11.19,9738.48000000003
910,"[5, 27, 17, 99, 12, 48, 15, 0, 73, 4]",84.55,0.5161343778669835,2186.9410314559937,12.1,9750.58000000003
911,"[27, 5, 26, 93, 47, 92, 62, 25, 12, 36]",86.42,0.4561559043824673,2189.4485881328583,11.13,9761.71000000003
912,"[60, 47, 90, 48, 99, 3, 87, 59, 92, 17]",86.38,0.4521660588681698,2191.395401000977,12.1,9773.81000000003
913,"[16, 93, 75, 48, 60, 58, 66, 84, 27, 94]",87.52,0.4126096521317959,2193.495924949646,12.1,9785.91000000003
914,"[99, 47, 52, 5, 75, 27, 13, 54, 30, 8]",85.97,0.4621779944002628,2195.579615831375,10.86,9796.770000000031
915,"[99, 17, 35, 90, 37, 80, 76, 72, 33, 2]",82.81,0.5808840838074684,2198.115325450897,10.78,9807.550000000032
916,"[47, 70, 37, 93, 75, 74, 22, 72, 1, 92]",86.03,0.4815729206800461,2200.124715328217,10.86,9818.410000000033
917,"[47, 26, 52, 75, 16, 73, 91, 82, 68, 77]",87.32,0.4106247909367084,2202.2237639427185,11.13,9829.540000000032
918,"[5, 40, 35, 75, 99, 70, 92, 10, 73, 88]",87.44,0.4087043626606464,2204.078866958618,10.93,9840.470000000032
919,"[6, 75, 12, 77, 90, 53, 61, 65, 73, 41]",81.88,0.6279121497273445,2206.147908449173,11.29,9851.760000000033
920,"[35, 53, 10, 6, 77, 57, 84, 90, 33, 65]",84.2,0.5335741108655929,2208.026397228241,8.59,9860.350000000033
921,"[52, 75, 40, 70, 35, 87, 24, 30, 78, 60]",85.66,0.5214576959609986,2210.0864477157597,10.93,9871.280000000033
922,"[75, 78, 93, 80, 37, 13, 54, 0, 56, 64]",85.62,0.4847924199700355,2212.320314645767,11.38,9882.660000000033
923,"[12, 25, 80, 75, 93, 30, 48, 3, 66, 94]",85.94,0.4614330579340457,2214.1746253967285,12.1,9894.760000000033
924,"[93, 38, 69, 92, 37, 54, 84, 35, 11, 50]",85.81,0.4609164164960384,2216.5488815307617,8.96,9903.720000000032
925,"[1, 17, 70, 5, 99, 15, 12, 8, 93, 46]",87.44,0.4105686870962381,2219.089987039566,9.3,9913.020000000031
926,"[25, 77, 80, 75, 50, 3, 29, 58, 17, 55]",85.61,0.4913535133749246,2221.099830389023,10.1,9923.120000000032
927,"[77, 52, 12, 37, 38, 76, 5, 28, 4, 88]",76.16,0.8691102683544158,2223.7566895484924,11.34,9934.460000000032
928,"[26, 25, 99, 55, 52, 41, 82, 85, 44, 80]",84.44,0.5151359663903713,2225.796464443207,11.19,9945.650000000032
929,"[12, 69, 16, 38, 26, 61, 58, 86, 96, 45]",84.9,0.4855074726045131,2228.485497951508,11.71,9957.360000000032
930,"[77, 6, 70, 53, 35, 82, 97, 28, 2, 96]",84.92,0.5029680918157101,2230.6005098819733,11.34,9968.700000000032
931,"[38, 70, 69, 52, 12, 54, 57, 62, 48, 85]",85.19,0.500241679996252,2232.273713827133,12.1,9980.800000000032
932,"[37, 12, 70, 52, 77, 53, 33, 23, 88, 68]",81.43,0.6998647567629814,2234.5153307914734,10.11,9990.910000000033
933,"[52, 75, 40, 35, 5, 24, 74, 98, 18, 58]",83.73,0.5544977593421936,2236.248027563095,10.93,10001.840000000033
934,"[38, 27, 93, 35, 37, 12, 5, 39, 64, 80]",84.98,0.4865189343690872,2238.6975321769714,11.38,10013.220000000032
935,"[37, 69, 99, 16, 25, 87, 53, 26, 32, 82]",86.5,0.43257268846035,2240.7335822582245,11.13,10024.350000000031
936,"[69, 55, 12, 37, 38, 42, 52, 97, 29, 18]",83.57,0.536679612994194,2242.7612166404724,11.18,10035.530000000032
937,"[77, 53, 55, 52, 38, 97, 57, 46, 48, 0]",86.65,0.4439187367260456,2244.564829349518,12.1,10047.630000000032
938,"[93, 40, 38, 52, 77, 50, 56, 28, 7, 18]",86.65,0.4446532008051872,2246.5715610980988,11.34,10058.970000000032
939,"[52, 77, 25, 75, 27, 15, 87, 80, 54, 62]",85.64,0.4693742237985134,2248.7269899845123,10.11,10069.080000000033
940,"[69, 38, 16, 99, 25, 41, 5, 79, 20, 58]",84.0,0.5264903526008129,2250.690993309021,11.19,10080.270000000033
941,"[38, 52, 12, 27, 93, 70, 33, 67, 94, 79]",86.91,0.4441705320775508,2252.6886525154114,10.63,10090.900000000032
942,"[70, 26, 6, 38, 99, 71, 46, 39, 93, 25]",87.32,0.4126395596563816,2255.07376909256,11.13,10102.030000000032
943,"[50, 37, 12, 99, 69, 75, 20, 42, 1, 8]",85.03,0.4881494405865669,2257.35223197937,11.18,10113.210000000032
944,"[16, 6, 52, 38, 99, 97, 8, 44, 31, 49]",85.85,0.455148653537035,2259.2811965942383,10.58,10123.790000000032
945,"[26, 12, 53, 75, 93, 71, 25, 15, 39, 54]",85.92,0.4674348418414593,2261.377905845642,11.13,10134.920000000031
946,"[6, 37, 27, 38, 71, 25, 23, 67, 98, 50]",84.41,0.5124282503128051,2263.5693938732147,11.09,10146.010000000031
947,"[50, 77, 27, 37, 69, 41, 3, 24, 45, 11]",84.06,0.532898367792368,2265.948179960251,11.71,10157.72000000003
948,"[38, 27, 53, 25, 37, 11, 95, 35, 24, 45]",86.58,0.4432121697068214,2268.1726064682007,11.71,10169.43000000003
949,"[69, 12, 5, 75, 53, 45, 0, 21, 55, 56]",86.88,0.4240793485939502,2270.279493331909,11.71,10181.140000000029
950,"[37, 75, 35, 26, 50, 17, 53, 77, 4, 39]",84.97,0.4994914223253727,2272.9604094028477,11.13,10192.270000000028
951,"[5, 93, 37, 77, 75, 19, 45, 46, 39, 97]",83.53,0.569191030561924,2274.917448282242,11.71,10203.980000000027
952,"[55, 26, 37, 27, 77, 97, 64, 89, 25, 62]",85.94,0.4624601525068283,2277.4341802597046,11.38,10215.360000000026
953,"[64, 27, 99, 55, 17, 0, 11, 34, 52, 18]",86.28,0.4555994771420956,2279.552537679672,11.38,10226.740000000025
954,"[69, 17, 99, 5, 77, 70, 28, 98, 19, 50]",86.31,0.4508813704550266,2281.7210721969604,11.34,10238.080000000025
955,"[5, 64, 99, 69, 26, 50, 1, 39, 17, 34]",86.66,0.4337833602726459,2284.167835235596,11.38,10249.460000000025
956,"[78, 77, 76, 17, 99, 90, 86, 44, 55, 20]",85.7,0.4691386060416698,2286.59286904335,9.3,10258.760000000024
957,"[12, 2, 75, 90, 64, 0, 14, 4, 73, 20]",87.15,0.417405864149332,2288.531210422516,11.38,10270.140000000023
958,"[38, 16, 27, 90, 75, 1, 93, 24, 28, 83]",87.14,0.4255520908534527,2290.7373716831207,11.34,10281.480000000023
959,"[27, 5, 64, 2, 17, 1, 19, 4, 31, 83]",87.69,0.3949991272389889,2293.160614967346,11.38,10292.860000000022
960,"[75, 99, 27, 38, 77, 68, 2, 36, 60, 58]",87.44,0.4119148214161396,2295.2822670936584,8.59,10301.450000000023
961,"[80, 5, 77, 52, 69, 84, 6, 21, 56, 44]",81.73,0.620938184261322,2297.524934530258,11.1,10312.550000000023
962,"[76, 78, 75, 52, 50, 93, 1, 86, 20, 54]",87.84,0.3967589233070612,2299.3437039852142,10.11,10322.660000000024
963,"[27, 6, 69, 78, 99, 88, 75, 43, 65, 22]",86.87,0.4313626220822334,2301.296384334564,8.35,10331.010000000024
964,"[75, 26, 93, 37, 17, 72, 33, 44, 76, 27]",86.68,0.4389435936510563,2303.7786474227905,11.13,10342.140000000023
965,"[5, 50, 77, 27, 25, 89, 85, 70, 30, 80]",85.83,0.4579288753867149,2305.9472708702087,10.04,10352.180000000024
966,"[76, 75, 77, 17, 6, 69, 41, 54, 31, 33]",82.41,0.6300570145249367,2308.026214122772,11.19,10363.370000000024
967,"[37, 38, 99, 16, 6, 59, 14, 43, 47, 76]",85.12,0.468534440100193,2310.1753034591675,10.86,10374.230000000025
968,"[50, 93, 25, 47, 70, 28, 55, 12, 14, 38]",85.55,0.5007876196503639,2312.3829488754272,11.34,10385.570000000025
969,"[93, 16, 27, 55, 99, 70, 84, 78, 4, 57]",88.35,0.3833814105391502,2314.5974867343903,8.94,10394.510000000026
970,"[43, 78, 75, 47, 38, 17, 51, 25, 29, 53]",87.78,0.4140083548426628,2316.6378870010376,10.86,10405.370000000026
971,"[43, 25, 55, 50, 77, 54, 17, 85, 23, 45]",85.1,0.4975018626451492,2318.6391763687134,11.71,10417.080000000025
972,"[37, 38, 25, 26, 75, 58, 20, 77, 32, 98]",83.82,0.5579836980998516,2321.122535467148,11.13,10428.210000000025
973,"[6, 50, 37, 16, 27, 98, 3, 90, 19, 88]",85.16,0.4822632555663586,2323.071367263794,10.1,10438.310000000025
974,"[16, 75, 99, 5, 25, 64, 88, 46, 26, 59]",85.44,0.4654813604056835,2325.015311002732,11.38,10449.690000000024
975,"[90, 69, 26, 99, 38, 24, 60, 35, 83, 51]",87.2,0.4194153495132923,2327.166203975677,11.13,10460.820000000023
976,"[26, 40, 5, 38, 60, 83, 46, 7, 17, 58]",86.77,0.4493280228972435,2329.3383457660675,11.13,10471.950000000023
977,"[5, 37, 90, 50, 6, 20, 0, 3, 86, 89]",85.67,0.4654322552680969,2331.2325189113617,10.1,10482.050000000023
978,"[17, 37, 50, 27, 6, 98, 14, 35, 22, 53]",85.57,0.48814059689641,2333.742935419082,9.3,10491.350000000022
979,"[16, 12, 27, 35, 5, 33, 14, 22, 75, 49]",85.79,0.4661877796053886,2336.0975666046143,10.58,10501.930000000022
980,"[35, 53, 77, 99, 17, 26, 47, 63, 27, 41]",87.08,0.4368985149264335,2338.3199741840363,11.19,10513.120000000023
981,"[77, 37, 47, 38, 69, 40, 85, 65, 49, 67]",85.02,0.5082634118199348,2340.2303421497345,10.93,10524.050000000023
982,"[86, 5, 77, 69, 38, 4, 37, 95, 57, 19]",81.06,0.6769849324226379,2342.6264247894287,9.94,10533.990000000023
983,"[53, 71, 12, 26, 6, 27, 39, 56, 19, 9]",86.2,0.4499535623192787,2344.787275791168,11.13,10545.120000000023
984,"[71, 99, 86, 77, 26, 98, 42, 13, 24, 82]",84.32,0.5395949113368989,2346.7226090431213,11.18,10556.300000000023
985,"[64, 52, 25, 69, 40, 77, 31, 75, 59, 97]",85.97,0.4527061097323894,2348.6834971904755,11.38,10567.680000000022
986,"[53, 75, 35, 5, 50, 10, 36, 22, 52, 73]",87.88,0.404496049284935,2350.6143293380737,10.55,10578.230000000021
987,"[63, 12, 50, 6, 71, 82, 11, 90, 91, 48]",87.26,0.4224021017551422,2352.671437501908,12.1,10590.330000000022
988,"[99, 64, 17, 63, 71, 77, 55, 21, 97, 33]",85.11,0.4914380818605423,2354.590039253235,11.38,10601.710000000021
989,"[37, 60, 16, 90, 80, 24, 62, 18, 74, 65]",83.47,0.5676743134856224,2356.263497114181,10.04,10611.750000000022
990,"[77, 80, 75, 37, 99, 52, 49, 54, 40, 11]",82.65,0.6069546107947826,2358.5396978855133,10.93,10622.680000000022
991,"[26, 16, 77, 6, 75, 28, 71, 93, 38, 53]",86.12,0.4648932230472564,2360.8012640476227,11.34,10634.020000000022
992,"[99, 25, 77, 12, 26, 34, 89, 86, 74, 51]",83.52,0.5678599697351455,2362.7418191432957,11.13,10645.150000000021
993,"[27, 38, 50, 25, 48, 90, 39, 59, 87, 40]",85.65,0.4783417092263698,2364.6733458042145,12.1,10657.250000000022
994,"[16, 25, 26, 50, 90, 41, 36, 0, 45, 11]",87.05,0.4280011059343815,2367.438827753067,11.71,10668.960000000021
995,"[60, 5, 71, 93, 38, 22, 45, 32, 68, 17]",87.42,0.4344088298082351,2369.492942333221,11.71,10680.67000000002
996,"[26, 99, 38, 71, 25, 90, 6, 13, 92, 8]",87.06,0.4199872995913029,2372.2276487350464,11.13,10691.80000000002
997,"[52, 25, 99, 69, 12, 35, 6, 17, 13, 82]",84.31,0.5322301895916461,2374.1889629364014,10.11,10701.91000000002
998,"[69, 71, 26, 6, 17, 7, 76, 92, 18, 21]",85.75,0.4748826447129249,2376.091219186783,11.13,10713.040000000019
999,"[47, 38, 12, 40, 26, 50, 91, 43, 97, 11]",86.77,0.4560890454053878,2378.4264953136444,11.13,10724.170000000018
1000,"[47, 69, 77, 99, 38, 98, 10, 31, 82, 96]",86.4,0.4451010796427727,2380.539591550827,10.86,10735.030000000019
