epoch,selected_clients,accuracy,loss,run_time,sim_round_time,epoch_cum_time
1,"[34, 53, 62, 32, 10, 38, 43, 2, 9, 61]",10.0,2.3496591305732726,12.327597379684448,11.29,11.29
2,"[1, 14, 36, 15, 39, 95, 83, 4, 79, 8]",29.7,2.231149538755417,24.430720329284668,10.63,21.92
3,"[17, 34, 94, 19, 27, 97, 91, 54, 9, 78]",28.03,1.914524620771408,35.71236228942871,9.94,31.86
4,"[52, 18, 89, 7, 4, 22, 41, 32, 45, 99]",35.37,1.7579153847694398,48.68245553970337,11.71,43.57
5,"[92, 40, 12, 52, 11, 2, 96, 42, 49, 89]",42.57,1.629995310306549,61.53759765625,11.18,54.75
6,"[95, 67, 84, 68, 80, 93, 79, 89, 82, 32]",49.39,1.503883240222931,73.11827111244202,10.63,65.38
7,"[75, 84, 7, 63, 47, 26, 44, 19, 80, 2]",53.94,1.2106886279582978,86.29558229446411,11.13,76.50999999999999
8,"[31, 63, 91, 79, 54, 37, 26, 53, 49, 48]",47.17,1.271279730796814,99.87750458717346,12.1,88.60999999999999
9,"[18, 74, 58, 70, 11, 71, 49, 7, 65, 78]",44.83,1.342800279855728,112.21582388877869,11.09,99.69999999999999
10,"[3, 79, 69, 84, 80, 66, 98, 36, 40, 38]",54.47,1.1629053944349288,124.49351000785828,10.93,110.63
11,"[21, 23, 1, 79, 35, 6, 51, 13, 0, 73]",50.74,1.252012710571289,136.52627825737,10.63,121.25999999999999
12,"[91, 46, 79, 35, 58, 56, 25, 42, 34, 31]",57.1,1.2048816746473312,149.35824418067932,11.18,132.44
13,"[82, 80, 66, 84, 28, 63, 3, 19, 2, 76]",44.03,1.3961472356319429,161.31915950775146,11.34,143.78
14,"[33, 61, 12, 22, 78, 27, 8, 11, 88, 16]",50.52,1.0733343678712846,174.1338987350464,11.29,155.07
15,"[50, 77, 20, 10, 85, 89, 84, 96, 90, 57]",50.76,1.1976802533864974,184.5906732082367,8.72,163.79
16,"[49, 83, 35, 48, 98, 51, 20, 90, 67, 3]",58.93,1.100317472219467,198.14753484725952,12.1,175.89
17,"[9, 41, 75, 82, 88, 53, 29, 46, 56, 73]",57.32,1.0558943861722947,210.68488693237305,11.19,187.07999999999998
18,"[27, 50, 66, 68, 90, 0, 87, 52, 75, 4]",55.32,1.2231995421648023,222.35400795936584,10.11,197.19
19,"[81, 59, 83, 75, 85, 7, 29, 73, 28, 6]",59.54,1.0400678300857544,234.310022354126,11.34,208.53
20,"[10, 79, 47, 72, 83, 36, 40, 57, 67, 88]",53.88,1.3178541904687882,246.6187040805817,10.93,219.46
21,"[48, 75, 6, 91, 98, 51, 84, 59, 95, 72]",56.66,1.117650601267815,260.1706473827362,12.1,231.56
22,"[5, 49, 31, 48, 7, 10, 46, 89, 34, 70]",59.92,1.042045885324478,273.2443587779999,12.1,243.66
23,"[18, 49, 41, 28, 1, 52, 95, 17, 85, 8]",58.88,1.034846267104149,285.72912216186523,11.34,255.0
24,"[75, 78, 99, 95, 52, 77, 74, 12, 84, 68]",58.97,1.0179217618703842,297.0294530391693,10.11,265.11
25,"[85, 17, 80, 96, 31, 10, 92, 1, 16, 83]",62.65,0.8831458657979965,308.0938084125519,10.04,275.15000000000003
26,"[39, 35, 82, 85, 70, 80, 18, 79, 72, 94]",64.14,0.8934065836668015,319.5424494743347,10.78,285.93
27,"[43, 51, 73, 99, 33, 48, 28, 2, 26, 15]",60.98,0.9564768260717392,332.7369589805603,12.1,298.03000000000003
28,"[12, 68, 5, 62, 6, 78, 52, 70, 43, 42]",58.25,1.0183466953039169,345.5037310123444,11.18,309.21000000000004
29,"[56, 80, 98, 64, 33, 34, 1, 53, 46, 16]",61.52,1.0330091720819474,358.5777723789215,11.38,320.59000000000003
30,"[61, 68, 36, 30, 94, 12, 21, 84, 77, 58]",51.67,1.3438041865825654,371.2491347789765,11.29,331.88000000000005
31,"[67, 98, 96, 59, 13, 10, 73, 64, 53, 44]",63.73,0.9038324558734894,384.0005404949188,11.38,343.26000000000005
32,"[24, 66, 43, 18, 52, 15, 96, 63, 81, 19]",64.66,0.9304734522104264,394.99133563041687,10.11,353.37000000000006
33,"[88, 94, 52, 24, 50, 22, 32, 79, 82, 2]",62.13,0.9347389316558838,406.49829149246216,10.63,364.00000000000006
34,"[45, 4, 13, 30, 75, 95, 82, 63, 67, 90]",63.38,0.9208338886499404,419.7145185470581,11.71,375.71000000000004
35,"[56, 44, 17, 46, 5, 43, 92, 37, 73, 24]",61.55,0.9388618540763854,432.2278521060944,11.1,386.81000000000006
36,"[20, 69, 38, 5, 36, 60, 81, 66, 68, 96]",65.42,0.9640678191184996,442.603880405426,9.03,395.84000000000003
37,"[77, 22, 43, 74, 79, 36, 54, 12, 20, 99]",64.78,0.9006247812509537,454.13849925994873,10.63,406.47
38,"[13, 87, 50, 48, 94, 35, 36, 22, 53, 47]",68.88,0.8745243775844574,467.4420721530914,12.1,418.57000000000005
39,"[96, 97, 18, 79, 57, 89, 56, 48, 65, 90]",68.05,0.8058728790283203,480.6024165153504,12.1,430.6700000000001
40,"[93, 48, 18, 63, 12, 35, 15, 34, 11, 38]",64.88,0.92681511759758,493.8523387908936,12.1,442.7700000000001
41,"[34, 9, 96, 19, 2, 68, 23, 81, 36, 4]",65.87,0.8935396993160247,504.9496018886566,9.94,452.7100000000001
42,"[10, 88, 93, 0, 55, 30, 97, 57, 76, 52]",65.27,0.9260018867254256,515.988288640976,10.11,462.8200000000001
43,"[23, 64, 78, 35, 45, 63, 82, 86, 7, 38]",69.41,0.7812473273277283,529.1748471260071,11.71,474.5300000000001
44,"[24, 53, 58, 63, 68, 14, 83, 76, 21, 59]",61.08,0.905591629743576,539.252831697464,8.83,483.36000000000007
45,"[43, 44, 89, 47, 24, 50, 88, 36, 28, 17]",65.37,0.916291647553444,551.5912675857544,11.34,494.70000000000005
46,"[83, 95, 16, 0, 17, 57, 99, 87, 93, 34]",68.83,0.838550192117691,562.4842371940613,9.3,504.00000000000006
47,"[60, 86, 68, 78, 45, 35, 13, 10, 71, 27]",67.83,0.8237092691659927,575.5333068370819,11.71,515.71
48,"[97, 47, 42, 83, 57, 32, 30, 23, 55, 72]",71.69,0.7468611252307892,587.7260270118713,11.18,526.89
49,"[28, 72, 54, 65, 24, 16, 94, 39, 32, 87]",64.67,0.8893856114149093,599.7363088130951,11.34,538.23
50,"[38, 47, 0, 63, 85, 66, 2, 22, 86, 59]",68.28,0.8376998007297516,611.5987432003021,10.86,549.09
51,"[64, 3, 43, 26, 84, 96, 65, 33, 99, 11]",69.83,0.7786031603813172,624.4474959373474,11.38,560.47
52,"[29, 62, 27, 91, 90, 72, 58, 87, 38, 69]",56.66,1.3101774120330811,635.8355836868286,10.78,571.25
53,"[91, 22, 28, 74, 83, 20, 72, 21, 63, 81]",64.67,1.0929131561517715,647.7643780708313,11.34,582.59
54,"[17, 29, 97, 36, 77, 60, 61, 57, 48, 38]",69.86,0.8004370135068893,661.3570873737335,12.1,594.69
55,"[64, 72, 52, 55, 29, 48, 33, 0, 56, 69]",70.45,0.7423084825277328,674.3189876079559,12.1,606.7900000000001
56,"[68, 95, 60, 81, 7, 62, 31, 40, 92, 67]",72.24,0.7814026930928231,686.6873259544373,10.93,617.72
57,"[67, 84, 63, 53, 87, 23, 95, 44, 55, 43]",73.84,0.7552118915319442,696.6502871513367,8.6,626.32
58,"[29, 94, 3, 53, 28, 51, 13, 66, 89, 78]",69.33,0.9268620842695235,708.6471600532532,11.34,637.6600000000001
59,"[24, 32, 80, 78, 48, 45, 95, 99, 56, 96]",73.94,0.709750594496727,722.0250017642975,12.1,649.7600000000001
60,"[29, 36, 71, 64, 86, 60, 35, 27, 18, 92]",68.98,0.8362904208898544,734.8880350589752,11.38,661.1400000000001
61,"[87, 44, 98, 28, 14, 32, 40, 41, 3, 81]",68.5,0.912737250328064,747.2571520805359,11.34,672.4800000000001
62,"[69, 16, 58, 36, 14, 75, 90, 62, 95, 12]",67.69,0.7928518187999726,757.5616948604584,8.7,681.1800000000002
63,"[34, 69, 75, 84, 30, 0, 87, 43, 93, 8]",72.35,0.7372968548536301,768.2894184589386,9.23,690.4100000000002
64,"[19, 5, 49, 44, 17, 89, 50, 96, 92, 70]",70.52,0.7503582996129989,780.6889925003052,10.58,700.9900000000002
65,"[8, 88, 73, 22, 77, 82, 95, 98, 48, 10]",64.72,0.8470523905754089,793.9570655822754,12.1,713.0900000000003
66,"[22, 82, 58, 41, 71, 47, 60, 49, 74, 21]",73.15,0.7244213744997978,806.32013463974,11.19,724.2800000000003
67,"[43, 23, 65, 34, 81, 1, 21, 71, 75, 64]",73.95,0.7263393741846085,819.0096745491028,11.38,735.6600000000003
68,"[1, 63, 69, 87, 73, 22, 66, 98, 68, 38]",69.15,0.7416690456867218,830.6643612384796,10.55,746.2100000000003
69,"[29, 68, 41, 25, 96, 1, 81, 59, 6, 57]",64.3,0.973821450471878,842.9336915016174,11.19,757.4000000000003
70,"[46, 95, 2, 15, 36, 25, 41, 43, 83, 45]",74.34,0.6800082913041114,855.9837322235107,11.71,769.1100000000004
71,"[76, 69, 34, 48, 26, 4, 94, 61, 2, 79]",72.68,0.7077321144938469,869.410037279129,12.1,781.2100000000004
72,"[27, 43, 5, 77, 84, 12, 97, 91, 28, 75]",68.78,0.7829936444759369,881.3181354999542,11.34,792.5500000000004
73,"[57, 78, 94, 6, 19, 68, 28, 16, 81, 41]",59.92,0.9508199906349182,893.6267628669739,11.34,803.8900000000004
74,"[52, 85, 90, 10, 17, 88, 31, 86, 46, 41]",70.75,0.7533999371528626,906.2834799289705,11.19,815.0800000000005
75,"[66, 13, 22, 68, 99, 85, 67, 60, 84, 25]",71.74,0.7305766689777374,916.1351895332336,9.03,824.1100000000005
76,"[95, 22, 59, 29, 68, 18, 24, 70, 7, 42]",74.85,0.6990076878666878,928.6446521282196,11.18,835.2900000000004
77,"[81, 67, 49, 62, 87, 20, 35, 86, 68, 17]",68.54,0.854298905134201,940.408537387848,10.58,845.8700000000005
78,"[60, 63, 97, 57, 56, 92, 19, 84, 67, 31]",69.17,0.8350391042232513,952.8981876373292,11.1,856.9700000000005
79,"[32, 94, 93, 17, 13, 91, 51, 15, 56, 4]",70.63,0.7939282286167145,965.0513367652892,11.1,868.0700000000005
80,"[51, 77, 5, 90, 8, 7, 94, 31, 2, 29]",70.68,0.73589628636837,975.16139960289,8.59,876.6600000000005
81,"[59, 64, 75, 7, 73, 25, 29, 0, 44, 37]",67.88,0.7988962352275848,987.9266874790192,11.38,888.0400000000005
82,"[3, 28, 35, 51, 20, 21, 25, 67, 57, 48]",69.84,0.758316268324852,1000.8628287315368,12.1,900.1400000000006
83,"[0, 73, 19, 29, 33, 59, 64, 45, 72, 9]",65.49,0.8812735885381698,1013.7208895683287,11.71,911.8500000000006
84,"[61, 80, 8, 5, 32, 96, 19, 25, 49, 53]",62.3,0.9411331528425216,1026.61417222023,11.29,923.1400000000006
85,"[12, 33, 72, 27, 5, 57, 42, 30, 90, 51]",60.81,0.922883684039116,1039.3245706558228,11.18,934.3200000000005
86,"[84, 42, 74, 52, 67, 59, 21, 53, 80, 83]",73.9,0.6702367708086967,1051.874293088913,11.18,945.5000000000005
87,"[11, 20, 71, 91, 75, 31, 52, 10, 8, 44]",70.18,0.7581816321611404,1064.5591526031494,11.09,956.5900000000005
88,"[79, 78, 90, 1, 73, 44, 23, 25, 38, 35]",71.63,0.7005541414022446,1076.8028876781464,10.63,967.2200000000005
89,"[79, 24, 8, 74, 66, 6, 5, 32, 45, 19]",73.13,0.693915902376175,1089.8791692256927,11.71,978.9300000000005
90,"[13, 21, 27, 20, 1, 67, 55, 6, 28, 26]",69.92,0.7657220953702927,1102.520602941513,11.34,990.2700000000006
91,"[30, 10, 25, 52, 40, 23, 49, 15, 34, 5]",70.97,0.7261676865816117,1114.7763600349426,10.93,1001.2000000000005
92,"[85, 20, 38, 65, 78, 44, 52, 64, 77, 90]",66.98,0.8041507196426392,1127.7492084503174,11.38,1012.5800000000005
93,"[66, 13, 15, 57, 43, 25, 88, 65, 24, 48]",75.17,0.6500043651461601,1140.843311548233,12.1,1024.6800000000005
94,"[39, 35, 2, 99, 51, 84, 27, 47, 87, 31]",73.94,0.6500911426544189,1153.5428490638733,10.86,1035.5400000000004
95,"[97, 98, 53, 13, 1, 16, 56, 2, 69, 45]",72.74,0.6910938227176666,1166.77929854393,11.71,1047.2500000000005
96,"[65, 3, 54, 72, 45, 39, 17, 1, 98, 63]",73.69,0.7053253692388535,1179.6629374027252,11.71,1058.9600000000005
97,"[15, 18, 26, 69, 77, 0, 59, 7, 54, 60]",72.85,0.7368369680643082,1192.2760214805603,11.13,1070.0900000000006
98,"[25, 11, 33, 59, 29, 10, 8, 31, 62, 57]",72.93,0.681888863146305,1202.0322585105896,8.45,1078.5400000000006
99,"[13, 15, 64, 90, 88, 68, 79, 24, 36, 25]",72.94,0.6588602069020272,1214.7008085250854,11.38,1089.9200000000008
100,"[62, 56, 41, 18, 77, 6, 64, 10, 27, 95]",66.5,0.770692874789238,1227.781886100769,11.38,1101.3000000000009
101,"[51, 81, 10, 47, 6, 75, 27, 23, 66, 38]",71.49,0.7318010050058364,1240.043405532837,10.86,1112.1600000000008
102,"[32, 9, 92, 80, 17, 83, 56, 28, 40, 22]",71.82,0.7559923481941223,1252.5499753952026,11.34,1123.5000000000007
103,"[47, 51, 68, 22, 63, 41, 34, 77, 78, 26]",71.03,0.7562185627222061,1265.318274974823,11.19,1134.6900000000007
104,"[72, 38, 14, 35, 84, 45, 78, 2, 32, 21]",73.86,0.6873551341891289,1278.4805691242218,11.71,1146.4000000000008
105,"[30, 48, 78, 9, 91, 25, 97, 27, 36, 24]",72.86,0.6813071867823601,1291.8441092967987,12.1,1158.5000000000007
106,"[95, 52, 6, 64, 55, 74, 89, 27, 96, 15]",74.56,0.6286331748962403,1304.638709306717,11.38,1169.8800000000008
107,"[26, 5, 62, 21, 89, 47, 44, 27, 92, 57]",70.29,0.8479001361131668,1317.1222741603851,11.13,1181.010000000001
108,"[18, 67, 9, 76, 36, 54, 65, 61, 77, 16]",65.54,0.8392188626527787,1329.8813543319702,11.29,1192.3000000000009
109,"[8, 36, 45, 41, 58, 1, 59, 93, 85, 24]",72.61,0.7259626758098602,1342.8521194458008,11.71,1204.010000000001
110,"[68, 37, 53, 84, 39, 14, 8, 97, 12, 77]",63.8,0.9845562601089476,1353.219828605652,8.7,1212.710000000001
111,"[28, 22, 43, 13, 79, 68, 4, 86, 99, 20]",73.87,0.6542629116773605,1365.191373348236,11.34,1224.0500000000009
112,"[81, 77, 42, 7, 98, 58, 12, 18, 46, 8]",67.81,0.7971998059749603,1377.962330341339,11.18,1235.230000000001
113,"[67, 99, 52, 76, 86, 29, 22, 90, 1, 54]",68.26,0.7622262078523636,1388.9649302959442,10.11,1245.3400000000008
114,"[4, 58, 88, 39, 82, 78, 80, 63, 35, 93]",73.81,0.6733799260854721,1400.3251783847809,10.04,1255.3800000000008
115,"[4, 61, 62, 74, 55, 0, 89, 66, 73, 81]",69.84,0.7441667443513871,1412.7699875831604,11.29,1266.6700000000008
116,"[20, 95, 62, 76, 9, 22, 2, 65, 33, 67]",75.31,0.6429728972911835,1423.0203394889832,8.83,1275.5000000000007
117,"[16, 42, 71, 19, 22, 1, 21, 84, 24, 36]",74.12,0.659261336028576,1435.7037363052368,11.18,1286.6800000000007
118,"[88, 8, 61, 96, 13, 93, 77, 72, 29, 22]",74.47,0.6549848908185959,1448.573237657547,11.29,1297.9700000000007
119,"[22, 28, 85, 52, 64, 49, 43, 44, 21, 60]",76.86,0.6205870446562767,1461.2323389053345,11.38,1309.3500000000008
120,"[34, 52, 27, 18, 11, 89, 20, 8, 24, 94]",70.98,0.7536009946465492,1472.467746257782,10.11,1319.4600000000007
121,"[8, 2, 69, 7, 60, 77, 42, 26, 65, 10]",74.61,0.656724556684494,1485.5890419483185,11.18,1330.6400000000008
122,"[46, 24, 31, 64, 77, 80, 3, 73, 8, 39]",67.05,0.8030799061059952,1498.4890196323397,11.38,1342.020000000001
123,"[67, 76, 12, 63, 56, 29, 70, 50, 87, 93]",75.38,0.6564796778559685,1511.1658742427826,11.1,1353.1200000000008
124,"[50, 97, 74, 35, 6, 8, 68, 16, 15, 34]",71.84,0.700249374806881,1520.5684833526611,8.45,1361.5700000000008
125,"[90, 29, 16, 62, 67, 98, 61, 56, 48, 51]",71.64,0.7257767480611801,1533.9277653694153,12.1,1373.6700000000008
126,"[78, 22, 43, 55, 30, 59, 26, 80, 33, 84]",75.33,0.6672731286287308,1546.584466934204,11.13,1384.8000000000009
127,"[80, 33, 84, 7, 11, 41, 37, 1, 94, 68]",65.65,0.8998112261295319,1559.2554409503937,11.19,1395.990000000001
128,"[50, 25, 81, 13, 73, 74, 98, 60, 56, 78]",73.32,0.682995679974556,1571.6315302848816,11.1,1407.0900000000008
129,"[85, 76, 58, 89, 75, 44, 54, 84, 46, 90]",76.75,0.6263095661997795,1582.0420846939087,8.83,1415.9200000000008
130,"[19, 72, 54, 28, 36, 52, 87, 46, 4, 0]",78.72,0.5733114299178124,1594.0133860111237,11.34,1427.2600000000007
131,"[34, 66, 14, 4, 81, 26, 28, 33, 88, 46]",73.26,0.6695427912473678,1606.469610452652,11.34,1438.6000000000006
132,"[41, 73, 37, 3, 60, 62, 34, 24, 38, 81]",68.81,0.8402030992507935,1618.9862568378448,11.19,1449.7900000000006
133,"[6, 4, 62, 98, 96, 84, 75, 2, 3, 69]",73.59,0.6890932434797287,1630.6261723041534,10.1,1459.8900000000006
134,"[31, 29, 45, 99, 63, 19, 22, 34, 64, 44]",73.16,0.6780273085832595,1643.8057641983032,11.71,1471.6000000000006
135,"[38, 66, 88, 22, 10, 60, 61, 48, 84, 39]",78.87,0.5666507223248481,1657.30446267128,12.1,1483.7000000000005
136,"[8, 60, 53, 55, 14, 4, 87, 20, 38, 98]",78.79,0.5750551211833954,1667.6596856117249,8.7,1492.4000000000005
137,"[82, 64, 3, 23, 49, 68, 1, 75, 42, 10]",78.82,0.557354966700077,1680.022254705429,11.38,1503.7800000000007
138,"[69, 66, 89, 84, 25, 54, 64, 19, 28, 99]",72.88,0.6929876866936684,1692.4854044914246,11.38,1515.1600000000008
139,"[30, 24, 18, 50, 75, 17, 27, 44, 41, 36]",68.32,0.7801742678880692,1705.2657413482666,11.19,1526.3500000000008
140,"[40, 29, 68, 95, 77, 30, 94, 42, 60, 37]",70.82,0.717306500673294,1717.849989414215,11.18,1537.5300000000009
141,"[97, 72, 11, 75, 15, 65, 77, 81, 53, 0]",74.8,0.6719685542583466,1729.2336070537567,10.78,1548.3100000000009
142,"[18, 87, 4, 15, 34, 23, 55, 21, 86, 51]",76.71,0.616202252805233,1737.887370109558,7.56,1555.8700000000008
143,"[99, 7, 69, 24, 32, 77, 96, 27, 66, 4]",65.65,0.8745259487628937,1748.263515472412,9.03,1564.9000000000008
144,"[45, 56, 18, 27, 30, 89, 3, 47, 42, 78]",75.16,0.6253378918766975,1761.430223941803,11.71,1576.6100000000008
145,"[12, 99, 49, 35, 13, 2, 1, 79, 26, 5]",76.39,0.6146530055999756,1773.987708568573,11.13,1587.740000000001
146,"[18, 26, 94, 82, 16, 48, 8, 64, 6, 69]",79.64,0.5553841000795364,1787.6958911418917,12.1,1599.8400000000008
147,"[42, 34, 13, 82, 58, 32, 37, 49, 67, 95]",69.14,0.8254212409257888,1800.1689314842224,11.18,1611.020000000001
148,"[64, 98, 44, 30, 95, 26, 67, 66, 52, 13]",75.0,0.6739448779821395,1813.2374217510223,11.38,1622.400000000001
149,"[59, 36, 27, 20, 93, 63, 11, 6, 25, 39]",76.54,0.6234716281294823,1823.4183750152588,8.45,1630.850000000001
150,"[82, 6, 69, 39, 96, 44, 7, 50, 40, 94]",78.32,0.5860194680094719,1835.8624908924105,10.93,1641.780000000001
151,"[2, 70, 69, 65, 46, 98, 1, 85, 64, 97]",77.82,0.594650160074234,1848.138267993927,11.38,1653.1600000000012
152,"[30, 88, 99, 24, 61, 42, 5, 21, 82, 38]",66.39,0.8120177567005158,1860.7307133674624,11.29,1664.4500000000012
153,"[13, 41, 66, 14, 10, 38, 7, 16, 56, 11]",73.77,0.6819127970933914,1873.3766031265257,11.19,1675.6400000000012
154,"[24, 80, 77, 68, 71, 42, 47, 89, 65, 92]",73.97,0.6559168910980224,1885.8605027198792,11.18,1686.8200000000013
155,"[5, 0, 19, 84, 55, 4, 98, 64, 74, 11]",76.64,0.6107671701908112,1898.232215166092,11.38,1698.2000000000014
156,"[91, 34, 95, 90, 11, 3, 18, 43, 70, 6]",78.92,0.5848289155960082,1909.692100286484,10.1,1708.3000000000013
157,"[4, 19, 66, 62, 80, 55, 43, 47, 39, 16]",79.18,0.54556561678648,1921.96786236763,10.86,1719.1600000000012
158,"[21, 78, 85, 20, 1, 65, 61, 9, 17, 24]",75.2,0.7271482330560685,1934.7091329097748,11.29,1730.4500000000012
159,"[21, 56, 23, 68, 18, 76, 81, 6, 10, 31]",67.97,0.7930958116054535,1946.7817561626437,11.1,1741.550000000001
160,"[34, 26, 33, 8, 12, 49, 82, 94, 16, 64]",77.52,0.5758982023596764,1959.696043252945,11.38,1752.9300000000012
161,"[77, 29, 26, 33, 65, 46, 67, 2, 57, 49]",77.16,0.6361835408210754,1972.2130842208865,11.13,1764.0600000000013
162,"[7, 65, 4, 12, 50, 68, 13, 26, 64, 89]",76.62,0.5989808759093285,1984.7880957126615,11.38,1775.4400000000014
163,"[61, 74, 58, 11, 82, 18, 97, 21, 96, 46]",81.48,0.5150472095608711,1997.1107909679413,11.29,1786.7300000000014
164,"[36, 54, 50, 77, 94, 61, 12, 65, 38, 51]",67.81,0.7731760066747665,2010.0614778995516,11.29,1798.0200000000013
165,"[23, 77, 70, 84, 96, 62, 97, 36, 24, 54]",75.05,0.651932629942894,2020.4116659164429,8.94,1806.9600000000014
166,"[46, 62, 39, 30, 54, 40, 88, 18, 75, 17]",75.1,0.7335234078764915,2032.431245326996,10.93,1817.8900000000015
167,"[26, 4, 92, 37, 34, 23, 21, 82, 15, 7]",74.51,0.670768204331398,2044.985017299652,11.13,1829.0200000000016
168,"[42, 70, 92, 19, 51, 36, 60, 14, 3, 2]",78.71,0.5760010063648224,2057.4556245803838,11.18,1840.2000000000016
169,"[44, 96, 39, 14, 68, 41, 59, 37, 65, 18]",66.22,0.7906670612096787,2069.593116044998,11.19,1851.3900000000017
170,"[88, 89, 46, 24, 57, 60, 34, 31, 33, 86]",72.26,0.747025725543499,2078.6053705215454,8.42,1859.8100000000018
171,"[93, 64, 63, 8, 52, 43, 18, 59, 90, 31]",75.77,0.6434627357125282,2091.3647310733795,11.38,1871.1900000000019
172,"[87, 43, 44, 24, 45, 10, 80, 72, 3, 39]",78.36,0.5802629825472831,2104.459234714508,11.71,1882.900000000002
173,"[93, 36, 58, 1, 51, 85, 29, 50, 25, 55]",79.69,0.5461693075299263,2114.2293078899384,8.32,1891.2200000000018
174,"[60, 84, 12, 86, 64, 7, 4, 73, 48, 6]",69.89,0.8014414441585541,2127.7701082229614,12.1,1903.3200000000018
175,"[33, 65, 5, 81, 95, 47, 83, 27, 89, 76]",77.38,0.5797977682948112,2139.9641406536102,10.86,1914.1800000000017
176,"[8, 76, 73, 42, 41, 35, 3, 2, 50, 81]",67.04,0.7551393049955368,2152.709461450577,11.19,1925.3700000000017
177,"[6, 25, 23, 79, 18, 95, 0, 77, 11, 39]",71.71,0.6817942652106285,2164.6948318481445,10.63,1936.0000000000018
178,"[99, 2, 84, 22, 30, 39, 26, 61, 65, 35]",75.26,0.6095944765210152,2177.488323688507,11.29,1947.2900000000018
179,"[85, 43, 21, 95, 9, 83, 52, 93, 33, 51]",76.62,0.6511148488521576,2188.851230621338,10.11,1957.4000000000017
180,"[97, 0, 67, 54, 73, 25, 61, 21, 1, 7]",71.51,0.7237734666466713,2201.505370616913,11.29,1968.6900000000016
181,"[26, 85, 36, 59, 94, 7, 38, 49, 15, 57]",73.0,0.7051707220077514,2213.954137325287,11.13,1979.8200000000018
182,"[29, 40, 75, 31, 81, 27, 83, 92, 98, 15]",75.41,0.6298734685778618,2226.483612060547,10.93,1990.7500000000018
183,"[65, 93, 20, 79, 8, 85, 38, 18, 52, 99]",77.58,0.5840196669101715,2238.621556520462,10.63,2001.380000000002
184,"[8, 94, 90, 17, 20, 39, 18, 63, 26, 41]",74.32,0.6568703490495682,2251.514139175415,11.19,2012.570000000002
185,"[40, 74, 34, 33, 0, 42, 44, 23, 77, 70]",76.73,0.6300650262832641,2263.9825389385223,11.18,2023.750000000002
186,"[53, 89, 92, 33, 25, 3, 65, 56, 47, 59]",79.64,0.5447150358557701,2276.290312051773,11.1,2034.850000000002
187,"[83, 22, 75, 52, 8, 55, 25, 36, 41, 51]",79.24,0.556177300810814,2288.9231078624725,11.19,2046.040000000002
188,"[72, 96, 9, 33, 51, 84, 26, 36, 29, 73]",81.6,0.5044003045558929,2301.4210364818573,11.13,2057.170000000002
189,"[9, 85, 36, 3, 81, 21, 93, 96, 66, 89]",78.12,0.5812037748098373,2312.663936376572,10.1,2067.270000000002
190,"[53, 44, 64, 5, 84, 57, 8, 42, 38, 34]",80.51,0.5187836855649948,2325.5410647392277,11.38,2078.650000000002
191,"[68, 77, 57, 20, 80, 51, 10, 29, 83, 5]",76.35,0.6255065035820008,2336.6810958385468,10.04,2088.690000000002
192,"[81, 96, 17, 88, 84, 22, 24, 7, 34, 95]",76.42,0.6370846650004387,2347.250969171524,9.3,2097.990000000002
193,"[87, 79, 47, 75, 91, 85, 86, 19, 74, 89]",77.26,0.6788125583529472,2359.248544692993,10.86,2108.850000000002
194,"[17, 65, 49, 38, 25, 11, 9, 67, 1, 50]",79.39,0.55171934902668,2371.472485780716,10.58,2119.430000000002
195,"[31, 57, 41, 58, 52, 83, 35, 61, 25, 7]",77.0,0.5919445493817329,2384.2566838264465,11.29,2130.720000000002
196,"[69, 68, 48, 77, 92, 85, 24, 66, 16, 78]",76.76,0.5877931758761406,2397.623869895935,12.1,2142.820000000002
197,"[87, 86, 20, 6, 39, 98, 24, 28, 51, 71]",80.0,0.532311689555645,2410.0489749908447,11.34,2154.160000000002
198,"[30, 19, 76, 25, 61, 78, 74, 56, 54, 55]",70.19,0.7370074287056922,2422.714558362961,11.29,2165.450000000002
199,"[78, 35, 26, 10, 6, 0, 19, 58, 52, 28]",77.92,0.5774247750639916,2435.182170152664,11.34,2176.7900000000022
200,"[16, 40, 27, 97, 3, 33, 35, 73, 93, 45]",80.86,0.5231469276547432,2448.678733825684,11.71,2188.5000000000023
201,"[6, 79, 35, 73, 48, 89, 17, 8, 63, 11]",68.56,0.80994160592556,2462.5168421268463,12.1,2200.600000000002
202,"[80, 67, 3, 89, 4, 79, 40, 51, 47, 32]",82.09,0.5014663204550743,2474.794933795929,10.93,2211.530000000002
203,"[91, 81, 92, 99, 65, 0, 27, 14, 66, 55]",73.33,0.7305887413024902,2485.291294813156,9.23,2220.760000000002
204,"[36, 30, 28, 87, 13, 93, 73, 11, 65, 70]",78.02,0.618202468752861,2497.243801355362,11.34,2232.100000000002
205,"[92, 20, 42, 57, 72, 64, 27, 89, 8, 94]",71.62,0.7651839357614517,2509.6406919956207,11.38,2243.4800000000023
206,"[31, 56, 32, 92, 44, 21, 46, 24, 16, 66]",80.31,0.5324133178591728,2521.9686398506165,11.1,2254.580000000002
207,"[57, 82, 67, 99, 58, 80, 32, 98, 22, 93]",76.09,0.620237181186676,2532.860215425492,10.04,2264.620000000002
208,"[26, 5, 99, 80, 61, 3, 35, 79, 86, 20]",73.3,0.6623781016469001,2545.769538164139,11.29,2275.910000000002
209,"[12, 19, 3, 81, 59, 43, 35, 13, 88, 99]",77.25,0.5878796756267548,2557.2104115486145,10.1,2286.010000000002
210,"[53, 5, 76, 61, 42, 59, 93, 87, 3, 0]",82.09,0.4877600884437561,2569.985540390014,11.29,2297.300000000002
211,"[93, 46, 31, 64, 88, 33, 86, 80, 97, 16]",77.46,0.6193002861738205,2582.5461087226868,11.38,2308.680000000002
212,"[95, 6, 70, 38, 60, 57, 37, 11, 69, 78]",77.34,0.5996784615516663,2593.452991485596,8.94,2317.620000000002
213,"[79, 47, 25, 37, 27, 38, 85, 26, 45, 88]",77.96,0.5519728708267212,2607.2186617851257,11.71,2329.330000000002
214,"[46, 6, 35, 39, 66, 83, 71, 28, 41, 96]",76.8,0.5972565707564353,2619.8850214481354,11.34,2340.6700000000023
215,"[52, 46, 0, 16, 39, 85, 29, 40, 99, 43]",77.94,0.583178194463253,2632.2443175315857,10.93,2351.600000000002
216,"[86, 98, 42, 5, 81, 95, 93, 40, 24, 47]",80.68,0.5193306040763855,2644.8176651000977,11.18,2362.780000000002
217,"[31, 34, 7, 2, 80, 73, 13, 9, 45, 87]",77.28,0.6130586582422256,2658.2243163585663,11.71,2374.490000000002
218,"[58, 34, 81, 77, 73, 59, 38, 1, 48, 70]",75.47,0.6429760387539863,2671.999042749405,12.1,2386.590000000002
219,"[15, 69, 49, 16, 83, 81, 88, 34, 7, 71]",80.36,0.5284415006637573,2684.5473375320435,11.09,2397.680000000002
220,"[52, 44, 75, 84, 46, 54, 5, 89, 40, 70]",81.07,0.5033390900492668,2697.0702834129333,10.93,2408.610000000002
221,"[6, 27, 99, 45, 64, 15, 1, 84, 88, 8]",78.76,0.5567986616492271,2710.398911714554,11.71,2420.320000000002
222,"[33, 54, 73, 84, 47, 83, 89, 68, 92, 16]",81.06,0.5241115835309028,2722.378921747208,10.86,2431.180000000002
223,"[16, 12, 87, 32, 69, 28, 58, 3, 77, 60]",74.91,0.6229423701763153,2734.2522280216217,11.34,2442.5200000000023
224,"[25, 85, 30, 22, 97, 18, 8, 89, 61, 86]",77.98,0.5772071778774261,2746.582053899765,11.29,2453.810000000002
225,"[16, 89, 68, 73, 19, 27, 50, 0, 42, 67]",72.25,0.6742360413074493,2759.2659001350403,11.18,2464.990000000002
226,"[10, 80, 4, 28, 66, 98, 78, 33, 19, 69]",80.92,0.5192524799704552,2771.133702039718,11.34,2476.330000000002
227,"[93, 81, 2, 94, 92, 80, 85, 27, 26, 14]",80.49,0.5348670196533203,2783.819885015488,11.13,2487.4600000000023
228,"[69, 26, 89, 36, 40, 59, 80, 35, 95, 58]",76.2,0.6014753845334053,2796.343037366867,11.13,2498.5900000000024
229,"[83, 29, 90, 13, 20, 39, 43, 98, 47, 33]",78.86,0.5929902708530426,2808.283040523529,10.86,2509.4500000000025
230,"[30, 4, 91, 34, 53, 25, 23, 22, 61, 35]",75.72,0.6592967283725738,2820.993726253509,11.29,2520.7400000000025
231,"[51, 94, 86, 82, 12, 18, 32, 21, 40, 92]",77.08,0.5789047542214394,2832.9560072422028,10.93,2531.6700000000023
232,"[33, 12, 18, 49, 45, 4, 42, 21, 16, 53]",72.13,0.7848698809742928,2846.0420565605164,11.71,2543.3800000000024
233,"[27, 2, 23, 52, 25, 9, 18, 62, 0, 59]",82.01,0.4877720013260841,2857.405788898468,10.11,2553.4900000000025
234,"[9, 37, 38, 12, 86, 1, 19, 59, 63, 54]",72.43,0.757266301214695,2868.752545595169,9.94,2563.4300000000026
235,"[82, 91, 22, 68, 88, 99, 89, 75, 56, 17]",78.36,0.5692987993359566,2881.024803876877,11.1,2574.5300000000025
236,"[4, 71, 3, 72, 82, 89, 62, 21, 91, 93]",81.18,0.5098288431763649,2893.312636613846,11.09,2585.6200000000026
237,"[64, 14, 75, 77, 42, 21, 58, 62, 92, 17]",75.74,0.6251499274373055,2905.763375043869,11.38,2597.0000000000027
238,"[43, 91, 34, 22, 40, 44, 38, 90, 48, 33]",82.06,0.5000920397043228,2919.3528101444244,12.1,2609.1000000000026
239,"[14, 28, 47, 79, 61, 76, 8, 71, 4, 24]",82.72,0.4751306375861168,2932.017371892929,11.34,2620.440000000003
240,"[23, 96, 97, 37, 48, 92, 59, 38, 14, 15]",70.98,0.7683904504776001,2945.3282651901245,12.1,2632.5400000000027
241,"[91, 41, 78, 50, 9, 13, 55, 42, 38, 79]",80.79,0.5236268067359924,2958.128079414368,11.19,2643.7300000000027
242,"[72, 86, 1, 93, 11, 59, 13, 16, 97, 38]",73.61,0.6924946776032448,2969.6079337596893,10.78,2654.510000000003
243,"[35, 86, 80, 56, 5, 65, 73, 25, 59, 40]",76.44,0.5857232794165611,2982.352345228195,11.1,2665.610000000003
244,"[24, 48, 31, 55, 10, 75, 80, 8, 97, 60]",77.95,0.5932519319653511,2995.9270248413086,12.1,2677.7100000000028
245,"[65, 3, 0, 51, 62, 60, 76, 80, 85, 18]",79.8,0.5376779916882515,3007.1184663772583,10.1,2687.8100000000027
246,"[42, 63, 29, 71, 61, 31, 33, 0, 84, 41]",79.74,0.5426835259795189,3019.8772711753845,11.29,2699.1000000000026
247,"[66, 22, 72, 26, 67, 17, 39, 95, 50, 24]",77.81,0.5583987355232238,3032.3035576343536,11.13,2710.2300000000027
248,"[18, 52, 80, 83, 69, 63, 70, 20, 81, 31]",82.3,0.4847880059480667,3043.3981459140778,10.11,2720.340000000003
249,"[33, 68, 42, 15, 20, 7, 99, 11, 58, 24]",79.95,0.532884600162506,3055.4868886470795,11.18,2731.5200000000027
250,"[87, 23, 93, 84, 88, 24, 51, 50, 38, 70]",80.51,0.5404158920049668,3065.963545799256,8.94,2740.4600000000028
251,"[4, 60, 16, 25, 33, 51, 95, 86, 89, 19]",78.32,0.6217070040106774,3077.2297320365906,9.94,2750.400000000003
252,"[88, 48, 20, 62, 34, 70, 90, 10, 35, 55]",81.92,0.4893351671099663,3090.8133220672607,12.1,2762.5000000000027
253,"[92, 33, 30, 17, 81, 31, 54, 11, 41, 28]",73.86,0.7258563393354416,3103.2583363056183,11.34,2773.840000000003
254,"[11, 93, 82, 95, 0, 88, 69, 30, 37, 27]",80.65,0.5129128596186638,3114.24989938736,9.23,2783.070000000003
255,"[36, 14, 27, 81, 30, 47, 45, 18, 79, 16]",78.46,0.5707004547119141,3127.4459466934204,11.71,2794.780000000003
256,"[44, 31, 22, 25, 35, 1, 92, 57, 38, 98]",81.95,0.4800608986616134,3138.028042793274,8.96,2803.740000000003
257,"[79, 60, 62, 3, 53, 24, 39, 91, 98, 32]",82.45,0.5008979287743568,3149.662162065506,10.63,2814.370000000003
258,"[21, 76, 31, 37, 48, 63, 27, 29, 1, 30]",76.48,0.579954803287983,3163.3409786224365,12.1,2826.470000000003
259,"[71, 26, 21, 49, 56, 62, 35, 27, 13, 90]",80.93,0.5006380414962769,3176.136554956436,11.13,2837.600000000003
260,"[3, 91, 2, 98, 11, 84, 47, 29, 86, 70]",82.17,0.5465895223617554,3187.9908967018127,10.86,2848.460000000003
261,"[94, 56, 25, 82, 49, 54, 99, 59, 11, 23]",77.57,0.5843330043554306,3199.927715778351,11.1,2859.560000000003
262,"[44, 89, 15, 54, 29, 24, 55, 26, 45, 75]",81.41,0.508775246143341,3213.1227598190308,11.71,2871.270000000003
263,"[23, 60, 14, 59, 13, 52, 56, 15, 32, 85]",80.43,0.5318171739578247,3225.1989030838013,11.1,2882.370000000003
264,"[3, 2, 67, 30, 52, 23, 5, 71, 75, 13]",80.71,0.5087645876407624,3237.682980298996,11.09,2893.460000000003
265,"[35, 65, 5, 71, 88, 57, 45, 49, 73, 33]",74.44,0.6579857563972473,3250.637698173523,11.71,2905.1700000000033
266,"[84, 70, 13, 5, 93, 7, 89, 80, 31, 15]",79.93,0.5375258633494377,3261.7964086532597,10.04,2915.210000000003
267,"[90, 11, 20, 4, 53, 56, 3, 67, 9, 30]",82.37,0.4825064027309417,3273.754284620285,11.1,2926.310000000003
268,"[75, 53, 54, 94, 8, 28, 11, 19, 22, 92]",79.87,0.5433175593614579,3285.6550557613373,11.34,2937.6500000000033
269,"[64, 15, 8, 39, 74, 82, 42, 30, 93, 56]",81.35,0.5060142850875855,3298.316808462143,11.38,2949.0300000000034
270,"[58, 17, 80, 22, 0, 43, 45, 21, 90, 46]",80.48,0.5364980086684227,3311.3985917568207,11.71,2960.7400000000034
271,"[71, 11, 61, 82, 31, 13, 59, 76, 88, 53]",79.69,0.5516296461224556,3323.946016311645,11.29,2972.0300000000034
272,"[86, 29, 84, 78, 92, 53, 66, 64, 50, 8]",82.5,0.4937870323657989,3336.756400823593,11.38,2983.4100000000035
273,"[19, 61, 99, 21, 56, 42, 90, 29, 89, 20]",80.48,0.5049239981174469,3349.4108045101166,11.29,2994.7000000000035
274,"[48, 74, 12, 91, 33, 65, 11, 40, 99, 63]",82.64,0.4717401352524757,3362.6880037784576,12.1,3006.8000000000034
275,"[54, 55, 80, 27, 95, 21, 67, 24, 88, 75]",83.68,0.4519712427258491,3373.8324551582336,10.04,3016.8400000000033
276,"[21, 73, 77, 54, 64, 32, 72, 23, 63, 90]",71.68,0.7117347857356071,3386.4300022125244,11.38,3028.2200000000034
277,"[87, 48, 54, 7, 8, 64, 61, 51, 81, 83]",73.76,0.794915289580822,3399.663531064987,12.1,3040.3200000000033
278,"[65, 90, 54, 3, 18, 87, 74, 77, 57, 41]",79.19,0.5663324728608131,3412.3013756275177,11.19,3051.5100000000034
279,"[38, 48, 37, 12, 11, 79, 94, 36, 59, 95]",78.29,0.5493089747428894,3426.29562664032,12.1,3063.6100000000033
280,"[84, 32, 36, 74, 53, 3, 95, 58, 87, 51]",81.91,0.5169341418147088,3437.6512792110443,10.1,3073.710000000003
281,"[89, 99, 94, 75, 45, 66, 68, 24, 80, 8]",81.03,0.5163097262382508,3450.734495639801,11.71,3085.4200000000033
282,"[21, 61, 31, 19, 88, 0, 18, 20, 22, 47]",80.72,0.5232286682724953,3463.269698381424,11.29,3096.710000000003
283,"[87, 2, 80, 97, 78, 69, 53, 8, 54, 36]",82.72,0.470469219982624,3474.2679657936096,10.04,3106.750000000003
284,"[72, 42, 26, 5, 20, 22, 66, 1, 32, 38]",76.54,0.6576158618927002,3487.0484993457794,11.18,3117.930000000003
285,"[57, 23, 82, 68, 52, 42, 83, 98, 44, 88]",82.89,0.4642405384778976,3499.301110982895,11.18,3129.110000000003
286,"[42, 72, 39, 52, 16, 54, 55, 75, 21, 27]",80.1,0.519754988849163,3511.758186817169,11.18,3140.2900000000027
287,"[74, 41, 99, 51, 77, 19, 45, 0, 14, 67]",73.86,0.6717847603559494,3524.6729249954224,11.71,3152.0000000000027
288,"[5, 77, 15, 95, 2, 97, 9, 73, 88, 12]",72.82,0.7248797565698624,3536.610191345215,10.55,3162.550000000003
289,"[71, 43, 69, 46, 35, 74, 88, 90, 28, 9]",81.41,0.5022731783986092,3549.130297899246,11.34,3173.890000000003
290,"[29, 76, 73, 82, 4, 32, 15, 69, 21, 5]",70.56,0.7115371158719063,3560.9189467430115,10.55,3184.4400000000032
291,"[94, 23, 7, 63, 67, 52, 30, 45, 89, 29]",82.87,0.5015270805358887,3573.6753726005554,11.71,3196.1500000000033
292,"[53, 62, 15, 72, 68, 21, 52, 73, 78, 51]",82.62,0.4715839791297913,3585.2075819969177,10.78,3206.9300000000035
293,"[6, 43, 74, 14, 55, 65, 64, 76, 96, 78]",81.98,0.4824885886907577,3598.0777547359467,11.38,3218.3100000000036
294,"[50, 20, 22, 1, 28, 64, 47, 19, 33, 85]",83.33,0.4689708116650581,3610.57688999176,11.38,3229.6900000000037
295,"[71, 75, 19, 42, 2, 54, 39, 3, 35, 51]",80.06,0.5329671925306321,3623.051230192184,11.18,3240.8700000000035
296,"[3, 68, 83, 33, 84, 60, 81, 61, 74, 23]",79.62,0.5724005940556526,3635.524563789368,11.29,3252.1600000000035
297,"[52, 57, 61, 37, 95, 33, 10, 12, 55, 86]",73.4,0.7196290469169617,3648.384545564652,11.29,3263.4500000000035
298,"[15, 92, 4, 9, 75, 90, 37, 23, 32, 58]",75.82,0.6316564750671386,3658.605115175247,8.96,3272.4100000000035
299,"[78, 83, 29, 12, 85, 37, 38, 96, 76, 79]",78.81,0.5571821162104607,3671.0763125419617,10.63,3283.0400000000036
300,"[17, 96, 30, 68, 94, 26, 44, 15, 52, 6]",82.72,0.4704289335012436,3683.473641872406,11.13,3294.1700000000037
301,"[79, 27, 62, 20, 58, 60, 80, 15, 61, 46]",84.45,0.4347366565465927,3696.0466747283936,11.29,3305.4600000000037
302,"[43, 39, 47, 70, 58, 74, 45, 92, 40, 93]",81.13,0.5535915538668632,3709.2306253910074,11.71,3317.1700000000037
303,"[13, 58, 87, 43, 39, 51, 92, 91, 96, 41]",82.97,0.4804619726538658,3721.517345428467,11.19,3328.3600000000038
304,"[65, 30, 83, 27, 69, 99, 56, 90, 63, 73]",75.16,0.6497178623080253,3734.1014103889465,11.1,3339.4600000000037
305,"[30, 70, 65, 92, 47, 61, 63, 62, 44, 26]",78.52,0.6073321983218193,3746.846386194229,11.29,3350.7500000000036
306,"[96, 79, 73, 44, 82, 11, 77, 35, 8, 86]",80.59,0.5096964347362518,3759.346191883087,10.63,3361.3800000000037
307,"[56, 83, 33, 67, 27, 71, 74, 81, 59, 38]",83.0,0.4594857473671436,3772.1137499809274,11.1,3372.4800000000037
308,"[21, 61, 69, 66, 86, 4, 85, 39, 3, 49]",80.35,0.5270001348853112,3784.5187208652496,11.29,3383.7700000000036
309,"[95, 3, 20, 92, 52, 89, 32, 9, 17, 19]",81.58,0.5021259990334511,3795.970549583435,10.11,3393.8800000000037
310,"[8, 81, 56, 5, 45, 79, 80, 90, 40, 92]",83.72,0.4520449376106262,3809.2024476528168,11.71,3405.590000000004
311,"[65, 44, 4, 37, 72, 0, 83, 22, 10, 2]",82.55,0.4712025631964207,3820.611823558808,10.78,3416.370000000004
312,"[37, 39, 99, 45, 20, 90, 82, 95, 41, 61]",77.34,0.5670265078544616,3833.663044929504,11.71,3428.080000000004
313,"[12, 22, 78, 61, 59, 87, 30, 73, 35, 65]",82.96,0.4596085187792778,3846.350167036057,11.29,3439.370000000004
314,"[24, 53, 17, 91, 31, 67, 84, 63, 82, 30]",78.67,0.6005737742781639,3857.028604745865,9.3,3448.670000000004
315,"[23, 95, 1, 72, 36, 44, 49, 77, 9, 80]",79.9,0.5411915823817253,3869.267581701279,10.78,3459.4500000000044
316,"[94, 96, 76, 72, 41, 35, 83, 40, 3, 37]",78.48,0.566903877556324,3881.974961042404,11.19,3470.6400000000044
317,"[96, 10, 29, 85, 43, 40, 13, 33, 15, 31]",81.42,0.5501503798365593,3894.3745834827423,10.93,3481.5700000000043
318,"[22, 18, 33, 91, 5, 77, 34, 26, 86, 59]",80.33,0.5635383823513984,3906.8901937007904,11.13,3492.7000000000044
319,"[7, 5, 71, 55, 89, 16, 70, 31, 10, 84]",82.85,0.4676222163438797,3919.6821477413177,11.09,3503.7900000000045
320,"[27, 34, 51, 21, 57, 62, 79, 41, 66, 47]",80.3,0.5123279404640197,3932.198881864548,11.19,3514.9800000000046
321,"[1, 75, 42, 93, 23, 83, 91, 24, 8, 99]",83.69,0.4578947421908378,3945.002371788025,11.18,3526.1600000000044
322,"[95, 82, 25, 57, 85, 34, 83, 3, 76, 11]",83.84,0.446216416656971,3956.449000597,10.1,3536.2600000000043
323,"[8, 26, 98, 36, 37, 14, 32, 50, 16, 22]",82.84,0.4643175026774406,3968.951546192169,11.13,3547.3900000000044
324,"[19, 37, 10, 33, 86, 69, 61, 5, 85, 32]",71.53,0.7377593967318535,3981.701959609986,11.29,3558.6800000000044
325,"[47, 53, 67, 43, 94, 96, 54, 99, 70, 72]",83.18,0.4840915559232235,3993.567037343979,10.86,3569.5400000000045
326,"[60, 93, 5, 79, 9, 56, 49, 10, 94, 16]",82.07,0.4825973123311996,4005.882540225983,11.1,3580.6400000000044
327,"[57, 91, 3, 0, 14, 7, 9, 36, 19, 98]",81.84,0.5147687751054764,4016.951635599136,10.1,3590.7400000000043
328,"[0, 38, 30, 80, 16, 9, 17, 51, 42, 60]",82.79,0.4643465572595596,4029.603807926178,11.18,3601.920000000004
329,"[33, 7, 10, 54, 82, 4, 58, 26, 80, 27]",83.63,0.4425869181752205,4042.1003909111023,11.13,3613.0500000000043
330,"[90, 33, 79, 98, 68, 25, 15, 2, 58, 37]",75.54,0.6749478662014008,4054.258070468903,10.63,3623.6800000000044
331,"[8, 47, 14, 33, 96, 94, 32, 24, 66, 70]",82.67,0.5296801832318306,4066.1064052581783,10.86,3634.5400000000045
332,"[96, 72, 33, 49, 94, 23, 20, 88, 65, 0]",82.13,0.4827708292007446,4077.70601606369,10.78,3645.3200000000047
333,"[1, 27, 94, 35, 5, 2, 15, 37, 11, 43]",82.87,0.463331356793642,4087.7454130649567,8.45,3653.7700000000045
334,"[87, 21, 49, 74, 11, 86, 23, 66, 16, 37]",81.68,0.4837344488501549,4099.706585168839,10.58,3664.3500000000045
335,"[7, 25, 23, 92, 28, 30, 31, 72, 73, 71]",74.16,0.6873320472240448,4112.0007219314575,11.34,3675.6900000000046
336,"[48, 15, 59, 6, 91, 95, 56, 93, 80, 7]",79.98,0.5576519346237183,4125.64320063591,12.1,3687.7900000000045
337,"[90, 84, 61, 37, 83, 60, 32, 71, 45, 75]",80.47,0.5391244921088219,4139.031344175339,11.71,3699.5000000000045
338,"[40, 95, 60, 81, 96, 76, 55, 7, 61, 26]",82.95,0.4605535188317299,4152.009726762772,11.29,3710.7900000000045
339,"[23, 48, 90, 96, 54, 28, 97, 1, 22, 92]",82.39,0.4758513243496418,4165.401871681213,12.1,3722.8900000000044
340,"[74, 47, 73, 38, 24, 82, 79, 22, 90, 6]",79.64,0.5360166066884995,4177.801442623138,10.86,3733.7500000000045
341,"[79, 34, 64, 35, 56, 85, 74, 25, 30, 96]",80.64,0.5239357897639274,4190.582553625107,11.38,3745.1300000000047
342,"[71, 53, 8, 51, 12, 94, 87, 54, 49, 14]",81.54,0.5223213016986847,4203.182230710983,11.09,3756.220000000005
343,"[73, 85, 20, 98, 18, 54, 59, 86, 25, 88]",79.26,0.5352210792899131,4214.825917482376,10.55,3766.770000000005
344,"[85, 37, 93, 14, 98, 9, 72, 74, 55, 42]",76.06,0.6705802345275879,4227.386357545853,11.18,3777.950000000005
345,"[41, 93, 28, 94, 92, 58, 87, 5, 66, 26]",79.53,0.5309619963169098,4239.842474460602,11.34,3789.290000000005
346,"[95, 69, 8, 33, 22, 51, 6, 48, 23, 94]",81.32,0.5001547321677208,4253.116015911102,12.1,3801.390000000005
347,"[70, 60, 26, 14, 21, 55, 19, 43, 42, 54]",83.47,0.4553156039118767,4266.018902301788,11.18,3812.5700000000047
348,"[83, 80, 66, 30, 35, 0, 22, 23, 51, 29]",81.15,0.5163925465941429,4277.056301355362,10.04,3822.6100000000047
349,"[69, 25, 27, 78, 39, 33, 28, 80, 9, 89]",81.41,0.4984442746639251,4289.086309671402,11.34,3833.950000000005
350,"[78, 67, 79, 29, 96, 57, 18, 9, 53, 69]",84.24,0.4367528192698955,4300.932441473007,10.63,3844.580000000005
351,"[98, 41, 35, 62, 24, 79, 68, 51, 72, 69]",83.58,0.4515723836421966,4313.304921150208,11.19,3855.770000000005
352,"[11, 43, 62, 7, 21, 32, 82, 28, 53, 15]",83.26,0.4688921676576137,4325.279570817947,11.34,3867.110000000005
353,"[96, 46, 48, 0, 90, 82, 93, 20, 74, 40]",84.47,0.4316320876777172,4338.755130529404,12.1,3879.210000000005
354,"[32, 43, 49, 84, 31, 6, 93, 56, 94, 25]",76.88,0.6770238175988197,4351.437364816666,11.1,3890.310000000005
355,"[66, 27, 12, 10, 55, 81, 60, 54, 7, 11]",83.64,0.4477779367566109,4362.118777275085,9.03,3899.340000000005
356,"[91, 59, 38, 6, 83, 51, 44, 87, 64, 89]",79.65,0.5830825063586235,4375.076804161072,11.38,3910.7200000000053
357,"[14, 57, 99, 16, 15, 10, 69, 18, 61, 63]",83.43,0.4484083184599876,4387.623118877411,11.29,3922.010000000005
358,"[58, 80, 65, 35, 50, 61, 13, 30, 16, 68]",82.3,0.4763767081499099,4400.0033757686615,11.29,3933.300000000005
359,"[45, 33, 24, 49, 9, 85, 19, 55, 80, 14]",77.84,0.6299120345711708,4412.865073919296,11.71,3945.010000000005
360,"[62, 44, 84, 97, 56, 69, 1, 39, 27, 36]",81.06,0.4947277063131332,4425.636891841888,11.1,3956.110000000005
361,"[37, 84, 12, 25, 82, 44, 18, 65, 46, 23]",72.26,0.7931606954336167,4435.491422653198,8.35,3964.460000000005
362,"[36, 32, 60, 59, 51, 9, 93, 84, 18, 15]",80.71,0.5217449760437012,4445.465751886368,8.65,3973.110000000005
363,"[54, 81, 24, 3, 27, 47, 55, 5, 38, 96]",81.39,0.4842357546091079,4457.813780784607,10.86,3983.9700000000053
364,"[52, 15, 19, 53, 50, 10, 26, 65, 55, 85]",83.23,0.4620977789163589,4470.313624382019,11.13,3995.1000000000054
365,"[38, 12, 94, 8, 15, 29, 62, 36, 28, 55]",83.3,0.4478350985050201,4482.298321485519,11.34,4006.4400000000055
366,"[20, 16, 35, 23, 30, 72, 44, 33, 99, 46]",83.7,0.4451180502772331,4493.640007257462,10.78,4017.2200000000057
367,"[48, 19, 31, 65, 18, 97, 30, 94, 90, 25]",78.97,0.5640010890364647,4506.897805690765,12.1,4029.3200000000056
368,"[41, 67, 45, 69, 58, 12, 14, 10, 51, 48]",77.96,0.6056731587648392,4520.084178447723,12.1,4041.4200000000055
369,"[39, 32, 46, 23, 0, 75, 73, 17, 41, 33]",79.94,0.5519870033860207,4532.560936450958,11.19,4052.6100000000056
370,"[82, 31, 18, 15, 9, 55, 41, 37, 97, 29]",77.1,0.6100535887479782,4545.17763710022,11.19,4063.8000000000056
371,"[81, 89, 72, 56, 58, 18, 93, 7, 13, 14]",82.39,0.4850568902492523,4557.254282951355,11.1,4074.9000000000055
372,"[23, 5, 98, 88, 1, 46, 51, 17, 76, 67]",83.42,0.4545744085311889,4568.018189907074,9.3,4084.2000000000057
373,"[0, 27, 68, 2, 20, 50, 8, 97, 47, 45]",84.27,0.4425685127079486,4581.281074047089,11.71,4095.9100000000058
374,"[85, 68, 55, 65, 46, 84, 11, 95, 19, 24]",84.45,0.4296024021506309,4592.438853502274,9.94,4105.850000000006
375,"[52, 76, 18, 84, 38, 23, 48, 24, 61, 74]",80.19,0.5179498428106308,4605.9014003276825,12.1,4117.950000000006
376,"[32, 25, 28, 40, 77, 90, 51, 13, 84, 1]",78.21,0.5706203216314316,4618.359363794327,11.34,4129.290000000006
377,"[65, 17, 38, 75, 53, 93, 32, 95, 34, 16]",82.96,0.4659387958049774,4629.220180511475,9.3,4138.5900000000065
378,"[12, 3, 6, 45, 76, 15, 37, 46, 92, 96]",70.03,0.8489818334579468,4642.599549770355,11.71,4150.300000000007
379,"[64, 10, 44, 19, 28, 76, 74, 26, 73, 75]",84.48,0.4247106508910656,4655.696758270264,11.38,4161.680000000007
380,"[0, 25, 71, 70, 68, 44, 89, 31, 72, 80]",80.09,0.5390855923295022,4668.249579191208,11.09,4172.770000000007
381,"[80, 35, 73, 81, 63, 22, 62, 18, 9, 92]",79.49,0.5401407247781753,4679.803648710251,10.55,4183.320000000007
382,"[60, 77, 29, 54, 20, 37, 21, 52, 13, 84]",79.89,0.5376632425189019,4691.380486488342,10.11,4193.430000000007
383,"[24, 31, 84, 41, 18, 43, 32, 81, 6, 11]",81.65,0.5020900639891624,4703.993613958359,11.19,4204.620000000006
384,"[7, 21, 34, 79, 69, 77, 44, 98, 93, 13]",81.49,0.4978664034605026,4716.233204126358,10.63,4215.250000000006
385,"[54, 80, 66, 79, 19, 45, 62, 71, 64, 74]",81.65,0.4974158856272697,4729.366106987,11.71,4226.960000000006
386,"[26, 86, 5, 38, 93, 50, 83, 20, 31, 60]",83.79,0.4443757975101471,4741.893424510956,11.13,4238.0900000000065
387,"[37, 47, 31, 92, 88, 17, 14, 67, 11, 22]",82.54,0.4772185230255127,4754.267761230469,10.86,4248.950000000006
388,"[60, 58, 46, 97, 44, 18, 24, 26, 98, 32]",83.06,0.4734528082609177,4766.760095119476,11.13,4260.080000000006
389,"[49, 81, 22, 31, 70, 72, 8, 96, 76, 63]",83.82,0.4452675947546959,4778.821718454361,10.78,4270.860000000006
390,"[82, 60, 54, 51, 57, 56, 89, 59, 40, 55]",84.57,0.4336216214299202,4790.920697212219,11.1,4281.960000000006
391,"[18, 5, 75, 7, 51, 69, 45, 15, 71, 88]",81.96,0.500704599916935,4804.0077538490295,11.71,4293.670000000006
392,"[33, 94, 79, 83, 35, 55, 5, 36, 1, 57]",81.55,0.4887036991119384,4816.244686365128,10.63,4304.300000000007
393,"[62, 43, 1, 5, 64, 75, 84, 68, 71, 25]",84.19,0.4344097962975502,4829.312669992447,11.38,4315.680000000007
394,"[63, 43, 44, 50, 60, 90, 46, 73, 31, 11]",83.39,0.4579969103634357,4840.829524278641,10.55,4326.230000000007
395,"[78, 47, 38, 51, 49, 72, 69, 36, 41, 79]",82.34,0.4841560645401477,4853.532994508743,11.19,4337.420000000006
396,"[95, 92, 81, 45, 72, 74, 27, 17, 67, 47]",84.09,0.4442624714970589,4866.758278846741,11.71,4349.1300000000065
397,"[5, 16, 6, 59, 87, 79, 82, 19, 15, 57]",83.72,0.4491504767537117,4878.733313560486,10.63,4359.760000000007
398,"[15, 8, 39, 38, 57, 27, 70, 23, 67, 81]",82.29,0.4687927171587944,4889.280551671982,8.94,4368.700000000006
399,"[66, 39, 99, 55, 40, 33, 54, 98, 52, 64]",83.74,0.4299513164162636,4901.64346241951,11.38,4380.080000000006
400,"[32, 92, 9, 35, 15, 20, 73, 45, 57, 74]",79.22,0.5490063515305519,4914.296981096268,11.71,4391.790000000006
401,"[3, 6, 45, 43, 87, 68, 70, 91, 72, 69]",81.56,0.5240183365345001,4927.3652992248535,11.71,4403.500000000006
402,"[23, 35, 88, 20, 56, 5, 86, 44, 11, 76]",83.51,0.4552012610435486,4939.833675146103,11.1,4414.600000000007
403,"[48, 24, 66, 8, 17, 9, 16, 29, 80, 22]",81.19,0.5088100126385688,4953.579194307327,12.1,4426.700000000007
404,"[64, 24, 21, 98, 53, 76, 42, 69, 81, 51]",79.33,0.5448373904824257,4966.162252426148,11.38,4438.080000000007
405,"[52, 35, 58, 84, 97, 36, 12, 77, 7, 53]",80.32,0.5253457805514335,4978.041225194931,10.11,4448.190000000007
406,"[17, 71, 32, 29, 91, 48, 89, 50, 78, 19]",80.91,0.5565195623040199,4991.610799074173,12.1,4460.290000000007
407,"[32, 14, 72, 93, 17, 37, 66, 15, 8, 49]",79.1,0.5641387346386909,5003.808403015137,10.78,4471.070000000007
408,"[25, 11, 39, 48, 24, 17, 74, 22, 66, 87]",78.51,0.5962780514359474,5017.350133657455,12.1,4483.170000000007
409,"[75, 55, 42, 14, 53, 16, 48, 98, 65, 5]",84.88,0.4180850425362587,5030.934697151184,12.1,4495.270000000008
410,"[95, 30, 46, 25, 12, 29, 36, 8, 49, 63]",84.38,0.4267878125607967,5042.897867918015,10.58,4505.850000000008
411,"[22, 62, 0, 39, 26, 54, 74, 16, 13, 94]",82.72,0.4529798589646816,5055.335441350937,11.13,4516.980000000008
412,"[85, 72, 90, 56, 83, 68, 33, 9, 14, 94]",83.82,0.4506734743714332,5067.466796159744,11.1,4528.080000000008
413,"[61, 4, 62, 23, 96, 72, 82, 86, 97, 20]",83.42,0.4534701684117317,5079.918114900589,11.29,4539.370000000008
414,"[3, 43, 13, 87, 25, 16, 74, 49, 29, 36]",85.45,0.4063685947656631,5092.13832116127,10.58,4549.950000000008
415,"[78, 8, 34, 25, 89, 65, 12, 18, 77, 3]",79.61,0.541509413421154,5103.983979701996,10.1,4560.050000000008
416,"[72, 9, 40, 11, 1, 54, 66, 68, 39, 67]",83.62,0.4403846935927868,5116.198513269424,10.93,4570.980000000009
417,"[85, 89, 17, 71, 33, 6, 70, 56, 96, 18]",82.07,0.5057636618614196,5128.916751861572,11.1,4582.080000000009
418,"[25, 82, 52, 40, 10, 44, 50, 58, 24, 74]",85.2,0.4131904049217701,5141.221719264984,10.93,4593.010000000009
419,"[72, 39, 70, 97, 58, 23, 55, 4, 36, 43]",83.5,0.4627159383893013,5152.673699140549,10.78,4603.790000000009
420,"[89, 6, 92, 5, 31, 77, 12, 87, 14, 1]",78.73,0.5726272355020047,5163.534076213837,8.96,4612.750000000009
421,"[53, 36, 43, 51, 93, 57, 72, 77, 63, 74]",81.79,0.5015429905056954,5174.925117969513,10.78,4623.530000000009
422,"[97, 48, 42, 74, 37, 18, 60, 80, 77, 24]",71.36,0.8623314309120178,5188.767015457153,12.1,4635.630000000009
423,"[67, 2, 16, 38, 96, 11, 29, 89, 81, 62]",81.92,0.5076664099097252,5198.976843833923,8.72,4644.3500000000095
424,"[96, 51, 14, 25, 85, 71, 59, 82, 30, 6]",77.94,0.6177168938517571,5211.250025033951,11.09,4655.44000000001
425,"[65, 57, 5, 92, 85, 61, 97, 37, 33, 30]",71.9,0.7607078176736831,5223.673990488052,11.29,4666.73000000001
426,"[34, 77, 78, 74, 41, 28, 9, 48, 26, 43]",81.77,0.4996041002869606,5237.302037715912,12.1,4678.83000000001
427,"[52, 41, 92, 15, 45, 62, 88, 81, 79, 13]",84.38,0.4277919398248195,5249.888361692429,11.71,4690.54000000001
428,"[52, 8, 63, 92, 75, 85, 57, 5, 60, 32]",85.25,0.4118946707248688,5261.266881465912,10.11,4700.65000000001
429,"[40, 3, 69, 7, 26, 13, 45, 60, 25, 83]",85.51,0.4026933704316616,5274.5236139297485,11.71,4712.36000000001
430,"[22, 10, 60, 15, 67, 69, 86, 12, 2, 44]",83.41,0.4542461588978767,5284.586227178574,8.6,4720.96000000001
431,"[37, 88, 74, 20, 82, 18, 93, 97, 56, 42]",79.55,0.5565376153588295,5297.079904079437,11.18,4732.14000000001
432,"[75, 47, 35, 80, 82, 72, 95, 10, 87, 9]",83.58,0.4960157552361488,5309.216998338699,10.86,4743.00000000001
433,"[1, 18, 82, 9, 77, 92, 94, 8, 11, 20]",84.74,0.4177738261222839,5319.488597631455,8.96,4751.96000000001
434,"[76, 35, 34, 10, 84, 31, 71, 63, 38, 90]",83.51,0.4452744442224502,5332.181611537933,11.09,4763.05000000001
435,"[71, 20, 7, 14, 81, 77, 17, 92, 28, 98]",79.87,0.5559152474999428,5344.482534170151,11.34,4774.39000000001
436,"[50, 38, 20, 27, 69, 19, 48, 10, 45, 73]",82.71,0.4671569186449051,5358.448414087296,12.1,4786.490000000011
437,"[70, 35, 62, 55, 74, 75, 14, 91, 81, 52]",83.75,0.4661391600966453,5369.905569076538,10.11,4796.60000000001
438,"[50, 73, 15, 35, 65, 77, 13, 30, 79, 21]",80.66,0.5135656118392944,5381.763567209244,10.63,4807.2300000000105
439,"[62, 31, 10, 43, 25, 42, 6, 0, 32, 84]",79.81,0.548381522744894,5394.457721710205,11.18,4818.410000000011
440,"[53, 81, 75, 60, 6, 39, 89, 10, 47, 8]",83.97,0.4573087161779404,5406.316912651062,10.86,4829.27000000001
441,"[83, 0, 53, 58, 42, 65, 22, 36, 1, 75]",84.18,0.4481484919786453,5418.902190685272,11.18,4840.450000000011
442,"[45, 77, 36, 9, 19, 66, 44, 59, 39, 46]",83.32,0.4596673679351806,5432.097570896149,11.71,4852.160000000011
443,"[92, 68, 14, 3, 49, 34, 71, 44, 28, 4]",82.37,0.4843561640381813,5444.140841722488,11.34,4863.500000000011
444,"[84, 18, 21, 81, 29, 64, 47, 50, 35, 2]",83.23,0.4624630901217461,5457.0043115615845,11.38,4874.880000000011
445,"[20, 36, 56, 60, 31, 4, 13, 34, 32, 59]",83.97,0.4387092608213425,5469.298797607422,11.1,4885.980000000011
446,"[50, 2, 17, 34, 4, 56, 58, 79, 54, 94]",82.24,0.487565184533596,5481.252792835236,11.1,4897.080000000012
447,"[53, 14, 40, 18, 20, 45, 46, 49, 55, 34]",83.5,0.4757589726150036,5494.10884475708,11.71,4908.790000000012
448,"[16, 57, 42, 75, 43, 99, 13, 28, 35, 94]",84.44,0.4192722399532795,5506.401548862457,11.34,4920.130000000012
449,"[3, 94, 40, 25, 67, 60, 71, 77, 89, 29]",82.91,0.4616735213994979,5519.09618973732,11.09,4931.220000000012
450,"[65, 98, 52, 39, 64, 69, 23, 67, 85, 34]",83.33,0.4494975072145462,5531.564618349075,11.38,4942.600000000012
451,"[32, 58, 99, 48, 90, 30, 97, 4, 39, 92]",81.43,0.4890652060508728,5544.588966608048,12.1,4954.700000000013
452,"[20, 14, 29, 5, 79, 30, 18, 65, 25, 98]",84.95,0.4109163448214531,5556.156789779663,10.63,4965.330000000013
453,"[19, 69, 80, 72, 66, 68, 53, 41, 32, 36]",83.7,0.4457975718379021,5568.542502641678,11.19,4976.520000000012
454,"[74, 39, 82, 66, 58, 62, 40, 7, 63, 83]",77.66,0.6209053778648377,5580.586626529694,10.93,4987.450000000013
455,"[57, 52, 7, 13, 78, 75, 21, 27, 90, 12]",84.22,0.432833588719368,5592.150665044785,10.11,4997.560000000012
456,"[42, 56, 47, 30, 12, 97, 82, 87, 4, 0]",82.79,0.4724160605669021,5604.612514972687,11.18,5008.7400000000125
457,"[39, 21, 46, 30, 82, 80, 31, 42, 13, 36]",85.31,0.3996580033004284,5617.0133228302,11.18,5019.920000000013
458,"[4, 35, 41, 22, 73, 84, 11, 40, 6, 87]",83.26,0.4491818279027939,5629.889813184738,11.19,5031.110000000012
459,"[24, 96, 56, 42, 17, 54, 91, 33, 8, 62]",81.74,0.5030991840362549,5642.439923048019,11.18,5042.290000000013
460,"[78, 98, 36, 34, 76, 90, 27, 70, 80, 74]",85.79,0.3945636212825775,5653.624178409576,10.04,5052.330000000013
461,"[60, 67, 4, 32, 88, 79, 87, 98, 93, 46]",83.73,0.4568553087115288,5665.470587968826,10.63,5062.960000000013
462,"[45, 9, 59, 36, 65, 10, 80, 50, 87, 14]",83.5,0.4530662816762924,5678.420033693314,11.71,5074.670000000013
463,"[82, 21, 7, 70, 78, 77, 23, 1, 59, 44]",84.77,0.4202277438342571,5688.519797086716,8.94,5083.610000000012
464,"[72, 69, 55, 97, 67, 43, 41, 19, 12, 36]",83.38,0.4616458791494369,5701.27959394455,11.19,5094.800000000012
465,"[29, 48, 1, 17, 88, 91, 42, 19, 59, 79]",83.68,0.4615294936299324,5714.881532907486,12.1,5106.900000000012
466,"[81, 48, 10, 56, 59, 85, 89, 61, 96, 24]",85.5,0.414591039121151,5727.922168254852,12.1,5119.000000000013
467,"[55, 86, 13, 79, 28, 46, 71, 73, 40, 32]",85.05,0.4161079449951648,5740.264522790909,11.34,5130.340000000013
468,"[32, 1, 91, 58, 85, 10, 76, 83, 30, 4]",83.55,0.44648741081357,5750.648923635483,9.18,5139.520000000013
469,"[43, 72, 15, 80, 0, 99, 17, 35, 49, 10]",82.56,0.4688176670670509,5762.701196908951,10.78,5150.300000000013
470,"[66, 88, 94, 72, 5, 91, 84, 13, 21, 74]",82.96,0.4607014980912208,5774.117393493652,10.78,5161.080000000013
471,"[79, 41, 13, 88, 23, 83, 2, 78, 1, 50]",85.91,0.4034336385130882,5786.903825044632,11.19,5172.270000000012
472,"[48, 2, 70, 54, 93, 7, 34, 83, 64, 31]",81.58,0.5187578481435776,5800.614243984222,12.1,5184.370000000013
473,"[63, 41, 42, 59, 39, 21, 19, 49, 18, 28]",81.12,0.4942805850505828,5812.820873737335,11.34,5195.710000000013
474,"[98, 47, 6, 51, 22, 79, 46, 87, 28, 97]",83.91,0.5064661520719528,5824.757408857346,11.34,5207.050000000013
475,"[61, 15, 40, 65, 88, 56, 90, 93, 26, 95]",84.11,0.4541115486621856,5837.665930271149,11.29,5218.340000000013
476,"[62, 55, 61, 80, 16, 63, 87, 5, 41, 14]",85.27,0.4033163769543171,5850.343647480011,11.29,5229.630000000013
477,"[96, 0, 40, 80, 15, 5, 77, 34, 61, 4]",78.68,0.608331345319748,5863.209153175354,11.29,5240.920000000013
478,"[91, 81, 7, 5, 8, 61, 99, 37, 83, 71]",83.56,0.448803935945034,5875.982964515686,11.29,5252.210000000013
479,"[38, 57, 30, 21, 51, 62, 66, 82, 72, 64]",79.53,0.5474682995676994,5888.421863794327,11.38,5263.590000000013
480,"[99, 89, 81, 40, 90, 3, 41, 54, 13, 15]",82.52,0.4728724214434623,5900.913255214691,11.19,5274.7800000000125
481,"[84, 16, 67, 35, 4, 69, 12, 49, 24, 43]",81.28,0.5089877235889435,5913.291054725647,10.58,5285.360000000012
482,"[49, 82, 31, 2, 28, 83, 33, 36, 98, 10]",84.51,0.4318232809007167,5925.240927934647,11.34,5296.700000000013
483,"[5, 79, 51, 45, 29, 61, 80, 43, 36, 89]",86.07,0.386480348110199,5938.327774524689,11.71,5308.410000000013
484,"[45, 92, 54, 80, 47, 12, 96, 72, 2, 24]",81.45,0.5201817369461059,5951.4919147491455,11.71,5320.120000000013
485,"[8, 68, 50, 74, 83, 95, 82, 23, 36, 65]",84.9,0.4361450445652008,5961.2065670490265,8.35,5328.470000000013
486,"[82, 44, 17, 26, 62, 63, 40, 77, 29, 87]",84.04,0.4467149646580219,5974.001091003418,11.13,5339.600000000013
487,"[45, 26, 46, 32, 41, 67, 57, 34, 43, 66]",83.7,0.444282659292221,5987.189239025116,11.71,5351.310000000013
488,"[13, 45, 75, 15, 24, 4, 33, 53, 30, 26]",83.9,0.4446095249056816,6000.0500338077545,11.71,5363.020000000013
489,"[67, 77, 43, 10, 80, 39, 59, 70, 98, 85]",82.96,0.4639622443914413,6011.140414476395,10.04,5373.060000000013
490,"[3, 92, 53, 36, 80, 85, 48, 40, 21, 93]",83.8,0.457845432460308,6024.601111412048,12.1,5385.1600000000135
491,"[6, 69, 97, 99, 5, 49, 18, 32, 17, 51]",81.73,0.503657860159874,6036.670691490173,10.58,5395.740000000013
492,"[58, 91, 84, 87, 82, 16, 72, 41, 96, 24]",84.5,0.4539501628279686,6049.13202548027,11.19,5406.930000000013
493,"[50, 75, 40, 37, 89, 73, 81, 33, 44, 57]",82.35,0.4787241792678833,6061.430885791779,10.93,5417.860000000013
494,"[42, 82, 97, 16, 60, 59, 63, 9, 57, 21]",83.49,0.4570232459902763,6073.800414085388,11.18,5429.040000000014
495,"[71, 54, 55, 31, 19, 32, 58, 90, 5, 66]",83.24,0.4556750154495239,6086.585798740387,11.09,5440.130000000014
496,"[7, 53, 74, 48, 41, 93, 2, 75, 80, 17]",81.94,0.5121390435099602,6100.327815532684,12.1,5452.230000000014
497,"[93, 63, 43, 44, 90, 57, 68, 95, 31, 48]",82.99,0.4861281165480614,6113.929291009903,12.1,5464.3300000000145
498,"[57, 96, 74, 17, 94, 92, 30, 81, 22, 65]",81.42,0.5137675109505654,6124.583293437958,9.3,5473.630000000015
499,"[30, 16, 93, 32, 43, 58, 39, 79, 53, 99]",84.87,0.4228634765744209,6136.693012237549,10.63,5484.260000000015
500,"[17, 3, 74, 78, 25, 85, 59, 20, 88, 77]",81.72,0.5005125440657139,6148.4479122161865,10.1,5494.360000000015
501,"[42, 99, 45, 84, 92, 50, 6, 26, 90, 63]",83.73,0.4318258768320083,6161.806970834732,11.71,5506.070000000015
502,"[63, 20, 0, 58, 12, 67, 52, 33, 44, 4]",82.26,0.4811374227702618,6172.973621368408,10.11,5516.180000000015
503,"[83, 22, 59, 36, 94, 46, 16, 15, 34, 64]",83.99,0.4759179639816284,6185.458872556686,11.38,5527.560000000015
504,"[24, 87, 29, 50, 59, 22, 5, 80, 43, 12]",85.04,0.4088813324272632,6196.517106056213,10.04,5537.600000000015
505,"[1, 36, 44, 67, 65, 41, 7, 5, 56, 45]",82.95,0.4555248734354973,6209.622958421707,11.71,5549.310000000015
506,"[9, 26, 5, 21, 45, 38, 8, 86, 74, 90]",83.15,0.4473481887578964,6223.08522439003,11.71,5561.020000000015
507,"[93, 66, 95, 44, 35, 92, 58, 16, 78, 18]",84.22,0.4357417832314968,6233.909195661545,9.03,5570.050000000015
508,"[96, 73, 24, 93, 95, 67, 51, 53, 88, 2]",82.82,0.4825794330239296,6245.544046878815,10.55,5580.600000000015
509,"[90, 59, 30, 11, 86, 91, 43, 46, 56, 37]",82.9,0.4649751898646355,6257.921438455582,11.1,5591.700000000015
510,"[62, 26, 69, 13, 67, 18, 8, 75, 99, 80]",84.63,0.4175108714401722,6270.495653867722,11.13,5602.830000000015
511,"[81, 47, 71, 50, 2, 19, 69, 35, 7, 53]",83.99,0.4435224708914757,6283.346300363541,11.09,5613.9200000000155
512,"[50, 6, 19, 52, 13, 72, 9, 3, 34, 83]",84.59,0.4249988377094268,6294.91518163681,10.78,5624.700000000015
513,"[20, 57, 48, 34, 41, 22, 46, 68, 70, 96]",84.94,0.414190809726715,6308.217558145523,12.1,5636.800000000016
514,"[47, 24, 56, 5, 20, 96, 66, 17, 33, 75]",83.76,0.4609917214512825,6320.969095468521,11.1,5647.900000000016
515,"[43, 63, 87, 26, 19, 69, 8, 12, 48, 88]",86.47,0.3767974027991295,6334.977774620056,12.1,5660.000000000016
516,"[44, 64, 79, 73, 77, 32, 2, 8, 84, 13]",83.06,0.4556090793013572,6348.158496618271,11.38,5671.3800000000165
517,"[12, 54, 46, 29, 4, 28, 15, 36, 59, 67]",85.26,0.4086030504107475,6360.112595558167,11.34,5682.720000000017
518,"[11, 88, 0, 6, 82, 26, 36, 71, 15, 65]",82.78,0.4649759474396706,6372.6920619010925,11.13,5693.850000000017
519,"[56, 75, 94, 79, 64, 35, 11, 15, 39, 32]",85.1,0.4157938309013843,6385.368668794632,11.38,5705.230000000017
520,"[77, 52, 80, 88, 84, 64, 48, 89, 74, 16]",78.24,0.5850924634933472,6399.136352777481,12.1,5717.330000000017
521,"[79, 64, 31, 15, 99, 74, 27, 46, 3, 77]",83.15,0.4608159130811691,6411.9567148685455,11.38,5728.710000000017
522,"[46, 6, 40, 82, 66, 0, 86, 74, 78, 16]",85.71,0.3881129711866379,6424.028099298477,10.93,5739.640000000018
523,"[30, 75, 54, 4, 32, 48, 76, 95, 97, 2]",83.71,0.4397939646244049,6437.294331789017,12.1,5751.740000000018
524,"[93, 33, 59, 92, 36, 44, 72, 12, 29, 31]",83.91,0.4457022860646248,6448.668248414993,10.78,5762.520000000018
525,"[46, 90, 42, 97, 71, 4, 19, 65, 28, 49]",82.14,0.4939733827114105,6461.037036180496,11.34,5773.860000000018
526,"[20, 47, 45, 73, 87, 15, 33, 19, 18, 35]",84.82,0.43195606559515,6474.109403848648,11.71,5785.570000000018
527,"[47, 91, 74, 21, 39, 23, 59, 79, 49, 50]",84.11,0.4678835356235504,6485.934512138367,10.86,5796.430000000018
528,"[12, 98, 20, 54, 53, 87, 7, 29, 16, 75]",85.68,0.4033987373113632,6495.683887958527,8.32,5804.750000000017
529,"[32, 65, 89, 69, 96, 77, 19, 9, 35, 64]",80.64,0.5296046227216721,6508.480617284775,11.38,5816.130000000017
530,"[73, 19, 68, 2, 60, 53, 17, 41, 89, 64]",82.59,0.4877581816911697,6521.443370819092,11.38,5827.5100000000175
531,"[52, 54, 51, 95, 7, 42, 91, 65, 87, 24]",84.96,0.4225082869827747,6533.745836496353,11.18,5838.690000000018
532,"[1, 6, 40, 51, 21, 20, 85, 46, 73, 39]",84.94,0.412783038020134,6545.90919137001,10.93,5849.620000000018
533,"[62, 93, 47, 33, 36, 86, 46, 4, 71, 1]",85.7,0.4039045733213424,6558.318654298782,11.09,5860.710000000018
534,"[62, 98, 91, 16, 37, 90, 26, 97, 49, 13]",82.71,0.4607860817015171,6570.731130838394,11.13,5871.840000000018
535,"[57, 16, 47, 35, 59, 74, 83, 9, 2, 86]",85.9,0.4041373479366302,6582.597732543945,10.86,5882.700000000018
536,"[12, 53, 84, 90, 88, 31, 36, 48, 6, 61]",81.65,0.5151304619014263,6596.457269906998,12.1,5894.800000000018
537,"[72, 97, 39, 54, 79, 11, 56, 36, 30, 61]",84.85,0.4222686672210693,6608.93581366539,11.29,5906.090000000018
538,"[85, 12, 71, 32, 54, 53, 5, 80, 52, 90]",79.87,0.5501932883262635,6621.684273481369,11.09,5917.1800000000185
539,"[49, 17, 98, 33, 31, 23, 18, 28, 99, 77]",76.71,0.6441704854369164,6633.924746274948,11.34,5928.520000000019
540,"[86, 36, 21, 80, 84, 78, 45, 54, 38, 61]",85.16,0.4029248929023742,6647.036366939545,11.71,5940.230000000019
541,"[25, 24, 0, 11, 42, 9, 82, 78, 26, 55]",85.11,0.4111539697647094,6659.524989366531,11.18,5951.410000000019
542,"[71, 89, 73, 41, 0, 48, 78, 1, 26, 59]",85.02,0.4199543979763984,6673.003979206085,12.1,5963.510000000019
543,"[81, 72, 60, 64, 73, 21, 53, 84, 80, 35]",80.88,0.5190499544143676,6685.896863460541,11.38,5974.890000000019
544,"[42, 8, 2, 0, 95, 59, 96, 70, 78, 98]",84.14,0.444961583763361,6698.680557727814,11.18,5986.07000000002
545,"[27, 90, 71, 4, 85, 45, 18, 47, 51, 44]",85.77,0.3943500879406929,6711.919384002686,11.71,5997.78000000002
546,"[44, 30, 3, 98, 91, 6, 29, 74, 39, 87]",83.68,0.4538490316271782,6723.333793401718,10.1,6007.88000000002
547,"[28, 45, 20, 64, 2, 44, 34, 40, 13, 86]",86.1,0.398305302709341,6736.368018388748,11.71,6019.59000000002
548,"[53, 69, 73, 63, 59, 58, 98, 65, 71, 93]",83.7,0.4628811138868332,6748.870054721832,11.09,6030.68000000002
549,"[22, 91, 65, 3, 47, 31, 60, 0, 66, 69]",84.87,0.4415657836198807,6760.725135087967,10.86,6041.54000000002
550,"[10, 76, 46, 38, 93, 0, 42, 41, 72, 52]",75.54,0.6652232456207275,6773.38511800766,11.19,6052.73000000002
551,"[2, 45, 68, 22, 99, 88, 4, 64, 25, 23]",81.38,0.4889567130804061,6786.253704309464,11.71,6064.44000000002
552,"[32, 20, 63, 42, 4, 7, 99, 34, 27, 31]",83.11,0.4427522486448288,6798.363792657852,11.18,6075.62000000002
553,"[33, 51, 65, 79, 97, 87, 68, 15, 10, 85]",84.55,0.4505290752649307,6809.958745718002,10.63,6086.25000000002
554,"[2, 21, 5, 60, 72, 56, 14, 41, 97, 44]",86.42,0.3722561298310756,6822.583559036255,11.19,6097.44000000002
555,"[26, 17, 37, 35, 96, 80, 3, 42, 12, 0]",81.98,0.4900656306743622,6835.78497505188,11.18,6108.62000000002
556,"[66, 84, 79, 80, 10, 29, 71, 82, 98, 44]",84.05,0.4513922056555748,6848.116816282272,11.09,6119.71000000002
557,"[2, 99, 11, 34, 63, 82, 48, 76, 79, 37]",81.83,0.4810559549927711,6861.802418470383,12.1,6131.81000000002
558,"[9, 25, 62, 5, 4, 22, 0, 86, 60, 55]",82.53,0.472513068318367,6872.556485652924,9.23,6141.04000000002
559,"[12, 51, 97, 37, 41, 75, 3, 77, 60, 79]",77.18,0.6324385517835617,6885.430841445923,11.19,6152.23000000002
560,"[27, 10, 91, 12, 2, 20, 19, 64, 30, 31]",85.58,0.3928080156445503,6898.286424875259,11.38,6163.61000000002
561,"[97, 98, 48, 47, 79, 4, 66, 35, 0, 12]",85.92,0.388875425606966,6912.219243049622,12.1,6175.71000000002
562,"[22, 41, 72, 97, 94, 36, 52, 99, 12, 42]",78.07,0.6049349710345269,6924.810548067093,11.19,6186.90000000002
563,"[89, 12, 79, 63, 77, 11, 50, 99, 56, 36]",82.53,0.465709068775177,6937.668357133865,11.1,6198.00000000002
564,"[16, 41, 91, 27, 38, 8, 71, 39, 15, 92]",83.51,0.4390682463347912,6950.549886703491,11.19,6209.19000000002
565,"[64, 45, 2, 23, 46, 39, 68, 53, 66, 17]",84.28,0.4382357387244701,6963.734817028046,11.71,6220.90000000002
566,"[66, 3, 65, 36, 17, 10, 9, 27, 72, 40]",77.47,0.6302606746554374,6976.049619674683,10.93,6231.83000000002
567,"[61, 44, 74, 97, 27, 63, 29, 84, 52, 69]",84.47,0.4240602223575115,6988.9526743888855,11.29,6243.12000000002
568,"[43, 46, 21, 52, 44, 84, 16, 82, 0, 7]",85.98,0.4014585514366626,7000.313703298569,10.11,6253.23000000002
569,"[68, 47, 97, 96, 42, 52, 82, 28, 25, 72]",80.99,0.5067350503802299,7012.650546073914,11.34,6264.57000000002
570,"[18, 69, 50, 48, 17, 65, 99, 49, 67, 77]",81.02,0.5108372649550438,7026.327034950256,12.1,6276.67000000002
571,"[75, 79, 32, 73, 39, 76, 68, 65, 22, 37]",73.82,0.7421376976370812,7038.106305599213,10.63,6287.30000000002
572,"[99, 88, 28, 43, 79, 65, 83, 0, 56, 18]",84.16,0.4514395335316658,7050.360334157944,11.34,6298.64000000002
573,"[88, 0, 16, 56, 76, 50, 9, 75, 8, 17]",84.31,0.4356916932761669,7063.127676010132,11.1,6309.740000000021
574,"[94, 52, 6, 17, 9, 40, 90, 51, 70, 82]",84.57,0.4368633951246738,7075.631957769394,10.93,6320.670000000021
575,"[15, 55, 23, 68, 93, 75, 89, 5, 45, 29]",85.62,0.4026558800041676,7088.868795633316,11.71,6332.380000000021
576,"[15, 94, 62, 53, 19, 37, 20, 98, 33, 96]",79.42,0.5735732319951058,7100.022453784943,9.94,6342.320000000021
577,"[14, 76, 82, 8, 23, 38, 65, 45, 43, 61]",82.61,0.4656558109819889,7113.00528383255,11.71,6354.030000000021
578,"[94, 89, 52, 47, 98, 93, 77, 80, 75, 76]",82.87,0.4629617594182491,7125.28421998024,10.86,6364.89000000002
579,"[98, 57, 95, 14, 4, 53, 55, 30, 13, 62]",83.98,0.4485689564049244,7135.621757268906,9.18,6374.070000000021
580,"[62, 59, 83, 52, 13, 22, 71, 57, 81, 33]",84.96,0.4274497455358505,7147.712711811066,11.09,6385.160000000021
581,"[33, 50, 36, 3, 46, 43, 39, 17, 83, 79]",83.36,0.4788494309782982,7159.564509630203,10.63,6395.790000000021
582,"[64, 51, 97, 31, 67, 10, 52, 25, 44, 11]",85.93,0.3927980509400368,7172.239039182663,11.38,6407.170000000021
583,"[98, 80, 13, 6, 31, 21, 25, 17, 95, 38]",82.58,0.4842114552855491,7183.615648508072,10.04,6417.210000000021
584,"[0, 11, 63, 7, 14, 13, 25, 31, 99, 23]",84.2,0.4267912861704826,7194.190011978149,9.23,6426.4400000000205
585,"[78, 70, 22, 13, 55, 58, 5, 92, 3, 28]",83.67,0.4507894918322563,7206.193979978561,11.34,6437.780000000021
586,"[89, 9, 81, 46, 77, 14, 43, 59, 17, 95]",83.82,0.4483633877336979,7216.910623073578,9.3,6447.080000000021
587,"[4, 49, 64, 34, 7, 22, 44, 15, 59, 97]",84.1,0.4343077254295349,7229.320342302322,11.38,6458.460000000021
588,"[16, 39, 10, 17, 66, 87, 79, 12, 1, 9]",86.12,0.3894924552738666,7241.101356744766,10.63,6469.090000000021
589,"[25, 76, 48, 97, 90, 73, 10, 68, 40, 33]",80.86,0.5170684146881104,7254.681164979935,12.1,6481.190000000021
590,"[39, 71, 42, 55, 45, 34, 93, 75, 10, 47]",84.9,0.4247073005139827,7268.028057575226,11.71,6492.9000000000215
591,"[1, 46, 47, 95, 51, 99, 41, 68, 50, 54]",84.63,0.4251987601816654,7280.522936105728,11.19,6504.090000000021
592,"[42, 77, 74, 60, 94, 50, 10, 7, 1, 30]",82.46,0.4626345631480217,7293.189489126205,11.18,6515.270000000021
593,"[59, 90, 50, 14, 78, 96, 5, 84, 70, 89]",86.87,0.3653168876469135,7303.847050905228,8.94,6524.210000000021
594,"[86, 40, 49, 75, 99, 68, 43, 85, 92, 36]",83.14,0.4494865494966507,7315.903359174728,10.93,6535.140000000021
595,"[44, 0, 93, 42, 40, 22, 68, 37, 20, 61]",84.47,0.4207289588451385,7328.889134883881,11.29,6546.430000000021
596,"[54, 67, 96, 68, 26, 75, 43, 20, 60, 97]",84.62,0.4262074898183345,7341.357856035232,11.13,6557.560000000021
597,"[1, 90, 26, 91, 85, 84, 32, 89, 7, 95]",85.81,0.4033333897590637,7353.92619729042,11.13,6568.690000000021
598,"[77, 19, 61, 6, 31, 52, 5, 73, 42, 71]",75.85,0.6933817127346993,7366.872309207916,11.29,6579.980000000021
599,"[9, 21, 37, 84, 10, 11, 53, 76, 47, 64]",84.05,0.4419686411321163,7379.85582780838,11.38,6591.3600000000215
600,"[50, 39, 49, 70, 79, 15, 32, 60, 26, 75]",85.28,0.4122859953343868,7392.341424703598,11.13,6602.490000000022
601,"[66, 91, 48, 18, 36, 4, 75, 23, 67, 52]",84.87,0.4219494484364986,7405.663502693176,12.1,6614.590000000022
602,"[27, 97, 96, 80, 52, 95, 71, 9, 51, 48]",86.27,0.3846977952122688,7419.305094957352,12.1,6626.690000000022
603,"[82, 13, 48, 59, 25, 69, 9, 98, 15, 55]",83.49,0.452744203209877,7432.626682758331,12.1,6638.790000000023
604,"[12, 76, 31, 83, 1, 96, 74, 58, 42, 51]",80.54,0.5384241250157357,7445.45915222168,11.18,6649.970000000023
605,"[87, 23, 74, 97, 70, 12, 73, 42, 39, 27]",83.34,0.4474409133195877,7458.258998394012,11.18,6661.150000000023
606,"[57, 8, 2, 11, 41, 90, 51, 64, 28, 26]",83.37,0.4702766393125057,7471.151188373566,11.38,6672.530000000023
607,"[95, 30, 62, 80, 77, 87, 92, 56, 33, 5]",83.29,0.4607506704330444,7483.898880243301,11.1,6683.630000000024
608,"[68, 51, 53, 99, 43, 87, 89, 55, 77, 48]",85.68,0.3990583558380604,7497.667205572128,12.1,6695.730000000024
609,"[31, 84, 98, 87, 91, 41, 32, 30, 10, 73]",84.17,0.4312713055312633,7510.375162363052,11.19,6706.920000000024
610,"[63, 21, 89, 99, 34, 39, 54, 47, 26, 1]",85.11,0.4161180366575718,7522.79899597168,11.13,6718.050000000024
611,"[56, 52, 82, 15, 85, 84, 75, 79, 6, 94]",84.77,0.4196627154946327,7535.290329694748,11.1,6729.150000000024
612,"[74, 3, 45, 51, 64, 1, 31, 76, 8, 30]",84.95,0.4128106315433979,7548.263817071915,11.71,6740.860000000024
613,"[92, 2, 84, 71, 97, 61, 47, 89, 74, 77]",83.65,0.4492191536724567,7561.174020767212,11.29,6752.150000000024
614,"[68, 85, 58, 96, 40, 41, 30, 24, 78, 50]",86.0,0.3910488851368427,7573.501510381699,11.19,6763.340000000024
615,"[68, 97, 9, 33, 46, 89, 70, 5, 55, 13]",86.38,0.3835814519226551,7583.582397699356,8.94,6772.280000000023
616,"[83, 63, 31, 84, 46, 37, 93, 7, 43, 51]",83.78,0.4511810573935508,7592.651047229767,7.7,6779.980000000023
617,"[26, 36, 86, 50, 33, 24, 59, 97, 28, 58]",84.03,0.4283314256370067,7605.102363109589,11.34,6791.320000000023
618,"[52, 48, 57, 75, 5, 10, 95, 97, 27, 82]",83.58,0.4349563923478126,7618.555542469025,12.1,6803.420000000024
619,"[95, 31, 5, 46, 24, 37, 50, 33, 44, 63]",83.75,0.441275827884674,7627.128233671188,7.3,6810.720000000024
620,"[16, 70, 37, 91, 69, 98, 86, 89, 36, 68]",85.42,0.3989419147372245,7637.236317396164,8.94,6819.6600000000235
621,"[69, 70, 61, 95, 65, 92, 53, 39, 74, 78]",85.4,0.411385091394186,7649.930077075958,11.29,6830.9500000000235
622,"[44, 10, 50, 27, 15, 34, 14, 91, 88, 16]",84.44,0.425140922665596,7660.165624141693,8.7,6839.650000000023
623,"[10, 67, 31, 19, 41, 87, 48, 94, 7, 32]",85.84,0.3971113413572311,7673.261610269546,12.1,6851.750000000024
624,"[84, 49, 67, 81, 2, 28, 59, 51, 92, 75]",85.32,0.4165153454244137,7685.222794294357,11.34,6863.090000000024
625,"[73, 12, 78, 69, 48, 31, 21, 25, 47, 58]",82.08,0.4936483231186866,7698.880619287491,12.1,6875.190000000024
626,"[68, 90, 15, 73, 63, 53, 35, 23, 47, 19]",85.73,0.3907012817263603,7710.949718236923,10.86,6886.050000000024
627,"[35, 97, 70, 48, 34, 84, 59, 74, 65, 22]",83.19,0.4844061648845673,7724.444145679474,12.1,6898.150000000024
628,"[18, 88, 42, 46, 69, 17, 56, 55, 99, 51]",83.77,0.4475415274500847,7736.892570972443,11.18,6909.3300000000245
629,"[53, 61, 54, 30, 72, 79, 9, 33, 84, 68]",80.53,0.5778052693605423,7749.355054855347,11.29,6920.620000000024
630,"[60, 4, 54, 27, 22, 21, 39, 16, 97, 63]",85.99,0.3843196442723274,7758.215146780014,7.72,6928.340000000025
631,"[33, 8, 22, 65, 99, 72, 83, 25, 54, 37]",79.38,0.5587945958971977,7769.575391769409,10.78,6939.120000000024
632,"[94, 21, 97, 80, 71, 47, 74, 27, 89, 82]",86.88,0.3668887014687061,7781.92276263237,11.09,6950.210000000025
633,"[64, 79, 17, 85, 52, 7, 88, 77, 11, 93]",84.91,0.4196861292421818,7795.090814113617,11.38,6961.590000000025
634,"[14, 54, 82, 57, 39, 91, 69, 40, 61, 88]",86.25,0.3905497433245182,7807.540277004242,11.29,6972.880000000025
635,"[81, 99, 17, 1, 78, 89, 68, 87, 80, 53]",86.69,0.3767555652558803,7818.429622173309,10.04,6982.920000000025
636,"[95, 79, 0, 78, 24, 21, 15, 39, 46, 14]",84.99,0.4283992658555507,7829.956969499588,10.63,6993.550000000025
637,"[81, 37, 7, 69, 50, 44, 80, 78, 13, 34]",83.99,0.4459752658009529,7841.03092622757,10.04,7003.590000000025
638,"[57, 88, 34, 39, 33, 18, 35, 74, 70, 16]",85.85,0.393871443271637,7851.060886859894,8.94,7012.530000000024
639,"[1, 0, 48, 2, 62, 18, 73, 59, 38, 68]",83.31,0.4440126821398735,7864.468768358231,12.1,7024.630000000025
640,"[1, 70, 25, 38, 74, 27, 43, 86, 52, 49]",82.46,0.46918791025877,7877.118459701538,10.58,7035.210000000025
641,"[32, 75, 80, 15, 51, 42, 37, 99, 92, 98]",78.79,0.5880693140625953,7889.367500782013,11.18,7046.390000000025
642,"[12, 97, 80, 73, 99, 41, 39, 14, 98, 40]",79.95,0.555792136490345,7902.133770704269,11.19,7057.5800000000245
643,"[30, 39, 23, 84, 2, 57, 13, 24, 36, 15]",84.29,0.4349812386929989,7912.52100276947,9.18,7066.760000000025
644,"[10, 76, 74, 21, 36, 94, 80, 82, 44, 63]",84.04,0.4400973358750343,7923.484219551086,10.04,7076.800000000025
645,"[59, 66, 43, 96, 2, 67, 79, 35, 32, 23]",84.59,0.4268940266966819,7935.297814846039,10.63,7087.430000000025
646,"[10, 83, 39, 67, 92, 12, 71, 3, 95, 82]",86.43,0.3824970087409019,7947.555264234543,11.09,7098.520000000025
647,"[19, 74, 1, 11, 5, 77, 47, 63, 35, 12]",83.25,0.4587942498922348,7959.926138162613,10.86,7109.380000000025
648,"[10, 26, 44, 97, 21, 6, 85, 65, 91, 9]",86.03,0.3954633305966854,7972.465225219727,11.13,7120.510000000025
649,"[52, 94, 66, 18, 75, 21, 29, 71, 14, 50]",83.94,0.4611162841320038,7984.626353025436,11.09,7131.600000000025
650,"[65, 75, 41, 62, 77, 80, 44, 60, 33, 57]",80.95,0.5332415661215782,7997.204414367676,11.19,7142.7900000000245
651,"[22, 65, 46, 19, 24, 8, 56, 7, 85, 95]",85.71,0.4058854086697102,8009.495308637619,11.1,7153.890000000025
652,"[64, 2, 37, 39, 51, 25, 12, 34, 80, 90]",76.4,0.703065563738346,8022.615766048431,11.38,7165.270000000025
653,"[29, 44, 36, 71, 1, 62, 0, 98, 53, 67]",84.91,0.4596754494309425,8034.956726789474,11.09,7176.360000000025
654,"[15, 95, 14, 65, 5, 44, 59, 39, 28, 57]",81.27,0.5079794251918792,8046.954785346985,11.34,7187.700000000025
655,"[74, 11, 35, 47, 80, 92, 46, 62, 59, 12]",86.78,0.3691081063449383,8059.232143163681,10.86,7198.560000000025
656,"[70, 4, 7, 84, 25, 47, 3, 99, 27, 82]",86.23,0.3760557655990124,8071.452719926834,10.86,7209.420000000025
657,"[99, 93, 25, 27, 31, 17, 83, 38, 71, 42]",86.06,0.3870854724943637,8084.856158256531,11.18,7220.600000000025
658,"[32, 50, 9, 49, 45, 3, 72, 4, 99, 15]",82.97,0.4630705180764198,8097.595727682114,11.71,7232.310000000025
659,"[5, 39, 10, 90, 87, 64, 18, 23, 24, 25]",85.47,0.4000926250219345,8110.383211374283,11.38,7243.690000000025
660,"[13, 1, 89, 28, 50, 48, 27, 85, 84, 8]",85.42,0.4020269492268562,8123.881396770477,12.1,7255.790000000025
661,"[98, 17, 0, 57, 82, 89, 95, 4, 3, 49]",84.76,0.4231389145553112,8135.730307340622,10.58,7266.370000000025
662,"[36, 27, 62, 69, 61, 83, 32, 70, 46, 34]",84.0,0.4450120805203915,8148.504818439484,11.29,7277.660000000025
663,"[42, 48, 25, 45, 81, 72, 4, 70, 0, 88]",82.0,0.5053222966194153,8161.781897783279,12.1,7289.760000000026
664,"[14, 55, 50, 92, 60, 58, 79, 40, 83, 4]",85.37,0.4197360891103744,8174.057208299637,10.93,7300.690000000026
665,"[35, 49, 42, 52, 4, 10, 62, 46, 82, 69]",84.01,0.4348443558812141,8186.353947639465,11.18,7311.870000000026
666,"[92, 2, 64, 0, 19, 1, 75, 32, 78, 23]",86.06,0.3929719030857086,8199.130769252777,11.38,7323.250000000026
667,"[3, 13, 68, 81, 73, 57, 39, 74, 45, 70]",85.5,0.406388060003519,8211.90234541893,11.71,7334.960000000026
668,"[68, 64, 9, 55, 43, 59, 72, 8, 75, 56]",85.4,0.4115263015031815,8224.646640777588,11.38,7346.3400000000265
669,"[69, 90, 22, 52, 73, 51, 54, 36, 64, 79]",83.65,0.4462683632969856,8237.411537647247,11.38,7357.720000000027
670,"[42, 84, 86, 60, 68, 52, 58, 93, 74, 81]",83.71,0.4689886072278023,8249.898713350296,11.18,7368.900000000027
671,"[34, 94, 43, 80, 95, 35, 56, 57, 62, 66]",85.51,0.3986095459759235,8262.29595708847,11.1,7380.000000000027
672,"[87, 63, 84, 51, 50, 77, 48, 73, 69, 17]",83.02,0.4630788287520408,8276.413418293,12.1,7392.100000000028
673,"[78, 60, 93, 48, 47, 42, 53, 14, 40, 75]",84.99,0.4397226765751839,8290.223738193512,12.1,7404.200000000028
674,"[74, 63, 50, 84, 62, 88, 38, 73, 82, 17]",86.14,0.3822212453186512,8302.393732309341,10.55,7414.750000000028
675,"[97, 16, 83, 43, 90, 66, 28, 87, 82, 77]",86.54,0.3779962646961212,8314.356870412827,11.34,7426.090000000028
676,"[50, 69, 80, 91, 1, 84, 31, 57, 37, 94]",79.45,0.5862526285648346,8325.569558858871,10.04,7436.130000000028
677,"[21, 47, 55, 32, 38, 5, 2, 18, 72, 63]",84.99,0.4304581709206104,8337.6336312294,10.86,7446.990000000028
678,"[88, 22, 32, 16, 49, 45, 64, 77, 19, 31]",80.19,0.5508457255363465,8350.69289112091,11.71,7458.700000000028
679,"[72, 50, 40, 60, 42, 96, 0, 90, 84, 88]",85.2,0.4088300862908363,8363.394419908524,11.18,7469.880000000028
680,"[19, 99, 49, 61, 7, 1, 27, 76, 4, 31]",81.02,0.5137497809529304,8376.428249120712,11.29,7481.170000000028
681,"[96, 93, 28, 56, 63, 48, 35, 67, 11, 46]",86.34,0.3822914142906666,8389.89205121994,12.1,7493.270000000029
682,"[35, 3, 58, 31, 26, 12, 93, 78, 74, 48]",84.9,0.426743157505989,8403.714494466782,12.1,7505.370000000029
683,"[11, 79, 31, 24, 97, 2, 90, 59, 54, 55]",85.66,0.4059836055338383,8415.591017007828,10.63,7516.000000000029
684,"[61, 28, 95, 11, 68, 88, 26, 51, 96, 93]",85.01,0.4275064672529697,8428.360431432724,11.34,7527.340000000029
685,"[46, 27, 16, 52, 96, 13, 42, 65, 61, 26]",82.49,0.4873769475519657,8441.240658521652,11.29,7538.630000000029
686,"[0, 59, 31, 36, 94, 44, 23, 30, 63, 70]",84.91,0.4439995285868645,8451.791703224182,9.23,7547.860000000029
687,"[87, 72, 55, 92, 54, 0, 68, 2, 98, 91]",85.1,0.441228943914175,8463.154648303986,10.78,7558.6400000000285
688,"[86, 91, 27, 75, 99, 18, 24, 41, 72, 2]",84.98,0.4103607535362243,8475.629296064377,11.19,7569.830000000028
689,"[37, 91, 17, 94, 47, 92, 13, 18, 68, 31]",85.04,0.4155789624154568,8487.67851805687,10.86,7580.690000000028
690,"[6, 42, 51, 24, 35, 72, 10, 82, 12, 79]",81.44,0.5327782201766967,8500.09915804863,11.18,7591.870000000028
691,"[85, 72, 58, 37, 39, 82, 71, 4, 52, 77]",73.46,0.8506637424230575,8512.322170972824,11.09,7602.960000000028
692,"[74, 20, 64, 68, 91, 96, 23, 41, 2, 98]",85.33,0.4259994249045848,8524.93540763855,11.38,7614.340000000028
693,"[80, 70, 55, 21, 0, 2, 79, 57, 16, 34]",84.7,0.4390981096029281,8536.899040699005,10.63,7624.970000000028
694,"[53, 81, 28, 90, 62, 4, 94, 47, 59, 11]",85.74,0.4174395617842674,8548.775785923004,11.34,7636.310000000029
695,"[72, 12, 47, 38, 82, 75, 62, 20, 34, 58]",85.82,0.4068803231418132,8560.838351488113,10.86,7647.170000000028
696,"[1, 66, 51, 95, 9, 4, 26, 75, 16, 54]",86.43,0.3799525566399097,8573.458398580551,11.13,7658.300000000028
697,"[17, 71, 25, 36, 56, 99, 51, 28, 37, 20]",82.97,0.4788629095256329,8586.293783664703,11.34,7669.6400000000285
698,"[17, 56, 6, 86, 23, 97, 95, 70, 68, 50]",85.31,0.410339981764555,8598.742589473724,11.1,7680.740000000029
699,"[2, 53, 51, 22, 30, 75, 83, 86, 78, 57]",85.21,0.4409858675301075,8609.23913025856,9.18,7689.920000000029
700,"[38, 60, 81, 0, 73, 15, 56, 77, 28, 57]",81.64,0.4898365846276283,8621.857310533524,11.34,7701.260000000029
701,"[59, 0, 95, 40, 6, 73, 11, 53, 92, 33]",85.88,0.3887007367610931,8634.23348903656,10.93,7712.19000000003
702,"[27, 83, 64, 45, 60, 75, 61, 23, 40, 5]",84.75,0.4195155082643032,8647.579691648483,11.71,7723.90000000003
703,"[81, 26, 78, 30, 31, 43, 90, 17, 15, 71]",85.31,0.4257430900633335,8660.5547580719,11.13,7735.03000000003
704,"[16, 67, 93, 28, 46, 17, 43, 94, 96, 1]",85.85,0.400748233795166,8672.5288875103,11.34,7746.37000000003
705,"[34, 2, 28, 55, 94, 52, 39, 98, 83, 73]",87.03,0.3686440692842007,8684.416429519653,11.34,7757.71000000003
706,"[14, 42, 53, 48, 59, 34, 63, 85, 7, 72]",85.61,0.4044853281974792,8697.577356815338,12.1,7769.81000000003
707,"[52, 72, 10, 85, 36, 31, 56, 67, 34, 65]",86.88,0.3718262778222561,8709.769317626953,11.1,7780.910000000031
708,"[52, 39, 95, 22, 64, 20, 99, 54, 91, 7]",86.47,0.3783331976830959,8722.218679904938,11.38,7792.290000000031
709,"[34, 20, 54, 66, 42, 39, 46, 26, 81, 78]",82.73,0.4816741746664047,8734.82113623619,11.18,7803.470000000031
710,"[27, 56, 2, 1, 33, 46, 70, 69, 34, 78]",87.23,0.3624906416237354,8747.576967477798,11.1,7814.5700000000315
711,"[84, 22, 26, 48, 21, 95, 86, 31, 80, 24]",85.88,0.3950222600996494,8761.12357711792,12.1,7826.670000000032
712,"[41, 72, 9, 36, 95, 29, 82, 19, 3, 51]",86.33,0.3752332009375095,8773.620200395584,11.19,7837.8600000000315
713,"[42, 16, 41, 74, 5, 85, 46, 37, 15, 92]",77.08,0.6292826151847839,8786.24261713028,11.19,7849.050000000031
714,"[46, 77, 37, 56, 48, 19, 34, 7, 50, 61]",78.75,0.5859009313583374,8800.01229429245,12.1,7861.1500000000315
715,"[3, 61, 97, 83, 99, 76, 54, 92, 35, 81]",83.64,0.4555249008536339,8812.779484033585,11.29,7872.440000000031
716,"[78, 76, 61, 39, 15, 42, 77, 93, 22, 88]",81.77,0.5115520018339157,8825.868347167969,11.29,7883.730000000031
717,"[65, 48, 8, 31, 54, 58, 32, 37, 74, 36]",81.06,0.5199991372227669,8839.347559452057,12.1,7895.830000000032
718,"[1, 11, 58, 71, 26, 86, 30, 96, 65, 61]",85.88,0.3985839343070984,8852.127418994904,11.29,7907.120000000032
719,"[6, 2, 50, 65, 89, 17, 97, 93, 84, 47]",84.51,0.4357949915528297,8864.527165412903,10.86,7917.980000000031
720,"[74, 88, 16, 38, 52, 5, 91, 18, 19, 62]",83.98,0.4335568524897099,8876.004144906998,10.11,7928.090000000031
721,"[7, 21, 51, 24, 55, 65, 66, 91, 19, 20]",84.06,0.4553304706513881,8886.897137403488,9.94,7938.030000000031
722,"[20, 76, 24, 18, 9, 31, 53, 39, 80, 11]",85.21,0.4028460805118083,8897.981759548187,10.04,7948.070000000031
723,"[70, 90, 4, 85, 34, 10, 32, 21, 88, 45]",84.83,0.4298615458607673,8910.828049659729,11.71,7959.780000000031
724,"[52, 6, 14, 82, 73, 11, 81, 26, 67, 12]",80.51,0.5476139956712722,8923.186750411987,11.13,7970.910000000031
725,"[43, 94, 81, 36, 76, 83, 98, 25, 4, 30]",86.8,0.373873731046915,8933.656427145004,9.18,7980.090000000031
726,"[63, 57, 66, 74, 59, 37, 44, 25, 5, 13]",82.49,0.4913954064249992,8944.124725103378,9.03,7989.120000000031
727,"[8, 70, 1, 41, 99, 85, 67, 48, 55, 68]",86.82,0.3669561390578746,8957.517309904099,12.1,8001.220000000031
728,"[95, 83, 56, 71, 55, 30, 2, 5, 72, 7]",86.47,0.3815779623389244,8970.194863319397,11.1,8012.3200000000315
729,"[20, 30, 43, 49, 15, 36, 9, 37, 68, 22]",84.27,0.4271772630512714,8982.262471675873,10.58,8022.9000000000315
730,"[44, 9, 55, 74, 33, 90, 18, 15, 4, 62]",85.06,0.4166862159967422,8991.024475336075,7.56,8030.460000000032
731,"[45, 10, 75, 15, 82, 71, 81, 23, 58, 96]",85.03,0.4159593860805035,9003.784803390503,11.71,8042.170000000032
732,"[12, 18, 97, 46, 95, 53, 3, 93, 87, 39]",85.85,0.3962158031761646,9015.35003376007,10.1,8052.270000000032
733,"[32, 66, 65, 8, 37, 5, 20, 97, 73, 67]",82.41,0.490657297372818,9027.171258926392,10.55,8062.820000000032
734,"[72, 40, 53, 25, 24, 55, 58, 71, 13, 98]",85.08,0.4136204281449318,9039.5071914196,11.09,8073.910000000033
735,"[74, 13, 14, 77, 46, 15, 88, 90, 28, 63]",83.4,0.4492484703660011,9051.480326414108,11.34,8085.250000000033
736,"[98, 0, 15, 35, 79, 58, 94, 61, 42, 81]",85.78,0.4006768502295017,9063.92869925499,11.29,8096.540000000033
737,"[81, 45, 86, 74, 61, 48, 38, 66, 5, 99]",83.95,0.4354924380779266,9077.328018188477,12.1,8108.640000000033
738,"[4, 51, 99, 10, 73, 0, 71, 84, 13, 46]",86.27,0.3816940797865391,9089.475721120834,11.09,8119.730000000033
739,"[57, 52, 39, 36, 0, 65, 49, 15, 24, 32]",84.28,0.4195260047912598,9101.0522108078,10.58,8130.310000000033
740,"[49, 85, 37, 50, 46, 3, 95, 90, 68, 26]",84.55,0.4215256571769714,9113.520792007446,11.13,8141.440000000033
741,"[9, 97, 75, 35, 43, 49, 92, 39, 93, 2]",85.23,0.4158993437886238,9125.56504034996,10.58,8152.020000000033
742,"[72, 16, 36, 55, 41, 64, 54, 76, 79, 49]",85.8,0.3862790827453136,9138.248294591904,11.38,8163.400000000033
743,"[0, 36, 35, 83, 40, 67, 26, 31, 22, 88]",83.55,0.4603909575939178,9150.619820356367,11.13,8174.530000000033
744,"[82, 50, 25, 5, 35, 72, 92, 33, 65, 66]",83.68,0.4487828007340431,9161.98920416832,10.78,8185.310000000033
745,"[70, 21, 58, 8, 28, 90, 0, 81, 11, 45]",82.7,0.5107064390182495,9174.982092380524,11.71,8197.020000000033
746,"[32, 73, 45, 59, 20, 4, 64, 88, 36, 80]",84.41,0.4260592350363731,9187.890746831894,11.71,8208.730000000032
747,"[14, 33, 99, 17, 52, 43, 88, 87, 84, 1]",86.38,0.3906277380883693,9199.427840709686,10.11,8218.840000000033
748,"[58, 94, 11, 22, 82, 66, 83, 28, 98, 79]",84.67,0.4491609346866607,9211.426417350767,11.34,8230.180000000033
749,"[94, 68, 46, 75, 19, 73, 72, 39, 4, 8]",83.38,0.4568196719884872,9222.992148637772,10.78,8240.960000000034
750,"[8, 79, 24, 28, 77, 32, 70, 25, 3, 52]",84.23,0.432732612490654,9235.05590581894,11.34,8252.300000000034
751,"[84, 35, 55, 37, 18, 90, 49, 65, 87, 66]",84.67,0.4333964827656746,9247.438382863998,10.58,8262.880000000034
752,"[2, 74, 47, 1, 71, 8, 87, 43, 70, 54]",85.47,0.4346714156866074,9260.205308437347,11.09,8273.970000000034
753,"[31, 86, 4, 43, 39, 3, 89, 12, 2, 80]",83.7,0.4599668955802917,9271.655598402023,10.1,8284.070000000034
754,"[45, 71, 82, 21, 36, 17, 78, 29, 72, 60]",83.5,0.5243452727794647,9284.82292509079,11.71,8295.780000000033
755,"[86, 1, 94, 56, 71, 21, 83, 75, 77, 41]",85.54,0.4020550076663494,9297.485292434692,11.19,8306.970000000034
756,"[67, 37, 4, 91, 13, 58, 60, 75, 92, 27]",86.73,0.3658041340112686,9307.967898845673,8.96,8315.930000000033
757,"[3, 19, 23, 70, 1, 29, 93, 30, 51, 25]",84.27,0.4577960568666458,9319.640219449995,10.1,8326.030000000033
758,"[67, 36, 35, 68, 49, 1, 17, 80, 54, 58]",85.72,0.4030012056231499,9331.81715130806,10.58,8336.610000000033
759,"[18, 94, 16, 0, 97, 2, 93, 73, 34, 31]",84.58,0.4432344168424606,9343.486892938614,10.55,8347.160000000033
760,"[34, 59, 16, 70, 78, 75, 95, 48, 83, 76]",87.06,0.3668303951621056,9357.252564430237,12.1,8359.260000000033
761,"[97, 75, 38, 21, 31, 92, 98, 86, 13, 55]",86.21,0.3878914795815945,9367.737677574158,8.96,8368.220000000032
762,"[68, 16, 45, 26, 55, 15, 38, 74, 90, 22]",85.1,0.4020638838410377,9380.97866654396,11.71,8379.930000000031
763,"[89, 96, 19, 52, 3, 25, 17, 12, 35, 83]",85.77,0.3983259889483452,9392.832541942596,10.11,8390.040000000032
764,"[53, 30, 24, 75, 67, 4, 50, 77, 40, 3]",86.16,0.3839306890964508,9405.218178033829,10.93,8400.970000000032
765,"[1, 30, 47, 24, 54, 96, 81, 43, 97, 71]",86.92,0.3772905196249485,9417.634100437164,11.09,8412.060000000032
766,"[95, 74, 46, 90, 63, 85, 4, 30, 92, 50]",85.43,0.4257714349031448,9428.173654794691,9.18,8421.240000000033
767,"[66, 44, 19, 12, 7, 58, 54, 49, 28, 14]",85.32,0.4081058736145496,9440.06818652153,11.34,8432.580000000033
768,"[46, 38, 90, 88, 0, 2, 8, 4, 78, 21]",86.6,0.3776423291862011,9450.848032712936,9.23,8441.810000000032
769,"[9, 10, 58, 5, 20, 45, 40, 22, 37, 25]",84.06,0.4354185999929905,9463.987988233566,11.71,8453.520000000031
770,"[25, 28, 41, 23, 22, 94, 72, 3, 30, 4]",80.17,0.5700004142522812,9476.296447515488,11.34,8464.860000000032
771,"[74, 54, 60, 34, 35, 13, 52, 14, 38, 78]",86.48,0.3759681129455566,9487.662538051603,10.11,8474.970000000032
772,"[31, 71, 87, 4, 30, 52, 67, 55, 12, 73]",83.98,0.4410655522346496,9500.263903856276,11.09,8486.060000000032
773,"[1, 7, 78, 15, 84, 69, 92, 70, 44, 0]",86.82,0.3650896166265011,9511.15511417389,9.23,8495.290000000032
774,"[89, 17, 68, 93, 21, 57, 65, 39, 18, 45]",82.94,0.498488521873951,9523.932700157166,11.71,8507.000000000031
775,"[71, 50, 54, 96, 1, 81, 68, 3, 82, 61]",86.79,0.3651556816697121,9536.72241973877,11.29,8518.290000000032
776,"[70, 84, 65, 18, 20, 57, 79, 24, 61, 99]",87.64,0.3514922042191029,9549.304628610613,11.29,8529.580000000033
777,"[15, 58, 63, 37, 60, 95, 50, 89, 66, 44]",86.2,0.379680328965187,9559.952492237093,9.03,8538.610000000033
778,"[82, 68, 17, 22, 47, 96, 40, 54, 87, 74]",86.44,0.4008748060464859,9572.230187654495,10.93,8549.540000000034
779,"[14, 16, 17, 37, 49, 95, 64, 60, 73, 43]",83.75,0.4564937275648117,9585.804276704788,11.38,8560.920000000033
780,"[20, 6, 65, 59, 33, 85, 79, 11, 31, 72]",84.74,0.4263704189658165,9597.37498307228,10.78,8571.700000000033
781,"[57, 69, 84, 80, 88, 42, 72, 74, 9, 23]",80.14,0.5811181089282036,9609.662244081495,11.18,8582.880000000034
782,"[8, 13, 67, 59, 90, 53, 31, 52, 89, 75]",86.75,0.3757356576621532,9621.201405286787,10.11,8592.990000000034
783,"[51, 66, 14, 35, 18, 10, 15, 74, 91, 67]",85.9,0.4068429726362228,9631.21429657936,9.03,8602.020000000035
784,"[28, 10, 35, 59, 3, 23, 67, 74, 88, 15]",86.36,0.3910454115271568,9643.155267477036,11.34,8613.360000000035
785,"[49, 22, 46, 18, 87, 99, 37, 80, 45, 20]",84.0,0.4451929219067096,9656.220301628113,11.71,8625.070000000034
786,"[42, 31, 83, 33, 0, 12, 86, 14, 38, 66]",86.44,0.3803979863226414,9668.76982140541,11.18,8636.250000000035
787,"[34, 9, 99, 76, 51, 72, 47, 77, 94, 68]",82.04,0.4921375846862793,9680.718962192535,10.86,8647.110000000035
788,"[99, 53, 97, 32, 79, 65, 71, 74, 40, 88]",86.41,0.3790903523564338,9692.95036625862,11.09,8658.200000000035
789,"[85, 11, 10, 20, 36, 99, 8, 16, 48, 97]",84.6,0.4165663503110409,9706.186100006104,12.1,8670.300000000036
790,"[97, 64, 83, 54, 71, 29, 39, 93, 40, 49]",86.76,0.383955887556076,9718.89303445816,11.38,8681.680000000035
791,"[21, 83, 96, 16, 20, 50, 70, 87, 6, 8]",86.08,0.4010620415210724,9729.161174058914,8.94,8690.620000000035
792,"[75, 84, 68, 88, 41, 43, 58, 92, 36, 57]",86.39,0.3883940666913986,9741.552470207214,11.19,8701.810000000036
793,"[27, 36, 43, 22, 39, 75, 53, 86, 25, 48]",86.48,0.3736716552078724,9755.438141822817,12.1,8713.910000000036
794,"[12, 82, 65, 98, 47, 1, 69, 2, 87, 92]",86.33,0.3960634925961494,9767.264834880829,10.86,8724.770000000037
795,"[0, 93, 5, 48, 38, 83, 20, 91, 43, 81]",87.26,0.3683696399629116,9780.841879844666,12.1,8736.870000000037
796,"[35, 43, 5, 15, 53, 9, 96, 26, 57, 22]",85.71,0.4013539914786815,9793.4580848217,11.13,8748.000000000036
797,"[48, 64, 21, 32, 52, 61, 67, 4, 89, 80]",83.52,0.4522085860371589,9806.692088127136,12.1,8760.100000000037
798,"[65, 52, 47, 96, 32, 39, 57, 26, 88, 27]",83.08,0.4735807347297668,9819.413140058516,11.13,8771.230000000036
799,"[51, 41, 63, 76, 36, 1, 80, 54, 37, 39]",78.58,0.6192786094546318,9832.255115270616,11.19,8782.420000000036
800,"[93, 62, 2, 21, 89, 97, 35, 73, 32, 30]",83.43,0.4622724808752537,9843.997946500778,10.55,8792.970000000036
801,"[31, 86, 20, 23, 73, 95, 97, 9, 79, 71]",84.48,0.4307485741376877,9856.319058656693,11.09,8804.060000000036
802,"[46, 0, 22, 57, 18, 31, 43, 45, 87, 69]",85.0,0.4277844592928886,9869.152856349943,11.71,8815.770000000035
803,"[27, 79, 52, 97, 57, 56, 91, 29, 63, 76]",84.94,0.4083244389295578,9881.640074253082,11.1,8826.870000000035
804,"[99, 4, 44, 27, 90, 6, 21, 74, 14, 10]",82.59,0.4737468951940536,9891.721862792969,8.7,8835.570000000036
805,"[74, 37, 3, 55, 56, 21, 29, 70, 78, 94]",86.99,0.3601094610989094,9904.249699831007,11.1,8846.670000000036
806,"[51, 54, 65, 0, 68, 41, 63, 49, 33, 18]",86.8,0.3625834798812866,9916.326240062714,11.19,8857.860000000037
807,"[59, 29, 52, 57, 95, 24, 43, 80, 75, 78]",86.78,0.3760596036911011,9927.838645219805,10.11,8867.970000000038
808,"[10, 21, 43, 45, 91, 20, 29, 39, 4, 59]",87.05,0.3797506390511989,9940.391630887983,11.71,8879.680000000037
809,"[81, 30, 5, 40, 61, 31, 27, 37, 36, 68]",84.51,0.4240033474564552,9953.22277212143,11.29,8890.970000000038
810,"[90, 45, 96, 76, 43, 62, 29, 80, 9, 86]",86.19,0.3788420456647873,9966.26551413536,11.71,8902.680000000037
811,"[90, 69, 93, 56, 75, 95, 1, 44, 61, 8]",87.26,0.3629775667190552,9979.315454244614,11.29,8913.970000000038
812,"[35, 72, 64, 67, 81, 20, 48, 69, 56, 24]",86.31,0.391433080881834,9992.668998003006,12.1,8926.070000000038
813,"[49, 16, 26, 96, 91, 17, 38, 87, 88, 4]",87.48,0.3584567181766033,10005.337799310684,11.13,8937.200000000037
814,"[75, 80, 7, 41, 57, 22, 97, 1, 87, 17]",85.88,0.4061379674077034,10018.131563663484,11.19,8948.390000000038
815,"[87, 40, 88, 79, 55, 28, 73, 0, 26, 74]",86.05,0.3986552911996841,10030.677270889282,11.34,8959.730000000038
816,"[96, 30, 56, 60, 8, 70, 32, 97, 78, 54]",86.83,0.3806882247328758,10043.22699522972,11.1,8970.830000000038
817,"[59, 30, 11, 1, 13, 18, 19, 28, 76, 32]",85.11,0.4149297580122947,10055.215049028397,11.34,8982.170000000038
818,"[22, 59, 40, 84, 1, 71, 5, 79, 66, 43]",85.32,0.4104694518446922,10067.78539800644,11.09,8993.260000000038
819,"[97, 73, 24, 13, 54, 16, 52, 11, 85, 87]",85.35,0.4074066764116287,10079.366615772247,10.55,9003.810000000038
820,"[5, 44, 97, 89, 55, 87, 66, 70, 54, 20]",84.93,0.4327174553275108,10089.922024965286,9.03,9012.840000000038
821,"[89, 61, 33, 77, 99, 91, 94, 0, 25, 39]",79.42,0.580208083987236,10102.58782863617,11.29,9024.13000000004
822,"[13, 57, 4, 67, 51, 0, 68, 43, 77, 15]",83.18,0.4659182451665401,10112.989316225052,9.23,9033.360000000039
823,"[55, 94, 48, 76, 41, 43, 84, 51, 99, 8]",84.83,0.4254493147134781,10126.548734903336,12.1,9045.46000000004
824,"[16, 26, 59, 98, 28, 83, 61, 38, 55, 53]",86.62,0.3832185816764831,10139.414172887802,11.34,9056.80000000004
825,"[18, 5, 72, 93, 0, 82, 79, 15, 65, 36]",85.88,0.4060244201123714,10151.329680919647,10.78,9067.58000000004
826,"[62, 61, 70, 24, 48, 19, 50, 30, 17, 63]",85.1,0.4338704293966293,10164.85066318512,12.1,9079.68000000004
827,"[60, 62, 17, 7, 86, 48, 82, 5, 50, 85]",86.58,0.384242457896471,10178.26608133316,12.1,9091.78000000004
828,"[11, 28, 98, 93, 32, 19, 9, 80, 74, 51]",82.85,0.5113095781207084,10190.262560606005,11.34,9103.12000000004
829,"[34, 1, 38, 60, 19, 81, 22, 16, 30, 52]",83.05,0.495447119474411,10201.704364061356,10.11,9113.230000000041
830,"[33, 97, 75, 58, 69, 14, 68, 7, 36, 20]",79.71,0.6895449492335319,10211.568887710571,8.7,9121.930000000042
831,"[11, 79, 38, 16, 43, 28, 48, 30, 33, 91]",87.05,0.3814850072562694,10224.94033575058,12.1,9134.030000000042
832,"[12, 38, 51, 76, 68, 44, 58, 92, 6, 35]",81.35,0.4995362105965614,10235.49703168869,8.96,9142.990000000042
833,"[52, 35, 99, 67, 38, 44, 32, 43, 6, 15]",84.46,0.4189821435511112,10246.91914153099,10.11,9153.100000000042
834,"[71, 61, 3, 9, 41, 36, 50, 24, 19, 62]",86.38,0.3820376788079738,10259.573362112043,11.29,9164.390000000043
835,"[63, 38, 99, 58, 50, 37, 73, 78, 72, 57]",80.12,0.5229598075151444,10271.232903718948,10.78,9175.170000000044
836,"[25, 83, 9, 28, 49, 1, 80, 62, 48, 69]",83.9,0.4407784588634967,10284.48842215538,12.1,9187.270000000044
837,"[78, 2, 83, 62, 0, 20, 11, 51, 7, 30]",84.16,0.4680179333686828,10294.971175909042,9.23,9196.500000000044
838,"[44, 50, 24, 33, 4, 25, 76, 84, 3, 34]",82.53,0.4814743199944496,10306.421679258348,10.1,9206.600000000044
839,"[46, 51, 63, 98, 32, 58, 9, 16, 67, 72]",85.87,0.3919832839071751,10317.843143224716,10.78,9217.380000000045
840,"[20, 7, 62, 44, 59, 30, 46, 98, 56, 88]",86.45,0.3926378534734249,10329.867862939836,11.1,9228.480000000045
841,"[30, 24, 18, 32, 33, 91, 17, 94, 57, 55]",83.74,0.4945062929391861,10340.647079467772,9.3,9237.780000000044
842,"[56, 72, 12, 34, 10, 19, 94, 86, 23, 58]",81.41,0.5261519604921341,10352.83366203308,11.1,9248.880000000045
843,"[26, 53, 95, 4, 97, 59, 3, 47, 36, 64]",84.72,0.4443164774775505,10365.605697631836,11.38,9260.260000000044
844,"[49, 29, 66, 75, 21, 74, 28, 89, 12, 63]",87.47,0.3488943825662136,10377.47695183754,11.34,9271.600000000044
845,"[99, 69, 93, 41, 9, 48, 44, 45, 31, 30]",85.15,0.4070799775421619,10391.04704594612,12.1,9283.700000000044
846,"[84, 50, 70, 14, 88, 17, 47, 42, 65, 77]",86.33,0.3801642027497292,10404.02044391632,11.18,9294.880000000045
847,"[81, 49, 42, 77, 59, 98, 48, 62, 55, 32]",80.0,0.5718387728929519,10417.181979179382,12.1,9306.980000000045
848,"[61, 91, 18, 53, 73, 37, 26, 60, 64, 39]",86.41,0.3754504399001598,10430.18326163292,11.38,9318.360000000044
849,"[44, 3, 58, 26, 72, 81, 23, 15, 93, 82]",85.62,0.4270247812569141,10442.753856897354,11.13,9329.490000000043
850,"[76, 35, 51, 50, 36, 46, 72, 8, 52, 85]",86.83,0.3683091902732849,10454.228529691696,10.78,9340.270000000044
851,"[62, 22, 49, 31, 69, 50, 14, 1, 86, 77]",83.14,0.4654960793256759,10466.392469882963,10.58,9350.850000000044
852,"[0, 49, 6, 86, 85, 88, 37, 59, 29, 64]",79.83,0.5772113084793091,10478.685982227324,11.38,9362.230000000043
853,"[78, 29, 23, 68, 84, 30, 4, 14, 44, 98]",84.86,0.4233709995448589,10489.237016439438,9.18,9371.410000000044
854,"[20, 18, 53, 65, 94, 36, 8, 78, 92, 68]",83.3,0.50374810308218,10499.503759622574,8.96,9380.370000000043
855,"[69, 31, 99, 92, 96, 23, 82, 28, 27, 6]",85.06,0.4105106338858604,10511.474690437317,11.34,9391.710000000043
856,"[71, 66, 9, 84, 98, 6, 12, 32, 24, 49]",80.27,0.5714473947882652,10523.533416748049,11.09,9402.800000000043
857,"[31, 94, 32, 49, 78, 54, 83, 27, 60, 5]",86.79,0.3680320629477501,10535.713953018188,10.58,9413.380000000043
858,"[2, 39, 23, 12, 28, 0, 63, 84, 68, 73]",82.38,0.5043856766819954,10547.69821214676,11.34,9424.720000000043
859,"[72, 48, 76, 83, 20, 73, 11, 69, 71, 30]",85.99,0.3909669609367847,10561.299441814424,12.1,9436.820000000043
860,"[39, 1, 2, 37, 13, 41, 49, 54, 0, 96]",81.89,0.5065304458141326,10574.077065944672,11.19,9448.010000000044
861,"[94, 78, 58, 37, 7, 38, 33, 25, 8, 14]",82.23,0.487100955992937,10584.348930120468,8.7,9456.710000000045
862,"[5, 64, 52, 79, 68, 89, 81, 21, 3, 2]",86.66,0.3697785913944244,10596.958596944807,11.38,9468.090000000044
863,"[65, 26, 56, 47, 75, 74, 85, 17, 50, 94]",86.5,0.385508080124855,10609.829674720764,11.13,9479.220000000043
864,"[6, 85, 49, 55, 12, 70, 81, 58, 92, 41]",83.49,0.4789594122767448,10622.37185382843,11.19,9490.410000000044
865,"[94, 99, 12, 88, 17, 43, 11, 65, 48, 44]",83.93,0.460728163421154,10636.134865283966,12.1,9502.510000000044
866,"[75, 93, 86, 82, 27, 36, 92, 98, 71, 61]",86.76,0.37709328815341,10649.132217884064,11.29,9513.800000000045
867,"[5, 61, 7, 91, 17, 55, 15, 80, 32, 3]",85.26,0.4204402041435242,10661.970853328705,11.29,9525.090000000046
868,"[62, 23, 70, 80, 72, 74, 99, 71, 98, 82]",85.84,0.4013188551366329,10674.13248181343,11.09,9536.180000000046
869,"[72, 82, 87, 89, 18, 8, 13, 1, 9, 80]",86.88,0.3844013692438602,10685.417995214462,10.78,9546.960000000046
870,"[86, 73, 38, 51, 13, 70, 94, 84, 56, 54]",85.07,0.4222973951697349,10697.778590679169,11.1,9558.060000000047
871,"[22, 45, 9, 12, 36, 75, 52, 68, 83, 19]",87.86,0.3404423826932907,10711.076179981232,11.71,9569.770000000046
872,"[96, 80, 95, 4, 7, 60, 44, 76, 97, 77]",81.66,0.5161927571892738,10722.24812412262,10.04,9579.810000000047
873,"[2, 4, 52, 91, 37, 87, 41, 77, 31, 8]",84.81,0.4258687226474285,10735.29219031334,11.19,9591.000000000047
874,"[38, 76, 30, 99, 87, 1, 71, 58, 74, 41]",84.94,0.4072896651923656,10747.8562002182,11.19,9602.190000000048
875,"[47, 56, 91, 34, 44, 19, 16, 42, 39, 76]",85.68,0.3941660633683204,10760.529857635498,11.18,9613.370000000048
876,"[47, 57, 59, 21, 84, 67, 70, 91, 56, 9]",85.61,0.4337325839698314,10772.811266422272,11.1,9624.470000000048
877,"[53, 39, 48, 2, 72, 89, 96, 3, 10, 23]",87.05,0.3652148403227329,10786.094629764557,12.1,9636.570000000049
878,"[16, 64, 82, 80, 81, 24, 61, 85, 7, 63]",85.99,0.3885237330198288,10798.623703479769,11.38,9647.950000000048
879,"[28, 12, 59, 73, 72, 88, 20, 49, 77, 15]",78.52,0.6471926033496856,10810.723706245422,11.34,9659.290000000048
880,"[56, 68, 78, 32, 57, 54, 9, 49, 92, 82]",83.8,0.4553291937708855,10822.77598977089,11.1,9670.390000000049
881,"[93, 16, 62, 4, 91, 63, 53, 70, 6, 36]",86.09,0.4012086296081543,10832.761955022812,8.94,9679.330000000049
882,"[71, 55, 81, 52, 12, 51, 50, 96, 68, 85]",84.59,0.426526750922203,10845.22888994217,11.09,9690.42000000005
883,"[96, 74, 5, 4, 36, 56, 69, 65, 0, 14]",83.83,0.4365099942684173,10857.52032661438,11.1,9701.52000000005
884,"[7, 32, 65, 91, 45, 48, 93, 46, 16, 66]",87.44,0.3686093910038471,10870.669439077376,12.1,9713.62000000005
885,"[43, 51, 39, 33, 42, 19, 73, 59, 11, 23]",85.22,0.4136503793299198,10883.033639669418,11.18,9724.80000000005
886,"[13, 45, 23, 9, 15, 90, 78, 70, 91, 30]",85.61,0.4310341677069664,10895.907644987106,11.71,9736.51000000005
887,"[66, 82, 60, 3, 1, 92, 43, 88, 76, 67]",87.21,0.3582309848070145,10907.485037088394,10.1,9746.61000000005
888,"[79, 72, 95, 40, 45, 26, 91, 73, 78, 66]",85.91,0.4019048854708671,10920.85304903984,11.71,9758.320000000049
889,"[51, 8, 36, 15, 29, 20, 85, 19, 83, 5]",83.98,0.448909303098917,10932.124439001083,9.94,9768.26000000005
890,"[31, 37, 39, 41, 26, 97, 47, 66, 67, 35]",86.47,0.3841237024962902,10945.504144191742,11.19,9779.45000000005
891,"[4, 14, 97, 19, 88, 69, 64, 8, 95, 2]",87.15,0.3589180824160576,10958.25523018837,11.38,9790.830000000049
892,"[83, 19, 18, 6, 24, 41, 28, 75, 43, 16]",87.85,0.3443592169880867,10970.724974393845,11.34,9802.17000000005
893,"[65, 81, 44, 22, 15, 46, 37, 40, 19, 92]",84.44,0.4415817376971245,10982.993127822876,10.93,9813.10000000005
894,"[64, 23, 1, 6, 9, 78, 68, 77, 81, 3]",83.83,0.4419449651241302,10995.77120923996,11.38,9824.480000000049
895,"[94, 71, 85, 11, 38, 2, 32, 68, 81, 76]",84.85,0.4120321594178676,11008.01531267166,11.09,9835.570000000049
896,"[4, 59, 61, 6, 33, 35, 31, 44, 83, 22]",83.33,0.4659393525123596,11020.926227808,11.29,9846.86000000005
897,"[66, 68, 53, 95, 4, 79, 89, 30, 71, 90]",87.86,0.3505109451711178,11033.212501764296,11.09,9857.95000000005
898,"[78, 92, 79, 40, 11, 99, 85, 22, 91, 12]",87.53,0.3521722754836082,11045.5914580822,10.93,9868.88000000005
899,"[98, 65, 30, 84, 23, 33, 1, 18, 58, 76]",82.04,0.5040089094638824,11056.151643753052,9.18,9878.06000000005
900,"[87, 59, 33, 25, 51, 39, 63, 75, 10, 2]",86.45,0.3864290253818035,11065.318417549131,7.91,9885.97000000005
901,"[91, 98, 66, 71, 81, 65, 2, 35, 99, 23]",86.34,0.4050839173793792,11077.384985685349,11.09,9897.06000000005
902,"[44, 75, 63, 57, 29, 85, 20, 96, 28, 17]",85.62,0.4516731065511703,11089.38556098938,11.34,9908.40000000005
903,"[1, 24, 32, 56, 86, 91, 0, 28, 55, 43]",88.0,0.3514267207682133,11101.76020860672,11.34,9919.74000000005
904,"[42, 65, 72, 94, 59, 5, 1, 81, 32, 15]",80.62,0.5536241313815117,11114.0200381279,11.18,9930.920000000051
905,"[24, 36, 41, 28, 80, 13, 49, 23, 44, 68]",85.8,0.3922115881741047,11126.48966884613,11.34,9942.260000000051
906,"[7, 68, 24, 35, 90, 99, 61, 80, 71, 67]",84.58,0.4298971745371818,11139.03794145584,11.29,9953.550000000052
907,"[86, 36, 52, 98, 53, 76, 96, 17, 49, 7]",86.04,0.3934191323816776,11151.3186480999,10.58,9964.130000000052
908,"[47, 65, 0, 70, 17, 34, 53, 80, 91, 40]",84.67,0.5046851082146168,11163.995698690414,10.93,9975.060000000052
909,"[3, 35, 83, 69, 68, 52, 49, 75, 85, 46]",86.49,0.3936380991339683,11175.947442770004,10.58,9985.640000000052
910,"[13, 43, 63, 20, 42, 22, 80, 9, 39, 91]",87.99,0.3453224462270736,11188.101729154589,11.18,9996.820000000052
911,"[8, 5, 0, 11, 67, 29, 41, 69, 79, 18]",86.41,0.3849286131560802,11200.791361808777,11.19,10008.010000000053
912,"[27, 74, 39, 43, 64, 93, 90, 79, 83, 89]",85.57,0.4183859619498253,11213.745349407196,11.38,10019.390000000052
913,"[78, 13, 95, 98, 28, 77, 82, 1, 54, 68]",85.23,0.4071300053596496,11225.611011266708,11.34,10030.730000000052
914,"[20, 14, 13, 91, 64, 8, 66, 47, 55, 84]",86.28,0.4106459854543209,11238.27555155754,11.38,10042.110000000052
915,"[34, 14, 75, 39, 23, 15, 67, 89, 64, 77]",85.19,0.4180582673847675,11250.744239807129,11.38,10053.49000000005
916,"[56, 22, 47, 1, 32, 74, 3, 34, 48, 17]",87.33,0.3745503167808056,11264.22642159462,12.1,10065.590000000051
917,"[64, 37, 19, 7, 26, 85, 27, 40, 33, 56]",87.1,0.3612451487779617,11277.293054819109,11.38,10076.97000000005
918,"[28, 10, 68, 88, 52, 86, 27, 58, 35, 29]",85.55,0.4083949074149132,11289.174890995026,11.34,10088.31000000005
919,"[75, 18, 45, 90, 16, 70, 49, 6, 34, 83]",85.71,0.4026133120059967,11302.440629959106,11.71,10100.02000000005
920,"[32, 91, 36, 72, 74, 8, 21, 65, 92, 35]",84.47,0.457091813981533,11313.803806781769,10.78,10110.80000000005
921,"[51, 87, 66, 74, 55, 94, 83, 44, 77, 86]",85.02,0.4297660683095455,11324.355755329132,9.03,10119.83000000005
922,"[39, 58, 43, 59, 94, 49, 86, 34, 66, 15]",87.12,0.3713068670034408,11336.065200328829,10.58,10130.41000000005
923,"[12, 76, 50, 98, 45, 26, 38, 88, 2, 80]",83.81,0.4526379337906837,11349.954720497131,11.71,10142.12000000005
924,"[10, 39, 80, 68, 42, 25, 52, 59, 88, 40]",84.34,0.431108850389719,11362.608197927477,11.18,10153.30000000005
925,"[35, 80, 58, 81, 0, 85, 98, 37, 5, 63]",80.47,0.5578632141649723,11373.97000837326,10.04,10163.340000000051
926,"[40, 49, 33, 93, 75, 58, 56, 28, 53, 2]",84.43,0.4570064169168472,11386.441531896591,11.34,10174.680000000051
927,"[26, 24, 47, 55, 92, 48, 64, 94, 56, 17]",87.35,0.3722402150183916,11400.255052089691,12.1,10186.780000000052
928,"[80, 68, 84, 77, 74, 16, 19, 99, 90, 9]",81.66,0.5273790404200553,11411.834575653076,10.04,10196.820000000052
929,"[59, 40, 28, 23, 54, 60, 55, 49, 7, 73]",86.3,0.3878230638802051,11423.805500745771,11.34,10208.160000000053
930,"[43, 33, 80, 85, 37, 35, 50, 21, 51, 16]",81.42,0.5272775340080261,11434.968649864197,10.04,10218.200000000053
931,"[32, 40, 35, 66, 48, 87, 31, 99, 78, 88]",84.49,0.4563717144727707,11448.539610862732,12.1,10230.300000000054
932,"[72, 10, 97, 3, 85, 70, 60, 66, 52, 77]",87.15,0.3569792176783085,11460.001163005829,10.78,10241.080000000054
933,"[15, 29, 7, 75, 4, 78, 30, 54, 73, 83]",87.12,0.3725755229592323,11471.708203077316,10.55,10251.630000000054
934,"[71, 67, 40, 36, 96, 22, 49, 11, 31, 98]",86.79,0.3841033527255058,11484.05824637413,11.09,10262.720000000054
935,"[60, 54, 12, 29, 36, 46, 78, 77, 13, 21]",86.06,0.3884593646228313,11494.022341012957,8.59,10271.310000000054
936,"[33, 24, 71, 95, 63, 57, 1, 50, 65, 18]",87.14,0.3702157206833362,11506.436166763306,11.09,10282.400000000054
937,"[21, 51, 28, 53, 83, 41, 63, 78, 67, 45]",87.9,0.3585965840518474,11519.288400650024,11.71,10294.110000000053
938,"[83, 34, 46, 64, 11, 19, 94, 48, 73, 69]",85.74,0.4015217596292496,11532.773496627808,12.1,10306.210000000054
939,"[67, 27, 98, 61, 26, 99, 39, 69, 30, 18]",83.38,0.4554467186331749,11545.653624296188,11.29,10317.500000000055
940,"[20, 95, 54, 81, 22, 77, 33, 21, 92, 24]",83.93,0.4478638595342636,11555.931500434875,8.96,10326.460000000054
941,"[31, 0, 81, 50, 92, 69, 14, 33, 1, 2]",86.01,0.3958528400957584,11566.58672952652,9.23,10335.690000000053
942,"[24, 9, 95, 67, 88, 21, 43, 71, 80, 70]",86.16,0.4033538602292538,11579.10198688507,11.09,10346.780000000053
943,"[25, 75, 29, 63, 93, 49, 77, 61, 78, 44]",85.43,0.4097857668995857,11592.24472141266,11.29,10358.070000000054
944,"[29, 14, 2, 76, 9, 49, 53, 81, 30, 77]",83.19,0.4687691029906273,11604.540898561478,10.58,10368.650000000054
945,"[79, 90, 98, 46, 38, 11, 69, 28, 78, 23]",87.04,0.3709672422707081,11616.50506567955,11.34,10379.990000000054
946,"[19, 15, 77, 86, 30, 20, 21, 75, 51, 82]",84.1,0.4562481166422367,11627.5939347744,9.94,10389.930000000055
947,"[61, 97, 58, 3, 71, 55, 27, 36, 52, 29]",84.73,0.4348220899701118,11640.374813318253,11.29,10401.220000000056
948,"[11, 81, 7, 8, 61, 27, 58, 43, 87, 89]",80.73,0.5440867355465889,11653.16515135765,11.29,10412.510000000057
949,"[42, 35, 49, 8, 75, 48, 54, 87, 92, 72]",82.32,0.513586122840643,11666.610444545746,12.1,10424.610000000057
950,"[11, 4, 55, 79, 67, 75, 82, 34, 66, 6]",85.77,0.4132815605401992,11678.1813185215,10.63,10435.240000000056
951,"[71, 8, 26, 64, 93, 37, 22, 77, 95, 74]",85.14,0.4236734187602997,11691.669125556946,11.38,10446.620000000055
952,"[89, 63, 51, 75, 13, 41, 36, 23, 78, 59]",84.48,0.4686522981524467,11704.017989635468,11.19,10457.810000000056
953,"[98, 80, 15, 51, 47, 87, 61, 72, 3, 40]",86.04,0.4234491309523582,11716.598431825638,11.29,10469.100000000057
954,"[52, 49, 63, 58, 81, 69, 35, 1, 64, 66]",87.64,0.3464310219883919,11729.37456035614,11.38,10480.480000000056
955,"[68, 99, 31, 16, 53, 51, 34, 95, 36, 52]",86.98,0.3742314326763153,11740.74202799797,10.11,10490.590000000057
956,"[83, 36, 42, 62, 28, 32, 47, 88, 17, 34]",87.1,0.3849887824058532,11753.146013736725,11.34,10501.930000000057
957,"[19, 36, 18, 15, 47, 26, 20, 13, 87, 52]",84.44,0.4616227792203426,11765.693230390549,11.13,10513.060000000056
958,"[81, 94, 67, 40, 87, 25, 92, 48, 4, 45]",87.2,0.3667444816231727,11778.985957145693,12.1,10525.160000000056
959,"[74, 52, 78, 36, 29, 58, 41, 99, 34, 75]",86.21,0.3962533405423164,11791.588955640793,11.19,10536.350000000057
960,"[13, 1, 76, 26, 72, 53, 39, 55, 28, 59]",86.43,0.3831847128272057,11804.078087568285,11.34,10547.690000000057
961,"[42, 54, 50, 52, 21, 3, 73, 31, 66, 94]",82.87,0.4681613805890083,11816.648719072342,11.18,10558.870000000057
962,"[85, 96, 47, 53, 6, 42, 66, 73, 28, 97]",87.41,0.3561125487089157,11829.409974336624,11.34,10570.210000000057
963,"[23, 8, 12, 81, 92, 96, 67, 60, 70, 45]",84.79,0.4446483716368675,11842.606540679932,11.71,10581.920000000056
964,"[9, 45, 95, 70, 30, 34, 72, 59, 15, 32]",82.51,0.5438566067814827,11855.466116666794,11.71,10593.630000000056
965,"[39, 57, 16, 44, 30, 15, 95, 54, 83, 85]",87.26,0.3749483732879162,11865.83627986908,9.18,10602.810000000056
966,"[46, 69, 34, 85, 45, 76, 89, 75, 24, 94]",86.09,0.392126681804657,11878.718153953552,11.71,10614.520000000055
967,"[23, 48, 24, 16, 81, 6, 84, 14, 40, 62]",85.78,0.4039500950276851,11891.975534915924,12.1,10626.620000000055
968,"[64, 17, 62, 75, 71, 42, 61, 6, 66, 12]",85.56,0.4123709043860435,11905.055802822111,11.38,10638.000000000055
969,"[10, 9, 49, 81, 50, 67, 45, 75, 33, 70]",85.46,0.4169168755412101,11918.040359258652,11.71,10649.710000000054
970,"[18, 40, 71, 25, 6, 85, 82, 43, 32, 60]",86.73,0.3721641515195369,11930.19373345375,11.09,10660.800000000054
971,"[31, 46, 32, 95, 35, 53, 16, 74, 87, 71]",85.89,0.4075860771536827,11942.569328069689,11.09,10671.890000000054
972,"[97, 94, 20, 10, 23, 45, 82, 30, 74, 13]",87.21,0.3765553197264671,11955.167603254318,11.71,10683.600000000053
973,"[97, 61, 50, 67, 80, 66, 48, 91, 93, 12]",85.88,0.4056350350379943,11968.85540652275,12.1,10695.700000000053
974,"[80, 14, 44, 97, 52, 30, 93, 7, 59, 85]",85.41,0.4177615179121494,11980.189805030825,10.11,10705.810000000054
975,"[58, 72, 60, 12, 21, 36, 96, 61, 91, 94]",85.52,0.4026802060008049,11992.767272472382,11.29,10717.100000000055
976,"[70, 17, 90, 73, 14, 74, 59, 80, 62, 40]",86.79,0.3790191014111042,12005.228925466536,10.93,10728.030000000055
977,"[74, 80, 73, 31, 23, 21, 0, 71, 22, 91]",82.29,0.503003645837307,12017.6241209507,11.09,10739.120000000055
978,"[62, 50, 77, 79, 38, 25, 55, 66, 36, 22]",85.47,0.3993772138655185,12029.78338456154,10.63,10749.750000000055
979,"[95, 13, 50, 39, 6, 24, 91, 5, 47, 68]",86.31,0.3921008278429508,12041.75555753708,10.86,10760.610000000055
980,"[99, 52, 59, 16, 68, 5, 21, 13, 74, 31]",83.99,0.437568756043911,12053.029268026352,10.11,10770.720000000056
981,"[86, 10, 24, 32, 64, 33, 49, 71, 99, 88]",87.21,0.3546762011945247,12065.397193670273,11.38,10782.100000000055
982,"[95, 75, 63, 62, 10, 80, 13, 40, 66, 16]",86.81,0.3758127243816853,12077.467894792557,10.93,10793.030000000055
983,"[39, 40, 48, 43, 91, 85, 99, 61, 57, 79]",86.2,0.3897098323702812,12090.709096431732,12.1,10805.130000000056
984,"[93, 29, 52, 71, 43, 18, 30, 58, 57, 14]",86.69,0.3924213001132011,12102.902183771132,11.09,10816.220000000056
985,"[69, 59, 35, 27, 70, 53, 10, 73, 93, 71]",87.39,0.3575786656141281,12115.68605351448,11.09,10827.310000000056
986,"[11, 19, 59, 99, 1, 9, 96, 51, 93, 39]",86.26,0.3877828419208526,12126.876101732254,9.94,10837.250000000056
987,"[37, 97, 52, 24, 42, 4, 51, 31, 34, 33]",78.93,0.6385172566771508,12139.338094711304,11.18,10848.430000000057
988,"[62, 11, 26, 1, 44, 80, 54, 82, 31, 33]",86.6,0.3836838871240616,12151.93920326233,11.13,10859.560000000056
989,"[90, 30, 33, 74, 73, 35, 97, 15, 81, 23]",84.56,0.4413930775225163,12163.531724691393,10.55,10870.110000000055
990,"[13, 92, 72, 69, 58, 43, 55, 51, 29, 4]",87.82,0.3640667180716991,12174.97445178032,10.78,10880.890000000056
991,"[54, 76, 38, 36, 70, 37, 5, 98, 68, 11]",84.98,0.4129705348610878,12185.541577100754,8.94,10889.830000000056
992,"[20, 72, 55, 15, 85, 60, 68, 35, 90, 8]",87.66,0.3574275593459606,12196.911757707596,10.78,10900.610000000057
993,"[36, 12, 6, 76, 10, 46, 73, 56, 38, 63]",82.71,0.4809130790829659,12209.597884178162,11.1,10911.710000000057
994,"[70, 98, 42, 97, 49, 17, 57, 43, 96, 26]",87.56,0.3637286777794361,12222.53081202507,11.18,10922.890000000058
995,"[7, 4, 98, 0, 8, 63, 1, 71, 48, 18]",87.5,0.3577843600511551,12235.810635328293,12.1,10934.990000000058
996,"[0, 54, 62, 60, 72, 17, 66, 58, 82, 81]",84.79,0.4756793975830078,12247.228985786438,10.78,10945.770000000059
997,"[53, 45, 96, 95, 11, 37, 87, 18, 79, 67]",86.62,0.3810129185020923,12260.717488527298,11.71,10957.480000000058
998,"[0, 49, 64, 7, 76, 11, 97, 26, 10, 66]",86.66,0.3733097770810127,12273.366407871246,11.38,10968.860000000057
999,"[99, 45, 30, 76, 11, 73, 57, 2, 9, 38]",82.17,0.4903711497783661,12286.674806118011,11.71,10980.570000000056
1000,"[78, 35, 50, 89, 16, 28, 44, 57, 92, 8]",87.37,0.3612303692102432,12298.578804016111,11.34,10991.910000000056
