generating non_iid data...
train_dataset data generation process completed
generating non_iid data...
test_dataset data generation process completed
Running Mode: Default(Thread)
Training Mode: Single-GPU-Mode
Using cuda: 1
Starting clients
(0, 369, {0: 0, 1: 0, 2: 4, 3: 89, 4: 0, 5: 107, 6: 28, 7: 0, 8: 141, 9: 0})
(1, 1395, {0: 29, 1: 1, 2: 0, 3: 0, 4: 0, 5: 0, 6: 0, 7: 12, 8: 1353, 9: 0})
(2, 315, {0: 0, 1: 8, 2: 9, 3: 0, 4: 1, 5: 0, 6: 195, 7: 0, 8: 0, 9: 102})
(3, 113, {0: 0, 1: 18, 2: 44, 3: 6, 4: 0, 5: 0, 6: 44, 7: 0, 8: 0, 9: 1})
(4, 78, {0: 4, 1: 0, 2: 0, 3: 0, 4: 40, 5: 0, 6: 0, 7: 0, 8: 0, 9: 34})
(5, 935, {0: 0, 1: 8, 2: 0, 3: 0, 4: 0, 5: 0, 6: 10, 7: 835, 8: 78, 9: 4})
(6, 304, {0: 107, 1: 8, 2: 0, 3: 27, 4: 0, 5: 0, 6: 0, 7: 131, 8: 31, 9: 0})
(7, 23, {0: 0, 1: 0, 2: 0, 3: 1, 4: 1, 5: 1, 6: 0, 7: 2, 8: 0, 9: 18})
(8, 503, {0: 0, 1: 0, 2: 0, 3: 0, 4: 351, 5: 0, 6: 0, 7: 143, 8: 0, 9: 9})
(9, 900, {0: 0, 1: 751, 2: 3, 3: 1, 4: 3, 5: 142, 6: 0, 7: 0, 8: 0, 9: 0})
(10, 246, {0: 5, 1: 176, 2: 0, 3: 0, 4: 0, 5: 0, 6: 0, 7: 62, 8: 3, 9: 0})
(11, 266, {0: 0, 1: 56, 2: 0, 3: 0, 4: 0, 5: 124, 6: 0, 7: 55, 8: 0, 9: 31})
(12, 453, {0: 0, 1: 2, 2: 14, 3: 0, 4: 0, 5: 284, 6: 3, 7: 1, 8: 149, 9: 0})
(13, 128, {0: 0, 1: 0, 2: 0, 3: 0, 4: 0, 5: 33, 6: 11, 7: 0, 8: 2, 9: 82})
(14, 13, {0: 4, 1: 0, 2: 0, 3: 4, 4: 1, 5: 1, 6: 1, 7: 0, 8: 0, 9: 2})
(15, 270, {0: 4, 1: 7, 2: 58, 3: 72, 4: 0, 5: 123, 6: 0, 7: 0, 8: 0, 9: 6})
(16, 1514, {0: 0, 1: 338, 2: 1142, 3: 0, 4: 0, 5: 34, 6: 0, 7: 0, 8: 0, 9: 0})
(17, 954, {0: 715, 1: 230, 2: 0, 3: 4, 4: 0, 5: 0, 6: 3, 7: 0, 8: 0, 9: 2})
(18, 405, {0: 0, 1: 0, 2: 37, 3: 0, 4: 0, 5: 0, 6: 2, 7: 4, 8: 321, 9: 41})
(19, 1039, {0: 15, 1: 0, 2: 0, 3: 0, 4: 3, 5: 0, 6: 0, 7: 4, 8: 346, 9: 671})
(20, 636, {0: 0, 1: 560, 2: 0, 3: 10, 4: 66, 5: 0, 6: 0, 7: 0, 8: 0, 9: 0})
(21, 3, {0: 0, 1: 0, 2: 0, 3: 0, 4: 2, 5: 0, 6: 0, 7: 1, 8: 0, 9: 0})
(22, 118, {0: 0, 1: 110, 2: 0, 3: 5, 4: 0, 5: 0, 6: 0, 7: 0, 8: 3, 9: 0})
(23, 233, {0: 0, 1: 0, 2: 0, 3: 0, 4: 0, 5: 0, 6: 1, 7: 0, 8: 3, 9: 229})
(24, 622, {0: 2, 1: 314, 2: 24, 3: 0, 4: 190, 5: 43, 6: 47, 7: 2, 8: 0, 9: 0})
(25, 1287, {0: 806, 1: 2, 2: 442, 3: 0, 4: 0, 5: 0, 6: 0, 7: 4, 8: 27, 9: 6})
(26, 804, {0: 401, 1: 4, 2: 0, 3: 0, 4: 10, 5: 314, 6: 5, 7: 66, 8: 0, 9: 4})
(27, 448, {0: 4, 1: 0, 2: 0, 3: 0, 4: 0, 5: 3, 6: 0, 7: 432, 8: 0, 9: 9})
(28, 487, {0: 0, 1: 150, 2: 0, 3: 0, 4: 30, 5: 303, 6: 0, 7: 0, 8: 0, 9: 4})
(29, 41, {0: 0, 1: 15, 2: 0, 3: 0, 4: 0, 5: 3, 6: 14, 7: 7, 8: 0, 9: 2})
(30, 964, {0: 0, 1: 0, 2: 0, 3: 927, 4: 0, 5: 0, 6: 14, 7: 0, 8: 8, 9: 15})
(31, 273, {0: 102, 1: 67, 2: 0, 3: 102, 4: 0, 5: 0, 6: 1, 7: 0, 8: 1, 9: 0})
(32, 849, {0: 0, 1: 133, 2: 544, 3: 0, 4: 91, 5: 39, 6: 0, 7: 0, 8: 41, 9: 1})
(33, 408, {0: 0, 1: 0, 2: 4, 3: 392, 4: 11, 5: 0, 6: 1, 7: 0, 8: 0, 9: 0})
(34, 268, {0: 0, 1: 59, 2: 0, 3: 3, 4: 0, 5: 138, 6: 0, 7: 0, 8: 0, 9: 68})
(35, 288, {0: 50, 1: 16, 2: 3, 3: 56, 4: 33, 5: 0, 6: 0, 7: 59, 8: 0, 9: 71})
(36, 316, {0: 0, 1: 172, 2: 0, 3: 0, 4: 131, 5: 13, 6: 0, 7: 0, 8: 0, 9: 0})
(37, 452, {0: 21, 1: 0, 2: 335, 3: 1, 4: 15, 5: 62, 6: 0, 7: 18, 8: 0, 9: 0})
(38, 756, {0: 50, 1: 2, 2: 0, 3: 0, 4: 0, 5: 0, 6: 655, 7: 0, 8: 49, 9: 0})
(39, 9, {0: 0, 1: 1, 2: 0, 3: 0, 4: 0, 5: 3, 6: 0, 7: 0, 8: 0, 9: 5})
(40, 169, {0: 153, 1: 0, 2: 0, 3: 0, 4: 0, 5: 0, 6: 7, 7: 0, 8: 0, 9: 9})
(41, 50, {0: 0, 1: 0, 2: 2, 3: 1, 4: 0, 5: 0, 6: 1, 7: 17, 8: 21, 9: 8})
(42, 875, {0: 0, 1: 78, 2: 649, 3: 0, 4: 0, 5: 146, 6: 0, 7: 2, 8: 0, 9: 0})
(43, 1542, {0: 28, 1: 0, 2: 12, 3: 0, 4: 112, 5: 108, 6: 628, 7: 520, 8: 0, 9: 134})
(44, 799, {0: 202, 1: 41, 2: 0, 3: 0, 4: 0, 5: 7, 6: 0, 7: 60, 8: 486, 9: 3})
(45, 313, {0: 0, 1: 5, 2: 11, 3: 0, 4: 5, 5: 0, 6: 0, 7: 0, 8: 292, 9: 0})
(46, 676, {0: 44, 1: 0, 2: 180, 3: 50, 4: 7, 5: 0, 6: 0, 7: 395, 8: 0, 9: 0})
(47, 577, {0: 49, 1: 1, 2: 331, 3: 0, 4: 2, 5: 18, 6: 105, 7: 71, 8: 0, 9: 0})
(48, 48, {0: 1, 1: 22, 2: 3, 3: 0, 4: 0, 5: 0, 6: 22, 7: 0, 8: 0, 9: 0})
(49, 438, {0: 0, 1: 1, 2: 244, 3: 121, 4: 57, 5: 11, 6: 0, 7: 4, 8: 0, 9: 0})
(50, 569, {0: 0, 1: 56, 2: 0, 3: 0, 4: 206, 5: 95, 6: 104, 7: 92, 8: 16, 9: 0})
(51, 925, {0: 0, 1: 0, 2: 0, 3: 453, 4: 276, 5: 0, 6: 0, 7: 0, 8: 0, 9: 196})
(52, 115, {0: 0, 1: 0, 2: 2, 3: 0, 4: 0, 5: 69, 6: 1, 7: 43, 8: 0, 9: 0})
(53, 989, {0: 0, 1: 92, 2: 555, 3: 3, 4: 0, 5: 10, 6: 152, 7: 75, 8: 102, 9: 0})
(54, 127, {0: 0, 1: 1, 2: 78, 3: 0, 4: 9, 5: 0, 6: 0, 7: 9, 8: 30, 9: 0})
(55, 439, {0: 342, 1: 0, 2: 0, 3: 0, 4: 0, 5: 49, 6: 4, 7: 5, 8: 7, 9: 32})
(56, 2043, {0: 7, 1: 1, 2: 0, 3: 0, 4: 1919, 5: 95, 6: 19, 7: 2, 8: 0, 9: 0})
(57, 262, {0: 75, 1: 9, 2: 57, 3: 13, 4: 0, 5: 15, 6: 15, 7: 25, 8: 0, 9: 53})
(58, 716, {0: 214, 1: 450, 2: 33, 3: 0, 4: 0, 5: 13, 6: 0, 7: 0, 8: 0, 9: 6})
(59, 778, {0: 79, 1: 1, 2: 89, 3: 0, 4: 0, 5: 4, 6: 556, 7: 0, 8: 5, 9: 44})
(60, 744, {0: 0, 1: 0, 2: 0, 3: 0, 4: 0, 5: 0, 6: 89, 7: 3, 8: 4, 9: 648})
(61, 376, {0: 0, 1: 0, 2: 363, 3: 1, 4: 12, 5: 0, 6: 0, 7: 0, 8: 0, 9: 0})
(62, 136, {0: 90, 1: 0, 2: 0, 3: 42, 4: 0, 5: 0, 6: 1, 7: 3, 8: 0, 9: 0})
(63, 92, {0: 0, 1: 0, 2: 3, 3: 0, 4: 0, 5: 75, 6: 0, 7: 14, 8: 0, 9: 0})
(64, 334, {0: 0, 1: 116, 2: 0, 3: 0, 4: 218, 5: 0, 6: 0, 7: 0, 8: 0, 9: 0})
(65, 847, {0: 0, 1: 1, 2: 1, 3: 289, 4: 6, 5: 4, 6: 520, 7: 14, 8: 12, 9: 0})
(66, 438, {0: 426, 1: 0, 2: 1, 3: 0, 4: 0, 5: 5, 6: 6, 7: 0, 8: 0, 9: 0})
(67, 339, {0: 1, 1: 0, 2: 1, 3: 7, 4: 0, 5: 5, 6: 33, 7: 20, 8: 271, 9: 1})
(68, 689, {0: 0, 1: 0, 2: 122, 3: 0, 4: 1, 5: 39, 6: 527, 7: 0, 8: 0, 9: 0})
(69, 698, {0: 654, 1: 6, 2: 0, 3: 7, 4: 0, 5: 31, 6: 0, 7: 0, 8: 0, 9: 0})
(70, 1525, {0: 1, 1: 0, 2: 27, 3: 250, 4: 0, 5: 473, 6: 0, 7: 0, 8: 5, 9: 769})
(71, 21, {0: 0, 1: 1, 2: 14, 3: 0, 4: 0, 5: 5, 6: 0, 7: 0, 8: 0, 9: 1})
(72, 50, {0: 4, 1: 8, 2: 0, 3: 0, 4: 0, 5: 0, 6: 0, 7: 0, 8: 5, 9: 33})
(73, 46, {0: 0, 1: 0, 2: 0, 3: 0, 4: 31, 5: 11, 6: 4, 7: 0, 8: 0, 9: 0})
(74, 55, {0: 0, 1: 0, 2: 0, 3: 52, 4: 3, 5: 0, 6: 0, 7: 0, 8: 0, 9: 0})
(75, 676, {0: 13, 1: 337, 2: 166, 3: 0, 4: 14, 5: 0, 6: 0, 7: 146, 8: 0, 9: 0})
(76, 53, {0: 0, 1: 0, 2: 0, 3: 0, 4: 37, 5: 0, 6: 7, 7: 1, 8: 3, 9: 5})
(77, 80, {0: 0, 1: 0, 2: 0, 3: 0, 4: 0, 5: 0, 6: 80, 7: 0, 8: 0, 9: 0})
(78, 1203, {0: 7, 1: 344, 2: 104, 3: 80, 4: 5, 5: 656, 6: 2, 7: 2, 8: 3, 9: 0})
(79, 708, {0: 0, 1: 524, 2: 0, 3: 0, 4: 1, 5: 27, 6: 0, 7: 0, 8: 4, 9: 152})
(80, 31, {0: 0, 1: 0, 2: 0, 3: 28, 4: 0, 5: 0, 6: 0, 7: 2, 8: 0, 9: 1})
(81, 224, {0: 0, 1: 0, 2: 0, 3: 20, 4: 0, 5: 0, 6: 0, 7: 0, 8: 34, 9: 170})
(82, 627, {0: 1, 1: 0, 2: 1, 3: 0, 4: 35, 5: 11, 6: 0, 7: 0, 8: 579, 9: 0})
(83, 37, {0: 8, 1: 0, 2: 4, 3: 0, 4: 20, 5: 0, 6: 1, 7: 0, 8: 2, 9: 2})
(84, 164, {0: 17, 1: 71, 2: 0, 3: 4, 4: 0, 5: 0, 6: 0, 7: 32, 8: 40, 9: 0})
(85, 481, {0: 382, 1: 0, 2: 0, 3: 0, 4: 90, 5: 0, 6: 0, 7: 9, 8: 0, 9: 0})
(86, 1722, {0: 0, 1: 6, 2: 0, 3: 0, 4: 0, 5: 12, 6: 1135, 7: 258, 8: 160, 9: 151})
(87, 344, {0: 318, 1: 25, 2: 0, 3: 1, 4: 0, 5: 0, 6: 0, 7: 0, 8: 0, 9: 0})
(88, 3082, {0: 0, 1: 0, 2: 153, 3: 0, 4: 620, 5: 7, 6: 5, 7: 2286, 8: 0, 9: 11})
(89, 1099, {0: 88, 1: 32, 2: 8, 3: 409, 4: 0, 5: 354, 6: 1, 7: 1, 8: 206, 9: 0})
(90, 327, {0: 1, 1: 0, 2: 0, 3: 21, 4: 216, 5: 0, 6: 0, 7: 1, 8: 0, 9: 88})
(91, 220, {0: 0, 1: 0, 2: 0, 3: 24, 4: 99, 5: 0, 6: 0, 7: 0, 8: 97, 9: 0})
(92, 378, {0: 234, 1: 120, 2: 0, 3: 3, 4: 21, 5: 0, 6: 0, 7: 0, 8: 0, 9: 0})
(93, 1206, {0: 0, 1: 32, 2: 0, 3: 0, 4: 0, 5: 1057, 6: 0, 7: 45, 8: 72, 9: 0})
(94, 1169, {0: 28, 1: 0, 2: 0, 3: 424, 4: 0, 5: 0, 6: 528, 7: 0, 8: 141, 9: 48})
(95, 264, {0: 201, 1: 0, 2: 1, 3: 1, 4: 26, 5: 6, 6: 9, 7: 0, 8: 20, 9: 0})
(96, 2199, {0: 8, 1: 0, 2: 0, 3: 1800, 4: 0, 5: 111, 6: 11, 7: 0, 8: 57, 9: 212})
(97, 888, {0: 0, 1: 0, 2: 4, 3: 0, 4: 23, 5: 549, 6: 285, 7: 1, 8: 26, 9: 0})
(98, 2632, {0: 4, 1: 0, 2: 117, 3: 191, 4: 398, 5: 116, 6: 0, 7: 0, 8: 0, 9: 1806})
(99, 1857, {0: 1, 1: 410, 2: 1, 3: 5, 4: 552, 5: 36, 6: 106, 7: 3, 8: 743, 9: 0})
(100, 4, {0: 0, 1: 1, 2: 0, 3: 0, 4: 0, 5: 0, 6: 1, 7: 1, 8: 1, 9: 0})
Start server:
Current clients: 20 , select: 10
| current_epoch 1 |. Begin client select
SchedulerThread schedule Tier [0], select(10 clients):
8 | 91 | 5 | 62 | 2 | 85 | 54 | 1 | 99 | 6 |
-----------------------------------------------------------------Schedule complete
Client 54 trained
Client 54 uploaded
Client 8 trained
Client 8 uploaded
Client 62 trained
Client 62 uploaded
Client 6 trained
Client 6 uploaded
Client 91 trained
Client 91 uploaded
Client 2 trained
Client 2 uploaded
Client 85 trained
Client 85 uploaded
Client 5 trained
Client 5 uploaded
Client 1 trained
Client 1 uploaded
Client 99 trained
Client 99 uploaded
Epoch(t): 1 accuracy: 9.99 loss 2.683306860923767 run_time: 2.7310140132904053
Current clients: 20 , select: 10
| current_epoch 2 |. Begin client select
SchedulerThread schedule Tier [1], select(10 clients):
13 | 46 | 43 | 50 | 25 | 81 | 69 | 86 | 36 | 24 |
-----------------------------------------------------------------Schedule complete
Client 13 trained
Client 13 uploaded
Client 81 trained
Client 81 uploaded
Client 50 trained
Client 50 uploaded
Client 24 trained
Client 24 uploaded
Client 25 trained
Client 25 uploaded
Client 36 trained
Client 36 uploaded
Client 46 trained
Client 46 uploaded
Client 69 trained
Client 69 uploaded
Client 86 trained
Client 86 uploaded
Client 43 trained
Client 43 uploaded
Epoch(t): 2 accuracy: 26.64 loss 1.9641625225543975 run_time: 4.563894987106323
Current clients: 20 , select: 10
| current_epoch 3 |. Begin client select
SchedulerThread schedule Tier [2], select(10 clients):
74 | 60 | 68 | 18 | 55 | 89 | 12 | 95 | 10 | 87 |
-----------------------------------------------------------------Schedule complete
Client 74 trained
Client 74 uploaded
Client 10 trained
Client 10 uploaded
Client 60 trained
Client 60 uploaded
Client 12 trained
Client 12 uploaded
Client 95 trained
Client 95 uploaded
Client 89 trained
Client 89 uploaded
Client 87 trained
Client 87 uploaded
Client 18 trained
Client 18 uploaded
Client 55 trained
Client 55 uploaded
Client 68 trained
Client 68 uploaded
Epoch(t): 3 accuracy: 26.18 loss 1.829497960805893 run_time: 5.962536811828613
Current clients: 20 , select: 10
| current_epoch 4 |. Begin client select
SchedulerThread schedule Tier [3], select(10 clients):
76 | 32 | 77 | 65 | 11 | 96 | 57 | 78 | 70 | 92 |
-----------------------------------------------------------------Schedule complete
Client 76 trained
Client 76 uploaded
Client 77 trained
Client 77 uploaded
Client 92 trained
Client 92 uploaded
Client 57 trained
Client 57 uploaded
Client 11 trained
Client 11 uploaded
Client 32 trained
Client 32 uploaded
Client 65 trained
Client 65 uploaded
Client 78 trained
Client 78 uploaded
Client 70 trained
Client 70 uploaded
Client 96 trained
Client 96 uploaded
Epoch(t): 4 accuracy: 27.82 loss 2.011863477230072 run_time: 8.048875331878662
Current clients: 20 , select: 10
| current_epoch 5 |. Begin client select
SchedulerThread schedule Tier [4], select(10 clients):
52 | 56 | 45 | 47 | 80 | 64 | 72 | 28 | 61 | 79 |
-----------------------------------------------------------------Schedule complete
Client 80 trained
Client 80 uploaded
Client 72 trained
Client 72 uploaded
Client 52 trained
Client 52 uploaded
Client 45 trained
Client 45 uploaded
Client 64 trained
Client 64 uploaded
Client 61 trained
Client 61 uploaded
Client 79 trained
Client 79 uploaded
Client 28 trained
Client 28 uploaded
Client 47 trained
Client 47 uploaded
Client 56 trained
Client 56 uploaded
Epoch(t): 5 accuracy: 19.8 loss 2.874591865539551 run_time: 9.625223159790039
TiFL算法: 选择层 1，信用值剩余 4，选择概率 0.2000
Current clients: 20 , select: 10
| current_epoch 6 |. Begin client select
SchedulerThread schedule Tier [1], select(10 clients):
13 | 86 | 24 | 93 | 15 | 81 | 50 | 25 | 16 | 69 |
-----------------------------------------------------------------Schedule complete
Client 69 trained
Client 69 uploaded
Client 24 trained
Client 24 uploaded
Client 25 trained
Client 25 uploaded
Client 81 trained
Client 81 uploaded
Client 50 trained
Client 50 uploaded
Client 13 trained
Client 13 uploaded
Client 86 trained
Client 86 uploaded
Client 15 trained
Client 15 uploaded
Client 93 trained
Client 93 uploaded
Client 16 trained
Client 16 uploaded
Epoch(t): 6 accuracy: 43.16 loss 1.8988373470306397 run_time: 11.399332523345947
TiFL算法: 选择层 4，信用值剩余 4，选择概率 0.2000
Current clients: 20 , select: 10
| current_epoch 7 |. Begin client select
SchedulerThread schedule Tier [4], select(10 clients):
40 | 3 | 72 | 52 | 26 | 73 | 64 | 71 | 49 | 45 |
-----------------------------------------------------------------Schedule complete
Client 71 trained
Client 71 uploaded
Client 73 trained
Client 73 uploaded
Client 72 trained
Client 72 uploaded
Client 52 trained
Client 52 uploaded
Client 40 trained
Client 40 uploaded
Client 3 trained
Client 3 uploaded
Client 45 trained
Client 45 uploaded
Client 64 trained
Client 64 uploaded
Client 49 trained
Client 49 uploaded
Client 26 trained
Client 26 uploaded
Epoch(t): 7 accuracy: 44.4 loss 1.4292610895633697 run_time: 12.39052414894104
TiFL算法: 选择层 3，信用值剩余 4，选择概率 0.2000
Current clients: 20 , select: 10
| current_epoch 8 |. Begin client select
SchedulerThread schedule Tier [3], select(10 clients):
14 | 17 | 11 | 77 | 58 | 67 | 32 | 92 | 66 | 29 |
-----------------------------------------------------------------Schedule complete
Client 29 trained
Client 29 uploaded
Client 14 trained
Client 14 uploaded
Client 77 trained
Client 77 uploaded
Client 92 trained
Client 92 uploaded
Client 11 trained
Client 11 uploaded
Client 32 trained
Client 32 uploaded
Client 67 trained
Client 67 uploaded
Client 66 trained
Client 66 uploaded
Client 58 trained
Client 58 uploaded
Client 17 trained
Client 17 uploaded
Epoch(t): 8 accuracy: 39.9 loss 1.6688331377506256 run_time: 13.62994909286499
TiFL算法: 选择层 2，信用值剩余 4，选择概率 0.2000
Current clients: 20 , select: 10
| current_epoch 9 |. Begin client select
SchedulerThread schedule Tier [2], select(10 clients):
75 | 4 | 20 | 21 | 55 | 31 | 10 | 60 | 74 | 63 |
-----------------------------------------------------------------Schedule complete
Client 74 trained
Client 74 uploaded
Client 21 trained
Client 21 uploaded
Client 10 trained
Client 10 uploaded
Client 55 trained
Client 55 uploaded
Client 4 trained
Client 63 trained
Client 4 uploaded
Client 63 uploaded
Client 31 trained
Client 31 uploaded
Client 60 trained
Client 60 uploaded
Client 75 trained
Client 75 uploaded
Client 20 trained
Client 20 uploaded
Epoch(t): 9 accuracy: 53.42 loss 1.3250401175022126 run_time: 14.721938848495483
TiFL算法: 选择层 0，信用值剩余 4，选择概率 0.2000
Current clients: 20 , select: 10
| current_epoch 10 |. Begin client select
SchedulerThread schedule Tier [0], select(10 clients):
1 | 99 | 34 | 5 | 85 | 8 | 94 | 54 | 44 | 22 |
-----------------------------------------------------------------Schedule complete
Client 5 trained
Client 5 uploaded
Client 8 trained
Client 8 uploaded
Client 54 trained
Client 54 uploaded
Client 1 trained
Client 1 uploaded
Client 85 trained
Client 85 uploaded
Client 22 trained
Client 22 uploaded
Client 34 trained
Client 34 uploaded
Client 99 trained
Client 99 uploaded
Client 94 trained
Client 94 uploaded
Client 44 trained
Client 44 uploaded
Epoch(t): 10 accuracy: 48.01 loss 1.4446558690071105 run_time: 16.41540265083313
TiFL算法: 选择层 0，信用值剩余 3，选择概率 0.2000
Current clients: 20 , select: 10
| current_epoch 11 |. Begin client select
SchedulerThread schedule Tier [0], select(10 clients):
39 | 34 | 22 | 37 | 5 | 85 | 8 | 54 | 90 | 97 |
-----------------------------------------------------------------Schedule complete
Client 39 trained
Client 39 uploaded
Client 54 trained
Client 54 uploaded
Client 8 trained
Client 8 uploaded
Client 85 trained
Client 85 uploaded
Client 22 trained
Client 22 uploaded
Client 34 trained
Client 34 uploaded
Client 5 trained
Client 5 uploaded
Client 90 trained
Client 90 uploaded
Client 37 trained
Client 37 uploaded
Client 97 trained
Client 97 uploaded
Epoch(t): 11 accuracy: 53.36 loss 1.2347557580471038 run_time: 17.665397882461548
TiFL算法: 选择层 0，信用值剩余 2，选择概率 0.2000
Current clients: 20 , select: 10
| current_epoch 12 |. Begin client select
SchedulerThread schedule Tier [0], select(10 clients):
5 | 97 | 83 | 34 | 54 | 8 | 85 | 90 | 62 | 1 |
-----------------------------------------------------------------Schedule complete
Client 83 trained
Client 83 uploaded
Client 85 trained
Client 85 uploaded
Client 8 trained
Client 8 uploaded
Client 5 trained
Client 5 uploaded
Client 54 trained
Client 54 uploaded
Client 34 trained
Client 34 uploaded
Client 1 trained
Client 1 uploaded
Client 62 trained
Client 62 uploaded
Client 90 trained
Client 90 uploaded
Client 97 trained
Client 97 uploaded
Epoch(t): 12 accuracy: 55.73 loss 1.2509906744956971 run_time: 18.970495462417603
TiFL算法: 选择层 4，信用值剩余 3，选择概率 0.2000
Current clients: 20 , select: 10
| current_epoch 13 |. Begin client select
SchedulerThread schedule Tier [4], select(10 clients):
80 | 52 | 73 | 49 | 42 | 40 | 48 | 79 | 26 | 41 |
-----------------------------------------------------------------Schedule complete
Client 73 trained
Client 73 uploaded
Client 80 trained
Client 80 uploaded
Client 48 trained
Client 48 uploaded
Client 41 trained
Client 41 uploaded
Client 40 trained
Client 40 uploaded
Client 52 trained
Client 52 uploaded
Client 49 trained
Client 49 uploaded
Client 79 trained
Client 79 uploaded
Client 26 trained
Client 26 uploaded
Client 42 trained
Client 42 uploaded
Epoch(t): 13 accuracy: 41.08 loss 1.578889820575714 run_time: 20.062509059906006
TiFL算法: 选择层 3，信用值剩余 3，选择概率 0.2000
Current clients: 20 , select: 10
| current_epoch 14 |. Begin client select
SchedulerThread schedule Tier [3], select(10 clients):
70 | 66 | 77 | 98 | 29 | 32 | 30 | 96 | 65 | 17 |
-----------------------------------------------------------------Schedule complete
Client 29 trained
Client 29 uploaded
Client 32 trained
Client 32 uploaded
Client 77 trained
Client 77 uploaded
Client 70 trained
Client 70 uploaded
Client 17 trained
Client 17 uploaded
Client 66 trained
Client 66 uploaded
Client 65 trained
Client 65 uploaded
Client 96 trained
Client 96 uploaded
Client 30 trained
Client 30 uploaded
Client 98 trained
Client 98 uploaded
Epoch(t): 14 accuracy: 46.03 loss 1.6597586619853972 run_time: 22.14948582649231
TiFL算法: 选择层 3，信用值剩余 2，选择概率 0.2000
Current clients: 20 , select: 10
| current_epoch 15 |. Begin client select
SchedulerThread schedule Tier [3], select(10 clients):
32 | 29 | 67 | 76 | 57 | 35 | 98 | 14 | 96 | 65 |
-----------------------------------------------------------------Schedule complete
Client 29 trained
Client 29 uploaded
Client 14 trained
Client 14 uploaded
Client 76 trained
Client 76 uploaded
Client 67 trained
Client 67 uploaded
Client 32 trained
Client 32 uploaded
Client 57 trained
Client 57 uploaded
Client 35 trained
Client 35 uploaded
Client 65 trained
Client 65 uploaded
Client 96 trained
Client 96 uploaded
Client 98 trained
Client 98 uploaded
Epoch(t): 15 accuracy: 50.54 loss 1.5032524394989013 run_time: 23.987605810165405
TiFL算法: 选择层 0，信用值剩余 1，选择概率 0.2000
Current clients: 20 , select: 10
| current_epoch 16 |. Begin client select
SchedulerThread schedule Tier [0], select(10 clients):
2 | 44 | 90 | 8 | 94 | 83 | 99 | 5 | 39 | 6 |
-----------------------------------------------------------------Schedule complete
Client 83 trained
Client 83 uploaded
Client 39 trained
Client 39 uploaded
Client 8 trained
Client 8 uploaded
Client 5 trained
Client 5 uploaded
Client 90 trained
Client 90 uploaded
Client 94 trained
Client 94 uploaded
Client 44 trained
Client 44 uploaded
Client 2 trained
Client 2 uploaded
Client 99 trained
Client 99 uploaded
Client 6 trained
Client 6 uploaded
Epoch(t): 16 accuracy: 55.56 loss 1.1767748552560806 run_time: 25.485703468322754
TiFL算法: 选择层 4，信用值剩余 2，选择概率 0.2000
Current clients: 20 , select: 10
| current_epoch 17 |. Begin client select
SchedulerThread schedule Tier [4], select(10 clients):
73 | 56 | 49 | 28 | 19 | 40 | 64 | 72 | 61 | 80 |
-----------------------------------------------------------------Schedule complete
Client 80 trained
Client 80 uploaded
Client 73 trained
Client 73 uploaded
Client 72 trained
Client 72 uploaded
Client 40 trained
Client 40 uploaded
Client 64 trained
Client 64 uploaded
Client 49 trained
Client 49 uploaded
Client 61 trained
Client 61 uploaded
Client 28 trained
Client 28 uploaded
Client 19 trained
Client 19 uploaded
Client 56 trained
Client 56 uploaded
Epoch(t): 17 accuracy: 46.37 loss 1.7258172166347503 run_time: 26.86110830307007
TiFL算法: 选择层 4，信用值剩余 1，选择概率 0.2000
Current clients: 20 , select: 10
| current_epoch 18 |. Begin client select
SchedulerThread schedule Tier [4], select(10 clients):
56 | 40 | 72 | 80 | 64 | 41 | 45 | 28 | 26 | 61 |
-----------------------------------------------------------------Schedule complete
Client 72 trained
Client 72 uploaded
Client 41 trained
Client 41 uploaded
Client 80 trained
Client 80 uploaded
Client 64 trained
Client 64 uploaded
Client 26 trained
Client 26 uploaded
Client 28 trained
Client 28 uploaded
Client 61 trained
Client 61 uploaded
Client 40 trained
Client 40 uploaded
Client 45 trained
Client 45 uploaded
Client 56 trained
Client 56 uploaded
Epoch(t): 18 accuracy: 42.83 loss 1.605795283317566 run_time: 28.141190767288208
TiFL算法: 选择层 1，信用值剩余 3，选择概率 0.2000
Current clients: 20 , select: 10
| current_epoch 19 |. Begin client select
SchedulerThread schedule Tier [1], select(10 clients):
13 | 86 | 88 | 46 | 51 | 36 | 33 | 81 | 82 | 24 |
-----------------------------------------------------------------Schedule complete
Client 24 trained
Client 24 uploaded
Client 81 trained
Client 81 uploaded
Client 46 trained
Client 46 uploaded
Client 36 trained
Client 36 uploaded
Client 13 trained
Client 13 uploaded
Client 86 trained
Client 86 uploaded
Client 33 trained
Client 33 uploaded
Client 82 trained
Client 82 uploaded
Client 51 trained
Client 51 uploaded
Client 88 trained
Client 88 uploaded
Epoch(t): 19 accuracy: 56.25 loss 1.2621041882038115 run_time: 30.091259241104126
TiFL算法: 选择层 0，信用值剩余 0，选择概率 0.2000
Current clients: 20 , select: 10
| current_epoch 20 |. Begin client select
SchedulerThread schedule Tier [0], select(10 clients):
83 | 59 | 6 | 97 | 94 | 2 | 99 | 90 | 44 | 62 |
-----------------------------------------------------------------Schedule complete
Client 83 trained
Client 83 uploaded
Client 97 trained
Client 97 uploaded
Client 90 trained
Client 90 uploaded
Client 94 trained
Client 94 uploaded
Client 44 trained
Client 44 uploaded
Client 2 trained
Client 2 uploaded
Client 62 trained
Client 62 uploaded
Client 6 trained
Client 6 uploaded
Client 99 trained
Client 99 uploaded
Client 59 trained
Client 59 uploaded
Epoch(t): 20 accuracy: 57.09 loss 1.1669912600517274 run_time: 31.585216522216797
TiFL算法: 选择层 1，信用值剩余 2，选择概率 0.2000
Current clients: 20 , select: 10
| current_epoch 21 |. Begin client select
SchedulerThread schedule Tier [1], select(10 clients):
81 | 82 | 69 | 53 | 33 | 50 | 9 | 25 | 24 | 36 |
-----------------------------------------------------------------Schedule complete
Client 24 trained
Client 24 uploaded
Client 69 trained
Client 69 uploaded
Client 50 trained
Client 50 uploaded
Client 81 trained
Client 81 uploaded
Client 25 trained
Client 25 uploaded
Client 82 trained
Client 82 uploaded
Client 36 trained
Client 36 uploaded
Client 33 trained
Client 33 uploaded
Client 53 trained
Client 53 uploaded
Client 9 trained
Client 9 uploaded
Epoch(t): 21 accuracy: 63.41 loss 0.9640322691202163 run_time: 33.093735694885254
TiFL算法: 选择层 2，信用值剩余 3，选择概率 0.2000
Current clients: 20 , select: 10
| current_epoch 22 |. Begin client select
SchedulerThread schedule Tier [2], select(10 clients):
55 | 38 | 10 | 74 | 87 | 7 | 31 | 84 | 63 | 23 |
-----------------------------------------------------------------Schedule complete
Client 74 trained
Client 74 uploaded
Client 7 trained
Client 7 uploaded
Client 10 trained
Client 10 uploaded
Client 55 trained
Client 55 uploaded
Client 87 trained
Client 87 uploaded
Client 63 trained
Client 63 uploaded
Client 31 trained
Client 31 uploaded
Client 84 trained
Client 84 uploaded
Client 23 trained
Client 23 uploaded
Client 38 trained
Client 38 uploaded
Epoch(t): 22 accuracy: 59.49 loss 1.1880675673484802 run_time: 34.17405962944031
TiFL算法: 选择层 2，信用值剩余 2，选择概率 0.2000
Current clients: 20 , select: 10
| current_epoch 23 |. Begin client select
SchedulerThread schedule Tier [2], select(10 clients):
23 | 31 | 87 | 84 | 55 | 95 | 38 | 89 | 63 | 21 |
-----------------------------------------------------------------Schedule complete
Client 21 trained
Client 21 uploaded
Client 87 trained
Client 87 uploaded
Client 55 trained
Client 55 uploaded
Client 31 trained
Client 31 uploaded
Client 63 trained
Client 63 uploaded
Client 95 trained
Client 95 uploaded
Client 38 trained
Client 38 uploaded
Client 23 trained
Client 23 uploaded
Client 89 trained
Client 89 uploaded
Client 84 trained
Client 84 uploaded
Epoch(t): 23 accuracy: 55.87 loss 1.2270916205644609 run_time: 35.23971605300903
TiFL算法: 选择层 1，信用值剩余 1，选择概率 0.2000
Current clients: 20 , select: 10
| current_epoch 24 |. Begin client select
SchedulerThread schedule Tier [1], select(10 clients):
88 | 46 | 51 | 53 | 86 | 27 | 15 | 69 | 50 | 93 |
-----------------------------------------------------------------Schedule complete
Client 69 trained
Client 69 uploaded
Client 50 trained
Client 50 uploaded
Client 46 trained
Client 46 uploaded
Client 86 trained
Client 86 uploaded
Client 93 trained
Client 93 uploaded
Client 53 trained
Client 53 uploaded
Client 15 trained
Client 15 uploaded
Client 88 trained
Client 88 uploaded
Client 51 trained
Client 51 uploaded
Client 27 trained
Client 27 uploaded
Epoch(t): 24 accuracy: 64.16 loss 0.9615354943275451 run_time: 37.138490200042725
TiFL算法: 选择层 3，信用值剩余 1，选择概率 0.2000
Current clients: 20 , select: 10
| current_epoch 25 |. Begin client select
SchedulerThread schedule Tier [3], select(10 clients):
76 | 14 | 17 | 30 | 70 | 66 | 0 | 98 | 32 | 92 |
-----------------------------------------------------------------Schedule complete
Client 14 trained
Client 14 uploaded
Client 76 trained
Client 76 uploaded
Client 32 trained
Client 32 uploaded
Client 17 trained
Client 17 uploaded
Client 70 trained
Client 70 uploaded
Client 66 trained
Client 66 uploaded
Client 92 trained
Client 92 uploaded
Client 30 trained
Client 30 uploaded
Client 0 trained
Client 0 uploaded
Client 98 trained
Client 98 uploaded
Epoch(t): 25 accuracy: 56.73 loss 1.0857625246047973 run_time: 38.80547332763672
TiFL算法: 选择层 1，信用值剩余 0，选择概率 0.2000
Current clients: 20 , select: 10
| current_epoch 26 |. Begin client select
SchedulerThread schedule Tier [1], select(10 clients):
69 | 50 | 27 | 16 | 33 | 51 | 82 | 43 | 36 | 53 |
-----------------------------------------------------------------Schedule complete
Client 50 trained
Client 50 uploaded
Client 69 trained
Client 69 uploaded
Client 53 trained
Client 53 uploaded
Client 51 trained
Client 51 uploaded
Client 82 trained
Client 82 uploaded
Client 36 trained
Client 36 uploaded
Client 33 trained
Client 33 uploaded
Client 43 trained
Client 43 uploaded
Client 16 trained
Client 16 uploaded
Client 27 trained
Client 27 uploaded
Epoch(t): 26 accuracy: 69.94 loss 0.7640055167675018 run_time: 40.41170263290405
TiFL算法: 选择层 2，信用值剩余 1，选择概率 0.2000
Current clients: 20 , select: 10
| current_epoch 27 |. Begin client select
SchedulerThread schedule Tier [2], select(10 clients):
95 | 18 | 75 | 21 | 4 | 63 | 38 | 23 | 55 | 84 |
-----------------------------------------------------------------Schedule complete
Client 21 trained
Client 21 uploaded
Client 55 trained
Client 55 uploaded
Client 95 trained
Client 95 uploaded
Client 38 trained
Client 38 uploaded
Client 18 trained
Client 18 uploaded
Client 75 trained
Client 75 uploaded
Client 63 trained
Client 63 uploaded
Client 23 trained
Client 23 uploaded
Client 84 trained
Client 84 uploaded
Client 4 trained
Client 4 uploaded
Epoch(t): 27 accuracy: 61.81 loss 0.8794200783967971 run_time: 41.40447497367859
TiFL算法: 选择层 3，信用值剩余 0，选择概率 0.2000
Current clients: 20 , select: 10
| current_epoch 28 |. Begin client select
SchedulerThread schedule Tier [3], select(10 clients):
29 | 78 | 30 | 98 | 58 | 70 | 96 | 17 | 92 | 11 |
-----------------------------------------------------------------Schedule complete
Client 29 trained
Client 29 uploaded
Client 96 trained
Client 96 uploaded
Client 17 trained
Client 17 uploaded
Client 70 trained
Client 70 uploaded
Client 98 trained
Client 98 uploaded
Client 92 trained
Client 92 uploaded
Client 30 trained
Client 30 uploaded
Client 11 trained
Client 11 uploaded
Client 58 trained
Client 58 uploaded
Client 78 trained
Client 78 uploaded
Epoch(t): 28 accuracy: 53.57 loss 1.2709279572963714 run_time: 43.53995370864868
TiFL算法: 选择层 2，信用值剩余 0，选择概率 0.2000
Current clients: 20 , select: 10
| current_epoch 29 |. Begin client select
SchedulerThread schedule Tier [2], select(10 clients):
89 | 10 | 68 | 20 | 23 | 87 | 60 | 74 | 18 | 95 |
-----------------------------------------------------------------Schedule complete
Client 74 trained
Client 74 uploaded
Client 87 trained
Client 87 uploaded
Client 95 trained
Client 95 uploaded
Client 60 trained
Client 60 uploaded
Client 18 trained
Client 18 uploaded
Client 89 trained
Client 89 uploaded
Client 23 trained
Client 23 uploaded
Client 10 trained
Client 10 uploaded
Client 68 trained
Client 68 uploaded
Client 20 trained
Client 20 uploaded
Epoch(t): 29 accuracy: 63.26 loss 0.8511869120597839 run_time: 44.79526233673096
TiFL算法: 选择层 4，信用值剩余 0，选择概率 0.2000
Current clients: 20 , select: 10
| current_epoch 30 |. Begin client select
SchedulerThread schedule Tier [4], select(10 clients):
41 | 40 | 42 | 61 | 73 | 52 | 28 | 48 | 19 | 45 |
-----------------------------------------------------------------Schedule complete
Client 41 trained
Client 41 uploaded
Client 48 trained
Client 48 uploaded
Client 73 trained
Client 73 uploaded
Client 61 trained
Client 61 uploaded
Client 28 trained
Client 28 uploaded
Client 45 trained
Client 45 uploaded
Client 40 trained
Client 40 uploaded
Client 52 trained
Client 52 uploaded
Client 19 trained
Client 19 uploaded
Client 42 trained
Client 42 uploaded
Epoch(t): 30 accuracy: 60.73 loss 1.0379036045074463 run_time: 45.884721517562866
所有层信用值已用尽，重置所有层信用值
TiFL算法: 选择层 4，信用值剩余 4，选择概率 0.2000
Current clients: 20 , select: 10
| current_epoch 31 |. Begin client select
SchedulerThread schedule Tier [4], select(10 clients):
64 | 80 | 71 | 45 | 28 | 40 | 72 | 47 | 26 | 3 |
-----------------------------------------------------------------Schedule complete
Client 71 trained
Client 71 uploaded
Client 72 trained
Client 72 uploaded
Client 80 trained
Client 80 uploaded
Client 64 trained
Client 64 uploaded
Client 40 trained
Client 40 uploaded
Client 28 trained
Client 28 uploaded
Client 45 trained
Client 45 uploaded
Client 3 trained
Client 3 uploaded
Client 26 trained
Client 26 uploaded
Client 47 trained
Client 47 uploaded
Epoch(t): 31 accuracy: 66.74 loss 0.8741926455497742 run_time: 46.97895121574402
TiFL算法: 选择层 4，信用值剩余 3，选择概率 0.2000
Current clients: 20 , select: 10
| current_epoch 32 |. Begin client select
SchedulerThread schedule Tier [4], select(10 clients):
80 | 28 | 3 | 49 | 64 | 40 | 48 | 71 | 52 | 79 |
-----------------------------------------------------------------Schedule complete
Client 80 trained
Client 80 uploaded
Client 48 trained
Client 48 uploaded
Client 71 trained
Client 71 uploaded
Client 64 trained
Client 64 uploaded
Client 28 trained
Client 28 uploaded
Client 52 trained
Client 52 uploaded
Client 40 trained
Client 40 uploaded
Client 3 trained
Client 3 uploaded
Client 49 trained
Client 49 uploaded
Client 79 trained
Client 79 uploaded
Epoch(t): 32 accuracy: 60.38 loss 1.0962178564071656 run_time: 47.95063400268555
TiFL算法: 选择层 1，信用值剩余 4，选择概率 0.2000
Current clients: 20 , select: 10
| current_epoch 33 |. Begin client select
SchedulerThread schedule Tier [1], select(10 clients):
69 | 46 | 53 | 50 | 13 | 15 | 16 | 24 | 27 | 36 |
-----------------------------------------------------------------Schedule complete
Client 69 trained
Client 69 uploaded
Client 50 trained
Client 50 uploaded
Client 53 trained
Client 53 uploaded
Client 24 trained
Client 24 uploaded
Client 16 trained
Client 16 uploaded
Client 36 trained
Client 36 uploaded
Client 46 trained
Client 46 uploaded
Client 13 trained
Client 13 uploaded
Client 15 trained
Client 15 uploaded
Client 27 trained
Client 27 uploaded
Epoch(t): 33 accuracy: 61.98 loss 1.1296064364910126 run_time: 49.3336124420166
TiFL算法: 选择层 0，信用值剩余 4，选择概率 0.2000
Current clients: 20 , select: 10
| current_epoch 34 |. Begin client select
SchedulerThread schedule Tier [0], select(10 clients):
99 | 5 | 59 | 90 | 62 | 37 | 6 | 85 | 2 | 54 |
-----------------------------------------------------------------Schedule complete
Client 85 trained
Client 85 uploaded
Client 90 trained
Client 90 uploaded
Client 5 trained
Client 5 uploaded
Client 2 trained
Client 2 uploaded
Client 6 trained
Client 6 uploaded
Client 62 trained
Client 62 uploaded
Client 54 trained
Client 54 uploaded
Client 37 trained
Client 37 uploaded
Client 59 trained
Client 59 uploaded
Client 99 trained
Client 99 uploaded
Epoch(t): 34 accuracy: 67.25 loss 0.826831915974617 run_time: 50.70854878425598
TiFL算法: 选择层 3，信用值剩余 4，选择概率 0.2000
Current clients: 20 , select: 10
| current_epoch 35 |. Begin client select
SchedulerThread schedule Tier [3], select(10 clients):
67 | 70 | 32 | 58 | 98 | 35 | 17 | 76 | 78 | 14 |
-----------------------------------------------------------------Schedule complete
Client 14 trained
Client 14 uploaded
Client 76 trained
Client 76 uploaded
Client 32 trained
Client 32 uploaded
Client 70 trained
Client 70 uploaded
Client 17 trained
Client 17 uploaded
Client 98 trained
Client 98 uploaded
Client 58 trained
Client 58 uploaded
Client 78 trained
Client 78 uploaded
Client 67 trained
Client 67 uploaded
Client 35 trained
Client 35 uploaded
Epoch(t): 35 accuracy: 66.26 loss 0.9605803316831589 run_time: 52.41660690307617
TiFL算法: 选择层 2，信用值剩余 4，选择概率 0.2000
Current clients: 20 , select: 10
| current_epoch 36 |. Begin client select
SchedulerThread schedule Tier [2], select(10 clients):
60 | 68 | 84 | 21 | 95 | 4 | 75 | 23 | 63 | 18 |
-----------------------------------------------------------------Schedule complete
Client 21 trained
Client 21 uploaded
Client 68 trained
Client 68 uploaded
Client 60 trained
Client 60 uploaded
Client 75 trained
Client 75 uploaded
Client 18 trained
Client 18 uploaded
Client 63 trained
Client 63 uploaded
Client 95 trained
Client 95 uploaded
Client 23 trained
Client 23 uploaded
Client 84 trained
Client 84 uploaded
Client 4 trained
Client 4 uploaded
Epoch(t): 36 accuracy: 68.02 loss 0.7973810911178589 run_time: 53.488592863082886
TiFL算法: 选择层 0，信用值剩余 3，选择概率 0.2000
Current clients: 20 , select: 10
| current_epoch 37 |. Begin client select
SchedulerThread schedule Tier [0], select(10 clients):
94 | 44 | 22 | 90 | 91 | 99 | 83 | 5 | 37 | 6 |
-----------------------------------------------------------------Schedule complete
Client 83 trained
Client 83 uploaded
Client 5 trained
Client 5 uploaded
Client 94 trained
Client 94 uploaded
Client 90 trained
Client 90 uploaded
Client 44 trained
Client 44 uploaded
Client 6 trained
Client 6 uploaded
Client 99 trained
Client 99 uploaded
Client 22 trained
Client 22 uploaded
Client 91 trained
Client 91 uploaded
Client 37 trained
Client 37 uploaded
Epoch(t): 37 accuracy: 70.26 loss 0.8354825288057327 run_time: 54.970438957214355
TiFL算法: 选择层 2，信用值剩余 3，选择概率 0.2000
Current clients: 20 , select: 10
| current_epoch 38 |. Begin client select
SchedulerThread schedule Tier [2], select(10 clients):
63 | 95 | 21 | 10 | 84 | 7 | 60 | 87 | 38 | 4 |
-----------------------------------------------------------------Schedule complete
Client 21 trained
Client 21 uploaded
Client 7 trained
Client 7 uploaded
Client 87 trained
Client 87 uploaded
Client 95 trained
Client 95 uploaded
Client 60 trained
Client 60 uploaded
Client 10 trained
Client 10 uploaded
Client 63 trained
Client 63 uploaded
Client 84 trained
Client 84 uploaded
Client 38 trained
Client 38 uploaded
Client 4 trained
Client 4 uploaded
Epoch(t): 38 accuracy: 62.43 loss 1.2358806681632997 run_time: 55.94238233566284
TiFL算法: 选择层 0，信用值剩余 2，选择概率 0.2000
Current clients: 20 , select: 10
| current_epoch 39 |. Begin client select
SchedulerThread schedule Tier [0], select(10 clients):
90 | 59 | 99 | 97 | 5 | 39 | 62 | 37 | 91 | 1 |
-----------------------------------------------------------------Schedule complete
Client 39 trained
Client 39 uploaded
Client 5 trained
Client 5 uploaded
Client 90 trained
Client 90 uploaded
Client 97 trained
Client 97 uploaded
Client 1 trained
Client 1 uploaded
Client 62 trained
Client 62 uploaded
Client 99 trained
Client 99 uploaded
Client 37 trained
Client 37 uploaded
Client 59 trained
Client 59 uploaded
Client 91 trained
Client 91 uploaded
Epoch(t): 39 accuracy: 67.35 loss 0.9066576594114304 run_time: 57.43451976776123
各层当前精度: [(0, 0), (1, 0), (2, 0), (3, 0), (4, 0)]
各层当前信用值: [2, 4, 3, 4, 3]
层0 精度=0.0000 排名=1/5 初始概率=0.5000
层1 精度=0.0000 排名=2/5 初始概率=0.4000
层2 精度=0.0000 排名=3/5 初始概率=0.3000
层3 精度=0.0000 排名=4/5 初始概率=0.2000
层4 精度=0.0000 排名=5/5 初始概率=0.1000
更新后的层选择概率: ['0.3333', '0.2667', '0.2000', '0.1333', '0.0667']
TiFL算法: 选择层 3，信用值剩余 3，选择概率 0.1333
Current clients: 20 , select: 10
| current_epoch 40 |. Begin client select
SchedulerThread schedule Tier [3], select(10 clients):
76 | 77 | 78 | 98 | 32 | 96 | 58 | 92 | 65 | 17 |
-----------------------------------------------------------------Schedule complete
Client 76 trained
Client 76 uploaded
Client 32 trained
Client 32 uploaded
Client 17 trained
Client 17 uploaded
Client 96 trained
Client 96 uploaded
Client 78 trained
Client 78 uploaded
Client 98 trained
Client 98 uploaded
Client 77 trained
Client 77 uploaded
Client 65 trained
Client 65 uploaded
Client 92 trained
Client 92 uploaded
Client 58 trained
Client 58 uploaded
Epoch(t): 40 accuracy: 65.55 loss 0.864893056154251 run_time: 59.31692433357239
TiFL算法: 选择层 0，信用值剩余 1，选择概率 0.3333
Current clients: 20 , select: 10
| current_epoch 41 |. Begin client select
SchedulerThread schedule Tier [0], select(10 clients):
22 | 6 | 83 | 91 | 8 | 1 | 54 | 85 | 5 | 2 |
-----------------------------------------------------------------Schedule complete
Client 83 trained
Client 83 uploaded
Client 8 trained
Client 8 uploaded
Client 5 trained
Client 5 uploaded
Client 6 trained
Client 6 uploaded
Client 85 trained
Client 85 uploaded
Client 22 trained
Client 22 uploaded
Client 54 trained
Client 54 uploaded
Client 2 trained
Client 2 uploaded
Client 91 trained
Client 91 uploaded
Client 1 trained
Client 1 uploaded
Epoch(t): 41 accuracy: 63.53 loss 1.0289675599336625 run_time: 60.588003635406494
TiFL算法: 选择层 2，信用值剩余 2，选择概率 0.2000
Current clients: 20 , select: 10
| current_epoch 42 |. Begin client select
SchedulerThread schedule Tier [2], select(10 clients):
7 | 38 | 60 | 95 | 18 | 87 | 74 | 84 | 75 | 89 |
-----------------------------------------------------------------Schedule complete
Client 7 trained
Client 7 uploaded
Client 74 trained
Client 74 uploaded
Client 60 trained
Client 60 uploaded
Client 38 trained
Client 38 uploaded
Client 87 trained
Client 87 uploaded
Client 75 trained
Client 75 uploaded
Client 84 trained
Client 84 uploaded
Client 95 trained
Client 95 uploaded
Client 89 trained
Client 89 uploaded
Client 18 trained
Client 18 uploaded
Epoch(t): 42 accuracy: 66.16 loss 0.8038735151290893 run_time: 61.81832456588745
TiFL算法: 选择层 0，信用值剩余 0，选择概率 0.3333
Current clients: 20 , select: 10
| current_epoch 43 |. Begin client select
SchedulerThread schedule Tier [0], select(10 clients):
54 | 59 | 62 | 8 | 90 | 34 | 5 | 97 | 94 | 85 |
-----------------------------------------------------------------Schedule complete
Client 5 trained
Client 5 uploaded
Client 97 trained
Client 97 uploaded
Client 8 trained
Client 8 uploaded
Client 94 trained
Client 94 uploaded
Client 54 trained
Client 54 uploaded
Client 85 trained
Client 85 uploaded
Client 62 trained
Client 62 uploaded
Client 90 trained
Client 90 uploaded
Client 34 trained
Client 34 uploaded
Client 59 trained
Client 59 uploaded
Epoch(t): 43 accuracy: 68.03 loss 0.8129900395870209 run_time: 63.184485912323
TiFL算法: 选择层 1，信用值剩余 3，选择概率 0.2667
Current clients: 20 , select: 10
| current_epoch 44 |. Begin client select
SchedulerThread schedule Tier [1], select(10 clients):
53 | 9 | 46 | 43 | 25 | 13 | 93 | 86 | 15 | 16 |
-----------------------------------------------------------------Schedule complete
Client 53 trained
Client 53 uploaded
Client 16 trained
Client 16 uploaded
Client 86 trained
Client 86 uploaded
Client 25 trained
Client 25 uploaded
Client 46 trained
Client 46 uploaded
Client 13 trained
Client 13 uploaded
Client 15 trained
Client 15 uploaded
Client 43 trained
Client 43 uploaded
Client 93 trained
Client 93 uploaded
Client 9 trained
Client 9 uploaded
Epoch(t): 44 accuracy: 65.55 loss 0.8557189667224884 run_time: 65.1733546257019
TiFL算法: 选择层 1，信用值剩余 2，选择概率 0.2667
Current clients: 20 , select: 10
| current_epoch 45 |. Begin client select
SchedulerThread schedule Tier [1], select(10 clients):
53 | 36 | 9 | 69 | 27 | 43 | 25 | 33 | 81 | 93 |
-----------------------------------------------------------------Schedule complete
Client 53 trained
Client 53 uploaded
Client 25 trained
Client 25 uploaded
Client 69 trained
Client 69 uploaded
Client 43 trained
Client 43 uploaded
Client 27 trained
Client 27 uploaded
Client 93 trained
Client 93 uploaded
Client 9 trained
Client 9 uploaded
Client 36 trained
Client 36 uploaded
Client 81 trained
Client 81 uploaded
Client 33 trained
Client 33 uploaded
Epoch(t): 45 accuracy: 67.99 loss 0.7550973492860794 run_time: 66.94014716148376
TiFL算法: 选择层 4，信用值剩余 2，选择概率 0.0667
Current clients: 20 , select: 10
| current_epoch 46 |. Begin client select
SchedulerThread schedule Tier [4], select(10 clients):
41 | 56 | 40 | 72 | 28 | 19 | 71 | 52 | 79 | 49 |
-----------------------------------------------------------------Schedule complete
Client 41 trained
Client 41 uploaded
Client 72 trained
Client 72 uploaded
Client 71 trained
Client 71 uploaded
Client 52 trained
Client 52 uploaded
Client 28 trained
Client 28 uploaded
Client 40 trained
Client 40 uploaded
Client 79 trained
Client 79 uploaded
Client 49 trained
Client 49 uploaded
Client 19 trained
Client 19 uploaded
Client 56 trained
Client 56 uploaded
Epoch(t): 46 accuracy: 63.12 loss 1.1462550455331801 run_time: 68.3053629398346
TiFL算法: 选择层 2，信用值剩余 1，选择概率 0.2000
Current clients: 20 , select: 10
| current_epoch 47 |. Begin client select
SchedulerThread schedule Tier [2], select(10 clients):
21 | 87 | 10 | 7 | 20 | 31 | 18 | 60 | 75 | 74 |
-----------------------------------------------------------------Schedule complete
Client 7 trained
Client 7 uploaded
Client 21 trained
Client 21 uploaded
Client 74 trained
Client 74 uploaded
Client 75 trained
Client 75 uploaded
Client 60 trained
Client 60 uploaded
Client 87 trained
Client 87 uploaded
Client 18 trained
Client 18 uploaded
Client 10 trained
Client 10 uploaded
Client 31 trained
Client 31 uploaded
Client 20 trained
Client 20 uploaded
Epoch(t): 47 accuracy: 68.22 loss 0.7508098405599594 run_time: 69.42506670951843
TiFL算法: 选择层 4，信用值剩余 1，选择概率 0.0667
Current clients: 20 , select: 10
| current_epoch 48 |. Begin client select
SchedulerThread schedule Tier [4], select(10 clients):
52 | 47 | 49 | 45 | 80 | 61 | 40 | 79 | 64 | 56 |
-----------------------------------------------------------------Schedule complete
Client 80 trained
Client 80 uploaded
Client 64 trained
Client 64 uploaded
Client 79 trained
Client 79 uploaded
Client 49 trained
Client 49 uploaded
Client 40 trained
Client 40 uploaded
Client 52 trained
Client 52 uploaded
Client 45 trained
Client 45 uploaded
Client 61 trained
Client 61 uploaded
Client 47 trained
Client 47 uploaded
Client 56 trained
Client 56 uploaded
Epoch(t): 48 accuracy: 64.11 loss 0.9390196335315705 run_time: 70.8226330280304
TiFL算法: 选择层 3，信用值剩余 2，选择概率 0.1333
Current clients: 20 , select: 10
| current_epoch 49 |. Begin client select
SchedulerThread schedule Tier [3], select(10 clients):
76 | 66 | 29 | 96 | 11 | 65 | 98 | 14 | 92 | 17 |
-----------------------------------------------------------------Schedule complete
Client 76 trained
Client 76 uploaded
Client 29 trained
Client 29 uploaded
Client 14 trained
Client 14 uploaded
Client 17 trained
Client 17 uploaded
Client 65 trained
Client 65 uploaded
Client 92 trained
Client 92 uploaded
Client 96 trained
Client 96 uploaded
Client 11 trained
Client 11 uploaded
Client 66 trained
Client 66 uploaded
Client 98 trained
Client 98 uploaded
Epoch(t): 49 accuracy: 59.98 loss 1.1000539821386337 run_time: 72.63013124465942
TiFL算法: 选择层 1，信用值剩余 1，选择概率 0.2667
Current clients: 20 , select: 10
| current_epoch 50 |. Begin client select
SchedulerThread schedule Tier [1], select(10 clients):
81 | 86 | 15 | 93 | 43 | 50 | 16 | 9 | 24 | 27 |
-----------------------------------------------------------------Schedule complete
Client 86 trained
Client 86 uploaded
Client 43 trained
Client 43 uploaded
Client 16 trained
Client 16 uploaded
Client 50 trained
Client 50 uploaded
Client 93 trained
Client 93 uploaded
Client 24 trained
Client 24 uploaded
Client 15 trained
Client 15 uploaded
Client 27 trained
Client 27 uploaded
Client 81 trained
Client 81 uploaded
Client 9 trained
Client 9 uploaded
Epoch(t): 50 accuracy: 68.42 loss 0.8181977128982544 run_time: 74.48331499099731
TiFL算法: 选择层 3，信用值剩余 1，选择概率 0.1333
Current clients: 20 , select: 10
| current_epoch 51 |. Begin client select
SchedulerThread schedule Tier [3], select(10 clients):
29 | 67 | 66 | 0 | 76 | 57 | 11 | 14 | 65 | 77 |
-----------------------------------------------------------------Schedule complete
Client 29 trained
Client 29 uploaded
Client 76 trained
Client 76 uploaded
Client 14 trained
Client 14 uploaded
Client 11 trained
Client 11 uploaded
Client 66 trained
Client 66 uploaded
Client 67 trained
Client 67 uploaded
Client 57 trained
Client 57 uploaded
Client 77 trained
Client 77 uploaded
Client 65 trained
Client 65 uploaded
Client 0 trained
Client 0 uploaded
Epoch(t): 51 accuracy: 62.5 loss 0.9629952359199524 run_time: 75.60683703422546
TiFL算法: 选择层 1，信用值剩余 0，选择概率 0.2667
Current clients: 20 , select: 10
| current_epoch 52 |. Begin client select
SchedulerThread schedule Tier [1], select(10 clients):
88 | 15 | 43 | 27 | 9 | 24 | 82 | 33 | 46 | 36 |
-----------------------------------------------------------------Schedule complete
Client 9 trained
Client 9 uploaded
Client 24 trained
Client 24 uploaded
Client 43 trained
Client 43 uploaded
Client 46 trained
Client 46 uploaded
Client 27 trained
Client 27 uploaded
Client 36 trained
Client 36 uploaded
Client 82 trained
Client 82 uploaded
Client 15 trained
Client 15 uploaded
Client 33 trained
Client 33 uploaded
Client 88 trained
Client 88 uploaded
Epoch(t): 52 accuracy: 69.04 loss 0.8499841034412384 run_time: 77.55296277999878
TiFL算法: 选择层 3，信用值剩余 0，选择概率 0.1333
Current clients: 20 , select: 10
| current_epoch 53 |. Begin client select
SchedulerThread schedule Tier [3], select(10 clients):
98 | 67 | 0 | 11 | 76 | 96 | 30 | 92 | 32 | 57 |
-----------------------------------------------------------------Schedule complete
Client 76 trained
Client 76 uploaded
Client 32 trained
Client 32 uploaded
Client 92 trained
Client 92 uploaded
Client 30 trained
Client 30 uploaded
Client 67 trained
Client 67 uploaded
Client 11 trained
Client 11 uploaded
Client 96 trained
Client 96 uploaded
Client 57 trained
Client 57 uploaded
Client 98 trained
Client 98 uploaded
Client 0 trained
Client 0 uploaded
Epoch(t): 53 accuracy: 63.08 loss 1.001217468380928 run_time: 79.21309757232666
TiFL算法: 选择层 4，信用值剩余 0，选择概率 0.0667
Current clients: 20 , select: 10
| current_epoch 54 |. Begin client select
SchedulerThread schedule Tier [4], select(10 clients):
41 | 48 | 45 | 79 | 61 | 26 | 64 | 56 | 3 | 71 |
-----------------------------------------------------------------Schedule complete
Client 41 trained
Client 41 uploaded
Client 48 trained
Client 48 uploaded
Client 71 trained
Client 71 uploaded
Client 79 trained
Client 79 uploaded
Client 64 trained
Client 64 uploaded
Client 26 trained
Client 26 uploaded
Client 61 trained
Client 61 uploaded
Client 3 trained
Client 3 uploaded
Client 45 trained
Client 45 uploaded
Client 56 trained
Client 56 uploaded
Epoch(t): 54 accuracy: 60.23 loss 1.1651229399442673 run_time: 80.53488826751709
TiFL算法: 选择层 2，信用值剩余 0，选择概率 0.2000
Current clients: 20 , select: 10
| current_epoch 55 |. Begin client select
SchedulerThread schedule Tier [2], select(10 clients):
87 | 12 | 84 | 31 | 10 | 18 | 20 | 63 | 60 | 95 |
-----------------------------------------------------------------Schedule complete
Client 18 trained
Client 18 uploaded
Client 87 trained
Client 87 uploaded
Client 95 trained
Client 95 uploaded
Client 10 trained
Client 10 uploaded
Client 60 trained
Client 60 uploaded
Client 84 trained
Client 84 uploaded
Client 31 trained
Client 31 uploaded
Client 63 trained
Client 63 uploaded
Client 20 trained
Client 20 uploaded
Client 12 trained
Client 12 uploaded
Epoch(t): 55 accuracy: 69.79 loss 0.7149584740400314 run_time: 81.59755778312683
所有层信用值已用尽，重置所有层信用值
TiFL算法: 选择层 0，信用值剩余 4，选择概率 0.3333
Current clients: 20 , select: 10
| current_epoch 56 |. Begin client select
SchedulerThread schedule Tier [0], select(10 clients):
62 | 59 | 37 | 91 | 1 | 8 | 90 | 94 | 39 | 83 |
-----------------------------------------------------------------Schedule complete
Client 39 trained
Client 39 uploaded
Client 83 trained
Client 83 uploaded
Client 8 trained
Client 8 uploaded
Client 94 trained
Client 94 uploaded
Client 1 trained
Client 1 uploaded
Client 90 trained
Client 90 uploaded
Client 62 trained
Client 62 uploaded
Client 59 trained
Client 59 uploaded
Client 91 trained
Client 91 uploaded
Client 37 trained
Client 37 uploaded
Epoch(t): 56 accuracy: 67.82 loss 0.7691140496730804 run_time: 82.87736582756042
TiFL算法: 选择层 0，信用值剩余 3，选择概率 0.3333
Current clients: 20 , select: 10
| current_epoch 57 |. Begin client select
SchedulerThread schedule Tier [0], select(10 clients):
83 | 97 | 59 | 34 | 39 | 6 | 8 | 85 | 99 | 91 |
-----------------------------------------------------------------Schedule complete
Client 39 trained
Client 39 uploaded
Client 83 trained
Client 83 uploaded
Client 97 trained
Client 97 uploaded
Client 59 trained
Client 59 uploaded
Client 8 trained
Client 8 uploaded
Client 85 trained
Client 85 uploaded
Client 6 trained
Client 6 uploaded
Client 34 trained
Client 34 uploaded
Client 91 trained
Client 91 uploaded
Client 99 trained
Client 99 uploaded
Epoch(t): 57 accuracy: 68.68 loss 0.885260129570961 run_time: 84.19641876220703
TiFL算法: 选择层 3，信用值剩余 4，选择概率 0.1333
Current clients: 20 , select: 10
| current_epoch 58 |. Begin client select
SchedulerThread schedule Tier [3], select(10 clients):
29 | 76 | 35 | 57 | 70 | 98 | 77 | 17 | 78 | 30 |
-----------------------------------------------------------------Schedule complete
Client 29 trained
Client 29 uploaded
Client 76 trained
Client 76 uploaded
Client 17 trained
Client 17 uploaded
Client 70 trained
Client 70 uploaded
Client 57 trained
Client 57 uploaded
Client 78 trained
Client 78 uploaded
Client 77 trained
Client 77 uploaded
Client 35 trained
Client 35 uploaded
Client 30 trained
Client 30 uploaded
Client 98 trained
Client 98 uploaded
Epoch(t): 58 accuracy: 62.9 loss 0.9930850696563721 run_time: 85.89715528488159
TiFL算法: 选择层 2，信用值剩余 4，选择概率 0.2000
Current clients: 20 , select: 10
| current_epoch 59 |. Begin client select
SchedulerThread schedule Tier [2], select(10 clients):
95 | 4 | 84 | 31 | 38 | 12 | 18 | 7 | 21 | 68 |
-----------------------------------------------------------------Schedule complete
Client 7 trained
Client 7 uploaded
Client 21 trained
Client 21 uploaded
Client 95 trained
Client 95 uploaded
Client 84 trained
Client 84 uploaded
Client 18 trained
Client 18 uploaded
Client 31 trained
Client 31 uploaded
Client 4 trained
Client 4 uploaded
Client 38 trained
Client 38 uploaded
Client 68 trained
Client 68 uploaded
Client 12 trained
Client 12 uploaded
Epoch(t): 59 accuracy: 59.27 loss 0.9552063643932343 run_time: 86.9587230682373
各层当前精度: [(0, 0), (1, 0), (2, 0), (3, 0), (4, 0)]
各层当前信用值: [3, 5, 4, 4, 5]
层0 精度=0.0000 排名=1/5 初始概率=0.5000
层1 精度=0.0000 排名=2/5 初始概率=0.4000
层2 精度=0.0000 排名=3/5 初始概率=0.3000
层3 精度=0.0000 排名=4/5 初始概率=0.2000
层4 精度=0.0000 排名=5/5 初始概率=0.1000
更新后的层选择概率: ['0.3333', '0.2667', '0.2000', '0.1333', '0.0667']
TiFL算法: 选择层 2，信用值剩余 3，选择概率 0.2000
Current clients: 20 , select: 10
| current_epoch 60 |. Begin client select
SchedulerThread schedule Tier [2], select(10 clients):
60 | 4 | 75 | 89 | 38 | 95 | 20 | 63 | 31 | 84 |
-----------------------------------------------------------------Schedule complete
Client 95 trained
Client 95 uploaded
Client 60 trained
Client 60 uploaded
Client 38 trained
Client 38 uploaded
Client 75 trained
Client 75 uploaded
Client 31 trained
Client 31 uploaded
Client 89 trained
Client 89 uploaded
Client 84 trained
Client 84 uploaded
Client 63 trained
Client 63 uploaded
Client 20 trained
Client 20 uploaded
Client 4 trained
Client 4 uploaded
Epoch(t): 60 accuracy: 72.41 loss 0.662185495197773 run_time: 88.19304418563843
TiFL算法: 选择层 2，信用值剩余 2，选择概率 0.2000
Current clients: 20 , select: 10
| current_epoch 61 |. Begin client select
SchedulerThread schedule Tier [2], select(10 clients):
84 | 89 | 55 | 21 | 4 | 23 | 7 | 95 | 63 | 20 |
-----------------------------------------------------------------Schedule complete
Client 7 trained
Client 7 uploaded
Client 21 trained
Client 21 uploaded
Client 95 trained
Client 95 uploaded
Client 84 trained
Client 84 uploaded
Client 20 trained
Client 20 uploaded
Client 63 trained
Client 63 uploaded
Client 55 trained
Client 55 uploaded
Client 23 trained
Client 23 uploaded
Client 4 trained
Client 4 uploaded
Client 89 trained
Client 89 uploaded
Epoch(t): 61 accuracy: 73.2 loss 0.7630699890851974 run_time: 89.27235889434814
TiFL算法: 选择层 0，信用值剩余 2，选择概率 0.3333
Current clients: 20 , select: 10
| current_epoch 62 |. Begin client select
SchedulerThread schedule Tier [0], select(10 clients):
99 | 90 | 6 | 85 | 37 | 2 | 8 | 59 | 54 | 22 |
-----------------------------------------------------------------Schedule complete
Client 8 trained
Client 8 uploaded
Client 59 trained
Client 59 uploaded
Client 85 trained
Client 85 uploaded
Client 90 trained
Client 90 uploaded
Client 6 trained
Client 6 uploaded
Client 37 trained
Client 37 uploaded
Client 54 trained
Client 54 uploaded
Client 22 trained
Client 22 uploaded
Client 2 trained
Client 2 uploaded
Client 99 trained
Client 99 uploaded
Epoch(t): 62 accuracy: 70.75 loss 0.7327913194894791 run_time: 90.61699676513672
TiFL算法: 选择层 1，信用值剩余 4，选择概率 0.2667
Current clients: 20 , select: 10
| current_epoch 63 |. Begin client select
SchedulerThread schedule Tier [1], select(10 clients):
15 | 13 | 43 | 86 | 16 | 36 | 53 | 33 | 25 | 69 |
-----------------------------------------------------------------Schedule complete
Client 86 trained
Client 86 uploaded
Client 43 trained
Client 43 uploaded
Client 16 trained
Client 16 uploaded
Client 25 trained
Client 25 uploaded
Client 69 trained
Client 69 uploaded
Client 53 trained
Client 53 uploaded
Client 33 trained
Client 33 uploaded
Client 36 trained
Client 36 uploaded
Client 13 trained
Client 13 uploaded
Client 15 trained
Client 15 uploaded
Epoch(t): 63 accuracy: 69.72 loss 0.800904877781868 run_time: 92.39878845214844
TiFL算法: 选择层 0，信用值剩余 1，选择概率 0.3333
Current clients: 20 , select: 10
| current_epoch 64 |. Begin client select
SchedulerThread schedule Tier [0], select(10 clients):
83 | 34 | 91 | 97 | 39 | 6 | 44 | 37 | 59 | 54 |
-----------------------------------------------------------------Schedule complete
Client 83 trained
Client 83 uploaded
Client 39 trained
Client 39 uploaded
Client 59 trained
Client 59 uploaded
Client 97 trained
Client 97 uploaded
Client 44 trained
Client 44 uploaded
Client 37 trained
Client 37 uploaded
Client 6 trained
Client 6 uploaded
Client 54 trained
Client 54 uploaded
Client 34 trained
Client 34 uploaded
Client 91 trained
Client 91 uploaded
Epoch(t): 64 accuracy: 72.39 loss 0.685231337249279 run_time: 93.57288932800293
TiFL算法: 选择层 3，信用值剩余 3，选择概率 0.1333
Current clients: 20 , select: 10
| current_epoch 65 |. Begin client select
SchedulerThread schedule Tier [3], select(10 clients):
30 | 17 | 35 | 92 | 0 | 65 | 11 | 66 | 98 | 76 |
-----------------------------------------------------------------Schedule complete
Client 76 trained
Client 76 uploaded
Client 17 trained
Client 17 uploaded
Client 65 trained
Client 65 uploaded
Client 92 trained
Client 92 uploaded
Client 66 trained
Client 66 uploaded
Client 30 trained
Client 30 uploaded
Client 11 trained
Client 11 uploaded
Client 0 trained
Client 0 uploaded
Client 35 trained
Client 35 uploaded
Client 98 trained
Client 98 uploaded
Epoch(t): 65 accuracy: 71.8 loss 0.7479315879940986 run_time: 95.23891377449036
TiFL算法: 选择层 2，信用值剩余 1，选择概率 0.2000
Current clients: 20 , select: 10
| current_epoch 66 |. Begin client select
SchedulerThread schedule Tier [2], select(10 clients):
31 | 20 | 75 | 4 | 95 | 12 | 21 | 74 | 68 | 84 |
-----------------------------------------------------------------Schedule complete
Client 21 trained
Client 21 uploaded
Client 74 trained
Client 74 uploaded
Client 95 trained
Client 95 uploaded
Client 20 trained
Client 20 uploaded
Client 75 trained
Client 75 uploaded
Client 31 trained
Client 31 uploaded
Client 4 trained
Client 4 uploaded
Client 84 trained
Client 84 uploaded
Client 68 trained
Client 68 uploaded
Client 12 trained
Client 12 uploaded
Epoch(t): 66 accuracy: 74.85 loss 0.6178767704963684 run_time: 96.30595564842224
TiFL算法: 选择层 0，信用值剩余 0，选择概率 0.3333
Current clients: 20 , select: 10
| current_epoch 67 |. Begin client select
SchedulerThread schedule Tier [0], select(10 clients):
97 | 91 | 85 | 83 | 37 | 2 | 62 | 6 | 90 | 39 |
-----------------------------------------------------------------Schedule complete
Client 39 trained
Client 39 uploaded
Client 83 trained
Client 83 uploaded
Client 90 trained
Client 90 uploaded
Client 85 trained
Client 85 uploaded
Client 6 trained
Client 6 uploaded
Client 37 trained
Client 37 uploaded
Client 2 trained
Client 2 uploaded
Client 97 trained
Client 97 uploaded
Client 91 trained
Client 91 uploaded
Client 62 trained
Client 62 uploaded
Epoch(t): 67 accuracy: 75.09 loss 0.6365095818042755 run_time: 97.41476345062256
TiFL算法: 选择层 2，信用值剩余 0，选择概率 0.2000
Current clients: 20 , select: 10
| current_epoch 68 |. Begin client select
SchedulerThread schedule Tier [2], select(10 clients):
20 | 31 | 68 | 4 | 38 | 75 | 10 | 60 | 95 | 18 |
-----------------------------------------------------------------Schedule complete
Client 75 trained
Client 75 uploaded
Client 60 trained
Client 60 uploaded
Client 38 trained
Client 38 uploaded
Client 20 trained
Client 20 uploaded
Client 95 trained
Client 95 uploaded
Client 18 trained
Client 18 uploaded
Client 68 trained
Client 68 uploaded
Client 4 trained
Client 4 uploaded
Client 31 trained
Client 31 uploaded
Client 10 trained
Client 10 uploaded
Epoch(t): 68 accuracy: 68.55 loss 0.7094284251332283 run_time: 98.678879737854
TiFL算法: 选择层 3，信用值剩余 2，选择概率 0.1333
Current clients: 20 , select: 10
| current_epoch 69 |. Begin client select
SchedulerThread schedule Tier [3], select(10 clients):
77 | 58 | 92 | 98 | 78 | 57 | 29 | 32 | 30 | 96 |
-----------------------------------------------------------------Schedule complete
Client 29 trained
Client 29 uploaded
Client 32 trained
Client 32 uploaded
Client 78 trained
Client 78 uploaded
Client 96 trained
Client 96 uploaded
Client 98 trained
Client 98 uploaded
Client 92 trained
Client 92 uploaded
Client 77 trained
Client 77 uploaded
Client 30 trained
Client 30 uploaded
Client 57 trained
Client 57 uploaded
Client 58 trained
Client 58 uploaded
Epoch(t): 69 accuracy: 67.99 loss 0.8651729530096054 run_time: 100.55810070037842
TiFL算法: 选择层 1，信用值剩余 3，选择概率 0.2667
Current clients: 20 , select: 10
| current_epoch 70 |. Begin client select
SchedulerThread schedule Tier [1], select(10 clients):
50 | 25 | 53 | 15 | 46 | 24 | 13 | 69 | 43 | 86 |
-----------------------------------------------------------------Schedule complete
Client 25 trained
Client 25 uploaded
Client 43 trained
Client 43 uploaded
Client 86 trained
Client 86 uploaded
Client 69 trained
Client 69 uploaded
Client 53 trained
Client 53 uploaded
Client 24 trained
Client 24 uploaded
Client 15 trained
Client 15 uploaded
Client 13 trained
Client 13 uploaded
Client 46 trained
Client 46 uploaded
Client 50 trained
Client 50 uploaded
Epoch(t): 70 accuracy: 71.0 loss 0.6892354109883309 run_time: 102.18709063529968
TiFL算法: 选择层 1，信用值剩余 2，选择概率 0.2667
Current clients: 20 , select: 10
| current_epoch 71 |. Begin client select
SchedulerThread schedule Tier [1], select(10 clients):
69 | 46 | 15 | 82 | 36 | 27 | 9 | 13 | 24 | 93 |
-----------------------------------------------------------------Schedule complete
Client 69 trained
Client 69 uploaded
Client 24 trained
Client 24 uploaded
Client 9 trained
Client 9 uploaded
Client 93 trained
Client 93 uploaded
Client 46 trained
Client 46 uploaded
Client 27 trained
Client 27 uploaded
Client 13 trained
Client 13 uploaded
Client 36 trained
Client 36 uploaded
Client 15 trained
Client 15 uploaded
Client 82 trained
Client 82 uploaded
Epoch(t): 71 accuracy: 72.68 loss 0.6811547040939331 run_time: 103.54646134376526
TiFL算法: 选择层 1，信用值剩余 1，选择概率 0.2667
Current clients: 20 , select: 10
| current_epoch 72 |. Begin client select
SchedulerThread schedule Tier [1], select(10 clients):
69 | 9 | 24 | 33 | 25 | 82 | 88 | 86 | 16 | 15 |
-----------------------------------------------------------------Schedule complete
Client 25 trained
Client 25 uploaded
Client 86 trained
Client 86 uploaded
Client 69 trained
Client 69 uploaded
Client 16 trained
Client 16 uploaded
Client 9 trained
Client 9 uploaded
Client 24 trained
Client 24 uploaded
Client 88 trained
Client 88 uploaded
Client 82 trained
Client 82 uploaded
Client 15 trained
Client 15 uploaded
Client 33 trained
Client 33 uploaded
Epoch(t): 72 accuracy: 72.71 loss 0.6862216696143151 run_time: 105.71450448036194
TiFL算法: 选择层 1，信用值剩余 0，选择概率 0.2667
Current clients: 20 , select: 10
| current_epoch 73 |. Begin client select
SchedulerThread schedule Tier [1], select(10 clients):
27 | 15 | 13 | 53 | 69 | 93 | 33 | 88 | 16 | 24 |
-----------------------------------------------------------------Schedule complete
Client 53 trained
Client 53 uploaded
Client 69 trained
Client 69 uploaded
Client 16 trained
Client 16 uploaded
Client 24 trained
Client 24 uploaded
Client 27 trained
Client 27 uploaded
Client 33 trained
Client 33 uploaded
Client 93 trained
Client 93 uploaded
Client 15 trained
Client 15 uploaded
Client 13 trained
Client 13 uploaded
Client 88 trained
Client 88 uploaded
Epoch(t): 73 accuracy: 67.04 loss 0.8812123715877533 run_time: 107.6288149356842
TiFL算法: 选择层 3，信用值剩余 1，选择概率 0.1333
Current clients: 20 , select: 10
| current_epoch 74 |. Begin client select
SchedulerThread schedule Tier [3], select(10 clients):
29 | 0 | 78 | 14 | 76 | 32 | 57 | 30 | 77 | 70 |
-----------------------------------------------------------------Schedule complete
Client 29 trained
Client 29 uploaded
Client 76 trained
Client 76 uploaded
Client 14 trained
Client 14 uploaded
Client 32 trained
Client 32 uploaded
Client 57 trained
Client 57 uploaded
Client 78 trained
Client 78 uploaded
Client 77 trained
Client 77 uploaded
Client 70 trained
Client 70 uploaded
Client 0 trained
Client 0 uploaded
Client 30 trained
Client 30 uploaded
Epoch(t): 74 accuracy: 64.21 loss 0.942218479514122 run_time: 108.84818172454834
TiFL算法: 选择层 3，信用值剩余 0，选择概率 0.1333
Current clients: 20 , select: 10
| current_epoch 75 |. Begin client select
SchedulerThread schedule Tier [3], select(10 clients):
32 | 98 | 76 | 92 | 29 | 11 | 57 | 17 | 35 | 58 |
-----------------------------------------------------------------Schedule complete
Client 76 trained
Client 76 uploaded
Client 29 trained
Client 29 uploaded
Client 32 trained
Client 32 uploaded
Client 17 trained
Client 17 uploaded
Client 92 trained
Client 92 uploaded
Client 58 trained
Client 58 uploaded
Client 11 trained
Client 11 uploaded
Client 57 trained
Client 57 uploaded
Client 35 trained
Client 35 uploaded
Client 98 trained
Client 98 uploaded
Epoch(t): 75 accuracy: 71.89 loss 0.8500421941280365 run_time: 110.34363627433777
TiFL算法: 选择层 4，信用值剩余 4，选择概率 0.0667
Current clients: 20 , select: 10
| current_epoch 76 |. Begin client select
SchedulerThread schedule Tier [4], select(10 clients):
42 | 49 | 28 | 47 | 61 | 72 | 79 | 56 | 40 | 73 |
-----------------------------------------------------------------Schedule complete
Client 72 trained
Client 72 uploaded
Client 73 trained
Client 73 uploaded
Client 28 trained
Client 28 uploaded
Client 79 trained
Client 79 uploaded
Client 49 trained
Client 49 uploaded
Client 61 trained
Client 61 uploaded
Client 40 trained
Client 40 uploaded
Client 47 trained
Client 47 uploaded
Client 42 trained
Client 42 uploaded
Client 56 trained
Client 56 uploaded
Epoch(t): 76 accuracy: 67.58 loss 0.8788468265533447 run_time: 111.6857328414917
TiFL算法: 选择层 4，信用值剩余 3，选择概率 0.0667
Current clients: 20 , select: 10
| current_epoch 77 |. Begin client select
SchedulerThread schedule Tier [4], select(10 clients):
71 | 72 | 3 | 47 | 41 | 52 | 26 | 45 | 40 | 56 |
-----------------------------------------------------------------Schedule complete
Client 72 trained
Client 72 uploaded
Client 71 trained
Client 71 uploaded
Client 41 trained
Client 41 uploaded
Client 3 trained
Client 3 uploaded
Client 45 trained
Client 45 uploaded
Client 52 trained
Client 52 uploaded
Client 40 trained
Client 40 uploaded
Client 47 trained
Client 47 uploaded
Client 26 trained
Client 26 uploaded
Client 56 trained
Client 56 uploaded
Epoch(t): 77 accuracy: 65.21 loss 0.9070584970712662 run_time: 112.9668402671814
TiFL算法: 选择层 4，信用值剩余 2，选择概率 0.0667
Current clients: 20 , select: 10
| current_epoch 78 |. Begin client select
SchedulerThread schedule Tier [4], select(10 clients):
26 | 71 | 19 | 61 | 45 | 3 | 72 | 52 | 49 | 73 |
-----------------------------------------------------------------Schedule complete
Client 72 trained
Client 72 uploaded
Client 73 trained
Client 73 uploaded
Client 71 trained
Client 71 uploaded
Client 49 trained
Client 49 uploaded
Client 52 trained
Client 52 uploaded
Client 61 trained
Client 61 uploaded
Client 3 trained
Client 3 uploaded
Client 26 trained
Client 26 uploaded
Client 45 trained
Client 45 uploaded
Client 19 trained
Client 19 uploaded
Epoch(t): 78 accuracy: 74.64 loss 0.6888053488731384 run_time: 114.05598878860474
TiFL算法: 选择层 4，信用值剩余 1，选择概率 0.0667
Current clients: 20 , select: 10
| current_epoch 79 |. Begin client select
SchedulerThread schedule Tier [4], select(10 clients):
71 | 47 | 45 | 19 | 79 | 80 | 52 | 56 | 61 | 72 |
-----------------------------------------------------------------Schedule complete
Client 71 trained
Client 71 uploaded
Client 72 trained
Client 72 uploaded
Client 80 trained
Client 80 uploaded
Client 79 trained
Client 79 uploaded
Client 19 trained
Client 19 uploaded
Client 47 trained
Client 47 uploaded
Client 61 trained
Client 61 uploaded
Client 52 trained
Client 52 uploaded
Client 45 trained
Client 45 uploaded
Client 56 trained
Client 56 uploaded
Epoch(t): 79 accuracy: 70.48 loss 0.7893386030197144 run_time: 115.41119980812073
各层当前精度: [(0, 0), (1, 0), (2, 0), (3, 0), (4, 0)]
各层当前信用值: [0, 0, 0, 0, 1]
层4 精度=0.0000 排名=5/1 初始概率=0.0000
警告：所有概率和为0，使用均匀分布
更新后的层选择概率: ['0.2000', '0.2000', '0.2000', '0.2000', '0.2000']
TiFL算法: 选择层 4，信用值剩余 0，选择概率 0.2000
Current clients: 20 , select: 10
| current_epoch 80 |. Begin client select
SchedulerThread schedule Tier [4], select(10 clients):
64 | 72 | 61 | 48 | 41 | 26 | 19 | 80 | 73 | 52 |
-----------------------------------------------------------------Schedule complete
Client 41 trained
Client 41 uploaded
Client 48 trained
Client 48 uploaded
Client 72 trained
Client 72 uploaded
Client 80 trained
Client 80 uploaded
Client 73 trained
Client 73 uploaded
Client 61 trained
Client 61 uploaded
Client 52 trained
Client 52 uploaded
Client 64 trained
Client 64 uploaded
Client 26 trained
Client 26 uploaded
Client 19 trained
Client 19 uploaded
Epoch(t): 80 accuracy: 72.0 loss 0.7819652706384659 run_time: 116.46567106246948
所有层信用值已用尽，重置所有层信用值
TiFL算法: 选择层 1，信用值剩余 4，选择概率 0.2000
Current clients: 20 , select: 10
| current_epoch 81 |. Begin client select
SchedulerThread schedule Tier [1], select(10 clients):
27 | 53 | 24 | 93 | 51 | 36 | 82 | 9 | 15 | 43 |
-----------------------------------------------------------------Schedule complete
Client 53 trained
Client 53 uploaded
Client 24 trained
Client 24 uploaded
Client 43 trained
Client 43 uploaded
Client 93 trained
Client 93 uploaded
Client 27 trained
Client 27 uploaded
Client 15 trained
Client 15 uploaded
Client 9 trained
Client 9 uploaded
Client 82 trained
Client 82 uploaded
Client 36 trained
Client 36 uploaded
Client 51 trained
Client 51 uploaded
Epoch(t): 81 accuracy: 74.92 loss 0.6443007156252861 run_time: 118.12364959716797
TiFL算法: 选择层 0，信用值剩余 4，选择概率 0.2000
Current clients: 20 , select: 10
| current_epoch 82 |. Begin client select
SchedulerThread schedule Tier [0], select(10 clients):
99 | 54 | 22 | 5 | 94 | 37 | 8 | 1 | 97 | 83 |
-----------------------------------------------------------------Schedule complete
Client 83 trained
Client 83 uploaded
Client 5 trained
Client 5 uploaded
Client 1 trained
Client 1 uploaded
Client 99 trained
Client 99 uploaded
Client 94 trained
Client 94 uploaded
Client 54 trained
Client 54 uploaded
Client 22 trained
Client 22 uploaded
Client 8 trained
Client 8 uploaded
Client 97 trained
Client 97 uploaded
Client 37 trained
Client 37 uploaded
Epoch(t): 82 accuracy: 72.2 loss 0.756212886273861 run_time: 119.78941941261292
TiFL算法: 选择层 0，信用值剩余 3，选择概率 0.2000
Current clients: 20 , select: 10
| current_epoch 83 |. Begin client select
SchedulerThread schedule Tier [0], select(10 clients):
99 | 8 | 6 | 44 | 59 | 97 | 54 | 62 | 37 | 94 |
-----------------------------------------------------------------Schedule complete
Client 97 trained
Client 97 uploaded
Client 94 trained
Client 94 uploaded
Client 59 trained
Client 59 uploaded
Client 8 trained
Client 8 uploaded
Client 37 trained
Client 37 uploaded
Client 99 trained
Client 99 uploaded
Client 62 trained
Client 62 uploaded
Client 6 trained
Client 6 uploaded
Client 54 trained
Client 54 uploaded
Client 44 trained
Client 44 uploaded
Epoch(t): 83 accuracy: 74.11 loss 0.6713544687628746 run_time: 121.37767124176025
TiFL算法: 选择层 2，信用值剩余 4，选择概率 0.2000
Current clients: 20 , select: 10
| current_epoch 84 |. Begin client select
SchedulerThread schedule Tier [2], select(10 clients):
84 | 12 | 63 | 68 | 38 | 60 | 75 | 87 | 95 | 74 |
-----------------------------------------------------------------Schedule complete
Client 74 trained
Client 74 uploaded
Client 60 trained
Client 60 uploaded
Client 75 trained
Client 75 uploaded
Client 38 trained
Client 38 uploaded
Client 95 trained
Client 95 uploaded
Client 68 trained
Client 68 uploaded
Client 87 trained
Client 87 uploaded
Client 63 trained
Client 63 uploaded
Client 84 trained
Client 84 uploaded
Client 12 trained
Client 12 uploaded
Epoch(t): 84 accuracy: 66.72 loss 0.7943727135658264 run_time: 122.55008554458618
TiFL算法: 选择层 3，信用值剩余 4，选择概率 0.2000
Current clients: 20 , select: 10
| current_epoch 85 |. Begin client select
SchedulerThread schedule Tier [3], select(10 clients):
30 | 65 | 77 | 78 | 66 | 17 | 0 | 14 | 58 | 32 |
-----------------------------------------------------------------Schedule complete
Client 14 trained
Client 14 uploaded
Client 32 trained
Client 32 uploaded
Client 17 trained
Client 17 uploaded
Client 78 trained
Client 78 uploaded
Client 30 trained
Client 30 uploaded
Client 65 trained
Client 65 uploaded
Client 77 trained
Client 77 uploaded
Client 66 trained
Client 66 uploaded
Client 0 trained
Client 0 uploaded
Client 58 trained
Client 58 uploaded
Epoch(t): 85 accuracy: 75.63 loss 0.6044389128684997 run_time: 124.15025186538696
TiFL算法: 选择层 0，信用值剩余 2，选择概率 0.2000
Current clients: 20 , select: 10
| current_epoch 86 |. Begin client select
SchedulerThread schedule Tier [0], select(10 clients):
39 | 8 | 91 | 94 | 90 | 62 | 22 | 44 | 85 | 6 |
-----------------------------------------------------------------Schedule complete
Client 39 trained
Client 39 uploaded
Client 8 trained
Client 8 uploaded
Client 85 trained
Client 85 uploaded
Client 94 trained
Client 94 uploaded
Client 44 trained
Client 44 uploaded
Client 90 trained
Client 90 uploaded
Client 6 trained
Client 6 uploaded
Client 91 trained
Client 91 uploaded
Client 22 trained
Client 22 uploaded
Client 62 trained
Client 62 uploaded
Epoch(t): 86 accuracy: 74.34 loss 0.6718025264143944 run_time: 125.36275339126587
TiFL算法: 选择层 2，信用值剩余 3，选择概率 0.2000
Current clients: 20 , select: 10
| current_epoch 87 |. Begin client select
SchedulerThread schedule Tier [2], select(10 clients):
21 | 89 | 63 | 87 | 20 | 55 | 23 | 12 | 31 | 7 |
-----------------------------------------------------------------Schedule complete
Client 21 trained
Client 21 uploaded
Client 7 trained
Client 7 uploaded
Client 87 trained
Client 87 uploaded
Client 31 trained
Client 31 uploaded
Client 20 trained
Client 20 uploaded
Client 63 trained
Client 63 uploaded
Client 23 trained
Client 23 uploaded
Client 55 trained
Client 55 uploaded
Client 12 trained
Client 12 uploaded
Client 89 trained
Client 89 uploaded
Epoch(t): 87 accuracy: 77.36 loss 0.708606778383255 run_time: 126.49041485786438
TiFL算法: 选择层 1，信用值剩余 3，选择概率 0.2000
Current clients: 20 , select: 10
| current_epoch 88 |. Begin client select
SchedulerThread schedule Tier [1], select(10 clients):
50 | 88 | 46 | 24 | 13 | 69 | 33 | 36 | 15 | 81 |
-----------------------------------------------------------------Schedule complete
Client 69 trained
Client 69 uploaded
Client 24 trained
Client 24 uploaded
Client 46 trained
Client 46 uploaded
Client 50 trained
Client 50 uploaded
Client 15 trained
Client 15 uploaded
Client 33 trained
Client 33 uploaded
Client 36 trained
Client 36 uploaded
Client 13 trained
Client 13 uploaded
Client 81 trained
Client 81 uploaded
Client 88 trained
Client 88 uploaded
Epoch(t): 88 accuracy: 72.49 loss 0.770615639090538 run_time: 128.17923712730408
TiFL算法: 选择层 3，信用值剩余 3，选择概率 0.2000
Current clients: 20 , select: 10
| current_epoch 89 |. Begin client select
SchedulerThread schedule Tier [3], select(10 clients):
17 | 35 | 66 | 96 | 70 | 92 | 0 | 65 | 67 | 11 |
-----------------------------------------------------------------Schedule complete
Client 17 trained
Client 17 uploaded
Client 70 trained
Client 70 uploaded
Client 92 trained
Client 92 uploaded
Client 65 trained
Client 65 uploaded
Client 11 trained
Client 11 uploaded
Client 66 trained
Client 66 uploaded
Client 0 trained
Client 0 uploaded
Client 96 trained
Client 96 uploaded
Client 67 trained
Client 67 uploaded
Client 35 trained
Client 35 uploaded
Epoch(t): 89 accuracy: 70.99 loss 0.7536349809169769 run_time: 129.74757194519043
TiFL算法: 选择层 0，信用值剩余 1，选择概率 0.2000
Current clients: 20 , select: 10
| current_epoch 90 |. Begin client select
SchedulerThread schedule Tier [0], select(10 clients):
94 | 97 | 1 | 8 | 59 | 99 | 2 | 37 | 22 | 6 |
-----------------------------------------------------------------Schedule complete
Client 94 trained
Client 94 uploaded
Client 1 trained
Client 1 uploaded
Client 97 trained
Client 97 uploaded
Client 99 trained
Client 99 uploaded
Client 59 trained
Client 59 uploaded
Client 8 trained
Client 8 uploaded
Client 6 trained
Client 6 uploaded
Client 22 trained
Client 22 uploaded
Client 37 trained
Client 37 uploaded
Client 2 trained
Client 2 uploaded
Epoch(t): 90 accuracy: 72.95 loss 0.6794790232181549 run_time: 131.333313703537
TiFL算法: 选择层 3，信用值剩余 2，选择概率 0.2000
Current clients: 20 , select: 10
| current_epoch 91 |. Begin client select
SchedulerThread schedule Tier [3], select(10 clients):
57 | 35 | 17 | 58 | 30 | 98 | 11 | 0 | 14 | 67 |
-----------------------------------------------------------------Schedule complete
Client 14 trained
Client 14 uploaded
Client 17 trained
Client 17 uploaded
Client 11 trained
Client 11 uploaded
Client 30 trained
Client 30 uploaded
Client 58 trained
Client 58 uploaded
Client 0 trained
Client 0 uploaded
Client 57 trained
Client 57 uploaded
Client 67 trained
Client 67 uploaded
Client 35 trained
Client 35 uploaded
Client 98 trained
Client 98 uploaded
Epoch(t): 91 accuracy: 75.33 loss 0.6658812779188156 run_time: 133.0064697265625
TiFL算法: 选择层 1，信用值剩余 2，选择概率 0.2000
Current clients: 20 , select: 10
| current_epoch 92 |. Begin client select
SchedulerThread schedule Tier [1], select(10 clients):
51 | 24 | 50 | 53 | 46 | 93 | 88 | 82 | 81 | 86 |
-----------------------------------------------------------------Schedule complete
Client 53 trained
Client 53 uploaded
Client 86 trained
Client 86 uploaded
Client 24 trained
Client 24 uploaded
Client 93 trained
Client 93 uploaded
Client 46 trained
Client 46 uploaded
Client 50 trained
Client 50 uploaded
Client 82 trained
Client 82 uploaded
Client 81 trained
Client 81 uploaded
Client 88 trained
Client 88 uploaded
Client 51 trained
Client 51 uploaded
Epoch(t): 92 accuracy: 76.76 loss 0.6101076763868332 run_time: 135.0224804878235
TiFL算法: 选择层 4，信用值剩余 4，选择概率 0.2000
Current clients: 20 , select: 10
| current_epoch 93 |. Begin client select
SchedulerThread schedule Tier [4], select(10 clients):
72 | 47 | 79 | 42 | 52 | 45 | 61 | 71 | 3 | 73 |
-----------------------------------------------------------------Schedule complete
Client 72 trained
Client 72 uploaded
Client 71 trained
Client 71 uploaded
Client 73 trained
Client 73 uploaded
Client 61 trained
Client 61 uploaded
Client 52 trained
Client 52 uploaded
Client 45 trained
Client 45 uploaded
Client 3 trained
Client 3 uploaded
Client 47 trained
Client 47 uploaded
Client 79 trained
Client 79 uploaded
Client 42 trained
Client 42 uploaded
Epoch(t): 93 accuracy: 65.07 loss 1.0172885274887085 run_time: 136.23045539855957
TiFL算法: 选择层 0，信用值剩余 0，选择概率 0.2000
Current clients: 20 , select: 10
| current_epoch 94 |. Begin client select
SchedulerThread schedule Tier [0], select(10 clients):
37 | 85 | 1 | 44 | 94 | 39 | 54 | 22 | 90 | 62 |
-----------------------------------------------------------------Schedule complete
Client 39 trained
Client 39 uploaded
Client 94 trained
Client 94 uploaded
Client 44 trained
Client 44 uploaded
Client 85 trained
Client 85 uploaded
Client 1 trained
Client 1 uploaded
Client 37 trained
Client 37 uploaded
Client 54 trained
Client 54 uploaded
Client 62 trained
Client 62 uploaded
Client 22 trained
Client 22 uploaded
Client 90 trained
Client 90 uploaded
Epoch(t): 94 accuracy: 74.89 loss 0.7008327901363373 run_time: 137.48913288116455
TiFL算法: 选择层 1，信用值剩余 1，选择概率 0.2000
Current clients: 20 , select: 10
| current_epoch 95 |. Begin client select
SchedulerThread schedule Tier [1], select(10 clients):
69 | 82 | 24 | 27 | 36 | 51 | 46 | 53 | 81 | 50 |
-----------------------------------------------------------------Schedule complete
Client 69 trained
Client 69 uploaded
Client 24 trained
Client 24 uploaded
Client 53 trained
Client 53 uploaded
Client 46 trained
Client 46 uploaded
Client 50 trained
Client 50 uploaded
Client 82 trained
Client 82 uploaded
Client 36 trained
Client 36 uploaded
Client 27 trained
Client 27 uploaded
Client 81 trained
Client 81 uploaded
Client 51 trained
Client 51 uploaded
Epoch(t): 95 accuracy: 79.37 loss 0.5484644445776939 run_time: 138.89809250831604
TiFL算法: 选择层 4，信用值剩余 3，选择概率 0.2000
Current clients: 20 , select: 10
| current_epoch 96 |. Begin client select
SchedulerThread schedule Tier [4], select(10 clients):
48 | 80 | 42 | 71 | 47 | 19 | 45 | 52 | 28 | 40 |
-----------------------------------------------------------------Schedule complete
Client 48 trained
Client 48 uploaded
Client 71 trained
Client 71 uploaded
Client 80 trained
Client 80 uploaded
Client 28 trained
Client 28 uploaded
Client 47 trained
Client 47 uploaded
Client 45 trained
Client 45 uploaded
Client 52 trained
Client 52 uploaded
Client 40 trained
Client 40 uploaded
Client 19 trained
Client 19 uploaded
Client 42 trained
Client 42 uploaded
Epoch(t): 96 accuracy: 73.49 loss 0.6609999063611031 run_time: 139.9941074848175
TiFL算法: 选择层 4，信用值剩余 2，选择概率 0.2000
Current clients: 20 , select: 10
| current_epoch 97 |. Begin client select
SchedulerThread schedule Tier [4], select(10 clients):
45 | 19 | 47 | 80 | 49 | 72 | 64 | 71 | 41 | 73 |
-----------------------------------------------------------------Schedule complete
Client 73 trained
Client 73 uploaded
Client 72 trained
Client 72 uploaded
Client 80 trained
Client 80 uploaded
Client 71 trained
Client 71 uploaded
Client 41 trained
Client 41 uploaded
Client 45 trained
Client 45 uploaded
Client 47 trained
Client 47 uploaded
Client 49 trained
Client 49 uploaded
Client 64 trained
Client 64 uploaded
Client 19 trained
Client 19 uploaded
Epoch(t): 97 accuracy: 76.84 loss 0.6360253578424454 run_time: 141.0674877166748
TiFL算法: 选择层 1，信用值剩余 0，选择概率 0.2000
Current clients: 20 , select: 10
| current_epoch 98 |. Begin client select
SchedulerThread schedule Tier [1], select(10 clients):
9 | 46 | 43 | 51 | 13 | 53 | 33 | 15 | 86 | 93 |
-----------------------------------------------------------------Schedule complete
Client 53 trained
Client 53 uploaded
Client 43 trained
Client 43 uploaded
Client 86 trained
Client 86 uploaded
Client 93 trained
Client 93 uploaded
Client 9 trained
Client 9 uploaded
Client 46 trained
Client 46 uploaded
Client 13 trained
Client 13 uploaded
Client 33 trained
Client 33 uploaded
Client 15 trained
Client 15 uploaded
Client 51 trained
Client 51 uploaded
Epoch(t): 98 accuracy: 76.45 loss 0.582267010807991 run_time: 142.8393828868866
TiFL算法: 选择层 3，信用值剩余 1，选择概率 0.2000
Current clients: 20 , select: 10
| current_epoch 99 |. Begin client select
SchedulerThread schedule Tier [3], select(10 clients):
29 | 57 | 32 | 76 | 92 | 65 | 30 | 11 | 77 | 98 |
-----------------------------------------------------------------Schedule complete
Client 76 trained
Client 76 uploaded
Client 29 trained
Client 29 uploaded
Client 32 trained
Client 32 uploaded
Client 30 trained
Client 30 uploaded
Client 65 trained
Client 65 uploaded
Client 92 trained
Client 92 uploaded
Client 77 trained
Client 77 uploaded
Client 11 trained
Client 11 uploaded
Client 57 trained
Client 57 uploaded
Client 98 trained
Client 98 uploaded
Epoch(t): 99 accuracy: 72.64 loss 0.7513284683227539 run_time: 144.41867852210999
各层当前精度: [(0, 58.33475000000001), (1, 62.150999999999996), (2, 0), (3, 56.3085), (4, 0)]
各层当前信用值: [0, 0, 3, 1, 2]
层2 精度=0.0000 排名=1/3 初始概率=1.0000
层4 精度=0.0000 排名=2/3 初始概率=0.6667
层3 精度=56.3085 排名=3/3 初始概率=0.3333
更新后的层选择概率: ['0.0000', '0.0000', '0.5000', '0.1667', '0.3333']
TiFL算法: 选择层 4，信用值剩余 1，选择概率 0.3333
Current clients: 20 , select: 10
| current_epoch 100 |. Begin client select
SchedulerThread schedule Tier [4], select(10 clients):
41 | 3 | 71 | 47 | 64 | 80 | 26 | 79 | 28 | 19 |
-----------------------------------------------------------------Schedule complete
Client 41 trained
Client 41 uploaded
Client 80 trained
Client 80 uploaded
Client 71 trained
Client 71 uploaded
Client 79 trained
Client 79 uploaded
Client 26 trained
Client 26 uploaded
Client 19 trained
Client 19 uploaded
Client 47 trained
Client 47 uploaded
Client 3 trained
Client 3 uploaded
Client 64 trained
Client 64 uploaded
Client 28 trained
Client 28 uploaded
Epoch(t): 100 accuracy: 77.72 loss 0.6013686272501946 run_time: 145.6069495677948
TiFL算法: 选择层 3，信用值剩余 0，选择概率 0.1667
Current clients: 20 , select: 10
| current_epoch 101 |. Begin client select
SchedulerThread schedule Tier [3], select(10 clients):
30 | 70 | 76 | 78 | 11 | 77 | 57 | 67 | 35 | 32 |
-----------------------------------------------------------------Schedule complete
Client 76 trained
Client 76 uploaded
Client 11 trained
Client 11 uploaded
Client 32 trained
Client 32 uploaded
Client 57 trained
Client 57 uploaded
Client 30 trained
Client 30 uploaded
Client 70 trained
Client 70 uploaded
Client 67 trained
Client 67 uploaded
Client 77 trained
Client 77 uploaded
Client 35 trained
Client 35 uploaded
Client 78 trained
Client 78 uploaded
Epoch(t): 101 accuracy: 70.83 loss 0.747994025349617 run_time: 146.8869445323944
TiFL算法: 选择层 2，信用值剩余 2，选择概率 0.5000
Current clients: 20 , select: 10
| current_epoch 102 |. Begin client select
SchedulerThread schedule Tier [2], select(10 clients):
4 | 23 | 68 | 21 | 95 | 10 | 89 | 55 | 7 | 20 |
-----------------------------------------------------------------Schedule complete
Client 21 trained
Client 21 uploaded
Client 7 trained
Client 7 uploaded
Client 20 trained
Client 20 uploaded
Client 95 trained
Client 95 uploaded
Client 68 trained
Client 68 uploaded
Client 4 trained
Client 4 uploaded
Client 55 trained
Client 55 uploaded
Client 10 trained
Client 10 uploaded
Client 23 trained
Client 23 uploaded
Client 89 trained
Client 89 uploaded
Epoch(t): 102 accuracy: 77.17 loss 0.5901891937851906 run_time: 147.94853115081787
TiFL算法: 选择层 2，信用值剩余 1，选择概率 0.5000
Current clients: 20 , select: 10
| current_epoch 103 |. Begin client select
SchedulerThread schedule Tier [2], select(10 clients):
63 | 74 | 55 | 75 | 12 | 21 | 38 | 4 | 68 | 23 |
-----------------------------------------------------------------Schedule complete
Client 21 trained
Client 21 uploaded
Client 74 trained
Client 74 uploaded
Client 75 trained
Client 75 uploaded
Client 38 trained
Client 38 uploaded
Client 55 trained
Client 55 uploaded
Client 68 trained
Client 68 uploaded
Client 63 trained
Client 63 uploaded
Client 4 trained
Client 4 uploaded
Client 23 trained
Client 23 uploaded
Client 12 trained
Client 12 uploaded
Epoch(t): 103 accuracy: 70.77 loss 0.6863882750272751 run_time: 149.04903197288513
TiFL算法: 选择层 4，信用值剩余 0，选择概率 0.3333
Current clients: 20 , select: 10
| current_epoch 104 |. Begin client select
SchedulerThread schedule Tier [4], select(10 clients):
72 | 52 | 41 | 45 | 73 | 48 | 56 | 61 | 47 | 26 |
-----------------------------------------------------------------Schedule complete
Client 41 trained
Client 41 uploaded
Client 72 trained
Client 72 uploaded
Client 48 trained
Client 48 uploaded
Client 73 trained
Client 73 uploaded
Client 26 trained
Client 26 uploaded
Client 47 trained
Client 47 uploaded
Client 52 trained
Client 52 uploaded
Client 61 trained
Client 61 uploaded
Client 45 trained
Client 45 uploaded
Client 56 trained
Client 56 uploaded
Epoch(t): 104 accuracy: 64.36 loss 1.0348455446958542 run_time: 150.46364068984985
TiFL算法: 选择层 2，信用值剩余 0，选择概率 0.5000
Current clients: 20 , select: 10
| current_epoch 105 |. Begin client select
SchedulerThread schedule Tier [2], select(10 clients):
18 | 89 | 38 | 55 | 4 | 21 | 87 | 68 | 63 | 12 |
-----------------------------------------------------------------Schedule complete
Client 21 trained
Client 21 uploaded
Client 38 trained
Client 38 uploaded
Client 55 trained
Client 55 uploaded
Client 68 trained
Client 68 uploaded
Client 63 trained
Client 63 uploaded
Client 89 trained
Client 89 uploaded
Client 4 trained
Client 4 uploaded
Client 18 trained
Client 18 uploaded
Client 87 trained
Client 87 uploaded
Client 12 trained
Client 12 uploaded
Epoch(t): 105 accuracy: 71.68 loss 0.6703302055597306 run_time: 151.64665603637695
所有层信用值已用尽，重置所有层信用值
TiFL算法: 选择层 2，信用值剩余 4，选择概率 0.5000
Current clients: 20 , select: 10
| current_epoch 106 |. Begin client select
SchedulerThread schedule Tier [2], select(10 clients):
84 | 95 | 87 | 21 | 18 | 75 | 20 | 10 | 38 | 74 |
-----------------------------------------------------------------Schedule complete
Client 21 trained
Client 21 uploaded
Client 74 trained
Client 74 uploaded
Client 75 trained
Client 75 uploaded
Client 95 trained
Client 95 uploaded
Client 38 trained
Client 38 uploaded
Client 20 trained
Client 20 uploaded
Client 10 trained
Client 10 uploaded
Client 18 trained
Client 18 uploaded
Client 84 trained
Client 84 uploaded
Client 87 trained
Client 87 uploaded
Epoch(t): 106 accuracy: 76.81 loss 0.6041935366392136 run_time: 152.92227172851562
TiFL算法: 选择层 4，信用值剩余 4，选择概率 0.3333
Current clients: 20 , select: 10
| current_epoch 107 |. Begin client select
SchedulerThread schedule Tier [4], select(10 clients):
40 | 48 | 61 | 73 | 41 | 47 | 72 | 49 | 26 | 64 |
-----------------------------------------------------------------Schedule complete
Client 48 trained
Client 48 uploaded
Client 73 trained
Client 73 uploaded
Client 41 trained
Client 41 uploaded
Client 72 trained
Client 72 uploaded
Client 61 trained
Client 61 uploaded
Client 64 trained
Client 64 uploaded
Client 47 trained
Client 47 uploaded
Client 40 trained
Client 40 uploaded
Client 26 trained
Client 26 uploaded
Client 49 trained
Client 49 uploaded
Epoch(t): 107 accuracy: 74.1 loss 0.6693569907546043 run_time: 153.93656086921692
TiFL算法: 选择层 4，信用值剩余 3，选择概率 0.3333
Current clients: 20 , select: 10
| current_epoch 108 |. Begin client select
SchedulerThread schedule Tier [4], select(10 clients):
64 | 26 | 41 | 71 | 79 | 56 | 52 | 40 | 61 | 42 |
-----------------------------------------------------------------Schedule complete
Client 71 trained
Client 71 uploaded
Client 41 trained
Client 41 uploaded
Client 26 trained
Client 26 uploaded
Client 79 trained
Client 79 uploaded
Client 61 trained
Client 61 uploaded
Client 40 trained
Client 40 uploaded
Client 42 trained
Client 42 uploaded
Client 52 trained
Client 52 uploaded
Client 64 trained
Client 64 uploaded
Client 56 trained
Client 56 uploaded
Epoch(t): 108 accuracy: 66.18 loss 0.9172219651937484 run_time: 155.316162109375
TiFL算法: 选择层 4，信用值剩余 2，选择概率 0.3333
Current clients: 20 , select: 10
| current_epoch 109 |. Begin client select
SchedulerThread schedule Tier [4], select(10 clients):
42 | 80 | 71 | 61 | 26 | 79 | 64 | 28 | 48 | 3 |
-----------------------------------------------------------------Schedule complete
Client 71 trained
Client 71 uploaded
Client 80 trained
Client 80 uploaded
Client 48 trained
Client 48 uploaded
Client 26 trained
Client 26 uploaded
Client 61 trained
Client 61 uploaded
Client 3 trained
Client 3 uploaded
Client 79 trained
Client 79 uploaded
Client 42 trained
Client 42 uploaded
Client 64 trained
Client 64 uploaded
Client 28 trained
Client 28 uploaded
Epoch(t): 109 accuracy: 65.75 loss 0.8981592571735382 run_time: 156.42571806907654
TiFL算法: 选择层 4，信用值剩余 1，选择概率 0.3333
Current clients: 20 , select: 10
| current_epoch 110 |. Begin client select
SchedulerThread schedule Tier [4], select(10 clients):
61 | 80 | 73 | 28 | 71 | 42 | 45 | 72 | 41 | 47 |
-----------------------------------------------------------------Schedule complete
Client 80 trained
Client 80 uploaded
Client 71 trained
Client 71 uploaded
Client 73 trained
Client 73 uploaded
Client 72 trained
Client 72 uploaded
Client 41 trained
Client 41 uploaded
Client 47 trained
Client 47 uploaded
Client 28 trained
Client 28 uploaded
Client 61 trained
Client 61 uploaded
Client 45 trained
Client 45 uploaded
Client 42 trained
Client 42 uploaded
Epoch(t): 110 accuracy: 61.2 loss 1.2013692933320999 run_time: 157.3999888896942
TiFL算法: 选择层 3，信用值剩余 4，选择概率 0.1667
Current clients: 20 , select: 10
| current_epoch 111 |. Begin client select
SchedulerThread schedule Tier [3], select(10 clients):
70 | 98 | 65 | 76 | 30 | 78 | 35 | 96 | 92 | 57 |
-----------------------------------------------------------------Schedule complete
Client 76 trained
Client 76 uploaded
Client 70 trained
Client 70 uploaded
Client 96 trained
Client 96 uploaded
Client 30 trained
Client 30 uploaded
Client 98 trained
Client 98 uploaded
Client 92 trained
Client 92 uploaded
Client 57 trained
Client 57 uploaded
Client 65 trained
Client 65 uploaded
Client 35 trained
Client 35 uploaded
Client 78 trained
Client 78 uploaded
Epoch(t): 111 accuracy: 60.72 loss 1.246993229985237 run_time: 159.40904903411865
TiFL算法: 选择层 2，信用值剩余 3，选择概率 0.5000
Current clients: 20 , select: 10
| current_epoch 112 |. Begin client select
SchedulerThread schedule Tier [2], select(10 clients):
10 | 20 | 87 | 31 | 38 | 75 | 84 | 7 | 55 | 21 |
-----------------------------------------------------------------Schedule complete
Client 7 trained
Client 7 uploaded
Client 21 trained
Client 21 uploaded
Client 38 trained
Client 38 uploaded
Client 20 trained
Client 20 uploaded
Client 75 trained
Client 75 uploaded
Client 87 trained
Client 87 uploaded
Client 31 trained
Client 31 uploaded
Client 55 trained
Client 55 uploaded
Client 10 trained
Client 10 uploaded
Client 84 trained
Client 84 uploaded
Epoch(t): 112 accuracy: 72.19 loss 0.8052051049470902 run_time: 160.56224703788757
TiFL算法: 选择层 2，信用值剩余 2，选择概率 0.5000
Current clients: 20 , select: 10
| current_epoch 113 |. Begin client select
SchedulerThread schedule Tier [2], select(10 clients):
23 | 87 | 55 | 12 | 60 | 7 | 10 | 68 | 18 | 31 |
-----------------------------------------------------------------Schedule complete
Client 7 trained
Client 7 uploaded
Client 60 trained
Client 60 uploaded
Client 68 trained
Client 68 uploaded
Client 55 trained
Client 55 uploaded
Client 18 trained
Client 18 uploaded
Client 87 trained
Client 87 uploaded
Client 31 trained
Client 31 uploaded
Client 10 trained
Client 10 uploaded
Client 12 trained
Client 12 uploaded
Client 23 trained
Client 23 uploaded
Epoch(t): 113 accuracy: 66.3 loss 0.7901128190755844 run_time: 161.66000509262085
TiFL算法: 选择层 4，信用值剩余 0，选择概率 0.3333
Current clients: 20 , select: 10
| current_epoch 114 |. Begin client select
SchedulerThread schedule Tier [4], select(10 clients):
52 | 41 | 49 | 40 | 19 | 61 | 64 | 26 | 45 | 73 |
-----------------------------------------------------------------Schedule complete
Client 52 trained
Client 52 uploaded
Client 73 trained
Client 73 uploaded
Client 41 trained
Client 41 uploaded
Client 61 trained
Client 61 uploaded
Client 64 trained
Client 64 uploaded
Client 45 trained
Client 45 uploaded
Client 26 trained
Client 26 uploaded
Client 40 trained
Client 40 uploaded
Client 49 trained
Client 49 uploaded
Client 19 trained
Client 19 uploaded
Epoch(t): 114 accuracy: 72.5 loss 0.6879450824856758 run_time: 162.7374403476715
TiFL算法: 选择层 3，信用值剩余 3，选择概率 0.1667
Current clients: 20 , select: 10
| current_epoch 115 |. Begin client select
SchedulerThread schedule Tier [3], select(10 clients):
14 | 17 | 76 | 65 | 35 | 77 | 11 | 67 | 32 | 58 |
-----------------------------------------------------------------Schedule complete
Client 14 trained
Client 14 uploaded
Client 76 trained
Client 76 uploaded
Client 32 trained
Client 32 uploaded
Client 65 trained
Client 65 uploaded
Client 17 trained
Client 17 uploaded
Client 58 trained
Client 58 uploaded
Client 11 trained
Client 11 uploaded
Client 77 trained
Client 77 uploaded
Client 35 trained
Client 35 uploaded
Client 67 trained
Client 67 uploaded
Epoch(t): 115 accuracy: 79.62 loss 0.5461616823077202 run_time: 163.930988073349
TiFL算法: 选择层 2，信用值剩余 1，选择概率 0.5000
Current clients: 20 , select: 10
| current_epoch 116 |. Begin client select
SchedulerThread schedule Tier [2], select(10 clients):
75 | 10 | 87 | 20 | 55 | 89 | 12 | 60 | 63 | 4 |
-----------------------------------------------------------------Schedule complete
Client 63 trained
Client 63 uploaded
Client 75 trained
Client 75 uploaded
Client 60 trained
Client 60 uploaded
Client 20 trained
Client 20 uploaded
Client 55 trained
Client 55 uploaded
Client 89 trained
Client 89 uploaded
Client 87 trained
Client 87 uploaded
Client 4 trained
Client 4 uploaded
Client 10 trained
Client 10 uploaded
Client 12 trained
Client 12 uploaded
Epoch(t): 116 accuracy: 79.42 loss 0.5656698843836785 run_time: 165.22585535049438
TiFL算法: 选择层 2，信用值剩余 0，选择概率 0.5000
Current clients: 20 , select: 10
| current_epoch 117 |. Begin client select
SchedulerThread schedule Tier [2], select(10 clients):
21 | 4 | 10 | 74 | 38 | 89 | 95 | 31 | 60 | 87 |
-----------------------------------------------------------------Schedule complete
Client 21 trained
Client 21 uploaded
Client 74 trained
Client 74 uploaded
Client 87 trained
Client 87 uploaded
Client 95 trained
Client 95 uploaded
Client 38 trained
Client 38 uploaded
Client 31 trained
Client 31 uploaded
Client 60 trained
Client 60 uploaded
Client 4 trained
Client 4 uploaded
Client 89 trained
Client 89 uploaded
Client 10 trained
Client 10 uploaded
Epoch(t): 117 accuracy: 70.56 loss 0.721429649591446 run_time: 166.3969645500183
TiFL算法: 选择层 3，信用值剩余 2，选择概率 0.1667
Current clients: 20 , select: 10
| current_epoch 118 |. Begin client select
SchedulerThread schedule Tier [3], select(10 clients):
58 | 70 | 14 | 67 | 76 | 30 | 65 | 35 | 92 | 29 |
-----------------------------------------------------------------Schedule complete
Client 76 trained
Client 76 uploaded
Client 14 trained
Client 14 uploaded
Client 29 trained
Client 29 uploaded
Client 30 trained
Client 30 uploaded
Client 65 trained
Client 65 uploaded
Client 92 trained
Client 92 uploaded
Client 70 trained
Client 70 uploaded
Client 58 trained
Client 58 uploaded
Client 67 trained
Client 67 uploaded
Client 35 trained
Client 35 uploaded
Epoch(t): 118 accuracy: 72.48 loss 0.7166690623760223 run_time: 167.6891107559204
TiFL算法: 选择层 3，信用值剩余 1，选择概率 0.1667
Current clients: 20 , select: 10
| current_epoch 119 |. Begin client select
SchedulerThread schedule Tier [3], select(10 clients):
96 | 92 | 29 | 35 | 17 | 67 | 57 | 70 | 65 | 14 |
-----------------------------------------------------------------Schedule complete
Client 29 trained
Client 29 uploaded
Client 14 trained
Client 14 uploaded
Client 17 trained
Client 17 uploaded
Client 65 trained
Client 65 uploaded
Client 92 trained
Client 92 uploaded
Client 70 trained
Client 70 uploaded
Client 67 trained
Client 67 uploaded
Client 57 trained
Client 57 uploaded
Client 35 trained
Client 35 uploaded
Client 96 trained
Client 96 uploaded
Epoch(t): 119 accuracy: 68.83 loss 0.8520447278022766 run_time: 169.26096606254578
各层当前精度: [(0, 58.33475000000001), (1, 62.150999999999996), (2, 74.72200000000001), (3, 72.045), (4, 75.01750000000001)]
各层当前信用值: [5, 5, 0, 1, 0]
层0 精度=58.3348 排名=1/3 初始概率=1.0000
层1 精度=62.1510 排名=2/3 初始概率=0.6667
层3 精度=72.0450 排名=3/3 初始概率=0.3333
更新后的层选择概率: ['0.5000', '0.3333', '0.0000', '0.1667', '0.0000']
TiFL算法: 选择层 1，信用值剩余 4，选择概率 0.3333
Current clients: 20 , select: 10
| current_epoch 120 |. Begin client select
SchedulerThread schedule Tier [1], select(10 clients):
25 | 27 | 36 | 33 | 50 | 82 | 24 | 93 | 53 | 88 |
-----------------------------------------------------------------Schedule complete
Client 53 trained
Client 53 uploaded
Client 93 trained
Client 93 uploaded
Client 24 trained
Client 24 uploaded
Client 25 trained
Client 25 uploaded
Client 50 trained
Client 50 uploaded
Client 82 trained
Client 82 uploaded
Client 27 trained
Client 27 uploaded
Client 88 trained
Client 88 uploaded
Client 33 trained
Client 33 uploaded
Client 36 trained
Client 36 uploaded
Epoch(t): 120 accuracy: 77.1 loss 0.6191171860694885 run_time: 171.25241875648499
TiFL算法: 选择层 1，信用值剩余 3，选择概率 0.3333
Current clients: 20 , select: 10
| current_epoch 121 |. Begin client select
SchedulerThread schedule Tier [1], select(10 clients):
53 | 93 | 33 | 15 | 36 | 16 | 27 | 46 | 82 | 43 |
-----------------------------------------------------------------Schedule complete
Client 53 trained
Client 53 uploaded
Client 93 trained
Client 93 uploaded
Client 43 trained
Client 43 uploaded
Client 46 trained
Client 46 uploaded
Client 82 trained
Client 82 uploaded
Client 16 trained
Client 16 uploaded
Client 27 trained
Client 27 uploaded
Client 33 trained
Client 33 uploaded
Client 15 trained
Client 15 uploaded
Client 36 trained
Client 36 uploaded
Epoch(t): 121 accuracy: 73.9 loss 0.659253246486187 run_time: 172.9503469467163
TiFL算法: 选择层 0，信用值剩余 4，选择概率 0.5000
Current clients: 20 , select: 10
| current_epoch 122 |. Begin client select
SchedulerThread schedule Tier [0], select(10 clients):
37 | 8 | 1 | 94 | 22 | 91 | 2 | 44 | 54 | 85 |
-----------------------------------------------------------------Schedule complete
Client 8 trained
Client 8 uploaded
Client 94 trained
Client 94 uploaded
Client 1 trained
Client 1 uploaded
Client 44 trained
Client 44 uploaded
Client 37 trained
Client 37 uploaded
Client 91 trained
Client 91 uploaded
Client 2 trained
Client 2 uploaded
Client 54 trained
Client 54 uploaded
Client 85 trained
Client 85 uploaded
Client 22 trained
Client 22 uploaded
Epoch(t): 122 accuracy: 77.28 loss 0.614493393599987 run_time: 174.331698179245
TiFL算法: 选择层 1，信用值剩余 2，选择概率 0.3333
Current clients: 20 , select: 10
| current_epoch 123 |. Begin client select
SchedulerThread schedule Tier [1], select(10 clients):
13 | 24 | 16 | 43 | 9 | 69 | 33 | 27 | 36 | 51 |
-----------------------------------------------------------------Schedule complete
Client 24 trained
Client 24 uploaded
Client 69 trained
Client 69 uploaded
Client 16 trained
Client 16 uploaded
Client 43 trained
Client 43 uploaded
Client 9 trained
Client 9 uploaded
Client 27 trained
Client 27 uploaded
Client 33 trained
Client 33 uploaded
Client 36 trained
Client 36 uploaded
Client 13 trained
Client 13 uploaded
Client 51 trained
Client 51 uploaded
Epoch(t): 123 accuracy: 79.53 loss 0.5341591972112656 run_time: 176.05622744560242
TiFL算法: 选择层 0，信用值剩余 3，选择概率 0.5000
Current clients: 20 , select: 10
| current_epoch 124 |. Begin client select
SchedulerThread schedule Tier [0], select(10 clients):
2 | 90 | 5 | 44 | 6 | 22 | 83 | 62 | 37 | 97 |
-----------------------------------------------------------------Schedule complete
Client 83 trained
Client 83 uploaded
Client 97 trained
Client 97 uploaded
Client 5 trained
Client 5 uploaded
Client 44 trained
Client 44 uploaded
Client 37 trained
Client 37 uploaded
Client 90 trained
Client 90 uploaded
Client 22 trained
Client 22 uploaded
Client 62 trained
Client 62 uploaded
Client 6 trained
Client 6 uploaded
Client 2 trained
Client 2 uploaded
Epoch(t): 124 accuracy: 80.51 loss 0.5331947815418243 run_time: 177.19889950752258
TiFL算法: 选择层 0，信用值剩余 2，选择概率 0.5000
Current clients: 20 , select: 10
| current_epoch 125 |. Begin client select
SchedulerThread schedule Tier [0], select(10 clients):
8 | 22 | 85 | 37 | 62 | 83 | 99 | 54 | 97 | 59 |
-----------------------------------------------------------------Schedule complete
Client 83 trained
Client 83 uploaded
Client 97 trained
Client 97 uploaded
Client 8 trained
Client 8 uploaded
Client 59 trained
Client 59 uploaded
Client 22 trained
Client 22 uploaded
Client 54 trained
Client 54 uploaded
Client 62 trained
Client 62 uploaded
Client 37 trained
Client 37 uploaded
Client 85 trained
Client 85 uploaded
Client 99 trained
Client 99 uploaded
Epoch(t): 125 accuracy: 74.24 loss 0.6756221562623977 run_time: 178.5772340297699
TiFL算法: 选择层 1，信用值剩余 1，选择概率 0.3333
Current clients: 20 , select: 10
| current_epoch 126 |. Begin client select
SchedulerThread schedule Tier [1], select(10 clients):
86 | 93 | 13 | 27 | 25 | 88 | 36 | 50 | 53 | 9 |
-----------------------------------------------------------------Schedule complete
Client 53 trained
Client 53 uploaded
Client 86 trained
Client 86 uploaded
Client 93 trained
Client 93 uploaded
Client 25 trained
Client 25 uploaded
Client 50 trained
Client 50 uploaded
Client 9 trained
Client 9 uploaded
Client 27 trained
Client 27 uploaded
Client 13 trained
Client 13 uploaded
Client 36 trained
Client 36 uploaded
Client 88 trained
Client 88 uploaded
Epoch(t): 126 accuracy: 75.33 loss 0.6426860871911049 run_time: 180.65986132621765
TiFL算法: 选择层 1，信用值剩余 0，选择概率 0.3333
Current clients: 20 , select: 10
| current_epoch 127 |. Begin client select
SchedulerThread schedule Tier [1], select(10 clients):
36 | 46 | 27 | 93 | 69 | 16 | 51 | 53 | 25 | 24 |
-----------------------------------------------------------------Schedule complete
Client 53 trained
Client 53 uploaded
Client 93 trained
Client 93 uploaded
Client 16 trained
Client 16 uploaded
Client 24 trained
Client 24 uploaded
Client 25 trained
Client 25 uploaded
Client 69 trained
Client 69 uploaded
Client 46 trained
Client 46 uploaded
Client 36 trained
Client 36 uploaded
Client 27 trained
Client 27 uploaded
Client 51 trained
Client 51 uploaded
Epoch(t): 127 accuracy: 72.66 loss 0.7426544630527496 run_time: 182.42686343193054
TiFL算法: 选择层 3，信用值剩余 0，选择概率 0.1667
Current clients: 20 , select: 10
| current_epoch 128 |. Begin client select
SchedulerThread schedule Tier [3], select(10 clients):
30 | 32 | 35 | 58 | 70 | 92 | 14 | 65 | 0 | 11 |
-----------------------------------------------------------------Schedule complete
Client 14 trained
Client 14 uploaded
Client 30 trained
Client 30 uploaded
Client 32 trained
Client 32 uploaded
Client 70 trained
Client 70 uploaded
Client 65 trained
Client 65 uploaded
Client 92 trained
Client 92 uploaded
Client 11 trained
Client 11 uploaded
Client 35 trained
Client 35 uploaded
Client 58 trained
Client 58 uploaded
Client 0 trained
Client 0 uploaded
Epoch(t): 128 accuracy: 77.83 loss 0.5911025413870812 run_time: 183.7659068107605
TiFL算法: 选择层 0，信用值剩余 1，选择概率 0.5000
Current clients: 20 , select: 10
| current_epoch 129 |. Begin client select
SchedulerThread schedule Tier [0], select(10 clients):
8 | 37 | 1 | 6 | 94 | 62 | 2 | 83 | 90 | 5 |
-----------------------------------------------------------------Schedule complete
Client 83 trained
Client 83 uploaded
Client 94 trained
Client 94 uploaded
Client 8 trained
Client 8 uploaded
Client 1 trained
Client 1 uploaded
Client 5 trained
Client 5 uploaded
Client 37 trained
Client 37 uploaded
Client 90 trained
Client 90 uploaded
Client 6 trained
Client 6 uploaded
Client 62 trained
Client 62 uploaded
Client 2 trained
Client 2 uploaded
Epoch(t): 129 accuracy: 77.07 loss 0.6164445090293884 run_time: 185.16757225990295
TiFL算法: 选择层 0，信用值剩余 0，选择概率 0.5000
Current clients: 20 , select: 10
| current_epoch 130 |. Begin client select
SchedulerThread schedule Tier [0], select(10 clients):
37 | 34 | 22 | 54 | 83 | 94 | 2 | 39 | 85 | 59 |
-----------------------------------------------------------------Schedule complete
Client 83 trained
Client 83 uploaded
Client 39 trained
Client 39 uploaded
Client 37 trained
Client 37 uploaded
Client 59 trained
Client 59 uploaded
Client 85 trained
Client 85 uploaded
Client 2 trained
Client 2 uploaded
Client 54 trained
Client 54 uploaded
Client 22 trained
Client 22 uploaded
Client 34 trained
Client 34 uploaded
Client 94 trained
Client 94 uploaded
Epoch(t): 130 accuracy: 70.94 loss 0.6776417225599289 run_time: 186.3327341079712
所有层信用值已用尽，重置所有层信用值
TiFL算法: 选择层 0，信用值剩余 4，选择概率 0.5000
Current clients: 20 , select: 10
| current_epoch 131 |. Begin client select
SchedulerThread schedule Tier [0], select(10 clients):
8 | 39 | 83 | 5 | 1 | 54 | 44 | 90 | 62 | 22 |
-----------------------------------------------------------------Schedule complete
Client 39 trained
Client 39 uploaded
Client 83 trained
Client 83 uploaded
Client 5 trained
Client 5 uploaded
Client 44 trained
Client 44 uploaded
Client 1 trained
Client 1 uploaded
Client 8 trained
Client 8 uploaded
Client 54 trained
Client 54 uploaded
Client 62 trained
Client 62 uploaded
Client 90 trained
Client 90 uploaded
Client 22 trained
Client 22 uploaded
Epoch(t): 131 accuracy: 71.34 loss 0.8083039957284928 run_time: 187.52059745788574
TiFL算法: 选择层 0，信用值剩余 3，选择概率 0.5000
Current clients: 20 , select: 10
| current_epoch 132 |. Begin client select
SchedulerThread schedule Tier [0], select(10 clients):
62 | 54 | 8 | 97 | 2 | 91 | 59 | 37 | 6 | 1 |
-----------------------------------------------------------------Schedule complete
Client 54 trained
Client 54 uploaded
Client 97 trained
Client 97 uploaded
Client 59 trained
Client 59 uploaded
Client 8 trained
Client 8 uploaded
Client 1 trained
Client 1 uploaded
Client 37 trained
Client 37 uploaded
Client 6 trained
Client 6 uploaded
Client 62 trained
Client 62 uploaded
Client 2 trained
Client 2 uploaded
Client 91 trained
Client 91 uploaded
Epoch(t): 132 accuracy: 78.95 loss 0.5492415410280228 run_time: 188.80089116096497
TiFL算法: 选择层 3，信用值剩余 4，选择概率 0.1667
Current clients: 20 , select: 10
| current_epoch 133 |. Begin client select
SchedulerThread schedule Tier [3], select(10 clients):
70 | 58 | 11 | 98 | 78 | 96 | 57 | 29 | 0 | 67 |
-----------------------------------------------------------------Schedule complete
Client 29 trained
Client 29 uploaded
Client 70 trained
Client 70 uploaded
Client 96 trained
Client 96 uploaded
Client 11 trained
Client 11 uploaded
Client 78 trained
Client 78 uploaded
Client 58 trained
Client 58 uploaded
Client 67 trained
Client 67 uploaded
Client 98 trained
Client 98 uploaded
Client 57 trained
Client 57 uploaded
Client 0 trained
Client 0 uploaded
Epoch(t): 133 accuracy: 71.7 loss 0.7886694371700287 run_time: 190.68961238861084
TiFL算法: 选择层 0，信用值剩余 2，选择概率 0.5000
Current clients: 20 , select: 10
| current_epoch 134 |. Begin client select
SchedulerThread schedule Tier [0], select(10 clients):
59 | 85 | 6 | 90 | 2 | 83 | 22 | 8 | 44 | 97 |
-----------------------------------------------------------------Schedule complete
Client 83 trained
Client 83 uploaded
Client 8 trained
Client 8 uploaded
Client 59 trained
Client 59 uploaded
Client 97 trained
Client 97 uploaded
Client 85 trained
Client 85 uploaded
Client 22 trained
Client 22 uploaded
Client 90 trained
Client 90 uploaded
Client 44 trained
Client 44 uploaded
Client 6 trained
Client 6 uploaded
Client 2 trained
Client 2 uploaded
Epoch(t): 134 accuracy: 79.7 loss 0.5377698776125908 run_time: 191.90294671058655
TiFL算法: 选择层 3，信用值剩余 3，选择概率 0.1667
Current clients: 20 , select: 10
| current_epoch 135 |. Begin client select
SchedulerThread schedule Tier [3], select(10 clients):
17 | 98 | 77 | 65 | 66 | 30 | 92 | 96 | 58 | 78 |
-----------------------------------------------------------------Schedule complete
Client 30 trained
Client 30 uploaded
Client 17 trained
Client 17 uploaded
Client 96 trained
Client 96 uploaded
Client 98 trained
Client 98 uploaded
Client 78 trained
Client 78 uploaded
Client 65 trained
Client 65 uploaded
Client 92 trained
Client 92 uploaded
Client 77 trained
Client 77 uploaded
Client 58 trained
Client 58 uploaded
Client 66 trained
Client 66 uploaded
Epoch(t): 135 accuracy: 76.79 loss 0.6519478097558021 run_time: 193.9085168838501
TiFL算法: 选择层 1，信用值剩余 4，选择概率 0.3333
Current clients: 20 , select: 10
| current_epoch 136 |. Begin client select
SchedulerThread schedule Tier [1], select(10 clients):
25 | 88 | 33 | 93 | 53 | 24 | 9 | 86 | 13 | 46 |
-----------------------------------------------------------------Schedule complete
Client 53 trained
Client 53 uploaded
Client 93 trained
Client 93 uploaded
Client 86 trained
Client 86 uploaded
Client 24 trained
Client 24 uploaded
Client 25 trained
Client 25 uploaded
Client 9 trained
Client 9 uploaded
Client 88 trained
Client 88 uploaded
Client 46 trained
Client 46 uploaded
Client 13 trained
Client 13 uploaded
Client 33 trained
Client 33 uploaded
Epoch(t): 136 accuracy: 79.66 loss 0.5380684399604797 run_time: 195.7793323993683
TiFL算法: 选择层 1，信用值剩余 3，选择概率 0.3333
Current clients: 20 , select: 10
| current_epoch 137 |. Begin client select
SchedulerThread schedule Tier [1], select(10 clients):
50 | 88 | 43 | 81 | 69 | 93 | 33 | 53 | 27 | 9 |
-----------------------------------------------------------------Schedule complete
Client 53 trained
Client 53 uploaded
Client 43 trained
Client 43 uploaded
Client 93 trained
Client 93 uploaded
Client 9 trained
Client 9 uploaded
Client 69 trained
Client 69 uploaded
Client 50 trained
Client 50 uploaded
Client 27 trained
Client 27 uploaded
Client 81 trained
Client 81 uploaded
Client 33 trained
Client 33 uploaded
Client 88 trained
Client 88 uploaded
Epoch(t): 137 accuracy: 77.33 loss 0.5974044844508171 run_time: 197.71152067184448
TiFL算法: 选择层 1，信用值剩余 2，选择概率 0.3333
Current clients: 20 , select: 10
| current_epoch 138 |. Begin client select
SchedulerThread schedule Tier [1], select(10 clients):
81 | 46 | 69 | 82 | 53 | 24 | 25 | 93 | 16 | 36 |
-----------------------------------------------------------------Schedule complete
Client 53 trained
Client 53 uploaded
Client 93 trained
Client 93 uploaded
Client 16 trained
Client 16 uploaded
Client 24 trained
Client 24 uploaded
Client 25 trained
Client 25 uploaded
Client 36 trained
Client 36 uploaded
Client 69 trained
Client 69 uploaded
Client 81 trained
Client 81 uploaded
Client 46 trained
Client 46 uploaded
Client 82 trained
Client 82 uploaded
Epoch(t): 138 accuracy: 71.1 loss 0.7942505419254303 run_time: 199.45969891548157
TiFL算法: 选择层 1，信用值剩余 1，选择概率 0.3333
Current clients: 20 , select: 10
| current_epoch 139 |. Begin client select
SchedulerThread schedule Tier [1], select(10 clients):
24 | 82 | 25 | 50 | 51 | 43 | 15 | 46 | 16 | 81 |
-----------------------------------------------------------------Schedule complete
Client 24 trained
Client 24 uploaded
Client 16 trained
Client 16 uploaded
Client 43 trained
Client 43 uploaded
Client 46 trained
Client 46 uploaded
Client 25 trained
Client 25 uploaded
Client 50 trained
Client 50 uploaded
Client 51 trained
Client 51 uploaded
Client 15 trained
Client 15 uploaded
Client 81 trained
Client 81 uploaded
Client 82 trained
Client 82 uploaded
Epoch(t): 139 accuracy: 79.67 loss 0.5398967745900154 run_time: 201.1257734298706
TiFL算法: 选择层 0，信用值剩余 1，选择概率 0.5000
Current clients: 20 , select: 10
| current_epoch 140 |. Begin client select
SchedulerThread schedule Tier [0], select(10 clients):
39 | 22 | 85 | 6 | 99 | 94 | 2 | 1 | 83 | 37 |
-----------------------------------------------------------------Schedule complete
Client 39 trained
Client 39 uploaded
Client 83 trained
Client 83 uploaded
Client 1 trained
Client 1 uploaded
Client 37 trained
Client 37 uploaded
Client 94 trained
Client 94 uploaded
Client 99 trained
Client 99 uploaded
Client 6 trained
Client 6 uploaded
Client 22 trained
Client 22 uploaded
Client 85 trained
Client 85 uploaded
Client 2 trained
Client 2 uploaded
Epoch(t): 140 accuracy: 78.11 loss 0.6079198968410492 run_time: 202.6536328792572
TiFL算法: 选择层 0，信用值剩余 0，选择概率 0.5000
Current clients: 20 , select: 10
| current_epoch 141 |. Begin client select
SchedulerThread schedule Tier [0], select(10 clients):
90 | 97 | 6 | 99 | 34 | 94 | 5 | 37 | 62 | 83 |
-----------------------------------------------------------------Schedule complete
Client 83 trained
Client 83 uploaded
Client 5 trained
Client 5 uploaded
Client 94 trained
Client 94 uploaded
Client 37 trained
Client 37 uploaded
Client 97 trained
Client 97 uploaded
Client 90 trained
Client 90 uploaded
Client 6 trained
Client 6 uploaded
Client 62 trained
Client 62 uploaded
Client 34 trained
Client 34 uploaded
Client 99 trained
Client 99 uploaded
Epoch(t): 141 accuracy: 75.36 loss 0.6622494134306908 run_time: 204.07966923713684
TiFL算法: 选择层 1，信用值剩余 0，选择概率 0.3333
Current clients: 20 , select: 10
| current_epoch 142 |. Begin client select
SchedulerThread schedule Tier [1], select(10 clients):
33 | 43 | 69 | 86 | 15 | 51 | 53 | 81 | 82 | 9 |
-----------------------------------------------------------------Schedule complete
Client 53 trained
Client 53 uploaded
Client 43 trained
Client 43 uploaded
Client 86 trained
Client 86 uploaded
Client 9 trained
Client 9 uploaded
Client 69 trained
Client 69 uploaded
Client 82 trained
Client 82 uploaded
Client 33 trained
Client 33 uploaded
Client 15 trained
Client 15 uploaded
Client 51 trained
Client 51 uploaded
Client 81 trained
Client 81 uploaded
Epoch(t): 142 accuracy: 78.42 loss 0.5487995103001595 run_time: 205.77892541885376
TiFL算法: 选择层 3，信用值剩余 2，选择概率 0.1667
Current clients: 20 , select: 10
| current_epoch 143 |. Begin client select
SchedulerThread schedule Tier [3], select(10 clients):
70 | 96 | 76 | 29 | 32 | 11 | 57 | 92 | 65 | 30 |
-----------------------------------------------------------------Schedule complete
Client 76 trained
Client 76 uploaded
Client 29 trained
Client 29 uploaded
Client 30 trained
Client 30 uploaded
Client 70 trained
Client 70 uploaded
Client 65 trained
Client 65 uploaded
Client 92 trained
Client 92 uploaded
Client 11 trained
Client 11 uploaded
Client 96 trained
Client 96 uploaded
Client 32 trained
Client 32 uploaded
Client 57 trained
Client 57 uploaded
Epoch(t): 143 accuracy: 73.46 loss 0.761949309706688 run_time: 207.26505851745605
TiFL算法: 选择层 3，信用值剩余 1，选择概率 0.1667
Current clients: 20 , select: 10
| current_epoch 144 |. Begin client select
SchedulerThread schedule Tier [3], select(10 clients):
65 | 92 | 58 | 30 | 66 | 78 | 11 | 70 | 14 | 57 |
-----------------------------------------------------------------Schedule complete
Client 14 trained
Client 14 uploaded
Client 30 trained
Client 30 uploaded
Client 65 trained
Client 65 uploaded
Client 70 trained
Client 70 uploaded
Client 92 trained
Client 92 uploaded
Client 58 trained
Client 58 uploaded
Client 11 trained
Client 11 uploaded
Client 78 trained
Client 78 uploaded
Client 57 trained
Client 57 uploaded
Client 66 trained
Client 66 uploaded
Epoch(t): 144 accuracy: 76.01 loss 0.6267965650558471 run_time: 208.77064061164856
TiFL算法: 选择层 3，信用值剩余 0，选择概率 0.1667
Current clients: 20 , select: 10
| current_epoch 145 |. Begin client select
SchedulerThread schedule Tier [3], select(10 clients):
65 | 30 | 78 | 32 | 29 | 11 | 57 | 66 | 70 | 98 |
-----------------------------------------------------------------Schedule complete
Client 29 trained
Client 29 uploaded
Client 30 trained
Client 30 uploaded
Client 70 trained
Client 70 uploaded
Client 65 trained
Client 65 uploaded
Client 11 trained
Client 11 uploaded
Client 32 trained
Client 32 uploaded
Client 78 trained
Client 78 uploaded
Client 57 trained
Client 57 uploaded
Client 98 trained
Client 98 uploaded
Client 66 trained
Client 66 uploaded
Epoch(t): 145 accuracy: 72.02 loss 0.7688966956734657 run_time: 210.71690964698792
警告：无法找到有信用值的层，随机选择层2并重置所有信用值
TiFL算法: 选择层 2，信用值剩余 4，选择概率 0.0000
Current clients: 20 , select: 10
| current_epoch 146 |. Begin client select
SchedulerThread schedule Tier [2], select(10 clients):
10 | 12 | 7 | 63 | 68 | 87 | 31 | 55 | 84 | 23 |
-----------------------------------------------------------------Schedule complete
Client 7 trained
Client 7 uploaded
Client 87 trained
Client 87 uploaded
Client 55 trained
Client 55 uploaded
Client 68 trained
Client 68 uploaded
Client 10 trained
Client 10 uploaded
Client 12 trained
Client 12 uploaded
Client 31 trained
Client 31 uploaded
Client 63 trained
Client 63 uploaded
Client 23 trained
Client 23 uploaded
Client 84 trained
Client 84 uploaded
Epoch(t): 146 accuracy: 78.11 loss 0.565697174668312 run_time: 211.69778871536255
TiFL算法: 选择层 0，信用值剩余 4，选择概率 0.5000
Current clients: 20 , select: 10
| current_epoch 147 |. Begin client select
SchedulerThread schedule Tier [0], select(10 clients):
54 | 6 | 90 | 8 | 5 | 94 | 2 | 34 | 59 | 39 |
-----------------------------------------------------------------Schedule complete
Client 39 trained
Client 39 uploaded
Client 5 trained
Client 5 uploaded
Client 59 trained
Client 59 uploaded
Client 94 trained
Client 94 uploaded
Client 8 trained
Client 8 uploaded
Client 90 trained
Client 90 uploaded
Client 6 trained
Client 6 uploaded
Client 54 trained
Client 54 uploaded
Client 2 trained
Client 2 uploaded
Client 34 trained
Client 34 uploaded
Epoch(t): 147 accuracy: 73.22 loss 0.6266091948747635 run_time: 212.8473789691925
TiFL算法: 选择层 0，信用值剩余 3，选择概率 0.5000
Current clients: 20 , select: 10
| current_epoch 148 |. Begin client select
SchedulerThread schedule Tier [0], select(10 clients):
90 | 6 | 91 | 5 | 97 | 85 | 37 | 54 | 83 | 44 |
-----------------------------------------------------------------Schedule complete
Client 83 trained
Client 83 uploaded
Client 97 trained
Client 97 uploaded
Client 5 trained
Client 5 uploaded
Client 44 trained
Client 44 uploaded
Client 37 trained
Client 37 uploaded
Client 90 trained
Client 90 uploaded
Client 85 trained
Client 85 uploaded
Client 54 trained
Client 54 uploaded
Client 6 trained
Client 6 uploaded
Client 91 trained
Client 91 uploaded
Epoch(t): 148 accuracy: 80.31 loss 0.536320019364357 run_time: 214.18521189689636
TiFL算法: 选择层 1，信用值剩余 4，选择概率 0.3333
Current clients: 20 , select: 10
| current_epoch 149 |. Begin client select
SchedulerThread schedule Tier [1], select(10 clients):
93 | 25 | 9 | 88 | 27 | 50 | 13 | 33 | 16 | 46 |
-----------------------------------------------------------------Schedule complete
Client 93 trained
Client 93 uploaded
Client 16 trained
Client 16 uploaded
Client 25 trained
Client 25 uploaded
Client 9 trained
Client 9 uploaded
Client 46 trained
Client 46 uploaded
Client 88 trained
Client 88 uploaded
Client 50 trained
Client 50 uploaded
Client 13 trained
Client 13 uploaded
Client 27 trained
Client 27 uploaded
Client 33 trained
Client 33 uploaded
Epoch(t): 149 accuracy: 74.53 loss 0.7094243353605271 run_time: 216.18351435661316
TiFL算法: 选择层 1，信用值剩余 3，选择概率 0.3333
Current clients: 20 , select: 10
| current_epoch 150 |. Begin client select
SchedulerThread schedule Tier [1], select(10 clients):
13 | 81 | 15 | 27 | 43 | 53 | 9 | 33 | 51 | 88 |
-----------------------------------------------------------------Schedule complete
Client 53 trained
Client 53 uploaded
Client 43 trained
Client 43 uploaded
Client 9 trained
Client 9 uploaded
Client 27 trained
Client 27 uploaded
Client 51 trained
Client 51 uploaded
Client 33 trained
Client 33 uploaded
Client 15 trained
Client 15 uploaded
Client 81 trained
Client 81 uploaded
Client 13 trained
Client 13 uploaded
Client 88 trained
Client 88 uploaded
Epoch(t): 150 accuracy: 78.14 loss 0.5819616866111755 run_time: 217.95951008796692
TiFL算法: 选择层 0，信用值剩余 2，选择概率 0.5000
Current clients: 20 , select: 10
| current_epoch 151 |. Begin client select
SchedulerThread schedule Tier [0], select(10 clients):
99 | 97 | 85 | 1 | 37 | 6 | 34 | 94 | 91 | 90 |
-----------------------------------------------------------------Schedule complete
Client 94 trained
Client 94 uploaded
Client 1 trained
Client 1 uploaded
Client 97 trained
Client 97 uploaded
Client 37 trained
Client 37 uploaded
Client 99 trained
Client 99 uploaded
Client 85 trained
Client 85 uploaded
Client 6 trained
Client 6 uploaded
Client 90 trained
Client 90 uploaded
Client 91 trained
Client 91 uploaded
Client 34 trained
Client 34 uploaded
Epoch(t): 151 accuracy: 78.78 loss 0.5734676587581634 run_time: 219.6260323524475
TiFL算法: 选择层 1，信用值剩余 2，选择概率 0.3333
Current clients: 20 , select: 10
| current_epoch 152 |. Begin client select
SchedulerThread schedule Tier [1], select(10 clients):
13 | 36 | 82 | 43 | 51 | 24 | 53 | 15 | 88 | 69 |
-----------------------------------------------------------------Schedule complete
Client 53 trained
Client 53 uploaded
Client 43 trained
Client 43 uploaded
Client 69 trained
Client 69 uploaded
Client 24 trained
Client 24 uploaded
Client 36 trained
Client 36 uploaded
Client 82 trained
Client 82 uploaded
Client 51 trained
Client 51 uploaded
Client 15 trained
Client 15 uploaded
Client 13 trained
Client 13 uploaded
Client 88 trained
Client 88 uploaded
Epoch(t): 152 accuracy: 77.33 loss 0.6163487982749939 run_time: 221.42063117027283
TiFL算法: 选择层 0，信用值剩余 1，选择概率 0.5000
Current clients: 20 , select: 10
| current_epoch 153 |. Begin client select
SchedulerThread schedule Tier [0], select(10 clients):
2 | 8 | 54 | 83 | 97 | 37 | 99 | 90 | 94 | 62 |
-----------------------------------------------------------------Schedule complete
Client 83 trained
Client 83 uploaded
Client 97 trained
Client 97 uploaded
Client 94 trained
Client 94 uploaded
Client 37 trained
Client 37 uploaded
Client 54 trained
Client 54 uploaded
Client 62 trained
Client 62 uploaded
Client 90 trained
Client 90 uploaded
Client 8 trained
Client 8 uploaded
Client 2 trained
Client 2 uploaded
Client 99 trained
Client 99 uploaded
Epoch(t): 153 accuracy: 73.48 loss 0.7029094606637954 run_time: 222.80553889274597
TiFL算法: 选择层 0，信用值剩余 0，选择概率 0.5000
Current clients: 20 , select: 10
| current_epoch 154 |. Begin client select
SchedulerThread schedule Tier [0], select(10 clients):
2 | 94 | 1 | 62 | 34 | 97 | 91 | 83 | 8 | 37 |
-----------------------------------------------------------------Schedule complete
Client 83 trained
Client 83 uploaded
Client 97 trained
Client 97 uploaded
Client 94 trained
Client 94 uploaded
Client 37 trained
Client 37 uploaded
Client 1 trained
Client 1 uploaded
Client 2 trained
Client 2 uploaded
Client 8 trained
Client 8 uploaded
Client 62 trained
Client 62 uploaded
Client 34 trained
Client 34 uploaded
Client 91 trained
Client 91 uploaded
Epoch(t): 154 accuracy: 79.86 loss 0.5282317605614663 run_time: 224.20360612869263
TiFL算法: 选择层 1，信用值剩余 1，选择概率 0.3333
Current clients: 20 , select: 10
| current_epoch 155 |. Begin client select
SchedulerThread schedule Tier [1], select(10 clients):
15 | 88 | 36 | 24 | 16 | 50 | 25 | 53 | 93 | 33 |
-----------------------------------------------------------------Schedule complete
Client 53 trained
Client 53 uploaded
Client 93 trained
Client 93 uploaded
Client 16 trained
Client 16 uploaded
Client 24 trained
Client 24 uploaded
Client 25 trained
Client 25 uploaded
Client 50 trained
Client 50 uploaded
Client 33 trained
Client 33 uploaded
Client 88 trained
Client 88 uploaded
Client 15 trained
Client 15 uploaded
Client 36 trained
Client 36 uploaded
Epoch(t): 155 accuracy: 75.88 loss 0.6780321574211121 run_time: 226.1649796962738
TiFL算法: 选择层 1，信用值剩余 0，选择概率 0.3333
Current clients: 20 , select: 10
| current_epoch 156 |. Begin client select
SchedulerThread schedule Tier [1], select(10 clients):
9 | 88 | 27 | 53 | 93 | 50 | 15 | 51 | 25 | 43 |
-----------------------------------------------------------------Schedule complete
Client 53 trained
Client 53 uploaded
Client 43 trained
Client 43 uploaded
Client 93 trained
Client 93 uploaded
Client 25 trained
Client 25 uploaded
Client 9 trained
Client 9 uploaded
Client 88 trained
Client 88 uploaded
Client 51 trained
Client 51 uploaded
Client 50 trained
Client 50 uploaded
Client 15 trained
Client 15 uploaded
Client 27 trained
Client 27 uploaded
Epoch(t): 156 accuracy: 78.63 loss 0.5832875803112983 run_time: 228.22906827926636
TiFL算法: 选择层 3，信用值剩余 4，选择概率 0.1667
Current clients: 20 , select: 10
| current_epoch 157 |. Begin client select
SchedulerThread schedule Tier [3], select(10 clients):
98 | 70 | 58 | 32 | 76 | 67 | 11 | 14 | 66 | 92 |
-----------------------------------------------------------------Schedule complete
Client 14 trained
Client 14 uploaded
Client 76 trained
Client 76 uploaded
Client 32 trained
Client 32 uploaded
Client 58 trained
Client 58 uploaded
Client 70 trained
Client 70 uploaded
Client 92 trained
Client 92 uploaded
Client 11 trained
Client 11 uploaded
Client 66 trained
Client 66 uploaded
Client 67 trained
Client 67 uploaded
Client 98 trained
Client 98 uploaded
Epoch(t): 157 accuracy: 75.57 loss 0.7339609789848328 run_time: 229.89545726776123
TiFL算法: 选择层 3，信用值剩余 3，选择概率 0.1667
Current clients: 20 , select: 10
| current_epoch 158 |. Begin client select
SchedulerThread schedule Tier [3], select(10 clients):
67 | 29 | 96 | 98 | 32 | 58 | 30 | 17 | 35 | 57 |
-----------------------------------------------------------------Schedule complete
Client 29 trained
Client 29 uploaded
Client 30 trained
Client 30 uploaded
Client 32 trained
Client 32 uploaded
Client 96 trained
Client 96 uploaded
Client 98 trained
Client 98 uploaded
Client 17 trained
Client 17 uploaded
Client 57 trained
Client 57 uploaded
Client 58 trained
Client 58 uploaded
Client 67 trained
Client 67 uploaded
Client 35 trained
Client 35 uploaded
Epoch(t): 158 accuracy: 74.61 loss 0.727550291121006 run_time: 231.77348637580872
TiFL算法: 选择层 3，信用值剩余 2，选择概率 0.1667
Current clients: 20 , select: 10
| current_epoch 159 |. Begin client select
SchedulerThread schedule Tier [3], select(10 clients):
58 | 76 | 29 | 35 | 0 | 67 | 11 | 77 | 78 | 92 |
-----------------------------------------------------------------Schedule complete
Client 76 trained
Client 76 uploaded
Client 29 trained
Client 29 uploaded
Client 92 trained
Client 92 uploaded
Client 11 trained
Client 11 uploaded
Client 58 trained
Client 58 uploaded
Client 77 trained
Client 77 uploaded
Client 67 trained
Client 67 uploaded
Client 35 trained
Client 35 uploaded
Client 0 trained
Client 0 uploaded
Client 78 trained
Client 78 uploaded
Epoch(t): 159 accuracy: 78.82 loss 0.5742064067721366 run_time: 232.8600559234619
TiFL算法: 选择层 3，信用值剩余 1，选择概率 0.1667
Current clients: 20 , select: 10
| current_epoch 160 |. Begin client select
SchedulerThread schedule Tier [3], select(10 clients):
67 | 32 | 35 | 0 | 57 | 78 | 77 | 66 | 70 | 76 |
-----------------------------------------------------------------Schedule complete
Client 76 trained
Client 76 uploaded
Client 67 trained
Client 67 uploaded
Client 32 trained
Client 32 uploaded
Client 78 trained
Client 78 uploaded
Client 66 trained
Client 66 uploaded
Client 57 trained
Client 57 uploaded
Client 70 trained
Client 70 uploaded
Client 77 trained
Client 77 uploaded
Client 35 trained
Client 35 uploaded
Client 0 trained
Client 0 uploaded
Epoch(t): 160 accuracy: 73.43 loss 0.6898844742774963 run_time: 234.13191056251526
TiFL算法: 选择层 3，信用值剩余 0，选择概率 0.1667
Current clients: 20 , select: 10
| current_epoch 161 |. Begin client select
SchedulerThread schedule Tier [3], select(10 clients):
66 | 11 | 14 | 30 | 65 | 29 | 78 | 58 | 92 | 70 |
-----------------------------------------------------------------Schedule complete
Client 14 trained
Client 14 uploaded
Client 29 trained
Client 29 uploaded
Client 30 trained
Client 30 uploaded
Client 70 trained
Client 70 uploaded
Client 78 trained
Client 78 uploaded
Client 65 trained
Client 65 uploaded
Client 92 trained
Client 92 uploaded
Client 58 trained
Client 58 uploaded
Client 11 trained
Client 11 uploaded
Client 66 trained
Client 66 uploaded
Epoch(t): 161 accuracy: 76.27 loss 0.6426439023017884 run_time: 235.70271849632263
警告：无法找到有信用值的层，随机选择层1并重置所有信用值
TiFL算法: 选择层 1，信用值剩余 4，选择概率 0.3333
Current clients: 20 , select: 10
| current_epoch 162 |. Begin client select
SchedulerThread schedule Tier [1], select(10 clients):
33 | 88 | 13 | 9 | 51 | 53 | 27 | 24 | 43 | 82 |
-----------------------------------------------------------------Schedule complete
Client 53 trained
Client 53 uploaded
Client 43 trained
Client 43 uploaded
Client 9 trained
Client 9 uploaded
Client 24 trained
Client 24 uploaded
Client 82 trained
Client 82 uploaded
Client 51 trained
Client 51 uploaded
Client 88 trained
Client 88 uploaded
Client 13 trained
Client 13 uploaded
Client 27 trained
Client 27 uploaded
Client 33 trained
Client 33 uploaded
Epoch(t): 162 accuracy: 78.58 loss 0.571755102276802 run_time: 237.5513551235199
TiFL算法: 选择层 0，信用值剩余 4，选择概率 0.5000
Current clients: 20 , select: 10
| current_epoch 163 |. Begin client select
SchedulerThread schedule Tier [0], select(10 clients):
97 | 99 | 90 | 37 | 22 | 1 | 62 | 83 | 6 | 2 |
-----------------------------------------------------------------Schedule complete
Client 83 trained
Client 83 uploaded
Client 97 trained
Client 97 uploaded
Client 37 trained
Client 37 uploaded
Client 1 trained
Client 1 uploaded
Client 90 trained
Client 90 uploaded
Client 6 trained
Client 6 uploaded
Client 62 trained
Client 62 uploaded
Client 22 trained
Client 2 trained
Client 22 uploaded
Client 2 uploaded
Client 99 trained
Client 99 uploaded
Epoch(t): 163 accuracy: 78.34 loss 0.5878516858816147 run_time: 238.95844960212708
TiFL算法: 选择层 1，信用值剩余 3，选择概率 0.3333
Current clients: 20 , select: 10
| current_epoch 164 |. Begin client select
SchedulerThread schedule Tier [1], select(10 clients):
36 | 46 | 50 | 93 | 13 | 88 | 53 | 43 | 25 | 81 |
-----------------------------------------------------------------Schedule complete
Client 53 trained
Client 53 uploaded
Client 43 trained
Client 43 uploaded
Client 93 trained
Client 93 uploaded
Client 46 trained
Client 46 uploaded
Client 25 trained
Client 25 uploaded
Client 36 trained
Client 36 uploaded
Client 50 trained
Client 50 uploaded
Client 81 trained
Client 81 uploaded
Client 88 trained
Client 88 uploaded
Client 13 trained
Client 13 uploaded
Epoch(t): 164 accuracy: 78.28 loss 0.5990889823436737 run_time: 240.9332935810089
TiFL算法: 选择层 1，信用值剩余 2，选择概率 0.3333
Current clients: 20 , select: 10
| current_epoch 165 |. Begin client select
SchedulerThread schedule Tier [1], select(10 clients):
93 | 24 | 13 | 86 | 27 | 53 | 46 | 36 | 33 | 25 |
-----------------------------------------------------------------Schedule complete
Client 53 trained
Client 53 uploaded
Client 93 trained
Client 93 uploaded
Client 24 trained
Client 24 uploaded
Client 86 trained
Client 86 uploaded
Client 25 trained
Client 25 uploaded
Client 46 trained
Client 46 uploaded
Client 27 trained
Client 27 uploaded
Client 33 trained
Client 33 uploaded
Client 13 trained
Client 13 uploaded
Client 36 trained
Client 36 uploaded
Epoch(t): 165 accuracy: 80.18 loss 0.5416756564378739 run_time: 242.57010746002197
TiFL算法: 选择层 3，信用值剩余 4，选择概率 0.1667
Current clients: 20 , select: 10
| current_epoch 166 |. Begin client select
SchedulerThread schedule Tier [3], select(10 clients):
70 | 0 | 11 | 32 | 92 | 77 | 58 | 98 | 35 | 78 |
-----------------------------------------------------------------Schedule complete
Client 78 trained
Client 78 uploaded
Client 70 trained
Client 70 uploaded
Client 32 trained
Client 32 uploaded
Client 92 trained
Client 92 uploaded
Client 58 trained
Client 58 uploaded
Client 11 trained
Client 11 uploaded
Client 35 trained
Client 35 uploaded
Client 77 trained
Client 77 uploaded
Client 98 trained
Client 98 uploaded
Client 0 trained
Client 0 uploaded
Epoch(t): 166 accuracy: 75.44 loss 0.7256238469481469 run_time: 244.35141849517822
TiFL算法: 选择层 0，信用值剩余 3，选择概率 0.5000
Current clients: 20 , select: 10
| current_epoch 167 |. Begin client select
SchedulerThread schedule Tier [0], select(10 clients):
99 | 85 | 2 | 44 | 1 | 8 | 54 | 62 | 34 | 5 |
-----------------------------------------------------------------Schedule complete
Client 5 trained
Client 5 uploaded
Client 8 trained
Client 8 uploaded
Client 1 trained
Client 1 uploaded
Client 85 trained
Client 85 uploaded
Client 99 trained
Client 99 uploaded
Client 2 trained
Client 2 uploaded
Client 44 trained
Client 44 uploaded
Client 54 trained
Client 54 uploaded
Client 62 trained
Client 62 uploaded
Client 34 trained
Client 34 uploaded
Epoch(t): 167 accuracy: 77.58 loss 0.616064013838768 run_time: 245.82979440689087
TiFL算法: 选择层 0，信用值剩余 2，选择概率 0.5000
Current clients: 20 , select: 10
| current_epoch 168 |. Begin client select
SchedulerThread schedule Tier [0], select(10 clients):
2 | 44 | 54 | 6 | 94 | 59 | 22 | 34 | 97 | 99 |
-----------------------------------------------------------------Schedule complete
Client 97 trained
Client 97 uploaded
Client 94 trained
Client 94 uploaded
Client 59 trained
Client 59 uploaded
Client 6 trained
Client 6 uploaded
Client 54 trained
Client 54 uploaded
Client 22 trained
Client 22 uploaded
Client 2 trained
Client 2 uploaded
Client 34 trained
Client 34 uploaded
Client 99 trained
Client 99 uploaded
Client 44 trained
Client 44 uploaded
Epoch(t): 168 accuracy: 72.76 loss 0.687909164428711 run_time: 247.34679675102234
TiFL算法: 选择层 1，信用值剩余 1，选择概率 0.3333
Current clients: 20 , select: 10
| current_epoch 169 |. Begin client select
SchedulerThread schedule Tier [1], select(10 clients):
33 | 50 | 16 | 13 | 86 | 46 | 36 | 51 | 15 | 88 |
-----------------------------------------------------------------Schedule complete
Client 86 trained
Client 86 uploaded
Client 16 trained
Client 16 uploaded
Client 51 trained
Client 51 uploaded
Client 46 trained
Client 46 uploaded
Client 36 trained
Client 36 uploaded
Client 50 trained
Client 50 uploaded
Client 33 trained
Client 33 uploaded
Client 15 trained
Client 15 uploaded
Client 13 trained
Client 13 uploaded
Client 88 trained
Client 88 uploaded
Epoch(t): 169 accuracy: 77.11 loss 0.6250504973530769 run_time: 249.20510387420654
TiFL算法: 选择层 0，信用值剩余 1，选择概率 0.5000
Current clients: 20 , select: 10
| current_epoch 170 |. Begin client select
SchedulerThread schedule Tier [0], select(10 clients):
5 | 37 | 99 | 85 | 97 | 22 | 44 | 39 | 6 | 54 |
-----------------------------------------------------------------Schedule complete
Client 39 trained
Client 39 uploaded
Client 97 trained
Client 97 uploaded
Client 5 trained
Client 5 uploaded
Client 44 trained
Client 44 uploaded
Client 37 trained
Client 37 uploaded
Client 6 trained
Client 6 uploaded
Client 54 trained
Client 54 uploaded
Client 85 trained
Client 85 uploaded
Client 22 trained
Client 22 uploaded
Client 99 trained
Client 99 uploaded
Epoch(t): 170 accuracy: 79.0 loss 0.5764078086614609 run_time: 250.58925199508667
TiFL算法: 选择层 3，信用值剩余 3，选择概率 0.1667
Current clients: 20 , select: 10
| current_epoch 171 |. Begin client select
SchedulerThread schedule Tier [3], select(10 clients):
96 | 65 | 58 | 67 | 17 | 32 | 92 | 57 | 30 | 70 |
-----------------------------------------------------------------Schedule complete
Client 30 trained
Client 30 uploaded
Client 70 trained
Client 70 uploaded
Client 32 trained
Client 32 uploaded
Client 96 trained
Client 96 uploaded
Client 65 trained
Client 65 uploaded
Client 92 trained
Client 92 uploaded
Client 17 trained
Client 17 uploaded
Client 58 trained
Client 58 uploaded
Client 67 trained
Client 67 uploaded
Client 57 trained
Client 57 uploaded
Epoch(t): 171 accuracy: 77.82 loss 0.6251491266489029 run_time: 252.4577488899231
TiFL算法: 选择层 3，信用值剩余 2，选择概率 0.1667
Current clients: 20 , select: 10
| current_epoch 172 |. Begin client select
SchedulerThread schedule Tier [3], select(10 clients):
66 | 58 | 76 | 17 | 14 | 98 | 57 | 65 | 0 | 29 |
-----------------------------------------------------------------Schedule complete
Client 14 trained
Client 14 uploaded
Client 29 trained
Client 29 uploaded
Client 76 trained
Client 76 uploaded
Client 65 trained
Client 65 uploaded
Client 58 trained
Client 58 uploaded
Client 17 trained
Client 17 uploaded
Client 66 trained
Client 66 uploaded
Client 57 trained
Client 57 uploaded
Client 0 trained
Client 0 uploaded
Client 98 trained
Client 98 uploaded
Epoch(t): 172 accuracy: 78.55 loss 0.5940190270543099 run_time: 254.0831389427185
TiFL算法: 选择层 0，信用值剩余 0，选择概率 0.5000
Current clients: 20 , select: 10
| current_epoch 173 |. Begin client select
SchedulerThread schedule Tier [0], select(10 clients):
99 | 39 | 59 | 62 | 37 | 85 | 1 | 97 | 83 | 5 |
-----------------------------------------------------------------Schedule complete
Client 39 trained
Client 39 uploaded
Client 83 trained
Client 83 uploaded
Client 97 trained
Client 97 uploaded
Client 1 trained
Client 1 uploaded
Client 99 trained
Client 99 uploaded
Client 5 trained
Client 5 uploaded
Client 59 trained
Client 59 uploaded
Client 62 trained
Client 62 uploaded
Client 37 trained
Client 37 uploaded
Client 85 trained
Client 85 uploaded
Epoch(t): 173 accuracy: 80.38 loss 0.5250696176290512 run_time: 255.63360238075256
TiFL算法: 选择层 1，信用值剩余 0，选择概率 0.3333
Current clients: 20 , select: 10
| current_epoch 174 |. Begin client select
SchedulerThread schedule Tier [1], select(10 clients):
86 | 81 | 50 | 16 | 88 | 24 | 15 | 13 | 27 | 93 |
-----------------------------------------------------------------Schedule complete
Client 93 trained
Client 93 uploaded
Client 86 trained
Client 86 uploaded
Client 24 trained
Client 24 uploaded
Client 50 trained
Client 50 uploaded
Client 16 trained
Client 16 uploaded
Client 88 trained
Client 88 uploaded
Client 15 trained
Client 15 uploaded
Client 81 trained
Client 81 uploaded
Client 27 trained
Client 27 uploaded
Client 13 trained
Client 13 uploaded
Epoch(t): 174 accuracy: 75.97 loss 0.6196473717689515 run_time: 257.4466140270233
TiFL算法: 选择层 3，信用值剩余 1，选择概率 0.1667
Current clients: 20 , select: 10
| current_epoch 175 |. Begin client select
SchedulerThread schedule Tier [3], select(10 clients):
17 | 57 | 70 | 78 | 76 | 0 | 32 | 14 | 29 | 35 |
-----------------------------------------------------------------Schedule complete
Client 29 trained
Client 29 uploaded
Client 76 trained
Client 76 uploaded
Client 14 trained
Client 14 uploaded
Client 32 trained
Client 32 uploaded
Client 78 trained
Client 78 uploaded
Client 57 trained
Client 57 uploaded
Client 70 trained
Client 70 uploaded
Client 0 trained
Client 0 uploaded
Client 17 trained
Client 17 uploaded
Client 35 trained
Client 35 uploaded
Epoch(t): 175 accuracy: 75.87 loss 0.644994061589241 run_time: 258.80146169662476
TiFL算法: 选择层 3，信用值剩余 0，选择概率 0.1667
Current clients: 20 , select: 10
| current_epoch 176 |. Begin client select
SchedulerThread schedule Tier [3], select(10 clients):
17 | 67 | 70 | 35 | 66 | 65 | 96 | 76 | 92 | 29 |
-----------------------------------------------------------------Schedule complete
Client 29 trained
Client 29 uploaded
Client 76 trained
Client 76 uploaded
Client 65 trained
Client 65 uploaded
Client 92 trained
Client 92 uploaded
Client 70 trained
Client 70 uploaded
Client 17 trained
Client 17 uploaded
Client 66 trained
Client 66 uploaded
Client 67 trained
Client 67 uploaded
Client 35 trained
Client 35 uploaded
Client 96 trained
Client 96 uploaded
Epoch(t): 176 accuracy: 75.55 loss 0.6749457144737243 run_time: 260.38006043434143
警告：无法找到有信用值的层，随机选择层2并重置所有信用值
TiFL算法: 选择层 2，信用值剩余 4，选择概率 0.0000
Current clients: 20 , select: 10
| current_epoch 177 |. Begin client select
SchedulerThread schedule Tier [2], select(10 clients):
38 | 4 | 10 | 12 | 20 | 21 | 60 | 68 | 87 | 63 |
-----------------------------------------------------------------Schedule complete
Client 21 trained
Client 21 uploaded
Client 38 trained
Client 38 uploaded
Client 60 trained
Client 60 uploaded
Client 68 trained
Client 68 uploaded
Client 20 trained
Client 20 uploaded
Client 63 trained
Client 63 uploaded
Client 4 trained
Client 4 uploaded
Client 87 trained
Client 87 uploaded
Client 10 trained
Client 10 uploaded
Client 12 trained
Client 12 uploaded
Epoch(t): 177 accuracy: 68.44 loss 0.7492291411757469 run_time: 261.5590000152588
TiFL算法: 选择层 0，信用值剩余 4，选择概率 0.5000
Current clients: 20 , select: 10
| current_epoch 178 |. Begin client select
SchedulerThread schedule Tier [0], select(10 clients):
90 | 37 | 5 | 1 | 39 | 83 | 44 | 6 | 2 | 34 |
-----------------------------------------------------------------Schedule complete
Client 39 trained
Client 39 uploaded
Client 83 trained
Client 83 uploaded
Client 5 trained
Client 5 uploaded
Client 37 trained
Client 37 uploaded
Client 44 trained
Client 44 uploaded
Client 90 trained
Client 90 uploaded
Client 1 trained
Client 1 uploaded
Client 6 trained
Client 6 uploaded
Client 2 trained
Client 2 uploaded
Client 34 trained
Client 34 uploaded
Epoch(t): 178 accuracy: 77.81 loss 0.6222751951217651 run_time: 262.87980365753174
TiFL算法: 选择层 0，信用值剩余 3，选择概率 0.5000
Current clients: 20 , select: 10
| current_epoch 179 |. Begin client select
SchedulerThread schedule Tier [0], select(10 clients):
8 | 94 | 85 | 44 | 5 | 62 | 39 | 6 | 59 | 1 |
-----------------------------------------------------------------Schedule complete
Client 39 trained
Client 39 uploaded
Client 5 trained
Client 5 uploaded
Client 94 trained
Client 94 uploaded
Client 1 trained
Client 1 uploaded
Client 44 trained
Client 44 uploaded
Client 8 trained
Client 8 uploaded
Client 62 trained
Client 62 uploaded
Client 6 trained
Client 6 uploaded
Client 59 trained
Client 59 uploaded
Client 85 trained
Client 85 uploaded
Epoch(t): 179 accuracy: 77.01 loss 0.6033821043372154 run_time: 264.32537865638733
各层当前精度: [(0, 113.681), (1, 111.10825), (2, 81.3495), (3, 110.93474999999998), (4, 75.01750000000001)]
各层当前信用值: [3, 5, 4, 5, 5]
层4 精度=75.0175 排名=1/5 初始概率=0.5000
层2 精度=81.3495 排名=2/5 初始概率=0.4000
层3 精度=110.9347 排名=3/5 初始概率=0.3000
层1 精度=111.1082 排名=4/5 初始概率=0.2000
层0 精度=113.6810 排名=5/5 初始概率=0.1000
更新后的层选择概率: ['0.0667', '0.1333', '0.2667', '0.2000', '0.3333']
TiFL算法: 选择层 0，信用值剩余 2，选择概率 0.0667
Current clients: 20 , select: 10
| current_epoch 180 |. Begin client select
SchedulerThread schedule Tier [0], select(10 clients):
62 | 22 | 54 | 91 | 83 | 2 | 59 | 5 | 44 | 8 |
-----------------------------------------------------------------Schedule complete
Client 83 trained
Client 83 uploaded
Client 8 trained
Client 8 uploaded
Client 62 trained
Client 62 uploaded
Client 5 trained
Client 5 uploaded
Client 2 trained
Client 2 uploaded
Client 54 trained
Client 54 uploaded
Client 22 trained
Client 44 trained
Client 44 uploaded
Client 22 uploaded
Client 59 trained
Client 59 uploaded
Client 91 trained
Client 91 uploaded
Epoch(t): 180 accuracy: 79.39 loss 0.5541923016309738 run_time: 265.4029381275177
TiFL算法: 选择层 1，信用值剩余 4，选择概率 0.1333
Current clients: 20 , select: 10
| current_epoch 181 |. Begin client select
SchedulerThread schedule Tier [1], select(10 clients):
27 | 13 | 93 | 53 | 25 | 9 | 50 | 86 | 16 | 82 |
-----------------------------------------------------------------Schedule complete
Client 53 trained
Client 53 uploaded
Client 93 trained
Client 93 uploaded
Client 86 trained
Client 86 uploaded
Client 16 trained
Client 16 uploaded
Client 25 trained
Client 25 uploaded
Client 50 trained
Client 50 uploaded
Client 9 trained
Client 9 uploaded
Client 27 trained
Client 27 uploaded
Client 13 trained
Client 13 uploaded
Client 82 trained
Client 82 uploaded
Epoch(t): 181 accuracy: 76.65 loss 0.5921457847952842 run_time: 267.27812337875366
TiFL算法: 选择层 1，信用值剩余 3，选择概率 0.1333
Current clients: 20 , select: 10
| current_epoch 182 |. Begin client select
SchedulerThread schedule Tier [1], select(10 clients):
88 | 33 | 50 | 24 | 51 | 93 | 43 | 13 | 82 | 53 |
-----------------------------------------------------------------Schedule complete
Client 53 trained
Client 53 uploaded
Client 43 trained
Client 43 uploaded
Client 24 trained
Client 24 uploaded
Client 93 trained
Client 93 uploaded
Client 50 trained
Client 50 uploaded
Client 51 trained
Client 51 uploaded
Client 88 trained
Client 88 uploaded
Client 82 trained
Client 82 uploaded
Client 13 trained
Client 13 uploaded
Client 33 trained
Client 33 uploaded
Epoch(t): 182 accuracy: 78.81 loss 0.5606573104858399 run_time: 269.17961144447327
TiFL算法: 选择层 3，信用值剩余 4，选择概率 0.2000
Current clients: 20 , select: 10
| current_epoch 183 |. Begin client select
SchedulerThread schedule Tier [3], select(10 clients):
70 | 98 | 58 | 0 | 77 | 29 | 76 | 30 | 92 | 67 |
-----------------------------------------------------------------Schedule complete
Client 29 trained
Client 29 uploaded
Client 76 trained
Client 76 uploaded
Client 30 trained
Client 30 uploaded
Client 92 trained
Client 92 uploaded
Client 58 trained
Client 58 uploaded
Client 70 trained
Client 70 uploaded
Client 77 trained
Client 77 uploaded
Client 67 trained
Client 67 uploaded
Client 0 trained
Client 0 uploaded
Client 98 trained
Client 98 uploaded
Epoch(t): 183 accuracy: 75.41 loss 0.7143643999099731 run_time: 270.8741195201874
TiFL算法: 选择层 4，信用值剩余 4，选择概率 0.3333
Current clients: 20 , select: 10
| current_epoch 184 |. Begin client select
SchedulerThread schedule Tier [4], select(10 clients):
28 | 42 | 52 | 40 | 72 | 73 | 80 | 19 | 64 | 79 |
-----------------------------------------------------------------Schedule complete
Client 72 trained
Client 72 uploaded
Client 73 trained
Client 73 uploaded
Client 80 trained
Client 80 uploaded
Client 79 trained
Client 79 uploaded
Client 42 trained
Client 42 uploaded
Client 28 trained
Client 28 uploaded
Client 40 trained
Client 40 uploaded
Client 19 trained
Client 19 uploaded
Client 52 trained
Client 52 uploaded
Client 64 trained
Client 64 uploaded
Epoch(t): 184 accuracy: 77.74 loss 0.6541996702551842 run_time: 271.9449541568756
TiFL算法: 选择层 3，信用值剩余 3，选择概率 0.2000
Current clients: 20 , select: 10
| current_epoch 185 |. Begin client select
SchedulerThread schedule Tier [3], select(10 clients):
17 | 70 | 58 | 29 | 92 | 67 | 77 | 98 | 32 | 76 |
-----------------------------------------------------------------Schedule complete
Client 29 trained
Client 29 uploaded
Client 76 trained
Client 76 uploaded
Client 32 trained
Client 32 uploaded
Client 70 trained
Client 70 uploaded
Client 17 trained
Client 17 uploaded
Client 77 trained
Client 77 uploaded
Client 92 trained
Client 92 uploaded
Client 58 trained
Client 58 uploaded
Client 67 trained
Client 67 uploaded
Client 98 trained
Client 98 uploaded
Epoch(t): 185 accuracy: 74.76 loss 0.7913416820764542 run_time: 273.6119239330292
TiFL算法: 选择层 4，信用值剩余 3，选择概率 0.3333
Current clients: 20 , select: 10
| current_epoch 186 |. Begin client select
SchedulerThread schedule Tier [4], select(10 clients):
45 | 72 | 73 | 40 | 42 | 19 | 28 | 49 | 52 | 61 |
-----------------------------------------------------------------Schedule complete
Client 73 trained
Client 73 uploaded
Client 72 trained
Client 72 uploaded
Client 28 trained
Client 28 uploaded
Client 61 trained
Client 61 uploaded
Client 42 trained
Client 42 uploaded
Client 19 trained
Client 19 uploaded
Client 52 trained
Client 52 uploaded
Client 45 trained
Client 45 uploaded
Client 40 trained
Client 40 uploaded
Client 49 trained
Client 49 uploaded
Epoch(t): 186 accuracy: 75.8 loss 0.7638369873166084 run_time: 274.78584933280945
TiFL算法: 选择层 2，信用值剩余 3，选择概率 0.2667
Current clients: 20 , select: 10
| current_epoch 187 |. Begin client select
SchedulerThread schedule Tier [2], select(10 clients):
18 | 75 | 87 | 84 | 7 | 23 | 21 | 10 | 20 | 89 |
-----------------------------------------------------------------Schedule complete
Client 21 trained
Client 21 uploaded
Client 7 trained
Client 7 uploaded
Client 20 trained
Client 20 uploaded
Client 87 trained
Client 87 uploaded
Client 75 trained
Client 75 uploaded
Client 10 trained
Client 10 uploaded
Client 18 trained
Client 18 uploaded
Client 23 trained
Client 23 uploaded
Client 84 trained
Client 84 uploaded
Client 89 trained
Client 89 uploaded
Epoch(t): 187 accuracy: 79.99 loss 0.6422485113143921 run_time: 276.00551891326904
TiFL算法: 选择层 2，信用值剩余 2，选择概率 0.2667
Current clients: 20 , select: 10
| current_epoch 188 |. Begin client select
SchedulerThread schedule Tier [2], select(10 clients):
60 | 74 | 20 | 89 | 23 | 31 | 68 | 75 | 95 | 38 |
-----------------------------------------------------------------Schedule complete
Client 74 trained
Client 74 uploaded
Client 60 trained
Client 60 uploaded
Client 38 trained
Client 38 uploaded
Client 89 trained
Client 89 uploaded
Client 75 trained
Client 75 uploaded
Client 20 trained
Client 20 uploaded
Client 95 trained
Client 95 uploaded
Client 31 trained
Client 31 uploaded
Client 68 trained
Client 68 uploaded
Client 23 trained
Client 23 uploaded
Epoch(t): 188 accuracy: 78.01 loss 0.5344250604510308 run_time: 277.3823130130768
TiFL算法: 选择层 4，信用值剩余 2，选择概率 0.3333
Current clients: 20 , select: 10
| current_epoch 189 |. Begin client select
SchedulerThread schedule Tier [4], select(10 clients):
56 | 3 | 48 | 72 | 52 | 26 | 40 | 64 | 49 | 45 |
-----------------------------------------------------------------Schedule complete
Client 72 trained
Client 72 uploaded
Client 48 trained
Client 48 uploaded
Client 64 trained
Client 64 uploaded
Client 26 trained
Client 26 uploaded
Client 49 trained
Client 49 uploaded
Client 45 trained
Client 45 uploaded
Client 40 trained
Client 40 uploaded
Client 52 trained
Client 52 uploaded
Client 3 trained
Client 3 uploaded
Client 56 trained
Client 56 uploaded
Epoch(t): 189 accuracy: 69.81 loss 0.9519051951169968 run_time: 278.84616708755493
TiFL算法: 选择层 2，信用值剩余 1，选择概率 0.2667
Current clients: 20 , select: 10
| current_epoch 190 |. Begin client select
SchedulerThread schedule Tier [2], select(10 clients):
23 | 7 | 60 | 31 | 75 | 18 | 20 | 84 | 55 | 38 |
-----------------------------------------------------------------Schedule complete
Client 7 trained
Client 7 uploaded
Client 38 trained
Client 38 uploaded
Client 60 trained
Client 60 uploaded
Client 75 trained
Client 75 uploaded
Client 55 trained
Client 55 uploaded
Client 20 trained
Client 20 uploaded
Client 23 trained
Client 23 uploaded
Client 18 trained
Client 18 uploaded
Client 31 trained
Client 31 uploaded
Client 84 trained
Client 84 uploaded
Epoch(t): 190 accuracy: 79.37 loss 0.5274022951722145 run_time: 280.13209986686707
TiFL算法: 选择层 4，信用值剩余 1，选择概率 0.3333
Current clients: 20 , select: 10
| current_epoch 191 |. Begin client select
SchedulerThread schedule Tier [4], select(10 clients):
49 | 73 | 3 | 41 | 80 | 45 | 52 | 19 | 42 | 26 |
-----------------------------------------------------------------Schedule complete
Client 80 trained
Client 80 uploaded
Client 73 trained
Client 73 uploaded
Client 41 trained
Client 41 uploaded
Client 49 trained
Client 49 uploaded
Client 52 trained
Client 52 uploaded
Client 45 trained
Client 45 uploaded
Client 26 trained
Client 26 uploaded
Client 42 trained
Client 42 uploaded
Client 3 trained
Client 3 uploaded
Client 19 trained
Client 19 uploaded
Epoch(t): 191 accuracy: 78.89 loss 0.5588764503598214 run_time: 281.3014063835144
TiFL算法: 选择层 0，信用值剩余 1，选择概率 0.0667
Current clients: 20 , select: 10
| current_epoch 192 |. Begin client select
SchedulerThread schedule Tier [0], select(10 clients):
99 | 94 | 2 | 34 | 39 | 37 | 91 | 6 | 90 | 8 |
-----------------------------------------------------------------Schedule complete
Client 39 trained
Client 39 uploaded
Client 37 trained
Client 37 uploaded
Client 8 trained
Client 8 uploaded
Client 94 trained
Client 94 uploaded
Client 90 trained
Client 90 uploaded
Client 6 trained
Client 6 uploaded
Client 2 trained
Client 2 uploaded
Client 34 trained
Client 34 uploaded
Client 91 trained
Client 91 uploaded
Client 99 trained
Client 99 uploaded
Epoch(t): 192 accuracy: 78.44 loss 0.5956463405489921 run_time: 282.6756579875946
TiFL算法: 选择层 4，信用值剩余 0，选择概率 0.3333
Current clients: 20 , select: 10
| current_epoch 193 |. Begin client select
SchedulerThread schedule Tier [4], select(10 clients):
40 | 56 | 80 | 71 | 47 | 64 | 26 | 49 | 79 | 45 |
-----------------------------------------------------------------Schedule complete
Client 80 trained
Client 80 uploaded
Client 71 trained
Client 71 uploaded
Client 26 trained
Client 26 uploaded
Client 79 trained
Client 79 uploaded
Client 47 trained
Client 47 uploaded
Client 64 trained
Client 64 uploaded
Client 40 trained
Client 40 uploaded
Client 49 trained
Client 49 uploaded
Client 45 trained
Client 45 uploaded
Client 56 trained
Client 56 uploaded
Epoch(t): 193 accuracy: 76.43 loss 0.6532628312706947 run_time: 284.1417603492737
TiFL算法: 选择层 0，信用值剩余 0，选择概率 0.0667
Current clients: 20 , select: 10
| current_epoch 194 |. Begin client select
SchedulerThread schedule Tier [0], select(10 clients):
22 | 34 | 99 | 44 | 39 | 54 | 62 | 2 | 5 | 37 |
-----------------------------------------------------------------Schedule complete
Client 22 trained
Client 22 uploaded
Client 39 trained
Client 39 uploaded
Client 5 trained
Client 5 uploaded
Client 44 trained
Client 44 uploaded
Client 37 trained
Client 37 uploaded
Client 2 trained
Client 2 uploaded
Client 34 trained
Client 34 uploaded
Client 62 trained
Client 62 uploaded
Client 54 trained
Client 54 uploaded
Client 99 trained
Client 99 uploaded
Epoch(t): 194 accuracy: 77.85 loss 0.5967438182234764 run_time: 285.5084557533264
TiFL算法: 选择层 3，信用值剩余 2，选择概率 0.2000
Current clients: 20 , select: 10
| current_epoch 195 |. Begin client select
SchedulerThread schedule Tier [3], select(10 clients):
58 | 76 | 17 | 0 | 57 | 77 | 65 | 92 | 78 | 14 |
-----------------------------------------------------------------Schedule complete
Client 14 trained
Client 14 uploaded
Client 76 trained
Client 76 uploaded
Client 17 trained
Client 17 uploaded
Client 65 trained
Client 65 uploaded
Client 78 trained
Client 78 uploaded
Client 92 trained
Client 92 uploaded
Client 58 trained
Client 58 uploaded
Client 77 trained
Client 77 uploaded
Client 57 trained
Client 57 uploaded
Client 0 trained
Client 0 uploaded
Epoch(t): 195 accuracy: 82.87 loss 0.476079543530941 run_time: 286.78843665122986
TiFL算法: 选择层 1，信用值剩余 2，选择概率 0.1333
Current clients: 20 , select: 10
| current_epoch 196 |. Begin client select
SchedulerThread schedule Tier [1], select(10 clients):
16 | 24 | 46 | 82 | 43 | 13 | 93 | 53 | 9 | 27 |
-----------------------------------------------------------------Schedule complete
Client 93 trained
Client 93 uploaded
Client 53 trained
Client 53 uploaded
Client 43 trained
Client 43 uploaded
Client 24 trained
Client 24 uploaded
Client 16 trained
Client 16 uploaded
Client 9 trained
Client 9 uploaded
Client 13 trained
Client 13 uploaded
Client 46 trained
Client 46 uploaded
Client 82 trained
Client 82 uploaded
Client 27 trained
Client 27 uploaded
Epoch(t): 196 accuracy: 79.27 loss 0.5433327788114548 run_time: 288.68898367881775
TiFL算法: 选择层 3，信用值剩余 1，选择概率 0.2000
Current clients: 20 , select: 10
| current_epoch 197 |. Begin client select
SchedulerThread schedule Tier [3], select(10 clients):
78 | 14 | 76 | 77 | 17 | 92 | 32 | 30 | 11 | 57 |
-----------------------------------------------------------------Schedule complete
Client 76 trained
Client 76 uploaded
Client 14 trained
Client 14 uploaded
Client 30 trained
Client 30 uploaded
Client 32 trained
Client 32 uploaded
Client 78 trained
Client 78 uploaded
Client 92 trained
Client 92 uploaded
Client 57 trained
Client 57 uploaded
Client 77 trained
Client 77 uploaded
Client 11 trained
Client 11 uploaded
Client 17 trained
Client 17 uploaded
Epoch(t): 197 accuracy: 81.93 loss 0.4877949599921703 run_time: 290.04451847076416
TiFL算法: 选择层 3，信用值剩余 0，选择概率 0.2000
Current clients: 20 , select: 10
| current_epoch 198 |. Begin client select
SchedulerThread schedule Tier [3], select(10 clients):
66 | 57 | 98 | 65 | 70 | 30 | 58 | 78 | 29 | 32 |
-----------------------------------------------------------------Schedule complete
Client 29 trained
Client 29 uploaded
Client 70 trained
Client 70 uploaded
Client 78 trained
Client 78 uploaded
Client 30 trained
Client 30 uploaded
Client 32 trained
Client 32 uploaded
Client 98 trained
Client 98 uploaded
Client 57 trained
Client 57 uploaded
Client 65 trained
Client 65 uploaded
Client 66 trained
Client 66 uploaded
Client 58 trained
Client 58 uploaded
Epoch(t): 198 accuracy: 77.51 loss 0.6185211488604545 run_time: 291.92150712013245
TiFL算法: 选择层 2，信用值剩余 0，选择概率 0.2667
Current clients: 20 , select: 10
| current_epoch 199 |. Begin client select
SchedulerThread schedule Tier [2], select(10 clients):
7 | 10 | 20 | 23 | 95 | 31 | 55 | 75 | 60 | 18 |
-----------------------------------------------------------------Schedule complete
Client 7 trained
Client 7 uploaded
Client 75 trained
Client 75 uploaded
Client 60 trained
Client 60 uploaded
Client 55 trained
Client 55 uploaded
Client 20 trained
Client 20 uploaded
Client 95 trained
Client 95 uploaded
Client 31 trained
Client 31 uploaded
Client 18 trained
Client 18 uploaded
Client 10 trained
Client 10 uploaded
Client 23 trained
Client 23 uploaded
Epoch(t): 199 accuracy: 83.75 loss 0.4407456085085869 run_time: 293.0987193584442
TiFL算法: 选择层 1，信用值剩余 1，选择概率 0.1333
Current clients: 20 , select: 10
| current_epoch 200 |. Begin client select
SchedulerThread schedule Tier [1], select(10 clients):
13 | 46 | 88 | 81 | 93 | 15 | 9 | 16 | 86 | 69 |
-----------------------------------------------------------------Schedule complete
Client 13 trained
Client 13 uploaded
Client 93 trained
Client 93 uploaded
Client 86 trained
Client 86 uploaded
Client 16 trained
Client 16 uploaded
Client 9 trained
Client 9 uploaded
Client 88 trained
Client 88 uploaded
Client 46 trained
Client 46 uploaded
Client 15 trained
Client 15 uploaded
Client 81 trained
Client 81 uploaded
Client 69 trained
Client 69 uploaded
Epoch(t): 200 accuracy: 81.26 loss 0.5067558020353318 run_time: 295.1988070011139
TiFL算法: 选择层 1，信用值剩余 0，选择概率 0.1333
Current clients: 20 , select: 10
| current_epoch 201 |. Begin client select
SchedulerThread schedule Tier [1], select(10 clients):
69 | 25 | 9 | 51 | 27 | 82 | 36 | 50 | 88 | 93 |
-----------------------------------------------------------------Schedule complete
Client 93 trained
Client 93 uploaded
Client 25 trained
Client 25 uploaded
Client 9 trained
Client 9 uploaded
Client 51 trained
Client 51 uploaded
Client 69 trained
Client 69 uploaded
Client 50 trained
Client 50 uploaded
Client 88 trained
Client 88 uploaded
Client 82 trained
Client 82 uploaded
Client 27 trained
Client 27 uploaded
Client 36 trained
Client 36 uploaded
Epoch(t): 201 accuracy: 79.44 loss 0.5760468235611915 run_time: 297.1484622955322
所有层信用值已用尽，重置所有层信用值
TiFL算法: 选择层 4，信用值剩余 4，选择概率 0.3333
Current clients: 20 , select: 10
| current_epoch 202 |. Begin client select
SchedulerThread schedule Tier [4], select(10 clients):
41 | 79 | 40 | 61 | 45 | 80 | 3 | 48 | 72 | 42 |
-----------------------------------------------------------------Schedule complete
Client 41 trained
Client 41 uploaded
Client 80 trained
Client 80 uploaded
Client 48 trained
Client 48 uploaded
Client 72 trained
Client 72 uploaded
Client 61 trained
Client 61 uploaded
Client 3 trained
Client 3 uploaded
Client 45 trained
Client 45 uploaded
Client 40 trained
Client 40 uploaded
Client 79 trained
Client 79 uploaded
Client 42 trained
Client 42 uploaded
Epoch(t): 202 accuracy: 71.53 loss 0.8390037083625793 run_time: 298.13640546798706
TiFL算法: 选择层 4，信用值剩余 3，选择概率 0.3333
Current clients: 20 , select: 10
| current_epoch 203 |. Begin client select
SchedulerThread schedule Tier [4], select(10 clients):
41 | 3 | 71 | 56 | 45 | 47 | 48 | 73 | 26 | 61 |
-----------------------------------------------------------------Schedule complete
Client 41 trained
Client 41 uploaded
Client 71 trained
Client 71 uploaded
Client 48 trained
Client 48 uploaded
Client 73 trained
Client 73 uploaded
Client 47 trained
Client 47 uploaded
Client 26 trained
Client 26 uploaded
Client 61 trained
Client 61 uploaded
Client 3 trained
Client 3 uploaded
Client 45 trained
Client 45 uploaded
Client 56 trained
Client 56 uploaded
Epoch(t): 203 accuracy: 70.03 loss 0.9790683686733246 run_time: 299.56254982948303
TiFL算法: 选择层 4，信用值剩余 2，选择概率 0.3333
Current clients: 20 , select: 10
| current_epoch 204 |. Begin client select
SchedulerThread schedule Tier [4], select(10 clients):
49 | 56 | 28 | 72 | 52 | 61 | 26 | 3 | 41 | 64 |
-----------------------------------------------------------------Schedule complete
Client 41 trained
Client 41 uploaded
Client 72 trained
Client 72 uploaded
Client 61 trained
Client 61 uploaded
Client 26 trained
Client 26 uploaded
Client 28 trained
Client 28 uploaded
Client 52 trained
Client 52 uploaded
Client 3 trained
Client 3 uploaded
Client 64 trained
Client 64 uploaded
Client 49 trained
Client 49 uploaded
Client 56 trained
Client 56 uploaded
Epoch(t): 204 accuracy: 70.95 loss 0.822009756565094 run_time: 300.86012291908264
TiFL算法: 选择层 3，信用值剩余 4，选择概率 0.2000
Current clients: 20 , select: 10
| current_epoch 205 |. Begin client select
SchedulerThread schedule Tier [3], select(10 clients):
98 | 14 | 30 | 0 | 70 | 96 | 77 | 58 | 67 | 78 |
-----------------------------------------------------------------Schedule complete
Client 14 trained
Client 14 uploaded
Client 70 trained
Client 70 uploaded
Client 98 trained
Client 98 uploaded
Client 78 trained
Client 78 uploaded
Client 96 trained
Client 96 uploaded
Client 77 trained
Client 77 uploaded
Client 67 trained
Client 67 uploaded
Client 30 trained
Client 30 uploaded
Client 58 trained
Client 58 uploaded
Client 0 trained
Client 0 uploaded
Epoch(t): 205 accuracy: 73.66 loss 0.8053329801559448 run_time: 302.7125425338745
TiFL算法: 选择层 2，信用值剩余 4，选择概率 0.2667
Current clients: 20 , select: 10
| current_epoch 206 |. Begin client select
SchedulerThread schedule Tier [2], select(10 clients):
87 | 12 | 20 | 89 | 18 | 60 | 68 | 38 | 23 | 10 |
-----------------------------------------------------------------Schedule complete
Client 60 trained
Client 60 uploaded
Client 38 trained
Client 38 uploaded
Client 89 trained
Client 89 uploaded
Client 20 trained
Client 20 uploaded
Client 87 trained
Client 87 uploaded
Client 68 trained
Client 68 uploaded
Client 18 trained
Client 18 uploaded
Client 12 trained
Client 12 uploaded
Client 10 trained
Client 10 uploaded
Client 23 trained
Client 23 uploaded
Epoch(t): 206 accuracy: 75.99 loss 0.5964848092198372 run_time: 304.0038583278656
TiFL算法: 选择层 4，信用值剩余 1，选择概率 0.3333
Current clients: 20 , select: 10
| current_epoch 207 |. Begin client select
SchedulerThread schedule Tier [4], select(10 clients):
71 | 3 | 41 | 64 | 56 | 45 | 42 | 26 | 47 | 48 |
-----------------------------------------------------------------Schedule complete
Client 71 trained
Client 71 uploaded
Client 41 trained
Client 41 uploaded
Client 48 trained
Client 48 uploaded
Client 26 trained
Client 26 uploaded
Client 42 trained
Client 42 uploaded
Client 3 trained
Client 3 uploaded
Client 64 trained
Client 64 uploaded
Client 47 trained
Client 47 uploaded
Client 45 trained
Client 45 uploaded
Client 56 trained
Client 56 uploaded
Epoch(t): 207 accuracy: 76.67 loss 0.6395815086364746 run_time: 305.2771050930023
TiFL算法: 选择层 4，信用值剩余 0，选择概率 0.3333
Current clients: 20 , select: 10
| current_epoch 208 |. Begin client select
SchedulerThread schedule Tier [4], select(10 clients):
45 | 49 | 73 | 42 | 80 | 28 | 61 | 47 | 3 | 64 |
-----------------------------------------------------------------Schedule complete
Client 73 trained
Client 73 uploaded
Client 80 trained
Client 80 uploaded
Client 28 trained
Client 28 uploaded
Client 61 trained
Client 61 uploaded
Client 47 trained
Client 47 uploaded
Client 42 trained
Client 42 uploaded
Client 64 trained
Client 64 uploaded
Client 3 trained
Client 3 uploaded
Client 45 trained
Client 45 uploaded
Client 49 trained
Client 49 uploaded
Epoch(t): 208 accuracy: 71.86 loss 0.7752278870344163 run_time: 306.3950934410095
TiFL算法: 选择层 1，信用值剩余 4，选择概率 0.1333
Current clients: 20 , select: 10
| current_epoch 209 |. Begin client select
SchedulerThread schedule Tier [1], select(10 clients):
9 | 33 | 16 | 53 | 93 | 36 | 88 | 50 | 43 | 69 |
-----------------------------------------------------------------Schedule complete
Client 93 trained
Client 93 uploaded
Client 43 trained
Client 43 uploaded
Client 53 trained
Client 53 uploaded
Client 9 trained
Client 9 uploaded
Client 16 trained
Client 16 uploaded
Client 88 trained
Client 88 uploaded
Client 69 trained
Client 69 uploaded
Client 50 trained
Client 50 uploaded
Client 36 trained
Client 36 uploaded
Client 33 trained
Client 33 uploaded
Epoch(t): 209 accuracy: 78.76 loss 0.5737847480177879 run_time: 308.3544273376465
TiFL算法: 选择层 3，信用值剩余 3，选择概率 0.2000
Current clients: 20 , select: 10
| current_epoch 210 |. Begin client select
SchedulerThread schedule Tier [3], select(10 clients):
30 | 77 | 65 | 67 | 58 | 0 | 32 | 92 | 66 | 14 |
-----------------------------------------------------------------Schedule complete
Client 14 trained
Client 14 uploaded
Client 32 trained
Client 32 uploaded
Client 30 trained
Client 30 uploaded
Client 65 trained
Client 65 uploaded
Client 77 trained
Client 77 uploaded
Client 92 trained
Client 92 uploaded
Client 58 trained
Client 58 uploaded
Client 67 trained
Client 67 uploaded
Client 66 trained
Client 66 uploaded
Client 0 trained
Client 0 uploaded
Epoch(t): 210 accuracy: 83.81 loss 0.44233195155858995 run_time: 309.6122078895569
TiFL算法: 选择层 2，信用值剩余 3，选择概率 0.2667
Current clients: 20 , select: 10
| current_epoch 211 |. Begin client select
SchedulerThread schedule Tier [2], select(10 clients):
95 | 75 | 31 | 23 | 74 | 84 | 89 | 60 | 12 | 10 |
-----------------------------------------------------------------Schedule complete
Client 74 trained
Client 74 uploaded
Client 60 trained
Client 60 uploaded
Client 75 trained
Client 75 uploaded
Client 12 trained
Client 12 uploaded
Client 95 trained
Client 95 uploaded
Client 89 trained
Client 89 uploaded
Client 31 trained
Client 31 uploaded
Client 10 trained
Client 10 uploaded
Client 84 trained
Client 84 uploaded
Client 23 trained
Client 23 uploaded
Epoch(t): 211 accuracy: 83.89 loss 0.45249352157115935 run_time: 310.8151304721832
TiFL算法: 选择层 0，信用值剩余 4，选择概率 0.0667
Current clients: 20 , select: 10
| current_epoch 212 |. Begin client select
SchedulerThread schedule Tier [0], select(10 clients):
59 | 97 | 83 | 91 | 39 | 22 | 99 | 5 | 37 | 6 |
-----------------------------------------------------------------Schedule complete
Client 83 trained
Client 83 uploaded
Client 39 trained
Client 39 uploaded
Client 5 trained
Client 5 uploaded
Client 97 trained
Client 97 uploaded
Client 22 trained
Client 22 uploaded
Client 59 trained
Client 59 uploaded
Client 37 trained
Client 37 uploaded
Client 6 trained
Client 6 uploaded
Client 91 trained
Client 91 uploaded
Client 99 trained
Client 99 uploaded
Epoch(t): 212 accuracy: 79.06 loss 0.5518391013145447 run_time: 312.1886234283447
TiFL算法: 选择层 0，信用值剩余 3，选择概率 0.0667
Current clients: 20 , select: 10
| current_epoch 213 |. Begin client select
SchedulerThread schedule Tier [0], select(10 clients):
94 | 39 | 62 | 34 | 90 | 6 | 1 | 54 | 91 | 85 |
-----------------------------------------------------------------Schedule complete
Client 39 trained
Client 39 uploaded
Client 85 trained
Client 85 uploaded
Client 90 trained
Client 90 uploaded
Client 6 trained
Client 6 uploaded
Client 94 trained
Client 94 uploaded
Client 34 trained
Client 34 uploaded
Client 91 trained
Client 91 uploaded
Client 54 trained
Client 54 uploaded
Client 62 trained
Client 62 uploaded
Client 1 trained
Client 1 uploaded
Epoch(t): 213 accuracy: 80.08 loss 0.5564845463633538 run_time: 313.34355545043945
TiFL算法: 选择层 2，信用值剩余 2，选择概率 0.2667
Current clients: 20 , select: 10
| current_epoch 214 |. Begin client select
SchedulerThread schedule Tier [2], select(10 clients):
4 | 18 | 89 | 10 | 68 | 75 | 12 | 87 | 84 | 7 |
-----------------------------------------------------------------Schedule complete
Client 7 trained
Client 7 uploaded
Client 75 trained
Client 75 uploaded
Client 87 trained
Client 87 uploaded
Client 68 trained
Client 68 uploaded
Client 89 trained
Client 89 uploaded
Client 4 trained
Client 4 uploaded
Client 12 trained
Client 12 uploaded
Client 10 trained
Client 10 uploaded
Client 84 trained
Client 84 uploaded
Client 18 trained
Client 18 uploaded
Epoch(t): 214 accuracy: 81.96 loss 0.4832797622680664 run_time: 314.5614492893219
TiFL算法: 选择层 1，信用值剩余 3，选择概率 0.1333
Current clients: 20 , select: 10
| current_epoch 215 |. Begin client select
SchedulerThread schedule Tier [1], select(10 clients):
93 | 27 | 88 | 33 | 69 | 9 | 51 | 53 | 50 | 86 |
-----------------------------------------------------------------Schedule complete
Client 93 trained
Client 93 uploaded
Client 86 trained
Client 86 uploaded
Client 53 trained
Client 53 uploaded
Client 9 trained
Client 9 uploaded
Client 88 trained
Client 88 uploaded
Client 51 trained
Client 51 uploaded
Client 69 trained
Client 69 uploaded
Client 50 trained
Client 50 uploaded
Client 27 trained
Client 27 uploaded
Client 33 trained
Client 33 uploaded
Epoch(t): 215 accuracy: 82.34 loss 0.47476005494594575 run_time: 316.6223473548889
TiFL算法: 选择层 3，信用值剩余 2，选择概率 0.2000
Current clients: 20 , select: 10
| current_epoch 216 |. Begin client select
SchedulerThread schedule Tier [3], select(10 clients):
70 | 35 | 65 | 29 | 78 | 30 | 11 | 67 | 76 | 66 |
-----------------------------------------------------------------Schedule complete
Client 29 trained
Client 29 uploaded
Client 76 trained
Client 76 uploaded
Client 78 trained
Client 78 uploaded
Client 30 trained
Client 30 uploaded
Client 70 trained
Client 70 uploaded
Client 67 trained
Client 67 uploaded
Client 65 trained
Client 65 uploaded
Client 66 trained
Client 66 uploaded
Client 11 trained
Client 11 uploaded
Client 35 trained
Client 35 uploaded
Epoch(t): 216 accuracy: 80.16 loss 0.5643237674236298 run_time: 317.9874231815338
TiFL算法: 选择层 2，信用值剩余 1，选择概率 0.2667
Current clients: 20 , select: 10
| current_epoch 217 |. Begin client select
SchedulerThread schedule Tier [2], select(10 clients):
75 | 31 | 38 | 68 | 10 | 55 | 21 | 4 | 20 | 95 |
-----------------------------------------------------------------Schedule complete
Client 21 trained
Client 21 uploaded
Client 75 trained
Client 75 uploaded
Client 20 trained
Client 20 uploaded
Client 38 trained
Client 38 uploaded
Client 55 trained
Client 55 uploaded
Client 68 trained
Client 68 uploaded
Client 95 trained
Client 95 uploaded
Client 4 trained
Client 4 uploaded
Client 31 trained
Client 31 uploaded
Client 10 trained
Client 10 uploaded
Epoch(t): 217 accuracy: 82.56 loss 0.4650288531184196 run_time: 319.16643166542053
TiFL算法: 选择层 3，信用值剩余 1，选择概率 0.2000
Current clients: 20 , select: 10
| current_epoch 218 |. Begin client select
SchedulerThread schedule Tier [3], select(10 clients):
92 | 98 | 58 | 96 | 70 | 29 | 17 | 67 | 57 | 0 |
-----------------------------------------------------------------Schedule complete
Client 29 trained
Client 29 uploaded
Client 70 trained
Client 70 uploaded
Client 17 trained
Client 17 uploaded
Client 92 trained
Client 92 uploaded
Client 58 trained
Client 58 uploaded
Client 98 trained
Client 98 uploaded
Client 96 trained
Client 96 uploaded
Client 67 trained
Client 67 uploaded
Client 57 trained
Client 57 uploaded
Client 0 trained
Client 0 uploaded
Epoch(t): 218 accuracy: 78.06 loss 0.6458906942605972 run_time: 321.02340149879456
TiFL算法: 选择层 2，信用值剩余 0，选择概率 0.2667
Current clients: 20 , select: 10
| current_epoch 219 |. Begin client select
SchedulerThread schedule Tier [2], select(10 clients):
23 | 12 | 89 | 60 | 38 | 21 | 74 | 10 | 68 | 87 |
-----------------------------------------------------------------Schedule complete
Client 74 trained
Client 74 uploaded
Client 21 trained
Client 21 uploaded
Client 60 trained
Client 60 uploaded
Client 38 trained
Client 38 uploaded
Client 89 trained
Client 89 uploaded
Client 87 trained
Client 87 uploaded
Client 68 trained
Client 68 uploaded
Client 12 trained
Client 12 uploaded
Client 10 trained
Client 10 uploaded
Client 23 trained
Client 23 uploaded
Epoch(t): 219 accuracy: 73.79 loss 0.6775705826282501 run_time: 322.32253217697144
各层当前精度: [(0, 122.83800000000001), (1, 123.98375000000001), (2, 116.07800000000002), (3, 128.728), (4, 111.048)]
各层当前信用值: [3, 3, 0, 1, 0]
层0 精度=122.8380 排名=3/3 初始概率=0.3333
层1 精度=123.9838 排名=4/3 初始概率=0.0000
层3 精度=128.7280 排名=5/3 初始概率=0.0000
更新后的层选择概率: ['1.0000', '0.0000', '0.0000', '0.0000', '0.0000']
TiFL算法: 选择层 0，信用值剩余 2，选择概率 1.0000
Current clients: 20 , select: 10
| current_epoch 220 |. Begin client select
SchedulerThread schedule Tier [0], select(10 clients):
5 | 54 | 34 | 97 | 1 | 59 | 91 | 94 | 90 | 8 |
-----------------------------------------------------------------Schedule complete
Client 1 trained
Client 1 uploaded
Client 5 trained
Client 5 uploaded
Client 94 trained
Client 94 uploaded
Client 97 trained
Client 97 uploaded
Client 8 trained
Client 8 uploaded
Client 90 trained
Client 90 uploaded
Client 59 trained
Client 59 uploaded
Client 54 trained
Client 54 uploaded
Client 34 trained
Client 34 uploaded
Client 91 trained
Client 91 uploaded
Epoch(t): 220 accuracy: 79.39 loss 0.5335283505916596 run_time: 323.807493686676
TiFL算法: 选择层 0，信用值剩余 1，选择概率 1.0000
Current clients: 20 , select: 10
| current_epoch 221 |. Begin client select
SchedulerThread schedule Tier [0], select(10 clients):
54 | 6 | 94 | 85 | 34 | 5 | 62 | 39 | 22 | 37 |
-----------------------------------------------------------------Schedule complete
Client 39 trained
Client 39 uploaded
Client 54 trained
Client 54 uploaded
Client 37 trained
Client 37 uploaded
Client 85 trained
Client 85 uploaded
Client 6 trained
Client 6 uploaded
Client 62 trained
Client 62 uploaded
Client 34 trained
Client 34 uploaded
Client 22 trained
Client 22 uploaded
Client 5 trained
Client 5 uploaded
Client 94 trained
Client 94 uploaded
Epoch(t): 221 accuracy: 82.11 loss 0.4844721183180809 run_time: 324.9232168197632
TiFL算法: 选择层 0，信用值剩余 0，选择概率 1.0000
Current clients: 20 , select: 10
| current_epoch 222 |. Begin client select
SchedulerThread schedule Tier [0], select(10 clients):
90 | 8 | 37 | 97 | 34 | 44 | 39 | 22 | 5 | 83 |
-----------------------------------------------------------------Schedule complete
Client 83 trained
Client 83 uploaded
Client 39 trained
Client 39 uploaded
Client 97 trained
Client 97 uploaded
Client 5 trained
Client 5 uploaded
Client 37 trained
Client 37 uploaded
Client 44 trained
Client 44 uploaded
Client 90 trained
Client 90 uploaded
Client 22 trained
Client 22 uploaded
Client 8 trained
Client 8 uploaded
Client 34 trained
Client 34 uploaded
Epoch(t): 222 accuracy: 82.98 loss 0.47246129930019376 run_time: 326.16826033592224
警告：无法找到有信用值的层，随机选择层1并重置所有信用值
TiFL算法: 选择层 1，信用值剩余 4，选择概率 0.0000
Current clients: 20 , select: 10
| current_epoch 223 |. Begin client select
SchedulerThread schedule Tier [1], select(10 clients):
15 | 81 | 27 | 46 | 50 | 25 | 82 | 13 | 93 | 9 |
-----------------------------------------------------------------Schedule complete
Client 93 trained
Client 93 uploaded
Client 9 trained
Client 9 uploaded
Client 25 trained
Client 25 uploaded
Client 46 trained
Client 46 uploaded
Client 50 trained
Client 50 uploaded
Client 27 trained
Client 27 uploaded
Client 13 trained
Client 13 uploaded
Client 15 trained
Client 15 uploaded
Client 82 trained
Client 82 uploaded
Client 81 trained
Client 81 uploaded
Epoch(t): 223 accuracy: 81.61 loss 0.5140830615162849 run_time: 327.74813055992126
TiFL算法: 选择层 0，信用值剩余 4，选择概率 1.0000
Current clients: 20 , select: 10
| current_epoch 224 |. Begin client select
SchedulerThread schedule Tier [0], select(10 clients):
39 | 2 | 22 | 37 | 97 | 44 | 94 | 6 | 85 | 59 |
-----------------------------------------------------------------Schedule complete
Client 39 trained
Client 39 uploaded
Client 97 trained
Client 97 uploaded
Client 44 trained
Client 44 uploaded
Client 94 trained
Client 94 uploaded
Client 37 trained
Client 37 uploaded
Client 59 trained
Client 59 uploaded
Client 22 trained
Client 22 uploaded
Client 6 trained
Client 6 uploaded
Client 85 trained
Client 85 uploaded
Client 2 trained
Client 2 uploaded
Epoch(t): 224 accuracy: 77.01 loss 0.565088657438755 run_time: 329.103392124176
TiFL算法: 选择层 0，信用值剩余 3，选择概率 1.0000
Current clients: 20 , select: 10
| current_epoch 225 |. Begin client select
SchedulerThread schedule Tier [0], select(10 clients):
90 | 94 | 99 | 2 | 39 | 54 | 97 | 37 | 62 | 91 |
-----------------------------------------------------------------Schedule complete
Client 39 trained
Client 39 uploaded
Client 94 trained
Client 94 uploaded
Client 37 trained
Client 37 uploaded
Client 97 trained
Client 97 uploaded
Client 90 trained
Client 90 uploaded
Client 2 trained
Client 2 uploaded
Client 54 trained
Client 54 uploaded
Client 91 trained
Client 91 uploaded
Client 62 trained
Client 62 uploaded
Client 99 trained
Client 99 uploaded
Epoch(t): 225 accuracy: 76.84 loss 0.609492911696434 run_time: 330.51031732559204
TiFL算法: 选择层 0，信用值剩余 2，选择概率 1.0000
Current clients: 20 , select: 10
| current_epoch 226 |. Begin client select
SchedulerThread schedule Tier [0], select(10 clients):
54 | 99 | 8 | 83 | 94 | 34 | 90 | 2 | 97 | 91 |
-----------------------------------------------------------------Schedule complete
Client 83 trained
Client 83 uploaded
Client 97 trained
Client 97 uploaded
Client 8 trained
Client 8 uploaded
Client 94 trained
Client 94 uploaded
Client 90 trained
Client 90 uploaded
Client 2 trained
Client 2 uploaded
Client 54 trained
Client 54 uploaded
Client 34 trained
Client 34 uploaded
Client 91 trained
Client 91 uploaded
Client 99 trained
Client 99 uploaded
Epoch(t): 226 accuracy: 72.57 loss 0.8018068271875382 run_time: 331.91157388687134
TiFL算法: 选择层 0，信用值剩余 1，选择概率 1.0000
Current clients: 20 , select: 10
| current_epoch 227 |. Begin client select
SchedulerThread schedule Tier [0], select(10 clients):
90 | 39 | 5 | 62 | 1 | 94 | 2 | 85 | 6 | 99 |
-----------------------------------------------------------------Schedule complete
Client 39 trained
Client 39 uploaded
Client 94 trained
Client 94 uploaded
Client 1 trained
Client 1 uploaded
Client 85 trained
Client 85 uploaded
Client 5 trained
Client 5 uploaded
Client 99 trained
Client 99 uploaded
Client 90 trained
Client 90 uploaded
Client 6 trained
Client 6 uploaded
Client 62 trained
Client 62 uploaded
Client 2 trained
Client 2 uploaded
Epoch(t): 227 accuracy: 78.84 loss 0.6236840683221817 run_time: 333.46903228759766
TiFL算法: 选择层 0，信用值剩余 0，选择概率 1.0000
Current clients: 20 , select: 10
| current_epoch 228 |. Begin client select
SchedulerThread schedule Tier [0], select(10 clients):
90 | 34 | 37 | 62 | 1 | 94 | 54 | 39 | 8 | 91 |
-----------------------------------------------------------------Schedule complete
Client 39 trained
Client 39 uploaded
Client 37 trained
Client 37 uploaded
Client 8 trained
Client 8 uploaded
Client 90 trained
Client 90 uploaded
Client 94 trained
Client 94 uploaded
Client 34 trained
Client 34 uploaded
Client 91 trained
Client 91 uploaded
Client 62 trained
Client 62 uploaded
Client 54 trained
Client 54 uploaded
Client 1 trained
Client 1 uploaded
Epoch(t): 228 accuracy: 82.11 loss 0.49008203417062757 run_time: 334.73981523513794
警告：无法找到有信用值的层，随机选择层3并重置所有信用值
TiFL算法: 选择层 3，信用值剩余 4，选择概率 0.0000
Current clients: 20 , select: 10
| current_epoch 229 |. Begin client select
SchedulerThread schedule Tier [3], select(10 clients):
32 | 76 | 65 | 0 | 11 | 92 | 77 | 96 | 67 | 35 |
-----------------------------------------------------------------Schedule complete
Client 76 trained
Client 76 uploaded
Client 92 trained
Client 92 uploaded
Client 32 trained
Client 32 uploaded
Client 65 trained
Client 65 uploaded
Client 67 trained
Client 67 uploaded
Client 0 trained
Client 0 uploaded
Client 77 trained
Client 77 uploaded
Client 11 trained
Client 11 uploaded
Client 35 trained
Client 35 uploaded
Client 96 trained
Client 96 uploaded
Epoch(t): 229 accuracy: 79.7 loss 0.5651008605957031 run_time: 336.1255295276642
TiFL算法: 选择层 0，信用值剩余 4，选择概率 1.0000
Current clients: 20 , select: 10
| current_epoch 230 |. Begin client select
SchedulerThread schedule Tier [0], select(10 clients):
1 | 37 | 2 | 59 | 99 | 39 | 62 | 5 | 6 | 44 |
-----------------------------------------------------------------Schedule complete
Client 39 trained
Client 39 uploaded
Client 5 trained
Client 5 uploaded
Client 1 trained
Client 1 uploaded
Client 99 trained
Client 99 uploaded
Client 44 trained
Client 44 uploaded
Client 6 trained
Client 6 uploaded
Client 62 trained
Client 62 uploaded
Client 2 trained
Client 2 uploaded
Client 37 trained
Client 37 uploaded
Client 59 trained
Client 59 uploaded
Epoch(t): 230 accuracy: 82.55 loss 0.4879201257228851 run_time: 337.6969633102417
TiFL算法: 选择层 0，信用值剩余 3，选择概率 1.0000
Current clients: 20 , select: 10
| current_epoch 231 |. Begin client select
SchedulerThread schedule Tier [0], select(10 clients):
44 | 22 | 6 | 99 | 54 | 2 | 34 | 39 | 97 | 83 |
-----------------------------------------------------------------Schedule complete
Client 39 trained
Client 39 uploaded
Client 83 trained
Client 83 uploaded
Client 6 trained
Client 6 uploaded
Client 97 trained
Client 97 uploaded
Client 44 trained
Client 44 uploaded
Client 2 trained
Client 2 uploaded
Client 54 trained
Client 54 uploaded
Client 22 trained
Client 22 uploaded
Client 34 trained
Client 34 uploaded
Client 99 trained
Client 99 uploaded
Epoch(t): 231 accuracy: 75.13 loss 0.6847419935464859 run_time: 338.9671878814697
TiFL算法: 选择层 0，信用值剩余 2，选择概率 1.0000
Current clients: 20 , select: 10
| current_epoch 232 |. Begin client select
SchedulerThread schedule Tier [0], select(10 clients):
5 | 39 | 59 | 62 | 90 | 97 | 37 | 8 | 83 | 54 |
-----------------------------------------------------------------Schedule complete
Client 54 trained
Client 54 uploaded
Client 83 trained
Client 83 uploaded
Client 39 trained
Client 39 uploaded
Client 97 trained
Client 97 uploaded
Client 5 trained
Client 5 uploaded
Client 59 trained
Client 59 uploaded
Client 37 trained
Client 37 uploaded
Client 62 trained
Client 62 uploaded
Client 8 trained
Client 8 uploaded
Client 90 trained
Client 90 uploaded
Epoch(t): 232 accuracy: 82.51 loss 0.47240157932043075 run_time: 340.1697361469269
TiFL算法: 选择层 0，信用值剩余 1，选择概率 1.0000
Current clients: 20 , select: 10
| current_epoch 233 |. Begin client select
SchedulerThread schedule Tier [0], select(10 clients):
59 | 39 | 99 | 97 | 54 | 5 | 34 | 2 | 37 | 83 |
-----------------------------------------------------------------Schedule complete
Client 83 trained
Client 83 uploaded
Client 39 trained
Client 39 uploaded
Client 5 trained
Client 5 uploaded
Client 97 trained
Client 97 uploaded
Client 59 trained
Client 59 uploaded
Client 37 trained
Client 37 uploaded
Client 2 trained
Client 2 uploaded
Client 54 trained
Client 54 uploaded
Client 34 trained
Client 34 uploaded
Client 99 trained
Client 99 uploaded
Epoch(t): 233 accuracy: 73.61 loss 0.6741462072730064 run_time: 341.5292007923126
TiFL算法: 选择层 0，信用值剩余 0，选择概率 1.0000
Current clients: 20 , select: 10
| current_epoch 234 |. Begin client select
SchedulerThread schedule Tier [0], select(10 clients):
8 | 97 | 6 | 34 | 2 | 83 | 44 | 39 | 85 | 37 |
-----------------------------------------------------------------Schedule complete
Client 83 trained
Client 83 uploaded
Client 39 trained
Client 39 uploaded
Client 37 trained
Client 37 uploaded
Client 97 trained
Client 97 uploaded
Client 44 trained
Client 44 uploaded
Client 8 trained
Client 8 uploaded
Client 6 trained
Client 6 uploaded
Client 2 trained
Client 2 uploaded
Client 85 trained
Client 85 uploaded
Client 34 trained
Client 34 uploaded
Epoch(t): 234 accuracy: 80.65 loss 0.5284540465474129 run_time: 342.73831605911255
警告：无法找到有信用值的层，随机选择层0并重置所有信用值
TiFL算法: 选择层 0，信用值剩余 4，选择概率 1.0000
Current clients: 20 , select: 10
| current_epoch 235 |. Begin client select
SchedulerThread schedule Tier [0], select(10 clients):
94 | 85 | 54 | 22 | 5 | 6 | 62 | 8 | 34 | 39 |
-----------------------------------------------------------------Schedule complete
Client 39 trained
Client 39 uploaded
Client 8 trained
Client 8 uploaded
Client 5 trained
Client 5 uploaded
Client 85 trained
Client 85 uploaded
Client 6 trained
Client 6 uploaded
Client 94 trained
Client 94 uploaded
Client 54 trained
Client 54 uploaded
Client 34 trained
Client 34 uploaded
Client 62 trained
Client 62 uploaded
Client 22 trained
Client 22 uploaded
Epoch(t): 235 accuracy: 80.22 loss 0.528003704547882 run_time: 343.8779435157776
TiFL算法: 选择层 0，信用值剩余 3，选择概率 1.0000
Current clients: 20 , select: 10
| current_epoch 236 |. Begin client select
SchedulerThread schedule Tier [0], select(10 clients):
5 | 6 | 90 | 37 | 8 | 94 | 54 | 22 | 39 | 83 |
-----------------------------------------------------------------Schedule complete
Client 83 trained
Client 83 uploaded
Client 39 trained
Client 39 uploaded
Client 37 trained
Client 37 uploaded
Client 5 trained
Client 5 uploaded
Client 8 trained
Client 8 uploaded
Client 90 trained
Client 90 uploaded
Client 54 trained
Client 54 uploaded
Client 22 trained
Client 22 uploaded
Client 6 trained
Client 6 uploaded
Client 94 trained
Client 94 uploaded
Epoch(t): 236 accuracy: 82.36 loss 0.4848886147141457 run_time: 345.055358171463
TiFL算法: 选择层 0，信用值剩余 2，选择概率 1.0000
Current clients: 20 , select: 10
| current_epoch 237 |. Begin client select
SchedulerThread schedule Tier [0], select(10 clients):
1 | 2 | 62 | 6 | 90 | 39 | 59 | 44 | 54 | 97 |
-----------------------------------------------------------------Schedule complete
Client 39 trained
Client 39 uploaded
Client 97 trained
Client 97 uploaded
Client 59 trained
Client 59 uploaded
Client 1 trained
Client 1 uploaded
Client 90 trained
Client 90 uploaded
Client 6 trained
Client 6 uploaded
Client 62 trained
Client 62 uploaded
Client 54 trained
Client 54 uploaded
Client 44 trained
Client 44 uploaded
Client 2 trained
Client 2 uploaded
Epoch(t): 237 accuracy: 80.81 loss 0.5166779446601868 run_time: 346.33425402641296
TiFL算法: 选择层 0，信用值剩余 1，选择概率 1.0000
Current clients: 20 , select: 10
| current_epoch 238 |. Begin client select
SchedulerThread schedule Tier [0], select(10 clients):
8 | 37 | 91 | 44 | 83 | 99 | 62 | 39 | 22 | 90 |
-----------------------------------------------------------------Schedule complete
Client 39 trained
Client 39 uploaded
Client 83 trained
Client 83 uploaded
Client 37 trained
Client 37 uploaded
Client 44 trained
Client 44 uploaded
Client 8 trained
Client 8 uploaded
Client 62 trained
Client 62 uploaded
Client 22 trained
Client 22 uploaded
Client 90 trained
Client 90 uploaded
Client 91 trained
Client 91 uploaded
Client 99 trained
Client 99 uploaded
Epoch(t): 238 accuracy: 76.82 loss 0.6787249204516411 run_time: 347.61625123023987
TiFL算法: 选择层 0，信用值剩余 0，选择概率 1.0000
Current clients: 20 , select: 10
| current_epoch 239 |. Begin client select
SchedulerThread schedule Tier [0], select(10 clients):
94 | 99 | 90 | 1 | 85 | 97 | 6 | 8 | 5 | 91 |
-----------------------------------------------------------------Schedule complete
Client 94 trained
Client 94 uploaded
Client 99 trained
Client 99 uploaded
Client 1 trained
Client 1 uploaded
Client 5 trained
Client 5 uploaded
Client 97 trained
Client 97 uploaded
Client 8 trained
Client 8 uploaded
Client 90 trained
Client 90 uploaded
Client 6 trained
Client 6 uploaded
Client 85 trained
Client 85 uploaded
Client 91 trained
Client 91 uploaded
Epoch(t): 239 accuracy: 78.7 loss 0.6043761762976646 run_time: 349.2035801410675
警告：无法找到有信用值的层，随机选择层1并重置所有信用值
TiFL算法: 选择层 1，信用值剩余 4，选择概率 0.0000
Current clients: 20 , select: 10
| current_epoch 240 |. Begin client select
SchedulerThread schedule Tier [1], select(10 clients):
43 | 9 | 50 | 27 | 51 | 13 | 93 | 88 | 25 | 33 |
-----------------------------------------------------------------Schedule complete
Client 93 trained
Client 93 uploaded
Client 43 trained
Client 43 uploaded
Client 25 trained
Client 25 uploaded
Client 9 trained
Client 9 uploaded
Client 51 trained
Client 51 uploaded
Client 50 trained
Client 50 uploaded
Client 88 trained
Client 88 uploaded
Client 13 trained
Client 13 uploaded
Client 27 trained
Client 27 uploaded
Client 33 trained
Client 33 uploaded
Epoch(t): 240 accuracy: 81.44 loss 0.5129919210076332 run_time: 351.1835527420044
TiFL算法: 选择层 0，信用值剩余 4，选择概率 1.0000
Current clients: 20 , select: 10
| current_epoch 241 |. Begin client select
SchedulerThread schedule Tier [0], select(10 clients):
94 | 97 | 8 | 99 | 90 | 62 | 2 | 5 | 34 | 22 |
-----------------------------------------------------------------Schedule complete
Client 5 trained
Client 5 uploaded
Client 94 trained
Client 94 uploaded
Client 8 trained
Client 8 uploaded
Client 97 trained
Client 97 uploaded
Client 90 trained
Client 90 uploaded
Client 2 trained
Client 2 uploaded
Client 62 trained
Client 62 uploaded
Client 22 trained
Client 22 uploaded
Client 34 trained
Client 34 uploaded
Client 99 trained
Client 99 uploaded
Epoch(t): 241 accuracy: 76.87 loss 0.6440056473016739 run_time: 352.65653109550476
TiFL算法: 选择层 0，信用值剩余 3，选择概率 1.0000
Current clients: 20 , select: 10
| current_epoch 242 |. Begin client select
SchedulerThread schedule Tier [0], select(10 clients):
37 | 2 | 22 | 5 | 59 | 34 | 1 | 44 | 85 | 62 |
-----------------------------------------------------------------Schedule complete
Client 5 trained
Client 5 uploaded
Client 44 trained
Client 44 uploaded
Client 1 trained
Client 1 uploaded
Client 59 trained
Client 59 uploaded
Client 37 trained
Client 37 uploaded
Client 62 trained
Client 62 uploaded
Client 22 trained
Client 22 uploaded
Client 2 trained
Client 2 uploaded
Client 34 trained
Client 34 uploaded
Client 85 trained
Client 85 uploaded
Epoch(t): 242 accuracy: 80.8 loss 0.533360686302185 run_time: 354.03048038482666
TiFL算法: 选择层 0，信用值剩余 2，选择概率 1.0000
Current clients: 20 , select: 10
| current_epoch 243 |. Begin client select
SchedulerThread schedule Tier [0], select(10 clients):
5 | 44 | 91 | 99 | 94 | 39 | 2 | 34 | 8 | 85 |
-----------------------------------------------------------------Schedule complete
Client 39 trained
Client 39 uploaded
Client 94 trained
Client 94 uploaded
Client 5 trained
Client 5 uploaded
Client 44 trained
Client 44 uploaded
Client 8 trained
Client 8 uploaded
Client 2 trained
Client 2 uploaded
Client 99 trained
Client 99 uploaded
Client 85 trained
Client 85 uploaded
Client 34 trained
Client 34 uploaded
Client 91 trained
Client 91 uploaded
Epoch(t): 243 accuracy: 79.36 loss 0.5731425535678863 run_time: 355.4818584918976
TiFL算法: 选择层 0，信用值剩余 1，选择概率 1.0000
Current clients: 20 , select: 10
| current_epoch 244 |. Begin client select
SchedulerThread schedule Tier [0], select(10 clients):
90 | 34 | 83 | 2 | 99 | 1 | 59 | 39 | 22 | 85 |
-----------------------------------------------------------------Schedule complete
Client 39 trained
Client 39 uploaded
Client 83 trained
Client 83 uploaded
Client 59 trained
Client 59 uploaded
Client 85 trained
Client 85 uploaded
Client 90 trained
Client 90 uploaded
Client 1 trained
Client 1 uploaded
Client 2 trained
Client 2 uploaded
Client 22 trained
Client 22 uploaded
Client 34 trained
Client 34 uploaded
Client 99 trained
Client 99 uploaded
Epoch(t): 244 accuracy: 78.99 loss 0.5780377322435379 run_time: 356.8603894710541
TiFL算法: 选择层 0，信用值剩余 0，选择概率 1.0000
Current clients: 20 , select: 10
| current_epoch 245 |. Begin client select
SchedulerThread schedule Tier [0], select(10 clients):
37 | 39 | 99 | 62 | 91 | 90 | 59 | 8 | 2 | 22 |
-----------------------------------------------------------------Schedule complete
Client 39 trained
Client 39 uploaded
Client 37 trained
Client 37 uploaded
Client 62 trained
Client 62 uploaded
Client 59 trained
Client 59 uploaded
Client 8 trained
Client 8 uploaded
Client 90 trained
Client 90 uploaded
Client 22 trained
Client 22 uploaded
Client 2 trained
Client 2 uploaded
Client 91 trained
Client 91 uploaded
Client 99 trained
Client 99 uploaded
Epoch(t): 245 accuracy: 78.63 loss 0.5767036160826683 run_time: 358.2368142604828
警告：无法找到有信用值的层，随机选择层2并重置所有信用值
TiFL算法: 选择层 2，信用值剩余 4，选择概率 0.0000
Current clients: 20 , select: 10
| current_epoch 246 |. Begin client select
SchedulerThread schedule Tier [2], select(10 clients):
12 | 38 | 74 | 21 | 7 | 89 | 63 | 60 | 31 | 23 |
-----------------------------------------------------------------Schedule complete
Client 21 trained
Client 21 uploaded
Client 74 trained
Client 74 uploaded
Client 7 trained
Client 7 uploaded
Client 60 trained
Client 60 uploaded
Client 38 trained
Client 38 uploaded
Client 12 trained
Client 12 uploaded
Client 89 trained
Client 89 uploaded
Client 31 trained
Client 31 uploaded
Client 63 trained
Client 63 uploaded
Client 23 trained
Client 23 uploaded
Epoch(t): 246 accuracy: 76.68 loss 0.6026176980137825 run_time: 359.4370732307434
TiFL算法: 选择层 0，信用值剩余 4，选择概率 1.0000
Current clients: 20 , select: 10
| current_epoch 247 |. Begin client select
SchedulerThread schedule Tier [0], select(10 clients):
22 | 94 | 44 | 34 | 97 | 54 | 1 | 99 | 37 | 6 |
-----------------------------------------------------------------Schedule complete
Client 94 trained
Client 94 uploaded
Client 1 trained
Client 1 uploaded
Client 97 trained
Client 97 uploaded
Client 99 trained
Client 99 uploaded
Client 6 trained
Client 6 uploaded
Client 37 trained
Client 37 uploaded
Client 44 trained
Client 44 uploaded
Client 54 trained
Client 54 uploaded
Client 22 trained
Client 22 uploaded
Client 34 trained
Client 34 uploaded
Epoch(t): 247 accuracy: 81.1 loss 0.515859312415123 run_time: 361.0130023956299
TiFL算法: 选择层 0，信用值剩余 3，选择概率 1.0000
Current clients: 20 , select: 10
| current_epoch 248 |. Begin client select
SchedulerThread schedule Tier [0], select(10 clients):
90 | 62 | 97 | 37 | 39 | 85 | 6 | 54 | 94 | 44 |
-----------------------------------------------------------------Schedule complete
Client 39 trained
Client 39 uploaded
Client 97 trained
Client 97 uploaded
Client 44 trained
Client 44 uploaded
Client 94 trained
Client 94 uploaded
Client 37 trained
Client 37 uploaded
Client 54 trained
Client 54 uploaded
Client 62 trained
Client 62 uploaded
Client 85 trained
Client 85 uploaded
Client 90 trained
Client 90 uploaded
Client 6 trained
Client 6 uploaded
Epoch(t): 248 accuracy: 84.22 loss 0.4327744680643082 run_time: 362.3114149570465
TiFL算法: 选择层 0，信用值剩余 2，选择概率 1.0000
Current clients: 20 , select: 10
| current_epoch 249 |. Begin client select
SchedulerThread schedule Tier [0], select(10 clients):
83 | 6 | 39 | 59 | 62 | 99 | 34 | 94 | 1 | 5 |
-----------------------------------------------------------------Schedule complete
Client 83 trained
Client 83 uploaded
Client 39 trained
Client 39 uploaded
Client 94 trained
Client 94 uploaded
Client 99 trained
Client 99 uploaded
Client 5 trained
Client 5 uploaded
Client 1 trained
Client 1 uploaded
Client 6 trained
Client 6 uploaded
Client 62 trained
Client 62 uploaded
Client 34 trained
Client 34 uploaded
Client 59 trained
Client 59 uploaded
Epoch(t): 249 accuracy: 77.71 loss 0.5798687985539437 run_time: 363.9609479904175
TiFL算法: 选择层 0，信用值剩余 1，选择概率 1.0000
Current clients: 20 , select: 10
| current_epoch 250 |. Begin client select
SchedulerThread schedule Tier [0], select(10 clients):
22 | 2 | 54 | 85 | 8 | 91 | 83 | 5 | 34 | 39 |
-----------------------------------------------------------------Schedule complete
Client 39 trained
Client 39 uploaded
Client 83 trained
Client 83 uploaded
Client 8 trained
Client 8 uploaded
Client 85 trained
Client 85 uploaded
Client 2 trained
Client 2 uploaded
Client 34 trained
Client 34 uploaded
Client 54 trained
Client 54 uploaded
Client 91 trained
Client 91 uploaded
Client 5 trained
Client 5 uploaded
Client 22 trained
Client 22 uploaded
Epoch(t): 250 accuracy: 79.69 loss 0.5780575487017632 run_time: 365.02869296073914
TiFL算法: 选择层 0，信用值剩余 0，选择概率 1.0000
Current clients: 20 , select: 10
| current_epoch 251 |. Begin client select
SchedulerThread schedule Tier [0], select(10 clients):
97 | 6 | 37 | 44 | 99 | 83 | 5 | 62 | 1 | 39 |
-----------------------------------------------------------------Schedule complete
Client 39 trained
Client 39 uploaded
Client 83 trained
Client 83 uploaded
Client 1 trained
Client 1 uploaded
Client 5 trained
Client 5 uploaded
Client 99 trained
Client 99 uploaded
Client 97 trained
Client 97 uploaded
Client 37 trained
Client 37 uploaded
Client 6 trained
Client 6 uploaded
Client 62 trained
Client 62 uploaded
Client 44 trained
Client 44 uploaded
Epoch(t): 251 accuracy: 79.23 loss 0.5951117327809334 run_time: 366.6331443786621
警告：无法找到有信用值的层，随机选择层1并重置所有信用值
TiFL算法: 选择层 1，信用值剩余 4，选择概率 0.0000
Current clients: 20 , select: 10
| current_epoch 252 |. Begin client select
SchedulerThread schedule Tier [1], select(10 clients):
46 | 51 | 13 | 81 | 82 | 27 | 25 | 53 | 86 | 36 |
-----------------------------------------------------------------Schedule complete
Client 53 trained
Client 53 uploaded
Client 86 trained
Client 86 uploaded
Client 25 trained
Client 25 uploaded
Client 51 trained
Client 51 uploaded
Client 46 trained
Client 46 uploaded
Client 27 trained
Client 27 uploaded
Client 13 trained
Client 13 uploaded
Client 36 trained
Client 36 uploaded
Client 82 trained
Client 82 uploaded
Client 81 trained
Client 81 uploaded
Epoch(t): 252 accuracy: 83.23 loss 0.4591071367263794 run_time: 368.32594776153564
TiFL算法: 选择层 0，信用值剩余 4，选择概率 1.0000
Current clients: 20 , select: 10
| current_epoch 253 |. Begin client select
SchedulerThread schedule Tier [0], select(10 clients):
83 | 22 | 1 | 97 | 94 | 54 | 91 | 59 | 37 | 90 |
-----------------------------------------------------------------Schedule complete
Client 83 trained
Client 83 uploaded
Client 97 trained
Client 97 uploaded
Client 94 trained
Client 94 uploaded
Client 1 trained
Client 1 uploaded
Client 37 trained
Client 37 uploaded
Client 59 trained
Client 59 uploaded
Client 54 trained
Client 54 uploaded
Client 22 trained
Client 22 uploaded
Client 90 trained
Client 90 uploaded
Client 91 trained
Client 91 uploaded
Epoch(t): 253 accuracy: 80.79 loss 0.4989083018898964 run_time: 369.6004500389099
TiFL算法: 选择层 0，信用值剩余 3，选择概率 1.0000
Current clients: 20 , select: 10
| current_epoch 254 |. Begin client select
SchedulerThread schedule Tier [0], select(10 clients):
59 | 97 | 85 | 1 | 83 | 44 | 54 | 2 | 5 | 91 |
-----------------------------------------------------------------Schedule complete
Client 83 trained
Client 83 uploaded
Client 5 trained
Client 5 uploaded
Client 97 trained
Client 97 uploaded
Client 1 trained
Client 1 uploaded
Client 44 trained
Client 44 uploaded
Client 2 trained
Client 2 uploaded
Client 85 trained
Client 85 uploaded
Client 54 trained
Client 54 uploaded
Client 91 trained
Client 91 uploaded
Client 59 trained
Client 59 uploaded
Epoch(t): 254 accuracy: 80.77 loss 0.5230836898088456 run_time: 370.9597840309143
TiFL算法: 选择层 0，信用值剩余 2，选择概率 1.0000
Current clients: 20 , select: 10
| current_epoch 255 |. Begin client select
SchedulerThread schedule Tier [0], select(10 clients):
85 | 39 | 1 | 94 | 83 | 90 | 34 | 22 | 99 | 54 |
-----------------------------------------------------------------Schedule complete
Client 39 trained
Client 39 uploaded
Client 83 trained
Client 83 uploaded
Client 54 trained
Client 54 uploaded
Client 85 trained
Client 85 uploaded
Client 90 trained
Client 90 uploaded
Client 22 trained
Client 22 uploaded
Client 34 trained
Client 34 uploaded
Client 1 trained
Client 1 uploaded
Client 94 trained
Client 94 uploaded
Client 99 trained
Client 99 uploaded
Epoch(t): 255 accuracy: 79.65 loss 0.5786592027544976 run_time: 372.3749454021454
TiFL算法: 选择层 0，信用值剩余 1，选择概率 1.0000
Current clients: 20 , select: 10
| current_epoch 256 |. Begin client select
SchedulerThread schedule Tier [0], select(10 clients):
83 | 54 | 34 | 22 | 6 | 59 | 1 | 99 | 39 | 5 |
-----------------------------------------------------------------Schedule complete
Client 83 trained
Client 83 uploaded
Client 39 trained
Client 39 uploaded
Client 5 trained
Client 5 uploaded
Client 1 trained
Client 1 uploaded
Client 6 trained
Client 6 uploaded
Client 54 trained
Client 54 uploaded
Client 22 trained
Client 22 uploaded
Client 34 trained
Client 34 uploaded
Client 59 trained
Client 59 uploaded
Client 99 trained
Client 99 uploaded
Epoch(t): 256 accuracy: 77.54 loss 0.6037653970718384 run_time: 373.74129366874695
TiFL算法: 选择层 0，信用值剩余 0，选择概率 1.0000
Current clients: 20 , select: 10
| current_epoch 257 |. Begin client select
SchedulerThread schedule Tier [0], select(10 clients):
37 | 54 | 8 | 44 | 34 | 5 | 85 | 97 | 6 | 91 |
-----------------------------------------------------------------Schedule complete
Client 5 trained
Client 5 uploaded
Client 97 trained
Client 97 uploaded
Client 37 trained
Client 37 uploaded
Client 44 trained
Client 44 uploaded
Client 8 trained
Client 8 uploaded
Client 6 trained
Client 6 uploaded
Client 54 trained
Client 54 uploaded
Client 85 trained
Client 85 uploaded
Client 34 trained
Client 34 uploaded
Client 91 trained
Client 91 uploaded
Epoch(t): 257 accuracy: 81.26 loss 0.5260936841368675 run_time: 375.03616881370544
警告：无法找到有信用值的层，随机选择层0并重置所有信用值
TiFL算法: 选择层 0，信用值剩余 4，选择概率 1.0000
Current clients: 20 , select: 10
| current_epoch 258 |. Begin client select
SchedulerThread schedule Tier [0], select(10 clients):
94 | 22 | 6 | 83 | 34 | 2 | 8 | 97 | 62 | 44 |
-----------------------------------------------------------------Schedule complete
Client 83 trained
Client 83 uploaded
Client 97 trained
Client 97 uploaded
Client 44 trained
Client 44 uploaded
Client 8 trained
Client 8 uploaded
Client 94 trained
Client 94 uploaded
Client 6 trained
Client 6 uploaded
Client 62 trained
Client 62 uploaded
Client 22 trained
Client 22 uploaded
Client 2 trained
Client 2 uploaded
Client 34 trained
Client 34 uploaded
Epoch(t): 258 accuracy: 79.44 loss 0.5326524066925049 run_time: 376.2080192565918
TiFL算法: 选择层 0，信用值剩余 3，选择概率 1.0000
Current clients: 20 , select: 10
| current_epoch 259 |. Begin client select
SchedulerThread schedule Tier [0], select(10 clients):
37 | 5 | 59 | 8 | 1 | 34 | 99 | 6 | 94 | 91 |
-----------------------------------------------------------------Schedule complete
Client 1 trained
Client 1 uploaded
Client 94 trained
Client 94 uploaded
Client 5 trained
Client 5 uploaded
Client 99 trained
Client 99 uploaded
Client 37 trained
Client 37 uploaded
Client 59 trained
Client 59 uploaded
Client 8 trained
Client 8 uploaded
Client 6 trained
Client 6 uploaded
Client 91 trained
Client 91 uploaded
Client 34 trained
Client 34 uploaded
Epoch(t): 259 accuracy: 80.6 loss 0.5176380926370621 run_time: 377.9075698852539
TiFL算法: 选择层 0，信用值剩余 2，选择概率 1.0000
Current clients: 20 , select: 10
| current_epoch 260 |. Begin client select
SchedulerThread schedule Tier [0], select(10 clients):
62 | 59 | 85 | 8 | 1 | 90 | 94 | 99 | 54 | 91 |
-----------------------------------------------------------------Schedule complete
Client 94 trained
Client 94 uploaded
Client 1 trained
Client 1 uploaded
Client 59 trained
Client 59 uploaded
Client 8 trained
Client 8 uploaded
Client 99 trained
Client 99 uploaded
Client 91 trained
Client 91 uploaded
Client 85 trained
Client 85 uploaded
Client 54 trained
Client 54 uploaded
Client 62 trained
Client 62 uploaded
Client 90 trained
Client 90 uploaded
Epoch(t): 260 accuracy: 79.91 loss 0.5605066803097725 run_time: 379.4094536304474
TiFL算法: 选择层 0，信用值剩余 1，选择概率 1.0000
Current clients: 20 , select: 10
| current_epoch 261 |. Begin client select
SchedulerThread schedule Tier [0], select(10 clients):
62 | 1 | 34 | 22 | 90 | 5 | 8 | 6 | 91 | 85 |
-----------------------------------------------------------------Schedule complete
Client 8 trained
Client 8 uploaded
Client 85 trained
Client 85 uploaded
Client 5 trained
Client 5 uploaded
Client 90 trained
Client 90 uploaded
Client 6 trained
Client 6 uploaded
Client 22 trained
Client 22 uploaded
Client 62 trained
Client 62 uploaded
Client 1 trained
Client 1 uploaded
Client 34 trained
Client 34 uploaded
Client 91 trained
Client 91 uploaded
Epoch(t): 261 accuracy: 77.46 loss 0.6783162182569504 run_time: 380.6875343322754
TiFL算法: 选择层 0，信用值剩余 0，选择概率 1.0000
Current clients: 20 , select: 10
| current_epoch 262 |. Begin client select
SchedulerThread schedule Tier [0], select(10 clients):
2 | 94 | 62 | 99 | 90 | 8 | 37 | 85 | 39 | 5 |
-----------------------------------------------------------------Schedule complete
Client 39 trained
Client 39 uploaded
Client 37 trained
Client 37 uploaded
Client 5 trained
Client 5 uploaded
Client 94 trained
Client 94 uploaded
Client 8 trained
Client 8 uploaded
Client 85 trained
Client 85 uploaded
Client 90 trained
Client 90 uploaded
Client 62 trained
Client 62 uploaded
Client 2 trained
Client 2 uploaded
Client 99 trained
Client 99 uploaded
Epoch(t): 262 accuracy: 79.43 loss 0.5604613265395164 run_time: 382.06825709342957
警告：无法找到有信用值的层，随机选择层1并重置所有信用值
TiFL算法: 选择层 1，信用值剩余 4，选择概率 0.0000
Current clients: 20 , select: 10
| current_epoch 263 |. Begin client select
SchedulerThread schedule Tier [1], select(10 clients):
43 | 24 | 36 | 50 | 9 | 16 | 82 | 15 | 86 | 53 |
-----------------------------------------------------------------Schedule complete
Client 43 trained
Client 43 uploaded
Client 53 trained
Client 53 uploaded
Client 86 trained
Client 86 uploaded
Client 9 trained
Client 9 uploaded
Client 24 trained
Client 24 uploaded
Client 16 trained
Client 16 uploaded
Client 50 trained
Client 50 uploaded
Client 36 trained
Client 36 uploaded
Client 82 trained
Client 82 uploaded
Client 15 trained
Client 15 uploaded
Epoch(t): 263 accuracy: 75.48 loss 0.6453923511505127 run_time: 383.74279022216797
TiFL算法: 选择层 0，信用值剩余 4，选择概率 1.0000
Current clients: 20 , select: 10
| current_epoch 264 |. Begin client select
SchedulerThread schedule Tier [0], select(10 clients):
1 | 54 | 34 | 2 | 99 | 97 | 59 | 83 | 85 | 37 |
-----------------------------------------------------------------Schedule complete
Client 83 trained
Client 83 uploaded
Client 97 trained
Client 97 uploaded
Client 1 trained
Client 1 uploaded
Client 99 trained
Client 99 uploaded
Client 59 trained
Client 59 uploaded
Client 37 trained
Client 37 uploaded
Client 54 trained
Client 54 uploaded
Client 2 trained
Client 2 uploaded
Client 85 trained
Client 85 uploaded
Client 34 trained
Client 34 uploaded
Epoch(t): 264 accuracy: 80.55 loss 0.5305701741576194 run_time: 385.25426602363586
TiFL算法: 选择层 0，信用值剩余 3，选择概率 1.0000
Current clients: 20 , select: 10
| current_epoch 265 |. Begin client select
SchedulerThread schedule Tier [0], select(10 clients):
34 | 44 | 6 | 39 | 62 | 83 | 8 | 37 | 54 | 85 |
-----------------------------------------------------------------Schedule complete
Client 39 trained
Client 39 uploaded
Client 83 trained
Client 83 uploaded
Client 37 trained
Client 37 uploaded
Client 8 trained
Client 8 uploaded
Client 44 trained
Client 44 uploaded
Client 6 trained
Client 6 uploaded
Client 85 trained
Client 85 uploaded
Client 62 trained
Client 62 uploaded
Client 54 trained
Client 54 uploaded
Client 34 trained
Client 34 uploaded
Epoch(t): 265 accuracy: 77.22 loss 0.7070105731487274 run_time: 386.2574634552002
TiFL算法: 选择层 0，信用值剩余 2，选择概率 1.0000
Current clients: 20 , select: 10
| current_epoch 266 |. Begin client select
SchedulerThread schedule Tier [0], select(10 clients):
22 | 1 | 6 | 83 | 2 | 5 | 90 | 85 | 59 | 8 |
-----------------------------------------------------------------Schedule complete
Client 83 trained
Client 83 uploaded
Client 59 trained
Client 59 uploaded
Client 5 trained
Client 5 uploaded
Client 8 trained
Client 8 uploaded
Client 1 trained
Client 1 uploaded
Client 90 trained
Client 90 uploaded
Client 22 trained
Client 22 uploaded
Client 85 trained
Client 85 uploaded
Client 6 trained
Client 6 uploaded
Client 2 trained
Client 2 uploaded
Epoch(t): 266 accuracy: 80.85 loss 0.5359338560700416 run_time: 387.6156167984009
TiFL算法: 选择层 0，信用值剩余 1，选择概率 1.0000
Current clients: 20 , select: 10
| current_epoch 267 |. Begin client select
SchedulerThread schedule Tier [0], select(10 clients):
5 | 59 | 99 | 85 | 22 | 83 | 44 | 1 | 90 | 8 |
-----------------------------------------------------------------Schedule complete
Client 83 trained
Client 83 uploaded
Client 5 trained
Client 5 uploaded
Client 1 trained
Client 1 uploaded
Client 59 trained
Client 59 uploaded
Client 99 trained
Client 99 uploaded
Client 8 trained
Client 8 uploaded
Client 22 trained
Client 22 uploaded
Client 44 trained
Client 44 uploaded
Client 85 trained
Client 85 uploaded
Client 90 trained
Client 90 uploaded
Epoch(t): 267 accuracy: 78.77 loss 0.6021334967017173 run_time: 389.11667132377625
TiFL算法: 选择层 0，信用值剩余 0，选择概率 1.0000
Current clients: 20 , select: 10
| current_epoch 268 |. Begin client select
SchedulerThread schedule Tier [0], select(10 clients):
1 | 5 | 34 | 90 | 85 | 8 | 6 | 83 | 94 | 99 |
-----------------------------------------------------------------Schedule complete
Client 83 trained
Client 83 uploaded
Client 1 trained
Client 1 uploaded
Client 94 trained
Client 94 uploaded
Client 5 trained
Client 5 uploaded
Client 8 trained
Client 8 uploaded
Client 99 trained
Client 99 uploaded
Client 85 trained
Client 85 uploaded
Client 90 trained
Client 90 uploaded
Client 6 trained
Client 6 uploaded
Client 34 trained
Client 34 uploaded
Epoch(t): 268 accuracy: 79.66 loss 0.5893383735418319 run_time: 390.6733019351959
警告：无法找到有信用值的层，随机选择层4并重置所有信用值
TiFL算法: 选择层 4，信用值剩余 4，选择概率 0.0000
Current clients: 20 , select: 10
| current_epoch 269 |. Begin client select
SchedulerThread schedule Tier [4], select(10 clients):
79 | 61 | 48 | 71 | 40 | 41 | 19 | 52 | 26 | 80 |
-----------------------------------------------------------------Schedule complete
Client 48 trained
Client 48 uploaded
Client 41 trained
Client 41 uploaded
Client 71 trained
Client 71 uploaded
Client 80 trained
Client 80 uploaded
Client 52 trained
Client 52 uploaded
Client 26 trained
Client 26 uploaded
Client 79 trained
Client 79 uploaded
Client 61 trained
Client 61 uploaded
Client 40 trained
Client 40 uploaded
Client 19 trained
Client 19 uploaded
Epoch(t): 269 accuracy: 79.73 loss 0.55766053378582 run_time: 391.7461009025574
TiFL算法: 选择层 0，信用值剩余 4，选择概率 1.0000
Current clients: 20 , select: 10
| current_epoch 270 |. Begin client select
SchedulerThread schedule Tier [0], select(10 clients):
39 | 62 | 59 | 34 | 97 | 5 | 44 | 2 | 37 | 6 |
-----------------------------------------------------------------Schedule complete
Client 39 trained
Client 39 uploaded
Client 97 trained
Client 97 uploaded
Client 5 trained
Client 5 uploaded
Client 59 trained
Client 59 uploaded
Client 37 trained
Client 37 uploaded
Client 6 trained
Client 6 uploaded
Client 62 trained
Client 62 uploaded
Client 2 trained
Client 2 uploaded
Client 44 trained
Client 44 uploaded
Client 34 trained
Client 34 uploaded
Epoch(t): 270 accuracy: 80.73 loss 0.5095160990953446 run_time: 393.15234756469727
TiFL算法: 选择层 0，信用值剩余 3，选择概率 1.0000
Current clients: 20 , select: 10
| current_epoch 271 |. Begin client select
SchedulerThread schedule Tier [0], select(10 clients):
22 | 6 | 54 | 94 | 5 | 44 | 39 | 62 | 34 | 1 |
-----------------------------------------------------------------Schedule complete
Client 39 trained
Client 39 uploaded
Client 6 trained
Client 6 uploaded
Client 5 trained
Client 5 uploaded
Client 94 trained
Client 94 uploaded
Client 34 trained
Client 34 uploaded
Client 54 trained
Client 54 uploaded
Client 62 trained
Client 62 uploaded
Client 22 trained
Client 22 uploaded
Client 1 trained
Client 1 uploaded
Client 44 trained
Client 44 uploaded
Epoch(t): 271 accuracy: 77.47 loss 0.6330997616052627 run_time: 394.4434440135956
TiFL算法: 选择层 0，信用值剩余 2，选择概率 1.0000
Current clients: 20 , select: 10
| current_epoch 272 |. Begin client select
SchedulerThread schedule Tier [0], select(10 clients):
39 | 99 | 59 | 54 | 97 | 6 | 91 | 94 | 8 | 85 |
-----------------------------------------------------------------Schedule complete
Client 39 trained
Client 39 uploaded
Client 97 trained
Client 97 uploaded
Client 94 trained
Client 94 uploaded
Client 59 trained
Client 59 uploaded
Client 8 trained
Client 8 uploaded
Client 6 trained
Client 6 uploaded
Client 85 trained
Client 85 uploaded
Client 54 trained
Client 54 uploaded
Client 91 trained
Client 91 uploaded
Client 99 trained
Client 99 uploaded
Epoch(t): 272 accuracy: 78.22 loss 0.5825842630863189 run_time: 395.920405626297
TiFL算法: 选择层 0，信用值剩余 1，选择概率 1.0000
Current clients: 20 , select: 10
| current_epoch 273 |. Begin client select
SchedulerThread schedule Tier [0], select(10 clients):
91 | 5 | 6 | 83 | 94 | 85 | 8 | 44 | 2 | 59 |
-----------------------------------------------------------------Schedule complete
Client 83 trained
Client 83 uploaded
Client 5 trained
Client 5 uploaded
Client 59 trained
Client 59 uploaded
Client 94 trained
Client 94 uploaded
Client 8 trained
Client 8 uploaded
Client 44 trained
Client 44 uploaded
Client 6 trained
Client 6 uploaded
Client 85 trained
Client 85 uploaded
Client 2 trained
Client 2 uploaded
Client 91 trained
Client 91 uploaded
Epoch(t): 273 accuracy: 80.3 loss 0.5234506559371949 run_time: 397.2638170719147
TiFL算法: 选择层 0，信用值剩余 0，选择概率 1.0000
Current clients: 20 , select: 10
| current_epoch 274 |. Begin client select
SchedulerThread schedule Tier [0], select(10 clients):
97 | 62 | 39 | 99 | 5 | 34 | 83 | 90 | 54 | 2 |
-----------------------------------------------------------------Schedule complete
Client 39 trained
Client 39 uploaded
Client 83 trained
Client 83 uploaded
Client 90 trained
Client 90 uploaded
Client 2 trained
Client 2 uploaded
Client 5 trained
Client 5 uploaded
Client 34 trained
Client 34 uploaded
Client 62 trained
Client 62 uploaded
Client 97 trained
Client 97 uploaded
Client 54 trained
Client 54 uploaded
Client 99 trained
Client 99 uploaded
Epoch(t): 274 accuracy: 75.96 loss 0.6881603801250458 run_time: 398.61920166015625
警告：无法找到有信用值的层，随机选择层3并重置所有信用值
TiFL算法: 选择层 3，信用值剩余 4，选择概率 0.0000
Current clients: 20 , select: 10
| current_epoch 275 |. Begin client select
SchedulerThread schedule Tier [3], select(10 clients):
70 | 57 | 14 | 0 | 65 | 30 | 77 | 35 | 58 | 76 |
-----------------------------------------------------------------Schedule complete
Client 76 trained
Client 76 uploaded
Client 14 trained
Client 14 uploaded
Client 30 trained
Client 30 uploaded
Client 65 trained
Client 65 uploaded
Client 0 trained
Client 0 uploaded
Client 57 trained
Client 57 uploaded
Client 77 trained
Client 77 uploaded
Client 58 trained
Client 58 uploaded
Client 35 trained
Client 35 uploaded
Client 70 trained
Client 70 uploaded
Epoch(t): 275 accuracy: 77.44 loss 0.670691747367382 run_time: 399.90449953079224
TiFL算法: 选择层 0，信用值剩余 4，选择概率 1.0000
Current clients: 20 , select: 10
| current_epoch 276 |. Begin client select
SchedulerThread schedule Tier [0], select(10 clients):
1 | 2 | 90 | 85 | 6 | 34 | 91 | 59 | 97 | 99 |
-----------------------------------------------------------------Schedule complete
Client 97 trained
Client 97 uploaded
Client 1 trained
Client 1 uploaded
Client 59 trained
Client 59 uploaded
Client 85 trained
Client 85 uploaded
Client 90 trained
Client 90 uploaded
Client 99 trained
Client 99 uploaded
Client 6 trained
Client 6 uploaded
Client 2 trained
Client 2 uploaded
Client 91 trained
Client 91 uploaded
Client 34 trained
Client 34 uploaded
Epoch(t): 276 accuracy: 80.61 loss 0.5198663383722305 run_time: 401.40351033210754
TiFL算法: 选择层 0，信用值剩余 3，选择概率 1.0000
Current clients: 20 , select: 10
| current_epoch 277 |. Begin client select
SchedulerThread schedule Tier [0], select(10 clients):
62 | 85 | 37 | 91 | 59 | 5 | 90 | 44 | 2 | 94 |
-----------------------------------------------------------------Schedule complete
Client 5 trained
Client 5 uploaded
Client 59 trained
Client 59 uploaded
Client 94 trained
Client 94 uploaded
Client 44 trained
Client 44 uploaded
Client 37 trained
Client 37 uploaded
Client 85 trained
Client 85 uploaded
Client 90 trained
Client 90 uploaded
Client 2 trained
Client 2 uploaded
Client 91 trained
Client 91 uploaded
Client 62 trained
Client 62 uploaded
Epoch(t): 277 accuracy: 82.06 loss 0.4772512401640415 run_time: 402.81855034828186
TiFL算法: 选择层 0，信用值剩余 2，选择概率 1.0000
Current clients: 20 , select: 10
| current_epoch 278 |. Begin client select
SchedulerThread schedule Tier [0], select(10 clients):
90 | 39 | 97 | 91 | 2 | 5 | 22 | 59 | 6 | 54 |
-----------------------------------------------------------------Schedule complete
Client 39 trained
Client 39 uploaded
Client 5 trained
Client 5 uploaded
Client 97 trained
Client 97 uploaded
Client 90 trained
Client 90 uploaded
Client 59 trained
Client 59 uploaded
Client 6 trained
Client 6 uploaded
Client 54 trained
Client 54 uploaded
Client 2 trained
Client 2 uploaded
Client 91 trained
Client 91 uploaded
Client 22 trained
Client 22 uploaded
Epoch(t): 278 accuracy: 79.14 loss 0.5313223007321358 run_time: 403.9859719276428
TiFL算法: 选择层 0，信用值剩余 1，选择概率 1.0000
Current clients: 20 , select: 10
| current_epoch 279 |. Begin client select
SchedulerThread schedule Tier [0], select(10 clients):
2 | 5 | 6 | 94 | 91 | 97 | 83 | 54 | 99 | 59 |
-----------------------------------------------------------------Schedule complete
Client 83 trained
Client 83 uploaded
Client 5 trained
Client 5 uploaded
Client 94 trained
Client 94 uploaded
Client 97 trained
Client 97 uploaded
Client 6 trained
Client 6 uploaded
Client 54 trained
Client 54 uploaded
Client 2 trained
Client 2 uploaded
Client 91 trained
Client 91 uploaded
Client 99 trained
Client 99 uploaded
Client 59 trained
Client 59 uploaded
Epoch(t): 279 accuracy: 74.27 loss 0.6746788239479065 run_time: 405.47461199760437
各层当前精度: [(0, 173.52275), (1, 134.68474999999998), (2, 120.03600000000002), (3, 134.01675), (4, 115.8145)]
各层当前信用值: [1, 5, 5, 4, 5]
层4 精度=115.8145 排名=1/5 初始概率=0.5000
层2 精度=120.0360 排名=2/5 初始概率=0.4000
层3 精度=134.0168 排名=3/5 初始概率=0.3000
层1 精度=134.6847 排名=4/5 初始概率=0.2000
层0 精度=173.5228 排名=5/5 初始概率=0.1000
更新后的层选择概率: ['0.0667', '0.1333', '0.2667', '0.2000', '0.3333']
TiFL算法: 选择层 4，信用值剩余 4，选择概率 0.3333
Current clients: 20 , select: 10
| current_epoch 280 |. Begin client select
SchedulerThread schedule Tier [4], select(10 clients):
49 | 52 | 45 | 28 | 73 | 64 | 41 | 40 | 47 | 61 |
-----------------------------------------------------------------Schedule complete
Client 41 trained
Client 41 uploaded
Client 73 trained
Client 73 uploaded
Client 61 trained
Client 61 uploaded
Client 28 trained
Client 28 uploaded
Client 47 trained
Client 47 uploaded
Client 64 trained
Client 64 uploaded
Client 40 trained
Client 40 uploaded
Client 52 trained
Client 52 uploaded
Client 45 trained
Client 45 uploaded
Client 49 trained
Client 49 uploaded
Epoch(t): 280 accuracy: 78.94 loss 0.5927338233590126 run_time: 406.4453661441803
TiFL算法: 选择层 2，信用值剩余 4，选择概率 0.2667
Current clients: 20 , select: 10
| current_epoch 281 |. Begin client select
SchedulerThread schedule Tier [2], select(10 clients):
7 | 21 | 20 | 87 | 10 | 68 | 55 | 12 | 63 | 89 |
-----------------------------------------------------------------Schedule complete
Client 7 trained
Client 7 uploaded
Client 21 trained
Client 21 uploaded
Client 20 trained
Client 20 uploaded
Client 68 trained
Client 68 uploaded
Client 12 trained
Client 12 uploaded
Client 89 trained
Client 89 uploaded
Client 63 trained
Client 63 uploaded
Client 87 trained
Client 87 uploaded
Client 10 trained
Client 10 uploaded
Client 55 trained
Client 55 uploaded
Epoch(t): 281 accuracy: 81.97 loss 0.4789714281260967 run_time: 407.6130585670471
TiFL算法: 选择层 4，信用值剩余 3，选择概率 0.3333
Current clients: 20 , select: 10
| current_epoch 282 |. Begin client select
SchedulerThread schedule Tier [4], select(10 clients):
40 | 3 | 80 | 45 | 26 | 79 | 41 | 47 | 72 | 19 |
-----------------------------------------------------------------Schedule complete
Client 41 trained
Client 41 uploaded
Client 72 trained
Client 72 uploaded
Client 80 trained
Client 80 uploaded
Client 26 trained
Client 26 uploaded
Client 79 trained
Client 79 uploaded
Client 45 trained
Client 45 uploaded
Client 40 trained
Client 40 uploaded
Client 19 trained
Client 19 uploaded
Client 3 trained
Client 3 uploaded
Client 47 trained
Client 47 uploaded
Epoch(t): 282 accuracy: 81.45 loss 0.49392958611249926 run_time: 408.7041275501251
TiFL算法: 选择层 4，信用值剩余 2，选择概率 0.3333
Current clients: 20 , select: 10
| current_epoch 283 |. Begin client select
SchedulerThread schedule Tier [4], select(10 clients):
19 | 49 | 3 | 61 | 42 | 71 | 26 | 45 | 40 | 80 |
-----------------------------------------------------------------Schedule complete
Client 80 trained
Client 80 uploaded
Client 71 trained
Client 71 uploaded
Client 26 trained
Client 26 uploaded
Client 61 trained
Client 61 uploaded
Client 19 trained
Client 19 uploaded
Client 42 trained
Client 42 uploaded
Client 49 trained
Client 49 uploaded
Client 3 trained
Client 3 uploaded
Client 45 trained
Client 45 uploaded
Client 40 trained
Client 40 uploaded
Epoch(t): 283 accuracy: 78.51 loss 0.569182876944542 run_time: 409.9021227359772
TiFL算法: 选择层 1，信用值剩余 4，选择概率 0.1333
Current clients: 20 , select: 10
| current_epoch 284 |. Begin client select
SchedulerThread schedule Tier [1], select(10 clients):
81 | 50 | 53 | 15 | 51 | 88 | 25 | 46 | 16 | 82 |
-----------------------------------------------------------------Schedule complete
Client 53 trained
Client 53 uploaded
Client 16 trained
Client 16 uploaded
Client 25 trained
Client 25 uploaded
Client 51 trained
Client 51 uploaded
Client 46 trained
Client 46 uploaded
Client 50 trained
Client 50 uploaded
Client 15 trained
Client 15 uploaded
Client 81 trained
Client 81 uploaded
Client 82 trained
Client 82 uploaded
Client 88 trained
Client 88 uploaded
Epoch(t): 284 accuracy: 79.66 loss 0.598566332757473 run_time: 411.89601016044617
TiFL算法: 选择层 2，信用值剩余 3，选择概率 0.2667
Current clients: 20 , select: 10
| current_epoch 285 |. Begin client select
SchedulerThread schedule Tier [2], select(10 clients):
60 | 38 | 23 | 75 | 31 | 74 | 63 | 12 | 87 | 68 |
-----------------------------------------------------------------Schedule complete
Client 74 trained
Client 74 uploaded
Client 60 trained
Client 60 uploaded
Client 38 trained
Client 38 uploaded
Client 75 trained
Client 75 uploaded
Client 87 trained
Client 87 uploaded
Client 68 trained
Client 68 uploaded
Client 12 trained
Client 12 uploaded
Client 63 trained
Client 63 uploaded
Client 31 trained
Client 31 uploaded
Client 23 trained
Client 23 uploaded
Epoch(t): 285 accuracy: 74.42 loss 0.6426366305351258 run_time: 413.06572937965393
TiFL算法: 选择层 4，信用值剩余 1，选择概率 0.3333
Current clients: 20 , select: 10
| current_epoch 286 |. Begin client select
SchedulerThread schedule Tier [4], select(10 clients):
3 | 40 | 49 | 72 | 26 | 71 | 47 | 64 | 79 | 48 |
-----------------------------------------------------------------Schedule complete
Client 72 trained
Client 72 uploaded
Client 71 trained
Client 71 uploaded
Client 48 trained
Client 48 uploaded
Client 79 trained
Client 79 uploaded
Client 26 trained
Client 26 uploaded
Client 47 trained
Client 47 uploaded
Client 40 trained
Client 40 uploaded
Client 3 trained
Client 3 uploaded
Client 49 trained
Client 49 uploaded
Client 64 trained
Client 64 uploaded
Epoch(t): 286 accuracy: 82.4 loss 0.4728512945771217 run_time: 414.1163024902344
TiFL算法: 选择层 4，信用值剩余 0，选择概率 0.3333
Current clients: 20 , select: 10
| current_epoch 287 |. Begin client select
SchedulerThread schedule Tier [4], select(10 clients):
3 | 28 | 56 | 80 | 52 | 79 | 61 | 45 | 49 | 40 |
-----------------------------------------------------------------Schedule complete
Client 80 trained
Client 80 uploaded
Client 61 trained
Client 61 uploaded
Client 79 trained
Client 79 uploaded
Client 49 trained
Client 49 uploaded
Client 45 trained
Client 45 uploaded
Client 40 trained
Client 40 uploaded
Client 52 trained
Client 52 uploaded
Client 28 trained
Client 28 uploaded
Client 3 trained
Client 3 uploaded
Client 56 trained
Client 56 uploaded
Epoch(t): 287 accuracy: 75.43 loss 0.6749919420480728 run_time: 415.51530718803406
TiFL算法: 选择层 3，信用值剩余 3，选择概率 0.2000
Current clients: 20 , select: 10
| current_epoch 288 |. Begin client select
SchedulerThread schedule Tier [3], select(10 clients):
17 | 96 | 32 | 98 | 77 | 0 | 35 | 76 | 29 | 57 |
-----------------------------------------------------------------Schedule complete
Client 29 trained
Client 29 uploaded
Client 76 trained
Client 76 uploaded
Client 32 trained
Client 32 uploaded
Client 0 trained
Client 0 uploaded
Client 17 trained
Client 17 uploaded
Client 57 trained
Client 57 uploaded
Client 77 trained
Client 77 uploaded
Client 35 trained
Client 35 uploaded
Client 96 trained
Client 96 uploaded
Client 98 trained
Client 98 uploaded
Epoch(t): 288 accuracy: 77.14 loss 0.6915046545863152 run_time: 417.2628643512726
TiFL算法: 选择层 3，信用值剩余 2，选择概率 0.2000
Current clients: 20 , select: 10
| current_epoch 289 |. Begin client select
SchedulerThread schedule Tier [3], select(10 clients):
30 | 96 | 76 | 57 | 0 | 78 | 92 | 67 | 65 | 29 |
-----------------------------------------------------------------Schedule complete
Client 29 trained
Client 29 uploaded
Client 76 trained
Client 76 uploaded
Client 30 trained
Client 30 uploaded
Client 78 trained
Client 78 uploaded
Client 92 trained
Client 92 uploaded
Client 65 trained
Client 65 uploaded
Client 67 trained
Client 67 uploaded
Client 0 trained
Client 0 uploaded
Client 57 trained
Client 57 uploaded
Client 96 trained
Client 96 uploaded
Epoch(t): 289 accuracy: 75.72 loss 0.7170779755711556 run_time: 418.84290289878845
TiFL算法: 选择层 1，信用值剩余 3，选择概率 0.1333
Current clients: 20 , select: 10
| current_epoch 290 |. Begin client select
SchedulerThread schedule Tier [1], select(10 clients):
13 | 33 | 36 | 88 | 27 | 93 | 51 | 16 | 46 | 15 |
-----------------------------------------------------------------Schedule complete
Client 93 trained
Client 93 uploaded
Client 16 trained
Client 16 uploaded
Client 51 trained
Client 51 uploaded
Client 46 trained
Client 46 uploaded
Client 27 trained
Client 27 uploaded
Client 36 trained
Client 36 uploaded
Client 33 trained
Client 33 uploaded
Client 13 trained
Client 13 uploaded
Client 15 trained
Client 15 uploaded
Client 88 trained
Client 88 uploaded
Epoch(t): 290 accuracy: 80.63 loss 0.5648834881186485 run_time: 420.7643985748291
TiFL算法: 选择层 2，信用值剩余 2，选择概率 0.2667
Current clients: 20 , select: 10
| current_epoch 291 |. Begin client select
SchedulerThread schedule Tier [2], select(10 clients):
31 | 7 | 63 | 87 | 74 | 95 | 55 | 75 | 4 | 23 |
-----------------------------------------------------------------Schedule complete
Client 74 trained
Client 74 uploaded
Client 7 trained
Client 7 uploaded
Client 31 trained
Client 31 uploaded
Client 87 trained
Client 87 uploaded
Client 63 trained
Client 63 uploaded
Client 55 trained
Client 55 uploaded
Client 95 trained
Client 95 uploaded
Client 4 trained
Client 4 uploaded
Client 23 trained
Client 23 uploaded
Client 75 trained
Client 75 uploaded
Epoch(t): 291 accuracy: 79.22 loss 0.6279743731021881 run_time: 421.71840810775757
TiFL算法: 选择层 3，信用值剩余 1，选择概率 0.2000
Current clients: 20 , select: 10
| current_epoch 292 |. Begin client select
SchedulerThread schedule Tier [3], select(10 clients):
65 | 58 | 57 | 76 | 70 | 77 | 92 | 66 | 11 | 78 |
-----------------------------------------------------------------Schedule complete
Client 76 trained
Client 76 uploaded
Client 65 trained
Client 65 uploaded
Client 78 trained
Client 78 uploaded
Client 70 trained
Client 70 uploaded
Client 92 trained
Client 92 uploaded
Client 57 trained
Client 57 uploaded
Client 58 trained
Client 58 uploaded
Client 77 trained
Client 77 uploaded
Client 11 trained
Client 11 uploaded
Client 66 trained
Client 66 uploaded
Epoch(t): 292 accuracy: 80.7 loss 0.5195941650867462 run_time: 423.18063044548035
TiFL算法: 选择层 3，信用值剩余 0，选择概率 0.2000
Current clients: 20 , select: 10
| current_epoch 293 |. Begin client select
SchedulerThread schedule Tier [3], select(10 clients):
98 | 58 | 14 | 0 | 32 | 76 | 11 | 17 | 65 | 70 |
-----------------------------------------------------------------Schedule complete
Client 14 trained
Client 14 uploaded
Client 76 trained
Client 76 uploaded
Client 65 trained
Client 65 uploaded
Client 70 trained
Client 70 uploaded
Client 32 trained
Client 32 uploaded
Client 17 trained
Client 17 uploaded
Client 58 trained
Client 58 uploaded
Client 0 trained
Client 0 uploaded
Client 98 trained
Client 98 uploaded
Client 11 trained
Client 11 uploaded
Epoch(t): 293 accuracy: 78.7 loss 0.5988170298933982 run_time: 424.88007068634033
TiFL算法: 选择层 2，信用值剩余 1，选择概率 0.2667
Current clients: 20 , select: 10
| current_epoch 294 |. Begin client select
SchedulerThread schedule Tier [2], select(10 clients):
20 | 87 | 60 | 55 | 75 | 31 | 68 | 38 | 10 | 95 |
-----------------------------------------------------------------Schedule complete
Client 60 trained
Client 60 uploaded
Client 38 trained
Client 38 uploaded
Client 75 trained
Client 75 uploaded
Client 68 trained
Client 68 uploaded
Client 20 trained
Client 20 uploaded
Client 87 trained
Client 87 uploaded
Client 55 trained
Client 55 uploaded
Client 10 trained
Client 10 uploaded
Client 31 trained
Client 31 uploaded
Client 95 trained
Client 95 uploaded
Epoch(t): 294 accuracy: 80.71 loss 0.4996747678518295 run_time: 426.18439245224
TiFL算法: 选择层 1，信用值剩余 2，选择概率 0.1333
Current clients: 20 , select: 10
| current_epoch 295 |. Begin client select
SchedulerThread schedule Tier [1], select(10 clients):
24 | 36 | 51 | 88 | 13 | 86 | 15 | 81 | 43 | 27 |
-----------------------------------------------------------------Schedule complete
Client 43 trained
Client 43 uploaded
Client 51 trained
Client 51 uploaded
Client 24 trained
Client 24 uploaded
Client 86 trained
Client 86 uploaded
Client 36 trained
Client 36 uploaded
Client 27 trained
Client 27 uploaded
Client 15 trained
Client 15 uploaded
Client 13 trained
Client 13 uploaded
Client 81 trained
Client 81 uploaded
Client 88 trained
Client 88 uploaded
Epoch(t): 295 accuracy: 78.53 loss 0.5750350040197373 run_time: 428.14652824401855
TiFL算法: 选择层 2，信用值剩余 0，选择概率 0.2667
Current clients: 20 , select: 10
| current_epoch 296 |. Begin client select
SchedulerThread schedule Tier [2], select(10 clients):
89 | 87 | 7 | 21 | 55 | 60 | 31 | 10 | 12 | 4 |
-----------------------------------------------------------------Schedule complete
Client 21 trained
Client 21 uploaded
Client 7 trained
Client 7 uploaded
Client 12 trained
Client 12 uploaded
Client 87 trained
Client 87 uploaded
Client 60 trained
Client 60 uploaded
Client 55 trained
Client 55 uploaded
Client 31 trained
Client 31 uploaded
Client 4 trained
Client 4 uploaded
Client 89 trained
Client 89 uploaded
Client 10 trained
Client 10 uploaded
Epoch(t): 296 accuracy: 84.64 loss 0.4623200324177742 run_time: 429.3408188819885
TiFL算法: 选择层 1，信用值剩余 1，选择概率 0.1333
Current clients: 20 , select: 10
| current_epoch 297 |. Begin client select
SchedulerThread schedule Tier [1], select(10 clients):
15 | 82 | 69 | 88 | 24 | 25 | 33 | 9 | 51 | 43 |
-----------------------------------------------------------------Schedule complete
Client 43 trained
Client 43 uploaded
Client 25 trained
Client 25 uploaded
Client 9 trained
Client 9 uploaded
Client 24 trained
Client 24 uploaded
Client 51 trained
Client 51 uploaded
Client 69 trained
Client 69 uploaded
Client 82 trained
Client 82 uploaded
Client 88 trained
Client 88 uploaded
Client 15 trained
Client 15 uploaded
Client 33 trained
Client 33 uploaded
Epoch(t): 297 accuracy: 83.4 loss 0.46388028874993326 run_time: 431.3170642852783
TiFL算法: 选择层 0，信用值剩余 0，选择概率 0.0667
Current clients: 20 , select: 10
| current_epoch 298 |. Begin client select
SchedulerThread schedule Tier [0], select(10 clients):
99 | 22 | 90 | 83 | 37 | 39 | 44 | 94 | 54 | 8 |
-----------------------------------------------------------------Schedule complete
Client 83 trained
Client 83 uploaded
Client 39 trained
Client 39 uploaded
Client 44 trained
Client 44 uploaded
Client 37 trained
Client 37 uploaded
Client 94 trained
Client 94 uploaded
Client 54 trained
Client 54 uploaded
Client 22 trained
Client 22 uploaded
Client 90 trained
Client 90 uploaded
Client 8 trained
Client 8 uploaded
Client 99 trained
Client 99 uploaded
Epoch(t): 298 accuracy: 81.96 loss 0.5089880055189133 run_time: 432.70996594429016
TiFL算法: 选择层 1，信用值剩余 0，选择概率 0.1333
Current clients: 20 , select: 10
| current_epoch 299 |. Begin client select
SchedulerThread schedule Tier [1], select(10 clients):
51 | 16 | 9 | 27 | 46 | 88 | 93 | 43 | 33 | 53 |
-----------------------------------------------------------------Schedule complete
Client 93 trained
Client 93 uploaded
Client 43 trained
Client 43 uploaded
Client 53 trained
Client 53 uploaded
Client 16 trained
Client 16 uploaded
Client 9 trained
Client 9 uploaded
Client 46 trained
Client 46 uploaded
Client 51 trained
Client 51 uploaded
Client 88 trained
Client 88 uploaded
Client 27 trained
Client 27 uploaded
Client 33 trained
Client 33 uploaded
Epoch(t): 299 accuracy: 81.68 loss 0.5099491122364997 run_time: 434.7688374519348
各层当前精度: [(0, 174.56525), (1, 152.31824999999998), (2, 143.8195), (3, 147.34499999999997), (4, 139.42000000000002)]
各层当前信用值: [0, 0, 0, 0, 0]
所有层信用值已用尽，重置所有信用值
层4 精度=139.4200 排名=1/5 初始概率=0.5000
层2 精度=143.8195 排名=2/5 初始概率=0.4000
层3 精度=147.3450 排名=3/5 初始概率=0.3000
层1 精度=152.3182 排名=4/5 初始概率=0.2000
层0 精度=174.5652 排名=5/5 初始概率=0.1000
更新后的层选择概率: ['0.0667', '0.1333', '0.2667', '0.2000', '0.3333']
TiFL算法: 选择层 2，信用值剩余 4，选择概率 0.2667
Current clients: 20 , select: 10
| current_epoch 300 |. Begin client select
SchedulerThread schedule Tier [2], select(10 clients):
38 | 55 | 31 | 20 | 21 | 18 | 84 | 68 | 75 | 23 |
-----------------------------------------------------------------Schedule complete
Client 21 trained
Client 21 uploaded
Client 38 trained
Client 38 uploaded
Client 75 trained
Client 75 uploaded
Client 68 trained
Client 68 uploaded
Client 20 trained
Client 20 uploaded
Client 55 trained
Client 55 uploaded
Client 18 trained
Client 18 uploaded
Client 23 trained
Client 23 uploaded
Client 31 trained
Client 31 uploaded
Client 84 trained
Client 84 uploaded
Epoch(t): 300 accuracy: 82.04 loss 0.47094796180725096 run_time: 435.9821891784668
TiFL算法: 选择层 4，信用值剩余 4，选择概率 0.3333
Current clients: 20 , select: 10
| current_epoch 301 |. Begin client select
SchedulerThread schedule Tier [4], select(10 clients):
45 | 79 | 64 | 49 | 19 | 56 | 72 | 41 | 52 | 42 |
-----------------------------------------------------------------Schedule complete
Client 72 trained
Client 72 uploaded
Client 41 trained
Client 41 uploaded
Client 19 trained
Client 19 uploaded
Client 79 trained
Client 79 uploaded
Client 49 trained
Client 49 uploaded
Client 56 trained
Client 56 uploaded
Client 42 trained
Client 42 uploaded
Client 52 trained
Client 52 uploaded
Client 64 trained
Client 64 uploaded
Client 45 trained
Client 45 uploaded
Epoch(t): 301 accuracy: 78.11 loss 0.596926908493042 run_time: 437.4797914028168
TiFL算法: 选择层 4，信用值剩余 3，选择概率 0.3333
Current clients: 20 , select: 10
| current_epoch 302 |. Begin client select
SchedulerThread schedule Tier [4], select(10 clients):
40 | 3 | 42 | 61 | 73 | 71 | 28 | 52 | 64 | 41 |
-----------------------------------------------------------------Schedule complete
Client 41 trained
Client 41 uploaded
Client 73 trained
Client 73 uploaded
Client 71 trained
Client 71 uploaded
Client 61 trained
Client 61 uploaded
Client 64 trained
Client 64 uploaded
Client 28 trained
Client 28 uploaded
Client 40 trained
Client 40 uploaded
Client 52 trained
Client 52 uploaded
Client 3 trained
Client 3 uploaded
Client 42 trained
Client 42 uploaded
Epoch(t): 302 accuracy: 70.18 loss 0.8590082204341889 run_time: 438.5501208305359
TiFL算法: 选择层 1，信用值剩余 4，选择概率 0.1333
Current clients: 20 , select: 10
| current_epoch 303 |. Begin client select
SchedulerThread schedule Tier [1], select(10 clients):
88 | 43 | 27 | 13 | 82 | 24 | 53 | 51 | 15 | 36 |
-----------------------------------------------------------------Schedule complete
Client 53 trained
Client 53 uploaded
Client 43 trained
Client 43 uploaded
Client 51 trained
Client 51 uploaded
Client 24 trained
Client 24 uploaded
Client 82 trained
Client 82 uploaded
Client 27 trained
Client 27 uploaded
Client 15 trained
Client 15 uploaded
Client 13 trained
Client 13 uploaded
Client 36 trained
Client 36 uploaded
Client 88 trained
Client 88 uploaded
Epoch(t): 303 accuracy: 80.34 loss 0.54481265604496 run_time: 440.4693100452423
TiFL算法: 选择层 4，信用值剩余 2，选择概率 0.3333
Current clients: 20 , select: 10
| current_epoch 304 |. Begin client select
SchedulerThread schedule Tier [4], select(10 clients):
28 | 42 | 64 | 80 | 56 | 61 | 26 | 47 | 40 | 71 |
-----------------------------------------------------------------Schedule complete
Client 80 trained
Client 80 uploaded
Client 71 trained
Client 71 uploaded
Client 26 trained
Client 26 uploaded
Client 42 trained
Client 42 uploaded
Client 61 trained
Client 61 uploaded
Client 47 trained
Client 47 uploaded
Client 64 trained
Client 64 uploaded
Client 28 trained
Client 28 uploaded
Client 40 trained
Client 40 uploaded
Client 56 trained
Client 56 uploaded
Epoch(t): 304 accuracy: 77.89 loss 0.629502976834774 run_time: 441.9375636577606
TiFL算法: 选择层 2，信用值剩余 3，选择概率 0.2667
Current clients: 20 , select: 10
| current_epoch 305 |. Begin client select
SchedulerThread schedule Tier [2], select(10 clients):
87 | 63 | 55 | 7 | 75 | 31 | 12 | 74 | 18 | 4 |
-----------------------------------------------------------------Schedule complete
Client 74 trained
Client 74 uploaded
Client 7 trained
Client 7 uploaded
Client 87 trained
Client 87 uploaded
Client 12 trained
Client 12 uploaded
Client 75 trained
Client 75 uploaded
Client 63 trained
Client 63 uploaded
Client 55 trained
Client 55 uploaded
Client 18 trained
Client 18 uploaded
Client 4 trained
Client 4 uploaded
Client 31 trained
Client 31 uploaded
Epoch(t): 305 accuracy: 80.65 loss 0.5478267353773117 run_time: 443.1292634010315
TiFL算法: 选择层 2，信用值剩余 2，选择概率 0.2667
Current clients: 20 , select: 10
| current_epoch 306 |. Begin client select
SchedulerThread schedule Tier [2], select(10 clients):
20 | 31 | 18 | 63 | 74 | 23 | 95 | 84 | 21 | 7 |
-----------------------------------------------------------------Schedule complete
Client 21 trained
Client 21 uploaded
Client 7 trained
Client 7 uploaded
Client 74 trained
Client 74 uploaded
Client 31 trained
Client 31 uploaded
Client 18 trained
Client 18 uploaded
Client 95 trained
Client 95 uploaded
Client 23 trained
Client 23 uploaded
Client 20 trained
Client 20 uploaded
Client 63 trained
Client 63 uploaded
Client 84 trained
Client 84 uploaded
Epoch(t): 306 accuracy: 83.14 loss 0.48588575899600983 run_time: 444.10786747932434
TiFL算法: 选择层 3，信用值剩余 4，选择概率 0.2000
Current clients: 20 , select: 10
| current_epoch 307 |. Begin client select
SchedulerThread schedule Tier [3], select(10 clients):
30 | 0 | 35 | 70 | 14 | 11 | 17 | 96 | 32 | 67 |
-----------------------------------------------------------------Schedule complete
Client 14 trained
Client 14 uploaded
Client 30 trained
Client 30 uploaded
Client 70 trained
Client 70 uploaded
Client 32 trained
Client 32 uploaded
Client 67 trained
Client 67 uploaded
Client 0 trained
Client 0 uploaded
Client 17 trained
Client 17 uploaded
Client 96 trained
Client 96 uploaded
Client 11 trained
Client 11 uploaded
Client 35 trained
Client 35 uploaded
Epoch(t): 307 accuracy: 78.8 loss 0.6322355803847313 run_time: 445.72222232818604
TiFL算法: 选择层 3，信用值剩余 3，选择概率 0.2000
Current clients: 20 , select: 10
| current_epoch 308 |. Begin client select
SchedulerThread schedule Tier [3], select(10 clients):
66 | 65 | 14 | 98 | 92 | 78 | 0 | 11 | 70 | 30 |
-----------------------------------------------------------------Schedule complete
Client 14 trained
Client 14 uploaded
Client 78 trained
Client 78 uploaded
Client 70 trained
Client 70 uploaded
Client 30 trained
Client 30 uploaded
Client 92 trained
Client 92 uploaded
Client 65 trained
Client 65 uploaded
Client 0 trained
Client 0 uploaded
Client 66 trained
Client 66 uploaded
Client 11 trained
Client 11 uploaded
Client 98 trained
Client 98 uploaded
Epoch(t): 308 accuracy: 78.01 loss 0.6383738121390343 run_time: 447.37442922592163
TiFL算法: 选择层 3，信用值剩余 2，选择概率 0.2000
Current clients: 20 , select: 10
| current_epoch 309 |. Begin client select
SchedulerThread schedule Tier [3], select(10 clients):
65 | 14 | 67 | 32 | 70 | 96 | 29 | 77 | 35 | 57 |
-----------------------------------------------------------------Schedule complete
Client 14 trained
Client 14 uploaded
Client 29 trained
Client 29 uploaded
Client 65 trained
Client 65 uploaded
Client 70 trained
Client 70 uploaded
Client 67 trained
Client 67 uploaded
Client 57 trained
Client 57 uploaded
Client 77 trained
Client 77 uploaded
Client 32 trained
Client 32 uploaded
Client 35 trained
Client 35 uploaded
Client 96 trained
Client 96 uploaded
Epoch(t): 309 accuracy: 77.89 loss 0.6743534857034683 run_time: 448.9357125759125
TiFL算法: 选择层 1，信用值剩余 3，选择概率 0.1333
Current clients: 20 , select: 10
| current_epoch 310 |. Begin client select
SchedulerThread schedule Tier [1], select(10 clients):
51 | 69 | 82 | 86 | 16 | 50 | 88 | 25 | 93 | 81 |
-----------------------------------------------------------------Schedule complete
Client 93 trained
Client 93 uploaded
Client 86 trained
Client 86 uploaded
Client 16 trained
Client 16 uploaded
Client 88 trained
Client 88 uploaded
Client 25 trained
Client 25 uploaded
Client 69 trained
Client 69 uploaded
Client 51 trained
Client 51 uploaded
Client 50 trained
Client 50 uploaded
Client 81 trained
Client 81 uploaded
Client 82 trained
Client 82 uploaded
Epoch(t): 310 accuracy: 84.39 loss 0.42592313572764395 run_time: 451.09791707992554
TiFL算法: 选择层 4，信用值剩余 1，选择概率 0.3333
Current clients: 20 , select: 10
| current_epoch 311 |. Begin client select
SchedulerThread schedule Tier [4], select(10 clients):
19 | 71 | 52 | 49 | 72 | 47 | 3 | 41 | 42 | 28 |
-----------------------------------------------------------------Schedule complete
Client 41 trained
Client 41 uploaded
Client 71 trained
Client 71 uploaded
Client 72 trained
Client 72 uploaded
Client 47 trained
Client 47 uploaded
Client 52 trained
Client 52 uploaded
Client 42 trained
Client 42 uploaded
Client 28 trained
Client 28 uploaded
Client 3 trained
Client 3 uploaded
Client 49 trained
Client 49 uploaded
Client 19 trained
Client 19 uploaded
Epoch(t): 311 accuracy: 79.95 loss 0.5359127089381218 run_time: 452.1782138347626
TiFL算法: 选择层 2，信用值剩余 1，选择概率 0.2667
Current clients: 20 , select: 10
| current_epoch 312 |. Begin client select
SchedulerThread schedule Tier [2], select(10 clients):
60 | 18 | 4 | 55 | 20 | 31 | 87 | 38 | 10 | 7 |
-----------------------------------------------------------------Schedule complete
Client 7 trained
Client 7 uploaded
Client 60 trained
Client 60 uploaded
Client 38 trained
Client 38 uploaded
Client 20 trained
Client 20 uploaded
Client 87 trained
Client 87 uploaded
Client 55 trained
Client 55 uploaded
Client 31 trained
Client 31 uploaded
Client 18 trained
Client 18 uploaded
Client 4 trained
Client 4 uploaded
Client 10 trained
Client 10 uploaded
Epoch(t): 312 accuracy: 81.46 loss 0.48005668610334395 run_time: 453.36573815345764
TiFL算法: 选择层 1，信用值剩余 2，选择概率 0.1333
Current clients: 20 , select: 10
| current_epoch 313 |. Begin client select
SchedulerThread schedule Tier [1], select(10 clients):
43 | 27 | 25 | 15 | 82 | 24 | 81 | 33 | 86 | 69 |
-----------------------------------------------------------------Schedule complete
Client 24 trained
Client 24 uploaded
Client 43 trained
Client 43 uploaded
Client 25 trained
Client 25 uploaded
Client 86 trained
Client 86 uploaded
Client 69 trained
Client 69 uploaded
Client 82 trained
Client 82 uploaded
Client 27 trained
Client 27 uploaded
Client 33 trained
Client 33 uploaded
Client 15 trained
Client 15 uploaded
Client 81 trained
Client 81 uploaded
Epoch(t): 313 accuracy: 82.16 loss 0.4678582017123699 run_time: 455.06220412254333
TiFL算法: 选择层 4，信用值剩余 0，选择概率 0.3333
Current clients: 20 , select: 10
| current_epoch 314 |. Begin client select
SchedulerThread schedule Tier [4], select(10 clients):
79 | 47 | 3 | 52 | 49 | 61 | 41 | 28 | 72 | 80 |
-----------------------------------------------------------------Schedule complete
Client 52 trained
Client 52 uploaded
Client 41 trained
Client 41 uploaded
Client 72 trained
Client 72 uploaded
Client 80 trained
Client 80 uploaded
Client 79 trained
Client 79 uploaded
Client 47 trained
Client 47 uploaded
Client 28 trained
Client 28 uploaded
Client 3 trained
Client 3 uploaded
Client 61 trained
Client 61 uploaded
Client 49 trained
Client 49 uploaded
Epoch(t): 314 accuracy: 81.98 loss 0.4898240768909454 run_time: 456.12953186035156
TiFL算法: 选择层 3，信用值剩余 1，选择概率 0.2000
Current clients: 20 , select: 10
| current_epoch 315 |. Begin client select
SchedulerThread schedule Tier [3], select(10 clients):
77 | 92 | 66 | 32 | 96 | 67 | 11 | 70 | 78 | 57 |
-----------------------------------------------------------------Schedule complete
Client 70 trained
Client 70 uploaded
Client 78 trained
Client 78 uploaded
Client 92 trained
Client 92 uploaded
Client 67 trained
Client 67 uploaded
Client 32 trained
Client 32 uploaded
Client 66 trained
Client 66 uploaded
Client 77 trained
Client 77 uploaded
Client 57 trained
Client 57 uploaded
Client 11 trained
Client 11 uploaded
Client 96 trained
Client 96 uploaded
Epoch(t): 315 accuracy: 78.82 loss 0.5920736667513847 run_time: 457.7928099632263
TiFL算法: 选择层 3，信用值剩余 0，选择概率 0.2000
Current clients: 20 , select: 10
| current_epoch 316 |. Begin client select
SchedulerThread schedule Tier [3], select(10 clients):
14 | 70 | 57 | 67 | 58 | 32 | 92 | 30 | 78 | 29 |
-----------------------------------------------------------------Schedule complete
Client 29 trained
Client 29 uploaded
Client 14 trained
Client 14 uploaded
Client 78 trained
Client 78 uploaded
Client 30 trained
Client 30 uploaded
Client 70 trained
Client 70 uploaded
Client 32 trained
Client 32 uploaded
Client 92 trained
Client 92 uploaded
Client 58 trained
Client 58 uploaded
Client 67 trained
Client 67 uploaded
Client 57 trained
Client 57 uploaded
Epoch(t): 316 accuracy: 76.13 loss 0.640734136402607 run_time: 459.17517495155334
TiFL算法: 选择层 1，信用值剩余 1，选择概率 0.1333
Current clients: 20 , select: 10
| current_epoch 317 |. Begin client select
SchedulerThread schedule Tier [1], select(10 clients):
24 | 69 | 9 | 93 | 88 | 36 | 15 | 43 | 33 | 13 |
-----------------------------------------------------------------Schedule complete
Client 93 trained
Client 93 uploaded
Client 43 trained
Client 43 uploaded
Client 9 trained
Client 9 uploaded
Client 24 trained
Client 24 uploaded
Client 69 trained
Client 69 uploaded
Client 33 trained
Client 33 uploaded
Client 15 trained
Client 15 uploaded
Client 13 trained
Client 13 uploaded
Client 36 trained
Client 36 uploaded
Client 88 trained
Client 88 uploaded
Epoch(t): 317 accuracy: 83.77 loss 0.4618933743238449 run_time: 461.1508057117462
TiFL算法: 选择层 2，信用值剩余 0，选择概率 0.2667
Current clients: 20 , select: 10
| current_epoch 318 |. Begin client select
SchedulerThread schedule Tier [2], select(10 clients):
38 | 20 | 18 | 75 | 89 | 31 | 21 | 7 | 4 | 87 |
-----------------------------------------------------------------Schedule complete
Client 7 trained
Client 7 uploaded
Client 21 trained
Client 21 uploaded
Client 38 trained
Client 38 uploaded
Client 75 trained
Client 75 uploaded
Client 20 trained
Client 20 uploaded
Client 87 trained
Client 87 uploaded
Client 89 trained
Client 89 uploaded
Client 4 trained
Client 4 uploaded
Client 18 trained
Client 18 uploaded
Client 31 trained
Client 31 uploaded
Epoch(t): 318 accuracy: 85.27 loss 0.4158321639895439 run_time: 462.35735273361206
TiFL算法: 选择层 1，信用值剩余 0，选择概率 0.1333
Current clients: 20 , select: 10
| current_epoch 319 |. Begin client select
SchedulerThread schedule Tier [1], select(10 clients):
86 | 9 | 51 | 24 | 88 | 13 | 46 | 53 | 81 | 25 |
-----------------------------------------------------------------Schedule complete
Client 53 trained
Client 53 uploaded
Client 86 trained
Client 86 uploaded
Client 25 trained
Client 25 uploaded
Client 9 trained
Client 9 uploaded
Client 51 trained
Client 51 uploaded
Client 88 trained
Client 88 uploaded
Client 24 trained
Client 24 uploaded
Client 81 trained
Client 81 uploaded
Client 13 trained
Client 13 uploaded
Client 46 trained
Client 46 uploaded
Epoch(t): 319 accuracy: 83.53 loss 0.45661682516336444 run_time: 464.3236594200134
各层当前精度: [(0, 174.56525), (1, 170.69324999999998), (2, 166.86275), (3, 164.8805), (4, 163.2135)]
各层当前信用值: [5, 0, 0, 0, 0]
层0 精度=174.5652 排名=5/1 初始概率=0.0000
警告：所有概率和为0，使用均匀分布
更新后的层选择概率: ['0.2000', '0.2000', '0.2000', '0.2000', '0.2000']
TiFL算法: 选择层 0，信用值剩余 4，选择概率 0.2000
Current clients: 20 , select: 10
| current_epoch 320 |. Begin client select
SchedulerThread schedule Tier [0], select(10 clients):
54 | 91 | 39 | 37 | 59 | 83 | 6 | 5 | 34 | 99 |
-----------------------------------------------------------------Schedule complete
Client 83 trained
Client 83 uploaded
Client 39 trained
Client 39 uploaded
Client 5 trained
Client 5 uploaded
Client 37 trained
Client 37 uploaded
Client 6 trained
Client 6 uploaded
Client 59 trained
Client 59 uploaded
Client 54 trained
Client 54 uploaded
Client 34 trained
Client 34 uploaded
Client 91 trained
Client 91 uploaded
Client 99 trained
Client 99 uploaded
Epoch(t): 320 accuracy: 82.13 loss 0.4822845530509949 run_time: 465.78920340538025
TiFL算法: 选择层 0，信用值剩余 3，选择概率 0.2000
Current clients: 20 , select: 10
| current_epoch 321 |. Begin client select
SchedulerThread schedule Tier [0], select(10 clients):
39 | 83 | 90 | 97 | 22 | 62 | 85 | 1 | 94 | 91 |
-----------------------------------------------------------------Schedule complete
Client 83 trained
Client 83 uploaded
Client 39 trained
Client 39 uploaded
Client 97 trained
Client 97 uploaded
Client 85 trained
Client 85 uploaded
Client 91 trained
Client 91 uploaded
Client 90 trained
Client 90 uploaded
Client 94 trained
Client 94 uploaded
Client 22 trained
Client 22 uploaded
Client 62 trained
Client 62 uploaded
Client 1 trained
Client 1 uploaded
Epoch(t): 321 accuracy: 82.32 loss 0.49507691115140917 run_time: 466.9812514781952
TiFL算法: 选择层 0，信用值剩余 2，选择概率 0.2000
Current clients: 20 , select: 10
| current_epoch 322 |. Begin client select
SchedulerThread schedule Tier [0], select(10 clients):
62 | 94 | 1 | 5 | 90 | 2 | 37 | 85 | 39 | 97 |
-----------------------------------------------------------------Schedule complete
Client 39 trained
Client 39 uploaded
Client 5 trained
Client 5 uploaded
Client 94 trained
Client 94 uploaded
Client 1 trained
Client 1 uploaded
Client 37 trained
Client 37 uploaded
Client 97 trained
Client 97 uploaded
Client 85 trained
Client 85 uploaded
Client 90 trained
Client 90 uploaded
Client 2 trained
Client 2 uploaded
Client 62 trained
Client 62 uploaded
Epoch(t): 322 accuracy: 83.29 loss 0.45251408755779265 run_time: 468.44627118110657
TiFL算法: 选择层 0，信用值剩余 1，选择概率 0.2000
Current clients: 20 , select: 10
| current_epoch 323 |. Begin client select
SchedulerThread schedule Tier [0], select(10 clients):
39 | 6 | 2 | 8 | 97 | 37 | 34 | 5 | 44 | 83 |
-----------------------------------------------------------------Schedule complete
Client 39 trained
Client 39 uploaded
Client 83 trained
Client 83 uploaded
Client 5 trained
Client 5 uploaded
Client 97 trained
Client 97 uploaded
Client 44 trained
Client 44 uploaded
Client 37 trained
Client 37 uploaded
Client 6 trained
Client 6 uploaded
Client 8 trained
Client 8 uploaded
Client 2 trained
Client 2 uploaded
Client 34 trained
Client 34 uploaded
Epoch(t): 323 accuracy: 84.61 loss 0.42950292468070983 run_time: 469.65365386009216
TiFL算法: 选择层 0，信用值剩余 0，选择概率 0.2000
Current clients: 20 , select: 10
| current_epoch 324 |. Begin client select
SchedulerThread schedule Tier [0], select(10 clients):
1 | 22 | 6 | 59 | 83 | 90 | 54 | 99 | 8 | 37 |
-----------------------------------------------------------------Schedule complete
Client 83 trained
Client 83 uploaded
Client 59 trained
Client 59 uploaded
Client 37 trained
Client 37 uploaded
Client 1 trained
Client 1 uploaded
Client 54 trained
Client 54 uploaded
Client 8 trained
Client 8 uploaded
Client 22 trained
Client 22 uploaded
Client 90 trained
Client 90 uploaded
Client 99 trained
Client 99 uploaded
Client 6 trained
Client 6 uploaded
Epoch(t): 324 accuracy: 82.04 loss 0.5076024475693702 run_time: 471.0044572353363
所有层信用值已用尽，重置所有层信用值
TiFL算法: 选择层 4，信用值剩余 4，选择概率 0.2000
Current clients: 20 , select: 10
| current_epoch 325 |. Begin client select
SchedulerThread schedule Tier [4], select(10 clients):
80 | 41 | 47 | 56 | 3 | 72 | 42 | 48 | 52 | 28 |
-----------------------------------------------------------------Schedule complete
Client 80 trained
Client 80 uploaded
Client 41 trained
Client 41 uploaded
Client 48 trained
Client 48 uploaded
Client 72 trained
Client 72 uploaded
Client 52 trained
Client 52 uploaded
Client 3 trained
Client 3 uploaded
Client 47 trained
Client 47 uploaded
Client 42 trained
Client 42 uploaded
Client 28 trained
Client 28 uploaded
Client 56 trained
Client 56 uploaded
Epoch(t): 325 accuracy: 79.38 loss 0.5852789136767388 run_time: 472.29629015922546
TiFL算法: 选择层 4，信用值剩余 3，选择概率 0.2000
Current clients: 20 , select: 10
| current_epoch 326 |. Begin client select
SchedulerThread schedule Tier [4], select(10 clients):
45 | 56 | 42 | 49 | 73 | 26 | 52 | 64 | 19 | 40 |
-----------------------------------------------------------------Schedule complete
Client 73 trained
Client 73 uploaded
Client 26 trained
Client 26 uploaded
Client 19 trained
Client 19 uploaded
Client 49 trained
Client 49 uploaded
Client 42 trained
Client 42 uploaded
Client 64 trained
Client 64 uploaded
Client 45 trained
Client 45 uploaded
Client 40 trained
Client 40 uploaded
Client 52 trained
Client 52 uploaded
Client 56 trained
Client 56 uploaded
Epoch(t): 326 accuracy: 79.47 loss 0.592561776638031 run_time: 473.77326011657715
TiFL算法: 选择层 2，信用值剩余 4，选择概率 0.2000
Current clients: 20 , select: 10
| current_epoch 327 |. Begin client select
SchedulerThread schedule Tier [2], select(10 clients):
7 | 60 | 21 | 75 | 31 | 10 | 95 | 18 | 12 | 20 |
-----------------------------------------------------------------Schedule complete
Client 7 trained
Client 7 uploaded
Client 21 trained
Client 21 uploaded
Client 20 trained
Client 20 uploaded
Client 75 trained
Client 75 uploaded
Client 60 trained
Client 60 uploaded
Client 12 trained
Client 12 uploaded
Client 31 trained
Client 31 uploaded
Client 18 trained
Client 18 uploaded
Client 10 trained
Client 10 uploaded
Client 95 trained
Client 95 uploaded
Epoch(t): 327 accuracy: 84.69 loss 0.4216854050755501 run_time: 474.8846151828766
TiFL算法: 选择层 0，信用值剩余 4，选择概率 0.2000
Current clients: 20 , select: 10
| current_epoch 328 |. Begin client select
SchedulerThread schedule Tier [0], select(10 clients):
2 | 8 | 37 | 83 | 1 | 6 | 90 | 99 | 85 | 54 |
-----------------------------------------------------------------Schedule complete
Client 83 trained
Client 83 uploaded
Client 37 trained
Client 37 uploaded
Client 8 trained
Client 8 uploaded
Client 85 trained
Client 85 uploaded
Client 1 trained
Client 1 uploaded
Client 90 trained
Client 90 uploaded
Client 6 trained
Client 6 uploaded
Client 54 trained
Client 54 uploaded
Client 2 trained
Client 2 uploaded
Client 99 trained
Client 99 uploaded
Epoch(t): 328 accuracy: 80.76 loss 0.5509143954515457 run_time: 476.2531542778015
TiFL算法: 选择层 1，信用值剩余 4，选择概率 0.2000
Current clients: 20 , select: 10
| current_epoch 329 |. Begin client select
SchedulerThread schedule Tier [1], select(10 clients):
53 | 88 | 16 | 33 | 27 | 81 | 13 | 24 | 86 | 46 |
-----------------------------------------------------------------Schedule complete
Client 86 trained
Client 86 uploaded
Client 16 trained
Client 16 uploaded
Client 53 trained
Client 53 uploaded
Client 24 trained
Client 24 uploaded
Client 46 trained
Client 46 uploaded
Client 88 trained
Client 88 uploaded
Client 27 trained
Client 27 uploaded
Client 81 trained
Client 81 uploaded
Client 13 trained
Client 13 uploaded
Client 33 trained
Client 33 uploaded
Epoch(t): 329 accuracy: 78.97 loss 0.5791923359036446 run_time: 478.1180498600006
TiFL算法: 选择层 3，信用值剩余 4，选择概率 0.2000
Current clients: 20 , select: 10
| current_epoch 330 |. Begin client select
SchedulerThread schedule Tier [3], select(10 clients):
76 | 96 | 70 | 58 | 66 | 11 | 77 | 14 | 65 | 57 |
-----------------------------------------------------------------Schedule complete
Client 76 trained
Client 76 uploaded
Client 14 trained
Client 14 uploaded
Client 65 trained
Client 65 uploaded
Client 70 trained
Client 70 uploaded
Client 58 trained
Client 58 uploaded
Client 66 trained
Client 66 uploaded
Client 57 trained
Client 57 uploaded
Client 77 trained
Client 77 uploaded
Client 11 trained
Client 11 uploaded
Client 96 trained
Client 96 uploaded
Epoch(t): 330 accuracy: 77.23 loss 0.6683452451229095 run_time: 479.59847688674927
TiFL算法: 选择层 4，信用值剩余 2，选择概率 0.2000
Current clients: 20 , select: 10
| current_epoch 331 |. Begin client select
SchedulerThread schedule Tier [4], select(10 clients):
41 | 61 | 71 | 19 | 3 | 56 | 72 | 64 | 26 | 49 |
-----------------------------------------------------------------Schedule complete
Client 41 trained
Client 41 uploaded
Client 71 trained
Client 71 uploaded
Client 72 trained
Client 72 uploaded
Client 26 trained
Client 26 uploaded
Client 49 trained
Client 49 uploaded
Client 61 trained
Client 61 uploaded
Client 3 trained
Client 3 uploaded
Client 19 trained
Client 19 uploaded
Client 64 trained
Client 64 uploaded
Client 56 trained
Client 56 uploaded
Epoch(t): 331 accuracy: 72.74 loss 0.8320359390974045 run_time: 480.96861934661865
TiFL算法: 选择层 3，信用值剩余 3，选择概率 0.2000
Current clients: 20 , select: 10
| current_epoch 332 |. Begin client select
SchedulerThread schedule Tier [3], select(10 clients):
58 | 30 | 96 | 11 | 76 | 92 | 29 | 35 | 65 | 57 |
-----------------------------------------------------------------Schedule complete
Client 76 trained
Client 76 uploaded
Client 29 trained
Client 29 uploaded
Client 30 trained
Client 30 uploaded
Client 65 trained
Client 65 uploaded
Client 92 trained
Client 92 uploaded
Client 58 trained
Client 58 uploaded
Client 57 trained
Client 57 uploaded
Client 11 trained
Client 11 uploaded
Client 35 trained
Client 35 uploaded
Client 96 trained
Client 96 uploaded
Epoch(t): 332 accuracy: 77.62 loss 0.6443101400136948 run_time: 482.45827078819275
TiFL算法: 选择层 1，信用值剩余 3，选择概率 0.2000
Current clients: 20 , select: 10
| current_epoch 333 |. Begin client select
SchedulerThread schedule Tier [1], select(10 clients):
24 | 16 | 86 | 88 | 51 | 27 | 9 | 46 | 25 | 93 |
-----------------------------------------------------------------Schedule complete
Client 93 trained
Client 93 uploaded
Client 86 trained
Client 86 uploaded
Client 16 trained
Client 16 uploaded
Client 25 trained
Client 25 uploaded
Client 88 trained
Client 88 uploaded
Client 9 trained
Client 9 uploaded
Client 24 trained
Client 24 uploaded
Client 51 trained
Client 51 uploaded
Client 46 trained
Client 46 uploaded
Client 27 trained
Client 27 uploaded
Epoch(t): 333 accuracy: 83.85 loss 0.45072321593761444 run_time: 484.6319217681885
TiFL算法: 选择层 3，信用值剩余 2，选择概率 0.2000
Current clients: 20 , select: 10
| current_epoch 334 |. Begin client select
SchedulerThread schedule Tier [3], select(10 clients):
29 | 70 | 98 | 17 | 57 | 35 | 0 | 30 | 11 | 66 |
-----------------------------------------------------------------Schedule complete
Client 29 trained
Client 29 uploaded
Client 57 trained
Client 57 uploaded
Client 30 trained
Client 30 uploaded
Client 70 trained
Client 70 uploaded
Client 17 trained
Client 17 uploaded
Client 66 trained
Client 66 uploaded
Client 0 trained
Client 0 uploaded
Client 11 trained
Client 11 uploaded
Client 35 trained
Client 35 uploaded
Client 98 trained
Client 98 uploaded
Epoch(t): 334 accuracy: 80.39 loss 0.5919127431511879 run_time: 486.2984709739685
TiFL算法: 选择层 2，信用值剩余 3，选择概率 0.2000
Current clients: 20 , select: 10
| current_epoch 335 |. Begin client select
SchedulerThread schedule Tier [2], select(10 clients):
95 | 12 | 75 | 21 | 87 | 31 | 60 | 10 | 23 | 18 |
-----------------------------------------------------------------Schedule complete
Client 21 trained
Client 21 uploaded
Client 12 trained
Client 12 uploaded
Client 75 trained
Client 75 uploaded
Client 87 trained
Client 87 uploaded
Client 60 trained
Client 60 uploaded
Client 31 trained
Client 31 uploaded
Client 18 trained
Client 18 uploaded
Client 95 trained
Client 95 uploaded
Client 10 trained
Client 10 uploaded
Client 23 trained
Client 23 uploaded
Epoch(t): 335 accuracy: 84.98 loss 0.4158902607858181 run_time: 487.4507281780243
TiFL算法: 选择层 3，信用值剩余 1，选择概率 0.2000
Current clients: 20 , select: 10
| current_epoch 336 |. Begin client select
SchedulerThread schedule Tier [3], select(10 clients):
57 | 78 | 96 | 67 | 35 | 11 | 32 | 0 | 14 | 30 |
-----------------------------------------------------------------Schedule complete
Client 14 trained
Client 14 uploaded
Client 30 trained
Client 30 uploaded
Client 78 trained
Client 78 uploaded
Client 67 trained
Client 67 uploaded
Client 32 trained
Client 32 uploaded
Client 57 trained
Client 57 uploaded
Client 0 trained
Client 0 uploaded
Client 11 trained
Client 11 uploaded
Client 35 trained
Client 35 uploaded
Client 96 trained
Client 96 uploaded
Epoch(t): 336 accuracy: 81.07 loss 0.5495734721422195 run_time: 488.96621680259705
TiFL算法: 选择层 0，信用值剩余 3，选择概率 0.2000
Current clients: 20 , select: 10
| current_epoch 337 |. Begin client select
SchedulerThread schedule Tier [0], select(10 clients):
91 | 59 | 39 | 85 | 37 | 94 | 8 | 5 | 99 | 62 |
-----------------------------------------------------------------Schedule complete
Client 39 trained
Client 39 uploaded
Client 94 trained
Client 94 uploaded
Client 5 trained
Client 5 uploaded
Client 59 trained
Client 59 uploaded
Client 99 trained
Client 99 uploaded
Client 37 trained
Client 37 uploaded
Client 8 trained
Client 8 uploaded
Client 91 trained
Client 91 uploaded
Client 62 trained
Client 62 uploaded
Client 85 trained
Client 85 uploaded
Epoch(t): 337 accuracy: 82.16 loss 0.4828114524483681 run_time: 490.51686000823975
TiFL算法: 选择层 3，信用值剩余 0，选择概率 0.2000
Current clients: 20 , select: 10
| current_epoch 338 |. Begin client select
SchedulerThread schedule Tier [3], select(10 clients):
98 | 17 | 32 | 29 | 76 | 14 | 58 | 35 | 78 | 66 |
-----------------------------------------------------------------Schedule complete
Client 76 trained
Client 76 uploaded
Client 29 trained
Client 29 uploaded
Client 14 trained
Client 14 uploaded
Client 32 trained
Client 32 uploaded
Client 78 trained
Client 78 uploaded
Client 17 trained
Client 17 uploaded
Client 58 trained
Client 58 uploaded
Client 66 trained
Client 66 uploaded
Client 35 trained
Client 35 uploaded
Client 98 trained
Client 98 uploaded
Epoch(t): 338 accuracy: 80.58 loss 0.5974803039431572 run_time: 492.07517194747925
TiFL算法: 选择层 2，信用值剩余 2，选择概率 0.2000
Current clients: 20 , select: 10
| current_epoch 339 |. Begin client select
SchedulerThread schedule Tier [2], select(10 clients):
20 | 87 | 63 | 60 | 31 | 75 | 95 | 38 | 68 | 10 |
-----------------------------------------------------------------Schedule complete
Client 60 trained
Client 60 uploaded
Client 38 trained
Client 38 uploaded
Client 75 trained
Client 75 uploaded
Client 20 trained
Client 20 uploaded
Client 87 trained
Client 87 uploaded
Client 31 trained
Client 31 uploaded
Client 68 trained
Client 68 uploaded
Client 95 trained
Client 95 uploaded
Client 63 trained
Client 63 uploaded
Client 10 trained
Client 10 uploaded
Epoch(t): 339 accuracy: 77.61 loss 0.5609116506576538 run_time: 493.3062119483948
各层当前精度: [(0, 186.28275), (1, 177.91175), (2, 178.0105), (3, 182.79074999999997), (4, 173.79075)]
各层当前信用值: [3, 3, 2, 0, 2]
层4 精度=173.7908 排名=1/4 初始概率=0.6667
层1 精度=177.9118 排名=2/4 初始概率=0.5000
层2 精度=178.0105 排名=3/4 初始概率=0.3333
层0 精度=186.2827 排名=5/4 初始概率=0.0000
更新后的层选择概率: ['0.0000', '0.3333', '0.2222', '0.0000', '0.4444']
TiFL算法: 选择层 4，信用值剩余 1，选择概率 0.4444
Current clients: 20 , select: 10
| current_epoch 340 |. Begin client select
SchedulerThread schedule Tier [4], select(10 clients):
73 | 3 | 28 | 19 | 49 | 72 | 61 | 56 | 52 | 71 |
-----------------------------------------------------------------Schedule complete
Client 73 trained
Client 73 uploaded
Client 72 trained
Client 72 uploaded
Client 71 trained
Client 71 uploaded
Client 28 trained
Client 28 uploaded
Client 52 trained
Client 52 uploaded
Client 49 trained
Client 49 uploaded
Client 3 trained
Client 3 uploaded
Client 61 trained
Client 61 uploaded
Client 19 trained
Client 19 uploaded
Client 56 trained
Client 56 uploaded
Epoch(t): 340 accuracy: 77.02 loss 0.6403054010868072 run_time: 494.6834292411804
TiFL算法: 选择层 2，信用值剩余 1，选择概率 0.2222
Current clients: 20 , select: 10
| current_epoch 341 |. Begin client select
SchedulerThread schedule Tier [2], select(10 clients):
95 | 18 | 4 | 68 | 87 | 60 | 23 | 89 | 38 | 12 |
-----------------------------------------------------------------Schedule complete
Client 60 trained
Client 60 uploaded
Client 38 trained
Client 38 uploaded
Client 89 trained
Client 89 uploaded
Client 68 trained
Client 68 uploaded
Client 87 trained
Client 87 uploaded
Client 12 trained
Client 12 uploaded
Client 4 trained
Client 4 uploaded
Client 18 trained
Client 18 uploaded
Client 95 trained
Client 95 uploaded
Client 23 trained
Client 23 uploaded
Epoch(t): 341 accuracy: 81.79 loss 0.47931661784648893 run_time: 496.080411195755
TiFL算法: 选择层 4，信用值剩余 0，选择概率 0.4444
Current clients: 20 , select: 10
| current_epoch 342 |. Begin client select
SchedulerThread schedule Tier [4], select(10 clients):
26 | 56 | 42 | 71 | 73 | 52 | 61 | 28 | 80 | 41 |
-----------------------------------------------------------------Schedule complete
Client 71 trained
Client 71 uploaded
Client 80 trained
Client 80 uploaded
Client 73 trained
Client 73 uploaded
Client 41 trained
Client 41 uploaded
Client 26 trained
Client 26 uploaded
Client 28 trained
Client 28 uploaded
Client 42 trained
Client 42 uploaded
Client 52 trained
Client 52 uploaded
Client 61 trained
Client 61 uploaded
Client 56 trained
Client 56 uploaded
Epoch(t): 342 accuracy: 77.47 loss 0.6181388852000237 run_time: 497.4232888221741
TiFL算法: 选择层 1，信用值剩余 2，选择概率 0.3333
Current clients: 20 , select: 10
| current_epoch 343 |. Begin client select
SchedulerThread schedule Tier [1], select(10 clients):
86 | 24 | 25 | 46 | 15 | 36 | 81 | 82 | 69 | 51 |
-----------------------------------------------------------------Schedule complete
Client 51 trained
Client 51 uploaded
Client 25 trained
Client 25 uploaded
Client 24 trained
Client 24 uploaded
Client 86 trained
Client 86 uploaded
Client 46 trained
Client 46 uploaded
Client 15 trained
Client 15 uploaded
Client 69 trained
Client 69 uploaded
Client 82 trained
Client 82 uploaded
Client 81 trained
Client 81 uploaded
Client 36 trained
Client 36 uploaded
Epoch(t): 343 accuracy: 86.09 loss 0.38391292676329614 run_time: 498.97638487815857
TiFL算法: 选择层 1，信用值剩余 1，选择概率 0.3333
Current clients: 20 , select: 10
| current_epoch 344 |. Begin client select
SchedulerThread schedule Tier [1], select(10 clients):
24 | 50 | 53 | 51 | 27 | 46 | 69 | 86 | 16 | 33 |
-----------------------------------------------------------------Schedule complete
Client 53 trained
Client 53 uploaded
Client 16 trained
Client 16 uploaded
Client 86 trained
Client 86 uploaded
Client 24 trained
Client 24 uploaded
Client 51 trained
Client 51 uploaded
Client 46 trained
Client 46 uploaded
Client 27 trained
Client 27 uploaded
Client 69 trained
Client 69 uploaded
Client 50 trained
Client 50 uploaded
Client 33 trained
Client 33 uploaded
Epoch(t): 344 accuracy: 83.99 loss 0.4358745576441288 run_time: 500.7570466995239
TiFL算法: 选择层 1，信用值剩余 0，选择概率 0.3333
Current clients: 20 , select: 10
| current_epoch 345 |. Begin client select
SchedulerThread schedule Tier [1], select(10 clients):
13 | 81 | 25 | 93 | 16 | 33 | 15 | 24 | 43 | 9 |
-----------------------------------------------------------------Schedule complete
Client 93 trained
Client 93 uploaded
Client 43 trained
Client 43 uploaded
Client 16 trained
Client 16 uploaded
Client 81 trained
Client 81 uploaded
Client 25 trained
Client 25 uploaded
Client 15 trained
Client 15 uploaded
Client 33 trained
Client 33 uploaded
Client 24 trained
Client 24 uploaded
Client 13 trained
Client 13 uploaded
Client 9 trained
Client 9 uploaded
Epoch(t): 345 accuracy: 79.92 loss 0.5330751743912697 run_time: 502.3212106227875
TiFL算法: 选择层 2，信用值剩余 0，选择概率 0.2222
Current clients: 20 , select: 10
| current_epoch 346 |. Begin client select
SchedulerThread schedule Tier [2], select(10 clients):
60 | 75 | 89 | 87 | 74 | 12 | 23 | 10 | 95 | 63 |
-----------------------------------------------------------------Schedule complete
Client 74 trained
Client 74 uploaded
Client 60 trained
Client 60 uploaded
Client 75 trained
Client 75 uploaded
Client 12 trained
Client 12 uploaded
Client 87 trained
Client 87 uploaded
Client 95 trained
Client 95 uploaded
Client 10 trained
Client 10 uploaded
Client 89 trained
Client 89 uploaded
Client 63 trained
Client 63 uploaded
Client 23 trained
Client 23 uploaded
Epoch(t): 346 accuracy: 83.72 loss 0.45106692001223564 run_time: 503.5117473602295
警告：无法找到有信用值的层，随机选择层0并重置所有信用值
TiFL算法: 选择层 0，信用值剩余 4，选择概率 0.0000
Current clients: 20 , select: 10
| current_epoch 347 |. Begin client select
SchedulerThread schedule Tier [0], select(10 clients):
1 | 34 | 2 | 94 | 83 | 59 | 54 | 22 | 90 | 99 |
-----------------------------------------------------------------Schedule complete
Client 83 trained
Client 83 uploaded
Client 1 trained
Client 1 uploaded
Client 94 trained
Client 94 uploaded
Client 90 trained
Client 90 uploaded
Client 59 trained
Client 59 uploaded
Client 99 trained
Client 99 uploaded
Client 2 trained
Client 2 uploaded
Client 54 trained
Client 54 uploaded
Client 22 trained
Client 22 uploaded
Client 34 trained
Client 34 uploaded
Epoch(t): 347 accuracy: 81.09 loss 0.5097977513074875 run_time: 505.0269093513489
TiFL算法: 选择层 4，信用值剩余 4，选择概率 0.4444
Current clients: 20 , select: 10
| current_epoch 348 |. Begin client select
SchedulerThread schedule Tier [4], select(10 clients):
64 | 48 | 73 | 47 | 3 | 45 | 80 | 28 | 52 | 61 |
-----------------------------------------------------------------Schedule complete
Client 80 trained
Client 80 uploaded
Client 48 trained
Client 48 uploaded
Client 73 trained
Client 73 uploaded
Client 47 trained
Client 47 uploaded
Client 28 trained
Client 28 uploaded
Client 61 trained
Client 61 uploaded
Client 52 trained
Client 52 uploaded
Client 3 trained
Client 3 uploaded
Client 64 trained
Client 64 uploaded
Client 45 trained
Client 45 uploaded
Epoch(t): 348 accuracy: 80.81 loss 0.5298283118009567 run_time: 505.98495864868164
TiFL算法: 选择层 4，信用值剩余 3，选择概率 0.4444
Current clients: 20 , select: 10
| current_epoch 349 |. Begin client select
SchedulerThread schedule Tier [4], select(10 clients):
64 | 71 | 26 | 3 | 40 | 56 | 79 | 41 | 52 | 19 |
-----------------------------------------------------------------Schedule complete
Client 71 trained
Client 71 uploaded
Client 41 trained
Client 41 uploaded
Client 52 trained
Client 52 uploaded
Client 26 trained
Client 26 uploaded
Client 79 trained
Client 79 uploaded
Client 64 trained
Client 64 uploaded
Client 40 trained
Client 40 uploaded
Client 19 trained
Client 19 uploaded
Client 3 trained
Client 3 uploaded
Client 56 trained
Client 56 uploaded
Epoch(t): 349 accuracy: 75.23 loss 0.7341948390007019 run_time: 507.3822886943817
TiFL算法: 选择层 4，信用值剩余 2，选择概率 0.4444
Current clients: 20 , select: 10
| current_epoch 350 |. Begin client select
SchedulerThread schedule Tier [4], select(10 clients):
72 | 3 | 42 | 52 | 41 | 40 | 61 | 19 | 73 | 71 |
-----------------------------------------------------------------Schedule complete
Client 72 trained
Client 72 uploaded
Client 41 trained
Client 41 uploaded
Client 73 trained
Client 73 uploaded
Client 71 trained
Client 71 uploaded
Client 52 trained
Client 52 uploaded
Client 40 trained
Client 40 uploaded
Client 3 trained
Client 3 uploaded
Client 61 trained
Client 61 uploaded
Client 42 trained
Client 42 uploaded
Client 19 trained
Client 19 uploaded
Epoch(t): 350 accuracy: 72.57 loss 0.724898308813572 run_time: 508.44301652908325
TiFL算法: 选择层 1，信用值剩余 4，选择概率 0.3333
Current clients: 20 , select: 10
| current_epoch 351 |. Begin client select
SchedulerThread schedule Tier [1], select(10 clients):
9 | 69 | 25 | 88 | 86 | 13 | 53 | 33 | 36 | 93 |
-----------------------------------------------------------------Schedule complete
Client 93 trained
Client 93 uploaded
Client 86 trained
Client 86 uploaded
Client 25 trained
Client 25 uploaded
Client 53 trained
Client 53 uploaded
Client 9 trained
Client 9 uploaded
Client 69 trained
Client 69 uploaded
Client 33 trained
Client 33 uploaded
Client 36 trained
Client 36 uploaded
Client 88 trained
Client 88 uploaded
Client 13 trained
Client 13 uploaded
Epoch(t): 351 accuracy: 82.04 loss 0.4825851848721504 run_time: 510.4929175376892
TiFL算法: 选择层 1，信用值剩余 3，选择概率 0.3333
Current clients: 20 , select: 10
| current_epoch 352 |. Begin client select
SchedulerThread schedule Tier [1], select(10 clients):
36 | 9 | 93 | 88 | 33 | 86 | 50 | 27 | 25 | 46 |
-----------------------------------------------------------------Schedule complete
Client 93 trained
Client 93 uploaded
Client 86 trained
Client 86 uploaded
Client 25 trained
Client 25 uploaded
Client 9 trained
Client 9 uploaded
Client 46 trained
Client 46 uploaded
Client 27 trained
Client 27 uploaded
Client 88 trained
Client 88 uploaded
Client 36 trained
Client 36 uploaded
Client 50 trained
Client 50 uploaded
Client 33 trained
Client 33 uploaded
Epoch(t): 352 accuracy: 81.96 loss 0.4988919462263584 run_time: 512.488308429718
TiFL算法: 选择层 4，信用值剩余 1，选择概率 0.4444
Current clients: 20 , select: 10
| current_epoch 353 |. Begin client select
SchedulerThread schedule Tier [4], select(10 clients):
42 | 47 | 28 | 3 | 45 | 56 | 40 | 71 | 80 | 72 |
-----------------------------------------------------------------Schedule complete
Client 72 trained
Client 72 uploaded
Client 80 trained
Client 80 uploaded
Client 71 trained
Client 71 uploaded
Client 47 trained
Client 47 uploaded
Client 42 trained
Client 42 uploaded
Client 28 trained
Client 28 uploaded
Client 45 trained
Client 45 uploaded
Client 40 trained
Client 40 uploaded
Client 3 trained
Client 3 uploaded
Client 56 trained
Client 56 uploaded
Epoch(t): 353 accuracy: 78.34 loss 0.6130641481280327 run_time: 513.8533174991608
TiFL算法: 选择层 4，信用值剩余 0，选择概率 0.4444
Current clients: 20 , select: 10
| current_epoch 354 |. Begin client select
SchedulerThread schedule Tier [4], select(10 clients):
41 | 28 | 56 | 80 | 61 | 42 | 40 | 3 | 49 | 26 |
-----------------------------------------------------------------Schedule complete
Client 41 trained
Client 41 uploaded
Client 80 trained
Client 80 uploaded
Client 26 trained
Client 26 uploaded
Client 28 trained
Client 28 uploaded
Client 42 trained
Client 42 uploaded
Client 61 trained
Client 61 uploaded
Client 40 trained
Client 40 uploaded
Client 3 trained
Client 3 uploaded
Client 49 trained
Client 49 uploaded
Client 56 trained
Client 56 uploaded
Epoch(t): 354 accuracy: 78.27 loss 0.6299445822834968 run_time: 515.2580552101135
TiFL算法: 选择层 2，信用值剩余 4，选择概率 0.2222
Current clients: 20 , select: 10
| current_epoch 355 |. Begin client select
SchedulerThread schedule Tier [2], select(10 clients):
21 | 63 | 38 | 55 | 74 | 89 | 18 | 4 | 60 | 20 |
-----------------------------------------------------------------Schedule complete
Client 21 trained
Client 21 uploaded
Client 4 trained
Client 4 uploaded
Client 74 trained
Client 74 uploaded
Client 60 trained
Client 60 uploaded
Client 38 trained
Client 38 uploaded
Client 89 trained
Client 89 uploaded
Client 63 trained
Client 63 uploaded
Client 20 trained
Client 20 uploaded
Client 18 trained
Client 18 uploaded
Client 55 trained
Client 55 uploaded
Epoch(t): 355 accuracy: 82.76 loss 0.45385667473077773 run_time: 516.4384396076202
TiFL算法: 选择层 1，信用值剩余 2，选择概率 0.3333
Current clients: 20 , select: 10
| current_epoch 356 |. Begin client select
SchedulerThread schedule Tier [1], select(10 clients):
51 | 93 | 27 | 88 | 9 | 82 | 43 | 25 | 36 | 16 |
-----------------------------------------------------------------Schedule complete
Client 93 trained
Client 93 uploaded
Client 43 trained
Client 43 uploaded
Client 16 trained
Client 16 uploaded
Client 25 trained
Client 25 uploaded
Client 88 trained
Client 88 uploaded
Client 9 trained
Client 9 uploaded
Client 27 trained
Client 27 uploaded
Client 36 trained
Client 36 uploaded
Client 51 trained
Client 51 uploaded
Client 82 trained
Client 82 uploaded
Epoch(t): 356 accuracy: 83.75 loss 0.4649558064341545 run_time: 518.4897012710571
TiFL算法: 选择层 1，信用值剩余 1，选择概率 0.3333
Current clients: 20 , select: 10
| current_epoch 357 |. Begin client select
SchedulerThread schedule Tier [1], select(10 clients):
43 | 53 | 16 | 46 | 33 | 82 | 93 | 9 | 88 | 50 |
-----------------------------------------------------------------Schedule complete
Client 93 trained
Client 93 uploaded
Client 43 trained
Client 43 uploaded
Client 53 trained
Client 53 uploaded
Client 16 trained
Client 16 uploaded
Client 9 trained
Client 9 uploaded
Client 46 trained
Client 46 uploaded
Client 88 trained
Client 88 uploaded
Client 82 trained
Client 82 uploaded
Client 33 trained
Client 33 uploaded
Client 50 trained
Client 50 uploaded
Epoch(t): 357 accuracy: 80.64 loss 0.5435272935032844 run_time: 520.4821724891663
TiFL算法: 选择层 2，信用值剩余 3，选择概率 0.2222
Current clients: 20 , select: 10
| current_epoch 358 |. Begin client select
SchedulerThread schedule Tier [2], select(10 clients):
38 | 7 | 63 | 84 | 23 | 87 | 60 | 20 | 21 | 74 |
-----------------------------------------------------------------Schedule complete
Client 21 trained
Client 21 uploaded
Client 7 trained
Client 7 uploaded
Client 74 trained
Client 74 uploaded
Client 23 trained
Client 23 uploaded
Client 63 trained
Client 63 uploaded
Client 87 trained
Client 87 uploaded
Client 84 trained
Client 84 uploaded
Client 38 trained
Client 38 uploaded
Client 20 trained
Client 20 uploaded
Client 60 trained
Client 60 uploaded
Epoch(t): 358 accuracy: 77.69 loss 0.5796420884132385 run_time: 521.4708232879639
TiFL算法: 选择层 1，信用值剩余 0，选择概率 0.3333
Current clients: 20 , select: 10
| current_epoch 359 |. Begin client select
SchedulerThread schedule Tier [1], select(10 clients):
27 | 13 | 82 | 24 | 81 | 9 | 50 | 36 | 53 | 25 |
-----------------------------------------------------------------Schedule complete
Client 24 trained
Client 24 uploaded
Client 53 trained
Client 53 uploaded
Client 9 trained
Client 9 uploaded
Client 82 trained
Client 82 uploaded
Client 27 trained
Client 27 uploaded
Client 25 trained
Client 25 uploaded
Client 36 trained
Client 36 uploaded
Client 81 trained
Client 81 uploaded
Client 13 trained
Client 13 uploaded
Client 50 trained
Client 50 uploaded
Epoch(t): 359 accuracy: 82.84 loss 0.46809264093637465 run_time: 522.8685207366943
TiFL算法: 选择层 2，信用值剩余 2，选择概率 0.2222
Current clients: 20 , select: 10
| current_epoch 360 |. Begin client select
SchedulerThread schedule Tier [2], select(10 clients):
7 | 68 | 12 | 60 | 55 | 89 | 75 | 84 | 4 | 63 |
-----------------------------------------------------------------Schedule complete
Client 7 trained
Client 7 uploaded
Client 60 trained
Client 60 uploaded
Client 75 trained
Client 75 uploaded
Client 68 trained
Client 68 uploaded
Client 12 trained
Client 12 uploaded
Client 89 trained
Client 89 uploaded
Client 84 trained
Client 84 uploaded
Client 63 trained
Client 63 uploaded
Client 4 trained
Client 4 uploaded
Client 55 trained
Client 55 uploaded
Epoch(t): 360 accuracy: 83.38 loss 0.4505505183339119 run_time: 524.0549614429474
TiFL算法: 选择层 2，信用值剩余 1，选择概率 0.2222
Current clients: 20 , select: 10
| current_epoch 361 |. Begin client select
SchedulerThread schedule Tier [2], select(10 clients):
60 | 55 | 95 | 74 | 18 | 84 | 63 | 21 | 75 | 31 |
-----------------------------------------------------------------Schedule complete
Client 21 trained
Client 21 uploaded
Client 74 trained
Client 74 uploaded
Client 18 trained
Client 18 uploaded
Client 75 trained
Client 75 uploaded
Client 60 trained
Client 60 uploaded
Client 55 trained
Client 55 uploaded
Client 31 trained
Client 31 uploaded
Client 63 trained
Client 63 uploaded
Client 84 trained
Client 84 uploaded
Client 95 trained
Client 95 uploaded
Epoch(t): 361 accuracy: 83.16 loss 0.4473739320039749 run_time: 525.0864841938019
TiFL算法: 选择层 2，信用值剩余 0，选择概率 0.2222
Current clients: 20 , select: 10
| current_epoch 362 |. Begin client select
SchedulerThread schedule Tier [2], select(10 clients):
74 | 31 | 10 | 20 | 12 | 23 | 63 | 21 | 18 | 68 |
-----------------------------------------------------------------Schedule complete
Client 74 trained
Client 74 uploaded
Client 21 trained
Client 21 uploaded
Client 20 trained
Client 20 uploaded
Client 12 trained
Client 12 uploaded
Client 68 trained
Client 68 uploaded
Client 18 trained
Client 18 uploaded
Client 31 trained
Client 31 uploaded
Client 63 trained
Client 63 uploaded
Client 10 trained
Client 10 uploaded
Client 23 trained
Client 23 uploaded
Epoch(t): 362 accuracy: 84.28 loss 0.427752847969532 run_time: 526.1252536773682
警告：无法找到有信用值的层，随机选择层3并重置所有信用值
TiFL算法: 选择层 3，信用值剩余 4，选择概率 0.0000
Current clients: 20 , select: 10
| current_epoch 363 |. Begin client select
SchedulerThread schedule Tier [3], select(10 clients):
78 | 65 | 77 | 58 | 17 | 70 | 29 | 30 | 11 | 57 |
-----------------------------------------------------------------Schedule complete
Client 29 trained
Client 29 uploaded
Client 78 trained
Client 78 uploaded
Client 30 trained
Client 30 uploaded
Client 70 trained
Client 70 uploaded
Client 65 trained
Client 65 uploaded
Client 57 trained
Client 57 uploaded
Client 77 trained
Client 77 uploaded
Client 11 trained
Client 11 uploaded
Client 17 trained
Client 17 uploaded
Client 58 trained
Client 58 uploaded
Epoch(t): 363 accuracy: 80.61 loss 0.5411308011412621 run_time: 527.6597275733948
TiFL算法: 选择层 4，信用值剩余 4，选择概率 0.4444
Current clients: 20 , select: 10
| current_epoch 364 |. Begin client select
SchedulerThread schedule Tier [4], select(10 clients):
41 | 3 | 52 | 28 | 73 | 71 | 42 | 79 | 80 | 40 |
-----------------------------------------------------------------Schedule complete
Client 71 trained
Client 71 uploaded
Client 41 trained
Client 41 uploaded
Client 80 trained
Client 80 uploaded
Client 73 trained
Client 73 uploaded
Client 52 trained
Client 52 uploaded
Client 3 trained
Client 3 uploaded
Client 40 trained
Client 40 uploaded
Client 28 trained
Client 28 uploaded
Client 79 trained
Client 79 uploaded
Client 42 trained
Client 42 uploaded
Epoch(t): 364 accuracy: 76.72 loss 0.6245903739333153 run_time: 528.7205889225006
TiFL算法: 选择层 1，信用值剩余 4，选择概率 0.3333
Current clients: 20 , select: 10
| current_epoch 365 |. Begin client select
SchedulerThread schedule Tier [1], select(10 clients):
46 | 50 | 43 | 88 | 53 | 81 | 82 | 9 | 15 | 27 |
-----------------------------------------------------------------Schedule complete
Client 53 trained
Client 53 uploaded
Client 43 trained
Client 43 uploaded
Client 9 trained
Client 9 uploaded
Client 46 trained
Client 46 uploaded
Client 82 trained
Client 82 uploaded
Client 27 trained
Client 27 uploaded
Client 15 trained
Client 15 uploaded
Client 50 trained
Client 50 uploaded
Client 81 trained
Client 81 uploaded
Client 88 trained
Client 88 uploaded
Epoch(t): 365 accuracy: 81.28 loss 0.5222031405568123 run_time: 530.5863358974457
TiFL算法: 选择层 1，信用值剩余 3，选择概率 0.3333
Current clients: 20 , select: 10
| current_epoch 366 |. Begin client select
SchedulerThread schedule Tier [1], select(10 clients):
16 | 82 | 36 | 53 | 13 | 69 | 51 | 27 | 24 | 50 |
-----------------------------------------------------------------Schedule complete
Client 24 trained
Client 24 uploaded
Client 53 trained
Client 53 uploaded
Client 51 trained
Client 51 uploaded
Client 16 trained
Client 16 uploaded
Client 69 trained
Client 69 uploaded
Client 82 trained
Client 82 uploaded
Client 50 trained
Client 50 uploaded
Client 13 trained
Client 13 uploaded
Client 36 trained
Client 36 uploaded
Client 27 trained
Client 27 uploaded
Epoch(t): 366 accuracy: 83.4 loss 0.45969000428915024 run_time: 532.1733193397522
TiFL算法: 选择层 1，信用值剩余 2，选择概率 0.3333
Current clients: 20 , select: 10
| current_epoch 367 |. Begin client select
SchedulerThread schedule Tier [1], select(10 clients):
88 | 69 | 9 | 82 | 81 | 86 | 15 | 50 | 36 | 51 |
-----------------------------------------------------------------Schedule complete
Client 9 trained
Client 9 uploaded
Client 86 trained
Client 86 uploaded
Client 51 trained
Client 51 uploaded
Client 69 trained
Client 69 uploaded
Client 82 trained
Client 82 uploaded
Client 36 trained
Client 36 uploaded
Client 50 trained
Client 50 uploaded
Client 15 trained
Client 15 uploaded
Client 81 trained
Client 81 uploaded
Client 88 trained
Client 88 uploaded
Epoch(t): 367 accuracy: 82.2 loss 0.4903393003344536 run_time: 534.0931804180145
TiFL算法: 选择层 1，信用值剩余 1，选择概率 0.3333
Current clients: 20 , select: 10
| current_epoch 368 |. Begin client select
SchedulerThread schedule Tier [1], select(10 clients):
15 | 82 | 24 | 46 | 36 | 43 | 50 | 81 | 13 | 16 |
-----------------------------------------------------------------Schedule complete
Client 24 trained
Client 24 uploaded
Client 46 trained
Client 46 uploaded
Client 43 trained
Client 43 uploaded
Client 16 trained
Client 16 uploaded
Client 82 trained
Client 82 uploaded
Client 36 trained
Client 36 uploaded
Client 50 trained
Client 50 uploaded
Client 81 trained
Client 81 uploaded
Client 15 trained
Client 15 uploaded
Client 13 trained
Client 13 uploaded
Epoch(t): 368 accuracy: 81.05 loss 0.5137520501017571 run_time: 535.5515720844269
TiFL算法: 选择层 4，信用值剩余 3，选择概率 0.4444
Current clients: 20 , select: 10
| current_epoch 369 |. Begin client select
SchedulerThread schedule Tier [4], select(10 clients):
40 | 80 | 79 | 71 | 73 | 45 | 56 | 52 | 49 | 64 |
-----------------------------------------------------------------Schedule complete
Client 80 trained
Client 80 uploaded
Client 71 trained
Client 71 uploaded
Client 73 trained
Client 73 uploaded
Client 49 trained
Client 49 uploaded
Client 64 trained
Client 64 uploaded
Client 79 trained
Client 79 uploaded
Client 52 trained
Client 52 uploaded
Client 40 trained
Client 40 uploaded
Client 45 trained
Client 45 uploaded
Client 56 trained
Client 56 uploaded
Epoch(t): 369 accuracy: 73.51 loss 0.8297793182730675 run_time: 536.8545730113983
TiFL算法: 选择层 1，信用值剩余 0，选择概率 0.3333
Current clients: 20 , select: 10
| current_epoch 370 |. Begin client select
SchedulerThread schedule Tier [1], select(10 clients):
81 | 50 | 24 | 36 | 9 | 25 | 15 | 53 | 33 | 93 |
-----------------------------------------------------------------Schedule complete
Client 93 trained
Client 93 uploaded
Client 25 trained
Client 25 uploaded
Client 53 trained
Client 53 uploaded
Client 9 trained
Client 9 uploaded
Client 24 trained
Client 24 uploaded
Client 50 trained
Client 50 uploaded
Client 33 trained
Client 33 uploaded
Client 36 trained
Client 36 uploaded
Client 81 trained
Client 81 uploaded
Client 15 trained
Client 15 uploaded
Epoch(t): 370 accuracy: 83.82 loss 0.44695766031742096 run_time: 538.4102499485016
TiFL算法: 选择层 4，信用值剩余 2，选择概率 0.4444
Current clients: 20 , select: 10
| current_epoch 371 |. Begin client select
SchedulerThread schedule Tier [4], select(10 clients):
72 | 52 | 41 | 45 | 73 | 80 | 19 | 42 | 28 | 3 |
-----------------------------------------------------------------Schedule complete
Client 73 trained
Client 73 uploaded
Client 41 trained
Client 41 uploaded
Client 80 trained
Client 80 uploaded
Client 72 trained
Client 72 uploaded
Client 52 trained
Client 52 uploaded
Client 28 trained
Client 28 uploaded
Client 45 trained
Client 45 uploaded
Client 3 trained
Client 3 uploaded
Client 42 trained
Client 42 uploaded
Client 19 trained
Client 19 uploaded
Epoch(t): 371 accuracy: 79.78 loss 0.5596447703242302 run_time: 539.5169062614441
TiFL算法: 选择层 2，信用值剩余 4，选择概率 0.2222
Current clients: 20 , select: 10
| current_epoch 372 |. Begin client select
SchedulerThread schedule Tier [2], select(10 clients):
68 | 20 | 7 | 87 | 21 | 4 | 18 | 23 | 74 | 38 |
-----------------------------------------------------------------Schedule complete
Client 7 trained
Client 7 uploaded
Client 74 trained
Client 21 trained
Client 74 uploaded
Client 21 uploaded
Client 20 trained
Client 20 uploaded
Client 38 trained
Client 38 uploaded
Client 87 trained
Client 87 uploaded
Client 68 trained
Client 68 uploaded
Client 4 trained
Client 4 uploaded
Client 23 trained
Client 23 uploaded
Client 18 trained
Client 18 uploaded
Epoch(t): 372 accuracy: 76.35 loss 0.5956602853536606 run_time: 540.5838499069214
TiFL算法: 选择层 4，信用值剩余 1，选择概率 0.4444
Current clients: 20 , select: 10
| current_epoch 373 |. Begin client select
SchedulerThread schedule Tier [4], select(10 clients):
79 | 41 | 73 | 3 | 71 | 80 | 19 | 72 | 42 | 28 |
-----------------------------------------------------------------Schedule complete
Client 41 trained
Client 41 uploaded
Client 80 trained
Client 80 uploaded
Client 72 trained
Client 72 uploaded
Client 73 trained
Client 73 uploaded
Client 71 trained
Client 71 uploaded
Client 3 trained
Client 3 uploaded
Client 42 trained
Client 42 uploaded
Client 19 trained
Client 19 uploaded
Client 79 trained
Client 79 uploaded
Client 28 trained
Client 28 uploaded
Epoch(t): 373 accuracy: 80.02 loss 0.5415741014480591 run_time: 541.618588924408
TiFL算法: 选择层 4，信用值剩余 0，选择概率 0.4444
Current clients: 20 , select: 10
| current_epoch 374 |. Begin client select
SchedulerThread schedule Tier [4], select(10 clients):
45 | 42 | 26 | 61 | 19 | 79 | 71 | 41 | 3 | 49 |
-----------------------------------------------------------------Schedule complete
Client 41 trained
Client 41 uploaded
Client 71 trained
Client 71 uploaded
Client 42 trained
Client 42 uploaded
Client 19 trained
Client 19 uploaded
Client 26 trained
Client 26 uploaded
Client 61 trained
Client 61 uploaded
Client 3 trained
Client 3 uploaded
Client 79 trained
Client 79 uploaded
Client 49 trained
Client 49 uploaded
Client 45 trained
Client 45 uploaded
Epoch(t): 374 accuracy: 80.43 loss 0.538071657717228 run_time: 542.8122956752777
TiFL算法: 选择层 2，信用值剩余 3，选择概率 0.2222
Current clients: 20 , select: 10
| current_epoch 375 |. Begin client select
SchedulerThread schedule Tier [2], select(10 clients):
68 | 75 | 21 | 60 | 4 | 89 | 87 | 74 | 12 | 7 |
-----------------------------------------------------------------Schedule complete
Client 74 trained
Client 74 uploaded
Client 21 trained
Client 21 uploaded
Client 7 trained
Client 7 uploaded
Client 60 trained
Client 60 uploaded
Client 75 trained
Client 75 uploaded
Client 89 trained
Client 89 uploaded
Client 68 trained
Client 68 uploaded
Client 4 trained
Client 4 uploaded
Client 12 trained
Client 12 uploaded
Client 87 trained
Client 87 uploaded
Epoch(t): 375 accuracy: 83.43 loss 0.451863699555397 run_time: 543.998982667923
TiFL算法: 选择层 2，信用值剩余 2，选择概率 0.2222
Current clients: 20 , select: 10
| current_epoch 376 |. Begin client select
SchedulerThread schedule Tier [2], select(10 clients):
10 | 55 | 12 | 89 | 18 | 4 | 21 | 38 | 74 | 23 |
-----------------------------------------------------------------Schedule complete
Client 21 trained
Client 21 uploaded
Client 74 trained
Client 74 uploaded
Client 12 trained
Client 12 uploaded
Client 38 trained
Client 38 uploaded
Client 18 trained
Client 18 uploaded
Client 10 trained
Client 10 uploaded
Client 55 trained
Client 55 uploaded
Client 23 trained
Client 23 uploaded
Client 4 trained
Client 4 uploaded
Client 89 trained
Client 89 uploaded
Epoch(t): 376 accuracy: 81.87 loss 0.5064658933877945 run_time: 545.2086398601532
TiFL算法: 选择层 2，信用值剩余 1，选择概率 0.2222
Current clients: 20 , select: 10
| current_epoch 377 |. Begin client select
SchedulerThread schedule Tier [2], select(10 clients):
21 | 20 | 95 | 18 | 68 | 31 | 38 | 10 | 63 | 4 |
-----------------------------------------------------------------Schedule complete
Client 21 trained
Client 21 uploaded
Client 20 trained
Client 20 uploaded
Client 38 trained
Client 38 uploaded
Client 18 trained
Client 18 uploaded
Client 31 trained
Client 31 uploaded
Client 68 trained
Client 68 uploaded
Client 63 trained
Client 63 uploaded
Client 95 trained
Client 95 uploaded
Client 4 trained
Client 4 uploaded
Client 10 trained
Client 10 uploaded
Epoch(t): 377 accuracy: 81.17 loss 0.4937941524386406 run_time: 546.2889132499695
TiFL算法: 选择层 2，信用值剩余 0，选择概率 0.2222
Current clients: 20 , select: 10
| current_epoch 378 |. Begin client select
SchedulerThread schedule Tier [2], select(10 clients):
60 | 74 | 20 | 7 | 89 | 21 | 10 | 55 | 75 | 12 |
-----------------------------------------------------------------Schedule complete
Client 7 trained
Client 7 uploaded
Client 74 trained
Client 74 uploaded
Client 21 trained
Client 21 uploaded
Client 60 trained
Client 60 uploaded
Client 89 trained
Client 89 uploaded
Client 75 trained
Client 75 uploaded
Client 20 trained
Client 20 uploaded
Client 12 trained
Client 12 uploaded
Client 10 trained
Client 10 uploaded
Client 55 trained
Client 55 uploaded
Epoch(t): 378 accuracy: 85.7 loss 0.4105834475159645 run_time: 547.4820096492767
警告：无法找到有信用值的层，随机选择层4并重置所有信用值
TiFL算法: 选择层 4，信用值剩余 4，选择概率 0.4444
Current clients: 20 , select: 10
| current_epoch 379 |. Begin client select
SchedulerThread schedule Tier [4], select(10 clients):
71 | 26 | 47 | 49 | 19 | 28 | 40 | 52 | 61 | 73 |
-----------------------------------------------------------------Schedule complete
Client 71 trained
Client 71 uploaded
Client 73 trained
Client 73 uploaded
Client 47 trained
Client 47 uploaded
Client 26 trained
Client 26 uploaded
Client 28 trained
Client 28 uploaded
Client 19 trained
Client 19 uploaded
Client 40 trained
Client 40 uploaded
Client 52 trained
Client 52 uploaded
Client 49 trained
Client 49 uploaded
Client 61 trained
Client 61 uploaded
Epoch(t): 379 accuracy: 85.1 loss 0.407155844271183 run_time: 548.6519644260406
TiFL算法: 选择层 2，信用值剩余 4，选择概率 0.2222
Current clients: 20 , select: 10
| current_epoch 380 |. Begin client select
SchedulerThread schedule Tier [2], select(10 clients):
23 | 89 | 84 | 7 | 55 | 87 | 10 | 63 | 31 | 20 |
-----------------------------------------------------------------Schedule complete
Client 7 trained
Client 7 uploaded
Client 87 trained
Client 87 uploaded
Client 20 trained
Client 20 uploaded
Client 55 trained
Client 55 uploaded
Client 31 trained
Client 31 uploaded
Client 10 trained
Client 10 uploaded
Client 23 trained
Client 23 uploaded
Client 84 trained
Client 84 uploaded
Client 63 trained
Client 63 uploaded
Client 89 trained
Client 89 uploaded
Epoch(t): 380 accuracy: 84.23 loss 0.5026957932114601 run_time: 549.7520754337311
TiFL算法: 选择层 1，信用值剩余 4，选择概率 0.3333
Current clients: 20 , select: 10
| current_epoch 381 |. Begin client select
SchedulerThread schedule Tier [1], select(10 clients):
36 | 86 | 50 | 53 | 27 | 9 | 43 | 13 | 51 | 69 |
-----------------------------------------------------------------Schedule complete
Client 53 trained
Client 53 uploaded
Client 43 trained
Client 43 uploaded
Client 86 trained
Client 86 uploaded
Client 9 trained
Client 9 uploaded
Client 51 trained
Client 51 uploaded
Client 69 trained
Client 69 uploaded
Client 36 trained
Client 36 uploaded
Client 50 trained
Client 50 uploaded
Client 13 trained
Client 13 uploaded
Client 27 trained
Client 27 uploaded
Epoch(t): 381 accuracy: 81.24 loss 0.4842991045117378 run_time: 551.4227414131165
TiFL算法: 选择层 4，信用值剩余 3，选择概率 0.4444
Current clients: 20 , select: 10
| current_epoch 382 |. Begin client select
SchedulerThread schedule Tier [4], select(10 clients):
45 | 71 | 56 | 19 | 64 | 40 | 41 | 3 | 42 | 52 |
-----------------------------------------------------------------Schedule complete
Client 71 trained
Client 71 uploaded
Client 41 trained
Client 41 uploaded
Client 64 trained
Client 64 uploaded
Client 19 trained
Client 19 uploaded
Client 45 trained
Client 45 uploaded
Client 40 trained
Client 40 uploaded
Client 52 trained
Client 52 uploaded
Client 42 trained
Client 42 uploaded
Client 3 trained
Client 3 uploaded
Client 56 trained
Client 56 uploaded
Epoch(t): 382 accuracy: 79.86 loss 0.5681160709261894 run_time: 552.7795939445496
TiFL算法: 选择层 4，信用值剩余 2，选择概率 0.4444
Current clients: 20 , select: 10
| current_epoch 383 |. Begin client select
SchedulerThread schedule Tier [4], select(10 clients):
61 | 64 | 40 | 49 | 48 | 19 | 80 | 41 | 52 | 45 |
-----------------------------------------------------------------Schedule complete
Client 41 trained
Client 41 uploaded
Client 80 trained
Client 80 uploaded
Client 48 trained
Client 48 uploaded
Client 61 trained
Client 61 uploaded
Client 49 trained
Client 49 uploaded
Client 64 trained
Client 64 uploaded
Client 40 trained
Client 40 uploaded
Client 45 trained
Client 45 uploaded
Client 52 trained
Client 52 uploaded
Client 19 trained
Client 19 uploaded
Epoch(t): 383 accuracy: 82.44 loss 0.49236476212739944 run_time: 553.7602429389954
TiFL算法: 选择层 1，信用值剩余 3，选择概率 0.3333
Current clients: 20 , select: 10
| current_epoch 384 |. Begin client select
SchedulerThread schedule Tier [1], select(10 clients):
53 | 25 | 81 | 51 | 46 | 9 | 24 | 69 | 13 | 82 |
-----------------------------------------------------------------Schedule complete
Client 53 trained
Client 53 uploaded
Client 9 trained
Client 9 uploaded
Client 25 trained
Client 25 uploaded
Client 24 trained
Client 24 uploaded
Client 51 trained
Client 51 uploaded
Client 46 trained
Client 46 uploaded
Client 81 trained
Client 81 uploaded
Client 13 trained
Client 13 uploaded
Client 69 trained
Client 69 uploaded
Client 82 trained
Client 82 uploaded
Epoch(t): 384 accuracy: 84.04 loss 0.45975599870085715 run_time: 555.364010810852
TiFL算法: 选择层 1，信用值剩余 2，选择概率 0.3333
Current clients: 20 , select: 10
| current_epoch 385 |. Begin client select
SchedulerThread schedule Tier [1], select(10 clients):
9 | 16 | 50 | 25 | 88 | 24 | 93 | 13 | 86 | 36 |
-----------------------------------------------------------------Schedule complete
Client 86 trained
Client 86 uploaded
Client 16 trained
Client 16 uploaded
Client 93 trained
Client 93 uploaded
Client 88 trained
Client 88 uploaded
Client 9 trained
Client 9 uploaded
Client 25 trained
Client 25 uploaded
Client 24 trained
Client 24 uploaded
Client 36 trained
Client 36 uploaded
Client 13 trained
Client 13 uploaded
Client 50 trained
Client 50 uploaded
Epoch(t): 385 accuracy: 82.44 loss 0.4888283056020737 run_time: 557.5345547199249
TiFL算法: 选择层 1，信用值剩余 1，选择概率 0.3333
Current clients: 20 , select: 10
| current_epoch 386 |. Begin client select
SchedulerThread schedule Tier [1], select(10 clients):
93 | 13 | 33 | 27 | 69 | 9 | 88 | 82 | 46 | 86 |
-----------------------------------------------------------------Schedule complete
Client 93 trained
Client 93 uploaded
Client 86 trained
Client 86 uploaded
Client 9 trained
Client 9 uploaded
Client 46 trained
Client 46 uploaded
Client 69 trained
Client 69 uploaded
Client 82 trained
Client 82 uploaded
Client 27 trained
Client 27 uploaded
Client 13 trained
Client 13 uploaded
Client 88 trained
Client 88 uploaded
Client 33 trained
Client 33 uploaded
Epoch(t): 386 accuracy: 84.07 loss 0.4389575040340424 run_time: 559.3953855037689
TiFL算法: 选择层 4，信用值剩余 1，选择概率 0.4444
Current clients: 20 , select: 10
| current_epoch 387 |. Begin client select
SchedulerThread schedule Tier [4], select(10 clients):
42 | 61 | 71 | 49 | 56 | 52 | 64 | 40 | 3 | 79 |
-----------------------------------------------------------------Schedule complete
Client 71 trained
Client 71 uploaded
Client 42 trained
Client 42 uploaded
Client 49 trained
Client 49 uploaded
Client 79 trained
Client 79 uploaded
Client 52 trained
Client 52 uploaded
Client 40 trained
Client 40 uploaded
Client 61 trained
Client 61 uploaded
Client 3 trained
Client 3 uploaded
Client 64 trained
Client 64 uploaded
Client 56 trained
Client 56 uploaded
Epoch(t): 387 accuracy: 79.75 loss 0.5837391293048859 run_time: 560.7955079078674
TiFL算法: 选择层 4，信用值剩余 0，选择概率 0.4444
Current clients: 20 , select: 10
| current_epoch 388 |. Begin client select
SchedulerThread schedule Tier [4], select(10 clients):
40 | 48 | 73 | 49 | 19 | 56 | 45 | 79 | 42 | 61 |
-----------------------------------------------------------------Schedule complete
Client 48 trained
Client 48 uploaded
Client 73 trained
Client 73 uploaded
Client 42 trained
Client 42 uploaded
Client 19 trained
Client 19 uploaded
Client 79 trained
Client 79 uploaded
Client 49 trained
Client 49 uploaded
Client 61 trained
Client 61 uploaded
Client 45 trained
Client 45 uploaded
Client 40 trained
Client 40 uploaded
Client 56 trained
Client 56 uploaded
Epoch(t): 388 accuracy: 81.6 loss 0.5263462966680527 run_time: 562.2252268791199
TiFL算法: 选择层 2，信用值剩余 3，选择概率 0.2222
Current clients: 20 , select: 10
| current_epoch 389 |. Begin client select
SchedulerThread schedule Tier [2], select(10 clients):
75 | 31 | 55 | 63 | 89 | 87 | 10 | 7 | 23 | 84 |
-----------------------------------------------------------------Schedule complete
Client 7 trained
Client 7 uploaded
Client 87 trained
Client 87 uploaded
Client 75 trained
Client 75 uploaded
Client 55 trained
Client 55 uploaded
Client 10 trained
Client 10 uploaded
Client 31 trained
Client 31 uploaded
Client 23 trained
Client 23 uploaded
Client 84 trained
Client 84 uploaded
Client 63 trained
Client 63 uploaded
Client 89 trained
Client 89 uploaded
Epoch(t): 389 accuracy: 83.56 loss 0.5478180527687073 run_time: 563.3626728057861
TiFL算法: 选择层 1，信用值剩余 0，选择概率 0.3333
Current clients: 20 , select: 10
| current_epoch 390 |. Begin client select
SchedulerThread schedule Tier [1], select(10 clients):
93 | 16 | 9 | 13 | 46 | 53 | 25 | 88 | 69 | 33 |
-----------------------------------------------------------------Schedule complete
Client 93 trained
Client 93 uploaded
Client 16 trained
Client 16 uploaded
Client 25 trained
Client 25 uploaded
Client 53 trained
Client 53 uploaded
Client 88 trained
Client 88 uploaded
Client 46 trained
Client 46 uploaded
Client 9 trained
Client 9 uploaded
Client 13 trained
Client 13 uploaded
Client 69 trained
Client 69 uploaded
Client 33 trained
Client 33 uploaded
Epoch(t): 390 accuracy: 80.12 loss 0.5960206785798072 run_time: 565.4086389541626
TiFL算法: 选择层 2，信用值剩余 2，选择概率 0.2222
Current clients: 20 , select: 10
| current_epoch 391 |. Begin client select
SchedulerThread schedule Tier [2], select(10 clients):
87 | 7 | 21 | 63 | 74 | 89 | 68 | 55 | 38 | 18 |
-----------------------------------------------------------------Schedule complete
Client 74 trained
Client 74 uploaded
Client 21 trained
Client 21 uploaded
Client 7 trained
Client 7 uploaded
Client 87 trained
Client 87 uploaded
Client 38 trained
Client 38 uploaded
Client 68 trained
Client 68 uploaded
Client 63 trained
Client 63 uploaded
Client 89 trained
Client 89 uploaded
Client 55 trained
Client 55 uploaded
Client 18 trained
Client 18 uploaded
Epoch(t): 391 accuracy: 80.8 loss 0.5051734212040901 run_time: 566.5256769657135
TiFL算法: 选择层 2，信用值剩余 1，选择概率 0.2222
Current clients: 20 , select: 10
| current_epoch 392 |. Begin client select
SchedulerThread schedule Tier [2], select(10 clients):
75 | 18 | 89 | 20 | 7 | 21 | 68 | 23 | 55 | 12 |
-----------------------------------------------------------------Schedule complete
Client 21 trained
Client 21 uploaded
Client 7 trained
Client 7 uploaded
Client 75 trained
Client 75 uploaded
Client 20 trained
Client 20 uploaded
Client 18 trained
Client 18 uploaded
Client 12 trained
Client 12 uploaded
Client 68 trained
Client 68 uploaded
Client 23 trained
Client 23 uploaded
Client 89 trained
Client 89 uploaded
Client 55 trained
Client 55 uploaded
Epoch(t): 392 accuracy: 84.32 loss 0.4317780601978302 run_time: 567.7030098438263
TiFL算法: 选择层 2，信用值剩余 0，选择概率 0.2222
Current clients: 20 , select: 10
| current_epoch 393 |. Begin client select
SchedulerThread schedule Tier [2], select(10 clients):
55 | 75 | 4 | 87 | 23 | 95 | 74 | 38 | 60 | 89 |
-----------------------------------------------------------------Schedule complete
Client 74 trained
Client 74 uploaded
Client 60 trained
Client 60 uploaded
Client 38 trained
Client 38 uploaded
Client 89 trained
Client 89 uploaded
Client 87 trained
Client 87 uploaded
Client 75 trained
Client 75 uploaded
Client 55 trained
Client 55 uploaded
Client 4 trained
Client 4 uploaded
Client 95 trained
Client 95 uploaded
Client 23 trained
Client 23 uploaded
Epoch(t): 393 accuracy: 82.63 loss 0.47268234074115756 run_time: 568.8700885772705
警告：无法找到有信用值的层，随机选择层0并重置所有信用值
TiFL算法: 选择层 0，信用值剩余 4，选择概率 0.0000
Current clients: 20 , select: 10
| current_epoch 394 |. Begin client select
SchedulerThread schedule Tier [0], select(10 clients):
99 | 44 | 34 | 97 | 85 | 5 | 1 | 2 | 94 | 54 |
-----------------------------------------------------------------Schedule complete
Client 1 trained
Client 1 uploaded
Client 94 trained
Client 94 uploaded
Client 99 trained
Client 99 uploaded
Client 5 trained
Client 5 uploaded
Client 97 trained
Client 97 uploaded
Client 85 trained
Client 85 uploaded
Client 54 trained
Client 54 uploaded
Client 2 trained
Client 2 uploaded
Client 44 trained
Client 44 uploaded
Client 34 trained
Client 34 uploaded
Epoch(t): 394 accuracy: 82.49 loss 0.4880316692590714 run_time: 570.5995149612427
TiFL算法: 选择层 4，信用值剩余 4，选择概率 0.4444
Current clients: 20 , select: 10
| current_epoch 395 |. Begin client select
SchedulerThread schedule Tier [4], select(10 clients):
61 | 19 | 42 | 49 | 64 | 3 | 45 | 80 | 28 | 52 |
-----------------------------------------------------------------Schedule complete
Client 80 trained
Client 80 uploaded
Client 28 trained
Client 28 uploaded
Client 49 trained
Client 49 uploaded
Client 42 trained
Client 42 uploaded
Client 61 trained
Client 61 uploaded
Client 19 trained
Client 19 uploaded
Client 52 trained
Client 52 uploaded
Client 3 trained
Client 3 uploaded
Client 64 trained
Client 64 uploaded
Client 45 trained
Client 45 uploaded
Epoch(t): 395 accuracy: 82.64 loss 0.49562238991260527 run_time: 571.7494807243347
TiFL算法: 选择层 2，信用值剩余 4，选择概率 0.2222
Current clients: 20 , select: 10
| current_epoch 396 |. Begin client select
SchedulerThread schedule Tier [2], select(10 clients):
68 | 18 | 60 | 21 | 12 | 95 | 63 | 23 | 74 | 10 |
-----------------------------------------------------------------Schedule complete
Client 21 trained
Client 21 uploaded
Client 74 trained
Client 74 uploaded
Client 12 trained
Client 12 uploaded
Client 60 trained
Client 60 uploaded
Client 68 trained
Client 68 uploaded
Client 18 trained
Client 18 uploaded
Client 95 trained
Client 95 uploaded
Client 63 trained
Client 63 uploaded
Client 10 trained
Client 10 uploaded
Client 23 trained
Client 23 uploaded
Epoch(t): 396 accuracy: 78.88 loss 0.559876446723938 run_time: 572.7713842391968
TiFL算法: 选择层 1，信用值剩余 4，选择概率 0.3333
Current clients: 20 , select: 10
| current_epoch 397 |. Begin client select
SchedulerThread schedule Tier [1], select(10 clients):
46 | 86 | 51 | 88 | 50 | 9 | 25 | 15 | 33 | 81 |
-----------------------------------------------------------------Schedule complete
Client 25 trained
Client 25 uploaded
Client 86 trained
Client 86 uploaded
Client 9 trained
Client 9 uploaded
Client 51 trained
Client 51 uploaded
Client 46 trained
Client 46 uploaded
Client 50 trained
Client 50 uploaded
Client 33 trained
Client 33 uploaded
Client 15 trained
Client 15 uploaded
Client 81 trained
Client 81 uploaded
Client 88 trained
Client 88 uploaded
Epoch(t): 397 accuracy: 84.69 loss 0.43457746848464013 run_time: 574.6235227584839
TiFL算法: 选择层 4，信用值剩余 3，选择概率 0.4444
Current clients: 20 , select: 10
| current_epoch 398 |. Begin client select
SchedulerThread schedule Tier [4], select(10 clients):
48 | 61 | 79 | 52 | 19 | 28 | 3 | 71 | 73 | 80 |
-----------------------------------------------------------------Schedule complete
Client 48 trained
Client 48 uploaded
Client 80 trained
Client 80 uploaded
Client 73 trained
Client 73 uploaded
Client 71 trained
Client 71 uploaded
Client 52 trained
Client 52 uploaded
Client 3 trained
Client 3 uploaded
Client 28 trained
Client 28 uploaded
Client 61 trained
Client 61 uploaded
Client 79 trained
Client 79 uploaded
Client 19 trained
Client 19 uploaded
Epoch(t): 398 accuracy: 83.78 loss 0.4558438217639923 run_time: 575.5866441726685
TiFL算法: 选择层 4，信用值剩余 2，选择概率 0.4444
Current clients: 20 , select: 10
| current_epoch 399 |. Begin client select
SchedulerThread schedule Tier [4], select(10 clients):
61 | 52 | 40 | 26 | 48 | 72 | 71 | 73 | 80 | 42 |
-----------------------------------------------------------------Schedule complete
Client 80 trained
Client 80 uploaded
Client 71 trained
Client 71 uploaded
Client 72 trained
Client 72 uploaded
Client 48 trained
Client 48 uploaded
Client 73 trained
Client 73 uploaded
Client 52 trained
Client 52 uploaded
Client 40 trained
Client 40 uploaded
Client 61 trained
Client 61 uploaded
Client 42 trained
Client 42 uploaded
Client 26 trained
Client 26 uploaded
Epoch(t): 399 accuracy: 77.38 loss 0.656885810494423 run_time: 576.5777428150177
各层当前精度: [(0, 191.58175), (1, 223.81075), (2, 225.45774999999998), (3, 186.9145), (4, 224.51800000000003)]
各层当前信用值: [4, 4, 4, 5, 2]
层3 精度=186.9145 排名=1/5 初始概率=0.5000
层0 精度=191.5817 排名=2/5 初始概率=0.4000
层1 精度=223.8108 排名=3/5 初始概率=0.3000
层4 精度=224.5180 排名=4/5 初始概率=0.2000
层2 精度=225.4577 排名=5/5 初始概率=0.1000
更新后的层选择概率: ['0.2667', '0.2000', '0.0667', '0.3333', '0.1333']
TiFL算法: 选择层 3，信用值剩余 4，选择概率 0.3333
Current clients: 20 , select: 10
| current_epoch 400 |. Begin client select
SchedulerThread schedule Tier [3], select(10 clients):
30 | 96 | 57 | 14 | 0 | 17 | 58 | 35 | 98 | 65 |
-----------------------------------------------------------------Schedule complete
Client 14 trained
Client 14 uploaded
Client 30 trained
Client 30 uploaded
Client 65 trained
Client 65 uploaded
Client 96 trained
Client 96 uploaded
Client 17 trained
Client 17 uploaded
Client 98 trained
Client 98 uploaded
Client 57 trained
Client 57 uploaded
Client 58 trained
Client 58 uploaded
Client 0 trained
Client 0 uploaded
Client 35 trained
Client 35 uploaded
Epoch(t): 400 accuracy: 81.35 loss 0.5724874854087829 run_time: 578.3530161380768
TiFL算法: 选择层 3，信用值剩余 3，选择概率 0.3333
Current clients: 20 , select: 10
| current_epoch 401 |. Begin client select
SchedulerThread schedule Tier [3], select(10 clients):
70 | 17 | 77 | 35 | 30 | 67 | 98 | 58 | 14 | 32 |
-----------------------------------------------------------------Schedule complete
Client 14 trained
Client 14 uploaded
Client 30 trained
Client 30 uploaded
Client 70 trained
Client 70 uploaded
Client 32 trained
Client 32 uploaded
Client 17 trained
Client 17 uploaded
Client 58 trained
Client 58 uploaded
Client 67 trained
Client 67 uploaded
Client 77 trained
Client 77 uploaded
Client 35 trained
Client 35 uploaded
Client 98 trained
Client 98 uploaded
Epoch(t): 401 accuracy: 79.91 loss 0.618575114607811 run_time: 580.1380021572113
TiFL算法: 选择层 1，信用值剩余 3，选择概率 0.2000
Current clients: 20 , select: 10
| current_epoch 402 |. Begin client select
SchedulerThread schedule Tier [1], select(10 clients):
69 | 13 | 93 | 43 | 53 | 36 | 25 | 15 | 82 | 27 |
-----------------------------------------------------------------Schedule complete
Client 93 trained
Client 93 uploaded
Client 43 trained
Client 43 uploaded
Client 25 trained
Client 25 uploaded
Client 53 trained
Client 53 uploaded
Client 69 trained
Client 69 uploaded
Client 82 trained
Client 82 uploaded
Client 36 trained
Client 36 uploaded
Client 27 trained
Client 27 uploaded
Client 13 trained
Client 13 uploaded
Client 15 trained
Client 15 uploaded
Epoch(t): 402 accuracy: 85.53 loss 0.4001872727274895 run_time: 581.8120257854462
TiFL算法: 选择层 3，信用值剩余 2，选择概率 0.3333
Current clients: 20 , select: 10
| current_epoch 403 |. Begin client select
SchedulerThread schedule Tier [3], select(10 clients):
30 | 92 | 35 | 0 | 67 | 78 | 11 | 14 | 98 | 77 |
-----------------------------------------------------------------Schedule complete
Client 14 trained
Client 14 uploaded
Client 92 trained
Client 92 uploaded
Client 30 trained
Client 30 uploaded
Client 67 trained
Client 67 uploaded
Client 78 trained
Client 78 uploaded
Client 0 trained
Client 0 uploaded
Client 11 trained
Client 11 uploaded
Client 77 trained
Client 77 uploaded
Client 35 trained
Client 35 uploaded
Client 98 trained
Client 98 uploaded
Epoch(t): 403 accuracy: 82.2 loss 0.5378425562381745 run_time: 583.4229590892792
TiFL算法: 选择层 0，信用值剩余 3，选择概率 0.2667
Current clients: 20 , select: 10
| current_epoch 404 |. Begin client select
SchedulerThread schedule Tier [0], select(10 clients):
97 | 2 | 37 | 8 | 22 | 85 | 39 | 90 | 34 | 83 |
-----------------------------------------------------------------Schedule complete
Client 83 trained
Client 83 uploaded
Client 39 trained
Client 39 uploaded
Client 37 trained
Client 37 uploaded
Client 8 trained
Client 8 uploaded
Client 97 trained
Client 97 uploaded
Client 85 trained
Client 85 uploaded
Client 22 trained
Client 22 uploaded
Client 90 trained
Client 90 uploaded
Client 2 trained
Client 2 uploaded
Client 34 trained
Client 34 uploaded
Epoch(t): 404 accuracy: 83.4 loss 0.46912787601351735 run_time: 584.5810842514038
TiFL算法: 选择层 3，信用值剩余 1，选择概率 0.3333
Current clients: 20 , select: 10
| current_epoch 405 |. Begin client select
SchedulerThread schedule Tier [3], select(10 clients):
78 | 76 | 58 | 0 | 11 | 66 | 32 | 30 | 67 | 65 |
-----------------------------------------------------------------Schedule complete
Client 76 trained
Client 76 uploaded
Client 30 trained
Client 30 uploaded
Client 65 trained
Client 65 uploaded
Client 78 trained
Client 78 uploaded
Client 67 trained
Client 67 uploaded
Client 32 trained
Client 32 uploaded
Client 58 trained
Client 58 uploaded
Client 0 trained
Client 0 uploaded
Client 11 trained
Client 11 uploaded
Client 66 trained
Client 66 uploaded
Epoch(t): 405 accuracy: 85.19 loss 0.4126990641653538 run_time: 585.9680306911469
TiFL算法: 选择层 0，信用值剩余 2，选择概率 0.2667
Current clients: 20 , select: 10
| current_epoch 406 |. Begin client select
SchedulerThread schedule Tier [0], select(10 clients):
99 | 85 | 97 | 34 | 2 | 5 | 44 | 37 | 22 | 62 |
-----------------------------------------------------------------Schedule complete
Client 5 trained
Client 5 uploaded
Client 97 trained
Client 97 uploaded
Client 44 trained
Client 44 uploaded
Client 37 trained
Client 37 uploaded
Client 85 trained
Client 85 uploaded
Client 2 trained
Client 2 uploaded
Client 34 trained
Client 34 uploaded
Client 22 trained
Client 22 uploaded
Client 62 trained
Client 62 uploaded
Client 99 trained
Client 99 uploaded
Epoch(t): 406 accuracy: 84.28 loss 0.43865033715963364 run_time: 587.5461127758026
TiFL算法: 选择层 1，信用值剩余 2，选择概率 0.2000
Current clients: 20 , select: 10
| current_epoch 407 |. Begin client select
SchedulerThread schedule Tier [1], select(10 clients):
25 | 46 | 81 | 43 | 69 | 15 | 13 | 86 | 24 | 93 |
-----------------------------------------------------------------Schedule complete
Client 93 trained
Client 93 uploaded
Client 86 trained
Client 86 uploaded
Client 43 trained
Client 43 uploaded
Client 24 trained
Client 24 uploaded
Client 25 trained
Client 25 uploaded
Client 46 trained
Client 46 uploaded
Client 15 trained
Client 15 uploaded
Client 81 trained
Client 81 uploaded
Client 13 trained
Client 13 uploaded
Client 69 trained
Client 69 uploaded
Epoch(t): 407 accuracy: 84.6 loss 0.414850757420063 run_time: 589.3756332397461
TiFL算法: 选择层 1，信用值剩余 1，选择概率 0.2000
Current clients: 20 , select: 10
| current_epoch 408 |. Begin client select
SchedulerThread schedule Tier [1], select(10 clients):
46 | 69 | 33 | 86 | 24 | 43 | 36 | 9 | 15 | 88 |
-----------------------------------------------------------------Schedule complete
Client 86 trained
Client 86 uploaded
Client 43 trained
Client 43 uploaded
Client 9 trained
Client 9 uploaded
Client 24 trained
Client 24 uploaded
Client 46 trained
Client 46 uploaded
Client 88 trained
Client 88 uploaded
Client 33 trained
Client 33 uploaded
Client 69 trained
Client 69 uploaded
Client 36 trained
Client 36 uploaded
Client 15 trained
Client 15 uploaded
Epoch(t): 408 accuracy: 83.42 loss 0.45583886504173277 run_time: 591.3950779438019
TiFL算法: 选择层 1，信用值剩余 0，选择概率 0.2000
Current clients: 20 , select: 10
| current_epoch 409 |. Begin client select
SchedulerThread schedule Tier [1], select(10 clients):
27 | 51 | 46 | 50 | 9 | 88 | 15 | 13 | 24 | 93 |
-----------------------------------------------------------------Schedule complete
Client 93 trained
Client 93 uploaded
Client 9 trained
Client 9 uploaded
Client 51 trained
Client 51 uploaded
Client 24 trained
Client 24 uploaded
Client 46 trained
Client 46 uploaded
Client 50 trained
Client 50 uploaded
Client 27 trained
Client 27 uploaded
Client 13 trained
Client 13 uploaded
Client 15 trained
Client 15 uploaded
Client 88 trained
Client 88 uploaded
Epoch(t): 409 accuracy: 81.96 loss 0.5166250324249267 run_time: 593.3053259849548
TiFL算法: 选择层 3，信用值剩余 0，选择概率 0.3333
Current clients: 20 , select: 10
| current_epoch 410 |. Begin client select
SchedulerThread schedule Tier [3], select(10 clients):
96 | 78 | 17 | 32 | 35 | 98 | 14 | 92 | 65 | 57 |
-----------------------------------------------------------------Schedule complete
Client 14 trained
Client 14 uploaded
Client 78 trained
Client 78 uploaded
Client 65 trained
Client 65 uploaded
Client 32 trained
Client 32 uploaded
Client 96 trained
Client 96 uploaded
Client 92 trained
Client 92 uploaded
Client 57 trained
Client 57 uploaded
Client 98 trained
Client 98 uploaded
Client 17 trained
Client 17 uploaded
Client 35 trained
Client 35 uploaded
Epoch(t): 410 accuracy: 82.66 loss 0.5140872384607792 run_time: 595.3888146877289
TiFL算法: 选择层 0，信用值剩余 1，选择概率 0.2667
Current clients: 20 , select: 10
| current_epoch 411 |. Begin client select
SchedulerThread schedule Tier [0], select(10 clients):
91 | 99 | 94 | 6 | 5 | 83 | 62 | 54 | 97 | 1 |
-----------------------------------------------------------------Schedule complete
Client 83 trained
Client 83 uploaded
Client 1 trained
Client 1 uploaded
Client 94 trained
Client 94 uploaded
Client 5 trained
Client 5 uploaded
Client 99 trained
Client 99 uploaded
Client 6 trained
Client 6 uploaded
Client 91 trained
Client 91 uploaded
Client 62 trained
Client 62 uploaded
Client 54 trained
Client 54 uploaded
Client 97 trained
Client 97 uploaded
Epoch(t): 411 accuracy: 83.04 loss 0.47402524411678315 run_time: 596.9236047267914
TiFL算法: 选择层 0，信用值剩余 0，选择概率 0.2667
Current clients: 20 , select: 10
| current_epoch 412 |. Begin client select
SchedulerThread schedule Tier [0], select(10 clients):
62 | 37 | 94 | 22 | 99 | 97 | 54 | 59 | 6 | 39 |
-----------------------------------------------------------------Schedule complete
Client 39 trained
Client 39 uploaded
Client 97 trained
Client 97 uploaded
Client 94 trained
Client 94 uploaded
Client 59 trained
Client 59 uploaded
Client 62 trained
Client 62 uploaded
Client 37 trained
Client 37 uploaded
Client 54 trained
Client 54 uploaded
Client 6 trained
Client 6 uploaded
Client 22 trained
Client 22 uploaded
Client 99 trained
Client 99 uploaded
Epoch(t): 412 accuracy: 82.67 loss 0.4607885554432869 run_time: 598.2968306541443
TiFL算法: 选择层 2，信用值剩余 3，选择概率 0.0667
Current clients: 20 , select: 10
| current_epoch 413 |. Begin client select
SchedulerThread schedule Tier [2], select(10 clients):
87 | 68 | 4 | 38 | 18 | 7 | 55 | 20 | 21 | 75 |
-----------------------------------------------------------------Schedule complete
Client 7 trained
Client 7 uploaded
Client 21 trained
Client 21 uploaded
Client 38 trained
Client 38 uploaded
Client 75 trained
Client 75 uploaded
Client 20 trained
Client 20 uploaded
Client 4 trained
Client 4 uploaded
Client 87 trained
Client 87 uploaded
Client 68 trained
Client 68 uploaded
Client 18 trained
Client 18 uploaded
Client 55 trained
Client 55 uploaded
Epoch(t): 413 accuracy: 85.17 loss 0.4059812539815903 run_time: 599.4838163852692
TiFL算法: 选择层 2，信用值剩余 2，选择概率 0.0667
Current clients: 20 , select: 10
| current_epoch 414 |. Begin client select
SchedulerThread schedule Tier [2], select(10 clients):
23 | 84 | 75 | 87 | 12 | 7 | 21 | 68 | 38 | 18 |
-----------------------------------------------------------------Schedule complete
Client 21 trained
Client 21 uploaded
Client 7 trained
Client 7 uploaded
Client 75 trained
Client 75 uploaded
Client 38 trained
Client 38 uploaded
Client 68 trained
Client 68 uploaded
Client 12 trained
Client 12 uploaded
Client 23 trained
Client 23 uploaded
Client 84 trained
Client 84 uploaded
Client 87 trained
Client 87 uploaded
Client 18 trained
Client 18 uploaded
Epoch(t): 414 accuracy: 80.37 loss 0.527628558576107 run_time: 600.5641911029816
TiFL算法: 选择层 4，信用值剩余 1，选择概率 0.1333
Current clients: 20 , select: 10
| current_epoch 415 |. Begin client select
SchedulerThread schedule Tier [4], select(10 clients):
45 | 19 | 49 | 79 | 28 | 42 | 48 | 52 | 41 | 72 |
-----------------------------------------------------------------Schedule complete
Client 41 trained
Client 41 uploaded
Client 72 trained
Client 72 uploaded
Client 48 trained
Client 48 uploaded
Client 79 trained
Client 79 uploaded
Client 42 trained
Client 42 uploaded
Client 19 trained
Client 19 uploaded
Client 28 trained
Client 28 uploaded
Client 52 trained
Client 52 uploaded
Client 49 trained
Client 49 uploaded
Client 45 trained
Client 45 uploaded
Epoch(t): 415 accuracy: 82.12 loss 0.4905531758069992 run_time: 601.7638220787048
TiFL算法: 选择层 4，信用值剩余 0，选择概率 0.1333
Current clients: 20 , select: 10
| current_epoch 416 |. Begin client select
SchedulerThread schedule Tier [4], select(10 clients):
80 | 56 | 79 | 47 | 45 | 42 | 72 | 28 | 64 | 71 |
-----------------------------------------------------------------Schedule complete
Client 80 trained
Client 80 uploaded
Client 71 trained
Client 71 uploaded
Client 72 trained
Client 72 uploaded
Client 42 trained
Client 42 uploaded
Client 79 trained
Client 79 uploaded
Client 28 trained
Client 28 uploaded
Client 47 trained
Client 47 uploaded
Client 64 trained
Client 64 uploaded
Client 45 trained
Client 45 uploaded
Client 56 trained
Client 56 uploaded
Epoch(t): 416 accuracy: 78.24 loss 0.6142932730913162 run_time: 603.329630613327
TiFL算法: 选择层 2，信用值剩余 1，选择概率 0.0667
Current clients: 20 , select: 10
| current_epoch 417 |. Begin client select
SchedulerThread schedule Tier [2], select(10 clients):
63 | 74 | 55 | 7 | 89 | 12 | 60 | 87 | 18 | 4 |
-----------------------------------------------------------------Schedule complete
Client 7 trained
Client 7 uploaded
Client 74 trained
Client 74 uploaded
Client 12 trained
Client 12 uploaded
Client 60 trained
Client 60 uploaded
Client 18 trained
Client 18 uploaded
Client 63 trained
Client 63 uploaded
Client 4 trained
Client 4 uploaded
Client 87 trained
Client 87 uploaded
Client 89 trained
Client 89 uploaded
Client 55 trained
Client 55 uploaded
Epoch(t): 417 accuracy: 84.18 loss 0.4453094325959682 run_time: 604.5214591026306
TiFL算法: 选择层 2，信用值剩余 0，选择概率 0.0667
Current clients: 20 , select: 10
| current_epoch 418 |. Begin client select
SchedulerThread schedule Tier [2], select(10 clients):
60 | 7 | 38 | 75 | 21 | 10 | 18 | 4 | 23 | 95 |
-----------------------------------------------------------------Schedule complete
Client 7 trained
Client 7 uploaded
Client 21 trained
Client 21 uploaded
Client 60 trained
Client 60 uploaded
Client 75 trained
Client 75 uploaded
Client 38 trained
Client 38 uploaded
Client 18 trained
Client 18 uploaded
Client 95 trained
Client 95 uploaded
Client 4 trained
Client 4 uploaded
Client 10 trained
Client 10 uploaded
Client 23 trained
Client 23 uploaded
Epoch(t): 418 accuracy: 79.87 loss 0.5335401719808579 run_time: 605.6478559970856
所有层信用值已用尽，重置所有层信用值
TiFL算法: 选择层 3，信用值剩余 4，选择概率 0.3333
Current clients: 20 , select: 10
| current_epoch 419 |. Begin client select
SchedulerThread schedule Tier [3], select(10 clients):
98 | 96 | 78 | 57 | 11 | 76 | 29 | 32 | 70 | 0 |
-----------------------------------------------------------------Schedule complete
Client 29 trained
Client 29 uploaded
Client 76 trained
Client 76 uploaded
Client 70 trained
Client 70 uploaded
Client 96 trained
Client 96 uploaded
Client 98 trained
Client 98 uploaded
Client 78 trained
Client 78 uploaded
Client 57 trained
Client 57 uploaded
Client 32 trained
Client 32 uploaded
Client 0 trained
Client 0 uploaded
Client 11 trained
Client 11 uploaded
Epoch(t): 419 accuracy: 78.44 loss 0.6596532383561134 run_time: 607.4347219467163
各层当前精度: [(0, 205.8145), (1, 230.37725), (2, 233.02000000000004), (3, 212.3005), (4, 228.38975)]
各层当前信用值: [5, 5, 5, 4, 5]
层0 精度=205.8145 排名=1/5 初始概率=0.5000
层3 精度=212.3005 排名=2/5 初始概率=0.4000
层4 精度=228.3897 排名=3/5 初始概率=0.3000
层1 精度=230.3773 排名=4/5 初始概率=0.2000
层2 精度=233.0200 排名=5/5 初始概率=0.1000
更新后的层选择概率: ['0.3333', '0.1333', '0.0667', '0.2667', '0.2000']
TiFL算法: 选择层 0，信用值剩余 4，选择概率 0.3333
Current clients: 20 , select: 10
| current_epoch 420 |. Begin client select
SchedulerThread schedule Tier [0], select(10 clients):
59 | 5 | 83 | 2 | 91 | 6 | 34 | 22 | 99 | 39 |
-----------------------------------------------------------------Schedule complete
Client 83 trained
Client 83 uploaded
Client 39 trained
Client 39 uploaded
Client 6 trained
Client 6 uploaded
Client 2 trained
Client 2 uploaded
Client 59 trained
Client 59 uploaded
Client 22 trained
Client 22 uploaded
Client 5 trained
Client 5 uploaded
Client 34 trained
Client 34 uploaded
Client 91 trained
Client 91 uploaded
Client 99 trained
Client 99 uploaded
Epoch(t): 420 accuracy: 82.18 loss 0.49731350541114805 run_time: 608.8113613128662
TiFL算法: 选择层 3，信用值剩余 3，选择概率 0.2667
Current clients: 20 , select: 10
| current_epoch 421 |. Begin client select
SchedulerThread schedule Tier [3], select(10 clients):
92 | 65 | 57 | 98 | 35 | 0 | 67 | 96 | 70 | 32 |
-----------------------------------------------------------------Schedule complete
Client 70 trained
Client 70 uploaded
Client 32 trained
Client 32 uploaded
Client 92 trained
Client 92 uploaded
Client 96 trained
Client 96 uploaded
Client 65 trained
Client 65 uploaded
Client 67 trained
Client 67 uploaded
Client 98 trained
Client 98 uploaded
Client 0 trained
Client 0 uploaded
Client 57 trained
Client 57 uploaded
Client 35 trained
Client 35 uploaded
Epoch(t): 421 accuracy: 81.44 loss 0.5747792610526085 run_time: 610.8262581825256
TiFL算法: 选择层 0，信用值剩余 3，选择概率 0.3333
Current clients: 20 , select: 10
| current_epoch 422 |. Begin client select
SchedulerThread schedule Tier [0], select(10 clients):
5 | 83 | 34 | 54 | 22 | 37 | 8 | 62 | 39 | 99 |
-----------------------------------------------------------------Schedule complete
Client 39 trained
Client 39 uploaded
Client 83 trained
Client 83 uploaded
Client 37 trained
Client 37 uploaded
Client 8 trained
Client 8 uploaded
Client 5 trained
Client 5 uploaded
Client 34 trained
Client 34 uploaded
Client 62 trained
Client 62 uploaded
Client 54 trained
Client 54 uploaded
Client 22 trained
Client 22 uploaded
Client 99 trained
Client 99 uploaded
Epoch(t): 422 accuracy: 82.26 loss 0.5073454734683037 run_time: 612.1190457344055
TiFL算法: 选择层 4，信用值剩余 4，选择概率 0.2000
Current clients: 20 , select: 10
| current_epoch 423 |. Begin client select
SchedulerThread schedule Tier [4], select(10 clients):
28 | 26 | 52 | 19 | 56 | 47 | 71 | 40 | 45 | 73 |
-----------------------------------------------------------------Schedule complete
Client 71 trained
Client 71 uploaded
Client 73 trained
Client 73 uploaded
Client 19 trained
Client 19 uploaded
Client 26 trained
Client 26 uploaded
Client 28 trained
Client 28 uploaded
Client 47 trained
Client 47 uploaded
Client 45 trained
Client 45 uploaded
Client 40 trained
Client 40 uploaded
Client 52 trained
Client 52 uploaded
Client 56 trained
Client 56 uploaded
Epoch(t): 423 accuracy: 82.31 loss 0.5052977922558785 run_time: 613.7098369598389
TiFL算法: 选择层 2，信用值剩余 4，选择概率 0.0667
Current clients: 20 , select: 10
| current_epoch 424 |. Begin client select
SchedulerThread schedule Tier [2], select(10 clients):
12 | 63 | 89 | 87 | 31 | 95 | 60 | 75 | 4 | 7 |
-----------------------------------------------------------------Schedule complete
Client 63 trained
Client 63 uploaded
Client 7 trained
Client 7 uploaded
Client 60 trained
Client 60 uploaded
Client 75 trained
Client 75 uploaded
Client 12 trained
Client 12 uploaded
Client 4 trained
Client 4 uploaded
Client 31 trained
Client 31 uploaded
Client 87 trained
Client 87 uploaded
Client 89 trained
Client 89 uploaded
Client 95 trained
Client 95 uploaded
Epoch(t): 424 accuracy: 85.88 loss 0.4112106576561928 run_time: 614.8562362194061
TiFL算法: 选择层 4，信用值剩余 3，选择概率 0.2000
Current clients: 20 , select: 10
| current_epoch 425 |. Begin client select
SchedulerThread schedule Tier [4], select(10 clients):
40 | 79 | 73 | 28 | 72 | 41 | 19 | 26 | 48 | 45 |
-----------------------------------------------------------------Schedule complete
Client 73 trained
Client 73 uploaded
Client 41 trained
Client 41 uploaded
Client 48 trained
Client 48 uploaded
Client 72 trained
Client 72 uploaded
Client 26 trained
Client 26 uploaded
Client 79 trained
Client 79 uploaded
Client 40 trained
Client 40 uploaded
Client 28 trained
Client 28 uploaded
Client 45 trained
Client 45 uploaded
Client 19 trained
Client 19 uploaded
Epoch(t): 425 accuracy: 82.83 loss 0.4913182336091995 run_time: 615.9225606918335
TiFL算法: 选择层 3，信用值剩余 2，选择概率 0.2667
Current clients: 20 , select: 10
| current_epoch 426 |. Begin client select
SchedulerThread schedule Tier [3], select(10 clients):
32 | 65 | 98 | 92 | 67 | 0 | 11 | 76 | 96 | 30 |
-----------------------------------------------------------------Schedule complete
Client 76 trained
Client 76 uploaded
Client 30 trained
Client 30 uploaded
Client 32 trained
Client 32 uploaded
Client 96 trained
Client 96 uploaded
Client 92 trained
Client 92 uploaded
Client 65 trained
Client 65 uploaded
Client 98 trained
Client 98 uploaded
Client 67 trained
Client 67 uploaded
Client 0 trained
Client 0 uploaded
Client 11 trained
Client 11 uploaded
Epoch(t): 426 accuracy: 80.62 loss 0.6058070410788059 run_time: 617.7002310752869
TiFL算法: 选择层 0，信用值剩余 2，选择概率 0.3333
Current clients: 20 , select: 10
| current_epoch 427 |. Begin client select
SchedulerThread schedule Tier [0], select(10 clients):
97 | 90 | 59 | 99 | 62 | 2 | 5 | 22 | 39 | 34 |
-----------------------------------------------------------------Schedule complete
Client 39 trained
Client 39 uploaded
Client 5 trained
Client 5 uploaded
Client 97 trained
Client 97 uploaded
Client 90 trained
Client 90 uploaded
Client 2 trained
Client 2 uploaded
Client 59 trained
Client 59 uploaded
Client 22 trained
Client 22 uploaded
Client 62 trained
Client 62 uploaded
Client 34 trained
Client 34 uploaded
Client 99 trained
Client 99 uploaded
Epoch(t): 427 accuracy: 80.06 loss 0.5463892111182213 run_time: 619.1012580394745
TiFL算法: 选择层 3，信用值剩余 1，选择概率 0.2667
Current clients: 20 , select: 10
| current_epoch 428 |. Begin client select
SchedulerThread schedule Tier [3], select(10 clients):
14 | 66 | 67 | 57 | 0 | 65 | 78 | 35 | 58 | 70 |
-----------------------------------------------------------------Schedule complete
Client 14 trained
Client 14 uploaded
Client 65 trained
Client 65 uploaded
Client 67 trained
Client 67 uploaded
Client 70 trained
Client 70 uploaded
Client 78 trained
Client 78 uploaded
Client 58 trained
Client 58 uploaded
Client 0 trained
Client 0 uploaded
Client 57 trained
Client 57 uploaded
Client 35 trained
Client 35 uploaded
Client 66 trained
Client 66 uploaded
Epoch(t): 428 accuracy: 83.35 loss 0.4714703026413918 run_time: 620.4746870994568
TiFL算法: 选择层 4，信用值剩余 2，选择概率 0.2000
Current clients: 20 , select: 10
| current_epoch 429 |. Begin client select
SchedulerThread schedule Tier [4], select(10 clients):
64 | 49 | 71 | 3 | 72 | 45 | 52 | 56 | 73 | 79 |
-----------------------------------------------------------------Schedule complete
Client 72 trained
Client 72 uploaded
Client 73 trained
Client 71 trained
Client 73 uploaded
Client 71 uploaded
Client 52 trained
Client 52 uploaded
Client 49 trained
Client 49 uploaded
Client 64 trained
Client 64 uploaded
Client 3 trained
Client 3 uploaded
Client 79 trained
Client 79 uploaded
Client 45 trained
Client 45 uploaded
Client 56 trained
Client 56 uploaded
Epoch(t): 429 accuracy: 73.85 loss 0.8365162968635559 run_time: 621.7674031257629
TiFL算法: 选择层 3，信用值剩余 0，选择概率 0.2667
Current clients: 20 , select: 10
| current_epoch 430 |. Begin client select
SchedulerThread schedule Tier [3], select(10 clients):
32 | 14 | 77 | 67 | 70 | 76 | 78 | 35 | 98 | 17 |
-----------------------------------------------------------------Schedule complete
Client 76 trained
Client 76 uploaded
Client 14 trained
Client 14 uploaded
Client 78 trained
Client 78 uploaded
Client 70 trained
Client 70 uploaded
Client 32 trained
Client 32 uploaded
Client 67 trained
Client 67 uploaded
Client 77 trained
Client 77 uploaded
Client 35 trained
Client 35 uploaded
Client 17 trained
Client 17 uploaded
Client 98 trained
Client 98 uploaded
Epoch(t): 430 accuracy: 79.53 loss 0.6193849390745163 run_time: 623.572991847992
TiFL算法: 选择层 4，信用值剩余 1，选择概率 0.2000
Current clients: 20 , select: 10
| current_epoch 431 |. Begin client select
SchedulerThread schedule Tier [4], select(10 clients):
45 | 48 | 3 | 61 | 79 | 47 | 80 | 71 | 28 | 41 |
-----------------------------------------------------------------Schedule complete
Client 48 trained
Client 48 uploaded
Client 80 trained
Client 80 uploaded
Client 71 trained
Client 71 uploaded
Client 41 trained
Client 41 uploaded
Client 28 trained
Client 28 uploaded
Client 79 trained
Client 79 uploaded
Client 61 trained
Client 61 uploaded
Client 47 trained
Client 47 uploaded
Client 3 trained
Client 3 uploaded
Client 45 trained
Client 45 uploaded
Epoch(t): 431 accuracy: 81.67 loss 0.5085164111852646 run_time: 624.5725264549255
TiFL算法: 选择层 4，信用值剩余 0，选择概率 0.2000
Current clients: 20 , select: 10
| current_epoch 432 |. Begin client select
SchedulerThread schedule Tier [4], select(10 clients):
40 | 42 | 80 | 73 | 28 | 52 | 49 | 79 | 48 | 72 |
-----------------------------------------------------------------Schedule complete
Client 80 trained
Client 80 uploaded
Client 73 trained
Client 73 uploaded
Client 48 trained
Client 48 uploaded
Client 72 trained
Client 72 uploaded
Client 28 trained
Client 28 uploaded
Client 49 trained
Client 49 uploaded
Client 40 trained
Client 40 uploaded
Client 79 trained
Client 79 uploaded
Client 52 trained
Client 52 uploaded
Client 42 trained
Client 42 uploaded
Epoch(t): 432 accuracy: 76.11 loss 0.6923867923021316 run_time: 625.5411720275879
TiFL算法: 选择层 0，信用值剩余 1，选择概率 0.3333
Current clients: 20 , select: 10
| current_epoch 433 |. Begin client select
SchedulerThread schedule Tier [0], select(10 clients):
37 | 99 | 44 | 85 | 39 | 6 | 97 | 2 | 22 | 83 |
-----------------------------------------------------------------Schedule complete
Client 39 trained
Client 39 uploaded
Client 83 trained
Client 83 uploaded
Client 97 trained
Client 97 uploaded
Client 44 trained
Client 44 uploaded
Client 37 trained
Client 37 uploaded
Client 22 trained
Client 22 uploaded
Client 6 trained
Client 6 uploaded
Client 85 trained
Client 85 uploaded
Client 2 trained
Client 2 uploaded
Client 99 trained
Client 99 uploaded
Epoch(t): 433 accuracy: 83.09 loss 0.4705306228995323 run_time: 626.9157912731171
TiFL算法: 选择层 0，信用值剩余 0，选择概率 0.3333
Current clients: 20 , select: 10
| current_epoch 434 |. Begin client select
SchedulerThread schedule Tier [0], select(10 clients):
1 | 91 | 22 | 5 | 59 | 34 | 6 | 85 | 94 | 83 |
-----------------------------------------------------------------Schedule complete
Client 83 trained
Client 83 uploaded
Client 94 trained
Client 94 uploaded
Client 5 trained
Client 5 uploaded
Client 1 trained
Client 1 uploaded
Client 59 trained
Client 59 uploaded
Client 6 trained
Client 6 uploaded
Client 85 trained
Client 85 uploaded
Client 22 trained
Client 22 uploaded
Client 91 trained
Client 91 uploaded
Client 34 trained
Client 34 uploaded
Epoch(t): 434 accuracy: 82.33 loss 0.4881531995534897 run_time: 628.1889562606812
TiFL算法: 选择层 1，信用值剩余 4，选择概率 0.1333
Current clients: 20 , select: 10
| current_epoch 435 |. Begin client select
SchedulerThread schedule Tier [1], select(10 clients):
51 | 13 | 88 | 43 | 81 | 15 | 82 | 53 | 33 | 25 |
-----------------------------------------------------------------Schedule complete
Client 43 trained
Client 43 uploaded
Client 25 trained
Client 25 uploaded
Client 53 trained
Client 53 uploaded
Client 51 trained
Client 51 uploaded
Client 82 trained
Client 82 uploaded
Client 33 trained
Client 33 uploaded
Client 15 trained
Client 15 uploaded
Client 81 trained
Client 81 uploaded
Client 13 trained
Client 13 uploaded
Client 88 trained
Client 88 uploaded
Epoch(t): 435 accuracy: 85.1 loss 0.4301663967967033 run_time: 630.1082110404968
TiFL算法: 选择层 1，信用值剩余 3，选择概率 0.1333
Current clients: 20 , select: 10
| current_epoch 436 |. Begin client select
SchedulerThread schedule Tier [1], select(10 clients):
50 | 86 | 15 | 93 | 25 | 82 | 9 | 27 | 36 | 69 |
-----------------------------------------------------------------Schedule complete
Client 93 trained
Client 93 uploaded
Client 25 trained
Client 25 uploaded
Client 86 trained
Client 86 uploaded
Client 9 trained
Client 9 uploaded
Client 69 trained
Client 69 uploaded
Client 82 trained
Client 82 uploaded
Client 50 trained
Client 50 uploaded
Client 15 trained
Client 15 uploaded
Client 27 trained
Client 27 uploaded
Client 36 trained
Client 36 uploaded
Epoch(t): 436 accuracy: 86.13 loss 0.3895225578546524 run_time: 631.7847030162811
TiFL算法: 选择层 1，信用值剩余 2，选择概率 0.1333
Current clients: 20 , select: 10
| current_epoch 437 |. Begin client select
SchedulerThread schedule Tier [1], select(10 clients):
25 | 33 | 53 | 86 | 93 | 88 | 13 | 50 | 15 | 36 |
-----------------------------------------------------------------Schedule complete
Client 25 trained
Client 25 uploaded
Client 86 trained
Client 86 uploaded
Client 93 trained
Client 93 uploaded
Client 53 trained
Client 53 uploaded
Client 50 trained
Client 50 uploaded
Client 33 trained
Client 33 uploaded
Client 15 trained
Client 15 uploaded
Client 13 trained
Client 13 uploaded
Client 36 trained
Client 36 uploaded
Client 88 trained
Client 88 uploaded
Epoch(t): 437 accuracy: 83.32 loss 0.46430345982313154 run_time: 633.8307809829712
TiFL算法: 选择层 1，信用值剩余 1，选择概率 0.1333
Current clients: 20 , select: 10
| current_epoch 438 |. Begin client select
SchedulerThread schedule Tier [1], select(10 clients):
46 | 24 | 9 | 13 | 50 | 88 | 82 | 53 | 93 | 36 |
-----------------------------------------------------------------Schedule complete
Client 93 trained
Client 93 uploaded
Client 53 trained
Client 53 uploaded
Client 9 trained
Client 9 uploaded
Client 24 trained
Client 24 uploaded
Client 46 trained
Client 46 uploaded
Client 82 trained
Client 82 uploaded
Client 36 trained
Client 36 uploaded
Client 13 trained
Client 13 uploaded
Client 50 trained
Client 50 uploaded
Client 88 trained
Client 88 uploaded
Epoch(t): 438 accuracy: 80.69 loss 0.5555234041810035 run_time: 635.5952739715576
TiFL算法: 选择层 1，信用值剩余 0，选择概率 0.1333
Current clients: 20 , select: 10
| current_epoch 439 |. Begin client select
SchedulerThread schedule Tier [1], select(10 clients):
33 | 81 | 16 | 43 | 88 | 9 | 53 | 82 | 69 | 13 |
-----------------------------------------------------------------Schedule complete
Client 43 trained
Client 43 uploaded
Client 16 trained
Client 16 uploaded
Client 53 trained
Client 53 uploaded
Client 9 trained
Client 9 uploaded
Client 69 trained
Client 69 uploaded
Client 13 trained
Client 13 uploaded
Client 81 trained
Client 81 uploaded
Client 82 trained
Client 82 uploaded
Client 33 trained
Client 33 uploaded
Client 88 trained
Client 88 uploaded
Epoch(t): 439 accuracy: 82.36 loss 0.5003020185232162 run_time: 637.5314967632294
TiFL算法: 选择层 2，信用值剩余 3，选择概率 0.0667
Current clients: 20 , select: 10
| current_epoch 440 |. Begin client select
SchedulerThread schedule Tier [2], select(10 clients):
20 | 74 | 55 | 60 | 95 | 63 | 7 | 38 | 12 | 21 |
-----------------------------------------------------------------Schedule complete
Client 7 trained
Client 7 uploaded
Client 21 trained
Client 21 uploaded
Client 74 trained
Client 74 uploaded
Client 20 trained
Client 20 uploaded
Client 60 trained
Client 60 uploaded
Client 38 trained
Client 38 uploaded
Client 63 trained
Client 63 uploaded
Client 12 trained
Client 12 uploaded
Client 55 trained
Client 55 uploaded
Client 95 trained
Client 95 uploaded
Epoch(t): 440 accuracy: 81.4 loss 0.4926327794790268 run_time: 638.6306371688843
TiFL算法: 选择层 2，信用值剩余 2，选择概率 0.0667
Current clients: 20 , select: 10
| current_epoch 441 |. Begin client select
SchedulerThread schedule Tier [2], select(10 clients):
75 | 63 | 7 | 23 | 20 | 4 | 31 | 95 | 21 | 12 |
-----------------------------------------------------------------Schedule complete
Client 7 trained
Client 7 uploaded
Client 21 trained
Client 21 uploaded
Client 20 trained
Client 20 uploaded
Client 75 trained
Client 75 uploaded
Client 12 trained
Client 12 uploaded
Client 31 trained
Client 31 uploaded
Client 63 trained
Client 63 uploaded
Client 4 trained
Client 4 uploaded
Client 95 trained
Client 95 uploaded
Client 23 trained
Client 23 uploaded
Epoch(t): 441 accuracy: 84.77 loss 0.4242852765321732 run_time: 639.5988235473633
TiFL算法: 选择层 2，信用值剩余 1，选择概率 0.0667
Current clients: 20 , select: 10
| current_epoch 442 |. Begin client select
SchedulerThread schedule Tier [2], select(10 clients):
23 | 10 | 63 | 74 | 38 | 7 | 89 | 68 | 55 | 20 |
-----------------------------------------------------------------Schedule complete
Client 7 trained
Client 7 uploaded
Client 74 trained
Client 74 uploaded
Client 20 trained
Client 20 uploaded
Client 38 trained
Client 38 uploaded
Client 55 trained
Client 55 uploaded
Client 10 trained
Client 10 uploaded
Client 63 trained
Client 63 uploaded
Client 68 trained
Client 68 uploaded
Client 23 trained
Client 23 uploaded
Client 89 trained
Client 89 uploaded
Epoch(t): 442 accuracy: 84.24 loss 0.4236224892735481 run_time: 640.7847418785095
TiFL算法: 选择层 2，信用值剩余 0，选择概率 0.0667
Current clients: 20 , select: 10
| current_epoch 443 |. Begin client select
SchedulerThread schedule Tier [2], select(10 clients):
63 | 60 | 21 | 89 | 95 | 10 | 7 | 31 | 20 | 74 |
-----------------------------------------------------------------Schedule complete
Client 21 trained
Client 21 uploaded
Client 74 trained
Client 7 trained
Client 74 uploaded
Client 7 uploaded
Client 31 trained
Client 31 uploaded
Client 60 trained
Client 60 uploaded
Client 20 trained
Client 20 uploaded
Client 63 trained
Client 63 uploaded
Client 10 trained
Client 10 uploaded
Client 95 trained
Client 95 uploaded
Client 89 trained
Client 89 uploaded
Epoch(t): 443 accuracy: 85.4 loss 0.41559298783540727 run_time: 641.967188835144
所有层信用值已用尽，重置所有层信用值
TiFL算法: 选择层 3，信用值剩余 4，选择概率 0.2667
Current clients: 20 , select: 10
| current_epoch 444 |. Begin client select
SchedulerThread schedule Tier [3], select(10 clients):
67 | 76 | 29 | 66 | 77 | 17 | 70 | 14 | 58 | 11 |
-----------------------------------------------------------------Schedule complete
Client 76 trained
Client 76 uploaded
Client 77 trained
Client 77 uploaded
Client 29 trained
Client 29 uploaded
Client 14 trained
Client 14 uploaded
Client 58 trained
Client 58 uploaded
Client 67 trained
Client 67 uploaded
Client 17 trained
Client 17 uploaded
Client 11 trained
Client 11 uploaded
Client 66 trained
Client 66 uploaded
Client 70 trained
Client 70 uploaded
Epoch(t): 444 accuracy: 80.75 loss 0.5779809734225273 run_time: 643.1457777023315
TiFL算法: 选择层 0，信用值剩余 4，选择概率 0.3333
Current clients: 20 , select: 10
| current_epoch 445 |. Begin client select
SchedulerThread schedule Tier [0], select(10 clients):
8 | 2 | 90 | 94 | 6 | 34 | 1 | 62 | 39 | 97 |
-----------------------------------------------------------------Schedule complete
Client 39 trained
Client 39 uploaded
Client 94 trained
Client 94 uploaded
Client 1 trained
Client 1 uploaded
Client 97 trained
Client 97 uploaded
Client 8 trained
Client 8 uploaded
Client 90 trained
Client 90 uploaded
Client 6 trained
Client 6 uploaded
Client 2 trained
Client 2 uploaded
Client 62 trained
Client 62 uploaded
Client 34 trained
Client 34 uploaded
Epoch(t): 445 accuracy: 83.78 loss 0.4491791731119156 run_time: 644.4363238811493
TiFL算法: 选择层 3，信用值剩余 3，选择概率 0.2667
Current clients: 20 , select: 10
| current_epoch 446 |. Begin client select
SchedulerThread schedule Tier [3], select(10 clients):
11 | 77 | 66 | 17 | 14 | 92 | 30 | 65 | 58 | 98 |
-----------------------------------------------------------------Schedule complete
Client 14 trained
Client 14 uploaded
Client 30 trained
Client 30 uploaded
Client 65 trained
Client 65 uploaded
Client 17 trained
Client 17 uploaded
Client 92 trained
Client 92 uploaded
Client 58 trained
Client 58 uploaded
Client 77 trained
Client 77 uploaded
Client 66 trained
Client 66 uploaded
Client 11 trained
Client 11 uploaded
Client 98 trained
Client 98 uploaded
Epoch(t): 446 accuracy: 83.95 loss 0.45422138065099715 run_time: 646.0793073177338
TiFL算法: 选择层 0，信用值剩余 3，选择概率 0.3333
Current clients: 20 , select: 10
| current_epoch 447 |. Begin client select
SchedulerThread schedule Tier [0], select(10 clients):
6 | 39 | 59 | 97 | 99 | 8 | 91 | 83 | 2 | 1 |
-----------------------------------------------------------------Schedule complete
Client 39 trained
Client 39 uploaded
Client 83 trained
Client 83 uploaded
Client 97 trained
Client 97 uploaded
Client 1 trained
Client 1 uploaded
Client 59 trained
Client 59 uploaded
Client 6 trained
Client 6 uploaded
Client 8 trained
Client 8 uploaded
Client 2 trained
Client 2 uploaded
Client 91 trained
Client 91 uploaded
Client 99 trained
Client 99 uploaded
Epoch(t): 447 accuracy: 81.87 loss 0.5013232910633088 run_time: 647.4764029979706
TiFL算法: 选择层 4，信用值剩余 4，选择概率 0.2000
Current clients: 20 , select: 10
| current_epoch 448 |. Begin client select
SchedulerThread schedule Tier [4], select(10 clients):
52 | 45 | 61 | 73 | 3 | 26 | 47 | 80 | 56 | 41 |
-----------------------------------------------------------------Schedule complete
Client 73 trained
Client 73 uploaded
Client 41 trained
Client 41 uploaded
Client 80 trained
Client 80 uploaded
Client 26 trained
Client 26 uploaded
Client 47 trained
Client 47 uploaded
Client 61 trained
Client 61 uploaded
Client 52 trained
Client 52 uploaded
Client 3 trained
Client 3 uploaded
Client 45 trained
Client 45 uploaded
Client 56 trained
Client 56 uploaded
Epoch(t): 448 accuracy: 82.46 loss 0.5053461542725564 run_time: 648.8511946201324
TiFL算法: 选择层 3，信用值剩余 2，选择概率 0.2667
Current clients: 20 , select: 10
| current_epoch 449 |. Begin client select
SchedulerThread schedule Tier [3], select(10 clients):
77 | 35 | 70 | 67 | 17 | 0 | 98 | 78 | 58 | 76 |
-----------------------------------------------------------------Schedule complete
Client 76 trained
Client 76 uploaded
Client 70 trained
Client 70 uploaded
Client 78 trained
Client 78 uploaded
Client 17 trained
Client 17 uploaded
Client 67 trained
Client 67 uploaded
Client 58 trained
Client 58 uploaded
Client 77 trained
Client 77 uploaded
Client 0 trained
Client 0 uploaded
Client 98 trained
Client 98 uploaded
Client 35 trained
Client 35 uploaded
Epoch(t): 449 accuracy: 80.63 loss 0.572978661954403 run_time: 650.6476833820343
TiFL算法: 选择层 3，信用值剩余 1，选择概率 0.2667
Current clients: 20 , select: 10
| current_epoch 450 |. Begin client select
SchedulerThread schedule Tier [3], select(10 clients):
67 | 14 | 32 | 76 | 29 | 78 | 66 | 96 | 98 | 0 |
-----------------------------------------------------------------Schedule complete
Client 76 trained
Client 76 uploaded
Client 14 trained
Client 14 uploaded
Client 29 trained
Client 29 uploaded
Client 78 trained
Client 78 uploaded
Client 67 trained
Client 67 uploaded
Client 32 trained
Client 32 uploaded
Client 0 trained
Client 0 uploaded
Client 96 trained
Client 96 uploaded
Client 66 trained
Client 66 uploaded
Client 98 trained
Client 98 uploaded
Epoch(t): 450 accuracy: 79.41 loss 0.6466678294539452 run_time: 652.3146977424622
TiFL算法: 选择层 0，信用值剩余 2，选择概率 0.3333
Current clients: 20 , select: 10
| current_epoch 451 |. Begin client select
SchedulerThread schedule Tier [0], select(10 clients):
37 | 44 | 99 | 54 | 22 | 94 | 90 | 2 | 1 | 97 |
-----------------------------------------------------------------Schedule complete
Client 1 trained
Client 1 uploaded
Client 94 trained
Client 94 uploaded
Client 99 trained
Client 99 uploaded
Client 97 trained
Client 97 uploaded
Client 37 trained
Client 37 uploaded
Client 54 trained
Client 54 uploaded
Client 22 trained
Client 22 uploaded
Client 44 trained
Client 44 uploaded
Client 90 trained
Client 90 uploaded
Client 2 trained
Client 2 uploaded
Epoch(t): 451 accuracy: 84.28 loss 0.4424466894567013 run_time: 653.8563694953918
TiFL算法: 选择层 0，信用值剩余 1，选择概率 0.3333
Current clients: 20 , select: 10
| current_epoch 452 |. Begin client select
SchedulerThread schedule Tier [0], select(10 clients):
99 | 44 | 8 | 34 | 2 | 62 | 37 | 59 | 54 | 22 |
-----------------------------------------------------------------Schedule complete
Client 59 trained
Client 59 uploaded
Client 37 trained
Client 37 uploaded
Client 44 trained
Client 44 uploaded
Client 2 trained
Client 2 uploaded
Client 8 trained
Client 8 uploaded
Client 62 trained
Client 62 uploaded
Client 34 trained
Client 34 uploaded
Client 54 trained
Client 54 uploaded
Client 22 trained
Client 22 uploaded
Client 99 trained
Client 99 uploaded
Epoch(t): 452 accuracy: 84.36 loss 0.4347019582986832 run_time: 655.2381744384766
TiFL算法: 选择层 0，信用值剩余 0，选择概率 0.3333
Current clients: 20 , select: 10
| current_epoch 453 |. Begin client select
SchedulerThread schedule Tier [0], select(10 clients):
83 | 44 | 8 | 37 | 1 | 90 | 85 | 39 | 59 | 94 |
-----------------------------------------------------------------Schedule complete
Client 39 trained
Client 39 uploaded
Client 83 trained
Client 83 uploaded
Client 94 trained
Client 94 uploaded
Client 1 trained
Client 1 uploaded
Client 59 trained
Client 59 uploaded
Client 44 trained
Client 44 uploaded
Client 37 trained
Client 37 uploaded
Client 8 trained
Client 8 uploaded
Client 90 trained
Client 90 uploaded
Client 85 trained
Client 85 uploaded
Epoch(t): 453 accuracy: 84.63 loss 0.4216712161898613 run_time: 656.7577736377716
TiFL算法: 选择层 1，信用值剩余 4，选择概率 0.1333
Current clients: 20 , select: 10
| current_epoch 454 |. Begin client select
SchedulerThread schedule Tier [1], select(10 clients):
51 | 46 | 82 | 9 | 27 | 33 | 81 | 24 | 25 | 16 |
-----------------------------------------------------------------Schedule complete
Client 9 trained
Client 9 uploaded
Client 25 trained
Client 25 uploaded
Client 16 trained
Client 16 uploaded
Client 51 trained
Client 51 uploaded
Client 24 trained
Client 24 uploaded
Client 46 trained
Client 46 uploaded
Client 27 trained
Client 27 uploaded
Client 82 trained
Client 82 uploaded
Client 81 trained
Client 81 uploaded
Client 33 trained
Client 33 uploaded
Epoch(t): 454 accuracy: 82.76 loss 0.5147137923538685 run_time: 658.3544819355011
TiFL算法: 选择层 4，信用值剩余 3，选择概率 0.2000
Current clients: 20 , select: 10
| current_epoch 455 |. Begin client select
SchedulerThread schedule Tier [4], select(10 clients):
73 | 61 | 45 | 52 | 42 | 72 | 19 | 80 | 48 | 71 |
-----------------------------------------------------------------Schedule complete
Client 73 trained
Client 73 uploaded
Client 80 trained
Client 80 uploaded
Client 72 trained
Client 72 uploaded
Client 48 trained
Client 48 uploaded
Client 71 trained
Client 71 uploaded
Client 52 trained
Client 52 uploaded
Client 61 trained
Client 61 uploaded
Client 45 trained
Client 45 uploaded
Client 42 trained
Client 42 uploaded
Client 19 trained
Client 19 uploaded
Epoch(t): 455 accuracy: 76.69 loss 0.7223593232035637 run_time: 659.3797624111176
TiFL算法: 选择层 3，信用值剩余 0，选择概率 0.2667
Current clients: 20 , select: 10
| current_epoch 456 |. Begin client select
SchedulerThread schedule Tier [3], select(10 clients):
32 | 98 | 66 | 35 | 17 | 77 | 70 | 14 | 96 | 67 |
-----------------------------------------------------------------Schedule complete
Client 14 trained
Client 14 uploaded
Client 70 trained
Client 70 uploaded
Client 96 trained
Client 96 uploaded
Client 32 trained
Client 32 uploaded
Client 98 trained
Client 98 uploaded
Client 67 trained
Client 67 uploaded
Client 77 trained
Client 77 uploaded
Client 66 trained
Client 66 uploaded
Client 35 trained
Client 35 uploaded
Client 17 trained
Client 17 uploaded
Epoch(t): 456 accuracy: 80.16 loss 0.6331092974543572 run_time: 661.282318353653
TiFL算法: 选择层 1，信用值剩余 3，选择概率 0.1333
Current clients: 20 , select: 10
| current_epoch 457 |. Begin client select
SchedulerThread schedule Tier [1], select(10 clients):
69 | 43 | 53 | 51 | 93 | 16 | 82 | 46 | 15 | 13 |
-----------------------------------------------------------------Schedule complete
Client 93 trained
Client 93 uploaded
Client 43 trained
Client 43 uploaded
Client 53 trained
Client 53 uploaded
Client 16 trained
Client 16 uploaded
Client 51 trained
Client 51 uploaded
Client 46 trained
Client 46 uploaded
Client 69 trained
Client 69 uploaded
Client 13 trained
Client 13 uploaded
Client 15 trained
Client 15 uploaded
Client 82 trained
Client 82 uploaded
Epoch(t): 457 accuracy: 85.51 loss 0.4051879613101482 run_time: 663.0429089069366
TiFL算法: 选择层 1，信用值剩余 2，选择概率 0.1333
Current clients: 20 , select: 10
| current_epoch 458 |. Begin client select
SchedulerThread schedule Tier [1], select(10 clients):
86 | 50 | 25 | 9 | 51 | 43 | 53 | 13 | 46 | 82 |
-----------------------------------------------------------------Schedule complete
Client 86 trained
Client 86 uploaded
Client 43 trained
Client 43 uploaded
Client 25 trained
Client 25 uploaded
Client 53 trained
Client 53 uploaded
Client 9 trained
Client 9 uploaded
Client 51 trained
Client 51 uploaded
Client 46 trained
Client 46 uploaded
Client 13 trained
Client 13 uploaded
Client 82 trained
Client 82 uploaded
Client 50 trained
Client 50 uploaded
Epoch(t): 458 accuracy: 84.03 loss 0.4277549910545349 run_time: 664.9136877059937
TiFL算法: 选择层 2，信用值剩余 4，选择概率 0.0667
Current clients: 20 , select: 10
| current_epoch 459 |. Begin client select
SchedulerThread schedule Tier [2], select(10 clients):
31 | 55 | 10 | 21 | 23 | 84 | 63 | 4 | 60 | 68 |
-----------------------------------------------------------------Schedule complete
Client 21 trained
Client 21 uploaded
Client 55 trained
Client 55 uploaded
Client 31 trained
Client 31 uploaded
Client 4 trained
Client 4 uploaded
Client 63 trained
Client 63 uploaded
Client 60 trained
Client 60 uploaded
Client 10 trained
Client 10 uploaded
Client 84 trained
Client 84 uploaded
Client 68 trained
Client 68 uploaded
Client 23 trained
Client 23 uploaded
Epoch(t): 459 accuracy: 80.13 loss 0.5163465374708176 run_time: 665.933750629425
各层当前精度: [(0, 243.13450000000003), (1, 247.69700000000003), (2, 245.4), (3, 242.7715), (4, 242.80150000000003)]
各层当前信用值: [0, 2, 4, 0, 3]
层4 精度=242.8015 排名=2/3 初始概率=0.6667
层2 精度=245.4000 排名=4/3 初始概率=0.0000
层1 精度=247.6970 排名=5/3 初始概率=0.0000
更新后的层选择概率: ['0.0000', '0.0000', '0.0000', '0.0000', '1.0000']
TiFL算法: 选择层 4，信用值剩余 2，选择概率 1.0000
Current clients: 20 , select: 10
| current_epoch 460 |. Begin client select
SchedulerThread schedule Tier [4], select(10 clients):
26 | 72 | 3 | 41 | 28 | 48 | 40 | 45 | 80 | 61 |
-----------------------------------------------------------------Schedule complete
Client 72 trained
Client 72 uploaded
Client 41 trained
Client 41 uploaded
Client 48 trained
Client 48 uploaded
Client 80 trained
Client 80 uploaded
Client 61 trained
Client 61 uploaded
Client 28 trained
Client 28 uploaded
Client 45 trained
Client 45 uploaded
Client 3 trained
Client 3 uploaded
Client 40 trained
Client 40 uploaded
Client 26 trained
Client 26 uploaded
Epoch(t): 460 accuracy: 84.57 loss 0.43636075213551523 run_time: 666.9215207099915
TiFL算法: 选择层 4，信用值剩余 1，选择概率 1.0000
Current clients: 20 , select: 10
| current_epoch 461 |. Begin client select
SchedulerThread schedule Tier [4], select(10 clients):
41 | 71 | 52 | 61 | 19 | 80 | 79 | 42 | 28 | 47 |
-----------------------------------------------------------------Schedule complete
Client 41 trained
Client 41 uploaded
Client 71 trained
Client 71 uploaded
Client 80 trained
Client 80 uploaded
Client 42 trained
Client 42 uploaded
Client 79 trained
Client 79 uploaded
Client 19 trained
Client 19 uploaded
Client 28 trained
Client 28 uploaded
Client 52 trained
Client 52 uploaded
Client 61 trained
Client 61 uploaded
Client 47 trained
Client 47 uploaded
Epoch(t): 461 accuracy: 81.14 loss 0.5158935788273812 run_time: 668.1308064460754
TiFL算法: 选择层 4，信用值剩余 0，选择概率 1.0000
Current clients: 20 , select: 10
| current_epoch 462 |. Begin client select
SchedulerThread schedule Tier [4], select(10 clients):
64 | 19 | 3 | 40 | 79 | 71 | 41 | 72 | 49 | 56 |
-----------------------------------------------------------------Schedule complete
Client 72 trained
Client 72 uploaded
Client 71 trained
Client 71 uploaded
Client 41 trained
Client 41 uploaded
Client 19 trained
Client 19 uploaded
Client 79 trained
Client 79 uploaded
Client 49 trained
Client 49 uploaded
Client 40 trained
Client 40 uploaded
Client 3 trained
Client 3 uploaded
Client 64 trained
Client 64 uploaded
Client 56 trained
Client 56 uploaded
Epoch(t): 462 accuracy: 77.6 loss 0.6603810846805572 run_time: 669.4755194187164
警告：无法找到有信用值的层，随机选择层0并重置所有信用值
TiFL算法: 选择层 0，信用值剩余 4，选择概率 0.0000
Current clients: 20 , select: 10
| current_epoch 463 |. Begin client select
SchedulerThread schedule Tier [0], select(10 clients):
62 | 22 | 99 | 39 | 54 | 2 | 90 | 1 | 34 | 6 |
-----------------------------------------------------------------Schedule complete
Client 39 trained
Client 39 uploaded
Client 90 trained
Client 90 uploaded
Client 6 trained
Client 6 uploaded
Client 2 trained
Client 2 uploaded
Client 54 trained
Client 54 uploaded
Client 34 trained
Client 34 uploaded
Client 62 trained
Client 62 uploaded
Client 22 trained
Client 22 uploaded
Client 1 trained
Client 1 uploaded
Client 99 trained
Client 99 uploaded
Epoch(t): 463 accuracy: 80.88 loss 0.5724730661511421 run_time: 670.7861382961273
TiFL算法: 选择层 4，信用值剩余 4，选择概率 1.0000
Current clients: 20 , select: 10
| current_epoch 464 |. Begin client select
SchedulerThread schedule Tier [4], select(10 clients):
72 | 19 | 71 | 56 | 40 | 47 | 41 | 49 | 28 | 80 |
-----------------------------------------------------------------Schedule complete
Client 72 trained
Client 72 uploaded
Client 71 trained
Client 71 uploaded
Client 80 trained
Client 80 uploaded
Client 41 trained
Client 41 uploaded
Client 28 trained
Client 28 uploaded
Client 19 trained
Client 19 uploaded
Client 47 trained
Client 47 uploaded
Client 40 trained
Client 40 uploaded
Client 49 trained
Client 49 uploaded
Client 56 trained
Client 56 uploaded
Epoch(t): 464 accuracy: 81.59 loss 0.5385134202241898 run_time: 672.1310889720917
TiFL算法: 选择层 4，信用值剩余 3，选择概率 1.0000
Current clients: 20 , select: 10
| current_epoch 465 |. Begin client select
SchedulerThread schedule Tier [4], select(10 clients):
80 | 49 | 61 | 73 | 42 | 48 | 28 | 40 | 52 | 56 |
-----------------------------------------------------------------Schedule complete
Client 73 trained
Client 73 uploaded
Client 48 trained
Client 48 uploaded
Client 80 trained
Client 80 uploaded
Client 28 trained
Client 28 uploaded
Client 49 trained
Client 49 uploaded
Client 42 trained
Client 42 uploaded
Client 52 trained
Client 52 uploaded
Client 40 trained
Client 40 uploaded
Client 61 trained
Client 61 uploaded
Client 56 trained
Client 56 uploaded
Epoch(t): 465 accuracy: 82.47 loss 0.5137503811717034 run_time: 673.4166762828827
TiFL算法: 选择层 4，信用值剩余 2，选择概率 1.0000
Current clients: 20 , select: 10
| current_epoch 466 |. Begin client select
SchedulerThread schedule Tier [4], select(10 clients):
52 | 26 | 79 | 41 | 64 | 56 | 49 | 80 | 61 | 19 |
-----------------------------------------------------------------Schedule complete
Client 41 trained
Client 41 uploaded
Client 80 trained
Client 80 uploaded
Client 26 trained
Client 26 uploaded
Client 19 trained
Client 19 uploaded
Client 79 trained
Client 79 uploaded
Client 49 trained
Client 49 uploaded
Client 61 trained
Client 61 uploaded
Client 52 trained
Client 52 uploaded
Client 64 trained
Client 64 uploaded
Client 56 trained
Client 56 uploaded
Epoch(t): 466 accuracy: 80.72 loss 0.5731255319714547 run_time: 674.932106256485
TiFL算法: 选择层 4，信用值剩余 1，选择概率 1.0000
Current clients: 20 , select: 10
| current_epoch 467 |. Begin client select
SchedulerThread schedule Tier [4], select(10 clients):
45 | 52 | 41 | 64 | 73 | 72 | 19 | 47 | 56 | 42 |
-----------------------------------------------------------------Schedule complete
Client 72 trained
Client 72 uploaded
Client 73 trained
Client 73 uploaded
Client 41 trained
Client 41 uploaded
Client 19 trained
Client 19 uploaded
Client 42 trained
Client 42 uploaded
Client 64 trained
Client 64 uploaded
Client 52 trained
Client 52 uploaded
Client 47 trained
Client 47 uploaded
Client 45 trained
Client 45 uploaded
Client 56 trained
Client 56 uploaded
Epoch(t): 467 accuracy: 83.08 loss 0.49109059929847715 run_time: 676.330274105072
TiFL算法: 选择层 4，信用值剩余 0，选择概率 1.0000
Current clients: 20 , select: 10
| current_epoch 468 |. Begin client select
SchedulerThread schedule Tier [4], select(10 clients):
64 | 42 | 61 | 28 | 49 | 56 | 40 | 3 | 41 | 26 |
-----------------------------------------------------------------Schedule complete
Client 41 trained
Client 41 uploaded
Client 42 trained
Client 42 uploaded
Client 26 trained
Client 26 uploaded
Client 28 trained
Client 28 uploaded
Client 49 trained
Client 49 uploaded
Client 3 trained
Client 3 uploaded
Client 61 trained
Client 61 uploaded
Client 40 trained
Client 40 uploaded
Client 64 trained
Client 64 uploaded
Client 56 trained
Client 56 uploaded
Epoch(t): 468 accuracy: 79.45 loss 0.6263972240686416 run_time: 677.6936707496643
警告：无法找到有信用值的层，随机选择层0并重置所有信用值
TiFL算法: 选择层 0，信用值剩余 4，选择概率 0.0000
Current clients: 20 , select: 10
| current_epoch 469 |. Begin client select
SchedulerThread schedule Tier [0], select(10 clients):
34 | 99 | 2 | 90 | 83 | 94 | 54 | 6 | 8 | 37 |
-----------------------------------------------------------------Schedule complete
Client 83 trained
Client 83 uploaded
Client 37 trained
Client 37 uploaded
Client 8 trained
Client 8 uploaded
Client 90 trained
Client 90 uploaded
Client 94 trained
Client 94 uploaded
Client 6 trained
Client 6 uploaded
Client 54 trained
Client 54 uploaded
Client 2 trained
Client 2 uploaded
Client 34 trained
Client 34 uploaded
Client 99 trained
Client 99 uploaded
Epoch(t): 469 accuracy: 82.46 loss 0.4876822754740715 run_time: 679.0872566699982
TiFL算法: 选择层 4，信用值剩余 4，选择概率 1.0000
Current clients: 20 , select: 10
| current_epoch 470 |. Begin client select
SchedulerThread schedule Tier [4], select(10 clients):
26 | 71 | 40 | 41 | 73 | 3 | 79 | 64 | 56 | 47 |
-----------------------------------------------------------------Schedule complete
Client 71 trained
Client 71 uploaded
Client 73 trained
Client 73 uploaded
Client 41 trained
Client 41 uploaded
Client 26 trained
Client 26 uploaded
Client 3 trained
Client 3 uploaded
Client 79 trained
Client 79 uploaded
Client 40 trained
Client 40 uploaded
Client 47 trained
Client 47 uploaded
Client 64 trained
Client 64 uploaded
Client 56 trained
Client 56 uploaded
Epoch(t): 470 accuracy: 79.98 loss 0.6102932015061379 run_time: 680.4581823348999
TiFL算法: 选择层 4，信用值剩余 3，选择概率 1.0000
Current clients: 20 , select: 10
| current_epoch 471 |. Begin client select
SchedulerThread schedule Tier [4], select(10 clients):
40 | 64 | 71 | 79 | 28 | 52 | 48 | 56 | 73 | 45 |
-----------------------------------------------------------------Schedule complete
Client 48 trained
Client 48 uploaded
Client 71 trained
Client 71 uploaded
Client 73 trained
Client 73 uploaded
Client 28 trained
Client 28 uploaded
Client 79 trained
Client 79 uploaded
Client 64 trained
Client 64 uploaded
Client 40 trained
Client 40 uploaded
Client 52 trained
Client 52 uploaded
Client 45 trained
Client 45 uploaded
Client 56 trained
Client 56 uploaded
Epoch(t): 471 accuracy: 72.61 loss 0.938362005352974 run_time: 681.7375538349152
TiFL算法: 选择层 4，信用值剩余 2，选择概率 1.0000
Current clients: 20 , select: 10
| current_epoch 472 |. Begin client select
SchedulerThread schedule Tier [4], select(10 clients):
56 | 73 | 49 | 28 | 71 | 48 | 80 | 26 | 64 | 47 |
-----------------------------------------------------------------Schedule complete
Client 73 trained
Client 73 uploaded
Client 48 trained
Client 48 uploaded
Client 80 trained
Client 80 uploaded
Client 71 trained
Client 71 uploaded
Client 28 trained
Client 28 uploaded
Client 26 trained
Client 26 uploaded
Client 47 trained
Client 47 uploaded
Client 49 trained
Client 49 uploaded
Client 64 trained
Client 64 uploaded
Client 56 trained
Client 56 uploaded
Epoch(t): 472 accuracy: 82.9 loss 0.49767077445983887 run_time: 683.1278846263885
TiFL算法: 选择层 4，信用值剩余 1，选择概率 1.0000
Current clients: 20 , select: 10
| current_epoch 473 |. Begin client select
SchedulerThread schedule Tier [4], select(10 clients):
61 | 45 | 42 | 40 | 64 | 26 | 19 | 47 | 80 | 48 |
-----------------------------------------------------------------Schedule complete
Client 48 trained
Client 48 uploaded
Client 80 trained
Client 80 uploaded
Client 42 trained
Client 42 uploaded
Client 19 trained
Client 19 uploaded
Client 26 trained
Client 26 uploaded
Client 61 trained
Client 61 uploaded
Client 47 trained
Client 47 uploaded
Client 40 trained
Client 40 uploaded
Client 64 trained
Client 64 uploaded
Client 45 trained
Client 45 uploaded
Epoch(t): 473 accuracy: 81.87 loss 0.5085495284199715 run_time: 684.430581331253
TiFL算法: 选择层 4，信用值剩余 0，选择概率 1.0000
Current clients: 20 , select: 10
| current_epoch 474 |. Begin client select
SchedulerThread schedule Tier [4], select(10 clients):
26 | 73 | 80 | 64 | 79 | 45 | 48 | 42 | 3 | 41 |
-----------------------------------------------------------------Schedule complete
Client 80 trained
Client 80 uploaded
Client 73 trained
Client 73 uploaded
Client 48 trained
Client 48 uploaded
Client 41 trained
Client 41 uploaded
Client 42 trained
Client 42 uploaded
Client 26 trained
Client 26 uploaded
Client 64 trained
Client 64 uploaded
Client 79 trained
Client 79 uploaded
Client 3 trained
Client 3 uploaded
Client 45 trained
Client 45 uploaded
Epoch(t): 474 accuracy: 79.78 loss 0.5866792285442353 run_time: 685.4773051738739
警告：无法找到有信用值的层，随机选择层2并重置所有信用值
TiFL算法: 选择层 2，信用值剩余 4，选择概率 0.0000
Current clients: 20 , select: 10
| current_epoch 475 |. Begin client select
SchedulerThread schedule Tier [2], select(10 clients):
95 | 23 | 12 | 68 | 38 | 75 | 18 | 55 | 89 | 60 |
-----------------------------------------------------------------Schedule complete
Client 60 trained
Client 60 uploaded
Client 38 trained
Client 38 uploaded
Client 89 trained
Client 89 uploaded
Client 75 trained
Client 75 uploaded
Client 12 trained
Client 12 uploaded
Client 68 trained
Client 68 uploaded
Client 55 trained
Client 55 uploaded
Client 23 trained
Client 23 uploaded
Client 95 trained
Client 95 uploaded
Client 18 trained
Client 18 uploaded
Epoch(t): 475 accuracy: 81.51 loss 0.5040325310826301 run_time: 686.866715669632
TiFL算法: 选择层 4，信用值剩余 4，选择概率 1.0000
Current clients: 20 , select: 10
| current_epoch 476 |. Begin client select
SchedulerThread schedule Tier [4], select(10 clients):
64 | 72 | 48 | 26 | 45 | 47 | 28 | 42 | 56 | 73 |
-----------------------------------------------------------------Schedule complete
Client 73 trained
Client 73 uploaded
Client 72 trained
Client 72 uploaded
Client 48 trained
Client 48 uploaded
Client 42 trained
Client 42 uploaded
Client 26 trained
Client 26 uploaded
Client 47 trained
Client 47 uploaded
Client 28 trained
Client 28 uploaded
Client 64 trained
Client 64 uploaded
Client 45 trained
Client 45 uploaded
Client 56 trained
Client 56 uploaded
Epoch(t): 476 accuracy: 79.18 loss 0.6118223837018013 run_time: 688.3896377086639
TiFL算法: 选择层 4，信用值剩余 3，选择概率 1.0000
Current clients: 20 , select: 10
| current_epoch 477 |. Begin client select
SchedulerThread schedule Tier [4], select(10 clients):
80 | 26 | 45 | 42 | 71 | 47 | 19 | 28 | 56 | 73 |
-----------------------------------------------------------------Schedule complete
Client 80 trained
Client 80 uploaded
Client 71 trained
Client 73 trained
Client 71 uploaded
Client 73 uploaded
Client 19 trained
Client 19 uploaded
Client 42 trained
Client 42 uploaded
Client 26 trained
Client 26 uploaded
Client 47 trained
Client 47 uploaded
Client 28 trained
Client 28 uploaded
Client 45 trained
Client 45 uploaded
Client 56 trained
Client 56 uploaded
Epoch(t): 477 accuracy: 82.0 loss 0.5223166167736053 run_time: 689.8939518928528
TiFL算法: 选择层 4，信用值剩余 2，选择概率 1.0000
Current clients: 20 , select: 10
| current_epoch 478 |. Begin client select
SchedulerThread schedule Tier [4], select(10 clients):
79 | 41 | 72 | 56 | 48 | 26 | 28 | 52 | 73 | 64 |
-----------------------------------------------------------------Schedule complete
Client 48 trained
Client 48 uploaded
Client 41 trained
Client 41 uploaded
Client 73 trained
Client 73 uploaded
Client 72 trained
Client 72 uploaded
Client 26 trained
Client 26 uploaded
Client 79 trained
Client 79 uploaded
Client 52 trained
Client 52 uploaded
Client 28 trained
Client 28 uploaded
Client 64 trained
Client 64 uploaded
Client 56 trained
Client 56 uploaded
Epoch(t): 478 accuracy: 73.0 loss 0.8812211099267006 run_time: 691.2526650428772
TiFL算法: 选择层 4，信用值剩余 1，选择概率 1.0000
Current clients: 20 , select: 10
| current_epoch 479 |. Begin client select
SchedulerThread schedule Tier [4], select(10 clients):
49 | 3 | 48 | 64 | 52 | 79 | 19 | 41 | 73 | 47 |
-----------------------------------------------------------------Schedule complete
Client 48 trained
Client 48 uploaded
Client 73 trained
Client 73 uploaded
Client 41 trained
Client 41 uploaded
Client 47 trained
Client 47 uploaded
Client 79 trained
Client 79 uploaded
Client 52 trained
Client 52 uploaded
Client 49 trained
Client 49 uploaded
Client 3 trained
Client 3 uploaded
Client 19 trained
Client 19 uploaded
Client 64 trained
Client 64 uploaded
Epoch(t): 479 accuracy: 84.02 loss 0.4422433930635452 run_time: 692.3513424396515
TiFL算法: 选择层 4，信用值剩余 0，选择概率 1.0000
Current clients: 20 , select: 10
| current_epoch 480 |. Begin client select
SchedulerThread schedule Tier [4], select(10 clients):
47 | 73 | 49 | 48 | 19 | 64 | 72 | 56 | 3 | 61 |
-----------------------------------------------------------------Schedule complete
Client 48 trained
Client 48 uploaded
Client 72 trained
Client 72 uploaded
Client 73 trained
Client 73 uploaded
Client 47 trained
Client 47 uploaded
Client 49 trained
Client 49 uploaded
Client 19 trained
Client 19 uploaded
Client 61 trained
Client 61 uploaded
Client 3 trained
Client 3 uploaded
Client 64 trained
Client 64 uploaded
Client 56 trained
Client 56 uploaded
Epoch(t): 480 accuracy: 81.54 loss 0.5472050851583481 run_time: 693.7565312385559
警告：无法找到有信用值的层，随机选择层1并重置所有信用值
TiFL算法: 选择层 1，信用值剩余 4，选择概率 0.0000
Current clients: 20 , select: 10
| current_epoch 481 |. Begin client select
SchedulerThread schedule Tier [1], select(10 clients):
16 | 50 | 24 | 51 | 93 | 46 | 27 | 81 | 9 | 36 |
-----------------------------------------------------------------Schedule complete
Client 93 trained
Client 93 uploaded
Client 9 trained
Client 9 uploaded
Client 16 trained
Client 16 uploaded
Client 51 trained
Client 51 uploaded
Client 46 trained
Client 46 uploaded
Client 24 trained
Client 24 uploaded
Client 50 trained
Client 50 uploaded
Client 36 trained
Client 36 uploaded
Client 81 trained
Client 81 uploaded
Client 27 trained
Client 27 uploaded
Epoch(t): 481 accuracy: 83.96 loss 0.4702875359356403 run_time: 695.2373926639557
TiFL算法: 选择层 4，信用值剩余 4，选择概率 1.0000
Current clients: 20 , select: 10
| current_epoch 482 |. Begin client select
SchedulerThread schedule Tier [4], select(10 clients):
72 | 49 | 28 | 3 | 45 | 79 | 47 | 42 | 41 | 80 |
-----------------------------------------------------------------Schedule complete
Client 72 trained
Client 72 uploaded
Client 80 trained
Client 80 uploaded
Client 41 trained
Client 41 uploaded
Client 47 trained
Client 47 uploaded
Client 79 trained
Client 79 uploaded
Client 42 trained
Client 42 uploaded
Client 3 trained
Client 3 uploaded
Client 28 trained
Client 28 uploaded
Client 45 trained
Client 45 uploaded
Client 49 trained
Client 49 uploaded
Epoch(t): 482 accuracy: 78.58 loss 0.615638658106327 run_time: 696.3372464179993
TiFL算法: 选择层 4，信用值剩余 3，选择概率 1.0000
Current clients: 20 , select: 10
| current_epoch 483 |. Begin client select
SchedulerThread schedule Tier [4], select(10 clients):
56 | 72 | 79 | 71 | 28 | 49 | 73 | 52 | 40 | 47 |
-----------------------------------------------------------------Schedule complete
Client 72 trained
Client 72 uploaded
Client 73 trained
Client 73 uploaded
Client 71 trained
Client 71 uploaded
Client 79 trained
Client 79 uploaded
Client 47 trained
Client 47 uploaded
Client 28 trained
Client 28 uploaded
Client 52 trained
Client 52 uploaded
Client 40 trained
Client 40 uploaded
Client 49 trained
Client 49 uploaded
Client 56 trained
Client 56 uploaded
Epoch(t): 483 accuracy: 75.82 loss 0.7570230203866959 run_time: 697.6146097183228
TiFL算法: 选择层 4，信用值剩余 2，选择概率 1.0000
Current clients: 20 , select: 10
| current_epoch 484 |. Begin client select
SchedulerThread schedule Tier [4], select(10 clients):
61 | 64 | 19 | 52 | 56 | 72 | 28 | 71 | 40 | 48 |
-----------------------------------------------------------------Schedule complete
Client 72 trained
Client 72 uploaded
Client 48 trained
Client 48 uploaded
Client 71 trained
Client 71 uploaded
Client 28 trained
Client 28 uploaded
Client 61 trained
Client 61 uploaded
Client 52 trained
Client 52 uploaded
Client 40 trained
Client 40 uploaded
Client 64 trained
Client 64 uploaded
Client 19 trained
Client 19 uploaded
Client 56 trained
Client 56 uploaded
Epoch(t): 484 accuracy: 75.8 loss 0.7622968876361846 run_time: 699.0015909671783
TiFL算法: 选择层 4，信用值剩余 1，选择概率 1.0000
Current clients: 20 , select: 10
| current_epoch 485 |. Begin client select
SchedulerThread schedule Tier [4], select(10 clients):
72 | 80 | 71 | 26 | 52 | 79 | 73 | 47 | 56 | 42 |
-----------------------------------------------------------------Schedule complete
Client 80 trained
Client 80 uploaded
Client 72 trained
Client 72 uploaded
Client 71 trained
Client 71 uploaded
Client 73 trained
Client 73 uploaded
Client 42 trained
Client 42 uploaded
Client 26 trained
Client 26 uploaded
Client 52 trained
Client 52 uploaded
Client 79 trained
Client 79 uploaded
Client 47 trained
Client 47 uploaded
Client 56 trained
Client 56 uploaded
Epoch(t): 485 accuracy: 81.11 loss 0.5417339664697647 run_time: 700.3800532817841
TiFL算法: 选择层 4，信用值剩余 0，选择概率 1.0000
Current clients: 20 , select: 10
| current_epoch 486 |. Begin client select
SchedulerThread schedule Tier [4], select(10 clients):
19 | 28 | 56 | 45 | 41 | 72 | 48 | 73 | 71 | 52 |
-----------------------------------------------------------------Schedule complete
Client 73 trained
Client 73 uploaded
Client 48 trained
Client 48 uploaded
Client 41 trained
Client 41 uploaded
Client 71 trained
Client 71 uploaded
Client 72 trained
Client 72 uploaded
Client 52 trained
Client 52 uploaded
Client 28 trained
Client 28 uploaded
Client 45 trained
Client 45 uploaded
Client 19 trained
Client 19 uploaded
Client 56 trained
Client 56 uploaded
Epoch(t): 486 accuracy: 75.57 loss 0.7842672500014305 run_time: 701.5935308933258
警告：无法找到有信用值的层，随机选择层2并重置所有信用值
TiFL算法: 选择层 2，信用值剩余 4，选择概率 0.0000
Current clients: 20 , select: 10
| current_epoch 487 |. Begin client select
SchedulerThread schedule Tier [2], select(10 clients):
84 | 87 | 63 | 75 | 74 | 31 | 23 | 60 | 4 | 7 |
-----------------------------------------------------------------Schedule complete
Client 74 trained
Client 74 uploaded
Client 7 trained
Client 7 uploaded
Client 87 trained
Client 87 uploaded
Client 31 trained
Client 31 uploaded
Client 75 trained
Client 75 uploaded
Client 60 trained
Client 60 uploaded
Client 23 trained
Client 23 uploaded
Client 84 trained
Client 84 uploaded
Client 63 trained
Client 63 uploaded
Client 4 trained
Client 4 uploaded
Epoch(t): 487 accuracy: 82.52 loss 0.48825510531663896 run_time: 702.5521504878998
TiFL算法: 选择层 4，信用值剩余 4，选择概率 1.0000
Current clients: 20 , select: 10
| current_epoch 488 |. Begin client select
SchedulerThread schedule Tier [4], select(10 clients):
79 | 42 | 52 | 48 | 45 | 71 | 61 | 80 | 56 | 41 |
-----------------------------------------------------------------Schedule complete
Client 48 trained
Client 48 uploaded
Client 71 trained
Client 71 uploaded
Client 41 trained
Client 41 uploaded
Client 80 trained
Client 80 uploaded
Client 79 trained
Client 79 uploaded
Client 61 trained
Client 61 uploaded
Client 42 trained
Client 42 uploaded
Client 52 trained
Client 52 uploaded
Client 45 trained
Client 45 uploaded
Client 56 trained
Client 56 uploaded
Epoch(t): 488 accuracy: 78.79 loss 0.6141671681404114 run_time: 703.9712655544281
TiFL算法: 选择层 4，信用值剩余 3，选择概率 1.0000
Current clients: 20 , select: 10
| current_epoch 489 |. Begin client select
SchedulerThread schedule Tier [4], select(10 clients):
73 | 19 | 41 | 71 | 80 | 61 | 64 | 45 | 3 | 48 |
-----------------------------------------------------------------Schedule complete
Client 41 trained
Client 41 uploaded
Client 71 trained
Client 71 uploaded
Client 48 trained
Client 48 uploaded
Client 80 trained
Client 80 uploaded
Client 73 trained
Client 73 uploaded
Client 61 trained
Client 61 uploaded
Client 3 trained
Client 3 uploaded
Client 64 trained
Client 64 uploaded
Client 45 trained
Client 45 uploaded
Client 19 trained
Client 19 uploaded
Epoch(t): 489 accuracy: 80.21 loss 0.5738230082392692 run_time: 704.9009728431702
TiFL算法: 选择层 4，信用值剩余 2，选择概率 1.0000
Current clients: 20 , select: 10
| current_epoch 490 |. Begin client select
SchedulerThread schedule Tier [4], select(10 clients):
64 | 3 | 72 | 47 | 42 | 79 | 48 | 71 | 41 | 56 |
-----------------------------------------------------------------Schedule complete
Client 41 trained
Client 41 uploaded
Client 72 trained
Client 72 uploaded
Client 48 trained
Client 48 uploaded
Client 71 trained
Client 71 uploaded
Client 79 trained
Client 79 uploaded
Client 42 trained
Client 42 uploaded
Client 3 trained
Client 3 uploaded
Client 47 trained
Client 47 uploaded
Client 64 trained
Client 64 uploaded
Client 56 trained
Client 56 uploaded
Epoch(t): 490 accuracy: 78.81 loss 0.6282554227113724 run_time: 706.3066084384918
TiFL算法: 选择层 4，信用值剩余 1，选择概率 1.0000
Current clients: 20 , select: 10
| current_epoch 491 |. Begin client select
SchedulerThread schedule Tier [4], select(10 clients):
71 | 19 | 26 | 52 | 45 | 48 | 56 | 40 | 80 | 64 |
-----------------------------------------------------------------Schedule complete
Client 71 trained
Client 71 uploaded
Client 80 trained
Client 80 uploaded
Client 48 trained
Client 48 uploaded
Client 26 trained
Client 26 uploaded
Client 64 trained
Client 64 uploaded
Client 19 trained
Client 19 uploaded
Client 45 trained
Client 45 uploaded
Client 40 trained
Client 40 uploaded
Client 52 trained
Client 52 uploaded
Client 56 trained
Client 56 uploaded
Epoch(t): 491 accuracy: 76.49 loss 0.7569016534090042 run_time: 707.661652803421
TiFL算法: 选择层 4，信用值剩余 0，选择概率 1.0000
Current clients: 20 , select: 10
| current_epoch 492 |. Begin client select
SchedulerThread schedule Tier [4], select(10 clients):
80 | 3 | 56 | 28 | 52 | 73 | 26 | 71 | 41 | 40 |
-----------------------------------------------------------------Schedule complete
Client 71 trained
Client 71 uploaded
Client 80 trained
Client 80 uploaded
Client 73 trained
Client 41 trained
Client 73 uploaded
Client 41 uploaded
Client 40 trained
Client 40 uploaded
Client 52 trained
Client 52 uploaded
Client 3 trained
Client 3 uploaded
Client 28 trained
Client 28 uploaded
Client 26 trained
Client 26 uploaded
Client 56 trained
Client 56 uploaded
Epoch(t): 492 accuracy: 72.12 loss 1.0241567873954773 run_time: 708.9653429985046
警告：无法找到有信用值的层，随机选择层0并重置所有信用值
TiFL算法: 选择层 0，信用值剩余 4，选择概率 0.0000
Current clients: 20 , select: 10
| current_epoch 493 |. Begin client select
SchedulerThread schedule Tier [0], select(10 clients):
94 | 22 | 34 | 6 | 91 | 62 | 85 | 5 | 8 | 83 |
-----------------------------------------------------------------Schedule complete
Client 83 trained
Client 83 uploaded
Client 8 trained
Client 8 uploaded
Client 85 trained
Client 85 uploaded
Client 5 trained
Client 5 uploaded
Client 6 trained
Client 6 uploaded
Client 22 trained
Client 22 uploaded
Client 94 trained
Client 94 uploaded
Client 91 trained
Client 91 uploaded
Client 62 trained
Client 62 uploaded
Client 34 trained
Client 34 uploaded
Epoch(t): 493 accuracy: 81.75 loss 0.5444525852799416 run_time: 710.13454246521
TiFL算法: 选择层 4，信用值剩余 4，选择概率 1.0000
Current clients: 20 , select: 10
| current_epoch 494 |. Begin client select
SchedulerThread schedule Tier [4], select(10 clients):
26 | 64 | 40 | 73 | 45 | 71 | 48 | 56 | 41 | 49 |
-----------------------------------------------------------------Schedule complete
Client 71 trained
Client 71 uploaded
Client 48 trained
Client 48 uploaded
Client 73 trained
Client 73 uploaded
Client 41 trained
Client 41 uploaded
Client 49 trained
Client 49 uploaded
Client 64 trained
Client 64 uploaded
Client 26 trained
Client 26 uploaded
Client 40 trained
Client 40 uploaded
Client 45 trained
Client 45 uploaded
Client 56 trained
Client 56 uploaded
Epoch(t): 494 accuracy: 77.19 loss 0.7642342048883438 run_time: 711.3856303691864
TiFL算法: 选择层 4，信用值剩余 3，选择概率 1.0000
Current clients: 20 , select: 10
| current_epoch 495 |. Begin client select
SchedulerThread schedule Tier [4], select(10 clients):
19 | 64 | 45 | 73 | 52 | 48 | 41 | 40 | 26 | 79 |
-----------------------------------------------------------------Schedule complete
Client 48 trained
Client 48 uploaded
Client 41 trained
Client 41 uploaded
Client 73 trained
Client 73 uploaded
Client 26 trained
Client 26 uploaded
Client 79 trained
Client 79 uploaded
Client 64 trained
Client 64 uploaded
Client 52 trained
Client 52 uploaded
Client 40 trained
Client 40 uploaded
Client 19 trained
Client 19 uploaded
Client 45 trained
Client 45 uploaded
Epoch(t): 495 accuracy: 79.14 loss 0.6355448958277702 run_time: 712.4773528575897
TiFL算法: 选择层 4，信用值剩余 2，选择概率 1.0000
Current clients: 20 , select: 10
| current_epoch 496 |. Begin client select
SchedulerThread schedule Tier [4], select(10 clients):
64 | 48 | 3 | 40 | 79 | 56 | 41 | 42 | 49 | 52 |
-----------------------------------------------------------------Schedule complete
Client 41 trained
Client 41 uploaded
Client 48 trained
Client 48 uploaded
Client 42 trained
Client 42 uploaded
Client 79 trained
Client 79 uploaded
Client 49 trained
Client 49 uploaded
Client 52 trained
Client 52 uploaded
Client 3 trained
Client 3 uploaded
Client 40 trained
Client 40 uploaded
Client 64 trained
Client 64 uploaded
Client 56 trained
Client 56 uploaded
Epoch(t): 496 accuracy: 80.95 loss 0.5754341879487037 run_time: 713.8560211658478
TiFL算法: 选择层 4，信用值剩余 1，选择概率 1.0000
Current clients: 20 , select: 10
| current_epoch 497 |. Begin client select
SchedulerThread schedule Tier [4], select(10 clients):
42 | 28 | 73 | 49 | 45 | 52 | 40 | 64 | 41 | 80 |
-----------------------------------------------------------------Schedule complete
Client 80 trained
Client 80 uploaded
Client 41 trained
Client 41 uploaded
Client 73 trained
Client 73 uploaded
Client 28 trained
Client 28 uploaded
Client 49 trained
Client 49 uploaded
Client 64 trained
Client 64 uploaded
Client 40 trained
Client 40 uploaded
Client 52 trained
Client 52 uploaded
Client 45 trained
Client 45 uploaded
Client 42 trained
Client 42 uploaded
Epoch(t): 497 accuracy: 79.97 loss 0.6229643255472184 run_time: 714.8437941074371
TiFL算法: 选择层 4，信用值剩余 0，选择概率 1.0000
Current clients: 20 , select: 10
| current_epoch 498 |. Begin client select
SchedulerThread schedule Tier [4], select(10 clients):
49 | 45 | 80 | 41 | 3 | 73 | 71 | 64 | 28 | 26 |
-----------------------------------------------------------------Schedule complete
Client 80 trained
Client 80 uploaded
Client 73 trained
Client 73 uploaded
Client 71 trained
Client 71 uploaded
Client 41 trained
Client 41 uploaded
Client 49 trained
Client 49 uploaded
Client 28 trained
Client 28 uploaded
Client 64 trained
Client 64 uploaded
Client 3 trained
Client 3 uploaded
Client 45 trained
Client 45 uploaded
Client 26 trained
Client 26 uploaded
Epoch(t): 498 accuracy: 82.96 loss 0.5229999373853207 run_time: 715.8459339141846
警告：无法找到有信用值的层，随机选择层1并重置所有信用值
TiFL算法: 选择层 1，信用值剩余 4，选择概率 0.0000
Current clients: 20 , select: 10
| current_epoch 499 |. Begin client select
SchedulerThread schedule Tier [1], select(10 clients):
46 | 51 | 16 | 93 | 88 | 86 | 82 | 69 | 50 | 33 |
-----------------------------------------------------------------Schedule complete
Client 93 trained
Client 93 uploaded
Client 86 trained
Client 86 uploaded
Client 51 trained
Client 51 uploaded
Client 16 trained
Client 16 uploaded
Client 46 trained
Client 46 uploaded
Client 88 trained
Client 88 uploaded
Client 69 trained
Client 69 uploaded
Client 50 trained
Client 50 uploaded
Client 82 trained
Client 82 uploaded
Client 33 trained
Client 33 uploaded
Epoch(t): 499 accuracy: 84.82 loss 0.443206480294466 run_time: 717.9122428894043
TiFL算法: 选择层 4，信用值剩余 4，选择概率 1.0000
Current clients: 20 , select: 10
| current_epoch 500 |. Begin client select
SchedulerThread schedule Tier [4], select(10 clients):
48 | 3 | 79 | 71 | 61 | 72 | 49 | 40 | 28 | 73 |
-----------------------------------------------------------------Schedule complete
Client 48 trained
Client 48 uploaded
Client 71 trained
Client 71 uploaded
Client 72 trained
Client 72 uploaded
Client 73 trained
Client 73 uploaded
Client 28 trained
Client 28 uploaded
Client 3 trained
Client 3 uploaded
Client 49 trained
Client 49 uploaded
Client 40 trained
Client 40 uploaded
Client 61 trained
Client 61 uploaded
Client 79 trained
Client 79 uploaded
Epoch(t): 500 accuracy: 83.84 loss 0.4784569317102432 run_time: 718.801677942276
TiFL算法: 选择层 4，信用值剩余 3，选择概率 1.0000
Current clients: 20 , select: 10
| current_epoch 501 |. Begin client select
SchedulerThread schedule Tier [4], select(10 clients):
45 | 73 | 56 | 71 | 42 | 3 | 19 | 49 | 52 | 64 |
-----------------------------------------------------------------Schedule complete
Client 73 trained
Client 73 uploaded
Client 71 trained
Client 71 uploaded
Client 19 trained
Client 19 uploaded
Client 49 trained
Client 49 uploaded
Client 42 trained
Client 42 uploaded
Client 64 trained
Client 64 uploaded
Client 52 trained
Client 52 uploaded
Client 3 trained
Client 3 uploaded
Client 45 trained
Client 45 uploaded
Client 56 trained
Client 56 uploaded
Epoch(t): 501 accuracy: 80.98 loss 0.5745052960515022 run_time: 720.2083899974823
TiFL算法: 选择层 4，信用值剩余 2，选择概率 1.0000
Current clients: 20 , select: 10
| current_epoch 502 |. Begin client select
SchedulerThread schedule Tier [4], select(10 clients):
42 | 47 | 56 | 73 | 71 | 41 | 72 | 48 | 26 | 49 |
-----------------------------------------------------------------Schedule complete
Client 73 trained
Client 73 uploaded
Client 48 trained
Client 48 uploaded
Client 71 trained
Client 71 uploaded
Client 72 trained
Client 72 uploaded
Client 41 trained
Client 41 uploaded
Client 42 trained
Client 42 uploaded
Client 26 trained
Client 26 uploaded
Client 47 trained
Client 47 uploaded
Client 49 trained
Client 49 uploaded
Client 56 trained
Client 56 uploaded
Epoch(t): 502 accuracy: 83.98 loss 0.48402719825506213 run_time: 721.5805342197418
TiFL算法: 选择层 4，信用值剩余 1，选择概率 1.0000
Current clients: 20 , select: 10
| current_epoch 503 |. Begin client select
SchedulerThread schedule Tier [4], select(10 clients):
40 | 61 | 64 | 52 | 49 | 71 | 48 | 80 | 73 | 3 |
-----------------------------------------------------------------Schedule complete
Client 80 trained
Client 80 uploaded
Client 71 trained
Client 71 uploaded
Client 73 trained
Client 73 uploaded
Client 48 trained
Client 48 uploaded
Client 40 trained
Client 40 uploaded
Client 64 trained
Client 64 uploaded
Client 52 trained
Client 52 uploaded
Client 49 trained
Client 49 uploaded
Client 61 trained
Client 61 uploaded
Client 3 trained
Client 3 uploaded
Epoch(t): 503 accuracy: 82.87 loss 0.5282149846851826 run_time: 722.436331987381
TiFL算法: 选择层 4，信用值剩余 0，选择概率 1.0000
Current clients: 20 , select: 10
| current_epoch 504 |. Begin client select
SchedulerThread schedule Tier [4], select(10 clients):
64 | 79 | 47 | 3 | 28 | 41 | 19 | 48 | 71 | 42 |
-----------------------------------------------------------------Schedule complete
Client 41 trained
Client 41 uploaded
Client 48 trained
Client 48 uploaded
Client 71 trained
Client 71 uploaded
Client 42 trained
Client 42 uploaded
Client 79 trained
Client 79 uploaded
Client 19 trained
Client 19 uploaded
Client 3 trained
Client 3 uploaded
Client 47 trained
Client 47 uploaded
Client 64 trained
Client 64 uploaded
Client 28 trained
Client 28 uploaded
Epoch(t): 504 accuracy: 81.66 loss 0.5504047355055809 run_time: 723.6286101341248
警告：无法找到有信用值的层，随机选择层4并重置所有信用值
TiFL算法: 选择层 4，信用值剩余 4，选择概率 1.0000
Current clients: 20 , select: 10
| current_epoch 505 |. Begin client select
SchedulerThread schedule Tier [4], select(10 clients):
45 | 26 | 79 | 80 | 47 | 61 | 41 | 72 | 71 | 3 |
-----------------------------------------------------------------Schedule complete
Client 80 trained
Client 80 uploaded
Client 41 trained
Client 41 uploaded
Client 72 trained
Client 72 uploaded
Client 71 trained
Client 71 uploaded
Client 79 trained
Client 79 uploaded
Client 47 trained
Client 47 uploaded
Client 61 trained
Client 61 uploaded
Client 26 trained
Client 26 uploaded
Client 3 trained
Client 3 uploaded
Client 45 trained
Client 45 uploaded
Epoch(t): 505 accuracy: 82.46 loss 0.5099129968881607 run_time: 724.701993227005
TiFL算法: 选择层 4，信用值剩余 3，选择概率 1.0000
Current clients: 20 , select: 10
| current_epoch 506 |. Begin client select
SchedulerThread schedule Tier [4], select(10 clients):
56 | 26 | 72 | 40 | 73 | 64 | 47 | 42 | 80 | 79 |
-----------------------------------------------------------------Schedule complete
Client 73 trained
Client 73 uploaded
Client 80 trained
Client 80 uploaded
Client 72 trained
Client 72 uploaded
Client 42 trained
Client 42 uploaded
Client 26 trained
Client 26 uploaded
Client 40 trained
Client 40 uploaded
Client 79 trained
Client 79 uploaded
Client 64 trained
Client 64 uploaded
Client 47 trained
Client 47 uploaded
Client 56 trained
Client 56 uploaded
Epoch(t): 506 accuracy: 78.39 loss 0.6482678323984146 run_time: 725.9902410507202
TiFL算法: 选择层 4，信用值剩余 2，选择概率 1.0000
Current clients: 20 , select: 10
| current_epoch 507 |. Begin client select
SchedulerThread schedule Tier [4], select(10 clients):
56 | 28 | 19 | 72 | 49 | 26 | 47 | 3 | 45 | 41 |
-----------------------------------------------------------------Schedule complete
Client 41 trained
Client 41 uploaded
Client 72 trained
Client 72 uploaded
Client 26 trained
Client 26 uploaded
Client 19 trained
Client 19 uploaded
Client 47 trained
Client 47 uploaded
Client 3 trained
Client 3 uploaded
Client 28 trained
Client 28 uploaded
Client 49 trained
Client 49 uploaded
Client 45 trained
Client 45 uploaded
Client 56 trained
Client 56 uploaded
Epoch(t): 507 accuracy: 81.51 loss 0.5541503268480301 run_time: 727.3511471748352
TiFL算法: 选择层 4，信用值剩余 1，选择概率 1.0000
Current clients: 20 , select: 10
| current_epoch 508 |. Begin client select
SchedulerThread schedule Tier [4], select(10 clients):
49 | 45 | 73 | 61 | 56 | 19 | 52 | 26 | 72 | 42 |
-----------------------------------------------------------------Schedule complete
Client 72 trained
Client 72 uploaded
Client 73 trained
Client 73 uploaded
Client 19 trained
Client 19 uploaded
Client 42 trained
Client 42 uploaded
Client 49 trained
Client 49 uploaded
Client 26 trained
Client 26 uploaded
Client 61 trained
Client 61 uploaded
Client 52 trained
Client 52 uploaded
Client 45 trained
Client 45 uploaded
Client 56 trained
Client 56 uploaded
Epoch(t): 508 accuracy: 83.35 loss 0.503951824605465 run_time: 728.8622813224792
TiFL算法: 选择层 4，信用值剩余 0，选择概率 1.0000
Current clients: 20 , select: 10
| current_epoch 509 |. Begin client select
SchedulerThread schedule Tier [4], select(10 clients):
3 | 47 | 56 | 72 | 80 | 71 | 52 | 45 | 49 | 79 |
-----------------------------------------------------------------Schedule complete
Client 80 trained
Client 80 uploaded
Client 71 trained
Client 71 uploaded
Client 72 trained
Client 72 uploaded
Client 52 trained
Client 52 uploaded
Client 49 trained
Client 49 uploaded
Client 47 trained
Client 47 uploaded
Client 3 trained
Client 3 uploaded
Client 79 trained
Client 79 uploaded
Client 45 trained
Client 45 uploaded
Client 56 trained
Client 56 uploaded
Epoch(t): 509 accuracy: 80.11 loss 0.6059821136295795 run_time: 730.2107570171356
警告：无法找到有信用值的层，随机选择层3并重置所有信用值
TiFL算法: 选择层 3，信用值剩余 4，选择概率 0.0000
Current clients: 20 , select: 10
| current_epoch 510 |. Begin client select
SchedulerThread schedule Tier [3], select(10 clients):
70 | 78 | 0 | 32 | 29 | 14 | 77 | 66 | 65 | 17 |
-----------------------------------------------------------------Schedule complete
Client 29 trained
Client 29 uploaded
Client 14 trained
Client 14 uploaded
Client 32 trained
Client 32 uploaded
Client 78 trained
Client 78 uploaded
Client 70 trained
Client 70 uploaded
Client 65 trained
Client 65 uploaded
Client 0 trained
Client 0 uploaded
Client 77 trained
Client 77 uploaded
Client 66 trained
Client 66 uploaded
Client 17 trained
Client 17 uploaded
Epoch(t): 510 accuracy: 83.42 loss 0.47630948781967164 run_time: 731.6730990409851
Average delay = 0.0
scheduler_thread joined
updater_thread joined
data_getter_thread joined
End!
Time used:
0:12:32.512600
12.533333333333333 min
0.2088888888888889 h
====================
开始缓存清理
缓存清理完成
====================