
Files already downloaded and verified
Files already downloaded and verified
generate customize clients distribution...
train_dataset data generation process completed
generate customize clients distribution...
test_dataset data generation process completed
Running Mode: Default(Thread)
Training Mode: Multi-GPU-Mode
GPU devices num: 4
Starting clients
(0, 158, {0: 0, 1: 0, 2: 0, 3: 0, 4: 0, 5: 112, 6: 0, 7: 39, 8: 7, 9: 0})
(1, 14, {0: 6, 1: 0, 2: 0, 3: 3, 4: 0, 5: 0, 6: 3, 7: 1, 8: 0, 9: 1})
(2, 398, {0: 0, 1: 2, 2: 8, 3: 0, 4: 0, 5: 3, 6: 0, 7: 385, 8: 0, 9: 0})
(3, 564, {0: 0, 1: 30, 2: 105, 3: 0, 4: 0, 5: 0, 6: 0, 7: 0, 8: 20, 9: 409})
(4, 485, {0: 5, 1: 65, 2: 20, 3: 8, 4: 381, 5: 4, 6: 0, 7: 0, 8: 2, 9: 0})
(5, 488, {0: 87, 1: 0, 2: 0, 3: 35, 4: 0, 5: 0, 6: 364, 7: 1, 8: 1, 9: 0})
(6, 253, {0: 140, 1: 0, 2: 0, 3: 50, 4: 0, 5: 0, 6: 0, 7: 63, 8: 0, 9: 0})
(7, 227, {0: 4, 1: 23, 2: 86, 3: 0, 4: 112, 5: 0, 6: 0, 7: 0, 8: 2, 9: 0})
(8, 213, {0: 53, 1: 0, 2: 0, 3: 1, 4: 0, 5: 159, 6: 0, 7: 0, 8: 0, 9: 0})
(9, 562, {0: 0, 1: 379, 2: 95, 3: 24, 4: 14, 5: 0, 6: 50, 7: 0, 8: 0, 9: 0})
(10, 147, {0: 0, 1: 1, 2: 15, 3: 0, 4: 0, 5: 0, 6: 0, 7: 27, 8: 66, 9: 38})
(11, 551, {0: 0, 1: 469, 2: 1, 3: 0, 4: 0, 5: 0, 6: 1, 7: 0, 8: 0, 9: 80})
(12, 410, {0: 147, 1: 190, 2: 1, 3: 0, 4: 0, 5: 31, 6: 5, 7: 2, 8: 0, 9: 34})
(13, 377, {0: 0, 1: 5, 2: 0, 3: 0, 4: 0, 5: 0, 6: 75, 7: 0, 8: 4, 9: 293})
(14, 498, {0: 154, 1: 5, 2: 0, 3: 63, 4: 28, 5: 0, 6: 0, 7: 19, 8: 0, 9: 229})
(15, 1113, {0: 115, 1: 0, 2: 20, 3: 90, 4: 0, 5: 282, 6: 361, 7: 83, 8: 8, 9: 154})
(16, 681, {0: 233, 1: 0, 2: 388, 3: 7, 4: 0, 5: 36, 6: 0, 7: 13, 8: 4, 9: 0})
(17, 688, {0: 175, 1: 0, 2: 0, 3: 1, 4: 0, 5: 27, 6: 4, 7: 462, 8: 0, 9: 19})
(18, 581, {0: 0, 1: 0, 2: 0, 3: 0, 4: 0, 5: 291, 6: 0, 7: 0, 8: 239, 9: 51})
(19, 1180, {0: 0, 1: 0, 2: 180, 3: 0, 4: 0, 5: 496, 6: 8, 7: 135, 8: 361, 9: 0})
(20, 1016, {0: 109, 1: 444, 2: 0, 3: 0, 4: 9, 5: 18, 6: 0, 7: 436, 8: 0, 9: 0})
(21, 367, {0: 0, 1: 1, 2: 122, 3: 0, 4: 0, 5: 0, 6: 81, 7: 163, 8: 0, 9: 0})
(22, 471, {0: 0, 1: 0, 2: 350, 3: 20, 4: 0, 5: 101, 6: 0, 7: 0, 8: 0, 9: 0})
(23, 590, {0: 0, 1: 0, 2: 133, 3: 32, 4: 59, 5: 83, 6: 0, 7: 265, 8: 18, 9: 0})
(24, 435, {0: 0, 1: 0, 2: 0, 3: 350, 4: 0, 5: 15, 6: 28, 7: 0, 8: 13, 9: 29})
(25, 96, {0: 0, 1: 0, 2: 7, 3: 89, 4: 0, 5: 0, 6: 0, 7: 0, 8: 0, 9: 0})
(26, 712, {0: 0, 1: 0, 2: 5, 3: 183, 4: 152, 5: 0, 6: 0, 7: 0, 8: 369, 9: 3})
(27, 886, {0: 172, 1: 7, 2: 0, 3: 388, 4: 0, 5: 300, 6: 2, 7: 0, 8: 0, 9: 17})
(28, 78, {0: 0, 1: 0, 2: 0, 3: 0, 4: 38, 5: 0, 6: 0, 7: 0, 8: 0, 9: 40})
(29, 834, {0: 37, 1: 253, 2: 326, 3: 0, 4: 0, 5: 0, 6: 80, 7: 0, 8: 0, 9: 138})
(30, 155, {0: 0, 1: 0, 2: 155, 3: 0, 4: 0, 5: 0, 6: 0, 7: 0, 8: 0, 9: 0})
(31, 403, {0: 0, 1: 0, 2: 0, 3: 0, 4: 45, 5: 25, 6: 0, 7: 0, 8: 333, 9: 0})
(32, 815, {0: 5, 1: 0, 2: 451, 3: 0, 4: 0, 5: 4, 6: 0, 7: 355, 8: 0, 9: 0})
(33, 846, {0: 0, 1: 0, 2: 0, 3: 0, 4: 451, 5: 80, 6: 315, 7: 0, 8: 0, 9: 0})
(34, 815, {0: 0, 1: 16, 2: 0, 3: 0, 4: 0, 5: 127, 6: 0, 7: 1, 8: 476, 9: 195})
(35, 1372, {0: 265, 1: 17, 2: 0, 3: 378, 4: 0, 5: 235, 6: 3, 7: 0, 8: 474, 9: 0})
(36, 85, {0: 0, 1: 0, 2: 51, 3: 10, 4: 0, 5: 1, 6: 19, 7: 0, 8: 4, 9: 0})
(37, 391, {0: 0, 1: 0, 2: 0, 3: 2, 4: 0, 5: 32, 6: 0, 7: 20, 8: 328, 9: 9})
(38, 224, {0: 52, 1: 103, 2: 0, 3: 0, 4: 8, 5: 8, 6: 8, 7: 0, 8: 45, 9: 0})
(39, 534, {0: 6, 1: 475, 2: 0, 3: 0, 4: 32, 5: 10, 6: 2, 7: 0, 8: 2, 9: 7})
(40, 538, {0: 383, 1: 0, 2: 0, 3: 0, 4: 134, 5: 8, 6: 0, 7: 4, 8: 6, 9: 3})
(41, 544, {0: 0, 1: 406, 2: 0, 3: 55, 4: 26, 5: 0, 6: 57, 7: 0, 8: 0, 9: 0})
(42, 812, {0: 0, 1: 13, 2: 0, 3: 420, 4: 4, 5: 0, 6: 0, 7: 0, 8: 374, 9: 1})
(43, 570, {0: 0, 1: 275, 2: 0, 3: 5, 4: 232, 5: 0, 6: 55, 7: 0, 8: 3, 9: 0})
(44, 588, {0: 0, 1: 0, 2: 0, 3: 368, 4: 38, 5: 0, 6: 15, 7: 0, 8: 167, 9: 0})
(45, 453, {0: 0, 1: 141, 2: 0, 3: 0, 4: 200, 5: 17, 6: 0, 7: 90, 8: 3, 9: 2})
(46, 157, {0: 0, 1: 0, 2: 29, 3: 0, 4: 0, 5: 0, 6: 1, 7: 0, 8: 0, 9: 127})
(47, 502, {0: 18, 1: 15, 2: 0, 3: 0, 4: 2, 5: 0, 6: 456, 7: 1, 8: 0, 9: 10})
(48, 544, {0: 0, 1: 0, 2: 0, 3: 79, 4: 0, 5: 0, 6: 5, 7: 6, 8: 0, 9: 454})
(49, 428, {0: 0, 1: 0, 2: 60, 3: 0, 4: 0, 5: 150, 6: 19, 7: 8, 8: 0, 9: 191})
(50, 1369, {0: 441, 1: 0, 2: 0, 3: 485, 4: 0, 5: 0, 6: 443, 7: 0, 8: 0, 9: 0})
(51, 328, {0: 0, 1: 15, 2: 0, 3: 0, 4: 0, 5: 52, 6: 71, 7: 0, 8: 92, 9: 98})
(52, 119, {0: 0, 1: 0, 2: 0, 3: 0, 4: 61, 5: 5, 6: 0, 7: 0, 8: 53, 9: 0})
(53, 147, {0: 105, 1: 0, 2: 0, 3: 0, 4: 0, 5: 20, 6: 0, 7: 22, 8: 0, 9: 0})
(54, 84, {0: 0, 1: 0, 2: 0, 3: 9, 4: 0, 5: 75, 6: 0, 7: 0, 8: 0, 9: 0})
(55, 390, {0: 0, 1: 134, 2: 20, 3: 4, 4: 0, 5: 92, 6: 0, 7: 0, 8: 0, 9: 140})
(56, 533, {0: 0, 1: 35, 2: 1, 3: 439, 4: 0, 5: 52, 6: 0, 7: 0, 8: 0, 9: 6})
(57, 418, {0: 1, 1: 0, 2: 0, 3: 33, 4: 285, 5: 1, 6: 2, 7: 0, 8: 0, 9: 96})
(58, 235, {0: 140, 1: 0, 2: 11, 3: 2, 4: 0, 5: 4, 6: 0, 7: 0, 8: 53, 9: 25})
(59, 1133, {0: 0, 1: 0, 2: 404, 3: 17, 4: 455, 5: 0, 6: 1, 7: 90, 8: 166, 9: 0})
(60, 297, {0: 0, 1: 8, 2: 140, 3: 0, 4: 24, 5: 0, 6: 0, 7: 120, 8: 5, 9: 0})
(61, 319, {0: 7, 1: 0, 2: 0, 3: 0, 4: 25, 5: 0, 6: 0, 7: 177, 8: 35, 9: 75})
(62, 313, {0: 35, 1: 0, 2: 0, 3: 1, 4: 1, 5: 0, 6: 0, 7: 5, 8: 0, 9: 271})
(63, 172, {0: 0, 1: 0, 2: 0, 3: 0, 4: 150, 5: 18, 6: 4, 7: 0, 8: 0, 9: 0})
(64, 386, {0: 2, 1: 4, 2: 9, 3: 0, 4: 240, 5: 122, 6: 9, 7: 0, 8: 0, 9: 0})
(65, 1053, {0: 431, 1: 0, 2: 45, 3: 5, 4: 341, 5: 1, 6: 0, 7: 230, 8: 0, 9: 0})
(66, 176, {0: 0, 1: 0, 2: 5, 3: 0, 4: 0, 5: 3, 6: 0, 7: 0, 8: 17, 9: 151})
(67, 212, {0: 0, 1: 0, 2: 57, 3: 0, 4: 155, 5: 0, 6: 0, 7: 0, 8: 0, 9: 0})
(68, 10, {0: 2, 1: 0, 2: 0, 3: 0, 4: 0, 5: 8, 6: 0, 7: 0, 8: 0, 9: 0})
(69, 476, {0: 7, 1: 0, 2: 89, 3: 0, 4: 343, 5: 15, 6: 0, 7: 0, 8: 0, 9: 22})
(70, 1000, {0: 0, 1: 0, 2: 431, 3: 140, 4: 0, 5: 70, 6: 29, 7: 0, 8: 99, 9: 231})
(71, 764, {0: 3, 1: 339, 2: 37, 3: 0, 4: 11, 5: 235, 6: 20, 7: 7, 8: 112, 9: 0})
(72, 1251, {0: 0, 1: 0, 2: 405, 3: 0, 4: 426, 5: 0, 6: 419, 7: 1, 8: 0, 9: 0})
(73, 407, {0: 34, 1: 20, 2: 0, 3: 0, 4: 5, 5: 4, 6: 344, 7: 0, 8: 0, 9: 0})
(74, 436, {0: 0, 1: 3, 2: 0, 3: 164, 4: 121, 5: 0, 6: 0, 7: 0, 8: 148, 9: 0})
(75, 117, {0: 0, 1: 3, 2: 0, 3: 1, 4: 0, 5: 22, 6: 0, 7: 3, 8: 0, 9: 88})
(76, 175, {0: 15, 1: 0, 2: 0, 3: 0, 4: 0, 5: 0, 6: 0, 7: 160, 8: 0, 9: 0})
(77, 564, {0: 181, 1: 55, 2: 0, 3: 0, 4: 0, 5: 235, 6: 0, 7: 0, 8: 27, 9: 66})
(78, 730, {0: 0, 1: 246, 2: 0, 3: 0, 4: 0, 5: 230, 6: 0, 7: 5, 8: 249, 9: 0})
(79, 952, {0: 485, 1: 0, 2: 0, 3: 0, 4: 5, 5: 0, 6: 462, 7: 0, 8: 0, 9: 0})
(80, 136, {0: 18, 1: 0, 2: 65, 3: 0, 4: 2, 5: 0, 6: 0, 7: 0, 8: 51, 9: 0})
(81, 653, {0: 302, 1: 0, 2: 0, 3: 0, 4: 0, 5: 0, 6: 30, 7: 176, 8: 63, 9: 82})
(82, 666, {0: 0, 1: 0, 2: 1, 3: 228, 4: 31, 5: 17, 6: 2, 7: 379, 8: 0, 9: 8})
(83, 992, {0: 383, 1: 0, 2: 69, 3: 98, 4: 0, 5: 0, 6: 15, 7: 56, 8: 87, 9: 284})
(84, 488, {0: 11, 1: 0, 2: 33, 3: 0, 4: 0, 5: 378, 6: 62, 7: 4, 8: 0, 9: 0})
(85, 982, {0: 0, 1: 414, 2: 71, 3: 3, 4: 0, 5: 0, 6: 39, 7: 0, 8: 0, 9: 455})
(86, 900, {0: 5, 1: 59, 2: 1, 3: 0, 4: 15, 5: 17, 6: 455, 7: 0, 8: 332, 9: 16})
(87, 68, {0: 6, 1: 55, 2: 0, 3: 1, 4: 0, 5: 1, 6: 0, 7: 5, 8: 0, 9: 0})
(88, 484, {0: 0, 1: 7, 2: 405, 3: 0, 4: 15, 5: 0, 6: 37, 7: 0, 8: 20, 9: 0})
(89, 522, {0: 3, 1: 0, 2: 54, 3: 402, 4: 0, 5: 1, 6: 0, 7: 45, 8: 17, 9: 0})
(90, 690, {0: 25, 1: 1, 2: 0, 3: 283, 4: 24, 5: 4, 6: 12, 7: 47, 8: 15, 9: 279})
(91, 752, {0: 0, 1: 0, 2: 2, 3: 0, 4: 0, 5: 260, 6: 0, 7: 490, 8: 0, 9: 0})
(92, 173, {0: 0, 1: 0, 2: 0, 3: 0, 4: 0, 5: 3, 6: 134, 7: 0, 8: 0, 9: 36})
(93, 198, {0: 160, 1: 0, 2: 0, 3: 0, 4: 29, 5: 0, 6: 0, 7: 0, 8: 0, 9: 9})
(94, 22, {0: 1, 1: 15, 2: 5, 3: 0, 4: 0, 5: 0, 6: 0, 7: 1, 8: 0, 9: 0})
(95, 609, {0: 0, 1: 2, 2: 0, 3: 0, 4: 103, 5: 237, 6: 0, 7: 266, 8: 0, 9: 1})
(96, 467, {0: 0, 1: 0, 2: 0, 3: 0, 4: 0, 5: 10, 6: 358, 7: 99, 8: 0, 9: 0})
(97, 128, {0: 0, 1: 0, 2: 0, 3: 0, 4: 105, 5: 11, 6: 12, 7: 0, 8: 0, 9: 0})
(98, 274, {0: 0, 1: 224, 2: 0, 3: 0, 4: 37, 5: 13, 6: 0, 7: 0, 8: 0, 9: 0})
(99, 99, {0: 0, 1: 0, 2: 0, 3: 0, 4: 0, 5: 99, 6: 0, 7: 0, 8: 0, 9: 0})
Start server:
FedDocs Algo: Group 5 is selected
| current_epoch 1 |. Begin client select
SchedulerThread schedule Group [ 5 ], select( 15 clients):
2 | 5 | 7 | 9 | 13 | 19 | 27 | 29 | 38 | 44 | 52 | 69 | 76 | 83 | 97 |
-----------------------------------------------------------------Schedule complete
Client 52 trained
Client 52 uploaded
Client 97 trained
Client 97 uploaded
Client 76 trained
Client 76 uploaded
Client 38 trained
Client 38 uploaded
Client 7 trained
Client 7 uploaded
Client 13 trained
Client 13 uploaded
Client 2 trained
Client 2 uploaded
Client 69 trained
Client 69 uploaded
Client 5 trained
Client 5 uploaded
Client 9 trained
Client 9 uploaded
Client 44 trained
Client 44 uploaded
Client 29 trained
Client 29 uploaded
Client 27 trained
Client 27 uploaded
Client 83 trained
Client 83 uploaded
Client 19 trained
Client 19 uploaded
Epoch(t): 1 accuracy: 15.74 loss 2.4405788803100585 run_time: 39.457077503204346
FedDocs Algo: Group 2 is selected
| current_epoch 2 |. Begin client select
SchedulerThread schedule Group [ 2 ], select( 15 clients):
4 | 12 | 14 | 16 | 21 | 42 | 43 | 49 | 53 | 60 | 68 | 86 | 90 | 95 | 99 |
-----------------------------------------------------------------Schedule complete
Client 68 trained
Client 68 uploaded
Client 99 trained
Client 99 uploaded
Client 53 trained
Client 53 uploaded
Client 60 trained
Client 60 uploaded
Client 21 trained
Client 21 uploaded
Client 12 trained
Client 12 uploaded
Client 49 trained
Client 49 uploaded
Client 4 trained
Client 4 uploaded
Client 14 trained
Client 14 uploaded
Client 43 trained
Client 43 uploaded
Client 95 trained
Client 95 uploaded
Client 90 trained
Client 90 uploaded
Client 16 trained
Client 16 uploaded
Client 42 trained
Client 42 uploaded
Client 86 trained
Client 86 uploaded
Epoch(t): 2 accuracy: 22.38 loss 2.094547289609909 run_time: 74.3644847869873
FedDocs Algo: Group 1 is selected
| current_epoch 3 |. Begin client select
SchedulerThread schedule Group [ 1 ], select( 15 clients):
11 | 18 | 32 | 37 | 41 | 48 | 56 | 57 | 72 | 74 | 75 | 77 | 79 | 91 | 93 |
-----------------------------------------------------------------Schedule complete
Client 75 trained
Client 75 uploaded
Client 93 trained
Client 93 uploaded
Client 37 trained
Client 37 uploaded
Client 57 trained
Client 57 uploaded
Client 74 trained
Client 74 uploaded
Client 41 trained
Client 41 uploaded
Client 48 trained
Client 48 uploaded
Client 56 trained
Client 56 uploaded
Client 11 trained
Client 11 uploaded
Client 77 trained
Client 77 uploaded
Client 18 trained
Client 18 uploaded
Client 91 trained
Client 91 uploaded
Client 32 trained
Client 32 uploaded
Client 79 trained
Client 79 uploaded
Client 72 trained
Client 72 uploaded
Epoch(t): 3 accuracy: 22.33 loss 2.106239324808121 run_time: 116.20957088470459
FedDocs Algo: Group 5 is selected
| current_epoch 4 |. Begin client select
SchedulerThread schedule Group [ 5 ], select( 15 clients):
2 | 5 | 7 | 9 | 13 | 19 | 27 | 29 | 38 | 44 | 52 | 69 | 76 | 83 | 97 |
-----------------------------------------------------------------Schedule complete
Client 52 trained
Client 52 uploaded
Client 97 trained
Client 97 uploaded
Client 76 trained
Client 76 uploaded
Client 38 trained
Client 38 uploaded
Client 7 trained
Client 7 uploaded
Client 2 trained
Client 2 uploaded
Client 13 trained
Client 13 uploaded
Client 69 trained
Client 69 uploaded
Client 5 trained
Client 5 uploaded
Client 9 trained
Client 9 uploaded
Client 44 trained
Client 44 uploaded
Client 29 trained
Client 29 uploaded
Client 27 trained
Client 27 uploaded
Client 83 trained
Client 83 uploaded
Client 19 trained
Client 19 uploaded
Epoch(t): 4 accuracy: 27.61 loss 1.9646611273288728 run_time: 153.8474600315094
FedDocs Algo: Group 5 is selected
| current_epoch 5 |. Begin client select
SchedulerThread schedule Group [ 5 ], select( 15 clients):
2 | 5 | 7 | 9 | 13 | 19 | 27 | 29 | 38 | 44 | 52 | 69 | 76 | 83 | 97 |
-----------------------------------------------------------------Schedule complete
Client 52 trained
Client 52 uploaded
Client 97 trained
Client 97 uploaded
Client 76 trained
Client 76 uploaded
Client 38 trained
Client 38 uploaded
Client 7 trained
Client 7 uploaded
Client 2 trained
Client 2 uploaded
Client 13 trained
Client 13 uploaded
Client 69 trained
Client 69 uploaded
Client 5 trained
Client 5 uploaded
Client 9 trained
Client 9 uploaded
Client 44 trained
Client 44 uploaded
Client 29 trained
Client 29 uploaded
Client 27 trained
Client 27 uploaded
Client 83 trained
Client 83 uploaded
Client 19 trained
Client 19 uploaded
Epoch(t): 5 accuracy: 32.26 loss 1.8431015312671661 run_time: 191.12659406661987
FedDocs Algo: Group 5 is selected
| current_epoch 6 |. Begin client select
SchedulerThread schedule Group [ 5 ], select( 15 clients):
2 | 5 | 7 | 9 | 13 | 19 | 27 | 29 | 38 | 44 | 52 | 69 | 76 | 83 | 97 |
-----------------------------------------------------------------Schedule complete
Client 97 trained
Client 97 uploaded
Client 52 trained
Client 52 uploaded
Client 76 trained
Client 76 uploaded
Client 38 trained
Client 38 uploaded
Client 7 trained
Client 7 uploaded
Client 2 trained
Client 2 uploaded
Client 13 trained
Client 13 uploaded
Client 5 trained
Client 5 uploaded
Client 69 trained
Client 69 uploaded
Client 9 trained
Client 9 uploaded
Client 44 trained
Client 44 uploaded
Client 29 trained
Client 29 uploaded
Client 27 trained
Client 27 uploaded
Client 83 trained
Client 83 uploaded
Client 19 trained
Client 19 uploaded
Epoch(t): 6 accuracy: 33.71 loss 1.8173747777938842 run_time: 228.0541708469391
FedDocs Algo: Group 3 is selected
| current_epoch 7 |. Begin client select
SchedulerThread schedule Group [ 3 ], select( 15 clients):
1 | 8 | 17 | 26 | 34 | 39 | 47 | 62 | 65 | 67 | 70 | 73 | 84 | 89 | 98 |
-----------------------------------------------------------------Schedule complete
Client 1 trained
Client 1 uploaded
Client 8 trained
Client 8 uploaded
Client 67 trained
Client 67 uploaded
Client 98 trained
Client 98 uploaded
Client 62 trained
Client 62 uploaded
Client 73 trained
Client 73 uploaded
Client 84 trained
Client 84 uploaded
Client 89 trained
Client 89 uploaded
Client 39 trained
Client 39 uploaded
Client 47 trained
Client 47 uploaded
Client 17 trained
Client 17 uploaded
Client 26 trained
Client 26 uploaded
Client 34 trained
Client 34 uploaded
Client 70 trained
Client 70 uploaded
Client 65 trained
Client 65 uploaded
Epoch(t): 7 accuracy: 37.93 loss 1.65265726685524 run_time: 266.54593086242676
FedDocs Algo: Group 0 is selected
| current_epoch 8 |. Begin client select
SchedulerThread schedule Group [ 0 ], select( 12 clients):
10 | 23 | 45 | 46 | 50 | 51 | 55 | 58 | 61 | 64 | 78 | 88 |
-----------------------------------------------------------------Schedule complete
Client 10 trained
Client 10 uploaded
Client 46 trained
Client 46 uploaded
Client 58 trained
Client 58 uploaded
Client 61 trained
Client 61 uploaded
Client 51 trained
Client 51 uploaded
Client 55 trained
Client 55 uploaded
Client 64 trained
Client 64 uploaded
Client 45 trained
Client 45 uploaded
Client 88 trained
Client 88 uploaded
Client 23 trained
Client 23 uploaded
Client 78 trained
Client 78 uploaded
Client 50 trained
Client 50 uploaded
Epoch(t): 8 accuracy: 39.04 loss 1.6635600817203522 run_time: 292.6717140674591
FedDocs Algo: Group 4 is selected
| current_epoch 9 |. Begin client select
SchedulerThread schedule Group [ 4 ], select( 14 clients):
3 | 20 | 22 | 24 | 28 | 30 | 33 | 35 | 63 | 66 | 71 | 80 | 81 | 96 |
-----------------------------------------------------------------Schedule complete
Client 28 trained
Client 28 uploaded
Client 80 trained
Client 80 uploaded
Client 63 trained
Client 63 uploaded
Client 66 trained
Client 66 uploaded
Client 30 trained
Client 30 uploaded
Client 24 trained
Client 24 uploaded
Client 22 trained
Client 22 uploaded
Client 96 trained
Client 96 uploaded
Client 3 trained
Client 3 uploaded
Client 81 trained
Client 81 uploaded
Client 71 trained
Client 71 uploaded
Client 33 trained
Client 33 uploaded
Client 20 trained
Client 20 uploaded
Client 35 trained
Client 35 uploaded
Epoch(t): 9 accuracy: 37.51 loss 1.7217251980304717 run_time: 326.84758472442627
FedDocs Algo: Group 5 is selected
| current_epoch 10 |. Begin client select
SchedulerThread schedule Group [ 5 ], select( 15 clients):
2 | 5 | 7 | 9 | 13 | 19 | 27 | 29 | 38 | 44 | 52 | 69 | 76 | 83 | 97 |
-----------------------------------------------------------------Schedule complete
Client 52 trained
Client 52 uploaded
Client 97 trained
Client 97 uploaded
Client 76 trained
Client 76 uploaded
Client 38 trained
Client 38 uploaded
Client 7 trained
Client 7 uploaded
Client 13 trained
Client 13 uploaded
Client 2 trained
Client 2 uploaded
Client 69 trained
Client 69 uploaded
Client 5 trained
Client 5 uploaded
Client 44 trained
Client 44 uploaded
Client 9 trained
Client 9 uploaded
Client 27 trained
Client 27 uploaded
Client 29 trained
Client 29 uploaded
Client 83 trained
Client 83 uploaded
Client 19 trained
Client 19 uploaded
Epoch(t): 10 accuracy: 43.19 loss 1.573342694044113 run_time: 366.63723063468933
FedDocs Algo: Group 5 is selected
| current_epoch 11 |. Begin client select
SchedulerThread schedule Group [ 5 ], select( 15 clients):
2 | 5 | 7 | 9 | 13 | 19 | 27 | 29 | 38 | 44 | 52 | 69 | 76 | 83 | 97 |
-----------------------------------------------------------------Schedule complete
Client 52 trained
Client 52 uploaded
Client 97 trained
Client 97 uploaded
Client 76 trained
Client 76 uploaded
Client 38 trained
Client 38 uploaded
Client 7 trained
Client 7 uploaded
Client 13 trained
Client 13 uploaded
Client 2 trained
Client 2 uploaded
Client 69 trained
Client 69 uploaded
Client 5 trained
Client 5 uploaded
Client 44 trained
Client 44 uploaded
Client 9 trained
Client 9 uploaded
Client 29 trained
Client 29 uploaded
Client 27 trained
Client 27 uploaded
Client 83 trained
Client 83 uploaded
Client 19 trained
Client 19 uploaded
Epoch(t): 11 accuracy: 43.95 loss 1.5586421251296998 run_time: 404.35306668281555
FedDocs Algo: Group 5 is selected
| current_epoch 12 |. Begin client select
SchedulerThread schedule Group [ 5 ], select( 15 clients):
2 | 5 | 7 | 9 | 13 | 19 | 27 | 29 | 38 | 44 | 52 | 69 | 76 | 83 | 97 |
-----------------------------------------------------------------Schedule complete
Client 52 trained
Client 52 uploaded
Client 97 trained
Client 97 uploaded
Client 76 trained
Client 76 uploaded
Client 38 trained
Client 38 uploaded
Client 7 trained
Client 7 uploaded
Client 2 trained
Client 2 uploaded
Client 13 trained
Client 13 uploaded
Client 69 trained
Client 69 uploaded
Client 5 trained
Client 5 uploaded
Client 9 trained
Client 9 uploaded
Client 44 trained
Client 44 uploaded
Client 29 trained
Client 29 uploaded
Client 27 trained
Client 27 uploaded
Client 83 trained
Client 83 uploaded
Client 19 trained
Client 19 uploaded
Epoch(t): 12 accuracy: 45.01 loss 1.540293539762497 run_time: 442.16483545303345
FedDocs Algo: Group 1 is selected
| current_epoch 13 |. Begin client select
SchedulerThread schedule Group [ 1 ], select( 15 clients):
11 | 18 | 32 | 37 | 41 | 48 | 56 | 57 | 72 | 74 | 75 | 77 | 79 | 91 | 93 |
-----------------------------------------------------------------Schedule complete
Client 75 trained
Client 75 uploaded
Client 93 trained
Client 93 uploaded
Client 37 trained
Client 37 uploaded
Client 57 trained
Client 57 uploaded
Client 74 trained
Client 74 uploaded
Client 48 trained
Client 48 uploaded
Client 56 trained
Client 56 uploaded
Client 41 trained
Client 41 uploaded
Client 11 trained
Client 11 uploaded
Client 18 trained
Client 18 uploaded
Client 77 trained
Client 77 uploaded
Client 91 trained
Client 91 uploaded
Client 32 trained
Client 32 uploaded
Client 79 trained
Client 79 uploaded
Client 72 trained
Client 72 uploaded
Epoch(t): 13 accuracy: 47.11 loss 1.4843101406097412 run_time: 484.5407223701477
FedDocs Algo: Group 2 is selected
| current_epoch 14 |. Begin client select
SchedulerThread schedule Group [ 2 ], select( 15 clients):
4 | 12 | 14 | 16 | 21 | 42 | 43 | 49 | 53 | 60 | 68 | 86 | 90 | 95 | 99 |
-----------------------------------------------------------------Schedule complete
Client 68 trained
Client 68 uploaded
Client 99 trained
Client 99 uploaded
Client 53 trained
Client 53 uploaded
Client 60 trained
Client 60 uploaded
Client 21 trained
Client 21 uploaded
Client 49 trained
Client 49 uploaded
Client 12 trained
Client 12 uploaded
Client 4 trained
Client 4 uploaded
Client 14 trained
Client 14 uploaded
Client 43 trained
Client 43 uploaded
Client 95 trained
Client 95 uploaded
Client 16 trained
Client 16 uploaded
Client 90 trained
Client 90 uploaded
Client 42 trained
Client 42 uploaded
Client 86 trained
Client 86 uploaded
Epoch(t): 14 accuracy: 49.32 loss 1.4070957601070404 run_time: 519.825713634491
FedDocs Algo: Group 5 is selected
| current_epoch 15 |. Begin client select
SchedulerThread schedule Group [ 5 ], select( 15 clients):
2 | 5 | 7 | 9 | 13 | 19 | 27 | 29 | 38 | 44 | 52 | 69 | 76 | 83 | 97 |
-----------------------------------------------------------------Schedule complete
Client 97 trained
Client 97 uploaded
Client 52 trained
Client 52 uploaded
Client 76 trained
Client 76 uploaded
Client 38 trained
Client 38 uploaded
Client 7 trained
Client 7 uploaded
Client 2 trained
Client 2 uploaded
Client 13 trained
Client 13 uploaded
Client 69 trained
Client 69 uploaded
Client 5 trained
Client 5 uploaded
Client 44 trained
Client 44 uploaded
Client 9 trained
Client 9 uploaded
Client 29 trained
Client 29 uploaded
Client 27 trained
Client 27 uploaded
Client 83 trained
Client 83 uploaded
Client 19 trained
Client 19 uploaded
Epoch(t): 15 accuracy: 46.32 loss 1.490389028787613 run_time: 557.3963520526886
FedDocs Algo: Group 6 is selected
| current_epoch 16 |. Begin client select
SchedulerThread schedule Group [ 6 ], select( 14 clients):
0 | 6 | 15 | 25 | 31 | 36 | 40 | 54 | 59 | 82 | 85 | 87 | 92 | 94 |
-----------------------------------------------------------------Schedule complete
Client 94 trained
Client 94 uploaded
Client 25 trained
Client 25 uploaded
Client 54 trained
Client 54 uploaded
Client 36 trained
Client 36 uploaded
Client 87 trained
Client 87 uploaded
Client 0 trained
Client 0 uploaded
Client 92 trained
Client 92 uploaded
Client 6 trained
Client 6 uploaded
Client 31 trained
Client 31 uploaded
Client 40 trained
Client 40 uploaded
Client 82 trained
Client 82 uploaded
Client 85 trained
Client 85 uploaded
Client 59 trained
Client 59 uploaded
Client 15 trained
Client 15 uploaded
Epoch(t): 16 accuracy: 46.12 loss 1.480871069431305 run_time: 584.5788359642029
FedDocs Algo: Group 3 is selected
| current_epoch 17 |. Begin client select
SchedulerThread schedule Group [ 3 ], select( 15 clients):
1 | 8 | 17 | 26 | 34 | 39 | 47 | 62 | 65 | 67 | 70 | 73 | 84 | 89 | 98 |
-----------------------------------------------------------------Schedule complete
Client 1 trained
Client 1 uploaded
Client 67 trained
Client 67 uploaded
Client 8 trained
Client 8 uploaded
Client 98 trained
Client 98 uploaded
Client 62 trained
Client 62 uploaded
Client 73 trained
Client 73 uploaded
Client 84 trained
Client 84 uploaded
Client 89 trained
Client 89 uploaded
Client 39 trained
Client 39 uploaded
Client 47 trained
Client 47 uploaded
Client 17 trained
Client 17 uploaded
Client 26 trained
Client 26 uploaded
Client 34 trained
Client 34 uploaded
Client 70 trained
Client 70 uploaded
Client 65 trained
Client 65 uploaded
Epoch(t): 17 accuracy: 50.46 loss 1.373188225030899 run_time: 623.323132276535
FedDocs Algo: Group 1 is selected
| current_epoch 18 |. Begin client select
SchedulerThread schedule Group [ 1 ], select( 15 clients):
11 | 18 | 32 | 37 | 41 | 48 | 56 | 57 | 72 | 74 | 75 | 77 | 79 | 91 | 93 |
-----------------------------------------------------------------Schedule complete
Client 75 trained
Client 75 uploaded
Client 93 trained
Client 93 uploaded
Client 37 trained
Client 37 uploaded
Client 57 trained
Client 57 uploaded
Client 74 trained
Client 74 uploaded
Client 56 trained
Client 56 uploaded
Client 48 trained
Client 48 uploaded
Client 41 trained
Client 41 uploaded
Client 11 trained
Client 11 uploaded
Client 18 trained
Client 18 uploaded
Client 77 trained
Client 77 uploaded
Client 91 trained
Client 91 uploaded
Client 32 trained
Client 32 uploaded
Client 79 trained
Client 79 uploaded
Client 72 trained
Client 72 uploaded
Epoch(t): 18 accuracy: 49.92 loss 1.4099898910522461 run_time: 668.0153040885925
FedDocs Algo: Group 6 is selected
| current_epoch 19 |. Begin client select
SchedulerThread schedule Group [ 6 ], select( 14 clients):
0 | 6 | 15 | 25 | 31 | 36 | 40 | 54 | 59 | 82 | 85 | 87 | 92 | 94 |
-----------------------------------------------------------------Schedule complete
Client 94 trained
Client 94 uploaded
Client 54 trained
Client 54 uploaded
Client 36 trained
Client 36 uploaded
Client 25 trained
Client 25 uploaded
Client 87 trained
Client 87 uploaded
Client 0 trained
Client 0 uploaded
Client 92 trained
Client 92 uploaded
Client 6 trained
Client 6 uploaded
Client 31 trained
Client 31 uploaded
Client 40 trained
Client 40 uploaded
Client 82 trained
Client 82 uploaded
Client 85 trained
Client 85 uploaded
Client 59 trained
Client 59 uploaded
Client 15 trained
Client 15 uploaded
Epoch(t): 19 accuracy: 47.95 loss 1.4295296204090118 run_time: 696.4785702228546
FedDocs Algo: Group 0 is selected
| current_epoch 20 |. Begin client select
SchedulerThread schedule Group [ 0 ], select( 12 clients):
10 | 23 | 45 | 46 | 50 | 51 | 55 | 58 | 61 | 64 | 78 | 88 |
-----------------------------------------------------------------Schedule complete
Client 10 trained
Client 10 uploaded
Client 46 trained
Client 46 uploaded
Client 58 trained
Client 58 uploaded
Client 51 trained
Client 51 uploaded
Client 61 trained
Client 61 uploaded
Client 64 trained
Client 64 uploaded
Client 55 trained
Client 55 uploaded
Client 45 trained
Client 45 uploaded
Client 88 trained
Client 88 uploaded
Client 23 trained
Client 23 uploaded
Client 78 trained
Client 78 uploaded
Client 50 trained
Client 50 uploaded
Epoch(t): 20 accuracy: 49.98 loss 1.3788247907161713 run_time: 722.682088136673
FedDocs Algo: Group 2 is selected
| current_epoch 21 |. Begin client select
SchedulerThread schedule Group [ 2 ], select( 15 clients):
4 | 12 | 14 | 16 | 21 | 42 | 43 | 49 | 53 | 60 | 68 | 86 | 90 | 95 | 99 |
-----------------------------------------------------------------Schedule complete
Client 68 trained
Client 68 uploaded
Client 99 trained
Client 99 uploaded
Client 53 trained
Client 53 uploaded
Client 60 trained
Client 60 uploaded
Client 21 trained
Client 21 uploaded
Client 49 trained
Client 49 uploaded
Client 12 trained
Client 12 uploaded
Client 14 trained
Client 14 uploaded
Client 4 trained
Client 4 uploaded
Client 43 trained
Client 43 uploaded
Client 95 trained
Client 95 uploaded
Client 16 trained
Client 16 uploaded
Client 90 trained
Client 90 uploaded
Client 42 trained
Client 42 uploaded
Client 86 trained
Client 86 uploaded
Epoch(t): 21 accuracy: 54.57 loss 1.2876135575771332 run_time: 758.0461437702179
FedDocs Algo: Group 5 is selected
| current_epoch 22 |. Begin client select
SchedulerThread schedule Group [ 5 ], select( 15 clients):
2 | 5 | 7 | 9 | 13 | 19 | 27 | 29 | 38 | 44 | 52 | 69 | 76 | 83 | 97 |
-----------------------------------------------------------------Schedule complete
Client 97 trained
Client 97 uploaded
Client 52 trained
Client 52 uploaded
Client 76 trained
Client 76 uploaded
Client 7 trained
Client 7 uploaded
Client 38 trained
Client 38 uploaded
Client 2 trained
Client 2 uploaded
Client 13 trained
Client 13 uploaded
Client 69 trained
Client 69 uploaded
Client 5 trained
Client 5 uploaded
Client 9 trained
Client 9 uploaded
Client 44 trained
Client 44 uploaded
Client 29 trained
Client 29 uploaded
Client 27 trained
Client 27 uploaded
Client 83 trained
Client 83 uploaded
Client 19 trained
Client 19 uploaded
Epoch(t): 22 accuracy: 52.8 loss 1.3310329043865203 run_time: 794.9395861625671
FedDocs Algo: Group 5 is selected
| current_epoch 23 |. Begin client select
SchedulerThread schedule Group [ 5 ], select( 15 clients):
2 | 5 | 7 | 9 | 13 | 19 | 27 | 29 | 38 | 44 | 52 | 69 | 76 | 83 | 97 |
-----------------------------------------------------------------Schedule complete
Client 52 trained
Client 52 uploaded
Client 97 trained
Client 97 uploaded
Client 76 trained
Client 76 uploaded
Client 38 trained
Client 38 uploaded
Client 7 trained
Client 7 uploaded
Client 2 trained
Client 2 uploaded
Client 13 trained
Client 13 uploaded
Client 69 trained
Client 69 uploaded
Client 5 trained
Client 5 uploaded
Client 44 trained
Client 44 uploaded
Client 9 trained
Client 9 uploaded
Client 29 trained
Client 29 uploaded
Client 27 trained
Client 27 uploaded
Client 83 trained
Client 83 uploaded
Client 19 trained
Client 19 uploaded
Epoch(t): 23 accuracy: 51.75 loss 1.3489674377441405 run_time: 831.2045450210571
FedDocs Algo: Group 5 is selected
| current_epoch 24 |. Begin client select
SchedulerThread schedule Group [ 5 ], select( 15 clients):
2 | 5 | 7 | 9 | 13 | 19 | 27 | 29 | 38 | 44 | 52 | 69 | 76 | 83 | 97 |
-----------------------------------------------------------------Schedule complete
Client 52 trained
Client 52 uploaded
Client 97 trained
Client 97 uploaded
Client 76 trained
Client 76 uploaded
Client 38 trained
Client 38 uploaded
Client 7 trained
Client 7 uploaded
Client 2 trained
Client 2 uploaded
Client 13 trained
Client 13 uploaded
Client 69 trained
Client 69 uploaded
Client 5 trained
Client 5 uploaded
Client 9 trained
Client 9 uploaded
Client 44 trained
Client 44 uploaded
Client 29 trained
Client 29 uploaded
Client 27 trained
Client 27 uploaded
Client 83 trained
Client 83 uploaded
Client 19 trained
Client 19 uploaded
Epoch(t): 24 accuracy: 52.34 loss 1.3304980492591858 run_time: 868.3667697906494
FedDocs Algo: Group 5 is selected
| current_epoch 25 |. Begin client select
SchedulerThread schedule Group [ 5 ], select( 15 clients):
2 | 5 | 7 | 9 | 13 | 19 | 27 | 29 | 38 | 44 | 52 | 69 | 76 | 83 | 97 |
-----------------------------------------------------------------Schedule complete
Client 97 trained
Client 97 uploaded
Client 52 trained
Client 52 uploaded
Client 76 trained
Client 76 uploaded
Client 38 trained
Client 38 uploaded
Client 7 trained
Client 7 uploaded
Client 2 trained
Client 2 uploaded
Client 13 trained
Client 13 uploaded
Client 69 trained
Client 69 uploaded
Client 5 trained
Client 5 uploaded
Client 44 trained
Client 44 uploaded
Client 9 trained
Client 9 uploaded
Client 27 trained
Client 27 uploaded
Client 29 trained
Client 29 uploaded
Client 83 trained
Client 83 uploaded
Client 19 trained
Client 19 uploaded
Epoch(t): 25 accuracy: 53.25 loss 1.3095190799236298 run_time: 905.3324580192566
FedDocs Algo: Group 3 is selected
| current_epoch 26 |. Begin client select
SchedulerThread schedule Group [ 3 ], select( 15 clients):
1 | 8 | 17 | 26 | 34 | 39 | 47 | 62 | 65 | 67 | 70 | 73 | 84 | 89 | 98 |
-----------------------------------------------------------------Schedule complete
Client 1 trained
Client 1 uploaded
Client 8 trained
Client 8 uploaded
Client 67 trained
Client 67 uploaded
Client 98 trained
Client 98 uploaded
Client 62 trained
Client 62 uploaded
Client 73 trained
Client 73 uploaded
Client 84 trained
Client 84 uploaded
Client 89 trained
Client 89 uploaded
Client 39 trained
Client 39 uploaded
Client 47 trained
Client 47 uploaded
Client 17 trained
Client 17 uploaded
Client 26 trained
Client 26 uploaded
Client 34 trained
Client 34 uploaded
Client 70 trained
Client 70 uploaded
Client 65 trained
Client 65 uploaded
Epoch(t): 26 accuracy: 54.35 loss 1.2584471833705901 run_time: 944.5990922451019
FedDocs Algo: Group 2 is selected
| current_epoch 27 |. Begin client select
SchedulerThread schedule Group [ 2 ], select( 15 clients):
4 | 12 | 14 | 16 | 21 | 42 | 43 | 49 | 53 | 60 | 68 | 86 | 90 | 95 | 99 |
-----------------------------------------------------------------Schedule complete
Client 68 trained
Client 68 uploaded
Client 99 trained
Client 99 uploaded
Client 53 trained
Client 53 uploaded
Client 60 trained
Client 60 uploaded
Client 21 trained
Client 21 uploaded
Client 49 trained
Client 49 uploaded
Client 12 trained
Client 12 uploaded
Client 4 trained
Client 4 uploaded
Client 14 trained
Client 14 uploaded
Client 43 trained
Client 43 uploaded
Client 95 trained
Client 95 uploaded
Client 90 trained
Client 90 uploaded
Client 16 trained
Client 16 uploaded
Client 42 trained
Client 42 uploaded
Client 86 trained
Client 86 uploaded
Epoch(t): 27 accuracy: 56.28 loss 1.2237124335765839 run_time: 979.8477482795715
FedDocs Algo: Group 5 is selected
| current_epoch 28 |. Begin client select
SchedulerThread schedule Group [ 5 ], select( 15 clients):
2 | 5 | 7 | 9 | 13 | 19 | 27 | 29 | 38 | 44 | 52 | 69 | 76 | 83 | 97 |
-----------------------------------------------------------------Schedule complete
Client 52 trained
Client 52 uploaded
Client 97 trained
Client 97 uploaded
Client 76 trained
Client 76 uploaded
Client 38 trained
Client 38 uploaded
Client 7 trained
Client 7 uploaded
Client 2 trained
Client 2 uploaded
Client 13 trained
Client 13 uploaded
Client 69 trained
Client 69 uploaded
Client 5 trained
Client 5 uploaded
Client 44 trained
Client 44 uploaded
Client 9 trained
Client 9 uploaded
Client 29 trained
Client 29 uploaded
Client 27 trained
Client 27 uploaded
Client 83 trained
Client 83 uploaded
Client 19 trained
Client 19 uploaded
Epoch(t): 28 accuracy: 54.8 loss 1.2559745812416077 run_time: 1018.3064653873444
FedDocs Algo: Group 5 is selected
| current_epoch 29 |. Begin client select
SchedulerThread schedule Group [ 5 ], select( 15 clients):
2 | 5 | 7 | 9 | 13 | 19 | 27 | 29 | 38 | 44 | 52 | 69 | 76 | 83 | 97 |
-----------------------------------------------------------------Schedule complete
Client 52 trained
Client 52 uploaded
Client 97 trained
Client 97 uploaded
Client 76 trained
Client 76 uploaded
Client 38 trained
Client 38 uploaded
Client 7 trained
Client 7 uploaded
Client 13 trained
Client 13 uploaded
Client 2 trained
Client 2 uploaded
Client 69 trained
Client 69 uploaded
Client 5 trained
Client 5 uploaded
Client 44 trained
Client 44 uploaded
Client 9 trained
Client 9 uploaded
Client 29 trained
Client 29 uploaded
Client 27 trained
Client 27 uploaded
Client 83 trained
Client 83 uploaded
Client 19 trained
Client 19 uploaded
Epoch(t): 29 accuracy: 54.2 loss 1.275645560026169 run_time: 1055.9885578155518
FedDocs Algo: Group 5 is selected
| current_epoch 30 |. Begin client select
SchedulerThread schedule Group [ 5 ], select( 15 clients):
2 | 5 | 7 | 9 | 13 | 19 | 27 | 29 | 38 | 44 | 52 | 69 | 76 | 83 | 97 |
-----------------------------------------------------------------Schedule complete
Client 97 trained
Client 97 uploaded
Client 52 trained
Client 52 uploaded
Client 76 trained
Client 76 uploaded
Client 7 trained
Client 7 uploaded
Client 38 trained
Client 38 uploaded
Client 2 trained
Client 2 uploaded
Client 13 trained
Client 13 uploaded
Client 69 trained
Client 69 uploaded
Client 5 trained
Client 5 uploaded
Client 9 trained
Client 9 uploaded
Client 44 trained
Client 44 uploaded
Client 29 trained
Client 29 uploaded
Client 27 trained
Client 27 uploaded
Client 83 trained
Client 83 uploaded
Client 19 trained
Client 19 uploaded
Epoch(t): 30 accuracy: 53.5 loss 1.2898054921627045 run_time: 1093.5913999080658
FedDocs Algo: Group 5 is selected
| current_epoch 31 |. Begin client select
SchedulerThread schedule Group [ 5 ], select( 15 clients):
2 | 5 | 7 | 9 | 13 | 19 | 27 | 29 | 38 | 44 | 52 | 69 | 76 | 83 | 97 |
-----------------------------------------------------------------Schedule complete
Client 52 trained
Client 52 uploaded
Client 97 trained
Client 97 uploaded
Client 76 trained
Client 76 uploaded
Client 7 trained
Client 7 uploaded
Client 38 trained
Client 38 uploaded
Client 2 trained
Client 2 uploaded
Client 13 trained
Client 13 uploaded
Client 69 trained
Client 69 uploaded
Client 5 trained
Client 5 uploaded
Client 9 trained
Client 9 uploaded
Client 44 trained
Client 44 uploaded
Client 29 trained
Client 29 uploaded
Client 27 trained
Client 27 uploaded
Client 83 trained
Client 83 uploaded
Client 19 trained
Client 19 uploaded
Epoch(t): 31 accuracy: 53.49 loss 1.2886194789409637 run_time: 1130.246332168579
FedDocs Algo: Group 5 is selected
| current_epoch 32 |. Begin client select
SchedulerThread schedule Group [ 5 ], select( 15 clients):
2 | 5 | 7 | 9 | 13 | 19 | 27 | 29 | 38 | 44 | 52 | 69 | 76 | 83 | 97 |
-----------------------------------------------------------------Schedule complete
Client 52 trained
Client 52 uploaded
Client 97 trained
Client 97 uploaded
Client 76 trained
Client 76 uploaded
Client 7 trained
Client 7 uploaded
Client 38 trained
Client 38 uploaded
Client 2 trained
Client 2 uploaded
Client 13 trained
Client 13 uploaded
Client 69 trained
Client 69 uploaded
Client 5 trained
Client 5 uploaded
Client 9 trained
Client 9 uploaded
Client 44 trained
Client 44 uploaded
Client 29 trained
Client 29 uploaded
Client 27 trained
Client 27 uploaded
Client 83 trained
Client 83 uploaded
Client 19 trained
Client 19 uploaded
Epoch(t): 32 accuracy: 53.94 loss 1.2799145466089248 run_time: 1167.7939705848694
FedDocs Algo: Group 2 is selected
| current_epoch 33 |. Begin client select
SchedulerThread schedule Group [ 2 ], select( 15 clients):
4 | 12 | 14 | 16 | 21 | 42 | 43 | 49 | 53 | 60 | 68 | 86 | 90 | 95 | 99 |
-----------------------------------------------------------------Schedule complete
Client 68 trained
Client 68 uploaded
Client 99 trained
Client 99 uploaded
Client 53 trained
Client 53 uploaded
Client 60 trained
Client 60 uploaded
Client 21 trained
Client 21 uploaded
Client 49 trained
Client 49 uploaded
Client 12 trained
Client 12 uploaded
Client 14 trained
Client 14 uploaded
Client 4 trained
Client 4 uploaded
Client 43 trained
Client 43 uploaded
Client 95 trained
Client 95 uploaded
Client 16 trained
Client 16 uploaded
Client 90 trained
Client 90 uploaded
Client 42 trained
Client 42 uploaded
Client 86 trained
Client 86 uploaded
Epoch(t): 33 accuracy: 58.5 loss 1.1776288408041 run_time: 1201.8207685947418
FedDocs Algo: Group 5 is selected
| current_epoch 34 |. Begin client select
SchedulerThread schedule Group [ 5 ], select( 15 clients):
2 | 5 | 7 | 9 | 13 | 19 | 27 | 29 | 38 | 44 | 52 | 69 | 76 | 83 | 97 |
-----------------------------------------------------------------Schedule complete
Client 52 trained
Client 52 uploaded
Client 97 trained
Client 97 uploaded
Client 76 trained
Client 76 uploaded
Client 7 trained
Client 7 uploaded
Client 38 trained
Client 38 uploaded
Client 2 trained
Client 2 uploaded
Client 13 trained
Client 13 uploaded
Client 69 trained
Client 69 uploaded
Client 5 trained
Client 5 uploaded
Client 9 trained
Client 9 uploaded
Client 44 trained
Client 44 uploaded
Client 29 trained
Client 29 uploaded
Client 27 trained
Client 27 uploaded
Client 83 trained
Client 83 uploaded
Client 19 trained
Client 19 uploaded
Epoch(t): 34 accuracy: 55.28 loss 1.2547880816459656 run_time: 1239.3237137794495
FedDocs Algo: Group 5 is selected
| current_epoch 35 |. Begin client select
SchedulerThread schedule Group [ 5 ], select( 15 clients):
2 | 5 | 7 | 9 | 13 | 19 | 27 | 29 | 38 | 44 | 52 | 69 | 76 | 83 | 97 |
-----------------------------------------------------------------Schedule complete
Client 97 trained
Client 97 uploaded
Client 52 trained
Client 52 uploaded
Client 76 trained
Client 76 uploaded
Client 38 trained
Client 38 uploaded
Client 7 trained
Client 7 uploaded
Client 2 trained
Client 2 uploaded
Client 13 trained
Client 13 uploaded
Client 69 trained
Client 69 uploaded
Client 5 trained
Client 5 uploaded
Client 44 trained
Client 44 uploaded
Client 9 trained
Client 9 uploaded
Client 29 trained
Client 29 uploaded
Client 27 trained
Client 27 uploaded
Client 83 trained
Client 83 uploaded
Client 19 trained
Client 19 uploaded
Epoch(t): 35 accuracy: 54.5 loss 1.279671151638031 run_time: 1276.9908776283264
FedDocs Algo: Group 5 is selected
| current_epoch 36 |. Begin client select
SchedulerThread schedule Group [ 5 ], select( 15 clients):
2 | 5 | 7 | 9 | 13 | 19 | 27 | 29 | 38 | 44 | 52 | 69 | 76 | 83 | 97 |
-----------------------------------------------------------------Schedule complete
Client 52 trained
Client 52 uploaded
Client 97 trained
Client 97 uploaded
Client 76 trained
Client 76 uploaded
Client 38 trained
Client 38 uploaded
Client 7 trained
Client 7 uploaded
Client 2 trained
Client 2 uploaded
Client 13 trained
Client 13 uploaded
Client 5 trained
Client 5 uploaded
Client 69 trained
Client 69 uploaded
Client 9 trained
Client 9 uploaded
Client 44 trained
Client 44 uploaded
Client 27 trained
Client 27 uploaded
Client 29 trained
Client 29 uploaded
Client 83 trained
Client 83 uploaded
Client 19 trained
Client 19 uploaded
Epoch(t): 36 accuracy: 55.02 loss 1.2722080957889557 run_time: 1315.0622425079346
FedDocs Algo: Group 3 is selected
| current_epoch 37 |. Begin client select
SchedulerThread schedule Group [ 3 ], select( 15 clients):
1 | 8 | 17 | 26 | 34 | 39 | 47 | 62 | 65 | 67 | 70 | 73 | 84 | 89 | 98 |
-----------------------------------------------------------------Schedule complete
Client 1 trained
Client 1 uploaded
Client 67 trained
Client 67 uploaded
Client 8 trained
Client 8 uploaded
Client 98 trained
Client 98 uploaded
Client 62 trained
Client 62 uploaded
Client 73 trained
Client 73 uploaded
Client 84 trained
Client 84 uploaded
Client 47 trained
Client 47 uploaded
Client 89 trained
Client 89 uploaded
Client 39 trained
Client 39 uploaded
Client 17 trained
Client 17 uploaded
Client 26 trained
Client 26 uploaded
Client 34 trained
Client 34 uploaded
Client 70 trained
Client 70 uploaded
Client 65 trained
Client 65 uploaded
Epoch(t): 37 accuracy: 56.39 loss 1.197080872654915 run_time: 1354.9787015914917
FedDocs Algo: Group 5 is selected
| current_epoch 38 |. Begin client select
SchedulerThread schedule Group [ 5 ], select( 15 clients):
2 | 5 | 7 | 9 | 13 | 19 | 27 | 29 | 38 | 44 | 52 | 69 | 76 | 83 | 97 |
-----------------------------------------------------------------Schedule complete
Client 52 trained
Client 52 uploaded
Client 97 trained
Client 97 uploaded
Client 76 trained
Client 76 uploaded
Client 38 trained
Client 38 uploaded
Client 7 trained
Client 7 uploaded
Client 13 trained
Client 13 uploaded
Client 2 trained
Client 2 uploaded
Client 69 trained
Client 69 uploaded
Client 5 trained
Client 5 uploaded
Client 9 trained
Client 9 uploaded
Client 44 trained
Client 44 uploaded
Client 29 trained
Client 29 uploaded
Client 27 trained
Client 27 uploaded
Client 83 trained
Client 83 uploaded
Client 19 trained
Client 19 uploaded
Epoch(t): 38 accuracy: 55.74 loss 1.2382823771238327 run_time: 1393.5507724285126
FedDocs Algo: Group 2 is selected
| current_epoch 39 |. Begin client select
SchedulerThread schedule Group [ 2 ], select( 15 clients):
4 | 12 | 14 | 16 | 21 | 42 | 43 | 49 | 53 | 60 | 68 | 86 | 90 | 95 | 99 |
-----------------------------------------------------------------Schedule complete
Client 68 trained
Client 68 uploaded
Client 99 trained
Client 99 uploaded
Client 53 trained
Client 53 uploaded
Client 60 trained
Client 60 uploaded
Client 21 trained
Client 21 uploaded
Client 49 trained
Client 49 uploaded
Client 12 trained
Client 12 uploaded
Client 4 trained
Client 4 uploaded
Client 14 trained
Client 14 uploaded
Client 43 trained
Client 43 uploaded
Client 95 trained
Client 95 uploaded
Client 16 trained
Client 16 uploaded
Client 90 trained
Client 90 uploaded
Client 42 trained
Client 42 uploaded
Client 86 trained
Client 86 uploaded
Epoch(t): 39 accuracy: 57.81 loss 1.1755229079723357 run_time: 1429.1026017665863
FedDocs Algo: Group 5 is selected
| current_epoch 40 |. Begin client select
SchedulerThread schedule Group [ 5 ], select( 15 clients):
2 | 5 | 7 | 9 | 13 | 19 | 27 | 29 | 38 | 44 | 52 | 69 | 76 | 83 | 97 |
-----------------------------------------------------------------Schedule complete
Client 97 trained
Client 97 uploaded
Client 52 trained
Client 52 uploaded
Client 76 trained
Client 76 uploaded
Client 38 trained
Client 38 uploaded
Client 7 trained
Client 7 uploaded
Client 13 trained
Client 13 uploaded
Client 2 trained
Client 2 uploaded
Client 69 trained
Client 69 uploaded
Client 5 trained
Client 5 uploaded
Client 44 trained
Client 44 uploaded
Client 9 trained
Client 9 uploaded
Client 29 trained
Client 29 uploaded
Client 27 trained
Client 27 uploaded
Client 83 trained
Client 83 uploaded
Client 19 trained
Client 19 uploaded
Epoch(t): 40 accuracy: 56.48 loss 1.2210587859153748 run_time: 1466.9687414169312
FedDocs Algo: Group 5 is selected
| current_epoch 41 |. Begin client select
SchedulerThread schedule Group [ 5 ], select( 15 clients):
2 | 5 | 7 | 9 | 13 | 19 | 27 | 29 | 38 | 44 | 52 | 69 | 76 | 83 | 97 |
-----------------------------------------------------------------Schedule complete
Client 52 trained
Client 52 uploaded
Client 97 trained
Client 97 uploaded
Client 76 trained
Client 76 uploaded
Client 38 trained
Client 38 uploaded
Client 7 trained
Client 7 uploaded
Client 2 trained
Client 2 uploaded
Client 13 trained
Client 13 uploaded
Client 69 trained
Client 69 uploaded
Client 5 trained
Client 5 uploaded
Client 9 trained
Client 9 uploaded
Client 44 trained
Client 44 uploaded
Client 27 trained
Client 27 uploaded
Client 29 trained
Client 29 uploaded
Client 83 trained
Client 83 uploaded
Client 19 trained
Client 19 uploaded
Epoch(t): 41 accuracy: 55.87 loss 1.2493550485372544 run_time: 1504.1524901390076
FedDocs Algo: Group 5 is selected
| current_epoch 42 |. Begin client select
SchedulerThread schedule Group [ 5 ], select( 15 clients):
2 | 5 | 7 | 9 | 13 | 19 | 27 | 29 | 38 | 44 | 52 | 69 | 76 | 83 | 97 |
-----------------------------------------------------------------Schedule complete
Client 52 trained
Client 52 uploaded
Client 97 trained
Client 97 uploaded
Client 76 trained
Client 76 uploaded
Client 38 trained
Client 38 uploaded
Client 7 trained
Client 7 uploaded
Client 2 trained
Client 2 uploaded
Client 13 trained
Client 13 uploaded
Client 69 trained
Client 69 uploaded
Client 5 trained
Client 5 uploaded
Client 9 trained
Client 9 uploaded
Client 44 trained
Client 44 uploaded
Client 29 trained
Client 29 uploaded
Client 27 trained
Client 27 uploaded
Client 83 trained
Client 83 uploaded
Client 19 trained
Client 19 uploaded
Epoch(t): 42 accuracy: 55.88 loss 1.2510172599554061 run_time: 1542.2313022613525
FedDocs Algo: Group 5 is selected
| current_epoch 43 |. Begin client select
SchedulerThread schedule Group [ 5 ], select( 15 clients):
2 | 5 | 7 | 9 | 13 | 19 | 27 | 29 | 38 | 44 | 52 | 69 | 76 | 83 | 97 |
-----------------------------------------------------------------Schedule complete
Client 52 trained
Client 52 uploaded
Client 97 trained
Client 97 uploaded
Client 76 trained
Client 76 uploaded
Client 38 trained
Client 38 uploaded
Client 7 trained
Client 7 uploaded
Client 13 trained
Client 13 uploaded
Client 2 trained
Client 2 uploaded
Client 69 trained
Client 69 uploaded
Client 5 trained
Client 5 uploaded
Client 9 trained
Client 9 uploaded
Client 44 trained
Client 44 uploaded
Client 29 trained
Client 29 uploaded
Client 27 trained
Client 27 uploaded
Client 83 trained
Client 83 uploaded
Client 19 trained
Client 19 uploaded
Epoch(t): 43 accuracy: 56.12 loss 1.249792790412903 run_time: 1579.6185302734375
FedDocs Algo: Group 5 is selected
| current_epoch 44 |. Begin client select
SchedulerThread schedule Group [ 5 ], select( 15 clients):
2 | 5 | 7 | 9 | 13 | 19 | 27 | 29 | 38 | 44 | 52 | 69 | 76 | 83 | 97 |
-----------------------------------------------------------------Schedule complete
Client 97 trained
Client 97 uploaded
Client 52 trained
Client 52 uploaded
Client 76 trained
Client 76 uploaded
Client 38 trained
Client 38 uploaded
Client 7 trained
Client 7 uploaded
Client 2 trained
Client 2 uploaded
Client 13 trained
Client 13 uploaded
Client 69 trained
Client 69 uploaded
Client 5 trained
Client 5 uploaded
Client 9 trained
Client 9 uploaded
Client 44 trained
Client 44 uploaded
Client 29 trained
Client 29 uploaded
Client 27 trained
Client 27 uploaded
Client 83 trained
Client 83 uploaded
Client 19 trained
Client 19 uploaded
Epoch(t): 44 accuracy: 55.33 loss 1.268239539861679 run_time: 1617.2090537548065
FedDocs Algo: Group 3 is selected
| current_epoch 45 |. Begin client select
SchedulerThread schedule Group [ 3 ], select( 15 clients):
1 | 8 | 17 | 26 | 34 | 39 | 47 | 62 | 65 | 67 | 70 | 73 | 84 | 89 | 98 |
-----------------------------------------------------------------Schedule complete
Client 1 trained
Client 1 uploaded
Client 67 trained
Client 67 uploaded
Client 8 trained
Client 8 uploaded
Client 98 trained
Client 98 uploaded
Client 62 trained
Client 62 uploaded
Client 73 trained
Client 73 uploaded
Client 84 trained
Client 84 uploaded
Client 89 trained
Client 89 uploaded
Client 39 trained
Client 39 uploaded
Client 47 trained
Client 47 uploaded
Client 17 trained
Client 17 uploaded
Client 26 trained
Client 26 uploaded
Client 34 trained
Client 34 uploaded
Client 70 trained
Client 70 uploaded
Client 65 trained
Client 65 uploaded
Epoch(t): 45 accuracy: 57.37 loss 1.1809321796894074 run_time: 1655.8638701438904
FedDocs Algo: Group 5 is selected
| current_epoch 46 |. Begin client select
SchedulerThread schedule Group [ 5 ], select( 15 clients):
2 | 5 | 7 | 9 | 13 | 19 | 27 | 29 | 38 | 44 | 52 | 69 | 76 | 83 | 97 |
-----------------------------------------------------------------Schedule complete
Client 52 trained
Client 52 uploaded
Client 97 trained
Client 97 uploaded
Client 76 trained
Client 76 uploaded
Client 38 trained
Client 38 uploaded
Client 7 trained
Client 7 uploaded
Client 13 trained
Client 13 uploaded
Client 2 trained
Client 2 uploaded
Client 69 trained
Client 69 uploaded
Client 5 trained
Client 5 uploaded
Client 9 trained
Client 9 uploaded
Client 44 trained
Client 44 uploaded
Client 29 trained
Client 29 uploaded
Client 27 trained
Client 27 uploaded
Client 83 trained
Client 83 uploaded
Client 19 trained
Client 19 uploaded
Epoch(t): 46 accuracy: 56.58 loss 1.2277561342716217 run_time: 1694.41770029068
FedDocs Algo: Group 5 is selected
| current_epoch 47 |. Begin client select
SchedulerThread schedule Group [ 5 ], select( 15 clients):
2 | 5 | 7 | 9 | 13 | 19 | 27 | 29 | 38 | 44 | 52 | 69 | 76 | 83 | 97 |
-----------------------------------------------------------------Schedule complete
Client 52 trained
Client 52 uploaded
Client 97 trained
Client 97 uploaded
Client 76 trained
Client 76 uploaded
Client 38 trained
Client 38 uploaded
Client 7 trained
Client 7 uploaded
Client 2 trained
Client 2 uploaded
Client 13 trained
Client 13 uploaded
Client 69 trained
Client 69 uploaded
Client 5 trained
Client 5 uploaded
Client 9 trained
Client 9 uploaded
Client 44 trained
Client 44 uploaded
Client 29 trained
Client 29 uploaded
Client 27 trained
Client 27 uploaded
Client 83 trained
Client 83 uploaded
Client 19 trained
Client 19 uploaded
Epoch(t): 47 accuracy: 55.83 loss 1.2494262874126434 run_time: 1732.4203732013702
FedDocs Algo: Group 2 is selected
| current_epoch 48 |. Begin client select
SchedulerThread schedule Group [ 2 ], select( 15 clients):
4 | 12 | 14 | 16 | 21 | 42 | 43 | 49 | 53 | 60 | 68 | 86 | 90 | 95 | 99 |
-----------------------------------------------------------------Schedule complete
Client 68 trained
Client 68 uploaded
Client 99 trained
Client 99 uploaded
Client 53 trained
Client 53 uploaded
Client 60 trained
Client 60 uploaded
Client 21 trained
Client 21 uploaded
Client 49 trained
Client 49 uploaded
Client 12 trained
Client 12 uploaded
Client 14 trained
Client 14 uploaded
Client 4 trained
Client 4 uploaded
Client 43 trained
Client 43 uploaded
Client 95 trained
Client 95 uploaded
Client 16 trained
Client 16 uploaded
Client 90 trained
Client 90 uploaded
Client 42 trained
Client 42 uploaded
Client 86 trained
Client 86 uploaded
Epoch(t): 48 accuracy: 59.73 loss 1.1501734352111816 run_time: 1766.623143196106
FedDocs Algo: Group 5 is selected
| current_epoch 49 |. Begin client select
SchedulerThread schedule Group [ 5 ], select( 15 clients):
2 | 5 | 7 | 9 | 13 | 19 | 27 | 29 | 38 | 44 | 52 | 69 | 76 | 83 | 97 |
-----------------------------------------------------------------Schedule complete
Client 52 trained
Client 52 uploaded
Client 97 trained
Client 97 uploaded
Client 76 trained
Client 76 uploaded
Client 38 trained
Client 38 uploaded
Client 7 trained
Client 7 uploaded
Client 2 trained
Client 2 uploaded
Client 13 trained
Client 13 uploaded
Client 69 trained
Client 69 uploaded
Client 5 trained
Client 5 uploaded
Client 44 trained
Client 44 uploaded
Client 9 trained
Client 9 uploaded
Client 29 trained
Client 29 uploaded
Client 27 trained
Client 27 uploaded
Client 83 trained
Client 83 uploaded
Client 19 trained
Client 19 uploaded
Epoch(t): 49 accuracy: 57.25 loss 1.215402102470398 run_time: 1805.5244114398956
FedDocs Algo: Group 5 is selected
| current_epoch 50 |. Begin client select
SchedulerThread schedule Group [ 5 ], select( 15 clients):
2 | 5 | 7 | 9 | 13 | 19 | 27 | 29 | 38 | 44 | 52 | 69 | 76 | 83 | 97 |
-----------------------------------------------------------------Schedule complete
Client 52 trained
Client 52 uploaded
Client 97 trained
Client 97 uploaded
Client 76 trained
Client 76 uploaded
Client 7 trained
Client 7 uploaded
Client 38 trained
Client 38 uploaded
Client 13 trained
Client 13 uploaded
Client 2 trained
Client 2 uploaded
Client 69 trained
Client 69 uploaded
Client 5 trained
Client 5 uploaded
Client 9 trained
Client 9 uploaded
Client 44 trained
Client 44 uploaded
Client 29 trained
Client 29 uploaded
Client 27 trained
Client 27 uploaded
Client 83 trained
Client 83 uploaded
Client 19 trained
Client 19 uploaded
Epoch(t): 50 accuracy: 55.96 loss 1.2578369569778443 run_time: 1843.0780243873596
FedDocs Algo: Group 0 is selected
| current_epoch 51 |. Begin client select
SchedulerThread schedule Group [ 0 ], select( 12 clients):
10 | 23 | 45 | 46 | 50 | 51 | 55 | 58 | 61 | 64 | 78 | 88 |
-----------------------------------------------------------------Schedule complete
Client 10 trained
Client 10 uploaded
Client 46 trained
Client 46 uploaded
Client 58 trained
Client 58 uploaded
Client 61 trained
Client 61 uploaded
Client 51 trained
Client 51 uploaded
Client 55 trained
Client 55 uploaded
Client 64 trained
Client 64 uploaded
Client 88 trained
Client 88 uploaded
Client 45 trained
Client 45 uploaded
Client 23 trained
Client 23 uploaded
Client 78 trained
Client 78 uploaded
Client 50 trained
Client 50 uploaded
Epoch(t): 51 accuracy: 58.13 loss 1.197252221107483 run_time: 1869.1365194320679
FedDocs Algo: Group 5 is selected
| current_epoch 52 |. Begin client select
SchedulerThread schedule Group [ 5 ], select( 15 clients):
2 | 5 | 7 | 9 | 13 | 19 | 27 | 29 | 38 | 44 | 52 | 69 | 76 | 83 | 97 |
-----------------------------------------------------------------Schedule complete
Client 97 trained
Client 97 uploaded
Client 52 trained
Client 52 uploaded
Client 76 trained
Client 76 uploaded
Client 7 trained
Client 7 uploaded
Client 38 trained
Client 38 uploaded
Client 2 trained
Client 2 uploaded
Client 13 trained
Client 13 uploaded
Client 69 trained
Client 69 uploaded
Client 5 trained
Client 5 uploaded
Client 9 trained
Client 9 uploaded
Client 44 trained
Client 44 uploaded
Client 29 trained
Client 29 uploaded
Client 27 trained
Client 27 uploaded
Client 83 trained
Client 83 uploaded
Client 19 trained
Client 19 uploaded
Epoch(t): 52 accuracy: 57.71 loss 1.2023258566856385 run_time: 1906.595959663391
FedDocs Algo: Group 0 is selected
| current_epoch 53 |. Begin client select
SchedulerThread schedule Group [ 0 ], select( 12 clients):
10 | 23 | 45 | 46 | 50 | 51 | 55 | 58 | 61 | 64 | 78 | 88 |
-----------------------------------------------------------------Schedule complete
Client 10 trained
Client 10 uploaded
Client 46 trained
Client 46 uploaded
Client 58 trained
Client 58 uploaded
Client 61 trained
Client 61 uploaded
Client 51 trained
Client 51 uploaded
Client 64 trained
Client 64 uploaded
Client 55 trained
Client 55 uploaded
Client 45 trained
Client 45 uploaded
Client 88 trained
Client 88 uploaded
Client 23 trained
Client 23 uploaded
Client 78 trained
Client 78 uploaded
Client 50 trained
Client 50 uploaded
Epoch(t): 53 accuracy: 58.0 loss 1.1857110947370528 run_time: 1933.6377747058868
FedDocs Algo: Group 4 is selected
| current_epoch 54 |. Begin client select
SchedulerThread schedule Group [ 4 ], select( 14 clients):
3 | 20 | 22 | 24 | 28 | 30 | 33 | 35 | 63 | 66 | 71 | 80 | 81 | 96 |
-----------------------------------------------------------------Schedule complete
Client 28 trained
Client 28 uploaded
Client 80 trained
Client 80 uploaded
Client 63 trained
Client 63 uploaded
Client 66 trained
Client 66 uploaded
Client 30 trained
Client 30 uploaded
Client 24 trained
Client 24 uploaded
Client 96 trained
Client 96 uploaded
Client 22 trained
Client 22 uploaded
Client 3 trained
Client 3 uploaded
Client 81 trained
Client 81 uploaded
Client 71 trained
Client 71 uploaded
Client 33 trained
Client 33 uploaded
Client 20 trained
Client 20 uploaded
Client 35 trained
Client 35 uploaded
Epoch(t): 54 accuracy: 54.96 loss 1.2920934003591538 run_time: 1969.375014781952
FedDocs Algo: Group 5 is selected
| current_epoch 55 |. Begin client select
SchedulerThread schedule Group [ 5 ], select( 15 clients):
2 | 5 | 7 | 9 | 13 | 19 | 27 | 29 | 38 | 44 | 52 | 69 | 76 | 83 | 97 |
-----------------------------------------------------------------Schedule complete
Client 52 trained
Client 52 uploaded
Client 97 trained
Client 97 uploaded
Client 76 trained
Client 76 uploaded
Client 38 trained
Client 38 uploaded
Client 7 trained
Client 7 uploaded
Client 2 trained
Client 2 uploaded
Client 13 trained
Client 13 uploaded
Client 69 trained
Client 69 uploaded
Client 5 trained
Client 5 uploaded
Client 9 trained
Client 9 uploaded
Client 44 trained
Client 44 uploaded
Client 29 trained
Client 29 uploaded
Client 27 trained
Client 27 uploaded
Client 83 trained
Client 83 uploaded
Client 19 trained
Client 19 uploaded
Epoch(t): 55 accuracy: 58.56 loss 1.1751584029197693 run_time: 2006.765582561493
FedDocs Algo: Group 5 is selected
| current_epoch 56 |. Begin client select
SchedulerThread schedule Group [ 5 ], select( 15 clients):
2 | 5 | 7 | 9 | 13 | 19 | 27 | 29 | 38 | 44 | 52 | 69 | 76 | 83 | 97 |
-----------------------------------------------------------------Schedule complete
Client 52 trained
Client 52 uploaded
Client 97 trained
Client 97 uploaded
Client 76 trained
Client 76 uploaded
Client 7 trained
Client 7 uploaded
Client 38 trained
Client 38 uploaded
Client 2 trained
Client 2 uploaded
Client 13 trained
Client 13 uploaded
Client 69 trained
Client 69 uploaded
Client 5 trained
Client 5 uploaded
Client 44 trained
Client 44 uploaded
Client 9 trained
Client 9 uploaded
Client 29 trained
Client 29 uploaded
Client 27 trained
Client 27 uploaded
Client 83 trained
Client 83 uploaded
Client 19 trained
Client 19 uploaded
Epoch(t): 56 accuracy: 58.11 loss 1.1942683035135269 run_time: 2044.815485715866
FedDocs Algo: Group 5 is selected
| current_epoch 57 |. Begin client select
SchedulerThread schedule Group [ 5 ], select( 15 clients):
2 | 5 | 7 | 9 | 13 | 19 | 27 | 29 | 38 | 44 | 52 | 69 | 76 | 83 | 97 |
-----------------------------------------------------------------Schedule complete
Client 52 trained
Client 52 uploaded
Client 97 trained
Client 97 uploaded
Client 76 trained
Client 76 uploaded
Client 38 trained
Client 38 uploaded
Client 7 trained
Client 7 uploaded
Client 13 trained
Client 13 uploaded
Client 2 trained
Client 2 uploaded
Client 69 trained
Client 69 uploaded
Client 5 trained
Client 5 uploaded
Client 44 trained
Client 44 uploaded
Client 9 trained
Client 9 uploaded
Client 29 trained
Client 29 uploaded
Client 27 trained
Client 27 uploaded
Client 83 trained
Client 83 uploaded
Client 19 trained
Client 19 uploaded
Epoch(t): 57 accuracy: 58.05 loss 1.2152234637737274 run_time: 2081.7689986228943
FedDocs Algo: Group 2 is selected
| current_epoch 58 |. Begin client select
SchedulerThread schedule Group [ 2 ], select( 15 clients):
4 | 12 | 14 | 16 | 21 | 42 | 43 | 49 | 53 | 60 | 68 | 86 | 90 | 95 | 99 |
-----------------------------------------------------------------Schedule complete
Client 68 trained
Client 68 uploaded
Client 99 trained
Client 99 uploaded
Client 53 trained
Client 53 uploaded
Client 60 trained
Client 60 uploaded
Client 21 trained
Client 21 uploaded
Client 49 trained
Client 49 uploaded
Client 12 trained
Client 12 uploaded
Client 4 trained
Client 4 uploaded
Client 14 trained
Client 14 uploaded
Client 43 trained
Client 43 uploaded
Client 95 trained
Client 95 uploaded
Client 16 trained
Client 16 uploaded
Client 90 trained
Client 90 uploaded
Client 42 trained
Client 42 uploaded
Client 86 trained
Client 86 uploaded
Epoch(t): 58 accuracy: 60.63 loss 1.1192512887716293 run_time: 2117.418037176132
FedDocs Algo: Group 5 is selected
| current_epoch 59 |. Begin client select
SchedulerThread schedule Group [ 5 ], select( 15 clients):
2 | 5 | 7 | 9 | 13 | 19 | 27 | 29 | 38 | 44 | 52 | 69 | 76 | 83 | 97 |
-----------------------------------------------------------------Schedule complete
Client 52 trained
Client 52 uploaded
Client 97 trained
Client 97 uploaded
Client 76 trained
Client 76 uploaded
Client 38 trained
Client 38 uploaded
Client 7 trained
Client 7 uploaded
Client 2 trained
Client 2 uploaded
Client 13 trained
Client 13 uploaded
Client 69 trained
Client 69 uploaded
Client 5 trained
Client 5 uploaded
Client 9 trained
Client 9 uploaded
Client 44 trained
Client 44 uploaded
Client 29 trained
Client 29 uploaded
Client 27 trained
Client 27 uploaded
Client 83 trained
Client 83 uploaded
Client 19 trained
Client 19 uploaded
Epoch(t): 59 accuracy: 58.06 loss 1.1998533749580382 run_time: 2155.8410551548004
FedDocs Algo: Group 2 is selected
| current_epoch 60 |. Begin client select
SchedulerThread schedule Group [ 2 ], select( 15 clients):
4 | 12 | 14 | 16 | 21 | 42 | 43 | 49 | 53 | 60 | 68 | 86 | 90 | 95 | 99 |
-----------------------------------------------------------------Schedule complete
Client 68 trained
Client 68 uploaded
Client 99 trained
Client 99 uploaded
Client 53 trained
Client 53 uploaded
Client 60 trained
Client 60 uploaded
Client 21 trained
Client 21 uploaded
Client 49 trained
Client 49 uploaded
Client 12 trained
Client 12 uploaded
Client 4 trained
Client 4 uploaded
Client 14 trained
Client 14 uploaded
Client 43 trained
Client 43 uploaded
Client 95 trained
Client 95 uploaded
Client 16 trained
Client 16 uploaded
Client 90 trained
Client 90 uploaded
Client 42 trained
Client 42 uploaded
Client 86 trained
Client 86 uploaded
Epoch(t): 60 accuracy: 60.78 loss 1.1273667335510253 run_time: 2191.75287938118
FedDocs Algo: Group 5 is selected
| current_epoch 61 |. Begin client select
SchedulerThread schedule Group [ 5 ], select( 15 clients):
2 | 5 | 7 | 9 | 13 | 19 | 27 | 29 | 38 | 44 | 52 | 69 | 76 | 83 | 97 |
-----------------------------------------------------------------Schedule complete
Client 97 trained
Client 97 uploaded
Client 52 trained
Client 52 uploaded
Client 76 trained
Client 76 uploaded
Client 7 trained
Client 7 uploaded
Client 38 trained
Client 38 uploaded
Client 13 trained
Client 13 uploaded
Client 2 trained
Client 2 uploaded
Client 69 trained
Client 69 uploaded
Client 5 trained
Client 5 uploaded
Client 9 trained
Client 9 uploaded
Client 44 trained
Client 44 uploaded
Client 29 trained
Client 29 uploaded
Client 27 trained
Client 27 uploaded
Client 83 trained
Client 83 uploaded
Client 19 trained
Client 19 uploaded
Epoch(t): 61 accuracy: 58.83 loss 1.1728551143407822 run_time: 2229.65584897995
FedDocs Algo: Group 4 is selected
| current_epoch 62 |. Begin client select
SchedulerThread schedule Group [ 4 ], select( 14 clients):
3 | 20 | 22 | 24 | 28 | 30 | 33 | 35 | 63 | 66 | 71 | 80 | 81 | 96 |
-----------------------------------------------------------------Schedule complete
Client 28 trained
Client 28 uploaded
Client 80 trained
Client 80 uploaded
Client 66 trained
Client 66 uploaded
Client 63 trained
Client 63 uploaded
Client 30 trained
Client 30 uploaded
Client 24 trained
Client 24 uploaded
Client 22 trained
Client 22 uploaded
Client 96 trained
Client 96 uploaded
Client 3 trained
Client 3 uploaded
Client 81 trained
Client 81 uploaded
Client 71 trained
Client 71 uploaded
Client 33 trained
Client 33 uploaded
Client 20 trained
Client 20 uploaded
Client 35 trained
Client 35 uploaded
Epoch(t): 62 accuracy: 55.54 loss 1.2792723548412324 run_time: 2264.532364845276
FedDocs Algo: Group 1 is selected
| current_epoch 63 |. Begin client select
SchedulerThread schedule Group [ 1 ], select( 15 clients):
11 | 18 | 32 | 37 | 41 | 48 | 56 | 57 | 72 | 74 | 75 | 77 | 79 | 91 | 93 |
-----------------------------------------------------------------Schedule complete
Client 75 trained
Client 75 uploaded
Client 93 trained
Client 93 uploaded
Client 37 trained
Client 37 uploaded
Client 74 trained
Client 74 uploaded
Client 57 trained
Client 57 uploaded
Client 56 trained
Client 56 uploaded
Client 48 trained
Client 48 uploaded
Client 41 trained
Client 41 uploaded
Client 11 trained
Client 11 uploaded
Client 77 trained
Client 77 uploaded
Client 18 trained
Client 18 uploaded
Client 91 trained
Client 91 uploaded
Client 32 trained
Client 32 uploaded
Client 79 trained
Client 79 uploaded
Client 72 trained
Client 72 uploaded
Epoch(t): 63 accuracy: 60.62 loss 1.1274037390947342 run_time: 2308.4799468517303
FedDocs Algo: Group 5 is selected
| current_epoch 64 |. Begin client select
SchedulerThread schedule Group [ 5 ], select( 15 clients):
2 | 5 | 7 | 9 | 13 | 19 | 27 | 29 | 38 | 44 | 52 | 69 | 76 | 83 | 97 |
-----------------------------------------------------------------Schedule complete
Client 52 trained
Client 52 uploaded
Client 97 trained
Client 97 uploaded
Client 76 trained
Client 76 uploaded
Client 38 trained
Client 38 uploaded
Client 7 trained
Client 7 uploaded
Client 2 trained
Client 2 uploaded
Client 13 trained
Client 13 uploaded
Client 69 trained
Client 69 uploaded
Client 5 trained
Client 5 uploaded
Client 44 trained
Client 44 uploaded
Client 9 trained
Client 9 uploaded
Client 29 trained
Client 29 uploaded
Client 27 trained
Client 27 uploaded
Client 83 trained
Client 83 uploaded
Client 19 trained
Client 19 uploaded
Epoch(t): 64 accuracy: 59.58 loss 1.1496359437704087 run_time: 2345.3462331295013
FedDocs Algo: Group 3 is selected
| current_epoch 65 |. Begin client select
SchedulerThread schedule Group [ 3 ], select( 15 clients):
1 | 8 | 17 | 26 | 34 | 39 | 47 | 62 | 65 | 67 | 70 | 73 | 84 | 89 | 98 |
-----------------------------------------------------------------Schedule complete
Client 1 trained
Client 1 uploaded
Client 67 trained
Client 67 uploaded
Client 8 trained
Client 8 uploaded
Client 98 trained
Client 98 uploaded
Client 62 trained
Client 62 uploaded
Client 73 trained
Client 73 uploaded
Client 84 trained
Client 84 uploaded
Client 47 trained
Client 47 uploaded
Client 89 trained
Client 89 uploaded
Client 39 trained
Client 39 uploaded
Client 17 trained
Client 17 uploaded
Client 26 trained
Client 26 uploaded
Client 34 trained
Client 34 uploaded
Client 70 trained
Client 70 uploaded
Client 65 trained
Client 65 uploaded
Epoch(t): 65 accuracy: 60.8 loss 1.1025593662261963 run_time: 2383.843166589737
FedDocs Algo: Group 0 is selected
| current_epoch 66 |. Begin client select
SchedulerThread schedule Group [ 0 ], select( 12 clients):
10 | 23 | 45 | 46 | 50 | 51 | 55 | 58 | 61 | 64 | 78 | 88 |
-----------------------------------------------------------------Schedule complete
Client 10 trained
Client 10 uploaded
Client 46 trained
Client 46 uploaded
Client 58 trained
Client 58 uploaded
Client 61 trained
Client 61 uploaded
Client 51 trained
Client 51 uploaded
Client 64 trained
Client 64 uploaded
Client 55 trained
Client 55 uploaded
Client 88 trained
Client 88 uploaded
Client 45 trained
Client 45 uploaded
Client 23 trained
Client 23 uploaded
Client 78 trained
Client 78 uploaded
Client 50 trained
Client 50 uploaded
Epoch(t): 66 accuracy: 60.41 loss 1.11948774933815 run_time: 2410.3730747699738
FedDocs Algo: Group 5 is selected
| current_epoch 67 |. Begin client select
SchedulerThread schedule Group [ 5 ], select( 15 clients):
2 | 5 | 7 | 9 | 13 | 19 | 27 | 29 | 38 | 44 | 52 | 69 | 76 | 83 | 97 |
-----------------------------------------------------------------Schedule complete
Client 52 trained
Client 52 uploaded
Client 97 trained
Client 97 uploaded
Client 76 trained
Client 76 uploaded
Client 38 trained
Client 38 uploaded
Client 7 trained
Client 7 uploaded
Client 2 trained
Client 2 uploaded
Client 13 trained
Client 13 uploaded
Client 69 trained
Client 69 uploaded
Client 5 trained
Client 5 uploaded
Client 44 trained
Client 44 uploaded
Client 9 trained
Client 9 uploaded
Client 29 trained
Client 29 uploaded
Client 27 trained
Client 27 uploaded
Client 83 trained
Client 83 uploaded
Client 19 trained
Client 19 uploaded
Epoch(t): 67 accuracy: 59.96 loss 1.139351140856743 run_time: 2447.5370247364044
FedDocs Algo: Group 1 is selected
| current_epoch 68 |. Begin client select
SchedulerThread schedule Group [ 1 ], select( 15 clients):
11 | 18 | 32 | 37 | 41 | 48 | 56 | 57 | 72 | 74 | 75 | 77 | 79 | 91 | 93 |
-----------------------------------------------------------------Schedule complete
Client 75 trained
Client 75 uploaded
Client 93 trained
Client 93 uploaded
Client 37 trained
Client 37 uploaded
Client 74 trained
Client 74 uploaded
Client 57 trained
Client 57 uploaded
Client 56 trained
Client 56 uploaded
Client 41 trained
Client 41 uploaded
Client 48 trained
Client 48 uploaded
Client 11 trained
Client 11 uploaded
Client 77 trained
Client 77 uploaded
Client 18 trained
Client 18 uploaded
Client 91 trained
Client 91 uploaded
Client 32 trained
Client 32 uploaded
Client 79 trained
Client 79 uploaded
Client 72 trained
Client 72 uploaded
Epoch(t): 68 accuracy: 61.01 loss 1.1009304702281952 run_time: 2490.695636510849
FedDocs Algo: Group 5 is selected
| current_epoch 69 |. Begin client select
SchedulerThread schedule Group [ 5 ], select( 15 clients):
2 | 5 | 7 | 9 | 13 | 19 | 27 | 29 | 38 | 44 | 52 | 69 | 76 | 83 | 97 |
-----------------------------------------------------------------Schedule complete
Client 97 trained
Client 97 uploaded
Client 52 trained
Client 52 uploaded
Client 76 trained
Client 76 uploaded
Client 38 trained
Client 38 uploaded
Client 7 trained
Client 7 uploaded
Client 2 trained
Client 2 uploaded
Client 13 trained
Client 13 uploaded
Client 69 trained
Client 69 uploaded
Client 5 trained
Client 5 uploaded
Client 44 trained
Client 44 uploaded
Client 9 trained
Client 9 uploaded
Client 29 trained
Client 29 uploaded
Client 27 trained
Client 27 uploaded
Client 83 trained
Client 83 uploaded
Client 19 trained
Client 19 uploaded
Epoch(t): 69 accuracy: 60.12 loss 1.1433783543109894 run_time: 2527.96541595459
FedDocs Algo: Group 0 is selected
| current_epoch 70 |. Begin client select
SchedulerThread schedule Group [ 0 ], select( 12 clients):
10 | 23 | 45 | 46 | 50 | 51 | 55 | 58 | 61 | 64 | 78 | 88 |
-----------------------------------------------------------------Schedule complete
Client 10 trained
Client 10 uploaded
Client 46 trained
Client 46 uploaded
Client 58 trained
Client 58 uploaded
Client 61 trained
Client 61 uploaded
Client 51 trained
Client 51 uploaded
Client 64 trained
Client 64 uploaded
Client 55 trained
Client 55 uploaded
Client 45 trained
Client 45 uploaded
Client 88 trained
Client 88 uploaded
Client 23 trained
Client 23 uploaded
Client 78 trained
Client 78 uploaded
Client 50 trained
Client 50 uploaded
Epoch(t): 70 accuracy: 59.82 loss 1.1307433009147645 run_time: 2553.901218175888
FedDocs Algo: Group 4 is selected
| current_epoch 71 |. Begin client select
SchedulerThread schedule Group [ 4 ], select( 14 clients):
3 | 20 | 22 | 24 | 28 | 30 | 33 | 35 | 63 | 66 | 71 | 80 | 81 | 96 |
-----------------------------------------------------------------Schedule complete
Client 28 trained
Client 28 uploaded
Client 80 trained
Client 80 uploaded
Client 63 trained
Client 63 uploaded
Client 30 trained
Client 30 uploaded
Client 66 trained
Client 66 uploaded
Client 24 trained
Client 24 uploaded
Client 96 trained
Client 96 uploaded
Client 22 trained
Client 22 uploaded
Client 3 trained
Client 3 uploaded
Client 81 trained
Client 81 uploaded
Client 71 trained
Client 71 uploaded
Client 33 trained
Client 33 uploaded
Client 20 trained
Client 20 uploaded
Client 35 trained
Client 35 uploaded
Epoch(t): 71 accuracy: 57.32 loss 1.2130583626031877 run_time: 2588.5009775161743
FedDocs Algo: Group 5 is selected
| current_epoch 72 |. Begin client select
SchedulerThread schedule Group [ 5 ], select( 15 clients):
2 | 5 | 7 | 9 | 13 | 19 | 27 | 29 | 38 | 44 | 52 | 69 | 76 | 83 | 97 |
-----------------------------------------------------------------Schedule complete
Client 52 trained
Client 52 uploaded
Client 97 trained
Client 97 uploaded
Client 76 trained
Client 76 uploaded
Client 38 trained
Client 38 uploaded
Client 7 trained
Client 7 uploaded
Client 2 trained
Client 2 uploaded
Client 13 trained
Client 13 uploaded
Client 69 trained
Client 69 uploaded
Client 5 trained
Client 5 uploaded
Client 44 trained
Client 44 uploaded
Client 9 trained
Client 9 uploaded
Client 29 trained
Client 29 uploaded
Client 27 trained
Client 27 uploaded
Client 83 trained
Client 83 uploaded
Client 19 trained
Client 19 uploaded
Epoch(t): 72 accuracy: 60.39 loss 1.1323145377635955 run_time: 2625.7780301570892
FedDocs Algo: Group 4 is selected
| current_epoch 73 |. Begin client select
SchedulerThread schedule Group [ 4 ], select( 14 clients):
3 | 20 | 22 | 24 | 28 | 30 | 33 | 35 | 63 | 66 | 71 | 80 | 81 | 96 |
-----------------------------------------------------------------Schedule complete
Client 28 trained
Client 28 uploaded
Client 80 trained
Client 80 uploaded
Client 63 trained
Client 63 uploaded
Client 66 trained
Client 66 uploaded
Client 30 trained
Client 30 uploaded
Client 24 trained
Client 24 uploaded
Client 96 trained
Client 96 uploaded
Client 22 trained
Client 22 uploaded
Client 3 trained
Client 3 uploaded
Client 81 trained
Client 81 uploaded
Client 71 trained
Client 71 uploaded
Client 33 trained
Client 33 uploaded
Client 20 trained
Client 20 uploaded
Client 35 trained
Client 35 uploaded
Epoch(t): 73 accuracy: 57.01 loss 1.2487057590484618 run_time: 2661.362611055374
FedDocs Algo: Group 5 is selected
| current_epoch 74 |. Begin client select
SchedulerThread schedule Group [ 5 ], select( 15 clients):
2 | 5 | 7 | 9 | 13 | 19 | 27 | 29 | 38 | 44 | 52 | 69 | 76 | 83 | 97 |
-----------------------------------------------------------------Schedule complete
Client 97 trained
Client 97 uploaded
Client 52 trained
Client 52 uploaded
Client 76 trained
Client 76 uploaded
Client 7 trained
Client 7 uploaded
Client 38 trained
Client 38 uploaded
Client 13 trained
Client 13 uploaded
Client 2 trained
Client 2 uploaded
Client 5 trained
Client 5 uploaded
Client 69 trained
Client 69 uploaded
Client 9 trained
Client 9 uploaded
Client 44 trained
Client 44 uploaded
Client 29 trained
Client 29 uploaded
Client 27 trained
Client 27 uploaded
Client 83 trained
Client 83 uploaded
Client 19 trained
Client 19 uploaded
Epoch(t): 74 accuracy: 60.75 loss 1.1252765208482742 run_time: 2697.6259367465973
FedDocs Algo: Group 5 is selected
| current_epoch 75 |. Begin client select
SchedulerThread schedule Group [ 5 ], select( 15 clients):
2 | 5 | 7 | 9 | 13 | 19 | 27 | 29 | 38 | 44 | 52 | 69 | 76 | 83 | 97 |
-----------------------------------------------------------------Schedule complete
Client 52 trained
Client 52 uploaded
Client 97 trained
Client 97 uploaded
Client 76 trained
Client 76 uploaded
Client 38 trained
Client 38 uploaded
Client 7 trained
Client 7 uploaded
Client 2 trained
Client 2 uploaded
Client 13 trained
Client 13 uploaded
Client 5 trained
Client 5 uploaded
Client 69 trained
Client 69 uploaded
Client 44 trained
Client 44 uploaded
Client 9 trained
Client 9 uploaded
Client 29 trained
Client 29 uploaded
Client 27 trained
Client 27 uploaded
Client 83 trained
Client 83 uploaded
Client 19 trained
Client 19 uploaded
Epoch(t): 75 accuracy: 60.28 loss 1.162911736369133 run_time: 2734.368369579315
FedDocs Algo: Group 4 is selected
| current_epoch 76 |. Begin client select
SchedulerThread schedule Group [ 4 ], select( 14 clients):
3 | 20 | 22 | 24 | 28 | 30 | 33 | 35 | 63 | 66 | 71 | 80 | 81 | 96 |
-----------------------------------------------------------------Schedule complete
Client 28 trained
Client 28 uploaded
Client 80 trained
Client 80 uploaded
Client 66 trained
Client 66 uploaded
Client 30 trained
Client 30 uploaded
Client 63 trained
Client 63 uploaded
Client 24 trained
Client 24 uploaded
Client 96 trained
Client 96 uploaded
Client 22 trained
Client 22 uploaded
Client 3 trained
Client 3 uploaded
Client 81 trained
Client 81 uploaded
Client 71 trained
Client 71 uploaded
Client 33 trained
Client 33 uploaded
Client 20 trained
Client 20 uploaded
Client 35 trained
Client 35 uploaded
Epoch(t): 76 accuracy: 56.91 loss 1.247928128838539 run_time: 2769.186343431473
FedDocs Algo: Group 5 is selected
| current_epoch 77 |. Begin client select
SchedulerThread schedule Group [ 5 ], select( 15 clients):
2 | 5 | 7 | 9 | 13 | 19 | 27 | 29 | 38 | 44 | 52 | 69 | 76 | 83 | 97 |
-----------------------------------------------------------------Schedule complete
Client 52 trained
Client 52 uploaded
Client 97 trained
Client 97 uploaded
Client 76 trained
Client 76 uploaded
Client 7 trained
Client 7 uploaded
Client 38 trained
Client 38 uploaded
Client 2 trained
Client 2 uploaded
Client 13 trained
Client 13 uploaded
Client 69 trained
Client 69 uploaded
Client 5 trained
Client 5 uploaded
Client 9 trained
Client 9 uploaded
Client 44 trained
Client 44 uploaded
Client 29 trained
Client 29 uploaded
Client 27 trained
Client 27 uploaded
Client 83 trained
Client 83 uploaded
Client 19 trained
Client 19 uploaded
Epoch(t): 77 accuracy: 60.36 loss 1.1435045009851457 run_time: 2806.77677321434
FedDocs Algo: Group 5 is selected
| current_epoch 78 |. Begin client select
SchedulerThread schedule Group [ 5 ], select( 15 clients):
2 | 5 | 7 | 9 | 13 | 19 | 27 | 29 | 38 | 44 | 52 | 69 | 76 | 83 | 97 |
-----------------------------------------------------------------Schedule complete
Client 52 trained
Client 52 uploaded
Client 97 trained
Client 97 uploaded
Client 76 trained
Client 76 uploaded
Client 38 trained
Client 38 uploaded
Client 7 trained
Client 7 uploaded
Client 13 trained
Client 13 uploaded
Client 2 trained
Client 2 uploaded
Client 69 trained
Client 69 uploaded
Client 5 trained
Client 5 uploaded
Client 44 trained
Client 44 uploaded
Client 9 trained
Client 9 uploaded
Client 29 trained
Client 29 uploaded
Client 27 trained
Client 27 uploaded
Client 83 trained
Client 83 uploaded
Client 19 trained
Client 19 uploaded
Epoch(t): 78 accuracy: 60.31 loss 1.1710908311605452 run_time: 2844.0537922382355
FedDocs Algo: Group 2 is selected
| current_epoch 79 |. Begin client select
SchedulerThread schedule Group [ 2 ], select( 15 clients):
4 | 12 | 14 | 16 | 21 | 42 | 43 | 49 | 53 | 60 | 68 | 86 | 90 | 95 | 99 |
-----------------------------------------------------------------Schedule complete
Client 68 trained
Client 68 uploaded
Client 99 trained
Client 99 uploaded
Client 53 trained
Client 53 uploaded
Client 60 trained
Client 60 uploaded
Client 21 trained
Client 21 uploaded
Client 49 trained
Client 49 uploaded
Client 12 trained
Client 12 uploaded
Client 14 trained
Client 14 uploaded
Client 4 trained
Client 4 uploaded
Client 43 trained
Client 43 uploaded
Client 95 trained
Client 95 uploaded
Client 90 trained
Client 90 uploaded
Client 16 trained
Client 16 uploaded
Client 42 trained
Client 42 uploaded
Client 86 trained
Client 86 uploaded
Epoch(t): 79 accuracy: 62.93 loss 1.0721181559562682 run_time: 2877.3761281967163
FedDocs Algo: Group 3 is selected
| current_epoch 80 |. Begin client select
SchedulerThread schedule Group [ 3 ], select( 15 clients):
1 | 8 | 17 | 26 | 34 | 39 | 47 | 62 | 65 | 67 | 70 | 73 | 84 | 89 | 98 |
-----------------------------------------------------------------Schedule complete
Client 1 trained
Client 1 uploaded
Client 8 trained
Client 8 uploaded
Client 67 trained
Client 67 uploaded
Client 98 trained
Client 98 uploaded
Client 62 trained
Client 62 uploaded
Client 73 trained
Client 73 uploaded
Client 84 trained
Client 84 uploaded
Client 47 trained
Client 47 uploaded
Client 89 trained
Client 89 uploaded
Client 39 trained
Client 39 uploaded
Client 17 trained
Client 17 uploaded
Client 26 trained
Client 26 uploaded
Client 34 trained
Client 34 uploaded
Client 70 trained
Client 70 uploaded
Client 65 trained
Client 65 uploaded
Epoch(t): 80 accuracy: 62.68 loss 1.0538657557964326 run_time: 2915.8552038669586
FedDocs Algo: Group 5 is selected
| current_epoch 81 |. Begin client select
SchedulerThread schedule Group [ 5 ], select( 15 clients):
2 | 5 | 7 | 9 | 13 | 19 | 27 | 29 | 38 | 44 | 52 | 69 | 76 | 83 | 97 |
-----------------------------------------------------------------Schedule complete
Client 52 trained
Client 52 uploaded
Client 97 trained
Client 97 uploaded
Client 76 trained
Client 76 uploaded
Client 7 trained
Client 7 uploaded
Client 38 trained
Client 38 uploaded
Client 13 trained
Client 13 uploaded
Client 2 trained
Client 2 uploaded
Client 69 trained
Client 69 uploaded
Client 5 trained
Client 5 uploaded
Client 9 trained
Client 9 uploaded
Client 44 trained
Client 44 uploaded
Client 27 trained
Client 27 uploaded
Client 29 trained
Client 29 uploaded
Client 83 trained
Client 83 uploaded
Client 19 trained
Client 19 uploaded
Epoch(t): 81 accuracy: 61.01 loss 1.1199501514434815 run_time: 2953.9259383678436
FedDocs Algo: Group 5 is selected
| current_epoch 82 |. Begin client select
SchedulerThread schedule Group [ 5 ], select( 15 clients):
2 | 5 | 7 | 9 | 13 | 19 | 27 | 29 | 38 | 44 | 52 | 69 | 76 | 83 | 97 |
-----------------------------------------------------------------Schedule complete
Client 97 trained
Client 97 uploaded
Client 52 trained
Client 52 uploaded
Client 76 trained
Client 76 uploaded
Client 38 trained
Client 38 uploaded
Client 7 trained
Client 7 uploaded
Client 2 trained
Client 2 uploaded
Client 13 trained
Client 13 uploaded
Client 69 trained
Client 69 uploaded
Client 5 trained
Client 5 uploaded
Client 44 trained
Client 44 uploaded
Client 9 trained
Client 9 uploaded
Client 29 trained
Client 29 uploaded
Client 27 trained
Client 27 uploaded
Client 83 trained
Client 83 uploaded
Client 19 trained
Client 19 uploaded
Epoch(t): 82 accuracy: 60.52 loss 1.148507142663002 run_time: 2990.935734987259
FedDocs Algo: Group 4 is selected
| current_epoch 83 |. Begin client select
SchedulerThread schedule Group [ 4 ], select( 14 clients):
3 | 20 | 22 | 24 | 28 | 30 | 33 | 35 | 63 | 66 | 71 | 80 | 81 | 96 |
-----------------------------------------------------------------Schedule complete
Client 28 trained
Client 28 uploaded
Client 80 trained
Client 80 uploaded
Client 66 trained
Client 66 uploaded
Client 63 trained
Client 63 uploaded
Client 30 trained
Client 30 uploaded
Client 24 trained
Client 24 uploaded
Client 96 trained
Client 96 uploaded
Client 22 trained
Client 22 uploaded
Client 3 trained
Client 3 uploaded
Client 81 trained
Client 81 uploaded
Client 71 trained
Client 71 uploaded
Client 33 trained
Client 33 uploaded
Client 20 trained
Client 20 uploaded
Client 35 trained
Client 35 uploaded
Epoch(t): 83 accuracy: 57.63 loss 1.2441339993476868 run_time: 3025.311863422394
FedDocs Algo: Group 5 is selected
| current_epoch 84 |. Begin client select
SchedulerThread schedule Group [ 5 ], select( 15 clients):
2 | 5 | 7 | 9 | 13 | 19 | 27 | 29 | 38 | 44 | 52 | 69 | 76 | 83 | 97 |
-----------------------------------------------------------------Schedule complete
Client 52 trained
Client 52 uploaded
Client 97 trained
Client 97 uploaded
Client 76 trained
Client 76 uploaded
Client 7 trained
Client 7 uploaded
Client 38 trained
Client 38 uploaded
Client 2 trained
Client 2 uploaded
Client 13 trained
Client 13 uploaded
Client 69 trained
Client 69 uploaded
Client 5 trained
Client 5 uploaded
Client 44 trained
Client 44 uploaded
Client 9 trained
Client 9 uploaded
Client 29 trained
Client 29 uploaded
Client 27 trained
Client 27 uploaded
Client 83 trained
Client 83 uploaded
Client 19 trained
Client 19 uploaded
Epoch(t): 84 accuracy: 60.86 loss 1.1312603455781938 run_time: 3062.7398233413696
FedDocs Algo: Group 0 is selected
| current_epoch 85 |. Begin client select
SchedulerThread schedule Group [ 0 ], select( 12 clients):
10 | 23 | 45 | 46 | 50 | 51 | 55 | 58 | 61 | 64 | 78 | 88 |
-----------------------------------------------------------------Schedule complete
Client 10 trained
Client 10 uploaded
Client 46 trained
Client 46 uploaded
Client 58 trained
Client 58 uploaded
Client 51 trained
Client 51 uploaded
Client 61 trained
Client 61 uploaded
Client 55 trained
Client 55 uploaded
Client 64 trained
Client 64 uploaded
Client 45 trained
Client 45 uploaded
Client 88 trained
Client 88 uploaded
Client 23 trained
Client 23 uploaded
Client 78 trained
Client 78 uploaded
Client 50 trained
Client 50 uploaded
Epoch(t): 85 accuracy: 61.65 loss 1.1005137526988984 run_time: 3088.9247376918793
FedDocs Algo: Group 5 is selected
| current_epoch 86 |. Begin client select
SchedulerThread schedule Group [ 5 ], select( 15 clients):
2 | 5 | 7 | 9 | 13 | 19 | 27 | 29 | 38 | 44 | 52 | 69 | 76 | 83 | 97 |
-----------------------------------------------------------------Schedule complete
Client 52 trained
Client 52 uploaded
Client 97 trained
Client 97 uploaded
Client 76 trained
Client 76 uploaded
Client 38 trained
Client 38 uploaded
Client 7 trained
Client 7 uploaded
Client 2 trained
Client 2 uploaded
Client 13 trained
Client 13 uploaded
Client 69 trained
Client 69 uploaded
Client 5 trained
Client 5 uploaded
Client 44 trained
Client 44 uploaded
Client 9 trained
Client 9 uploaded
Client 29 trained
Client 29 uploaded
Client 27 trained
Client 27 uploaded
Client 83 trained
Client 83 uploaded
Client 19 trained
Client 19 uploaded
Epoch(t): 86 accuracy: 61.24 loss 1.12590371966362 run_time: 3126.292103290558
FedDocs Algo: Group 5 is selected
| current_epoch 87 |. Begin client select
SchedulerThread schedule Group [ 5 ], select( 15 clients):
2 | 5 | 7 | 9 | 13 | 19 | 27 | 29 | 38 | 44 | 52 | 69 | 76 | 83 | 97 |
-----------------------------------------------------------------Schedule complete
Client 97 trained
Client 97 uploaded
Client 52 trained
Client 52 uploaded
Client 76 trained
Client 76 uploaded
Client 38 trained
Client 38 uploaded
Client 7 trained
Client 7 uploaded
Client 2 trained
Client 2 uploaded
Client 13 trained
Client 13 uploaded
Client 69 trained
Client 69 uploaded
Client 5 trained
Client 5 uploaded
Client 9 trained
Client 9 uploaded
Client 44 trained
Client 44 uploaded
Client 29 trained
Client 29 uploaded
Client 27 trained
Client 27 uploaded
Client 83 trained
Client 83 uploaded
Client 19 trained
Client 19 uploaded
Epoch(t): 87 accuracy: 60.32 loss 1.1618726521730423 run_time: 3162.6330761909485
FedDocs Algo: Group 1 is selected
| current_epoch 88 |. Begin client select
SchedulerThread schedule Group [ 1 ], select( 15 clients):
11 | 18 | 32 | 37 | 41 | 48 | 56 | 57 | 72 | 74 | 75 | 77 | 79 | 91 | 93 |
-----------------------------------------------------------------Schedule complete
Client 75 trained
Client 75 uploaded
Client 93 trained
Client 93 uploaded
Client 37 trained
Client 37 uploaded
Client 74 trained
Client 74 uploaded
Client 57 trained
Client 57 uploaded
Client 56 trained
Client 56 uploaded
Client 41 trained
Client 41 uploaded
Client 48 trained
Client 48 uploaded
Client 11 trained
Client 11 uploaded
Client 18 trained
Client 18 uploaded
Client 77 trained
Client 77 uploaded
Client 91 trained
Client 91 uploaded
Client 32 trained
Client 32 uploaded
Client 79 trained
Client 79 uploaded
Client 72 trained
Client 72 uploaded
Epoch(t): 88 accuracy: 62.6 loss 1.078582237958908 run_time: 3204.775325536728
FedDocs Algo: Group 6 is selected
| current_epoch 89 |. Begin client select
SchedulerThread schedule Group [ 6 ], select( 14 clients):
0 | 6 | 15 | 25 | 31 | 36 | 40 | 54 | 59 | 82 | 85 | 87 | 92 | 94 |
-----------------------------------------------------------------Schedule complete
Client 94 trained
Client 94 uploaded
Client 54 trained
Client 54 uploaded
Client 36 trained
Client 36 uploaded
Client 25 trained
Client 25 uploaded
Client 87 trained
Client 87 uploaded
Client 0 trained
Client 0 uploaded
Client 92 trained
Client 92 uploaded
Client 6 trained
Client 6 uploaded
Client 31 trained
Client 31 uploaded
Client 40 trained
Client 40 uploaded
Client 82 trained
Client 82 uploaded
Client 85 trained
Client 85 uploaded
Client 15 trained
Client 15 uploaded
Client 59 trained
Client 59 uploaded
Epoch(t): 89 accuracy: 61.77 loss 1.0845065343379974 run_time: 3231.6473479270935
FedDocs Algo: Group 6 is selected
| current_epoch 90 |. Begin client select
SchedulerThread schedule Group [ 6 ], select( 14 clients):
0 | 6 | 15 | 25 | 31 | 36 | 40 | 54 | 59 | 82 | 85 | 87 | 92 | 94 |
-----------------------------------------------------------------Schedule complete
Client 94 trained
Client 94 uploaded
Client 54 trained
Client 54 uploaded
Client 87 trained
Client 87 uploaded
Client 25 trained
Client 25 uploaded
Client 36 trained
Client 36 uploaded
Client 0 trained
Client 0 uploaded
Client 92 trained
Client 92 uploaded
Client 6 trained
Client 6 uploaded
Client 31 trained
Client 31 uploaded
Client 40 trained
Client 40 uploaded
Client 82 trained
Client 82 uploaded
Client 85 trained
Client 85 uploaded
Client 59 trained
Client 59 uploaded
Client 15 trained
Client 15 uploaded
Epoch(t): 90 accuracy: 62.08 loss 1.090379114151001 run_time: 3259.0893399715424
FedDocs Algo: Group 5 is selected
| current_epoch 91 |. Begin client select
SchedulerThread schedule Group [ 5 ], select( 15 clients):
2 | 5 | 7 | 9 | 13 | 19 | 27 | 29 | 38 | 44 | 52 | 69 | 76 | 83 | 97 |
-----------------------------------------------------------------Schedule complete
Client 52 trained
Client 52 uploaded
Client 97 trained
Client 97 uploaded
Client 76 trained
Client 76 uploaded
Client 38 trained
Client 38 uploaded
Client 7 trained
Client 7 uploaded
Client 2 trained
Client 2 uploaded
Client 13 trained
Client 13 uploaded
Client 69 trained
Client 69 uploaded
Client 5 trained
Client 5 uploaded
Client 9 trained
Client 9 uploaded
Client 44 trained
Client 44 uploaded
Client 29 trained
Client 29 uploaded
Client 27 trained
Client 27 uploaded
Client 83 trained
Client 83 uploaded
Client 19 trained
Client 19 uploaded
Epoch(t): 91 accuracy: 62.34 loss 1.0874346160888673 run_time: 3295.66894030571
FedDocs Algo: Group 5 is selected
| current_epoch 92 |. Begin client select
SchedulerThread schedule Group [ 5 ], select( 15 clients):
2 | 5 | 7 | 9 | 13 | 19 | 27 | 29 | 38 | 44 | 52 | 69 | 76 | 83 | 97 |
-----------------------------------------------------------------Schedule complete
Client 52 trained
Client 52 uploaded
Client 97 trained
Client 97 uploaded
Client 76 trained
Client 76 uploaded
Client 38 trained
Client 38 uploaded
Client 7 trained
Client 7 uploaded
Client 2 trained
Client 2 uploaded
Client 13 trained
Client 13 uploaded
Client 5 trained
Client 5 uploaded
Client 69 trained
Client 69 uploaded
Client 9 trained
Client 9 uploaded
Client 44 trained
Client 44 uploaded
Client 29 trained
Client 29 uploaded
Client 27 trained
Client 27 uploaded
Client 83 trained
Client 83 uploaded
Client 19 trained
Client 19 uploaded
Epoch(t): 92 accuracy: 61.53 loss 1.1271866869926452 run_time: 3332.7565331459045
FedDocs Algo: Group 3 is selected
| current_epoch 93 |. Begin client select
SchedulerThread schedule Group [ 3 ], select( 15 clients):
1 | 8 | 17 | 26 | 34 | 39 | 47 | 62 | 65 | 67 | 70 | 73 | 84 | 89 | 98 |
-----------------------------------------------------------------Schedule complete
Client 1 trained
Client 1 uploaded
Client 8 trained
Client 8 uploaded
Client 67 trained
Client 67 uploaded
Client 98 trained
Client 98 uploaded
Client 62 trained
Client 62 uploaded
Client 73 trained
Client 73 uploaded
Client 84 trained
Client 84 uploaded
Client 89 trained
Client 89 uploaded
Client 47 trained
Client 47 uploaded
Client 39 trained
Client 39 uploaded
Client 17 trained
Client 17 uploaded
Client 26 trained
Client 26 uploaded
Client 34 trained
Client 34 uploaded
Client 70 trained
Client 70 uploaded
Client 65 trained
Client 65 uploaded
Epoch(t): 93 accuracy: 63.01 loss 1.066034272313118 run_time: 3373.867483854294
FedDocs Algo: Group 2 is selected
| current_epoch 94 |. Begin client select
SchedulerThread schedule Group [ 2 ], select( 15 clients):
4 | 12 | 14 | 16 | 21 | 42 | 43 | 49 | 53 | 60 | 68 | 86 | 90 | 95 | 99 |
-----------------------------------------------------------------Schedule complete
Client 68 trained
Client 68 uploaded
Client 99 trained
Client 99 uploaded
Client 53 trained
Client 53 uploaded
Client 60 trained
Client 60 uploaded
Client 21 trained
Client 21 uploaded
Client 49 trained
Client 49 uploaded
Client 12 trained
Client 12 uploaded
Client 14 trained
Client 14 uploaded
Client 4 trained
Client 4 uploaded
Client 43 trained
Client 43 uploaded
Client 95 trained
Client 95 uploaded
Client 16 trained
Client 16 uploaded
Client 90 trained
Client 90 uploaded
Client 42 trained
Client 42 uploaded
Client 86 trained
Client 86 uploaded
Epoch(t): 94 accuracy: 64.85 loss 1.0161074113845825 run_time: 3407.763653278351
FedDocs Algo: Group 5 is selected
| current_epoch 95 |. Begin client select
SchedulerThread schedule Group [ 5 ], select( 15 clients):
2 | 5 | 7 | 9 | 13 | 19 | 27 | 29 | 38 | 44 | 52 | 69 | 76 | 83 | 97 |
-----------------------------------------------------------------Schedule complete
Client 52 trained
Client 52 uploaded
Client 97 trained
Client 97 uploaded
Client 76 trained
Client 76 uploaded
Client 7 trained
Client 7 uploaded
Client 38 trained
Client 38 uploaded
Client 2 trained
Client 2 uploaded
Client 13 trained
Client 13 uploaded
Client 69 trained
Client 69 uploaded
Client 5 trained
Client 5 uploaded
Client 9 trained
Client 9 uploaded
Client 44 trained
Client 44 uploaded
Client 29 trained
Client 29 uploaded
Client 27 trained
Client 27 uploaded
Client 83 trained
Client 83 uploaded
Client 19 trained
Client 19 uploaded
Epoch(t): 95 accuracy: 62.4 loss 1.0874508422613145 run_time: 3444.889249563217
FedDocs Algo: Group 5 is selected
| current_epoch 96 |. Begin client select
SchedulerThread schedule Group [ 5 ], select( 15 clients):
2 | 5 | 7 | 9 | 13 | 19 | 27 | 29 | 38 | 44 | 52 | 69 | 76 | 83 | 97 |
-----------------------------------------------------------------Schedule complete
Client 52 trained
Client 52 uploaded
Client 97 trained
Client 97 uploaded
Client 76 trained
Client 76 uploaded
Client 38 trained
Client 38 uploaded
Client 7 trained
Client 7 uploaded
Client 13 trained
Client 13 uploaded
Client 2 trained
Client 2 uploaded
Client 5 trained
Client 5 uploaded
Client 69 trained
Client 69 uploaded
Client 44 trained
Client 44 uploaded
Client 9 trained
Client 9 uploaded
Client 29 trained
Client 29 uploaded
Client 27 trained
Client 27 uploaded
Client 83 trained
Client 83 uploaded
Client 19 trained
Client 19 uploaded
Epoch(t): 96 accuracy: 62.11 loss 1.1182229542732238 run_time: 3483.618305206299
FedDocs Algo: Group 0 is selected
| current_epoch 97 |. Begin client select
SchedulerThread schedule Group [ 0 ], select( 12 clients):
10 | 23 | 45 | 46 | 50 | 51 | 55 | 58 | 61 | 64 | 78 | 88 |
-----------------------------------------------------------------Schedule complete
Client 10 trained
Client 10 uploaded
Client 46 trained
Client 46 uploaded
Client 58 trained
Client 58 uploaded
Client 51 trained
Client 51 uploaded
Client 61 trained
Client 61 uploaded
Client 55 trained
Client 55 uploaded
Client 64 trained
Client 64 uploaded
Client 88 trained
Client 88 uploaded
Client 45 trained
Client 45 uploaded
Client 23 trained
Client 23 uploaded
Client 78 trained
Client 78 uploaded
Client 50 trained
Client 50 uploaded
Epoch(t): 97 accuracy: 62.63 loss 1.0684625750780106 run_time: 3510.538894891739
FedDocs Algo: Group 4 is selected
| current_epoch 98 |. Begin client select
SchedulerThread schedule Group [ 4 ], select( 14 clients):
3 | 20 | 22 | 24 | 28 | 30 | 33 | 35 | 63 | 66 | 71 | 80 | 81 | 96 |
-----------------------------------------------------------------Schedule complete
Client 28 trained
Client 28 uploaded
Client 80 trained
Client 80 uploaded
Client 63 trained
Client 63 uploaded
Client 30 trained
Client 30 uploaded
Client 66 trained
Client 66 uploaded
Client 24 trained
Client 24 uploaded
Client 22 trained
Client 22 uploaded
Client 96 trained
Client 96 uploaded
Client 3 trained
Client 3 uploaded
Client 81 trained
Client 81 uploaded
Client 71 trained
Client 71 uploaded
Client 33 trained
Client 33 uploaded
Client 20 trained
Client 20 uploaded
Client 35 trained
Client 35 uploaded
Epoch(t): 98 accuracy: 59.04 loss 1.176331378221512 run_time: 3545.559469461441
FedDocs Algo: Group 5 is selected
| current_epoch 99 |. Begin client select
SchedulerThread schedule Group [ 5 ], select( 15 clients):
2 | 5 | 7 | 9 | 13 | 19 | 27 | 29 | 38 | 44 | 52 | 69 | 76 | 83 | 97 |
-----------------------------------------------------------------Schedule complete
Client 97 trained
Client 97 uploaded
Client 52 trained
Client 52 uploaded
Client 76 trained
Client 76 uploaded
Client 38 trained
Client 38 uploaded
Client 7 trained
Client 7 uploaded
Client 2 trained
Client 2 uploaded
Client 13 trained
Client 13 uploaded
Client 69 trained
Client 69 uploaded
Client 5 trained
Client 5 uploaded
Client 9 trained
Client 9 uploaded
Client 44 trained
Client 44 uploaded
Client 29 trained
Client 29 uploaded
Client 27 trained
Client 27 uploaded
Client 83 trained
Client 83 uploaded
Client 19 trained
Client 19 uploaded
Epoch(t): 99 accuracy: 62.22 loss 1.0966662520170212 run_time: 3584.5964629650116
FedDocs Algo: Group 3 is selected
| current_epoch 100 |. Begin client select
SchedulerThread schedule Group [ 3 ], select( 15 clients):
1 | 8 | 17 | 26 | 34 | 39 | 47 | 62 | 65 | 67 | 70 | 73 | 84 | 89 | 98 |
-----------------------------------------------------------------Schedule complete
Client 1 trained
Client 1 uploaded
Client 67 trained
Client 67 uploaded
Client 8 trained
Client 8 uploaded
Client 98 trained
Client 98 uploaded
Client 62 trained
Client 62 uploaded
Client 73 trained
Client 73 uploaded
Client 84 trained
Client 84 uploaded
Client 89 trained
Client 89 uploaded
Client 39 trained
Client 39 uploaded
Client 47 trained
Client 47 uploaded
Client 17 trained
Client 17 uploaded
Client 26 trained
Client 26 uploaded
Client 34 trained
Client 34 uploaded
Client 70 trained
Client 70 uploaded
Client 65 trained
Client 65 uploaded
Epoch(t): 100 accuracy: 63.88 loss 1.0316900718212128 run_time: 3623.82567691803
FedDocs Algo: Group 5 is selected
| current_epoch 101 |. Begin client select
SchedulerThread schedule Group [ 5 ], select( 15 clients):
2 | 5 | 7 | 9 | 13 | 19 | 27 | 29 | 38 | 44 | 52 | 69 | 76 | 83 | 97 |
-----------------------------------------------------------------Schedule complete
Client 52 trained
Client 52 uploaded
Client 97 trained
Client 97 uploaded
Client 76 trained
Client 76 uploaded
Client 7 trained
Client 7 uploaded
Client 38 trained
Client 38 uploaded
Client 2 trained
Client 2 uploaded
Client 13 trained
Client 13 uploaded
Client 69 trained
Client 69 uploaded
Client 5 trained
Client 5 uploaded
Client 44 trained
Client 44 uploaded
Client 9 trained
Client 9 uploaded
Client 29 trained
Client 29 uploaded
Client 27 trained
Client 27 uploaded
Client 83 trained
Client 83 uploaded
Client 19 trained
Client 19 uploaded
Epoch(t): 101 accuracy: 62.82 loss 1.078854385614395 run_time: 3660.9052793979645
FedDocs Algo: Group 5 is selected
| current_epoch 102 |. Begin client select
SchedulerThread schedule Group [ 5 ], select( 15 clients):
2 | 5 | 7 | 9 | 13 | 19 | 27 | 29 | 38 | 44 | 52 | 69 | 76 | 83 | 97 |
-----------------------------------------------------------------Schedule complete
Client 52 trained
Client 52 uploaded
Client 97 trained
Client 97 uploaded
Client 76 trained
Client 76 uploaded
Client 38 trained
Client 38 uploaded
Client 7 trained
Client 7 uploaded
Client 13 trained
Client 13 uploaded
Client 2 trained
Client 2 uploaded
Client 69 trained
Client 69 uploaded
Client 5 trained
Client 5 uploaded
Client 44 trained
Client 44 uploaded
Client 9 trained
Client 9 uploaded
Client 29 trained
Client 29 uploaded
Client 27 trained
Client 27 uploaded
Client 83 trained
Client 83 uploaded
Client 19 trained
Client 19 uploaded
Epoch(t): 102 accuracy: 61.95 loss 1.112393275499344 run_time: 3697.7504739761353
FedDocs Algo: Group 1 is selected
| current_epoch 103 |. Begin client select
SchedulerThread schedule Group [ 1 ], select( 15 clients):
11 | 18 | 32 | 37 | 41 | 48 | 56 | 57 | 72 | 74 | 75 | 77 | 79 | 91 | 93 |
-----------------------------------------------------------------Schedule complete
Client 75 trained
Client 75 uploaded
Client 93 trained
Client 93 uploaded
Client 37 trained
Client 37 uploaded
Client 57 trained
Client 57 uploaded
Client 74 trained
Client 74 uploaded
Client 48 trained
Client 48 uploaded
Client 41 trained
Client 41 uploaded
Client 56 trained
Client 56 uploaded
Client 11 trained
Client 11 uploaded
Client 77 trained
Client 77 uploaded
Client 18 trained
Client 18 uploaded
Client 91 trained
Client 91 uploaded
Client 32 trained
Client 32 uploaded
Client 79 trained
Client 79 uploaded
Client 72 trained
Client 72 uploaded
Epoch(t): 103 accuracy: 63.4 loss 1.05128349006176 run_time: 3741.2740557193756
FedDocs Algo: Group 3 is selected
| current_epoch 104 |. Begin client select
SchedulerThread schedule Group [ 3 ], select( 15 clients):
1 | 8 | 17 | 26 | 34 | 39 | 47 | 62 | 65 | 67 | 70 | 73 | 84 | 89 | 98 |
-----------------------------------------------------------------Schedule complete
Client 1 trained
Client 1 uploaded
Client 8 trained
Client 8 uploaded
Client 67 trained
Client 67 uploaded
Client 98 trained
Client 98 uploaded
Client 62 trained
Client 62 uploaded
Client 73 trained
Client 73 uploaded
Client 84 trained
Client 84 uploaded
Client 39 trained
Client 39 uploaded
Client 89 trained
Client 89 uploaded
Client 47 trained
Client 47 uploaded
Client 17 trained
Client 17 uploaded
Client 26 trained
Client 26 uploaded
Client 34 trained
Client 34 uploaded
Client 70 trained
Client 70 uploaded
Client 65 trained
Client 65 uploaded
Epoch(t): 104 accuracy: 63.41 loss 1.0492143160104752 run_time: 3780.254424095154
FedDocs Algo: Group 5 is selected
| current_epoch 105 |. Begin client select
SchedulerThread schedule Group [ 5 ], select( 15 clients):
2 | 5 | 7 | 9 | 13 | 19 | 27 | 29 | 38 | 44 | 52 | 69 | 76 | 83 | 97 |
-----------------------------------------------------------------Schedule complete
Client 52 trained
Client 52 uploaded
Client 97 trained
Client 97 uploaded
Client 76 trained
Client 76 uploaded
Client 38 trained
Client 38 uploaded
Client 7 trained
Client 7 uploaded
Client 2 trained
Client 2 uploaded
Client 13 trained
Client 13 uploaded
Client 69 trained
Client 69 uploaded
Client 5 trained
Client 5 uploaded
Client 9 trained
Client 9 uploaded
Client 44 trained
Client 44 uploaded
Client 29 trained
Client 29 uploaded
Client 27 trained
Client 27 uploaded
Client 83 trained
Client 83 uploaded
Client 19 trained
Client 19 uploaded
Epoch(t): 105 accuracy: 62.67 loss 1.0855381453037263 run_time: 3818.0799219608307
FedDocs Algo: Group 4 is selected
| current_epoch 106 |. Begin client select
SchedulerThread schedule Group [ 4 ], select( 14 clients):
3 | 20 | 22 | 24 | 28 | 30 | 33 | 35 | 63 | 66 | 71 | 80 | 81 | 96 |
-----------------------------------------------------------------Schedule complete
Client 28 trained
Client 28 uploaded
Client 80 trained
Client 80 uploaded
Client 66 trained
Client 66 uploaded
Client 30 trained
Client 30 uploaded
Client 63 trained
Client 63 uploaded
Client 24 trained
Client 24 uploaded
Client 22 trained
Client 22 uploaded
Client 96 trained
Client 96 uploaded
Client 3 trained
Client 3 uploaded
Client 81 trained
Client 81 uploaded
Client 71 trained
Client 71 uploaded
Client 33 trained
Client 33 uploaded
Client 20 trained
Client 20 uploaded
Client 35 trained
Client 35 uploaded
Epoch(t): 106 accuracy: 59.91 loss 1.1716467827558517 run_time: 3853.5318274497986
FedDocs Algo: Group 5 is selected
| current_epoch 107 |. Begin client select
SchedulerThread schedule Group [ 5 ], select( 15 clients):
2 | 5 | 7 | 9 | 13 | 19 | 27 | 29 | 38 | 44 | 52 | 69 | 76 | 83 | 97 |
-----------------------------------------------------------------Schedule complete
Client 97 trained
Client 97 uploaded
Client 52 trained
Client 52 uploaded
Client 76 trained
Client 76 uploaded
Client 38 trained
Client 38 uploaded
Client 7 trained
Client 7 uploaded
Client 2 trained
Client 2 uploaded
Client 13 trained
Client 13 uploaded
Client 69 trained
Client 69 uploaded
Client 5 trained
Client 5 uploaded
Client 9 trained
Client 9 uploaded
Client 44 trained
Client 44 uploaded
Client 29 trained
Client 29 uploaded
Client 27 trained
Client 27 uploaded
Client 83 trained
Client 83 uploaded
Client 19 trained
Client 19 uploaded
Epoch(t): 107 accuracy: 62.76 loss 1.0878070431947708 run_time: 3889.9427638053894
FedDocs Algo: Group 1 is selected
| current_epoch 108 |. Begin client select
SchedulerThread schedule Group [ 1 ], select( 15 clients):
11 | 18 | 32 | 37 | 41 | 48 | 56 | 57 | 72 | 74 | 75 | 77 | 79 | 91 | 93 |
-----------------------------------------------------------------Schedule complete
Client 75 trained
Client 75 uploaded
Client 93 trained
Client 93 uploaded
Client 37 trained
Client 37 uploaded
Client 57 trained
Client 57 uploaded
Client 74 trained
Client 74 uploaded
Client 48 trained
Client 48 uploaded
Client 56 trained
Client 56 uploaded
Client 41 trained
Client 41 uploaded
Client 18 trained
Client 18 uploaded
Client 11 trained
Client 11 uploaded
Client 77 trained
Client 77 uploaded
Client 91 trained
Client 91 uploaded
Client 32 trained
Client 32 uploaded
Client 79 trained
Client 79 uploaded
Client 72 trained
Client 72 uploaded
Epoch(t): 108 accuracy: 63.52 loss 1.048034570813179 run_time: 3932.362620830536
FedDocs Algo: Group 5 is selected
| current_epoch 109 |. Begin client select
SchedulerThread schedule Group [ 5 ], select( 15 clients):
2 | 5 | 7 | 9 | 13 | 19 | 27 | 29 | 38 | 44 | 52 | 69 | 76 | 83 | 97 |
-----------------------------------------------------------------Schedule complete
Client 52 trained
Client 52 uploaded
Client 97 trained
Client 97 uploaded
Client 76 trained
Client 76 uploaded
Client 7 trained
Client 7 uploaded
Client 38 trained
Client 38 uploaded
Client 2 trained
Client 2 uploaded
Client 13 trained
Client 13 uploaded
Client 69 trained
Client 69 uploaded
Client 5 trained
Client 5 uploaded
Client 44 trained
Client 44 uploaded
Client 9 trained
Client 9 uploaded
Client 29 trained
Client 29 uploaded
Client 27 trained
Client 27 uploaded
Client 83 trained
Client 83 uploaded
Client 19 trained
Client 19 uploaded
Epoch(t): 109 accuracy: 62.42 loss 1.0949954438209533 run_time: 3969.826753139496
FedDocs Algo: Group 5 is selected
| current_epoch 110 |. Begin client select
SchedulerThread schedule Group [ 5 ], select( 15 clients):
2 | 5 | 7 | 9 | 13 | 19 | 27 | 29 | 38 | 44 | 52 | 69 | 76 | 83 | 97 |
-----------------------------------------------------------------Schedule complete
Client 52 trained
Client 52 uploaded
Client 97 trained
Client 97 uploaded
Client 76 trained
Client 76 uploaded
Client 38 trained
Client 38 uploaded
Client 7 trained
Client 7 uploaded
Client 13 trained
Client 13 uploaded
Client 2 trained
Client 2 uploaded
Client 5 trained
Client 5 uploaded
Client 69 trained
Client 69 uploaded
Client 44 trained
Client 44 uploaded
Client 9 trained
Client 9 uploaded
Client 29 trained
Client 29 uploaded
Client 27 trained
Client 27 uploaded
Client 83 trained
Client 83 uploaded
Client 19 trained
Client 19 uploaded
Epoch(t): 110 accuracy: 62.12 loss 1.1283136892318726 run_time: 4007.174329519272
FedDocs Algo: Group 5 is selected
| current_epoch 111 |. Begin client select
SchedulerThread schedule Group [ 5 ], select( 15 clients):
2 | 5 | 7 | 9 | 13 | 19 | 27 | 29 | 38 | 44 | 52 | 69 | 76 | 83 | 97 |
-----------------------------------------------------------------Schedule complete
Client 97 trained
Client 97 uploaded
Client 52 trained
Client 52 uploaded
Client 76 trained
Client 76 uploaded
Client 38 trained
Client 38 uploaded
Client 7 trained
Client 7 uploaded
Client 2 trained
Client 2 uploaded
Client 13 trained
Client 13 uploaded
Client 69 trained
Client 69 uploaded
Client 5 trained
Client 5 uploaded
Client 9 trained
Client 9 uploaded
Client 44 trained
Client 44 uploaded
Client 29 trained
Client 29 uploaded
Client 27 trained
Client 27 uploaded
Client 83 trained
Client 83 uploaded
Client 19 trained
Client 19 uploaded
Epoch(t): 111 accuracy: 61.63 loss 1.1513982385396957 run_time: 4043.201247215271
FedDocs Algo: Group 5 is selected
| current_epoch 112 |. Begin client select
SchedulerThread schedule Group [ 5 ], select( 15 clients):
2 | 5 | 7 | 9 | 13 | 19 | 27 | 29 | 38 | 44 | 52 | 69 | 76 | 83 | 97 |
-----------------------------------------------------------------Schedule complete
Client 52 trained
Client 52 uploaded
Client 97 trained
Client 97 uploaded
Client 76 trained
Client 76 uploaded
Client 7 trained
Client 7 uploaded
Client 38 trained
Client 38 uploaded
Client 2 trained
Client 2 uploaded
Client 13 trained
Client 13 uploaded
Client 69 trained
Client 69 uploaded
Client 5 trained
Client 5 uploaded
Client 9 trained
Client 9 uploaded
Client 44 trained
Client 44 uploaded
Client 29 trained
Client 29 uploaded
Client 27 trained
Client 27 uploaded
Client 83 trained
Client 83 uploaded
Client 19 trained
Client 19 uploaded
Epoch(t): 112 accuracy: 61.31 loss 1.1660718154907226 run_time: 4081.4230060577393
FedDocs Algo: Group 5 is selected
| current_epoch 113 |. Begin client select
SchedulerThread schedule Group [ 5 ], select( 15 clients):
2 | 5 | 7 | 9 | 13 | 19 | 27 | 29 | 38 | 44 | 52 | 69 | 76 | 83 | 97 |
-----------------------------------------------------------------Schedule complete
Client 52 trained
Client 52 uploaded
Client 97 trained
Client 97 uploaded
Client 76 trained
Client 76 uploaded
Client 38 trained
Client 38 uploaded
Client 7 trained
Client 7 uploaded
Client 2 trained
Client 2 uploaded
Client 13 trained
Client 13 uploaded
Client 69 trained
Client 69 uploaded
Client 5 trained
Client 5 uploaded
Client 9 trained
Client 9 uploaded
Client 44 trained
Client 44 uploaded
Client 29 trained
Client 29 uploaded
Client 27 trained
Client 27 uploaded
Client 83 trained
Client 83 uploaded
Client 19 trained
Client 19 uploaded
Epoch(t): 113 accuracy: 60.58 loss 1.1817017590999603 run_time: 4118.060245752335
FedDocs Algo: Group 5 is selected
| current_epoch 114 |. Begin client select
SchedulerThread schedule Group [ 5 ], select( 15 clients):
2 | 5 | 7 | 9 | 13 | 19 | 27 | 29 | 38 | 44 | 52 | 69 | 76 | 83 | 97 |
-----------------------------------------------------------------Schedule complete
Client 52 trained
Client 52 uploaded
Client 97 trained
Client 97 uploaded
Client 76 trained
Client 76 uploaded
Client 7 trained
Client 7 uploaded
Client 38 trained
Client 38 uploaded
Client 2 trained
Client 2 uploaded
Client 13 trained
Client 13 uploaded
Client 69 trained
Client 69 uploaded
Client 5 trained
Client 5 uploaded
Client 9 trained
Client 9 uploaded
Client 44 trained
Client 44 uploaded
Client 27 trained
Client 27 uploaded
Client 29 trained
Client 29 uploaded
Client 83 trained
Client 83 uploaded
Client 19 trained
Client 19 uploaded
Epoch(t): 114 accuracy: 60.21 loss 1.1866016399860382 run_time: 4154.8408806324005
FedDocs Algo: Group 4 is selected
| current_epoch 115 |. Begin client select
SchedulerThread schedule Group [ 4 ], select( 14 clients):
3 | 20 | 22 | 24 | 28 | 30 | 33 | 35 | 63 | 66 | 71 | 80 | 81 | 96 |
-----------------------------------------------------------------Schedule complete
Client 28 trained
Client 28 uploaded
Client 80 trained
Client 80 uploaded
Client 30 trained
Client 30 uploaded
Client 66 trained
Client 66 uploaded
Client 63 trained
Client 63 uploaded
Client 24 trained
Client 24 uploaded
Client 22 trained
Client 22 uploaded
Client 96 trained
Client 96 uploaded
Client 3 trained
Client 3 uploaded
Client 81 trained
Client 81 uploaded
Client 71 trained
Client 71 uploaded
Client 33 trained
Client 33 uploaded
Client 20 trained
Client 20 uploaded
Client 35 trained
Client 35 uploaded
Epoch(t): 115 accuracy: 59.89 loss 1.1884730350971222 run_time: 4190.63690829277
FedDocs Algo: Group 1 is selected
| current_epoch 116 |. Begin client select
SchedulerThread schedule Group [ 1 ], select( 15 clients):
11 | 18 | 32 | 37 | 41 | 48 | 56 | 57 | 72 | 74 | 75 | 77 | 79 | 91 | 93 |
-----------------------------------------------------------------Schedule complete
Client 75 trained
Client 75 uploaded
Client 93 trained
Client 93 uploaded
Client 37 trained
Client 37 uploaded
Client 57 trained
Client 57 uploaded
Client 74 trained
Client 74 uploaded
Client 41 trained
Client 41 uploaded
Client 56 trained
Client 56 uploaded
Client 48 trained
Client 48 uploaded
Client 77 trained
Client 77 uploaded
Client 11 trained
Client 11 uploaded
Client 18 trained
Client 18 uploaded
Client 91 trained
Client 91 uploaded
Client 32 trained
Client 32 uploaded
Client 79 trained
Client 79 uploaded
Client 72 trained
Client 72 uploaded
Epoch(t): 116 accuracy: 63.73 loss 1.055504641532898 run_time: 4234.114583730698
FedDocs Algo: Group 2 is selected
| current_epoch 117 |. Begin client select
SchedulerThread schedule Group [ 2 ], select( 15 clients):
4 | 12 | 14 | 16 | 21 | 42 | 43 | 49 | 53 | 60 | 68 | 86 | 90 | 95 | 99 |
-----------------------------------------------------------------Schedule complete
Client 68 trained
Client 68 uploaded
Client 99 trained
Client 99 uploaded
Client 53 trained
Client 53 uploaded
Client 60 trained
Client 60 uploaded
Client 21 trained
Client 21 uploaded
Client 49 trained
Client 49 uploaded
Client 12 trained
Client 12 uploaded
Client 4 trained
Client 4 uploaded
Client 14 trained
Client 14 uploaded
Client 43 trained
Client 43 uploaded
Client 95 trained
Client 95 uploaded
Client 16 trained
Client 16 uploaded
Client 90 trained
Client 90 uploaded
Client 42 trained
Client 42 uploaded
Client 86 trained
Client 86 uploaded
Epoch(t): 117 accuracy: 64.37 loss 1.0140371167659759 run_time: 4268.079488277435
FedDocs Algo: Group 4 is selected
| current_epoch 118 |. Begin client select
SchedulerThread schedule Group [ 4 ], select( 14 clients):
3 | 20 | 22 | 24 | 28 | 30 | 33 | 35 | 63 | 66 | 71 | 80 | 81 | 96 |
-----------------------------------------------------------------Schedule complete
Client 28 trained
Client 28 uploaded
Client 80 trained
Client 80 uploaded
Client 30 trained
Client 30 uploaded
Client 63 trained
Client 63 uploaded
Client 66 trained
Client 66 uploaded
Client 24 trained
Client 24 uploaded
Client 96 trained
Client 96 uploaded
Client 22 trained
Client 22 uploaded
Client 3 trained
Client 3 uploaded
Client 81 trained
Client 81 uploaded
Client 71 trained
Client 71 uploaded
Client 33 trained
Client 33 uploaded
Client 20 trained
Client 20 uploaded
Client 35 trained
Client 35 uploaded
Epoch(t): 118 accuracy: 60.52 loss 1.150860230922699 run_time: 4302.892491102219
FedDocs Algo: Group 1 is selected
| current_epoch 119 |. Begin client select
SchedulerThread schedule Group [ 1 ], select( 15 clients):
11 | 18 | 32 | 37 | 41 | 48 | 56 | 57 | 72 | 74 | 75 | 77 | 79 | 91 | 93 |
-----------------------------------------------------------------Schedule complete
Client 75 trained
Client 75 uploaded
Client 93 trained
Client 93 uploaded
Client 37 trained
Client 37 uploaded
Client 74 trained
Client 74 uploaded
Client 57 trained
Client 57 uploaded
Client 48 trained
Client 48 uploaded
Client 56 trained
Client 56 uploaded
Client 41 trained
Client 41 uploaded
Client 18 trained
Client 18 uploaded
Client 11 trained
Client 11 uploaded
Client 77 trained
Client 77 uploaded
Client 91 trained
Client 91 uploaded
Client 32 trained
Client 32 uploaded
Client 79 trained
Client 79 uploaded
Client 72 trained
Client 72 uploaded
Epoch(t): 119 accuracy: 64.19 loss 1.0448925989866256 run_time: 4346.365015268326
FedDocs Algo: Group 5 is selected
| current_epoch 120 |. Begin client select
SchedulerThread schedule Group [ 5 ], select( 15 clients):
2 | 5 | 7 | 9 | 13 | 19 | 27 | 29 | 38 | 44 | 52 | 69 | 76 | 83 | 97 |
-----------------------------------------------------------------Schedule complete
Client 97 trained
Client 97 uploaded
Client 52 trained
Client 52 uploaded
Client 76 trained
Client 76 uploaded
Client 7 trained
Client 7 uploaded
Client 38 trained
Client 38 uploaded
Client 2 trained
Client 2 uploaded
Client 13 trained
Client 13 uploaded
Client 69 trained
Client 69 uploaded
Client 5 trained
Client 5 uploaded
Client 9 trained
Client 9 uploaded
Client 44 trained
Client 44 uploaded
Client 29 trained
Client 29 uploaded
Client 27 trained
Client 27 uploaded
Client 83 trained
Client 83 uploaded
Client 19 trained
Client 19 uploaded
Epoch(t): 120 accuracy: 63.11 loss 1.081541206240654 run_time: 4383.832774400711
FedDocs Algo: Group 5 is selected
| current_epoch 121 |. Begin client select
SchedulerThread schedule Group [ 5 ], select( 15 clients):
2 | 5 | 7 | 9 | 13 | 19 | 27 | 29 | 38 | 44 | 52 | 69 | 76 | 83 | 97 |
-----------------------------------------------------------------Schedule complete
Client 97 trained
Client 97 uploaded
Client 52 trained
Client 52 uploaded
Client 76 trained
Client 76 uploaded
Client 38 trained
Client 38 uploaded
Client 7 trained
Client 7 uploaded
Client 13 trained
Client 13 uploaded
Client 2 trained
Client 2 uploaded
Client 69 trained
Client 69 uploaded
Client 5 trained
Client 5 uploaded
Client 9 trained
Client 9 uploaded
Client 44 trained
Client 44 uploaded
Client 29 trained
Client 29 uploaded
Client 27 trained
Client 27 uploaded
Client 83 trained
Client 83 uploaded
Client 19 trained
Client 19 uploaded
Epoch(t): 121 accuracy: 61.55 loss 1.1375059884786607 run_time: 4420.573230266571
FedDocs Algo: Group 0 is selected
| current_epoch 122 |. Begin client select
SchedulerThread schedule Group [ 0 ], select( 12 clients):
10 | 23 | 45 | 46 | 50 | 51 | 55 | 58 | 61 | 64 | 78 | 88 |
-----------------------------------------------------------------Schedule complete
Client 10 trained
Client 10 uploaded
Client 46 trained
Client 46 uploaded
Client 58 trained
Client 58 uploaded
Client 61 trained
Client 61 uploaded
Client 51 trained
Client 51 uploaded
Client 55 trained
Client 55 uploaded
Client 64 trained
Client 64 uploaded
Client 45 trained
Client 45 uploaded
Client 88 trained
Client 88 uploaded
Client 23 trained
Client 23 uploaded
Client 78 trained
Client 78 uploaded
Client 50 trained
Client 50 uploaded
Epoch(t): 122 accuracy: 63.17 loss 1.0643488693237304 run_time: 4446.472984075546
FedDocs Algo: Group 5 is selected
| current_epoch 123 |. Begin client select
SchedulerThread schedule Group [ 5 ], select( 15 clients):
2 | 5 | 7 | 9 | 13 | 19 | 27 | 29 | 38 | 44 | 52 | 69 | 76 | 83 | 97 |
-----------------------------------------------------------------Schedule complete
Client 52 trained
Client 52 uploaded
Client 97 trained
Client 97 uploaded
Client 76 trained
Client 76 uploaded
Client 38 trained
Client 38 uploaded
Client 7 trained
Client 7 uploaded
Client 13 trained
Client 13 uploaded
Client 2 trained
Client 2 uploaded
Client 5 trained
Client 5 uploaded
Client 69 trained
Client 69 uploaded
Client 44 trained
Client 44 uploaded
Client 9 trained
Client 9 uploaded
Client 27 trained
Client 27 uploaded
Client 29 trained
Client 29 uploaded
Client 83 trained
Client 83 uploaded
Client 19 trained
Client 19 uploaded
Epoch(t): 123 accuracy: 63.0 loss 1.0877105396986009 run_time: 4483.443119287491
FedDocs Algo: Group 1 is selected
| current_epoch 124 |. Begin client select
SchedulerThread schedule Group [ 1 ], select( 15 clients):
11 | 18 | 32 | 37 | 41 | 48 | 56 | 57 | 72 | 74 | 75 | 77 | 79 | 91 | 93 |
-----------------------------------------------------------------Schedule complete
Client 75 trained
Client 75 uploaded
Client 93 trained
Client 93 uploaded
Client 37 trained
Client 37 uploaded
Client 57 trained
Client 57 uploaded
Client 74 trained
Client 74 uploaded
Client 48 trained
Client 48 uploaded
Client 56 trained
Client 56 uploaded
Client 41 trained
Client 41 uploaded
Client 18 trained
Client 18 uploaded
Client 11 trained
Client 11 uploaded
Client 77 trained
Client 77 uploaded
Client 91 trained
Client 91 uploaded
Client 32 trained
Client 32 uploaded
Client 79 trained
Client 79 uploaded
Client 72 trained
Client 72 uploaded
Epoch(t): 124 accuracy: 63.08 loss 1.0596443438529968 run_time: 4526.1843502521515
FedDocs Algo: Group 3 is selected
| current_epoch 125 |. Begin client select
SchedulerThread schedule Group [ 3 ], select( 15 clients):
1 | 8 | 17 | 26 | 34 | 39 | 47 | 62 | 65 | 67 | 70 | 73 | 84 | 89 | 98 |
-----------------------------------------------------------------Schedule complete
Client 1 trained
Client 1 uploaded
Client 67 trained
Client 67 uploaded
Client 8 trained
Client 8 uploaded
Client 98 trained
Client 98 uploaded
Client 62 trained
Client 62 uploaded
Client 73 trained
Client 73 uploaded
Client 84 trained
Client 84 uploaded
Client 89 trained
Client 89 uploaded
Client 39 trained
Client 39 uploaded
Client 47 trained
Client 47 uploaded
Client 17 trained
Client 17 uploaded
Client 26 trained
Client 26 uploaded
Client 34 trained
Client 34 uploaded
Client 70 trained
Client 70 uploaded
Client 65 trained
Client 65 uploaded
Epoch(t): 125 accuracy: 63.4 loss 1.0380375760793685 run_time: 4564.170214414597
FedDocs Algo: Group 1 is selected
| current_epoch 126 |. Begin client select
SchedulerThread schedule Group [ 1 ], select( 15 clients):
11 | 18 | 32 | 37 | 41 | 48 | 56 | 57 | 72 | 74 | 75 | 77 | 79 | 91 | 93 |
-----------------------------------------------------------------Schedule complete
Client 75 trained
Client 75 uploaded
Client 93 trained
Client 93 uploaded
Client 37 trained
Client 37 uploaded
Client 57 trained
Client 57 uploaded
Client 74 trained
Client 74 uploaded
Client 48 trained
Client 48 uploaded
Client 56 trained
Client 56 uploaded
Client 41 trained
Client 41 uploaded
Client 18 trained
Client 18 uploaded
Client 77 trained
Client 77 uploaded
Client 11 trained
Client 11 uploaded
Client 91 trained
Client 91 uploaded
Client 32 trained
Client 32 uploaded
Client 79 trained
Client 79 uploaded
Client 72 trained
Client 72 uploaded
Epoch(t): 126 accuracy: 63.96 loss 1.0416539561748506 run_time: 4604.20024728775
FedDocs Algo: Group 5 is selected
| current_epoch 127 |. Begin client select
SchedulerThread schedule Group [ 5 ], select( 15 clients):
2 | 5 | 7 | 9 | 13 | 19 | 27 | 29 | 38 | 44 | 52 | 69 | 76 | 83 | 97 |
-----------------------------------------------------------------Schedule complete
Client 52 trained
Client 52 uploaded
Client 97 trained
Client 97 uploaded
Client 76 trained
Client 76 uploaded
Client 38 trained
Client 38 uploaded
Client 7 trained
Client 7 uploaded
Client 13 trained
Client 13 uploaded
Client 2 trained
Client 2 uploaded
Client 69 trained
Client 69 uploaded
Client 5 trained
Client 5 uploaded
Client 9 trained
Client 9 uploaded
Client 44 trained
Client 44 uploaded
Client 29 trained
Client 29 uploaded
Client 27 trained
Client 27 uploaded
Client 83 trained
Client 83 uploaded
Client 19 trained
Client 19 uploaded
Epoch(t): 127 accuracy: 63.24 loss 1.0839720451831818 run_time: 4640.810872793198
FedDocs Algo: Group 5 is selected
| current_epoch 128 |. Begin client select
SchedulerThread schedule Group [ 5 ], select( 15 clients):
2 | 5 | 7 | 9 | 13 | 19 | 27 | 29 | 38 | 44 | 52 | 69 | 76 | 83 | 97 |
-----------------------------------------------------------------Schedule complete
Client 52 trained
Client 52 uploaded
Client 97 trained
Client 97 uploaded
Client 76 trained
Client 76 uploaded
Client 38 trained
Client 38 uploaded
Client 7 trained
Client 7 uploaded
Client 2 trained
Client 2 uploaded
Client 13 trained
Client 13 uploaded
Client 69 trained
Client 69 uploaded
Client 5 trained
Client 5 uploaded
Client 9 trained
Client 9 uploaded
Client 44 trained
Client 44 uploaded
Client 29 trained
Client 29 uploaded
Client 27 trained
Client 27 uploaded
Client 83 trained
Client 83 uploaded
Client 19 trained
Client 19 uploaded
Epoch(t): 128 accuracy: 62.64 loss 1.1246827572584153 run_time: 4677.7796087265015
FedDocs Algo: Group 1 is selected
| current_epoch 129 |. Begin client select
SchedulerThread schedule Group [ 1 ], select( 15 clients):
11 | 18 | 32 | 37 | 41 | 48 | 56 | 57 | 72 | 74 | 75 | 77 | 79 | 91 | 93 |
-----------------------------------------------------------------Schedule complete
Client 75 trained
Client 75 uploaded
Client 93 trained
Client 93 uploaded
Client 37 trained
Client 37 uploaded
Client 74 trained
Client 74 uploaded
Client 57 trained
Client 57 uploaded
Client 41 trained
Client 41 uploaded
Client 56 trained
Client 56 uploaded
Client 48 trained
Client 48 uploaded
Client 11 trained
Client 11 uploaded
Client 77 trained
Client 77 uploaded
Client 18 trained
Client 18 uploaded
Client 91 trained
Client 91 uploaded
Client 32 trained
Client 32 uploaded
Client 79 trained
Client 79 uploaded
Client 72 trained
Client 72 uploaded
Epoch(t): 129 accuracy: 63.03 loss 1.0681882017850877 run_time: 4719.822922229767
FedDocs Algo: Group 5 is selected
| current_epoch 130 |. Begin client select
SchedulerThread schedule Group [ 5 ], select( 15 clients):
2 | 5 | 7 | 9 | 13 | 19 | 27 | 29 | 38 | 44 | 52 | 69 | 76 | 83 | 97 |
-----------------------------------------------------------------Schedule complete
Client 97 trained
Client 97 uploaded
Client 52 trained
Client 52 uploaded
Client 76 trained
Client 76 uploaded
Client 38 trained
Client 38 uploaded
Client 7 trained
Client 7 uploaded
Client 13 trained
Client 13 uploaded
Client 2 trained
Client 2 uploaded
Client 69 trained
Client 69 uploaded
Client 5 trained
Client 5 uploaded
Client 44 trained
Client 44 uploaded
Client 9 trained
Client 9 uploaded
Client 29 trained
Client 29 uploaded
Client 27 trained
Client 27 uploaded
Client 83 trained
Client 83 uploaded
Client 19 trained
Client 19 uploaded
Epoch(t): 130 accuracy: 62.89 loss 1.1087009531259537 run_time: 4757.2494332790375
FedDocs Algo: Group 5 is selected
| current_epoch 131 |. Begin client select
SchedulerThread schedule Group [ 5 ], select( 15 clients):
2 | 5 | 7 | 9 | 13 | 19 | 27 | 29 | 38 | 44 | 52 | 69 | 76 | 83 | 97 |
-----------------------------------------------------------------Schedule complete
Client 52 trained
Client 52 uploaded
Client 97 trained
Client 97 uploaded
Client 76 trained
Client 76 uploaded
Client 38 trained
Client 38 uploaded
Client 7 trained
Client 7 uploaded
Client 2 trained
Client 2 uploaded
Client 13 trained
Client 13 uploaded
Client 69 trained
Client 69 uploaded
Client 5 trained
Client 5 uploaded
Client 9 trained
Client 9 uploaded
Client 44 trained
Client 44 uploaded
Client 29 trained
Client 29 uploaded
Client 27 trained
Client 27 uploaded
Client 83 trained
Client 83 uploaded
Client 19 trained
Client 19 uploaded
Epoch(t): 131 accuracy: 62.04 loss 1.1419753485918045 run_time: 4795.20282292366
FedDocs Algo: Group 0 is selected
| current_epoch 132 |. Begin client select
SchedulerThread schedule Group [ 0 ], select( 12 clients):
10 | 23 | 45 | 46 | 50 | 51 | 55 | 58 | 61 | 64 | 78 | 88 |
-----------------------------------------------------------------Schedule complete
Client 10 trained
Client 10 uploaded
Client 46 trained
Client 46 uploaded
Client 58 trained
Client 58 uploaded
Client 51 trained
Client 51 uploaded
Client 61 trained
Client 61 uploaded
Client 64 trained
Client 64 uploaded
Client 55 trained
Client 55 uploaded
Client 45 trained
Client 45 uploaded
Client 88 trained
Client 88 uploaded
Client 23 trained
Client 23 uploaded
Client 78 trained
Client 78 uploaded
Client 50 trained
Client 50 uploaded
Epoch(t): 132 accuracy: 63.37 loss 1.0611006480455398 run_time: 4821.079321861267
FedDocs Algo: Group 5 is selected
| current_epoch 133 |. Begin client select
SchedulerThread schedule Group [ 5 ], select( 15 clients):
2 | 5 | 7 | 9 | 13 | 19 | 27 | 29 | 38 | 44 | 52 | 69 | 76 | 83 | 97 |
-----------------------------------------------------------------Schedule complete
Client 97 trained
Client 97 uploaded
Client 52 trained
Client 52 uploaded
Client 76 trained
Client 76 uploaded
Client 38 trained
Client 38 uploaded
Client 7 trained
Client 7 uploaded
Client 2 trained
Client 2 uploaded
Client 13 trained
Client 13 uploaded
Client 69 trained
Client 69 uploaded
Client 5 trained
Client 5 uploaded
Client 44 trained
Client 44 uploaded
Client 9 trained
Client 9 uploaded
Client 29 trained
Client 29 uploaded
Client 27 trained
Client 27 uploaded
Client 83 trained
Client 83 uploaded
Client 19 trained
Client 19 uploaded
Epoch(t): 133 accuracy: 62.62 loss 1.1008718955516814 run_time: 4847.95294213295
FedDocs Algo: Group 3 is selected
| current_epoch 134 |. Begin client select
SchedulerThread schedule Group [ 3 ], select( 15 clients):
1 | 8 | 17 | 26 | 34 | 39 | 47 | 62 | 65 | 67 | 70 | 73 | 84 | 89 | 98 |
-----------------------------------------------------------------Schedule complete
Client 1 trained
Client 1 uploaded
Client 8 trained
Client 8 uploaded
Client 67 trained
Client 67 uploaded
Client 98 trained
Client 98 uploaded
Client 62 trained
Client 62 uploaded
Client 73 trained
Client 73 uploaded
Client 84 trained
Client 84 uploaded
Client 39 trained
Client 39 uploaded
Client 89 trained
Client 89 uploaded
Client 47 trained
Client 47 uploaded
Client 17 trained
Client 17 uploaded
Client 26 trained
Client 26 uploaded
Client 34 trained
Client 34 uploaded
Client 65 trained
Client 65 uploaded
Client 70 trained
Client 70 uploaded
Epoch(t): 134 accuracy: 63.98 loss 1.0426487106084823 run_time: 4876.668544769287
FedDocs Algo: Group 5 is selected
| current_epoch 135 |. Begin client select
SchedulerThread schedule Group [ 5 ], select( 15 clients):
2 | 5 | 7 | 9 | 13 | 19 | 27 | 29 | 38 | 44 | 52 | 69 | 76 | 83 | 97 |
-----------------------------------------------------------------Schedule complete
Client 97 trained
Client 97 uploaded
Client 52 trained
Client 52 uploaded
Client 76 trained
Client 76 uploaded
Client 38 trained
Client 38 uploaded
Client 7 trained
Client 7 uploaded
Client 13 trained
Client 13 uploaded
Client 2 trained
Client 2 uploaded
Client 69 trained
Client 69 uploaded
Client 5 trained
Client 5 uploaded
Client 9 trained
Client 9 uploaded
Client 44 trained
Client 44 uploaded
Client 29 trained
Client 29 uploaded
Client 27 trained
Client 27 uploaded
Client 83 trained
Client 83 uploaded
Client 19 trained
Client 19 uploaded
Epoch(t): 135 accuracy: 62.67 loss 1.110922742486 run_time: 4911.0746483802795
FedDocs Algo: Group 5 is selected
| current_epoch 136 |. Begin client select
SchedulerThread schedule Group [ 5 ], select( 15 clients):
2 | 5 | 7 | 9 | 13 | 19 | 27 | 29 | 38 | 44 | 52 | 69 | 76 | 83 | 97 |
-----------------------------------------------------------------Schedule complete
Client 97 trained
Client 97 uploaded
Client 52 trained
Client 52 uploaded
Client 76 trained
Client 76 uploaded
Client 7 trained
Client 7 uploaded
Client 38 trained
Client 38 uploaded
Client 13 trained
Client 13 uploaded
Client 2 trained
Client 2 uploaded
Client 69 trained
Client 69 uploaded
Client 5 trained
Client 5 uploaded
Client 9 trained
Client 9 uploaded
Client 44 trained
Client 44 uploaded
Client 29 trained
Client 29 uploaded
Client 27 trained
Client 27 uploaded
Client 83 trained
Client 83 uploaded
Client 19 trained
Client 19 uploaded
Epoch(t): 136 accuracy: 61.7 loss 1.1411457818746567 run_time: 4945.620119571686
FedDocs Algo: Group 5 is selected
| current_epoch 137 |. Begin client select
SchedulerThread schedule Group [ 5 ], select( 15 clients):
2 | 5 | 7 | 9 | 13 | 19 | 27 | 29 | 38 | 44 | 52 | 69 | 76 | 83 | 97 |
-----------------------------------------------------------------Schedule complete
Client 52 trained
Client 52 uploaded
Client 97 trained
Client 97 uploaded
Client 76 trained
Client 76 uploaded
Client 7 trained
Client 7 uploaded
Client 38 trained
Client 38 uploaded
Client 2 trained
Client 2 uploaded
Client 13 trained
Client 13 uploaded
Client 69 trained
Client 69 uploaded
Client 5 trained
Client 5 uploaded
Client 9 trained
Client 9 uploaded
Client 44 trained
Client 44 uploaded
Client 29 trained
Client 29 uploaded
Client 27 trained
Client 27 uploaded
Client 83 trained
Client 83 uploaded
Client 19 trained
Client 19 uploaded
Epoch(t): 137 accuracy: 61.74 loss 1.1565350413322448 run_time: 4980.227919101715
FedDocs Algo: Group 3 is selected
| current_epoch 138 |. Begin client select
SchedulerThread schedule Group [ 3 ], select( 15 clients):
1 | 8 | 17 | 26 | 34 | 39 | 47 | 62 | 65 | 67 | 70 | 73 | 84 | 89 | 98 |
-----------------------------------------------------------------Schedule complete
Client 1 trained
Client 1 uploaded
Client 8 trained
Client 8 uploaded
Client 67 trained
Client 67 uploaded
Client 98 trained
Client 98 uploaded
Client 62 trained
Client 62 uploaded
Client 73 trained
Client 73 uploaded
Client 84 trained
Client 84 uploaded
Client 47 trained
Client 47 uploaded
Client 89 trained
Client 89 uploaded
Client 39 trained
Client 39 uploaded
Client 17 trained
Client 17 uploaded
Client 26 trained
Client 26 uploaded
Client 34 trained
Client 34 uploaded
Client 70 trained
Client 70 uploaded
Client 65 trained
Client 65 uploaded
Epoch(t): 138 accuracy: 63.68 loss 1.0509723490476608 run_time: 5016.77259016037
FedDocs Algo: Group 5 is selected
| current_epoch 139 |. Begin client select
SchedulerThread schedule Group [ 5 ], select( 15 clients):
2 | 5 | 7 | 9 | 13 | 19 | 27 | 29 | 38 | 44 | 52 | 69 | 76 | 83 | 97 |
-----------------------------------------------------------------Schedule complete
Client 52 trained
Client 52 uploaded
Client 97 trained
Client 97 uploaded
Client 76 trained
Client 76 uploaded
Client 38 trained
Client 38 uploaded
Client 7 trained
Client 7 uploaded
Client 2 trained
Client 2 uploaded
Client 13 trained
Client 13 uploaded
Client 69 trained
Client 69 uploaded
Client 5 trained
Client 5 uploaded
Client 44 trained
Client 44 uploaded
Client 9 trained
Client 9 uploaded
Client 29 trained
Client 29 uploaded
Client 27 trained
Client 27 uploaded
Client 83 trained
Client 83 uploaded
Client 19 trained
Client 19 uploaded
Epoch(t): 139 accuracy: 62.66 loss 1.1210925048589706 run_time: 5052.09374833107
FedDocs Algo: Group 5 is selected
| current_epoch 140 |. Begin client select
SchedulerThread schedule Group [ 5 ], select( 15 clients):
2 | 5 | 7 | 9 | 13 | 19 | 27 | 29 | 38 | 44 | 52 | 69 | 76 | 83 | 97 |
-----------------------------------------------------------------Schedule complete
Client 97 trained
Client 97 uploaded
Client 52 trained
Client 52 uploaded
Client 76 trained
Client 76 uploaded
Client 38 trained
Client 38 uploaded
Client 7 trained
Client 7 uploaded
Client 2 trained
Client 2 uploaded
Client 13 trained
Client 13 uploaded
Client 69 trained
Client 69 uploaded
Client 5 trained
Client 5 uploaded
Client 44 trained
Client 44 uploaded
Client 9 trained
Client 9 uploaded
Client 29 trained
Client 29 uploaded
Client 27 trained
Client 27 uploaded
Client 83 trained
Client 83 uploaded
Client 19 trained
Client 19 uploaded
Epoch(t): 140 accuracy: 62.45 loss 1.1488319826126099 run_time: 5086.810616731644
FedDocs Algo: Group 1 is selected
| current_epoch 141 |. Begin client select
SchedulerThread schedule Group [ 1 ], select( 15 clients):
11 | 18 | 32 | 37 | 41 | 48 | 56 | 57 | 72 | 74 | 75 | 77 | 79 | 91 | 93 |
-----------------------------------------------------------------Schedule complete
Client 75 trained
Client 75 uploaded
Client 93 trained
Client 93 uploaded
Client 37 trained
Client 37 uploaded
Client 57 trained
Client 57 uploaded
Client 74 trained
Client 74 uploaded
Client 48 trained
Client 48 uploaded
Client 56 trained
Client 56 uploaded
Client 41 trained
Client 41 uploaded
Client 11 trained
Client 11 uploaded
Client 18 trained
Client 18 uploaded
Client 77 trained
Client 77 uploaded
Client 91 trained
Client 91 uploaded
Client 32 trained
Client 32 uploaded
Client 79 trained
Client 79 uploaded
Client 72 trained
Client 72 uploaded
Epoch(t): 141 accuracy: 63.36 loss 1.0595493447780608 run_time: 5126.433061122894
FedDocs Algo: Group 3 is selected
| current_epoch 142 |. Begin client select
SchedulerThread schedule Group [ 3 ], select( 15 clients):
1 | 8 | 17 | 26 | 34 | 39 | 47 | 62 | 65 | 67 | 70 | 73 | 84 | 89 | 98 |
-----------------------------------------------------------------Schedule complete
Client 1 trained
Client 1 uploaded
Client 8 trained
Client 8 uploaded
Client 67 trained
Client 67 uploaded
Client 98 trained
Client 98 uploaded
Client 62 trained
Client 62 uploaded
Client 73 trained
Client 73 uploaded
Client 84 trained
Client 84 uploaded
Client 39 trained
Client 39 uploaded
Client 89 trained
Client 89 uploaded
Client 47 trained
Client 47 uploaded
Client 17 trained
Client 17 uploaded
Client 26 trained
Client 26 uploaded
Client 34 trained
Client 34 uploaded
Client 70 trained
Client 70 uploaded
Client 65 trained
Client 65 uploaded
Epoch(t): 142 accuracy: 63.53 loss 1.0445548474788666 run_time: 5161.621068239212
FedDocs Algo: Group 1 is selected
| current_epoch 143 |. Begin client select
SchedulerThread schedule Group [ 1 ], select( 15 clients):
11 | 18 | 32 | 37 | 41 | 48 | 56 | 57 | 72 | 74 | 75 | 77 | 79 | 91 | 93 |
-----------------------------------------------------------------Schedule complete
Client 75 trained
Client 75 uploaded
Client 93 trained
Client 93 uploaded
Client 37 trained
Client 37 uploaded
Client 57 trained
Client 57 uploaded
Client 74 trained
Client 74 uploaded
Client 41 trained
Client 41 uploaded
Client 56 trained
Client 56 uploaded
Client 48 trained
Client 48 uploaded
Client 11 trained
Client 11 uploaded
Client 18 trained
Client 18 uploaded
Client 77 trained
Client 77 uploaded
Client 91 trained
Client 91 uploaded
Client 32 trained
Client 32 uploaded
Client 79 trained
Client 79 uploaded
Client 72 trained
Client 72 uploaded
Epoch(t): 143 accuracy: 63.37 loss 1.0539358454942702 run_time: 5202.9562611579895
FedDocs Algo: Group 1 is selected
| current_epoch 144 |. Begin client select
SchedulerThread schedule Group [ 1 ], select( 15 clients):
11 | 18 | 32 | 37 | 41 | 48 | 56 | 57 | 72 | 74 | 75 | 77 | 79 | 91 | 93 |
-----------------------------------------------------------------Schedule complete
Client 75 trained
Client 75 uploaded
Client 93 trained
Client 93 uploaded
Client 37 trained
Client 37 uploaded
Client 57 trained
Client 57 uploaded
Client 74 trained
Client 74 uploaded
Client 56 trained
Client 56 uploaded
Client 41 trained
Client 41 uploaded
Client 48 trained
Client 48 uploaded
Client 18 trained
Client 18 uploaded
Client 11 trained
Client 11 uploaded
Client 77 trained
Client 77 uploaded
Client 91 trained
Client 91 uploaded
Client 32 trained
Client 32 uploaded
Client 79 trained
Client 79 uploaded
Client 72 trained
Client 72 uploaded
Epoch(t): 144 accuracy: 63.05 loss 1.0758480262756347 run_time: 5241.44647526741
FedDocs Algo: Group 5 is selected
| current_epoch 145 |. Begin client select
SchedulerThread schedule Group [ 5 ], select( 15 clients):
2 | 5 | 7 | 9 | 13 | 19 | 27 | 29 | 38 | 44 | 52 | 69 | 76 | 83 | 97 |
-----------------------------------------------------------------Schedule complete
Client 97 trained
Client 97 uploaded
Client 52 trained
Client 52 uploaded
Client 76 trained
Client 76 uploaded
Client 38 trained
Client 38 uploaded
Client 7 trained
Client 7 uploaded
Client 2 trained
Client 2 uploaded
Client 13 trained
Client 13 uploaded
Client 69 trained
Client 69 uploaded
Client 5 trained
Client 5 uploaded
Client 44 trained
Client 44 uploaded
Client 9 trained
Client 9 uploaded
Client 27 trained
Client 27 uploaded
Client 29 trained
Client 29 uploaded
Client 83 trained
Client 83 uploaded
Client 19 trained
Client 19 uploaded
Epoch(t): 145 accuracy: 62.91 loss 1.0938117575645447 run_time: 5275.932345151901
FedDocs Algo: Group 6 is selected
| current_epoch 146 |. Begin client select
SchedulerThread schedule Group [ 6 ], select( 14 clients):
0 | 6 | 15 | 25 | 31 | 36 | 40 | 54 | 59 | 82 | 85 | 87 | 92 | 94 |
-----------------------------------------------------------------Schedule complete
Client 94 trained
Client 94 uploaded
Client 25 trained
Client 25 uploaded
Client 54 trained
Client 54 uploaded
Client 87 trained
Client 87 uploaded
Client 36 trained
Client 36 uploaded
Client 92 trained
Client 92 uploaded
Client 0 trained
Client 0 uploaded
Client 6 trained
Client 6 uploaded
Client 31 trained
Client 31 uploaded
Client 40 trained
Client 40 uploaded
Client 82 trained
Client 82 uploaded
Client 85 trained
Client 85 uploaded
Client 15 trained
Client 15 uploaded
Client 59 trained
Client 59 uploaded
Epoch(t): 146 accuracy: 62.92 loss 1.0585150992870331 run_time: 5301.593170881271
FedDocs Algo: Group 5 is selected
| current_epoch 147 |. Begin client select
SchedulerThread schedule Group [ 5 ], select( 15 clients):
2 | 5 | 7 | 9 | 13 | 19 | 27 | 29 | 38 | 44 | 52 | 69 | 76 | 83 | 97 |
-----------------------------------------------------------------Schedule complete
Client 52 trained
Client 52 uploaded
Client 97 trained
Client 97 uploaded
Client 76 trained
Client 76 uploaded
Client 38 trained
Client 38 uploaded
Client 7 trained
Client 7 uploaded
Client 2 trained
Client 2 uploaded
Client 13 trained
Client 13 uploaded
Client 69 trained
Client 69 uploaded
Client 5 trained
Client 5 uploaded
Client 9 trained
Client 9 uploaded
Client 44 trained
Client 44 uploaded
Client 29 trained
Client 29 uploaded
Client 27 trained
Client 27 uploaded
Client 83 trained
Client 83 uploaded
Client 19 trained
Client 19 uploaded
Epoch(t): 147 accuracy: 63.79 loss 1.075560844540596 run_time: 5335.719381093979
FedDocs Algo: Group 0 is selected
| current_epoch 148 |. Begin client select
SchedulerThread schedule Group [ 0 ], select( 12 clients):
10 | 23 | 45 | 46 | 50 | 51 | 55 | 58 | 61 | 64 | 78 | 88 |
-----------------------------------------------------------------Schedule complete
Client 10 trained
Client 10 uploaded
Client 46 trained
Client 46 uploaded
Client 58 trained
Client 58 uploaded
Client 51 trained
Client 51 uploaded
Client 61 trained
Client 61 uploaded
Client 55 trained
Client 55 uploaded
Client 64 trained
Client 64 uploaded
Client 88 trained
Client 88 uploaded
Client 45 trained
Client 45 uploaded
Client 23 trained
Client 23 uploaded
Client 78 trained
Client 78 uploaded
Client 50 trained
Client 50 uploaded
Epoch(t): 148 accuracy: 64.7 loss 1.0295572620630264 run_time: 5360.878961086273
FedDocs Algo: Group 5 is selected
| current_epoch 149 |. Begin client select
SchedulerThread schedule Group [ 5 ], select( 15 clients):
2 | 5 | 7 | 9 | 13 | 19 | 27 | 29 | 38 | 44 | 52 | 69 | 76 | 83 | 97 |
-----------------------------------------------------------------Schedule complete
Client 52 trained
Client 52 uploaded
Client 97 trained
Client 97 uploaded
Client 76 trained
Client 76 uploaded
Client 38 trained
Client 38 uploaded
Client 7 trained
Client 7 uploaded
Client 2 trained
Client 2 uploaded
Client 13 trained
Client 13 uploaded
Client 69 trained
Client 69 uploaded
Client 5 trained
Client 5 uploaded
Client 9 trained
Client 9 uploaded
Client 44 trained
Client 44 uploaded
Client 29 trained
Client 29 uploaded
Client 27 trained
Client 27 uploaded
Client 83 trained
Client 83 uploaded
Client 19 trained
Client 19 uploaded
Epoch(t): 149 accuracy: 64.26 loss 1.0631790852546692 run_time: 5396.077744960785
FedDocs Algo: Group 0 is selected
| current_epoch 150 |. Begin client select
SchedulerThread schedule Group [ 0 ], select( 12 clients):
10 | 23 | 45 | 46 | 50 | 51 | 55 | 58 | 61 | 64 | 78 | 88 |
-----------------------------------------------------------------Schedule complete
Client 10 trained
Client 10 uploaded
Client 46 trained
Client 46 uploaded
Client 58 trained
Client 58 uploaded
Client 51 trained
Client 51 uploaded
Client 61 trained
Client 61 uploaded
Client 55 trained
Client 55 uploaded
Client 64 trained
Client 64 uploaded
Client 88 trained
Client 88 uploaded
Client 45 trained
Client 45 uploaded
Client 23 trained
Client 23 uploaded
Client 78 trained
Client 78 uploaded
Client 50 trained
Client 50 uploaded
Epoch(t): 150 accuracy: 64.68 loss 1.0288791340589523 run_time: 5419.252904653549
FedDocs Algo: Group 5 is selected
| current_epoch 151 |. Begin client select
SchedulerThread schedule Group [ 5 ], select( 15 clients):
2 | 5 | 7 | 9 | 13 | 19 | 27 | 29 | 38 | 44 | 52 | 69 | 76 | 83 | 97 |
-----------------------------------------------------------------Schedule complete
Client 97 trained
Client 97 uploaded
Client 52 trained
Client 52 uploaded
Client 76 trained
Client 76 uploaded
Client 38 trained
Client 38 uploaded
Client 7 trained
Client 7 uploaded
Client 2 trained
Client 2 uploaded
Client 13 trained
Client 13 uploaded
Client 69 trained
Client 69 uploaded
Client 5 trained
Client 5 uploaded
Client 9 trained
Client 9 uploaded
Client 44 trained
Client 44 uploaded
Client 27 trained
Client 27 uploaded
Client 29 trained
Client 29 uploaded
Client 83 trained
Client 83 uploaded
Client 19 trained
Client 19 uploaded
Epoch(t): 151 accuracy: 63.68 loss 1.0825467681884766 run_time: 5444.340938091278
FedDocs Algo: Group 5 is selected
| current_epoch 152 |. Begin client select
SchedulerThread schedule Group [ 5 ], select( 15 clients):
2 | 5 | 7 | 9 | 13 | 19 | 27 | 29 | 38 | 44 | 52 | 69 | 76 | 83 | 97 |
-----------------------------------------------------------------Schedule complete
Client 52 trained
Client 52 uploaded
Client 97 trained
Client 97 uploaded
Client 76 trained
Client 76 uploaded
Client 38 trained
Client 38 uploaded
Client 7 trained
Client 7 uploaded
Client 2 trained
Client 2 uploaded
Client 13 trained
Client 13 uploaded
Client 69 trained
Client 69 uploaded
Client 5 trained
Client 5 uploaded
Client 9 trained
Client 9 uploaded
Client 44 trained
Client 44 uploaded
Client 29 trained
Client 29 uploaded
Client 27 trained
Client 27 uploaded
Client 83 trained
Client 83 uploaded
Client 19 trained
Client 19 uploaded
Epoch(t): 152 accuracy: 63.24 loss 1.0941486883163452 run_time: 5479.239619016647
FedDocs Algo: Group 5 is selected
| current_epoch 153 |. Begin client select
SchedulerThread schedule Group [ 5 ], select( 15 clients):
2 | 5 | 7 | 9 | 13 | 19 | 27 | 29 | 38 | 44 | 52 | 69 | 76 | 83 | 97 |
-----------------------------------------------------------------Schedule complete
Client 97 trained
Client 97 uploaded
Client 52 trained
Client 52 uploaded
Client 76 trained
Client 76 uploaded
Client 7 trained
Client 7 uploaded
Client 38 trained
Client 38 uploaded
Client 2 trained
Client 2 uploaded
Client 13 trained
Client 13 uploaded
Client 69 trained
Client 69 uploaded
Client 5 trained
Client 5 uploaded
Client 9 trained
Client 9 uploaded
Client 44 trained
Client 44 uploaded
Client 29 trained
Client 29 uploaded
Client 27 trained
Client 27 uploaded
Client 83 trained
Client 83 uploaded
Client 19 trained
Client 19 uploaded
Epoch(t): 153 accuracy: 62.73 loss 1.1181049406528474 run_time: 5512.836603403091
FedDocs Algo: Group 3 is selected
| current_epoch 154 |. Begin client select
SchedulerThread schedule Group [ 3 ], select( 15 clients):
1 | 8 | 17 | 26 | 34 | 39 | 47 | 62 | 65 | 67 | 70 | 73 | 84 | 89 | 98 |
-----------------------------------------------------------------Schedule complete
Client 1 trained
Client 1 uploaded
Client 8 trained
Client 8 uploaded
Client 67 trained
Client 67 uploaded
Client 98 trained
Client 98 uploaded
Client 62 trained
Client 62 uploaded
Client 73 trained
Client 73 uploaded
Client 84 trained
Client 84 uploaded
Client 89 trained
Client 89 uploaded
Client 47 trained
Client 47 uploaded
Client 39 trained
Client 39 uploaded
Client 17 trained
Client 17 uploaded
Client 26 trained
Client 26 uploaded
Client 34 trained
Client 34 uploaded
Client 65 trained
Client 65 uploaded
Client 70 trained
Client 70 uploaded
Epoch(t): 154 accuracy: 63.46 loss 1.041402752995491 run_time: 5549.009620189667
FedDocs Algo: Group 6 is selected
| current_epoch 155 |. Begin client select
SchedulerThread schedule Group [ 6 ], select( 14 clients):
0 | 6 | 15 | 25 | 31 | 36 | 40 | 54 | 59 | 82 | 85 | 87 | 92 | 94 |
-----------------------------------------------------------------Schedule complete
Client 94 trained
Client 94 uploaded
Client 54 trained
Client 54 uploaded
Client 87 trained
Client 87 uploaded
Client 25 trained
Client 25 uploaded
Client 36 trained
Client 36 uploaded
Client 0 trained
Client 0 uploaded
Client 92 trained
Client 92 uploaded
Client 6 trained
Client 6 uploaded
Client 31 trained
Client 31 uploaded
Client 40 trained
Client 40 uploaded
Client 82 trained
Client 82 uploaded
Client 85 trained
Client 85 uploaded
Client 15 trained
Client 15 uploaded
Client 59 trained
Client 59 uploaded
Epoch(t): 155 accuracy: 63.33 loss 1.0667783814668654 run_time: 5575.412292718887
FedDocs Algo: Group 0 is selected
| current_epoch 156 |. Begin client select
SchedulerThread schedule Group [ 0 ], select( 12 clients):
10 | 23 | 45 | 46 | 50 | 51 | 55 | 58 | 61 | 64 | 78 | 88 |
-----------------------------------------------------------------Schedule complete
Client 10 trained
Client 10 uploaded
Client 46 trained
Client 46 uploaded
Client 58 trained
Client 58 uploaded
Client 61 trained
Client 61 uploaded
Client 51 trained
Client 51 uploaded
Client 55 trained
Client 55 uploaded
Client 64 trained
Client 64 uploaded
Client 88 trained
Client 88 uploaded
Client 45 trained
Client 45 uploaded
Client 23 trained
Client 23 uploaded
Client 78 trained
Client 78 uploaded
Client 50 trained
Client 50 uploaded
Epoch(t): 156 accuracy: 65.11 loss 1.0033686918020248 run_time: 5594.67453455925
FedDocs Algo: Group 0 is selected
| current_epoch 157 |. Begin client select
SchedulerThread schedule Group [ 0 ], select( 12 clients):
10 | 23 | 45 | 46 | 50 | 51 | 55 | 58 | 61 | 64 | 78 | 88 |
-----------------------------------------------------------------Schedule complete
Client 10 trained
Client 10 uploaded
Client 46 trained
Client 46 uploaded
Client 58 trained
Client 58 uploaded
Client 61 trained
Client 61 uploaded
Client 51 trained
Client 51 uploaded
Client 64 trained
Client 64 uploaded
Client 55 trained
Client 55 uploaded
Client 45 trained
Client 45 uploaded
Client 88 trained
Client 88 uploaded
Client 23 trained
Client 23 uploaded
Client 78 trained
Client 78 uploaded
Client 50 trained
Client 50 uploaded
Epoch(t): 157 accuracy: 64.23 loss 1.0363918346166612 run_time: 5620.33492898941
FedDocs Algo: Group 5 is selected
| current_epoch 158 |. Begin client select
SchedulerThread schedule Group [ 5 ], select( 15 clients):
2 | 5 | 7 | 9 | 13 | 19 | 27 | 29 | 38 | 44 | 52 | 69 | 76 | 83 | 97 |
-----------------------------------------------------------------Schedule complete
Client 52 trained
Client 52 uploaded
Client 97 trained
Client 97 uploaded
Client 76 trained
Client 76 uploaded
Client 7 trained
Client 7 uploaded
Client 38 trained
Client 38 uploaded
Client 13 trained
Client 13 uploaded
Client 2 trained
Client 2 uploaded
Client 69 trained
Client 69 uploaded
Client 5 trained
Client 5 uploaded
Client 9 trained
Client 9 uploaded
Client 44 trained
Client 44 uploaded
Client 29 trained
Client 29 uploaded
Client 27 trained
Client 27 uploaded
Client 83 trained
Client 83 uploaded
Client 19 trained
Client 19 uploaded
Epoch(t): 158 accuracy: 64.78 loss 1.0398184442520142 run_time: 5654.407618522644
FedDocs Algo: Group 6 is selected
| current_epoch 159 |. Begin client select
SchedulerThread schedule Group [ 6 ], select( 14 clients):
0 | 6 | 15 | 25 | 31 | 36 | 40 | 54 | 59 | 82 | 85 | 87 | 92 | 94 |
-----------------------------------------------------------------Schedule complete
Client 94 trained
Client 94 uploaded
Client 36 trained
Client 36 uploaded
Client 25 trained
Client 25 uploaded
Client 54 trained
Client 54 uploaded
Client 87 trained
Client 87 uploaded
Client 92 trained
Client 92 uploaded
Client 0 trained
Client 0 uploaded
Client 6 trained
Client 6 uploaded
Client 31 trained
Client 31 uploaded
Client 40 trained
Client 40 uploaded
Client 82 trained
Client 82 uploaded
Client 85 trained
Client 85 uploaded
Client 59 trained
Client 59 uploaded
Client 15 trained
Client 15 uploaded
Epoch(t): 159 accuracy: 64.29 loss 1.0437508356571197 run_time: 5679.783650875092
FedDocs Algo: Group 5 is selected
| current_epoch 160 |. Begin client select
SchedulerThread schedule Group [ 5 ], select( 15 clients):
2 | 5 | 7 | 9 | 13 | 19 | 27 | 29 | 38 | 44 | 52 | 69 | 76 | 83 | 97 |
-----------------------------------------------------------------Schedule complete
Client 97 trained
Client 97 uploaded
Client 52 trained
Client 52 uploaded
Client 76 trained
Client 76 uploaded
Client 7 trained
Client 7 uploaded
Client 38 trained
Client 38 uploaded
Client 13 trained
Client 13 uploaded
Client 2 trained
Client 2 uploaded
Client 5 trained
Client 5 uploaded
Client 69 trained
Client 69 uploaded
Client 9 trained
Client 9 uploaded
Client 44 trained
Client 44 uploaded
Client 29 trained
Client 29 uploaded
Client 27 trained
Client 27 uploaded
Client 83 trained
Client 83 uploaded
Client 19 trained
Client 19 uploaded
Epoch(t): 160 accuracy: 63.6 loss 1.0661413210630417 run_time: 5714.879596710205
FedDocs Algo: Group 5 is selected
| current_epoch 161 |. Begin client select
SchedulerThread schedule Group [ 5 ], select( 15 clients):
2 | 5 | 7 | 9 | 13 | 19 | 27 | 29 | 38 | 44 | 52 | 69 | 76 | 83 | 97 |
-----------------------------------------------------------------Schedule complete
Client 52 trained
Client 52 uploaded
Client 97 trained
Client 97 uploaded
Client 76 trained
Client 76 uploaded
Client 38 trained
Client 38 uploaded
Client 7 trained
Client 7 uploaded
Client 13 trained
Client 13 uploaded
Client 2 trained
Client 2 uploaded
Client 5 trained
Client 5 uploaded
Client 69 trained
Client 69 uploaded
Client 9 trained
Client 9 uploaded
Client 44 trained
Client 44 uploaded
Client 27 trained
Client 27 uploaded
Client 29 trained
Client 29 uploaded
Client 83 trained
Client 83 uploaded
Client 19 trained
Client 19 uploaded
Epoch(t): 161 accuracy: 63.4 loss 1.090636396408081 run_time: 5749.453978538513
FedDocs Algo: Group 5 is selected
| current_epoch 162 |. Begin client select
SchedulerThread schedule Group [ 5 ], select( 15 clients):
2 | 5 | 7 | 9 | 13 | 19 | 27 | 29 | 38 | 44 | 52 | 69 | 76 | 83 | 97 |
-----------------------------------------------------------------Schedule complete
Client 97 trained
Client 97 uploaded
Client 52 trained
Client 52 uploaded
Client 76 trained
Client 76 uploaded
Client 38 trained
Client 38 uploaded
Client 7 trained
Client 7 uploaded
Client 2 trained
Client 2 uploaded
Client 13 trained
Client 13 uploaded
Client 69 trained
Client 69 uploaded
Client 5 trained
Client 5 uploaded
Client 9 trained
Client 9 uploaded
Client 44 trained
Client 44 uploaded
Client 27 trained
Client 27 uploaded
Client 29 trained
Client 29 uploaded
Client 83 trained
Client 83 uploaded
Client 19 trained
Client 19 uploaded
Epoch(t): 162 accuracy: 63.63 loss 1.1065612703561782 run_time: 5784.003058671951
FedDocs Algo: Group 5 is selected
| current_epoch 163 |. Begin client select
SchedulerThread schedule Group [ 5 ], select( 15 clients):
2 | 5 | 7 | 9 | 13 | 19 | 27 | 29 | 38 | 44 | 52 | 69 | 76 | 83 | 97 |
-----------------------------------------------------------------Schedule complete
Client 52 trained
Client 52 uploaded
Client 97 trained
Client 97 uploaded
Client 76 trained
Client 76 uploaded
Client 38 trained
Client 38 uploaded
Client 7 trained
Client 7 uploaded
Client 2 trained
Client 2 uploaded
Client 13 trained
Client 13 uploaded
Client 69 trained
Client 69 uploaded
Client 5 trained
Client 5 uploaded
Client 9 trained
Client 9 uploaded
Client 44 trained
Client 44 uploaded
Client 29 trained
Client 29 uploaded
Client 27 trained
Client 27 uploaded
Client 83 trained
Client 83 uploaded
Client 19 trained
Client 19 uploaded
Epoch(t): 163 accuracy: 62.81 loss 1.127719920873642 run_time: 5818.839112281799
FedDocs Algo: Group 5 is selected
| current_epoch 164 |. Begin client select
SchedulerThread schedule Group [ 5 ], select( 15 clients):
2 | 5 | 7 | 9 | 13 | 19 | 27 | 29 | 38 | 44 | 52 | 69 | 76 | 83 | 97 |
-----------------------------------------------------------------Schedule complete
Client 97 trained
Client 97 uploaded
Client 52 trained
Client 52 uploaded
Client 76 trained
Client 76 uploaded
Client 38 trained
Client 38 uploaded
Client 7 trained
Client 7 uploaded
Client 13 trained
Client 13 uploaded
Client 2 trained
Client 2 uploaded
Client 69 trained
Client 69 uploaded
Client 5 trained
Client 5 uploaded
Client 44 trained
Client 44 uploaded
Client 9 trained
Client 9 uploaded
Client 29 trained
Client 29 uploaded
Client 27 trained
Client 27 uploaded
Client 83 trained
Client 83 uploaded
Client 19 trained
Client 19 uploaded
Epoch(t): 164 accuracy: 62.8 loss 1.1354053139686584 run_time: 5853.036740064621
FedDocs Algo: Group 1 is selected
| current_epoch 165 |. Begin client select
SchedulerThread schedule Group [ 1 ], select( 15 clients):
11 | 18 | 32 | 37 | 41 | 48 | 56 | 57 | 72 | 74 | 75 | 77 | 79 | 91 | 93 |
-----------------------------------------------------------------Schedule complete
Client 75 trained
Client 75 uploaded
Client 93 trained
Client 93 uploaded
Client 37 trained
Client 37 uploaded
Client 57 trained
Client 57 uploaded
Client 74 trained
Client 74 uploaded
Client 41 trained
Client 41 uploaded
Client 48 trained
Client 48 uploaded
Client 56 trained
Client 56 uploaded
Client 11 trained
Client 11 uploaded
Client 18 trained
Client 18 uploaded
Client 77 trained
Client 77 uploaded
Client 91 trained
Client 91 uploaded
Client 32 trained
Client 32 uploaded
Client 79 trained
Client 79 uploaded
Client 72 trained
Client 72 uploaded
Epoch(t): 165 accuracy: 65.25 loss 1.0362856101989746 run_time: 5892.636223077774
FedDocs Algo: Group 0 is selected
| current_epoch 166 |. Begin client select
SchedulerThread schedule Group [ 0 ], select( 12 clients):
10 | 23 | 45 | 46 | 50 | 51 | 55 | 58 | 61 | 64 | 78 | 88 |
-----------------------------------------------------------------Schedule complete
Client 10 trained
Client 10 uploaded
Client 46 trained
Client 46 uploaded
Client 58 trained
Client 58 uploaded
Client 61 trained
Client 61 uploaded
Client 51 trained
Client 51 uploaded
Client 64 trained
Client 64 uploaded
Client 55 trained
Client 55 uploaded
Client 45 trained
Client 45 uploaded
Client 88 trained
Client 88 uploaded
Client 23 trained
Client 23 uploaded
Client 78 trained
Client 78 uploaded
Client 50 trained
Client 50 uploaded
Epoch(t): 166 accuracy: 64.91 loss 1.033835117816925 run_time: 5911.3175666332245
FedDocs Algo: Group 4 is selected
| current_epoch 167 |. Begin client select
SchedulerThread schedule Group [ 4 ], select( 14 clients):
3 | 20 | 22 | 24 | 28 | 30 | 33 | 35 | 63 | 66 | 71 | 80 | 81 | 96 |
-----------------------------------------------------------------Schedule complete
Client 28 trained
Client 28 uploaded
Client 80 trained
Client 80 uploaded
Client 63 trained
Client 63 uploaded
Client 66 trained
Client 66 uploaded
Client 30 trained
Client 30 uploaded
Client 24 trained
Client 24 uploaded
Client 96 trained
Client 96 uploaded
Client 22 trained
Client 22 uploaded
Client 3 trained
Client 3 uploaded
Client 81 trained
Client 81 uploaded
Client 71 trained
Client 71 uploaded
Client 33 trained
Client 33 uploaded
Client 20 trained
Client 20 uploaded
Client 35 trained
Client 35 uploaded
Epoch(t): 167 accuracy: 62.4 loss 1.0800021493434906 run_time: 5935.976505279541
FedDocs Algo: Group 2 is selected
| current_epoch 168 |. Begin client select
SchedulerThread schedule Group [ 2 ], select( 15 clients):
4 | 12 | 14 | 16 | 21 | 42 | 43 | 49 | 53 | 60 | 68 | 86 | 90 | 95 | 99 |
-----------------------------------------------------------------Schedule complete
Client 68 trained
Client 68 uploaded
Client 99 trained
Client 99 uploaded
Client 53 trained
Client 53 uploaded
Client 60 trained
Client 60 uploaded
Client 49 trained
Client 49 uploaded
Client 21 trained
Client 21 uploaded
Client 14 trained
Client 14 uploaded
Client 12 trained
Client 12 uploaded
Client 4 trained
Client 4 uploaded
Client 43 trained
Client 43 uploaded
Client 90 trained
Client 90 uploaded
Client 95 trained
Client 95 uploaded
Client 16 trained
Client 16 uploaded
Client 42 trained
Client 42 uploaded
Client 86 trained
Client 86 uploaded
Epoch(t): 168 accuracy: 66.83 loss 0.9584907722473145 run_time: 5958.453125476837
FedDocs Algo: Group 4 is selected
| current_epoch 169 |. Begin client select
SchedulerThread schedule Group [ 4 ], select( 14 clients):
3 | 20 | 22 | 24 | 28 | 30 | 33 | 35 | 63 | 66 | 71 | 80 | 81 | 96 |
-----------------------------------------------------------------Schedule complete
Client 28 trained
Client 28 uploaded
Client 80 trained
Client 80 uploaded
Client 63 trained
Client 63 uploaded
Client 66 trained
Client 66 uploaded
Client 30 trained
Client 30 uploaded
Client 24 trained
Client 24 uploaded
Client 22 trained
Client 22 uploaded
Client 96 trained
Client 96 uploaded
Client 3 trained
Client 3 uploaded
Client 81 trained
Client 81 uploaded
Client 71 trained
Client 71 uploaded
Client 33 trained
Client 33 uploaded
Client 20 trained
Client 20 uploaded
Client 35 trained
Client 35 uploaded
Epoch(t): 169 accuracy: 62.81 loss 1.0830943554639816 run_time: 5989.056316137314
FedDocs Algo: Group 6 is selected
| current_epoch 170 |. Begin client select
SchedulerThread schedule Group [ 6 ], select( 14 clients):
0 | 6 | 15 | 25 | 31 | 36 | 40 | 54 | 59 | 82 | 85 | 87 | 92 | 94 |
-----------------------------------------------------------------Schedule complete
Client 94 trained
Client 94 uploaded
Client 54 trained
Client 54 uploaded
Client 36 trained
Client 36 uploaded
Client 25 trained
Client 25 uploaded
Client 87 trained
Client 87 uploaded
Client 0 trained
Client 0 uploaded
Client 92 trained
Client 92 uploaded
Client 6 trained
Client 6 uploaded
Client 31 trained
Client 31 uploaded
Client 40 trained
Client 40 uploaded
Client 82 trained
Client 82 uploaded
Client 85 trained
Client 85 uploaded
Client 59 trained
Client 59 uploaded
Client 15 trained
Client 15 uploaded
Epoch(t): 170 accuracy: 65.34 loss 0.9991159784793854 run_time: 6015.190864801407
FedDocs Algo: Group 0 is selected
| current_epoch 171 |. Begin client select
SchedulerThread schedule Group [ 0 ], select( 12 clients):
10 | 23 | 45 | 46 | 50 | 51 | 55 | 58 | 61 | 64 | 78 | 88 |
-----------------------------------------------------------------Schedule complete
Client 10 trained
Client 10 uploaded
Client 46 trained
Client 46 uploaded
Client 58 trained
Client 58 uploaded
Client 61 trained
Client 61 uploaded
Client 51 trained
Client 51 uploaded
Client 55 trained
Client 55 uploaded
Client 64 trained
Client 64 uploaded
Client 88 trained
Client 88 uploaded
Client 45 trained
Client 45 uploaded
Client 23 trained
Client 23 uploaded
Client 78 trained
Client 78 uploaded
Client 50 trained
Client 50 uploaded
Epoch(t): 171 accuracy: 65.96 loss 0.9910298562049866 run_time: 6039.772799730301
FedDocs Algo: Group 5 is selected
| current_epoch 172 |. Begin client select
SchedulerThread schedule Group [ 5 ], select( 15 clients):
2 | 5 | 7 | 9 | 13 | 19 | 27 | 29 | 38 | 44 | 52 | 69 | 76 | 83 | 97 |
-----------------------------------------------------------------Schedule complete
Client 52 trained
Client 52 uploaded
Client 97 trained
Client 97 uploaded
Client 76 trained
Client 76 uploaded
Client 7 trained
Client 7 uploaded
Client 38 trained
Client 38 uploaded
Client 2 trained
Client 2 uploaded
Client 13 trained
Client 13 uploaded
Client 69 trained
Client 69 uploaded
Client 5 trained
Client 5 uploaded
Client 44 trained
Client 44 uploaded
Client 9 trained
Client 9 uploaded
Client 29 trained
Client 29 uploaded
Client 27 trained
Client 27 uploaded
Client 83 trained
Client 83 uploaded
Client 19 trained
Client 19 uploaded
Epoch(t): 172 accuracy: 64.95 loss 1.0411188584566116 run_time: 6074.626924037933
FedDocs Algo: Group 1 is selected
| current_epoch 173 |. Begin client select
SchedulerThread schedule Group [ 1 ], select( 15 clients):
11 | 18 | 32 | 37 | 41 | 48 | 56 | 57 | 72 | 74 | 75 | 77 | 79 | 91 | 93 |
-----------------------------------------------------------------Schedule complete
Client 75 trained
Client 75 uploaded
Client 93 trained
Client 93 uploaded
Client 37 trained
Client 37 uploaded
Client 57 trained
Client 57 uploaded
Client 74 trained
Client 74 uploaded
Client 56 trained
Client 56 uploaded
Client 41 trained
Client 41 uploaded
Client 48 trained
Client 48 uploaded
Client 18 trained
Client 18 uploaded
Client 11 trained
Client 11 uploaded
Client 77 trained
Client 77 uploaded
Client 91 trained
Client 91 uploaded
Client 32 trained
Client 32 uploaded
Client 79 trained
Client 79 uploaded
Client 72 trained
Client 72 uploaded
Epoch(t): 173 accuracy: 66.11 loss 0.9908689606189728 run_time: 6113.956908226013
FedDocs Algo: Group 0 is selected
| current_epoch 174 |. Begin client select
SchedulerThread schedule Group [ 0 ], select( 12 clients):
10 | 23 | 45 | 46 | 50 | 51 | 55 | 58 | 61 | 64 | 78 | 88 |
-----------------------------------------------------------------Schedule complete
Client 10 trained
Client 10 uploaded
Client 46 trained
Client 46 uploaded
Client 58 trained
Client 58 uploaded
Client 61 trained
Client 61 uploaded
Client 51 trained
Client 51 uploaded
Client 55 trained
Client 55 uploaded
Client 64 trained
Client 64 uploaded
Client 45 trained
Client 45 uploaded
Client 88 trained
Client 88 uploaded
Client 23 trained
Client 23 uploaded
Client 78 trained
Client 78 uploaded
Client 50 trained
Client 50 uploaded
Epoch(t): 174 accuracy: 65.32 loss 1.0234255784749984 run_time: 6139.00022149086
FedDocs Algo: Group 5 is selected
| current_epoch 175 |. Begin client select
SchedulerThread schedule Group [ 5 ], select( 15 clients):
2 | 5 | 7 | 9 | 13 | 19 | 27 | 29 | 38 | 44 | 52 | 69 | 76 | 83 | 97 |
-----------------------------------------------------------------Schedule complete
Client 52 trained
Client 52 uploaded
Client 97 trained
Client 97 uploaded
Client 76 trained
Client 76 uploaded
Client 38 trained
Client 38 uploaded
Client 7 trained
Client 7 uploaded
Client 13 trained
Client 13 uploaded
Client 2 trained
Client 2 uploaded
Client 69 trained
Client 69 uploaded
Client 5 trained
Client 5 uploaded
Client 9 trained
Client 9 uploaded
Client 44 trained
Client 44 uploaded
Client 29 trained
Client 29 uploaded
Client 27 trained
Client 27 uploaded
Client 83 trained
Client 83 uploaded
Client 19 trained
Client 19 uploaded
Epoch(t): 175 accuracy: 64.3 loss 1.0710871315002441 run_time: 6172.943630933762
FedDocs Algo: Group 0 is selected
| current_epoch 176 |. Begin client select
SchedulerThread schedule Group [ 0 ], select( 12 clients):
10 | 23 | 45 | 46 | 50 | 51 | 55 | 58 | 61 | 64 | 78 | 88 |
-----------------------------------------------------------------Schedule complete
Client 10 trained
Client 10 uploaded
Client 46 trained
Client 46 uploaded
Client 58 trained
Client 58 uploaded
Client 61 trained
Client 61 uploaded
Client 51 trained
Client 51 uploaded
Client 64 trained
Client 64 uploaded
Client 55 trained
Client 55 uploaded
Client 45 trained
Client 45 uploaded
Client 88 trained
Client 88 uploaded
Client 23 trained
Client 23 uploaded
Client 78 trained
Client 78 uploaded
Client 50 trained
Client 50 uploaded
Epoch(t): 176 accuracy: 64.75 loss 1.048182146549225 run_time: 6197.670189142227
FedDocs Algo: Group 5 is selected
| current_epoch 177 |. Begin client select
SchedulerThread schedule Group [ 5 ], select( 15 clients):
2 | 5 | 7 | 9 | 13 | 19 | 27 | 29 | 38 | 44 | 52 | 69 | 76 | 83 | 97 |
-----------------------------------------------------------------Schedule complete
Client 97 trained
Client 97 uploaded
Client 52 trained
Client 52 uploaded
Client 76 trained
Client 76 uploaded
Client 7 trained
Client 7 uploaded
Client 38 trained
Client 38 uploaded
Client 2 trained
Client 2 uploaded
Client 13 trained
Client 13 uploaded
Client 69 trained
Client 69 uploaded
Client 5 trained
Client 5 uploaded
Client 9 trained
Client 9 uploaded
Client 44 trained
Client 44 uploaded
Client 29 trained
Client 29 uploaded
Client 27 trained
Client 27 uploaded
Client 83 trained
Client 83 uploaded
Client 19 trained
Client 19 uploaded
Epoch(t): 177 accuracy: 63.9 loss 1.0880343949794768 run_time: 6232.2788298130035
FedDocs Algo: Group 4 is selected
| current_epoch 178 |. Begin client select
SchedulerThread schedule Group [ 4 ], select( 14 clients):
3 | 20 | 22 | 24 | 28 | 30 | 33 | 35 | 63 | 66 | 71 | 80 | 81 | 96 |
-----------------------------------------------------------------Schedule complete
Client 28 trained
Client 28 uploaded
Client 80 trained
Client 80 uploaded
Client 66 trained
Client 66 uploaded
Client 63 trained
Client 63 uploaded
Client 30 trained
Client 30 uploaded
Client 24 trained
Client 24 uploaded
Client 96 trained
Client 96 uploaded
Client 22 trained
Client 22 uploaded
Client 3 trained
Client 3 uploaded
Client 81 trained
Client 81 uploaded
Client 71 trained
Client 71 uploaded
Client 33 trained
Client 33 uploaded
Client 20 trained
Client 20 uploaded
Client 35 trained
Client 35 uploaded
Epoch(t): 178 accuracy: 62.67 loss 1.1060063630342483 run_time: 6265.181960105896
FedDocs Algo: Group 4 is selected
| current_epoch 179 |. Begin client select
SchedulerThread schedule Group [ 4 ], select( 14 clients):
3 | 20 | 22 | 24 | 28 | 30 | 33 | 35 | 63 | 66 | 71 | 80 | 81 | 96 |
-----------------------------------------------------------------Schedule complete
Client 28 trained
Client 28 uploaded
Client 80 trained
Client 80 uploaded
Client 66 trained
Client 66 uploaded
Client 30 trained
Client 30 uploaded
Client 63 trained
Client 63 uploaded
Client 24 trained
Client 24 uploaded
Client 96 trained
Client 96 uploaded
Client 22 trained
Client 22 uploaded
Client 3 trained
Client 3 uploaded
Client 81 trained
Client 81 uploaded
Client 71 trained
Client 71 uploaded
Client 33 trained
Client 33 uploaded
Client 20 trained
Client 20 uploaded
Client 35 trained
Client 35 uploaded
Epoch(t): 179 accuracy: 62.13 loss 1.1390205842256547 run_time: 6297.580113172531
FedDocs Algo: Group 5 is selected
| current_epoch 180 |. Begin client select
SchedulerThread schedule Group [ 5 ], select( 15 clients):
2 | 5 | 7 | 9 | 13 | 19 | 27 | 29 | 38 | 44 | 52 | 69 | 76 | 83 | 97 |
-----------------------------------------------------------------Schedule complete
Client 52 trained
Client 52 uploaded
Client 97 trained
Client 97 uploaded
Client 76 trained
Client 76 uploaded
Client 38 trained
Client 38 uploaded
Client 7 trained
Client 7 uploaded
Client 2 trained
Client 2 uploaded
Client 13 trained
Client 13 uploaded
Client 5 trained
Client 5 uploaded
Client 69 trained
Client 69 uploaded
Client 9 trained
Client 9 uploaded
Client 44 trained
Client 44 uploaded
Client 29 trained
Client 29 uploaded
Client 27 trained
Client 27 uploaded
Client 83 trained
Client 83 uploaded
Client 19 trained
Client 19 uploaded
Epoch(t): 180 accuracy: 64.79 loss 1.0447575998306275 run_time: 6332.1880877017975
FedDocs Algo: Group 4 is selected
| current_epoch 181 |. Begin client select
SchedulerThread schedule Group [ 4 ], select( 14 clients):
3 | 20 | 22 | 24 | 28 | 30 | 33 | 35 | 63 | 66 | 71 | 80 | 81 | 96 |
-----------------------------------------------------------------Schedule complete
Client 28 trained
Client 28 uploaded
Client 80 trained
Client 80 uploaded
Client 30 trained
Client 30 uploaded
Client 66 trained
Client 66 uploaded
Client 63 trained
Client 63 uploaded
Client 24 trained
Client 24 uploaded
Client 96 trained
Client 96 uploaded
Client 22 trained
Client 22 uploaded
Client 3 trained
Client 3 uploaded
Client 81 trained
Client 81 uploaded
Client 71 trained
Client 71 uploaded
Client 33 trained
Client 33 uploaded
Client 20 trained
Client 20 uploaded
Client 35 trained
Client 35 uploaded
Epoch(t): 181 accuracy: 62.62 loss 1.1116021424531937 run_time: 6364.524680614471
FedDocs Algo: Group 2 is selected
| current_epoch 182 |. Begin client select
SchedulerThread schedule Group [ 2 ], select( 15 clients):
4 | 12 | 14 | 16 | 21 | 42 | 43 | 49 | 53 | 60 | 68 | 86 | 90 | 95 | 99 |
-----------------------------------------------------------------Schedule complete
Client 68 trained
Client 68 uploaded
Client 99 trained
Client 99 uploaded
Client 53 trained
Client 53 uploaded
Client 60 trained
Client 60 uploaded
Client 21 trained
Client 21 uploaded
Client 49 trained
Client 49 uploaded
Client 12 trained
Client 12 uploaded
Client 14 trained
Client 14 uploaded
Client 4 trained
Client 4 uploaded
Client 43 trained
Client 43 uploaded
Client 95 trained
Client 95 uploaded
Client 16 trained
Client 16 uploaded
Client 90 trained
Client 90 uploaded
Client 42 trained
Client 42 uploaded
Client 86 trained
Client 86 uploaded
Epoch(t): 182 accuracy: 67.17 loss 0.9650189799070358 run_time: 6396.369082689285
FedDocs Algo: Group 5 is selected
| current_epoch 183 |. Begin client select
SchedulerThread schedule Group [ 5 ], select( 15 clients):
2 | 5 | 7 | 9 | 13 | 19 | 27 | 29 | 38 | 44 | 52 | 69 | 76 | 83 | 97 |
-----------------------------------------------------------------Schedule complete
Client 52 trained
Client 52 uploaded
Client 97 trained
Client 97 uploaded
Client 76 trained
Client 76 uploaded
Client 38 trained
Client 38 uploaded
Client 7 trained
Client 7 uploaded
Client 13 trained
Client 13 uploaded
Client 2 trained
Client 2 uploaded
Client 69 trained
Client 69 uploaded
Client 5 trained
Client 5 uploaded
Client 9 trained
Client 9 uploaded
Client 44 trained
Client 44 uploaded
Client 29 trained
Client 29 uploaded
Client 27 trained
Client 27 uploaded
Client 83 trained
Client 83 uploaded
Client 19 trained
Client 19 uploaded
Epoch(t): 183 accuracy: 65.67 loss 1.0340983635187149 run_time: 6429.907282114029
FedDocs Algo: Group 2 is selected
| current_epoch 184 |. Begin client select
SchedulerThread schedule Group [ 2 ], select( 15 clients):
4 | 12 | 14 | 16 | 21 | 42 | 43 | 49 | 53 | 60 | 68 | 86 | 90 | 95 | 99 |
-----------------------------------------------------------------Schedule complete
Client 68 trained
Client 68 uploaded
Client 99 trained
Client 99 uploaded
Client 53 trained
Client 53 uploaded
Client 60 trained
Client 60 uploaded
Client 21 trained
Client 21 uploaded
Client 49 trained
Client 49 uploaded
Client 12 trained
Client 12 uploaded
Client 14 trained
Client 14 uploaded
Client 4 trained
Client 4 uploaded
Client 43 trained
Client 43 uploaded
Client 95 trained
Client 95 uploaded
Client 16 trained
Client 16 uploaded
Client 90 trained
Client 90 uploaded
Client 42 trained
Client 42 uploaded
Client 86 trained
Client 86 uploaded
Epoch(t): 184 accuracy: 66.78 loss 0.9737057077884674 run_time: 6461.860759019852
FedDocs Algo: Group 5 is selected
| current_epoch 185 |. Begin client select
SchedulerThread schedule Group [ 5 ], select( 15 clients):
2 | 5 | 7 | 9 | 13 | 19 | 27 | 29 | 38 | 44 | 52 | 69 | 76 | 83 | 97 |
-----------------------------------------------------------------Schedule complete
Client 52 trained
Client 52 uploaded
Client 97 trained
Client 97 uploaded
Client 76 trained
Client 76 uploaded
Client 38 trained
Client 38 uploaded
Client 7 trained
Client 7 uploaded
Client 2 trained
Client 2 uploaded
Client 13 trained
Client 13 uploaded
Client 69 trained
Client 69 uploaded
Client 5 trained
Client 5 uploaded
Client 44 trained
Client 44 uploaded
Client 9 trained
Client 9 uploaded
Client 29 trained
Client 29 uploaded
Client 27 trained
Client 27 uploaded
Client 83 trained
Client 83 uploaded
Client 19 trained
Client 19 uploaded
Epoch(t): 185 accuracy: 65.09 loss 1.0416532784700394 run_time: 6496.119524002075
FedDocs Algo: Group 5 is selected
| current_epoch 186 |. Begin client select
SchedulerThread schedule Group [ 5 ], select( 15 clients):
2 | 5 | 7 | 9 | 13 | 19 | 27 | 29 | 38 | 44 | 52 | 69 | 76 | 83 | 97 |
-----------------------------------------------------------------Schedule complete
Client 52 trained
Client 52 uploaded
Client 97 trained
Client 97 uploaded
Client 76 trained
Client 76 uploaded
Client 38 trained
Client 38 uploaded
Client 7 trained
Client 7 uploaded
Client 13 trained
Client 13 uploaded
Client 2 trained
Client 2 uploaded
Client 69 trained
Client 69 uploaded
Client 5 trained
Client 5 uploaded
Client 44 trained
Client 44 uploaded
Client 9 trained
Client 9 uploaded
Client 27 trained
Client 27 uploaded
Client 29 trained
Client 29 uploaded
Client 83 trained
Client 83 uploaded
Client 19 trained
Client 19 uploaded
Epoch(t): 186 accuracy: 64.4 loss 1.0846311116218568 run_time: 6530.500135421753
FedDocs Algo: Group 6 is selected
| current_epoch 187 |. Begin client select
SchedulerThread schedule Group [ 6 ], select( 14 clients):
0 | 6 | 15 | 25 | 31 | 36 | 40 | 54 | 59 | 82 | 85 | 87 | 92 | 94 |
-----------------------------------------------------------------Schedule complete
Client 94 trained
Client 94 uploaded
Client 25 trained
Client 25 uploaded
Client 54 trained
Client 54 uploaded
Client 36 trained
Client 36 uploaded
Client 87 trained
Client 87 uploaded
Client 92 trained
Client 92 uploaded
Client 0 trained
Client 0 uploaded
Client 6 trained
Client 6 uploaded
Client 31 trained
Client 31 uploaded
Client 40 trained
Client 40 uploaded
Client 82 trained
Client 82 uploaded
Client 85 trained
Client 85 uploaded
Client 15 trained
Client 15 uploaded
Client 59 trained
Client 59 uploaded
Epoch(t): 187 accuracy: 65.19 loss 1.0137821692228317 run_time: 6556.873462438583
FedDocs Algo: Group 5 is selected
| current_epoch 188 |. Begin client select
SchedulerThread schedule Group [ 5 ], select( 15 clients):
2 | 5 | 7 | 9 | 13 | 19 | 27 | 29 | 38 | 44 | 52 | 69 | 76 | 83 | 97 |
-----------------------------------------------------------------Schedule complete
Client 97 trained
Client 97 uploaded
Client 52 trained
Client 52 uploaded
Client 76 trained
Client 76 uploaded
Client 7 trained
Client 7 uploaded
Client 38 trained
Client 38 uploaded
Client 13 trained
Client 13 uploaded
Client 2 trained
Client 2 uploaded
Client 5 trained
Client 5 uploaded
Client 69 trained
Client 69 uploaded
Client 44 trained
Client 44 uploaded
Client 9 trained
Client 9 uploaded
Client 29 trained
Client 29 uploaded
Client 27 trained
Client 27 uploaded
Client 83 trained
Client 83 uploaded
Client 19 trained
Client 19 uploaded
Epoch(t): 188 accuracy: 64.87 loss 1.0495512455701828 run_time: 6591.673961400986
FedDocs Algo: Group 4 is selected
| current_epoch 189 |. Begin client select
SchedulerThread schedule Group [ 4 ], select( 14 clients):
3 | 20 | 22 | 24 | 28 | 30 | 33 | 35 | 63 | 66 | 71 | 80 | 81 | 96 |
-----------------------------------------------------------------Schedule complete
Client 28 trained
Client 28 uploaded
Client 80 trained
Client 80 uploaded
Client 66 trained
Client 66 uploaded
Client 30 trained
Client 30 uploaded
Client 63 trained
Client 63 uploaded
Client 24 trained
Client 24 uploaded
Client 96 trained
Client 96 uploaded
Client 22 trained
Client 22 uploaded
Client 3 trained
Client 3 uploaded
Client 81 trained
Client 81 uploaded
Client 71 trained
Client 71 uploaded
Client 33 trained
Client 33 uploaded
Client 20 trained
Client 20 uploaded
Client 35 trained
Client 35 uploaded
Epoch(t): 189 accuracy: 63.66 loss 1.0874024492502212 run_time: 6624.324587106705
FedDocs Algo: Group 5 is selected
| current_epoch 190 |. Begin client select
SchedulerThread schedule Group [ 5 ], select( 15 clients):
2 | 5 | 7 | 9 | 13 | 19 | 27 | 29 | 38 | 44 | 52 | 69 | 76 | 83 | 97 |
-----------------------------------------------------------------Schedule complete
Client 52 trained
Client 52 uploaded
Client 97 trained
Client 97 uploaded
Client 76 trained
Client 76 uploaded
Client 38 trained
Client 38 uploaded
Client 7 trained
Client 7 uploaded
Client 13 trained
Client 13 uploaded
Client 2 trained
Client 2 uploaded
Client 5 trained
Client 5 uploaded
Client 69 trained
Client 69 uploaded
Client 9 trained
Client 9 uploaded
Client 44 trained
Client 44 uploaded
Client 29 trained
Client 29 uploaded
Client 27 trained
Client 27 uploaded
Client 83 trained
Client 83 uploaded
Client 19 trained
Client 19 uploaded
Epoch(t): 190 accuracy: 64.27 loss 1.0584374725818635 run_time: 6657.932502508163
FedDocs Algo: Group 5 is selected
| current_epoch 191 |. Begin client select
SchedulerThread schedule Group [ 5 ], select( 15 clients):
2 | 5 | 7 | 9 | 13 | 19 | 27 | 29 | 38 | 44 | 52 | 69 | 76 | 83 | 97 |
-----------------------------------------------------------------Schedule complete
Client 97 trained
Client 97 uploaded
Client 52 trained
Client 52 uploaded
Client 76 trained
Client 76 uploaded
Client 7 trained
Client 7 uploaded
Client 38 trained
Client 38 uploaded
Client 2 trained
Client 2 uploaded
Client 13 trained
Client 13 uploaded
Client 69 trained
Client 69 uploaded
Client 5 trained
Client 5 uploaded
Client 44 trained
Client 44 uploaded
Client 9 trained
Client 9 uploaded
Client 29 trained
Client 29 uploaded
Client 27 trained
Client 27 uploaded
Client 83 trained
Client 83 uploaded
Client 19 trained
Client 19 uploaded
Epoch(t): 191 accuracy: 64.32 loss 1.0828328263759612 run_time: 6691.903849124908
FedDocs Algo: Group 1 is selected
| current_epoch 192 |. Begin client select
SchedulerThread schedule Group [ 1 ], select( 15 clients):
11 | 18 | 32 | 37 | 41 | 48 | 56 | 57 | 72 | 74 | 75 | 77 | 79 | 91 | 93 |
-----------------------------------------------------------------Schedule complete
Client 75 trained
Client 75 uploaded
Client 93 trained
Client 93 uploaded
Client 37 trained
Client 37 uploaded
Client 57 trained
Client 57 uploaded
Client 74 trained
Client 74 uploaded
Client 41 trained
Client 41 uploaded
Client 56 trained
Client 56 uploaded
Client 48 trained
Client 48 uploaded
Client 11 trained
Client 11 uploaded
Client 18 trained
Client 18 uploaded
Client 77 trained
Client 77 uploaded
Client 91 trained
Client 91 uploaded
Client 32 trained
Client 32 uploaded
Client 79 trained
Client 79 uploaded
Client 72 trained
Client 72 uploaded
Epoch(t): 192 accuracy: 65.98 loss 1.0028407394886016 run_time: 6731.510155200958
FedDocs Algo: Group 1 is selected
| current_epoch 193 |. Begin client select
SchedulerThread schedule Group [ 1 ], select( 15 clients):
11 | 18 | 32 | 37 | 41 | 48 | 56 | 57 | 72 | 74 | 75 | 77 | 79 | 91 | 93 |
-----------------------------------------------------------------Schedule complete
Client 75 trained
Client 75 uploaded
Client 93 trained
Client 93 uploaded
Client 37 trained
Client 37 uploaded
Client 57 trained
Client 57 uploaded
Client 74 trained
Client 74 uploaded
Client 41 trained
Client 41 uploaded
Client 48 trained
Client 48 uploaded
Client 56 trained
Client 56 uploaded
Client 18 trained
Client 18 uploaded
Client 11 trained
Client 11 uploaded
Client 77 trained
Client 77 uploaded
Client 91 trained
Client 91 uploaded
Client 32 trained
Client 32 uploaded
Client 79 trained
Client 79 uploaded
Client 72 trained
Client 72 uploaded
Epoch(t): 193 accuracy: 65.02 loss 1.0235944819450378 run_time: 6765.924150943756
FedDocs Algo: Group 5 is selected
| current_epoch 194 |. Begin client select
SchedulerThread schedule Group [ 5 ], select( 15 clients):
2 | 5 | 7 | 9 | 13 | 19 | 27 | 29 | 38 | 44 | 52 | 69 | 76 | 83 | 97 |
-----------------------------------------------------------------Schedule complete
Client 52 trained
Client 52 uploaded
Client 97 trained
Client 97 uploaded
Client 76 trained
Client 76 uploaded
Client 38 trained
Client 38 uploaded
Client 7 trained
Client 7 uploaded
Client 2 trained
Client 2 uploaded
Client 13 trained
Client 13 uploaded
Client 69 trained
Client 69 uploaded
Client 5 trained
Client 5 uploaded
Client 44 trained
Client 44 uploaded
Client 9 trained
Client 9 uploaded
Client 29 trained
Client 29 uploaded
Client 27 trained
Client 27 uploaded
Client 83 trained
Client 83 uploaded
Client 19 trained
Client 19 uploaded
Epoch(t): 194 accuracy: 64.35 loss 1.0757763993740082 run_time: 6797.657487869263
FedDocs Algo: Group 5 is selected
| current_epoch 195 |. Begin client select
SchedulerThread schedule Group [ 5 ], select( 15 clients):
2 | 5 | 7 | 9 | 13 | 19 | 27 | 29 | 38 | 44 | 52 | 69 | 76 | 83 | 97 |
-----------------------------------------------------------------Schedule complete
Client 97 trained
Client 97 uploaded
Client 52 trained
Client 52 uploaded
Client 76 trained
Client 76 uploaded
Client 7 trained
Client 7 uploaded
Client 38 trained
Client 38 uploaded
Client 13 trained
Client 13 uploaded
Client 2 trained
Client 2 uploaded
Client 69 trained
Client 69 uploaded
Client 5 trained
Client 5 uploaded
Client 9 trained
Client 9 uploaded
Client 44 trained
Client 44 uploaded
Client 29 trained
Client 29 uploaded
Client 27 trained
Client 27 uploaded
Client 83 trained
Client 83 uploaded
Client 19 trained
Client 19 uploaded
Epoch(t): 195 accuracy: 63.74 loss 1.0865073263645173 run_time: 6832.202325582504
FedDocs Algo: Group 5 is selected
| current_epoch 196 |. Begin client select
SchedulerThread schedule Group [ 5 ], select( 15 clients):
2 | 5 | 7 | 9 | 13 | 19 | 27 | 29 | 38 | 44 | 52 | 69 | 76 | 83 | 97 |
-----------------------------------------------------------------Schedule complete
Client 52 trained
Client 52 uploaded
Client 97 trained
Client 97 uploaded
Client 76 trained
Client 76 uploaded
Client 38 trained
Client 38 uploaded
Client 7 trained
Client 7 uploaded
Client 13 trained
Client 13 uploaded
Client 2 trained
Client 2 uploaded
Client 69 trained
Client 69 uploaded
Client 5 trained
Client 5 uploaded
Client 9 trained
Client 9 uploaded
Client 44 trained
Client 44 uploaded
Client 29 trained
Client 29 uploaded
Client 27 trained
Client 27 uploaded
Client 83 trained
Client 83 uploaded
Client 19 trained
Client 19 uploaded
Epoch(t): 196 accuracy: 64.26 loss 1.0984362858533858 run_time: 6866.881947517395
FedDocs Algo: Group 1 is selected
| current_epoch 197 |. Begin client select
SchedulerThread schedule Group [ 1 ], select( 15 clients):
11 | 18 | 32 | 37 | 41 | 48 | 56 | 57 | 72 | 74 | 75 | 77 | 79 | 91 | 93 |
-----------------------------------------------------------------Schedule complete
Client 75 trained
Client 75 uploaded
Client 93 trained
Client 93 uploaded
Client 37 trained
Client 37 uploaded
Client 57 trained
Client 57 uploaded
Client 74 trained
Client 74 uploaded
Client 56 trained
Client 56 uploaded
Client 48 trained
Client 48 uploaded
Client 41 trained
Client 41 uploaded
Client 18 trained
Client 18 uploaded
Client 77 trained
Client 77 uploaded
Client 11 trained
Client 11 uploaded
Client 91 trained
Client 91 uploaded
Client 32 trained
Client 32 uploaded
Client 79 trained
Client 79 uploaded
Client 72 trained
Client 72 uploaded
Epoch(t): 197 accuracy: 64.6 loss 1.0472527754306793 run_time: 6906.2035048007965
FedDocs Algo: Group 4 is selected
| current_epoch 198 |. Begin client select
SchedulerThread schedule Group [ 4 ], select( 14 clients):
3 | 20 | 22 | 24 | 28 | 30 | 33 | 35 | 63 | 66 | 71 | 80 | 81 | 96 |
-----------------------------------------------------------------Schedule complete
Client 28 trained
Client 28 uploaded
Client 80 trained
Client 80 uploaded
Client 66 trained
Client 66 uploaded
Client 30 trained
Client 30 uploaded
Client 63 trained
Client 63 uploaded
Client 24 trained
Client 24 uploaded
Client 22 trained
Client 22 uploaded
Client 96 trained
Client 96 uploaded
Client 3 trained
Client 3 uploaded
Client 81 trained
Client 81 uploaded
Client 71 trained
Client 71 uploaded
Client 33 trained
Client 33 uploaded
Client 20 trained
Client 20 uploaded
Client 35 trained
Client 35 uploaded
Epoch(t): 198 accuracy: 62.71 loss 1.1076334118843079 run_time: 6939.986860990524
FedDocs Algo: Group 5 is selected
| current_epoch 199 |. Begin client select
SchedulerThread schedule Group [ 5 ], select( 15 clients):
2 | 5 | 7 | 9 | 13 | 19 | 27 | 29 | 38 | 44 | 52 | 69 | 76 | 83 | 97 |
-----------------------------------------------------------------Schedule complete
Client 52 trained
Client 52 uploaded
Client 97 trained
Client 97 uploaded
Client 76 trained
Client 76 uploaded
Client 38 trained
Client 38 uploaded
Client 7 trained
Client 7 uploaded
Client 13 trained
Client 13 uploaded
Client 2 trained
Client 2 uploaded
Client 69 trained
Client 69 uploaded
Client 5 trained
Client 5 uploaded
Client 9 trained
Client 9 uploaded
Client 44 trained
Client 44 uploaded
Client 29 trained
Client 29 uploaded
Client 27 trained
Client 27 uploaded
Client 83 trained
Client 83 uploaded
Client 19 trained
Client 19 uploaded
Epoch(t): 199 accuracy: 64.39 loss 1.0681637078523636 run_time: 6973.661123752594
FedDocs Algo: Group 5 is selected
| current_epoch 200 |. Begin client select
SchedulerThread schedule Group [ 5 ], select( 15 clients):
2 | 5 | 7 | 9 | 13 | 19 | 27 | 29 | 38 | 44 | 52 | 69 | 76 | 83 | 97 |
-----------------------------------------------------------------Schedule complete
Client 97 trained
Client 97 uploaded
Client 52 trained
Client 52 uploaded
Client 76 trained
Client 76 uploaded
Client 38 trained
Client 38 uploaded
Client 7 trained
Client 7 uploaded
Client 2 trained
Client 2 uploaded
Client 13 trained
Client 13 uploaded
Client 69 trained
Client 69 uploaded
Client 5 trained
Client 5 uploaded
Client 9 trained
Client 9 uploaded
Client 44 trained
Client 44 uploaded
Client 29 trained
Client 29 uploaded
Client 27 trained
Client 27 uploaded
Client 83 trained
Client 83 uploaded
Client 19 trained
Client 19 uploaded
Epoch(t): 200 accuracy: 63.18 loss 1.1263197660446167 run_time: 7008.454658746719
FedDocs Algo: Group 5 is selected
| current_epoch 201 |. Begin client select
SchedulerThread schedule Group [ 5 ], select( 15 clients):
2 | 5 | 7 | 9 | 13 | 19 | 27 | 29 | 38 | 44 | 52 | 69 | 76 | 83 | 97 |
-----------------------------------------------------------------Schedule complete
Client 97 trained
Client 97 uploaded
Client 52 trained
Client 52 uploaded
Client 76 trained
Client 76 uploaded
Client 38 trained
Client 38 uploaded
Client 7 trained
Client 7 uploaded
Client 13 trained
Client 13 uploaded
Client 2 trained
Client 2 uploaded
Client 5 trained
Client 5 uploaded
Client 69 trained
Client 69 uploaded
Client 9 trained
Client 9 uploaded
Client 44 trained
Client 44 uploaded
Client 29 trained
Client 29 uploaded
Client 27 trained
Client 27 uploaded
Client 83 trained
Client 83 uploaded
Client 19 trained
Client 19 uploaded
Epoch(t): 201 accuracy: 63.33 loss 1.125606762766838 run_time: 7043.072136878967
FedDocs Algo: Group 5 is selected
| current_epoch 202 |. Begin client select
SchedulerThread schedule Group [ 5 ], select( 15 clients):
2 | 5 | 7 | 9 | 13 | 19 | 27 | 29 | 38 | 44 | 52 | 69 | 76 | 83 | 97 |
-----------------------------------------------------------------Schedule complete
Client 52 trained
Client 52 uploaded
Client 97 trained
Client 97 uploaded
Client 76 trained
Client 76 uploaded
Client 7 trained
Client 7 uploaded
Client 38 trained
Client 38 uploaded
Client 13 trained
Client 13 uploaded
Client 2 trained
Client 2 uploaded
Client 69 trained
Client 69 uploaded
Client 5 trained
Client 5 uploaded
Client 9 trained
Client 9 uploaded
Client 44 trained
Client 44 uploaded
Client 29 trained
Client 29 uploaded
Client 27 trained
Client 27 uploaded
Client 83 trained
Client 83 uploaded
Client 19 trained
Client 19 uploaded
Epoch(t): 202 accuracy: 63.52 loss 1.1404654157161713 run_time: 7076.942016124725
FedDocs Algo: Group 6 is selected
| current_epoch 203 |. Begin client select
SchedulerThread schedule Group [ 6 ], select( 14 clients):
0 | 6 | 15 | 25 | 31 | 36 | 40 | 54 | 59 | 82 | 85 | 87 | 92 | 94 |
-----------------------------------------------------------------Schedule complete
Client 94 trained
Client 94 uploaded
Client 54 trained
Client 54 uploaded
Client 25 trained
Client 25 uploaded
Client 87 trained
Client 87 uploaded
Client 36 trained
Client 36 uploaded
Client 0 trained
Client 0 uploaded
Client 92 trained
Client 92 uploaded
Client 6 trained
Client 6 uploaded
Client 31 trained
Client 31 uploaded
Client 40 trained
Client 40 uploaded
Client 82 trained
Client 82 uploaded
Client 85 trained
Client 85 uploaded
Client 59 trained
Client 59 uploaded
Client 15 trained
Client 15 uploaded
Epoch(t): 203 accuracy: 64.46 loss 1.053169580101967 run_time: 7102.974685668945
FedDocs Algo: Group 5 is selected
| current_epoch 204 |. Begin client select
SchedulerThread schedule Group [ 5 ], select( 15 clients):
2 | 5 | 7 | 9 | 13 | 19 | 27 | 29 | 38 | 44 | 52 | 69 | 76 | 83 | 97 |
-----------------------------------------------------------------Schedule complete
Client 97 trained
Client 97 uploaded
Client 52 trained
Client 52 uploaded
Client 76 trained
Client 76 uploaded
Client 38 trained
Client 38 uploaded
Client 7 trained
Client 7 uploaded
Client 2 trained
Client 2 uploaded
Client 13 trained
Client 13 uploaded
Client 69 trained
Client 69 uploaded
Client 5 trained
Client 5 uploaded
Client 9 trained
Client 9 uploaded
Client 44 trained
Client 44 uploaded
Client 29 trained
Client 29 uploaded
Client 27 trained
Client 27 uploaded
Client 83 trained
Client 83 uploaded
Client 19 trained
Client 19 uploaded
Epoch(t): 204 accuracy: 65.11 loss 1.05366386950016 run_time: 7137.6706738471985
FedDocs Algo: Group 1 is selected
| current_epoch 205 |. Begin client select
SchedulerThread schedule Group [ 1 ], select( 15 clients):
11 | 18 | 32 | 37 | 41 | 48 | 56 | 57 | 72 | 74 | 75 | 77 | 79 | 91 | 93 |
-----------------------------------------------------------------Schedule complete
Client 75 trained
Client 75 uploaded
Client 93 trained
Client 93 uploaded
Client 37 trained
Client 37 uploaded
Client 57 trained
Client 57 uploaded
Client 74 trained
Client 74 uploaded
Client 48 trained
Client 48 uploaded
Client 56 trained
Client 56 uploaded
Client 41 trained
Client 41 uploaded
Client 11 trained
Client 11 uploaded
Client 18 trained
Client 18 uploaded
Client 77 trained
Client 77 uploaded
Client 91 trained
Client 91 uploaded
Client 32 trained
Client 32 uploaded
Client 79 trained
Client 79 uploaded
Client 72 trained
Client 72 uploaded
Epoch(t): 205 accuracy: 65.47 loss 1.0235269993543625 run_time: 7176.577720880508
FedDocs Algo: Group 0 is selected
| current_epoch 206 |. Begin client select
SchedulerThread schedule Group [ 0 ], select( 12 clients):
10 | 23 | 45 | 46 | 50 | 51 | 55 | 58 | 61 | 64 | 78 | 88 |
-----------------------------------------------------------------Schedule complete
Client 10 trained
Client 10 uploaded
Client 46 trained
Client 46 uploaded
Client 58 trained
Client 58 uploaded
Client 61 trained
Client 61 uploaded
Client 51 trained
Client 51 uploaded
Client 64 trained
Client 64 uploaded
Client 55 trained
Client 55 uploaded
Client 45 trained
Client 45 uploaded
Client 88 trained
Client 88 uploaded
Client 23 trained
Client 23 uploaded
Client 78 trained
Client 78 uploaded
Client 50 trained
Client 50 uploaded
Epoch(t): 206 accuracy: 65.8 loss 1.0108128464221955 run_time: 7201.703919172287
FedDocs Algo: Group 5 is selected
| current_epoch 207 |. Begin client select
SchedulerThread schedule Group [ 5 ], select( 15 clients):
2 | 5 | 7 | 9 | 13 | 19 | 27 | 29 | 38 | 44 | 52 | 69 | 76 | 83 | 97 |
-----------------------------------------------------------------Schedule complete
Client 97 trained
Client 97 uploaded
Client 52 trained
Client 52 uploaded
Client 76 trained
Client 76 uploaded
Client 7 trained
Client 7 uploaded
Client 38 trained
Client 38 uploaded
Client 13 trained
Client 13 uploaded
Client 2 trained
Client 2 uploaded
Client 69 trained
Client 69 uploaded
Client 5 trained
Client 5 uploaded
Client 9 trained
Client 9 uploaded
Client 44 trained
Client 44 uploaded
Client 29 trained
Client 29 uploaded
Client 27 trained
Client 27 uploaded
Client 83 trained
Client 83 uploaded
Client 19 trained
Client 19 uploaded
Epoch(t): 207 accuracy: 65.23 loss 1.0498072510957719 run_time: 7235.705253601074
FedDocs Algo: Group 2 is selected
| current_epoch 208 |. Begin client select
SchedulerThread schedule Group [ 2 ], select( 15 clients):
4 | 12 | 14 | 16 | 21 | 42 | 43 | 49 | 53 | 60 | 68 | 86 | 90 | 95 | 99 |
-----------------------------------------------------------------Schedule complete
Client 68 trained
Client 68 uploaded
Client 99 trained
Client 99 uploaded
Client 53 trained
Client 53 uploaded
Client 60 trained
Client 60 uploaded
Client 21 trained
Client 21 uploaded
Client 49 trained
Client 49 uploaded
Client 12 trained
Client 12 uploaded
Client 14 trained
Client 14 uploaded
Client 4 trained
Client 4 uploaded
Client 43 trained
Client 43 uploaded
Client 16 trained
Client 16 uploaded
Client 95 trained
Client 95 uploaded
Client 90 trained
Client 90 uploaded
Client 42 trained
Client 42 uploaded
Client 86 trained
Client 86 uploaded
Epoch(t): 208 accuracy: 66.96 loss 0.957704313993454 run_time: 7267.279273986816
FedDocs Algo: Group 5 is selected
| current_epoch 209 |. Begin client select
SchedulerThread schedule Group [ 5 ], select( 15 clients):
2 | 5 | 7 | 9 | 13 | 19 | 27 | 29 | 38 | 44 | 52 | 69 | 76 | 83 | 97 |
-----------------------------------------------------------------Schedule complete
Client 97 trained
Client 97 uploaded
Client 52 trained
Client 52 uploaded
Client 76 trained
Client 76 uploaded
Client 38 trained
Client 38 uploaded
Client 7 trained
Client 7 uploaded
Client 13 trained
Client 13 uploaded
Client 2 trained
Client 2 uploaded
Client 69 trained
Client 69 uploaded
Client 5 trained
Client 5 uploaded
Client 9 trained
Client 9 uploaded
Client 44 trained
Client 44 uploaded
Client 29 trained
Client 29 uploaded
Client 27 trained
Client 27 uploaded
Client 83 trained
Client 83 uploaded
Client 19 trained
Client 19 uploaded
Epoch(t): 209 accuracy: 65.65 loss 1.028349974155426 run_time: 7301.793083429337
FedDocs Algo: Group 5 is selected
| current_epoch 210 |. Begin client select
SchedulerThread schedule Group [ 5 ], select( 15 clients):
2 | 5 | 7 | 9 | 13 | 19 | 27 | 29 | 38 | 44 | 52 | 69 | 76 | 83 | 97 |
-----------------------------------------------------------------Schedule complete
Client 52 trained
Client 52 uploaded
Client 97 trained
Client 97 uploaded
Client 76 trained
Client 76 uploaded
Client 38 trained
Client 38 uploaded
Client 7 trained
Client 7 uploaded
Client 2 trained
Client 2 uploaded
Client 13 trained
Client 13 uploaded
Client 69 trained
Client 69 uploaded
Client 5 trained
Client 5 uploaded
Client 44 trained
Client 44 uploaded
Client 9 trained
Client 9 uploaded
Client 29 trained
Client 29 uploaded
Client 27 trained
Client 27 uploaded
Client 83 trained
Client 83 uploaded
Client 19 trained
Client 19 uploaded
Epoch(t): 210 accuracy: 64.33 loss 1.0868896967172623 run_time: 7336.41466999054
FedDocs Algo: Group 5 is selected
| current_epoch 211 |. Begin client select
SchedulerThread schedule Group [ 5 ], select( 15 clients):
2 | 5 | 7 | 9 | 13 | 19 | 27 | 29 | 38 | 44 | 52 | 69 | 76 | 83 | 97 |
-----------------------------------------------------------------Schedule complete
Client 52 trained
Client 52 uploaded
Client 97 trained
Client 97 uploaded
Client 76 trained
Client 76 uploaded
Client 38 trained
Client 38 uploaded
Client 7 trained
Client 7 uploaded
Client 2 trained
Client 2 uploaded
Client 13 trained
Client 13 uploaded
Client 69 trained
Client 69 uploaded
Client 5 trained
Client 5 uploaded
Client 9 trained
Client 9 uploaded
Client 44 trained
Client 44 uploaded
Client 29 trained
Client 29 uploaded
Client 27 trained
Client 27 uploaded
Client 83 trained
Client 83 uploaded
Client 19 trained
Client 19 uploaded
Epoch(t): 211 accuracy: 64.34 loss 1.0941136234998703 run_time: 7371.071702241898
FedDocs Algo: Group 5 is selected
| current_epoch 212 |. Begin client select
SchedulerThread schedule Group [ 5 ], select( 15 clients):
2 | 5 | 7 | 9 | 13 | 19 | 27 | 29 | 38 | 44 | 52 | 69 | 76 | 83 | 97 |
-----------------------------------------------------------------Schedule complete
Client 52 trained
Client 52 uploaded
Client 97 trained
Client 97 uploaded
Client 76 trained
Client 76 uploaded
Client 38 trained
Client 38 uploaded
Client 7 trained
Client 7 uploaded
Client 2 trained
Client 2 uploaded
Client 13 trained
Client 13 uploaded
Client 69 trained
Client 69 uploaded
Client 5 trained
Client 5 uploaded
Client 9 trained
Client 9 uploaded
Client 44 trained
Client 44 uploaded
Client 29 trained
Client 29 uploaded
Client 27 trained
Client 27 uploaded
Client 83 trained
Client 83 uploaded
Client 19 trained
Client 19 uploaded
Epoch(t): 212 accuracy: 63.68 loss 1.1204290598630906 run_time: 7404.775087118149
FedDocs Algo: Group 2 is selected
| current_epoch 213 |. Begin client select
SchedulerThread schedule Group [ 2 ], select( 15 clients):
4 | 12 | 14 | 16 | 21 | 42 | 43 | 49 | 53 | 60 | 68 | 86 | 90 | 95 | 99 |
-----------------------------------------------------------------Schedule complete
Client 68 trained
Client 68 uploaded
Client 99 trained
Client 99 uploaded
Client 53 trained
Client 53 uploaded
Client 60 trained
Client 60 uploaded
Client 21 trained
Client 21 uploaded
Client 49 trained
Client 49 uploaded
Client 12 trained
Client 12 uploaded
Client 14 trained
Client 14 uploaded
Client 4 trained
Client 4 uploaded
Client 43 trained
Client 43 uploaded
Client 95 trained
Client 95 uploaded
Client 16 trained
Client 16 uploaded
Client 90 trained
Client 90 uploaded
Client 42 trained
Client 42 uploaded
Client 86 trained
Client 86 uploaded
Epoch(t): 213 accuracy: 66.56 loss 0.9917871183156968 run_time: 7436.900177717209
FedDocs Algo: Group 5 is selected
| current_epoch 214 |. Begin client select
SchedulerThread schedule Group [ 5 ], select( 15 clients):
2 | 5 | 7 | 9 | 13 | 19 | 27 | 29 | 38 | 44 | 52 | 69 | 76 | 83 | 97 |
-----------------------------------------------------------------Schedule complete
Client 52 trained
Client 52 uploaded
Client 97 trained
Client 97 uploaded
Client 76 trained
Client 76 uploaded
Client 38 trained
Client 38 uploaded
Client 7 trained
Client 7 uploaded
Client 13 trained
Client 13 uploaded
Client 2 trained
Client 2 uploaded
Client 69 trained
Client 69 uploaded
Client 5 trained
Client 5 uploaded
Client 44 trained
Client 44 uploaded
Client 9 trained
Client 9 uploaded
Client 29 trained
Client 29 uploaded
Client 27 trained
Client 27 uploaded
Client 83 trained
Client 83 uploaded
Client 19 trained
Client 19 uploaded
Epoch(t): 214 accuracy: 65.26 loss 1.0559464502334595 run_time: 7471.826764345169
FedDocs Algo: Group 5 is selected
| current_epoch 215 |. Begin client select
SchedulerThread schedule Group [ 5 ], select( 15 clients):
2 | 5 | 7 | 9 | 13 | 19 | 27 | 29 | 38 | 44 | 52 | 69 | 76 | 83 | 97 |
-----------------------------------------------------------------Schedule complete
Client 97 trained
Client 97 uploaded
Client 52 trained
Client 52 uploaded
Client 76 trained
Client 76 uploaded
Client 38 trained
Client 38 uploaded
Client 7 trained
Client 7 uploaded
Client 2 trained
Client 2 uploaded
Client 13 trained
Client 13 uploaded
Client 69 trained
Client 69 uploaded
Client 5 trained
Client 5 uploaded
Client 44 trained
Client 44 uploaded
Client 9 trained
Client 9 uploaded
Client 29 trained
Client 29 uploaded
Client 27 trained
Client 27 uploaded
Client 83 trained
Client 83 uploaded
Client 19 trained
Client 19 uploaded
Epoch(t): 215 accuracy: 64.13 loss 1.1014463710784912 run_time: 7505.230462551117
FedDocs Algo: Group 3 is selected
| current_epoch 216 |. Begin client select
SchedulerThread schedule Group [ 3 ], select( 15 clients):
1 | 8 | 17 | 26 | 34 | 39 | 47 | 62 | 65 | 67 | 70 | 73 | 84 | 89 | 98 |
-----------------------------------------------------------------Schedule complete
Client 1 trained
Client 1 uploaded
Client 8 trained
Client 8 uploaded
Client 67 trained
Client 67 uploaded
Client 98 trained
Client 98 uploaded
Client 62 trained
Client 62 uploaded
Client 73 trained
Client 73 uploaded
Client 84 trained
Client 84 uploaded
Client 89 trained
Client 89 uploaded
Client 47 trained
Client 47 uploaded
Client 39 trained
Client 39 uploaded
Client 17 trained
Client 17 uploaded
Client 26 trained
Client 26 uploaded
Client 34 trained
Client 34 uploaded
Client 65 trained
Client 65 uploaded
Client 70 trained
Client 70 uploaded
Epoch(t): 216 accuracy: 66.28 loss 1.0032840651273727 run_time: 7541.353721141815
FedDocs Algo: Group 5 is selected
| current_epoch 217 |. Begin client select
SchedulerThread schedule Group [ 5 ], select( 15 clients):
2 | 5 | 7 | 9 | 13 | 19 | 27 | 29 | 38 | 44 | 52 | 69 | 76 | 83 | 97 |
-----------------------------------------------------------------Schedule complete
Client 97 trained
Client 97 uploaded
Client 52 trained
Client 52 uploaded
Client 76 trained
Client 76 uploaded
Client 38 trained
Client 38 uploaded
Client 7 trained
Client 7 uploaded
Client 2 trained
Client 2 uploaded
Client 13 trained
Client 13 uploaded
Client 69 trained
Client 69 uploaded
Client 5 trained
Client 5 uploaded
Client 44 trained
Client 44 uploaded
Client 9 trained
Client 9 uploaded
Client 29 trained
Client 29 uploaded
Client 27 trained
Client 27 uploaded
Client 83 trained
Client 83 uploaded
Client 19 trained
Client 19 uploaded
Epoch(t): 217 accuracy: 65.52 loss 1.0458334320783615 run_time: 7577.540587425232
FedDocs Algo: Group 2 is selected
| current_epoch 218 |. Begin client select
SchedulerThread schedule Group [ 2 ], select( 15 clients):
4 | 12 | 14 | 16 | 21 | 42 | 43 | 49 | 53 | 60 | 68 | 86 | 90 | 95 | 99 |
-----------------------------------------------------------------Schedule complete
Client 68 trained
Client 68 uploaded
Client 99 trained
Client 99 uploaded
Client 53 trained
Client 53 uploaded
Client 60 trained
Client 60 uploaded
Client 21 trained
Client 21 uploaded
Client 49 trained
Client 49 uploaded
Client 12 trained
Client 12 uploaded
Client 14 trained
Client 14 uploaded
Client 4 trained
Client 4 uploaded
Client 43 trained
Client 43 uploaded
Client 95 trained
Client 95 uploaded
Client 90 trained
Client 90 uploaded
Client 16 trained
Client 16 uploaded
Client 42 trained
Client 42 uploaded
Client 86 trained
Client 86 uploaded
Epoch(t): 218 accuracy: 67.5 loss 0.9671724009513855 run_time: 7611.503427743912
FedDocs Algo: Group 5 is selected
| current_epoch 219 |. Begin client select
SchedulerThread schedule Group [ 5 ], select( 15 clients):
2 | 5 | 7 | 9 | 13 | 19 | 27 | 29 | 38 | 44 | 52 | 69 | 76 | 83 | 97 |
-----------------------------------------------------------------Schedule complete
Client 52 trained
Client 52 uploaded
Client 97 trained
Client 97 uploaded
Client 76 trained
Client 76 uploaded
Client 38 trained
Client 38 uploaded
Client 7 trained
Client 7 uploaded
Client 13 trained
Client 13 uploaded
Client 2 trained
Client 2 uploaded
Client 69 trained
Client 69 uploaded
Client 5 trained
Client 5 uploaded
Client 44 trained
Client 44 uploaded
Client 9 trained
Client 9 uploaded
Client 29 trained
Client 29 uploaded
Client 27 trained
Client 27 uploaded
Client 83 trained
Client 83 uploaded
Client 19 trained
Client 19 uploaded
Epoch(t): 219 accuracy: 66.1 loss 1.0316773927211762 run_time: 7649.3440136909485
FedDocs Algo: Group 5 is selected
| current_epoch 220 |. Begin client select
SchedulerThread schedule Group [ 5 ], select( 15 clients):
2 | 5 | 7 | 9 | 13 | 19 | 27 | 29 | 38 | 44 | 52 | 69 | 76 | 83 | 97 |
-----------------------------------------------------------------Schedule complete
Client 97 trained
Client 97 uploaded
Client 52 trained
Client 52 uploaded
Client 76 trained
Client 76 uploaded
Client 38 trained
Client 38 uploaded
Client 7 trained
Client 7 uploaded
Client 13 trained
Client 13 uploaded
Client 2 trained
Client 2 uploaded
Client 5 trained
Client 5 uploaded
Client 69 trained
Client 69 uploaded
Client 9 trained
Client 9 uploaded
Client 44 trained
Client 44 uploaded
Client 29 trained
Client 29 uploaded
Client 27 trained
Client 27 uploaded
Client 83 trained
Client 83 uploaded
Client 19 trained
Client 19 uploaded
Epoch(t): 220 accuracy: 65.51 loss 1.0761986321210861 run_time: 7685.635624408722
FedDocs Algo: Group 5 is selected
| current_epoch 221 |. Begin client select
SchedulerThread schedule Group [ 5 ], select( 15 clients):
2 | 5 | 7 | 9 | 13 | 19 | 27 | 29 | 38 | 44 | 52 | 69 | 76 | 83 | 97 |
-----------------------------------------------------------------Schedule complete
Client 52 trained
Client 52 uploaded
Client 97 trained
Client 97 uploaded
Client 76 trained
Client 76 uploaded
Client 7 trained
Client 7 uploaded
Client 38 trained
Client 38 uploaded
Client 13 trained
Client 13 uploaded
Client 2 trained
Client 2 uploaded
Client 5 trained
Client 5 uploaded
Client 69 trained
Client 69 uploaded
Client 44 trained
Client 44 uploaded
Client 9 trained
Client 9 uploaded
Client 29 trained
Client 29 uploaded
Client 27 trained
Client 27 uploaded
Client 83 trained
Client 83 uploaded
Client 19 trained
Client 19 uploaded
Epoch(t): 221 accuracy: 64.56 loss 1.104456708431244 run_time: 7721.917829036713
FedDocs Algo: Group 5 is selected
| current_epoch 222 |. Begin client select
SchedulerThread schedule Group [ 5 ], select( 15 clients):
2 | 5 | 7 | 9 | 13 | 19 | 27 | 29 | 38 | 44 | 52 | 69 | 76 | 83 | 97 |
-----------------------------------------------------------------Schedule complete
Client 97 trained
Client 97 uploaded
Client 52 trained
Client 52 uploaded
Client 76 trained
Client 76 uploaded
Client 38 trained
Client 38 uploaded
Client 7 trained
Client 7 uploaded
Client 2 trained
Client 2 uploaded
Client 13 trained
Client 13 uploaded
Client 69 trained
Client 69 uploaded
Client 5 trained
Client 5 uploaded
Client 44 trained
Client 44 uploaded
Client 9 trained
Client 9 uploaded
Client 29 trained
Client 29 uploaded
Client 27 trained
Client 27 uploaded
Client 83 trained
Client 83 uploaded
Client 19 trained
Client 19 uploaded
Epoch(t): 222 accuracy: 64.02 loss 1.1167754572629929 run_time: 7758.172611951828
FedDocs Algo: Group 0 is selected
| current_epoch 223 |. Begin client select
SchedulerThread schedule Group [ 0 ], select( 12 clients):
10 | 23 | 45 | 46 | 50 | 51 | 55 | 58 | 61 | 64 | 78 | 88 |
-----------------------------------------------------------------Schedule complete
Client 10 trained
Client 10 uploaded
Client 46 trained
Client 46 uploaded
Client 58 trained
Client 58 uploaded
Client 61 trained
Client 61 uploaded
Client 51 trained
Client 51 uploaded
Client 55 trained
Client 55 uploaded
Client 64 trained
Client 64 uploaded
Client 45 trained
Client 45 uploaded
Client 88 trained
Client 88 uploaded
Client 23 trained
Client 23 uploaded
Client 78 trained
Client 78 uploaded
Client 50 trained
Client 50 uploaded
Epoch(t): 223 accuracy: 65.38 loss 1.035641542673111 run_time: 7784.913293838501
FedDocs Algo: Group 5 is selected
| current_epoch 224 |. Begin client select
SchedulerThread schedule Group [ 5 ], select( 15 clients):
2 | 5 | 7 | 9 | 13 | 19 | 27 | 29 | 38 | 44 | 52 | 69 | 76 | 83 | 97 |
-----------------------------------------------------------------Schedule complete
Client 97 trained
Client 97 uploaded
Client 52 trained
Client 52 uploaded
Client 76 trained
Client 76 uploaded
Client 38 trained
Client 38 uploaded
Client 7 trained
Client 7 uploaded
Client 13 trained
Client 13 uploaded
Client 2 trained
Client 2 uploaded
Client 69 trained
Client 69 uploaded
Client 5 trained
Client 5 uploaded
Client 44 trained
Client 44 uploaded
Client 9 trained
Client 9 uploaded
Client 29 trained
Client 29 uploaded
Client 27 trained
Client 27 uploaded
Client 83 trained
Client 83 uploaded
Client 19 trained
Client 19 uploaded
Epoch(t): 224 accuracy: 65.37 loss 1.0574590426683426 run_time: 7822.221298694611
FedDocs Algo: Group 5 is selected
| current_epoch 225 |. Begin client select
SchedulerThread schedule Group [ 5 ], select( 15 clients):
2 | 5 | 7 | 9 | 13 | 19 | 27 | 29 | 38 | 44 | 52 | 69 | 76 | 83 | 97 |
-----------------------------------------------------------------Schedule complete
Client 52 trained
Client 52 uploaded
Client 97 trained
Client 97 uploaded
Client 76 trained
Client 76 uploaded
Client 38 trained
Client 38 uploaded
Client 7 trained
Client 7 uploaded
Client 13 trained
Client 13 uploaded
Client 2 trained
Client 2 uploaded
Client 69 trained
Client 69 uploaded
Client 5 trained
Client 5 uploaded
Client 9 trained
Client 9 uploaded
Client 44 trained
Client 44 uploaded
Client 29 trained
Client 29 uploaded
Client 27 trained
Client 27 uploaded
Client 83 trained
Client 83 uploaded
Client 19 trained
Client 19 uploaded
Epoch(t): 225 accuracy: 63.81 loss 1.1145222449302674 run_time: 7859.735342741013
FedDocs Algo: Group 6 is selected
| current_epoch 226 |. Begin client select
SchedulerThread schedule Group [ 6 ], select( 14 clients):
0 | 6 | 15 | 25 | 31 | 36 | 40 | 54 | 59 | 82 | 85 | 87 | 92 | 94 |
-----------------------------------------------------------------Schedule complete
Client 94 trained
Client 94 uploaded
Client 87 trained
Client 87 uploaded
Client 25 trained
Client 25 uploaded
Client 54 trained
Client 54 uploaded
Client 36 trained
Client 36 uploaded
Client 0 trained
Client 0 uploaded
Client 92 trained
Client 92 uploaded
Client 6 trained
Client 6 uploaded
Client 31 trained
Client 31 uploaded
Client 40 trained
Client 40 uploaded
Client 82 trained
Client 82 uploaded
Client 85 trained
Client 85 uploaded
Client 15 trained
Client 15 uploaded
Client 59 trained
Client 59 uploaded
Epoch(t): 226 accuracy: 65.61 loss 1.029452080130577 run_time: 7886.54475235939
FedDocs Algo: Group 4 is selected
| current_epoch 227 |. Begin client select
SchedulerThread schedule Group [ 4 ], select( 14 clients):
3 | 20 | 22 | 24 | 28 | 30 | 33 | 35 | 63 | 66 | 71 | 80 | 81 | 96 |
-----------------------------------------------------------------Schedule complete
Client 28 trained
Client 28 uploaded
Client 80 trained
Client 80 uploaded
Client 30 trained
Client 30 uploaded
Client 66 trained
Client 66 uploaded
Client 63 trained
Client 63 uploaded
Client 24 trained
Client 24 uploaded
Client 96 trained
Client 96 uploaded
Client 22 trained
Client 22 uploaded
Client 3 trained
Client 3 uploaded
Client 81 trained
Client 81 uploaded
Client 71 trained
Client 71 uploaded
Client 33 trained
Client 33 uploaded
Client 20 trained
Client 20 uploaded
Client 35 trained
Client 35 uploaded
Epoch(t): 227 accuracy: 64.14 loss 1.0840015834569932 run_time: 7920.678156614304
FedDocs Algo: Group 1 is selected
| current_epoch 228 |. Begin client select
SchedulerThread schedule Group [ 1 ], select( 15 clients):
11 | 18 | 32 | 37 | 41 | 48 | 56 | 57 | 72 | 74 | 75 | 77 | 79 | 91 | 93 |
-----------------------------------------------------------------Schedule complete
Client 75 trained
Client 75 uploaded
Client 93 trained
Client 93 uploaded
Client 37 trained
Client 37 uploaded
Client 57 trained
Client 57 uploaded
Client 74 trained
Client 74 uploaded
Client 48 trained
Client 48 uploaded
Client 56 trained
Client 56 uploaded
Client 41 trained
Client 41 uploaded
Client 18 trained
Client 18 uploaded
Client 11 trained
Client 11 uploaded
Client 77 trained
Client 77 uploaded
Client 91 trained
Client 91 uploaded
Client 32 trained
Client 32 uploaded
Client 79 trained
Client 79 uploaded
Client 72 trained
Client 72 uploaded
Epoch(t): 228 accuracy: 66.79 loss 0.9795398634672164 run_time: 7962.410758733749
FedDocs Algo: Group 2 is selected
| current_epoch 229 |. Begin client select
SchedulerThread schedule Group [ 2 ], select( 15 clients):
4 | 12 | 14 | 16 | 21 | 42 | 43 | 49 | 53 | 60 | 68 | 86 | 90 | 95 | 99 |
-----------------------------------------------------------------Schedule complete
Client 68 trained
Client 68 uploaded
Client 99 trained
Client 99 uploaded
Client 53 trained
Client 53 uploaded
Client 60 trained
Client 60 uploaded
Client 21 trained
Client 21 uploaded
Client 12 trained
Client 12 uploaded
Client 49 trained
Client 49 uploaded
Client 14 trained
Client 14 uploaded
Client 4 trained
Client 4 uploaded
Client 43 trained
Client 43 uploaded
Client 95 trained
Client 95 uploaded
Client 16 trained
Client 16 uploaded
Client 90 trained
Client 90 uploaded
Client 42 trained
Client 42 uploaded
Client 86 trained
Client 86 uploaded
Epoch(t): 229 accuracy: 67.71 loss 0.9514378577470779 run_time: 7996.71742939949
FedDocs Algo: Group 5 is selected
| current_epoch 230 |. Begin client select
SchedulerThread schedule Group [ 5 ], select( 15 clients):
2 | 5 | 7 | 9 | 13 | 19 | 27 | 29 | 38 | 44 | 52 | 69 | 76 | 83 | 97 |
-----------------------------------------------------------------Schedule complete
Client 52 trained
Client 52 uploaded
Client 97 trained
Client 97 uploaded
Client 76 trained
Client 76 uploaded
Client 38 trained
Client 38 uploaded
Client 7 trained
Client 7 uploaded
Client 13 trained
Client 13 uploaded
Client 2 trained
Client 2 uploaded
Client 69 trained
Client 69 uploaded
Client 5 trained
Client 5 uploaded
Client 9 trained
Client 9 uploaded
Client 44 trained
Client 44 uploaded
Client 27 trained
Client 27 uploaded
Client 29 trained
Client 29 uploaded
Client 83 trained
Client 83 uploaded
Client 19 trained
Client 19 uploaded
Epoch(t): 230 accuracy: 65.99 loss 1.0251324421167374 run_time: 8033.68630361557
FedDocs Algo: Group 5 is selected
| current_epoch 231 |. Begin client select
SchedulerThread schedule Group [ 5 ], select( 15 clients):
2 | 5 | 7 | 9 | 13 | 19 | 27 | 29 | 38 | 44 | 52 | 69 | 76 | 83 | 97 |
-----------------------------------------------------------------Schedule complete
Client 97 trained
Client 97 uploaded
Client 52 trained
Client 52 uploaded
Client 76 trained
Client 76 uploaded
Client 38 trained
Client 38 uploaded
Client 7 trained
Client 7 uploaded
Client 13 trained
Client 13 uploaded
Client 2 trained
Client 2 uploaded
Client 69 trained
Client 69 uploaded
Client 5 trained
Client 5 uploaded
Client 44 trained
Client 44 uploaded
Client 9 trained
Client 9 uploaded
Client 29 trained
Client 29 uploaded
Client 27 trained
Client 27 uploaded
Client 83 trained
Client 83 uploaded
Client 19 trained
Client 19 uploaded
Epoch(t): 231 accuracy: 65.34 loss 1.0637128174304962 run_time: 8071.737106800079
FedDocs Algo: Group 5 is selected
| current_epoch 232 |. Begin client select
SchedulerThread schedule Group [ 5 ], select( 15 clients):
2 | 5 | 7 | 9 | 13 | 19 | 27 | 29 | 38 | 44 | 52 | 69 | 76 | 83 | 97 |
-----------------------------------------------------------------Schedule complete
Client 97 trained
Client 97 uploaded
Client 52 trained
Client 52 uploaded
Client 76 trained
Client 76 uploaded
Client 38 trained
Client 38 uploaded
Client 7 trained
Client 7 uploaded
Client 2 trained
Client 2 uploaded
Client 13 trained
Client 13 uploaded
Client 69 trained
Client 69 uploaded
Client 5 trained
Client 5 uploaded
Client 9 trained
Client 9 uploaded
Client 44 trained
Client 44 uploaded
Client 29 trained
Client 29 uploaded
Client 27 trained
Client 27 uploaded
Client 83 trained
Client 83 uploaded
Client 19 trained
Client 19 uploaded
Epoch(t): 232 accuracy: 64.06 loss 1.103935306072235 run_time: 8109.093203306198
FedDocs Algo: Group 5 is selected
| current_epoch 233 |. Begin client select
SchedulerThread schedule Group [ 5 ], select( 15 clients):
2 | 5 | 7 | 9 | 13 | 19 | 27 | 29 | 38 | 44 | 52 | 69 | 76 | 83 | 97 |
-----------------------------------------------------------------Schedule complete
Client 97 trained
Client 97 uploaded
Client 52 trained
Client 52 uploaded
Client 76 trained
Client 76 uploaded
Client 7 trained
Client 7 uploaded
Client 38 trained
Client 38 uploaded
Client 13 trained
Client 13 uploaded
Client 2 trained
Client 2 uploaded
Client 69 trained
Client 69 uploaded
Client 5 trained
Client 5 uploaded
Client 9 trained
Client 9 uploaded
Client 44 trained
Client 44 uploaded
Client 29 trained
Client 29 uploaded
Client 27 trained
Client 27 uploaded
Client 83 trained
Client 83 uploaded
Client 19 trained
Client 19 uploaded
Epoch(t): 233 accuracy: 64.26 loss 1.116156997680664 run_time: 8145.166757106781
FedDocs Algo: Group 1 is selected
| current_epoch 234 |. Begin client select
SchedulerThread schedule Group [ 1 ], select( 15 clients):
11 | 18 | 32 | 37 | 41 | 48 | 56 | 57 | 72 | 74 | 75 | 77 | 79 | 91 | 93 |
-----------------------------------------------------------------Schedule complete
Client 75 trained
Client 75 uploaded
Client 93 trained
Client 93 uploaded
Client 37 trained
Client 37 uploaded
Client 57 trained
Client 57 uploaded
Client 74 trained
Client 74 uploaded
Client 41 trained
Client 41 uploaded
Client 48 trained
Client 48 uploaded
Client 56 trained
Client 56 uploaded
Client 18 trained
Client 18 uploaded
Client 11 trained
Client 11 uploaded
Client 77 trained
Client 77 uploaded
Client 91 trained
Client 91 uploaded
Client 32 trained
Client 32 uploaded
Client 79 trained
Client 79 uploaded
Client 72 trained
Client 72 uploaded
Epoch(t): 234 accuracy: 65.71 loss 1.0206825351715088 run_time: 8187.408097743988
FedDocs Algo: Group 5 is selected
| current_epoch 235 |. Begin client select
SchedulerThread schedule Group [ 5 ], select( 15 clients):
2 | 5 | 7 | 9 | 13 | 19 | 27 | 29 | 38 | 44 | 52 | 69 | 76 | 83 | 97 |
-----------------------------------------------------------------Schedule complete
Client 97 trained
Client 97 uploaded
Client 52 trained
Client 52 uploaded
Client 76 trained
Client 76 uploaded
Client 38 trained
Client 38 uploaded
Client 7 trained
Client 7 uploaded
Client 2 trained
Client 2 uploaded
Client 13 trained
Client 13 uploaded
Client 69 trained
Client 69 uploaded
Client 5 trained
Client 5 uploaded
Client 9 trained
Client 9 uploaded
Client 44 trained
Client 44 uploaded
Client 29 trained
Client 29 uploaded
Client 27 trained
Client 27 uploaded
Client 83 trained
Client 83 uploaded
Client 19 trained
Client 19 uploaded
Epoch(t): 235 accuracy: 64.37 loss 1.0753908157348633 run_time: 8225.149229288101
FedDocs Algo: Group 4 is selected
| current_epoch 236 |. Begin client select
SchedulerThread schedule Group [ 4 ], select( 14 clients):
3 | 20 | 22 | 24 | 28 | 30 | 33 | 35 | 63 | 66 | 71 | 80 | 81 | 96 |
-----------------------------------------------------------------Schedule complete
Client 28 trained
Client 28 uploaded
Client 80 trained
Client 80 uploaded
Client 66 trained
Client 66 uploaded
Client 63 trained
Client 63 uploaded
Client 30 trained
Client 30 uploaded
Client 24 trained
Client 24 uploaded
Client 22 trained
Client 22 uploaded
Client 96 trained
Client 96 uploaded
Client 3 trained
Client 3 uploaded
Client 81 trained
Client 81 uploaded
Client 71 trained
Client 71 uploaded
Client 33 trained
Client 33 uploaded
Client 20 trained
Client 20 uploaded
Client 35 trained
Client 35 uploaded
Epoch(t): 236 accuracy: 62.72 loss 1.12720337331295 run_time: 8259.821367025375
FedDocs Algo: Group 5 is selected
| current_epoch 237 |. Begin client select
SchedulerThread schedule Group [ 5 ], select( 15 clients):
2 | 5 | 7 | 9 | 13 | 19 | 27 | 29 | 38 | 44 | 52 | 69 | 76 | 83 | 97 |
-----------------------------------------------------------------Schedule complete
Client 52 trained
Client 52 uploaded
Client 97 trained
Client 97 uploaded
Client 76 trained
Client 76 uploaded
Client 38 trained
Client 38 uploaded
Client 7 trained
Client 7 uploaded
Client 13 trained
Client 13 uploaded
Client 2 trained
Client 2 uploaded
Client 69 trained
Client 69 uploaded
Client 5 trained
Client 5 uploaded
Client 44 trained
Client 44 uploaded
Client 9 trained
Client 9 uploaded
Client 29 trained
Client 29 uploaded
Client 27 trained
Client 27 uploaded
Client 83 trained
Client 83 uploaded
Client 19 trained
Client 19 uploaded
Epoch(t): 237 accuracy: 65.55 loss 1.0617500537633895 run_time: 8295.880552768707
FedDocs Algo: Group 4 is selected
| current_epoch 238 |. Begin client select
SchedulerThread schedule Group [ 4 ], select( 14 clients):
3 | 20 | 22 | 24 | 28 | 30 | 33 | 35 | 63 | 66 | 71 | 80 | 81 | 96 |
-----------------------------------------------------------------Schedule complete
Client 28 trained
Client 28 uploaded
Client 80 trained
Client 80 uploaded
Client 30 trained
Client 30 uploaded
Client 63 trained
Client 63 uploaded
Client 66 trained
Client 66 uploaded
Client 24 trained
Client 24 uploaded
Client 22 trained
Client 22 uploaded
Client 96 trained
Client 96 uploaded
Client 3 trained
Client 3 uploaded
Client 81 trained
Client 81 uploaded
Client 71 trained
Client 71 uploaded
Client 33 trained
Client 33 uploaded
Client 20 trained
Client 20 uploaded
Client 35 trained
Client 35 uploaded
Epoch(t): 238 accuracy: 62.73 loss 1.1190304654836654 run_time: 8329.944954633713
FedDocs Algo: Group 5 is selected
| current_epoch 239 |. Begin client select
SchedulerThread schedule Group [ 5 ], select( 15 clients):
2 | 5 | 7 | 9 | 13 | 19 | 27 | 29 | 38 | 44 | 52 | 69 | 76 | 83 | 97 |
-----------------------------------------------------------------Schedule complete
Client 52 trained
Client 52 uploaded
Client 97 trained
Client 97 uploaded
Client 76 trained
Client 76 uploaded
Client 38 trained
Client 38 uploaded
Client 7 trained
Client 7 uploaded
Client 13 trained
Client 13 uploaded
Client 2 trained
Client 2 uploaded
Client 69 trained
Client 69 uploaded
Client 5 trained
Client 5 uploaded
Client 9 trained
Client 9 uploaded
Client 44 trained
Client 44 uploaded
Client 29 trained
Client 29 uploaded
Client 27 trained
Client 27 uploaded
Client 83 trained
Client 83 uploaded
Client 19 trained
Client 19 uploaded
Epoch(t): 239 accuracy: 65.12 loss 1.0742421942949294 run_time: 8366.518027067184
FedDocs Algo: Group 5 is selected
| current_epoch 240 |. Begin client select
SchedulerThread schedule Group [ 5 ], select( 15 clients):
2 | 5 | 7 | 9 | 13 | 19 | 27 | 29 | 38 | 44 | 52 | 69 | 76 | 83 | 97 |
-----------------------------------------------------------------Schedule complete
Client 52 trained
Client 52 uploaded
Client 97 trained
Client 97 uploaded
Client 76 trained
Client 76 uploaded
Client 38 trained
Client 38 uploaded
Client 7 trained
Client 7 uploaded
Client 13 trained
Client 13 uploaded
Client 2 trained
Client 2 uploaded
Client 69 trained
Client 69 uploaded
Client 5 trained
Client 5 uploaded
Client 44 trained
Client 44 uploaded
Client 9 trained
Client 9 uploaded
Client 29 trained
Client 29 uploaded
Client 27 trained
Client 27 uploaded
Client 83 trained
Client 83 uploaded
Client 19 trained
Client 19 uploaded
Epoch(t): 240 accuracy: 64.33 loss 1.105628000497818 run_time: 8403.270280122757
FedDocs Algo: Group 1 is selected
| current_epoch 241 |. Begin client select
SchedulerThread schedule Group [ 1 ], select( 15 clients):
11 | 18 | 32 | 37 | 41 | 48 | 56 | 57 | 72 | 74 | 75 | 77 | 79 | 91 | 93 |
-----------------------------------------------------------------Schedule complete
Client 75 trained
Client 75 uploaded
Client 93 trained
Client 93 uploaded
Client 37 trained
Client 37 uploaded
Client 74 trained
Client 74 uploaded
Client 57 trained
Client 57 uploaded
Client 41 trained
Client 41 uploaded
Client 48 trained
Client 48 uploaded
Client 56 trained
Client 56 uploaded
Client 18 trained
Client 18 uploaded
Client 11 trained
Client 11 uploaded
Client 77 trained
Client 77 uploaded
Client 91 trained
Client 91 uploaded
Client 32 trained
Client 32 uploaded
Client 79 trained
Client 79 uploaded
Client 72 trained
Client 72 uploaded
Epoch(t): 241 accuracy: 65.68 loss 1.021807901263237 run_time: 8445.903861761093
FedDocs Algo: Group 5 is selected
| current_epoch 242 |. Begin client select
SchedulerThread schedule Group [ 5 ], select( 15 clients):
2 | 5 | 7 | 9 | 13 | 19 | 27 | 29 | 38 | 44 | 52 | 69 | 76 | 83 | 97 |
-----------------------------------------------------------------Schedule complete
Client 52 trained
Client 52 uploaded
Client 97 trained
Client 97 uploaded
Client 76 trained
Client 76 uploaded
Client 38 trained
Client 38 uploaded
Client 7 trained
Client 7 uploaded
Client 13 trained
Client 13 uploaded
Client 2 trained
Client 2 uploaded
Client 69 trained
Client 69 uploaded
Client 5 trained
Client 5 uploaded
Client 44 trained
Client 44 uploaded
Client 9 trained
Client 9 uploaded
Client 29 trained
Client 29 uploaded
Client 27 trained
Client 27 uploaded
Client 83 trained
Client 83 uploaded
Client 19 trained
Client 19 uploaded
Epoch(t): 242 accuracy: 64.07 loss 1.0777039432525635 run_time: 8483.155964136124
FedDocs Algo: Group 5 is selected
| current_epoch 243 |. Begin client select
SchedulerThread schedule Group [ 5 ], select( 15 clients):
2 | 5 | 7 | 9 | 13 | 19 | 27 | 29 | 38 | 44 | 52 | 69 | 76 | 83 | 97 |
-----------------------------------------------------------------Schedule complete
Client 52 trained
Client 52 uploaded
Client 97 trained
Client 97 uploaded
Client 76 trained
Client 76 uploaded
Client 38 trained
Client 38 uploaded
Client 7 trained
Client 7 uploaded
Client 2 trained
Client 2 uploaded
Client 13 trained
Client 13 uploaded
Client 5 trained
Client 5 uploaded
Client 69 trained
Client 69 uploaded
Client 44 trained
Client 44 uploaded
Client 9 trained
Client 9 uploaded
Client 29 trained
Client 29 uploaded
Client 27 trained
Client 27 uploaded
Client 83 trained
Client 83 uploaded
Client 19 trained
Client 19 uploaded
Epoch(t): 243 accuracy: 63.69 loss 1.1115690034627914 run_time: 8519.678123474121
FedDocs Algo: Group 5 is selected
| current_epoch 244 |. Begin client select
SchedulerThread schedule Group [ 5 ], select( 15 clients):
2 | 5 | 7 | 9 | 13 | 19 | 27 | 29 | 38 | 44 | 52 | 69 | 76 | 83 | 97 |
-----------------------------------------------------------------Schedule complete
Client 52 trained
Client 52 uploaded
Client 97 trained
Client 97 uploaded
Client 76 trained
Client 76 uploaded
Client 38 trained
Client 38 uploaded
Client 7 trained
Client 7 uploaded
Client 2 trained
Client 2 uploaded
Client 13 trained
Client 13 uploaded
Client 69 trained
Client 69 uploaded
Client 5 trained
Client 5 uploaded
Client 9 trained
Client 9 uploaded
Client 44 trained
Client 44 uploaded
Client 29 trained
Client 29 uploaded
Client 27 trained
Client 27 uploaded
Client 83 trained
Client 83 uploaded
Client 19 trained
Client 19 uploaded
Epoch(t): 244 accuracy: 64.19 loss 1.1196472644805908 run_time: 8554.971354484558
FedDocs Algo: Group 5 is selected
| current_epoch 245 |. Begin client select
SchedulerThread schedule Group [ 5 ], select( 15 clients):
2 | 5 | 7 | 9 | 13 | 19 | 27 | 29 | 38 | 44 | 52 | 69 | 76 | 83 | 97 |
-----------------------------------------------------------------Schedule complete
Client 97 trained
Client 97 uploaded
Client 52 trained
Client 52 uploaded
Client 76 trained
Client 76 uploaded
Client 7 trained
Client 7 uploaded
Client 38 trained
Client 38 uploaded
Client 2 trained
Client 2 uploaded
Client 13 trained
Client 13 uploaded
Client 5 trained
Client 5 uploaded
Client 69 trained
Client 69 uploaded
Client 9 trained
Client 9 uploaded
Client 44 trained
Client 44 uploaded
Client 29 trained
Client 29 uploaded
Client 27 trained
Client 27 uploaded
Client 83 trained
Client 83 uploaded
Client 19 trained
Client 19 uploaded
Epoch(t): 245 accuracy: 63.89 loss 1.1302336627244949 run_time: 8592.411730527878
FedDocs Algo: Group 5 is selected
| current_epoch 246 |. Begin client select
SchedulerThread schedule Group [ 5 ], select( 15 clients):
2 | 5 | 7 | 9 | 13 | 19 | 27 | 29 | 38 | 44 | 52 | 69 | 76 | 83 | 97 |
-----------------------------------------------------------------Schedule complete
Client 52 trained
Client 52 uploaded
Client 97 trained
Client 97 uploaded
Client 76 trained
Client 76 uploaded
Client 38 trained
Client 38 uploaded
Client 7 trained
Client 7 uploaded
Client 13 trained
Client 13 uploaded
Client 2 trained
Client 2 uploaded
Client 69 trained
Client 69 uploaded
Client 5 trained
Client 5 uploaded
Client 9 trained
Client 9 uploaded
Client 44 trained
Client 44 uploaded
Client 29 trained
Client 29 uploaded
Client 27 trained
Client 27 uploaded
Client 83 trained
Client 83 uploaded
Client 19 trained
Client 19 uploaded
Epoch(t): 246 accuracy: 62.95 loss 1.1547005981206895 run_time: 8629.145892381668
FedDocs Algo: Group 5 is selected
| current_epoch 247 |. Begin client select
SchedulerThread schedule Group [ 5 ], select( 15 clients):
2 | 5 | 7 | 9 | 13 | 19 | 27 | 29 | 38 | 44 | 52 | 69 | 76 | 83 | 97 |
-----------------------------------------------------------------Schedule complete
Client 97 trained
Client 97 uploaded
Client 52 trained
Client 52 uploaded
Client 76 trained
Client 76 uploaded
Client 38 trained
Client 38 uploaded
Client 7 trained
Client 7 uploaded
Client 13 trained
Client 13 uploaded
Client 2 trained
Client 2 uploaded
Client 69 trained
Client 69 uploaded
Client 5 trained
Client 5 uploaded
Client 9 trained
Client 9 uploaded
Client 44 trained
Client 44 uploaded
Client 29 trained
Client 29 uploaded
Client 27 trained
Client 27 uploaded
Client 83 trained
Client 83 uploaded
Client 19 trained
Client 19 uploaded
Epoch(t): 247 accuracy: 62.81 loss 1.1687442165613176 run_time: 8665.504961013794
FedDocs Algo: Group 5 is selected
| current_epoch 248 |. Begin client select
SchedulerThread schedule Group [ 5 ], select( 15 clients):
2 | 5 | 7 | 9 | 13 | 19 | 27 | 29 | 38 | 44 | 52 | 69 | 76 | 83 | 97 |
-----------------------------------------------------------------Schedule complete
Client 52 trained
Client 52 uploaded
Client 97 trained
Client 97 uploaded
Client 76 trained
Client 76 uploaded
Client 38 trained
Client 38 uploaded
Client 7 trained
Client 7 uploaded
Client 2 trained
Client 2 uploaded
Client 13 trained
Client 13 uploaded
Client 69 trained
Client 69 uploaded
Client 5 trained
Client 5 uploaded
Client 9 trained
Client 9 uploaded
Client 44 trained
Client 44 uploaded
Client 29 trained
Client 29 uploaded
Client 27 trained
Client 27 uploaded
Client 83 trained
Client 83 uploaded
Client 19 trained
Client 19 uploaded
Epoch(t): 248 accuracy: 62.94 loss 1.1696327549219132 run_time: 8702.605575323105
FedDocs Algo: Group 5 is selected
| current_epoch 249 |. Begin client select
SchedulerThread schedule Group [ 5 ], select( 15 clients):
2 | 5 | 7 | 9 | 13 | 19 | 27 | 29 | 38 | 44 | 52 | 69 | 76 | 83 | 97 |
-----------------------------------------------------------------Schedule complete
Client 97 trained
Client 97 uploaded
Client 52 trained
Client 52 uploaded
Client 76 trained
Client 76 uploaded
Client 38 trained
Client 38 uploaded
Client 7 trained
Client 7 uploaded
Client 2 trained
Client 2 uploaded
Client 13 trained
Client 13 uploaded
Client 69 trained
Client 69 uploaded
Client 5 trained
Client 5 uploaded
Client 44 trained
Client 44 uploaded
Client 9 trained
Client 9 uploaded
Client 29 trained
Client 29 uploaded
Client 27 trained
Client 27 uploaded
Client 83 trained
Client 83 uploaded
Client 19 trained
Client 19 uploaded
Epoch(t): 249 accuracy: 63.24 loss 1.1666194128990173 run_time: 8739.72687625885
FedDocs Algo: Group 5 is selected
| current_epoch 250 |. Begin client select
SchedulerThread schedule Group [ 5 ], select( 15 clients):
2 | 5 | 7 | 9 | 13 | 19 | 27 | 29 | 38 | 44 | 52 | 69 | 76 | 83 | 97 |
-----------------------------------------------------------------Schedule complete
Client 52 trained
Client 52 uploaded
Client 97 trained
Client 97 uploaded
Client 76 trained
Client 76 uploaded
Client 38 trained
Client 38 uploaded
Client 7 trained
Client 7 uploaded
Client 2 trained
Client 2 uploaded
Client 13 trained
Client 13 uploaded
Client 69 trained
Client 69 uploaded
Client 5 trained
Client 5 uploaded
Client 44 trained
Client 44 uploaded
Client 9 trained
Client 9 uploaded
Client 27 trained
Client 27 uploaded
Client 29 trained
Client 29 uploaded
Client 83 trained
Client 83 uploaded
Client 19 trained
Client 19 uploaded
Epoch(t): 250 accuracy: 62.62 loss 1.1880588930845262 run_time: 8776.521499633789
FedDocs Algo: Group 6 is selected
| current_epoch 251 |. Begin client select
SchedulerThread schedule Group [ 6 ], select( 14 clients):
0 | 6 | 15 | 25 | 31 | 36 | 40 | 54 | 59 | 82 | 85 | 87 | 92 | 94 |
-----------------------------------------------------------------Schedule complete
Client 94 trained
Client 94 uploaded
Client 54 trained
Client 54 uploaded
Client 87 trained
Client 87 uploaded
Client 36 trained
Client 36 uploaded
Client 25 trained
Client 25 uploaded
Client 0 trained
Client 0 uploaded
Client 92 trained
Client 92 uploaded
Client 6 trained
Client 6 uploaded
Client 31 trained
Client 31 uploaded
Client 40 trained
Client 40 uploaded
Client 82 trained
Client 82 uploaded
Client 85 trained
Client 85 uploaded
Client 15 trained
Client 15 uploaded
Client 59 trained
Client 59 uploaded
Epoch(t): 251 accuracy: 64.89 loss 1.0522795897722244 run_time: 8803.694953918457
FedDocs Algo: Group 5 is selected
| current_epoch 252 |. Begin client select
SchedulerThread schedule Group [ 5 ], select( 15 clients):
2 | 5 | 7 | 9 | 13 | 19 | 27 | 29 | 38 | 44 | 52 | 69 | 76 | 83 | 97 |
-----------------------------------------------------------------Schedule complete
Client 52 trained
Client 52 uploaded
Client 97 trained
Client 97 uploaded
Client 76 trained
Client 76 uploaded
Client 38 trained
Client 38 uploaded
Client 7 trained
Client 7 uploaded
Client 2 trained
Client 2 uploaded
Client 13 trained
Client 13 uploaded
Client 69 trained
Client 69 uploaded
Client 5 trained
Client 5 uploaded
Client 44 trained
Client 44 uploaded
Client 9 trained
Client 9 uploaded
Client 29 trained
Client 29 uploaded
Client 27 trained
Client 27 uploaded
Client 83 trained
Client 83 uploaded
Client 19 trained
Client 19 uploaded
Epoch(t): 252 accuracy: 65.61 loss 1.062198068499565 run_time: 8839.366478443146
FedDocs Algo: Group 0 is selected
| current_epoch 253 |. Begin client select
SchedulerThread schedule Group [ 0 ], select( 12 clients):
10 | 23 | 45 | 46 | 50 | 51 | 55 | 58 | 61 | 64 | 78 | 88 |
-----------------------------------------------------------------Schedule complete
Client 10 trained
Client 10 uploaded
Client 46 trained
Client 46 uploaded
Client 58 trained
Client 58 uploaded
Client 61 trained
Client 61 uploaded
Client 51 trained
Client 51 uploaded
Client 64 trained
Client 64 uploaded
Client 55 trained
Client 55 uploaded
Client 45 trained
Client 45 uploaded
Client 88 trained
Client 88 uploaded
Client 23 trained
Client 23 uploaded
Client 78 trained
Client 78 uploaded
Client 50 trained
Client 50 uploaded
Epoch(t): 253 accuracy: 66.24 loss 1.0141303443908691 run_time: 8864.589284420013
FedDocs Algo: Group 5 is selected
| current_epoch 254 |. Begin client select
SchedulerThread schedule Group [ 5 ], select( 15 clients):
2 | 5 | 7 | 9 | 13 | 19 | 27 | 29 | 38 | 44 | 52 | 69 | 76 | 83 | 97 |
-----------------------------------------------------------------Schedule complete
Client 97 trained
Client 97 uploaded
Client 52 trained
Client 52 uploaded
Client 76 trained
Client 76 uploaded
Client 7 trained
Client 7 uploaded
Client 38 trained
Client 38 uploaded
Client 13 trained
Client 13 uploaded
Client 2 trained
Client 2 uploaded
Client 69 trained
Client 69 uploaded
Client 5 trained
Client 5 uploaded
Client 44 trained
Client 44 uploaded
Client 9 trained
Client 9 uploaded
Client 29 trained
Client 29 uploaded
Client 27 trained
Client 27 uploaded
Client 83 trained
Client 83 uploaded
Client 19 trained
Client 19 uploaded
Epoch(t): 254 accuracy: 65.44 loss 1.060443629026413 run_time: 8899.316556215286
FedDocs Algo: Group 6 is selected
| current_epoch 255 |. Begin client select
SchedulerThread schedule Group [ 6 ], select( 14 clients):
0 | 6 | 15 | 25 | 31 | 36 | 40 | 54 | 59 | 82 | 85 | 87 | 92 | 94 |
-----------------------------------------------------------------Schedule complete
Client 94 trained
Client 94 uploaded
Client 54 trained
Client 54 uploaded
Client 25 trained
Client 25 uploaded
Client 36 trained
Client 36 uploaded
Client 87 trained
Client 87 uploaded
Client 0 trained
Client 0 uploaded
Client 92 trained
Client 92 uploaded
Client 6 trained
Client 6 uploaded
Client 31 trained
Client 31 uploaded
Client 40 trained
Client 40 uploaded
Client 82 trained
Client 82 uploaded
Client 85 trained
Client 85 uploaded
Client 59 trained
Client 59 uploaded
Client 15 trained
Client 15 uploaded
Epoch(t): 255 accuracy: 64.97 loss 1.0560017561912536 run_time: 8925.057913780212
FedDocs Algo: Group 5 is selected
| current_epoch 256 |. Begin client select
SchedulerThread schedule Group [ 5 ], select( 15 clients):
2 | 5 | 7 | 9 | 13 | 19 | 27 | 29 | 38 | 44 | 52 | 69 | 76 | 83 | 97 |
-----------------------------------------------------------------Schedule complete
Client 52 trained
Client 52 uploaded
Client 97 trained
Client 97 uploaded
Client 76 trained
Client 76 uploaded
Client 38 trained
Client 38 uploaded
Client 7 trained
Client 7 uploaded
Client 2 trained
Client 2 uploaded
Client 13 trained
Client 13 uploaded
Client 69 trained
Client 69 uploaded
Client 5 trained
Client 5 uploaded
Client 9 trained
Client 9 uploaded
Client 44 trained
Client 44 uploaded
Client 29 trained
Client 29 uploaded
Client 27 trained
Client 27 uploaded
Client 83 trained
Client 83 uploaded
Client 19 trained
Client 19 uploaded
Epoch(t): 256 accuracy: 65.4 loss 1.0627769166231156 run_time: 8960.357376337051
FedDocs Algo: Group 6 is selected
| current_epoch 257 |. Begin client select
SchedulerThread schedule Group [ 6 ], select( 14 clients):
0 | 6 | 15 | 25 | 31 | 36 | 40 | 54 | 59 | 82 | 85 | 87 | 92 | 94 |
-----------------------------------------------------------------Schedule complete
Client 94 trained
Client 94 uploaded
Client 54 trained
Client 54 uploaded
Client 87 trained
Client 87 uploaded
Client 36 trained
Client 36 uploaded
Client 25 trained
Client 25 uploaded
Client 0 trained
Client 0 uploaded
Client 92 trained
Client 92 uploaded
Client 6 trained
Client 6 uploaded
Client 31 trained
Client 31 uploaded
Client 40 trained
Client 40 uploaded
Client 82 trained
Client 82 uploaded
Client 85 trained
Client 85 uploaded
Client 15 trained
Client 15 uploaded
Client 59 trained
Client 59 uploaded
Epoch(t): 257 accuracy: 64.77 loss 1.0696525609493255 run_time: 8987.538335561752
FedDocs Algo: Group 5 is selected
| current_epoch 258 |. Begin client select
SchedulerThread schedule Group [ 5 ], select( 15 clients):
2 | 5 | 7 | 9 | 13 | 19 | 27 | 29 | 38 | 44 | 52 | 69 | 76 | 83 | 97 |
-----------------------------------------------------------------Schedule complete
Client 52 trained
Client 52 uploaded
Client 97 trained
Client 97 uploaded
Client 76 trained
Client 76 uploaded
Client 38 trained
Client 38 uploaded
Client 7 trained
Client 7 uploaded
Client 2 trained
Client 2 uploaded
Client 13 trained
Client 13 uploaded
Client 69 trained
Client 69 uploaded
Client 5 trained
Client 5 uploaded
Client 44 trained
Client 44 uploaded
Client 9 trained
Client 9 uploaded
Client 27 trained
Client 27 uploaded
Client 29 trained
Client 29 uploaded
Client 83 trained
Client 83 uploaded
Client 19 trained
Client 19 uploaded
Epoch(t): 258 accuracy: 65.59 loss 1.0762812250852585 run_time: 9025.033023834229
FedDocs Algo: Group 0 is selected
| current_epoch 259 |. Begin client select
SchedulerThread schedule Group [ 0 ], select( 12 clients):
10 | 23 | 45 | 46 | 50 | 51 | 55 | 58 | 61 | 64 | 78 | 88 |
-----------------------------------------------------------------Schedule complete
Client 10 trained
Client 10 uploaded
Client 46 trained
Client 46 uploaded
Client 58 trained
Client 58 uploaded
Client 51 trained
Client 51 uploaded
Client 61 trained
Client 61 uploaded
Client 64 trained
Client 64 uploaded
Client 55 trained
Client 55 uploaded
Client 45 trained
Client 45 uploaded
Client 88 trained
Client 88 uploaded
Client 23 trained
Client 23 uploaded
Client 78 trained
Client 78 uploaded
Client 50 trained
Client 50 uploaded
Epoch(t): 259 accuracy: 65.77 loss 1.048081677556038 run_time: 9052.395416736603
FedDocs Algo: Group 5 is selected
| current_epoch 260 |. Begin client select
SchedulerThread schedule Group [ 5 ], select( 15 clients):
2 | 5 | 7 | 9 | 13 | 19 | 27 | 29 | 38 | 44 | 52 | 69 | 76 | 83 | 97 |
-----------------------------------------------------------------Schedule complete
Client 52 trained
Client 52 uploaded
Client 97 trained
Client 97 uploaded
Client 76 trained
Client 76 uploaded
Client 7 trained
Client 7 uploaded
Client 38 trained
Client 38 uploaded
Client 2 trained
Client 2 uploaded
Client 13 trained
Client 13 uploaded
Client 69 trained
Client 69 uploaded
Client 5 trained
Client 5 uploaded
Client 9 trained
Client 9 uploaded
Client 44 trained
Client 44 uploaded
Client 29 trained
Client 29 uploaded
Client 27 trained
Client 27 uploaded
Client 83 trained
Client 83 uploaded
Client 19 trained
Client 19 uploaded
Epoch(t): 260 accuracy: 65.31 loss 1.0633721482753753 run_time: 9089.688662052155
FedDocs Algo: Group 2 is selected
| current_epoch 261 |. Begin client select
SchedulerThread schedule Group [ 2 ], select( 15 clients):
4 | 12 | 14 | 16 | 21 | 42 | 43 | 49 | 53 | 60 | 68 | 86 | 90 | 95 | 99 |
-----------------------------------------------------------------Schedule complete
Client 68 trained
Client 68 uploaded
Client 99 trained
Client 99 uploaded
Client 53 trained
Client 53 uploaded
Client 60 trained
Client 60 uploaded
Client 21 trained
Client 21 uploaded
Client 49 trained
Client 49 uploaded
Client 12 trained
Client 12 uploaded
Client 14 trained
Client 14 uploaded
Client 4 trained
Client 4 uploaded
Client 43 trained
Client 43 uploaded
Client 90 trained
Client 90 uploaded
Client 95 trained
Client 95 uploaded
Client 16 trained
Client 16 uploaded
Client 42 trained
Client 42 uploaded
Client 86 trained
Client 86 uploaded
Epoch(t): 261 accuracy: 68.08 loss 0.9548410511016846 run_time: 9124.687595129013
FedDocs Algo: Group 5 is selected
| current_epoch 262 |. Begin client select
SchedulerThread schedule Group [ 5 ], select( 15 clients):
2 | 5 | 7 | 9 | 13 | 19 | 27 | 29 | 38 | 44 | 52 | 69 | 76 | 83 | 97 |
-----------------------------------------------------------------Schedule complete
Client 97 trained
Client 97 uploaded
Client 52 trained
Client 52 uploaded
Client 76 trained
Client 76 uploaded
Client 7 trained
Client 7 uploaded
Client 38 trained
Client 38 uploaded
Client 2 trained
Client 2 uploaded
Client 13 trained
Client 13 uploaded
Client 69 trained
Client 69 uploaded
Client 5 trained
Client 5 uploaded
Client 9 trained
Client 9 uploaded
Client 44 trained
Client 44 uploaded
Client 29 trained
Client 29 uploaded
Client 27 trained
Client 27 uploaded
Client 83 trained
Client 83 uploaded
Client 19 trained
Client 19 uploaded
Epoch(t): 262 accuracy: 65.96 loss 1.0423607581853866 run_time: 9161.682276010513
FedDocs Algo: Group 5 is selected
| current_epoch 263 |. Begin client select
SchedulerThread schedule Group [ 5 ], select( 15 clients):
2 | 5 | 7 | 9 | 13 | 19 | 27 | 29 | 38 | 44 | 52 | 69 | 76 | 83 | 97 |
-----------------------------------------------------------------Schedule complete
Client 97 trained
Client 97 uploaded
Client 52 trained
Client 52 uploaded
Client 76 trained
Client 76 uploaded
Client 38 trained
Client 38 uploaded
Client 7 trained
Client 7 uploaded
Client 13 trained
Client 13 uploaded
Client 2 trained
Client 2 uploaded
Client 69 trained
Client 69 uploaded
Client 5 trained
Client 5 uploaded
Client 44 trained
Client 44 uploaded
Client 9 trained
Client 9 uploaded
Client 29 trained
Client 29 uploaded
Client 27 trained
Client 27 uploaded
Client 83 trained
Client 83 uploaded
Client 19 trained
Client 19 uploaded
Epoch(t): 263 accuracy: 65.14 loss 1.08012413084507 run_time: 9198.128172397614
FedDocs Algo: Group 5 is selected
| current_epoch 264 |. Begin client select
SchedulerThread schedule Group [ 5 ], select( 15 clients):
2 | 5 | 7 | 9 | 13 | 19 | 27 | 29 | 38 | 44 | 52 | 69 | 76 | 83 | 97 |
-----------------------------------------------------------------Schedule complete
Client 97 trained
Client 97 uploaded
Client 52 trained
Client 52 uploaded
Client 76 trained
Client 76 uploaded
Client 38 trained
Client 38 uploaded
Client 7 trained
Client 7 uploaded
Client 13 trained
Client 13 uploaded
Client 2 trained
Client 2 uploaded
Client 69 trained
Client 69 uploaded
Client 5 trained
Client 5 uploaded
Client 9 trained
Client 9 uploaded
Client 44 trained
Client 44 uploaded
Client 29 trained
Client 29 uploaded
Client 27 trained
Client 27 uploaded
Client 83 trained
Client 83 uploaded
Client 19 trained
Client 19 uploaded
Epoch(t): 264 accuracy: 64.96 loss 1.1007435536384582 run_time: 9235.412527799606
FedDocs Algo: Group 5 is selected
| current_epoch 265 |. Begin client select
SchedulerThread schedule Group [ 5 ], select( 15 clients):
2 | 5 | 7 | 9 | 13 | 19 | 27 | 29 | 38 | 44 | 52 | 69 | 76 | 83 | 97 |
-----------------------------------------------------------------Schedule complete
Client 52 trained
Client 52 uploaded
Client 97 trained
Client 97 uploaded
Client 76 trained
Client 76 uploaded
Client 38 trained
Client 38 uploaded
Client 7 trained
Client 7 uploaded
Client 2 trained
Client 2 uploaded
Client 13 trained
Client 13 uploaded
Client 69 trained
Client 69 uploaded
Client 5 trained
Client 5 uploaded
Client 9 trained
Client 9 uploaded
Client 44 trained
Client 44 uploaded
Client 29 trained
Client 29 uploaded
Client 27 trained
Client 27 uploaded
Client 83 trained
Client 83 uploaded
Client 19 trained
Client 19 uploaded
Epoch(t): 265 accuracy: 64.4 loss 1.1134441912174224 run_time: 9273.110831737518
FedDocs Algo: Group 5 is selected
| current_epoch 266 |. Begin client select
SchedulerThread schedule Group [ 5 ], select( 15 clients):
2 | 5 | 7 | 9 | 13 | 19 | 27 | 29 | 38 | 44 | 52 | 69 | 76 | 83 | 97 |
-----------------------------------------------------------------Schedule complete
Client 97 trained
Client 97 uploaded
Client 52 trained
Client 52 uploaded
Client 76 trained
Client 76 uploaded
Client 38 trained
Client 38 uploaded
Client 7 trained
Client 7 uploaded
Client 13 trained
Client 13 uploaded
Client 2 trained
Client 2 uploaded
Client 69 trained
Client 69 uploaded
Client 5 trained
Client 5 uploaded
Client 9 trained
Client 9 uploaded
Client 44 trained
Client 44 uploaded
Client 27 trained
Client 27 uploaded
Client 29 trained
Client 29 uploaded
Client 83 trained
Client 83 uploaded
Client 19 trained
Client 19 uploaded
Epoch(t): 266 accuracy: 64.23 loss 1.131749666929245 run_time: 9310.929148674011
FedDocs Algo: Group 0 is selected
| current_epoch 267 |. Begin client select
SchedulerThread schedule Group [ 0 ], select( 12 clients):
10 | 23 | 45 | 46 | 50 | 51 | 55 | 58 | 61 | 64 | 78 | 88 |
-----------------------------------------------------------------Schedule complete
Client 10 trained
Client 10 uploaded
Client 46 trained
Client 46 uploaded
Client 58 trained
Client 58 uploaded
Client 51 trained
Client 51 uploaded
Client 61 trained
Client 61 uploaded
Client 64 trained
Client 64 uploaded
Client 55 trained
Client 55 uploaded
Client 88 trained
Client 88 uploaded
Client 45 trained
Client 45 uploaded
Client 23 trained
Client 23 uploaded
Client 78 trained
Client 78 uploaded
Client 50 trained
Client 50 uploaded
Epoch(t): 267 accuracy: 66.2 loss 1.033990170955658 run_time: 9337.519924402237
FedDocs Algo: Group 2 is selected
| current_epoch 268 |. Begin client select
SchedulerThread schedule Group [ 2 ], select( 15 clients):
4 | 12 | 14 | 16 | 21 | 42 | 43 | 49 | 53 | 60 | 68 | 86 | 90 | 95 | 99 |
-----------------------------------------------------------------Schedule complete
Client 68 trained
Client 68 uploaded
Client 99 trained
Client 99 uploaded
Client 53 trained
Client 53 uploaded
Client 60 trained
Client 60 uploaded
Client 21 trained
Client 21 uploaded
Client 49 trained
Client 49 uploaded
Client 12 trained
Client 12 uploaded
Client 4 trained
Client 4 uploaded
Client 14 trained
Client 14 uploaded
Client 43 trained
Client 43 uploaded
Client 95 trained
Client 95 uploaded
Client 16 trained
Client 16 uploaded
Client 90 trained
Client 90 uploaded
Client 42 trained
Client 42 uploaded
Client 86 trained
Client 86 uploaded
Epoch(t): 268 accuracy: 67.63 loss 0.9726560723781585 run_time: 9372.274947404861
FedDocs Algo: Group 2 is selected
| current_epoch 269 |. Begin client select
SchedulerThread schedule Group [ 2 ], select( 15 clients):
4 | 12 | 14 | 16 | 21 | 42 | 43 | 49 | 53 | 60 | 68 | 86 | 90 | 95 | 99 |
-----------------------------------------------------------------Schedule complete
Client 68 trained
Client 68 uploaded
Client 99 trained
Client 99 uploaded
Client 53 trained
Client 53 uploaded
Client 60 trained
Client 60 uploaded
Client 21 trained
Client 21 uploaded
Client 49 trained
Client 49 uploaded
Client 12 trained
Client 12 uploaded
Client 14 trained
Client 14 uploaded
Client 4 trained
Client 4 uploaded
Client 43 trained
Client 43 uploaded
Client 95 trained
Client 95 uploaded
Client 16 trained
Client 16 uploaded
Client 90 trained
Client 90 uploaded
Client 42 trained
Client 42 uploaded
Client 86 trained
Client 86 uploaded
Epoch(t): 269 accuracy: 67.59 loss 0.9600865453481674 run_time: 9407.209326028824
FedDocs Algo: Group 4 is selected
| current_epoch 270 |. Begin client select
SchedulerThread schedule Group [ 4 ], select( 14 clients):
3 | 20 | 22 | 24 | 28 | 30 | 33 | 35 | 63 | 66 | 71 | 80 | 81 | 96 |
-----------------------------------------------------------------Schedule complete
Client 28 trained
Client 28 uploaded
Client 80 trained
Client 80 uploaded
Client 30 trained
Client 30 uploaded
Client 63 trained
Client 63 uploaded
Client 66 trained
Client 66 uploaded
Client 24 trained
Client 24 uploaded
Client 22 trained
Client 22 uploaded
Client 96 trained
Client 96 uploaded
Client 3 trained
Client 3 uploaded
Client 81 trained
Client 81 uploaded
Client 71 trained
Client 71 uploaded
Client 33 trained
Client 33 uploaded
Client 20 trained
Client 20 uploaded
Client 35 trained
Client 35 uploaded
Epoch(t): 270 accuracy: 64.48 loss 1.059767873287201 run_time: 9442.112966060638
FedDocs Algo: Group 5 is selected
| current_epoch 271 |. Begin client select
SchedulerThread schedule Group [ 5 ], select( 15 clients):
2 | 5 | 7 | 9 | 13 | 19 | 27 | 29 | 38 | 44 | 52 | 69 | 76 | 83 | 97 |
-----------------------------------------------------------------Schedule complete
Client 52 trained
Client 52 uploaded
Client 97 trained
Client 97 uploaded
Client 76 trained
Client 76 uploaded
Client 38 trained
Client 38 uploaded
Client 7 trained
Client 7 uploaded
Client 2 trained
Client 2 uploaded
Client 13 trained
Client 13 uploaded
Client 69 trained
Client 69 uploaded
Client 5 trained
Client 5 uploaded
Client 44 trained
Client 44 uploaded
Client 9 trained
Client 9 uploaded
Client 29 trained
Client 29 uploaded
Client 27 trained
Client 27 uploaded
Client 83 trained
Client 83 uploaded
Client 19 trained
Client 19 uploaded
Epoch(t): 271 accuracy: 65.61 loss 1.044546104669571 run_time: 9478.631067037582
FedDocs Algo: Group 5 is selected
| current_epoch 272 |. Begin client select
SchedulerThread schedule Group [ 5 ], select( 15 clients):
2 | 5 | 7 | 9 | 13 | 19 | 27 | 29 | 38 | 44 | 52 | 69 | 76 | 83 | 97 |
-----------------------------------------------------------------Schedule complete
Client 52 trained
Client 52 uploaded
Client 97 trained
Client 97 uploaded
Client 76 trained
Client 76 uploaded
Client 38 trained
Client 38 uploaded
Client 7 trained
Client 7 uploaded
Client 2 trained
Client 2 uploaded
Client 13 trained
Client 13 uploaded
Client 69 trained
Client 69 uploaded
Client 5 trained
Client 5 uploaded
Client 9 trained
Client 9 uploaded
Client 44 trained
Client 44 uploaded
Client 29 trained
Client 29 uploaded
Client 27 trained
Client 27 uploaded
Client 83 trained
Client 83 uploaded
Client 19 trained
Client 19 uploaded
Epoch(t): 272 accuracy: 65.04 loss 1.0851366370916367 run_time: 9516.577654600143
FedDocs Algo: Group 4 is selected
| current_epoch 273 |. Begin client select
SchedulerThread schedule Group [ 4 ], select( 14 clients):
3 | 20 | 22 | 24 | 28 | 30 | 33 | 35 | 63 | 66 | 71 | 80 | 81 | 96 |
-----------------------------------------------------------------Schedule complete
Client 28 trained
Client 28 uploaded
Client 80 trained
Client 80 uploaded
Client 66 trained
Client 66 uploaded
Client 63 trained
Client 63 uploaded
Client 30 trained
Client 30 uploaded
Client 24 trained
Client 24 uploaded
Client 96 trained
Client 96 uploaded
Client 22 trained
Client 22 uploaded
Client 3 trained
Client 3 uploaded
Client 81 trained
Client 81 uploaded
Client 71 trained
Client 71 uploaded
Client 33 trained
Client 33 uploaded
Client 20 trained
Client 20 uploaded
Client 35 trained
Client 35 uploaded
Epoch(t): 273 accuracy: 63.74 loss 1.1123352915048599 run_time: 9551.400581598282
FedDocs Algo: Group 4 is selected
| current_epoch 274 |. Begin client select
SchedulerThread schedule Group [ 4 ], select( 14 clients):
3 | 20 | 22 | 24 | 28 | 30 | 33 | 35 | 63 | 66 | 71 | 80 | 81 | 96 |
-----------------------------------------------------------------Schedule complete
Client 28 trained
Client 28 uploaded
Client 80 trained
Client 80 uploaded
Client 30 trained
Client 30 uploaded
Client 63 trained
Client 63 uploaded
Client 66 trained
Client 66 uploaded
Client 24 trained
Client 24 uploaded
Client 22 trained
Client 22 uploaded
Client 96 trained
Client 96 uploaded
Client 3 trained
Client 3 uploaded
Client 81 trained
Client 81 uploaded
Client 71 trained
Client 71 uploaded
Client 33 trained
Client 33 uploaded
Client 20 trained
Client 20 uploaded
Client 35 trained
Client 35 uploaded
Epoch(t): 274 accuracy: 63.53 loss 1.113910555243492 run_time: 9585.994948863983
FedDocs Algo: Group 0 is selected
| current_epoch 275 |. Begin client select
SchedulerThread schedule Group [ 0 ], select( 12 clients):
10 | 23 | 45 | 46 | 50 | 51 | 55 | 58 | 61 | 64 | 78 | 88 |
-----------------------------------------------------------------Schedule complete
Client 10 trained
Client 10 uploaded
Client 46 trained
Client 46 uploaded
Client 58 trained
Client 58 uploaded
Client 51 trained
Client 51 uploaded
Client 61 trained
Client 61 uploaded
Client 55 trained
Client 55 uploaded
Client 64 trained
Client 64 uploaded
Client 45 trained
Client 45 uploaded
Client 88 trained
Client 88 uploaded
Client 23 trained
Client 23 uploaded
Client 78 trained
Client 78 uploaded
Client 50 trained
Client 50 uploaded
Epoch(t): 275 accuracy: 66.46 loss 1.013004299402237 run_time: 9611.810546636581
FedDocs Algo: Group 5 is selected
| current_epoch 276 |. Begin client select
SchedulerThread schedule Group [ 5 ], select( 15 clients):
2 | 5 | 7 | 9 | 13 | 19 | 27 | 29 | 38 | 44 | 52 | 69 | 76 | 83 | 97 |
-----------------------------------------------------------------Schedule complete
Client 52 trained
Client 52 uploaded
Client 97 trained
Client 97 uploaded
Client 76 trained
Client 76 uploaded
Client 38 trained
Client 38 uploaded
Client 7 trained
Client 7 uploaded
Client 13 trained
Client 13 uploaded
Client 2 trained
Client 2 uploaded
Client 69 trained
Client 69 uploaded
Client 5 trained
Client 5 uploaded
Client 44 trained
Client 44 uploaded
Client 9 trained
Client 9 uploaded
Client 29 trained
Client 29 uploaded
Client 27 trained
Client 27 uploaded
Client 83 trained
Client 83 uploaded
Client 19 trained
Client 19 uploaded
Epoch(t): 276 accuracy: 66.09 loss 1.0416210681200027 run_time: 9649.154829978943
FedDocs Algo: Group 6 is selected
| current_epoch 277 |. Begin client select
SchedulerThread schedule Group [ 6 ], select( 14 clients):
0 | 6 | 15 | 25 | 31 | 36 | 40 | 54 | 59 | 82 | 85 | 87 | 92 | 94 |
-----------------------------------------------------------------Schedule complete
Client 94 trained
Client 94 uploaded
Client 36 trained
Client 36 uploaded
Client 54 trained
Client 54 uploaded
Client 87 trained
Client 87 uploaded
Client 25 trained
Client 25 uploaded
Client 0 trained
Client 0 uploaded
Client 92 trained
Client 92 uploaded
Client 6 trained
Client 6 uploaded
Client 31 trained
Client 31 uploaded
Client 40 trained
Client 40 uploaded
Client 82 trained
Client 82 uploaded
Client 85 trained
Client 85 uploaded
Client 15 trained
Client 15 uploaded
Client 59 trained
Client 59 uploaded
Epoch(t): 277 accuracy: 66.32 loss 1.0288951766490937 run_time: 9675.853163480759
FedDocs Algo: Group 5 is selected
| current_epoch 278 |. Begin client select
SchedulerThread schedule Group [ 5 ], select( 15 clients):
2 | 5 | 7 | 9 | 13 | 19 | 27 | 29 | 38 | 44 | 52 | 69 | 76 | 83 | 97 |
-----------------------------------------------------------------Schedule complete
Client 97 trained
Client 97 uploaded
Client 52 trained
Client 52 uploaded
Client 76 trained
Client 76 uploaded
Client 38 trained
Client 38 uploaded
Client 7 trained
Client 7 uploaded
Client 13 trained
Client 13 uploaded
Client 2 trained
Client 2 uploaded
Client 69 trained
Client 69 uploaded
Client 5 trained
Client 5 uploaded
Client 44 trained
Client 44 uploaded
Client 9 trained
Client 9 uploaded
Client 27 trained
Client 27 uploaded
Client 29 trained
Client 29 uploaded
Client 83 trained
Client 83 uploaded
Client 19 trained
Client 19 uploaded
Epoch(t): 278 accuracy: 66.13 loss 1.033224406838417 run_time: 9712.620706319809
FedDocs Algo: Group 5 is selected
| current_epoch 279 |. Begin client select
SchedulerThread schedule Group [ 5 ], select( 15 clients):
2 | 5 | 7 | 9 | 13 | 19 | 27 | 29 | 38 | 44 | 52 | 69 | 76 | 83 | 97 |
-----------------------------------------------------------------Schedule complete
Client 52 trained
Client 52 uploaded
Client 97 trained
Client 97 uploaded
Client 76 trained
Client 76 uploaded
Client 7 trained
Client 7 uploaded
Client 38 trained
Client 38 uploaded
Client 13 trained
Client 13 uploaded
Client 2 trained
Client 2 uploaded
Client 69 trained
Client 69 uploaded
Client 5 trained
Client 5 uploaded
Client 44 trained
Client 44 uploaded
Client 9 trained
Client 9 uploaded
Client 27 trained
Client 27 uploaded
Client 29 trained
Client 29 uploaded
Client 83 trained
Client 83 uploaded
Client 19 trained
Client 19 uploaded
Epoch(t): 279 accuracy: 65.52 loss 1.0693411916494369 run_time: 9748.711301803589
FedDocs Algo: Group 5 is selected
| current_epoch 280 |. Begin client select
SchedulerThread schedule Group [ 5 ], select( 15 clients):
2 | 5 | 7 | 9 | 13 | 19 | 27 | 29 | 38 | 44 | 52 | 69 | 76 | 83 | 97 |
-----------------------------------------------------------------Schedule complete
Client 52 trained
Client 52 uploaded
Client 97 trained
Client 97 uploaded
Client 76 trained
Client 76 uploaded
Client 38 trained
Client 38 uploaded
Client 7 trained
Client 7 uploaded
Client 13 trained
Client 13 uploaded
Client 2 trained
Client 2 uploaded
Client 69 trained
Client 69 uploaded
Client 5 trained
Client 5 uploaded
Client 44 trained
Client 44 uploaded
Client 9 trained
Client 9 uploaded
Client 29 trained
Client 29 uploaded
Client 27 trained
Client 27 uploaded
Client 83 trained
Client 83 uploaded
Client 19 trained
Client 19 uploaded
Epoch(t): 280 accuracy: 65.03 loss 1.1019077235460282 run_time: 9784.727750062943
FedDocs Algo: Group 3 is selected
| current_epoch 281 |. Begin client select
SchedulerThread schedule Group [ 3 ], select( 15 clients):
1 | 8 | 17 | 26 | 34 | 39 | 47 | 62 | 65 | 67 | 70 | 73 | 84 | 89 | 98 |
-----------------------------------------------------------------Schedule complete
Client 1 trained
Client 1 uploaded
Client 8 trained
Client 8 uploaded
Client 67 trained
Client 67 uploaded
Client 98 trained
Client 98 uploaded
Client 62 trained
Client 62 uploaded
Client 73 trained
Client 73 uploaded
Client 84 trained
Client 84 uploaded
Client 89 trained
Client 89 uploaded
Client 47 trained
Client 47 uploaded
Client 39 trained
Client 39 uploaded
Client 17 trained
Client 17 uploaded
Client 26 trained
Client 26 uploaded
Client 34 trained
Client 34 uploaded
Client 70 trained
Client 70 uploaded
Client 65 trained
Client 65 uploaded
Epoch(t): 281 accuracy: 66.73 loss 0.9754841470718384 run_time: 9824.100435495377
FedDocs Algo: Group 5 is selected
| current_epoch 282 |. Begin client select
SchedulerThread schedule Group [ 5 ], select( 15 clients):
2 | 5 | 7 | 9 | 13 | 19 | 27 | 29 | 38 | 44 | 52 | 69 | 76 | 83 | 97 |
-----------------------------------------------------------------Schedule complete
Client 52 trained
Client 52 uploaded
Client 97 trained
Client 97 uploaded
Client 76 trained
Client 76 uploaded
Client 38 trained
Client 38 uploaded
Client 7 trained
Client 7 uploaded
Client 2 trained
Client 2 uploaded
Client 13 trained
Client 13 uploaded
Client 69 trained
Client 69 uploaded
Client 5 trained
Client 5 uploaded
Client 9 trained
Client 9 uploaded
Client 44 trained
Client 44 uploaded
Client 29 trained
Client 29 uploaded
Client 27 trained
Client 27 uploaded
Client 83 trained
Client 83 uploaded
Client 19 trained
Client 19 uploaded
Epoch(t): 282 accuracy: 65.67 loss 1.0436809378862382 run_time: 9860.824412822723
FedDocs Algo: Group 5 is selected
| current_epoch 283 |. Begin client select
SchedulerThread schedule Group [ 5 ], select( 15 clients):
2 | 5 | 7 | 9 | 13 | 19 | 27 | 29 | 38 | 44 | 52 | 69 | 76 | 83 | 97 |
-----------------------------------------------------------------Schedule complete
Client 97 trained
Client 97 uploaded
Client 52 trained
Client 52 uploaded
Client 76 trained
Client 76 uploaded
Client 38 trained
Client 38 uploaded
Client 7 trained
Client 7 uploaded
Client 2 trained
Client 2 uploaded
Client 13 trained
Client 13 uploaded
Client 69 trained
Client 69 uploaded
Client 5 trained
Client 5 uploaded
Client 9 trained
Client 9 uploaded
Client 44 trained
Client 44 uploaded
Client 29 trained
Client 29 uploaded
Client 27 trained
Client 27 uploaded
Client 83 trained
Client 83 uploaded
Client 19 trained
Client 19 uploaded
Epoch(t): 283 accuracy: 65.26 loss 1.0736519587039948 run_time: 9897.573570728302
FedDocs Algo: Group 5 is selected
| current_epoch 284 |. Begin client select
SchedulerThread schedule Group [ 5 ], select( 15 clients):
2 | 5 | 7 | 9 | 13 | 19 | 27 | 29 | 38 | 44 | 52 | 69 | 76 | 83 | 97 |
-----------------------------------------------------------------Schedule complete
Client 97 trained
Client 97 uploaded
Client 52 trained
Client 52 uploaded
Client 76 trained
Client 76 uploaded
Client 38 trained
Client 38 uploaded
Client 7 trained
Client 7 uploaded
Client 13 trained
Client 13 uploaded
Client 2 trained
Client 2 uploaded
Client 69 trained
Client 69 uploaded
Client 5 trained
Client 5 uploaded
Client 9 trained
Client 9 uploaded
Client 44 trained
Client 44 uploaded
Client 29 trained
Client 29 uploaded
Client 27 trained
Client 27 uploaded
Client 83 trained
Client 83 uploaded
Client 19 trained
Client 19 uploaded
Epoch(t): 284 accuracy: 64.55 loss 1.1008173125982283 run_time: 9935.258079767227
FedDocs Algo: Group 5 is selected
| current_epoch 285 |. Begin client select
SchedulerThread schedule Group [ 5 ], select( 15 clients):
2 | 5 | 7 | 9 | 13 | 19 | 27 | 29 | 38 | 44 | 52 | 69 | 76 | 83 | 97 |
-----------------------------------------------------------------Schedule complete
Client 52 trained
Client 52 uploaded
Client 97 trained
Client 97 uploaded
Client 76 trained
Client 76 uploaded
Client 7 trained
Client 7 uploaded
Client 38 trained
Client 38 uploaded
Client 2 trained
Client 2 uploaded
Client 13 trained
Client 13 uploaded
Client 69 trained
Client 69 uploaded
Client 5 trained
Client 5 uploaded
Client 9 trained
Client 9 uploaded
Client 44 trained
Client 44 uploaded
Client 29 trained
Client 29 uploaded
Client 27 trained
Client 27 uploaded
Client 83 trained
Client 83 uploaded
Client 19 trained
Client 19 uploaded
Epoch(t): 285 accuracy: 63.8 loss 1.1339412230253219 run_time: 9972.628299713135
FedDocs Algo: Group 2 is selected
| current_epoch 286 |. Begin client select
SchedulerThread schedule Group [ 2 ], select( 15 clients):
4 | 12 | 14 | 16 | 21 | 42 | 43 | 49 | 53 | 60 | 68 | 86 | 90 | 95 | 99 |
-----------------------------------------------------------------Schedule complete
Client 68 trained
Client 68 uploaded
Client 99 trained
Client 99 uploaded
Client 53 trained
Client 53 uploaded
Client 60 trained
Client 60 uploaded
Client 21 trained
Client 21 uploaded
Client 49 trained
Client 49 uploaded
Client 12 trained
Client 12 uploaded
Client 4 trained
Client 4 uploaded
Client 14 trained
Client 14 uploaded
Client 43 trained
Client 43 uploaded
Client 95 trained
Client 95 uploaded
Client 16 trained
Client 16 uploaded
Client 90 trained
Client 90 uploaded
Client 42 trained
Client 42 uploaded
Client 86 trained
Client 86 uploaded
Epoch(t): 286 accuracy: 67.74 loss 0.981818996667862 run_time: 10007.117636680603
FedDocs Algo: Group 5 is selected
| current_epoch 287 |. Begin client select
SchedulerThread schedule Group [ 5 ], select( 15 clients):
2 | 5 | 7 | 9 | 13 | 19 | 27 | 29 | 38 | 44 | 52 | 69 | 76 | 83 | 97 |
-----------------------------------------------------------------Schedule complete
Client 97 trained
Client 97 uploaded
Client 52 trained
Client 52 uploaded
Client 76 trained
Client 76 uploaded
Client 7 trained
Client 7 uploaded
Client 38 trained
Client 38 uploaded
Client 2 trained
Client 2 uploaded
Client 13 trained
Client 13 uploaded
Client 69 trained
Client 69 uploaded
Client 5 trained
Client 5 uploaded
Client 9 trained
Client 9 uploaded
Client 44 trained
Client 44 uploaded
Client 27 trained
Client 27 uploaded
Client 29 trained
Client 29 uploaded
Client 83 trained
Client 83 uploaded
Client 19 trained
Client 19 uploaded
Epoch(t): 287 accuracy: 66.34 loss 1.039149767756462 run_time: 10044.44578051567
FedDocs Algo: Group 3 is selected
| current_epoch 288 |. Begin client select
SchedulerThread schedule Group [ 3 ], select( 15 clients):
1 | 8 | 17 | 26 | 34 | 39 | 47 | 62 | 65 | 67 | 70 | 73 | 84 | 89 | 98 |
-----------------------------------------------------------------Schedule complete
Client 1 trained
Client 1 uploaded
Client 8 trained
Client 8 uploaded
Client 67 trained
Client 67 uploaded
Client 98 trained
Client 98 uploaded
Client 62 trained
Client 62 uploaded
Client 73 trained
Client 73 uploaded
Client 84 trained
Client 84 uploaded
Client 89 trained
Client 89 uploaded
Client 47 trained
Client 47 uploaded
Client 39 trained
Client 39 uploaded
Client 17 trained
Client 17 uploaded
Client 26 trained
Client 26 uploaded
Client 34 trained
Client 34 uploaded
Client 70 trained
Client 70 uploaded
Client 65 trained
Client 65 uploaded
Epoch(t): 288 accuracy: 66.29 loss 1.004445379972458 run_time: 10082.670811891556
FedDocs Algo: Group 5 is selected
| current_epoch 289 |. Begin client select
SchedulerThread schedule Group [ 5 ], select( 15 clients):
2 | 5 | 7 | 9 | 13 | 19 | 27 | 29 | 38 | 44 | 52 | 69 | 76 | 83 | 97 |
-----------------------------------------------------------------Schedule complete
Client 97 trained
Client 97 uploaded
Client 52 trained
Client 52 uploaded
Client 76 trained
Client 76 uploaded
Client 38 trained
Client 38 uploaded
Client 7 trained
Client 7 uploaded
Client 13 trained
Client 13 uploaded
Client 2 trained
Client 2 uploaded
Client 69 trained
Client 69 uploaded
Client 5 trained
Client 5 uploaded
Client 9 trained
Client 9 uploaded
Client 44 trained
Client 44 uploaded
Client 27 trained
Client 27 uploaded
Client 29 trained
Client 29 uploaded
Client 83 trained
Client 83 uploaded
Client 19 trained
Client 19 uploaded
Epoch(t): 289 accuracy: 66.58 loss 1.019367458820343 run_time: 10120.280029296875
FedDocs Algo: Group 1 is selected
| current_epoch 290 |. Begin client select
SchedulerThread schedule Group [ 1 ], select( 15 clients):
11 | 18 | 32 | 37 | 41 | 48 | 56 | 57 | 72 | 74 | 75 | 77 | 79 | 91 | 93 |
-----------------------------------------------------------------Schedule complete
Client 75 trained
Client 75 uploaded
Client 93 trained
Client 93 uploaded
Client 37 trained
Client 37 uploaded
Client 57 trained
Client 57 uploaded
Client 74 trained
Client 74 uploaded
Client 56 trained
Client 56 uploaded
Client 48 trained
Client 48 uploaded
Client 41 trained
Client 41 uploaded
Client 18 trained
Client 18 uploaded
Client 11 trained
Client 11 uploaded
Client 77 trained
Client 77 uploaded
Client 91 trained
Client 91 uploaded
Client 32 trained
Client 32 uploaded
Client 79 trained
Client 79 uploaded
Client 72 trained
Client 72 uploaded
Epoch(t): 290 accuracy: 66.69 loss 0.9850891041755676 run_time: 10163.035001039505
FedDocs Algo: Group 3 is selected
| current_epoch 291 |. Begin client select
SchedulerThread schedule Group [ 3 ], select( 15 clients):
1 | 8 | 17 | 26 | 34 | 39 | 47 | 62 | 65 | 67 | 70 | 73 | 84 | 89 | 98 |
-----------------------------------------------------------------Schedule complete
Client 1 trained
Client 1 uploaded
Client 67 trained
Client 67 uploaded
Client 8 trained
Client 8 uploaded
Client 98 trained
Client 98 uploaded
Client 62 trained
Client 62 uploaded
Client 73 trained
Client 73 uploaded
Client 84 trained
Client 84 uploaded
Client 89 trained
Client 89 uploaded
Client 39 trained
Client 39 uploaded
Client 47 trained
Client 47 uploaded
Client 17 trained
Client 17 uploaded
Client 26 trained
Client 26 uploaded
Client 34 trained
Client 34 uploaded
Client 70 trained
Client 70 uploaded
Client 65 trained
Client 65 uploaded
Epoch(t): 291 accuracy: 66.34 loss 0.9877692979574203 run_time: 10200.864715337753
FedDocs Algo: Group 5 is selected
| current_epoch 292 |. Begin client select
SchedulerThread schedule Group [ 5 ], select( 15 clients):
2 | 5 | 7 | 9 | 13 | 19 | 27 | 29 | 38 | 44 | 52 | 69 | 76 | 83 | 97 |
-----------------------------------------------------------------Schedule complete
Client 52 trained
Client 52 uploaded
Client 97 trained
Client 97 uploaded
Client 76 trained
Client 76 uploaded
Client 38 trained
Client 38 uploaded
Client 7 trained
Client 7 uploaded
Client 13 trained
Client 13 uploaded
Client 2 trained
Client 2 uploaded
Client 69 trained
Client 69 uploaded
Client 5 trained
Client 5 uploaded
Client 9 trained
Client 9 uploaded
Client 44 trained
Client 44 uploaded
Client 29 trained
Client 29 uploaded
Client 27 trained
Client 27 uploaded
Client 83 trained
Client 83 uploaded
Client 19 trained
Client 19 uploaded
Epoch(t): 292 accuracy: 65.91 loss 1.0247996205091476 run_time: 10237.104094028473
FedDocs Algo: Group 5 is selected
| current_epoch 293 |. Begin client select
SchedulerThread schedule Group [ 5 ], select( 15 clients):
2 | 5 | 7 | 9 | 13 | 19 | 27 | 29 | 38 | 44 | 52 | 69 | 76 | 83 | 97 |
-----------------------------------------------------------------Schedule complete
Client 52 trained
Client 52 uploaded
Client 97 trained
Client 97 uploaded
Client 76 trained
Client 76 uploaded
Client 38 trained
Client 38 uploaded
Client 7 trained
Client 7 uploaded
Client 2 trained
Client 2 uploaded
Client 13 trained
Client 13 uploaded
Client 69 trained
Client 69 uploaded
Client 5 trained
Client 5 uploaded
Client 9 trained
Client 9 uploaded
Client 44 trained
Client 44 uploaded
Client 29 trained
Client 29 uploaded
Client 27 trained
Client 27 uploaded
Client 83 trained
Client 83 uploaded
Client 19 trained
Client 19 uploaded
Epoch(t): 293 accuracy: 64.95 loss 1.0670347744226456 run_time: 10271.549869537354
FedDocs Algo: Group 5 is selected
| current_epoch 294 |. Begin client select
SchedulerThread schedule Group [ 5 ], select( 15 clients):
2 | 5 | 7 | 9 | 13 | 19 | 27 | 29 | 38 | 44 | 52 | 69 | 76 | 83 | 97 |
-----------------------------------------------------------------Schedule complete
Client 52 trained
Client 52 uploaded
Client 97 trained
Client 97 uploaded
Client 76 trained
Client 76 uploaded
Client 38 trained
Client 38 uploaded
Client 7 trained
Client 7 uploaded
Client 2 trained
Client 2 uploaded
Client 13 trained
Client 13 uploaded
Client 69 trained
Client 69 uploaded
Client 5 trained
Client 5 uploaded
Client 44 trained
Client 44 uploaded
Client 9 trained
Client 9 uploaded
Client 29 trained
Client 29 uploaded
Client 27 trained
Client 27 uploaded
Client 83 trained
Client 83 uploaded
Client 19 trained
Client 19 uploaded
Epoch(t): 294 accuracy: 65.12 loss 1.0761691796779633 run_time: 10307.76116847992
FedDocs Algo: Group 4 is selected
| current_epoch 295 |. Begin client select
SchedulerThread schedule Group [ 4 ], select( 14 clients):
3 | 20 | 22 | 24 | 28 | 30 | 33 | 35 | 63 | 66 | 71 | 80 | 81 | 96 |
-----------------------------------------------------------------Schedule complete
Client 28 trained
Client 28 uploaded
Client 80 trained
Client 80 uploaded
Client 63 trained
Client 63 uploaded
Client 30 trained
Client 30 uploaded
Client 66 trained
Client 66 uploaded
Client 24 trained
Client 24 uploaded
Client 96 trained
Client 96 uploaded
Client 22 trained
Client 22 uploaded
Client 3 trained
Client 3 uploaded
Client 81 trained
Client 81 uploaded
Client 71 trained
Client 71 uploaded
Client 33 trained
Client 33 uploaded
Client 20 trained
Client 20 uploaded
Client 35 trained
Client 35 uploaded
Epoch(t): 295 accuracy: 63.66 loss 1.1189403802156448 run_time: 10341.89851307869
FedDocs Algo: Group 5 is selected
| current_epoch 296 |. Begin client select
SchedulerThread schedule Group [ 5 ], select( 15 clients):
2 | 5 | 7 | 9 | 13 | 19 | 27 | 29 | 38 | 44 | 52 | 69 | 76 | 83 | 97 |
-----------------------------------------------------------------Schedule complete
Client 52 trained
Client 52 uploaded
Client 97 trained
Client 97 uploaded
Client 76 trained
Client 76 uploaded
Client 38 trained
Client 38 uploaded
Client 7 trained
Client 7 uploaded
Client 2 trained
Client 2 uploaded
Client 13 trained
Client 13 uploaded
Client 69 trained
Client 69 uploaded
Client 5 trained
Client 5 uploaded
Client 44 trained
Client 44 uploaded
Client 9 trained
Client 9 uploaded
Client 29 trained
Client 29 uploaded
Client 27 trained
Client 27 uploaded
Client 83 trained
Client 83 uploaded
Client 19 trained
Client 19 uploaded
Epoch(t): 296 accuracy: 65.87 loss 1.0499708867073059 run_time: 10379.168534040451
FedDocs Algo: Group 1 is selected
| current_epoch 297 |. Begin client select
SchedulerThread schedule Group [ 1 ], select( 15 clients):
11 | 18 | 32 | 37 | 41 | 48 | 56 | 57 | 72 | 74 | 75 | 77 | 79 | 91 | 93 |
-----------------------------------------------------------------Schedule complete
Client 75 trained
Client 75 uploaded
Client 93 trained
Client 93 uploaded
Client 37 trained
Client 37 uploaded
Client 57 trained
Client 57 uploaded
Client 74 trained
Client 74 uploaded
Client 56 trained
Client 56 uploaded
Client 41 trained
Client 41 uploaded
Client 48 trained
Client 48 uploaded
Client 18 trained
Client 18 uploaded
Client 11 trained
Client 11 uploaded
Client 77 trained
Client 77 uploaded
Client 91 trained
Client 91 uploaded
Client 32 trained
Client 32 uploaded
Client 79 trained
Client 79 uploaded
Client 72 trained
Client 72 uploaded
Epoch(t): 297 accuracy: 66.67 loss 0.9971314907073975 run_time: 10420.938197612762
FedDocs Algo: Group 4 is selected
| current_epoch 298 |. Begin client select
SchedulerThread schedule Group [ 4 ], select( 14 clients):
3 | 20 | 22 | 24 | 28 | 30 | 33 | 35 | 63 | 66 | 71 | 80 | 81 | 96 |
-----------------------------------------------------------------Schedule complete
Client 28 trained
Client 28 uploaded
Client 80 trained
Client 80 uploaded
Client 30 trained
Client 30 uploaded
Client 63 trained
Client 63 uploaded
Client 66 trained
Client 66 uploaded
Client 24 trained
Client 24 uploaded
Client 96 trained
Client 96 uploaded
Client 22 trained
Client 22 uploaded
Client 3 trained
Client 3 uploaded
Client 81 trained
Client 81 uploaded
Client 71 trained
Client 71 uploaded
Client 33 trained
Client 33 uploaded
Client 20 trained
Client 20 uploaded
Client 35 trained
Client 35 uploaded
Epoch(t): 298 accuracy: 64.7 loss 1.0690947848558425 run_time: 10456.090582370758
FedDocs Algo: Group 5 is selected
| current_epoch 299 |. Begin client select
SchedulerThread schedule Group [ 5 ], select( 15 clients):
2 | 5 | 7 | 9 | 13 | 19 | 27 | 29 | 38 | 44 | 52 | 69 | 76 | 83 | 97 |
-----------------------------------------------------------------Schedule complete
Client 52 trained
Client 52 uploaded
Client 97 trained
Client 97 uploaded
Client 76 trained
Client 76 uploaded
Client 38 trained
Client 38 uploaded
Client 7 trained
Client 7 uploaded
Client 2 trained
Client 2 uploaded
Client 13 trained
Client 13 uploaded
Client 69 trained
Client 69 uploaded
Client 5 trained
Client 5 uploaded
Client 44 trained
Client 44 uploaded
Client 9 trained
Client 9 uploaded
Client 29 trained
Client 29 uploaded
Client 27 trained
Client 27 uploaded
Client 83 trained
Client 83 uploaded
Client 19 trained
Client 19 uploaded
Epoch(t): 299 accuracy: 65.17 loss 1.0518864738941192 run_time: 10493.45136475563
FedDocs Algo: Group 3 is selected
| current_epoch 300 |. Begin client select
SchedulerThread schedule Group [ 3 ], select( 15 clients):
1 | 8 | 17 | 26 | 34 | 39 | 47 | 62 | 65 | 67 | 70 | 73 | 84 | 89 | 98 |
-----------------------------------------------------------------Schedule complete
Client 1 trained
Client 1 uploaded
Client 8 trained
Client 8 uploaded
Client 67 trained
Client 67 uploaded
Client 98 trained
Client 98 uploaded
Client 62 trained
Client 62 uploaded
Client 73 trained
Client 73 uploaded
Client 84 trained
Client 84 uploaded
Client 89 trained
Client 89 uploaded
Client 47 trained
Client 47 uploaded
Client 39 trained
Client 39 uploaded
Client 17 trained
Client 17 uploaded
Client 26 trained
Client 26 uploaded
Client 34 trained
Client 34 uploaded
Client 65 trained
Client 65 uploaded
Client 70 trained
Client 70 uploaded
Epoch(t): 300 accuracy: 66.17 loss 1.000592839717865 run_time: 10533.268499612808
FedDocs Algo: Group 1 is selected
| current_epoch 301 |. Begin client select
SchedulerThread schedule Group [ 1 ], select( 15 clients):
11 | 18 | 32 | 37 | 41 | 48 | 56 | 57 | 72 | 74 | 75 | 77 | 79 | 91 | 93 |
-----------------------------------------------------------------Schedule complete
Client 75 trained
Client 75 uploaded
Client 93 trained
Client 93 uploaded
Client 37 trained
Client 37 uploaded
Client 74 trained
Client 74 uploaded
Client 57 trained
Client 57 uploaded
Client 48 trained
Client 48 uploaded
Client 56 trained
Client 56 uploaded
Client 41 trained
Client 41 uploaded
Client 11 trained
Client 11 uploaded
Client 77 trained
Client 77 uploaded
Client 18 trained
Client 18 uploaded
Client 91 trained
Client 91 uploaded
Client 32 trained
Client 32 uploaded
Client 79 trained
Client 79 uploaded
Client 72 trained
Client 72 uploaded
Epoch(t): 301 accuracy: 66.24 loss 0.9957741159200668 run_time: 10574.90977692604
FedDocs Algo: Group 6 is selected
| current_epoch 302 |. Begin client select
SchedulerThread schedule Group [ 6 ], select( 14 clients):
0 | 6 | 15 | 25 | 31 | 36 | 40 | 54 | 59 | 82 | 85 | 87 | 92 | 94 |
-----------------------------------------------------------------Schedule complete
Client 94 trained
Client 94 uploaded
Client 25 trained
Client 25 uploaded
Client 87 trained
Client 87 uploaded
Client 54 trained
Client 54 uploaded
Client 36 trained
Client 36 uploaded
Client 92 trained
Client 92 uploaded
Client 0 trained
Client 0 uploaded
Client 6 trained
Client 6 uploaded
Client 31 trained
Client 31 uploaded
Client 40 trained
Client 40 uploaded
Client 82 trained
Client 82 uploaded
Client 85 trained
Client 85 uploaded
Client 15 trained
Client 15 uploaded
Client 59 trained
Client 59 uploaded
Epoch(t): 302 accuracy: 65.2 loss 1.0355186718702316 run_time: 10602.271445512772
FedDocs Algo: Group 5 is selected
| current_epoch 303 |. Begin client select
SchedulerThread schedule Group [ 5 ], select( 15 clients):
2 | 5 | 7 | 9 | 13 | 19 | 27 | 29 | 38 | 44 | 52 | 69 | 76 | 83 | 97 |
-----------------------------------------------------------------Schedule complete
Client 52 trained
Client 52 uploaded
Client 97 trained
Client 97 uploaded
Client 76 trained
Client 76 uploaded
Client 7 trained
Client 7 uploaded
Client 38 trained
Client 38 uploaded
Client 13 trained
Client 13 uploaded
Client 2 trained
Client 2 uploaded
Client 69 trained
Client 69 uploaded
Client 5 trained
Client 5 uploaded
Client 9 trained
Client 9 uploaded
Client 44 trained
Client 44 uploaded
Client 29 trained
Client 29 uploaded
Client 27 trained
Client 27 uploaded
Client 83 trained
Client 83 uploaded
Client 19 trained
Client 19 uploaded
Epoch(t): 303 accuracy: 65.87 loss 1.039137299656868 run_time: 10638.636112451553
FedDocs Algo: Group 5 is selected
| current_epoch 304 |. Begin client select
SchedulerThread schedule Group [ 5 ], select( 15 clients):
2 | 5 | 7 | 9 | 13 | 19 | 27 | 29 | 38 | 44 | 52 | 69 | 76 | 83 | 97 |
-----------------------------------------------------------------Schedule complete
Client 52 trained
Client 52 uploaded
Client 97 trained
Client 97 uploaded
Client 76 trained
Client 76 uploaded
Client 38 trained
Client 38 uploaded
Client 7 trained
Client 7 uploaded
Client 2 trained
Client 2 uploaded
Client 13 trained
Client 13 uploaded
Client 69 trained
Client 69 uploaded
Client 5 trained
Client 5 uploaded
Client 44 trained
Client 44 uploaded
Client 9 trained
Client 9 uploaded
Client 29 trained
Client 29 uploaded
Client 27 trained
Client 27 uploaded
Client 83 trained
Client 83 uploaded
Client 19 trained
Client 19 uploaded
Epoch(t): 304 accuracy: 65.55 loss 1.0694263088703155 run_time: 10676.301448345184
FedDocs Algo: Group 0 is selected
| current_epoch 305 |. Begin client select
SchedulerThread schedule Group [ 0 ], select( 12 clients):
10 | 23 | 45 | 46 | 50 | 51 | 55 | 58 | 61 | 64 | 78 | 88 |
-----------------------------------------------------------------Schedule complete
Client 10 trained
Client 10 uploaded
Client 46 trained
Client 46 uploaded
Client 58 trained
Client 58 uploaded
Client 51 trained
Client 51 uploaded
Client 61 trained
Client 61 uploaded
Client 64 trained
Client 64 uploaded
Client 55 trained
Client 55 uploaded
Client 45 trained
Client 45 uploaded
Client 88 trained
Client 88 uploaded
Client 23 trained
Client 23 uploaded
Client 78 trained
Client 78 uploaded
Client 50 trained
Client 50 uploaded
Epoch(t): 305 accuracy: 66.72 loss 0.9991906398534774 run_time: 10703.673477649689
FedDocs Algo: Group 5 is selected
| current_epoch 306 |. Begin client select
SchedulerThread schedule Group [ 5 ], select( 15 clients):
2 | 5 | 7 | 9 | 13 | 19 | 27 | 29 | 38 | 44 | 52 | 69 | 76 | 83 | 97 |
-----------------------------------------------------------------Schedule complete
Client 52 trained
Client 52 uploaded
Client 97 trained
Client 97 uploaded
Client 76 trained
Client 76 uploaded
Client 38 trained
Client 38 uploaded
Client 7 trained
Client 7 uploaded
Client 2 trained
Client 2 uploaded
Client 13 trained
Client 13 uploaded
Client 69 trained
Client 69 uploaded
Client 5 trained
Client 5 uploaded
Client 44 trained
Client 44 uploaded
Client 9 trained
Client 9 uploaded
Client 29 trained
Client 29 uploaded
Client 27 trained
Client 27 uploaded
Client 83 trained
Client 83 uploaded
Client 19 trained
Client 19 uploaded
Epoch(t): 306 accuracy: 66.05 loss 1.0466046673059464 run_time: 10741.487134456635
FedDocs Algo: Group 5 is selected
| current_epoch 307 |. Begin client select
SchedulerThread schedule Group [ 5 ], select( 15 clients):
2 | 5 | 7 | 9 | 13 | 19 | 27 | 29 | 38 | 44 | 52 | 69 | 76 | 83 | 97 |
-----------------------------------------------------------------Schedule complete
Client 52 trained
Client 52 uploaded
Client 97 trained
Client 97 uploaded
Client 76 trained
Client 76 uploaded
Client 38 trained
Client 38 uploaded
Client 7 trained
Client 7 uploaded
Client 13 trained
Client 13 uploaded
Client 2 trained
Client 2 uploaded
Client 69 trained
Client 69 uploaded
Client 5 trained
Client 5 uploaded
Client 44 trained
Client 44 uploaded
Client 9 trained
Client 9 uploaded
Client 29 trained
Client 29 uploaded
Client 27 trained
Client 27 uploaded
Client 83 trained
Client 83 uploaded
Client 19 trained
Client 19 uploaded
Epoch(t): 307 accuracy: 65.3 loss 1.079486876130104 run_time: 10779.114368915558
FedDocs Algo: Group 6 is selected
| current_epoch 308 |. Begin client select
SchedulerThread schedule Group [ 6 ], select( 14 clients):
0 | 6 | 15 | 25 | 31 | 36 | 40 | 54 | 59 | 82 | 85 | 87 | 92 | 94 |
-----------------------------------------------------------------Schedule complete
Client 94 trained
Client 94 uploaded
Client 54 trained
Client 54 uploaded
Client 25 trained
Client 25 uploaded
Client 36 trained
Client 36 uploaded
Client 87 trained
Client 87 uploaded
Client 92 trained
Client 92 uploaded
Client 0 trained
Client 0 uploaded
Client 6 trained
Client 6 uploaded
Client 31 trained
Client 31 uploaded
Client 40 trained
Client 40 uploaded
Client 82 trained
Client 82 uploaded
Client 85 trained
Client 85 uploaded
Client 15 trained
Client 15 uploaded
Client 59 trained
Client 59 uploaded
Epoch(t): 308 accuracy: 65.89 loss 1.0406938499212266 run_time: 10806.366130113602
FedDocs Algo: Group 5 is selected
| current_epoch 309 |. Begin client select
SchedulerThread schedule Group [ 5 ], select( 15 clients):
2 | 5 | 7 | 9 | 13 | 19 | 27 | 29 | 38 | 44 | 52 | 69 | 76 | 83 | 97 |
-----------------------------------------------------------------Schedule complete
Client 52 trained
Client 52 uploaded
Client 97 trained
Client 97 uploaded
Client 76 trained
Client 76 uploaded
Client 38 trained
Client 38 uploaded
Client 7 trained
Client 7 uploaded
Client 2 trained
Client 2 uploaded
Client 13 trained
Client 13 uploaded
Client 5 trained
Client 5 uploaded
Client 69 trained
Client 69 uploaded
Client 44 trained
Client 44 uploaded
Client 9 trained
Client 9 uploaded
Client 29 trained
Client 29 uploaded
Client 27 trained
Client 27 uploaded
Client 83 trained
Client 83 uploaded
Client 19 trained
Client 19 uploaded
Epoch(t): 309 accuracy: 66.44 loss 1.0505384373664857 run_time: 10844.37247633934
FedDocs Algo: Group 2 is selected
| current_epoch 310 |. Begin client select
SchedulerThread schedule Group [ 2 ], select( 15 clients):
4 | 12 | 14 | 16 | 21 | 42 | 43 | 49 | 53 | 60 | 68 | 86 | 90 | 95 | 99 |
-----------------------------------------------------------------Schedule complete
Client 68 trained
Client 68 uploaded
Client 99 trained
Client 99 uploaded
Client 53 trained
Client 53 uploaded
Client 60 trained
Client 60 uploaded
Client 21 trained
Client 21 uploaded
Client 49 trained
Client 49 uploaded
Client 12 trained
Client 12 uploaded
Client 4 trained
Client 4 uploaded
Client 14 trained
Client 14 uploaded
Client 43 trained
Client 43 uploaded
Client 95 trained
Client 95 uploaded
Client 16 trained
Client 16 uploaded
Client 90 trained
Client 90 uploaded
Client 42 trained
Client 42 uploaded
Client 86 trained
Client 86 uploaded
Epoch(t): 310 accuracy: 67.24 loss 0.9789063769578934 run_time: 10879.36856341362
FedDocs Algo: Group 1 is selected
| current_epoch 311 |. Begin client select
SchedulerThread schedule Group [ 1 ], select( 15 clients):
11 | 18 | 32 | 37 | 41 | 48 | 56 | 57 | 72 | 74 | 75 | 77 | 79 | 91 | 93 |
-----------------------------------------------------------------Schedule complete
Client 75 trained
Client 75 uploaded
Client 93 trained
Client 93 uploaded
Client 37 trained
Client 37 uploaded
Client 57 trained
Client 57 uploaded
Client 74 trained
Client 74 uploaded
Client 56 trained
Client 56 uploaded
Client 41 trained
Client 41 uploaded
Client 48 trained
Client 48 uploaded
Client 18 trained
Client 18 uploaded
Client 11 trained
Client 11 uploaded
Client 77 trained
Client 77 uploaded
Client 32 trained
Client 32 uploaded
Client 91 trained
Client 91 uploaded
Client 79 trained
Client 79 uploaded
Client 72 trained
Client 72 uploaded
Epoch(t): 311 accuracy: 67.65 loss 0.9611281847953796 run_time: 10921.604795694351
FedDocs Algo: Group 0 is selected
| current_epoch 312 |. Begin client select
SchedulerThread schedule Group [ 0 ], select( 12 clients):
10 | 23 | 45 | 46 | 50 | 51 | 55 | 58 | 61 | 64 | 78 | 88 |
-----------------------------------------------------------------Schedule complete
Client 10 trained
Client 10 uploaded
Client 46 trained
Client 46 uploaded
Client 58 trained
Client 58 uploaded
Client 51 trained
Client 51 uploaded
Client 61 trained
Client 61 uploaded
Client 55 trained
Client 55 uploaded
Client 64 trained
Client 64 uploaded
Client 88 trained
Client 88 uploaded
Client 45 trained
Client 45 uploaded
Client 23 trained
Client 23 uploaded
Client 78 trained
Client 78 uploaded
Client 50 trained
Client 50 uploaded
Epoch(t): 312 accuracy: 67.37 loss 0.9668289905786515 run_time: 10949.279913187027
FedDocs Algo: Group 3 is selected
| current_epoch 313 |. Begin client select
SchedulerThread schedule Group [ 3 ], select( 15 clients):
1 | 8 | 17 | 26 | 34 | 39 | 47 | 62 | 65 | 67 | 70 | 73 | 84 | 89 | 98 |
-----------------------------------------------------------------Schedule complete
Client 1 trained
Client 1 uploaded
Client 8 trained
Client 8 uploaded
Client 67 trained
Client 67 uploaded
Client 98 trained
Client 98 uploaded
Client 62 trained
Client 62 uploaded
Client 73 trained
Client 73 uploaded
Client 84 trained
Client 84 uploaded
Client 47 trained
Client 47 uploaded
Client 89 trained
Client 89 uploaded
Client 39 trained
Client 39 uploaded
Client 17 trained
Client 17 uploaded
Client 26 trained
Client 26 uploaded
Client 34 trained
Client 34 uploaded
Client 65 trained
Client 65 uploaded
Client 70 trained
Client 70 uploaded
Epoch(t): 313 accuracy: 67.55 loss 0.9717811894416809 run_time: 10989.12989974022
FedDocs Algo: Group 5 is selected
| current_epoch 314 |. Begin client select
SchedulerThread schedule Group [ 5 ], select( 15 clients):
2 | 5 | 7 | 9 | 13 | 19 | 27 | 29 | 38 | 44 | 52 | 69 | 76 | 83 | 97 |
-----------------------------------------------------------------Schedule complete
Client 97 trained
Client 97 uploaded
Client 52 trained
Client 52 uploaded
Client 76 trained
Client 76 uploaded
Client 38 trained
Client 38 uploaded
Client 7 trained
Client 7 uploaded
Client 13 trained
Client 13 uploaded
Client 2 trained
Client 2 uploaded
Client 69 trained
Client 69 uploaded
Client 5 trained
Client 5 uploaded
Client 9 trained
Client 9 uploaded
Client 44 trained
Client 44 uploaded
Client 27 trained
Client 27 uploaded
Client 29 trained
Client 29 uploaded
Client 83 trained
Client 83 uploaded
Client 19 trained
Client 19 uploaded
Epoch(t): 314 accuracy: 66.7 loss 1.015364589691162 run_time: 11026.615725278854
FedDocs Algo: Group 5 is selected
| current_epoch 315 |. Begin client select
SchedulerThread schedule Group [ 5 ], select( 15 clients):
2 | 5 | 7 | 9 | 13 | 19 | 27 | 29 | 38 | 44 | 52 | 69 | 76 | 83 | 97 |
-----------------------------------------------------------------Schedule complete
Client 52 trained
Client 52 uploaded
Client 97 trained
Client 97 uploaded
Client 76 trained
Client 76 uploaded
Client 38 trained
Client 38 uploaded
Client 7 trained
Client 7 uploaded
Client 2 trained
Client 2 uploaded
Client 13 trained
Client 13 uploaded
Client 69 trained
Client 69 uploaded
Client 5 trained
Client 5 uploaded
Client 9 trained
Client 9 uploaded
Client 44 trained
Client 44 uploaded
Client 29 trained
Client 29 uploaded
Client 27 trained
Client 27 uploaded
Client 83 trained
Client 83 uploaded
Client 19 trained
Client 19 uploaded
Epoch(t): 315 accuracy: 65.45 loss 1.0590351647138596 run_time: 11064.390892982483
FedDocs Algo: Group 5 is selected
| current_epoch 316 |. Begin client select
SchedulerThread schedule Group [ 5 ], select( 15 clients):
2 | 5 | 7 | 9 | 13 | 19 | 27 | 29 | 38 | 44 | 52 | 69 | 76 | 83 | 97 |
-----------------------------------------------------------------Schedule complete
Client 97 trained
Client 97 uploaded
Client 52 trained
Client 52 uploaded
Client 76 trained
Client 76 uploaded
Client 7 trained
Client 7 uploaded
Client 38 trained
Client 38 uploaded
Client 13 trained
Client 13 uploaded
Client 2 trained
Client 2 uploaded
Client 69 trained
Client 69 uploaded
Client 5 trained
Client 5 uploaded
Client 9 trained
Client 9 uploaded
Client 44 trained
Client 44 uploaded
Client 29 trained
Client 29 uploaded
Client 27 trained
Client 27 uploaded
Client 83 trained
Client 83 uploaded
Client 19 trained
Client 19 uploaded
Epoch(t): 316 accuracy: 65.15 loss 1.0786489367485046 run_time: 11101.845021486282
FedDocs Algo: Group 5 is selected
| current_epoch 317 |. Begin client select
SchedulerThread schedule Group [ 5 ], select( 15 clients):
2 | 5 | 7 | 9 | 13 | 19 | 27 | 29 | 38 | 44 | 52 | 69 | 76 | 83 | 97 |
-----------------------------------------------------------------Schedule complete
Client 52 trained
Client 52 uploaded
Client 97 trained
Client 97 uploaded
Client 76 trained
Client 76 uploaded
Client 38 trained
Client 38 uploaded
Client 7 trained
Client 7 uploaded
Client 13 trained
Client 13 uploaded
Client 2 trained
Client 2 uploaded
Client 69 trained
Client 69 uploaded
Client 5 trained
Client 5 uploaded
Client 44 trained
Client 44 uploaded
Client 9 trained
Client 9 uploaded
Client 29 trained
Client 29 uploaded
Client 27 trained
Client 27 uploaded
Client 83 trained
Client 83 uploaded
Client 19 trained
Client 19 uploaded
Epoch(t): 317 accuracy: 64.85 loss 1.0916785675287246 run_time: 11138.633440256119
FedDocs Algo: Group 5 is selected
| current_epoch 318 |. Begin client select
SchedulerThread schedule Group [ 5 ], select( 15 clients):
2 | 5 | 7 | 9 | 13 | 19 | 27 | 29 | 38 | 44 | 52 | 69 | 76 | 83 | 97 |
-----------------------------------------------------------------Schedule complete
Client 52 trained
Client 52 uploaded
Client 97 trained
Client 97 uploaded
Client 76 trained
Client 76 uploaded
Client 38 trained
Client 38 uploaded
Client 7 trained
Client 7 uploaded
Client 13 trained
Client 13 uploaded
Client 2 trained
Client 2 uploaded
Client 69 trained
Client 69 uploaded
Client 5 trained
Client 5 uploaded
Client 9 trained
Client 9 uploaded
Client 44 trained
Client 44 uploaded
Client 29 trained
Client 29 uploaded
Client 27 trained
Client 27 uploaded
Client 83 trained
Client 83 uploaded
Client 19 trained
Client 19 uploaded
Epoch(t): 318 accuracy: 64.51 loss 1.1145351701974868 run_time: 11176.560603618622
FedDocs Algo: Group 1 is selected
| current_epoch 319 |. Begin client select
SchedulerThread schedule Group [ 1 ], select( 15 clients):
11 | 18 | 32 | 37 | 41 | 48 | 56 | 57 | 72 | 74 | 75 | 77 | 79 | 91 | 93 |
-----------------------------------------------------------------Schedule complete
Client 75 trained
Client 75 uploaded
Client 93 trained
Client 93 uploaded
Client 37 trained
Client 37 uploaded
Client 74 trained
Client 74 uploaded
Client 57 trained
Client 57 uploaded
Client 56 trained
Client 56 uploaded
Client 48 trained
Client 48 uploaded
Client 41 trained
Client 41 uploaded
Client 11 trained
Client 11 uploaded
Client 77 trained
Client 77 uploaded
Client 18 trained
Client 18 uploaded
Client 91 trained
Client 91 uploaded
Client 32 trained
Client 32 uploaded
Client 79 trained
Client 79 uploaded
Client 72 trained
Client 72 uploaded
Epoch(t): 319 accuracy: 65.66 loss 1.0166502690315247 run_time: 11219.549282312393
FedDocs Algo: Group 5 is selected
| current_epoch 320 |. Begin client select
SchedulerThread schedule Group [ 5 ], select( 15 clients):
2 | 5 | 7 | 9 | 13 | 19 | 27 | 29 | 38 | 44 | 52 | 69 | 76 | 83 | 97 |
-----------------------------------------------------------------Schedule complete
Client 52 trained
Client 52 uploaded
Client 97 trained
Client 97 uploaded
Client 76 trained
Client 76 uploaded
Client 7 trained
Client 7 uploaded
Client 38 trained
Client 38 uploaded
Client 2 trained
Client 2 uploaded
Client 13 trained
Client 13 uploaded
Client 69 trained
Client 69 uploaded
Client 5 trained
Client 5 uploaded
Client 9 trained
Client 9 uploaded
Client 44 trained
Client 44 uploaded
Client 29 trained
Client 29 uploaded
Client 27 trained
Client 27 uploaded
Client 83 trained
Client 83 uploaded
Client 19 trained
Client 19 uploaded
Epoch(t): 320 accuracy: 65.45 loss 1.0621677267551421 run_time: 11256.233885765076
FedDocs Algo: Group 6 is selected
| current_epoch 321 |. Begin client select
SchedulerThread schedule Group [ 6 ], select( 14 clients):
0 | 6 | 15 | 25 | 31 | 36 | 40 | 54 | 59 | 82 | 85 | 87 | 92 | 94 |
-----------------------------------------------------------------Schedule complete
Client 94 trained
Client 94 uploaded
Client 36 trained
Client 36 uploaded
Client 54 trained
Client 54 uploaded
Client 25 trained
Client 25 uploaded
Client 87 trained
Client 87 uploaded
Client 0 trained
Client 0 uploaded
Client 92 trained
Client 92 uploaded
Client 6 trained
Client 6 uploaded
Client 31 trained
Client 31 uploaded
Client 40 trained
Client 40 uploaded
Client 82 trained
Client 82 uploaded
Client 85 trained
Client 85 uploaded
Client 15 trained
Client 15 uploaded
Client 59 trained
Client 59 uploaded
Epoch(t): 321 accuracy: 65.82 loss 1.0336732012033463 run_time: 11283.606256723404
FedDocs Algo: Group 5 is selected
| current_epoch 322 |. Begin client select
SchedulerThread schedule Group [ 5 ], select( 15 clients):
2 | 5 | 7 | 9 | 13 | 19 | 27 | 29 | 38 | 44 | 52 | 69 | 76 | 83 | 97 |
-----------------------------------------------------------------Schedule complete
Client 97 trained
Client 97 uploaded
Client 52 trained
Client 52 uploaded
Client 76 trained
Client 76 uploaded
Client 38 trained
Client 38 uploaded
Client 7 trained
Client 7 uploaded
Client 2 trained
Client 2 uploaded
Client 13 trained
Client 13 uploaded
Client 69 trained
Client 69 uploaded
Client 5 trained
Client 5 uploaded
Client 9 trained
Client 9 uploaded
Client 44 trained
Client 44 uploaded
Client 29 trained
Client 29 uploaded
Client 27 trained
Client 27 uploaded
Client 83 trained
Client 83 uploaded
Client 19 trained
Client 19 uploaded
Epoch(t): 322 accuracy: 65.12 loss 1.064289397597313 run_time: 11320.968687534332
FedDocs Algo: Group 5 is selected
| current_epoch 323 |. Begin client select
SchedulerThread schedule Group [ 5 ], select( 15 clients):
2 | 5 | 7 | 9 | 13 | 19 | 27 | 29 | 38 | 44 | 52 | 69 | 76 | 83 | 97 |
-----------------------------------------------------------------Schedule complete
Client 52 trained
Client 52 uploaded
Client 97 trained
Client 97 uploaded
Client 76 trained
Client 76 uploaded
Client 38 trained
Client 38 uploaded
Client 7 trained
Client 7 uploaded
Client 2 trained
Client 2 uploaded
Client 13 trained
Client 13 uploaded
Client 69 trained
Client 69 uploaded
Client 5 trained
Client 5 uploaded
Client 9 trained
Client 9 uploaded
Client 44 trained
Client 44 uploaded
Client 29 trained
Client 29 uploaded
Client 27 trained
Client 27 uploaded
Client 83 trained
Client 83 uploaded
Client 19 trained
Client 19 uploaded
Epoch(t): 323 accuracy: 64.9 loss 1.090305256843567 run_time: 11358.060515880585
FedDocs Algo: Group 5 is selected
| current_epoch 324 |. Begin client select
SchedulerThread schedule Group [ 5 ], select( 15 clients):
2 | 5 | 7 | 9 | 13 | 19 | 27 | 29 | 38 | 44 | 52 | 69 | 76 | 83 | 97 |
-----------------------------------------------------------------Schedule complete
Client 97 trained
Client 97 uploaded
Client 52 trained
Client 52 uploaded
Client 76 trained
Client 76 uploaded
Client 38 trained
Client 38 uploaded
Client 7 trained
Client 7 uploaded
Client 13 trained
Client 13 uploaded
Client 2 trained
Client 2 uploaded
Client 69 trained
Client 69 uploaded
Client 5 trained
Client 5 uploaded
Client 9 trained
Client 9 uploaded
Client 44 trained
Client 44 uploaded
Client 29 trained
Client 29 uploaded
Client 27 trained
Client 27 uploaded
Client 83 trained
Client 83 uploaded
Client 19 trained
Client 19 uploaded
Epoch(t): 324 accuracy: 64.81 loss 1.1151602625846864 run_time: 11395.734819173813
FedDocs Algo: Group 6 is selected
| current_epoch 325 |. Begin client select
SchedulerThread schedule Group [ 6 ], select( 14 clients):
0 | 6 | 15 | 25 | 31 | 36 | 40 | 54 | 59 | 82 | 85 | 87 | 92 | 94 |
-----------------------------------------------------------------Schedule complete
Client 94 trained
Client 94 uploaded
Client 54 trained
Client 54 uploaded
Client 36 trained
Client 36 uploaded
Client 87 trained
Client 87 uploaded
Client 25 trained
Client 25 uploaded
Client 0 trained
Client 0 uploaded
Client 92 trained
Client 92 uploaded
Client 6 trained
Client 6 uploaded
Client 31 trained
Client 31 uploaded
Client 40 trained
Client 40 uploaded
Client 82 trained
Client 82 uploaded
Client 85 trained
Client 85 uploaded
Client 15 trained
Client 15 uploaded
Client 59 trained
Client 59 uploaded
Epoch(t): 325 accuracy: 64.03 loss 1.0940686511993407 run_time: 11423.360160827637
FedDocs Algo: Group 5 is selected
| current_epoch 326 |. Begin client select
SchedulerThread schedule Group [ 5 ], select( 15 clients):
2 | 5 | 7 | 9 | 13 | 19 | 27 | 29 | 38 | 44 | 52 | 69 | 76 | 83 | 97 |
-----------------------------------------------------------------Schedule complete
Client 97 trained
Client 97 uploaded
Client 52 trained
Client 52 uploaded
Client 76 trained
Client 76 uploaded
Client 38 trained
Client 38 uploaded
Client 7 trained
Client 7 uploaded
Client 13 trained
Client 13 uploaded
Client 2 trained
Client 2 uploaded
Client 5 trained
Client 5 uploaded
Client 69 trained
Client 69 uploaded
Client 9 trained
Client 9 uploaded
Client 44 trained
Client 44 uploaded
Client 29 trained
Client 29 uploaded
Client 27 trained
Client 27 uploaded
Client 83 trained
Client 83 uploaded
Client 19 trained
Client 19 uploaded
Epoch(t): 326 accuracy: 64.66 loss 1.0952984112501145 run_time: 11459.69506597519
FedDocs Algo: Group 0 is selected
| current_epoch 327 |. Begin client select
SchedulerThread schedule Group [ 0 ], select( 12 clients):
10 | 23 | 45 | 46 | 50 | 51 | 55 | 58 | 61 | 64 | 78 | 88 |
-----------------------------------------------------------------Schedule complete
Client 10 trained
Client 10 uploaded
Client 46 trained
Client 46 uploaded
Client 58 trained
Client 58 uploaded
Client 61 trained
Client 61 uploaded
Client 51 trained
Client 51 uploaded
Client 55 trained
Client 55 uploaded
Client 64 trained
Client 64 uploaded
Client 45 trained
Client 45 uploaded
Client 88 trained
Client 88 uploaded
Client 23 trained
Client 23 uploaded
Client 78 trained
Client 78 uploaded
Client 50 trained
Client 50 uploaded
Epoch(t): 327 accuracy: 66.25 loss 1.0264566296339035 run_time: 11487.036133289337
FedDocs Algo: Group 6 is selected
| current_epoch 328 |. Begin client select
SchedulerThread schedule Group [ 6 ], select( 14 clients):
0 | 6 | 15 | 25 | 31 | 36 | 40 | 54 | 59 | 82 | 85 | 87 | 92 | 94 |
-----------------------------------------------------------------Schedule complete
Client 94 trained
Client 94 uploaded
Client 87 trained
Client 87 uploaded
Client 54 trained
Client 54 uploaded
Client 36 trained
Client 36 uploaded
Client 25 trained
Client 25 uploaded
Client 0 trained
Client 0 uploaded
Client 92 trained
Client 92 uploaded
Client 6 trained
Client 6 uploaded
Client 31 trained
Client 31 uploaded
Client 40 trained
Client 40 uploaded
Client 82 trained
Client 82 uploaded
Client 85 trained
Client 85 uploaded
Client 59 trained
Client 59 uploaded
Client 15 trained
Client 15 uploaded
Epoch(t): 328 accuracy: 66.6 loss 1.0340585613250732 run_time: 11514.536559820175
FedDocs Algo: Group 1 is selected
| current_epoch 329 |. Begin client select
SchedulerThread schedule Group [ 1 ], select( 15 clients):
11 | 18 | 32 | 37 | 41 | 48 | 56 | 57 | 72 | 74 | 75 | 77 | 79 | 91 | 93 |
-----------------------------------------------------------------Schedule complete
Client 75 trained
Client 75 uploaded
Client 93 trained
Client 93 uploaded
Client 37 trained
Client 37 uploaded
Client 57 trained
Client 57 uploaded
Client 74 trained
Client 74 uploaded
Client 56 trained
Client 56 uploaded
Client 41 trained
Client 41 uploaded
Client 48 trained
Client 48 uploaded
Client 18 trained
Client 18 uploaded
Client 11 trained
Client 11 uploaded
Client 77 trained
Client 77 uploaded
Client 91 trained
Client 91 uploaded
Client 32 trained
Client 32 uploaded
Client 79 trained
Client 79 uploaded
Client 72 trained
Client 72 uploaded
Epoch(t): 329 accuracy: 66.58 loss 0.9978306841850281 run_time: 11556.826631069183
FedDocs Algo: Group 5 is selected
| current_epoch 330 |. Begin client select
SchedulerThread schedule Group [ 5 ], select( 15 clients):
2 | 5 | 7 | 9 | 13 | 19 | 27 | 29 | 38 | 44 | 52 | 69 | 76 | 83 | 97 |
-----------------------------------------------------------------Schedule complete
Client 52 trained
Client 52 uploaded
Client 97 trained
Client 97 uploaded
Client 76 trained
Client 76 uploaded
Client 38 trained
Client 38 uploaded
Client 7 trained
Client 7 uploaded
Client 13 trained
Client 13 uploaded
Client 2 trained
Client 2 uploaded
Client 69 trained
Client 69 uploaded
Client 5 trained
Client 5 uploaded
Client 44 trained
Client 44 uploaded
Client 9 trained
Client 9 uploaded
Client 29 trained
Client 29 uploaded
Client 27 trained
Client 27 uploaded
Client 83 trained
Client 83 uploaded
Client 19 trained
Client 19 uploaded
Epoch(t): 330 accuracy: 65.85 loss 1.0433606988191604 run_time: 11595.151818752289
FedDocs Algo: Group 5 is selected
| current_epoch 331 |. Begin client select
SchedulerThread schedule Group [ 5 ], select( 15 clients):
2 | 5 | 7 | 9 | 13 | 19 | 27 | 29 | 38 | 44 | 52 | 69 | 76 | 83 | 97 |
-----------------------------------------------------------------Schedule complete
Client 52 trained
Client 52 uploaded
Client 97 trained
Client 97 uploaded
Client 76 trained
Client 76 uploaded
Client 7 trained
Client 7 uploaded
Client 38 trained
Client 38 uploaded
Client 2 trained
Client 2 uploaded
Client 13 trained
Client 13 uploaded
Client 69 trained
Client 69 uploaded
Client 5 trained
Client 5 uploaded
Client 9 trained
Client 9 uploaded
Client 44 trained
Client 44 uploaded
Client 29 trained
Client 29 uploaded
Client 27 trained
Client 27 uploaded
Client 83 trained
Client 83 uploaded
Client 19 trained
Client 19 uploaded
Epoch(t): 331 accuracy: 65.28 loss 1.0840007913112641 run_time: 11631.877062559128
FedDocs Algo: Group 5 is selected
| current_epoch 332 |. Begin client select
SchedulerThread schedule Group [ 5 ], select( 15 clients):
2 | 5 | 7 | 9 | 13 | 19 | 27 | 29 | 38 | 44 | 52 | 69 | 76 | 83 | 97 |
-----------------------------------------------------------------Schedule complete
Client 52 trained
Client 52 uploaded
Client 97 trained
Client 97 uploaded
Client 76 trained
Client 76 uploaded
Client 38 trained
Client 38 uploaded
Client 7 trained
Client 7 uploaded
Client 2 trained
Client 2 uploaded
Client 13 trained
Client 13 uploaded
Client 69 trained
Client 69 uploaded
Client 5 trained
Client 5 uploaded
Client 9 trained
Client 9 uploaded
Client 44 trained
Client 44 uploaded
Client 29 trained
Client 29 uploaded
Client 27 trained
Client 27 uploaded
Client 83 trained
Client 83 uploaded
Client 19 trained
Client 19 uploaded
Epoch(t): 332 accuracy: 64.95 loss 1.0958272993564606 run_time: 11667.788727760315
FedDocs Algo: Group 6 is selected
| current_epoch 333 |. Begin client select
SchedulerThread schedule Group [ 6 ], select( 14 clients):
0 | 6 | 15 | 25 | 31 | 36 | 40 | 54 | 59 | 82 | 85 | 87 | 92 | 94 |
-----------------------------------------------------------------Schedule complete
Client 94 trained
Client 94 uploaded
Client 87 trained
Client 87 uploaded
Client 54 trained
Client 54 uploaded
Client 36 trained
Client 36 uploaded
Client 25 trained
Client 25 uploaded
Client 92 trained
Client 92 uploaded
Client 0 trained
Client 0 uploaded
Client 6 trained
Client 6 uploaded
Client 31 trained
Client 31 uploaded
Client 40 trained
Client 40 uploaded
Client 82 trained
Client 82 uploaded
Client 85 trained
Client 85 uploaded
Client 59 trained
Client 59 uploaded
Client 15 trained
Client 15 uploaded
Epoch(t): 333 accuracy: 65.97 loss 1.0554538065195083 run_time: 11694.857495307922
FedDocs Algo: Group 5 is selected
| current_epoch 334 |. Begin client select
SchedulerThread schedule Group [ 5 ], select( 15 clients):
2 | 5 | 7 | 9 | 13 | 19 | 27 | 29 | 38 | 44 | 52 | 69 | 76 | 83 | 97 |
-----------------------------------------------------------------Schedule complete
Client 97 trained
Client 97 uploaded
Client 52 trained
Client 52 uploaded
Client 76 trained
Client 76 uploaded
Client 38 trained
Client 38 uploaded
Client 7 trained
Client 7 uploaded
Client 13 trained
Client 13 uploaded
Client 2 trained
Client 2 uploaded
Client 69 trained
Client 69 uploaded
Client 5 trained
Client 5 uploaded
Client 44 trained
Client 44 uploaded
Client 9 trained
Client 9 uploaded
Client 29 trained
Client 29 uploaded
Client 27 trained
Client 27 uploaded
Client 83 trained
Client 83 uploaded
Client 19 trained
Client 19 uploaded
Epoch(t): 334 accuracy: 65.36 loss 1.0841914057731628 run_time: 11731.924798727036
FedDocs Algo: Group 5 is selected
| current_epoch 335 |. Begin client select
SchedulerThread schedule Group [ 5 ], select( 15 clients):
2 | 5 | 7 | 9 | 13 | 19 | 27 | 29 | 38 | 44 | 52 | 69 | 76 | 83 | 97 |
-----------------------------------------------------------------Schedule complete
Client 52 trained
Client 52 uploaded
Client 97 trained
Client 97 uploaded
Client 76 trained
Client 76 uploaded
Client 38 trained
Client 38 uploaded
Client 7 trained
Client 7 uploaded
Client 13 trained
Client 13 uploaded
Client 2 trained
Client 2 uploaded
Client 69 trained
Client 69 uploaded
Client 5 trained
Client 5 uploaded
Client 9 trained
Client 9 uploaded
Client 44 trained
Client 44 uploaded
Client 29 trained
Client 29 uploaded
Client 27 trained
Client 27 uploaded
Client 83 trained
Client 83 uploaded
Client 19 trained
Client 19 uploaded
Epoch(t): 335 accuracy: 65.28 loss 1.106505406498909 run_time: 11768.194370746613
FedDocs Algo: Group 5 is selected
| current_epoch 336 |. Begin client select
SchedulerThread schedule Group [ 5 ], select( 15 clients):
2 | 5 | 7 | 9 | 13 | 19 | 27 | 29 | 38 | 44 | 52 | 69 | 76 | 83 | 97 |
-----------------------------------------------------------------Schedule complete
Client 97 trained
Client 97 uploaded
Client 52 trained
Client 52 uploaded
Client 76 trained
Client 76 uploaded
Client 38 trained
Client 38 uploaded
Client 7 trained
Client 7 uploaded
Client 13 trained
Client 13 uploaded
Client 2 trained
Client 2 uploaded
Client 69 trained
Client 69 uploaded
Client 5 trained
Client 5 uploaded
Client 9 trained
Client 9 uploaded
Client 44 trained
Client 44 uploaded
Client 29 trained
Client 29 uploaded
Client 27 trained
Client 27 uploaded
Client 83 trained
Client 83 uploaded
Client 19 trained
Client 19 uploaded
Epoch(t): 336 accuracy: 64.97 loss 1.119657598733902 run_time: 11804.553704738617
FedDocs Algo: Group 6 is selected
| current_epoch 337 |. Begin client select
SchedulerThread schedule Group [ 6 ], select( 14 clients):
0 | 6 | 15 | 25 | 31 | 36 | 40 | 54 | 59 | 82 | 85 | 87 | 92 | 94 |
-----------------------------------------------------------------Schedule complete
Client 94 trained
Client 94 uploaded
Client 87 trained
Client 87 uploaded
Client 25 trained
Client 25 uploaded
Client 36 trained
Client 36 uploaded
Client 54 trained
Client 54 uploaded
Client 0 trained
Client 0 uploaded
Client 92 trained
Client 92 uploaded
Client 6 trained
Client 6 uploaded
Client 31 trained
Client 31 uploaded
Client 40 trained
Client 40 uploaded
Client 82 trained
Client 82 uploaded
Client 85 trained
Client 85 uploaded
Client 59 trained
Client 59 uploaded
Client 15 trained
Client 15 uploaded
Epoch(t): 337 accuracy: 65.96 loss 1.0565544539690017 run_time: 11832.139519691467
FedDocs Algo: Group 5 is selected
| current_epoch 338 |. Begin client select
SchedulerThread schedule Group [ 5 ], select( 15 clients):
2 | 5 | 7 | 9 | 13 | 19 | 27 | 29 | 38 | 44 | 52 | 69 | 76 | 83 | 97 |
-----------------------------------------------------------------Schedule complete
Client 97 trained
Client 97 uploaded
Client 52 trained
Client 52 uploaded
Client 76 trained
Client 76 uploaded
Client 38 trained
Client 38 uploaded
Client 7 trained
Client 7 uploaded
Client 13 trained
Client 13 uploaded
Client 2 trained
Client 2 uploaded
Client 69 trained
Client 69 uploaded
Client 5 trained
Client 5 uploaded
Client 44 trained
Client 44 uploaded
Client 9 trained
Client 9 uploaded
Client 29 trained
Client 29 uploaded
Client 27 trained
Client 27 uploaded
Client 83 trained
Client 83 uploaded
Client 19 trained
Client 19 uploaded
Epoch(t): 338 accuracy: 65.25 loss 1.0995429873466491 run_time: 11869.188267946243
FedDocs Algo: Group 1 is selected
| current_epoch 339 |. Begin client select
SchedulerThread schedule Group [ 1 ], select( 15 clients):
11 | 18 | 32 | 37 | 41 | 48 | 56 | 57 | 72 | 74 | 75 | 77 | 79 | 91 | 93 |
-----------------------------------------------------------------Schedule complete
Client 75 trained
Client 75 uploaded
Client 93 trained
Client 93 uploaded
Client 37 trained
Client 37 uploaded
Client 57 trained
Client 57 uploaded
Client 74 trained
Client 74 uploaded
Client 56 trained
Client 56 uploaded
Client 48 trained
Client 48 uploaded
Client 41 trained
Client 41 uploaded
Client 11 trained
Client 11 uploaded
Client 77 trained
Client 77 uploaded
Client 18 trained
Client 18 uploaded
Client 91 trained
Client 91 uploaded
Client 32 trained
Client 32 uploaded
Client 79 trained
Client 79 uploaded
Client 72 trained
Client 72 uploaded
Epoch(t): 339 accuracy: 66.22 loss 1.0144347351789476 run_time: 11912.066332101822
FedDocs Algo: Group 5 is selected
| current_epoch 340 |. Begin client select
SchedulerThread schedule Group [ 5 ], select( 15 clients):
2 | 5 | 7 | 9 | 13 | 19 | 27 | 29 | 38 | 44 | 52 | 69 | 76 | 83 | 97 |
-----------------------------------------------------------------Schedule complete
Client 52 trained
Client 52 uploaded
Client 97 trained
Client 97 uploaded
Client 76 trained
Client 76 uploaded
Client 7 trained
Client 7 uploaded
Client 38 trained
Client 38 uploaded
Client 2 trained
Client 2 uploaded
Client 13 trained
Client 13 uploaded
Client 69 trained
Client 69 uploaded
Client 5 trained
Client 5 uploaded
Client 9 trained
Client 9 uploaded
Client 44 trained
Client 44 uploaded
Client 27 trained
Client 27 uploaded
Client 29 trained
Client 29 uploaded
Client 83 trained
Client 83 uploaded
Client 19 trained
Client 19 uploaded
Epoch(t): 340 accuracy: 64.95 loss 1.0787000620365144 run_time: 11950.099022626877
FedDocs Algo: Group 2 is selected
| current_epoch 341 |. Begin client select
SchedulerThread schedule Group [ 2 ], select( 15 clients):
4 | 12 | 14 | 16 | 21 | 42 | 43 | 49 | 53 | 60 | 68 | 86 | 90 | 95 | 99 |
-----------------------------------------------------------------Schedule complete
Client 68 trained
Client 68 uploaded
Client 99 trained
Client 99 uploaded
Client 53 trained
Client 53 uploaded
Client 60 trained
Client 60 uploaded
Client 21 trained
Client 21 uploaded
Client 49 trained
Client 49 uploaded
Client 12 trained
Client 12 uploaded
Client 4 trained
Client 4 uploaded
Client 14 trained
Client 14 uploaded
Client 43 trained
Client 43 uploaded
Client 95 trained
Client 95 uploaded
Client 16 trained
Client 16 uploaded
Client 90 trained
Client 90 uploaded
Client 42 trained
Client 42 uploaded
Client 86 trained
Client 86 uploaded
Epoch(t): 341 accuracy: 67.61 loss 0.9753200417757034 run_time: 11984.888818502426
FedDocs Algo: Group 5 is selected
| current_epoch 342 |. Begin client select
SchedulerThread schedule Group [ 5 ], select( 15 clients):
2 | 5 | 7 | 9 | 13 | 19 | 27 | 29 | 38 | 44 | 52 | 69 | 76 | 83 | 97 |
-----------------------------------------------------------------Schedule complete
Client 52 trained
Client 52 uploaded
Client 97 trained
Client 97 uploaded
Client 76 trained
Client 76 uploaded
Client 38 trained
Client 38 uploaded
Client 7 trained
Client 7 uploaded
Client 2 trained
Client 2 uploaded
Client 13 trained
Client 13 uploaded
Client 69 trained
Client 69 uploaded
Client 5 trained
Client 5 uploaded
Client 9 trained
Client 9 uploaded
Client 44 trained
Client 44 uploaded
Client 29 trained
Client 29 uploaded
Client 27 trained
Client 27 uploaded
Client 83 trained
Client 83 uploaded
Client 19 trained
Client 19 uploaded
Epoch(t): 342 accuracy: 66.62 loss 1.0311535626649857 run_time: 12022.159722566605
FedDocs Algo: Group 5 is selected
| current_epoch 343 |. Begin client select
SchedulerThread schedule Group [ 5 ], select( 15 clients):
2 | 5 | 7 | 9 | 13 | 19 | 27 | 29 | 38 | 44 | 52 | 69 | 76 | 83 | 97 |
-----------------------------------------------------------------Schedule complete
Client 97 trained
Client 97 uploaded
Client 52 trained
Client 52 uploaded
Client 76 trained
Client 76 uploaded
Client 38 trained
Client 38 uploaded
Client 7 trained
Client 7 uploaded
Client 2 trained
Client 2 uploaded
Client 13 trained
Client 13 uploaded
Client 69 trained
Client 69 uploaded
Client 5 trained
Client 5 uploaded
Client 9 trained
Client 9 uploaded
Client 44 trained
Client 44 uploaded
Client 29 trained
Client 29 uploaded
Client 27 trained
Client 27 uploaded
Client 83 trained
Client 83 uploaded
Client 19 trained
Client 19 uploaded
Epoch(t): 343 accuracy: 65.33 loss 1.0881005400419235 run_time: 12059.576387166977
FedDocs Algo: Group 6 is selected
| current_epoch 344 |. Begin client select
SchedulerThread schedule Group [ 6 ], select( 14 clients):
0 | 6 | 15 | 25 | 31 | 36 | 40 | 54 | 59 | 82 | 85 | 87 | 92 | 94 |
-----------------------------------------------------------------Schedule complete
Client 94 trained
Client 94 uploaded
Client 25 trained
Client 25 uploaded
Client 54 trained
Client 54 uploaded
Client 36 trained
Client 36 uploaded
Client 87 trained
Client 87 uploaded
Client 0 trained
Client 0 uploaded
Client 92 trained
Client 92 uploaded
Client 6 trained
Client 6 uploaded
Client 31 trained
Client 31 uploaded
Client 40 trained
Client 40 uploaded
Client 82 trained
Client 82 uploaded
Client 85 trained
Client 85 uploaded
Client 15 trained
Client 15 uploaded
Client 59 trained
Client 59 uploaded
Epoch(t): 344 accuracy: 65.43 loss 1.0584050261974334 run_time: 12087.132933616638
FedDocs Algo: Group 5 is selected
| current_epoch 345 |. Begin client select
SchedulerThread schedule Group [ 5 ], select( 15 clients):
2 | 5 | 7 | 9 | 13 | 19 | 27 | 29 | 38 | 44 | 52 | 69 | 76 | 83 | 97 |
-----------------------------------------------------------------Schedule complete
Client 52 trained
Client 52 uploaded
Client 97 trained
Client 97 uploaded
Client 76 trained
Client 76 uploaded
Client 38 trained
Client 38 uploaded
Client 7 trained
Client 7 uploaded
Client 2 trained
Client 2 uploaded
Client 13 trained
Client 13 uploaded
Client 5 trained
Client 5 uploaded
Client 69 trained
Client 69 uploaded
Client 44 trained
Client 44 uploaded
Client 9 trained
Client 9 uploaded
Client 29 trained
Client 29 uploaded
Client 27 trained
Client 27 uploaded
Client 83 trained
Client 83 uploaded
Client 19 trained
Client 19 uploaded
Epoch(t): 345 accuracy: 65.55 loss 1.079560979604721 run_time: 12124.855222702026
FedDocs Algo: Group 3 is selected
| current_epoch 346 |. Begin client select
SchedulerThread schedule Group [ 3 ], select( 15 clients):
1 | 8 | 17 | 26 | 34 | 39 | 47 | 62 | 65 | 67 | 70 | 73 | 84 | 89 | 98 |
-----------------------------------------------------------------Schedule complete
Client 1 trained
Client 1 uploaded
Client 8 trained
Client 8 uploaded
Client 67 trained
Client 67 uploaded
Client 98 trained
Client 98 uploaded
Client 62 trained
Client 62 uploaded
Client 73 trained
Client 73 uploaded
Client 84 trained
Client 84 uploaded
Client 89 trained
Client 89 uploaded
Client 47 trained
Client 47 uploaded
Client 39 trained
Client 39 uploaded
Client 17 trained
Client 17 uploaded
Client 26 trained
Client 26 uploaded
Client 34 trained
Client 34 uploaded
Client 65 trained
Client 65 uploaded
Client 70 trained
Client 70 uploaded
Epoch(t): 346 accuracy: 66.65 loss 1.0050069975852967 run_time: 12162.500247240067
FedDocs Algo: Group 2 is selected
| current_epoch 347 |. Begin client select
SchedulerThread schedule Group [ 2 ], select( 15 clients):
4 | 12 | 14 | 16 | 21 | 42 | 43 | 49 | 53 | 60 | 68 | 86 | 90 | 95 | 99 |
-----------------------------------------------------------------Schedule complete
Client 68 trained
Client 68 uploaded
Client 99 trained
Client 99 uploaded
Client 53 trained
Client 53 uploaded
Client 60 trained
Client 60 uploaded
Client 21 trained
Client 21 uploaded
Client 49 trained
Client 49 uploaded
Client 12 trained
Client 12 uploaded
Client 4 trained
Client 4 uploaded
Client 14 trained
Client 14 uploaded
Client 43 trained
Client 43 uploaded
Client 16 trained
Client 16 uploaded
Client 90 trained
Client 90 uploaded
Client 95 trained
Client 95 uploaded
Client 42 trained
Client 42 uploaded
Client 86 trained
Client 86 uploaded
Epoch(t): 347 accuracy: 68.2 loss 0.9577639490365982 run_time: 12196.544926166534
FedDocs Algo: Group 2 is selected
| current_epoch 348 |. Begin client select
SchedulerThread schedule Group [ 2 ], select( 15 clients):
4 | 12 | 14 | 16 | 21 | 42 | 43 | 49 | 53 | 60 | 68 | 86 | 90 | 95 | 99 |
-----------------------------------------------------------------Schedule complete
Client 68 trained
Client 68 uploaded
Client 99 trained
Client 99 uploaded
Client 53 trained
Client 53 uploaded
Client 60 trained
Client 60 uploaded
Client 21 trained
Client 21 uploaded
Client 49 trained
Client 49 uploaded
Client 12 trained
Client 12 uploaded
Client 4 trained
Client 4 uploaded
Client 14 trained
Client 14 uploaded
Client 43 trained
Client 43 uploaded
Client 95 trained
Client 95 uploaded
Client 16 trained
Client 16 uploaded
Client 90 trained
Client 90 uploaded
Client 42 trained
Client 42 uploaded
Client 86 trained
Client 86 uploaded
Epoch(t): 348 accuracy: 67.95 loss 0.9606935030221939 run_time: 12230.980141162872
FedDocs Algo: Group 4 is selected
| current_epoch 349 |. Begin client select
SchedulerThread schedule Group [ 4 ], select( 14 clients):
3 | 20 | 22 | 24 | 28 | 30 | 33 | 35 | 63 | 66 | 71 | 80 | 81 | 96 |
-----------------------------------------------------------------Schedule complete
Client 28 trained
Client 28 uploaded
Client 80 trained
Client 80 uploaded
Client 30 trained
Client 30 uploaded
Client 66 trained
Client 66 uploaded
Client 63 trained
Client 63 uploaded
Client 24 trained
Client 24 uploaded
Client 96 trained
Client 96 uploaded
Client 22 trained
Client 22 uploaded
Client 3 trained
Client 3 uploaded
Client 81 trained
Client 81 uploaded
Client 71 trained
Client 71 uploaded
Client 33 trained
Client 33 uploaded
Client 20 trained
Client 20 uploaded
Client 35 trained
Client 35 uploaded
Epoch(t): 349 accuracy: 65.16 loss 1.0677113431692122 run_time: 12267.271806955338
FedDocs Algo: Group 1 is selected
| current_epoch 350 |. Begin client select
SchedulerThread schedule Group [ 1 ], select( 15 clients):
11 | 18 | 32 | 37 | 41 | 48 | 56 | 57 | 72 | 74 | 75 | 77 | 79 | 91 | 93 |
-----------------------------------------------------------------Schedule complete
Client 75 trained
Client 75 uploaded
Client 93 trained
Client 93 uploaded
Client 37 trained
Client 37 uploaded
Client 74 trained
Client 74 uploaded
Client 57 trained
Client 57 uploaded
Client 48 trained
Client 48 uploaded
Client 56 trained
Client 56 uploaded
Client 11 trained
Client 11 uploaded
Client 41 trained
Client 41 uploaded
Client 18 trained
Client 18 uploaded
Client 77 trained
Client 77 uploaded
Client 91 trained
Client 91 uploaded
Client 32 trained
Client 32 uploaded
Client 79 trained
Client 79 uploaded
Client 72 trained
Client 72 uploaded
Epoch(t): 350 accuracy: 66.93 loss 0.9714645403623581 run_time: 12309.03233551979
FedDocs Algo: Group 5 is selected
| current_epoch 351 |. Begin client select
SchedulerThread schedule Group [ 5 ], select( 15 clients):
2 | 5 | 7 | 9 | 13 | 19 | 27 | 29 | 38 | 44 | 52 | 69 | 76 | 83 | 97 |
-----------------------------------------------------------------Schedule complete
Client 52 trained
Client 52 uploaded
Client 97 trained
Client 97 uploaded
Client 76 trained
Client 76 uploaded
Client 38 trained
Client 38 uploaded
Client 7 trained
Client 7 uploaded
Client 2 trained
Client 2 uploaded
Client 13 trained
Client 13 uploaded
Client 69 trained
Client 69 uploaded
Client 5 trained
Client 5 uploaded
Client 44 trained
Client 44 uploaded
Client 9 trained
Client 9 uploaded
Client 29 trained
Client 29 uploaded
Client 27 trained
Client 27 uploaded
Client 83 trained
Client 83 uploaded
Client 19 trained
Client 19 uploaded
Epoch(t): 351 accuracy: 65.79 loss 1.03772614300251 run_time: 12345.627421855927
FedDocs Algo: Group 1 is selected
| current_epoch 352 |. Begin client select
SchedulerThread schedule Group [ 1 ], select( 15 clients):
11 | 18 | 32 | 37 | 41 | 48 | 56 | 57 | 72 | 74 | 75 | 77 | 79 | 91 | 93 |
-----------------------------------------------------------------Schedule complete
Client 75 trained
Client 75 uploaded
Client 93 trained
Client 93 uploaded
Client 37 trained
Client 37 uploaded
Client 57 trained
Client 57 uploaded
Client 74 trained
Client 74 uploaded
Client 41 trained
Client 41 uploaded
Client 48 trained
Client 48 uploaded
Client 56 trained
Client 56 uploaded
Client 11 trained
Client 11 uploaded
Client 18 trained
Client 18 uploaded
Client 77 trained
Client 77 uploaded
Client 91 trained
Client 91 uploaded
Client 32 trained
Client 32 uploaded
Client 79 trained
Client 79 uploaded
Client 72 trained
Client 72 uploaded
Epoch(t): 352 accuracy: 65.8 loss 1.023104908466339 run_time: 12388.246742725372
FedDocs Algo: Group 3 is selected
| current_epoch 353 |. Begin client select
SchedulerThread schedule Group [ 3 ], select( 15 clients):
1 | 8 | 17 | 26 | 34 | 39 | 47 | 62 | 65 | 67 | 70 | 73 | 84 | 89 | 98 |
-----------------------------------------------------------------Schedule complete
Client 1 trained
Client 1 uploaded
Client 8 trained
Client 8 uploaded
Client 67 trained
Client 67 uploaded
Client 98 trained
Client 98 uploaded
Client 62 trained
Client 62 uploaded
Client 73 trained
Client 73 uploaded
Client 84 trained
Client 84 uploaded
Client 39 trained
Client 39 uploaded
Client 47 trained
Client 47 uploaded
Client 89 trained
Client 89 uploaded
Client 17 trained
Client 17 uploaded
Client 26 trained
Client 26 uploaded
Client 34 trained
Client 34 uploaded
Client 70 trained
Client 70 uploaded
Client 65 trained
Client 65 uploaded
Epoch(t): 353 accuracy: 65.92 loss 0.9950188827514649 run_time: 12426.05440378189
FedDocs Algo: Group 3 is selected
| current_epoch 354 |. Begin client select
SchedulerThread schedule Group [ 3 ], select( 15 clients):
1 | 8 | 17 | 26 | 34 | 39 | 47 | 62 | 65 | 67 | 70 | 73 | 84 | 89 | 98 |
-----------------------------------------------------------------Schedule complete
Client 1 trained
Client 1 uploaded
Client 8 trained
Client 8 uploaded
Client 67 trained
Client 67 uploaded
Client 98 trained
Client 98 uploaded
Client 62 trained
Client 62 uploaded
Client 73 trained
Client 73 uploaded
Client 84 trained
Client 84 uploaded
Client 39 trained
Client 39 uploaded
Client 89 trained
Client 89 uploaded
Client 47 trained
Client 47 uploaded
Client 17 trained
Client 17 uploaded
Client 26 trained
Client 26 uploaded
Client 34 trained
Client 34 uploaded
Client 65 trained
Client 65 uploaded
Client 70 trained
Client 70 uploaded
Epoch(t): 354 accuracy: 65.17 loss 1.0235769408941269 run_time: 12463.75354385376
FedDocs Algo: Group 1 is selected
| current_epoch 355 |. Begin client select
SchedulerThread schedule Group [ 1 ], select( 15 clients):
11 | 18 | 32 | 37 | 41 | 48 | 56 | 57 | 72 | 74 | 75 | 77 | 79 | 91 | 93 |
-----------------------------------------------------------------Schedule complete
Client 75 trained
Client 75 uploaded
Client 93 trained
Client 93 uploaded
Client 37 trained
Client 37 uploaded
Client 57 trained
Client 57 uploaded
Client 74 trained
Client 74 uploaded
Client 41 trained
Client 41 uploaded
Client 48 trained
Client 48 uploaded
Client 56 trained
Client 56 uploaded
Client 18 trained
Client 18 uploaded
Client 11 trained
Client 11 uploaded
Client 77 trained
Client 77 uploaded
Client 91 trained
Client 91 uploaded
Client 32 trained
Client 32 uploaded
Client 79 trained
Client 79 uploaded
Client 72 trained
Client 72 uploaded
Epoch(t): 355 accuracy: 66.08 loss 0.9930222797393798 run_time: 12505.855731964111
FedDocs Algo: Group 5 is selected
| current_epoch 356 |. Begin client select
SchedulerThread schedule Group [ 5 ], select( 15 clients):
2 | 5 | 7 | 9 | 13 | 19 | 27 | 29 | 38 | 44 | 52 | 69 | 76 | 83 | 97 |
-----------------------------------------------------------------Schedule complete
Client 97 trained
Client 97 uploaded
Client 52 trained
Client 52 uploaded
Client 76 trained
Client 76 uploaded
Client 7 trained
Client 7 uploaded
Client 38 trained
Client 38 uploaded
Client 2 trained
Client 2 uploaded
Client 13 trained
Client 13 uploaded
Client 69 trained
Client 69 uploaded
Client 5 trained
Client 5 uploaded
Client 9 trained
Client 9 uploaded
Client 44 trained
Client 44 uploaded
Client 29 trained
Client 29 uploaded
Client 27 trained
Client 27 uploaded
Client 83 trained
Client 83 uploaded
Client 19 trained
Client 19 uploaded
Epoch(t): 356 accuracy: 65.21 loss 1.0432795208692551 run_time: 12543.60052371025
FedDocs Algo: Group 6 is selected
| current_epoch 357 |. Begin client select
SchedulerThread schedule Group [ 6 ], select( 14 clients):
0 | 6 | 15 | 25 | 31 | 36 | 40 | 54 | 59 | 82 | 85 | 87 | 92 | 94 |
-----------------------------------------------------------------Schedule complete
Client 94 trained
Client 94 uploaded
Client 87 trained
Client 87 uploaded
Client 36 trained
Client 36 uploaded
Client 54 trained
Client 54 uploaded
Client 25 trained
Client 25 uploaded
Client 92 trained
Client 92 uploaded
Client 0 trained
Client 0 uploaded
Client 6 trained
Client 6 uploaded
Client 31 trained
Client 31 uploaded
Client 40 trained
Client 40 uploaded
Client 82 trained
Client 82 uploaded
Client 85 trained
Client 85 uploaded
Client 59 trained
Client 59 uploaded
Client 15 trained
Client 15 uploaded
Epoch(t): 357 accuracy: 66.48 loss 1.0212116128206252 run_time: 12571.765991926193
FedDocs Algo: Group 5 is selected
| current_epoch 358 |. Begin client select
SchedulerThread schedule Group [ 5 ], select( 15 clients):
2 | 5 | 7 | 9 | 13 | 19 | 27 | 29 | 38 | 44 | 52 | 69 | 76 | 83 | 97 |
-----------------------------------------------------------------Schedule complete
Client 97 trained
Client 97 uploaded
Client 52 trained
Client 52 uploaded
Client 76 trained
Client 76 uploaded
Client 38 trained
Client 38 uploaded
Client 7 trained
Client 7 uploaded
Client 13 trained
Client 13 uploaded
Client 2 trained
Client 2 uploaded
Client 69 trained
Client 69 uploaded
Client 5 trained
Client 5 uploaded
Client 44 trained
Client 44 uploaded
Client 9 trained
Client 9 uploaded
Client 29 trained
Client 29 uploaded
Client 27 trained
Client 27 uploaded
Client 83 trained
Client 83 uploaded
Client 19 trained
Client 19 uploaded
Epoch(t): 358 accuracy: 65.31 loss 1.0604050409793855 run_time: 12608.25681066513
FedDocs Algo: Group 6 is selected
| current_epoch 359 |. Begin client select
SchedulerThread schedule Group [ 6 ], select( 14 clients):
0 | 6 | 15 | 25 | 31 | 36 | 40 | 54 | 59 | 82 | 85 | 87 | 92 | 94 |
-----------------------------------------------------------------Schedule complete
Client 94 trained
Client 94 uploaded
Client 87 trained
Client 87 uploaded
Client 36 trained
Client 36 uploaded
Client 54 trained
Client 54 uploaded
Client 25 trained
Client 25 uploaded
Client 92 trained
Client 92 uploaded
Client 0 trained
Client 0 uploaded
Client 6 trained
Client 6 uploaded
Client 31 trained
Client 31 uploaded
Client 40 trained
Client 40 uploaded
Client 82 trained
Client 82 uploaded
Client 85 trained
Client 85 uploaded
Client 59 trained
Client 59 uploaded
Client 15 trained
Client 15 uploaded
Epoch(t): 359 accuracy: 65.93 loss 1.0696646136045456 run_time: 12635.010286092758
FedDocs Algo: Group 3 is selected
| current_epoch 360 |. Begin client select
SchedulerThread schedule Group [ 3 ], select( 15 clients):
1 | 8 | 17 | 26 | 34 | 39 | 47 | 62 | 65 | 67 | 70 | 73 | 84 | 89 | 98 |
-----------------------------------------------------------------Schedule complete
Client 1 trained
Client 1 uploaded
Client 8 trained
Client 8 uploaded
Client 67 trained
Client 67 uploaded
Client 98 trained
Client 98 uploaded
Client 62 trained
Client 62 uploaded
Client 73 trained
Client 73 uploaded
Client 84 trained
Client 84 uploaded
Client 89 trained
Client 89 uploaded
Client 39 trained
Client 39 uploaded
Client 47 trained
Client 47 uploaded
Client 17 trained
Client 17 uploaded
Client 26 trained
Client 26 uploaded
Client 34 trained
Client 34 uploaded
Client 70 trained
Client 70 uploaded
Client 65 trained
Client 65 uploaded
Epoch(t): 360 accuracy: 66.08 loss 1.022374359369278 run_time: 12674.423744678497
FedDocs Algo: Group 2 is selected
| current_epoch 361 |. Begin client select
SchedulerThread schedule Group [ 2 ], select( 15 clients):
4 | 12 | 14 | 16 | 21 | 42 | 43 | 49 | 53 | 60 | 68 | 86 | 90 | 95 | 99 |
-----------------------------------------------------------------Schedule complete
Client 68 trained
Client 68 uploaded
Client 99 trained
Client 99 uploaded
Client 53 trained
Client 53 uploaded
Client 60 trained
Client 60 uploaded
Client 21 trained
Client 21 uploaded
Client 49 trained
Client 49 uploaded
Client 12 trained
Client 12 uploaded
Client 4 trained
Client 4 uploaded
Client 14 trained
Client 14 uploaded
Client 43 trained
Client 43 uploaded
Client 95 trained
Client 95 uploaded
Client 90 trained
Client 90 uploaded
Client 16 trained
Client 16 uploaded
Client 42 trained
Client 42 uploaded
Client 86 trained
Client 86 uploaded
Epoch(t): 361 accuracy: 68.57 loss 0.9635971146821976 run_time: 12708.556238174438
FedDocs Algo: Group 3 is selected
| current_epoch 362 |. Begin client select
SchedulerThread schedule Group [ 3 ], select( 15 clients):
1 | 8 | 17 | 26 | 34 | 39 | 47 | 62 | 65 | 67 | 70 | 73 | 84 | 89 | 98 |
-----------------------------------------------------------------Schedule complete
Client 1 trained
Client 1 uploaded
Client 8 trained
Client 8 uploaded
Client 67 trained
Client 67 uploaded
Client 98 trained
Client 98 uploaded
Client 62 trained
Client 62 uploaded
Client 73 trained
Client 73 uploaded
Client 84 trained
Client 84 uploaded
Client 39 trained
Client 39 uploaded
Client 89 trained
Client 89 uploaded
Client 47 trained
Client 47 uploaded
Client 17 trained
Client 17 uploaded
Client 26 trained
Client 26 uploaded
Client 34 trained
Client 34 uploaded
Client 70 trained
Client 70 uploaded
Client 65 trained
Client 65 uploaded
Epoch(t): 362 accuracy: 67.74 loss 0.972138158082962 run_time: 12748.216962099075
FedDocs Algo: Group 5 is selected
| current_epoch 363 |. Begin client select
SchedulerThread schedule Group [ 5 ], select( 15 clients):
2 | 5 | 7 | 9 | 13 | 19 | 27 | 29 | 38 | 44 | 52 | 69 | 76 | 83 | 97 |
-----------------------------------------------------------------Schedule complete
Client 52 trained
Client 52 uploaded
Client 97 trained
Client 97 uploaded
Client 76 trained
Client 76 uploaded
Client 38 trained
Client 38 uploaded
Client 7 trained
Client 7 uploaded
Client 2 trained
Client 2 uploaded
Client 13 trained
Client 13 uploaded
Client 69 trained
Client 69 uploaded
Client 5 trained
Client 5 uploaded
Client 9 trained
Client 9 uploaded
Client 44 trained
Client 44 uploaded
Client 29 trained
Client 29 uploaded
Client 27 trained
Client 27 uploaded
Client 83 trained
Client 83 uploaded
Client 19 trained
Client 19 uploaded
Epoch(t): 363 accuracy: 66.14 loss 1.0309283369779587 run_time: 12786.054165840149
FedDocs Algo: Group 5 is selected
| current_epoch 364 |. Begin client select
SchedulerThread schedule Group [ 5 ], select( 15 clients):
2 | 5 | 7 | 9 | 13 | 19 | 27 | 29 | 38 | 44 | 52 | 69 | 76 | 83 | 97 |
-----------------------------------------------------------------Schedule complete
Client 52 trained
Client 52 uploaded
Client 97 trained
Client 97 uploaded
Client 76 trained
Client 76 uploaded
Client 38 trained
Client 38 uploaded
Client 7 trained
Client 7 uploaded
Client 13 trained
Client 13 uploaded
Client 2 trained
Client 2 uploaded
Client 69 trained
Client 69 uploaded
Client 5 trained
Client 5 uploaded
Client 44 trained
Client 44 uploaded
Client 9 trained
Client 9 uploaded
Client 27 trained
Client 27 uploaded
Client 29 trained
Client 29 uploaded
Client 83 trained
Client 83 uploaded
Client 19 trained
Client 19 uploaded
Epoch(t): 364 accuracy: 65.64 loss 1.0646630668640136 run_time: 12823.739643335342
FedDocs Algo: Group 5 is selected
| current_epoch 365 |. Begin client select
SchedulerThread schedule Group [ 5 ], select( 15 clients):
2 | 5 | 7 | 9 | 13 | 19 | 27 | 29 | 38 | 44 | 52 | 69 | 76 | 83 | 97 |
-----------------------------------------------------------------Schedule complete
Client 52 trained
Client 52 uploaded
Client 97 trained
Client 97 uploaded
Client 76 trained
Client 76 uploaded
Client 7 trained
Client 7 uploaded
Client 38 trained
Client 38 uploaded
Client 13 trained
Client 13 uploaded
Client 2 trained
Client 2 uploaded
Client 69 trained
Client 69 uploaded
Client 5 trained
Client 5 uploaded
Client 9 trained
Client 9 uploaded
Client 44 trained
Client 44 uploaded
Client 29 trained
Client 29 uploaded
Client 27 trained
Client 27 uploaded
Client 83 trained
Client 83 uploaded
Client 19 trained
Client 19 uploaded
Epoch(t): 365 accuracy: 65.5 loss 1.094675235748291 run_time: 12861.54311299324
FedDocs Algo: Group 5 is selected
| current_epoch 366 |. Begin client select
SchedulerThread schedule Group [ 5 ], select( 15 clients):
2 | 5 | 7 | 9 | 13 | 19 | 27 | 29 | 38 | 44 | 52 | 69 | 76 | 83 | 97 |
-----------------------------------------------------------------Schedule complete
Client 52 trained
Client 52 uploaded
Client 97 trained
Client 97 uploaded
Client 76 trained
Client 76 uploaded
Client 7 trained
Client 7 uploaded
Client 38 trained
Client 38 uploaded
Client 13 trained
Client 13 uploaded
Client 2 trained
Client 2 uploaded
Client 69 trained
Client 69 uploaded
Client 5 trained
Client 5 uploaded
Client 44 trained
Client 44 uploaded
Client 9 trained
Client 9 uploaded
Client 29 trained
Client 29 uploaded
Client 27 trained
Client 27 uploaded
Client 83 trained
Client 83 uploaded
Client 19 trained
Client 19 uploaded
Epoch(t): 366 accuracy: 65.51 loss 1.0916886723041535 run_time: 12891.07295870781
FedDocs Algo: Group 5 is selected
| current_epoch 367 |. Begin client select
SchedulerThread schedule Group [ 5 ], select( 15 clients):
2 | 5 | 7 | 9 | 13 | 19 | 27 | 29 | 38 | 44 | 52 | 69 | 76 | 83 | 97 |
-----------------------------------------------------------------Schedule complete
Client 97 trained
Client 97 uploaded
Client 52 trained
Client 52 uploaded
Client 76 trained
Client 76 uploaded
Client 38 trained
Client 38 uploaded
Client 7 trained
Client 7 uploaded
Client 13 trained
Client 13 uploaded
Client 2 trained
Client 2 uploaded
Client 69 trained
Client 69 uploaded
Client 5 trained
Client 5 uploaded
Client 9 trained
Client 9 uploaded
Client 44 trained
Client 44 uploaded
Client 29 trained
Client 29 uploaded
Client 27 trained
Client 27 uploaded
Client 83 trained
Client 83 uploaded
Client 19 trained
Client 19 uploaded
Epoch(t): 367 accuracy: 64.95 loss 1.0935430043935777 run_time: 12917.008480787277
FedDocs Algo: Group 5 is selected
| current_epoch 368 |. Begin client select
SchedulerThread schedule Group [ 5 ], select( 15 clients):
2 | 5 | 7 | 9 | 13 | 19 | 27 | 29 | 38 | 44 | 52 | 69 | 76 | 83 | 97 |
-----------------------------------------------------------------Schedule complete
Client 97 trained
Client 97 uploaded
Client 52 trained
Client 52 uploaded
Client 76 trained
Client 76 uploaded
Client 7 trained
Client 7 uploaded
Client 38 trained
Client 38 uploaded
Client 13 trained
Client 13 uploaded
Client 2 trained
Client 2 uploaded
Client 69 trained
Client 69 uploaded
Client 5 trained
Client 5 uploaded
Client 9 trained
Client 9 uploaded
Client 44 trained
Client 44 uploaded
Client 29 trained
Client 29 uploaded
Client 27 trained
Client 27 uploaded
Client 83 trained
Client 83 uploaded
Client 19 trained
Client 19 uploaded
Epoch(t): 368 accuracy: 64.91 loss 1.1123096579313279 run_time: 12942.933071136475
FedDocs Algo: Group 2 is selected
| current_epoch 369 |. Begin client select
SchedulerThread schedule Group [ 2 ], select( 15 clients):
4 | 12 | 14 | 16 | 21 | 42 | 43 | 49 | 53 | 60 | 68 | 86 | 90 | 95 | 99 |
-----------------------------------------------------------------Schedule complete
Client 68 trained
Client 68 uploaded
Client 99 trained
Client 99 uploaded
Client 53 trained
Client 53 uploaded
Client 60 trained
Client 60 uploaded
Client 21 trained
Client 21 uploaded
Client 49 trained
Client 49 uploaded
Client 12 trained
Client 12 uploaded
Client 4 trained
Client 4 uploaded
Client 14 trained
Client 14 uploaded
Client 43 trained
Client 43 uploaded
Client 16 trained
Client 16 uploaded
Client 95 trained
Client 95 uploaded
Client 90 trained
Client 90 uploaded
Client 42 trained
Client 42 uploaded
Client 86 trained
Client 86 uploaded
Epoch(t): 369 accuracy: 68.1 loss 0.9739732217788696 run_time: 12967.69000506401
FedDocs Algo: Group 0 is selected
| current_epoch 370 |. Begin client select
SchedulerThread schedule Group [ 0 ], select( 12 clients):
10 | 23 | 45 | 46 | 50 | 51 | 55 | 58 | 61 | 64 | 78 | 88 |
-----------------------------------------------------------------Schedule complete
Client 10 trained
Client 10 uploaded
Client 46 trained
Client 46 uploaded
Client 58 trained
Client 58 uploaded
Client 61 trained
Client 61 uploaded
Client 51 trained
Client 51 uploaded
Client 55 trained
Client 55 uploaded
Client 64 trained
Client 64 uploaded
Client 45 trained
Client 45 uploaded
Client 88 trained
Client 88 uploaded
Client 23 trained
Client 23 uploaded
Client 78 trained
Client 78 uploaded
Client 50 trained
Client 50 uploaded
Epoch(t): 370 accuracy: 67.31 loss 0.9776237314939499 run_time: 12986.859402418137
FedDocs Algo: Group 5 is selected
| current_epoch 371 |. Begin client select
SchedulerThread schedule Group [ 5 ], select( 15 clients):
2 | 5 | 7 | 9 | 13 | 19 | 27 | 29 | 38 | 44 | 52 | 69 | 76 | 83 | 97 |
-----------------------------------------------------------------Schedule complete
Client 97 trained
Client 97 uploaded
Client 52 trained
Client 52 uploaded
Client 76 trained
Client 76 uploaded
Client 38 trained
Client 38 uploaded
Client 7 trained
Client 7 uploaded
Client 13 trained
Client 13 uploaded
Client 2 trained
Client 2 uploaded
Client 5 trained
Client 5 uploaded
Client 69 trained
Client 69 uploaded
Client 9 trained
Client 9 uploaded
Client 44 trained
Client 44 uploaded
Client 29 trained
Client 29 uploaded
Client 27 trained
Client 27 uploaded
Client 83 trained
Client 83 uploaded
Client 19 trained
Client 19 uploaded
Epoch(t): 371 accuracy: 66.9 loss 1.0115014284849166 run_time: 13014.188876390457
FedDocs Algo: Group 5 is selected
| current_epoch 372 |. Begin client select
SchedulerThread schedule Group [ 5 ], select( 15 clients):
2 | 5 | 7 | 9 | 13 | 19 | 27 | 29 | 38 | 44 | 52 | 69 | 76 | 83 | 97 |
-----------------------------------------------------------------Schedule complete
Client 52 trained
Client 52 uploaded
Client 97 trained
Client 97 uploaded
Client 76 trained
Client 76 uploaded
Client 38 trained
Client 38 uploaded
Client 7 trained
Client 7 uploaded
Client 13 trained
Client 13 uploaded
Client 2 trained
Client 2 uploaded
Client 69 trained
Client 69 uploaded
Client 5 trained
Client 5 uploaded
Client 9 trained
Client 9 uploaded
Client 44 trained
Client 44 uploaded
Client 29 trained
Client 29 uploaded
Client 27 trained
Client 27 uploaded
Client 83 trained
Client 83 uploaded
Client 19 trained
Client 19 uploaded
Epoch(t): 372 accuracy: 66.05 loss 1.0549496483802796 run_time: 13040.043818712234
FedDocs Algo: Group 1 is selected
| current_epoch 373 |. Begin client select
SchedulerThread schedule Group [ 1 ], select( 15 clients):
11 | 18 | 32 | 37 | 41 | 48 | 56 | 57 | 72 | 74 | 75 | 77 | 79 | 91 | 93 |
-----------------------------------------------------------------Schedule complete
Client 75 trained
Client 75 uploaded
Client 93 trained
Client 93 uploaded
Client 37 trained
Client 37 uploaded
Client 57 trained
Client 57 uploaded
Client 74 trained
Client 74 uploaded
Client 56 trained
Client 56 uploaded
Client 48 trained
Client 48 uploaded
Client 41 trained
Client 41 uploaded
Client 11 trained
Client 11 uploaded
Client 18 trained
Client 18 uploaded
Client 77 trained
Client 77 uploaded
Client 91 trained
Client 91 uploaded
Client 32 trained
Client 32 uploaded
Client 79 trained
Client 79 uploaded
Client 72 trained
Client 72 uploaded
Epoch(t): 373 accuracy: 66.46 loss 1.0002104526758193 run_time: 13069.971729755402
FedDocs Algo: Group 5 is selected
| current_epoch 374 |. Begin client select
SchedulerThread schedule Group [ 5 ], select( 15 clients):
2 | 5 | 7 | 9 | 13 | 19 | 27 | 29 | 38 | 44 | 52 | 69 | 76 | 83 | 97 |
-----------------------------------------------------------------Schedule complete
Client 97 trained
Client 97 uploaded
Client 52 trained
Client 52 uploaded
Client 76 trained
Client 76 uploaded
Client 38 trained
Client 38 uploaded
Client 7 trained
Client 7 uploaded
Client 13 trained
Client 13 uploaded
Client 2 trained
Client 2 uploaded
Client 69 trained
Client 69 uploaded
Client 5 trained
Client 5 uploaded
Client 44 trained
Client 44 uploaded
Client 9 trained
Client 9 uploaded
Client 29 trained
Client 29 uploaded
Client 27 trained
Client 27 uploaded
Client 83 trained
Client 83 uploaded
Client 19 trained
Client 19 uploaded
Epoch(t): 374 accuracy: 65.76 loss 1.0379976904392243 run_time: 13096.552538394928
FedDocs Algo: Group 5 is selected
| current_epoch 375 |. Begin client select
SchedulerThread schedule Group [ 5 ], select( 15 clients):
2 | 5 | 7 | 9 | 13 | 19 | 27 | 29 | 38 | 44 | 52 | 69 | 76 | 83 | 97 |
-----------------------------------------------------------------Schedule complete
Client 52 trained
Client 52 uploaded
Client 97 trained
Client 97 uploaded
Client 76 trained
Client 76 uploaded
Client 38 trained
Client 38 uploaded
Client 7 trained
Client 7 uploaded
Client 2 trained
Client 2 uploaded
Client 13 trained
Client 13 uploaded
Client 69 trained
Client 69 uploaded
Client 5 trained
Client 5 uploaded
Client 9 trained
Client 9 uploaded
Client 44 trained
Client 44 uploaded
Client 29 trained
Client 29 uploaded
Client 27 trained
Client 27 uploaded
Client 83 trained
Client 83 uploaded
Client 19 trained
Client 19 uploaded
Epoch(t): 375 accuracy: 64.9 loss 1.0829665392637253 run_time: 13122.575279712677
FedDocs Algo: Group 5 is selected
| current_epoch 376 |. Begin client select
SchedulerThread schedule Group [ 5 ], select( 15 clients):
2 | 5 | 7 | 9 | 13 | 19 | 27 | 29 | 38 | 44 | 52 | 69 | 76 | 83 | 97 |
-----------------------------------------------------------------Schedule complete
Client 52 trained
Client 52 uploaded
Client 97 trained
Client 97 uploaded
Client 76 trained
Client 76 uploaded
Client 38 trained
Client 38 uploaded
Client 7 trained
Client 7 uploaded
Client 2 trained
Client 2 uploaded
Client 13 trained
Client 13 uploaded
Client 69 trained
Client 69 uploaded
Client 5 trained
Client 5 uploaded
Client 44 trained
Client 44 uploaded
Client 9 trained
Client 9 uploaded
Client 29 trained
Client 29 uploaded
Client 27 trained
Client 27 uploaded
Client 83 trained
Client 83 uploaded
Client 19 trained
Client 19 uploaded
Epoch(t): 376 accuracy: 65.35 loss 1.0794552665948869 run_time: 13148.399556875229
FedDocs Algo: Group 3 is selected
| current_epoch 377 |. Begin client select
SchedulerThread schedule Group [ 3 ], select( 15 clients):
1 | 8 | 17 | 26 | 34 | 39 | 47 | 62 | 65 | 67 | 70 | 73 | 84 | 89 | 98 |
-----------------------------------------------------------------Schedule complete
Client 1 trained
Client 1 uploaded
Client 8 trained
Client 8 uploaded
Client 67 trained
Client 67 uploaded
Client 98 trained
Client 98 uploaded
Client 62 trained
Client 62 uploaded
Client 73 trained
Client 73 uploaded
Client 84 trained
Client 84 uploaded
Client 89 trained
Client 89 uploaded
Client 47 trained
Client 47 uploaded
Client 39 trained
Client 39 uploaded
Client 17 trained
Client 17 uploaded
Client 26 trained
Client 26 uploaded
Client 34 trained
Client 34 uploaded
Client 70 trained
Client 70 uploaded
Client 65 trained
Client 65 uploaded
Epoch(t): 377 accuracy: 66.2 loss 1.0074778598546983 run_time: 13176.485930681229
FedDocs Algo: Group 5 is selected
| current_epoch 378 |. Begin client select
SchedulerThread schedule Group [ 5 ], select( 15 clients):
2 | 5 | 7 | 9 | 13 | 19 | 27 | 29 | 38 | 44 | 52 | 69 | 76 | 83 | 97 |
-----------------------------------------------------------------Schedule complete
Client 52 trained
Client 52 uploaded
Client 97 trained
Client 97 uploaded
Client 76 trained
Client 76 uploaded
Client 38 trained
Client 38 uploaded
Client 7 trained
Client 7 uploaded
Client 13 trained
Client 13 uploaded
Client 2 trained
Client 2 uploaded
Client 69 trained
Client 69 uploaded
Client 5 trained
Client 5 uploaded
Client 44 trained
Client 44 uploaded
Client 9 trained
Client 9 uploaded
Client 29 trained
Client 29 uploaded
Client 27 trained
Client 27 uploaded
Client 83 trained
Client 83 uploaded
Client 19 trained
Client 19 uploaded
Epoch(t): 378 accuracy: 65.74 loss 1.0460817843675614 run_time: 13203.137959241867
FedDocs Algo: Group 5 is selected
| current_epoch 379 |. Begin client select
SchedulerThread schedule Group [ 5 ], select( 15 clients):
2 | 5 | 7 | 9 | 13 | 19 | 27 | 29 | 38 | 44 | 52 | 69 | 76 | 83 | 97 |
-----------------------------------------------------------------Schedule complete
Client 52 trained
Client 52 uploaded
Client 97 trained
Client 97 uploaded
Client 76 trained
Client 76 uploaded
Client 38 trained
Client 38 uploaded
Client 7 trained
Client 7 uploaded
Client 2 trained
Client 2 uploaded
Client 13 trained
Client 13 uploaded
Client 69 trained
Client 69 uploaded
Client 5 trained
Client 5 uploaded
Client 44 trained
Client 44 uploaded
Client 9 trained
Client 9 uploaded
Client 29 trained
Client 29 uploaded
Client 27 trained
Client 27 uploaded
Client 83 trained
Client 83 uploaded
Client 19 trained
Client 19 uploaded
Epoch(t): 379 accuracy: 65.16 loss 1.0718345332145691 run_time: 13240.779450178146
FedDocs Algo: Group 6 is selected
| current_epoch 380 |. Begin client select
SchedulerThread schedule Group [ 6 ], select( 14 clients):
0 | 6 | 15 | 25 | 31 | 36 | 40 | 54 | 59 | 82 | 85 | 87 | 92 | 94 |
-----------------------------------------------------------------Schedule complete
Client 94 trained
Client 94 uploaded
Client 87 trained
Client 87 uploaded
Client 54 trained
Client 54 uploaded
Client 25 trained
Client 25 uploaded
Client 36 trained
Client 36 uploaded
Client 0 trained
Client 0 uploaded
Client 92 trained
Client 92 uploaded
Client 6 trained
Client 6 uploaded
Client 31 trained
Client 31 uploaded
Client 40 trained
Client 40 uploaded
Client 82 trained
Client 82 uploaded
Client 85 trained
Client 85 uploaded
Client 59 trained
Client 59 uploaded
Client 15 trained
Client 15 uploaded
Epoch(t): 380 accuracy: 67.07 loss 1.0286024636030198 run_time: 13269.140637397766
FedDocs Algo: Group 0 is selected
| current_epoch 381 |. Begin client select
SchedulerThread schedule Group [ 0 ], select( 12 clients):
10 | 23 | 45 | 46 | 50 | 51 | 55 | 58 | 61 | 64 | 78 | 88 |
-----------------------------------------------------------------Schedule complete
Client 10 trained
Client 10 uploaded
Client 46 trained
Client 46 uploaded
Client 58 trained
Client 58 uploaded
Client 61 trained
Client 61 uploaded
Client 51 trained
Client 51 uploaded
Client 64 trained
Client 64 uploaded
Client 55 trained
Client 55 uploaded
Client 45 trained
Client 45 uploaded
Client 88 trained
Client 88 uploaded
Client 23 trained
Client 23 uploaded
Client 78 trained
Client 78 uploaded
Client 50 trained
Client 50 uploaded
Epoch(t): 381 accuracy: 68.25 loss 0.9722132885456085 run_time: 13297.675276756287
FedDocs Algo: Group 2 is selected
| current_epoch 382 |. Begin client select
SchedulerThread schedule Group [ 2 ], select( 15 clients):
4 | 12 | 14 | 16 | 21 | 42 | 43 | 49 | 53 | 60 | 68 | 86 | 90 | 95 | 99 |
-----------------------------------------------------------------Schedule complete
Client 68 trained
Client 68 uploaded
Client 99 trained
Client 99 uploaded
Client 53 trained
Client 53 uploaded
Client 60 trained
Client 60 uploaded
Client 21 trained
Client 21 uploaded
Client 49 trained
Client 49 uploaded
Client 12 trained
Client 12 uploaded
Client 4 trained
Client 4 uploaded
Client 14 trained
Client 14 uploaded
Client 43 trained
Client 43 uploaded
Client 95 trained
Client 95 uploaded
Client 16 trained
Client 16 uploaded
Client 90 trained
Client 90 uploaded
Client 42 trained
Client 42 uploaded
Client 86 trained
Client 86 uploaded
Epoch(t): 382 accuracy: 68.95 loss 0.9430983603000641 run_time: 13333.25845694542
FedDocs Algo: Group 2 is selected
| current_epoch 383 |. Begin client select
SchedulerThread schedule Group [ 2 ], select( 15 clients):
4 | 12 | 14 | 16 | 21 | 42 | 43 | 49 | 53 | 60 | 68 | 86 | 90 | 95 | 99 |
-----------------------------------------------------------------Schedule complete
Client 68 trained
Client 68 uploaded
Client 99 trained
Client 99 uploaded
Client 53 trained
Client 53 uploaded
Client 60 trained
Client 60 uploaded
Client 21 trained
Client 21 uploaded
Client 49 trained
Client 49 uploaded
Client 12 trained
Client 12 uploaded
Client 4 trained
Client 4 uploaded
Client 14 trained
Client 14 uploaded
Client 43 trained
Client 43 uploaded
Client 95 trained
Client 95 uploaded
Client 90 trained
Client 90 uploaded
Client 16 trained
Client 16 uploaded
Client 42 trained
Client 42 uploaded
Client 86 trained
Client 86 uploaded
Epoch(t): 383 accuracy: 68.45 loss 0.943994072675705 run_time: 13367.25557565689
FedDocs Algo: Group 3 is selected
| current_epoch 384 |. Begin client select
SchedulerThread schedule Group [ 3 ], select( 15 clients):
1 | 8 | 17 | 26 | 34 | 39 | 47 | 62 | 65 | 67 | 70 | 73 | 84 | 89 | 98 |
-----------------------------------------------------------------Schedule complete
Client 1 trained
Client 1 uploaded
Client 8 trained
Client 8 uploaded
Client 67 trained
Client 67 uploaded
Client 98 trained
Client 98 uploaded
Client 62 trained
Client 62 uploaded
Client 73 trained
Client 73 uploaded
Client 84 trained
Client 84 uploaded
Client 89 trained
Client 89 uploaded
Client 39 trained
Client 39 uploaded
Client 47 trained
Client 47 uploaded
Client 17 trained
Client 17 uploaded
Client 26 trained
Client 26 uploaded
Client 34 trained
Client 34 uploaded
Client 70 trained
Client 70 uploaded
Client 65 trained
Client 65 uploaded
Epoch(t): 384 accuracy: 67.61 loss 0.960922002196312 run_time: 13406.24090719223
FedDocs Algo: Group 6 is selected
| current_epoch 385 |. Begin client select
SchedulerThread schedule Group [ 6 ], select( 14 clients):
0 | 6 | 15 | 25 | 31 | 36 | 40 | 54 | 59 | 82 | 85 | 87 | 92 | 94 |
-----------------------------------------------------------------Schedule complete
Client 94 trained
Client 94 uploaded
Client 54 trained
Client 54 uploaded
Client 36 trained
Client 36 uploaded
Client 87 trained
Client 87 uploaded
Client 25 trained
Client 25 uploaded
Client 0 trained
Client 0 uploaded
Client 92 trained
Client 92 uploaded
Client 6 trained
Client 6 uploaded
Client 31 trained
Client 31 uploaded
Client 40 trained
Client 40 uploaded
Client 82 trained
Client 82 uploaded
Client 85 trained
Client 85 uploaded
Client 15 trained
Client 15 uploaded
Client 59 trained
Client 59 uploaded
Epoch(t): 385 accuracy: 66.2 loss 1.0410772198438645 run_time: 13433.724273443222
FedDocs Algo: Group 6 is selected
| current_epoch 386 |. Begin client select
SchedulerThread schedule Group [ 6 ], select( 14 clients):
0 | 6 | 15 | 25 | 31 | 36 | 40 | 54 | 59 | 82 | 85 | 87 | 92 | 94 |
-----------------------------------------------------------------Schedule complete
Client 94 trained
Client 94 uploaded
Client 54 trained
Client 54 uploaded
Client 25 trained
Client 25 uploaded
Client 87 trained
Client 87 uploaded
Client 36 trained
Client 36 uploaded
Client 0 trained
Client 0 uploaded
Client 92 trained
Client 92 uploaded
Client 6 trained
Client 6 uploaded
Client 31 trained
Client 31 uploaded
Client 40 trained
Client 40 uploaded
Client 82 trained
Client 82 uploaded
Client 85 trained
Client 85 uploaded
Client 15 trained
Client 15 uploaded
Client 59 trained
Client 59 uploaded
Epoch(t): 386 accuracy: 65.95 loss 1.0903723973035813 run_time: 13460.933653593063
FedDocs Algo: Group 0 is selected
| current_epoch 387 |. Begin client select
SchedulerThread schedule Group [ 0 ], select( 12 clients):
10 | 23 | 45 | 46 | 50 | 51 | 55 | 58 | 61 | 64 | 78 | 88 |
-----------------------------------------------------------------Schedule complete
Client 10 trained
Client 10 uploaded
Client 46 trained
Client 46 uploaded
Client 58 trained
Client 58 uploaded
Client 61 trained
Client 61 uploaded
Client 51 trained
Client 51 uploaded
Client 55 trained
Client 55 uploaded
Client 64 trained
Client 64 uploaded
Client 88 trained
Client 88 uploaded
Client 45 trained
Client 45 uploaded
Client 23 trained
Client 23 uploaded
Client 78 trained
Client 78 uploaded
Client 50 trained
Client 50 uploaded
Epoch(t): 387 accuracy: 67.95 loss 0.9926837104558944 run_time: 13488.205617904663
FedDocs Algo: Group 5 is selected
| current_epoch 388 |. Begin client select
SchedulerThread schedule Group [ 5 ], select( 15 clients):
2 | 5 | 7 | 9 | 13 | 19 | 27 | 29 | 38 | 44 | 52 | 69 | 76 | 83 | 97 |
-----------------------------------------------------------------Schedule complete
Client 52 trained
Client 52 uploaded
Client 97 trained
Client 97 uploaded
Client 76 trained
Client 76 uploaded
Client 38 trained
Client 38 uploaded
Client 7 trained
Client 7 uploaded
Client 13 trained
Client 13 uploaded
Client 2 trained
Client 2 uploaded
Client 69 trained
Client 69 uploaded
Client 5 trained
Client 5 uploaded
Client 44 trained
Client 44 uploaded
Client 9 trained
Client 9 uploaded
Client 29 trained
Client 29 uploaded
Client 27 trained
Client 27 uploaded
Client 83 trained
Client 83 uploaded
Client 19 trained
Client 19 uploaded
Epoch(t): 388 accuracy: 67.95 loss 1.0173415660858154 run_time: 13525.593666315079
FedDocs Algo: Group 2 is selected
| current_epoch 389 |. Begin client select
SchedulerThread schedule Group [ 2 ], select( 15 clients):
4 | 12 | 14 | 16 | 21 | 42 | 43 | 49 | 53 | 60 | 68 | 86 | 90 | 95 | 99 |
-----------------------------------------------------------------Schedule complete
Client 68 trained
Client 68 uploaded
Client 99 trained
Client 99 uploaded
Client 53 trained
Client 53 uploaded
Client 60 trained
Client 60 uploaded
Client 21 trained
Client 21 uploaded
Client 49 trained
Client 49 uploaded
Client 12 trained
Client 12 uploaded
Client 14 trained
Client 14 uploaded
Client 4 trained
Client 4 uploaded
Client 43 trained
Client 43 uploaded
Client 95 trained
Client 95 uploaded
Client 90 trained
Client 90 uploaded
Client 16 trained
Client 16 uploaded
Client 42 trained
Client 42 uploaded
Client 86 trained
Client 86 uploaded
Epoch(t): 389 accuracy: 68.6 loss 0.9576172465085984 run_time: 13560.600046634674
FedDocs Algo: Group 0 is selected
| current_epoch 390 |. Begin client select
SchedulerThread schedule Group [ 0 ], select( 12 clients):
10 | 23 | 45 | 46 | 50 | 51 | 55 | 58 | 61 | 64 | 78 | 88 |
-----------------------------------------------------------------Schedule complete
Client 10 trained
Client 10 uploaded
Client 46 trained
Client 46 uploaded
Client 58 trained
Client 58 uploaded
Client 61 trained
Client 61 uploaded
Client 51 trained
Client 51 uploaded
Client 64 trained
Client 64 uploaded
Client 55 trained
Client 55 uploaded
Client 45 trained
Client 45 uploaded
Client 88 trained
Client 88 uploaded
Client 23 trained
Client 23 uploaded
Client 78 trained
Client 78 uploaded
Client 50 trained
Client 50 uploaded
Epoch(t): 390 accuracy: 67.72 loss 0.9826923853158951 run_time: 13586.91444182396
FedDocs Algo: Group 5 is selected
| current_epoch 391 |. Begin client select
SchedulerThread schedule Group [ 5 ], select( 15 clients):
2 | 5 | 7 | 9 | 13 | 19 | 27 | 29 | 38 | 44 | 52 | 69 | 76 | 83 | 97 |
-----------------------------------------------------------------Schedule complete
Client 52 trained
Client 52 uploaded
Client 97 trained
Client 97 uploaded
Client 76 trained
Client 76 uploaded
Client 38 trained
Client 38 uploaded
Client 7 trained
Client 7 uploaded
Client 13 trained
Client 13 uploaded
Client 2 trained
Client 2 uploaded
Client 69 trained
Client 69 uploaded
Client 5 trained
Client 5 uploaded
Client 44 trained
Client 44 uploaded
Client 9 trained
Client 9 uploaded
Client 29 trained
Client 29 uploaded
Client 27 trained
Client 27 uploaded
Client 83 trained
Client 83 uploaded
Client 19 trained
Client 19 uploaded
Epoch(t): 391 accuracy: 67.42 loss 1.0094334322214127 run_time: 13625.164717912674
FedDocs Algo: Group 5 is selected
| current_epoch 392 |. Begin client select
SchedulerThread schedule Group [ 5 ], select( 15 clients):
2 | 5 | 7 | 9 | 13 | 19 | 27 | 29 | 38 | 44 | 52 | 69 | 76 | 83 | 97 |
-----------------------------------------------------------------Schedule complete
Client 97 trained
Client 97 uploaded
Client 52 trained
Client 52 uploaded
Client 76 trained
Client 76 uploaded
Client 38 trained
Client 38 uploaded
Client 7 trained
Client 7 uploaded
Client 13 trained
Client 13 uploaded
Client 2 trained
Client 2 uploaded
Client 69 trained
Client 69 uploaded
Client 5 trained
Client 5 uploaded
Client 9 trained
Client 9 uploaded
Client 44 trained
Client 44 uploaded
Client 29 trained
Client 29 uploaded
Client 27 trained
Client 27 uploaded
Client 83 trained
Client 83 uploaded
Client 19 trained
Client 19 uploaded
Epoch(t): 392 accuracy: 66.48 loss 1.0356829583644866 run_time: 13662.681987524033
FedDocs Algo: Group 5 is selected
| current_epoch 393 |. Begin client select
SchedulerThread schedule Group [ 5 ], select( 15 clients):
2 | 5 | 7 | 9 | 13 | 19 | 27 | 29 | 38 | 44 | 52 | 69 | 76 | 83 | 97 |
-----------------------------------------------------------------Schedule complete
Client 52 trained
Client 52 uploaded
Client 97 trained
Client 97 uploaded
Client 76 trained
Client 76 uploaded
Client 38 trained
Client 38 uploaded
Client 7 trained
Client 7 uploaded
Client 2 trained
Client 2 uploaded
Client 13 trained
Client 13 uploaded
Client 69 trained
Client 69 uploaded
Client 5 trained
Client 5 uploaded
Client 9 trained
Client 9 uploaded
Client 44 trained
Client 44 uploaded
Client 29 trained
Client 29 uploaded
Client 27 trained
Client 27 uploaded
Client 83 trained
Client 83 uploaded
Client 19 trained
Client 19 uploaded
Epoch(t): 393 accuracy: 66.32 loss 1.0552448493242264 run_time: 13699.307009220123
FedDocs Algo: Group 5 is selected
| current_epoch 394 |. Begin client select
SchedulerThread schedule Group [ 5 ], select( 15 clients):
2 | 5 | 7 | 9 | 13 | 19 | 27 | 29 | 38 | 44 | 52 | 69 | 76 | 83 | 97 |
-----------------------------------------------------------------Schedule complete
Client 52 trained
Client 52 uploaded
Client 97 trained
Client 97 uploaded
Client 76 trained
Client 76 uploaded
Client 38 trained
Client 38 uploaded
Client 7 trained
Client 7 uploaded
Client 2 trained
Client 2 uploaded
Client 13 trained
Client 13 uploaded
Client 69 trained
Client 69 uploaded
Client 5 trained
Client 5 uploaded
Client 44 trained
Client 44 uploaded
Client 9 trained
Client 9 uploaded
Client 29 trained
Client 29 uploaded
Client 27 trained
Client 27 uploaded
Client 83 trained
Client 83 uploaded
Client 19 trained
Client 19 uploaded
Epoch(t): 394 accuracy: 65.98 loss 1.0803290873765945 run_time: 13737.120842456818
FedDocs Algo: Group 0 is selected
| current_epoch 395 |. Begin client select
SchedulerThread schedule Group [ 0 ], select( 12 clients):
10 | 23 | 45 | 46 | 50 | 51 | 55 | 58 | 61 | 64 | 78 | 88 |
-----------------------------------------------------------------Schedule complete
Client 10 trained
Client 10 uploaded
Client 46 trained
Client 46 uploaded
Client 58 trained
Client 58 uploaded
Client 61 trained
Client 61 uploaded
Client 51 trained
Client 51 uploaded
Client 64 trained
Client 64 uploaded
Client 55 trained
Client 55 uploaded
Client 88 trained
Client 88 uploaded
Client 45 trained
Client 45 uploaded
Client 23 trained
Client 23 uploaded
Client 78 trained
Client 78 uploaded
Client 50 trained
Client 50 uploaded
Epoch(t): 395 accuracy: 67.08 loss 1.019371622800827 run_time: 13763.618636608124
FedDocs Algo: Group 5 is selected
| current_epoch 396 |. Begin client select
SchedulerThread schedule Group [ 5 ], select( 15 clients):
2 | 5 | 7 | 9 | 13 | 19 | 27 | 29 | 38 | 44 | 52 | 69 | 76 | 83 | 97 |
-----------------------------------------------------------------Schedule complete
Client 52 trained
Client 52 uploaded
Client 97 trained
Client 97 uploaded
Client 76 trained
Client 76 uploaded
Client 38 trained
Client 38 uploaded
Client 7 trained
Client 7 uploaded
Client 13 trained
Client 13 uploaded
Client 2 trained
Client 2 uploaded
Client 69 trained
Client 69 uploaded
Client 5 trained
Client 5 uploaded
Client 44 trained
Client 44 uploaded
Client 9 trained
Client 9 uploaded
Client 29 trained
Client 29 uploaded
Client 27 trained
Client 27 uploaded
Client 83 trained
Client 83 uploaded
Client 19 trained
Client 19 uploaded
Epoch(t): 396 accuracy: 65.81 loss 1.060814666748047 run_time: 13800.948139667511
FedDocs Algo: Group 3 is selected
| current_epoch 397 |. Begin client select
SchedulerThread schedule Group [ 3 ], select( 15 clients):
1 | 8 | 17 | 26 | 34 | 39 | 47 | 62 | 65 | 67 | 70 | 73 | 84 | 89 | 98 |
-----------------------------------------------------------------Schedule complete
Client 1 trained
Client 1 uploaded
Client 67 trained
Client 67 uploaded
Client 8 trained
Client 8 uploaded
Client 98 trained
Client 98 uploaded
Client 62 trained
Client 62 uploaded
Client 73 trained
Client 73 uploaded
Client 84 trained
Client 84 uploaded
Client 89 trained
Client 89 uploaded
Client 39 trained
Client 39 uploaded
Client 47 trained
Client 47 uploaded
Client 17 trained
Client 17 uploaded
Client 26 trained
Client 26 uploaded
Client 34 trained
Client 34 uploaded
Client 70 trained
Client 70 uploaded
Client 65 trained
Client 65 uploaded
Epoch(t): 397 accuracy: 66.86 loss 0.992516205906868 run_time: 13840.204732894897
FedDocs Algo: Group 5 is selected
| current_epoch 398 |. Begin client select
SchedulerThread schedule Group [ 5 ], select( 15 clients):
2 | 5 | 7 | 9 | 13 | 19 | 27 | 29 | 38 | 44 | 52 | 69 | 76 | 83 | 97 |
-----------------------------------------------------------------Schedule complete
Client 52 trained
Client 52 uploaded
Client 97 trained
Client 97 uploaded
Client 76 trained
Client 76 uploaded
Client 38 trained
Client 38 uploaded
Client 7 trained
Client 7 uploaded
Client 13 trained
Client 13 uploaded
Client 2 trained
Client 2 uploaded
Client 69 trained
Client 69 uploaded
Client 5 trained
Client 5 uploaded
Client 9 trained
Client 9 uploaded
Client 44 trained
Client 44 uploaded
Client 29 trained
Client 29 uploaded
Client 27 trained
Client 27 uploaded
Client 83 trained
Client 83 uploaded
Client 19 trained
Client 19 uploaded
Epoch(t): 398 accuracy: 66.67 loss 1.0332893913984298 run_time: 13878.0517745018
FedDocs Algo: Group 1 is selected
| current_epoch 399 |. Begin client select
SchedulerThread schedule Group [ 1 ], select( 15 clients):
11 | 18 | 32 | 37 | 41 | 48 | 56 | 57 | 72 | 74 | 75 | 77 | 79 | 91 | 93 |
-----------------------------------------------------------------Schedule complete
Client 75 trained
Client 75 uploaded
Client 93 trained
Client 93 uploaded
Client 37 trained
Client 37 uploaded
Client 74 trained
Client 74 uploaded
Client 57 trained
Client 57 uploaded
Client 56 trained
Client 56 uploaded
Client 48 trained
Client 48 uploaded
Client 41 trained
Client 41 uploaded
Client 18 trained
Client 18 uploaded
Client 77 trained
Client 77 uploaded
Client 11 trained
Client 11 uploaded
Client 91 trained
Client 91 uploaded
Client 32 trained
Client 32 uploaded
Client 79 trained
Client 79 uploaded
Client 72 trained
Client 72 uploaded
Epoch(t): 399 accuracy: 66.02 loss 1.0029162162542342 run_time: 13921.525287151337
FedDocs Algo: Group 2 is selected
| current_epoch 400 |. Begin client select
SchedulerThread schedule Group [ 2 ], select( 15 clients):
4 | 12 | 14 | 16 | 21 | 42 | 43 | 49 | 53 | 60 | 68 | 86 | 90 | 95 | 99 |
-----------------------------------------------------------------Schedule complete
Client 68 trained
Client 68 uploaded
Client 99 trained
Client 99 uploaded
Client 53 trained
Client 53 uploaded
Client 60 trained
Client 60 uploaded
Client 21 trained
Client 21 uploaded
Client 49 trained
Client 49 uploaded
Client 12 trained
Client 12 uploaded
Client 4 trained
Client 4 uploaded
Client 14 trained
Client 14 uploaded
Client 43 trained
Client 43 uploaded
Client 95 trained
Client 95 uploaded
Client 90 trained
Client 90 uploaded
Client 16 trained
Client 16 uploaded
Client 42 trained
Client 42 uploaded
Client 86 trained
Client 86 uploaded
Epoch(t): 400 accuracy: 67.53 loss 0.9702364587783814 run_time: 13955.709117650986
FedDocs Algo: Group 5 is selected
| current_epoch 401 |. Begin client select
SchedulerThread schedule Group [ 5 ], select( 15 clients):
2 | 5 | 7 | 9 | 13 | 19 | 27 | 29 | 38 | 44 | 52 | 69 | 76 | 83 | 97 |
-----------------------------------------------------------------Schedule complete
Client 97 trained
Client 97 uploaded
Client 52 trained
Client 52 uploaded
Client 76 trained
Client 76 uploaded
Client 7 trained
Client 7 uploaded
Client 38 trained
Client 38 uploaded
Client 2 trained
Client 2 uploaded
Client 13 trained
Client 13 uploaded
Client 69 trained
Client 69 uploaded
Client 5 trained
Client 5 uploaded
Client 44 trained
Client 44 uploaded
Client 9 trained
Client 9 uploaded
Client 29 trained
Client 29 uploaded
Client 27 trained
Client 27 uploaded
Client 83 trained
Client 83 uploaded
Client 19 trained
Client 19 uploaded
Epoch(t): 401 accuracy: 66.8 loss 1.0267013168334962 run_time: 13993.380718946457
FedDocs Algo: Group 4 is selected
| current_epoch 402 |. Begin client select
SchedulerThread schedule Group [ 4 ], select( 14 clients):
3 | 20 | 22 | 24 | 28 | 30 | 33 | 35 | 63 | 66 | 71 | 80 | 81 | 96 |
-----------------------------------------------------------------Schedule complete
Client 28 trained
Client 28 uploaded
Client 80 trained
Client 80 uploaded
Client 63 trained
Client 63 uploaded
Client 66 trained
Client 66 uploaded
Client 30 trained
Client 30 uploaded
Client 24 trained
Client 24 uploaded
Client 22 trained
Client 22 uploaded
Client 96 trained
Client 96 uploaded
Client 3 trained
Client 3 uploaded
Client 81 trained
Client 81 uploaded
Client 71 trained
Client 71 uploaded
Client 33 trained
Client 33 uploaded
Client 20 trained
Client 20 uploaded
Client 35 trained
Client 35 uploaded
Epoch(t): 402 accuracy: 66.29 loss 1.0396024459600448 run_time: 14028.884195566177
FedDocs Algo: Group 5 is selected
| current_epoch 403 |. Begin client select
SchedulerThread schedule Group [ 5 ], select( 15 clients):
2 | 5 | 7 | 9 | 13 | 19 | 27 | 29 | 38 | 44 | 52 | 69 | 76 | 83 | 97 |
-----------------------------------------------------------------Schedule complete
Client 97 trained
Client 97 uploaded
Client 52 trained
Client 52 uploaded
Client 76 trained
Client 76 uploaded
Client 7 trained
Client 7 uploaded
Client 38 trained
Client 38 uploaded
Client 2 trained
Client 2 uploaded
Client 13 trained
Client 13 uploaded
Client 69 trained
Client 69 uploaded
Client 5 trained
Client 5 uploaded
Client 9 trained
Client 9 uploaded
Client 44 trained
Client 44 uploaded
Client 29 trained
Client 29 uploaded
Client 27 trained
Client 27 uploaded
Client 83 trained
Client 83 uploaded
Client 19 trained
Client 19 uploaded
Epoch(t): 403 accuracy: 67.32 loss 1.011888090968132 run_time: 14065.857933282852
FedDocs Algo: Group 5 is selected
| current_epoch 404 |. Begin client select
SchedulerThread schedule Group [ 5 ], select( 15 clients):
2 | 5 | 7 | 9 | 13 | 19 | 27 | 29 | 38 | 44 | 52 | 69 | 76 | 83 | 97 |
-----------------------------------------------------------------Schedule complete
Client 52 trained
Client 52 uploaded
Client 97 trained
Client 97 uploaded
Client 76 trained
Client 76 uploaded
Client 38 trained
Client 38 uploaded
Client 7 trained
Client 7 uploaded
Client 2 trained
Client 2 uploaded
Client 13 trained
Client 13 uploaded
Client 69 trained
Client 69 uploaded
Client 5 trained
Client 5 uploaded
Client 9 trained
Client 9 uploaded
Client 44 trained
Client 44 uploaded
Client 29 trained
Client 29 uploaded
Client 27 trained
Client 27 uploaded
Client 83 trained
Client 83 uploaded
Client 19 trained
Client 19 uploaded
Epoch(t): 404 accuracy: 66.14 loss 1.0566555804014206 run_time: 14102.777997732162
FedDocs Algo: Group 5 is selected
| current_epoch 405 |. Begin client select
SchedulerThread schedule Group [ 5 ], select( 15 clients):
2 | 5 | 7 | 9 | 13 | 19 | 27 | 29 | 38 | 44 | 52 | 69 | 76 | 83 | 97 |
-----------------------------------------------------------------Schedule complete
Client 97 trained
Client 97 uploaded
Client 52 trained
Client 52 uploaded
Client 76 trained
Client 76 uploaded
Client 38 trained
Client 38 uploaded
Client 7 trained
Client 7 uploaded
Client 2 trained
Client 2 uploaded
Client 13 trained
Client 13 uploaded
Client 69 trained
Client 69 uploaded
Client 5 trained
Client 5 uploaded
Client 44 trained
Client 44 uploaded
Client 9 trained
Client 9 uploaded
Client 29 trained
Client 29 uploaded
Client 27 trained
Client 27 uploaded
Client 83 trained
Client 83 uploaded
Client 19 trained
Client 19 uploaded
Epoch(t): 405 accuracy: 66.11 loss 1.0627749490737914 run_time: 14139.720132350922
FedDocs Algo: Group 2 is selected
| current_epoch 406 |. Begin client select
SchedulerThread schedule Group [ 2 ], select( 15 clients):
4 | 12 | 14 | 16 | 21 | 42 | 43 | 49 | 53 | 60 | 68 | 86 | 90 | 95 | 99 |
-----------------------------------------------------------------Schedule complete
Client 68 trained
Client 68 uploaded
Client 99 trained
Client 99 uploaded
Client 53 trained
Client 53 uploaded
Client 60 trained
Client 60 uploaded
Client 21 trained
Client 21 uploaded
Client 49 trained
Client 49 uploaded
Client 12 trained
Client 12 uploaded
Client 4 trained
Client 4 uploaded
Client 14 trained
Client 14 uploaded
Client 43 trained
Client 43 uploaded
Client 95 trained
Client 95 uploaded
Client 16 trained
Client 16 uploaded
Client 90 trained
Client 90 uploaded
Client 42 trained
Client 42 uploaded
Client 86 trained
Client 86 uploaded
Epoch(t): 406 accuracy: 68.02 loss 0.9871154475212097 run_time: 14174.022314310074
FedDocs Algo: Group 0 is selected
| current_epoch 407 |. Begin client select
SchedulerThread schedule Group [ 0 ], select( 12 clients):
10 | 23 | 45 | 46 | 50 | 51 | 55 | 58 | 61 | 64 | 78 | 88 |
-----------------------------------------------------------------Schedule complete
Client 10 trained
Client 10 uploaded
Client 46 trained
Client 46 uploaded
Client 58 trained
Client 58 uploaded
Client 61 trained
Client 61 uploaded
Client 51 trained
Client 51 uploaded
Client 55 trained
Client 55 uploaded
Client 64 trained
Client 64 uploaded
Client 88 trained
Client 88 uploaded
Client 45 trained
Client 45 uploaded
Client 23 trained
Client 23 uploaded
Client 78 trained
Client 78 uploaded
Client 50 trained
Client 50 uploaded
Epoch(t): 407 accuracy: 68.14 loss 0.9722122365236282 run_time: 14201.165350914001
FedDocs Algo: Group 5 is selected
| current_epoch 408 |. Begin client select
SchedulerThread schedule Group [ 5 ], select( 15 clients):
2 | 5 | 7 | 9 | 13 | 19 | 27 | 29 | 38 | 44 | 52 | 69 | 76 | 83 | 97 |
-----------------------------------------------------------------Schedule complete
Client 52 trained
Client 52 uploaded
Client 97 trained
Client 97 uploaded
Client 76 trained
Client 76 uploaded
Client 38 trained
Client 38 uploaded
Client 7 trained
Client 7 uploaded
Client 2 trained
Client 2 uploaded
Client 13 trained
Client 13 uploaded
Client 69 trained
Client 69 uploaded
Client 5 trained
Client 5 uploaded
Client 44 trained
Client 44 uploaded
Client 9 trained
Client 9 uploaded
Client 29 trained
Client 29 uploaded
Client 27 trained
Client 27 uploaded
Client 83 trained
Client 83 uploaded
Client 19 trained
Client 19 uploaded
Epoch(t): 408 accuracy: 66.45 loss 1.036267610192299 run_time: 14239.897894620895
FedDocs Algo: Group 3 is selected
| current_epoch 409 |. Begin client select
SchedulerThread schedule Group [ 3 ], select( 15 clients):
1 | 8 | 17 | 26 | 34 | 39 | 47 | 62 | 65 | 67 | 70 | 73 | 84 | 89 | 98 |
-----------------------------------------------------------------Schedule complete
Client 1 trained
Client 1 uploaded
Client 8 trained
Client 8 uploaded
Client 67 trained
Client 67 uploaded
Client 98 trained
Client 98 uploaded
Client 62 trained
Client 62 uploaded
Client 73 trained
Client 73 uploaded
Client 84 trained
Client 84 uploaded
Client 89 trained
Client 89 uploaded
Client 47 trained
Client 47 uploaded
Client 39 trained
Client 39 uploaded
Client 17 trained
Client 17 uploaded
Client 26 trained
Client 26 uploaded
Client 34 trained
Client 34 uploaded
Client 65 trained
Client 65 uploaded
Client 70 trained
Client 70 uploaded
Epoch(t): 409 accuracy: 67.79 loss 0.9749783301353454 run_time: 14278.914890050888
FedDocs Algo: Group 5 is selected
| current_epoch 410 |. Begin client select
SchedulerThread schedule Group [ 5 ], select( 15 clients):
2 | 5 | 7 | 9 | 13 | 19 | 27 | 29 | 38 | 44 | 52 | 69 | 76 | 83 | 97 |
-----------------------------------------------------------------Schedule complete
Client 52 trained
Client 52 uploaded
Client 97 trained
Client 97 uploaded
Client 76 trained
Client 76 uploaded
Client 38 trained
Client 38 uploaded
Client 7 trained
Client 7 uploaded
Client 2 trained
Client 2 uploaded
Client 13 trained
Client 13 uploaded
Client 69 trained
Client 69 uploaded
Client 5 trained
Client 5 uploaded
Client 9 trained
Client 9 uploaded
Client 44 trained
Client 44 uploaded
Client 29 trained
Client 29 uploaded
Client 27 trained
Client 27 uploaded
Client 83 trained
Client 83 uploaded
Client 19 trained
Client 19 uploaded
Epoch(t): 410 accuracy: 66.45 loss 1.0252998447418213 run_time: 14316.503058671951
FedDocs Algo: Group 4 is selected
| current_epoch 411 |. Begin client select
SchedulerThread schedule Group [ 4 ], select( 14 clients):
3 | 20 | 22 | 24 | 28 | 30 | 33 | 35 | 63 | 66 | 71 | 80 | 81 | 96 |
-----------------------------------------------------------------Schedule complete
Client 28 trained
Client 28 uploaded
Client 80 trained
Client 80 uploaded
Client 63 trained
Client 63 uploaded
Client 30 trained
Client 30 uploaded
Client 66 trained
Client 66 uploaded
Client 24 trained
Client 24 uploaded
Client 96 trained
Client 96 uploaded
Client 22 trained
Client 22 uploaded
Client 3 trained
Client 3 uploaded
Client 81 trained
Client 81 uploaded
Client 71 trained
Client 71 uploaded
Client 33 trained
Client 33 uploaded
Client 20 trained
Client 20 uploaded
Client 35 trained
Client 35 uploaded
Epoch(t): 411 accuracy: 66.11 loss 1.0384549099206923 run_time: 14351.664092540741
FedDocs Algo: Group 5 is selected
| current_epoch 412 |. Begin client select
SchedulerThread schedule Group [ 5 ], select( 15 clients):
2 | 5 | 7 | 9 | 13 | 19 | 27 | 29 | 38 | 44 | 52 | 69 | 76 | 83 | 97 |
-----------------------------------------------------------------Schedule complete
Client 52 trained
Client 52 uploaded
Client 97 trained
Client 97 uploaded
Client 76 trained
Client 76 uploaded
Client 38 trained
Client 38 uploaded
Client 7 trained
Client 7 uploaded
Client 13 trained
Client 13 uploaded
Client 2 trained
Client 2 uploaded
Client 69 trained
Client 69 uploaded
Client 5 trained
Client 5 uploaded
Client 9 trained
Client 9 uploaded
Client 44 trained
Client 44 uploaded
Client 29 trained
Client 29 uploaded
Client 27 trained
Client 27 uploaded
Client 83 trained
Client 83 uploaded
Client 19 trained
Client 19 uploaded
Epoch(t): 412 accuracy: 66.93 loss 1.0142214035987853 run_time: 14388.884650468826
FedDocs Algo: Group 5 is selected
| current_epoch 413 |. Begin client select
SchedulerThread schedule Group [ 5 ], select( 15 clients):
2 | 5 | 7 | 9 | 13 | 19 | 27 | 29 | 38 | 44 | 52 | 69 | 76 | 83 | 97 |
-----------------------------------------------------------------Schedule complete
Client 97 trained
Client 97 uploaded
Client 52 trained
Client 52 uploaded
Client 76 trained
Client 76 uploaded
Client 38 trained
Client 38 uploaded
Client 7 trained
Client 7 uploaded
Client 13 trained
Client 13 uploaded
Client 2 trained
Client 2 uploaded
Client 69 trained
Client 69 uploaded
Client 5 trained
Client 5 uploaded
Client 9 trained
Client 9 uploaded
Client 44 trained
Client 44 uploaded
Client 29 trained
Client 29 uploaded
Client 27 trained
Client 27 uploaded
Client 83 trained
Client 83 uploaded
Client 19 trained
Client 19 uploaded
Epoch(t): 413 accuracy: 66.29 loss 1.0414632016420364 run_time: 14426.201117277145
FedDocs Algo: Group 6 is selected
| current_epoch 414 |. Begin client select
SchedulerThread schedule Group [ 6 ], select( 14 clients):
0 | 6 | 15 | 25 | 31 | 36 | 40 | 54 | 59 | 82 | 85 | 87 | 92 | 94 |
-----------------------------------------------------------------Schedule complete
Client 94 trained
Client 94 uploaded
Client 54 trained
Client 54 uploaded
Client 25 trained
Client 25 uploaded
Client 87 trained
Client 87 uploaded
Client 36 trained
Client 36 uploaded
Client 0 trained
Client 0 uploaded
Client 92 trained
Client 92 uploaded
Client 6 trained
Client 6 uploaded
Client 31 trained
Client 31 uploaded
Client 40 trained
Client 40 uploaded
Client 82 trained
Client 82 uploaded
Client 85 trained
Client 85 uploaded
Client 15 trained
Client 15 uploaded
Client 59 trained
Client 59 uploaded
Epoch(t): 414 accuracy: 67.2 loss 1.016719895005226 run_time: 14453.780895709991
FedDocs Algo: Group 5 is selected
| current_epoch 415 |. Begin client select
SchedulerThread schedule Group [ 5 ], select( 15 clients):
2 | 5 | 7 | 9 | 13 | 19 | 27 | 29 | 38 | 44 | 52 | 69 | 76 | 83 | 97 |
-----------------------------------------------------------------Schedule complete
Client 52 trained
Client 52 uploaded
Client 97 trained
Client 97 uploaded
Client 76 trained
Client 76 uploaded
Client 38 trained
Client 38 uploaded
Client 7 trained
Client 7 uploaded
Client 2 trained
Client 2 uploaded
Client 13 trained
Client 13 uploaded
Client 5 trained
Client 5 uploaded
Client 69 trained
Client 69 uploaded
Client 9 trained
Client 9 uploaded
Client 44 trained
Client 44 uploaded
Client 29 trained
Client 29 uploaded
Client 27 trained
Client 27 uploaded
Client 83 trained
Client 83 uploaded
Client 19 trained
Client 19 uploaded
Epoch(t): 415 accuracy: 67.12 loss 1.05108043551445 run_time: 14490.803717136383
FedDocs Algo: Group 5 is selected
| current_epoch 416 |. Begin client select
SchedulerThread schedule Group [ 5 ], select( 15 clients):
2 | 5 | 7 | 9 | 13 | 19 | 27 | 29 | 38 | 44 | 52 | 69 | 76 | 83 | 97 |
-----------------------------------------------------------------Schedule complete
Client 52 trained
Client 52 uploaded
Client 97 trained
Client 97 uploaded
Client 76 trained
Client 76 uploaded
Client 38 trained
Client 38 uploaded
Client 7 trained
Client 7 uploaded
Client 13 trained
Client 13 uploaded
Client 2 trained
Client 2 uploaded
Client 69 trained
Client 69 uploaded
Client 5 trained
Client 5 uploaded
Client 9 trained
Client 9 uploaded
Client 44 trained
Client 44 uploaded
Client 29 trained
Client 29 uploaded
Client 27 trained
Client 27 uploaded
Client 83 trained
Client 83 uploaded
Client 19 trained
Client 19 uploaded
Epoch(t): 416 accuracy: 66.63 loss 1.053052812218666 run_time: 14528.288656234741
FedDocs Algo: Group 4 is selected
| current_epoch 417 |. Begin client select
SchedulerThread schedule Group [ 4 ], select( 14 clients):
3 | 20 | 22 | 24 | 28 | 30 | 33 | 35 | 63 | 66 | 71 | 80 | 81 | 96 |
-----------------------------------------------------------------Schedule complete
Client 28 trained
Client 28 uploaded
Client 80 trained
Client 80 uploaded
Client 66 trained
Client 66 uploaded
Client 63 trained
Client 63 uploaded
Client 30 trained
Client 30 uploaded
Client 24 trained
Client 24 uploaded
Client 96 trained
Client 96 uploaded
Client 22 trained
Client 22 uploaded
Client 3 trained
Client 3 uploaded
Client 81 trained
Client 81 uploaded
Client 71 trained
Client 71 uploaded
Client 33 trained
Client 33 uploaded
Client 20 trained
Client 20 uploaded
Client 35 trained
Client 35 uploaded
Epoch(t): 417 accuracy: 64.96 loss 1.1015429282188416 run_time: 14563.734669685364
FedDocs Algo: Group 5 is selected
| current_epoch 418 |. Begin client select
SchedulerThread schedule Group [ 5 ], select( 15 clients):
2 | 5 | 7 | 9 | 13 | 19 | 27 | 29 | 38 | 44 | 52 | 69 | 76 | 83 | 97 |
-----------------------------------------------------------------Schedule complete
Client 52 trained
Client 52 uploaded
Client 97 trained
Client 97 uploaded
Client 76 trained
Client 76 uploaded
Client 7 trained
Client 7 uploaded
Client 38 trained
Client 38 uploaded
Client 13 trained
Client 13 uploaded
Client 2 trained
Client 2 uploaded
Client 69 trained
Client 69 uploaded
Client 5 trained
Client 5 uploaded
Client 44 trained
Client 44 uploaded
Client 9 trained
Client 9 uploaded
Client 29 trained
Client 29 uploaded
Client 27 trained
Client 27 uploaded
Client 83 trained
Client 83 uploaded
Client 19 trained
Client 19 uploaded
Epoch(t): 418 accuracy: 66.48 loss 1.0373376959562302 run_time: 14600.783770561218
FedDocs Algo: Group 3 is selected
| current_epoch 419 |. Begin client select
SchedulerThread schedule Group [ 3 ], select( 15 clients):
1 | 8 | 17 | 26 | 34 | 39 | 47 | 62 | 65 | 67 | 70 | 73 | 84 | 89 | 98 |
-----------------------------------------------------------------Schedule complete
Client 1 trained
Client 1 uploaded
Client 8 trained
Client 8 uploaded
Client 67 trained
Client 67 uploaded
Client 98 trained
Client 98 uploaded
Client 62 trained
Client 62 uploaded
Client 73 trained
Client 73 uploaded
Client 84 trained
Client 84 uploaded
Client 89 trained
Client 89 uploaded
Client 47 trained
Client 47 uploaded
Client 39 trained
Client 39 uploaded
Client 17 trained
Client 17 uploaded
Client 26 trained
Client 26 uploaded
Client 34 trained
Client 34 uploaded
Client 70 trained
Client 70 uploaded
Client 65 trained
Client 65 uploaded
Epoch(t): 419 accuracy: 67.48 loss 0.9933973354101181 run_time: 14639.65131855011
FedDocs Algo: Group 5 is selected
| current_epoch 420 |. Begin client select
SchedulerThread schedule Group [ 5 ], select( 15 clients):
2 | 5 | 7 | 9 | 13 | 19 | 27 | 29 | 38 | 44 | 52 | 69 | 76 | 83 | 97 |
-----------------------------------------------------------------Schedule complete
Client 52 trained
Client 52 uploaded
Client 97 trained
Client 97 uploaded
Client 76 trained
Client 76 uploaded
Client 38 trained
Client 38 uploaded
Client 7 trained
Client 7 uploaded
Client 2 trained
Client 2 uploaded
Client 13 trained
Client 13 uploaded
Client 69 trained
Client 69 uploaded
Client 5 trained
Client 5 uploaded
Client 9 trained
Client 9 uploaded
Client 44 trained
Client 44 uploaded
Client 29 trained
Client 29 uploaded
Client 27 trained
Client 27 uploaded
Client 83 trained
Client 83 uploaded
Client 19 trained
Client 19 uploaded
Epoch(t): 420 accuracy: 66.48 loss 1.0286336892843246 run_time: 14677.16730260849
FedDocs Algo: Group 5 is selected
| current_epoch 421 |. Begin client select
SchedulerThread schedule Group [ 5 ], select( 15 clients):
2 | 5 | 7 | 9 | 13 | 19 | 27 | 29 | 38 | 44 | 52 | 69 | 76 | 83 | 97 |
-----------------------------------------------------------------Schedule complete
Client 97 trained
Client 97 uploaded
Client 52 trained
Client 52 uploaded
Client 76 trained
Client 76 uploaded
Client 7 trained
Client 7 uploaded
Client 38 trained
Client 38 uploaded
Client 2 trained
Client 2 uploaded
Client 13 trained
Client 13 uploaded
Client 69 trained
Client 69 uploaded
Client 5 trained
Client 5 uploaded
Client 9 trained
Client 9 uploaded
Client 44 trained
Client 44 uploaded
Client 29 trained
Client 29 uploaded
Client 27 trained
Client 27 uploaded
Client 83 trained
Client 83 uploaded
Client 19 trained
Client 19 uploaded
Epoch(t): 421 accuracy: 65.94 loss 1.0612485110759735 run_time: 14714.859678268433
FedDocs Algo: Group 6 is selected
| current_epoch 422 |. Begin client select
SchedulerThread schedule Group [ 6 ], select( 14 clients):
0 | 6 | 15 | 25 | 31 | 36 | 40 | 54 | 59 | 82 | 85 | 87 | 92 | 94 |
-----------------------------------------------------------------Schedule complete
Client 94 trained
Client 94 uploaded
Client 25 trained
Client 25 uploaded
Client 54 trained
Client 54 uploaded
Client 87 trained
Client 87 uploaded
Client 36 trained
Client 36 uploaded
Client 92 trained
Client 92 uploaded
Client 0 trained
Client 0 uploaded
Client 6 trained
Client 6 uploaded
Client 31 trained
Client 31 uploaded
Client 40 trained
Client 40 uploaded
Client 82 trained
Client 82 uploaded
Client 85 trained
Client 85 uploaded
Client 59 trained
Client 59 uploaded
Client 15 trained
Client 15 uploaded
Epoch(t): 422 accuracy: 66.96 loss 1.0273317360877992 run_time: 14744.046351909637
FedDocs Algo: Group 3 is selected
| current_epoch 423 |. Begin client select
SchedulerThread schedule Group [ 3 ], select( 15 clients):
1 | 8 | 17 | 26 | 34 | 39 | 47 | 62 | 65 | 67 | 70 | 73 | 84 | 89 | 98 |
-----------------------------------------------------------------Schedule complete
Client 1 trained
Client 1 uploaded
Client 8 trained
Client 8 uploaded
Client 67 trained
Client 67 uploaded
Client 98 trained
Client 98 uploaded
Client 62 trained
Client 62 uploaded
Client 73 trained
Client 73 uploaded
Client 84 trained
Client 84 uploaded
Client 89 trained
Client 89 uploaded
Client 47 trained
Client 47 uploaded
Client 39 trained
Client 39 uploaded
Client 17 trained
Client 17 uploaded
Client 26 trained
Client 26 uploaded
Client 34 trained
Client 34 uploaded
Client 70 trained
Client 70 uploaded
Client 65 trained
Client 65 uploaded
Epoch(t): 423 accuracy: 66.88 loss 1.0196333396434785 run_time: 14784.011436223984
FedDocs Algo: Group 2 is selected
| current_epoch 424 |. Begin client select
SchedulerThread schedule Group [ 2 ], select( 15 clients):
4 | 12 | 14 | 16 | 21 | 42 | 43 | 49 | 53 | 60 | 68 | 86 | 90 | 95 | 99 |
-----------------------------------------------------------------Schedule complete
Client 68 trained
Client 68 uploaded
Client 99 trained
Client 99 uploaded
Client 53 trained
Client 53 uploaded
Client 60 trained
Client 60 uploaded
Client 21 trained
Client 21 uploaded
Client 49 trained
Client 49 uploaded
Client 12 trained
Client 12 uploaded
Client 4 trained
Client 4 uploaded
Client 14 trained
Client 14 uploaded
Client 43 trained
Client 43 uploaded
Client 95 trained
Client 95 uploaded
Client 90 trained
Client 90 uploaded
Client 16 trained
Client 16 uploaded
Client 42 trained
Client 42 uploaded
Client 86 trained
Client 86 uploaded
Epoch(t): 424 accuracy: 67.88 loss 0.9846656602621079 run_time: 14818.296400547028
FedDocs Algo: Group 5 is selected
| current_epoch 425 |. Begin client select
SchedulerThread schedule Group [ 5 ], select( 15 clients):
2 | 5 | 7 | 9 | 13 | 19 | 27 | 29 | 38 | 44 | 52 | 69 | 76 | 83 | 97 |
-----------------------------------------------------------------Schedule complete
Client 52 trained
Client 52 uploaded
Client 97 trained
Client 97 uploaded
Client 76 trained
Client 76 uploaded
Client 7 trained
Client 7 uploaded
Client 38 trained
Client 38 uploaded
Client 2 trained
Client 2 uploaded
Client 13 trained
Client 13 uploaded
Client 69 trained
Client 69 uploaded
Client 5 trained
Client 5 uploaded
Client 44 trained
Client 44 uploaded
Client 9 trained
Client 9 uploaded
Client 29 trained
Client 29 uploaded
Client 27 trained
Client 27 uploaded
Client 83 trained
Client 83 uploaded
Client 19 trained
Client 19 uploaded
Epoch(t): 425 accuracy: 67.13 loss 1.014045524597168 run_time: 14855.56025981903
FedDocs Algo: Group 5 is selected
| current_epoch 426 |. Begin client select
SchedulerThread schedule Group [ 5 ], select( 15 clients):
2 | 5 | 7 | 9 | 13 | 19 | 27 | 29 | 38 | 44 | 52 | 69 | 76 | 83 | 97 |
-----------------------------------------------------------------Schedule complete
Client 52 trained
Client 52 uploaded
Client 97 trained
Client 97 uploaded
Client 76 trained
Client 76 uploaded
Client 7 trained
Client 7 uploaded
Client 38 trained
Client 38 uploaded
Client 2 trained
Client 2 uploaded
Client 13 trained
Client 13 uploaded
Client 69 trained
Client 69 uploaded
Client 5 trained
Client 5 uploaded
Client 9 trained
Client 9 uploaded
Client 44 trained
Client 44 uploaded
Client 29 trained
Client 29 uploaded
Client 27 trained
Client 27 uploaded
Client 83 trained
Client 83 uploaded
Client 19 trained
Client 19 uploaded
Epoch(t): 426 accuracy: 66.52 loss 1.0442480057477952 run_time: 14891.649375677109
FedDocs Algo: Group 5 is selected
| current_epoch 427 |. Begin client select
SchedulerThread schedule Group [ 5 ], select( 15 clients):
2 | 5 | 7 | 9 | 13 | 19 | 27 | 29 | 38 | 44 | 52 | 69 | 76 | 83 | 97 |
-----------------------------------------------------------------Schedule complete
Client 52 trained
Client 52 uploaded
Client 97 trained
Client 97 uploaded
Client 76 trained
Client 76 uploaded
Client 38 trained
Client 38 uploaded
Client 7 trained
Client 7 uploaded
Client 13 trained
Client 13 uploaded
Client 2 trained
Client 2 uploaded
Client 69 trained
Client 69 uploaded
Client 5 trained
Client 5 uploaded
Client 44 trained
Client 44 uploaded
Client 9 trained
Client 9 uploaded
Client 29 trained
Client 29 uploaded
Client 27 trained
Client 27 uploaded
Client 83 trained
Client 83 uploaded
Client 19 trained
Client 19 uploaded
Epoch(t): 427 accuracy: 66.51 loss 1.059626772403717 run_time: 14927.6902821064
FedDocs Algo: Group 5 is selected
| current_epoch 428 |. Begin client select
SchedulerThread schedule Group [ 5 ], select( 15 clients):
2 | 5 | 7 | 9 | 13 | 19 | 27 | 29 | 38 | 44 | 52 | 69 | 76 | 83 | 97 |
-----------------------------------------------------------------Schedule complete
Client 52 trained
Client 52 uploaded
Client 97 trained
Client 97 uploaded
Client 76 trained
Client 76 uploaded
Client 38 trained
Client 38 uploaded
Client 7 trained
Client 7 uploaded
Client 2 trained
Client 2 uploaded
Client 13 trained
Client 13 uploaded
Client 69 trained
Client 69 uploaded
Client 5 trained
Client 5 uploaded
Client 9 trained
Client 9 uploaded
Client 44 trained
Client 44 uploaded
Client 29 trained
Client 29 uploaded
Client 27 trained
Client 27 uploaded
Client 83 trained
Client 83 uploaded
Client 19 trained
Client 19 uploaded
Epoch(t): 428 accuracy: 66.05 loss 1.0791586589813233 run_time: 14965.451626777649
FedDocs Algo: Group 5 is selected
| current_epoch 429 |. Begin client select
SchedulerThread schedule Group [ 5 ], select( 15 clients):
2 | 5 | 7 | 9 | 13 | 19 | 27 | 29 | 38 | 44 | 52 | 69 | 76 | 83 | 97 |
-----------------------------------------------------------------Schedule complete
Client 52 trained
Client 52 uploaded
Client 97 trained
Client 97 uploaded
Client 76 trained
Client 76 uploaded
Client 38 trained
Client 38 uploaded
Client 7 trained
Client 7 uploaded
Client 2 trained
Client 2 uploaded
Client 13 trained
Client 13 uploaded
Client 69 trained
Client 69 uploaded
Client 5 trained
Client 5 uploaded
Client 9 trained
Client 9 uploaded
Client 44 trained
Client 44 uploaded
Client 29 trained
Client 29 uploaded
Client 27 trained
Client 27 uploaded
Client 83 trained
Client 83 uploaded
Client 19 trained
Client 19 uploaded
Epoch(t): 429 accuracy: 65.73 loss 1.0795546352863312 run_time: 15003.184205770493
FedDocs Algo: Group 6 is selected
| current_epoch 430 |. Begin client select
SchedulerThread schedule Group [ 6 ], select( 14 clients):
0 | 6 | 15 | 25 | 31 | 36 | 40 | 54 | 59 | 82 | 85 | 87 | 92 | 94 |
-----------------------------------------------------------------Schedule complete
Client 94 trained
Client 94 uploaded
Client 54 trained
Client 54 uploaded
Client 36 trained
Client 36 uploaded
Client 87 trained
Client 87 uploaded
Client 25 trained
Client 25 uploaded
Client 0 trained
Client 0 uploaded
Client 92 trained
Client 92 uploaded
Client 6 trained
Client 6 uploaded
Client 31 trained
Client 31 uploaded
Client 40 trained
Client 40 uploaded
Client 82 trained
Client 82 uploaded
Client 85 trained
Client 85 uploaded
Client 15 trained
Client 15 uploaded
Client 59 trained
Client 59 uploaded
Epoch(t): 430 accuracy: 66.95 loss 1.0359660255908967 run_time: 15031.012344360352
FedDocs Algo: Group 5 is selected
| current_epoch 431 |. Begin client select
SchedulerThread schedule Group [ 5 ], select( 15 clients):
2 | 5 | 7 | 9 | 13 | 19 | 27 | 29 | 38 | 44 | 52 | 69 | 76 | 83 | 97 |
-----------------------------------------------------------------Schedule complete
Client 52 trained
Client 52 uploaded
Client 97 trained
Client 97 uploaded
Client 76 trained
Client 76 uploaded
Client 38 trained
Client 38 uploaded
Client 7 trained
Client 7 uploaded
Client 13 trained
Client 13 uploaded
Client 2 trained
Client 2 uploaded
Client 69 trained
Client 69 uploaded
Client 5 trained
Client 5 uploaded
Client 44 trained
Client 44 uploaded
Client 9 trained
Client 9 uploaded
Client 29 trained
Client 29 uploaded
Client 27 trained
Client 27 uploaded
Client 83 trained
Client 83 uploaded
Client 19 trained
Client 19 uploaded
Epoch(t): 431 accuracy: 66.14 loss 1.0619575440883637 run_time: 15068.178491353989
FedDocs Algo: Group 5 is selected
| current_epoch 432 |. Begin client select
SchedulerThread schedule Group [ 5 ], select( 15 clients):
2 | 5 | 7 | 9 | 13 | 19 | 27 | 29 | 38 | 44 | 52 | 69 | 76 | 83 | 97 |
-----------------------------------------------------------------Schedule complete
Client 97 trained
Client 97 uploaded
Client 52 trained
Client 52 uploaded
Client 76 trained
Client 76 uploaded
Client 7 trained
Client 7 uploaded
Client 38 trained
Client 38 uploaded
Client 2 trained
Client 2 uploaded
Client 13 trained
Client 13 uploaded
Client 69 trained
Client 69 uploaded
Client 5 trained
Client 5 uploaded
Client 9 trained
Client 9 uploaded
Client 44 trained
Client 44 uploaded
Client 29 trained
Client 29 uploaded
Client 27 trained
Client 27 uploaded
Client 83 trained
Client 83 uploaded
Client 19 trained
Client 19 uploaded
Epoch(t): 432 accuracy: 65.78 loss 1.0784620881080627 run_time: 15104.872168540955
FedDocs Algo: Group 6 is selected
| current_epoch 433 |. Begin client select
SchedulerThread schedule Group [ 6 ], select( 14 clients):
0 | 6 | 15 | 25 | 31 | 36 | 40 | 54 | 59 | 82 | 85 | 87 | 92 | 94 |
-----------------------------------------------------------------Schedule complete
Client 94 trained
Client 94 uploaded
Client 54 trained
Client 54 uploaded
Client 25 trained
Client 25 uploaded
Client 36 trained
Client 36 uploaded
Client 87 trained
Client 87 uploaded
Client 0 trained
Client 0 uploaded
Client 92 trained
Client 92 uploaded
Client 6 trained
Client 6 uploaded
Client 31 trained
Client 31 uploaded
Client 40 trained
Client 40 uploaded
Client 82 trained
Client 82 uploaded
Client 85 trained
Client 85 uploaded
Client 15 trained
Client 15 uploaded
Client 59 trained
Client 59 uploaded
Epoch(t): 433 accuracy: 66.22 loss 1.0662040793895722 run_time: 15132.035901784897
FedDocs Algo: Group 5 is selected
| current_epoch 434 |. Begin client select
SchedulerThread schedule Group [ 5 ], select( 15 clients):
2 | 5 | 7 | 9 | 13 | 19 | 27 | 29 | 38 | 44 | 52 | 69 | 76 | 83 | 97 |
-----------------------------------------------------------------Schedule complete
Client 52 trained
Client 52 uploaded
Client 97 trained
Client 97 uploaded
Client 76 trained
Client 76 uploaded
Client 7 trained
Client 7 uploaded
Client 38 trained
Client 38 uploaded
Client 2 trained
Client 2 uploaded
Client 13 trained
Client 13 uploaded
Client 69 trained
Client 69 uploaded
Client 5 trained
Client 5 uploaded
Client 44 trained
Client 44 uploaded
Client 9 trained
Client 9 uploaded
Client 29 trained
Client 29 uploaded
Client 27 trained
Client 27 uploaded
Client 83 trained
Client 83 uploaded
Client 19 trained
Client 19 uploaded
Epoch(t): 434 accuracy: 65.92 loss 1.0842079079151155 run_time: 15170.499068498611
FedDocs Algo: Group 6 is selected
| current_epoch 435 |. Begin client select
SchedulerThread schedule Group [ 6 ], select( 14 clients):
0 | 6 | 15 | 25 | 31 | 36 | 40 | 54 | 59 | 82 | 85 | 87 | 92 | 94 |
-----------------------------------------------------------------Schedule complete
Client 94 trained
Client 94 uploaded
Client 87 trained
Client 87 uploaded
Client 25 trained
Client 25 uploaded
Client 54 trained
Client 54 uploaded
Client 36 trained
Client 36 uploaded
Client 0 trained
Client 0 uploaded
Client 92 trained
Client 92 uploaded
Client 6 trained
Client 6 uploaded
Client 31 trained
Client 31 uploaded
Client 40 trained
Client 40 uploaded
Client 82 trained
Client 82 uploaded
Client 85 trained
Client 85 uploaded
Client 59 trained
Client 59 uploaded
Client 15 trained
Client 15 uploaded
Epoch(t): 435 accuracy: 65.75 loss 1.0939437854290008 run_time: 15197.698323249817
FedDocs Algo: Group 0 is selected
| current_epoch 436 |. Begin client select
SchedulerThread schedule Group [ 0 ], select( 12 clients):
10 | 23 | 45 | 46 | 50 | 51 | 55 | 58 | 61 | 64 | 78 | 88 |
-----------------------------------------------------------------Schedule complete
Client 10 trained
Client 10 uploaded
Client 46 trained
Client 46 uploaded
Client 58 trained
Client 58 uploaded
Client 61 trained
Client 61 uploaded
Client 51 trained
Client 51 uploaded
Client 64 trained
Client 64 uploaded
Client 55 trained
Client 55 uploaded
Client 88 trained
Client 88 uploaded
Client 45 trained
Client 45 uploaded
Client 23 trained
Client 23 uploaded
Client 78 trained
Client 78 uploaded
Client 50 trained
Client 50 uploaded
Epoch(t): 436 accuracy: 68.03 loss 1.0039086639881134 run_time: 15224.436208724976
FedDocs Algo: Group 3 is selected
| current_epoch 437 |. Begin client select
SchedulerThread schedule Group [ 3 ], select( 15 clients):
1 | 8 | 17 | 26 | 34 | 39 | 47 | 62 | 65 | 67 | 70 | 73 | 84 | 89 | 98 |
-----------------------------------------------------------------Schedule complete
Client 1 trained
Client 1 uploaded
Client 8 trained
Client 8 uploaded
Client 67 trained
Client 67 uploaded
Client 98 trained
Client 98 uploaded
Client 62 trained
Client 62 uploaded
Client 73 trained
Client 73 uploaded
Client 84 trained
Client 84 uploaded
Client 89 trained
Client 89 uploaded
Client 47 trained
Client 47 uploaded
Client 39 trained
Client 39 uploaded
Client 17 trained
Client 17 uploaded
Client 26 trained
Client 26 uploaded
Client 34 trained
Client 34 uploaded
Client 70 trained
Client 70 uploaded
Client 65 trained
Client 65 uploaded
Epoch(t): 437 accuracy: 67.49 loss 1.0038544988632203 run_time: 15264.000830411911
FedDocs Algo: Group 3 is selected
| current_epoch 438 |. Begin client select
SchedulerThread schedule Group [ 3 ], select( 15 clients):
1 | 8 | 17 | 26 | 34 | 39 | 47 | 62 | 65 | 67 | 70 | 73 | 84 | 89 | 98 |
-----------------------------------------------------------------Schedule complete
Client 1 trained
Client 1 uploaded
Client 8 trained
Client 8 uploaded
Client 67 trained
Client 67 uploaded
Client 98 trained
Client 98 uploaded
Client 62 trained
Client 62 uploaded
Client 73 trained
Client 73 uploaded
Client 84 trained
Client 84 uploaded
Client 89 trained
Client 89 uploaded
Client 39 trained
Client 39 uploaded
Client 47 trained
Client 47 uploaded
Client 17 trained
Client 17 uploaded
Client 26 trained
Client 26 uploaded
Client 34 trained
Client 34 uploaded
Client 70 trained
Client 70 uploaded
Client 65 trained
Client 65 uploaded
Epoch(t): 438 accuracy: 66.5 loss 1.0294256496429444 run_time: 15302.167595386505
FedDocs Algo: Group 5 is selected
| current_epoch 439 |. Begin client select
SchedulerThread schedule Group [ 5 ], select( 15 clients):
2 | 5 | 7 | 9 | 13 | 19 | 27 | 29 | 38 | 44 | 52 | 69 | 76 | 83 | 97 |
-----------------------------------------------------------------Schedule complete
Client 52 trained
Client 52 uploaded
Client 97 trained
Client 97 uploaded
Client 76 trained
Client 76 uploaded
Client 38 trained
Client 38 uploaded
Client 7 trained
Client 7 uploaded
Client 13 trained
Client 13 uploaded
Client 2 trained
Client 2 uploaded
Client 69 trained
Client 69 uploaded
Client 5 trained
Client 5 uploaded
Client 44 trained
Client 44 uploaded
Client 9 trained
Client 9 uploaded
Client 29 trained
Client 29 uploaded
Client 27 trained
Client 27 uploaded
Client 83 trained
Client 83 uploaded
Client 19 trained
Client 19 uploaded
Epoch(t): 439 accuracy: 66.54 loss 1.0475175750255585 run_time: 15339.283742189407
FedDocs Algo: Group 0 is selected
| current_epoch 440 |. Begin client select
SchedulerThread schedule Group [ 0 ], select( 12 clients):
10 | 23 | 45 | 46 | 50 | 51 | 55 | 58 | 61 | 64 | 78 | 88 |
-----------------------------------------------------------------Schedule complete
Client 10 trained
Client 10 uploaded
Client 46 trained
Client 46 uploaded
Client 58 trained
Client 58 uploaded
Client 51 trained
Client 51 uploaded
Client 61 trained
Client 61 uploaded
Client 55 trained
Client 55 uploaded
Client 64 trained
Client 64 uploaded
Client 88 trained
Client 88 uploaded
Client 45 trained
Client 45 uploaded
Client 23 trained
Client 23 uploaded
Client 78 trained
Client 78 uploaded
Client 50 trained
Client 50 uploaded
Epoch(t): 440 accuracy: 67.52 loss 1.0197717654705047 run_time: 15366.063274145126
FedDocs Algo: Group 2 is selected
| current_epoch 441 |. Begin client select
SchedulerThread schedule Group [ 2 ], select( 15 clients):
4 | 12 | 14 | 16 | 21 | 42 | 43 | 49 | 53 | 60 | 68 | 86 | 90 | 95 | 99 |
-----------------------------------------------------------------Schedule complete
Client 68 trained
Client 68 uploaded
Client 99 trained
Client 99 uploaded
Client 53 trained
Client 53 uploaded
Client 60 trained
Client 60 uploaded
Client 21 trained
Client 21 uploaded
Client 49 trained
Client 49 uploaded
Client 12 trained
Client 12 uploaded
Client 14 trained
Client 14 uploaded
Client 4 trained
Client 4 uploaded
Client 43 trained
Client 43 uploaded
Client 95 trained
Client 95 uploaded
Client 16 trained
Client 16 uploaded
Client 90 trained
Client 90 uploaded
Client 42 trained
Client 42 uploaded
Client 86 trained
Client 86 uploaded
Epoch(t): 441 accuracy: 68.35 loss 0.9726894962787628 run_time: 15399.480502605438
FedDocs Algo: Group 1 is selected
| current_epoch 442 |. Begin client select
SchedulerThread schedule Group [ 1 ], select( 15 clients):
11 | 18 | 32 | 37 | 41 | 48 | 56 | 57 | 72 | 74 | 75 | 77 | 79 | 91 | 93 |
-----------------------------------------------------------------Schedule complete
Client 75 trained
Client 75 uploaded
Client 93 trained
Client 93 uploaded
Client 37 trained
Client 37 uploaded
Client 57 trained
Client 57 uploaded
Client 74 trained
Client 74 uploaded
Client 56 trained
Client 56 uploaded
Client 41 trained
Client 41 uploaded
Client 48 trained
Client 48 uploaded
Client 11 trained
Client 11 uploaded
Client 18 trained
Client 18 uploaded
Client 77 trained
Client 77 uploaded
Client 91 trained
Client 91 uploaded
Client 32 trained
Client 32 uploaded
Client 79 trained
Client 79 uploaded
Client 72 trained
Client 72 uploaded
Epoch(t): 442 accuracy: 68.23 loss 0.9547002452611923 run_time: 15442.257475852966
FedDocs Algo: Group 2 is selected
| current_epoch 443 |. Begin client select
SchedulerThread schedule Group [ 2 ], select( 15 clients):
4 | 12 | 14 | 16 | 21 | 42 | 43 | 49 | 53 | 60 | 68 | 86 | 90 | 95 | 99 |
-----------------------------------------------------------------Schedule complete
Client 68 trained
Client 68 uploaded
Client 99 trained
Client 99 uploaded
Client 53 trained
Client 53 uploaded
Client 60 trained
Client 60 uploaded
Client 21 trained
Client 21 uploaded
Client 49 trained
Client 49 uploaded
Client 12 trained
Client 12 uploaded
Client 4 trained
Client 4 uploaded
Client 14 trained
Client 14 uploaded
Client 43 trained
Client 43 uploaded
Client 95 trained
Client 95 uploaded
Client 16 trained
Client 16 uploaded
Client 90 trained
Client 90 uploaded
Client 42 trained
Client 42 uploaded
Client 86 trained
Client 86 uploaded
Epoch(t): 443 accuracy: 67.93 loss 0.9681255406141281 run_time: 15477.850854873657
FedDocs Algo: Group 4 is selected
| current_epoch 444 |. Begin client select
SchedulerThread schedule Group [ 4 ], select( 14 clients):
3 | 20 | 22 | 24 | 28 | 30 | 33 | 35 | 63 | 66 | 71 | 80 | 81 | 96 |
-----------------------------------------------------------------Schedule complete
Client 28 trained
Client 28 uploaded
Client 80 trained
Client 80 uploaded
Client 66 trained
Client 66 uploaded
Client 30 trained
Client 30 uploaded
Client 63 trained
Client 63 uploaded
Client 24 trained
Client 24 uploaded
Client 22 trained
Client 22 uploaded
Client 96 trained
Client 96 uploaded
Client 3 trained
Client 3 uploaded
Client 81 trained
Client 81 uploaded
Client 71 trained
Client 71 uploaded
Client 33 trained
Client 33 uploaded
Client 20 trained
Client 20 uploaded
Client 35 trained
Client 35 uploaded
Epoch(t): 444 accuracy: 66.39 loss 1.0270402824878693 run_time: 15513.826691150665
FedDocs Algo: Group 5 is selected
| current_epoch 445 |. Begin client select
SchedulerThread schedule Group [ 5 ], select( 15 clients):
2 | 5 | 7 | 9 | 13 | 19 | 27 | 29 | 38 | 44 | 52 | 69 | 76 | 83 | 97 |
-----------------------------------------------------------------Schedule complete
Client 52 trained
Client 52 uploaded
Client 97 trained
Client 97 uploaded
Client 76 trained
Client 76 uploaded
Client 38 trained
Client 38 uploaded
Client 7 trained
Client 7 uploaded
Client 2 trained
Client 2 uploaded
Client 13 trained
Client 13 uploaded
Client 69 trained
Client 69 uploaded
Client 5 trained
Client 5 uploaded
Client 44 trained
Client 44 uploaded
Client 9 trained
Client 9 uploaded
Client 29 trained
Client 29 uploaded
Client 27 trained
Client 27 uploaded
Client 83 trained
Client 83 uploaded
Client 19 trained
Client 19 uploaded
Epoch(t): 445 accuracy: 67.59 loss 1.0198832309246064 run_time: 15551.164769649506
FedDocs Algo: Group 0 is selected
| current_epoch 446 |. Begin client select
SchedulerThread schedule Group [ 0 ], select( 12 clients):
10 | 23 | 45 | 46 | 50 | 51 | 55 | 58 | 61 | 64 | 78 | 88 |
-----------------------------------------------------------------Schedule complete
Client 10 trained
Client 10 uploaded
Client 46 trained
Client 46 uploaded
Client 58 trained
Client 58 uploaded
Client 61 trained
Client 61 uploaded
Client 51 trained
Client 51 uploaded
Client 55 trained
Client 55 uploaded
Client 64 trained
Client 64 uploaded
Client 88 trained
Client 88 uploaded
Client 45 trained
Client 45 uploaded
Client 23 trained
Client 23 uploaded
Client 78 trained
Client 78 uploaded
Client 50 trained
Client 50 uploaded
Epoch(t): 446 accuracy: 68.12 loss 0.9973085200786591 run_time: 15578.786911964417
FedDocs Algo: Group 1 is selected
| current_epoch 447 |. Begin client select
SchedulerThread schedule Group [ 1 ], select( 15 clients):
11 | 18 | 32 | 37 | 41 | 48 | 56 | 57 | 72 | 74 | 75 | 77 | 79 | 91 | 93 |
-----------------------------------------------------------------Schedule complete
Client 75 trained
Client 75 uploaded
Client 93 trained
Client 93 uploaded
Client 37 trained
Client 37 uploaded
Client 57 trained
Client 57 uploaded
Client 74 trained
Client 74 uploaded
Client 48 trained
Client 48 uploaded
Client 41 trained
Client 41 uploaded
Client 56 trained
Client 56 uploaded
Client 11 trained
Client 11 uploaded
Client 18 trained
Client 18 uploaded
Client 77 trained
Client 77 uploaded
Client 91 trained
Client 91 uploaded
Client 32 trained
Client 32 uploaded
Client 79 trained
Client 79 uploaded
Client 72 trained
Client 72 uploaded
Epoch(t): 447 accuracy: 67.45 loss 0.9779086548089981 run_time: 15621.066393375397
FedDocs Algo: Group 5 is selected
| current_epoch 448 |. Begin client select
SchedulerThread schedule Group [ 5 ], select( 15 clients):
2 | 5 | 7 | 9 | 13 | 19 | 27 | 29 | 38 | 44 | 52 | 69 | 76 | 83 | 97 |
-----------------------------------------------------------------Schedule complete
Client 97 trained
Client 97 uploaded
Client 52 trained
Client 52 uploaded
Client 76 trained
Client 76 uploaded
Client 7 trained
Client 7 uploaded
Client 38 trained
Client 38 uploaded
Client 13 trained
Client 13 uploaded
Client 2 trained
Client 2 uploaded
Client 69 trained
Client 69 uploaded
Client 5 trained
Client 5 uploaded
Client 9 trained
Client 9 uploaded
Client 44 trained
Client 44 uploaded
Client 29 trained
Client 29 uploaded
Client 27 trained
Client 27 uploaded
Client 83 trained
Client 83 uploaded
Client 19 trained
Client 19 uploaded
Epoch(t): 448 accuracy: 66.71 loss 1.0162256807088852 run_time: 15658.24501657486
FedDocs Algo: Group 4 is selected
| current_epoch 449 |. Begin client select
SchedulerThread schedule Group [ 4 ], select( 14 clients):
3 | 20 | 22 | 24 | 28 | 30 | 33 | 35 | 63 | 66 | 71 | 80 | 81 | 96 |
-----------------------------------------------------------------Schedule complete
Client 28 trained
Client 28 uploaded
Client 80 trained
Client 80 uploaded
Client 30 trained
Client 30 uploaded
Client 66 trained
Client 66 uploaded
Client 63 trained
Client 63 uploaded
Client 24 trained
Client 24 uploaded
Client 22 trained
Client 22 uploaded
Client 96 trained
Client 96 uploaded
Client 3 trained
Client 3 uploaded
Client 81 trained
Client 81 uploaded
Client 71 trained
Client 71 uploaded
Client 33 trained
Client 33 uploaded
Client 20 trained
Client 20 uploaded
Client 35 trained
Client 35 uploaded
Epoch(t): 449 accuracy: 66.64 loss 1.0528876608610154 run_time: 15694.065219163895
FedDocs Algo: Group 5 is selected
| current_epoch 450 |. Begin client select
SchedulerThread schedule Group [ 5 ], select( 15 clients):
2 | 5 | 7 | 9 | 13 | 19 | 27 | 29 | 38 | 44 | 52 | 69 | 76 | 83 | 97 |
-----------------------------------------------------------------Schedule complete
Client 97 trained
Client 97 uploaded
Client 52 trained
Client 52 uploaded
Client 76 trained
Client 76 uploaded
Client 38 trained
Client 38 uploaded
Client 7 trained
Client 7 uploaded
Client 13 trained
Client 13 uploaded
Client 2 trained
Client 2 uploaded
Client 69 trained
Client 69 uploaded
Client 5 trained
Client 5 uploaded
Client 9 trained
Client 9 uploaded
Client 44 trained
Client 44 uploaded
Client 29 trained
Client 29 uploaded
Client 27 trained
Client 27 uploaded
Client 83 trained
Client 83 uploaded
Client 19 trained
Client 19 uploaded
Epoch(t): 450 accuracy: 67.08 loss 1.0351906621456146 run_time: 15730.980367898941
FedDocs Algo: Group 5 is selected
| current_epoch 451 |. Begin client select
SchedulerThread schedule Group [ 5 ], select( 15 clients):
2 | 5 | 7 | 9 | 13 | 19 | 27 | 29 | 38 | 44 | 52 | 69 | 76 | 83 | 97 |
-----------------------------------------------------------------Schedule complete
Client 97 trained
Client 97 uploaded
Client 52 trained
Client 52 uploaded
Client 76 trained
Client 76 uploaded
Client 38 trained
Client 38 uploaded
Client 7 trained
Client 7 uploaded
Client 2 trained
Client 2 uploaded
Client 13 trained
Client 13 uploaded
Client 69 trained
Client 69 uploaded
Client 5 trained
Client 5 uploaded
Client 44 trained
Client 44 uploaded
Client 9 trained
Client 9 uploaded
Client 29 trained
Client 29 uploaded
Client 27 trained
Client 27 uploaded
Client 83 trained
Client 83 uploaded
Client 19 trained
Client 19 uploaded
Epoch(t): 451 accuracy: 66.52 loss 1.0470770049095153 run_time: 15768.127898931503
FedDocs Algo: Group 5 is selected
| current_epoch 452 |. Begin client select
SchedulerThread schedule Group [ 5 ], select( 15 clients):
2 | 5 | 7 | 9 | 13 | 19 | 27 | 29 | 38 | 44 | 52 | 69 | 76 | 83 | 97 |
-----------------------------------------------------------------Schedule complete
Client 52 trained
Client 52 uploaded
Client 97 trained
Client 97 uploaded
Client 76 trained
Client 76 uploaded
Client 38 trained
Client 38 uploaded
Client 7 trained
Client 7 uploaded
Client 2 trained
Client 2 uploaded
Client 13 trained
Client 13 uploaded
Client 69 trained
Client 69 uploaded
Client 5 trained
Client 5 uploaded
Client 9 trained
Client 9 uploaded
Client 44 trained
Client 44 uploaded
Client 29 trained
Client 29 uploaded
Client 27 trained
Client 27 uploaded
Client 83 trained
Client 83 uploaded
Client 19 trained
Client 19 uploaded
Epoch(t): 452 accuracy: 65.99 loss 1.0699826377630233 run_time: 15807.052548408508
FedDocs Algo: Group 6 is selected
| current_epoch 453 |. Begin client select
SchedulerThread schedule Group [ 6 ], select( 14 clients):
0 | 6 | 15 | 25 | 31 | 36 | 40 | 54 | 59 | 82 | 85 | 87 | 92 | 94 |
-----------------------------------------------------------------Schedule complete
Client 94 trained
Client 94 uploaded
Client 54 trained
Client 54 uploaded
Client 36 trained
Client 36 uploaded
Client 87 trained
Client 87 uploaded
Client 25 trained
Client 25 uploaded
Client 0 trained
Client 0 uploaded
Client 92 trained
Client 92 uploaded
Client 6 trained
Client 6 uploaded
Client 31 trained
Client 31 uploaded
Client 40 trained
Client 40 uploaded
Client 82 trained
Client 82 uploaded
Client 85 trained
Client 85 uploaded
Client 59 trained
Client 59 uploaded
Client 15 trained
Client 15 uploaded
Epoch(t): 453 accuracy: 66.91 loss 1.0540916073322295 run_time: 15835.401103973389
FedDocs Algo: Group 2 is selected
| current_epoch 454 |. Begin client select
SchedulerThread schedule Group [ 2 ], select( 15 clients):
4 | 12 | 14 | 16 | 21 | 42 | 43 | 49 | 53 | 60 | 68 | 86 | 90 | 95 | 99 |
-----------------------------------------------------------------Schedule complete
Client 68 trained
Client 68 uploaded
Client 99 trained
Client 99 uploaded
Client 53 trained
Client 53 uploaded
Client 60 trained
Client 60 uploaded
Client 21 trained
Client 21 uploaded
Client 49 trained
Client 49 uploaded
Client 12 trained
Client 12 uploaded
Client 4 trained
Client 4 uploaded
Client 14 trained
Client 14 uploaded
Client 43 trained
Client 43 uploaded
Client 95 trained
Client 95 uploaded
Client 90 trained
Client 90 uploaded
Client 16 trained
Client 16 uploaded
Client 42 trained
Client 42 uploaded
Client 86 trained
Client 86 uploaded
Epoch(t): 454 accuracy: 67.7 loss 0.9912796545028687 run_time: 15869.89902472496
FedDocs Algo: Group 5 is selected
| current_epoch 455 |. Begin client select
SchedulerThread schedule Group [ 5 ], select( 15 clients):
2 | 5 | 7 | 9 | 13 | 19 | 27 | 29 | 38 | 44 | 52 | 69 | 76 | 83 | 97 |
-----------------------------------------------------------------Schedule complete
Client 97 trained
Client 97 uploaded
Client 52 trained
Client 52 uploaded
Client 76 trained
Client 76 uploaded
Client 38 trained
Client 38 uploaded
Client 7 trained
Client 7 uploaded
Client 13 trained
Client 13 uploaded
Client 2 trained
Client 2 uploaded
Client 69 trained
Client 69 uploaded
Client 5 trained
Client 5 uploaded
Client 44 trained
Client 44 uploaded
Client 9 trained
Client 9 uploaded
Client 29 trained
Client 29 uploaded
Client 27 trained
Client 27 uploaded
Client 83 trained
Client 83 uploaded
Client 19 trained
Client 19 uploaded
Epoch(t): 455 accuracy: 67.01 loss 1.0468234622478485 run_time: 15907.372157812119
FedDocs Algo: Group 5 is selected
| current_epoch 456 |. Begin client select
SchedulerThread schedule Group [ 5 ], select( 15 clients):
2 | 5 | 7 | 9 | 13 | 19 | 27 | 29 | 38 | 44 | 52 | 69 | 76 | 83 | 97 |
-----------------------------------------------------------------Schedule complete
Client 52 trained
Client 52 uploaded
Client 97 trained
Client 97 uploaded
Client 76 trained
Client 76 uploaded
Client 38 trained
Client 38 uploaded
Client 7 trained
Client 7 uploaded
Client 2 trained
Client 2 uploaded
Client 13 trained
Client 13 uploaded
Client 69 trained
Client 69 uploaded
Client 5 trained
Client 5 uploaded
Client 9 trained
Client 9 uploaded
Client 44 trained
Client 44 uploaded
Client 29 trained
Client 29 uploaded
Client 27 trained
Client 27 uploaded
Client 83 trained
Client 83 uploaded
Client 19 trained
Client 19 uploaded
Epoch(t): 456 accuracy: 66.72 loss 1.0596897399425507 run_time: 15944.960747003555
FedDocs Algo: Group 3 is selected
| current_epoch 457 |. Begin client select
SchedulerThread schedule Group [ 3 ], select( 15 clients):
1 | 8 | 17 | 26 | 34 | 39 | 47 | 62 | 65 | 67 | 70 | 73 | 84 | 89 | 98 |
-----------------------------------------------------------------Schedule complete
Client 1 trained
Client 1 uploaded
Client 8 trained
Client 8 uploaded
Client 67 trained
Client 67 uploaded
Client 98 trained
Client 98 uploaded
Client 62 trained
Client 62 uploaded
Client 73 trained
Client 73 uploaded
Client 84 trained
Client 84 uploaded
Client 47 trained
Client 47 uploaded
Client 89 trained
Client 89 uploaded
Client 39 trained
Client 39 uploaded
Client 17 trained
Client 17 uploaded
Client 26 trained
Client 26 uploaded
Client 34 trained
Client 34 uploaded
Client 65 trained
Client 65 uploaded
Client 70 trained
Client 70 uploaded
Epoch(t): 457 accuracy: 67.31 loss 1.010736861228943 run_time: 15983.618733167648
FedDocs Algo: Group 2 is selected
| current_epoch 458 |. Begin client select
SchedulerThread schedule Group [ 2 ], select( 15 clients):
4 | 12 | 14 | 16 | 21 | 42 | 43 | 49 | 53 | 60 | 68 | 86 | 90 | 95 | 99 |
-----------------------------------------------------------------Schedule complete
Client 68 trained
Client 68 uploaded
Client 99 trained
Client 99 uploaded
Client 53 trained
Client 53 uploaded
Client 60 trained
Client 60 uploaded
Client 21 trained
Client 21 uploaded
Client 49 trained
Client 49 uploaded
Client 12 trained
Client 12 uploaded
Client 4 trained
Client 4 uploaded
Client 14 trained
Client 14 uploaded
Client 43 trained
Client 43 uploaded
Client 95 trained
Client 95 uploaded
Client 16 trained
Client 16 uploaded
Client 90 trained
Client 90 uploaded
Client 42 trained
Client 42 uploaded
Client 86 trained
Client 86 uploaded
Epoch(t): 458 accuracy: 68.44 loss 0.9779233413934708 run_time: 16018.248038291931
FedDocs Algo: Group 5 is selected
| current_epoch 459 |. Begin client select
SchedulerThread schedule Group [ 5 ], select( 15 clients):
2 | 5 | 7 | 9 | 13 | 19 | 27 | 29 | 38 | 44 | 52 | 69 | 76 | 83 | 97 |
-----------------------------------------------------------------Schedule complete
Client 97 trained
Client 97 uploaded
Client 52 trained
Client 52 uploaded
Client 76 trained
Client 76 uploaded
Client 38 trained
Client 38 uploaded
Client 7 trained
Client 7 uploaded
Client 2 trained
Client 2 uploaded
Client 13 trained
Client 13 uploaded
Client 69 trained
Client 69 uploaded
Client 5 trained
Client 5 uploaded
Client 44 trained
Client 44 uploaded
Client 9 trained
Client 9 uploaded
Client 29 trained
Client 29 uploaded
Client 27 trained
Client 27 uploaded
Client 83 trained
Client 83 uploaded
Client 19 trained
Client 19 uploaded
Epoch(t): 459 accuracy: 67.5 loss 1.019849420785904 run_time: 16056.508058547974
FedDocs Algo: Group 2 is selected
| current_epoch 460 |. Begin client select
SchedulerThread schedule Group [ 2 ], select( 15 clients):
4 | 12 | 14 | 16 | 21 | 42 | 43 | 49 | 53 | 60 | 68 | 86 | 90 | 95 | 99 |
-----------------------------------------------------------------Schedule complete
Client 68 trained
Client 68 uploaded
Client 99 trained
Client 99 uploaded
Client 53 trained
Client 53 uploaded
Client 60 trained
Client 60 uploaded
Client 21 trained
Client 21 uploaded
Client 49 trained
Client 49 uploaded
Client 12 trained
Client 12 uploaded
Client 14 trained
Client 14 uploaded
Client 4 trained
Client 4 uploaded
Client 43 trained
Client 43 uploaded
Client 95 trained
Client 95 uploaded
Client 16 trained
Client 16 uploaded
Client 90 trained
Client 90 uploaded
Client 42 trained
Client 42 uploaded
Client 86 trained
Client 86 uploaded
Epoch(t): 460 accuracy: 68.33 loss 0.9798641771078109 run_time: 16090.901187896729
FedDocs Algo: Group 5 is selected
| current_epoch 461 |. Begin client select
SchedulerThread schedule Group [ 5 ], select( 15 clients):
2 | 5 | 7 | 9 | 13 | 19 | 27 | 29 | 38 | 44 | 52 | 69 | 76 | 83 | 97 |
-----------------------------------------------------------------Schedule complete
Client 52 trained
Client 52 uploaded
Client 97 trained
Client 97 uploaded
Client 76 trained
Client 76 uploaded
Client 7 trained
Client 7 uploaded
Client 38 trained
Client 38 uploaded
Client 13 trained
Client 13 uploaded
Client 2 trained
Client 2 uploaded
Client 5 trained
Client 5 uploaded
Client 69 trained
Client 69 uploaded
Client 44 trained
Client 44 uploaded
Client 9 trained
Client 9 uploaded
Client 29 trained
Client 29 uploaded
Client 27 trained
Client 27 uploaded
Client 83 trained
Client 83 uploaded
Client 19 trained
Client 19 uploaded
Epoch(t): 461 accuracy: 67.21 loss 1.027828909754753 run_time: 16129.860927820206
FedDocs Algo: Group 2 is selected
| current_epoch 462 |. Begin client select
SchedulerThread schedule Group [ 2 ], select( 15 clients):
4 | 12 | 14 | 16 | 21 | 42 | 43 | 49 | 53 | 60 | 68 | 86 | 90 | 95 | 99 |
-----------------------------------------------------------------Schedule complete
Client 68 trained
Client 68 uploaded
Client 99 trained
Client 99 uploaded
Client 53 trained
Client 53 uploaded
Client 60 trained
Client 60 uploaded
Client 21 trained
Client 21 uploaded
Client 49 trained
Client 49 uploaded
Client 12 trained
Client 12 uploaded
Client 14 trained
Client 14 uploaded
Client 4 trained
Client 4 uploaded
Client 43 trained
Client 43 uploaded
Client 95 trained
Client 95 uploaded
Client 16 trained
Client 16 uploaded
Client 90 trained
Client 90 uploaded
Client 42 trained
Client 42 uploaded
Client 86 trained
Client 86 uploaded
Epoch(t): 462 accuracy: 67.75 loss 0.9920858687162399 run_time: 16162.942156553268
FedDocs Algo: Group 5 is selected
| current_epoch 463 |. Begin client select
SchedulerThread schedule Group [ 5 ], select( 15 clients):
2 | 5 | 7 | 9 | 13 | 19 | 27 | 29 | 38 | 44 | 52 | 69 | 76 | 83 | 97 |
-----------------------------------------------------------------Schedule complete
Client 97 trained
Client 97 uploaded
Client 52 trained
Client 52 uploaded
Client 76 trained
Client 76 uploaded
Client 38 trained
Client 38 uploaded
Client 7 trained
Client 7 uploaded
Client 13 trained
Client 13 uploaded
Client 2 trained
Client 2 uploaded
Client 69 trained
Client 69 uploaded
Client 5 trained
Client 5 uploaded
Client 9 trained
Client 9 uploaded
Client 44 trained
Client 44 uploaded
Client 29 trained
Client 29 uploaded
Client 27 trained
Client 27 uploaded
Client 83 trained
Client 83 uploaded
Client 19 trained
Client 19 uploaded
Epoch(t): 463 accuracy: 67.17 loss 1.0246847903728484 run_time: 16200.249189376831
FedDocs Algo: Group 0 is selected
| current_epoch 464 |. Begin client select
SchedulerThread schedule Group [ 0 ], select( 12 clients):
10 | 23 | 45 | 46 | 50 | 51 | 55 | 58 | 61 | 64 | 78 | 88 |
-----------------------------------------------------------------Schedule complete
Client 10 trained
Client 10 uploaded
Client 46 trained
Client 46 uploaded
Client 58 trained
Client 58 uploaded
Client 51 trained
Client 51 uploaded
Client 61 trained
Client 61 uploaded
Client 64 trained
Client 64 uploaded
Client 55 trained
Client 55 uploaded
Client 45 trained
Client 45 uploaded
Client 88 trained
Client 88 uploaded
Client 23 trained
Client 23 uploaded
Client 78 trained
Client 78 uploaded
Client 50 trained
Client 50 uploaded
Epoch(t): 464 accuracy: 67.53 loss 1.0050711864233017 run_time: 16227.479153633118
FedDocs Algo: Group 5 is selected
| current_epoch 465 |. Begin client select
SchedulerThread schedule Group [ 5 ], select( 15 clients):
2 | 5 | 7 | 9 | 13 | 19 | 27 | 29 | 38 | 44 | 52 | 69 | 76 | 83 | 97 |
-----------------------------------------------------------------Schedule complete
Client 52 trained
Client 52 uploaded
Client 97 trained
Client 97 uploaded
Client 76 trained
Client 76 uploaded
Client 7 trained
Client 7 uploaded
Client 38 trained
Client 38 uploaded
Client 13 trained
Client 13 uploaded
Client 2 trained
Client 2 uploaded
Client 69 trained
Client 69 uploaded
Client 5 trained
Client 5 uploaded
Client 9 trained
Client 9 uploaded
Client 44 trained
Client 44 uploaded
Client 29 trained
Client 29 uploaded
Client 27 trained
Client 27 uploaded
Client 83 trained
Client 83 uploaded
Client 19 trained
Client 19 uploaded
Epoch(t): 465 accuracy: 67.13 loss 1.0350571179389954 run_time: 16264.783459424973
FedDocs Algo: Group 5 is selected
| current_epoch 466 |. Begin client select
SchedulerThread schedule Group [ 5 ], select( 15 clients):
2 | 5 | 7 | 9 | 13 | 19 | 27 | 29 | 38 | 44 | 52 | 69 | 76 | 83 | 97 |
-----------------------------------------------------------------Schedule complete
Client 97 trained
Client 97 uploaded
Client 52 trained
Client 52 uploaded
Client 76 trained
Client 76 uploaded
Client 38 trained
Client 38 uploaded
Client 7 trained
Client 7 uploaded
Client 2 trained
Client 2 uploaded
Client 13 trained
Client 13 uploaded
Client 69 trained
Client 69 uploaded
Client 5 trained
Client 5 uploaded
Client 9 trained
Client 9 uploaded
Client 44 trained
Client 44 uploaded
Client 29 trained
Client 29 uploaded
Client 27 trained
Client 27 uploaded
Client 83 trained
Client 83 uploaded
Client 19 trained
Client 19 uploaded
Epoch(t): 466 accuracy: 66.77 loss 1.054863932132721 run_time: 16301.316668748856
FedDocs Algo: Group 5 is selected
| current_epoch 467 |. Begin client select
SchedulerThread schedule Group [ 5 ], select( 15 clients):
2 | 5 | 7 | 9 | 13 | 19 | 27 | 29 | 38 | 44 | 52 | 69 | 76 | 83 | 97 |
-----------------------------------------------------------------Schedule complete
Client 97 trained
Client 97 uploaded
Client 52 trained
Client 52 uploaded
Client 76 trained
Client 76 uploaded
Client 38 trained
Client 38 uploaded
Client 7 trained
Client 7 uploaded
Client 13 trained
Client 13 uploaded
Client 2 trained
Client 2 uploaded
Client 69 trained
Client 69 uploaded
Client 5 trained
Client 5 uploaded
Client 44 trained
Client 44 uploaded
Client 9 trained
Client 9 uploaded
Client 29 trained
Client 29 uploaded
Client 27 trained
Client 27 uploaded
Client 83 trained
Client 83 uploaded
Client 19 trained
Client 19 uploaded
Epoch(t): 467 accuracy: 65.81 loss 1.0748644465208053 run_time: 16337.889310836792
FedDocs Algo: Group 5 is selected
| current_epoch 468 |. Begin client select
SchedulerThread schedule Group [ 5 ], select( 15 clients):
2 | 5 | 7 | 9 | 13 | 19 | 27 | 29 | 38 | 44 | 52 | 69 | 76 | 83 | 97 |
-----------------------------------------------------------------Schedule complete
Client 52 trained
Client 52 uploaded
Client 97 trained
Client 97 uploaded
Client 76 trained
Client 76 uploaded
Client 7 trained
Client 7 uploaded
Client 38 trained
Client 38 uploaded
Client 2 trained
Client 2 uploaded
Client 13 trained
Client 13 uploaded
Client 69 trained
Client 69 uploaded
Client 5 trained
Client 5 uploaded
Client 9 trained
Client 9 uploaded
Client 44 trained
Client 44 uploaded
Client 29 trained
Client 29 uploaded
Client 27 trained
Client 27 uploaded
Client 83 trained
Client 83 uploaded
Client 19 trained
Client 19 uploaded
Epoch(t): 468 accuracy: 66.04 loss 1.0973703998327256 run_time: 16374.921426296234
FedDocs Algo: Group 5 is selected
| current_epoch 469 |. Begin client select
SchedulerThread schedule Group [ 5 ], select( 15 clients):
2 | 5 | 7 | 9 | 13 | 19 | 27 | 29 | 38 | 44 | 52 | 69 | 76 | 83 | 97 |
-----------------------------------------------------------------Schedule complete
Client 97 trained
Client 97 uploaded
Client 52 trained
Client 52 uploaded
Client 76 trained
Client 76 uploaded
Client 38 trained
Client 38 uploaded
Client 7 trained
Client 7 uploaded
Client 2 trained
Client 2 uploaded
Client 13 trained
Client 13 uploaded
Client 69 trained
Client 69 uploaded
Client 5 trained
Client 5 uploaded
Client 9 trained
Client 9 uploaded
Client 44 trained
Client 44 uploaded
Client 29 trained
Client 29 uploaded
Client 27 trained
Client 27 uploaded
Client 83 trained
Client 83 uploaded
Client 19 trained
Client 19 uploaded
Epoch(t): 469 accuracy: 65.82 loss 1.0920591700077056 run_time: 16412.1763317585
FedDocs Algo: Group 6 is selected
| current_epoch 470 |. Begin client select
SchedulerThread schedule Group [ 6 ], select( 14 clients):
0 | 6 | 15 | 25 | 31 | 36 | 40 | 54 | 59 | 82 | 85 | 87 | 92 | 94 |
-----------------------------------------------------------------Schedule complete
Client 94 trained
Client 94 uploaded
Client 87 trained
Client 87 uploaded
Client 54 trained
Client 54 uploaded
Client 36 trained
Client 36 uploaded
Client 25 trained
Client 25 uploaded
Client 92 trained
Client 92 uploaded
Client 0 trained
Client 0 uploaded
Client 6 trained
Client 6 uploaded
Client 31 trained
Client 31 uploaded
Client 40 trained
Client 40 uploaded
Client 82 trained
Client 82 uploaded
Client 85 trained
Client 85 uploaded
Client 15 trained
Client 15 uploaded
Client 59 trained
Client 59 uploaded
Epoch(t): 470 accuracy: 67.89 loss 1.0236183714866638 run_time: 16440.324111700058
FedDocs Algo: Group 2 is selected
| current_epoch 471 |. Begin client select
SchedulerThread schedule Group [ 2 ], select( 15 clients):
4 | 12 | 14 | 16 | 21 | 42 | 43 | 49 | 53 | 60 | 68 | 86 | 90 | 95 | 99 |
-----------------------------------------------------------------Schedule complete
Client 68 trained
Client 68 uploaded
Client 99 trained
Client 99 uploaded
Client 53 trained
Client 53 uploaded
Client 60 trained
Client 60 uploaded
Client 21 trained
Client 21 uploaded
Client 49 trained
Client 49 uploaded
Client 12 trained
Client 12 uploaded
Client 4 trained
Client 4 uploaded
Client 14 trained
Client 14 uploaded
Client 43 trained
Client 43 uploaded
Client 16 trained
Client 16 uploaded
Client 95 trained
Client 95 uploaded
Client 90 trained
Client 90 uploaded
Client 42 trained
Client 42 uploaded
Client 86 trained
Client 86 uploaded
Epoch(t): 471 accuracy: 67.95 loss 0.994599593281746 run_time: 16475.830651044846
FedDocs Algo: Group 5 is selected
| current_epoch 472 |. Begin client select
SchedulerThread schedule Group [ 5 ], select( 15 clients):
2 | 5 | 7 | 9 | 13 | 19 | 27 | 29 | 38 | 44 | 52 | 69 | 76 | 83 | 97 |
-----------------------------------------------------------------Schedule complete
Client 52 trained
Client 52 uploaded
Client 97 trained
Client 97 uploaded
Client 76 trained
Client 76 uploaded
Client 7 trained
Client 7 uploaded
Client 38 trained
Client 38 uploaded
Client 2 trained
Client 2 uploaded
Client 13 trained
Client 13 uploaded
Client 69 trained
Client 69 uploaded
Client 5 trained
Client 5 uploaded
Client 44 trained
Client 44 uploaded
Client 9 trained
Client 9 uploaded
Client 29 trained
Client 29 uploaded
Client 27 trained
Client 27 uploaded
Client 83 trained
Client 83 uploaded
Client 19 trained
Client 19 uploaded
Epoch(t): 472 accuracy: 66.85 loss 1.0459233617782593 run_time: 16513.233891248703
FedDocs Algo: Group 5 is selected
| current_epoch 473 |. Begin client select
SchedulerThread schedule Group [ 5 ], select( 15 clients):
2 | 5 | 7 | 9 | 13 | 19 | 27 | 29 | 38 | 44 | 52 | 69 | 76 | 83 | 97 |
-----------------------------------------------------------------Schedule complete
Client 52 trained
Client 52 uploaded
Client 97 trained
Client 97 uploaded
Client 76 trained
Client 76 uploaded
Client 7 trained
Client 7 uploaded
Client 38 trained
Client 38 uploaded
Client 2 trained
Client 2 uploaded
Client 13 trained
Client 13 uploaded
Client 69 trained
Client 69 uploaded
Client 5 trained
Client 5 uploaded
Client 9 trained
Client 9 uploaded
Client 44 trained
Client 44 uploaded
Client 29 trained
Client 29 uploaded
Client 27 trained
Client 27 uploaded
Client 83 trained
Client 83 uploaded
Client 19 trained
Client 19 uploaded
Epoch(t): 473 accuracy: 66.67 loss 1.0633636558055877 run_time: 16552.56121659279
FedDocs Algo: Group 2 is selected
| current_epoch 474 |. Begin client select
SchedulerThread schedule Group [ 2 ], select( 15 clients):
4 | 12 | 14 | 16 | 21 | 42 | 43 | 49 | 53 | 60 | 68 | 86 | 90 | 95 | 99 |
-----------------------------------------------------------------Schedule complete
Client 68 trained
Client 68 uploaded
Client 99 trained
Client 99 uploaded
Client 53 trained
Client 53 uploaded
Client 60 trained
Client 60 uploaded
Client 21 trained
Client 21 uploaded
Client 49 trained
Client 49 uploaded
Client 12 trained
Client 12 uploaded
Client 4 trained
Client 4 uploaded
Client 14 trained
Client 14 uploaded
Client 43 trained
Client 43 uploaded
Client 95 trained
Client 95 uploaded
Client 90 trained
Client 90 uploaded
Client 16 trained
Client 16 uploaded
Client 42 trained
Client 42 uploaded
Client 86 trained
Client 86 uploaded
Epoch(t): 474 accuracy: 67.55 loss 1.0136360239982605 run_time: 16586.96466732025
FedDocs Algo: Group 0 is selected
| current_epoch 475 |. Begin client select
SchedulerThread schedule Group [ 0 ], select( 12 clients):
10 | 23 | 45 | 46 | 50 | 51 | 55 | 58 | 61 | 64 | 78 | 88 |
-----------------------------------------------------------------Schedule complete
Client 10 trained
Client 10 uploaded
Client 46 trained
Client 46 uploaded
Client 58 trained
Client 58 uploaded
Client 61 trained
Client 61 uploaded
Client 51 trained
Client 51 uploaded
Client 55 trained
Client 55 uploaded
Client 64 trained
Client 64 uploaded
Client 88 trained
Client 88 uploaded
Client 45 trained
Client 45 uploaded
Client 23 trained
Client 23 uploaded
Client 78 trained
Client 78 uploaded
Client 50 trained
Client 50 uploaded
Epoch(t): 475 accuracy: 67.99 loss 0.992605522274971 run_time: 16613.47921872139
FedDocs Algo: Group 5 is selected
| current_epoch 476 |. Begin client select
SchedulerThread schedule Group [ 5 ], select( 15 clients):
2 | 5 | 7 | 9 | 13 | 19 | 27 | 29 | 38 | 44 | 52 | 69 | 76 | 83 | 97 |
-----------------------------------------------------------------Schedule complete
Client 52 trained
Client 52 uploaded
Client 97 trained
Client 97 uploaded
Client 76 trained
Client 76 uploaded
Client 38 trained
Client 38 uploaded
Client 7 trained
Client 7 uploaded
Client 2 trained
Client 2 uploaded
Client 13 trained
Client 13 uploaded
Client 69 trained
Client 69 uploaded
Client 5 trained
Client 5 uploaded
Client 9 trained
Client 9 uploaded
Client 44 trained
Client 44 uploaded
Client 29 trained
Client 29 uploaded
Client 27 trained
Client 27 uploaded
Client 83 trained
Client 83 uploaded
Client 19 trained
Client 19 uploaded
Epoch(t): 476 accuracy: 67.2 loss 1.0352776783704758 run_time: 16651.21429681778
FedDocs Algo: Group 0 is selected
| current_epoch 477 |. Begin client select
SchedulerThread schedule Group [ 0 ], select( 12 clients):
10 | 23 | 45 | 46 | 50 | 51 | 55 | 58 | 61 | 64 | 78 | 88 |
-----------------------------------------------------------------Schedule complete
Client 10 trained
Client 10 uploaded
Client 46 trained
Client 46 uploaded
Client 58 trained
Client 58 uploaded
Client 51 trained
Client 51 uploaded
Client 61 trained
Client 61 uploaded
Client 55 trained
Client 55 uploaded
Client 64 trained
Client 64 uploaded
Client 45 trained
Client 45 uploaded
Client 88 trained
Client 88 uploaded
Client 23 trained
Client 23 uploaded
Client 78 trained
Client 78 uploaded
Client 50 trained
Client 50 uploaded
Epoch(t): 477 accuracy: 67.69 loss 1.0102116233110428 run_time: 16678.169385910034
FedDocs Algo: Group 5 is selected
| current_epoch 478 |. Begin client select
SchedulerThread schedule Group [ 5 ], select( 15 clients):
2 | 5 | 7 | 9 | 13 | 19 | 27 | 29 | 38 | 44 | 52 | 69 | 76 | 83 | 97 |
-----------------------------------------------------------------Schedule complete
Client 52 trained
Client 52 uploaded
Client 97 trained
Client 97 uploaded
Client 76 trained
Client 76 uploaded
Client 38 trained
Client 38 uploaded
Client 7 trained
Client 7 uploaded
Client 2 trained
Client 2 uploaded
Client 13 trained
Client 13 uploaded
Client 5 trained
Client 5 uploaded
Client 69 trained
Client 69 uploaded
Client 9 trained
Client 9 uploaded
Client 44 trained
Client 44 uploaded
Client 29 trained
Client 29 uploaded
Client 27 trained
Client 27 uploaded
Client 83 trained
Client 83 uploaded
Client 19 trained
Client 19 uploaded
Epoch(t): 478 accuracy: 66.9 loss 1.025484311580658 run_time: 16717.05618786812
FedDocs Algo: Group 5 is selected
| current_epoch 479 |. Begin client select
SchedulerThread schedule Group [ 5 ], select( 15 clients):
2 | 5 | 7 | 9 | 13 | 19 | 27 | 29 | 38 | 44 | 52 | 69 | 76 | 83 | 97 |
-----------------------------------------------------------------Schedule complete
Client 97 trained
Client 97 uploaded
Client 52 trained
Client 52 uploaded
Client 76 trained
Client 76 uploaded
Client 38 trained
Client 38 uploaded
Client 7 trained
Client 7 uploaded
Client 2 trained
Client 2 uploaded
Client 13 trained
Client 13 uploaded
Client 69 trained
Client 69 uploaded
Client 5 trained
Client 5 uploaded
Client 9 trained
Client 9 uploaded
Client 44 trained
Client 44 uploaded
Client 29 trained
Client 29 uploaded
Client 27 trained
Client 27 uploaded
Client 83 trained
Client 83 uploaded
Client 19 trained
Client 19 uploaded
Epoch(t): 479 accuracy: 66.24 loss 1.0709359955787658 run_time: 16754.75776028633
FedDocs Algo: Group 5 is selected
| current_epoch 480 |. Begin client select
SchedulerThread schedule Group [ 5 ], select( 15 clients):
2 | 5 | 7 | 9 | 13 | 19 | 27 | 29 | 38 | 44 | 52 | 69 | 76 | 83 | 97 |
-----------------------------------------------------------------Schedule complete
Client 97 trained
Client 97 uploaded
Client 52 trained
Client 52 uploaded
Client 76 trained
Client 76 uploaded
Client 38 trained
Client 38 uploaded
Client 7 trained
Client 7 uploaded
Client 13 trained
Client 13 uploaded
Client 2 trained
Client 2 uploaded
Client 69 trained
Client 69 uploaded
Client 5 trained
Client 5 uploaded
Client 44 trained
Client 44 uploaded
Client 9 trained
Client 9 uploaded
Client 29 trained
Client 29 uploaded
Client 27 trained
Client 27 uploaded
Client 83 trained
Client 83 uploaded
Client 19 trained
Client 19 uploaded
Epoch(t): 480 accuracy: 66.12 loss 1.0853564959764481 run_time: 16794.38005208969
FedDocs Algo: Group 5 is selected
| current_epoch 481 |. Begin client select
SchedulerThread schedule Group [ 5 ], select( 15 clients):
2 | 5 | 7 | 9 | 13 | 19 | 27 | 29 | 38 | 44 | 52 | 69 | 76 | 83 | 97 |
-----------------------------------------------------------------Schedule complete
Client 52 trained
Client 52 uploaded
Client 97 trained
Client 97 uploaded
Client 76 trained
Client 76 uploaded
Client 7 trained
Client 7 uploaded
Client 38 trained
Client 38 uploaded
Client 13 trained
Client 13 uploaded
Client 2 trained
Client 2 uploaded
Client 69 trained
Client 69 uploaded
Client 5 trained
Client 5 uploaded
Client 9 trained
Client 9 uploaded
Client 44 trained
Client 44 uploaded
Client 29 trained
Client 29 uploaded
Client 27 trained
Client 27 uploaded
Client 83 trained
Client 83 uploaded
Client 19 trained
Client 19 uploaded
Epoch(t): 481 accuracy: 65.5 loss 1.1064503926038742 run_time: 16832.33784008026
FedDocs Algo: Group 5 is selected
| current_epoch 482 |. Begin client select
SchedulerThread schedule Group [ 5 ], select( 15 clients):
2 | 5 | 7 | 9 | 13 | 19 | 27 | 29 | 38 | 44 | 52 | 69 | 76 | 83 | 97 |
-----------------------------------------------------------------Schedule complete
Client 97 trained
Client 97 uploaded
Client 52 trained
Client 52 uploaded
Client 76 trained
Client 76 uploaded
Client 38 trained
Client 38 uploaded
Client 7 trained
Client 7 uploaded
Client 13 trained
Client 13 uploaded
Client 2 trained
Client 2 uploaded
Client 69 trained
Client 69 uploaded
Client 5 trained
Client 5 uploaded
Client 9 trained
Client 9 uploaded
Client 44 trained
Client 44 uploaded
Client 27 trained
Client 27 uploaded
Client 29 trained
Client 29 uploaded
Client 83 trained
Client 83 uploaded
Client 19 trained
Client 19 uploaded
Epoch(t): 482 accuracy: 65.43 loss 1.1042562222480774 run_time: 16870.86865735054
FedDocs Algo: Group 0 is selected
| current_epoch 483 |. Begin client select
SchedulerThread schedule Group [ 0 ], select( 12 clients):
10 | 23 | 45 | 46 | 50 | 51 | 55 | 58 | 61 | 64 | 78 | 88 |
-----------------------------------------------------------------Schedule complete
Client 10 trained
Client 10 uploaded
Client 46 trained
Client 46 uploaded
Client 58 trained
Client 58 uploaded
Client 51 trained
Client 51 uploaded
Client 61 trained
Client 61 uploaded
Client 64 trained
Client 64 uploaded
Client 55 trained
Client 55 uploaded
Client 45 trained
Client 45 uploaded
Client 88 trained
Client 88 uploaded
Client 23 trained
Client 23 uploaded
Client 78 trained
Client 78 uploaded
Client 50 trained
Client 50 uploaded
Epoch(t): 483 accuracy: 66.7 loss 1.0657544445991516 run_time: 16897.80410718918
FedDocs Algo: Group 3 is selected
| current_epoch 484 |. Begin client select
SchedulerThread schedule Group [ 3 ], select( 15 clients):
1 | 8 | 17 | 26 | 34 | 39 | 47 | 62 | 65 | 67 | 70 | 73 | 84 | 89 | 98 |
-----------------------------------------------------------------Schedule complete
Client 1 trained
Client 1 uploaded
Client 8 trained
Client 8 uploaded
Client 67 trained
Client 67 uploaded
Client 98 trained
Client 98 uploaded
Client 62 trained
Client 62 uploaded
Client 73 trained
Client 73 uploaded
Client 84 trained
Client 84 uploaded
Client 89 trained
Client 89 uploaded
Client 47 trained
Client 47 uploaded
Client 39 trained
Client 39 uploaded
Client 17 trained
Client 17 uploaded
Client 26 trained
Client 26 uploaded
Client 34 trained
Client 34 uploaded
Client 70 trained
Client 70 uploaded
Client 65 trained
Client 65 uploaded
Epoch(t): 484 accuracy: 67.28 loss 1.002579822540283 run_time: 16937.547094106674
FedDocs Algo: Group 2 is selected
| current_epoch 485 |. Begin client select
SchedulerThread schedule Group [ 2 ], select( 15 clients):
4 | 12 | 14 | 16 | 21 | 42 | 43 | 49 | 53 | 60 | 68 | 86 | 90 | 95 | 99 |
-----------------------------------------------------------------Schedule complete
Client 68 trained
Client 68 uploaded
Client 99 trained
Client 99 uploaded
Client 53 trained
Client 53 uploaded
Client 60 trained
Client 60 uploaded
Client 21 trained
Client 21 uploaded
Client 12 trained
Client 12 uploaded
Client 49 trained
Client 49 uploaded
Client 4 trained
Client 4 uploaded
Client 14 trained
Client 14 uploaded
Client 43 trained
Client 43 uploaded
Client 95 trained
Client 95 uploaded
Client 90 trained
Client 90 uploaded
Client 16 trained
Client 16 uploaded
Client 42 trained
Client 42 uploaded
Client 86 trained
Client 86 uploaded
Epoch(t): 485 accuracy: 67.41 loss 0.9988701325654984 run_time: 16973.38070678711
FedDocs Algo: Group 0 is selected
| current_epoch 486 |. Begin client select
SchedulerThread schedule Group [ 0 ], select( 12 clients):
10 | 23 | 45 | 46 | 50 | 51 | 55 | 58 | 61 | 64 | 78 | 88 |
-----------------------------------------------------------------Schedule complete
Client 10 trained
Client 10 uploaded
Client 46 trained
Client 46 uploaded
Client 58 trained
Client 58 uploaded
Client 51 trained
Client 51 uploaded
Client 61 trained
Client 61 uploaded
Client 64 trained
Client 64 uploaded
Client 55 trained
Client 55 uploaded
Client 88 trained
Client 88 uploaded
Client 45 trained
Client 45 uploaded
Client 23 trained
Client 23 uploaded
Client 78 trained
Client 78 uploaded
Client 50 trained
Client 50 uploaded
Epoch(t): 486 accuracy: 67.53 loss 1.024561299085617 run_time: 16999.489817857742
FedDocs Algo: Group 6 is selected
| current_epoch 487 |. Begin client select
SchedulerThread schedule Group [ 6 ], select( 14 clients):
0 | 6 | 15 | 25 | 31 | 36 | 40 | 54 | 59 | 82 | 85 | 87 | 92 | 94 |
-----------------------------------------------------------------Schedule complete
Client 94 trained
Client 94 uploaded
Client 87 trained
Client 87 uploaded
Client 54 trained
Client 54 uploaded
Client 25 trained
Client 25 uploaded
Client 36 trained
Client 36 uploaded
Client 92 trained
Client 92 uploaded
Client 0 trained
Client 0 uploaded
Client 6 trained
Client 6 uploaded
Client 31 trained
Client 31 uploaded
Client 40 trained
Client 40 uploaded
Client 82 trained
Client 82 uploaded
Client 85 trained
Client 85 uploaded
Client 59 trained
Client 59 uploaded
Client 15 trained
Client 15 uploaded
Epoch(t): 487 accuracy: 67.83 loss 1.0262609827518463 run_time: 17026.89730978012
FedDocs Algo: Group 6 is selected
| current_epoch 488 |. Begin client select
SchedulerThread schedule Group [ 6 ], select( 14 clients):
0 | 6 | 15 | 25 | 31 | 36 | 40 | 54 | 59 | 82 | 85 | 87 | 92 | 94 |
-----------------------------------------------------------------Schedule complete
Client 94 trained
Client 94 uploaded
Client 25 trained
Client 25 uploaded
Client 54 trained
Client 54 uploaded
Client 87 trained
Client 87 uploaded
Client 36 trained
Client 36 uploaded
Client 0 trained
Client 0 uploaded
Client 92 trained
Client 92 uploaded
Client 6 trained
Client 6 uploaded
Client 31 trained
Client 31 uploaded
Client 40 trained
Client 40 uploaded
Client 82 trained
Client 82 uploaded
Client 85 trained
Client 85 uploaded
Client 59 trained
Client 59 uploaded
Client 15 trained
Client 15 uploaded
Epoch(t): 488 accuracy: 66.93 loss 1.0548438292741775 run_time: 17054.96248483658
FedDocs Algo: Group 3 is selected
| current_epoch 489 |. Begin client select
SchedulerThread schedule Group [ 3 ], select( 15 clients):
1 | 8 | 17 | 26 | 34 | 39 | 47 | 62 | 65 | 67 | 70 | 73 | 84 | 89 | 98 |
-----------------------------------------------------------------Schedule complete
Client 1 trained
Client 1 uploaded
Client 67 trained
Client 67 uploaded
Client 8 trained
Client 8 uploaded
Client 98 trained
Client 98 uploaded
Client 62 trained
Client 62 uploaded
Client 73 trained
Client 73 uploaded
Client 84 trained
Client 84 uploaded
Client 89 trained
Client 89 uploaded
Client 39 trained
Client 39 uploaded
Client 47 trained
Client 47 uploaded
Client 17 trained
Client 17 uploaded
Client 26 trained
Client 26 uploaded
Client 34 trained
Client 34 uploaded
Client 70 trained
Client 70 uploaded
Client 65 trained
Client 65 uploaded
Epoch(t): 489 accuracy: 67.42 loss 1.0200760746002198 run_time: 17094.29098057747
FedDocs Algo: Group 5 is selected
| current_epoch 490 |. Begin client select
SchedulerThread schedule Group [ 5 ], select( 15 clients):
2 | 5 | 7 | 9 | 13 | 19 | 27 | 29 | 38 | 44 | 52 | 69 | 76 | 83 | 97 |
-----------------------------------------------------------------Schedule complete
Client 52 trained
Client 52 uploaded
Client 97 trained
Client 97 uploaded
Client 76 trained
Client 76 uploaded
Client 7 trained
Client 7 uploaded
Client 38 trained
Client 38 uploaded
Client 13 trained
Client 13 uploaded
Client 2 trained
Client 2 uploaded
Client 69 trained
Client 69 uploaded
Client 5 trained
Client 5 uploaded
Client 9 trained
Client 9 uploaded
Client 44 trained
Client 44 uploaded
Client 29 trained
Client 29 uploaded
Client 27 trained
Client 27 uploaded
Client 83 trained
Client 83 uploaded
Client 19 trained
Client 19 uploaded
Epoch(t): 490 accuracy: 66.85 loss 1.0422206604480744 run_time: 17132.68552517891
FedDocs Algo: Group 5 is selected
| current_epoch 491 |. Begin client select
SchedulerThread schedule Group [ 5 ], select( 15 clients):
2 | 5 | 7 | 9 | 13 | 19 | 27 | 29 | 38 | 44 | 52 | 69 | 76 | 83 | 97 |
-----------------------------------------------------------------Schedule complete
Client 97 trained
Client 97 uploaded
Client 52 trained
Client 52 uploaded
Client 76 trained
Client 76 uploaded
Client 7 trained
Client 7 uploaded
Client 38 trained
Client 38 uploaded
Client 2 trained
Client 2 uploaded
Client 13 trained
Client 13 uploaded
Client 69 trained
Client 69 uploaded
Client 5 trained
Client 5 uploaded
Client 44 trained
Client 44 uploaded
Client 9 trained
Client 9 uploaded
Client 29 trained
Client 29 uploaded
Client 27 trained
Client 27 uploaded
Client 83 trained
Client 83 uploaded
Client 19 trained
Client 19 uploaded
Epoch(t): 491 accuracy: 66.69 loss 1.0644526952505111 run_time: 17171.949949741364
FedDocs Algo: Group 6 is selected
| current_epoch 492 |. Begin client select
SchedulerThread schedule Group [ 6 ], select( 14 clients):
0 | 6 | 15 | 25 | 31 | 36 | 40 | 54 | 59 | 82 | 85 | 87 | 92 | 94 |
-----------------------------------------------------------------Schedule complete
Client 94 trained
Client 94 uploaded
Client 54 trained
Client 54 uploaded
Client 87 trained
Client 87 uploaded
Client 36 trained
Client 36 uploaded
Client 25 trained
Client 25 uploaded
Client 0 trained
Client 0 uploaded
Client 92 trained
Client 92 uploaded
Client 6 trained
Client 6 uploaded
Client 31 trained
Client 31 uploaded
Client 40 trained
Client 40 uploaded
Client 82 trained
Client 82 uploaded
Client 85 trained
Client 85 uploaded
Client 15 trained
Client 15 uploaded
Client 59 trained
Client 59 uploaded
Epoch(t): 492 accuracy: 66.75 loss 1.0723113071918489 run_time: 17199.775121212006
FedDocs Algo: Group 2 is selected
| current_epoch 493 |. Begin client select
SchedulerThread schedule Group [ 2 ], select( 15 clients):
4 | 12 | 14 | 16 | 21 | 42 | 43 | 49 | 53 | 60 | 68 | 86 | 90 | 95 | 99 |
-----------------------------------------------------------------Schedule complete
Client 68 trained
Client 68 uploaded
Client 99 trained
Client 99 uploaded
Client 53 trained
Client 53 uploaded
Client 60 trained
Client 60 uploaded
Client 21 trained
Client 21 uploaded
Client 49 trained
Client 49 uploaded
Client 12 trained
Client 12 uploaded
Client 4 trained
Client 4 uploaded
Client 14 trained
Client 14 uploaded
Client 43 trained
Client 43 uploaded
Client 95 trained
Client 95 uploaded
Client 16 trained
Client 16 uploaded
Client 90 trained
Client 90 uploaded
Client 42 trained
Client 42 uploaded
Client 86 trained
Client 86 uploaded
Epoch(t): 493 accuracy: 68.85 loss 0.9914179128408432 run_time: 17234.395365715027
FedDocs Algo: Group 1 is selected
| current_epoch 494 |. Begin client select
SchedulerThread schedule Group [ 1 ], select( 15 clients):
11 | 18 | 32 | 37 | 41 | 48 | 56 | 57 | 72 | 74 | 75 | 77 | 79 | 91 | 93 |
-----------------------------------------------------------------Schedule complete
Client 75 trained
Client 75 uploaded
Client 93 trained
Client 93 uploaded
Client 37 trained
Client 37 uploaded
Client 74 trained
Client 74 uploaded
Client 57 trained
Client 57 uploaded
Client 56 trained
Client 56 uploaded
Client 48 trained
Client 48 uploaded
Client 41 trained
Client 41 uploaded
Client 77 trained
Client 77 uploaded
Client 11 trained
Client 11 uploaded
Client 18 trained
Client 18 uploaded
Client 91 trained
Client 91 uploaded
Client 32 trained
Client 32 uploaded
Client 79 trained
Client 79 uploaded
Client 72 trained
Client 72 uploaded
Epoch(t): 494 accuracy: 67.39 loss 0.9774550485610962 run_time: 17279.20196247101
FedDocs Algo: Group 6 is selected
| current_epoch 495 |. Begin client select
SchedulerThread schedule Group [ 6 ], select( 14 clients):
0 | 6 | 15 | 25 | 31 | 36 | 40 | 54 | 59 | 82 | 85 | 87 | 92 | 94 |
-----------------------------------------------------------------Schedule complete
Client 94 trained
Client 94 uploaded
Client 36 trained
Client 36 uploaded
Client 87 trained
Client 87 uploaded
Client 54 trained
Client 54 uploaded
Client 25 trained
Client 25 uploaded
Client 0 trained
Client 0 uploaded
Client 92 trained
Client 92 uploaded
Client 6 trained
Client 6 uploaded
Client 31 trained
Client 31 uploaded
Client 40 trained
Client 40 uploaded
Client 82 trained
Client 82 uploaded
Client 85 trained
Client 85 uploaded
Client 15 trained
Client 15 uploaded
Client 59 trained
Client 59 uploaded
Epoch(t): 495 accuracy: 66.3 loss 1.0616412091255187 run_time: 17307.12090563774
FedDocs Algo: Group 4 is selected
| current_epoch 496 |. Begin client select
SchedulerThread schedule Group [ 4 ], select( 14 clients):
3 | 20 | 22 | 24 | 28 | 30 | 33 | 35 | 63 | 66 | 71 | 80 | 81 | 96 |
-----------------------------------------------------------------Schedule complete
Client 28 trained
Client 28 uploaded
Client 80 trained
Client 80 uploaded
Client 63 trained
Client 63 uploaded
Client 66 trained
Client 66 uploaded
Client 30 trained
Client 30 uploaded
Client 24 trained
Client 24 uploaded
Client 22 trained
Client 22 uploaded
Client 96 trained
Client 96 uploaded
Client 3 trained
Client 3 uploaded
Client 81 trained
Client 81 uploaded
Client 71 trained
Client 71 uploaded
Client 33 trained
Client 33 uploaded
Client 20 trained
Client 20 uploaded
Client 35 trained
Client 35 uploaded
Epoch(t): 496 accuracy: 65.98 loss 1.0755158048868179 run_time: 17342.745180606842
FedDocs Algo: Group 5 is selected
| current_epoch 497 |. Begin client select
SchedulerThread schedule Group [ 5 ], select( 15 clients):
2 | 5 | 7 | 9 | 13 | 19 | 27 | 29 | 38 | 44 | 52 | 69 | 76 | 83 | 97 |
-----------------------------------------------------------------Schedule complete
Client 52 trained
Client 52 uploaded
Client 97 trained
Client 97 uploaded
Client 76 trained
Client 76 uploaded
Client 38 trained
Client 38 uploaded
Client 7 trained
Client 7 uploaded
Client 2 trained
Client 2 uploaded
Client 13 trained
Client 13 uploaded
Client 69 trained
Client 69 uploaded
Client 5 trained
Client 5 uploaded
Client 44 trained
Client 44 uploaded
Client 9 trained
Client 9 uploaded
Client 27 trained
Client 27 uploaded
Client 29 trained
Client 29 uploaded
Client 83 trained
Client 83 uploaded
Client 19 trained
Client 19 uploaded
Epoch(t): 497 accuracy: 67.11 loss 1.0281463134288789 run_time: 17382.505491256714
FedDocs Algo: Group 4 is selected
| current_epoch 498 |. Begin client select
SchedulerThread schedule Group [ 4 ], select( 14 clients):
3 | 20 | 22 | 24 | 28 | 30 | 33 | 35 | 63 | 66 | 71 | 80 | 81 | 96 |
-----------------------------------------------------------------Schedule complete
Client 28 trained
Client 28 uploaded
Client 80 trained
Client 80 uploaded
Client 30 trained
Client 30 uploaded
Client 63 trained
Client 63 uploaded
Client 66 trained
Client 66 uploaded
Client 24 trained
Client 24 uploaded
Client 96 trained
Client 96 uploaded
Client 22 trained
Client 22 uploaded
Client 3 trained
Client 3 uploaded
Client 81 trained
Client 81 uploaded
Client 71 trained
Client 71 uploaded
Client 33 trained
Client 33 uploaded
Client 20 trained
Client 20 uploaded
Client 35 trained
Client 35 uploaded
Epoch(t): 498 accuracy: 66.08 loss 1.074250922203064 run_time: 17418.310615301132
FedDocs Algo: Group 3 is selected
| current_epoch 499 |. Begin client select
SchedulerThread schedule Group [ 3 ], select( 15 clients):
1 | 8 | 17 | 26 | 34 | 39 | 47 | 62 | 65 | 67 | 70 | 73 | 84 | 89 | 98 |
-----------------------------------------------------------------Schedule complete
Client 1 trained
Client 1 uploaded
Client 8 trained
Client 8 uploaded
Client 67 trained
Client 67 uploaded
Client 98 trained
Client 98 uploaded
Client 62 trained
Client 62 uploaded
Client 73 trained
Client 73 uploaded
Client 84 trained
Client 84 uploaded
Client 47 trained
Client 47 uploaded
Client 89 trained
Client 89 uploaded
Client 39 trained
Client 39 uploaded
Client 17 trained
Client 17 uploaded
Client 26 trained
Client 26 uploaded
Client 34 trained
Client 34 uploaded
Client 65 trained
Client 65 uploaded
Client 70 trained
Client 70 uploaded
Epoch(t): 499 accuracy: 67.57 loss 1.0025884199142456 run_time: 17457.334646224976
FedDocs Algo: Group 4 is selected
| current_epoch 500 |. Begin client select
SchedulerThread schedule Group [ 4 ], select( 14 clients):
3 | 20 | 22 | 24 | 28 | 30 | 33 | 35 | 63 | 66 | 71 | 80 | 81 | 96 |
-----------------------------------------------------------------Schedule complete
Client 28 trained
Client 28 uploaded
Client 80 trained
Client 80 uploaded
Client 66 trained
Client 66 uploaded
Client 63 trained
Client 63 uploaded
Client 30 trained
Client 30 uploaded
Client 24 trained
Client 24 uploaded
Client 96 trained
Client 96 uploaded
Client 22 trained
Client 22 uploaded
Client 3 trained
Client 3 uploaded
Client 81 trained
Client 81 uploaded
Client 71 trained
Client 71 uploaded
Client 33 trained
Client 33 uploaded
Client 20 trained
Client 20 uploaded
Client 35 trained
Client 35 uploaded
Epoch(t): 500 accuracy: 66.33 loss 1.0788986885547638 run_time: 17493.138922452927
FedDocs Algo: Group 5 is selected
| current_epoch 501 |. Begin client select
SchedulerThread schedule Group [ 5 ], select( 15 clients):
2 | 5 | 7 | 9 | 13 | 19 | 27 | 29 | 38 | 44 | 52 | 69 | 76 | 83 | 97 |
-----------------------------------------------------------------Schedule complete
Client 97 trained
Client 97 uploaded
Client 52 trained
Client 52 uploaded
Client 76 trained
Client 76 uploaded
Client 7 trained
Client 7 uploaded
Client 38 trained
Client 38 uploaded
Client 13 trained
Client 13 uploaded
Client 2 trained
Client 2 uploaded
Client 69 trained
Client 69 uploaded
Client 5 trained
Client 5 uploaded
Client 9 trained
Client 9 uploaded
Client 44 trained
Client 44 uploaded
Client 29 trained
Client 29 uploaded
Client 27 trained
Client 27 uploaded
Client 83 trained
Client 83 uploaded
Client 19 trained
Client 19 uploaded
Epoch(t): 501 accuracy: 66.91 loss 1.052160748243332 run_time: 17531.181068897247
FedDocs Algo: Group 4 is selected
| current_epoch 502 |. Begin client select
SchedulerThread schedule Group [ 4 ], select( 14 clients):
3 | 20 | 22 | 24 | 28 | 30 | 33 | 35 | 63 | 66 | 71 | 80 | 81 | 96 |
-----------------------------------------------------------------Schedule complete
Client 28 trained
Client 28 uploaded
Client 80 trained
Client 80 uploaded
Client 63 trained
Client 63 uploaded
Client 30 trained
Client 30 uploaded
Client 66 trained
Client 66 uploaded
Client 24 trained
Client 24 uploaded
Client 96 trained
Client 96 uploaded
Client 22 trained
Client 22 uploaded
Client 3 trained
Client 3 uploaded
Client 81 trained
Client 81 uploaded
Client 71 trained
Client 71 uploaded
Client 33 trained
Client 33 uploaded
Client 20 trained
Client 20 uploaded
Client 35 trained
Client 35 uploaded
Epoch(t): 502 accuracy: 66.11 loss 1.0884371376037598 run_time: 17566.03968977928
FedDocs Algo: Group 5 is selected
| current_epoch 503 |. Begin client select
SchedulerThread schedule Group [ 5 ], select( 15 clients):
2 | 5 | 7 | 9 | 13 | 19 | 27 | 29 | 38 | 44 | 52 | 69 | 76 | 83 | 97 |
-----------------------------------------------------------------Schedule complete
Client 52 trained
Client 52 uploaded
Client 97 trained
Client 97 uploaded
Client 76 trained
Client 76 uploaded
Client 7 trained
Client 7 uploaded
Client 38 trained
Client 38 uploaded
Client 13 trained
Client 13 uploaded
Client 2 trained
Client 2 uploaded
Client 69 trained
Client 69 uploaded
Client 5 trained
Client 5 uploaded
Client 9 trained
Client 9 uploaded
Client 44 trained
Client 44 uploaded
Client 29 trained
Client 29 uploaded
Client 27 trained
Client 27 uploaded
Client 83 trained
Client 83 uploaded
Client 19 trained
Client 19 uploaded
Epoch(t): 503 accuracy: 66.36 loss 1.062477304339409 run_time: 17605.076228380203
FedDocs Algo: Group 6 is selected
| current_epoch 504 |. Begin client select
SchedulerThread schedule Group [ 6 ], select( 14 clients):
0 | 6 | 15 | 25 | 31 | 36 | 40 | 54 | 59 | 82 | 85 | 87 | 92 | 94 |
-----------------------------------------------------------------Schedule complete
Client 94 trained
Client 94 uploaded
Client 54 trained
Client 54 uploaded
Client 87 trained
Client 87 uploaded
Client 36 trained
Client 36 uploaded
Client 25 trained
Client 25 uploaded
Client 92 trained
Client 92 uploaded
Client 0 trained
Client 0 uploaded
Client 6 trained
Client 6 uploaded
Client 31 trained
Client 31 uploaded
Client 40 trained
Client 40 uploaded
Client 82 trained
Client 82 uploaded
Client 85 trained
Client 85 uploaded
Client 15 trained
Client 15 uploaded
Client 59 trained
Client 59 uploaded
Epoch(t): 504 accuracy: 67.16 loss 1.0393128955364228 run_time: 17633.518634080887
FedDocs Algo: Group 1 is selected
| current_epoch 505 |. Begin client select
SchedulerThread schedule Group [ 1 ], select( 15 clients):
11 | 18 | 32 | 37 | 41 | 48 | 56 | 57 | 72 | 74 | 75 | 77 | 79 | 91 | 93 |
-----------------------------------------------------------------Schedule complete
Client 75 trained
Client 75 uploaded
Client 93 trained
Client 93 uploaded
Client 37 trained
Client 37 uploaded
Client 57 trained
Client 57 uploaded
Client 74 trained
Client 74 uploaded
Client 56 trained
Client 56 uploaded
Client 48 trained
Client 48 uploaded
Client 41 trained
Client 41 uploaded
Client 18 trained
Client 18 uploaded
Client 11 trained
Client 11 uploaded
Client 77 trained
Client 77 uploaded
Client 91 trained
Client 91 uploaded
Client 32 trained
Client 32 uploaded
Client 79 trained
Client 79 uploaded
Client 72 trained
Client 72 uploaded
Epoch(t): 505 accuracy: 67.51 loss 0.9929291176795959 run_time: 17678.300547122955
FedDocs Algo: Group 0 is selected
| current_epoch 506 |. Begin client select
SchedulerThread schedule Group [ 0 ], select( 12 clients):
10 | 23 | 45 | 46 | 50 | 51 | 55 | 58 | 61 | 64 | 78 | 88 |
-----------------------------------------------------------------Schedule complete
Client 10 trained
Client 10 uploaded
Client 46 trained
Client 46 uploaded
Client 58 trained
Client 58 uploaded
Client 51 trained
Client 51 uploaded
Client 61 trained
Client 61 uploaded
Client 55 trained
Client 55 uploaded
Client 64 trained
Client 64 uploaded
Client 45 trained
Client 45 uploaded
Client 88 trained
Client 88 uploaded
Client 23 trained
Client 23 uploaded
Client 78 trained
Client 78 uploaded
Client 50 trained
Client 50 uploaded
Epoch(t): 506 accuracy: 67.58 loss 0.9904019999504089 run_time: 17705.864942073822
FedDocs Algo: Group 1 is selected
| current_epoch 507 |. Begin client select
SchedulerThread schedule Group [ 1 ], select( 15 clients):
11 | 18 | 32 | 37 | 41 | 48 | 56 | 57 | 72 | 74 | 75 | 77 | 79 | 91 | 93 |
-----------------------------------------------------------------Schedule complete
Client 75 trained
Client 75 uploaded
Client 93 trained
Client 93 uploaded
Client 37 trained
Client 37 uploaded
Client 74 trained
Client 74 uploaded
Client 57 trained
Client 57 uploaded
Client 56 trained
Client 56 uploaded
Client 41 trained
Client 41 uploaded
Client 48 trained
Client 48 uploaded
Client 11 trained
Client 11 uploaded
Client 18 trained
Client 18 uploaded
Client 77 trained
Client 77 uploaded
Client 32 trained
Client 32 uploaded
Client 91 trained
Client 91 uploaded
Client 79 trained
Client 79 uploaded
Client 72 trained
Client 72 uploaded
Epoch(t): 507 accuracy: 66.41 loss 1.0038971000909804 run_time: 17749.4238345623
FedDocs Algo: Group 1 is selected
| current_epoch 508 |. Begin client select
SchedulerThread schedule Group [ 1 ], select( 15 clients):
11 | 18 | 32 | 37 | 41 | 48 | 56 | 57 | 72 | 74 | 75 | 77 | 79 | 91 | 93 |
-----------------------------------------------------------------Schedule complete
Client 75 trained
Client 75 uploaded
Client 93 trained
Client 93 uploaded
Client 37 trained
Client 37 uploaded
Client 57 trained
Client 57 uploaded
Client 74 trained
Client 74 uploaded
Client 48 trained
Client 48 uploaded
Client 41 trained
Client 41 uploaded
Client 56 trained
Client 56 uploaded
Client 11 trained
Client 11 uploaded
Client 18 trained
Client 18 uploaded
Client 77 trained
Client 77 uploaded
Client 91 trained
Client 91 uploaded
Client 32 trained
Client 32 uploaded
Client 79 trained
Client 79 uploaded
Client 72 trained
Client 72 uploaded
Epoch(t): 508 accuracy: 65.9 loss 1.021039582490921 run_time: 17794.46078157425
FedDocs Algo: Group 3 is selected
| current_epoch 509 |. Begin client select
SchedulerThread schedule Group [ 3 ], select( 15 clients):
1 | 8 | 17 | 26 | 34 | 39 | 47 | 62 | 65 | 67 | 70 | 73 | 84 | 89 | 98 |
-----------------------------------------------------------------Schedule complete
Client 1 trained
Client 1 uploaded
Client 8 trained
Client 8 uploaded
Client 67 trained
Client 67 uploaded
Client 98 trained
Client 98 uploaded
Client 62 trained
Client 62 uploaded
Client 73 trained
Client 73 uploaded
Client 84 trained
Client 84 uploaded
Client 89 trained
Client 89 uploaded
Client 39 trained
Client 39 uploaded
Client 47 trained
Client 47 uploaded
Client 17 trained
Client 17 uploaded
Client 26 trained
Client 26 uploaded
Client 34 trained
Client 34 uploaded
Client 65 trained
Client 65 uploaded
Client 70 trained
Client 70 uploaded
Epoch(t): 509 accuracy: 65.68 loss 1.022773191332817 run_time: 17834.35786652565
FedDocs Algo: Group 5 is selected
| current_epoch 510 |. Begin client select
SchedulerThread schedule Group [ 5 ], select( 15 clients):
2 | 5 | 7 | 9 | 13 | 19 | 27 | 29 | 38 | 44 | 52 | 69 | 76 | 83 | 97 |
-----------------------------------------------------------------Schedule complete
Client 97 trained
Client 97 uploaded
Client 52 trained
Client 52 uploaded
Client 76 trained
Client 76 uploaded
Client 7 trained
Client 7 uploaded
Client 38 trained
Client 38 uploaded
Client 2 trained
Client 2 uploaded
Client 13 trained
Client 13 uploaded
Client 5 trained
Client 5 uploaded
Client 69 trained
Client 69 uploaded
Client 9 trained
Client 9 uploaded
Client 44 trained
Client 44 uploaded
Client 29 trained
Client 29 uploaded
Client 27 trained
Client 27 uploaded
Client 83 trained
Client 83 uploaded
Client 19 trained
Client 19 uploaded
Epoch(t): 510 accuracy: 66.23 loss 1.03127556681633 run_time: 17873.674397706985
Average delay = 0.0
scheduler_thread joined
updater_thread joined
data_getter_thread joined
End!
Time used:
4:58:58.634342
298.96666666666664 min
4.982777777777778 h
====================
开始缓存清理
缓存清理完成
====================