
Files already downloaded and verified
Files already downloaded and verified
generate customize clients distribution...
train_dataset data generation process completed
generate customize clients distribution...
test_dataset data generation process completed
Running Mode: Default(Thread)
Training Mode: Multi-GPU-Mode
GPU devices num: 4
Starting clients
(0, 399, {0: 4, 1: 0, 2: 19, 3: 100, 4: 90, 5: 20, 6: 124, 7: 31, 8: 1, 9: 10})
(1, 714, {0: 25, 1: 28, 2: 96, 3: 188, 4: 65, 5: 52, 6: 1, 7: 39, 8: 119, 9: 101})
(2, 611, {0: 58, 1: 36, 2: 34, 3: 1, 4: 95, 5: 48, 6: 41, 7: 58, 8: 195, 9: 45})
(3, 865, {0: 1, 1: 36, 2: 185, 3: 38, 4: 142, 5: 8, 6: 226, 7: 125, 8: 45, 9: 59})
(4, 501, {0: 141, 1: 39, 2: 14, 3: 24, 4: 3, 5: 93, 6: 0, 7: 42, 8: 87, 9: 58})
(5, 444, {0: 10, 1: 249, 2: 104, 3: 29, 4: 2, 5: 5, 6: 16, 7: 0, 8: 9, 9: 20})
(6, 565, {0: 78, 1: 15, 2: 30, 3: 25, 4: 16, 5: 264, 6: 0, 7: 5, 8: 5, 9: 127})
(7, 53, {0: 28, 1: 0, 2: 0, 3: 15, 4: 1, 5: 0, 6: 5, 7: 3, 8: 1, 9: 0})
(8, 378, {0: 55, 1: 27, 2: 4, 3: 39, 4: 67, 5: 0, 6: 30, 7: 153, 8: 3, 9: 0})
(9, 426, {0: 95, 1: 65, 2: 10, 3: 38, 4: 15, 5: 7, 6: 51, 7: 40, 8: 30, 9: 75})
(10, 473, {0: 135, 1: 28, 2: 45, 3: 8, 4: 0, 5: 1, 6: 28, 7: 63, 8: 58, 9: 107})
(11, 192, {0: 35, 1: 2, 2: 4, 3: 140, 4: 0, 5: 0, 6: 1, 7: 0, 8: 10, 9: 0})
(12, 546, {0: 17, 1: 63, 2: 141, 3: 4, 4: 55, 5: 0, 6: 5, 7: 19, 8: 231, 9: 11})
(13, 338, {0: 15, 1: 0, 2: 106, 3: 19, 4: 9, 5: 54, 6: 32, 7: 52, 8: 15, 9: 36})
(14, 841, {0: 0, 1: 193, 2: 15, 3: 145, 4: 113, 5: 25, 6: 13, 7: 30, 8: 2, 9: 305})
(15, 237, {0: 0, 1: 64, 2: 12, 3: 0, 4: 0, 5: 108, 6: 53, 7: 0, 8: 0, 9: 0})
(16, 383, {0: 4, 1: 0, 2: 10, 3: 0, 4: 3, 5: 8, 6: 169, 7: 35, 8: 149, 9: 5})
(17, 477, {0: 47, 1: 13, 2: 29, 3: 27, 4: 272, 5: 2, 6: 23, 7: 25, 8: 29, 9: 10})
(18, 854, {0: 178, 1: 118, 2: 0, 3: 10, 4: 37, 5: 275, 6: 147, 7: 67, 8: 2, 9: 20})
(19, 617, {0: 65, 1: 16, 2: 135, 3: 142, 4: 7, 5: 23, 6: 24, 7: 205, 8: 0, 9: 0})
(20, 349, {0: 0, 1: 25, 2: 0, 3: 80, 4: 85, 5: 31, 6: 52, 7: 0, 8: 0, 9: 76})
(21, 452, {0: 70, 1: 29, 2: 46, 3: 20, 4: 134, 5: 8, 6: 85, 7: 0, 8: 0, 9: 60})
(22, 527, {0: 66, 1: 1, 2: 3, 3: 87, 4: 29, 5: 15, 6: 0, 7: 57, 8: 259, 9: 10})
(23, 304, {0: 83, 1: 4, 2: 16, 3: 28, 4: 0, 5: 32, 6: 29, 7: 19, 8: 17, 9: 76})
(24, 318, {0: 1, 1: 48, 2: 55, 3: 0, 4: 82, 5: 0, 6: 38, 7: 24, 8: 30, 9: 40})
(25, 356, {0: 19, 1: 0, 2: 0, 3: 0, 4: 136, 5: 54, 6: 119, 7: 25, 8: 3, 9: 0})
(26, 939, {0: 224, 1: 110, 2: 115, 3: 180, 4: 21, 5: 5, 6: 85, 7: 4, 8: 0, 9: 195})
(27, 619, {0: 3, 1: 190, 2: 32, 3: 13, 4: 0, 5: 285, 6: 1, 7: 50, 8: 9, 9: 36})
(28, 343, {0: 8, 1: 60, 2: 170, 3: 88, 4: 0, 5: 5, 6: 2, 7: 0, 8: 10, 9: 0})
(29, 751, {0: 22, 1: 28, 2: 60, 3: 0, 4: 9, 5: 60, 6: 85, 7: 317, 8: 170, 9: 0})
(30, 535, {0: 276, 1: 0, 2: 4, 3: 16, 4: 6, 5: 51, 6: 120, 7: 25, 8: 17, 9: 20})
(31, 354, {0: 73, 1: 148, 2: 1, 3: 1, 4: 0, 5: 3, 6: 57, 7: 21, 8: 50, 9: 0})
(32, 461, {0: 16, 1: 1, 2: 30, 3: 24, 4: 4, 5: 22, 6: 28, 7: 140, 8: 178, 9: 18})
(33, 616, {0: 14, 1: 134, 2: 25, 3: 8, 4: 55, 5: 52, 6: 50, 7: 30, 8: 23, 9: 225})
(34, 748, {0: 1, 1: 68, 2: 151, 3: 162, 4: 25, 5: 180, 6: 54, 7: 7, 8: 49, 9: 51})
(35, 453, {0: 24, 1: 5, 2: 22, 3: 135, 4: 136, 5: 21, 6: 60, 7: 13, 8: 10, 9: 27})
(36, 446, {0: 75, 1: 60, 2: 15, 3: 5, 4: 42, 5: 43, 6: 0, 7: 161, 8: 9, 9: 36})
(37, 327, {0: 0, 1: 45, 2: 0, 3: 45, 4: 0, 5: 43, 6: 67, 7: 53, 8: 67, 9: 7})
(38, 183, {0: 5, 1: 6, 2: 72, 3: 35, 4: 14, 5: 0, 6: 6, 7: 0, 8: 6, 9: 39})
(39, 829, {0: 10, 1: 28, 2: 175, 3: 65, 4: 215, 5: 80, 6: 53, 7: 45, 8: 87, 9: 71})
(40, 316, {0: 0, 1: 8, 2: 0, 3: 108, 4: 7, 5: 21, 6: 1, 7: 88, 8: 12, 9: 71})
(41, 724, {0: 56, 1: 142, 2: 2, 3: 30, 4: 55, 5: 54, 6: 20, 7: 90, 8: 5, 9: 270})
(42, 591, {0: 151, 1: 79, 2: 77, 3: 22, 4: 42, 5: 12, 6: 123, 7: 9, 8: 76, 9: 0})
(43, 454, {0: 34, 1: 12, 2: 13, 3: 94, 4: 35, 5: 70, 6: 8, 7: 133, 8: 0, 9: 55})
(44, 473, {0: 0, 1: 80, 2: 49, 3: 5, 4: 9, 5: 107, 6: 40, 7: 44, 8: 134, 9: 5})
(45, 260, {0: 0, 1: 0, 2: 113, 3: 3, 4: 4, 5: 16, 6: 30, 7: 13, 8: 71, 9: 10})
(46, 427, {0: 10, 1: 40, 2: 90, 3: 0, 4: 17, 5: 91, 6: 50, 7: 23, 8: 36, 9: 70})
(47, 748, {0: 180, 1: 8, 2: 94, 3: 216, 4: 0, 5: 120, 6: 102, 7: 11, 8: 15, 9: 2})
(48, 502, {0: 55, 1: 14, 2: 31, 3: 5, 4: 292, 5: 2, 6: 13, 7: 45, 8: 40, 9: 5})
(49, 464, {0: 10, 1: 114, 2: 27, 3: 13, 4: 34, 5: 3, 6: 109, 7: 40, 8: 106, 9: 8})
(50, 345, {0: 21, 1: 11, 2: 0, 3: 1, 4: 10, 5: 225, 6: 20, 7: 20, 8: 36, 9: 1})
(51, 279, {0: 2, 1: 6, 2: 38, 3: 19, 4: 27, 5: 25, 6: 0, 7: 3, 8: 90, 9: 69})
(52, 638, {0: 25, 1: 100, 2: 1, 3: 75, 4: 116, 5: 134, 6: 25, 7: 115, 8: 35, 9: 12})
(53, 828, {0: 59, 1: 85, 2: 121, 3: 52, 4: 87, 5: 18, 6: 28, 7: 75, 8: 10, 9: 293})
(54, 369, {0: 73, 1: 15, 2: 73, 3: 22, 4: 20, 5: 0, 6: 107, 7: 4, 8: 50, 9: 5})
(55, 723, {0: 72, 1: 96, 2: 105, 3: 96, 4: 35, 5: 0, 6: 216, 7: 60, 8: 3, 9: 40})
(56, 410, {0: 2, 1: 25, 2: 0, 3: 190, 4: 30, 5: 0, 6: 10, 7: 94, 8: 36, 9: 23})
(57, 304, {0: 130, 1: 0, 2: 81, 3: 10, 4: 1, 5: 1, 6: 25, 7: 19, 8: 0, 9: 37})
(58, 487, {0: 23, 1: 5, 2: 36, 3: 26, 4: 158, 5: 17, 6: 29, 7: 2, 8: 190, 9: 1})
(59, 569, {0: 89, 1: 152, 2: 40, 3: 3, 4: 10, 5: 75, 6: 36, 7: 105, 8: 46, 9: 13})
(60, 533, {0: 43, 1: 130, 2: 0, 3: 76, 4: 130, 5: 25, 6: 20, 7: 0, 8: 15, 9: 94})
(61, 613, {0: 154, 1: 77, 2: 35, 3: 1, 4: 13, 5: 98, 6: 120, 7: 58, 8: 10, 9: 47})
(62, 239, {0: 26, 1: 21, 2: 50, 3: 0, 4: 20, 5: 76, 6: 14, 7: 27, 8: 2, 9: 3})
(63, 587, {0: 0, 1: 126, 2: 15, 3: 17, 4: 144, 5: 29, 6: 5, 7: 0, 8: 55, 9: 196})
(64, 320, {0: 12, 1: 8, 2: 39, 3: 12, 4: 121, 5: 0, 6: 10, 7: 66, 8: 12, 9: 40})
(65, 707, {0: 117, 1: 87, 2: 58, 3: 93, 4: 0, 5: 166, 6: 20, 7: 154, 8: 12, 9: 0})
(66, 794, {0: 70, 1: 0, 2: 270, 3: 75, 4: 55, 5: 1, 6: 13, 7: 50, 8: 160, 9: 100})
(67, 498, {0: 0, 1: 20, 2: 9, 3: 48, 4: 0, 5: 5, 6: 171, 7: 20, 8: 210, 9: 15})
(68, 235, {0: 8, 1: 1, 2: 20, 3: 4, 4: 6, 5: 9, 6: 69, 7: 118, 8: 0, 9: 0})
(69, 431, {0: 65, 1: 25, 2: 0, 3: 169, 4: 7, 5: 87, 6: 55, 7: 4, 8: 19, 9: 0})
(70, 768, {0: 5, 1: 59, 2: 0, 3: 98, 4: 45, 5: 128, 6: 182, 7: 23, 8: 50, 9: 178})
(71, 383, {0: 39, 1: 0, 2: 0, 3: 24, 4: 76, 5: 51, 6: 32, 7: 55, 8: 45, 9: 61})
(72, 637, {0: 41, 1: 46, 2: 262, 3: 1, 4: 26, 5: 118, 6: 4, 7: 25, 8: 0, 9: 114})
(73, 649, {0: 66, 1: 177, 2: 134, 3: 123, 4: 21, 5: 0, 6: 43, 7: 17, 8: 68, 9: 0})
(74, 352, {0: 35, 1: 9, 2: 16, 3: 48, 4: 40, 5: 20, 6: 115, 7: 4, 8: 58, 9: 7})
(75, 367, {0: 0, 1: 50, 2: 2, 3: 62, 4: 82, 5: 32, 6: 3, 7: 6, 8: 124, 9: 6})
(76, 380, {0: 0, 1: 16, 2: 1, 3: 0, 4: 28, 5: 6, 6: 1, 7: 318, 8: 0, 9: 10})
(77, 358, {0: 14, 1: 0, 2: 45, 3: 70, 4: 27, 5: 68, 6: 10, 7: 2, 8: 15, 9: 107})
(78, 639, {0: 132, 1: 82, 2: 15, 3: 34, 4: 73, 5: 47, 6: 98, 7: 10, 8: 135, 9: 13})
(79, 423, {0: 165, 1: 56, 2: 20, 3: 36, 4: 77, 5: 25, 6: 7, 7: 35, 8: 2, 9: 0})
(80, 322, {0: 0, 1: 41, 2: 146, 3: 1, 4: 16, 5: 9, 6: 21, 7: 66, 8: 7, 9: 15})
(81, 491, {0: 0, 1: 190, 2: 21, 3: 41, 4: 0, 5: 27, 6: 167, 7: 35, 8: 5, 9: 5})
(82, 487, {0: 94, 1: 1, 2: 53, 3: 2, 4: 0, 5: 72, 6: 8, 7: 5, 8: 21, 9: 231})
(83, 366, {0: 0, 1: 53, 2: 0, 3: 96, 4: 105, 5: 64, 6: 0, 7: 24, 8: 2, 9: 22})
(84, 692, {0: 208, 1: 6, 2: 0, 3: 40, 4: 5, 5: 145, 6: 13, 7: 62, 8: 117, 9: 96})
(85, 581, {0: 21, 1: 108, 2: 12, 3: 110, 4: 74, 5: 22, 6: 85, 7: 79, 8: 29, 9: 41})
(86, 460, {0: 3, 1: 41, 2: 28, 3: 110, 4: 4, 5: 5, 6: 104, 7: 21, 8: 106, 9: 38})
(87, 717, {0: 93, 1: 26, 2: 127, 3: 45, 4: 255, 5: 121, 6: 5, 7: 25, 8: 20, 9: 0})
(88, 255, {0: 0, 1: 12, 2: 1, 3: 40, 4: 26, 5: 25, 6: 48, 7: 68, 8: 35, 9: 0})
(89, 576, {0: 78, 1: 15, 2: 107, 3: 9, 4: 9, 5: 5, 6: 45, 7: 110, 8: 153, 9: 45})
(90, 523, {0: 6, 1: 239, 2: 67, 3: 10, 4: 0, 5: 0, 6: 0, 7: 141, 8: 0, 9: 60})
(91, 678, {0: 122, 1: 1, 2: 22, 3: 90, 4: 75, 5: 85, 6: 3, 7: 44, 8: 141, 9: 95})
(92, 509, {0: 0, 1: 1, 2: 22, 3: 0, 4: 55, 5: 75, 6: 200, 7: 80, 8: 1, 9: 75})
(93, 289, {0: 40, 1: 7, 2: 0, 3: 4, 4: 17, 5: 34, 6: 43, 7: 22, 8: 66, 9: 56})
(94, 649, {0: 117, 1: 15, 2: 104, 3: 28, 4: 85, 5: 22, 6: 65, 7: 35, 8: 170, 9: 8})
(95, 620, {0: 88, 1: 157, 2: 2, 3: 4, 4: 108, 5: 175, 6: 10, 7: 0, 8: 71, 9: 5})
(96, 394, {0: 0, 1: 20, 2: 80, 3: 11, 4: 4, 5: 91, 6: 55, 7: 91, 8: 21, 9: 21})
(97, 405, {0: 30, 1: 7, 2: 145, 3: 9, 4: 0, 5: 13, 6: 30, 7: 51, 8: 0, 9: 120})
(98, 483, {0: 25, 1: 11, 2: 52, 3: 190, 4: 47, 5: 1, 6: 89, 7: 9, 8: 8, 9: 51})
(99, 405, {0: 66, 1: 38, 2: 1, 3: 150, 4: 105, 5: 1, 6: 0, 7: 22, 8: 17, 9: 5})
Start server:
Current clients: 100 , select: 10
| current_epoch 1 |. Begin client select
SchedulerThread select( 10 clients):
81 | 14 | 3 | 94 | 35 | 31 | 28 | 17 | 13 | 86 |
-----------------------------------------------------------------Schedule complete
Client 13 trained
Client 28 trained
Client 31 trained
Client 35 trained
Client 17 trained
Client 14 trained
Client 13 uploaded
Client 81 trained
Client 3 trained
Client 86 trained
Client 94 trained
Client 28 uploaded
Client 31 uploaded
Client 35 uploaded
Client 17 uploaded
Client 3 uploaded
Client 14 uploaded
Client 81 uploaded
Client 86 uploaded
Client 94 uploaded
Epoch(t): 1 accuracy: 15.57 loss 2.3808076667785643 run_time: 47.06891322135925
Current clients: 100 , select: 10
| current_epoch 2 |. Begin client select
SchedulerThread select( 10 clients):
94 | 69 | 11 | 75 | 54 | 4 | 3 | 27 | 29 | 64 |
-----------------------------------------------------------------Schedule complete
Client 11 trained
Client 64 trained
Client 75 trained
Client 54 trained
Client 69 trained
Client 4 trained
Client 94 trained
Client 11 uploaded
Client 27 trained
Client 3 trained
Client 29 trained
Client 4 uploaded
Client 3 uploaded
Client 27 uploaded
Client 64 uploaded
Client 54 uploaded
Client 29 uploaded
Client 75 uploaded
Client 69 uploaded
Client 94 uploaded
Epoch(t): 2 accuracy: 23.75 loss 2.077378969192505 run_time: 91.58533906936646
Current clients: 100 , select: 10
| current_epoch 3 |. Begin client select
SchedulerThread select( 10 clients):
77 | 3 | 71 | 25 | 91 | 83 | 89 | 69 | 53 | 28 |
-----------------------------------------------------------------Schedule complete
Client 28 trained
Client 77 trained
Client 25 trained
Client 71 trained
Client 69 trained
Client 83 trained
Client 89 trained
Client 3 trained
Client 91 trained
Client 53 trained
Client 28 uploaded
Client 25 uploaded
Client 3 uploaded
Client 71 uploaded
Client 69 uploaded
Client 77 uploaded
Client 53 uploaded
Client 83 uploaded
Client 89 uploaded
Client 91 uploaded
Epoch(t): 3 accuracy: 30.11 loss 1.8414618563652039 run_time: 137.59919023513794
Current clients: 100 , select: 10
| current_epoch 4 |. Begin client select
SchedulerThread select( 10 clients):
57 | 75 | 35 | 0 | 97 | 20 | 89 | 54 | 43 | 19 |
-----------------------------------------------------------------Schedule complete
Client 57 trained
Client 20 trained
Client 54 trained
Client 75 trained
Client 0 trained
Client 97 trained
Client 35 trained
Client 43 trained
Client 89 trained
Client 19 trained
Client 0 uploaded
Client 20 uploaded
Client 19 uploaded
Client 35 uploaded
Client 43 uploaded
Client 57 uploaded
Client 54 uploaded
Client 75 uploaded
Client 89 uploaded
Client 97 uploaded
Epoch(t): 4 accuracy: 32.27 loss 1.8337789142131806 run_time: 180.73762607574463
Current clients: 100 , select: 10
| current_epoch 5 |. Begin client select
SchedulerThread select( 10 clients):
27 | 97 | 43 | 13 | 11 | 48 | 12 | 45 | 44 | 77 |
-----------------------------------------------------------------Schedule complete
Client 11 trained
Client 13 trained
Client 77 trained
Client 97 trained
Client 45 trained
Client 43 trained
Client 12 trained
Client 27 trained
Client 44 trained
Client 48 trained
Client 11 uploaded
Client 13 uploaded
Client 12 uploaded
Client 27 uploaded
Client 45 uploaded
Client 43 uploaded
Client 44 uploaded
Client 48 uploaded
Client 77 uploaded
Client 97 uploaded
Epoch(t): 5 accuracy: 36.87 loss 1.7025186932086944 run_time: 221.01290774345398
Current clients: 100 , select: 10
| current_epoch 6 |. Begin client select
SchedulerThread select( 10 clients):
33 | 5 | 93 | 58 | 68 | 15 | 48 | 10 | 70 | 37 |
-----------------------------------------------------------------Schedule complete
Client 15 trained
Client 68 trained
Client 93 trained
Client 37 trained
Client 5 trained
Client 58 trained
Client 10 trained
Client 48 trained
Client 33 trained
Client 70 trained
Client 15 uploaded
Client 5 uploaded
Client 10 uploaded
Client 37 uploaded
Client 68 uploaded
Client 33 uploaded
Client 48 uploaded
Client 58 uploaded
Client 93 uploaded
Client 70 uploaded
Epoch(t): 6 accuracy: 40.05 loss 1.6449342930316926 run_time: 258.6125228404999
Current clients: 100 , select: 10
| current_epoch 7 |. Begin client select
SchedulerThread select( 10 clients):
80 | 79 | 46 | 73 | 24 | 90 | 8 | 5 | 84 | 29 |
-----------------------------------------------------------------Schedule complete
Client 24 trained
Client 8 trained
Client 80 trained
Client 5 trained
Client 46 trained
Client 79 trained
Client 90 trained
Client 73 trained
Client 29 trained
Client 84 trained
Client 5 uploaded
Client 8 uploaded
Client 24 uploaded
Client 46 uploaded
Client 29 uploaded
Client 80 uploaded
Client 79 uploaded
Client 73 uploaded
Client 84 uploaded
Client 90 uploaded
Epoch(t): 7 accuracy: 37.4 loss 1.7463802361488343 run_time: 301.930379152298
Current clients: 100 , select: 10
| current_epoch 8 |. Begin client select
SchedulerThread select( 10 clients):
98 | 37 | 10 | 29 | 12 | 48 | 35 | 58 | 81 | 46 |
-----------------------------------------------------------------Schedule complete
Client 37 trained
Client 81 trained
Client 98 trained
Client 58 trained
Client 46 trained
Client 10 trained
Client 12 trained
Client 35 trained
Client 48 trained
Client 29 trained
Client 10 uploaded
Client 12 uploaded
Client 37 uploaded
Client 35 uploaded
Client 29 uploaded
Client 46 uploaded
Client 48 uploaded
Client 58 uploaded
Client 81 uploaded
Client 98 uploaded
Epoch(t): 8 accuracy: 40.71 loss 1.6298204398155212 run_time: 348.0747950077057
Current clients: 100 , select: 10
| current_epoch 9 |. Begin client select
SchedulerThread select( 10 clients):
20 | 47 | 45 | 26 | 85 | 34 | 89 | 87 | 82 | 9 |
-----------------------------------------------------------------Schedule complete
Client 45 trained
Client 20 trained
Client 9 trained
Client 82 trained
Client 89 trained
Client 85 trained
Client 47 trained
Client 87 trained
Client 34 trained
Client 26 trained
Client 20 uploaded
Client 9 uploaded
Client 45 uploaded
Client 26 uploaded
Client 34 uploaded
Client 47 uploaded
Client 82 uploaded
Client 85 uploaded
Client 89 uploaded
Client 87 uploaded
Epoch(t): 9 accuracy: 44.79 loss 1.4988816630840303 run_time: 392.64341926574707
Current clients: 100 , select: 10
| current_epoch 10 |. Begin client select
SchedulerThread select( 10 clients):
77 | 81 | 21 | 68 | 93 | 31 | 20 | 59 | 48 | 34 |
-----------------------------------------------------------------Schedule complete
Client 68 trained
Client 93 trained
Client 20 trained
Client 31 trained
Client 77 trained
Client 81 trained
Client 21 trained
Client 48 trained
Client 59 trained
Client 34 trained
Client 20 uploaded
Client 31 uploaded
Client 21 uploaded
Client 68 uploaded
Client 34 uploaded
Client 48 uploaded
Client 59 uploaded
Client 77 uploaded
Client 81 uploaded
Client 93 uploaded
Epoch(t): 10 accuracy: 44.93 loss 1.5134808135032654 run_time: 431.9097216129303
Current clients: 100 , select: 10
| current_epoch 11 |. Begin client select
SchedulerThread select( 10 clients):
81 | 88 | 71 | 28 | 87 | 41 | 98 | 99 | 7 | 29 |
-----------------------------------------------------------------Schedule complete
Client 7 trained
Client 28 trained
Client 7 uploaded
Client 88 trained
Client 71 trained
Client 81 trained
Client 98 trained
Client 99 trained
Client 87 trained
Client 29 trained
Client 41 trained
Client 28 uploaded
Client 29 uploaded
Client 71 uploaded
Client 41 uploaded
Client 88 uploaded
Client 81 uploaded
Client 87 uploaded
Client 98 uploaded
Client 99 uploaded
Epoch(t): 11 accuracy: 45.53 loss 1.4836649155616761 run_time: 477.85607957839966
Current clients: 100 , select: 10
| current_epoch 12 |. Begin client select
SchedulerThread select( 10 clients):
4 | 40 | 51 | 34 | 8 | 27 | 72 | 91 | 83 | 63 |
-----------------------------------------------------------------Schedule complete
Client 51 trained
Client 40 trained
Client 83 trained
Client 8 trained
Client 4 trained
Client 27 trained
Client 72 trained
Client 63 trained
Client 91 trained
Client 34 trained
Client 8 uploaded
Client 4 uploaded
Client 40 uploaded
Client 51 uploaded
Client 27 uploaded
Client 34 uploaded
Client 83 uploaded
Client 63 uploaded
Client 72 uploaded
Client 91 uploaded
Epoch(t): 12 accuracy: 43.93 loss 1.5379838490486144 run_time: 524.8983392715454
Current clients: 100 , select: 10
| current_epoch 13 |. Begin client select
SchedulerThread select( 10 clients):
50 | 82 | 58 | 18 | 33 | 17 | 31 | 95 | 71 | 68 |
-----------------------------------------------------------------Schedule complete
Client 68 trained
Client 50 trained
Client 31 trained
Client 71 trained
Client 82 trained
Client 17 trained
Client 58 trained
Client 95 trained
Client 33 trained
Client 18 trained
Client 17 uploaded
Client 31 uploaded
Client 68 uploaded
Client 50 uploaded
Client 18 uploaded
Client 33 uploaded
Client 58 uploaded
Client 71 uploaded
Client 82 uploaded
Client 95 uploaded
Epoch(t): 13 accuracy: 47.06 loss 1.5091481912136078 run_time: 568.6521298885345
Current clients: 100 , select: 10
| current_epoch 14 |. Begin client select
SchedulerThread select( 10 clients):
33 | 95 | 74 | 54 | 51 | 46 | 28 | 17 | 65 | 63 |
-----------------------------------------------------------------Schedule complete
Client 51 trained
Client 28 trained
Client 54 trained
Client 46 trained
Client 74 trained
Client 17 trained
Client 95 trained
Client 33 trained
Client 63 trained
Client 65 trained
Client 28 uploaded
Client 51 uploaded
Client 17 uploaded
Client 46 uploaded
Client 54 uploaded
Client 33 uploaded
Client 63 uploaded
Client 74 uploaded
Client 65 uploaded
Client 95 uploaded
Epoch(t): 14 accuracy: 49.47 loss 1.3970434713363646 run_time: 613.6758563518524
Current clients: 100 , select: 10
| current_epoch 15 |. Begin client select
SchedulerThread select( 10 clients):
11 | 96 | 6 | 14 | 19 | 80 | 20 | 87 | 54 | 76 |
-----------------------------------------------------------------Schedule complete
Client 11 trained
Client 54 trained
Client 20 trained
Client 80 trained
Client 96 trained
Client 76 trained
Client 87 trained
Client 19 trained
Client 14 trained
Client 11 uploaded
Client 6 trained
Client 20 uploaded
Client 6 uploaded
Client 54 uploaded
Client 14 uploaded
Client 19 uploaded
Client 80 uploaded
Client 76 uploaded
Client 87 uploaded
Client 96 uploaded
Epoch(t): 15 accuracy: 48.17 loss 1.4413829219341279 run_time: 653.7248697280884
Current clients: 100 , select: 10
| current_epoch 16 |. Begin client select
SchedulerThread select( 10 clients):
8 | 49 | 48 | 76 | 59 | 67 | 32 | 70 | 1 | 87 |
-----------------------------------------------------------------Schedule complete
Client 8 trained
Client 76 trained
Client 49 trained
Client 48 trained
Client 32 trained
Client 67 trained
Client 59 trained
Client 87 trained
Client 1 trained
Client 70 trained
Client 8 uploaded
Client 1 uploaded
Client 32 uploaded
Client 49 uploaded
Client 48 uploaded
Client 76 uploaded
Client 67 uploaded
Client 59 uploaded
Client 70 uploaded
Client 87 uploaded
Epoch(t): 16 accuracy: 50.33 loss 1.3750147581100465 run_time: 698.8709042072296
Current clients: 100 , select: 10
| current_epoch 17 |. Begin client select
SchedulerThread select( 10 clients):
92 | 14 | 87 | 68 | 96 | 34 | 98 | 82 | 43 | 37 |
-----------------------------------------------------------------Schedule complete
Client 68 trained
Client 37 trained
Client 96 trained
Client 43 trained
Client 82 trained
Client 98 trained
Client 92 trained
Client 34 trained
Client 87 trained
Client 14 trained
Client 37 uploaded
Client 68 uploaded
Client 14 uploaded
Client 43 uploaded
Client 34 uploaded
Client 82 uploaded
Client 96 uploaded
Client 87 uploaded
Client 98 uploaded
Client 92 uploaded
Epoch(t): 17 accuracy: 50.21 loss 1.411680784225464 run_time: 744.829877614975
Current clients: 100 , select: 10
| current_epoch 18 |. Begin client select
SchedulerThread select( 10 clients):
55 | 20 | 58 | 0 | 92 | 33 | 64 | 97 | 22 | 13 |
-----------------------------------------------------------------Schedule complete
Client 20 trained
Client 13 trained
Client 64 trained
Client 97 trained
Client 0 trained
Client 58 trained
Client 92 trained
Client 33 trained
Client 22 trained
Client 55 trained
Client 0 uploaded
Client 13 uploaded
Client 20 uploaded
Client 22 uploaded
Client 33 uploaded
Client 64 uploaded
Client 58 uploaded
Client 55 uploaded
Client 97 uploaded
Client 92 uploaded
Epoch(t): 18 accuracy: 49.66 loss 1.3865322542190552 run_time: 788.4002275466919
Current clients: 100 , select: 10
| current_epoch 19 |. Begin client select
SchedulerThread select( 10 clients):
80 | 38 | 81 | 64 | 77 | 25 | 19 | 47 | 97 | 20 |
-----------------------------------------------------------------Schedule complete
Client 38 trained
Client 20 trained
Client 64 trained
Client 80 trained
Client 25 trained
Client 77 trained
Client 97 trained
Client 81 trained
Client 19 trained
Client 47 trained
Client 38 uploaded
Client 20 uploaded
Client 25 uploaded
Client 19 uploaded
Client 64 uploaded
Client 47 uploaded
Client 80 uploaded
Client 77 uploaded
Client 81 uploaded
Client 97 uploaded
Epoch(t): 19 accuracy: 48.81 loss 1.4468475115299224 run_time: 830.8239822387695
Current clients: 100 , select: 10
| current_epoch 20 |. Begin client select
SchedulerThread select( 10 clients):
69 | 99 | 67 | 0 | 76 | 41 | 62 | 2 | 14 | 46 |
-----------------------------------------------------------------Schedule complete
Client 62 trained
Client 76 trained
Client 0 trained
Client 69 trained
Client 46 trained
Client 99 trained
Client 67 trained
Client 2 trained
Client 41 trained
Client 14 trained
Client 0 uploaded
Client 2 uploaded
Client 62 uploaded
Client 14 uploaded
Client 46 uploaded
Client 41 uploaded
Client 69 uploaded
Client 67 uploaded
Client 76 uploaded
Client 99 uploaded
Epoch(t): 20 accuracy: 52.09 loss 1.371964305639267 run_time: 876.0872919559479
Current clients: 100 , select: 10
| current_epoch 21 |. Begin client select
SchedulerThread select( 10 clients):
39 | 30 | 7 | 72 | 10 | 93 | 62 | 8 | 97 | 68 |
-----------------------------------------------------------------Schedule complete
Client 7 trained
Client 68 trained
Client 62 trained
Client 93 trained
Client 8 trained
Client 7 uploaded
Client 97 trained
Client 10 trained
Client 30 trained
Client 72 trained
Client 39 trained
Client 8 uploaded
Client 10 uploaded
Client 62 uploaded
Client 68 uploaded
Client 30 uploaded
Client 39 uploaded
Client 72 uploaded
Client 93 uploaded
Client 97 uploaded
Epoch(t): 21 accuracy: 50.53 loss 1.3650554299354554 run_time: 917.0076456069946
Current clients: 100 , select: 10
| current_epoch 22 |. Begin client select
SchedulerThread select( 10 clients):
98 | 16 | 84 | 60 | 70 | 21 | 33 | 67 | 77 | 54 |
-----------------------------------------------------------------Schedule complete
Client 77 trained
Client 54 trained
Client 16 trained
Client 21 trained
Client 98 trained
Client 67 trained
Client 60 trained
Client 33 trained
Client 84 trained
Client 70 trained
Client 16 uploaded
Client 21 uploaded
Client 54 uploaded
Client 33 uploaded
Client 60 uploaded
Client 77 uploaded
Client 67 uploaded
Client 70 uploaded
Client 84 uploaded
Client 98 uploaded
Epoch(t): 22 accuracy: 50.94 loss 1.4195274257659911 run_time: 963.0486686229706
Current clients: 100 , select: 10
| current_epoch 23 |. Begin client select
SchedulerThread select( 10 clients):
27 | 69 | 96 | 93 | 88 | 25 | 91 | 39 | 51 | 85 |
-----------------------------------------------------------------Schedule complete
Client 51 trained
Client 93 trained
Client 69 trained
Client 25 trained
Client 88 trained
Client 96 trained
Client 27 trained
Client 91 trained
Client 85 trained
Client 39 trained
Client 51 uploaded
Client 25 uploaded
Client 27 uploaded
Client 39 uploaded
Client 69 uploaded
Client 93 uploaded
Client 88 uploaded
Client 85 uploaded
Client 96 uploaded
Client 91 uploaded
Epoch(t): 23 accuracy: 54.1 loss 1.294886953830719 run_time: 1006.9096343517303
Current clients: 100 , select: 10
| current_epoch 24 |. Begin client select
SchedulerThread select( 10 clients):
83 | 47 | 56 | 66 | 57 | 15 | 31 | 28 | 8 | 43 |
-----------------------------------------------------------------Schedule complete
Client 15 trained
Client 57 trained
Client 28 trained
Client 8 trained
Client 83 trained
Client 31 trained
Client 56 trained
Client 43 trained
Client 47 trained
Client 66 trained
Client 15 uploaded
Client 8 uploaded
Client 28 uploaded
Client 31 uploaded
Client 43 uploaded
Client 57 uploaded
Client 56 uploaded
Client 47 uploaded
Client 66 uploaded
Client 83 uploaded
Epoch(t): 24 accuracy: 51.92 loss 1.3178916847705842 run_time: 1042.887714624405
Current clients: 100 , select: 10
| current_epoch 25 |. Begin client select
SchedulerThread select( 10 clients):
2 | 75 | 70 | 29 | 28 | 0 | 9 | 90 | 80 | 7 |
-----------------------------------------------------------------Schedule complete
Client 7 trained
Client 80 trained
Client 28 trained
Client 7 uploaded
Client 75 trained
Client 0 trained
Client 9 trained
Client 90 trained
Client 2 trained
Client 29 trained
Client 70 trained
Client 0 uploaded
Client 2 uploaded
Client 9 uploaded
Client 28 uploaded
Client 29 uploaded
Client 80 uploaded
Client 75 uploaded
Client 70 uploaded
Client 90 uploaded
Epoch(t): 25 accuracy: 55.63 loss 1.2589041274785995 run_time: 1082.7439019680023
Current clients: 100 , select: 10
| current_epoch 26 |. Begin client select
SchedulerThread select( 10 clients):
29 | 8 | 4 | 42 | 9 | 65 | 30 | 35 | 85 | 62 |
-----------------------------------------------------------------Schedule complete
Client 62 trained
Client 8 trained
Client 9 trained
Client 35 trained
Client 4 trained
Client 85 trained
Client 30 trained
Client 65 trained
Client 42 trained
Client 29 trained
Client 8 uploaded
Client 4 uploaded
Client 9 uploaded
Client 62 uploaded
Client 35 uploaded
Client 30 uploaded
Client 29 uploaded
Client 42 uploaded
Client 65 uploaded
Client 85 uploaded
Epoch(t): 26 accuracy: 53.92 loss 1.3028253865242005 run_time: 1124.1920478343964
Current clients: 100 , select: 10
| current_epoch 27 |. Begin client select
SchedulerThread select( 10 clients):
27 | 69 | 16 | 92 | 73 | 60 | 31 | 52 | 24 | 12 |
-----------------------------------------------------------------Schedule complete
Client 24 trained
Client 31 trained
Client 16 trained
Client 69 trained
Client 92 trained
Client 12 trained
Client 60 trained
Client 27 trained
Client 73 trained
Client 52 trained
Client 16 uploaded
Client 24 uploaded
Client 31 uploaded
Client 12 uploaded
Client 27 uploaded
Client 52 uploaded
Client 69 uploaded
Client 60 uploaded
Client 73 uploaded
Client 92 uploaded
Epoch(t): 27 accuracy: 55.35 loss 1.2755028742551804 run_time: 1167.369010925293
Current clients: 100 , select: 10
| current_epoch 28 |. Begin client select
SchedulerThread select( 10 clients):
12 | 84 | 55 | 45 | 54 | 52 | 59 | 93 | 6 | 86 |
-----------------------------------------------------------------Schedule complete
Client 45 trained
Client 93 trained
Client 54 trained
Client 86 trained
Client 12 trained
Client 6 trained
Client 59 trained
Client 84 trained
Client 52 trained
Client 55 trained
Client 45 uploaded
Client 12 uploaded
Client 6 uploaded
Client 54 uploaded
Client 52 uploaded
Client 59 uploaded
Client 55 uploaded
Client 93 uploaded
Client 86 uploaded
Client 84 uploaded
Epoch(t): 28 accuracy: 57.88 loss 1.1746650499105453 run_time: 1208.9683616161346
Current clients: 100 , select: 10
| current_epoch 29 |. Begin client select
SchedulerThread select( 10 clients):
83 | 82 | 12 | 7 | 51 | 93 | 43 | 13 | 31 | 24 |
-----------------------------------------------------------------Schedule complete
Client 7 trained
Client 51 trained
Client 93 trained
Client 13 trained
Client 24 trained
Client 31 trained
Client 83 trained
Client 7 uploaded
Client 82 trained
Client 43 trained
Client 12 trained
Client 13 uploaded
Client 12 uploaded
Client 24 uploaded
Client 31 uploaded
Client 51 uploaded
Client 43 uploaded
Client 83 uploaded
Client 82 uploaded
Client 93 uploaded
Epoch(t): 29 accuracy: 57.27 loss 1.1987172269821167 run_time: 1245.8722479343414
Current clients: 100 , select: 10
| current_epoch 30 |. Begin client select
SchedulerThread select( 10 clients):
24 | 68 | 57 | 17 | 54 | 23 | 35 | 59 | 31 | 9 |
-----------------------------------------------------------------Schedule complete
Client 68 trained
Client 24 trained
Client 23 trained
Client 31 trained
Client 57 trained
Client 54 trained
Client 9 trained
Client 35 trained
Client 17 trained
Client 59 trained
Client 9 uploaded
Client 24 uploaded
Client 23 uploaded
Client 17 uploaded
Client 31 uploaded
Client 68 uploaded
Client 35 uploaded
Client 54 uploaded
Client 57 uploaded
Client 59 uploaded
Epoch(t): 30 accuracy: 56.33 loss 1.2496066993474961 run_time: 1279.8860845565796
Current clients: 100 , select: 10
| current_epoch 31 |. Begin client select
SchedulerThread select( 10 clients):
56 | 70 | 12 | 6 | 83 | 69 | 1 | 11 | 96 | 30 |
-----------------------------------------------------------------Schedule complete
Client 11 trained
Client 83 trained
Client 96 trained
Client 69 trained
Client 56 trained
Client 30 trained
Client 12 trained
Client 6 trained
Client 11 uploaded
Client 1 trained
Client 70 trained
Client 1 uploaded
Client 6 uploaded
Client 12 uploaded
Client 30 uploaded
Client 56 uploaded
Client 69 uploaded
Client 83 uploaded
Client 70 uploaded
Client 96 uploaded
Epoch(t): 31 accuracy: 56.8 loss 1.2132276648283005 run_time: 1321.2956936359406
Current clients: 100 , select: 10
| current_epoch 32 |. Begin client select
SchedulerThread select( 10 clients):
21 | 52 | 62 | 61 | 27 | 51 | 7 | 48 | 0 | 49 |
-----------------------------------------------------------------Schedule complete
Client 7 trained
Client 62 trained
Client 51 trained
Client 0 trained
Client 7 uploaded
Client 21 trained
Client 48 trained
Client 49 trained
Client 27 trained
Client 52 trained
Client 61 trained
Client 0 uploaded
Client 51 uploaded
Client 21 uploaded
Client 62 uploaded
Client 27 uploaded
Client 48 uploaded
Client 49 uploaded
Client 52 uploaded
Client 61 uploaded
Epoch(t): 32 accuracy: 57.96 loss 1.2025199323892592 run_time: 1355.6910247802734
Current clients: 100 , select: 10
| current_epoch 33 |. Begin client select
SchedulerThread select( 10 clients):
33 | 58 | 36 | 54 | 89 | 93 | 71 | 84 | 91 | 62 |
-----------------------------------------------------------------Schedule complete
Client 62 trained
Client 93 trained
Client 54 trained
Client 71 trained
Client 36 trained
Client 58 trained
Client 33 trained
Client 89 trained
Client 91 trained
Client 84 trained
Client 62 uploaded
Client 36 uploaded
Client 33 uploaded
Client 54 uploaded
Client 58 uploaded
Client 71 uploaded
Client 93 uploaded
Client 84 uploaded
Client 89 uploaded
Client 91 uploaded
Epoch(t): 33 accuracy: 56.36 loss 1.2722226250171662 run_time: 1400.4214689731598
Current clients: 100 , select: 10
| current_epoch 34 |. Begin client select
SchedulerThread select( 10 clients):
19 | 24 | 37 | 27 | 7 | 74 | 94 | 69 | 95 | 40 |
-----------------------------------------------------------------Schedule complete
Client 7 trained
Client 7 uploaded
Client 24 trained
Client 37 trained
Client 40 trained
Client 74 trained
Client 69 trained
Client 19 trained
Client 27 trained
Client 94 trained
Client 95 trained
Client 24 uploaded
Client 37 uploaded
Client 40 uploaded
Client 19 uploaded
Client 27 uploaded
Client 69 uploaded
Client 74 uploaded
Client 94 uploaded
Client 95 uploaded
Epoch(t): 34 accuracy: 57.78 loss 1.1910773825645447 run_time: 1444.6614985466003
Current clients: 100 , select: 10
| current_epoch 35 |. Begin client select
SchedulerThread select( 10 clients):
7 | 6 | 74 | 61 | 64 | 67 | 20 | 65 | 10 | 23 |
-----------------------------------------------------------------Schedule complete
Client 7 trained
Client 20 trained
Client 64 trained
Client 7 uploaded
Client 23 trained
Client 74 trained
Client 67 trained
Client 10 trained
Client 6 trained
Client 65 trained
Client 61 trained
Client 20 uploaded
Client 6 uploaded
Client 10 uploaded
Client 23 uploaded
Client 64 uploaded
Client 67 uploaded
Client 61 uploaded
Client 74 uploaded
Client 65 uploaded
Epoch(t): 35 accuracy: 59.05 loss 1.176588672399521 run_time: 1479.6154551506042
Current clients: 100 , select: 10
| current_epoch 36 |. Begin client select
SchedulerThread select( 10 clients):
8 | 76 | 86 | 30 | 51 | 15 | 72 | 31 | 74 | 5 |
-----------------------------------------------------------------Schedule complete
Client 15 trained
Client 51 trained
Client 76 trained
Client 8 trained
Client 31 trained
Client 74 trained
Client 5 trained
Client 86 trained
Client 30 trained
Client 72 trained
Client 15 uploaded
Client 5 uploaded
Client 8 uploaded
Client 51 uploaded
Client 31 uploaded
Client 30 uploaded
Client 74 uploaded
Client 76 uploaded
Client 72 uploaded
Client 86 uploaded
Epoch(t): 36 accuracy: 59.06 loss 1.1723776721954347 run_time: 1517.785962820053
Current clients: 100 , select: 10
| current_epoch 37 |. Begin client select
SchedulerThread select( 10 clients):
79 | 10 | 53 | 84 | 74 | 72 | 66 | 40 | 33 | 26 |
-----------------------------------------------------------------Schedule complete
Client 40 trained
Client 74 trained
Client 79 trained
Client 10 trained
Client 33 trained
Client 72 trained
Client 84 trained
Client 53 trained
Client 66 trained
Client 26 trained
Client 10 uploaded
Client 40 uploaded
Client 33 uploaded
Client 74 uploaded
Client 26 uploaded
Client 79 uploaded
Client 53 uploaded
Client 72 uploaded
Client 66 uploaded
Client 84 uploaded
Epoch(t): 37 accuracy: 57.67 loss 1.187951355576515 run_time: 1559.8677115440369
Current clients: 100 , select: 10
| current_epoch 38 |. Begin client select
SchedulerThread select( 10 clients):
85 | 91 | 40 | 30 | 33 | 50 | 16 | 82 | 38 | 58 |
-----------------------------------------------------------------Schedule complete
Client 38 trained
Client 50 trained
Client 40 trained
Client 16 trained
Client 58 trained
Client 82 trained
Client 30 trained
Client 85 trained
Client 33 trained
Client 91 trained
Client 38 uploaded
Client 16 uploaded
Client 40 uploaded
Client 50 uploaded
Client 30 uploaded
Client 33 uploaded
Client 58 uploaded
Client 82 uploaded
Client 85 uploaded
Client 91 uploaded
Epoch(t): 38 accuracy: 58.33 loss 1.1802611136436463 run_time: 1603.7139925956726
Current clients: 100 , select: 10
| current_epoch 39 |. Begin client select
SchedulerThread select( 10 clients):
40 | 96 | 9 | 1 | 58 | 79 | 72 | 12 | 68 | 27 |
-----------------------------------------------------------------Schedule complete
Client 68 trained
Client 40 trained
Client 96 trained
Client 79 trained
Client 9 trained
Client 58 trained
Client 12 trained
Client 27 trained
Client 72 trained
Client 1 trained
Client 1 uploaded
Client 9 uploaded
Client 12 uploaded
Client 40 uploaded
Client 68 uploaded
Client 27 uploaded
Client 58 uploaded
Client 79 uploaded
Client 72 uploaded
Client 96 uploaded
Epoch(t): 39 accuracy: 59.11 loss 1.1458008569478988 run_time: 1646.1252670288086
Current clients: 100 , select: 10
| current_epoch 40 |. Begin client select
SchedulerThread select( 10 clients):
64 | 33 | 16 | 44 | 8 | 31 | 47 | 36 | 20 | 56 |
-----------------------------------------------------------------Schedule complete
Client 64 trained
Client 20 trained
Client 8 trained
Client 31 trained
Client 16 trained
Client 56 trained
Client 36 trained
Client 44 trained
Client 33 trained
Client 47 trained
Client 8 uploaded
Client 20 uploaded
Client 16 uploaded
Client 31 uploaded
Client 36 uploaded
Client 33 uploaded
Client 64 uploaded
Client 44 uploaded
Client 56 uploaded
Client 47 uploaded
Epoch(t): 40 accuracy: 60.57 loss 1.1281963765621186 run_time: 1679.5079464912415
Current clients: 100 , select: 10
| current_epoch 41 |. Begin client select
SchedulerThread select( 10 clients):
69 | 90 | 38 | 78 | 83 | 67 | 1 | 85 | 70 | 84 |
-----------------------------------------------------------------Schedule complete
Client 38 trained
Client 83 trained
Client 69 trained
Client 67 trained
Client 85 trained
Client 90 trained
Client 1 trained
Client 84 trained
Client 70 trained
Client 78 trained
Client 38 uploaded
Client 1 uploaded
Client 69 uploaded
Client 67 uploaded
Client 83 uploaded
Client 70 uploaded
Client 85 uploaded
Client 78 uploaded
Client 84 uploaded
Client 90 uploaded
Epoch(t): 41 accuracy: 58.92 loss 1.2094211053848267 run_time: 1724.0517556667328
Current clients: 100 , select: 10
| current_epoch 42 |. Begin client select
SchedulerThread select( 10 clients):
13 | 17 | 33 | 14 | 95 | 70 | 19 | 34 | 36 | 77 |
-----------------------------------------------------------------Schedule complete
Client 13 trained
Client 77 trained
Client 36 trained
Client 17 trained
Client 95 trained
Client 33 trained
Client 19 trained
Client 34 trained
Client 70 trained
Client 14 trained
Client 13 uploaded
Client 17 uploaded
Client 36 uploaded
Client 14 uploaded
Client 19 uploaded
Client 33 uploaded
Client 34 uploaded
Client 77 uploaded
Client 70 uploaded
Client 95 uploaded
Epoch(t): 42 accuracy: 60.83 loss 1.1251187908649445 run_time: 1771.5080914497375
Current clients: 100 , select: 10
| current_epoch 43 |. Begin client select
SchedulerThread select( 10 clients):
26 | 91 | 43 | 87 | 81 | 33 | 64 | 62 | 32 | 6 |
-----------------------------------------------------------------Schedule complete
Client 62 trained
Client 64 trained
Client 43 trained
Client 81 trained
Client 32 trained
Client 6 trained
Client 33 trained
Client 87 trained
Client 91 trained
Client 26 trained
Client 62 uploaded
Client 6 uploaded
Client 64 uploaded
Client 32 uploaded
Client 43 uploaded
Client 33 uploaded
Client 26 uploaded
Client 81 uploaded
Client 87 uploaded
Client 91 uploaded
Epoch(t): 43 accuracy: 60.78 loss 1.0949971640110017 run_time: 1817.6189982891083
Current clients: 100 , select: 10
| current_epoch 44 |. Begin client select
SchedulerThread select( 10 clients):
11 | 81 | 54 | 35 | 5 | 0 | 42 | 98 | 16 | 33 |
-----------------------------------------------------------------Schedule complete
Client 11 trained
Client 0 trained
Client 54 trained
Client 16 trained
Client 5 trained
Client 81 trained
Client 98 trained
Client 35 trained
Client 33 trained
Client 42 trained
Client 11 uploaded
Client 0 uploaded
Client 5 uploaded
Client 16 uploaded
Client 35 uploaded
Client 33 uploaded
Client 54 uploaded
Client 42 uploaded
Client 81 uploaded
Client 98 uploaded
Epoch(t): 44 accuracy: 58.81 loss 1.2412644469738006 run_time: 1862.5564386844635
Current clients: 100 , select: 10
| current_epoch 45 |. Begin client select
SchedulerThread select( 10 clients):
20 | 94 | 56 | 70 | 90 | 54 | 71 | 1 | 14 | 9 |
-----------------------------------------------------------------Schedule complete
Client 20 trained
Client 54 trained
Client 71 trained
Client 56 trained
Client 9 trained
Client 90 trained
Client 94 trained
Client 70 trained
Client 1 trained
Client 14 trained
Client 20 uploaded
Client 9 uploaded
Client 1 uploaded
Client 14 uploaded
Client 54 uploaded
Client 56 uploaded
Client 71 uploaded
Client 70 uploaded
Client 90 uploaded
Client 94 uploaded
Epoch(t): 45 accuracy: 59.18 loss 1.1716254329681397 run_time: 1909.0732100009918
Current clients: 100 , select: 10
| current_epoch 46 |. Begin client select
SchedulerThread select( 10 clients):
88 | 19 | 69 | 4 | 47 | 74 | 70 | 18 | 55 | 16 |
-----------------------------------------------------------------Schedule complete
Client 88 trained
Client 16 trained
Client 74 trained
Client 69 trained
Client 4 trained
Client 19 trained
Client 47 trained
Client 70 trained
Client 55 trained
Client 18 trained
Client 16 uploaded
Client 4 uploaded
Client 19 uploaded
Client 88 uploaded
Client 18 uploaded
Client 74 uploaded
Client 69 uploaded
Client 47 uploaded
Client 55 uploaded
Client 70 uploaded
Epoch(t): 46 accuracy: 59.98 loss 1.2061042588949205 run_time: 1950.9302289485931
Current clients: 100 , select: 10
| current_epoch 47 |. Begin client select
SchedulerThread select( 10 clients):
5 | 39 | 46 | 45 | 26 | 87 | 31 | 85 | 13 | 99 |
-----------------------------------------------------------------Schedule complete
Client 13 trained
Client 45 trained
Client 31 trained
Client 5 trained
Client 99 trained
Client 46 trained
Client 85 trained
Client 87 trained
Client 26 trained
Client 39 trained
Client 13 uploaded
Client 5 uploaded
Client 31 uploaded
Client 45 uploaded
Client 46 uploaded
Client 26 uploaded
Client 39 uploaded
Client 85 uploaded
Client 87 uploaded
Client 99 uploaded
Epoch(t): 47 accuracy: 62.67 loss 1.0736134052276611 run_time: 1997.5653991699219
Current clients: 100 , select: 10
| current_epoch 48 |. Begin client select
SchedulerThread select( 10 clients):
71 | 52 | 79 | 95 | 19 | 30 | 20 | 22 | 3 | 94 |
-----------------------------------------------------------------Schedule complete
Client 20 trained
Client 71 trained
Client 79 trained
Client 30 trained
Client 22 trained
Client 52 trained
Client 19 trained
Client 94 trained
Client 95 trained
Client 3 trained
Client 20 uploaded
Client 3 uploaded
Client 30 uploaded
Client 22 uploaded
Client 19 uploaded
Client 71 uploaded
Client 52 uploaded
Client 79 uploaded
Client 94 uploaded
Client 95 uploaded
Epoch(t): 48 accuracy: 62.75 loss 1.0746288573741913 run_time: 2045.1965363025665
Current clients: 100 , select: 10
| current_epoch 49 |. Begin client select
SchedulerThread select( 10 clients):
42 | 52 | 85 | 94 | 31 | 34 | 20 | 89 | 13 | 48 |
-----------------------------------------------------------------Schedule complete
Client 20 trained
Client 13 trained
Client 31 trained
Client 85 trained
Client 48 trained
Client 52 trained
Client 94 trained
Client 42 trained
Client 89 trained
Client 34 trained
Client 13 uploaded
Client 20 uploaded
Client 31 uploaded
Client 34 uploaded
Client 48 uploaded
Client 42 uploaded
Client 52 uploaded
Client 85 uploaded
Client 89 uploaded
Client 94 uploaded
Epoch(t): 49 accuracy: 63.85 loss 1.0544044125080108 run_time: 2092.1069271564484
Current clients: 100 , select: 10
| current_epoch 50 |. Begin client select
SchedulerThread select( 10 clients):
4 | 60 | 28 | 25 | 58 | 44 | 39 | 29 | 3 | 84 |
-----------------------------------------------------------------Schedule complete
Client 28 trained
Client 25 trained
Client 58 trained
Client 60 trained
Client 4 trained
Client 44 trained
Client 84 trained
Client 29 trained
Client 3 trained
Client 39 trained
Client 28 uploaded
Client 4 uploaded
Client 25 uploaded
Client 3 uploaded
Client 58 uploaded
Client 29 uploaded
Client 44 uploaded
Client 60 uploaded
Client 39 uploaded
Client 84 uploaded
Epoch(t): 50 accuracy: 63.11 loss 1.0727115619182586 run_time: 2135.15597820282
Current clients: 100 , select: 10
| current_epoch 51 |. Begin client select
SchedulerThread select( 10 clients):
24 | 51 | 42 | 35 | 8 | 98 | 44 | 82 | 65 | 86 |
-----------------------------------------------------------------Schedule complete
Client 51 trained
Client 24 trained
Client 8 trained
Client 35 trained
Client 98 trained
Client 44 trained
Client 82 trained
Client 86 trained
Client 42 trained
Client 65 trained
Client 8 uploaded
Client 24 uploaded
Client 51 uploaded
Client 35 uploaded
Client 42 uploaded
Client 44 uploaded
Client 65 uploaded
Client 82 uploaded
Client 86 uploaded
Client 98 uploaded
Epoch(t): 51 accuracy: 63.56 loss 1.0423420256376266 run_time: 2179.3262345790863
Current clients: 100 , select: 10
| current_epoch 52 |. Begin client select
SchedulerThread select( 10 clients):
68 | 42 | 3 | 14 | 33 | 22 | 74 | 4 | 13 | 76 |
-----------------------------------------------------------------Schedule complete
Client 68 trained
Client 74 trained
Client 76 trained
Client 13 trained
Client 4 trained
Client 42 trained
Client 33 trained
Client 22 trained
Client 14 trained
Client 3 trained
Client 13 uploaded
Client 4 uploaded
Client 68 uploaded
Client 3 uploaded
Client 14 uploaded
Client 22 uploaded
Client 33 uploaded
Client 42 uploaded
Client 74 uploaded
Client 76 uploaded
Epoch(t): 52 accuracy: 63.54 loss 1.0530169659852981 run_time: 2215.0389907360077
Current clients: 100 , select: 10
| current_epoch 53 |. Begin client select
SchedulerThread select( 10 clients):
55 | 44 | 93 | 40 | 77 | 65 | 14 | 49 | 73 | 24 |
-----------------------------------------------------------------Schedule complete
Client 93 trained
Client 24 trained
Client 40 trained
Client 77 trained
Client 44 trained
Client 49 trained
Client 65 trained
Client 73 trained
Client 55 trained
Client 14 trained
Client 24 uploaded
Client 40 uploaded
Client 14 uploaded
Client 44 uploaded
Client 49 uploaded
Client 77 uploaded
Client 55 uploaded
Client 93 uploaded
Client 65 uploaded
Client 73 uploaded
Epoch(t): 53 accuracy: 61.44 loss 1.1033632522821426 run_time: 2255.8342022895813
Current clients: 100 , select: 10
| current_epoch 54 |. Begin client select
SchedulerThread select( 10 clients):
32 | 5 | 90 | 55 | 0 | 66 | 68 | 87 | 92 | 94 |
-----------------------------------------------------------------Schedule complete
Client 68 trained
Client 0 trained
Client 5 trained
Client 32 trained
Client 90 trained
Client 0 uploaded
Client 92 trained
Client 94 trained
Client 87 trained
Client 55 trained
Client 66 trained
Client 5 uploaded
Client 68 uploaded
Client 32 uploaded
Client 55 uploaded
Client 66 uploaded
Client 90 uploaded
Client 87 uploaded
Client 92 uploaded
Client 94 uploaded
Epoch(t): 54 accuracy: 62.64 loss 1.0754748833179475 run_time: 2303.3968334198
Current clients: 100 , select: 10
| current_epoch 55 |. Begin client select
SchedulerThread select( 10 clients):
94 | 85 | 25 | 46 | 55 | 8 | 42 | 79 | 40 | 84 |
-----------------------------------------------------------------Schedule complete
Client 40 trained
Client 8 trained
Client 25 trained
Client 46 trained
Client 79 trained
Client 42 trained
Client 85 trained
Client 94 trained
Client 84 trained
Client 55 trained
Client 8 uploaded
Client 25 uploaded
Client 40 uploaded
Client 46 uploaded
Client 42 uploaded
Client 55 uploaded
Client 79 uploaded
Client 84 uploaded
Client 85 uploaded
Client 94 uploaded
Epoch(t): 55 accuracy: 63.27 loss 1.0772222018241882 run_time: 2349.789228916168
Current clients: 100 , select: 10
| current_epoch 56 |. Begin client select
SchedulerThread select( 10 clients):
15 | 92 | 38 | 64 | 39 | 85 | 52 | 41 | 51 | 89 |
-----------------------------------------------------------------Schedule complete
Client 38 trained
Client 15 trained
Client 51 trained
Client 64 trained
Client 85 trained
Client 92 trained
Client 89 trained
Client 52 trained
Client 41 trained
Client 39 trained
Client 15 uploaded
Client 38 uploaded
Client 51 uploaded
Client 64 uploaded
Client 41 uploaded
Client 39 uploaded
Client 52 uploaded
Client 85 uploaded
Client 89 uploaded
Client 92 uploaded
Epoch(t): 56 accuracy: 63.47 loss 1.066031495332718 run_time: 2394.7810015678406
Current clients: 100 , select: 10
| current_epoch 57 |. Begin client select
SchedulerThread select( 10 clients):
37 | 70 | 16 | 24 | 53 | 85 | 48 | 86 | 95 | 22 |
-----------------------------------------------------------------Schedule complete
Client 37 trained
Client 24 trained
Client 16 trained
Client 48 trained
Client 86 trained
Client 22 trained
Client 85 trained
Client 95 trained
Client 70 trained
Client 53 trained
Client 24 uploaded
Client 37 uploaded
Client 16 uploaded
Client 22 uploaded
Client 48 uploaded
Client 53 uploaded
Client 70 uploaded
Client 86 uploaded
Client 85 uploaded
Client 95 uploaded
Epoch(t): 57 accuracy: 63.65 loss 1.0943791788816453 run_time: 2441.763018131256
Current clients: 100 , select: 10
| current_epoch 58 |. Begin client select
SchedulerThread select( 10 clients):
78 | 72 | 38 | 51 | 70 | 0 | 36 | 26 | 55 | 74 |
-----------------------------------------------------------------Schedule complete
Client 38 trained
Client 51 trained
Client 0 trained
Client 36 trained
Client 74 trained
Client 78 trained
Client 0 uploaded
Client 72 trained
Client 55 trained
Client 70 trained
Client 26 trained
Client 38 uploaded
Client 51 uploaded
Client 36 uploaded
Client 26 uploaded
Client 74 uploaded
Client 55 uploaded
Client 78 uploaded
Client 72 uploaded
Client 70 uploaded
Epoch(t): 58 accuracy: 63.44 loss 1.0551849567890168 run_time: 2482.1463961601257
Current clients: 100 , select: 10
| current_epoch 59 |. Begin client select
SchedulerThread select( 10 clients):
77 | 83 | 41 | 59 | 56 | 86 | 27 | 65 | 60 | 94 |
-----------------------------------------------------------------Schedule complete
Client 77 trained
Client 83 trained
Client 56 trained
Client 86 trained
Client 59 trained
Client 60 trained
Client 27 trained
Client 94 trained
Client 65 trained
Client 41 trained
Client 27 uploaded
Client 56 uploaded
Client 41 uploaded
Client 77 uploaded
Client 59 uploaded
Client 60 uploaded
Client 83 uploaded
Client 65 uploaded
Client 86 uploaded
Client 94 uploaded
Epoch(t): 59 accuracy: 63.15 loss 1.0925164359807968 run_time: 2529.8753485679626
Current clients: 100 , select: 10
| current_epoch 60 |. Begin client select
SchedulerThread select( 10 clients):
21 | 84 | 10 | 36 | 65 | 81 | 79 | 42 | 11 | 96 |
-----------------------------------------------------------------Schedule complete
Client 11 trained
Client 96 trained
Client 36 trained
Client 79 trained
Client 11 uploaded
Client 10 trained
Client 21 trained
Client 81 trained
Client 42 trained
Client 84 trained
Client 65 trained
Client 10 uploaded
Client 21 uploaded
Client 36 uploaded
Client 42 uploaded
Client 65 uploaded
Client 79 uploaded
Client 81 uploaded
Client 84 uploaded
Client 96 uploaded
Epoch(t): 60 accuracy: 63.0 loss 1.1107878702878953 run_time: 2573.814447402954
Current clients: 100 , select: 10
| current_epoch 61 |. Begin client select
SchedulerThread select( 10 clients):
30 | 86 | 39 | 28 | 25 | 18 | 3 | 5 | 31 | 60 |
-----------------------------------------------------------------Schedule complete
Client 28 trained
Client 31 trained
Client 25 trained
Client 5 trained
Client 86 trained
Client 60 trained
Client 30 trained
Client 39 trained
Client 3 trained
Client 18 trained
Client 5 uploaded
Client 28 uploaded
Client 31 uploaded
Client 25 uploaded
Client 3 uploaded
Client 30 uploaded
Client 18 uploaded
Client 60 uploaded
Client 39 uploaded
Client 86 uploaded
Epoch(t): 61 accuracy: 64.6 loss 1.0527421420812606 run_time: 2613.803351163864
Current clients: 100 , select: 10
| current_epoch 62 |. Begin client select
SchedulerThread select( 10 clients):
78 | 98 | 9 | 58 | 53 | 80 | 73 | 24 | 91 | 89 |
-----------------------------------------------------------------Schedule complete
Client 24 trained
Client 9 trained
Client 80 trained
Client 58 trained
Client 98 trained
Client 89 trained
Client 73 trained
Client 91 trained
Client 78 trained
Client 53 trained
Client 24 uploaded
Client 9 uploaded
Client 58 uploaded
Client 53 uploaded
Client 80 uploaded
Client 73 uploaded
Client 78 uploaded
Client 89 uploaded
Client 98 uploaded
Client 91 uploaded
Epoch(t): 62 accuracy: 64.83 loss 1.031332859992981 run_time: 2660.1691279411316
Current clients: 100 , select: 10
| current_epoch 63 |. Begin client select
SchedulerThread select( 10 clients):
49 | 63 | 51 | 31 | 18 | 83 | 88 | 0 | 96 | 98 |
-----------------------------------------------------------------Schedule complete
Client 51 trained
Client 88 trained
Client 31 trained
Client 0 trained
Client 83 trained
Client 96 trained
Client 98 trained
Client 49 trained
Client 63 trained
Client 18 trained
Client 0 uploaded
Client 51 uploaded
Client 31 uploaded
Client 18 uploaded
Client 49 uploaded
Client 63 uploaded
Client 88 uploaded
Client 83 uploaded
Client 96 uploaded
Client 98 uploaded
Epoch(t): 63 accuracy: 65.24 loss 1.0379887920618058 run_time: 2704.6145646572113
Current clients: 100 , select: 10
| current_epoch 64 |. Begin client select
SchedulerThread select( 10 clients):
13 | 99 | 54 | 28 | 22 | 89 | 66 | 59 | 6 | 71 |
-----------------------------------------------------------------Schedule complete
Client 28 trained
Client 13 trained
Client 54 trained
Client 71 trained
Client 99 trained
Client 22 trained
Client 89 trained
Client 6 trained
Client 59 trained
Client 66 trained
Client 13 uploaded
Client 28 uploaded
Client 6 uploaded
Client 22 uploaded
Client 54 uploaded
Client 71 uploaded
Client 59 uploaded
Client 66 uploaded
Client 89 uploaded
Client 99 uploaded
Epoch(t): 64 accuracy: 64.74 loss 1.0250001537799835 run_time: 2750.9357113838196
Current clients: 100 , select: 10
| current_epoch 65 |. Begin client select
SchedulerThread select( 10 clients):
31 | 15 | 58 | 17 | 59 | 85 | 67 | 71 | 76 | 40 |
-----------------------------------------------------------------Schedule complete
Client 15 trained
Client 40 trained
Client 31 trained
Client 76 trained
Client 71 trained
Client 17 trained
Client 58 trained
Client 85 trained
Client 67 trained
Client 59 trained
Client 15 uploaded
Client 17 uploaded
Client 31 uploaded
Client 40 uploaded
Client 58 uploaded
Client 59 uploaded
Client 71 uploaded
Client 67 uploaded
Client 76 uploaded
Client 85 uploaded
Epoch(t): 65 accuracy: 64.94 loss 1.05378238260746 run_time: 2790.622157096863
Current clients: 100 , select: 10
| current_epoch 66 |. Begin client select
SchedulerThread select( 10 clients):
96 | 56 | 78 | 92 | 64 | 54 | 70 | 57 | 20 | 95 |
-----------------------------------------------------------------Schedule complete
Client 20 trained
Client 64 trained
Client 54 trained
Client 96 trained
Client 57 trained
Client 56 trained
Client 92 trained
Client 95 trained
Client 78 trained
Client 70 trained
Client 20 uploaded
Client 54 uploaded
Client 64 uploaded
Client 57 uploaded
Client 56 uploaded
Client 70 uploaded
Client 78 uploaded
Client 96 uploaded
Client 92 uploaded
Client 95 uploaded
Epoch(t): 66 accuracy: 64.95 loss 1.0536315083503722 run_time: 2834.76726102829
Current clients: 100 , select: 10
| current_epoch 67 |. Begin client select
SchedulerThread select( 10 clients):
60 | 57 | 33 | 96 | 31 | 81 | 35 | 98 | 99 | 66 |
-----------------------------------------------------------------Schedule complete
Client 57 trained
Client 31 trained
Client 96 trained
Client 99 trained
Client 35 trained
Client 81 trained
Client 98 trained
Client 60 trained
Client 33 trained
Client 66 trained
Client 31 uploaded
Client 57 uploaded
Client 35 uploaded
Client 33 uploaded
Client 60 uploaded
Client 66 uploaded
Client 81 uploaded
Client 96 uploaded
Client 98 uploaded
Client 99 uploaded
Epoch(t): 67 accuracy: 64.48 loss 1.0347845935821534 run_time: 2881.7089750766754
Current clients: 100 , select: 10
| current_epoch 68 |. Begin client select
SchedulerThread select( 10 clients):
62 | 80 | 30 | 35 | 56 | 9 | 91 | 36 | 34 | 42 |
-----------------------------------------------------------------Schedule complete
Client 62 trained
Client 80 trained
Client 9 trained
Client 56 trained
Client 35 trained
Client 36 trained
Client 42 trained
Client 30 trained
Client 91 trained
Client 34 trained
Client 9 uploaded
Client 62 uploaded
Client 35 uploaded
Client 36 uploaded
Client 30 uploaded
Client 56 uploaded
Client 34 uploaded
Client 42 uploaded
Client 80 uploaded
Client 91 uploaded
Epoch(t): 68 accuracy: 67.08 loss 0.9492443883419037 run_time: 2926.451264858246
Current clients: 100 , select: 10
| current_epoch 69 |. Begin client select
SchedulerThread select( 10 clients):
40 | 69 | 10 | 17 | 19 | 29 | 49 | 88 | 90 | 27 |
-----------------------------------------------------------------Schedule complete
Client 88 trained
Client 40 trained
Client 69 trained
Client 10 trained
Client 90 trained
Client 17 trained
Client 49 trained
Client 19 trained
Client 27 trained
Client 29 trained
Client 10 uploaded
Client 40 uploaded
Client 17 uploaded
Client 19 uploaded
Client 27 uploaded
Client 29 uploaded
Client 49 uploaded
Client 88 uploaded
Client 69 uploaded
Client 90 uploaded
Epoch(t): 69 accuracy: 62.99 loss 1.1137937742471695 run_time: 2967.6158056259155
Current clients: 100 , select: 10
| current_epoch 70 |. Begin client select
SchedulerThread select( 10 clients):
8 | 53 | 52 | 42 | 69 | 59 | 7 | 26 | 49 | 98 |
-----------------------------------------------------------------Schedule complete
Client 7 trained
Client 7 uploaded
Client 8 trained
Client 69 trained
Client 98 trained
Client 49 trained
Client 59 trained
Client 42 trained
Client 52 trained
Client 53 trained
Client 26 trained
Client 8 uploaded
Client 42 uploaded
Client 26 uploaded
Client 49 uploaded
Client 69 uploaded
Client 52 uploaded
Client 59 uploaded
Client 53 uploaded
Client 98 uploaded
Epoch(t): 70 accuracy: 64.86 loss 1.0441990602016449 run_time: 3011.8872723579407
Current clients: 100 , select: 10
| current_epoch 71 |. Begin client select
SchedulerThread select( 10 clients):
74 | 89 | 2 | 97 | 73 | 48 | 61 | 0 | 45 | 38 |
-----------------------------------------------------------------Schedule complete
Client 38 trained
Client 45 trained
Client 0 trained
Client 74 trained
Client 97 trained
Client 48 trained
Client 89 trained
Client 2 trained
Client 73 trained
Client 61 trained
Client 0 uploaded
Client 38 uploaded
Client 2 uploaded
Client 45 uploaded
Client 48 uploaded
Client 74 uploaded
Client 61 uploaded
Client 73 uploaded
Client 89 uploaded
Client 97 uploaded
Epoch(t): 71 accuracy: 65.63 loss 1.0388193690776826 run_time: 3054.7624666690826
Current clients: 100 , select: 10
| current_epoch 72 |. Begin client select
SchedulerThread select( 10 clients):
96 | 49 | 53 | 68 | 95 | 94 | 69 | 77 | 28 | 62 |
-----------------------------------------------------------------Schedule complete
Client 68 trained
Client 62 trained
Client 28 trained
Client 96 trained
Client 69 trained
Client 77 trained
Client 49 trained
Client 94 trained
Client 95 trained
Client 53 trained
Client 28 uploaded
Client 62 uploaded
Client 68 uploaded
Client 49 uploaded
Client 69 uploaded
Client 53 uploaded
Client 77 uploaded
Client 96 uploaded
Client 94 uploaded
Client 95 uploaded
Epoch(t): 72 accuracy: 67.27 loss 0.957115404009819 run_time: 3098.4471492767334
Current clients: 100 , select: 10
| current_epoch 73 |. Begin client select
SchedulerThread select( 10 clients):
28 | 34 | 55 | 62 | 3 | 49 | 43 | 85 | 86 | 51 |
-----------------------------------------------------------------Schedule complete
Client 62 trained
Client 51 trained
Client 28 trained
Client 86 trained
Client 49 trained
Client 85 trained
Client 43 trained
Client 55 trained
Client 34 trained
Client 3 trained
Client 28 uploaded
Client 62 uploaded
Client 51 uploaded
Client 3 uploaded
Client 43 uploaded
Client 49 uploaded
Client 34 uploaded
Client 55 uploaded
Client 86 uploaded
Client 85 uploaded
Epoch(t): 73 accuracy: 64.11 loss 1.0704990470409392 run_time: 3139.52698302269
Current clients: 100 , select: 10
| current_epoch 74 |. Begin client select
SchedulerThread select( 10 clients):
92 | 21 | 59 | 16 | 79 | 68 | 3 | 50 | 75 | 72 |
-----------------------------------------------------------------Schedule complete
Client 68 trained
Client 50 trained
Client 16 trained
Client 75 trained
Client 79 trained
Client 21 trained
Client 92 trained
Client 59 trained
Client 72 trained
Client 3 trained
Client 16 uploaded
Client 3 uploaded
Client 68 uploaded
Client 21 uploaded
Client 50 uploaded
Client 59 uploaded
Client 75 uploaded
Client 79 uploaded
Client 72 uploaded
Client 92 uploaded
Epoch(t): 74 accuracy: 65.56 loss 1.0498622381687164 run_time: 3183.011545419693
Current clients: 100 , select: 10
| current_epoch 75 |. Begin client select
SchedulerThread select( 10 clients):
84 | 3 | 10 | 82 | 54 | 17 | 59 | 23 | 6 | 33 |
-----------------------------------------------------------------Schedule complete
Client 54 trained
Client 23 trained
Client 82 trained
Client 59 trained
Client 10 trained
Client 17 trained
Client 33 trained
Client 6 trained
Client 84 trained
Client 3 trained
Client 23 uploaded
Client 6 uploaded
Client 3 uploaded
Client 10 uploaded
Client 17 uploaded
Client 54 uploaded
Client 33 uploaded
Client 59 uploaded
Client 82 uploaded
Client 84 uploaded
Epoch(t): 75 accuracy: 66.3 loss 1.0165744149684905 run_time: 3224.916305065155
Current clients: 100 , select: 10
| current_epoch 76 |. Begin client select
SchedulerThread select( 10 clients):
48 | 41 | 27 | 58 | 43 | 97 | 35 | 96 | 53 | 32 |
-----------------------------------------------------------------Schedule complete
Client 96 trained
Client 97 trained
Client 58 trained
Client 35 trained
Client 48 trained
Client 43 trained
Client 27 trained
Client 32 trained
Client 53 trained
Client 41 trained
Client 35 uploaded
Client 27 uploaded
Client 32 uploaded
Client 43 uploaded
Client 48 uploaded
Client 58 uploaded
Client 41 uploaded
Client 53 uploaded
Client 96 uploaded
Client 97 uploaded
Epoch(t): 76 accuracy: 66.92 loss 1.000455999970436 run_time: 3269.1485209465027
Current clients: 100 , select: 10
| current_epoch 77 |. Begin client select
SchedulerThread select( 10 clients):
10 | 60 | 2 | 95 | 69 | 6 | 44 | 28 | 83 | 8 |
-----------------------------------------------------------------Schedule complete
Client 28 trained
Client 83 trained
Client 8 trained
Client 69 trained
Client 44 trained
Client 10 trained
Client 60 trained
Client 6 trained
Client 95 trained
Client 2 trained
Client 8 uploaded
Client 2 uploaded
Client 28 uploaded
Client 6 uploaded
Client 10 uploaded
Client 44 uploaded
Client 69 uploaded
Client 60 uploaded
Client 83 uploaded
Client 95 uploaded
Epoch(t): 77 accuracy: 66.13 loss 1.0135979837179183 run_time: 3314.5514776706696
Current clients: 100 , select: 10
| current_epoch 78 |. Begin client select
SchedulerThread select( 10 clients):
99 | 83 | 5 | 96 | 3 | 31 | 25 | 2 | 79 | 19 |
-----------------------------------------------------------------Schedule complete
Client 31 trained
Client 25 trained
Client 96 trained
Client 83 trained
Client 79 trained
Client 5 trained
Client 99 trained
Client 19 trained
Client 2 trained
Client 3 trained
Client 5 uploaded
Client 2 uploaded
Client 3 uploaded
Client 25 uploaded
Client 31 uploaded
Client 19 uploaded
Client 83 uploaded
Client 79 uploaded
Client 96 uploaded
Client 99 uploaded
Epoch(t): 78 accuracy: 66.77 loss 0.9947534483671189 run_time: 3360.9075429439545
Current clients: 100 , select: 10
| current_epoch 79 |. Begin client select
SchedulerThread select( 10 clients):
30 | 16 | 60 | 85 | 14 | 72 | 27 | 59 | 89 | 32 |
-----------------------------------------------------------------Schedule complete
Client 16 trained
Client 32 trained
Client 30 trained
Client 60 trained
Client 59 trained
Client 85 trained
Client 89 trained
Client 27 trained
Client 72 trained
Client 14 trained
Client 16 uploaded
Client 32 uploaded
Client 14 uploaded
Client 30 uploaded
Client 27 uploaded
Client 60 uploaded
Client 59 uploaded
Client 72 uploaded
Client 85 uploaded
Client 89 uploaded
Epoch(t): 79 accuracy: 67.51 loss 0.9635738074779511 run_time: 3406.9286317825317
Current clients: 100 , select: 10
| current_epoch 80 |. Begin client select
SchedulerThread select( 10 clients):
98 | 47 | 21 | 77 | 95 | 91 | 14 | 99 | 20 | 39 |
-----------------------------------------------------------------Schedule complete
Client 20 trained
Client 77 trained
Client 98 trained
Client 21 trained
Client 99 trained
Client 95 trained
Client 91 trained
Client 47 trained
Client 14 trained
Client 39 trained
Client 20 uploaded
Client 21 uploaded
Client 14 uploaded
Client 39 uploaded
Client 47 uploaded
Client 77 uploaded
Client 98 uploaded
Client 95 uploaded
Client 91 uploaded
Client 99 uploaded
Epoch(t): 80 accuracy: 65.15 loss 1.0272438144683838 run_time: 3455.47221493721
Current clients: 100 , select: 10
| current_epoch 81 |. Begin client select
SchedulerThread select( 10 clients):
13 | 74 | 3 | 39 | 73 | 86 | 48 | 50 | 91 | 25 |
-----------------------------------------------------------------Schedule complete
Client 13 trained
Client 50 trained
Client 74 trained
Client 25 trained
Client 86 trained
Client 48 trained
Client 73 trained
Client 91 trained
Client 39 trained
Client 3 trained
Client 13 uploaded
Client 25 uploaded
Client 3 uploaded
Client 50 uploaded
Client 48 uploaded
Client 39 uploaded
Client 74 uploaded
Client 86 uploaded
Client 73 uploaded
Client 91 uploaded
Epoch(t): 81 accuracy: 65.75 loss 1.0285306429862977 run_time: 3500.588361263275
Current clients: 100 , select: 10
| current_epoch 82 |. Begin client select
SchedulerThread select( 10 clients):
9 | 75 | 88 | 80 | 31 | 13 | 89 | 98 | 38 | 87 |
-----------------------------------------------------------------Schedule complete
Client 38 trained
Client 13 trained
Client 31 trained
Client 80 trained
Client 88 trained
Client 9 trained
Client 75 trained
Client 98 trained
Client 89 trained
Client 87 trained
Client 13 uploaded
Client 38 uploaded
Client 9 uploaded
Client 31 uploaded
Client 80 uploaded
Client 75 uploaded
Client 88 uploaded
Client 87 uploaded
Client 89 uploaded
Client 98 uploaded
Epoch(t): 82 accuracy: 67.01 loss 0.9758263272047043 run_time: 3543.361413002014
Current clients: 100 , select: 10
| current_epoch 83 |. Begin client select
SchedulerThread select( 10 clients):
76 | 15 | 72 | 5 | 44 | 68 | 54 | 84 | 47 | 8 |
-----------------------------------------------------------------Schedule complete
Client 15 trained
Client 68 trained
Client 8 trained
Client 76 trained
Client 54 trained
Client 5 trained
Client 44 trained
Client 72 trained
Client 84 trained
Client 47 trained
Client 15 uploaded
Client 5 uploaded
Client 8 uploaded
Client 68 uploaded
Client 44 uploaded
Client 54 uploaded
Client 47 uploaded
Client 76 uploaded
Client 72 uploaded
Client 84 uploaded
Epoch(t): 83 accuracy: 66.4 loss 0.9757373654842376 run_time: 3581.811841726303
Current clients: 100 , select: 10
| current_epoch 84 |. Begin client select
SchedulerThread select( 10 clients):
64 | 82 | 43 | 1 | 53 | 62 | 13 | 55 | 46 | 81 |
-----------------------------------------------------------------Schedule complete
Client 62 trained
Client 13 trained
Client 64 trained
Client 46 trained
Client 81 trained
Client 43 trained
Client 82 trained
Client 1 trained
Client 55 trained
Client 53 trained
Client 13 uploaded
Client 1 uploaded
Client 62 uploaded
Client 43 uploaded
Client 46 uploaded
Client 64 uploaded
Client 53 uploaded
Client 55 uploaded
Client 81 uploaded
Client 82 uploaded
Epoch(t): 84 accuracy: 66.45 loss 0.9917706608772278 run_time: 3619.8334770202637
Current clients: 100 , select: 10
| current_epoch 85 |. Begin client select
SchedulerThread select( 10 clients):
58 | 90 | 19 | 55 | 22 | 93 | 66 | 83 | 34 | 78 |
-----------------------------------------------------------------Schedule complete
Client 93 trained
Client 83 trained
Client 58 trained
Client 22 trained
Client 90 trained
Client 19 trained
Client 78 trained
Client 34 trained
Client 55 trained
Client 66 trained
Client 22 uploaded
Client 19 uploaded
Client 34 uploaded
Client 58 uploaded
Client 83 uploaded
Client 93 uploaded
Client 55 uploaded
Client 66 uploaded
Client 78 uploaded
Client 90 uploaded
Epoch(t): 85 accuracy: 66.83 loss 0.9650831770896912 run_time: 3664.43168926239
Current clients: 100 , select: 10
| current_epoch 86 |. Begin client select
SchedulerThread select( 10 clients):
68 | 99 | 61 | 59 | 55 | 93 | 75 | 34 | 41 | 31 |
-----------------------------------------------------------------Schedule complete
Client 68 trained
Client 93 trained
Client 31 trained
Client 75 trained
Client 99 trained
Client 59 trained
Client 61 trained
Client 55 trained
Client 34 trained
Client 41 trained
Client 31 uploaded
Client 68 uploaded
Client 34 uploaded
Client 41 uploaded
Client 75 uploaded
Client 59 uploaded
Client 55 uploaded
Client 61 uploaded
Client 93 uploaded
Client 99 uploaded
Epoch(t): 86 accuracy: 67.11 loss 0.9774481076002121 run_time: 3708.45486164093
Current clients: 100 , select: 10
| current_epoch 87 |. Begin client select
SchedulerThread select( 10 clients):
11 | 35 | 57 | 31 | 96 | 59 | 72 | 78 | 85 | 48 |
-----------------------------------------------------------------Schedule complete
Client 11 trained
Client 57 trained
Client 96 trained
Client 31 trained
Client 35 trained
Client 48 trained
Client 11 uploaded
Client 59 trained
Client 85 trained
Client 72 trained
Client 78 trained
Client 31 uploaded
Client 57 uploaded
Client 35 uploaded
Client 48 uploaded
Client 59 uploaded
Client 72 uploaded
Client 78 uploaded
Client 85 uploaded
Client 96 uploaded
Epoch(t): 87 accuracy: 68.14 loss 0.9537709832191468 run_time: 3749.7759239673615
Current clients: 100 , select: 10
| current_epoch 88 |. Begin client select
SchedulerThread select( 10 clients):
43 | 3 | 63 | 41 | 23 | 62 | 27 | 45 | 33 | 35 |
-----------------------------------------------------------------Schedule complete
Client 62 trained
Client 23 trained
Client 45 trained
Client 35 trained
Client 63 trained
Client 43 trained
Client 33 trained
Client 27 trained
Client 3 trained
Client 41 trained
Client 23 uploaded
Client 62 uploaded
Client 3 uploaded
Client 45 uploaded
Client 35 uploaded
Client 27 uploaded
Client 33 uploaded
Client 43 uploaded
Client 41 uploaded
Client 63 uploaded
Epoch(t): 88 accuracy: 67.23 loss 1.0011512756347656 run_time: 3786.1343331336975
Current clients: 100 , select: 10
| current_epoch 89 |. Begin client select
SchedulerThread select( 10 clients):
76 | 89 | 35 | 71 | 1 | 66 | 24 | 10 | 30 | 92 |
-----------------------------------------------------------------Schedule complete
Client 24 trained
Client 71 trained
Client 76 trained
Client 35 trained
Client 10 trained
Client 92 trained
Client 30 trained
Client 89 trained
Client 1 trained
Client 66 trained
Client 1 uploaded
Client 24 uploaded
Client 10 uploaded
Client 35 uploaded
Client 30 uploaded
Client 71 uploaded
Client 76 uploaded
Client 66 uploaded
Client 89 uploaded
Client 92 uploaded
Epoch(t): 89 accuracy: 65.93 loss 1.0108339941501618 run_time: 3831.082175016403
Current clients: 100 , select: 10
| current_epoch 90 |. Begin client select
SchedulerThread select( 10 clients):
52 | 62 | 71 | 97 | 30 | 88 | 60 | 82 | 91 | 57 |
-----------------------------------------------------------------Schedule complete
Client 62 trained
Client 88 trained
Client 57 trained
Client 71 trained
Client 97 trained
Client 82 trained
Client 30 trained
Client 60 trained
Client 52 trained
Client 91 trained
Client 62 uploaded
Client 30 uploaded
Client 57 uploaded
Client 52 uploaded
Client 71 uploaded
Client 60 uploaded
Client 88 uploaded
Client 82 uploaded
Client 97 uploaded
Client 91 uploaded
Epoch(t): 90 accuracy: 65.84 loss 1.0156365710496902 run_time: 3875.3838410377502
Current clients: 100 , select: 10
| current_epoch 91 |. Begin client select
SchedulerThread select( 10 clients):
2 | 11 | 37 | 28 | 51 | 88 | 31 | 39 | 84 | 74 |
-----------------------------------------------------------------Schedule complete
Client 11 trained
Client 88 trained
Client 51 trained
Client 28 trained
Client 74 trained
Client 37 trained
Client 31 trained
Client 2 trained
Client 84 trained
Client 39 trained
Client 11 uploaded
Client 2 uploaded
Client 28 uploaded
Client 51 uploaded
Client 31 uploaded
Client 37 uploaded
Client 39 uploaded
Client 74 uploaded
Client 88 uploaded
Client 84 uploaded
Epoch(t): 91 accuracy: 67.36 loss 0.9841835939884186 run_time: 3913.9362363815308
Current clients: 100 , select: 10
| current_epoch 92 |. Begin client select
SchedulerThread select( 10 clients):
47 | 60 | 70 | 67 | 44 | 54 | 95 | 42 | 45 | 89 |
-----------------------------------------------------------------Schedule complete
Client 45 trained
Client 54 trained
Client 44 trained
Client 67 trained
Client 60 trained
Client 42 trained
Client 89 trained
Client 95 trained
Client 47 trained
Client 70 trained
Client 45 uploaded
Client 54 uploaded
Client 44 uploaded
Client 42 uploaded
Client 47 uploaded
Client 60 uploaded
Client 67 uploaded
Client 70 uploaded
Client 89 uploaded
Client 95 uploaded
Epoch(t): 92 accuracy: 66.56 loss 1.0138072645664216 run_time: 3961.1122710704803
Current clients: 100 , select: 10
| current_epoch 93 |. Begin client select
SchedulerThread select( 10 clients):
58 | 34 | 39 | 32 | 29 | 15 | 92 | 24 | 40 | 95 |
-----------------------------------------------------------------Schedule complete
Client 15 trained
Client 24 trained
Client 40 trained
Client 58 trained
Client 92 trained
Client 32 trained
Client 95 trained
Client 15 uploaded
Client 34 trained
Client 39 trained
Client 29 trained
Client 24 uploaded
Client 40 uploaded
Client 32 uploaded
Client 58 uploaded
Client 34 uploaded
Client 29 uploaded
Client 39 uploaded
Client 92 uploaded
Client 95 uploaded
Epoch(t): 93 accuracy: 65.23 loss 1.0553463590145111 run_time: 4007.374600172043
Current clients: 100 , select: 10
| current_epoch 94 |. Begin client select
SchedulerThread select( 10 clients):
68 | 97 | 88 | 23 | 24 | 27 | 94 | 61 | 35 | 92 |
-----------------------------------------------------------------Schedule complete
Client 68 trained
Client 88 trained
Client 24 trained
Client 23 trained
Client 97 trained
Client 35 trained
Client 92 trained
Client 61 trained
Client 27 trained
Client 94 trained
Client 24 uploaded
Client 23 uploaded
Client 68 uploaded
Client 27 uploaded
Client 35 uploaded
Client 61 uploaded
Client 88 uploaded
Client 92 uploaded
Client 97 uploaded
Client 94 uploaded
Epoch(t): 94 accuracy: 67.14 loss 0.9971487271785736 run_time: 4051.7497992515564
Current clients: 100 , select: 10
| current_epoch 95 |. Begin client select
SchedulerThread select( 10 clients):
75 | 97 | 67 | 76 | 36 | 12 | 24 | 37 | 29 | 46 |
-----------------------------------------------------------------Schedule complete
Client 24 trained
Client 37 trained
Client 76 trained
Client 75 trained
Client 97 trained
Client 46 trained
Client 67 trained
Client 36 trained
Client 12 trained
Client 29 trained
Client 24 uploaded
Client 12 uploaded
Client 37 uploaded
Client 36 uploaded
Client 29 uploaded
Client 46 uploaded
Client 67 uploaded
Client 76 uploaded
Client 75 uploaded
Client 97 uploaded
Epoch(t): 95 accuracy: 64.1 loss 1.1235334938764572 run_time: 4096.015716791153
Current clients: 100 , select: 10
| current_epoch 96 |. Begin client select
SchedulerThread select( 10 clients):
22 | 38 | 1 | 90 | 68 | 16 | 35 | 5 | 6 | 70 |
-----------------------------------------------------------------Schedule complete
Client 38 trained
Client 68 trained
Client 16 trained
Client 5 trained
Client 35 trained
Client 90 trained
Client 6 trained
Client 22 trained
Client 70 trained
Client 1 trained
Client 38 uploaded
Client 5 uploaded
Client 1 uploaded
Client 16 uploaded
Client 6 uploaded
Client 68 uploaded
Client 35 uploaded
Client 22 uploaded
Client 70 uploaded
Client 90 uploaded
Epoch(t): 96 accuracy: 67.94 loss 0.9348661553859711 run_time: 4136.196523666382
Current clients: 100 , select: 10
| current_epoch 97 |. Begin client select
SchedulerThread select( 10 clients):
37 | 89 | 16 | 81 | 96 | 62 | 13 | 1 | 73 | 36 |
-----------------------------------------------------------------Schedule complete
Client 62 trained
Client 37 trained
Client 13 trained
Client 96 trained
Client 16 trained
Client 36 trained
Client 81 trained
Client 89 trained
Client 73 trained
Client 1 trained
Client 13 uploaded
Client 1 uploaded
Client 16 uploaded
Client 37 uploaded
Client 62 uploaded
Client 36 uploaded
Client 73 uploaded
Client 81 uploaded
Client 89 uploaded
Client 96 uploaded
Epoch(t): 97 accuracy: 66.74 loss 0.995013028383255 run_time: 4178.360674381256
Current clients: 100 , select: 10
| current_epoch 98 |. Begin client select
SchedulerThread select( 10 clients):
60 | 61 | 56 | 43 | 23 | 6 | 32 | 14 | 8 | 51 |
-----------------------------------------------------------------Schedule complete
Client 51 trained
Client 23 trained
Client 8 trained
Client 56 trained
Client 43 trained
Client 32 trained
Client 60 trained
Client 6 trained
Client 61 trained
Client 14 trained
Client 8 uploaded
Client 23 uploaded
Client 6 uploaded
Client 51 uploaded
Client 14 uploaded
Client 32 uploaded
Client 43 uploaded
Client 56 uploaded
Client 60 uploaded
Client 61 uploaded
Epoch(t): 98 accuracy: 67.32 loss 0.9746060222387314 run_time: 4215.333049535751
Current clients: 100 , select: 10
| current_epoch 99 |. Begin client select
SchedulerThread select( 10 clients):
62 | 9 | 73 | 80 | 87 | 6 | 19 | 72 | 38 | 10 |
-----------------------------------------------------------------Schedule complete
Client 38 trained
Client 62 trained
Client 80 trained
Client 9 trained
Client 10 trained
Client 6 trained
Client 72 trained
Client 19 trained
Client 73 trained
Client 87 trained
Client 38 uploaded
Client 9 uploaded
Client 10 uploaded
Client 6 uploaded
Client 62 uploaded
Client 19 uploaded
Client 80 uploaded
Client 72 uploaded
Client 73 uploaded
Client 87 uploaded
Epoch(t): 99 accuracy: 66.04 loss 1.0234109199047088 run_time: 4258.035254240036
Current clients: 100 , select: 10
| current_epoch 100 |. Begin client select
SchedulerThread select( 10 clients):
31 | 15 | 71 | 97 | 53 | 77 | 76 | 79 | 28 | 99 |
-----------------------------------------------------------------Schedule complete
Client 15 trained
Client 28 trained
Client 71 trained
Client 31 trained
Client 77 trained
Client 97 trained
Client 79 trained
Client 76 trained
Client 99 trained
Client 53 trained
Client 15 uploaded
Client 28 uploaded
Client 31 uploaded
Client 53 uploaded
Client 71 uploaded
Client 77 uploaded
Client 79 uploaded
Client 76 uploaded
Client 97 uploaded
Client 99 uploaded
Epoch(t): 100 accuracy: 68.56 loss 0.9328868538141251 run_time: 4302.34569978714
Current clients: 100 , select: 10
| current_epoch 101 |. Begin client select
SchedulerThread select( 10 clients):
66 | 48 | 57 | 56 | 38 | 75 | 54 | 39 | 72 | 79 |
-----------------------------------------------------------------Schedule complete
Client 38 trained
Client 75 trained
Client 79 trained
Client 54 trained
Client 57 trained
Client 56 trained
Client 48 trained
Client 72 trained
Client 39 trained
Client 66 trained
Client 38 uploaded
Client 54 uploaded
Client 57 uploaded
Client 48 uploaded
Client 39 uploaded
Client 75 uploaded
Client 56 uploaded
Client 79 uploaded
Client 66 uploaded
Client 72 uploaded
Epoch(t): 101 accuracy: 66.02 loss 1.0349442154169082 run_time: 4340.745346784592
Current clients: 100 , select: 10
| current_epoch 102 |. Begin client select
SchedulerThread select( 10 clients):
7 | 78 | 94 | 12 | 97 | 26 | 80 | 27 | 33 | 84 |
-----------------------------------------------------------------Schedule complete
Client 7 trained
Client 7 uploaded
Client 80 trained
Client 97 trained
Client 12 trained
Client 33 trained
Client 94 trained
Client 27 trained
Client 84 trained
Client 78 trained
Client 26 trained
Client 12 uploaded
Client 27 uploaded
Client 33 uploaded
Client 26 uploaded
Client 80 uploaded
Client 78 uploaded
Client 84 uploaded
Client 97 uploaded
Client 94 uploaded
Epoch(t): 102 accuracy: 67.87 loss 0.9608698529005051 run_time: 4386.806902885437
Current clients: 100 , select: 10
| current_epoch 103 |. Begin client select
SchedulerThread select( 10 clients):
10 | 20 | 30 | 22 | 70 | 9 | 0 | 52 | 57 | 88 |
-----------------------------------------------------------------Schedule complete
Client 88 trained
Client 57 trained
Client 20 trained
Client 9 trained
Client 0 trained
Client 10 trained
Client 30 trained
Client 22 trained
Client 52 trained
Client 70 trained
Client 0 uploaded
Client 20 uploaded
Client 9 uploaded
Client 10 uploaded
Client 22 uploaded
Client 30 uploaded
Client 57 uploaded
Client 52 uploaded
Client 88 uploaded
Client 70 uploaded
Epoch(t): 103 accuracy: 66.95 loss 1.01720683157444 run_time: 4424.447731256485
Current clients: 100 , select: 10
| current_epoch 104 |. Begin client select
SchedulerThread select( 10 clients):
76 | 60 | 37 | 4 | 29 | 36 | 90 | 89 | 58 | 9 |
-----------------------------------------------------------------Schedule complete
Client 37 trained
Client 76 trained
Client 9 trained
Client 36 trained
Client 58 trained
Client 4 trained
Client 60 trained
Client 90 trained
Client 89 trained
Client 29 trained
Client 9 uploaded
Client 4 uploaded
Client 37 uploaded
Client 36 uploaded
Client 29 uploaded
Client 58 uploaded
Client 60 uploaded
Client 76 uploaded
Client 90 uploaded
Client 89 uploaded
Epoch(t): 104 accuracy: 66.27 loss 1.0632872945070266 run_time: 4468.002954483032
Current clients: 100 , select: 10
| current_epoch 105 |. Begin client select
SchedulerThread select( 10 clients):
87 | 29 | 33 | 80 | 75 | 84 | 25 | 54 | 14 | 69 |
-----------------------------------------------------------------Schedule complete
Client 54 trained
Client 80 trained
Client 75 trained
Client 25 trained
Client 69 trained
Client 33 trained
Client 84 trained
Client 87 trained
Client 29 trained
Client 14 trained
Client 25 uploaded
Client 54 uploaded
Client 14 uploaded
Client 33 uploaded
Client 29 uploaded
Client 69 uploaded
Client 75 uploaded
Client 80 uploaded
Client 84 uploaded
Client 87 uploaded
Epoch(t): 105 accuracy: 69.29 loss 0.9274942046403885 run_time: 4513.061372518539
Current clients: 100 , select: 10
| current_epoch 106 |. Begin client select
SchedulerThread select( 10 clients):
28 | 82 | 19 | 34 | 18 | 9 | 7 | 21 | 39 | 76 |
-----------------------------------------------------------------Schedule complete
Client 7 trained
Client 28 trained
Client 7 uploaded
Client 76 trained
Client 9 trained
Client 82 trained
Client 21 trained
Client 19 trained
Client 34 trained
Client 39 trained
Client 18 trained
Client 28 uploaded
Client 9 uploaded
Client 21 uploaded
Client 19 uploaded
Client 18 uploaded
Client 34 uploaded
Client 76 uploaded
Client 39 uploaded
Client 82 uploaded
Epoch(t): 106 accuracy: 69.18 loss 0.9077937453985214 run_time: 4550.828171253204
Current clients: 100 , select: 10
| current_epoch 107 |. Begin client select
SchedulerThread select( 10 clients):
95 | 72 | 36 | 56 | 15 | 59 | 88 | 38 | 89 | 51 |
-----------------------------------------------------------------Schedule complete
Client 38 trained
Client 15 trained
Client 88 trained
Client 51 trained
Client 36 trained
Client 56 trained
Client 89 trained
Client 59 trained
Client 72 trained
Client 95 trained
Client 15 uploaded
Client 38 uploaded
Client 36 uploaded
Client 51 uploaded
Client 56 uploaded
Client 59 uploaded
Client 88 uploaded
Client 72 uploaded
Client 89 uploaded
Client 95 uploaded
Epoch(t): 107 accuracy: 68.07 loss 0.9628719878196716 run_time: 4594.410904169083
Current clients: 100 , select: 10
| current_epoch 108 |. Begin client select
SchedulerThread select( 10 clients):
34 | 64 | 69 | 63 | 56 | 10 | 76 | 5 | 55 | 94 |
-----------------------------------------------------------------Schedule complete
Client 64 trained
Client 76 trained
Client 5 trained
Client 69 trained
Client 10 trained
Client 56 trained
Client 94 trained
Client 63 trained
Client 34 trained
Client 55 trained
Client 5 uploaded
Client 10 uploaded
Client 64 uploaded
Client 34 uploaded
Client 56 uploaded
Client 76 uploaded
Client 69 uploaded
Client 55 uploaded
Client 63 uploaded
Client 94 uploaded
Epoch(t): 108 accuracy: 69.17 loss 0.9190383082628251 run_time: 4640.012580871582
Current clients: 100 , select: 10
| current_epoch 109 |. Begin client select
SchedulerThread select( 10 clients):
41 | 77 | 32 | 3 | 11 | 29 | 86 | 73 | 75 | 2 |
-----------------------------------------------------------------Schedule complete
Client 11 trained
Client 77 trained
Client 75 trained
Client 86 trained
Client 32 trained
Client 11 uploaded
Client 73 trained
Client 2 trained
Client 41 trained
Client 29 trained
Client 3 trained
Client 2 uploaded
Client 3 uploaded
Client 32 uploaded
Client 29 uploaded
Client 75 uploaded
Client 41 uploaded
Client 77 uploaded
Client 86 uploaded
Client 73 uploaded
Epoch(t): 109 accuracy: 67.25 loss 1.0142409670352937 run_time: 4679.308454036713
Current clients: 100 , select: 10
| current_epoch 110 |. Begin client select
SchedulerThread select( 10 clients):
97 | 86 | 34 | 73 | 5 | 96 | 22 | 60 | 66 | 83 |
-----------------------------------------------------------------Schedule complete
Client 96 trained
Client 83 trained
Client 5 trained
Client 97 trained
Client 86 trained
Client 22 trained
Client 60 trained
Client 73 trained
Client 34 trained
Client 66 trained
Client 5 uploaded
Client 22 uploaded
Client 34 uploaded
Client 60 uploaded
Client 83 uploaded
Client 66 uploaded
Client 73 uploaded
Client 86 uploaded
Client 96 uploaded
Client 97 uploaded
Epoch(t): 110 accuracy: 66.81 loss 1.0025984680652618 run_time: 4725.003135442734
Current clients: 100 , select: 10
| current_epoch 111 |. Begin client select
SchedulerThread select( 10 clients):
56 | 35 | 23 | 74 | 55 | 81 | 62 | 11 | 60 | 44 |
-----------------------------------------------------------------Schedule complete
Client 11 trained
Client 62 trained
Client 23 trained
Client 74 trained
Client 81 trained
Client 56 trained
Client 35 trained
Client 44 trained
Client 60 trained
Client 11 uploaded
Client 55 trained
Client 23 uploaded
Client 62 uploaded
Client 35 uploaded
Client 44 uploaded
Client 56 uploaded
Client 60 uploaded
Client 55 uploaded
Client 74 uploaded
Client 81 uploaded
Epoch(t): 111 accuracy: 67.09 loss 1.0244151991605759 run_time: 4762.203715085983
Current clients: 100 , select: 10
| current_epoch 112 |. Begin client select
SchedulerThread select( 10 clients):
52 | 42 | 41 | 85 | 13 | 20 | 88 | 63 | 36 | 84 |
-----------------------------------------------------------------Schedule complete
Client 88 trained
Client 20 trained
Client 13 trained
Client 36 trained
Client 63 trained
Client 42 trained
Client 85 trained
Client 52 trained
Client 84 trained
Client 41 trained
Client 13 uploaded
Client 20 uploaded
Client 36 uploaded
Client 42 uploaded
Client 41 uploaded
Client 88 uploaded
Client 52 uploaded
Client 63 uploaded
Client 85 uploaded
Client 84 uploaded
Epoch(t): 112 accuracy: 68.77 loss 0.9750621891021729 run_time: 4804.059241533279
Current clients: 100 , select: 10
| current_epoch 113 |. Begin client select
SchedulerThread select( 10 clients):
51 | 97 | 70 | 4 | 58 | 11 | 40 | 32 | 41 | 14 |
-----------------------------------------------------------------Schedule complete
Client 11 trained
Client 51 trained
Client 40 trained
Client 97 trained
Client 58 trained
Client 32 trained
Client 4 trained
Client 11 uploaded
Client 41 trained
Client 70 trained
Client 14 trained
Client 4 uploaded
Client 40 uploaded
Client 51 uploaded
Client 14 uploaded
Client 32 uploaded
Client 41 uploaded
Client 58 uploaded
Client 70 uploaded
Client 97 uploaded
Epoch(t): 113 accuracy: 66.12 loss 1.0690801244974137 run_time: 4846.788383960724
Current clients: 100 , select: 10
| current_epoch 114 |. Begin client select
SchedulerThread select( 10 clients):
98 | 51 | 65 | 0 | 84 | 69 | 59 | 52 | 6 | 24 |
-----------------------------------------------------------------Schedule complete
Client 24 trained
Client 51 trained
Client 0 trained
Client 98 trained
Client 69 trained
Client 6 trained
Client 59 trained
Client 84 trained
Client 52 trained
Client 65 trained
Client 0 uploaded
Client 24 uploaded
Client 6 uploaded
Client 51 uploaded
Client 52 uploaded
Client 59 uploaded
Client 69 uploaded
Client 65 uploaded
Client 84 uploaded
Client 98 uploaded
Epoch(t): 114 accuracy: 68.15 loss 0.9794182533025741 run_time: 4892.7126288414
Current clients: 100 , select: 10
| current_epoch 115 |. Begin client select
SchedulerThread select( 10 clients):
66 | 46 | 79 | 96 | 63 | 80 | 56 | 97 | 6 | 26 |
-----------------------------------------------------------------Schedule complete
Client 80 trained
Client 96 trained
Client 97 trained
Client 79 trained
Client 46 trained
Client 56 trained
Client 6 trained
Client 63 trained
Client 66 trained
Client 26 trained
Client 6 uploaded
Client 46 uploaded
Client 26 uploaded
Client 56 uploaded
Client 80 uploaded
Client 63 uploaded
Client 79 uploaded
Client 66 uploaded
Client 96 uploaded
Client 97 uploaded
Epoch(t): 115 accuracy: 68.21 loss 0.9629319489002228 run_time: 4937.234934091568
Current clients: 100 , select: 10
| current_epoch 116 |. Begin client select
SchedulerThread select( 10 clients):
34 | 70 | 16 | 36 | 56 | 89 | 62 | 15 | 3 | 80 |
-----------------------------------------------------------------Schedule complete
Client 62 trained
Client 15 trained
Client 80 trained
Client 16 trained
Client 36 trained
Client 56 trained
Client 89 trained
Client 34 trained
Client 70 trained
Client 3 trained
Client 15 uploaded
Client 16 uploaded
Client 3 uploaded
Client 62 uploaded
Client 36 uploaded
Client 34 uploaded
Client 56 uploaded
Client 80 uploaded
Client 70 uploaded
Client 89 uploaded
Epoch(t): 116 accuracy: 67.84 loss 0.9770288354158402 run_time: 4978.776437044144
Current clients: 100 , select: 10
| current_epoch 117 |. Begin client select
SchedulerThread select( 10 clients):
77 | 30 | 90 | 20 | 39 | 70 | 1 | 52 | 11 | 28 |
-----------------------------------------------------------------Schedule complete
Client 11 trained
Client 20 trained
Client 28 trained
Client 77 trained
Client 90 trained
Client 30 trained
Client 11 uploaded
Client 52 trained
Client 1 trained
Client 70 trained
Client 39 trained
Client 20 uploaded
Client 1 uploaded
Client 28 uploaded
Client 30 uploaded
Client 39 uploaded
Client 77 uploaded
Client 52 uploaded
Client 70 uploaded
Client 90 uploaded
Epoch(t): 117 accuracy: 68.98 loss 0.9405557531118393 run_time: 5020.294196605682
Current clients: 100 , select: 10
| current_epoch 118 |. Begin client select
SchedulerThread select( 10 clients):
14 | 59 | 15 | 82 | 19 | 63 | 91 | 37 | 65 | 90 |
-----------------------------------------------------------------Schedule complete
Client 15 trained
Client 37 trained
Client 82 trained
Client 90 trained
Client 59 trained
Client 15 uploaded
Client 63 trained
Client 19 trained
Client 91 trained
Client 65 trained
Client 14 trained
Client 37 uploaded
Client 14 uploaded
Client 19 uploaded
Client 59 uploaded
Client 63 uploaded
Client 82 uploaded
Client 65 uploaded
Client 90 uploaded
Client 91 uploaded
Epoch(t): 118 accuracy: 67.63 loss 0.9754834693670272 run_time: 5067.690123081207
Current clients: 100 , select: 10
| current_epoch 119 |. Begin client select
SchedulerThread select( 10 clients):
34 | 53 | 61 | 60 | 31 | 58 | 70 | 18 | 49 | 24 |
-----------------------------------------------------------------Schedule complete
Client 24 trained
Client 31 trained
Client 49 trained
Client 58 trained
Client 60 trained
Client 34 trained
Client 70 trained
Client 61 trained
Client 18 trained
Client 53 trained
Client 24 uploaded
Client 31 uploaded
Client 18 uploaded
Client 49 uploaded
Client 34 uploaded
Client 58 uploaded
Client 60 uploaded
Client 53 uploaded
Client 61 uploaded
Client 70 uploaded
Epoch(t): 119 accuracy: 68.51 loss 0.970752277970314 run_time: 5109.712770938873
Current clients: 100 , select: 10
| current_epoch 120 |. Begin client select
SchedulerThread select( 10 clients):
76 | 65 | 95 | 17 | 8 | 35 | 98 | 53 | 43 | 64 |
-----------------------------------------------------------------Schedule complete
Client 64 trained
Client 8 trained
Client 76 trained
Client 35 trained
Client 17 trained
Client 43 trained
Client 98 trained
Client 95 trained
Client 65 trained
Client 53 trained
Client 8 uploaded
Client 17 uploaded
Client 35 uploaded
Client 64 uploaded
Client 43 uploaded
Client 53 uploaded
Client 76 uploaded
Client 65 uploaded
Client 98 uploaded
Client 95 uploaded
Epoch(t): 120 accuracy: 68.54 loss 0.9646888607740403 run_time: 5154.541631937027
Current clients: 100 , select: 10
| current_epoch 121 |. Begin client select
SchedulerThread select( 10 clients):
34 | 0 | 36 | 92 | 38 | 75 | 74 | 84 | 62 | 19 |
-----------------------------------------------------------------Schedule complete
Client 38 trained
Client 62 trained
Client 74 trained
Client 0 trained
Client 75 trained
Client 36 trained
Client 92 trained
Client 19 trained
Client 84 trained
Client 34 trained
Client 0 uploaded
Client 38 uploaded
Client 62 uploaded
Client 19 uploaded
Client 36 uploaded
Client 34 uploaded
Client 74 uploaded
Client 75 uploaded
Client 84 uploaded
Client 92 uploaded
Epoch(t): 121 accuracy: 69.14 loss 0.9176261657476426 run_time: 5197.241664409637
Current clients: 100 , select: 10
| current_epoch 122 |. Begin client select
SchedulerThread select( 10 clients):
57 | 68 | 61 | 44 | 42 | 70 | 97 | 69 | 48 | 58 |
-----------------------------------------------------------------Schedule complete
Client 68 trained
Client 97 trained
Client 57 trained
Client 69 trained
Client 58 trained
Client 48 trained
Client 44 trained
Client 42 trained
Client 61 trained
Client 70 trained
Client 68 uploaded
Client 44 uploaded
Client 42 uploaded
Client 48 uploaded
Client 57 uploaded
Client 58 uploaded
Client 69 uploaded
Client 61 uploaded
Client 70 uploaded
Client 97 uploaded
Epoch(t): 122 accuracy: 69.79 loss 0.9293280935287476 run_time: 5240.3149518966675
Current clients: 100 , select: 10
| current_epoch 123 |. Begin client select
SchedulerThread select( 10 clients):
41 | 24 | 89 | 30 | 73 | 49 | 29 | 99 | 52 | 5 |
-----------------------------------------------------------------Schedule complete
Client 24 trained
Client 99 trained
Client 5 trained
Client 49 trained
Client 89 trained
Client 30 trained
Client 52 trained
Client 73 trained
Client 41 trained
Client 29 trained
Client 5 uploaded
Client 24 uploaded
Client 30 uploaded
Client 29 uploaded
Client 49 uploaded
Client 41 uploaded
Client 52 uploaded
Client 73 uploaded
Client 89 uploaded
Client 99 uploaded
Epoch(t): 123 accuracy: 68.65 loss 0.9774117213487625 run_time: 5286.3880343437195
Current clients: 100 , select: 10
| current_epoch 124 |. Begin client select
SchedulerThread select( 10 clients):
40 | 95 | 60 | 90 | 48 | 49 | 84 | 83 | 19 | 63 |
-----------------------------------------------------------------Schedule complete
Client 40 trained
Client 83 trained
Client 49 trained
Client 48 trained
Client 60 trained
Client 90 trained
Client 63 trained
Client 19 trained
Client 95 trained
Client 84 trained
Client 40 uploaded
Client 19 uploaded
Client 49 uploaded
Client 48 uploaded
Client 60 uploaded
Client 83 uploaded
Client 63 uploaded
Client 84 uploaded
Client 90 uploaded
Client 95 uploaded
Epoch(t): 124 accuracy: 69.05 loss 0.9548894762992859 run_time: 5333.993586540222
Current clients: 100 , select: 10
| current_epoch 125 |. Begin client select
SchedulerThread select( 10 clients):
4 | 16 | 64 | 75 | 42 | 12 | 56 | 67 | 58 | 1 |
-----------------------------------------------------------------Schedule complete
Client 75 trained
Client 64 trained
Client 16 trained
Client 56 trained
Client 58 trained
Client 67 trained
Client 12 trained
Client 42 trained
Client 4 trained
Client 1 trained
Client 16 uploaded
Client 1 uploaded
Client 4 uploaded
Client 12 uploaded
Client 64 uploaded
Client 42 uploaded
Client 56 uploaded
Client 75 uploaded
Client 58 uploaded
Client 67 uploaded
Epoch(t): 125 accuracy: 65.48 loss 1.0927173990011214 run_time: 5372.432607412338
Current clients: 100 , select: 10
| current_epoch 126 |. Begin client select
SchedulerThread select( 10 clients):
92 | 18 | 52 | 83 | 19 | 9 | 60 | 33 | 43 | 79 |
-----------------------------------------------------------------Schedule complete
Client 83 trained
Client 9 trained
Client 79 trained
Client 43 trained
Client 60 trained
Client 92 trained
Client 33 trained
Client 19 trained
Client 52 trained
Client 18 trained
Client 9 uploaded
Client 19 uploaded
Client 43 uploaded
Client 18 uploaded
Client 33 uploaded
Client 52 uploaded
Client 60 uploaded
Client 83 uploaded
Client 79 uploaded
Client 92 uploaded
Epoch(t): 126 accuracy: 67.48 loss 1.0013959282636642 run_time: 5418.273442983627
Current clients: 100 , select: 10
| current_epoch 127 |. Begin client select
SchedulerThread select( 10 clients):
88 | 50 | 83 | 10 | 42 | 86 | 68 | 48 | 40 | 80 |
-----------------------------------------------------------------Schedule complete
Client 68 trained
Client 88 trained
Client 50 trained
Client 40 trained
Client 80 trained
Client 83 trained
Client 10 trained
Client 86 trained
Client 48 trained
Client 42 trained
Client 10 uploaded
Client 40 uploaded
Client 68 uploaded
Client 50 uploaded
Client 42 uploaded
Client 48 uploaded
Client 80 uploaded
Client 88 uploaded
Client 83 uploaded
Client 86 uploaded
Epoch(t): 127 accuracy: 69.65 loss 0.9136469942331314 run_time: 5456.363226890564
Current clients: 100 , select: 10
| current_epoch 128 |. Begin client select
SchedulerThread select( 10 clients):
91 | 97 | 62 | 69 | 4 | 79 | 8 | 30 | 80 | 87 |
-----------------------------------------------------------------Schedule complete
Client 62 trained
Client 8 trained
Client 80 trained
Client 69 trained
Client 97 trained
Client 79 trained
Client 30 trained
Client 4 trained
Client 91 trained
Client 87 trained
Client 8 uploaded
Client 4 uploaded
Client 62 uploaded
Client 30 uploaded
Client 69 uploaded
Client 80 uploaded
Client 79 uploaded
Client 87 uploaded
Client 97 uploaded
Client 91 uploaded
Epoch(t): 128 accuracy: 69.07 loss 0.9490160995721817 run_time: 5500.7289361953735
Current clients: 100 , select: 10
| current_epoch 129 |. Begin client select
SchedulerThread select( 10 clients):
36 | 29 | 95 | 11 | 55 | 12 | 97 | 81 | 90 | 56 |
-----------------------------------------------------------------Schedule complete
Client 11 trained
Client 97 trained
Client 56 trained
Client 36 trained
Client 11 uploaded
Client 12 trained
Client 90 trained
Client 81 trained
Client 95 trained
Client 55 trained
Client 29 trained
Client 12 uploaded
Client 36 uploaded
Client 56 uploaded
Client 29 uploaded
Client 55 uploaded
Client 81 uploaded
Client 90 uploaded
Client 97 uploaded
Client 95 uploaded
Epoch(t): 129 accuracy: 67.62 loss 1.011078462600708 run_time: 5547.51287484169
Current clients: 100 , select: 10
| current_epoch 130 |. Begin client select
SchedulerThread select( 10 clients):
21 | 88 | 38 | 3 | 5 | 41 | 7 | 37 | 45 | 47 |
-----------------------------------------------------------------Schedule complete
Client 7 trained
Client 38 trained
Client 88 trained
Client 45 trained
Client 37 trained
Client 7 uploaded
Client 5 trained
Client 21 trained
Client 41 trained
Client 47 trained
Client 3 trained
Client 5 uploaded
Client 38 uploaded
Client 3 uploaded
Client 21 uploaded
Client 37 uploaded
Client 45 uploaded
Client 41 uploaded
Client 47 uploaded
Client 88 uploaded
Epoch(t): 130 accuracy: 69.37 loss 0.9280552408099174 run_time: 5581.1800792217255
Current clients: 100 , select: 10
| current_epoch 131 |. Begin client select
SchedulerThread select( 10 clients):
55 | 18 | 31 | 67 | 52 | 72 | 87 | 23 | 21 | 22 |
-----------------------------------------------------------------Schedule complete
Client 31 trained
Client 23 trained
Client 21 trained
Client 22 trained
Client 67 trained
Client 52 trained
Client 87 trained
Client 72 trained
Client 55 trained
Client 18 trained
Client 23 uploaded
Client 31 uploaded
Client 21 uploaded
Client 22 uploaded
Client 18 uploaded
Client 52 uploaded
Client 67 uploaded
Client 55 uploaded
Client 72 uploaded
Client 87 uploaded
Epoch(t): 131 accuracy: 70.56 loss 0.8982878798246383 run_time: 5627.016921043396
Current clients: 100 , select: 10
| current_epoch 132 |. Begin client select
SchedulerThread select( 10 clients):
10 | 78 | 48 | 79 | 87 | 30 | 63 | 74 | 18 | 29 |
-----------------------------------------------------------------Schedule complete
Client 74 trained
Client 79 trained
Client 10 trained
Client 63 trained
Client 48 trained
Client 30 trained
Client 78 trained
Client 87 trained
Client 29 trained
Client 18 trained
Client 10 uploaded
Client 30 uploaded
Client 18 uploaded
Client 29 uploaded
Client 74 uploaded
Client 48 uploaded
Client 79 uploaded
Client 63 uploaded
Client 78 uploaded
Client 87 uploaded
Epoch(t): 132 accuracy: 69.21 loss 0.9816206365823745 run_time: 5674.31649518013
Current clients: 100 , select: 10
| current_epoch 133 |. Begin client select
SchedulerThread select( 10 clients):
59 | 81 | 32 | 58 | 85 | 1 | 36 | 86 | 69 | 20 |
-----------------------------------------------------------------Schedule complete
Client 20 trained
Client 36 trained
Client 69 trained
Client 32 trained
Client 81 trained
Client 58 trained
Client 86 trained
Client 85 trained
Client 59 trained
Client 1 trained
Client 20 uploaded
Client 1 uploaded
Client 36 uploaded
Client 32 uploaded
Client 58 uploaded
Client 59 uploaded
Client 69 uploaded
Client 81 uploaded
Client 85 uploaded
Client 86 uploaded
Epoch(t): 133 accuracy: 69.7 loss 0.9252555561065674 run_time: 5715.84294462204
Current clients: 100 , select: 10
| current_epoch 134 |. Begin client select
SchedulerThread select( 10 clients):
9 | 56 | 44 | 75 | 38 | 81 | 54 | 88 | 32 | 58 |
-----------------------------------------------------------------Schedule complete
Client 38 trained
Client 88 trained
Client 75 trained
Client 9 trained
Client 54 trained
Client 56 trained
Client 32 trained
Client 58 trained
Client 81 trained
Client 44 trained
Client 38 uploaded
Client 9 uploaded
Client 32 uploaded
Client 44 uploaded
Client 54 uploaded
Client 56 uploaded
Client 58 uploaded
Client 88 uploaded
Client 75 uploaded
Client 81 uploaded
Epoch(t): 134 accuracy: 66.97 loss 1.0409845739603043 run_time: 5754.167373180389
Current clients: 100 , select: 10
| current_epoch 135 |. Begin client select
SchedulerThread select( 10 clients):
38 | 25 | 49 | 61 | 13 | 30 | 48 | 73 | 45 | 37 |
-----------------------------------------------------------------Schedule complete
Client 38 trained
Client 13 trained
Client 37 trained
Client 45 trained
Client 25 trained
Client 48 trained
Client 49 trained
Client 30 trained
Client 73 trained
Client 61 trained
Client 13 uploaded
Client 38 uploaded
Client 37 uploaded
Client 25 uploaded
Client 30 uploaded
Client 45 uploaded
Client 48 uploaded
Client 49 uploaded
Client 61 uploaded
Client 73 uploaded
Epoch(t): 135 accuracy: 68.89 loss 0.9789446544647217 run_time: 5792.140627145767
Current clients: 100 , select: 10
| current_epoch 136 |. Begin client select
SchedulerThread select( 10 clients):
89 | 37 | 2 | 84 | 50 | 35 | 1 | 72 | 87 | 99 |
-----------------------------------------------------------------Schedule complete
Client 50 trained
Client 37 trained
Client 35 trained
Client 99 trained
Client 89 trained
Client 72 trained
Client 2 trained
Client 84 trained
Client 1 trained
Client 87 trained
Client 2 uploaded
Client 37 uploaded
Client 1 uploaded
Client 50 uploaded
Client 35 uploaded
Client 72 uploaded
Client 84 uploaded
Client 89 uploaded
Client 87 uploaded
Client 99 uploaded
Epoch(t): 136 accuracy: 70.11 loss 0.9107685488462448 run_time: 5839.389546871185
Current clients: 100 , select: 10
| current_epoch 137 |. Begin client select
SchedulerThread select( 10 clients):
95 | 6 | 77 | 63 | 36 | 99 | 29 | 45 | 28 | 81 |
-----------------------------------------------------------------Schedule complete
Client 45 trained
Client 28 trained
Client 77 trained
Client 36 trained
Client 99 trained
Client 81 trained
Client 6 trained
Client 63 trained
Client 95 trained
Client 29 trained
Client 28 uploaded
Client 6 uploaded
Client 45 uploaded
Client 36 uploaded
Client 29 uploaded
Client 63 uploaded
Client 77 uploaded
Client 81 uploaded
Client 95 uploaded
Client 99 uploaded
Epoch(t): 137 accuracy: 70.04 loss 0.8986801409721374 run_time: 5885.848439693451
Current clients: 100 , select: 10
| current_epoch 138 |. Begin client select
SchedulerThread select( 10 clients):
24 | 79 | 32 | 86 | 96 | 92 | 98 | 84 | 87 | 17 |
-----------------------------------------------------------------Schedule complete
Client 24 trained
Client 32 trained
Client 17 trained
Client 98 trained
Client 92 trained
Client 86 trained
Client 84 trained
Client 96 trained
Client 87 trained
Client 79 trained
Client 24 uploaded
Client 17 uploaded
Client 32 uploaded
Client 84 uploaded
Client 79 uploaded
Client 86 uploaded
Client 87 uploaded
Client 98 uploaded
Client 92 uploaded
Client 96 uploaded
Epoch(t): 138 accuracy: 70.47 loss 0.8958649373054505 run_time: 5931.4671313762665
Current clients: 100 , select: 10
| current_epoch 139 |. Begin client select
SchedulerThread select( 10 clients):
80 | 12 | 82 | 5 | 39 | 56 | 4 | 74 | 46 | 93 |
-----------------------------------------------------------------Schedule complete
Client 93 trained
Client 80 trained
Client 74 trained
Client 56 trained
Client 5 trained
Client 46 trained
Client 82 trained
Client 12 trained
Client 4 trained
Client 39 trained
Client 5 uploaded
Client 4 uploaded
Client 12 uploaded
Client 46 uploaded
Client 39 uploaded
Client 56 uploaded
Client 80 uploaded
Client 74 uploaded
Client 82 uploaded
Client 93 uploaded
Epoch(t): 139 accuracy: 69.93 loss 0.9075666981935501 run_time: 5969.808867692947
Current clients: 100 , select: 10
| current_epoch 140 |. Begin client select
SchedulerThread select( 10 clients):
16 | 11 | 37 | 41 | 95 | 53 | 22 | 25 | 69 | 46 |
-----------------------------------------------------------------Schedule complete
Client 11 trained
Client 37 trained
Client 16 trained
Client 69 trained
Client 25 trained
Client 46 trained
Client 11 uploaded
Client 22 trained
Client 95 trained
Client 41 trained
Client 53 trained
Client 16 uploaded
Client 37 uploaded
Client 25 uploaded
Client 22 uploaded
Client 46 uploaded
Client 41 uploaded
Client 69 uploaded
Client 53 uploaded
Client 95 uploaded
Epoch(t): 140 accuracy: 69.91 loss 0.9393550771474838 run_time: 6015.439075231552
Current clients: 100 , select: 10
| current_epoch 141 |. Begin client select
SchedulerThread select( 10 clients):
67 | 64 | 34 | 21 | 32 | 61 | 37 | 95 | 43 | 14 |
-----------------------------------------------------------------Schedule complete
Client 64 trained
Client 37 trained
Client 21 trained
Client 67 trained
Client 43 trained
Client 32 trained
Client 61 trained
Client 95 trained
Client 34 trained
Client 14 trained
Client 37 uploaded
Client 21 uploaded
Client 14 uploaded
Client 32 uploaded
Client 64 uploaded
Client 43 uploaded
Client 34 uploaded
Client 67 uploaded
Client 61 uploaded
Client 95 uploaded
Epoch(t): 141 accuracy: 71.0 loss 0.8920822805166244 run_time: 6062.754786968231
Current clients: 100 , select: 10
| current_epoch 142 |. Begin client select
SchedulerThread select( 10 clients):
59 | 9 | 18 | 96 | 28 | 86 | 92 | 50 | 71 | 46 |
-----------------------------------------------------------------Schedule complete
Client 28 trained
Client 50 trained
Client 71 trained
Client 96 trained
Client 46 trained
Client 9 trained
Client 86 trained
Client 92 trained
Client 59 trained
Client 18 trained
Client 9 uploaded
Client 28 uploaded
Client 50 uploaded
Client 18 uploaded
Client 46 uploaded
Client 59 uploaded
Client 71 uploaded
Client 86 uploaded
Client 96 uploaded
Client 92 uploaded
Epoch(t): 142 accuracy: 68.23 loss 1.0125455665588379 run_time: 6106.016407966614
Current clients: 100 , select: 10
| current_epoch 143 |. Begin client select
SchedulerThread select( 10 clients):
11 | 50 | 1 | 33 | 68 | 15 | 58 | 47 | 86 | 95 |
-----------------------------------------------------------------Schedule complete
Client 11 trained
Client 15 trained
Client 68 trained
Client 50 trained
Client 58 trained
Client 86 trained
Client 95 trained
Client 33 trained
Client 1 trained
Client 47 trained
Client 11 uploaded
Client 15 uploaded
Client 1 uploaded
Client 68 uploaded
Client 50 uploaded
Client 33 uploaded
Client 58 uploaded
Client 47 uploaded
Client 86 uploaded
Client 95 uploaded
Epoch(t): 143 accuracy: 69.89 loss 0.9198521506786347 run_time: 6149.354486703873
Current clients: 100 , select: 10
| current_epoch 144 |. Begin client select
SchedulerThread select( 10 clients):
86 | 33 | 74 | 48 | 81 | 47 | 13 | 29 | 60 | 3 |
-----------------------------------------------------------------Schedule complete
Client 13 trained
Client 74 trained
Client 86 trained
Client 81 trained
Client 60 trained
Client 48 trained
Client 33 trained
Client 29 trained
Client 3 trained
Client 47 trained
Client 13 uploaded
Client 3 uploaded
Client 33 uploaded
Client 29 uploaded
Client 48 uploaded
Client 74 uploaded
Client 60 uploaded
Client 47 uploaded
Client 81 uploaded
Client 86 uploaded
Epoch(t): 144 accuracy: 69.39 loss 0.9390316540002823 run_time: 6190.354543209076
Current clients: 100 , select: 10
| current_epoch 145 |. Begin client select
SchedulerThread select( 10 clients):
79 | 71 | 41 | 78 | 28 | 82 | 8 | 81 | 59 | 89 |
-----------------------------------------------------------------Schedule complete
Client 28 trained
Client 8 trained
Client 71 trained
Client 79 trained
Client 81 trained
Client 82 trained
Client 59 trained
Client 89 trained
Client 41 trained
Client 78 trained
Client 8 uploaded
Client 28 uploaded
Client 41 uploaded
Client 71 uploaded
Client 59 uploaded
Client 79 uploaded
Client 81 uploaded
Client 82 uploaded
Client 78 uploaded
Client 89 uploaded
Epoch(t): 145 accuracy: 70.01 loss 0.9259621971845626 run_time: 6233.484775066376
Current clients: 100 , select: 10
| current_epoch 146 |. Begin client select
SchedulerThread select( 10 clients):
38 | 83 | 52 | 14 | 17 | 5 | 4 | 63 | 12 | 30 |
-----------------------------------------------------------------Schedule complete
Client 38 trained
Client 83 trained
Client 5 trained
Client 30 trained
Client 63 trained
Client 17 trained
Client 52 trained
Client 12 trained
Client 4 trained
Client 14 trained
Client 38 uploaded
Client 5 uploaded
Client 4 uploaded
Client 12 uploaded
Client 17 uploaded
Client 14 uploaded
Client 30 uploaded
Client 52 uploaded
Client 83 uploaded
Client 63 uploaded
Epoch(t): 146 accuracy: 69.49 loss 0.9558371216058731 run_time: 6270.310554265976
Current clients: 100 , select: 10
| current_epoch 147 |. Begin client select
SchedulerThread select( 10 clients):
68 | 17 | 49 | 58 | 47 | 85 | 95 | 89 | 69 | 53 |
-----------------------------------------------------------------Schedule complete
Client 68 trained
Client 69 trained
Client 17 trained
Client 49 trained
Client 58 trained
Client 89 trained
Client 85 trained
Client 95 trained
Client 47 trained
Client 53 trained
Client 17 uploaded
Client 68 uploaded
Client 49 uploaded
Client 58 uploaded
Client 47 uploaded
Client 69 uploaded
Client 53 uploaded
Client 85 uploaded
Client 89 uploaded
Client 95 uploaded
Epoch(t): 147 accuracy: 71.14 loss 0.8937513262033463 run_time: 6316.618399858475
Current clients: 100 , select: 10
| current_epoch 148 |. Begin client select
SchedulerThread select( 10 clients):
75 | 95 | 93 | 19 | 53 | 83 | 12 | 62 | 78 | 52 |
-----------------------------------------------------------------Schedule complete
Client 62 trained
Client 93 trained
Client 83 trained
Client 75 trained
Client 12 trained
Client 19 trained
Client 52 trained
Client 95 trained
Client 78 trained
Client 53 trained
Client 12 uploaded
Client 62 uploaded
Client 19 uploaded
Client 52 uploaded
Client 75 uploaded
Client 53 uploaded
Client 83 uploaded
Client 93 uploaded
Client 78 uploaded
Client 95 uploaded
Epoch(t): 148 accuracy: 70.29 loss 0.9501206892728805 run_time: 6362.229973554611
Current clients: 100 , select: 10
| current_epoch 149 |. Begin client select
SchedulerThread select( 10 clients):
35 | 4 | 88 | 47 | 27 | 56 | 30 | 46 | 12 | 87 |
-----------------------------------------------------------------Schedule complete
Client 88 trained
Client 56 trained
Client 46 trained
Client 4 trained
Client 12 trained
Client 30 trained
Client 35 trained
Client 27 trained
Client 87 trained
Client 47 trained
Client 4 uploaded
Client 12 uploaded
Client 30 uploaded
Client 27 uploaded
Client 35 uploaded
Client 56 uploaded
Client 46 uploaded
Client 88 uploaded
Client 47 uploaded
Client 87 uploaded
Epoch(t): 149 accuracy: 71.01 loss 0.8902842718362808 run_time: 6406.27819943428
Current clients: 100 , select: 10
| current_epoch 150 |. Begin client select
SchedulerThread select( 10 clients):
47 | 69 | 82 | 45 | 7 | 50 | 35 | 24 | 15 | 58 |
-----------------------------------------------------------------Schedule complete
Client 7 trained
Client 15 trained
Client 45 trained
Client 24 trained
Client 50 trained
Client 7 uploaded
Client 82 trained
Client 69 trained
Client 58 trained
Client 35 trained
Client 47 trained
Client 15 uploaded
Client 24 uploaded
Client 45 uploaded
Client 50 uploaded
Client 35 uploaded
Client 47 uploaded
Client 58 uploaded
Client 69 uploaded
Client 82 uploaded
Epoch(t): 150 accuracy: 68.41 loss 0.9745259606838226 run_time: 6442.371003866196
Current clients: 100 , select: 10
| current_epoch 151 |. Begin client select
SchedulerThread select( 10 clients):
11 | 84 | 27 | 82 | 81 | 76 | 2 | 6 | 42 | 31 |
-----------------------------------------------------------------Schedule complete
Client 11 trained
Client 31 trained
Client 76 trained
Client 11 uploaded
Client 81 trained
Client 82 trained
Client 6 trained
Client 42 trained
Client 2 trained
Client 27 trained
Client 84 trained
Client 2 uploaded
Client 6 uploaded
Client 31 uploaded
Client 27 uploaded
Client 42 uploaded
Client 76 uploaded
Client 81 uploaded
Client 82 uploaded
Client 84 uploaded
Epoch(t): 151 accuracy: 68.35 loss 0.9862582224607468 run_time: 6484.486591100693
Current clients: 100 , select: 10
| current_epoch 152 |. Begin client select
SchedulerThread select( 10 clients):
16 | 72 | 26 | 8 | 97 | 70 | 75 | 27 | 29 | 42 |
-----------------------------------------------------------------Schedule complete
Client 8 trained
Client 75 trained
Client 16 trained
Client 97 trained
Client 72 trained
Client 27 trained
Client 42 trained
Client 70 trained
Client 29 trained
Client 26 trained
Client 8 uploaded
Client 16 uploaded
Client 27 uploaded
Client 29 uploaded
Client 42 uploaded
Client 75 uploaded
Client 26 uploaded
Client 72 uploaded
Client 70 uploaded
Client 97 uploaded
Epoch(t): 152 accuracy: 70.66 loss 0.8925153112411499 run_time: 6528.385246038437
Current clients: 100 , select: 10
| current_epoch 153 |. Begin client select
SchedulerThread select( 10 clients):
99 | 18 | 76 | 0 | 35 | 16 | 69 | 32 | 22 | 14 |
-----------------------------------------------------------------Schedule complete
Client 76 trained
Client 16 trained
Client 69 trained
Client 99 trained
Client 35 trained
Client 32 trained
Client 0 trained
Client 22 trained
Client 14 trained
Client 18 trained
Client 0 uploaded
Client 16 uploaded
Client 14 uploaded
Client 22 uploaded
Client 32 uploaded
Client 35 uploaded
Client 18 uploaded
Client 69 uploaded
Client 76 uploaded
Client 99 uploaded
Epoch(t): 153 accuracy: 69.45 loss 0.9675455224514008 run_time: 6574.294397830963
Current clients: 100 , select: 10
| current_epoch 154 |. Begin client select
SchedulerThread select( 10 clients):
84 | 3 | 16 | 1 | 45 | 30 | 75 | 41 | 2 | 22 |
-----------------------------------------------------------------Schedule complete
Client 45 trained
Client 75 trained
Client 16 trained
Client 30 trained
Client 22 trained
Client 84 trained
Client 41 trained
Client 1 trained
Client 2 trained
Client 3 trained
Client 16 uploaded
Client 45 uploaded
Client 1 uploaded
Client 2 uploaded
Client 3 uploaded
Client 22 uploaded
Client 30 uploaded
Client 75 uploaded
Client 41 uploaded
Client 84 uploaded
Epoch(t): 154 accuracy: 69.41 loss 0.9919123983383179 run_time: 6616.954566955566
Current clients: 100 , select: 10
| current_epoch 155 |. Begin client select
SchedulerThread select( 10 clients):
33 | 6 | 16 | 94 | 53 | 67 | 14 | 95 | 8 | 60 |
-----------------------------------------------------------------Schedule complete
Client 8 trained
Client 16 trained
Client 67 trained
Client 60 trained
Client 6 trained
Client 33 trained
Client 95 trained
Client 94 trained
Client 53 trained
Client 14 trained
Client 8 uploaded
Client 16 uploaded
Client 6 uploaded
Client 14 uploaded
Client 33 uploaded
Client 60 uploaded
Client 67 uploaded
Client 53 uploaded
Client 95 uploaded
Client 94 uploaded
Epoch(t): 155 accuracy: 70.43 loss 0.9270946520566941 run_time: 6664.936453342438
Current clients: 100 , select: 10
| current_epoch 156 |. Begin client select
SchedulerThread select( 10 clients):
57 | 99 | 46 | 65 | 75 | 13 | 64 | 28 | 78 | 5 |
-----------------------------------------------------------------Schedule complete
Client 64 trained
Client 13 trained
Client 28 trained
Client 57 trained
Client 75 trained
Client 5 trained
Client 46 trained
Client 99 trained
Client 78 trained
Client 65 trained
Client 5 uploaded
Client 13 uploaded
Client 28 uploaded
Client 46 uploaded
Client 57 uploaded
Client 64 uploaded
Client 75 uploaded
Client 65 uploaded
Client 78 uploaded
Client 99 uploaded
Epoch(t): 156 accuracy: 70.02 loss 0.8917972832918167 run_time: 6709.256940603256
Current clients: 100 , select: 10
| current_epoch 157 |. Begin client select
SchedulerThread select( 10 clients):
93 | 84 | 66 | 38 | 58 | 82 | 3 | 7 | 61 | 51 |
-----------------------------------------------------------------Schedule complete
Client 7 trained
Client 38 trained
Client 93 trained
Client 51 trained
Client 7 uploaded
Client 58 trained
Client 82 trained
Client 84 trained
Client 61 trained
Client 66 trained
Client 3 trained
Client 38 uploaded
Client 3 uploaded
Client 51 uploaded
Client 58 uploaded
Client 61 uploaded
Client 82 uploaded
Client 93 uploaded
Client 66 uploaded
Client 84 uploaded
Epoch(t): 157 accuracy: 69.68 loss 0.9510916554927826 run_time: 6748.257783412933
Current clients: 100 , select: 10
| current_epoch 158 |. Begin client select
SchedulerThread select( 10 clients):
54 | 87 | 13 | 62 | 91 | 56 | 9 | 10 | 41 | 77 |
-----------------------------------------------------------------Schedule complete
Client 62 trained
Client 13 trained
Client 77 trained
Client 54 trained
Client 56 trained
Client 9 trained
Client 10 trained
Client 41 trained
Client 91 trained
Client 87 trained
Client 13 uploaded
Client 9 uploaded
Client 10 uploaded
Client 62 uploaded
Client 54 uploaded
Client 56 uploaded
Client 41 uploaded
Client 77 uploaded
Client 87 uploaded
Client 91 uploaded
Epoch(t): 158 accuracy: 71.19 loss 0.8969183379411697 run_time: 6793.1689240932465
Current clients: 100 , select: 10
| current_epoch 159 |. Begin client select
SchedulerThread select( 10 clients):
18 | 8 | 16 | 35 | 79 | 81 | 74 | 70 | 91 | 41 |
-----------------------------------------------------------------Schedule complete
Client 8 trained
Client 16 trained
Client 74 trained
Client 79 trained
Client 35 trained
Client 81 trained
Client 91 trained
Client 41 trained
Client 70 trained
Client 18 trained
Client 8 uploaded
Client 16 uploaded
Client 35 uploaded
Client 18 uploaded
Client 41 uploaded
Client 74 uploaded
Client 79 uploaded
Client 81 uploaded
Client 70 uploaded
Client 91 uploaded
Epoch(t): 159 accuracy: 69.78 loss 0.9940653520822526 run_time: 6839.7158324718475
Current clients: 100 , select: 10
| current_epoch 160 |. Begin client select
SchedulerThread select( 10 clients):
48 | 76 | 67 | 37 | 58 | 64 | 77 | 55 | 12 | 89 |
-----------------------------------------------------------------Schedule complete
Client 37 trained
Client 64 trained
Client 77 trained
Client 76 trained
Client 58 trained
Client 48 trained
Client 12 trained
Client 67 trained
Client 89 trained
Client 55 trained
Client 12 uploaded
Client 37 uploaded
Client 64 uploaded
Client 48 uploaded
Client 58 uploaded
Client 55 uploaded
Client 77 uploaded
Client 76 uploaded
Client 67 uploaded
Client 89 uploaded
Epoch(t): 160 accuracy: 68.98 loss 0.9976611804962158 run_time: 6882.2757313251495
Current clients: 100 , select: 10
| current_epoch 161 |. Begin client select
SchedulerThread select( 10 clients):
14 | 83 | 98 | 70 | 92 | 27 | 55 | 57 | 29 | 52 |
-----------------------------------------------------------------Schedule complete
Client 57 trained
Client 83 trained
Client 98 trained
Client 92 trained
Client 27 trained
Client 52 trained
Client 29 trained
Client 70 trained
Client 55 trained
Client 14 trained
Client 57 uploaded
Client 14 uploaded
Client 27 uploaded
Client 29 uploaded
Client 52 uploaded
Client 83 uploaded
Client 55 uploaded
Client 70 uploaded
Client 92 uploaded
Client 98 uploaded
Epoch(t): 161 accuracy: 70.77 loss 0.9109721946716308 run_time: 6927.3551115989685
Current clients: 100 , select: 10
| current_epoch 162 |. Begin client select
SchedulerThread select( 10 clients):
43 | 58 | 51 | 53 | 93 | 12 | 40 | 54 | 85 | 32 |
-----------------------------------------------------------------Schedule complete
Client 93 trained
Client 51 trained
Client 40 trained
Client 54 trained
Client 58 trained
Client 12 trained
Client 43 trained
Client 32 trained
Client 85 trained
Client 53 trained
Client 12 uploaded
Client 40 uploaded
Client 51 uploaded
Client 32 uploaded
Client 43 uploaded
Client 54 uploaded
Client 58 uploaded
Client 53 uploaded
Client 93 uploaded
Client 85 uploaded
Epoch(t): 162 accuracy: 70.52 loss 0.9380745375156403 run_time: 6968.2789006233215
Current clients: 100 , select: 10
| current_epoch 163 |. Begin client select
SchedulerThread select( 10 clients):
47 | 19 | 87 | 60 | 8 | 11 | 10 | 55 | 12 | 95 |
-----------------------------------------------------------------Schedule complete
Client 11 trained
Client 8 trained
Client 10 trained
Client 11 uploaded
Client 60 trained
Client 12 trained
Client 95 trained
Client 19 trained
Client 47 trained
Client 87 trained
Client 55 trained
Client 8 uploaded
Client 10 uploaded
Client 12 uploaded
Client 19 uploaded
Client 47 uploaded
Client 60 uploaded
Client 55 uploaded
Client 87 uploaded
Client 95 uploaded
Epoch(t): 163 accuracy: 70.22 loss 0.915782721042633 run_time: 7015.0161674022675
Current clients: 100 , select: 10
| current_epoch 164 |. Begin client select
SchedulerThread select( 10 clients):
94 | 47 | 16 | 71 | 7 | 75 | 42 | 85 | 15 | 52 |
-----------------------------------------------------------------Schedule complete
Client 7 trained
Client 15 trained
Client 7 uploaded
Client 16 trained
Client 71 trained
Client 75 trained
Client 85 trained
Client 42 trained
Client 52 trained
Client 94 trained
Client 47 trained
Client 15 uploaded
Client 16 uploaded
Client 42 uploaded
Client 52 uploaded
Client 47 uploaded
Client 71 uploaded
Client 75 uploaded
Client 85 uploaded
Client 94 uploaded
Epoch(t): 164 accuracy: 69.74 loss 0.9540993255376816 run_time: 7059.389322042465
Current clients: 100 , select: 10
| current_epoch 165 |. Begin client select
SchedulerThread select( 10 clients):
45 | 85 | 96 | 54 | 92 | 6 | 36 | 76 | 39 | 13 |
-----------------------------------------------------------------Schedule complete
Client 45 trained
Client 13 trained
Client 54 trained
Client 96 trained
Client 36 trained
Client 76 trained
Client 6 trained
Client 92 trained
Client 85 trained
Client 39 trained
Client 13 uploaded
Client 6 uploaded
Client 45 uploaded
Client 36 uploaded
Client 54 uploaded
Client 39 uploaded
Client 76 uploaded
Client 85 uploaded
Client 96 uploaded
Client 92 uploaded
Epoch(t): 165 accuracy: 70.73 loss 0.9167635625600815 run_time: 7103.202796936035
Current clients: 100 , select: 10
| current_epoch 166 |. Begin client select
SchedulerThread select( 10 clients):
73 | 64 | 27 | 19 | 84 | 61 | 28 | 13 | 44 | 71 |
-----------------------------------------------------------------Schedule complete
Client 13 trained
Client 28 trained
Client 64 trained
Client 71 trained
Client 44 trained
Client 19 trained
Client 27 trained
Client 73 trained
Client 61 trained
Client 84 trained
Client 13 uploaded
Client 28 uploaded
Client 19 uploaded
Client 27 uploaded
Client 64 uploaded
Client 44 uploaded
Client 71 uploaded
Client 61 uploaded
Client 73 uploaded
Client 84 uploaded
Epoch(t): 166 accuracy: 70.61 loss 0.9235568696260452 run_time: 7145.102745294571
Current clients: 100 , select: 10
| current_epoch 167 |. Begin client select
SchedulerThread select( 10 clients):
47 | 14 | 97 | 35 | 73 | 28 | 54 | 71 | 98 | 79 |
-----------------------------------------------------------------Schedule complete
Client 28 trained
Client 54 trained
Client 71 trained
Client 97 trained
Client 79 trained
Client 98 trained
Client 35 trained
Client 73 trained
Client 47 trained
Client 14 trained
Client 28 uploaded
Client 14 uploaded
Client 35 uploaded
Client 54 uploaded
Client 47 uploaded
Client 71 uploaded
Client 79 uploaded
Client 73 uploaded
Client 97 uploaded
Client 98 uploaded
Epoch(t): 167 accuracy: 68.79 loss 0.9890605229139328 run_time: 7191.366408586502
Current clients: 100 , select: 10
| current_epoch 168 |. Begin client select
SchedulerThread select( 10 clients):
78 | 86 | 82 | 71 | 3 | 77 | 84 | 88 | 34 | 23 |
-----------------------------------------------------------------Schedule complete
Client 23 trained
Client 71 trained
Client 88 trained
Client 86 trained
Client 77 trained
Client 82 trained
Client 34 trained
Client 84 trained
Client 78 trained
Client 3 trained
Client 23 uploaded
Client 3 uploaded
Client 34 uploaded
Client 71 uploaded
Client 77 uploaded
Client 82 uploaded
Client 88 uploaded
Client 86 uploaded
Client 78 uploaded
Client 84 uploaded
Epoch(t): 168 accuracy: 70.55 loss 0.9353008264303208 run_time: 7234.176819324493
Current clients: 100 , select: 10
| current_epoch 169 |. Begin client select
SchedulerThread select( 10 clients):
34 | 89 | 97 | 39 | 43 | 44 | 0 | 23 | 18 | 72 |
-----------------------------------------------------------------Schedule complete
Client 23 trained
Client 0 trained
Client 97 trained
Client 43 trained
Client 89 trained
Client 44 trained
Client 72 trained
Client 34 trained
Client 0 uploaded
Client 18 trained
Client 39 trained
Client 23 uploaded
Client 18 uploaded
Client 43 uploaded
Client 34 uploaded
Client 44 uploaded
Client 39 uploaded
Client 72 uploaded
Client 89 uploaded
Client 97 uploaded
Epoch(t): 169 accuracy: 70.36 loss 0.9393547213077545 run_time: 7278.209025859833
Current clients: 100 , select: 10
| current_epoch 170 |. Begin client select
SchedulerThread select( 10 clients):
84 | 51 | 8 | 18 | 94 | 81 | 3 | 11 | 95 | 67 |
-----------------------------------------------------------------Schedule complete
Client 11 trained
Client 51 trained
Client 8 trained
Client 67 trained
Client 11 uploaded
Client 81 trained
Client 95 trained
Client 84 trained
Client 94 trained
Client 3 trained
Client 18 trained
Client 8 uploaded
Client 51 uploaded
Client 3 uploaded
Client 18 uploaded
Client 67 uploaded
Client 81 uploaded
Client 84 uploaded
Client 95 uploaded
Client 94 uploaded
Epoch(t): 170 accuracy: 70.65 loss 0.944903319478035 run_time: 7325.815035820007
Current clients: 100 , select: 10
| current_epoch 171 |. Begin client select
SchedulerThread select( 10 clients):
27 | 48 | 53 | 58 | 43 | 20 | 47 | 39 | 92 | 41 |
-----------------------------------------------------------------Schedule complete
Client 20 trained
Client 58 trained
Client 92 trained
Client 27 trained
Client 48 trained
Client 43 trained
Client 53 trained
Client 41 trained
Client 39 trained
Client 47 trained
Client 20 uploaded
Client 27 uploaded
Client 58 uploaded
Client 43 uploaded
Client 48 uploaded
Client 41 uploaded
Client 39 uploaded
Client 47 uploaded
Client 53 uploaded
Client 92 uploaded
Epoch(t): 171 accuracy: 71.16 loss 0.9088212430477143 run_time: 7370.719317674637
Current clients: 100 , select: 10
| current_epoch 172 |. Begin client select
SchedulerThread select( 10 clients):
99 | 72 | 76 | 10 | 6 | 19 | 20 | 96 | 79 | 86 |
-----------------------------------------------------------------Schedule complete
Client 20 trained
Client 96 trained
Client 76 trained
Client 79 trained
Client 86 trained
Client 99 trained
Client 10 trained
Client 6 trained
Client 72 trained
Client 19 trained
Client 20 uploaded
Client 6 uploaded
Client 10 uploaded
Client 19 uploaded
Client 76 uploaded
Client 79 uploaded
Client 72 uploaded
Client 86 uploaded
Client 96 uploaded
Client 99 uploaded
Epoch(t): 172 accuracy: 70.36 loss 0.9044730055332184 run_time: 7417.745785713196
Current clients: 100 , select: 10
| current_epoch 173 |. Begin client select
SchedulerThread select( 10 clients):
10 | 34 | 56 | 84 | 54 | 62 | 77 | 53 | 27 | 96 |
-----------------------------------------------------------------Schedule complete
Client 62 trained
Client 96 trained
Client 77 trained
Client 54 trained
Client 56 trained
Client 10 trained
Client 84 trained
Client 27 trained
Client 34 trained
Client 53 trained
Client 10 uploaded
Client 62 uploaded
Client 27 uploaded
Client 54 uploaded
Client 34 uploaded
Client 56 uploaded
Client 77 uploaded
Client 53 uploaded
Client 84 uploaded
Client 96 uploaded
Epoch(t): 173 accuracy: 70.07 loss 0.9446031361818313 run_time: 7460.099490642548
Current clients: 100 , select: 10
| current_epoch 174 |. Begin client select
SchedulerThread select( 10 clients):
65 | 14 | 44 | 55 | 36 | 86 | 75 | 62 | 67 | 85 |
-----------------------------------------------------------------Schedule complete
Client 62 trained
Client 75 trained
Client 36 trained
Client 44 trained
Client 86 trained
Client 67 trained
Client 85 trained
Client 55 trained
Client 65 trained
Client 14 trained
Client 62 uploaded
Client 36 uploaded
Client 14 uploaded
Client 44 uploaded
Client 75 uploaded
Client 67 uploaded
Client 55 uploaded
Client 65 uploaded
Client 86 uploaded
Client 85 uploaded
Epoch(t): 174 accuracy: 69.92 loss 0.9461188066005707 run_time: 7501.391429185867
Current clients: 100 , select: 10
| current_epoch 175 |. Begin client select
SchedulerThread select( 10 clients):
39 | 5 | 28 | 50 | 76 | 7 | 0 | 26 | 38 | 27 |
-----------------------------------------------------------------Schedule complete
Client 7 trained
Client 38 trained
Client 50 trained
Client 7 uploaded
Client 76 trained
Client 0 trained
Client 28 trained
Client 5 trained
Client 27 trained
Client 39 trained
Client 26 trained
Client 0 uploaded
Client 5 uploaded
Client 38 uploaded
Client 28 uploaded
Client 50 uploaded
Client 27 uploaded
Client 26 uploaded
Client 39 uploaded
Client 76 uploaded
Epoch(t): 175 accuracy: 70.77 loss 0.8883134955167771 run_time: 7535.505492687225
Current clients: 100 , select: 10
| current_epoch 176 |. Begin client select
SchedulerThread select( 10 clients):
98 | 17 | 97 | 32 | 37 | 41 | 15 | 0 | 63 | 95 |
-----------------------------------------------------------------Schedule complete
Client 15 trained
Client 37 trained
Client 0 trained
Client 97 trained
Client 17 trained
Client 32 trained
Client 98 trained
Client 63 trained
Client 95 trained
Client 41 trained
Client 0 uploaded
Client 15 uploaded
Client 37 uploaded
Client 17 uploaded
Client 32 uploaded
Client 41 uploaded
Client 63 uploaded
Client 97 uploaded
Client 98 uploaded
Client 95 uploaded
Epoch(t): 176 accuracy: 71.41 loss 0.8901209342479706 run_time: 7580.971941709518
Current clients: 100 , select: 10
| current_epoch 177 |. Begin client select
SchedulerThread select( 10 clients):
55 | 22 | 16 | 48 | 68 | 90 | 29 | 64 | 71 | 85 |
-----------------------------------------------------------------Schedule complete
Client 68 trained
Client 64 trained
Client 16 trained
Client 71 trained
Client 48 trained
Client 22 trained
Client 90 trained
Client 85 trained
Client 55 trained
Client 29 trained
Client 16 uploaded
Client 68 uploaded
Client 22 uploaded
Client 29 uploaded
Client 64 uploaded
Client 48 uploaded
Client 71 uploaded
Client 55 uploaded
Client 85 uploaded
Client 90 uploaded
Epoch(t): 177 accuracy: 69.71 loss 0.9872808337211609 run_time: 7622.831622362137
Current clients: 100 , select: 10
| current_epoch 178 |. Begin client select
SchedulerThread select( 10 clients):
45 | 9 | 50 | 94 | 5 | 55 | 2 | 58 | 40 | 73 |
-----------------------------------------------------------------Schedule complete
Client 45 trained
Client 40 trained
Client 50 trained
Client 5 trained
Client 9 trained
Client 58 trained
Client 94 trained
Client 2 trained
Client 73 trained
Client 55 trained
Client 5 uploaded
Client 2 uploaded
Client 9 uploaded
Client 45 uploaded
Client 40 uploaded
Client 50 uploaded
Client 58 uploaded
Client 55 uploaded
Client 73 uploaded
Client 94 uploaded
Epoch(t): 178 accuracy: 70.67 loss 0.9458690506219863 run_time: 7668.444474697113
Current clients: 100 , select: 10
| current_epoch 179 |. Begin client select
SchedulerThread select( 10 clients):
54 | 73 | 51 | 90 | 81 | 53 | 37 | 14 | 2 | 41 |
-----------------------------------------------------------------Schedule complete
Client 51 trained
Client 37 trained
Client 54 trained
Client 81 trained
Client 90 trained
Client 2 trained
Client 73 trained
Client 41 trained
Client 14 trained
Client 53 trained
Client 2 uploaded
Client 37 uploaded
Client 51 uploaded
Client 14 uploaded
Client 54 uploaded
Client 41 uploaded
Client 53 uploaded
Client 81 uploaded
Client 73 uploaded
Client 90 uploaded
Epoch(t): 179 accuracy: 69.09 loss 1.0248433345556258 run_time: 7710.652449846268
Current clients: 100 , select: 10
| current_epoch 180 |. Begin client select
SchedulerThread select( 10 clients):
21 | 79 | 58 | 88 | 46 | 11 | 55 | 13 | 31 | 75 |
-----------------------------------------------------------------Schedule complete
Client 11 trained
Client 88 trained
Client 13 trained
Client 31 trained
Client 75 trained
Client 79 trained
Client 46 trained
Client 58 trained
Client 21 trained
Client 55 trained
Client 11 uploaded
Client 13 uploaded
Client 31 uploaded
Client 21 uploaded
Client 46 uploaded
Client 58 uploaded
Client 55 uploaded
Client 75 uploaded
Client 79 uploaded
Client 88 uploaded
Epoch(t): 180 accuracy: 71.66 loss 0.9068981343507767 run_time: 7745.723160505295
Current clients: 100 , select: 10
| current_epoch 181 |. Begin client select
SchedulerThread select( 10 clients):
51 | 67 | 10 | 50 | 39 | 95 | 43 | 28 | 42 | 99 |
-----------------------------------------------------------------Schedule complete
Client 51 trained
Client 50 trained
Client 28 trained
Client 99 trained
Client 10 trained
Client 67 trained
Client 43 trained
Client 42 trained
Client 95 trained
Client 39 trained
Client 10 uploaded
Client 51 uploaded
Client 28 uploaded
Client 50 uploaded
Client 43 uploaded
Client 42 uploaded
Client 39 uploaded
Client 67 uploaded
Client 95 uploaded
Client 99 uploaded
Epoch(t): 181 accuracy: 72.22 loss 0.881601277589798 run_time: 7791.870331048965
Current clients: 100 , select: 10
| current_epoch 182 |. Begin client select
SchedulerThread select( 10 clients):
21 | 9 | 65 | 81 | 14 | 67 | 24 | 99 | 44 | 93 |
-----------------------------------------------------------------Schedule complete
Client 93 trained
Client 24 trained
Client 99 trained
Client 9 trained
Client 81 trained
Client 44 trained
Client 67 trained
Client 21 trained
Client 65 trained
Client 14 trained
Client 9 uploaded
Client 24 uploaded
Client 21 uploaded
Client 14 uploaded
Client 44 uploaded
Client 67 uploaded
Client 65 uploaded
Client 93 uploaded
Client 81 uploaded
Client 99 uploaded
Epoch(t): 182 accuracy: 70.85 loss 0.9279354721307754 run_time: 7837.531857252121
Current clients: 100 , select: 10
| current_epoch 183 |. Begin client select
SchedulerThread select( 10 clients):
82 | 18 | 30 | 13 | 32 | 25 | 22 | 77 | 19 | 97 |
-----------------------------------------------------------------Schedule complete
Client 13 trained
Client 25 trained
Client 77 trained
Client 97 trained
Client 82 trained
Client 32 trained
Client 30 trained
Client 22 trained
Client 19 trained
Client 18 trained
Client 13 uploaded
Client 25 uploaded
Client 19 uploaded
Client 22 uploaded
Client 32 uploaded
Client 30 uploaded
Client 18 uploaded
Client 77 uploaded
Client 82 uploaded
Client 97 uploaded
Epoch(t): 183 accuracy: 69.37 loss 0.9868004673719406 run_time: 7881.781959295273
Current clients: 100 , select: 10
| current_epoch 184 |. Begin client select
SchedulerThread select( 10 clients):
97 | 83 | 9 | 22 | 98 | 80 | 63 | 59 | 96 | 72 |
-----------------------------------------------------------------Schedule complete
Client 96 trained
Client 80 trained
Client 9 trained
Client 83 trained
Client 97 trained
Client 98 trained
Client 22 trained
Client 59 trained
Client 72 trained
Client 63 trained
Client 9 uploaded
Client 22 uploaded
Client 59 uploaded
Client 80 uploaded
Client 63 uploaded
Client 83 uploaded
Client 72 uploaded
Client 96 uploaded
Client 97 uploaded
Client 98 uploaded
Epoch(t): 184 accuracy: 71.33 loss 0.8969682091474533 run_time: 7926.78035402298
Current clients: 100 , select: 10
| current_epoch 185 |. Begin client select
SchedulerThread select( 10 clients):
97 | 74 | 57 | 87 | 72 | 82 | 81 | 79 | 41 | 80 |
-----------------------------------------------------------------Schedule complete
Client 57 trained
Client 74 trained
Client 97 trained
Client 81 trained
Client 80 trained
Client 82 trained
Client 79 trained
Client 72 trained
Client 41 trained
Client 87 trained
Client 57 uploaded
Client 41 uploaded
Client 74 uploaded
Client 80 uploaded
Client 81 uploaded
Client 72 uploaded
Client 79 uploaded
Client 82 uploaded
Client 87 uploaded
Client 97 uploaded
Epoch(t): 185 accuracy: 70.5 loss 0.9494651937484742 run_time: 7970.432106733322
Current clients: 100 , select: 10
| current_epoch 186 |. Begin client select
SchedulerThread select( 10 clients):
40 | 19 | 56 | 8 | 60 | 80 | 38 | 35 | 75 | 7 |
-----------------------------------------------------------------Schedule complete
Client 7 trained
Client 38 trained
Client 80 trained
Client 40 trained
Client 7 uploaded
Client 75 trained
Client 8 trained
Client 56 trained
Client 35 trained
Client 60 trained
Client 19 trained
Client 38 uploaded
Client 8 uploaded
Client 40 uploaded
Client 19 uploaded
Client 35 uploaded
Client 56 uploaded
Client 60 uploaded
Client 80 uploaded
Client 75 uploaded
Epoch(t): 186 accuracy: 68.71 loss 1.044630406498909 run_time: 8004.380571842194
Current clients: 100 , select: 10
| current_epoch 187 |. Begin client select
SchedulerThread select( 10 clients):
45 | 64 | 9 | 39 | 59 | 57 | 4 | 7 | 47 | 36 |
-----------------------------------------------------------------Schedule complete
Client 7 trained
Client 45 trained
Client 64 trained
Client 57 trained
Client 7 uploaded
Client 9 trained
Client 36 trained
Client 4 trained
Client 59 trained
Client 47 trained
Client 39 trained
Client 4 uploaded
Client 9 uploaded
Client 45 uploaded
Client 36 uploaded
Client 57 uploaded
Client 64 uploaded
Client 39 uploaded
Client 47 uploaded
Client 59 uploaded
Epoch(t): 187 accuracy: 71.57 loss 0.902990345954895 run_time: 8037.772733926773
Current clients: 100 , select: 10
| current_epoch 188 |. Begin client select
SchedulerThread select( 10 clients):
9 | 82 | 11 | 78 | 76 | 64 | 49 | 59 | 74 | 70 |
-----------------------------------------------------------------Schedule complete
Client 11 trained
Client 64 trained
Client 76 trained
Client 9 trained
Client 74 trained
Client 82 trained
Client 49 trained
Client 59 trained
Client 78 trained
Client 11 uploaded
Client 70 trained
Client 9 uploaded
Client 49 uploaded
Client 64 uploaded
Client 59 uploaded
Client 74 uploaded
Client 76 uploaded
Client 82 uploaded
Client 70 uploaded
Client 78 uploaded
Epoch(t): 188 accuracy: 71.42 loss 0.9349117159843445 run_time: 8076.659277439117
Current clients: 100 , select: 10
| current_epoch 189 |. Begin client select
SchedulerThread select( 10 clients):
94 | 5 | 57 | 73 | 83 | 24 | 41 | 77 | 60 | 64 |
-----------------------------------------------------------------Schedule complete
Client 24 trained
Client 64 trained
Client 57 trained
Client 5 trained
Client 83 trained
Client 77 trained
Client 60 trained
Client 94 trained
Client 73 trained
Client 41 trained
Client 5 uploaded
Client 24 uploaded
Client 57 uploaded
Client 64 uploaded
Client 41 uploaded
Client 60 uploaded
Client 77 uploaded
Client 83 uploaded
Client 73 uploaded
Client 94 uploaded
Epoch(t): 189 accuracy: 70.91 loss 0.9391295021772385 run_time: 8121.231631755829
Current clients: 100 , select: 10
| current_epoch 190 |. Begin client select
SchedulerThread select( 10 clients):
19 | 7 | 57 | 13 | 43 | 91 | 10 | 64 | 82 | 22 |
-----------------------------------------------------------------Schedule complete
Client 7 trained
Client 64 trained
Client 57 trained
Client 7 uploaded
Client 13 trained
Client 43 trained
Client 82 trained
Client 10 trained
Client 22 trained
Client 91 trained
Client 19 trained
Client 13 uploaded
Client 10 uploaded
Client 19 uploaded
Client 22 uploaded
Client 57 uploaded
Client 43 uploaded
Client 64 uploaded
Client 82 uploaded
Client 91 uploaded
Epoch(t): 190 accuracy: 68.55 loss 1.0255677378177643 run_time: 8164.479686498642
Current clients: 100 , select: 10
| current_epoch 191 |. Begin client select
SchedulerThread select( 10 clients):
5 | 31 | 90 | 56 | 67 | 66 | 78 | 20 | 46 | 47 |
-----------------------------------------------------------------Schedule complete
Client 20 trained
Client 31 trained
Client 5 trained
Client 56 trained
Client 46 trained
Client 67 trained
Client 90 trained
Client 78 trained
Client 47 trained
Client 66 trained
Client 5 uploaded
Client 20 uploaded
Client 31 uploaded
Client 46 uploaded
Client 56 uploaded
Client 47 uploaded
Client 67 uploaded
Client 66 uploaded
Client 78 uploaded
Client 90 uploaded
Epoch(t): 191 accuracy: 70.7 loss 0.9245708614587784 run_time: 8206.926161050797
Current clients: 100 , select: 10
| current_epoch 192 |. Begin client select
SchedulerThread select( 10 clients):
36 | 49 | 52 | 99 | 43 | 86 | 76 | 6 | 80 | 82 |
-----------------------------------------------------------------Schedule complete
Client 76 trained
Client 80 trained
Client 36 trained
Client 43 trained
Client 99 trained
Client 82 trained
Client 49 trained
Client 86 trained
Client 6 trained
Client 52 trained
Client 6 uploaded
Client 36 uploaded
Client 43 uploaded
Client 49 uploaded
Client 52 uploaded
Client 76 uploaded
Client 80 uploaded
Client 82 uploaded
Client 86 uploaded
Client 99 uploaded
Epoch(t): 192 accuracy: 71.62 loss 0.8932515478134155 run_time: 8256.124508619308
Current clients: 100 , select: 10
| current_epoch 193 |. Begin client select
SchedulerThread select( 10 clients):
42 | 8 | 12 | 71 | 86 | 49 | 36 | 32 | 92 | 84 |
-----------------------------------------------------------------Schedule complete
Client 71 trained
Client 8 trained
Client 36 trained
Client 86 trained
Client 12 trained
Client 32 trained
Client 49 trained
Client 92 trained
Client 42 trained
Client 84 trained
Client 8 uploaded
Client 12 uploaded
Client 36 uploaded
Client 32 uploaded
Client 42 uploaded
Client 49 uploaded
Client 71 uploaded
Client 86 uploaded
Client 84 uploaded
Client 92 uploaded
Epoch(t): 193 accuracy: 70.35 loss 0.9597604453563691 run_time: 8301.25192952156
Current clients: 100 , select: 10
| current_epoch 194 |. Begin client select
SchedulerThread select( 10 clients):
77 | 19 | 42 | 10 | 74 | 84 | 18 | 44 | 39 | 83 |
-----------------------------------------------------------------Schedule complete
Client 74 trained
Client 83 trained
Client 77 trained
Client 44 trained
Client 10 trained
Client 42 trained
Client 19 trained
Client 84 trained
Client 39 trained
Client 18 trained
Client 10 uploaded
Client 19 uploaded
Client 18 uploaded
Client 44 uploaded
Client 74 uploaded
Client 42 uploaded
Client 39 uploaded
Client 77 uploaded
Client 83 uploaded
Client 84 uploaded
Epoch(t): 194 accuracy: 71.68 loss 0.9119915890693665 run_time: 8342.889536619186
Current clients: 100 , select: 10
| current_epoch 195 |. Begin client select
SchedulerThread select( 10 clients):
89 | 84 | 50 | 16 | 76 | 90 | 10 | 39 | 71 | 48 |
-----------------------------------------------------------------Schedule complete
Client 50 trained
Client 71 trained
Client 16 trained
Client 76 trained
Client 10 trained
Client 48 trained
Client 90 trained
Client 89 trained
Client 84 trained
Client 39 trained
Client 16 uploaded
Client 10 uploaded
Client 50 uploaded
Client 48 uploaded
Client 39 uploaded
Client 71 uploaded
Client 76 uploaded
Client 84 uploaded
Client 90 uploaded
Client 89 uploaded
Epoch(t): 195 accuracy: 70.04 loss 0.9956269633769989 run_time: 8385.848270893097
Current clients: 100 , select: 10
| current_epoch 196 |. Begin client select
SchedulerThread select( 10 clients):
82 | 42 | 16 | 85 | 89 | 94 | 87 | 67 | 11 | 54 |
-----------------------------------------------------------------Schedule complete
Client 11 trained
Client 54 trained
Client 16 trained
Client 67 trained
Client 11 uploaded
Client 42 trained
Client 89 trained
Client 85 trained
Client 82 trained
Client 87 trained
Client 94 trained
Client 16 uploaded
Client 54 uploaded
Client 42 uploaded
Client 67 uploaded
Client 82 uploaded
Client 85 uploaded
Client 89 uploaded
Client 87 uploaded
Client 94 uploaded
Epoch(t): 196 accuracy: 69.75 loss 0.9939894318580628 run_time: 8432.237330675125
Current clients: 100 , select: 10
| current_epoch 197 |. Begin client select
SchedulerThread select( 10 clients):
65 | 46 | 2 | 39 | 23 | 27 | 43 | 98 | 62 | 24 |
-----------------------------------------------------------------Schedule complete
Client 62 trained
Client 24 trained
Client 23 trained
Client 98 trained
Client 46 trained
Client 43 trained
Client 2 trained
Client 65 trained
Client 27 trained
Client 39 trained
Client 24 uploaded
Client 2 uploaded
Client 23 uploaded
Client 62 uploaded
Client 27 uploaded
Client 43 uploaded
Client 46 uploaded
Client 39 uploaded
Client 65 uploaded
Client 98 uploaded
Epoch(t): 197 accuracy: 71.6 loss 0.890318067073822 run_time: 8476.505630970001
Current clients: 100 , select: 10
| current_epoch 198 |. Begin client select
SchedulerThread select( 10 clients):
28 | 17 | 19 | 9 | 37 | 12 | 64 | 98 | 69 | 94 |
-----------------------------------------------------------------Schedule complete
Client 28 trained
Client 37 trained
Client 64 trained
Client 69 trained
Client 9 trained
Client 98 trained
Client 12 trained
Client 17 trained
Client 94 trained
Client 19 trained
Client 28 uploaded
Client 9 uploaded
Client 12 uploaded
Client 37 uploaded
Client 17 uploaded
Client 19 uploaded
Client 64 uploaded
Client 69 uploaded
Client 98 uploaded
Client 94 uploaded
Epoch(t): 198 accuracy: 70.67 loss 0.936866614818573 run_time: 8520.042306900024
Current clients: 100 , select: 10
| current_epoch 199 |. Begin client select
SchedulerThread select( 10 clients):
67 | 4 | 84 | 43 | 98 | 79 | 16 | 76 | 48 | 19 |
-----------------------------------------------------------------Schedule complete
Client 16 trained
Client 76 trained
Client 79 trained
Client 67 trained
Client 43 trained
Client 98 trained
Client 48 trained
Client 4 trained
Client 19 trained
Client 84 trained
Client 16 uploaded
Client 4 uploaded
Client 19 uploaded
Client 43 uploaded
Client 48 uploaded
Client 67 uploaded
Client 76 uploaded
Client 79 uploaded
Client 84 uploaded
Client 98 uploaded
Epoch(t): 199 accuracy: 70.68 loss 0.944659081697464 run_time: 8566.11695766449
Current clients: 100 , select: 10
| current_epoch 200 |. Begin client select
SchedulerThread select( 10 clients):
20 | 23 | 88 | 98 | 79 | 21 | 92 | 56 | 5 | 52 |
-----------------------------------------------------------------Schedule complete
Client 88 trained
Client 20 trained
Client 23 trained
Client 56 trained
Client 5 trained
Client 79 trained
Client 98 trained
Client 21 trained
Client 92 trained
Client 52 trained
Client 5 uploaded
Client 20 uploaded
Client 23 uploaded
Client 21 uploaded
Client 56 uploaded
Client 52 uploaded
Client 88 uploaded
Client 79 uploaded
Client 92 uploaded
Client 98 uploaded
Epoch(t): 200 accuracy: 71.29 loss 0.9270762121677398 run_time: 8609.733852386475
Current clients: 100 , select: 10
| current_epoch 201 |. Begin client select
SchedulerThread select( 10 clients):
46 | 86 | 92 | 30 | 56 | 78 | 36 | 96 | 95 | 57 |
-----------------------------------------------------------------Schedule complete
Client 57 trained
Client 56 trained
Client 36 trained
Client 46 trained
Client 96 trained
Client 86 trained
Client 30 trained
Client 92 trained
Client 95 trained
Client 78 trained
Client 57 uploaded
Client 36 uploaded
Client 30 uploaded
Client 46 uploaded
Client 56 uploaded
Client 78 uploaded
Client 86 uploaded
Client 96 uploaded
Client 92 uploaded
Client 95 uploaded
Epoch(t): 201 accuracy: 71.46 loss 0.918393919467926 run_time: 8655.06869006157
Current clients: 100 , select: 10
| current_epoch 202 |. Begin client select
SchedulerThread select( 10 clients):
29 | 68 | 30 | 39 | 60 | 24 | 47 | 86 | 73 | 56 |
-----------------------------------------------------------------Schedule complete
Client 68 trained
Client 24 trained
Client 56 trained
Client 86 trained
Client 60 trained
Client 30 trained
Client 73 trained
Client 29 trained
Client 39 trained
Client 47 trained
Client 24 uploaded
Client 68 uploaded
Client 30 uploaded
Client 56 uploaded
Client 29 uploaded
Client 39 uploaded
Client 60 uploaded
Client 47 uploaded
Client 86 uploaded
Client 73 uploaded
Epoch(t): 202 accuracy: 71.86 loss 0.9133345490694046 run_time: 8694.38550901413
Current clients: 100 , select: 10
| current_epoch 203 |. Begin client select
SchedulerThread select( 10 clients):
59 | 98 | 36 | 99 | 48 | 64 | 67 | 53 | 20 | 25 |
-----------------------------------------------------------------Schedule complete
Client 20 trained
Client 64 trained
Client 25 trained
Client 36 trained
Client 99 trained
Client 98 trained
Client 48 trained
Client 67 trained
Client 59 trained
Client 53 trained
Client 20 uploaded
Client 25 uploaded
Client 36 uploaded
Client 64 uploaded
Client 48 uploaded
Client 53 uploaded
Client 59 uploaded
Client 67 uploaded
Client 98 uploaded
Client 99 uploaded
Epoch(t): 203 accuracy: 71.34 loss 0.953956989645958 run_time: 8740.385591506958
Current clients: 100 , select: 10
| current_epoch 204 |. Begin client select
SchedulerThread select( 10 clients):
77 | 17 | 32 | 6 | 82 | 61 | 47 | 70 | 13 | 91 |
-----------------------------------------------------------------Schedule complete
Client 13 trained
Client 77 trained
Client 82 trained
Client 32 trained
Client 17 trained
Client 6 trained
Client 91 trained
Client 61 trained
Client 47 trained
Client 70 trained
Client 13 uploaded
Client 6 uploaded
Client 17 uploaded
Client 32 uploaded
Client 77 uploaded
Client 47 uploaded
Client 61 uploaded
Client 82 uploaded
Client 70 uploaded
Client 91 uploaded
Epoch(t): 204 accuracy: 69.77 loss 0.9770310920476913 run_time: 8787.923419952393
Current clients: 100 , select: 10
| current_epoch 205 |. Begin client select
SchedulerThread select( 10 clients):
66 | 15 | 36 | 10 | 97 | 20 | 34 | 57 | 65 | 18 |
-----------------------------------------------------------------Schedule complete
Client 15 trained
Client 57 trained
Client 20 trained
Client 97 trained
Client 36 trained
Client 10 trained
Client 15 uploaded
Client 34 trained
Client 65 trained
Client 66 trained
Client 18 trained
Client 20 uploaded
Client 10 uploaded
Client 36 uploaded
Client 57 uploaded
Client 18 uploaded
Client 34 uploaded
Client 65 uploaded
Client 66 uploaded
Client 97 uploaded
Epoch(t): 205 accuracy: 71.28 loss 0.9142812287807465 run_time: 8830.788880586624
Current clients: 100 , select: 10
| current_epoch 206 |. Begin client select
SchedulerThread select( 10 clients):
55 | 11 | 28 | 57 | 44 | 3 | 53 | 6 | 50 | 64 |
-----------------------------------------------------------------Schedule complete
Client 11 trained
Client 28 trained
Client 64 trained
Client 50 trained
Client 57 trained
Client 44 trained
Client 6 trained
Client 11 uploaded
Client 55 trained
Client 53 trained
Client 3 trained
Client 28 uploaded
Client 6 uploaded
Client 3 uploaded
Client 50 uploaded
Client 44 uploaded
Client 57 uploaded
Client 64 uploaded
Client 53 uploaded
Client 55 uploaded
Epoch(t): 206 accuracy: 71.24 loss 0.9201202276349068 run_time: 8867.236608743668
Current clients: 100 , select: 10
| current_epoch 207 |. Begin client select
SchedulerThread select( 10 clients):
47 | 30 | 49 | 10 | 28 | 3 | 40 | 12 | 91 | 83 |
-----------------------------------------------------------------Schedule complete
Client 28 trained
Client 83 trained
Client 40 trained
Client 10 trained
Client 30 trained
Client 49 trained
Client 12 trained
Client 91 trained
Client 47 trained
Client 3 trained
Client 28 uploaded
Client 10 uploaded
Client 3 uploaded
Client 12 uploaded
Client 40 uploaded
Client 30 uploaded
Client 49 uploaded
Client 47 uploaded
Client 83 uploaded
Client 91 uploaded
Epoch(t): 207 accuracy: 72.01 loss 0.9078823840618133 run_time: 8912.735794305801
Current clients: 100 , select: 10
| current_epoch 208 |. Begin client select
SchedulerThread select( 10 clients):
42 | 18 | 17 | 4 | 36 | 60 | 89 | 97 | 90 | 57 |
-----------------------------------------------------------------Schedule complete
Client 57 trained
Client 36 trained
Client 97 trained
Client 17 trained
Client 60 trained
Client 4 trained
Client 89 trained
Client 42 trained
Client 90 trained
Client 18 trained
Client 4 uploaded
Client 17 uploaded
Client 36 uploaded
Client 57 uploaded
Client 18 uploaded
Client 42 uploaded
Client 60 uploaded
Client 89 uploaded
Client 90 uploaded
Client 97 uploaded
Epoch(t): 208 accuracy: 70.97 loss 0.9487262862920761 run_time: 8957.723757266998
Current clients: 100 , select: 10
| current_epoch 209 |. Begin client select
SchedulerThread select( 10 clients):
78 | 0 | 10 | 2 | 32 | 27 | 19 | 70 | 93 | 77 |
-----------------------------------------------------------------Schedule complete
Client 93 trained
Client 77 trained
Client 0 trained
Client 32 trained
Client 10 trained
Client 78 trained
Client 27 trained
Client 19 trained
Client 2 trained
Client 70 trained
Client 0 uploaded
Client 2 uploaded
Client 10 uploaded
Client 32 uploaded
Client 19 uploaded
Client 27 uploaded
Client 77 uploaded
Client 93 uploaded
Client 70 uploaded
Client 78 uploaded
Epoch(t): 209 accuracy: 72.13 loss 0.901039292216301 run_time: 9000.043376684189
Current clients: 100 , select: 10
| current_epoch 210 |. Begin client select
SchedulerThread select( 10 clients):
67 | 54 | 14 | 99 | 36 | 30 | 38 | 15 | 6 | 53 |
-----------------------------------------------------------------Schedule complete
Client 38 trained
Client 15 trained
Client 54 trained
Client 99 trained
Client 36 trained
Client 67 trained
Client 30 trained
Client 6 trained
Client 53 trained
Client 14 trained
Client 15 uploaded
Client 38 uploaded
Client 6 uploaded
Client 36 uploaded
Client 14 uploaded
Client 30 uploaded
Client 54 uploaded
Client 67 uploaded
Client 53 uploaded
Client 99 uploaded
Epoch(t): 210 accuracy: 71.4 loss 0.9243410181999206 run_time: 9046.309876203537
Current clients: 100 , select: 10
| current_epoch 211 |. Begin client select
SchedulerThread select( 10 clients):
81 | 79 | 58 | 8 | 14 | 63 | 76 | 68 | 2 | 80 |
-----------------------------------------------------------------Schedule complete
Client 68 trained
Client 80 trained
Client 76 trained
Client 8 trained
Client 79 trained
Client 58 trained
Client 81 trained
Client 63 trained
Client 2 trained
Client 14 trained
Client 2 uploaded
Client 8 uploaded
Client 68 uploaded
Client 14 uploaded
Client 58 uploaded
Client 80 uploaded
Client 63 uploaded
Client 76 uploaded
Client 79 uploaded
Client 81 uploaded
Epoch(t): 211 accuracy: 71.45 loss 0.9273828315734863 run_time: 9083.91996717453
Current clients: 100 , select: 10
| current_epoch 212 |. Begin client select
SchedulerThread select( 10 clients):
65 | 73 | 30 | 91 | 18 | 37 | 54 | 0 | 78 | 45 |
-----------------------------------------------------------------Schedule complete
Client 45 trained
Client 37 trained
Client 0 trained
Client 54 trained
Client 30 trained
Client 73 trained
Client 78 trained
Client 91 trained
Client 0 uploaded
Client 65 trained
Client 18 trained
Client 45 uploaded
Client 37 uploaded
Client 30 uploaded
Client 54 uploaded
Client 18 uploaded
Client 65 uploaded
Client 73 uploaded
Client 78 uploaded
Client 91 uploaded
Epoch(t): 212 accuracy: 70.53 loss 0.9472670376300811 run_time: 9131.332290410995
Current clients: 100 , select: 10
| current_epoch 213 |. Begin client select
SchedulerThread select( 10 clients):
30 | 73 | 53 | 23 | 85 | 10 | 67 | 46 | 8 | 69 |
-----------------------------------------------------------------Schedule complete
Client 23 trained
Client 8 trained
Client 46 trained
Client 10 trained
Client 69 trained
Client 67 trained
Client 30 trained
Client 85 trained
Client 73 trained
Client 53 trained
Client 8 uploaded
Client 23 uploaded
Client 10 uploaded
Client 30 uploaded
Client 46 uploaded
Client 53 uploaded
Client 67 uploaded
Client 69 uploaded
Client 73 uploaded
Client 85 uploaded
Epoch(t): 213 accuracy: 71.49 loss 0.9364386904239654 run_time: 9171.95115494728
Current clients: 100 , select: 10
| current_epoch 214 |. Begin client select
SchedulerThread select( 10 clients):
64 | 70 | 2 | 49 | 60 | 5 | 81 | 47 | 32 | 95 |
-----------------------------------------------------------------Schedule complete
Client 64 trained
Client 5 trained
Client 32 trained
Client 81 trained
Client 49 trained
Client 60 trained
Client 2 trained
Client 95 trained
Client 47 trained
Client 70 trained
Client 5 uploaded
Client 2 uploaded
Client 32 uploaded
Client 64 uploaded
Client 49 uploaded
Client 47 uploaded
Client 60 uploaded
Client 81 uploaded
Client 70 uploaded
Client 95 uploaded
Epoch(t): 214 accuracy: 71.34 loss 0.9344476872682571 run_time: 9218.779116868973
Current clients: 100 , select: 10
| current_epoch 215 |. Begin client select
SchedulerThread select( 10 clients):
2 | 45 | 8 | 44 | 30 | 93 | 84 | 80 | 13 | 98 |
-----------------------------------------------------------------Schedule complete
Client 45 trained
Client 93 trained
Client 13 trained
Client 80 trained
Client 8 trained
Client 44 trained
Client 98 trained
Client 30 trained
Client 2 trained
Client 84 trained
Client 13 uploaded
Client 2 uploaded
Client 8 uploaded
Client 45 uploaded
Client 30 uploaded
Client 44 uploaded
Client 80 uploaded
Client 84 uploaded
Client 93 uploaded
Client 98 uploaded
Epoch(t): 215 accuracy: 71.56 loss 0.9283910724520683 run_time: 9262.541143655777
Current clients: 100 , select: 10
| current_epoch 216 |. Begin client select
SchedulerThread select( 10 clients):
74 | 94 | 96 | 42 | 17 | 5 | 45 | 69 | 43 | 82 |
-----------------------------------------------------------------Schedule complete
Client 45 trained
Client 74 trained
Client 96 trained
Client 69 trained
Client 5 trained
Client 17 trained
Client 43 trained
Client 82 trained
Client 42 trained
Client 94 trained
Client 5 uploaded
Client 45 uploaded
Client 17 uploaded
Client 43 uploaded
Client 42 uploaded
Client 69 uploaded
Client 74 uploaded
Client 82 uploaded
Client 96 uploaded
Client 94 uploaded
Epoch(t): 216 accuracy: 72.13 loss 0.87943612575531 run_time: 9307.627300739288
Current clients: 100 , select: 10
| current_epoch 217 |. Begin client select
SchedulerThread select( 10 clients):
22 | 99 | 87 | 59 | 89 | 61 | 80 | 23 | 17 | 8 |
-----------------------------------------------------------------Schedule complete
Client 80 trained
Client 23 trained
Client 8 trained
Client 99 trained
Client 17 trained
Client 22 trained
Client 59 trained
Client 89 trained
Client 61 trained
Client 87 trained
Client 8 uploaded
Client 23 uploaded
Client 17 uploaded
Client 22 uploaded
Client 80 uploaded
Client 59 uploaded
Client 61 uploaded
Client 87 uploaded
Client 89 uploaded
Client 99 uploaded
Epoch(t): 217 accuracy: 71.49 loss 0.9271423894166947 run_time: 9353.44970202446
Current clients: 100 , select: 10
| current_epoch 218 |. Begin client select
SchedulerThread select( 10 clients):
91 | 99 | 58 | 4 | 37 | 25 | 5 | 40 | 39 | 65 |
-----------------------------------------------------------------Schedule complete
Client 37 trained
Client 40 trained
Client 25 trained
Client 5 trained
Client 99 trained
Client 58 trained
Client 4 trained
Client 91 trained
Client 65 trained
Client 39 trained
Client 5 uploaded
Client 4 uploaded
Client 37 uploaded
Client 25 uploaded
Client 40 uploaded
Client 39 uploaded
Client 58 uploaded
Client 65 uploaded
Client 91 uploaded
Client 99 uploaded
Epoch(t): 218 accuracy: 71.95 loss 0.9027351939678192 run_time: 9399.092034101486
Current clients: 100 , select: 10
| current_epoch 219 |. Begin client select
SchedulerThread select( 10 clients):
50 | 69 | 60 | 32 | 4 | 96 | 82 | 24 | 36 | 45 |
-----------------------------------------------------------------Schedule complete
Client 45 trained
Client 24 trained
Client 50 trained
Client 96 trained
Client 36 trained
Client 69 trained
Client 82 trained
Client 32 trained
Client 4 trained
Client 60 trained
Client 4 uploaded
Client 24 uploaded
Client 45 uploaded
Client 50 uploaded
Client 36 uploaded
Client 32 uploaded
Client 60 uploaded
Client 69 uploaded
Client 82 uploaded
Client 96 uploaded
Epoch(t): 219 accuracy: 71.95 loss 0.9159837591648102 run_time: 9440.942889928818
Current clients: 100 , select: 10
| current_epoch 220 |. Begin client select
SchedulerThread select( 10 clients):
99 | 6 | 83 | 42 | 34 | 15 | 47 | 55 | 51 | 95 |
-----------------------------------------------------------------Schedule complete
Client 15 trained
Client 51 trained
Client 83 trained
Client 99 trained
Client 6 trained
Client 42 trained
Client 95 trained
Client 15 uploaded
Client 55 trained
Client 47 trained
Client 34 trained
Client 51 uploaded
Client 6 uploaded
Client 42 uploaded
Client 34 uploaded
Client 47 uploaded
Client 83 uploaded
Client 55 uploaded
Client 99 uploaded
Client 95 uploaded
Epoch(t): 220 accuracy: 71.06 loss 0.9248491725325585 run_time: 9487.803820371628
Current clients: 100 , select: 10
| current_epoch 221 |. Begin client select
SchedulerThread select( 10 clients):
56 | 49 | 43 | 23 | 63 | 88 | 47 | 66 | 34 | 10 |
-----------------------------------------------------------------Schedule complete
Client 88 trained
Client 23 trained
Client 56 trained
Client 10 trained
Client 43 trained
Client 49 trained
Client 63 trained
Client 47 trained
Client 66 trained
Client 34 trained
Client 23 uploaded
Client 10 uploaded
Client 43 uploaded
Client 56 uploaded
Client 34 uploaded
Client 88 uploaded
Client 49 uploaded
Client 47 uploaded
Client 63 uploaded
Client 66 uploaded
Epoch(t): 221 accuracy: 71.15 loss 0.937191179394722 run_time: 9527.555988073349
Current clients: 100 , select: 10
| current_epoch 222 |. Begin client select
SchedulerThread select( 10 clients):
93 | 54 | 10 | 55 | 77 | 23 | 69 | 37 | 41 | 13 |
-----------------------------------------------------------------Schedule complete
Client 93 trained
Client 13 trained
Client 37 trained
Client 23 trained
Client 77 trained
Client 54 trained
Client 69 trained
Client 10 trained
Client 41 trained
Client 55 trained
Client 13 uploaded
Client 10 uploaded
Client 23 uploaded
Client 37 uploaded
Client 41 uploaded
Client 54 uploaded
Client 55 uploaded
Client 69 uploaded
Client 77 uploaded
Client 93 uploaded
Epoch(t): 222 accuracy: 70.54 loss 0.9798682719469071 run_time: 9565.686473846436
Current clients: 100 , select: 10
| current_epoch 223 |. Begin client select
SchedulerThread select( 10 clients):
10 | 41 | 84 | 37 | 39 | 57 | 77 | 91 | 54 | 21 |
-----------------------------------------------------------------Schedule complete
Client 57 trained
Client 37 trained
Client 54 trained
Client 77 trained
Client 10 trained
Client 21 trained
Client 84 trained
Client 91 trained
Client 41 trained
Client 39 trained
Client 10 uploaded
Client 37 uploaded
Client 21 uploaded
Client 57 uploaded
Client 54 uploaded
Client 41 uploaded
Client 39 uploaded
Client 77 uploaded
Client 84 uploaded
Client 91 uploaded
Epoch(t): 223 accuracy: 70.72 loss 0.9878563547134399 run_time: 9611.521066904068
Current clients: 100 , select: 10
| current_epoch 224 |. Begin client select
SchedulerThread select( 10 clients):
88 | 56 | 44 | 57 | 5 | 93 | 45 | 78 | 55 | 35 |
-----------------------------------------------------------------Schedule complete
Client 45 trained
Client 88 trained
Client 93 trained
Client 57 trained
Client 5 trained
Client 56 trained
Client 35 trained
Client 44 trained
Client 78 trained
Client 55 trained
Client 5 uploaded
Client 45 uploaded
Client 35 uploaded
Client 44 uploaded
Client 57 uploaded
Client 56 uploaded
Client 55 uploaded
Client 88 uploaded
Client 78 uploaded
Client 93 uploaded
Epoch(t): 224 accuracy: 71.29 loss 0.9401385563611985 run_time: 9649.91417002678
Current clients: 100 , select: 10
| current_epoch 225 |. Begin client select
SchedulerThread select( 10 clients):
81 | 7 | 9 | 85 | 51 | 46 | 65 | 95 | 86 | 20 |
-----------------------------------------------------------------Schedule complete
Client 7 trained
Client 51 trained
Client 7 uploaded
Client 20 trained
Client 9 trained
Client 46 trained
Client 81 trained
Client 86 trained
Client 85 trained
Client 95 trained
Client 65 trained
Client 9 uploaded
Client 20 uploaded
Client 51 uploaded
Client 46 uploaded
Client 65 uploaded
Client 81 uploaded
Client 85 uploaded
Client 86 uploaded
Client 95 uploaded
Epoch(t): 225 accuracy: 71.83 loss 0.9277867209911347 run_time: 9693.332061290741
Current clients: 100 , select: 10
| current_epoch 226 |. Begin client select
SchedulerThread select( 10 clients):
3 | 18 | 77 | 86 | 56 | 4 | 16 | 8 | 30 | 99 |
-----------------------------------------------------------------Schedule complete
Client 77 trained
Client 8 trained
Client 56 trained
Client 99 trained
Client 86 trained
Client 16 trained
Client 30 trained
Client 4 trained
Client 3 trained
Client 18 trained
Client 8 uploaded
Client 4 uploaded
Client 3 uploaded
Client 16 uploaded
Client 30 uploaded
Client 18 uploaded
Client 56 uploaded
Client 77 uploaded
Client 86 uploaded
Client 99 uploaded
Epoch(t): 226 accuracy: 71.86 loss 0.928613338470459 run_time: 9738.87563586235
Current clients: 100 , select: 10
| current_epoch 227 |. Begin client select
SchedulerThread select( 10 clients):
82 | 46 | 49 | 72 | 4 | 77 | 19 | 86 | 57 | 47 |
-----------------------------------------------------------------Schedule complete
Client 57 trained
Client 77 trained
Client 46 trained
Client 86 trained
Client 49 trained
Client 82 trained
Client 4 trained
Client 19 trained
Client 72 trained
Client 47 trained
Client 4 uploaded
Client 57 uploaded
Client 19 uploaded
Client 46 uploaded
Client 49 uploaded
Client 47 uploaded
Client 77 uploaded
Client 72 uploaded
Client 82 uploaded
Client 86 uploaded
Epoch(t): 227 accuracy: 70.34 loss 0.9745833760499955 run_time: 9779.462862491608
Current clients: 100 , select: 10
| current_epoch 228 |. Begin client select
SchedulerThread select( 10 clients):
47 | 56 | 97 | 9 | 73 | 17 | 67 | 46 | 50 | 40 |
-----------------------------------------------------------------Schedule complete
Client 40 trained
Client 50 trained
Client 97 trained
Client 9 trained
Client 46 trained
Client 56 trained
Client 17 trained
Client 67 trained
Client 73 trained
Client 47 trained
Client 9 uploaded
Client 17 uploaded
Client 40 uploaded
Client 50 uploaded
Client 46 uploaded
Client 56 uploaded
Client 47 uploaded
Client 67 uploaded
Client 73 uploaded
Client 97 uploaded
Epoch(t): 228 accuracy: 71.44 loss 0.9106242579221725 run_time: 9823.650686502457
Current clients: 100 , select: 10
| current_epoch 229 |. Begin client select
SchedulerThread select( 10 clients):
83 | 35 | 31 | 14 | 3 | 94 | 23 | 63 | 66 | 49 |
-----------------------------------------------------------------Schedule complete
Client 23 trained
Client 83 trained
Client 31 trained
Client 35 trained
Client 49 trained
Client 63 trained
Client 94 trained
Client 66 trained
Client 3 trained
Client 14 trained
Client 23 uploaded
Client 31 uploaded
Client 3 uploaded
Client 35 uploaded
Client 14 uploaded
Client 49 uploaded
Client 83 uploaded
Client 63 uploaded
Client 66 uploaded
Client 94 uploaded
Epoch(t): 229 accuracy: 71.88 loss 0.9282466852664948 run_time: 9870.638491630554
Current clients: 100 , select: 10
| current_epoch 230 |. Begin client select
SchedulerThread select( 10 clients):
71 | 15 | 33 | 99 | 90 | 57 | 27 | 78 | 36 | 88 |
-----------------------------------------------------------------Schedule complete
Client 15 trained
Client 57 trained
Client 88 trained
Client 71 trained
Client 36 trained
Client 99 trained
Client 90 trained
Client 78 trained
Client 27 trained
Client 33 trained
Client 15 uploaded
Client 36 uploaded
Client 27 uploaded
Client 57 uploaded
Client 33 uploaded
Client 71 uploaded
Client 88 uploaded
Client 78 uploaded
Client 90 uploaded
Client 99 uploaded
Epoch(t): 230 accuracy: 71.89 loss 0.9034983974695205 run_time: 9916.183390378952
Current clients: 100 , select: 10
| current_epoch 231 |. Begin client select
SchedulerThread select( 10 clients):
62 | 25 | 15 | 17 | 9 | 57 | 22 | 91 | 56 | 11 |
-----------------------------------------------------------------Schedule complete
Client 11 trained
Client 62 trained
Client 15 trained
Client 57 trained
Client 25 trained
Client 56 trained
Client 9 trained
Client 22 trained
Client 17 trained
Client 91 trained
Client 11 uploaded
Client 15 uploaded
Client 9 uploaded
Client 25 uploaded
Client 17 uploaded
Client 22 uploaded
Client 62 uploaded
Client 57 uploaded
Client 56 uploaded
Client 91 uploaded
Epoch(t): 231 accuracy: 70.66 loss 0.9499537932872772 run_time: 9958.14193534851
Current clients: 100 , select: 10
| current_epoch 232 |. Begin client select
SchedulerThread select( 10 clients):
87 | 40 | 85 | 44 | 90 | 8 | 70 | 69 | 37 | 38 |
-----------------------------------------------------------------Schedule complete
Client 38 trained
Client 37 trained
Client 40 trained
Client 8 trained
Client 69 trained
Client 44 trained
Client 90 trained
Client 85 trained
Client 87 trained
Client 70 trained
Client 38 uploaded
Client 8 uploaded
Client 37 uploaded
Client 40 uploaded
Client 44 uploaded
Client 69 uploaded
Client 70 uploaded
Client 85 uploaded
Client 90 uploaded
Client 87 uploaded
Epoch(t): 232 accuracy: 71.8 loss 0.8972858148813248 run_time: 9999.903347969055
Current clients: 100 , select: 10
| current_epoch 233 |. Begin client select
SchedulerThread select( 10 clients):
20 | 91 | 90 | 89 | 81 | 22 | 46 | 65 | 28 | 15 |
-----------------------------------------------------------------Schedule complete
Client 15 trained
Client 28 trained
Client 20 trained
Client 46 trained
Client 81 trained
Client 22 trained
Client 89 trained
Client 90 trained
Client 65 trained
Client 91 trained
Client 15 uploaded
Client 20 uploaded
Client 28 uploaded
Client 22 uploaded
Client 46 uploaded
Client 65 uploaded
Client 81 uploaded
Client 89 uploaded
Client 90 uploaded
Client 91 uploaded
Epoch(t): 233 accuracy: 71.68 loss 0.9153239268064499 run_time: 10044.379998207092
Current clients: 100 , select: 10
| current_epoch 234 |. Begin client select
SchedulerThread select( 10 clients):
25 | 17 | 30 | 63 | 3 | 46 | 70 | 73 | 47 | 59 |
-----------------------------------------------------------------Schedule complete
Client 25 trained
Client 46 trained
Client 17 trained
Client 30 trained
Client 59 trained
Client 73 trained
Client 63 trained
Client 47 trained
Client 70 trained
Client 3 trained
Client 25 uploaded
Client 17 uploaded
Client 3 uploaded
Client 30 uploaded
Client 46 uploaded
Client 47 uploaded
Client 59 uploaded
Client 63 uploaded
Client 73 uploaded
Client 70 uploaded
Epoch(t): 234 accuracy: 72.72 loss 0.8898343351483345 run_time: 10086.416435956955
Current clients: 100 , select: 10
| current_epoch 235 |. Begin client select
SchedulerThread select( 10 clients):
70 | 16 | 78 | 11 | 8 | 39 | 50 | 91 | 92 | 61 |
-----------------------------------------------------------------Schedule complete
Client 11 trained
Client 50 trained
Client 8 trained
Client 16 trained
Client 11 uploaded
Client 92 trained
Client 78 trained
Client 61 trained
Client 91 trained
Client 70 trained
Client 39 trained
Client 8 uploaded
Client 16 uploaded
Client 50 uploaded
Client 39 uploaded
Client 61 uploaded
Client 70 uploaded
Client 78 uploaded
Client 92 uploaded
Client 91 uploaded
Epoch(t): 235 accuracy: 71.79 loss 0.9592675775289535 run_time: 10132.112688064575
Current clients: 100 , select: 10
| current_epoch 236 |. Begin client select
SchedulerThread select( 10 clients):
67 | 52 | 98 | 73 | 9 | 16 | 40 | 82 | 57 | 59 |
-----------------------------------------------------------------Schedule complete
Client 40 trained
Client 16 trained
Client 9 trained
Client 57 trained
Client 82 trained
Client 98 trained
Client 59 trained
Client 73 trained
Client 67 trained
Client 52 trained
Client 9 uploaded
Client 16 uploaded
Client 40 uploaded
Client 57 uploaded
Client 52 uploaded
Client 59 uploaded
Client 67 uploaded
Client 82 uploaded
Client 73 uploaded
Client 98 uploaded
Epoch(t): 236 accuracy: 71.65 loss 0.9398617604374886 run_time: 10175.412396907806
Current clients: 100 , select: 10
| current_epoch 237 |. Begin client select
SchedulerThread select( 10 clients):
87 | 66 | 44 | 16 | 99 | 70 | 81 | 75 | 23 | 98 |
-----------------------------------------------------------------Schedule complete
Client 23 trained
Client 16 trained
Client 99 trained
Client 44 trained
Client 81 trained
Client 75 trained
Client 98 trained
Client 70 trained
Client 87 trained
Client 66 trained
Client 16 uploaded
Client 23 uploaded
Client 44 uploaded
Client 75 uploaded
Client 66 uploaded
Client 81 uploaded
Client 70 uploaded
Client 87 uploaded
Client 98 uploaded
Client 99 uploaded
Epoch(t): 237 accuracy: 72.24 loss 0.9020240134000779 run_time: 10221.383800268173
Current clients: 100 , select: 10
| current_epoch 238 |. Begin client select
SchedulerThread select( 10 clients):
16 | 55 | 64 | 7 | 15 | 66 | 19 | 38 | 21 | 20 |
-----------------------------------------------------------------Schedule complete
Client 7 trained
Client 38 trained
Client 15 trained
Client 64 trained
Client 20 trained
Client 16 trained
Client 7 uploaded
Client 21 trained
Client 19 trained
Client 55 trained
Client 66 trained
Client 15 uploaded
Client 38 uploaded
Client 16 uploaded
Client 20 uploaded
Client 21 uploaded
Client 19 uploaded
Client 64 uploaded
Client 55 uploaded
Client 66 uploaded
Epoch(t): 238 accuracy: 70.43 loss 0.998950383067131 run_time: 10255.682795763016
Current clients: 100 , select: 10
| current_epoch 239 |. Begin client select
SchedulerThread select( 10 clients):
41 | 90 | 28 | 44 | 66 | 36 | 10 | 32 | 25 | 81 |
-----------------------------------------------------------------Schedule complete
Client 28 trained
Client 10 trained
Client 36 trained
Client 81 trained
Client 25 trained
Client 90 trained
Client 32 trained
Client 44 trained
Client 66 trained
Client 41 trained
Client 10 uploaded
Client 28 uploaded
Client 25 uploaded
Client 36 uploaded
Client 32 uploaded
Client 44 uploaded
Client 41 uploaded
Client 66 uploaded
Client 81 uploaded
Client 90 uploaded
Epoch(t): 239 accuracy: 70.96 loss 0.9711988985538482 run_time: 10296.441509008408
Current clients: 100 , select: 10
| current_epoch 240 |. Begin client select
SchedulerThread select( 10 clients):
70 | 35 | 16 | 80 | 38 | 78 | 68 | 11 | 64 | 82 |
-----------------------------------------------------------------Schedule complete
Client 38 trained
Client 11 trained
Client 68 trained
Client 80 trained
Client 64 trained
Client 16 trained
Client 35 trained
Client 82 trained
Client 78 trained
Client 70 trained
Client 11 uploaded
Client 38 uploaded
Client 16 uploaded
Client 35 uploaded
Client 68 uploaded
Client 64 uploaded
Client 80 uploaded
Client 70 uploaded
Client 82 uploaded
Client 78 uploaded
Epoch(t): 240 accuracy: 71.77 loss 0.9313318282365799 run_time: 10331.149373054504
Current clients: 100 , select: 10
| current_epoch 241 |. Begin client select
SchedulerThread select( 10 clients):
21 | 75 | 74 | 19 | 84 | 79 | 92 | 77 | 43 | 72 |
-----------------------------------------------------------------Schedule complete
Client 74 trained
Client 77 trained
Client 75 trained
Client 79 trained
Client 43 trained
Client 21 trained
Client 92 trained
Client 19 trained
Client 72 trained
Client 84 trained
Client 21 uploaded
Client 19 uploaded
Client 43 uploaded
Client 74 uploaded
Client 77 uploaded
Client 75 uploaded
Client 79 uploaded
Client 72 uploaded
Client 84 uploaded
Client 92 uploaded
Epoch(t): 241 accuracy: 71.92 loss 0.8949487960338592 run_time: 10376.406754732132
Current clients: 100 , select: 10
| current_epoch 242 |. Begin client select
SchedulerThread select( 10 clients):
5 | 3 | 10 | 82 | 98 | 73 | 33 | 83 | 26 | 53 |
-----------------------------------------------------------------Schedule complete
Client 83 trained
Client 5 trained
Client 10 trained
Client 82 trained
Client 98 trained
Client 33 trained
Client 73 trained
Client 3 trained
Client 53 trained
Client 26 trained
Client 5 uploaded
Client 10 uploaded
Client 3 uploaded
Client 33 uploaded
Client 26 uploaded
Client 83 uploaded
Client 53 uploaded
Client 82 uploaded
Client 73 uploaded
Client 98 uploaded
Epoch(t): 242 accuracy: 70.65 loss 0.9980998891592026 run_time: 10422.405930757523
Current clients: 100 , select: 10
| current_epoch 243 |. Begin client select
SchedulerThread select( 10 clients):
79 | 81 | 3 | 63 | 80 | 69 | 37 | 82 | 38 | 61 |
-----------------------------------------------------------------Schedule complete
Client 38 trained
Client 37 trained
Client 80 trained
Client 69 trained
Client 79 trained
Client 81 trained
Client 82 trained
Client 63 trained
Client 61 trained
Client 3 trained
Client 38 uploaded
Client 37 uploaded
Client 3 uploaded
Client 69 uploaded
Client 80 uploaded
Client 61 uploaded
Client 63 uploaded
Client 79 uploaded
Client 81 uploaded
Client 82 uploaded
Epoch(t): 243 accuracy: 72.47 loss 0.9111940848827362 run_time: 10459.687684297562
Current clients: 100 , select: 10
| current_epoch 244 |. Begin client select
SchedulerThread select( 10 clients):
31 | 87 | 51 | 38 | 58 | 9 | 88 | 7 | 20 | 56 |
-----------------------------------------------------------------Schedule complete
Client 7 trained
Client 38 trained
Client 88 trained
Client 51 trained
Client 20 trained
Client 31 trained
Client 7 uploaded
Client 9 trained
Client 56 trained
Client 58 trained
Client 87 trained
Client 38 uploaded
Client 9 uploaded
Client 20 uploaded
Client 31 uploaded
Client 51 uploaded
Client 56 uploaded
Client 58 uploaded
Client 88 uploaded
Client 87 uploaded
Epoch(t): 244 accuracy: 71.58 loss 0.9182338494062424 run_time: 10497.070825099945
Current clients: 100 , select: 10
| current_epoch 245 |. Begin client select
SchedulerThread select( 10 clients):
53 | 61 | 59 | 26 | 43 | 77 | 18 | 40 | 91 | 93 |
-----------------------------------------------------------------Schedule complete
Client 93 trained
Client 40 trained
Client 77 trained
Client 43 trained
Client 59 trained
Client 91 trained
Client 61 trained
Client 53 trained
Client 18 trained
Client 26 trained
Client 40 uploaded
Client 43 uploaded
Client 18 uploaded
Client 26 uploaded
Client 77 uploaded
Client 59 uploaded
Client 53 uploaded
Client 61 uploaded
Client 93 uploaded
Client 91 uploaded
Epoch(t): 245 accuracy: 70.87 loss 0.9611462527513503 run_time: 10542.009267091751
Current clients: 100 , select: 10
| current_epoch 246 |. Begin client select
SchedulerThread select( 10 clients):
44 | 51 | 16 | 97 | 47 | 65 | 71 | 13 | 40 | 30 |
-----------------------------------------------------------------Schedule complete
Client 51 trained
Client 13 trained
Client 40 trained
Client 16 trained
Client 71 trained
Client 97 trained
Client 44 trained
Client 30 trained
Client 47 trained
Client 65 trained
Client 13 uploaded
Client 16 uploaded
Client 40 uploaded
Client 51 uploaded
Client 30 uploaded
Client 44 uploaded
Client 47 uploaded
Client 71 uploaded
Client 65 uploaded
Client 97 uploaded
Epoch(t): 246 accuracy: 70.36 loss 0.9752331322431564 run_time: 10583.699099302292
Current clients: 100 , select: 10
| current_epoch 247 |. Begin client select
SchedulerThread select( 10 clients):
59 | 15 | 34 | 57 | 31 | 18 | 12 | 6 | 37 | 49 |
-----------------------------------------------------------------Schedule complete
Client 15 trained
Client 57 trained
Client 37 trained
Client 31 trained
Client 49 trained
Client 59 trained
Client 6 trained
Client 12 trained
Client 34 trained
Client 18 trained
Client 15 uploaded
Client 6 uploaded
Client 31 uploaded
Client 37 uploaded
Client 12 uploaded
Client 57 uploaded
Client 18 uploaded
Client 34 uploaded
Client 49 uploaded
Client 59 uploaded
Epoch(t): 247 accuracy: 69.75 loss 1.020522159934044 run_time: 10618.029170274734
Current clients: 100 , select: 10
| current_epoch 248 |. Begin client select
SchedulerThread select( 10 clients):
78 | 53 | 31 | 20 | 41 | 73 | 92 | 40 | 24 | 97 |
-----------------------------------------------------------------Schedule complete
Client 20 trained
Client 40 trained
Client 24 trained
Client 31 trained
Client 97 trained
Client 92 trained
Client 78 trained
Client 73 trained
Client 41 trained
Client 53 trained
Client 20 uploaded
Client 24 uploaded
Client 40 uploaded
Client 31 uploaded
Client 41 uploaded
Client 53 uploaded
Client 73 uploaded
Client 78 uploaded
Client 97 uploaded
Client 92 uploaded
Epoch(t): 248 accuracy: 71.82 loss 0.9319505506753921 run_time: 10661.105714321136
Current clients: 100 , select: 10
| current_epoch 249 |. Begin client select
SchedulerThread select( 10 clients):
20 | 63 | 65 | 59 | 39 | 2 | 11 | 50 | 64 | 58 |
-----------------------------------------------------------------Schedule complete
Client 11 trained
Client 20 trained
Client 64 trained
Client 50 trained
Client 58 trained
Client 59 trained
Client 2 trained
Client 63 trained
Client 11 uploaded
Client 65 trained
Client 39 trained
Client 2 uploaded
Client 20 uploaded
Client 50 uploaded
Client 64 uploaded
Client 58 uploaded
Client 39 uploaded
Client 59 uploaded
Client 63 uploaded
Client 65 uploaded
Epoch(t): 249 accuracy: 72.45 loss 0.9212751799821853 run_time: 10696.894510030746
Current clients: 100 , select: 10
| current_epoch 250 |. Begin client select
SchedulerThread select( 10 clients):
30 | 27 | 74 | 45 | 6 | 36 | 63 | 76 | 83 | 86 |
-----------------------------------------------------------------Schedule complete
Client 45 trained
Client 74 trained
Client 76 trained
Client 83 trained
Client 36 trained
Client 86 trained
Client 30 trained
Client 63 trained
Client 6 trained
Client 27 trained
Client 6 uploaded
Client 45 uploaded
Client 27 uploaded
Client 36 uploaded
Client 30 uploaded
Client 74 uploaded
Client 63 uploaded
Client 76 uploaded
Client 83 uploaded
Client 86 uploaded
Epoch(t): 250 accuracy: 71.79 loss 0.912731590270996 run_time: 10734.6860435009
Current clients: 100 , select: 10
| current_epoch 251 |. Begin client select
SchedulerThread select( 10 clients):
60 | 36 | 68 | 1 | 13 | 55 | 17 | 33 | 93 | 46 |
-----------------------------------------------------------------Schedule complete
Client 68 trained
Client 93 trained
Client 13 trained
Client 36 trained
Client 46 trained
Client 17 trained
Client 60 trained
Client 33 trained
Client 55 trained
Client 1 trained
Client 13 uploaded
Client 1 uploaded
Client 17 uploaded
Client 68 uploaded
Client 36 uploaded
Client 33 uploaded
Client 46 uploaded
Client 60 uploaded
Client 55 uploaded
Client 93 uploaded
Epoch(t): 251 accuracy: 73.04 loss 0.8755913543701171 run_time: 10772.080975532532
Current clients: 100 , select: 10
| current_epoch 252 |. Begin client select
SchedulerThread select( 10 clients):
97 | 51 | 46 | 5 | 6 | 72 | 71 | 24 | 70 | 36 |
-----------------------------------------------------------------Schedule complete
Client 51 trained
Client 24 trained
Client 71 trained
Client 97 trained
Client 36 trained
Client 46 trained
Client 5 trained
Client 6 trained
Client 72 trained
Client 70 trained
Client 5 uploaded
Client 6 uploaded
Client 24 uploaded
Client 51 uploaded
Client 36 uploaded
Client 46 uploaded
Client 71 uploaded
Client 72 uploaded
Client 70 uploaded
Client 97 uploaded
Epoch(t): 252 accuracy: 70.99 loss 0.9781229382753373 run_time: 10814.694346189499
Current clients: 100 , select: 10
| current_epoch 253 |. Begin client select
SchedulerThread select( 10 clients):
9 | 49 | 64 | 57 | 97 | 70 | 35 | 79 | 87 | 78 |
-----------------------------------------------------------------Schedule complete
Client 64 trained
Client 57 trained
Client 9 trained
Client 97 trained
Client 35 trained
Client 49 trained
Client 79 trained
Client 78 trained
Client 87 trained
Client 70 trained
Client 9 uploaded
Client 57 uploaded
Client 35 uploaded
Client 64 uploaded
Client 49 uploaded
Client 79 uploaded
Client 70 uploaded
Client 78 uploaded
Client 87 uploaded
Client 97 uploaded
Epoch(t): 253 accuracy: 73.02 loss 0.8974623298645019 run_time: 10859.750017404556
Current clients: 100 , select: 10
| current_epoch 254 |. Begin client select
SchedulerThread select( 10 clients):
15 | 16 | 12 | 50 | 47 | 43 | 71 | 46 | 96 | 18 |
-----------------------------------------------------------------Schedule complete
Client 15 trained
Client 50 trained
Client 96 trained
Client 71 trained
Client 16 trained
Client 46 trained
Client 43 trained
Client 12 trained
Client 47 trained
Client 18 trained
Client 15 uploaded
Client 16 uploaded
Client 12 uploaded
Client 50 uploaded
Client 18 uploaded
Client 46 uploaded
Client 43 uploaded
Client 47 uploaded
Client 71 uploaded
Client 96 uploaded
Epoch(t): 254 accuracy: 70.73 loss 0.9862138313055039 run_time: 10900.821587085724
Current clients: 100 , select: 10
| current_epoch 255 |. Begin client select
SchedulerThread select( 10 clients):
25 | 77 | 65 | 51 | 64 | 5 | 4 | 17 | 91 | 42 |
-----------------------------------------------------------------Schedule complete
Client 51 trained
Client 64 trained
Client 77 trained
Client 25 trained
Client 5 trained
Client 17 trained
Client 4 trained
Client 42 trained
Client 91 trained
Client 65 trained
Client 5 uploaded
Client 4 uploaded
Client 25 uploaded
Client 51 uploaded
Client 17 uploaded
Client 64 uploaded
Client 42 uploaded
Client 77 uploaded
Client 65 uploaded
Client 91 uploaded
Epoch(t): 255 accuracy: 72.74 loss 0.8804643547534943 run_time: 10944.383546829224
Current clients: 100 , select: 10
| current_epoch 256 |. Begin client select
SchedulerThread select( 10 clients):
60 | 66 | 58 | 19 | 77 | 65 | 17 | 41 | 78 | 40 |
-----------------------------------------------------------------Schedule complete
Client 40 trained
Client 77 trained
Client 58 trained
Client 17 trained
Client 78 trained
Client 19 trained
Client 60 trained
Client 41 trained
Client 65 trained
Client 66 trained
Client 40 uploaded
Client 17 uploaded
Client 19 uploaded
Client 58 uploaded
Client 41 uploaded
Client 77 uploaded
Client 60 uploaded
Client 65 uploaded
Client 66 uploaded
Client 78 uploaded
Epoch(t): 256 accuracy: 72.91 loss 0.8968118345737457 run_time: 10985.20365357399
Current clients: 100 , select: 10
| current_epoch 257 |. Begin client select
SchedulerThread select( 10 clients):
20 | 50 | 78 | 94 | 38 | 75 | 43 | 64 | 65 | 68 |
-----------------------------------------------------------------Schedule complete
Client 38 trained
Client 68 trained
Client 20 trained
Client 64 trained
Client 50 trained
Client 75 trained
Client 43 trained
Client 78 trained
Client 94 trained
Client 65 trained
Client 38 uploaded
Client 20 uploaded
Client 50 uploaded
Client 68 uploaded
Client 43 uploaded
Client 64 uploaded
Client 75 uploaded
Client 65 uploaded
Client 78 uploaded
Client 94 uploaded
Epoch(t): 257 accuracy: 72.48 loss 0.9008533281087875 run_time: 11027.674525499344
Current clients: 100 , select: 10
| current_epoch 258 |. Begin client select
SchedulerThread select( 10 clients):
62 | 90 | 72 | 38 | 60 | 2 | 47 | 42 | 86 | 14 |
-----------------------------------------------------------------Schedule complete
Client 38 trained
Client 62 trained
Client 86 trained
Client 60 trained
Client 90 trained
Client 42 trained
Client 72 trained
Client 2 trained
Client 47 trained
Client 14 trained
Client 38 uploaded
Client 2 uploaded
Client 62 uploaded
Client 14 uploaded
Client 42 uploaded
Client 60 uploaded
Client 47 uploaded
Client 72 uploaded
Client 86 uploaded
Client 90 uploaded
Epoch(t): 258 accuracy: 72.4 loss 0.8914428192377091 run_time: 11068.665387392044
Current clients: 100 , select: 10
| current_epoch 259 |. Begin client select
SchedulerThread select( 10 clients):
53 | 74 | 39 | 92 | 88 | 80 | 3 | 76 | 60 | 33 |
-----------------------------------------------------------------Schedule complete
Client 88 trained
Client 80 trained
Client 76 trained
Client 74 trained
Client 92 trained
Client 60 trained
Client 33 trained
Client 53 trained
Client 39 trained
Client 3 trained
Client 3 uploaded
Client 33 uploaded
Client 80 uploaded
Client 88 uploaded
Client 60 uploaded
Client 39 uploaded
Client 74 uploaded
Client 76 uploaded
Client 53 uploaded
Client 92 uploaded
Epoch(t): 259 accuracy: 71.65 loss 0.9934448581933976 run_time: 11112.820103168488
Current clients: 100 , select: 10
| current_epoch 260 |. Begin client select
SchedulerThread select( 10 clients):
83 | 99 | 74 | 73 | 29 | 92 | 6 | 61 | 21 | 67 |
-----------------------------------------------------------------Schedule complete
Client 74 trained
Client 83 trained
Client 99 trained
Client 21 trained
Client 67 trained
Client 92 trained
Client 6 trained
Client 73 trained
Client 61 trained
Client 29 trained
Client 6 uploaded
Client 21 uploaded
Client 29 uploaded
Client 74 uploaded
Client 67 uploaded
Client 61 uploaded
Client 83 uploaded
Client 73 uploaded
Client 92 uploaded
Client 99 uploaded
Epoch(t): 260 accuracy: 73.45 loss 0.8791439539194107 run_time: 11159.00166463852
Current clients: 100 , select: 10
| current_epoch 261 |. Begin client select
SchedulerThread select( 10 clients):
80 | 92 | 79 | 99 | 48 | 18 | 87 | 31 | 4 | 73 |
-----------------------------------------------------------------Schedule complete
Client 31 trained
Client 80 trained
Client 79 trained
Client 99 trained
Client 48 trained
Client 4 trained
Client 92 trained
Client 73 trained
Client 87 trained
Client 18 trained
Client 4 uploaded
Client 31 uploaded
Client 18 uploaded
Client 48 uploaded
Client 80 uploaded
Client 79 uploaded
Client 73 uploaded
Client 87 uploaded
Client 92 uploaded
Client 99 uploaded
Epoch(t): 261 accuracy: 71.63 loss 0.9490414619445801 run_time: 11205.246302127838
Current clients: 100 , select: 10
| current_epoch 262 |. Begin client select
SchedulerThread select( 10 clients):
89 | 14 | 24 | 2 | 56 | 40 | 53 | 19 | 52 | 88 |
-----------------------------------------------------------------Schedule complete
Client 88 trained
Client 40 trained
Client 24 trained
Client 56 trained
Client 89 trained
Client 19 trained
Client 52 trained
Client 2 trained
Client 53 trained
Client 14 trained
Client 24 uploaded
Client 40 uploaded
Client 2 uploaded
Client 19 uploaded
Client 56 uploaded
Client 14 uploaded
Client 88 uploaded
Client 52 uploaded
Client 53 uploaded
Client 89 uploaded
Epoch(t): 262 accuracy: 72.21 loss 0.942937234044075 run_time: 11251.145931959152
Current clients: 100 , select: 10
| current_epoch 263 |. Begin client select
SchedulerThread select( 10 clients):
26 | 52 | 64 | 99 | 78 | 60 | 94 | 93 | 7 | 90 |
-----------------------------------------------------------------Schedule complete
Client 7 trained
Client 7 uploaded
Client 93 trained
Client 64 trained
Client 99 trained
Client 60 trained
Client 90 trained
Client 78 trained
Client 94 trained
Client 52 trained
Client 26 trained
Client 64 uploaded
Client 26 uploaded
Client 60 uploaded
Client 52 uploaded
Client 93 uploaded
Client 78 uploaded
Client 90 uploaded
Client 99 uploaded
Client 94 uploaded
Epoch(t): 263 accuracy: 70.93 loss 0.9681181824207306 run_time: 11299.668941020966
Current clients: 100 , select: 10
| current_epoch 264 |. Begin client select
SchedulerThread select( 10 clients):
17 | 66 | 26 | 71 | 41 | 84 | 61 | 67 | 48 | 40 |
-----------------------------------------------------------------Schedule complete
Client 40 trained
Client 71 trained
Client 17 trained
Client 67 trained
Client 48 trained
Client 84 trained
Client 61 trained
Client 41 trained
Client 66 trained
Client 26 trained
Client 40 uploaded
Client 17 uploaded
Client 71 uploaded
Client 48 uploaded
Client 67 uploaded
Client 26 uploaded
Client 41 uploaded
Client 61 uploaded
Client 66 uploaded
Client 84 uploaded
Epoch(t): 264 accuracy: 71.46 loss 0.9645307046175003 run_time: 11347.259777069092
Current clients: 100 , select: 10
| current_epoch 265 |. Begin client select
SchedulerThread select( 10 clients):
22 | 58 | 68 | 43 | 69 | 45 | 86 | 98 | 92 | 87 |
-----------------------------------------------------------------Schedule complete
Client 68 trained
Client 45 trained
Client 69 trained
Client 58 trained
Client 86 trained
Client 43 trained
Client 98 trained
Client 22 trained
Client 92 trained
Client 87 trained
Client 45 uploaded
Client 68 uploaded
Client 22 uploaded
Client 43 uploaded
Client 58 uploaded
Client 69 uploaded
Client 86 uploaded
Client 87 uploaded
Client 92 uploaded
Client 98 uploaded
Epoch(t): 265 accuracy: 72.08 loss 0.9070350450277328 run_time: 11396.269877672195
Current clients: 100 , select: 10
| current_epoch 266 |. Begin client select
SchedulerThread select( 10 clients):
82 | 88 | 33 | 78 | 61 | 24 | 31 | 35 | 71 | 38 |
-----------------------------------------------------------------Schedule complete
Client 38 trained
Client 88 trained
Client 24 trained
Client 31 trained
Client 71 trained
Client 35 trained
Client 82 trained
Client 78 trained
Client 33 trained
Client 61 trained
Client 38 uploaded
Client 24 uploaded
Client 31 uploaded
Client 35 uploaded
Client 33 uploaded
Client 88 uploaded
Client 71 uploaded
Client 61 uploaded
Client 82 uploaded
Client 78 uploaded
Epoch(t): 266 accuracy: 72.25 loss 0.9336032730340957 run_time: 11436.624867677689
Current clients: 100 , select: 10
| current_epoch 267 |. Begin client select
SchedulerThread select( 10 clients):
28 | 38 | 98 | 36 | 90 | 26 | 88 | 62 | 40 | 61 |
-----------------------------------------------------------------Schedule complete
Client 38 trained
Client 62 trained
Client 88 trained
Client 28 trained
Client 40 trained
Client 36 trained
Client 98 trained
Client 90 trained
Client 61 trained
Client 26 trained
Client 38 uploaded
Client 28 uploaded
Client 62 uploaded
Client 40 uploaded
Client 36 uploaded
Client 26 uploaded
Client 61 uploaded
Client 88 uploaded
Client 90 uploaded
Client 98 uploaded
Epoch(t): 267 accuracy: 70.58 loss 0.9660521721839905 run_time: 11480.199581384659
Current clients: 100 , select: 10
| current_epoch 268 |. Begin client select
SchedulerThread select( 10 clients):
44 | 71 | 92 | 35 | 36 | 15 | 73 | 86 | 69 | 48 |
-----------------------------------------------------------------Schedule complete
Client 15 trained
Client 71 trained
Client 69 trained
Client 36 trained
Client 86 trained
Client 92 trained
Client 35 trained
Client 48 trained
Client 44 trained
Client 73 trained
Client 15 uploaded
Client 36 uploaded
Client 35 uploaded
Client 44 uploaded
Client 48 uploaded
Client 71 uploaded
Client 69 uploaded
Client 73 uploaded
Client 86 uploaded
Client 92 uploaded
Epoch(t): 268 accuracy: 72.96 loss 0.8915275698900222 run_time: 11527.205701828003
Current clients: 100 , select: 10
| current_epoch 269 |. Begin client select
SchedulerThread select( 10 clients):
50 | 44 | 98 | 18 | 37 | 5 | 36 | 91 | 10 | 56 |
-----------------------------------------------------------------Schedule complete
Client 50 trained
Client 37 trained
Client 36 trained
Client 56 trained
Client 5 trained
Client 98 trained
Client 10 trained
Client 44 trained
Client 91 trained
Client 18 trained
Client 5 uploaded
Client 10 uploaded
Client 50 uploaded
Client 37 uploaded
Client 36 uploaded
Client 18 uploaded
Client 56 uploaded
Client 44 uploaded
Client 98 uploaded
Client 91 uploaded
Epoch(t): 269 accuracy: 72.47 loss 0.9093568629026413 run_time: 11576.148904561996
Current clients: 100 , select: 10
| current_epoch 270 |. Begin client select
SchedulerThread select( 10 clients):
83 | 32 | 95 | 61 | 27 | 25 | 68 | 34 | 71 | 89 |
-----------------------------------------------------------------Schedule complete
Client 68 trained
Client 71 trained
Client 83 trained
Client 25 trained
Client 32 trained
Client 89 trained
Client 61 trained
Client 95 trained
Client 27 trained
Client 34 trained
Client 68 uploaded
Client 25 uploaded
Client 32 uploaded
Client 27 uploaded
Client 71 uploaded
Client 34 uploaded
Client 83 uploaded
Client 61 uploaded
Client 89 uploaded
Client 95 uploaded
Epoch(t): 270 accuracy: 71.48 loss 0.9660032039880753 run_time: 11625.586062908173
Current clients: 100 , select: 10
| current_epoch 271 |. Begin client select
SchedulerThread select( 10 clients):
34 | 17 | 13 | 78 | 94 | 75 | 30 | 31 | 6 | 85 |
-----------------------------------------------------------------Schedule complete
Client 13 trained
Client 31 trained
Client 75 trained
Client 17 trained
Client 30 trained
Client 6 trained
Client 85 trained
Client 78 trained
Client 94 trained
Client 34 trained
Client 13 uploaded
Client 31 uploaded
Client 17 uploaded
Client 6 uploaded
Client 30 uploaded
Client 34 uploaded
Client 75 uploaded
Client 78 uploaded
Client 85 uploaded
Client 94 uploaded
Epoch(t): 271 accuracy: 72.45 loss 0.9022270077466965 run_time: 11676.331051111221
Current clients: 100 , select: 10
| current_epoch 272 |. Begin client select
SchedulerThread select( 10 clients):
67 | 28 | 81 | 29 | 6 | 12 | 52 | 42 | 91 | 60 |
-----------------------------------------------------------------Schedule complete
Client 28 trained
Client 81 trained
Client 67 trained
Client 12 trained
Client 60 trained
Client 42 trained
Client 6 trained
Client 52 trained
Client 91 trained
Client 29 trained
Client 28 uploaded
Client 6 uploaded
Client 12 uploaded
Client 42 uploaded
Client 29 uploaded
Client 52 uploaded
Client 60 uploaded
Client 67 uploaded
Client 81 uploaded
Client 91 uploaded
Epoch(t): 272 accuracy: 73.23 loss 0.8819352632761002 run_time: 11727.42607665062
Current clients: 100 , select: 10
| current_epoch 273 |. Begin client select
SchedulerThread select( 10 clients):
12 | 87 | 98 | 17 | 0 | 70 | 20 | 52 | 83 | 60 |
-----------------------------------------------------------------Schedule complete
Client 20 trained
Client 83 trained
Client 0 trained
Client 98 trained
Client 17 trained
Client 60 trained
Client 12 trained
Client 52 trained
Client 87 trained
Client 0 uploaded
Client 70 trained
Client 20 uploaded
Client 12 uploaded
Client 17 uploaded
Client 52 uploaded
Client 83 uploaded
Client 60 uploaded
Client 70 uploaded
Client 87 uploaded
Client 98 uploaded
Epoch(t): 273 accuracy: 70.85 loss 1.002486082315445 run_time: 11774.885421991348
Current clients: 100 , select: 10
| current_epoch 274 |. Begin client select
SchedulerThread select( 10 clients):
61 | 83 | 25 | 96 | 36 | 41 | 82 | 7 | 98 | 11 |
-----------------------------------------------------------------Schedule complete
Client 7 trained
Client 11 trained
Client 7 uploaded
Client 83 trained
Client 25 trained
Client 96 trained
Client 36 trained
Client 11 uploaded
Client 98 trained
Client 82 trained
Client 61 trained
Client 41 trained
Client 25 uploaded
Client 36 uploaded
Client 41 uploaded
Client 61 uploaded
Client 83 uploaded
Client 82 uploaded
Client 96 uploaded
Client 98 uploaded
Epoch(t): 274 accuracy: 72.28 loss 0.921346223950386 run_time: 11820.840181589127
Current clients: 100 , select: 10
| current_epoch 275 |. Begin client select
SchedulerThread select( 10 clients):
83 | 73 | 29 | 68 | 94 | 92 | 4 | 22 | 53 | 50 |
-----------------------------------------------------------------Schedule complete
Client 68 trained
Client 50 trained
Client 83 trained
Client 92 trained
Client 4 trained
Client 22 trained
Client 94 trained
Client 73 trained
Client 29 trained
Client 53 trained
Client 4 uploaded
Client 68 uploaded
Client 50 uploaded
Client 22 uploaded
Client 29 uploaded
Client 83 uploaded
Client 53 uploaded
Client 73 uploaded
Client 92 uploaded
Client 94 uploaded
Epoch(t): 275 accuracy: 72.94 loss 0.8890464514493942 run_time: 11870.423253297806
Current clients: 100 , select: 10
| current_epoch 276 |. Begin client select
SchedulerThread select( 10 clients):
63 | 23 | 95 | 37 | 4 | 1 | 38 | 72 | 77 | 13 |
-----------------------------------------------------------------Schedule complete
Client 38 trained
Client 37 trained
Client 13 trained
Client 23 trained
Client 77 trained
Client 4 trained
Client 63 trained
Client 72 trained
Client 95 trained
Client 1 trained
Client 38 uploaded
Client 13 uploaded
Client 4 uploaded
Client 1 uploaded
Client 23 uploaded
Client 37 uploaded
Client 77 uploaded
Client 63 uploaded
Client 72 uploaded
Client 95 uploaded
Epoch(t): 276 accuracy: 71.55 loss 0.9407813239097595 run_time: 11918.883583068848
Current clients: 100 , select: 10
| current_epoch 277 |. Begin client select
SchedulerThread select( 10 clients):
42 | 36 | 58 | 82 | 69 | 67 | 63 | 17 | 64 | 59 |
-----------------------------------------------------------------Schedule complete
Client 64 trained
Client 36 trained
Client 69 trained
Client 82 trained
Client 58 trained
Client 17 trained
Client 67 trained
Client 42 trained
Client 59 trained
Client 63 trained
Client 17 uploaded
Client 36 uploaded
Client 64 uploaded
Client 42 uploaded
Client 58 uploaded
Client 69 uploaded
Client 59 uploaded
Client 67 uploaded
Client 63 uploaded
Client 82 uploaded
Epoch(t): 277 accuracy: 73.13 loss 0.8832662904262543 run_time: 11961.987056732178
Current clients: 100 , select: 10
| current_epoch 278 |. Begin client select
SchedulerThread select( 10 clients):
34 | 24 | 14 | 42 | 20 | 93 | 58 | 82 | 32 | 91 |
-----------------------------------------------------------------Schedule complete
Client 93 trained
Client 20 trained
Client 24 trained
Client 58 trained
Client 82 trained
Client 32 trained
Client 42 trained
Client 91 trained
Client 34 trained
Client 14 trained
Client 20 uploaded
Client 24 uploaded
Client 32 uploaded
Client 14 uploaded
Client 42 uploaded
Client 34 uploaded
Client 58 uploaded
Client 93 uploaded
Client 82 uploaded
Client 91 uploaded
Epoch(t): 278 accuracy: 71.77 loss 0.928904190659523 run_time: 12010.749373197556
Current clients: 100 , select: 10
| current_epoch 279 |. Begin client select
SchedulerThread select( 10 clients):
23 | 1 | 94 | 43 | 37 | 72 | 86 | 96 | 24 | 22 |
-----------------------------------------------------------------Schedule complete
Client 37 trained
Client 24 trained
Client 23 trained
Client 96 trained
Client 43 trained
Client 86 trained
Client 22 trained
Client 72 trained
Client 94 trained
Client 1 trained
Client 24 uploaded
Client 37 uploaded
Client 23 uploaded
Client 1 uploaded
Client 22 uploaded
Client 43 uploaded
Client 72 uploaded
Client 86 uploaded
Client 96 uploaded
Client 94 uploaded
Epoch(t): 279 accuracy: 71.89 loss 0.9306972128152847 run_time: 12059.618102788925
Current clients: 100 , select: 10
| current_epoch 280 |. Begin client select
SchedulerThread select( 10 clients):
78 | 81 | 51 | 54 | 65 | 41 | 11 | 85 | 12 | 23 |
-----------------------------------------------------------------Schedule complete
Client 11 trained
Client 51 trained
Client 23 trained
Client 54 trained
Client 11 uploaded
Client 81 trained
Client 12 trained
Client 85 trained
Client 78 trained
Client 65 trained
Client 41 trained
Client 23 uploaded
Client 51 uploaded
Client 12 uploaded
Client 54 uploaded
Client 41 uploaded
Client 65 uploaded
Client 81 uploaded
Client 78 uploaded
Client 85 uploaded
Epoch(t): 280 accuracy: 72.18 loss 0.9343852594494819 run_time: 12102.497483730316
Current clients: 100 , select: 10
| current_epoch 281 |. Begin client select
SchedulerThread select( 10 clients):
17 | 61 | 41 | 31 | 0 | 33 | 49 | 30 | 57 | 96 |
-----------------------------------------------------------------Schedule complete
Client 57 trained
Client 96 trained
Client 0 trained
Client 31 trained
Client 17 trained
Client 30 trained
Client 49 trained
Client 61 trained
Client 33 trained
Client 41 trained
Client 0 uploaded
Client 17 uploaded
Client 31 uploaded
Client 57 uploaded
Client 30 uploaded
Client 33 uploaded
Client 49 uploaded
Client 41 uploaded
Client 61 uploaded
Client 96 uploaded
Epoch(t): 281 accuracy: 71.79 loss 0.961886956691742 run_time: 12146.249982595444
Current clients: 100 , select: 10
| current_epoch 282 |. Begin client select
SchedulerThread select( 10 clients):
34 | 42 | 38 | 74 | 92 | 73 | 1 | 33 | 83 | 46 |
-----------------------------------------------------------------Schedule complete
Client 38 trained
Client 83 trained
Client 74 trained
Client 46 trained
Client 92 trained
Client 38 uploaded
Client 42 trained
Client 73 trained
Client 33 trained
Client 1 trained
Client 34 trained
Client 1 uploaded
Client 46 uploaded
Client 74 uploaded
Client 83 uploaded
Client 33 uploaded
Client 42 uploaded
Client 34 uploaded
Client 73 uploaded
Client 92 uploaded
Epoch(t): 282 accuracy: 72.37 loss 0.9166380196809769 run_time: 12195.282435655594
Current clients: 100 , select: 10
| current_epoch 283 |. Begin client select
SchedulerThread select( 10 clients):
88 | 30 | 7 | 85 | 15 | 59 | 39 | 20 | 51 | 87 |
-----------------------------------------------------------------Schedule complete
Client 7 trained
Client 15 trained
Client 88 trained
Client 7 uploaded
Client 51 trained
Client 20 trained
Client 30 trained
Client 85 trained
Client 59 trained
Client 15 uploaded
Client 87 trained
Client 39 trained
Client 20 uploaded
Client 51 uploaded
Client 30 uploaded
Client 39 uploaded
Client 88 uploaded
Client 59 uploaded
Client 85 uploaded
Client 87 uploaded
Epoch(t): 283 accuracy: 73.88 loss 0.8860842168331147 run_time: 12239.219096422195
Current clients: 100 , select: 10
| current_epoch 284 |. Begin client select
SchedulerThread select( 10 clients):
64 | 90 | 98 | 39 | 88 | 15 | 81 | 37 | 47 | 78 |
-----------------------------------------------------------------Schedule complete
Client 15 trained
Client 64 trained
Client 37 trained
Client 88 trained
Client 81 trained
Client 15 uploaded
Client 98 trained
Client 78 trained
Client 90 trained
Client 47 trained
Client 39 trained
Client 37 uploaded
Client 64 uploaded
Client 39 uploaded
Client 47 uploaded
Client 88 uploaded
Client 81 uploaded
Client 78 uploaded
Client 90 uploaded
Client 98 uploaded
Epoch(t): 284 accuracy: 72.59 loss 0.917811906337738 run_time: 12286.41505908966
Current clients: 100 , select: 10
| current_epoch 285 |. Begin client select
SchedulerThread select( 10 clients):
28 | 17 | 61 | 19 | 58 | 95 | 77 | 47 | 53 | 89 |
-----------------------------------------------------------------Schedule complete
Client 28 trained
Client 77 trained
Client 17 trained
Client 58 trained
Client 89 trained
Client 95 trained
Client 19 trained
Client 61 trained
Client 47 trained
Client 53 trained
Client 28 uploaded
Client 17 uploaded
Client 19 uploaded
Client 58 uploaded
Client 77 uploaded
Client 47 uploaded
Client 53 uploaded
Client 61 uploaded
Client 89 uploaded
Client 95 uploaded
Epoch(t): 285 accuracy: 73.59 loss 0.8813172423839569 run_time: 12338.353691339493
Current clients: 100 , select: 10
| current_epoch 286 |. Begin client select
SchedulerThread select( 10 clients):
70 | 60 | 96 | 68 | 85 | 27 | 97 | 31 | 87 | 76 |
-----------------------------------------------------------------Schedule complete
Client 68 trained
Client 31 trained
Client 96 trained
Client 76 trained
Client 97 trained
Client 60 trained
Client 85 trained
Client 27 trained
Client 87 trained
Client 70 trained
Client 68 uploaded
Client 31 uploaded
Client 27 uploaded
Client 60 uploaded
Client 76 uploaded
Client 70 uploaded
Client 85 uploaded
Client 96 uploaded
Client 87 uploaded
Client 97 uploaded
Epoch(t): 286 accuracy: 73.5 loss 0.896434894502163 run_time: 12384.559204101562
Current clients: 100 , select: 10
| current_epoch 287 |. Begin client select
SchedulerThread select( 10 clients):
10 | 67 | 57 | 90 | 46 | 9 | 72 | 14 | 7 | 70 |
-----------------------------------------------------------------Schedule complete
Client 7 trained
Client 7 uploaded
Client 57 trained
Client 46 trained
Client 9 trained
Client 10 trained
Client 67 trained
Client 90 trained
Client 72 trained
Client 70 trained
Client 14 trained
Client 9 uploaded
Client 10 uploaded
Client 57 uploaded
Client 46 uploaded
Client 14 uploaded
Client 67 uploaded
Client 72 uploaded
Client 70 uploaded
Client 90 uploaded
Epoch(t): 287 accuracy: 72.01 loss 0.9428882867097854 run_time: 12428.800787210464
Current clients: 100 , select: 10
| current_epoch 288 |. Begin client select
SchedulerThread select( 10 clients):
64 | 25 | 73 | 68 | 19 | 21 | 41 | 66 | 56 | 14 |
-----------------------------------------------------------------Schedule complete
Client 68 trained
Client 64 trained
Client 25 trained
Client 56 trained
Client 21 trained
Client 73 trained
Client 19 trained
Client 41 trained
Client 66 trained
Client 14 trained
Client 25 uploaded
Client 68 uploaded
Client 21 uploaded
Client 64 uploaded
Client 19 uploaded
Client 56 uploaded
Client 14 uploaded
Client 41 uploaded
Client 66 uploaded
Client 73 uploaded
Epoch(t): 288 accuracy: 72.66 loss 0.965798150897026 run_time: 12471.842598199844
Current clients: 100 , select: 10
| current_epoch 289 |. Begin client select
SchedulerThread select( 10 clients):
87 | 26 | 91 | 74 | 62 | 11 | 65 | 57 | 7 | 58 |
-----------------------------------------------------------------Schedule complete
Client 7 trained
Client 11 trained
Client 62 trained
Client 7 uploaded
Client 57 trained
Client 74 trained
Client 58 trained
Client 11 uploaded
Client 91 trained
Client 65 trained
Client 87 trained
Client 26 trained
Client 62 uploaded
Client 57 uploaded
Client 58 uploaded
Client 26 uploaded
Client 74 uploaded
Client 65 uploaded
Client 87 uploaded
Client 91 uploaded
Epoch(t): 289 accuracy: 71.98 loss 0.9348677748441696 run_time: 12519.090158224106
Current clients: 100 , select: 10
| current_epoch 290 |. Begin client select
SchedulerThread select( 10 clients):
16 | 65 | 53 | 58 | 72 | 7 | 71 | 59 | 86 | 39 |
-----------------------------------------------------------------Schedule complete
Client 7 trained
Client 7 uploaded
Client 16 trained
Client 71 trained
Client 86 trained
Client 58 trained
Client 59 trained
Client 72 trained
Client 65 trained
Client 39 trained
Client 53 trained
Client 16 uploaded
Client 58 uploaded
Client 71 uploaded
Client 39 uploaded
Client 59 uploaded
Client 53 uploaded
Client 86 uploaded
Client 65 uploaded
Client 72 uploaded
Epoch(t): 290 accuracy: 73.45 loss 0.8977369809150696 run_time: 12563.206314086914
Current clients: 100 , select: 10
| current_epoch 291 |. Begin client select
SchedulerThread select( 10 clients):
92 | 2 | 50 | 32 | 0 | 95 | 27 | 74 | 9 | 5 |
-----------------------------------------------------------------Schedule complete
Client 50 trained
Client 74 trained
Client 0 trained
Client 5 trained
Client 32 trained
Client 9 trained
Client 92 trained
Client 95 trained
Client 27 trained
Client 2 trained
Client 0 uploaded
Client 5 uploaded
Client 2 uploaded
Client 9 uploaded
Client 50 uploaded
Client 32 uploaded
Client 27 uploaded
Client 74 uploaded
Client 92 uploaded
Client 95 uploaded
Epoch(t): 291 accuracy: 72.31 loss 0.9438628941774369 run_time: 12611.137616634369
Current clients: 100 , select: 10
| current_epoch 292 |. Begin client select
SchedulerThread select( 10 clients):
54 | 44 | 89 | 8 | 69 | 7 | 60 | 4 | 36 | 52 |
-----------------------------------------------------------------Schedule complete
Client 7 trained
Client 7 uploaded
Client 8 trained
Client 36 trained
Client 54 trained
Client 69 trained
Client 44 trained
Client 4 trained
Client 60 trained
Client 89 trained
Client 52 trained
Client 8 uploaded
Client 4 uploaded
Client 36 uploaded
Client 54 uploaded
Client 44 uploaded
Client 52 uploaded
Client 60 uploaded
Client 69 uploaded
Client 89 uploaded
Epoch(t): 292 accuracy: 73.63 loss 0.8906027698516845 run_time: 12656.086131811142
Current clients: 100 , select: 10
| current_epoch 293 |. Begin client select
SchedulerThread select( 10 clients):
23 | 98 | 17 | 82 | 93 | 53 | 47 | 48 | 57 | 10 |
-----------------------------------------------------------------Schedule complete
Client 93 trained
Client 57 trained
Client 23 trained
Client 10 trained
Client 82 trained
Client 17 trained
Client 98 trained
Client 48 trained
Client 47 trained
Client 53 trained
Client 23 uploaded
Client 10 uploaded
Client 17 uploaded
Client 57 uploaded
Client 48 uploaded
Client 47 uploaded
Client 53 uploaded
Client 93 uploaded
Client 82 uploaded
Client 98 uploaded
Epoch(t): 293 accuracy: 72.24 loss 0.9423717242479325 run_time: 12703.399850130081
Current clients: 100 , select: 10
| current_epoch 294 |. Begin client select
SchedulerThread select( 10 clients):
87 | 84 | 69 | 17 | 83 | 44 | 15 | 22 | 68 | 50 |
-----------------------------------------------------------------Schedule complete
Client 68 trained
Client 15 trained
Client 50 trained
Client 83 trained
Client 69 trained
Client 17 trained
Client 44 trained
Client 22 trained
Client 84 trained
Client 87 trained
Client 15 uploaded
Client 17 uploaded
Client 68 uploaded
Client 50 uploaded
Client 22 uploaded
Client 44 uploaded
Client 69 uploaded
Client 83 uploaded
Client 84 uploaded
Client 87 uploaded
Epoch(t): 294 accuracy: 72.01 loss 0.936590228676796 run_time: 12748.757248163223
Current clients: 100 , select: 10
| current_epoch 295 |. Begin client select
SchedulerThread select( 10 clients):
67 | 16 | 93 | 28 | 0 | 96 | 2 | 38 | 59 | 86 |
-----------------------------------------------------------------Schedule complete
Client 38 trained
Client 93 trained
Client 28 trained
Client 96 trained
Client 16 trained
Client 0 trained
Client 86 trained
Client 67 trained
Client 59 trained
Client 2 trained
Client 0 uploaded
Client 38 uploaded
Client 2 uploaded
Client 28 uploaded
Client 16 uploaded
Client 59 uploaded
Client 67 uploaded
Client 93 uploaded
Client 86 uploaded
Client 96 uploaded
Epoch(t): 295 accuracy: 70.66 loss 1.0060756313800812 run_time: 12791.613632202148
Current clients: 100 , select: 10
| current_epoch 296 |. Begin client select
SchedulerThread select( 10 clients):
92 | 69 | 54 | 68 | 48 | 29 | 31 | 58 | 44 | 19 |
-----------------------------------------------------------------Schedule complete
Client 68 trained
Client 54 trained
Client 31 trained
Client 69 trained
Client 58 trained
Client 92 trained
Client 48 trained
Client 44 trained
Client 19 trained
Client 29 trained
Client 68 uploaded
Client 31 uploaded
Client 19 uploaded
Client 29 uploaded
Client 54 uploaded
Client 48 uploaded
Client 44 uploaded
Client 58 uploaded
Client 69 uploaded
Client 92 uploaded
Epoch(t): 296 accuracy: 70.66 loss 1.004403058886528 run_time: 12837.42299413681
Current clients: 100 , select: 10
| current_epoch 297 |. Begin client select
SchedulerThread select( 10 clients):
35 | 24 | 92 | 97 | 14 | 4 | 84 | 53 | 78 | 98 |
-----------------------------------------------------------------Schedule complete
Client 24 trained
Client 35 trained
Client 97 trained
Client 98 trained
Client 4 trained
Client 92 trained
Client 78 trained
Client 84 trained
Client 14 trained
Client 53 trained
Client 24 uploaded
Client 4 uploaded
Client 35 uploaded
Client 14 uploaded
Client 53 uploaded
Client 78 uploaded
Client 84 uploaded
Client 97 uploaded
Client 92 uploaded
Client 98 uploaded
Epoch(t): 297 accuracy: 73.11 loss 0.9267106279730797 run_time: 12887.31682419777
Current clients: 100 , select: 10
| current_epoch 298 |. Begin client select
SchedulerThread select( 10 clients):
2 | 30 | 26 | 8 | 12 | 76 | 4 | 57 | 86 | 90 |
-----------------------------------------------------------------Schedule complete
Client 57 trained
Client 76 trained
Client 8 trained
Client 86 trained
Client 30 trained
Client 12 trained
Client 90 trained
Client 4 trained
Client 2 trained
Client 26 trained
Client 8 uploaded
Client 2 uploaded
Client 4 uploaded
Client 12 uploaded
Client 57 uploaded
Client 30 uploaded
Client 26 uploaded
Client 76 uploaded
Client 86 uploaded
Client 90 uploaded
Epoch(t): 298 accuracy: 72.81 loss 0.9330549603700637 run_time: 12933.002522230148
Current clients: 100 , select: 10
| current_epoch 299 |. Begin client select
SchedulerThread select( 10 clients):
6 | 31 | 94 | 5 | 51 | 56 | 29 | 69 | 27 | 96 |
-----------------------------------------------------------------Schedule complete
Client 51 trained
Client 96 trained
Client 31 trained
Client 69 trained
Client 56 trained
Client 5 trained
Client 6 trained
Client 94 trained
Client 27 trained
Client 29 trained
Client 5 uploaded
Client 51 uploaded
Client 6 uploaded
Client 31 uploaded
Client 27 uploaded
Client 29 uploaded
Client 56 uploaded
Client 69 uploaded
Client 96 uploaded
Client 94 uploaded
Epoch(t): 299 accuracy: 71.85 loss 0.9418239378929139 run_time: 12980.604740142822
Current clients: 100 , select: 10
| current_epoch 300 |. Begin client select
SchedulerThread select( 10 clients):
99 | 7 | 17 | 64 | 37 | 29 | 93 | 73 | 40 | 76 |
-----------------------------------------------------------------Schedule complete
Client 7 trained
Client 93 trained
Client 7 uploaded
Client 64 trained
Client 37 trained
Client 40 trained
Client 76 trained
Client 99 trained
Client 17 trained
Client 73 trained
Client 29 trained
Client 17 uploaded
Client 37 uploaded
Client 40 uploaded
Client 29 uploaded
Client 64 uploaded
Client 76 uploaded
Client 73 uploaded
Client 93 uploaded
Client 99 uploaded
Epoch(t): 300 accuracy: 70.96 loss 0.9903998637199402 run_time: 13025.356695890427
Current clients: 100 , select: 10
| current_epoch 301 |. Begin client select
SchedulerThread select( 10 clients):
98 | 86 | 41 | 30 | 38 | 18 | 84 | 66 | 28 | 52 |
-----------------------------------------------------------------Schedule complete
Client 38 trained
Client 28 trained
Client 98 trained
Client 86 trained
Client 30 trained
Client 38 uploaded
Client 52 trained
Client 41 trained
Client 84 trained
Client 66 trained
Client 18 trained
Client 28 uploaded
Client 30 uploaded
Client 18 uploaded
Client 41 uploaded
Client 52 uploaded
Client 86 uploaded
Client 66 uploaded
Client 84 uploaded
Client 98 uploaded
Epoch(t): 301 accuracy: 72.98 loss 0.8940262085199356 run_time: 13073.670570135117
Current clients: 100 , select: 10
| current_epoch 302 |. Begin client select
SchedulerThread select( 10 clients):
38 | 35 | 7 | 71 | 75 | 94 | 22 | 80 | 86 | 54 |
-----------------------------------------------------------------Schedule complete
Client 7 trained
Client 38 trained
Client 7 uploaded
Client 80 trained
Client 54 trained
Client 71 trained
Client 75 trained
Client 86 trained
Client 22 trained
Client 35 trained
Client 94 trained
Client 38 uploaded
Client 22 uploaded
Client 35 uploaded
Client 54 uploaded
Client 71 uploaded
Client 80 uploaded
Client 75 uploaded
Client 86 uploaded
Client 94 uploaded
Epoch(t): 302 accuracy: 71.59 loss 0.974095801115036 run_time: 13117.920913219452
Current clients: 100 , select: 10
| current_epoch 303 |. Begin client select
SchedulerThread select( 10 clients):
71 | 63 | 6 | 44 | 82 | 85 | 48 | 67 | 40 | 89 |
-----------------------------------------------------------------Schedule complete
Client 40 trained
Client 71 trained
Client 44 trained
Client 67 trained
Client 82 trained
Client 48 trained
Client 89 trained
Client 6 trained
Client 63 trained
Client 85 trained
Client 40 uploaded
Client 6 uploaded
Client 44 uploaded
Client 48 uploaded
Client 71 uploaded
Client 67 uploaded
Client 63 uploaded
Client 82 uploaded
Client 85 uploaded
Client 89 uploaded
Epoch(t): 303 accuracy: 72.6 loss 0.9267084109783172 run_time: 13164.534436225891
Current clients: 100 , select: 10
| current_epoch 304 |. Begin client select
SchedulerThread select( 10 clients):
53 | 52 | 19 | 38 | 48 | 23 | 96 | 68 | 60 | 30 |
-----------------------------------------------------------------Schedule complete
Client 38 trained
Client 68 trained
Client 23 trained
Client 96 trained
Client 30 trained
Client 60 trained
Client 48 trained
Client 19 trained
Client 52 trained
Client 38 uploaded
Client 53 trained
Client 23 uploaded
Client 68 uploaded
Client 19 uploaded
Client 30 uploaded
Client 48 uploaded
Client 60 uploaded
Client 52 uploaded
Client 53 uploaded
Client 96 uploaded
Epoch(t): 304 accuracy: 74.17 loss 0.8816478356719017 run_time: 13207.726599931717
Current clients: 100 , select: 10
| current_epoch 305 |. Begin client select
SchedulerThread select( 10 clients):
28 | 38 | 90 | 18 | 59 | 7 | 71 | 52 | 53 | 67 |
-----------------------------------------------------------------Schedule complete
Client 7 trained
Client 38 trained
Client 7 uploaded
Client 28 trained
Client 71 trained
Client 90 trained
Client 67 trained
Client 59 trained
Client 52 trained
Client 53 trained
Client 18 trained
Client 38 uploaded
Client 28 uploaded
Client 18 uploaded
Client 71 uploaded
Client 52 uploaded
Client 59 uploaded
Client 67 uploaded
Client 53 uploaded
Client 90 uploaded
Epoch(t): 305 accuracy: 73.2 loss 0.9030413210391999 run_time: 13250.091312646866
Current clients: 100 , select: 10
| current_epoch 306 |. Begin client select
SchedulerThread select( 10 clients):
17 | 49 | 31 | 32 | 26 | 42 | 82 | 10 | 57 | 47 |
-----------------------------------------------------------------Schedule complete
Client 57 trained
Client 31 trained
Client 82 trained
Client 10 trained
Client 17 trained
Client 32 trained
Client 42 trained
Client 49 trained
Client 47 trained
Client 26 trained
Client 10 uploaded
Client 57 uploaded
Client 17 uploaded
Client 31 uploaded
Client 32 uploaded
Client 42 uploaded
Client 26 uploaded
Client 47 uploaded
Client 49 uploaded
Client 82 uploaded
Epoch(t): 306 accuracy: 71.52 loss 0.9794321876764297 run_time: 13291.234640836716
Current clients: 100 , select: 10
| current_epoch 307 |. Begin client select
SchedulerThread select( 10 clients):
11 | 68 | 92 | 24 | 6 | 34 | 48 | 86 | 77 | 5 |
-----------------------------------------------------------------Schedule complete
Client 11 trained
Client 68 trained
Client 24 trained
Client 77 trained
Client 5 trained
Client 86 trained
Client 48 trained
Client 92 trained
Client 11 uploaded
Client 6 trained
Client 34 trained
Client 5 uploaded
Client 24 uploaded
Client 6 uploaded
Client 68 uploaded
Client 34 uploaded
Client 48 uploaded
Client 77 uploaded
Client 86 uploaded
Client 92 uploaded
Epoch(t): 307 accuracy: 73.06 loss 0.8831958824396133 run_time: 13336.347630023956
Current clients: 100 , select: 10
| current_epoch 308 |. Begin client select
SchedulerThread select( 10 clients):
9 | 24 | 97 | 75 | 92 | 85 | 71 | 27 | 61 | 26 |
-----------------------------------------------------------------Schedule complete
Client 24 trained
Client 71 trained
Client 75 trained
Client 9 trained
Client 97 trained
Client 92 trained
Client 85 trained
Client 27 trained
Client 61 trained
Client 26 trained
Client 24 uploaded
Client 9 uploaded
Client 27 uploaded
Client 26 uploaded
Client 71 uploaded
Client 75 uploaded
Client 61 uploaded
Client 85 uploaded
Client 97 uploaded
Client 92 uploaded
Epoch(t): 308 accuracy: 72.85 loss 0.9172806936502457 run_time: 13384.234822273254
Current clients: 100 , select: 10
| current_epoch 309 |. Begin client select
SchedulerThread select( 10 clients):
42 | 38 | 1 | 27 | 24 | 94 | 15 | 95 | 96 | 61 |
-----------------------------------------------------------------Schedule complete
Client 38 trained
Client 15 trained
Client 24 trained
Client 96 trained
Client 15 uploaded
Client 42 trained
Client 27 trained
Client 38 uploaded
Client 95 trained
Client 61 trained
Client 94 trained
Client 1 trained
Client 24 uploaded
Client 1 uploaded
Client 27 uploaded
Client 42 uploaded
Client 61 uploaded
Client 96 uploaded
Client 95 uploaded
Client 94 uploaded
Epoch(t): 309 accuracy: 72.37 loss 0.9575728613138199 run_time: 13433.806906223297
Current clients: 100 , select: 10
| current_epoch 310 |. Begin client select
SchedulerThread select( 10 clients):
31 | 89 | 77 | 90 | 26 | 50 | 30 | 70 | 41 | 99 |
-----------------------------------------------------------------Schedule complete
Client 50 trained
Client 77 trained
Client 31 trained
Client 99 trained
Client 30 trained
Client 90 trained
Client 89 trained
Client 41 trained
Client 70 trained
Client 26 trained
Client 50 uploaded
Client 31 uploaded
Client 30 uploaded
Client 26 uploaded
Client 41 uploaded
Client 77 uploaded
Client 70 uploaded
Client 90 uploaded
Client 89 uploaded
Client 99 uploaded
Epoch(t): 310 accuracy: 72.69 loss 0.9250770473480224 run_time: 13482.378228664398
Current clients: 100 , select: 10
| current_epoch 311 |. Begin client select
SchedulerThread select( 10 clients):
36 | 48 | 59 | 68 | 83 | 45 | 39 | 33 | 46 | 65 |
-----------------------------------------------------------------Schedule complete
Client 68 trained
Client 45 trained
Client 83 trained
Client 36 trained
Client 46 trained
Client 48 trained
Client 59 trained
Client 33 trained
Client 65 trained
Client 39 trained
Client 45 uploaded
Client 68 uploaded
Client 36 uploaded
Client 46 uploaded
Client 33 uploaded
Client 48 uploaded
Client 39 uploaded
Client 83 uploaded
Client 59 uploaded
Client 65 uploaded
Epoch(t): 311 accuracy: 73.81 loss 0.9118969735503196 run_time: 13523.920797348022
Current clients: 100 , select: 10
| current_epoch 312 |. Begin client select
SchedulerThread select( 10 clients):
63 | 59 | 12 | 92 | 60 | 97 | 40 | 26 | 47 | 52 |
-----------------------------------------------------------------Schedule complete
Client 40 trained
Client 97 trained
Client 92 trained
Client 12 trained
Client 59 trained
Client 60 trained
Client 63 trained
Client 47 trained
Client 52 trained
Client 26 trained
Client 40 uploaded
Client 12 uploaded
Client 26 uploaded
Client 59 uploaded
Client 47 uploaded
Client 52 uploaded
Client 60 uploaded
Client 63 uploaded
Client 97 uploaded
Client 92 uploaded
Epoch(t): 312 accuracy: 73.75 loss 0.8856266218423844 run_time: 13571.674552440643
Current clients: 100 , select: 10
| current_epoch 313 |. Begin client select
SchedulerThread select( 10 clients):
5 | 72 | 28 | 94 | 18 | 2 | 33 | 70 | 74 | 92 |
-----------------------------------------------------------------Schedule complete
Client 28 trained
Client 74 trained
Client 5 trained
Client 92 trained
Client 72 trained
Client 2 trained
Client 33 trained
Client 94 trained
Client 70 trained
Client 28 uploaded
Client 18 trained
Client 5 uploaded
Client 2 uploaded
Client 74 uploaded
Client 18 uploaded
Client 33 uploaded
Client 72 uploaded
Client 70 uploaded
Client 92 uploaded
Client 94 uploaded
Epoch(t): 313 accuracy: 72.88 loss 0.9432274922728539 run_time: 13622.976900577545
Current clients: 100 , select: 10
| current_epoch 314 |. Begin client select
SchedulerThread select( 10 clients):
53 | 37 | 19 | 25 | 42 | 29 | 48 | 72 | 31 | 63 |
-----------------------------------------------------------------Schedule complete
Client 37 trained
Client 31 trained
Client 25 trained
Client 48 trained
Client 42 trained
Client 19 trained
Client 63 trained
Client 72 trained
Client 29 trained
Client 53 trained
Client 37 uploaded
Client 25 uploaded
Client 31 uploaded
Client 19 uploaded
Client 42 uploaded
Client 48 uploaded
Client 29 uploaded
Client 53 uploaded
Client 63 uploaded
Client 72 uploaded
Epoch(t): 314 accuracy: 72.99 loss 0.9172983944416047 run_time: 13668.412147760391
Current clients: 100 , select: 10
| current_epoch 315 |. Begin client select
SchedulerThread select( 10 clients):
70 | 83 | 87 | 43 | 32 | 97 | 62 | 92 | 82 | 94 |
-----------------------------------------------------------------Schedule complete
Client 62 trained
Client 43 trained
Client 82 trained
Client 32 trained
Client 92 trained
Client 97 trained
Client 83 trained
Client 94 trained
Client 87 trained
Client 70 trained
Client 62 uploaded
Client 43 uploaded
Client 32 uploaded
Client 82 uploaded
Client 70 uploaded
Client 83 uploaded
Client 87 uploaded
Client 92 uploaded
Client 94 uploaded
Client 97 uploaded
Epoch(t): 315 accuracy: 72.77 loss 0.914393673837185 run_time: 13718.466898918152
Current clients: 100 , select: 10
| current_epoch 316 |. Begin client select
SchedulerThread select( 10 clients):
62 | 58 | 21 | 93 | 45 | 17 | 92 | 69 | 23 | 82 |
-----------------------------------------------------------------Schedule complete
Client 62 trained
Client 45 trained
Client 93 trained
Client 23 trained
Client 69 trained
Client 58 trained
Client 17 trained
Client 21 trained
Client 82 trained
Client 92 trained
Client 23 uploaded
Client 45 uploaded
Client 62 uploaded
Client 17 uploaded
Client 21 uploaded
Client 58 uploaded
Client 69 uploaded
Client 82 uploaded
Client 93 uploaded
Client 92 uploaded
Epoch(t): 316 accuracy: 72.93 loss 0.9438519471883774 run_time: 13763.602470874786
Current clients: 100 , select: 10
| current_epoch 317 |. Begin client select
SchedulerThread select( 10 clients):
7 | 67 | 4 | 9 | 85 | 6 | 97 | 0 | 52 | 17 |
-----------------------------------------------------------------Schedule complete
Client 7 trained
Client 7 uploaded
Client 97 trained
Client 9 trained
Client 0 trained
Client 67 trained
Client 17 trained
Client 4 trained
Client 85 trained
Client 52 trained
Client 6 trained
Client 0 uploaded
Client 4 uploaded
Client 9 uploaded
Client 6 uploaded
Client 17 uploaded
Client 52 uploaded
Client 67 uploaded
Client 85 uploaded
Client 97 uploaded
Epoch(t): 317 accuracy: 73.61 loss 0.8878649520874023 run_time: 13808.03167295456
Current clients: 100 , select: 10
| current_epoch 318 |. Begin client select
SchedulerThread select( 10 clients):
80 | 29 | 8 | 90 | 19 | 1 | 27 | 64 | 58 | 47 |
-----------------------------------------------------------------Schedule complete
Client 80 trained
Client 64 trained
Client 8 trained
Client 58 trained
Client 90 trained
Client 19 trained
Client 27 trained
Client 47 trained
Client 1 trained
Client 29 trained
Client 8 uploaded
Client 1 uploaded
Client 64 uploaded
Client 19 uploaded
Client 80 uploaded
Client 27 uploaded
Client 58 uploaded
Client 29 uploaded
Client 47 uploaded
Client 90 uploaded
Epoch(t): 318 accuracy: 71.65 loss 0.943615408539772 run_time: 13854.412205934525
Current clients: 100 , select: 10
| current_epoch 319 |. Begin client select
SchedulerThread select( 10 clients):
7 | 79 | 81 | 85 | 78 | 61 | 84 | 62 | 2 | 0 |
-----------------------------------------------------------------Schedule complete
Client 7 trained
Client 62 trained
Client 7 uploaded
Client 0 trained
Client 79 trained
Client 81 trained
Client 85 trained
Client 61 trained
Client 2 trained
Client 0 uploaded
Client 78 trained
Client 84 trained
Client 62 uploaded
Client 2 uploaded
Client 61 uploaded
Client 79 uploaded
Client 81 uploaded
Client 78 uploaded
Client 85 uploaded
Client 84 uploaded
Epoch(t): 319 accuracy: 73.04 loss 0.9403987061977387 run_time: 13898.13878107071
Current clients: 100 , select: 10
| current_epoch 320 |. Begin client select
SchedulerThread select( 10 clients):
68 | 70 | 52 | 1 | 2 | 67 | 92 | 35 | 36 | 64 |
-----------------------------------------------------------------Schedule complete
Client 68 trained
Client 64 trained
Client 36 trained
Client 67 trained
Client 35 trained
Client 92 trained
Client 52 trained
Client 2 trained
Client 1 trained
Client 70 trained
Client 2 uploaded
Client 68 uploaded
Client 1 uploaded
Client 36 uploaded
Client 64 uploaded
Client 35 uploaded
Client 52 uploaded
Client 67 uploaded
Client 70 uploaded
Client 92 uploaded
Epoch(t): 320 accuracy: 72.86 loss 0.9537404054403305 run_time: 13945.770175457
Current clients: 100 , select: 10
| current_epoch 321 |. Begin client select
SchedulerThread select( 10 clients):
89 | 86 | 55 | 22 | 13 | 12 | 67 | 19 | 30 | 24 |
-----------------------------------------------------------------Schedule complete
Client 24 trained
Client 13 trained
Client 86 trained
Client 67 trained
Client 30 trained
Client 89 trained
Client 12 trained
Client 22 trained
Client 19 trained
Client 55 trained
Client 13 uploaded
Client 24 uploaded
Client 12 uploaded
Client 30 uploaded
Client 22 uploaded
Client 19 uploaded
Client 67 uploaded
Client 55 uploaded
Client 86 uploaded
Client 89 uploaded
Epoch(t): 321 accuracy: 71.18 loss 1.0175246804952622 run_time: 13992.207080602646
Current clients: 100 , select: 10
| current_epoch 322 |. Begin client select
SchedulerThread select( 10 clients):
79 | 67 | 32 | 45 | 34 | 50 | 10 | 47 | 51 | 58 |
-----------------------------------------------------------------Schedule complete
Client 51 trained
Client 45 trained
Client 50 trained
Client 79 trained
Client 10 trained
Client 58 trained
Client 67 trained
Client 32 trained
Client 47 trained
Client 34 trained
Client 10 uploaded
Client 45 uploaded
Client 51 uploaded
Client 50 uploaded
Client 32 uploaded
Client 34 uploaded
Client 58 uploaded
Client 47 uploaded
Client 67 uploaded
Client 79 uploaded
Epoch(t): 322 accuracy: 71.33 loss 0.9600313234329224 run_time: 14031.162080526352
Current clients: 100 , select: 10
| current_epoch 323 |. Begin client select
SchedulerThread select( 10 clients):
72 | 31 | 89 | 28 | 38 | 87 | 10 | 83 | 97 | 4 |
-----------------------------------------------------------------Schedule complete
Client 38 trained
Client 28 trained
Client 31 trained
Client 83 trained
Client 97 trained
Client 10 trained
Client 4 trained
Client 89 trained
Client 72 trained
Client 87 trained
Client 38 uploaded
Client 28 uploaded
Client 4 uploaded
Client 10 uploaded
Client 31 uploaded
Client 83 uploaded
Client 72 uploaded
Client 89 uploaded
Client 87 uploaded
Client 97 uploaded
Epoch(t): 323 accuracy: 71.73 loss 0.9727207589149475 run_time: 14077.187023878098
Current clients: 100 , select: 10
| current_epoch 324 |. Begin client select
SchedulerThread select( 10 clients):
11 | 51 | 48 | 70 | 60 | 7 | 81 | 1 | 89 | 21 |
-----------------------------------------------------------------Schedule complete
Client 7 trained
Client 11 trained
Client 51 trained
Client 7 uploaded
Client 81 trained
Client 11 uploaded
Client 21 trained
Client 48 trained
Client 60 trained
Client 89 trained
Client 1 trained
Client 70 trained
Client 51 uploaded
Client 1 uploaded
Client 21 uploaded
Client 48 uploaded
Client 60 uploaded
Client 81 uploaded
Client 70 uploaded
Client 89 uploaded
Epoch(t): 324 accuracy: 73.24 loss 0.9339914846420289 run_time: 14120.883825063705
Current clients: 100 , select: 10
| current_epoch 325 |. Begin client select
SchedulerThread select( 10 clients):
10 | 63 | 55 | 82 | 42 | 72 | 12 | 67 | 5 | 29 |
-----------------------------------------------------------------Schedule complete
Client 5 trained
Client 10 trained
Client 82 trained
Client 67 trained
Client 12 trained
Client 42 trained
Client 63 trained
Client 72 trained
Client 55 trained
Client 29 trained
Client 5 uploaded
Client 10 uploaded
Client 12 uploaded
Client 29 uploaded
Client 42 uploaded
Client 67 uploaded
Client 55 uploaded
Client 63 uploaded
Client 82 uploaded
Client 72 uploaded
Epoch(t): 325 accuracy: 71.73 loss 1.002311618924141 run_time: 14165.926076889038
Current clients: 100 , select: 10
| current_epoch 326 |. Begin client select
SchedulerThread select( 10 clients):
27 | 88 | 72 | 60 | 34 | 5 | 9 | 87 | 35 | 69 |
-----------------------------------------------------------------Schedule complete
Client 88 trained
Client 9 trained
Client 5 trained
Client 69 trained
Client 35 trained
Client 60 trained
Client 72 trained
Client 27 trained
Client 87 trained
Client 34 trained
Client 5 uploaded
Client 9 uploaded
Client 35 uploaded
Client 27 uploaded
Client 88 uploaded
Client 34 uploaded
Client 69 uploaded
Client 60 uploaded
Client 72 uploaded
Client 87 uploaded
Epoch(t): 326 accuracy: 72.21 loss 0.9434138375520706 run_time: 14213.381559848785
Current clients: 100 , select: 10
| current_epoch 327 |. Begin client select
SchedulerThread select( 10 clients):
72 | 84 | 4 | 22 | 40 | 2 | 26 | 75 | 18 | 96 |
-----------------------------------------------------------------Schedule complete
Client 40 trained
Client 75 trained
Client 96 trained
Client 4 trained
Client 22 trained
Client 72 trained
Client 2 trained
Client 84 trained
Client 18 trained
Client 26 trained
Client 40 uploaded
Client 4 uploaded
Client 2 uploaded
Client 22 uploaded
Client 75 uploaded
Client 18 uploaded
Client 26 uploaded
Client 72 uploaded
Client 96 uploaded
Client 84 uploaded
Epoch(t): 327 accuracy: 72.65 loss 0.9476017159223556 run_time: 14259.284240484238
Current clients: 100 , select: 10
| current_epoch 328 |. Begin client select
SchedulerThread select( 10 clients):
91 | 50 | 9 | 38 | 20 | 72 | 30 | 49 | 86 | 69 |
-----------------------------------------------------------------Schedule complete
Client 38 trained
Client 20 trained
Client 50 trained
Client 69 trained
Client 9 trained
Client 86 trained
Client 49 trained
Client 30 trained
Client 72 trained
Client 91 trained
Client 38 uploaded
Client 20 uploaded
Client 9 uploaded
Client 50 uploaded
Client 30 uploaded
Client 49 uploaded
Client 69 uploaded
Client 72 uploaded
Client 86 uploaded
Client 91 uploaded
Epoch(t): 328 accuracy: 72.81 loss 0.9145917770266533 run_time: 14306.590552568436
Current clients: 100 , select: 10
| current_epoch 329 |. Begin client select
SchedulerThread select( 10 clients):
42 | 49 | 96 | 94 | 17 | 88 | 92 | 10 | 64 | 95 |
-----------------------------------------------------------------Schedule complete
Client 88 trained
Client 64 trained
Client 96 trained
Client 10 trained
Client 17 trained
Client 49 trained
Client 92 trained
Client 42 trained
Client 95 trained
Client 94 trained
Client 10 uploaded
Client 17 uploaded
Client 64 uploaded
Client 42 uploaded
Client 49 uploaded
Client 88 uploaded
Client 96 uploaded
Client 92 uploaded
Client 94 uploaded
Client 95 uploaded
Epoch(t): 329 accuracy: 72.97 loss 0.9512268483638764 run_time: 14355.085948228836
Current clients: 100 , select: 10
| current_epoch 330 |. Begin client select
SchedulerThread select( 10 clients):
44 | 6 | 12 | 55 | 29 | 9 | 43 | 77 | 98 | 78 |
-----------------------------------------------------------------Schedule complete
Client 77 trained
Client 9 trained
Client 43 trained
Client 98 trained
Client 12 trained
Client 44 trained
Client 6 trained
Client 78 trained
Client 55 trained
Client 29 trained
Client 9 uploaded
Client 6 uploaded
Client 12 uploaded
Client 43 uploaded
Client 44 uploaded
Client 29 uploaded
Client 77 uploaded
Client 55 uploaded
Client 78 uploaded
Client 98 uploaded
Epoch(t): 330 accuracy: 73.28 loss 0.8978892797231675 run_time: 14405.394700288773
Current clients: 100 , select: 10
| current_epoch 331 |. Begin client select
SchedulerThread select( 10 clients):
76 | 50 | 99 | 41 | 3 | 81 | 34 | 57 | 62 | 29 |
-----------------------------------------------------------------Schedule complete
Client 62 trained
Client 57 trained
Client 50 trained
Client 76 trained
Client 99 trained
Client 81 trained
Client 29 trained
Client 41 trained
Client 34 trained
Client 3 trained
Client 62 uploaded
Client 50 uploaded
Client 3 uploaded
Client 57 uploaded
Client 29 uploaded
Client 34 uploaded
Client 76 uploaded
Client 41 uploaded
Client 81 uploaded
Client 99 uploaded
Epoch(t): 331 accuracy: 73.0 loss 0.9303722655773163 run_time: 14453.334107875824
Current clients: 100 , select: 10
| current_epoch 332 |. Begin client select
SchedulerThread select( 10 clients):
45 | 70 | 48 | 55 | 23 | 87 | 74 | 84 | 10 | 98 |
-----------------------------------------------------------------Schedule complete
Client 45 trained
Client 23 trained
Client 74 trained
Client 10 trained
Client 98 trained
Client 48 trained
Client 84 trained
Client 87 trained
Client 55 trained
Client 70 trained
Client 23 uploaded
Client 45 uploaded
Client 10 uploaded
Client 48 uploaded
Client 74 uploaded
Client 55 uploaded
Client 70 uploaded
Client 84 uploaded
Client 87 uploaded
Client 98 uploaded
Epoch(t): 332 accuracy: 73.31 loss 0.9255424708127975 run_time: 14502.551963090897
Current clients: 100 , select: 10
| current_epoch 333 |. Begin client select
SchedulerThread select( 10 clients):
79 | 37 | 31 | 91 | 9 | 10 | 34 | 19 | 48 | 81 |
-----------------------------------------------------------------Schedule complete
Client 37 trained
Client 31 trained
Client 79 trained
Client 9 trained
Client 81 trained
Client 10 trained
Client 48 trained
Client 19 trained
Client 91 trained
Client 34 trained
Client 9 uploaded
Client 37 uploaded
Client 10 uploaded
Client 31 uploaded
Client 19 uploaded
Client 34 uploaded
Client 48 uploaded
Client 79 uploaded
Client 81 uploaded
Client 91 uploaded
Epoch(t): 333 accuracy: 73.33 loss 0.909162066578865 run_time: 14551.751878976822
Current clients: 100 , select: 10
| current_epoch 334 |. Begin client select
SchedulerThread select( 10 clients):
19 | 94 | 49 | 40 | 46 | 13 | 11 | 0 | 39 | 56 |
-----------------------------------------------------------------Schedule complete
Client 11 trained
Client 13 trained
Client 40 trained
Client 0 trained
Client 46 trained
Client 56 trained
Client 49 trained
Client 11 uploaded
Client 94 trained
Client 19 trained
Client 39 trained
Client 0 uploaded
Client 13 uploaded
Client 40 uploaded
Client 19 uploaded
Client 46 uploaded
Client 49 uploaded
Client 56 uploaded
Client 39 uploaded
Client 94 uploaded
Epoch(t): 334 accuracy: 73.11 loss 0.9314404833316803 run_time: 14598.444457530975
Current clients: 100 , select: 10
| current_epoch 335 |. Begin client select
SchedulerThread select( 10 clients):
46 | 97 | 34 | 13 | 16 | 11 | 23 | 55 | 57 | 71 |
-----------------------------------------------------------------Schedule complete
Client 11 trained
Client 57 trained
Client 13 trained
Client 23 trained
Client 16 trained
Client 71 trained
Client 97 trained
Client 46 trained
Client 11 uploaded
Client 34 trained
Client 55 trained
Client 13 uploaded
Client 16 uploaded
Client 23 uploaded
Client 57 uploaded
Client 46 uploaded
Client 34 uploaded
Client 71 uploaded
Client 55 uploaded
Client 97 uploaded
Epoch(t): 335 accuracy: 71.23 loss 1.0074449574947357 run_time: 14642.76748585701
Current clients: 100 , select: 10
| current_epoch 336 |. Begin client select
SchedulerThread select( 10 clients):
71 | 65 | 52 | 13 | 3 | 11 | 45 | 70 | 76 | 41 |
-----------------------------------------------------------------Schedule complete
Client 11 trained
Client 45 trained
Client 13 trained
Client 76 trained
Client 71 trained
Client 11 uploaded
Client 52 trained
Client 41 trained
Client 65 trained
Client 70 trained
Client 13 uploaded
Client 3 trained
Client 45 uploaded
Client 3 uploaded
Client 76 uploaded
Client 71 uploaded
Client 41 uploaded
Client 52 uploaded
Client 65 uploaded
Client 70 uploaded
Epoch(t): 336 accuracy: 73.26 loss 0.94091517329216 run_time: 14687.032083034515
Current clients: 100 , select: 10
| current_epoch 337 |. Begin client select
SchedulerThread select( 10 clients):
49 | 1 | 37 | 52 | 99 | 10 | 92 | 71 | 31 | 73 |
-----------------------------------------------------------------Schedule complete
Client 37 trained
Client 31 trained
Client 71 trained
Client 10 trained
Client 99 trained
Client 49 trained
Client 92 trained
Client 52 trained
Client 73 trained
Client 1 trained
Client 10 uploaded
Client 1 uploaded
Client 37 uploaded
Client 31 uploaded
Client 49 uploaded
Client 52 uploaded
Client 71 uploaded
Client 73 uploaded
Client 92 uploaded
Client 99 uploaded
Epoch(t): 337 accuracy: 73.24 loss 0.9249198257923126 run_time: 14737.13408946991
Current clients: 100 , select: 10
| current_epoch 338 |. Begin client select
SchedulerThread select( 10 clients):
66 | 21 | 87 | 48 | 17 | 34 | 38 | 63 | 18 | 8 |
-----------------------------------------------------------------Schedule complete
Client 38 trained
Client 8 trained
Client 17 trained
Client 21 trained
Client 38 uploaded
Client 48 trained
Client 63 trained
Client 87 trained
Client 34 trained
Client 66 trained
Client 8 uploaded
Client 18 trained
Client 17 uploaded
Client 21 uploaded
Client 18 uploaded
Client 48 uploaded
Client 34 uploaded
Client 63 uploaded
Client 66 uploaded
Client 87 uploaded
Epoch(t): 338 accuracy: 73.12 loss 0.9244331073760986 run_time: 14785.957661390305
Current clients: 100 , select: 10
| current_epoch 339 |. Begin client select
SchedulerThread select( 10 clients):
21 | 55 | 35 | 53 | 38 | 61 | 9 | 46 | 32 | 31 |
-----------------------------------------------------------------Schedule complete
Client 38 trained
Client 31 trained
Client 9 trained
Client 46 trained
Client 35 trained
Client 32 trained
Client 21 trained
Client 61 trained
Client 55 trained
Client 38 uploaded
Client 53 trained
Client 9 uploaded
Client 31 uploaded
Client 21 uploaded
Client 32 uploaded
Client 35 uploaded
Client 46 uploaded
Client 55 uploaded
Client 61 uploaded
Client 53 uploaded
Epoch(t): 339 accuracy: 72.97 loss 0.9574289524555206 run_time: 14826.509477376938
Current clients: 100 , select: 10
| current_epoch 340 |. Begin client select
SchedulerThread select( 10 clients):
92 | 80 | 63 | 76 | 78 | 25 | 58 | 13 | 17 | 38 |
-----------------------------------------------------------------Schedule complete
Client 38 trained
Client 13 trained
Client 25 trained
Client 80 trained
Client 76 trained
Client 17 trained
Client 58 trained
Client 92 trained
Client 63 trained
Client 78 trained
Client 38 uploaded
Client 13 uploaded
Client 25 uploaded
Client 17 uploaded
Client 58 uploaded
Client 80 uploaded
Client 76 uploaded
Client 63 uploaded
Client 78 uploaded
Client 92 uploaded
Epoch(t): 340 accuracy: 72.0 loss 0.9905101019144058 run_time: 14873.11464881897
Current clients: 100 , select: 10
| current_epoch 341 |. Begin client select
SchedulerThread select( 10 clients):
0 | 50 | 42 | 79 | 48 | 56 | 55 | 83 | 76 | 17 |
-----------------------------------------------------------------Schedule complete
Client 50 trained
Client 83 trained
Client 76 trained
Client 0 trained
Client 56 trained
Client 79 trained
Client 17 trained
Client 48 trained
Client 42 trained
Client 55 trained
Client 0 uploaded
Client 17 uploaded
Client 50 uploaded
Client 42 uploaded
Client 48 uploaded
Client 56 uploaded
Client 55 uploaded
Client 76 uploaded
Client 83 uploaded
Client 79 uploaded
Epoch(t): 341 accuracy: 71.57 loss 0.9972742307186127 run_time: 14914.01959347725
Current clients: 100 , select: 10
| current_epoch 342 |. Begin client select
SchedulerThread select( 10 clients):
38 | 41 | 77 | 88 | 25 | 61 | 40 | 22 | 50 | 37 |
-----------------------------------------------------------------Schedule complete
Client 38 trained
Client 88 trained
Client 37 trained
Client 50 trained
Client 40 trained
Client 77 trained
Client 25 trained
Client 22 trained
Client 61 trained
Client 41 trained
Client 38 uploaded
Client 37 uploaded
Client 25 uploaded
Client 40 uploaded
Client 22 uploaded
Client 50 uploaded
Client 41 uploaded
Client 88 uploaded
Client 61 uploaded
Client 77 uploaded
Epoch(t): 342 accuracy: 72.51 loss 0.9621909791231156 run_time: 14950.590744256973
Current clients: 100 , select: 10
| current_epoch 343 |. Begin client select
SchedulerThread select( 10 clients):
94 | 88 | 81 | 62 | 73 | 31 | 41 | 48 | 35 | 50 |
-----------------------------------------------------------------Schedule complete
Client 62 trained
Client 88 trained
Client 50 trained
Client 31 trained
Client 35 trained
Client 81 trained
Client 48 trained
Client 94 trained
Client 73 trained
Client 41 trained
Client 62 uploaded
Client 31 uploaded
Client 50 uploaded
Client 35 uploaded
Client 48 uploaded
Client 41 uploaded
Client 88 uploaded
Client 81 uploaded
Client 73 uploaded
Client 94 uploaded
Epoch(t): 343 accuracy: 72.67 loss 0.9529098904132843 run_time: 14998.034056901932
Current clients: 100 , select: 10
| current_epoch 344 |. Begin client select
SchedulerThread select( 10 clients):
46 | 14 | 72 | 25 | 75 | 69 | 23 | 87 | 98 | 70 |
-----------------------------------------------------------------Schedule complete
Client 23 trained
Client 25 trained
Client 75 trained
Client 46 trained
Client 69 trained
Client 98 trained
Client 72 trained
Client 87 trained
Client 70 trained
Client 14 trained
Client 23 uploaded
Client 25 uploaded
Client 46 uploaded
Client 14 uploaded
Client 69 uploaded
Client 75 uploaded
Client 72 uploaded
Client 70 uploaded
Client 87 uploaded
Client 98 uploaded
Epoch(t): 344 accuracy: 73.39 loss 0.9120008319616317 run_time: 15045.612704992294
Current clients: 100 , select: 10
| current_epoch 345 |. Begin client select
SchedulerThread select( 10 clients):
3 | 93 | 59 | 90 | 26 | 56 | 37 | 88 | 8 | 52 |
-----------------------------------------------------------------Schedule complete
Client 88 trained
Client 93 trained
Client 37 trained
Client 8 trained
Client 56 trained
Client 90 trained
Client 59 trained
Client 52 trained
Client 3 trained
Client 26 trained
Client 8 uploaded
Client 37 uploaded
Client 3 uploaded
Client 56 uploaded
Client 26 uploaded
Client 88 uploaded
Client 52 uploaded
Client 59 uploaded
Client 93 uploaded
Client 90 uploaded
Epoch(t): 345 accuracy: 72.58 loss 0.9589307224750518 run_time: 15090.24399638176
Current clients: 100 , select: 10
| current_epoch 346 |. Begin client select
SchedulerThread select( 10 clients):
86 | 63 | 17 | 81 | 38 | 30 | 32 | 84 | 19 | 91 |
-----------------------------------------------------------------Schedule complete
Client 38 trained
Client 17 trained
Client 32 trained
Client 86 trained
Client 30 trained
Client 81 trained
Client 38 uploaded
Client 63 trained
Client 19 trained
Client 91 trained
Client 84 trained
Client 17 uploaded
Client 32 uploaded
Client 30 uploaded
Client 19 uploaded
Client 63 uploaded
Client 81 uploaded
Client 86 uploaded
Client 84 uploaded
Client 91 uploaded
Epoch(t): 346 accuracy: 73.52 loss 0.9189574384689331 run_time: 15140.85510969162
Current clients: 100 , select: 10
| current_epoch 347 |. Begin client select
SchedulerThread select( 10 clients):
54 | 48 | 9 | 57 | 76 | 61 | 74 | 51 | 68 | 64 |
-----------------------------------------------------------------Schedule complete
Client 68 trained
Client 51 trained
Client 64 trained
Client 57 trained
Client 76 trained
Client 54 trained
Client 9 trained
Client 74 trained
Client 48 trained
Client 61 trained
Client 9 uploaded
Client 51 uploaded
Client 68 uploaded
Client 57 uploaded
Client 48 uploaded
Client 54 uploaded
Client 64 uploaded
Client 61 uploaded
Client 76 uploaded
Client 74 uploaded
Epoch(t): 347 accuracy: 72.93 loss 0.9482279825210571 run_time: 15177.515050411224
Current clients: 100 , select: 10
| current_epoch 348 |. Begin client select
SchedulerThread select( 10 clients):
88 | 53 | 69 | 4 | 46 | 89 | 68 | 76 | 81 | 10 |
-----------------------------------------------------------------Schedule complete
Client 68 trained
Client 88 trained
Client 46 trained
Client 76 trained
Client 69 trained
Client 81 trained
Client 10 trained
Client 4 trained
Client 89 trained
Client 53 trained
Client 4 uploaded
Client 10 uploaded
Client 68 uploaded
Client 46 uploaded
Client 69 uploaded
Client 88 uploaded
Client 76 uploaded
Client 53 uploaded
Client 81 uploaded
Client 89 uploaded
Epoch(t): 348 accuracy: 72.43 loss 0.9751197856664657 run_time: 15223.414649963379
Current clients: 100 , select: 10
| current_epoch 349 |. Begin client select
SchedulerThread select( 10 clients):
13 | 98 | 31 | 84 | 85 | 45 | 21 | 82 | 78 | 5 |
-----------------------------------------------------------------Schedule complete
Client 45 trained
Client 13 trained
Client 31 trained
Client 5 trained
Client 21 trained
Client 82 trained
Client 85 trained
Client 78 trained
Client 84 trained
Client 98 trained
Client 13 uploaded
Client 5 uploaded
Client 45 uploaded
Client 31 uploaded
Client 21 uploaded
Client 82 uploaded
Client 78 uploaded
Client 85 uploaded
Client 84 uploaded
Client 98 uploaded
Epoch(t): 349 accuracy: 73.11 loss 0.9322455108165741 run_time: 15272.661187171936
Current clients: 100 , select: 10
| current_epoch 350 |. Begin client select
SchedulerThread select( 10 clients):
72 | 82 | 86 | 51 | 96 | 42 | 55 | 13 | 1 | 12 |
-----------------------------------------------------------------Schedule complete
Client 51 trained
Client 13 trained
Client 96 trained
Client 82 trained
Client 86 trained
Client 12 trained
Client 42 trained
Client 72 trained
Client 1 trained
Client 55 trained
Client 13 uploaded
Client 51 uploaded
Client 1 uploaded
Client 12 uploaded
Client 42 uploaded
Client 55 uploaded
Client 82 uploaded
Client 72 uploaded
Client 86 uploaded
Client 96 uploaded
Epoch(t): 350 accuracy: 71.53 loss 1.0085001343488693 run_time: 15317.313654184341
Current clients: 100 , select: 10
| current_epoch 351 |. Begin client select
SchedulerThread select( 10 clients):
33 | 28 | 65 | 95 | 66 | 71 | 74 | 88 | 73 | 57 |
-----------------------------------------------------------------Schedule complete
Client 88 trained
Client 28 trained
Client 57 trained
Client 71 trained
Client 74 trained
Client 95 trained
Client 73 trained
Client 33 trained
Client 65 trained
Client 66 trained
Client 28 uploaded
Client 57 uploaded
Client 33 uploaded
Client 88 uploaded
Client 71 uploaded
Client 74 uploaded
Client 65 uploaded
Client 66 uploaded
Client 73 uploaded
Client 95 uploaded
Epoch(t): 351 accuracy: 73.63 loss 0.8942101454734802 run_time: 15365.847916603088
Current clients: 100 , select: 10
| current_epoch 352 |. Begin client select
SchedulerThread select( 10 clients):
47 | 50 | 59 | 98 | 86 | 75 | 88 | 64 | 19 | 44 |
-----------------------------------------------------------------Schedule complete
Client 88 trained
Client 64 trained
Client 50 trained
Client 75 trained
Client 44 trained
Client 86 trained
Client 98 trained
Client 59 trained
Client 19 trained
Client 47 trained
Client 50 uploaded
Client 19 uploaded
Client 64 uploaded
Client 44 uploaded
Client 47 uploaded
Client 88 uploaded
Client 75 uploaded
Client 59 uploaded
Client 86 uploaded
Client 98 uploaded
Epoch(t): 352 accuracy: 72.56 loss 0.9338618448376655 run_time: 15413.290450572968
Current clients: 100 , select: 10
| current_epoch 353 |. Begin client select
SchedulerThread select( 10 clients):
3 | 61 | 13 | 37 | 53 | 10 | 14 | 93 | 18 | 44 |
-----------------------------------------------------------------Schedule complete
Client 93 trained
Client 37 trained
Client 13 trained
Client 44 trained
Client 10 trained
Client 61 trained
Client 53 trained
Client 3 trained
Client 13 uploaded
Client 14 trained
Client 18 trained
Client 37 uploaded
Client 10 uploaded
Client 3 uploaded
Client 44 uploaded
Client 14 uploaded
Client 93 uploaded
Client 18 uploaded
Client 61 uploaded
Client 53 uploaded
Epoch(t): 353 accuracy: 73.03 loss 0.9493841671943665 run_time: 15455.807794332504
Current clients: 100 , select: 10
| current_epoch 354 |. Begin client select
SchedulerThread select( 10 clients):
39 | 43 | 58 | 26 | 66 | 61 | 44 | 60 | 12 | 56 |
-----------------------------------------------------------------Schedule complete
Client 58 trained
Client 56 trained
Client 12 trained
Client 60 trained
Client 44 trained
Client 43 trained
Client 61 trained
Client 66 trained
Client 39 trained
Client 26 trained
Client 12 uploaded
Client 58 uploaded
Client 56 uploaded
Client 43 uploaded
Client 44 uploaded
Client 60 uploaded
Client 26 uploaded
Client 39 uploaded
Client 61 uploaded
Client 66 uploaded
Epoch(t): 354 accuracy: 73.49 loss 0.9326166942715645 run_time: 15501.334379434586
Current clients: 100 , select: 10
| current_epoch 355 |. Begin client select
SchedulerThread select( 10 clients):
92 | 89 | 57 | 40 | 8 | 38 | 5 | 90 | 14 | 2 |
-----------------------------------------------------------------Schedule complete
Client 38 trained
Client 40 trained
Client 57 trained
Client 8 trained
Client 5 trained
Client 92 trained
Client 90 trained
Client 89 trained
Client 2 trained
Client 14 trained
Client 38 uploaded
Client 5 uploaded
Client 8 uploaded
Client 2 uploaded
Client 40 uploaded
Client 14 uploaded
Client 57 uploaded
Client 90 uploaded
Client 89 uploaded
Client 92 uploaded
Epoch(t): 355 accuracy: 72.88 loss 0.9486845684051514 run_time: 15546.92526626587
Current clients: 100 , select: 10
| current_epoch 356 |. Begin client select
SchedulerThread select( 10 clients):
43 | 82 | 13 | 86 | 21 | 94 | 31 | 66 | 22 | 70 |
-----------------------------------------------------------------Schedule complete
Client 13 trained
Client 31 trained
Client 43 trained
Client 82 trained
Client 86 trained
Client 21 trained
Client 22 trained
Client 94 trained
Client 70 trained
Client 66 trained
Client 13 uploaded
Client 31 uploaded
Client 21 uploaded
Client 22 uploaded
Client 43 uploaded
Client 82 uploaded
Client 66 uploaded
Client 70 uploaded
Client 86 uploaded
Client 94 uploaded
Epoch(t): 356 accuracy: 72.98 loss 0.9592264533042908 run_time: 15595.923839092255
Current clients: 100 , select: 10
| current_epoch 357 |. Begin client select
SchedulerThread select( 10 clients):
20 | 42 | 71 | 54 | 59 | 29 | 51 | 80 | 23 | 81 |
-----------------------------------------------------------------Schedule complete
Client 20 trained
Client 51 trained
Client 23 trained
Client 80 trained
Client 71 trained
Client 54 trained
Client 81 trained
Client 59 trained
Client 42 trained
Client 29 trained
Client 20 uploaded
Client 23 uploaded
Client 51 uploaded
Client 29 uploaded
Client 54 uploaded
Client 42 uploaded
Client 80 uploaded
Client 71 uploaded
Client 59 uploaded
Client 81 uploaded
Epoch(t): 357 accuracy: 72.23 loss 0.9906508374214172 run_time: 15635.55888748169
Current clients: 100 , select: 10
| current_epoch 358 |. Begin client select
SchedulerThread select( 10 clients):
84 | 55 | 50 | 3 | 94 | 78 | 25 | 57 | 75 | 54 |
-----------------------------------------------------------------Schedule complete
Client 25 trained
Client 57 trained
Client 50 trained
Client 54 trained
Client 75 trained
Client 94 trained
Client 84 trained
Client 78 trained
Client 55 trained
Client 3 trained
Client 25 uploaded
Client 50 uploaded
Client 3 uploaded
Client 57 uploaded
Client 54 uploaded
Client 75 uploaded
Client 55 uploaded
Client 78 uploaded
Client 84 uploaded
Client 94 uploaded
Epoch(t): 358 accuracy: 73.29 loss 0.9646270591020584 run_time: 15684.367079496384
Current clients: 100 , select: 10
| current_epoch 359 |. Begin client select
SchedulerThread select( 10 clients):
49 | 0 | 90 | 27 | 26 | 35 | 96 | 8 | 73 | 13 |
-----------------------------------------------------------------Schedule complete
Client 13 trained
Client 8 trained
Client 96 trained
Client 0 trained
Client 35 trained
Client 49 trained
Client 90 trained
Client 73 trained
Client 27 trained
Client 0 uploaded
Client 26 trained
Client 13 uploaded
Client 8 uploaded
Client 35 uploaded
Client 27 uploaded
Client 26 uploaded
Client 49 uploaded
Client 73 uploaded
Client 96 uploaded
Client 90 uploaded
Epoch(t): 359 accuracy: 72.53 loss 0.9389262807369232 run_time: 15730.148005723953
Current clients: 100 , select: 10
| current_epoch 360 |. Begin client select
SchedulerThread select( 10 clients):
68 | 23 | 46 | 41 | 25 | 58 | 14 | 33 | 85 | 62 |
-----------------------------------------------------------------Schedule complete
Client 68 trained
Client 62 trained
Client 23 trained
Client 25 trained
Client 46 trained
Client 58 trained
Client 85 trained
Client 33 trained
Client 41 trained
Client 14 trained
Client 23 uploaded
Client 62 uploaded
Client 25 uploaded
Client 68 uploaded
Client 14 uploaded
Client 46 uploaded
Client 33 uploaded
Client 58 uploaded
Client 41 uploaded
Client 85 uploaded
Epoch(t): 360 accuracy: 73.0 loss 0.9672144156694412 run_time: 15772.301219940186
Current clients: 100 , select: 10
| current_epoch 361 |. Begin client select
SchedulerThread select( 10 clients):
67 | 81 | 40 | 76 | 49 | 78 | 50 | 75 | 14 | 44 |
-----------------------------------------------------------------Schedule complete
Client 40 trained
Client 50 trained
Client 76 trained
Client 75 trained
Client 67 trained
Client 81 trained
Client 49 trained
Client 44 trained
Client 78 trained
Client 14 trained
Client 40 uploaded
Client 50 uploaded
Client 14 uploaded
Client 44 uploaded
Client 49 uploaded
Client 76 uploaded
Client 67 uploaded
Client 75 uploaded
Client 81 uploaded
Client 78 uploaded
Epoch(t): 361 accuracy: 71.31 loss 1.0161763352155686 run_time: 15813.753840446472
Current clients: 100 , select: 10
| current_epoch 362 |. Begin client select
SchedulerThread select( 10 clients):
45 | 58 | 79 | 22 | 86 | 90 | 38 | 78 | 75 | 10 |
-----------------------------------------------------------------Schedule complete
Client 38 trained
Client 45 trained
Client 75 trained
Client 10 trained
Client 58 trained
Client 79 trained
Client 86 trained
Client 22 trained
Client 90 trained
Client 78 trained
Client 38 uploaded
Client 45 uploaded
Client 10 uploaded
Client 22 uploaded
Client 58 uploaded
Client 75 uploaded
Client 79 uploaded
Client 78 uploaded
Client 86 uploaded
Client 90 uploaded
Epoch(t): 362 accuracy: 71.91 loss 0.9729492628574371 run_time: 15857.850341320038
Current clients: 100 , select: 10
| current_epoch 363 |. Begin client select
SchedulerThread select( 10 clients):
86 | 17 | 40 | 15 | 30 | 39 | 14 | 23 | 47 | 88 |
-----------------------------------------------------------------Schedule complete
Client 15 trained
Client 88 trained
Client 23 trained
Client 40 trained
Client 86 trained
Client 17 trained
Client 30 trained
Client 15 uploaded
Client 47 trained
Client 14 trained
Client 39 trained
Client 23 uploaded
Client 40 uploaded
Client 17 uploaded
Client 14 uploaded
Client 30 uploaded
Client 88 uploaded
Client 39 uploaded
Client 47 uploaded
Client 86 uploaded
Epoch(t): 363 accuracy: 73.72 loss 0.9182080245018005 run_time: 15899.423646688461
Current clients: 100 , select: 10
| current_epoch 364 |. Begin client select
SchedulerThread select( 10 clients):
18 | 65 | 49 | 53 | 76 | 17 | 73 | 54 | 23 | 62 |
-----------------------------------------------------------------Schedule complete
Client 62 trained
Client 23 trained
Client 76 trained
Client 54 trained
Client 17 trained
Client 49 trained
Client 73 trained
Client 65 trained
Client 53 trained
Client 18 trained
Client 23 uploaded
Client 62 uploaded
Client 17 uploaded
Client 54 uploaded
Client 18 uploaded
Client 49 uploaded
Client 76 uploaded
Client 53 uploaded
Client 65 uploaded
Client 73 uploaded
Epoch(t): 364 accuracy: 73.38 loss 0.9156168669462204 run_time: 15941.866436719894
Current clients: 100 , select: 10
| current_epoch 365 |. Begin client select
SchedulerThread select( 10 clients):
81 | 68 | 88 | 82 | 22 | 71 | 21 | 62 | 36 | 17 |
-----------------------------------------------------------------Schedule complete
Client 68 trained
Client 62 trained
Client 88 trained
Client 71 trained
Client 36 trained
Client 17 trained
Client 82 trained
Client 81 trained
Client 21 trained
Client 22 trained
Client 17 uploaded
Client 62 uploaded
Client 68 uploaded
Client 21 uploaded
Client 22 uploaded
Client 36 uploaded
Client 71 uploaded
Client 88 uploaded
Client 81 uploaded
Client 82 uploaded
Epoch(t): 365 accuracy: 74.0 loss 0.9099186742305756 run_time: 15981.82198047638
Current clients: 100 , select: 10
| current_epoch 366 |. Begin client select
SchedulerThread select( 10 clients):
23 | 40 | 57 | 79 | 6 | 45 | 1 | 62 | 17 | 24 |
-----------------------------------------------------------------Schedule complete
Client 62 trained
Client 45 trained
Client 40 trained
Client 57 trained
Client 24 trained
Client 79 trained
Client 23 trained
Client 17 trained
Client 6 trained
Client 1 trained
Client 1 uploaded
Client 6 uploaded
Client 45 uploaded
Client 24 uploaded
Client 17 uploaded
Client 40 uploaded
Client 62 uploaded
Client 23 uploaded
Client 57 uploaded
Client 79 uploaded
Epoch(t): 366 accuracy: 72.88 loss 0.9269144868850708 run_time: 16018.931166410446
Current clients: 100 , select: 10
| current_epoch 367 |. Begin client select
SchedulerThread select( 10 clients):
49 | 71 | 64 | 83 | 63 | 52 | 87 | 62 | 53 | 90 |
-----------------------------------------------------------------Schedule complete
Client 62 trained
Client 64 trained
Client 83 trained
Client 71 trained
Client 49 trained
Client 90 trained
Client 63 trained
Client 52 trained
Client 87 trained
Client 53 trained
Client 62 uploaded
Client 64 uploaded
Client 49 uploaded
Client 71 uploaded
Client 52 uploaded
Client 83 uploaded
Client 53 uploaded
Client 63 uploaded
Client 90 uploaded
Client 87 uploaded
Epoch(t): 367 accuracy: 72.9 loss 0.9510026615858078 run_time: 16064.36409330368
Current clients: 100 , select: 10
| current_epoch 368 |. Begin client select
SchedulerThread select( 10 clients):
56 | 62 | 21 | 10 | 72 | 3 | 97 | 28 | 37 | 4 |
-----------------------------------------------------------------Schedule complete
Client 62 trained
Client 28 trained
Client 37 trained
Client 97 trained
Client 56 trained
Client 10 trained
Client 21 trained
Client 4 trained
Client 72 trained
Client 3 trained
Client 28 uploaded
Client 4 uploaded
Client 10 uploaded
Client 62 uploaded
Client 37 uploaded
Client 3 uploaded
Client 21 uploaded
Client 56 uploaded
Client 72 uploaded
Client 97 uploaded
Epoch(t): 368 accuracy: 73.33 loss 0.9316730403900146 run_time: 16109.69218492508
Current clients: 100 , select: 10
| current_epoch 369 |. Begin client select
SchedulerThread select( 10 clients):
35 | 28 | 68 | 36 | 21 | 99 | 58 | 72 | 95 | 98 |
-----------------------------------------------------------------Schedule complete
Client 68 trained
Client 28 trained
Client 36 trained
Client 99 trained
Client 21 trained
Client 58 trained
Client 35 trained
Client 98 trained
Client 95 trained
Client 72 trained
Client 28 uploaded
Client 68 uploaded
Client 21 uploaded
Client 36 uploaded
Client 35 uploaded
Client 58 uploaded
Client 72 uploaded
Client 98 uploaded
Client 95 uploaded
Client 99 uploaded
Epoch(t): 369 accuracy: 73.45 loss 0.90719423443079 run_time: 16157.986310958862
Current clients: 100 , select: 10
| current_epoch 370 |. Begin client select
SchedulerThread select( 10 clients):
98 | 63 | 70 | 65 | 14 | 73 | 34 | 99 | 69 | 46 |
-----------------------------------------------------------------Schedule complete
Client 99 trained
Client 46 trained
Client 98 trained
Client 69 trained
Client 63 trained
Client 73 trained
Client 34 trained
Client 70 trained
Client 65 trained
Client 14 trained
Client 46 uploaded
Client 14 uploaded
Client 34 uploaded
Client 69 uploaded
Client 63 uploaded
Client 73 uploaded
Client 65 uploaded
Client 70 uploaded
Client 98 uploaded
Client 99 uploaded
Epoch(t): 370 accuracy: 72.46 loss 0.9531789261102677 run_time: 16206.03667140007
Current clients: 100 , select: 10
| current_epoch 371 |. Begin client select
SchedulerThread select( 10 clients):
69 | 96 | 5 | 97 | 92 | 56 | 27 | 54 | 13 | 94 |
-----------------------------------------------------------------Schedule complete
Client 13 trained
Client 54 trained
Client 96 trained
Client 69 trained
Client 5 trained
Client 56 trained
Client 97 trained
Client 92 trained
Client 27 trained
Client 94 trained
Client 13 uploaded
Client 5 uploaded
Client 27 uploaded
Client 54 uploaded
Client 56 uploaded
Client 69 uploaded
Client 96 uploaded
Client 92 uploaded
Client 97 uploaded
Client 94 uploaded
Epoch(t): 371 accuracy: 73.42 loss 0.904393526315689 run_time: 16253.71376824379
Current clients: 100 , select: 10
| current_epoch 372 |. Begin client select
SchedulerThread select( 10 clients):
83 | 96 | 31 | 38 | 4 | 57 | 33 | 44 | 11 | 56 |
-----------------------------------------------------------------Schedule complete
Client 11 trained
Client 38 trained
Client 57 trained
Client 83 trained
Client 31 trained
Client 96 trained
Client 56 trained
Client 44 trained
Client 4 trained
Client 11 uploaded
Client 33 trained
Client 38 uploaded
Client 4 uploaded
Client 31 uploaded
Client 57 uploaded
Client 33 uploaded
Client 44 uploaded
Client 56 uploaded
Client 83 uploaded
Client 96 uploaded
Epoch(t): 372 accuracy: 72.83 loss 0.9104749447107315 run_time: 16296.755825519562
Current clients: 100 , select: 10
| current_epoch 373 |. Begin client select
SchedulerThread select( 10 clients):
15 | 99 | 30 | 26 | 94 | 75 | 88 | 44 | 90 | 78 |
-----------------------------------------------------------------Schedule complete
Client 15 trained
Client 88 trained
Client 75 trained
Client 99 trained
Client 15 uploaded
Client 44 trained
Client 30 trained
Client 90 trained
Client 78 trained
Client 94 trained
Client 26 trained
Client 30 uploaded
Client 44 uploaded
Client 26 uploaded
Client 75 uploaded
Client 88 uploaded
Client 78 uploaded
Client 90 uploaded
Client 99 uploaded
Client 94 uploaded
Epoch(t): 373 accuracy: 73.61 loss 0.9195475387573242 run_time: 16345.620911121368
Current clients: 100 , select: 10
| current_epoch 374 |. Begin client select
SchedulerThread select( 10 clients):
80 | 54 | 21 | 78 | 17 | 26 | 7 | 72 | 44 | 68 |
-----------------------------------------------------------------Schedule complete
Client 7 trained
Client 68 trained
Client 7 uploaded
Client 80 trained
Client 54 trained
Client 17 trained
Client 44 trained
Client 21 trained
Client 72 trained
Client 78 trained
Client 26 trained
Client 17 uploaded
Client 68 uploaded
Client 21 uploaded
Client 54 uploaded
Client 44 uploaded
Client 26 uploaded
Client 80 uploaded
Client 72 uploaded
Client 78 uploaded
Epoch(t): 374 accuracy: 72.01 loss 0.9859502422809601 run_time: 16387.34532904625
Current clients: 100 , select: 10
| current_epoch 375 |. Begin client select
SchedulerThread select( 10 clients):
35 | 76 | 68 | 21 | 41 | 90 | 37 | 73 | 34 | 65 |
-----------------------------------------------------------------Schedule complete
Client 68 trained
Client 37 trained
Client 76 trained
Client 21 trained
Client 90 trained
Client 35 trained
Client 73 trained
Client 41 trained
Client 65 trained
Client 34 trained
Client 37 uploaded
Client 68 uploaded
Client 21 uploaded
Client 35 uploaded
Client 34 uploaded
Client 76 uploaded
Client 41 uploaded
Client 65 uploaded
Client 73 uploaded
Client 90 uploaded
Epoch(t): 375 accuracy: 73.26 loss 0.9193927675485611 run_time: 16431.829721927643
Current clients: 100 , select: 10
| current_epoch 376 |. Begin client select
SchedulerThread select( 10 clients):
86 | 12 | 17 | 96 | 52 | 7 | 35 | 83 | 16 | 89 |
-----------------------------------------------------------------Schedule complete
Client 7 trained
Client 7 uploaded
Client 16 trained
Client 96 trained
Client 83 trained
Client 35 trained
Client 17 trained
Client 86 trained
Client 12 trained
Client 89 trained
Client 52 trained
Client 16 uploaded
Client 12 uploaded
Client 17 uploaded
Client 35 uploaded
Client 52 uploaded
Client 83 uploaded
Client 86 uploaded
Client 89 uploaded
Client 96 uploaded
Epoch(t): 376 accuracy: 73.15 loss 0.9379707932472229 run_time: 16477.119240522385
Current clients: 100 , select: 10
| current_epoch 377 |. Begin client select
SchedulerThread select( 10 clients):
16 | 31 | 18 | 91 | 41 | 97 | 86 | 50 | 62 | 73 |
-----------------------------------------------------------------Schedule complete
Client 62 trained
Client 50 trained
Client 16 trained
Client 31 trained
Client 97 trained
Client 86 trained
Client 73 trained
Client 91 trained
Client 41 trained
Client 18 trained
Client 16 uploaded
Client 62 uploaded
Client 50 uploaded
Client 31 uploaded
Client 18 uploaded
Client 41 uploaded
Client 73 uploaded
Client 86 uploaded
Client 97 uploaded
Client 91 uploaded
Epoch(t): 377 accuracy: 73.32 loss 0.9275287050008774 run_time: 16527.235072374344
Current clients: 100 , select: 10
| current_epoch 378 |. Begin client select
SchedulerThread select( 10 clients):
80 | 34 | 53 | 48 | 57 | 9 | 81 | 98 | 11 | 51 |
-----------------------------------------------------------------Schedule complete
Client 11 trained
Client 51 trained
Client 57 trained
Client 80 trained
Client 9 trained
Client 11 uploaded
Client 81 trained
Client 98 trained
Client 48 trained
Client 34 trained
Client 53 trained
Client 9 uploaded
Client 51 uploaded
Client 57 uploaded
Client 34 uploaded
Client 48 uploaded
Client 80 uploaded
Client 53 uploaded
Client 81 uploaded
Client 98 uploaded
Epoch(t): 378 accuracy: 73.83 loss 0.9143156817555428 run_time: 16574.434023618698
Current clients: 100 , select: 10
| current_epoch 379 |. Begin client select
SchedulerThread select( 10 clients):
65 | 95 | 35 | 88 | 47 | 58 | 62 | 41 | 74 | 0 |
-----------------------------------------------------------------Schedule complete
Client 62 trained
Client 88 trained
Client 0 trained
Client 74 trained
Client 58 trained
Client 35 trained
Client 0 uploaded
Client 95 trained
Client 41 trained
Client 65 trained
Client 47 trained
Client 62 uploaded
Client 35 uploaded
Client 88 uploaded
Client 58 uploaded
Client 41 uploaded
Client 74 uploaded
Client 47 uploaded
Client 65 uploaded
Client 95 uploaded
Epoch(t): 379 accuracy: 73.7 loss 0.9135733652114868 run_time: 16623.094567537308
Current clients: 100 , select: 10
| current_epoch 380 |. Begin client select
SchedulerThread select( 10 clients):
99 | 93 | 11 | 58 | 81 | 85 | 89 | 45 | 8 | 68 |
-----------------------------------------------------------------Schedule complete
Client 11 trained
Client 68 trained
Client 45 trained
Client 93 trained
Client 8 trained
Client 58 trained
Client 81 trained
Client 89 trained
Client 99 trained
Client 11 uploaded
Client 85 trained
Client 8 uploaded
Client 45 uploaded
Client 68 uploaded
Client 58 uploaded
Client 81 uploaded
Client 93 uploaded
Client 85 uploaded
Client 89 uploaded
Client 99 uploaded
Epoch(t): 380 accuracy: 72.79 loss 0.9597607922554016 run_time: 16670.166579723358
Current clients: 100 , select: 10
| current_epoch 381 |. Begin client select
SchedulerThread select( 10 clients):
50 | 27 | 54 | 63 | 34 | 41 | 36 | 43 | 70 | 73 |
-----------------------------------------------------------------Schedule complete
Client 50 trained
Client 54 trained
Client 36 trained
Client 43 trained
Client 63 trained
Client 73 trained
Client 41 trained
Client 27 trained
Client 34 trained
Client 70 trained
Client 50 uploaded
Client 36 uploaded
Client 54 uploaded
Client 43 uploaded
Client 27 uploaded
Client 34 uploaded
Client 41 uploaded
Client 63 uploaded
Client 73 uploaded
Client 70 uploaded
Epoch(t): 381 accuracy: 73.57 loss 0.9178792548179626 run_time: 16715.45737552643
Current clients: 100 , select: 10
| current_epoch 382 |. Begin client select
SchedulerThread select( 10 clients):
16 | 72 | 62 | 43 | 87 | 97 | 6 | 5 | 12 | 80 |
-----------------------------------------------------------------Schedule complete
Client 62 trained
Client 80 trained
Client 16 trained
Client 97 trained
Client 5 trained
Client 43 trained
Client 12 trained
Client 6 trained
Client 72 trained
Client 87 trained
Client 5 uploaded
Client 62 uploaded
Client 16 uploaded
Client 6 uploaded
Client 12 uploaded
Client 43 uploaded
Client 80 uploaded
Client 72 uploaded
Client 87 uploaded
Client 97 uploaded
Epoch(t): 382 accuracy: 72.05 loss 0.9858418405056 run_time: 16762.530977487564
Current clients: 100 , select: 10
| current_epoch 383 |. Begin client select
SchedulerThread select( 10 clients):
58 | 2 | 15 | 20 | 56 | 0 | 54 | 25 | 88 | 16 |
-----------------------------------------------------------------Schedule complete
Client 88 trained
Client 15 trained
Client 20 trained
Client 16 trained
Client 25 trained
Client 54 trained
Client 0 trained
Client 56 trained
Client 58 trained
Client 2 trained
Client 0 uploaded
Client 15 uploaded
Client 2 uploaded
Client 20 uploaded
Client 16 uploaded
Client 25 uploaded
Client 54 uploaded
Client 56 uploaded
Client 58 uploaded
Client 88 uploaded
Epoch(t): 383 accuracy: 72.18 loss 0.9883983278274536 run_time: 16799.152760505676
Current clients: 100 , select: 10
| current_epoch 384 |. Begin client select
SchedulerThread select( 10 clients):
83 | 38 | 20 | 35 | 11 | 46 | 32 | 10 | 47 | 85 |
-----------------------------------------------------------------Schedule complete
Client 11 trained
Client 38 trained
Client 20 trained
Client 83 trained
Client 46 trained
Client 10 trained
Client 35 trained
Client 11 uploaded
Client 32 trained
Client 85 trained
Client 47 trained
Client 38 uploaded
Client 20 uploaded
Client 10 uploaded
Client 35 uploaded
Client 32 uploaded
Client 46 uploaded
Client 47 uploaded
Client 83 uploaded
Client 85 uploaded
Epoch(t): 384 accuracy: 73.18 loss 0.9370413225889206 run_time: 16840.8738925457
Current clients: 100 , select: 10
| current_epoch 385 |. Begin client select
SchedulerThread select( 10 clients):
83 | 21 | 6 | 50 | 80 | 39 | 92 | 89 | 96 | 29 |
-----------------------------------------------------------------Schedule complete
Client 50 trained
Client 80 trained
Client 83 trained
Client 96 trained
Client 21 trained
Client 92 trained
Client 6 trained
Client 89 trained
Client 29 trained
Client 39 trained
Client 50 uploaded
Client 6 uploaded
Client 21 uploaded
Client 29 uploaded
Client 80 uploaded
Client 39 uploaded
Client 83 uploaded
Client 96 uploaded
Client 89 uploaded
Client 92 uploaded
Epoch(t): 385 accuracy: 73.02 loss 0.9554835757613183 run_time: 16887.650807619095
Current clients: 100 , select: 10
| current_epoch 386 |. Begin client select
SchedulerThread select( 10 clients):
54 | 83 | 11 | 90 | 12 | 0 | 27 | 61 | 9 | 16 |
-----------------------------------------------------------------Schedule complete
Client 11 trained
Client 83 trained
Client 54 trained
Client 16 trained
Client 0 trained
Client 9 trained
Client 11 uploaded
Client 90 trained
Client 12 trained
Client 61 trained
Client 27 trained
Client 0 uploaded
Client 9 uploaded
Client 16 uploaded
Client 12 uploaded
Client 27 uploaded
Client 54 uploaded
Client 61 uploaded
Client 83 uploaded
Client 90 uploaded
Epoch(t): 386 accuracy: 73.54 loss 0.9040304243564605 run_time: 16931.10050535202
Current clients: 100 , select: 10
| current_epoch 387 |. Begin client select
SchedulerThread select( 10 clients):
75 | 28 | 66 | 87 | 56 | 1 | 89 | 43 | 15 | 54 |
-----------------------------------------------------------------Schedule complete
Client 15 trained
Client 28 trained
Client 54 trained
Client 75 trained
Client 56 trained
Client 43 trained
Client 15 uploaded
Client 89 trained
Client 87 trained
Client 1 trained
Client 66 trained
Client 28 uploaded
Client 1 uploaded
Client 54 uploaded
Client 43 uploaded
Client 56 uploaded
Client 75 uploaded
Client 66 uploaded
Client 89 uploaded
Client 87 uploaded
Epoch(t): 387 accuracy: 71.65 loss 0.979186440706253 run_time: 16977.078156471252
Current clients: 100 , select: 10
| current_epoch 388 |. Begin client select
SchedulerThread select( 10 clients):
88 | 16 | 61 | 9 | 29 | 49 | 11 | 93 | 13 | 40 |
-----------------------------------------------------------------Schedule complete
Client 11 trained
Client 88 trained
Client 93 trained
Client 13 trained
Client 40 trained
Client 16 trained
Client 9 trained
Client 49 trained
Client 61 trained
Client 11 uploaded
Client 29 trained
Client 13 uploaded
Client 9 uploaded
Client 16 uploaded
Client 40 uploaded
Client 29 uploaded
Client 49 uploaded
Client 61 uploaded
Client 88 uploaded
Client 93 uploaded
Epoch(t): 388 accuracy: 71.79 loss 1.0126038765907288 run_time: 17016.49288058281
Current clients: 100 , select: 10
| current_epoch 389 |. Begin client select
SchedulerThread select( 10 clients):
47 | 38 | 17 | 48 | 99 | 96 | 82 | 86 | 18 | 8 |
-----------------------------------------------------------------Schedule complete
Client 38 trained
Client 8 trained
Client 96 trained
Client 99 trained
Client 86 trained
Client 82 trained
Client 17 trained
Client 48 trained
Client 47 trained
Client 38 uploaded
Client 18 trained
Client 8 uploaded
Client 17 uploaded
Client 18 uploaded
Client 48 uploaded
Client 47 uploaded
Client 82 uploaded
Client 86 uploaded
Client 96 uploaded
Client 99 uploaded
Epoch(t): 389 accuracy: 74.12 loss 0.8917482250928879 run_time: 17064.92996788025
Current clients: 100 , select: 10
| current_epoch 390 |. Begin client select
SchedulerThread select( 10 clients):
67 | 72 | 1 | 78 | 83 | 21 | 56 | 44 | 92 | 27 |
-----------------------------------------------------------------Schedule complete
Client 83 trained
Client 56 trained
Client 44 trained
Client 21 trained
Client 67 trained
Client 92 trained
Client 27 trained
Client 72 trained
Client 78 trained
Client 1 trained
Client 1 uploaded
Client 21 uploaded
Client 56 uploaded
Client 27 uploaded
Client 44 uploaded
Client 83 uploaded
Client 67 uploaded
Client 72 uploaded
Client 78 uploaded
Client 92 uploaded
Epoch(t): 390 accuracy: 73.98 loss 0.9070643359422683 run_time: 17114.31972718239
Current clients: 100 , select: 10
| current_epoch 391 |. Begin client select
SchedulerThread select( 10 clients):
80 | 95 | 19 | 52 | 78 | 87 | 56 | 27 | 11 | 12 |
-----------------------------------------------------------------Schedule complete
Client 11 trained
Client 80 trained
Client 11 uploaded
Client 56 trained
Client 12 trained
Client 19 trained
Client 27 trained
Client 52 trained
Client 78 trained
Client 87 trained
Client 95 trained
Client 12 uploaded
Client 19 uploaded
Client 56 uploaded
Client 80 uploaded
Client 27 uploaded
Client 52 uploaded
Client 78 uploaded
Client 87 uploaded
Client 95 uploaded
Epoch(t): 391 accuracy: 73.38 loss 0.943145204782486 run_time: 17166.02421927452
Current clients: 100 , select: 10
| current_epoch 392 |. Begin client select
SchedulerThread select( 10 clients):
17 | 96 | 15 | 75 | 93 | 49 | 44 | 54 | 40 | 31 |
-----------------------------------------------------------------Schedule complete
Client 15 trained
Client 93 trained
Client 40 trained
Client 96 trained
Client 31 trained
Client 75 trained
Client 54 trained
Client 17 trained
Client 44 trained
Client 49 trained
Client 15 uploaded
Client 17 uploaded
Client 31 uploaded
Client 40 uploaded
Client 44 uploaded
Client 54 uploaded
Client 49 uploaded
Client 75 uploaded
Client 93 uploaded
Client 96 uploaded
Epoch(t): 392 accuracy: 72.19 loss 0.9770638120174407 run_time: 17208.783781051636
Current clients: 100 , select: 10
| current_epoch 393 |. Begin client select
SchedulerThread select( 10 clients):
35 | 82 | 10 | 31 | 70 | 76 | 92 | 77 | 36 | 99 |
-----------------------------------------------------------------Schedule complete
Client 31 trained
Client 76 trained
Client 99 trained
Client 36 trained
Client 77 trained
Client 35 trained
Client 82 trained
Client 10 trained
Client 92 trained
Client 70 trained
Client 10 uploaded
Client 31 uploaded
Client 36 uploaded
Client 35 uploaded
Client 76 uploaded
Client 77 uploaded
Client 70 uploaded
Client 82 uploaded
Client 92 uploaded
Client 99 uploaded
Epoch(t): 393 accuracy: 73.43 loss 0.9435938909649849 run_time: 17257.780803203583
Current clients: 100 , select: 10
| current_epoch 394 |. Begin client select
SchedulerThread select( 10 clients):
88 | 3 | 84 | 38 | 26 | 66 | 77 | 65 | 24 | 95 |
-----------------------------------------------------------------Schedule complete
Client 38 trained
Client 88 trained
Client 24 trained
Client 77 trained
Client 38 uploaded
Client 95 trained
Client 84 trained
Client 65 trained
Client 66 trained
Client 3 trained
Client 26 trained
Client 24 uploaded
Client 3 uploaded
Client 88 uploaded
Client 77 uploaded
Client 26 uploaded
Client 65 uploaded
Client 66 uploaded
Client 84 uploaded
Client 95 uploaded
Epoch(t): 394 accuracy: 74.23 loss 0.9038532954454422 run_time: 17308.278116226196
Current clients: 100 , select: 10
| current_epoch 395 |. Begin client select
SchedulerThread select( 10 clients):
50 | 37 | 82 | 6 | 30 | 63 | 49 | 14 | 81 | 76 |
-----------------------------------------------------------------Schedule complete
Client 50 trained
Client 37 trained
Client 76 trained
Client 82 trained
Client 81 trained
Client 49 trained
Client 30 trained
Client 63 trained
Client 6 trained
Client 14 trained
Client 37 uploaded
Client 6 uploaded
Client 50 uploaded
Client 14 uploaded
Client 30 uploaded
Client 49 uploaded
Client 76 uploaded
Client 63 uploaded
Client 82 uploaded
Client 81 uploaded
Epoch(t): 395 accuracy: 73.01 loss 0.9418381643295288 run_time: 17350.19945216179
Current clients: 100 , select: 10
| current_epoch 396 |. Begin client select
SchedulerThread select( 10 clients):
9 | 67 | 1 | 46 | 40 | 16 | 49 | 72 | 53 | 69 |
-----------------------------------------------------------------Schedule complete
Client 40 trained
Client 16 trained
Client 46 trained
Client 9 trained
Client 69 trained
Client 49 trained
Client 67 trained
Client 72 trained
Client 1 trained
Client 53 trained
Client 9 uploaded
Client 40 uploaded
Client 16 uploaded
Client 1 uploaded
Client 46 uploaded
Client 49 uploaded
Client 69 uploaded
Client 67 uploaded
Client 53 uploaded
Client 72 uploaded
Epoch(t): 396 accuracy: 73.38 loss 0.9321471112966537 run_time: 17392.79034638405
Current clients: 100 , select: 10
| current_epoch 397 |. Begin client select
SchedulerThread select( 10 clients):
87 | 22 | 97 | 60 | 98 | 9 | 2 | 75 | 8 | 1 |
-----------------------------------------------------------------Schedule complete
Client 75 trained
Client 8 trained
Client 97 trained
Client 9 trained
Client 98 trained
Client 60 trained
Client 22 trained
Client 2 trained
Client 87 trained
Client 1 trained
Client 8 uploaded
Client 9 uploaded
Client 2 uploaded
Client 1 uploaded
Client 22 uploaded
Client 75 uploaded
Client 60 uploaded
Client 87 uploaded
Client 97 uploaded
Client 98 uploaded
Epoch(t): 397 accuracy: 73.09 loss 0.9773318815231323 run_time: 17440.38086605072
Current clients: 100 , select: 10
| current_epoch 398 |. Begin client select
SchedulerThread select( 10 clients):
33 | 27 | 5 | 7 | 50 | 64 | 36 | 80 | 91 | 98 |
-----------------------------------------------------------------Schedule complete
Client 7 trained
Client 7 uploaded
Client 50 trained
Client 80 trained
Client 64 trained
Client 5 trained
Client 36 trained
Client 98 trained
Client 27 trained
Client 33 trained
Client 91 trained
Client 5 uploaded
Client 50 uploaded
Client 36 uploaded
Client 27 uploaded
Client 64 uploaded
Client 33 uploaded
Client 80 uploaded
Client 98 uploaded
Client 91 uploaded
Epoch(t): 398 accuracy: 74.19 loss 0.8922364702820778 run_time: 17485.776522397995
Current clients: 100 , select: 10
| current_epoch 399 |. Begin client select
SchedulerThread select( 10 clients):
53 | 54 | 89 | 51 | 10 | 81 | 68 | 78 | 19 | 35 |
-----------------------------------------------------------------Schedule complete
Client 68 trained
Client 51 trained
Client 54 trained
Client 35 trained
Client 10 trained
Client 81 trained
Client 89 trained
Client 78 trained
Client 19 trained
Client 53 trained
Client 51 uploaded
Client 10 uploaded
Client 68 uploaded
Client 35 uploaded
Client 19 uploaded
Client 54 uploaded
Client 53 uploaded
Client 81 uploaded
Client 78 uploaded
Client 89 uploaded
Epoch(t): 399 accuracy: 73.88 loss 0.9438315045833587 run_time: 17530.592535972595
Current clients: 100 , select: 10
| current_epoch 400 |. Begin client select
SchedulerThread select( 10 clients):
10 | 39 | 65 | 26 | 19 | 68 | 41 | 50 | 75 | 81 |
-----------------------------------------------------------------Schedule complete
Client 68 trained
Client 50 trained
Client 75 trained
Client 81 trained
Client 10 trained
Client 19 trained
Client 65 trained
Client 41 trained
Client 39 trained
Client 26 trained
Client 10 uploaded
Client 50 uploaded
Client 68 uploaded
Client 19 uploaded
Client 75 uploaded
Client 26 uploaded
Client 41 uploaded
Client 39 uploaded
Client 81 uploaded
Client 65 uploaded
Epoch(t): 400 accuracy: 73.7 loss 0.9363564544916153 run_time: 17572.61855149269
Current clients: 100 , select: 10
| current_epoch 401 |. Begin client select
SchedulerThread select( 10 clients):
97 | 83 | 87 | 82 | 8 | 39 | 89 | 55 | 93 | 30 |
-----------------------------------------------------------------Schedule complete
Client 93 trained
Client 8 trained
Client 83 trained
Client 97 trained
Client 82 trained
Client 30 trained
Client 89 trained
Client 87 trained
Client 55 trained
Client 39 trained
Client 8 uploaded
Client 30 uploaded
Client 39 uploaded
Client 83 uploaded
Client 55 uploaded
Client 93 uploaded
Client 82 uploaded
Client 89 uploaded
Client 97 uploaded
Client 87 uploaded
Epoch(t): 401 accuracy: 74.08 loss 0.9234421545267105 run_time: 17618.421555519104
Current clients: 100 , select: 10
| current_epoch 402 |. Begin client select
SchedulerThread select( 10 clients):
7 | 31 | 11 | 55 | 14 | 58 | 78 | 77 | 39 | 85 |
-----------------------------------------------------------------Schedule complete
Client 7 trained
Client 11 trained
Client 7 uploaded
Client 31 trained
Client 77 trained
Client 11 uploaded
Client 58 trained
Client 85 trained
Client 78 trained
Client 55 trained
Client 39 trained
Client 14 trained
Client 31 uploaded
Client 14 uploaded
Client 58 uploaded
Client 77 uploaded
Client 39 uploaded
Client 55 uploaded
Client 78 uploaded
Client 85 uploaded
Epoch(t): 402 accuracy: 73.94 loss 0.9834954005479812 run_time: 17660.613907814026
Current clients: 100 , select: 10
| current_epoch 403 |. Begin client select
SchedulerThread select( 10 clients):
94 | 84 | 22 | 15 | 1 | 90 | 17 | 89 | 20 | 63 |
-----------------------------------------------------------------Schedule complete
Client 15 trained
Client 20 trained
Client 17 trained
Client 63 trained
Client 22 trained
Client 15 uploaded
Client 89 trained
Client 90 trained
Client 84 trained
Client 94 trained
Client 1 trained
Client 20 uploaded
Client 1 uploaded
Client 17 uploaded
Client 22 uploaded
Client 63 uploaded
Client 84 uploaded
Client 89 uploaded
Client 90 uploaded
Client 94 uploaded
Epoch(t): 403 accuracy: 73.28 loss 0.9609178909659386 run_time: 17711.021718502045
Current clients: 100 , select: 10
| current_epoch 404 |. Begin client select
SchedulerThread select( 10 clients):
44 | 66 | 92 | 33 | 21 | 47 | 16 | 95 | 99 | 34 |
-----------------------------------------------------------------Schedule complete
Client 16 trained
Client 99 trained
Client 21 trained
Client 44 trained
Client 92 trained
Client 95 trained
Client 33 trained
Client 47 trained
Client 34 trained
Client 66 trained
Client 16 uploaded
Client 21 uploaded
Client 44 uploaded
Client 33 uploaded
Client 34 uploaded
Client 47 uploaded
Client 66 uploaded
Client 92 uploaded
Client 99 uploaded
Client 95 uploaded
Epoch(t): 404 accuracy: 74.04 loss 0.8995955866575241 run_time: 17762.881561994553
Current clients: 100 , select: 10
| current_epoch 405 |. Begin client select
SchedulerThread select( 10 clients):
93 | 15 | 98 | 3 | 42 | 54 | 34 | 67 | 8 | 33 |
-----------------------------------------------------------------Schedule complete
Client 15 trained
Client 93 trained
Client 54 trained
Client 8 trained
Client 98 trained
Client 67 trained
Client 15 uploaded
Client 42 trained
Client 33 trained
Client 34 trained
Client 3 trained
Client 8 uploaded
Client 3 uploaded
Client 54 uploaded
Client 33 uploaded
Client 34 uploaded
Client 42 uploaded
Client 67 uploaded
Client 93 uploaded
Client 98 uploaded
Epoch(t): 405 accuracy: 72.83 loss 0.9942548608779908 run_time: 17810.24695444107
Current clients: 100 , select: 10
| current_epoch 406 |. Begin client select
SchedulerThread select( 10 clients):
91 | 73 | 80 | 9 | 63 | 58 | 65 | 46 | 7 | 72 |
-----------------------------------------------------------------Schedule complete
Client 7 trained
Client 7 uploaded
Client 80 trained
Client 9 trained
Client 46 trained
Client 58 trained
Client 72 trained
Client 91 trained
Client 73 trained
Client 65 trained
Client 63 trained
Client 9 uploaded
Client 46 uploaded
Client 80 uploaded
Client 58 uploaded
Client 63 uploaded
Client 65 uploaded
Client 72 uploaded
Client 73 uploaded
Client 91 uploaded
Epoch(t): 406 accuracy: 73.86 loss 0.9299251008033752 run_time: 17858.444118261337
Current clients: 100 , select: 10
| current_epoch 407 |. Begin client select
SchedulerThread select( 10 clients):
21 | 47 | 20 | 32 | 98 | 13 | 73 | 86 | 92 | 14 |
-----------------------------------------------------------------Schedule complete
Client 13 trained
Client 20 trained
Client 21 trained
Client 86 trained
Client 98 trained
Client 32 trained
Client 92 trained
Client 73 trained
Client 47 trained
Client 14 trained
Client 13 uploaded
Client 20 uploaded
Client 21 uploaded
Client 14 uploaded
Client 32 uploaded
Client 47 uploaded
Client 73 uploaded
Client 86 uploaded
Client 92 uploaded
Client 98 uploaded
Epoch(t): 407 accuracy: 72.87 loss 0.987193631529808 run_time: 17908.201479673386
Current clients: 100 , select: 10
| current_epoch 408 |. Begin client select
SchedulerThread select( 10 clients):
29 | 94 | 65 | 0 | 5 | 1 | 31 | 60 | 46 | 49 |
-----------------------------------------------------------------Schedule complete
Client 0 trained
Client 31 trained
Client 5 trained
Client 46 trained
Client 49 trained
Client 60 trained
Client 0 uploaded
Client 94 trained
Client 1 trained
Client 65 trained
Client 29 trained
Client 5 uploaded
Client 1 uploaded
Client 31 uploaded
Client 46 uploaded
Client 49 uploaded
Client 29 uploaded
Client 60 uploaded
Client 65 uploaded
Client 94 uploaded
Epoch(t): 408 accuracy: 73.39 loss 0.9480847117304801 run_time: 17958.624642133713
Current clients: 100 , select: 10
| current_epoch 409 |. Begin client select
SchedulerThread select( 10 clients):
19 | 22 | 4 | 70 | 91 | 94 | 83 | 53 | 28 | 41 |
-----------------------------------------------------------------Schedule complete
Client 28 trained
Client 83 trained
Client 22 trained
Client 4 trained
Client 94 trained
Client 19 trained
Client 91 trained
Client 41 trained
Client 70 trained
Client 28 uploaded
Client 53 trained
Client 4 uploaded
Client 22 uploaded
Client 19 uploaded
Client 83 uploaded
Client 41 uploaded
Client 53 uploaded
Client 70 uploaded
Client 94 uploaded
Client 91 uploaded
Epoch(t): 409 accuracy: 74.24 loss 0.943724839091301 run_time: 18012.35281276703
Current clients: 100 , select: 10
| current_epoch 410 |. Begin client select
SchedulerThread select( 10 clients):
31 | 53 | 92 | 40 | 34 | 9 | 73 | 47 | 15 | 64 |
-----------------------------------------------------------------Schedule complete
Client 15 trained
Client 64 trained
Client 40 trained
Client 31 trained
Client 9 trained
Client 92 trained
Client 15 uploaded
Client 73 trained
Client 47 trained
Client 53 trained
Client 34 trained
Client 9 uploaded
Client 40 uploaded
Client 31 uploaded
Client 64 uploaded
Client 34 uploaded
Client 47 uploaded
Client 53 uploaded
Client 73 uploaded
Client 92 uploaded
Epoch(t): 410 accuracy: 73.69 loss 0.9384854578971863 run_time: 18059.506133556366
Current clients: 100 , select: 10
| current_epoch 411 |. Begin client select
SchedulerThread select( 10 clients):
86 | 6 | 22 | 28 | 66 | 5 | 51 | 8 | 59 | 36 |
-----------------------------------------------------------------Schedule complete
Client 51 trained
Client 28 trained
Client 8 trained
Client 36 trained
Client 5 trained
Client 86 trained
Client 22 trained
Client 6 trained
Client 59 trained
Client 66 trained
Client 5 uploaded
Client 8 uploaded
Client 28 uploaded
Client 51 uploaded
Client 6 uploaded
Client 36 uploaded
Client 22 uploaded
Client 59 uploaded
Client 66 uploaded
Client 86 uploaded
Epoch(t): 411 accuracy: 73.16 loss 0.9536236220598221 run_time: 18101.422422647476
Current clients: 100 , select: 10
| current_epoch 412 |. Begin client select
SchedulerThread select( 10 clients):
99 | 39 | 41 | 11 | 70 | 58 | 1 | 47 | 25 | 37 |
-----------------------------------------------------------------Schedule complete
Client 11 trained
Client 37 trained
Client 99 trained
Client 11 uploaded
Client 25 trained
Client 58 trained
Client 1 trained
Client 47 trained
Client 41 trained
Client 70 trained
Client 39 trained
Client 37 uploaded
Client 25 uploaded
Client 1 uploaded
Client 58 uploaded
Client 41 uploaded
Client 39 uploaded
Client 47 uploaded
Client 70 uploaded
Client 99 uploaded
Epoch(t): 412 accuracy: 73.73 loss 0.9545483016967773 run_time: 18148.116900205612
Current clients: 100 , select: 10
| current_epoch 413 |. Begin client select
SchedulerThread select( 10 clients):
72 | 38 | 94 | 79 | 31 | 59 | 47 | 75 | 63 | 98 |
-----------------------------------------------------------------Schedule complete
Client 38 trained
Client 31 trained
Client 75 trained
Client 79 trained
Client 98 trained
Client 38 uploaded
Client 94 trained
Client 59 trained
Client 63 trained
Client 72 trained
Client 47 trained
Client 31 uploaded
Client 75 uploaded
Client 47 uploaded
Client 79 uploaded
Client 59 uploaded
Client 63 uploaded
Client 72 uploaded
Client 98 uploaded
Client 94 uploaded
Epoch(t): 413 accuracy: 74.09 loss 0.9173523396253586 run_time: 18196.98875617981
Current clients: 100 , select: 10
| current_epoch 414 |. Begin client select
SchedulerThread select( 10 clients):
99 | 25 | 93 | 69 | 97 | 31 | 19 | 0 | 52 | 3 |
-----------------------------------------------------------------Schedule complete
Client 93 trained
Client 25 trained
Client 31 trained
Client 0 trained
Client 97 trained
Client 99 trained
Client 69 trained
Client 52 trained
Client 19 trained
Client 3 trained
Client 0 uploaded
Client 25 uploaded
Client 3 uploaded
Client 31 uploaded
Client 19 uploaded
Client 52 uploaded
Client 69 uploaded
Client 93 uploaded
Client 97 uploaded
Client 99 uploaded
Epoch(t): 414 accuracy: 74.1 loss 0.9396142852306366 run_time: 18245.32011437416
Current clients: 100 , select: 10
| current_epoch 415 |. Begin client select
SchedulerThread select( 10 clients):
29 | 69 | 44 | 81 | 88 | 1 | 42 | 0 | 97 | 84 |
-----------------------------------------------------------------Schedule complete
Client 88 trained
Client 0 trained
Client 69 trained
Client 97 trained
Client 81 trained
Client 44 trained
Client 42 trained
Client 84 trained
Client 0 uploaded
Client 1 trained
Client 29 trained
Client 1 uploaded
Client 44 uploaded
Client 29 uploaded
Client 42 uploaded
Client 88 uploaded
Client 69 uploaded
Client 81 uploaded
Client 84 uploaded
Client 97 uploaded
Epoch(t): 415 accuracy: 73.21 loss 0.9704488432407379 run_time: 18292.34453725815
Current clients: 100 , select: 10
| current_epoch 416 |. Begin client select
SchedulerThread select( 10 clients):
48 | 94 | 93 | 39 | 13 | 26 | 67 | 30 | 53 | 62 |
-----------------------------------------------------------------Schedule complete
Client 62 trained
Client 93 trained
Client 13 trained
Client 67 trained
Client 30 trained
Client 94 trained
Client 48 trained
Client 13 uploaded
Client 53 trained
Client 39 trained
Client 26 trained
Client 62 uploaded
Client 30 uploaded
Client 48 uploaded
Client 26 uploaded
Client 67 uploaded
Client 39 uploaded
Client 93 uploaded
Client 53 uploaded
Client 94 uploaded
Epoch(t): 416 accuracy: 74.19 loss 0.9342823773622513 run_time: 18341.09903025627
Current clients: 100 , select: 10
| current_epoch 417 |. Begin client select
SchedulerThread select( 10 clients):
7 | 18 | 91 | 35 | 11 | 5 | 29 | 66 | 52 | 89 |
-----------------------------------------------------------------Schedule complete
Client 7 trained
Client 11 trained
Client 7 uploaded
Client 11 uploaded
Client 5 trained
Client 35 trained
Client 89 trained
Client 52 trained
Client 91 trained
Client 29 trained
Client 66 trained
Client 18 trained
Client 5 uploaded
Client 35 uploaded
Client 18 uploaded
Client 29 uploaded
Client 52 uploaded
Client 66 uploaded
Client 89 uploaded
Client 91 uploaded
Epoch(t): 417 accuracy: 74.49 loss 0.9103672057390213 run_time: 18391.872443199158
Current clients: 100 , select: 10
| current_epoch 418 |. Begin client select
SchedulerThread select( 10 clients):
47 | 58 | 95 | 10 | 74 | 12 | 64 | 17 | 81 | 50 |
-----------------------------------------------------------------Schedule complete
Client 64 trained
Client 50 trained
Client 74 trained
Client 10 trained
Client 58 trained
Client 81 trained
Client 17 trained
Client 12 trained
Client 95 trained
Client 47 trained
Client 10 uploaded
Client 50 uploaded
Client 12 uploaded
Client 17 uploaded
Client 64 uploaded
Client 58 uploaded
Client 47 uploaded
Client 74 uploaded
Client 81 uploaded
Client 95 uploaded
Epoch(t): 418 accuracy: 73.73 loss 0.9297376257181168 run_time: 18440.127111673355
Current clients: 100 , select: 10
| current_epoch 419 |. Begin client select
SchedulerThread select( 10 clients):
9 | 75 | 72 | 7 | 55 | 84 | 16 | 30 | 37 | 33 |
-----------------------------------------------------------------Schedule complete
Client 7 trained
Client 7 uploaded
Client 37 trained
Client 16 trained
Client 75 trained
Client 9 trained
Client 30 trained
Client 33 trained
Client 84 trained
Client 72 trained
Client 55 trained
Client 16 uploaded
Client 9 uploaded
Client 37 uploaded
Client 30 uploaded
Client 33 uploaded
Client 75 uploaded
Client 55 uploaded
Client 72 uploaded
Client 84 uploaded
Epoch(t): 419 accuracy: 73.12 loss 0.9732055002450943 run_time: 18482.70334291458
Current clients: 100 , select: 10
| current_epoch 420 |. Begin client select
SchedulerThread select( 10 clients):
40 | 50 | 89 | 94 | 41 | 57 | 34 | 29 | 9 | 25 |
-----------------------------------------------------------------Schedule complete
Client 57 trained
Client 50 trained
Client 40 trained
Client 9 trained
Client 25 trained
Client 89 trained
Client 94 trained
Client 41 trained
Client 34 trained
Client 29 trained
Client 9 uploaded
Client 40 uploaded
Client 25 uploaded
Client 50 uploaded
Client 57 uploaded
Client 29 uploaded
Client 34 uploaded
Client 41 uploaded
Client 89 uploaded
Client 94 uploaded
Epoch(t): 420 accuracy: 72.97 loss 0.9725698572397232 run_time: 18531.572455644608
Current clients: 100 , select: 10
| current_epoch 421 |. Begin client select
SchedulerThread select( 10 clients):
17 | 99 | 98 | 74 | 13 | 19 | 21 | 57 | 59 | 40 |
-----------------------------------------------------------------Schedule complete
Client 40 trained
Client 57 trained
Client 13 trained
Client 74 trained
Client 98 trained
Client 99 trained
Client 17 trained
Client 21 trained
Client 59 trained
Client 19 trained
Client 13 uploaded
Client 40 uploaded
Client 17 uploaded
Client 21 uploaded
Client 57 uploaded
Client 19 uploaded
Client 74 uploaded
Client 59 uploaded
Client 98 uploaded
Client 99 uploaded
Epoch(t): 421 accuracy: 73.05 loss 0.9698322051763535 run_time: 18580.521734714508
Current clients: 100 , select: 10
| current_epoch 422 |. Begin client select
SchedulerThread select( 10 clients):
52 | 15 | 68 | 45 | 98 | 26 | 57 | 39 | 59 | 33 |
-----------------------------------------------------------------Schedule complete
Client 15 trained
Client 68 trained
Client 45 trained
Client 57 trained
Client 98 trained
Client 15 uploaded
Client 52 trained
Client 59 trained
Client 33 trained
Client 39 trained
Client 26 trained
Client 45 uploaded
Client 68 uploaded
Client 57 uploaded
Client 33 uploaded
Client 26 uploaded
Client 52 uploaded
Client 39 uploaded
Client 59 uploaded
Client 98 uploaded
Epoch(t): 422 accuracy: 73.53 loss 0.9453455865383148 run_time: 18626.833453655243
Current clients: 100 , select: 10
| current_epoch 423 |. Begin client select
SchedulerThread select( 10 clients):
15 | 11 | 20 | 87 | 38 | 90 | 89 | 77 | 5 | 27 |
-----------------------------------------------------------------Schedule complete
Client 38 trained
Client 11 trained
Client 15 trained
Client 20 trained
Client 5 trained
Client 77 trained
Client 90 trained
Client 27 trained
Client 89 trained
Client 11 uploaded
Client 87 trained
Client 15 uploaded
Client 38 uploaded
Client 5 uploaded
Client 20 uploaded
Client 27 uploaded
Client 77 uploaded
Client 90 uploaded
Client 89 uploaded
Client 87 uploaded
Epoch(t): 423 accuracy: 73.11 loss 0.9496629822254181 run_time: 18669.529893875122
Current clients: 100 , select: 10
| current_epoch 424 |. Begin client select
SchedulerThread select( 10 clients):
41 | 18 | 11 | 91 | 31 | 45 | 50 | 65 | 6 | 86 |
-----------------------------------------------------------------Schedule complete
Client 11 trained
Client 45 trained
Client 50 trained
Client 31 trained
Client 11 uploaded
Client 86 trained
Client 6 trained
Client 91 trained
Client 65 trained
Client 41 trained
Client 18 trained
Client 45 uploaded
Client 50 uploaded
Client 31 uploaded
Client 6 uploaded
Client 18 uploaded
Client 41 uploaded
Client 86 uploaded
Client 65 uploaded
Client 91 uploaded
Epoch(t): 424 accuracy: 70.95 loss 1.0752163517475128 run_time: 18718.374585866928
Current clients: 100 , select: 10
| current_epoch 425 |. Begin client select
SchedulerThread select( 10 clients):
38 | 33 | 22 | 3 | 51 | 57 | 71 | 95 | 70 | 31 |
-----------------------------------------------------------------Schedule complete
Client 38 trained
Client 51 trained
Client 57 trained
Client 31 trained
Client 71 trained
Client 22 trained
Client 95 trained
Client 33 trained
Client 38 uploaded
Client 70 trained
Client 3 trained
Client 51 uploaded
Client 31 uploaded
Client 3 uploaded
Client 57 uploaded
Client 22 uploaded
Client 33 uploaded
Client 71 uploaded
Client 70 uploaded
Client 95 uploaded
Epoch(t): 425 accuracy: 74.3 loss 0.9533639979362488 run_time: 18766.963410139084
Current clients: 100 , select: 10
| current_epoch 426 |. Begin client select
SchedulerThread select( 10 clients):
12 | 59 | 13 | 17 | 15 | 1 | 7 | 99 | 28 | 16 |
-----------------------------------------------------------------Schedule complete
Client 7 trained
Client 15 trained
Client 28 trained
Client 7 uploaded
Client 13 trained
Client 16 trained
Client 99 trained
Client 17 trained
Client 12 trained
Client 59 trained
Client 1 trained
Client 15 uploaded
Client 1 uploaded
Client 28 uploaded
Client 13 uploaded
Client 16 uploaded
Client 12 uploaded
Client 17 uploaded
Client 59 uploaded
Client 99 uploaded
Epoch(t): 426 accuracy: 73.19 loss 0.9529257169365883 run_time: 18812.59694623947
Current clients: 100 , select: 10
| current_epoch 427 |. Begin client select
SchedulerThread select( 10 clients):
25 | 51 | 47 | 87 | 80 | 82 | 10 | 74 | 75 | 33 |
-----------------------------------------------------------------Schedule complete
Client 51 trained
Client 80 trained
Client 74 trained
Client 25 trained
Client 75 trained
Client 10 trained
Client 82 trained
Client 33 trained
Client 47 trained
Client 87 trained
Client 10 uploaded
Client 51 uploaded
Client 25 uploaded
Client 33 uploaded
Client 47 uploaded
Client 80 uploaded
Client 74 uploaded
Client 75 uploaded
Client 82 uploaded
Client 87 uploaded
Epoch(t): 427 accuracy: 74.04 loss 0.9277383106946945 run_time: 18857.712574720383
Current clients: 100 , select: 10
| current_epoch 428 |. Begin client select
SchedulerThread select( 10 clients):
9 | 2 | 8 | 25 | 82 | 56 | 16 | 11 | 42 | 15 |
-----------------------------------------------------------------Schedule complete
Client 11 trained
Client 15 trained
Client 16 trained
Client 25 trained
Client 8 trained
Client 9 trained
Client 56 trained
Client 82 trained
Client 42 trained
Client 2 trained
Client 11 uploaded
Client 15 uploaded
Client 2 uploaded
Client 8 uploaded
Client 9 uploaded
Client 16 uploaded
Client 25 uploaded
Client 42 uploaded
Client 56 uploaded
Client 82 uploaded
Epoch(t): 428 accuracy: 73.19 loss 0.9774542808532715 run_time: 18897.372707366943
Current clients: 100 , select: 10
| current_epoch 429 |. Begin client select
SchedulerThread select( 10 clients):
5 | 59 | 6 | 21 | 73 | 55 | 92 | 50 | 63 | 3 |
-----------------------------------------------------------------Schedule complete
Client 50 trained
Client 5 trained
Client 92 trained
Client 21 trained
Client 6 trained
Client 59 trained
Client 73 trained
Client 63 trained
Client 55 trained
Client 3 trained
Client 5 uploaded
Client 50 uploaded
Client 6 uploaded
Client 3 uploaded
Client 21 uploaded
Client 59 uploaded
Client 55 uploaded
Client 63 uploaded
Client 73 uploaded
Client 92 uploaded
Epoch(t): 429 accuracy: 73.69 loss 0.9422652363777161 run_time: 18946.240951538086
Current clients: 100 , select: 10
| current_epoch 430 |. Begin client select
SchedulerThread select( 10 clients):
48 | 87 | 54 | 22 | 45 | 27 | 23 | 35 | 57 | 19 |
-----------------------------------------------------------------Schedule complete
Client 45 trained
Client 57 trained
Client 23 trained
Client 54 trained
Client 35 trained
Client 22 trained
Client 48 trained
Client 19 trained
Client 27 trained
Client 87 trained
Client 23 uploaded
Client 45 uploaded
Client 57 uploaded
Client 22 uploaded
Client 19 uploaded
Client 54 uploaded
Client 35 uploaded
Client 27 uploaded
Client 48 uploaded
Client 87 uploaded
Epoch(t): 430 accuracy: 74.22 loss 0.8953034022450447 run_time: 18991.876666784286
Current clients: 100 , select: 10
| current_epoch 431 |. Begin client select
SchedulerThread select( 10 clients):
4 | 78 | 79 | 31 | 82 | 37 | 63 | 52 | 70 | 61 |
-----------------------------------------------------------------Schedule complete
Client 37 trained
Client 31 trained
Client 79 trained
Client 82 trained
Client 4 trained
Client 78 trained
Client 52 trained
Client 63 trained
Client 61 trained
Client 70 trained
Client 4 uploaded
Client 37 uploaded
Client 31 uploaded
Client 52 uploaded
Client 79 uploaded
Client 82 uploaded
Client 61 uploaded
Client 63 uploaded
Client 78 uploaded
Client 70 uploaded
Epoch(t): 431 accuracy: 72.85 loss 0.9872262161970139 run_time: 19037.046494960785
Current clients: 100 , select: 10
| current_epoch 432 |. Begin client select
SchedulerThread select( 10 clients):
7 | 11 | 35 | 49 | 17 | 53 | 25 | 82 | 67 | 31 |
-----------------------------------------------------------------Schedule complete
Client 7 trained
Client 11 trained
Client 7 uploaded
Client 31 trained
Client 25 trained
Client 17 trained
Client 35 trained
Client 67 trained
Client 11 uploaded
Client 82 trained
Client 49 trained
Client 53 trained
Client 25 uploaded
Client 17 uploaded
Client 31 uploaded
Client 35 uploaded
Client 49 uploaded
Client 53 uploaded
Client 67 uploaded
Client 82 uploaded
Epoch(t): 432 accuracy: 73.33 loss 0.9416235020756721 run_time: 19077.191692590714
Current clients: 100 , select: 10
| current_epoch 433 |. Begin client select
SchedulerThread select( 10 clients):
80 | 69 | 2 | 48 | 91 | 45 | 61 | 62 | 44 | 72 |
-----------------------------------------------------------------Schedule complete
Client 62 trained
Client 45 trained
Client 80 trained
Client 69 trained
Client 44 trained
Client 48 trained
Client 2 trained
Client 72 trained
Client 61 trained
Client 91 trained
Client 2 uploaded
Client 45 uploaded
Client 62 uploaded
Client 44 uploaded
Client 48 uploaded
Client 80 uploaded
Client 69 uploaded
Client 61 uploaded
Client 72 uploaded
Client 91 uploaded
Epoch(t): 433 accuracy: 73.6 loss 0.9562312006950379 run_time: 19124.74454331398
Current clients: 100 , select: 10
| current_epoch 434 |. Begin client select
SchedulerThread select( 10 clients):
64 | 41 | 49 | 34 | 23 | 3 | 40 | 76 | 28 | 99 |
-----------------------------------------------------------------Schedule complete
Client 64 trained
Client 23 trained
Client 28 trained
Client 76 trained
Client 40 trained
Client 99 trained
Client 49 trained
Client 41 trained
Client 34 trained
Client 3 trained
Client 23 uploaded
Client 28 uploaded
Client 3 uploaded
Client 40 uploaded
Client 64 uploaded
Client 49 uploaded
Client 34 uploaded
Client 41 uploaded
Client 76 uploaded
Client 99 uploaded
Epoch(t): 434 accuracy: 73.89 loss 0.9351184558868408 run_time: 19172.450877904892
Current clients: 100 , select: 10
| current_epoch 435 |. Begin client select
SchedulerThread select( 10 clients):
35 | 7 | 60 | 67 | 45 | 98 | 74 | 29 | 20 | 12 |
-----------------------------------------------------------------Schedule complete
Client 7 trained
Client 7 uploaded
Client 45 trained
Client 20 trained
Client 74 trained
Client 98 trained
Client 35 trained
Client 67 trained
Client 12 trained
Client 60 trained
Client 29 trained
Client 20 uploaded
Client 45 uploaded
Client 12 uploaded
Client 35 uploaded
Client 29 uploaded
Client 60 uploaded
Client 74 uploaded
Client 67 uploaded
Client 98 uploaded
Epoch(t): 435 accuracy: 73.04 loss 0.9712407338619232 run_time: 19218.289654493332
Current clients: 100 , select: 10
| current_epoch 436 |. Begin client select
SchedulerThread select( 10 clients):
31 | 84 | 30 | 34 | 68 | 94 | 7 | 97 | 28 | 73 |
-----------------------------------------------------------------Schedule complete
Client 7 trained
Client 68 trained
Client 7 uploaded
Client 28 trained
Client 31 trained
Client 97 trained
Client 30 trained
Client 73 trained
Client 94 trained
Client 84 trained
Client 34 trained
Client 28 uploaded
Client 68 uploaded
Client 31 uploaded
Client 30 uploaded
Client 34 uploaded
Client 73 uploaded
Client 84 uploaded
Client 97 uploaded
Client 94 uploaded
Epoch(t): 436 accuracy: 73.07 loss 0.9397568941116333 run_time: 19265.484776973724
Current clients: 100 , select: 10
| current_epoch 437 |. Begin client select
SchedulerThread select( 10 clients):
49 | 45 | 22 | 30 | 75 | 40 | 94 | 89 | 3 | 90 |
-----------------------------------------------------------------Schedule complete
Client 45 trained
Client 40 trained
Client 75 trained
Client 30 trained
Client 49 trained
Client 22 trained
Client 90 trained
Client 89 trained
Client 94 trained
Client 3 trained
Client 45 uploaded
Client 40 uploaded
Client 3 uploaded
Client 22 uploaded
Client 30 uploaded
Client 49 uploaded
Client 75 uploaded
Client 90 uploaded
Client 89 uploaded
Client 94 uploaded
Epoch(t): 437 accuracy: 73.27 loss 0.9826569557189941 run_time: 19314.35517024994
Current clients: 100 , select: 10
| current_epoch 438 |. Begin client select
SchedulerThread select( 10 clients):
89 | 45 | 72 | 18 | 24 | 63 | 69 | 39 | 22 | 62 |
-----------------------------------------------------------------Schedule complete
Client 62 trained
Client 45 trained
Client 24 trained
Client 69 trained
Client 22 trained
Client 89 trained
Client 63 trained
Client 72 trained
Client 39 trained
Client 18 trained
Client 24 uploaded
Client 45 uploaded
Client 62 uploaded
Client 22 uploaded
Client 18 uploaded
Client 69 uploaded
Client 39 uploaded
Client 63 uploaded
Client 72 uploaded
Client 89 uploaded
Epoch(t): 438 accuracy: 74.3 loss 0.9352900129556656 run_time: 19360.04159426689
Current clients: 100 , select: 10
| current_epoch 439 |. Begin client select
SchedulerThread select( 10 clients):
4 | 11 | 7 | 29 | 77 | 28 | 2 | 67 | 61 | 0 |
-----------------------------------------------------------------Schedule complete
Client 7 trained
Client 11 trained
Client 7 uploaded
Client 28 trained
Client 77 trained
Client 0 trained
Client 67 trained
Client 4 trained
Client 11 uploaded
Client 61 trained
Client 2 trained
Client 29 trained
Client 0 uploaded
Client 4 uploaded
Client 2 uploaded
Client 28 uploaded
Client 29 uploaded
Client 77 uploaded
Client 67 uploaded
Client 61 uploaded
Epoch(t): 439 accuracy: 73.47 loss 0.9757017344236374 run_time: 19397.6610622406
Current clients: 100 , select: 10
| current_epoch 440 |. Begin client select
SchedulerThread select( 10 clients):
42 | 78 | 25 | 16 | 43 | 91 | 22 | 41 | 7 | 2 |
-----------------------------------------------------------------Schedule complete
Client 7 trained
Client 7 uploaded
Client 16 trained
Client 25 trained
Client 43 trained
Client 22 trained
Client 78 trained
Client 42 trained
Client 2 trained
Client 91 trained
Client 41 trained
Client 16 uploaded
Client 2 uploaded
Client 25 uploaded
Client 22 uploaded
Client 43 uploaded
Client 42 uploaded
Client 41 uploaded
Client 78 uploaded
Client 91 uploaded
Epoch(t): 440 accuracy: 73.34 loss 0.998614753484726 run_time: 19447.683899641037
Current clients: 100 , select: 10
| current_epoch 441 |. Begin client select
SchedulerThread select( 10 clients):
18 | 75 | 90 | 99 | 14 | 67 | 46 | 9 | 47 | 84 |
-----------------------------------------------------------------Schedule complete
Client 75 trained
Client 46 trained
Client 67 trained
Client 9 trained
Client 99 trained
Client 90 trained
Client 84 trained
Client 47 trained
Client 14 trained
Client 18 trained
Client 9 uploaded
Client 46 uploaded
Client 14 uploaded
Client 18 uploaded
Client 67 uploaded
Client 75 uploaded
Client 47 uploaded
Client 84 uploaded
Client 90 uploaded
Client 99 uploaded
Epoch(t): 441 accuracy: 73.43 loss 0.9586295172572136 run_time: 19498.871755838394
Current clients: 100 , select: 10
| current_epoch 442 |. Begin client select
SchedulerThread select( 10 clients):
50 | 75 | 12 | 43 | 38 | 41 | 17 | 20 | 93 | 55 |
-----------------------------------------------------------------Schedule complete
Client 38 trained
Client 93 trained
Client 50 trained
Client 20 trained
Client 75 trained
Client 17 trained
Client 43 trained
Client 12 trained
Client 41 trained
Client 55 trained
Client 38 uploaded
Client 20 uploaded
Client 12 uploaded
Client 17 uploaded
Client 50 uploaded
Client 43 uploaded
Client 41 uploaded
Client 75 uploaded
Client 55 uploaded
Client 93 uploaded
Epoch(t): 442 accuracy: 74.72 loss 0.9160337263345718 run_time: 19539.24849486351
Current clients: 100 , select: 10
| current_epoch 443 |. Begin client select
SchedulerThread select( 10 clients):
81 | 62 | 83 | 40 | 22 | 90 | 71 | 88 | 78 | 45 |
-----------------------------------------------------------------Schedule complete
Client 62 trained
Client 45 trained
Client 88 trained
Client 40 trained
Client 71 trained
Client 83 trained
Client 81 trained
Client 22 trained
Client 90 trained
Client 78 trained
Client 45 uploaded
Client 62 uploaded
Client 40 uploaded
Client 22 uploaded
Client 71 uploaded
Client 88 uploaded
Client 81 uploaded
Client 83 uploaded
Client 78 uploaded
Client 90 uploaded
Epoch(t): 443 accuracy: 73.63 loss 0.9359324371814728 run_time: 19581.730231523514
Current clients: 100 , select: 10
| current_epoch 444 |. Begin client select
SchedulerThread select( 10 clients):
28 | 85 | 75 | 22 | 48 | 39 | 93 | 88 | 37 | 16 |
-----------------------------------------------------------------Schedule complete
Client 88 trained
Client 93 trained
Client 28 trained
Client 37 trained
Client 75 trained
Client 16 trained
Client 22 trained
Client 85 trained
Client 48 trained
Client 39 trained
Client 28 uploaded
Client 16 uploaded
Client 37 uploaded
Client 22 uploaded
Client 48 uploaded
Client 39 uploaded
Client 75 uploaded
Client 88 uploaded
Client 93 uploaded
Client 85 uploaded
Epoch(t): 444 accuracy: 73.07 loss 1.0031041395664215 run_time: 19624.207763910294
Current clients: 100 , select: 10
| current_epoch 445 |. Begin client select
SchedulerThread select( 10 clients):
22 | 93 | 0 | 89 | 73 | 50 | 98 | 72 | 4 | 23 |
-----------------------------------------------------------------Schedule complete
Client 93 trained
Client 23 trained
Client 50 trained
Client 0 trained
Client 98 trained
Client 4 trained
Client 22 trained
Client 89 trained
Client 72 trained
Client 73 trained
Client 0 uploaded
Client 23 uploaded
Client 4 uploaded
Client 50 uploaded
Client 22 uploaded
Client 93 uploaded
Client 72 uploaded
Client 73 uploaded
Client 89 uploaded
Client 98 uploaded
Epoch(t): 445 accuracy: 73.86 loss 0.9301827901601791 run_time: 19671.11950802803
Current clients: 100 , select: 10
| current_epoch 446 |. Begin client select
SchedulerThread select( 10 clients):
77 | 40 | 78 | 28 | 81 | 72 | 13 | 63 | 18 | 42 |
-----------------------------------------------------------------Schedule complete
Client 13 trained
Client 28 trained
Client 40 trained
Client 77 trained
Client 81 trained
Client 42 trained
Client 63 trained
Client 78 trained
Client 72 trained
Client 18 trained
Client 13 uploaded
Client 28 uploaded
Client 40 uploaded
Client 18 uploaded
Client 42 uploaded
Client 77 uploaded
Client 63 uploaded
Client 81 uploaded
Client 72 uploaded
Client 78 uploaded
Epoch(t): 446 accuracy: 74.0 loss 0.9335499501228333 run_time: 19714.99610209465
Current clients: 100 , select: 10
| current_epoch 447 |. Begin client select
SchedulerThread select( 10 clients):
95 | 9 | 30 | 44 | 40 | 21 | 81 | 11 | 90 | 85 |
-----------------------------------------------------------------Schedule complete
Client 11 trained
Client 40 trained
Client 9 trained
Client 11 uploaded
Client 21 trained
Client 81 trained
Client 30 trained
Client 44 trained
Client 90 trained
Client 95 trained
Client 85 trained
Client 9 uploaded
Client 40 uploaded
Client 21 uploaded
Client 30 uploaded
Client 44 uploaded
Client 81 uploaded
Client 85 uploaded
Client 90 uploaded
Client 95 uploaded
Epoch(t): 447 accuracy: 73.43 loss 0.9488069093227387 run_time: 19763.611142396927
Current clients: 100 , select: 10
| current_epoch 448 |. Begin client select
SchedulerThread select( 10 clients):
81 | 93 | 42 | 57 | 1 | 33 | 26 | 31 | 88 | 8 |
-----------------------------------------------------------------Schedule complete
Client 88 trained
Client 57 trained
Client 93 trained
Client 8 trained
Client 31 trained
Client 81 trained
Client 42 trained
Client 33 trained
Client 1 trained
Client 26 trained
Client 8 uploaded
Client 1 uploaded
Client 31 uploaded
Client 57 uploaded
Client 33 uploaded
Client 26 uploaded
Client 42 uploaded
Client 88 uploaded
Client 81 uploaded
Client 93 uploaded
Epoch(t): 448 accuracy: 73.44 loss 0.9563956075906753 run_time: 19804.850585222244
Current clients: 100 , select: 10
| current_epoch 449 |. Begin client select
SchedulerThread select( 10 clients):
44 | 32 | 13 | 92 | 0 | 6 | 49 | 56 | 93 | 53 |
-----------------------------------------------------------------Schedule complete
Client 93 trained
Client 13 trained
Client 0 trained
Client 56 trained
Client 49 trained
Client 32 trained
Client 44 trained
Client 92 trained
Client 6 trained
Client 53 trained
Client 0 uploaded
Client 13 uploaded
Client 6 uploaded
Client 32 uploaded
Client 56 uploaded
Client 44 uploaded
Client 49 uploaded
Client 53 uploaded
Client 93 uploaded
Client 92 uploaded
Epoch(t): 449 accuracy: 73.54 loss 0.9380541396141052 run_time: 19853.50080037117
Current clients: 100 , select: 10
| current_epoch 450 |. Begin client select
SchedulerThread select( 10 clients):
21 | 52 | 63 | 48 | 44 | 69 | 12 | 61 | 73 | 83 |
-----------------------------------------------------------------Schedule complete
Client 83 trained
Client 21 trained
Client 44 trained
Client 69 trained
Client 12 trained
Client 48 trained
Client 73 trained
Client 52 trained
Client 61 trained
Client 63 trained
Client 12 uploaded
Client 21 uploaded
Client 44 uploaded
Client 48 uploaded
Client 83 uploaded
Client 52 uploaded
Client 69 uploaded
Client 61 uploaded
Client 63 uploaded
Client 73 uploaded
Epoch(t): 450 accuracy: 74.26 loss 0.9172585389018059 run_time: 19898.372950315475
Current clients: 100 , select: 10
| current_epoch 451 |. Begin client select
SchedulerThread select( 10 clients):
97 | 87 | 28 | 20 | 57 | 9 | 4 | 37 | 2 | 40 |
-----------------------------------------------------------------Schedule complete
Client 57 trained
Client 20 trained
Client 28 trained
Client 40 trained
Client 37 trained
Client 9 trained
Client 97 trained
Client 4 trained
Client 2 trained
Client 87 trained
Client 2 uploaded
Client 9 uploaded
Client 4 uploaded
Client 20 uploaded
Client 28 uploaded
Client 37 uploaded
Client 40 uploaded
Client 57 uploaded
Client 87 uploaded
Client 97 uploaded
Epoch(t): 451 accuracy: 75.06 loss 0.8816425657272339 run_time: 19943.95195198059
Current clients: 100 , select: 10
| current_epoch 452 |. Begin client select
SchedulerThread select( 10 clients):
33 | 13 | 9 | 43 | 21 | 48 | 20 | 93 | 70 | 11 |
-----------------------------------------------------------------Schedule complete
Client 11 trained
Client 93 trained
Client 13 trained
Client 20 trained
Client 9 trained
Client 21 trained
Client 11 uploaded
Client 43 trained
Client 48 trained
Client 33 trained
Client 70 trained
Client 13 uploaded
Client 20 uploaded
Client 9 uploaded
Client 21 uploaded
Client 33 uploaded
Client 43 uploaded
Client 48 uploaded
Client 93 uploaded
Client 70 uploaded
Epoch(t): 452 accuracy: 74.16 loss 0.9458228874206543 run_time: 19984.7414560318
Current clients: 100 , select: 10
| current_epoch 453 |. Begin client select
SchedulerThread select( 10 clients):
43 | 76 | 78 | 61 | 90 | 3 | 55 | 83 | 21 | 77 |
-----------------------------------------------------------------Schedule complete
Client 83 trained
Client 77 trained
Client 76 trained
Client 21 trained
Client 43 trained
Client 90 trained
Client 78 trained
Client 61 trained
Client 55 trained
Client 3 trained
Client 21 uploaded
Client 3 uploaded
Client 43 uploaded
Client 83 uploaded
Client 76 uploaded
Client 77 uploaded
Client 61 uploaded
Client 55 uploaded
Client 78 uploaded
Client 90 uploaded
Epoch(t): 453 accuracy: 74.7 loss 0.9183623397350311 run_time: 20030.792015075684
Current clients: 100 , select: 10
| current_epoch 454 |. Begin client select
SchedulerThread select( 10 clients):
55 | 20 | 6 | 12 | 42 | 26 | 24 | 52 | 89 | 70 |
-----------------------------------------------------------------Schedule complete
Client 20 trained
Client 24 trained
Client 12 trained
Client 6 trained
Client 89 trained
Client 42 trained
Client 52 trained
Client 55 trained
Client 20 uploaded
Client 70 trained
Client 24 uploaded
Client 26 trained
Client 12 uploaded
Client 6 uploaded
Client 42 uploaded
Client 26 uploaded
Client 52 uploaded
Client 55 uploaded
Client 70 uploaded
Client 89 uploaded
Epoch(t): 454 accuracy: 74.04 loss 0.9358382868766785 run_time: 20078.643230199814
Current clients: 100 , select: 10
| current_epoch 455 |. Begin client select
SchedulerThread select( 10 clients):
92 | 93 | 69 | 33 | 84 | 36 | 38 | 30 | 12 | 6 |
-----------------------------------------------------------------Schedule complete
Client 38 trained
Client 93 trained
Client 69 trained
Client 36 trained
Client 12 trained
Client 6 trained
Client 92 trained
Client 30 trained
Client 33 trained
Client 38 uploaded
Client 84 trained
Client 6 uploaded
Client 12 uploaded
Client 36 uploaded
Client 30 uploaded
Client 33 uploaded
Client 69 uploaded
Client 93 uploaded
Client 84 uploaded
Client 92 uploaded
Epoch(t): 455 accuracy: 72.03 loss 1.0179728853702545 run_time: 20126.824439048767
Current clients: 100 , select: 10
| current_epoch 456 |. Begin client select
SchedulerThread select( 10 clients):
50 | 73 | 70 | 62 | 19 | 6 | 46 | 0 | 54 | 11 |
-----------------------------------------------------------------Schedule complete
Client 11 trained
Client 62 trained
Client 50 trained
Client 0 trained
Client 54 trained
Client 46 trained
Client 11 uploaded
Client 6 trained
Client 19 trained
Client 73 trained
Client 70 trained
Client 0 uploaded
Client 62 uploaded
Client 6 uploaded
Client 50 uploaded
Client 19 uploaded
Client 46 uploaded
Client 54 uploaded
Client 73 uploaded
Client 70 uploaded
Epoch(t): 456 accuracy: 73.75 loss 0.9349882262945175 run_time: 20168.291437149048
Current clients: 100 , select: 10
| current_epoch 457 |. Begin client select
SchedulerThread select( 10 clients):
37 | 84 | 80 | 76 | 61 | 25 | 12 | 3 | 26 | 21 |
-----------------------------------------------------------------Schedule complete
Client 80 trained
Client 37 trained
Client 76 trained
Client 25 trained
Client 21 trained
Client 12 trained
Client 61 trained
Client 84 trained
Client 3 trained
Client 26 trained
Client 37 uploaded
Client 25 uploaded
Client 12 uploaded
Client 3 uploaded
Client 21 uploaded
Client 80 uploaded
Client 26 uploaded
Client 76 uploaded
Client 61 uploaded
Client 84 uploaded
Epoch(t): 457 accuracy: 74.23 loss 0.9397558999061585 run_time: 20214.333354234695
Current clients: 100 , select: 10
| current_epoch 458 |. Begin client select
SchedulerThread select( 10 clients):
81 | 37 | 10 | 60 | 14 | 39 | 50 | 62 | 84 | 33 |
-----------------------------------------------------------------Schedule complete
Client 62 trained
Client 50 trained
Client 37 trained
Client 10 trained
Client 81 trained
Client 60 trained
Client 33 trained
Client 84 trained
Client 14 trained
Client 39 trained
Client 62 uploaded
Client 10 uploaded
Client 37 uploaded
Client 50 uploaded
Client 14 uploaded
Client 33 uploaded
Client 60 uploaded
Client 39 uploaded
Client 81 uploaded
Client 84 uploaded
Epoch(t): 458 accuracy: 73.94 loss 0.9615370252728462 run_time: 20259.02972149849
Current clients: 100 , select: 10
| current_epoch 459 |. Begin client select
SchedulerThread select( 10 clients):
11 | 82 | 69 | 49 | 23 | 47 | 48 | 57 | 5 | 33 |
-----------------------------------------------------------------Schedule complete
Client 11 trained
Client 57 trained
Client 23 trained
Client 69 trained
Client 5 trained
Client 82 trained
Client 11 uploaded
Client 49 trained
Client 48 trained
Client 33 trained
Client 47 trained
Client 5 uploaded
Client 23 uploaded
Client 57 uploaded
Client 33 uploaded
Client 49 uploaded
Client 48 uploaded
Client 69 uploaded
Client 47 uploaded
Client 82 uploaded
Epoch(t): 459 accuracy: 74.06 loss 0.9244614443182946 run_time: 20299.305614471436
Current clients: 100 , select: 10
| current_epoch 460 |. Begin client select
SchedulerThread select( 10 clients):
56 | 59 | 33 | 28 | 34 | 72 | 7 | 19 | 96 | 89 |
-----------------------------------------------------------------Schedule complete
Client 7 trained
Client 7 uploaded
Client 28 trained
Client 96 trained
Client 56 trained
Client 59 trained
Client 89 trained
Client 19 trained
Client 72 trained
Client 33 trained
Client 34 trained
Client 28 uploaded
Client 19 uploaded
Client 56 uploaded
Client 33 uploaded
Client 34 uploaded
Client 59 uploaded
Client 72 uploaded
Client 96 uploaded
Client 89 uploaded
Epoch(t): 460 accuracy: 72.2 loss 1.0043735402822493 run_time: 20345.138558626175
Current clients: 100 , select: 10
| current_epoch 461 |. Begin client select
SchedulerThread select( 10 clients):
85 | 12 | 10 | 44 | 69 | 52 | 96 | 75 | 29 | 70 |
-----------------------------------------------------------------Schedule complete
Client 96 trained
Client 75 trained
Client 69 trained
Client 44 trained
Client 10 trained
Client 12 trained
Client 85 trained
Client 52 trained
Client 29 trained
Client 70 trained
Client 10 uploaded
Client 12 uploaded
Client 44 uploaded
Client 29 uploaded
Client 75 uploaded
Client 69 uploaded
Client 52 uploaded
Client 96 uploaded
Client 70 uploaded
Client 85 uploaded
Epoch(t): 461 accuracy: 72.67 loss 1.0044092598557472 run_time: 20390.59267640114
Current clients: 100 , select: 10
| current_epoch 462 |. Begin client select
SchedulerThread select( 10 clients):
7 | 49 | 66 | 53 | 68 | 87 | 60 | 73 | 30 | 38 |
-----------------------------------------------------------------Schedule complete
Client 7 trained
Client 38 trained
Client 68 trained
Client 7 uploaded
Client 49 trained
Client 30 trained
Client 60 trained
Client 73 trained
Client 38 uploaded
Client 87 trained
Client 66 trained
Client 53 trained
Client 68 uploaded
Client 30 uploaded
Client 49 uploaded
Client 60 uploaded
Client 53 uploaded
Client 73 uploaded
Client 66 uploaded
Client 87 uploaded
Epoch(t): 462 accuracy: 74.52 loss 0.9500287139415741 run_time: 20435.49317240715
Current clients: 100 , select: 10
| current_epoch 463 |. Begin client select
SchedulerThread select( 10 clients):
10 | 50 | 91 | 4 | 64 | 73 | 66 | 86 | 79 | 18 |
-----------------------------------------------------------------Schedule complete
Client 50 trained
Client 64 trained
Client 79 trained
Client 86 trained
Client 10 trained
Client 4 trained
Client 73 trained
Client 91 trained
Client 66 trained
Client 18 trained
Client 4 uploaded
Client 10 uploaded
Client 50 uploaded
Client 64 uploaded
Client 18 uploaded
Client 79 uploaded
Client 86 uploaded
Client 66 uploaded
Client 73 uploaded
Client 91 uploaded
Epoch(t): 463 accuracy: 74.01 loss 0.9255381345748901 run_time: 20486.522532224655
Current clients: 100 , select: 10
| current_epoch 464 |. Begin client select
SchedulerThread select( 10 clients):
15 | 96 | 57 | 22 | 21 | 27 | 24 | 16 | 5 | 54 |
-----------------------------------------------------------------Schedule complete
Client 15 trained
Client 57 trained
Client 24 trained
Client 96 trained
Client 54 trained
Client 16 trained
Client 5 trained
Client 21 trained
Client 22 trained
Client 27 trained
Client 15 uploaded
Client 5 uploaded
Client 16 uploaded
Client 24 uploaded
Client 21 uploaded
Client 22 uploaded
Client 27 uploaded
Client 57 uploaded
Client 54 uploaded
Client 96 uploaded
Epoch(t): 464 accuracy: 74.1 loss 0.9351861691474914 run_time: 20529.592411756516
Current clients: 100 , select: 10
| current_epoch 465 |. Begin client select
SchedulerThread select( 10 clients):
10 | 87 | 55 | 25 | 80 | 18 | 76 | 33 | 40 | 93 |
-----------------------------------------------------------------Schedule complete
Client 93 trained
Client 80 trained
Client 40 trained
Client 76 trained
Client 25 trained
Client 10 trained
Client 33 trained
Client 87 trained
Client 55 trained
Client 18 trained
Client 10 uploaded
Client 25 uploaded
Client 40 uploaded
Client 18 uploaded
Client 33 uploaded
Client 80 uploaded
Client 76 uploaded
Client 55 uploaded
Client 93 uploaded
Client 87 uploaded
Epoch(t): 465 accuracy: 73.89 loss 0.9573501515388488 run_time: 20576.1221203804
Current clients: 100 , select: 10
| current_epoch 466 |. Begin client select
SchedulerThread select( 10 clients):
8 | 11 | 49 | 71 | 50 | 70 | 41 | 35 | 66 | 58 |
-----------------------------------------------------------------Schedule complete
Client 11 trained
Client 8 trained
Client 50 trained
Client 71 trained
Client 11 uploaded
Client 58 trained
Client 35 trained
Client 49 trained
Client 41 trained
Client 70 trained
Client 66 trained
Client 8 uploaded
Client 50 uploaded
Client 35 uploaded
Client 49 uploaded
Client 58 uploaded
Client 41 uploaded
Client 71 uploaded
Client 66 uploaded
Client 70 uploaded
Epoch(t): 466 accuracy: 73.99 loss 0.9475465965270996 run_time: 20619.128232955933
Current clients: 100 , select: 10
| current_epoch 467 |. Begin client select
SchedulerThread select( 10 clients):
1 | 89 | 79 | 75 | 66 | 53 | 14 | 19 | 18 | 72 |
-----------------------------------------------------------------Schedule complete
Client 75 trained
Client 79 trained
Client 89 trained
Client 72 trained
Client 19 trained
Client 1 trained
Client 66 trained
Client 53 trained
Client 14 trained
Client 18 trained
Client 1 uploaded
Client 75 uploaded
Client 19 uploaded
Client 79 uploaded
Client 14 uploaded
Client 18 uploaded
Client 72 uploaded
Client 53 uploaded
Client 89 uploaded
Client 66 uploaded
Epoch(t): 467 accuracy: 74.36 loss 0.9320599997043609 run_time: 20667.640679597855
Current clients: 100 , select: 10
| current_epoch 468 |. Begin client select
SchedulerThread select( 10 clients):
75 | 74 | 97 | 12 | 13 | 72 | 99 | 36 | 68 | 44 |
-----------------------------------------------------------------Schedule complete
Client 68 trained
Client 13 trained
Client 74 trained
Client 75 trained
Client 36 trained
Client 97 trained
Client 99 trained
Client 44 trained
Client 12 trained
Client 72 trained
Client 13 uploaded
Client 12 uploaded
Client 68 uploaded
Client 36 uploaded
Client 44 uploaded
Client 74 uploaded
Client 75 uploaded
Client 72 uploaded
Client 97 uploaded
Client 99 uploaded
Epoch(t): 468 accuracy: 73.63 loss 0.9470886760950088 run_time: 20715.92186808586
Current clients: 100 , select: 10
| current_epoch 469 |. Begin client select
SchedulerThread select( 10 clients):
52 | 33 | 49 | 83 | 62 | 73 | 77 | 60 | 4 | 22 |
-----------------------------------------------------------------Schedule complete
Client 62 trained
Client 83 trained
Client 77 trained
Client 49 trained
Client 22 trained
Client 4 trained
Client 60 trained
Client 73 trained
Client 33 trained
Client 52 trained
Client 62 uploaded
Client 4 uploaded
Client 22 uploaded
Client 49 uploaded
Client 33 uploaded
Client 77 uploaded
Client 83 uploaded
Client 52 uploaded
Client 60 uploaded
Client 73 uploaded
Epoch(t): 469 accuracy: 74.22 loss 0.9351238924264907 run_time: 20759.01545524597
Current clients: 100 , select: 10
| current_epoch 470 |. Begin client select
SchedulerThread select( 10 clients):
35 | 51 | 18 | 79 | 77 | 87 | 88 | 4 | 50 | 42 |
-----------------------------------------------------------------Schedule complete
Client 51 trained
Client 88 trained
Client 50 trained
Client 77 trained
Client 79 trained
Client 35 trained
Client 42 trained
Client 4 trained
Client 87 trained
Client 18 trained
Client 4 uploaded
Client 51 uploaded
Client 50 uploaded
Client 35 uploaded
Client 18 uploaded
Client 42 uploaded
Client 77 uploaded
Client 88 uploaded
Client 79 uploaded
Client 87 uploaded
Epoch(t): 470 accuracy: 73.97 loss 0.9657022804021835 run_time: 20805.025830984116
Current clients: 100 , select: 10
| current_epoch 471 |. Begin client select
SchedulerThread select( 10 clients):
88 | 30 | 6 | 95 | 60 | 34 | 47 | 2 | 43 | 38 |
-----------------------------------------------------------------Schedule complete
Client 38 trained
Client 88 trained
Client 60 trained
Client 43 trained
Client 6 trained
Client 38 uploaded
Client 30 trained
Client 95 trained
Client 2 trained
Client 34 trained
Client 47 trained
Client 2 uploaded
Client 6 uploaded
Client 88 uploaded
Client 30 uploaded
Client 43 uploaded
Client 34 uploaded
Client 60 uploaded
Client 47 uploaded
Client 95 uploaded
Epoch(t): 471 accuracy: 73.57 loss 0.9679432517290115 run_time: 20857.33315229416
Current clients: 100 , select: 10
| current_epoch 472 |. Begin client select
SchedulerThread select( 10 clients):
39 | 35 | 62 | 89 | 87 | 12 | 29 | 17 | 38 | 95 |
-----------------------------------------------------------------Schedule complete
Client 38 trained
Client 62 trained
Client 17 trained
Client 35 trained
Client 12 trained
Client 89 trained
Client 38 uploaded
Client 95 trained
Client 87 trained
Client 39 trained
Client 29 trained
Client 62 uploaded
Client 17 uploaded
Client 12 uploaded
Client 35 uploaded
Client 29 uploaded
Client 39 uploaded
Client 89 uploaded
Client 87 uploaded
Client 95 uploaded
Epoch(t): 472 accuracy: 73.53 loss 0.9857156544923782 run_time: 20907.899218082428
Current clients: 100 , select: 10
| current_epoch 473 |. Begin client select
SchedulerThread select( 10 clients):
56 | 99 | 41 | 34 | 93 | 53 | 77 | 82 | 11 | 24 |
-----------------------------------------------------------------Schedule complete
Client 11 trained
Client 93 trained
Client 24 trained
Client 77 trained
Client 56 trained
Client 99 trained
Client 82 trained
Client 11 uploaded
Client 41 trained
Client 34 trained
Client 53 trained
Client 24 uploaded
Client 56 uploaded
Client 34 uploaded
Client 41 uploaded
Client 77 uploaded
Client 53 uploaded
Client 82 uploaded
Client 93 uploaded
Client 99 uploaded
Epoch(t): 473 accuracy: 73.08 loss 1.0039182084798812 run_time: 20954.97965502739
Current clients: 100 , select: 10
| current_epoch 474 |. Begin client select
SchedulerThread select( 10 clients):
56 | 27 | 52 | 94 | 62 | 97 | 66 | 47 | 7 | 65 |
-----------------------------------------------------------------Schedule complete
Client 7 trained
Client 62 trained
Client 7 uploaded
Client 97 trained
Client 56 trained
Client 52 trained
Client 27 trained
Client 94 trained
Client 47 trained
Client 65 trained
Client 66 trained
Client 62 uploaded
Client 27 uploaded
Client 56 uploaded
Client 52 uploaded
Client 47 uploaded
Client 65 uploaded
Client 66 uploaded
Client 97 uploaded
Client 94 uploaded
Epoch(t): 474 accuracy: 73.41 loss 0.9739408910274505 run_time: 21004.956270456314
Current clients: 100 , select: 10
| current_epoch 475 |. Begin client select
SchedulerThread select( 10 clients):
20 | 8 | 39 | 90 | 64 | 51 | 17 | 99 | 67 | 72 |
-----------------------------------------------------------------Schedule complete
Client 51 trained
Client 64 trained
Client 20 trained
Client 8 trained
Client 99 trained
Client 17 trained
Client 67 trained
Client 90 trained
Client 72 trained
Client 39 trained
Client 8 uploaded
Client 20 uploaded
Client 17 uploaded
Client 51 uploaded
Client 64 uploaded
Client 39 uploaded
Client 67 uploaded
Client 72 uploaded
Client 90 uploaded
Client 99 uploaded
Epoch(t): 475 accuracy: 74.05 loss 0.9563964051008225 run_time: 21053.031492233276
Current clients: 100 , select: 10
| current_epoch 476 |. Begin client select
SchedulerThread select( 10 clients):
3 | 22 | 24 | 25 | 7 | 31 | 4 | 58 | 6 | 46 |
-----------------------------------------------------------------Schedule complete
Client 7 trained
Client 7 uploaded
Client 31 trained
Client 25 trained
Client 46 trained
Client 24 trained
Client 58 trained
Client 22 trained
Client 6 trained
Client 4 trained
Client 3 trained
Client 4 uploaded
Client 25 uploaded
Client 6 uploaded
Client 3 uploaded
Client 31 uploaded
Client 24 uploaded
Client 22 uploaded
Client 46 uploaded
Client 58 uploaded
Epoch(t): 476 accuracy: 74.05 loss 0.9708624202013015 run_time: 21089.5293405056
Current clients: 100 , select: 10
| current_epoch 477 |. Begin client select
SchedulerThread select( 10 clients):
90 | 25 | 35 | 47 | 59 | 64 | 50 | 81 | 15 | 87 |
-----------------------------------------------------------------Schedule complete
Client 15 trained
Client 50 trained
Client 64 trained
Client 25 trained
Client 35 trained
Client 81 trained
Client 90 trained
Client 59 trained
Client 15 uploaded
Client 87 trained
Client 47 trained
Client 25 uploaded
Client 50 uploaded
Client 35 uploaded
Client 64 uploaded
Client 47 uploaded
Client 59 uploaded
Client 81 uploaded
Client 90 uploaded
Client 87 uploaded
Epoch(t): 477 accuracy: 74.46 loss 0.9184242114424706 run_time: 21134.411239862442
Current clients: 100 , select: 10
| current_epoch 478 |. Begin client select
SchedulerThread select( 10 clients):
3 | 30 | 47 | 62 | 76 | 57 | 22 | 60 | 75 | 70 |
-----------------------------------------------------------------Schedule complete
Client 62 trained
Client 57 trained
Client 76 trained
Client 75 trained
Client 60 trained
Client 30 trained
Client 22 trained
Client 47 trained
Client 70 trained
Client 3 trained
Client 62 uploaded
Client 3 uploaded
Client 22 uploaded
Client 57 uploaded
Client 30 uploaded
Client 75 uploaded
Client 76 uploaded
Client 60 uploaded
Client 47 uploaded
Client 70 uploaded
Epoch(t): 478 accuracy: 74.45 loss 0.9363824951648713 run_time: 21177.6211874485
Current clients: 100 , select: 10
| current_epoch 479 |. Begin client select
SchedulerThread select( 10 clients):
44 | 20 | 33 | 95 | 88 | 11 | 36 | 3 | 49 | 6 |
-----------------------------------------------------------------Schedule complete
Client 11 trained
Client 88 trained
Client 20 trained
Client 11 uploaded
Client 44 trained
Client 49 trained
Client 36 trained
Client 95 trained
Client 6 trained
Client 33 trained
Client 3 trained
Client 20 uploaded
Client 6 uploaded
Client 3 uploaded
Client 36 uploaded
Client 44 uploaded
Client 88 uploaded
Client 33 uploaded
Client 49 uploaded
Client 95 uploaded
Epoch(t): 479 accuracy: 73.95 loss 0.9628784531354904 run_time: 21225.409889936447
Current clients: 100 , select: 10
| current_epoch 480 |. Begin client select
SchedulerThread select( 10 clients):
20 | 73 | 99 | 27 | 28 | 82 | 86 | 26 | 34 | 83 |
-----------------------------------------------------------------Schedule complete
Client 20 trained
Client 28 trained
Client 83 trained
Client 99 trained
Client 82 trained
Client 86 trained
Client 73 trained
Client 27 trained
Client 34 trained
Client 26 trained
Client 20 uploaded
Client 28 uploaded
Client 27 uploaded
Client 34 uploaded
Client 26 uploaded
Client 83 uploaded
Client 82 uploaded
Client 73 uploaded
Client 86 uploaded
Client 99 uploaded
Epoch(t): 480 accuracy: 71.11 loss 1.0526433187723159 run_time: 21275.145212173462
Current clients: 100 , select: 10
| current_epoch 481 |. Begin client select
SchedulerThread select( 10 clients):
52 | 65 | 2 | 99 | 98 | 87 | 1 | 60 | 16 | 82 |
-----------------------------------------------------------------Schedule complete
Client 16 trained
Client 99 trained
Client 82 trained
Client 98 trained
Client 60 trained
Client 52 trained
Client 2 trained
Client 65 trained
Client 1 trained
Client 87 trained
Client 16 uploaded
Client 2 uploaded
Client 1 uploaded
Client 60 uploaded
Client 52 uploaded
Client 82 uploaded
Client 65 uploaded
Client 98 uploaded
Client 87 uploaded
Client 99 uploaded
Epoch(t): 481 accuracy: 74.67 loss 0.9372769421339036 run_time: 21325.6383664608
Current clients: 100 , select: 10
| current_epoch 482 |. Begin client select
SchedulerThread select( 10 clients):
22 | 76 | 1 | 28 | 32 | 77 | 39 | 91 | 90 | 82 |
-----------------------------------------------------------------Schedule complete
Client 28 trained
Client 77 trained
Client 76 trained
Client 82 trained
Client 32 trained
Client 22 trained
Client 90 trained
Client 91 trained
Client 1 trained
Client 39 trained
Client 28 uploaded
Client 1 uploaded
Client 22 uploaded
Client 32 uploaded
Client 39 uploaded
Client 77 uploaded
Client 76 uploaded
Client 82 uploaded
Client 90 uploaded
Client 91 uploaded
Epoch(t): 482 accuracy: 72.19 loss 1.0248097294569016 run_time: 21375.3465487957
Current clients: 100 , select: 10
| current_epoch 483 |. Begin client select
SchedulerThread select( 10 clients):
35 | 54 | 48 | 44 | 58 | 32 | 27 | 59 | 38 | 86 |
-----------------------------------------------------------------Schedule complete
Client 38 trained
Client 54 trained
Client 86 trained
Client 58 trained
Client 35 trained
Client 44 trained
Client 48 trained
Client 59 trained
Client 32 trained
Client 27 trained
Client 38 uploaded
Client 35 uploaded
Client 27 uploaded
Client 54 uploaded
Client 32 uploaded
Client 44 uploaded
Client 58 uploaded
Client 48 uploaded
Client 59 uploaded
Client 86 uploaded
Epoch(t): 483 accuracy: 73.74 loss 0.9615730157494545 run_time: 21417.43026304245
Current clients: 100 , select: 10
| current_epoch 484 |. Begin client select
SchedulerThread select( 10 clients):
66 | 79 | 50 | 74 | 13 | 0 | 65 | 84 | 47 | 71 |
-----------------------------------------------------------------Schedule complete
Client 13 trained
Client 50 trained
Client 0 trained
Client 71 trained
Client 79 trained
Client 74 trained
Client 84 trained
Client 47 trained
Client 0 uploaded
Client 65 trained
Client 66 trained
Client 13 uploaded
Client 50 uploaded
Client 47 uploaded
Client 71 uploaded
Client 79 uploaded
Client 74 uploaded
Client 65 uploaded
Client 66 uploaded
Client 84 uploaded
Epoch(t): 484 accuracy: 73.15 loss 0.9702584981918335 run_time: 21461.78700518608
Current clients: 100 , select: 10
| current_epoch 485 |. Begin client select
SchedulerThread select( 10 clients):
82 | 76 | 77 | 36 | 38 | 87 | 13 | 61 | 8 | 43 |
-----------------------------------------------------------------Schedule complete
Client 38 trained
Client 13 trained
Client 8 trained
Client 77 trained
Client 76 trained
Client 36 trained
Client 82 trained
Client 43 trained
Client 61 trained
Client 87 trained
Client 38 uploaded
Client 13 uploaded
Client 8 uploaded
Client 36 uploaded
Client 43 uploaded
Client 61 uploaded
Client 77 uploaded
Client 76 uploaded
Client 82 uploaded
Client 87 uploaded
Epoch(t): 485 accuracy: 73.18 loss 0.9725912481546402 run_time: 21506.72037935257
Current clients: 100 , select: 10
| current_epoch 486 |. Begin client select
SchedulerThread select( 10 clients):
35 | 81 | 41 | 33 | 83 | 91 | 38 | 24 | 19 | 66 |
-----------------------------------------------------------------Schedule complete
Client 38 trained
Client 24 trained
Client 83 trained
Client 81 trained
Client 35 trained
Client 38 uploaded
Client 19 trained
Client 33 trained
Client 91 trained
Client 41 trained
Client 66 trained
Client 24 uploaded
Client 35 uploaded
Client 19 uploaded
Client 33 uploaded
Client 41 uploaded
Client 83 uploaded
Client 81 uploaded
Client 66 uploaded
Client 91 uploaded
Epoch(t): 486 accuracy: 73.98 loss 0.9479913127422332 run_time: 21557.837549448013
Current clients: 100 , select: 10
| current_epoch 487 |. Begin client select
SchedulerThread select( 10 clients):
97 | 30 | 7 | 76 | 51 | 84 | 40 | 87 | 17 | 92 |
-----------------------------------------------------------------Schedule complete
Client 7 trained
Client 51 trained
Client 7 uploaded
Client 40 trained
Client 97 trained
Client 76 trained
Client 17 trained
Client 30 trained
Client 92 trained
Client 84 trained
Client 87 trained
Client 40 uploaded
Client 51 uploaded
Client 17 uploaded
Client 30 uploaded
Client 76 uploaded
Client 84 uploaded
Client 87 uploaded
Client 97 uploaded
Client 92 uploaded
Epoch(t): 487 accuracy: 73.86 loss 0.9656569808721542 run_time: 21603.14226746559
Current clients: 100 , select: 10
| current_epoch 488 |. Begin client select
SchedulerThread select( 10 clients):
3 | 83 | 63 | 37 | 33 | 53 | 51 | 49 | 94 | 4 |
-----------------------------------------------------------------Schedule complete
Client 51 trained
Client 37 trained
Client 83 trained
Client 49 trained
Client 4 trained
Client 63 trained
Client 33 trained
Client 94 trained
Client 53 trained
Client 3 trained
Client 51 uploaded
Client 37 uploaded
Client 4 uploaded
Client 3 uploaded
Client 49 uploaded
Client 33 uploaded
Client 83 uploaded
Client 63 uploaded
Client 53 uploaded
Client 94 uploaded
Epoch(t): 488 accuracy: 74.26 loss 0.9588883632421493 run_time: 21653.688782691956
Current clients: 100 , select: 10
| current_epoch 489 |. Begin client select
SchedulerThread select( 10 clients):
74 | 90 | 73 | 24 | 43 | 92 | 91 | 28 | 87 | 68 |
-----------------------------------------------------------------Schedule complete
Client 68 trained
Client 24 trained
Client 28 trained
Client 74 trained
Client 43 trained
Client 92 trained
Client 90 trained
Client 73 trained
Client 91 trained
Client 87 trained
Client 24 uploaded
Client 28 uploaded
Client 68 uploaded
Client 43 uploaded
Client 74 uploaded
Client 73 uploaded
Client 90 uploaded
Client 87 uploaded
Client 92 uploaded
Client 91 uploaded
Epoch(t): 489 accuracy: 74.57 loss 0.9267624181509018 run_time: 21702.209824323654
Current clients: 100 , select: 10
| current_epoch 490 |. Begin client select
SchedulerThread select( 10 clients):
81 | 60 | 85 | 45 | 64 | 38 | 21 | 84 | 71 | 23 |
-----------------------------------------------------------------Schedule complete
Client 38 trained
Client 45 trained
Client 23 trained
Client 64 trained
Client 71 trained
Client 21 trained
Client 81 trained
Client 60 trained
Client 85 trained
Client 84 trained
Client 38 uploaded
Client 23 uploaded
Client 45 uploaded
Client 21 uploaded
Client 64 uploaded
Client 60 uploaded
Client 71 uploaded
Client 81 uploaded
Client 85 uploaded
Client 84 uploaded
Epoch(t): 490 accuracy: 74.25 loss 0.9509213984012603 run_time: 21745.104717969894
Current clients: 100 , select: 10
| current_epoch 491 |. Begin client select
SchedulerThread select( 10 clients):
37 | 12 | 60 | 16 | 94 | 33 | 92 | 71 | 97 | 23 |
-----------------------------------------------------------------Schedule complete
Client 37 trained
Client 23 trained
Client 16 trained
Client 71 trained
Client 97 trained
Client 12 trained
Client 60 trained
Client 92 trained
Client 94 trained
Client 33 trained
Client 16 uploaded
Client 23 uploaded
Client 37 uploaded
Client 12 uploaded
Client 33 uploaded
Client 71 uploaded
Client 60 uploaded
Client 97 uploaded
Client 92 uploaded
Client 94 uploaded
Epoch(t): 491 accuracy: 73.96 loss 0.9828727459907531 run_time: 21793.525726795197
Current clients: 100 , select: 10
| current_epoch 492 |. Begin client select
SchedulerThread select( 10 clients):
87 | 42 | 83 | 11 | 28 | 45 | 95 | 39 | 53 | 47 |
-----------------------------------------------------------------Schedule complete
Client 11 trained
Client 45 trained
Client 28 trained
Client 83 trained
Client 11 uploaded
Client 42 trained
Client 95 trained
Client 87 trained
Client 47 trained
Client 53 trained
Client 39 trained
Client 28 uploaded
Client 45 uploaded
Client 42 uploaded
Client 83 uploaded
Client 39 uploaded
Client 47 uploaded
Client 53 uploaded
Client 87 uploaded
Client 95 uploaded
Epoch(t): 492 accuracy: 74.49 loss 0.9508715051412583 run_time: 21842.940810918808
Current clients: 100 , select: 10
| current_epoch 493 |. Begin client select
SchedulerThread select( 10 clients):
33 | 74 | 37 | 59 | 15 | 60 | 6 | 81 | 79 | 9 |
-----------------------------------------------------------------Schedule complete
Client 15 trained
Client 37 trained
Client 79 trained
Client 74 trained
Client 9 trained
Client 81 trained
Client 60 trained
Client 59 trained
Client 6 trained
Client 33 trained
Client 15 uploaded
Client 9 uploaded
Client 37 uploaded
Client 6 uploaded
Client 33 uploaded
Client 60 uploaded
Client 59 uploaded
Client 74 uploaded
Client 79 uploaded
Client 81 uploaded
Epoch(t): 493 accuracy: 73.78 loss 0.9832727420330047 run_time: 21884.194495916367
Current clients: 100 , select: 10
| current_epoch 494 |. Begin client select
SchedulerThread select( 10 clients):
60 | 24 | 64 | 15 | 87 | 48 | 67 | 38 | 52 | 6 |
-----------------------------------------------------------------Schedule complete
Client 38 trained
Client 15 trained
Client 24 trained
Client 64 trained
Client 67 trained
Client 48 trained
Client 6 trained
Client 60 trained
Client 52 trained
Client 15 uploaded
Client 87 trained
Client 38 uploaded
Client 24 uploaded
Client 6 uploaded
Client 64 uploaded
Client 48 uploaded
Client 52 uploaded
Client 60 uploaded
Client 67 uploaded
Client 87 uploaded
Epoch(t): 494 accuracy: 73.98 loss 0.9669310939311981 run_time: 21929.36971259117
Current clients: 100 , select: 10
| current_epoch 495 |. Begin client select
SchedulerThread select( 10 clients):
19 | 17 | 25 | 43 | 52 | 72 | 58 | 18 | 40 | 91 |
-----------------------------------------------------------------Schedule complete
Client 40 trained
Client 25 trained
Client 43 trained
Client 58 trained
Client 17 trained
Client 72 trained
Client 91 trained
Client 52 trained
Client 19 trained
Client 18 trained
Client 40 uploaded
Client 25 uploaded
Client 17 uploaded
Client 43 uploaded
Client 19 uploaded
Client 18 uploaded
Client 58 uploaded
Client 52 uploaded
Client 72 uploaded
Client 91 uploaded
Epoch(t): 495 accuracy: 74.01 loss 0.9445089393854141 run_time: 21981.109687566757
Current clients: 100 , select: 10
| current_epoch 496 |. Begin client select
SchedulerThread select( 10 clients):
23 | 99 | 10 | 62 | 42 | 80 | 22 | 40 | 81 | 7 |
-----------------------------------------------------------------Schedule complete
Client 7 trained
Client 62 trained
Client 7 uploaded
Client 40 trained
Client 23 trained
Client 80 trained
Client 99 trained
Client 81 trained
Client 10 trained
Client 22 trained
Client 42 trained
Client 23 uploaded
Client 10 uploaded
Client 40 uploaded
Client 62 uploaded
Client 22 uploaded
Client 42 uploaded
Client 80 uploaded
Client 81 uploaded
Client 99 uploaded
Epoch(t): 496 accuracy: 73.46 loss 0.9648759055137635 run_time: 22026.87081360817
Current clients: 100 , select: 10
| current_epoch 497 |. Begin client select
SchedulerThread select( 10 clients):
0 | 57 | 35 | 26 | 97 | 99 | 21 | 73 | 20 | 62 |
-----------------------------------------------------------------Schedule complete
Client 62 trained
Client 57 trained
Client 20 trained
Client 0 trained
Client 97 trained
Client 99 trained
Client 21 trained
Client 35 trained
Client 73 trained
Client 26 trained
Client 0 uploaded
Client 20 uploaded
Client 62 uploaded
Client 21 uploaded
Client 57 uploaded
Client 35 uploaded
Client 26 uploaded
Client 73 uploaded
Client 97 uploaded
Client 99 uploaded
Epoch(t): 497 accuracy: 71.55 loss 1.0749933511018752 run_time: 22075.73669362068
Current clients: 100 , select: 10
| current_epoch 498 |. Begin client select
SchedulerThread select( 10 clients):
97 | 99 | 11 | 16 | 78 | 55 | 81 | 54 | 51 | 61 |
-----------------------------------------------------------------Schedule complete
Client 11 trained
Client 51 trained
Client 16 trained
Client 54 trained
Client 11 uploaded
Client 81 trained
Client 97 trained
Client 99 trained
Client 78 trained
Client 61 trained
Client 55 trained
Client 16 uploaded
Client 51 uploaded
Client 54 uploaded
Client 55 uploaded
Client 61 uploaded
Client 81 uploaded
Client 78 uploaded
Client 97 uploaded
Client 99 uploaded
Epoch(t): 498 accuracy: 72.61 loss 1.0310644271969795 run_time: 22124.22229528427
Current clients: 100 , select: 10
| current_epoch 499 |. Begin client select
SchedulerThread select( 10 clients):
49 | 0 | 4 | 68 | 25 | 93 | 47 | 1 | 41 | 96 |
-----------------------------------------------------------------Schedule complete
Client 68 trained
Client 93 trained
Client 96 trained
Client 0 trained
Client 25 trained
Client 49 trained
Client 4 trained
Client 1 trained
Client 47 trained
Client 41 trained
Client 0 uploaded
Client 4 uploaded
Client 1 uploaded
Client 68 uploaded
Client 25 uploaded
Client 49 uploaded
Client 41 uploaded
Client 47 uploaded
Client 93 uploaded
Client 96 uploaded
Epoch(t): 499 accuracy: 74.74 loss 0.9185452267527581 run_time: 22167.495619297028
Current clients: 100 , select: 10
| current_epoch 500 |. Begin client select
SchedulerThread select( 10 clients):
67 | 24 | 2 | 86 | 0 | 80 | 93 | 31 | 28 | 88 |
-----------------------------------------------------------------Schedule complete
Client 88 trained
Client 93 trained
Client 28 trained
Client 80 trained
Client 24 trained
Client 31 trained
Client 0 trained
Client 67 trained
Client 86 trained
Client 2 trained
Client 0 uploaded
Client 2 uploaded
Client 28 uploaded
Client 24 uploaded
Client 31 uploaded
Client 67 uploaded
Client 80 uploaded
Client 88 uploaded
Client 86 uploaded
Client 93 uploaded
Epoch(t): 500 accuracy: 72.7 loss 1.0409394532442093 run_time: 22207.812926769257
Average delay = 0.0
scheduler_thread joined
updater_thread joined
data_getter_thread joined
End!
Time used:
6:11:16.168546
371.26666666666665 min
6.187777777777778 h
====================
开始缓存清理
缓存清理完成
====================