generate customize clients distribution...
train_dataset data generation process completed
generate customize clients distribution...
test_dataset data generation process completed
Running Mode: Default(Thread)
Training Mode: Single-GPU-Mode
Using cuda: 1
Starting clients
(0, 244, {0: 237, 1: 0, 2: 2, 3: 0, 4: 0, 5: 1, 6: 0, 7: 1, 8: 3, 9: 0})
(1, 767, {0: 13, 1: 35, 2: 0, 3: 544, 4: 0, 5: 0, 6: 53, 7: 0, 8: 122, 9: 0})
(2, 723, {0: 2, 1: 30, 2: 0, 3: 582, 4: 54, 5: 3, 6: 6, 7: 0, 8: 46, 9: 0})
(3, 433, {0: 8, 1: 0, 2: 417, 3: 0, 4: 0, 5: 0, 6: 8, 7: 0, 8: 0, 9: 0})
(4, 342, {0: 0, 1: 0, 2: 0, 3: 1, 4: 31, 5: 0, 6: 310, 7: 0, 8: 0, 9: 0})
(5, 935, {0: 0, 1: 0, 2: 533, 3: 0, 4: 0, 5: 115, 6: 115, 7: 2, 8: 1, 9: 169})
(6, 750, {0: 0, 1: 0, 2: 0, 3: 0, 4: 412, 5: 63, 6: 101, 7: 0, 8: 169, 9: 5})
(7, 506, {0: 0, 1: 14, 2: 74, 3: 0, 4: 18, 5: 246, 6: 0, 7: 6, 8: 131, 9: 17})
(8, 809, {0: 37, 1: 162, 2: 0, 3: 0, 4: 0, 5: 0, 6: 5, 7: 597, 8: 8, 9: 0})
(9, 466, {0: 1, 1: 0, 2: 0, 3: 0, 4: 112, 5: 1, 6: 0, 7: 352, 8: 0, 9: 0})
(10, 411, {0: 138, 1: 1, 2: 0, 3: 224, 4: 0, 5: 1, 6: 8, 7: 8, 8: 9, 9: 22})
(11, 580, {0: 0, 1: 0, 2: 2, 3: 15, 4: 0, 5: 0, 6: 0, 7: 563, 8: 0, 9: 0})
(12, 1422, {0: 0, 1: 1, 2: 0, 3: 231, 4: 180, 5: 266, 6: 577, 7: 1, 8: 166, 9: 0})
(13, 420, {0: 8, 1: 0, 2: 0, 3: 232, 4: 0, 5: 1, 6: 0, 7: 0, 8: 0, 9: 179})
(14, 187, {0: 124, 1: 0, 2: 0, 3: 59, 4: 0, 5: 0, 6: 4, 7: 0, 8: 0, 9: 0})
(15, 364, {0: 0, 1: 1, 2: 0, 3: 0, 4: 0, 5: 0, 6: 0, 7: 0, 8: 0, 9: 363})
(16, 712, {0: 94, 1: 0, 2: 0, 3: 33, 4: 0, 5: 19, 6: 206, 7: 0, 8: 334, 9: 26})
(17, 1705, {0: 1, 1: 273, 2: 87, 3: 1, 4: 490, 5: 1, 6: 1, 7: 348, 8: 498, 9: 5})
(18, 274, {0: 0, 1: 0, 2: 210, 3: 3, 4: 3, 5: 0, 6: 0, 7: 0, 8: 0, 9: 58})
(19, 702, {0: 1, 1: 8, 2: 2, 3: 0, 4: 159, 5: 480, 6: 8, 7: 0, 8: 10, 9: 34})
(20, 460, {0: 0, 1: 2, 2: 310, 3: 136, 4: 0, 5: 0, 6: 0, 7: 10, 8: 2, 9: 0})
(21, 82, {0: 0, 1: 27, 2: 0, 3: 6, 4: 38, 5: 0, 6: 1, 7: 7, 8: 0, 9: 3})
(22, 484, {0: 0, 1: 422, 2: 6, 3: 0, 4: 10, 5: 21, 6: 1, 7: 0, 8: 0, 9: 24})
(23, 426, {0: 0, 1: 5, 2: 0, 3: 85, 4: 184, 5: 0, 6: 4, 7: 0, 8: 10, 9: 138})
(24, 289, {0: 2, 1: 1, 2: 1, 3: 3, 4: 1, 5: 15, 6: 1, 7: 236, 8: 1, 9: 28})
(25, 933, {0: 0, 1: 0, 2: 0, 3: 0, 4: 275, 5: 310, 6: 337, 7: 11, 8: 0, 9: 0})
(26, 1635, {0: 17, 1: 29, 2: 444, 3: 597, 4: 8, 5: 1, 6: 26, 7: 2, 8: 0, 9: 511})
(27, 1382, {0: 74, 1: 0, 2: 581, 3: 11, 4: 0, 5: 0, 6: 312, 7: 163, 8: 240, 9: 1})
(28, 57, {0: 0, 1: 14, 2: 0, 3: 2, 4: 0, 5: 39, 6: 2, 7: 0, 8: 0, 9: 0})
(29, 599, {0: 595, 1: 0, 2: 0, 3: 0, 4: 0, 5: 0, 6: 0, 7: 0, 8: 0, 9: 4})
(30, 218, {0: 4, 1: 75, 2: 0, 3: 30, 4: 42, 5: 7, 6: 0, 7: 0, 8: 60, 9: 0})
(31, 810, {0: 0, 1: 583, 2: 0, 3: 2, 4: 98, 5: 0, 6: 1, 7: 0, 8: 0, 9: 126})
(32, 71, {0: 0, 1: 0, 2: 1, 3: 0, 4: 0, 5: 0, 6: 31, 7: 0, 8: 39, 9: 0})
(33, 353, {0: 1, 1: 38, 2: 1, 3: 0, 4: 297, 5: 8, 6: 0, 7: 0, 8: 6, 9: 2})
(34, 594, {0: 48, 1: 0, 2: 0, 3: 1, 4: 69, 5: 0, 6: 0, 7: 0, 8: 12, 9: 464})
(35, 985, {0: 0, 1: 599, 2: 224, 3: 0, 4: 96, 5: 0, 6: 3, 7: 0, 8: 63, 9: 0})
(36, 697, {0: 0, 1: 0, 2: 514, 3: 178, 4: 0, 5: 0, 6: 0, 7: 0, 8: 0, 9: 5})
(37, 1475, {0: 0, 1: 8, 2: 0, 3: 0, 4: 385, 5: 366, 6: 426, 7: 0, 8: 0, 9: 290})
(38, 1225, {0: 395, 1: 0, 2: 1, 3: 196, 4: 0, 5: 12, 6: 271, 7: 0, 8: 0, 9: 350})
(39, 375, {0: 0, 1: 0, 2: 322, 3: 1, 4: 0, 5: 0, 6: 51, 7: 1, 8: 0, 9: 0})
(40, 756, {0: 60, 1: 0, 2: 173, 3: 93, 4: 1, 5: 1, 6: 1, 7: 0, 8: 329, 9: 98})
(41, 357, {0: 0, 1: 7, 2: 2, 3: 0, 4: 1, 5: 0, 6: 244, 7: 99, 8: 0, 9: 4})
(42, 632, {0: 0, 1: 39, 2: 0, 3: 0, 4: 2, 5: 52, 6: 254, 7: 285, 8: 0, 9: 0})
(43, 773, {0: 0, 1: 530, 2: 12, 3: 164, 4: 0, 5: 0, 6: 0, 7: 67, 8: 0, 9: 0})
(44, 816, {0: 0, 1: 378, 2: 23, 3: 0, 4: 0, 5: 0, 6: 0, 7: 0, 8: 414, 9: 1})
(45, 552, {0: 56, 1: 0, 2: 0, 3: 0, 4: 156, 5: 0, 6: 24, 7: 164, 8: 152, 9: 0})
(46, 348, {0: 294, 1: 1, 2: 0, 3: 0, 4: 0, 5: 22, 6: 0, 7: 7, 8: 13, 9: 11})
(47, 844, {0: 504, 1: 0, 2: 6, 3: 246, 4: 0, 5: 73, 6: 0, 7: 0, 8: 15, 9: 0})
(48, 468, {0: 0, 1: 25, 2: 67, 3: 0, 4: 206, 5: 1, 6: 3, 7: 37, 8: 129, 9: 0})
(49, 323, {0: 0, 1: 0, 2: 0, 3: 1, 4: 236, 5: 2, 6: 36, 7: 0, 8: 48, 9: 0})
(50, 895, {0: 525, 1: 313, 2: 0, 3: 0, 4: 0, 5: 0, 6: 57, 7: 0, 8: 0, 9: 0})
(51, 138, {0: 100, 1: 0, 2: 0, 3: 4, 4: 0, 5: 0, 6: 15, 7: 0, 8: 1, 9: 18})
(52, 608, {0: 8, 1: 156, 2: 0, 3: 259, 4: 0, 5: 0, 6: 144, 7: 2, 8: 0, 9: 39})
(53, 792, {0: 37, 1: 273, 2: 0, 3: 187, 4: 147, 5: 148, 6: 0, 7: 0, 8: 0, 9: 0})
(54, 462, {0: 0, 1: 64, 2: 0, 3: 0, 4: 38, 5: 310, 6: 4, 7: 14, 8: 32, 9: 0})
(55, 841, {0: 0, 1: 284, 2: 51, 3: 2, 4: 29, 5: 241, 6: 2, 7: 111, 8: 0, 9: 121})
(56, 690, {0: 0, 1: 2, 2: 1, 3: 0, 4: 0, 5: 354, 6: 12, 7: 2, 8: 319, 9: 0})
(57, 56, {0: 0, 1: 0, 2: 0, 3: 1, 4: 0, 5: 0, 6: 1, 7: 28, 8: 26, 9: 0})
(58, 36, {0: 3, 1: 0, 2: 0, 3: 0, 4: 0, 5: 26, 6: 7, 7: 0, 8: 0, 9: 0})
(59, 72, {0: 40, 1: 13, 2: 5, 3: 0, 4: 0, 5: 0, 6: 0, 7: 0, 8: 14, 9: 0})
(60, 749, {0: 12, 1: 0, 2: 0, 3: 38, 4: 277, 5: 36, 6: 0, 7: 361, 8: 0, 9: 25})
(61, 214, {0: 0, 1: 3, 2: 0, 3: 0, 4: 70, 5: 140, 6: 0, 7: 1, 8: 0, 9: 0})
(62, 294, {0: 0, 1: 1, 2: 38, 3: 0, 4: 0, 5: 76, 6: 0, 7: 0, 8: 40, 9: 139})
(63, 491, {0: 0, 1: 0, 2: 0, 3: 163, 4: 0, 5: 0, 6: 0, 7: 120, 8: 1, 9: 207})
(64, 571, {0: 526, 1: 0, 2: 0, 3: 0, 4: 0, 5: 0, 6: 35, 7: 10, 8: 0, 9: 0})
(65, 126, {0: 0, 1: 0, 2: 1, 3: 74, 4: 0, 5: 17, 6: 26, 7: 8, 8: 0, 9: 0})
(66, 597, {0: 0, 1: 89, 2: 506, 3: 0, 4: 0, 5: 0, 6: 1, 7: 0, 8: 0, 9: 1})
(67, 566, {0: 1, 1: 1, 2: 0, 3: 22, 4: 1, 5: 1, 6: 28, 7: 1, 8: 510, 9: 1})
(68, 135, {0: 21, 1: 0, 2: 9, 3: 0, 4: 0, 5: 92, 6: 13, 7: 0, 8: 0, 9: 0})
(69, 695, {0: 27, 1: 6, 2: 85, 3: 0, 4: 64, 5: 1, 6: 200, 7: 0, 8: 312, 9: 0})
(70, 968, {0: 233, 1: 0, 2: 0, 3: 435, 4: 58, 5: 1, 6: 0, 7: 178, 8: 0, 9: 63})
(71, 820, {0: 0, 1: 480, 2: 86, 3: 0, 4: 157, 5: 13, 6: 0, 7: 0, 8: 0, 9: 84})
(72, 56, {0: 0, 1: 48, 2: 0, 3: 0, 4: 5, 5: 1, 6: 2, 7: 0, 8: 0, 9: 0})
(73, 919, {0: 0, 1: 278, 2: 0, 3: 0, 4: 15, 5: 0, 6: 310, 7: 307, 8: 9, 9: 0})
(74, 245, {0: 0, 1: 35, 2: 0, 3: 0, 4: 9, 5: 0, 6: 0, 7: 194, 8: 7, 9: 0})
(75, 733, {0: 16, 1: 16, 2: 538, 3: 0, 4: 158, 5: 0, 6: 0, 7: 2, 8: 3, 9: 0})
(76, 1008, {0: 1, 1: 0, 2: 4, 3: 0, 4: 9, 5: 450, 6: 544, 7: 0, 8: 0, 9: 0})
(77, 1690, {0: 0, 1: 0, 2: 102, 3: 0, 4: 465, 5: 0, 6: 535, 7: 0, 8: 0, 9: 588})
(78, 788, {0: 1, 1: 0, 2: 270, 3: 487, 4: 29, 5: 0, 6: 0, 7: 0, 8: 1, 9: 0})
(79, 617, {0: 19, 1: 38, 2: 0, 3: 0, 4: 2, 5: 1, 6: 0, 7: 290, 8: 189, 9: 78})
(80, 738, {0: 0, 1: 71, 2: 1, 3: 0, 4: 182, 5: 42, 6: 91, 7: 0, 8: 0, 9: 351})
(81, 122, {0: 0, 1: 31, 2: 3, 3: 83, 4: 0, 5: 0, 6: 0, 7: 0, 8: 0, 9: 5})
(82, 201, {0: 0, 1: 0, 2: 0, 3: 0, 4: 0, 5: 190, 6: 6, 7: 0, 8: 5, 9: 0})
(83, 754, {0: 514, 1: 0, 2: 34, 3: 0, 4: 0, 5: 0, 6: 0, 7: 206, 8: 0, 9: 0})
(84, 935, {0: 1, 1: 0, 2: 5, 3: 0, 4: 162, 5: 304, 6: 10, 7: 0, 8: 453, 9: 0})
(85, 164, {0: 15, 1: 2, 2: 0, 3: 35, 4: 112, 5: 0, 6: 0, 7: 0, 8: 0, 9: 0})
(86, 507, {0: 36, 1: 0, 2: 2, 3: 0, 4: 1, 5: 336, 6: 48, 7: 84, 8: 0, 9: 0})
(87, 733, {0: 556, 1: 0, 2: 1, 3: 0, 4: 0, 5: 0, 6: 0, 7: 162, 8: 13, 9: 1})
(88, 447, {0: 0, 1: 6, 2: 0, 3: 0, 4: 0, 5: 123, 6: 5, 7: 1, 8: 287, 9: 25})
(89, 286, {0: 54, 1: 0, 2: 0, 3: 0, 4: 10, 5: 0, 6: 0, 7: 215, 8: 5, 9: 2})
(90, 946, {0: 31, 1: 1, 2: 0, 3: 14, 4: 1, 5: 2, 6: 172, 7: 359, 8: 341, 9: 25})
(91, 494, {0: 494, 1: 0, 2: 0, 3: 0, 4: 0, 5: 0, 6: 0, 7: 0, 8: 0, 9: 0})
(92, 281, {0: 0, 1: 71, 2: 0, 3: 72, 4: 0, 5: 65, 6: 0, 7: 73, 8: 0, 9: 0})
(93, 1459, {0: 1, 1: 0, 2: 0, 3: 304, 4: 302, 5: 25, 6: 12, 7: 278, 8: 0, 9: 537})
(94, 170, {0: 1, 1: 0, 2: 0, 3: 21, 4: 103, 5: 43, 6: 1, 7: 0, 8: 0, 9: 1})
(95, 886, {0: 6, 1: 232, 2: 0, 3: 113, 4: 1, 5: 1, 6: 2, 7: 3, 8: 399, 9: 129})
(96, 719, {0: 0, 1: 92, 2: 0, 3: 3, 4: 0, 5: 75, 6: 19, 7: 0, 8: 0, 9: 530})
(97, 321, {0: 5, 1: 0, 2: 3, 3: 0, 4: 16, 5: 201, 6: 0, 7: 14, 8: 0, 9: 82})
(98, 572, {0: 0, 1: 0, 2: 0, 3: 0, 4: 9, 5: 556, 6: 0, 7: 0, 8: 0, 9: 7})
(99, 589, {0: 0, 1: 83, 2: 234, 3: 2, 4: 0, 5: 0, 6: 265, 7: 5, 8: 0, 9: 0})
Start server:
| current_epoch 1 |. Begin client select
SchedulerThread schedule Group [ 8 ], select( 9 clients):
1 | 5 | 8 | 37 | 44 | 59 | 62 | 85 | 91 |
-----------------------------------------------------------------Schedule complete
Client 59 trained
Client 59 uploaded
Client 85 trained
Client 85 uploaded
Client 62 trained
Client 62 uploaded
Client 91 trained
Client 91 uploaded
Client 1 trained
Client 1 uploaded
Client 44 trained
Client 44 uploaded
Client 8 trained
Client 8 uploaded
Client 5 trained
Client 5 uploaded
Client 37 trained
Client 37 uploaded
Epoch(t): 1 accuracy: 19.86 loss 2.253445963859558 run_time: 2.6896626949310303
| current_epoch 2 |. Begin client select
SchedulerThread schedule Group [ 7 ], select( 11 clients):
2 | 6 | 22 | 34 | 39 | 54 | 83 | 90 | 94 | 97 | 99 |
-----------------------------------------------------------------Schedule complete
Client 39 trained
Client 39 uploaded
Client 54 trained
Client 54 uploaded
Client 94 trained
Client 94 uploaded
Client 6 trained
Client 6 uploaded
Client 97 trained
Client 97 uploaded
Client 22 trained
Client 22 uploaded
Client 34 trained
Client 34 uploaded
Client 99 trained
Client 99 uploaded
Client 2 trained
Client 2 uploaded
Client 83 trained
Client 83 uploaded
Client 90 trained
Client 90 uploaded
Epoch(t): 2 accuracy: 26.56 loss 2.0270020079612734 run_time: 4.450783014297485
| current_epoch 3 |. Begin client select
SchedulerThread schedule Group [ 5 ], select( 10 clients):
9 | 13 | 15 | 24 | 25 | 36 | 50 | 53 | 69 | 88 |
-----------------------------------------------------------------Schedule complete
Client 9 trained
Client 9 uploaded
Client 88 trained
Client 88 uploaded
Client 24 trained
Client 24 uploaded
Client 15 trained
Client 15 uploaded
Client 13 trained
Client 13 uploaded
Client 69 trained
Client 69 uploaded
Client 53 trained
Client 53 uploaded
Client 25 trained
Client 25 uploaded
Client 36 trained
Client 36 uploaded
Client 50 trained
Client 50 uploaded
Epoch(t): 3 accuracy: 21.49 loss 1.903702462911606 run_time: 6.089923858642578
| current_epoch 4 |. Begin client select
SchedulerThread schedule Group [ 6 ], select( 12 clients):
16 | 23 | 27 | 33 | 43 | 46 | 51 | 74 | 81 | 82 | 86 | 93 |
-----------------------------------------------------------------Schedule complete
Client 81 trained
Client 81 uploaded
Client 43 trained
Client 43 uploaded
Client 82 trained
Client 82 uploaded
Client 74 trained
Client 74 uploaded
Client 51 trained
Client 51 uploaded
Client 33 trained
Client 33 uploaded
Client 46 trained
Client 46 uploaded
Client 23 trained
Client 23 uploaded
Client 86 trained
Client 86 uploaded
Client 16 trained
Client 16 uploaded
Client 93 trained
Client 93 uploaded
Client 27 trained
Client 27 uploaded
Epoch(t): 4 accuracy: 36.51 loss 1.6344294273853301 run_time: 7.898967266082764
| current_epoch 5 |. Begin client select
SchedulerThread schedule Group [ 9 ], select( 8 clients):
12 | 21 | 55 | 63 | 68 | 75 | 87 | 95 |
-----------------------------------------------------------------Schedule complete
Client 21 trained
Client 21 uploaded
Client 68 trained
Client 68 uploaded
Client 87 trained
Client 87 uploaded
Client 63 trained
Client 63 uploaded
Client 75 trained
Client 75 uploaded
Client 95 trained
Client 95 uploaded
Client 55 trained
Client 55 uploaded
Client 12 trained
Client 12 uploaded
Epoch(t): 5 accuracy: 45.17 loss 1.3179455626010894 run_time: 9.453578233718872
| current_epoch 6 |. Begin client select
SchedulerThread schedule Group [ 2 ], select( 10 clients):
4 | 7 | 10 | 18 | 20 | 31 | 38 | 60 | 84 | 89 |
-----------------------------------------------------------------Schedule complete
Client 4 trained
Client 4 uploaded
Client 18 trained
Client 18 uploaded
Client 89 trained
Client 89 uploaded
Client 7 trained
Client 7 uploaded
Client 10 trained
Client 10 uploaded
Client 20 trained
Client 20 uploaded
Client 60 trained
Client 60 uploaded
Client 31 trained
Client 31 uploaded
Client 84 trained
Client 84 uploaded
Client 38 trained
Client 38 uploaded
Epoch(t): 6 accuracy: 46.43 loss 1.298637764453888 run_time: 11.20457673072815
| current_epoch 7 |. Begin client select
SchedulerThread schedule Group [ 0 ], select( 11 clients):
11 | 29 | 32 | 35 | 57 | 58 | 65 | 67 | 77 | 78 | 98 |
-----------------------------------------------------------------Schedule complete
Client 57 trained
Client 57 uploaded
Client 58 trained
Client 58 uploaded
Client 65 trained
Client 65 uploaded
Client 32 trained
Client 32 uploaded
Client 29 trained
Client 29 uploaded
Client 98 trained
Client 98 uploaded
Client 67 trained
Client 67 uploaded
Client 11 trained
Client 11 uploaded
Client 78 trained
Client 78 uploaded
Client 35 trained
Client 35 uploaded
Client 77 trained
Client 77 uploaded
Epoch(t): 7 accuracy: 42.89 loss 1.3553283107280731 run_time: 12.982646465301514
| current_epoch 8 |. Begin client select
SchedulerThread schedule Group [ 1 ], select( 9 clients):
0 | 14 | 17 | 30 | 66 | 70 | 76 | 92 | 96 |
-----------------------------------------------------------------Schedule complete
Client 66 trained
Client 66 uploaded
Client 0 trained
Client 0 uploaded
Client 96 trained
Client 96 uploaded
Client 30 trained
Client 30 uploaded
Client 14 trained
Client 14 uploaded
Client 70 trained
Client 70 uploaded
Client 92 trained
Client 92 uploaded
Client 76 trained
Client 76 uploaded
Client 17 trained
Client 17 uploaded
Epoch(t): 8 accuracy: 55.51 loss 1.121093419790268 run_time: 14.683383226394653
| current_epoch 9 |. Begin client select
SchedulerThread schedule Group [ 3 ], select( 10 clients):
3 | 19 | 40 | 47 | 49 | 52 | 72 | 73 | 79 | 80 |
-----------------------------------------------------------------Schedule complete
Client 72 trained
Client 72 uploaded
Client 49 trained
Client 49 uploaded
Client 3 trained
Client 3 uploaded
Client 80 trained
Client 80 uploaded
Client 73 trained
Client 73 uploaded
Client 52 trained
Client 52 uploaded
Client 19 trained
Client 19 uploaded
Client 79 trained
Client 79 uploaded
Client 40 trained
Client 40 uploaded
Client 47 trained
Client 47 uploaded
Epoch(t): 9 accuracy: 55.65 loss 1.0982443225383758 run_time: 16.355716466903687
| current_epoch 10 |. Begin client select
SchedulerThread schedule Group [ 4 ], select( 10 clients):
26 | 28 | 41 | 42 | 45 | 48 | 56 | 61 | 64 | 71 |
-----------------------------------------------------------------Schedule complete
Client 28 trained
Client 28 uploaded
Client 61 trained
Client 61 uploaded
Client 41 trained
Client 41 uploaded
Client 48 trained
Client 48 uploaded
Client 64 trained
Client 64 uploaded
Client 45 trained
Client 45 uploaded
Client 42 trained
Client 42 uploaded
Client 56 trained
Client 56 uploaded
Client 71 trained
Client 71 uploaded
Client 26 trained
Client 26 uploaded
Epoch(t): 10 accuracy: 57.93 loss 1.0185068553686143 run_time: 18.00517225265503
| current_epoch 11 |. Begin client select
SchedulerThread schedule Group [ 8 ], select( 9 clients):
1 | 5 | 8 | 37 | 44 | 59 | 62 | 85 | 91 |
-----------------------------------------------------------------Schedule complete
Client 5 trained
Client 5 uploaded
Client 8 trained
Client 8 uploaded
Client 44 trained
Client 44 uploaded
Client 1 trained
Client 1 uploaded
Client 37 trained
Client 37 uploaded
Client 91 trained
Client 91 uploaded
Client 59 trained
Client 59 uploaded
Client 85 trained
Client 85 uploaded
Client 62 trained
Client 62 uploaded
Epoch(t): 11 accuracy: 47.61 loss 1.1871158301830291 run_time: 19.36626124382019
| current_epoch 12 |. Begin client select
SchedulerThread schedule Group [ 7 ], select( 11 clients):
2 | 6 | 22 | 34 | 39 | 54 | 83 | 90 | 94 | 97 | 99 |
-----------------------------------------------------------------Schedule complete
Client 90 trained
Client 90 uploaded
Client 99 trained
Client 99 uploaded
Client 83 trained
Client 83 uploaded
Client 6 trained
Client 6 uploaded
Client 2 trained
Client 2 uploaded
Client 34 trained
Client 34 uploaded
Client 54 trained
Client 54 uploaded
Client 22 trained
Client 22 uploaded
Client 97 trained
Client 97 uploaded
Client 94 trained
Client 94 uploaded
Client 39 trained
Client 39 uploaded
Epoch(t): 12 accuracy: 62.4 loss 0.9716737651824952 run_time: 20.992432355880737
| current_epoch 13 |. Begin client select
SchedulerThread schedule Group [ 6 ], select( 12 clients):
16 | 23 | 27 | 33 | 43 | 46 | 51 | 74 | 81 | 82 | 86 | 93 |
-----------------------------------------------------------------Schedule complete
Client 43 trained
Client 43 uploaded
Client 23 trained
Client 23 uploaded
Client 16 trained
Client 16 uploaded
Client 27 trained
Client 27 uploaded
Client 86 trained
Client 86 uploaded
Client 93 trained
Client 93 uploaded
Client 33 trained
Client 33 uploaded
Client 74 trained
Client 74 uploaded
Client 51 trained
Client 51 uploaded
Client 81 trained
Client 81 uploaded
Client 82 trained
Client 82 uploaded
Client 46 trained
Client 46 uploaded
Epoch(t): 13 accuracy: 55.76 loss 1.0044409036636353 run_time: 22.587963104248047
| current_epoch 14 |. Begin client select
SchedulerThread schedule Group [ 5 ], select( 10 clients):
9 | 13 | 15 | 24 | 25 | 36 | 50 | 53 | 69 | 88 |
-----------------------------------------------------------------Schedule complete
Client 25 trained
Client 25 uploaded
Client 53 trained
Client 53 uploaded
Client 50 trained
Client 50 uploaded
Client 36 trained
Client 36 uploaded
Client 69 trained
Client 69 uploaded
Client 9 trained
Client 9 uploaded
Client 88 trained
Client 88 uploaded
Client 13 trained
Client 13 uploaded
Client 15 trained
Client 15 uploaded
Client 24 trained
Client 24 uploaded
Epoch(t): 14 accuracy: 62.86 loss 0.9770077896118164 run_time: 24.144540309906006
| current_epoch 15 |. Begin client select
SchedulerThread schedule Group [ 9 ], select( 8 clients):
12 | 21 | 55 | 63 | 68 | 75 | 87 | 95 |
-----------------------------------------------------------------Schedule complete
Client 95 trained
Client 95 uploaded
Client 55 trained
Client 55 uploaded
Client 87 trained
Client 87 uploaded
Client 12 trained
Client 12 uploaded
Client 68 trained
Client 68 uploaded
Client 21 trained
Client 21 uploaded
Client 75 trained
Client 75 uploaded
Client 63 trained
Client 63 uploaded
Epoch(t): 15 accuracy: 66.21 loss 0.9216016125679016 run_time: 25.4815456867218
| current_epoch 16 |. Begin client select
SchedulerThread schedule Group [ 2 ], select( 10 clients):
4 | 7 | 10 | 18 | 20 | 31 | 38 | 60 | 84 | 89 |
-----------------------------------------------------------------Schedule complete
Client 84 trained
Client 84 uploaded
Client 38 trained
Client 38 uploaded
Client 31 trained
Client 31 uploaded
Client 60 trained
Client 60 uploaded
Client 20 trained
Client 20 uploaded
Client 7 trained
Client 7 uploaded
Client 10 trained
Client 10 uploaded
Client 4 trained
Client 4 uploaded
Client 89 trained
Client 89 uploaded
Client 18 trained
Client 18 uploaded
Epoch(t): 16 accuracy: 63.74 loss 0.9341432774066925 run_time: 26.97867465019226
| current_epoch 17 |. Begin client select
SchedulerThread schedule Group [ 6 ], select( 12 clients):
16 | 23 | 27 | 33 | 43 | 46 | 51 | 74 | 81 | 82 | 86 | 93 |
-----------------------------------------------------------------Schedule complete
Client 93 trained
Client 93 uploaded
Client 43 trained
Client 43 uploaded
Client 27 trained
Client 27 uploaded
Client 86 trained
Client 86 uploaded
Client 16 trained
Client 16 uploaded
Client 23 trained
Client 23 uploaded
Client 46 trained
Client 46 uploaded
Client 33 trained
Client 33 uploaded
Client 82 trained
Client 82 uploaded
Client 74 trained
Client 74 uploaded
Client 51 trained
Client 51 uploaded
Client 81 trained
Client 81 uploaded
Epoch(t): 17 accuracy: 58.61 loss 0.9584000921249389 run_time: 28.712640285491943
| current_epoch 18 |. Begin client select
SchedulerThread schedule Group [ 0 ], select( 11 clients):
11 | 29 | 32 | 35 | 57 | 58 | 65 | 67 | 77 | 78 | 98 |
-----------------------------------------------------------------Schedule complete
Client 57 trained
Client 57 uploaded
Client 58 trained
Client 58 uploaded
Client 35 trained
Client 35 uploaded
Client 78 trained
Client 78 uploaded
Client 11 trained
Client 11 uploaded
Client 65 trained
Client 65 uploaded
Client 29 trained
Client 29 uploaded
Client 32 trained
Client 32 uploaded
Client 77 trained
Client 77 uploaded
Client 98 trained
Client 67 trained
Client 98 uploaded
Client 67 uploaded
Epoch(t): 18 accuracy: 61.26 loss 0.9927661377191543 run_time: 30.226380348205566
| current_epoch 19 |. Begin client select
SchedulerThread schedule Group [ 3 ], select( 10 clients):
3 | 19 | 40 | 47 | 49 | 52 | 72 | 73 | 79 | 80 |
-----------------------------------------------------------------Schedule complete
Client 72 trained
Client 72 uploaded
Client 73 trained
Client 73 uploaded
Client 47 trained
Client 47 uploaded
Client 80 trained
Client 80 uploaded
Client 40 trained
Client 40 uploaded
Client 19 trained
Client 19 uploaded
Client 52 trained
Client 52 uploaded
Client 79 trained
Client 79 uploaded
Client 3 trained
Client 3 uploaded
Client 49 trained
Client 49 uploaded
Epoch(t): 19 accuracy: 63.9 loss 0.8968584114313125 run_time: 31.768130779266357
| current_epoch 20 |. Begin client select
SchedulerThread schedule Group [ 1 ], select( 9 clients):
0 | 14 | 17 | 30 | 66 | 70 | 76 | 92 | 96 |
-----------------------------------------------------------------Schedule complete
Client 96 trained
Client 96 uploaded
Client 92 trained
Client 92 uploaded
Client 66 trained
Client 66 uploaded
Client 30 trained
Client 30 uploaded
Client 76 trained
Client 76 uploaded
Client 70 trained
Client 70 uploaded
Client 0 trained
Client 0 uploaded
Client 14 trained
Client 14 uploaded
Client 17 trained
Client 17 uploaded
Epoch(t): 20 accuracy: 65.68 loss 0.8983315563201905 run_time: 33.33971571922302
| current_epoch 21 |. Begin client select
SchedulerThread schedule Group [ 7 ], select( 11 clients):
2 | 6 | 22 | 34 | 39 | 54 | 83 | 90 | 94 | 97 | 99 |
-----------------------------------------------------------------Schedule complete
Client 90 trained
Client 90 uploaded
Client 83 trained
Client 83 uploaded
Client 99 trained
Client 99 uploaded
Client 2 trained
Client 2 uploaded
Client 6 trained
Client 6 uploaded
Client 54 trained
Client 54 uploaded
Client 34 trained
Client 34 uploaded
Client 22 trained
Client 22 uploaded
Client 39 trained
Client 39 uploaded
Client 94 trained
Client 94 uploaded
Client 97 trained
Client 97 uploaded
Epoch(t): 21 accuracy: 66.69 loss 0.846684957742691 run_time: 34.88558220863342
| current_epoch 22 |. Begin client select
SchedulerThread schedule Group [ 4 ], select( 10 clients):
26 | 28 | 41 | 42 | 45 | 48 | 56 | 61 | 64 | 71 |
-----------------------------------------------------------------Schedule complete
Client 28 trained
Client 28 uploaded
Client 56 trained
Client 56 uploaded
Client 71 trained
Client 71 uploaded
Client 42 trained
Client 42 uploaded
Client 26 trained
Client 26 uploaded
Client 64 trained
Client 64 uploaded
Client 45 trained
Client 45 uploaded
Client 61 trained
Client 61 uploaded
Client 48 trained
Client 48 uploaded
Client 41 trained
Client 41 uploaded
Epoch(t): 22 accuracy: 65.44 loss 0.864314392209053 run_time: 36.33129835128784
| current_epoch 23 |. Begin client select
SchedulerThread schedule Group [ 8 ], select( 9 clients):
1 | 5 | 8 | 37 | 44 | 59 | 62 | 85 | 91 |
-----------------------------------------------------------------Schedule complete
Client 5 trained
Client 5 uploaded
Client 8 trained
Client 8 uploaded
Client 37 trained
Client 37 uploaded
Client 44 trained
Client 44 uploaded
Client 59 trained
Client 59 uploaded
Client 62 trained
Client 62 uploaded
Client 85 trained
Client 85 uploaded
Client 1 trained
Client 1 uploaded
Client 91 trained
Client 91 uploaded
Epoch(t): 23 accuracy: 59.43 loss 0.9588361883163452 run_time: 37.77466869354248
| current_epoch 24 |. Begin client select
SchedulerThread schedule Group [ 6 ], select( 12 clients):
16 | 23 | 27 | 33 | 43 | 46 | 51 | 74 | 81 | 82 | 86 | 93 |
-----------------------------------------------------------------Schedule complete
Client 43 trained
Client 43 uploaded
Client 27 trained
Client 27 uploaded
Client 93 trained
Client 93 uploaded
Client 16 trained
Client 16 uploaded
Client 86 trained
Client 86 uploaded
Client 23 trained
Client 23 uploaded
Client 82 trained
Client 82 uploaded
Client 74 trained
Client 74 uploaded
Client 81 trained
Client 81 uploaded
Client 46 trained
Client 46 uploaded
Client 33 trained
Client 33 uploaded
Client 51 trained
Client 51 uploaded
Epoch(t): 24 accuracy: 63.73 loss 0.8658841305971146 run_time: 39.37806725502014
| current_epoch 25 |. Begin client select
SchedulerThread schedule Group [ 5 ], select( 10 clients):
9 | 13 | 15 | 24 | 25 | 36 | 50 | 53 | 69 | 88 |
-----------------------------------------------------------------Schedule complete
Client 50 trained
Client 50 uploaded
Client 25 trained
Client 25 uploaded
Client 53 trained
Client 53 uploaded
Client 36 trained
Client 36 uploaded
Client 69 trained
Client 69 uploaded
Client 9 trained
Client 9 uploaded
Client 88 trained
Client 88 uploaded
Client 13 trained
Client 13 uploaded
Client 15 trained
Client 15 uploaded
Client 24 trained
Client 24 uploaded
Epoch(t): 25 accuracy: 70.26 loss 0.8036349934339523 run_time: 40.86030435562134
| current_epoch 26 |. Begin client select
SchedulerThread schedule Group [ 9 ], select( 8 clients):
12 | 21 | 55 | 63 | 68 | 75 | 87 | 95 |
-----------------------------------------------------------------Schedule complete
Client 55 trained
Client 55 uploaded
Client 95 trained
Client 95 uploaded
Client 12 trained
Client 12 uploaded
Client 87 trained
Client 87 uploaded
Client 21 trained
Client 21 uploaded
Client 68 trained
Client 68 uploaded
Client 63 trained
Client 63 uploaded
Client 75 trained
Client 75 uploaded
Epoch(t): 26 accuracy: 71.68 loss 0.7903349786996842 run_time: 42.190593242645264
| current_epoch 27 |. Begin client select
SchedulerThread schedule Group [ 6 ], select( 12 clients):
16 | 23 | 27 | 33 | 43 | 46 | 51 | 74 | 81 | 82 | 86 | 93 |
-----------------------------------------------------------------Schedule complete
Client 43 trained
Client 43 uploaded
Client 16 trained
Client 16 uploaded
Client 86 trained
Client 86 uploaded
Client 27 trained
Client 27 uploaded
Client 93 trained
Client 93 uploaded
Client 23 trained
Client 23 uploaded
Client 33 trained
Client 33 uploaded
Client 46 trained
Client 46 uploaded
Client 82 trained
Client 82 uploaded
Client 74 trained
Client 74 uploaded
Client 51 trained
Client 51 uploaded
Client 81 trained
Client 81 uploaded
Epoch(t): 27 accuracy: 65.22 loss 0.8390418887138367 run_time: 43.76892876625061
| current_epoch 28 |. Begin client select
SchedulerThread schedule Group [ 2 ], select( 10 clients):
4 | 7 | 10 | 18 | 20 | 31 | 38 | 60 | 84 | 89 |
-----------------------------------------------------------------Schedule complete
Client 31 trained
Client 31 uploaded
Client 84 trained
Client 84 uploaded
Client 38 trained
Client 38 uploaded
Client 20 trained
Client 20 uploaded
Client 60 trained
Client 60 uploaded
Client 7 trained
Client 7 uploaded
Client 10 trained
Client 10 uploaded
Client 4 trained
Client 4 uploaded
Client 18 trained
Client 18 uploaded
Client 89 trained
Client 89 uploaded
Epoch(t): 28 accuracy: 66.32 loss 0.8630405175685882 run_time: 45.1935453414917
| current_epoch 29 |. Begin client select
SchedulerThread schedule Group [ 7 ], select( 11 clients):
2 | 6 | 22 | 34 | 39 | 54 | 83 | 90 | 94 | 97 | 99 |
-----------------------------------------------------------------Schedule complete
Client 83 trained
Client 83 uploaded
Client 90 trained
Client 90 uploaded
Client 6 trained
Client 6 uploaded
Client 2 trained
Client 2 uploaded
Client 34 trained
Client 34 uploaded
Client 99 trained
Client 99 uploaded
Client 54 trained
Client 54 uploaded
Client 22 trained
Client 22 uploaded
Client 97 trained
Client 97 uploaded
Client 94 trained
Client 94 uploaded
Client 39 trained
Client 39 uploaded
Epoch(t): 29 accuracy: 68.48 loss 0.7954639905691147 run_time: 46.688942193984985
| current_epoch 30 |. Begin client select
SchedulerThread schedule Group [ 0 ], select( 11 clients):
11 | 29 | 32 | 35 | 57 | 58 | 65 | 67 | 77 | 78 | 98 |
-----------------------------------------------------------------Schedule complete
Client 58 trained
Client 58 uploaded
Client 57 trained
Client 57 uploaded
Client 35 trained
Client 35 uploaded
Client 78 trained
Client 78 uploaded
Client 29 trained
Client 29 uploaded
Client 65 trained
Client 65 uploaded
Client 11 trained
Client 11 uploaded
Client 32 trained
Client 32 uploaded
Client 77 trained
Client 77 uploaded
Client 67 trained
Client 67 uploaded
Client 98 trained
Client 98 uploaded
Epoch(t): 30 accuracy: 68.06 loss 0.8698283809423447 run_time: 48.0327570438385
| current_epoch 31 |. Begin client select
SchedulerThread schedule Group [ 6 ], select( 12 clients):
16 | 23 | 27 | 33 | 43 | 46 | 51 | 74 | 81 | 82 | 86 | 93 |
-----------------------------------------------------------------Schedule complete
Client 43 trained
Client 43 uploaded
Client 27 trained
Client 27 uploaded
Client 16 trained
Client 16 uploaded
Client 86 trained
Client 86 uploaded
Client 93 trained
Client 93 uploaded
Client 23 trained
Client 23 uploaded
Client 46 trained
Client 46 uploaded
Client 82 trained
Client 82 uploaded
Client 51 trained
Client 51 uploaded
Client 81 trained
Client 81 uploaded
Client 74 trained
Client 74 uploaded
Client 33 trained
Client 33 uploaded
Epoch(t): 31 accuracy: 64.35 loss 0.8465053874254227 run_time: 49.460474491119385
| current_epoch 32 |. Begin client select
SchedulerThread schedule Group [ 3 ], select( 10 clients):
3 | 19 | 40 | 47 | 49 | 52 | 72 | 73 | 79 | 80 |
-----------------------------------------------------------------Schedule complete
Client 72 trained
Client 72 uploaded
Client 47 trained
Client 47 uploaded
Client 73 trained
Client 73 uploaded
Client 40 trained
Client 40 uploaded
Client 80 trained
Client 80 uploaded
Client 19 trained
Client 19 uploaded
Client 52 trained
Client 52 uploaded
Client 79 trained
Client 79 uploaded
Client 3 trained
Client 3 uploaded
Client 49 trained
Client 49 uploaded
Epoch(t): 32 accuracy: 68.73 loss 0.7831699246168137 run_time: 50.837597608566284
| current_epoch 33 |. Begin client select
SchedulerThread schedule Group [ 6 ], select( 12 clients):
16 | 23 | 27 | 33 | 43 | 46 | 51 | 74 | 81 | 82 | 86 | 93 |
-----------------------------------------------------------------Schedule complete
Client 43 trained
Client 43 uploaded
Client 27 trained
Client 27 uploaded
Client 16 trained
Client 16 uploaded
Client 93 trained
Client 93 uploaded
Client 86 trained
Client 86 uploaded
Client 23 trained
Client 23 uploaded
Client 46 trained
Client 46 uploaded
Client 74 trained
Client 74 uploaded
Client 33 trained
Client 33 uploaded
Client 82 trained
Client 82 uploaded
Client 81 trained
Client 81 uploaded
Client 51 trained
Client 51 uploaded
Epoch(t): 33 accuracy: 64.45 loss 0.8495840775966644 run_time: 52.391053199768066
| current_epoch 34 |. Begin client select
SchedulerThread schedule Group [ 8 ], select( 9 clients):
1 | 5 | 8 | 37 | 44 | 59 | 62 | 85 | 91 |
-----------------------------------------------------------------Schedule complete
Client 8 trained
Client 8 uploaded
Client 5 trained
Client 5 uploaded
Client 44 trained
Client 44 uploaded
Client 37 trained
Client 37 uploaded
Client 62 trained
Client 62 uploaded
Client 85 trained
Client 85 uploaded
Client 1 trained
Client 1 uploaded
Client 59 trained
Client 59 uploaded
Client 91 trained
Client 91 uploaded
Epoch(t): 34 accuracy: 64.02 loss 0.8461631351709366 run_time: 53.801238775253296
| current_epoch 35 |. Begin client select
SchedulerThread schedule Group [ 9 ], select( 8 clients):
12 | 21 | 55 | 63 | 68 | 75 | 87 | 95 |
-----------------------------------------------------------------Schedule complete
Client 55 trained
Client 55 uploaded
Client 95 trained
Client 95 uploaded
Client 87 trained
Client 87 uploaded
Client 12 trained
Client 12 uploaded
Client 68 trained
Client 68 uploaded
Client 21 trained
Client 21 uploaded
Client 63 trained
Client 63 uploaded
Client 75 trained
Client 75 uploaded
Epoch(t): 35 accuracy: 72.47 loss 0.7431402099132538 run_time: 55.14864778518677
| current_epoch 36 |. Begin client select
SchedulerThread schedule Group [ 5 ], select( 10 clients):
9 | 13 | 15 | 24 | 25 | 36 | 50 | 53 | 69 | 88 |
-----------------------------------------------------------------Schedule complete
Client 25 trained
Client 25 uploaded
Client 50 trained
Client 50 uploaded
Client 53 trained
Client 53 uploaded
Client 69 trained
Client 69 uploaded
Client 9 trained
Client 9 uploaded
Client 36 trained
Client 36 uploaded
Client 13 trained
Client 13 uploaded
Client 88 trained
Client 88 uploaded
Client 15 trained
Client 15 uploaded
Client 24 trained
Client 24 uploaded
Epoch(t): 36 accuracy: 70.46 loss 0.7584237211942673 run_time: 56.745532512664795
| current_epoch 37 |. Begin client select
SchedulerThread schedule Group [ 1 ], select( 9 clients):
0 | 14 | 17 | 30 | 66 | 70 | 76 | 92 | 96 |
-----------------------------------------------------------------Schedule complete
Client 96 trained
Client 96 uploaded
Client 76 trained
Client 76 uploaded
Client 70 trained
Client 70 uploaded
Client 92 trained
Client 92 uploaded
Client 66 trained
Client 66 uploaded
Client 30 trained
Client 30 uploaded
Client 17 trained
Client 17 uploaded
Client 0 trained
Client 0 uploaded
Client 14 trained
Client 14 uploaded
Epoch(t): 37 accuracy: 71.43 loss 0.7584551024436951 run_time: 58.13286304473877
| current_epoch 38 |. Begin client select
SchedulerThread schedule Group [ 6 ], select( 12 clients):
16 | 23 | 27 | 33 | 43 | 46 | 51 | 74 | 81 | 82 | 86 | 93 |
-----------------------------------------------------------------Schedule complete
Client 43 trained
Client 43 uploaded
Client 93 trained
Client 93 uploaded
Client 16 trained
Client 16 uploaded
Client 27 trained
Client 27 uploaded
Client 86 trained
Client 86 uploaded
Client 51 trained
Client 51 uploaded
Client 23 trained
Client 23 uploaded
Client 33 trained
Client 33 uploaded
Client 81 trained
Client 81 uploaded
Client 46 trained
Client 46 uploaded
Client 74 trained
Client 74 uploaded
Client 82 trained
Client 82 uploaded
Epoch(t): 38 accuracy: 69.28 loss 0.7731202739477158 run_time: 59.6283278465271
| current_epoch 39 |. Begin client select
SchedulerThread schedule Group [ 7 ], select( 11 clients):
2 | 6 | 22 | 34 | 39 | 54 | 83 | 90 | 94 | 97 | 99 |
-----------------------------------------------------------------Schedule complete
Client 90 trained
Client 90 uploaded
Client 2 trained
Client 2 uploaded
Client 34 trained
Client 34 uploaded
Client 83 trained
Client 83 uploaded
Client 6 trained
Client 6 uploaded
Client 99 trained
Client 99 uploaded
Client 94 trained
Client 94 uploaded
Client 54 trained
Client 54 uploaded
Client 22 trained
Client 22 uploaded
Client 39 trained
Client 97 trained
Client 39 uploaded
Client 97 uploaded
Epoch(t): 39 accuracy: 70.94 loss 0.7419184666872024 run_time: 61.041388750076294
| current_epoch 40 |. Begin client select
SchedulerThread schedule Group [ 4 ], select( 10 clients):
26 | 28 | 41 | 42 | 45 | 48 | 56 | 61 | 64 | 71 |
-----------------------------------------------------------------Schedule complete
Client 28 trained
Client 28 uploaded
Client 71 trained
Client 71 uploaded
Client 56 trained
Client 56 uploaded
Client 42 trained
Client 42 uploaded
Client 64 trained
Client 64 uploaded
Client 26 trained
Client 26 uploaded
Client 45 trained
Client 45 uploaded
Client 48 trained
Client 48 uploaded
Client 41 trained
Client 41 uploaded
Client 61 trained
Client 61 uploaded
Epoch(t): 40 accuracy: 70.8 loss 0.7479117095470429 run_time: 62.50518989562988
| current_epoch 41 |. Begin client select
SchedulerThread schedule Group [ 6 ], select( 12 clients):
16 | 23 | 27 | 33 | 43 | 46 | 51 | 74 | 81 | 82 | 86 | 93 |
-----------------------------------------------------------------Schedule complete
Client 43 trained
Client 43 uploaded
Client 16 trained
Client 16 uploaded
Client 27 trained
Client 27 uploaded
Client 93 trained
Client 93 uploaded
Client 86 trained
Client 86 uploaded
Client 23 trained
Client 23 uploaded
Client 82 trained
Client 82 uploaded
Client 46 trained
Client 46 uploaded
Client 33 trained
Client 33 uploaded
Client 51 trained
Client 51 uploaded
Client 81 trained
Client 81 uploaded
Client 74 trained
Client 74 uploaded
Epoch(t): 41 accuracy: 69.78 loss 0.7504063659906387 run_time: 64.09694743156433
| current_epoch 42 |. Begin client select
SchedulerThread schedule Group [ 6 ], select( 12 clients):
16 | 23 | 27 | 33 | 43 | 46 | 51 | 74 | 81 | 82 | 86 | 93 |
-----------------------------------------------------------------Schedule complete
Client 43 trained
Client 43 uploaded
Client 27 trained
Client 27 uploaded
Client 93 trained
Client 93 uploaded
Client 16 trained
Client 16 uploaded
Client 86 trained
Client 86 uploaded
Client 23 trained
Client 23 uploaded
Client 46 trained
Client 46 uploaded
Client 33 trained
Client 33 uploaded
Client 74 trained
Client 74 uploaded
Client 51 trained
Client 51 uploaded
Client 81 trained
Client 81 uploaded
Client 82 trained
Client 82 uploaded
Epoch(t): 42 accuracy: 66.81 loss 0.8017408925294877 run_time: 65.66275072097778
| current_epoch 43 |. Begin client select
SchedulerThread schedule Group [ 0 ], select( 11 clients):
11 | 29 | 32 | 35 | 57 | 58 | 65 | 67 | 77 | 78 | 98 |
-----------------------------------------------------------------Schedule complete
Client 58 trained
Client 58 uploaded
Client 57 trained
Client 57 uploaded
Client 35 trained
Client 35 uploaded
Client 78 trained
Client 78 uploaded
Client 32 trained
Client 32 uploaded
Client 11 trained
Client 11 uploaded
Client 77 trained
Client 77 uploaded
Client 65 trained
Client 65 uploaded
Client 29 trained
Client 29 uploaded
Client 98 trained
Client 98 uploaded
Client 67 trained
Client 67 uploaded
Epoch(t): 43 accuracy: 69.51 loss 0.8310314869880676 run_time: 67.15555167198181
| current_epoch 44 |. Begin client select
SchedulerThread schedule Group [ 2 ], select( 10 clients):
4 | 7 | 10 | 18 | 20 | 31 | 38 | 60 | 84 | 89 |
-----------------------------------------------------------------Schedule complete
Client 84 trained
Client 84 uploaded
Client 31 trained
Client 31 uploaded
Client 38 trained
Client 38 uploaded
Client 60 trained
Client 60 uploaded
Client 7 trained
Client 7 uploaded
Client 20 trained
Client 20 uploaded
Client 10 trained
Client 10 uploaded
Client 4 trained
Client 4 uploaded
Client 89 trained
Client 89 uploaded
Client 18 trained
Client 18 uploaded
Epoch(t): 44 accuracy: 69.51 loss 0.7760927832126617 run_time: 68.66756248474121
| current_epoch 45 |. Begin client select
SchedulerThread schedule Group [ 6 ], select( 12 clients):
16 | 23 | 27 | 33 | 43 | 46 | 51 | 74 | 81 | 82 | 86 | 93 |
-----------------------------------------------------------------Schedule complete
Client 43 trained
Client 43 uploaded
Client 27 trained
Client 27 uploaded
Client 93 trained
Client 93 uploaded
Client 16 trained
Client 16 uploaded
Client 86 trained
Client 86 uploaded
Client 23 trained
Client 23 uploaded
Client 82 trained
Client 82 uploaded
Client 81 trained
Client 81 uploaded
Client 33 trained
Client 33 uploaded
Client 74 trained
Client 74 uploaded
Client 51 trained
Client 51 uploaded
Client 46 trained
Client 46 uploaded
Epoch(t): 45 accuracy: 70.26 loss 0.7593261903524399 run_time: 70.23476910591125
| current_epoch 46 |. Begin client select
SchedulerThread schedule Group [ 3 ], select( 10 clients):
3 | 19 | 40 | 47 | 49 | 52 | 72 | 73 | 79 | 80 |
-----------------------------------------------------------------Schedule complete
Client 72 trained
Client 72 uploaded
Client 47 trained
Client 47 uploaded
Client 73 trained
Client 73 uploaded
Client 40 trained
Client 40 uploaded
Client 80 trained
Client 80 uploaded
Client 19 trained
Client 19 uploaded
Client 52 trained
Client 52 uploaded
Client 79 trained
Client 79 uploaded
Client 3 trained
Client 3 uploaded
Client 49 trained
Client 49 uploaded
Epoch(t): 46 accuracy: 70.67 loss 0.7262859874963761 run_time: 71.69093060493469
| current_epoch 47 |. Begin client select
SchedulerThread schedule Group [ 9 ], select( 8 clients):
12 | 21 | 55 | 63 | 68 | 75 | 87 | 95 |
-----------------------------------------------------------------Schedule complete
Client 55 trained
Client 55 uploaded
Client 95 trained
Client 95 uploaded
Client 12 trained
Client 12 uploaded
Client 21 trained
Client 21 uploaded
Client 87 trained
Client 87 uploaded
Client 68 trained
Client 68 uploaded
Client 63 trained
Client 63 uploaded
Client 75 trained
Client 75 uploaded
Epoch(t): 47 accuracy: 73.88 loss 0.7051519626379013 run_time: 73.17896699905396
| current_epoch 48 |. Begin client select
SchedulerThread schedule Group [ 8 ], select( 9 clients):
1 | 5 | 8 | 37 | 44 | 59 | 62 | 85 | 91 |
-----------------------------------------------------------------Schedule complete
Client 5 trained
Client 5 uploaded
Client 8 trained
Client 8 uploaded
Client 44 trained
Client 44 uploaded
Client 37 trained
Client 37 uploaded
Client 1 trained
Client 1 uploaded
Client 59 trained
Client 59 uploaded
Client 62 trained
Client 62 uploaded
Client 91 trained
Client 91 uploaded
Client 85 trained
Client 85 uploaded
Epoch(t): 48 accuracy: 65.86 loss 0.7945132201910019 run_time: 74.53957796096802
| current_epoch 49 |. Begin client select
SchedulerThread schedule Group [ 7 ], select( 11 clients):
2 | 6 | 22 | 34 | 39 | 54 | 83 | 90 | 94 | 97 | 99 |
-----------------------------------------------------------------Schedule complete
Client 6 trained
Client 6 uploaded
Client 90 trained
Client 90 uploaded
Client 2 trained
Client 2 uploaded
Client 83 trained
Client 83 uploaded
Client 34 trained
Client 34 uploaded
Client 99 trained
Client 99 uploaded
Client 54 trained
Client 54 uploaded
Client 22 trained
Client 22 uploaded
Client 39 trained
Client 39 uploaded
Client 94 trained
Client 94 uploaded
Client 97 trained
Client 97 uploaded
Epoch(t): 49 accuracy: 71.9 loss 0.7214697360992431 run_time: 76.2413284778595
| current_epoch 50 |. Begin client select
SchedulerThread schedule Group [ 6 ], select( 12 clients):
16 | 23 | 27 | 33 | 43 | 46 | 51 | 74 | 81 | 82 | 86 | 93 |
-----------------------------------------------------------------Schedule complete
Client 93 trained
Client 93 uploaded
Client 43 trained
Client 43 uploaded
Client 27 trained
Client 27 uploaded
Client 16 trained
Client 16 uploaded
Client 86 trained
Client 86 uploaded
Client 23 trained
Client 23 uploaded
Client 74 trained
Client 74 uploaded
Client 33 trained
Client 33 uploaded
Client 46 trained
Client 46 uploaded
Client 82 trained
Client 82 uploaded
Client 81 trained
Client 81 uploaded
Client 51 trained
Client 51 uploaded
Epoch(t): 50 accuracy: 69.04 loss 0.7572187983989715 run_time: 77.98732018470764
| current_epoch 51 |. Begin client select
SchedulerThread schedule Group [ 5 ], select( 10 clients):
9 | 13 | 15 | 24 | 25 | 36 | 50 | 53 | 69 | 88 |
-----------------------------------------------------------------Schedule complete
Client 25 trained
Client 25 uploaded
Client 50 trained
Client 50 uploaded
Client 53 trained
Client 53 uploaded
Client 36 trained
Client 36 uploaded
Client 9 trained
Client 9 uploaded
Client 69 trained
Client 69 uploaded
Client 13 trained
Client 13 uploaded
Client 15 trained
Client 15 uploaded
Client 88 trained
Client 88 uploaded
Client 24 trained
Client 24 uploaded
Epoch(t): 51 accuracy: 73.17 loss 0.6877626991271972 run_time: 79.56230115890503
| current_epoch 52 |. Begin client select
SchedulerThread schedule Group [ 6 ], select( 12 clients):
16 | 23 | 27 | 33 | 43 | 46 | 51 | 74 | 81 | 82 | 86 | 93 |
-----------------------------------------------------------------Schedule complete
Client 43 trained
Client 43 uploaded
Client 93 trained
Client 93 uploaded
Client 27 trained
Client 27 uploaded
Client 16 trained
Client 16 uploaded
Client 86 trained
Client 86 uploaded
Client 23 trained
Client 23 uploaded
Client 33 trained
Client 33 uploaded
Client 74 trained
Client 74 uploaded
Client 46 trained
Client 46 uploaded
Client 51 trained
Client 51 uploaded
Client 81 trained
Client 81 uploaded
Client 82 trained
Client 82 uploaded
Epoch(t): 52 accuracy: 69.88 loss 0.7441240507364273 run_time: 81.08848667144775
| current_epoch 53 |. Begin client select
SchedulerThread schedule Group [ 0 ], select( 11 clients):
11 | 29 | 32 | 35 | 57 | 58 | 65 | 67 | 77 | 78 | 98 |
-----------------------------------------------------------------Schedule complete
Client 57 trained
Client 57 uploaded
Client 58 trained
Client 58 uploaded
Client 35 trained
Client 35 uploaded
Client 78 trained
Client 78 uploaded
Client 29 trained
Client 29 uploaded
Client 32 trained
Client 32 uploaded
Client 77 trained
Client 77 uploaded
Client 11 trained
Client 11 uploaded
Client 65 trained
Client 65 uploaded
Client 67 trained
Client 67 uploaded
Client 98 trained
Client 98 uploaded
Epoch(t): 53 accuracy: 71.02 loss 0.7672793233394622 run_time: 82.79480361938477
| current_epoch 54 |. Begin client select
SchedulerThread schedule Group [ 9 ], select( 8 clients):
12 | 21 | 55 | 63 | 68 | 75 | 87 | 95 |
-----------------------------------------------------------------Schedule complete
Client 95 trained
Client 95 uploaded
Client 55 trained
Client 55 uploaded
Client 68 trained
Client 68 uploaded
Client 21 trained
Client 21 uploaded
Client 12 trained
Client 12 uploaded
Client 75 trained
Client 75 uploaded
Client 63 trained
Client 63 uploaded
Client 87 trained
Client 87 uploaded
Epoch(t): 54 accuracy: 74.4 loss 0.6967847952246666 run_time: 84.16403150558472
| current_epoch 55 |. Begin client select
SchedulerThread schedule Group [ 6 ], select( 12 clients):
16 | 23 | 27 | 33 | 43 | 46 | 51 | 74 | 81 | 82 | 86 | 93 |
-----------------------------------------------------------------Schedule complete
Client 43 trained
Client 43 uploaded
Client 27 trained
Client 27 uploaded
Client 93 trained
Client 93 uploaded
Client 16 trained
Client 16 uploaded
Client 86 trained
Client 86 uploaded
Client 46 trained
Client 46 uploaded
Client 23 trained
Client 23 uploaded
Client 74 trained
Client 74 uploaded
Client 82 trained
Client 82 uploaded
Client 51 trained
Client 51 uploaded
Client 81 trained
Client 81 uploaded
Client 33 trained
Client 33 uploaded
Epoch(t): 55 accuracy: 71.99 loss 0.7230970704555512 run_time: 85.91482520103455
| current_epoch 56 |. Begin client select
SchedulerThread schedule Group [ 4 ], select( 10 clients):
26 | 28 | 41 | 42 | 45 | 48 | 56 | 61 | 64 | 71 |
-----------------------------------------------------------------Schedule complete
Client 28 trained
Client 28 uploaded
Client 56 trained
Client 56 uploaded
Client 71 trained
Client 71 uploaded
Client 42 trained
Client 42 uploaded
Client 64 trained
Client 64 uploaded
Client 45 trained
Client 45 uploaded
Client 26 trained
Client 26 uploaded
Client 41 trained
Client 41 uploaded
Client 48 trained
Client 48 uploaded
Client 61 trained
Client 61 uploaded
Epoch(t): 56 accuracy: 72.96 loss 0.7014425253868103 run_time: 87.25152349472046
| current_epoch 57 |. Begin client select
SchedulerThread schedule Group [ 1 ], select( 9 clients):
0 | 14 | 17 | 30 | 66 | 70 | 76 | 92 | 96 |
-----------------------------------------------------------------Schedule complete
Client 76 trained
Client 76 uploaded
Client 96 trained
Client 96 uploaded
Client 70 trained
Client 70 uploaded
Client 92 trained
Client 92 uploaded
Client 30 trained
Client 30 uploaded
Client 66 trained
Client 66 uploaded
Client 0 trained
Client 0 uploaded
Client 14 trained
Client 14 uploaded
Client 17 trained
Client 17 uploaded
Epoch(t): 57 accuracy: 73.37 loss 0.7197213345766067 run_time: 88.82698392868042
| current_epoch 58 |. Begin client select
SchedulerThread schedule Group [ 6 ], select( 12 clients):
16 | 23 | 27 | 33 | 43 | 46 | 51 | 74 | 81 | 82 | 86 | 93 |
-----------------------------------------------------------------Schedule complete
Client 43 trained
Client 43 uploaded
Client 16 trained
Client 16 uploaded
Client 93 trained
Client 93 uploaded
Client 86 trained
Client 86 uploaded
Client 27 trained
Client 27 uploaded
Client 23 trained
Client 23 uploaded
Client 81 trained
Client 81 uploaded
Client 74 trained
Client 74 uploaded
Client 82 trained
Client 82 uploaded
Client 46 trained
Client 46 uploaded
Client 33 trained
Client 33 uploaded
Client 51 trained
Client 51 uploaded
Epoch(t): 58 accuracy: 69.91 loss 0.7422879320383072 run_time: 90.4846522808075
| current_epoch 59 |. Begin client select
SchedulerThread schedule Group [ 2 ], select( 10 clients):
4 | 7 | 10 | 18 | 20 | 31 | 38 | 60 | 84 | 89 |
-----------------------------------------------------------------Schedule complete
Client 84 trained
Client 84 uploaded
Client 38 trained
Client 38 uploaded
Client 31 trained
Client 31 uploaded
Client 7 trained
Client 7 uploaded
Client 60 trained
Client 60 uploaded
Client 20 trained
Client 20 uploaded
Client 4 trained
Client 4 uploaded
Client 89 trained
Client 89 uploaded
Client 10 trained
Client 10 uploaded
Client 18 trained
Client 18 uploaded
Epoch(t): 59 accuracy: 71.43 loss 0.7235105234384537 run_time: 92.07764458656311
| current_epoch 60 |. Begin client select
SchedulerThread schedule Group [ 7 ], select( 11 clients):
2 | 6 | 22 | 34 | 39 | 54 | 83 | 90 | 94 | 97 | 99 |
-----------------------------------------------------------------Schedule complete
Client 2 trained
Client 2 uploaded
Client 90 trained
Client 90 uploaded
Client 6 trained
Client 6 uploaded
Client 83 trained
Client 83 uploaded
Client 34 trained
Client 34 uploaded
Client 99 trained
Client 99 uploaded
Client 54 trained
Client 54 uploaded
Client 22 trained
Client 22 uploaded
Client 94 trained
Client 94 uploaded
Client 39 trained
Client 39 uploaded
Client 97 trained
Client 97 uploaded
Epoch(t): 60 accuracy: 73.6 loss 0.6774829357862473 run_time: 93.60398387908936
| current_epoch 61 |. Begin client select
SchedulerThread schedule Group [ 6 ], select( 12 clients):
16 | 23 | 27 | 33 | 43 | 46 | 51 | 74 | 81 | 82 | 86 | 93 |
-----------------------------------------------------------------Schedule complete
Client 27 trained
Client 27 uploaded
Client 93 trained
Client 93 uploaded
Client 43 trained
Client 43 uploaded
Client 16 trained
Client 16 uploaded
Client 86 trained
Client 86 uploaded
Client 46 trained
Client 46 uploaded
Client 23 trained
Client 23 uploaded
Client 74 trained
Client 74 uploaded
Client 33 trained
Client 33 uploaded
Client 81 trained
Client 81 uploaded
Client 82 trained
Client 82 uploaded
Client 51 trained
Client 51 uploaded
Epoch(t): 61 accuracy: 72.4 loss 0.6984020692110061 run_time: 95.17362904548645
| current_epoch 62 |. Begin client select
SchedulerThread schedule Group [ 3 ], select( 10 clients):
3 | 19 | 40 | 47 | 49 | 52 | 72 | 73 | 79 | 80 |
-----------------------------------------------------------------Schedule complete
Client 72 trained
Client 72 uploaded
Client 73 trained
Client 73 uploaded
Client 47 trained
Client 47 uploaded
Client 80 trained
Client 80 uploaded
Client 40 trained
Client 40 uploaded
Client 19 trained
Client 19 uploaded
Client 3 trained
Client 3 uploaded
Client 49 trained
Client 49 uploaded
Client 79 trained
Client 79 uploaded
Client 52 trained
Client 52 uploaded
Epoch(t): 62 accuracy: 72.13 loss 0.6811540219187736 run_time: 96.53056001663208
| current_epoch 63 |. Begin client select
SchedulerThread schedule Group [ 6 ], select( 12 clients):
16 | 23 | 27 | 33 | 43 | 46 | 51 | 74 | 81 | 82 | 86 | 93 |
-----------------------------------------------------------------Schedule complete
Client 43 trained
Client 43 uploaded
Client 27 trained
Client 27 uploaded
Client 93 trained
Client 93 uploaded
Client 16 trained
Client 16 uploaded
Client 86 trained
Client 86 uploaded
Client 23 trained
Client 23 uploaded
Client 33 trained
Client 33 uploaded
Client 74 trained
Client 74 uploaded
Client 46 trained
Client 46 uploaded
Client 81 trained
Client 81 uploaded
Client 82 trained
Client 82 uploaded
Client 51 trained
Client 51 uploaded
Epoch(t): 63 accuracy: 71.14 loss 0.7164423108100891 run_time: 98.04928374290466
| current_epoch 64 |. Begin client select
SchedulerThread schedule Group [ 9 ], select( 8 clients):
12 | 21 | 55 | 63 | 68 | 75 | 87 | 95 |
-----------------------------------------------------------------Schedule complete
Client 55 trained
Client 55 uploaded
Client 95 trained
Client 95 uploaded
Client 12 trained
Client 12 uploaded
Client 75 trained
Client 75 uploaded
Client 68 trained
Client 68 uploaded
Client 21 trained
Client 21 uploaded
Client 87 trained
Client 87 uploaded
Client 63 trained
Client 63 uploaded
Epoch(t): 64 accuracy: 75.21 loss 0.6674113330245018 run_time: 99.41494226455688
| current_epoch 65 |. Begin client select
SchedulerThread schedule Group [ 5 ], select( 10 clients):
9 | 13 | 15 | 24 | 25 | 36 | 50 | 53 | 69 | 88 |
-----------------------------------------------------------------Schedule complete
Client 50 trained
Client 50 uploaded
Client 25 trained
Client 25 uploaded
Client 53 trained
Client 53 uploaded
Client 36 trained
Client 36 uploaded
Client 9 trained
Client 9 uploaded
Client 69 trained
Client 69 uploaded
Client 13 trained
Client 13 uploaded
Client 88 trained
Client 88 uploaded
Client 15 trained
Client 15 uploaded
Client 24 trained
Client 24 uploaded
Epoch(t): 65 accuracy: 74.19 loss 0.6584708139300346 run_time: 100.88915610313416
| current_epoch 66 |. Begin client select
SchedulerThread schedule Group [ 6 ], select( 12 clients):
16 | 23 | 27 | 33 | 43 | 46 | 51 | 74 | 81 | 82 | 86 | 93 |
-----------------------------------------------------------------Schedule complete
Client 43 trained
Client 43 uploaded
Client 16 trained
Client 16 uploaded
Client 86 trained
Client 86 uploaded
Client 23 trained
Client 23 uploaded
Client 27 trained
Client 27 uploaded
Client 93 trained
Client 93 uploaded
Client 33 trained
Client 33 uploaded
Client 82 trained
Client 82 uploaded
Client 46 trained
Client 46 uploaded
Client 74 trained
Client 74 uploaded
Client 81 trained
Client 81 uploaded
Client 51 trained
Client 51 uploaded
Epoch(t): 66 accuracy: 73.07 loss 0.6929657745361328 run_time: 102.52707481384277
| current_epoch 67 |. Begin client select
SchedulerThread schedule Group [ 8 ], select( 9 clients):
1 | 5 | 8 | 37 | 44 | 59 | 62 | 85 | 91 |
-----------------------------------------------------------------Schedule complete
Client 5 trained
Client 5 uploaded
Client 44 trained
Client 44 uploaded
Client 8 trained
Client 8 uploaded
Client 37 trained
Client 37 uploaded
Client 85 trained
Client 85 uploaded
Client 1 trained
Client 1 uploaded
Client 59 trained
Client 59 uploaded
Client 62 trained
Client 62 uploaded
Client 91 trained
Client 91 uploaded
Epoch(t): 67 accuracy: 68.15 loss 0.7449862408638 run_time: 103.97743630409241
| current_epoch 68 |. Begin client select
SchedulerThread schedule Group [ 0 ], select( 11 clients):
11 | 29 | 32 | 35 | 57 | 58 | 65 | 67 | 77 | 78 | 98 |
-----------------------------------------------------------------Schedule complete
Client 57 trained
Client 57 uploaded
Client 58 trained
Client 58 uploaded
Client 78 trained
Client 78 uploaded
Client 35 trained
Client 35 uploaded
Client 29 trained
Client 29 uploaded
Client 32 trained
Client 32 uploaded
Client 65 trained
Client 65 uploaded
Client 11 trained
Client 11 uploaded
Client 98 trained
Client 98 uploaded
Client 77 trained
Client 77 uploaded
Client 67 trained
Client 67 uploaded
Epoch(t): 68 accuracy: 71.45 loss 0.7313430112600326 run_time: 105.46783232688904
| current_epoch 69 |. Begin client select
SchedulerThread schedule Group [ 7 ], select( 11 clients):
2 | 6 | 22 | 34 | 39 | 54 | 83 | 90 | 94 | 97 | 99 |
-----------------------------------------------------------------Schedule complete
Client 6 trained
Client 6 uploaded
Client 2 trained
Client 2 uploaded
Client 90 trained
Client 90 uploaded
Client 83 trained
Client 83 uploaded
Client 22 trained
Client 22 uploaded
Client 34 trained
Client 34 uploaded
Client 99 trained
Client 99 uploaded
Client 94 trained
Client 94 uploaded
Client 54 trained
Client 54 uploaded
Client 39 trained
Client 39 uploaded
Client 97 trained
Client 97 uploaded
Epoch(t): 69 accuracy: 73.97 loss 0.6731210243701935 run_time: 106.99675512313843
| current_epoch 70 |. Begin client select
SchedulerThread schedule Group [ 6 ], select( 12 clients):
16 | 23 | 27 | 33 | 43 | 46 | 51 | 74 | 81 | 82 | 86 | 93 |
-----------------------------------------------------------------Schedule complete
Client 43 trained
Client 43 uploaded
Client 16 trained
Client 16 uploaded
Client 93 trained
Client 93 uploaded
Client 86 trained
Client 86 uploaded
Client 27 trained
Client 27 uploaded
Client 23 trained
Client 23 uploaded
Client 81 trained
Client 81 uploaded
Client 33 trained
Client 33 uploaded
Client 46 trained
Client 46 uploaded
Client 82 trained
Client 82 uploaded
Client 51 trained
Client 51 uploaded
Client 74 trained
Client 74 uploaded
Epoch(t): 70 accuracy: 71.68 loss 0.7057277327775955 run_time: 108.72000217437744
| current_epoch 71 |. Begin client select
SchedulerThread schedule Group [ 6 ], select( 12 clients):
16 | 23 | 27 | 33 | 43 | 46 | 51 | 74 | 81 | 82 | 86 | 93 |
-----------------------------------------------------------------Schedule complete
Client 43 trained
Client 43 uploaded
Client 93 trained
Client 93 uploaded
Client 27 trained
Client 27 uploaded
Client 16 trained
Client 16 uploaded
Client 86 trained
Client 86 uploaded
Client 23 trained
Client 23 uploaded
Client 33 trained
Client 33 uploaded
Client 82 trained
Client 82 uploaded
Client 46 trained
Client 46 uploaded
Client 51 trained
Client 51 uploaded
Client 81 trained
Client 81 uploaded
Client 74 trained
Client 74 uploaded
Epoch(t): 71 accuracy: 71.43 loss 0.7072056603431701 run_time: 110.28844857215881
| current_epoch 72 |. Begin client select
SchedulerThread schedule Group [ 4 ], select( 10 clients):
26 | 28 | 41 | 42 | 45 | 48 | 56 | 61 | 64 | 71 |
-----------------------------------------------------------------Schedule complete
Client 28 trained
Client 28 uploaded
Client 71 trained
Client 71 uploaded
Client 56 trained
Client 56 uploaded
Client 42 trained
Client 42 uploaded
Client 45 trained
Client 45 uploaded
Client 64 trained
Client 64 uploaded
Client 26 trained
Client 26 uploaded
Client 48 trained
Client 48 uploaded
Client 61 trained
Client 61 uploaded
Client 41 trained
Client 41 uploaded
Epoch(t): 72 accuracy: 74.19 loss 0.6665824338793754 run_time: 111.73505401611328
| current_epoch 73 |. Begin client select
SchedulerThread schedule Group [ 2 ], select( 10 clients):
4 | 7 | 10 | 18 | 20 | 31 | 38 | 60 | 84 | 89 |
-----------------------------------------------------------------Schedule complete
Client 84 trained
Client 84 uploaded
Client 38 trained
Client 38 uploaded
Client 31 trained
Client 31 uploaded
Client 60 trained
Client 60 uploaded
Client 7 trained
Client 7 uploaded
Client 20 trained
Client 20 uploaded
Client 4 trained
Client 4 uploaded
Client 10 trained
Client 10 uploaded
Client 18 trained
Client 18 uploaded
Client 89 trained
Client 89 uploaded
Epoch(t): 73 accuracy: 72.73 loss 0.6890350902080535 run_time: 113.28949093818665
| current_epoch 74 |. Begin client select
SchedulerThread schedule Group [ 6 ], select( 12 clients):
16 | 23 | 27 | 33 | 43 | 46 | 51 | 74 | 81 | 82 | 86 | 93 |
-----------------------------------------------------------------Schedule complete
Client 43 trained
Client 43 uploaded
Client 93 trained
Client 93 uploaded
Client 16 trained
Client 16 uploaded
Client 27 trained
Client 27 uploaded
Client 86 trained
Client 86 uploaded
Client 23 trained
Client 23 uploaded
Client 46 trained
Client 46 uploaded
Client 74 trained
Client 74 uploaded
Client 33 trained
Client 33 uploaded
Client 51 trained
Client 51 uploaded
Client 81 trained
Client 81 uploaded
Client 82 trained
Client 82 uploaded
Epoch(t): 74 accuracy: 72.63 loss 0.682897427380085 run_time: 114.8064591884613
| current_epoch 75 |. Begin client select
SchedulerThread schedule Group [ 9 ], select( 8 clients):
12 | 21 | 55 | 63 | 68 | 75 | 87 | 95 |
-----------------------------------------------------------------Schedule complete
Client 55 trained
Client 55 uploaded
Client 95 trained
Client 95 uploaded
Client 12 trained
Client 12 uploaded
Client 87 trained
Client 87 uploaded
Client 68 trained
Client 68 uploaded
Client 21 trained
Client 21 uploaded
Client 75 trained
Client 75 uploaded
Client 63 trained
Client 63 uploaded
Epoch(t): 75 accuracy: 76.47 loss 0.6337947174906731 run_time: 116.11113715171814
| current_epoch 76 |. Begin client select
SchedulerThread schedule Group [ 6 ], select( 12 clients):
16 | 23 | 27 | 33 | 43 | 46 | 51 | 74 | 81 | 82 | 86 | 93 |
-----------------------------------------------------------------Schedule complete
Client 43 trained
Client 43 uploaded
Client 16 trained
Client 16 uploaded
Client 93 trained
Client 93 uploaded
Client 86 trained
Client 86 uploaded
Client 27 trained
Client 27 uploaded
Client 23 trained
Client 23 uploaded
Client 33 trained
Client 33 uploaded
Client 81 trained
Client 81 uploaded
Client 46 trained
Client 46 uploaded
Client 82 trained
Client 82 uploaded
Client 74 trained
Client 74 uploaded
Client 51 trained
Client 51 uploaded
Epoch(t): 76 accuracy: 72.56 loss 0.6861480265855789 run_time: 117.71418499946594
| current_epoch 77 |. Begin client select
SchedulerThread schedule Group [ 3 ], select( 10 clients):
3 | 19 | 40 | 47 | 49 | 52 | 72 | 73 | 79 | 80 |
-----------------------------------------------------------------Schedule complete
Client 72 trained
Client 72 uploaded
Client 73 trained
Client 73 uploaded
Client 80 trained
Client 80 uploaded
Client 47 trained
Client 47 uploaded
Client 40 trained
Client 40 uploaded
Client 19 trained
Client 19 uploaded
Client 52 trained
Client 52 uploaded
Client 79 trained
Client 79 uploaded
Client 3 trained
Client 3 uploaded
Client 49 trained
Client 49 uploaded
Epoch(t): 77 accuracy: 74.51 loss 0.6427180454134941 run_time: 119.197026014328
| current_epoch 78 |. Begin client select
SchedulerThread schedule Group [ 1 ], select( 9 clients):
0 | 14 | 17 | 30 | 66 | 70 | 76 | 92 | 96 |
-----------------------------------------------------------------Schedule complete
Client 70 trained
Client 70 uploaded
Client 96 trained
Client 96 uploaded
Client 76 trained
Client 76 uploaded
Client 17 trained
Client 17 uploaded
Client 92 trained
Client 92 uploaded
Client 0 trained
Client 0 uploaded
Client 66 trained
Client 66 uploaded
Client 30 trained
Client 30 uploaded
Client 14 trained
Client 14 uploaded
Epoch(t): 78 accuracy: 75.29 loss 0.6578620818257331 run_time: 120.6459527015686
| current_epoch 79 |. Begin client select
SchedulerThread schedule Group [ 5 ], select( 10 clients):
9 | 13 | 15 | 24 | 25 | 36 | 50 | 53 | 69 | 88 |
-----------------------------------------------------------------Schedule complete
Client 50 trained
Client 50 uploaded
Client 25 trained
Client 25 uploaded
Client 53 trained
Client 53 uploaded
Client 69 trained
Client 69 uploaded
Client 36 trained
Client 36 uploaded
Client 9 trained
Client 9 uploaded
Client 13 trained
Client 13 uploaded
Client 88 trained
Client 88 uploaded
Client 15 trained
Client 15 uploaded
Client 24 trained
Client 24 uploaded
Epoch(t): 79 accuracy: 75.64 loss 0.6226750263571739 run_time: 122.15458226203918
| current_epoch 80 |. Begin client select
SchedulerThread schedule Group [ 0 ], select( 11 clients):
11 | 29 | 32 | 35 | 57 | 58 | 65 | 67 | 77 | 78 | 98 |
-----------------------------------------------------------------Schedule complete
Client 58 trained
Client 58 uploaded
Client 57 trained
Client 57 uploaded
Client 35 trained
Client 35 uploaded
Client 78 trained
Client 78 uploaded
Client 29 trained
Client 29 uploaded
Client 11 trained
Client 11 uploaded
Client 77 trained
Client 77 uploaded
Client 65 trained
Client 65 uploaded
Client 32 trained
Client 32 uploaded
Client 67 trained
Client 67 uploaded
Client 98 trained
Client 98 uploaded
Epoch(t): 80 accuracy: 74.6 loss 0.669872644841671 run_time: 123.71189093589783
| current_epoch 81 |. Begin client select
SchedulerThread schedule Group [ 6 ], select( 12 clients):
16 | 23 | 27 | 33 | 43 | 46 | 51 | 74 | 81 | 82 | 86 | 93 |
-----------------------------------------------------------------Schedule complete
Client 43 trained
Client 43 uploaded
Client 27 trained
Client 27 uploaded
Client 93 trained
Client 93 uploaded
Client 16 trained
Client 16 uploaded
Client 86 trained
Client 86 uploaded
Client 23 trained
Client 23 uploaded
Client 33 trained
Client 33 uploaded
Client 82 trained
Client 82 uploaded
Client 46 trained
Client 46 uploaded
Client 51 trained
Client 51 uploaded
Client 81 trained
Client 81 uploaded
Client 74 trained
Client 74 uploaded
Epoch(t): 81 accuracy: 74.4 loss 0.6620104473829269 run_time: 125.33758449554443
| current_epoch 82 |. Begin client select
SchedulerThread schedule Group [ 7 ], select( 11 clients):
2 | 6 | 22 | 34 | 39 | 54 | 83 | 90 | 94 | 97 | 99 |
-----------------------------------------------------------------Schedule complete
Client 6 trained
Client 6 uploaded
Client 90 trained
Client 90 uploaded
Client 83 trained
Client 83 uploaded
Client 2 trained
Client 2 uploaded
Client 34 trained
Client 34 uploaded
Client 99 trained
Client 99 uploaded
Client 22 trained
Client 22 uploaded
Client 54 trained
Client 54 uploaded
Client 97 trained
Client 97 uploaded
Client 94 trained
Client 94 uploaded
Client 39 trained
Client 39 uploaded
Epoch(t): 82 accuracy: 75.46 loss 0.6342774459719658 run_time: 126.91665935516357
| current_epoch 83 |. Begin client select
SchedulerThread schedule Group [ 6 ], select( 12 clients):
16 | 23 | 27 | 33 | 43 | 46 | 51 | 74 | 81 | 82 | 86 | 93 |
-----------------------------------------------------------------Schedule complete
Client 43 trained
Client 43 uploaded
Client 16 trained
Client 16 uploaded
Client 27 trained
Client 27 uploaded
Client 93 trained
Client 93 uploaded
Client 86 trained
Client 86 uploaded
Client 23 trained
Client 23 uploaded
Client 74 trained
Client 74 uploaded
Client 33 trained
Client 33 uploaded
Client 46 trained
Client 46 uploaded
Client 82 trained
Client 82 uploaded
Client 51 trained
Client 51 uploaded
Client 81 trained
Client 81 uploaded
Epoch(t): 83 accuracy: 73.56 loss 0.6650753554701805 run_time: 128.56857824325562
| current_epoch 84 |. Begin client select
SchedulerThread schedule Group [ 8 ], select( 9 clients):
1 | 5 | 8 | 37 | 44 | 59 | 62 | 85 | 91 |
-----------------------------------------------------------------Schedule complete
Client 5 trained
Client 5 uploaded
Client 8 trained
Client 8 uploaded
Client 37 trained
Client 37 uploaded
Client 44 trained
Client 44 uploaded
Client 1 trained
Client 1 uploaded
Client 62 trained
Client 62 uploaded
Client 85 trained
Client 85 uploaded
Client 59 trained
Client 59 uploaded
Client 91 trained
Client 91 uploaded
Epoch(t): 84 accuracy: 70.71 loss 0.6976303404569626 run_time: 129.97770714759827
| current_epoch 85 |. Begin client select
SchedulerThread schedule Group [ 9 ], select( 8 clients):
12 | 21 | 55 | 63 | 68 | 75 | 87 | 95 |
-----------------------------------------------------------------Schedule complete
Client 95 trained
Client 95 uploaded
Client 55 trained
Client 55 uploaded
Client 12 trained
Client 12 uploaded
Client 68 trained
Client 68 uploaded
Client 21 trained
Client 21 uploaded
Client 63 trained
Client 63 uploaded
Client 87 trained
Client 87 uploaded
Client 75 trained
Client 75 uploaded
Epoch(t): 85 accuracy: 77.12 loss 0.6191297960281372 run_time: 131.43252277374268
| current_epoch 86 |. Begin client select
SchedulerThread schedule Group [ 2 ], select( 10 clients):
4 | 7 | 10 | 18 | 20 | 31 | 38 | 60 | 84 | 89 |
-----------------------------------------------------------------Schedule complete
Client 84 trained
Client 84 uploaded
Client 38 trained
Client 38 uploaded
Client 31 trained
Client 31 uploaded
Client 7 trained
Client 7 uploaded
Client 60 trained
Client 60 uploaded
Client 20 trained
Client 20 uploaded
Client 10 trained
Client 10 uploaded
Client 4 trained
Client 4 uploaded
Client 18 trained
Client 18 uploaded
Client 89 trained
Client 89 uploaded
Epoch(t): 86 accuracy: 74.42 loss 0.6551871445775032 run_time: 132.88599371910095
| current_epoch 87 |. Begin client select
SchedulerThread schedule Group [ 6 ], select( 12 clients):
16 | 23 | 27 | 33 | 43 | 46 | 51 | 74 | 81 | 82 | 86 | 93 |
-----------------------------------------------------------------Schedule complete
Client 43 trained
Client 43 uploaded
Client 27 trained
Client 27 uploaded
Client 16 trained
Client 16 uploaded
Client 93 trained
Client 93 uploaded
Client 86 trained
Client 86 uploaded
Client 23 trained
Client 23 uploaded
Client 74 trained
Client 74 uploaded
Client 33 trained
Client 33 uploaded
Client 46 trained
Client 46 uploaded
Client 82 trained
Client 82 uploaded
Client 81 trained
Client 81 uploaded
Client 51 trained
Client 51 uploaded
Epoch(t): 87 accuracy: 73.02 loss 0.6709042850136757 run_time: 134.38648509979248
| current_epoch 88 |. Begin client select
SchedulerThread schedule Group [ 4 ], select( 10 clients):
26 | 28 | 41 | 42 | 45 | 48 | 56 | 61 | 64 | 71 |
-----------------------------------------------------------------Schedule complete
Client 28 trained
Client 28 uploaded
Client 71 trained
Client 71 uploaded
Client 56 trained
Client 56 uploaded
Client 42 trained
Client 42 uploaded
Client 26 trained
Client 26 uploaded
Client 45 trained
Client 45 uploaded
Client 64 trained
Client 64 uploaded
Client 48 trained
Client 48 uploaded
Client 61 trained
Client 61 uploaded
Client 41 trained
Client 41 uploaded
Epoch(t): 88 accuracy: 75.86 loss 0.6286989641189575 run_time: 135.7881064414978
| current_epoch 89 |. Begin client select
SchedulerThread schedule Group [ 3 ], select( 10 clients):
3 | 19 | 40 | 47 | 49 | 52 | 72 | 73 | 79 | 80 |
-----------------------------------------------------------------Schedule complete
Client 72 trained
Client 72 uploaded
Client 80 trained
Client 80 uploaded
Client 47 trained
Client 47 uploaded
Client 73 trained
Client 73 uploaded
Client 40 trained
Client 40 uploaded
Client 19 trained
Client 19 uploaded
Client 52 trained
Client 52 uploaded
Client 79 trained
Client 79 uploaded
Client 3 trained
Client 3 uploaded
Client 49 trained
Client 49 uploaded
Epoch(t): 89 accuracy: 74.65 loss 0.6344822773337364 run_time: 137.1488959789276
| current_epoch 90 |. Begin client select
SchedulerThread schedule Group [ 6 ], select( 12 clients):
16 | 23 | 27 | 33 | 43 | 46 | 51 | 74 | 81 | 82 | 86 | 93 |
-----------------------------------------------------------------Schedule complete
Client 43 trained
Client 43 uploaded
Client 16 trained
Client 16 uploaded
Client 86 trained
Client 86 uploaded
Client 27 trained
Client 27 uploaded
Client 93 trained
Client 93 uploaded
Client 23 trained
Client 23 uploaded
Client 46 trained
Client 46 uploaded
Client 74 trained
Client 74 uploaded
Client 33 trained
Client 33 uploaded
Client 82 trained
Client 82 uploaded
Client 81 trained
Client 81 uploaded
Client 51 trained
Client 51 uploaded
Epoch(t): 90 accuracy: 74.52 loss 0.6466404604911804 run_time: 138.7319221496582
| current_epoch 91 |. Begin client select
SchedulerThread schedule Group [ 7 ], select( 11 clients):
2 | 6 | 22 | 34 | 39 | 54 | 83 | 90 | 94 | 97 | 99 |
-----------------------------------------------------------------Schedule complete
Client 6 trained
Client 6 uploaded
Client 90 trained
Client 90 uploaded
Client 2 trained
Client 2 uploaded
Client 83 trained
Client 83 uploaded
Client 34 trained
Client 34 uploaded
Client 99 trained
Client 99 uploaded
Client 22 trained
Client 22 uploaded
Client 54 trained
Client 54 uploaded
Client 94 trained
Client 94 uploaded
Client 39 trained
Client 39 uploaded
Client 97 trained
Client 97 uploaded
Epoch(t): 91 accuracy: 76.0 loss 0.6223606315255165 run_time: 140.2391541004181
| current_epoch 92 |. Begin client select
SchedulerThread schedule Group [ 6 ], select( 12 clients):
16 | 23 | 27 | 33 | 43 | 46 | 51 | 74 | 81 | 82 | 86 | 93 |
-----------------------------------------------------------------Schedule complete
Client 43 trained
Client 43 uploaded
Client 27 trained
Client 27 uploaded
Client 93 trained
Client 93 uploaded
Client 16 trained
Client 16 uploaded
Client 86 trained
Client 86 uploaded
Client 23 trained
Client 23 uploaded
Client 33 trained
Client 33 uploaded
Client 74 trained
Client 74 uploaded
Client 46 trained
Client 46 uploaded
Client 81 trained
Client 81 uploaded
Client 51 trained
Client 51 uploaded
Client 82 trained
Client 82 uploaded
Epoch(t): 92 accuracy: 72.09 loss 0.6819663316011428 run_time: 141.7518482208252
| current_epoch 93 |. Begin client select
SchedulerThread schedule Group [ 5 ], select( 10 clients):
9 | 13 | 15 | 24 | 25 | 36 | 50 | 53 | 69 | 88 |
-----------------------------------------------------------------Schedule complete
Client 25 trained
Client 25 uploaded
Client 50 trained
Client 50 uploaded
Client 53 trained
Client 53 uploaded
Client 9 trained
Client 9 uploaded
Client 36 trained
Client 36 uploaded
Client 69 trained
Client 69 uploaded
Client 13 trained
Client 13 uploaded
Client 15 trained
Client 15 uploaded
Client 88 trained
Client 88 uploaded
Client 24 trained
Client 24 uploaded
Epoch(t): 93 accuracy: 76.38 loss 0.6010344755649567 run_time: 143.23000860214233
| current_epoch 94 |. Begin client select
SchedulerThread schedule Group [ 0 ], select( 11 clients):
11 | 29 | 32 | 35 | 57 | 58 | 65 | 67 | 77 | 78 | 98 |
-----------------------------------------------------------------Schedule complete
Client 58 trained
Client 58 uploaded
Client 57 trained
Client 57 uploaded
Client 78 trained
Client 78 uploaded
Client 35 trained
Client 35 uploaded
Client 11 trained
Client 11 uploaded
Client 65 trained
Client 65 uploaded
Client 32 trained
Client 32 uploaded
Client 29 trained
Client 29 uploaded
Client 67 trained
Client 67 uploaded
Client 77 trained
Client 77 uploaded
Client 98 trained
Client 98 uploaded
Epoch(t): 94 accuracy: 75.11 loss 0.655213414132595 run_time: 144.7981321811676
| current_epoch 95 |. Begin client select
SchedulerThread schedule Group [ 6 ], select( 12 clients):
16 | 23 | 27 | 33 | 43 | 46 | 51 | 74 | 81 | 82 | 86 | 93 |
-----------------------------------------------------------------Schedule complete
Client 43 trained
Client 43 uploaded
Client 27 trained
Client 27 uploaded
Client 16 trained
Client 16 uploaded
Client 93 trained
Client 93 uploaded
Client 86 trained
Client 86 uploaded
Client 23 trained
Client 23 uploaded
Client 46 trained
Client 46 uploaded
Client 74 trained
Client 74 uploaded
Client 33 trained
Client 33 uploaded
Client 81 trained
Client 81 uploaded
Client 51 trained
Client 51 uploaded
Client 82 trained
Client 82 uploaded
Epoch(t): 95 accuracy: 75.28 loss 0.6364757913351059 run_time: 146.35904932022095
| current_epoch 96 |. Begin client select
SchedulerThread schedule Group [ 9 ], select( 8 clients):
12 | 21 | 55 | 63 | 68 | 75 | 87 | 95 |
-----------------------------------------------------------------Schedule complete
Client 95 trained
Client 95 uploaded
Client 55 trained
Client 55 uploaded
Client 75 trained
Client 75 uploaded
Client 68 trained
Client 68 uploaded
Client 21 trained
Client 21 uploaded
Client 12 trained
Client 12 uploaded
Client 63 trained
Client 63 uploaded
Client 87 trained
Client 87 uploaded
Epoch(t): 96 accuracy: 77.85 loss 0.5943786850571633 run_time: 147.79554677009583
| current_epoch 97 |. Begin client select
SchedulerThread schedule Group [ 6 ], select( 12 clients):
16 | 23 | 27 | 33 | 43 | 46 | 51 | 74 | 81 | 82 | 86 | 93 |
-----------------------------------------------------------------Schedule complete
Client 43 trained
Client 43 uploaded
Client 93 trained
Client 93 uploaded
Client 27 trained
Client 27 uploaded
Client 16 trained
Client 16 uploaded
Client 86 trained
Client 86 uploaded
Client 23 trained
Client 23 uploaded
Client 46 trained
Client 46 uploaded
Client 82 trained
Client 82 uploaded
Client 51 trained
Client 51 uploaded
Client 81 trained
Client 81 uploaded
Client 33 trained
Client 74 trained
Client 33 uploaded
Client 74 uploaded
Epoch(t): 97 accuracy: 75.19 loss 0.6291329339146614 run_time: 149.55018711090088
| current_epoch 98 |. Begin client select
SchedulerThread schedule Group [ 2 ], select( 10 clients):
4 | 7 | 10 | 18 | 20 | 31 | 38 | 60 | 84 | 89 |
-----------------------------------------------------------------Schedule complete
Client 31 trained
Client 31 uploaded
Client 84 trained
Client 84 uploaded
Client 38 trained
Client 38 uploaded
Client 7 trained
Client 7 uploaded
Client 60 trained
Client 60 uploaded
Client 20 trained
Client 20 uploaded
Client 10 trained
Client 10 uploaded
Client 4 trained
Client 4 uploaded
Client 18 trained
Client 18 uploaded
Client 89 trained
Client 89 uploaded
Epoch(t): 98 accuracy: 75.35 loss 0.6321962952613831 run_time: 150.92784976959229
| current_epoch 99 |. Begin client select
SchedulerThread schedule Group [ 1 ], select( 9 clients):
0 | 14 | 17 | 30 | 66 | 70 | 76 | 92 | 96 |
-----------------------------------------------------------------Schedule complete
Client 14 trained
Client 14 uploaded
Client 76 trained
Client 76 uploaded
Client 70 trained
Client 70 uploaded
Client 96 trained
Client 96 uploaded
Client 92 trained
Client 92 uploaded
Client 66 trained
Client 66 uploaded
Client 0 trained
Client 0 uploaded
Client 17 trained
Client 17 uploaded
Client 30 trained
Client 30 uploaded
Epoch(t): 99 accuracy: 76.69 loss 0.6265463298559188 run_time: 152.38733887672424
| current_epoch 100 |. Begin client select
SchedulerThread schedule Group [ 6 ], select( 12 clients):
16 | 23 | 27 | 33 | 43 | 46 | 51 | 74 | 81 | 82 | 86 | 93 |
-----------------------------------------------------------------Schedule complete
Client 43 trained
Client 43 uploaded
Client 27 trained
Client 27 uploaded
Client 93 trained
Client 93 uploaded
Client 16 trained
Client 16 uploaded
Client 86 trained
Client 86 uploaded
Client 23 trained
Client 23 uploaded
Client 33 trained
Client 33 uploaded
Client 46 trained
Client 46 uploaded
Client 51 trained
Client 51 uploaded
Client 82 trained
Client 82 uploaded
Client 74 trained
Client 74 uploaded
Client 81 trained
Client 81 uploaded
Epoch(t): 100 accuracy: 74.91 loss 0.6320043751597404 run_time: 153.9945352077484
| current_epoch 101 |. Begin client select
SchedulerThread schedule Group [ 8 ], select( 9 clients):
1 | 5 | 8 | 37 | 44 | 59 | 62 | 85 | 91 |
-----------------------------------------------------------------Schedule complete
Client 5 trained
Client 5 uploaded
Client 8 trained
Client 8 uploaded
Client 37 trained
Client 37 uploaded
Client 44 trained
Client 44 uploaded
Client 1 trained
Client 1 uploaded
Client 62 trained
Client 62 uploaded
Client 91 trained
Client 91 uploaded
Client 85 trained
Client 85 uploaded
Client 59 trained
Client 59 uploaded
Epoch(t): 101 accuracy: 71.99 loss 0.6769561550021171 run_time: 155.3422257900238
| current_epoch 102 |. Begin client select
SchedulerThread schedule Group [ 6 ], select( 12 clients):
16 | 23 | 27 | 33 | 43 | 46 | 51 | 74 | 81 | 82 | 86 | 93 |
-----------------------------------------------------------------Schedule complete
Client 43 trained
Client 43 uploaded
Client 16 trained
Client 16 uploaded
Client 86 trained
Client 86 uploaded
Client 93 trained
Client 93 uploaded
Client 23 trained
Client 23 uploaded
Client 27 trained
Client 27 uploaded
Client 33 trained
Client 33 uploaded
Client 46 trained
Client 46 uploaded
Client 81 trained
Client 81 uploaded
Client 74 trained
Client 74 uploaded
Client 82 trained
Client 82 uploaded
Client 51 trained
Client 51 uploaded
Epoch(t): 102 accuracy: 74.93 loss 0.6300392627716065 run_time: 156.8935739994049
| current_epoch 103 |. Begin client select
SchedulerThread schedule Group [ 6 ], select( 12 clients):
16 | 23 | 27 | 33 | 43 | 46 | 51 | 74 | 81 | 82 | 86 | 93 |
-----------------------------------------------------------------Schedule complete
Client 43 trained
Client 43 uploaded
Client 16 trained
Client 16 uploaded
Client 93 trained
Client 93 uploaded
Client 86 trained
Client 86 uploaded
Client 27 trained
Client 27 uploaded
Client 23 trained
Client 23 uploaded
Client 46 trained
Client 46 uploaded
Client 51 trained
Client 51 uploaded
Client 82 trained
Client 82 uploaded
Client 81 trained
Client 81 uploaded
Client 33 trained
Client 33 uploaded
Client 74 trained
Client 74 uploaded
Epoch(t): 103 accuracy: 75.61 loss 0.6317217412590981 run_time: 158.76746320724487
| current_epoch 104 |. Begin client select
SchedulerThread schedule Group [ 7 ], select( 11 clients):
2 | 6 | 22 | 34 | 39 | 54 | 83 | 90 | 94 | 97 | 99 |
-----------------------------------------------------------------Schedule complete
Client 6 trained
Client 6 uploaded
Client 90 trained
Client 90 uploaded
Client 2 trained
Client 2 uploaded
Client 83 trained
Client 83 uploaded
Client 99 trained
Client 99 uploaded
Client 34 trained
Client 34 uploaded
Client 54 trained
Client 54 uploaded
Client 22 trained
Client 22 uploaded
Client 94 trained
Client 94 uploaded
Client 39 trained
Client 39 uploaded
Client 97 trained
Client 97 uploaded
Epoch(t): 104 accuracy: 77.06 loss 0.595206535756588 run_time: 160.27490401268005
| current_epoch 105 |. Begin client select
SchedulerThread schedule Group [ 3 ], select( 10 clients):
3 | 19 | 40 | 47 | 49 | 52 | 72 | 73 | 79 | 80 |
-----------------------------------------------------------------Schedule complete
Client 72 trained
Client 72 uploaded
Client 40 trained
Client 40 uploaded
Client 47 trained
Client 47 uploaded
Client 73 trained
Client 73 uploaded
Client 80 trained
Client 80 uploaded
Client 19 trained
Client 19 uploaded
Client 3 trained
Client 3 uploaded
Client 49 trained
Client 49 uploaded
Client 79 trained
Client 79 uploaded
Client 52 trained
Client 52 uploaded
Epoch(t): 105 accuracy: 76.97 loss 0.5913855874538422 run_time: 161.70471167564392
| current_epoch 106 |. Begin client select
SchedulerThread schedule Group [ 4 ], select( 10 clients):
26 | 28 | 41 | 42 | 45 | 48 | 56 | 61 | 64 | 71 |
-----------------------------------------------------------------Schedule complete
Client 28 trained
Client 28 uploaded
Client 71 trained
Client 71 uploaded
Client 56 trained
Client 56 uploaded
Client 42 trained
Client 42 uploaded
Client 26 trained
Client 26 uploaded
Client 64 trained
Client 64 uploaded
Client 45 trained
Client 45 uploaded
Client 48 trained
Client 48 uploaded
Client 41 trained
Client 41 uploaded
Client 61 trained
Client 61 uploaded
Epoch(t): 106 accuracy: 77.29 loss 0.6012733274698258 run_time: 163.07768869400024
| current_epoch 107 |. Begin client select
SchedulerThread schedule Group [ 6 ], select( 12 clients):
16 | 23 | 27 | 33 | 43 | 46 | 51 | 74 | 81 | 82 | 86 | 93 |
-----------------------------------------------------------------Schedule complete
Client 43 trained
Client 43 uploaded
Client 16 trained
Client 16 uploaded
Client 93 trained
Client 93 uploaded
Client 27 trained
Client 27 uploaded
Client 86 trained
Client 86 uploaded
Client 23 trained
Client 23 uploaded
Client 46 trained
Client 46 uploaded
Client 74 trained
Client 74 uploaded
Client 82 trained
Client 82 uploaded
Client 51 trained
Client 51 uploaded
Client 81 trained
Client 81 uploaded
Client 33 trained
Client 33 uploaded
Epoch(t): 107 accuracy: 74.22 loss 0.6398805609345436 run_time: 164.62994408607483
| current_epoch 108 |. Begin client select
SchedulerThread schedule Group [ 5 ], select( 10 clients):
9 | 13 | 15 | 24 | 25 | 36 | 50 | 53 | 69 | 88 |
-----------------------------------------------------------------Schedule complete
Client 25 trained
Client 25 uploaded
Client 53 trained
Client 53 uploaded
Client 50 trained
Client 50 uploaded
Client 36 trained
Client 36 uploaded
Client 9 trained
Client 9 uploaded
Client 69 trained
Client 69 uploaded
Client 13 trained
Client 13 uploaded
Client 88 trained
Client 88 uploaded
Client 15 trained
Client 15 uploaded
Client 24 trained
Client 24 uploaded
Epoch(t): 108 accuracy: 77.1 loss 0.5830588975548744 run_time: 166.30694365501404
| current_epoch 109 |. Begin client select
SchedulerThread schedule Group [ 9 ], select( 8 clients):
12 | 21 | 55 | 63 | 68 | 75 | 87 | 95 |
-----------------------------------------------------------------Schedule complete
Client 95 trained
Client 95 uploaded
Client 55 trained
Client 55 uploaded
Client 12 trained
Client 12 uploaded
Client 75 trained
Client 75 uploaded
Client 68 trained
Client 68 uploaded
Client 21 trained
Client 21 uploaded
Client 63 trained
Client 63 uploaded
Client 87 trained
Client 87 uploaded
Epoch(t): 109 accuracy: 78.4 loss 0.5819466057419777 run_time: 167.74041366577148
| current_epoch 110 |. Begin client select
SchedulerThread schedule Group [ 0 ], select( 11 clients):
11 | 29 | 32 | 35 | 57 | 58 | 65 | 67 | 77 | 78 | 98 |
-----------------------------------------------------------------Schedule complete
Client 57 trained
Client 57 uploaded
Client 58 trained
Client 58 uploaded
Client 35 trained
Client 35 uploaded
Client 78 trained
Client 78 uploaded
Client 29 trained
Client 29 uploaded
Client 11 trained
Client 11 uploaded
Client 77 trained
Client 77 uploaded
Client 98 trained
Client 98 uploaded
Client 32 trained
Client 32 uploaded
Client 65 trained
Client 65 uploaded
Client 67 trained
Client 67 uploaded
Epoch(t): 110 accuracy: 75.97 loss 0.6205259785056114 run_time: 169.35884809494019
| current_epoch 111 |. Begin client select
SchedulerThread schedule Group [ 6 ], select( 12 clients):
16 | 23 | 27 | 33 | 43 | 46 | 51 | 74 | 81 | 82 | 86 | 93 |
-----------------------------------------------------------------Schedule complete
Client 43 trained
Client 43 uploaded
Client 27 trained
Client 27 uploaded
Client 93 trained
Client 93 uploaded
Client 16 trained
Client 16 uploaded
Client 86 trained
Client 86 uploaded
Client 23 trained
Client 23 uploaded
Client 74 trained
Client 74 uploaded
Client 46 trained
Client 46 uploaded
Client 33 trained
Client 33 uploaded
Client 51 trained
Client 51 uploaded
Client 82 trained
Client 82 uploaded
Client 81 trained
Client 81 uploaded
Epoch(t): 111 accuracy: 76.11 loss 0.6094715455174446 run_time: 170.9545111656189
| current_epoch 112 |. Begin client select
SchedulerThread schedule Group [ 6 ], select( 12 clients):
16 | 23 | 27 | 33 | 43 | 46 | 51 | 74 | 81 | 82 | 86 | 93 |
-----------------------------------------------------------------Schedule complete
Client 43 trained
Client 43 uploaded
Client 93 trained
Client 93 uploaded
Client 27 trained
Client 27 uploaded
Client 16 trained
Client 16 uploaded
Client 86 trained
Client 86 uploaded
Client 23 trained
Client 23 uploaded
Client 46 trained
Client 46 uploaded
Client 33 trained
Client 33 uploaded
Client 82 trained
Client 82 uploaded
Client 74 trained
Client 74 uploaded
Client 51 trained
Client 51 uploaded
Client 81 trained
Client 81 uploaded
Epoch(t): 112 accuracy: 75.43 loss 0.6213700529932976 run_time: 172.5402271747589
| current_epoch 113 |. Begin client select
SchedulerThread schedule Group [ 2 ], select( 10 clients):
4 | 7 | 10 | 18 | 20 | 31 | 38 | 60 | 84 | 89 |
-----------------------------------------------------------------Schedule complete
Client 31 trained
Client 31 uploaded
Client 84 trained
Client 84 uploaded
Client 38 trained
Client 38 uploaded
Client 60 trained
Client 60 uploaded
Client 7 trained
Client 7 uploaded
Client 20 trained
Client 20 uploaded
Client 4 trained
Client 4 uploaded
Client 10 trained
Client 10 uploaded
Client 89 trained
Client 89 uploaded
Client 18 trained
Client 18 uploaded
Epoch(t): 113 accuracy: 76.86 loss 0.6001233774423599 run_time: 174.0398850440979
| current_epoch 114 |. Begin client select
SchedulerThread schedule Group [ 7 ], select( 11 clients):
2 | 6 | 22 | 34 | 39 | 54 | 83 | 90 | 94 | 97 | 99 |
-----------------------------------------------------------------Schedule complete
Client 2 trained
Client 2 uploaded
Client 90 trained
Client 90 uploaded
Client 6 trained
Client 6 uploaded
Client 83 trained
Client 83 uploaded
Client 99 trained
Client 99 uploaded
Client 34 trained
Client 34 uploaded
Client 54 trained
Client 54 uploaded
Client 22 trained
Client 22 uploaded
Client 97 trained
Client 97 uploaded
Client 94 trained
Client 94 uploaded
Client 39 trained
Client 39 uploaded
Epoch(t): 114 accuracy: 77.93 loss 0.5764128059148789 run_time: 175.62149119377136
| current_epoch 115 |. Begin client select
SchedulerThread schedule Group [ 6 ], select( 12 clients):
16 | 23 | 27 | 33 | 43 | 46 | 51 | 74 | 81 | 82 | 86 | 93 |
-----------------------------------------------------------------Schedule complete
Client 43 trained
Client 43 uploaded
Client 93 trained
Client 93 uploaded
Client 27 trained
Client 27 uploaded
Client 16 trained
Client 16 uploaded
Client 86 trained
Client 86 uploaded
Client 23 trained
Client 23 uploaded
Client 46 trained
Client 46 uploaded
Client 33 trained
Client 33 uploaded
Client 51 trained
Client 81 trained
Client 51 uploaded
Client 81 uploaded
Client 82 trained
Client 82 uploaded
Client 74 trained
Client 74 uploaded
Epoch(t): 115 accuracy: 75.54 loss 0.6181974059343338 run_time: 177.2418978214264
| current_epoch 116 |. Begin client select
SchedulerThread schedule Group [ 8 ], select( 9 clients):
1 | 5 | 8 | 37 | 44 | 59 | 62 | 85 | 91 |
-----------------------------------------------------------------Schedule complete
Client 5 trained
Client 5 uploaded
Client 44 trained
Client 44 uploaded
Client 8 trained
Client 8 uploaded
Client 37 trained
Client 37 uploaded
Client 1 trained
Client 1 uploaded
Client 85 trained
Client 85 uploaded
Client 62 trained
Client 62 uploaded
Client 59 trained
Client 59 uploaded
Client 91 trained
Client 91 uploaded
Epoch(t): 116 accuracy: 73.47 loss 0.6503196173906326 run_time: 178.54870200157166
| current_epoch 117 |. Begin client select
SchedulerThread schedule Group [ 6 ], select( 12 clients):
16 | 23 | 27 | 33 | 43 | 46 | 51 | 74 | 81 | 82 | 86 | 93 |
-----------------------------------------------------------------Schedule complete
Client 43 trained
Client 43 uploaded
Client 93 trained
Client 93 uploaded
Client 16 trained
Client 16 uploaded
Client 86 trained
Client 86 uploaded
Client 27 trained
Client 27 uploaded
Client 23 trained
Client 23 uploaded
Client 74 trained
Client 74 uploaded
Client 82 trained
Client 82 uploaded
Client 46 trained
Client 46 uploaded
Client 33 trained
Client 33 uploaded
Client 51 trained
Client 51 uploaded
Client 81 trained
Client 81 uploaded
Epoch(t): 117 accuracy: 76.62 loss 0.5913874462246895 run_time: 180.10082149505615
| current_epoch 118 |. Begin client select
SchedulerThread schedule Group [ 6 ], select( 12 clients):
16 | 23 | 27 | 33 | 43 | 46 | 51 | 74 | 81 | 82 | 86 | 93 |
-----------------------------------------------------------------Schedule complete
Client 43 trained
Client 43 uploaded
Client 27 trained
Client 27 uploaded
Client 93 trained
Client 93 uploaded
Client 16 trained
Client 16 uploaded
Client 86 trained
Client 86 uploaded
Client 33 trained
Client 33 uploaded
Client 23 trained
Client 23 uploaded
Client 46 trained
Client 46 uploaded
Client 51 trained
Client 51 uploaded
Client 81 trained
Client 81 uploaded
Client 82 trained
Client 82 uploaded
Client 74 trained
Client 74 uploaded
Epoch(t): 118 accuracy: 75.88 loss 0.6138052275776863 run_time: 181.70573472976685
| current_epoch 119 |. Begin client select
SchedulerThread schedule Group [ 3 ], select( 10 clients):
3 | 19 | 40 | 47 | 49 | 52 | 72 | 73 | 79 | 80 |
-----------------------------------------------------------------Schedule complete
Client 72 trained
Client 72 uploaded
Client 73 trained
Client 73 uploaded
Client 47 trained
Client 47 uploaded
Client 40 trained
Client 40 uploaded
Client 80 trained
Client 80 uploaded
Client 19 trained
Client 19 uploaded
Client 52 trained
Client 52 uploaded
Client 79 trained
Client 79 uploaded
Client 3 trained
Client 3 uploaded
Client 49 trained
Client 49 uploaded
Epoch(t): 119 accuracy: 78.76 loss 0.559439092874527 run_time: 183.18693161010742
| current_epoch 120 |. Begin client select
SchedulerThread schedule Group [ 9 ], select( 8 clients):
12 | 21 | 55 | 63 | 68 | 75 | 87 | 95 |
-----------------------------------------------------------------Schedule complete
Client 95 trained
Client 95 uploaded
Client 12 trained
Client 12 uploaded
Client 55 trained
Client 55 uploaded
Client 68 trained
Client 68 uploaded
Client 21 trained
Client 21 uploaded
Client 63 trained
Client 63 uploaded
Client 87 trained
Client 75 trained
Client 87 uploaded
Client 75 uploaded
Epoch(t): 120 accuracy: 79.08 loss 0.5622009754180908 run_time: 184.50824332237244
| current_epoch 121 |. Begin client select
SchedulerThread schedule Group [ 6 ], select( 12 clients):
16 | 23 | 27 | 33 | 43 | 46 | 51 | 74 | 81 | 82 | 86 | 93 |
-----------------------------------------------------------------Schedule complete
Client 43 trained
Client 43 uploaded
Client 93 trained
Client 93 uploaded
Client 27 trained
Client 27 uploaded
Client 16 trained
Client 16 uploaded
Client 86 trained
Client 86 uploaded
Client 23 trained
Client 23 uploaded
Client 74 trained
Client 74 uploaded
Client 46 trained
Client 46 uploaded
Client 33 trained
Client 33 uploaded
Client 82 trained
Client 82 uploaded
Client 51 trained
Client 51 uploaded
Client 81 trained
Client 81 uploaded
Epoch(t): 121 accuracy: 76.52 loss 0.6017620196938515 run_time: 186.00857186317444
| current_epoch 122 |. Begin client select
SchedulerThread schedule Group [ 1 ], select( 9 clients):
0 | 14 | 17 | 30 | 66 | 70 | 76 | 92 | 96 |
-----------------------------------------------------------------Schedule complete
Client 76 trained
Client 76 uploaded
Client 70 trained
Client 70 uploaded
Client 96 trained
Client 96 uploaded
Client 92 trained
Client 92 uploaded
Client 17 trained
Client 17 uploaded
Client 66 trained
Client 66 uploaded
Client 30 trained
Client 30 uploaded
Client 0 trained
Client 0 uploaded
Client 14 trained
Client 14 uploaded
Epoch(t): 122 accuracy: 78.14 loss 0.5832298061251641 run_time: 187.40424466133118
| current_epoch 123 |. Begin client select
SchedulerThread schedule Group [ 5 ], select( 10 clients):
9 | 13 | 15 | 24 | 25 | 36 | 50 | 53 | 69 | 88 |
-----------------------------------------------------------------Schedule complete
Client 25 trained
Client 25 uploaded
Client 53 trained
Client 53 uploaded
Client 50 trained
Client 50 uploaded
Client 69 trained
Client 69 uploaded
Client 9 trained
Client 9 uploaded
Client 13 trained
Client 13 uploaded
Client 36 trained
Client 36 uploaded
Client 88 trained
Client 88 uploaded
Client 15 trained
Client 15 uploaded
Client 24 trained
Client 24 uploaded
Epoch(t): 123 accuracy: 77.67 loss 0.5721658650040626 run_time: 188.7945122718811
| current_epoch 124 |. Begin client select
SchedulerThread schedule Group [ 0 ], select( 11 clients):
11 | 29 | 32 | 35 | 57 | 58 | 65 | 67 | 77 | 78 | 98 |
-----------------------------------------------------------------Schedule complete
Client 57 trained
Client 57 uploaded
Client 58 trained
Client 58 uploaded
Client 11 trained
Client 11 uploaded
Client 78 trained
Client 78 uploaded
Client 29 trained
Client 29 uploaded
Client 35 trained
Client 35 uploaded
Client 32 trained
Client 32 uploaded
Client 65 trained
Client 65 uploaded
Client 67 trained
Client 67 uploaded
Client 98 trained
Client 98 uploaded
Client 77 trained
Client 77 uploaded
Epoch(t): 124 accuracy: 76.76 loss 0.601608552634716 run_time: 190.2684452533722
| current_epoch 125 |. Begin client select
SchedulerThread schedule Group [ 6 ], select( 12 clients):
16 | 23 | 27 | 33 | 43 | 46 | 51 | 74 | 81 | 82 | 86 | 93 |
-----------------------------------------------------------------Schedule complete
Client 81 trained
Client 81 uploaded
Client 43 trained
Client 43 uploaded
Client 93 trained
Client 93 uploaded
Client 16 trained
Client 16 uploaded
Client 27 trained
Client 27 uploaded
Client 86 trained
Client 86 uploaded
Client 23 trained
Client 23 uploaded
Client 82 trained
Client 82 uploaded
Client 51 trained
Client 51 uploaded
Client 46 trained
Client 46 uploaded
Client 33 trained
Client 33 uploaded
Client 74 trained
Client 74 uploaded
Epoch(t): 125 accuracy: 77.19 loss 0.5833310279250145 run_time: 191.71734380722046
| current_epoch 126 |. Begin client select
SchedulerThread schedule Group [ 4 ], select( 10 clients):
26 | 28 | 41 | 42 | 45 | 48 | 56 | 61 | 64 | 71 |
-----------------------------------------------------------------Schedule complete
Client 28 trained
Client 28 uploaded
Client 71 trained
Client 71 uploaded
Client 56 trained
Client 56 uploaded
Client 42 trained
Client 42 uploaded
Client 64 trained
Client 64 uploaded
Client 26 trained
Client 26 uploaded
Client 45 trained
Client 45 uploaded
Client 48 trained
Client 48 uploaded
Client 41 trained
Client 41 uploaded
Client 61 trained
Client 61 uploaded
Epoch(t): 126 accuracy: 79.22 loss 0.5633841553330421 run_time: 193.14102411270142
| current_epoch 127 |. Begin client select
SchedulerThread schedule Group [ 6 ], select( 12 clients):
16 | 23 | 27 | 33 | 43 | 46 | 51 | 74 | 81 | 82 | 86 | 93 |
-----------------------------------------------------------------Schedule complete
Client 43 trained
Client 43 uploaded
Client 27 trained
Client 27 uploaded
Client 16 trained
Client 16 uploaded
Client 93 trained
Client 93 uploaded
Client 86 trained
Client 86 uploaded
Client 23 trained
Client 23 uploaded
Client 33 trained
Client 33 uploaded
Client 46 trained
Client 46 uploaded
Client 82 trained
Client 82 uploaded
Client 81 trained
Client 81 uploaded
Client 74 trained
Client 74 uploaded
Client 51 trained
Client 51 uploaded
Epoch(t): 127 accuracy: 77.91 loss 0.5758489352464676 run_time: 194.66258597373962
| current_epoch 128 |. Begin client select
SchedulerThread schedule Group [ 2 ], select( 10 clients):
4 | 7 | 10 | 18 | 20 | 31 | 38 | 60 | 84 | 89 |
-----------------------------------------------------------------Schedule complete
Client 84 trained
Client 84 uploaded
Client 31 trained
Client 31 uploaded
Client 38 trained
Client 38 uploaded
Client 7 trained
Client 7 uploaded
Client 60 trained
Client 60 uploaded
Client 20 trained
Client 20 uploaded
Client 10 trained
Client 10 uploaded
Client 4 trained
Client 4 uploaded
Client 89 trained
Client 89 uploaded
Client 18 trained
Client 18 uploaded
Epoch(t): 128 accuracy: 77.16 loss 0.5889828255772591 run_time: 196.24188446998596
| current_epoch 129 |. Begin client select
SchedulerThread schedule Group [ 7 ], select( 11 clients):
2 | 6 | 22 | 34 | 39 | 54 | 83 | 90 | 94 | 97 | 99 |
-----------------------------------------------------------------Schedule complete
Client 6 trained
Client 6 uploaded
Client 90 trained
Client 90 uploaded
Client 2 trained
Client 2 uploaded
Client 83 trained
Client 83 uploaded
Client 99 trained
Client 99 uploaded
Client 34 trained
Client 34 uploaded
Client 54 trained
Client 54 uploaded
Client 22 trained
Client 22 uploaded
Client 97 trained
Client 97 uploaded
Client 94 trained
Client 94 uploaded
Client 39 trained
Client 39 uploaded
Epoch(t): 129 accuracy: 79.43 loss 0.5486978551745415 run_time: 197.74432849884033
| current_epoch 130 |. Begin client select
SchedulerThread schedule Group [ 6 ], select( 12 clients):
16 | 23 | 27 | 33 | 43 | 46 | 51 | 74 | 81 | 82 | 86 | 93 |
-----------------------------------------------------------------Schedule complete
Client 43 trained
Client 43 uploaded
Client 27 trained
Client 27 uploaded
Client 16 trained
Client 16 uploaded
Client 93 trained
Client 93 uploaded
Client 86 trained
Client 86 uploaded
Client 46 trained
Client 46 uploaded
Client 23 trained
Client 23 uploaded
Client 82 trained
Client 82 uploaded
Client 81 trained
Client 81 uploaded
Client 33 trained
Client 33 uploaded
Client 51 trained
Client 51 uploaded
Client 74 trained
Client 74 uploaded
Epoch(t): 130 accuracy: 78.66 loss 0.5629496356844902 run_time: 199.47254610061646
| current_epoch 131 |. Begin client select
SchedulerThread schedule Group [ 9 ], select( 8 clients):
12 | 21 | 55 | 63 | 68 | 75 | 87 | 95 |
-----------------------------------------------------------------Schedule complete
Client 55 trained
Client 55 uploaded
Client 95 trained
Client 95 uploaded
Client 75 trained
Client 75 uploaded
Client 12 trained
Client 12 uploaded
Client 68 trained
Client 68 uploaded
Client 21 trained
Client 21 uploaded
Client 87 trained
Client 87 uploaded
Client 63 trained
Client 63 uploaded
Epoch(t): 131 accuracy: 79.23 loss 0.5508863815665245 run_time: 200.80072927474976
| current_epoch 132 |. Begin client select
SchedulerThread schedule Group [ 8 ], select( 9 clients):
1 | 5 | 8 | 37 | 44 | 59 | 62 | 85 | 91 |
-----------------------------------------------------------------Schedule complete
Client 5 trained
Client 5 uploaded
Client 8 trained
Client 8 uploaded
Client 37 trained
Client 37 uploaded
Client 44 trained
Client 44 uploaded
Client 85 trained
Client 85 uploaded
Client 62 trained
Client 62 uploaded
Client 59 trained
Client 59 uploaded
Client 91 trained
Client 91 uploaded
Client 1 trained
Client 1 uploaded
Epoch(t): 132 accuracy: 74.89 loss 0.6197221970558167 run_time: 202.29319715499878
| current_epoch 133 |. Begin client select
SchedulerThread schedule Group [ 6 ], select( 12 clients):
16 | 23 | 27 | 33 | 43 | 46 | 51 | 74 | 81 | 82 | 86 | 93 |
-----------------------------------------------------------------Schedule complete
Client 43 trained
Client 43 uploaded
Client 93 trained
Client 93 uploaded
Client 27 trained
Client 27 uploaded
Client 16 trained
Client 16 uploaded
Client 86 trained
Client 86 uploaded
Client 23 trained
Client 23 uploaded
Client 46 trained
Client 46 uploaded
Client 33 trained
Client 33 uploaded
Client 81 trained
Client 81 uploaded
Client 82 trained
Client 82 uploaded
Client 74 trained
Client 74 uploaded
Client 51 trained
Client 51 uploaded
Epoch(t): 133 accuracy: 79.08 loss 0.55206319719553 run_time: 204.1137993335724
| current_epoch 134 |. Begin client select
SchedulerThread schedule Group [ 6 ], select( 12 clients):
16 | 23 | 27 | 33 | 43 | 46 | 51 | 74 | 81 | 82 | 86 | 93 |
-----------------------------------------------------------------Schedule complete
Client 93 trained
Client 93 uploaded
Client 43 trained
Client 43 uploaded
Client 27 trained
Client 27 uploaded
Client 86 trained
Client 86 uploaded
Client 16 trained
Client 16 uploaded
Client 23 trained
Client 23 uploaded
Client 46 trained
Client 46 uploaded
Client 82 trained
Client 82 uploaded
Client 33 trained
Client 33 uploaded
Client 51 trained
Client 51 uploaded
Client 74 trained
Client 74 uploaded
Client 81 trained
Client 81 uploaded
Epoch(t): 134 accuracy: 77.89 loss 0.5682682743668557 run_time: 205.7188766002655
| current_epoch 135 |. Begin client select
SchedulerThread schedule Group [ 3 ], select( 10 clients):
3 | 19 | 40 | 47 | 49 | 52 | 72 | 73 | 79 | 80 |
-----------------------------------------------------------------Schedule complete
Client 72 trained
Client 72 uploaded
Client 73 trained
Client 73 uploaded
Client 47 trained
Client 47 uploaded
Client 40 trained
Client 40 uploaded
Client 80 trained
Client 80 uploaded
Client 19 trained
Client 19 uploaded
Client 79 trained
Client 79 uploaded
Client 52 trained
Client 52 uploaded
Client 3 trained
Client 3 uploaded
Client 49 trained
Client 49 uploaded
Epoch(t): 135 accuracy: 79.04 loss 0.5416418591141701 run_time: 207.2970006465912
| current_epoch 136 |. Begin client select
SchedulerThread schedule Group [ 0 ], select( 11 clients):
11 | 29 | 32 | 35 | 57 | 58 | 65 | 67 | 77 | 78 | 98 |
-----------------------------------------------------------------Schedule complete
Client 58 trained
Client 58 uploaded
Client 57 trained
Client 57 uploaded
Client 32 trained
Client 32 uploaded
Client 11 trained
Client 11 uploaded
Client 78 trained
Client 78 uploaded
Client 35 trained
Client 35 uploaded
Client 29 trained
Client 29 uploaded
Client 65 trained
Client 65 uploaded
Client 98 trained
Client 98 uploaded
Client 67 trained
Client 67 uploaded
Client 77 trained
Client 77 uploaded
Epoch(t): 136 accuracy: 77.74 loss 0.5803834953904152 run_time: 208.84433579444885
| current_epoch 137 |. Begin client select
SchedulerThread schedule Group [ 6 ], select( 12 clients):
16 | 23 | 27 | 33 | 43 | 46 | 51 | 74 | 81 | 82 | 86 | 93 |
-----------------------------------------------------------------Schedule complete
Client 43 trained
Client 43 uploaded
Client 93 trained
Client 93 uploaded
Client 16 trained
Client 16 uploaded
Client 86 trained
Client 86 uploaded
Client 27 trained
Client 27 uploaded
Client 23 trained
Client 23 uploaded
Client 46 trained
Client 46 uploaded
Client 33 trained
Client 33 uploaded
Client 51 trained
Client 51 uploaded
Client 81 trained
Client 81 uploaded
Client 82 trained
Client 82 uploaded
Client 74 trained
Client 74 uploaded
Epoch(t): 137 accuracy: 77.97 loss 0.5680455699563026 run_time: 210.34189343452454
| current_epoch 138 |. Begin client select
SchedulerThread schedule Group [ 5 ], select( 10 clients):
9 | 13 | 15 | 24 | 25 | 36 | 50 | 53 | 69 | 88 |
-----------------------------------------------------------------Schedule complete
Client 53 trained
Client 53 uploaded
Client 50 trained
Client 50 uploaded
Client 25 trained
Client 25 uploaded
Client 36 trained
Client 36 uploaded
Client 9 trained
Client 9 uploaded
Client 69 trained
Client 69 uploaded
Client 13 trained
Client 13 uploaded
Client 88 trained
Client 88 uploaded
Client 15 trained
Client 15 uploaded
Client 24 trained
Client 24 uploaded
Epoch(t): 138 accuracy: 79.47 loss 0.5325254869461059 run_time: 211.92250275611877
| current_epoch 139 |. Begin client select
SchedulerThread schedule Group [ 6 ], select( 12 clients):
16 | 23 | 27 | 33 | 43 | 46 | 51 | 74 | 81 | 82 | 86 | 93 |
-----------------------------------------------------------------Schedule complete
Client 43 trained
Client 43 uploaded
Client 93 trained
Client 93 uploaded
Client 27 trained
Client 27 uploaded
Client 16 trained
Client 16 uploaded
Client 86 trained
Client 86 uploaded
Client 23 trained
Client 23 uploaded
Client 46 trained
Client 46 uploaded
Client 33 trained
Client 33 uploaded
Client 74 trained
Client 74 uploaded
Client 81 trained
Client 81 uploaded
Client 82 trained
Client 82 uploaded
Client 51 trained
Client 51 uploaded
Epoch(t): 139 accuracy: 77.97 loss 0.567012123465538 run_time: 213.50383710861206
| current_epoch 140 |. Begin client select
SchedulerThread schedule Group [ 9 ], select( 8 clients):
12 | 21 | 55 | 63 | 68 | 75 | 87 | 95 |
-----------------------------------------------------------------Schedule complete
Client 55 trained
Client 55 uploaded
Client 95 trained
Client 95 uploaded
Client 87 trained
Client 87 uploaded
Client 12 trained
Client 12 uploaded
Client 68 trained
Client 68 uploaded
Client 21 trained
Client 21 uploaded
Client 75 trained
Client 75 uploaded
Client 63 trained
Client 63 uploaded
Epoch(t): 140 accuracy: 79.32 loss 0.5576588389277458 run_time: 214.83133244514465
| current_epoch 141 |. Begin client select
SchedulerThread schedule Group [ 7 ], select( 11 clients):
2 | 6 | 22 | 34 | 39 | 54 | 83 | 90 | 94 | 97 | 99 |
-----------------------------------------------------------------Schedule complete
Client 2 trained
Client 2 uploaded
Client 90 trained
Client 90 uploaded
Client 83 trained
Client 83 uploaded
Client 6 trained
Client 6 uploaded
Client 34 trained
Client 34 uploaded
Client 99 trained
Client 99 uploaded
Client 54 trained
Client 54 uploaded
Client 94 trained
Client 94 uploaded
Client 22 trained
Client 22 uploaded
Client 97 trained
Client 97 uploaded
Client 39 trained
Client 39 uploaded
Epoch(t): 141 accuracy: 80.0 loss 0.5374426233768463 run_time: 216.36732268333435
| current_epoch 142 |. Begin client select
SchedulerThread schedule Group [ 1 ], select( 9 clients):
0 | 14 | 17 | 30 | 66 | 70 | 76 | 92 | 96 |
-----------------------------------------------------------------Schedule complete
Client 76 trained
Client 76 uploaded
Client 96 trained
Client 96 uploaded
Client 70 trained
Client 70 uploaded
Client 17 trained
Client 17 uploaded
Client 92 trained
Client 92 uploaded
Client 66 trained
Client 66 uploaded
Client 30 trained
Client 30 uploaded
Client 14 trained
Client 14 uploaded
Client 0 trained
Client 0 uploaded
Epoch(t): 142 accuracy: 79.3 loss 0.5500850823521614 run_time: 217.86850595474243
| current_epoch 143 |. Begin client select
SchedulerThread schedule Group [ 6 ], select( 12 clients):
16 | 23 | 27 | 33 | 43 | 46 | 51 | 74 | 81 | 82 | 86 | 93 |
-----------------------------------------------------------------Schedule complete
Client 27 trained
Client 27 uploaded
Client 93 trained
Client 93 uploaded
Client 43 trained
Client 43 uploaded
Client 86 trained
Client 86 uploaded
Client 16 trained
Client 16 uploaded
Client 23 trained
Client 23 uploaded
Client 46 trained
Client 46 uploaded
Client 33 trained
Client 33 uploaded
Client 82 trained
Client 82 uploaded
Client 51 trained
Client 51 uploaded
Client 74 trained
Client 74 uploaded
Client 81 trained
Client 81 uploaded
Epoch(t): 143 accuracy: 77.98 loss 0.5642547282576561 run_time: 219.72451877593994
| current_epoch 144 |. Begin client select
SchedulerThread schedule Group [ 2 ], select( 10 clients):
4 | 7 | 10 | 18 | 20 | 31 | 38 | 60 | 84 | 89 |
-----------------------------------------------------------------Schedule complete
Client 84 trained
Client 84 uploaded
Client 38 trained
Client 38 uploaded
Client 31 trained
Client 31 uploaded
Client 7 trained
Client 7 uploaded
Client 60 trained
Client 60 uploaded
Client 20 trained
Client 20 uploaded
Client 10 trained
Client 10 uploaded
Client 4 trained
Client 4 uploaded
Client 89 trained
Client 89 uploaded
Client 18 trained
Client 18 uploaded
Epoch(t): 144 accuracy: 78.5 loss 0.5611590757966042 run_time: 221.29305958747864
| current_epoch 145 |. Begin client select
SchedulerThread schedule Group [ 4 ], select( 10 clients):
26 | 28 | 41 | 42 | 45 | 48 | 56 | 61 | 64 | 71 |
-----------------------------------------------------------------Schedule complete
Client 28 trained
Client 28 uploaded
Client 71 trained
Client 71 uploaded
Client 56 trained
Client 56 uploaded
Client 42 trained
Client 42 uploaded
Client 45 trained
Client 45 uploaded
Client 26 trained
Client 26 uploaded
Client 64 trained
Client 64 uploaded
Client 41 trained
Client 41 uploaded
Client 48 trained
Client 48 uploaded
Client 61 trained
Client 61 uploaded
Epoch(t): 145 accuracy: 80.49 loss 0.5388920074701309 run_time: 222.85083150863647
| current_epoch 146 |. Begin client select
SchedulerThread schedule Group [ 6 ], select( 12 clients):
16 | 23 | 27 | 33 | 43 | 46 | 51 | 74 | 81 | 82 | 86 | 93 |
-----------------------------------------------------------------Schedule complete
Client 43 trained
Client 43 uploaded
Client 16 trained
Client 16 uploaded
Client 27 trained
Client 27 uploaded
Client 93 trained
Client 93 uploaded
Client 86 trained
Client 86 uploaded
Client 23 trained
Client 23 uploaded
Client 46 trained
Client 46 uploaded
Client 33 trained
Client 74 trained
Client 82 trained
Client 74 uploaded
Client 82 uploaded
Client 33 uploaded
Client 81 trained
Client 81 uploaded
Client 51 trained
Client 51 uploaded
Epoch(t): 146 accuracy: 78.68 loss 0.5535283851623535 run_time: 224.61659932136536
| current_epoch 147 |. Begin client select
SchedulerThread schedule Group [ 0 ], select( 11 clients):
11 | 29 | 32 | 35 | 57 | 58 | 65 | 67 | 77 | 78 | 98 |
-----------------------------------------------------------------Schedule complete
Client 57 trained
Client 57 uploaded
Client 58 trained
Client 58 uploaded
Client 78 trained
Client 78 uploaded
Client 11 trained
Client 11 uploaded
Client 35 trained
Client 35 uploaded
Client 29 trained
Client 29 uploaded
Client 65 trained
Client 65 uploaded
Client 32 trained
Client 32 uploaded
Client 77 trained
Client 77 uploaded
Client 67 trained
Client 67 uploaded
Client 98 trained
Client 98 uploaded
Epoch(t): 147 accuracy: 77.82 loss 0.5793701735138893 run_time: 226.26910614967346
| current_epoch 148 |. Begin client select
SchedulerThread schedule Group [ 6 ], select( 12 clients):
16 | 23 | 27 | 33 | 43 | 46 | 51 | 74 | 81 | 82 | 86 | 93 |
-----------------------------------------------------------------Schedule complete
Client 43 trained
Client 43 uploaded
Client 27 trained
Client 27 uploaded
Client 93 trained
Client 93 uploaded
Client 16 trained
Client 16 uploaded
Client 86 trained
Client 86 uploaded
Client 46 trained
Client 46 uploaded
Client 23 trained
Client 23 uploaded
Client 81 trained
Client 81 uploaded
Client 82 trained
Client 82 uploaded
Client 74 trained
Client 74 uploaded
Client 33 trained
Client 33 uploaded
Client 51 trained
Client 51 uploaded
Epoch(t): 148 accuracy: 78.79 loss 0.553499308526516 run_time: 227.92437839508057
| current_epoch 149 |. Begin client select
SchedulerThread schedule Group [ 6 ], select( 12 clients):
16 | 23 | 27 | 33 | 43 | 46 | 51 | 74 | 81 | 82 | 86 | 93 |
-----------------------------------------------------------------Schedule complete
Client 43 trained
Client 43 uploaded
Client 93 trained
Client 93 uploaded
Client 27 trained
Client 27 uploaded
Client 16 trained
Client 16 uploaded
Client 86 trained
Client 86 uploaded
Client 23 trained
Client 23 uploaded
Client 33 trained
Client 33 uploaded
Client 81 trained
Client 81 uploaded
Client 46 trained
Client 46 uploaded
Client 51 trained
Client 51 uploaded
Client 82 trained
Client 82 uploaded
Client 74 trained
Client 74 uploaded
Epoch(t): 149 accuracy: 79.22 loss 0.5517577391862869 run_time: 229.714191198349
| current_epoch 150 |. Begin client select
SchedulerThread schedule Group [ 3 ], select( 10 clients):
3 | 19 | 40 | 47 | 49 | 52 | 72 | 73 | 79 | 80 |
-----------------------------------------------------------------Schedule complete
Client 72 trained
Client 72 uploaded
Client 73 trained
Client 73 uploaded
Client 47 trained
Client 47 uploaded
Client 40 trained
Client 40 uploaded
Client 80 trained
Client 80 uploaded
Client 19 trained
Client 19 uploaded
Client 3 trained
Client 3 uploaded
Client 79 trained
Client 79 uploaded
Client 52 trained
Client 52 uploaded
Client 49 trained
Client 49 uploaded
Epoch(t): 150 accuracy: 80.34 loss 0.520605575144291 run_time: 231.30186319351196
| current_epoch 151 |. Begin client select
SchedulerThread schedule Group [ 5 ], select( 10 clients):
9 | 13 | 15 | 24 | 25 | 36 | 50 | 53 | 69 | 88 |
-----------------------------------------------------------------Schedule complete
Client 25 trained
Client 25 uploaded
Client 50 trained
Client 50 uploaded
Client 53 trained
Client 53 uploaded
Client 36 trained
Client 36 uploaded
Client 9 trained
Client 9 uploaded
Client 13 trained
Client 13 uploaded
Client 69 trained
Client 69 uploaded
Client 88 trained
Client 88 uploaded
Client 15 trained
Client 15 uploaded
Client 24 trained
Client 24 uploaded
Epoch(t): 151 accuracy: 79.58 loss 0.5253100091218948 run_time: 232.76738095283508
| current_epoch 152 |. Begin client select
SchedulerThread schedule Group [ 8 ], select( 9 clients):
1 | 5 | 8 | 37 | 44 | 59 | 62 | 85 | 91 |
-----------------------------------------------------------------Schedule complete
Client 5 trained
Client 5 uploaded
Client 8 trained
Client 8 uploaded
Client 37 trained
Client 37 uploaded
Client 44 trained
Client 44 uploaded
Client 62 trained
Client 62 uploaded
Client 91 trained
Client 91 uploaded
Client 1 trained
Client 1 uploaded
Client 85 trained
Client 85 uploaded
Client 59 trained
Client 59 uploaded
Epoch(t): 152 accuracy: 77.3 loss 0.5744420877099037 run_time: 234.21867179870605
| current_epoch 153 |. Begin client select
SchedulerThread schedule Group [ 9 ], select( 8 clients):
12 | 21 | 55 | 63 | 68 | 75 | 87 | 95 |
-----------------------------------------------------------------Schedule complete
Client 95 trained
Client 95 uploaded
Client 55 trained
Client 55 uploaded
Client 87 trained
Client 87 uploaded
Client 12 trained
Client 12 uploaded
Client 68 trained
Client 68 uploaded
Client 21 trained
Client 21 uploaded
Client 75 trained
Client 75 uploaded
Client 63 trained
Client 63 uploaded
Epoch(t): 153 accuracy: 81.45 loss 0.517599583864212 run_time: 235.58124208450317
| current_epoch 154 |. Begin client select
SchedulerThread schedule Group [ 6 ], select( 12 clients):
16 | 23 | 27 | 33 | 43 | 46 | 51 | 74 | 81 | 82 | 86 | 93 |
-----------------------------------------------------------------Schedule complete
Client 43 trained
Client 43 uploaded
Client 93 trained
Client 93 uploaded
Client 27 trained
Client 27 uploaded
Client 16 trained
Client 16 uploaded
Client 86 trained
Client 86 uploaded
Client 23 trained
Client 23 uploaded
Client 82 trained
Client 82 uploaded
Client 74 trained
Client 74 uploaded
Client 33 trained
Client 33 uploaded
Client 46 trained
Client 46 uploaded
Client 51 trained
Client 51 uploaded
Client 81 trained
Client 81 uploaded
Epoch(t): 154 accuracy: 79.17 loss 0.5441560757160187 run_time: 237.1070704460144
| current_epoch 155 |. Begin client select
SchedulerThread schedule Group [ 7 ], select( 11 clients):
2 | 6 | 22 | 34 | 39 | 54 | 83 | 90 | 94 | 97 | 99 |
-----------------------------------------------------------------Schedule complete
Client 90 trained
Client 90 uploaded
Client 2 trained
Client 2 uploaded
Client 6 trained
Client 6 uploaded
Client 83 trained
Client 83 uploaded
Client 99 trained
Client 99 uploaded
Client 34 trained
Client 34 uploaded
Client 22 trained
Client 22 uploaded
Client 54 trained
Client 54 uploaded
Client 94 trained
Client 94 uploaded
Client 97 trained
Client 97 uploaded
Client 39 trained
Client 39 uploaded
Epoch(t): 155 accuracy: 81.06 loss 0.5169288834929466 run_time: 238.58795523643494
| current_epoch 156 |. Begin client select
SchedulerThread schedule Group [ 0 ], select( 11 clients):
11 | 29 | 32 | 35 | 57 | 58 | 65 | 67 | 77 | 78 | 98 |
-----------------------------------------------------------------Schedule complete
Client 57 trained
Client 57 uploaded
Client 58 trained
Client 58 uploaded
Client 78 trained
Client 78 uploaded
Client 35 trained
Client 35 uploaded
Client 29 trained
Client 29 uploaded
Client 11 trained
Client 11 uploaded
Client 32 trained
Client 32 uploaded
Client 65 trained
Client 65 uploaded
Client 67 trained
Client 67 uploaded
Client 77 trained
Client 77 uploaded
Client 98 trained
Client 98 uploaded
Epoch(t): 156 accuracy: 78.23 loss 0.5696438291668892 run_time: 240.06331181526184
| current_epoch 157 |. Begin client select
SchedulerThread schedule Group [ 6 ], select( 12 clients):
16 | 23 | 27 | 33 | 43 | 46 | 51 | 74 | 81 | 82 | 86 | 93 |
-----------------------------------------------------------------Schedule complete
Client 43 trained
Client 43 uploaded
Client 16 trained
Client 16 uploaded
Client 93 trained
Client 93 uploaded
Client 27 trained
Client 27 uploaded
Client 86 trained
Client 86 uploaded
Client 23 trained
Client 23 uploaded
Client 81 trained
Client 81 uploaded
Client 82 trained
Client 82 uploaded
Client 46 trained
Client 46 uploaded
Client 74 trained
Client 74 uploaded
Client 51 trained
Client 51 uploaded
Client 33 trained
Client 33 uploaded
Epoch(t): 157 accuracy: 79.71 loss 0.5341937237977982 run_time: 241.71312260627747
| current_epoch 158 |. Begin client select
SchedulerThread schedule Group [ 6 ], select( 12 clients):
16 | 23 | 27 | 33 | 43 | 46 | 51 | 74 | 81 | 82 | 86 | 93 |
-----------------------------------------------------------------Schedule complete
Client 43 trained
Client 43 uploaded
Client 93 trained
Client 93 uploaded
Client 27 trained
Client 27 uploaded
Client 16 trained
Client 16 uploaded
Client 86 trained
Client 86 uploaded
Client 23 trained
Client 23 uploaded
Client 33 trained
Client 33 uploaded
Client 46 trained
Client 46 uploaded
Client 82 trained
Client 82 uploaded
Client 74 trained
Client 74 uploaded
Client 51 trained
Client 51 uploaded
Client 81 trained
Client 81 uploaded
Epoch(t): 158 accuracy: 78.42 loss 0.5517587801814079 run_time: 243.5331027507782
| current_epoch 159 |. Begin client select
SchedulerThread schedule Group [ 2 ], select( 10 clients):
4 | 7 | 10 | 18 | 20 | 31 | 38 | 60 | 84 | 89 |
-----------------------------------------------------------------Schedule complete
Client 31 trained
Client 31 uploaded
Client 84 trained
Client 84 uploaded
Client 38 trained
Client 38 uploaded
Client 60 trained
Client 60 uploaded
Client 20 trained
Client 20 uploaded
Client 7 trained
Client 7 uploaded
Client 10 trained
Client 10 uploaded
Client 4 trained
Client 4 uploaded
Client 18 trained
Client 18 uploaded
Client 89 trained
Client 89 uploaded
Epoch(t): 159 accuracy: 79.76 loss 0.538076540529728 run_time: 244.98025465011597
| current_epoch 160 |. Begin client select
SchedulerThread schedule Group [ 6 ], select( 12 clients):
16 | 23 | 27 | 33 | 43 | 46 | 51 | 74 | 81 | 82 | 86 | 93 |
-----------------------------------------------------------------Schedule complete
Client 43 trained
Client 43 uploaded
Client 93 trained
Client 93 uploaded
Client 27 trained
Client 27 uploaded
Client 16 trained
Client 16 uploaded
Client 23 trained
Client 23 uploaded
Client 86 trained
Client 86 uploaded
Client 46 trained
Client 46 uploaded
Client 33 trained
Client 33 uploaded
Client 51 trained
Client 51 uploaded
Client 81 trained
Client 81 uploaded
Client 74 trained
Client 74 uploaded
Client 82 trained
Client 82 uploaded
Epoch(t): 160 accuracy: 77.54 loss 0.5661457872390747 run_time: 246.83193111419678
| current_epoch 161 |. Begin client select
SchedulerThread schedule Group [ 9 ], select( 8 clients):
12 | 21 | 55 | 63 | 68 | 75 | 87 | 95 |
-----------------------------------------------------------------Schedule complete
Client 55 trained
Client 55 uploaded
Client 95 trained
Client 95 uploaded
Client 12 trained
Client 12 uploaded
Client 21 trained
Client 21 uploaded
Client 68 trained
Client 68 uploaded
Client 75 trained
Client 75 uploaded
Client 63 trained
Client 63 uploaded
Client 87 trained
Client 87 uploaded
Epoch(t): 161 accuracy: 81.39 loss 0.5114433193206787 run_time: 248.27422761917114
| current_epoch 162 |. Begin client select
SchedulerThread schedule Group [ 4 ], select( 10 clients):
26 | 28 | 41 | 42 | 45 | 48 | 56 | 61 | 64 | 71 |
-----------------------------------------------------------------Schedule complete
Client 28 trained
Client 28 uploaded
Client 71 trained
Client 71 uploaded
Client 56 trained
Client 56 uploaded
Client 42 trained
Client 42 uploaded
Client 64 trained
Client 64 uploaded
Client 45 trained
Client 45 uploaded
Client 48 trained
Client 48 uploaded
Client 26 trained
Client 26 uploaded
Client 61 trained
Client 61 uploaded
Client 41 trained
Client 41 uploaded
Epoch(t): 162 accuracy: 81.24 loss 0.5135194364190102 run_time: 249.6372950077057
| current_epoch 163 |. Begin client select
SchedulerThread schedule Group [ 6 ], select( 12 clients):
16 | 23 | 27 | 33 | 43 | 46 | 51 | 74 | 81 | 82 | 86 | 93 |
-----------------------------------------------------------------Schedule complete
Client 43 trained
Client 43 uploaded
Client 93 trained
Client 93 uploaded
Client 16 trained
Client 16 uploaded
Client 86 trained
Client 86 uploaded
Client 23 trained
Client 23 uploaded
Client 27 trained
Client 27 uploaded
Client 82 trained
Client 82 uploaded
Client 51 trained
Client 51 uploaded
Client 33 trained
Client 33 uploaded
Client 46 trained
Client 46 uploaded
Client 74 trained
Client 74 uploaded
Client 81 trained
Client 81 uploaded
Epoch(t): 163 accuracy: 79.97 loss 0.5407095402479172 run_time: 251.22711539268494
| current_epoch 164 |. Begin client select
SchedulerThread schedule Group [ 6 ], select( 12 clients):
16 | 23 | 27 | 33 | 43 | 46 | 51 | 74 | 81 | 82 | 86 | 93 |
-----------------------------------------------------------------Schedule complete
Client 43 trained
Client 43 uploaded
Client 27 trained
Client 27 uploaded
Client 93 trained
Client 93 uploaded
Client 16 trained
Client 16 uploaded
Client 86 trained
Client 86 uploaded
Client 23 trained
Client 23 uploaded
Client 33 trained
Client 33 uploaded
Client 81 trained
Client 81 uploaded
Client 82 trained
Client 82 uploaded
Client 74 trained
Client 74 uploaded
Client 51 trained
Client 51 uploaded
Client 46 trained
Client 46 uploaded
Epoch(t): 164 accuracy: 79.62 loss 0.535921288728714 run_time: 253.01449155807495
| current_epoch 165 |. Begin client select
SchedulerThread schedule Group [ 5 ], select( 10 clients):
9 | 13 | 15 | 24 | 25 | 36 | 50 | 53 | 69 | 88 |
-----------------------------------------------------------------Schedule complete
Client 50 trained
Client 50 uploaded
Client 25 trained
Client 25 uploaded
Client 53 trained
Client 53 uploaded
Client 69 trained
Client 69 uploaded
Client 9 trained
Client 9 uploaded
Client 36 trained
Client 36 uploaded
Client 88 trained
Client 88 uploaded
Client 24 trained
Client 24 uploaded
Client 15 trained
Client 15 uploaded
Client 13 trained
Client 13 uploaded
Epoch(t): 165 accuracy: 81.24 loss 0.5032444363832473 run_time: 254.60448908805847
| current_epoch 166 |. Begin client select
SchedulerThread schedule Group [ 3 ], select( 10 clients):
3 | 19 | 40 | 47 | 49 | 52 | 72 | 73 | 79 | 80 |
-----------------------------------------------------------------Schedule complete
Client 72 trained
Client 72 uploaded
Client 73 trained
Client 73 uploaded
Client 47 trained
Client 47 uploaded
Client 40 trained
Client 40 uploaded
Client 80 trained
Client 80 uploaded
Client 19 trained
Client 19 uploaded
Client 52 trained
Client 52 uploaded
Client 3 trained
Client 3 uploaded
Client 49 trained
Client 49 uploaded
Client 79 trained
Client 79 uploaded
Epoch(t): 166 accuracy: 81.41 loss 0.5002430257201195 run_time: 256.29897570610046
| current_epoch 167 |. Begin client select
SchedulerThread schedule Group [ 1 ], select( 9 clients):
0 | 14 | 17 | 30 | 66 | 70 | 76 | 92 | 96 |
-----------------------------------------------------------------Schedule complete
Client 76 trained
Client 76 uploaded
Client 70 trained
Client 70 uploaded
Client 96 trained
Client 96 uploaded
Client 92 trained
Client 92 uploaded
Client 30 trained
Client 30 uploaded
Client 66 trained
Client 66 uploaded
Client 0 trained
Client 0 uploaded
Client 14 trained
Client 14 uploaded
Client 17 trained
Client 17 uploaded
Epoch(t): 167 accuracy: 80.54 loss 0.515702563226223 run_time: 257.76131081581116
| current_epoch 168 |. Begin client select
SchedulerThread schedule Group [ 7 ], select( 11 clients):
2 | 6 | 22 | 34 | 39 | 54 | 83 | 90 | 94 | 97 | 99 |
-----------------------------------------------------------------Schedule complete
Client 90 trained
Client 90 uploaded
Client 99 trained
Client 99 uploaded
Client 2 trained
Client 2 uploaded
Client 6 trained
Client 6 uploaded
Client 83 trained
Client 83 uploaded
Client 34 trained
Client 34 uploaded
Client 54 trained
Client 54 uploaded
Client 39 trained
Client 39 uploaded
Client 22 trained
Client 22 uploaded
Client 94 trained
Client 94 uploaded
Client 97 trained
Client 97 uploaded
Epoch(t): 168 accuracy: 80.31 loss 0.5227915865182876 run_time: 259.2972996234894
| current_epoch 169 |. Begin client select
SchedulerThread schedule Group [ 0 ], select( 11 clients):
11 | 29 | 32 | 35 | 57 | 58 | 65 | 67 | 77 | 78 | 98 |
-----------------------------------------------------------------Schedule complete
Client 57 trained
Client 57 uploaded
Client 58 trained
Client 58 uploaded
Client 78 trained
Client 78 uploaded
Client 11 trained
Client 11 uploaded
Client 35 trained
Client 35 uploaded
Client 65 trained
Client 65 uploaded
Client 29 trained
Client 29 uploaded
Client 77 trained
Client 77 uploaded
Client 32 trained
Client 32 uploaded
Client 98 trained
Client 98 uploaded
Client 67 trained
Client 67 uploaded
Epoch(t): 169 accuracy: 79.09 loss 0.5487092009186745 run_time: 260.89370584487915
| current_epoch 170 |. Begin client select
SchedulerThread schedule Group [ 6 ], select( 12 clients):
16 | 23 | 27 | 33 | 43 | 46 | 51 | 74 | 81 | 82 | 86 | 93 |
-----------------------------------------------------------------Schedule complete
Client 43 trained
Client 43 uploaded
Client 93 trained
Client 93 uploaded
Client 27 trained
Client 27 uploaded
Client 16 trained
Client 16 uploaded
Client 86 trained
Client 86 uploaded
Client 23 trained
Client 23 uploaded
Client 33 trained
Client 33 uploaded
Client 82 trained
Client 82 uploaded
Client 51 trained
Client 51 uploaded
Client 74 trained
Client 74 uploaded
Client 81 trained
Client 81 uploaded
Client 46 trained
Client 46 uploaded
Epoch(t): 170 accuracy: 79.23 loss 0.5321634712815285 run_time: 262.49189257621765
| current_epoch 171 |. Begin client select
SchedulerThread schedule Group [ 9 ], select( 8 clients):
12 | 21 | 55 | 63 | 68 | 75 | 87 | 95 |
-----------------------------------------------------------------Schedule complete
Client 21 trained
Client 21 uploaded
Client 95 trained
Client 95 uploaded
Client 55 trained
Client 55 uploaded
Client 75 trained
Client 75 uploaded
Client 12 trained
Client 12 uploaded
Client 68 trained
Client 68 uploaded
Client 63 trained
Client 63 uploaded
Client 87 trained
Client 87 uploaded
Epoch(t): 171 accuracy: 80.95 loss 0.5134125393629074 run_time: 263.86968064308167
| current_epoch 172 |. Begin client select
SchedulerThread schedule Group [ 8 ], select( 9 clients):
1 | 5 | 8 | 37 | 44 | 59 | 62 | 85 | 91 |
-----------------------------------------------------------------Schedule complete
Client 8 trained
Client 8 uploaded
Client 5 trained
Client 5 uploaded
Client 44 trained
Client 44 uploaded
Client 1 trained
Client 1 uploaded
Client 62 trained
Client 62 uploaded
Client 91 trained
Client 91 uploaded
Client 85 trained
Client 85 uploaded
Client 59 trained
Client 59 uploaded
Client 37 trained
Client 37 uploaded
Epoch(t): 172 accuracy: 78.82 loss 0.55473425000906 run_time: 265.42715287208557
| current_epoch 173 |. Begin client select
SchedulerThread schedule Group [ 6 ], select( 12 clients):
16 | 23 | 27 | 33 | 43 | 46 | 51 | 74 | 81 | 82 | 86 | 93 |
-----------------------------------------------------------------Schedule complete
Client 43 trained
Client 43 uploaded
Client 93 trained
Client 93 uploaded
Client 16 trained
Client 16 uploaded
Client 27 trained
Client 27 uploaded
Client 86 trained
Client 86 uploaded
Client 33 trained
Client 33 uploaded
Client 23 trained
Client 23 uploaded
Client 46 trained
Client 46 uploaded
Client 74 trained
Client 74 uploaded
Client 81 trained
Client 81 uploaded
Client 82 trained
Client 82 uploaded
Client 51 trained
Client 51 uploaded
Epoch(t): 173 accuracy: 80.81 loss 0.5130699470639228 run_time: 267.1114308834076
| current_epoch 174 |. Begin client select
SchedulerThread schedule Group [ 2 ], select( 10 clients):
4 | 7 | 10 | 18 | 20 | 31 | 38 | 60 | 84 | 89 |
-----------------------------------------------------------------Schedule complete
Client 84 trained
Client 84 uploaded
Client 31 trained
Client 31 uploaded
Client 38 trained
Client 38 uploaded
Client 7 trained
Client 7 uploaded
Client 60 trained
Client 60 uploaded
Client 20 trained
Client 20 uploaded
Client 10 trained
Client 10 uploaded
Client 4 trained
Client 4 uploaded
Client 18 trained
Client 18 uploaded
Client 89 trained
Client 89 uploaded
Epoch(t): 174 accuracy: 79.84 loss 0.5350344002246856 run_time: 268.681823015213
| current_epoch 175 |. Begin client select
SchedulerThread schedule Group [ 6 ], select( 12 clients):
16 | 23 | 27 | 33 | 43 | 46 | 51 | 74 | 81 | 82 | 86 | 93 |
-----------------------------------------------------------------Schedule complete
Client 43 trained
Client 43 uploaded
Client 16 trained
Client 16 uploaded
Client 86 trained
Client 86 uploaded
Client 27 trained
Client 27 uploaded
Client 93 trained
Client 93 uploaded
Client 23 trained
Client 23 uploaded
Client 46 trained
Client 46 uploaded
Client 81 trained
Client 81 uploaded
Client 74 trained
Client 74 uploaded
Client 33 trained
Client 33 uploaded
Client 51 trained
Client 51 uploaded
Client 82 trained
Client 82 uploaded
Epoch(t): 175 accuracy: 80.89 loss 0.5150464636087417 run_time: 270.32126235961914
| current_epoch 176 |. Begin client select
SchedulerThread schedule Group [ 5 ], select( 10 clients):
9 | 13 | 15 | 24 | 25 | 36 | 50 | 53 | 69 | 88 |
-----------------------------------------------------------------Schedule complete
Client 25 trained
Client 25 uploaded
Client 50 trained
Client 50 uploaded
Client 53 trained
Client 53 uploaded
Client 69 trained
Client 69 uploaded
Client 9 trained
Client 9 uploaded
Client 13 trained
Client 13 uploaded
Client 36 trained
Client 36 uploaded
Client 88 trained
Client 88 uploaded
Client 24 trained
Client 24 uploaded
Client 15 trained
Client 15 uploaded
Epoch(t): 176 accuracy: 81.65 loss 0.49258469730615617 run_time: 271.8769602775574
| current_epoch 177 |. Begin client select
SchedulerThread schedule Group [ 0 ], select( 11 clients):
11 | 29 | 32 | 35 | 57 | 58 | 65 | 67 | 77 | 78 | 98 |
-----------------------------------------------------------------Schedule complete
Client 58 trained
Client 58 uploaded
Client 57 trained
Client 57 uploaded
Client 11 trained
Client 11 uploaded
Client 78 trained
Client 78 uploaded
Client 35 trained
Client 35 uploaded
Client 65 trained
Client 65 uploaded
Client 32 trained
Client 32 uploaded
Client 29 trained
Client 29 uploaded
Client 77 trained
Client 77 uploaded
Client 98 trained
Client 98 uploaded
Client 67 trained
Client 67 uploaded
Epoch(t): 177 accuracy: 79.14 loss 0.5417991545796395 run_time: 273.45929312705994
| current_epoch 178 |. Begin client select
SchedulerThread schedule Group [ 6 ], select( 12 clients):
16 | 23 | 27 | 33 | 43 | 46 | 51 | 74 | 81 | 82 | 86 | 93 |
-----------------------------------------------------------------Schedule complete
Client 43 trained
Client 43 uploaded
Client 27 trained
Client 27 uploaded
Client 93 trained
Client 93 uploaded
Client 16 trained
Client 16 uploaded
Client 86 trained
Client 86 uploaded
Client 23 trained
Client 23 uploaded
Client 33 trained
Client 33 uploaded
Client 46 trained
Client 46 uploaded
Client 51 trained
Client 51 uploaded
Client 81 trained
Client 81 uploaded
Client 74 trained
Client 74 uploaded
Client 82 trained
Client 82 uploaded
Epoch(t): 178 accuracy: 80.8 loss 0.5153202605247498 run_time: 274.9964327812195
| current_epoch 179 |. Begin client select
SchedulerThread schedule Group [ 7 ], select( 11 clients):
2 | 6 | 22 | 34 | 39 | 54 | 83 | 90 | 94 | 97 | 99 |
-----------------------------------------------------------------Schedule complete
Client 2 trained
Client 2 uploaded
Client 83 trained
Client 83 uploaded
Client 90 trained
Client 90 uploaded
Client 6 trained
Client 6 uploaded
Client 99 trained
Client 99 uploaded
Client 22 trained
Client 22 uploaded
Client 34 trained
Client 34 uploaded
Client 94 trained
Client 94 uploaded
Client 54 trained
Client 54 uploaded
Client 97 trained
Client 97 uploaded
Client 39 trained
Client 39 uploaded
Epoch(t): 179 accuracy: 81.2 loss 0.5093212327361107 run_time: 276.5952455997467
| current_epoch 180 |. Begin client select
SchedulerThread schedule Group [ 4 ], select( 10 clients):
26 | 28 | 41 | 42 | 45 | 48 | 56 | 61 | 64 | 71 |
-----------------------------------------------------------------Schedule complete
Client 28 trained
Client 28 uploaded
Client 56 trained
Client 56 uploaded
Client 71 trained
Client 71 uploaded
Client 42 trained
Client 42 uploaded
Client 45 trained
Client 45 uploaded
Client 26 trained
Client 26 uploaded
Client 64 trained
Client 64 uploaded
Client 41 trained
Client 41 uploaded
Client 48 trained
Client 48 uploaded
Client 61 trained
Client 61 uploaded
Epoch(t): 180 accuracy: 81.87 loss 0.49746697217226027 run_time: 278.15099596977234
| current_epoch 181 |. Begin client select
SchedulerThread schedule Group [ 6 ], select( 12 clients):
16 | 23 | 27 | 33 | 43 | 46 | 51 | 74 | 81 | 82 | 86 | 93 |
-----------------------------------------------------------------Schedule complete
Client 43 trained
Client 43 uploaded
Client 93 trained
Client 93 uploaded
Client 27 trained
Client 27 uploaded
Client 16 trained
Client 16 uploaded
Client 86 trained
Client 86 uploaded
Client 23 trained
Client 23 uploaded
Client 33 trained
Client 33 uploaded
Client 46 trained
Client 46 uploaded
Client 82 trained
Client 82 uploaded
Client 51 trained
Client 51 uploaded
Client 74 trained
Client 74 uploaded
Client 81 trained
Client 81 uploaded
Epoch(t): 181 accuracy: 80.87 loss 0.5125441738963127 run_time: 279.93185019493103
| current_epoch 182 |. Begin client select
SchedulerThread schedule Group [ 9 ], select( 8 clients):
12 | 21 | 55 | 63 | 68 | 75 | 87 | 95 |
-----------------------------------------------------------------Schedule complete
Client 55 trained
Client 55 uploaded
Client 95 trained
Client 95 uploaded
Client 12 trained
Client 12 uploaded
Client 75 trained
Client 75 uploaded
Client 21 trained
Client 21 uploaded
Client 68 trained
Client 68 uploaded
Client 63 trained
Client 63 uploaded
Client 87 trained
Client 87 uploaded
Epoch(t): 182 accuracy: 82.16 loss 0.49239454090595247 run_time: 281.29587149620056
| current_epoch 183 |. Begin client select
SchedulerThread schedule Group [ 6 ], select( 12 clients):
16 | 23 | 27 | 33 | 43 | 46 | 51 | 74 | 81 | 82 | 86 | 93 |
-----------------------------------------------------------------Schedule complete
Client 27 trained
Client 27 uploaded
Client 43 trained
Client 43 uploaded
Client 93 trained
Client 93 uploaded
Client 16 trained
Client 16 uploaded
Client 86 trained
Client 86 uploaded
Client 23 trained
Client 23 uploaded
Client 33 trained
Client 46 trained
Client 33 uploaded
Client 46 uploaded
Client 82 trained
Client 82 uploaded
Client 74 trained
Client 74 uploaded
Client 81 trained
Client 81 uploaded
Client 51 trained
Client 51 uploaded
Epoch(t): 183 accuracy: 79.59 loss 0.5268457755446434 run_time: 283.0252902507782
| current_epoch 184 |. Begin client select
SchedulerThread schedule Group [ 3 ], select( 10 clients):
3 | 19 | 40 | 47 | 49 | 52 | 72 | 73 | 79 | 80 |
-----------------------------------------------------------------Schedule complete
Client 72 trained
Client 72 uploaded
Client 73 trained
Client 73 uploaded
Client 47 trained
Client 47 uploaded
Client 40 trained
Client 40 uploaded
Client 80 trained
Client 80 uploaded
Client 19 trained
Client 19 uploaded
Client 79 trained
Client 79 uploaded
Client 3 trained
Client 3 uploaded
Client 52 trained
Client 52 uploaded
Client 49 trained
Client 49 uploaded
Epoch(t): 184 accuracy: 82.24 loss 0.48347938507795335 run_time: 284.6909956932068
| current_epoch 185 |. Begin client select
SchedulerThread schedule Group [ 6 ], select( 12 clients):
16 | 23 | 27 | 33 | 43 | 46 | 51 | 74 | 81 | 82 | 86 | 93 |
-----------------------------------------------------------------Schedule complete
Client 43 trained
Client 43 uploaded
Client 16 trained
Client 16 uploaded
Client 27 trained
Client 27 uploaded
Client 86 trained
Client 86 uploaded
Client 93 trained
Client 93 uploaded
Client 23 trained
Client 23 uploaded
Client 33 trained
Client 33 uploaded
Client 46 trained
Client 46 uploaded
Client 81 trained
Client 81 uploaded
Client 82 trained
Client 82 uploaded
Client 51 trained
Client 51 uploaded
Client 74 trained
Client 74 uploaded
Epoch(t): 185 accuracy: 80.0 loss 0.5191795009374619 run_time: 286.2345516681671
| current_epoch 186 |. Begin client select
SchedulerThread schedule Group [ 7 ], select( 11 clients):
2 | 6 | 22 | 34 | 39 | 54 | 83 | 90 | 94 | 97 | 99 |
-----------------------------------------------------------------Schedule complete
Client 6 trained
Client 6 uploaded
Client 90 trained
Client 90 uploaded
Client 2 trained
Client 2 uploaded
Client 83 trained
Client 83 uploaded
Client 99 trained
Client 99 uploaded
Client 34 trained
Client 34 uploaded
Client 22 trained
Client 22 uploaded
Client 54 trained
Client 54 uploaded
Client 94 trained
Client 94 uploaded
Client 97 trained
Client 97 uploaded
Client 39 trained
Client 39 uploaded
Epoch(t): 186 accuracy: 81.76 loss 0.4937405675649643 run_time: 287.93248772621155
| current_epoch 187 |. Begin client select
SchedulerThread schedule Group [ 2 ], select( 10 clients):
4 | 7 | 10 | 18 | 20 | 31 | 38 | 60 | 84 | 89 |
-----------------------------------------------------------------Schedule complete
Client 84 trained
Client 84 uploaded
Client 38 trained
Client 38 uploaded
Client 31 trained
Client 31 uploaded
Client 60 trained
Client 60 uploaded
Client 20 trained
Client 20 uploaded
Client 7 trained
Client 7 uploaded
Client 10 trained
Client 10 uploaded
Client 4 trained
Client 4 uploaded
Client 18 trained
Client 18 uploaded
Client 89 trained
Client 89 uploaded
Epoch(t): 187 accuracy: 80.98 loss 0.509814544916153 run_time: 289.6168794631958
| current_epoch 188 |. Begin client select
SchedulerThread schedule Group [ 0 ], select( 11 clients):
11 | 29 | 32 | 35 | 57 | 58 | 65 | 67 | 77 | 78 | 98 |
-----------------------------------------------------------------Schedule complete
Client 57 trained
Client 57 uploaded
Client 58 trained
Client 58 uploaded
Client 11 trained
Client 11 uploaded
Client 35 trained
Client 35 uploaded
Client 78 trained
Client 78 uploaded
Client 32 trained
Client 32 uploaded
Client 65 trained
Client 65 uploaded
Client 29 trained
Client 29 uploaded
Client 98 trained
Client 98 uploaded
Client 77 trained
Client 77 uploaded
Client 67 trained
Client 67 uploaded
Epoch(t): 188 accuracy: 79.42 loss 0.5411757066845894 run_time: 291.29431533813477
| current_epoch 189 |. Begin client select
SchedulerThread schedule Group [ 5 ], select( 10 clients):
9 | 13 | 15 | 24 | 25 | 36 | 50 | 53 | 69 | 88 |
-----------------------------------------------------------------Schedule complete
Client 25 trained
Client 25 uploaded
Client 50 trained
Client 50 uploaded
Client 53 trained
Client 53 uploaded
Client 69 trained
Client 69 uploaded
Client 36 trained
Client 36 uploaded
Client 9 trained
Client 9 uploaded
Client 13 trained
Client 13 uploaded
Client 15 trained
Client 15 uploaded
Client 88 trained
Client 88 uploaded
Client 24 trained
Client 24 uploaded
Epoch(t): 189 accuracy: 81.62 loss 0.49293061763048174 run_time: 292.96198558807373
| current_epoch 190 |. Begin client select
SchedulerThread schedule Group [ 6 ], select( 12 clients):
16 | 23 | 27 | 33 | 43 | 46 | 51 | 74 | 81 | 82 | 86 | 93 |
-----------------------------------------------------------------Schedule complete
Client 43 trained
Client 43 uploaded
Client 93 trained
Client 93 uploaded
Client 27 trained
Client 27 uploaded
Client 16 trained
Client 16 uploaded
Client 86 trained
Client 86 uploaded
Client 46 trained
Client 46 uploaded
Client 23 trained
Client 23 uploaded
Client 82 trained
Client 82 uploaded
Client 81 trained
Client 81 uploaded
Client 33 trained
Client 33 uploaded
Client 51 trained
Client 51 uploaded
Client 74 trained
Client 74 uploaded
Epoch(t): 190 accuracy: 80.56 loss 0.5093107178807259 run_time: 294.71537804603577
| current_epoch 191 |. Begin client select
SchedulerThread schedule Group [ 8 ], select( 9 clients):
1 | 5 | 8 | 37 | 44 | 59 | 62 | 85 | 91 |
-----------------------------------------------------------------Schedule complete
Client 5 trained
Client 5 uploaded
Client 8 trained
Client 8 uploaded
Client 44 trained
Client 44 uploaded
Client 37 trained
Client 37 uploaded
Client 62 trained
Client 62 uploaded
Client 91 trained
Client 91 uploaded
Client 85 trained
Client 85 uploaded
Client 1 trained
Client 1 uploaded
Client 59 trained
Client 59 uploaded
Epoch(t): 191 accuracy: 79.39 loss 0.5322880181670189 run_time: 296.31815361976624
| current_epoch 192 |. Begin client select
SchedulerThread schedule Group [ 9 ], select( 8 clients):
12 | 21 | 55 | 63 | 68 | 75 | 87 | 95 |
-----------------------------------------------------------------Schedule complete
Client 55 trained
Client 55 uploaded
Client 12 trained
Client 12 uploaded
Client 95 trained
Client 95 uploaded
Client 68 trained
Client 68 uploaded
Client 21 trained
Client 21 uploaded
Client 87 trained
Client 87 uploaded
Client 63 trained
Client 63 uploaded
Client 75 trained
Client 75 uploaded
Epoch(t): 192 accuracy: 82.17 loss 0.4957944229245186 run_time: 297.784530878067
| current_epoch 193 |. Begin client select
SchedulerThread schedule Group [ 1 ], select( 9 clients):
0 | 14 | 17 | 30 | 66 | 70 | 76 | 92 | 96 |
-----------------------------------------------------------------Schedule complete
Client 76 trained
Client 76 uploaded
Client 96 trained
Client 96 uploaded
Client 70 trained
Client 70 uploaded
Client 92 trained
Client 92 uploaded
Client 17 trained
Client 17 uploaded
Client 0 trained
Client 0 uploaded
Client 66 trained
Client 66 uploaded
Client 14 trained
Client 14 uploaded
Client 30 trained
Client 30 uploaded
Epoch(t): 193 accuracy: 81.09 loss 0.5090788438916206 run_time: 299.3959758281708
| current_epoch 194 |. Begin client select
SchedulerThread schedule Group [ 6 ], select( 12 clients):
16 | 23 | 27 | 33 | 43 | 46 | 51 | 74 | 81 | 82 | 86 | 93 |
-----------------------------------------------------------------Schedule complete
Client 43 trained
Client 43 uploaded
Client 93 trained
Client 93 uploaded
Client 16 trained
Client 16 uploaded
Client 27 trained
Client 27 uploaded
Client 86 trained
Client 86 uploaded
Client 23 trained
Client 23 uploaded
Client 82 trained
Client 82 uploaded
Client 33 trained
Client 33 uploaded
Client 46 trained
Client 46 uploaded
Client 74 trained
Client 74 uploaded
Client 81 trained
Client 81 uploaded
Client 51 trained
Client 51 uploaded
Epoch(t): 194 accuracy: 80.21 loss 0.5215510249137878 run_time: 301.01704120635986
| current_epoch 195 |. Begin client select
SchedulerThread schedule Group [ 7 ], select( 11 clients):
2 | 6 | 22 | 34 | 39 | 54 | 83 | 90 | 94 | 97 | 99 |
-----------------------------------------------------------------Schedule complete
Client 2 trained
Client 2 uploaded
Client 6 trained
Client 6 uploaded
Client 90 trained
Client 90 uploaded
Client 83 trained
Client 83 uploaded
Client 34 trained
Client 34 uploaded
Client 99 trained
Client 99 uploaded
Client 22 trained
Client 22 uploaded
Client 97 trained
Client 97 uploaded
Client 54 trained
Client 54 uploaded
Client 94 trained
Client 94 uploaded
Client 39 trained
Client 39 uploaded
Epoch(t): 195 accuracy: 81.63 loss 0.4923128229379654 run_time: 302.5173387527466
| current_epoch 196 |. Begin client select
SchedulerThread schedule Group [ 3 ], select( 10 clients):
3 | 19 | 40 | 47 | 49 | 52 | 72 | 73 | 79 | 80 |
-----------------------------------------------------------------Schedule complete
Client 72 trained
Client 72 uploaded
Client 73 trained
Client 73 uploaded
Client 47 trained
Client 47 uploaded
Client 80 trained
Client 80 uploaded
Client 40 trained
Client 40 uploaded
Client 19 trained
Client 19 uploaded
Client 3 trained
Client 3 uploaded
Client 52 trained
Client 52 uploaded
Client 49 trained
Client 49 uploaded
Client 79 trained
Client 79 uploaded
Epoch(t): 196 accuracy: 82.7 loss 0.47797408819198606 run_time: 304.14149236679077
| current_epoch 197 |. Begin client select
SchedulerThread schedule Group [ 6 ], select( 12 clients):
16 | 23 | 27 | 33 | 43 | 46 | 51 | 74 | 81 | 82 | 86 | 93 |
-----------------------------------------------------------------Schedule complete
Client 43 trained
Client 43 uploaded
Client 16 trained
Client 16 uploaded
Client 86 trained
Client 86 uploaded
Client 93 trained
Client 93 uploaded
Client 27 trained
Client 27 uploaded
Client 81 trained
Client 81 uploaded
Client 23 trained
Client 23 uploaded
Client 74 trained
Client 74 uploaded
Client 51 trained
Client 51 uploaded
Client 33 trained
Client 33 uploaded
Client 46 trained
Client 46 uploaded
Client 82 trained
Client 82 uploaded
Epoch(t): 197 accuracy: 81.84 loss 0.49467855781316755 run_time: 305.807035446167
| current_epoch 198 |. Begin client select
SchedulerThread schedule Group [ 0 ], select( 11 clients):
11 | 29 | 32 | 35 | 57 | 58 | 65 | 67 | 77 | 78 | 98 |
-----------------------------------------------------------------Schedule complete
Client 58 trained
Client 58 uploaded
Client 57 trained
Client 57 uploaded
Client 35 trained
Client 35 uploaded
Client 78 trained
Client 78 uploaded
Client 29 trained
Client 29 uploaded
Client 11 trained
Client 11 uploaded
Client 65 trained
Client 65 uploaded
Client 32 trained
Client 32 uploaded
Client 77 trained
Client 77 uploaded
Client 98 trained
Client 98 uploaded
Client 67 trained
Client 67 uploaded
Epoch(t): 198 accuracy: 80.66 loss 0.5162251415848732 run_time: 307.3428781032562
| current_epoch 199 |. Begin client select
SchedulerThread schedule Group [ 4 ], select( 10 clients):
26 | 28 | 41 | 42 | 45 | 48 | 56 | 61 | 64 | 71 |
-----------------------------------------------------------------Schedule complete
Client 28 trained
Client 28 uploaded
Client 56 trained
Client 56 uploaded
Client 71 trained
Client 71 uploaded
Client 42 trained
Client 42 uploaded
Client 45 trained
Client 45 uploaded
Client 26 trained
Client 26 uploaded
Client 64 trained
Client 64 uploaded
Client 48 trained
Client 48 uploaded
Client 61 trained
Client 61 uploaded
Client 41 trained
Client 41 uploaded
Epoch(t): 199 accuracy: 82.38 loss 0.4896454426646233 run_time: 308.8200378417969
| current_epoch 200 |. Begin client select
SchedulerThread schedule Group [ 2 ], select( 10 clients):
4 | 7 | 10 | 18 | 20 | 31 | 38 | 60 | 84 | 89 |
-----------------------------------------------------------------Schedule complete
Client 31 trained
Client 31 uploaded
Client 84 trained
Client 84 uploaded
Client 38 trained
Client 38 uploaded
Client 60 trained
Client 60 uploaded
Client 20 trained
Client 20 uploaded
Client 7 trained
Client 7 uploaded
Client 10 trained
Client 4 trained
Client 10 uploaded
Client 4 uploaded
Client 89 trained
Client 89 uploaded
Client 18 trained
Client 18 uploaded
Epoch(t): 200 accuracy: 80.42 loss 0.5214480516314507 run_time: 310.3767611980438
| current_epoch 201 |. Begin client select
SchedulerThread schedule Group [ 5 ], select( 10 clients):
9 | 13 | 15 | 24 | 25 | 36 | 50 | 53 | 69 | 88 |
-----------------------------------------------------------------Schedule complete
Client 25 trained
Client 25 uploaded
Client 50 trained
Client 50 uploaded
Client 53 trained
Client 53 uploaded
Client 36 trained
Client 36 uploaded
Client 69 trained
Client 69 uploaded
Client 9 trained
Client 9 uploaded
Client 88 trained
Client 88 uploaded
Client 13 trained
Client 13 uploaded
Client 15 trained
Client 15 uploaded
Client 24 trained
Client 24 uploaded
Epoch(t): 201 accuracy: 82.66 loss 0.4726852494478226 run_time: 311.9772503376007
| current_epoch 202 |. Begin client select
SchedulerThread schedule Group [ 6 ], select( 12 clients):
16 | 23 | 27 | 33 | 43 | 46 | 51 | 74 | 81 | 82 | 86 | 93 |
-----------------------------------------------------------------Schedule complete
Client 43 trained
Client 43 uploaded
Client 93 trained
Client 93 uploaded
Client 27 trained
Client 27 uploaded
Client 16 trained
Client 16 uploaded
Client 86 trained
Client 86 uploaded
Client 33 trained
Client 33 uploaded
Client 81 trained
Client 81 uploaded
Client 51 trained
Client 51 uploaded
Client 23 trained
Client 23 uploaded
Client 74 trained
Client 74 uploaded
Client 82 trained
Client 82 uploaded
Client 46 trained
Client 46 uploaded
Epoch(t): 202 accuracy: 80.46 loss 0.5102566340565682 run_time: 313.66094613075256
| current_epoch 203 |. Begin client select
SchedulerThread schedule Group [ 9 ], select( 8 clients):
12 | 21 | 55 | 63 | 68 | 75 | 87 | 95 |
-----------------------------------------------------------------Schedule complete
Client 55 trained
Client 55 uploaded
Client 95 trained
Client 95 uploaded
Client 12 trained
Client 12 uploaded
Client 68 trained
Client 68 uploaded
Client 75 trained
Client 75 uploaded
Client 21 trained
Client 21 uploaded
Client 87 trained
Client 87 uploaded
Client 63 trained
Client 63 uploaded
Epoch(t): 203 accuracy: 82.97 loss 0.4751747155189514 run_time: 315.0789246559143
| current_epoch 204 |. Begin client select
SchedulerThread schedule Group [ 7 ], select( 11 clients):
2 | 6 | 22 | 34 | 39 | 54 | 83 | 90 | 94 | 97 | 99 |
-----------------------------------------------------------------Schedule complete
Client 90 trained
Client 90 uploaded
Client 6 trained
Client 6 uploaded
Client 83 trained
Client 83 uploaded
Client 2 trained
Client 2 uploaded
Client 99 trained
Client 99 uploaded
Client 34 trained
Client 34 uploaded
Client 22 trained
Client 22 uploaded
Client 39 trained
Client 39 uploaded
Client 94 trained
Client 94 uploaded
Client 54 trained
Client 54 uploaded
Client 97 trained
Client 97 uploaded
Epoch(t): 204 accuracy: 81.74 loss 0.48945680797100066 run_time: 316.71285104751587
| current_epoch 205 |. Begin client select
SchedulerThread schedule Group [ 8 ], select( 9 clients):
1 | 5 | 8 | 37 | 44 | 59 | 62 | 85 | 91 |
-----------------------------------------------------------------Schedule complete
Client 5 trained
Client 5 uploaded
Client 8 trained
Client 8 uploaded
Client 37 trained
Client 37 uploaded
Client 44 trained
Client 44 uploaded
Client 91 trained
Client 91 uploaded
Client 85 trained
Client 85 uploaded
Client 59 trained
Client 59 uploaded
Client 1 trained
Client 1 uploaded
Client 62 trained
Client 62 uploaded
Epoch(t): 205 accuracy: 80.82 loss 0.514024415910244 run_time: 318.1525342464447
| current_epoch 206 |. Begin client select
SchedulerThread schedule Group [ 6 ], select( 12 clients):
16 | 23 | 27 | 33 | 43 | 46 | 51 | 74 | 81 | 82 | 86 | 93 |
-----------------------------------------------------------------Schedule complete
Client 43 trained
Client 43 uploaded
Client 16 trained
Client 16 uploaded
Client 27 trained
Client 27 uploaded
Client 86 trained
Client 86 uploaded
Client 93 trained
Client 93 uploaded
Client 23 trained
Client 23 uploaded
Client 74 trained
Client 74 uploaded
Client 81 trained
Client 81 uploaded
Client 82 trained
Client 82 uploaded
Client 51 trained
Client 51 uploaded
Client 33 trained
Client 33 uploaded
Client 46 trained
Client 46 uploaded
Epoch(t): 206 accuracy: 80.97 loss 0.5008969655632973 run_time: 319.67461228370667
| current_epoch 207 |. Begin client select
SchedulerThread schedule Group [ 6 ], select( 12 clients):
16 | 23 | 27 | 33 | 43 | 46 | 51 | 74 | 81 | 82 | 86 | 93 |
-----------------------------------------------------------------Schedule complete
Client 43 trained
Client 43 uploaded
Client 27 trained
Client 27 uploaded
Client 93 trained
Client 93 uploaded
Client 16 trained
Client 16 uploaded
Client 86 trained
Client 86 uploaded
Client 23 trained
Client 23 uploaded
Client 82 trained
Client 82 uploaded
Client 81 trained
Client 81 uploaded
Client 33 trained
Client 33 uploaded
Client 46 trained
Client 46 uploaded
Client 74 trained
Client 74 uploaded
Client 51 trained
Client 51 uploaded
Epoch(t): 207 accuracy: 81.03 loss 0.498738599717617 run_time: 321.3074927330017
| current_epoch 208 |. Begin client select
SchedulerThread schedule Group [ 0 ], select( 11 clients):
11 | 29 | 32 | 35 | 57 | 58 | 65 | 67 | 77 | 78 | 98 |
-----------------------------------------------------------------Schedule complete
Client 57 trained
Client 57 uploaded
Client 58 trained
Client 58 uploaded
Client 78 trained
Client 78 uploaded
Client 35 trained
Client 35 uploaded
Client 29 trained
Client 29 uploaded
Client 11 trained
Client 11 uploaded
Client 67 trained
Client 67 uploaded
Client 65 trained
Client 65 uploaded
Client 32 trained
Client 32 uploaded
Client 77 trained
Client 77 uploaded
Client 98 trained
Client 98 uploaded
Epoch(t): 208 accuracy: 80.64 loss 0.5180689105391503 run_time: 322.7868916988373
| current_epoch 209 |. Begin client select
SchedulerThread schedule Group [ 3 ], select( 10 clients):
3 | 19 | 40 | 47 | 49 | 52 | 72 | 73 | 79 | 80 |
-----------------------------------------------------------------Schedule complete
Client 72 trained
Client 72 uploaded
Client 47 trained
Client 47 uploaded
Client 73 trained
Client 73 uploaded
Client 80 trained
Client 80 uploaded
Client 40 trained
Client 40 uploaded
Client 19 trained
Client 19 uploaded
Client 52 trained
Client 52 uploaded
Client 49 trained
Client 49 uploaded
Client 3 trained
Client 3 uploaded
Client 79 trained
Client 79 uploaded
Epoch(t): 209 accuracy: 83.04 loss 0.46957758218050005 run_time: 324.3104507923126
| current_epoch 210 |. Begin client select
SchedulerThread schedule Group [ 6 ], select( 12 clients):
16 | 23 | 27 | 33 | 43 | 46 | 51 | 74 | 81 | 82 | 86 | 93 |
-----------------------------------------------------------------Schedule complete
Client 43 trained
Client 43 uploaded
Client 93 trained
Client 93 uploaded
Client 27 trained
Client 27 uploaded
Client 16 trained
Client 16 uploaded
Client 86 trained
Client 86 uploaded
Client 23 trained
Client 23 uploaded
Client 33 trained
Client 33 uploaded
Client 51 trained
Client 51 uploaded
Client 46 trained
Client 46 uploaded
Client 74 trained
Client 74 uploaded
Client 82 trained
Client 82 uploaded
Client 81 trained
Client 81 uploaded
Epoch(t): 210 accuracy: 80.72 loss 0.5066585218906403 run_time: 325.91196751594543
| current_epoch 211 |. Begin client select
SchedulerThread schedule Group [ 6 ], select( 12 clients):
16 | 23 | 27 | 33 | 43 | 46 | 51 | 74 | 81 | 82 | 86 | 93 |
-----------------------------------------------------------------Schedule complete
Client 43 trained
Client 43 uploaded
Client 93 trained
Client 93 uploaded
Client 27 trained
Client 27 uploaded
Client 16 trained
Client 16 uploaded
Client 86 trained
Client 86 uploaded
Client 23 trained
Client 23 uploaded
Client 74 trained
Client 74 uploaded
Client 51 trained
Client 51 uploaded
Client 81 trained
Client 81 uploaded
Client 82 trained
Client 82 uploaded
Client 46 trained
Client 46 uploaded
Client 33 trained
Client 33 uploaded
Epoch(t): 211 accuracy: 80.95 loss 0.5072028523683548 run_time: 327.60741353034973
| current_epoch 212 |. Begin client select
SchedulerThread schedule Group [ 9 ], select( 8 clients):
12 | 21 | 55 | 63 | 68 | 75 | 87 | 95 |
-----------------------------------------------------------------Schedule complete
Client 95 trained
Client 95 uploaded
Client 75 trained
Client 75 uploaded
Client 55 trained
Client 55 uploaded
Client 12 trained
Client 12 uploaded
Client 68 trained
Client 68 uploaded
Client 21 trained
Client 21 uploaded
Client 63 trained
Client 63 uploaded
Client 87 trained
Client 87 uploaded
Epoch(t): 212 accuracy: 82.62 loss 0.47930134102702143 run_time: 328.94818139076233
| current_epoch 213 |. Begin client select
SchedulerThread schedule Group [ 5 ], select( 10 clients):
9 | 13 | 15 | 24 | 25 | 36 | 50 | 53 | 69 | 88 |
-----------------------------------------------------------------Schedule complete
Client 50 trained
Client 50 uploaded
Client 25 trained
Client 25 uploaded
Client 53 trained
Client 53 uploaded
Client 69 trained
Client 69 uploaded
Client 9 trained
Client 9 uploaded
Client 36 trained
Client 36 uploaded
Client 88 trained
Client 88 uploaded
Client 13 trained
Client 13 uploaded
Client 15 trained
Client 15 uploaded
Client 24 trained
Client 24 uploaded
Epoch(t): 213 accuracy: 83.08 loss 0.4655728930234909 run_time: 330.4140899181366
| current_epoch 214 |. Begin client select
SchedulerThread schedule Group [ 6 ], select( 12 clients):
16 | 23 | 27 | 33 | 43 | 46 | 51 | 74 | 81 | 82 | 86 | 93 |
-----------------------------------------------------------------Schedule complete
Client 43 trained
Client 43 uploaded
Client 27 trained
Client 27 uploaded
Client 93 trained
Client 93 uploaded
Client 16 trained
Client 16 uploaded
Client 86 trained
Client 86 uploaded
Client 23 trained
Client 23 uploaded
Client 46 trained
Client 46 uploaded
Client 51 trained
Client 51 uploaded
Client 82 trained
Client 82 uploaded
Client 81 trained
Client 81 uploaded
Client 74 trained
Client 74 uploaded
Client 33 trained
Client 33 uploaded
Epoch(t): 214 accuracy: 82.09 loss 0.48598583847284316 run_time: 331.8848979473114
| current_epoch 215 |. Begin client select
SchedulerThread schedule Group [ 2 ], select( 10 clients):
4 | 7 | 10 | 18 | 20 | 31 | 38 | 60 | 84 | 89 |
-----------------------------------------------------------------Schedule complete
Client 84 trained
Client 84 uploaded
Client 31 trained
Client 31 uploaded
Client 38 trained
Client 38 uploaded
Client 7 trained
Client 7 uploaded
Client 60 trained
Client 60 uploaded
Client 20 trained
Client 20 uploaded
Client 10 trained
Client 10 uploaded
Client 4 trained
Client 4 uploaded
Client 18 trained
Client 18 uploaded
Client 89 trained
Client 89 uploaded
Epoch(t): 215 accuracy: 81.27 loss 0.5056194615364075 run_time: 333.3765478134155
| current_epoch 216 |. Begin client select
SchedulerThread schedule Group [ 4 ], select( 10 clients):
26 | 28 | 41 | 42 | 45 | 48 | 56 | 61 | 64 | 71 |
-----------------------------------------------------------------Schedule complete
Client 28 trained
Client 28 uploaded
Client 71 trained
Client 71 uploaded
Client 56 trained
Client 56 uploaded
Client 42 trained
Client 42 uploaded
Client 26 trained
Client 26 uploaded
Client 45 trained
Client 45 uploaded
Client 64 trained
Client 64 uploaded
Client 61 trained
Client 61 uploaded
Client 41 trained
Client 41 uploaded
Client 48 trained
Client 48 uploaded
Epoch(t): 216 accuracy: 83.05 loss 0.4713306978344917 run_time: 334.84014225006104
| current_epoch 217 |. Begin client select
SchedulerThread schedule Group [ 0 ], select( 11 clients):
11 | 29 | 32 | 35 | 57 | 58 | 65 | 67 | 77 | 78 | 98 |
-----------------------------------------------------------------Schedule complete
Client 58 trained
Client 58 uploaded
Client 57 trained
Client 57 uploaded
Client 78 trained
Client 78 uploaded
Client 11 trained
Client 11 uploaded
Client 35 trained
Client 35 uploaded
Client 29 trained
Client 29 uploaded
Client 32 trained
Client 32 uploaded
Client 65 trained
Client 65 uploaded
Client 77 trained
Client 77 uploaded
Client 98 trained
Client 98 uploaded
Client 67 trained
Client 67 uploaded
Epoch(t): 217 accuracy: 80.79 loss 0.5146638876199723 run_time: 336.4052426815033
| current_epoch 218 |. Begin client select
SchedulerThread schedule Group [ 1 ], select( 9 clients):
0 | 14 | 17 | 30 | 66 | 70 | 76 | 92 | 96 |
-----------------------------------------------------------------Schedule complete
Client 70 trained
Client 70 uploaded
Client 76 trained
Client 76 uploaded
Client 96 trained
Client 96 uploaded
Client 92 trained
Client 92 uploaded
Client 0 trained
Client 0 uploaded
Client 66 trained
Client 66 uploaded
Client 17 trained
Client 17 uploaded
Client 30 trained
Client 30 uploaded
Client 14 trained
Client 14 uploaded
Epoch(t): 218 accuracy: 82.34 loss 0.47887753635644914 run_time: 337.90149569511414
| current_epoch 219 |. Begin client select
SchedulerThread schedule Group [ 7 ], select( 11 clients):
2 | 6 | 22 | 34 | 39 | 54 | 83 | 90 | 94 | 97 | 99 |
-----------------------------------------------------------------Schedule complete
Client 2 trained
Client 2 uploaded
Client 90 trained
Client 90 uploaded
Client 83 trained
Client 83 uploaded
Client 6 trained
Client 6 uploaded
Client 99 trained
Client 99 uploaded
Client 34 trained
Client 34 uploaded
Client 22 trained
Client 22 uploaded
Client 54 trained
Client 54 uploaded
Client 97 trained
Client 97 uploaded
Client 94 trained
Client 94 uploaded
Client 39 trained
Client 39 uploaded
Epoch(t): 219 accuracy: 82.79 loss 0.47452602595090865 run_time: 339.56197571754456
| current_epoch 220 |. Begin client select
SchedulerThread schedule Group [ 6 ], select( 12 clients):
16 | 23 | 27 | 33 | 43 | 46 | 51 | 74 | 81 | 82 | 86 | 93 |
-----------------------------------------------------------------Schedule complete
Client 43 trained
Client 43 uploaded
Client 16 trained
Client 16 uploaded
Client 93 trained
Client 93 uploaded
Client 86 trained
Client 86 uploaded
Client 27 trained
Client 27 uploaded
Client 23 trained
Client 23 uploaded
Client 82 trained
Client 82 uploaded
Client 33 trained
Client 33 uploaded
Client 81 trained
Client 81 uploaded
Client 51 trained
Client 51 uploaded
Client 46 trained
Client 46 uploaded
Client 74 trained
Client 74 uploaded
Epoch(t): 220 accuracy: 82.0 loss 0.4843683460354805 run_time: 341.3385100364685
| current_epoch 221 |. Begin client select
SchedulerThread schedule Group [ 8 ], select( 9 clients):
1 | 5 | 8 | 37 | 44 | 59 | 62 | 85 | 91 |
-----------------------------------------------------------------Schedule complete
Client 44 trained
Client 44 uploaded
Client 5 trained
Client 5 uploaded
Client 8 trained
Client 8 uploaded
Client 37 trained
Client 37 uploaded
Client 62 trained
Client 62 uploaded
Client 91 trained
Client 91 uploaded
Client 1 trained
Client 1 uploaded
Client 85 trained
Client 85 uploaded
Client 59 trained
Client 59 uploaded
Epoch(t): 221 accuracy: 79.92 loss 0.5237627723813056 run_time: 342.84673142433167
| current_epoch 222 |. Begin client select
SchedulerThread schedule Group [ 9 ], select( 8 clients):
12 | 21 | 55 | 63 | 68 | 75 | 87 | 95 |
-----------------------------------------------------------------Schedule complete
Client 95 trained
Client 95 uploaded
Client 55 trained
Client 55 uploaded
Client 12 trained
Client 12 uploaded
Client 21 trained
Client 21 uploaded
Client 68 trained
Client 68 uploaded
Client 75 trained
Client 75 uploaded
Client 87 trained
Client 87 uploaded
Client 63 trained
Client 63 uploaded
Epoch(t): 222 accuracy: 82.64 loss 0.4812544739246368 run_time: 344.30090832710266
| current_epoch 223 |. Begin client select
SchedulerThread schedule Group [ 6 ], select( 12 clients):
16 | 23 | 27 | 33 | 43 | 46 | 51 | 74 | 81 | 82 | 86 | 93 |
-----------------------------------------------------------------Schedule complete
Client 43 trained
Client 43 uploaded
Client 27 trained
Client 27 uploaded
Client 93 trained
Client 93 uploaded
Client 16 trained
Client 16 uploaded
Client 86 trained
Client 86 uploaded
Client 23 trained
Client 23 uploaded
Client 74 trained
Client 74 uploaded
Client 46 trained
Client 46 uploaded
Client 82 trained
Client 82 uploaded
Client 81 trained
Client 81 uploaded
Client 51 trained
Client 51 uploaded
Client 33 trained
Client 33 uploaded
Epoch(t): 223 accuracy: 82.05 loss 0.4861334902048111 run_time: 345.9605162143707
| current_epoch 224 |. Begin client select
SchedulerThread schedule Group [ 3 ], select( 10 clients):
3 | 19 | 40 | 47 | 49 | 52 | 72 | 73 | 79 | 80 |
-----------------------------------------------------------------Schedule complete
Client 72 trained
Client 72 uploaded
Client 47 trained
Client 47 uploaded
Client 73 trained
Client 73 uploaded
Client 80 trained
Client 80 uploaded
Client 40 trained
Client 40 uploaded
Client 19 trained
Client 19 uploaded
Client 79 trained
Client 79 uploaded
Client 52 trained
Client 52 uploaded
Client 3 trained
Client 3 uploaded
Client 49 trained
Client 49 uploaded
Epoch(t): 224 accuracy: 83.6 loss 0.4563879320025444 run_time: 347.4785304069519
| current_epoch 225 |. Begin client select
SchedulerThread schedule Group [ 5 ], select( 10 clients):
9 | 13 | 15 | 24 | 25 | 36 | 50 | 53 | 69 | 88 |
-----------------------------------------------------------------Schedule complete
Client 25 trained
Client 25 uploaded
Client 53 trained
Client 53 uploaded
Client 50 trained
Client 50 uploaded
Client 36 trained
Client 36 uploaded
Client 9 trained
Client 9 uploaded
Client 69 trained
Client 69 uploaded
Client 13 trained
Client 13 uploaded
Client 88 trained
Client 88 uploaded
Client 15 trained
Client 15 uploaded
Client 24 trained
Client 24 uploaded
Epoch(t): 225 accuracy: 82.7 loss 0.467616091966629 run_time: 348.961763381958
| current_epoch 226 |. Begin client select
SchedulerThread schedule Group [ 0 ], select( 11 clients):
11 | 29 | 32 | 35 | 57 | 58 | 65 | 67 | 77 | 78 | 98 |
-----------------------------------------------------------------Schedule complete
Client 57 trained
Client 57 uploaded
Client 58 trained
Client 58 uploaded
Client 35 trained
Client 35 uploaded
Client 78 trained
Client 78 uploaded
Client 11 trained
Client 11 uploaded
Client 32 trained
Client 32 uploaded
Client 65 trained
Client 65 uploaded
Client 29 trained
Client 29 uploaded
Client 77 trained
Client 77 uploaded
Client 67 trained
Client 67 uploaded
Client 98 trained
Client 98 uploaded
Epoch(t): 226 accuracy: 81.0 loss 0.5022798258066178 run_time: 350.45710849761963
| current_epoch 227 |. Begin client select
SchedulerThread schedule Group [ 6 ], select( 12 clients):
16 | 23 | 27 | 33 | 43 | 46 | 51 | 74 | 81 | 82 | 86 | 93 |
-----------------------------------------------------------------Schedule complete
Client 43 trained
Client 43 uploaded
Client 93 trained
Client 93 uploaded
Client 16 trained
Client 16 uploaded
Client 27 trained
Client 27 uploaded
Client 86 trained
Client 86 uploaded
Client 23 trained
Client 23 uploaded
Client 33 trained
Client 33 uploaded
Client 81 trained
Client 81 uploaded
Client 46 trained
Client 46 uploaded
Client 82 trained
Client 82 uploaded
Client 74 trained
Client 74 uploaded
Client 51 trained
Client 51 uploaded
Epoch(t): 227 accuracy: 83.17 loss 0.46451144516468046 run_time: 352.08236026763916
| current_epoch 228 |. Begin client select
SchedulerThread schedule Group [ 2 ], select( 10 clients):
4 | 7 | 10 | 18 | 20 | 31 | 38 | 60 | 84 | 89 |
-----------------------------------------------------------------Schedule complete
Client 31 trained
Client 31 uploaded
Client 84 trained
Client 84 uploaded
Client 60 trained
Client 60 uploaded
Client 38 trained
Client 38 uploaded
Client 7 trained
Client 7 uploaded
Client 20 trained
Client 20 uploaded
Client 10 trained
Client 10 uploaded
Client 4 trained
Client 4 uploaded
Client 89 trained
Client 89 uploaded
Client 18 trained
Client 18 uploaded
Epoch(t): 228 accuracy: 82.3 loss 0.4804727250337601 run_time: 353.52547454833984
| current_epoch 229 |. Begin client select
SchedulerThread schedule Group [ 6 ], select( 12 clients):
16 | 23 | 27 | 33 | 43 | 46 | 51 | 74 | 81 | 82 | 86 | 93 |
-----------------------------------------------------------------Schedule complete
Client 43 trained
Client 43 uploaded
Client 93 trained
Client 93 uploaded
Client 86 trained
Client 86 uploaded
Client 16 trained
Client 16 uploaded
Client 27 trained
Client 27 uploaded
Client 23 trained
Client 23 uploaded
Client 46 trained
Client 46 uploaded
Client 81 trained
Client 81 uploaded
Client 51 trained
Client 51 uploaded
Client 74 trained
Client 74 uploaded
Client 33 trained
Client 33 uploaded
Client 82 trained
Client 82 uploaded
Epoch(t): 229 accuracy: 82.18 loss 0.4831021440029144 run_time: 354.9846715927124
| current_epoch 230 |. Begin client select
SchedulerThread schedule Group [ 9 ], select( 8 clients):
12 | 21 | 55 | 63 | 68 | 75 | 87 | 95 |
-----------------------------------------------------------------Schedule complete
Client 55 trained
Client 55 uploaded
Client 95 trained
Client 95 uploaded
Client 21 trained
Client 21 uploaded
Client 12 trained
Client 12 uploaded
Client 68 trained
Client 68 uploaded
Client 87 trained
Client 87 uploaded
Client 63 trained
Client 63 uploaded
Client 75 trained
Client 75 uploaded
Epoch(t): 230 accuracy: 83.33 loss 0.4604049974679947 run_time: 356.36760234832764
| current_epoch 231 |. Begin client select
SchedulerThread schedule Group [ 7 ], select( 11 clients):
2 | 6 | 22 | 34 | 39 | 54 | 83 | 90 | 94 | 97 | 99 |
-----------------------------------------------------------------Schedule complete
Client 6 trained
Client 6 uploaded
Client 90 trained
Client 90 uploaded
Client 83 trained
Client 83 uploaded
Client 2 trained
Client 2 uploaded
Client 34 trained
Client 34 uploaded
Client 99 trained
Client 99 uploaded
Client 54 trained
Client 54 uploaded
Client 22 trained
Client 22 uploaded
Client 94 trained
Client 94 uploaded
Client 97 trained
Client 97 uploaded
Client 39 trained
Client 39 uploaded
Epoch(t): 231 accuracy: 82.98 loss 0.4679835334420204 run_time: 357.93544602394104
| current_epoch 232 |. Begin client select
SchedulerThread schedule Group [ 0 ], select( 11 clients):
11 | 29 | 32 | 35 | 57 | 58 | 65 | 67 | 77 | 78 | 98 |
-----------------------------------------------------------------Schedule complete
Client 58 trained
Client 58 uploaded
Client 57 trained
Client 57 uploaded
Client 35 trained
Client 35 uploaded
Client 78 trained
Client 78 uploaded
Client 11 trained
Client 11 uploaded
Client 77 trained
Client 77 uploaded
Client 29 trained
Client 29 uploaded
Client 32 trained
Client 32 uploaded
Client 65 trained
Client 65 uploaded
Client 98 trained
Client 98 uploaded
Client 67 trained
Client 67 uploaded
Epoch(t): 232 accuracy: 81.31 loss 0.5064789339900017 run_time: 359.4749825000763
| current_epoch 233 |. Begin client select
SchedulerThread schedule Group [ 4 ], select( 10 clients):
26 | 28 | 41 | 42 | 45 | 48 | 56 | 61 | 64 | 71 |
-----------------------------------------------------------------Schedule complete
Client 28 trained
Client 28 uploaded
Client 71 trained
Client 71 uploaded
Client 56 trained
Client 56 uploaded
Client 42 trained
Client 42 uploaded
Client 64 trained
Client 64 uploaded
Client 26 trained
Client 26 uploaded
Client 45 trained
Client 45 uploaded
Client 48 trained
Client 48 uploaded
Client 41 trained
Client 41 uploaded
Client 61 trained
Client 61 uploaded
Epoch(t): 233 accuracy: 82.72 loss 0.4750203958153725 run_time: 361.0168480873108
| current_epoch 234 |. Begin client select
SchedulerThread schedule Group [ 6 ], select( 12 clients):
16 | 23 | 27 | 33 | 43 | 46 | 51 | 74 | 81 | 82 | 86 | 93 |
-----------------------------------------------------------------Schedule complete
Client 43 trained
Client 43 uploaded
Client 93 trained
Client 93 uploaded
Client 16 trained
Client 16 uploaded
Client 27 trained
Client 27 uploaded
Client 86 trained
Client 86 uploaded
Client 23 trained
Client 23 uploaded
Client 33 trained
Client 33 uploaded
Client 82 trained
Client 82 uploaded
Client 46 trained
Client 46 uploaded
Client 51 trained
Client 51 uploaded
Client 81 trained
Client 81 uploaded
Client 74 trained
Client 74 uploaded
Epoch(t): 234 accuracy: 82.13 loss 0.47656149059534075 run_time: 362.6523873806
| current_epoch 235 |. Begin client select
SchedulerThread schedule Group [ 6 ], select( 12 clients):
16 | 23 | 27 | 33 | 43 | 46 | 51 | 74 | 81 | 82 | 86 | 93 |
-----------------------------------------------------------------Schedule complete
Client 43 trained
Client 43 uploaded
Client 16 trained
Client 16 uploaded
Client 86 trained
Client 86 uploaded
Client 93 trained
Client 93 uploaded
Client 23 trained
Client 23 uploaded
Client 46 trained
Client 46 uploaded
Client 27 trained
Client 27 uploaded
Client 82 trained
Client 82 uploaded
Client 74 trained
Client 74 uploaded
Client 51 trained
Client 51 uploaded
Client 33 trained
Client 33 uploaded
Client 81 trained
Client 81 uploaded
Epoch(t): 235 accuracy: 82.29 loss 0.48656198114156723 run_time: 364.4503433704376
| current_epoch 236 |. Begin client select
SchedulerThread schedule Group [ 8 ], select( 9 clients):
1 | 5 | 8 | 37 | 44 | 59 | 62 | 85 | 91 |
-----------------------------------------------------------------Schedule complete
Client 5 trained
Client 5 uploaded
Client 44 trained
Client 44 uploaded
Client 37 trained
Client 37 uploaded
Client 8 trained
Client 8 uploaded
Client 85 trained
Client 85 uploaded
Client 1 trained
Client 1 uploaded
Client 59 trained
Client 59 uploaded
Client 62 trained
Client 62 uploaded
Client 91 trained
Client 91 uploaded
Epoch(t): 236 accuracy: 82.17 loss 0.47908860832452776 run_time: 365.9192214012146
| current_epoch 237 |. Begin client select
SchedulerThread schedule Group [ 5 ], select( 10 clients):
9 | 13 | 15 | 24 | 25 | 36 | 50 | 53 | 69 | 88 |
-----------------------------------------------------------------Schedule complete
Client 25 trained
Client 25 uploaded
Client 50 trained
Client 50 uploaded
Client 53 trained
Client 53 uploaded
Client 36 trained
Client 36 uploaded
Client 69 trained
Client 69 uploaded
Client 9 trained
Client 9 uploaded
Client 13 trained
Client 13 uploaded
Client 88 trained
Client 88 uploaded
Client 24 trained
Client 24 uploaded
Client 15 trained
Client 15 uploaded
Epoch(t): 237 accuracy: 82.75 loss 0.46492668360471723 run_time: 367.39607667922974
| current_epoch 238 |. Begin client select
SchedulerThread schedule Group [ 1 ], select( 9 clients):
0 | 14 | 17 | 30 | 66 | 70 | 76 | 92 | 96 |
-----------------------------------------------------------------Schedule complete
Client 70 trained
Client 70 uploaded
Client 76 trained
Client 76 uploaded
Client 96 trained
Client 96 uploaded
Client 92 trained
Client 92 uploaded
Client 66 trained
Client 66 uploaded
Client 0 trained
Client 0 uploaded
Client 14 trained
Client 14 uploaded
Client 17 trained
Client 17 uploaded
Client 30 trained
Client 30 uploaded
Epoch(t): 238 accuracy: 82.77 loss 0.46635018110275267 run_time: 369.0870978832245
| current_epoch 239 |. Begin client select
SchedulerThread schedule Group [ 9 ], select( 8 clients):
12 | 21 | 55 | 63 | 68 | 75 | 87 | 95 |
-----------------------------------------------------------------Schedule complete
Client 95 trained
Client 95 uploaded
Client 68 trained
Client 68 uploaded
Client 55 trained
Client 55 uploaded
Client 21 trained
Client 21 uploaded
Client 87 trained
Client 87 uploaded
Client 75 trained
Client 75 uploaded
Client 63 trained
Client 63 uploaded
Client 12 trained
Client 12 uploaded
Epoch(t): 239 accuracy: 82.77 loss 0.4726261281967163 run_time: 370.51527404785156
| current_epoch 240 |. Begin client select
SchedulerThread schedule Group [ 3 ], select( 10 clients):
3 | 19 | 40 | 47 | 49 | 52 | 72 | 73 | 79 | 80 |
-----------------------------------------------------------------Schedule complete
Client 72 trained
Client 72 uploaded
Client 47 trained
Client 47 uploaded
Client 73 trained
Client 73 uploaded
Client 40 trained
Client 40 uploaded
Client 80 trained
Client 80 uploaded
Client 19 trained
Client 19 uploaded
Client 3 trained
Client 3 uploaded
Client 79 trained
Client 79 uploaded
Client 52 trained
Client 52 uploaded
Client 49 trained
Client 49 uploaded
Epoch(t): 240 accuracy: 83.75 loss 0.4497679704427719 run_time: 372.12695503234863
| current_epoch 241 |. Begin client select
SchedulerThread schedule Group [ 6 ], select( 12 clients):
16 | 23 | 27 | 33 | 43 | 46 | 51 | 74 | 81 | 82 | 86 | 93 |
-----------------------------------------------------------------Schedule complete
Client 43 trained
Client 43 uploaded
Client 86 trained
Client 86 uploaded
Client 16 trained
Client 16 uploaded
Client 23 trained
Client 23 uploaded
Client 27 trained
Client 27 uploaded
Client 93 trained
Client 93 uploaded
Client 82 trained
Client 82 uploaded
Client 33 trained
Client 33 uploaded
Client 46 trained
Client 46 uploaded
Client 81 trained
Client 81 uploaded
Client 74 trained
Client 74 uploaded
Client 51 trained
Client 51 uploaded
Epoch(t): 241 accuracy: 82.11 loss 0.47991052687168123 run_time: 373.8337953090668
| current_epoch 242 |. Begin client select
SchedulerThread schedule Group [ 2 ], select( 10 clients):
4 | 7 | 10 | 18 | 20 | 31 | 38 | 60 | 84 | 89 |
-----------------------------------------------------------------Schedule complete
Client 84 trained
Client 84 uploaded
Client 31 trained
Client 31 uploaded
Client 38 trained
Client 38 uploaded
Client 60 trained
Client 60 uploaded
Client 20 trained
Client 20 uploaded
Client 10 trained
Client 10 uploaded
Client 4 trained
Client 4 uploaded
Client 7 trained
Client 7 uploaded
Client 89 trained
Client 89 uploaded
Client 18 trained
Client 18 uploaded
Epoch(t): 242 accuracy: 82.5 loss 0.47306287333369257 run_time: 375.28484535217285
| current_epoch 243 |. Begin client select
SchedulerThread schedule Group [ 0 ], select( 11 clients):
11 | 29 | 32 | 35 | 57 | 58 | 65 | 67 | 77 | 78 | 98 |
-----------------------------------------------------------------Schedule complete
Client 58 trained
Client 58 uploaded
Client 57 trained
Client 57 uploaded
Client 35 trained
Client 35 uploaded
Client 78 trained
Client 78 uploaded
Client 29 trained
Client 29 uploaded
Client 11 trained
Client 11 uploaded
Client 65 trained
Client 65 uploaded
Client 77 trained
Client 77 uploaded
Client 32 trained
Client 32 uploaded
Client 67 trained
Client 67 uploaded
Client 98 trained
Client 98 uploaded
Epoch(t): 243 accuracy: 81.38 loss 0.49450147688388824 run_time: 376.87470412254333
| current_epoch 244 |. Begin client select
SchedulerThread schedule Group [ 7 ], select( 11 clients):
2 | 6 | 22 | 34 | 39 | 54 | 83 | 90 | 94 | 97 | 99 |
-----------------------------------------------------------------Schedule complete
Client 90 trained
Client 90 uploaded
Client 34 trained
Client 34 uploaded
Client 83 trained
Client 83 uploaded
Client 2 trained
Client 2 uploaded
Client 6 trained
Client 6 uploaded
Client 99 trained
Client 99 uploaded
Client 22 trained
Client 22 uploaded
Client 94 trained
Client 94 uploaded
Client 54 trained
Client 54 uploaded
Client 39 trained
Client 39 uploaded
Client 97 trained
Client 97 uploaded
Epoch(t): 244 accuracy: 83.5 loss 0.4554362519085407 run_time: 378.3554265499115
| current_epoch 245 |. Begin client select
SchedulerThread schedule Group [ 6 ], select( 12 clients):
16 | 23 | 27 | 33 | 43 | 46 | 51 | 74 | 81 | 82 | 86 | 93 |
-----------------------------------------------------------------Schedule complete
Client 43 trained
Client 43 uploaded
Client 16 trained
Client 16 uploaded
Client 86 trained
Client 86 uploaded
Client 27 trained
Client 27 uploaded
Client 93 trained
Client 93 uploaded
Client 23 trained
Client 23 uploaded
Client 33 trained
Client 33 uploaded
Client 82 trained
Client 82 uploaded
Client 46 trained
Client 46 uploaded
Client 74 trained
Client 74 uploaded
Client 51 trained
Client 51 uploaded
Client 81 trained
Client 81 uploaded
Epoch(t): 245 accuracy: 83.09 loss 0.46577361345291135 run_time: 380.1189754009247
| current_epoch 246 |. Begin client select
SchedulerThread schedule Group [ 6 ], select( 12 clients):
16 | 23 | 27 | 33 | 43 | 46 | 51 | 74 | 81 | 82 | 86 | 93 |
-----------------------------------------------------------------Schedule complete
Client 43 trained
Client 43 uploaded
Client 93 trained
Client 93 uploaded
Client 27 trained
Client 27 uploaded
Client 16 trained
Client 16 uploaded
Client 86 trained
Client 86 uploaded
Client 23 trained
Client 23 uploaded
Client 46 trained
Client 46 uploaded
Client 33 trained
Client 33 uploaded
Client 82 trained
Client 82 uploaded
Client 81 trained
Client 81 uploaded
Client 74 trained
Client 74 uploaded
Client 51 trained
Client 51 uploaded
Epoch(t): 246 accuracy: 82.52 loss 0.47779587596654893 run_time: 381.80386662483215
| current_epoch 247 |. Begin client select
SchedulerThread schedule Group [ 6 ], select( 12 clients):
16 | 23 | 27 | 33 | 43 | 46 | 51 | 74 | 81 | 82 | 86 | 93 |
-----------------------------------------------------------------Schedule complete
Client 43 trained
Client 43 uploaded
Client 93 trained
Client 93 uploaded
Client 27 trained
Client 27 uploaded
Client 16 trained
Client 16 uploaded
Client 86 trained
Client 86 uploaded
Client 74 trained
Client 74 uploaded
Client 82 trained
Client 82 uploaded
Client 51 trained
Client 51 uploaded
Client 23 trained
Client 23 uploaded
Client 81 trained
Client 81 uploaded
Client 46 trained
Client 46 uploaded
Client 33 trained
Client 33 uploaded
Epoch(t): 247 accuracy: 81.91 loss 0.4852635577321053 run_time: 383.49863386154175
| current_epoch 248 |. Begin client select
SchedulerThread schedule Group [ 5 ], select( 10 clients):
9 | 13 | 15 | 24 | 25 | 36 | 50 | 53 | 69 | 88 |
-----------------------------------------------------------------Schedule complete
Client 50 trained
Client 50 uploaded
Client 25 trained
Client 25 uploaded
Client 53 trained
Client 53 uploaded
Client 9 trained
Client 9 uploaded
Client 36 trained
Client 36 uploaded
Client 69 trained
Client 69 uploaded
Client 88 trained
Client 88 uploaded
Client 13 trained
Client 13 uploaded
Client 15 trained
Client 15 uploaded
Client 24 trained
Client 24 uploaded
Epoch(t): 248 accuracy: 83.64 loss 0.4489472255110741 run_time: 385.0651488304138
| current_epoch 249 |. Begin client select
SchedulerThread schedule Group [ 6 ], select( 12 clients):
16 | 23 | 27 | 33 | 43 | 46 | 51 | 74 | 81 | 82 | 86 | 93 |
-----------------------------------------------------------------Schedule complete
Client 43 trained
Client 43 uploaded
Client 93 trained
Client 93 uploaded
Client 27 trained
Client 27 uploaded
Client 16 trained
Client 16 uploaded
Client 86 trained
Client 86 uploaded
Client 23 trained
Client 23 uploaded
Client 51 trained
Client 51 uploaded
Client 81 trained
Client 81 uploaded
Client 33 trained
Client 33 uploaded
Client 46 trained
Client 46 uploaded
Client 74 trained
Client 74 uploaded
Client 82 trained
Client 82 uploaded
Epoch(t): 249 accuracy: 82.19 loss 0.47702586740255354 run_time: 386.7686493396759
| current_epoch 250 |. Begin client select
SchedulerThread schedule Group [ 0 ], select( 11 clients):
11 | 29 | 32 | 35 | 57 | 58 | 65 | 67 | 77 | 78 | 98 |
-----------------------------------------------------------------Schedule complete
Client 58 trained
Client 58 uploaded
Client 57 trained
Client 57 uploaded
Client 78 trained
Client 78 uploaded
Client 35 trained
Client 35 uploaded
Client 29 trained
Client 29 uploaded
Client 11 trained
Client 11 uploaded
Client 77 trained
Client 77 uploaded
Client 65 trained
Client 65 uploaded
Client 32 trained
Client 32 uploaded
Client 67 trained
Client 67 uploaded
Client 98 trained
Client 98 uploaded
Epoch(t): 250 accuracy: 82.43 loss 0.4789345994591713 run_time: 388.37267088890076
| current_epoch 251 |. Begin client select
SchedulerThread schedule Group [ 4 ], select( 10 clients):
26 | 28 | 41 | 42 | 45 | 48 | 56 | 61 | 64 | 71 |
-----------------------------------------------------------------Schedule complete
Client 28 trained
Client 28 uploaded
Client 71 trained
Client 71 uploaded
Client 56 trained
Client 56 uploaded
Client 42 trained
Client 42 uploaded
Client 45 trained
Client 45 uploaded
Client 64 trained
Client 64 uploaded
Client 26 trained
Client 26 uploaded
Client 61 trained
Client 61 uploaded
Client 48 trained
Client 48 uploaded
Client 41 trained
Client 41 uploaded
Epoch(t): 251 accuracy: 83.6 loss 0.45410162895917894 run_time: 389.94060826301575
| current_epoch 252 |. Begin client select
SchedulerThread schedule Group [ 9 ], select( 8 clients):
12 | 21 | 55 | 63 | 68 | 75 | 87 | 95 |
-----------------------------------------------------------------Schedule complete
Client 75 trained
Client 75 uploaded
Client 55 trained
Client 55 uploaded
Client 95 trained
Client 95 uploaded
Client 68 trained
Client 68 uploaded
Client 21 trained
Client 21 uploaded
Client 87 trained
Client 87 uploaded
Client 12 trained
Client 12 uploaded
Client 63 trained
Client 63 uploaded
Epoch(t): 252 accuracy: 83.8 loss 0.4525230896472931 run_time: 391.42409110069275
| current_epoch 253 |. Begin client select
SchedulerThread schedule Group [ 8 ], select( 9 clients):
1 | 5 | 8 | 37 | 44 | 59 | 62 | 85 | 91 |
-----------------------------------------------------------------Schedule complete
Client 59 trained
Client 59 uploaded
Client 5 trained
Client 5 uploaded
Client 8 trained
Client 8 uploaded
Client 37 trained
Client 37 uploaded
Client 44 trained
Client 44 uploaded
Client 62 trained
Client 62 uploaded
Client 91 trained
Client 91 uploaded
Client 85 trained
Client 85 uploaded
Client 1 trained
Client 1 uploaded
Epoch(t): 253 accuracy: 81.64 loss 0.49461215019226074 run_time: 392.98549151420593
| current_epoch 254 |. Begin client select
SchedulerThread schedule Group [ 3 ], select( 10 clients):
3 | 19 | 40 | 47 | 49 | 52 | 72 | 73 | 79 | 80 |
-----------------------------------------------------------------Schedule complete
Client 72 trained
Client 72 uploaded
Client 73 trained
Client 73 uploaded
Client 40 trained
Client 40 uploaded
Client 47 trained
Client 47 uploaded
Client 80 trained
Client 80 uploaded
Client 19 trained
Client 19 uploaded
Client 79 trained
Client 79 uploaded
Client 3 trained
Client 3 uploaded
Client 52 trained
Client 52 uploaded
Client 49 trained
Client 49 uploaded
Epoch(t): 254 accuracy: 83.91 loss 0.44594613298773766 run_time: 394.54555106163025
| current_epoch 255 |. Begin client select
SchedulerThread schedule Group [ 2 ], select( 10 clients):
4 | 7 | 10 | 18 | 20 | 31 | 38 | 60 | 84 | 89 |
-----------------------------------------------------------------Schedule complete
Client 84 trained
Client 84 uploaded
Client 31 trained
Client 31 uploaded
Client 38 trained
Client 38 uploaded
Client 7 trained
Client 7 uploaded
Client 60 trained
Client 60 uploaded
Client 20 trained
Client 20 uploaded
Client 10 trained
Client 10 uploaded
Client 4 trained
Client 4 uploaded
Client 89 trained
Client 18 trained
Client 89 uploaded
Client 18 uploaded
Epoch(t): 255 accuracy: 82.66 loss 0.4710110718011856 run_time: 396.0755536556244
| current_epoch 256 |. Begin client select
SchedulerThread schedule Group [ 6 ], select( 12 clients):
16 | 23 | 27 | 33 | 43 | 46 | 51 | 74 | 81 | 82 | 86 | 93 |
-----------------------------------------------------------------Schedule complete
Client 43 trained
Client 43 uploaded
Client 27 trained
Client 27 uploaded
Client 93 trained
Client 93 uploaded
Client 16 trained
Client 16 uploaded
Client 86 trained
Client 86 uploaded
Client 46 trained
Client 46 uploaded
Client 23 trained
Client 23 uploaded
Client 74 trained
Client 74 uploaded
Client 81 trained
Client 81 uploaded
Client 33 trained
Client 33 uploaded
Client 82 trained
Client 82 uploaded
Client 51 trained
Client 51 uploaded
Epoch(t): 256 accuracy: 83.28 loss 0.45935840129852296 run_time: 397.6828513145447
| current_epoch 257 |. Begin client select
SchedulerThread schedule Group [ 7 ], select( 11 clients):
2 | 6 | 22 | 34 | 39 | 54 | 83 | 90 | 94 | 97 | 99 |
-----------------------------------------------------------------Schedule complete
Client 6 trained
Client 6 uploaded
Client 90 trained
Client 90 uploaded
Client 99 trained
Client 99 uploaded
Client 83 trained
Client 83 uploaded
Client 2 trained
Client 2 uploaded
Client 34 trained
Client 34 uploaded
Client 54 trained
Client 54 uploaded
Client 22 trained
Client 22 uploaded
Client 94 trained
Client 94 uploaded
Client 97 trained
Client 97 uploaded
Client 39 trained
Client 39 uploaded
Epoch(t): 257 accuracy: 83.12 loss 0.4601545572280884 run_time: 399.2596170902252
| current_epoch 258 |. Begin client select
SchedulerThread schedule Group [ 0 ], select( 11 clients):
11 | 29 | 32 | 35 | 57 | 58 | 65 | 67 | 77 | 78 | 98 |
-----------------------------------------------------------------Schedule complete
Client 57 trained
Client 57 uploaded
Client 58 trained
Client 58 uploaded
Client 35 trained
Client 35 uploaded
Client 78 trained
Client 78 uploaded
Client 29 trained
Client 29 uploaded
Client 77 trained
Client 77 uploaded
Client 11 trained
Client 11 uploaded
Client 32 trained
Client 32 uploaded
Client 65 trained
Client 65 uploaded
Client 98 trained
Client 98 uploaded
Client 67 trained
Client 67 uploaded
Epoch(t): 258 accuracy: 81.58 loss 0.4916733634471893 run_time: 400.7231123447418
| current_epoch 259 |. Begin client select
SchedulerThread schedule Group [ 1 ], select( 9 clients):
0 | 14 | 17 | 30 | 66 | 70 | 76 | 92 | 96 |
-----------------------------------------------------------------Schedule complete
Client 14 trained
Client 14 uploaded
Client 70 trained
Client 70 uploaded
Client 76 trained
Client 76 uploaded
Client 96 trained
Client 96 uploaded
Client 92 trained
Client 92 uploaded
Client 66 trained
Client 66 uploaded
Client 17 trained
Client 17 uploaded
Client 0 trained
Client 0 uploaded
Client 30 trained
Client 30 uploaded
Epoch(t): 259 accuracy: 82.63 loss 0.47086369842290876 run_time: 402.22624254226685
| current_epoch 260 |. Begin client select
SchedulerThread schedule Group [ 5 ], select( 10 clients):
9 | 13 | 15 | 24 | 25 | 36 | 50 | 53 | 69 | 88 |
-----------------------------------------------------------------Schedule complete
Client 25 trained
Client 25 uploaded
Client 50 trained
Client 50 uploaded
Client 53 trained
Client 53 uploaded
Client 36 trained
Client 36 uploaded
Client 9 trained
Client 9 uploaded
Client 69 trained
Client 69 uploaded
Client 13 trained
Client 13 uploaded
Client 88 trained
Client 88 uploaded
Client 15 trained
Client 15 uploaded
Client 24 trained
Client 24 uploaded
Epoch(t): 260 accuracy: 83.84 loss 0.4438100364804268 run_time: 403.94417119026184
| current_epoch 261 |. Begin client select
SchedulerThread schedule Group [ 9 ], select( 8 clients):
12 | 21 | 55 | 63 | 68 | 75 | 87 | 95 |
-----------------------------------------------------------------Schedule complete
Client 95 trained
Client 95 uploaded
Client 87 trained
Client 87 uploaded
Client 55 trained
Client 55 uploaded
Client 12 trained
Client 12 uploaded
Client 68 trained
Client 68 uploaded
Client 21 trained
Client 21 uploaded
Client 63 trained
Client 63 uploaded
Client 75 trained
Client 75 uploaded
Epoch(t): 261 accuracy: 83.98 loss 0.43989901974797246 run_time: 405.4978494644165
| current_epoch 262 |. Begin client select
SchedulerThread schedule Group [ 6 ], select( 12 clients):
16 | 23 | 27 | 33 | 43 | 46 | 51 | 74 | 81 | 82 | 86 | 93 |
-----------------------------------------------------------------Schedule complete
Client 43 trained
Client 43 uploaded
Client 27 trained
Client 27 uploaded
Client 16 trained
Client 16 uploaded
Client 93 trained
Client 93 uploaded
Client 86 trained
Client 86 uploaded
Client 23 trained
Client 23 uploaded
Client 33 trained
Client 33 uploaded
Client 46 trained
Client 46 uploaded
Client 82 trained
Client 82 uploaded
Client 51 trained
Client 51 uploaded
Client 74 trained
Client 74 uploaded
Client 81 trained
Client 81 uploaded
Epoch(t): 262 accuracy: 83.15 loss 0.4631058338284493 run_time: 407.19100618362427
| current_epoch 263 |. Begin client select
SchedulerThread schedule Group [ 2 ], select( 10 clients):
4 | 7 | 10 | 18 | 20 | 31 | 38 | 60 | 84 | 89 |
-----------------------------------------------------------------Schedule complete
Client 38 trained
Client 38 uploaded
Client 31 trained
Client 31 uploaded
Client 84 trained
Client 84 uploaded
Client 60 trained
Client 60 uploaded
Client 7 trained
Client 7 uploaded
Client 20 trained
Client 20 uploaded
Client 10 trained
Client 10 uploaded
Client 4 trained
Client 4 uploaded
Client 18 trained
Client 18 uploaded
Client 89 trained
Client 89 uploaded
Epoch(t): 263 accuracy: 83.05 loss 0.459591449201107 run_time: 408.80177664756775
| current_epoch 264 |. Begin client select
SchedulerThread schedule Group [ 6 ], select( 12 clients):
16 | 23 | 27 | 33 | 43 | 46 | 51 | 74 | 81 | 82 | 86 | 93 |
-----------------------------------------------------------------Schedule complete
Client 43 trained
Client 43 uploaded
Client 86 trained
Client 86 uploaded
Client 93 trained
Client 93 uploaded
Client 27 trained
Client 27 uploaded
Client 16 trained
Client 16 uploaded
Client 23 trained
Client 23 uploaded
Client 33 trained
Client 33 uploaded
Client 46 trained
Client 46 uploaded
Client 51 trained
Client 51 uploaded
Client 82 trained
Client 82 uploaded
Client 74 trained
Client 74 uploaded
Client 81 trained
Client 81 uploaded
Epoch(t): 264 accuracy: 82.97 loss 0.46388864070177077 run_time: 410.3996033668518
| current_epoch 265 |. Begin client select
SchedulerThread schedule Group [ 7 ], select( 11 clients):
2 | 6 | 22 | 34 | 39 | 54 | 83 | 90 | 94 | 97 | 99 |
-----------------------------------------------------------------Schedule complete
Client 6 trained
Client 6 uploaded
Client 90 trained
Client 90 uploaded
Client 2 trained
Client 2 uploaded
Client 83 trained
Client 83 uploaded
Client 34 trained
Client 34 uploaded
Client 99 trained
Client 99 uploaded
Client 22 trained
Client 22 uploaded
Client 97 trained
Client 97 uploaded
Client 54 trained
Client 54 uploaded
Client 39 trained
Client 39 uploaded
Client 94 trained
Client 94 uploaded
Epoch(t): 265 accuracy: 83.81 loss 0.4450500985980034 run_time: 412.02528142929077
| current_epoch 266 |. Begin client select
SchedulerThread schedule Group [ 0 ], select( 11 clients):
11 | 29 | 32 | 35 | 57 | 58 | 65 | 67 | 77 | 78 | 98 |
-----------------------------------------------------------------Schedule complete
Client 57 trained
Client 57 uploaded
Client 58 trained
Client 58 uploaded
Client 78 trained
Client 78 uploaded
Client 35 trained
Client 35 uploaded
Client 11 trained
Client 11 uploaded
Client 29 trained
Client 29 uploaded
Client 32 trained
Client 32 uploaded
Client 98 trained
Client 98 uploaded
Client 65 trained
Client 65 uploaded
Client 77 trained
Client 77 uploaded
Client 67 trained
Client 67 uploaded
Epoch(t): 266 accuracy: 81.59 loss 0.48918995648622515 run_time: 413.55652356147766
| current_epoch 267 |. Begin client select
SchedulerThread schedule Group [ 4 ], select( 10 clients):
26 | 28 | 41 | 42 | 45 | 48 | 56 | 61 | 64 | 71 |
-----------------------------------------------------------------Schedule complete
Client 28 trained
Client 28 uploaded
Client 56 trained
Client 56 uploaded
Client 71 trained
Client 71 uploaded
Client 42 trained
Client 42 uploaded
Client 26 trained
Client 26 uploaded
Client 45 trained
Client 45 uploaded
Client 64 trained
Client 64 uploaded
Client 48 trained
Client 48 uploaded
Client 41 trained
Client 41 uploaded
Client 61 trained
Client 61 uploaded
Epoch(t): 267 accuracy: 84.07 loss 0.44312379211187364 run_time: 415.13829159736633
| current_epoch 268 |. Begin client select
SchedulerThread schedule Group [ 8 ], select( 9 clients):
1 | 5 | 8 | 37 | 44 | 59 | 62 | 85 | 91 |
-----------------------------------------------------------------Schedule complete
Client 5 trained
Client 5 uploaded
Client 44 trained
Client 44 uploaded
Client 8 trained
Client 8 uploaded
Client 1 trained
Client 1 uploaded
Client 91 trained
Client 91 uploaded
Client 85 trained
Client 85 uploaded
Client 62 trained
Client 62 uploaded
Client 37 trained
Client 37 uploaded
Client 59 trained
Client 59 uploaded
Epoch(t): 268 accuracy: 81.84 loss 0.4900579366087914 run_time: 416.5434753894806
| current_epoch 269 |. Begin client select
SchedulerThread schedule Group [ 6 ], select( 12 clients):
16 | 23 | 27 | 33 | 43 | 46 | 51 | 74 | 81 | 82 | 86 | 93 |
-----------------------------------------------------------------Schedule complete
Client 43 trained
Client 43 uploaded
Client 93 trained
Client 93 uploaded
Client 27 trained
Client 27 uploaded
Client 86 trained
Client 86 uploaded
Client 16 trained
Client 16 uploaded
Client 23 trained
Client 23 uploaded
Client 74 trained
Client 74 uploaded
Client 33 trained
Client 33 uploaded
Client 46 trained
Client 46 uploaded
Client 82 trained
Client 82 uploaded
Client 81 trained
Client 81 uploaded
Client 51 trained
Client 51 uploaded
Epoch(t): 269 accuracy: 83.96 loss 0.44867832273244856 run_time: 418.32207798957825
| current_epoch 270 |. Begin client select
SchedulerThread schedule Group [ 6 ], select( 12 clients):
16 | 23 | 27 | 33 | 43 | 46 | 51 | 74 | 81 | 82 | 86 | 93 |
-----------------------------------------------------------------Schedule complete
Client 43 trained
Client 43 uploaded
Client 16 trained
Client 16 uploaded
Client 93 trained
Client 93 uploaded
Client 27 trained
Client 27 uploaded
Client 23 trained
Client 23 uploaded
Client 86 trained
Client 86 uploaded
Client 46 trained
Client 46 uploaded
Client 81 trained
Client 81 uploaded
Client 51 trained
Client 51 uploaded
Client 33 trained
Client 33 uploaded
Client 74 trained
Client 74 uploaded
Client 82 trained
Client 82 uploaded
Epoch(t): 270 accuracy: 83.4 loss 0.4621699407696724 run_time: 419.86902809143066
| current_epoch 271 |. Begin client select
SchedulerThread schedule Group [ 3 ], select( 10 clients):
3 | 19 | 40 | 47 | 49 | 52 | 72 | 73 | 79 | 80 |
-----------------------------------------------------------------Schedule complete
Client 72 trained
Client 72 uploaded
Client 73 trained
Client 73 uploaded
Client 40 trained
Client 40 uploaded
Client 47 trained
Client 47 uploaded
Client 80 trained
Client 80 uploaded
Client 19 trained
Client 19 uploaded
Client 79 trained
Client 79 uploaded
Client 52 trained
Client 52 uploaded
Client 3 trained
Client 3 uploaded
Client 49 trained
Client 49 uploaded
Epoch(t): 271 accuracy: 84.42 loss 0.43304698780179024 run_time: 421.5444552898407
| current_epoch 272 |. Begin client select
SchedulerThread schedule Group [ 9 ], select( 8 clients):
12 | 21 | 55 | 63 | 68 | 75 | 87 | 95 |
-----------------------------------------------------------------Schedule complete
Client 55 trained
Client 55 uploaded
Client 95 trained
Client 95 uploaded
Client 75 trained
Client 75 uploaded
Client 12 trained
Client 12 uploaded
Client 68 trained
Client 68 uploaded
Client 21 trained
Client 21 uploaded
Client 87 trained
Client 87 uploaded
Client 63 trained
Client 63 uploaded
Epoch(t): 272 accuracy: 84.16 loss 0.4445122005045414 run_time: 422.874219417572
| current_epoch 273 |. Begin client select
SchedulerThread schedule Group [ 5 ], select( 10 clients):
9 | 13 | 15 | 24 | 25 | 36 | 50 | 53 | 69 | 88 |
-----------------------------------------------------------------Schedule complete
Client 25 trained
Client 25 uploaded
Client 50 trained
Client 50 uploaded
Client 53 trained
Client 53 uploaded
Client 69 trained
Client 69 uploaded
Client 9 trained
Client 9 uploaded
Client 36 trained
Client 36 uploaded
Client 13 trained
Client 13 uploaded
Client 88 trained
Client 88 uploaded
Client 15 trained
Client 15 uploaded
Client 24 trained
Client 24 uploaded
Epoch(t): 273 accuracy: 83.78 loss 0.4457425755262375 run_time: 424.3595025539398
| current_epoch 274 |. Begin client select
SchedulerThread schedule Group [ 0 ], select( 11 clients):
11 | 29 | 32 | 35 | 57 | 58 | 65 | 67 | 77 | 78 | 98 |
-----------------------------------------------------------------Schedule complete
Client 57 trained
Client 57 uploaded
Client 58 trained
Client 58 uploaded
Client 78 trained
Client 78 uploaded
Client 35 trained
Client 35 uploaded
Client 11 trained
Client 11 uploaded
Client 29 trained
Client 29 uploaded
Client 65 trained
Client 65 uploaded
Client 32 trained
Client 32 uploaded
Client 98 trained
Client 98 uploaded
Client 77 trained
Client 77 uploaded
Client 67 trained
Client 67 uploaded
Epoch(t): 274 accuracy: 82.02 loss 0.47902017533779145 run_time: 425.78006958961487
| current_epoch 275 |. Begin client select
SchedulerThread schedule Group [ 7 ], select( 11 clients):
2 | 6 | 22 | 34 | 39 | 54 | 83 | 90 | 94 | 97 | 99 |
-----------------------------------------------------------------Schedule complete
Client 6 trained
Client 6 uploaded
Client 2 trained
Client 2 uploaded
Client 90 trained
Client 90 uploaded
Client 83 trained
Client 83 uploaded
Client 34 trained
Client 34 uploaded
Client 99 trained
Client 99 uploaded
Client 54 trained
Client 54 uploaded
Client 22 trained
Client 22 uploaded
Client 94 trained
Client 94 uploaded
Client 97 trained
Client 97 uploaded
Client 39 trained
Client 39 uploaded
Epoch(t): 275 accuracy: 84.14 loss 0.4406865030527115 run_time: 427.39277052879333
| current_epoch 276 |. Begin client select
SchedulerThread schedule Group [ 6 ], select( 12 clients):
16 | 23 | 27 | 33 | 43 | 46 | 51 | 74 | 81 | 82 | 86 | 93 |
-----------------------------------------------------------------Schedule complete
Client 27 trained
Client 27 uploaded
Client 43 trained
Client 43 uploaded
Client 93 trained
Client 93 uploaded
Client 86 trained
Client 86 uploaded
Client 16 trained
Client 16 uploaded
Client 46 trained
Client 46 uploaded
Client 23 trained
Client 23 uploaded
Client 33 trained
Client 33 uploaded
Client 81 trained
Client 81 uploaded
Client 51 trained
Client 51 uploaded
Client 82 trained
Client 82 uploaded
Client 74 trained
Client 74 uploaded
Epoch(t): 276 accuracy: 83.59 loss 0.4515869888663292 run_time: 429.0160641670227
| current_epoch 277 |. Begin client select
SchedulerThread schedule Group [ 2 ], select( 10 clients):
4 | 7 | 10 | 18 | 20 | 31 | 38 | 60 | 84 | 89 |
-----------------------------------------------------------------Schedule complete
Client 84 trained
Client 84 uploaded
Client 31 trained
Client 31 uploaded
Client 38 trained
Client 38 uploaded
Client 60 trained
Client 60 uploaded
Client 20 trained
Client 20 uploaded
Client 7 trained
Client 7 uploaded
Client 10 trained
Client 10 uploaded
Client 4 trained
Client 4 uploaded
Client 18 trained
Client 89 trained
Client 18 uploaded
Client 89 uploaded
Epoch(t): 277 accuracy: 83.32 loss 0.45911036014556883 run_time: 430.58771109580994
| current_epoch 278 |. Begin client select
SchedulerThread schedule Group [ 1 ], select( 9 clients):
0 | 14 | 17 | 30 | 66 | 70 | 76 | 92 | 96 |
-----------------------------------------------------------------Schedule complete
Client 70 trained
Client 70 uploaded
Client 76 trained
Client 76 uploaded
Client 96 trained
Client 96 uploaded
Client 92 trained
Client 92 uploaded
Client 66 trained
Client 66 uploaded
Client 30 trained
Client 30 uploaded
Client 14 trained
Client 14 uploaded
Client 0 trained
Client 0 uploaded
Client 17 trained
Client 17 uploaded
Epoch(t): 278 accuracy: 83.78 loss 0.4463925914466381 run_time: 432.14491057395935
| current_epoch 279 |. Begin client select
SchedulerThread schedule Group [ 6 ], select( 12 clients):
16 | 23 | 27 | 33 | 43 | 46 | 51 | 74 | 81 | 82 | 86 | 93 |
-----------------------------------------------------------------Schedule complete
Client 43 trained
Client 43 uploaded
Client 27 trained
Client 27 uploaded
Client 93 trained
Client 93 uploaded
Client 16 trained
Client 16 uploaded
Client 86 trained
Client 86 uploaded
Client 23 trained
Client 23 uploaded
Client 46 trained
Client 46 uploaded
Client 33 trained
Client 33 uploaded
Client 74 trained
Client 74 uploaded
Client 81 trained
Client 81 uploaded
Client 82 trained
Client 82 uploaded
Client 51 trained
Client 51 uploaded
Epoch(t): 279 accuracy: 83.51 loss 0.45407431542873383 run_time: 433.78800868988037
| current_epoch 280 |. Begin client select
SchedulerThread schedule Group [ 9 ], select( 8 clients):
12 | 21 | 55 | 63 | 68 | 75 | 87 | 95 |
-----------------------------------------------------------------Schedule complete
Client 95 trained
Client 95 uploaded
Client 55 trained
Client 55 uploaded
Client 87 trained
Client 87 uploaded
Client 21 trained
Client 21 uploaded
Client 68 trained
Client 68 uploaded
Client 12 trained
Client 12 uploaded
Client 63 trained
Client 63 uploaded
Client 75 trained
Client 75 uploaded
Epoch(t): 280 accuracy: 84.49 loss 0.42770908653736117 run_time: 435.30933690071106
| current_epoch 281 |. Begin client select
SchedulerThread schedule Group [ 0 ], select( 11 clients):
11 | 29 | 32 | 35 | 57 | 58 | 65 | 67 | 77 | 78 | 98 |
-----------------------------------------------------------------Schedule complete
Client 58 trained
Client 58 uploaded
Client 57 trained
Client 57 uploaded
Client 65 trained
Client 65 uploaded
Client 32 trained
Client 32 uploaded
Client 35 trained
Client 35 uploaded
Client 78 trained
Client 78 uploaded
Client 11 trained
Client 11 uploaded
Client 29 trained
Client 29 uploaded
Client 98 trained
Client 98 uploaded
Client 77 trained
Client 77 uploaded
Client 67 trained
Client 67 uploaded
Epoch(t): 281 accuracy: 83.03 loss 0.4668870434165001 run_time: 436.82421374320984
| current_epoch 282 |. Begin client select
SchedulerThread schedule Group [ 4 ], select( 10 clients):
26 | 28 | 41 | 42 | 45 | 48 | 56 | 61 | 64 | 71 |
-----------------------------------------------------------------Schedule complete
Client 28 trained
Client 28 uploaded
Client 71 trained
Client 71 uploaded
Client 56 trained
Client 56 uploaded
Client 42 trained
Client 42 uploaded
Client 26 trained
Client 26 uploaded
Client 45 trained
Client 45 uploaded
Client 41 trained
Client 41 uploaded
Client 61 trained
Client 61 uploaded
Client 64 trained
Client 64 uploaded
Client 48 trained
Client 48 uploaded
Epoch(t): 282 accuracy: 83.76 loss 0.4492775842547417 run_time: 438.30706238746643
| current_epoch 283 |. Begin client select
SchedulerThread schedule Group [ 7 ], select( 11 clients):
2 | 6 | 22 | 34 | 39 | 54 | 83 | 90 | 94 | 97 | 99 |
-----------------------------------------------------------------Schedule complete
Client 83 trained
Client 83 uploaded
Client 2 trained
Client 2 uploaded
Client 90 trained
Client 90 uploaded
Client 6 trained
Client 6 uploaded
Client 34 trained
Client 34 uploaded
Client 99 trained
Client 99 uploaded
Client 22 trained
Client 22 uploaded
Client 54 trained
Client 54 uploaded
Client 94 trained
Client 94 uploaded
Client 39 trained
Client 39 uploaded
Client 97 trained
Client 97 uploaded
Epoch(t): 283 accuracy: 84.26 loss 0.43868140637874603 run_time: 439.90548944473267
| current_epoch 284 |. Begin client select
SchedulerThread schedule Group [ 5 ], select( 10 clients):
9 | 13 | 15 | 24 | 25 | 36 | 50 | 53 | 69 | 88 |
-----------------------------------------------------------------Schedule complete
Client 25 trained
Client 25 uploaded
Client 50 trained
Client 50 uploaded
Client 53 trained
Client 53 uploaded
Client 36 trained
Client 36 uploaded
Client 9 trained
Client 9 uploaded
Client 69 trained
Client 69 uploaded
Client 88 trained
Client 88 uploaded
Client 13 trained
Client 13 uploaded
Client 15 trained
Client 15 uploaded
Client 24 trained
Client 24 uploaded
Epoch(t): 284 accuracy: 84.54 loss 0.4273840034008026 run_time: 441.46070528030396
| current_epoch 285 |. Begin client select
SchedulerThread schedule Group [ 9 ], select( 8 clients):
12 | 21 | 55 | 63 | 68 | 75 | 87 | 95 |
-----------------------------------------------------------------Schedule complete
Client 55 trained
Client 55 uploaded
Client 95 trained
Client 95 uploaded
Client 75 trained
Client 75 uploaded
Client 68 trained
Client 68 uploaded
Client 21 trained
Client 21 uploaded
Client 12 trained
Client 12 uploaded
Client 87 trained
Client 87 uploaded
Client 63 trained
Client 63 uploaded
Epoch(t): 285 accuracy: 84.49 loss 0.4316794583201408 run_time: 442.84017872810364
| current_epoch 286 |. Begin client select
SchedulerThread schedule Group [ 6 ], select( 12 clients):
16 | 23 | 27 | 33 | 43 | 46 | 51 | 74 | 81 | 82 | 86 | 93 |
-----------------------------------------------------------------Schedule complete
Client 43 trained
Client 43 uploaded
Client 16 trained
Client 16 uploaded
Client 93 trained
Client 93 uploaded
Client 27 trained
Client 27 uploaded
Client 86 trained
Client 86 uploaded
Client 23 trained
Client 23 uploaded
Client 82 trained
Client 82 uploaded
Client 74 trained
Client 74 uploaded
Client 46 trained
Client 46 uploaded
Client 33 trained
Client 33 uploaded
Client 51 trained
Client 51 uploaded
Client 81 trained
Client 81 uploaded
Epoch(t): 286 accuracy: 83.81 loss 0.44852522119879723 run_time: 444.45369958877563
| current_epoch 287 |. Begin client select
SchedulerThread schedule Group [ 8 ], select( 9 clients):
1 | 5 | 8 | 37 | 44 | 59 | 62 | 85 | 91 |
-----------------------------------------------------------------Schedule complete
Client 5 trained
Client 5 uploaded
Client 8 trained
Client 8 uploaded
Client 44 trained
Client 44 uploaded
Client 37 trained
Client 37 uploaded
Client 85 trained
Client 85 uploaded
Client 1 trained
Client 1 uploaded
Client 59 trained
Client 59 uploaded
Client 62 trained
Client 62 uploaded
Client 91 trained
Client 91 uploaded
Epoch(t): 287 accuracy: 82.91 loss 0.4669444096088409 run_time: 445.85113167762756
| current_epoch 288 |. Begin client select
SchedulerThread schedule Group [ 3 ], select( 10 clients):
3 | 19 | 40 | 47 | 49 | 52 | 72 | 73 | 79 | 80 |
-----------------------------------------------------------------Schedule complete
Client 72 trained
Client 72 uploaded
Client 47 trained
Client 47 uploaded
Client 73 trained
Client 73 uploaded
Client 40 trained
Client 40 uploaded
Client 80 trained
Client 80 uploaded
Client 19 trained
Client 19 uploaded
Client 52 trained
Client 52 uploaded
Client 3 trained
Client 3 uploaded
Client 79 trained
Client 79 uploaded
Client 49 trained
Client 49 uploaded
Epoch(t): 288 accuracy: 84.5 loss 0.4268715214729309 run_time: 447.3352355957031
| current_epoch 289 |. Begin client select
SchedulerThread schedule Group [ 2 ], select( 10 clients):
4 | 7 | 10 | 18 | 20 | 31 | 38 | 60 | 84 | 89 |
-----------------------------------------------------------------Schedule complete
Client 84 trained
Client 84 uploaded
Client 31 trained
Client 31 uploaded
Client 38 trained
Client 38 uploaded
Client 60 trained
Client 60 uploaded
Client 20 trained
Client 20 uploaded
Client 7 trained
Client 7 uploaded
Client 10 trained
Client 10 uploaded
Client 89 trained
Client 89 uploaded
Client 4 trained
Client 4 uploaded
Client 18 trained
Client 18 uploaded
Epoch(t): 289 accuracy: 83.15 loss 0.45470813125371934 run_time: 448.96856808662415
| current_epoch 290 |. Begin client select
SchedulerThread schedule Group [ 0 ], select( 11 clients):
11 | 29 | 32 | 35 | 57 | 58 | 65 | 67 | 77 | 78 | 98 |
-----------------------------------------------------------------Schedule complete
Client 58 trained
Client 58 uploaded
Client 57 trained
Client 57 uploaded
Client 35 trained
Client 35 uploaded
Client 78 trained
Client 78 uploaded
Client 11 trained
Client 11 uploaded
Client 77 trained
Client 77 uploaded
Client 29 trained
Client 29 uploaded
Client 32 trained
Client 32 uploaded
Client 65 trained
Client 65 uploaded
Client 98 trained
Client 98 uploaded
Client 67 trained
Client 67 uploaded
Epoch(t): 290 accuracy: 82.59 loss 0.46820329397916793 run_time: 450.54089426994324
| current_epoch 291 |. Begin client select
SchedulerThread schedule Group [ 6 ], select( 12 clients):
16 | 23 | 27 | 33 | 43 | 46 | 51 | 74 | 81 | 82 | 86 | 93 |
-----------------------------------------------------------------Schedule complete
Client 43 trained
Client 43 uploaded
Client 16 trained
Client 16 uploaded
Client 27 trained
Client 27 uploaded
Client 86 trained
Client 86 uploaded
Client 93 trained
Client 93 uploaded
Client 23 trained
Client 23 uploaded
Client 33 trained
Client 33 uploaded
Client 51 trained
Client 51 uploaded
Client 46 trained
Client 46 uploaded
Client 82 trained
Client 82 uploaded
Client 81 trained
Client 81 uploaded
Client 74 trained
Client 74 uploaded
Epoch(t): 291 accuracy: 84.45 loss 0.432769800722599 run_time: 452.1556966304779
| current_epoch 292 |. Begin client select
SchedulerThread schedule Group [ 6 ], select( 12 clients):
16 | 23 | 27 | 33 | 43 | 46 | 51 | 74 | 81 | 82 | 86 | 93 |
-----------------------------------------------------------------Schedule complete
Client 43 trained
Client 43 uploaded
Client 93 trained
Client 93 uploaded
Client 27 trained
Client 27 uploaded
Client 86 trained
Client 86 uploaded
Client 16 trained
Client 16 uploaded
Client 23 trained
Client 23 uploaded
Client 46 trained
Client 46 uploaded
Client 74 trained
Client 74 uploaded
Client 82 trained
Client 82 uploaded
Client 33 trained
Client 33 uploaded
Client 81 trained
Client 81 uploaded
Client 51 trained
Client 51 uploaded
Epoch(t): 292 accuracy: 83.21 loss 0.45799194544553756 run_time: 453.7805800437927
| current_epoch 293 |. Begin client select
SchedulerThread schedule Group [ 5 ], select( 10 clients):
9 | 13 | 15 | 24 | 25 | 36 | 50 | 53 | 69 | 88 |
-----------------------------------------------------------------Schedule complete
Client 25 trained
Client 25 uploaded
Client 50 trained
Client 50 uploaded
Client 53 trained
Client 53 uploaded
Client 36 trained
Client 36 uploaded
Client 9 trained
Client 9 uploaded
Client 69 trained
Client 69 uploaded
Client 88 trained
Client 88 uploaded
Client 13 trained
Client 13 uploaded
Client 15 trained
Client 15 uploaded
Client 24 trained
Client 24 uploaded
Epoch(t): 293 accuracy: 84.64 loss 0.42690536081790925 run_time: 455.3473801612854
| current_epoch 294 |. Begin client select
SchedulerThread schedule Group [ 7 ], select( 11 clients):
2 | 6 | 22 | 34 | 39 | 54 | 83 | 90 | 94 | 97 | 99 |
-----------------------------------------------------------------Schedule complete
Client 2 trained
Client 2 uploaded
Client 90 trained
Client 90 uploaded
Client 6 trained
Client 6 uploaded
Client 83 trained
Client 83 uploaded
Client 34 trained
Client 34 uploaded
Client 54 trained
Client 54 uploaded
Client 99 trained
Client 99 uploaded
Client 97 trained
Client 97 uploaded
Client 22 trained
Client 22 uploaded
Client 94 trained
Client 94 uploaded
Client 39 trained
Client 39 uploaded
Epoch(t): 294 accuracy: 83.94 loss 0.4405602586269379 run_time: 456.92178416252136
| current_epoch 295 |. Begin client select
SchedulerThread schedule Group [ 9 ], select( 8 clients):
12 | 21 | 55 | 63 | 68 | 75 | 87 | 95 |
-----------------------------------------------------------------Schedule complete
Client 55 trained
Client 55 uploaded
Client 12 trained
Client 12 uploaded
Client 95 trained
Client 95 uploaded
Client 75 trained
Client 75 uploaded
Client 68 trained
Client 68 uploaded
Client 21 trained
Client 21 uploaded
Client 63 trained
Client 63 uploaded
Client 87 trained
Client 87 uploaded
Epoch(t): 295 accuracy: 84.68 loss 0.4288712379336357 run_time: 458.2632911205292
| current_epoch 296 |. Begin client select
SchedulerThread schedule Group [ 6 ], select( 12 clients):
16 | 23 | 27 | 33 | 43 | 46 | 51 | 74 | 81 | 82 | 86 | 93 |
-----------------------------------------------------------------Schedule complete
Client 43 trained
Client 43 uploaded
Client 27 trained
Client 27 uploaded
Client 16 trained
Client 16 uploaded
Client 93 trained
Client 93 uploaded
Client 86 trained
Client 86 uploaded
Client 23 trained
Client 23 uploaded
Client 33 trained
Client 33 uploaded
Client 51 trained
Client 51 uploaded
Client 82 trained
Client 82 uploaded
Client 46 trained
Client 46 uploaded
Client 81 trained
Client 81 uploaded
Client 74 trained
Client 74 uploaded
Epoch(t): 296 accuracy: 84.04 loss 0.44556512385606767 run_time: 459.8792304992676
| current_epoch 297 |. Begin client select
SchedulerThread schedule Group [ 1 ], select( 9 clients):
0 | 14 | 17 | 30 | 66 | 70 | 76 | 92 | 96 |
-----------------------------------------------------------------Schedule complete
Client 70 trained
Client 70 uploaded
Client 76 trained
Client 76 uploaded
Client 96 trained
Client 96 uploaded
Client 92 trained
Client 92 uploaded
Client 0 trained
Client 0 uploaded
Client 66 trained
Client 66 uploaded
Client 17 trained
Client 17 uploaded
Client 30 trained
Client 30 uploaded
Client 14 trained
Client 14 uploaded
Epoch(t): 297 accuracy: 83.64 loss 0.44435465782880784 run_time: 461.43708300590515
| current_epoch 298 |. Begin client select
SchedulerThread schedule Group [ 4 ], select( 10 clients):
26 | 28 | 41 | 42 | 45 | 48 | 56 | 61 | 64 | 71 |
-----------------------------------------------------------------Schedule complete
Client 28 trained
Client 28 uploaded
Client 71 trained
Client 71 uploaded
Client 56 trained
Client 56 uploaded
Client 42 trained
Client 42 uploaded
Client 26 trained
Client 26 uploaded
Client 45 trained
Client 45 uploaded
Client 64 trained
Client 64 uploaded
Client 41 trained
Client 41 uploaded
Client 61 trained
Client 61 uploaded
Client 48 trained
Client 48 uploaded
Epoch(t): 298 accuracy: 84.2 loss 0.43461104527115824 run_time: 463.021009683609
| current_epoch 299 |. Begin client select
SchedulerThread schedule Group [ 6 ], select( 12 clients):
16 | 23 | 27 | 33 | 43 | 46 | 51 | 74 | 81 | 82 | 86 | 93 |
-----------------------------------------------------------------Schedule complete
Client 43 trained
Client 43 uploaded
Client 16 trained
Client 16 uploaded
Client 27 trained
Client 27 uploaded
Client 93 trained
Client 93 uploaded
Client 86 trained
Client 86 uploaded
Client 46 trained
Client 46 uploaded
Client 23 trained
Client 23 uploaded
Client 81 trained
Client 81 uploaded
Client 33 trained
Client 33 uploaded
Client 51 trained
Client 51 uploaded
Client 74 trained
Client 74 uploaded
Client 82 trained
Client 82 uploaded
Epoch(t): 299 accuracy: 84.1 loss 0.44117141515016556 run_time: 464.7580335140228
| current_epoch 300 |. Begin client select
SchedulerThread schedule Group [ 2 ], select( 10 clients):
4 | 7 | 10 | 18 | 20 | 31 | 38 | 60 | 84 | 89 |
-----------------------------------------------------------------Schedule complete
Client 84 trained
Client 84 uploaded
Client 31 trained
Client 31 uploaded
Client 38 trained
Client 38 uploaded
Client 60 trained
Client 60 uploaded
Client 20 trained
Client 20 uploaded
Client 10 trained
Client 10 uploaded
Client 7 trained
Client 7 uploaded
Client 4 trained
Client 4 uploaded
Client 18 trained
Client 18 uploaded
Client 89 trained
Client 89 uploaded
Epoch(t): 300 accuracy: 83.25 loss 0.4577284076809883 run_time: 466.33107233047485
| current_epoch 301 |. Begin client select
SchedulerThread schedule Group [ 0 ], select( 11 clients):
11 | 29 | 32 | 35 | 57 | 58 | 65 | 67 | 77 | 78 | 98 |
-----------------------------------------------------------------Schedule complete
Client 57 trained
Client 57 uploaded
Client 58 trained
Client 58 uploaded
Client 35 trained
Client 35 uploaded
Client 78 trained
Client 78 uploaded
Client 29 trained
Client 29 uploaded
Client 77 trained
Client 77 uploaded
Client 32 trained
Client 32 uploaded
Client 65 trained
Client 65 uploaded
Client 11 trained
Client 11 uploaded
Client 67 trained
Client 67 uploaded
Client 98 trained
Client 98 uploaded
Epoch(t): 301 accuracy: 82.31 loss 0.4809010896086693 run_time: 467.9293370246887
| current_epoch 302 |. Begin client select
SchedulerThread schedule Group [ 6 ], select( 12 clients):
16 | 23 | 27 | 33 | 43 | 46 | 51 | 74 | 81 | 82 | 86 | 93 |
-----------------------------------------------------------------Schedule complete
Client 43 trained
Client 43 uploaded
Client 16 trained
Client 16 uploaded
Client 86 trained
Client 86 uploaded
Client 93 trained
Client 93 uploaded
Client 27 trained
Client 27 uploaded
Client 23 trained
Client 23 uploaded
Client 74 trained
Client 74 uploaded
Client 33 trained
Client 33 uploaded
Client 46 trained
Client 46 uploaded
Client 81 trained
Client 81 uploaded
Client 82 trained
Client 82 uploaded
Client 51 trained
Client 51 uploaded
Epoch(t): 302 accuracy: 84.16 loss 0.4420759154856205 run_time: 469.73458766937256
| current_epoch 303 |. Begin client select
SchedulerThread schedule Group [ 5 ], select( 10 clients):
9 | 13 | 15 | 24 | 25 | 36 | 50 | 53 | 69 | 88 |
-----------------------------------------------------------------Schedule complete
Client 25 trained
Client 25 uploaded
Client 50 trained
Client 50 uploaded
Client 53 trained
Client 53 uploaded
Client 69 trained
Client 69 uploaded
Client 36 trained
Client 36 uploaded
Client 9 trained
Client 9 uploaded
Client 13 trained
Client 13 uploaded
Client 15 trained
Client 15 uploaded
Client 88 trained
Client 88 uploaded
Client 24 trained
Client 24 uploaded
Epoch(t): 303 accuracy: 84.64 loss 0.4295608688890934 run_time: 471.1292326450348
| current_epoch 304 |. Begin client select
SchedulerThread schedule Group [ 8 ], select( 9 clients):
1 | 5 | 8 | 37 | 44 | 59 | 62 | 85 | 91 |
-----------------------------------------------------------------Schedule complete
Client 8 trained
Client 8 uploaded
Client 5 trained
Client 5 uploaded
Client 44 trained
Client 44 uploaded
Client 1 trained
Client 1 uploaded
Client 85 trained
Client 85 uploaded
Client 59 trained
Client 59 uploaded
Client 62 trained
Client 62 uploaded
Client 91 trained
Client 91 uploaded
Client 37 trained
Client 37 uploaded
Epoch(t): 304 accuracy: 82.65 loss 0.4702529567480087 run_time: 472.4624037742615
| current_epoch 305 |. Begin client select
SchedulerThread schedule Group [ 3 ], select( 10 clients):
3 | 19 | 40 | 47 | 49 | 52 | 72 | 73 | 79 | 80 |
-----------------------------------------------------------------Schedule complete
Client 72 trained
Client 72 uploaded
Client 47 trained
Client 47 uploaded
Client 73 trained
Client 73 uploaded
Client 40 trained
Client 40 uploaded
Client 80 trained
Client 80 uploaded
Client 19 trained
Client 19 uploaded
Client 52 trained
Client 52 uploaded
Client 3 trained
Client 3 uploaded
Client 79 trained
Client 79 uploaded
Client 49 trained
Client 49 uploaded
Epoch(t): 305 accuracy: 84.8 loss 0.42196961551904677 run_time: 474.0066649913788
| current_epoch 306 |. Begin client select
SchedulerThread schedule Group [ 6 ], select( 12 clients):
16 | 23 | 27 | 33 | 43 | 46 | 51 | 74 | 81 | 82 | 86 | 93 |
-----------------------------------------------------------------Schedule complete
Client 43 trained
Client 43 uploaded
Client 93 trained
Client 93 uploaded
Client 16 trained
Client 16 uploaded
Client 27 trained
Client 27 uploaded
Client 86 trained
Client 86 uploaded
Client 23 trained
Client 23 uploaded
Client 33 trained
Client 33 uploaded
Client 46 trained
Client 46 uploaded
Client 74 trained
Client 74 uploaded
Client 81 trained
Client 81 uploaded
Client 82 trained
Client 82 uploaded
Client 51 trained
Client 51 uploaded
Epoch(t): 306 accuracy: 83.92 loss 0.4458385527133942 run_time: 475.5743532180786
| current_epoch 307 |. Begin client select
SchedulerThread schedule Group [ 9 ], select( 8 clients):
12 | 21 | 55 | 63 | 68 | 75 | 87 | 95 |
-----------------------------------------------------------------Schedule complete
Client 55 trained
Client 55 uploaded
Client 95 trained
Client 95 uploaded
Client 68 trained
Client 68 uploaded
Client 87 trained
Client 87 uploaded
Client 21 trained
Client 21 uploaded
Client 12 trained
Client 12 uploaded
Client 63 trained
Client 63 uploaded
Client 75 trained
Client 75 uploaded
Epoch(t): 307 accuracy: 84.8 loss 0.424761064350605 run_time: 477.09581756591797
| current_epoch 308 |. Begin client select
SchedulerThread schedule Group [ 7 ], select( 11 clients):
2 | 6 | 22 | 34 | 39 | 54 | 83 | 90 | 94 | 97 | 99 |
-----------------------------------------------------------------Schedule complete
Client 2 trained
Client 2 uploaded
Client 90 trained
Client 90 uploaded
Client 83 trained
Client 83 uploaded
Client 6 trained
Client 6 uploaded
Client 99 trained
Client 99 uploaded
Client 34 trained
Client 34 uploaded
Client 94 trained
Client 94 uploaded
Client 54 trained
Client 54 uploaded
Client 22 trained
Client 22 uploaded
Client 97 trained
Client 97 uploaded
Client 39 trained
Client 39 uploaded
Epoch(t): 308 accuracy: 84.44 loss 0.4336947001516819 run_time: 478.8115179538727
| current_epoch 309 |. Begin client select
SchedulerThread schedule Group [ 0 ], select( 11 clients):
11 | 29 | 32 | 35 | 57 | 58 | 65 | 67 | 77 | 78 | 98 |
-----------------------------------------------------------------Schedule complete
Client 58 trained
Client 58 uploaded
Client 57 trained
Client 57 uploaded
Client 35 trained
Client 35 uploaded
Client 78 trained
Client 78 uploaded
Client 29 trained
Client 29 uploaded
Client 11 trained
Client 11 uploaded
Client 32 trained
Client 32 uploaded
Client 65 trained
Client 65 uploaded
Client 77 trained
Client 77 uploaded
Client 98 trained
Client 98 uploaded
Client 67 trained
Client 67 uploaded
Epoch(t): 309 accuracy: 82.82 loss 0.4670323112607002 run_time: 480.5092806816101
| current_epoch 310 |. Begin client select
SchedulerThread schedule Group [ 2 ], select( 10 clients):
4 | 7 | 10 | 18 | 20 | 31 | 38 | 60 | 84 | 89 |
-----------------------------------------------------------------Schedule complete
Client 84 trained
Client 84 uploaded
Client 31 trained
Client 31 uploaded
Client 38 trained
Client 38 uploaded
Client 60 trained
Client 60 uploaded
Client 7 trained
Client 7 uploaded
Client 20 trained
Client 20 uploaded
Client 10 trained
Client 10 uploaded
Client 89 trained
Client 89 uploaded
Client 4 trained
Client 4 uploaded
Client 18 trained
Client 18 uploaded
Epoch(t): 310 accuracy: 83.42 loss 0.4559661462903023 run_time: 482.0876975059509
| current_epoch 311 |. Begin client select
SchedulerThread schedule Group [ 6 ], select( 12 clients):
16 | 23 | 27 | 33 | 43 | 46 | 51 | 74 | 81 | 82 | 86 | 93 |
-----------------------------------------------------------------Schedule complete
Client 43 trained
Client 43 uploaded
Client 16 trained
Client 16 uploaded
Client 93 trained
Client 93 uploaded
Client 86 trained
Client 86 uploaded
Client 23 trained
Client 23 uploaded
Client 27 trained
Client 27 uploaded
Client 81 trained
Client 81 uploaded
Client 74 trained
Client 74 uploaded
Client 33 trained
Client 33 uploaded
Client 46 trained
Client 46 uploaded
Client 82 trained
Client 82 uploaded
Client 51 trained
Client 51 uploaded
Epoch(t): 311 accuracy: 82.99 loss 0.4623359301686287 run_time: 483.80801916122437
| current_epoch 312 |. Begin client select
SchedulerThread schedule Group [ 5 ], select( 10 clients):
9 | 13 | 15 | 24 | 25 | 36 | 50 | 53 | 69 | 88 |
-----------------------------------------------------------------Schedule complete
Client 53 trained
Client 53 uploaded
Client 36 trained
Client 36 uploaded
Client 25 trained
Client 25 uploaded
Client 50 trained
Client 50 uploaded
Client 9 trained
Client 9 uploaded
Client 69 trained
Client 69 uploaded
Client 13 trained
Client 13 uploaded
Client 88 trained
Client 88 uploaded
Client 15 trained
Client 15 uploaded
Client 24 trained
Client 24 uploaded
Epoch(t): 312 accuracy: 84.97 loss 0.41717601105570795 run_time: 485.400527715683
| current_epoch 313 |. Begin client select
SchedulerThread schedule Group [ 1 ], select( 9 clients):
0 | 14 | 17 | 30 | 66 | 70 | 76 | 92 | 96 |
-----------------------------------------------------------------Schedule complete
Client 76 trained
Client 76 uploaded
Client 17 trained
Client 17 uploaded
Client 70 trained
Client 70 uploaded
Client 96 trained
Client 96 uploaded
Client 92 trained
Client 92 uploaded
Client 0 trained
Client 0 uploaded
Client 30 trained
Client 30 uploaded
Client 14 trained
Client 14 uploaded
Client 66 trained
Client 66 uploaded
Epoch(t): 313 accuracy: 83.96 loss 0.4375066462159157 run_time: 486.9426829814911
| current_epoch 314 |. Begin client select
SchedulerThread schedule Group [ 4 ], select( 10 clients):
26 | 28 | 41 | 42 | 45 | 48 | 56 | 61 | 64 | 71 |
-----------------------------------------------------------------Schedule complete
Client 28 trained
Client 28 uploaded
Client 71 trained
Client 71 uploaded
Client 56 trained
Client 56 uploaded
Client 42 trained
Client 42 uploaded
Client 45 trained
Client 45 uploaded
Client 26 trained
Client 26 uploaded
Client 64 trained
Client 64 uploaded
Client 61 trained
Client 61 uploaded
Client 41 trained
Client 41 uploaded
Client 48 trained
Client 48 uploaded
Epoch(t): 314 accuracy: 84.59 loss 0.42904543489217756 run_time: 488.426495552063
| current_epoch 315 |. Begin client select
SchedulerThread schedule Group [ 9 ], select( 8 clients):
12 | 21 | 55 | 63 | 68 | 75 | 87 | 95 |
-----------------------------------------------------------------Schedule complete
Client 21 trained
Client 21 uploaded
Client 68 trained
Client 68 uploaded
Client 55 trained
Client 55 uploaded
Client 95 trained
Client 95 uploaded
Client 87 trained
Client 87 uploaded
Client 63 trained
Client 63 uploaded
Client 12 trained
Client 12 uploaded
Client 75 trained
Client 75 uploaded
Epoch(t): 315 accuracy: 85.3 loss 0.41665968343615534 run_time: 489.7671914100647
| current_epoch 316 |. Begin client select
SchedulerThread schedule Group [ 6 ], select( 12 clients):
16 | 23 | 27 | 33 | 43 | 46 | 51 | 74 | 81 | 82 | 86 | 93 |
-----------------------------------------------------------------Schedule complete
Client 93 trained
Client 93 uploaded
Client 43 trained
Client 43 uploaded
Client 27 trained
Client 27 uploaded
Client 86 trained
Client 86 uploaded
Client 16 trained
Client 16 uploaded
Client 23 trained
Client 23 uploaded
Client 46 trained
Client 46 uploaded
Client 51 trained
Client 51 uploaded
Client 33 trained
Client 33 uploaded
Client 81 trained
Client 81 uploaded
Client 74 trained
Client 74 uploaded
Client 82 trained
Client 82 uploaded
Epoch(t): 316 accuracy: 84.2 loss 0.44024884462356567 run_time: 491.5034863948822
| current_epoch 317 |. Begin client select
SchedulerThread schedule Group [ 0 ], select( 11 clients):
11 | 29 | 32 | 35 | 57 | 58 | 65 | 67 | 77 | 78 | 98 |
-----------------------------------------------------------------Schedule complete
Client 57 trained
Client 57 uploaded
Client 58 trained
Client 58 uploaded
Client 78 trained
Client 78 uploaded
Client 35 trained
Client 35 uploaded
Client 29 trained
Client 29 uploaded
Client 32 trained
Client 32 uploaded
Client 11 trained
Client 11 uploaded
Client 65 trained
Client 65 uploaded
Client 98 trained
Client 98 uploaded
Client 77 trained
Client 77 uploaded
Client 67 trained
Client 67 uploaded
Epoch(t): 317 accuracy: 83.36 loss 0.4584996861219406 run_time: 493.0969343185425
| current_epoch 318 |. Begin client select
SchedulerThread schedule Group [ 2 ], select( 10 clients):
4 | 7 | 10 | 18 | 20 | 31 | 38 | 60 | 84 | 89 |
-----------------------------------------------------------------Schedule complete
Client 84 trained
Client 84 uploaded
Client 31 trained
Client 31 uploaded
Client 38 trained
Client 38 uploaded
Client 60 trained
Client 60 uploaded
Client 7 trained
Client 7 uploaded
Client 20 trained
Client 20 uploaded
Client 10 trained
Client 10 uploaded
Client 4 trained
Client 4 uploaded
Client 89 trained
Client 89 uploaded
Client 18 trained
Client 18 uploaded
Epoch(t): 318 accuracy: 84.02 loss 0.4450560960173607 run_time: 494.56167221069336
| current_epoch 319 |. Begin client select
SchedulerThread schedule Group [ 8 ], select( 9 clients):
1 | 5 | 8 | 37 | 44 | 59 | 62 | 85 | 91 |
-----------------------------------------------------------------Schedule complete
Client 8 trained
Client 8 uploaded
Client 5 trained
Client 5 uploaded
Client 44 trained
Client 44 uploaded
Client 91 trained
Client 91 uploaded
Client 1 trained
Client 1 uploaded
Client 59 trained
Client 59 uploaded
Client 37 trained
Client 37 uploaded
Client 85 trained
Client 85 uploaded
Client 62 trained
Client 62 uploaded
Epoch(t): 319 accuracy: 82.87 loss 0.4645741517841816 run_time: 495.99647331237793
| current_epoch 320 |. Begin client select
SchedulerThread schedule Group [ 3 ], select( 10 clients):
3 | 19 | 40 | 47 | 49 | 52 | 72 | 73 | 79 | 80 |
-----------------------------------------------------------------Schedule complete
Client 72 trained
Client 72 uploaded
Client 73 trained
Client 73 uploaded
Client 47 trained
Client 47 uploaded
Client 80 trained
Client 80 uploaded
Client 40 trained
Client 40 uploaded
Client 19 trained
Client 19 uploaded
Client 79 trained
Client 79 uploaded
Client 3 trained
Client 3 uploaded
Client 52 trained
Client 52 uploaded
Client 49 trained
Client 49 uploaded
Epoch(t): 320 accuracy: 85.24 loss 0.4118939146399498 run_time: 497.6379961967468
| current_epoch 321 |. Begin client select
SchedulerThread schedule Group [ 6 ], select( 12 clients):
16 | 23 | 27 | 33 | 43 | 46 | 51 | 74 | 81 | 82 | 86 | 93 |
-----------------------------------------------------------------Schedule complete
Client 43 trained
Client 43 uploaded
Client 86 trained
Client 86 uploaded
Client 93 trained
Client 93 uploaded
Client 27 trained
Client 27 uploaded
Client 16 trained
Client 16 uploaded
Client 23 trained
Client 23 uploaded
Client 74 trained
Client 74 uploaded
Client 46 trained
Client 46 uploaded
Client 33 trained
Client 33 uploaded
Client 81 trained
Client 81 uploaded
Client 82 trained
Client 82 uploaded
Client 51 trained
Client 51 uploaded
Epoch(t): 321 accuracy: 84.65 loss 0.4302804486453533 run_time: 499.27647590637207
| current_epoch 322 |. Begin client select
SchedulerThread schedule Group [ 7 ], select( 11 clients):
2 | 6 | 22 | 34 | 39 | 54 | 83 | 90 | 94 | 97 | 99 |
-----------------------------------------------------------------Schedule complete
Client 2 trained
Client 2 uploaded
Client 90 trained
Client 90 uploaded
Client 6 trained
Client 6 uploaded
Client 83 trained
Client 83 uploaded
Client 34 trained
Client 34 uploaded
Client 99 trained
Client 99 uploaded
Client 94 trained
Client 94 uploaded
Client 97 trained
Client 97 uploaded
Client 39 trained
Client 39 uploaded
Client 54 trained
Client 54 uploaded
Client 22 trained
Client 22 uploaded
Epoch(t): 322 accuracy: 84.25 loss 0.4352558954060078 run_time: 500.8619327545166
| current_epoch 323 |. Begin client select
SchedulerThread schedule Group [ 5 ], select( 10 clients):
9 | 13 | 15 | 24 | 25 | 36 | 50 | 53 | 69 | 88 |
-----------------------------------------------------------------Schedule complete
Client 25 trained
Client 25 uploaded
Client 53 trained
Client 53 uploaded
Client 50 trained
Client 50 uploaded
Client 69 trained
Client 69 uploaded
Client 9 trained
Client 9 uploaded
Client 36 trained
Client 36 uploaded
Client 88 trained
Client 88 uploaded
Client 13 trained
Client 13 uploaded
Client 15 trained
Client 15 uploaded
Client 24 trained
Client 24 uploaded
Epoch(t): 323 accuracy: 84.92 loss 0.42013525843620303 run_time: 502.52278876304626
| current_epoch 324 |. Begin client select
SchedulerThread schedule Group [ 9 ], select( 8 clients):
12 | 21 | 55 | 63 | 68 | 75 | 87 | 95 |
-----------------------------------------------------------------Schedule complete
Client 95 trained
Client 95 uploaded
Client 55 trained
Client 55 uploaded
Client 87 trained
Client 87 uploaded
Client 12 trained
Client 12 uploaded
Client 21 trained
Client 21 uploaded
Client 68 trained
Client 68 uploaded
Client 63 trained
Client 63 uploaded
Client 75 trained
Client 75 uploaded
Epoch(t): 324 accuracy: 85.33 loss 0.4136586278676987 run_time: 503.9987950325012
| current_epoch 325 |. Begin client select
SchedulerThread schedule Group [ 0 ], select( 11 clients):
11 | 29 | 32 | 35 | 57 | 58 | 65 | 67 | 77 | 78 | 98 |
-----------------------------------------------------------------Schedule complete
Client 57 trained
Client 57 uploaded
Client 58 trained
Client 58 uploaded
Client 35 trained
Client 35 uploaded
Client 11 trained
Client 11 uploaded
Client 78 trained
Client 78 uploaded
Client 29 trained
Client 29 uploaded
Client 32 trained
Client 32 uploaded
Client 65 trained
Client 65 uploaded
Client 98 trained
Client 98 uploaded
Client 77 trained
Client 77 uploaded
Client 67 trained
Client 67 uploaded
Epoch(t): 325 accuracy: 82.92 loss 0.45689415141940115 run_time: 505.5780382156372
| current_epoch 326 |. Begin client select
SchedulerThread schedule Group [ 6 ], select( 12 clients):
16 | 23 | 27 | 33 | 43 | 46 | 51 | 74 | 81 | 82 | 86 | 93 |
-----------------------------------------------------------------Schedule complete
Client 43 trained
Client 43 uploaded
Client 86 trained
Client 86 uploaded
Client 16 trained
Client 16 uploaded
Client 93 trained
Client 93 uploaded
Client 27 trained
Client 27 uploaded
Client 23 trained
Client 23 uploaded
Client 33 trained
Client 33 uploaded
Client 74 trained
Client 74 uploaded
Client 46 trained
Client 46 uploaded
Client 81 trained
Client 81 uploaded
Client 82 trained
Client 82 uploaded
Client 51 trained
Client 51 uploaded
Epoch(t): 326 accuracy: 84.55 loss 0.4304780462384224 run_time: 507.1128795146942
| current_epoch 327 |. Begin client select
SchedulerThread schedule Group [ 6 ], select( 12 clients):
16 | 23 | 27 | 33 | 43 | 46 | 51 | 74 | 81 | 82 | 86 | 93 |
-----------------------------------------------------------------Schedule complete
Client 43 trained
Client 43 uploaded
Client 93 trained
Client 93 uploaded
Client 27 trained
Client 27 uploaded
Client 16 trained
Client 16 uploaded
Client 86 trained
Client 86 uploaded
Client 23 trained
Client 23 uploaded
Client 46 trained
Client 46 uploaded
Client 74 trained
Client 74 uploaded
Client 33 trained
Client 33 uploaded
Client 81 trained
Client 81 uploaded
Client 82 trained
Client 82 uploaded
Client 51 trained
Client 51 uploaded
Epoch(t): 327 accuracy: 84.07 loss 0.4406300523877144 run_time: 508.72299313545227
| current_epoch 328 |. Begin client select
SchedulerThread schedule Group [ 2 ], select( 10 clients):
4 | 7 | 10 | 18 | 20 | 31 | 38 | 60 | 84 | 89 |
-----------------------------------------------------------------Schedule complete
Client 84 trained
Client 84 uploaded
Client 31 trained
Client 31 uploaded
Client 38 trained
Client 38 uploaded
Client 60 trained
Client 60 uploaded
Client 10 trained
Client 10 uploaded
Client 7 trained
Client 7 uploaded
Client 20 trained
Client 20 uploaded
Client 89 trained
Client 89 uploaded
Client 4 trained
Client 4 uploaded
Client 18 trained
Client 18 uploaded
Epoch(t): 328 accuracy: 83.98 loss 0.4390982982516289 run_time: 510.1845865249634
| current_epoch 329 |. Begin client select
SchedulerThread schedule Group [ 4 ], select( 10 clients):
26 | 28 | 41 | 42 | 45 | 48 | 56 | 61 | 64 | 71 |
-----------------------------------------------------------------Schedule complete
Client 28 trained
Client 28 uploaded
Client 56 trained
Client 56 uploaded
Client 71 trained
Client 71 uploaded
Client 42 trained
Client 42 uploaded
Client 64 trained
Client 64 uploaded
Client 48 trained
Client 48 uploaded
Client 45 trained
Client 45 uploaded
Client 61 trained
Client 61 uploaded
Client 41 trained
Client 41 uploaded
Client 26 trained
Client 26 uploaded
Epoch(t): 329 accuracy: 85.01 loss 0.4148612125217915 run_time: 511.6453642845154
| current_epoch 330 |. Begin client select
SchedulerThread schedule Group [ 5 ], select( 10 clients):
9 | 13 | 15 | 24 | 25 | 36 | 50 | 53 | 69 | 88 |
-----------------------------------------------------------------Schedule complete
Client 53 trained
Client 53 uploaded
Client 25 trained
Client 25 uploaded
Client 50 trained
Client 50 uploaded
Client 36 trained
Client 36 uploaded
Client 69 trained
Client 69 uploaded
Client 9 trained
Client 9 uploaded
Client 13 trained
Client 13 uploaded
Client 88 trained
Client 88 uploaded
Client 15 trained
Client 15 uploaded
Client 24 trained
Client 24 uploaded
Epoch(t): 330 accuracy: 84.64 loss 0.4243217097222805 run_time: 513.2124290466309
| current_epoch 331 |. Begin client select
SchedulerThread schedule Group [ 7 ], select( 11 clients):
2 | 6 | 22 | 34 | 39 | 54 | 83 | 90 | 94 | 97 | 99 |
-----------------------------------------------------------------Schedule complete
Client 2 trained
Client 2 uploaded
Client 90 trained
Client 90 uploaded
Client 6 trained
Client 6 uploaded
Client 83 trained
Client 83 uploaded
Client 34 trained
Client 34 uploaded
Client 54 trained
Client 54 uploaded
Client 99 trained
Client 99 uploaded
Client 22 trained
Client 22 uploaded
Client 94 trained
Client 94 uploaded
Client 97 trained
Client 97 uploaded
Client 39 trained
Client 39 uploaded
Epoch(t): 331 accuracy: 84.69 loss 0.4245213185250759 run_time: 514.8182504177094
| current_epoch 332 |. Begin client select
SchedulerThread schedule Group [ 8 ], select( 9 clients):
1 | 5 | 8 | 37 | 44 | 59 | 62 | 85 | 91 |
-----------------------------------------------------------------Schedule complete
Client 5 trained
Client 5 uploaded
Client 8 trained
Client 8 uploaded
Client 37 trained
Client 37 uploaded
Client 44 trained
Client 44 uploaded
Client 85 trained
Client 85 uploaded
Client 59 trained
Client 59 uploaded
Client 62 trained
Client 62 uploaded
Client 91 trained
Client 91 uploaded
Client 1 trained
Client 1 uploaded
Epoch(t): 332 accuracy: 83.17 loss 0.46082081317901613 run_time: 516.1825368404388
| current_epoch 333 |. Begin client select
SchedulerThread schedule Group [ 6 ], select( 12 clients):
16 | 23 | 27 | 33 | 43 | 46 | 51 | 74 | 81 | 82 | 86 | 93 |
-----------------------------------------------------------------Schedule complete
Client 81 trained
Client 81 uploaded
Client 43 trained
Client 43 uploaded
Client 93 trained
Client 93 uploaded
Client 16 trained
Client 16 uploaded
Client 86 trained
Client 86 uploaded
Client 27 trained
Client 27 uploaded
Client 23 trained
Client 23 uploaded
Client 82 trained
Client 82 uploaded
Client 33 trained
Client 33 uploaded
Client 46 trained
Client 46 uploaded
Client 51 trained
Client 51 uploaded
Client 74 trained
Client 74 uploaded
Epoch(t): 333 accuracy: 85.02 loss 0.4196984602510929 run_time: 517.7074120044708
| current_epoch 334 |. Begin client select
SchedulerThread schedule Group [ 0 ], select( 11 clients):
11 | 29 | 32 | 35 | 57 | 58 | 65 | 67 | 77 | 78 | 98 |
-----------------------------------------------------------------Schedule complete
Client 32 trained
Client 32 uploaded
Client 57 trained
Client 57 uploaded
Client 58 trained
Client 58 uploaded
Client 78 trained
Client 78 uploaded
Client 35 trained
Client 35 uploaded
Client 29 trained
Client 29 uploaded
Client 65 trained
Client 65 uploaded
Client 11 trained
Client 11 uploaded
Client 77 trained
Client 77 uploaded
Client 98 trained
Client 98 uploaded
Client 67 trained
Client 67 uploaded
Epoch(t): 334 accuracy: 83.8 loss 0.44524832189083097 run_time: 519.2852110862732
| current_epoch 335 |. Begin client select
SchedulerThread schedule Group [ 1 ], select( 9 clients):
0 | 14 | 17 | 30 | 66 | 70 | 76 | 92 | 96 |
-----------------------------------------------------------------Schedule complete
Client 76 trained
Client 76 uploaded
Client 70 trained
Client 70 uploaded
Client 96 trained
Client 96 uploaded
Client 92 trained
Client 92 uploaded
Client 0 trained
Client 0 uploaded
Client 17 trained
Client 17 uploaded
Client 66 trained
Client 66 uploaded
Client 30 trained
Client 30 uploaded
Client 14 trained
Client 14 uploaded
Epoch(t): 335 accuracy: 84.03 loss 0.4384683632850647 run_time: 520.7633519172668
| current_epoch 336 |. Begin client select
SchedulerThread schedule Group [ 6 ], select( 12 clients):
16 | 23 | 27 | 33 | 43 | 46 | 51 | 74 | 81 | 82 | 86 | 93 |
-----------------------------------------------------------------Schedule complete
Client 43 trained
Client 43 uploaded
Client 27 trained
Client 27 uploaded
Client 16 trained
Client 16 uploaded
Client 93 trained
Client 93 uploaded
Client 86 trained
Client 86 uploaded
Client 23 trained
Client 23 uploaded
Client 46 trained
Client 46 uploaded
Client 33 trained
Client 33 uploaded
Client 82 trained
Client 82 uploaded
Client 74 trained
Client 74 uploaded
Client 51 trained
Client 51 uploaded
Client 81 trained
Client 81 uploaded
Epoch(t): 336 accuracy: 84.87 loss 0.4267864848673344 run_time: 522.4770889282227
| current_epoch 337 |. Begin client select
SchedulerThread schedule Group [ 3 ], select( 10 clients):
3 | 19 | 40 | 47 | 49 | 52 | 72 | 73 | 79 | 80 |
-----------------------------------------------------------------Schedule complete
Client 72 trained
Client 72 uploaded
Client 73 trained
Client 73 uploaded
Client 40 trained
Client 40 uploaded
Client 47 trained
Client 47 uploaded
Client 80 trained
Client 80 uploaded
Client 19 trained
Client 19 uploaded
Client 52 trained
Client 52 uploaded
Client 79 trained
Client 79 uploaded
Client 3 trained
Client 3 uploaded
Client 49 trained
Client 49 uploaded
Epoch(t): 337 accuracy: 85.23 loss 0.41075430676341057 run_time: 524.0783400535583
| current_epoch 338 |. Begin client select
SchedulerThread schedule Group [ 9 ], select( 8 clients):
12 | 21 | 55 | 63 | 68 | 75 | 87 | 95 |
-----------------------------------------------------------------Schedule complete
Client 95 trained
Client 95 uploaded
Client 55 trained
Client 55 uploaded
Client 12 trained
Client 12 uploaded
Client 68 trained
Client 68 uploaded
Client 87 trained
Client 87 uploaded
Client 21 trained
Client 21 uploaded
Client 75 trained
Client 75 uploaded
Client 63 trained
Client 63 uploaded
Epoch(t): 338 accuracy: 85.19 loss 0.4183604158461094 run_time: 525.5776734352112
| current_epoch 339 |. Begin client select
SchedulerThread schedule Group [ 2 ], select( 10 clients):
4 | 7 | 10 | 18 | 20 | 31 | 38 | 60 | 84 | 89 |
-----------------------------------------------------------------Schedule complete
Client 38 trained
Client 38 uploaded
Client 31 trained
Client 31 uploaded
Client 84 trained
Client 84 uploaded
Client 20 trained
Client 20 uploaded
Client 60 trained
Client 60 uploaded
Client 7 trained
Client 7 uploaded
Client 10 trained
Client 10 uploaded
Client 4 trained
Client 4 uploaded
Client 18 trained
Client 18 uploaded
Client 89 trained
Client 89 uploaded
Epoch(t): 339 accuracy: 84.19 loss 0.44215690076351166 run_time: 527.1605081558228
| current_epoch 340 |. Begin client select
SchedulerThread schedule Group [ 7 ], select( 11 clients):
2 | 6 | 22 | 34 | 39 | 54 | 83 | 90 | 94 | 97 | 99 |
-----------------------------------------------------------------Schedule complete
Client 90 trained
Client 90 uploaded
Client 2 trained
Client 2 uploaded
Client 83 trained
Client 83 uploaded
Client 6 trained
Client 6 uploaded
Client 34 trained
Client 34 uploaded
Client 99 trained
Client 99 uploaded
Client 22 trained
Client 22 uploaded
Client 54 trained
Client 54 uploaded
Client 94 trained
Client 94 uploaded
Client 97 trained
Client 97 uploaded
Client 39 trained
Client 39 uploaded
Epoch(t): 340 accuracy: 84.61 loss 0.4238064090907574 run_time: 528.9509494304657
| current_epoch 341 |. Begin client select
SchedulerThread schedule Group [ 5 ], select( 10 clients):
9 | 13 | 15 | 24 | 25 | 36 | 50 | 53 | 69 | 88 |
-----------------------------------------------------------------Schedule complete
Client 50 trained
Client 50 uploaded
Client 25 trained
Client 25 uploaded
Client 53 trained
Client 53 uploaded
Client 69 trained
Client 69 uploaded
Client 9 trained
Client 9 uploaded
Client 88 trained
Client 88 uploaded
Client 36 trained
Client 36 uploaded
Client 13 trained
Client 13 uploaded
Client 15 trained
Client 15 uploaded
Client 24 trained
Client 24 uploaded
Epoch(t): 341 accuracy: 84.87 loss 0.4169425070285797 run_time: 530.4117214679718
| current_epoch 342 |. Begin client select
SchedulerThread schedule Group [ 6 ], select( 12 clients):
16 | 23 | 27 | 33 | 43 | 46 | 51 | 74 | 81 | 82 | 86 | 93 |
-----------------------------------------------------------------Schedule complete
Client 43 trained
Client 43 uploaded
Client 16 trained
Client 16 uploaded
Client 93 trained
Client 93 uploaded
Client 86 trained
Client 86 uploaded
Client 27 trained
Client 27 uploaded
Client 23 trained
Client 23 uploaded
Client 46 trained
Client 46 uploaded
Client 33 trained
Client 33 uploaded
Client 82 trained
Client 82 uploaded
Client 51 trained
Client 51 uploaded
Client 81 trained
Client 81 uploaded
Client 74 trained
Client 74 uploaded
Epoch(t): 342 accuracy: 85.06 loss 0.4179294894635677 run_time: 532.0814762115479
| current_epoch 343 |. Begin client select
SchedulerThread schedule Group [ 6 ], select( 12 clients):
16 | 23 | 27 | 33 | 43 | 46 | 51 | 74 | 81 | 82 | 86 | 93 |
-----------------------------------------------------------------Schedule complete
Client 43 trained
Client 43 uploaded
Client 93 trained
Client 93 uploaded
Client 16 trained
Client 16 uploaded
Client 27 trained
Client 27 uploaded
Client 86 trained
Client 86 uploaded
Client 23 trained
Client 23 uploaded
Client 33 trained
Client 33 uploaded
Client 81 trained
Client 81 uploaded
Client 74 trained
Client 74 uploaded
Client 82 trained
Client 82 uploaded
Client 46 trained
Client 46 uploaded
Client 51 trained
Client 51 uploaded
Epoch(t): 343 accuracy: 84.69 loss 0.42862767070531843 run_time: 533.6890740394592
| current_epoch 344 |. Begin client select
SchedulerThread schedule Group [ 6 ], select( 12 clients):
16 | 23 | 27 | 33 | 43 | 46 | 51 | 74 | 81 | 82 | 86 | 93 |
-----------------------------------------------------------------Schedule complete
Client 43 trained
Client 43 uploaded
Client 16 trained
Client 16 uploaded
Client 27 trained
Client 27 uploaded
Client 93 trained
Client 93 uploaded
Client 86 trained
Client 86 uploaded
Client 23 trained
Client 23 uploaded
Client 46 trained
Client 46 uploaded
Client 74 trained
Client 74 uploaded
Client 33 trained
Client 33 uploaded
Client 82 trained
Client 82 uploaded
Client 81 trained
Client 81 uploaded
Client 51 trained
Client 51 uploaded
Epoch(t): 344 accuracy: 84.65 loss 0.4327140727639198 run_time: 535.3941593170166
| current_epoch 345 |. Begin client select
SchedulerThread schedule Group [ 0 ], select( 11 clients):
11 | 29 | 32 | 35 | 57 | 58 | 65 | 67 | 77 | 78 | 98 |
-----------------------------------------------------------------Schedule complete
Client 58 trained
Client 58 uploaded
Client 57 trained
Client 57 uploaded
Client 35 trained
Client 35 uploaded
Client 78 trained
Client 78 uploaded
Client 29 trained
Client 29 uploaded
Client 65 trained
Client 65 uploaded
Client 11 trained
Client 11 uploaded
Client 32 trained
Client 32 uploaded
Client 77 trained
Client 77 uploaded
Client 98 trained
Client 98 uploaded
Client 67 trained
Client 67 uploaded
Epoch(t): 345 accuracy: 83.71 loss 0.45288253992795946 run_time: 536.7685852050781
| current_epoch 346 |. Begin client select
SchedulerThread schedule Group [ 4 ], select( 10 clients):
26 | 28 | 41 | 42 | 45 | 48 | 56 | 61 | 64 | 71 |
-----------------------------------------------------------------Schedule complete
Client 28 trained
Client 28 uploaded
Client 71 trained
Client 71 uploaded
Client 56 trained
Client 56 uploaded
Client 42 trained
Client 42 uploaded
Client 45 trained
Client 45 uploaded
Client 64 trained
Client 64 uploaded
Client 48 trained
Client 48 uploaded
Client 41 trained
Client 41 uploaded
Client 61 trained
Client 61 uploaded
Client 26 trained
Client 26 uploaded
Epoch(t): 346 accuracy: 85.04 loss 0.41677600994706154 run_time: 538.2455005645752
| current_epoch 347 |. Begin client select
SchedulerThread schedule Group [ 2 ], select( 10 clients):
4 | 7 | 10 | 18 | 20 | 31 | 38 | 60 | 84 | 89 |
-----------------------------------------------------------------Schedule complete
Client 84 trained
Client 84 uploaded
Client 31 trained
Client 31 uploaded
Client 38 trained
Client 38 uploaded
Client 60 trained
Client 60 uploaded
Client 7 trained
Client 7 uploaded
Client 20 trained
Client 20 uploaded
Client 10 trained
Client 10 uploaded
Client 4 trained
Client 4 uploaded
Client 89 trained
Client 89 uploaded
Client 18 trained
Client 18 uploaded
Epoch(t): 347 accuracy: 84.29 loss 0.43849106654524805 run_time: 539.7469780445099
| current_epoch 348 |. Begin client select
SchedulerThread schedule Group [ 9 ], select( 8 clients):
12 | 21 | 55 | 63 | 68 | 75 | 87 | 95 |
-----------------------------------------------------------------Schedule complete
Client 55 trained
Client 55 uploaded
Client 95 trained
Client 95 uploaded
Client 68 trained
Client 68 uploaded
Client 75 trained
Client 75 uploaded
Client 21 trained
Client 21 uploaded
Client 63 trained
Client 63 uploaded
Client 12 trained
Client 12 uploaded
Client 87 trained
Client 87 uploaded
Epoch(t): 348 accuracy: 84.9 loss 0.4224930423498154 run_time: 540.9508347511292
| current_epoch 349 |. Begin client select
SchedulerThread schedule Group [ 6 ], select( 12 clients):
16 | 23 | 27 | 33 | 43 | 46 | 51 | 74 | 81 | 82 | 86 | 93 |
-----------------------------------------------------------------Schedule complete
Client 43 trained
Client 43 uploaded
Client 93 trained
Client 93 uploaded
Client 27 trained
Client 27 uploaded
Client 16 trained
Client 16 uploaded
Client 86 trained
Client 86 uploaded
Client 23 trained
Client 23 uploaded
Client 33 trained
Client 33 uploaded
Client 46 trained
Client 46 uploaded
Client 74 trained
Client 74 uploaded
Client 82 trained
Client 82 uploaded
Client 81 trained
Client 81 uploaded
Client 51 trained
Client 51 uploaded
Epoch(t): 349 accuracy: 84.53 loss 0.42850684493780133 run_time: 542.4986393451691
| current_epoch 350 |. Begin client select
SchedulerThread schedule Group [ 3 ], select( 10 clients):
3 | 19 | 40 | 47 | 49 | 52 | 72 | 73 | 79 | 80 |
-----------------------------------------------------------------Schedule complete
Client 72 trained
Client 72 uploaded
Client 47 trained
Client 47 uploaded
Client 73 trained
Client 73 uploaded
Client 40 trained
Client 40 uploaded
Client 80 trained
Client 80 uploaded
Client 19 trained
Client 19 uploaded
Client 52 trained
Client 52 uploaded
Client 3 trained
Client 3 uploaded
Client 79 trained
Client 79 uploaded
Client 49 trained
Client 49 uploaded
Epoch(t): 350 accuracy: 85.57 loss 0.4049010387063026 run_time: 544.0973262786865
| current_epoch 351 |. Begin client select
SchedulerThread schedule Group [ 5 ], select( 10 clients):
9 | 13 | 15 | 24 | 25 | 36 | 50 | 53 | 69 | 88 |
-----------------------------------------------------------------Schedule complete
Client 50 trained
Client 50 uploaded
Client 25 trained
Client 25 uploaded
Client 53 trained
Client 53 uploaded
Client 36 trained
Client 36 uploaded
Client 69 trained
Client 69 uploaded
Client 9 trained
Client 9 uploaded
Client 13 trained
Client 13 uploaded
Client 88 trained
Client 88 uploaded
Client 15 trained
Client 15 uploaded
Client 24 trained
Client 24 uploaded
Epoch(t): 351 accuracy: 84.86 loss 0.420126217007637 run_time: 545.666337966919
| current_epoch 352 |. Begin client select
SchedulerThread schedule Group [ 8 ], select( 9 clients):
1 | 5 | 8 | 37 | 44 | 59 | 62 | 85 | 91 |
-----------------------------------------------------------------Schedule complete
Client 8 trained
Client 8 uploaded
Client 5 trained
Client 5 uploaded
Client 44 trained
Client 44 uploaded
Client 37 trained
Client 37 uploaded
Client 91 trained
Client 91 uploaded
Client 85 trained
Client 85 uploaded
Client 62 trained
Client 62 uploaded
Client 1 trained
Client 1 uploaded
Client 59 trained
Client 59 uploaded
Epoch(t): 352 accuracy: 83.8 loss 0.4439210948348045 run_time: 547.2776329517365
| current_epoch 353 |. Begin client select
SchedulerThread schedule Group [ 7 ], select( 11 clients):
2 | 6 | 22 | 34 | 39 | 54 | 83 | 90 | 94 | 97 | 99 |
-----------------------------------------------------------------Schedule complete
Client 6 trained
Client 6 uploaded
Client 90 trained
Client 90 uploaded
Client 2 trained
Client 2 uploaded
Client 83 trained
Client 83 uploaded
Client 99 trained
Client 99 uploaded
Client 34 trained
Client 34 uploaded
Client 54 trained
Client 54 uploaded
Client 22 trained
Client 22 uploaded
Client 94 trained
Client 94 uploaded
Client 39 trained
Client 39 uploaded
Client 97 trained
Client 97 uploaded
Epoch(t): 353 accuracy: 85.32 loss 0.4100654703378677 run_time: 548.869930267334
| current_epoch 354 |. Begin client select
SchedulerThread schedule Group [ 1 ], select( 9 clients):
0 | 14 | 17 | 30 | 66 | 70 | 76 | 92 | 96 |
-----------------------------------------------------------------Schedule complete
Client 76 trained
Client 76 uploaded
Client 17 trained
Client 17 uploaded
Client 70 trained
Client 70 uploaded
Client 96 trained
Client 96 uploaded
Client 92 trained
Client 92 uploaded
Client 0 trained
Client 0 uploaded
Client 30 trained
Client 30 uploaded
Client 14 trained
Client 14 uploaded
Client 66 trained
Client 66 uploaded
Epoch(t): 354 accuracy: 85.09 loss 0.41987658411264417 run_time: 550.4216811656952
| current_epoch 355 |. Begin client select
SchedulerThread schedule Group [ 0 ], select( 11 clients):
11 | 29 | 32 | 35 | 57 | 58 | 65 | 67 | 77 | 78 | 98 |
-----------------------------------------------------------------Schedule complete
Client 58 trained
Client 58 uploaded
Client 57 trained
Client 57 uploaded
Client 32 trained
Client 32 uploaded
Client 11 trained
Client 11 uploaded
Client 78 trained
Client 78 uploaded
Client 35 trained
Client 35 uploaded
Client 29 trained
Client 29 uploaded
Client 65 trained
Client 65 uploaded
Client 77 trained
Client 77 uploaded
Client 98 trained
Client 98 uploaded
Client 67 trained
Client 67 uploaded
Epoch(t): 355 accuracy: 83.09 loss 0.46470095723867416 run_time: 551.8896110057831
| current_epoch 356 |. Begin client select
SchedulerThread schedule Group [ 6 ], select( 12 clients):
16 | 23 | 27 | 33 | 43 | 46 | 51 | 74 | 81 | 82 | 86 | 93 |
-----------------------------------------------------------------Schedule complete
Client 43 trained
Client 43 uploaded
Client 16 trained
Client 16 uploaded
Client 86 trained
Client 86 uploaded
Client 93 trained
Client 93 uploaded
Client 23 trained
Client 23 uploaded
Client 27 trained
Client 27 uploaded
Client 33 trained
Client 33 uploaded
Client 46 trained
Client 46 uploaded
Client 51 trained
Client 51 uploaded
Client 82 trained
Client 82 uploaded
Client 81 trained
Client 81 uploaded
Client 74 trained
Client 74 uploaded
Epoch(t): 356 accuracy: 85.6 loss 0.40578571647405626 run_time: 553.5373253822327
| current_epoch 357 |. Begin client select
SchedulerThread schedule Group [ 9 ], select( 8 clients):
12 | 21 | 55 | 63 | 68 | 75 | 87 | 95 |
-----------------------------------------------------------------Schedule complete
Client 21 trained
Client 21 uploaded
Client 95 trained
Client 95 uploaded
Client 55 trained
Client 55 uploaded
Client 12 trained
Client 12 uploaded
Client 87 trained
Client 87 uploaded
Client 68 trained
Client 68 uploaded
Client 63 trained
Client 63 uploaded
Client 75 trained
Client 75 uploaded
Epoch(t): 357 accuracy: 85.41 loss 0.4107219511270523 run_time: 555.0599844455719
| current_epoch 358 |. Begin client select
SchedulerThread schedule Group [ 7 ], select( 11 clients):
2 | 6 | 22 | 34 | 39 | 54 | 83 | 90 | 94 | 97 | 99 |
-----------------------------------------------------------------Schedule complete
Client 6 trained
Client 6 uploaded
Client 90 trained
Client 90 uploaded
Client 83 trained
Client 83 uploaded
Client 2 trained
Client 2 uploaded
Client 34 trained
Client 34 uploaded
Client 99 trained
Client 99 uploaded
Client 54 trained
Client 54 uploaded
Client 22 trained
Client 22 uploaded
Client 39 trained
Client 39 uploaded
Client 94 trained
Client 94 uploaded
Client 97 trained
Client 97 uploaded
Epoch(t): 358 accuracy: 84.95 loss 0.41276375085115435 run_time: 556.6538536548615
| current_epoch 359 |. Begin client select
SchedulerThread schedule Group [ 2 ], select( 10 clients):
4 | 7 | 10 | 18 | 20 | 31 | 38 | 60 | 84 | 89 |
-----------------------------------------------------------------Schedule complete
Client 84 trained
Client 84 uploaded
Client 31 trained
Client 31 uploaded
Client 38 trained
Client 38 uploaded
Client 7 trained
Client 7 uploaded
Client 60 trained
Client 60 uploaded
Client 20 trained
Client 20 uploaded
Client 10 trained
Client 10 uploaded
Client 4 trained
Client 4 uploaded
Client 18 trained
Client 18 uploaded
Client 89 trained
Client 89 uploaded
Epoch(t): 359 accuracy: 84.94 loss 0.4188980978727341 run_time: 558.2522509098053
| current_epoch 360 |. Begin client select
SchedulerThread schedule Group [ 6 ], select( 12 clients):
16 | 23 | 27 | 33 | 43 | 46 | 51 | 74 | 81 | 82 | 86 | 93 |
-----------------------------------------------------------------Schedule complete
Client 93 trained
Client 93 uploaded
Client 43 trained
Client 43 uploaded
Client 16 trained
Client 16 uploaded
Client 27 trained
Client 27 uploaded
Client 86 trained
Client 86 uploaded
Client 23 trained
Client 23 uploaded
Client 46 trained
Client 46 uploaded
Client 33 trained
Client 33 uploaded
Client 82 trained
Client 82 uploaded
Client 74 trained
Client 74 uploaded
Client 51 trained
Client 51 uploaded
Client 81 trained
Client 81 uploaded
Epoch(t): 360 accuracy: 85.19 loss 0.41348571956157687 run_time: 560.0604372024536
| current_epoch 361 |. Begin client select
SchedulerThread schedule Group [ 4 ], select( 10 clients):
26 | 28 | 41 | 42 | 45 | 48 | 56 | 61 | 64 | 71 |
-----------------------------------------------------------------Schedule complete
Client 28 trained
Client 28 uploaded
Client 71 trained
Client 71 uploaded
Client 56 trained
Client 56 uploaded
Client 42 trained
Client 42 uploaded
Client 45 trained
Client 45 uploaded
Client 26 trained
Client 26 uploaded
Client 64 trained
Client 64 uploaded
Client 61 trained
Client 61 uploaded
Client 41 trained
Client 41 uploaded
Client 48 trained
Client 48 uploaded
Epoch(t): 361 accuracy: 85.27 loss 0.409039541631937 run_time: 561.613819360733
| current_epoch 362 |. Begin client select
SchedulerThread schedule Group [ 5 ], select( 10 clients):
9 | 13 | 15 | 24 | 25 | 36 | 50 | 53 | 69 | 88 |
-----------------------------------------------------------------Schedule complete
Client 50 trained
Client 50 uploaded
Client 25 trained
Client 25 uploaded
Client 53 trained
Client 53 uploaded
Client 13 trained
Client 13 uploaded
Client 9 trained
Client 9 uploaded
Client 69 trained
Client 69 uploaded
Client 36 trained
Client 36 uploaded
Client 88 trained
Client 88 uploaded
Client 15 trained
Client 15 uploaded
Client 24 trained
Client 24 uploaded
Epoch(t): 362 accuracy: 85.17 loss 0.4145614217221737 run_time: 563.1825947761536
| current_epoch 363 |. Begin client select
SchedulerThread schedule Group [ 0 ], select( 11 clients):
11 | 29 | 32 | 35 | 57 | 58 | 65 | 67 | 77 | 78 | 98 |
-----------------------------------------------------------------Schedule complete
Client 58 trained
Client 58 uploaded
Client 57 trained
Client 57 uploaded
Client 35 trained
Client 35 uploaded
Client 78 trained
Client 78 uploaded
Client 29 trained
Client 29 uploaded
Client 11 trained
Client 11 uploaded
Client 32 trained
Client 32 uploaded
Client 65 trained
Client 65 uploaded
Client 77 trained
Client 77 uploaded
Client 98 trained
Client 98 uploaded
Client 67 trained
Client 67 uploaded
Epoch(t): 363 accuracy: 83.33 loss 0.45340822234749795 run_time: 564.6710834503174
| current_epoch 364 |. Begin client select
SchedulerThread schedule Group [ 3 ], select( 10 clients):
3 | 19 | 40 | 47 | 49 | 52 | 72 | 73 | 79 | 80 |
-----------------------------------------------------------------Schedule complete
Client 72 trained
Client 72 uploaded
Client 73 trained
Client 73 uploaded
Client 47 trained
Client 47 uploaded
Client 40 trained
Client 40 uploaded
Client 80 trained
Client 80 uploaded
Client 19 trained
Client 19 uploaded
Client 52 trained
Client 52 uploaded
Client 3 trained
Client 3 uploaded
Client 79 trained
Client 79 uploaded
Client 49 trained
Client 49 uploaded
Epoch(t): 364 accuracy: 85.99 loss 0.39484860241413117 run_time: 566.2757172584534
| current_epoch 365 |. Begin client select
SchedulerThread schedule Group [ 6 ], select( 12 clients):
16 | 23 | 27 | 33 | 43 | 46 | 51 | 74 | 81 | 82 | 86 | 93 |
-----------------------------------------------------------------Schedule complete
Client 43 trained
Client 43 uploaded
Client 16 trained
Client 16 uploaded
Client 93 trained
Client 93 uploaded
Client 86 trained
Client 86 uploaded
Client 27 trained
Client 27 uploaded
Client 23 trained
Client 23 uploaded
Client 33 trained
Client 33 uploaded
Client 46 trained
Client 46 uploaded
Client 74 trained
Client 74 uploaded
Client 81 trained
Client 81 uploaded
Client 82 trained
Client 82 uploaded
Client 51 trained
Client 51 uploaded
Epoch(t): 365 accuracy: 84.77 loss 0.4197774094343185 run_time: 567.8822193145752
| current_epoch 366 |. Begin client select
SchedulerThread schedule Group [ 6 ], select( 12 clients):
16 | 23 | 27 | 33 | 43 | 46 | 51 | 74 | 81 | 82 | 86 | 93 |
-----------------------------------------------------------------Schedule complete
Client 43 trained
Client 43 uploaded
Client 93 trained
Client 93 uploaded
Client 27 trained
Client 27 uploaded
Client 16 trained
Client 16 uploaded
Client 86 trained
Client 86 uploaded
Client 23 trained
Client 23 uploaded
Client 33 trained
Client 33 uploaded
Client 46 trained
Client 46 uploaded
Client 74 trained
Client 74 uploaded
Client 82 trained
Client 82 uploaded
Client 51 trained
Client 51 uploaded
Client 81 trained
Client 81 uploaded
Epoch(t): 366 accuracy: 84.77 loss 0.4246130299568176 run_time: 569.6342206001282
| current_epoch 367 |. Begin client select
SchedulerThread schedule Group [ 2 ], select( 10 clients):
4 | 7 | 10 | 18 | 20 | 31 | 38 | 60 | 84 | 89 |
-----------------------------------------------------------------Schedule complete
Client 84 trained
Client 84 uploaded
Client 31 trained
Client 31 uploaded
Client 38 trained
Client 38 uploaded
Client 60 trained
Client 60 uploaded
Client 7 trained
Client 7 uploaded
Client 20 trained
Client 20 uploaded
Client 10 trained
Client 10 uploaded
Client 4 trained
Client 4 uploaded
Client 18 trained
Client 18 uploaded
Client 89 trained
Client 89 uploaded
Epoch(t): 367 accuracy: 84.95 loss 0.4200393745303154 run_time: 571.2305524349213
| current_epoch 368 |. Begin client select
SchedulerThread schedule Group [ 1 ], select( 9 clients):
0 | 14 | 17 | 30 | 66 | 70 | 76 | 92 | 96 |
-----------------------------------------------------------------Schedule complete
Client 70 trained
Client 70 uploaded
Client 76 trained
Client 76 uploaded
Client 96 trained
Client 96 uploaded
Client 92 trained
Client 92 uploaded
Client 66 trained
Client 66 uploaded
Client 17 trained
Client 17 uploaded
Client 0 trained
Client 0 uploaded
Client 14 trained
Client 14 uploaded
Client 30 trained
Client 30 uploaded
Epoch(t): 368 accuracy: 84.96 loss 0.4152808171510696 run_time: 572.7908327579498
| current_epoch 369 |. Begin client select
SchedulerThread schedule Group [ 9 ], select( 8 clients):
12 | 21 | 55 | 63 | 68 | 75 | 87 | 95 |
-----------------------------------------------------------------Schedule complete
Client 55 trained
Client 55 uploaded
Client 95 trained
Client 95 uploaded
Client 12 trained
Client 12 uploaded
Client 21 trained
Client 21 uploaded
Client 75 trained
Client 75 uploaded
Client 68 trained
Client 68 uploaded
Client 63 trained
Client 63 uploaded
Client 87 trained
Client 87 uploaded
Epoch(t): 369 accuracy: 85.58 loss 0.4107877902686596 run_time: 574.156528711319
| current_epoch 370 |. Begin client select
SchedulerThread schedule Group [ 7 ], select( 11 clients):
2 | 6 | 22 | 34 | 39 | 54 | 83 | 90 | 94 | 97 | 99 |
-----------------------------------------------------------------Schedule complete
Client 2 trained
Client 2 uploaded
Client 83 trained
Client 83 uploaded
Client 90 trained
Client 90 uploaded
Client 6 trained
Client 6 uploaded
Client 99 trained
Client 99 uploaded
Client 34 trained
Client 34 uploaded
Client 94 trained
Client 94 uploaded
Client 22 trained
Client 22 uploaded
Client 54 trained
Client 54 uploaded
Client 97 trained
Client 97 uploaded
Client 39 trained
Client 39 uploaded
Epoch(t): 370 accuracy: 84.95 loss 0.41371636241674425 run_time: 575.65793633461
| current_epoch 371 |. Begin client select
SchedulerThread schedule Group [ 6 ], select( 12 clients):
16 | 23 | 27 | 33 | 43 | 46 | 51 | 74 | 81 | 82 | 86 | 93 |
-----------------------------------------------------------------Schedule complete
Client 43 trained
Client 43 uploaded
Client 93 trained
Client 93 uploaded
Client 16 trained
Client 16 uploaded
Client 27 trained
Client 27 uploaded
Client 86 trained
Client 86 uploaded
Client 23 trained
Client 23 uploaded
Client 46 trained
Client 46 uploaded
Client 33 trained
Client 33 uploaded
Client 74 trained
Client 74 uploaded
Client 82 trained
Client 82 uploaded
Client 51 trained
Client 51 uploaded
Client 81 trained
Client 81 uploaded
Epoch(t): 371 accuracy: 85.1 loss 0.412980819940567 run_time: 577.4541380405426
| current_epoch 372 |. Begin client select
SchedulerThread schedule Group [ 8 ], select( 9 clients):
1 | 5 | 8 | 37 | 44 | 59 | 62 | 85 | 91 |
-----------------------------------------------------------------Schedule complete
Client 5 trained
Client 5 uploaded
Client 37 trained
Client 37 uploaded
Client 8 trained
Client 8 uploaded
Client 59 trained
Client 59 uploaded
Client 85 trained
Client 85 uploaded
Client 44 trained
Client 44 uploaded
Client 62 trained
Client 62 uploaded
Client 91 trained
Client 91 uploaded
Client 1 trained
Client 1 uploaded
Epoch(t): 372 accuracy: 83.86 loss 0.43980773523449895 run_time: 579.0195064544678
| current_epoch 373 |. Begin client select
SchedulerThread schedule Group [ 0 ], select( 11 clients):
11 | 29 | 32 | 35 | 57 | 58 | 65 | 67 | 77 | 78 | 98 |
-----------------------------------------------------------------Schedule complete
Client 57 trained
Client 57 uploaded
Client 58 trained
Client 58 uploaded
Client 32 trained
Client 32 uploaded
Client 35 trained
Client 35 uploaded
Client 29 trained
Client 29 uploaded
Client 78 trained
Client 78 uploaded
Client 65 trained
Client 65 uploaded
Client 11 trained
Client 11 uploaded
Client 67 trained
Client 67 uploaded
Client 77 trained
Client 77 uploaded
Client 98 trained
Client 98 uploaded
Epoch(t): 373 accuracy: 83.58 loss 0.45023122400045396 run_time: 580.6204664707184
| current_epoch 374 |. Begin client select
SchedulerThread schedule Group [ 5 ], select( 10 clients):
9 | 13 | 15 | 24 | 25 | 36 | 50 | 53 | 69 | 88 |
-----------------------------------------------------------------Schedule complete
Client 25 trained
Client 25 uploaded
Client 53 trained
Client 53 uploaded
Client 50 trained
Client 50 uploaded
Client 69 trained
Client 69 uploaded
Client 36 trained
Client 36 uploaded
Client 9 trained
Client 9 uploaded
Client 88 trained
Client 88 uploaded
Client 24 trained
Client 24 uploaded
Client 15 trained
Client 15 uploaded
Client 13 trained
Client 13 uploaded
Epoch(t): 374 accuracy: 85.03 loss 0.4144362637400627 run_time: 582.2049663066864
| current_epoch 375 |. Begin client select
SchedulerThread schedule Group [ 6 ], select( 12 clients):
16 | 23 | 27 | 33 | 43 | 46 | 51 | 74 | 81 | 82 | 86 | 93 |
-----------------------------------------------------------------Schedule complete
Client 43 trained
Client 43 uploaded
Client 27 trained
Client 27 uploaded
Client 93 trained
Client 93 uploaded
Client 86 trained
Client 86 uploaded
Client 16 trained
Client 16 uploaded
Client 23 trained
Client 23 uploaded
Client 33 trained
Client 33 uploaded
Client 74 trained
Client 74 uploaded
Client 46 trained
Client 46 uploaded
Client 81 trained
Client 81 uploaded
Client 82 trained
Client 82 uploaded
Client 51 trained
Client 51 uploaded
Epoch(t): 375 accuracy: 84.31 loss 0.42648459002375605 run_time: 583.8571391105652
| current_epoch 376 |. Begin client select
SchedulerThread schedule Group [ 3 ], select( 10 clients):
3 | 19 | 40 | 47 | 49 | 52 | 72 | 73 | 79 | 80 |
-----------------------------------------------------------------Schedule complete
Client 72 trained
Client 72 uploaded
Client 47 trained
Client 47 uploaded
Client 40 trained
Client 40 uploaded
Client 73 trained
Client 73 uploaded
Client 80 trained
Client 80 uploaded
Client 19 trained
Client 19 uploaded
Client 3 trained
Client 3 uploaded
Client 79 trained
Client 79 uploaded
Client 52 trained
Client 52 uploaded
Client 49 trained
Client 49 uploaded
Epoch(t): 376 accuracy: 85.79 loss 0.39715105935931205 run_time: 585.2683596611023
| current_epoch 377 |. Begin client select
SchedulerThread schedule Group [ 2 ], select( 10 clients):
4 | 7 | 10 | 18 | 20 | 31 | 38 | 60 | 84 | 89 |
-----------------------------------------------------------------Schedule complete
Client 38 trained
Client 38 uploaded
Client 31 trained
Client 31 uploaded
Client 84 trained
Client 84 uploaded
Client 20 trained
Client 20 uploaded
Client 7 trained
Client 7 uploaded
Client 60 trained
Client 60 uploaded
Client 10 trained
Client 10 uploaded
Client 4 trained
Client 4 uploaded
Client 18 trained
Client 18 uploaded
Client 89 trained
Client 89 uploaded
Epoch(t): 377 accuracy: 84.86 loss 0.4228000375628471 run_time: 586.658801317215
| current_epoch 378 |. Begin client select
SchedulerThread schedule Group [ 9 ], select( 8 clients):
12 | 21 | 55 | 63 | 68 | 75 | 87 | 95 |
-----------------------------------------------------------------Schedule complete
Client 55 trained
Client 55 uploaded
Client 95 trained
Client 95 uploaded
Client 12 trained
Client 12 uploaded
Client 75 trained
Client 75 uploaded
Client 68 trained
Client 68 uploaded
Client 21 trained
Client 21 uploaded
Client 63 trained
Client 63 uploaded
Client 87 trained
Client 87 uploaded
Epoch(t): 378 accuracy: 84.42 loss 0.4373185074329376 run_time: 587.9107415676117
| current_epoch 379 |. Begin client select
SchedulerThread schedule Group [ 4 ], select( 10 clients):
26 | 28 | 41 | 42 | 45 | 48 | 56 | 61 | 64 | 71 |
-----------------------------------------------------------------Schedule complete
Client 28 trained
Client 28 uploaded
Client 71 trained
Client 71 uploaded
Client 56 trained
Client 56 uploaded
Client 42 trained
Client 42 uploaded
Client 64 trained
Client 64 uploaded
Client 26 trained
Client 26 uploaded
Client 45 trained
Client 45 uploaded
Client 48 trained
Client 48 uploaded
Client 41 trained
Client 41 uploaded
Client 61 trained
Client 61 uploaded
Epoch(t): 379 accuracy: 85.21 loss 0.4077313894033432 run_time: 589.3813908100128
| current_epoch 380 |. Begin client select
SchedulerThread schedule Group [ 0 ], select( 11 clients):
11 | 29 | 32 | 35 | 57 | 58 | 65 | 67 | 77 | 78 | 98 |
-----------------------------------------------------------------Schedule complete
Client 58 trained
Client 58 uploaded
Client 57 trained
Client 57 uploaded
Client 35 trained
Client 35 uploaded
Client 78 trained
Client 78 uploaded
Client 11 trained
Client 11 uploaded
Client 32 trained
Client 32 uploaded
Client 65 trained
Client 65 uploaded
Client 29 trained
Client 29 uploaded
Client 77 trained
Client 77 uploaded
Client 67 trained
Client 67 uploaded
Client 98 trained
Client 98 uploaded
Epoch(t): 380 accuracy: 83.88 loss 0.4484288436174393 run_time: 591.0036010742188
| current_epoch 381 |. Begin client select
SchedulerThread schedule Group [ 7 ], select( 11 clients):
2 | 6 | 22 | 34 | 39 | 54 | 83 | 90 | 94 | 97 | 99 |
-----------------------------------------------------------------Schedule complete
Client 83 trained
Client 83 uploaded
Client 90 trained
Client 90 uploaded
Client 6 trained
Client 6 uploaded
Client 2 trained
Client 2 uploaded
Client 34 trained
Client 34 uploaded
Client 54 trained
Client 54 uploaded
Client 99 trained
Client 99 uploaded
Client 94 trained
Client 94 uploaded
Client 22 trained
Client 22 uploaded
Client 39 trained
Client 39 uploaded
Client 97 trained
Client 97 uploaded
Epoch(t): 381 accuracy: 85.25 loss 0.4084940531849861 run_time: 592.7245118618011
| current_epoch 382 |. Begin client select
SchedulerThread schedule Group [ 6 ], select( 12 clients):
16 | 23 | 27 | 33 | 43 | 46 | 51 | 74 | 81 | 82 | 86 | 93 |
-----------------------------------------------------------------Schedule complete
Client 43 trained
Client 43 uploaded
Client 93 trained
Client 93 uploaded
Client 27 trained
Client 27 uploaded
Client 16 trained
Client 16 uploaded
Client 86 trained
Client 86 uploaded
Client 23 trained
Client 23 uploaded
Client 74 trained
Client 74 uploaded
Client 33 trained
Client 33 uploaded
Client 46 trained
Client 46 uploaded
Client 82 trained
Client 82 uploaded
Client 81 trained
Client 81 uploaded
Client 51 trained
Client 51 uploaded
Epoch(t): 382 accuracy: 84.58 loss 0.421575091779232 run_time: 594.4753222465515
| current_epoch 383 |. Begin client select
SchedulerThread schedule Group [ 5 ], select( 10 clients):
9 | 13 | 15 | 24 | 25 | 36 | 50 | 53 | 69 | 88 |
-----------------------------------------------------------------Schedule complete
Client 53 trained
Client 53 uploaded
Client 50 trained
Client 50 uploaded
Client 25 trained
Client 25 uploaded
Client 36 trained
Client 36 uploaded
Client 69 trained
Client 69 uploaded
Client 9 trained
Client 9 uploaded
Client 88 trained
Client 88 uploaded
Client 13 trained
Client 13 uploaded
Client 15 trained
Client 15 uploaded
Client 24 trained
Client 24 uploaded
Epoch(t): 383 accuracy: 85.78 loss 0.3933612428605556 run_time: 596.1210429668427
| current_epoch 384 |. Begin client select
SchedulerThread schedule Group [ 1 ], select( 9 clients):
0 | 14 | 17 | 30 | 66 | 70 | 76 | 92 | 96 |
-----------------------------------------------------------------Schedule complete
Client 76 trained
Client 76 uploaded
Client 70 trained
Client 70 uploaded
Client 96 trained
Client 96 uploaded
Client 17 trained
Client 17 uploaded
Client 92 trained
Client 92 uploaded
Client 30 trained
Client 30 uploaded
Client 66 trained
Client 66 uploaded
Client 0 trained
Client 0 uploaded
Client 14 trained
Client 14 uploaded
Epoch(t): 384 accuracy: 85.01 loss 0.41576415836811065 run_time: 597.6173424720764
| current_epoch 385 |. Begin client select
SchedulerThread schedule Group [ 9 ], select( 8 clients):
12 | 21 | 55 | 63 | 68 | 75 | 87 | 95 |
-----------------------------------------------------------------Schedule complete
Client 55 trained
Client 55 uploaded
Client 95 trained
Client 95 uploaded
Client 12 trained
Client 12 uploaded
Client 68 trained
Client 68 uploaded
Client 21 trained
Client 21 uploaded
Client 75 trained
Client 75 uploaded
Client 63 trained
Client 63 uploaded
Client 87 trained
Client 87 uploaded
Epoch(t): 385 accuracy: 85.11 loss 0.41334120064973834 run_time: 598.9861326217651
| current_epoch 386 |. Begin client select
SchedulerThread schedule Group [ 8 ], select( 9 clients):
1 | 5 | 8 | 37 | 44 | 59 | 62 | 85 | 91 |
-----------------------------------------------------------------Schedule complete
Client 44 trained
Client 44 uploaded
Client 5 trained
Client 5 uploaded
Client 8 trained
Client 8 uploaded
Client 37 trained
Client 37 uploaded
Client 1 trained
Client 1 uploaded
Client 62 trained
Client 62 uploaded
Client 91 trained
Client 91 uploaded
Client 59 trained
Client 59 uploaded
Client 85 trained
Client 85 uploaded
Epoch(t): 386 accuracy: 83.67 loss 0.44345668643713 run_time: 600.4470653533936
| current_epoch 387 |. Begin client select
SchedulerThread schedule Group [ 6 ], select( 12 clients):
16 | 23 | 27 | 33 | 43 | 46 | 51 | 74 | 81 | 82 | 86 | 93 |
-----------------------------------------------------------------Schedule complete
Client 43 trained
Client 43 uploaded
Client 16 trained
Client 16 uploaded
Client 93 trained
Client 93 uploaded
Client 86 trained
Client 86 uploaded
Client 27 trained
Client 27 uploaded
Client 23 trained
Client 23 uploaded
Client 33 trained
Client 33 uploaded
Client 82 trained
Client 82 uploaded
Client 46 trained
Client 81 trained
Client 46 uploaded
Client 81 uploaded
Client 51 trained
Client 51 uploaded
Client 74 trained
Client 74 uploaded
Epoch(t): 387 accuracy: 85.52 loss 0.4056311659514904 run_time: 602.070873260498
| current_epoch 388 |. Begin client select
SchedulerThread schedule Group [ 2 ], select( 10 clients):
4 | 7 | 10 | 18 | 20 | 31 | 38 | 60 | 84 | 89 |
-----------------------------------------------------------------Schedule complete
Client 31 trained
Client 31 uploaded
Client 84 trained
Client 84 uploaded
Client 60 trained
Client 60 uploaded
Client 20 trained
Client 20 uploaded
Client 38 trained
Client 38 uploaded
Client 7 trained
Client 7 uploaded
Client 4 trained
Client 4 uploaded
Client 10 trained
Client 10 uploaded
Client 89 trained
Client 89 uploaded
Client 18 trained
Client 18 uploaded
Epoch(t): 388 accuracy: 84.64 loss 0.4255895647406578 run_time: 603.4844717979431
| current_epoch 389 |. Begin client select
SchedulerThread schedule Group [ 3 ], select( 10 clients):
3 | 19 | 40 | 47 | 49 | 52 | 72 | 73 | 79 | 80 |
-----------------------------------------------------------------Schedule complete
Client 72 trained
Client 72 uploaded
Client 80 trained
Client 80 uploaded
Client 73 trained
Client 73 uploaded
Client 47 trained
Client 47 uploaded
Client 40 trained
Client 40 uploaded
Client 19 trained
Client 19 uploaded
Client 52 trained
Client 52 uploaded
Client 3 trained
Client 3 uploaded
Client 79 trained
Client 79 uploaded
Client 49 trained
Client 49 uploaded
Epoch(t): 389 accuracy: 85.79 loss 0.39427939370274545 run_time: 604.9666697978973
| current_epoch 390 |. Begin client select
SchedulerThread schedule Group [ 5 ], select( 10 clients):
9 | 13 | 15 | 24 | 25 | 36 | 50 | 53 | 69 | 88 |
-----------------------------------------------------------------Schedule complete
Client 50 trained
Client 50 uploaded
Client 25 trained
Client 25 uploaded
Client 53 trained
Client 53 uploaded
Client 36 trained
Client 36 uploaded
Client 9 trained
Client 9 uploaded
Client 69 trained
Client 69 uploaded
Client 13 trained
Client 13 uploaded
Client 15 trained
Client 15 uploaded
Client 88 trained
Client 88 uploaded
Client 24 trained
Client 24 uploaded
Epoch(t): 390 accuracy: 85.72 loss 0.3982983158528805 run_time: 606.5362634658813
| current_epoch 391 |. Begin client select
SchedulerThread schedule Group [ 0 ], select( 11 clients):
11 | 29 | 32 | 35 | 57 | 58 | 65 | 67 | 77 | 78 | 98 |
-----------------------------------------------------------------Schedule complete
Client 58 trained
Client 58 uploaded
Client 57 trained
Client 57 uploaded
Client 35 trained
Client 35 uploaded
Client 78 trained
Client 78 uploaded
Client 11 trained
Client 11 uploaded
Client 29 trained
Client 29 uploaded
Client 32 trained
Client 32 uploaded
Client 77 trained
Client 77 uploaded
Client 65 trained
Client 65 uploaded
Client 98 trained
Client 98 uploaded
Client 67 trained
Client 67 uploaded
Epoch(t): 391 accuracy: 84.07 loss 0.4346987956762314 run_time: 608.0709342956543
| current_epoch 392 |. Begin client select
SchedulerThread schedule Group [ 6 ], select( 12 clients):
16 | 23 | 27 | 33 | 43 | 46 | 51 | 74 | 81 | 82 | 86 | 93 |
-----------------------------------------------------------------Schedule complete
Client 43 trained
Client 43 uploaded
Client 27 trained
Client 27 uploaded
Client 93 trained
Client 93 uploaded
Client 16 trained
Client 16 uploaded
Client 86 trained
Client 86 uploaded
Client 23 trained
Client 23 uploaded
Client 33 trained
Client 33 uploaded
Client 74 trained
Client 74 uploaded
Client 46 trained
Client 46 uploaded
Client 81 trained
Client 81 uploaded
Client 82 trained
Client 82 uploaded
Client 51 trained
Client 51 uploaded
Epoch(t): 392 accuracy: 85.35 loss 0.4061335711181164 run_time: 609.892463684082
| current_epoch 393 |. Begin client select
SchedulerThread schedule Group [ 7 ], select( 11 clients):
2 | 6 | 22 | 34 | 39 | 54 | 83 | 90 | 94 | 97 | 99 |
-----------------------------------------------------------------Schedule complete
Client 6 trained
Client 6 uploaded
Client 90 trained
Client 90 uploaded
Client 2 trained
Client 2 uploaded
Client 83 trained
Client 83 uploaded
Client 34 trained
Client 34 uploaded
Client 99 trained
Client 99 uploaded
Client 22 trained
Client 22 uploaded
Client 54 trained
Client 54 uploaded
Client 94 trained
Client 94 uploaded
Client 97 trained
Client 97 uploaded
Client 39 trained
Client 39 uploaded
Epoch(t): 393 accuracy: 85.45 loss 0.4021941712498665 run_time: 611.3524475097656
| current_epoch 394 |. Begin client select
SchedulerThread schedule Group [ 6 ], select( 12 clients):
16 | 23 | 27 | 33 | 43 | 46 | 51 | 74 | 81 | 82 | 86 | 93 |
-----------------------------------------------------------------Schedule complete
Client 86 trained
Client 86 uploaded
Client 16 trained
Client 16 uploaded
Client 43 trained
Client 43 uploaded
Client 23 trained
Client 23 uploaded
Client 33 trained
Client 33 uploaded
Client 93 trained
Client 93 uploaded
Client 27 trained
Client 27 uploaded
Client 46 trained
Client 46 uploaded
Client 74 trained
Client 74 uploaded
Client 82 trained
Client 82 uploaded
Client 81 trained
Client 81 uploaded
Client 51 trained
Client 51 uploaded
Epoch(t): 394 accuracy: 85.51 loss 0.4086183874309063 run_time: 612.8103542327881
| current_epoch 395 |. Begin client select
SchedulerThread schedule Group [ 9 ], select( 8 clients):
12 | 21 | 55 | 63 | 68 | 75 | 87 | 95 |
-----------------------------------------------------------------Schedule complete
Client 55 trained
Client 55 uploaded
Client 95 trained
Client 95 uploaded
Client 12 trained
Client 12 uploaded
Client 68 trained
Client 68 uploaded
Client 21 trained
Client 21 uploaded
Client 63 trained
Client 63 uploaded
Client 87 trained
Client 87 uploaded
Client 75 trained
Client 75 uploaded
Epoch(t): 395 accuracy: 85.4 loss 0.408546482026577 run_time: 614.1393601894379
| current_epoch 396 |. Begin client select
SchedulerThread schedule Group [ 4 ], select( 10 clients):
26 | 28 | 41 | 42 | 45 | 48 | 56 | 61 | 64 | 71 |
-----------------------------------------------------------------Schedule complete
Client 28 trained
Client 28 uploaded
Client 71 trained
Client 71 uploaded
Client 56 trained
Client 56 uploaded
Client 42 trained
Client 42 uploaded
Client 64 trained
Client 64 uploaded
Client 45 trained
Client 45 uploaded
Client 26 trained
Client 26 uploaded
Client 48 trained
Client 48 uploaded
Client 41 trained
Client 41 uploaded
Client 61 trained
Client 61 uploaded
Epoch(t): 396 accuracy: 85.89 loss 0.395061931759119 run_time: 615.6283390522003
| current_epoch 397 |. Begin client select
SchedulerThread schedule Group [ 2 ], select( 10 clients):
4 | 7 | 10 | 18 | 20 | 31 | 38 | 60 | 84 | 89 |
-----------------------------------------------------------------Schedule complete
Client 84 trained
Client 84 uploaded
Client 38 trained
Client 38 uploaded
Client 31 trained
Client 31 uploaded
Client 7 trained
Client 7 uploaded
Client 60 trained
Client 60 uploaded
Client 20 trained
Client 20 uploaded
Client 4 trained
Client 4 uploaded
Client 10 trained
Client 10 uploaded
Client 18 trained
Client 18 uploaded
Client 89 trained
Client 89 uploaded
Epoch(t): 397 accuracy: 85.11 loss 0.4184484001994133 run_time: 617.1661927700043
| current_epoch 398 |. Begin client select
SchedulerThread schedule Group [ 5 ], select( 10 clients):
9 | 13 | 15 | 24 | 25 | 36 | 50 | 53 | 69 | 88 |
-----------------------------------------------------------------Schedule complete
Client 25 trained
Client 25 uploaded
Client 50 trained
Client 50 uploaded
Client 53 trained
Client 53 uploaded
Client 69 trained
Client 69 uploaded
Client 36 trained
Client 36 uploaded
Client 9 trained
Client 9 uploaded
Client 13 trained
Client 13 uploaded
Client 88 trained
Client 88 uploaded
Client 15 trained
Client 15 uploaded
Client 24 trained
Client 24 uploaded
Epoch(t): 398 accuracy: 85.93 loss 0.3947230885922909 run_time: 618.6952583789825
| current_epoch 399 |. Begin client select
SchedulerThread schedule Group [ 0 ], select( 11 clients):
11 | 29 | 32 | 35 | 57 | 58 | 65 | 67 | 77 | 78 | 98 |
-----------------------------------------------------------------Schedule complete
Client 58 trained
Client 58 uploaded
Client 57 trained
Client 57 uploaded
Client 11 trained
Client 11 uploaded
Client 35 trained
Client 35 uploaded
Client 78 trained
Client 78 uploaded
Client 32 trained
Client 32 uploaded
Client 65 trained
Client 65 uploaded
Client 29 trained
Client 29 uploaded
Client 77 trained
Client 77 uploaded
Client 67 trained
Client 67 uploaded
Client 98 trained
Client 98 uploaded
Epoch(t): 399 accuracy: 83.72 loss 0.44288780093193053 run_time: 620.2087152004242
| current_epoch 400 |. Begin client select
SchedulerThread schedule Group [ 6 ], select( 12 clients):
16 | 23 | 27 | 33 | 43 | 46 | 51 | 74 | 81 | 82 | 86 | 93 |
-----------------------------------------------------------------Schedule complete
Client 93 trained
Client 93 uploaded
Client 43 trained
Client 43 uploaded
Client 27 trained
Client 27 uploaded
Client 16 trained
Client 16 uploaded
Client 86 trained
Client 86 uploaded
Client 23 trained
Client 23 uploaded
Client 46 trained
Client 46 uploaded
Client 74 trained
Client 74 uploaded
Client 33 trained
Client 33 uploaded
Client 81 trained
Client 81 uploaded
Client 82 trained
Client 82 uploaded
Client 51 trained
Client 51 uploaded
Epoch(t): 400 accuracy: 85.6 loss 0.4036210265755653 run_time: 621.9125370979309
| current_epoch 401 |. Begin client select
SchedulerThread schedule Group [ 7 ], select( 11 clients):
2 | 6 | 22 | 34 | 39 | 54 | 83 | 90 | 94 | 97 | 99 |
-----------------------------------------------------------------Schedule complete
Client 2 trained
Client 2 uploaded
Client 90 trained
Client 90 uploaded
Client 6 trained
Client 6 uploaded
Client 83 trained
Client 83 uploaded
Client 99 trained
Client 99 uploaded
Client 34 trained
Client 34 uploaded
Client 22 trained
Client 22 uploaded
Client 54 trained
Client 54 uploaded
Client 94 trained
Client 94 uploaded
Client 39 trained
Client 39 uploaded
Client 97 trained
Client 97 uploaded
Epoch(t): 401 accuracy: 85.69 loss 0.3982433451712131 run_time: 623.5886468887329
| current_epoch 402 |. Begin client select
SchedulerThread schedule Group [ 8 ], select( 9 clients):
1 | 5 | 8 | 37 | 44 | 59 | 62 | 85 | 91 |
-----------------------------------------------------------------Schedule complete
Client 8 trained
Client 8 uploaded
Client 5 trained
Client 5 uploaded
Client 44 trained
Client 44 uploaded
Client 1 trained
Client 1 uploaded
Client 91 trained
Client 91 uploaded
Client 59 trained
Client 59 uploaded
Client 37 trained
Client 37 uploaded
Client 62 trained
Client 62 uploaded
Client 85 trained
Client 85 uploaded
Epoch(t): 402 accuracy: 83.58 loss 0.4430396245419979 run_time: 624.9597651958466
| current_epoch 403 |. Begin client select
SchedulerThread schedule Group [ 1 ], select( 9 clients):
0 | 14 | 17 | 30 | 66 | 70 | 76 | 92 | 96 |
-----------------------------------------------------------------Schedule complete
Client 96 trained
Client 96 uploaded
Client 70 trained
Client 70 uploaded
Client 17 trained
Client 17 uploaded
Client 76 trained
Client 76 uploaded
Client 92 trained
Client 92 uploaded
Client 0 trained
Client 0 uploaded
Client 66 trained
Client 66 uploaded
Client 30 trained
Client 30 uploaded
Client 14 trained
Client 14 uploaded
Epoch(t): 403 accuracy: 84.96 loss 0.41405654191970825 run_time: 626.6206159591675
| current_epoch 404 |. Begin client select
SchedulerThread schedule Group [ 6 ], select( 12 clients):
16 | 23 | 27 | 33 | 43 | 46 | 51 | 74 | 81 | 82 | 86 | 93 |
-----------------------------------------------------------------Schedule complete
Client 43 trained
Client 43 uploaded
Client 93 trained
Client 93 uploaded
Client 27 trained
Client 27 uploaded
Client 16 trained
Client 16 uploaded
Client 86 trained
Client 86 uploaded
Client 23 trained
Client 23 uploaded
Client 82 trained
Client 82 uploaded
Client 74 trained
Client 74 uploaded
Client 51 trained
Client 51 uploaded
Client 46 trained
Client 46 uploaded
Client 81 trained
Client 81 uploaded
Client 33 trained
Client 33 uploaded
Epoch(t): 404 accuracy: 85.28 loss 0.411652662307024 run_time: 628.2583453655243
| current_epoch 405 |. Begin client select
SchedulerThread schedule Group [ 3 ], select( 10 clients):
3 | 19 | 40 | 47 | 49 | 52 | 72 | 73 | 79 | 80 |
-----------------------------------------------------------------Schedule complete
Client 72 trained
Client 72 uploaded
Client 40 trained
Client 40 uploaded
Client 73 trained
Client 73 uploaded
Client 47 trained
Client 47 uploaded
Client 80 trained
Client 80 uploaded
Client 19 trained
Client 19 uploaded
Client 52 trained
Client 52 uploaded
Client 79 trained
Client 79 uploaded
Client 3 trained
Client 3 uploaded
Client 49 trained
Client 49 uploaded
Epoch(t): 405 accuracy: 85.96 loss 0.393291694521904 run_time: 629.7226204872131
| current_epoch 406 |. Begin client select
SchedulerThread schedule Group [ 9 ], select( 8 clients):
12 | 21 | 55 | 63 | 68 | 75 | 87 | 95 |
-----------------------------------------------------------------Schedule complete
Client 55 trained
Client 55 uploaded
Client 95 trained
Client 95 uploaded
Client 75 trained
Client 75 uploaded
Client 12 trained
Client 12 uploaded
Client 68 trained
Client 68 uploaded
Client 21 trained
Client 21 uploaded
Client 87 trained
Client 87 uploaded
Client 63 trained
Client 63 uploaded
Epoch(t): 406 accuracy: 85.46 loss 0.4113721132278442 run_time: 631.0568430423737
| current_epoch 407 |. Begin client select
SchedulerThread schedule Group [ 5 ], select( 10 clients):
9 | 13 | 15 | 24 | 25 | 36 | 50 | 53 | 69 | 88 |
-----------------------------------------------------------------Schedule complete
Client 50 trained
Client 50 uploaded
Client 25 trained
Client 25 uploaded
Client 53 trained
Client 53 uploaded
Client 36 trained
Client 36 uploaded
Client 9 trained
Client 9 uploaded
Client 69 trained
Client 69 uploaded
Client 13 trained
Client 13 uploaded
Client 15 trained
Client 15 uploaded
Client 88 trained
Client 88 uploaded
Client 24 trained
Client 24 uploaded
Epoch(t): 407 accuracy: 85.89 loss 0.394243161380291 run_time: 632.452315568924
| current_epoch 408 |. Begin client select
SchedulerThread schedule Group [ 0 ], select( 11 clients):
11 | 29 | 32 | 35 | 57 | 58 | 65 | 67 | 77 | 78 | 98 |
-----------------------------------------------------------------Schedule complete
Client 57 trained
Client 57 uploaded
Client 58 trained
Client 58 uploaded
Client 29 trained
Client 29 uploaded
Client 78 trained
Client 78 uploaded
Client 35 trained
Client 35 uploaded
Client 11 trained
Client 11 uploaded
Client 32 trained
Client 32 uploaded
Client 65 trained
Client 65 uploaded
Client 67 trained
Client 67 uploaded
Client 98 trained
Client 98 uploaded
Client 77 trained
Client 77 uploaded
Epoch(t): 408 accuracy: 84.01 loss 0.43568172186613086 run_time: 633.9922482967377
| current_epoch 409 |. Begin client select
SchedulerThread schedule Group [ 6 ], select( 12 clients):
16 | 23 | 27 | 33 | 43 | 46 | 51 | 74 | 81 | 82 | 86 | 93 |
-----------------------------------------------------------------Schedule complete
Client 43 trained
Client 43 uploaded
Client 16 trained
Client 16 uploaded
Client 27 trained
Client 27 uploaded
Client 93 trained
Client 93 uploaded
Client 86 trained
Client 86 uploaded
Client 23 trained
Client 23 uploaded
Client 46 trained
Client 46 uploaded
Client 33 trained
Client 33 uploaded
Client 81 trained
Client 81 uploaded
Client 51 trained
Client 51 uploaded
Client 74 trained
Client 74 uploaded
Client 82 trained
Client 82 uploaded
Epoch(t): 409 accuracy: 85.74 loss 0.3999613632261753 run_time: 635.4910678863525
| current_epoch 410 |. Begin client select
SchedulerThread schedule Group [ 2 ], select( 10 clients):
4 | 7 | 10 | 18 | 20 | 31 | 38 | 60 | 84 | 89 |
-----------------------------------------------------------------Schedule complete
Client 84 trained
Client 84 uploaded
Client 31 trained
Client 31 uploaded
Client 38 trained
Client 38 uploaded
Client 60 trained
Client 60 uploaded
Client 7 trained
Client 7 uploaded
Client 4 trained
Client 4 uploaded
Client 20 trained
Client 20 uploaded
Client 10 trained
Client 10 uploaded
Client 89 trained
Client 89 uploaded
Client 18 trained
Client 18 uploaded
Epoch(t): 410 accuracy: 85.12 loss 0.41021423488855363 run_time: 637.2030186653137
| current_epoch 411 |. Begin client select
SchedulerThread schedule Group [ 6 ], select( 12 clients):
16 | 23 | 27 | 33 | 43 | 46 | 51 | 74 | 81 | 82 | 86 | 93 |
-----------------------------------------------------------------Schedule complete
Client 43 trained
Client 43 uploaded
Client 16 trained
Client 16 uploaded
Client 93 trained
Client 93 uploaded
Client 27 trained
Client 27 uploaded
Client 86 trained
Client 86 uploaded
Client 23 trained
Client 23 uploaded
Client 46 trained
Client 46 uploaded
Client 81 trained
Client 81 uploaded
Client 33 trained
Client 33 uploaded
Client 82 trained
Client 82 uploaded
Client 74 trained
Client 74 uploaded
Client 51 trained
Client 51 uploaded
Epoch(t): 411 accuracy: 84.98 loss 0.4174381421506405 run_time: 638.9289133548737
| current_epoch 412 |. Begin client select
SchedulerThread schedule Group [ 7 ], select( 11 clients):
2 | 6 | 22 | 34 | 39 | 54 | 83 | 90 | 94 | 97 | 99 |
-----------------------------------------------------------------Schedule complete
Client 83 trained
Client 83 uploaded
Client 90 trained
Client 90 uploaded
Client 2 trained
Client 2 uploaded
Client 6 trained
Client 6 uploaded
Client 34 trained
Client 34 uploaded
Client 99 trained
Client 99 uploaded
Client 22 trained
Client 22 uploaded
Client 94 trained
Client 94 uploaded
Client 54 trained
Client 54 uploaded
Client 39 trained
Client 39 uploaded
Client 97 trained
Client 97 uploaded
Epoch(t): 412 accuracy: 85.86 loss 0.3940014310181141 run_time: 640.6821811199188
| current_epoch 413 |. Begin client select
SchedulerThread schedule Group [ 4 ], select( 10 clients):
26 | 28 | 41 | 42 | 45 | 48 | 56 | 61 | 64 | 71 |
-----------------------------------------------------------------Schedule complete
Client 28 trained
Client 28 uploaded
Client 56 trained
Client 56 uploaded
Client 42 trained
Client 42 uploaded
Client 71 trained
Client 71 uploaded
Client 45 trained
Client 45 uploaded
Client 64 trained
Client 64 uploaded
Client 48 trained
Client 48 uploaded
Client 26 trained
Client 26 uploaded
Client 41 trained
Client 41 uploaded
Client 61 trained
Client 61 uploaded
Epoch(t): 413 accuracy: 85.51 loss 0.4002122774720192 run_time: 642.1652240753174
| current_epoch 414 |. Begin client select
SchedulerThread schedule Group [ 0 ], select( 11 clients):
11 | 29 | 32 | 35 | 57 | 58 | 65 | 67 | 77 | 78 | 98 |
-----------------------------------------------------------------Schedule complete
Client 57 trained
Client 57 uploaded
Client 58 trained
Client 58 uploaded
Client 35 trained
Client 35 uploaded
Client 78 trained
Client 78 uploaded
Client 29 trained
Client 29 uploaded
Client 11 trained
Client 11 uploaded
Client 32 trained
Client 32 uploaded
Client 77 trained
Client 77 uploaded
Client 65 trained
Client 65 uploaded
Client 98 trained
Client 98 uploaded
Client 67 trained
Client 67 uploaded
Epoch(t): 414 accuracy: 84.35 loss 0.4371085450053215 run_time: 643.7491099834442
| current_epoch 415 |. Begin client select
SchedulerThread schedule Group [ 5 ], select( 10 clients):
9 | 13 | 15 | 24 | 25 | 36 | 50 | 53 | 69 | 88 |
-----------------------------------------------------------------Schedule complete
Client 50 trained
Client 50 uploaded
Client 25 trained
Client 25 uploaded
Client 53 trained
Client 53 uploaded
Client 69 trained
Client 69 uploaded
Client 36 trained
Client 36 uploaded
Client 9 trained
Client 9 uploaded
Client 15 trained
Client 15 uploaded
Client 88 trained
Client 88 uploaded
Client 13 trained
Client 13 uploaded
Client 24 trained
Client 24 uploaded
Epoch(t): 415 accuracy: 85.59 loss 0.39703057184815405 run_time: 645.242338180542
| current_epoch 416 |. Begin client select
SchedulerThread schedule Group [ 9 ], select( 8 clients):
12 | 21 | 55 | 63 | 68 | 75 | 87 | 95 |
-----------------------------------------------------------------Schedule complete
Client 12 trained
Client 12 uploaded
Client 95 trained
Client 95 uploaded
Client 55 trained
Client 55 uploaded
Client 68 trained
Client 68 uploaded
Client 21 trained
Client 21 uploaded
Client 75 trained
Client 75 uploaded
Client 63 trained
Client 63 uploaded
Client 87 trained
Client 87 uploaded
Epoch(t): 416 accuracy: 86.23 loss 0.39079347282648086 run_time: 646.6645646095276
| current_epoch 417 |. Begin client select
SchedulerThread schedule Group [ 8 ], select( 9 clients):
1 | 5 | 8 | 37 | 44 | 59 | 62 | 85 | 91 |
-----------------------------------------------------------------Schedule complete
Client 44 trained
Client 44 uploaded
Client 5 trained
Client 5 uploaded
Client 8 trained
Client 8 uploaded
Client 37 trained
Client 37 uploaded
Client 1 trained
Client 1 uploaded
Client 62 trained
Client 62 uploaded
Client 59 trained
Client 59 uploaded
Client 85 trained
Client 85 uploaded
Client 91 trained
Client 91 uploaded
Epoch(t): 417 accuracy: 84.15 loss 0.43086205899715424 run_time: 648.1227765083313
| current_epoch 418 |. Begin client select
SchedulerThread schedule Group [ 6 ], select( 12 clients):
16 | 23 | 27 | 33 | 43 | 46 | 51 | 74 | 81 | 82 | 86 | 93 |
-----------------------------------------------------------------Schedule complete
Client 43 trained
Client 43 uploaded
Client 16 trained
Client 16 uploaded
Client 86 trained
Client 86 uploaded
Client 23 trained
Client 23 uploaded
Client 27 trained
Client 27 uploaded
Client 93 trained
Client 93 uploaded
Client 46 trained
Client 46 uploaded
Client 74 trained
Client 74 uploaded
Client 33 trained
Client 33 uploaded
Client 51 trained
Client 51 uploaded
Client 81 trained
Client 81 uploaded
Client 82 trained
Client 82 uploaded
Epoch(t): 418 accuracy: 85.97 loss 0.39995148092508315 run_time: 649.7417688369751
| current_epoch 419 |. Begin client select
SchedulerThread schedule Group [ 7 ], select( 11 clients):
2 | 6 | 22 | 34 | 39 | 54 | 83 | 90 | 94 | 97 | 99 |
-----------------------------------------------------------------Schedule complete
Client 2 trained
Client 2 uploaded
Client 6 trained
Client 6 uploaded
Client 90 trained
Client 90 uploaded
Client 83 trained
Client 83 uploaded
Client 34 trained
Client 34 uploaded
Client 99 trained
Client 99 uploaded
Client 22 trained
Client 22 uploaded
Client 94 trained
Client 94 uploaded
Client 54 trained
Client 54 uploaded
Client 97 trained
Client 97 uploaded
Client 39 trained
Client 39 uploaded
Epoch(t): 419 accuracy: 85.39 loss 0.4062411735951901 run_time: 651.3890070915222
| current_epoch 420 |. Begin client select
SchedulerThread schedule Group [ 1 ], select( 9 clients):
0 | 14 | 17 | 30 | 66 | 70 | 76 | 92 | 96 |
-----------------------------------------------------------------Schedule complete
Client 76 trained
Client 76 uploaded
Client 96 trained
Client 96 uploaded
Client 70 trained
Client 70 uploaded
Client 92 trained
Client 92 uploaded
Client 66 trained
Client 66 uploaded
Client 17 trained
Client 17 uploaded
Client 0 trained
Client 0 uploaded
Client 30 trained
Client 30 uploaded
Client 14 trained
Client 14 uploaded
Epoch(t): 420 accuracy: 85.1 loss 0.4125515753030777 run_time: 652.8771708011627
| current_epoch 421 |. Begin client select
SchedulerThread schedule Group [ 2 ], select( 10 clients):
4 | 7 | 10 | 18 | 20 | 31 | 38 | 60 | 84 | 89 |
-----------------------------------------------------------------Schedule complete
Client 84 trained
Client 84 uploaded
Client 31 trained
Client 31 uploaded
Client 38 trained
Client 38 uploaded
Client 60 trained
Client 60 uploaded
Client 20 trained
Client 20 uploaded
Client 7 trained
Client 7 uploaded
Client 10 trained
Client 10 uploaded
Client 4 trained
Client 4 uploaded
Client 18 trained
Client 18 uploaded
Client 89 trained
Client 89 uploaded
Epoch(t): 421 accuracy: 85.31 loss 0.4099975280463696 run_time: 654.3563430309296
| current_epoch 422 |. Begin client select
SchedulerThread schedule Group [ 3 ], select( 10 clients):
3 | 19 | 40 | 47 | 49 | 52 | 72 | 73 | 79 | 80 |
-----------------------------------------------------------------Schedule complete
Client 72 trained
Client 72 uploaded
Client 47 trained
Client 47 uploaded
Client 73 trained
Client 73 uploaded
Client 80 trained
Client 80 uploaded
Client 40 trained
Client 40 uploaded
Client 19 trained
Client 19 uploaded
Client 49 trained
Client 49 uploaded
Client 79 trained
Client 79 uploaded
Client 3 trained
Client 3 uploaded
Client 52 trained
Client 52 uploaded
Epoch(t): 422 accuracy: 86.24 loss 0.3872018039226532 run_time: 655.8715353012085
| current_epoch 423 |. Begin client select
SchedulerThread schedule Group [ 6 ], select( 12 clients):
16 | 23 | 27 | 33 | 43 | 46 | 51 | 74 | 81 | 82 | 86 | 93 |
-----------------------------------------------------------------Schedule complete
Client 43 trained
Client 43 uploaded
Client 16 trained
Client 16 uploaded
Client 86 trained
Client 86 uploaded
Client 93 trained
Client 93 uploaded
Client 27 trained
Client 27 uploaded
Client 23 trained
Client 23 uploaded
Client 82 trained
Client 82 uploaded
Client 46 trained
Client 46 uploaded
Client 33 trained
Client 33 uploaded
Client 81 trained
Client 81 uploaded
Client 74 trained
Client 74 uploaded
Client 51 trained
Client 51 uploaded
Epoch(t): 423 accuracy: 84.81 loss 0.41609457626938817 run_time: 657.3892543315887
| current_epoch 424 |. Begin client select
SchedulerThread schedule Group [ 0 ], select( 11 clients):
11 | 29 | 32 | 35 | 57 | 58 | 65 | 67 | 77 | 78 | 98 |
-----------------------------------------------------------------Schedule complete
Client 58 trained
Client 58 uploaded
Client 57 trained
Client 57 uploaded
Client 35 trained
Client 35 uploaded
Client 78 trained
Client 78 uploaded
Client 29 trained
Client 29 uploaded
Client 11 trained
Client 11 uploaded
Client 77 trained
Client 77 uploaded
Client 65 trained
Client 65 uploaded
Client 32 trained
Client 32 uploaded
Client 67 trained
Client 67 uploaded
Client 98 trained
Client 98 uploaded
Epoch(t): 424 accuracy: 84.26 loss 0.4319157077372074 run_time: 659.0865802764893
| current_epoch 425 |. Begin client select
SchedulerThread schedule Group [ 5 ], select( 10 clients):
9 | 13 | 15 | 24 | 25 | 36 | 50 | 53 | 69 | 88 |
-----------------------------------------------------------------Schedule complete
Client 25 trained
Client 25 uploaded
Client 50 trained
Client 50 uploaded
Client 53 trained
Client 53 uploaded
Client 69 trained
Client 69 uploaded
Client 36 trained
Client 36 uploaded
Client 9 trained
Client 9 uploaded
Client 13 trained
Client 13 uploaded
Client 24 trained
Client 24 uploaded
Client 15 trained
Client 15 uploaded
Client 88 trained
Client 88 uploaded
Epoch(t): 425 accuracy: 85.2 loss 0.4092035871744156 run_time: 660.6582424640656
| current_epoch 426 |. Begin client select
SchedulerThread schedule Group [ 7 ], select( 11 clients):
2 | 6 | 22 | 34 | 39 | 54 | 83 | 90 | 94 | 97 | 99 |
-----------------------------------------------------------------Schedule complete
Client 6 trained
Client 6 uploaded
Client 90 trained
Client 90 uploaded
Client 83 trained
Client 83 uploaded
Client 2 trained
Client 2 uploaded
Client 99 trained
Client 99 uploaded
Client 34 trained
Client 34 uploaded
Client 22 trained
Client 22 uploaded
Client 54 trained
Client 54 uploaded
Client 97 trained
Client 97 uploaded
Client 94 trained
Client 94 uploaded
Client 39 trained
Client 39 uploaded
Epoch(t): 426 accuracy: 85.37 loss 0.4019254110753536 run_time: 662.4621305465698
| current_epoch 427 |. Begin client select
SchedulerThread schedule Group [ 9 ], select( 8 clients):
12 | 21 | 55 | 63 | 68 | 75 | 87 | 95 |
-----------------------------------------------------------------Schedule complete
Client 95 trained
Client 95 uploaded
Client 12 trained
Client 12 uploaded
Client 55 trained
Client 55 uploaded
Client 68 trained
Client 68 uploaded
Client 87 trained
Client 87 uploaded
Client 21 trained
Client 21 uploaded
Client 63 trained
Client 63 uploaded
Client 75 trained
Client 75 uploaded
Epoch(t): 427 accuracy: 86.01 loss 0.3944461865723133 run_time: 663.9835147857666
| current_epoch 428 |. Begin client select
SchedulerThread schedule Group [ 2 ], select( 10 clients):
4 | 7 | 10 | 18 | 20 | 31 | 38 | 60 | 84 | 89 |
-----------------------------------------------------------------Schedule complete
Client 38 trained
Client 38 uploaded
Client 84 trained
Client 84 uploaded
Client 31 trained
Client 31 uploaded
Client 60 trained
Client 60 uploaded
Client 20 trained
Client 20 uploaded
Client 7 trained
Client 7 uploaded
Client 10 trained
Client 10 uploaded
Client 4 trained
Client 4 uploaded
Client 18 trained
Client 18 uploaded
Client 89 trained
Client 89 uploaded
Epoch(t): 428 accuracy: 84.83 loss 0.42089614614844323 run_time: 665.506032705307
| current_epoch 429 |. Begin client select
SchedulerThread schedule Group [ 5 ], select( 10 clients):
9 | 13 | 15 | 24 | 25 | 36 | 50 | 53 | 69 | 88 |
-----------------------------------------------------------------Schedule complete
Client 53 trained
Client 53 uploaded
Client 50 trained
Client 50 uploaded
Client 25 trained
Client 25 uploaded
Client 69 trained
Client 69 uploaded
Client 9 trained
Client 9 uploaded
Client 88 trained
Client 88 uploaded
Client 36 trained
Client 36 uploaded
Client 13 trained
Client 13 uploaded
Client 24 trained
Client 24 uploaded
Client 15 trained
Client 15 uploaded
Epoch(t): 429 accuracy: 85.75 loss 0.3965694189071655 run_time: 667.0179381370544
| current_epoch 430 |. Begin client select
SchedulerThread schedule Group [ 0 ], select( 11 clients):
11 | 29 | 32 | 35 | 57 | 58 | 65 | 67 | 77 | 78 | 98 |
-----------------------------------------------------------------Schedule complete
Client 58 trained
Client 58 uploaded
Client 57 trained
Client 57 uploaded
Client 32 trained
Client 32 uploaded
Client 11 trained
Client 11 uploaded
Client 78 trained
Client 78 uploaded
Client 35 trained
Client 35 uploaded
Client 65 trained
Client 65 uploaded
Client 29 trained
Client 29 uploaded
Client 98 trained
Client 98 uploaded
Client 77 trained
Client 77 uploaded
Client 67 trained
Client 67 uploaded
Epoch(t): 430 accuracy: 84.38 loss 0.4276521390676498 run_time: 668.5824658870697
| current_epoch 431 |. Begin client select
SchedulerThread schedule Group [ 4 ], select( 10 clients):
26 | 28 | 41 | 42 | 45 | 48 | 56 | 61 | 64 | 71 |
-----------------------------------------------------------------Schedule complete
Client 28 trained
Client 28 uploaded
Client 56 trained
Client 56 uploaded
Client 71 trained
Client 71 uploaded
Client 42 trained
Client 42 uploaded
Client 45 trained
Client 45 uploaded
Client 26 trained
Client 26 uploaded
Client 64 trained
Client 64 uploaded
Client 48 trained
Client 48 uploaded
Client 41 trained
Client 41 uploaded
Client 61 trained
Client 61 uploaded
Epoch(t): 431 accuracy: 85.56 loss 0.3970567339658737 run_time: 670.0298194885254
| current_epoch 432 |. Begin client select
SchedulerThread schedule Group [ 6 ], select( 12 clients):
16 | 23 | 27 | 33 | 43 | 46 | 51 | 74 | 81 | 82 | 86 | 93 |
-----------------------------------------------------------------Schedule complete
Client 43 trained
Client 43 uploaded
Client 93 trained
Client 93 uploaded
Client 16 trained
Client 16 uploaded
Client 27 trained
Client 27 uploaded
Client 86 trained
Client 86 uploaded
Client 23 trained
Client 23 uploaded
Client 46 trained
Client 46 uploaded
Client 33 trained
Client 33 uploaded
Client 81 trained
Client 81 uploaded
Client 74 trained
Client 74 uploaded
Client 82 trained
Client 82 uploaded
Client 51 trained
Client 51 uploaded
Epoch(t): 432 accuracy: 86.27 loss 0.3904698260128498 run_time: 671.6460499763489
| current_epoch 433 |. Begin client select
SchedulerThread schedule Group [ 8 ], select( 9 clients):
1 | 5 | 8 | 37 | 44 | 59 | 62 | 85 | 91 |
-----------------------------------------------------------------Schedule complete
Client 5 trained
Client 5 uploaded
Client 37 trained
Client 37 uploaded
Client 44 trained
Client 44 uploaded
Client 8 trained
Client 8 uploaded
Client 1 trained
Client 1 uploaded
Client 62 trained
Client 62 uploaded
Client 85 trained
Client 85 uploaded
Client 91 trained
Client 91 uploaded
Client 59 trained
Client 59 uploaded
Epoch(t): 433 accuracy: 83.98 loss 0.43021354645490645 run_time: 673.2020897865295
| current_epoch 434 |. Begin client select
SchedulerThread schedule Group [ 6 ], select( 12 clients):
16 | 23 | 27 | 33 | 43 | 46 | 51 | 74 | 81 | 82 | 86 | 93 |
-----------------------------------------------------------------Schedule complete
Client 81 trained
Client 81 uploaded
Client 43 trained
Client 43 uploaded
Client 27 trained
Client 27 uploaded
Client 93 trained
Client 93 uploaded
Client 16 trained
Client 16 uploaded
Client 86 trained
Client 86 uploaded
Client 23 trained
Client 23 uploaded
Client 74 trained
Client 74 uploaded
Client 33 trained
Client 33 uploaded
Client 46 trained
Client 46 uploaded
Client 51 trained
Client 51 uploaded
Client 82 trained
Client 82 uploaded
Epoch(t): 434 accuracy: 85.0 loss 0.4152686217427254 run_time: 674.8333239555359
| current_epoch 435 |. Begin client select
SchedulerThread schedule Group [ 2 ], select( 10 clients):
4 | 7 | 10 | 18 | 20 | 31 | 38 | 60 | 84 | 89 |
-----------------------------------------------------------------Schedule complete
Client 84 trained
Client 84 uploaded
Client 31 trained
Client 31 uploaded
Client 38 trained
Client 38 uploaded
Client 60 trained
Client 60 uploaded
Client 20 trained
Client 20 uploaded
Client 7 trained
Client 7 uploaded
Client 4 trained
Client 4 uploaded
Client 10 trained
Client 10 uploaded
Client 18 trained
Client 18 uploaded
Client 89 trained
Client 89 uploaded
Epoch(t): 435 accuracy: 85.41 loss 0.4043502867221832 run_time: 676.3806064128876
| current_epoch 436 |. Begin client select
SchedulerThread schedule Group [ 3 ], select( 10 clients):
3 | 19 | 40 | 47 | 49 | 52 | 72 | 73 | 79 | 80 |
-----------------------------------------------------------------Schedule complete
Client 72 trained
Client 72 uploaded
Client 47 trained
Client 47 uploaded
Client 73 trained
Client 73 uploaded
Client 40 trained
Client 80 trained
Client 40 uploaded
Client 80 uploaded
Client 19 trained
Client 19 uploaded
Client 52 trained
Client 52 uploaded
Client 79 trained
Client 79 uploaded
Client 3 trained
Client 3 uploaded
Client 49 trained
Client 49 uploaded
Epoch(t): 436 accuracy: 86.19 loss 0.3859974502027035 run_time: 677.9817242622375
| current_epoch 437 |. Begin client select
SchedulerThread schedule Group [ 7 ], select( 11 clients):
2 | 6 | 22 | 34 | 39 | 54 | 83 | 90 | 94 | 97 | 99 |
-----------------------------------------------------------------Schedule complete
Client 90 trained
Client 90 uploaded
Client 99 trained
Client 99 uploaded
Client 2 trained
Client 2 uploaded
Client 6 trained
Client 6 uploaded
Client 83 trained
Client 83 uploaded
Client 34 trained
Client 34 uploaded
Client 54 trained
Client 54 uploaded
Client 22 trained
Client 22 uploaded
Client 94 trained
Client 94 uploaded
Client 97 trained
Client 97 uploaded
Client 39 trained
Client 39 uploaded
Epoch(t): 437 accuracy: 85.78 loss 0.3939269323647022 run_time: 679.4633119106293
| current_epoch 438 |. Begin client select
SchedulerThread schedule Group [ 9 ], select( 8 clients):
12 | 21 | 55 | 63 | 68 | 75 | 87 | 95 |
-----------------------------------------------------------------Schedule complete
Client 21 trained
Client 21 uploaded
Client 95 trained
Client 95 uploaded
Client 55 trained
Client 55 uploaded
Client 68 trained
Client 68 uploaded
Client 12 trained
Client 12 uploaded
Client 75 trained
Client 75 uploaded
Client 63 trained
Client 63 uploaded
Client 87 trained
Client 87 uploaded
Epoch(t): 438 accuracy: 85.55 loss 0.4026718181371689 run_time: 680.8043298721313
| current_epoch 439 |. Begin client select
SchedulerThread schedule Group [ 1 ], select( 9 clients):
0 | 14 | 17 | 30 | 66 | 70 | 76 | 92 | 96 |
-----------------------------------------------------------------Schedule complete
Client 70 trained
Client 70 uploaded
Client 96 trained
Client 96 uploaded
Client 76 trained
Client 76 uploaded
Client 92 trained
Client 92 uploaded
Client 17 trained
Client 17 uploaded
Client 66 trained
Client 66 uploaded
Client 0 trained
Client 0 uploaded
Client 30 trained
Client 30 uploaded
Client 14 trained
Client 14 uploaded
Epoch(t): 439 accuracy: 85.96 loss 0.39366809487342835 run_time: 682.3014049530029
| current_epoch 440 |. Begin client select
SchedulerThread schedule Group [ 6 ], select( 12 clients):
16 | 23 | 27 | 33 | 43 | 46 | 51 | 74 | 81 | 82 | 86 | 93 |
-----------------------------------------------------------------Schedule complete
Client 43 trained
Client 43 uploaded
Client 16 trained
Client 16 uploaded
Client 86 trained
Client 86 uploaded
Client 93 trained
Client 93 uploaded
Client 27 trained
Client 27 uploaded
Client 23 trained
Client 23 uploaded
Client 33 trained
Client 33 uploaded
Client 46 trained
Client 46 uploaded
Client 74 trained
Client 74 uploaded
Client 82 trained
Client 82 uploaded
Client 81 trained
Client 81 uploaded
Client 51 trained
Client 51 uploaded
Epoch(t): 440 accuracy: 85.88 loss 0.39747669130563734 run_time: 684.0335900783539
| current_epoch 441 |. Begin client select
SchedulerThread schedule Group [ 0 ], select( 11 clients):
11 | 29 | 32 | 35 | 57 | 58 | 65 | 67 | 77 | 78 | 98 |
-----------------------------------------------------------------Schedule complete
Client 58 trained
Client 58 uploaded
Client 57 trained
Client 57 uploaded
Client 35 trained
Client 35 uploaded
Client 78 trained
Client 78 uploaded
Client 11 trained
Client 11 uploaded
Client 65 trained
Client 65 uploaded
Client 29 trained
Client 29 uploaded
Client 32 trained
Client 32 uploaded
Client 77 trained
Client 77 uploaded
Client 67 trained
Client 67 uploaded
Client 98 trained
Client 98 uploaded
Epoch(t): 441 accuracy: 84.74 loss 0.4252206647396088 run_time: 685.6094462871552
| current_epoch 442 |. Begin client select
SchedulerThread schedule Group [ 5 ], select( 10 clients):
9 | 13 | 15 | 24 | 25 | 36 | 50 | 53 | 69 | 88 |
-----------------------------------------------------------------Schedule complete
Client 50 trained
Client 50 uploaded
Client 25 trained
Client 25 uploaded
Client 53 trained
Client 53 uploaded
Client 69 trained
Client 69 uploaded
Client 9 trained
Client 9 uploaded
Client 36 trained
Client 36 uploaded
Client 13 trained
Client 13 uploaded
Client 88 trained
Client 88 uploaded
Client 15 trained
Client 15 uploaded
Client 24 trained
Client 24 uploaded
Epoch(t): 442 accuracy: 85.52 loss 0.39695615366101267 run_time: 687.1789124011993
| current_epoch 443 |. Begin client select
SchedulerThread schedule Group [ 2 ], select( 10 clients):
4 | 7 | 10 | 18 | 20 | 31 | 38 | 60 | 84 | 89 |
-----------------------------------------------------------------Schedule complete
Client 84 trained
Client 84 uploaded
Client 31 trained
Client 31 uploaded
Client 7 trained
Client 7 uploaded
Client 38 trained
Client 38 uploaded
Client 60 trained
Client 60 uploaded
Client 20 trained
Client 20 uploaded
Client 10 trained
Client 10 uploaded
Client 4 trained
Client 4 uploaded
Client 18 trained
Client 18 uploaded
Client 89 trained
Client 89 uploaded
Epoch(t): 443 accuracy: 85.25 loss 0.40934497997164726 run_time: 688.8628425598145
| current_epoch 444 |. Begin client select
SchedulerThread schedule Group [ 6 ], select( 12 clients):
16 | 23 | 27 | 33 | 43 | 46 | 51 | 74 | 81 | 82 | 86 | 93 |
-----------------------------------------------------------------Schedule complete
Client 43 trained
Client 43 uploaded
Client 16 trained
Client 16 uploaded
Client 93 trained
Client 93 uploaded
Client 86 trained
Client 86 uploaded
Client 23 trained
Client 23 uploaded
Client 27 trained
Client 27 uploaded
Client 46 trained
Client 46 uploaded
Client 33 trained
Client 33 uploaded
Client 81 trained
Client 81 uploaded
Client 51 trained
Client 51 uploaded
Client 74 trained
Client 74 uploaded
Client 82 trained
Client 82 uploaded
Epoch(t): 444 accuracy: 85.28 loss 0.4076561604440212 run_time: 690.5968396663666
| current_epoch 445 |. Begin client select
SchedulerThread schedule Group [ 4 ], select( 10 clients):
26 | 28 | 41 | 42 | 45 | 48 | 56 | 61 | 64 | 71 |
-----------------------------------------------------------------Schedule complete
Client 28 trained
Client 28 uploaded
Client 71 trained
Client 71 uploaded
Client 56 trained
Client 56 uploaded
Client 42 trained
Client 42 uploaded
Client 26 trained
Client 26 uploaded
Client 64 trained
Client 64 uploaded
Client 45 trained
Client 45 uploaded
Client 48 trained
Client 48 uploaded
Client 41 trained
Client 41 uploaded
Client 61 trained
Client 61 uploaded
Epoch(t): 445 accuracy: 85.87 loss 0.3903315469622612 run_time: 692.1764607429504
| current_epoch 446 |. Begin client select
SchedulerThread schedule Group [ 7 ], select( 11 clients):
2 | 6 | 22 | 34 | 39 | 54 | 83 | 90 | 94 | 97 | 99 |
-----------------------------------------------------------------Schedule complete
Client 6 trained
Client 6 uploaded
Client 90 trained
Client 90 uploaded
Client 83 trained
Client 83 uploaded
Client 2 trained
Client 2 uploaded
Client 99 trained
Client 99 uploaded
Client 34 trained
Client 34 uploaded
Client 22 trained
Client 22 uploaded
Client 54 trained
Client 54 uploaded
Client 39 trained
Client 39 uploaded
Client 94 trained
Client 94 uploaded
Client 97 trained
Client 97 uploaded
Epoch(t): 446 accuracy: 85.47 loss 0.400111700296402 run_time: 693.8301422595978
| current_epoch 447 |. Begin client select
SchedulerThread schedule Group [ 0 ], select( 11 clients):
11 | 29 | 32 | 35 | 57 | 58 | 65 | 67 | 77 | 78 | 98 |
-----------------------------------------------------------------Schedule complete
Client 58 trained
Client 58 uploaded
Client 57 trained
Client 57 uploaded
Client 35 trained
Client 35 uploaded
Client 78 trained
Client 78 uploaded
Client 11 trained
Client 11 uploaded
Client 29 trained
Client 29 uploaded
Client 65 trained
Client 65 uploaded
Client 32 trained
Client 32 uploaded
Client 67 trained
Client 67 uploaded
Client 77 trained
Client 77 uploaded
Client 98 trained
Client 98 uploaded
Epoch(t): 447 accuracy: 84.45 loss 0.4279267629981041 run_time: 695.3313939571381
| current_epoch 448 |. Begin client select
SchedulerThread schedule Group [ 9 ], select( 8 clients):
12 | 21 | 55 | 63 | 68 | 75 | 87 | 95 |
-----------------------------------------------------------------Schedule complete
Client 95 trained
Client 95 uploaded
Client 55 trained
Client 55 uploaded
Client 12 trained
Client 12 uploaded
Client 68 trained
Client 68 uploaded
Client 21 trained
Client 21 uploaded
Client 63 trained
Client 63 uploaded
Client 75 trained
Client 75 uploaded
Client 87 trained
Client 87 uploaded
Epoch(t): 448 accuracy: 85.85 loss 0.3968560352921486 run_time: 696.7700362205505
| current_epoch 449 |. Begin client select
SchedulerThread schedule Group [ 6 ], select( 12 clients):
16 | 23 | 27 | 33 | 43 | 46 | 51 | 74 | 81 | 82 | 86 | 93 |
-----------------------------------------------------------------Schedule complete
Client 43 trained
Client 43 uploaded
Client 16 trained
Client 16 uploaded
Client 86 trained
Client 86 uploaded
Client 93 trained
Client 93 uploaded
Client 23 trained
Client 23 uploaded
Client 27 trained
Client 27 uploaded
Client 46 trained
Client 46 uploaded
Client 74 trained
Client 74 uploaded
Client 82 trained
Client 82 uploaded
Client 33 trained
Client 33 uploaded
Client 51 trained
Client 51 uploaded
Client 81 trained
Client 81 uploaded
Epoch(t): 449 accuracy: 86.09 loss 0.39598410546779633 run_time: 698.4423260688782
| current_epoch 450 |. Begin client select
SchedulerThread schedule Group [ 6 ], select( 12 clients):
16 | 23 | 27 | 33 | 43 | 46 | 51 | 74 | 81 | 82 | 86 | 93 |
-----------------------------------------------------------------Schedule complete
Client 43 trained
Client 43 uploaded
Client 93 trained
Client 93 uploaded
Client 27 trained
Client 27 uploaded
Client 16 trained
Client 16 uploaded
Client 86 trained
Client 86 uploaded
Client 23 trained
Client 23 uploaded
Client 46 trained
Client 46 uploaded
Client 82 trained
Client 82 uploaded
Client 33 trained
Client 33 uploaded
Client 51 trained
Client 51 uploaded
Client 74 trained
Client 74 uploaded
Client 81 trained
Client 81 uploaded
Epoch(t): 450 accuracy: 85.26 loss 0.41081581249833105 run_time: 700.2372789382935
| current_epoch 451 |. Begin client select
SchedulerThread schedule Group [ 3 ], select( 10 clients):
3 | 19 | 40 | 47 | 49 | 52 | 72 | 73 | 79 | 80 |
-----------------------------------------------------------------Schedule complete
Client 72 trained
Client 72 uploaded
Client 47 trained
Client 47 uploaded
Client 73 trained
Client 73 uploaded
Client 80 trained
Client 80 uploaded
Client 40 trained
Client 40 uploaded
Client 19 trained
Client 19 uploaded
Client 79 trained
Client 79 uploaded
Client 49 trained
Client 49 uploaded
Client 3 trained
Client 3 uploaded
Client 52 trained
Client 52 uploaded
Epoch(t): 451 accuracy: 86.33 loss 0.3828014975786209 run_time: 701.6716296672821
| current_epoch 452 |. Begin client select
SchedulerThread schedule Group [ 8 ], select( 9 clients):
1 | 5 | 8 | 37 | 44 | 59 | 62 | 85 | 91 |
-----------------------------------------------------------------Schedule complete
Client 5 trained
Client 5 uploaded
Client 44 trained
Client 44 uploaded
Client 37 trained
Client 37 uploaded
Client 8 trained
Client 8 uploaded
Client 59 trained
Client 59 uploaded
Client 85 trained
Client 85 uploaded
Client 1 trained
Client 1 uploaded
Client 91 trained
Client 91 uploaded
Client 62 trained
Client 62 uploaded
Epoch(t): 452 accuracy: 84.49 loss 0.42455169588327407 run_time: 703.1281814575195
| current_epoch 453 |. Begin client select
SchedulerThread schedule Group [ 5 ], select( 10 clients):
9 | 13 | 15 | 24 | 25 | 36 | 50 | 53 | 69 | 88 |
-----------------------------------------------------------------Schedule complete
Client 25 trained
Client 25 uploaded
Client 50 trained
Client 50 uploaded
Client 53 trained
Client 53 uploaded
Client 69 trained
Client 69 uploaded
Client 36 trained
Client 36 uploaded
Client 9 trained
Client 13 trained
Client 9 uploaded
Client 13 uploaded
Client 88 trained
Client 88 uploaded
Client 15 trained
Client 15 uploaded
Client 24 trained
Client 24 uploaded
Epoch(t): 453 accuracy: 85.82 loss 0.38910755798220636 run_time: 704.6599669456482
| current_epoch 454 |. Begin client select
SchedulerThread schedule Group [ 2 ], select( 10 clients):
4 | 7 | 10 | 18 | 20 | 31 | 38 | 60 | 84 | 89 |
-----------------------------------------------------------------Schedule complete
Client 84 trained
Client 84 uploaded
Client 31 trained
Client 31 uploaded
Client 38 trained
Client 38 uploaded
Client 60 trained
Client 60 uploaded
Client 20 trained
Client 20 uploaded
Client 7 trained
Client 7 uploaded
Client 10 trained
Client 10 uploaded
Client 4 trained
Client 4 uploaded
Client 18 trained
Client 18 uploaded
Client 89 trained
Client 89 uploaded
Epoch(t): 454 accuracy: 85.46 loss 0.4038987848162651 run_time: 706.2396354675293
| current_epoch 455 |. Begin client select
SchedulerThread schedule Group [ 0 ], select( 11 clients):
11 | 29 | 32 | 35 | 57 | 58 | 65 | 67 | 77 | 78 | 98 |
-----------------------------------------------------------------Schedule complete
Client 58 trained
Client 58 uploaded
Client 57 trained
Client 57 uploaded
Client 35 trained
Client 35 uploaded
Client 11 trained
Client 11 uploaded
Client 78 trained
Client 78 uploaded
Client 65 trained
Client 65 uploaded
Client 77 trained
Client 77 uploaded
Client 32 trained
Client 32 uploaded
Client 29 trained
Client 29 uploaded
Client 67 trained
Client 67 uploaded
Client 98 trained
Client 98 uploaded
Epoch(t): 455 accuracy: 84.15 loss 0.43376794397830964 run_time: 707.9349966049194
| current_epoch 456 |. Begin client select
SchedulerThread schedule Group [ 1 ], select( 9 clients):
0 | 14 | 17 | 30 | 66 | 70 | 76 | 92 | 96 |
-----------------------------------------------------------------Schedule complete
Client 76 trained
Client 76 uploaded
Client 70 trained
Client 70 uploaded
Client 96 trained
Client 96 uploaded
Client 66 trained
Client 66 uploaded
Client 92 trained
Client 92 uploaded
Client 17 trained
Client 17 uploaded
Client 0 trained
Client 0 uploaded
Client 30 trained
Client 30 uploaded
Client 14 trained
Client 14 uploaded
Epoch(t): 456 accuracy: 85.86 loss 0.39971434623003005 run_time: 709.4823517799377
| current_epoch 457 |. Begin client select
SchedulerThread schedule Group [ 7 ], select( 11 clients):
2 | 6 | 22 | 34 | 39 | 54 | 83 | 90 | 94 | 97 | 99 |
-----------------------------------------------------------------Schedule complete
Client 83 trained
Client 83 uploaded
Client 90 trained
Client 90 uploaded
Client 2 trained
Client 2 uploaded
Client 6 trained
Client 6 uploaded
Client 99 trained
Client 99 uploaded
Client 34 trained
Client 34 uploaded
Client 54 trained
Client 54 uploaded
Client 22 trained
Client 22 uploaded
Client 39 trained
Client 39 uploaded
Client 94 trained
Client 94 uploaded
Client 97 trained
Client 97 uploaded
Epoch(t): 457 accuracy: 85.32 loss 0.40330989435315134 run_time: 711.0230531692505
| current_epoch 458 |. Begin client select
SchedulerThread schedule Group [ 6 ], select( 12 clients):
16 | 23 | 27 | 33 | 43 | 46 | 51 | 74 | 81 | 82 | 86 | 93 |
-----------------------------------------------------------------Schedule complete
Client 43 trained
Client 43 uploaded
Client 16 trained
Client 16 uploaded
Client 86 trained
Client 86 uploaded
Client 93 trained
Client 93 uploaded
Client 27 trained
Client 27 uploaded
Client 23 trained
Client 23 uploaded
Client 33 trained
Client 33 uploaded
Client 46 trained
Client 46 uploaded
Client 81 trained
Client 81 uploaded
Client 51 trained
Client 51 uploaded
Client 74 trained
Client 74 uploaded
Client 82 trained
Client 82 uploaded
Epoch(t): 458 accuracy: 85.13 loss 0.41232757702469824 run_time: 712.7153518199921
| current_epoch 459 |. Begin client select
SchedulerThread schedule Group [ 9 ], select( 8 clients):
12 | 21 | 55 | 63 | 68 | 75 | 87 | 95 |
-----------------------------------------------------------------Schedule complete
Client 21 trained
Client 21 uploaded
Client 95 trained
Client 95 uploaded
Client 55 trained
Client 55 uploaded
Client 12 trained
Client 12 uploaded
Client 68 trained
Client 68 uploaded
Client 63 trained
Client 63 uploaded
Client 87 trained
Client 87 uploaded
Client 75 trained
Client 75 uploaded
Epoch(t): 459 accuracy: 86.08 loss 0.39563090935349465 run_time: 714.0202419757843
| current_epoch 460 |. Begin client select
SchedulerThread schedule Group [ 5 ], select( 10 clients):
9 | 13 | 15 | 24 | 25 | 36 | 50 | 53 | 69 | 88 |
-----------------------------------------------------------------Schedule complete
Client 25 trained
Client 25 uploaded
Client 50 trained
Client 50 uploaded
Client 36 trained
Client 36 uploaded
Client 53 trained
Client 53 uploaded
Client 69 trained
Client 69 uploaded
Client 9 trained
Client 9 uploaded
Client 13 trained
Client 13 uploaded
Client 88 trained
Client 88 uploaded
Client 15 trained
Client 15 uploaded
Client 24 trained
Client 24 uploaded
Epoch(t): 460 accuracy: 85.93 loss 0.3894149732589722 run_time: 715.6101813316345
| current_epoch 461 |. Begin client select
SchedulerThread schedule Group [ 6 ], select( 12 clients):
16 | 23 | 27 | 33 | 43 | 46 | 51 | 74 | 81 | 82 | 86 | 93 |
-----------------------------------------------------------------Schedule complete
Client 43 trained
Client 43 uploaded
Client 27 trained
Client 27 uploaded
Client 16 trained
Client 16 uploaded
Client 93 trained
Client 93 uploaded
Client 86 trained
Client 86 uploaded
Client 23 trained
Client 23 uploaded
Client 74 trained
Client 74 uploaded
Client 46 trained
Client 46 uploaded
Client 81 trained
Client 81 uploaded
Client 33 trained
Client 33 uploaded
Client 82 trained
Client 82 uploaded
Client 51 trained
Client 51 uploaded
Epoch(t): 461 accuracy: 85.71 loss 0.40124561578035356 run_time: 717.2138967514038
| current_epoch 462 |. Begin client select
SchedulerThread schedule Group [ 2 ], select( 10 clients):
4 | 7 | 10 | 18 | 20 | 31 | 38 | 60 | 84 | 89 |
-----------------------------------------------------------------Schedule complete
Client 31 trained
Client 31 uploaded
Client 84 trained
Client 84 uploaded
Client 38 trained
Client 38 uploaded
Client 60 trained
Client 60 uploaded
Client 20 trained
Client 20 uploaded
Client 7 trained
Client 7 uploaded
Client 4 trained
Client 4 uploaded
Client 10 trained
Client 10 uploaded
Client 89 trained
Client 89 uploaded
Client 18 trained
Client 18 uploaded
Epoch(t): 462 accuracy: 85.6 loss 0.39833852007985115 run_time: 718.7747507095337
| current_epoch 463 |. Begin client select
SchedulerThread schedule Group [ 4 ], select( 10 clients):
26 | 28 | 41 | 42 | 45 | 48 | 56 | 61 | 64 | 71 |
-----------------------------------------------------------------Schedule complete
Client 28 trained
Client 28 uploaded
Client 71 trained
Client 71 uploaded
Client 56 trained
Client 56 uploaded
Client 42 trained
Client 42 uploaded
Client 26 trained
Client 26 uploaded
Client 45 trained
Client 45 uploaded
Client 64 trained
Client 64 uploaded
Client 48 trained
Client 48 uploaded
Client 41 trained
Client 41 uploaded
Client 61 trained
Client 61 uploaded
Epoch(t): 463 accuracy: 86.05 loss 0.3860110139846802 run_time: 720.3013014793396
| current_epoch 464 |. Begin client select
SchedulerThread schedule Group [ 0 ], select( 11 clients):
11 | 29 | 32 | 35 | 57 | 58 | 65 | 67 | 77 | 78 | 98 |
-----------------------------------------------------------------Schedule complete
Client 57 trained
Client 57 uploaded
Client 58 trained
Client 58 uploaded
Client 78 trained
Client 78 uploaded
Client 11 trained
Client 11 uploaded
Client 35 trained
Client 35 uploaded
Client 29 trained
Client 29 uploaded
Client 65 trained
Client 65 uploaded
Client 32 trained
Client 32 uploaded
Client 98 trained
Client 98 uploaded
Client 77 trained
Client 77 uploaded
Client 67 trained
Client 67 uploaded
Epoch(t): 464 accuracy: 83.92 loss 0.44056305557489395 run_time: 721.9049558639526
| current_epoch 465 |. Begin client select
SchedulerThread schedule Group [ 3 ], select( 10 clients):
3 | 19 | 40 | 47 | 49 | 52 | 72 | 73 | 79 | 80 |
-----------------------------------------------------------------Schedule complete
Client 72 trained
Client 72 uploaded
Client 47 trained
Client 47 uploaded
Client 80 trained
Client 80 uploaded
Client 73 trained
Client 73 uploaded
Client 40 trained
Client 40 uploaded
Client 19 trained
Client 19 uploaded
Client 3 trained
Client 3 uploaded
Client 79 trained
Client 79 uploaded
Client 52 trained
Client 52 uploaded
Client 49 trained
Client 49 uploaded
Epoch(t): 465 accuracy: 86.43 loss 0.37933993607759475 run_time: 723.3454959392548
| current_epoch 466 |. Begin client select
SchedulerThread schedule Group [ 7 ], select( 11 clients):
2 | 6 | 22 | 34 | 39 | 54 | 83 | 90 | 94 | 97 | 99 |
-----------------------------------------------------------------Schedule complete
Client 90 trained
Client 90 uploaded
Client 2 trained
Client 2 uploaded
Client 6 trained
Client 6 uploaded
Client 83 trained
Client 83 uploaded
Client 99 trained
Client 99 uploaded
Client 54 trained
Client 54 uploaded
Client 34 trained
Client 34 uploaded
Client 22 trained
Client 22 uploaded
Client 94 trained
Client 94 uploaded
Client 39 trained
Client 39 uploaded
Client 97 trained
Client 97 uploaded
Epoch(t): 466 accuracy: 85.6 loss 0.39562952280044555 run_time: 724.8610677719116
| current_epoch 467 |. Begin client select
SchedulerThread schedule Group [ 5 ], select( 10 clients):
9 | 13 | 15 | 24 | 25 | 36 | 50 | 53 | 69 | 88 |
-----------------------------------------------------------------Schedule complete
Client 25 trained
Client 25 uploaded
Client 50 trained
Client 50 uploaded
Client 53 trained
Client 53 uploaded
Client 69 trained
Client 69 uploaded
Client 36 trained
Client 36 uploaded
Client 9 trained
Client 9 uploaded
Client 13 trained
Client 13 uploaded
Client 88 trained
Client 88 uploaded
Client 24 trained
Client 24 uploaded
Client 15 trained
Client 15 uploaded
Epoch(t): 467 accuracy: 86.04 loss 0.38415118634700773 run_time: 726.254894733429
| current_epoch 468 |. Begin client select
SchedulerThread schedule Group [ 9 ], select( 8 clients):
12 | 21 | 55 | 63 | 68 | 75 | 87 | 95 |
-----------------------------------------------------------------Schedule complete
Client 55 trained
Client 55 uploaded
Client 95 trained
Client 95 uploaded
Client 87 trained
Client 87 uploaded
Client 68 trained
Client 68 uploaded
Client 21 trained
Client 21 uploaded
Client 12 trained
Client 12 uploaded
Client 63 trained
Client 63 uploaded
Client 75 trained
Client 75 uploaded
Epoch(t): 468 accuracy: 86.2 loss 0.38811028495430944 run_time: 727.6363415718079
| current_epoch 469 |. Begin client select
SchedulerThread schedule Group [ 6 ], select( 12 clients):
16 | 23 | 27 | 33 | 43 | 46 | 51 | 74 | 81 | 82 | 86 | 93 |
-----------------------------------------------------------------Schedule complete
Client 43 trained
Client 43 uploaded
Client 16 trained
Client 16 uploaded
Client 93 trained
Client 93 uploaded
Client 27 trained
Client 27 uploaded
Client 86 trained
Client 86 uploaded
Client 33 trained
Client 33 uploaded
Client 23 trained
Client 23 uploaded
Client 82 trained
Client 82 uploaded
Client 46 trained
Client 46 uploaded
Client 74 trained
Client 74 uploaded
Client 51 trained
Client 51 uploaded
Client 81 trained
Client 81 uploaded
Epoch(t): 469 accuracy: 86.01 loss 0.3985658697783947 run_time: 729.339830160141
| current_epoch 470 |. Begin client select
SchedulerThread schedule Group [ 8 ], select( 9 clients):
1 | 5 | 8 | 37 | 44 | 59 | 62 | 85 | 91 |
-----------------------------------------------------------------Schedule complete
Client 5 trained
Client 5 uploaded
Client 44 trained
Client 44 uploaded
Client 37 trained
Client 37 uploaded
Client 8 trained
Client 8 uploaded
Client 62 trained
Client 62 uploaded
Client 59 trained
Client 59 uploaded
Client 1 trained
Client 1 uploaded
Client 85 trained
Client 85 uploaded
Client 91 trained
Client 91 uploaded
Epoch(t): 470 accuracy: 85.22 loss 0.4047666443884373 run_time: 730.8001892566681
| current_epoch 471 |. Begin client select
SchedulerThread schedule Group [ 2 ], select( 10 clients):
4 | 7 | 10 | 18 | 20 | 31 | 38 | 60 | 84 | 89 |
-----------------------------------------------------------------Schedule complete
Client 84 trained
Client 84 uploaded
Client 31 trained
Client 31 uploaded
Client 38 trained
Client 38 uploaded
Client 60 trained
Client 60 uploaded
Client 7 trained
Client 7 uploaded
Client 20 trained
Client 20 uploaded
Client 10 trained
Client 10 uploaded
Client 4 trained
Client 4 uploaded
Client 89 trained
Client 89 uploaded
Client 18 trained
Client 18 uploaded
Epoch(t): 471 accuracy: 85.44 loss 0.40276737928390505 run_time: 732.3586854934692
| current_epoch 472 |. Begin client select
SchedulerThread schedule Group [ 0 ], select( 11 clients):
11 | 29 | 32 | 35 | 57 | 58 | 65 | 67 | 77 | 78 | 98 |
-----------------------------------------------------------------Schedule complete
Client 32 trained
Client 32 uploaded
Client 57 trained
Client 57 uploaded
Client 58 trained
Client 58 uploaded
Client 78 trained
Client 78 uploaded
Client 35 trained
Client 35 uploaded
Client 29 trained
Client 29 uploaded
Client 65 trained
Client 65 uploaded
Client 11 trained
Client 11 uploaded
Client 77 trained
Client 77 uploaded
Client 67 trained
Client 67 uploaded
Client 98 trained
Client 98 uploaded
Epoch(t): 472 accuracy: 84.14 loss 0.4334490598738194 run_time: 733.8947257995605
| current_epoch 473 |. Begin client select
SchedulerThread schedule Group [ 5 ], select( 10 clients):
9 | 13 | 15 | 24 | 25 | 36 | 50 | 53 | 69 | 88 |
-----------------------------------------------------------------Schedule complete
Client 25 trained
Client 25 uploaded
Client 50 trained
Client 50 uploaded
Client 53 trained
Client 53 uploaded
Client 36 trained
Client 36 uploaded
Client 9 trained
Client 9 uploaded
Client 69 trained
Client 69 uploaded
Client 88 trained
Client 88 uploaded
Client 13 trained
Client 13 uploaded
Client 15 trained
Client 15 uploaded
Client 24 trained
Client 24 uploaded
Epoch(t): 473 accuracy: 85.86 loss 0.3931975746154785 run_time: 735.445149898529
| current_epoch 474 |. Begin client select
SchedulerThread schedule Group [ 1 ], select( 9 clients):
0 | 14 | 17 | 30 | 66 | 70 | 76 | 92 | 96 |
-----------------------------------------------------------------Schedule complete
Client 70 trained
Client 70 uploaded
Client 96 trained
Client 96 uploaded
Client 76 trained
Client 76 uploaded
Client 92 trained
Client 92 uploaded
Client 30 trained
Client 30 uploaded
Client 66 trained
Client 66 uploaded
Client 14 trained
Client 14 uploaded
Client 0 trained
Client 0 uploaded
Client 17 trained
Client 17 uploaded
Epoch(t): 474 accuracy: 86.26 loss 0.38715486153960227 run_time: 736.9212412834167
| current_epoch 475 |. Begin client select
SchedulerThread schedule Group [ 7 ], select( 11 clients):
2 | 6 | 22 | 34 | 39 | 54 | 83 | 90 | 94 | 97 | 99 |
-----------------------------------------------------------------Schedule complete
Client 2 trained
Client 2 uploaded
Client 90 trained
Client 90 uploaded
Client 6 trained
Client 6 uploaded
Client 83 trained
Client 83 uploaded
Client 99 trained
Client 99 uploaded
Client 34 trained
Client 34 uploaded
Client 54 trained
Client 54 uploaded
Client 94 trained
Client 94 uploaded
Client 22 trained
Client 22 uploaded
Client 39 trained
Client 39 uploaded
Client 97 trained
Client 97 uploaded
Epoch(t): 475 accuracy: 85.72 loss 0.3946017903089523 run_time: 738.6311385631561
| current_epoch 476 |. Begin client select
SchedulerThread schedule Group [ 6 ], select( 12 clients):
16 | 23 | 27 | 33 | 43 | 46 | 51 | 74 | 81 | 82 | 86 | 93 |
-----------------------------------------------------------------Schedule complete
Client 43 trained
Client 43 uploaded
Client 16 trained
Client 16 uploaded
Client 86 trained
Client 86 uploaded
Client 93 trained
Client 93 uploaded
Client 23 trained
Client 23 uploaded
Client 33 trained
Client 33 uploaded
Client 74 trained
Client 74 uploaded
Client 27 trained
Client 27 uploaded
Client 46 trained
Client 46 uploaded
Client 81 trained
Client 81 uploaded
Client 51 trained
Client 51 uploaded
Client 82 trained
Client 82 uploaded
Epoch(t): 476 accuracy: 86.12 loss 0.3932542811334133 run_time: 740.2508473396301
| current_epoch 477 |. Begin client select
SchedulerThread schedule Group [ 3 ], select( 10 clients):
3 | 19 | 40 | 47 | 49 | 52 | 72 | 73 | 79 | 80 |
-----------------------------------------------------------------Schedule complete
Client 72 trained
Client 72 uploaded
Client 47 trained
Client 47 uploaded
Client 73 trained
Client 73 uploaded
Client 40 trained
Client 40 uploaded
Client 80 trained
Client 80 uploaded
Client 19 trained
Client 19 uploaded
Client 79 trained
Client 79 uploaded
Client 52 trained
Client 52 uploaded
Client 3 trained
Client 3 uploaded
Client 49 trained
Client 49 uploaded
Epoch(t): 477 accuracy: 85.99 loss 0.38749278798699377 run_time: 741.8265373706818
| current_epoch 478 |. Begin client select
SchedulerThread schedule Group [ 4 ], select( 10 clients):
26 | 28 | 41 | 42 | 45 | 48 | 56 | 61 | 64 | 71 |
-----------------------------------------------------------------Schedule complete
Client 28 trained
Client 28 uploaded
Client 71 trained
Client 71 uploaded
Client 56 trained
Client 56 uploaded
Client 42 trained
Client 42 uploaded
Client 45 trained
Client 45 uploaded
Client 64 trained
Client 64 uploaded
Client 26 trained
Client 26 uploaded
Client 48 trained
Client 48 uploaded
Client 41 trained
Client 41 uploaded
Client 61 trained
Client 61 uploaded
Epoch(t): 478 accuracy: 86.18 loss 0.3844164103269577 run_time: 743.20006275177
| current_epoch 479 |. Begin client select
SchedulerThread schedule Group [ 2 ], select( 10 clients):
4 | 7 | 10 | 18 | 20 | 31 | 38 | 60 | 84 | 89 |
-----------------------------------------------------------------Schedule complete
Client 84 trained
Client 84 uploaded
Client 38 trained
Client 38 uploaded
Client 31 trained
Client 31 uploaded
Client 60 trained
Client 60 uploaded
Client 20 trained
Client 20 uploaded
Client 7 trained
Client 7 uploaded
Client 10 trained
Client 10 uploaded
Client 4 trained
Client 4 uploaded
Client 89 trained
Client 89 uploaded
Client 18 trained
Client 18 uploaded
Epoch(t): 479 accuracy: 85.7 loss 0.3982867768406868 run_time: 744.7959666252136
| current_epoch 480 |. Begin client select
SchedulerThread schedule Group [ 5 ], select( 10 clients):
9 | 13 | 15 | 24 | 25 | 36 | 50 | 53 | 69 | 88 |
-----------------------------------------------------------------Schedule complete
Client 50 trained
Client 50 uploaded
Client 25 trained
Client 25 uploaded
Client 53 trained
Client 53 uploaded
Client 36 trained
Client 36 uploaded
Client 9 trained
Client 9 uploaded
Client 69 trained
Client 69 uploaded
Client 88 trained
Client 88 uploaded
Client 13 trained
Client 13 uploaded
Client 15 trained
Client 15 uploaded
Client 24 trained
Client 24 uploaded
Epoch(t): 480 accuracy: 86.43 loss 0.3799143838882446 run_time: 746.2860865592957
| current_epoch 481 |. Begin client select
SchedulerThread schedule Group [ 9 ], select( 8 clients):
12 | 21 | 55 | 63 | 68 | 75 | 87 | 95 |
-----------------------------------------------------------------Schedule complete
Client 55 trained
Client 55 uploaded
Client 95 trained
Client 95 uploaded
Client 87 trained
Client 87 uploaded
Client 12 trained
Client 12 uploaded
Client 68 trained
Client 68 uploaded
Client 21 trained
Client 21 uploaded
Client 63 trained
Client 63 uploaded
Client 75 trained
Client 75 uploaded
Epoch(t): 481 accuracy: 86.2 loss 0.3917571125924587 run_time: 747.6586351394653
| current_epoch 482 |. Begin client select
SchedulerThread schedule Group [ 0 ], select( 11 clients):
11 | 29 | 32 | 35 | 57 | 58 | 65 | 67 | 77 | 78 | 98 |
-----------------------------------------------------------------Schedule complete
Client 57 trained
Client 57 uploaded
Client 58 trained
Client 58 uploaded
Client 78 trained
Client 78 uploaded
Client 35 trained
Client 35 uploaded
Client 11 trained
Client 11 uploaded
Client 65 trained
Client 65 uploaded
Client 29 trained
Client 29 uploaded
Client 32 trained
Client 32 uploaded
Client 77 trained
Client 77 uploaded
Client 67 trained
Client 67 uploaded
Client 98 trained
Client 98 uploaded
Epoch(t): 482 accuracy: 84.82 loss 0.4167582321166992 run_time: 749.1264646053314
| current_epoch 483 |. Begin client select
SchedulerThread schedule Group [ 6 ], select( 12 clients):
16 | 23 | 27 | 33 | 43 | 46 | 51 | 74 | 81 | 82 | 86 | 93 |
-----------------------------------------------------------------Schedule complete
Client 43 trained
Client 43 uploaded
Client 16 trained
Client 16 uploaded
Client 27 trained
Client 27 uploaded
Client 93 trained
Client 93 uploaded
Client 86 trained
Client 86 uploaded
Client 23 trained
Client 23 uploaded
Client 82 trained
Client 82 uploaded
Client 81 trained
Client 81 uploaded
Client 74 trained
Client 74 uploaded
Client 51 trained
Client 51 uploaded
Client 33 trained
Client 33 uploaded
Client 46 trained
Client 46 uploaded
Epoch(t): 483 accuracy: 86.06 loss 0.39453030318021776 run_time: 750.9496057033539
| current_epoch 484 |. Begin client select
SchedulerThread schedule Group [ 8 ], select( 9 clients):
1 | 5 | 8 | 37 | 44 | 59 | 62 | 85 | 91 |
-----------------------------------------------------------------Schedule complete
Client 44 trained
Client 44 uploaded
Client 5 trained
Client 5 uploaded
Client 8 trained
Client 8 uploaded
Client 37 trained
Client 37 uploaded
Client 1 trained
Client 1 uploaded
Client 85 trained
Client 85 uploaded
Client 91 trained
Client 91 uploaded
Client 59 trained
Client 59 uploaded
Client 62 trained
Client 62 uploaded
Epoch(t): 484 accuracy: 84.53 loss 0.41701124668121337 run_time: 752.4872303009033
| current_epoch 485 |. Begin client select
SchedulerThread schedule Group [ 2 ], select( 10 clients):
4 | 7 | 10 | 18 | 20 | 31 | 38 | 60 | 84 | 89 |
-----------------------------------------------------------------Schedule complete
Client 84 trained
Client 84 uploaded
Client 31 trained
Client 31 uploaded
Client 38 trained
Client 38 uploaded
Client 7 trained
Client 7 uploaded
Client 60 trained
Client 60 uploaded
Client 20 trained
Client 20 uploaded
Client 10 trained
Client 10 uploaded
Client 4 trained
Client 4 uploaded
Client 18 trained
Client 18 uploaded
Client 89 trained
Client 89 uploaded
Epoch(t): 485 accuracy: 85.68 loss 0.39940265044569967 run_time: 754.0674362182617
| current_epoch 486 |. Begin client select
SchedulerThread schedule Group [ 7 ], select( 11 clients):
2 | 6 | 22 | 34 | 39 | 54 | 83 | 90 | 94 | 97 | 99 |
-----------------------------------------------------------------Schedule complete
Client 83 trained
Client 83 uploaded
Client 90 trained
Client 90 uploaded
Client 6 trained
Client 6 uploaded
Client 2 trained
Client 2 uploaded
Client 99 trained
Client 99 uploaded
Client 34 trained
Client 34 uploaded
Client 54 trained
Client 54 uploaded
Client 94 trained
Client 94 uploaded
Client 22 trained
Client 22 uploaded
Client 97 trained
Client 39 trained
Client 97 uploaded
Client 39 uploaded
Epoch(t): 486 accuracy: 86.16 loss 0.38472459256649016 run_time: 755.8592820167542
| current_epoch 487 |. Begin client select
SchedulerThread schedule Group [ 6 ], select( 12 clients):
16 | 23 | 27 | 33 | 43 | 46 | 51 | 74 | 81 | 82 | 86 | 93 |
-----------------------------------------------------------------Schedule complete
Client 43 trained
Client 43 uploaded
Client 16 trained
Client 16 uploaded
Client 86 trained
Client 86 uploaded
Client 93 trained
Client 93 uploaded
Client 27 trained
Client 27 uploaded
Client 23 trained
Client 23 uploaded
Client 74 trained
Client 74 uploaded
Client 46 trained
Client 46 uploaded
Client 33 trained
Client 33 uploaded
Client 51 trained
Client 51 uploaded
Client 81 trained
Client 81 uploaded
Client 82 trained
Client 82 uploaded
Epoch(t): 487 accuracy: 86.16 loss 0.389174519777298 run_time: 757.4171006679535
| current_epoch 488 |. Begin client select
SchedulerThread schedule Group [ 6 ], select( 12 clients):
16 | 23 | 27 | 33 | 43 | 46 | 51 | 74 | 81 | 82 | 86 | 93 |
-----------------------------------------------------------------Schedule complete
Client 81 trained
Client 81 uploaded
Client 43 trained
Client 43 uploaded
Client 93 trained
Client 93 uploaded
Client 16 trained
Client 16 uploaded
Client 27 trained
Client 27 uploaded
Client 86 trained
Client 86 uploaded
Client 23 trained
Client 23 uploaded
Client 46 trained
Client 46 uploaded
Client 33 trained
Client 33 uploaded
Client 74 trained
Client 74 uploaded
Client 82 trained
Client 82 uploaded
Client 51 trained
Client 51 uploaded
Epoch(t): 488 accuracy: 85.25 loss 0.40994466543197633 run_time: 759.0806248188019
| current_epoch 489 |. Begin client select
SchedulerThread schedule Group [ 5 ], select( 10 clients):
9 | 13 | 15 | 24 | 25 | 36 | 50 | 53 | 69 | 88 |
-----------------------------------------------------------------Schedule complete
Client 50 trained
Client 50 uploaded
Client 53 trained
Client 53 uploaded
Client 25 trained
Client 25 uploaded
Client 69 trained
Client 69 uploaded
Client 9 trained
Client 9 uploaded
Client 36 trained
Client 36 uploaded
Client 88 trained
Client 88 uploaded
Client 13 trained
Client 13 uploaded
Client 15 trained
Client 15 uploaded
Client 24 trained
Client 24 uploaded
Epoch(t): 489 accuracy: 86.25 loss 0.3823175519704819 run_time: 760.7059507369995
| current_epoch 490 |. Begin client select
SchedulerThread schedule Group [ 0 ], select( 11 clients):
11 | 29 | 32 | 35 | 57 | 58 | 65 | 67 | 77 | 78 | 98 |
-----------------------------------------------------------------Schedule complete
Client 57 trained
Client 57 uploaded
Client 58 trained
Client 58 uploaded
Client 78 trained
Client 78 uploaded
Client 35 trained
Client 35 uploaded
Client 11 trained
Client 11 uploaded
Client 29 trained
Client 29 uploaded
Client 77 trained
Client 77 uploaded
Client 65 trained
Client 65 uploaded
Client 32 trained
Client 32 uploaded
Client 67 trained
Client 67 uploaded
Client 98 trained
Client 98 uploaded
Epoch(t): 490 accuracy: 84.42 loss 0.4319413748383522 run_time: 762.2873504161835
| current_epoch 491 |. Begin client select
SchedulerThread schedule Group [ 6 ], select( 12 clients):
16 | 23 | 27 | 33 | 43 | 46 | 51 | 74 | 81 | 82 | 86 | 93 |
-----------------------------------------------------------------Schedule complete
Client 43 trained
Client 43 uploaded
Client 93 trained
Client 93 uploaded
Client 27 trained
Client 27 uploaded
Client 16 trained
Client 16 uploaded
Client 86 trained
Client 86 uploaded
Client 23 trained
Client 23 uploaded
Client 46 trained
Client 46 uploaded
Client 74 trained
Client 74 uploaded
Client 33 trained
Client 33 uploaded
Client 82 trained
Client 82 uploaded
Client 51 trained
Client 51 uploaded
Client 81 trained
Client 81 uploaded
Epoch(t): 491 accuracy: 86.45 loss 0.38265151470899583 run_time: 763.9591119289398
| current_epoch 492 |. Begin client select
SchedulerThread schedule Group [ 1 ], select( 9 clients):
0 | 14 | 17 | 30 | 66 | 70 | 76 | 92 | 96 |
-----------------------------------------------------------------Schedule complete
Client 76 trained
Client 76 uploaded
Client 70 trained
Client 70 uploaded
Client 17 trained
Client 17 uploaded
Client 96 trained
Client 96 uploaded
Client 92 trained
Client 92 uploaded
Client 14 trained
Client 14 uploaded
Client 66 trained
Client 66 uploaded
Client 0 trained
Client 0 uploaded
Client 30 trained
Client 30 uploaded
Epoch(t): 492 accuracy: 86.16 loss 0.39613735169172287 run_time: 765.5389156341553
| current_epoch 493 |. Begin client select
SchedulerThread schedule Group [ 3 ], select( 10 clients):
3 | 19 | 40 | 47 | 49 | 52 | 72 | 73 | 79 | 80 |
-----------------------------------------------------------------Schedule complete
Client 72 trained
Client 72 uploaded
Client 73 trained
Client 73 uploaded
Client 47 trained
Client 47 uploaded
Client 40 trained
Client 40 uploaded
Client 80 trained
Client 80 uploaded
Client 19 trained
Client 19 uploaded
Client 3 trained
Client 3 uploaded
Client 49 trained
Client 49 uploaded
Client 52 trained
Client 52 uploaded
Client 79 trained
Client 79 uploaded
Epoch(t): 493 accuracy: 86.72 loss 0.37329107567667963 run_time: 766.9808909893036
| current_epoch 494 |. Begin client select
SchedulerThread schedule Group [ 2 ], select( 10 clients):
4 | 7 | 10 | 18 | 20 | 31 | 38 | 60 | 84 | 89 |
-----------------------------------------------------------------Schedule complete
Client 84 trained
Client 84 uploaded
Client 31 trained
Client 31 uploaded
Client 38 trained
Client 38 uploaded
Client 7 trained
Client 7 uploaded
Client 60 trained
Client 60 uploaded
Client 20 trained
Client 20 uploaded
Client 10 trained
Client 10 uploaded
Client 4 trained
Client 4 uploaded
Client 18 trained
Client 18 uploaded
Client 89 trained
Client 89 uploaded
Epoch(t): 494 accuracy: 85.62 loss 0.40139563858509064 run_time: 768.4485986232758
| current_epoch 495 |. Begin client select
SchedulerThread schedule Group [ 9 ], select( 8 clients):
12 | 21 | 55 | 63 | 68 | 75 | 87 | 95 |
-----------------------------------------------------------------Schedule complete
Client 95 trained
Client 95 uploaded
Client 55 trained
Client 55 uploaded
Client 87 trained
Client 87 uploaded
Client 12 trained
Client 12 uploaded
Client 68 trained
Client 68 uploaded
Client 21 trained
Client 21 uploaded
Client 63 trained
Client 63 uploaded
Client 75 trained
Client 75 uploaded
Epoch(t): 495 accuracy: 86.05 loss 0.38964532732963564 run_time: 769.8302958011627
| current_epoch 496 |. Begin client select
SchedulerThread schedule Group [ 4 ], select( 10 clients):
26 | 28 | 41 | 42 | 45 | 48 | 56 | 61 | 64 | 71 |
-----------------------------------------------------------------Schedule complete
Client 28 trained
Client 28 uploaded
Client 71 trained
Client 71 uploaded
Client 56 trained
Client 56 uploaded
Client 42 trained
Client 42 uploaded
Client 26 trained
Client 26 uploaded
Client 45 trained
Client 45 uploaded
Client 64 trained
Client 64 uploaded
Client 61 trained
Client 61 uploaded
Client 48 trained
Client 48 uploaded
Client 41 trained
Client 41 uploaded
Epoch(t): 496 accuracy: 86.43 loss 0.37762920320034027 run_time: 771.3950328826904
| current_epoch 497 |. Begin client select
SchedulerThread schedule Group [ 7 ], select( 11 clients):
2 | 6 | 22 | 34 | 39 | 54 | 83 | 90 | 94 | 97 | 99 |
-----------------------------------------------------------------Schedule complete
Client 2 trained
Client 2 uploaded
Client 90 trained
Client 90 uploaded
Client 34 trained
Client 34 uploaded
Client 6 trained
Client 6 uploaded
Client 83 trained
Client 83 uploaded
Client 99 trained
Client 99 uploaded
Client 22 trained
Client 22 uploaded
Client 54 trained
Client 54 uploaded
Client 97 trained
Client 97 uploaded
Client 94 trained
Client 94 uploaded
Client 39 trained
Client 39 uploaded
Epoch(t): 497 accuracy: 86.2 loss 0.38100237905979156 run_time: 772.9118332862854
| current_epoch 498 |. Begin client select
SchedulerThread schedule Group [ 6 ], select( 12 clients):
16 | 23 | 27 | 33 | 43 | 46 | 51 | 74 | 81 | 82 | 86 | 93 |
-----------------------------------------------------------------Schedule complete
Client 43 trained
Client 43 uploaded
Client 93 trained
Client 93 uploaded
Client 27 trained
Client 27 uploaded
Client 16 trained
Client 16 uploaded
Client 86 trained
Client 86 uploaded
Client 46 trained
Client 46 uploaded
Client 23 trained
Client 23 uploaded
Client 51 trained
Client 51 uploaded
Client 81 trained
Client 81 uploaded
Client 74 trained
Client 74 uploaded
Client 33 trained
Client 33 uploaded
Client 82 trained
Client 82 uploaded
Epoch(t): 498 accuracy: 84.41 loss 0.4242503145337105 run_time: 774.6128525733948
| current_epoch 499 |. Begin client select
SchedulerThread schedule Group [ 5 ], select( 10 clients):
9 | 13 | 15 | 24 | 25 | 36 | 50 | 53 | 69 | 88 |
-----------------------------------------------------------------Schedule complete
Client 36 trained
Client 36 uploaded
Client 25 trained
Client 25 uploaded
Client 53 trained
Client 53 uploaded
Client 50 trained
Client 50 uploaded
Client 69 trained
Client 69 uploaded
Client 9 trained
Client 9 uploaded
Client 13 trained
Client 13 uploaded
Client 15 trained
Client 15 uploaded
Client 88 trained
Client 88 uploaded
Client 24 trained
Client 24 uploaded
Epoch(t): 499 accuracy: 86.55 loss 0.3753868816792965 run_time: 776.0765256881714
| current_epoch 500 |. Begin client select
SchedulerThread schedule Group [ 8 ], select( 9 clients):
1 | 5 | 8 | 37 | 44 | 59 | 62 | 85 | 91 |
-----------------------------------------------------------------Schedule complete
Client 5 trained
Client 5 uploaded
Client 37 trained
Client 37 uploaded
Client 8 trained
Client 8 uploaded
Client 44 trained
Client 44 uploaded
Client 1 trained
Client 1 uploaded
Client 62 trained
Client 62 uploaded
Client 85 trained
Client 85 uploaded
Client 59 trained
Client 59 uploaded
Client 91 trained
Client 91 uploaded
Epoch(t): 500 accuracy: 84.59 loss 0.4206388369202614 run_time: 777.7073786258698
| current_epoch 501 |. Begin client select
SchedulerThread schedule Group [ 0 ], select( 11 clients):
11 | 29 | 32 | 35 | 57 | 58 | 65 | 67 | 77 | 78 | 98 |
-----------------------------------------------------------------Schedule complete
Client 57 trained
Client 57 uploaded
Client 58 trained
Client 58 uploaded
Client 35 trained
Client 35 uploaded
Client 78 trained
Client 78 uploaded
Client 29 trained
Client 29 uploaded
Client 11 trained
Client 11 uploaded
Client 32 trained
Client 32 uploaded
Client 65 trained
Client 65 uploaded
Client 67 trained
Client 67 uploaded
Client 77 trained
Client 77 uploaded
Client 98 trained
Client 98 uploaded
Epoch(t): 501 accuracy: 85.16 loss 0.41268283009529116 run_time: 779.2389206886292
| current_epoch 502 |. Begin client select
SchedulerThread schedule Group [ 6 ], select( 12 clients):
16 | 23 | 27 | 33 | 43 | 46 | 51 | 74 | 81 | 82 | 86 | 93 |
-----------------------------------------------------------------Schedule complete
Client 43 trained
Client 43 uploaded
Client 93 trained
Client 93 uploaded
Client 27 trained
Client 27 uploaded
Client 16 trained
Client 16 uploaded
Client 86 trained
Client 86 uploaded
Client 23 trained
Client 23 uploaded
Client 46 trained
Client 46 uploaded
Client 33 trained
Client 33 uploaded
Client 51 trained
Client 51 uploaded
Client 74 trained
Client 74 uploaded
Client 82 trained
Client 82 uploaded
Client 81 trained
Client 81 uploaded
Epoch(t): 502 accuracy: 86.54 loss 0.3805467556416988 run_time: 780.8814618587494
| current_epoch 503 |. Begin client select
SchedulerThread schedule Group [ 5 ], select( 10 clients):
9 | 13 | 15 | 24 | 25 | 36 | 50 | 53 | 69 | 88 |
-----------------------------------------------------------------Schedule complete
Client 50 trained
Client 50 uploaded
Client 25 trained
Client 25 uploaded
Client 53 trained
Client 53 uploaded
Client 36 trained
Client 36 uploaded
Client 9 trained
Client 9 uploaded
Client 69 trained
Client 69 uploaded
Client 13 trained
Client 13 uploaded
Client 15 trained
Client 15 uploaded
Client 88 trained
Client 88 uploaded
Client 24 trained
Client 24 uploaded
Epoch(t): 503 accuracy: 86.78 loss 0.3718800681829453 run_time: 782.5261652469635
| current_epoch 504 |. Begin client select
SchedulerThread schedule Group [ 9 ], select( 8 clients):
12 | 21 | 55 | 63 | 68 | 75 | 87 | 95 |
-----------------------------------------------------------------Schedule complete
Client 55 trained
Client 55 uploaded
Client 95 trained
Client 95 uploaded
Client 75 trained
Client 75 uploaded
Client 12 trained
Client 12 uploaded
Client 68 trained
Client 68 uploaded
Client 21 trained
Client 21 uploaded
Client 87 trained
Client 87 uploaded
Client 63 trained
Client 63 uploaded
Epoch(t): 504 accuracy: 86.39 loss 0.38718849658966065 run_time: 783.9050185680389
| current_epoch 505 |. Begin client select
SchedulerThread schedule Group [ 7 ], select( 11 clients):
2 | 6 | 22 | 34 | 39 | 54 | 83 | 90 | 94 | 97 | 99 |
-----------------------------------------------------------------Schedule complete
Client 83 trained
Client 83 uploaded
Client 2 trained
Client 2 uploaded
Client 90 trained
Client 90 uploaded
Client 6 trained
Client 6 uploaded
Client 34 trained
Client 34 uploaded
Client 99 trained
Client 99 uploaded
Client 54 trained
Client 54 uploaded
Client 39 trained
Client 39 uploaded
Client 22 trained
Client 22 uploaded
Client 94 trained
Client 94 uploaded
Client 97 trained
Client 97 uploaded
Epoch(t): 505 accuracy: 86.27 loss 0.3799785996973515 run_time: 785.4412295818329
| current_epoch 506 |. Begin client select
SchedulerThread schedule Group [ 0 ], select( 11 clients):
11 | 29 | 32 | 35 | 57 | 58 | 65 | 67 | 77 | 78 | 98 |
-----------------------------------------------------------------Schedule complete
Client 57 trained
Client 57 uploaded
Client 58 trained
Client 58 uploaded
Client 78 trained
Client 78 uploaded
Client 35 trained
Client 35 uploaded
Client 29 trained
Client 29 uploaded
Client 32 trained
Client 32 uploaded
Client 65 trained
Client 65 uploaded
Client 11 trained
Client 11 uploaded
Client 77 trained
Client 77 uploaded
Client 67 trained
Client 67 uploaded
Client 98 trained
Client 98 uploaded
Epoch(t): 506 accuracy: 85.05 loss 0.41223312601447104 run_time: 786.9711995124817
| current_epoch 507 |. Begin client select
SchedulerThread schedule Group [ 2 ], select( 10 clients):
4 | 7 | 10 | 18 | 20 | 31 | 38 | 60 | 84 | 89 |
-----------------------------------------------------------------Schedule complete
Client 84 trained
Client 84 uploaded
Client 31 trained
Client 31 uploaded
Client 38 trained
Client 38 uploaded
Client 60 trained
Client 60 uploaded
Client 7 trained
Client 7 uploaded
Client 20 trained
Client 20 uploaded
Client 10 trained
Client 10 uploaded
Client 4 trained
Client 4 uploaded
Client 89 trained
Client 18 trained
Client 89 uploaded
Client 18 uploaded
Epoch(t): 507 accuracy: 85.64 loss 0.39976154834032057 run_time: 788.572954416275
| current_epoch 508 |. Begin client select
SchedulerThread schedule Group [ 3 ], select( 10 clients):
3 | 19 | 40 | 47 | 49 | 52 | 72 | 73 | 79 | 80 |
-----------------------------------------------------------------Schedule complete
Client 72 trained
Client 72 uploaded
Client 47 trained
Client 47 uploaded
Client 73 trained
Client 73 uploaded
Client 40 trained
Client 40 uploaded
Client 80 trained
Client 80 uploaded
Client 19 trained
Client 19 uploaded
Client 52 trained
Client 52 uploaded
Client 3 trained
Client 3 uploaded
Client 49 trained
Client 49 uploaded
Client 79 trained
Client 79 uploaded
Epoch(t): 508 accuracy: 86.57 loss 0.3739062188565731 run_time: 790.0955765247345
| current_epoch 509 |. Begin client select
SchedulerThread schedule Group [ 6 ], select( 12 clients):
16 | 23 | 27 | 33 | 43 | 46 | 51 | 74 | 81 | 82 | 86 | 93 |
-----------------------------------------------------------------Schedule complete
Client 43 trained
Client 43 uploaded
Client 27 trained
Client 27 uploaded
Client 93 trained
Client 93 uploaded
Client 16 trained
Client 16 uploaded
Client 86 trained
Client 86 uploaded
Client 23 trained
Client 23 uploaded
Client 33 trained
Client 33 uploaded
Client 74 trained
Client 74 uploaded
Client 46 trained
Client 46 uploaded
Client 81 trained
Client 81 uploaded
Client 82 trained
Client 82 uploaded
Client 51 trained
Client 51 uploaded
Epoch(t): 509 accuracy: 86.06 loss 0.3912434677779675 run_time: 791.7217178344727
| current_epoch 510 |. Begin client select
SchedulerThread schedule Group [ 1 ], select( 9 clients):
0 | 14 | 17 | 30 | 66 | 70 | 76 | 92 | 96 |
-----------------------------------------------------------------Schedule complete
Client 76 trained
Client 76 uploaded
Client 70 trained
Client 70 uploaded
Client 96 trained
Client 96 uploaded
Client 92 trained
Client 92 uploaded
Client 17 trained
Client 17 uploaded
Client 66 trained
Client 66 uploaded
Client 0 trained
Client 0 uploaded
Client 14 trained
Client 14 uploaded
Client 30 trained
Client 30 uploaded
Epoch(t): 510 accuracy: 86.35 loss 0.3880676805973053 run_time: 793.2337427139282
Average delay = 0.0
scheduler_thread joined
updater_thread joined
data_getter_thread joined
End!
Time used:
0:13:35.234996
13.583333333333334 min
0.2263888888888889 h
====================
开始缓存清理
缓存清理完成
====================