
Files already downloaded and verified
Files already downloaded and verified
generate customize clients distribution...
train_dataset data generation process completed
generate customize clients distribution...
test_dataset data generation process completed
Running Mode: Default(Thread)
Training Mode: Multi-GPU-Mode
GPU devices num: 4
Starting clients
(0, 509, {0: 0, 1: 1, 2: 22, 3: 0, 4: 55, 5: 75, 6: 200, 7: 80, 8: 1, 9: 75})
(1, 714, {0: 25, 1: 28, 2: 96, 3: 188, 4: 65, 5: 52, 6: 1, 7: 39, 8: 119, 9: 101})
(2, 477, {0: 47, 1: 13, 2: 29, 3: 27, 4: 272, 5: 2, 6: 23, 7: 25, 8: 29, 9: 10})
(3, 569, {0: 89, 1: 152, 2: 40, 3: 3, 4: 10, 5: 75, 6: 36, 7: 105, 8: 46, 9: 13})
(4, 723, {0: 72, 1: 96, 2: 105, 3: 96, 4: 35, 5: 0, 6: 216, 7: 60, 8: 3, 9: 40})
(5, 345, {0: 21, 1: 11, 2: 0, 3: 1, 4: 10, 5: 225, 6: 20, 7: 20, 8: 36, 9: 1})
(6, 638, {0: 25, 1: 100, 2: 1, 3: 75, 4: 116, 5: 134, 6: 25, 7: 115, 8: 35, 9: 12})
(7, 318, {0: 1, 1: 48, 2: 55, 3: 0, 4: 82, 5: 0, 6: 38, 7: 24, 8: 30, 9: 40})
(8, 617, {0: 65, 1: 16, 2: 135, 3: 142, 4: 7, 5: 23, 6: 24, 7: 205, 8: 0, 9: 0})
(9, 410, {0: 2, 1: 25, 2: 0, 3: 190, 4: 30, 5: 0, 6: 10, 7: 94, 8: 36, 9: 23})
(10, 460, {0: 3, 1: 41, 2: 28, 3: 110, 4: 4, 5: 5, 6: 104, 7: 21, 8: 106, 9: 38})
(11, 320, {0: 12, 1: 8, 2: 39, 3: 12, 4: 121, 5: 0, 6: 10, 7: 66, 8: 12, 9: 40})
(12, 349, {0: 0, 1: 25, 2: 0, 3: 80, 4: 85, 5: 31, 6: 52, 7: 0, 8: 0, 9: 76})
(13, 356, {0: 19, 1: 0, 2: 0, 3: 0, 4: 136, 5: 54, 6: 119, 7: 25, 8: 3, 9: 0})
(14, 498, {0: 0, 1: 20, 2: 9, 3: 48, 4: 0, 5: 5, 6: 171, 7: 20, 8: 210, 9: 15})
(15, 751, {0: 22, 1: 28, 2: 60, 3: 0, 4: 9, 5: 60, 6: 85, 7: 317, 8: 170, 9: 0})
(16, 304, {0: 83, 1: 4, 2: 16, 3: 28, 4: 0, 5: 32, 6: 29, 7: 19, 8: 17, 9: 76})
(17, 322, {0: 0, 1: 41, 2: 146, 3: 1, 4: 16, 5: 9, 6: 21, 7: 66, 8: 7, 9: 15})
(18, 183, {0: 5, 1: 6, 2: 72, 3: 35, 4: 14, 5: 0, 6: 6, 7: 0, 8: 6, 9: 39})
(19, 431, {0: 65, 1: 25, 2: 0, 3: 169, 4: 7, 5: 87, 6: 55, 7: 4, 8: 19, 9: 0})
(20, 461, {0: 16, 1: 1, 2: 30, 3: 24, 4: 4, 5: 22, 6: 28, 7: 140, 8: 178, 9: 18})
(21, 369, {0: 73, 1: 15, 2: 73, 3: 22, 4: 20, 5: 0, 6: 107, 7: 4, 8: 50, 9: 5})
(22, 453, {0: 24, 1: 5, 2: 22, 3: 135, 4: 136, 5: 21, 6: 60, 7: 13, 8: 10, 9: 27})
(23, 380, {0: 0, 1: 16, 2: 1, 3: 0, 4: 28, 5: 6, 6: 1, 7: 318, 8: 0, 9: 10})
(24, 502, {0: 55, 1: 14, 2: 31, 3: 5, 4: 292, 5: 2, 6: 13, 7: 45, 8: 40, 9: 5})
(25, 841, {0: 0, 1: 193, 2: 15, 3: 145, 4: 113, 5: 25, 6: 13, 7: 30, 8: 2, 9: 305})
(26, 649, {0: 66, 1: 177, 2: 134, 3: 123, 4: 21, 5: 0, 6: 43, 7: 17, 8: 68, 9: 0})
(27, 383, {0: 4, 1: 0, 2: 10, 3: 0, 4: 3, 5: 8, 6: 169, 7: 35, 8: 149, 9: 5})
(28, 289, {0: 40, 1: 7, 2: 0, 3: 4, 4: 17, 5: 34, 6: 43, 7: 22, 8: 66, 9: 56})
(29, 358, {0: 14, 1: 0, 2: 45, 3: 70, 4: 27, 5: 68, 6: 10, 7: 2, 8: 15, 9: 107})
(30, 304, {0: 130, 1: 0, 2: 81, 3: 10, 4: 1, 5: 1, 6: 25, 7: 19, 8: 0, 9: 37})
(31, 491, {0: 0, 1: 190, 2: 21, 3: 41, 4: 0, 5: 27, 6: 167, 7: 35, 8: 5, 9: 5})
(32, 678, {0: 122, 1: 1, 2: 22, 3: 90, 4: 75, 5: 85, 6: 3, 7: 44, 8: 141, 9: 95})
(33, 535, {0: 276, 1: 0, 2: 4, 3: 16, 4: 6, 5: 51, 6: 120, 7: 25, 8: 17, 9: 20})
(34, 611, {0: 58, 1: 36, 2: 34, 3: 1, 4: 95, 5: 48, 6: 41, 7: 58, 8: 195, 9: 45})
(35, 828, {0: 59, 1: 85, 2: 121, 3: 52, 4: 87, 5: 18, 6: 28, 7: 75, 8: 10, 9: 293})
(36, 616, {0: 14, 1: 134, 2: 25, 3: 8, 4: 55, 5: 52, 6: 50, 7: 30, 8: 23, 9: 225})
(37, 619, {0: 3, 1: 190, 2: 32, 3: 13, 4: 0, 5: 285, 6: 1, 7: 50, 8: 9, 9: 36})
(38, 464, {0: 10, 1: 114, 2: 27, 3: 13, 4: 34, 5: 3, 6: 109, 7: 40, 8: 106, 9: 8})
(39, 53, {0: 28, 1: 0, 2: 0, 3: 15, 4: 1, 5: 0, 6: 5, 7: 3, 8: 1, 9: 0})
(40, 639, {0: 132, 1: 82, 2: 15, 3: 34, 4: 73, 5: 47, 6: 98, 7: 10, 8: 135, 9: 13})
(41, 366, {0: 0, 1: 53, 2: 0, 3: 96, 4: 105, 5: 64, 6: 0, 7: 24, 8: 2, 9: 22})
(42, 523, {0: 6, 1: 239, 2: 67, 3: 10, 4: 0, 5: 0, 6: 0, 7: 141, 8: 0, 9: 60})
(43, 939, {0: 224, 1: 110, 2: 115, 3: 180, 4: 21, 5: 5, 6: 85, 7: 4, 8: 0, 9: 195})
(44, 446, {0: 75, 1: 60, 2: 15, 3: 5, 4: 42, 5: 43, 6: 0, 7: 161, 8: 9, 9: 36})
(45, 620, {0: 88, 1: 157, 2: 2, 3: 4, 4: 108, 5: 175, 6: 10, 7: 0, 8: 71, 9: 5})
(46, 829, {0: 10, 1: 28, 2: 175, 3: 65, 4: 215, 5: 80, 6: 53, 7: 45, 8: 87, 9: 71})
(47, 235, {0: 8, 1: 1, 2: 20, 3: 4, 4: 6, 5: 9, 6: 69, 7: 118, 8: 0, 9: 0})
(48, 405, {0: 30, 1: 7, 2: 145, 3: 9, 4: 0, 5: 13, 6: 30, 7: 51, 8: 0, 9: 120})
(49, 255, {0: 0, 1: 12, 2: 1, 3: 40, 4: 26, 5: 25, 6: 48, 7: 68, 8: 35, 9: 0})
(50, 501, {0: 141, 1: 39, 2: 14, 3: 24, 4: 3, 5: 93, 6: 0, 7: 42, 8: 87, 9: 58})
(51, 316, {0: 0, 1: 8, 2: 0, 3: 108, 4: 7, 5: 21, 6: 1, 7: 88, 8: 12, 9: 71})
(52, 352, {0: 35, 1: 9, 2: 16, 3: 48, 4: 40, 5: 20, 6: 115, 7: 4, 8: 58, 9: 7})
(53, 546, {0: 17, 1: 63, 2: 141, 3: 4, 4: 55, 5: 0, 6: 5, 7: 19, 8: 231, 9: 11})
(54, 444, {0: 10, 1: 249, 2: 104, 3: 29, 4: 2, 5: 5, 6: 16, 7: 0, 8: 9, 9: 20})
(55, 427, {0: 10, 1: 40, 2: 90, 3: 0, 4: 17, 5: 91, 6: 50, 7: 23, 8: 36, 9: 70})
(56, 581, {0: 21, 1: 108, 2: 12, 3: 110, 4: 74, 5: 22, 6: 85, 7: 79, 8: 29, 9: 41})
(57, 239, {0: 26, 1: 21, 2: 50, 3: 0, 4: 20, 5: 76, 6: 14, 7: 27, 8: 2, 9: 3})
(58, 717, {0: 93, 1: 26, 2: 127, 3: 45, 4: 255, 5: 121, 6: 5, 7: 25, 8: 20, 9: 0})
(59, 192, {0: 35, 1: 2, 2: 4, 3: 140, 4: 0, 5: 0, 6: 1, 7: 0, 8: 10, 9: 0})
(60, 533, {0: 43, 1: 130, 2: 0, 3: 76, 4: 130, 5: 25, 6: 20, 7: 0, 8: 15, 9: 94})
(61, 367, {0: 0, 1: 50, 2: 2, 3: 62, 4: 82, 5: 32, 6: 3, 7: 6, 8: 124, 9: 6})
(62, 865, {0: 1, 1: 36, 2: 185, 3: 38, 4: 142, 5: 8, 6: 226, 7: 125, 8: 45, 9: 59})
(63, 473, {0: 0, 1: 80, 2: 49, 3: 5, 4: 9, 5: 107, 6: 40, 7: 44, 8: 134, 9: 5})
(64, 483, {0: 25, 1: 11, 2: 52, 3: 190, 4: 47, 5: 1, 6: 89, 7: 9, 8: 8, 9: 51})
(65, 591, {0: 151, 1: 79, 2: 77, 3: 22, 4: 42, 5: 12, 6: 123, 7: 9, 8: 76, 9: 0})
(66, 692, {0: 208, 1: 6, 2: 0, 3: 40, 4: 5, 5: 145, 6: 13, 7: 62, 8: 117, 9: 96})
(67, 794, {0: 70, 1: 0, 2: 270, 3: 75, 4: 55, 5: 1, 6: 13, 7: 50, 8: 160, 9: 100})
(68, 649, {0: 117, 1: 15, 2: 104, 3: 28, 4: 85, 5: 22, 6: 65, 7: 35, 8: 170, 9: 8})
(69, 565, {0: 78, 1: 15, 2: 30, 3: 25, 4: 16, 5: 264, 6: 0, 7: 5, 8: 5, 9: 127})
(70, 454, {0: 34, 1: 12, 2: 13, 3: 94, 4: 35, 5: 70, 6: 8, 7: 133, 8: 0, 9: 55})
(71, 405, {0: 66, 1: 38, 2: 1, 3: 150, 4: 105, 5: 1, 6: 0, 7: 22, 8: 17, 9: 5})
(72, 576, {0: 78, 1: 15, 2: 107, 3: 9, 4: 9, 5: 5, 6: 45, 7: 110, 8: 153, 9: 45})
(73, 637, {0: 41, 1: 46, 2: 262, 3: 1, 4: 26, 5: 118, 6: 4, 7: 25, 8: 0, 9: 114})
(74, 452, {0: 70, 1: 29, 2: 46, 3: 20, 4: 134, 5: 8, 6: 85, 7: 0, 8: 0, 9: 60})
(75, 487, {0: 23, 1: 5, 2: 36, 3: 26, 4: 158, 5: 17, 6: 29, 7: 2, 8: 190, 9: 1})
(76, 724, {0: 56, 1: 142, 2: 2, 3: 30, 4: 55, 5: 54, 6: 20, 7: 90, 8: 5, 9: 270})
(77, 487, {0: 94, 1: 1, 2: 53, 3: 2, 4: 0, 5: 72, 6: 8, 7: 5, 8: 21, 9: 231})
(78, 260, {0: 0, 1: 0, 2: 113, 3: 3, 4: 4, 5: 16, 6: 30, 7: 13, 8: 71, 9: 10})
(79, 394, {0: 0, 1: 20, 2: 80, 3: 11, 4: 4, 5: 91, 6: 55, 7: 91, 8: 21, 9: 21})
(80, 613, {0: 154, 1: 77, 2: 35, 3: 1, 4: 13, 5: 98, 6: 120, 7: 58, 8: 10, 9: 47})
(81, 587, {0: 0, 1: 126, 2: 15, 3: 17, 4: 144, 5: 29, 6: 5, 7: 0, 8: 55, 9: 196})
(82, 527, {0: 66, 1: 1, 2: 3, 3: 87, 4: 29, 5: 15, 6: 0, 7: 57, 8: 259, 9: 10})
(83, 748, {0: 1, 1: 68, 2: 151, 3: 162, 4: 25, 5: 180, 6: 54, 7: 7, 8: 49, 9: 51})
(84, 768, {0: 5, 1: 59, 2: 0, 3: 98, 4: 45, 5: 128, 6: 182, 7: 23, 8: 50, 9: 178})
(85, 473, {0: 135, 1: 28, 2: 45, 3: 8, 4: 0, 5: 1, 6: 28, 7: 63, 8: 58, 9: 107})
(86, 237, {0: 0, 1: 64, 2: 12, 3: 0, 4: 0, 5: 108, 6: 53, 7: 0, 8: 0, 9: 0})
(87, 354, {0: 73, 1: 148, 2: 1, 3: 1, 4: 0, 5: 3, 6: 57, 7: 21, 8: 50, 9: 0})
(88, 378, {0: 55, 1: 27, 2: 4, 3: 39, 4: 67, 5: 0, 6: 30, 7: 153, 8: 3, 9: 0})
(89, 707, {0: 117, 1: 87, 2: 58, 3: 93, 4: 0, 5: 166, 6: 20, 7: 154, 8: 12, 9: 0})
(90, 423, {0: 165, 1: 56, 2: 20, 3: 36, 4: 77, 5: 25, 6: 7, 7: 35, 8: 2, 9: 0})
(91, 399, {0: 4, 1: 0, 2: 19, 3: 100, 4: 90, 5: 20, 6: 124, 7: 31, 8: 1, 9: 10})
(92, 327, {0: 0, 1: 45, 2: 0, 3: 45, 4: 0, 5: 43, 6: 67, 7: 53, 8: 67, 9: 7})
(93, 854, {0: 178, 1: 118, 2: 0, 3: 10, 4: 37, 5: 275, 6: 147, 7: 67, 8: 2, 9: 20})
(94, 338, {0: 15, 1: 0, 2: 106, 3: 19, 4: 9, 5: 54, 6: 32, 7: 52, 8: 15, 9: 36})
(95, 279, {0: 2, 1: 6, 2: 38, 3: 19, 4: 27, 5: 25, 6: 0, 7: 3, 8: 90, 9: 69})
(96, 748, {0: 180, 1: 8, 2: 94, 3: 216, 4: 0, 5: 120, 6: 102, 7: 11, 8: 15, 9: 2})
(97, 426, {0: 95, 1: 65, 2: 10, 3: 38, 4: 15, 5: 7, 6: 51, 7: 40, 8: 30, 9: 75})
(98, 383, {0: 39, 1: 0, 2: 0, 3: 24, 4: 76, 5: 51, 6: 32, 7: 55, 8: 45, 9: 61})
(99, 343, {0: 8, 1: 60, 2: 170, 3: 88, 4: 0, 5: 5, 6: 2, 7: 0, 8: 10, 9: 0})
Start server:
FedDocs Algo: Group 5 is selected
| current_epoch 1 |. Begin client select
SchedulerThread schedule Group [ 5 ], select( 14 clients):
4 | 7 | 9 | 11 | 15 | 37 | 40 | 53 | 74 | 77 | 81 | 83 | 90 | 96 |
-----------------------------------------------------------------Schedule complete
Client 7 trained
Client 7 uploaded
Client 11 trained
Client 11 uploaded
Client 9 trained
Client 9 uploaded
Client 90 trained
Client 90 uploaded
Client 77 trained
Client 77 uploaded
Client 53 trained
Client 53 uploaded
Client 74 trained
Client 74 uploaded
Client 37 trained
Client 37 uploaded
Client 81 trained
Client 81 uploaded
Client 40 trained
Client 40 uploaded
Client 4 trained
Client 4 uploaded
Client 83 trained
Client 83 uploaded
Client 15 trained
Client 15 uploaded
Client 96 trained
Client 96 uploaded
Epoch(t): 1 accuracy: 15.52 loss 2.226593885421753 run_time: 36.51871061325073
FedDocs Algo: Group 2 is selected
| current_epoch 2 |. Begin client select
SchedulerThread schedule Group [ 2 ], select( 15 clients):
8 | 16 | 18 | 19 | 21 | 27 | 34 | 42 | 51 | 55 | 58 | 64 | 75 | 76 | 93 |
-----------------------------------------------------------------Schedule complete
Client 18 trained
Client 18 uploaded
Client 16 trained
Client 16 uploaded
Client 51 trained
Client 51 uploaded
Client 27 trained
Client 27 uploaded
Client 21 trained
Client 21 uploaded
Client 55 trained
Client 55 uploaded
Client 19 trained
Client 19 uploaded
Client 75 trained
Client 75 uploaded
Client 64 trained
Client 64 uploaded
Client 42 trained
Client 42 uploaded
Client 34 trained
Client 34 uploaded
Client 8 trained
Client 8 uploaded
Client 76 trained
Client 76 uploaded
Client 58 trained
Client 58 uploaded
Client 93 trained
Client 93 uploaded
Epoch(t): 2 accuracy: 28.26 loss 1.9638306379318238 run_time: 71.16425275802612
FedDocs Algo: Group 1 is selected
| current_epoch 3 |. Begin client select
SchedulerThread schedule Group [ 1 ], select( 15 clients):
5 | 20 | 22 | 26 | 31 | 33 | 35 | 36 | 44 | 46 | 61 | 72 | 89 | 91 | 95 |
-----------------------------------------------------------------Schedule complete
Client 95 trained
Client 95 uploaded
Client 5 trained
Client 5 uploaded
Client 61 trained
Client 61 uploaded
Client 91 trained
Client 91 uploaded
Client 44 trained
Client 44 uploaded
Client 20 trained
Client 20 uploaded
Client 22 trained
Client 22 uploaded
Client 31 trained
Client 31 uploaded
Client 72 trained
Client 72 uploaded
Client 33 trained
Client 33 uploaded
Client 89 trained
Client 89 uploaded
Client 26 trained
Client 26 uploaded
Client 36 trained
Client 36 uploaded
Client 46 trained
Client 46 uploaded
Client 35 trained
Client 35 uploaded
Epoch(t): 3 accuracy: 34.46 loss 1.7651721322536469 run_time: 108.35800313949585
FedDocs Algo: Group 5 is selected
| current_epoch 4 |. Begin client select
SchedulerThread schedule Group [ 5 ], select( 14 clients):
4 | 7 | 9 | 11 | 15 | 37 | 40 | 53 | 74 | 77 | 81 | 83 | 90 | 96 |
-----------------------------------------------------------------Schedule complete
Client 11 trained
Client 11 uploaded
Client 7 trained
Client 7 uploaded
Client 9 trained
Client 9 uploaded
Client 90 trained
Client 90 uploaded
Client 74 trained
Client 74 uploaded
Client 77 trained
Client 77 uploaded
Client 53 trained
Client 53 uploaded
Client 81 trained
Client 81 uploaded
Client 40 trained
Client 40 uploaded
Client 37 trained
Client 37 uploaded
Client 83 trained
Client 83 uploaded
Client 4 trained
Client 4 uploaded
Client 96 trained
Client 96 uploaded
Client 15 trained
Client 15 uploaded
Epoch(t): 4 accuracy: 36.32 loss 1.6680190670490265 run_time: 145.17707800865173
FedDocs Algo: Group 5 is selected
| current_epoch 5 |. Begin client select
SchedulerThread schedule Group [ 5 ], select( 14 clients):
4 | 7 | 9 | 11 | 15 | 37 | 40 | 53 | 74 | 77 | 81 | 83 | 90 | 96 |
-----------------------------------------------------------------Schedule complete
Client 11 trained
Client 11 uploaded
Client 7 trained
Client 7 uploaded
Client 9 trained
Client 9 uploaded
Client 90 trained
Client 90 uploaded
Client 77 trained
Client 77 uploaded
Client 74 trained
Client 74 uploaded
Client 53 trained
Client 53 uploaded
Client 81 trained
Client 81 uploaded
Client 40 trained
Client 40 uploaded
Client 37 trained
Client 37 uploaded
Client 96 trained
Client 96 uploaded
Client 4 trained
Client 4 uploaded
Client 83 trained
Client 83 uploaded
Client 15 trained
Client 15 uploaded
Epoch(t): 5 accuracy: 40.81 loss 1.5774417066574096 run_time: 181.88581919670105
FedDocs Algo: Group 5 is selected
| current_epoch 6 |. Begin client select
SchedulerThread schedule Group [ 5 ], select( 14 clients):
4 | 7 | 9 | 11 | 15 | 37 | 40 | 53 | 74 | 77 | 81 | 83 | 90 | 96 |
-----------------------------------------------------------------Schedule complete
Client 11 trained
Client 11 uploaded
Client 7 trained
Client 7 uploaded
Client 74 trained
Client 74 uploaded
Client 90 trained
Client 90 uploaded
Client 9 trained
Client 9 uploaded
Client 77 trained
Client 77 uploaded
Client 53 trained
Client 53 uploaded
Client 81 trained
Client 81 uploaded
Client 37 trained
Client 37 uploaded
Client 40 trained
Client 40 uploaded
Client 83 trained
Client 83 uploaded
Client 4 trained
Client 4 uploaded
Client 96 trained
Client 96 uploaded
Client 15 trained
Client 15 uploaded
Epoch(t): 6 accuracy: 42.26 loss 1.5418210518360138 run_time: 218.62611889839172
FedDocs Algo: Group 3 is selected
| current_epoch 7 |. Begin client select
SchedulerThread schedule Group [ 3 ], select( 15 clients):
1 | 10 | 23 | 24 | 28 | 38 | 43 | 45 | 48 | 50 | 59 | 62 | 69 | 87 | 94 |
-----------------------------------------------------------------Schedule complete
Client 59 trained
Client 59 uploaded
Client 28 trained
Client 28 uploaded
Client 94 trained
Client 94 uploaded
Client 23 trained
Client 23 uploaded
Client 87 trained
Client 87 uploaded
Client 48 trained
Client 48 uploaded
Client 10 trained
Client 10 uploaded
Client 38 trained
Client 38 uploaded
Client 24 trained
Client 24 uploaded
Client 50 trained
Client 50 uploaded
Client 69 trained
Client 69 uploaded
Client 45 trained
Client 45 uploaded
Client 1 trained
Client 1 uploaded
Client 62 trained
Client 62 uploaded
Client 43 trained
Client 43 uploaded
Epoch(t): 7 accuracy: 45.95 loss 1.4598659253120423 run_time: 255.29333782196045
FedDocs Algo: Group 0 is selected
| current_epoch 8 |. Begin client select
SchedulerThread schedule Group [ 0 ], select( 13 clients):
2 | 3 | 29 | 47 | 52 | 54 | 56 | 66 | 67 | 68 | 70 | 84 | 86 |
-----------------------------------------------------------------Schedule complete
Client 86 trained
Client 86 uploaded
Client 47 trained
Client 47 uploaded
Client 29 trained
Client 29 uploaded
Client 52 trained
Client 52 uploaded
Client 54 trained
Client 54 uploaded
Client 2 trained
Client 2 uploaded
Client 70 trained
Client 70 uploaded
Client 3 trained
Client 3 uploaded
Client 56 trained
Client 56 uploaded
Client 68 trained
Client 68 uploaded
Client 66 trained
Client 66 uploaded
Client 67 trained
Client 67 uploaded
Client 84 trained
Client 84 uploaded
Epoch(t): 8 accuracy: 47.09 loss 1.4274487292766571 run_time: 286.7569761276245
FedDocs Algo: Group 4 is selected
| current_epoch 9 |. Begin client select
SchedulerThread schedule Group [ 4 ], select( 15 clients):
12 | 13 | 17 | 32 | 41 | 49 | 60 | 63 | 78 | 80 | 85 | 92 | 97 | 98 | 99 |
-----------------------------------------------------------------Schedule complete
Client 49 trained
Client 49 uploaded
Client 78 trained
Client 78 uploaded
Client 12 trained
Client 12 uploaded
Client 92 trained
Client 92 uploaded
Client 17 trained
Client 17 uploaded
Client 98 trained
Client 98 uploaded
Client 99 trained
Client 99 uploaded
Client 41 trained
Client 41 uploaded
Client 13 trained
Client 13 uploaded
Client 97 trained
Client 97 uploaded
Client 63 trained
Client 63 uploaded
Client 85 trained
Client 85 uploaded
Client 60 trained
Client 60 uploaded
Client 80 trained
Client 80 uploaded
Client 32 trained
Client 32 uploaded
Epoch(t): 9 accuracy: 48.11 loss 1.4179042983055115 run_time: 316.669203042984
FedDocs Algo: Group 5 is selected
| current_epoch 10 |. Begin client select
SchedulerThread schedule Group [ 5 ], select( 14 clients):
4 | 7 | 9 | 11 | 15 | 37 | 40 | 53 | 74 | 77 | 81 | 83 | 90 | 96 |
-----------------------------------------------------------------Schedule complete
Client 7 trained
Client 7 uploaded
Client 11 trained
Client 11 uploaded
Client 9 trained
Client 9 uploaded
Client 90 trained
Client 90 uploaded
Client 77 trained
Client 77 uploaded
Client 74 trained
Client 74 uploaded
Client 53 trained
Client 53 uploaded
Client 81 trained
Client 81 uploaded
Client 37 trained
Client 37 uploaded
Client 40 trained
Client 40 uploaded
Client 4 trained
Client 4 uploaded
Client 83 trained
Client 83 uploaded
Client 96 trained
Client 96 uploaded
Client 15 trained
Client 15 uploaded
Epoch(t): 10 accuracy: 49.28 loss 1.383384985923767 run_time: 352.7834265232086
FedDocs Algo: Group 5 is selected
| current_epoch 11 |. Begin client select
SchedulerThread schedule Group [ 5 ], select( 14 clients):
4 | 7 | 9 | 11 | 15 | 37 | 40 | 53 | 74 | 77 | 81 | 83 | 90 | 96 |
-----------------------------------------------------------------Schedule complete
Client 7 trained
Client 7 uploaded
Client 11 trained
Client 11 uploaded
Client 9 trained
Client 9 uploaded
Client 90 trained
Client 90 uploaded
Client 77 trained
Client 77 uploaded
Client 74 trained
Client 74 uploaded
Client 53 trained
Client 53 uploaded
Client 81 trained
Client 81 uploaded
Client 40 trained
Client 40 uploaded
Client 37 trained
Client 37 uploaded
Client 4 trained
Client 4 uploaded
Client 96 trained
Client 96 uploaded
Client 83 trained
Client 83 uploaded
Client 15 trained
Client 15 uploaded
Epoch(t): 11 accuracy: 49.17 loss 1.392191494703293 run_time: 388.9429862499237
FedDocs Algo: Group 5 is selected
| current_epoch 12 |. Begin client select
SchedulerThread schedule Group [ 5 ], select( 14 clients):
4 | 7 | 9 | 11 | 15 | 37 | 40 | 53 | 74 | 77 | 81 | 83 | 90 | 96 |
-----------------------------------------------------------------Schedule complete
Client 7 trained
Client 7 uploaded
Client 11 trained
Client 11 uploaded
Client 9 trained
Client 9 uploaded
Client 90 trained
Client 90 uploaded
Client 74 trained
Client 74 uploaded
Client 53 trained
Client 53 uploaded
Client 77 trained
Client 77 uploaded
Client 81 trained
Client 81 uploaded
Client 40 trained
Client 40 uploaded
Client 37 trained
Client 37 uploaded
Client 4 trained
Client 4 uploaded
Client 83 trained
Client 83 uploaded
Client 96 trained
Client 96 uploaded
Client 15 trained
Client 15 uploaded
Epoch(t): 12 accuracy: 49.52 loss 1.3848705720901489 run_time: 426.03186988830566
FedDocs Algo: Group 5 is selected
| current_epoch 13 |. Begin client select
SchedulerThread schedule Group [ 5 ], select( 14 clients):
4 | 7 | 9 | 11 | 15 | 37 | 40 | 53 | 74 | 77 | 81 | 83 | 90 | 96 |
-----------------------------------------------------------------Schedule complete
Client 7 trained
Client 7 uploaded
Client 11 trained
Client 11 uploaded
Client 9 trained
Client 9 uploaded
Client 90 trained
Client 90 uploaded
Client 74 trained
Client 74 uploaded
Client 77 trained
Client 77 uploaded
Client 53 trained
Client 53 uploaded
Client 81 trained
Client 81 uploaded
Client 37 trained
Client 37 uploaded
Client 40 trained
Client 40 uploaded
Client 96 trained
Client 96 uploaded
Client 4 trained
Client 4 uploaded
Client 83 trained
Client 83 uploaded
Client 15 trained
Client 15 uploaded
Epoch(t): 13 accuracy: 51.11 loss 1.3541995942592622 run_time: 463.52346324920654
FedDocs Algo: Group 3 is selected
| current_epoch 14 |. Begin client select
SchedulerThread schedule Group [ 3 ], select( 15 clients):
1 | 10 | 23 | 24 | 28 | 38 | 43 | 45 | 48 | 50 | 59 | 62 | 69 | 87 | 94 |
-----------------------------------------------------------------Schedule complete
Client 59 trained
Client 59 uploaded
Client 28 trained
Client 28 uploaded
Client 94 trained
Client 94 uploaded
Client 87 trained
Client 87 uploaded
Client 23 trained
Client 23 uploaded
Client 48 trained
Client 48 uploaded
Client 10 trained
Client 10 uploaded
Client 38 trained
Client 38 uploaded
Client 24 trained
Client 24 uploaded
Client 50 trained
Client 50 uploaded
Client 69 trained
Client 69 uploaded
Client 45 trained
Client 45 uploaded
Client 1 trained
Client 1 uploaded
Client 62 trained
Client 62 uploaded
Client 43 trained
Client 43 uploaded
Epoch(t): 14 accuracy: 52.75 loss 1.2853571408987046 run_time: 500.6040825843811
FedDocs Algo: Group 5 is selected
| current_epoch 15 |. Begin client select
SchedulerThread schedule Group [ 5 ], select( 14 clients):
4 | 7 | 9 | 11 | 15 | 37 | 40 | 53 | 74 | 77 | 81 | 83 | 90 | 96 |
-----------------------------------------------------------------Schedule complete
Client 7 trained
Client 7 uploaded
Client 11 trained
Client 11 uploaded
Client 9 trained
Client 9 uploaded
Client 90 trained
Client 90 uploaded
Client 77 trained
Client 77 uploaded
Client 74 trained
Client 74 uploaded
Client 53 trained
Client 53 uploaded
Client 81 trained
Client 81 uploaded
Client 37 trained
Client 37 uploaded
Client 40 trained
Client 40 uploaded
Client 4 trained
Client 4 uploaded
Client 83 trained
Client 83 uploaded
Client 96 trained
Client 96 uploaded
Client 15 trained
Client 15 uploaded
Epoch(t): 15 accuracy: 52.64 loss 1.3069508576393127 run_time: 537.6092050075531
FedDocs Algo: Group 5 is selected
| current_epoch 16 |. Begin client select
SchedulerThread schedule Group [ 5 ], select( 14 clients):
4 | 7 | 9 | 11 | 15 | 37 | 40 | 53 | 74 | 77 | 81 | 83 | 90 | 96 |
-----------------------------------------------------------------Schedule complete
Client 7 trained
Client 7 uploaded
Client 11 trained
Client 11 uploaded
Client 9 trained
Client 9 uploaded
Client 90 trained
Client 90 uploaded
Client 77 trained
Client 77 uploaded
Client 74 trained
Client 74 uploaded
Client 53 trained
Client 53 uploaded
Client 81 trained
Client 81 uploaded
Client 40 trained
Client 40 uploaded
Client 37 trained
Client 37 uploaded
Client 83 trained
Client 83 uploaded
Client 4 trained
Client 4 uploaded
Client 96 trained
Client 96 uploaded
Client 15 trained
Client 15 uploaded
Epoch(t): 16 accuracy: 52.8 loss 1.3196751523017882 run_time: 577.8777070045471
FedDocs Algo: Group 6 is selected
| current_epoch 17 |. Begin client select
SchedulerThread schedule Group [ 6 ], select( 13 clients):
0 | 6 | 14 | 25 | 30 | 39 | 57 | 65 | 71 | 73 | 79 | 82 | 88 |
-----------------------------------------------------------------Schedule complete
Client 39 trained
Client 39 uploaded
Client 57 trained
Client 57 uploaded
Client 30 trained
Client 30 uploaded
Client 88 trained
Client 88 uploaded
Client 79 trained
Client 79 uploaded
Client 71 trained
Client 71 uploaded
Client 14 trained
Client 14 uploaded
Client 0 trained
Client 0 uploaded
Client 82 trained
Client 82 uploaded
Client 65 trained
Client 65 uploaded
Client 73 trained
Client 73 uploaded
Client 6 trained
Client 6 uploaded
Client 25 trained
Client 25 uploaded
Epoch(t): 17 accuracy: 54.96 loss 1.2514679205417634 run_time: 607.4886918067932
FedDocs Algo: Group 3 is selected
| current_epoch 18 |. Begin client select
SchedulerThread schedule Group [ 3 ], select( 15 clients):
1 | 10 | 23 | 24 | 28 | 38 | 43 | 45 | 48 | 50 | 59 | 62 | 69 | 87 | 94 |
-----------------------------------------------------------------Schedule complete
Client 59 trained
Client 59 uploaded
Client 28 trained
Client 28 uploaded
Client 94 trained
Client 94 uploaded
Client 87 trained
Client 87 uploaded
Client 23 trained
Client 23 uploaded
Client 48 trained
Client 48 uploaded
Client 10 trained
Client 10 uploaded
Client 38 trained
Client 38 uploaded
Client 50 trained
Client 50 uploaded
Client 24 trained
Client 24 uploaded
Client 69 trained
Client 69 uploaded
Client 45 trained
Client 45 uploaded
Client 1 trained
Client 1 uploaded
Client 62 trained
Client 62 uploaded
Client 43 trained
Client 43 uploaded
Epoch(t): 18 accuracy: 55.8 loss 1.2166174864768982 run_time: 648.5620291233063
FedDocs Algo: Group 1 is selected
| current_epoch 19 |. Begin client select
SchedulerThread schedule Group [ 1 ], select( 15 clients):
5 | 20 | 22 | 26 | 31 | 33 | 35 | 36 | 44 | 46 | 61 | 72 | 89 | 91 | 95 |
-----------------------------------------------------------------Schedule complete
Client 95 trained
Client 95 uploaded
Client 5 trained
Client 5 uploaded
Client 61 trained
Client 61 uploaded
Client 91 trained
Client 91 uploaded
Client 44 trained
Client 44 uploaded
Client 20 trained
Client 20 uploaded
Client 22 trained
Client 22 uploaded
Client 31 trained
Client 31 uploaded
Client 33 trained
Client 33 uploaded
Client 72 trained
Client 72 uploaded
Client 36 trained
Client 36 uploaded
Client 26 trained
Client 26 uploaded
Client 89 trained
Client 89 uploaded
Client 35 trained
Client 35 uploaded
Client 46 trained
Client 46 uploaded
Epoch(t): 19 accuracy: 57.47 loss 1.1841818106174469 run_time: 689.8901805877686
FedDocs Algo: Group 6 is selected
| current_epoch 20 |. Begin client select
SchedulerThread schedule Group [ 6 ], select( 13 clients):
0 | 6 | 14 | 25 | 30 | 39 | 57 | 65 | 71 | 73 | 79 | 82 | 88 |
-----------------------------------------------------------------Schedule complete
Client 39 trained
Client 39 uploaded
Client 57 trained
Client 57 uploaded
Client 30 trained
Client 30 uploaded
Client 79 trained
Client 79 uploaded
Client 88 trained
Client 88 uploaded
Client 71 trained
Client 71 uploaded
Client 14 trained
Client 14 uploaded
Client 0 trained
Client 0 uploaded
Client 82 trained
Client 82 uploaded
Client 65 trained
Client 65 uploaded
Client 6 trained
Client 6 uploaded
Client 73 trained
Client 73 uploaded
Client 25 trained
Client 25 uploaded
Epoch(t): 20 accuracy: 57.15 loss 1.1989170801639557 run_time: 719.5289869308472
FedDocs Algo: Group 0 is selected
| current_epoch 21 |. Begin client select
SchedulerThread schedule Group [ 0 ], select( 13 clients):
2 | 3 | 29 | 47 | 52 | 54 | 56 | 66 | 67 | 68 | 70 | 84 | 86 |
-----------------------------------------------------------------Schedule complete
Client 86 trained
Client 86 uploaded
Client 47 trained
Client 47 uploaded
Client 29 trained
Client 29 uploaded
Client 52 trained
Client 52 uploaded
Client 54 trained
Client 54 uploaded
Client 2 trained
Client 2 uploaded
Client 70 trained
Client 70 uploaded
Client 3 trained
Client 3 uploaded
Client 56 trained
Client 56 uploaded
Client 68 trained
Client 68 uploaded
Client 66 trained
Client 66 uploaded
Client 84 trained
Client 84 uploaded
Client 67 trained
Client 67 uploaded
Epoch(t): 21 accuracy: 57.39 loss 1.1781458741426467 run_time: 752.1003448963165
FedDocs Algo: Group 2 is selected
| current_epoch 22 |. Begin client select
SchedulerThread schedule Group [ 2 ], select( 15 clients):
8 | 16 | 18 | 19 | 21 | 27 | 34 | 42 | 51 | 55 | 58 | 64 | 75 | 76 | 93 |
-----------------------------------------------------------------Schedule complete
Client 18 trained
Client 18 uploaded
Client 16 trained
Client 16 uploaded
Client 51 trained
Client 51 uploaded
Client 27 trained
Client 27 uploaded
Client 21 trained
Client 21 uploaded
Client 19 trained
Client 19 uploaded
Client 55 trained
Client 55 uploaded
Client 75 trained
Client 75 uploaded
Client 64 trained
Client 64 uploaded
Client 42 trained
Client 42 uploaded
Client 8 trained
Client 8 uploaded
Client 34 trained
Client 34 uploaded
Client 76 trained
Client 76 uploaded
Client 58 trained
Client 58 uploaded
Client 93 trained
Client 93 uploaded
Epoch(t): 22 accuracy: 58.92 loss 1.1657802683115006 run_time: 793.6045503616333
FedDocs Algo: Group 5 is selected
| current_epoch 23 |. Begin client select
SchedulerThread schedule Group [ 5 ], select( 14 clients):
4 | 7 | 9 | 11 | 15 | 37 | 40 | 53 | 74 | 77 | 81 | 83 | 90 | 96 |
-----------------------------------------------------------------Schedule complete
Client 11 trained
Client 11 uploaded
Client 7 trained
Client 7 uploaded
Client 9 trained
Client 9 uploaded
Client 90 trained
Client 90 uploaded
Client 77 trained
Client 77 uploaded
Client 74 trained
Client 74 uploaded
Client 53 trained
Client 53 uploaded
Client 81 trained
Client 81 uploaded
Client 37 trained
Client 37 uploaded
Client 40 trained
Client 40 uploaded
Client 4 trained
Client 4 uploaded
Client 83 trained
Client 83 uploaded
Client 15 trained
Client 15 uploaded
Client 96 trained
Client 96 uploaded
Epoch(t): 23 accuracy: 58.39 loss 1.1663040333986283 run_time: 834.6636590957642
FedDocs Algo: Group 5 is selected
| current_epoch 24 |. Begin client select
SchedulerThread schedule Group [ 5 ], select( 14 clients):
4 | 7 | 9 | 11 | 15 | 37 | 40 | 53 | 74 | 77 | 81 | 83 | 90 | 96 |
-----------------------------------------------------------------Schedule complete
Client 11 trained
Client 11 uploaded
Client 7 trained
Client 7 uploaded
Client 9 trained
Client 9 uploaded
Client 90 trained
Client 90 uploaded
Client 77 trained
Client 77 uploaded
Client 74 trained
Client 74 uploaded
Client 53 trained
Client 53 uploaded
Client 81 trained
Client 81 uploaded
Client 40 trained
Client 40 uploaded
Client 37 trained
Client 37 uploaded
Client 83 trained
Client 83 uploaded
Client 4 trained
Client 4 uploaded
Client 96 trained
Client 96 uploaded
Client 15 trained
Client 15 uploaded
Epoch(t): 24 accuracy: 58.47 loss 1.1800266176462173 run_time: 873.816486120224
FedDocs Algo: Group 5 is selected
| current_epoch 25 |. Begin client select
SchedulerThread schedule Group [ 5 ], select( 14 clients):
4 | 7 | 9 | 11 | 15 | 37 | 40 | 53 | 74 | 77 | 81 | 83 | 90 | 96 |
-----------------------------------------------------------------Schedule complete
Client 7 trained
Client 7 uploaded
Client 11 trained
Client 11 uploaded
Client 9 trained
Client 9 uploaded
Client 90 trained
Client 90 uploaded
Client 74 trained
Client 74 uploaded
Client 77 trained
Client 77 uploaded
Client 53 trained
Client 53 uploaded
Client 81 trained
Client 81 uploaded
Client 37 trained
Client 37 uploaded
Client 40 trained
Client 40 uploaded
Client 83 trained
Client 83 uploaded
Client 96 trained
Client 96 uploaded
Client 15 trained
Client 15 uploaded
Client 4 trained
Client 4 uploaded
Epoch(t): 25 accuracy: 58.67 loss 1.1807811498641967 run_time: 912.3991079330444
FedDocs Algo: Group 5 is selected
| current_epoch 26 |. Begin client select
SchedulerThread schedule Group [ 5 ], select( 14 clients):
4 | 7 | 9 | 11 | 15 | 37 | 40 | 53 | 74 | 77 | 81 | 83 | 90 | 96 |
-----------------------------------------------------------------Schedule complete
Client 11 trained
Client 11 uploaded
Client 7 trained
Client 7 uploaded
Client 9 trained
Client 9 uploaded
Client 90 trained
Client 90 uploaded
Client 77 trained
Client 77 uploaded
Client 74 trained
Client 74 uploaded
Client 53 trained
Client 53 uploaded
Client 81 trained
Client 81 uploaded
Client 40 trained
Client 40 uploaded
Client 37 trained
Client 37 uploaded
Client 96 trained
Client 96 uploaded
Client 83 trained
Client 83 uploaded
Client 4 trained
Client 4 uploaded
Client 15 trained
Client 15 uploaded
Epoch(t): 26 accuracy: 58.37 loss 1.1944604581594467 run_time: 951.57080078125
FedDocs Algo: Group 5 is selected
| current_epoch 27 |. Begin client select
SchedulerThread schedule Group [ 5 ], select( 14 clients):
4 | 7 | 9 | 11 | 15 | 37 | 40 | 53 | 74 | 77 | 81 | 83 | 90 | 96 |
-----------------------------------------------------------------Schedule complete
Client 7 trained
Client 7 uploaded
Client 11 trained
Client 11 uploaded
Client 9 trained
Client 9 uploaded
Client 90 trained
Client 90 uploaded
Client 74 trained
Client 74 uploaded
Client 53 trained
Client 53 uploaded
Client 77 trained
Client 77 uploaded
Client 81 trained
Client 81 uploaded
Client 40 trained
Client 40 uploaded
Client 37 trained
Client 37 uploaded
Client 4 trained
Client 4 uploaded
Client 96 trained
Client 96 uploaded
Client 15 trained
Client 15 uploaded
Client 83 trained
Client 83 uploaded
Epoch(t): 27 accuracy: 58.92 loss 1.179157119989395 run_time: 990.1557321548462
FedDocs Algo: Group 5 is selected
| current_epoch 28 |. Begin client select
SchedulerThread schedule Group [ 5 ], select( 14 clients):
4 | 7 | 9 | 11 | 15 | 37 | 40 | 53 | 74 | 77 | 81 | 83 | 90 | 96 |
-----------------------------------------------------------------Schedule complete
Client 7 trained
Client 7 uploaded
Client 11 trained
Client 11 uploaded
Client 9 trained
Client 9 uploaded
Client 90 trained
Client 90 uploaded
Client 74 trained
Client 74 uploaded
Client 77 trained
Client 77 uploaded
Client 53 trained
Client 53 uploaded
Client 81 trained
Client 81 uploaded
Client 40 trained
Client 40 uploaded
Client 37 trained
Client 37 uploaded
Client 4 trained
Client 4 uploaded
Client 96 trained
Client 96 uploaded
Client 83 trained
Client 83 uploaded
Client 15 trained
Client 15 uploaded
Epoch(t): 28 accuracy: 59.4 loss 1.1898848879337312 run_time: 1029.9829001426697
FedDocs Algo: Group 4 is selected
| current_epoch 29 |. Begin client select
SchedulerThread schedule Group [ 4 ], select( 15 clients):
12 | 13 | 17 | 32 | 41 | 49 | 60 | 63 | 78 | 80 | 85 | 92 | 97 | 98 | 99 |
-----------------------------------------------------------------Schedule complete
Client 49 trained
Client 49 uploaded
Client 78 trained
Client 78 uploaded
Client 17 trained
Client 17 uploaded
Client 99 trained
Client 99 uploaded
Client 12 trained
Client 12 uploaded
Client 92 trained
Client 92 uploaded
Client 13 trained
Client 13 uploaded
Client 41 trained
Client 41 uploaded
Client 98 trained
Client 98 uploaded
Client 97 trained
Client 97 uploaded
Client 63 trained
Client 63 uploaded
Client 85 trained
Client 85 uploaded
Client 60 trained
Client 60 uploaded
Client 80 trained
Client 80 uploaded
Client 32 trained
Client 32 uploaded
Epoch(t): 29 accuracy: 60.08 loss 1.1557176744937896 run_time: 1063.6000809669495
FedDocs Algo: Group 5 is selected
| current_epoch 30 |. Begin client select
SchedulerThread schedule Group [ 5 ], select( 14 clients):
4 | 7 | 9 | 11 | 15 | 37 | 40 | 53 | 74 | 77 | 81 | 83 | 90 | 96 |
-----------------------------------------------------------------Schedule complete
Client 7 trained
Client 7 uploaded
Client 11 trained
Client 11 uploaded
Client 9 trained
Client 9 uploaded
Client 90 trained
Client 90 uploaded
Client 77 trained
Client 77 uploaded
Client 74 trained
Client 74 uploaded
Client 53 trained
Client 53 uploaded
Client 81 trained
Client 81 uploaded
Client 37 trained
Client 37 uploaded
Client 40 trained
Client 40 uploaded
Client 96 trained
Client 96 uploaded
Client 4 trained
Client 4 uploaded
Client 83 trained
Client 83 uploaded
Client 15 trained
Client 15 uploaded
Epoch(t): 30 accuracy: 59.84 loss 1.1605973035097121 run_time: 1103.122056722641
FedDocs Algo: Group 5 is selected
| current_epoch 31 |. Begin client select
SchedulerThread schedule Group [ 5 ], select( 14 clients):
4 | 7 | 9 | 11 | 15 | 37 | 40 | 53 | 74 | 77 | 81 | 83 | 90 | 96 |
-----------------------------------------------------------------Schedule complete
Client 11 trained
Client 11 uploaded
Client 7 trained
Client 7 uploaded
Client 9 trained
Client 9 uploaded
Client 90 trained
Client 90 uploaded
Client 74 trained
Client 74 uploaded
Client 77 trained
Client 77 uploaded
Client 53 trained
Client 53 uploaded
Client 81 trained
Client 81 uploaded
Client 37 trained
Client 37 uploaded
Client 40 trained
Client 40 uploaded
Client 83 trained
Client 83 uploaded
Client 96 trained
Client 96 uploaded
Client 4 trained
Client 4 uploaded
Client 15 trained
Client 15 uploaded
Epoch(t): 31 accuracy: 60.06 loss 1.1787932032346726 run_time: 1143.8273994922638
FedDocs Algo: Group 5 is selected
| current_epoch 32 |. Begin client select
SchedulerThread schedule Group [ 5 ], select( 14 clients):
4 | 7 | 9 | 11 | 15 | 37 | 40 | 53 | 74 | 77 | 81 | 83 | 90 | 96 |
-----------------------------------------------------------------Schedule complete
Client 11 trained
Client 11 uploaded
Client 7 trained
Client 7 uploaded
Client 9 trained
Client 9 uploaded
Client 90 trained
Client 90 uploaded
Client 77 trained
Client 77 uploaded
Client 74 trained
Client 74 uploaded
Client 53 trained
Client 53 uploaded
Client 81 trained
Client 81 uploaded
Client 37 trained
Client 37 uploaded
Client 40 trained
Client 40 uploaded
Client 83 trained
Client 83 uploaded
Client 96 trained
Client 96 uploaded
Client 4 trained
Client 4 uploaded
Client 15 trained
Client 15 uploaded
Epoch(t): 32 accuracy: 59.6 loss 1.1796481275558472 run_time: 1184.0336291790009
FedDocs Algo: Group 5 is selected
| current_epoch 33 |. Begin client select
SchedulerThread schedule Group [ 5 ], select( 14 clients):
4 | 7 | 9 | 11 | 15 | 37 | 40 | 53 | 74 | 77 | 81 | 83 | 90 | 96 |
-----------------------------------------------------------------Schedule complete
Client 11 trained
Client 11 uploaded
Client 7 trained
Client 7 uploaded
Client 9 trained
Client 9 uploaded
Client 90 trained
Client 90 uploaded
Client 77 trained
Client 77 uploaded
Client 74 trained
Client 74 uploaded
Client 53 trained
Client 53 uploaded
Client 81 trained
Client 81 uploaded
Client 37 trained
Client 37 uploaded
Client 40 trained
Client 40 uploaded
Client 96 trained
Client 96 uploaded
Client 4 trained
Client 4 uploaded
Client 83 trained
Client 83 uploaded
Client 15 trained
Client 15 uploaded
Epoch(t): 33 accuracy: 59.84 loss 1.1825037902593614 run_time: 1224.0093142986298
FedDocs Algo: Group 5 is selected
| current_epoch 34 |. Begin client select
SchedulerThread schedule Group [ 5 ], select( 14 clients):
4 | 7 | 9 | 11 | 15 | 37 | 40 | 53 | 74 | 77 | 81 | 83 | 90 | 96 |
-----------------------------------------------------------------Schedule complete
Client 7 trained
Client 7 uploaded
Client 11 trained
Client 11 uploaded
Client 9 trained
Client 9 uploaded
Client 90 trained
Client 90 uploaded
Client 74 trained
Client 74 uploaded
Client 77 trained
Client 77 uploaded
Client 53 trained
Client 53 uploaded
Client 81 trained
Client 81 uploaded
Client 40 trained
Client 40 uploaded
Client 37 trained
Client 37 uploaded
Client 4 trained
Client 4 uploaded
Client 83 trained
Client 83 uploaded
Client 96 trained
Client 96 uploaded
Client 15 trained
Client 15 uploaded
Epoch(t): 34 accuracy: 60.71 loss 1.1813002240657806 run_time: 1263.6029031276703
FedDocs Algo: Group 1 is selected
| current_epoch 35 |. Begin client select
SchedulerThread schedule Group [ 1 ], select( 15 clients):
5 | 20 | 22 | 26 | 31 | 33 | 35 | 36 | 44 | 46 | 61 | 72 | 89 | 91 | 95 |
-----------------------------------------------------------------Schedule complete
Client 95 trained
Client 95 uploaded
Client 5 trained
Client 5 uploaded
Client 91 trained
Client 91 uploaded
Client 61 trained
Client 61 uploaded
Client 44 trained
Client 44 uploaded
Client 22 trained
Client 22 uploaded
Client 20 trained
Client 20 uploaded
Client 31 trained
Client 31 uploaded
Client 33 trained
Client 33 uploaded
Client 72 trained
Client 72 uploaded
Client 36 trained
Client 36 uploaded
Client 26 trained
Client 26 uploaded
Client 89 trained
Client 89 uploaded
Client 46 trained
Client 46 uploaded
Client 35 trained
Client 35 uploaded
Epoch(t): 35 accuracy: 62.02 loss 1.1036638563871384 run_time: 1305.817885875702
FedDocs Algo: Group 5 is selected
| current_epoch 36 |. Begin client select
SchedulerThread schedule Group [ 5 ], select( 14 clients):
4 | 7 | 9 | 11 | 15 | 37 | 40 | 53 | 74 | 77 | 81 | 83 | 90 | 96 |
-----------------------------------------------------------------Schedule complete
Client 7 trained
Client 7 uploaded
Client 11 trained
Client 11 uploaded
Client 9 trained
Client 9 uploaded
Client 90 trained
Client 90 uploaded
Client 74 trained
Client 74 uploaded
Client 77 trained
Client 77 uploaded
Client 53 trained
Client 53 uploaded
Client 81 trained
Client 81 uploaded
Client 40 trained
Client 40 uploaded
Client 37 trained
Client 37 uploaded
Client 96 trained
Client 96 uploaded
Client 4 trained
Client 4 uploaded
Client 83 trained
Client 83 uploaded
Client 15 trained
Client 15 uploaded
Epoch(t): 36 accuracy: 61.36 loss 1.1461337327957153 run_time: 1344.315141916275
FedDocs Algo: Group 5 is selected
| current_epoch 37 |. Begin client select
SchedulerThread schedule Group [ 5 ], select( 14 clients):
4 | 7 | 9 | 11 | 15 | 37 | 40 | 53 | 74 | 77 | 81 | 83 | 90 | 96 |
-----------------------------------------------------------------Schedule complete
Client 11 trained
Client 11 uploaded
Client 7 trained
Client 7 uploaded
Client 9 trained
Client 9 uploaded
Client 90 trained
Client 90 uploaded
Client 77 trained
Client 77 uploaded
Client 74 trained
Client 74 uploaded
Client 53 trained
Client 53 uploaded
Client 81 trained
Client 81 uploaded
Client 40 trained
Client 40 uploaded
Client 37 trained
Client 37 uploaded
Client 4 trained
Client 4 uploaded
Client 83 trained
Client 83 uploaded
Client 15 trained
Client 15 uploaded
Client 96 trained
Client 96 uploaded
Epoch(t): 37 accuracy: 60.65 loss 1.176177659034729 run_time: 1384.481913805008
FedDocs Algo: Group 5 is selected
| current_epoch 38 |. Begin client select
SchedulerThread schedule Group [ 5 ], select( 14 clients):
4 | 7 | 9 | 11 | 15 | 37 | 40 | 53 | 74 | 77 | 81 | 83 | 90 | 96 |
-----------------------------------------------------------------Schedule complete
Client 11 trained
Client 11 uploaded
Client 7 trained
Client 7 uploaded
Client 9 trained
Client 9 uploaded
Client 90 trained
Client 90 uploaded
Client 77 trained
Client 77 uploaded
Client 74 trained
Client 74 uploaded
Client 53 trained
Client 53 uploaded
Client 40 trained
Client 40 uploaded
Client 81 trained
Client 81 uploaded
Client 37 trained
Client 37 uploaded
Client 4 trained
Client 4 uploaded
Client 83 trained
Client 83 uploaded
Client 96 trained
Client 96 uploaded
Client 15 trained
Client 15 uploaded
Epoch(t): 38 accuracy: 60.92 loss 1.1720489239692689 run_time: 1424.0397288799286
FedDocs Algo: Group 5 is selected
| current_epoch 39 |. Begin client select
SchedulerThread schedule Group [ 5 ], select( 14 clients):
4 | 7 | 9 | 11 | 15 | 37 | 40 | 53 | 74 | 77 | 81 | 83 | 90 | 96 |
-----------------------------------------------------------------Schedule complete
Client 7 trained
Client 7 uploaded
Client 11 trained
Client 11 uploaded
Client 9 trained
Client 9 uploaded
Client 90 trained
Client 90 uploaded
Client 77 trained
Client 77 uploaded
Client 74 trained
Client 74 uploaded
Client 53 trained
Client 53 uploaded
Client 81 trained
Client 81 uploaded
Client 40 trained
Client 40 uploaded
Client 37 trained
Client 37 uploaded
Client 4 trained
Client 4 uploaded
Client 83 trained
Client 83 uploaded
Client 96 trained
Client 96 uploaded
Client 15 trained
Client 15 uploaded
Epoch(t): 39 accuracy: 61.48 loss 1.1891834622621535 run_time: 1463.591999053955
FedDocs Algo: Group 3 is selected
| current_epoch 40 |. Begin client select
SchedulerThread schedule Group [ 3 ], select( 15 clients):
1 | 10 | 23 | 24 | 28 | 38 | 43 | 45 | 48 | 50 | 59 | 62 | 69 | 87 | 94 |
-----------------------------------------------------------------Schedule complete
Client 59 trained
Client 59 uploaded
Client 28 trained
Client 28 uploaded
Client 94 trained
Client 94 uploaded
Client 23 trained
Client 23 uploaded
Client 87 trained
Client 87 uploaded
Client 48 trained
Client 48 uploaded
Client 38 trained
Client 38 uploaded
Client 10 trained
Client 10 uploaded
Client 24 trained
Client 24 uploaded
Client 50 trained
Client 50 uploaded
Client 69 trained
Client 69 uploaded
Client 45 trained
Client 45 uploaded
Client 1 trained
Client 1 uploaded
Client 62 trained
Client 62 uploaded
Client 43 trained
Client 43 uploaded
Epoch(t): 40 accuracy: 62.81 loss 1.0866220849752426 run_time: 1502.6384489536285
FedDocs Algo: Group 5 is selected
| current_epoch 41 |. Begin client select
SchedulerThread schedule Group [ 5 ], select( 14 clients):
4 | 7 | 9 | 11 | 15 | 37 | 40 | 53 | 74 | 77 | 81 | 83 | 90 | 96 |
-----------------------------------------------------------------Schedule complete
Client 11 trained
Client 11 uploaded
Client 7 trained
Client 7 uploaded
Client 9 trained
Client 9 uploaded
Client 90 trained
Client 90 uploaded
Client 77 trained
Client 77 uploaded
Client 74 trained
Client 74 uploaded
Client 53 trained
Client 53 uploaded
Client 81 trained
Client 81 uploaded
Client 40 trained
Client 40 uploaded
Client 37 trained
Client 37 uploaded
Client 96 trained
Client 96 uploaded
Client 4 trained
Client 4 uploaded
Client 83 trained
Client 83 uploaded
Client 15 trained
Client 15 uploaded
Epoch(t): 41 accuracy: 62.13 loss 1.14949505507946 run_time: 1541.7948653697968
FedDocs Algo: Group 2 is selected
| current_epoch 42 |. Begin client select
SchedulerThread schedule Group [ 2 ], select( 15 clients):
8 | 16 | 18 | 19 | 21 | 27 | 34 | 42 | 51 | 55 | 58 | 64 | 75 | 76 | 93 |
-----------------------------------------------------------------Schedule complete
Client 18 trained
Client 18 uploaded
Client 51 trained
Client 51 uploaded
Client 16 trained
Client 16 uploaded
Client 27 trained
Client 27 uploaded
Client 21 trained
Client 21 uploaded
Client 19 trained
Client 19 uploaded
Client 55 trained
Client 55 uploaded
Client 64 trained
Client 64 uploaded
Client 75 trained
Client 75 uploaded
Client 42 trained
Client 42 uploaded
Client 8 trained
Client 8 uploaded
Client 34 trained
Client 34 uploaded
Client 58 trained
Client 58 uploaded
Client 76 trained
Client 76 uploaded
Client 93 trained
Client 93 uploaded
Epoch(t): 42 accuracy: 63.15 loss 1.0670788186788558 run_time: 1581.7494368553162
FedDocs Algo: Group 5 is selected
| current_epoch 43 |. Begin client select
SchedulerThread schedule Group [ 5 ], select( 14 clients):
4 | 7 | 9 | 11 | 15 | 37 | 40 | 53 | 74 | 77 | 81 | 83 | 90 | 96 |
-----------------------------------------------------------------Schedule complete
Client 11 trained
Client 11 uploaded
Client 7 trained
Client 7 uploaded
Client 9 trained
Client 9 uploaded
Client 90 trained
Client 90 uploaded
Client 74 trained
Client 74 uploaded
Client 77 trained
Client 77 uploaded
Client 53 trained
Client 53 uploaded
Client 81 trained
Client 81 uploaded
Client 37 trained
Client 37 uploaded
Client 40 trained
Client 40 uploaded
Client 4 trained
Client 4 uploaded
Client 83 trained
Client 83 uploaded
Client 96 trained
Client 96 uploaded
Client 15 trained
Client 15 uploaded
Epoch(t): 43 accuracy: 62.97 loss 1.1239848744869232 run_time: 1622.3216536045074
FedDocs Algo: Group 5 is selected
| current_epoch 44 |. Begin client select
SchedulerThread schedule Group [ 5 ], select( 14 clients):
4 | 7 | 9 | 11 | 15 | 37 | 40 | 53 | 74 | 77 | 81 | 83 | 90 | 96 |
-----------------------------------------------------------------Schedule complete
Client 11 trained
Client 11 uploaded
Client 7 trained
Client 7 uploaded
Client 9 trained
Client 9 uploaded
Client 90 trained
Client 90 uploaded
Client 77 trained
Client 77 uploaded
Client 53 trained
Client 53 uploaded
Client 74 trained
Client 74 uploaded
Client 81 trained
Client 81 uploaded
Client 40 trained
Client 40 uploaded
Client 37 trained
Client 37 uploaded
Client 83 trained
Client 83 uploaded
Client 96 trained
Client 96 uploaded
Client 4 trained
Client 4 uploaded
Client 15 trained
Client 15 uploaded
Epoch(t): 44 accuracy: 61.86 loss 1.1654273164272309 run_time: 1661.9065172672272
FedDocs Algo: Group 5 is selected
| current_epoch 45 |. Begin client select
SchedulerThread schedule Group [ 5 ], select( 14 clients):
4 | 7 | 9 | 11 | 15 | 37 | 40 | 53 | 74 | 77 | 81 | 83 | 90 | 96 |
-----------------------------------------------------------------Schedule complete
Client 11 trained
Client 11 uploaded
Client 7 trained
Client 7 uploaded
Client 9 trained
Client 9 uploaded
Client 90 trained
Client 90 uploaded
Client 74 trained
Client 74 uploaded
Client 77 trained
Client 77 uploaded
Client 53 trained
Client 53 uploaded
Client 81 trained
Client 81 uploaded
Client 37 trained
Client 37 uploaded
Client 40 trained
Client 40 uploaded
Client 83 trained
Client 83 uploaded
Client 4 trained
Client 4 uploaded
Client 96 trained
Client 96 uploaded
Client 15 trained
Client 15 uploaded
Epoch(t): 45 accuracy: 62.5 loss 1.158531191945076 run_time: 1700.600442647934
FedDocs Algo: Group 5 is selected
| current_epoch 46 |. Begin client select
SchedulerThread schedule Group [ 5 ], select( 14 clients):
4 | 7 | 9 | 11 | 15 | 37 | 40 | 53 | 74 | 77 | 81 | 83 | 90 | 96 |
-----------------------------------------------------------------Schedule complete
Client 7 trained
Client 7 uploaded
Client 11 trained
Client 11 uploaded
Client 9 trained
Client 9 uploaded
Client 90 trained
Client 90 uploaded
Client 74 trained
Client 74 uploaded
Client 77 trained
Client 77 uploaded
Client 53 trained
Client 53 uploaded
Client 81 trained
Client 81 uploaded
Client 37 trained
Client 37 uploaded
Client 40 trained
Client 40 uploaded
Client 4 trained
Client 4 uploaded
Client 83 trained
Client 83 uploaded
Client 96 trained
Client 96 uploaded
Client 15 trained
Client 15 uploaded
Epoch(t): 46 accuracy: 61.69 loss 1.1917877900600433 run_time: 1739.310313463211
FedDocs Algo: Group 5 is selected
| current_epoch 47 |. Begin client select
SchedulerThread schedule Group [ 5 ], select( 14 clients):
4 | 7 | 9 | 11 | 15 | 37 | 40 | 53 | 74 | 77 | 81 | 83 | 90 | 96 |
-----------------------------------------------------------------Schedule complete
Client 7 trained
Client 7 uploaded
Client 11 trained
Client 11 uploaded
Client 9 trained
Client 9 uploaded
Client 90 trained
Client 90 uploaded
Client 74 trained
Client 74 uploaded
Client 77 trained
Client 77 uploaded
Client 53 trained
Client 53 uploaded
Client 81 trained
Client 81 uploaded
Client 37 trained
Client 37 uploaded
Client 40 trained
Client 40 uploaded
Client 4 trained
Client 4 uploaded
Client 83 trained
Client 83 uploaded
Client 96 trained
Client 96 uploaded
Client 15 trained
Client 15 uploaded
Epoch(t): 47 accuracy: 61.9 loss 1.2016153472661972 run_time: 1780.0353753566742
FedDocs Algo: Group 3 is selected
| current_epoch 48 |. Begin client select
SchedulerThread schedule Group [ 3 ], select( 15 clients):
1 | 10 | 23 | 24 | 28 | 38 | 43 | 45 | 48 | 50 | 59 | 62 | 69 | 87 | 94 |
-----------------------------------------------------------------Schedule complete
Client 59 trained
Client 59 uploaded
Client 28 trained
Client 28 uploaded
Client 94 trained
Client 94 uploaded
Client 87 trained
Client 87 uploaded
Client 23 trained
Client 23 uploaded
Client 48 trained
Client 48 uploaded
Client 38 trained
Client 38 uploaded
Client 10 trained
Client 10 uploaded
Client 24 trained
Client 24 uploaded
Client 50 trained
Client 50 uploaded
Client 69 trained
Client 69 uploaded
Client 45 trained
Client 45 uploaded
Client 1 trained
Client 1 uploaded
Client 62 trained
Client 62 uploaded
Client 43 trained
Client 43 uploaded
Epoch(t): 48 accuracy: 63.76 loss 1.063928542137146 run_time: 1820.049931526184
FedDocs Algo: Group 5 is selected
| current_epoch 49 |. Begin client select
SchedulerThread schedule Group [ 5 ], select( 14 clients):
4 | 7 | 9 | 11 | 15 | 37 | 40 | 53 | 74 | 77 | 81 | 83 | 90 | 96 |
-----------------------------------------------------------------Schedule complete
Client 7 trained
Client 7 uploaded
Client 11 trained
Client 11 uploaded
Client 9 trained
Client 9 uploaded
Client 90 trained
Client 90 uploaded
Client 77 trained
Client 77 uploaded
Client 74 trained
Client 74 uploaded
Client 53 trained
Client 53 uploaded
Client 81 trained
Client 81 uploaded
Client 37 trained
Client 37 uploaded
Client 40 trained
Client 40 uploaded
Client 83 trained
Client 83 uploaded
Client 96 trained
Client 96 uploaded
Client 4 trained
Client 4 uploaded
Client 15 trained
Client 15 uploaded
Epoch(t): 49 accuracy: 63.01 loss 1.1715516614913941 run_time: 1860.3989880084991
FedDocs Algo: Group 5 is selected
| current_epoch 50 |. Begin client select
SchedulerThread schedule Group [ 5 ], select( 14 clients):
4 | 7 | 9 | 11 | 15 | 37 | 40 | 53 | 74 | 77 | 81 | 83 | 90 | 96 |
-----------------------------------------------------------------Schedule complete
Client 11 trained
Client 11 uploaded
Client 7 trained
Client 7 uploaded
Client 9 trained
Client 9 uploaded
Client 90 trained
Client 90 uploaded
Client 74 trained
Client 74 uploaded
Client 77 trained
Client 77 uploaded
Client 53 trained
Client 53 uploaded
Client 81 trained
Client 81 uploaded
Client 37 trained
Client 37 uploaded
Client 40 trained
Client 40 uploaded
Client 83 trained
Client 83 uploaded
Client 4 trained
Client 4 uploaded
Client 96 trained
Client 96 uploaded
Client 15 trained
Client 15 uploaded
Epoch(t): 50 accuracy: 63.19 loss 1.177835778594017 run_time: 1899.5840306282043
FedDocs Algo: Group 2 is selected
| current_epoch 51 |. Begin client select
SchedulerThread schedule Group [ 2 ], select( 15 clients):
8 | 16 | 18 | 19 | 21 | 27 | 34 | 42 | 51 | 55 | 58 | 64 | 75 | 76 | 93 |
-----------------------------------------------------------------Schedule complete
Client 18 trained
Client 18 uploaded
Client 51 trained
Client 51 uploaded
Client 16 trained
Client 16 uploaded
Client 27 trained
Client 27 uploaded
Client 21 trained
Client 21 uploaded
Client 19 trained
Client 19 uploaded
Client 55 trained
Client 55 uploaded
Client 75 trained
Client 75 uploaded
Client 64 trained
Client 64 uploaded
Client 42 trained
Client 42 uploaded
Client 8 trained
Client 8 uploaded
Client 34 trained
Client 34 uploaded
Client 58 trained
Client 58 uploaded
Client 76 trained
Client 76 uploaded
Client 93 trained
Client 93 uploaded
Epoch(t): 51 accuracy: 64.6 loss 1.055133389234543 run_time: 1939.5732395648956
FedDocs Algo: Group 5 is selected
| current_epoch 52 |. Begin client select
SchedulerThread schedule Group [ 5 ], select( 14 clients):
4 | 7 | 9 | 11 | 15 | 37 | 40 | 53 | 74 | 77 | 81 | 83 | 90 | 96 |
-----------------------------------------------------------------Schedule complete
Client 11 trained
Client 11 uploaded
Client 7 trained
Client 7 uploaded
Client 9 trained
Client 9 uploaded
Client 90 trained
Client 90 uploaded
Client 74 trained
Client 74 uploaded
Client 77 trained
Client 77 uploaded
Client 53 trained
Client 53 uploaded
Client 81 trained
Client 81 uploaded
Client 37 trained
Client 37 uploaded
Client 40 trained
Client 40 uploaded
Client 4 trained
Client 4 uploaded
Client 96 trained
Client 96 uploaded
Client 83 trained
Client 83 uploaded
Client 15 trained
Client 15 uploaded
Epoch(t): 52 accuracy: 63.83 loss 1.1367350029945373 run_time: 1978.7854659557343
FedDocs Algo: Group 5 is selected
| current_epoch 53 |. Begin client select
SchedulerThread schedule Group [ 5 ], select( 14 clients):
4 | 7 | 9 | 11 | 15 | 37 | 40 | 53 | 74 | 77 | 81 | 83 | 90 | 96 |
-----------------------------------------------------------------Schedule complete
Client 11 trained
Client 11 uploaded
Client 7 trained
Client 7 uploaded
Client 9 trained
Client 9 uploaded
Client 90 trained
Client 90 uploaded
Client 77 trained
Client 77 uploaded
Client 74 trained
Client 74 uploaded
Client 53 trained
Client 53 uploaded
Client 81 trained
Client 81 uploaded
Client 37 trained
Client 37 uploaded
Client 40 trained
Client 40 uploaded
Client 4 trained
Client 4 uploaded
Client 96 trained
Client 96 uploaded
Client 83 trained
Client 83 uploaded
Client 15 trained
Client 15 uploaded
Epoch(t): 53 accuracy: 63.45 loss 1.1628130394220353 run_time: 2018.6084866523743
FedDocs Algo: Group 0 is selected
| current_epoch 54 |. Begin client select
SchedulerThread schedule Group [ 0 ], select( 13 clients):
2 | 3 | 29 | 47 | 52 | 54 | 56 | 66 | 67 | 68 | 70 | 84 | 86 |
-----------------------------------------------------------------Schedule complete
Client 47 trained
Client 47 uploaded
Client 86 trained
Client 86 uploaded
Client 29 trained
Client 29 uploaded
Client 52 trained
Client 52 uploaded
Client 54 trained
Client 54 uploaded
Client 2 trained
Client 2 uploaded
Client 70 trained
Client 70 uploaded
Client 3 trained
Client 3 uploaded
Client 56 trained
Client 56 uploaded
Client 68 trained
Client 68 uploaded
Client 66 trained
Client 66 uploaded
Client 84 trained
Client 84 uploaded
Client 67 trained
Client 67 uploaded
Epoch(t): 54 accuracy: 64.2 loss 1.0749303430318833 run_time: 2051.369355916977
FedDocs Algo: Group 5 is selected
| current_epoch 55 |. Begin client select
SchedulerThread schedule Group [ 5 ], select( 14 clients):
4 | 7 | 9 | 11 | 15 | 37 | 40 | 53 | 74 | 77 | 81 | 83 | 90 | 96 |
-----------------------------------------------------------------Schedule complete
Client 11 trained
Client 11 uploaded
Client 7 trained
Client 7 uploaded
Client 9 trained
Client 9 uploaded
Client 90 trained
Client 90 uploaded
Client 74 trained
Client 74 uploaded
Client 77 trained
Client 77 uploaded
Client 53 trained
Client 53 uploaded
Client 81 trained
Client 81 uploaded
Client 37 trained
Client 37 uploaded
Client 40 trained
Client 40 uploaded
Client 96 trained
Client 96 uploaded
Client 4 trained
Client 4 uploaded
Client 83 trained
Client 83 uploaded
Client 15 trained
Client 15 uploaded
Epoch(t): 55 accuracy: 64.22 loss 1.1359364432096482 run_time: 2091.049595117569
FedDocs Algo: Group 0 is selected
| current_epoch 56 |. Begin client select
SchedulerThread schedule Group [ 0 ], select( 13 clients):
2 | 3 | 29 | 47 | 52 | 54 | 56 | 66 | 67 | 68 | 70 | 84 | 86 |
-----------------------------------------------------------------Schedule complete
Client 47 trained
Client 47 uploaded
Client 86 trained
Client 86 uploaded
Client 29 trained
Client 29 uploaded
Client 52 trained
Client 52 uploaded
Client 54 trained
Client 54 uploaded
Client 2 trained
Client 2 uploaded
Client 70 trained
Client 70 uploaded
Client 3 trained
Client 3 uploaded
Client 56 trained
Client 56 uploaded
Client 68 trained
Client 68 uploaded
Client 66 trained
Client 66 uploaded
Client 84 trained
Client 84 uploaded
Client 67 trained
Client 67 uploaded
Epoch(t): 56 accuracy: 65.22 loss 1.0531233912706375 run_time: 2124.713748216629
FedDocs Algo: Group 4 is selected
| current_epoch 57 |. Begin client select
SchedulerThread schedule Group [ 4 ], select( 15 clients):
12 | 13 | 17 | 32 | 41 | 49 | 60 | 63 | 78 | 80 | 85 | 92 | 97 | 98 | 99 |
-----------------------------------------------------------------Schedule complete
Client 49 trained
Client 49 uploaded
Client 78 trained
Client 78 uploaded
Client 12 trained
Client 12 uploaded
Client 99 trained
Client 99 uploaded
Client 17 trained
Client 17 uploaded
Client 92 trained
Client 92 uploaded
Client 41 trained
Client 41 uploaded
Client 13 trained
Client 13 uploaded
Client 98 trained
Client 98 uploaded
Client 97 trained
Client 97 uploaded
Client 63 trained
Client 63 uploaded
Client 85 trained
Client 85 uploaded
Client 60 trained
Client 60 uploaded
Client 80 trained
Client 80 uploaded
Client 32 trained
Client 32 uploaded
Epoch(t): 57 accuracy: 65.31 loss 1.0440640646219252 run_time: 2161.3823108673096
FedDocs Algo: Group 5 is selected
| current_epoch 58 |. Begin client select
SchedulerThread schedule Group [ 5 ], select( 14 clients):
4 | 7 | 9 | 11 | 15 | 37 | 40 | 53 | 74 | 77 | 81 | 83 | 90 | 96 |
-----------------------------------------------------------------Schedule complete
Client 7 trained
Client 7 uploaded
Client 11 trained
Client 11 uploaded
Client 9 trained
Client 9 uploaded
Client 90 trained
Client 90 uploaded
Client 77 trained
Client 77 uploaded
Client 74 trained
Client 74 uploaded
Client 53 trained
Client 53 uploaded
Client 81 trained
Client 81 uploaded
Client 37 trained
Client 37 uploaded
Client 40 trained
Client 40 uploaded
Client 83 trained
Client 83 uploaded
Client 4 trained
Client 4 uploaded
Client 96 trained
Client 96 uploaded
Client 15 trained
Client 15 uploaded
Epoch(t): 58 accuracy: 65.46 loss 1.0866652011871338 run_time: 2202.120322704315
FedDocs Algo: Group 5 is selected
| current_epoch 59 |. Begin client select
SchedulerThread schedule Group [ 5 ], select( 14 clients):
4 | 7 | 9 | 11 | 15 | 37 | 40 | 53 | 74 | 77 | 81 | 83 | 90 | 96 |
-----------------------------------------------------------------Schedule complete
Client 11 trained
Client 11 uploaded
Client 7 trained
Client 7 uploaded
Client 9 trained
Client 9 uploaded
Client 90 trained
Client 90 uploaded
Client 77 trained
Client 77 uploaded
Client 74 trained
Client 74 uploaded
Client 53 trained
Client 53 uploaded
Client 81 trained
Client 81 uploaded
Client 40 trained
Client 40 uploaded
Client 37 trained
Client 37 uploaded
Client 96 trained
Client 96 uploaded
Client 83 trained
Client 83 uploaded
Client 4 trained
Client 4 uploaded
Client 15 trained
Client 15 uploaded
Epoch(t): 59 accuracy: 65.06 loss 1.116279549598694 run_time: 2241.378291606903
FedDocs Algo: Group 5 is selected
| current_epoch 60 |. Begin client select
SchedulerThread schedule Group [ 5 ], select( 14 clients):
4 | 7 | 9 | 11 | 15 | 37 | 40 | 53 | 74 | 77 | 81 | 83 | 90 | 96 |
-----------------------------------------------------------------Schedule complete
Client 7 trained
Client 7 uploaded
Client 11 trained
Client 11 uploaded
Client 9 trained
Client 9 uploaded
Client 90 trained
Client 90 uploaded
Client 74 trained
Client 74 uploaded
Client 77 trained
Client 77 uploaded
Client 53 trained
Client 53 uploaded
Client 37 trained
Client 37 uploaded
Client 81 trained
Client 81 uploaded
Client 40 trained
Client 40 uploaded
Client 96 trained
Client 96 uploaded
Client 83 trained
Client 83 uploaded
Client 4 trained
Client 4 uploaded
Client 15 trained
Client 15 uploaded
Epoch(t): 60 accuracy: 64.69 loss 1.1241217243671418 run_time: 2281.6398351192474
FedDocs Algo: Group 2 is selected
| current_epoch 61 |. Begin client select
SchedulerThread schedule Group [ 2 ], select( 15 clients):
8 | 16 | 18 | 19 | 21 | 27 | 34 | 42 | 51 | 55 | 58 | 64 | 75 | 76 | 93 |
-----------------------------------------------------------------Schedule complete
Client 18 trained
Client 18 uploaded
Client 51 trained
Client 51 uploaded
Client 16 trained
Client 16 uploaded
Client 21 trained
Client 21 uploaded
Client 27 trained
Client 27 uploaded
Client 19 trained
Client 19 uploaded
Client 55 trained
Client 55 uploaded
Client 75 trained
Client 75 uploaded
Client 64 trained
Client 64 uploaded
Client 42 trained
Client 42 uploaded
Client 8 trained
Client 8 uploaded
Client 34 trained
Client 34 uploaded
Client 58 trained
Client 58 uploaded
Client 76 trained
Client 76 uploaded
Client 93 trained
Client 93 uploaded
Epoch(t): 61 accuracy: 66.08 loss 1.0356538474559784 run_time: 2322.181722164154
FedDocs Algo: Group 5 is selected
| current_epoch 62 |. Begin client select
SchedulerThread schedule Group [ 5 ], select( 14 clients):
4 | 7 | 9 | 11 | 15 | 37 | 40 | 53 | 74 | 77 | 81 | 83 | 90 | 96 |
-----------------------------------------------------------------Schedule complete
Client 11 trained
Client 11 uploaded
Client 7 trained
Client 7 uploaded
Client 9 trained
Client 9 uploaded
Client 90 trained
Client 90 uploaded
Client 77 trained
Client 77 uploaded
Client 74 trained
Client 74 uploaded
Client 53 trained
Client 53 uploaded
Client 81 trained
Client 81 uploaded
Client 40 trained
Client 40 uploaded
Client 37 trained
Client 37 uploaded
Client 96 trained
Client 96 uploaded
Client 15 trained
Client 15 uploaded
Client 4 trained
Client 4 uploaded
Client 83 trained
Client 83 uploaded
Epoch(t): 62 accuracy: 65.45 loss 1.10969380736351 run_time: 2362.501303434372
FedDocs Algo: Group 5 is selected
| current_epoch 63 |. Begin client select
SchedulerThread schedule Group [ 5 ], select( 14 clients):
4 | 7 | 9 | 11 | 15 | 37 | 40 | 53 | 74 | 77 | 81 | 83 | 90 | 96 |
-----------------------------------------------------------------Schedule complete
Client 11 trained
Client 11 uploaded
Client 7 trained
Client 7 uploaded
Client 9 trained
Client 9 uploaded
Client 90 trained
Client 90 uploaded
Client 74 trained
Client 74 uploaded
Client 77 trained
Client 77 uploaded
Client 53 trained
Client 53 uploaded
Client 81 trained
Client 81 uploaded
Client 40 trained
Client 40 uploaded
Client 37 trained
Client 37 uploaded
Client 83 trained
Client 83 uploaded
Client 4 trained
Client 4 uploaded
Client 96 trained
Client 96 uploaded
Client 15 trained
Client 15 uploaded
Epoch(t): 63 accuracy: 64.73 loss 1.1391030901670456 run_time: 2404.2266416549683
FedDocs Algo: Group 4 is selected
| current_epoch 64 |. Begin client select
SchedulerThread schedule Group [ 4 ], select( 15 clients):
12 | 13 | 17 | 32 | 41 | 49 | 60 | 63 | 78 | 80 | 85 | 92 | 97 | 98 | 99 |
-----------------------------------------------------------------Schedule complete
Client 49 trained
Client 49 uploaded
Client 78 trained
Client 78 uploaded
Client 12 trained
Client 12 uploaded
Client 17 trained
Client 17 uploaded
Client 99 trained
Client 99 uploaded
Client 92 trained
Client 92 uploaded
Client 41 trained
Client 41 uploaded
Client 98 trained
Client 98 uploaded
Client 13 trained
Client 13 uploaded
Client 97 trained
Client 97 uploaded
Client 63 trained
Client 63 uploaded
Client 85 trained
Client 85 uploaded
Client 60 trained
Client 60 uploaded
Client 80 trained
Client 80 uploaded
Client 32 trained
Client 32 uploaded
Epoch(t): 64 accuracy: 65.39 loss 1.0580491864681243 run_time: 2437.9106998443604
FedDocs Algo: Group 4 is selected
| current_epoch 65 |. Begin client select
SchedulerThread schedule Group [ 4 ], select( 15 clients):
12 | 13 | 17 | 32 | 41 | 49 | 60 | 63 | 78 | 80 | 85 | 92 | 97 | 98 | 99 |
-----------------------------------------------------------------Schedule complete
Client 49 trained
Client 49 uploaded
Client 78 trained
Client 78 uploaded
Client 17 trained
Client 17 uploaded
Client 12 trained
Client 12 uploaded
Client 92 trained
Client 92 uploaded
Client 99 trained
Client 99 uploaded
Client 41 trained
Client 41 uploaded
Client 98 trained
Client 98 uploaded
Client 13 trained
Client 13 uploaded
Client 97 trained
Client 97 uploaded
Client 85 trained
Client 85 uploaded
Client 63 trained
Client 63 uploaded
Client 60 trained
Client 60 uploaded
Client 80 trained
Client 80 uploaded
Client 32 trained
Client 32 uploaded
Epoch(t): 65 accuracy: 65.57 loss 1.0509293276071547 run_time: 2472.5115311145782
FedDocs Algo: Group 1 is selected
| current_epoch 66 |. Begin client select
SchedulerThread schedule Group [ 1 ], select( 15 clients):
5 | 20 | 22 | 26 | 31 | 33 | 35 | 36 | 44 | 46 | 61 | 72 | 89 | 91 | 95 |
-----------------------------------------------------------------Schedule complete
Client 95 trained
Client 95 uploaded
Client 5 trained
Client 5 uploaded
Client 61 trained
Client 61 uploaded
Client 91 trained
Client 91 uploaded
Client 20 trained
Client 20 uploaded
Client 44 trained
Client 44 uploaded
Client 22 trained
Client 22 uploaded
Client 31 trained
Client 31 uploaded
Client 72 trained
Client 72 uploaded
Client 33 trained
Client 33 uploaded
Client 26 trained
Client 26 uploaded
Client 36 trained
Client 36 uploaded
Client 89 trained
Client 89 uploaded
Client 46 trained
Client 46 uploaded
Client 35 trained
Client 35 uploaded
Epoch(t): 66 accuracy: 66.57 loss 0.9986552870273591 run_time: 2514.300768852234
FedDocs Algo: Group 5 is selected
| current_epoch 67 |. Begin client select
SchedulerThread schedule Group [ 5 ], select( 14 clients):
4 | 7 | 9 | 11 | 15 | 37 | 40 | 53 | 74 | 77 | 81 | 83 | 90 | 96 |
-----------------------------------------------------------------Schedule complete
Client 11 trained
Client 11 uploaded
Client 7 trained
Client 7 uploaded
Client 9 trained
Client 9 uploaded
Client 90 trained
Client 90 uploaded
Client 77 trained
Client 77 uploaded
Client 74 trained
Client 74 uploaded
Client 53 trained
Client 53 uploaded
Client 81 trained
Client 81 uploaded
Client 40 trained
Client 40 uploaded
Client 37 trained
Client 37 uploaded
Client 4 trained
Client 4 uploaded
Client 96 trained
Client 96 uploaded
Client 83 trained
Client 83 uploaded
Client 15 trained
Client 15 uploaded
Epoch(t): 67 accuracy: 66.35 loss 1.0665010285377503 run_time: 2554.8883440494537
FedDocs Algo: Group 3 is selected
| current_epoch 68 |. Begin client select
SchedulerThread schedule Group [ 3 ], select( 15 clients):
1 | 10 | 23 | 24 | 28 | 38 | 43 | 45 | 48 | 50 | 59 | 62 | 69 | 87 | 94 |
-----------------------------------------------------------------Schedule complete
Client 59 trained
Client 59 uploaded
Client 28 trained
Client 28 uploaded
Client 94 trained
Client 94 uploaded
Client 87 trained
Client 87 uploaded
Client 23 trained
Client 23 uploaded
Client 48 trained
Client 48 uploaded
Client 10 trained
Client 10 uploaded
Client 38 trained
Client 38 uploaded
Client 24 trained
Client 24 uploaded
Client 50 trained
Client 50 uploaded
Client 69 trained
Client 69 uploaded
Client 45 trained
Client 45 uploaded
Client 1 trained
Client 1 uploaded
Client 62 trained
Client 62 uploaded
Client 43 trained
Client 43 uploaded
Epoch(t): 68 accuracy: 67.16 loss 0.9860446375608444 run_time: 2596.957662820816
FedDocs Algo: Group 0 is selected
| current_epoch 69 |. Begin client select
SchedulerThread schedule Group [ 0 ], select( 13 clients):
2 | 3 | 29 | 47 | 52 | 54 | 56 | 66 | 67 | 68 | 70 | 84 | 86 |
-----------------------------------------------------------------Schedule complete
Client 86 trained
Client 86 uploaded
Client 47 trained
Client 47 uploaded
Client 29 trained
Client 29 uploaded
Client 52 trained
Client 52 uploaded
Client 54 trained
Client 54 uploaded
Client 2 trained
Client 2 uploaded
Client 70 trained
Client 70 uploaded
Client 3 trained
Client 3 uploaded
Client 56 trained
Client 56 uploaded
Client 68 trained
Client 68 uploaded
Client 66 trained
Client 66 uploaded
Client 84 trained
Client 84 uploaded
Client 67 trained
Client 67 uploaded
Epoch(t): 69 accuracy: 67.51 loss 0.9833007544279099 run_time: 2629.891168117523
FedDocs Algo: Group 5 is selected
| current_epoch 70 |. Begin client select
SchedulerThread schedule Group [ 5 ], select( 14 clients):
4 | 7 | 9 | 11 | 15 | 37 | 40 | 53 | 74 | 77 | 81 | 83 | 90 | 96 |
-----------------------------------------------------------------Schedule complete
Client 7 trained
Client 7 uploaded
Client 11 trained
Client 11 uploaded
Client 9 trained
Client 9 uploaded
Client 90 trained
Client 90 uploaded
Client 74 trained
Client 74 uploaded
Client 77 trained
Client 77 uploaded
Client 53 trained
Client 53 uploaded
Client 81 trained
Client 81 uploaded
Client 40 trained
Client 40 uploaded
Client 37 trained
Client 37 uploaded
Client 83 trained
Client 83 uploaded
Client 96 trained
Client 96 uploaded
Client 4 trained
Client 4 uploaded
Client 15 trained
Client 15 uploaded
Epoch(t): 70 accuracy: 67.11 loss 1.0445976078510284 run_time: 2667.053701877594
FedDocs Algo: Group 1 is selected
| current_epoch 71 |. Begin client select
SchedulerThread schedule Group [ 1 ], select( 15 clients):
5 | 20 | 22 | 26 | 31 | 33 | 35 | 36 | 44 | 46 | 61 | 72 | 89 | 91 | 95 |
-----------------------------------------------------------------Schedule complete
Client 95 trained
Client 95 uploaded
Client 5 trained
Client 5 uploaded
Client 91 trained
Client 91 uploaded
Client 61 trained
Client 61 uploaded
Client 44 trained
Client 44 uploaded
Client 20 trained
Client 20 uploaded
Client 22 trained
Client 22 uploaded
Client 31 trained
Client 31 uploaded
Client 72 trained
Client 72 uploaded
Client 33 trained
Client 33 uploaded
Client 26 trained
Client 26 uploaded
Client 36 trained
Client 36 uploaded
Client 89 trained
Client 89 uploaded
Client 35 trained
Client 35 uploaded
Client 46 trained
Client 46 uploaded
Epoch(t): 71 accuracy: 67.21 loss 0.9853015798330307 run_time: 2708.575861930847
FedDocs Algo: Group 5 is selected
| current_epoch 72 |. Begin client select
SchedulerThread schedule Group [ 5 ], select( 14 clients):
4 | 7 | 9 | 11 | 15 | 37 | 40 | 53 | 74 | 77 | 81 | 83 | 90 | 96 |
-----------------------------------------------------------------Schedule complete
Client 11 trained
Client 11 uploaded
Client 7 trained
Client 7 uploaded
Client 9 trained
Client 9 uploaded
Client 90 trained
Client 90 uploaded
Client 74 trained
Client 74 uploaded
Client 77 trained
Client 77 uploaded
Client 53 trained
Client 53 uploaded
Client 81 trained
Client 81 uploaded
Client 37 trained
Client 37 uploaded
Client 40 trained
Client 40 uploaded
Client 4 trained
Client 4 uploaded
Client 96 trained
Client 96 uploaded
Client 83 trained
Client 83 uploaded
Client 15 trained
Client 15 uploaded
Epoch(t): 72 accuracy: 66.62 loss 1.0726237773895264 run_time: 2747.6982259750366
FedDocs Algo: Group 0 is selected
| current_epoch 73 |. Begin client select
SchedulerThread schedule Group [ 0 ], select( 13 clients):
2 | 3 | 29 | 47 | 52 | 54 | 56 | 66 | 67 | 68 | 70 | 84 | 86 |
-----------------------------------------------------------------Schedule complete
Client 86 trained
Client 86 uploaded
Client 47 trained
Client 47 uploaded
Client 29 trained
Client 29 uploaded
Client 52 trained
Client 52 uploaded
Client 54 trained
Client 54 uploaded
Client 2 trained
Client 2 uploaded
Client 70 trained
Client 70 uploaded
Client 3 trained
Client 3 uploaded
Client 56 trained
Client 56 uploaded
Client 68 trained
Client 68 uploaded
Client 66 trained
Client 66 uploaded
Client 84 trained
Client 84 uploaded
Client 67 trained
Client 67 uploaded
Epoch(t): 73 accuracy: 66.98 loss 1.0123361080884934 run_time: 2781.839275121689
FedDocs Algo: Group 4 is selected
| current_epoch 74 |. Begin client select
SchedulerThread schedule Group [ 4 ], select( 15 clients):
12 | 13 | 17 | 32 | 41 | 49 | 60 | 63 | 78 | 80 | 85 | 92 | 97 | 98 | 99 |
-----------------------------------------------------------------Schedule complete
Client 49 trained
Client 49 uploaded
Client 78 trained
Client 78 uploaded
Client 17 trained
Client 17 uploaded
Client 92 trained
Client 92 uploaded
Client 12 trained
Client 12 uploaded
Client 99 trained
Client 99 uploaded
Client 41 trained
Client 41 uploaded
Client 98 trained
Client 98 uploaded
Client 13 trained
Client 13 uploaded
Client 97 trained
Client 97 uploaded
Client 85 trained
Client 85 uploaded
Client 63 trained
Client 63 uploaded
Client 60 trained
Client 60 uploaded
Client 80 trained
Client 80 uploaded
Client 32 trained
Client 32 uploaded
Epoch(t): 74 accuracy: 66.91 loss 1.0155874061584473 run_time: 2814.7180876731873
FedDocs Algo: Group 5 is selected
| current_epoch 75 |. Begin client select
SchedulerThread schedule Group [ 5 ], select( 14 clients):
4 | 7 | 9 | 11 | 15 | 37 | 40 | 53 | 74 | 77 | 81 | 83 | 90 | 96 |
-----------------------------------------------------------------Schedule complete
Client 7 trained
Client 7 uploaded
Client 11 trained
Client 11 uploaded
Client 9 trained
Client 9 uploaded
Client 90 trained
Client 90 uploaded
Client 74 trained
Client 74 uploaded
Client 77 trained
Client 77 uploaded
Client 53 trained
Client 53 uploaded
Client 81 trained
Client 81 uploaded
Client 40 trained
Client 40 uploaded
Client 37 trained
Client 37 uploaded
Client 96 trained
Client 96 uploaded
Client 4 trained
Client 4 uploaded
Client 83 trained
Client 83 uploaded
Client 15 trained
Client 15 uploaded
Epoch(t): 75 accuracy: 67.67 loss 1.0459407126903535 run_time: 2853.9013710021973
FedDocs Algo: Group 5 is selected
| current_epoch 76 |. Begin client select
SchedulerThread schedule Group [ 5 ], select( 14 clients):
4 | 7 | 9 | 11 | 15 | 37 | 40 | 53 | 74 | 77 | 81 | 83 | 90 | 96 |
-----------------------------------------------------------------Schedule complete
Client 11 trained
Client 11 uploaded
Client 7 trained
Client 7 uploaded
Client 9 trained
Client 9 uploaded
Client 90 trained
Client 90 uploaded
Client 74 trained
Client 74 uploaded
Client 77 trained
Client 77 uploaded
Client 53 trained
Client 53 uploaded
Client 81 trained
Client 81 uploaded
Client 40 trained
Client 40 uploaded
Client 37 trained
Client 37 uploaded
Client 83 trained
Client 83 uploaded
Client 4 trained
Client 4 uploaded
Client 96 trained
Client 96 uploaded
Client 15 trained
Client 15 uploaded
Epoch(t): 76 accuracy: 67.11 loss 1.0862772649526595 run_time: 2893.166271209717
FedDocs Algo: Group 5 is selected
| current_epoch 77 |. Begin client select
SchedulerThread schedule Group [ 5 ], select( 14 clients):
4 | 7 | 9 | 11 | 15 | 37 | 40 | 53 | 74 | 77 | 81 | 83 | 90 | 96 |
-----------------------------------------------------------------Schedule complete
Client 7 trained
Client 7 uploaded
Client 11 trained
Client 11 uploaded
Client 9 trained
Client 9 uploaded
Client 90 trained
Client 90 uploaded
Client 74 trained
Client 74 uploaded
Client 77 trained
Client 77 uploaded
Client 53 trained
Client 53 uploaded
Client 81 trained
Client 81 uploaded
Client 40 trained
Client 40 uploaded
Client 37 trained
Client 37 uploaded
Client 4 trained
Client 4 uploaded
Client 96 trained
Client 96 uploaded
Client 83 trained
Client 83 uploaded
Client 15 trained
Client 15 uploaded
Epoch(t): 77 accuracy: 66.63 loss 1.1040226221084595 run_time: 2931.7451934814453
FedDocs Algo: Group 5 is selected
| current_epoch 78 |. Begin client select
SchedulerThread schedule Group [ 5 ], select( 14 clients):
4 | 7 | 9 | 11 | 15 | 37 | 40 | 53 | 74 | 77 | 81 | 83 | 90 | 96 |
-----------------------------------------------------------------Schedule complete
Client 11 trained
Client 11 uploaded
Client 7 trained
Client 7 uploaded
Client 9 trained
Client 9 uploaded
Client 90 trained
Client 90 uploaded
Client 74 trained
Client 74 uploaded
Client 77 trained
Client 77 uploaded
Client 53 trained
Client 53 uploaded
Client 81 trained
Client 81 uploaded
Client 40 trained
Client 40 uploaded
Client 37 trained
Client 37 uploaded
Client 4 trained
Client 4 uploaded
Client 83 trained
Client 83 uploaded
Client 15 trained
Client 15 uploaded
Client 96 trained
Client 96 uploaded
Epoch(t): 78 accuracy: 66.54 loss 1.1294399052858353 run_time: 2970.4225356578827
FedDocs Algo: Group 5 is selected
| current_epoch 79 |. Begin client select
SchedulerThread schedule Group [ 5 ], select( 14 clients):
4 | 7 | 9 | 11 | 15 | 37 | 40 | 53 | 74 | 77 | 81 | 83 | 90 | 96 |
-----------------------------------------------------------------Schedule complete
Client 7 trained
Client 7 uploaded
Client 11 trained
Client 11 uploaded
Client 9 trained
Client 9 uploaded
Client 90 trained
Client 90 uploaded
Client 77 trained
Client 77 uploaded
Client 74 trained
Client 74 uploaded
Client 53 trained
Client 53 uploaded
Client 81 trained
Client 81 uploaded
Client 37 trained
Client 37 uploaded
Client 40 trained
Client 40 uploaded
Client 96 trained
Client 96 uploaded
Client 4 trained
Client 4 uploaded
Client 83 trained
Client 83 uploaded
Client 15 trained
Client 15 uploaded
Epoch(t): 79 accuracy: 66.12 loss 1.1542503637075425 run_time: 3007.6435680389404
FedDocs Algo: Group 4 is selected
| current_epoch 80 |. Begin client select
SchedulerThread schedule Group [ 4 ], select( 15 clients):
12 | 13 | 17 | 32 | 41 | 49 | 60 | 63 | 78 | 80 | 85 | 92 | 97 | 98 | 99 |
-----------------------------------------------------------------Schedule complete
Client 78 trained
Client 78 uploaded
Client 49 trained
Client 49 uploaded
Client 12 trained
Client 12 uploaded
Client 99 trained
Client 99 uploaded
Client 17 trained
Client 17 uploaded
Client 92 trained
Client 92 uploaded
Client 13 trained
Client 13 uploaded
Client 41 trained
Client 41 uploaded
Client 98 trained
Client 98 uploaded
Client 97 trained
Client 97 uploaded
Client 63 trained
Client 63 uploaded
Client 85 trained
Client 85 uploaded
Client 60 trained
Client 60 uploaded
Client 80 trained
Client 80 uploaded
Client 32 trained
Client 32 uploaded
Epoch(t): 80 accuracy: 66.67 loss 1.0643167942762375 run_time: 3041.0120294094086
FedDocs Algo: Group 5 is selected
| current_epoch 81 |. Begin client select
SchedulerThread schedule Group [ 5 ], select( 14 clients):
4 | 7 | 9 | 11 | 15 | 37 | 40 | 53 | 74 | 77 | 81 | 83 | 90 | 96 |
-----------------------------------------------------------------Schedule complete
Client 7 trained
Client 7 uploaded
Client 11 trained
Client 11 uploaded
Client 9 trained
Client 9 uploaded
Client 90 trained
Client 90 uploaded
Client 77 trained
Client 77 uploaded
Client 74 trained
Client 74 uploaded
Client 53 trained
Client 53 uploaded
Client 81 trained
Client 81 uploaded
Client 37 trained
Client 37 uploaded
Client 40 trained
Client 40 uploaded
Client 4 trained
Client 4 uploaded
Client 83 trained
Client 83 uploaded
Client 15 trained
Client 15 uploaded
Client 96 trained
Client 96 uploaded
Epoch(t): 81 accuracy: 66.42 loss 1.1180544197559357 run_time: 3079.599056482315
FedDocs Algo: Group 5 is selected
| current_epoch 82 |. Begin client select
SchedulerThread schedule Group [ 5 ], select( 14 clients):
4 | 7 | 9 | 11 | 15 | 37 | 40 | 53 | 74 | 77 | 81 | 83 | 90 | 96 |
-----------------------------------------------------------------Schedule complete
Client 7 trained
Client 7 uploaded
Client 11 trained
Client 11 uploaded
Client 90 trained
Client 90 uploaded
Client 9 trained
Client 9 uploaded
Client 74 trained
Client 74 uploaded
Client 77 trained
Client 77 uploaded
Client 53 trained
Client 53 uploaded
Client 81 trained
Client 81 uploaded
Client 40 trained
Client 40 uploaded
Client 37 trained
Client 37 uploaded
Client 83 trained
Client 83 uploaded
Client 96 trained
Client 96 uploaded
Client 4 trained
Client 4 uploaded
Client 15 trained
Client 15 uploaded
Epoch(t): 82 accuracy: 66.41 loss 1.139792119860649 run_time: 3118.383937358856
FedDocs Algo: Group 2 is selected
| current_epoch 83 |. Begin client select
SchedulerThread schedule Group [ 2 ], select( 15 clients):
8 | 16 | 18 | 19 | 21 | 27 | 34 | 42 | 51 | 55 | 58 | 64 | 75 | 76 | 93 |
-----------------------------------------------------------------Schedule complete
Client 18 trained
Client 18 uploaded
Client 16 trained
Client 16 uploaded
Client 51 trained
Client 51 uploaded
Client 21 trained
Client 21 uploaded
Client 27 trained
Client 27 uploaded
Client 19 trained
Client 19 uploaded
Client 55 trained
Client 55 uploaded
Client 64 trained
Client 64 uploaded
Client 75 trained
Client 75 uploaded
Client 42 trained
Client 42 uploaded
Client 8 trained
Client 8 uploaded
Client 34 trained
Client 34 uploaded
Client 58 trained
Client 58 uploaded
Client 76 trained
Client 76 uploaded
Client 93 trained
Client 93 uploaded
Epoch(t): 83 accuracy: 68.06 loss 0.9990217196941376 run_time: 3157.062105178833
FedDocs Algo: Group 3 is selected
| current_epoch 84 |. Begin client select
SchedulerThread schedule Group [ 3 ], select( 15 clients):
1 | 10 | 23 | 24 | 28 | 38 | 43 | 45 | 48 | 50 | 59 | 62 | 69 | 87 | 94 |
-----------------------------------------------------------------Schedule complete
Client 59 trained
Client 59 uploaded
Client 28 trained
Client 28 uploaded
Client 94 trained
Client 94 uploaded
Client 87 trained
Client 87 uploaded
Client 23 trained
Client 23 uploaded
Client 48 trained
Client 48 uploaded
Client 10 trained
Client 10 uploaded
Client 38 trained
Client 38 uploaded
Client 24 trained
Client 24 uploaded
Client 50 trained
Client 50 uploaded
Client 69 trained
Client 69 uploaded
Client 45 trained
Client 45 uploaded
Client 1 trained
Client 1 uploaded
Client 62 trained
Client 62 uploaded
Client 43 trained
Client 43 uploaded
Epoch(t): 84 accuracy: 68.14 loss 0.9668339169025422 run_time: 3198.338205575943
FedDocs Algo: Group 5 is selected
| current_epoch 85 |. Begin client select
SchedulerThread schedule Group [ 5 ], select( 14 clients):
4 | 7 | 9 | 11 | 15 | 37 | 40 | 53 | 74 | 77 | 81 | 83 | 90 | 96 |
-----------------------------------------------------------------Schedule complete
Client 11 trained
Client 11 uploaded
Client 7 trained
Client 7 uploaded
Client 9 trained
Client 9 uploaded
Client 90 trained
Client 90 uploaded
Client 74 trained
Client 74 uploaded
Client 77 trained
Client 77 uploaded
Client 53 trained
Client 53 uploaded
Client 81 trained
Client 81 uploaded
Client 37 trained
Client 37 uploaded
Client 40 trained
Client 40 uploaded
Client 4 trained
Client 4 uploaded
Client 83 trained
Client 83 uploaded
Client 96 trained
Client 96 uploaded
Client 15 trained
Client 15 uploaded
Epoch(t): 85 accuracy: 67.74 loss 1.0671474862098693 run_time: 3237.027505159378
FedDocs Algo: Group 5 is selected
| current_epoch 86 |. Begin client select
SchedulerThread schedule Group [ 5 ], select( 14 clients):
4 | 7 | 9 | 11 | 15 | 37 | 40 | 53 | 74 | 77 | 81 | 83 | 90 | 96 |
-----------------------------------------------------------------Schedule complete
Client 7 trained
Client 7 uploaded
Client 11 trained
Client 11 uploaded
Client 9 trained
Client 9 uploaded
Client 90 trained
Client 90 uploaded
Client 74 trained
Client 74 uploaded
Client 77 trained
Client 77 uploaded
Client 53 trained
Client 53 uploaded
Client 81 trained
Client 81 uploaded
Client 40 trained
Client 40 uploaded
Client 37 trained
Client 37 uploaded
Client 4 trained
Client 4 uploaded
Client 96 trained
Client 96 uploaded
Client 83 trained
Client 83 uploaded
Client 15 trained
Client 15 uploaded
Epoch(t): 86 accuracy: 67.17 loss 1.098930424451828 run_time: 3276.2777893543243
FedDocs Algo: Group 4 is selected
| current_epoch 87 |. Begin client select
SchedulerThread schedule Group [ 4 ], select( 15 clients):
12 | 13 | 17 | 32 | 41 | 49 | 60 | 63 | 78 | 80 | 85 | 92 | 97 | 98 | 99 |
-----------------------------------------------------------------Schedule complete
Client 49 trained
Client 49 uploaded
Client 78 trained
Client 78 uploaded
Client 12 trained
Client 12 uploaded
Client 17 trained
Client 17 uploaded
Client 99 trained
Client 99 uploaded
Client 92 trained
Client 92 uploaded
Client 41 trained
Client 41 uploaded
Client 13 trained
Client 13 uploaded
Client 98 trained
Client 98 uploaded
Client 97 trained
Client 97 uploaded
Client 63 trained
Client 63 uploaded
Client 85 trained
Client 85 uploaded
Client 60 trained
Client 60 uploaded
Client 80 trained
Client 80 uploaded
Client 32 trained
Client 32 uploaded
Epoch(t): 87 accuracy: 67.04 loss 1.0313180190324784 run_time: 3309.8620524406433
FedDocs Algo: Group 5 is selected
| current_epoch 88 |. Begin client select
SchedulerThread schedule Group [ 5 ], select( 14 clients):
4 | 7 | 9 | 11 | 15 | 37 | 40 | 53 | 74 | 77 | 81 | 83 | 90 | 96 |
-----------------------------------------------------------------Schedule complete
Client 11 trained
Client 11 uploaded
Client 7 trained
Client 7 uploaded
Client 90 trained
Client 90 uploaded
Client 9 trained
Client 9 uploaded
Client 74 trained
Client 74 uploaded
Client 77 trained
Client 77 uploaded
Client 53 trained
Client 53 uploaded
Client 81 trained
Client 81 uploaded
Client 40 trained
Client 40 uploaded
Client 37 trained
Client 37 uploaded
Client 83 trained
Client 83 uploaded
Client 96 trained
Client 96 uploaded
Client 4 trained
Client 4 uploaded
Client 15 trained
Client 15 uploaded
Epoch(t): 88 accuracy: 66.67 loss 1.0983296984434128 run_time: 3349.827060699463
FedDocs Algo: Group 5 is selected
| current_epoch 89 |. Begin client select
SchedulerThread schedule Group [ 5 ], select( 14 clients):
4 | 7 | 9 | 11 | 15 | 37 | 40 | 53 | 74 | 77 | 81 | 83 | 90 | 96 |
-----------------------------------------------------------------Schedule complete
Client 7 trained
Client 7 uploaded
Client 11 trained
Client 11 uploaded
Client 9 trained
Client 9 uploaded
Client 90 trained
Client 90 uploaded
Client 74 trained
Client 74 uploaded
Client 77 trained
Client 77 uploaded
Client 53 trained
Client 53 uploaded
Client 81 trained
Client 81 uploaded
Client 37 trained
Client 37 uploaded
Client 40 trained
Client 40 uploaded
Client 83 trained
Client 83 uploaded
Client 4 trained
Client 4 uploaded
Client 96 trained
Client 96 uploaded
Client 15 trained
Client 15 uploaded
Epoch(t): 89 accuracy: 65.95 loss 1.1423773598670959 run_time: 3390.2256433963776
FedDocs Algo: Group 5 is selected
| current_epoch 90 |. Begin client select
SchedulerThread schedule Group [ 5 ], select( 14 clients):
4 | 7 | 9 | 11 | 15 | 37 | 40 | 53 | 74 | 77 | 81 | 83 | 90 | 96 |
-----------------------------------------------------------------Schedule complete
Client 11 trained
Client 11 uploaded
Client 7 trained
Client 7 uploaded
Client 9 trained
Client 9 uploaded
Client 90 trained
Client 90 uploaded
Client 77 trained
Client 77 uploaded
Client 74 trained
Client 74 uploaded
Client 53 trained
Client 53 uploaded
Client 81 trained
Client 81 uploaded
Client 37 trained
Client 37 uploaded
Client 40 trained
Client 40 uploaded
Client 83 trained
Client 83 uploaded
Client 96 trained
Client 96 uploaded
Client 4 trained
Client 4 uploaded
Client 15 trained
Client 15 uploaded
Epoch(t): 90 accuracy: 66.26 loss 1.1428853631019593 run_time: 3429.9940991401672
FedDocs Algo: Group 5 is selected
| current_epoch 91 |. Begin client select
SchedulerThread schedule Group [ 5 ], select( 14 clients):
4 | 7 | 9 | 11 | 15 | 37 | 40 | 53 | 74 | 77 | 81 | 83 | 90 | 96 |
-----------------------------------------------------------------Schedule complete
Client 11 trained
Client 11 uploaded
Client 7 trained
Client 7 uploaded
Client 90 trained
Client 90 uploaded
Client 9 trained
Client 9 uploaded
Client 74 trained
Client 74 uploaded
Client 77 trained
Client 77 uploaded
Client 53 trained
Client 53 uploaded
Client 81 trained
Client 81 uploaded
Client 40 trained
Client 40 uploaded
Client 37 trained
Client 37 uploaded
Client 83 trained
Client 83 uploaded
Client 96 trained
Client 96 uploaded
Client 4 trained
Client 4 uploaded
Client 15 trained
Client 15 uploaded
Epoch(t): 91 accuracy: 66.3 loss 1.1526107668876648 run_time: 3470.10404920578
FedDocs Algo: Group 5 is selected
| current_epoch 92 |. Begin client select
SchedulerThread schedule Group [ 5 ], select( 14 clients):
4 | 7 | 9 | 11 | 15 | 37 | 40 | 53 | 74 | 77 | 81 | 83 | 90 | 96 |
-----------------------------------------------------------------Schedule complete
Client 7 trained
Client 7 uploaded
Client 11 trained
Client 11 uploaded
Client 9 trained
Client 9 uploaded
Client 90 trained
Client 90 uploaded
Client 74 trained
Client 74 uploaded
Client 77 trained
Client 77 uploaded
Client 53 trained
Client 53 uploaded
Client 81 trained
Client 81 uploaded
Client 37 trained
Client 37 uploaded
Client 40 trained
Client 40 uploaded
Client 96 trained
Client 96 uploaded
Client 4 trained
Client 4 uploaded
Client 83 trained
Client 83 uploaded
Client 15 trained
Client 15 uploaded
Epoch(t): 92 accuracy: 66.32 loss 1.1616551172733307 run_time: 3509.5316054821014
FedDocs Algo: Group 2 is selected
| current_epoch 93 |. Begin client select
SchedulerThread schedule Group [ 2 ], select( 15 clients):
8 | 16 | 18 | 19 | 21 | 27 | 34 | 42 | 51 | 55 | 58 | 64 | 75 | 76 | 93 |
-----------------------------------------------------------------Schedule complete
Client 18 trained
Client 18 uploaded
Client 16 trained
Client 16 uploaded
Client 51 trained
Client 51 uploaded
Client 27 trained
Client 27 uploaded
Client 21 trained
Client 21 uploaded
Client 19 trained
Client 19 uploaded
Client 55 trained
Client 55 uploaded
Client 64 trained
Client 64 uploaded
Client 75 trained
Client 75 uploaded
Client 42 trained
Client 42 uploaded
Client 8 trained
Client 8 uploaded
Client 34 trained
Client 34 uploaded
Client 58 trained
Client 58 uploaded
Client 76 trained
Client 76 uploaded
Client 93 trained
Client 93 uploaded
Epoch(t): 93 accuracy: 67.87 loss 1.0064623796939849 run_time: 3550.514756679535
FedDocs Algo: Group 5 is selected
| current_epoch 94 |. Begin client select
SchedulerThread schedule Group [ 5 ], select( 14 clients):
4 | 7 | 9 | 11 | 15 | 37 | 40 | 53 | 74 | 77 | 81 | 83 | 90 | 96 |
-----------------------------------------------------------------Schedule complete
Client 7 trained
Client 7 uploaded
Client 11 trained
Client 11 uploaded
Client 9 trained
Client 9 uploaded
Client 90 trained
Client 90 uploaded
Client 77 trained
Client 77 uploaded
Client 74 trained
Client 74 uploaded
Client 53 trained
Client 53 uploaded
Client 81 trained
Client 81 uploaded
Client 40 trained
Client 40 uploaded
Client 37 trained
Client 37 uploaded
Client 4 trained
Client 4 uploaded
Client 83 trained
Client 83 uploaded
Client 96 trained
Client 96 uploaded
Client 15 trained
Client 15 uploaded
Epoch(t): 94 accuracy: 67.47 loss 1.1112423092126846 run_time: 3590.7018949985504
FedDocs Algo: Group 5 is selected
| current_epoch 95 |. Begin client select
SchedulerThread schedule Group [ 5 ], select( 14 clients):
4 | 7 | 9 | 11 | 15 | 37 | 40 | 53 | 74 | 77 | 81 | 83 | 90 | 96 |
-----------------------------------------------------------------Schedule complete
Client 7 trained
Client 7 uploaded
Client 11 trained
Client 11 uploaded
Client 9 trained
Client 9 uploaded
Client 90 trained
Client 90 uploaded
Client 77 trained
Client 77 uploaded
Client 74 trained
Client 74 uploaded
Client 53 trained
Client 53 uploaded
Client 81 trained
Client 81 uploaded
Client 37 trained
Client 37 uploaded
Client 40 trained
Client 40 uploaded
Client 4 trained
Client 4 uploaded
Client 83 trained
Client 83 uploaded
Client 96 trained
Client 96 uploaded
Client 15 trained
Client 15 uploaded
Epoch(t): 95 accuracy: 66.46 loss 1.154392580986023 run_time: 3631.2968313694
FedDocs Algo: Group 5 is selected
| current_epoch 96 |. Begin client select
SchedulerThread schedule Group [ 5 ], select( 14 clients):
4 | 7 | 9 | 11 | 15 | 37 | 40 | 53 | 74 | 77 | 81 | 83 | 90 | 96 |
-----------------------------------------------------------------Schedule complete
Client 11 trained
Client 11 uploaded
Client 7 trained
Client 7 uploaded
Client 9 trained
Client 9 uploaded
Client 90 trained
Client 90 uploaded
Client 74 trained
Client 74 uploaded
Client 77 trained
Client 77 uploaded
Client 53 trained
Client 53 uploaded
Client 81 trained
Client 81 uploaded
Client 40 trained
Client 40 uploaded
Client 37 trained
Client 37 uploaded
Client 96 trained
Client 96 uploaded
Client 83 trained
Client 83 uploaded
Client 4 trained
Client 4 uploaded
Client 15 trained
Client 15 uploaded
Epoch(t): 96 accuracy: 66.53 loss 1.1674246734380722 run_time: 3671.656721353531
FedDocs Algo: Group 5 is selected
| current_epoch 97 |. Begin client select
SchedulerThread schedule Group [ 5 ], select( 14 clients):
4 | 7 | 9 | 11 | 15 | 37 | 40 | 53 | 74 | 77 | 81 | 83 | 90 | 96 |
-----------------------------------------------------------------Schedule complete
Client 7 trained
Client 7 uploaded
Client 11 trained
Client 11 uploaded
Client 9 trained
Client 9 uploaded
Client 90 trained
Client 90 uploaded
Client 77 trained
Client 77 uploaded
Client 74 trained
Client 74 uploaded
Client 53 trained
Client 53 uploaded
Client 81 trained
Client 81 uploaded
Client 40 trained
Client 40 uploaded
Client 37 trained
Client 37 uploaded
Client 4 trained
Client 4 uploaded
Client 96 trained
Client 96 uploaded
Client 15 trained
Client 15 uploaded
Client 83 trained
Client 83 uploaded
Epoch(t): 97 accuracy: 66.32 loss 1.193125149011612 run_time: 3711.4918434619904
FedDocs Algo: Group 2 is selected
| current_epoch 98 |. Begin client select
SchedulerThread schedule Group [ 2 ], select( 15 clients):
8 | 16 | 18 | 19 | 21 | 27 | 34 | 42 | 51 | 55 | 58 | 64 | 75 | 76 | 93 |
-----------------------------------------------------------------Schedule complete
Client 18 trained
Client 18 uploaded
Client 51 trained
Client 51 uploaded
Client 16 trained
Client 16 uploaded
Client 27 trained
Client 27 uploaded
Client 21 trained
Client 21 uploaded
Client 19 trained
Client 19 uploaded
Client 55 trained
Client 55 uploaded
Client 75 trained
Client 75 uploaded
Client 64 trained
Client 64 uploaded
Client 42 trained
Client 42 uploaded
Client 8 trained
Client 8 uploaded
Client 34 trained
Client 34 uploaded
Client 58 trained
Client 58 uploaded
Client 76 trained
Client 76 uploaded
Client 93 trained
Client 93 uploaded
Epoch(t): 98 accuracy: 67.66 loss 1.0149623781442643 run_time: 3750.9186902046204
FedDocs Algo: Group 0 is selected
| current_epoch 99 |. Begin client select
SchedulerThread schedule Group [ 0 ], select( 13 clients):
2 | 3 | 29 | 47 | 52 | 54 | 56 | 66 | 67 | 68 | 70 | 84 | 86 |
-----------------------------------------------------------------Schedule complete
Client 86 trained
Client 86 uploaded
Client 47 trained
Client 47 uploaded
Client 29 trained
Client 29 uploaded
Client 52 trained
Client 52 uploaded
Client 54 trained
Client 54 uploaded
Client 2 trained
Client 2 uploaded
Client 70 trained
Client 70 uploaded
Client 3 trained
Client 3 uploaded
Client 56 trained
Client 56 uploaded
Client 68 trained
Client 68 uploaded
Client 66 trained
Client 66 uploaded
Client 84 trained
Client 84 uploaded
Client 67 trained
Client 67 uploaded
Epoch(t): 99 accuracy: 67.34 loss 1.0203121346235275 run_time: 3783.6845331192017
FedDocs Algo: Group 5 is selected
| current_epoch 100 |. Begin client select
SchedulerThread schedule Group [ 5 ], select( 14 clients):
4 | 7 | 9 | 11 | 15 | 37 | 40 | 53 | 74 | 77 | 81 | 83 | 90 | 96 |
-----------------------------------------------------------------Schedule complete
Client 11 trained
Client 11 uploaded
Client 7 trained
Client 7 uploaded
Client 9 trained
Client 9 uploaded
Client 90 trained
Client 90 uploaded
Client 74 trained
Client 74 uploaded
Client 77 trained
Client 77 uploaded
Client 53 trained
Client 53 uploaded
Client 81 trained
Client 81 uploaded
Client 37 trained
Client 37 uploaded
Client 40 trained
Client 40 uploaded
Client 83 trained
Client 83 uploaded
Client 4 trained
Client 4 uploaded
Client 96 trained
Client 96 uploaded
Client 15 trained
Client 15 uploaded
Epoch(t): 100 accuracy: 67.33 loss 1.0959983694553375 run_time: 3822.8197321891785
FedDocs Algo: Group 5 is selected
| current_epoch 101 |. Begin client select
SchedulerThread schedule Group [ 5 ], select( 14 clients):
4 | 7 | 9 | 11 | 15 | 37 | 40 | 53 | 74 | 77 | 81 | 83 | 90 | 96 |
-----------------------------------------------------------------Schedule complete
Client 11 trained
Client 11 uploaded
Client 7 trained
Client 7 uploaded
Client 9 trained
Client 9 uploaded
Client 90 trained
Client 90 uploaded
Client 77 trained
Client 77 uploaded
Client 74 trained
Client 74 uploaded
Client 53 trained
Client 53 uploaded
Client 81 trained
Client 81 uploaded
Client 40 trained
Client 40 uploaded
Client 37 trained
Client 37 uploaded
Client 4 trained
Client 4 uploaded
Client 96 trained
Client 96 uploaded
Client 15 trained
Client 15 uploaded
Client 83 trained
Client 83 uploaded
Epoch(t): 101 accuracy: 67.24 loss 1.1389739233255387 run_time: 3863.1297912597656
FedDocs Algo: Group 5 is selected
| current_epoch 102 |. Begin client select
SchedulerThread schedule Group [ 5 ], select( 14 clients):
4 | 7 | 9 | 11 | 15 | 37 | 40 | 53 | 74 | 77 | 81 | 83 | 90 | 96 |
-----------------------------------------------------------------Schedule complete
Client 7 trained
Client 7 uploaded
Client 11 trained
Client 11 uploaded
Client 9 trained
Client 9 uploaded
Client 90 trained
Client 90 uploaded
Client 74 trained
Client 74 uploaded
Client 77 trained
Client 77 uploaded
Client 53 trained
Client 53 uploaded
Client 81 trained
Client 81 uploaded
Client 37 trained
Client 37 uploaded
Client 40 trained
Client 40 uploaded
Client 4 trained
Client 4 uploaded
Client 96 trained
Client 96 uploaded
Client 15 trained
Client 15 uploaded
Client 83 trained
Client 83 uploaded
Epoch(t): 102 accuracy: 66.93 loss 1.1628923451900481 run_time: 3901.280211687088
FedDocs Algo: Group 0 is selected
| current_epoch 103 |. Begin client select
SchedulerThread schedule Group [ 0 ], select( 13 clients):
2 | 3 | 29 | 47 | 52 | 54 | 56 | 66 | 67 | 68 | 70 | 84 | 86 |
-----------------------------------------------------------------Schedule complete
Client 86 trained
Client 86 uploaded
Client 47 trained
Client 47 uploaded
Client 29 trained
Client 29 uploaded
Client 52 trained
Client 52 uploaded
Client 54 trained
Client 54 uploaded
Client 2 trained
Client 2 uploaded
Client 70 trained
Client 70 uploaded
Client 3 trained
Client 3 uploaded
Client 56 trained
Client 56 uploaded
Client 68 trained
Client 68 uploaded
Client 66 trained
Client 66 uploaded
Client 84 trained
Client 84 uploaded
Client 67 trained
Client 67 uploaded
Epoch(t): 103 accuracy: 67.69 loss 1.0188056385517121 run_time: 3933.113829612732
FedDocs Algo: Group 4 is selected
| current_epoch 104 |. Begin client select
SchedulerThread schedule Group [ 4 ], select( 15 clients):
12 | 13 | 17 | 32 | 41 | 49 | 60 | 63 | 78 | 80 | 85 | 92 | 97 | 98 | 99 |
-----------------------------------------------------------------Schedule complete
Client 49 trained
Client 49 uploaded
Client 78 trained
Client 78 uploaded
Client 17 trained
Client 17 uploaded
Client 12 trained
Client 12 uploaded
Client 99 trained
Client 99 uploaded
Client 92 trained
Client 92 uploaded
Client 41 trained
Client 41 uploaded
Client 13 trained
Client 13 uploaded
Client 98 trained
Client 98 uploaded
Client 97 trained
Client 97 uploaded
Client 85 trained
Client 85 uploaded
Client 63 trained
Client 63 uploaded
Client 60 trained
Client 60 uploaded
Client 80 trained
Client 80 uploaded
Client 32 trained
Client 32 uploaded
Epoch(t): 104 accuracy: 67.93 loss 1.0018746310472488 run_time: 3967.5209827423096
FedDocs Algo: Group 5 is selected
| current_epoch 105 |. Begin client select
SchedulerThread schedule Group [ 5 ], select( 14 clients):
4 | 7 | 9 | 11 | 15 | 37 | 40 | 53 | 74 | 77 | 81 | 83 | 90 | 96 |
-----------------------------------------------------------------Schedule complete
Client 7 trained
Client 7 uploaded
Client 11 trained
Client 11 uploaded
Client 9 trained
Client 9 uploaded
Client 90 trained
Client 90 uploaded
Client 74 trained
Client 74 uploaded
Client 77 trained
Client 77 uploaded
Client 53 trained
Client 53 uploaded
Client 81 trained
Client 81 uploaded
Client 37 trained
Client 37 uploaded
Client 40 trained
Client 40 uploaded
Client 83 trained
Client 83 uploaded
Client 96 trained
Client 96 uploaded
Client 4 trained
Client 4 uploaded
Client 15 trained
Client 15 uploaded
Epoch(t): 105 accuracy: 67.81 loss 1.1158716225624083 run_time: 4008.0433259010315
FedDocs Algo: Group 3 is selected
| current_epoch 106 |. Begin client select
SchedulerThread schedule Group [ 3 ], select( 15 clients):
1 | 10 | 23 | 24 | 28 | 38 | 43 | 45 | 48 | 50 | 59 | 62 | 69 | 87 | 94 |
-----------------------------------------------------------------Schedule complete
Client 59 trained
Client 59 uploaded
Client 28 trained
Client 28 uploaded
Client 94 trained
Client 94 uploaded
Client 23 trained
Client 23 uploaded
Client 87 trained
Client 87 uploaded
Client 48 trained
Client 48 uploaded
Client 38 trained
Client 38 uploaded
Client 10 trained
Client 10 uploaded
Client 24 trained
Client 24 uploaded
Client 50 trained
Client 50 uploaded
Client 69 trained
Client 69 uploaded
Client 45 trained
Client 45 uploaded
Client 1 trained
Client 1 uploaded
Client 62 trained
Client 62 uploaded
Client 43 trained
Client 43 uploaded
Epoch(t): 106 accuracy: 68.36 loss 0.9694585889577866 run_time: 4047.860016107559
FedDocs Algo: Group 5 is selected
| current_epoch 107 |. Begin client select
SchedulerThread schedule Group [ 5 ], select( 14 clients):
4 | 7 | 9 | 11 | 15 | 37 | 40 | 53 | 74 | 77 | 81 | 83 | 90 | 96 |
-----------------------------------------------------------------Schedule complete
Client 11 trained
Client 11 uploaded
Client 7 trained
Client 7 uploaded
Client 9 trained
Client 9 uploaded
Client 90 trained
Client 90 uploaded
Client 74 trained
Client 74 uploaded
Client 77 trained
Client 77 uploaded
Client 53 trained
Client 53 uploaded
Client 81 trained
Client 81 uploaded
Client 40 trained
Client 40 uploaded
Client 37 trained
Client 37 uploaded
Client 4 trained
Client 4 uploaded
Client 96 trained
Client 96 uploaded
Client 83 trained
Client 83 uploaded
Client 15 trained
Client 15 uploaded
Epoch(t): 107 accuracy: 67.85 loss 1.0932704746723174 run_time: 4088.059190750122
FedDocs Algo: Group 5 is selected
| current_epoch 108 |. Begin client select
SchedulerThread schedule Group [ 5 ], select( 14 clients):
4 | 7 | 9 | 11 | 15 | 37 | 40 | 53 | 74 | 77 | 81 | 83 | 90 | 96 |
-----------------------------------------------------------------Schedule complete
Client 11 trained
Client 11 uploaded
Client 7 trained
Client 7 uploaded
Client 9 trained
Client 9 uploaded
Client 90 trained
Client 90 uploaded
Client 74 trained
Client 74 uploaded
Client 77 trained
Client 77 uploaded
Client 53 trained
Client 53 uploaded
Client 81 trained
Client 81 uploaded
Client 37 trained
Client 37 uploaded
Client 40 trained
Client 40 uploaded
Client 4 trained
Client 4 uploaded
Client 96 trained
Client 96 uploaded
Client 83 trained
Client 83 uploaded
Client 15 trained
Client 15 uploaded
Epoch(t): 108 accuracy: 67.52 loss 1.1349558973312377 run_time: 4127.3118724823
FedDocs Algo: Group 5 is selected
| current_epoch 109 |. Begin client select
SchedulerThread schedule Group [ 5 ], select( 14 clients):
4 | 7 | 9 | 11 | 15 | 37 | 40 | 53 | 74 | 77 | 81 | 83 | 90 | 96 |
-----------------------------------------------------------------Schedule complete
Client 11 trained
Client 11 uploaded
Client 7 trained
Client 7 uploaded
Client 9 trained
Client 9 uploaded
Client 90 trained
Client 90 uploaded
Client 77 trained
Client 77 uploaded
Client 74 trained
Client 74 uploaded
Client 53 trained
Client 53 uploaded
Client 81 trained
Client 81 uploaded
Client 37 trained
Client 37 uploaded
Client 40 trained
Client 40 uploaded
Client 4 trained
Client 4 uploaded
Client 96 trained
Client 96 uploaded
Client 83 trained
Client 83 uploaded
Client 15 trained
Client 15 uploaded
Epoch(t): 109 accuracy: 66.95 loss 1.1604216688871383 run_time: 4166.282779216766
FedDocs Algo: Group 5 is selected
| current_epoch 110 |. Begin client select
SchedulerThread schedule Group [ 5 ], select( 14 clients):
4 | 7 | 9 | 11 | 15 | 37 | 40 | 53 | 74 | 77 | 81 | 83 | 90 | 96 |
-----------------------------------------------------------------Schedule complete
Client 11 trained
Client 11 uploaded
Client 7 trained
Client 7 uploaded
Client 9 trained
Client 9 uploaded
Client 90 trained
Client 90 uploaded
Client 74 trained
Client 74 uploaded
Client 77 trained
Client 77 uploaded
Client 53 trained
Client 53 uploaded
Client 81 trained
Client 81 uploaded
Client 37 trained
Client 37 uploaded
Client 40 trained
Client 40 uploaded
Client 83 trained
Client 83 uploaded
Client 4 trained
Client 4 uploaded
Client 96 trained
Client 96 uploaded
Client 15 trained
Client 15 uploaded
Epoch(t): 110 accuracy: 67.08 loss 1.1546498483419418 run_time: 4206.197725772858
FedDocs Algo: Group 4 is selected
| current_epoch 111 |. Begin client select
SchedulerThread schedule Group [ 4 ], select( 15 clients):
12 | 13 | 17 | 32 | 41 | 49 | 60 | 63 | 78 | 80 | 85 | 92 | 97 | 98 | 99 |
-----------------------------------------------------------------Schedule complete
Client 49 trained
Client 49 uploaded
Client 78 trained
Client 78 uploaded
Client 12 trained
Client 12 uploaded
Client 92 trained
Client 92 uploaded
Client 17 trained
Client 17 uploaded
Client 99 trained
Client 99 uploaded
Client 98 trained
Client 98 uploaded
Client 41 trained
Client 41 uploaded
Client 13 trained
Client 13 uploaded
Client 97 trained
Client 97 uploaded
Client 85 trained
Client 85 uploaded
Client 63 trained
Client 63 uploaded
Client 60 trained
Client 60 uploaded
Client 80 trained
Client 80 uploaded
Client 32 trained
Client 32 uploaded
Epoch(t): 111 accuracy: 67.57 loss 1.0498704433441162 run_time: 4240.402952671051
FedDocs Algo: Group 4 is selected
| current_epoch 112 |. Begin client select
SchedulerThread schedule Group [ 4 ], select( 15 clients):
12 | 13 | 17 | 32 | 41 | 49 | 60 | 63 | 78 | 80 | 85 | 92 | 97 | 98 | 99 |
-----------------------------------------------------------------Schedule complete
Client 49 trained
Client 49 uploaded
Client 78 trained
Client 78 uploaded
Client 17 trained
Client 17 uploaded
Client 12 trained
Client 12 uploaded
Client 92 trained
Client 92 uploaded
Client 99 trained
Client 99 uploaded
Client 98 trained
Client 98 uploaded
Client 13 trained
Client 13 uploaded
Client 41 trained
Client 41 uploaded
Client 97 trained
Client 97 uploaded
Client 63 trained
Client 63 uploaded
Client 85 trained
Client 85 uploaded
Client 60 trained
Client 60 uploaded
Client 80 trained
Client 80 uploaded
Client 32 trained
Client 32 uploaded
Epoch(t): 112 accuracy: 67.83 loss 1.0292883330583573 run_time: 4274.374253034592
FedDocs Algo: Group 5 is selected
| current_epoch 113 |. Begin client select
SchedulerThread schedule Group [ 5 ], select( 14 clients):
4 | 7 | 9 | 11 | 15 | 37 | 40 | 53 | 74 | 77 | 81 | 83 | 90 | 96 |
-----------------------------------------------------------------Schedule complete
Client 11 trained
Client 11 uploaded
Client 7 trained
Client 7 uploaded
Client 9 trained
Client 9 uploaded
Client 90 trained
Client 90 uploaded
Client 74 trained
Client 74 uploaded
Client 77 trained
Client 77 uploaded
Client 53 trained
Client 53 uploaded
Client 81 trained
Client 81 uploaded
Client 37 trained
Client 37 uploaded
Client 40 trained
Client 40 uploaded
Client 96 trained
Client 96 uploaded
Client 4 trained
Client 4 uploaded
Client 83 trained
Client 83 uploaded
Client 15 trained
Client 15 uploaded
Epoch(t): 113 accuracy: 67.66 loss 1.11393368601799 run_time: 4313.985971212387
FedDocs Algo: Group 1 is selected
| current_epoch 114 |. Begin client select
SchedulerThread schedule Group [ 1 ], select( 15 clients):
5 | 20 | 22 | 26 | 31 | 33 | 35 | 36 | 44 | 46 | 61 | 72 | 89 | 91 | 95 |
-----------------------------------------------------------------Schedule complete
Client 95 trained
Client 95 uploaded
Client 5 trained
Client 5 uploaded
Client 61 trained
Client 61 uploaded
Client 91 trained
Client 91 uploaded
Client 44 trained
Client 44 uploaded
Client 20 trained
Client 20 uploaded
Client 22 trained
Client 22 uploaded
Client 31 trained
Client 31 uploaded
Client 33 trained
Client 33 uploaded
Client 72 trained
Client 72 uploaded
Client 26 trained
Client 26 uploaded
Client 36 trained
Client 36 uploaded
Client 89 trained
Client 89 uploaded
Client 35 trained
Client 35 uploaded
Client 46 trained
Client 46 uploaded
Epoch(t): 114 accuracy: 69.19 loss 0.9596707874536514 run_time: 4357.118434906006
FedDocs Algo: Group 5 is selected
| current_epoch 115 |. Begin client select
SchedulerThread schedule Group [ 5 ], select( 14 clients):
4 | 7 | 9 | 11 | 15 | 37 | 40 | 53 | 74 | 77 | 81 | 83 | 90 | 96 |
-----------------------------------------------------------------Schedule complete
Client 11 trained
Client 11 uploaded
Client 7 trained
Client 7 uploaded
Client 9 trained
Client 9 uploaded
Client 90 trained
Client 90 uploaded
Client 77 trained
Client 77 uploaded
Client 74 trained
Client 74 uploaded
Client 53 trained
Client 53 uploaded
Client 81 trained
Client 81 uploaded
Client 37 trained
Client 37 uploaded
Client 40 trained
Client 40 uploaded
Client 83 trained
Client 83 uploaded
Client 4 trained
Client 4 uploaded
Client 96 trained
Client 96 uploaded
Client 15 trained
Client 15 uploaded
Epoch(t): 115 accuracy: 67.59 loss 1.1027585136890412 run_time: 4397.758142232895
FedDocs Algo: Group 5 is selected
| current_epoch 116 |. Begin client select
SchedulerThread schedule Group [ 5 ], select( 14 clients):
4 | 7 | 9 | 11 | 15 | 37 | 40 | 53 | 74 | 77 | 81 | 83 | 90 | 96 |
-----------------------------------------------------------------Schedule complete
Client 11 trained
Client 11 uploaded
Client 7 trained
Client 7 uploaded
Client 9 trained
Client 9 uploaded
Client 90 trained
Client 90 uploaded
Client 77 trained
Client 77 uploaded
Client 74 trained
Client 74 uploaded
Client 53 trained
Client 53 uploaded
Client 81 trained
Client 81 uploaded
Client 37 trained
Client 37 uploaded
Client 40 trained
Client 40 uploaded
Client 4 trained
Client 4 uploaded
Client 96 trained
Client 96 uploaded
Client 83 trained
Client 83 uploaded
Client 15 trained
Client 15 uploaded
Epoch(t): 116 accuracy: 68.03 loss 1.1063764423131943 run_time: 4438.054444551468
FedDocs Algo: Group 5 is selected
| current_epoch 117 |. Begin client select
SchedulerThread schedule Group [ 5 ], select( 14 clients):
4 | 7 | 9 | 11 | 15 | 37 | 40 | 53 | 74 | 77 | 81 | 83 | 90 | 96 |
-----------------------------------------------------------------Schedule complete
Client 11 trained
Client 11 uploaded
Client 7 trained
Client 7 uploaded
Client 9 trained
Client 9 uploaded
Client 90 trained
Client 90 uploaded
Client 74 trained
Client 74 uploaded
Client 77 trained
Client 77 uploaded
Client 53 trained
Client 53 uploaded
Client 81 trained
Client 81 uploaded
Client 40 trained
Client 40 uploaded
Client 37 trained
Client 37 uploaded
Client 4 trained
Client 4 uploaded
Client 83 trained
Client 83 uploaded
Client 96 trained
Client 96 uploaded
Client 15 trained
Client 15 uploaded
Epoch(t): 117 accuracy: 67.58 loss 1.1741775459051131 run_time: 4479.288883924484
FedDocs Algo: Group 5 is selected
| current_epoch 118 |. Begin client select
SchedulerThread schedule Group [ 5 ], select( 14 clients):
4 | 7 | 9 | 11 | 15 | 37 | 40 | 53 | 74 | 77 | 81 | 83 | 90 | 96 |
-----------------------------------------------------------------Schedule complete
Client 11 trained
Client 11 uploaded
Client 7 trained
Client 7 uploaded
Client 9 trained
Client 9 uploaded
Client 90 trained
Client 90 uploaded
Client 74 trained
Client 74 uploaded
Client 77 trained
Client 77 uploaded
Client 53 trained
Client 53 uploaded
Client 81 trained
Client 81 uploaded
Client 40 trained
Client 40 uploaded
Client 37 trained
Client 37 uploaded
Client 83 trained
Client 83 uploaded
Client 4 trained
Client 4 uploaded
Client 96 trained
Client 96 uploaded
Client 15 trained
Client 15 uploaded
Epoch(t): 118 accuracy: 67.08 loss 1.1878187030553817 run_time: 4518.855129241943
FedDocs Algo: Group 5 is selected
| current_epoch 119 |. Begin client select
SchedulerThread schedule Group [ 5 ], select( 14 clients):
4 | 7 | 9 | 11 | 15 | 37 | 40 | 53 | 74 | 77 | 81 | 83 | 90 | 96 |
-----------------------------------------------------------------Schedule complete
Client 7 trained
Client 7 uploaded
Client 11 trained
Client 11 uploaded
Client 9 trained
Client 9 uploaded
Client 90 trained
Client 90 uploaded
Client 77 trained
Client 77 uploaded
Client 74 trained
Client 74 uploaded
Client 53 trained
Client 53 uploaded
Client 81 trained
Client 81 uploaded
Client 40 trained
Client 40 uploaded
Client 37 trained
Client 37 uploaded
Client 83 trained
Client 83 uploaded
Client 4 trained
Client 4 uploaded
Client 96 trained
Client 96 uploaded
Client 15 trained
Client 15 uploaded
Epoch(t): 119 accuracy: 67.04 loss 1.2074424427747728 run_time: 4558.018356084824
FedDocs Algo: Group 5 is selected
| current_epoch 120 |. Begin client select
SchedulerThread schedule Group [ 5 ], select( 14 clients):
4 | 7 | 9 | 11 | 15 | 37 | 40 | 53 | 74 | 77 | 81 | 83 | 90 | 96 |
-----------------------------------------------------------------Schedule complete
Client 7 trained
Client 7 uploaded
Client 11 trained
Client 11 uploaded
Client 9 trained
Client 9 uploaded
Client 90 trained
Client 90 uploaded
Client 77 trained
Client 77 uploaded
Client 74 trained
Client 74 uploaded
Client 53 trained
Client 53 uploaded
Client 81 trained
Client 81 uploaded
Client 40 trained
Client 40 uploaded
Client 37 trained
Client 37 uploaded
Client 4 trained
Client 4 uploaded
Client 96 trained
Client 96 uploaded
Client 83 trained
Client 83 uploaded
Client 15 trained
Client 15 uploaded
Epoch(t): 120 accuracy: 66.97 loss 1.183857268691063 run_time: 4596.307559728622
FedDocs Algo: Group 4 is selected
| current_epoch 121 |. Begin client select
SchedulerThread schedule Group [ 4 ], select( 15 clients):
12 | 13 | 17 | 32 | 41 | 49 | 60 | 63 | 78 | 80 | 85 | 92 | 97 | 98 | 99 |
-----------------------------------------------------------------Schedule complete
Client 49 trained
Client 49 uploaded
Client 78 trained
Client 78 uploaded
Client 12 trained
Client 12 uploaded
Client 17 trained
Client 17 uploaded
Client 99 trained
Client 99 uploaded
Client 92 trained
Client 92 uploaded
Client 13 trained
Client 13 uploaded
Client 41 trained
Client 41 uploaded
Client 98 trained
Client 98 uploaded
Client 97 trained
Client 97 uploaded
Client 63 trained
Client 63 uploaded
Client 85 trained
Client 85 uploaded
Client 60 trained
Client 60 uploaded
Client 80 trained
Client 80 uploaded
Client 32 trained
Client 32 uploaded
Epoch(t): 121 accuracy: 67.73 loss 1.046360884308815 run_time: 4631.562868118286
FedDocs Algo: Group 1 is selected
| current_epoch 122 |. Begin client select
SchedulerThread schedule Group [ 1 ], select( 15 clients):
5 | 20 | 22 | 26 | 31 | 33 | 35 | 36 | 44 | 46 | 61 | 72 | 89 | 91 | 95 |
-----------------------------------------------------------------Schedule complete
Client 95 trained
Client 95 uploaded
Client 5 trained
Client 5 uploaded
Client 61 trained
Client 61 uploaded
Client 91 trained
Client 91 uploaded
Client 44 trained
Client 44 uploaded
Client 20 trained
Client 20 uploaded
Client 22 trained
Client 22 uploaded
Client 31 trained
Client 31 uploaded
Client 33 trained
Client 33 uploaded
Client 72 trained
Client 72 uploaded
Client 36 trained
Client 36 uploaded
Client 26 trained
Client 26 uploaded
Client 89 trained
Client 89 uploaded
Client 35 trained
Client 35 uploaded
Client 46 trained
Client 46 uploaded
Epoch(t): 122 accuracy: 69.56 loss 0.962512195110321 run_time: 4672.922595500946
FedDocs Algo: Group 2 is selected
| current_epoch 123 |. Begin client select
SchedulerThread schedule Group [ 2 ], select( 15 clients):
8 | 16 | 18 | 19 | 21 | 27 | 34 | 42 | 51 | 55 | 58 | 64 | 75 | 76 | 93 |
-----------------------------------------------------------------Schedule complete
Client 18 trained
Client 18 uploaded
Client 16 trained
Client 16 uploaded
Client 51 trained
Client 51 uploaded
Client 21 trained
Client 21 uploaded
Client 27 trained
Client 27 uploaded
Client 55 trained
Client 55 uploaded
Client 19 trained
Client 19 uploaded
Client 64 trained
Client 64 uploaded
Client 75 trained
Client 75 uploaded
Client 42 trained
Client 42 uploaded
Client 34 trained
Client 34 uploaded
Client 8 trained
Client 8 uploaded
Client 58 trained
Client 58 uploaded
Client 76 trained
Client 76 uploaded
Client 93 trained
Client 93 uploaded
Epoch(t): 123 accuracy: 69.94 loss 0.9310276180505752 run_time: 4713.906534194946
FedDocs Algo: Group 4 is selected
| current_epoch 124 |. Begin client select
SchedulerThread schedule Group [ 4 ], select( 15 clients):
12 | 13 | 17 | 32 | 41 | 49 | 60 | 63 | 78 | 80 | 85 | 92 | 97 | 98 | 99 |
-----------------------------------------------------------------Schedule complete
Client 49 trained
Client 49 uploaded
Client 78 trained
Client 78 uploaded
Client 12 trained
Client 12 uploaded
Client 17 trained
Client 17 uploaded
Client 92 trained
Client 92 uploaded
Client 99 trained
Client 99 uploaded
Client 13 trained
Client 13 uploaded
Client 41 trained
Client 41 uploaded
Client 98 trained
Client 98 uploaded
Client 97 trained
Client 97 uploaded
Client 63 trained
Client 63 uploaded
Client 85 trained
Client 85 uploaded
Client 60 trained
Client 60 uploaded
Client 80 trained
Client 80 uploaded
Client 32 trained
Client 32 uploaded
Epoch(t): 124 accuracy: 69.29 loss 0.9791985017061233 run_time: 4748.550426721573
FedDocs Algo: Group 1 is selected
| current_epoch 125 |. Begin client select
SchedulerThread schedule Group [ 1 ], select( 15 clients):
5 | 20 | 22 | 26 | 31 | 33 | 35 | 36 | 44 | 46 | 61 | 72 | 89 | 91 | 95 |
-----------------------------------------------------------------Schedule complete
Client 95 trained
Client 95 uploaded
Client 5 trained
Client 5 uploaded
Client 61 trained
Client 61 uploaded
Client 91 trained
Client 91 uploaded
Client 44 trained
Client 44 uploaded
Client 22 trained
Client 22 uploaded
Client 20 trained
Client 20 uploaded
Client 31 trained
Client 31 uploaded
Client 33 trained
Client 33 uploaded
Client 72 trained
Client 72 uploaded
Client 26 trained
Client 26 uploaded
Client 36 trained
Client 36 uploaded
Client 89 trained
Client 89 uploaded
Client 46 trained
Client 46 uploaded
Client 35 trained
Client 35 uploaded
Epoch(t): 125 accuracy: 70.03 loss 0.9402924537658691 run_time: 4792.125907659531
FedDocs Algo: Group 5 is selected
| current_epoch 126 |. Begin client select
SchedulerThread schedule Group [ 5 ], select( 14 clients):
4 | 7 | 9 | 11 | 15 | 37 | 40 | 53 | 74 | 77 | 81 | 83 | 90 | 96 |
-----------------------------------------------------------------Schedule complete
Client 7 trained
Client 7 uploaded
Client 11 trained
Client 11 uploaded
Client 90 trained
Client 90 uploaded
Client 9 trained
Client 9 uploaded
Client 77 trained
Client 77 uploaded
Client 74 trained
Client 74 uploaded
Client 53 trained
Client 53 uploaded
Client 81 trained
Client 81 uploaded
Client 37 trained
Client 37 uploaded
Client 40 trained
Client 40 uploaded
Client 4 trained
Client 4 uploaded
Client 83 trained
Client 83 uploaded
Client 96 trained
Client 96 uploaded
Client 15 trained
Client 15 uploaded
Epoch(t): 126 accuracy: 69.3 loss 1.0556598258018495 run_time: 4831.549941301346
FedDocs Algo: Group 5 is selected
| current_epoch 127 |. Begin client select
SchedulerThread schedule Group [ 5 ], select( 14 clients):
4 | 7 | 9 | 11 | 15 | 37 | 40 | 53 | 74 | 77 | 81 | 83 | 90 | 96 |
-----------------------------------------------------------------Schedule complete
Client 7 trained
Client 7 uploaded
Client 11 trained
Client 11 uploaded
Client 9 trained
Client 9 uploaded
Client 90 trained
Client 90 uploaded
Client 77 trained
Client 77 uploaded
Client 74 trained
Client 74 uploaded
Client 53 trained
Client 53 uploaded
Client 81 trained
Client 81 uploaded
Client 37 trained
Client 37 uploaded
Client 40 trained
Client 40 uploaded
Client 83 trained
Client 83 uploaded
Client 4 trained
Client 4 uploaded
Client 96 trained
Client 96 uploaded
Client 15 trained
Client 15 uploaded
Epoch(t): 127 accuracy: 68.62 loss 1.1013375133275987 run_time: 4870.683575391769
FedDocs Algo: Group 0 is selected
| current_epoch 128 |. Begin client select
SchedulerThread schedule Group [ 0 ], select( 13 clients):
2 | 3 | 29 | 47 | 52 | 54 | 56 | 66 | 67 | 68 | 70 | 84 | 86 |
-----------------------------------------------------------------Schedule complete
Client 47 trained
Client 47 uploaded
Client 86 trained
Client 86 uploaded
Client 29 trained
Client 29 uploaded
Client 52 trained
Client 52 uploaded
Client 54 trained
Client 54 uploaded
Client 2 trained
Client 2 uploaded
Client 70 trained
Client 70 uploaded
Client 3 trained
Client 3 uploaded
Client 56 trained
Client 56 uploaded
Client 68 trained
Client 68 uploaded
Client 66 trained
Client 66 uploaded
Client 84 trained
Client 84 uploaded
Client 67 trained
Client 67 uploaded
Epoch(t): 128 accuracy: 68.86 loss 0.9794383615255355 run_time: 4903.6123242378235
FedDocs Algo: Group 5 is selected
| current_epoch 129 |. Begin client select
SchedulerThread schedule Group [ 5 ], select( 14 clients):
4 | 7 | 9 | 11 | 15 | 37 | 40 | 53 | 74 | 77 | 81 | 83 | 90 | 96 |
-----------------------------------------------------------------Schedule complete
Client 11 trained
Client 11 uploaded
Client 7 trained
Client 7 uploaded
Client 90 trained
Client 90 uploaded
Client 9 trained
Client 9 uploaded
Client 77 trained
Client 77 uploaded
Client 74 trained
Client 74 uploaded
Client 53 trained
Client 53 uploaded
Client 81 trained
Client 81 uploaded
Client 40 trained
Client 40 uploaded
Client 37 trained
Client 37 uploaded
Client 4 trained
Client 4 uploaded
Client 96 trained
Client 96 uploaded
Client 83 trained
Client 83 uploaded
Client 15 trained
Client 15 uploaded
Epoch(t): 129 accuracy: 68.83 loss 1.0841516327857972 run_time: 4943.123381137848
FedDocs Algo: Group 1 is selected
| current_epoch 130 |. Begin client select
SchedulerThread schedule Group [ 1 ], select( 15 clients):
5 | 20 | 22 | 26 | 31 | 33 | 35 | 36 | 44 | 46 | 61 | 72 | 89 | 91 | 95 |
-----------------------------------------------------------------Schedule complete
Client 95 trained
Client 95 uploaded
Client 5 trained
Client 5 uploaded
Client 91 trained
Client 91 uploaded
Client 61 trained
Client 61 uploaded
Client 44 trained
Client 44 uploaded
Client 22 trained
Client 22 uploaded
Client 20 trained
Client 20 uploaded
Client 31 trained
Client 31 uploaded
Client 72 trained
Client 72 uploaded
Client 33 trained
Client 33 uploaded
Client 26 trained
Client 26 uploaded
Client 36 trained
Client 36 uploaded
Client 89 trained
Client 89 uploaded
Client 35 trained
Client 35 uploaded
Client 46 trained
Client 46 uploaded
Epoch(t): 130 accuracy: 70.02 loss 0.9648538064956665 run_time: 4984.836792469025
FedDocs Algo: Group 3 is selected
| current_epoch 131 |. Begin client select
SchedulerThread schedule Group [ 3 ], select( 15 clients):
1 | 10 | 23 | 24 | 28 | 38 | 43 | 45 | 48 | 50 | 59 | 62 | 69 | 87 | 94 |
-----------------------------------------------------------------Schedule complete
Client 59 trained
Client 59 uploaded
Client 28 trained
Client 28 uploaded
Client 94 trained
Client 94 uploaded
Client 87 trained
Client 87 uploaded
Client 23 trained
Client 23 uploaded
Client 48 trained
Client 48 uploaded
Client 38 trained
Client 38 uploaded
Client 10 trained
Client 10 uploaded
Client 50 trained
Client 50 uploaded
Client 24 trained
Client 24 uploaded
Client 69 trained
Client 69 uploaded
Client 45 trained
Client 45 uploaded
Client 1 trained
Client 1 uploaded
Client 62 trained
Client 62 uploaded
Client 43 trained
Client 43 uploaded
Epoch(t): 131 accuracy: 70.23 loss 0.9168934953212738 run_time: 5025.424467086792
FedDocs Algo: Group 1 is selected
| current_epoch 132 |. Begin client select
SchedulerThread schedule Group [ 1 ], select( 15 clients):
5 | 20 | 22 | 26 | 31 | 33 | 35 | 36 | 44 | 46 | 61 | 72 | 89 | 91 | 95 |
-----------------------------------------------------------------Schedule complete
Client 95 trained
Client 95 uploaded
Client 5 trained
Client 5 uploaded
Client 61 trained
Client 61 uploaded
Client 91 trained
Client 91 uploaded
Client 44 trained
Client 44 uploaded
Client 22 trained
Client 22 uploaded
Client 31 trained
Client 31 uploaded
Client 20 trained
Client 20 uploaded
Client 33 trained
Client 33 uploaded
Client 72 trained
Client 72 uploaded
Client 36 trained
Client 36 uploaded
Client 26 trained
Client 26 uploaded
Client 89 trained
Client 89 uploaded
Client 35 trained
Client 35 uploaded
Client 46 trained
Client 46 uploaded
Epoch(t): 132 accuracy: 70.27 loss 0.9424981996417046 run_time: 5069.2089211940765
FedDocs Algo: Group 5 is selected
| current_epoch 133 |. Begin client select
SchedulerThread schedule Group [ 5 ], select( 14 clients):
4 | 7 | 9 | 11 | 15 | 37 | 40 | 53 | 74 | 77 | 81 | 83 | 90 | 96 |
-----------------------------------------------------------------Schedule complete
Client 11 trained
Client 11 uploaded
Client 7 trained
Client 7 uploaded
Client 9 trained
Client 9 uploaded
Client 90 trained
Client 90 uploaded
Client 74 trained
Client 74 uploaded
Client 77 trained
Client 77 uploaded
Client 53 trained
Client 53 uploaded
Client 81 trained
Client 81 uploaded
Client 37 trained
Client 37 uploaded
Client 40 trained
Client 40 uploaded
Client 4 trained
Client 4 uploaded
Client 96 trained
Client 96 uploaded
Client 83 trained
Client 83 uploaded
Client 15 trained
Client 15 uploaded
Epoch(t): 133 accuracy: 69.92 loss 1.0611916399002075 run_time: 5110.090509653091
FedDocs Algo: Group 5 is selected
| current_epoch 134 |. Begin client select
SchedulerThread schedule Group [ 5 ], select( 14 clients):
4 | 7 | 9 | 11 | 15 | 37 | 40 | 53 | 74 | 77 | 81 | 83 | 90 | 96 |
-----------------------------------------------------------------Schedule complete
Client 7 trained
Client 7 uploaded
Client 11 trained
Client 11 uploaded
Client 9 trained
Client 9 uploaded
Client 90 trained
Client 90 uploaded
Client 74 trained
Client 74 uploaded
Client 77 trained
Client 77 uploaded
Client 53 trained
Client 53 uploaded
Client 81 trained
Client 81 uploaded
Client 37 trained
Client 37 uploaded
Client 40 trained
Client 40 uploaded
Client 4 trained
Client 4 uploaded
Client 96 trained
Client 96 uploaded
Client 83 trained
Client 83 uploaded
Client 15 trained
Client 15 uploaded
Epoch(t): 134 accuracy: 68.88 loss 1.0961733919382095 run_time: 5149.813825845718
FedDocs Algo: Group 5 is selected
| current_epoch 135 |. Begin client select
SchedulerThread schedule Group [ 5 ], select( 14 clients):
4 | 7 | 9 | 11 | 15 | 37 | 40 | 53 | 74 | 77 | 81 | 83 | 90 | 96 |
-----------------------------------------------------------------Schedule complete
Client 7 trained
Client 7 uploaded
Client 11 trained
Client 11 uploaded
Client 9 trained
Client 9 uploaded
Client 90 trained
Client 90 uploaded
Client 77 trained
Client 77 uploaded
Client 74 trained
Client 74 uploaded
Client 53 trained
Client 53 uploaded
Client 81 trained
Client 81 uploaded
Client 37 trained
Client 37 uploaded
Client 40 trained
Client 40 uploaded
Client 96 trained
Client 96 uploaded
Client 4 trained
Client 4 uploaded
Client 83 trained
Client 83 uploaded
Client 15 trained
Client 15 uploaded
Epoch(t): 135 accuracy: 69.05 loss 1.1266567313671112 run_time: 5190.066002368927
FedDocs Algo: Group 3 is selected
| current_epoch 136 |. Begin client select
SchedulerThread schedule Group [ 3 ], select( 15 clients):
1 | 10 | 23 | 24 | 28 | 38 | 43 | 45 | 48 | 50 | 59 | 62 | 69 | 87 | 94 |
-----------------------------------------------------------------Schedule complete
Client 59 trained
Client 59 uploaded
Client 28 trained
Client 28 uploaded
Client 94 trained
Client 94 uploaded
Client 23 trained
Client 23 uploaded
Client 87 trained
Client 87 uploaded
Client 48 trained
Client 48 uploaded
Client 38 trained
Client 38 uploaded
Client 10 trained
Client 10 uploaded
Client 24 trained
Client 24 uploaded
Client 50 trained
Client 50 uploaded
Client 69 trained
Client 69 uploaded
Client 45 trained
Client 45 uploaded
Client 1 trained
Client 1 uploaded
Client 62 trained
Client 62 uploaded
Client 43 trained
Client 43 uploaded
Epoch(t): 136 accuracy: 69.72 loss 0.9585639154911041 run_time: 5232.2010061740875
FedDocs Algo: Group 5 is selected
| current_epoch 137 |. Begin client select
SchedulerThread schedule Group [ 5 ], select( 14 clients):
4 | 7 | 9 | 11 | 15 | 37 | 40 | 53 | 74 | 77 | 81 | 83 | 90 | 96 |
-----------------------------------------------------------------Schedule complete
Client 7 trained
Client 7 uploaded
Client 11 trained
Client 11 uploaded
Client 9 trained
Client 9 uploaded
Client 90 trained
Client 90 uploaded
Client 74 trained
Client 74 uploaded
Client 77 trained
Client 77 uploaded
Client 53 trained
Client 53 uploaded
Client 81 trained
Client 81 uploaded
Client 40 trained
Client 40 uploaded
Client 37 trained
Client 37 uploaded
Client 96 trained
Client 96 uploaded
Client 4 trained
Client 4 uploaded
Client 83 trained
Client 83 uploaded
Client 15 trained
Client 15 uploaded
Epoch(t): 137 accuracy: 68.87 loss 1.0969659009575843 run_time: 5272.241295814514
FedDocs Algo: Group 0 is selected
| current_epoch 138 |. Begin client select
SchedulerThread schedule Group [ 0 ], select( 13 clients):
2 | 3 | 29 | 47 | 52 | 54 | 56 | 66 | 67 | 68 | 70 | 84 | 86 |
-----------------------------------------------------------------Schedule complete
Client 47 trained
Client 47 uploaded
Client 86 trained
Client 86 uploaded
Client 29 trained
Client 29 uploaded
Client 52 trained
Client 52 uploaded
Client 54 trained
Client 54 uploaded
Client 2 trained
Client 2 uploaded
Client 70 trained
Client 70 uploaded
Client 3 trained
Client 3 uploaded
Client 56 trained
Client 56 uploaded
Client 68 trained
Client 68 uploaded
Client 66 trained
Client 66 uploaded
Client 84 trained
Client 84 uploaded
Client 67 trained
Client 67 uploaded
Epoch(t): 138 accuracy: 69.2 loss 0.9823633575439453 run_time: 5306.334480762482
FedDocs Algo: Group 5 is selected
| current_epoch 139 |. Begin client select
SchedulerThread schedule Group [ 5 ], select( 14 clients):
4 | 7 | 9 | 11 | 15 | 37 | 40 | 53 | 74 | 77 | 81 | 83 | 90 | 96 |
-----------------------------------------------------------------Schedule complete
Client 11 trained
Client 11 uploaded
Client 7 trained
Client 7 uploaded
Client 90 trained
Client 90 uploaded
Client 9 trained
Client 9 uploaded
Client 77 trained
Client 77 uploaded
Client 74 trained
Client 74 uploaded
Client 53 trained
Client 53 uploaded
Client 81 trained
Client 81 uploaded
Client 37 trained
Client 37 uploaded
Client 40 trained
Client 40 uploaded
Client 83 trained
Client 83 uploaded
Client 96 trained
Client 96 uploaded
Client 4 trained
Client 4 uploaded
Client 15 trained
Client 15 uploaded
Epoch(t): 139 accuracy: 69.22 loss 1.076400547027588 run_time: 5346.540615081787
FedDocs Algo: Group 3 is selected
| current_epoch 140 |. Begin client select
SchedulerThread schedule Group [ 3 ], select( 15 clients):
1 | 10 | 23 | 24 | 28 | 38 | 43 | 45 | 48 | 50 | 59 | 62 | 69 | 87 | 94 |
-----------------------------------------------------------------Schedule complete
Client 59 trained
Client 59 uploaded
Client 28 trained
Client 28 uploaded
Client 94 trained
Client 94 uploaded
Client 23 trained
Client 23 uploaded
Client 87 trained
Client 87 uploaded
Client 48 trained
Client 48 uploaded
Client 38 trained
Client 38 uploaded
Client 10 trained
Client 10 uploaded
Client 24 trained
Client 24 uploaded
Client 50 trained
Client 50 uploaded
Client 69 trained
Client 69 uploaded
Client 45 trained
Client 45 uploaded
Client 1 trained
Client 1 uploaded
Client 62 trained
Client 62 uploaded
Client 43 trained
Client 43 uploaded
Epoch(t): 140 accuracy: 69.74 loss 0.954810979962349 run_time: 5387.198806524277
FedDocs Algo: Group 5 is selected
| current_epoch 141 |. Begin client select
SchedulerThread schedule Group [ 5 ], select( 14 clients):
4 | 7 | 9 | 11 | 15 | 37 | 40 | 53 | 74 | 77 | 81 | 83 | 90 | 96 |
-----------------------------------------------------------------Schedule complete
Client 7 trained
Client 7 uploaded
Client 11 trained
Client 11 uploaded
Client 9 trained
Client 9 uploaded
Client 90 trained
Client 90 uploaded
Client 74 trained
Client 74 uploaded
Client 77 trained
Client 77 uploaded
Client 53 trained
Client 53 uploaded
Client 81 trained
Client 81 uploaded
Client 40 trained
Client 40 uploaded
Client 37 trained
Client 37 uploaded
Client 83 trained
Client 83 uploaded
Client 96 trained
Client 96 uploaded
Client 4 trained
Client 4 uploaded
Client 15 trained
Client 15 uploaded
Epoch(t): 141 accuracy: 69.05 loss 1.0663199323415755 run_time: 5427.787144422531
FedDocs Algo: Group 5 is selected
| current_epoch 142 |. Begin client select
SchedulerThread schedule Group [ 5 ], select( 14 clients):
4 | 7 | 9 | 11 | 15 | 37 | 40 | 53 | 74 | 77 | 81 | 83 | 90 | 96 |
-----------------------------------------------------------------Schedule complete
Client 7 trained
Client 7 uploaded
Client 11 trained
Client 11 uploaded
Client 90 trained
Client 90 uploaded
Client 9 trained
Client 9 uploaded
Client 74 trained
Client 74 uploaded
Client 77 trained
Client 77 uploaded
Client 53 trained
Client 53 uploaded
Client 81 trained
Client 81 uploaded
Client 37 trained
Client 37 uploaded
Client 40 trained
Client 40 uploaded
Client 83 trained
Client 83 uploaded
Client 4 trained
Client 4 uploaded
Client 96 trained
Client 96 uploaded
Client 15 trained
Client 15 uploaded
Epoch(t): 142 accuracy: 68.58 loss 1.1207328814268112 run_time: 5467.049706459045
FedDocs Algo: Group 5 is selected
| current_epoch 143 |. Begin client select
SchedulerThread schedule Group [ 5 ], select( 14 clients):
4 | 7 | 9 | 11 | 15 | 37 | 40 | 53 | 74 | 77 | 81 | 83 | 90 | 96 |
-----------------------------------------------------------------Schedule complete
Client 11 trained
Client 11 uploaded
Client 7 trained
Client 7 uploaded
Client 9 trained
Client 9 uploaded
Client 90 trained
Client 90 uploaded
Client 74 trained
Client 74 uploaded
Client 77 trained
Client 77 uploaded
Client 53 trained
Client 53 uploaded
Client 81 trained
Client 81 uploaded
Client 37 trained
Client 37 uploaded
Client 40 trained
Client 40 uploaded
Client 83 trained
Client 83 uploaded
Client 96 trained
Client 96 uploaded
Client 4 trained
Client 4 uploaded
Client 15 trained
Client 15 uploaded
Epoch(t): 143 accuracy: 68.68 loss 1.1468376970291139 run_time: 5507.748455047607
FedDocs Algo: Group 3 is selected
| current_epoch 144 |. Begin client select
SchedulerThread schedule Group [ 3 ], select( 15 clients):
1 | 10 | 23 | 24 | 28 | 38 | 43 | 45 | 48 | 50 | 59 | 62 | 69 | 87 | 94 |
-----------------------------------------------------------------Schedule complete
Client 59 trained
Client 59 uploaded
Client 28 trained
Client 28 uploaded
Client 94 trained
Client 94 uploaded
Client 87 trained
Client 87 uploaded
Client 23 trained
Client 23 uploaded
Client 48 trained
Client 48 uploaded
Client 38 trained
Client 38 uploaded
Client 10 trained
Client 10 uploaded
Client 50 trained
Client 50 uploaded
Client 24 trained
Client 24 uploaded
Client 69 trained
Client 69 uploaded
Client 45 trained
Client 45 uploaded
Client 1 trained
Client 1 uploaded
Client 62 trained
Client 62 uploaded
Client 43 trained
Client 43 uploaded
Epoch(t): 144 accuracy: 70.18 loss 0.9617452347278594 run_time: 5548.093531847
FedDocs Algo: Group 5 is selected
| current_epoch 145 |. Begin client select
SchedulerThread schedule Group [ 5 ], select( 14 clients):
4 | 7 | 9 | 11 | 15 | 37 | 40 | 53 | 74 | 77 | 81 | 83 | 90 | 96 |
-----------------------------------------------------------------Schedule complete
Client 7 trained
Client 7 uploaded
Client 11 trained
Client 11 uploaded
Client 90 trained
Client 90 uploaded
Client 9 trained
Client 9 uploaded
Client 74 trained
Client 74 uploaded
Client 77 trained
Client 77 uploaded
Client 53 trained
Client 53 uploaded
Client 81 trained
Client 81 uploaded
Client 37 trained
Client 37 uploaded
Client 40 trained
Client 40 uploaded
Client 4 trained
Client 4 uploaded
Client 83 trained
Client 83 uploaded
Client 96 trained
Client 96 uploaded
Client 15 trained
Client 15 uploaded
Epoch(t): 145 accuracy: 69.24 loss 1.0796359068155288 run_time: 5588.939108371735
FedDocs Algo: Group 5 is selected
| current_epoch 146 |. Begin client select
SchedulerThread schedule Group [ 5 ], select( 14 clients):
4 | 7 | 9 | 11 | 15 | 37 | 40 | 53 | 74 | 77 | 81 | 83 | 90 | 96 |
-----------------------------------------------------------------Schedule complete
Client 7 trained
Client 7 uploaded
Client 11 trained
Client 11 uploaded
Client 9 trained
Client 9 uploaded
Client 90 trained
Client 90 uploaded
Client 77 trained
Client 77 uploaded
Client 74 trained
Client 74 uploaded
Client 53 trained
Client 53 uploaded
Client 81 trained
Client 81 uploaded
Client 40 trained
Client 40 uploaded
Client 37 trained
Client 37 uploaded
Client 96 trained
Client 96 uploaded
Client 4 trained
Client 4 uploaded
Client 83 trained
Client 83 uploaded
Client 15 trained
Client 15 uploaded
Epoch(t): 146 accuracy: 68.66 loss 1.1474701523780824 run_time: 5629.094644546509
FedDocs Algo: Group 1 is selected
| current_epoch 147 |. Begin client select
SchedulerThread schedule Group [ 1 ], select( 15 clients):
5 | 20 | 22 | 26 | 31 | 33 | 35 | 36 | 44 | 46 | 61 | 72 | 89 | 91 | 95 |
-----------------------------------------------------------------Schedule complete
Client 95 trained
Client 95 uploaded
Client 5 trained
Client 5 uploaded
Client 91 trained
Client 91 uploaded
Client 61 trained
Client 61 uploaded
Client 44 trained
Client 44 uploaded
Client 22 trained
Client 22 uploaded
Client 20 trained
Client 20 uploaded
Client 31 trained
Client 31 uploaded
Client 33 trained
Client 33 uploaded
Client 72 trained
Client 72 uploaded
Client 26 trained
Client 26 uploaded
Client 36 trained
Client 36 uploaded
Client 89 trained
Client 89 uploaded
Client 35 trained
Client 35 uploaded
Client 46 trained
Client 46 uploaded
Epoch(t): 147 accuracy: 69.69 loss 0.9680906146764755 run_time: 5672.203113079071
FedDocs Algo: Group 3 is selected
| current_epoch 148 |. Begin client select
SchedulerThread schedule Group [ 3 ], select( 15 clients):
1 | 10 | 23 | 24 | 28 | 38 | 43 | 45 | 48 | 50 | 59 | 62 | 69 | 87 | 94 |
-----------------------------------------------------------------Schedule complete
Client 59 trained
Client 59 uploaded
Client 28 trained
Client 28 uploaded
Client 94 trained
Client 94 uploaded
Client 87 trained
Client 87 uploaded
Client 23 trained
Client 23 uploaded
Client 48 trained
Client 48 uploaded
Client 10 trained
Client 10 uploaded
Client 38 trained
Client 38 uploaded
Client 24 trained
Client 24 uploaded
Client 50 trained
Client 50 uploaded
Client 69 trained
Client 69 uploaded
Client 45 trained
Client 45 uploaded
Client 1 trained
Client 1 uploaded
Client 62 trained
Client 62 uploaded
Client 43 trained
Client 43 uploaded
Epoch(t): 148 accuracy: 70.55 loss 0.942630842924118 run_time: 5712.713415384293
FedDocs Algo: Group 1 is selected
| current_epoch 149 |. Begin client select
SchedulerThread schedule Group [ 1 ], select( 15 clients):
5 | 20 | 22 | 26 | 31 | 33 | 35 | 36 | 44 | 46 | 61 | 72 | 89 | 91 | 95 |
-----------------------------------------------------------------Schedule complete
Client 95 trained
Client 95 uploaded
Client 5 trained
Client 5 uploaded
Client 61 trained
Client 61 uploaded
Client 91 trained
Client 91 uploaded
Client 44 trained
Client 44 uploaded
Client 20 trained
Client 20 uploaded
Client 22 trained
Client 22 uploaded
Client 31 trained
Client 31 uploaded
Client 33 trained
Client 33 uploaded
Client 72 trained
Client 72 uploaded
Client 26 trained
Client 26 uploaded
Client 36 trained
Client 36 uploaded
Client 89 trained
Client 89 uploaded
Client 46 trained
Client 46 uploaded
Client 35 trained
Client 35 uploaded
Epoch(t): 149 accuracy: 70.04 loss 0.9605184495449066 run_time: 5753.853523015976
FedDocs Algo: Group 1 is selected
| current_epoch 150 |. Begin client select
SchedulerThread schedule Group [ 1 ], select( 15 clients):
5 | 20 | 22 | 26 | 31 | 33 | 35 | 36 | 44 | 46 | 61 | 72 | 89 | 91 | 95 |
-----------------------------------------------------------------Schedule complete
Client 95 trained
Client 95 uploaded
Client 5 trained
Client 5 uploaded
Client 91 trained
Client 91 uploaded
Client 61 trained
Client 61 uploaded
Client 44 trained
Client 44 uploaded
Client 20 trained
Client 20 uploaded
Client 22 trained
Client 22 uploaded
Client 31 trained
Client 31 uploaded
Client 33 trained
Client 33 uploaded
Client 72 trained
Client 72 uploaded
Client 36 trained
Client 36 uploaded
Client 26 trained
Client 26 uploaded
Client 89 trained
Client 89 uploaded
Client 46 trained
Client 46 uploaded
Client 35 trained
Client 35 uploaded
Epoch(t): 150 accuracy: 70.56 loss 0.9581740909814834 run_time: 5794.896238565445
FedDocs Algo: Group 5 is selected
| current_epoch 151 |. Begin client select
SchedulerThread schedule Group [ 5 ], select( 14 clients):
4 | 7 | 9 | 11 | 15 | 37 | 40 | 53 | 74 | 77 | 81 | 83 | 90 | 96 |
-----------------------------------------------------------------Schedule complete
Client 7 trained
Client 7 uploaded
Client 11 trained
Client 11 uploaded
Client 9 trained
Client 9 uploaded
Client 90 trained
Client 90 uploaded
Client 74 trained
Client 74 uploaded
Client 77 trained
Client 77 uploaded
Client 53 trained
Client 53 uploaded
Client 81 trained
Client 81 uploaded
Client 40 trained
Client 40 uploaded
Client 37 trained
Client 37 uploaded
Client 83 trained
Client 83 uploaded
Client 4 trained
Client 4 uploaded
Client 96 trained
Client 96 uploaded
Client 15 trained
Client 15 uploaded
Epoch(t): 151 accuracy: 70.06 loss 1.061623014807701 run_time: 5836.505264282227
FedDocs Algo: Group 6 is selected
| current_epoch 152 |. Begin client select
SchedulerThread schedule Group [ 6 ], select( 13 clients):
0 | 6 | 14 | 25 | 30 | 39 | 57 | 65 | 71 | 73 | 79 | 82 | 88 |
-----------------------------------------------------------------Schedule complete
Client 39 trained
Client 39 uploaded
Client 57 trained
Client 57 uploaded
Client 30 trained
Client 30 uploaded
Client 79 trained
Client 79 uploaded
Client 88 trained
Client 88 uploaded
Client 71 trained
Client 71 uploaded
Client 14 trained
Client 14 uploaded
Client 0 trained
Client 0 uploaded
Client 82 trained
Client 82 uploaded
Client 65 trained
Client 65 uploaded
Client 73 trained
Client 73 uploaded
Client 6 trained
Client 6 uploaded
Client 25 trained
Client 25 uploaded
Epoch(t): 152 accuracy: 71.16 loss 0.9101526737213135 run_time: 5867.191074371338
FedDocs Algo: Group 5 is selected
| current_epoch 153 |. Begin client select
SchedulerThread schedule Group [ 5 ], select( 14 clients):
4 | 7 | 9 | 11 | 15 | 37 | 40 | 53 | 74 | 77 | 81 | 83 | 90 | 96 |
-----------------------------------------------------------------Schedule complete
Client 11 trained
Client 11 uploaded
Client 7 trained
Client 7 uploaded
Client 90 trained
Client 90 uploaded
Client 9 trained
Client 9 uploaded
Client 77 trained
Client 77 uploaded
Client 74 trained
Client 74 uploaded
Client 53 trained
Client 53 uploaded
Client 81 trained
Client 81 uploaded
Client 37 trained
Client 37 uploaded
Client 40 trained
Client 40 uploaded
Client 4 trained
Client 4 uploaded
Client 83 trained
Client 83 uploaded
Client 96 trained
Client 96 uploaded
Client 15 trained
Client 15 uploaded
Epoch(t): 153 accuracy: 70.44 loss 1.0199944692850114 run_time: 5907.756402492523
FedDocs Algo: Group 5 is selected
| current_epoch 154 |. Begin client select
SchedulerThread schedule Group [ 5 ], select( 14 clients):
4 | 7 | 9 | 11 | 15 | 37 | 40 | 53 | 74 | 77 | 81 | 83 | 90 | 96 |
-----------------------------------------------------------------Schedule complete
Client 7 trained
Client 7 uploaded
Client 11 trained
Client 11 uploaded
Client 9 trained
Client 9 uploaded
Client 90 trained
Client 90 uploaded
Client 77 trained
Client 77 uploaded
Client 74 trained
Client 74 uploaded
Client 53 trained
Client 53 uploaded
Client 81 trained
Client 81 uploaded
Client 40 trained
Client 40 uploaded
Client 37 trained
Client 37 uploaded
Client 4 trained
Client 4 uploaded
Client 83 trained
Client 83 uploaded
Client 96 trained
Client 96 uploaded
Client 15 trained
Client 15 uploaded
Epoch(t): 154 accuracy: 70.21 loss 1.074727840423584 run_time: 5948.2307851314545
FedDocs Algo: Group 4 is selected
| current_epoch 155 |. Begin client select
SchedulerThread schedule Group [ 4 ], select( 15 clients):
12 | 13 | 17 | 32 | 41 | 49 | 60 | 63 | 78 | 80 | 85 | 92 | 97 | 98 | 99 |
-----------------------------------------------------------------Schedule complete
Client 49 trained
Client 49 uploaded
Client 78 trained
Client 78 uploaded
Client 12 trained
Client 12 uploaded
Client 17 trained
Client 17 uploaded
Client 92 trained
Client 92 uploaded
Client 99 trained
Client 99 uploaded
Client 41 trained
Client 41 uploaded
Client 13 trained
Client 13 uploaded
Client 98 trained
Client 98 uploaded
Client 97 trained
Client 97 uploaded
Client 63 trained
Client 63 uploaded
Client 85 trained
Client 85 uploaded
Client 60 trained
Client 60 uploaded
Client 80 trained
Client 80 uploaded
Client 32 trained
Client 32 uploaded
Epoch(t): 155 accuracy: 69.9 loss 0.9781905132532119 run_time: 5981.805798530579
FedDocs Algo: Group 5 is selected
| current_epoch 156 |. Begin client select
SchedulerThread schedule Group [ 5 ], select( 14 clients):
4 | 7 | 9 | 11 | 15 | 37 | 40 | 53 | 74 | 77 | 81 | 83 | 90 | 96 |
-----------------------------------------------------------------Schedule complete
Client 7 trained
Client 7 uploaded
Client 11 trained
Client 11 uploaded
Client 9 trained
Client 9 uploaded
Client 90 trained
Client 90 uploaded
Client 77 trained
Client 77 uploaded
Client 74 trained
Client 74 uploaded
Client 53 trained
Client 53 uploaded
Client 81 trained
Client 81 uploaded
Client 37 trained
Client 37 uploaded
Client 40 trained
Client 40 uploaded
Client 4 trained
Client 4 uploaded
Client 83 trained
Client 83 uploaded
Client 96 trained
Client 96 uploaded
Client 15 trained
Client 15 uploaded
Epoch(t): 156 accuracy: 69.61 loss 1.0689649218320847 run_time: 6021.9817860126495
FedDocs Algo: Group 5 is selected
| current_epoch 157 |. Begin client select
SchedulerThread schedule Group [ 5 ], select( 14 clients):
4 | 7 | 9 | 11 | 15 | 37 | 40 | 53 | 74 | 77 | 81 | 83 | 90 | 96 |
-----------------------------------------------------------------Schedule complete
Client 11 trained
Client 11 uploaded
Client 7 trained
Client 7 uploaded
Client 9 trained
Client 9 uploaded
Client 90 trained
Client 90 uploaded
Client 77 trained
Client 77 uploaded
Client 74 trained
Client 74 uploaded
Client 53 trained
Client 53 uploaded
Client 81 trained
Client 81 uploaded
Client 37 trained
Client 37 uploaded
Client 40 trained
Client 40 uploaded
Client 4 trained
Client 4 uploaded
Client 83 trained
Client 83 uploaded
Client 96 trained
Client 96 uploaded
Client 15 trained
Client 15 uploaded
Epoch(t): 157 accuracy: 69.68 loss 1.0906945884227752 run_time: 6061.698105096817
FedDocs Algo: Group 5 is selected
| current_epoch 158 |. Begin client select
SchedulerThread schedule Group [ 5 ], select( 14 clients):
4 | 7 | 9 | 11 | 15 | 37 | 40 | 53 | 74 | 77 | 81 | 83 | 90 | 96 |
-----------------------------------------------------------------Schedule complete
Client 7 trained
Client 7 uploaded
Client 11 trained
Client 11 uploaded
Client 9 trained
Client 9 uploaded
Client 90 trained
Client 90 uploaded
Client 77 trained
Client 77 uploaded
Client 74 trained
Client 74 uploaded
Client 53 trained
Client 53 uploaded
Client 81 trained
Client 81 uploaded
Client 37 trained
Client 37 uploaded
Client 40 trained
Client 40 uploaded
Client 83 trained
Client 83 uploaded
Client 4 trained
Client 4 uploaded
Client 96 trained
Client 96 uploaded
Client 15 trained
Client 15 uploaded
Epoch(t): 158 accuracy: 68.67 loss 1.1382094198465347 run_time: 6102.377566099167
FedDocs Algo: Group 5 is selected
| current_epoch 159 |. Begin client select
SchedulerThread schedule Group [ 5 ], select( 14 clients):
4 | 7 | 9 | 11 | 15 | 37 | 40 | 53 | 74 | 77 | 81 | 83 | 90 | 96 |
-----------------------------------------------------------------Schedule complete
Client 11 trained
Client 11 uploaded
Client 7 trained
Client 7 uploaded
Client 9 trained
Client 9 uploaded
Client 90 trained
Client 90 uploaded
Client 74 trained
Client 74 uploaded
Client 77 trained
Client 77 uploaded
Client 53 trained
Client 53 uploaded
Client 81 trained
Client 81 uploaded
Client 37 trained
Client 37 uploaded
Client 40 trained
Client 40 uploaded
Client 83 trained
Client 83 uploaded
Client 4 trained
Client 4 uploaded
Client 96 trained
Client 96 uploaded
Client 15 trained
Client 15 uploaded
Epoch(t): 159 accuracy: 68.59 loss 1.1593056589365005 run_time: 6143.191677570343
FedDocs Algo: Group 3 is selected
| current_epoch 160 |. Begin client select
SchedulerThread schedule Group [ 3 ], select( 15 clients):
1 | 10 | 23 | 24 | 28 | 38 | 43 | 45 | 48 | 50 | 59 | 62 | 69 | 87 | 94 |
-----------------------------------------------------------------Schedule complete
Client 59 trained
Client 59 uploaded
Client 28 trained
Client 28 uploaded
Client 94 trained
Client 94 uploaded
Client 87 trained
Client 87 uploaded
Client 23 trained
Client 23 uploaded
Client 48 trained
Client 48 uploaded
Client 38 trained
Client 38 uploaded
Client 10 trained
Client 10 uploaded
Client 24 trained
Client 24 uploaded
Client 50 trained
Client 50 uploaded
Client 69 trained
Client 69 uploaded
Client 45 trained
Client 45 uploaded
Client 1 trained
Client 1 uploaded
Client 62 trained
Client 62 uploaded
Client 43 trained
Client 43 uploaded
Epoch(t): 160 accuracy: 70.31 loss 0.9694138443470002 run_time: 6183.305659532547
FedDocs Algo: Group 6 is selected
| current_epoch 161 |. Begin client select
SchedulerThread schedule Group [ 6 ], select( 13 clients):
0 | 6 | 14 | 25 | 30 | 39 | 57 | 65 | 71 | 73 | 79 | 82 | 88 |
-----------------------------------------------------------------Schedule complete
Client 39 trained
Client 39 uploaded
Client 57 trained
Client 57 uploaded
Client 30 trained
Client 30 uploaded
Client 88 trained
Client 88 uploaded
Client 79 trained
Client 79 uploaded
Client 71 trained
Client 71 uploaded
Client 14 trained
Client 14 uploaded
Client 82 trained
Client 82 uploaded
Client 0 trained
Client 0 uploaded
Client 65 trained
Client 65 uploaded
Client 73 trained
Client 73 uploaded
Client 6 trained
Client 6 uploaded
Client 25 trained
Client 25 uploaded
Epoch(t): 161 accuracy: 70.89 loss 0.8974163636565209 run_time: 6214.407886505127
FedDocs Algo: Group 0 is selected
| current_epoch 162 |. Begin client select
SchedulerThread schedule Group [ 0 ], select( 13 clients):
2 | 3 | 29 | 47 | 52 | 54 | 56 | 66 | 67 | 68 | 70 | 84 | 86 |
-----------------------------------------------------------------Schedule complete
Client 86 trained
Client 86 uploaded
Client 47 trained
Client 47 uploaded
Client 29 trained
Client 29 uploaded
Client 52 trained
Client 52 uploaded
Client 54 trained
Client 54 uploaded
Client 2 trained
Client 2 uploaded
Client 70 trained
Client 70 uploaded
Client 3 trained
Client 3 uploaded
Client 56 trained
Client 56 uploaded
Client 68 trained
Client 68 uploaded
Client 66 trained
Client 66 uploaded
Client 84 trained
Client 84 uploaded
Client 67 trained
Client 67 uploaded
Epoch(t): 162 accuracy: 70.04 loss 0.9254250049591064 run_time: 6247.22209072113
FedDocs Algo: Group 0 is selected
| current_epoch 163 |. Begin client select
SchedulerThread schedule Group [ 0 ], select( 13 clients):
2 | 3 | 29 | 47 | 52 | 54 | 56 | 66 | 67 | 68 | 70 | 84 | 86 |
-----------------------------------------------------------------Schedule complete
Client 86 trained
Client 86 uploaded
Client 47 trained
Client 47 uploaded
Client 29 trained
Client 29 uploaded
Client 52 trained
Client 52 uploaded
Client 54 trained
Client 54 uploaded
Client 2 trained
Client 2 uploaded
Client 70 trained
Client 70 uploaded
Client 3 trained
Client 3 uploaded
Client 56 trained
Client 56 uploaded
Client 68 trained
Client 68 uploaded
Client 66 trained
Client 66 uploaded
Client 84 trained
Client 84 uploaded
Client 67 trained
Client 67 uploaded
Epoch(t): 163 accuracy: 70.19 loss 0.9367042642831802 run_time: 6280.524381399155
FedDocs Algo: Group 5 is selected
| current_epoch 164 |. Begin client select
SchedulerThread schedule Group [ 5 ], select( 14 clients):
4 | 7 | 9 | 11 | 15 | 37 | 40 | 53 | 74 | 77 | 81 | 83 | 90 | 96 |
-----------------------------------------------------------------Schedule complete
Client 11 trained
Client 11 uploaded
Client 7 trained
Client 7 uploaded
Client 9 trained
Client 9 uploaded
Client 90 trained
Client 90 uploaded
Client 74 trained
Client 74 uploaded
Client 77 trained
Client 77 uploaded
Client 53 trained
Client 53 uploaded
Client 81 trained
Client 81 uploaded
Client 37 trained
Client 37 uploaded
Client 40 trained
Client 40 uploaded
Client 96 trained
Client 96 uploaded
Client 4 trained
Client 4 uploaded
Client 83 trained
Client 83 uploaded
Client 15 trained
Client 15 uploaded
Epoch(t): 164 accuracy: 70.29 loss 1.0389904689788818 run_time: 6321.811238527298
FedDocs Algo: Group 6 is selected
| current_epoch 165 |. Begin client select
SchedulerThread schedule Group [ 6 ], select( 13 clients):
0 | 6 | 14 | 25 | 30 | 39 | 57 | 65 | 71 | 73 | 79 | 82 | 88 |
-----------------------------------------------------------------Schedule complete
Client 39 trained
Client 39 uploaded
Client 57 trained
Client 57 uploaded
Client 30 trained
Client 30 uploaded
Client 88 trained
Client 88 uploaded
Client 79 trained
Client 79 uploaded
Client 71 trained
Client 71 uploaded
Client 14 trained
Client 14 uploaded
Client 0 trained
Client 0 uploaded
Client 82 trained
Client 82 uploaded
Client 65 trained
Client 65 uploaded
Client 6 trained
Client 6 uploaded
Client 73 trained
Client 73 uploaded
Client 25 trained
Client 25 uploaded
Epoch(t): 165 accuracy: 70.75 loss 0.9091281127929688 run_time: 6352.671194076538
FedDocs Algo: Group 5 is selected
| current_epoch 166 |. Begin client select
SchedulerThread schedule Group [ 5 ], select( 14 clients):
4 | 7 | 9 | 11 | 15 | 37 | 40 | 53 | 74 | 77 | 81 | 83 | 90 | 96 |
-----------------------------------------------------------------Schedule complete
Client 11 trained
Client 11 uploaded
Client 7 trained
Client 7 uploaded
Client 9 trained
Client 9 uploaded
Client 90 trained
Client 90 uploaded
Client 74 trained
Client 74 uploaded
Client 77 trained
Client 77 uploaded
Client 53 trained
Client 53 uploaded
Client 81 trained
Client 81 uploaded
Client 40 trained
Client 40 uploaded
Client 37 trained
Client 37 uploaded
Client 96 trained
Client 96 uploaded
Client 4 trained
Client 4 uploaded
Client 83 trained
Client 83 uploaded
Client 15 trained
Client 15 uploaded
Epoch(t): 166 accuracy: 69.94 loss 1.043854022026062 run_time: 6394.411247253418
FedDocs Algo: Group 5 is selected
| current_epoch 167 |. Begin client select
SchedulerThread schedule Group [ 5 ], select( 14 clients):
4 | 7 | 9 | 11 | 15 | 37 | 40 | 53 | 74 | 77 | 81 | 83 | 90 | 96 |
-----------------------------------------------------------------Schedule complete
Client 11 trained
Client 11 uploaded
Client 7 trained
Client 7 uploaded
Client 9 trained
Client 9 uploaded
Client 90 trained
Client 90 uploaded
Client 74 trained
Client 74 uploaded
Client 77 trained
Client 77 uploaded
Client 53 trained
Client 53 uploaded
Client 81 trained
Client 81 uploaded
Client 37 trained
Client 37 uploaded
Client 40 trained
Client 40 uploaded
Client 96 trained
Client 96 uploaded
Client 4 trained
Client 4 uploaded
Client 83 trained
Client 83 uploaded
Client 15 trained
Client 15 uploaded
Epoch(t): 167 accuracy: 69.54 loss 1.098056234717369 run_time: 6435.182204723358
FedDocs Algo: Group 5 is selected
| current_epoch 168 |. Begin client select
SchedulerThread schedule Group [ 5 ], select( 14 clients):
4 | 7 | 9 | 11 | 15 | 37 | 40 | 53 | 74 | 77 | 81 | 83 | 90 | 96 |
-----------------------------------------------------------------Schedule complete
Client 11 trained
Client 11 uploaded
Client 7 trained
Client 7 uploaded
Client 9 trained
Client 9 uploaded
Client 90 trained
Client 90 uploaded
Client 77 trained
Client 77 uploaded
Client 74 trained
Client 74 uploaded
Client 53 trained
Client 53 uploaded
Client 81 trained
Client 81 uploaded
Client 40 trained
Client 40 uploaded
Client 37 trained
Client 37 uploaded
Client 4 trained
Client 4 uploaded
Client 96 trained
Client 96 uploaded
Client 83 trained
Client 83 uploaded
Client 15 trained
Client 15 uploaded
Epoch(t): 168 accuracy: 68.82 loss 1.1434720873832702 run_time: 6475.663906574249
FedDocs Algo: Group 5 is selected
| current_epoch 169 |. Begin client select
SchedulerThread schedule Group [ 5 ], select( 14 clients):
4 | 7 | 9 | 11 | 15 | 37 | 40 | 53 | 74 | 77 | 81 | 83 | 90 | 96 |
-----------------------------------------------------------------Schedule complete
Client 11 trained
Client 11 uploaded
Client 7 trained
Client 7 uploaded
Client 9 trained
Client 9 uploaded
Client 90 trained
Client 90 uploaded
Client 74 trained
Client 74 uploaded
Client 77 trained
Client 77 uploaded
Client 53 trained
Client 53 uploaded
Client 81 trained
Client 81 uploaded
Client 40 trained
Client 40 uploaded
Client 37 trained
Client 37 uploaded
Client 96 trained
Client 96 uploaded
Client 4 trained
Client 4 uploaded
Client 83 trained
Client 83 uploaded
Client 15 trained
Client 15 uploaded
Epoch(t): 169 accuracy: 68.78 loss 1.1363330614566802 run_time: 6516.755661010742
FedDocs Algo: Group 5 is selected
| current_epoch 170 |. Begin client select
SchedulerThread schedule Group [ 5 ], select( 14 clients):
4 | 7 | 9 | 11 | 15 | 37 | 40 | 53 | 74 | 77 | 81 | 83 | 90 | 96 |
-----------------------------------------------------------------Schedule complete
Client 11 trained
Client 11 uploaded
Client 7 trained
Client 7 uploaded
Client 9 trained
Client 9 uploaded
Client 90 trained
Client 90 uploaded
Client 74 trained
Client 74 uploaded
Client 77 trained
Client 77 uploaded
Client 53 trained
Client 53 uploaded
Client 81 trained
Client 81 uploaded
Client 40 trained
Client 40 uploaded
Client 37 trained
Client 37 uploaded
Client 96 trained
Client 96 uploaded
Client 4 trained
Client 4 uploaded
Client 83 trained
Client 83 uploaded
Client 15 trained
Client 15 uploaded
Epoch(t): 170 accuracy: 69.32 loss 1.1469805377721787 run_time: 6556.967507362366
FedDocs Algo: Group 5 is selected
| current_epoch 171 |. Begin client select
SchedulerThread schedule Group [ 5 ], select( 14 clients):
4 | 7 | 9 | 11 | 15 | 37 | 40 | 53 | 74 | 77 | 81 | 83 | 90 | 96 |
-----------------------------------------------------------------Schedule complete
Client 7 trained
Client 7 uploaded
Client 11 trained
Client 11 uploaded
Client 9 trained
Client 9 uploaded
Client 90 trained
Client 90 uploaded
Client 77 trained
Client 77 uploaded
Client 74 trained
Client 74 uploaded
Client 53 trained
Client 53 uploaded
Client 81 trained
Client 81 uploaded
Client 37 trained
Client 37 uploaded
Client 40 trained
Client 40 uploaded
Client 4 trained
Client 4 uploaded
Client 96 trained
Client 96 uploaded
Client 83 trained
Client 83 uploaded
Client 15 trained
Client 15 uploaded
Epoch(t): 171 accuracy: 69.07 loss 1.16665461063385 run_time: 6598.604815006256
FedDocs Algo: Group 2 is selected
| current_epoch 172 |. Begin client select
SchedulerThread schedule Group [ 2 ], select( 15 clients):
8 | 16 | 18 | 19 | 21 | 27 | 34 | 42 | 51 | 55 | 58 | 64 | 75 | 76 | 93 |
-----------------------------------------------------------------Schedule complete
Client 18 trained
Client 18 uploaded
Client 51 trained
Client 51 uploaded
Client 16 trained
Client 16 uploaded
Client 21 trained
Client 21 uploaded
Client 27 trained
Client 27 uploaded
Client 55 trained
Client 55 uploaded
Client 19 trained
Client 19 uploaded
Client 64 trained
Client 64 uploaded
Client 75 trained
Client 75 uploaded
Client 42 trained
Client 42 uploaded
Client 8 trained
Client 8 uploaded
Client 34 trained
Client 34 uploaded
Client 58 trained
Client 58 uploaded
Client 76 trained
Client 76 uploaded
Client 93 trained
Client 93 uploaded
Epoch(t): 172 accuracy: 70.32 loss 0.9421188968420029 run_time: 6638.539869785309
FedDocs Algo: Group 0 is selected
| current_epoch 173 |. Begin client select
SchedulerThread schedule Group [ 0 ], select( 13 clients):
2 | 3 | 29 | 47 | 52 | 54 | 56 | 66 | 67 | 68 | 70 | 84 | 86 |
-----------------------------------------------------------------Schedule complete
Client 86 trained
Client 86 uploaded
Client 47 trained
Client 47 uploaded
Client 29 trained
Client 29 uploaded
Client 52 trained
Client 52 uploaded
Client 54 trained
Client 54 uploaded
Client 2 trained
Client 2 uploaded
Client 70 trained
Client 70 uploaded
Client 3 trained
Client 3 uploaded
Client 56 trained
Client 56 uploaded
Client 68 trained
Client 68 uploaded
Client 66 trained
Client 66 uploaded
Client 84 trained
Client 84 uploaded
Client 67 trained
Client 67 uploaded
Epoch(t): 173 accuracy: 70.92 loss 0.9435177910327911 run_time: 6670.895365953445
FedDocs Algo: Group 5 is selected
| current_epoch 174 |. Begin client select
SchedulerThread schedule Group [ 5 ], select( 14 clients):
4 | 7 | 9 | 11 | 15 | 37 | 40 | 53 | 74 | 77 | 81 | 83 | 90 | 96 |
-----------------------------------------------------------------Schedule complete
Client 11 trained
Client 11 uploaded
Client 7 trained
Client 7 uploaded
Client 9 trained
Client 9 uploaded
Client 90 trained
Client 90 uploaded
Client 74 trained
Client 74 uploaded
Client 77 trained
Client 77 uploaded
Client 53 trained
Client 53 uploaded
Client 81 trained
Client 81 uploaded
Client 40 trained
Client 40 uploaded
Client 37 trained
Client 37 uploaded
Client 83 trained
Client 83 uploaded
Client 4 trained
Client 4 uploaded
Client 96 trained
Client 96 uploaded
Client 15 trained
Client 15 uploaded
Epoch(t): 174 accuracy: 70.0 loss 1.069420917034149 run_time: 6712.6496551036835
FedDocs Algo: Group 5 is selected
| current_epoch 175 |. Begin client select
SchedulerThread schedule Group [ 5 ], select( 14 clients):
4 | 7 | 9 | 11 | 15 | 37 | 40 | 53 | 74 | 77 | 81 | 83 | 90 | 96 |
-----------------------------------------------------------------Schedule complete
Client 11 trained
Client 11 uploaded
Client 7 trained
Client 7 uploaded
Client 9 trained
Client 9 uploaded
Client 90 trained
Client 90 uploaded
Client 74 trained
Client 74 uploaded
Client 77 trained
Client 77 uploaded
Client 53 trained
Client 53 uploaded
Client 81 trained
Client 81 uploaded
Client 37 trained
Client 37 uploaded
Client 40 trained
Client 40 uploaded
Client 96 trained
Client 96 uploaded
Client 83 trained
Client 83 uploaded
Client 4 trained
Client 4 uploaded
Client 15 trained
Client 15 uploaded
Epoch(t): 175 accuracy: 69.17 loss 1.120925343632698 run_time: 6753.597315788269
FedDocs Algo: Group 5 is selected
| current_epoch 176 |. Begin client select
SchedulerThread schedule Group [ 5 ], select( 14 clients):
4 | 7 | 9 | 11 | 15 | 37 | 40 | 53 | 74 | 77 | 81 | 83 | 90 | 96 |
-----------------------------------------------------------------Schedule complete
Client 7 trained
Client 7 uploaded
Client 11 trained
Client 11 uploaded
Client 9 trained
Client 9 uploaded
Client 90 trained
Client 90 uploaded
Client 77 trained
Client 77 uploaded
Client 74 trained
Client 74 uploaded
Client 53 trained
Client 53 uploaded
Client 81 trained
Client 81 uploaded
Client 40 trained
Client 40 uploaded
Client 37 trained
Client 37 uploaded
Client 96 trained
Client 96 uploaded
Client 83 trained
Client 83 uploaded
Client 4 trained
Client 4 uploaded
Client 15 trained
Client 15 uploaded
Epoch(t): 176 accuracy: 69.28 loss 1.1515174436569213 run_time: 6794.078614234924
FedDocs Algo: Group 4 is selected
| current_epoch 177 |. Begin client select
SchedulerThread schedule Group [ 4 ], select( 15 clients):
12 | 13 | 17 | 32 | 41 | 49 | 60 | 63 | 78 | 80 | 85 | 92 | 97 | 98 | 99 |
-----------------------------------------------------------------Schedule complete
Client 49 trained
Client 49 uploaded
Client 78 trained
Client 78 uploaded
Client 17 trained
Client 17 uploaded
Client 12 trained
Client 12 uploaded
Client 99 trained
Client 92 trained
Client 99 uploaded
Client 92 uploaded
Client 13 trained
Client 13 uploaded
Client 41 trained
Client 41 uploaded
Client 98 trained
Client 98 uploaded
Client 97 trained
Client 97 uploaded
Client 63 trained
Client 63 uploaded
Client 85 trained
Client 85 uploaded
Client 60 trained
Client 60 uploaded
Client 80 trained
Client 80 uploaded
Client 32 trained
Client 32 uploaded
Epoch(t): 177 accuracy: 69.89 loss 0.9952936381101608 run_time: 6830.317664146423
FedDocs Algo: Group 6 is selected
| current_epoch 178 |. Begin client select
SchedulerThread schedule Group [ 6 ], select( 13 clients):
0 | 6 | 14 | 25 | 30 | 39 | 57 | 65 | 71 | 73 | 79 | 82 | 88 |
-----------------------------------------------------------------Schedule complete
Client 39 trained
Client 39 uploaded
Client 57 trained
Client 57 uploaded
Client 30 trained
Client 30 uploaded
Client 88 trained
Client 88 uploaded
Client 79 trained
Client 79 uploaded
Client 71 trained
Client 71 uploaded
Client 14 trained
Client 14 uploaded
Client 0 trained
Client 0 uploaded
Client 82 trained
Client 82 uploaded
Client 65 trained
Client 65 uploaded
Client 73 trained
Client 73 uploaded
Client 6 trained
Client 6 uploaded
Client 25 trained
Client 25 uploaded
Epoch(t): 178 accuracy: 71.15 loss 0.9111412587761879 run_time: 6861.254125118256
FedDocs Algo: Group 5 is selected
| current_epoch 179 |. Begin client select
SchedulerThread schedule Group [ 5 ], select( 14 clients):
4 | 7 | 9 | 11 | 15 | 37 | 40 | 53 | 74 | 77 | 81 | 83 | 90 | 96 |
-----------------------------------------------------------------Schedule complete
Client 11 trained
Client 11 uploaded
Client 7 trained
Client 7 uploaded
Client 9 trained
Client 9 uploaded
Client 90 trained
Client 90 uploaded
Client 74 trained
Client 74 uploaded
Client 77 trained
Client 77 uploaded
Client 53 trained
Client 53 uploaded
Client 81 trained
Client 81 uploaded
Client 37 trained
Client 37 uploaded
Client 40 trained
Client 40 uploaded
Client 83 trained
Client 83 uploaded
Client 4 trained
Client 4 uploaded
Client 96 trained
Client 96 uploaded
Client 15 trained
Client 15 uploaded
Epoch(t): 179 accuracy: 69.68 loss 1.0643783408403396 run_time: 6901.3416085243225
FedDocs Algo: Group 4 is selected
| current_epoch 180 |. Begin client select
SchedulerThread schedule Group [ 4 ], select( 15 clients):
12 | 13 | 17 | 32 | 41 | 49 | 60 | 63 | 78 | 80 | 85 | 92 | 97 | 98 | 99 |
-----------------------------------------------------------------Schedule complete
Client 49 trained
Client 49 uploaded
Client 78 trained
Client 78 uploaded
Client 12 trained
Client 12 uploaded
Client 17 trained
Client 17 uploaded
Client 92 trained
Client 92 uploaded
Client 99 trained
Client 99 uploaded
Client 13 trained
Client 13 uploaded
Client 41 trained
Client 41 uploaded
Client 98 trained
Client 98 uploaded
Client 97 trained
Client 97 uploaded
Client 63 trained
Client 63 uploaded
Client 85 trained
Client 85 uploaded
Client 60 trained
Client 60 uploaded
Client 80 trained
Client 80 uploaded
Client 32 trained
Client 32 uploaded
Epoch(t): 180 accuracy: 70.3 loss 0.9690226286649704 run_time: 6936.777409553528
FedDocs Algo: Group 1 is selected
| current_epoch 181 |. Begin client select
SchedulerThread schedule Group [ 1 ], select( 15 clients):
5 | 20 | 22 | 26 | 31 | 33 | 35 | 36 | 44 | 46 | 61 | 72 | 89 | 91 | 95 |
-----------------------------------------------------------------Schedule complete
Client 95 trained
Client 95 uploaded
Client 5 trained
Client 5 uploaded
Client 91 trained
Client 91 uploaded
Client 61 trained
Client 61 uploaded
Client 44 trained
Client 44 uploaded
Client 22 trained
Client 22 uploaded
Client 20 trained
Client 20 uploaded
Client 31 trained
Client 31 uploaded
Client 33 trained
Client 33 uploaded
Client 72 trained
Client 72 uploaded
Client 36 trained
Client 36 uploaded
Client 26 trained
Client 26 uploaded
Client 89 trained
Client 89 uploaded
Client 46 trained
Client 46 uploaded
Client 35 trained
Client 35 uploaded
Epoch(t): 181 accuracy: 71.21 loss 0.9277417719364166 run_time: 6980.8692145347595
FedDocs Algo: Group 0 is selected
| current_epoch 182 |. Begin client select
SchedulerThread schedule Group [ 0 ], select( 13 clients):
2 | 3 | 29 | 47 | 52 | 54 | 56 | 66 | 67 | 68 | 70 | 84 | 86 |
-----------------------------------------------------------------Schedule complete
Client 86 trained
Client 86 uploaded
Client 47 trained
Client 47 uploaded
Client 29 trained
Client 29 uploaded
Client 52 trained
Client 52 uploaded
Client 54 trained
Client 54 uploaded
Client 2 trained
Client 2 uploaded
Client 70 trained
Client 70 uploaded
Client 3 trained
Client 3 uploaded
Client 56 trained
Client 56 uploaded
Client 68 trained
Client 68 uploaded
Client 66 trained
Client 66 uploaded
Client 84 trained
Client 84 uploaded
Client 67 trained
Client 67 uploaded
Epoch(t): 182 accuracy: 70.88 loss 0.937624323964119 run_time: 7014.086344242096
FedDocs Algo: Group 5 is selected
| current_epoch 183 |. Begin client select
SchedulerThread schedule Group [ 5 ], select( 14 clients):
4 | 7 | 9 | 11 | 15 | 37 | 40 | 53 | 74 | 77 | 81 | 83 | 90 | 96 |
-----------------------------------------------------------------Schedule complete
Client 11 trained
Client 11 uploaded
Client 7 trained
Client 7 uploaded
Client 9 trained
Client 9 uploaded
Client 90 trained
Client 90 uploaded
Client 77 trained
Client 77 uploaded
Client 74 trained
Client 74 uploaded
Client 53 trained
Client 53 uploaded
Client 81 trained
Client 81 uploaded
Client 37 trained
Client 37 uploaded
Client 40 trained
Client 40 uploaded
Client 83 trained
Client 83 uploaded
Client 96 trained
Client 96 uploaded
Client 4 trained
Client 4 uploaded
Client 15 trained
Client 15 uploaded
Epoch(t): 183 accuracy: 70.29 loss 1.0489689058065415 run_time: 7055.773033380508
FedDocs Algo: Group 0 is selected
| current_epoch 184 |. Begin client select
SchedulerThread schedule Group [ 0 ], select( 13 clients):
2 | 3 | 29 | 47 | 52 | 54 | 56 | 66 | 67 | 68 | 70 | 84 | 86 |
-----------------------------------------------------------------Schedule complete
Client 47 trained
Client 47 uploaded
Client 86 trained
Client 86 uploaded
Client 29 trained
Client 29 uploaded
Client 52 trained
Client 52 uploaded
Client 54 trained
Client 54 uploaded
Client 2 trained
Client 2 uploaded
Client 70 trained
Client 70 uploaded
Client 3 trained
Client 3 uploaded
Client 56 trained
Client 56 uploaded
Client 68 trained
Client 68 uploaded
Client 66 trained
Client 66 uploaded
Client 84 trained
Client 84 uploaded
Client 67 trained
Client 67 uploaded
Epoch(t): 184 accuracy: 70.52 loss 0.9665082615613937 run_time: 7089.457650899887
FedDocs Algo: Group 5 is selected
| current_epoch 185 |. Begin client select
SchedulerThread schedule Group [ 5 ], select( 14 clients):
4 | 7 | 9 | 11 | 15 | 37 | 40 | 53 | 74 | 77 | 81 | 83 | 90 | 96 |
-----------------------------------------------------------------Schedule complete
Client 11 trained
Client 11 uploaded
Client 7 trained
Client 7 uploaded
Client 9 trained
Client 9 uploaded
Client 90 trained
Client 90 uploaded
Client 77 trained
Client 77 uploaded
Client 74 trained
Client 74 uploaded
Client 53 trained
Client 53 uploaded
Client 81 trained
Client 81 uploaded
Client 40 trained
Client 40 uploaded
Client 37 trained
Client 37 uploaded
Client 83 trained
Client 83 uploaded
Client 4 trained
Client 4 uploaded
Client 96 trained
Client 96 uploaded
Client 15 trained
Client 15 uploaded
Epoch(t): 185 accuracy: 70.35 loss 1.070943788290024 run_time: 7129.846426010132
FedDocs Algo: Group 5 is selected
| current_epoch 186 |. Begin client select
SchedulerThread schedule Group [ 5 ], select( 14 clients):
4 | 7 | 9 | 11 | 15 | 37 | 40 | 53 | 74 | 77 | 81 | 83 | 90 | 96 |
-----------------------------------------------------------------Schedule complete
Client 7 trained
Client 7 uploaded
Client 11 trained
Client 11 uploaded
Client 9 trained
Client 9 uploaded
Client 90 trained
Client 90 uploaded
Client 74 trained
Client 74 uploaded
Client 77 trained
Client 77 uploaded
Client 53 trained
Client 53 uploaded
Client 81 trained
Client 81 uploaded
Client 37 trained
Client 37 uploaded
Client 40 trained
Client 40 uploaded
Client 83 trained
Client 83 uploaded
Client 4 trained
Client 4 uploaded
Client 96 trained
Client 96 uploaded
Client 15 trained
Client 15 uploaded
Epoch(t): 186 accuracy: 69.54 loss 1.1303360944986343 run_time: 7170.981457948685
FedDocs Algo: Group 5 is selected
| current_epoch 187 |. Begin client select
SchedulerThread schedule Group [ 5 ], select( 14 clients):
4 | 7 | 9 | 11 | 15 | 37 | 40 | 53 | 74 | 77 | 81 | 83 | 90 | 96 |
-----------------------------------------------------------------Schedule complete
Client 7 trained
Client 7 uploaded
Client 11 trained
Client 11 uploaded
Client 90 trained
Client 90 uploaded
Client 9 trained
Client 9 uploaded
Client 74 trained
Client 74 uploaded
Client 77 trained
Client 77 uploaded
Client 53 trained
Client 53 uploaded
Client 81 trained
Client 81 uploaded
Client 40 trained
Client 40 uploaded
Client 37 trained
Client 37 uploaded
Client 83 trained
Client 83 uploaded
Client 96 trained
Client 96 uploaded
Client 4 trained
Client 4 uploaded
Client 15 trained
Client 15 uploaded
Epoch(t): 187 accuracy: 70.02 loss 1.1203578823804856 run_time: 7212.527203798294
FedDocs Algo: Group 0 is selected
| current_epoch 188 |. Begin client select
SchedulerThread schedule Group [ 0 ], select( 13 clients):
2 | 3 | 29 | 47 | 52 | 54 | 56 | 66 | 67 | 68 | 70 | 84 | 86 |
-----------------------------------------------------------------Schedule complete
Client 86 trained
Client 86 uploaded
Client 47 trained
Client 47 uploaded
Client 29 trained
Client 29 uploaded
Client 52 trained
Client 52 uploaded
Client 54 trained
Client 54 uploaded
Client 2 trained
Client 2 uploaded
Client 70 trained
Client 70 uploaded
Client 3 trained
Client 3 uploaded
Client 56 trained
Client 56 uploaded
Client 68 trained
Client 68 uploaded
Client 66 trained
Client 66 uploaded
Client 84 trained
Client 84 uploaded
Client 67 trained
Client 67 uploaded
Epoch(t): 188 accuracy: 70.11 loss 0.986456800699234 run_time: 7246.1654624938965
FedDocs Algo: Group 4 is selected
| current_epoch 189 |. Begin client select
SchedulerThread schedule Group [ 4 ], select( 15 clients):
12 | 13 | 17 | 32 | 41 | 49 | 60 | 63 | 78 | 80 | 85 | 92 | 97 | 98 | 99 |
-----------------------------------------------------------------Schedule complete
Client 49 trained
Client 49 uploaded
Client 78 trained
Client 78 uploaded
Client 12 trained
Client 12 uploaded
Client 17 trained
Client 17 uploaded
Client 99 trained
Client 99 uploaded
Client 92 trained
Client 92 uploaded
Client 41 trained
Client 41 uploaded
Client 98 trained
Client 98 uploaded
Client 13 trained
Client 13 uploaded
Client 97 trained
Client 97 uploaded
Client 85 trained
Client 85 uploaded
Client 63 trained
Client 63 uploaded
Client 60 trained
Client 60 uploaded
Client 80 trained
Client 80 uploaded
Client 32 trained
Client 32 uploaded
Epoch(t): 189 accuracy: 70.93 loss 0.9600878554582596 run_time: 7280.861596822739
FedDocs Algo: Group 5 is selected
| current_epoch 190 |. Begin client select
SchedulerThread schedule Group [ 5 ], select( 14 clients):
4 | 7 | 9 | 11 | 15 | 37 | 40 | 53 | 74 | 77 | 81 | 83 | 90 | 96 |
-----------------------------------------------------------------Schedule complete
Client 7 trained
Client 7 uploaded
Client 11 trained
Client 11 uploaded
Client 9 trained
Client 9 uploaded
Client 90 trained
Client 90 uploaded
Client 74 trained
Client 74 uploaded
Client 77 trained
Client 77 uploaded
Client 53 trained
Client 53 uploaded
Client 81 trained
Client 81 uploaded
Client 40 trained
Client 40 uploaded
Client 37 trained
Client 37 uploaded
Client 83 trained
Client 83 uploaded
Client 4 trained
Client 4 uploaded
Client 96 trained
Client 96 uploaded
Client 15 trained
Client 15 uploaded
Epoch(t): 190 accuracy: 70.57 loss 1.0477812546491623 run_time: 7322.668660879135
FedDocs Algo: Group 2 is selected
| current_epoch 191 |. Begin client select
SchedulerThread schedule Group [ 2 ], select( 15 clients):
8 | 16 | 18 | 19 | 21 | 27 | 34 | 42 | 51 | 55 | 58 | 64 | 75 | 76 | 93 |
-----------------------------------------------------------------Schedule complete
Client 18 trained
Client 18 uploaded
Client 16 trained
Client 16 uploaded
Client 51 trained
Client 51 uploaded
Client 27 trained
Client 27 uploaded
Client 21 trained
Client 21 uploaded
Client 19 trained
Client 19 uploaded
Client 55 trained
Client 55 uploaded
Client 64 trained
Client 64 uploaded
Client 75 trained
Client 75 uploaded
Client 42 trained
Client 42 uploaded
Client 34 trained
Client 34 uploaded
Client 8 trained
Client 8 uploaded
Client 76 trained
Client 76 uploaded
Client 58 trained
Client 58 uploaded
Client 93 trained
Client 93 uploaded
Epoch(t): 191 accuracy: 71.11 loss 0.908315289914608 run_time: 7364.3101551532745
FedDocs Algo: Group 5 is selected
| current_epoch 192 |. Begin client select
SchedulerThread schedule Group [ 5 ], select( 14 clients):
4 | 7 | 9 | 11 | 15 | 37 | 40 | 53 | 74 | 77 | 81 | 83 | 90 | 96 |
-----------------------------------------------------------------Schedule complete
Client 7 trained
Client 7 uploaded
Client 11 trained
Client 11 uploaded
Client 9 trained
Client 9 uploaded
Client 90 trained
Client 90 uploaded
Client 74 trained
Client 74 uploaded
Client 77 trained
Client 77 uploaded
Client 53 trained
Client 53 uploaded
Client 81 trained
Client 81 uploaded
Client 37 trained
Client 37 uploaded
Client 40 trained
Client 40 uploaded
Client 83 trained
Client 83 uploaded
Client 4 trained
Client 4 uploaded
Client 96 trained
Client 96 uploaded
Client 15 trained
Client 15 uploaded
Epoch(t): 192 accuracy: 70.74 loss 1.032876250743866 run_time: 7404.8955709934235
FedDocs Algo: Group 2 is selected
| current_epoch 193 |. Begin client select
SchedulerThread schedule Group [ 2 ], select( 15 clients):
8 | 16 | 18 | 19 | 21 | 27 | 34 | 42 | 51 | 55 | 58 | 64 | 75 | 76 | 93 |
-----------------------------------------------------------------Schedule complete
Client 18 trained
Client 18 uploaded
Client 51 trained
Client 51 uploaded
Client 16 trained
Client 16 uploaded
Client 21 trained
Client 21 uploaded
Client 27 trained
Client 27 uploaded
Client 19 trained
Client 19 uploaded
Client 55 trained
Client 55 uploaded
Client 64 trained
Client 64 uploaded
Client 75 trained
Client 75 uploaded
Client 42 trained
Client 42 uploaded
Client 8 trained
Client 8 uploaded
Client 34 trained
Client 34 uploaded
Client 58 trained
Client 58 uploaded
Client 76 trained
Client 76 uploaded
Client 93 trained
Client 93 uploaded
Epoch(t): 193 accuracy: 71.13 loss 0.9220700114965439 run_time: 7443.866121292114
FedDocs Algo: Group 5 is selected
| current_epoch 194 |. Begin client select
SchedulerThread schedule Group [ 5 ], select( 14 clients):
4 | 7 | 9 | 11 | 15 | 37 | 40 | 53 | 74 | 77 | 81 | 83 | 90 | 96 |
-----------------------------------------------------------------Schedule complete
Client 7 trained
Client 7 uploaded
Client 11 trained
Client 11 uploaded
Client 9 trained
Client 9 uploaded
Client 90 trained
Client 90 uploaded
Client 77 trained
Client 77 uploaded
Client 74 trained
Client 74 uploaded
Client 53 trained
Client 53 uploaded
Client 81 trained
Client 81 uploaded
Client 40 trained
Client 40 uploaded
Client 37 trained
Client 37 uploaded
Client 83 trained
Client 83 uploaded
Client 4 trained
Client 4 uploaded
Client 96 trained
Client 96 uploaded
Client 15 trained
Client 15 uploaded
Epoch(t): 194 accuracy: 70.57 loss 1.04430000603199 run_time: 7483.45028591156
FedDocs Algo: Group 5 is selected
| current_epoch 195 |. Begin client select
SchedulerThread schedule Group [ 5 ], select( 14 clients):
4 | 7 | 9 | 11 | 15 | 37 | 40 | 53 | 74 | 77 | 81 | 83 | 90 | 96 |
-----------------------------------------------------------------Schedule complete
Client 11 trained
Client 11 uploaded
Client 7 trained
Client 7 uploaded
Client 9 trained
Client 9 uploaded
Client 90 trained
Client 90 uploaded
Client 74 trained
Client 74 uploaded
Client 77 trained
Client 77 uploaded
Client 53 trained
Client 53 uploaded
Client 81 trained
Client 81 uploaded
Client 37 trained
Client 37 uploaded
Client 40 trained
Client 40 uploaded
Client 4 trained
Client 4 uploaded
Client 96 trained
Client 96 uploaded
Client 83 trained
Client 83 uploaded
Client 15 trained
Client 15 uploaded
Epoch(t): 195 accuracy: 70.41 loss 1.1045802539587022 run_time: 7523.796523094177
FedDocs Algo: Group 6 is selected
| current_epoch 196 |. Begin client select
SchedulerThread schedule Group [ 6 ], select( 13 clients):
0 | 6 | 14 | 25 | 30 | 39 | 57 | 65 | 71 | 73 | 79 | 82 | 88 |
-----------------------------------------------------------------Schedule complete
Client 39 trained
Client 39 uploaded
Client 57 trained
Client 57 uploaded
Client 30 trained
Client 30 uploaded
Client 79 trained
Client 79 uploaded
Client 88 trained
Client 88 uploaded
Client 71 trained
Client 71 uploaded
Client 14 trained
Client 14 uploaded
Client 0 trained
Client 0 uploaded
Client 82 trained
Client 82 uploaded
Client 65 trained
Client 65 uploaded
Client 6 trained
Client 6 uploaded
Client 73 trained
Client 73 uploaded
Client 25 trained
Client 25 uploaded
Epoch(t): 196 accuracy: 71.28 loss 0.9106022101640702 run_time: 7548.816764831543
FedDocs Algo: Group 5 is selected
| current_epoch 197 |. Begin client select
SchedulerThread schedule Group [ 5 ], select( 14 clients):
4 | 7 | 9 | 11 | 15 | 37 | 40 | 53 | 74 | 77 | 81 | 83 | 90 | 96 |
-----------------------------------------------------------------Schedule complete
Client 7 trained
Client 7 uploaded
Client 11 trained
Client 11 uploaded
Client 9 trained
Client 9 uploaded
Client 90 trained
Client 90 uploaded
Client 77 trained
Client 77 uploaded
Client 53 trained
Client 53 uploaded
Client 74 trained
Client 74 uploaded
Client 81 trained
Client 81 uploaded
Client 37 trained
Client 37 uploaded
Client 40 trained
Client 40 uploaded
Client 83 trained
Client 83 uploaded
Client 4 trained
Client 4 uploaded
Client 96 trained
Client 96 uploaded
Client 15 trained
Client 15 uploaded
Epoch(t): 197 accuracy: 70.88 loss 1.0282742369174958 run_time: 7576.647795915604
FedDocs Algo: Group 4 is selected
| current_epoch 198 |. Begin client select
SchedulerThread schedule Group [ 4 ], select( 15 clients):
12 | 13 | 17 | 32 | 41 | 49 | 60 | 63 | 78 | 80 | 85 | 92 | 97 | 98 | 99 |
-----------------------------------------------------------------Schedule complete
Client 49 trained
Client 49 uploaded
Client 78 trained
Client 78 uploaded
Client 99 trained
Client 99 uploaded
Client 12 trained
Client 12 uploaded
Client 17 trained
Client 17 uploaded
Client 92 trained
Client 92 uploaded
Client 41 trained
Client 41 uploaded
Client 98 trained
Client 98 uploaded
Client 13 trained
Client 13 uploaded
Client 97 trained
Client 97 uploaded
Client 63 trained
Client 63 uploaded
Client 85 trained
Client 85 uploaded
Client 60 trained
Client 60 uploaded
Client 80 trained
Client 80 uploaded
Client 32 trained
Client 32 uploaded
Epoch(t): 198 accuracy: 70.71 loss 0.9427107983827591 run_time: 7606.087906837463
FedDocs Algo: Group 5 is selected
| current_epoch 199 |. Begin client select
SchedulerThread schedule Group [ 5 ], select( 14 clients):
4 | 7 | 9 | 11 | 15 | 37 | 40 | 53 | 74 | 77 | 81 | 83 | 90 | 96 |
-----------------------------------------------------------------Schedule complete
Client 11 trained
Client 11 uploaded
Client 7 trained
Client 7 uploaded
Client 9 trained
Client 9 uploaded
Client 90 trained
Client 90 uploaded
Client 74 trained
Client 74 uploaded
Client 77 trained
Client 77 uploaded
Client 53 trained
Client 53 uploaded
Client 81 trained
Client 81 uploaded
Client 40 trained
Client 40 uploaded
Client 37 trained
Client 37 uploaded
Client 4 trained
Client 4 uploaded
Client 96 trained
Client 96 uploaded
Client 83 trained
Client 83 uploaded
Client 15 trained
Client 15 uploaded
Epoch(t): 199 accuracy: 70.61 loss 1.060183563232422 run_time: 7643.631047964096
FedDocs Algo: Group 5 is selected
| current_epoch 200 |. Begin client select
SchedulerThread schedule Group [ 5 ], select( 14 clients):
4 | 7 | 9 | 11 | 15 | 37 | 40 | 53 | 74 | 77 | 81 | 83 | 90 | 96 |
-----------------------------------------------------------------Schedule complete
Client 7 trained
Client 7 uploaded
Client 11 trained
Client 11 uploaded
Client 9 trained
Client 9 uploaded
Client 90 trained
Client 90 uploaded
Client 74 trained
Client 74 uploaded
Client 77 trained
Client 77 uploaded
Client 53 trained
Client 53 uploaded
Client 40 trained
Client 40 uploaded
Client 81 trained
Client 81 uploaded
Client 37 trained
Client 37 uploaded
Client 4 trained
Client 4 uploaded
Client 96 trained
Client 96 uploaded
Client 83 trained
Client 83 uploaded
Client 15 trained
Client 15 uploaded
Epoch(t): 200 accuracy: 70.35 loss 1.0945902240276337 run_time: 7680.20582151413
FedDocs Algo: Group 1 is selected
| current_epoch 201 |. Begin client select
SchedulerThread schedule Group [ 1 ], select( 15 clients):
5 | 20 | 22 | 26 | 31 | 33 | 35 | 36 | 44 | 46 | 61 | 72 | 89 | 91 | 95 |
-----------------------------------------------------------------Schedule complete
Client 95 trained
Client 95 uploaded
Client 5 trained
Client 5 uploaded
Client 61 trained
Client 61 uploaded
Client 91 trained
Client 91 uploaded
Client 22 trained
Client 22 uploaded
Client 44 trained
Client 44 uploaded
Client 20 trained
Client 20 uploaded
Client 31 trained
Client 31 uploaded
Client 33 trained
Client 33 uploaded
Client 72 trained
Client 72 uploaded
Client 36 trained
Client 36 uploaded
Client 26 trained
Client 26 uploaded
Client 89 trained
Client 89 uploaded
Client 35 trained
Client 35 uploaded
Client 46 trained
Client 46 uploaded
Epoch(t): 201 accuracy: 71.63 loss 0.9206298077106476 run_time: 7717.936710119247
FedDocs Algo: Group 5 is selected
| current_epoch 202 |. Begin client select
SchedulerThread schedule Group [ 5 ], select( 14 clients):
4 | 7 | 9 | 11 | 15 | 37 | 40 | 53 | 74 | 77 | 81 | 83 | 90 | 96 |
-----------------------------------------------------------------Schedule complete
Client 7 trained
Client 7 uploaded
Client 11 trained
Client 11 uploaded
Client 9 trained
Client 9 uploaded
Client 90 trained
Client 90 uploaded
Client 77 trained
Client 77 uploaded
Client 74 trained
Client 74 uploaded
Client 53 trained
Client 53 uploaded
Client 81 trained
Client 81 uploaded
Client 40 trained
Client 40 uploaded
Client 37 trained
Client 37 uploaded
Client 96 trained
Client 96 uploaded
Client 83 trained
Client 83 uploaded
Client 4 trained
Client 4 uploaded
Client 15 trained
Client 15 uploaded
Epoch(t): 202 accuracy: 70.56 loss 1.0480997586250305 run_time: 7754.734731435776
FedDocs Algo: Group 2 is selected
| current_epoch 203 |. Begin client select
SchedulerThread schedule Group [ 2 ], select( 15 clients):
8 | 16 | 18 | 19 | 21 | 27 | 34 | 42 | 51 | 55 | 58 | 64 | 75 | 76 | 93 |
-----------------------------------------------------------------Schedule complete
Client 18 trained
Client 18 uploaded
Client 16 trained
Client 16 uploaded
Client 51 trained
Client 51 uploaded
Client 27 trained
Client 27 uploaded
Client 21 trained
Client 21 uploaded
Client 19 trained
Client 19 uploaded
Client 55 trained
Client 55 uploaded
Client 64 trained
Client 64 uploaded
Client 75 trained
Client 75 uploaded
Client 42 trained
Client 42 uploaded
Client 34 trained
Client 34 uploaded
Client 8 trained
Client 8 uploaded
Client 58 trained
Client 58 uploaded
Client 76 trained
Client 76 uploaded
Client 93 trained
Client 93 uploaded
Epoch(t): 203 accuracy: 71.54 loss 0.916815721988678 run_time: 7791.153356552124
FedDocs Algo: Group 5 is selected
| current_epoch 204 |. Begin client select
SchedulerThread schedule Group [ 5 ], select( 14 clients):
4 | 7 | 9 | 11 | 15 | 37 | 40 | 53 | 74 | 77 | 81 | 83 | 90 | 96 |
-----------------------------------------------------------------Schedule complete
Client 7 trained
Client 7 uploaded
Client 11 trained
Client 11 uploaded
Client 9 trained
Client 9 uploaded
Client 90 trained
Client 90 uploaded
Client 74 trained
Client 74 uploaded
Client 77 trained
Client 77 uploaded
Client 53 trained
Client 53 uploaded
Client 81 trained
Client 81 uploaded
Client 40 trained
Client 40 uploaded
Client 37 trained
Client 37 uploaded
Client 4 trained
Client 4 uploaded
Client 83 trained
Client 83 uploaded
Client 96 trained
Client 96 uploaded
Client 15 trained
Client 15 uploaded
Epoch(t): 204 accuracy: 70.93 loss 1.031295104622841 run_time: 7828.203572750092
FedDocs Algo: Group 5 is selected
| current_epoch 205 |. Begin client select
SchedulerThread schedule Group [ 5 ], select( 14 clients):
4 | 7 | 9 | 11 | 15 | 37 | 40 | 53 | 74 | 77 | 81 | 83 | 90 | 96 |
-----------------------------------------------------------------Schedule complete
Client 7 trained
Client 7 uploaded
Client 11 trained
Client 11 uploaded
Client 9 trained
Client 9 uploaded
Client 90 trained
Client 90 uploaded
Client 74 trained
Client 74 uploaded
Client 77 trained
Client 77 uploaded
Client 53 trained
Client 53 uploaded
Client 81 trained
Client 81 uploaded
Client 37 trained
Client 37 uploaded
Client 40 trained
Client 40 uploaded
Client 83 trained
Client 83 uploaded
Client 96 trained
Client 96 uploaded
Client 4 trained
Client 4 uploaded
Client 15 trained
Client 15 uploaded
Epoch(t): 205 accuracy: 70.51 loss 1.0967974889278411 run_time: 7864.686337471008
FedDocs Algo: Group 1 is selected
| current_epoch 206 |. Begin client select
SchedulerThread schedule Group [ 1 ], select( 15 clients):
5 | 20 | 22 | 26 | 31 | 33 | 35 | 36 | 44 | 46 | 61 | 72 | 89 | 91 | 95 |
-----------------------------------------------------------------Schedule complete
Client 95 trained
Client 95 uploaded
Client 5 trained
Client 5 uploaded
Client 91 trained
Client 91 uploaded
Client 61 trained
Client 61 uploaded
Client 44 trained
Client 44 uploaded
Client 22 trained
Client 22 uploaded
Client 20 trained
Client 20 uploaded
Client 31 trained
Client 31 uploaded
Client 33 trained
Client 33 uploaded
Client 72 trained
Client 72 uploaded
Client 26 trained
Client 26 uploaded
Client 36 trained
Client 36 uploaded
Client 89 trained
Client 89 uploaded
Client 46 trained
Client 46 uploaded
Client 35 trained
Client 35 uploaded
Epoch(t): 206 accuracy: 71.31 loss 0.9410358059406281 run_time: 7902.973839521408
FedDocs Algo: Group 4 is selected
| current_epoch 207 |. Begin client select
SchedulerThread schedule Group [ 4 ], select( 15 clients):
12 | 13 | 17 | 32 | 41 | 49 | 60 | 63 | 78 | 80 | 85 | 92 | 97 | 98 | 99 |
-----------------------------------------------------------------Schedule complete
Client 49 trained
Client 49 uploaded
Client 78 trained
Client 78 uploaded
Client 17 trained
Client 17 uploaded
Client 12 trained
Client 12 uploaded
Client 99 trained
Client 99 uploaded
Client 92 trained
Client 92 uploaded
Client 13 trained
Client 13 uploaded
Client 41 trained
Client 41 uploaded
Client 98 trained
Client 98 uploaded
Client 97 trained
Client 97 uploaded
Client 63 trained
Client 63 uploaded
Client 85 trained
Client 85 uploaded
Client 60 trained
Client 60 uploaded
Client 80 trained
Client 80 uploaded
Client 32 trained
Client 32 uploaded
Epoch(t): 207 accuracy: 71.35 loss 0.941475940644741 run_time: 7933.517031431198
FedDocs Algo: Group 5 is selected
| current_epoch 208 |. Begin client select
SchedulerThread schedule Group [ 5 ], select( 14 clients):
4 | 7 | 9 | 11 | 15 | 37 | 40 | 53 | 74 | 77 | 81 | 83 | 90 | 96 |
-----------------------------------------------------------------Schedule complete
Client 7 trained
Client 7 uploaded
Client 11 trained
Client 11 uploaded
Client 9 trained
Client 9 uploaded
Client 90 trained
Client 90 uploaded
Client 74 trained
Client 74 uploaded
Client 77 trained
Client 77 uploaded
Client 53 trained
Client 53 uploaded
Client 81 trained
Client 81 uploaded
Client 40 trained
Client 40 uploaded
Client 37 trained
Client 37 uploaded
Client 4 trained
Client 4 uploaded
Client 96 trained
Client 96 uploaded
Client 83 trained
Client 83 uploaded
Client 15 trained
Client 15 uploaded
Epoch(t): 208 accuracy: 71.08 loss 1.0455104112625122 run_time: 7970.07044005394
FedDocs Algo: Group 5 is selected
| current_epoch 209 |. Begin client select
SchedulerThread schedule Group [ 5 ], select( 14 clients):
4 | 7 | 9 | 11 | 15 | 37 | 40 | 53 | 74 | 77 | 81 | 83 | 90 | 96 |
-----------------------------------------------------------------Schedule complete
Client 7 trained
Client 7 uploaded
Client 11 trained
Client 11 uploaded
Client 9 trained
Client 9 uploaded
Client 90 trained
Client 90 uploaded
Client 77 trained
Client 77 uploaded
Client 74 trained
Client 74 uploaded
Client 53 trained
Client 53 uploaded
Client 81 trained
Client 81 uploaded
Client 40 trained
Client 40 uploaded
Client 37 trained
Client 37 uploaded
Client 83 trained
Client 83 uploaded
Client 4 trained
Client 4 uploaded
Client 96 trained
Client 96 uploaded
Client 15 trained
Client 15 uploaded
Epoch(t): 209 accuracy: 70.36 loss 1.1097949385643004 run_time: 8006.298129320145
FedDocs Algo: Group 5 is selected
| current_epoch 210 |. Begin client select
SchedulerThread schedule Group [ 5 ], select( 14 clients):
4 | 7 | 9 | 11 | 15 | 37 | 40 | 53 | 74 | 77 | 81 | 83 | 90 | 96 |
-----------------------------------------------------------------Schedule complete
Client 11 trained
Client 11 uploaded
Client 7 trained
Client 7 uploaded
Client 9 trained
Client 9 uploaded
Client 90 trained
Client 90 uploaded
Client 77 trained
Client 77 uploaded
Client 74 trained
Client 74 uploaded
Client 53 trained
Client 53 uploaded
Client 81 trained
Client 81 uploaded
Client 40 trained
Client 40 uploaded
Client 37 trained
Client 37 uploaded
Client 83 trained
Client 83 uploaded
Client 4 trained
Client 4 uploaded
Client 96 trained
Client 96 uploaded
Client 15 trained
Client 15 uploaded
Epoch(t): 210 accuracy: 70.47 loss 1.123172624707222 run_time: 8042.3579070568085
FedDocs Algo: Group 5 is selected
| current_epoch 211 |. Begin client select
SchedulerThread schedule Group [ 5 ], select( 14 clients):
4 | 7 | 9 | 11 | 15 | 37 | 40 | 53 | 74 | 77 | 81 | 83 | 90 | 96 |
-----------------------------------------------------------------Schedule complete
Client 11 trained
Client 11 uploaded
Client 7 trained
Client 7 uploaded
Client 9 trained
Client 9 uploaded
Client 90 trained
Client 90 uploaded
Client 74 trained
Client 74 uploaded
Client 77 trained
Client 77 uploaded
Client 53 trained
Client 53 uploaded
Client 81 trained
Client 81 uploaded
Client 37 trained
Client 37 uploaded
Client 40 trained
Client 40 uploaded
Client 83 trained
Client 83 uploaded
Client 96 trained
Client 96 uploaded
Client 4 trained
Client 4 uploaded
Client 15 trained
Client 15 uploaded
Epoch(t): 211 accuracy: 70.17 loss 1.148465942144394 run_time: 8078.47598862648
FedDocs Algo: Group 6 is selected
| current_epoch 212 |. Begin client select
SchedulerThread schedule Group [ 6 ], select( 13 clients):
0 | 6 | 14 | 25 | 30 | 39 | 57 | 65 | 71 | 73 | 79 | 82 | 88 |
-----------------------------------------------------------------Schedule complete
Client 39 trained
Client 39 uploaded
Client 57 trained
Client 57 uploaded
Client 30 trained
Client 30 uploaded
Client 88 trained
Client 88 uploaded
Client 79 trained
Client 79 uploaded
Client 0 trained
Client 0 uploaded
Client 71 trained
Client 71 uploaded
Client 14 trained
Client 14 uploaded
Client 82 trained
Client 82 uploaded
Client 65 trained
Client 65 uploaded
Client 6 trained
Client 6 uploaded
Client 73 trained
Client 73 uploaded
Client 25 trained
Client 25 uploaded
Epoch(t): 212 accuracy: 71.26 loss 0.9191737049818038 run_time: 8107.126140117645
FedDocs Algo: Group 5 is selected
| current_epoch 213 |. Begin client select
SchedulerThread schedule Group [ 5 ], select( 14 clients):
4 | 7 | 9 | 11 | 15 | 37 | 40 | 53 | 74 | 77 | 81 | 83 | 90 | 96 |
-----------------------------------------------------------------Schedule complete
Client 11 trained
Client 11 uploaded
Client 7 trained
Client 7 uploaded
Client 9 trained
Client 9 uploaded
Client 90 trained
Client 90 uploaded
Client 74 trained
Client 74 uploaded
Client 77 trained
Client 77 uploaded
Client 53 trained
Client 53 uploaded
Client 81 trained
Client 81 uploaded
Client 37 trained
Client 37 uploaded
Client 40 trained
Client 40 uploaded
Client 96 trained
Client 96 uploaded
Client 83 trained
Client 83 uploaded
Client 4 trained
Client 4 uploaded
Client 15 trained
Client 15 uploaded
Epoch(t): 213 accuracy: 70.64 loss 1.0439536559581757 run_time: 8139.734618902206
FedDocs Algo: Group 5 is selected
| current_epoch 214 |. Begin client select
SchedulerThread schedule Group [ 5 ], select( 14 clients):
4 | 7 | 9 | 11 | 15 | 37 | 40 | 53 | 74 | 77 | 81 | 83 | 90 | 96 |
-----------------------------------------------------------------Schedule complete
Client 7 trained
Client 7 uploaded
Client 11 trained
Client 11 uploaded
Client 9 trained
Client 9 uploaded
Client 53 trained
Client 53 uploaded
Client 77 trained
Client 77 uploaded
Client 90 trained
Client 90 uploaded
Client 74 trained
Client 74 uploaded
Client 81 trained
Client 81 uploaded
Client 40 trained
Client 40 uploaded
Client 37 trained
Client 37 uploaded
Client 96 trained
Client 96 uploaded
Client 4 trained
Client 4 uploaded
Client 83 trained
Client 83 uploaded
Client 15 trained
Client 15 uploaded
Epoch(t): 214 accuracy: 70.65 loss 1.1141010630130768 run_time: 8167.5353038311005
FedDocs Algo: Group 1 is selected
| current_epoch 215 |. Begin client select
SchedulerThread schedule Group [ 1 ], select( 15 clients):
5 | 20 | 22 | 26 | 31 | 33 | 35 | 36 | 44 | 46 | 61 | 72 | 89 | 91 | 95 |
-----------------------------------------------------------------Schedule complete
Client 95 trained
Client 95 uploaded
Client 5 trained
Client 5 uploaded
Client 91 trained
Client 91 uploaded
Client 61 trained
Client 61 uploaded
Client 44 trained
Client 44 uploaded
Client 20 trained
Client 20 uploaded
Client 22 trained
Client 22 uploaded
Client 31 trained
Client 31 uploaded
Client 33 trained
Client 33 uploaded
Client 72 trained
Client 72 uploaded
Client 36 trained
Client 36 uploaded
Client 26 trained
Client 26 uploaded
Client 89 trained
Client 89 uploaded
Client 46 trained
Client 46 uploaded
Client 35 trained
Client 35 uploaded
Epoch(t): 215 accuracy: 71.53 loss 0.9392763698101043 run_time: 8203.94356393814
FedDocs Algo: Group 0 is selected
| current_epoch 216 |. Begin client select
SchedulerThread schedule Group [ 0 ], select( 13 clients):
2 | 3 | 29 | 47 | 52 | 54 | 56 | 66 | 67 | 68 | 70 | 84 | 86 |
-----------------------------------------------------------------Schedule complete
Client 47 trained
Client 47 uploaded
Client 86 trained
Client 86 uploaded
Client 29 trained
Client 29 uploaded
Client 52 trained
Client 52 uploaded
Client 54 trained
Client 54 uploaded
Client 2 trained
Client 2 uploaded
Client 70 trained
Client 70 uploaded
Client 3 trained
Client 3 uploaded
Client 56 trained
Client 56 uploaded
Client 68 trained
Client 68 uploaded
Client 66 trained
Client 66 uploaded
Client 84 trained
Client 84 uploaded
Client 67 trained
Client 67 uploaded
Epoch(t): 216 accuracy: 71.44 loss 0.9358530914783478 run_time: 8235.460340738297
FedDocs Algo: Group 5 is selected
| current_epoch 217 |. Begin client select
SchedulerThread schedule Group [ 5 ], select( 14 clients):
4 | 7 | 9 | 11 | 15 | 37 | 40 | 53 | 74 | 77 | 81 | 83 | 90 | 96 |
-----------------------------------------------------------------Schedule complete
Client 11 trained
Client 11 uploaded
Client 7 trained
Client 7 uploaded
Client 9 trained
Client 9 uploaded
Client 90 trained
Client 90 uploaded
Client 74 trained
Client 74 uploaded
Client 77 trained
Client 77 uploaded
Client 53 trained
Client 53 uploaded
Client 81 trained
Client 81 uploaded
Client 37 trained
Client 37 uploaded
Client 40 trained
Client 40 uploaded
Client 4 trained
Client 4 uploaded
Client 83 trained
Client 83 uploaded
Client 96 trained
Client 96 uploaded
Client 15 trained
Client 15 uploaded
Epoch(t): 217 accuracy: 71.16 loss 1.044875436425209 run_time: 8274.934769630432
FedDocs Algo: Group 2 is selected
| current_epoch 218 |. Begin client select
SchedulerThread schedule Group [ 2 ], select( 15 clients):
8 | 16 | 18 | 19 | 21 | 27 | 34 | 42 | 51 | 55 | 58 | 64 | 75 | 76 | 93 |
-----------------------------------------------------------------Schedule complete
Client 18 trained
Client 18 uploaded
Client 16 trained
Client 16 uploaded
Client 51 trained
Client 51 uploaded
Client 27 trained
Client 27 uploaded
Client 21 trained
Client 21 uploaded
Client 19 trained
Client 19 uploaded
Client 55 trained
Client 55 uploaded
Client 75 trained
Client 75 uploaded
Client 64 trained
Client 64 uploaded
Client 42 trained
Client 42 uploaded
Client 34 trained
Client 34 uploaded
Client 8 trained
Client 8 uploaded
Client 58 trained
Client 58 uploaded
Client 76 trained
Client 76 uploaded
Client 93 trained
Client 93 uploaded
Epoch(t): 218 accuracy: 71.72 loss 0.9030330967903137 run_time: 8306.366934776306
FedDocs Algo: Group 5 is selected
| current_epoch 219 |. Begin client select
SchedulerThread schedule Group [ 5 ], select( 14 clients):
4 | 7 | 9 | 11 | 15 | 37 | 40 | 53 | 74 | 77 | 81 | 83 | 90 | 96 |
-----------------------------------------------------------------Schedule complete
Client 11 trained
Client 11 uploaded
Client 7 trained
Client 7 uploaded
Client 9 trained
Client 9 uploaded
Client 90 trained
Client 90 uploaded
Client 74 trained
Client 74 uploaded
Client 77 trained
Client 77 uploaded
Client 53 trained
Client 53 uploaded
Client 81 trained
Client 81 uploaded
Client 40 trained
Client 40 uploaded
Client 37 trained
Client 37 uploaded
Client 4 trained
Client 4 uploaded
Client 96 trained
Client 96 uploaded
Client 83 trained
Client 83 uploaded
Client 15 trained
Client 15 uploaded
Epoch(t): 219 accuracy: 71.18 loss 1.0233269733190538 run_time: 8342.752180099487
FedDocs Algo: Group 5 is selected
| current_epoch 220 |. Begin client select
SchedulerThread schedule Group [ 5 ], select( 14 clients):
4 | 7 | 9 | 11 | 15 | 37 | 40 | 53 | 74 | 77 | 81 | 83 | 90 | 96 |
-----------------------------------------------------------------Schedule complete
Client 11 trained
Client 11 uploaded
Client 7 trained
Client 7 uploaded
Client 9 trained
Client 9 uploaded
Client 90 trained
Client 90 uploaded
Client 74 trained
Client 74 uploaded
Client 77 trained
Client 77 uploaded
Client 53 trained
Client 53 uploaded
Client 81 trained
Client 81 uploaded
Client 37 trained
Client 37 uploaded
Client 40 trained
Client 40 uploaded
Client 4 trained
Client 4 uploaded
Client 96 trained
Client 96 uploaded
Client 83 trained
Client 83 uploaded
Client 15 trained
Client 15 uploaded
Epoch(t): 220 accuracy: 71.07 loss 1.0858648824691772 run_time: 8379.86493730545
FedDocs Algo: Group 5 is selected
| current_epoch 221 |. Begin client select
SchedulerThread schedule Group [ 5 ], select( 14 clients):
4 | 7 | 9 | 11 | 15 | 37 | 40 | 53 | 74 | 77 | 81 | 83 | 90 | 96 |
-----------------------------------------------------------------Schedule complete
Client 11 trained
Client 11 uploaded
Client 7 trained
Client 7 uploaded
Client 9 trained
Client 9 uploaded
Client 90 trained
Client 90 uploaded
Client 74 trained
Client 74 uploaded
Client 77 trained
Client 77 uploaded
Client 53 trained
Client 53 uploaded
Client 81 trained
Client 81 uploaded
Client 40 trained
Client 40 uploaded
Client 37 trained
Client 37 uploaded
Client 4 trained
Client 4 uploaded
Client 96 trained
Client 96 uploaded
Client 83 trained
Client 83 uploaded
Client 15 trained
Client 15 uploaded
Epoch(t): 221 accuracy: 70.87 loss 1.1055542153120042 run_time: 8417.117066383362
FedDocs Algo: Group 5 is selected
| current_epoch 222 |. Begin client select
SchedulerThread schedule Group [ 5 ], select( 14 clients):
4 | 7 | 9 | 11 | 15 | 37 | 40 | 53 | 74 | 77 | 81 | 83 | 90 | 96 |
-----------------------------------------------------------------Schedule complete
Client 11 trained
Client 11 uploaded
Client 7 trained
Client 7 uploaded
Client 9 trained
Client 9 uploaded
Client 90 trained
Client 90 uploaded
Client 77 trained
Client 77 uploaded
Client 74 trained
Client 74 uploaded
Client 53 trained
Client 53 uploaded
Client 81 trained
Client 81 uploaded
Client 40 trained
Client 40 uploaded
Client 37 trained
Client 37 uploaded
Client 83 trained
Client 83 uploaded
Client 4 trained
Client 4 uploaded
Client 96 trained
Client 96 uploaded
Client 15 trained
Client 15 uploaded
Epoch(t): 222 accuracy: 70.51 loss 1.12230362534523 run_time: 8454.099722385406
FedDocs Algo: Group 5 is selected
| current_epoch 223 |. Begin client select
SchedulerThread schedule Group [ 5 ], select( 14 clients):
4 | 7 | 9 | 11 | 15 | 37 | 40 | 53 | 74 | 77 | 81 | 83 | 90 | 96 |
-----------------------------------------------------------------Schedule complete
Client 11 trained
Client 11 uploaded
Client 7 trained
Client 7 uploaded
Client 9 trained
Client 9 uploaded
Client 90 trained
Client 90 uploaded
Client 77 trained
Client 77 uploaded
Client 74 trained
Client 74 uploaded
Client 53 trained
Client 53 uploaded
Client 81 trained
Client 81 uploaded
Client 40 trained
Client 40 uploaded
Client 37 trained
Client 37 uploaded
Client 83 trained
Client 83 uploaded
Client 4 trained
Client 4 uploaded
Client 96 trained
Client 96 uploaded
Client 15 trained
Client 15 uploaded
Epoch(t): 223 accuracy: 70.45 loss 1.1469492530822754 run_time: 8490.959376573563
FedDocs Algo: Group 6 is selected
| current_epoch 224 |. Begin client select
SchedulerThread schedule Group [ 6 ], select( 13 clients):
0 | 6 | 14 | 25 | 30 | 39 | 57 | 65 | 71 | 73 | 79 | 82 | 88 |
-----------------------------------------------------------------Schedule complete
Client 39 trained
Client 39 uploaded
Client 57 trained
Client 57 uploaded
Client 30 trained
Client 30 uploaded
Client 88 trained
Client 88 uploaded
Client 79 trained
Client 79 uploaded
Client 71 trained
Client 71 uploaded
Client 14 trained
Client 14 uploaded
Client 0 trained
Client 0 uploaded
Client 82 trained
Client 82 uploaded
Client 65 trained
Client 65 uploaded
Client 73 trained
Client 73 uploaded
Client 6 trained
Client 6 uploaded
Client 25 trained
Client 25 uploaded
Epoch(t): 224 accuracy: 71.82 loss 0.9199622577428818 run_time: 8520.181547641754
FedDocs Algo: Group 5 is selected
| current_epoch 225 |. Begin client select
SchedulerThread schedule Group [ 5 ], select( 14 clients):
4 | 7 | 9 | 11 | 15 | 37 | 40 | 53 | 74 | 77 | 81 | 83 | 90 | 96 |
-----------------------------------------------------------------Schedule complete
Client 11 trained
Client 11 uploaded
Client 7 trained
Client 7 uploaded
Client 9 trained
Client 9 uploaded
Client 90 trained
Client 90 uploaded
Client 77 trained
Client 77 uploaded
Client 74 trained
Client 74 uploaded
Client 53 trained
Client 53 uploaded
Client 81 trained
Client 81 uploaded
Client 37 trained
Client 37 uploaded
Client 40 trained
Client 40 uploaded
Client 4 trained
Client 4 uploaded
Client 96 trained
Client 96 uploaded
Client 83 trained
Client 83 uploaded
Client 15 trained
Client 15 uploaded
Epoch(t): 225 accuracy: 71.17 loss 1.0447152763605119 run_time: 8556.681106090546
FedDocs Algo: Group 2 is selected
| current_epoch 226 |. Begin client select
SchedulerThread schedule Group [ 2 ], select( 15 clients):
8 | 16 | 18 | 19 | 21 | 27 | 34 | 42 | 51 | 55 | 58 | 64 | 75 | 76 | 93 |
-----------------------------------------------------------------Schedule complete
Client 18 trained
Client 18 uploaded
Client 16 trained
Client 16 uploaded
Client 51 trained
Client 51 uploaded
Client 27 trained
Client 27 uploaded
Client 21 trained
Client 21 uploaded
Client 19 trained
Client 19 uploaded
Client 55 trained
Client 55 uploaded
Client 64 trained
Client 64 uploaded
Client 75 trained
Client 75 uploaded
Client 42 trained
Client 42 uploaded
Client 8 trained
Client 8 uploaded
Client 34 trained
Client 34 uploaded
Client 58 trained
Client 58 uploaded
Client 76 trained
Client 76 uploaded
Client 93 trained
Client 93 uploaded
Epoch(t): 226 accuracy: 71.6 loss 0.9240632057189941 run_time: 8592.642138004303
FedDocs Algo: Group 2 is selected
| current_epoch 227 |. Begin client select
SchedulerThread schedule Group [ 2 ], select( 15 clients):
8 | 16 | 18 | 19 | 21 | 27 | 34 | 42 | 51 | 55 | 58 | 64 | 75 | 76 | 93 |
-----------------------------------------------------------------Schedule complete
Client 18 trained
Client 18 uploaded
Client 51 trained
Client 51 uploaded
Client 16 trained
Client 16 uploaded
Client 21 trained
Client 21 uploaded
Client 27 trained
Client 27 uploaded
Client 55 trained
Client 55 uploaded
Client 19 trained
Client 19 uploaded
Client 64 trained
Client 64 uploaded
Client 75 trained
Client 75 uploaded
Client 42 trained
Client 42 uploaded
Client 8 trained
Client 8 uploaded
Client 34 trained
Client 34 uploaded
Client 58 trained
Client 58 uploaded
Client 76 trained
Client 76 uploaded
Client 93 trained
Client 93 uploaded
Epoch(t): 227 accuracy: 71.45 loss 0.918726272881031 run_time: 8623.60035443306
FedDocs Algo: Group 5 is selected
| current_epoch 228 |. Begin client select
SchedulerThread schedule Group [ 5 ], select( 14 clients):
4 | 7 | 9 | 11 | 15 | 37 | 40 | 53 | 74 | 77 | 81 | 83 | 90 | 96 |
-----------------------------------------------------------------Schedule complete
Client 7 trained
Client 7 uploaded
Client 11 trained
Client 11 uploaded
Client 90 trained
Client 90 uploaded
Client 9 trained
Client 9 uploaded
Client 77 trained
Client 77 uploaded
Client 53 trained
Client 53 uploaded
Client 74 trained
Client 74 uploaded
Client 81 trained
Client 81 uploaded
Client 40 trained
Client 40 uploaded
Client 37 trained
Client 37 uploaded
Client 4 trained
Client 4 uploaded
Client 96 trained
Client 96 uploaded
Client 83 trained
Client 83 uploaded
Client 15 trained
Client 15 uploaded
Epoch(t): 228 accuracy: 71.05 loss 1.0437251937389374 run_time: 8649.571023464203
FedDocs Algo: Group 5 is selected
| current_epoch 229 |. Begin client select
SchedulerThread schedule Group [ 5 ], select( 14 clients):
4 | 7 | 9 | 11 | 15 | 37 | 40 | 53 | 74 | 77 | 81 | 83 | 90 | 96 |
-----------------------------------------------------------------Schedule complete
Client 7 trained
Client 7 uploaded
Client 11 trained
Client 11 uploaded
Client 9 trained
Client 9 uploaded
Client 53 trained
Client 53 uploaded
Client 74 trained
Client 74 uploaded
Client 40 trained
Client 40 uploaded
Client 90 trained
Client 90 uploaded
Client 81 trained
Client 81 uploaded
Client 77 trained
Client 77 uploaded
Client 37 trained
Client 37 uploaded
Client 4 trained
Client 4 uploaded
Client 96 trained
Client 96 uploaded
Client 83 trained
Client 83 uploaded
Client 15 trained
Client 15 uploaded
Epoch(t): 229 accuracy: 70.69 loss 1.0939528012275697 run_time: 8674.666867256165
FedDocs Algo: Group 5 is selected
| current_epoch 230 |. Begin client select
SchedulerThread schedule Group [ 5 ], select( 14 clients):
4 | 7 | 9 | 11 | 15 | 37 | 40 | 53 | 74 | 77 | 81 | 83 | 90 | 96 |
-----------------------------------------------------------------Schedule complete
Client 11 trained
Client 11 uploaded
Client 7 trained
Client 7 uploaded
Client 9 trained
Client 9 uploaded
Client 90 trained
Client 90 uploaded
Client 77 trained
Client 77 uploaded
Client 74 trained
Client 74 uploaded
Client 53 trained
Client 53 uploaded
Client 81 trained
Client 81 uploaded
Client 37 trained
Client 37 uploaded
Client 40 trained
Client 40 uploaded
Client 4 trained
Client 4 uploaded
Client 96 trained
Client 96 uploaded
Client 83 trained
Client 83 uploaded
Client 15 trained
Client 15 uploaded
Epoch(t): 230 accuracy: 70.18 loss 1.1299818885326385 run_time: 8709.098453998566
FedDocs Algo: Group 5 is selected
| current_epoch 231 |. Begin client select
SchedulerThread schedule Group [ 5 ], select( 14 clients):
4 | 7 | 9 | 11 | 15 | 37 | 40 | 53 | 74 | 77 | 81 | 83 | 90 | 96 |
-----------------------------------------------------------------Schedule complete
Client 7 trained
Client 7 uploaded
Client 11 trained
Client 11 uploaded
Client 9 trained
Client 9 uploaded
Client 90 trained
Client 90 uploaded
Client 77 trained
Client 77 uploaded
Client 74 trained
Client 74 uploaded
Client 53 trained
Client 53 uploaded
Client 81 trained
Client 81 uploaded
Client 37 trained
Client 37 uploaded
Client 40 trained
Client 40 uploaded
Client 4 trained
Client 4 uploaded
Client 96 trained
Client 96 uploaded
Client 15 trained
Client 15 uploaded
Client 83 trained
Client 83 uploaded
Epoch(t): 231 accuracy: 70.74 loss 1.1363146913051605 run_time: 8744.460539579391
FedDocs Algo: Group 0 is selected
| current_epoch 232 |. Begin client select
SchedulerThread schedule Group [ 0 ], select( 13 clients):
2 | 3 | 29 | 47 | 52 | 54 | 56 | 66 | 67 | 68 | 70 | 84 | 86 |
-----------------------------------------------------------------Schedule complete
Client 86 trained
Client 86 uploaded
Client 47 trained
Client 47 uploaded
Client 52 trained
Client 52 uploaded
Client 29 trained
Client 29 uploaded
Client 54 trained
Client 54 uploaded
Client 2 trained
Client 2 uploaded
Client 70 trained
Client 70 uploaded
Client 3 trained
Client 3 uploaded
Client 56 trained
Client 56 uploaded
Client 68 trained
Client 68 uploaded
Client 66 trained
Client 66 uploaded
Client 84 trained
Client 84 uploaded
Client 67 trained
Client 67 uploaded
Epoch(t): 232 accuracy: 71.25 loss 0.9514358669519425 run_time: 8774.616142511368
FedDocs Algo: Group 5 is selected
| current_epoch 233 |. Begin client select
SchedulerThread schedule Group [ 5 ], select( 14 clients):
4 | 7 | 9 | 11 | 15 | 37 | 40 | 53 | 74 | 77 | 81 | 83 | 90 | 96 |
-----------------------------------------------------------------Schedule complete
Client 11 trained
Client 11 uploaded
Client 7 trained
Client 7 uploaded
Client 9 trained
Client 9 uploaded
Client 90 trained
Client 90 uploaded
Client 74 trained
Client 74 uploaded
Client 77 trained
Client 77 uploaded
Client 53 trained
Client 53 uploaded
Client 81 trained
Client 81 uploaded
Client 37 trained
Client 37 uploaded
Client 40 trained
Client 40 uploaded
Client 4 trained
Client 4 uploaded
Client 83 trained
Client 83 uploaded
Client 96 trained
Client 96 uploaded
Client 15 trained
Client 15 uploaded
Epoch(t): 233 accuracy: 70.99 loss 1.0544885540008544 run_time: 8810.897364139557
FedDocs Algo: Group 5 is selected
| current_epoch 234 |. Begin client select
SchedulerThread schedule Group [ 5 ], select( 14 clients):
4 | 7 | 9 | 11 | 15 | 37 | 40 | 53 | 74 | 77 | 81 | 83 | 90 | 96 |
-----------------------------------------------------------------Schedule complete
Client 7 trained
Client 7 uploaded
Client 11 trained
Client 11 uploaded
Client 9 trained
Client 9 uploaded
Client 90 trained
Client 90 uploaded
Client 74 trained
Client 74 uploaded
Client 77 trained
Client 77 uploaded
Client 53 trained
Client 53 uploaded
Client 40 trained
Client 40 uploaded
Client 81 trained
Client 81 uploaded
Client 37 trained
Client 37 uploaded
Client 4 trained
Client 4 uploaded
Client 83 trained
Client 83 uploaded
Client 96 trained
Client 96 uploaded
Client 15 trained
Client 15 uploaded
Epoch(t): 234 accuracy: 70.69 loss 1.1225260764360427 run_time: 8846.391328573227
FedDocs Algo: Group 5 is selected
| current_epoch 235 |. Begin client select
SchedulerThread schedule Group [ 5 ], select( 14 clients):
4 | 7 | 9 | 11 | 15 | 37 | 40 | 53 | 74 | 77 | 81 | 83 | 90 | 96 |
-----------------------------------------------------------------Schedule complete
Client 11 trained
Client 11 uploaded
Client 7 trained
Client 7 uploaded
Client 9 trained
Client 9 uploaded
Client 90 trained
Client 90 uploaded
Client 53 trained
Client 53 uploaded
Client 77 trained
Client 77 uploaded
Client 74 trained
Client 74 uploaded
Client 81 trained
Client 81 uploaded
Client 40 trained
Client 40 uploaded
Client 37 trained
Client 37 uploaded
Client 4 trained
Client 4 uploaded
Client 96 trained
Client 96 uploaded
Client 83 trained
Client 83 uploaded
Client 15 trained
Client 15 uploaded
Epoch(t): 235 accuracy: 70.45 loss 1.157285144329071 run_time: 8881.222996234894
FedDocs Algo: Group 5 is selected
| current_epoch 236 |. Begin client select
SchedulerThread schedule Group [ 5 ], select( 14 clients):
4 | 7 | 9 | 11 | 15 | 37 | 40 | 53 | 74 | 77 | 81 | 83 | 90 | 96 |
-----------------------------------------------------------------Schedule complete
Client 7 trained
Client 7 uploaded
Client 11 trained
Client 11 uploaded
Client 90 trained
Client 90 uploaded
Client 9 trained
Client 9 uploaded
Client 77 trained
Client 77 uploaded
Client 74 trained
Client 74 uploaded
Client 53 trained
Client 53 uploaded
Client 81 trained
Client 81 uploaded
Client 40 trained
Client 40 uploaded
Client 37 trained
Client 37 uploaded
Client 83 trained
Client 83 uploaded
Client 4 trained
Client 4 uploaded
Client 96 trained
Client 96 uploaded
Client 15 trained
Client 15 uploaded
Epoch(t): 236 accuracy: 70.51 loss 1.1607642209529876 run_time: 8917.347790002823
FedDocs Algo: Group 5 is selected
| current_epoch 237 |. Begin client select
SchedulerThread schedule Group [ 5 ], select( 14 clients):
4 | 7 | 9 | 11 | 15 | 37 | 40 | 53 | 74 | 77 | 81 | 83 | 90 | 96 |
-----------------------------------------------------------------Schedule complete
Client 7 trained
Client 7 uploaded
Client 11 trained
Client 11 uploaded
Client 9 trained
Client 9 uploaded
Client 90 trained
Client 90 uploaded
Client 77 trained
Client 77 uploaded
Client 74 trained
Client 74 uploaded
Client 53 trained
Client 53 uploaded
Client 81 trained
Client 81 uploaded
Client 37 trained
Client 37 uploaded
Client 40 trained
Client 40 uploaded
Client 4 trained
Client 4 uploaded
Client 96 trained
Client 96 uploaded
Client 83 trained
Client 83 uploaded
Client 15 trained
Client 15 uploaded
Epoch(t): 237 accuracy: 70.46 loss 1.1674914824962617 run_time: 8954.80811214447
FedDocs Algo: Group 1 is selected
| current_epoch 238 |. Begin client select
SchedulerThread schedule Group [ 1 ], select( 15 clients):
5 | 20 | 22 | 26 | 31 | 33 | 35 | 36 | 44 | 46 | 61 | 72 | 89 | 91 | 95 |
-----------------------------------------------------------------Schedule complete
Client 95 trained
Client 95 uploaded
Client 5 trained
Client 5 uploaded
Client 91 trained
Client 91 uploaded
Client 61 trained
Client 61 uploaded
Client 22 trained
Client 22 uploaded
Client 44 trained
Client 44 uploaded
Client 20 trained
Client 20 uploaded
Client 31 trained
Client 31 uploaded
Client 33 trained
Client 33 uploaded
Client 72 trained
Client 72 uploaded
Client 36 trained
Client 36 uploaded
Client 26 trained
Client 26 uploaded
Client 89 trained
Client 89 uploaded
Client 46 trained
Client 46 uploaded
Client 35 trained
Client 35 uploaded
Epoch(t): 238 accuracy: 72.03 loss 0.9401651692390441 run_time: 8991.72884106636
FedDocs Algo: Group 2 is selected
| current_epoch 239 |. Begin client select
SchedulerThread schedule Group [ 2 ], select( 15 clients):
8 | 16 | 18 | 19 | 21 | 27 | 34 | 42 | 51 | 55 | 58 | 64 | 75 | 76 | 93 |
-----------------------------------------------------------------Schedule complete
Client 18 trained
Client 18 uploaded
Client 16 trained
Client 16 uploaded
Client 51 trained
Client 51 uploaded
Client 21 trained
Client 21 uploaded
Client 27 trained
Client 27 uploaded
Client 19 trained
Client 19 uploaded
Client 55 trained
Client 55 uploaded
Client 75 trained
Client 75 uploaded
Client 64 trained
Client 64 uploaded
Client 42 trained
Client 42 uploaded
Client 34 trained
Client 34 uploaded
Client 8 trained
Client 8 uploaded
Client 58 trained
Client 58 uploaded
Client 76 trained
Client 76 uploaded
Client 93 trained
Client 93 uploaded
Epoch(t): 239 accuracy: 71.71 loss 0.9233188080787659 run_time: 9026.377371788025
FedDocs Algo: Group 5 is selected
| current_epoch 240 |. Begin client select
SchedulerThread schedule Group [ 5 ], select( 14 clients):
4 | 7 | 9 | 11 | 15 | 37 | 40 | 53 | 74 | 77 | 81 | 83 | 90 | 96 |
-----------------------------------------------------------------Schedule complete
Client 7 trained
Client 7 uploaded
Client 11 trained
Client 11 uploaded
Client 9 trained
Client 9 uploaded
Client 90 trained
Client 90 uploaded
Client 77 trained
Client 77 uploaded
Client 74 trained
Client 74 uploaded
Client 53 trained
Client 53 uploaded
Client 81 trained
Client 81 uploaded
Client 40 trained
Client 40 uploaded
Client 37 trained
Client 37 uploaded
Client 83 trained
Client 83 uploaded
Client 4 trained
Client 4 uploaded
Client 96 trained
Client 96 uploaded
Client 15 trained
Client 15 uploaded
Epoch(t): 240 accuracy: 71.19 loss 1.0431167072057723 run_time: 9062.003671169281
FedDocs Algo: Group 5 is selected
| current_epoch 241 |. Begin client select
SchedulerThread schedule Group [ 5 ], select( 14 clients):
4 | 7 | 9 | 11 | 15 | 37 | 40 | 53 | 74 | 77 | 81 | 83 | 90 | 96 |
-----------------------------------------------------------------Schedule complete
Client 7 trained
Client 7 uploaded
Client 11 trained
Client 11 uploaded
Client 9 trained
Client 9 uploaded
Client 90 trained
Client 90 uploaded
Client 77 trained
Client 77 uploaded
Client 74 trained
Client 74 uploaded
Client 53 trained
Client 53 uploaded
Client 81 trained
Client 81 uploaded
Client 37 trained
Client 37 uploaded
Client 40 trained
Client 40 uploaded
Client 4 trained
Client 4 uploaded
Client 83 trained
Client 83 uploaded
Client 96 trained
Client 96 uploaded
Client 15 trained
Client 15 uploaded
Epoch(t): 241 accuracy: 71.05 loss 1.11170836687088 run_time: 9097.513887643814
FedDocs Algo: Group 5 is selected
| current_epoch 242 |. Begin client select
SchedulerThread schedule Group [ 5 ], select( 14 clients):
4 | 7 | 9 | 11 | 15 | 37 | 40 | 53 | 74 | 77 | 81 | 83 | 90 | 96 |
-----------------------------------------------------------------Schedule complete
Client 7 trained
Client 7 uploaded
Client 11 trained
Client 11 uploaded
Client 9 trained
Client 9 uploaded
Client 90 trained
Client 90 uploaded
Client 77 trained
Client 77 uploaded
Client 74 trained
Client 74 uploaded
Client 53 trained
Client 53 uploaded
Client 81 trained
Client 81 uploaded
Client 37 trained
Client 37 uploaded
Client 40 trained
Client 40 uploaded
Client 83 trained
Client 83 uploaded
Client 96 trained
Client 96 uploaded
Client 4 trained
Client 4 uploaded
Client 15 trained
Client 15 uploaded
Epoch(t): 242 accuracy: 70.69 loss 1.1655408602952957 run_time: 9132.607760190964
FedDocs Algo: Group 5 is selected
| current_epoch 243 |. Begin client select
SchedulerThread schedule Group [ 5 ], select( 14 clients):
4 | 7 | 9 | 11 | 15 | 37 | 40 | 53 | 74 | 77 | 81 | 83 | 90 | 96 |
-----------------------------------------------------------------Schedule complete
Client 7 trained
Client 7 uploaded
Client 11 trained
Client 11 uploaded
Client 9 trained
Client 9 uploaded
Client 90 trained
Client 90 uploaded
Client 74 trained
Client 74 uploaded
Client 53 trained
Client 53 uploaded
Client 77 trained
Client 77 uploaded
Client 81 trained
Client 81 uploaded
Client 40 trained
Client 40 uploaded
Client 37 trained
Client 37 uploaded
Client 83 trained
Client 83 uploaded
Client 4 trained
Client 4 uploaded
Client 96 trained
Client 96 uploaded
Client 15 trained
Client 15 uploaded
Epoch(t): 243 accuracy: 70.7 loss 1.1690750044584275 run_time: 9168.592893838882
FedDocs Algo: Group 1 is selected
| current_epoch 244 |. Begin client select
SchedulerThread schedule Group [ 1 ], select( 15 clients):
5 | 20 | 22 | 26 | 31 | 33 | 35 | 36 | 44 | 46 | 61 | 72 | 89 | 91 | 95 |
-----------------------------------------------------------------Schedule complete
Client 95 trained
Client 95 uploaded
Client 5 trained
Client 5 uploaded
Client 91 trained
Client 91 uploaded
Client 61 trained
Client 61 uploaded
Client 44 trained
Client 44 uploaded
Client 20 trained
Client 20 uploaded
Client 22 trained
Client 22 uploaded
Client 31 trained
Client 31 uploaded
Client 72 trained
Client 72 uploaded
Client 33 trained
Client 33 uploaded
Client 36 trained
Client 36 uploaded
Client 89 trained
Client 89 uploaded
Client 26 trained
Client 26 uploaded
Client 35 trained
Client 35 uploaded
Client 46 trained
Client 46 uploaded
Epoch(t): 244 accuracy: 71.98 loss 0.9343402153253555 run_time: 9205.009869337082
FedDocs Algo: Group 5 is selected
| current_epoch 245 |. Begin client select
SchedulerThread schedule Group [ 5 ], select( 14 clients):
4 | 7 | 9 | 11 | 15 | 37 | 40 | 53 | 74 | 77 | 81 | 83 | 90 | 96 |
-----------------------------------------------------------------Schedule complete
Client 11 trained
Client 11 uploaded
Client 7 trained
Client 7 uploaded
Client 9 trained
Client 9 uploaded
Client 90 trained
Client 90 uploaded
Client 77 trained
Client 77 uploaded
Client 74 trained
Client 74 uploaded
Client 53 trained
Client 53 uploaded
Client 81 trained
Client 81 uploaded
Client 37 trained
Client 37 uploaded
Client 40 trained
Client 40 uploaded
Client 83 trained
Client 83 uploaded
Client 96 trained
Client 96 uploaded
Client 4 trained
Client 4 uploaded
Client 15 trained
Client 15 uploaded
Epoch(t): 245 accuracy: 71.12 loss 1.0672008335590362 run_time: 9241.345419168472
FedDocs Algo: Group 4 is selected
| current_epoch 246 |. Begin client select
SchedulerThread schedule Group [ 4 ], select( 15 clients):
12 | 13 | 17 | 32 | 41 | 49 | 60 | 63 | 78 | 80 | 85 | 92 | 97 | 98 | 99 |
-----------------------------------------------------------------Schedule complete
Client 49 trained
Client 49 uploaded
Client 78 trained
Client 78 uploaded
Client 12 trained
Client 12 uploaded
Client 17 trained
Client 17 uploaded
Client 92 trained
Client 92 uploaded
Client 99 trained
Client 99 uploaded
Client 13 trained
Client 13 uploaded
Client 41 trained
Client 41 uploaded
Client 98 trained
Client 98 uploaded
Client 97 trained
Client 97 uploaded
Client 63 trained
Client 63 uploaded
Client 85 trained
Client 85 uploaded
Client 60 trained
Client 60 uploaded
Client 80 trained
Client 80 uploaded
Client 32 trained
Client 32 uploaded
Epoch(t): 246 accuracy: 71.87 loss 0.930739249587059 run_time: 9270.433956623077
FedDocs Algo: Group 5 is selected
| current_epoch 247 |. Begin client select
SchedulerThread schedule Group [ 5 ], select( 14 clients):
4 | 7 | 9 | 11 | 15 | 37 | 40 | 53 | 74 | 77 | 81 | 83 | 90 | 96 |
-----------------------------------------------------------------Schedule complete
Client 7 trained
Client 7 uploaded
Client 11 trained
Client 11 uploaded
Client 9 trained
Client 9 uploaded
Client 90 trained
Client 90 uploaded
Client 77 trained
Client 77 uploaded
Client 74 trained
Client 74 uploaded
Client 53 trained
Client 53 uploaded
Client 81 trained
Client 81 uploaded
Client 96 trained
Client 96 uploaded
Client 40 trained
Client 40 uploaded
Client 37 trained
Client 37 uploaded
Client 83 trained
Client 83 uploaded
Client 4 trained
Client 4 uploaded
Client 15 trained
Client 15 uploaded
Epoch(t): 247 accuracy: 71.6 loss 1.046925733089447 run_time: 9305.932443618774
FedDocs Algo: Group 4 is selected
| current_epoch 248 |. Begin client select
SchedulerThread schedule Group [ 4 ], select( 15 clients):
12 | 13 | 17 | 32 | 41 | 49 | 60 | 63 | 78 | 80 | 85 | 92 | 97 | 98 | 99 |
-----------------------------------------------------------------Schedule complete
Client 49 trained
Client 49 uploaded
Client 78 trained
Client 78 uploaded
Client 12 trained
Client 12 uploaded
Client 17 trained
Client 17 uploaded
Client 99 trained
Client 99 uploaded
Client 92 trained
Client 92 uploaded
Client 13 trained
Client 13 uploaded
Client 41 trained
Client 41 uploaded
Client 98 trained
Client 98 uploaded
Client 97 trained
Client 97 uploaded
Client 63 trained
Client 63 uploaded
Client 85 trained
Client 85 uploaded
Client 60 trained
Client 60 uploaded
Client 80 trained
Client 80 uploaded
Client 32 trained
Client 32 uploaded
Epoch(t): 248 accuracy: 71.45 loss 0.961013154387474 run_time: 9335.202256202698
FedDocs Algo: Group 5 is selected
| current_epoch 249 |. Begin client select
SchedulerThread schedule Group [ 5 ], select( 14 clients):
4 | 7 | 9 | 11 | 15 | 37 | 40 | 53 | 74 | 77 | 81 | 83 | 90 | 96 |
-----------------------------------------------------------------Schedule complete
Client 11 trained
Client 11 uploaded
Client 7 trained
Client 7 uploaded
Client 9 trained
Client 9 uploaded
Client 90 trained
Client 90 uploaded
Client 74 trained
Client 74 uploaded
Client 77 trained
Client 77 uploaded
Client 53 trained
Client 53 uploaded
Client 81 trained
Client 81 uploaded
Client 37 trained
Client 37 uploaded
Client 40 trained
Client 40 uploaded
Client 4 trained
Client 4 uploaded
Client 83 trained
Client 83 uploaded
Client 96 trained
Client 96 uploaded
Client 15 trained
Client 15 uploaded
Epoch(t): 249 accuracy: 70.99 loss 1.063709993958473 run_time: 9371.79073882103
FedDocs Algo: Group 5 is selected
| current_epoch 250 |. Begin client select
SchedulerThread schedule Group [ 5 ], select( 14 clients):
4 | 7 | 9 | 11 | 15 | 37 | 40 | 53 | 74 | 77 | 81 | 83 | 90 | 96 |
-----------------------------------------------------------------Schedule complete
Client 11 trained
Client 11 uploaded
Client 7 trained
Client 7 uploaded
Client 9 trained
Client 9 uploaded
Client 90 trained
Client 90 uploaded
Client 74 trained
Client 74 uploaded
Client 77 trained
Client 77 uploaded
Client 53 trained
Client 53 uploaded
Client 81 trained
Client 81 uploaded
Client 37 trained
Client 37 uploaded
Client 40 trained
Client 40 uploaded
Client 96 trained
Client 96 uploaded
Client 4 trained
Client 4 uploaded
Client 83 trained
Client 83 uploaded
Client 15 trained
Client 15 uploaded
Epoch(t): 250 accuracy: 70.71 loss 1.1189981651306153 run_time: 9407.497929096222
FedDocs Algo: Group 1 is selected
| current_epoch 251 |. Begin client select
SchedulerThread schedule Group [ 1 ], select( 15 clients):
5 | 20 | 22 | 26 | 31 | 33 | 35 | 36 | 44 | 46 | 61 | 72 | 89 | 91 | 95 |
-----------------------------------------------------------------Schedule complete
Client 95 trained
Client 95 uploaded
Client 5 trained
Client 5 uploaded
Client 61 trained
Client 61 uploaded
Client 91 trained
Client 91 uploaded
Client 44 trained
Client 44 uploaded
Client 20 trained
Client 20 uploaded
Client 22 trained
Client 22 uploaded
Client 31 trained
Client 31 uploaded
Client 72 trained
Client 72 uploaded
Client 33 trained
Client 33 uploaded
Client 26 trained
Client 26 uploaded
Client 36 trained
Client 36 uploaded
Client 89 trained
Client 89 uploaded
Client 35 trained
Client 35 uploaded
Client 46 trained
Client 46 uploaded
Epoch(t): 251 accuracy: 71.98 loss 0.9618359166383743 run_time: 9445.198058843613
FedDocs Algo: Group 5 is selected
| current_epoch 252 |. Begin client select
SchedulerThread schedule Group [ 5 ], select( 14 clients):
4 | 7 | 9 | 11 | 15 | 37 | 40 | 53 | 74 | 77 | 81 | 83 | 90 | 96 |
-----------------------------------------------------------------Schedule complete
Client 7 trained
Client 7 uploaded
Client 11 trained
Client 11 uploaded
Client 9 trained
Client 9 uploaded
Client 90 trained
Client 90 uploaded
Client 74 trained
Client 74 uploaded
Client 77 trained
Client 77 uploaded
Client 53 trained
Client 53 uploaded
Client 81 trained
Client 81 uploaded
Client 40 trained
Client 40 uploaded
Client 37 trained
Client 37 uploaded
Client 96 trained
Client 96 uploaded
Client 4 trained
Client 4 uploaded
Client 83 trained
Client 83 uploaded
Client 15 trained
Client 15 uploaded
Epoch(t): 252 accuracy: 71.12 loss 1.057425618171692 run_time: 9477.83751153946
FedDocs Algo: Group 5 is selected
| current_epoch 253 |. Begin client select
SchedulerThread schedule Group [ 5 ], select( 14 clients):
4 | 7 | 9 | 11 | 15 | 37 | 40 | 53 | 74 | 77 | 81 | 83 | 90 | 96 |
-----------------------------------------------------------------Schedule complete
Client 11 trained
Client 11 uploaded
Client 7 trained
Client 7 uploaded
Client 9 trained
Client 9 uploaded
Client 74 trained
Client 74 uploaded
Client 90 trained
Client 90 uploaded
Client 77 trained
Client 77 uploaded
Client 53 trained
Client 53 uploaded
Client 81 trained
Client 81 uploaded
Client 40 trained
Client 40 uploaded
Client 37 trained
Client 37 uploaded
Client 96 trained
Client 96 uploaded
Client 83 trained
Client 83 uploaded
Client 4 trained
Client 4 uploaded
Client 15 trained
Client 15 uploaded
Epoch(t): 253 accuracy: 70.86 loss 1.108236277103424 run_time: 9509.663202524185
FedDocs Algo: Group 5 is selected
| current_epoch 254 |. Begin client select
SchedulerThread schedule Group [ 5 ], select( 14 clients):
4 | 7 | 9 | 11 | 15 | 37 | 40 | 53 | 74 | 77 | 81 | 83 | 90 | 96 |
-----------------------------------------------------------------Schedule complete
Client 11 trained
Client 11 uploaded
Client 7 trained
Client 7 uploaded
Client 9 trained
Client 9 uploaded
Client 90 trained
Client 90 uploaded
Client 74 trained
Client 74 uploaded
Client 77 trained
Client 77 uploaded
Client 53 trained
Client 53 uploaded
Client 81 trained
Client 81 uploaded
Client 37 trained
Client 37 uploaded
Client 40 trained
Client 40 uploaded
Client 83 trained
Client 83 uploaded
Client 4 trained
Client 4 uploaded
Client 96 trained
Client 96 uploaded
Client 15 trained
Client 15 uploaded
Epoch(t): 254 accuracy: 70.59 loss 1.162243669629097 run_time: 9545.762917041779
FedDocs Algo: Group 5 is selected
| current_epoch 255 |. Begin client select
SchedulerThread schedule Group [ 5 ], select( 14 clients):
4 | 7 | 9 | 11 | 15 | 37 | 40 | 53 | 74 | 77 | 81 | 83 | 90 | 96 |
-----------------------------------------------------------------Schedule complete
Client 7 trained
Client 7 uploaded
Client 11 trained
Client 11 uploaded
Client 9 trained
Client 9 uploaded
Client 90 trained
Client 90 uploaded
Client 74 trained
Client 74 uploaded
Client 77 trained
Client 77 uploaded
Client 53 trained
Client 53 uploaded
Client 81 trained
Client 81 uploaded
Client 40 trained
Client 40 uploaded
Client 37 trained
Client 37 uploaded
Client 4 trained
Client 4 uploaded
Client 83 trained
Client 83 uploaded
Client 96 trained
Client 96 uploaded
Client 15 trained
Client 15 uploaded
Epoch(t): 255 accuracy: 70.69 loss 1.1644463646411896 run_time: 9582.538150548935
FedDocs Algo: Group 5 is selected
| current_epoch 256 |. Begin client select
SchedulerThread schedule Group [ 5 ], select( 14 clients):
4 | 7 | 9 | 11 | 15 | 37 | 40 | 53 | 74 | 77 | 81 | 83 | 90 | 96 |
-----------------------------------------------------------------Schedule complete
Client 11 trained
Client 11 uploaded
Client 7 trained
Client 7 uploaded
Client 9 trained
Client 9 uploaded
Client 90 trained
Client 90 uploaded
Client 77 trained
Client 77 uploaded
Client 74 trained
Client 74 uploaded
Client 53 trained
Client 53 uploaded
Client 81 trained
Client 81 uploaded
Client 37 trained
Client 37 uploaded
Client 40 trained
Client 40 uploaded
Client 4 trained
Client 4 uploaded
Client 96 trained
Client 96 uploaded
Client 83 trained
Client 83 uploaded
Client 15 trained
Client 15 uploaded
Epoch(t): 256 accuracy: 70.34 loss 1.1654282188415528 run_time: 9619.452910661697
FedDocs Algo: Group 5 is selected
| current_epoch 257 |. Begin client select
SchedulerThread schedule Group [ 5 ], select( 14 clients):
4 | 7 | 9 | 11 | 15 | 37 | 40 | 53 | 74 | 77 | 81 | 83 | 90 | 96 |
-----------------------------------------------------------------Schedule complete
Client 11 trained
Client 11 uploaded
Client 7 trained
Client 7 uploaded
Client 9 trained
Client 9 uploaded
Client 90 trained
Client 90 uploaded
Client 74 trained
Client 74 uploaded
Client 77 trained
Client 77 uploaded
Client 53 trained
Client 53 uploaded
Client 81 trained
Client 81 uploaded
Client 40 trained
Client 40 uploaded
Client 37 trained
Client 37 uploaded
Client 96 trained
Client 96 uploaded
Client 83 trained
Client 83 uploaded
Client 4 trained
Client 4 uploaded
Client 15 trained
Client 15 uploaded
Epoch(t): 257 accuracy: 70.2 loss 1.1812325829267503 run_time: 9655.566481351852
FedDocs Algo: Group 5 is selected
| current_epoch 258 |. Begin client select
SchedulerThread schedule Group [ 5 ], select( 14 clients):
4 | 7 | 9 | 11 | 15 | 37 | 40 | 53 | 74 | 77 | 81 | 83 | 90 | 96 |
-----------------------------------------------------------------Schedule complete
Client 11 trained
Client 11 uploaded
Client 7 trained
Client 7 uploaded
Client 9 trained
Client 9 uploaded
Client 90 trained
Client 90 uploaded
Client 74 trained
Client 74 uploaded
Client 77 trained
Client 77 uploaded
Client 53 trained
Client 53 uploaded
Client 81 trained
Client 81 uploaded
Client 37 trained
Client 37 uploaded
Client 40 trained
Client 40 uploaded
Client 83 trained
Client 83 uploaded
Client 4 trained
Client 4 uploaded
Client 96 trained
Client 96 uploaded
Client 15 trained
Client 15 uploaded
Epoch(t): 258 accuracy: 70.65 loss 1.1886825221776962 run_time: 9692.202957391739
FedDocs Algo: Group 5 is selected
| current_epoch 259 |. Begin client select
SchedulerThread schedule Group [ 5 ], select( 14 clients):
4 | 7 | 9 | 11 | 15 | 37 | 40 | 53 | 74 | 77 | 81 | 83 | 90 | 96 |
-----------------------------------------------------------------Schedule complete
Client 7 trained
Client 7 uploaded
Client 11 trained
Client 11 uploaded
Client 9 trained
Client 9 uploaded
Client 90 trained
Client 90 uploaded
Client 74 trained
Client 74 uploaded
Client 77 trained
Client 77 uploaded
Client 53 trained
Client 53 uploaded
Client 81 trained
Client 81 uploaded
Client 40 trained
Client 40 uploaded
Client 37 trained
Client 37 uploaded
Client 4 trained
Client 4 uploaded
Client 83 trained
Client 83 uploaded
Client 96 trained
Client 96 uploaded
Client 15 trained
Client 15 uploaded
Epoch(t): 259 accuracy: 70.32 loss 1.1942653012275697 run_time: 9728.341132640839
FedDocs Algo: Group 5 is selected
| current_epoch 260 |. Begin client select
SchedulerThread schedule Group [ 5 ], select( 14 clients):
4 | 7 | 9 | 11 | 15 | 37 | 40 | 53 | 74 | 77 | 81 | 83 | 90 | 96 |
-----------------------------------------------------------------Schedule complete
Client 7 trained
Client 7 uploaded
Client 11 trained
Client 11 uploaded
Client 9 trained
Client 9 uploaded
Client 90 trained
Client 90 uploaded
Client 77 trained
Client 77 uploaded
Client 74 trained
Client 74 uploaded
Client 53 trained
Client 53 uploaded
Client 81 trained
Client 81 uploaded
Client 40 trained
Client 40 uploaded
Client 37 trained
Client 37 uploaded
Client 96 trained
Client 96 uploaded
Client 4 trained
Client 4 uploaded
Client 83 trained
Client 83 uploaded
Client 15 trained
Client 15 uploaded
Epoch(t): 260 accuracy: 69.89 loss 1.203036025762558 run_time: 9765.164605855942
FedDocs Algo: Group 6 is selected
| current_epoch 261 |. Begin client select
SchedulerThread schedule Group [ 6 ], select( 13 clients):
0 | 6 | 14 | 25 | 30 | 39 | 57 | 65 | 71 | 73 | 79 | 82 | 88 |
-----------------------------------------------------------------Schedule complete
Client 39 trained
Client 39 uploaded
Client 57 trained
Client 57 uploaded
Client 30 trained
Client 30 uploaded
Client 88 trained
Client 88 uploaded
Client 79 trained
Client 79 uploaded
Client 71 trained
Client 71 uploaded
Client 14 trained
Client 14 uploaded
Client 82 trained
Client 82 uploaded
Client 0 trained
Client 0 uploaded
Client 65 trained
Client 65 uploaded
Client 6 trained
Client 6 uploaded
Client 73 trained
Client 73 uploaded
Client 25 trained
Client 25 uploaded
Epoch(t): 261 accuracy: 71.48 loss 0.9184823912382126 run_time: 9793.510399580002
FedDocs Algo: Group 5 is selected
| current_epoch 262 |. Begin client select
SchedulerThread schedule Group [ 5 ], select( 14 clients):
4 | 7 | 9 | 11 | 15 | 37 | 40 | 53 | 74 | 77 | 81 | 83 | 90 | 96 |
-----------------------------------------------------------------Schedule complete
Client 7 trained
Client 7 uploaded
Client 11 trained
Client 11 uploaded
Client 9 trained
Client 9 uploaded
Client 90 trained
Client 90 uploaded
Client 74 trained
Client 74 uploaded
Client 77 trained
Client 77 uploaded
Client 53 trained
Client 53 uploaded
Client 81 trained
Client 81 uploaded
Client 37 trained
Client 37 uploaded
Client 40 trained
Client 40 uploaded
Client 4 trained
Client 4 uploaded
Client 83 trained
Client 83 uploaded
Client 96 trained
Client 96 uploaded
Client 15 trained
Client 15 uploaded
Epoch(t): 262 accuracy: 71.16 loss 1.0458047020435333 run_time: 9830.856356620789
FedDocs Algo: Group 0 is selected
| current_epoch 263 |. Begin client select
SchedulerThread schedule Group [ 0 ], select( 13 clients):
2 | 3 | 29 | 47 | 52 | 54 | 56 | 66 | 67 | 68 | 70 | 84 | 86 |
-----------------------------------------------------------------Schedule complete
Client 86 trained
Client 86 uploaded
Client 47 trained
Client 47 uploaded
Client 29 trained
Client 29 uploaded
Client 52 trained
Client 52 uploaded
Client 54 trained
Client 54 uploaded
Client 2 trained
Client 2 uploaded
Client 70 trained
Client 70 uploaded
Client 3 trained
Client 3 uploaded
Client 56 trained
Client 56 uploaded
Client 68 trained
Client 68 uploaded
Client 66 trained
Client 66 uploaded
Client 84 trained
Client 84 uploaded
Client 67 trained
Client 67 uploaded
Epoch(t): 263 accuracy: 71.42 loss 0.9393156933784484 run_time: 9861.949830770493
FedDocs Algo: Group 5 is selected
| current_epoch 264 |. Begin client select
SchedulerThread schedule Group [ 5 ], select( 14 clients):
4 | 7 | 9 | 11 | 15 | 37 | 40 | 53 | 74 | 77 | 81 | 83 | 90 | 96 |
-----------------------------------------------------------------Schedule complete
Client 7 trained
Client 7 uploaded
Client 11 trained
Client 11 uploaded
Client 9 trained
Client 9 uploaded
Client 90 trained
Client 90 uploaded
Client 77 trained
Client 77 uploaded
Client 74 trained
Client 74 uploaded
Client 53 trained
Client 53 uploaded
Client 81 trained
Client 81 uploaded
Client 37 trained
Client 37 uploaded
Client 40 trained
Client 40 uploaded
Client 4 trained
Client 4 uploaded
Client 96 trained
Client 96 uploaded
Client 83 trained
Client 83 uploaded
Client 15 trained
Client 15 uploaded
Epoch(t): 264 accuracy: 71.32 loss 1.0482289206981659 run_time: 9897.712240695953
FedDocs Algo: Group 6 is selected
| current_epoch 265 |. Begin client select
SchedulerThread schedule Group [ 6 ], select( 13 clients):
0 | 6 | 14 | 25 | 30 | 39 | 57 | 65 | 71 | 73 | 79 | 82 | 88 |
-----------------------------------------------------------------Schedule complete
Client 39 trained
Client 39 uploaded
Client 57 trained
Client 57 uploaded
Client 30 trained
Client 30 uploaded
Client 88 trained
Client 88 uploaded
Client 79 trained
Client 79 uploaded
Client 71 trained
Client 71 uploaded
Client 14 trained
Client 14 uploaded
Client 82 trained
Client 82 uploaded
Client 0 trained
Client 0 uploaded
Client 65 trained
Client 65 uploaded
Client 73 trained
Client 73 uploaded
Client 6 trained
Client 6 uploaded
Client 25 trained
Client 25 uploaded
Epoch(t): 265 accuracy: 72.21 loss 0.9147075071930886 run_time: 9925.732644319534
FedDocs Algo: Group 5 is selected
| current_epoch 266 |. Begin client select
SchedulerThread schedule Group [ 5 ], select( 14 clients):
4 | 7 | 9 | 11 | 15 | 37 | 40 | 53 | 74 | 77 | 81 | 83 | 90 | 96 |
-----------------------------------------------------------------Schedule complete
Client 7 trained
Client 7 uploaded
Client 11 trained
Client 11 uploaded
Client 90 trained
Client 90 uploaded
Client 9 trained
Client 9 uploaded
Client 74 trained
Client 74 uploaded
Client 77 trained
Client 77 uploaded
Client 53 trained
Client 53 uploaded
Client 81 trained
Client 81 uploaded
Client 37 trained
Client 37 uploaded
Client 40 trained
Client 40 uploaded
Client 96 trained
Client 96 uploaded
Client 4 trained
Client 4 uploaded
Client 83 trained
Client 83 uploaded
Client 15 trained
Client 15 uploaded
Epoch(t): 266 accuracy: 71.29 loss 1.0347307711839675 run_time: 9962.474251508713
FedDocs Algo: Group 6 is selected
| current_epoch 267 |. Begin client select
SchedulerThread schedule Group [ 6 ], select( 13 clients):
0 | 6 | 14 | 25 | 30 | 39 | 57 | 65 | 71 | 73 | 79 | 82 | 88 |
-----------------------------------------------------------------Schedule complete
Client 39 trained
Client 39 uploaded
Client 57 trained
Client 57 uploaded
Client 30 trained
Client 30 uploaded
Client 88 trained
Client 88 uploaded
Client 79 trained
Client 79 uploaded
Client 71 trained
Client 71 uploaded
Client 14 trained
Client 14 uploaded
Client 0 trained
Client 0 uploaded
Client 82 trained
Client 82 uploaded
Client 65 trained
Client 65 uploaded
Client 6 trained
Client 6 uploaded
Client 73 trained
Client 73 uploaded
Client 25 trained
Client 25 uploaded
Epoch(t): 267 accuracy: 71.74 loss 0.9102609968185424 run_time: 9991.623704910278
FedDocs Algo: Group 5 is selected
| current_epoch 268 |. Begin client select
SchedulerThread schedule Group [ 5 ], select( 14 clients):
4 | 7 | 9 | 11 | 15 | 37 | 40 | 53 | 74 | 77 | 81 | 83 | 90 | 96 |
-----------------------------------------------------------------Schedule complete
Client 7 trained
Client 7 uploaded
Client 11 trained
Client 11 uploaded
Client 9 trained
Client 9 uploaded
Client 90 trained
Client 90 uploaded
Client 74 trained
Client 74 uploaded
Client 53 trained
Client 53 uploaded
Client 77 trained
Client 77 uploaded
Client 81 trained
Client 81 uploaded
Client 40 trained
Client 40 uploaded
Client 37 trained
Client 37 uploaded
Client 96 trained
Client 96 uploaded
Client 83 trained
Client 83 uploaded
Client 4 trained
Client 4 uploaded
Client 15 trained
Client 15 uploaded
Epoch(t): 268 accuracy: 71.16 loss 1.028577071428299 run_time: 10028.457342624664
FedDocs Algo: Group 0 is selected
| current_epoch 269 |. Begin client select
SchedulerThread schedule Group [ 0 ], select( 13 clients):
2 | 3 | 29 | 47 | 52 | 54 | 56 | 66 | 67 | 68 | 70 | 84 | 86 |
-----------------------------------------------------------------Schedule complete
Client 86 trained
Client 86 uploaded
Client 47 trained
Client 47 uploaded
Client 29 trained
Client 29 uploaded
Client 52 trained
Client 52 uploaded
Client 54 trained
Client 54 uploaded
Client 2 trained
Client 2 uploaded
Client 70 trained
Client 70 uploaded
Client 3 trained
Client 3 uploaded
Client 56 trained
Client 56 uploaded
Client 68 trained
Client 68 uploaded
Client 66 trained
Client 66 uploaded
Client 67 trained
Client 67 uploaded
Client 84 trained
Client 84 uploaded
Epoch(t): 269 accuracy: 71.77 loss 0.9500997358560562 run_time: 10060.65593457222
FedDocs Algo: Group 5 is selected
| current_epoch 270 |. Begin client select
SchedulerThread schedule Group [ 5 ], select( 14 clients):
4 | 7 | 9 | 11 | 15 | 37 | 40 | 53 | 74 | 77 | 81 | 83 | 90 | 96 |
-----------------------------------------------------------------Schedule complete
Client 11 trained
Client 11 uploaded
Client 7 trained
Client 7 uploaded
Client 9 trained
Client 9 uploaded
Client 90 trained
Client 90 uploaded
Client 74 trained
Client 74 uploaded
Client 77 trained
Client 77 uploaded
Client 53 trained
Client 53 uploaded
Client 81 trained
Client 81 uploaded
Client 40 trained
Client 40 uploaded
Client 37 trained
Client 37 uploaded
Client 4 trained
Client 4 uploaded
Client 83 trained
Client 83 uploaded
Client 96 trained
Client 96 uploaded
Client 15 trained
Client 15 uploaded
Epoch(t): 270 accuracy: 71.25 loss 1.043730880022049 run_time: 10097.151705741882
FedDocs Algo: Group 2 is selected
| current_epoch 271 |. Begin client select
SchedulerThread schedule Group [ 2 ], select( 15 clients):
8 | 16 | 18 | 19 | 21 | 27 | 34 | 42 | 51 | 55 | 58 | 64 | 75 | 76 | 93 |
-----------------------------------------------------------------Schedule complete
Client 18 trained
Client 18 uploaded
Client 16 trained
Client 16 uploaded
Client 51 trained
Client 51 uploaded
Client 21 trained
Client 21 uploaded
Client 27 trained
Client 27 uploaded
Client 19 trained
Client 19 uploaded
Client 55 trained
Client 55 uploaded
Client 64 trained
Client 64 uploaded
Client 75 trained
Client 75 uploaded
Client 42 trained
Client 42 uploaded
Client 8 trained
Client 8 uploaded
Client 34 trained
Client 34 uploaded
Client 58 trained
Client 58 uploaded
Client 76 trained
Client 76 uploaded
Client 93 trained
Client 93 uploaded
Epoch(t): 271 accuracy: 72.13 loss 0.9078475850820541 run_time: 10132.47712635994
FedDocs Algo: Group 5 is selected
| current_epoch 272 |. Begin client select
SchedulerThread schedule Group [ 5 ], select( 14 clients):
4 | 7 | 9 | 11 | 15 | 37 | 40 | 53 | 74 | 77 | 81 | 83 | 90 | 96 |
-----------------------------------------------------------------Schedule complete
Client 7 trained
Client 7 uploaded
Client 11 trained
Client 11 uploaded
Client 9 trained
Client 9 uploaded
Client 90 trained
Client 90 uploaded
Client 77 trained
Client 77 uploaded
Client 74 trained
Client 74 uploaded
Client 53 trained
Client 53 uploaded
Client 81 trained
Client 81 uploaded
Client 37 trained
Client 37 uploaded
Client 40 trained
Client 40 uploaded
Client 83 trained
Client 83 uploaded
Client 4 trained
Client 4 uploaded
Client 96 trained
Client 96 uploaded
Client 15 trained
Client 15 uploaded
Epoch(t): 272 accuracy: 71.69 loss 1.0184044075012206 run_time: 10169.363928079605
FedDocs Algo: Group 5 is selected
| current_epoch 273 |. Begin client select
SchedulerThread schedule Group [ 5 ], select( 14 clients):
4 | 7 | 9 | 11 | 15 | 37 | 40 | 53 | 74 | 77 | 81 | 83 | 90 | 96 |
-----------------------------------------------------------------Schedule complete
Client 11 trained
Client 11 uploaded
Client 7 trained
Client 7 uploaded
Client 9 trained
Client 9 uploaded
Client 90 trained
Client 90 uploaded
Client 77 trained
Client 77 uploaded
Client 74 trained
Client 74 uploaded
Client 53 trained
Client 53 uploaded
Client 81 trained
Client 81 uploaded
Client 40 trained
Client 40 uploaded
Client 37 trained
Client 37 uploaded
Client 83 trained
Client 83 uploaded
Client 4 trained
Client 4 uploaded
Client 96 trained
Client 96 uploaded
Client 15 trained
Client 15 uploaded
Epoch(t): 273 accuracy: 71.38 loss 1.081288866996765 run_time: 10206.538005590439
FedDocs Algo: Group 5 is selected
| current_epoch 274 |. Begin client select
SchedulerThread schedule Group [ 5 ], select( 14 clients):
4 | 7 | 9 | 11 | 15 | 37 | 40 | 53 | 74 | 77 | 81 | 83 | 90 | 96 |
-----------------------------------------------------------------Schedule complete
Client 11 trained
Client 11 uploaded
Client 7 trained
Client 7 uploaded
Client 9 trained
Client 9 uploaded
Client 90 trained
Client 90 uploaded
Client 74 trained
Client 74 uploaded
Client 77 trained
Client 77 uploaded
Client 53 trained
Client 53 uploaded
Client 81 trained
Client 81 uploaded
Client 40 trained
Client 40 uploaded
Client 37 trained
Client 37 uploaded
Client 4 trained
Client 4 uploaded
Client 83 trained
Client 83 uploaded
Client 96 trained
Client 96 uploaded
Client 15 trained
Client 15 uploaded
Epoch(t): 274 accuracy: 70.66 loss 1.1281262886524202 run_time: 10242.794704198837
FedDocs Algo: Group 5 is selected
| current_epoch 275 |. Begin client select
SchedulerThread schedule Group [ 5 ], select( 14 clients):
4 | 7 | 9 | 11 | 15 | 37 | 40 | 53 | 74 | 77 | 81 | 83 | 90 | 96 |
-----------------------------------------------------------------Schedule complete
Client 7 trained
Client 7 uploaded
Client 11 trained
Client 11 uploaded
Client 9 trained
Client 9 uploaded
Client 90 trained
Client 90 uploaded
Client 77 trained
Client 77 uploaded
Client 74 trained
Client 74 uploaded
Client 53 trained
Client 53 uploaded
Client 81 trained
Client 81 uploaded
Client 40 trained
Client 40 uploaded
Client 37 trained
Client 37 uploaded
Client 4 trained
Client 4 uploaded
Client 83 trained
Client 83 uploaded
Client 96 trained
Client 96 uploaded
Client 15 trained
Client 15 uploaded
Epoch(t): 275 accuracy: 70.83 loss 1.142260447740555 run_time: 10281.681589126587
FedDocs Algo: Group 5 is selected
| current_epoch 276 |. Begin client select
SchedulerThread schedule Group [ 5 ], select( 14 clients):
4 | 7 | 9 | 11 | 15 | 37 | 40 | 53 | 74 | 77 | 81 | 83 | 90 | 96 |
-----------------------------------------------------------------Schedule complete
Client 7 trained
Client 7 uploaded
Client 11 trained
Client 11 uploaded
Client 9 trained
Client 9 uploaded
Client 90 trained
Client 90 uploaded
Client 74 trained
Client 74 uploaded
Client 77 trained
Client 77 uploaded
Client 53 trained
Client 53 uploaded
Client 81 trained
Client 81 uploaded
Client 37 trained
Client 37 uploaded
Client 40 trained
Client 40 uploaded
Client 4 trained
Client 4 uploaded
Client 83 trained
Client 83 uploaded
Client 96 trained
Client 96 uploaded
Client 15 trained
Client 15 uploaded
Epoch(t): 276 accuracy: 70.68 loss 1.1553931295871736 run_time: 10322.52398610115
FedDocs Algo: Group 5 is selected
| current_epoch 277 |. Begin client select
SchedulerThread schedule Group [ 5 ], select( 14 clients):
4 | 7 | 9 | 11 | 15 | 37 | 40 | 53 | 74 | 77 | 81 | 83 | 90 | 96 |
-----------------------------------------------------------------Schedule complete
Client 7 trained
Client 7 uploaded
Client 11 trained
Client 11 uploaded
Client 9 trained
Client 9 uploaded
Client 90 trained
Client 90 uploaded
Client 74 trained
Client 74 uploaded
Client 77 trained
Client 77 uploaded
Client 53 trained
Client 53 uploaded
Client 81 trained
Client 81 uploaded
Client 37 trained
Client 37 uploaded
Client 40 trained
Client 40 uploaded
Client 96 trained
Client 96 uploaded
Client 83 trained
Client 83 uploaded
Client 4 trained
Client 4 uploaded
Client 15 trained
Client 15 uploaded
Epoch(t): 277 accuracy: 70.71 loss 1.170180720090866 run_time: 10363.847293138504
FedDocs Algo: Group 0 is selected
| current_epoch 278 |. Begin client select
SchedulerThread schedule Group [ 0 ], select( 13 clients):
2 | 3 | 29 | 47 | 52 | 54 | 56 | 66 | 67 | 68 | 70 | 84 | 86 |
-----------------------------------------------------------------Schedule complete
Client 47 trained
Client 47 uploaded
Client 86 trained
Client 86 uploaded
Client 29 trained
Client 29 uploaded
Client 52 trained
Client 52 uploaded
Client 54 trained
Client 54 uploaded
Client 2 trained
Client 2 uploaded
Client 70 trained
Client 70 uploaded
Client 3 trained
Client 3 uploaded
Client 56 trained
Client 56 uploaded
Client 68 trained
Client 68 uploaded
Client 66 trained
Client 66 uploaded
Client 84 trained
Client 84 uploaded
Client 67 trained
Client 67 uploaded
Epoch(t): 278 accuracy: 71.87 loss 0.952870357632637 run_time: 10397.690221071243
FedDocs Algo: Group 2 is selected
| current_epoch 279 |. Begin client select
SchedulerThread schedule Group [ 2 ], select( 15 clients):
8 | 16 | 18 | 19 | 21 | 27 | 34 | 42 | 51 | 55 | 58 | 64 | 75 | 76 | 93 |
-----------------------------------------------------------------Schedule complete
Client 18 trained
Client 18 uploaded
Client 16 trained
Client 16 uploaded
Client 51 trained
Client 51 uploaded
Client 21 trained
Client 21 uploaded
Client 27 trained
Client 27 uploaded
Client 19 trained
Client 19 uploaded
Client 55 trained
Client 55 uploaded
Client 64 trained
Client 64 uploaded
Client 75 trained
Client 75 uploaded
Client 42 trained
Client 42 uploaded
Client 8 trained
Client 8 uploaded
Client 34 trained
Client 34 uploaded
Client 58 trained
Client 58 uploaded
Client 76 trained
Client 76 uploaded
Client 93 trained
Client 93 uploaded
Epoch(t): 279 accuracy: 72.73 loss 0.8995790684223175 run_time: 10438.344647407532
FedDocs Algo: Group 2 is selected
| current_epoch 280 |. Begin client select
SchedulerThread schedule Group [ 2 ], select( 15 clients):
8 | 16 | 18 | 19 | 21 | 27 | 34 | 42 | 51 | 55 | 58 | 64 | 75 | 76 | 93 |
-----------------------------------------------------------------Schedule complete
Client 18 trained
Client 18 uploaded
Client 51 trained
Client 51 uploaded
Client 16 trained
Client 16 uploaded
Client 27 trained
Client 27 uploaded
Client 21 trained
Client 21 uploaded
Client 19 trained
Client 19 uploaded
Client 55 trained
Client 55 uploaded
Client 64 trained
Client 64 uploaded
Client 75 trained
Client 75 uploaded
Client 42 trained
Client 42 uploaded
Client 8 trained
Client 8 uploaded
Client 34 trained
Client 34 uploaded
Client 58 trained
Client 58 uploaded
Client 76 trained
Client 76 uploaded
Client 93 trained
Client 93 uploaded
Epoch(t): 280 accuracy: 72.34 loss 0.9106347990036011 run_time: 10479.713367700577
FedDocs Algo: Group 4 is selected
| current_epoch 281 |. Begin client select
SchedulerThread schedule Group [ 4 ], select( 15 clients):
12 | 13 | 17 | 32 | 41 | 49 | 60 | 63 | 78 | 80 | 85 | 92 | 97 | 98 | 99 |
-----------------------------------------------------------------Schedule complete
Client 49 trained
Client 49 uploaded
Client 78 trained
Client 78 uploaded
Client 12 trained
Client 12 uploaded
Client 17 trained
Client 17 uploaded
Client 99 trained
Client 99 uploaded
Client 92 trained
Client 92 uploaded
Client 41 trained
Client 41 uploaded
Client 13 trained
Client 13 uploaded
Client 98 trained
Client 98 uploaded
Client 97 trained
Client 97 uploaded
Client 63 trained
Client 63 uploaded
Client 85 trained
Client 85 uploaded
Client 60 trained
Client 60 uploaded
Client 80 trained
Client 80 uploaded
Client 32 trained
Client 32 uploaded
Epoch(t): 281 accuracy: 72.12 loss 0.9142937049269676 run_time: 10514.521995544434
FedDocs Algo: Group 5 is selected
| current_epoch 282 |. Begin client select
SchedulerThread schedule Group [ 5 ], select( 14 clients):
4 | 7 | 9 | 11 | 15 | 37 | 40 | 53 | 74 | 77 | 81 | 83 | 90 | 96 |
-----------------------------------------------------------------Schedule complete
Client 7 trained
Client 7 uploaded
Client 11 trained
Client 11 uploaded
Client 9 trained
Client 9 uploaded
Client 90 trained
Client 90 uploaded
Client 74 trained
Client 74 uploaded
Client 77 trained
Client 77 uploaded
Client 53 trained
Client 53 uploaded
Client 81 trained
Client 81 uploaded
Client 40 trained
Client 40 uploaded
Client 37 trained
Client 37 uploaded
Client 4 trained
Client 4 uploaded
Client 96 trained
Client 96 uploaded
Client 83 trained
Client 83 uploaded
Client 15 trained
Client 15 uploaded
Epoch(t): 282 accuracy: 72.05 loss 1.0162364882230759 run_time: 10556.94878578186
FedDocs Algo: Group 5 is selected
| current_epoch 283 |. Begin client select
SchedulerThread schedule Group [ 5 ], select( 14 clients):
4 | 7 | 9 | 11 | 15 | 37 | 40 | 53 | 74 | 77 | 81 | 83 | 90 | 96 |
-----------------------------------------------------------------Schedule complete
Client 7 trained
Client 7 uploaded
Client 11 trained
Client 11 uploaded
Client 9 trained
Client 9 uploaded
Client 90 trained
Client 90 uploaded
Client 77 trained
Client 77 uploaded
Client 74 trained
Client 74 uploaded
Client 53 trained
Client 53 uploaded
Client 81 trained
Client 81 uploaded
Client 37 trained
Client 37 uploaded
Client 40 trained
Client 40 uploaded
Client 4 trained
Client 4 uploaded
Client 96 trained
Client 96 uploaded
Client 83 trained
Client 83 uploaded
Client 15 trained
Client 15 uploaded
Epoch(t): 283 accuracy: 71.58 loss 1.085819798707962 run_time: 10597.790163040161
FedDocs Algo: Group 4 is selected
| current_epoch 284 |. Begin client select
SchedulerThread schedule Group [ 4 ], select( 15 clients):
12 | 13 | 17 | 32 | 41 | 49 | 60 | 63 | 78 | 80 | 85 | 92 | 97 | 98 | 99 |
-----------------------------------------------------------------Schedule complete
Client 49 trained
Client 49 uploaded
Client 78 trained
Client 78 uploaded
Client 12 trained
Client 12 uploaded
Client 17 trained
Client 17 uploaded
Client 99 trained
Client 99 uploaded
Client 92 trained
Client 92 uploaded
Client 13 trained
Client 13 uploaded
Client 41 trained
Client 41 uploaded
Client 98 trained
Client 98 uploaded
Client 97 trained
Client 97 uploaded
Client 85 trained
Client 85 uploaded
Client 63 trained
Client 63 uploaded
Client 60 trained
Client 60 uploaded
Client 80 trained
Client 80 uploaded
Client 32 trained
Client 32 uploaded
Epoch(t): 284 accuracy: 72.21 loss 0.9454973101615906 run_time: 10632.885277032852
FedDocs Algo: Group 4 is selected
| current_epoch 285 |. Begin client select
SchedulerThread schedule Group [ 4 ], select( 15 clients):
12 | 13 | 17 | 32 | 41 | 49 | 60 | 63 | 78 | 80 | 85 | 92 | 97 | 98 | 99 |
-----------------------------------------------------------------Schedule complete
Client 49 trained
Client 49 uploaded
Client 78 trained
Client 78 uploaded
Client 17 trained
Client 17 uploaded
Client 12 trained
Client 12 uploaded
Client 99 trained
Client 99 uploaded
Client 92 trained
Client 92 uploaded
Client 13 trained
Client 13 uploaded
Client 41 trained
Client 41 uploaded
Client 98 trained
Client 98 uploaded
Client 97 trained
Client 97 uploaded
Client 63 trained
Client 63 uploaded
Client 85 trained
Client 85 uploaded
Client 60 trained
Client 60 uploaded
Client 80 trained
Client 80 uploaded
Client 32 trained
Client 32 uploaded
Epoch(t): 285 accuracy: 71.92 loss 0.963294318318367 run_time: 10667.883071184158
FedDocs Algo: Group 0 is selected
| current_epoch 286 |. Begin client select
SchedulerThread schedule Group [ 0 ], select( 13 clients):
2 | 3 | 29 | 47 | 52 | 54 | 56 | 66 | 67 | 68 | 70 | 84 | 86 |
-----------------------------------------------------------------Schedule complete
Client 47 trained
Client 47 uploaded
Client 86 trained
Client 86 uploaded
Client 29 trained
Client 29 uploaded
Client 52 trained
Client 52 uploaded
Client 54 trained
Client 54 uploaded
Client 2 trained
Client 2 uploaded
Client 70 trained
Client 70 uploaded
Client 3 trained
Client 3 uploaded
Client 56 trained
Client 56 uploaded
Client 68 trained
Client 68 uploaded
Client 66 trained
Client 66 uploaded
Client 84 trained
Client 84 uploaded
Client 67 trained
Client 67 uploaded
Epoch(t): 286 accuracy: 72.22 loss 0.9432462632656098 run_time: 10701.51131939888
FedDocs Algo: Group 5 is selected
| current_epoch 287 |. Begin client select
SchedulerThread schedule Group [ 5 ], select( 14 clients):
4 | 7 | 9 | 11 | 15 | 37 | 40 | 53 | 74 | 77 | 81 | 83 | 90 | 96 |
-----------------------------------------------------------------Schedule complete
Client 11 trained
Client 11 uploaded
Client 7 trained
Client 7 uploaded
Client 9 trained
Client 9 uploaded
Client 90 trained
Client 90 uploaded
Client 77 trained
Client 77 uploaded
Client 74 trained
Client 74 uploaded
Client 53 trained
Client 53 uploaded
Client 81 trained
Client 81 uploaded
Client 40 trained
Client 40 uploaded
Client 37 trained
Client 37 uploaded
Client 4 trained
Client 4 uploaded
Client 83 trained
Client 83 uploaded
Client 96 trained
Client 96 uploaded
Client 15 trained
Client 15 uploaded
Epoch(t): 287 accuracy: 71.71 loss 1.0426923358440399 run_time: 10742.518878698349
FedDocs Algo: Group 6 is selected
| current_epoch 288 |. Begin client select
SchedulerThread schedule Group [ 6 ], select( 13 clients):
0 | 6 | 14 | 25 | 30 | 39 | 57 | 65 | 71 | 73 | 79 | 82 | 88 |
-----------------------------------------------------------------Schedule complete
Client 39 trained
Client 39 uploaded
Client 57 trained
Client 57 uploaded
Client 30 trained
Client 30 uploaded
Client 88 trained
Client 88 uploaded
Client 79 trained
Client 79 uploaded
Client 71 trained
Client 71 uploaded
Client 14 trained
Client 14 uploaded
Client 82 trained
Client 82 uploaded
Client 0 trained
Client 0 uploaded
Client 65 trained
Client 65 uploaded
Client 73 trained
Client 73 uploaded
Client 6 trained
Client 6 uploaded
Client 25 trained
Client 25 uploaded
Epoch(t): 288 accuracy: 72.6 loss 0.9060496193170547 run_time: 10773.387288570404
FedDocs Algo: Group 5 is selected
| current_epoch 289 |. Begin client select
SchedulerThread schedule Group [ 5 ], select( 14 clients):
4 | 7 | 9 | 11 | 15 | 37 | 40 | 53 | 74 | 77 | 81 | 83 | 90 | 96 |
-----------------------------------------------------------------Schedule complete
Client 11 trained
Client 11 uploaded
Client 7 trained
Client 7 uploaded
Client 9 trained
Client 9 uploaded
Client 90 trained
Client 90 uploaded
Client 74 trained
Client 74 uploaded
Client 77 trained
Client 77 uploaded
Client 53 trained
Client 53 uploaded
Client 81 trained
Client 81 uploaded
Client 37 trained
Client 37 uploaded
Client 40 trained
Client 40 uploaded
Client 83 trained
Client 83 uploaded
Client 4 trained
Client 4 uploaded
Client 96 trained
Client 96 uploaded
Client 15 trained
Client 15 uploaded
Epoch(t): 289 accuracy: 71.82 loss 1.0192776238918304 run_time: 10813.571560144424
FedDocs Algo: Group 5 is selected
| current_epoch 290 |. Begin client select
SchedulerThread schedule Group [ 5 ], select( 14 clients):
4 | 7 | 9 | 11 | 15 | 37 | 40 | 53 | 74 | 77 | 81 | 83 | 90 | 96 |
-----------------------------------------------------------------Schedule complete
Client 11 trained
Client 11 uploaded
Client 7 trained
Client 7 uploaded
Client 9 trained
Client 9 uploaded
Client 90 trained
Client 90 uploaded
Client 77 trained
Client 77 uploaded
Client 74 trained
Client 74 uploaded
Client 53 trained
Client 53 uploaded
Client 81 trained
Client 81 uploaded
Client 37 trained
Client 37 uploaded
Client 40 trained
Client 40 uploaded
Client 83 trained
Client 83 uploaded
Client 4 trained
Client 4 uploaded
Client 96 trained
Client 96 uploaded
Client 15 trained
Client 15 uploaded
Epoch(t): 290 accuracy: 71.45 loss 1.0727084255218506 run_time: 10853.57149028778
FedDocs Algo: Group 5 is selected
| current_epoch 291 |. Begin client select
SchedulerThread schedule Group [ 5 ], select( 14 clients):
4 | 7 | 9 | 11 | 15 | 37 | 40 | 53 | 74 | 77 | 81 | 83 | 90 | 96 |
-----------------------------------------------------------------Schedule complete
Client 11 trained
Client 11 uploaded
Client 7 trained
Client 7 uploaded
Client 9 trained
Client 9 uploaded
Client 90 trained
Client 90 uploaded
Client 74 trained
Client 74 uploaded
Client 77 trained
Client 77 uploaded
Client 53 trained
Client 53 uploaded
Client 81 trained
Client 81 uploaded
Client 37 trained
Client 37 uploaded
Client 40 trained
Client 40 uploaded
Client 4 trained
Client 4 uploaded
Client 83 trained
Client 83 uploaded
Client 96 trained
Client 96 uploaded
Client 15 trained
Client 15 uploaded
Epoch(t): 291 accuracy: 71.43 loss 1.107299998998642 run_time: 10893.098467826843
FedDocs Algo: Group 5 is selected
| current_epoch 292 |. Begin client select
SchedulerThread schedule Group [ 5 ], select( 14 clients):
4 | 7 | 9 | 11 | 15 | 37 | 40 | 53 | 74 | 77 | 81 | 83 | 90 | 96 |
-----------------------------------------------------------------Schedule complete
Client 11 trained
Client 11 uploaded
Client 7 trained
Client 7 uploaded
Client 9 trained
Client 9 uploaded
Client 90 trained
Client 90 uploaded
Client 74 trained
Client 74 uploaded
Client 77 trained
Client 77 uploaded
Client 53 trained
Client 53 uploaded
Client 81 trained
Client 81 uploaded
Client 37 trained
Client 37 uploaded
Client 40 trained
Client 40 uploaded
Client 83 trained
Client 83 uploaded
Client 4 trained
Client 4 uploaded
Client 96 trained
Client 96 uploaded
Client 15 trained
Client 15 uploaded
Epoch(t): 292 accuracy: 71.18 loss 1.138738550543785 run_time: 10933.98934340477
FedDocs Algo: Group 0 is selected
| current_epoch 293 |. Begin client select
SchedulerThread schedule Group [ 0 ], select( 13 clients):
2 | 3 | 29 | 47 | 52 | 54 | 56 | 66 | 67 | 68 | 70 | 84 | 86 |
-----------------------------------------------------------------Schedule complete
Client 86 trained
Client 86 uploaded
Client 47 trained
Client 47 uploaded
Client 29 trained
Client 29 uploaded
Client 52 trained
Client 52 uploaded
Client 54 trained
Client 54 uploaded
Client 2 trained
Client 2 uploaded
Client 70 trained
Client 70 uploaded
Client 3 trained
Client 3 uploaded
Client 56 trained
Client 56 uploaded
Client 68 trained
Client 68 uploaded
Client 66 trained
Client 66 uploaded
Client 84 trained
Client 84 uploaded
Client 67 trained
Client 67 uploaded
Epoch(t): 293 accuracy: 72.21 loss 0.9631091791391373 run_time: 10967.330212116241
FedDocs Algo: Group 5 is selected
| current_epoch 294 |. Begin client select
SchedulerThread schedule Group [ 5 ], select( 14 clients):
4 | 7 | 9 | 11 | 15 | 37 | 40 | 53 | 74 | 77 | 81 | 83 | 90 | 96 |
-----------------------------------------------------------------Schedule complete
Client 11 trained
Client 11 uploaded
Client 7 trained
Client 7 uploaded
Client 9 trained
Client 9 uploaded
Client 90 trained
Client 90 uploaded
Client 74 trained
Client 74 uploaded
Client 77 trained
Client 77 uploaded
Client 53 trained
Client 53 uploaded
Client 81 trained
Client 81 uploaded
Client 37 trained
Client 37 uploaded
Client 40 trained
Client 40 uploaded
Client 4 trained
Client 4 uploaded
Client 83 trained
Client 83 uploaded
Client 96 trained
Client 96 uploaded
Client 15 trained
Client 15 uploaded
Epoch(t): 294 accuracy: 71.74 loss 1.0655457335710525 run_time: 11008.426231622696
FedDocs Algo: Group 5 is selected
| current_epoch 295 |. Begin client select
SchedulerThread schedule Group [ 5 ], select( 14 clients):
4 | 7 | 9 | 11 | 15 | 37 | 40 | 53 | 74 | 77 | 81 | 83 | 90 | 96 |
-----------------------------------------------------------------Schedule complete
Client 7 trained
Client 7 uploaded
Client 11 trained
Client 11 uploaded
Client 9 trained
Client 9 uploaded
Client 90 trained
Client 90 uploaded
Client 74 trained
Client 74 uploaded
Client 77 trained
Client 77 uploaded
Client 53 trained
Client 53 uploaded
Client 81 trained
Client 81 uploaded
Client 37 trained
Client 37 uploaded
Client 40 trained
Client 40 uploaded
Client 4 trained
Client 4 uploaded
Client 96 trained
Client 96 uploaded
Client 83 trained
Client 83 uploaded
Client 15 trained
Client 15 uploaded
Epoch(t): 295 accuracy: 71.44 loss 1.1024586236476899 run_time: 11049.011949539185
FedDocs Algo: Group 5 is selected
| current_epoch 296 |. Begin client select
SchedulerThread schedule Group [ 5 ], select( 14 clients):
4 | 7 | 9 | 11 | 15 | 37 | 40 | 53 | 74 | 77 | 81 | 83 | 90 | 96 |
-----------------------------------------------------------------Schedule complete
Client 7 trained
Client 7 uploaded
Client 11 trained
Client 11 uploaded
Client 9 trained
Client 9 uploaded
Client 90 trained
Client 90 uploaded
Client 74 trained
Client 74 uploaded
Client 77 trained
Client 77 uploaded
Client 53 trained
Client 53 uploaded
Client 81 trained
Client 81 uploaded
Client 40 trained
Client 40 uploaded
Client 37 trained
Client 37 uploaded
Client 96 trained
Client 96 uploaded
Client 4 trained
Client 4 uploaded
Client 83 trained
Client 83 uploaded
Client 15 trained
Client 15 uploaded
Epoch(t): 296 accuracy: 70.74 loss 1.1402153390645982 run_time: 11089.930718660355
FedDocs Algo: Group 5 is selected
| current_epoch 297 |. Begin client select
SchedulerThread schedule Group [ 5 ], select( 14 clients):
4 | 7 | 9 | 11 | 15 | 37 | 40 | 53 | 74 | 77 | 81 | 83 | 90 | 96 |
-----------------------------------------------------------------Schedule complete
Client 7 trained
Client 7 uploaded
Client 11 trained
Client 11 uploaded
Client 9 trained
Client 9 uploaded
Client 90 trained
Client 90 uploaded
Client 77 trained
Client 77 uploaded
Client 74 trained
Client 74 uploaded
Client 53 trained
Client 53 uploaded
Client 81 trained
Client 81 uploaded
Client 40 trained
Client 40 uploaded
Client 37 trained
Client 37 uploaded
Client 4 trained
Client 4 uploaded
Client 83 trained
Client 83 uploaded
Client 96 trained
Client 96 uploaded
Client 15 trained
Client 15 uploaded
Epoch(t): 297 accuracy: 71.24 loss 1.1444822466373443 run_time: 11130.103507995605
FedDocs Algo: Group 2 is selected
| current_epoch 298 |. Begin client select
SchedulerThread schedule Group [ 2 ], select( 15 clients):
8 | 16 | 18 | 19 | 21 | 27 | 34 | 42 | 51 | 55 | 58 | 64 | 75 | 76 | 93 |
-----------------------------------------------------------------Schedule complete
Client 18 trained
Client 18 uploaded
Client 16 trained
Client 16 uploaded
Client 51 trained
Client 51 uploaded
Client 21 trained
Client 21 uploaded
Client 27 trained
Client 27 uploaded
Client 19 trained
Client 19 uploaded
Client 55 trained
Client 55 uploaded
Client 75 trained
Client 75 uploaded
Client 64 trained
Client 64 uploaded
Client 42 trained
Client 42 uploaded
Client 8 trained
Client 8 uploaded
Client 34 trained
Client 34 uploaded
Client 58 trained
Client 58 uploaded
Client 76 trained
Client 76 uploaded
Client 93 trained
Client 93 uploaded
Epoch(t): 298 accuracy: 72.44 loss 0.9235055857896804 run_time: 11171.249118804932
FedDocs Algo: Group 5 is selected
| current_epoch 299 |. Begin client select
SchedulerThread schedule Group [ 5 ], select( 14 clients):
4 | 7 | 9 | 11 | 15 | 37 | 40 | 53 | 74 | 77 | 81 | 83 | 90 | 96 |
-----------------------------------------------------------------Schedule complete
Client 11 trained
Client 11 uploaded
Client 7 trained
Client 7 uploaded
Client 9 trained
Client 9 uploaded
Client 90 trained
Client 90 uploaded
Client 77 trained
Client 77 uploaded
Client 53 trained
Client 53 uploaded
Client 74 trained
Client 74 uploaded
Client 81 trained
Client 81 uploaded
Client 40 trained
Client 40 uploaded
Client 37 trained
Client 37 uploaded
Client 83 trained
Client 83 uploaded
Client 96 trained
Client 96 uploaded
Client 4 trained
Client 4 uploaded
Client 15 trained
Client 15 uploaded
Epoch(t): 299 accuracy: 71.72 loss 1.0391769760847092 run_time: 11212.151890993118
FedDocs Algo: Group 5 is selected
| current_epoch 300 |. Begin client select
SchedulerThread schedule Group [ 5 ], select( 14 clients):
4 | 7 | 9 | 11 | 15 | 37 | 40 | 53 | 74 | 77 | 81 | 83 | 90 | 96 |
-----------------------------------------------------------------Schedule complete
Client 11 trained
Client 11 uploaded
Client 7 trained
Client 7 uploaded
Client 9 trained
Client 9 uploaded
Client 90 trained
Client 90 uploaded
Client 74 trained
Client 74 uploaded
Client 77 trained
Client 77 uploaded
Client 53 trained
Client 53 uploaded
Client 81 trained
Client 81 uploaded
Client 40 trained
Client 40 uploaded
Client 37 trained
Client 37 uploaded
Client 96 trained
Client 96 uploaded
Client 83 trained
Client 83 uploaded
Client 4 trained
Client 4 uploaded
Client 15 trained
Client 15 uploaded
Epoch(t): 300 accuracy: 71.33 loss 1.109221505522728 run_time: 11252.58631181717
FedDocs Algo: Group 5 is selected
| current_epoch 301 |. Begin client select
SchedulerThread schedule Group [ 5 ], select( 14 clients):
4 | 7 | 9 | 11 | 15 | 37 | 40 | 53 | 74 | 77 | 81 | 83 | 90 | 96 |
-----------------------------------------------------------------Schedule complete
Client 7 trained
Client 7 uploaded
Client 11 trained
Client 11 uploaded
Client 9 trained
Client 9 uploaded
Client 90 trained
Client 90 uploaded
Client 77 trained
Client 77 uploaded
Client 74 trained
Client 74 uploaded
Client 53 trained
Client 53 uploaded
Client 81 trained
Client 81 uploaded
Client 37 trained
Client 37 uploaded
Client 40 trained
Client 40 uploaded
Client 83 trained
Client 83 uploaded
Client 96 trained
Client 96 uploaded
Client 4 trained
Client 4 uploaded
Client 15 trained
Client 15 uploaded
Epoch(t): 301 accuracy: 71.19 loss 1.1334046930074693 run_time: 11293.343857765198
FedDocs Algo: Group 1 is selected
| current_epoch 302 |. Begin client select
SchedulerThread schedule Group [ 1 ], select( 15 clients):
5 | 20 | 22 | 26 | 31 | 33 | 35 | 36 | 44 | 46 | 61 | 72 | 89 | 91 | 95 |
-----------------------------------------------------------------Schedule complete
Client 95 trained
Client 95 uploaded
Client 5 trained
Client 5 uploaded
Client 61 trained
Client 61 uploaded
Client 91 trained
Client 91 uploaded
Client 44 trained
Client 44 uploaded
Client 22 trained
Client 22 uploaded
Client 20 trained
Client 20 uploaded
Client 31 trained
Client 31 uploaded
Client 33 trained
Client 33 uploaded
Client 72 trained
Client 72 uploaded
Client 36 trained
Client 36 uploaded
Client 26 trained
Client 26 uploaded
Client 89 trained
Client 89 uploaded
Client 46 trained
Client 46 uploaded
Client 35 trained
Client 35 uploaded
Epoch(t): 302 accuracy: 72.33 loss 0.9331061881780625 run_time: 11336.366661071777
FedDocs Algo: Group 5 is selected
| current_epoch 303 |. Begin client select
SchedulerThread schedule Group [ 5 ], select( 14 clients):
4 | 7 | 9 | 11 | 15 | 37 | 40 | 53 | 74 | 77 | 81 | 83 | 90 | 96 |
-----------------------------------------------------------------Schedule complete
Client 7 trained
Client 7 uploaded
Client 11 trained
Client 11 uploaded
Client 9 trained
Client 9 uploaded
Client 90 trained
Client 90 uploaded
Client 74 trained
Client 74 uploaded
Client 77 trained
Client 77 uploaded
Client 53 trained
Client 53 uploaded
Client 81 trained
Client 81 uploaded
Client 40 trained
Client 40 uploaded
Client 37 trained
Client 37 uploaded
Client 4 trained
Client 4 uploaded
Client 83 trained
Client 83 uploaded
Client 96 trained
Client 96 uploaded
Client 15 trained
Client 15 uploaded
Epoch(t): 303 accuracy: 71.86 loss 1.0355422526597977 run_time: 11376.707433223724
FedDocs Algo: Group 5 is selected
| current_epoch 304 |. Begin client select
SchedulerThread schedule Group [ 5 ], select( 14 clients):
4 | 7 | 9 | 11 | 15 | 37 | 40 | 53 | 74 | 77 | 81 | 83 | 90 | 96 |
-----------------------------------------------------------------Schedule complete
Client 7 trained
Client 7 uploaded
Client 11 trained
Client 11 uploaded
Client 9 trained
Client 9 uploaded
Client 90 trained
Client 90 uploaded
Client 77 trained
Client 77 uploaded
Client 74 trained
Client 74 uploaded
Client 53 trained
Client 53 uploaded
Client 81 trained
Client 81 uploaded
Client 37 trained
Client 37 uploaded
Client 40 trained
Client 40 uploaded
Client 83 trained
Client 83 uploaded
Client 4 trained
Client 4 uploaded
Client 96 trained
Client 96 uploaded
Client 15 trained
Client 15 uploaded
Epoch(t): 304 accuracy: 71.44 loss 1.1011977767944336 run_time: 11417.065711736679
FedDocs Algo: Group 5 is selected
| current_epoch 305 |. Begin client select
SchedulerThread schedule Group [ 5 ], select( 14 clients):
4 | 7 | 9 | 11 | 15 | 37 | 40 | 53 | 74 | 77 | 81 | 83 | 90 | 96 |
-----------------------------------------------------------------Schedule complete
Client 7 trained
Client 7 uploaded
Client 11 trained
Client 11 uploaded
Client 9 trained
Client 9 uploaded
Client 90 trained
Client 90 uploaded
Client 74 trained
Client 74 uploaded
Client 77 trained
Client 77 uploaded
Client 53 trained
Client 53 uploaded
Client 81 trained
Client 81 uploaded
Client 37 trained
Client 37 uploaded
Client 40 trained
Client 40 uploaded
Client 96 trained
Client 96 uploaded
Client 83 trained
Client 83 uploaded
Client 4 trained
Client 4 uploaded
Client 15 trained
Client 15 uploaded
Epoch(t): 305 accuracy: 71.18 loss 1.1272925025224685 run_time: 11457.959662675858
FedDocs Algo: Group 5 is selected
| current_epoch 306 |. Begin client select
SchedulerThread schedule Group [ 5 ], select( 14 clients):
4 | 7 | 9 | 11 | 15 | 37 | 40 | 53 | 74 | 77 | 81 | 83 | 90 | 96 |
-----------------------------------------------------------------Schedule complete
Client 7 trained
Client 7 uploaded
Client 11 trained
Client 11 uploaded
Client 9 trained
Client 9 uploaded
Client 90 trained
Client 90 uploaded
Client 74 trained
Client 74 uploaded
Client 77 trained
Client 77 uploaded
Client 53 trained
Client 53 uploaded
Client 81 trained
Client 81 uploaded
Client 37 trained
Client 37 uploaded
Client 40 trained
Client 40 uploaded
Client 4 trained
Client 4 uploaded
Client 96 trained
Client 96 uploaded
Client 83 trained
Client 83 uploaded
Client 15 trained
Client 15 uploaded
Epoch(t): 306 accuracy: 71.48 loss 1.1434322035312652 run_time: 11498.608050823212
FedDocs Algo: Group 5 is selected
| current_epoch 307 |. Begin client select
SchedulerThread schedule Group [ 5 ], select( 14 clients):
4 | 7 | 9 | 11 | 15 | 37 | 40 | 53 | 74 | 77 | 81 | 83 | 90 | 96 |
-----------------------------------------------------------------Schedule complete
Client 11 trained
Client 11 uploaded
Client 7 trained
Client 7 uploaded
Client 9 trained
Client 9 uploaded
Client 90 trained
Client 90 uploaded
Client 77 trained
Client 77 uploaded
Client 74 trained
Client 74 uploaded
Client 53 trained
Client 53 uploaded
Client 81 trained
Client 81 uploaded
Client 40 trained
Client 40 uploaded
Client 37 trained
Client 37 uploaded
Client 83 trained
Client 83 uploaded
Client 96 trained
Client 96 uploaded
Client 4 trained
Client 4 uploaded
Client 15 trained
Client 15 uploaded
Epoch(t): 307 accuracy: 71.54 loss 1.150363166332245 run_time: 11538.884139537811
FedDocs Algo: Group 4 is selected
| current_epoch 308 |. Begin client select
SchedulerThread schedule Group [ 4 ], select( 15 clients):
12 | 13 | 17 | 32 | 41 | 49 | 60 | 63 | 78 | 80 | 85 | 92 | 97 | 98 | 99 |
-----------------------------------------------------------------Schedule complete
Client 49 trained
Client 49 uploaded
Client 78 trained
Client 78 uploaded
Client 17 trained
Client 17 uploaded
Client 12 trained
Client 12 uploaded
Client 99 trained
Client 99 uploaded
Client 92 trained
Client 92 uploaded
Client 13 trained
Client 13 uploaded
Client 41 trained
Client 41 uploaded
Client 98 trained
Client 98 uploaded
Client 97 trained
Client 97 uploaded
Client 63 trained
Client 63 uploaded
Client 85 trained
Client 85 uploaded
Client 60 trained
Client 60 uploaded
Client 80 trained
Client 80 uploaded
Client 32 trained
Client 32 uploaded
Epoch(t): 308 accuracy: 72.23 loss 0.9659628409147263 run_time: 11572.8522939682
FedDocs Algo: Group 5 is selected
| current_epoch 309 |. Begin client select
SchedulerThread schedule Group [ 5 ], select( 14 clients):
4 | 7 | 9 | 11 | 15 | 37 | 40 | 53 | 74 | 77 | 81 | 83 | 90 | 96 |
-----------------------------------------------------------------Schedule complete
Client 7 trained
Client 7 uploaded
Client 11 trained
Client 11 uploaded
Client 9 trained
Client 9 uploaded
Client 90 trained
Client 90 uploaded
Client 77 trained
Client 77 uploaded
Client 74 trained
Client 74 uploaded
Client 53 trained
Client 53 uploaded
Client 81 trained
Client 81 uploaded
Client 37 trained
Client 37 uploaded
Client 40 trained
Client 40 uploaded
Client 4 trained
Client 4 uploaded
Client 83 trained
Client 83 uploaded
Client 96 trained
Client 96 uploaded
Client 15 trained
Client 15 uploaded
Epoch(t): 309 accuracy: 72.04 loss 1.0427426552772523 run_time: 11612.850108146667
FedDocs Algo: Group 1 is selected
| current_epoch 310 |. Begin client select
SchedulerThread schedule Group [ 1 ], select( 15 clients):
5 | 20 | 22 | 26 | 31 | 33 | 35 | 36 | 44 | 46 | 61 | 72 | 89 | 91 | 95 |
-----------------------------------------------------------------Schedule complete
Client 95 trained
Client 95 uploaded
Client 5 trained
Client 5 uploaded
Client 61 trained
Client 61 uploaded
Client 91 trained
Client 91 uploaded
Client 44 trained
Client 44 uploaded
Client 20 trained
Client 20 uploaded
Client 22 trained
Client 22 uploaded
Client 31 trained
Client 31 uploaded
Client 33 trained
Client 33 uploaded
Client 72 trained
Client 72 uploaded
Client 26 trained
Client 26 uploaded
Client 36 trained
Client 36 uploaded
Client 89 trained
Client 89 uploaded
Client 35 trained
Client 35 uploaded
Client 46 trained
Client 46 uploaded
Epoch(t): 310 accuracy: 72.65 loss 0.932225221991539 run_time: 11653.124957799911
FedDocs Algo: Group 4 is selected
| current_epoch 311 |. Begin client select
SchedulerThread schedule Group [ 4 ], select( 15 clients):
12 | 13 | 17 | 32 | 41 | 49 | 60 | 63 | 78 | 80 | 85 | 92 | 97 | 98 | 99 |
-----------------------------------------------------------------Schedule complete
Client 49 trained
Client 49 uploaded
Client 78 trained
Client 78 uploaded
Client 12 trained
Client 12 uploaded
Client 17 trained
Client 17 uploaded
Client 92 trained
Client 92 uploaded
Client 99 trained
Client 99 uploaded
Client 41 trained
Client 41 uploaded
Client 13 trained
Client 13 uploaded
Client 98 trained
Client 98 uploaded
Client 97 trained
Client 97 uploaded
Client 63 trained
Client 63 uploaded
Client 85 trained
Client 85 uploaded
Client 60 trained
Client 60 uploaded
Client 80 trained
Client 80 uploaded
Client 32 trained
Client 32 uploaded
Epoch(t): 311 accuracy: 72.63 loss 0.9563646221160889 run_time: 11687.692424535751
FedDocs Algo: Group 5 is selected
| current_epoch 312 |. Begin client select
SchedulerThread schedule Group [ 5 ], select( 14 clients):
4 | 7 | 9 | 11 | 15 | 37 | 40 | 53 | 74 | 77 | 81 | 83 | 90 | 96 |
-----------------------------------------------------------------Schedule complete
Client 11 trained
Client 11 uploaded
Client 7 trained
Client 7 uploaded
Client 9 trained
Client 9 uploaded
Client 90 trained
Client 90 uploaded
Client 74 trained
Client 74 uploaded
Client 77 trained
Client 77 uploaded
Client 53 trained
Client 53 uploaded
Client 81 trained
Client 81 uploaded
Client 40 trained
Client 40 uploaded
Client 37 trained
Client 37 uploaded
Client 4 trained
Client 4 uploaded
Client 83 trained
Client 83 uploaded
Client 96 trained
Client 96 uploaded
Client 15 trained
Client 15 uploaded
Epoch(t): 312 accuracy: 72.4 loss 1.0150747793912887 run_time: 11727.791101932526
FedDocs Algo: Group 3 is selected
| current_epoch 313 |. Begin client select
SchedulerThread schedule Group [ 3 ], select( 15 clients):
1 | 10 | 23 | 24 | 28 | 38 | 43 | 45 | 48 | 50 | 59 | 62 | 69 | 87 | 94 |
-----------------------------------------------------------------Schedule complete
Client 59 trained
Client 59 uploaded
Client 28 trained
Client 28 uploaded
Client 94 trained
Client 94 uploaded
Client 87 trained
Client 87 uploaded
Client 23 trained
Client 23 uploaded
Client 48 trained
Client 48 uploaded
Client 38 trained
Client 38 uploaded
Client 10 trained
Client 10 uploaded
Client 24 trained
Client 24 uploaded
Client 50 trained
Client 50 uploaded
Client 69 trained
Client 69 uploaded
Client 45 trained
Client 45 uploaded
Client 1 trained
Client 1 uploaded
Client 62 trained
Client 62 uploaded
Client 43 trained
Client 43 uploaded
Epoch(t): 313 accuracy: 73.01 loss 0.890545426607132 run_time: 11768.820802927017
FedDocs Algo: Group 1 is selected
| current_epoch 314 |. Begin client select
SchedulerThread schedule Group [ 1 ], select( 15 clients):
5 | 20 | 22 | 26 | 31 | 33 | 35 | 36 | 44 | 46 | 61 | 72 | 89 | 91 | 95 |
-----------------------------------------------------------------Schedule complete
Client 95 trained
Client 95 uploaded
Client 5 trained
Client 5 uploaded
Client 91 trained
Client 91 uploaded
Client 61 trained
Client 61 uploaded
Client 44 trained
Client 44 uploaded
Client 20 trained
Client 20 uploaded
Client 22 trained
Client 22 uploaded
Client 31 trained
Client 31 uploaded
Client 33 trained
Client 33 uploaded
Client 72 trained
Client 72 uploaded
Client 26 trained
Client 26 uploaded
Client 36 trained
Client 36 uploaded
Client 89 trained
Client 89 uploaded
Client 46 trained
Client 46 uploaded
Client 35 trained
Client 35 uploaded
Epoch(t): 314 accuracy: 72.85 loss 0.9015723210573197 run_time: 11811.504539728165
FedDocs Algo: Group 5 is selected
| current_epoch 315 |. Begin client select
SchedulerThread schedule Group [ 5 ], select( 14 clients):
4 | 7 | 9 | 11 | 15 | 37 | 40 | 53 | 74 | 77 | 81 | 83 | 90 | 96 |
-----------------------------------------------------------------Schedule complete
Client 7 trained
Client 7 uploaded
Client 11 trained
Client 11 uploaded
Client 9 trained
Client 9 uploaded
Client 90 trained
Client 90 uploaded
Client 74 trained
Client 74 uploaded
Client 77 trained
Client 77 uploaded
Client 53 trained
Client 53 uploaded
Client 81 trained
Client 81 uploaded
Client 37 trained
Client 37 uploaded
Client 40 trained
Client 40 uploaded
Client 4 trained
Client 4 uploaded
Client 96 trained
Client 96 uploaded
Client 83 trained
Client 83 uploaded
Client 15 trained
Client 15 uploaded
Epoch(t): 315 accuracy: 72.35 loss 1.0023814749717712 run_time: 11852.597525119781
FedDocs Algo: Group 5 is selected
| current_epoch 316 |. Begin client select
SchedulerThread schedule Group [ 5 ], select( 14 clients):
4 | 7 | 9 | 11 | 15 | 37 | 40 | 53 | 74 | 77 | 81 | 83 | 90 | 96 |
-----------------------------------------------------------------Schedule complete
Client 11 trained
Client 11 uploaded
Client 7 trained
Client 7 uploaded
Client 9 trained
Client 9 uploaded
Client 90 trained
Client 90 uploaded
Client 74 trained
Client 74 uploaded
Client 77 trained
Client 77 uploaded
Client 53 trained
Client 53 uploaded
Client 81 trained
Client 81 uploaded
Client 40 trained
Client 40 uploaded
Client 37 trained
Client 37 uploaded
Client 83 trained
Client 83 uploaded
Client 96 trained
Client 96 uploaded
Client 4 trained
Client 4 uploaded
Client 15 trained
Client 15 uploaded
Epoch(t): 316 accuracy: 71.52 loss 1.0660108822584151 run_time: 11893.874032974243
FedDocs Algo: Group 5 is selected
| current_epoch 317 |. Begin client select
SchedulerThread schedule Group [ 5 ], select( 14 clients):
4 | 7 | 9 | 11 | 15 | 37 | 40 | 53 | 74 | 77 | 81 | 83 | 90 | 96 |
-----------------------------------------------------------------Schedule complete
Client 11 trained
Client 11 uploaded
Client 7 trained
Client 7 uploaded
Client 9 trained
Client 9 uploaded
Client 90 trained
Client 90 uploaded
Client 77 trained
Client 77 uploaded
Client 74 trained
Client 74 uploaded
Client 53 trained
Client 53 uploaded
Client 81 trained
Client 81 uploaded
Client 40 trained
Client 40 uploaded
Client 37 trained
Client 37 uploaded
Client 4 trained
Client 4 uploaded
Client 96 trained
Client 96 uploaded
Client 83 trained
Client 83 uploaded
Client 15 trained
Client 15 uploaded
Epoch(t): 317 accuracy: 71.45 loss 1.1062002050876618 run_time: 11933.186817884445
FedDocs Algo: Group 5 is selected
| current_epoch 318 |. Begin client select
SchedulerThread schedule Group [ 5 ], select( 14 clients):
4 | 7 | 9 | 11 | 15 | 37 | 40 | 53 | 74 | 77 | 81 | 83 | 90 | 96 |
-----------------------------------------------------------------Schedule complete
Client 11 trained
Client 11 uploaded
Client 7 trained
Client 7 uploaded
Client 9 trained
Client 9 uploaded
Client 90 trained
Client 90 uploaded
Client 74 trained
Client 74 uploaded
Client 77 trained
Client 77 uploaded
Client 53 trained
Client 53 uploaded
Client 81 trained
Client 81 uploaded
Client 37 trained
Client 37 uploaded
Client 40 trained
Client 40 uploaded
Client 96 trained
Client 96 uploaded
Client 4 trained
Client 4 uploaded
Client 83 trained
Client 83 uploaded
Client 15 trained
Client 15 uploaded
Epoch(t): 318 accuracy: 71.29 loss 1.1293602693080902 run_time: 11972.567756414413
FedDocs Algo: Group 5 is selected
| current_epoch 319 |. Begin client select
SchedulerThread schedule Group [ 5 ], select( 14 clients):
4 | 7 | 9 | 11 | 15 | 37 | 40 | 53 | 74 | 77 | 81 | 83 | 90 | 96 |
-----------------------------------------------------------------Schedule complete
Client 7 trained
Client 7 uploaded
Client 11 trained
Client 11 uploaded
Client 9 trained
Client 9 uploaded
Client 90 trained
Client 90 uploaded
Client 77 trained
Client 77 uploaded
Client 74 trained
Client 74 uploaded
Client 53 trained
Client 53 uploaded
Client 81 trained
Client 81 uploaded
Client 40 trained
Client 40 uploaded
Client 37 trained
Client 37 uploaded
Client 4 trained
Client 4 uploaded
Client 83 trained
Client 83 uploaded
Client 96 trained
Client 96 uploaded
Client 15 trained
Client 15 uploaded
Epoch(t): 319 accuracy: 71.18 loss 1.138564847111702 run_time: 12011.956554412842
FedDocs Algo: Group 5 is selected
| current_epoch 320 |. Begin client select
SchedulerThread schedule Group [ 5 ], select( 14 clients):
4 | 7 | 9 | 11 | 15 | 37 | 40 | 53 | 74 | 77 | 81 | 83 | 90 | 96 |
-----------------------------------------------------------------Schedule complete
Client 7 trained
Client 7 uploaded
Client 11 trained
Client 11 uploaded
Client 90 trained
Client 90 uploaded
Client 9 trained
Client 9 uploaded
Client 77 trained
Client 77 uploaded
Client 74 trained
Client 74 uploaded
Client 53 trained
Client 53 uploaded
Client 81 trained
Client 81 uploaded
Client 40 trained
Client 40 uploaded
Client 37 trained
Client 37 uploaded
Client 83 trained
Client 83 uploaded
Client 4 trained
Client 4 uploaded
Client 96 trained
Client 96 uploaded
Client 15 trained
Client 15 uploaded
Epoch(t): 320 accuracy: 71.29 loss 1.150363331437111 run_time: 12052.68026304245
FedDocs Algo: Group 5 is selected
| current_epoch 321 |. Begin client select
SchedulerThread schedule Group [ 5 ], select( 14 clients):
4 | 7 | 9 | 11 | 15 | 37 | 40 | 53 | 74 | 77 | 81 | 83 | 90 | 96 |
-----------------------------------------------------------------Schedule complete
Client 11 trained
Client 11 uploaded
Client 7 trained
Client 7 uploaded
Client 90 trained
Client 90 uploaded
Client 9 trained
Client 9 uploaded
Client 74 trained
Client 74 uploaded
Client 77 trained
Client 77 uploaded
Client 53 trained
Client 53 uploaded
Client 81 trained
Client 81 uploaded
Client 37 trained
Client 37 uploaded
Client 40 trained
Client 40 uploaded
Client 4 trained
Client 4 uploaded
Client 83 trained
Client 83 uploaded
Client 96 trained
Client 96 uploaded
Client 15 trained
Client 15 uploaded
Epoch(t): 321 accuracy: 70.97 loss 1.1698029518127442 run_time: 12092.84981751442
FedDocs Algo: Group 6 is selected
| current_epoch 322 |. Begin client select
SchedulerThread schedule Group [ 6 ], select( 13 clients):
0 | 6 | 14 | 25 | 30 | 39 | 57 | 65 | 71 | 73 | 79 | 82 | 88 |
-----------------------------------------------------------------Schedule complete
Client 39 trained
Client 39 uploaded
Client 57 trained
Client 57 uploaded
Client 30 trained
Client 30 uploaded
Client 88 trained
Client 88 uploaded
Client 79 trained
Client 79 uploaded
Client 71 trained
Client 71 uploaded
Client 14 trained
Client 14 uploaded
Client 0 trained
Client 0 uploaded
Client 82 trained
Client 82 uploaded
Client 65 trained
Client 65 uploaded
Client 73 trained
Client 73 uploaded
Client 6 trained
Client 6 uploaded
Client 25 trained
Client 25 uploaded
Epoch(t): 322 accuracy: 72.45 loss 0.9134763777256012 run_time: 12124.19725728035
FedDocs Algo: Group 5 is selected
| current_epoch 323 |. Begin client select
SchedulerThread schedule Group [ 5 ], select( 14 clients):
4 | 7 | 9 | 11 | 15 | 37 | 40 | 53 | 74 | 77 | 81 | 83 | 90 | 96 |
-----------------------------------------------------------------Schedule complete
Client 11 trained
Client 11 uploaded
Client 7 trained
Client 7 uploaded
Client 90 trained
Client 90 uploaded
Client 9 trained
Client 9 uploaded
Client 77 trained
Client 77 uploaded
Client 74 trained
Client 74 uploaded
Client 53 trained
Client 53 uploaded
Client 81 trained
Client 81 uploaded
Client 37 trained
Client 37 uploaded
Client 40 trained
Client 40 uploaded
Client 83 trained
Client 83 uploaded
Client 4 trained
Client 4 uploaded
Client 15 trained
Client 15 uploaded
Client 96 trained
Client 96 uploaded
Epoch(t): 323 accuracy: 71.77 loss 1.0089883691072463 run_time: 12166.170454263687
FedDocs Algo: Group 2 is selected
| current_epoch 324 |. Begin client select
SchedulerThread schedule Group [ 2 ], select( 15 clients):
8 | 16 | 18 | 19 | 21 | 27 | 34 | 42 | 51 | 55 | 58 | 64 | 75 | 76 | 93 |
-----------------------------------------------------------------Schedule complete
Client 18 trained
Client 18 uploaded
Client 16 trained
Client 16 uploaded
Client 51 trained
Client 51 uploaded
Client 21 trained
Client 21 uploaded
Client 27 trained
Client 27 uploaded
Client 55 trained
Client 55 uploaded
Client 19 trained
Client 19 uploaded
Client 75 trained
Client 75 uploaded
Client 64 trained
Client 64 uploaded
Client 42 trained
Client 42 uploaded
Client 34 trained
Client 34 uploaded
Client 8 trained
Client 8 uploaded
Client 58 trained
Client 58 uploaded
Client 76 trained
Client 76 uploaded
Client 93 trained
Client 93 uploaded
Epoch(t): 324 accuracy: 72.59 loss 0.9142959815263748 run_time: 12206.268705368042
FedDocs Algo: Group 1 is selected
| current_epoch 325 |. Begin client select
SchedulerThread schedule Group [ 1 ], select( 15 clients):
5 | 20 | 22 | 26 | 31 | 33 | 35 | 36 | 44 | 46 | 61 | 72 | 89 | 91 | 95 |
-----------------------------------------------------------------Schedule complete
Client 95 trained
Client 95 uploaded
Client 5 trained
Client 5 uploaded
Client 61 trained
Client 61 uploaded
Client 91 trained
Client 91 uploaded
Client 44 trained
Client 44 uploaded
Client 20 trained
Client 20 uploaded
Client 22 trained
Client 22 uploaded
Client 31 trained
Client 31 uploaded
Client 33 trained
Client 33 uploaded
Client 72 trained
Client 72 uploaded
Client 36 trained
Client 36 uploaded
Client 26 trained
Client 26 uploaded
Client 89 trained
Client 89 uploaded
Client 46 trained
Client 46 uploaded
Client 35 trained
Client 35 uploaded
Epoch(t): 325 accuracy: 72.82 loss 0.9112901198863983 run_time: 12249.556697368622
FedDocs Algo: Group 0 is selected
| current_epoch 326 |. Begin client select
SchedulerThread schedule Group [ 0 ], select( 13 clients):
2 | 3 | 29 | 47 | 52 | 54 | 56 | 66 | 67 | 68 | 70 | 84 | 86 |
-----------------------------------------------------------------Schedule complete
Client 86 trained
Client 86 uploaded
Client 47 trained
Client 47 uploaded
Client 29 trained
Client 29 uploaded
Client 52 trained
Client 52 uploaded
Client 54 trained
Client 54 uploaded
Client 2 trained
Client 2 uploaded
Client 70 trained
Client 70 uploaded
Client 3 trained
Client 3 uploaded
Client 56 trained
Client 56 uploaded
Client 68 trained
Client 68 uploaded
Client 66 trained
Client 66 uploaded
Client 67 trained
Client 67 uploaded
Client 84 trained
Client 84 uploaded
Epoch(t): 326 accuracy: 72.74 loss 0.9146785992383957 run_time: 12282.794925689697
FedDocs Algo: Group 3 is selected
| current_epoch 327 |. Begin client select
SchedulerThread schedule Group [ 3 ], select( 15 clients):
1 | 10 | 23 | 24 | 28 | 38 | 43 | 45 | 48 | 50 | 59 | 62 | 69 | 87 | 94 |
-----------------------------------------------------------------Schedule complete
Client 59 trained
Client 59 uploaded
Client 28 trained
Client 28 uploaded
Client 94 trained
Client 94 uploaded
Client 87 trained
Client 87 uploaded
Client 23 trained
Client 23 uploaded
Client 48 trained
Client 48 uploaded
Client 38 trained
Client 38 uploaded
Client 10 trained
Client 10 uploaded
Client 24 trained
Client 24 uploaded
Client 50 trained
Client 50 uploaded
Client 69 trained
Client 69 uploaded
Client 45 trained
Client 45 uploaded
Client 1 trained
Client 1 uploaded
Client 62 trained
Client 62 uploaded
Client 43 trained
Client 43 uploaded
Epoch(t): 327 accuracy: 73.14 loss 0.8750178933143615 run_time: 12324.615976333618
FedDocs Algo: Group 5 is selected
| current_epoch 328 |. Begin client select
SchedulerThread schedule Group [ 5 ], select( 14 clients):
4 | 7 | 9 | 11 | 15 | 37 | 40 | 53 | 74 | 77 | 81 | 83 | 90 | 96 |
-----------------------------------------------------------------Schedule complete
Client 7 trained
Client 7 uploaded
Client 11 trained
Client 11 uploaded
Client 9 trained
Client 9 uploaded
Client 90 trained
Client 90 uploaded
Client 77 trained
Client 77 uploaded
Client 74 trained
Client 74 uploaded
Client 53 trained
Client 53 uploaded
Client 81 trained
Client 81 uploaded
Client 40 trained
Client 40 uploaded
Client 37 trained
Client 37 uploaded
Client 4 trained
Client 4 uploaded
Client 96 trained
Client 96 uploaded
Client 15 trained
Client 15 uploaded
Client 83 trained
Client 83 uploaded
Epoch(t): 328 accuracy: 72.66 loss 0.9850652736425399 run_time: 12364.274784088135
FedDocs Algo: Group 5 is selected
| current_epoch 329 |. Begin client select
SchedulerThread schedule Group [ 5 ], select( 14 clients):
4 | 7 | 9 | 11 | 15 | 37 | 40 | 53 | 74 | 77 | 81 | 83 | 90 | 96 |
-----------------------------------------------------------------Schedule complete
Client 11 trained
Client 11 uploaded
Client 7 trained
Client 7 uploaded
Client 9 trained
Client 9 uploaded
Client 90 trained
Client 90 uploaded
Client 74 trained
Client 74 uploaded
Client 77 trained
Client 77 uploaded
Client 53 trained
Client 53 uploaded
Client 81 trained
Client 81 uploaded
Client 40 trained
Client 40 uploaded
Client 37 trained
Client 37 uploaded
Client 96 trained
Client 96 uploaded
Client 83 trained
Client 83 uploaded
Client 4 trained
Client 4 uploaded
Client 15 trained
Client 15 uploaded
Epoch(t): 329 accuracy: 71.79 loss 1.0568343025445939 run_time: 12404.993998765945
FedDocs Algo: Group 5 is selected
| current_epoch 330 |. Begin client select
SchedulerThread schedule Group [ 5 ], select( 14 clients):
4 | 7 | 9 | 11 | 15 | 37 | 40 | 53 | 74 | 77 | 81 | 83 | 90 | 96 |
-----------------------------------------------------------------Schedule complete
Client 7 trained
Client 7 uploaded
Client 11 trained
Client 11 uploaded
Client 9 trained
Client 9 uploaded
Client 90 trained
Client 90 uploaded
Client 74 trained
Client 74 uploaded
Client 77 trained
Client 77 uploaded
Client 53 trained
Client 53 uploaded
Client 81 trained
Client 81 uploaded
Client 37 trained
Client 37 uploaded
Client 40 trained
Client 40 uploaded
Client 96 trained
Client 96 uploaded
Client 83 trained
Client 83 uploaded
Client 4 trained
Client 4 uploaded
Client 15 trained
Client 15 uploaded
Epoch(t): 330 accuracy: 71.8 loss 1.085741975903511 run_time: 12445.89969587326
FedDocs Algo: Group 5 is selected
| current_epoch 331 |. Begin client select
SchedulerThread schedule Group [ 5 ], select( 14 clients):
4 | 7 | 9 | 11 | 15 | 37 | 40 | 53 | 74 | 77 | 81 | 83 | 90 | 96 |
-----------------------------------------------------------------Schedule complete
Client 7 trained
Client 7 uploaded
Client 11 trained
Client 11 uploaded
Client 90 trained
Client 90 uploaded
Client 9 trained
Client 9 uploaded
Client 77 trained
Client 77 uploaded
Client 74 trained
Client 74 uploaded
Client 53 trained
Client 53 uploaded
Client 81 trained
Client 81 uploaded
Client 40 trained
Client 40 uploaded
Client 37 trained
Client 37 uploaded
Client 83 trained
Client 83 uploaded
Client 96 trained
Client 96 uploaded
Client 4 trained
Client 4 uploaded
Client 15 trained
Client 15 uploaded
Epoch(t): 331 accuracy: 71.62 loss 1.1202884393930435 run_time: 12484.806818246841
FedDocs Algo: Group 5 is selected
| current_epoch 332 |. Begin client select
SchedulerThread schedule Group [ 5 ], select( 14 clients):
4 | 7 | 9 | 11 | 15 | 37 | 40 | 53 | 74 | 77 | 81 | 83 | 90 | 96 |
-----------------------------------------------------------------Schedule complete
Client 7 trained
Client 7 uploaded
Client 11 trained
Client 11 uploaded
Client 9 trained
Client 9 uploaded
Client 90 trained
Client 90 uploaded
Client 74 trained
Client 74 uploaded
Client 77 trained
Client 77 uploaded
Client 53 trained
Client 53 uploaded
Client 81 trained
Client 81 uploaded
Client 37 trained
Client 37 uploaded
Client 40 trained
Client 40 uploaded
Client 83 trained
Client 83 uploaded
Client 4 trained
Client 4 uploaded
Client 96 trained
Client 96 uploaded
Client 15 trained
Client 15 uploaded
Epoch(t): 332 accuracy: 71.89 loss 1.1321480423212051 run_time: 12525.2024872303
FedDocs Algo: Group 3 is selected
| current_epoch 333 |. Begin client select
SchedulerThread schedule Group [ 3 ], select( 15 clients):
1 | 10 | 23 | 24 | 28 | 38 | 43 | 45 | 48 | 50 | 59 | 62 | 69 | 87 | 94 |
-----------------------------------------------------------------Schedule complete
Client 59 trained
Client 59 uploaded
Client 28 trained
Client 28 uploaded
Client 94 trained
Client 94 uploaded
Client 87 trained
Client 87 uploaded
Client 23 trained
Client 23 uploaded
Client 48 trained
Client 48 uploaded
Client 10 trained
Client 10 uploaded
Client 38 trained
Client 38 uploaded
Client 24 trained
Client 24 uploaded
Client 50 trained
Client 50 uploaded
Client 69 trained
Client 69 uploaded
Client 45 trained
Client 45 uploaded
Client 1 trained
Client 1 uploaded
Client 62 trained
Client 62 uploaded
Client 43 trained
Client 43 uploaded
Epoch(t): 333 accuracy: 72.84 loss 0.9086933243274689 run_time: 12565.82338309288
FedDocs Algo: Group 5 is selected
| current_epoch 334 |. Begin client select
SchedulerThread schedule Group [ 5 ], select( 14 clients):
4 | 7 | 9 | 11 | 15 | 37 | 40 | 53 | 74 | 77 | 81 | 83 | 90 | 96 |
-----------------------------------------------------------------Schedule complete
Client 7 trained
Client 7 uploaded
Client 11 trained
Client 11 uploaded
Client 9 trained
Client 9 uploaded
Client 90 trained
Client 90 uploaded
Client 74 trained
Client 74 uploaded
Client 77 trained
Client 77 uploaded
Client 53 trained
Client 53 uploaded
Client 81 trained
Client 81 uploaded
Client 37 trained
Client 37 uploaded
Client 40 trained
Client 40 uploaded
Client 4 trained
Client 4 uploaded
Client 96 trained
Client 96 uploaded
Client 83 trained
Client 83 uploaded
Client 15 trained
Client 15 uploaded
Epoch(t): 334 accuracy: 72.25 loss 1.0164390021562577 run_time: 12604.995128154755
FedDocs Algo: Group 5 is selected
| current_epoch 335 |. Begin client select
SchedulerThread schedule Group [ 5 ], select( 14 clients):
4 | 7 | 9 | 11 | 15 | 37 | 40 | 53 | 74 | 77 | 81 | 83 | 90 | 96 |
-----------------------------------------------------------------Schedule complete
Client 7 trained
Client 7 uploaded
Client 11 trained
Client 11 uploaded
Client 9 trained
Client 9 uploaded
Client 90 trained
Client 90 uploaded
Client 74 trained
Client 74 uploaded
Client 77 trained
Client 77 uploaded
Client 53 trained
Client 53 uploaded
Client 81 trained
Client 81 uploaded
Client 40 trained
Client 40 uploaded
Client 37 trained
Client 37 uploaded
Client 83 trained
Client 83 uploaded
Client 4 trained
Client 4 uploaded
Client 96 trained
Client 96 uploaded
Client 15 trained
Client 15 uploaded
Epoch(t): 335 accuracy: 71.81 loss 1.0714323234558105 run_time: 12644.945652484894
FedDocs Algo: Group 5 is selected
| current_epoch 336 |. Begin client select
SchedulerThread schedule Group [ 5 ], select( 14 clients):
4 | 7 | 9 | 11 | 15 | 37 | 40 | 53 | 74 | 77 | 81 | 83 | 90 | 96 |
-----------------------------------------------------------------Schedule complete
Client 7 trained
Client 7 uploaded
Client 11 trained
Client 11 uploaded
Client 9 trained
Client 9 uploaded
Client 90 trained
Client 90 uploaded
Client 74 trained
Client 74 uploaded
Client 77 trained
Client 77 uploaded
Client 53 trained
Client 53 uploaded
Client 81 trained
Client 81 uploaded
Client 37 trained
Client 37 uploaded
Client 40 trained
Client 40 uploaded
Client 83 trained
Client 83 uploaded
Client 4 trained
Client 4 uploaded
Client 96 trained
Client 96 uploaded
Client 15 trained
Client 15 uploaded
Epoch(t): 336 accuracy: 71.71 loss 1.106525303721428 run_time: 12684.866614103317
FedDocs Algo: Group 5 is selected
| current_epoch 337 |. Begin client select
SchedulerThread schedule Group [ 5 ], select( 14 clients):
4 | 7 | 9 | 11 | 15 | 37 | 40 | 53 | 74 | 77 | 81 | 83 | 90 | 96 |
-----------------------------------------------------------------Schedule complete
Client 7 trained
Client 7 uploaded
Client 11 trained
Client 11 uploaded
Client 9 trained
Client 9 uploaded
Client 90 trained
Client 90 uploaded
Client 74 trained
Client 74 uploaded
Client 77 trained
Client 77 uploaded
Client 53 trained
Client 53 uploaded
Client 81 trained
Client 81 uploaded
Client 37 trained
Client 37 uploaded
Client 40 trained
Client 40 uploaded
Client 4 trained
Client 4 uploaded
Client 96 trained
Client 96 uploaded
Client 83 trained
Client 83 uploaded
Client 15 trained
Client 15 uploaded
Epoch(t): 337 accuracy: 71.42 loss 1.1238841432332993 run_time: 12725.66168832779
FedDocs Algo: Group 5 is selected
| current_epoch 338 |. Begin client select
SchedulerThread schedule Group [ 5 ], select( 14 clients):
4 | 7 | 9 | 11 | 15 | 37 | 40 | 53 | 74 | 77 | 81 | 83 | 90 | 96 |
-----------------------------------------------------------------Schedule complete
Client 7 trained
Client 7 uploaded
Client 11 trained
Client 11 uploaded
Client 9 trained
Client 9 uploaded
Client 90 trained
Client 90 uploaded
Client 77 trained
Client 77 uploaded
Client 74 trained
Client 74 uploaded
Client 53 trained
Client 53 uploaded
Client 81 trained
Client 81 uploaded
Client 37 trained
Client 37 uploaded
Client 40 trained
Client 40 uploaded
Client 83 trained
Client 83 uploaded
Client 96 trained
Client 96 uploaded
Client 4 trained
Client 4 uploaded
Client 15 trained
Client 15 uploaded
Epoch(t): 338 accuracy: 71.4 loss 1.1499125516414643 run_time: 12765.61375951767
FedDocs Algo: Group 5 is selected
| current_epoch 339 |. Begin client select
SchedulerThread schedule Group [ 5 ], select( 14 clients):
4 | 7 | 9 | 11 | 15 | 37 | 40 | 53 | 74 | 77 | 81 | 83 | 90 | 96 |
-----------------------------------------------------------------Schedule complete
Client 7 trained
Client 7 uploaded
Client 11 trained
Client 11 uploaded
Client 9 trained
Client 9 uploaded
Client 90 trained
Client 90 uploaded
Client 74 trained
Client 74 uploaded
Client 77 trained
Client 77 uploaded
Client 53 trained
Client 53 uploaded
Client 81 trained
Client 81 uploaded
Client 37 trained
Client 37 uploaded
Client 40 trained
Client 40 uploaded
Client 83 trained
Client 83 uploaded
Client 96 trained
Client 96 uploaded
Client 4 trained
Client 4 uploaded
Client 15 trained
Client 15 uploaded
Epoch(t): 339 accuracy: 70.89 loss 1.1697115093469619 run_time: 12805.692760705948
FedDocs Algo: Group 6 is selected
| current_epoch 340 |. Begin client select
SchedulerThread schedule Group [ 6 ], select( 13 clients):
0 | 6 | 14 | 25 | 30 | 39 | 57 | 65 | 71 | 73 | 79 | 82 | 88 |
-----------------------------------------------------------------Schedule complete
Client 39 trained
Client 39 uploaded
Client 57 trained
Client 57 uploaded
Client 30 trained
Client 30 uploaded
Client 88 trained
Client 88 uploaded
Client 79 trained
Client 79 uploaded
Client 71 trained
Client 71 uploaded
Client 14 trained
Client 14 uploaded
Client 82 trained
Client 82 uploaded
Client 0 trained
Client 0 uploaded
Client 65 trained
Client 65 uploaded
Client 73 trained
Client 73 uploaded
Client 6 trained
Client 6 uploaded
Client 25 trained
Client 25 uploaded
Epoch(t): 340 accuracy: 72.66 loss 0.9180635142326355 run_time: 12836.562932252884
FedDocs Algo: Group 5 is selected
| current_epoch 341 |. Begin client select
SchedulerThread schedule Group [ 5 ], select( 14 clients):
4 | 7 | 9 | 11 | 15 | 37 | 40 | 53 | 74 | 77 | 81 | 83 | 90 | 96 |
-----------------------------------------------------------------Schedule complete
Client 11 trained
Client 11 uploaded
Client 7 trained
Client 7 uploaded
Client 9 trained
Client 9 uploaded
Client 90 trained
Client 90 uploaded
Client 74 trained
Client 74 uploaded
Client 77 trained
Client 77 uploaded
Client 53 trained
Client 53 uploaded
Client 81 trained
Client 81 uploaded
Client 40 trained
Client 40 uploaded
Client 37 trained
Client 37 uploaded
Client 4 trained
Client 4 uploaded
Client 96 trained
Client 96 uploaded
Client 83 trained
Client 83 uploaded
Client 15 trained
Client 15 uploaded
Epoch(t): 341 accuracy: 72.13 loss 1.0160832160711288 run_time: 12878.272861719131
FedDocs Algo: Group 5 is selected
| current_epoch 342 |. Begin client select
SchedulerThread schedule Group [ 5 ], select( 14 clients):
4 | 7 | 9 | 11 | 15 | 37 | 40 | 53 | 74 | 77 | 81 | 83 | 90 | 96 |
-----------------------------------------------------------------Schedule complete
Client 7 trained
Client 7 uploaded
Client 11 trained
Client 11 uploaded
Client 9 trained
Client 9 uploaded
Client 90 trained
Client 90 uploaded
Client 74 trained
Client 74 uploaded
Client 77 trained
Client 77 uploaded
Client 53 trained
Client 53 uploaded
Client 81 trained
Client 81 uploaded
Client 40 trained
Client 40 uploaded
Client 37 trained
Client 37 uploaded
Client 96 trained
Client 96 uploaded
Client 83 trained
Client 83 uploaded
Client 4 trained
Client 4 uploaded
Client 15 trained
Client 15 uploaded
Epoch(t): 342 accuracy: 71.54 loss 1.0927918314933778 run_time: 12919.229456186295
FedDocs Algo: Group 1 is selected
| current_epoch 343 |. Begin client select
SchedulerThread schedule Group [ 1 ], select( 15 clients):
5 | 20 | 22 | 26 | 31 | 33 | 35 | 36 | 44 | 46 | 61 | 72 | 89 | 91 | 95 |
-----------------------------------------------------------------Schedule complete
Client 95 trained
Client 95 uploaded
Client 5 trained
Client 5 uploaded
Client 61 trained
Client 61 uploaded
Client 91 trained
Client 91 uploaded
Client 44 trained
Client 44 uploaded
Client 20 trained
Client 20 uploaded
Client 22 trained
Client 22 uploaded
Client 31 trained
Client 31 uploaded
Client 33 trained
Client 33 uploaded
Client 72 trained
Client 72 uploaded
Client 26 trained
Client 26 uploaded
Client 36 trained
Client 36 uploaded
Client 89 trained
Client 89 uploaded
Client 46 trained
Client 46 uploaded
Client 35 trained
Client 35 uploaded
Epoch(t): 343 accuracy: 72.72 loss 0.9274850261211395 run_time: 12962.261483192444
FedDocs Algo: Group 5 is selected
| current_epoch 344 |. Begin client select
SchedulerThread schedule Group [ 5 ], select( 14 clients):
4 | 7 | 9 | 11 | 15 | 37 | 40 | 53 | 74 | 77 | 81 | 83 | 90 | 96 |
-----------------------------------------------------------------Schedule complete
Client 11 trained
Client 11 uploaded
Client 7 trained
Client 7 uploaded
Client 90 trained
Client 90 uploaded
Client 9 trained
Client 9 uploaded
Client 77 trained
Client 77 uploaded
Client 74 trained
Client 74 uploaded
Client 53 trained
Client 53 uploaded
Client 81 trained
Client 81 uploaded
Client 37 trained
Client 37 uploaded
Client 40 trained
Client 40 uploaded
Client 96 trained
Client 96 uploaded
Client 83 trained
Client 83 uploaded
Client 4 trained
Client 4 uploaded
Client 15 trained
Client 15 uploaded
Epoch(t): 344 accuracy: 72.19 loss 1.0401601380109786 run_time: 13003.070757389069
FedDocs Algo: Group 1 is selected
| current_epoch 345 |. Begin client select
SchedulerThread schedule Group [ 1 ], select( 15 clients):
5 | 20 | 22 | 26 | 31 | 33 | 35 | 36 | 44 | 46 | 61 | 72 | 89 | 91 | 95 |
-----------------------------------------------------------------Schedule complete
Client 95 trained
Client 95 uploaded
Client 5 trained
Client 5 uploaded
Client 61 trained
Client 61 uploaded
Client 91 trained
Client 91 uploaded
Client 44 trained
Client 44 uploaded
Client 20 trained
Client 20 uploaded
Client 22 trained
Client 22 uploaded
Client 31 trained
Client 31 uploaded
Client 33 trained
Client 33 uploaded
Client 72 trained
Client 72 uploaded
Client 36 trained
Client 36 uploaded
Client 26 trained
Client 26 uploaded
Client 89 trained
Client 89 uploaded
Client 46 trained
Client 46 uploaded
Client 35 trained
Client 35 uploaded
Epoch(t): 345 accuracy: 72.29 loss 0.948061506152153 run_time: 13047.665984153748
FedDocs Algo: Group 5 is selected
| current_epoch 346 |. Begin client select
SchedulerThread schedule Group [ 5 ], select( 14 clients):
4 | 7 | 9 | 11 | 15 | 37 | 40 | 53 | 74 | 77 | 81 | 83 | 90 | 96 |
-----------------------------------------------------------------Schedule complete
Client 7 trained
Client 7 uploaded
Client 11 trained
Client 11 uploaded
Client 9 trained
Client 9 uploaded
Client 90 trained
Client 90 uploaded
Client 74 trained
Client 74 uploaded
Client 77 trained
Client 77 uploaded
Client 53 trained
Client 53 uploaded
Client 81 trained
Client 81 uploaded
Client 37 trained
Client 37 uploaded
Client 40 trained
Client 40 uploaded
Client 4 trained
Client 4 uploaded
Client 96 trained
Client 96 uploaded
Client 83 trained
Client 83 uploaded
Client 15 trained
Client 15 uploaded
Epoch(t): 346 accuracy: 71.89 loss 1.0352229297161102 run_time: 13087.851209163666
FedDocs Algo: Group 5 is selected
| current_epoch 347 |. Begin client select
SchedulerThread schedule Group [ 5 ], select( 14 clients):
4 | 7 | 9 | 11 | 15 | 37 | 40 | 53 | 74 | 77 | 81 | 83 | 90 | 96 |
-----------------------------------------------------------------Schedule complete
Client 7 trained
Client 7 uploaded
Client 11 trained
Client 11 uploaded
Client 9 trained
Client 9 uploaded
Client 90 trained
Client 90 uploaded
Client 74 trained
Client 74 uploaded
Client 77 trained
Client 77 uploaded
Client 53 trained
Client 53 uploaded
Client 81 trained
Client 81 uploaded
Client 37 trained
Client 37 uploaded
Client 40 trained
Client 40 uploaded
Client 96 trained
Client 96 uploaded
Client 4 trained
Client 4 uploaded
Client 83 trained
Client 83 uploaded
Client 15 trained
Client 15 uploaded
Epoch(t): 347 accuracy: 71.4 loss 1.1084539586305617 run_time: 13128.675560951233
FedDocs Algo: Group 5 is selected
| current_epoch 348 |. Begin client select
SchedulerThread schedule Group [ 5 ], select( 14 clients):
4 | 7 | 9 | 11 | 15 | 37 | 40 | 53 | 74 | 77 | 81 | 83 | 90 | 96 |
-----------------------------------------------------------------Schedule complete
Client 11 trained
Client 11 uploaded
Client 7 trained
Client 7 uploaded
Client 9 trained
Client 9 uploaded
Client 90 trained
Client 90 uploaded
Client 77 trained
Client 77 uploaded
Client 74 trained
Client 74 uploaded
Client 53 trained
Client 53 uploaded
Client 81 trained
Client 81 uploaded
Client 40 trained
Client 40 uploaded
Client 37 trained
Client 37 uploaded
Client 4 trained
Client 4 uploaded
Client 83 trained
Client 83 uploaded
Client 96 trained
Client 96 uploaded
Client 15 trained
Client 15 uploaded
Epoch(t): 348 accuracy: 71.51 loss 1.1228704643249512 run_time: 13168.613050222397
FedDocs Algo: Group 5 is selected
| current_epoch 349 |. Begin client select
SchedulerThread schedule Group [ 5 ], select( 14 clients):
4 | 7 | 9 | 11 | 15 | 37 | 40 | 53 | 74 | 77 | 81 | 83 | 90 | 96 |
-----------------------------------------------------------------Schedule complete
Client 7 trained
Client 7 uploaded
Client 11 trained
Client 11 uploaded
Client 9 trained
Client 9 uploaded
Client 90 trained
Client 90 uploaded
Client 77 trained
Client 77 uploaded
Client 74 trained
Client 74 uploaded
Client 53 trained
Client 53 uploaded
Client 81 trained
Client 81 uploaded
Client 40 trained
Client 40 uploaded
Client 37 trained
Client 37 uploaded
Client 4 trained
Client 4 uploaded
Client 83 trained
Client 83 uploaded
Client 96 trained
Client 96 uploaded
Client 15 trained
Client 15 uploaded
Epoch(t): 349 accuracy: 71.06 loss 1.1406948888301849 run_time: 13209.616590738297
FedDocs Algo: Group 5 is selected
| current_epoch 350 |. Begin client select
SchedulerThread schedule Group [ 5 ], select( 14 clients):
4 | 7 | 9 | 11 | 15 | 37 | 40 | 53 | 74 | 77 | 81 | 83 | 90 | 96 |
-----------------------------------------------------------------Schedule complete
Client 7 trained
Client 7 uploaded
Client 11 trained
Client 11 uploaded
Client 9 trained
Client 9 uploaded
Client 90 trained
Client 90 uploaded
Client 74 trained
Client 74 uploaded
Client 77 trained
Client 77 uploaded
Client 53 trained
Client 53 uploaded
Client 81 trained
Client 81 uploaded
Client 37 trained
Client 37 uploaded
Client 40 trained
Client 40 uploaded
Client 83 trained
Client 83 uploaded
Client 4 trained
Client 4 uploaded
Client 96 trained
Client 96 uploaded
Client 15 trained
Client 15 uploaded
Epoch(t): 350 accuracy: 71.29 loss 1.1575602579116822 run_time: 13250.959518671036
FedDocs Algo: Group 5 is selected
| current_epoch 351 |. Begin client select
SchedulerThread schedule Group [ 5 ], select( 14 clients):
4 | 7 | 9 | 11 | 15 | 37 | 40 | 53 | 74 | 77 | 81 | 83 | 90 | 96 |
-----------------------------------------------------------------Schedule complete
Client 7 trained
Client 7 uploaded
Client 11 trained
Client 11 uploaded
Client 9 trained
Client 9 uploaded
Client 90 trained
Client 90 uploaded
Client 74 trained
Client 74 uploaded
Client 77 trained
Client 77 uploaded
Client 53 trained
Client 53 uploaded
Client 81 trained
Client 81 uploaded
Client 40 trained
Client 40 uploaded
Client 37 trained
Client 37 uploaded
Client 96 trained
Client 96 uploaded
Client 4 trained
Client 4 uploaded
Client 83 trained
Client 83 uploaded
Client 15 trained
Client 15 uploaded
Epoch(t): 351 accuracy: 71.45 loss 1.1712936413288118 run_time: 13292.00468158722
FedDocs Algo: Group 5 is selected
| current_epoch 352 |. Begin client select
SchedulerThread schedule Group [ 5 ], select( 14 clients):
4 | 7 | 9 | 11 | 15 | 37 | 40 | 53 | 74 | 77 | 81 | 83 | 90 | 96 |
-----------------------------------------------------------------Schedule complete
Client 11 trained
Client 11 uploaded
Client 7 trained
Client 7 uploaded
Client 9 trained
Client 9 uploaded
Client 90 trained
Client 90 uploaded
Client 74 trained
Client 74 uploaded
Client 77 trained
Client 77 uploaded
Client 53 trained
Client 53 uploaded
Client 81 trained
Client 81 uploaded
Client 37 trained
Client 37 uploaded
Client 40 trained
Client 40 uploaded
Client 4 trained
Client 4 uploaded
Client 83 trained
Client 83 uploaded
Client 96 trained
Client 96 uploaded
Client 15 trained
Client 15 uploaded
Epoch(t): 352 accuracy: 70.77 loss 1.1894218355417252 run_time: 13332.626286506653
FedDocs Algo: Group 5 is selected
| current_epoch 353 |. Begin client select
SchedulerThread schedule Group [ 5 ], select( 14 clients):
4 | 7 | 9 | 11 | 15 | 37 | 40 | 53 | 74 | 77 | 81 | 83 | 90 | 96 |
-----------------------------------------------------------------Schedule complete
Client 7 trained
Client 7 uploaded
Client 11 trained
Client 11 uploaded
Client 9 trained
Client 9 uploaded
Client 90 trained
Client 90 uploaded
Client 77 trained
Client 77 uploaded
Client 74 trained
Client 74 uploaded
Client 53 trained
Client 53 uploaded
Client 81 trained
Client 81 uploaded
Client 37 trained
Client 37 uploaded
Client 40 trained
Client 40 uploaded
Client 96 trained
Client 96 uploaded
Client 4 trained
Client 4 uploaded
Client 83 trained
Client 83 uploaded
Client 15 trained
Client 15 uploaded
Epoch(t): 353 accuracy: 71.4 loss 1.1622894203662872 run_time: 13373.135905981064
FedDocs Algo: Group 5 is selected
| current_epoch 354 |. Begin client select
SchedulerThread schedule Group [ 5 ], select( 14 clients):
4 | 7 | 9 | 11 | 15 | 37 | 40 | 53 | 74 | 77 | 81 | 83 | 90 | 96 |
-----------------------------------------------------------------Schedule complete
Client 7 trained
Client 7 uploaded
Client 11 trained
Client 11 uploaded
Client 9 trained
Client 9 uploaded
Client 90 trained
Client 90 uploaded
Client 77 trained
Client 77 uploaded
Client 74 trained
Client 74 uploaded
Client 53 trained
Client 53 uploaded
Client 81 trained
Client 81 uploaded
Client 37 trained
Client 37 uploaded
Client 40 trained
Client 40 uploaded
Client 83 trained
Client 83 uploaded
Client 4 trained
Client 4 uploaded
Client 96 trained
Client 96 uploaded
Client 15 trained
Client 15 uploaded
Epoch(t): 354 accuracy: 71.1 loss 1.1815105003118516 run_time: 13413.564656972885
FedDocs Algo: Group 5 is selected
| current_epoch 355 |. Begin client select
SchedulerThread schedule Group [ 5 ], select( 14 clients):
4 | 7 | 9 | 11 | 15 | 37 | 40 | 53 | 74 | 77 | 81 | 83 | 90 | 96 |
-----------------------------------------------------------------Schedule complete
Client 7 trained
Client 7 uploaded
Client 11 trained
Client 11 uploaded
Client 9 trained
Client 9 uploaded
Client 90 trained
Client 90 uploaded
Client 77 trained
Client 77 uploaded
Client 74 trained
Client 74 uploaded
Client 53 trained
Client 53 uploaded
Client 81 trained
Client 81 uploaded
Client 40 trained
Client 40 uploaded
Client 37 trained
Client 37 uploaded
Client 4 trained
Client 4 uploaded
Client 83 trained
Client 83 uploaded
Client 96 trained
Client 96 uploaded
Client 15 trained
Client 15 uploaded
Epoch(t): 355 accuracy: 71.26 loss 1.1783860713243484 run_time: 13453.883788108826
FedDocs Algo: Group 5 is selected
| current_epoch 356 |. Begin client select
SchedulerThread schedule Group [ 5 ], select( 14 clients):
4 | 7 | 9 | 11 | 15 | 37 | 40 | 53 | 74 | 77 | 81 | 83 | 90 | 96 |
-----------------------------------------------------------------Schedule complete
Client 7 trained
Client 7 uploaded
Client 11 trained
Client 11 uploaded
Client 9 trained
Client 9 uploaded
Client 90 trained
Client 90 uploaded
Client 74 trained
Client 74 uploaded
Client 77 trained
Client 77 uploaded
Client 53 trained
Client 53 uploaded
Client 81 trained
Client 81 uploaded
Client 40 trained
Client 40 uploaded
Client 37 trained
Client 37 uploaded
Client 96 trained
Client 96 uploaded
Client 83 trained
Client 83 uploaded
Client 4 trained
Client 4 uploaded
Client 15 trained
Client 15 uploaded
Epoch(t): 356 accuracy: 70.98 loss 1.1921678537130356 run_time: 13494.613222360611
FedDocs Algo: Group 5 is selected
| current_epoch 357 |. Begin client select
SchedulerThread schedule Group [ 5 ], select( 14 clients):
4 | 7 | 9 | 11 | 15 | 37 | 40 | 53 | 74 | 77 | 81 | 83 | 90 | 96 |
-----------------------------------------------------------------Schedule complete
Client 7 trained
Client 7 uploaded
Client 11 trained
Client 11 uploaded
Client 9 trained
Client 9 uploaded
Client 90 trained
Client 90 uploaded
Client 74 trained
Client 74 uploaded
Client 77 trained
Client 77 uploaded
Client 53 trained
Client 53 uploaded
Client 81 trained
Client 81 uploaded
Client 40 trained
Client 40 uploaded
Client 37 trained
Client 37 uploaded
Client 96 trained
Client 96 uploaded
Client 83 trained
Client 83 uploaded
Client 4 trained
Client 4 uploaded
Client 15 trained
Client 15 uploaded
Epoch(t): 357 accuracy: 70.58 loss 1.2052449065446853 run_time: 13534.520004034042
FedDocs Algo: Group 5 is selected
| current_epoch 358 |. Begin client select
SchedulerThread schedule Group [ 5 ], select( 14 clients):
4 | 7 | 9 | 11 | 15 | 37 | 40 | 53 | 74 | 77 | 81 | 83 | 90 | 96 |
-----------------------------------------------------------------Schedule complete
Client 11 trained
Client 11 uploaded
Client 7 trained
Client 7 uploaded
Client 9 trained
Client 9 uploaded
Client 90 trained
Client 90 uploaded
Client 77 trained
Client 77 uploaded
Client 74 trained
Client 74 uploaded
Client 53 trained
Client 53 uploaded
Client 81 trained
Client 81 uploaded
Client 37 trained
Client 37 uploaded
Client 40 trained
Client 40 uploaded
Client 96 trained
Client 96 uploaded
Client 83 trained
Client 83 uploaded
Client 4 trained
Client 4 uploaded
Client 15 trained
Client 15 uploaded
Epoch(t): 358 accuracy: 70.97 loss 1.2014861965179444 run_time: 13575.183234214783
FedDocs Algo: Group 2 is selected
| current_epoch 359 |. Begin client select
SchedulerThread schedule Group [ 2 ], select( 15 clients):
8 | 16 | 18 | 19 | 21 | 27 | 34 | 42 | 51 | 55 | 58 | 64 | 75 | 76 | 93 |
-----------------------------------------------------------------Schedule complete
Client 18 trained
Client 18 uploaded
Client 16 trained
Client 16 uploaded
Client 51 trained
Client 51 uploaded
Client 27 trained
Client 27 uploaded
Client 21 trained
Client 21 uploaded
Client 55 trained
Client 55 uploaded
Client 19 trained
Client 19 uploaded
Client 64 trained
Client 64 uploaded
Client 75 trained
Client 75 uploaded
Client 42 trained
Client 42 uploaded
Client 34 trained
Client 34 uploaded
Client 8 trained
Client 8 uploaded
Client 58 trained
Client 58 uploaded
Client 76 trained
Client 76 uploaded
Client 93 trained
Client 93 uploaded
Epoch(t): 359 accuracy: 72.6 loss 0.9207480451464654 run_time: 13614.902606725693
FedDocs Algo: Group 5 is selected
| current_epoch 360 |. Begin client select
SchedulerThread schedule Group [ 5 ], select( 14 clients):
4 | 7 | 9 | 11 | 15 | 37 | 40 | 53 | 74 | 77 | 81 | 83 | 90 | 96 |
-----------------------------------------------------------------Schedule complete
Client 11 trained
Client 11 uploaded
Client 7 trained
Client 7 uploaded
Client 9 trained
Client 9 uploaded
Client 90 trained
Client 90 uploaded
Client 77 trained
Client 77 uploaded
Client 74 trained
Client 74 uploaded
Client 53 trained
Client 53 uploaded
Client 81 trained
Client 81 uploaded
Client 37 trained
Client 37 uploaded
Client 40 trained
Client 40 uploaded
Client 83 trained
Client 83 uploaded
Client 96 trained
Client 96 uploaded
Client 4 trained
Client 4 uploaded
Client 15 trained
Client 15 uploaded
Epoch(t): 360 accuracy: 72.25 loss 1.0379030340909958 run_time: 13654.902829647064
FedDocs Algo: Group 5 is selected
| current_epoch 361 |. Begin client select
SchedulerThread schedule Group [ 5 ], select( 14 clients):
4 | 7 | 9 | 11 | 15 | 37 | 40 | 53 | 74 | 77 | 81 | 83 | 90 | 96 |
-----------------------------------------------------------------Schedule complete
Client 7 trained
Client 7 uploaded
Client 11 trained
Client 11 uploaded
Client 9 trained
Client 9 uploaded
Client 90 trained
Client 90 uploaded
Client 74 trained
Client 74 uploaded
Client 77 trained
Client 77 uploaded
Client 53 trained
Client 53 uploaded
Client 81 trained
Client 81 uploaded
Client 37 trained
Client 37 uploaded
Client 40 trained
Client 40 uploaded
Client 4 trained
Client 4 uploaded
Client 83 trained
Client 83 uploaded
Client 96 trained
Client 96 uploaded
Client 15 trained
Client 15 uploaded
Epoch(t): 361 accuracy: 71.61 loss 1.1062256628274918 run_time: 13696.429806232452
FedDocs Algo: Group 6 is selected
| current_epoch 362 |. Begin client select
SchedulerThread schedule Group [ 6 ], select( 13 clients):
0 | 6 | 14 | 25 | 30 | 39 | 57 | 65 | 71 | 73 | 79 | 82 | 88 |
-----------------------------------------------------------------Schedule complete
Client 39 trained
Client 39 uploaded
Client 57 trained
Client 57 uploaded
Client 30 trained
Client 30 uploaded
Client 88 trained
Client 88 uploaded
Client 79 trained
Client 79 uploaded
Client 71 trained
Client 71 uploaded
Client 14 trained
Client 14 uploaded
Client 82 trained
Client 82 uploaded
Client 0 trained
Client 0 uploaded
Client 65 trained
Client 65 uploaded
Client 73 trained
Client 73 uploaded
Client 6 trained
Client 6 uploaded
Client 25 trained
Client 25 uploaded
Epoch(t): 362 accuracy: 72.73 loss 0.9111694937944412 run_time: 13726.40785074234
FedDocs Algo: Group 5 is selected
| current_epoch 363 |. Begin client select
SchedulerThread schedule Group [ 5 ], select( 14 clients):
4 | 7 | 9 | 11 | 15 | 37 | 40 | 53 | 74 | 77 | 81 | 83 | 90 | 96 |
-----------------------------------------------------------------Schedule complete
Client 7 trained
Client 7 uploaded
Client 11 trained
Client 11 uploaded
Client 90 trained
Client 90 uploaded
Client 9 trained
Client 9 uploaded
Client 74 trained
Client 74 uploaded
Client 77 trained
Client 77 uploaded
Client 53 trained
Client 53 uploaded
Client 81 trained
Client 81 uploaded
Client 37 trained
Client 37 uploaded
Client 40 trained
Client 40 uploaded
Client 96 trained
Client 96 uploaded
Client 4 trained
Client 4 uploaded
Client 83 trained
Client 83 uploaded
Client 15 trained
Client 15 uploaded
Epoch(t): 363 accuracy: 72.13 loss 1.0132691657543182 run_time: 13766.254286766052
FedDocs Algo: Group 5 is selected
| current_epoch 364 |. Begin client select
SchedulerThread schedule Group [ 5 ], select( 14 clients):
4 | 7 | 9 | 11 | 15 | 37 | 40 | 53 | 74 | 77 | 81 | 83 | 90 | 96 |
-----------------------------------------------------------------Schedule complete
Client 7 trained
Client 7 uploaded
Client 11 trained
Client 11 uploaded
Client 9 trained
Client 9 uploaded
Client 90 trained
Client 90 uploaded
Client 74 trained
Client 74 uploaded
Client 77 trained
Client 77 uploaded
Client 53 trained
Client 53 uploaded
Client 81 trained
Client 81 uploaded
Client 40 trained
Client 40 uploaded
Client 37 trained
Client 37 uploaded
Client 83 trained
Client 83 uploaded
Client 4 trained
Client 4 uploaded
Client 96 trained
Client 96 uploaded
Client 15 trained
Client 15 uploaded
Epoch(t): 364 accuracy: 71.46 loss 1.0920257103443145 run_time: 13805.964086294174
FedDocs Algo: Group 0 is selected
| current_epoch 365 |. Begin client select
SchedulerThread schedule Group [ 0 ], select( 13 clients):
2 | 3 | 29 | 47 | 52 | 54 | 56 | 66 | 67 | 68 | 70 | 84 | 86 |
-----------------------------------------------------------------Schedule complete
Client 86 trained
Client 86 uploaded
Client 47 trained
Client 47 uploaded
Client 29 trained
Client 29 uploaded
Client 52 trained
Client 52 uploaded
Client 54 trained
Client 54 uploaded
Client 2 trained
Client 2 uploaded
Client 70 trained
Client 70 uploaded
Client 3 trained
Client 3 uploaded
Client 56 trained
Client 56 uploaded
Client 68 trained
Client 68 uploaded
Client 66 trained
Client 66 uploaded
Client 67 trained
Client 67 uploaded
Client 84 trained
Client 84 uploaded
Epoch(t): 365 accuracy: 72.43 loss 0.9398058253526688 run_time: 13839.163357257843
FedDocs Algo: Group 5 is selected
| current_epoch 366 |. Begin client select
SchedulerThread schedule Group [ 5 ], select( 14 clients):
4 | 7 | 9 | 11 | 15 | 37 | 40 | 53 | 74 | 77 | 81 | 83 | 90 | 96 |
-----------------------------------------------------------------Schedule complete
Client 7 trained
Client 7 uploaded
Client 11 trained
Client 11 uploaded
Client 9 trained
Client 9 uploaded
Client 90 trained
Client 90 uploaded
Client 77 trained
Client 77 uploaded
Client 74 trained
Client 74 uploaded
Client 53 trained
Client 53 uploaded
Client 81 trained
Client 81 uploaded
Client 40 trained
Client 40 uploaded
Client 37 trained
Client 37 uploaded
Client 83 trained
Client 83 uploaded
Client 96 trained
Client 96 uploaded
Client 15 trained
Client 15 uploaded
Client 4 trained
Client 4 uploaded
Epoch(t): 366 accuracy: 72.12 loss 1.0219280117750167 run_time: 13879.490375757217
FedDocs Algo: Group 2 is selected
| current_epoch 367 |. Begin client select
SchedulerThread schedule Group [ 2 ], select( 15 clients):
8 | 16 | 18 | 19 | 21 | 27 | 34 | 42 | 51 | 55 | 58 | 64 | 75 | 76 | 93 |
-----------------------------------------------------------------Schedule complete
Client 18 trained
Client 18 uploaded
Client 16 trained
Client 16 uploaded
Client 51 trained
Client 51 uploaded
Client 27 trained
Client 27 uploaded
Client 21 trained
Client 21 uploaded
Client 19 trained
Client 19 uploaded
Client 55 trained
Client 55 uploaded
Client 75 trained
Client 75 uploaded
Client 64 trained
Client 64 uploaded
Client 42 trained
Client 42 uploaded
Client 34 trained
Client 34 uploaded
Client 8 trained
Client 8 uploaded
Client 58 trained
Client 58 uploaded
Client 76 trained
Client 76 uploaded
Client 93 trained
Client 93 uploaded
Epoch(t): 367 accuracy: 73.19 loss 0.915934506058693 run_time: 13919.680346488953
FedDocs Algo: Group 4 is selected
| current_epoch 368 |. Begin client select
SchedulerThread schedule Group [ 4 ], select( 15 clients):
12 | 13 | 17 | 32 | 41 | 49 | 60 | 63 | 78 | 80 | 85 | 92 | 97 | 98 | 99 |
-----------------------------------------------------------------Schedule complete
Client 49 trained
Client 49 uploaded
Client 78 trained
Client 78 uploaded
Client 12 trained
Client 12 uploaded
Client 17 trained
Client 17 uploaded
Client 92 trained
Client 92 uploaded
Client 99 trained
Client 99 uploaded
Client 13 trained
Client 13 uploaded
Client 41 trained
Client 41 uploaded
Client 98 trained
Client 98 uploaded
Client 97 trained
Client 97 uploaded
Client 63 trained
Client 63 uploaded
Client 85 trained
Client 85 uploaded
Client 60 trained
Client 60 uploaded
Client 32 trained
Client 32 uploaded
Client 80 trained
Client 80 uploaded
Epoch(t): 368 accuracy: 72.78 loss 0.9179264116287231 run_time: 13952.432822942734
FedDocs Algo: Group 1 is selected
| current_epoch 369 |. Begin client select
SchedulerThread schedule Group [ 1 ], select( 15 clients):
5 | 20 | 22 | 26 | 31 | 33 | 35 | 36 | 44 | 46 | 61 | 72 | 89 | 91 | 95 |
-----------------------------------------------------------------Schedule complete
Client 95 trained
Client 95 uploaded
Client 5 trained
Client 5 uploaded
Client 91 trained
Client 91 uploaded
Client 61 trained
Client 61 uploaded
Client 44 trained
Client 44 uploaded
Client 22 trained
Client 22 uploaded
Client 20 trained
Client 20 uploaded
Client 31 trained
Client 31 uploaded
Client 33 trained
Client 33 uploaded
Client 72 trained
Client 72 uploaded
Client 26 trained
Client 26 uploaded
Client 36 trained
Client 36 uploaded
Client 89 trained
Client 89 uploaded
Client 35 trained
Client 35 uploaded
Client 46 trained
Client 46 uploaded
Epoch(t): 369 accuracy: 73.39 loss 0.9108222872018814 run_time: 13995.910024881363
FedDocs Algo: Group 5 is selected
| current_epoch 370 |. Begin client select
SchedulerThread schedule Group [ 5 ], select( 14 clients):
4 | 7 | 9 | 11 | 15 | 37 | 40 | 53 | 74 | 77 | 81 | 83 | 90 | 96 |
-----------------------------------------------------------------Schedule complete
Client 7 trained
Client 7 uploaded
Client 11 trained
Client 11 uploaded
Client 9 trained
Client 9 uploaded
Client 90 trained
Client 90 uploaded
Client 74 trained
Client 74 uploaded
Client 77 trained
Client 77 uploaded
Client 53 trained
Client 53 uploaded
Client 81 trained
Client 81 uploaded
Client 37 trained
Client 37 uploaded
Client 40 trained
Client 40 uploaded
Client 83 trained
Client 83 uploaded
Client 96 trained
Client 96 uploaded
Client 4 trained
Client 4 uploaded
Client 15 trained
Client 15 uploaded
Epoch(t): 370 accuracy: 72.41 loss 1.0133369475603105 run_time: 14034.791868686676
FedDocs Algo: Group 1 is selected
| current_epoch 371 |. Begin client select
SchedulerThread schedule Group [ 1 ], select( 15 clients):
5 | 20 | 22 | 26 | 31 | 33 | 35 | 36 | 44 | 46 | 61 | 72 | 89 | 91 | 95 |
-----------------------------------------------------------------Schedule complete
Client 95 trained
Client 95 uploaded
Client 5 trained
Client 5 uploaded
Client 91 trained
Client 91 uploaded
Client 61 trained
Client 61 uploaded
Client 44 trained
Client 44 uploaded
Client 20 trained
Client 20 uploaded
Client 22 trained
Client 22 uploaded
Client 31 trained
Client 31 uploaded
Client 33 trained
Client 33 uploaded
Client 72 trained
Client 72 uploaded
Client 36 trained
Client 36 uploaded
Client 26 trained
Client 26 uploaded
Client 89 trained
Client 89 uploaded
Client 46 trained
Client 46 uploaded
Client 35 trained
Client 35 uploaded
Epoch(t): 371 accuracy: 72.86 loss 0.9315293800830841 run_time: 14077.502602100372
FedDocs Algo: Group 3 is selected
| current_epoch 372 |. Begin client select
SchedulerThread schedule Group [ 3 ], select( 15 clients):
1 | 10 | 23 | 24 | 28 | 38 | 43 | 45 | 48 | 50 | 59 | 62 | 69 | 87 | 94 |
-----------------------------------------------------------------Schedule complete
Client 59 trained
Client 59 uploaded
Client 28 trained
Client 28 uploaded
Client 94 trained
Client 94 uploaded
Client 87 trained
Client 87 uploaded
Client 23 trained
Client 23 uploaded
Client 48 trained
Client 48 uploaded
Client 38 trained
Client 38 uploaded
Client 10 trained
Client 10 uploaded
Client 50 trained
Client 50 uploaded
Client 24 trained
Client 24 uploaded
Client 69 trained
Client 69 uploaded
Client 45 trained
Client 45 uploaded
Client 1 trained
Client 1 uploaded
Client 62 trained
Client 62 uploaded
Client 43 trained
Client 43 uploaded
Epoch(t): 372 accuracy: 73.11 loss 0.8832079935073852 run_time: 14118.64949131012
FedDocs Algo: Group 3 is selected
| current_epoch 373 |. Begin client select
SchedulerThread schedule Group [ 3 ], select( 15 clients):
1 | 10 | 23 | 24 | 28 | 38 | 43 | 45 | 48 | 50 | 59 | 62 | 69 | 87 | 94 |
-----------------------------------------------------------------Schedule complete
Client 59 trained
Client 59 uploaded
Client 28 trained
Client 28 uploaded
Client 94 trained
Client 94 uploaded
Client 87 trained
Client 87 uploaded
Client 23 trained
Client 23 uploaded
Client 48 trained
Client 48 uploaded
Client 10 trained
Client 10 uploaded
Client 38 trained
Client 38 uploaded
Client 24 trained
Client 24 uploaded
Client 50 trained
Client 50 uploaded
Client 69 trained
Client 69 uploaded
Client 45 trained
Client 45 uploaded
Client 1 trained
Client 1 uploaded
Client 62 trained
Client 62 uploaded
Client 43 trained
Client 43 uploaded
Epoch(t): 373 accuracy: 73.13 loss 0.8908341431617737 run_time: 14158.315825223923
FedDocs Algo: Group 1 is selected
| current_epoch 374 |. Begin client select
SchedulerThread schedule Group [ 1 ], select( 15 clients):
5 | 20 | 22 | 26 | 31 | 33 | 35 | 36 | 44 | 46 | 61 | 72 | 89 | 91 | 95 |
-----------------------------------------------------------------Schedule complete
Client 95 trained
Client 95 uploaded
Client 5 trained
Client 5 uploaded
Client 61 trained
Client 61 uploaded
Client 91 trained
Client 91 uploaded
Client 44 trained
Client 44 uploaded
Client 22 trained
Client 22 uploaded
Client 20 trained
Client 20 uploaded
Client 31 trained
Client 31 uploaded
Client 33 trained
Client 33 uploaded
Client 72 trained
Client 72 uploaded
Client 26 trained
Client 26 uploaded
Client 36 trained
Client 36 uploaded
Client 89 trained
Client 89 uploaded
Client 46 trained
Client 46 uploaded
Client 35 trained
Client 35 uploaded
Epoch(t): 374 accuracy: 73.28 loss 0.9155423104763031 run_time: 14200.295248031616
FedDocs Algo: Group 5 is selected
| current_epoch 375 |. Begin client select
SchedulerThread schedule Group [ 5 ], select( 14 clients):
4 | 7 | 9 | 11 | 15 | 37 | 40 | 53 | 74 | 77 | 81 | 83 | 90 | 96 |
-----------------------------------------------------------------Schedule complete
Client 7 trained
Client 7 uploaded
Client 11 trained
Client 11 uploaded
Client 9 trained
Client 9 uploaded
Client 90 trained
Client 90 uploaded
Client 77 trained
Client 77 uploaded
Client 74 trained
Client 74 uploaded
Client 53 trained
Client 53 uploaded
Client 81 trained
Client 81 uploaded
Client 40 trained
Client 40 uploaded
Client 37 trained
Client 37 uploaded
Client 83 trained
Client 83 uploaded
Client 96 trained
Client 96 uploaded
Client 4 trained
Client 4 uploaded
Client 15 trained
Client 15 uploaded
Epoch(t): 375 accuracy: 72.57 loss 1.0161487591266631 run_time: 14240.432214260101
FedDocs Algo: Group 6 is selected
| current_epoch 376 |. Begin client select
SchedulerThread schedule Group [ 6 ], select( 13 clients):
0 | 6 | 14 | 25 | 30 | 39 | 57 | 65 | 71 | 73 | 79 | 82 | 88 |
-----------------------------------------------------------------Schedule complete
Client 39 trained
Client 39 uploaded
Client 57 trained
Client 57 uploaded
Client 30 trained
Client 30 uploaded
Client 88 trained
Client 88 uploaded
Client 79 trained
Client 79 uploaded
Client 71 trained
Client 71 uploaded
Client 14 trained
Client 14 uploaded
Client 82 trained
Client 82 uploaded
Client 0 trained
Client 0 uploaded
Client 65 trained
Client 65 uploaded
Client 6 trained
Client 6 uploaded
Client 73 trained
Client 73 uploaded
Client 25 trained
Client 25 uploaded
Epoch(t): 376 accuracy: 73.21 loss 0.9061737006902695 run_time: 14271.046971559525
FedDocs Algo: Group 5 is selected
| current_epoch 377 |. Begin client select
SchedulerThread schedule Group [ 5 ], select( 14 clients):
4 | 7 | 9 | 11 | 15 | 37 | 40 | 53 | 74 | 77 | 81 | 83 | 90 | 96 |
-----------------------------------------------------------------Schedule complete
Client 7 trained
Client 7 uploaded
Client 11 trained
Client 11 uploaded
Client 9 trained
Client 9 uploaded
Client 90 trained
Client 90 uploaded
Client 74 trained
Client 74 uploaded
Client 77 trained
Client 77 uploaded
Client 53 trained
Client 53 uploaded
Client 81 trained
Client 81 uploaded
Client 40 trained
Client 40 uploaded
Client 37 trained
Client 37 uploaded
Client 83 trained
Client 83 uploaded
Client 4 trained
Client 4 uploaded
Client 96 trained
Client 96 uploaded
Client 15 trained
Client 15 uploaded
Epoch(t): 377 accuracy: 72.47 loss 0.9946630889177323 run_time: 14311.08151936531
FedDocs Algo: Group 5 is selected
| current_epoch 378 |. Begin client select
SchedulerThread schedule Group [ 5 ], select( 14 clients):
4 | 7 | 9 | 11 | 15 | 37 | 40 | 53 | 74 | 77 | 81 | 83 | 90 | 96 |
-----------------------------------------------------------------Schedule complete
Client 11 trained
Client 11 uploaded
Client 7 trained
Client 7 uploaded
Client 90 trained
Client 90 uploaded
Client 9 trained
Client 9 uploaded
Client 77 trained
Client 77 uploaded
Client 74 trained
Client 74 uploaded
Client 53 trained
Client 53 uploaded
Client 81 trained
Client 81 uploaded
Client 37 trained
Client 37 uploaded
Client 40 trained
Client 40 uploaded
Client 96 trained
Client 96 uploaded
Client 83 trained
Client 83 uploaded
Client 15 trained
Client 15 uploaded
Client 4 trained
Client 4 uploaded
Epoch(t): 378 accuracy: 72.41 loss 1.0719985300302506 run_time: 14350.237278699875
FedDocs Algo: Group 5 is selected
| current_epoch 379 |. Begin client select
SchedulerThread schedule Group [ 5 ], select( 14 clients):
4 | 7 | 9 | 11 | 15 | 37 | 40 | 53 | 74 | 77 | 81 | 83 | 90 | 96 |
-----------------------------------------------------------------Schedule complete
Client 7 trained
Client 7 uploaded
Client 11 trained
Client 11 uploaded
Client 9 trained
Client 9 uploaded
Client 90 trained
Client 90 uploaded
Client 77 trained
Client 77 uploaded
Client 74 trained
Client 74 uploaded
Client 53 trained
Client 53 uploaded
Client 81 trained
Client 81 uploaded
Client 40 trained
Client 40 uploaded
Client 37 trained
Client 37 uploaded
Client 4 trained
Client 4 uploaded
Client 83 trained
Client 83 uploaded
Client 96 trained
Client 96 uploaded
Client 15 trained
Client 15 uploaded
Epoch(t): 379 accuracy: 71.94 loss 1.0932061725854874 run_time: 14390.560854434967
FedDocs Algo: Group 5 is selected
| current_epoch 380 |. Begin client select
SchedulerThread schedule Group [ 5 ], select( 14 clients):
4 | 7 | 9 | 11 | 15 | 37 | 40 | 53 | 74 | 77 | 81 | 83 | 90 | 96 |
-----------------------------------------------------------------Schedule complete
Client 7 trained
Client 7 uploaded
Client 11 trained
Client 11 uploaded
Client 9 trained
Client 9 uploaded
Client 90 trained
Client 90 uploaded
Client 77 trained
Client 77 uploaded
Client 74 trained
Client 74 uploaded
Client 53 trained
Client 53 uploaded
Client 81 trained
Client 81 uploaded
Client 40 trained
Client 40 uploaded
Client 37 trained
Client 37 uploaded
Client 4 trained
Client 4 uploaded
Client 83 trained
Client 83 uploaded
Client 96 trained
Client 96 uploaded
Client 15 trained
Client 15 uploaded
Epoch(t): 380 accuracy: 71.43 loss 1.1254072326421738 run_time: 14431.00630903244
FedDocs Algo: Group 0 is selected
| current_epoch 381 |. Begin client select
SchedulerThread schedule Group [ 0 ], select( 13 clients):
2 | 3 | 29 | 47 | 52 | 54 | 56 | 66 | 67 | 68 | 70 | 84 | 86 |
-----------------------------------------------------------------Schedule complete
Client 47 trained
Client 47 uploaded
Client 86 trained
Client 86 uploaded
Client 29 trained
Client 29 uploaded
Client 52 trained
Client 52 uploaded
Client 54 trained
Client 54 uploaded
Client 2 trained
Client 2 uploaded
Client 70 trained
Client 70 uploaded
Client 3 trained
Client 3 uploaded
Client 56 trained
Client 56 uploaded
Client 68 trained
Client 68 uploaded
Client 66 trained
Client 66 uploaded
Client 84 trained
Client 84 uploaded
Client 67 trained
Client 67 uploaded
Epoch(t): 381 accuracy: 72.68 loss 0.9380433642864228 run_time: 14463.87306880951
FedDocs Algo: Group 5 is selected
| current_epoch 382 |. Begin client select
SchedulerThread schedule Group [ 5 ], select( 14 clients):
4 | 7 | 9 | 11 | 15 | 37 | 40 | 53 | 74 | 77 | 81 | 83 | 90 | 96 |
-----------------------------------------------------------------Schedule complete
Client 7 trained
Client 7 uploaded
Client 11 trained
Client 11 uploaded
Client 9 trained
Client 9 uploaded
Client 90 trained
Client 90 uploaded
Client 74 trained
Client 74 uploaded
Client 77 trained
Client 77 uploaded
Client 53 trained
Client 53 uploaded
Client 81 trained
Client 81 uploaded
Client 37 trained
Client 37 uploaded
Client 40 trained
Client 40 uploaded
Client 96 trained
Client 96 uploaded
Client 4 trained
Client 4 uploaded
Client 83 trained
Client 83 uploaded
Client 15 trained
Client 15 uploaded
Epoch(t): 382 accuracy: 71.99 loss 1.0299982261657714 run_time: 14503.321475505829
FedDocs Algo: Group 3 is selected
| current_epoch 383 |. Begin client select
SchedulerThread schedule Group [ 3 ], select( 15 clients):
1 | 10 | 23 | 24 | 28 | 38 | 43 | 45 | 48 | 50 | 59 | 62 | 69 | 87 | 94 |
-----------------------------------------------------------------Schedule complete
Client 59 trained
Client 59 uploaded
Client 28 trained
Client 28 uploaded
Client 94 trained
Client 94 uploaded
Client 87 trained
Client 87 uploaded
Client 23 trained
Client 23 uploaded
Client 48 trained
Client 48 uploaded
Client 38 trained
Client 38 uploaded
Client 10 trained
Client 10 uploaded
Client 50 trained
Client 50 uploaded
Client 24 trained
Client 24 uploaded
Client 69 trained
Client 69 uploaded
Client 45 trained
Client 45 uploaded
Client 1 trained
Client 1 uploaded
Client 62 trained
Client 62 uploaded
Client 43 trained
Client 43 uploaded
Epoch(t): 383 accuracy: 73.14 loss 0.9008746677637101 run_time: 14544.745765447617
FedDocs Algo: Group 5 is selected
| current_epoch 384 |. Begin client select
SchedulerThread schedule Group [ 5 ], select( 14 clients):
4 | 7 | 9 | 11 | 15 | 37 | 40 | 53 | 74 | 77 | 81 | 83 | 90 | 96 |
-----------------------------------------------------------------Schedule complete
Client 7 trained
Client 7 uploaded
Client 11 trained
Client 11 uploaded
Client 9 trained
Client 9 uploaded
Client 90 trained
Client 90 uploaded
Client 77 trained
Client 77 uploaded
Client 74 trained
Client 74 uploaded
Client 53 trained
Client 53 uploaded
Client 81 trained
Client 81 uploaded
Client 40 trained
Client 40 uploaded
Client 37 trained
Client 37 uploaded
Client 96 trained
Client 96 uploaded
Client 4 trained
Client 4 uploaded
Client 83 trained
Client 83 uploaded
Client 15 trained
Client 15 uploaded
Epoch(t): 384 accuracy: 72.43 loss 1.00893377661705 run_time: 14584.90708732605
FedDocs Algo: Group 5 is selected
| current_epoch 385 |. Begin client select
SchedulerThread schedule Group [ 5 ], select( 14 clients):
4 | 7 | 9 | 11 | 15 | 37 | 40 | 53 | 74 | 77 | 81 | 83 | 90 | 96 |
-----------------------------------------------------------------Schedule complete
Client 7 trained
Client 7 uploaded
Client 11 trained
Client 11 uploaded
Client 9 trained
Client 9 uploaded
Client 90 trained
Client 90 uploaded
Client 74 trained
Client 74 uploaded
Client 77 trained
Client 77 uploaded
Client 53 trained
Client 53 uploaded
Client 81 trained
Client 81 uploaded
Client 37 trained
Client 37 uploaded
Client 40 trained
Client 40 uploaded
Client 4 trained
Client 4 uploaded
Client 96 trained
Client 96 uploaded
Client 83 trained
Client 83 uploaded
Client 15 trained
Client 15 uploaded
Epoch(t): 385 accuracy: 72.24 loss 1.0576240468025206 run_time: 14625.611460924149
FedDocs Algo: Group 5 is selected
| current_epoch 386 |. Begin client select
SchedulerThread schedule Group [ 5 ], select( 14 clients):
4 | 7 | 9 | 11 | 15 | 37 | 40 | 53 | 74 | 77 | 81 | 83 | 90 | 96 |
-----------------------------------------------------------------Schedule complete
Client 7 trained
Client 7 uploaded
Client 11 trained
Client 11 uploaded
Client 9 trained
Client 9 uploaded
Client 90 trained
Client 90 uploaded
Client 77 trained
Client 77 uploaded
Client 74 trained
Client 74 uploaded
Client 53 trained
Client 53 uploaded
Client 81 trained
Client 81 uploaded
Client 37 trained
Client 37 uploaded
Client 40 trained
Client 40 uploaded
Client 83 trained
Client 83 uploaded
Client 96 trained
Client 96 uploaded
Client 4 trained
Client 4 uploaded
Client 15 trained
Client 15 uploaded
Epoch(t): 386 accuracy: 71.54 loss 1.1139482057094574 run_time: 14665.816363334656
FedDocs Algo: Group 5 is selected
| current_epoch 387 |. Begin client select
SchedulerThread schedule Group [ 5 ], select( 14 clients):
4 | 7 | 9 | 11 | 15 | 37 | 40 | 53 | 74 | 77 | 81 | 83 | 90 | 96 |
-----------------------------------------------------------------Schedule complete
Client 11 trained
Client 11 uploaded
Client 7 trained
Client 7 uploaded
Client 9 trained
Client 9 uploaded
Client 90 trained
Client 90 uploaded
Client 74 trained
Client 74 uploaded
Client 77 trained
Client 77 uploaded
Client 53 trained
Client 53 uploaded
Client 81 trained
Client 81 uploaded
Client 37 trained
Client 37 uploaded
Client 40 trained
Client 40 uploaded
Client 4 trained
Client 4 uploaded
Client 83 trained
Client 83 uploaded
Client 96 trained
Client 96 uploaded
Client 15 trained
Client 15 uploaded
Epoch(t): 387 accuracy: 71.77 loss 1.1175216388702394 run_time: 14705.651128053665
FedDocs Algo: Group 5 is selected
| current_epoch 388 |. Begin client select
SchedulerThread schedule Group [ 5 ], select( 14 clients):
4 | 7 | 9 | 11 | 15 | 37 | 40 | 53 | 74 | 77 | 81 | 83 | 90 | 96 |
-----------------------------------------------------------------Schedule complete
Client 11 trained
Client 11 uploaded
Client 7 trained
Client 7 uploaded
Client 9 trained
Client 9 uploaded
Client 90 trained
Client 90 uploaded
Client 77 trained
Client 77 uploaded
Client 74 trained
Client 74 uploaded
Client 53 trained
Client 53 uploaded
Client 81 trained
Client 81 uploaded
Client 37 trained
Client 37 uploaded
Client 40 trained
Client 40 uploaded
Client 96 trained
Client 96 uploaded
Client 4 trained
Client 4 uploaded
Client 83 trained
Client 83 uploaded
Client 15 trained
Client 15 uploaded
Epoch(t): 388 accuracy: 71.6 loss 1.1318119257688521 run_time: 14745.725865602493
FedDocs Algo: Group 5 is selected
| current_epoch 389 |. Begin client select
SchedulerThread schedule Group [ 5 ], select( 14 clients):
4 | 7 | 9 | 11 | 15 | 37 | 40 | 53 | 74 | 77 | 81 | 83 | 90 | 96 |
-----------------------------------------------------------------Schedule complete
Client 7 trained
Client 7 uploaded
Client 11 trained
Client 11 uploaded
Client 9 trained
Client 9 uploaded
Client 90 trained
Client 90 uploaded
Client 74 trained
Client 74 uploaded
Client 77 trained
Client 77 uploaded
Client 53 trained
Client 53 uploaded
Client 81 trained
Client 81 uploaded
Client 40 trained
Client 40 uploaded
Client 37 trained
Client 37 uploaded
Client 83 trained
Client 83 uploaded
Client 96 trained
Client 96 uploaded
Client 4 trained
Client 4 uploaded
Client 15 trained
Client 15 uploaded
Epoch(t): 389 accuracy: 71.34 loss 1.1537570917606355 run_time: 14785.61990571022
FedDocs Algo: Group 2 is selected
| current_epoch 390 |. Begin client select
SchedulerThread schedule Group [ 2 ], select( 15 clients):
8 | 16 | 18 | 19 | 21 | 27 | 34 | 42 | 51 | 55 | 58 | 64 | 75 | 76 | 93 |
-----------------------------------------------------------------Schedule complete
Client 18 trained
Client 18 uploaded
Client 51 trained
Client 51 uploaded
Client 16 trained
Client 16 uploaded
Client 21 trained
Client 21 uploaded
Client 27 trained
Client 27 uploaded
Client 55 trained
Client 55 uploaded
Client 19 trained
Client 19 uploaded
Client 75 trained
Client 75 uploaded
Client 64 trained
Client 64 uploaded
Client 42 trained
Client 42 uploaded
Client 8 trained
Client 8 uploaded
Client 34 trained
Client 34 uploaded
Client 58 trained
Client 58 uploaded
Client 76 trained
Client 76 uploaded
Client 93 trained
Client 93 uploaded
Epoch(t): 390 accuracy: 73.1 loss 0.9150257104635239 run_time: 14825.387059926987
FedDocs Algo: Group 0 is selected
| current_epoch 391 |. Begin client select
SchedulerThread schedule Group [ 0 ], select( 13 clients):
2 | 3 | 29 | 47 | 52 | 54 | 56 | 66 | 67 | 68 | 70 | 84 | 86 |
-----------------------------------------------------------------Schedule complete
Client 47 trained
Client 47 uploaded
Client 86 trained
Client 86 uploaded
Client 29 trained
Client 29 uploaded
Client 52 trained
Client 52 uploaded
Client 54 trained
Client 54 uploaded
Client 2 trained
Client 2 uploaded
Client 70 trained
Client 70 uploaded
Client 3 trained
Client 3 uploaded
Client 56 trained
Client 56 uploaded
Client 68 trained
Client 68 uploaded
Client 66 trained
Client 66 uploaded
Client 84 trained
Client 84 uploaded
Client 67 trained
Client 67 uploaded
Epoch(t): 391 accuracy: 73.31 loss 0.91774582862854 run_time: 14859.169687271118
FedDocs Algo: Group 5 is selected
| current_epoch 392 |. Begin client select
SchedulerThread schedule Group [ 5 ], select( 14 clients):
4 | 7 | 9 | 11 | 15 | 37 | 40 | 53 | 74 | 77 | 81 | 83 | 90 | 96 |
-----------------------------------------------------------------Schedule complete
Client 7 trained
Client 7 uploaded
Client 11 trained
Client 11 uploaded
Client 9 trained
Client 9 uploaded
Client 90 trained
Client 90 uploaded
Client 74 trained
Client 74 uploaded
Client 77 trained
Client 77 uploaded
Client 53 trained
Client 53 uploaded
Client 81 trained
Client 81 uploaded
Client 40 trained
Client 40 uploaded
Client 37 trained
Client 37 uploaded
Client 4 trained
Client 4 uploaded
Client 83 trained
Client 83 uploaded
Client 96 trained
Client 96 uploaded
Client 15 trained
Client 15 uploaded
Epoch(t): 392 accuracy: 72.4 loss 1.0182416754961015 run_time: 14897.41834449768
FedDocs Algo: Group 5 is selected
| current_epoch 393 |. Begin client select
SchedulerThread schedule Group [ 5 ], select( 14 clients):
4 | 7 | 9 | 11 | 15 | 37 | 40 | 53 | 74 | 77 | 81 | 83 | 90 | 96 |
-----------------------------------------------------------------Schedule complete
Client 7 trained
Client 7 uploaded
Client 11 trained
Client 11 uploaded
Client 9 trained
Client 9 uploaded
Client 90 trained
Client 90 uploaded
Client 74 trained
Client 74 uploaded
Client 77 trained
Client 77 uploaded
Client 53 trained
Client 53 uploaded
Client 81 trained
Client 81 uploaded
Client 37 trained
Client 37 uploaded
Client 40 trained
Client 40 uploaded
Client 4 trained
Client 4 uploaded
Client 96 trained
Client 96 uploaded
Client 83 trained
Client 83 uploaded
Client 15 trained
Client 15 uploaded
Epoch(t): 393 accuracy: 71.96 loss 1.0830663526058197 run_time: 14936.369151353836
FedDocs Algo: Group 1 is selected
| current_epoch 394 |. Begin client select
SchedulerThread schedule Group [ 1 ], select( 15 clients):
5 | 20 | 22 | 26 | 31 | 33 | 35 | 36 | 44 | 46 | 61 | 72 | 89 | 91 | 95 |
-----------------------------------------------------------------Schedule complete
Client 95 trained
Client 95 uploaded
Client 5 trained
Client 5 uploaded
Client 61 trained
Client 61 uploaded
Client 91 trained
Client 91 uploaded
Client 44 trained
Client 44 uploaded
Client 20 trained
Client 20 uploaded
Client 22 trained
Client 22 uploaded
Client 31 trained
Client 31 uploaded
Client 33 trained
Client 33 uploaded
Client 72 trained
Client 72 uploaded
Client 36 trained
Client 36 uploaded
Client 26 trained
Client 26 uploaded
Client 89 trained
Client 89 uploaded
Client 46 trained
Client 46 uploaded
Client 35 trained
Client 35 uploaded
Epoch(t): 394 accuracy: 73.16 loss 0.9296976339817047 run_time: 14977.120652198792
FedDocs Algo: Group 5 is selected
| current_epoch 395 |. Begin client select
SchedulerThread schedule Group [ 5 ], select( 14 clients):
4 | 7 | 9 | 11 | 15 | 37 | 40 | 53 | 74 | 77 | 81 | 83 | 90 | 96 |
-----------------------------------------------------------------Schedule complete
Client 11 trained
Client 11 uploaded
Client 7 trained
Client 7 uploaded
Client 9 trained
Client 9 uploaded
Client 90 trained
Client 90 uploaded
Client 77 trained
Client 77 uploaded
Client 74 trained
Client 74 uploaded
Client 53 trained
Client 53 uploaded
Client 81 trained
Client 81 uploaded
Client 40 trained
Client 40 uploaded
Client 37 trained
Client 37 uploaded
Client 96 trained
Client 96 uploaded
Client 83 trained
Client 83 uploaded
Client 4 trained
Client 4 uploaded
Client 15 trained
Client 15 uploaded
Epoch(t): 395 accuracy: 72.75 loss 1.031817632317543 run_time: 15016.870018482208
FedDocs Algo: Group 5 is selected
| current_epoch 396 |. Begin client select
SchedulerThread schedule Group [ 5 ], select( 14 clients):
4 | 7 | 9 | 11 | 15 | 37 | 40 | 53 | 74 | 77 | 81 | 83 | 90 | 96 |
-----------------------------------------------------------------Schedule complete
Client 11 trained
Client 11 uploaded
Client 7 trained
Client 7 uploaded
Client 9 trained
Client 9 uploaded
Client 90 trained
Client 90 uploaded
Client 77 trained
Client 77 uploaded
Client 74 trained
Client 74 uploaded
Client 53 trained
Client 53 uploaded
Client 81 trained
Client 81 uploaded
Client 40 trained
Client 40 uploaded
Client 37 trained
Client 37 uploaded
Client 4 trained
Client 4 uploaded
Client 83 trained
Client 83 uploaded
Client 96 trained
Client 96 uploaded
Client 15 trained
Client 15 uploaded
Epoch(t): 396 accuracy: 72.38 loss 1.0817881727218628 run_time: 15056.568989515305
FedDocs Algo: Group 5 is selected
| current_epoch 397 |. Begin client select
SchedulerThread schedule Group [ 5 ], select( 14 clients):
4 | 7 | 9 | 11 | 15 | 37 | 40 | 53 | 74 | 77 | 81 | 83 | 90 | 96 |
-----------------------------------------------------------------Schedule complete
Client 11 trained
Client 11 uploaded
Client 7 trained
Client 7 uploaded
Client 9 trained
Client 9 uploaded
Client 90 trained
Client 90 uploaded
Client 74 trained
Client 74 uploaded
Client 77 trained
Client 77 uploaded
Client 53 trained
Client 53 uploaded
Client 81 trained
Client 81 uploaded
Client 37 trained
Client 37 uploaded
Client 40 trained
Client 40 uploaded
Client 96 trained
Client 96 uploaded
Client 4 trained
Client 4 uploaded
Client 83 trained
Client 83 uploaded
Client 15 trained
Client 15 uploaded
Epoch(t): 397 accuracy: 71.96 loss 1.1260956776142121 run_time: 15097.160728931427
FedDocs Algo: Group 5 is selected
| current_epoch 398 |. Begin client select
SchedulerThread schedule Group [ 5 ], select( 14 clients):
4 | 7 | 9 | 11 | 15 | 37 | 40 | 53 | 74 | 77 | 81 | 83 | 90 | 96 |
-----------------------------------------------------------------Schedule complete
Client 7 trained
Client 7 uploaded
Client 11 trained
Client 11 uploaded
Client 9 trained
Client 9 uploaded
Client 90 trained
Client 90 uploaded
Client 74 trained
Client 74 uploaded
Client 77 trained
Client 77 uploaded
Client 53 trained
Client 53 uploaded
Client 81 trained
Client 81 uploaded
Client 37 trained
Client 37 uploaded
Client 40 trained
Client 40 uploaded
Client 4 trained
Client 4 uploaded
Client 96 trained
Client 96 uploaded
Client 83 trained
Client 83 uploaded
Client 15 trained
Client 15 uploaded
Epoch(t): 398 accuracy: 71.75 loss 1.1380663669109345 run_time: 15137.239206552505
FedDocs Algo: Group 5 is selected
| current_epoch 399 |. Begin client select
SchedulerThread schedule Group [ 5 ], select( 14 clients):
4 | 7 | 9 | 11 | 15 | 37 | 40 | 53 | 74 | 77 | 81 | 83 | 90 | 96 |
-----------------------------------------------------------------Schedule complete
Client 11 trained
Client 11 uploaded
Client 7 trained
Client 7 uploaded
Client 9 trained
Client 9 uploaded
Client 90 trained
Client 90 uploaded
Client 77 trained
Client 77 uploaded
Client 74 trained
Client 74 uploaded
Client 53 trained
Client 53 uploaded
Client 81 trained
Client 81 uploaded
Client 40 trained
Client 40 uploaded
Client 37 trained
Client 37 uploaded
Client 96 trained
Client 96 uploaded
Client 4 trained
Client 4 uploaded
Client 83 trained
Client 83 uploaded
Client 15 trained
Client 15 uploaded
Epoch(t): 399 accuracy: 71.88 loss 1.1538551050424575 run_time: 15176.562552452087
FedDocs Algo: Group 5 is selected
| current_epoch 400 |. Begin client select
SchedulerThread schedule Group [ 5 ], select( 14 clients):
4 | 7 | 9 | 11 | 15 | 37 | 40 | 53 | 74 | 77 | 81 | 83 | 90 | 96 |
-----------------------------------------------------------------Schedule complete
Client 7 trained
Client 7 uploaded
Client 11 trained
Client 11 uploaded
Client 9 trained
Client 9 uploaded
Client 90 trained
Client 90 uploaded
Client 77 trained
Client 77 uploaded
Client 74 trained
Client 74 uploaded
Client 53 trained
Client 53 uploaded
Client 81 trained
Client 81 uploaded
Client 40 trained
Client 40 uploaded
Client 37 trained
Client 37 uploaded
Client 4 trained
Client 4 uploaded
Client 83 trained
Client 83 uploaded
Client 96 trained
Client 96 uploaded
Client 15 trained
Client 15 uploaded
Epoch(t): 400 accuracy: 71.97 loss 1.1586048567295075 run_time: 15216.937992095947
FedDocs Algo: Group 5 is selected
| current_epoch 401 |. Begin client select
SchedulerThread schedule Group [ 5 ], select( 14 clients):
4 | 7 | 9 | 11 | 15 | 37 | 40 | 53 | 74 | 77 | 81 | 83 | 90 | 96 |
-----------------------------------------------------------------Schedule complete
Client 11 trained
Client 11 uploaded
Client 7 trained
Client 7 uploaded
Client 9 trained
Client 9 uploaded
Client 90 trained
Client 90 uploaded
Client 77 trained
Client 77 uploaded
Client 74 trained
Client 74 uploaded
Client 53 trained
Client 53 uploaded
Client 81 trained
Client 81 uploaded
Client 37 trained
Client 37 uploaded
Client 40 trained
Client 40 uploaded
Client 4 trained
Client 4 uploaded
Client 96 trained
Client 96 uploaded
Client 83 trained
Client 83 uploaded
Client 15 trained
Client 15 uploaded
Epoch(t): 401 accuracy: 71.26 loss 1.1717190265655517 run_time: 15256.95388174057
FedDocs Algo: Group 3 is selected
| current_epoch 402 |. Begin client select
SchedulerThread schedule Group [ 3 ], select( 15 clients):
1 | 10 | 23 | 24 | 28 | 38 | 43 | 45 | 48 | 50 | 59 | 62 | 69 | 87 | 94 |
-----------------------------------------------------------------Schedule complete
Client 59 trained
Client 59 uploaded
Client 28 trained
Client 28 uploaded
Client 94 trained
Client 94 uploaded
Client 87 trained
Client 87 uploaded
Client 23 trained
Client 23 uploaded
Client 48 trained
Client 48 uploaded
Client 10 trained
Client 10 uploaded
Client 38 trained
Client 38 uploaded
Client 24 trained
Client 24 uploaded
Client 50 trained
Client 50 uploaded
Client 69 trained
Client 69 uploaded
Client 45 trained
Client 45 uploaded
Client 1 trained
Client 1 uploaded
Client 62 trained
Client 62 uploaded
Client 43 trained
Client 43 uploaded
Epoch(t): 402 accuracy: 72.87 loss 0.9277260160446167 run_time: 15297.868869304657
FedDocs Algo: Group 3 is selected
| current_epoch 403 |. Begin client select
SchedulerThread schedule Group [ 3 ], select( 15 clients):
1 | 10 | 23 | 24 | 28 | 38 | 43 | 45 | 48 | 50 | 59 | 62 | 69 | 87 | 94 |
-----------------------------------------------------------------Schedule complete
Client 59 trained
Client 59 uploaded
Client 28 trained
Client 28 uploaded
Client 94 trained
Client 94 uploaded
Client 87 trained
Client 87 uploaded
Client 23 trained
Client 23 uploaded
Client 48 trained
Client 48 uploaded
Client 10 trained
Client 10 uploaded
Client 38 trained
Client 38 uploaded
Client 50 trained
Client 50 uploaded
Client 24 trained
Client 24 uploaded
Client 69 trained
Client 69 uploaded
Client 45 trained
Client 45 uploaded
Client 1 trained
Client 1 uploaded
Client 62 trained
Client 62 uploaded
Client 43 trained
Client 43 uploaded
Epoch(t): 403 accuracy: 73.1 loss 0.9233589100837708 run_time: 15338.009031295776
FedDocs Algo: Group 2 is selected
| current_epoch 404 |. Begin client select
SchedulerThread schedule Group [ 2 ], select( 15 clients):
8 | 16 | 18 | 19 | 21 | 27 | 34 | 42 | 51 | 55 | 58 | 64 | 75 | 76 | 93 |
-----------------------------------------------------------------Schedule complete
Client 18 trained
Client 18 uploaded
Client 16 trained
Client 16 uploaded
Client 51 trained
Client 51 uploaded
Client 21 trained
Client 21 uploaded
Client 27 trained
Client 27 uploaded
Client 55 trained
Client 55 uploaded
Client 19 trained
Client 19 uploaded
Client 64 trained
Client 64 uploaded
Client 75 trained
Client 75 uploaded
Client 42 trained
Client 42 uploaded
Client 34 trained
Client 34 uploaded
Client 8 trained
Client 8 uploaded
Client 58 trained
Client 58 uploaded
Client 76 trained
Client 76 uploaded
Client 93 trained
Client 93 uploaded
Epoch(t): 404 accuracy: 73.18 loss 0.8985010808706284 run_time: 15377.12160372734
FedDocs Algo: Group 1 is selected
| current_epoch 405 |. Begin client select
SchedulerThread schedule Group [ 1 ], select( 15 clients):
5 | 20 | 22 | 26 | 31 | 33 | 35 | 36 | 44 | 46 | 61 | 72 | 89 | 91 | 95 |
-----------------------------------------------------------------Schedule complete
Client 95 trained
Client 95 uploaded
Client 5 trained
Client 5 uploaded
Client 91 trained
Client 91 uploaded
Client 61 trained
Client 61 uploaded
Client 44 trained
Client 44 uploaded
Client 20 trained
Client 20 uploaded
Client 22 trained
Client 22 uploaded
Client 31 trained
Client 31 uploaded
Client 33 trained
Client 33 uploaded
Client 72 trained
Client 72 uploaded
Client 36 trained
Client 36 uploaded
Client 26 trained
Client 26 uploaded
Client 89 trained
Client 89 uploaded
Client 46 trained
Client 46 uploaded
Client 35 trained
Client 35 uploaded
Epoch(t): 405 accuracy: 73.34 loss 0.9158656299114227 run_time: 15419.685733318329
FedDocs Algo: Group 2 is selected
| current_epoch 406 |. Begin client select
SchedulerThread schedule Group [ 2 ], select( 15 clients):
8 | 16 | 18 | 19 | 21 | 27 | 34 | 42 | 51 | 55 | 58 | 64 | 75 | 76 | 93 |
-----------------------------------------------------------------Schedule complete
Client 18 trained
Client 18 uploaded
Client 16 trained
Client 16 uploaded
Client 51 trained
Client 51 uploaded
Client 21 trained
Client 21 uploaded
Client 27 trained
Client 27 uploaded
Client 55 trained
Client 55 uploaded
Client 19 trained
Client 19 uploaded
Client 75 trained
Client 75 uploaded
Client 64 trained
Client 64 uploaded
Client 42 trained
Client 42 uploaded
Client 8 trained
Client 8 uploaded
Client 34 trained
Client 34 uploaded
Client 58 trained
Client 58 uploaded
Client 76 trained
Client 76 uploaded
Client 93 trained
Client 93 uploaded
Epoch(t): 406 accuracy: 73.35 loss 0.8976930755376816 run_time: 15459.316135644913
FedDocs Algo: Group 5 is selected
| current_epoch 407 |. Begin client select
SchedulerThread schedule Group [ 5 ], select( 14 clients):
4 | 7 | 9 | 11 | 15 | 37 | 40 | 53 | 74 | 77 | 81 | 83 | 90 | 96 |
-----------------------------------------------------------------Schedule complete
Client 11 trained
Client 11 uploaded
Client 7 trained
Client 7 uploaded
Client 9 trained
Client 9 uploaded
Client 90 trained
Client 90 uploaded
Client 77 trained
Client 77 uploaded
Client 74 trained
Client 74 uploaded
Client 53 trained
Client 53 uploaded
Client 81 trained
Client 81 uploaded
Client 40 trained
Client 40 uploaded
Client 37 trained
Client 37 uploaded
Client 83 trained
Client 83 uploaded
Client 4 trained
Client 4 uploaded
Client 96 trained
Client 96 uploaded
Client 15 trained
Client 15 uploaded
Epoch(t): 407 accuracy: 72.92 loss 1.0005066782236098 run_time: 15499.43067407608
FedDocs Algo: Group 6 is selected
| current_epoch 408 |. Begin client select
SchedulerThread schedule Group [ 6 ], select( 13 clients):
0 | 6 | 14 | 25 | 30 | 39 | 57 | 65 | 71 | 73 | 79 | 82 | 88 |
-----------------------------------------------------------------Schedule complete
Client 39 trained
Client 39 uploaded
Client 57 trained
Client 57 uploaded
Client 30 trained
Client 30 uploaded
Client 88 trained
Client 88 uploaded
Client 79 trained
Client 79 uploaded
Client 71 trained
Client 71 uploaded
Client 14 trained
Client 14 uploaded
Client 0 trained
Client 0 uploaded
Client 82 trained
Client 82 uploaded
Client 65 trained
Client 65 uploaded
Client 6 trained
Client 6 uploaded
Client 73 trained
Client 73 uploaded
Client 25 trained
Client 25 uploaded
Epoch(t): 408 accuracy: 73.84 loss 0.8840946188569069 run_time: 15529.99041056633
FedDocs Algo: Group 5 is selected
| current_epoch 409 |. Begin client select
SchedulerThread schedule Group [ 5 ], select( 14 clients):
4 | 7 | 9 | 11 | 15 | 37 | 40 | 53 | 74 | 77 | 81 | 83 | 90 | 96 |
-----------------------------------------------------------------Schedule complete
Client 7 trained
Client 7 uploaded
Client 11 trained
Client 11 uploaded
Client 9 trained
Client 9 uploaded
Client 90 trained
Client 90 uploaded
Client 77 trained
Client 77 uploaded
Client 74 trained
Client 74 uploaded
Client 53 trained
Client 53 uploaded
Client 81 trained
Client 81 uploaded
Client 40 trained
Client 40 uploaded
Client 37 trained
Client 37 uploaded
Client 4 trained
Client 4 uploaded
Client 96 trained
Client 96 uploaded
Client 83 trained
Client 83 uploaded
Client 15 trained
Client 15 uploaded
Epoch(t): 409 accuracy: 72.97 loss 0.9791203272342682 run_time: 15571.169868469238
FedDocs Algo: Group 6 is selected
| current_epoch 410 |. Begin client select
SchedulerThread schedule Group [ 6 ], select( 13 clients):
0 | 6 | 14 | 25 | 30 | 39 | 57 | 65 | 71 | 73 | 79 | 82 | 88 |
-----------------------------------------------------------------Schedule complete
Client 39 trained
Client 39 uploaded
Client 57 trained
Client 57 uploaded
Client 30 trained
Client 30 uploaded
Client 88 trained
Client 88 uploaded
Client 79 trained
Client 79 uploaded
Client 71 trained
Client 71 uploaded
Client 14 trained
Client 14 uploaded
Client 82 trained
Client 82 uploaded
Client 0 trained
Client 0 uploaded
Client 65 trained
Client 65 uploaded
Client 6 trained
Client 6 uploaded
Client 73 trained
Client 73 uploaded
Client 25 trained
Client 25 uploaded
Epoch(t): 410 accuracy: 73.44 loss 0.8967728525400162 run_time: 15598.386309146881
FedDocs Algo: Group 0 is selected
| current_epoch 411 |. Begin client select
SchedulerThread schedule Group [ 0 ], select( 13 clients):
2 | 3 | 29 | 47 | 52 | 54 | 56 | 66 | 67 | 68 | 70 | 84 | 86 |
-----------------------------------------------------------------Schedule complete
Client 86 trained
Client 86 uploaded
Client 47 trained
Client 47 uploaded
Client 29 trained
Client 29 uploaded
Client 52 trained
Client 52 uploaded
Client 2 trained
Client 2 uploaded
Client 54 trained
Client 54 uploaded
Client 70 trained
Client 70 uploaded
Client 3 trained
Client 3 uploaded
Client 56 trained
Client 56 uploaded
Client 68 trained
Client 68 uploaded
Client 66 trained
Client 66 uploaded
Client 84 trained
Client 84 uploaded
Client 67 trained
Client 67 uploaded
Epoch(t): 411 accuracy: 73.3 loss 0.9157000440359115 run_time: 15622.022323846817
FedDocs Algo: Group 5 is selected
| current_epoch 412 |. Begin client select
SchedulerThread schedule Group [ 5 ], select( 14 clients):
4 | 7 | 9 | 11 | 15 | 37 | 40 | 53 | 74 | 77 | 81 | 83 | 90 | 96 |
-----------------------------------------------------------------Schedule complete
Client 7 trained
Client 7 uploaded
Client 11 trained
Client 11 uploaded
Client 9 trained
Client 9 uploaded
Client 90 trained
Client 90 uploaded
Client 53 trained
Client 53 uploaded
Client 77 trained
Client 77 uploaded
Client 74 trained
Client 74 uploaded
Client 81 trained
Client 81 uploaded
Client 37 trained
Client 37 uploaded
Client 40 trained
Client 40 uploaded
Client 96 trained
Client 96 uploaded
Client 4 trained
Client 4 uploaded
Client 83 trained
Client 83 uploaded
Client 15 trained
Client 15 uploaded
Epoch(t): 412 accuracy: 72.7 loss 0.9986960262060165 run_time: 15650.083470582962
FedDocs Algo: Group 2 is selected
| current_epoch 413 |. Begin client select
SchedulerThread schedule Group [ 2 ], select( 15 clients):
8 | 16 | 18 | 19 | 21 | 27 | 34 | 42 | 51 | 55 | 58 | 64 | 75 | 76 | 93 |
-----------------------------------------------------------------Schedule complete
Client 18 trained
Client 18 uploaded
Client 51 trained
Client 51 uploaded
Client 16 trained
Client 16 uploaded
Client 21 trained
Client 21 uploaded
Client 27 trained
Client 27 uploaded
Client 19 trained
Client 19 uploaded
Client 55 trained
Client 55 uploaded
Client 64 trained
Client 64 uploaded
Client 75 trained
Client 75 uploaded
Client 42 trained
Client 42 uploaded
Client 8 trained
Client 8 uploaded
Client 34 trained
Client 34 uploaded
Client 58 trained
Client 58 uploaded
Client 76 trained
Client 76 uploaded
Client 93 trained
Client 93 uploaded
Epoch(t): 413 accuracy: 73.41 loss 0.9162088930606842 run_time: 15678.02937912941
FedDocs Algo: Group 0 is selected
| current_epoch 414 |. Begin client select
SchedulerThread schedule Group [ 0 ], select( 13 clients):
2 | 3 | 29 | 47 | 52 | 54 | 56 | 66 | 67 | 68 | 70 | 84 | 86 |
-----------------------------------------------------------------Schedule complete
Client 47 trained
Client 47 uploaded
Client 86 trained
Client 86 uploaded
Client 29 trained
Client 29 uploaded
Client 52 trained
Client 52 uploaded
Client 2 trained
Client 2 uploaded
Client 54 trained
Client 54 uploaded
Client 70 trained
Client 70 uploaded
Client 3 trained
Client 3 uploaded
Client 56 trained
Client 56 uploaded
Client 68 trained
Client 68 uploaded
Client 66 trained
Client 66 uploaded
Client 84 trained
Client 84 uploaded
Client 67 trained
Client 67 uploaded
Epoch(t): 414 accuracy: 72.67 loss 0.936401172876358 run_time: 15702.198083162308
FedDocs Algo: Group 5 is selected
| current_epoch 415 |. Begin client select
SchedulerThread schedule Group [ 5 ], select( 14 clients):
4 | 7 | 9 | 11 | 15 | 37 | 40 | 53 | 74 | 77 | 81 | 83 | 90 | 96 |
-----------------------------------------------------------------Schedule complete
Client 7 trained
Client 7 uploaded
Client 11 trained
Client 11 uploaded
Client 9 trained
Client 9 uploaded
Client 90 trained
Client 90 uploaded
Client 77 trained
Client 77 uploaded
Client 74 trained
Client 74 uploaded
Client 53 trained
Client 53 uploaded
Client 81 trained
Client 81 uploaded
Client 40 trained
Client 40 uploaded
Client 37 trained
Client 37 uploaded
Client 83 trained
Client 83 uploaded
Client 4 trained
Client 4 uploaded
Client 96 trained
Client 96 uploaded
Client 15 trained
Client 15 uploaded
Epoch(t): 415 accuracy: 72.74 loss 1.0075742694735528 run_time: 15730.563378334045
FedDocs Algo: Group 5 is selected
| current_epoch 416 |. Begin client select
SchedulerThread schedule Group [ 5 ], select( 14 clients):
4 | 7 | 9 | 11 | 15 | 37 | 40 | 53 | 74 | 77 | 81 | 83 | 90 | 96 |
-----------------------------------------------------------------Schedule complete
Client 7 trained
Client 7 uploaded
Client 11 trained
Client 11 uploaded
Client 9 trained
Client 9 uploaded
Client 90 trained
Client 90 uploaded
Client 74 trained
Client 74 uploaded
Client 53 trained
Client 53 uploaded
Client 77 trained
Client 77 uploaded
Client 37 trained
Client 37 uploaded
Client 81 trained
Client 81 uploaded
Client 40 trained
Client 40 uploaded
Client 83 trained
Client 83 uploaded
Client 4 trained
Client 4 uploaded
Client 96 trained
Client 96 uploaded
Client 15 trained
Client 15 uploaded
Epoch(t): 416 accuracy: 72.41 loss 1.0719657200574875 run_time: 15758.951422691345
FedDocs Algo: Group 5 is selected
| current_epoch 417 |. Begin client select
SchedulerThread schedule Group [ 5 ], select( 14 clients):
4 | 7 | 9 | 11 | 15 | 37 | 40 | 53 | 74 | 77 | 81 | 83 | 90 | 96 |
-----------------------------------------------------------------Schedule complete
Client 11 trained
Client 11 uploaded
Client 7 trained
Client 7 uploaded
Client 9 trained
Client 9 uploaded
Client 90 trained
Client 90 uploaded
Client 77 trained
Client 77 uploaded
Client 74 trained
Client 74 uploaded
Client 53 trained
Client 53 uploaded
Client 81 trained
Client 81 uploaded
Client 37 trained
Client 37 uploaded
Client 40 trained
Client 40 uploaded
Client 96 trained
Client 96 uploaded
Client 83 trained
Client 83 uploaded
Client 4 trained
Client 4 uploaded
Client 15 trained
Client 15 uploaded
Epoch(t): 417 accuracy: 72.05 loss 1.1008140516281129 run_time: 15787.171459436417
FedDocs Algo: Group 5 is selected
| current_epoch 418 |. Begin client select
SchedulerThread schedule Group [ 5 ], select( 14 clients):
4 | 7 | 9 | 11 | 15 | 37 | 40 | 53 | 74 | 77 | 81 | 83 | 90 | 96 |
-----------------------------------------------------------------Schedule complete
Client 11 trained
Client 11 uploaded
Client 7 trained
Client 7 uploaded
Client 9 trained
Client 9 uploaded
Client 90 trained
Client 90 uploaded
Client 77 trained
Client 77 uploaded
Client 53 trained
Client 53 uploaded
Client 74 trained
Client 74 uploaded
Client 81 trained
Client 81 uploaded
Client 37 trained
Client 37 uploaded
Client 40 trained
Client 40 uploaded
Client 4 trained
Client 4 uploaded
Client 96 trained
Client 96 uploaded
Client 83 trained
Client 83 uploaded
Client 15 trained
Client 15 uploaded
Epoch(t): 418 accuracy: 71.5 loss 1.1320616853237153 run_time: 15815.359475135803
FedDocs Algo: Group 0 is selected
| current_epoch 419 |. Begin client select
SchedulerThread schedule Group [ 0 ], select( 13 clients):
2 | 3 | 29 | 47 | 52 | 54 | 56 | 66 | 67 | 68 | 70 | 84 | 86 |
-----------------------------------------------------------------Schedule complete
Client 47 trained
Client 47 uploaded
Client 86 trained
Client 86 uploaded
Client 29 trained
Client 29 uploaded
Client 52 trained
Client 52 uploaded
Client 54 trained
Client 54 uploaded
Client 2 trained
Client 2 uploaded
Client 70 trained
Client 70 uploaded
Client 3 trained
Client 3 uploaded
Client 56 trained
Client 56 uploaded
Client 68 trained
Client 68 uploaded
Client 66 trained
Client 66 uploaded
Client 84 trained
Client 84 uploaded
Client 67 trained
Client 67 uploaded
Epoch(t): 419 accuracy: 73.23 loss 0.9394112515449524 run_time: 15839.837374448776
FedDocs Algo: Group 5 is selected
| current_epoch 420 |. Begin client select
SchedulerThread schedule Group [ 5 ], select( 14 clients):
4 | 7 | 9 | 11 | 15 | 37 | 40 | 53 | 74 | 77 | 81 | 83 | 90 | 96 |
-----------------------------------------------------------------Schedule complete
Client 11 trained
Client 11 uploaded
Client 7 trained
Client 7 uploaded
Client 9 trained
Client 9 uploaded
Client 90 trained
Client 90 uploaded
Client 74 trained
Client 74 uploaded
Client 53 trained
Client 53 uploaded
Client 77 trained
Client 77 uploaded
Client 81 trained
Client 81 uploaded
Client 37 trained
Client 37 uploaded
Client 40 trained
Client 40 uploaded
Client 4 trained
Client 4 uploaded
Client 96 trained
Client 96 uploaded
Client 83 trained
Client 83 uploaded
Client 15 trained
Client 15 uploaded
Epoch(t): 420 accuracy: 72.83 loss 1.0361749804019929 run_time: 15867.405894517899
FedDocs Algo: Group 3 is selected
| current_epoch 421 |. Begin client select
SchedulerThread schedule Group [ 3 ], select( 15 clients):
1 | 10 | 23 | 24 | 28 | 38 | 43 | 45 | 48 | 50 | 59 | 62 | 69 | 87 | 94 |
-----------------------------------------------------------------Schedule complete
Client 59 trained
Client 59 uploaded
Client 28 trained
Client 28 uploaded
Client 94 trained
Client 94 uploaded
Client 87 trained
Client 87 uploaded
Client 23 trained
Client 23 uploaded
Client 48 trained
Client 48 uploaded
Client 10 trained
Client 10 uploaded
Client 38 trained
Client 38 uploaded
Client 50 trained
Client 50 uploaded
Client 24 trained
Client 24 uploaded
Client 69 trained
Client 69 uploaded
Client 45 trained
Client 45 uploaded
Client 1 trained
Client 1 uploaded
Client 62 trained
Client 62 uploaded
Client 43 trained
Client 43 uploaded
Epoch(t): 421 accuracy: 73.34 loss 0.9235175132751465 run_time: 15895.26342344284
FedDocs Algo: Group 5 is selected
| current_epoch 422 |. Begin client select
SchedulerThread schedule Group [ 5 ], select( 14 clients):
4 | 7 | 9 | 11 | 15 | 37 | 40 | 53 | 74 | 77 | 81 | 83 | 90 | 96 |
-----------------------------------------------------------------Schedule complete
Client 11 trained
Client 11 uploaded
Client 7 trained
Client 7 uploaded
Client 9 trained
Client 9 uploaded
Client 90 trained
Client 90 uploaded
Client 74 trained
Client 74 uploaded
Client 53 trained
Client 53 uploaded
Client 77 trained
Client 77 uploaded
Client 81 trained
Client 81 uploaded
Client 40 trained
Client 40 uploaded
Client 37 trained
Client 37 uploaded
Client 96 trained
Client 96 uploaded
Client 83 trained
Client 83 uploaded
Client 4 trained
Client 4 uploaded
Client 15 trained
Client 15 uploaded
Epoch(t): 422 accuracy: 72.8 loss 1.009875063896179 run_time: 15925.78517961502
FedDocs Algo: Group 5 is selected
| current_epoch 423 |. Begin client select
SchedulerThread schedule Group [ 5 ], select( 14 clients):
4 | 7 | 9 | 11 | 15 | 37 | 40 | 53 | 74 | 77 | 81 | 83 | 90 | 96 |
-----------------------------------------------------------------Schedule complete
Client 7 trained
Client 7 uploaded
Client 11 trained
Client 11 uploaded
Client 9 trained
Client 9 uploaded
Client 90 trained
Client 90 uploaded
Client 74 trained
Client 74 uploaded
Client 77 trained
Client 77 uploaded
Client 53 trained
Client 53 uploaded
Client 81 trained
Client 81 uploaded
Client 37 trained
Client 37 uploaded
Client 40 trained
Client 40 uploaded
Client 83 trained
Client 83 uploaded
Client 4 trained
Client 4 uploaded
Client 96 trained
Client 96 uploaded
Client 15 trained
Client 15 uploaded
Epoch(t): 423 accuracy: 72.67 loss 1.0616314381361007 run_time: 15966.060368776321
FedDocs Algo: Group 5 is selected
| current_epoch 424 |. Begin client select
SchedulerThread schedule Group [ 5 ], select( 14 clients):
4 | 7 | 9 | 11 | 15 | 37 | 40 | 53 | 74 | 77 | 81 | 83 | 90 | 96 |
-----------------------------------------------------------------Schedule complete
Client 7 trained
Client 7 uploaded
Client 11 trained
Client 11 uploaded
Client 90 trained
Client 90 uploaded
Client 9 trained
Client 9 uploaded
Client 77 trained
Client 77 uploaded
Client 74 trained
Client 74 uploaded
Client 53 trained
Client 53 uploaded
Client 81 trained
Client 81 uploaded
Client 37 trained
Client 37 uploaded
Client 40 trained
Client 40 uploaded
Client 96 trained
Client 96 uploaded
Client 4 trained
Client 4 uploaded
Client 83 trained
Client 83 uploaded
Client 15 trained
Client 15 uploaded
Epoch(t): 424 accuracy: 72.47 loss 1.0979862487316132 run_time: 16006.32963514328
FedDocs Algo: Group 2 is selected
| current_epoch 425 |. Begin client select
SchedulerThread schedule Group [ 2 ], select( 15 clients):
8 | 16 | 18 | 19 | 21 | 27 | 34 | 42 | 51 | 55 | 58 | 64 | 75 | 76 | 93 |
-----------------------------------------------------------------Schedule complete
Client 18 trained
Client 18 uploaded
Client 16 trained
Client 16 uploaded
Client 51 trained
Client 51 uploaded
Client 27 trained
Client 27 uploaded
Client 21 trained
Client 21 uploaded
Client 19 trained
Client 19 uploaded
Client 55 trained
Client 55 uploaded
Client 64 trained
Client 64 uploaded
Client 75 trained
Client 75 uploaded
Client 42 trained
Client 42 uploaded
Client 34 trained
Client 34 uploaded
Client 8 trained
Client 8 uploaded
Client 58 trained
Client 58 uploaded
Client 76 trained
Client 76 uploaded
Client 93 trained
Client 93 uploaded
Epoch(t): 425 accuracy: 73.2 loss 0.9238068926334381 run_time: 16045.08947300911
FedDocs Algo: Group 4 is selected
| current_epoch 426 |. Begin client select
SchedulerThread schedule Group [ 4 ], select( 15 clients):
12 | 13 | 17 | 32 | 41 | 49 | 60 | 63 | 78 | 80 | 85 | 92 | 97 | 98 | 99 |
-----------------------------------------------------------------Schedule complete
Client 49 trained
Client 49 uploaded
Client 78 trained
Client 78 uploaded
Client 17 trained
Client 17 uploaded
Client 92 trained
Client 92 uploaded
Client 12 trained
Client 12 uploaded
Client 99 trained
Client 99 uploaded
Client 13 trained
Client 13 uploaded
Client 41 trained
Client 41 uploaded
Client 98 trained
Client 98 uploaded
Client 97 trained
Client 97 uploaded
Client 63 trained
Client 63 uploaded
Client 85 trained
Client 85 uploaded
Client 60 trained
Client 60 uploaded
Client 80 trained
Client 80 uploaded
Client 32 trained
Client 32 uploaded
Epoch(t): 426 accuracy: 73.52 loss 0.8988456943631172 run_time: 16078.83613538742
FedDocs Algo: Group 5 is selected
| current_epoch 427 |. Begin client select
SchedulerThread schedule Group [ 5 ], select( 14 clients):
4 | 7 | 9 | 11 | 15 | 37 | 40 | 53 | 74 | 77 | 81 | 83 | 90 | 96 |
-----------------------------------------------------------------Schedule complete
Client 7 trained
Client 7 uploaded
Client 11 trained
Client 11 uploaded
Client 9 trained
Client 9 uploaded
Client 90 trained
Client 90 uploaded
Client 74 trained
Client 74 uploaded
Client 77 trained
Client 77 uploaded
Client 53 trained
Client 53 uploaded
Client 81 trained
Client 81 uploaded
Client 40 trained
Client 40 uploaded
Client 37 trained
Client 37 uploaded
Client 4 trained
Client 4 uploaded
Client 96 trained
Client 96 uploaded
Client 83 trained
Client 83 uploaded
Client 15 trained
Client 15 uploaded
Epoch(t): 427 accuracy: 73.06 loss 0.982697177529335 run_time: 16118.276324033737
FedDocs Algo: Group 5 is selected
| current_epoch 428 |. Begin client select
SchedulerThread schedule Group [ 5 ], select( 14 clients):
4 | 7 | 9 | 11 | 15 | 37 | 40 | 53 | 74 | 77 | 81 | 83 | 90 | 96 |
-----------------------------------------------------------------Schedule complete
Client 11 trained
Client 11 uploaded
Client 7 trained
Client 7 uploaded
Client 9 trained
Client 9 uploaded
Client 90 trained
Client 90 uploaded
Client 74 trained
Client 74 uploaded
Client 77 trained
Client 77 uploaded
Client 53 trained
Client 53 uploaded
Client 81 trained
Client 81 uploaded
Client 40 trained
Client 40 uploaded
Client 37 trained
Client 37 uploaded
Client 96 trained
Client 96 uploaded
Client 4 trained
Client 4 uploaded
Client 83 trained
Client 83 uploaded
Client 15 trained
Client 15 uploaded
Epoch(t): 428 accuracy: 72.54 loss 1.0482828205823898 run_time: 16158.478017091751
FedDocs Algo: Group 5 is selected
| current_epoch 429 |. Begin client select
SchedulerThread schedule Group [ 5 ], select( 14 clients):
4 | 7 | 9 | 11 | 15 | 37 | 40 | 53 | 74 | 77 | 81 | 83 | 90 | 96 |
-----------------------------------------------------------------Schedule complete
Client 11 trained
Client 11 uploaded
Client 7 trained
Client 7 uploaded
Client 9 trained
Client 9 uploaded
Client 90 trained
Client 90 uploaded
Client 74 trained
Client 74 uploaded
Client 77 trained
Client 77 uploaded
Client 53 trained
Client 53 uploaded
Client 81 trained
Client 81 uploaded
Client 37 trained
Client 37 uploaded
Client 40 trained
Client 40 uploaded
Client 4 trained
Client 4 uploaded
Client 83 trained
Client 83 uploaded
Client 96 trained
Client 96 uploaded
Client 15 trained
Client 15 uploaded
Epoch(t): 429 accuracy: 72.22 loss 1.096827210187912 run_time: 16197.615466594696
FedDocs Algo: Group 2 is selected
| current_epoch 430 |. Begin client select
SchedulerThread schedule Group [ 2 ], select( 15 clients):
8 | 16 | 18 | 19 | 21 | 27 | 34 | 42 | 51 | 55 | 58 | 64 | 75 | 76 | 93 |
-----------------------------------------------------------------Schedule complete
Client 18 trained
Client 18 uploaded
Client 16 trained
Client 16 uploaded
Client 51 trained
Client 51 uploaded
Client 21 trained
Client 21 uploaded
Client 27 trained
Client 27 uploaded
Client 19 trained
Client 19 uploaded
Client 55 trained
Client 55 uploaded
Client 64 trained
Client 64 uploaded
Client 75 trained
Client 75 uploaded
Client 42 trained
Client 42 uploaded
Client 34 trained
Client 34 uploaded
Client 8 trained
Client 8 uploaded
Client 76 trained
Client 76 uploaded
Client 58 trained
Client 58 uploaded
Client 93 trained
Client 93 uploaded
Epoch(t): 430 accuracy: 73.0 loss 0.9377352780103684 run_time: 16236.552385807037
FedDocs Algo: Group 0 is selected
| current_epoch 431 |. Begin client select
SchedulerThread schedule Group [ 0 ], select( 13 clients):
2 | 3 | 29 | 47 | 52 | 54 | 56 | 66 | 67 | 68 | 70 | 84 | 86 |
-----------------------------------------------------------------Schedule complete
Client 86 trained
Client 86 uploaded
Client 47 trained
Client 47 uploaded
Client 29 trained
Client 29 uploaded
Client 52 trained
Client 52 uploaded
Client 2 trained
Client 2 uploaded
Client 54 trained
Client 54 uploaded
Client 70 trained
Client 70 uploaded
Client 3 trained
Client 3 uploaded
Client 56 trained
Client 56 uploaded
Client 68 trained
Client 68 uploaded
Client 66 trained
Client 66 uploaded
Client 84 trained
Client 84 uploaded
Client 67 trained
Client 67 uploaded
Epoch(t): 431 accuracy: 73.34 loss 0.9394448897242547 run_time: 16269.795054674149
FedDocs Algo: Group 5 is selected
| current_epoch 432 |. Begin client select
SchedulerThread schedule Group [ 5 ], select( 14 clients):
4 | 7 | 9 | 11 | 15 | 37 | 40 | 53 | 74 | 77 | 81 | 83 | 90 | 96 |
-----------------------------------------------------------------Schedule complete
Client 7 trained
Client 7 uploaded
Client 11 trained
Client 11 uploaded
Client 9 trained
Client 9 uploaded
Client 90 trained
Client 90 uploaded
Client 77 trained
Client 77 uploaded
Client 74 trained
Client 74 uploaded
Client 53 trained
Client 53 uploaded
Client 81 trained
Client 81 uploaded
Client 40 trained
Client 40 uploaded
Client 37 trained
Client 37 uploaded
Client 4 trained
Client 4 uploaded
Client 96 trained
Client 96 uploaded
Client 83 trained
Client 83 uploaded
Client 15 trained
Client 15 uploaded
Epoch(t): 432 accuracy: 72.71 loss 1.0241436737775802 run_time: 16308.412562608719
FedDocs Algo: Group 5 is selected
| current_epoch 433 |. Begin client select
SchedulerThread schedule Group [ 5 ], select( 14 clients):
4 | 7 | 9 | 11 | 15 | 37 | 40 | 53 | 74 | 77 | 81 | 83 | 90 | 96 |
-----------------------------------------------------------------Schedule complete
Client 7 trained
Client 7 uploaded
Client 11 trained
Client 11 uploaded
Client 9 trained
Client 9 uploaded
Client 90 trained
Client 90 uploaded
Client 77 trained
Client 77 uploaded
Client 74 trained
Client 74 uploaded
Client 53 trained
Client 53 uploaded
Client 81 trained
Client 81 uploaded
Client 37 trained
Client 37 uploaded
Client 40 trained
Client 40 uploaded
Client 83 trained
Client 83 uploaded
Client 4 trained
Client 4 uploaded
Client 96 trained
Client 96 uploaded
Client 15 trained
Client 15 uploaded
Epoch(t): 433 accuracy: 72.51 loss 1.0726308900117874 run_time: 16348.528870105743
FedDocs Algo: Group 5 is selected
| current_epoch 434 |. Begin client select
SchedulerThread schedule Group [ 5 ], select( 14 clients):
4 | 7 | 9 | 11 | 15 | 37 | 40 | 53 | 74 | 77 | 81 | 83 | 90 | 96 |
-----------------------------------------------------------------Schedule complete
Client 7 trained
Client 7 uploaded
Client 11 trained
Client 11 uploaded
Client 9 trained
Client 9 uploaded
Client 90 trained
Client 90 uploaded
Client 74 trained
Client 74 uploaded
Client 77 trained
Client 77 uploaded
Client 53 trained
Client 53 uploaded
Client 81 trained
Client 81 uploaded
Client 37 trained
Client 37 uploaded
Client 40 trained
Client 40 uploaded
Client 96 trained
Client 96 uploaded
Client 4 trained
Client 4 uploaded
Client 83 trained
Client 83 uploaded
Client 15 trained
Client 15 uploaded
Epoch(t): 434 accuracy: 72.23 loss 1.1082949167490006 run_time: 16388.224909305573
FedDocs Algo: Group 5 is selected
| current_epoch 435 |. Begin client select
SchedulerThread schedule Group [ 5 ], select( 14 clients):
4 | 7 | 9 | 11 | 15 | 37 | 40 | 53 | 74 | 77 | 81 | 83 | 90 | 96 |
-----------------------------------------------------------------Schedule complete
Client 7 trained
Client 7 uploaded
Client 11 trained
Client 11 uploaded
Client 9 trained
Client 9 uploaded
Client 90 trained
Client 90 uploaded
Client 77 trained
Client 77 uploaded
Client 74 trained
Client 74 uploaded
Client 53 trained
Client 53 uploaded
Client 81 trained
Client 81 uploaded
Client 37 trained
Client 37 uploaded
Client 40 trained
Client 40 uploaded
Client 4 trained
Client 4 uploaded
Client 83 trained
Client 83 uploaded
Client 96 trained
Client 96 uploaded
Client 15 trained
Client 15 uploaded
Epoch(t): 435 accuracy: 71.94 loss 1.125331557393074 run_time: 16428.832681655884
FedDocs Algo: Group 4 is selected
| current_epoch 436 |. Begin client select
SchedulerThread schedule Group [ 4 ], select( 15 clients):
12 | 13 | 17 | 32 | 41 | 49 | 60 | 63 | 78 | 80 | 85 | 92 | 97 | 98 | 99 |
-----------------------------------------------------------------Schedule complete
Client 49 trained
Client 49 uploaded
Client 78 trained
Client 78 uploaded
Client 17 trained
Client 17 uploaded
Client 12 trained
Client 12 uploaded
Client 99 trained
Client 99 uploaded
Client 92 trained
Client 92 uploaded
Client 41 trained
Client 41 uploaded
Client 13 trained
Client 13 uploaded
Client 98 trained
Client 98 uploaded
Client 97 trained
Client 97 uploaded
Client 85 trained
Client 85 uploaded
Client 63 trained
Client 63 uploaded
Client 60 trained
Client 60 uploaded
Client 80 trained
Client 80 uploaded
Client 32 trained
Client 32 uploaded
Epoch(t): 436 accuracy: 73.3 loss 0.9412103527784348 run_time: 16464.11162161827
FedDocs Algo: Group 5 is selected
| current_epoch 437 |. Begin client select
SchedulerThread schedule Group [ 5 ], select( 14 clients):
4 | 7 | 9 | 11 | 15 | 37 | 40 | 53 | 74 | 77 | 81 | 83 | 90 | 96 |
-----------------------------------------------------------------Schedule complete
Client 7 trained
Client 7 uploaded
Client 11 trained
Client 11 uploaded
Client 9 trained
Client 9 uploaded
Client 90 trained
Client 90 uploaded
Client 77 trained
Client 77 uploaded
Client 74 trained
Client 74 uploaded
Client 53 trained
Client 53 uploaded
Client 81 trained
Client 81 uploaded
Client 37 trained
Client 37 uploaded
Client 40 trained
Client 40 uploaded
Client 96 trained
Client 96 uploaded
Client 4 trained
Client 4 uploaded
Client 83 trained
Client 83 uploaded
Client 15 trained
Client 15 uploaded
Epoch(t): 437 accuracy: 72.55 loss 1.0184169194102288 run_time: 16502.670262813568
FedDocs Algo: Group 5 is selected
| current_epoch 438 |. Begin client select
SchedulerThread schedule Group [ 5 ], select( 14 clients):
4 | 7 | 9 | 11 | 15 | 37 | 40 | 53 | 74 | 77 | 81 | 83 | 90 | 96 |
-----------------------------------------------------------------Schedule complete
Client 7 trained
Client 7 uploaded
Client 11 trained
Client 11 uploaded
Client 9 trained
Client 9 uploaded
Client 90 trained
Client 90 uploaded
Client 77 trained
Client 77 uploaded
Client 74 trained
Client 74 uploaded
Client 53 trained
Client 53 uploaded
Client 81 trained
Client 81 uploaded
Client 37 trained
Client 37 uploaded
Client 40 trained
Client 40 uploaded
Client 83 trained
Client 83 uploaded
Client 4 trained
Client 4 uploaded
Client 96 trained
Client 96 uploaded
Client 15 trained
Client 15 uploaded
Epoch(t): 438 accuracy: 72.64 loss 1.0759965932369233 run_time: 16542.97638487816
FedDocs Algo: Group 6 is selected
| current_epoch 439 |. Begin client select
SchedulerThread schedule Group [ 6 ], select( 13 clients):
0 | 6 | 14 | 25 | 30 | 39 | 57 | 65 | 71 | 73 | 79 | 82 | 88 |
-----------------------------------------------------------------Schedule complete
Client 39 trained
Client 39 uploaded
Client 57 trained
Client 57 uploaded
Client 30 trained
Client 30 uploaded
Client 79 trained
Client 79 uploaded
Client 88 trained
Client 88 uploaded
Client 71 trained
Client 71 uploaded
Client 14 trained
Client 14 uploaded
Client 0 trained
Client 0 uploaded
Client 82 trained
Client 82 uploaded
Client 65 trained
Client 65 uploaded
Client 73 trained
Client 73 uploaded
Client 6 trained
Client 6 uploaded
Client 25 trained
Client 25 uploaded
Epoch(t): 439 accuracy: 73.39 loss 0.8951660823822022 run_time: 16573.62464404106
FedDocs Algo: Group 5 is selected
| current_epoch 440 |. Begin client select
SchedulerThread schedule Group [ 5 ], select( 14 clients):
4 | 7 | 9 | 11 | 15 | 37 | 40 | 53 | 74 | 77 | 81 | 83 | 90 | 96 |
-----------------------------------------------------------------Schedule complete
Client 11 trained
Client 11 uploaded
Client 7 trained
Client 7 uploaded
Client 9 trained
Client 9 uploaded
Client 90 trained
Client 90 uploaded
Client 77 trained
Client 77 uploaded
Client 74 trained
Client 74 uploaded
Client 53 trained
Client 53 uploaded
Client 81 trained
Client 81 uploaded
Client 40 trained
Client 40 uploaded
Client 37 trained
Client 37 uploaded
Client 4 trained
Client 4 uploaded
Client 83 trained
Client 83 uploaded
Client 96 trained
Client 96 uploaded
Client 15 trained
Client 15 uploaded
Epoch(t): 440 accuracy: 72.79 loss 1.001730237007141 run_time: 16612.811581134796
FedDocs Algo: Group 5 is selected
| current_epoch 441 |. Begin client select
SchedulerThread schedule Group [ 5 ], select( 14 clients):
4 | 7 | 9 | 11 | 15 | 37 | 40 | 53 | 74 | 77 | 81 | 83 | 90 | 96 |
-----------------------------------------------------------------Schedule complete
Client 7 trained
Client 7 uploaded
Client 11 trained
Client 11 uploaded
Client 9 trained
Client 9 uploaded
Client 90 trained
Client 90 uploaded
Client 74 trained
Client 74 uploaded
Client 77 trained
Client 77 uploaded
Client 53 trained
Client 53 uploaded
Client 81 trained
Client 81 uploaded
Client 37 trained
Client 37 uploaded
Client 40 trained
Client 40 uploaded
Client 83 trained
Client 83 uploaded
Client 96 trained
Client 96 uploaded
Client 4 trained
Client 4 uploaded
Client 15 trained
Client 15 uploaded
Epoch(t): 441 accuracy: 72.52 loss 1.046576482653618 run_time: 16652.41740012169
FedDocs Algo: Group 4 is selected
| current_epoch 442 |. Begin client select
SchedulerThread schedule Group [ 4 ], select( 15 clients):
12 | 13 | 17 | 32 | 41 | 49 | 60 | 63 | 78 | 80 | 85 | 92 | 97 | 98 | 99 |
-----------------------------------------------------------------Schedule complete
Client 49 trained
Client 49 uploaded
Client 78 trained
Client 78 uploaded
Client 12 trained
Client 12 uploaded
Client 17 trained
Client 17 uploaded
Client 92 trained
Client 92 uploaded
Client 99 trained
Client 99 uploaded
Client 13 trained
Client 13 uploaded
Client 41 trained
Client 41 uploaded
Client 98 trained
Client 98 uploaded
Client 97 trained
Client 97 uploaded
Client 85 trained
Client 85 uploaded
Client 63 trained
Client 63 uploaded
Client 60 trained
Client 60 uploaded
Client 80 trained
Client 80 uploaded
Client 32 trained
Client 32 uploaded
Epoch(t): 442 accuracy: 73.29 loss 0.9305186498165131 run_time: 16686.96448135376
FedDocs Algo: Group 5 is selected
| current_epoch 443 |. Begin client select
SchedulerThread schedule Group [ 5 ], select( 14 clients):
4 | 7 | 9 | 11 | 15 | 37 | 40 | 53 | 74 | 77 | 81 | 83 | 90 | 96 |
-----------------------------------------------------------------Schedule complete
Client 7 trained
Client 7 uploaded
Client 11 trained
Client 11 uploaded
Client 9 trained
Client 9 uploaded
Client 90 trained
Client 90 uploaded
Client 77 trained
Client 77 uploaded
Client 74 trained
Client 74 uploaded
Client 53 trained
Client 53 uploaded
Client 81 trained
Client 81 uploaded
Client 40 trained
Client 40 uploaded
Client 37 trained
Client 37 uploaded
Client 96 trained
Client 96 uploaded
Client 83 trained
Client 83 uploaded
Client 4 trained
Client 4 uploaded
Client 15 trained
Client 15 uploaded
Epoch(t): 443 accuracy: 72.79 loss 1.0121908259391785 run_time: 16727.428338050842
FedDocs Algo: Group 3 is selected
| current_epoch 444 |. Begin client select
SchedulerThread schedule Group [ 3 ], select( 15 clients):
1 | 10 | 23 | 24 | 28 | 38 | 43 | 45 | 48 | 50 | 59 | 62 | 69 | 87 | 94 |
-----------------------------------------------------------------Schedule complete
Client 59 trained
Client 59 uploaded
Client 28 trained
Client 28 uploaded
Client 94 trained
Client 94 uploaded
Client 87 trained
Client 87 uploaded
Client 23 trained
Client 23 uploaded
Client 48 trained
Client 48 uploaded
Client 10 trained
Client 10 uploaded
Client 38 trained
Client 38 uploaded
Client 50 trained
Client 50 uploaded
Client 24 trained
Client 24 uploaded
Client 69 trained
Client 69 uploaded
Client 45 trained
Client 45 uploaded
Client 1 trained
Client 1 uploaded
Client 62 trained
Client 62 uploaded
Client 43 trained
Client 43 uploaded
Epoch(t): 444 accuracy: 73.47 loss 0.9170771729946137 run_time: 16767.107513427734
FedDocs Algo: Group 5 is selected
| current_epoch 445 |. Begin client select
SchedulerThread schedule Group [ 5 ], select( 14 clients):
4 | 7 | 9 | 11 | 15 | 37 | 40 | 53 | 74 | 77 | 81 | 83 | 90 | 96 |
-----------------------------------------------------------------Schedule complete
Client 11 trained
Client 11 uploaded
Client 7 trained
Client 7 uploaded
Client 9 trained
Client 9 uploaded
Client 90 trained
Client 90 uploaded
Client 74 trained
Client 74 uploaded
Client 53 trained
Client 53 uploaded
Client 77 trained
Client 77 uploaded
Client 40 trained
Client 40 uploaded
Client 81 trained
Client 81 uploaded
Client 37 trained
Client 37 uploaded
Client 96 trained
Client 96 uploaded
Client 4 trained
Client 4 uploaded
Client 83 trained
Client 83 uploaded
Client 15 trained
Client 15 uploaded
Epoch(t): 445 accuracy: 73.16 loss 0.996274533867836 run_time: 16806.65537762642
FedDocs Algo: Group 5 is selected
| current_epoch 446 |. Begin client select
SchedulerThread schedule Group [ 5 ], select( 14 clients):
4 | 7 | 9 | 11 | 15 | 37 | 40 | 53 | 74 | 77 | 81 | 83 | 90 | 96 |
-----------------------------------------------------------------Schedule complete
Client 7 trained
Client 7 uploaded
Client 11 trained
Client 11 uploaded
Client 9 trained
Client 9 uploaded
Client 90 trained
Client 90 uploaded
Client 74 trained
Client 74 uploaded
Client 77 trained
Client 77 uploaded
Client 53 trained
Client 53 uploaded
Client 81 trained
Client 81 uploaded
Client 40 trained
Client 40 uploaded
Client 37 trained
Client 37 uploaded
Client 4 trained
Client 4 uploaded
Client 83 trained
Client 83 uploaded
Client 96 trained
Client 96 uploaded
Client 15 trained
Client 15 uploaded
Epoch(t): 446 accuracy: 72.58 loss 1.054353238940239 run_time: 16846.74990463257
FedDocs Algo: Group 6 is selected
| current_epoch 447 |. Begin client select
SchedulerThread schedule Group [ 6 ], select( 13 clients):
0 | 6 | 14 | 25 | 30 | 39 | 57 | 65 | 71 | 73 | 79 | 82 | 88 |
-----------------------------------------------------------------Schedule complete
Client 39 trained
Client 39 uploaded
Client 57 trained
Client 57 uploaded
Client 30 trained
Client 30 uploaded
Client 79 trained
Client 79 uploaded
Client 88 trained
Client 88 uploaded
Client 71 trained
Client 71 uploaded
Client 14 trained
Client 14 uploaded
Client 82 trained
Client 82 uploaded
Client 0 trained
Client 0 uploaded
Client 65 trained
Client 65 uploaded
Client 73 trained
Client 73 uploaded
Client 6 trained
Client 6 uploaded
Client 25 trained
Client 25 uploaded
Epoch(t): 447 accuracy: 73.81 loss 0.910570832490921 run_time: 16876.98104095459
FedDocs Algo: Group 3 is selected
| current_epoch 448 |. Begin client select
SchedulerThread schedule Group [ 3 ], select( 15 clients):
1 | 10 | 23 | 24 | 28 | 38 | 43 | 45 | 48 | 50 | 59 | 62 | 69 | 87 | 94 |
-----------------------------------------------------------------Schedule complete
Client 59 trained
Client 59 uploaded
Client 28 trained
Client 28 uploaded
Client 94 trained
Client 94 uploaded
Client 87 trained
Client 87 uploaded
Client 23 trained
Client 23 uploaded
Client 48 trained
Client 48 uploaded
Client 10 trained
Client 10 uploaded
Client 38 trained
Client 38 uploaded
Client 50 trained
Client 50 uploaded
Client 24 trained
Client 24 uploaded
Client 69 trained
Client 69 uploaded
Client 45 trained
Client 45 uploaded
Client 1 trained
Client 1 uploaded
Client 62 trained
Client 62 uploaded
Client 43 trained
Client 43 uploaded
Epoch(t): 448 accuracy: 73.94 loss 0.8972195833921432 run_time: 16916.716536283493
FedDocs Algo: Group 2 is selected
| current_epoch 449 |. Begin client select
SchedulerThread schedule Group [ 2 ], select( 15 clients):
8 | 16 | 18 | 19 | 21 | 27 | 34 | 42 | 51 | 55 | 58 | 64 | 75 | 76 | 93 |
-----------------------------------------------------------------Schedule complete
Client 18 trained
Client 18 uploaded
Client 16 trained
Client 16 uploaded
Client 51 trained
Client 51 uploaded
Client 27 trained
Client 27 uploaded
Client 21 trained
Client 21 uploaded
Client 55 trained
Client 55 uploaded
Client 19 trained
Client 19 uploaded
Client 75 trained
Client 75 uploaded
Client 64 trained
Client 64 uploaded
Client 42 trained
Client 42 uploaded
Client 8 trained
Client 8 uploaded
Client 34 trained
Client 34 uploaded
Client 58 trained
Client 58 uploaded
Client 76 trained
Client 76 uploaded
Client 93 trained
Client 93 uploaded
Epoch(t): 449 accuracy: 74.17 loss 0.8978901183605195 run_time: 16955.49136042595
FedDocs Algo: Group 5 is selected
| current_epoch 450 |. Begin client select
SchedulerThread schedule Group [ 5 ], select( 14 clients):
4 | 7 | 9 | 11 | 15 | 37 | 40 | 53 | 74 | 77 | 81 | 83 | 90 | 96 |
-----------------------------------------------------------------Schedule complete
Client 11 trained
Client 11 uploaded
Client 7 trained
Client 7 uploaded
Client 9 trained
Client 9 uploaded
Client 90 trained
Client 90 uploaded
Client 74 trained
Client 74 uploaded
Client 77 trained
Client 77 uploaded
Client 53 trained
Client 53 uploaded
Client 81 trained
Client 81 uploaded
Client 40 trained
Client 40 uploaded
Client 37 trained
Client 37 uploaded
Client 96 trained
Client 96 uploaded
Client 4 trained
Client 4 uploaded
Client 83 trained
Client 83 uploaded
Client 15 trained
Client 15 uploaded
Epoch(t): 450 accuracy: 73.22 loss 0.9848436349630356 run_time: 16995.113646268845
FedDocs Algo: Group 5 is selected
| current_epoch 451 |. Begin client select
SchedulerThread schedule Group [ 5 ], select( 14 clients):
4 | 7 | 9 | 11 | 15 | 37 | 40 | 53 | 74 | 77 | 81 | 83 | 90 | 96 |
-----------------------------------------------------------------Schedule complete
Client 7 trained
Client 7 uploaded
Client 11 trained
Client 11 uploaded
Client 9 trained
Client 9 uploaded
Client 90 trained
Client 90 uploaded
Client 77 trained
Client 77 uploaded
Client 74 trained
Client 74 uploaded
Client 53 trained
Client 53 uploaded
Client 81 trained
Client 81 uploaded
Client 37 trained
Client 37 uploaded
Client 40 trained
Client 40 uploaded
Client 83 trained
Client 83 uploaded
Client 4 trained
Client 4 uploaded
Client 96 trained
Client 96 uploaded
Client 15 trained
Client 15 uploaded
Epoch(t): 451 accuracy: 72.69 loss 1.0352743750810622 run_time: 17034.090613603592
FedDocs Algo: Group 5 is selected
| current_epoch 452 |. Begin client select
SchedulerThread schedule Group [ 5 ], select( 14 clients):
4 | 7 | 9 | 11 | 15 | 37 | 40 | 53 | 74 | 77 | 81 | 83 | 90 | 96 |
-----------------------------------------------------------------Schedule complete
Client 11 trained
Client 11 uploaded
Client 7 trained
Client 7 uploaded
Client 9 trained
Client 9 uploaded
Client 90 trained
Client 90 uploaded
Client 77 trained
Client 77 uploaded
Client 74 trained
Client 74 uploaded
Client 53 trained
Client 53 uploaded
Client 81 trained
Client 81 uploaded
Client 37 trained
Client 37 uploaded
Client 40 trained
Client 40 uploaded
Client 4 trained
Client 4 uploaded
Client 83 trained
Client 83 uploaded
Client 96 trained
Client 96 uploaded
Client 15 trained
Client 15 uploaded
Epoch(t): 452 accuracy: 72.28 loss 1.066639820933342 run_time: 17073.214755535126
FedDocs Algo: Group 5 is selected
| current_epoch 453 |. Begin client select
SchedulerThread schedule Group [ 5 ], select( 14 clients):
4 | 7 | 9 | 11 | 15 | 37 | 40 | 53 | 74 | 77 | 81 | 83 | 90 | 96 |
-----------------------------------------------------------------Schedule complete
Client 11 trained
Client 11 uploaded
Client 7 trained
Client 7 uploaded
Client 9 trained
Client 9 uploaded
Client 90 trained
Client 90 uploaded
Client 77 trained
Client 77 uploaded
Client 74 trained
Client 74 uploaded
Client 53 trained
Client 53 uploaded
Client 81 trained
Client 81 uploaded
Client 37 trained
Client 37 uploaded
Client 40 trained
Client 40 uploaded
Client 4 trained
Client 4 uploaded
Client 83 trained
Client 83 uploaded
Client 96 trained
Client 96 uploaded
Client 15 trained
Client 15 uploaded
Epoch(t): 453 accuracy: 72.43 loss 1.0841579806804658 run_time: 17112.957129716873
FedDocs Algo: Group 5 is selected
| current_epoch 454 |. Begin client select
SchedulerThread schedule Group [ 5 ], select( 14 clients):
4 | 7 | 9 | 11 | 15 | 37 | 40 | 53 | 74 | 77 | 81 | 83 | 90 | 96 |
-----------------------------------------------------------------Schedule complete
Client 11 trained
Client 11 uploaded
Client 7 trained
Client 7 uploaded
Client 9 trained
Client 9 uploaded
Client 90 trained
Client 90 uploaded
Client 74 trained
Client 74 uploaded
Client 77 trained
Client 77 uploaded
Client 53 trained
Client 53 uploaded
Client 81 trained
Client 81 uploaded
Client 37 trained
Client 37 uploaded
Client 40 trained
Client 40 uploaded
Client 83 trained
Client 83 uploaded
Client 4 trained
Client 4 uploaded
Client 96 trained
Client 96 uploaded
Client 15 trained
Client 15 uploaded
Epoch(t): 454 accuracy: 72.51 loss 1.1030787116289138 run_time: 17153.893838644028
FedDocs Algo: Group 5 is selected
| current_epoch 455 |. Begin client select
SchedulerThread schedule Group [ 5 ], select( 14 clients):
4 | 7 | 9 | 11 | 15 | 37 | 40 | 53 | 74 | 77 | 81 | 83 | 90 | 96 |
-----------------------------------------------------------------Schedule complete
Client 11 trained
Client 11 uploaded
Client 7 trained
Client 7 uploaded
Client 9 trained
Client 9 uploaded
Client 90 trained
Client 90 uploaded
Client 74 trained
Client 74 uploaded
Client 77 trained
Client 77 uploaded
Client 53 trained
Client 53 uploaded
Client 81 trained
Client 81 uploaded
Client 40 trained
Client 40 uploaded
Client 37 trained
Client 37 uploaded
Client 96 trained
Client 96 uploaded
Client 83 trained
Client 83 uploaded
Client 4 trained
Client 4 uploaded
Client 15 trained
Client 15 uploaded
Epoch(t): 455 accuracy: 72.08 loss 1.1278167188167572 run_time: 17194.67998933792
FedDocs Algo: Group 5 is selected
| current_epoch 456 |. Begin client select
SchedulerThread schedule Group [ 5 ], select( 14 clients):
4 | 7 | 9 | 11 | 15 | 37 | 40 | 53 | 74 | 77 | 81 | 83 | 90 | 96 |
-----------------------------------------------------------------Schedule complete
Client 7 trained
Client 7 uploaded
Client 11 trained
Client 11 uploaded
Client 9 trained
Client 9 uploaded
Client 90 trained
Client 90 uploaded
Client 77 trained
Client 77 uploaded
Client 74 trained
Client 74 uploaded
Client 53 trained
Client 53 uploaded
Client 81 trained
Client 81 uploaded
Client 37 trained
Client 37 uploaded
Client 40 trained
Client 40 uploaded
Client 4 trained
Client 4 uploaded
Client 96 trained
Client 96 uploaded
Client 83 trained
Client 83 uploaded
Client 15 trained
Client 15 uploaded
Epoch(t): 456 accuracy: 72.03 loss 1.1392218780517578 run_time: 17234.526418447495
FedDocs Algo: Group 5 is selected
| current_epoch 457 |. Begin client select
SchedulerThread schedule Group [ 5 ], select( 14 clients):
4 | 7 | 9 | 11 | 15 | 37 | 40 | 53 | 74 | 77 | 81 | 83 | 90 | 96 |
-----------------------------------------------------------------Schedule complete
Client 7 trained
Client 7 uploaded
Client 11 trained
Client 11 uploaded
Client 9 trained
Client 9 uploaded
Client 90 trained
Client 90 uploaded
Client 74 trained
Client 74 uploaded
Client 77 trained
Client 77 uploaded
Client 53 trained
Client 53 uploaded
Client 81 trained
Client 81 uploaded
Client 37 trained
Client 37 uploaded
Client 40 trained
Client 40 uploaded
Client 4 trained
Client 4 uploaded
Client 15 trained
Client 15 uploaded
Client 83 trained
Client 83 uploaded
Client 96 trained
Client 96 uploaded
Epoch(t): 457 accuracy: 71.9 loss 1.1519116008281707 run_time: 17275.10854077339
FedDocs Algo: Group 5 is selected
| current_epoch 458 |. Begin client select
SchedulerThread schedule Group [ 5 ], select( 14 clients):
4 | 7 | 9 | 11 | 15 | 37 | 40 | 53 | 74 | 77 | 81 | 83 | 90 | 96 |
-----------------------------------------------------------------Schedule complete
Client 11 trained
Client 11 uploaded
Client 7 trained
Client 7 uploaded
Client 9 trained
Client 9 uploaded
Client 90 trained
Client 90 uploaded
Client 74 trained
Client 74 uploaded
Client 77 trained
Client 77 uploaded
Client 53 trained
Client 53 uploaded
Client 81 trained
Client 81 uploaded
Client 40 trained
Client 40 uploaded
Client 37 trained
Client 37 uploaded
Client 83 trained
Client 83 uploaded
Client 4 trained
Client 4 uploaded
Client 96 trained
Client 96 uploaded
Client 15 trained
Client 15 uploaded
Epoch(t): 458 accuracy: 71.98 loss 1.1621022295951844 run_time: 17314.510248184204
FedDocs Algo: Group 6 is selected
| current_epoch 459 |. Begin client select
SchedulerThread schedule Group [ 6 ], select( 13 clients):
0 | 6 | 14 | 25 | 30 | 39 | 57 | 65 | 71 | 73 | 79 | 82 | 88 |
-----------------------------------------------------------------Schedule complete
Client 39 trained
Client 39 uploaded
Client 57 trained
Client 57 uploaded
Client 30 trained
Client 30 uploaded
Client 88 trained
Client 88 uploaded
Client 79 trained
Client 79 uploaded
Client 71 trained
Client 71 uploaded
Client 14 trained
Client 14 uploaded
Client 0 trained
Client 0 uploaded
Client 82 trained
Client 82 uploaded
Client 65 trained
Client 65 uploaded
Client 73 trained
Client 73 uploaded
Client 6 trained
Client 6 uploaded
Client 25 trained
Client 25 uploaded
Epoch(t): 459 accuracy: 73.36 loss 0.9327593284845352 run_time: 17344.32234430313
FedDocs Algo: Group 5 is selected
| current_epoch 460 |. Begin client select
SchedulerThread schedule Group [ 5 ], select( 14 clients):
4 | 7 | 9 | 11 | 15 | 37 | 40 | 53 | 74 | 77 | 81 | 83 | 90 | 96 |
-----------------------------------------------------------------Schedule complete
Client 11 trained
Client 11 uploaded
Client 7 trained
Client 7 uploaded
Client 9 trained
Client 9 uploaded
Client 90 trained
Client 90 uploaded
Client 74 trained
Client 74 uploaded
Client 77 trained
Client 77 uploaded
Client 53 trained
Client 53 uploaded
Client 81 trained
Client 81 uploaded
Client 40 trained
Client 40 uploaded
Client 37 trained
Client 37 uploaded
Client 83 trained
Client 83 uploaded
Client 96 trained
Client 96 uploaded
Client 4 trained
Client 4 uploaded
Client 15 trained
Client 15 uploaded
Epoch(t): 460 accuracy: 72.73 loss 1.0186335992813111 run_time: 17384.463111162186
FedDocs Algo: Group 6 is selected
| current_epoch 461 |. Begin client select
SchedulerThread schedule Group [ 6 ], select( 13 clients):
0 | 6 | 14 | 25 | 30 | 39 | 57 | 65 | 71 | 73 | 79 | 82 | 88 |
-----------------------------------------------------------------Schedule complete
Client 39 trained
Client 39 uploaded
Client 57 trained
Client 57 uploaded
Client 30 trained
Client 30 uploaded
Client 88 trained
Client 88 uploaded
Client 79 trained
Client 79 uploaded
Client 71 trained
Client 71 uploaded
Client 14 trained
Client 14 uploaded
Client 82 trained
Client 82 uploaded
Client 0 trained
Client 0 uploaded
Client 65 trained
Client 65 uploaded
Client 73 trained
Client 73 uploaded
Client 6 trained
Client 6 uploaded
Client 25 trained
Client 25 uploaded
Epoch(t): 461 accuracy: 73.19 loss 0.9454130387306213 run_time: 17415.240443229675
FedDocs Algo: Group 0 is selected
| current_epoch 462 |. Begin client select
SchedulerThread schedule Group [ 0 ], select( 13 clients):
2 | 3 | 29 | 47 | 52 | 54 | 56 | 66 | 67 | 68 | 70 | 84 | 86 |
-----------------------------------------------------------------Schedule complete
Client 86 trained
Client 86 uploaded
Client 47 trained
Client 47 uploaded
Client 29 trained
Client 29 uploaded
Client 52 trained
Client 52 uploaded
Client 54 trained
Client 54 uploaded
Client 2 trained
Client 2 uploaded
Client 70 trained
Client 70 uploaded
Client 3 trained
Client 3 uploaded
Client 56 trained
Client 56 uploaded
Client 68 trained
Client 68 uploaded
Client 66 trained
Client 66 uploaded
Client 84 trained
Client 84 uploaded
Client 67 trained
Client 67 uploaded
Epoch(t): 462 accuracy: 73.33 loss 0.9376006931066513 run_time: 17448.520473241806
FedDocs Algo: Group 3 is selected
| current_epoch 463 |. Begin client select
SchedulerThread schedule Group [ 3 ], select( 15 clients):
1 | 10 | 23 | 24 | 28 | 38 | 43 | 45 | 48 | 50 | 59 | 62 | 69 | 87 | 94 |
-----------------------------------------------------------------Schedule complete
Client 59 trained
Client 59 uploaded
Client 28 trained
Client 28 uploaded
Client 94 trained
Client 94 uploaded
Client 87 trained
Client 87 uploaded
Client 23 trained
Client 23 uploaded
Client 48 trained
Client 48 uploaded
Client 10 trained
Client 10 uploaded
Client 38 trained
Client 38 uploaded
Client 24 trained
Client 24 uploaded
Client 50 trained
Client 50 uploaded
Client 69 trained
Client 69 uploaded
Client 45 trained
Client 45 uploaded
Client 1 trained
Client 1 uploaded
Client 62 trained
Client 62 uploaded
Client 43 trained
Client 43 uploaded
Epoch(t): 463 accuracy: 73.71 loss 0.9040604555606842 run_time: 17488.59822845459
FedDocs Algo: Group 3 is selected
| current_epoch 464 |. Begin client select
SchedulerThread schedule Group [ 3 ], select( 15 clients):
1 | 10 | 23 | 24 | 28 | 38 | 43 | 45 | 48 | 50 | 59 | 62 | 69 | 87 | 94 |
-----------------------------------------------------------------Schedule complete
Client 59 trained
Client 59 uploaded
Client 28 trained
Client 28 uploaded
Client 94 trained
Client 94 uploaded
Client 87 trained
Client 87 uploaded
Client 23 trained
Client 23 uploaded
Client 48 trained
Client 48 uploaded
Client 38 trained
Client 38 uploaded
Client 10 trained
Client 10 uploaded
Client 24 trained
Client 24 uploaded
Client 50 trained
Client 50 uploaded
Client 69 trained
Client 69 uploaded
Client 45 trained
Client 45 uploaded
Client 1 trained
Client 1 uploaded
Client 62 trained
Client 62 uploaded
Client 43 trained
Client 43 uploaded
Epoch(t): 464 accuracy: 73.52 loss 0.9269212740659714 run_time: 17528.629366636276
FedDocs Algo: Group 5 is selected
| current_epoch 465 |. Begin client select
SchedulerThread schedule Group [ 5 ], select( 14 clients):
4 | 7 | 9 | 11 | 15 | 37 | 40 | 53 | 74 | 77 | 81 | 83 | 90 | 96 |
-----------------------------------------------------------------Schedule complete
Client 11 trained
Client 11 uploaded
Client 7 trained
Client 7 uploaded
Client 9 trained
Client 9 uploaded
Client 90 trained
Client 90 uploaded
Client 74 trained
Client 74 uploaded
Client 77 trained
Client 77 uploaded
Client 53 trained
Client 53 uploaded
Client 81 trained
Client 81 uploaded
Client 40 trained
Client 40 uploaded
Client 37 trained
Client 37 uploaded
Client 4 trained
Client 4 uploaded
Client 83 trained
Client 83 uploaded
Client 96 trained
Client 96 uploaded
Client 15 trained
Client 15 uploaded
Epoch(t): 465 accuracy: 73.27 loss 0.9918867236375809 run_time: 17568.62149167061
FedDocs Algo: Group 5 is selected
| current_epoch 466 |. Begin client select
SchedulerThread schedule Group [ 5 ], select( 14 clients):
4 | 7 | 9 | 11 | 15 | 37 | 40 | 53 | 74 | 77 | 81 | 83 | 90 | 96 |
-----------------------------------------------------------------Schedule complete
Client 7 trained
Client 7 uploaded
Client 11 trained
Client 11 uploaded
Client 9 trained
Client 9 uploaded
Client 90 trained
Client 90 uploaded
Client 77 trained
Client 77 uploaded
Client 74 trained
Client 74 uploaded
Client 53 trained
Client 53 uploaded
Client 81 trained
Client 81 uploaded
Client 40 trained
Client 40 uploaded
Client 37 trained
Client 37 uploaded
Client 96 trained
Client 96 uploaded
Client 83 trained
Client 83 uploaded
Client 4 trained
Client 4 uploaded
Client 15 trained
Client 15 uploaded
Epoch(t): 466 accuracy: 72.66 loss 1.042310186624527 run_time: 17608.45969080925
FedDocs Algo: Group 3 is selected
| current_epoch 467 |. Begin client select
SchedulerThread schedule Group [ 3 ], select( 15 clients):
1 | 10 | 23 | 24 | 28 | 38 | 43 | 45 | 48 | 50 | 59 | 62 | 69 | 87 | 94 |
-----------------------------------------------------------------Schedule complete
Client 59 trained
Client 59 uploaded
Client 28 trained
Client 28 uploaded
Client 94 trained
Client 94 uploaded
Client 87 trained
Client 87 uploaded
Client 23 trained
Client 23 uploaded
Client 48 trained
Client 48 uploaded
Client 38 trained
Client 38 uploaded
Client 10 trained
Client 10 uploaded
Client 50 trained
Client 50 uploaded
Client 24 trained
Client 24 uploaded
Client 69 trained
Client 69 uploaded
Client 45 trained
Client 45 uploaded
Client 1 trained
Client 1 uploaded
Client 62 trained
Client 62 uploaded
Client 43 trained
Client 43 uploaded
Epoch(t): 467 accuracy: 73.69 loss 0.9307298809289932 run_time: 17647.548937797546
FedDocs Algo: Group 5 is selected
| current_epoch 468 |. Begin client select
SchedulerThread schedule Group [ 5 ], select( 14 clients):
4 | 7 | 9 | 11 | 15 | 37 | 40 | 53 | 74 | 77 | 81 | 83 | 90 | 96 |
-----------------------------------------------------------------Schedule complete
Client 7 trained
Client 7 uploaded
Client 11 trained
Client 11 uploaded
Client 9 trained
Client 9 uploaded
Client 90 trained
Client 90 uploaded
Client 74 trained
Client 74 uploaded
Client 77 trained
Client 77 uploaded
Client 53 trained
Client 53 uploaded
Client 81 trained
Client 81 uploaded
Client 40 trained
Client 40 uploaded
Client 37 trained
Client 37 uploaded
Client 4 trained
Client 4 uploaded
Client 96 trained
Client 96 uploaded
Client 83 trained
Client 83 uploaded
Client 15 trained
Client 15 uploaded
Epoch(t): 468 accuracy: 72.96 loss 1.028997174501419 run_time: 17687.304446458817
FedDocs Algo: Group 1 is selected
| current_epoch 469 |. Begin client select
SchedulerThread schedule Group [ 1 ], select( 15 clients):
5 | 20 | 22 | 26 | 31 | 33 | 35 | 36 | 44 | 46 | 61 | 72 | 89 | 91 | 95 |
-----------------------------------------------------------------Schedule complete
Client 95 trained
Client 95 uploaded
Client 5 trained
Client 5 uploaded
Client 61 trained
Client 61 uploaded
Client 91 trained
Client 91 uploaded
Client 44 trained
Client 44 uploaded
Client 22 trained
Client 22 uploaded
Client 20 trained
Client 20 uploaded
Client 31 trained
Client 31 uploaded
Client 33 trained
Client 33 uploaded
Client 72 trained
Client 72 uploaded
Client 26 trained
Client 26 uploaded
Client 36 trained
Client 36 uploaded
Client 89 trained
Client 89 uploaded
Client 46 trained
Client 46 uploaded
Client 35 trained
Client 35 uploaded
Epoch(t): 469 accuracy: 73.9 loss 0.9161405384540557 run_time: 17730.53080391884
FedDocs Algo: Group 2 is selected
| current_epoch 470 |. Begin client select
SchedulerThread schedule Group [ 2 ], select( 15 clients):
8 | 16 | 18 | 19 | 21 | 27 | 34 | 42 | 51 | 55 | 58 | 64 | 75 | 76 | 93 |
-----------------------------------------------------------------Schedule complete
Client 18 trained
Client 18 uploaded
Client 16 trained
Client 16 uploaded
Client 51 trained
Client 51 uploaded
Client 27 trained
Client 27 uploaded
Client 21 trained
Client 21 uploaded
Client 19 trained
Client 19 uploaded
Client 55 trained
Client 55 uploaded
Client 64 trained
Client 64 uploaded
Client 75 trained
Client 75 uploaded
Client 42 trained
Client 42 uploaded
Client 34 trained
Client 34 uploaded
Client 8 trained
Client 8 uploaded
Client 58 trained
Client 58 uploaded
Client 76 trained
Client 76 uploaded
Client 93 trained
Client 93 uploaded
Epoch(t): 470 accuracy: 73.55 loss 0.9110082632303238 run_time: 17769.808773756027
FedDocs Algo: Group 4 is selected
| current_epoch 471 |. Begin client select
SchedulerThread schedule Group [ 4 ], select( 15 clients):
12 | 13 | 17 | 32 | 41 | 49 | 60 | 63 | 78 | 80 | 85 | 92 | 97 | 98 | 99 |
-----------------------------------------------------------------Schedule complete
Client 49 trained
Client 49 uploaded
Client 78 trained
Client 78 uploaded
Client 12 trained
Client 12 uploaded
Client 99 trained
Client 99 uploaded
Client 92 trained
Client 92 uploaded
Client 17 trained
Client 17 uploaded
Client 13 trained
Client 13 uploaded
Client 41 trained
Client 41 uploaded
Client 98 trained
Client 98 uploaded
Client 97 trained
Client 97 uploaded
Client 85 trained
Client 85 uploaded
Client 63 trained
Client 63 uploaded
Client 60 trained
Client 60 uploaded
Client 80 trained
Client 80 uploaded
Client 32 trained
Client 32 uploaded
Epoch(t): 471 accuracy: 74.07 loss 0.9098551428318024 run_time: 17803.845336437225
FedDocs Algo: Group 5 is selected
| current_epoch 472 |. Begin client select
SchedulerThread schedule Group [ 5 ], select( 14 clients):
4 | 7 | 9 | 11 | 15 | 37 | 40 | 53 | 74 | 77 | 81 | 83 | 90 | 96 |
-----------------------------------------------------------------Schedule complete
Client 11 trained
Client 11 uploaded
Client 7 trained
Client 7 uploaded
Client 9 trained
Client 9 uploaded
Client 90 trained
Client 90 uploaded
Client 74 trained
Client 74 uploaded
Client 77 trained
Client 77 uploaded
Client 53 trained
Client 53 uploaded
Client 81 trained
Client 81 uploaded
Client 40 trained
Client 40 uploaded
Client 37 trained
Client 37 uploaded
Client 4 trained
Client 4 uploaded
Client 96 trained
Client 96 uploaded
Client 15 trained
Client 15 uploaded
Client 83 trained
Client 83 uploaded
Epoch(t): 472 accuracy: 73.41 loss 0.9747387754917145 run_time: 17843.57793045044
FedDocs Algo: Group 0 is selected
| current_epoch 473 |. Begin client select
SchedulerThread schedule Group [ 0 ], select( 13 clients):
2 | 3 | 29 | 47 | 52 | 54 | 56 | 66 | 67 | 68 | 70 | 84 | 86 |
-----------------------------------------------------------------Schedule complete
Client 47 trained
Client 47 uploaded
Client 86 trained
Client 86 uploaded
Client 29 trained
Client 29 uploaded
Client 52 trained
Client 52 uploaded
Client 54 trained
Client 54 uploaded
Client 2 trained
Client 2 uploaded
Client 70 trained
Client 70 uploaded
Client 3 trained
Client 3 uploaded
Client 56 trained
Client 56 uploaded
Client 68 trained
Client 68 uploaded
Client 66 trained
Client 66 uploaded
Client 84 trained
Client 84 uploaded
Client 67 trained
Client 67 uploaded
Epoch(t): 473 accuracy: 73.61 loss 0.9386176571249962 run_time: 17876.160635709763
FedDocs Algo: Group 5 is selected
| current_epoch 474 |. Begin client select
SchedulerThread schedule Group [ 5 ], select( 14 clients):
4 | 7 | 9 | 11 | 15 | 37 | 40 | 53 | 74 | 77 | 81 | 83 | 90 | 96 |
-----------------------------------------------------------------Schedule complete
Client 11 trained
Client 11 uploaded
Client 7 trained
Client 7 uploaded
Client 9 trained
Client 9 uploaded
Client 90 trained
Client 90 uploaded
Client 77 trained
Client 77 uploaded
Client 74 trained
Client 74 uploaded
Client 53 trained
Client 53 uploaded
Client 81 trained
Client 81 uploaded
Client 37 trained
Client 37 uploaded
Client 40 trained
Client 40 uploaded
Client 4 trained
Client 4 uploaded
Client 96 trained
Client 96 uploaded
Client 83 trained
Client 83 uploaded
Client 15 trained
Client 15 uploaded
Epoch(t): 474 accuracy: 73.08 loss 1.0164100724458693 run_time: 17915.750595331192
FedDocs Algo: Group 1 is selected
| current_epoch 475 |. Begin client select
SchedulerThread schedule Group [ 1 ], select( 15 clients):
5 | 20 | 22 | 26 | 31 | 33 | 35 | 36 | 44 | 46 | 61 | 72 | 89 | 91 | 95 |
-----------------------------------------------------------------Schedule complete
Client 95 trained
Client 95 uploaded
Client 5 trained
Client 5 uploaded
Client 91 trained
Client 91 uploaded
Client 61 trained
Client 61 uploaded
Client 44 trained
Client 44 uploaded
Client 22 trained
Client 22 uploaded
Client 31 trained
Client 31 uploaded
Client 20 trained
Client 20 uploaded
Client 33 trained
Client 33 uploaded
Client 72 trained
Client 72 uploaded
Client 36 trained
Client 36 uploaded
Client 26 trained
Client 26 uploaded
Client 89 trained
Client 89 uploaded
Client 35 trained
Client 35 uploaded
Client 46 trained
Client 46 uploaded
Epoch(t): 475 accuracy: 74.17 loss 0.9118060046434402 run_time: 17958.191412448883
FedDocs Algo: Group 5 is selected
| current_epoch 476 |. Begin client select
SchedulerThread schedule Group [ 5 ], select( 14 clients):
4 | 7 | 9 | 11 | 15 | 37 | 40 | 53 | 74 | 77 | 81 | 83 | 90 | 96 |
-----------------------------------------------------------------Schedule complete
Client 11 trained
Client 11 uploaded
Client 7 trained
Client 7 uploaded
Client 9 trained
Client 9 uploaded
Client 90 trained
Client 90 uploaded
Client 77 trained
Client 77 uploaded
Client 74 trained
Client 74 uploaded
Client 53 trained
Client 53 uploaded
Client 81 trained
Client 81 uploaded
Client 40 trained
Client 40 uploaded
Client 37 trained
Client 37 uploaded
Client 96 trained
Client 96 uploaded
Client 4 trained
Client 4 uploaded
Client 83 trained
Client 83 uploaded
Client 15 trained
Client 15 uploaded
Epoch(t): 476 accuracy: 73.75 loss 0.988032688498497 run_time: 17998.77312731743
FedDocs Algo: Group 6 is selected
| current_epoch 477 |. Begin client select
SchedulerThread schedule Group [ 6 ], select( 13 clients):
0 | 6 | 14 | 25 | 30 | 39 | 57 | 65 | 71 | 73 | 79 | 82 | 88 |
-----------------------------------------------------------------Schedule complete
Client 39 trained
Client 39 uploaded
Client 57 trained
Client 57 uploaded
Client 30 trained
Client 30 uploaded
Client 79 trained
Client 79 uploaded
Client 88 trained
Client 88 uploaded
Client 71 trained
Client 71 uploaded
Client 14 trained
Client 14 uploaded
Client 0 trained
Client 0 uploaded
Client 82 trained
Client 82 uploaded
Client 65 trained
Client 65 uploaded
Client 6 trained
Client 6 uploaded
Client 73 trained
Client 73 uploaded
Client 25 trained
Client 25 uploaded
Epoch(t): 477 accuracy: 74.01 loss 0.9221321469545365 run_time: 18029.235740423203
FedDocs Algo: Group 3 is selected
| current_epoch 478 |. Begin client select
SchedulerThread schedule Group [ 3 ], select( 15 clients):
1 | 10 | 23 | 24 | 28 | 38 | 43 | 45 | 48 | 50 | 59 | 62 | 69 | 87 | 94 |
-----------------------------------------------------------------Schedule complete
Client 59 trained
Client 59 uploaded
Client 28 trained
Client 28 uploaded
Client 94 trained
Client 94 uploaded
Client 87 trained
Client 87 uploaded
Client 23 trained
Client 23 uploaded
Client 48 trained
Client 48 uploaded
Client 10 trained
Client 10 uploaded
Client 38 trained
Client 38 uploaded
Client 24 trained
Client 24 uploaded
Client 50 trained
Client 50 uploaded
Client 69 trained
Client 69 uploaded
Client 45 trained
Client 45 uploaded
Client 1 trained
Client 1 uploaded
Client 62 trained
Client 62 uploaded
Client 43 trained
Client 43 uploaded
Epoch(t): 478 accuracy: 74.03 loss 0.9101448717713356 run_time: 18069.6784594059
FedDocs Algo: Group 5 is selected
| current_epoch 479 |. Begin client select
SchedulerThread schedule Group [ 5 ], select( 14 clients):
4 | 7 | 9 | 11 | 15 | 37 | 40 | 53 | 74 | 77 | 81 | 83 | 90 | 96 |
-----------------------------------------------------------------Schedule complete
Client 7 trained
Client 7 uploaded
Client 11 trained
Client 11 uploaded
Client 9 trained
Client 9 uploaded
Client 90 trained
Client 90 uploaded
Client 77 trained
Client 77 uploaded
Client 74 trained
Client 74 uploaded
Client 53 trained
Client 53 uploaded
Client 81 trained
Client 81 uploaded
Client 40 trained
Client 40 uploaded
Client 37 trained
Client 37 uploaded
Client 96 trained
Client 96 uploaded
Client 4 trained
Client 4 uploaded
Client 83 trained
Client 83 uploaded
Client 15 trained
Client 15 uploaded
Epoch(t): 479 accuracy: 73.2 loss 0.9887505879998207 run_time: 18110.416167020798
FedDocs Algo: Group 6 is selected
| current_epoch 480 |. Begin client select
SchedulerThread schedule Group [ 6 ], select( 13 clients):
0 | 6 | 14 | 25 | 30 | 39 | 57 | 65 | 71 | 73 | 79 | 82 | 88 |
-----------------------------------------------------------------Schedule complete
Client 39 trained
Client 39 uploaded
Client 57 trained
Client 57 uploaded
Client 30 trained
Client 30 uploaded
Client 79 trained
Client 79 uploaded
Client 88 trained
Client 88 uploaded
Client 71 trained
Client 71 uploaded
Client 14 trained
Client 14 uploaded
Client 82 trained
Client 82 uploaded
Client 0 trained
Client 0 uploaded
Client 65 trained
Client 65 uploaded
Client 6 trained
Client 6 uploaded
Client 73 trained
Client 73 uploaded
Client 25 trained
Client 25 uploaded
Epoch(t): 480 accuracy: 73.94 loss 0.9189214462041855 run_time: 18141.45299601555
FedDocs Algo: Group 2 is selected
| current_epoch 481 |. Begin client select
SchedulerThread schedule Group [ 2 ], select( 15 clients):
8 | 16 | 18 | 19 | 21 | 27 | 34 | 42 | 51 | 55 | 58 | 64 | 75 | 76 | 93 |
-----------------------------------------------------------------Schedule complete
Client 18 trained
Client 18 uploaded
Client 16 trained
Client 16 uploaded
Client 51 trained
Client 51 uploaded
Client 21 trained
Client 21 uploaded
Client 27 trained
Client 27 uploaded
Client 55 trained
Client 55 uploaded
Client 19 trained
Client 19 uploaded
Client 64 trained
Client 64 uploaded
Client 75 trained
Client 75 uploaded
Client 42 trained
Client 42 uploaded
Client 34 trained
Client 34 uploaded
Client 8 trained
Client 8 uploaded
Client 58 trained
Client 58 uploaded
Client 76 trained
Client 76 uploaded
Client 93 trained
Client 93 uploaded
Epoch(t): 481 accuracy: 73.45 loss 0.9163914650678635 run_time: 18181.96836042404
FedDocs Algo: Group 5 is selected
| current_epoch 482 |. Begin client select
SchedulerThread schedule Group [ 5 ], select( 14 clients):
4 | 7 | 9 | 11 | 15 | 37 | 40 | 53 | 74 | 77 | 81 | 83 | 90 | 96 |
-----------------------------------------------------------------Schedule complete
Client 7 trained
Client 7 uploaded
Client 11 trained
Client 11 uploaded
Client 9 trained
Client 9 uploaded
Client 90 trained
Client 90 uploaded
Client 74 trained
Client 74 uploaded
Client 77 trained
Client 77 uploaded
Client 53 trained
Client 53 uploaded
Client 81 trained
Client 81 uploaded
Client 37 trained
Client 37 uploaded
Client 40 trained
Client 40 uploaded
Client 83 trained
Client 83 uploaded
Client 4 trained
Client 4 uploaded
Client 96 trained
Client 96 uploaded
Client 15 trained
Client 15 uploaded
Epoch(t): 482 accuracy: 73.43 loss 0.9878173750638962 run_time: 18221.14858531952
FedDocs Algo: Group 5 is selected
| current_epoch 483 |. Begin client select
SchedulerThread schedule Group [ 5 ], select( 14 clients):
4 | 7 | 9 | 11 | 15 | 37 | 40 | 53 | 74 | 77 | 81 | 83 | 90 | 96 |
-----------------------------------------------------------------Schedule complete
Client 11 trained
Client 11 uploaded
Client 7 trained
Client 7 uploaded
Client 9 trained
Client 9 uploaded
Client 90 trained
Client 90 uploaded
Client 74 trained
Client 74 uploaded
Client 77 trained
Client 77 uploaded
Client 53 trained
Client 53 uploaded
Client 81 trained
Client 81 uploaded
Client 40 trained
Client 40 uploaded
Client 37 trained
Client 37 uploaded
Client 96 trained
Client 96 uploaded
Client 83 trained
Client 83 uploaded
Client 4 trained
Client 4 uploaded
Client 15 trained
Client 15 uploaded
Epoch(t): 483 accuracy: 72.97 loss 1.0333730667829513 run_time: 18261.90850996971
FedDocs Algo: Group 5 is selected
| current_epoch 484 |. Begin client select
SchedulerThread schedule Group [ 5 ], select( 14 clients):
4 | 7 | 9 | 11 | 15 | 37 | 40 | 53 | 74 | 77 | 81 | 83 | 90 | 96 |
-----------------------------------------------------------------Schedule complete
Client 11 trained
Client 11 uploaded
Client 7 trained
Client 7 uploaded
Client 9 trained
Client 9 uploaded
Client 90 trained
Client 90 uploaded
Client 77 trained
Client 77 uploaded
Client 74 trained
Client 74 uploaded
Client 53 trained
Client 53 uploaded
Client 81 trained
Client 81 uploaded
Client 40 trained
Client 40 uploaded
Client 37 trained
Client 37 uploaded
Client 96 trained
Client 96 uploaded
Client 83 trained
Client 83 uploaded
Client 4 trained
Client 4 uploaded
Client 15 trained
Client 15 uploaded
Epoch(t): 484 accuracy: 73.07 loss 1.0612387770414353 run_time: 18302.362452983856
FedDocs Algo: Group 4 is selected
| current_epoch 485 |. Begin client select
SchedulerThread schedule Group [ 4 ], select( 15 clients):
12 | 13 | 17 | 32 | 41 | 49 | 60 | 63 | 78 | 80 | 85 | 92 | 97 | 98 | 99 |
-----------------------------------------------------------------Schedule complete
Client 49 trained
Client 49 uploaded
Client 78 trained
Client 78 uploaded
Client 12 trained
Client 12 uploaded
Client 17 trained
Client 17 uploaded
Client 92 trained
Client 92 uploaded
Client 99 trained
Client 99 uploaded
Client 98 trained
Client 98 uploaded
Client 41 trained
Client 41 uploaded
Client 13 trained
Client 13 uploaded
Client 97 trained
Client 97 uploaded
Client 63 trained
Client 63 uploaded
Client 85 trained
Client 85 uploaded
Client 60 trained
Client 60 uploaded
Client 80 trained
Client 80 uploaded
Client 32 trained
Client 32 uploaded
Epoch(t): 485 accuracy: 73.58 loss 0.9416331231594086 run_time: 18336.085003852844
FedDocs Algo: Group 5 is selected
| current_epoch 486 |. Begin client select
SchedulerThread schedule Group [ 5 ], select( 14 clients):
4 | 7 | 9 | 11 | 15 | 37 | 40 | 53 | 74 | 77 | 81 | 83 | 90 | 96 |
-----------------------------------------------------------------Schedule complete
Client 7 trained
Client 7 uploaded
Client 11 trained
Client 11 uploaded
Client 9 trained
Client 9 uploaded
Client 90 trained
Client 90 uploaded
Client 74 trained
Client 74 uploaded
Client 77 trained
Client 77 uploaded
Client 53 trained
Client 53 uploaded
Client 81 trained
Client 81 uploaded
Client 40 trained
Client 40 uploaded
Client 37 trained
Client 37 uploaded
Client 83 trained
Client 83 uploaded
Client 96 trained
Client 96 uploaded
Client 4 trained
Client 4 uploaded
Client 15 trained
Client 15 uploaded
Epoch(t): 486 accuracy: 73.47 loss 0.9959780263900757 run_time: 18375.870366811752
FedDocs Algo: Group 5 is selected
| current_epoch 487 |. Begin client select
SchedulerThread schedule Group [ 5 ], select( 14 clients):
4 | 7 | 9 | 11 | 15 | 37 | 40 | 53 | 74 | 77 | 81 | 83 | 90 | 96 |
-----------------------------------------------------------------Schedule complete
Client 11 trained
Client 11 uploaded
Client 7 trained
Client 7 uploaded
Client 9 trained
Client 9 uploaded
Client 90 trained
Client 90 uploaded
Client 74 trained
Client 74 uploaded
Client 77 trained
Client 77 uploaded
Client 53 trained
Client 53 uploaded
Client 81 trained
Client 81 uploaded
Client 40 trained
Client 40 uploaded
Client 37 trained
Client 37 uploaded
Client 83 trained
Client 83 uploaded
Client 4 trained
Client 4 uploaded
Client 96 trained
Client 96 uploaded
Client 15 trained
Client 15 uploaded
Epoch(t): 487 accuracy: 72.76 loss 1.0507274529337882 run_time: 18415.43608379364
FedDocs Algo: Group 3 is selected
| current_epoch 488 |. Begin client select
SchedulerThread schedule Group [ 3 ], select( 15 clients):
1 | 10 | 23 | 24 | 28 | 38 | 43 | 45 | 48 | 50 | 59 | 62 | 69 | 87 | 94 |
-----------------------------------------------------------------Schedule complete
Client 59 trained
Client 59 uploaded
Client 28 trained
Client 28 uploaded
Client 94 trained
Client 94 uploaded
Client 87 trained
Client 87 uploaded
Client 23 trained
Client 23 uploaded
Client 48 trained
Client 48 uploaded
Client 10 trained
Client 10 uploaded
Client 38 trained
Client 38 uploaded
Client 50 trained
Client 50 uploaded
Client 24 trained
Client 24 uploaded
Client 69 trained
Client 69 uploaded
Client 45 trained
Client 45 uploaded
Client 1 trained
Client 1 uploaded
Client 62 trained
Client 62 uploaded
Client 43 trained
Client 43 uploaded
Epoch(t): 488 accuracy: 73.22 loss 0.9371363466978073 run_time: 18456.717289447784
FedDocs Algo: Group 2 is selected
| current_epoch 489 |. Begin client select
SchedulerThread schedule Group [ 2 ], select( 15 clients):
8 | 16 | 18 | 19 | 21 | 27 | 34 | 42 | 51 | 55 | 58 | 64 | 75 | 76 | 93 |
-----------------------------------------------------------------Schedule complete
Client 18 trained
Client 18 uploaded
Client 51 trained
Client 51 uploaded
Client 16 trained
Client 16 uploaded
Client 21 trained
Client 21 uploaded
Client 27 trained
Client 27 uploaded
Client 19 trained
Client 19 uploaded
Client 55 trained
Client 55 uploaded
Client 64 trained
Client 64 uploaded
Client 75 trained
Client 75 uploaded
Client 42 trained
Client 42 uploaded
Client 8 trained
Client 8 uploaded
Client 34 trained
Client 34 uploaded
Client 58 trained
Client 58 uploaded
Client 76 trained
Client 76 uploaded
Client 93 trained
Client 93 uploaded
Epoch(t): 489 accuracy: 73.83 loss 0.9190698409080506 run_time: 18496.9249625206
FedDocs Algo: Group 5 is selected
| current_epoch 490 |. Begin client select
SchedulerThread schedule Group [ 5 ], select( 14 clients):
4 | 7 | 9 | 11 | 15 | 37 | 40 | 53 | 74 | 77 | 81 | 83 | 90 | 96 |
-----------------------------------------------------------------Schedule complete
Client 11 trained
Client 11 uploaded
Client 7 trained
Client 7 uploaded
Client 9 trained
Client 9 uploaded
Client 90 trained
Client 90 uploaded
Client 74 trained
Client 74 uploaded
Client 77 trained
Client 77 uploaded
Client 53 trained
Client 53 uploaded
Client 81 trained
Client 81 uploaded
Client 40 trained
Client 40 uploaded
Client 37 trained
Client 37 uploaded
Client 83 trained
Client 83 uploaded
Client 4 trained
Client 4 uploaded
Client 96 trained
Client 96 uploaded
Client 15 trained
Client 15 uploaded
Epoch(t): 490 accuracy: 73.38 loss 0.9992336845397949 run_time: 18536.592854499817
FedDocs Algo: Group 0 is selected
| current_epoch 491 |. Begin client select
SchedulerThread schedule Group [ 0 ], select( 13 clients):
2 | 3 | 29 | 47 | 52 | 54 | 56 | 66 | 67 | 68 | 70 | 84 | 86 |
-----------------------------------------------------------------Schedule complete
Client 47 trained
Client 47 uploaded
Client 86 trained
Client 86 uploaded
Client 29 trained
Client 29 uploaded
Client 52 trained
Client 52 uploaded
Client 54 trained
Client 54 uploaded
Client 2 trained
Client 2 uploaded
Client 70 trained
Client 70 uploaded
Client 3 trained
Client 3 uploaded
Client 56 trained
Client 56 uploaded
Client 68 trained
Client 68 uploaded
Client 66 trained
Client 66 uploaded
Client 84 trained
Client 84 uploaded
Client 67 trained
Client 67 uploaded
Epoch(t): 491 accuracy: 73.72 loss 0.9231070894002914 run_time: 18570.087401628494
FedDocs Algo: Group 5 is selected
| current_epoch 492 |. Begin client select
SchedulerThread schedule Group [ 5 ], select( 14 clients):
4 | 7 | 9 | 11 | 15 | 37 | 40 | 53 | 74 | 77 | 81 | 83 | 90 | 96 |
-----------------------------------------------------------------Schedule complete
Client 11 trained
Client 11 uploaded
Client 7 trained
Client 7 uploaded
Client 9 trained
Client 9 uploaded
Client 90 trained
Client 90 uploaded
Client 74 trained
Client 74 uploaded
Client 77 trained
Client 77 uploaded
Client 53 trained
Client 53 uploaded
Client 81 trained
Client 81 uploaded
Client 40 trained
Client 40 uploaded
Client 37 trained
Client 37 uploaded
Client 4 trained
Client 4 uploaded
Client 83 trained
Client 83 uploaded
Client 96 trained
Client 96 uploaded
Client 15 trained
Client 15 uploaded
Epoch(t): 492 accuracy: 73.36 loss 0.9933305990695953 run_time: 18609.30804681778
FedDocs Algo: Group 5 is selected
| current_epoch 493 |. Begin client select
SchedulerThread schedule Group [ 5 ], select( 14 clients):
4 | 7 | 9 | 11 | 15 | 37 | 40 | 53 | 74 | 77 | 81 | 83 | 90 | 96 |
-----------------------------------------------------------------Schedule complete
Client 11 trained
Client 11 uploaded
Client 7 trained
Client 7 uploaded
Client 9 trained
Client 9 uploaded
Client 90 trained
Client 90 uploaded
Client 77 trained
Client 77 uploaded
Client 74 trained
Client 74 uploaded
Client 53 trained
Client 53 uploaded
Client 81 trained
Client 81 uploaded
Client 40 trained
Client 40 uploaded
Client 37 trained
Client 37 uploaded
Client 83 trained
Client 83 uploaded
Client 4 trained
Client 4 uploaded
Client 96 trained
Client 96 uploaded
Client 15 trained
Client 15 uploaded
Epoch(t): 493 accuracy: 73.13 loss 1.0490779846906662 run_time: 18649.40522146225
FedDocs Algo: Group 5 is selected
| current_epoch 494 |. Begin client select
SchedulerThread schedule Group [ 5 ], select( 14 clients):
4 | 7 | 9 | 11 | 15 | 37 | 40 | 53 | 74 | 77 | 81 | 83 | 90 | 96 |
-----------------------------------------------------------------Schedule complete
Client 7 trained
Client 7 uploaded
Client 11 trained
Client 11 uploaded
Client 9 trained
Client 9 uploaded
Client 90 trained
Client 90 uploaded
Client 77 trained
Client 77 uploaded
Client 74 trained
Client 74 uploaded
Client 53 trained
Client 53 uploaded
Client 81 trained
Client 81 uploaded
Client 37 trained
Client 37 uploaded
Client 40 trained
Client 40 uploaded
Client 4 trained
Client 4 uploaded
Client 96 trained
Client 96 uploaded
Client 83 trained
Client 83 uploaded
Client 15 trained
Client 15 uploaded
Epoch(t): 494 accuracy: 72.39 loss 1.0855707359313964 run_time: 18689.153201580048
FedDocs Algo: Group 5 is selected
| current_epoch 495 |. Begin client select
SchedulerThread schedule Group [ 5 ], select( 14 clients):
4 | 7 | 9 | 11 | 15 | 37 | 40 | 53 | 74 | 77 | 81 | 83 | 90 | 96 |
-----------------------------------------------------------------Schedule complete
Client 7 trained
Client 7 uploaded
Client 11 trained
Client 11 uploaded
Client 9 trained
Client 9 uploaded
Client 90 trained
Client 90 uploaded
Client 74 trained
Client 74 uploaded
Client 77 trained
Client 77 uploaded
Client 53 trained
Client 53 uploaded
Client 81 trained
Client 81 uploaded
Client 37 trained
Client 37 uploaded
Client 40 trained
Client 40 uploaded
Client 83 trained
Client 83 uploaded
Client 96 trained
Client 96 uploaded
Client 4 trained
Client 4 uploaded
Client 15 trained
Client 15 uploaded
Epoch(t): 495 accuracy: 72.56 loss 1.1016391909122467 run_time: 18729.01568388939
FedDocs Algo: Group 5 is selected
| current_epoch 496 |. Begin client select
SchedulerThread schedule Group [ 5 ], select( 14 clients):
4 | 7 | 9 | 11 | 15 | 37 | 40 | 53 | 74 | 77 | 81 | 83 | 90 | 96 |
-----------------------------------------------------------------Schedule complete
Client 7 trained
Client 7 uploaded
Client 11 trained
Client 11 uploaded
Client 9 trained
Client 9 uploaded
Client 90 trained
Client 90 uploaded
Client 77 trained
Client 77 uploaded
Client 74 trained
Client 74 uploaded
Client 53 trained
Client 53 uploaded
Client 81 trained
Client 81 uploaded
Client 40 trained
Client 40 uploaded
Client 37 trained
Client 37 uploaded
Client 96 trained
Client 96 uploaded
Client 83 trained
Client 83 uploaded
Client 4 trained
Client 4 uploaded
Client 15 trained
Client 15 uploaded
Epoch(t): 496 accuracy: 72.2 loss 1.121749119758606 run_time: 18769.082642793655
FedDocs Algo: Group 5 is selected
| current_epoch 497 |. Begin client select
SchedulerThread schedule Group [ 5 ], select( 14 clients):
4 | 7 | 9 | 11 | 15 | 37 | 40 | 53 | 74 | 77 | 81 | 83 | 90 | 96 |
-----------------------------------------------------------------Schedule complete
Client 11 trained
Client 11 uploaded
Client 7 trained
Client 7 uploaded
Client 9 trained
Client 9 uploaded
Client 90 trained
Client 90 uploaded
Client 74 trained
Client 74 uploaded
Client 77 trained
Client 77 uploaded
Client 53 trained
Client 53 uploaded
Client 81 trained
Client 81 uploaded
Client 40 trained
Client 40 uploaded
Client 37 trained
Client 37 uploaded
Client 96 trained
Client 96 uploaded
Client 4 trained
Client 4 uploaded
Client 83 trained
Client 83 uploaded
Client 15 trained
Client 15 uploaded
Epoch(t): 497 accuracy: 71.95 loss 1.1238280594348908 run_time: 18808.75643968582
FedDocs Algo: Group 5 is selected
| current_epoch 498 |. Begin client select
SchedulerThread schedule Group [ 5 ], select( 14 clients):
4 | 7 | 9 | 11 | 15 | 37 | 40 | 53 | 74 | 77 | 81 | 83 | 90 | 96 |
-----------------------------------------------------------------Schedule complete
Client 11 trained
Client 11 uploaded
Client 7 trained
Client 7 uploaded
Client 9 trained
Client 9 uploaded
Client 90 trained
Client 90 uploaded
Client 77 trained
Client 77 uploaded
Client 74 trained
Client 74 uploaded
Client 53 trained
Client 53 uploaded
Client 81 trained
Client 81 uploaded
Client 37 trained
Client 37 uploaded
Client 40 trained
Client 40 uploaded
Client 4 trained
Client 4 uploaded
Client 96 trained
Client 96 uploaded
Client 83 trained
Client 83 uploaded
Client 15 trained
Client 15 uploaded
Epoch(t): 498 accuracy: 72.27 loss 1.1396484303474426 run_time: 18849.657586336136
FedDocs Algo: Group 5 is selected
| current_epoch 499 |. Begin client select
SchedulerThread schedule Group [ 5 ], select( 14 clients):
4 | 7 | 9 | 11 | 15 | 37 | 40 | 53 | 74 | 77 | 81 | 83 | 90 | 96 |
-----------------------------------------------------------------Schedule complete
Client 7 trained
Client 7 uploaded
Client 11 trained
Client 11 uploaded
Client 9 trained
Client 9 uploaded
Client 90 trained
Client 90 uploaded
Client 74 trained
Client 74 uploaded
Client 77 trained
Client 77 uploaded
Client 53 trained
Client 53 uploaded
Client 81 trained
Client 81 uploaded
Client 40 trained
Client 40 uploaded
Client 37 trained
Client 37 uploaded
Client 4 trained
Client 4 uploaded
Client 96 trained
Client 96 uploaded
Client 83 trained
Client 83 uploaded
Client 15 trained
Client 15 uploaded
Epoch(t): 499 accuracy: 72.16 loss 1.1470026808977127 run_time: 18889.707520484924
FedDocs Algo: Group 5 is selected
| current_epoch 500 |. Begin client select
SchedulerThread schedule Group [ 5 ], select( 14 clients):
4 | 7 | 9 | 11 | 15 | 37 | 40 | 53 | 74 | 77 | 81 | 83 | 90 | 96 |
-----------------------------------------------------------------Schedule complete
Client 7 trained
Client 7 uploaded
Client 11 trained
Client 11 uploaded
Client 9 trained
Client 9 uploaded
Client 90 trained
Client 90 uploaded
Client 77 trained
Client 77 uploaded
Client 74 trained
Client 74 uploaded
Client 53 trained
Client 53 uploaded
Client 81 trained
Client 81 uploaded
Client 37 trained
Client 37 uploaded
Client 40 trained
Client 40 uploaded
Client 83 trained
Client 83 uploaded
Client 4 trained
Client 4 uploaded
Client 15 trained
Client 15 uploaded
Client 96 trained
Client 96 uploaded
Epoch(t): 500 accuracy: 72.18 loss 1.1482179671525956 run_time: 18929.756894111633
FedDocs Algo: Group 5 is selected
| current_epoch 501 |. Begin client select
SchedulerThread schedule Group [ 5 ], select( 14 clients):
4 | 7 | 9 | 11 | 15 | 37 | 40 | 53 | 74 | 77 | 81 | 83 | 90 | 96 |
-----------------------------------------------------------------Schedule complete
Client 7 trained
Client 7 uploaded
Client 11 trained
Client 11 uploaded
Client 9 trained
Client 9 uploaded
Client 90 trained
Client 90 uploaded
Client 74 trained
Client 74 uploaded
Client 53 trained
Client 53 uploaded
Client 77 trained
Client 77 uploaded
Client 81 trained
Client 81 uploaded
Client 40 trained
Client 40 uploaded
Client 37 trained
Client 37 uploaded
Client 83 trained
Client 83 uploaded
Client 4 trained
Client 4 uploaded
Client 96 trained
Client 96 uploaded
Client 15 trained
Client 15 uploaded
Epoch(t): 501 accuracy: 72.08 loss 1.157555478811264 run_time: 18968.400182008743
FedDocs Algo: Group 2 is selected
| current_epoch 502 |. Begin client select
SchedulerThread schedule Group [ 2 ], select( 15 clients):
8 | 16 | 18 | 19 | 21 | 27 | 34 | 42 | 51 | 55 | 58 | 64 | 75 | 76 | 93 |
-----------------------------------------------------------------Schedule complete
Client 18 trained
Client 18 uploaded
Client 16 trained
Client 16 uploaded
Client 51 trained
Client 51 uploaded
Client 27 trained
Client 27 uploaded
Client 21 trained
Client 21 uploaded
Client 19 trained
Client 19 uploaded
Client 55 trained
Client 55 uploaded
Client 75 trained
Client 75 uploaded
Client 64 trained
Client 64 uploaded
Client 42 trained
Client 42 uploaded
Client 8 trained
Client 8 uploaded
Client 34 trained
Client 34 uploaded
Client 58 trained
Client 58 uploaded
Client 76 trained
Client 76 uploaded
Client 93 trained
Client 93 uploaded
Epoch(t): 502 accuracy: 73.82 loss 0.9443944174051285 run_time: 19008.401243448257
FedDocs Algo: Group 0 is selected
| current_epoch 503 |. Begin client select
SchedulerThread schedule Group [ 0 ], select( 13 clients):
2 | 3 | 29 | 47 | 52 | 54 | 56 | 66 | 67 | 68 | 70 | 84 | 86 |
-----------------------------------------------------------------Schedule complete
Client 47 trained
Client 47 uploaded
Client 86 trained
Client 86 uploaded
Client 29 trained
Client 29 uploaded
Client 52 trained
Client 52 uploaded
Client 54 trained
Client 54 uploaded
Client 2 trained
Client 2 uploaded
Client 70 trained
Client 70 uploaded
Client 3 trained
Client 3 uploaded
Client 56 trained
Client 56 uploaded
Client 68 trained
Client 68 uploaded
Client 66 trained
Client 66 uploaded
Client 84 trained
Client 84 uploaded
Client 67 trained
Client 67 uploaded
Epoch(t): 503 accuracy: 74.18 loss 0.9330542799830437 run_time: 19042.64940714836
FedDocs Algo: Group 5 is selected
| current_epoch 504 |. Begin client select
SchedulerThread schedule Group [ 5 ], select( 14 clients):
4 | 7 | 9 | 11 | 15 | 37 | 40 | 53 | 74 | 77 | 81 | 83 | 90 | 96 |
-----------------------------------------------------------------Schedule complete
Client 11 trained
Client 11 uploaded
Client 7 trained
Client 7 uploaded
Client 90 trained
Client 90 uploaded
Client 9 trained
Client 9 uploaded
Client 74 trained
Client 74 uploaded
Client 77 trained
Client 77 uploaded
Client 53 trained
Client 53 uploaded
Client 81 trained
Client 81 uploaded
Client 37 trained
Client 37 uploaded
Client 40 trained
Client 40 uploaded
Client 96 trained
Client 96 uploaded
Client 83 trained
Client 83 uploaded
Client 4 trained
Client 4 uploaded
Client 15 trained
Client 15 uploaded
Epoch(t): 504 accuracy: 73.19 loss 1.0099972409009934 run_time: 19081.123082876205
FedDocs Algo: Group 0 is selected
| current_epoch 505 |. Begin client select
SchedulerThread schedule Group [ 0 ], select( 13 clients):
2 | 3 | 29 | 47 | 52 | 54 | 56 | 66 | 67 | 68 | 70 | 84 | 86 |
-----------------------------------------------------------------Schedule complete
Client 47 trained
Client 47 uploaded
Client 86 trained
Client 86 uploaded
Client 29 trained
Client 29 uploaded
Client 52 trained
Client 52 uploaded
Client 54 trained
Client 54 uploaded
Client 2 trained
Client 2 uploaded
Client 70 trained
Client 70 uploaded
Client 3 trained
Client 3 uploaded
Client 56 trained
Client 56 uploaded
Client 68 trained
Client 68 uploaded
Client 66 trained
Client 66 uploaded
Client 84 trained
Client 84 uploaded
Client 67 trained
Client 67 uploaded
Epoch(t): 505 accuracy: 73.52 loss 0.9754739767313003 run_time: 19114.752886533737
FedDocs Algo: Group 5 is selected
| current_epoch 506 |. Begin client select
SchedulerThread schedule Group [ 5 ], select( 14 clients):
4 | 7 | 9 | 11 | 15 | 37 | 40 | 53 | 74 | 77 | 81 | 83 | 90 | 96 |
-----------------------------------------------------------------Schedule complete
Client 11 trained
Client 11 uploaded
Client 7 trained
Client 7 uploaded
Client 9 trained
Client 9 uploaded
Client 90 trained
Client 90 uploaded
Client 77 trained
Client 77 uploaded
Client 74 trained
Client 74 uploaded
Client 53 trained
Client 53 uploaded
Client 81 trained
Client 81 uploaded
Client 40 trained
Client 40 uploaded
Client 37 trained
Client 37 uploaded
Client 96 trained
Client 96 uploaded
Client 83 trained
Client 83 uploaded
Client 4 trained
Client 4 uploaded
Client 15 trained
Client 15 uploaded
Epoch(t): 506 accuracy: 72.92 loss 1.0359416311979295 run_time: 19153.154790878296
FedDocs Algo: Group 5 is selected
| current_epoch 507 |. Begin client select
SchedulerThread schedule Group [ 5 ], select( 14 clients):
4 | 7 | 9 | 11 | 15 | 37 | 40 | 53 | 74 | 77 | 81 | 83 | 90 | 96 |
-----------------------------------------------------------------Schedule complete
Client 7 trained
Client 7 uploaded
Client 11 trained
Client 11 uploaded
Client 9 trained
Client 9 uploaded
Client 90 trained
Client 90 uploaded
Client 74 trained
Client 74 uploaded
Client 77 trained
Client 77 uploaded
Client 53 trained
Client 53 uploaded
Client 81 trained
Client 81 uploaded
Client 40 trained
Client 40 uploaded
Client 37 trained
Client 37 uploaded
Client 96 trained
Client 96 uploaded
Client 4 trained
Client 4 uploaded
Client 83 trained
Client 83 uploaded
Client 15 trained
Client 15 uploaded
Epoch(t): 507 accuracy: 72.73 loss 1.080907854437828 run_time: 19192.43748474121
FedDocs Algo: Group 5 is selected
| current_epoch 508 |. Begin client select
SchedulerThread schedule Group [ 5 ], select( 14 clients):
4 | 7 | 9 | 11 | 15 | 37 | 40 | 53 | 74 | 77 | 81 | 83 | 90 | 96 |
-----------------------------------------------------------------Schedule complete
Client 11 trained
Client 11 uploaded
Client 7 trained
Client 7 uploaded
Client 9 trained
Client 9 uploaded
Client 90 trained
Client 90 uploaded
Client 74 trained
Client 74 uploaded
Client 77 trained
Client 77 uploaded
Client 53 trained
Client 53 uploaded
Client 81 trained
Client 81 uploaded
Client 40 trained
Client 40 uploaded
Client 37 trained
Client 37 uploaded
Client 4 trained
Client 4 uploaded
Client 83 trained
Client 83 uploaded
Client 15 trained
Client 15 uploaded
Client 96 trained
Client 96 uploaded
Epoch(t): 508 accuracy: 72.74 loss 1.0944295933842658 run_time: 19232.366192102432
FedDocs Algo: Group 6 is selected
| current_epoch 509 |. Begin client select
SchedulerThread schedule Group [ 6 ], select( 13 clients):
0 | 6 | 14 | 25 | 30 | 39 | 57 | 65 | 71 | 73 | 79 | 82 | 88 |
-----------------------------------------------------------------Schedule complete
Client 39 trained
Client 39 uploaded
Client 57 trained
Client 57 uploaded
Client 30 trained
Client 30 uploaded
Client 88 trained
Client 88 uploaded
Client 79 trained
Client 79 uploaded
Client 71 trained
Client 71 uploaded
Client 14 trained
Client 14 uploaded
Client 0 trained
Client 0 uploaded
Client 82 trained
Client 82 uploaded
Client 65 trained
Client 65 uploaded
Client 73 trained
Client 73 uploaded
Client 6 trained
Client 6 uploaded
Client 25 trained
Client 25 uploaded
Epoch(t): 509 accuracy: 73.81 loss 0.9459270644187927 run_time: 19262.658381938934
FedDocs Algo: Group 5 is selected
| current_epoch 510 |. Begin client select
SchedulerThread schedule Group [ 5 ], select( 14 clients):
4 | 7 | 9 | 11 | 15 | 37 | 40 | 53 | 74 | 77 | 81 | 83 | 90 | 96 |
-----------------------------------------------------------------Schedule complete
Client 11 trained
Client 11 uploaded
Client 7 trained
Client 7 uploaded
Client 90 trained
Client 90 uploaded
Client 9 trained
Client 9 uploaded
Client 77 trained
Client 77 uploaded
Client 74 trained
Client 74 uploaded
Client 53 trained
Client 53 uploaded
Client 81 trained
Client 81 uploaded
Client 37 trained
Client 37 uploaded
Client 40 trained
Client 40 uploaded
Client 83 trained
Client 83 uploaded
Client 4 trained
Client 4 uploaded
Client 96 trained
Client 96 uploaded
Client 15 trained
Client 15 uploaded
Epoch(t): 510 accuracy: 73.54 loss 1.0187282574176788 run_time: 19303.03297138214
Average delay = 0.0
scheduler_thread joined
updater_thread joined
data_getter_thread joined
End!
Time used:
5:22:47.034584
322.78333333333336 min
5.379722222222222 h
====================
开始缓存清理
缓存清理完成
====================