generate customize clients distribution...
train_dataset data generation process completed
generate customize clients distribution...
test_dataset data generation process completed
Running Mode: Default(Thread)
Training Mode: Single-GPU-Mode
Using cuda: 0
Starting clients
(0, 421, {0: 221, 1: 34, 2: 0, 3: 3, 4: 28, 5: 20, 6: 61, 7: 32, 8: 0, 9: 22})
(1, 907, {0: 104, 1: 8, 2: 68, 3: 94, 4: 364, 5: 116, 6: 84, 7: 32, 8: 21, 9: 16})
(2, 487, {0: 64, 1: 0, 2: 3, 3: 83, 4: 199, 5: 5, 6: 107, 7: 21, 8: 5, 9: 0})
(3, 850, {0: 35, 1: 107, 2: 214, 3: 48, 4: 120, 5: 74, 6: 1, 7: 124, 8: 1, 9: 126})
(4, 848, {0: 7, 1: 1, 2: 177, 3: 9, 4: 244, 5: 82, 6: 109, 7: 7, 8: 4, 9: 208})
(5, 230, {0: 44, 1: 79, 2: 3, 3: 0, 4: 10, 5: 76, 6: 8, 7: 0, 8: 2, 9: 8})
(6, 499, {0: 11, 1: 18, 2: 65, 3: 140, 4: 0, 5: 52, 6: 86, 7: 3, 8: 78, 9: 46})
(7, 1478, {0: 0, 1: 447, 2: 0, 3: 344, 4: 101, 5: 200, 6: 175, 7: 1, 8: 92, 9: 118})
(8, 647, {0: 81, 1: 13, 2: 119, 3: 162, 4: 49, 5: 4, 6: 85, 7: 10, 8: 2, 9: 122})
(9, 798, {0: 145, 1: 16, 2: 52, 3: 2, 4: 16, 5: 0, 6: 196, 7: 232, 8: 85, 9: 54})
(10, 319, {0: 57, 1: 9, 2: 43, 3: 3, 4: 31, 5: 4, 6: 10, 7: 159, 8: 0, 9: 3})
(11, 270, {0: 53, 1: 1, 2: 13, 3: 76, 4: 32, 5: 38, 6: 3, 7: 47, 8: 1, 9: 6})
(12, 578, {0: 200, 1: 51, 2: 6, 3: 40, 4: 28, 5: 108, 6: 33, 7: 102, 8: 9, 9: 1})
(13, 1111, {0: 45, 1: 32, 2: 229, 3: 380, 4: 316, 5: 4, 6: 19, 7: 45, 8: 7, 9: 34})
(14, 907, {0: 5, 1: 159, 2: 13, 3: 48, 4: 231, 5: 158, 6: 65, 7: 1, 8: 201, 9: 26})
(15, 593, {0: 0, 1: 3, 2: 196, 3: 16, 4: 3, 5: 52, 6: 41, 7: 78, 8: 184, 9: 20})
(16, 353, {0: 31, 1: 19, 2: 10, 3: 6, 4: 66, 5: 15, 6: 62, 7: 144, 8: 0, 9: 0})
(17, 338, {0: 108, 1: 3, 2: 6, 3: 0, 4: 1, 5: 4, 6: 56, 7: 49, 8: 101, 9: 10})
(18, 837, {0: 99, 1: 52, 2: 217, 3: 0, 4: 13, 5: 9, 6: 100, 7: 170, 8: 174, 9: 3})
(19, 302, {0: 0, 1: 16, 2: 81, 3: 1, 4: 0, 5: 63, 6: 81, 7: 22, 8: 32, 9: 6})
(20, 533, {0: 104, 1: 3, 2: 36, 3: 17, 4: 16, 5: 226, 6: 34, 7: 0, 8: 87, 9: 10})
(21, 707, {0: 1, 1: 157, 2: 156, 3: 50, 4: 4, 5: 55, 6: 139, 7: 2, 8: 52, 9: 91})
(22, 319, {0: 50, 1: 32, 2: 6, 3: 7, 4: 27, 5: 23, 6: 16, 7: 23, 8: 12, 9: 123})
(23, 700, {0: 37, 1: 0, 2: 68, 3: 91, 4: 172, 5: 2, 6: 2, 7: 13, 8: 155, 9: 160})
(24, 433, {0: 7, 1: 224, 2: 1, 3: 28, 4: 1, 5: 13, 6: 17, 7: 2, 8: 96, 9: 44})
(25, 502, {0: 10, 1: 35, 2: 75, 3: 0, 4: 6, 5: 81, 6: 166, 7: 12, 8: 2, 9: 115})
(26, 1197, {0: 27, 1: 141, 2: 197, 3: 340, 4: 92, 5: 20, 6: 194, 7: 107, 8: 64, 9: 15})
(27, 518, {0: 88, 1: 7, 2: 0, 3: 96, 4: 25, 5: 64, 6: 83, 7: 40, 8: 114, 9: 1})
(28, 315, {0: 10, 1: 1, 2: 8, 3: 79, 4: 70, 5: 21, 6: 27, 7: 71, 8: 15, 9: 13})
(29, 402, {0: 0, 1: 85, 2: 22, 3: 3, 4: 24, 5: 17, 6: 0, 7: 1, 8: 249, 9: 1})
(30, 982, {0: 96, 1: 67, 2: 0, 3: 131, 4: 198, 5: 0, 6: 108, 7: 285, 8: 73, 9: 24})
(31, 451, {0: 226, 1: 35, 2: 4, 3: 27, 4: 84, 5: 4, 6: 36, 7: 4, 8: 7, 9: 24})
(32, 890, {0: 13, 1: 67, 2: 321, 3: 87, 4: 57, 5: 123, 6: 42, 7: 37, 8: 16, 9: 127})
(33, 662, {0: 50, 1: 3, 2: 1, 3: 2, 4: 60, 5: 82, 6: 26, 7: 277, 8: 161, 9: 0})
(34, 434, {0: 15, 1: 2, 2: 6, 3: 75, 4: 7, 5: 0, 6: 305, 7: 5, 8: 11, 9: 8})
(35, 1178, {0: 14, 1: 13, 2: 379, 3: 88, 4: 295, 5: 102, 6: 8, 7: 277, 8: 1, 9: 1})
(36, 624, {0: 147, 1: 24, 2: 6, 3: 4, 4: 126, 5: 0, 6: 120, 7: 140, 8: 5, 9: 52})
(37, 371, {0: 136, 1: 12, 2: 28, 3: 6, 4: 16, 5: 6, 6: 11, 7: 76, 8: 74, 9: 6})
(38, 600, {0: 52, 1: 24, 2: 57, 3: 32, 4: 0, 5: 1, 6: 35, 7: 151, 8: 168, 9: 80})
(39, 523, {0: 18, 1: 1, 2: 203, 3: 75, 4: 41, 5: 16, 6: 0, 7: 36, 8: 70, 9: 63})
(40, 941, {0: 68, 1: 342, 2: 4, 3: 42, 4: 68, 5: 185, 6: 109, 7: 21, 8: 95, 9: 7})
(41, 440, {0: 9, 1: 3, 2: 3, 3: 1, 4: 1, 5: 0, 6: 141, 7: 36, 8: 36, 9: 210})
(42, 485, {0: 28, 1: 123, 2: 5, 3: 49, 4: 57, 5: 74, 6: 0, 7: 28, 8: 3, 9: 118})
(43, 885, {0: 75, 1: 218, 2: 1, 3: 32, 4: 12, 5: 248, 6: 21, 7: 1, 8: 115, 9: 162})
(44, 576, {0: 7, 1: 13, 2: 5, 3: 173, 4: 0, 5: 278, 6: 10, 7: 17, 8: 18, 9: 55})
(45, 411, {0: 2, 1: 68, 2: 15, 3: 13, 4: 4, 5: 236, 6: 1, 7: 12, 8: 52, 9: 8})
(46, 1037, {0: 3, 1: 42, 2: 447, 3: 29, 4: 222, 5: 3, 6: 23, 7: 14, 8: 110, 9: 144})
(47, 555, {0: 80, 1: 6, 2: 24, 3: 44, 4: 155, 5: 2, 6: 115, 7: 3, 8: 21, 9: 105})
(48, 431, {0: 71, 1: 28, 2: 6, 3: 5, 4: 70, 5: 31, 6: 5, 7: 80, 8: 37, 9: 98})
(49, 985, {0: 308, 1: 0, 2: 2, 3: 184, 4: 47, 5: 55, 6: 15, 7: 48, 8: 179, 9: 147})
(50, 304, {0: 17, 1: 80, 2: 28, 3: 26, 4: 11, 5: 36, 6: 17, 7: 5, 8: 6, 9: 78})
(51, 527, {0: 34, 1: 112, 2: 4, 3: 283, 4: 16, 5: 5, 6: 17, 7: 55, 8: 0, 9: 1})
(52, 275, {0: 16, 1: 3, 2: 43, 3: 15, 4: 18, 5: 1, 6: 31, 7: 24, 8: 3, 9: 121})
(53, 360, {0: 35, 1: 37, 2: 4, 3: 30, 4: 4, 5: 133, 6: 2, 7: 45, 8: 23, 9: 47})
(54, 547, {0: 0, 1: 55, 2: 89, 3: 82, 4: 32, 5: 53, 6: 6, 7: 46, 8: 61, 9: 123})
(55, 248, {0: 5, 1: 56, 2: 12, 3: 64, 4: 1, 5: 8, 6: 32, 7: 35, 8: 32, 9: 3})
(56, 495, {0: 3, 1: 5, 2: 59, 3: 6, 4: 73, 5: 0, 6: 210, 7: 5, 8: 49, 9: 85})
(57, 305, {0: 27, 1: 2, 2: 0, 3: 22, 4: 4, 5: 44, 6: 86, 7: 0, 8: 120, 9: 0})
(58, 691, {0: 6, 1: 28, 2: 16, 3: 93, 4: 9, 5: 78, 6: 53, 7: 67, 8: 145, 9: 196})
(59, 500, {0: 8, 1: 4, 2: 258, 3: 49, 4: 10, 5: 5, 6: 3, 7: 6, 8: 69, 9: 88})
(60, 262, {0: 0, 1: 5, 2: 60, 3: 5, 4: 96, 5: 2, 6: 34, 7: 1, 8: 48, 9: 11})
(61, 494, {0: 77, 1: 0, 2: 174, 3: 13, 4: 140, 5: 22, 6: 1, 7: 35, 8: 15, 9: 17})
(62, 598, {0: 34, 1: 18, 2: 33, 3: 49, 4: 1, 5: 2, 6: 328, 7: 16, 8: 117, 9: 0})
(63, 931, {0: 35, 1: 3, 2: 118, 3: 40, 4: 42, 5: 364, 6: 30, 7: 222, 8: 74, 9: 3})
(64, 1330, {0: 291, 1: 39, 2: 125, 3: 53, 4: 40, 5: 196, 6: 1, 7: 225, 8: 328, 9: 32})
(65, 353, {0: 60, 1: 1, 2: 26, 3: 66, 4: 20, 5: 17, 6: 74, 7: 51, 8: 3, 9: 35})
(66, 589, {0: 5, 1: 95, 2: 73, 3: 126, 4: 11, 5: 87, 6: 10, 7: 68, 8: 114, 9: 0})
(67, 461, {0: 1, 1: 26, 2: 93, 3: 20, 4: 83, 5: 97, 6: 81, 7: 38, 8: 2, 9: 20})
(68, 568, {0: 3, 1: 4, 2: 20, 3: 131, 4: 4, 5: 5, 6: 142, 7: 108, 8: 25, 9: 126})
(69, 718, {0: 141, 1: 21, 2: 9, 3: 32, 4: 26, 5: 109, 6: 19, 7: 21, 8: 185, 9: 155})
(70, 1103, {0: 84, 1: 93, 2: 151, 3: 154, 4: 53, 5: 15, 6: 169, 7: 72, 8: 62, 9: 250})
(71, 401, {0: 82, 1: 191, 2: 8, 3: 41, 4: 53, 5: 0, 6: 20, 7: 1, 8: 1, 9: 4})
(72, 527, {0: 24, 1: 12, 2: 105, 3: 3, 4: 5, 5: 5, 6: 16, 7: 287, 8: 68, 9: 2})
(73, 549, {0: 48, 1: 6, 2: 21, 3: 188, 4: 168, 5: 80, 6: 17, 7: 19, 8: 1, 9: 1})
(74, 617, {0: 16, 1: 256, 2: 0, 3: 5, 4: 75, 5: 27, 6: 171, 7: 0, 8: 29, 9: 38})
(75, 393, {0: 26, 1: 29, 2: 66, 3: 158, 4: 0, 5: 21, 6: 9, 7: 25, 8: 58, 9: 1})
(76, 294, {0: 8, 1: 45, 2: 4, 3: 40, 4: 14, 5: 20, 6: 70, 7: 42, 8: 5, 9: 46})
(77, 771, {0: 0, 1: 418, 2: 0, 3: 10, 4: 78, 5: 2, 6: 0, 7: 39, 8: 64, 9: 160})
(78, 1132, {0: 418, 1: 22, 2: 40, 3: 222, 4: 3, 5: 72, 6: 240, 7: 0, 8: 5, 9: 110})
(79, 222, {0: 0, 1: 3, 2: 99, 3: 24, 4: 0, 5: 1, 6: 45, 7: 5, 8: 45, 9: 0})
(80, 792, {0: 21, 1: 105, 2: 6, 3: 51, 4: 19, 5: 134, 6: 169, 7: 47, 8: 155, 9: 85})
(81, 546, {0: 4, 1: 0, 2: 50, 3: 69, 4: 78, 5: 130, 6: 1, 7: 3, 8: 16, 9: 195})
(82, 491, {0: 125, 1: 8, 2: 7, 3: 37, 4: 45, 5: 6, 6: 214, 7: 13, 8: 21, 9: 15})
(83, 699, {0: 8, 1: 404, 2: 1, 3: 14, 4: 103, 5: 110, 6: 9, 7: 4, 8: 43, 9: 3})
(84, 275, {0: 54, 1: 19, 2: 4, 3: 38, 4: 14, 5: 71, 6: 19, 7: 18, 8: 19, 9: 19})
(85, 855, {0: 65, 1: 101, 2: 33, 3: 5, 4: 41, 5: 1, 6: 24, 7: 297, 8: 8, 9: 280})
(86, 615, {0: 173, 1: 0, 2: 37, 3: 0, 4: 69, 5: 26, 6: 128, 7: 52, 8: 63, 9: 67})
(87, 748, {0: 192, 1: 41, 2: 153, 3: 3, 4: 51, 5: 4, 6: 15, 7: 4, 8: 110, 9: 175})
(88, 554, {0: 53, 1: 128, 2: 0, 3: 82, 4: 91, 5: 171, 6: 2, 7: 20, 8: 6, 9: 1})
(89, 393, {0: 1, 1: 4, 2: 1, 3: 125, 4: 1, 5: 1, 6: 48, 7: 89, 8: 0, 9: 123})
(90, 508, {0: 35, 1: 39, 2: 143, 3: 9, 4: 36, 5: 3, 6: 30, 7: 4, 8: 206, 9: 3})
(91, 520, {0: 57, 1: 108, 2: 17, 3: 38, 4: 23, 5: 110, 6: 20, 7: 1, 8: 124, 9: 22})
(92, 217, {0: 38, 1: 30, 2: 1, 3: 9, 4: 3, 5: 119, 6: 0, 7: 14, 8: 0, 9: 3})
(93, 362, {0: 16, 1: 191, 2: 43, 3: 46, 4: 7, 5: 20, 6: 25, 7: 0, 8: 0, 9: 14})
(94, 793, {0: 64, 1: 244, 2: 35, 3: 23, 4: 86, 5: 2, 6: 27, 7: 145, 8: 165, 9: 2})
(95, 506, {0: 85, 1: 2, 2: 0, 3: 18, 4: 222, 5: 6, 6: 27, 7: 89, 8: 55, 9: 2})
(96, 257, {0: 22, 1: 7, 2: 31, 3: 1, 4: 4, 5: 53, 6: 19, 7: 0, 8: 28, 9: 92})
(97, 683, {0: 399, 1: 1, 2: 62, 3: 72, 4: 20, 5: 1, 6: 7, 7: 8, 8: 104, 9: 9})
(98, 431, {0: 20, 1: 4, 2: 10, 3: 0, 4: 51, 5: 133, 6: 54, 7: 79, 8: 10, 9: 70})
(99, 1298, {0: 0, 1: 47, 2: 21, 3: 43, 4: 135, 5: 337, 6: 33, 7: 450, 8: 10, 9: 222})
Start server:
| current_epoch 1 |. Begin client select
SchedulerThread schedule Group [ 7 ], select( 15 clients):
1 | 5 | 8 | 22 | 34 | 37 | 39 | 44 | 54 | 59 | 62 | 83 | 85 | 91 | 94 |
-----------------------------------------------------------------Schedule complete
Client 5 trained
Client 5 uploaded
Client 85 trained
Client 85 uploaded
Client 22 trained
Client 22 uploaded
Client 59 trained
Client 59 uploaded
Client 37 trained
Client 37 uploaded
Client 39 trained
Client 39 uploaded
Client 34 trained
Client 34 uploaded
Client 62 trained
Client 62 uploaded
Client 44 trained
Client 44 uploaded
Client 91 trained
Client 91 uploaded
Client 54 trained
Client 54 uploaded
Client 8 trained
Client 83 trained
Client 8 uploaded
Client 83 uploaded
Client 1 trained
Client 1 uploaded
Client 94 trained
Client 94 uploaded
Epoch(t): 1 accuracy: 11.65 loss 2.2842891216278076 run_time: 1.65616774559021
| current_epoch 2 |. Begin client select
SchedulerThread schedule Group [ 5 ], select( 11 clients):
2 | 6 | 9 | 13 | 25 | 50 | 69 | 88 | 90 | 97 | 99 |
-----------------------------------------------------------------Schedule complete
Client 9 trained
Client 9 uploaded
Client 2 trained
Client 2 uploaded
Client 88 trained
Client 88 uploaded
Client 6 trained
Client 6 uploaded
Client 50 trained
Client 50 uploaded
Client 25 trained
Client 90 trained
Client 25 uploaded
Client 90 uploaded
Client 97 trained
Client 97 uploaded
Client 69 trained
Client 69 uploaded
Client 13 trained
Client 13 uploaded
Client 99 trained
Client 99 uploaded
Epoch(t): 2 accuracy: 23.35 loss 2.2239357304573057 run_time: 3.2320101261138916
| current_epoch 3 |. Begin client select
SchedulerThread schedule Group [ 3 ], select( 8 clients):
15 | 16 | 24 | 27 | 36 | 43 | 53 | 82 |
-----------------------------------------------------------------Schedule complete
Client 82 trained
Client 82 uploaded
Client 16 trained
Client 16 uploaded
Client 53 trained
Client 53 uploaded
Client 24 trained
Client 24 uploaded
Client 27 trained
Client 27 uploaded
Client 36 trained
Client 36 uploaded
Client 15 trained
Client 15 uploaded
Client 43 trained
Client 43 uploaded
Epoch(t): 3 accuracy: 20.35 loss 2.141706018447876 run_time: 4.5011677742004395
| current_epoch 4 |. Begin client select
SchedulerThread schedule Group [ 6 ], select( 8 clients):
23 | 33 | 46 | 51 | 74 | 81 | 86 | 93 |
-----------------------------------------------------------------Schedule complete
Client 93 trained
Client 93 uploaded
Client 51 trained
Client 51 uploaded
Client 81 trained
Client 81 uploaded
Client 74 trained
Client 74 uploaded
Client 86 trained
Client 86 uploaded
Client 33 trained
Client 33 uploaded
Client 23 trained
Client 23 uploaded
Client 46 trained
Client 46 uploaded
Epoch(t): 4 accuracy: 27.07 loss 1.9426743483543396 run_time: 5.877020835876465
| current_epoch 5 |. Begin client select
SchedulerThread schedule Group [ 9 ], select( 8 clients):
21 | 31 | 55 | 63 | 68 | 75 | 87 | 95 |
-----------------------------------------------------------------Schedule complete
Client 21 trained
Client 21 uploaded
Client 55 trained
Client 55 uploaded
Client 75 trained
Client 75 uploaded
Client 95 trained
Client 95 uploaded
Client 31 trained
Client 31 uploaded
Client 68 trained
Client 68 uploaded
Client 87 trained
Client 87 uploaded
Client 63 trained
Client 63 uploaded
Epoch(t): 5 accuracy: 43.72 loss 1.6245460438728332 run_time: 7.103031158447266
| current_epoch 6 |. Begin client select
SchedulerThread schedule Group [ 0 ], select( 9 clients):
4 | 7 | 12 | 18 | 20 | 38 | 60 | 84 | 89 |
-----------------------------------------------------------------Schedule complete
Client 84 trained
Client 84 uploaded
Client 89 trained
Client 89 uploaded
Client 4 trained
Client 4 uploaded
Client 60 trained
Client 60 uploaded
Client 12 trained
Client 12 uploaded
Client 38 trained
Client 38 uploaded
Client 18 trained
Client 18 uploaded
Client 20 trained
Client 20 uploaded
Client 7 trained
Client 7 uploaded
Epoch(t): 6 accuracy: 47.08 loss 1.4317386090755462 run_time: 8.53069281578064
| current_epoch 7 |. Begin client select
SchedulerThread schedule Group [ 8 ], select( 11 clients):
10 | 11 | 29 | 35 | 57 | 58 | 65 | 67 | 77 | 78 | 98 |
-----------------------------------------------------------------Schedule complete
Client 10 trained
Client 10 uploaded
Client 57 trained
Client 57 uploaded
Client 11 trained
Client 11 uploaded
Client 65 trained
Client 65 uploaded
Client 98 trained
Client 98 uploaded
Client 29 trained
Client 29 uploaded
Client 67 trained
Client 67 uploaded
Client 58 trained
Client 58 uploaded
Client 77 trained
Client 77 uploaded
Client 78 trained
Client 78 uploaded
Client 35 trained
Client 35 uploaded
Epoch(t): 7 accuracy: 57.06 loss 1.2269207561016082 run_time: 10.032681226730347
| current_epoch 8 |. Begin client select
SchedulerThread schedule Group [ 4 ], select( 10 clients):
0 | 14 | 17 | 30 | 32 | 66 | 70 | 76 | 92 | 96 |
-----------------------------------------------------------------Schedule complete
Client 96 trained
Client 96 uploaded
Client 66 trained
Client 66 uploaded
Client 17 trained
Client 17 uploaded
Client 32 trained
Client 32 uploaded
Client 76 trained
Client 76 uploaded
Client 0 trained
Client 0 uploaded
Client 92 trained
Client 92 uploaded
Client 14 trained
Client 14 uploaded
Client 30 trained
Client 30 uploaded
Client 70 trained
Client 70 uploaded
Epoch(t): 8 accuracy: 60.72 loss 1.0911964255571365 run_time: 11.53833794593811
| current_epoch 9 |. Begin client select
SchedulerThread schedule Group [ 1 ], select( 10 clients):
3 | 19 | 40 | 47 | 49 | 52 | 72 | 73 | 79 | 80 |
-----------------------------------------------------------------Schedule complete
Client 79 trained
Client 79 uploaded
Client 52 trained
Client 52 uploaded
Client 19 trained
Client 19 uploaded
Client 40 trained
Client 40 uploaded
Client 73 trained
Client 73 uploaded
Client 47 trained
Client 47 uploaded
Client 80 trained
Client 80 uploaded
Client 72 trained
Client 72 uploaded
Client 3 trained
Client 3 uploaded
Client 49 trained
Client 49 uploaded
Epoch(t): 9 accuracy: 62.93 loss 1.0321849101781846 run_time: 12.93673586845398
| current_epoch 10 |. Begin client select
SchedulerThread schedule Group [ 2 ], select( 10 clients):
26 | 28 | 41 | 42 | 45 | 48 | 56 | 61 | 64 | 71 |
-----------------------------------------------------------------Schedule complete
Client 28 trained
Client 28 uploaded
Client 45 trained
Client 45 uploaded
Client 48 trained
Client 48 uploaded
Client 71 trained
Client 71 uploaded
Client 41 trained
Client 41 uploaded
Client 42 trained
Client 42 uploaded
Client 61 trained
Client 61 uploaded
Client 56 trained
Client 56 uploaded
Client 26 trained
Client 26 uploaded
Client 64 trained
Client 64 uploaded
Epoch(t): 10 accuracy: 62.0 loss 1.01029254257679 run_time: 14.460305213928223
| current_epoch 11 |. Begin client select
SchedulerThread schedule Group [ 7 ], select( 15 clients):
1 | 5 | 8 | 22 | 34 | 37 | 39 | 44 | 54 | 59 | 62 | 83 | 85 | 91 | 94 |
-----------------------------------------------------------------Schedule complete
Client 1 trained
Client 1 uploaded
Client 94 trained
Client 94 uploaded
Client 85 trained
Client 85 uploaded
Client 44 trained
Client 44 uploaded
Client 83 trained
Client 83 uploaded
Client 8 trained
Client 8 uploaded
Client 62 trained
Client 62 uploaded
Client 54 trained
Client 54 uploaded
Client 5 trained
Client 5 uploaded
Client 39 trained
Client 39 uploaded
Client 91 trained
Client 91 uploaded
Client 59 trained
Client 59 uploaded
Client 34 trained
Client 34 uploaded
Client 37 trained
Client 37 uploaded
Client 22 trained
Client 22 uploaded
Epoch(t): 11 accuracy: 64.63 loss 0.9555673545598984 run_time: 16.017112970352173
| current_epoch 12 |. Begin client select
SchedulerThread schedule Group [ 5 ], select( 11 clients):
2 | 6 | 9 | 13 | 25 | 50 | 69 | 88 | 90 | 97 | 99 |
-----------------------------------------------------------------Schedule complete
Client 13 trained
Client 13 uploaded
Client 9 trained
Client 9 uploaded
Client 99 trained
Client 99 uploaded
Client 69 trained
Client 69 uploaded
Client 97 trained
Client 97 uploaded
Client 88 trained
Client 88 uploaded
Client 25 trained
Client 25 uploaded
Client 50 trained
Client 50 uploaded
Client 2 trained
Client 2 uploaded
Client 6 trained
Client 6 uploaded
Client 90 trained
Client 90 uploaded
Epoch(t): 12 accuracy: 66.67 loss 0.931756266951561 run_time: 17.531447172164917
| current_epoch 13 |. Begin client select
SchedulerThread schedule Group [ 7 ], select( 15 clients):
1 | 5 | 8 | 22 | 34 | 37 | 39 | 44 | 54 | 59 | 62 | 83 | 85 | 91 | 94 |
-----------------------------------------------------------------Schedule complete
Client 1 trained
Client 1 uploaded
Client 85 trained
Client 85 uploaded
Client 94 trained
Client 94 uploaded
Client 8 trained
Client 8 uploaded
Client 83 trained
Client 83 uploaded
Client 44 trained
Client 44 uploaded
Client 62 trained
Client 62 uploaded
Client 54 trained
Client 54 uploaded
Client 91 trained
Client 91 uploaded
Client 39 trained
Client 39 uploaded
Client 59 trained
Client 59 uploaded
Client 34 trained
Client 34 uploaded
Client 37 trained
Client 37 uploaded
Client 22 trained
Client 22 uploaded
Client 5 trained
Client 5 uploaded
Epoch(t): 13 accuracy: 65.71 loss 0.9122944831848144 run_time: 19.084198236465454
| current_epoch 14 |. Begin client select
SchedulerThread schedule Group [ 7 ], select( 15 clients):
1 | 5 | 8 | 22 | 34 | 37 | 39 | 44 | 54 | 59 | 62 | 83 | 85 | 91 | 94 |
-----------------------------------------------------------------Schedule complete
Client 1 trained
Client 1 uploaded
Client 85 trained
Client 85 uploaded
Client 94 trained
Client 94 uploaded
Client 8 trained
Client 8 uploaded
Client 83 trained
Client 83 uploaded
Client 62 trained
Client 62 uploaded
Client 44 trained
Client 44 uploaded
Client 91 trained
Client 91 uploaded
Client 39 trained
Client 39 uploaded
Client 54 trained
Client 54 uploaded
Client 59 trained
Client 59 uploaded
Client 34 trained
Client 34 uploaded
Client 5 trained
Client 5 uploaded
Client 37 trained
Client 37 uploaded
Client 22 trained
Client 22 uploaded
Epoch(t): 14 accuracy: 67.13 loss 0.8956770867109298 run_time: 20.650444269180298
| current_epoch 15 |. Begin client select
SchedulerThread schedule Group [ 7 ], select( 15 clients):
1 | 5 | 8 | 22 | 34 | 37 | 39 | 44 | 54 | 59 | 62 | 83 | 85 | 91 | 94 |
-----------------------------------------------------------------Schedule complete
Client 1 trained
Client 1 uploaded
Client 85 trained
Client 85 uploaded
Client 94 trained
Client 94 uploaded
Client 8 trained
Client 8 uploaded
Client 83 trained
Client 83 uploaded
Client 54 trained
Client 54 uploaded
Client 44 trained
Client 44 uploaded
Client 62 trained
Client 62 uploaded
Client 39 trained
Client 39 uploaded
Client 91 trained
Client 91 uploaded
Client 59 trained
Client 59 uploaded
Client 34 trained
Client 34 uploaded
Client 22 trained
Client 22 uploaded
Client 37 trained
Client 37 uploaded
Client 5 trained
Client 5 uploaded
Epoch(t): 15 accuracy: 68.15 loss 0.8761862272024155 run_time: 22.191279649734497
| current_epoch 16 |. Begin client select
SchedulerThread schedule Group [ 7 ], select( 15 clients):
1 | 5 | 8 | 22 | 34 | 37 | 39 | 44 | 54 | 59 | 62 | 83 | 85 | 91 | 94 |
-----------------------------------------------------------------Schedule complete
Client 1 trained
Client 1 uploaded
Client 94 trained
Client 94 uploaded
Client 85 trained
Client 85 uploaded
Client 8 trained
Client 8 uploaded
Client 83 trained
Client 83 uploaded
Client 44 trained
Client 44 uploaded
Client 54 trained
Client 54 uploaded
Client 62 trained
Client 62 uploaded
Client 91 trained
Client 91 uploaded
Client 39 trained
Client 39 uploaded
Client 59 trained
Client 59 uploaded
Client 34 trained
Client 34 uploaded
Client 37 trained
Client 37 uploaded
Client 22 trained
Client 22 uploaded
Client 5 trained
Client 5 uploaded
Epoch(t): 16 accuracy: 67.8 loss 0.8691947513818741 run_time: 23.807453393936157
| current_epoch 17 |. Begin client select
SchedulerThread schedule Group [ 7 ], select( 15 clients):
1 | 5 | 8 | 22 | 34 | 37 | 39 | 44 | 54 | 59 | 62 | 83 | 85 | 91 | 94 |
-----------------------------------------------------------------Schedule complete
Client 1 trained
Client 1 uploaded
Client 85 trained
Client 85 uploaded
Client 94 trained
Client 94 uploaded
Client 8 trained
Client 8 uploaded
Client 83 trained
Client 83 uploaded
Client 62 trained
Client 62 uploaded
Client 44 trained
Client 44 uploaded
Client 39 trained
Client 39 uploaded
Client 54 trained
Client 54 uploaded
Client 91 trained
Client 91 uploaded
Client 59 trained
Client 59 uploaded
Client 34 trained
Client 34 uploaded
Client 37 trained
Client 37 uploaded
Client 22 trained
Client 22 uploaded
Client 5 trained
Client 5 uploaded
Epoch(t): 17 accuracy: 68.14 loss 0.8609646505117416 run_time: 25.674700498580933
| current_epoch 18 |. Begin client select
SchedulerThread schedule Group [ 3 ], select( 8 clients):
15 | 16 | 24 | 27 | 36 | 43 | 53 | 82 |
-----------------------------------------------------------------Schedule complete
Client 15 trained
Client 15 uploaded
Client 36 trained
Client 36 uploaded
Client 43 trained
Client 43 uploaded
Client 27 trained
Client 27 uploaded
Client 82 trained
Client 82 uploaded
Client 24 trained
Client 24 uploaded
Client 53 trained
Client 53 uploaded
Client 16 trained
Client 16 uploaded
Epoch(t): 18 accuracy: 62.8 loss 0.9603810876607894 run_time: 26.75425624847412
| current_epoch 19 |. Begin client select
SchedulerThread schedule Group [ 7 ], select( 15 clients):
1 | 5 | 8 | 22 | 34 | 37 | 39 | 44 | 54 | 59 | 62 | 83 | 85 | 91 | 94 |
-----------------------------------------------------------------Schedule complete
Client 1 trained
Client 1 uploaded
Client 85 trained
Client 85 uploaded
Client 94 trained
Client 94 uploaded
Client 8 trained
Client 8 uploaded
Client 83 trained
Client 83 uploaded
Client 44 trained
Client 44 uploaded
Client 62 trained
Client 62 uploaded
Client 91 trained
Client 91 uploaded
Client 54 trained
Client 54 uploaded
Client 59 trained
Client 59 uploaded
Client 39 trained
Client 39 uploaded
Client 5 trained
Client 5 uploaded
Client 34 trained
Client 34 uploaded
Client 37 trained
Client 37 uploaded
Client 22 trained
Client 22 uploaded
Epoch(t): 19 accuracy: 69.42 loss 0.8416933399438858 run_time: 28.305845022201538
| current_epoch 20 |. Begin client select
SchedulerThread schedule Group [ 7 ], select( 15 clients):
1 | 5 | 8 | 22 | 34 | 37 | 39 | 44 | 54 | 59 | 62 | 83 | 85 | 91 | 94 |
-----------------------------------------------------------------Schedule complete
Client 85 trained
Client 85 uploaded
Client 1 trained
Client 1 uploaded
Client 94 trained
Client 94 uploaded
Client 83 trained
Client 83 uploaded
Client 44 trained
Client 44 uploaded
Client 8 trained
Client 8 uploaded
Client 62 trained
Client 62 uploaded
Client 91 trained
Client 91 uploaded
Client 39 trained
Client 39 uploaded
Client 54 trained
Client 54 uploaded
Client 59 trained
Client 59 uploaded
Client 34 trained
Client 34 uploaded
Client 37 trained
Client 37 uploaded
Client 22 trained
Client 22 uploaded
Client 5 trained
Client 5 uploaded
Epoch(t): 20 accuracy: 69.39 loss 0.8331606262922286 run_time: 30.01334810256958
| current_epoch 21 |. Begin client select
SchedulerThread schedule Group [ 5 ], select( 11 clients):
2 | 6 | 9 | 13 | 25 | 50 | 69 | 88 | 90 | 97 | 99 |
-----------------------------------------------------------------Schedule complete
Client 9 trained
Client 9 uploaded
Client 13 trained
Client 13 uploaded
Client 99 trained
Client 99 uploaded
Client 69 trained
Client 69 uploaded
Client 97 trained
Client 97 uploaded
Client 88 trained
Client 88 uploaded
Client 2 trained
Client 2 uploaded
Client 6 trained
Client 6 uploaded
Client 90 trained
Client 90 uploaded
Client 50 trained
Client 50 uploaded
Client 25 trained
Client 25 uploaded
Epoch(t): 21 accuracy: 68.64 loss 0.8320976650714874 run_time: 31.497605800628662
| current_epoch 22 |. Begin client select
SchedulerThread schedule Group [ 7 ], select( 15 clients):
1 | 5 | 8 | 22 | 34 | 37 | 39 | 44 | 54 | 59 | 62 | 83 | 85 | 91 | 94 |
-----------------------------------------------------------------Schedule complete
Client 1 trained
Client 1 uploaded
Client 94 trained
Client 94 uploaded
Client 85 trained
Client 85 uploaded
Client 8 trained
Client 8 uploaded
Client 83 trained
Client 83 uploaded
Client 44 trained
Client 44 uploaded
Client 62 trained
Client 62 uploaded
Client 54 trained
Client 54 uploaded
Client 39 trained
Client 39 uploaded
Client 91 trained
Client 91 uploaded
Client 59 trained
Client 59 uploaded
Client 34 trained
Client 34 uploaded
Client 37 trained
Client 37 uploaded
Client 22 trained
Client 22 uploaded
Client 5 trained
Client 5 uploaded
Epoch(t): 22 accuracy: 69.62 loss 0.8193588268756866 run_time: 33.07461500167847
| current_epoch 23 |. Begin client select
SchedulerThread schedule Group [ 7 ], select( 15 clients):
1 | 5 | 8 | 22 | 34 | 37 | 39 | 44 | 54 | 59 | 62 | 83 | 85 | 91 | 94 |
-----------------------------------------------------------------Schedule complete
Client 85 trained
Client 85 uploaded
Client 1 trained
Client 1 uploaded
Client 94 trained
Client 94 uploaded
Client 8 trained
Client 8 uploaded
Client 83 trained
Client 83 uploaded
Client 44 trained
Client 44 uploaded
Client 62 trained
Client 62 uploaded
Client 91 trained
Client 91 uploaded
Client 39 trained
Client 39 uploaded
Client 54 trained
Client 54 uploaded
Client 59 trained
Client 59 uploaded
Client 34 trained
Client 34 uploaded
Client 5 trained
Client 5 uploaded
Client 37 trained
Client 37 uploaded
Client 22 trained
Client 22 uploaded
Epoch(t): 23 accuracy: 70.04 loss 0.8138140124082566 run_time: 34.71803545951843
| current_epoch 24 |. Begin client select
SchedulerThread schedule Group [ 6 ], select( 8 clients):
23 | 33 | 46 | 51 | 74 | 81 | 86 | 93 |
-----------------------------------------------------------------Schedule complete
Client 23 trained
Client 23 uploaded
Client 33 trained
Client 33 uploaded
Client 46 trained
Client 46 uploaded
Client 74 trained
Client 74 uploaded
Client 86 trained
Client 86 uploaded
Client 51 trained
Client 51 uploaded
Client 81 trained
Client 81 uploaded
Client 93 trained
Client 93 uploaded
Epoch(t): 24 accuracy: 70.39 loss 0.8225577998161316 run_time: 35.84646153450012
| current_epoch 25 |. Begin client select
SchedulerThread schedule Group [ 7 ], select( 15 clients):
1 | 5 | 8 | 22 | 34 | 37 | 39 | 44 | 54 | 59 | 62 | 83 | 85 | 91 | 94 |
-----------------------------------------------------------------Schedule complete
Client 1 trained
Client 1 uploaded
Client 85 trained
Client 85 uploaded
Client 94 trained
Client 94 uploaded
Client 83 trained
Client 83 uploaded
Client 8 trained
Client 8 uploaded
Client 44 trained
Client 44 uploaded
Client 62 trained
Client 62 uploaded
Client 39 trained
Client 39 uploaded
Client 54 trained
Client 54 uploaded
Client 91 trained
Client 91 uploaded
Client 59 trained
Client 59 uploaded
Client 34 trained
Client 34 uploaded
Client 37 trained
Client 37 uploaded
Client 22 trained
Client 22 uploaded
Client 5 trained
Client 5 uploaded
Epoch(t): 25 accuracy: 70.41 loss 0.7935332357883453 run_time: 37.494892835617065
| current_epoch 26 |. Begin client select
SchedulerThread schedule Group [ 7 ], select( 15 clients):
1 | 5 | 8 | 22 | 34 | 37 | 39 | 44 | 54 | 59 | 62 | 83 | 85 | 91 | 94 |
-----------------------------------------------------------------Schedule complete
Client 85 trained
Client 85 uploaded
Client 1 trained
Client 1 uploaded
Client 94 trained
Client 94 uploaded
Client 83 trained
Client 83 uploaded
Client 8 trained
Client 8 uploaded
Client 62 trained
Client 62 uploaded
Client 44 trained
Client 44 uploaded
Client 39 trained
Client 39 uploaded
Client 54 trained
Client 54 uploaded
Client 91 trained
Client 91 uploaded
Client 59 trained
Client 59 uploaded
Client 34 trained
Client 34 uploaded
Client 37 trained
Client 37 uploaded
Client 22 trained
Client 22 uploaded
Client 5 trained
Client 5 uploaded
Epoch(t): 26 accuracy: 70.93 loss 0.7862116008996963 run_time: 39.19809627532959
| current_epoch 27 |. Begin client select
SchedulerThread schedule Group [ 7 ], select( 15 clients):
1 | 5 | 8 | 22 | 34 | 37 | 39 | 44 | 54 | 59 | 62 | 83 | 85 | 91 | 94 |
-----------------------------------------------------------------Schedule complete
Client 85 trained
Client 85 uploaded
Client 1 trained
Client 1 uploaded
Client 94 trained
Client 94 uploaded
Client 8 trained
Client 8 uploaded
Client 83 trained
Client 83 uploaded
Client 44 trained
Client 44 uploaded
Client 62 trained
Client 62 uploaded
Client 59 trained
Client 59 uploaded
Client 34 trained
Client 34 uploaded
Client 54 trained
Client 54 uploaded
Client 91 trained
Client 91 uploaded
Client 39 trained
Client 39 uploaded
Client 5 trained
Client 5 uploaded
Client 37 trained
Client 37 uploaded
Client 22 trained
Client 22 uploaded
Epoch(t): 27 accuracy: 70.85 loss 0.7888157224655151 run_time: 40.77969932556152
| current_epoch 28 |. Begin client select
SchedulerThread schedule Group [ 7 ], select( 15 clients):
1 | 5 | 8 | 22 | 34 | 37 | 39 | 44 | 54 | 59 | 62 | 83 | 85 | 91 | 94 |
-----------------------------------------------------------------Schedule complete
Client 85 trained
Client 85 uploaded
Client 1 trained
Client 1 uploaded
Client 94 trained
Client 94 uploaded
Client 8 trained
Client 8 uploaded
Client 83 trained
Client 83 uploaded
Client 44 trained
Client 44 uploaded
Client 62 trained
Client 62 uploaded
Client 91 trained
Client 91 uploaded
Client 59 trained
Client 59 uploaded
Client 39 trained
Client 39 uploaded
Client 54 trained
Client 54 uploaded
Client 34 trained
Client 34 uploaded
Client 37 trained
Client 37 uploaded
Client 22 trained
Client 22 uploaded
Client 5 trained
Client 5 uploaded
Epoch(t): 28 accuracy: 71.31 loss 0.7759962344169616 run_time: 42.32183051109314
| current_epoch 29 |. Begin client select
SchedulerThread schedule Group [ 7 ], select( 15 clients):
1 | 5 | 8 | 22 | 34 | 37 | 39 | 44 | 54 | 59 | 62 | 83 | 85 | 91 | 94 |
-----------------------------------------------------------------Schedule complete
Client 1 trained
Client 1 uploaded
Client 85 trained
Client 85 uploaded
Client 94 trained
Client 94 uploaded
Client 8 trained
Client 8 uploaded
Client 83 trained
Client 83 uploaded
Client 44 trained
Client 44 uploaded
Client 62 trained
Client 62 uploaded
Client 91 trained
Client 91 uploaded
Client 39 trained
Client 39 uploaded
Client 54 trained
Client 54 uploaded
Client 59 trained
Client 59 uploaded
Client 37 trained
Client 37 uploaded
Client 34 trained
Client 34 uploaded
Client 5 trained
Client 5 uploaded
Client 22 trained
Client 22 uploaded
Epoch(t): 29 accuracy: 71.72 loss 0.7669314265251159 run_time: 43.98536252975464
| current_epoch 30 |. Begin client select
SchedulerThread schedule Group [ 7 ], select( 15 clients):
1 | 5 | 8 | 22 | 34 | 37 | 39 | 44 | 54 | 59 | 62 | 83 | 85 | 91 | 94 |
-----------------------------------------------------------------Schedule complete
Client 85 trained
Client 85 uploaded
Client 1 trained
Client 1 uploaded
Client 94 trained
Client 94 uploaded
Client 8 trained
Client 8 uploaded
Client 83 trained
Client 83 uploaded
Client 62 trained
Client 62 uploaded
Client 44 trained
Client 44 uploaded
Client 54 trained
Client 54 uploaded
Client 91 trained
Client 91 uploaded
Client 39 trained
Client 39 uploaded
Client 59 trained
Client 59 uploaded
Client 37 trained
Client 37 uploaded
Client 34 trained
Client 34 uploaded
Client 22 trained
Client 22 uploaded
Client 5 trained
Client 5 uploaded
Epoch(t): 30 accuracy: 71.69 loss 0.7655072426795959 run_time: 45.708627462387085
| current_epoch 31 |. Begin client select
SchedulerThread schedule Group [ 7 ], select( 15 clients):
1 | 5 | 8 | 22 | 34 | 37 | 39 | 44 | 54 | 59 | 62 | 83 | 85 | 91 | 94 |
-----------------------------------------------------------------Schedule complete
Client 1 trained
Client 1 uploaded
Client 85 trained
Client 85 uploaded
Client 94 trained
Client 94 uploaded
Client 83 trained
Client 83 uploaded
Client 8 trained
Client 8 uploaded
Client 62 trained
Client 62 uploaded
Client 44 trained
Client 44 uploaded
Client 39 trained
Client 39 uploaded
Client 91 trained
Client 91 uploaded
Client 54 trained
Client 54 uploaded
Client 59 trained
Client 59 uploaded
Client 34 trained
Client 34 uploaded
Client 37 trained
Client 37 uploaded
Client 22 trained
Client 22 uploaded
Client 5 trained
Client 5 uploaded
Epoch(t): 31 accuracy: 72.04 loss 0.7606039047241211 run_time: 47.40271973609924
| current_epoch 32 |. Begin client select
SchedulerThread schedule Group [ 5 ], select( 11 clients):
2 | 6 | 9 | 13 | 25 | 50 | 69 | 88 | 90 | 97 | 99 |
-----------------------------------------------------------------Schedule complete
Client 13 trained
Client 13 uploaded
Client 9 trained
Client 9 uploaded
Client 99 trained
Client 99 uploaded
Client 69 trained
Client 69 uploaded
Client 88 trained
Client 88 uploaded
Client 97 trained
Client 97 uploaded
Client 50 trained
Client 50 uploaded
Client 2 trained
Client 2 uploaded
Client 6 trained
Client 6 uploaded
Client 25 trained
Client 25 uploaded
Client 90 trained
Client 90 uploaded
Epoch(t): 32 accuracy: 72.05 loss 0.7654366147518158 run_time: 48.86198687553406
| current_epoch 33 |. Begin client select
SchedulerThread schedule Group [ 7 ], select( 15 clients):
1 | 5 | 8 | 22 | 34 | 37 | 39 | 44 | 54 | 59 | 62 | 83 | 85 | 91 | 94 |
-----------------------------------------------------------------Schedule complete
Client 1 trained
Client 1 uploaded
Client 85 trained
Client 85 uploaded
Client 94 trained
Client 94 uploaded
Client 83 trained
Client 83 uploaded
Client 8 trained
Client 8 uploaded
Client 62 trained
Client 62 uploaded
Client 44 trained
Client 44 uploaded
Client 91 trained
Client 91 uploaded
Client 54 trained
Client 54 uploaded
Client 39 trained
Client 39 uploaded
Client 59 trained
Client 59 uploaded
Client 34 trained
Client 34 uploaded
Client 5 trained
Client 5 uploaded
Client 22 trained
Client 22 uploaded
Client 37 trained
Client 37 uploaded
Epoch(t): 33 accuracy: 72.81 loss 0.7513146185874939 run_time: 50.661356687545776
| current_epoch 34 |. Begin client select
SchedulerThread schedule Group [ 7 ], select( 15 clients):
1 | 5 | 8 | 22 | 34 | 37 | 39 | 44 | 54 | 59 | 62 | 83 | 85 | 91 | 94 |
-----------------------------------------------------------------Schedule complete
Client 1 trained
Client 1 uploaded
Client 85 trained
Client 85 uploaded
Client 94 trained
Client 94 uploaded
Client 8 trained
Client 8 uploaded
Client 83 trained
Client 83 uploaded
Client 44 trained
Client 44 uploaded
Client 62 trained
Client 62 uploaded
Client 54 trained
Client 54 uploaded
Client 59 trained
Client 59 uploaded
Client 39 trained
Client 39 uploaded
Client 91 trained
Client 91 uploaded
Client 34 trained
Client 34 uploaded
Client 5 trained
Client 5 uploaded
Client 22 trained
Client 22 uploaded
Client 37 trained
Client 37 uploaded
Epoch(t): 34 accuracy: 72.51 loss 0.742257427573204 run_time: 52.4102885723114
| current_epoch 35 |. Begin client select
SchedulerThread schedule Group [ 7 ], select( 15 clients):
1 | 5 | 8 | 22 | 34 | 37 | 39 | 44 | 54 | 59 | 62 | 83 | 85 | 91 | 94 |
-----------------------------------------------------------------Schedule complete
Client 1 trained
Client 1 uploaded
Client 8 trained
Client 8 uploaded
Client 94 trained
Client 94 uploaded
Client 85 trained
Client 85 uploaded
Client 83 trained
Client 83 uploaded
Client 39 trained
Client 39 uploaded
Client 62 trained
Client 62 uploaded
Client 44 trained
Client 44 uploaded
Client 54 trained
Client 54 uploaded
Client 91 trained
Client 91 uploaded
Client 59 trained
Client 59 uploaded
Client 34 trained
Client 34 uploaded
Client 37 trained
Client 37 uploaded
Client 22 trained
Client 22 uploaded
Client 5 trained
Client 5 uploaded
Epoch(t): 35 accuracy: 72.54 loss 0.7400343954563141 run_time: 54.139445304870605
| current_epoch 36 |. Begin client select
SchedulerThread schedule Group [ 7 ], select( 15 clients):
1 | 5 | 8 | 22 | 34 | 37 | 39 | 44 | 54 | 59 | 62 | 83 | 85 | 91 | 94 |
-----------------------------------------------------------------Schedule complete
Client 85 trained
Client 85 uploaded
Client 1 trained
Client 1 uploaded
Client 94 trained
Client 94 uploaded
Client 8 trained
Client 8 uploaded
Client 83 trained
Client 83 uploaded
Client 62 trained
Client 62 uploaded
Client 44 trained
Client 44 uploaded
Client 39 trained
Client 39 uploaded
Client 54 trained
Client 54 uploaded
Client 91 trained
Client 91 uploaded
Client 59 trained
Client 59 uploaded
Client 34 trained
Client 34 uploaded
Client 5 trained
Client 5 uploaded
Client 37 trained
Client 37 uploaded
Client 22 trained
Client 22 uploaded
Epoch(t): 36 accuracy: 73.2 loss 0.7382293885946274 run_time: 55.78759050369263
| current_epoch 37 |. Begin client select
SchedulerThread schedule Group [ 7 ], select( 15 clients):
1 | 5 | 8 | 22 | 34 | 37 | 39 | 44 | 54 | 59 | 62 | 83 | 85 | 91 | 94 |
-----------------------------------------------------------------Schedule complete
Client 85 trained
Client 85 uploaded
Client 1 trained
Client 1 uploaded
Client 94 trained
Client 94 uploaded
Client 83 trained
Client 83 uploaded
Client 8 trained
Client 8 uploaded
Client 44 trained
Client 44 uploaded
Client 54 trained
Client 54 uploaded
Client 62 trained
Client 62 uploaded
Client 91 trained
Client 91 uploaded
Client 39 trained
Client 39 uploaded
Client 34 trained
Client 34 uploaded
Client 59 trained
Client 59 uploaded
Client 37 trained
Client 37 uploaded
Client 22 trained
Client 22 uploaded
Client 5 trained
Client 5 uploaded
Epoch(t): 37 accuracy: 72.32 loss 0.7390027731657028 run_time: 57.51514720916748
| current_epoch 38 |. Begin client select
SchedulerThread schedule Group [ 7 ], select( 15 clients):
1 | 5 | 8 | 22 | 34 | 37 | 39 | 44 | 54 | 59 | 62 | 83 | 85 | 91 | 94 |
-----------------------------------------------------------------Schedule complete
Client 1 trained
Client 1 uploaded
Client 85 trained
Client 85 uploaded
Client 94 trained
Client 94 uploaded
Client 8 trained
Client 8 uploaded
Client 83 trained
Client 83 uploaded
Client 44 trained
Client 44 uploaded
Client 62 trained
Client 62 uploaded
Client 39 trained
Client 39 uploaded
Client 91 trained
Client 91 uploaded
Client 54 trained
Client 54 uploaded
Client 59 trained
Client 59 uploaded
Client 34 trained
Client 34 uploaded
Client 37 trained
Client 37 uploaded
Client 22 trained
Client 22 uploaded
Client 5 trained
Client 5 uploaded
Epoch(t): 38 accuracy: 73.12 loss 0.726506165266037 run_time: 59.30960392951965
| current_epoch 39 |. Begin client select
SchedulerThread schedule Group [ 0 ], select( 9 clients):
4 | 7 | 12 | 18 | 20 | 38 | 60 | 84 | 89 |
-----------------------------------------------------------------Schedule complete
Client 4 trained
Client 4 uploaded
Client 18 trained
Client 18 uploaded
Client 7 trained
Client 7 uploaded
Client 38 trained
Client 38 uploaded
Client 12 trained
Client 12 uploaded
Client 20 trained
Client 20 uploaded
Client 60 trained
Client 60 uploaded
Client 89 trained
Client 89 uploaded
Client 84 trained
Client 84 uploaded
Epoch(t): 39 accuracy: 68.69 loss 0.7883580964803696 run_time: 60.69556927680969
| current_epoch 40 |. Begin client select
SchedulerThread schedule Group [ 7 ], select( 15 clients):
1 | 5 | 8 | 22 | 34 | 37 | 39 | 44 | 54 | 59 | 62 | 83 | 85 | 91 | 94 |
-----------------------------------------------------------------Schedule complete
Client 85 trained
Client 85 uploaded
Client 1 trained
Client 1 uploaded
Client 94 trained
Client 94 uploaded
Client 83 trained
Client 83 uploaded
Client 8 trained
Client 8 uploaded
Client 62 trained
Client 62 uploaded
Client 44 trained
Client 44 uploaded
Client 54 trained
Client 54 uploaded
Client 59 trained
Client 59 uploaded
Client 39 trained
Client 39 uploaded
Client 91 trained
Client 91 uploaded
Client 34 trained
Client 34 uploaded
Client 37 trained
Client 37 uploaded
Client 5 trained
Client 5 uploaded
Client 22 trained
Client 22 uploaded
Epoch(t): 40 accuracy: 73.35 loss 0.7184355160593987 run_time: 62.37564516067505
| current_epoch 41 |. Begin client select
SchedulerThread schedule Group [ 9 ], select( 8 clients):
21 | 31 | 55 | 63 | 68 | 75 | 87 | 95 |
-----------------------------------------------------------------Schedule complete
Client 21 trained
Client 21 uploaded
Client 63 trained
Client 63 uploaded
Client 87 trained
Client 87 uploaded
Client 31 trained
Client 31 uploaded
Client 68 trained
Client 68 uploaded
Client 95 trained
Client 95 uploaded
Client 55 trained
Client 55 uploaded
Client 75 trained
Client 75 uploaded
Epoch(t): 41 accuracy: 72.05 loss 0.7279582577943802 run_time: 63.48690319061279
| current_epoch 42 |. Begin client select
SchedulerThread schedule Group [ 7 ], select( 15 clients):
1 | 5 | 8 | 22 | 34 | 37 | 39 | 44 | 54 | 59 | 62 | 83 | 85 | 91 | 94 |
-----------------------------------------------------------------Schedule complete
Client 85 trained
Client 85 uploaded
Client 1 trained
Client 1 uploaded
Client 94 trained
Client 94 uploaded
Client 8 trained
Client 8 uploaded
Client 83 trained
Client 83 uploaded
Client 44 trained
Client 44 uploaded
Client 62 trained
Client 62 uploaded
Client 91 trained
Client 91 uploaded
Client 39 trained
Client 39 uploaded
Client 54 trained
Client 54 uploaded
Client 59 trained
Client 59 uploaded
Client 34 trained
Client 34 uploaded
Client 37 trained
Client 37 uploaded
Client 5 trained
Client 5 uploaded
Client 22 trained
Client 22 uploaded
Epoch(t): 42 accuracy: 73.25 loss 0.7151357787847519 run_time: 65.15383434295654
| current_epoch 43 |. Begin client select
SchedulerThread schedule Group [ 7 ], select( 15 clients):
1 | 5 | 8 | 22 | 34 | 37 | 39 | 44 | 54 | 59 | 62 | 83 | 85 | 91 | 94 |
-----------------------------------------------------------------Schedule complete
Client 1 trained
Client 1 uploaded
Client 85 trained
Client 85 uploaded
Client 94 trained
Client 94 uploaded
Client 83 trained
Client 83 uploaded
Client 8 trained
Client 8 uploaded
Client 44 trained
Client 44 uploaded
Client 62 trained
Client 62 uploaded
Client 39 trained
Client 39 uploaded
Client 54 trained
Client 54 uploaded
Client 91 trained
Client 91 uploaded
Client 59 trained
Client 59 uploaded
Client 34 trained
Client 34 uploaded
Client 5 trained
Client 5 uploaded
Client 37 trained
Client 37 uploaded
Client 22 trained
Client 22 uploaded
Epoch(t): 43 accuracy: 73.02 loss 0.715563485622406 run_time: 66.61465311050415
| current_epoch 44 |. Begin client select
SchedulerThread schedule Group [ 5 ], select( 11 clients):
2 | 6 | 9 | 13 | 25 | 50 | 69 | 88 | 90 | 97 | 99 |
-----------------------------------------------------------------Schedule complete
Client 9 trained
Client 9 uploaded
Client 13 trained
Client 13 uploaded
Client 99 trained
Client 99 uploaded
Client 69 trained
Client 69 uploaded
Client 97 trained
Client 97 uploaded
Client 88 trained
Client 88 uploaded
Client 2 trained
Client 2 uploaded
Client 50 trained
Client 50 uploaded
Client 90 trained
Client 90 uploaded
Client 25 trained
Client 6 trained
Client 25 uploaded
Client 6 uploaded
Epoch(t): 44 accuracy: 72.29 loss 0.7398191392421722 run_time: 68.17632031440735
| current_epoch 45 |. Begin client select
SchedulerThread schedule Group [ 7 ], select( 15 clients):
1 | 5 | 8 | 22 | 34 | 37 | 39 | 44 | 54 | 59 | 62 | 83 | 85 | 91 | 94 |
-----------------------------------------------------------------Schedule complete
Client 85 trained
Client 85 uploaded
Client 1 trained
Client 1 uploaded
Client 94 trained
Client 94 uploaded
Client 83 trained
Client 83 uploaded
Client 8 trained
Client 8 uploaded
Client 62 trained
Client 62 uploaded
Client 44 trained
Client 44 uploaded
Client 54 trained
Client 54 uploaded
Client 91 trained
Client 91 uploaded
Client 39 trained
Client 39 uploaded
Client 59 trained
Client 59 uploaded
Client 34 trained
Client 34 uploaded
Client 5 trained
Client 5 uploaded
Client 37 trained
Client 37 uploaded
Client 22 trained
Client 22 uploaded
Epoch(t): 45 accuracy: 73.52 loss 0.7029520392417907 run_time: 69.75416088104248
| current_epoch 46 |. Begin client select
SchedulerThread schedule Group [ 7 ], select( 15 clients):
1 | 5 | 8 | 22 | 34 | 37 | 39 | 44 | 54 | 59 | 62 | 83 | 85 | 91 | 94 |
-----------------------------------------------------------------Schedule complete
Client 85 trained
Client 85 uploaded
Client 1 trained
Client 1 uploaded
Client 94 trained
Client 94 uploaded
Client 83 trained
Client 83 uploaded
Client 8 trained
Client 8 uploaded
Client 44 trained
Client 44 uploaded
Client 62 trained
Client 62 uploaded
Client 39 trained
Client 39 uploaded
Client 91 trained
Client 91 uploaded
Client 54 trained
Client 54 uploaded
Client 59 trained
Client 59 uploaded
Client 34 trained
Client 34 uploaded
Client 37 trained
Client 37 uploaded
Client 22 trained
Client 22 uploaded
Client 5 trained
Client 5 uploaded
Epoch(t): 46 accuracy: 73.97 loss 0.7022711497545242 run_time: 71.4165141582489
| current_epoch 47 |. Begin client select
SchedulerThread schedule Group [ 8 ], select( 11 clients):
10 | 11 | 29 | 35 | 57 | 58 | 65 | 67 | 77 | 78 | 98 |
-----------------------------------------------------------------Schedule complete
Client 77 trained
Client 77 uploaded
Client 78 trained
Client 78 uploaded
Client 35 trained
Client 35 uploaded
Client 58 trained
Client 58 uploaded
Client 67 trained
Client 67 uploaded
Client 11 trained
Client 11 uploaded
Client 29 trained
Client 29 uploaded
Client 98 trained
Client 98 uploaded
Client 65 trained
Client 65 uploaded
Client 57 trained
Client 57 uploaded
Client 10 trained
Client 10 uploaded
Epoch(t): 47 accuracy: 74.18 loss 0.7017666524648667 run_time: 72.71747922897339
| current_epoch 48 |. Begin client select
SchedulerThread schedule Group [ 7 ], select( 15 clients):
1 | 5 | 8 | 22 | 34 | 37 | 39 | 44 | 54 | 59 | 62 | 83 | 85 | 91 | 94 |
-----------------------------------------------------------------Schedule complete
Client 85 trained
Client 85 uploaded
Client 94 trained
Client 94 uploaded
Client 1 trained
Client 1 uploaded
Client 83 trained
Client 83 uploaded
Client 8 trained
Client 8 uploaded
Client 44 trained
Client 44 uploaded
Client 62 trained
Client 62 uploaded
Client 39 trained
Client 91 trained
Client 39 uploaded
Client 91 uploaded
Client 54 trained
Client 54 uploaded
Client 59 trained
Client 59 uploaded
Client 34 trained
Client 34 uploaded
Client 37 trained
Client 37 uploaded
Client 22 trained
Client 22 uploaded
Client 5 trained
Client 5 uploaded
Epoch(t): 48 accuracy: 74.49 loss 0.6965856987237931 run_time: 74.3828387260437
| current_epoch 49 |. Begin client select
SchedulerThread schedule Group [ 7 ], select( 15 clients):
1 | 5 | 8 | 22 | 34 | 37 | 39 | 44 | 54 | 59 | 62 | 83 | 85 | 91 | 94 |
-----------------------------------------------------------------Schedule complete
Client 1 trained
Client 1 uploaded
Client 85 trained
Client 85 uploaded
Client 94 trained
Client 94 uploaded
Client 8 trained
Client 8 uploaded
Client 83 trained
Client 83 uploaded
Client 44 trained
Client 44 uploaded
Client 62 trained
Client 62 uploaded
Client 39 trained
Client 39 uploaded
Client 59 trained
Client 59 uploaded
Client 54 trained
Client 54 uploaded
Client 91 trained
Client 91 uploaded
Client 34 trained
Client 34 uploaded
Client 37 trained
Client 37 uploaded
Client 22 trained
Client 22 uploaded
Client 5 trained
Client 5 uploaded
Epoch(t): 49 accuracy: 74.1 loss 0.6903967443108558 run_time: 76.11116099357605
| current_epoch 50 |. Begin client select
SchedulerThread schedule Group [ 7 ], select( 15 clients):
1 | 5 | 8 | 22 | 34 | 37 | 39 | 44 | 54 | 59 | 62 | 83 | 85 | 91 | 94 |
-----------------------------------------------------------------Schedule complete
Client 1 trained
Client 1 uploaded
Client 85 trained
Client 85 uploaded
Client 94 trained
Client 94 uploaded
Client 8 trained
Client 8 uploaded
Client 83 trained
Client 83 uploaded
Client 44 trained
Client 44 uploaded
Client 62 trained
Client 62 uploaded
Client 54 trained
Client 54 uploaded
Client 39 trained
Client 39 uploaded
Client 91 trained
Client 91 uploaded
Client 22 trained
Client 22 uploaded
Client 59 trained
Client 59 uploaded
Client 34 trained
Client 34 uploaded
Client 37 trained
Client 37 uploaded
Client 5 trained
Client 5 uploaded
Epoch(t): 50 accuracy: 74.25 loss 0.6940947604179383 run_time: 77.88417267799377
| current_epoch 51 |. Begin client select
SchedulerThread schedule Group [ 7 ], select( 15 clients):
1 | 5 | 8 | 22 | 34 | 37 | 39 | 44 | 54 | 59 | 62 | 83 | 85 | 91 | 94 |
-----------------------------------------------------------------Schedule complete
Client 1 trained
Client 1 uploaded
Client 94 trained
Client 94 uploaded
Client 85 trained
Client 85 uploaded
Client 8 trained
Client 8 uploaded
Client 83 trained
Client 83 uploaded
Client 44 trained
Client 44 uploaded
Client 62 trained
Client 62 uploaded
Client 39 trained
Client 39 uploaded
Client 91 trained
Client 91 uploaded
Client 54 trained
Client 54 uploaded
Client 59 trained
Client 59 uploaded
Client 34 trained
Client 34 uploaded
Client 5 trained
Client 5 uploaded
Client 37 trained
Client 37 uploaded
Client 22 trained
Client 22 uploaded
Epoch(t): 51 accuracy: 74.61 loss 0.6872838479280472 run_time: 79.50940489768982
| current_epoch 52 |. Begin client select
SchedulerThread schedule Group [ 7 ], select( 15 clients):
1 | 5 | 8 | 22 | 34 | 37 | 39 | 44 | 54 | 59 | 62 | 83 | 85 | 91 | 94 |
-----------------------------------------------------------------Schedule complete
Client 1 trained
Client 1 uploaded
Client 85 trained
Client 85 uploaded
Client 94 trained
Client 94 uploaded
Client 8 trained
Client 8 uploaded
Client 83 trained
Client 83 uploaded
Client 62 trained
Client 62 uploaded
Client 44 trained
Client 44 uploaded
Client 39 trained
Client 39 uploaded
Client 91 trained
Client 91 uploaded
Client 54 trained
Client 54 uploaded
Client 59 trained
Client 59 uploaded
Client 34 trained
Client 34 uploaded
Client 37 trained
Client 37 uploaded
Client 22 trained
Client 22 uploaded
Client 5 trained
Client 5 uploaded
Epoch(t): 52 accuracy: 74.17 loss 0.6830882236361504 run_time: 81.3502688407898
| current_epoch 53 |. Begin client select
SchedulerThread schedule Group [ 7 ], select( 15 clients):
1 | 5 | 8 | 22 | 34 | 37 | 39 | 44 | 54 | 59 | 62 | 83 | 85 | 91 | 94 |
-----------------------------------------------------------------Schedule complete
Client 1 trained
Client 1 uploaded
Client 85 trained
Client 85 uploaded
Client 94 trained
Client 94 uploaded
Client 83 trained
Client 83 uploaded
Client 8 trained
Client 8 uploaded
Client 62 trained
Client 62 uploaded
Client 44 trained
Client 44 uploaded
Client 91 trained
Client 91 uploaded
Client 39 trained
Client 39 uploaded
Client 54 trained
Client 54 uploaded
Client 59 trained
Client 59 uploaded
Client 22 trained
Client 22 uploaded
Client 37 trained
Client 37 uploaded
Client 34 trained
Client 34 uploaded
Client 5 trained
Client 5 uploaded
Epoch(t): 53 accuracy: 73.99 loss 0.6848704445362092 run_time: 83.06045269966125
| current_epoch 54 |. Begin client select
SchedulerThread schedule Group [ 4 ], select( 10 clients):
0 | 14 | 17 | 30 | 32 | 66 | 70 | 76 | 92 | 96 |
-----------------------------------------------------------------Schedule complete
Client 30 trained
Client 30 uploaded
Client 70 trained
Client 70 uploaded
Client 14 trained
Client 14 uploaded
Client 66 trained
Client 66 uploaded
Client 32 trained
Client 32 uploaded
Client 0 trained
Client 0 uploaded
Client 17 trained
Client 17 uploaded
Client 76 trained
Client 76 uploaded
Client 92 trained
Client 92 uploaded
Client 96 trained
Client 96 uploaded
Epoch(t): 54 accuracy: 72.94 loss 0.6978854414820671 run_time: 84.40241289138794
| current_epoch 55 |. Begin client select
SchedulerThread schedule Group [ 7 ], select( 15 clients):
1 | 5 | 8 | 22 | 34 | 37 | 39 | 44 | 54 | 59 | 62 | 83 | 85 | 91 | 94 |
-----------------------------------------------------------------Schedule complete
Client 1 trained
Client 1 uploaded
Client 85 trained
Client 85 uploaded
Client 94 trained
Client 94 uploaded
Client 83 trained
Client 83 uploaded
Client 8 trained
Client 8 uploaded
Client 44 trained
Client 44 uploaded
Client 62 trained
Client 62 uploaded
Client 54 trained
Client 54 uploaded
Client 39 trained
Client 39 uploaded
Client 91 trained
Client 91 uploaded
Client 59 trained
Client 59 uploaded
Client 34 trained
Client 34 uploaded
Client 37 trained
Client 37 uploaded
Client 22 trained
Client 22 uploaded
Client 5 trained
Client 5 uploaded
Epoch(t): 55 accuracy: 74.22 loss 0.6768238377571106 run_time: 86.07025909423828
| current_epoch 56 |. Begin client select
SchedulerThread schedule Group [ 7 ], select( 15 clients):
1 | 5 | 8 | 22 | 34 | 37 | 39 | 44 | 54 | 59 | 62 | 83 | 85 | 91 | 94 |
-----------------------------------------------------------------Schedule complete
Client 85 trained
Client 85 uploaded
Client 1 trained
Client 1 uploaded
Client 94 trained
Client 94 uploaded
Client 83 trained
Client 83 uploaded
Client 8 trained
Client 8 uploaded
Client 44 trained
Client 44 uploaded
Client 91 trained
Client 91 uploaded
Client 62 trained
Client 62 uploaded
Client 54 trained
Client 54 uploaded
Client 39 trained
Client 39 uploaded
Client 59 trained
Client 59 uploaded
Client 34 trained
Client 34 uploaded
Client 37 trained
Client 37 uploaded
Client 22 trained
Client 22 uploaded
Client 5 trained
Client 5 uploaded
Epoch(t): 56 accuracy: 74.38 loss 0.6750108602643013 run_time: 87.63199949264526
| current_epoch 57 |. Begin client select
SchedulerThread schedule Group [ 7 ], select( 15 clients):
1 | 5 | 8 | 22 | 34 | 37 | 39 | 44 | 54 | 59 | 62 | 83 | 85 | 91 | 94 |
-----------------------------------------------------------------Schedule complete
Client 85 trained
Client 85 uploaded
Client 1 trained
Client 1 uploaded
Client 94 trained
Client 94 uploaded
Client 8 trained
Client 8 uploaded
Client 83 trained
Client 83 uploaded
Client 62 trained
Client 62 uploaded
Client 44 trained
Client 44 uploaded
Client 39 trained
Client 39 uploaded
Client 54 trained
Client 54 uploaded
Client 91 trained
Client 91 uploaded
Client 59 trained
Client 59 uploaded
Client 34 trained
Client 34 uploaded
Client 37 trained
Client 37 uploaded
Client 22 trained
Client 22 uploaded
Client 5 trained
Client 5 uploaded
Epoch(t): 57 accuracy: 74.76 loss 0.6709113648533821 run_time: 89.25009369850159
| current_epoch 58 |. Begin client select
SchedulerThread schedule Group [ 7 ], select( 15 clients):
1 | 5 | 8 | 22 | 34 | 37 | 39 | 44 | 54 | 59 | 62 | 83 | 85 | 91 | 94 |
-----------------------------------------------------------------Schedule complete
Client 85 trained
Client 85 uploaded
Client 1 trained
Client 1 uploaded
Client 94 trained
Client 94 uploaded
Client 83 trained
Client 83 uploaded
Client 8 trained
Client 8 uploaded
Client 62 trained
Client 62 uploaded
Client 54 trained
Client 54 uploaded
Client 44 trained
Client 44 uploaded
Client 91 trained
Client 91 uploaded
Client 39 trained
Client 39 uploaded
Client 59 trained
Client 59 uploaded
Client 34 trained
Client 34 uploaded
Client 37 trained
Client 37 uploaded
Client 22 trained
Client 22 uploaded
Client 5 trained
Client 5 uploaded
Epoch(t): 58 accuracy: 74.93 loss 0.6720180466771126 run_time: 90.91709995269775
| current_epoch 59 |. Begin client select
SchedulerThread schedule Group [ 5 ], select( 11 clients):
2 | 6 | 9 | 13 | 25 | 50 | 69 | 88 | 90 | 97 | 99 |
-----------------------------------------------------------------Schedule complete
Client 13 trained
Client 13 uploaded
Client 9 trained
Client 9 uploaded
Client 99 trained
Client 99 uploaded
Client 69 trained
Client 69 uploaded
Client 97 trained
Client 97 uploaded
Client 88 trained
Client 88 uploaded
Client 50 trained
Client 50 uploaded
Client 6 trained
Client 6 uploaded
Client 25 trained
Client 25 uploaded
Client 2 trained
Client 2 uploaded
Client 90 trained
Client 90 uploaded
Epoch(t): 59 accuracy: 73.98 loss 0.7002076905965805 run_time: 92.4214038848877
| current_epoch 60 |. Begin client select
SchedulerThread schedule Group [ 7 ], select( 15 clients):
1 | 5 | 8 | 22 | 34 | 37 | 39 | 44 | 54 | 59 | 62 | 83 | 85 | 91 | 94 |
-----------------------------------------------------------------Schedule complete
Client 1 trained
Client 1 uploaded
Client 85 trained
Client 85 uploaded
Client 94 trained
Client 94 uploaded
Client 62 trained
Client 62 uploaded
Client 8 trained
Client 8 uploaded
Client 83 trained
Client 83 uploaded
Client 44 trained
Client 44 uploaded
Client 59 trained
Client 59 uploaded
Client 54 trained
Client 54 uploaded
Client 39 trained
Client 39 uploaded
Client 91 trained
Client 91 uploaded
Client 34 trained
Client 34 uploaded
Client 37 trained
Client 37 uploaded
Client 22 trained
Client 22 uploaded
Client 5 trained
Client 5 uploaded
Epoch(t): 60 accuracy: 75.27 loss 0.6670607081055642 run_time: 94.14816308021545
| current_epoch 61 |. Begin client select
SchedulerThread schedule Group [ 7 ], select( 15 clients):
1 | 5 | 8 | 22 | 34 | 37 | 39 | 44 | 54 | 59 | 62 | 83 | 85 | 91 | 94 |
-----------------------------------------------------------------Schedule complete
Client 85 trained
Client 85 uploaded
Client 1 trained
Client 1 uploaded
Client 94 trained
Client 94 uploaded
Client 83 trained
Client 83 uploaded
Client 8 trained
Client 8 uploaded
Client 44 trained
Client 44 uploaded
Client 91 trained
Client 91 uploaded
Client 62 trained
Client 62 uploaded
Client 39 trained
Client 39 uploaded
Client 54 trained
Client 54 uploaded
Client 59 trained
Client 59 uploaded
Client 37 trained
Client 37 uploaded
Client 34 trained
Client 34 uploaded
Client 22 trained
Client 22 uploaded
Client 5 trained
Client 5 uploaded
Epoch(t): 61 accuracy: 75.1 loss 0.6690424525737763 run_time: 95.85313701629639
| current_epoch 62 |. Begin client select
SchedulerThread schedule Group [ 3 ], select( 8 clients):
15 | 16 | 24 | 27 | 36 | 43 | 53 | 82 |
-----------------------------------------------------------------Schedule complete
Client 15 trained
Client 15 uploaded
Client 43 trained
Client 43 uploaded
Client 36 trained
Client 36 uploaded
Client 27 trained
Client 27 uploaded
Client 82 trained
Client 82 uploaded
Client 24 trained
Client 24 uploaded
Client 53 trained
Client 53 uploaded
Client 16 trained
Client 16 uploaded
Epoch(t): 62 accuracy: 71.47 loss 0.7167359158396721 run_time: 96.96033596992493
| current_epoch 63 |. Begin client select
SchedulerThread schedule Group [ 7 ], select( 15 clients):
1 | 5 | 8 | 22 | 34 | 37 | 39 | 44 | 54 | 59 | 62 | 83 | 85 | 91 | 94 |
-----------------------------------------------------------------Schedule complete
Client 1 trained
Client 1 uploaded
Client 85 trained
Client 85 uploaded
Client 94 trained
Client 94 uploaded
Client 8 trained
Client 8 uploaded
Client 83 trained
Client 83 uploaded
Client 5 trained
Client 5 uploaded
Client 44 trained
Client 44 uploaded
Client 62 trained
Client 62 uploaded
Client 39 trained
Client 39 uploaded
Client 54 trained
Client 54 uploaded
Client 91 trained
Client 91 uploaded
Client 59 trained
Client 59 uploaded
Client 34 trained
Client 34 uploaded
Client 37 trained
Client 37 uploaded
Client 22 trained
Client 22 uploaded
Epoch(t): 63 accuracy: 75.54 loss 0.6602115997672081 run_time: 98.57809686660767
| current_epoch 64 |. Begin client select
SchedulerThread schedule Group [ 1 ], select( 10 clients):
3 | 19 | 40 | 47 | 49 | 52 | 72 | 73 | 79 | 80 |
-----------------------------------------------------------------Schedule complete
Client 3 trained
Client 3 uploaded
Client 49 trained
Client 49 uploaded
Client 40 trained
Client 40 uploaded
Client 80 trained
Client 80 uploaded
Client 47 trained
Client 47 uploaded
Client 73 trained
Client 73 uploaded
Client 72 trained
Client 72 uploaded
Client 52 trained
Client 52 uploaded
Client 19 trained
Client 19 uploaded
Client 79 trained
Client 79 uploaded
Epoch(t): 64 accuracy: 75.4 loss 0.662569263279438 run_time: 99.79713129997253
| current_epoch 65 |. Begin client select
SchedulerThread schedule Group [ 7 ], select( 15 clients):
1 | 5 | 8 | 22 | 34 | 37 | 39 | 44 | 54 | 59 | 62 | 83 | 85 | 91 | 94 |
-----------------------------------------------------------------Schedule complete
Client 1 trained
Client 1 uploaded
Client 85 trained
Client 85 uploaded
Client 94 trained
Client 94 uploaded
Client 8 trained
Client 8 uploaded
Client 83 trained
Client 83 uploaded
Client 44 trained
Client 44 uploaded
Client 62 trained
Client 62 uploaded
Client 39 trained
Client 39 uploaded
Client 59 trained
Client 59 uploaded
Client 91 trained
Client 54 trained
Client 91 uploaded
Client 54 uploaded
Client 34 trained
Client 34 uploaded
Client 37 trained
Client 37 uploaded
Client 22 trained
Client 22 uploaded
Client 5 trained
Client 5 uploaded
Epoch(t): 65 accuracy: 75.05 loss 0.6645986342430115 run_time: 101.43821096420288
| current_epoch 66 |. Begin client select
SchedulerThread schedule Group [ 7 ], select( 15 clients):
1 | 5 | 8 | 22 | 34 | 37 | 39 | 44 | 54 | 59 | 62 | 83 | 85 | 91 | 94 |
-----------------------------------------------------------------Schedule complete
Client 1 trained
Client 1 uploaded
Client 85 trained
Client 85 uploaded
Client 94 trained
Client 94 uploaded
Client 83 trained
Client 83 uploaded
Client 8 trained
Client 8 uploaded
Client 44 trained
Client 44 uploaded
Client 62 trained
Client 62 uploaded
Client 91 trained
Client 91 uploaded
Client 39 trained
Client 39 uploaded
Client 59 trained
Client 59 uploaded
Client 54 trained
Client 54 uploaded
Client 34 trained
Client 34 uploaded
Client 22 trained
Client 22 uploaded
Client 37 trained
Client 37 uploaded
Client 5 trained
Client 5 uploaded
Epoch(t): 66 accuracy: 75.55 loss 0.6560430127382278 run_time: 103.18002367019653
| current_epoch 67 |. Begin client select
SchedulerThread schedule Group [ 7 ], select( 15 clients):
1 | 5 | 8 | 22 | 34 | 37 | 39 | 44 | 54 | 59 | 62 | 83 | 85 | 91 | 94 |
-----------------------------------------------------------------Schedule complete
Client 1 trained
Client 1 uploaded
Client 85 trained
Client 85 uploaded
Client 94 trained
Client 94 uploaded
Client 62 trained
Client 62 uploaded
Client 83 trained
Client 83 uploaded
Client 8 trained
Client 8 uploaded
Client 91 trained
Client 91 uploaded
Client 44 trained
Client 44 uploaded
Client 39 trained
Client 39 uploaded
Client 54 trained
Client 54 uploaded
Client 59 trained
Client 59 uploaded
Client 34 trained
Client 34 uploaded
Client 22 trained
Client 22 uploaded
Client 37 trained
Client 37 uploaded
Client 5 trained
Client 5 uploaded
Epoch(t): 67 accuracy: 75.52 loss 0.6503660124540329 run_time: 104.91252899169922
| current_epoch 68 |. Begin client select
SchedulerThread schedule Group [ 7 ], select( 15 clients):
1 | 5 | 8 | 22 | 34 | 37 | 39 | 44 | 54 | 59 | 62 | 83 | 85 | 91 | 94 |
-----------------------------------------------------------------Schedule complete
Client 1 trained
Client 1 uploaded
Client 85 trained
Client 85 uploaded
Client 94 trained
Client 94 uploaded
Client 83 trained
Client 83 uploaded
Client 8 trained
Client 8 uploaded
Client 62 trained
Client 62 uploaded
Client 44 trained
Client 44 uploaded
Client 54 trained
Client 54 uploaded
Client 39 trained
Client 39 uploaded
Client 91 trained
Client 91 uploaded
Client 59 trained
Client 59 uploaded
Client 34 trained
Client 34 uploaded
Client 37 trained
Client 37 uploaded
Client 22 trained
Client 22 uploaded
Client 5 trained
Client 5 uploaded
Epoch(t): 68 accuracy: 75.37 loss 0.6519591626524925 run_time: 106.60855436325073
| current_epoch 69 |. Begin client select
SchedulerThread schedule Group [ 7 ], select( 15 clients):
1 | 5 | 8 | 22 | 34 | 37 | 39 | 44 | 54 | 59 | 62 | 83 | 85 | 91 | 94 |
-----------------------------------------------------------------Schedule complete
Client 1 trained
Client 1 uploaded
Client 85 trained
Client 85 uploaded
Client 94 trained
Client 94 uploaded
Client 8 trained
Client 8 uploaded
Client 83 trained
Client 83 uploaded
Client 62 trained
Client 62 uploaded
Client 44 trained
Client 44 uploaded
Client 59 trained
Client 59 uploaded
Client 54 trained
Client 91 trained
Client 54 uploaded
Client 91 uploaded
Client 39 trained
Client 39 uploaded
Client 34 trained
Client 34 uploaded
Client 22 trained
Client 22 uploaded
Client 37 trained
Client 37 uploaded
Client 5 trained
Client 5 uploaded
Epoch(t): 69 accuracy: 75.64 loss 0.6537082335352897 run_time: 108.28979063034058
| current_epoch 70 |. Begin client select
SchedulerThread schedule Group [ 7 ], select( 15 clients):
1 | 5 | 8 | 22 | 34 | 37 | 39 | 44 | 54 | 59 | 62 | 83 | 85 | 91 | 94 |
-----------------------------------------------------------------Schedule complete
Client 1 trained
Client 1 uploaded
Client 85 trained
Client 85 uploaded
Client 94 trained
Client 94 uploaded
Client 8 trained
Client 8 uploaded
Client 83 trained
Client 83 uploaded
Client 44 trained
Client 44 uploaded
Client 62 trained
Client 62 uploaded
Client 39 trained
Client 39 uploaded
Client 91 trained
Client 91 uploaded
Client 54 trained
Client 54 uploaded
Client 59 trained
Client 59 uploaded
Client 34 trained
Client 34 uploaded
Client 37 trained
Client 37 uploaded
Client 22 trained
Client 22 uploaded
Client 5 trained
Client 5 uploaded
Epoch(t): 70 accuracy: 75.7 loss 0.6471408134698868 run_time: 109.91838645935059
| current_epoch 71 |. Begin client select
SchedulerThread schedule Group [ 2 ], select( 10 clients):
26 | 28 | 41 | 42 | 45 | 48 | 56 | 61 | 64 | 71 |
-----------------------------------------------------------------Schedule complete
Client 26 trained
Client 26 uploaded
Client 42 trained
Client 42 uploaded
Client 61 trained
Client 61 uploaded
Client 56 trained
Client 56 uploaded
Client 64 trained
Client 64 uploaded
Client 45 trained
Client 45 uploaded
Client 41 trained
Client 41 uploaded
Client 71 trained
Client 71 uploaded
Client 28 trained
Client 28 uploaded
Client 48 trained
Client 48 uploaded
Epoch(t): 71 accuracy: 75.64 loss 0.6584602934122086 run_time: 111.277179479599
| current_epoch 72 |. Begin client select
SchedulerThread schedule Group [ 6 ], select( 8 clients):
23 | 33 | 46 | 51 | 74 | 81 | 86 | 93 |
-----------------------------------------------------------------Schedule complete
Client 33 trained
Client 33 uploaded
Client 23 trained
Client 23 uploaded
Client 46 trained
Client 46 uploaded
Client 74 trained
Client 74 uploaded
Client 86 trained
Client 86 uploaded
Client 81 trained
Client 81 uploaded
Client 93 trained
Client 93 uploaded
Client 51 trained
Client 51 uploaded
Epoch(t): 72 accuracy: 74.86 loss 0.6747945177555085 run_time: 112.47702383995056
| current_epoch 73 |. Begin client select
SchedulerThread schedule Group [ 7 ], select( 15 clients):
1 | 5 | 8 | 22 | 34 | 37 | 39 | 44 | 54 | 59 | 62 | 83 | 85 | 91 | 94 |
-----------------------------------------------------------------Schedule complete
Client 1 trained
Client 1 uploaded
Client 85 trained
Client 85 uploaded
Client 94 trained
Client 94 uploaded
Client 8 trained
Client 8 uploaded
Client 83 trained
Client 83 uploaded
Client 62 trained
Client 62 uploaded
Client 44 trained
Client 44 uploaded
Client 39 trained
Client 91 trained
Client 39 uploaded
Client 91 uploaded
Client 54 trained
Client 54 uploaded
Client 59 trained
Client 59 uploaded
Client 34 trained
Client 34 uploaded
Client 37 trained
Client 37 uploaded
Client 22 trained
Client 22 uploaded
Client 5 trained
Client 5 uploaded
Epoch(t): 73 accuracy: 75.94 loss 0.6440837416052818 run_time: 114.18243861198425
| current_epoch 74 |. Begin client select
SchedulerThread schedule Group [ 5 ], select( 11 clients):
2 | 6 | 9 | 13 | 25 | 50 | 69 | 88 | 90 | 97 | 99 |
-----------------------------------------------------------------Schedule complete
Client 9 trained
Client 9 uploaded
Client 13 trained
Client 13 uploaded
Client 99 trained
Client 99 uploaded
Client 69 trained
Client 69 uploaded
Client 97 trained
Client 97 uploaded
Client 88 trained
Client 88 uploaded
Client 6 trained
Client 6 uploaded
Client 2 trained
Client 2 uploaded
Client 25 trained
Client 25 uploaded
Client 50 trained
Client 50 uploaded
Client 90 trained
Client 90 uploaded
Epoch(t): 74 accuracy: 75.76 loss 0.6519052678346634 run_time: 115.73169088363647
| current_epoch 75 |. Begin client select
SchedulerThread schedule Group [ 7 ], select( 15 clients):
1 | 5 | 8 | 22 | 34 | 37 | 39 | 44 | 54 | 59 | 62 | 83 | 85 | 91 | 94 |
-----------------------------------------------------------------Schedule complete
Client 1 trained
Client 1 uploaded
Client 85 trained
Client 85 uploaded
Client 94 trained
Client 94 uploaded
Client 8 trained
Client 8 uploaded
Client 83 trained
Client 83 uploaded
Client 62 trained
Client 62 uploaded
Client 44 trained
Client 44 uploaded
Client 39 trained
Client 39 uploaded
Client 91 trained
Client 91 uploaded
Client 54 trained
Client 54 uploaded
Client 59 trained
Client 59 uploaded
Client 37 trained
Client 37 uploaded
Client 34 trained
Client 34 uploaded
Client 22 trained
Client 22 uploaded
Client 5 trained
Client 5 uploaded
Epoch(t): 75 accuracy: 76.15 loss 0.6402613031864166 run_time: 117.37835836410522
| current_epoch 76 |. Begin client select
SchedulerThread schedule Group [ 7 ], select( 15 clients):
1 | 5 | 8 | 22 | 34 | 37 | 39 | 44 | 54 | 59 | 62 | 83 | 85 | 91 | 94 |
-----------------------------------------------------------------Schedule complete
Client 85 trained
Client 85 uploaded
Client 94 trained
Client 94 uploaded
Client 1 trained
Client 1 uploaded
Client 8 trained
Client 8 uploaded
Client 83 trained
Client 83 uploaded
Client 44 trained
Client 44 uploaded
Client 62 trained
Client 62 uploaded
Client 39 trained
Client 39 uploaded
Client 54 trained
Client 54 uploaded
Client 91 trained
Client 91 uploaded
Client 34 trained
Client 34 uploaded
Client 59 trained
Client 59 uploaded
Client 37 trained
Client 37 uploaded
Client 22 trained
Client 22 uploaded
Client 5 trained
Client 5 uploaded
Epoch(t): 76 accuracy: 76.02 loss 0.639701147377491 run_time: 119.02126002311707
| current_epoch 77 |. Begin client select
SchedulerThread schedule Group [ 7 ], select( 15 clients):
1 | 5 | 8 | 22 | 34 | 37 | 39 | 44 | 54 | 59 | 62 | 83 | 85 | 91 | 94 |
-----------------------------------------------------------------Schedule complete
Client 1 trained
Client 1 uploaded
Client 85 trained
Client 85 uploaded
Client 94 trained
Client 94 uploaded
Client 8 trained
Client 8 uploaded
Client 83 trained
Client 83 uploaded
Client 62 trained
Client 62 uploaded
Client 44 trained
Client 44 uploaded
Client 39 trained
Client 39 uploaded
Client 91 trained
Client 91 uploaded
Client 54 trained
Client 54 uploaded
Client 59 trained
Client 59 uploaded
Client 34 trained
Client 34 uploaded
Client 37 trained
Client 37 uploaded
Client 22 trained
Client 22 uploaded
Client 5 trained
Client 5 uploaded
Epoch(t): 77 accuracy: 75.95 loss 0.6392645841836929 run_time: 120.80714297294617
| current_epoch 78 |. Begin client select
SchedulerThread schedule Group [ 7 ], select( 15 clients):
1 | 5 | 8 | 22 | 34 | 37 | 39 | 44 | 54 | 59 | 62 | 83 | 85 | 91 | 94 |
-----------------------------------------------------------------Schedule complete
Client 85 trained
Client 85 uploaded
Client 1 trained
Client 1 uploaded
Client 94 trained
Client 94 uploaded
Client 83 trained
Client 83 uploaded
Client 8 trained
Client 8 uploaded
Client 62 trained
Client 62 uploaded
Client 44 trained
Client 44 uploaded
Client 91 trained
Client 91 uploaded
Client 39 trained
Client 39 uploaded
Client 54 trained
Client 54 uploaded
Client 37 trained
Client 37 uploaded
Client 34 trained
Client 34 uploaded
Client 59 trained
Client 59 uploaded
Client 22 trained
Client 22 uploaded
Client 5 trained
Client 5 uploaded
Epoch(t): 78 accuracy: 76.09 loss 0.6372400557994843 run_time: 122.44068002700806
| current_epoch 79 |. Begin client select
SchedulerThread schedule Group [ 7 ], select( 15 clients):
1 | 5 | 8 | 22 | 34 | 37 | 39 | 44 | 54 | 59 | 62 | 83 | 85 | 91 | 94 |
-----------------------------------------------------------------Schedule complete
Client 1 trained
Client 1 uploaded
Client 85 trained
Client 85 uploaded
Client 94 trained
Client 94 uploaded
Client 83 trained
Client 83 uploaded
Client 8 trained
Client 8 uploaded
Client 44 trained
Client 44 uploaded
Client 62 trained
Client 62 uploaded
Client 91 trained
Client 91 uploaded
Client 39 trained
Client 39 uploaded
Client 54 trained
Client 54 uploaded
Client 59 trained
Client 59 uploaded
Client 34 trained
Client 34 uploaded
Client 5 trained
Client 5 uploaded
Client 37 trained
Client 37 uploaded
Client 22 trained
Client 22 uploaded
Epoch(t): 79 accuracy: 76.21 loss 0.6344580361247063 run_time: 124.16082239151001
| current_epoch 80 |. Begin client select
SchedulerThread schedule Group [ 7 ], select( 15 clients):
1 | 5 | 8 | 22 | 34 | 37 | 39 | 44 | 54 | 59 | 62 | 83 | 85 | 91 | 94 |
-----------------------------------------------------------------Schedule complete
Client 1 trained
Client 1 uploaded
Client 85 trained
Client 85 uploaded
Client 94 trained
Client 94 uploaded
Client 83 trained
Client 83 uploaded
Client 8 trained
Client 8 uploaded
Client 62 trained
Client 62 uploaded
Client 44 trained
Client 44 uploaded
Client 39 trained
Client 39 uploaded
Client 91 trained
Client 91 uploaded
Client 54 trained
Client 54 uploaded
Client 59 trained
Client 59 uploaded
Client 34 trained
Client 34 uploaded
Client 37 trained
Client 37 uploaded
Client 22 trained
Client 22 uploaded
Client 5 trained
Client 5 uploaded
Epoch(t): 80 accuracy: 76.23 loss 0.6295007979869842 run_time: 125.8607919216156
| current_epoch 81 |. Begin client select
SchedulerThread schedule Group [ 7 ], select( 15 clients):
1 | 5 | 8 | 22 | 34 | 37 | 39 | 44 | 54 | 59 | 62 | 83 | 85 | 91 | 94 |
-----------------------------------------------------------------Schedule complete
Client 85 trained
Client 85 uploaded
Client 1 trained
Client 1 uploaded
Client 94 trained
Client 94 uploaded
Client 8 trained
Client 8 uploaded
Client 44 trained
Client 44 uploaded
Client 83 trained
Client 83 uploaded
Client 62 trained
Client 62 uploaded
Client 39 trained
Client 39 uploaded
Client 54 trained
Client 54 uploaded
Client 91 trained
Client 91 uploaded
Client 59 trained
Client 59 uploaded
Client 37 trained
Client 37 uploaded
Client 34 trained
Client 34 uploaded
Client 5 trained
Client 5 uploaded
Client 22 trained
Client 22 uploaded
Epoch(t): 81 accuracy: 75.81 loss 0.6337109315395355 run_time: 127.60505747795105
| current_epoch 82 |. Begin client select
SchedulerThread schedule Group [ 7 ], select( 15 clients):
1 | 5 | 8 | 22 | 34 | 37 | 39 | 44 | 54 | 59 | 62 | 83 | 85 | 91 | 94 |
-----------------------------------------------------------------Schedule complete
Client 85 trained
Client 85 uploaded
Client 1 trained
Client 1 uploaded
Client 94 trained
Client 94 uploaded
Client 83 trained
Client 83 uploaded
Client 8 trained
Client 8 uploaded
Client 62 trained
Client 62 uploaded
Client 44 trained
Client 44 uploaded
Client 91 trained
Client 91 uploaded
Client 39 trained
Client 39 uploaded
Client 54 trained
Client 54 uploaded
Client 59 trained
Client 59 uploaded
Client 34 trained
Client 34 uploaded
Client 5 trained
Client 5 uploaded
Client 37 trained
Client 37 uploaded
Client 22 trained
Client 22 uploaded
Epoch(t): 82 accuracy: 76.3 loss 0.6301018059253692 run_time: 129.28974795341492
| current_epoch 83 |. Begin client select
SchedulerThread schedule Group [ 7 ], select( 15 clients):
1 | 5 | 8 | 22 | 34 | 37 | 39 | 44 | 54 | 59 | 62 | 83 | 85 | 91 | 94 |
-----------------------------------------------------------------Schedule complete
Client 85 trained
Client 85 uploaded
Client 1 trained
Client 1 uploaded
Client 94 trained
Client 94 uploaded
Client 83 trained
Client 83 uploaded
Client 8 trained
Client 8 uploaded
Client 62 trained
Client 62 uploaded
Client 44 trained
Client 44 uploaded
Client 59 trained
Client 59 uploaded
Client 54 trained
Client 54 uploaded
Client 39 trained
Client 39 uploaded
Client 91 trained
Client 91 uploaded
Client 34 trained
Client 34 uploaded
Client 22 trained
Client 22 uploaded
Client 37 trained
Client 37 uploaded
Client 5 trained
Client 5 uploaded
Epoch(t): 83 accuracy: 76.37 loss 0.626195150911808 run_time: 130.92898678779602
| current_epoch 84 |. Begin client select
SchedulerThread schedule Group [ 7 ], select( 15 clients):
1 | 5 | 8 | 22 | 34 | 37 | 39 | 44 | 54 | 59 | 62 | 83 | 85 | 91 | 94 |
-----------------------------------------------------------------Schedule complete
Client 85 trained
Client 85 uploaded
Client 1 trained
Client 1 uploaded
Client 94 trained
Client 94 uploaded
Client 83 trained
Client 83 uploaded
Client 8 trained
Client 8 uploaded
Client 44 trained
Client 44 uploaded
Client 62 trained
Client 62 uploaded
Client 54 trained
Client 54 uploaded
Client 91 trained
Client 91 uploaded
Client 39 trained
Client 39 uploaded
Client 59 trained
Client 59 uploaded
Client 34 trained
Client 34 uploaded
Client 37 trained
Client 37 uploaded
Client 22 trained
Client 22 uploaded
Client 5 trained
Client 5 uploaded
Epoch(t): 84 accuracy: 76.34 loss 0.6286084425449371 run_time: 132.5945930480957
| current_epoch 85 |. Begin client select
SchedulerThread schedule Group [ 7 ], select( 15 clients):
1 | 5 | 8 | 22 | 34 | 37 | 39 | 44 | 54 | 59 | 62 | 83 | 85 | 91 | 94 |
-----------------------------------------------------------------Schedule complete
Client 1 trained
Client 1 uploaded
Client 85 trained
Client 85 uploaded
Client 94 trained
Client 94 uploaded
Client 8 trained
Client 8 uploaded
Client 83 trained
Client 83 uploaded
Client 62 trained
Client 62 uploaded
Client 44 trained
Client 44 uploaded
Client 54 trained
Client 54 uploaded
Client 91 trained
Client 91 uploaded
Client 39 trained
Client 39 uploaded
Client 59 trained
Client 59 uploaded
Client 34 trained
Client 34 uploaded
Client 22 trained
Client 22 uploaded
Client 37 trained
Client 37 uploaded
Client 5 trained
Client 5 uploaded
Epoch(t): 85 accuracy: 76.61 loss 0.6268328726291656 run_time: 134.1541666984558
| current_epoch 86 |. Begin client select
SchedulerThread schedule Group [ 7 ], select( 15 clients):
1 | 5 | 8 | 22 | 34 | 37 | 39 | 44 | 54 | 59 | 62 | 83 | 85 | 91 | 94 |
-----------------------------------------------------------------Schedule complete
Client 1 trained
Client 1 uploaded
Client 85 trained
Client 85 uploaded
Client 94 trained
Client 94 uploaded
Client 8 trained
Client 8 uploaded
Client 83 trained
Client 83 uploaded
Client 62 trained
Client 62 uploaded
Client 44 trained
Client 44 uploaded
Client 54 trained
Client 54 uploaded
Client 39 trained
Client 39 uploaded
Client 91 trained
Client 91 uploaded
Client 59 trained
Client 59 uploaded
Client 34 trained
Client 34 uploaded
Client 37 trained
Client 37 uploaded
Client 5 trained
Client 5 uploaded
Client 22 trained
Client 22 uploaded
Epoch(t): 86 accuracy: 76.34 loss 0.6229777970910072 run_time: 135.83225846290588
| current_epoch 87 |. Begin client select
SchedulerThread schedule Group [ 7 ], select( 15 clients):
1 | 5 | 8 | 22 | 34 | 37 | 39 | 44 | 54 | 59 | 62 | 83 | 85 | 91 | 94 |
-----------------------------------------------------------------Schedule complete
Client 85 trained
Client 85 uploaded
Client 1 trained
Client 1 uploaded
Client 94 trained
Client 94 uploaded
Client 83 trained
Client 83 uploaded
Client 8 trained
Client 8 uploaded
Client 62 trained
Client 62 uploaded
Client 44 trained
Client 44 uploaded
Client 54 trained
Client 54 uploaded
Client 39 trained
Client 39 uploaded
Client 91 trained
Client 91 uploaded
Client 59 trained
Client 59 uploaded
Client 34 trained
Client 34 uploaded
Client 37 trained
Client 37 uploaded
Client 5 trained
Client 5 uploaded
Client 22 trained
Client 22 uploaded
Epoch(t): 87 accuracy: 76.16 loss 0.6260153061151504 run_time: 137.5205636024475
| current_epoch 88 |. Begin client select
SchedulerThread schedule Group [ 5 ], select( 11 clients):
2 | 6 | 9 | 13 | 25 | 50 | 69 | 88 | 90 | 97 | 99 |
-----------------------------------------------------------------Schedule complete
Client 9 trained
Client 9 uploaded
Client 13 trained
Client 13 uploaded
Client 69 trained
Client 69 uploaded
Client 99 trained
Client 99 uploaded
Client 97 trained
Client 97 uploaded
Client 88 trained
Client 88 uploaded
Client 6 trained
Client 6 uploaded
Client 25 trained
Client 25 uploaded
Client 50 trained
Client 50 uploaded
Client 2 trained
Client 2 uploaded
Client 90 trained
Client 90 uploaded
Epoch(t): 88 accuracy: 75.93 loss 0.6356010907888412 run_time: 138.97867441177368
| current_epoch 89 |. Begin client select
SchedulerThread schedule Group [ 7 ], select( 15 clients):
1 | 5 | 8 | 22 | 34 | 37 | 39 | 44 | 54 | 59 | 62 | 83 | 85 | 91 | 94 |
-----------------------------------------------------------------Schedule complete
Client 85 trained
Client 85 uploaded
Client 1 trained
Client 1 uploaded
Client 94 trained
Client 94 uploaded
Client 8 trained
Client 8 uploaded
Client 83 trained
Client 83 uploaded
Client 62 trained
Client 62 uploaded
Client 44 trained
Client 44 uploaded
Client 39 trained
Client 39 uploaded
Client 54 trained
Client 54 uploaded
Client 91 trained
Client 91 uploaded
Client 59 trained
Client 59 uploaded
Client 34 trained
Client 34 uploaded
Client 5 trained
Client 5 uploaded
Client 37 trained
Client 37 uploaded
Client 22 trained
Client 22 uploaded
Epoch(t): 89 accuracy: 76.62 loss 0.6174402451515197 run_time: 140.757066488266
| current_epoch 90 |. Begin client select
SchedulerThread schedule Group [ 7 ], select( 15 clients):
1 | 5 | 8 | 22 | 34 | 37 | 39 | 44 | 54 | 59 | 62 | 83 | 85 | 91 | 94 |
-----------------------------------------------------------------Schedule complete
Client 85 trained
Client 85 uploaded
Client 1 trained
Client 1 uploaded
Client 94 trained
Client 94 uploaded
Client 83 trained
Client 83 uploaded
Client 8 trained
Client 8 uploaded
Client 62 trained
Client 62 uploaded
Client 39 trained
Client 39 uploaded
Client 44 trained
Client 44 uploaded
Client 54 trained
Client 54 uploaded
Client 91 trained
Client 91 uploaded
Client 59 trained
Client 59 uploaded
Client 34 trained
Client 34 uploaded
Client 37 trained
Client 37 uploaded
Client 22 trained
Client 22 uploaded
Client 5 trained
Client 5 uploaded
Epoch(t): 90 accuracy: 76.54 loss 0.6151066270470619 run_time: 142.34367871284485
| current_epoch 91 |. Begin client select
SchedulerThread schedule Group [ 7 ], select( 15 clients):
1 | 5 | 8 | 22 | 34 | 37 | 39 | 44 | 54 | 59 | 62 | 83 | 85 | 91 | 94 |
-----------------------------------------------------------------Schedule complete
Client 85 trained
Client 85 uploaded
Client 1 trained
Client 1 uploaded
Client 8 trained
Client 8 uploaded
Client 94 trained
Client 94 uploaded
Client 83 trained
Client 83 uploaded
Client 44 trained
Client 44 uploaded
Client 62 trained
Client 62 uploaded
Client 54 trained
Client 54 uploaded
Client 91 trained
Client 91 uploaded
Client 39 trained
Client 39 uploaded
Client 59 trained
Client 59 uploaded
Client 34 trained
Client 34 uploaded
Client 37 trained
Client 37 uploaded
Client 22 trained
Client 22 uploaded
Client 5 trained
Client 5 uploaded
Epoch(t): 91 accuracy: 76.73 loss 0.6160780504345894 run_time: 143.93957018852234
| current_epoch 92 |. Begin client select
SchedulerThread schedule Group [ 0 ], select( 9 clients):
4 | 7 | 12 | 18 | 20 | 38 | 60 | 84 | 89 |
-----------------------------------------------------------------Schedule complete
Client 12 trained
Client 12 uploaded
Client 18 trained
Client 18 uploaded
Client 4 trained
Client 4 uploaded
Client 38 trained
Client 38 uploaded
Client 7 trained
Client 7 uploaded
Client 20 trained
Client 20 uploaded
Client 89 trained
Client 89 uploaded
Client 60 trained
Client 60 uploaded
Client 84 trained
Client 84 uploaded
Epoch(t): 92 accuracy: 74.35 loss 0.6507979208230972 run_time: 145.10446524620056
| current_epoch 93 |. Begin client select
SchedulerThread schedule Group [ 7 ], select( 15 clients):
1 | 5 | 8 | 22 | 34 | 37 | 39 | 44 | 54 | 59 | 62 | 83 | 85 | 91 | 94 |
-----------------------------------------------------------------Schedule complete
Client 1 trained
Client 1 uploaded
Client 85 trained
Client 85 uploaded
Client 94 trained
Client 94 uploaded
Client 8 trained
Client 8 uploaded
Client 83 trained
Client 83 uploaded
Client 44 trained
Client 44 uploaded
Client 62 trained
Client 62 uploaded
Client 54 trained
Client 54 uploaded
Client 39 trained
Client 39 uploaded
Client 91 trained
Client 91 uploaded
Client 59 trained
Client 59 uploaded
Client 34 trained
Client 34 uploaded
Client 37 trained
Client 37 uploaded
Client 22 trained
Client 22 uploaded
Client 5 trained
Client 5 uploaded
Epoch(t): 93 accuracy: 76.54 loss 0.6188638576865196 run_time: 146.58304524421692
| current_epoch 94 |. Begin client select
SchedulerThread schedule Group [ 7 ], select( 15 clients):
1 | 5 | 8 | 22 | 34 | 37 | 39 | 44 | 54 | 59 | 62 | 83 | 85 | 91 | 94 |
-----------------------------------------------------------------Schedule complete
Client 1 trained
Client 1 uploaded
Client 85 trained
Client 85 uploaded
Client 94 trained
Client 94 uploaded
Client 8 trained
Client 8 uploaded
Client 83 trained
Client 83 uploaded
Client 62 trained
Client 62 uploaded
Client 44 trained
Client 44 uploaded
Client 54 trained
Client 54 uploaded
Client 91 trained
Client 91 uploaded
Client 39 trained
Client 39 uploaded
Client 59 trained
Client 59 uploaded
Client 34 trained
Client 34 uploaded
Client 37 trained
Client 37 uploaded
Client 22 trained
Client 22 uploaded
Client 5 trained
Client 5 uploaded
Epoch(t): 94 accuracy: 76.94 loss 0.610328106880188 run_time: 148.14628386497498
| current_epoch 95 |. Begin client select
SchedulerThread schedule Group [ 7 ], select( 15 clients):
1 | 5 | 8 | 22 | 34 | 37 | 39 | 44 | 54 | 59 | 62 | 83 | 85 | 91 | 94 |
-----------------------------------------------------------------Schedule complete
Client 94 trained
Client 94 uploaded
Client 85 trained
Client 85 uploaded
Client 1 trained
Client 1 uploaded
Client 83 trained
Client 83 uploaded
Client 8 trained
Client 8 uploaded
Client 44 trained
Client 44 uploaded
Client 62 trained
Client 62 uploaded
Client 91 trained
Client 91 uploaded
Client 54 trained
Client 54 uploaded
Client 39 trained
Client 39 uploaded
Client 5 trained
Client 5 uploaded
Client 59 trained
Client 59 uploaded
Client 37 trained
Client 37 uploaded
Client 22 trained
Client 22 uploaded
Client 34 trained
Client 34 uploaded
Epoch(t): 95 accuracy: 77.04 loss 0.6067103266716003 run_time: 149.69489884376526
| current_epoch 96 |. Begin client select
SchedulerThread schedule Group [ 7 ], select( 15 clients):
1 | 5 | 8 | 22 | 34 | 37 | 39 | 44 | 54 | 59 | 62 | 83 | 85 | 91 | 94 |
-----------------------------------------------------------------Schedule complete
Client 85 trained
Client 85 uploaded
Client 1 trained
Client 1 uploaded
Client 94 trained
Client 94 uploaded
Client 8 trained
Client 8 uploaded
Client 62 trained
Client 62 uploaded
Client 83 trained
Client 83 uploaded
Client 44 trained
Client 44 uploaded
Client 54 trained
Client 54 uploaded
Client 91 trained
Client 91 uploaded
Client 39 trained
Client 39 uploaded
Client 59 trained
Client 59 uploaded
Client 34 trained
Client 34 uploaded
Client 37 trained
Client 37 uploaded
Client 22 trained
Client 22 uploaded
Client 5 trained
Client 5 uploaded
Epoch(t): 96 accuracy: 77.04 loss 0.6048839265108108 run_time: 151.19159078598022
| current_epoch 97 |. Begin client select
SchedulerThread schedule Group [ 7 ], select( 15 clients):
1 | 5 | 8 | 22 | 34 | 37 | 39 | 44 | 54 | 59 | 62 | 83 | 85 | 91 | 94 |
-----------------------------------------------------------------Schedule complete
Client 85 trained
Client 85 uploaded
Client 94 trained
Client 94 uploaded
Client 1 trained
Client 1 uploaded
Client 83 trained
Client 83 uploaded
Client 8 trained
Client 8 uploaded
Client 44 trained
Client 44 uploaded
Client 62 trained
Client 62 uploaded
Client 91 trained
Client 91 uploaded
Client 39 trained
Client 39 uploaded
Client 54 trained
Client 54 uploaded
Client 59 trained
Client 59 uploaded
Client 34 trained
Client 34 uploaded
Client 37 trained
Client 37 uploaded
Client 5 trained
Client 5 uploaded
Client 22 trained
Client 22 uploaded
Epoch(t): 97 accuracy: 76.85 loss 0.6081944647431373 run_time: 152.8205509185791
| current_epoch 98 |. Begin client select
SchedulerThread schedule Group [ 7 ], select( 15 clients):
1 | 5 | 8 | 22 | 34 | 37 | 39 | 44 | 54 | 59 | 62 | 83 | 85 | 91 | 94 |
-----------------------------------------------------------------Schedule complete
Client 1 trained
Client 1 uploaded
Client 85 trained
Client 85 uploaded
Client 94 trained
Client 94 uploaded
Client 83 trained
Client 83 uploaded
Client 8 trained
Client 8 uploaded
Client 44 trained
Client 44 uploaded
Client 62 trained
Client 62 uploaded
Client 59 trained
Client 59 uploaded
Client 91 trained
Client 91 uploaded
Client 39 trained
Client 39 uploaded
Client 54 trained
Client 54 uploaded
Client 34 trained
Client 34 uploaded
Client 37 trained
Client 37 uploaded
Client 5 trained
Client 5 uploaded
Client 22 trained
Client 22 uploaded
Epoch(t): 98 accuracy: 77.17 loss 0.6057820481061935 run_time: 154.38319563865662
| current_epoch 99 |. Begin client select
SchedulerThread schedule Group [ 7 ], select( 15 clients):
1 | 5 | 8 | 22 | 34 | 37 | 39 | 44 | 54 | 59 | 62 | 83 | 85 | 91 | 94 |
-----------------------------------------------------------------Schedule complete
Client 1 trained
Client 1 uploaded
Client 94 trained
Client 94 uploaded
Client 85 trained
Client 85 uploaded
Client 83 trained
Client 83 uploaded
Client 8 trained
Client 8 uploaded
Client 44 trained
Client 44 uploaded
Client 62 trained
Client 62 uploaded
Client 59 trained
Client 59 uploaded
Client 39 trained
Client 39 uploaded
Client 91 trained
Client 91 uploaded
Client 54 trained
Client 54 uploaded
Client 34 trained
Client 34 uploaded
Client 5 trained
Client 5 uploaded
Client 22 trained
Client 22 uploaded
Client 37 trained
Client 37 uploaded
Epoch(t): 99 accuracy: 77.07 loss 0.6022183787822724 run_time: 155.94639110565186
| current_epoch 100 |. Begin client select
SchedulerThread schedule Group [ 7 ], select( 15 clients):
1 | 5 | 8 | 22 | 34 | 37 | 39 | 44 | 54 | 59 | 62 | 83 | 85 | 91 | 94 |
-----------------------------------------------------------------Schedule complete
Client 1 trained
Client 1 uploaded
Client 85 trained
Client 85 uploaded
Client 94 trained
Client 94 uploaded
Client 62 trained
Client 62 uploaded
Client 83 trained
Client 83 uploaded
Client 8 trained
Client 8 uploaded
Client 44 trained
Client 44 uploaded
Client 54 trained
Client 54 uploaded
Client 39 trained
Client 39 uploaded
Client 91 trained
Client 91 uploaded
Client 59 trained
Client 59 uploaded
Client 34 trained
Client 34 uploaded
Client 37 trained
Client 37 uploaded
Client 22 trained
Client 22 uploaded
Client 5 trained
Client 5 uploaded
Epoch(t): 100 accuracy: 77.47 loss 0.5995541653037071 run_time: 157.54891157150269
| current_epoch 101 |. Begin client select
SchedulerThread schedule Group [ 7 ], select( 15 clients):
1 | 5 | 8 | 22 | 34 | 37 | 39 | 44 | 54 | 59 | 62 | 83 | 85 | 91 | 94 |
-----------------------------------------------------------------Schedule complete
Client 85 trained
Client 85 uploaded
Client 1 trained
Client 1 uploaded
Client 94 trained
Client 94 uploaded
Client 8 trained
Client 8 uploaded
Client 83 trained
Client 83 uploaded
Client 62 trained
Client 62 uploaded
Client 44 trained
Client 44 uploaded
Client 59 trained
Client 59 uploaded
Client 34 trained
Client 34 uploaded
Client 54 trained
Client 54 uploaded
Client 39 trained
Client 39 uploaded
Client 91 trained
Client 91 uploaded
Client 37 trained
Client 37 uploaded
Client 22 trained
Client 22 uploaded
Client 5 trained
Client 5 uploaded
Epoch(t): 101 accuracy: 76.89 loss 0.6068932935595512 run_time: 159.15163326263428
| current_epoch 102 |. Begin client select
SchedulerThread schedule Group [ 5 ], select( 11 clients):
2 | 6 | 9 | 13 | 25 | 50 | 69 | 88 | 90 | 97 | 99 |
-----------------------------------------------------------------Schedule complete
Client 9 trained
Client 9 uploaded
Client 13 trained
Client 13 uploaded
Client 69 trained
Client 69 uploaded
Client 99 trained
Client 99 uploaded
Client 97 trained
Client 97 uploaded
Client 88 trained
Client 88 uploaded
Client 2 trained
Client 2 uploaded
Client 50 trained
Client 50 uploaded
Client 25 trained
Client 25 uploaded
Client 6 trained
Client 6 uploaded
Client 90 trained
Client 90 uploaded
Epoch(t): 102 accuracy: 76.82 loss 0.6073210865259171 run_time: 160.62321782112122
| current_epoch 103 |. Begin client select
SchedulerThread schedule Group [ 7 ], select( 15 clients):
1 | 5 | 8 | 22 | 34 | 37 | 39 | 44 | 54 | 59 | 62 | 83 | 85 | 91 | 94 |
-----------------------------------------------------------------Schedule complete
Client 85 trained
Client 85 uploaded
Client 1 trained
Client 1 uploaded
Client 94 trained
Client 94 uploaded
Client 8 trained
Client 8 uploaded
Client 83 trained
Client 83 uploaded
Client 62 trained
Client 62 uploaded
Client 44 trained
Client 44 uploaded
Client 54 trained
Client 54 uploaded
Client 34 trained
Client 34 uploaded
Client 91 trained
Client 91 uploaded
Client 39 trained
Client 39 uploaded
Client 59 trained
Client 59 uploaded
Client 37 trained
Client 37 uploaded
Client 22 trained
Client 22 uploaded
Client 5 trained
Client 5 uploaded
Epoch(t): 103 accuracy: 77.13 loss 0.5980965024232865 run_time: 162.15577507019043
| current_epoch 104 |. Begin client select
SchedulerThread schedule Group [ 8 ], select( 11 clients):
10 | 11 | 29 | 35 | 57 | 58 | 65 | 67 | 77 | 78 | 98 |
-----------------------------------------------------------------Schedule complete
Client 77 trained
Client 77 uploaded
Client 78 trained
Client 78 uploaded
Client 35 trained
Client 35 uploaded
Client 58 trained
Client 58 uploaded
Client 29 trained
Client 29 uploaded
Client 67 trained
Client 67 uploaded
Client 10 trained
Client 10 uploaded
Client 65 trained
Client 65 uploaded
Client 98 trained
Client 98 uploaded
Client 11 trained
Client 11 uploaded
Client 57 trained
Client 57 uploaded
Epoch(t): 104 accuracy: 77.4 loss 0.594253052175045 run_time: 163.44642686843872
| current_epoch 105 |. Begin client select
SchedulerThread schedule Group [ 7 ], select( 15 clients):
1 | 5 | 8 | 22 | 34 | 37 | 39 | 44 | 54 | 59 | 62 | 83 | 85 | 91 | 94 |
-----------------------------------------------------------------Schedule complete
Client 1 trained
Client 1 uploaded
Client 85 trained
Client 85 uploaded
Client 94 trained
Client 94 uploaded
Client 8 trained
Client 8 uploaded
Client 83 trained
Client 83 uploaded
Client 44 trained
Client 44 uploaded
Client 62 trained
Client 62 uploaded
Client 54 trained
Client 54 uploaded
Client 91 trained
Client 91 uploaded
Client 39 trained
Client 39 uploaded
Client 59 trained
Client 59 uploaded
Client 34 trained
Client 34 uploaded
Client 37 trained
Client 37 uploaded
Client 22 trained
Client 22 uploaded
Client 5 trained
Client 5 uploaded
Epoch(t): 105 accuracy: 77.51 loss 0.5932075551152229 run_time: 165.14432764053345
| current_epoch 106 |. Begin client select
SchedulerThread schedule Group [ 7 ], select( 15 clients):
1 | 5 | 8 | 22 | 34 | 37 | 39 | 44 | 54 | 59 | 62 | 83 | 85 | 91 | 94 |
-----------------------------------------------------------------Schedule complete
Client 85 trained
Client 85 uploaded
Client 1 trained
Client 1 uploaded
Client 94 trained
Client 94 uploaded
Client 83 trained
Client 83 uploaded
Client 8 trained
Client 8 uploaded
Client 62 trained
Client 62 uploaded
Client 44 trained
Client 44 uploaded
Client 91 trained
Client 91 uploaded
Client 59 trained
Client 59 uploaded
Client 54 trained
Client 54 uploaded
Client 39 trained
Client 39 uploaded
Client 34 trained
Client 34 uploaded
Client 37 trained
Client 37 uploaded
Client 22 trained
Client 22 uploaded
Client 5 trained
Client 5 uploaded
Epoch(t): 106 accuracy: 77.15 loss 0.5952676686644555 run_time: 166.816792011261
| current_epoch 107 |. Begin client select
SchedulerThread schedule Group [ 9 ], select( 8 clients):
21 | 31 | 55 | 63 | 68 | 75 | 87 | 95 |
-----------------------------------------------------------------Schedule complete
Client 21 trained
Client 21 uploaded
Client 87 trained
Client 87 uploaded
Client 63 trained
Client 63 uploaded
Client 68 trained
Client 68 uploaded
Client 55 trained
Client 55 uploaded
Client 95 trained
Client 95 uploaded
Client 31 trained
Client 31 uploaded
Client 75 trained
Client 75 uploaded
Epoch(t): 107 accuracy: 77.33 loss 0.5925963857769966 run_time: 167.84169363975525
| current_epoch 108 |. Begin client select
SchedulerThread schedule Group [ 7 ], select( 15 clients):
1 | 5 | 8 | 22 | 34 | 37 | 39 | 44 | 54 | 59 | 62 | 83 | 85 | 91 | 94 |
-----------------------------------------------------------------Schedule complete
Client 1 trained
Client 1 uploaded
Client 85 trained
Client 85 uploaded
Client 94 trained
Client 94 uploaded
Client 83 trained
Client 83 uploaded
Client 8 trained
Client 8 uploaded
Client 62 trained
Client 62 uploaded
Client 44 trained
Client 44 uploaded
Client 39 trained
Client 39 uploaded
Client 54 trained
Client 54 uploaded
Client 91 trained
Client 91 uploaded
Client 59 trained
Client 59 uploaded
Client 22 trained
Client 22 uploaded
Client 34 trained
Client 34 uploaded
Client 5 trained
Client 5 uploaded
Client 37 trained
Client 37 uploaded
Epoch(t): 108 accuracy: 77.27 loss 0.5909627491235733 run_time: 169.26341247558594
| current_epoch 109 |. Begin client select
SchedulerThread schedule Group [ 7 ], select( 15 clients):
1 | 5 | 8 | 22 | 34 | 37 | 39 | 44 | 54 | 59 | 62 | 83 | 85 | 91 | 94 |
-----------------------------------------------------------------Schedule complete
Client 1 trained
Client 1 uploaded
Client 85 trained
Client 85 uploaded
Client 94 trained
Client 94 uploaded
Client 83 trained
Client 83 uploaded
Client 8 trained
Client 8 uploaded
Client 44 trained
Client 44 uploaded
Client 62 trained
Client 62 uploaded
Client 39 trained
Client 39 uploaded
Client 54 trained
Client 54 uploaded
Client 91 trained
Client 91 uploaded
Client 59 trained
Client 59 uploaded
Client 34 trained
Client 34 uploaded
Client 37 trained
Client 37 uploaded
Client 22 trained
Client 22 uploaded
Client 5 trained
Client 5 uploaded
Epoch(t): 109 accuracy: 77.53 loss 0.5908356475830078 run_time: 170.85385060310364
| current_epoch 110 |. Begin client select
SchedulerThread schedule Group [ 7 ], select( 15 clients):
1 | 5 | 8 | 22 | 34 | 37 | 39 | 44 | 54 | 59 | 62 | 83 | 85 | 91 | 94 |
-----------------------------------------------------------------Schedule complete
Client 1 trained
Client 1 uploaded
Client 85 trained
Client 85 uploaded
Client 94 trained
Client 94 uploaded
Client 83 trained
Client 83 uploaded
Client 8 trained
Client 8 uploaded
Client 44 trained
Client 44 uploaded
Client 62 trained
Client 62 uploaded
Client 91 trained
Client 91 uploaded
Client 54 trained
Client 54 uploaded
Client 39 trained
Client 39 uploaded
Client 59 trained
Client 59 uploaded
Client 34 trained
Client 34 uploaded
Client 22 trained
Client 22 uploaded
Client 37 trained
Client 37 uploaded
Client 5 trained
Client 5 uploaded
Epoch(t): 110 accuracy: 77.46 loss 0.5867228052020073 run_time: 172.59406042099
| current_epoch 111 |. Begin client select
SchedulerThread schedule Group [ 7 ], select( 15 clients):
1 | 5 | 8 | 22 | 34 | 37 | 39 | 44 | 54 | 59 | 62 | 83 | 85 | 91 | 94 |
-----------------------------------------------------------------Schedule complete
Client 1 trained
Client 1 uploaded
Client 85 trained
Client 85 uploaded
Client 94 trained
Client 94 uploaded
Client 83 trained
Client 8 trained
Client 83 uploaded
Client 8 uploaded
Client 44 trained
Client 44 uploaded
Client 62 trained
Client 62 uploaded
Client 39 trained
Client 39 uploaded
Client 91 trained
Client 91 uploaded
Client 54 trained
Client 54 uploaded
Client 59 trained
Client 59 uploaded
Client 34 trained
Client 34 uploaded
Client 5 trained
Client 5 uploaded
Client 37 trained
Client 37 uploaded
Client 22 trained
Client 22 uploaded
Epoch(t): 111 accuracy: 77.47 loss 0.5884165465831757 run_time: 174.27563405036926
| current_epoch 112 |. Begin client select
SchedulerThread schedule Group [ 7 ], select( 15 clients):
1 | 5 | 8 | 22 | 34 | 37 | 39 | 44 | 54 | 59 | 62 | 83 | 85 | 91 | 94 |
-----------------------------------------------------------------Schedule complete
Client 85 trained
Client 85 uploaded
Client 1 trained
Client 1 uploaded
Client 94 trained
Client 94 uploaded
Client 8 trained
Client 8 uploaded
Client 83 trained
Client 83 uploaded
Client 62 trained
Client 62 uploaded
Client 44 trained
Client 44 uploaded
Client 54 trained
Client 54 uploaded
Client 39 trained
Client 39 uploaded
Client 91 trained
Client 91 uploaded
Client 59 trained
Client 59 uploaded
Client 34 trained
Client 34 uploaded
Client 22 trained
Client 22 uploaded
Client 37 trained
Client 37 uploaded
Client 5 trained
Client 5 uploaded
Epoch(t): 112 accuracy: 77.51 loss 0.5880916431546211 run_time: 175.91221594810486
| current_epoch 113 |. Begin client select
SchedulerThread schedule Group [ 7 ], select( 15 clients):
1 | 5 | 8 | 22 | 34 | 37 | 39 | 44 | 54 | 59 | 62 | 83 | 85 | 91 | 94 |
-----------------------------------------------------------------Schedule complete
Client 5 trained
Client 5 uploaded
Client 85 trained
Client 85 uploaded
Client 1 trained
Client 1 uploaded
Client 94 trained
Client 94 uploaded
Client 8 trained
Client 8 uploaded
Client 83 trained
Client 83 uploaded
Client 44 trained
Client 44 uploaded
Client 62 trained
Client 62 uploaded
Client 54 trained
Client 54 uploaded
Client 91 trained
Client 91 uploaded
Client 39 trained
Client 39 uploaded
Client 59 trained
Client 59 uploaded
Client 34 trained
Client 34 uploaded
Client 37 trained
Client 37 uploaded
Client 22 trained
Client 22 uploaded
Epoch(t): 113 accuracy: 77.56 loss 0.586358203291893 run_time: 177.37789011001587
| current_epoch 114 |. Begin client select
SchedulerThread schedule Group [ 3 ], select( 8 clients):
15 | 16 | 24 | 27 | 36 | 43 | 53 | 82 |
-----------------------------------------------------------------Schedule complete
Client 43 trained
Client 43 uploaded
Client 27 trained
Client 27 uploaded
Client 82 trained
Client 82 uploaded
Client 36 trained
Client 36 uploaded
Client 15 trained
Client 15 uploaded
Client 24 trained
Client 24 uploaded
Client 53 trained
Client 53 uploaded
Client 16 trained
Client 16 uploaded
Epoch(t): 114 accuracy: 74.73 loss 0.629601129591465 run_time: 178.5021014213562
| current_epoch 115 |. Begin client select
SchedulerThread schedule Group [ 7 ], select( 15 clients):
1 | 5 | 8 | 22 | 34 | 37 | 39 | 44 | 54 | 59 | 62 | 83 | 85 | 91 | 94 |
-----------------------------------------------------------------Schedule complete
Client 85 trained
Client 85 uploaded
Client 94 trained
Client 94 uploaded
Client 1 trained
Client 1 uploaded
Client 8 trained
Client 8 uploaded
Client 83 trained
Client 83 uploaded
Client 44 trained
Client 44 uploaded
Client 62 trained
Client 62 uploaded
Client 39 trained
Client 39 uploaded
Client 54 trained
Client 54 uploaded
Client 91 trained
Client 91 uploaded
Client 59 trained
Client 59 uploaded
Client 34 trained
Client 34 uploaded
Client 37 trained
Client 37 uploaded
Client 5 trained
Client 5 uploaded
Client 22 trained
Client 22 uploaded
Epoch(t): 115 accuracy: 77.76 loss 0.5819783490896225 run_time: 180.22247552871704
| current_epoch 116 |. Begin client select
SchedulerThread schedule Group [ 7 ], select( 15 clients):
1 | 5 | 8 | 22 | 34 | 37 | 39 | 44 | 54 | 59 | 62 | 83 | 85 | 91 | 94 |
-----------------------------------------------------------------Schedule complete
Client 85 trained
Client 85 uploaded
Client 94 trained
Client 94 uploaded
Client 1 trained
Client 1 uploaded
Client 8 trained
Client 8 uploaded
Client 83 trained
Client 83 uploaded
Client 62 trained
Client 62 uploaded
Client 44 trained
Client 44 uploaded
Client 91 trained
Client 91 uploaded
Client 54 trained
Client 54 uploaded
Client 39 trained
Client 39 uploaded
Client 59 trained
Client 59 uploaded
Client 34 trained
Client 34 uploaded
Client 37 trained
Client 37 uploaded
Client 5 trained
Client 5 uploaded
Client 22 trained
Client 22 uploaded
Epoch(t): 116 accuracy: 77.54 loss 0.5833450573682785 run_time: 181.90915632247925
| current_epoch 117 |. Begin client select
SchedulerThread schedule Group [ 5 ], select( 11 clients):
2 | 6 | 9 | 13 | 25 | 50 | 69 | 88 | 90 | 97 | 99 |
-----------------------------------------------------------------Schedule complete
Client 9 trained
Client 9 uploaded
Client 13 trained
Client 13 uploaded
Client 99 trained
Client 99 uploaded
Client 69 trained
Client 69 uploaded
Client 97 trained
Client 97 uploaded
Client 2 trained
Client 2 uploaded
Client 88 trained
Client 88 uploaded
Client 6 trained
Client 6 uploaded
Client 50 trained
Client 50 uploaded
Client 25 trained
Client 25 uploaded
Client 90 trained
Client 90 uploaded
Epoch(t): 117 accuracy: 77.63 loss 0.5873555210232735 run_time: 183.36972761154175
| current_epoch 118 |. Begin client select
SchedulerThread schedule Group [ 7 ], select( 15 clients):
1 | 5 | 8 | 22 | 34 | 37 | 39 | 44 | 54 | 59 | 62 | 83 | 85 | 91 | 94 |
-----------------------------------------------------------------Schedule complete
Client 1 trained
Client 1 uploaded
Client 85 trained
Client 85 uploaded
Client 94 trained
Client 94 uploaded
Client 8 trained
Client 8 uploaded
Client 83 trained
Client 83 uploaded
Client 39 trained
Client 39 uploaded
Client 44 trained
Client 44 uploaded
Client 62 trained
Client 62 uploaded
Client 54 trained
Client 54 uploaded
Client 91 trained
Client 91 uploaded
Client 59 trained
Client 59 uploaded
Client 34 trained
Client 34 uploaded
Client 37 trained
Client 37 uploaded
Client 22 trained
Client 22 uploaded
Client 5 trained
Client 5 uploaded
Epoch(t): 118 accuracy: 77.95 loss 0.5787714982032776 run_time: 185.02951288223267
| current_epoch 119 |. Begin client select
SchedulerThread schedule Group [ 4 ], select( 10 clients):
0 | 14 | 17 | 30 | 32 | 66 | 70 | 76 | 92 | 96 |
-----------------------------------------------------------------Schedule complete
Client 30 trained
Client 30 uploaded
Client 70 trained
Client 70 uploaded
Client 14 trained
Client 14 uploaded
Client 66 trained
Client 66 uploaded
Client 0 trained
Client 0 uploaded
Client 32 trained
Client 32 uploaded
Client 17 trained
Client 17 uploaded
Client 92 trained
Client 92 uploaded
Client 96 trained
Client 96 uploaded
Client 76 trained
Client 76 uploaded
Epoch(t): 119 accuracy: 76.93 loss 0.5939825290441513 run_time: 186.30930590629578
| current_epoch 120 |. Begin client select
SchedulerThread schedule Group [ 7 ], select( 15 clients):
1 | 5 | 8 | 22 | 34 | 37 | 39 | 44 | 54 | 59 | 62 | 83 | 85 | 91 | 94 |
-----------------------------------------------------------------Schedule complete
Client 85 trained
Client 85 uploaded
Client 1 trained
Client 1 uploaded
Client 94 trained
Client 94 uploaded
Client 8 trained
Client 8 uploaded
Client 83 trained
Client 83 uploaded
Client 44 trained
Client 44 uploaded
Client 62 trained
Client 62 uploaded
Client 54 trained
Client 54 uploaded
Client 39 trained
Client 39 uploaded
Client 91 trained
Client 91 uploaded
Client 59 trained
Client 59 uploaded
Client 34 trained
Client 34 uploaded
Client 37 trained
Client 37 uploaded
Client 22 trained
Client 22 uploaded
Client 5 trained
Client 5 uploaded
Epoch(t): 120 accuracy: 77.96 loss 0.5750130406022071 run_time: 187.9685459136963
| current_epoch 121 |. Begin client select
SchedulerThread schedule Group [ 7 ], select( 15 clients):
1 | 5 | 8 | 22 | 34 | 37 | 39 | 44 | 54 | 59 | 62 | 83 | 85 | 91 | 94 |
-----------------------------------------------------------------Schedule complete
Client 1 trained
Client 1 uploaded
Client 85 trained
Client 85 uploaded
Client 94 trained
Client 94 uploaded
Client 83 trained
Client 83 uploaded
Client 8 trained
Client 8 uploaded
Client 44 trained
Client 44 uploaded
Client 62 trained
Client 62 uploaded
Client 54 trained
Client 54 uploaded
Client 39 trained
Client 39 uploaded
Client 59 trained
Client 59 uploaded
Client 91 trained
Client 91 uploaded
Client 37 trained
Client 37 uploaded
Client 34 trained
Client 34 uploaded
Client 5 trained
Client 5 uploaded
Client 22 trained
Client 22 uploaded
Epoch(t): 121 accuracy: 77.81 loss 0.573181900382042 run_time: 189.64099192619324
| current_epoch 122 |. Begin client select
SchedulerThread schedule Group [ 7 ], select( 15 clients):
1 | 5 | 8 | 22 | 34 | 37 | 39 | 44 | 54 | 59 | 62 | 83 | 85 | 91 | 94 |
-----------------------------------------------------------------Schedule complete
Client 1 trained
Client 1 uploaded
Client 94 trained
Client 94 uploaded
Client 85 trained
Client 85 uploaded
Client 8 trained
Client 8 uploaded
Client 44 trained
Client 44 uploaded
Client 83 trained
Client 83 uploaded
Client 62 trained
Client 62 uploaded
Client 91 trained
Client 91 uploaded
Client 54 trained
Client 54 uploaded
Client 39 trained
Client 39 uploaded
Client 59 trained
Client 59 uploaded
Client 22 trained
Client 22 uploaded
Client 34 trained
Client 34 uploaded
Client 5 trained
Client 5 uploaded
Client 37 trained
Client 37 uploaded
Epoch(t): 122 accuracy: 78.02 loss 0.5744585722684861 run_time: 191.28728771209717
| current_epoch 123 |. Begin client select
SchedulerThread schedule Group [ 7 ], select( 15 clients):
1 | 5 | 8 | 22 | 34 | 37 | 39 | 44 | 54 | 59 | 62 | 83 | 85 | 91 | 94 |
-----------------------------------------------------------------Schedule complete
Client 1 trained
Client 1 uploaded
Client 85 trained
Client 85 uploaded
Client 94 trained
Client 94 uploaded
Client 8 trained
Client 8 uploaded
Client 83 trained
Client 83 uploaded
Client 44 trained
Client 44 uploaded
Client 62 trained
Client 62 uploaded
Client 91 trained
Client 91 uploaded
Client 54 trained
Client 54 uploaded
Client 39 trained
Client 39 uploaded
Client 59 trained
Client 59 uploaded
Client 34 trained
Client 34 uploaded
Client 37 trained
Client 37 uploaded
Client 22 trained
Client 22 uploaded
Client 5 trained
Client 5 uploaded
Epoch(t): 123 accuracy: 78.11 loss 0.5714428433775902 run_time: 192.92648577690125
| current_epoch 124 |. Begin client select
SchedulerThread schedule Group [ 7 ], select( 15 clients):
1 | 5 | 8 | 22 | 34 | 37 | 39 | 44 | 54 | 59 | 62 | 83 | 85 | 91 | 94 |
-----------------------------------------------------------------Schedule complete
Client 94 trained
Client 94 uploaded
Client 1 trained
Client 1 uploaded
Client 85 trained
Client 85 uploaded
Client 83 trained
Client 83 uploaded
Client 8 trained
Client 8 uploaded
Client 44 trained
Client 44 uploaded
Client 62 trained
Client 62 uploaded
Client 39 trained
Client 39 uploaded
Client 91 trained
Client 91 uploaded
Client 54 trained
Client 54 uploaded
Client 59 trained
Client 59 uploaded
Client 34 trained
Client 34 uploaded
Client 37 trained
Client 37 uploaded
Client 22 trained
Client 22 uploaded
Client 5 trained
Client 5 uploaded
Epoch(t): 124 accuracy: 78.21 loss 0.571070938706398 run_time: 194.63544869422913
| current_epoch 125 |. Begin client select
SchedulerThread schedule Group [ 7 ], select( 15 clients):
1 | 5 | 8 | 22 | 34 | 37 | 39 | 44 | 54 | 59 | 62 | 83 | 85 | 91 | 94 |
-----------------------------------------------------------------Schedule complete
Client 1 trained
Client 1 uploaded
Client 85 trained
Client 85 uploaded
Client 94 trained
Client 94 uploaded
Client 8 trained
Client 8 uploaded
Client 83 trained
Client 83 uploaded
Client 62 trained
Client 62 uploaded
Client 44 trained
Client 44 uploaded
Client 91 trained
Client 91 uploaded
Client 54 trained
Client 54 uploaded
Client 39 trained
Client 39 uploaded
Client 59 trained
Client 59 uploaded
Client 34 trained
Client 34 uploaded
Client 37 trained
Client 37 uploaded
Client 22 trained
Client 22 uploaded
Client 5 trained
Client 5 uploaded
Epoch(t): 125 accuracy: 78.29 loss 0.5706939369440078 run_time: 196.2868525981903
| current_epoch 126 |. Begin client select
SchedulerThread schedule Group [ 6 ], select( 8 clients):
23 | 33 | 46 | 51 | 74 | 81 | 86 | 93 |
-----------------------------------------------------------------Schedule complete
Client 46 trained
Client 46 uploaded
Client 33 trained
Client 33 uploaded
Client 23 trained
Client 23 uploaded
Client 86 trained
Client 86 uploaded
Client 74 trained
Client 74 uploaded
Client 81 trained
Client 81 uploaded
Client 51 trained
Client 51 uploaded
Client 93 trained
Client 93 uploaded
Epoch(t): 126 accuracy: 76.96 loss 0.6101208713650703 run_time: 197.48457741737366
| current_epoch 127 |. Begin client select
SchedulerThread schedule Group [ 7 ], select( 15 clients):
1 | 5 | 8 | 22 | 34 | 37 | 39 | 44 | 54 | 59 | 62 | 83 | 85 | 91 | 94 |
-----------------------------------------------------------------Schedule complete
Client 94 trained
Client 94 uploaded
Client 1 trained
Client 1 uploaded
Client 85 trained
Client 85 uploaded
Client 83 trained
Client 83 uploaded
Client 8 trained
Client 8 uploaded
Client 44 trained
Client 44 uploaded
Client 62 trained
Client 62 uploaded
Client 91 trained
Client 91 uploaded
Client 54 trained
Client 54 uploaded
Client 39 trained
Client 39 uploaded
Client 59 trained
Client 59 uploaded
Client 34 trained
Client 34 uploaded
Client 37 trained
Client 37 uploaded
Client 22 trained
Client 22 uploaded
Client 5 trained
Client 5 uploaded
Epoch(t): 127 accuracy: 78.07 loss 0.5697633877396584 run_time: 199.08461475372314
| current_epoch 128 |. Begin client select
SchedulerThread schedule Group [ 7 ], select( 15 clients):
1 | 5 | 8 | 22 | 34 | 37 | 39 | 44 | 54 | 59 | 62 | 83 | 85 | 91 | 94 |
-----------------------------------------------------------------Schedule complete
Client 94 trained
Client 94 uploaded
Client 1 trained
Client 1 uploaded
Client 85 trained
Client 85 uploaded
Client 83 trained
Client 83 uploaded
Client 8 trained
Client 8 uploaded
Client 44 trained
Client 44 uploaded
Client 62 trained
Client 62 uploaded
Client 91 trained
Client 91 uploaded
Client 54 trained
Client 54 uploaded
Client 39 trained
Client 39 uploaded
Client 59 trained
Client 59 uploaded
Client 22 trained
Client 22 uploaded
Client 34 trained
Client 34 uploaded
Client 37 trained
Client 37 uploaded
Client 5 trained
Client 5 uploaded
Epoch(t): 128 accuracy: 78.4 loss 0.5663482692837715 run_time: 200.65631985664368
| current_epoch 129 |. Begin client select
SchedulerThread schedule Group [ 7 ], select( 15 clients):
1 | 5 | 8 | 22 | 34 | 37 | 39 | 44 | 54 | 59 | 62 | 83 | 85 | 91 | 94 |
-----------------------------------------------------------------Schedule complete
Client 1 trained
Client 1 uploaded
Client 94 trained
Client 94 uploaded
Client 85 trained
Client 85 uploaded
Client 83 trained
Client 83 uploaded
Client 8 trained
Client 8 uploaded
Client 44 trained
Client 44 uploaded
Client 62 trained
Client 62 uploaded
Client 91 trained
Client 91 uploaded
Client 54 trained
Client 54 uploaded
Client 39 trained
Client 39 uploaded
Client 59 trained
Client 59 uploaded
Client 34 trained
Client 34 uploaded
Client 5 trained
Client 5 uploaded
Client 37 trained
Client 37 uploaded
Client 22 trained
Client 22 uploaded
Epoch(t): 129 accuracy: 78.35 loss 0.5663635039329529 run_time: 202.27867484092712
| current_epoch 130 |. Begin client select
SchedulerThread schedule Group [ 7 ], select( 15 clients):
1 | 5 | 8 | 22 | 34 | 37 | 39 | 44 | 54 | 59 | 62 | 83 | 85 | 91 | 94 |
-----------------------------------------------------------------Schedule complete
Client 1 trained
Client 1 uploaded
Client 94 trained
Client 94 uploaded
Client 85 trained
Client 85 uploaded
Client 8 trained
Client 8 uploaded
Client 83 trained
Client 83 uploaded
Client 44 trained
Client 44 uploaded
Client 62 trained
Client 62 uploaded
Client 91 trained
Client 91 uploaded
Client 54 trained
Client 54 uploaded
Client 39 trained
Client 39 uploaded
Client 59 trained
Client 59 uploaded
Client 22 trained
Client 22 uploaded
Client 34 trained
Client 34 uploaded
Client 5 trained
Client 5 uploaded
Client 37 trained
Client 37 uploaded
Epoch(t): 130 accuracy: 78.21 loss 0.5671062332391739 run_time: 203.9797887802124
| current_epoch 131 |. Begin client select
SchedulerThread schedule Group [ 5 ], select( 11 clients):
2 | 6 | 9 | 13 | 25 | 50 | 69 | 88 | 90 | 97 | 99 |
-----------------------------------------------------------------Schedule complete
Client 9 trained
Client 9 uploaded
Client 13 trained
Client 13 uploaded
Client 99 trained
Client 99 uploaded
Client 69 trained
Client 69 uploaded
Client 6 trained
Client 6 uploaded
Client 97 trained
Client 97 uploaded
Client 88 trained
Client 88 uploaded
Client 2 trained
Client 2 uploaded
Client 25 trained
Client 25 uploaded
Client 90 trained
Client 90 uploaded
Client 50 trained
Client 50 uploaded
Epoch(t): 131 accuracy: 78.22 loss 0.570891420841217 run_time: 205.44437909126282
| current_epoch 132 |. Begin client select
SchedulerThread schedule Group [ 7 ], select( 15 clients):
1 | 5 | 8 | 22 | 34 | 37 | 39 | 44 | 54 | 59 | 62 | 83 | 85 | 91 | 94 |
-----------------------------------------------------------------Schedule complete
Client 1 trained
Client 1 uploaded
Client 85 trained
Client 85 uploaded
Client 94 trained
Client 94 uploaded
Client 83 trained
Client 83 uploaded
Client 8 trained
Client 8 uploaded
Client 62 trained
Client 62 uploaded
Client 39 trained
Client 39 uploaded
Client 44 trained
Client 44 uploaded
Client 34 trained
Client 34 uploaded
Client 91 trained
Client 91 uploaded
Client 54 trained
Client 54 uploaded
Client 59 trained
Client 59 uploaded
Client 37 trained
Client 37 uploaded
Client 5 trained
Client 5 uploaded
Client 22 trained
Client 22 uploaded
Epoch(t): 132 accuracy: 78.4 loss 0.5644160234928131 run_time: 207.06221747398376
| current_epoch 133 |. Begin client select
SchedulerThread schedule Group [ 7 ], select( 15 clients):
1 | 5 | 8 | 22 | 34 | 37 | 39 | 44 | 54 | 59 | 62 | 83 | 85 | 91 | 94 |
-----------------------------------------------------------------Schedule complete
Client 94 trained
Client 94 uploaded
Client 1 trained
Client 1 uploaded
Client 85 trained
Client 85 uploaded
Client 83 trained
Client 83 uploaded
Client 8 trained
Client 8 uploaded
Client 44 trained
Client 44 uploaded
Client 62 trained
Client 62 uploaded
Client 39 trained
Client 39 uploaded
Client 91 trained
Client 91 uploaded
Client 54 trained
Client 54 uploaded
Client 59 trained
Client 59 uploaded
Client 22 trained
Client 22 uploaded
Client 34 trained
Client 34 uploaded
Client 5 trained
Client 5 uploaded
Client 37 trained
Client 37 uploaded
Epoch(t): 133 accuracy: 78.49 loss 0.5611510390043258 run_time: 208.7690773010254
| current_epoch 134 |. Begin client select
SchedulerThread schedule Group [ 7 ], select( 15 clients):
1 | 5 | 8 | 22 | 34 | 37 | 39 | 44 | 54 | 59 | 62 | 83 | 85 | 91 | 94 |
-----------------------------------------------------------------Schedule complete
Client 1 trained
Client 1 uploaded
Client 85 trained
Client 85 uploaded
Client 94 trained
Client 94 uploaded
Client 8 trained
Client 8 uploaded
Client 83 trained
Client 83 uploaded
Client 44 trained
Client 44 uploaded
Client 62 trained
Client 62 uploaded
Client 39 trained
Client 39 uploaded
Client 91 trained
Client 91 uploaded
Client 54 trained
Client 54 uploaded
Client 59 trained
Client 59 uploaded
Client 5 trained
Client 5 uploaded
Client 34 trained
Client 34 uploaded
Client 37 trained
Client 37 uploaded
Client 22 trained
Client 22 uploaded
Epoch(t): 134 accuracy: 78.63 loss 0.5615160113573074 run_time: 210.36865305900574
| current_epoch 135 |. Begin client select
SchedulerThread schedule Group [ 7 ], select( 15 clients):
1 | 5 | 8 | 22 | 34 | 37 | 39 | 44 | 54 | 59 | 62 | 83 | 85 | 91 | 94 |
-----------------------------------------------------------------Schedule complete
Client 1 trained
Client 1 uploaded
Client 8 trained
Client 8 uploaded
Client 85 trained
Client 85 uploaded
Client 94 trained
Client 94 uploaded
Client 83 trained
Client 83 uploaded
Client 62 trained
Client 62 uploaded
Client 44 trained
Client 44 uploaded
Client 39 trained
Client 39 uploaded
Client 54 trained
Client 54 uploaded
Client 91 trained
Client 91 uploaded
Client 59 trained
Client 59 uploaded
Client 34 trained
Client 34 uploaded
Client 22 trained
Client 22 uploaded
Client 37 trained
Client 37 uploaded
Client 5 trained
Client 5 uploaded
Epoch(t): 135 accuracy: 78.49 loss 0.5618638837337494 run_time: 212.02361178398132
| current_epoch 136 |. Begin client select
SchedulerThread schedule Group [ 1 ], select( 10 clients):
3 | 19 | 40 | 47 | 49 | 52 | 72 | 73 | 79 | 80 |
-----------------------------------------------------------------Schedule complete
Client 3 trained
Client 3 uploaded
Client 40 trained
Client 40 uploaded
Client 49 trained
Client 49 uploaded
Client 80 trained
Client 80 uploaded
Client 73 trained
Client 73 uploaded
Client 19 trained
Client 19 uploaded
Client 47 trained
Client 47 uploaded
Client 72 trained
Client 72 uploaded
Client 79 trained
Client 79 uploaded
Client 52 trained
Client 52 uploaded
Epoch(t): 136 accuracy: 78.96 loss 0.5592458200454712 run_time: 213.28990244865417
| current_epoch 137 |. Begin client select
SchedulerThread schedule Group [ 7 ], select( 15 clients):
1 | 5 | 8 | 22 | 34 | 37 | 39 | 44 | 54 | 59 | 62 | 83 | 85 | 91 | 94 |
-----------------------------------------------------------------Schedule complete
Client 1 trained
Client 1 uploaded
Client 85 trained
Client 85 uploaded
Client 94 trained
Client 94 uploaded
Client 8 trained
Client 8 uploaded
Client 83 trained
Client 83 uploaded
Client 91 trained
Client 91 uploaded
Client 44 trained
Client 44 uploaded
Client 62 trained
Client 62 uploaded
Client 39 trained
Client 39 uploaded
Client 54 trained
Client 54 uploaded
Client 59 trained
Client 59 uploaded
Client 34 trained
Client 34 uploaded
Client 37 trained
Client 37 uploaded
Client 22 trained
Client 22 uploaded
Client 5 trained
Client 5 uploaded
Epoch(t): 137 accuracy: 78.5 loss 0.5582798403501511 run_time: 214.96279335021973
| current_epoch 138 |. Begin client select
SchedulerThread schedule Group [ 7 ], select( 15 clients):
1 | 5 | 8 | 22 | 34 | 37 | 39 | 44 | 54 | 59 | 62 | 83 | 85 | 91 | 94 |
-----------------------------------------------------------------Schedule complete
Client 85 trained
Client 85 uploaded
Client 94 trained
Client 94 uploaded
Client 1 trained
Client 1 uploaded
Client 83 trained
Client 83 uploaded
Client 8 trained
Client 8 uploaded
Client 62 trained
Client 62 uploaded
Client 44 trained
Client 44 uploaded
Client 91 trained
Client 91 uploaded
Client 39 trained
Client 39 uploaded
Client 54 trained
Client 54 uploaded
Client 59 trained
Client 59 uploaded
Client 34 trained
Client 34 uploaded
Client 37 trained
Client 37 uploaded
Client 22 trained
Client 22 uploaded
Client 5 trained
Client 5 uploaded
Epoch(t): 138 accuracy: 78.96 loss 0.5555986699461937 run_time: 216.63024377822876
| current_epoch 139 |. Begin client select
SchedulerThread schedule Group [ 7 ], select( 15 clients):
1 | 5 | 8 | 22 | 34 | 37 | 39 | 44 | 54 | 59 | 62 | 83 | 85 | 91 | 94 |
-----------------------------------------------------------------Schedule complete
Client 1 trained
Client 1 uploaded
Client 85 trained
Client 85 uploaded
Client 94 trained
Client 94 uploaded
Client 8 trained
Client 8 uploaded
Client 83 trained
Client 83 uploaded
Client 44 trained
Client 44 uploaded
Client 62 trained
Client 62 uploaded
Client 54 trained
Client 54 uploaded
Client 91 trained
Client 91 uploaded
Client 59 trained
Client 59 uploaded
Client 39 trained
Client 39 uploaded
Client 34 trained
Client 34 uploaded
Client 37 trained
Client 37 uploaded
Client 22 trained
Client 22 uploaded
Client 5 trained
Client 5 uploaded
Epoch(t): 139 accuracy: 79.06 loss 0.5523669561743736 run_time: 218.23816776275635
| current_epoch 140 |. Begin client select
SchedulerThread schedule Group [ 7 ], select( 15 clients):
1 | 5 | 8 | 22 | 34 | 37 | 39 | 44 | 54 | 59 | 62 | 83 | 85 | 91 | 94 |
-----------------------------------------------------------------Schedule complete
Client 1 trained
Client 1 uploaded
Client 85 trained
Client 85 uploaded
Client 94 trained
Client 94 uploaded
Client 83 trained
Client 83 uploaded
Client 8 trained
Client 8 uploaded
Client 91 trained
Client 91 uploaded
Client 62 trained
Client 62 uploaded
Client 44 trained
Client 44 uploaded
Client 39 trained
Client 39 uploaded
Client 54 trained
Client 54 uploaded
Client 59 trained
Client 59 uploaded
Client 34 trained
Client 34 uploaded
Client 37 trained
Client 37 uploaded
Client 22 trained
Client 22 uploaded
Client 5 trained
Client 5 uploaded
Epoch(t): 140 accuracy: 78.66 loss 0.559159922003746 run_time: 219.8724226951599
| current_epoch 141 |. Begin client select
SchedulerThread schedule Group [ 7 ], select( 15 clients):
1 | 5 | 8 | 22 | 34 | 37 | 39 | 44 | 54 | 59 | 62 | 83 | 85 | 91 | 94 |
-----------------------------------------------------------------Schedule complete
Client 85 trained
Client 85 uploaded
Client 1 trained
Client 1 uploaded
Client 94 trained
Client 94 uploaded
Client 8 trained
Client 8 uploaded
Client 83 trained
Client 83 uploaded
Client 62 trained
Client 62 uploaded
Client 44 trained
Client 44 uploaded
Client 91 trained
Client 91 uploaded
Client 54 trained
Client 54 uploaded
Client 59 trained
Client 59 uploaded
Client 39 trained
Client 39 uploaded
Client 5 trained
Client 5 uploaded
Client 34 trained
Client 34 uploaded
Client 37 trained
Client 37 uploaded
Client 22 trained
Client 22 uploaded
Epoch(t): 141 accuracy: 79.19 loss 0.5519883304834365 run_time: 221.44297885894775
| current_epoch 142 |. Begin client select
SchedulerThread schedule Group [ 5 ], select( 11 clients):
2 | 6 | 9 | 13 | 25 | 50 | 69 | 88 | 90 | 97 | 99 |
-----------------------------------------------------------------Schedule complete
Client 9 trained
Client 9 uploaded
Client 69 trained
Client 69 uploaded
Client 97 trained
Client 97 uploaded
Client 13 trained
Client 13 uploaded
Client 88 trained
Client 88 uploaded
Client 6 trained
Client 6 uploaded
Client 99 trained
Client 99 uploaded
Client 50 trained
Client 50 uploaded
Client 2 trained
Client 2 uploaded
Client 90 trained
Client 90 uploaded
Client 25 trained
Client 25 uploaded
Epoch(t): 142 accuracy: 78.87 loss 0.5566876140236855 run_time: 222.8109712600708
| current_epoch 143 |. Begin client select
SchedulerThread schedule Group [ 7 ], select( 15 clients):
1 | 5 | 8 | 22 | 34 | 37 | 39 | 44 | 54 | 59 | 62 | 83 | 85 | 91 | 94 |
-----------------------------------------------------------------Schedule complete
Client 22 trained
Client 22 uploaded
Client 85 trained
Client 85 uploaded
Client 1 trained
Client 1 uploaded
Client 94 trained
Client 94 uploaded
Client 83 trained
Client 83 uploaded
Client 8 trained
Client 8 uploaded
Client 62 trained
Client 62 uploaded
Client 44 trained
Client 44 uploaded
Client 54 trained
Client 54 uploaded
Client 39 trained
Client 91 trained
Client 39 uploaded
Client 91 uploaded
Client 59 trained
Client 59 uploaded
Client 34 trained
Client 34 uploaded
Client 5 trained
Client 5 uploaded
Client 37 trained
Client 37 uploaded
Epoch(t): 143 accuracy: 79.42 loss 0.5480698436498642 run_time: 224.49773931503296
| current_epoch 144 |. Begin client select
SchedulerThread schedule Group [ 7 ], select( 15 clients):
1 | 5 | 8 | 22 | 34 | 37 | 39 | 44 | 54 | 59 | 62 | 83 | 85 | 91 | 94 |
-----------------------------------------------------------------Schedule complete
Client 1 trained
Client 1 uploaded
Client 85 trained
Client 85 uploaded
Client 94 trained
Client 94 uploaded
Client 83 trained
Client 83 uploaded
Client 8 trained
Client 8 uploaded
Client 62 trained
Client 62 uploaded
Client 44 trained
Client 44 uploaded
Client 54 trained
Client 54 uploaded
Client 91 trained
Client 91 uploaded
Client 39 trained
Client 39 uploaded
Client 59 trained
Client 59 uploaded
Client 34 trained
Client 34 uploaded
Client 5 trained
Client 5 uploaded
Client 22 trained
Client 22 uploaded
Client 37 trained
Client 37 uploaded
Epoch(t): 144 accuracy: 78.83 loss 0.5511912897229194 run_time: 226.12852239608765
| current_epoch 145 |. Begin client select
SchedulerThread schedule Group [ 7 ], select( 15 clients):
1 | 5 | 8 | 22 | 34 | 37 | 39 | 44 | 54 | 59 | 62 | 83 | 85 | 91 | 94 |
-----------------------------------------------------------------Schedule complete
Client 85 trained
Client 85 uploaded
Client 1 trained
Client 1 uploaded
Client 94 trained
Client 94 uploaded
Client 8 trained
Client 8 uploaded
Client 83 trained
Client 83 uploaded
Client 62 trained
Client 62 uploaded
Client 44 trained
Client 44 uploaded
Client 39 trained
Client 39 uploaded
Client 34 trained
Client 34 uploaded
Client 54 trained
Client 54 uploaded
Client 91 trained
Client 91 uploaded
Client 59 trained
Client 59 uploaded
Client 37 trained
Client 37 uploaded
Client 22 trained
Client 22 uploaded
Client 5 trained
Client 5 uploaded
Epoch(t): 145 accuracy: 79.35 loss 0.5468439841270447 run_time: 227.7909758090973
| current_epoch 146 |. Begin client select
SchedulerThread schedule Group [ 2 ], select( 10 clients):
26 | 28 | 41 | 42 | 45 | 48 | 56 | 61 | 64 | 71 |
-----------------------------------------------------------------Schedule complete
Client 42 trained
Client 42 uploaded
Client 26 trained
Client 26 uploaded
Client 56 trained
Client 56 uploaded
Client 61 trained
Client 61 uploaded
Client 64 trained
Client 64 uploaded
Client 45 trained
Client 45 uploaded
Client 48 trained
Client 48 uploaded
Client 41 trained
Client 41 uploaded
Client 71 trained
Client 71 uploaded
Client 28 trained
Client 28 uploaded
Epoch(t): 146 accuracy: 78.37 loss 0.5653697624802589 run_time: 229.12525820732117
| current_epoch 147 |. Begin client select
SchedulerThread schedule Group [ 7 ], select( 15 clients):
1 | 5 | 8 | 22 | 34 | 37 | 39 | 44 | 54 | 59 | 62 | 83 | 85 | 91 | 94 |
-----------------------------------------------------------------Schedule complete
Client 85 trained
Client 85 uploaded
Client 1 trained
Client 1 uploaded
Client 94 trained
Client 94 uploaded
Client 83 trained
Client 83 uploaded
Client 8 trained
Client 8 uploaded
Client 62 trained
Client 62 uploaded
Client 44 trained
Client 44 uploaded
Client 54 trained
Client 54 uploaded
Client 91 trained
Client 91 uploaded
Client 39 trained
Client 39 uploaded
Client 59 trained
Client 59 uploaded
Client 34 trained
Client 34 uploaded
Client 22 trained
Client 22 uploaded
Client 37 trained
Client 37 uploaded
Client 5 trained
Client 5 uploaded
Epoch(t): 147 accuracy: 79.3 loss 0.5467591559886933 run_time: 230.7544343471527
| current_epoch 148 |. Begin client select
SchedulerThread schedule Group [ 0 ], select( 9 clients):
4 | 7 | 12 | 18 | 20 | 38 | 60 | 84 | 89 |
-----------------------------------------------------------------Schedule complete
Client 4 trained
Client 4 uploaded
Client 18 trained
Client 18 uploaded
Client 12 trained
Client 12 uploaded
Client 7 trained
Client 7 uploaded
Client 38 trained
Client 38 uploaded
Client 20 trained
Client 20 uploaded
Client 89 trained
Client 89 uploaded
Client 60 trained
Client 60 uploaded
Client 84 trained
Client 84 uploaded
Epoch(t): 148 accuracy: 75.78 loss 0.5949879908561706 run_time: 232.04831385612488
| current_epoch 149 |. Begin client select
SchedulerThread schedule Group [ 7 ], select( 15 clients):
1 | 5 | 8 | 22 | 34 | 37 | 39 | 44 | 54 | 59 | 62 | 83 | 85 | 91 | 94 |
-----------------------------------------------------------------Schedule complete
Client 1 trained
Client 1 uploaded
Client 85 trained
Client 85 uploaded
Client 94 trained
Client 94 uploaded
Client 83 trained
Client 83 uploaded
Client 8 trained
Client 8 uploaded
Client 62 trained
Client 62 uploaded
Client 44 trained
Client 44 uploaded
Client 39 trained
Client 39 uploaded
Client 54 trained
Client 54 uploaded
Client 91 trained
Client 91 uploaded
Client 59 trained
Client 59 uploaded
Client 34 trained
Client 34 uploaded
Client 37 trained
Client 37 uploaded
Client 5 trained
Client 5 uploaded
Client 22 trained
Client 22 uploaded
Epoch(t): 149 accuracy: 79.47 loss 0.5417473927140236 run_time: 233.62448048591614
| current_epoch 150 |. Begin client select
SchedulerThread schedule Group [ 7 ], select( 15 clients):
1 | 5 | 8 | 22 | 34 | 37 | 39 | 44 | 54 | 59 | 62 | 83 | 85 | 91 | 94 |
-----------------------------------------------------------------Schedule complete
Client 1 trained
Client 1 uploaded
Client 85 trained
Client 85 uploaded
Client 94 trained
Client 94 uploaded
Client 83 trained
Client 83 uploaded
Client 8 trained
Client 8 uploaded
Client 62 trained
Client 62 uploaded
Client 44 trained
Client 44 uploaded
Client 39 trained
Client 39 uploaded
Client 54 trained
Client 54 uploaded
Client 91 trained
Client 91 uploaded
Client 59 trained
Client 59 uploaded
Client 34 trained
Client 34 uploaded
Client 37 trained
Client 37 uploaded
Client 22 trained
Client 22 uploaded
Client 5 trained
Client 5 uploaded
Epoch(t): 150 accuracy: 79.38 loss 0.542649647295475 run_time: 235.28291702270508
| current_epoch 151 |. Begin client select
SchedulerThread schedule Group [ 7 ], select( 15 clients):
1 | 5 | 8 | 22 | 34 | 37 | 39 | 44 | 54 | 59 | 62 | 83 | 85 | 91 | 94 |
-----------------------------------------------------------------Schedule complete
Client 1 trained
Client 1 uploaded
Client 85 trained
Client 85 uploaded
Client 94 trained
Client 94 uploaded
Client 8 trained
Client 8 uploaded
Client 83 trained
Client 83 uploaded
Client 44 trained
Client 44 uploaded
Client 62 trained
Client 62 uploaded
Client 59 trained
Client 59 uploaded
Client 39 trained
Client 39 uploaded
Client 91 trained
Client 54 trained
Client 91 uploaded
Client 54 uploaded
Client 34 trained
Client 34 uploaded
Client 22 trained
Client 22 uploaded
Client 37 trained
Client 37 uploaded
Client 5 trained
Client 5 uploaded
Epoch(t): 151 accuracy: 79.54 loss 0.5419065189361573 run_time: 236.9191074371338
| current_epoch 152 |. Begin client select
SchedulerThread schedule Group [ 7 ], select( 15 clients):
1 | 5 | 8 | 22 | 34 | 37 | 39 | 44 | 54 | 59 | 62 | 83 | 85 | 91 | 94 |
-----------------------------------------------------------------Schedule complete
Client 85 trained
Client 85 uploaded
Client 94 trained
Client 94 uploaded
Client 1 trained
Client 1 uploaded
Client 8 trained
Client 8 uploaded
Client 83 trained
Client 83 uploaded
Client 62 trained
Client 62 uploaded
Client 39 trained
Client 39 uploaded
Client 44 trained
Client 44 uploaded
Client 91 trained
Client 91 uploaded
Client 54 trained
Client 54 uploaded
Client 59 trained
Client 59 uploaded
Client 34 trained
Client 34 uploaded
Client 37 trained
Client 37 uploaded
Client 22 trained
Client 22 uploaded
Client 5 trained
Client 5 uploaded
Epoch(t): 152 accuracy: 79.36 loss 0.5420674833655358 run_time: 238.54516911506653
| current_epoch 153 |. Begin client select
SchedulerThread schedule Group [ 7 ], select( 15 clients):
1 | 5 | 8 | 22 | 34 | 37 | 39 | 44 | 54 | 59 | 62 | 83 | 85 | 91 | 94 |
-----------------------------------------------------------------Schedule complete
Client 85 trained
Client 85 uploaded
Client 1 trained
Client 1 uploaded
Client 94 trained
Client 94 uploaded
Client 83 trained
Client 83 uploaded
Client 8 trained
Client 8 uploaded
Client 62 trained
Client 62 uploaded
Client 44 trained
Client 44 uploaded
Client 54 trained
Client 54 uploaded
Client 39 trained
Client 39 uploaded
Client 91 trained
Client 91 uploaded
Client 59 trained
Client 59 uploaded
Client 34 trained
Client 34 uploaded
Client 37 trained
Client 37 uploaded
Client 5 trained
Client 5 uploaded
Client 22 trained
Client 22 uploaded
Epoch(t): 153 accuracy: 79.54 loss 0.5393321907520294 run_time: 240.20931100845337
| current_epoch 154 |. Begin client select
SchedulerThread schedule Group [ 7 ], select( 15 clients):
1 | 5 | 8 | 22 | 34 | 37 | 39 | 44 | 54 | 59 | 62 | 83 | 85 | 91 | 94 |
-----------------------------------------------------------------Schedule complete
Client 1 trained
Client 1 uploaded
Client 85 trained
Client 85 uploaded
Client 94 trained
Client 94 uploaded
Client 8 trained
Client 8 uploaded
Client 83 trained
Client 83 uploaded
Client 44 trained
Client 44 uploaded
Client 62 trained
Client 62 uploaded
Client 91 trained
Client 91 uploaded
Client 54 trained
Client 54 uploaded
Client 39 trained
Client 39 uploaded
Client 59 trained
Client 59 uploaded
Client 34 trained
Client 34 uploaded
Client 37 trained
Client 37 uploaded
Client 22 trained
Client 22 uploaded
Client 5 trained
Client 5 uploaded
Epoch(t): 154 accuracy: 79.51 loss 0.5396497085690498 run_time: 241.87587356567383
| current_epoch 155 |. Begin client select
SchedulerThread schedule Group [ 7 ], select( 15 clients):
1 | 5 | 8 | 22 | 34 | 37 | 39 | 44 | 54 | 59 | 62 | 83 | 85 | 91 | 94 |
-----------------------------------------------------------------Schedule complete
Client 85 trained
Client 85 uploaded
Client 1 trained
Client 1 uploaded
Client 94 trained
Client 94 uploaded
Client 8 trained
Client 8 uploaded
Client 83 trained
Client 83 uploaded
Client 62 trained
Client 62 uploaded
Client 44 trained
Client 44 uploaded
Client 91 trained
Client 91 uploaded
Client 54 trained
Client 54 uploaded
Client 22 trained
Client 22 uploaded
Client 39 trained
Client 39 uploaded
Client 59 trained
Client 59 uploaded
Client 34 trained
Client 34 uploaded
Client 5 trained
Client 5 uploaded
Client 37 trained
Client 37 uploaded
Epoch(t): 155 accuracy: 79.82 loss 0.5373087400197982 run_time: 243.35629057884216
| current_epoch 156 |. Begin client select
SchedulerThread schedule Group [ 7 ], select( 15 clients):
1 | 5 | 8 | 22 | 34 | 37 | 39 | 44 | 54 | 59 | 62 | 83 | 85 | 91 | 94 |
-----------------------------------------------------------------Schedule complete
Client 1 trained
Client 1 uploaded
Client 85 trained
Client 85 uploaded
Client 94 trained
Client 94 uploaded
Client 83 trained
Client 83 uploaded
Client 8 trained
Client 8 uploaded
Client 44 trained
Client 44 uploaded
Client 62 trained
Client 62 uploaded
Client 91 trained
Client 91 uploaded
Client 54 trained
Client 54 uploaded
Client 39 trained
Client 39 uploaded
Client 59 trained
Client 59 uploaded
Client 37 trained
Client 37 uploaded
Client 34 trained
Client 34 uploaded
Client 22 trained
Client 22 uploaded
Client 5 trained
Client 5 uploaded
Epoch(t): 156 accuracy: 79.67 loss 0.5409378135204315 run_time: 245.14010310173035
| current_epoch 157 |. Begin client select
SchedulerThread schedule Group [ 7 ], select( 15 clients):
1 | 5 | 8 | 22 | 34 | 37 | 39 | 44 | 54 | 59 | 62 | 83 | 85 | 91 | 94 |
-----------------------------------------------------------------Schedule complete
Client 85 trained
Client 85 uploaded
Client 1 trained
Client 1 uploaded
Client 94 trained
Client 94 uploaded
Client 83 trained
Client 83 uploaded
Client 8 trained
Client 8 uploaded
Client 62 trained
Client 62 uploaded
Client 44 trained
Client 44 uploaded
Client 91 trained
Client 91 uploaded
Client 54 trained
Client 54 uploaded
Client 39 trained
Client 39 uploaded
Client 59 trained
Client 59 uploaded
Client 34 trained
Client 34 uploaded
Client 37 trained
Client 37 uploaded
Client 22 trained
Client 22 uploaded
Client 5 trained
Client 5 uploaded
Epoch(t): 157 accuracy: 79.7 loss 0.5388792803883553 run_time: 246.7481575012207
| current_epoch 158 |. Begin client select
SchedulerThread schedule Group [ 5 ], select( 11 clients):
2 | 6 | 9 | 13 | 25 | 50 | 69 | 88 | 90 | 97 | 99 |
-----------------------------------------------------------------Schedule complete
Client 9 trained
Client 9 uploaded
Client 13 trained
Client 13 uploaded
Client 99 trained
Client 99 uploaded
Client 69 trained
Client 69 uploaded
Client 97 trained
Client 97 uploaded
Client 88 trained
Client 88 uploaded
Client 6 trained
Client 6 uploaded
Client 90 trained
Client 90 uploaded
Client 2 trained
Client 2 uploaded
Client 50 trained
Client 50 uploaded
Client 25 trained
Client 25 uploaded
Epoch(t): 158 accuracy: 79.87 loss 0.5342151880264282 run_time: 248.18121671676636
| current_epoch 159 |. Begin client select
SchedulerThread schedule Group [ 7 ], select( 15 clients):
1 | 5 | 8 | 22 | 34 | 37 | 39 | 44 | 54 | 59 | 62 | 83 | 85 | 91 | 94 |
-----------------------------------------------------------------Schedule complete
Client 1 trained
Client 1 uploaded
Client 85 trained
Client 85 uploaded
Client 94 trained
Client 94 uploaded
Client 83 trained
Client 83 uploaded
Client 8 trained
Client 8 uploaded
Client 62 trained
Client 62 uploaded
Client 44 trained
Client 44 uploaded
Client 91 trained
Client 91 uploaded
Client 54 trained
Client 39 trained
Client 54 uploaded
Client 39 uploaded
Client 59 trained
Client 59 uploaded
Client 34 trained
Client 34 uploaded
Client 37 trained
Client 37 uploaded
Client 22 trained
Client 22 uploaded
Client 5 trained
Client 5 uploaded
Epoch(t): 159 accuracy: 79.71 loss 0.5347503203153611 run_time: 249.73735332489014
| current_epoch 160 |. Begin client select
SchedulerThread schedule Group [ 7 ], select( 15 clients):
1 | 5 | 8 | 22 | 34 | 37 | 39 | 44 | 54 | 59 | 62 | 83 | 85 | 91 | 94 |
-----------------------------------------------------------------Schedule complete
Client 1 trained
Client 1 uploaded
Client 85 trained
Client 85 uploaded
Client 94 trained
Client 94 uploaded
Client 83 trained
Client 83 uploaded
Client 8 trained
Client 8 uploaded
Client 39 trained
Client 39 uploaded
Client 44 trained
Client 44 uploaded
Client 62 trained
Client 62 uploaded
Client 91 trained
Client 91 uploaded
Client 54 trained
Client 54 uploaded
Client 59 trained
Client 59 uploaded
Client 37 trained
Client 37 uploaded
Client 22 trained
Client 22 uploaded
Client 34 trained
Client 34 uploaded
Client 5 trained
Client 5 uploaded
Epoch(t): 160 accuracy: 80.05 loss 0.5320983216166496 run_time: 251.47633504867554
| current_epoch 161 |. Begin client select
SchedulerThread schedule Group [ 8 ], select( 11 clients):
10 | 11 | 29 | 35 | 57 | 58 | 65 | 67 | 77 | 78 | 98 |
-----------------------------------------------------------------Schedule complete
Client 35 trained
Client 35 uploaded
Client 77 trained
Client 77 uploaded
Client 78 trained
Client 78 uploaded
Client 58 trained
Client 58 uploaded
Client 67 trained
Client 67 uploaded
Client 29 trained
Client 29 uploaded
Client 98 trained
Client 98 uploaded
Client 10 trained
Client 10 uploaded
Client 65 trained
Client 65 uploaded
Client 57 trained
Client 57 uploaded
Client 11 trained
Client 11 uploaded
Epoch(t): 161 accuracy: 79.65 loss 0.5363904592394829 run_time: 252.87198185920715
| current_epoch 162 |. Begin client select
SchedulerThread schedule Group [ 7 ], select( 15 clients):
1 | 5 | 8 | 22 | 34 | 37 | 39 | 44 | 54 | 59 | 62 | 83 | 85 | 91 | 94 |
-----------------------------------------------------------------Schedule complete
Client 1 trained
Client 1 uploaded
Client 85 trained
Client 85 uploaded
Client 94 trained
Client 94 uploaded
Client 83 trained
Client 83 uploaded
Client 8 trained
Client 8 uploaded
Client 44 trained
Client 44 uploaded
Client 62 trained
Client 62 uploaded
Client 91 trained
Client 91 uploaded
Client 39 trained
Client 39 uploaded
Client 54 trained
Client 54 uploaded
Client 59 trained
Client 59 uploaded
Client 34 trained
Client 34 uploaded
Client 37 trained
Client 37 uploaded
Client 22 trained
Client 22 uploaded
Client 5 trained
Client 5 uploaded
Epoch(t): 162 accuracy: 79.78 loss 0.5330527272820472 run_time: 254.43354511260986
| current_epoch 163 |. Begin client select
SchedulerThread schedule Group [ 7 ], select( 15 clients):
1 | 5 | 8 | 22 | 34 | 37 | 39 | 44 | 54 | 59 | 62 | 83 | 85 | 91 | 94 |
-----------------------------------------------------------------Schedule complete
Client 85 trained
Client 85 uploaded
Client 94 trained
Client 94 uploaded
Client 1 trained
Client 1 uploaded
Client 83 trained
Client 83 uploaded
Client 8 trained
Client 8 uploaded
Client 62 trained
Client 62 uploaded
Client 44 trained
Client 44 uploaded
Client 91 trained
Client 91 uploaded
Client 39 trained
Client 39 uploaded
Client 54 trained
Client 54 uploaded
Client 59 trained
Client 59 uploaded
Client 34 trained
Client 34 uploaded
Client 37 trained
Client 37 uploaded
Client 22 trained
Client 22 uploaded
Client 5 trained
Client 5 uploaded
Epoch(t): 163 accuracy: 80.05 loss 0.5309310585260392 run_time: 256.0992410182953
| current_epoch 164 |. Begin client select
SchedulerThread schedule Group [ 4 ], select( 10 clients):
0 | 14 | 17 | 30 | 32 | 66 | 70 | 76 | 92 | 96 |
-----------------------------------------------------------------Schedule complete
Client 30 trained
Client 30 uploaded
Client 70 trained
Client 70 uploaded
Client 14 trained
Client 14 uploaded
Client 66 trained
Client 66 uploaded
Client 32 trained
Client 32 uploaded
Client 0 trained
Client 0 uploaded
Client 17 trained
Client 17 uploaded
Client 96 trained
Client 96 uploaded
Client 76 trained
Client 76 uploaded
Client 92 trained
Client 92 uploaded
Epoch(t): 164 accuracy: 79.53 loss 0.5438149863481522 run_time: 257.38807487487793
| current_epoch 165 |. Begin client select
SchedulerThread schedule Group [ 7 ], select( 15 clients):
1 | 5 | 8 | 22 | 34 | 37 | 39 | 44 | 54 | 59 | 62 | 83 | 85 | 91 | 94 |
-----------------------------------------------------------------Schedule complete
Client 5 trained
Client 5 uploaded
Client 85 trained
Client 85 uploaded
Client 1 trained
Client 1 uploaded
Client 94 trained
Client 94 uploaded
Client 83 trained
Client 83 uploaded
Client 8 trained
Client 8 uploaded
Client 44 trained
Client 44 uploaded
Client 62 trained
Client 62 uploaded
Client 59 trained
Client 59 uploaded
Client 54 trained
Client 54 uploaded
Client 91 trained
Client 91 uploaded
Client 39 trained
Client 39 uploaded
Client 34 trained
Client 34 uploaded
Client 22 trained
Client 22 uploaded
Client 37 trained
Client 37 uploaded
Epoch(t): 165 accuracy: 80.47 loss 0.5249697571992874 run_time: 258.96287536621094
| current_epoch 166 |. Begin client select
SchedulerThread schedule Group [ 9 ], select( 8 clients):
21 | 31 | 55 | 63 | 68 | 75 | 87 | 95 |
-----------------------------------------------------------------Schedule complete
Client 68 trained
Client 68 uploaded
Client 63 trained
Client 63 uploaded
Client 21 trained
Client 21 uploaded
Client 87 trained
Client 87 uploaded
Client 31 trained
Client 31 uploaded
Client 55 trained
Client 55 uploaded
Client 95 trained
Client 95 uploaded
Client 75 trained
Client 75 uploaded
Epoch(t): 166 accuracy: 79.82 loss 0.5315368822216988 run_time: 260.1183362007141
| current_epoch 167 |. Begin client select
SchedulerThread schedule Group [ 7 ], select( 15 clients):
1 | 5 | 8 | 22 | 34 | 37 | 39 | 44 | 54 | 59 | 62 | 83 | 85 | 91 | 94 |
-----------------------------------------------------------------Schedule complete
Client 85 trained
Client 85 uploaded
Client 1 trained
Client 1 uploaded
Client 94 trained
Client 94 uploaded
Client 8 trained
Client 8 uploaded
Client 83 trained
Client 83 uploaded
Client 62 trained
Client 62 uploaded
Client 44 trained
Client 44 uploaded
Client 39 trained
Client 39 uploaded
Client 91 trained
Client 91 uploaded
Client 54 trained
Client 54 uploaded
Client 59 trained
Client 59 uploaded
Client 22 trained
Client 22 uploaded
Client 34 trained
Client 34 uploaded
Client 37 trained
Client 37 uploaded
Client 5 trained
Client 5 uploaded
Epoch(t): 167 accuracy: 80.51 loss 0.5238055074214936 run_time: 261.69709491729736
| current_epoch 168 |. Begin client select
SchedulerThread schedule Group [ 3 ], select( 8 clients):
15 | 16 | 24 | 27 | 36 | 43 | 53 | 82 |
-----------------------------------------------------------------Schedule complete
Client 15 trained
Client 15 uploaded
Client 43 trained
Client 43 uploaded
Client 36 trained
Client 36 uploaded
Client 27 trained
Client 27 uploaded
Client 24 trained
Client 24 uploaded
Client 82 trained
Client 82 uploaded
Client 53 trained
Client 53 uploaded
Client 16 trained
Client 16 uploaded
Epoch(t): 168 accuracy: 76.71 loss 0.5790279567241668 run_time: 262.7276191711426
| current_epoch 169 |. Begin client select
SchedulerThread schedule Group [ 7 ], select( 15 clients):
1 | 5 | 8 | 22 | 34 | 37 | 39 | 44 | 54 | 59 | 62 | 83 | 85 | 91 | 94 |
-----------------------------------------------------------------Schedule complete
Client 1 trained
Client 1 uploaded
Client 85 trained
Client 85 uploaded
Client 94 trained
Client 94 uploaded
Client 83 trained
Client 83 uploaded
Client 8 trained
Client 8 uploaded
Client 62 trained
Client 62 uploaded
Client 44 trained
Client 44 uploaded
Client 91 trained
Client 91 uploaded
Client 54 trained
Client 54 uploaded
Client 39 trained
Client 39 uploaded
Client 59 trained
Client 59 uploaded
Client 34 trained
Client 34 uploaded
Client 37 trained
Client 37 uploaded
Client 5 trained
Client 5 uploaded
Client 22 trained
Client 22 uploaded
Epoch(t): 169 accuracy: 80.23 loss 0.5238495752215385 run_time: 264.4144902229309
| current_epoch 170 |. Begin client select
SchedulerThread schedule Group [ 6 ], select( 8 clients):
23 | 33 | 46 | 51 | 74 | 81 | 86 | 93 |
-----------------------------------------------------------------Schedule complete
Client 33 trained
Client 33 uploaded
Client 23 trained
Client 23 uploaded
Client 46 trained
Client 46 uploaded
Client 86 trained
Client 86 uploaded
Client 74 trained
Client 74 uploaded
Client 93 trained
Client 93 uploaded
Client 81 trained
Client 81 uploaded
Client 51 trained
Client 51 uploaded
Epoch(t): 170 accuracy: 79.16 loss 0.5442651024460793 run_time: 265.5780210494995
| current_epoch 171 |. Begin client select
SchedulerThread schedule Group [ 7 ], select( 15 clients):
1 | 5 | 8 | 22 | 34 | 37 | 39 | 44 | 54 | 59 | 62 | 83 | 85 | 91 | 94 |
-----------------------------------------------------------------Schedule complete
Client 85 trained
Client 85 uploaded
Client 1 trained
Client 1 uploaded
Client 94 trained
Client 94 uploaded
Client 83 trained
Client 83 uploaded
Client 8 trained
Client 8 uploaded
Client 44 trained
Client 44 uploaded
Client 62 trained
Client 62 uploaded
Client 39 trained
Client 39 uploaded
Client 91 trained
Client 91 uploaded
Client 54 trained
Client 54 uploaded
Client 59 trained
Client 59 uploaded
Client 34 trained
Client 34 uploaded
Client 37 trained
Client 37 uploaded
Client 22 trained
Client 22 uploaded
Client 5 trained
Client 5 uploaded
Epoch(t): 171 accuracy: 80.68 loss 0.5202728950977326 run_time: 267.1884799003601
| current_epoch 172 |. Begin client select
SchedulerThread schedule Group [ 1 ], select( 10 clients):
3 | 19 | 40 | 47 | 49 | 52 | 72 | 73 | 79 | 80 |
-----------------------------------------------------------------Schedule complete
Client 3 trained
Client 3 uploaded
Client 80 trained
Client 80 uploaded
Client 40 trained
Client 40 uploaded
Client 49 trained
Client 49 uploaded
Client 72 trained
Client 72 uploaded
Client 47 trained
Client 47 uploaded
Client 73 trained
Client 73 uploaded
Client 52 trained
Client 52 uploaded
Client 19 trained
Client 19 uploaded
Client 79 trained
Client 79 uploaded
Epoch(t): 172 accuracy: 80.63 loss 0.5210752442479134 run_time: 268.415917634964
| current_epoch 173 |. Begin client select
SchedulerThread schedule Group [ 5 ], select( 11 clients):
2 | 6 | 9 | 13 | 25 | 50 | 69 | 88 | 90 | 97 | 99 |
-----------------------------------------------------------------Schedule complete
Client 9 trained
Client 9 uploaded
Client 13 trained
Client 13 uploaded
Client 99 trained
Client 99 uploaded
Client 69 trained
Client 69 uploaded
Client 97 trained
Client 97 uploaded
Client 88 trained
Client 88 uploaded
Client 2 trained
Client 2 uploaded
Client 6 trained
Client 6 uploaded
Client 50 trained
Client 50 uploaded
Client 25 trained
Client 25 uploaded
Client 90 trained
Client 90 uploaded
Epoch(t): 173 accuracy: 80.38 loss 0.5243631100654602 run_time: 269.9038755893707
| current_epoch 174 |. Begin client select
SchedulerThread schedule Group [ 2 ], select( 10 clients):
26 | 28 | 41 | 42 | 45 | 48 | 56 | 61 | 64 | 71 |
-----------------------------------------------------------------Schedule complete
Client 42 trained
Client 42 uploaded
Client 56 trained
Client 56 uploaded
Client 26 trained
Client 26 uploaded
Client 61 trained
Client 61 uploaded
Client 64 trained
Client 64 uploaded
Client 71 trained
Client 71 uploaded
Client 28 trained
Client 28 uploaded
Client 41 trained
Client 41 uploaded
Client 48 trained
Client 48 uploaded
Client 45 trained
Client 45 uploaded
Epoch(t): 174 accuracy: 79.4 loss 0.5412575152516365 run_time: 271.1828076839447
| current_epoch 175 |. Begin client select
SchedulerThread schedule Group [ 7 ], select( 15 clients):
1 | 5 | 8 | 22 | 34 | 37 | 39 | 44 | 54 | 59 | 62 | 83 | 85 | 91 | 94 |
-----------------------------------------------------------------Schedule complete
Client 1 trained
Client 1 uploaded
Client 85 trained
Client 85 uploaded
Client 94 trained
Client 94 uploaded
Client 83 trained
Client 83 uploaded
Client 8 trained
Client 8 uploaded
Client 62 trained
Client 62 uploaded
Client 44 trained
Client 44 uploaded
Client 54 trained
Client 54 uploaded
Client 91 trained
Client 91 uploaded
Client 39 trained
Client 39 uploaded
Client 59 trained
Client 59 uploaded
Client 5 trained
Client 5 uploaded
Client 34 trained
Client 34 uploaded
Client 37 trained
Client 37 uploaded
Client 22 trained
Client 22 uploaded
Epoch(t): 175 accuracy: 80.66 loss 0.5168140763044358 run_time: 272.7921133041382
| current_epoch 176 |. Begin client select
SchedulerThread schedule Group [ 0 ], select( 9 clients):
4 | 7 | 12 | 18 | 20 | 38 | 60 | 84 | 89 |
-----------------------------------------------------------------Schedule complete
Client 4 trained
Client 4 uploaded
Client 18 trained
Client 18 uploaded
Client 12 trained
Client 12 uploaded
Client 38 trained
Client 38 uploaded
Client 7 trained
Client 7 uploaded
Client 20 trained
Client 20 uploaded
Client 89 trained
Client 89 uploaded
Client 84 trained
Client 84 uploaded
Client 60 trained
Client 60 uploaded
Epoch(t): 176 accuracy: 76.57 loss 0.5752448260784149 run_time: 273.992817401886
| current_epoch 177 |. Begin client select
SchedulerThread schedule Group [ 7 ], select( 15 clients):
1 | 5 | 8 | 22 | 34 | 37 | 39 | 44 | 54 | 59 | 62 | 83 | 85 | 91 | 94 |
-----------------------------------------------------------------Schedule complete
Client 94 trained
Client 94 uploaded
Client 1 trained
Client 1 uploaded
Client 85 trained
Client 85 uploaded
Client 83 trained
Client 83 uploaded
Client 8 trained
Client 8 uploaded
Client 91 trained
Client 91 uploaded
Client 62 trained
Client 62 uploaded
Client 44 trained
Client 44 uploaded
Client 54 trained
Client 54 uploaded
Client 39 trained
Client 39 uploaded
Client 59 trained
Client 59 uploaded
Client 34 trained
Client 34 uploaded
Client 37 trained
Client 37 uploaded
Client 5 trained
Client 5 uploaded
Client 22 trained
Client 22 uploaded
Epoch(t): 177 accuracy: 81.02 loss 0.5114320459961891 run_time: 275.6722013950348
| current_epoch 178 |. Begin client select
SchedulerThread schedule Group [ 8 ], select( 11 clients):
10 | 11 | 29 | 35 | 57 | 58 | 65 | 67 | 77 | 78 | 98 |
-----------------------------------------------------------------Schedule complete
Client 77 trained
Client 77 uploaded
Client 35 trained
Client 35 uploaded
Client 78 trained
Client 78 uploaded
Client 58 trained
Client 58 uploaded
Client 67 trained
Client 67 uploaded
Client 65 trained
Client 65 uploaded
Client 29 trained
Client 29 uploaded
Client 98 trained
Client 98 uploaded
Client 57 trained
Client 57 uploaded
Client 11 trained
Client 11 uploaded
Client 10 trained
Client 10 uploaded
Epoch(t): 178 accuracy: 80.88 loss 0.5119904154539108 run_time: 276.9523980617523
| current_epoch 179 |. Begin client select
SchedulerThread schedule Group [ 5 ], select( 11 clients):
2 | 6 | 9 | 13 | 25 | 50 | 69 | 88 | 90 | 97 | 99 |
-----------------------------------------------------------------Schedule complete
Client 9 trained
Client 9 uploaded
Client 13 trained
Client 13 uploaded
Client 69 trained
Client 69 uploaded
Client 99 trained
Client 99 uploaded
Client 97 trained
Client 97 uploaded
Client 88 trained
Client 88 uploaded
Client 90 trained
Client 90 uploaded
Client 50 trained
Client 50 uploaded
Client 25 trained
Client 25 uploaded
Client 6 trained
Client 6 uploaded
Client 2 trained
Client 2 uploaded
Epoch(t): 179 accuracy: 80.58 loss 0.5180837026238442 run_time: 278.3614490032196
| current_epoch 180 |. Begin client select
SchedulerThread schedule Group [ 4 ], select( 10 clients):
0 | 14 | 17 | 30 | 32 | 66 | 70 | 76 | 92 | 96 |
-----------------------------------------------------------------Schedule complete
Client 30 trained
Client 30 uploaded
Client 70 trained
Client 70 uploaded
Client 14 trained
Client 14 uploaded
Client 32 trained
Client 32 uploaded
Client 66 trained
Client 66 uploaded
Client 0 trained
Client 0 uploaded
Client 17 trained
Client 17 uploaded
Client 96 trained
Client 96 uploaded
Client 92 trained
Client 92 uploaded
Client 76 trained
Client 76 uploaded
Epoch(t): 180 accuracy: 80.34 loss 0.5241706144809722 run_time: 279.60667395591736
| current_epoch 181 |. Begin client select
SchedulerThread schedule Group [ 7 ], select( 15 clients):
1 | 5 | 8 | 22 | 34 | 37 | 39 | 44 | 54 | 59 | 62 | 83 | 85 | 91 | 94 |
-----------------------------------------------------------------Schedule complete
Client 85 trained
Client 85 uploaded
Client 1 trained
Client 1 uploaded
Client 94 trained
Client 94 uploaded
Client 83 trained
Client 83 uploaded
Client 8 trained
Client 8 uploaded
Client 44 trained
Client 44 uploaded
Client 62 trained
Client 62 uploaded
Client 91 trained
Client 91 uploaded
Client 39 trained
Client 39 uploaded
Client 54 trained
Client 54 uploaded
Client 59 trained
Client 59 uploaded
Client 34 trained
Client 34 uploaded
Client 37 trained
Client 37 uploaded
Client 22 trained
Client 22 uploaded
Client 5 trained
Client 5 uploaded
Epoch(t): 181 accuracy: 81.29 loss 0.5070931935310363 run_time: 281.19520115852356
| current_epoch 182 |. Begin client select
SchedulerThread schedule Group [ 5 ], select( 11 clients):
2 | 6 | 9 | 13 | 25 | 50 | 69 | 88 | 90 | 97 | 99 |
-----------------------------------------------------------------Schedule complete
Client 9 trained
Client 9 uploaded
Client 13 trained
Client 13 uploaded
Client 99 trained
Client 99 uploaded
Client 69 trained
Client 69 uploaded
Client 88 trained
Client 88 uploaded
Client 97 trained
Client 97 uploaded
Client 6 trained
Client 6 uploaded
Client 90 trained
Client 90 uploaded
Client 2 trained
Client 2 uploaded
Client 50 trained
Client 50 uploaded
Client 25 trained
Client 25 uploaded
Epoch(t): 182 accuracy: 80.69 loss 0.5196224674582481 run_time: 282.5904860496521
| current_epoch 183 |. Begin client select
SchedulerThread schedule Group [ 7 ], select( 15 clients):
1 | 5 | 8 | 22 | 34 | 37 | 39 | 44 | 54 | 59 | 62 | 83 | 85 | 91 | 94 |
-----------------------------------------------------------------Schedule complete
Client 85 trained
Client 85 uploaded
Client 1 trained
Client 1 uploaded
Client 94 trained
Client 94 uploaded
Client 8 trained
Client 8 uploaded
Client 83 trained
Client 83 uploaded
Client 44 trained
Client 44 uploaded
Client 54 trained
Client 54 uploaded
Client 62 trained
Client 62 uploaded
Client 39 trained
Client 39 uploaded
Client 91 trained
Client 91 uploaded
Client 59 trained
Client 59 uploaded
Client 34 trained
Client 34 uploaded
Client 22 trained
Client 22 uploaded
Client 37 trained
Client 37 uploaded
Client 5 trained
Client 5 uploaded
Epoch(t): 183 accuracy: 81.41 loss 0.5050745198130607 run_time: 284.2044105529785
| current_epoch 184 |. Begin client select
SchedulerThread schedule Group [ 5 ], select( 11 clients):
2 | 6 | 9 | 13 | 25 | 50 | 69 | 88 | 90 | 97 | 99 |
-----------------------------------------------------------------Schedule complete
Client 9 trained
Client 9 uploaded
Client 13 trained
Client 13 uploaded
Client 99 trained
Client 99 uploaded
Client 69 trained
Client 69 uploaded
Client 97 trained
Client 97 uploaded
Client 88 trained
Client 88 uploaded
Client 50 trained
Client 50 uploaded
Client 90 trained
Client 90 uploaded
Client 2 trained
Client 2 uploaded
Client 6 trained
Client 6 uploaded
Client 25 trained
Client 25 uploaded
Epoch(t): 184 accuracy: 80.93 loss 0.5095409351587296 run_time: 285.65980219841003
| current_epoch 185 |. Begin client select
SchedulerThread schedule Group [ 7 ], select( 15 clients):
1 | 5 | 8 | 22 | 34 | 37 | 39 | 44 | 54 | 59 | 62 | 83 | 85 | 91 | 94 |
-----------------------------------------------------------------Schedule complete
Client 1 trained
Client 1 uploaded
Client 85 trained
Client 85 uploaded
Client 94 trained
Client 94 uploaded
Client 83 trained
Client 83 uploaded
Client 8 trained
Client 8 uploaded
Client 62 trained
Client 62 uploaded
Client 44 trained
Client 44 uploaded
Client 54 trained
Client 54 uploaded
Client 39 trained
Client 39 uploaded
Client 91 trained
Client 91 uploaded
Client 59 trained
Client 59 uploaded
Client 34 trained
Client 34 uploaded
Client 37 trained
Client 37 uploaded
Client 22 trained
Client 22 uploaded
Client 5 trained
Client 5 uploaded
Epoch(t): 185 accuracy: 81.51 loss 0.5063447517156601 run_time: 287.1941614151001
| current_epoch 186 |. Begin client select
SchedulerThread schedule Group [ 5 ], select( 11 clients):
2 | 6 | 9 | 13 | 25 | 50 | 69 | 88 | 90 | 97 | 99 |
-----------------------------------------------------------------Schedule complete
Client 9 trained
Client 9 uploaded
Client 13 trained
Client 13 uploaded
Client 99 trained
Client 99 uploaded
Client 69 trained
Client 69 uploaded
Client 97 trained
Client 97 uploaded
Client 6 trained
Client 6 uploaded
Client 88 trained
Client 88 uploaded
Client 50 trained
Client 50 uploaded
Client 2 trained
Client 2 uploaded
Client 90 trained
Client 90 uploaded
Client 25 trained
Client 25 uploaded
Epoch(t): 186 accuracy: 80.85 loss 0.5127221143245697 run_time: 288.58933424949646
| current_epoch 187 |. Begin client select
SchedulerThread schedule Group [ 1 ], select( 10 clients):
3 | 19 | 40 | 47 | 49 | 52 | 72 | 73 | 79 | 80 |
-----------------------------------------------------------------Schedule complete
Client 3 trained
Client 3 uploaded
Client 40 trained
Client 40 uploaded
Client 49 trained
Client 49 uploaded
Client 73 trained
Client 73 uploaded
Client 80 trained
Client 80 uploaded
Client 47 trained
Client 47 uploaded
Client 72 trained
Client 72 uploaded
Client 19 trained
Client 19 uploaded
Client 52 trained
Client 52 uploaded
Client 79 trained
Client 79 uploaded
Epoch(t): 187 accuracy: 81.19 loss 0.5061070638895034 run_time: 289.86557841300964
| current_epoch 188 |. Begin client select
SchedulerThread schedule Group [ 7 ], select( 15 clients):
1 | 5 | 8 | 22 | 34 | 37 | 39 | 44 | 54 | 59 | 62 | 83 | 85 | 91 | 94 |
-----------------------------------------------------------------Schedule complete
Client 85 trained
Client 85 uploaded
Client 94 trained
Client 94 uploaded
Client 1 trained
Client 1 uploaded
Client 83 trained
Client 83 uploaded
Client 44 trained
Client 44 uploaded
Client 8 trained
Client 8 uploaded
Client 62 trained
Client 62 uploaded
Client 54 trained
Client 54 uploaded
Client 91 trained
Client 91 uploaded
Client 39 trained
Client 39 uploaded
Client 59 trained
Client 59 uploaded
Client 34 trained
Client 34 uploaded
Client 37 trained
Client 37 uploaded
Client 5 trained
Client 5 uploaded
Client 22 trained
Client 22 uploaded
Epoch(t): 188 accuracy: 81.28 loss 0.5049678510427476 run_time: 291.4490990638733
| current_epoch 189 |. Begin client select
SchedulerThread schedule Group [ 2 ], select( 10 clients):
26 | 28 | 41 | 42 | 45 | 48 | 56 | 61 | 64 | 71 |
-----------------------------------------------------------------Schedule complete
Client 56 trained
Client 56 uploaded
Client 61 trained
Client 61 uploaded
Client 26 trained
Client 26 uploaded
Client 42 trained
Client 42 uploaded
Client 64 trained
Client 64 uploaded
Client 41 trained
Client 41 uploaded
Client 28 trained
Client 28 uploaded
Client 71 trained
Client 71 uploaded
Client 48 trained
Client 48 uploaded
Client 45 trained
Client 45 uploaded
Epoch(t): 189 accuracy: 79.84 loss 0.5244360309839249 run_time: 292.845641374588
| current_epoch 190 |. Begin client select
SchedulerThread schedule Group [ 7 ], select( 15 clients):
1 | 5 | 8 | 22 | 34 | 37 | 39 | 44 | 54 | 59 | 62 | 83 | 85 | 91 | 94 |
-----------------------------------------------------------------Schedule complete
Client 1 trained
Client 1 uploaded
Client 85 trained
Client 85 uploaded
Client 94 trained
Client 94 uploaded
Client 83 trained
Client 83 uploaded
Client 8 trained
Client 8 uploaded
Client 91 trained
Client 91 uploaded
Client 62 trained
Client 62 uploaded
Client 44 trained
Client 44 uploaded
Client 54 trained
Client 54 uploaded
Client 39 trained
Client 39 uploaded
Client 59 trained
Client 59 uploaded
Client 34 trained
Client 34 uploaded
Client 37 trained
Client 37 uploaded
Client 22 trained
Client 22 uploaded
Client 5 trained
Client 5 uploaded
Epoch(t): 190 accuracy: 81.55 loss 0.49972874343395235 run_time: 294.4329695701599
| current_epoch 191 |. Begin client select
SchedulerThread schedule Group [ 5 ], select( 11 clients):
2 | 6 | 9 | 13 | 25 | 50 | 69 | 88 | 90 | 97 | 99 |
-----------------------------------------------------------------Schedule complete
Client 9 trained
Client 9 uploaded
Client 13 trained
Client 13 uploaded
Client 99 trained
Client 99 uploaded
Client 69 trained
Client 69 uploaded
Client 97 trained
Client 97 uploaded
Client 88 trained
Client 88 uploaded
Client 6 trained
Client 6 uploaded
Client 2 trained
Client 2 uploaded
Client 25 trained
Client 25 uploaded
Client 50 trained
Client 50 uploaded
Client 90 trained
Client 90 uploaded
Epoch(t): 191 accuracy: 81.87 loss 0.5003551325201988 run_time: 295.86369585990906
| current_epoch 192 |. Begin client select
SchedulerThread schedule Group [ 8 ], select( 11 clients):
10 | 11 | 29 | 35 | 57 | 58 | 65 | 67 | 77 | 78 | 98 |
-----------------------------------------------------------------Schedule complete
Client 77 trained
Client 77 uploaded
Client 78 trained
Client 78 uploaded
Client 35 trained
Client 35 uploaded
Client 58 trained
Client 58 uploaded
Client 67 trained
Client 67 uploaded
Client 29 trained
Client 29 uploaded
Client 98 trained
Client 98 uploaded
Client 65 trained
Client 65 uploaded
Client 10 trained
Client 10 uploaded
Client 57 trained
Client 57 uploaded
Client 11 trained
Client 11 uploaded
Epoch(t): 192 accuracy: 81.64 loss 0.4985320043563843 run_time: 297.1643991470337
| current_epoch 193 |. Begin client select
SchedulerThread schedule Group [ 0 ], select( 9 clients):
4 | 7 | 12 | 18 | 20 | 38 | 60 | 84 | 89 |
-----------------------------------------------------------------Schedule complete
Client 12 trained
Client 12 uploaded
Client 4 trained
Client 4 uploaded
Client 18 trained
Client 18 uploaded
Client 7 trained
Client 7 uploaded
Client 38 trained
Client 38 uploaded
Client 20 trained
Client 20 uploaded
Client 84 trained
Client 84 uploaded
Client 89 trained
Client 89 uploaded
Client 60 trained
Client 60 uploaded
Epoch(t): 193 accuracy: 77.57 loss 0.5590791070461273 run_time: 298.36541414260864
| current_epoch 194 |. Begin client select
SchedulerThread schedule Group [ 7 ], select( 15 clients):
1 | 5 | 8 | 22 | 34 | 37 | 39 | 44 | 54 | 59 | 62 | 83 | 85 | 91 | 94 |
-----------------------------------------------------------------Schedule complete
Client 85 trained
Client 85 uploaded
Client 1 trained
Client 1 uploaded
Client 94 trained
Client 94 uploaded
Client 8 trained
Client 8 uploaded
Client 83 trained
Client 83 uploaded
Client 62 trained
Client 62 uploaded
Client 44 trained
Client 44 uploaded
Client 39 trained
Client 39 uploaded
Client 54 trained
Client 54 uploaded
Client 91 trained
Client 91 uploaded
Client 59 trained
Client 59 uploaded
Client 34 trained
Client 34 uploaded
Client 5 trained
Client 5 uploaded
Client 37 trained
Client 37 uploaded
Client 22 trained
Client 22 uploaded
Epoch(t): 194 accuracy: 82.01 loss 0.4931441688537598 run_time: 300.0441710948944
| current_epoch 195 |. Begin client select
SchedulerThread schedule Group [ 6 ], select( 8 clients):
23 | 33 | 46 | 51 | 74 | 81 | 86 | 93 |
-----------------------------------------------------------------Schedule complete
Client 23 trained
Client 23 uploaded
Client 33 trained
Client 33 uploaded
Client 86 trained
Client 86 uploaded
Client 46 trained
Client 46 uploaded
Client 74 trained
Client 74 uploaded
Client 93 trained
Client 93 uploaded
Client 81 trained
Client 81 uploaded
Client 51 trained
Client 51 uploaded
Epoch(t): 195 accuracy: 80.62 loss 0.5138841438293457 run_time: 301.1066026687622
| current_epoch 196 |. Begin client select
SchedulerThread schedule Group [ 9 ], select( 8 clients):
21 | 31 | 55 | 63 | 68 | 75 | 87 | 95 |
-----------------------------------------------------------------Schedule complete
Client 87 trained
Client 87 uploaded
Client 21 trained
Client 21 uploaded
Client 63 trained
Client 63 uploaded
Client 68 trained
Client 68 uploaded
Client 31 trained
Client 31 uploaded
Client 55 trained
Client 55 uploaded
Client 75 trained
Client 75 uploaded
Client 95 trained
Client 95 uploaded
Epoch(t): 196 accuracy: 81.0 loss 0.5092140683531761 run_time: 302.0692210197449
| current_epoch 197 |. Begin client select
SchedulerThread schedule Group [ 4 ], select( 10 clients):
0 | 14 | 17 | 30 | 32 | 66 | 70 | 76 | 92 | 96 |
-----------------------------------------------------------------Schedule complete
Client 70 trained
Client 70 uploaded
Client 30 trained
Client 30 uploaded
Client 14 trained
Client 14 uploaded
Client 0 trained
Client 0 uploaded
Client 66 trained
Client 66 uploaded
Client 32 trained
Client 32 uploaded
Client 17 trained
Client 17 uploaded
Client 96 trained
Client 96 uploaded
Client 76 trained
Client 76 uploaded
Client 92 trained
Client 92 uploaded
Epoch(t): 197 accuracy: 81.32 loss 0.5038016176223755 run_time: 303.40177941322327
| current_epoch 198 |. Begin client select
SchedulerThread schedule Group [ 5 ], select( 11 clients):
2 | 6 | 9 | 13 | 25 | 50 | 69 | 88 | 90 | 97 | 99 |
-----------------------------------------------------------------Schedule complete
Client 9 trained
Client 9 uploaded
Client 13 trained
Client 13 uploaded
Client 69 trained
Client 69 uploaded
Client 99 trained
Client 99 uploaded
Client 97 trained
Client 97 uploaded
Client 88 trained
Client 88 uploaded
Client 50 trained
Client 50 uploaded
Client 2 trained
Client 25 trained
Client 2 uploaded
Client 25 uploaded
Client 6 trained
Client 6 uploaded
Client 90 trained
Client 90 uploaded
Epoch(t): 198 accuracy: 81.53 loss 0.4955438289046288 run_time: 304.8570444583893
| current_epoch 199 |. Begin client select
SchedulerThread schedule Group [ 7 ], select( 15 clients):
1 | 5 | 8 | 22 | 34 | 37 | 39 | 44 | 54 | 59 | 62 | 83 | 85 | 91 | 94 |
-----------------------------------------------------------------Schedule complete
Client 85 trained
Client 85 uploaded
Client 94 trained
Client 94 uploaded
Client 1 trained
Client 1 uploaded
Client 83 trained
Client 83 uploaded
Client 8 trained
Client 8 uploaded
Client 62 trained
Client 62 uploaded
Client 44 trained
Client 44 uploaded
Client 59 trained
Client 59 uploaded
Client 91 trained
Client 91 uploaded
Client 54 trained
Client 54 uploaded
Client 39 trained
Client 39 uploaded
Client 34 trained
Client 34 uploaded
Client 5 trained
Client 5 uploaded
Client 37 trained
Client 37 uploaded
Client 22 trained
Client 22 uploaded
Epoch(t): 199 accuracy: 82.03 loss 0.49143900990486145 run_time: 306.4657392501831
| current_epoch 200 |. Begin client select
SchedulerThread schedule Group [ 3 ], select( 8 clients):
15 | 16 | 24 | 27 | 36 | 43 | 53 | 82 |
-----------------------------------------------------------------Schedule complete
Client 15 trained
Client 15 uploaded
Client 36 trained
Client 36 uploaded
Client 27 trained
Client 27 uploaded
Client 43 trained
Client 43 uploaded
Client 82 trained
Client 82 uploaded
Client 24 trained
Client 24 uploaded
Client 53 trained
Client 53 uploaded
Client 16 trained
Client 16 uploaded
Epoch(t): 200 accuracy: 78.5 loss 0.5465363946557045 run_time: 307.54363560676575
| current_epoch 201 |. Begin client select
SchedulerThread schedule Group [ 7 ], select( 15 clients):
1 | 5 | 8 | 22 | 34 | 37 | 39 | 44 | 54 | 59 | 62 | 83 | 85 | 91 | 94 |
-----------------------------------------------------------------Schedule complete
Client 85 trained
Client 85 uploaded
Client 1 trained
Client 1 uploaded
Client 94 trained
Client 94 uploaded
Client 83 trained
Client 83 uploaded
Client 8 trained
Client 8 uploaded
Client 44 trained
Client 44 uploaded
Client 62 trained
Client 62 uploaded
Client 91 trained
Client 91 uploaded
Client 54 trained
Client 54 uploaded
Client 39 trained
Client 39 uploaded
Client 59 trained
Client 59 uploaded
Client 34 trained
Client 34 uploaded
Client 37 trained
Client 37 uploaded
Client 22 trained
Client 22 uploaded
Client 5 trained
Client 5 uploaded
Epoch(t): 201 accuracy: 82.13 loss 0.491276296377182 run_time: 309.0475468635559
| current_epoch 202 |. Begin client select
SchedulerThread schedule Group [ 5 ], select( 11 clients):
2 | 6 | 9 | 13 | 25 | 50 | 69 | 88 | 90 | 97 | 99 |
-----------------------------------------------------------------Schedule complete
Client 9 trained
Client 9 uploaded
Client 13 trained
Client 13 uploaded
Client 69 trained
Client 69 uploaded
Client 99 trained
Client 99 uploaded
Client 97 trained
Client 97 uploaded
Client 88 trained
Client 88 uploaded
Client 50 trained
Client 50 uploaded
Client 25 trained
Client 25 uploaded
Client 2 trained
Client 2 uploaded
Client 6 trained
Client 90 trained
Client 6 uploaded
Client 90 uploaded
Epoch(t): 202 accuracy: 82.15 loss 0.4898413652181625 run_time: 310.42196321487427
| current_epoch 203 |. Begin client select
SchedulerThread schedule Group [ 1 ], select( 10 clients):
3 | 19 | 40 | 47 | 49 | 52 | 72 | 73 | 79 | 80 |
-----------------------------------------------------------------Schedule complete
Client 3 trained
Client 3 uploaded
Client 40 trained
Client 40 uploaded
Client 49 trained
Client 49 uploaded
Client 47 trained
Client 47 uploaded
Client 80 trained
Client 80 uploaded
Client 19 trained
Client 19 uploaded
Client 52 trained
Client 52 uploaded
Client 73 trained
Client 73 uploaded
Client 72 trained
Client 72 uploaded
Client 79 trained
Client 79 uploaded
Epoch(t): 203 accuracy: 82.41 loss 0.4859677556157112 run_time: 311.69199657440186
| current_epoch 204 |. Begin client select
SchedulerThread schedule Group [ 8 ], select( 11 clients):
10 | 11 | 29 | 35 | 57 | 58 | 65 | 67 | 77 | 78 | 98 |
-----------------------------------------------------------------Schedule complete
Client 77 trained
Client 77 uploaded
Client 35 trained
Client 35 uploaded
Client 78 trained
Client 78 uploaded
Client 58 trained
Client 58 uploaded
Client 67 trained
Client 67 uploaded
Client 98 trained
Client 98 uploaded
Client 29 trained
Client 29 uploaded
Client 11 trained
Client 11 uploaded
Client 65 trained
Client 65 uploaded
Client 10 trained
Client 10 uploaded
Client 57 trained
Client 57 uploaded
Epoch(t): 204 accuracy: 82.45 loss 0.48576270014047623 run_time: 312.99981331825256
| current_epoch 205 |. Begin client select
SchedulerThread schedule Group [ 7 ], select( 15 clients):
1 | 5 | 8 | 22 | 34 | 37 | 39 | 44 | 54 | 59 | 62 | 83 | 85 | 91 | 94 |
-----------------------------------------------------------------Schedule complete
Client 1 trained
Client 1 uploaded
Client 85 trained
Client 85 uploaded
Client 94 trained
Client 94 uploaded
Client 83 trained
Client 83 uploaded
Client 8 trained
Client 8 uploaded
Client 39 trained
Client 39 uploaded
Client 44 trained
Client 44 uploaded
Client 62 trained
Client 62 uploaded
Client 91 trained
Client 91 uploaded
Client 54 trained
Client 54 uploaded
Client 59 trained
Client 59 uploaded
Client 34 trained
Client 34 uploaded
Client 37 trained
Client 37 uploaded
Client 5 trained
Client 5 uploaded
Client 22 trained
Client 22 uploaded
Epoch(t): 205 accuracy: 82.35 loss 0.4827585265040398 run_time: 314.55818128585815
| current_epoch 206 |. Begin client select
SchedulerThread schedule Group [ 2 ], select( 10 clients):
26 | 28 | 41 | 42 | 45 | 48 | 56 | 61 | 64 | 71 |
-----------------------------------------------------------------Schedule complete
Client 42 trained
Client 42 uploaded
Client 26 trained
Client 26 uploaded
Client 61 trained
Client 61 uploaded
Client 56 trained
Client 56 uploaded
Client 64 trained
Client 64 uploaded
Client 71 trained
Client 71 uploaded
Client 45 trained
Client 45 uploaded
Client 41 trained
Client 41 uploaded
Client 48 trained
Client 48 uploaded
Client 28 trained
Client 28 uploaded
Epoch(t): 206 accuracy: 81.02 loss 0.5006873780488967 run_time: 315.73829913139343
| current_epoch 207 |. Begin client select
SchedulerThread schedule Group [ 5 ], select( 11 clients):
2 | 6 | 9 | 13 | 25 | 50 | 69 | 88 | 90 | 97 | 99 |
-----------------------------------------------------------------Schedule complete
Client 9 trained
Client 9 uploaded
Client 13 trained
Client 13 uploaded
Client 99 trained
Client 99 uploaded
Client 69 trained
Client 69 uploaded
Client 97 trained
Client 97 uploaded
Client 88 trained
Client 88 uploaded
Client 50 trained
Client 50 uploaded
Client 6 trained
Client 6 uploaded
Client 2 trained
Client 2 uploaded
Client 90 trained
Client 90 uploaded
Client 25 trained
Client 25 uploaded
Epoch(t): 207 accuracy: 82.22 loss 0.48288748681545257 run_time: 317.13590574264526
| current_epoch 208 |. Begin client select
SchedulerThread schedule Group [ 7 ], select( 15 clients):
1 | 5 | 8 | 22 | 34 | 37 | 39 | 44 | 54 | 59 | 62 | 83 | 85 | 91 | 94 |
-----------------------------------------------------------------Schedule complete
Client 85 trained
Client 85 uploaded
Client 1 trained
Client 1 uploaded
Client 94 trained
Client 94 uploaded
Client 83 trained
Client 83 uploaded
Client 8 trained
Client 8 uploaded
Client 44 trained
Client 44 uploaded
Client 62 trained
Client 62 uploaded
Client 54 trained
Client 54 uploaded
Client 39 trained
Client 91 trained
Client 39 uploaded
Client 91 uploaded
Client 59 trained
Client 59 uploaded
Client 34 trained
Client 34 uploaded
Client 22 trained
Client 22 uploaded
Client 37 trained
Client 37 uploaded
Client 5 trained
Client 5 uploaded
Epoch(t): 208 accuracy: 82.13 loss 0.48546286672353745 run_time: 318.6967875957489
| current_epoch 209 |. Begin client select
SchedulerThread schedule Group [ 0 ], select( 9 clients):
4 | 7 | 12 | 18 | 20 | 38 | 60 | 84 | 89 |
-----------------------------------------------------------------Schedule complete
Client 4 trained
Client 4 uploaded
Client 18 trained
Client 18 uploaded
Client 12 trained
Client 12 uploaded
Client 7 trained
Client 7 uploaded
Client 38 trained
Client 38 uploaded
Client 20 trained
Client 20 uploaded
Client 89 trained
Client 89 uploaded
Client 84 trained
Client 84 uploaded
Client 60 trained
Client 60 uploaded
Epoch(t): 209 accuracy: 78.85 loss 0.5421215835213661 run_time: 319.8751094341278
| current_epoch 210 |. Begin client select
SchedulerThread schedule Group [ 7 ], select( 15 clients):
1 | 5 | 8 | 22 | 34 | 37 | 39 | 44 | 54 | 59 | 62 | 83 | 85 | 91 | 94 |
-----------------------------------------------------------------Schedule complete
Client 85 trained
Client 85 uploaded
Client 1 trained
Client 1 uploaded
Client 94 trained
Client 94 uploaded
Client 83 trained
Client 83 uploaded
Client 8 trained
Client 8 uploaded
Client 62 trained
Client 62 uploaded
Client 44 trained
Client 44 uploaded
Client 54 trained
Client 54 uploaded
Client 91 trained
Client 91 uploaded
Client 39 trained
Client 39 uploaded
Client 59 trained
Client 59 uploaded
Client 34 trained
Client 34 uploaded
Client 5 trained
Client 5 uploaded
Client 37 trained
Client 37 uploaded
Client 22 trained
Client 22 uploaded
Epoch(t): 210 accuracy: 82.53 loss 0.4799694937467575 run_time: 321.4471788406372
| current_epoch 211 |. Begin client select
SchedulerThread schedule Group [ 5 ], select( 11 clients):
2 | 6 | 9 | 13 | 25 | 50 | 69 | 88 | 90 | 97 | 99 |
-----------------------------------------------------------------Schedule complete
Client 9 trained
Client 9 uploaded
Client 69 trained
Client 69 uploaded
Client 13 trained
Client 13 uploaded
Client 99 trained
Client 99 uploaded
Client 2 trained
Client 2 uploaded
Client 97 trained
Client 97 uploaded
Client 88 trained
Client 88 uploaded
Client 90 trained
Client 90 uploaded
Client 6 trained
Client 6 uploaded
Client 50 trained
Client 50 uploaded
Client 25 trained
Client 25 uploaded
Epoch(t): 211 accuracy: 82.05 loss 0.4860532805323601 run_time: 322.9383285045624
| current_epoch 212 |. Begin client select
SchedulerThread schedule Group [ 4 ], select( 10 clients):
0 | 14 | 17 | 30 | 32 | 66 | 70 | 76 | 92 | 96 |
-----------------------------------------------------------------Schedule complete
Client 30 trained
Client 30 uploaded
Client 70 trained
Client 70 uploaded
Client 14 trained
Client 14 uploaded
Client 0 trained
Client 0 uploaded
Client 32 trained
Client 32 uploaded
Client 66 trained
Client 66 uploaded
Client 17 trained
Client 17 uploaded
Client 92 trained
Client 92 uploaded
Client 76 trained
Client 76 uploaded
Client 96 trained
Client 96 uploaded
Epoch(t): 212 accuracy: 82.36 loss 0.4868516683578491 run_time: 324.2000901699066
| current_epoch 213 |. Begin client select
SchedulerThread schedule Group [ 7 ], select( 15 clients):
1 | 5 | 8 | 22 | 34 | 37 | 39 | 44 | 54 | 59 | 62 | 83 | 85 | 91 | 94 |
-----------------------------------------------------------------Schedule complete
Client 1 trained
Client 1 uploaded
Client 85 trained
Client 85 uploaded
Client 94 trained
Client 94 uploaded
Client 83 trained
Client 83 uploaded
Client 8 trained
Client 8 uploaded
Client 62 trained
Client 62 uploaded
Client 44 trained
Client 44 uploaded
Client 91 trained
Client 91 uploaded
Client 54 trained
Client 54 uploaded
Client 39 trained
Client 39 uploaded
Client 59 trained
Client 59 uploaded
Client 34 trained
Client 34 uploaded
Client 37 trained
Client 37 uploaded
Client 22 trained
Client 22 uploaded
Client 5 trained
Client 5 uploaded
Epoch(t): 213 accuracy: 82.46 loss 0.48033592373132705 run_time: 325.802720785141
| current_epoch 214 |. Begin client select
SchedulerThread schedule Group [ 5 ], select( 11 clients):
2 | 6 | 9 | 13 | 25 | 50 | 69 | 88 | 90 | 97 | 99 |
-----------------------------------------------------------------Schedule complete
Client 9 trained
Client 9 uploaded
Client 13 trained
Client 13 uploaded
Client 69 trained
Client 69 uploaded
Client 99 trained
Client 99 uploaded
Client 97 trained
Client 97 uploaded
Client 88 trained
Client 88 uploaded
Client 2 trained
Client 2 uploaded
Client 50 trained
Client 50 uploaded
Client 6 trained
Client 6 uploaded
Client 90 trained
Client 90 uploaded
Client 25 trained
Client 25 uploaded
Epoch(t): 214 accuracy: 82.42 loss 0.4812768518924713 run_time: 327.302907705307
| current_epoch 215 |. Begin client select
SchedulerThread schedule Group [ 8 ], select( 11 clients):
10 | 11 | 29 | 35 | 57 | 58 | 65 | 67 | 77 | 78 | 98 |
-----------------------------------------------------------------Schedule complete
Client 77 trained
Client 77 uploaded
Client 35 trained
Client 35 uploaded
Client 78 trained
Client 78 uploaded
Client 58 trained
Client 58 uploaded
Client 67 trained
Client 67 uploaded
Client 11 trained
Client 11 uploaded
Client 65 trained
Client 65 uploaded
Client 29 trained
Client 29 uploaded
Client 98 trained
Client 98 uploaded
Client 57 trained
Client 57 uploaded
Client 10 trained
Client 10 uploaded
Epoch(t): 215 accuracy: 82.4 loss 0.4787615932524204 run_time: 328.59226846694946
| current_epoch 216 |. Begin client select
SchedulerThread schedule Group [ 7 ], select( 15 clients):
1 | 5 | 8 | 22 | 34 | 37 | 39 | 44 | 54 | 59 | 62 | 83 | 85 | 91 | 94 |
-----------------------------------------------------------------Schedule complete
Client 1 trained
Client 1 uploaded
Client 85 trained
Client 85 uploaded
Client 94 trained
Client 94 uploaded
Client 8 trained
Client 8 uploaded
Client 83 trained
Client 83 uploaded
Client 44 trained
Client 44 uploaded
Client 62 trained
Client 62 uploaded
Client 39 trained
Client 39 uploaded
Client 54 trained
Client 54 uploaded
Client 91 trained
Client 91 uploaded
Client 59 trained
Client 59 uploaded
Client 34 trained
Client 34 uploaded
Client 37 trained
Client 37 uploaded
Client 5 trained
Client 5 uploaded
Client 22 trained
Client 22 uploaded
Epoch(t): 216 accuracy: 82.39 loss 0.4773138952255249 run_time: 330.15381693840027
| current_epoch 217 |. Begin client select
SchedulerThread schedule Group [ 5 ], select( 11 clients):
2 | 6 | 9 | 13 | 25 | 50 | 69 | 88 | 90 | 97 | 99 |
-----------------------------------------------------------------Schedule complete
Client 9 trained
Client 9 uploaded
Client 13 trained
Client 13 uploaded
Client 69 trained
Client 69 uploaded
Client 99 trained
Client 99 uploaded
Client 97 trained
Client 97 uploaded
Client 90 trained
Client 90 uploaded
Client 88 trained
Client 88 uploaded
Client 50 trained
Client 50 uploaded
Client 25 trained
Client 25 uploaded
Client 6 trained
Client 6 uploaded
Client 2 trained
Client 2 uploaded
Epoch(t): 217 accuracy: 82.58 loss 0.47699047297239305 run_time: 331.6952269077301
| current_epoch 218 |. Begin client select
SchedulerThread schedule Group [ 7 ], select( 15 clients):
1 | 5 | 8 | 22 | 34 | 37 | 39 | 44 | 54 | 59 | 62 | 83 | 85 | 91 | 94 |
-----------------------------------------------------------------Schedule complete
Client 85 trained
Client 85 uploaded
Client 1 trained
Client 1 uploaded
Client 94 trained
Client 94 uploaded
Client 8 trained
Client 8 uploaded
Client 83 trained
Client 83 uploaded
Client 54 trained
Client 54 uploaded
Client 62 trained
Client 62 uploaded
Client 44 trained
Client 44 uploaded
Client 91 trained
Client 91 uploaded
Client 39 trained
Client 39 uploaded
Client 59 trained
Client 59 uploaded
Client 34 trained
Client 34 uploaded
Client 37 trained
Client 37 uploaded
Client 5 trained
Client 5 uploaded
Client 22 trained
Client 22 uploaded
Epoch(t): 218 accuracy: 82.79 loss 0.4753186333179474 run_time: 333.29067063331604
| current_epoch 219 |. Begin client select
SchedulerThread schedule Group [ 1 ], select( 10 clients):
3 | 19 | 40 | 47 | 49 | 52 | 72 | 73 | 79 | 80 |
-----------------------------------------------------------------Schedule complete
Client 3 trained
Client 3 uploaded
Client 40 trained
Client 40 uploaded
Client 49 trained
Client 49 uploaded
Client 80 trained
Client 80 uploaded
Client 47 trained
Client 47 uploaded
Client 19 trained
Client 19 uploaded
Client 52 trained
Client 52 uploaded
Client 79 trained
Client 79 uploaded
Client 72 trained
Client 72 uploaded
Client 73 trained
Client 73 uploaded
Epoch(t): 219 accuracy: 82.75 loss 0.473889898955822 run_time: 334.5379374027252
| current_epoch 220 |. Begin client select
SchedulerThread schedule Group [ 6 ], select( 8 clients):
23 | 33 | 46 | 51 | 74 | 81 | 86 | 93 |
-----------------------------------------------------------------Schedule complete
Client 33 trained
Client 33 uploaded
Client 23 trained
Client 23 uploaded
Client 46 trained
Client 46 uploaded
Client 74 trained
Client 74 uploaded
Client 86 trained
Client 86 uploaded
Client 51 trained
Client 51 uploaded
Client 93 trained
Client 93 uploaded
Client 81 trained
Client 81 uploaded
Epoch(t): 220 accuracy: 81.41 loss 0.49586906641721723 run_time: 335.68808341026306
| current_epoch 221 |. Begin client select
SchedulerThread schedule Group [ 5 ], select( 11 clients):
2 | 6 | 9 | 13 | 25 | 50 | 69 | 88 | 90 | 97 | 99 |
-----------------------------------------------------------------Schedule complete
Client 9 trained
Client 9 uploaded
Client 13 trained
Client 13 uploaded
Client 99 trained
Client 99 uploaded
Client 69 trained
Client 69 uploaded
Client 97 trained
Client 97 uploaded
Client 88 trained
Client 88 uploaded
Client 6 trained
Client 6 uploaded
Client 25 trained
Client 25 uploaded
Client 50 trained
Client 50 uploaded
Client 2 trained
Client 2 uploaded
Client 90 trained
Client 90 uploaded
Epoch(t): 221 accuracy: 82.97 loss 0.4732586970925331 run_time: 337.07306432724
| current_epoch 222 |. Begin client select
SchedulerThread schedule Group [ 7 ], select( 15 clients):
1 | 5 | 8 | 22 | 34 | 37 | 39 | 44 | 54 | 59 | 62 | 83 | 85 | 91 | 94 |
-----------------------------------------------------------------Schedule complete
Client 1 trained
Client 1 uploaded
Client 85 trained
Client 85 uploaded
Client 94 trained
Client 94 uploaded
Client 8 trained
Client 8 uploaded
Client 83 trained
Client 83 uploaded
Client 62 trained
Client 62 uploaded
Client 44 trained
Client 44 uploaded
Client 54 trained
Client 54 uploaded
Client 39 trained
Client 39 uploaded
Client 91 trained
Client 91 uploaded
Client 59 trained
Client 59 uploaded
Client 34 trained
Client 34 uploaded
Client 22 trained
Client 22 uploaded
Client 37 trained
Client 37 uploaded
Client 5 trained
Client 5 uploaded
Epoch(t): 222 accuracy: 82.96 loss 0.47444275349378584 run_time: 338.64842414855957
| current_epoch 223 |. Begin client select
SchedulerThread schedule Group [ 2 ], select( 10 clients):
26 | 28 | 41 | 42 | 45 | 48 | 56 | 61 | 64 | 71 |
-----------------------------------------------------------------Schedule complete
Client 42 trained
Client 42 uploaded
Client 26 trained
Client 26 uploaded
Client 61 trained
Client 61 uploaded
Client 64 trained
Client 64 uploaded
Client 56 trained
Client 56 uploaded
Client 45 trained
Client 45 uploaded
Client 71 trained
Client 71 uploaded
Client 28 trained
Client 28 uploaded
Client 41 trained
Client 48 trained
Client 41 uploaded
Client 48 uploaded
Epoch(t): 223 accuracy: 82.17 loss 0.4818116012215614 run_time: 339.91293716430664
| current_epoch 224 |. Begin client select
SchedulerThread schedule Group [ 0 ], select( 9 clients):
4 | 7 | 12 | 18 | 20 | 38 | 60 | 84 | 89 |
-----------------------------------------------------------------Schedule complete
Client 4 trained
Client 4 uploaded
Client 18 trained
Client 18 uploaded
Client 12 trained
Client 12 uploaded
Client 38 trained
Client 38 uploaded
Client 7 trained
Client 7 uploaded
Client 20 trained
Client 20 uploaded
Client 89 trained
Client 89 uploaded
Client 84 trained
Client 60 trained
Client 84 uploaded
Client 60 uploaded
Epoch(t): 224 accuracy: 80.18 loss 0.5098751816153526 run_time: 341.1480190753937
| current_epoch 225 |. Begin client select
SchedulerThread schedule Group [ 7 ], select( 15 clients):
1 | 5 | 8 | 22 | 34 | 37 | 39 | 44 | 54 | 59 | 62 | 83 | 85 | 91 | 94 |
-----------------------------------------------------------------Schedule complete
Client 1 trained
Client 1 uploaded
Client 94 trained
Client 94 uploaded
Client 85 trained
Client 85 uploaded
Client 83 trained
Client 83 uploaded
Client 8 trained
Client 8 uploaded
Client 62 trained
Client 62 uploaded
Client 54 trained
Client 54 uploaded
Client 44 trained
Client 44 uploaded
Client 39 trained
Client 39 uploaded
Client 91 trained
Client 91 uploaded
Client 59 trained
Client 59 uploaded
Client 34 trained
Client 34 uploaded
Client 5 trained
Client 5 uploaded
Client 22 trained
Client 22 uploaded
Client 37 trained
Client 37 uploaded
Epoch(t): 225 accuracy: 83.1 loss 0.4673782867193222 run_time: 342.6669387817383
| current_epoch 226 |. Begin client select
SchedulerThread schedule Group [ 5 ], select( 11 clients):
2 | 6 | 9 | 13 | 25 | 50 | 69 | 88 | 90 | 97 | 99 |
-----------------------------------------------------------------Schedule complete
Client 99 trained
Client 99 uploaded
Client 13 trained
Client 13 uploaded
Client 9 trained
Client 9 uploaded
Client 69 trained
Client 69 uploaded
Client 88 trained
Client 88 uploaded
Client 97 trained
Client 97 uploaded
Client 50 trained
Client 50 uploaded
Client 25 trained
Client 25 uploaded
Client 2 trained
Client 2 uploaded
Client 90 trained
Client 90 uploaded
Client 6 trained
Client 6 uploaded
Epoch(t): 226 accuracy: 81.92 loss 0.48533747017383577 run_time: 344.16358852386475
| current_epoch 227 |. Begin client select
SchedulerThread schedule Group [ 4 ], select( 10 clients):
0 | 14 | 17 | 30 | 32 | 66 | 70 | 76 | 92 | 96 |
-----------------------------------------------------------------Schedule complete
Client 70 trained
Client 70 uploaded
Client 30 trained
Client 30 uploaded
Client 14 trained
Client 14 uploaded
Client 0 trained
Client 0 uploaded
Client 66 trained
Client 66 uploaded
Client 17 trained
Client 17 uploaded
Client 32 trained
Client 32 uploaded
Client 96 trained
Client 96 uploaded
Client 76 trained
Client 76 uploaded
Client 92 trained
Client 92 uploaded
Epoch(t): 227 accuracy: 82.79 loss 0.47530911475419996 run_time: 345.44815707206726
| current_epoch 228 |. Begin client select
SchedulerThread schedule Group [ 8 ], select( 11 clients):
10 | 11 | 29 | 35 | 57 | 58 | 65 | 67 | 77 | 78 | 98 |
-----------------------------------------------------------------Schedule complete
Client 77 trained
Client 77 uploaded
Client 35 trained
Client 35 uploaded
Client 78 trained
Client 78 uploaded
Client 58 trained
Client 58 uploaded
Client 67 trained
Client 67 uploaded
Client 29 trained
Client 29 uploaded
Client 98 trained
Client 98 uploaded
Client 65 trained
Client 65 uploaded
Client 11 trained
Client 11 uploaded
Client 57 trained
Client 57 uploaded
Client 10 trained
Client 10 uploaded
Epoch(t): 228 accuracy: 83.08 loss 0.46756423994898794 run_time: 346.80676102638245
| current_epoch 229 |. Begin client select
SchedulerThread schedule Group [ 9 ], select( 8 clients):
21 | 31 | 55 | 63 | 68 | 75 | 87 | 95 |
-----------------------------------------------------------------Schedule complete
Client 21 trained
Client 21 uploaded
Client 63 trained
Client 63 uploaded
Client 87 trained
Client 87 uploaded
Client 68 trained
Client 68 uploaded
Client 95 trained
Client 95 uploaded
Client 55 trained
Client 55 uploaded
Client 31 trained
Client 31 uploaded
Client 75 trained
Client 75 uploaded
Epoch(t): 229 accuracy: 82.63 loss 0.4739158572256565 run_time: 347.8687160015106
| current_epoch 230 |. Begin client select
SchedulerThread schedule Group [ 7 ], select( 15 clients):
1 | 5 | 8 | 22 | 34 | 37 | 39 | 44 | 54 | 59 | 62 | 83 | 85 | 91 | 94 |
-----------------------------------------------------------------Schedule complete
Client 1 trained
Client 1 uploaded
Client 85 trained
Client 85 uploaded
Client 94 trained
Client 94 uploaded
Client 8 trained
Client 8 uploaded
Client 83 trained
Client 83 uploaded
Client 62 trained
Client 62 uploaded
Client 44 trained
Client 44 uploaded
Client 39 trained
Client 39 uploaded
Client 91 trained
Client 91 uploaded
Client 54 trained
Client 54 uploaded
Client 59 trained
Client 59 uploaded
Client 34 trained
Client 34 uploaded
Client 22 trained
Client 22 uploaded
Client 37 trained
Client 37 uploaded
Client 5 trained
Client 5 uploaded
Epoch(t): 230 accuracy: 83.13 loss 0.46643938601017 run_time: 349.53252625465393
| current_epoch 231 |. Begin client select
SchedulerThread schedule Group [ 5 ], select( 11 clients):
2 | 6 | 9 | 13 | 25 | 50 | 69 | 88 | 90 | 97 | 99 |
-----------------------------------------------------------------Schedule complete
Client 9 trained
Client 9 uploaded
Client 13 trained
Client 13 uploaded
Client 99 trained
Client 99 uploaded
Client 69 trained
Client 69 uploaded
Client 97 trained
Client 97 uploaded
Client 88 trained
Client 88 uploaded
Client 50 trained
Client 50 uploaded
Client 2 trained
Client 2 uploaded
Client 90 trained
Client 90 uploaded
Client 25 trained
Client 25 uploaded
Client 6 trained
Client 6 uploaded
Epoch(t): 231 accuracy: 82.77 loss 0.4708982926607132 run_time: 351.04574823379517
| current_epoch 232 |. Begin client select
SchedulerThread schedule Group [ 3 ], select( 8 clients):
15 | 16 | 24 | 27 | 36 | 43 | 53 | 82 |
-----------------------------------------------------------------Schedule complete
Client 36 trained
Client 36 uploaded
Client 15 trained
Client 15 uploaded
Client 43 trained
Client 43 uploaded
Client 27 trained
Client 27 uploaded
Client 82 trained
Client 82 uploaded
Client 16 trained
Client 16 uploaded
Client 24 trained
Client 24 uploaded
Client 53 trained
Client 53 uploaded
Epoch(t): 232 accuracy: 79.15 loss 0.5204763299226761 run_time: 352.1985139846802
| current_epoch 233 |. Begin client select
SchedulerThread schedule Group [ 7 ], select( 15 clients):
1 | 5 | 8 | 22 | 34 | 37 | 39 | 44 | 54 | 59 | 62 | 83 | 85 | 91 | 94 |
-----------------------------------------------------------------Schedule complete
Client 1 trained
Client 1 uploaded
Client 85 trained
Client 85 uploaded
Client 94 trained
Client 94 uploaded
Client 83 trained
Client 83 uploaded
Client 8 trained
Client 8 uploaded
Client 62 trained
Client 62 uploaded
Client 44 trained
Client 44 uploaded
Client 39 trained
Client 39 uploaded
Client 54 trained
Client 54 uploaded
Client 91 trained
Client 91 uploaded
Client 34 trained
Client 34 uploaded
Client 59 trained
Client 59 uploaded
Client 5 trained
Client 5 uploaded
Client 37 trained
Client 37 uploaded
Client 22 trained
Client 22 uploaded
Epoch(t): 233 accuracy: 83.13 loss 0.46547736421227454 run_time: 354.01312041282654
| current_epoch 234 |. Begin client select
SchedulerThread schedule Group [ 1 ], select( 10 clients):
3 | 19 | 40 | 47 | 49 | 52 | 72 | 73 | 79 | 80 |
-----------------------------------------------------------------Schedule complete
Client 40 trained
Client 40 uploaded
Client 3 trained
Client 3 uploaded
Client 49 trained
Client 49 uploaded
Client 80 trained
Client 80 uploaded
Client 73 trained
Client 73 uploaded
Client 52 trained
Client 52 uploaded
Client 19 trained
Client 19 uploaded
Client 72 trained
Client 72 uploaded
Client 47 trained
Client 47 uploaded
Client 79 trained
Client 79 uploaded
Epoch(t): 234 accuracy: 83.28 loss 0.4634648875892162 run_time: 355.4054186344147
| current_epoch 235 |. Begin client select
SchedulerThread schedule Group [ 5 ], select( 11 clients):
2 | 6 | 9 | 13 | 25 | 50 | 69 | 88 | 90 | 97 | 99 |
-----------------------------------------------------------------Schedule complete
Client 9 trained
Client 9 uploaded
Client 13 trained
Client 13 uploaded
Client 99 trained
Client 99 uploaded
Client 69 trained
Client 69 uploaded
Client 97 trained
Client 97 uploaded
Client 88 trained
Client 88 uploaded
Client 2 trained
Client 2 uploaded
Client 50 trained
Client 50 uploaded
Client 6 trained
Client 6 uploaded
Client 90 trained
Client 90 uploaded
Client 25 trained
Client 25 uploaded
Epoch(t): 235 accuracy: 82.59 loss 0.4704372662305832 run_time: 356.795654296875
| current_epoch 236 |. Begin client select
SchedulerThread schedule Group [ 7 ], select( 15 clients):
1 | 5 | 8 | 22 | 34 | 37 | 39 | 44 | 54 | 59 | 62 | 83 | 85 | 91 | 94 |
-----------------------------------------------------------------Schedule complete
Client 1 trained
Client 1 uploaded
Client 94 trained
Client 94 uploaded
Client 85 trained
Client 85 uploaded
Client 83 trained
Client 83 uploaded
Client 8 trained
Client 8 uploaded
Client 62 trained
Client 62 uploaded
Client 44 trained
Client 44 uploaded
Client 54 trained
Client 54 uploaded
Client 91 trained
Client 91 uploaded
Client 39 trained
Client 39 uploaded
Client 59 trained
Client 59 uploaded
Client 34 trained
Client 34 uploaded
Client 37 trained
Client 37 uploaded
Client 5 trained
Client 5 uploaded
Client 22 trained
Client 22 uploaded
Epoch(t): 236 accuracy: 83.21 loss 0.4610853829979897 run_time: 358.4756758213043
| current_epoch 237 |. Begin client select
SchedulerThread schedule Group [ 2 ], select( 10 clients):
26 | 28 | 41 | 42 | 45 | 48 | 56 | 61 | 64 | 71 |
-----------------------------------------------------------------Schedule complete
Client 42 trained
Client 42 uploaded
Client 56 trained
Client 56 uploaded
Client 61 trained
Client 61 uploaded
Client 26 trained
Client 26 uploaded
Client 41 trained
Client 41 uploaded
Client 64 trained
Client 64 uploaded
Client 48 trained
Client 48 uploaded
Client 28 trained
Client 28 uploaded
Client 45 trained
Client 45 uploaded
Client 71 trained
Client 71 uploaded
Epoch(t): 237 accuracy: 82.49 loss 0.47424827963113786 run_time: 359.76695251464844
| current_epoch 238 |. Begin client select
SchedulerThread schedule Group [ 7 ], select( 15 clients):
1 | 5 | 8 | 22 | 34 | 37 | 39 | 44 | 54 | 59 | 62 | 83 | 85 | 91 | 94 |
-----------------------------------------------------------------Schedule complete
Client 1 trained
Client 1 uploaded
Client 94 trained
Client 94 uploaded
Client 85 trained
Client 85 uploaded
Client 8 trained
Client 8 uploaded
Client 83 trained
Client 83 uploaded
Client 44 trained
Client 44 uploaded
Client 62 trained
Client 62 uploaded
Client 91 trained
Client 91 uploaded
Client 39 trained
Client 39 uploaded
Client 54 trained
Client 54 uploaded
Client 59 trained
Client 59 uploaded
Client 34 trained
Client 34 uploaded
Client 37 trained
Client 37 uploaded
Client 22 trained
Client 22 uploaded
Client 5 trained
Client 5 uploaded
Epoch(t): 238 accuracy: 83.35 loss 0.4612198793888092 run_time: 361.43032336235046
| current_epoch 239 |. Begin client select
SchedulerThread schedule Group [ 5 ], select( 11 clients):
2 | 6 | 9 | 13 | 25 | 50 | 69 | 88 | 90 | 97 | 99 |
-----------------------------------------------------------------Schedule complete
Client 13 trained
Client 13 uploaded
Client 9 trained
Client 9 uploaded
Client 99 trained
Client 99 uploaded
Client 69 trained
Client 69 uploaded
Client 2 trained
Client 2 uploaded
Client 97 trained
Client 97 uploaded
Client 88 trained
Client 88 uploaded
Client 50 trained
Client 50 uploaded
Client 6 trained
Client 6 uploaded
Client 90 trained
Client 90 uploaded
Client 25 trained
Client 25 uploaded
Epoch(t): 239 accuracy: 82.82 loss 0.46567784070968626 run_time: 362.8793203830719
| current_epoch 240 |. Begin client select
SchedulerThread schedule Group [ 4 ], select( 10 clients):
0 | 14 | 17 | 30 | 32 | 66 | 70 | 76 | 92 | 96 |
-----------------------------------------------------------------Schedule complete
Client 30 trained
Client 30 uploaded
Client 70 trained
Client 70 uploaded
Client 14 trained
Client 14 uploaded
Client 66 trained
Client 66 uploaded
Client 0 trained
Client 0 uploaded
Client 32 trained
Client 32 uploaded
Client 17 trained
Client 17 uploaded
Client 76 trained
Client 76 uploaded
Client 92 trained
Client 92 uploaded
Client 96 trained
Client 96 uploaded
Epoch(t): 240 accuracy: 82.58 loss 0.47329367458820343 run_time: 364.14538407325745
| current_epoch 241 |. Begin client select
SchedulerThread schedule Group [ 8 ], select( 11 clients):
10 | 11 | 29 | 35 | 57 | 58 | 65 | 67 | 77 | 78 | 98 |
-----------------------------------------------------------------Schedule complete
Client 78 trained
Client 78 uploaded
Client 35 trained
Client 35 uploaded
Client 77 trained
Client 77 uploaded
Client 58 trained
Client 58 uploaded
Client 67 trained
Client 67 uploaded
Client 29 trained
Client 29 uploaded
Client 98 trained
Client 98 uploaded
Client 65 trained
Client 65 uploaded
Client 11 trained
Client 11 uploaded
Client 10 trained
Client 10 uploaded
Client 57 trained
Client 57 uploaded
Epoch(t): 241 accuracy: 83.44 loss 0.45672891676425936 run_time: 365.48949003219604
| current_epoch 242 |. Begin client select
SchedulerThread schedule Group [ 0 ], select( 9 clients):
4 | 7 | 12 | 18 | 20 | 38 | 60 | 84 | 89 |
-----------------------------------------------------------------Schedule complete
Client 4 trained
Client 4 uploaded
Client 18 trained
Client 18 uploaded
Client 38 trained
Client 38 uploaded
Client 12 trained
Client 12 uploaded
Client 7 trained
Client 7 uploaded
Client 20 trained
Client 20 uploaded
Client 89 trained
Client 89 uploaded
Client 84 trained
Client 84 uploaded
Client 60 trained
Client 60 uploaded
Epoch(t): 242 accuracy: 80.59 loss 0.4982810032367706 run_time: 366.7415735721588
| current_epoch 243 |. Begin client select
SchedulerThread schedule Group [ 7 ], select( 15 clients):
1 | 5 | 8 | 22 | 34 | 37 | 39 | 44 | 54 | 59 | 62 | 83 | 85 | 91 | 94 |
-----------------------------------------------------------------Schedule complete
Client 1 trained
Client 1 uploaded
Client 94 trained
Client 94 uploaded
Client 85 trained
Client 85 uploaded
Client 8 trained
Client 8 uploaded
Client 83 trained
Client 83 uploaded
Client 44 trained
Client 44 uploaded
Client 62 trained
Client 62 uploaded
Client 54 trained
Client 54 uploaded
Client 91 trained
Client 91 uploaded
Client 39 trained
Client 39 uploaded
Client 59 trained
Client 59 uploaded
Client 34 trained
Client 34 uploaded
Client 22 trained
Client 22 uploaded
Client 37 trained
Client 37 uploaded
Client 5 trained
Client 5 uploaded
Epoch(t): 243 accuracy: 83.55 loss 0.45532337099313736 run_time: 368.4178833961487
| current_epoch 244 |. Begin client select
SchedulerThread schedule Group [ 5 ], select( 11 clients):
2 | 6 | 9 | 13 | 25 | 50 | 69 | 88 | 90 | 97 | 99 |
-----------------------------------------------------------------Schedule complete
Client 9 trained
Client 9 uploaded
Client 13 trained
Client 13 uploaded
Client 69 trained
Client 69 uploaded
Client 99 trained
Client 99 uploaded
Client 97 trained
Client 97 uploaded
Client 88 trained
Client 88 uploaded
Client 2 trained
Client 2 uploaded
Client 90 trained
Client 90 uploaded
Client 6 trained
Client 6 uploaded
Client 50 trained
Client 50 uploaded
Client 25 trained
Client 25 uploaded
Epoch(t): 244 accuracy: 83.09 loss 0.46047582149505617 run_time: 369.80730724334717
| current_epoch 245 |. Begin client select
SchedulerThread schedule Group [ 6 ], select( 8 clients):
23 | 33 | 46 | 51 | 74 | 81 | 86 | 93 |
-----------------------------------------------------------------Schedule complete
Client 23 trained
Client 23 uploaded
Client 33 trained
Client 33 uploaded
Client 46 trained
Client 46 uploaded
Client 74 trained
Client 74 uploaded
Client 86 trained
Client 86 uploaded
Client 81 trained
Client 81 uploaded
Client 51 trained
Client 51 uploaded
Client 93 trained
Client 93 uploaded
Epoch(t): 245 accuracy: 82.66 loss 0.4743287774920464 run_time: 370.93958044052124
| current_epoch 246 |. Begin client select
SchedulerThread schedule Group [ 7 ], select( 15 clients):
1 | 5 | 8 | 22 | 34 | 37 | 39 | 44 | 54 | 59 | 62 | 83 | 85 | 91 | 94 |
-----------------------------------------------------------------Schedule complete
Client 1 trained
Client 1 uploaded
Client 85 trained
Client 85 uploaded
Client 94 trained
Client 94 uploaded
Client 83 trained
Client 83 uploaded
Client 8 trained
Client 8 uploaded
Client 44 trained
Client 44 uploaded
Client 62 trained
Client 62 uploaded
Client 91 trained
Client 91 uploaded
Client 54 trained
Client 39 trained
Client 54 uploaded
Client 39 uploaded
Client 59 trained
Client 59 uploaded
Client 37 trained
Client 37 uploaded
Client 34 trained
Client 34 uploaded
Client 22 trained
Client 22 uploaded
Client 5 trained
Client 5 uploaded
Epoch(t): 246 accuracy: 83.75 loss 0.4535453575849533 run_time: 372.5339753627777
| current_epoch 247 |. Begin client select
SchedulerThread schedule Group [ 7 ], select( 15 clients):
1 | 5 | 8 | 22 | 34 | 37 | 39 | 44 | 54 | 59 | 62 | 83 | 85 | 91 | 94 |
-----------------------------------------------------------------Schedule complete
Client 1 trained
Client 1 uploaded
Client 94 trained
Client 94 uploaded
Client 85 trained
Client 85 uploaded
Client 8 trained
Client 8 uploaded
Client 83 trained
Client 83 uploaded
Client 44 trained
Client 44 uploaded
Client 62 trained
Client 62 uploaded
Client 59 trained
Client 59 uploaded
Client 39 trained
Client 39 uploaded
Client 91 trained
Client 91 uploaded
Client 54 trained
Client 54 uploaded
Client 34 trained
Client 34 uploaded
Client 22 trained
Client 22 uploaded
Client 5 trained
Client 5 uploaded
Client 37 trained
Client 37 uploaded
Epoch(t): 247 accuracy: 83.82 loss 0.45313523516058923 run_time: 374.09536123275757
| current_epoch 248 |. Begin client select
SchedulerThread schedule Group [ 5 ], select( 11 clients):
2 | 6 | 9 | 13 | 25 | 50 | 69 | 88 | 90 | 97 | 99 |
-----------------------------------------------------------------Schedule complete
Client 9 trained
Client 9 uploaded
Client 13 trained
Client 13 uploaded
Client 99 trained
Client 99 uploaded
Client 69 trained
Client 69 uploaded
Client 97 trained
Client 97 uploaded
Client 88 trained
Client 88 uploaded
Client 50 trained
Client 50 uploaded
Client 90 trained
Client 90 uploaded
Client 2 trained
Client 2 uploaded
Client 6 trained
Client 6 uploaded
Client 25 trained
Client 25 uploaded
Epoch(t): 248 accuracy: 83.58 loss 0.45621993243694303 run_time: 375.4869010448456
| current_epoch 249 |. Begin client select
SchedulerThread schedule Group [ 7 ], select( 15 clients):
1 | 5 | 8 | 22 | 34 | 37 | 39 | 44 | 54 | 59 | 62 | 83 | 85 | 91 | 94 |
-----------------------------------------------------------------Schedule complete
Client 1 trained
Client 1 uploaded
Client 85 trained
Client 85 uploaded
Client 94 trained
Client 94 uploaded
Client 8 trained
Client 8 uploaded
Client 83 trained
Client 83 uploaded
Client 62 trained
Client 62 uploaded
Client 44 trained
Client 44 uploaded
Client 39 trained
Client 39 uploaded
Client 91 trained
Client 91 uploaded
Client 54 trained
Client 54 uploaded
Client 59 trained
Client 59 uploaded
Client 34 trained
Client 34 uploaded
Client 37 trained
Client 37 uploaded
Client 5 trained
Client 5 uploaded
Client 22 trained
Client 22 uploaded
Epoch(t): 249 accuracy: 83.58 loss 0.4555050075054169 run_time: 377.03184485435486
| current_epoch 250 |. Begin client select
SchedulerThread schedule Group [ 1 ], select( 10 clients):
3 | 19 | 40 | 47 | 49 | 52 | 72 | 73 | 79 | 80 |
-----------------------------------------------------------------Schedule complete
Client 3 trained
Client 3 uploaded
Client 40 trained
Client 40 uploaded
Client 49 trained
Client 49 uploaded
Client 80 trained
Client 80 uploaded
Client 19 trained
Client 19 uploaded
Client 52 trained
Client 52 uploaded
Client 79 trained
Client 79 uploaded
Client 72 trained
Client 72 uploaded
Client 73 trained
Client 73 uploaded
Client 47 trained
Client 47 uploaded
Epoch(t): 250 accuracy: 83.43 loss 0.45589024782180787 run_time: 378.1934063434601
| current_epoch 251 |. Begin client select
SchedulerThread schedule Group [ 5 ], select( 11 clients):
2 | 6 | 9 | 13 | 25 | 50 | 69 | 88 | 90 | 97 | 99 |
-----------------------------------------------------------------Schedule complete
Client 9 trained
Client 9 uploaded
Client 13 trained
Client 13 uploaded
Client 69 trained
Client 69 uploaded
Client 99 trained
Client 99 uploaded
Client 97 trained
Client 97 uploaded
Client 88 trained
Client 88 uploaded
Client 2 trained
Client 2 uploaded
Client 50 trained
Client 50 uploaded
Client 25 trained
Client 25 uploaded
Client 90 trained
Client 90 uploaded
Client 6 trained
Client 6 uploaded
Epoch(t): 251 accuracy: 83.12 loss 0.45930228918790816 run_time: 379.7130722999573
| current_epoch 252 |. Begin client select
SchedulerThread schedule Group [ 2 ], select( 10 clients):
26 | 28 | 41 | 42 | 45 | 48 | 56 | 61 | 64 | 71 |
-----------------------------------------------------------------Schedule complete
Client 61 trained
Client 61 uploaded
Client 56 trained
Client 56 uploaded
Client 42 trained
Client 42 uploaded
Client 26 trained
Client 26 uploaded
Client 64 trained
Client 64 uploaded
Client 48 trained
Client 48 uploaded
Client 71 trained
Client 71 uploaded
Client 28 trained
Client 28 uploaded
Client 41 trained
Client 45 trained
Client 41 uploaded
Client 45 uploaded
Epoch(t): 252 accuracy: 82.16 loss 0.47077285796403884 run_time: 380.992506980896
| current_epoch 253 |. Begin client select
SchedulerThread schedule Group [ 7 ], select( 15 clients):
1 | 5 | 8 | 22 | 34 | 37 | 39 | 44 | 54 | 59 | 62 | 83 | 85 | 91 | 94 |
-----------------------------------------------------------------Schedule complete
Client 1 trained
Client 1 uploaded
Client 85 trained
Client 85 uploaded
Client 94 trained
Client 94 uploaded
Client 83 trained
Client 83 uploaded
Client 8 trained
Client 8 uploaded
Client 62 trained
Client 44 trained
Client 62 uploaded
Client 44 uploaded
Client 54 trained
Client 54 uploaded
Client 91 trained
Client 91 uploaded
Client 39 trained
Client 39 uploaded
Client 59 trained
Client 59 uploaded
Client 34 trained
Client 34 uploaded
Client 37 trained
Client 37 uploaded
Client 22 trained
Client 22 uploaded
Client 5 trained
Client 5 uploaded
Epoch(t): 253 accuracy: 83.69 loss 0.4524873602390289 run_time: 382.59694743156433
| current_epoch 254 |. Begin client select
SchedulerThread schedule Group [ 8 ], select( 11 clients):
10 | 11 | 29 | 35 | 57 | 58 | 65 | 67 | 77 | 78 | 98 |
-----------------------------------------------------------------Schedule complete
Client 77 trained
Client 77 uploaded
Client 35 trained
Client 35 uploaded
Client 78 trained
Client 78 uploaded
Client 58 trained
Client 58 uploaded
Client 67 trained
Client 67 uploaded
Client 29 trained
Client 29 uploaded
Client 10 trained
Client 10 uploaded
Client 98 trained
Client 98 uploaded
Client 65 trained
Client 65 uploaded
Client 11 trained
Client 11 uploaded
Client 57 trained
Client 57 uploaded
Epoch(t): 254 accuracy: 83.65 loss 0.4496378865838051 run_time: 383.90684723854065
| current_epoch 255 |. Begin client select
SchedulerThread schedule Group [ 4 ], select( 10 clients):
0 | 14 | 17 | 30 | 32 | 66 | 70 | 76 | 92 | 96 |
-----------------------------------------------------------------Schedule complete
Client 14 trained
Client 14 uploaded
Client 30 trained
Client 30 uploaded
Client 70 trained
Client 70 uploaded
Client 0 trained
Client 0 uploaded
Client 66 trained
Client 66 uploaded
Client 32 trained
Client 32 uploaded
Client 17 trained
Client 17 uploaded
Client 96 trained
Client 96 uploaded
Client 92 trained
Client 92 uploaded
Client 76 trained
Client 76 uploaded
Epoch(t): 255 accuracy: 83.33 loss 0.4557353445887566 run_time: 385.1695432662964
| current_epoch 256 |. Begin client select
SchedulerThread schedule Group [ 5 ], select( 11 clients):
2 | 6 | 9 | 13 | 25 | 50 | 69 | 88 | 90 | 97 | 99 |
-----------------------------------------------------------------Schedule complete
Client 9 trained
Client 9 uploaded
Client 13 trained
Client 13 uploaded
Client 69 trained
Client 69 uploaded
Client 99 trained
Client 99 uploaded
Client 97 trained
Client 97 uploaded
Client 6 trained
Client 6 uploaded
Client 88 trained
Client 88 uploaded
Client 50 trained
Client 50 uploaded
Client 2 trained
Client 2 uploaded
Client 25 trained
Client 25 uploaded
Client 90 trained
Client 90 uploaded
Epoch(t): 256 accuracy: 83.5 loss 0.45168501675128936 run_time: 386.5599727630615
| current_epoch 257 |. Begin client select
SchedulerThread schedule Group [ 7 ], select( 15 clients):
1 | 5 | 8 | 22 | 34 | 37 | 39 | 44 | 54 | 59 | 62 | 83 | 85 | 91 | 94 |
-----------------------------------------------------------------Schedule complete
Client 1 trained
Client 1 uploaded
Client 94 trained
Client 94 uploaded
Client 85 trained
Client 85 uploaded
Client 83 trained
Client 83 uploaded
Client 8 trained
Client 8 uploaded
Client 44 trained
Client 44 uploaded
Client 62 trained
Client 62 uploaded
Client 91 trained
Client 91 uploaded
Client 54 trained
Client 39 trained
Client 54 uploaded
Client 39 uploaded
Client 59 trained
Client 59 uploaded
Client 34 trained
Client 34 uploaded
Client 37 trained
Client 37 uploaded
Client 22 trained
Client 22 uploaded
Client 5 trained
Client 5 uploaded
Epoch(t): 257 accuracy: 83.74 loss 0.44705710262060167 run_time: 388.1812448501587
| current_epoch 258 |. Begin client select
SchedulerThread schedule Group [ 0 ], select( 9 clients):
4 | 7 | 12 | 18 | 20 | 38 | 60 | 84 | 89 |
-----------------------------------------------------------------Schedule complete
Client 18 trained
Client 18 uploaded
Client 4 trained
Client 4 uploaded
Client 38 trained
Client 38 uploaded
Client 12 trained
Client 12 uploaded
Client 7 trained
Client 7 uploaded
Client 20 trained
Client 20 uploaded
Client 60 trained
Client 60 uploaded
Client 89 trained
Client 89 uploaded
Client 84 trained
Client 84 uploaded
Epoch(t): 258 accuracy: 79.91 loss 0.5102523136138916 run_time: 389.4791533946991
| current_epoch 259 |. Begin client select
SchedulerThread schedule Group [ 7 ], select( 15 clients):
1 | 5 | 8 | 22 | 34 | 37 | 39 | 44 | 54 | 59 | 62 | 83 | 85 | 91 | 94 |
-----------------------------------------------------------------Schedule complete
Client 1 trained
Client 1 uploaded
Client 94 trained
Client 94 uploaded
Client 85 trained
Client 85 uploaded
Client 83 trained
Client 83 uploaded
Client 8 trained
Client 8 uploaded
Client 91 trained
Client 91 uploaded
Client 62 trained
Client 62 uploaded
Client 44 trained
Client 44 uploaded
Client 39 trained
Client 39 uploaded
Client 54 trained
Client 54 uploaded
Client 34 trained
Client 34 uploaded
Client 59 trained
Client 59 uploaded
Client 37 trained
Client 37 uploaded
Client 5 trained
Client 5 uploaded
Client 22 trained
Client 22 uploaded
Epoch(t): 259 accuracy: 83.85 loss 0.4475537191331387 run_time: 391.0605585575104
| current_epoch 260 |. Begin client select
SchedulerThread schedule Group [ 9 ], select( 8 clients):
21 | 31 | 55 | 63 | 68 | 75 | 87 | 95 |
-----------------------------------------------------------------Schedule complete
Client 63 trained
Client 63 uploaded
Client 21 trained
Client 21 uploaded
Client 87 trained
Client 87 uploaded
Client 68 trained
Client 68 uploaded
Client 31 trained
Client 31 uploaded
Client 55 trained
Client 55 uploaded
Client 95 trained
Client 95 uploaded
Client 75 trained
Client 75 uploaded
Epoch(t): 260 accuracy: 83.66 loss 0.44971442997455596 run_time: 392.06583642959595
| current_epoch 261 |. Begin client select
SchedulerThread schedule Group [ 5 ], select( 11 clients):
2 | 6 | 9 | 13 | 25 | 50 | 69 | 88 | 90 | 97 | 99 |
-----------------------------------------------------------------Schedule complete
Client 9 trained
Client 9 uploaded
Client 13 trained
Client 13 uploaded
Client 69 trained
Client 69 uploaded
Client 99 trained
Client 99 uploaded
Client 97 trained
Client 97 uploaded
Client 88 trained
Client 88 uploaded
Client 2 trained
Client 2 uploaded
Client 50 trained
Client 50 uploaded
Client 25 trained
Client 25 uploaded
Client 6 trained
Client 90 trained
Client 6 uploaded
Client 90 uploaded
Epoch(t): 261 accuracy: 84.0 loss 0.4461696818470955 run_time: 393.4077184200287
| current_epoch 262 |. Begin client select
SchedulerThread schedule Group [ 7 ], select( 15 clients):
1 | 5 | 8 | 22 | 34 | 37 | 39 | 44 | 54 | 59 | 62 | 83 | 85 | 91 | 94 |
-----------------------------------------------------------------Schedule complete
Client 85 trained
Client 85 uploaded
Client 1 trained
Client 1 uploaded
Client 94 trained
Client 94 uploaded
Client 8 trained
Client 8 uploaded
Client 83 trained
Client 83 uploaded
Client 54 trained
Client 54 uploaded
Client 44 trained
Client 44 uploaded
Client 62 trained
Client 62 uploaded
Client 34 trained
Client 34 uploaded
Client 39 trained
Client 39 uploaded
Client 91 trained
Client 91 uploaded
Client 59 trained
Client 59 uploaded
Client 37 trained
Client 37 uploaded
Client 22 trained
Client 22 uploaded
Client 5 trained
Client 5 uploaded
Epoch(t): 262 accuracy: 83.99 loss 0.4466174528002739 run_time: 395.00665807724
| current_epoch 263 |. Begin client select
SchedulerThread schedule Group [ 3 ], select( 8 clients):
15 | 16 | 24 | 27 | 36 | 43 | 53 | 82 |
-----------------------------------------------------------------Schedule complete
Client 36 trained
Client 36 uploaded
Client 15 trained
Client 15 uploaded
Client 43 trained
Client 43 uploaded
Client 27 trained
Client 27 uploaded
Client 82 trained
Client 82 uploaded
Client 24 trained
Client 24 uploaded
Client 16 trained
Client 16 uploaded
Client 53 trained
Client 53 uploaded
Epoch(t): 263 accuracy: 81.31 loss 0.4868034127354622 run_time: 396.05652022361755
| current_epoch 264 |. Begin client select
SchedulerThread schedule Group [ 7 ], select( 15 clients):
1 | 5 | 8 | 22 | 34 | 37 | 39 | 44 | 54 | 59 | 62 | 83 | 85 | 91 | 94 |
-----------------------------------------------------------------Schedule complete
Client 85 trained
Client 85 uploaded
Client 94 trained
Client 94 uploaded
Client 1 trained
Client 1 uploaded
Client 8 trained
Client 8 uploaded
Client 83 trained
Client 83 uploaded
Client 62 trained
Client 62 uploaded
Client 44 trained
Client 44 uploaded
Client 39 trained
Client 39 uploaded
Client 91 trained
Client 91 uploaded
Client 54 trained
Client 54 uploaded
Client 59 trained
Client 59 uploaded
Client 34 trained
Client 34 uploaded
Client 37 trained
Client 37 uploaded
Client 22 trained
Client 22 uploaded
Client 5 trained
Client 5 uploaded
Epoch(t): 264 accuracy: 83.8 loss 0.4470252075791359 run_time: 397.6670444011688
| current_epoch 265 |. Begin client select
SchedulerThread schedule Group [ 8 ], select( 11 clients):
10 | 11 | 29 | 35 | 57 | 58 | 65 | 67 | 77 | 78 | 98 |
-----------------------------------------------------------------Schedule complete
Client 78 trained
Client 78 uploaded
Client 35 trained
Client 35 uploaded
Client 77 trained
Client 77 uploaded
Client 58 trained
Client 58 uploaded
Client 67 trained
Client 67 uploaded
Client 29 trained
Client 29 uploaded
Client 98 trained
Client 98 uploaded
Client 65 trained
Client 65 uploaded
Client 10 trained
Client 10 uploaded
Client 57 trained
Client 57 uploaded
Client 11 trained
Client 11 uploaded
Epoch(t): 265 accuracy: 83.94 loss 0.4442115594446659 run_time: 399.0542240142822
| current_epoch 266 |. Begin client select
SchedulerThread schedule Group [ 1 ], select( 10 clients):
3 | 19 | 40 | 47 | 49 | 52 | 72 | 73 | 79 | 80 |
-----------------------------------------------------------------Schedule complete
Client 40 trained
Client 40 uploaded
Client 3 trained
Client 3 uploaded
Client 49 trained
Client 49 uploaded
Client 80 trained
Client 80 uploaded
Client 73 trained
Client 73 uploaded
Client 72 trained
Client 72 uploaded
Client 52 trained
Client 19 trained
Client 52 uploaded
Client 19 uploaded
Client 47 trained
Client 47 uploaded
Client 79 trained
Client 79 uploaded
Epoch(t): 266 accuracy: 83.62 loss 0.4482807916402817 run_time: 400.33396673202515
| current_epoch 267 |. Begin client select
SchedulerThread schedule Group [ 2 ], select( 10 clients):
26 | 28 | 41 | 42 | 45 | 48 | 56 | 61 | 64 | 71 |
-----------------------------------------------------------------Schedule complete
Client 56 trained
Client 56 uploaded
Client 26 trained
Client 26 uploaded
Client 64 trained
Client 64 uploaded
Client 42 trained
Client 42 uploaded
Client 61 trained
Client 61 uploaded
Client 41 trained
Client 41 uploaded
Client 45 trained
Client 45 uploaded
Client 28 trained
Client 28 uploaded
Client 71 trained
Client 71 uploaded
Client 48 trained
Client 48 uploaded
Epoch(t): 267 accuracy: 82.36 loss 0.468617944419384 run_time: 401.6048948764801
| current_epoch 268 |. Begin client select
SchedulerThread schedule Group [ 5 ], select( 11 clients):
2 | 6 | 9 | 13 | 25 | 50 | 69 | 88 | 90 | 97 | 99 |
-----------------------------------------------------------------Schedule complete
Client 9 trained
Client 9 uploaded
Client 13 trained
Client 13 uploaded
Client 99 trained
Client 99 uploaded
Client 69 trained
Client 69 uploaded
Client 88 trained
Client 88 uploaded
Client 97 trained
Client 97 uploaded
Client 2 trained
Client 2 uploaded
Client 50 trained
Client 50 uploaded
Client 6 trained
Client 25 trained
Client 6 uploaded
Client 25 uploaded
Client 90 trained
Client 90 uploaded
Epoch(t): 268 accuracy: 84.2 loss 0.4436489084362984 run_time: 403.0199205875397
| current_epoch 269 |. Begin client select
SchedulerThread schedule Group [ 7 ], select( 15 clients):
1 | 5 | 8 | 22 | 34 | 37 | 39 | 44 | 54 | 59 | 62 | 83 | 85 | 91 | 94 |
-----------------------------------------------------------------Schedule complete
Client 85 trained
Client 85 uploaded
Client 1 trained
Client 1 uploaded
Client 94 trained
Client 94 uploaded
Client 8 trained
Client 8 uploaded
Client 83 trained
Client 83 uploaded
Client 62 trained
Client 62 uploaded
Client 44 trained
Client 44 uploaded
Client 54 trained
Client 54 uploaded
Client 91 trained
Client 91 uploaded
Client 39 trained
Client 39 uploaded
Client 59 trained
Client 59 uploaded
Client 34 trained
Client 34 uploaded
Client 37 trained
Client 37 uploaded
Client 22 trained
Client 22 uploaded
Client 5 trained
Client 5 uploaded
Epoch(t): 269 accuracy: 84.11 loss 0.44097723335027694 run_time: 404.70394015312195
| current_epoch 270 |. Begin client select
SchedulerThread schedule Group [ 4 ], select( 10 clients):
0 | 14 | 17 | 30 | 32 | 66 | 70 | 76 | 92 | 96 |
-----------------------------------------------------------------Schedule complete
Client 30 trained
Client 30 uploaded
Client 70 trained
Client 70 uploaded
Client 14 trained
Client 14 uploaded
Client 66 trained
Client 66 uploaded
Client 0 trained
Client 0 uploaded
Client 32 trained
Client 32 uploaded
Client 17 trained
Client 17 uploaded
Client 96 trained
Client 96 uploaded
Client 76 trained
Client 76 uploaded
Client 92 trained
Client 92 uploaded
Epoch(t): 270 accuracy: 83.43 loss 0.45246833950281146 run_time: 406.0057010650635
| current_epoch 271 |. Begin client select
SchedulerThread schedule Group [ 6 ], select( 8 clients):
23 | 33 | 46 | 51 | 74 | 81 | 86 | 93 |
-----------------------------------------------------------------Schedule complete
Client 23 trained
Client 23 uploaded
Client 33 trained
Client 33 uploaded
Client 46 trained
Client 46 uploaded
Client 74 trained
Client 74 uploaded
Client 86 trained
Client 86 uploaded
Client 81 trained
Client 81 uploaded
Client 51 trained
Client 51 uploaded
Client 93 trained
Client 93 uploaded
Epoch(t): 271 accuracy: 82.59 loss 0.47377966046333314 run_time: 407.1458582878113
| current_epoch 272 |. Begin client select
SchedulerThread schedule Group [ 7 ], select( 15 clients):
1 | 5 | 8 | 22 | 34 | 37 | 39 | 44 | 54 | 59 | 62 | 83 | 85 | 91 | 94 |
-----------------------------------------------------------------Schedule complete
Client 85 trained
Client 85 uploaded
Client 1 trained
Client 1 uploaded
Client 94 trained
Client 94 uploaded
Client 8 trained
Client 8 uploaded
Client 83 trained
Client 83 uploaded
Client 62 trained
Client 62 uploaded
Client 44 trained
Client 44 uploaded
Client 54 trained
Client 54 uploaded
Client 39 trained
Client 39 uploaded
Client 91 trained
Client 91 uploaded
Client 59 trained
Client 59 uploaded
Client 34 trained
Client 34 uploaded
Client 37 trained
Client 37 uploaded
Client 22 trained
Client 22 uploaded
Client 5 trained
Client 5 uploaded
Epoch(t): 272 accuracy: 84.27 loss 0.4371650421619415 run_time: 408.7517206668854
| current_epoch 273 |. Begin client select
SchedulerThread schedule Group [ 5 ], select( 11 clients):
2 | 6 | 9 | 13 | 25 | 50 | 69 | 88 | 90 | 97 | 99 |
-----------------------------------------------------------------Schedule complete
Client 13 trained
Client 13 uploaded
Client 9 trained
Client 9 uploaded
Client 99 trained
Client 99 uploaded
Client 69 trained
Client 69 uploaded
Client 97 trained
Client 97 uploaded
Client 88 trained
Client 88 uploaded
Client 2 trained
Client 2 uploaded
Client 25 trained
Client 25 uploaded
Client 50 trained
Client 50 uploaded
Client 6 trained
Client 6 uploaded
Client 90 trained
Client 90 uploaded
Epoch(t): 273 accuracy: 84.14 loss 0.44213628977537156 run_time: 410.13761711120605
| current_epoch 274 |. Begin client select
SchedulerThread schedule Group [ 0 ], select( 9 clients):
4 | 7 | 12 | 18 | 20 | 38 | 60 | 84 | 89 |
-----------------------------------------------------------------Schedule complete
Client 4 trained
Client 4 uploaded
Client 18 trained
Client 18 uploaded
Client 38 trained
Client 38 uploaded
Client 12 trained
Client 12 uploaded
Client 7 trained
Client 7 uploaded
Client 20 trained
Client 20 uploaded
Client 89 trained
Client 89 uploaded
Client 60 trained
Client 60 uploaded
Client 84 trained
Client 84 uploaded
Epoch(t): 274 accuracy: 81.36 loss 0.4823483446240425 run_time: 411.39698815345764
| current_epoch 275 |. Begin client select
SchedulerThread schedule Group [ 7 ], select( 15 clients):
1 | 5 | 8 | 22 | 34 | 37 | 39 | 44 | 54 | 59 | 62 | 83 | 85 | 91 | 94 |
-----------------------------------------------------------------Schedule complete
Client 1 trained
Client 1 uploaded
Client 85 trained
Client 85 uploaded
Client 94 trained
Client 94 uploaded
Client 83 trained
Client 83 uploaded
Client 8 trained
Client 8 uploaded
Client 62 trained
Client 62 uploaded
Client 44 trained
Client 44 uploaded
Client 39 trained
Client 39 uploaded
Client 91 trained
Client 91 uploaded
Client 54 trained
Client 54 uploaded
Client 59 trained
Client 59 uploaded
Client 34 trained
Client 34 uploaded
Client 37 trained
Client 37 uploaded
Client 22 trained
Client 22 uploaded
Client 5 trained
Client 5 uploaded
Epoch(t): 275 accuracy: 84.12 loss 0.4395245358347893 run_time: 413.0643539428711
| current_epoch 276 |. Begin client select
SchedulerThread schedule Group [ 8 ], select( 11 clients):
10 | 11 | 29 | 35 | 57 | 58 | 65 | 67 | 77 | 78 | 98 |
-----------------------------------------------------------------Schedule complete
Client 77 trained
Client 77 uploaded
Client 78 trained
Client 78 uploaded
Client 35 trained
Client 35 uploaded
Client 58 trained
Client 58 uploaded
Client 67 trained
Client 67 uploaded
Client 29 trained
Client 29 uploaded
Client 98 trained
Client 98 uploaded
Client 65 trained
Client 65 uploaded
Client 57 trained
Client 57 uploaded
Client 10 trained
Client 10 uploaded
Client 11 trained
Client 11 uploaded
Epoch(t): 276 accuracy: 84.37 loss 0.4347079277038574 run_time: 414.4638879299164
| current_epoch 277 |. Begin client select
SchedulerThread schedule Group [ 7 ], select( 15 clients):
1 | 5 | 8 | 22 | 34 | 37 | 39 | 44 | 54 | 59 | 62 | 83 | 85 | 91 | 94 |
-----------------------------------------------------------------Schedule complete
Client 85 trained
Client 85 uploaded
Client 1 trained
Client 1 uploaded
Client 94 trained
Client 94 uploaded
Client 8 trained
Client 8 uploaded
Client 44 trained
Client 44 uploaded
Client 83 trained
Client 83 uploaded
Client 62 trained
Client 62 uploaded
Client 54 trained
Client 54 uploaded
Client 91 trained
Client 91 uploaded
Client 39 trained
Client 39 uploaded
Client 59 trained
Client 59 uploaded
Client 34 trained
Client 34 uploaded
Client 37 trained
Client 37 uploaded
Client 22 trained
Client 22 uploaded
Client 5 trained
Client 5 uploaded
Epoch(t): 277 accuracy: 84.23 loss 0.4360343649983406 run_time: 416.13704228401184
| current_epoch 278 |. Begin client select
SchedulerThread schedule Group [ 5 ], select( 11 clients):
2 | 6 | 9 | 13 | 25 | 50 | 69 | 88 | 90 | 97 | 99 |
-----------------------------------------------------------------Schedule complete
Client 9 trained
Client 9 uploaded
Client 13 trained
Client 13 uploaded
Client 99 trained
Client 99 uploaded
Client 69 trained
Client 69 uploaded
Client 97 trained
Client 97 uploaded
Client 88 trained
Client 88 uploaded
Client 6 trained
Client 6 uploaded
Client 25 trained
Client 25 uploaded
Client 50 trained
Client 50 uploaded
Client 2 trained
Client 2 uploaded
Client 90 trained
Client 90 uploaded
Epoch(t): 278 accuracy: 84.27 loss 0.4386077171564102 run_time: 417.5925877094269
| current_epoch 279 |. Begin client select
SchedulerThread schedule Group [ 7 ], select( 15 clients):
1 | 5 | 8 | 22 | 34 | 37 | 39 | 44 | 54 | 59 | 62 | 83 | 85 | 91 | 94 |
-----------------------------------------------------------------Schedule complete
Client 85 trained
Client 85 uploaded
Client 1 trained
Client 1 uploaded
Client 94 trained
Client 94 uploaded
Client 8 trained
Client 8 uploaded
Client 83 trained
Client 83 uploaded
Client 62 trained
Client 62 uploaded
Client 44 trained
Client 44 uploaded
Client 54 trained
Client 39 trained
Client 54 uploaded
Client 39 uploaded
Client 91 trained
Client 91 uploaded
Client 59 trained
Client 59 uploaded
Client 34 trained
Client 34 uploaded
Client 37 trained
Client 37 uploaded
Client 22 trained
Client 22 uploaded
Client 5 trained
Client 5 uploaded
Epoch(t): 279 accuracy: 84.34 loss 0.43421907603740695 run_time: 419.26779103279114
| current_epoch 280 |. Begin client select
SchedulerThread schedule Group [ 7 ], select( 15 clients):
1 | 5 | 8 | 22 | 34 | 37 | 39 | 44 | 54 | 59 | 62 | 83 | 85 | 91 | 94 |
-----------------------------------------------------------------Schedule complete
Client 1 trained
Client 1 uploaded
Client 85 trained
Client 85 uploaded
Client 94 trained
Client 94 uploaded
Client 83 trained
Client 83 uploaded
Client 8 trained
Client 8 uploaded
Client 62 trained
Client 62 uploaded
Client 44 trained
Client 44 uploaded
Client 39 trained
Client 39 uploaded
Client 91 trained
Client 91 uploaded
Client 54 trained
Client 54 uploaded
Client 59 trained
Client 59 uploaded
Client 5 trained
Client 5 uploaded
Client 34 trained
Client 34 uploaded
Client 37 trained
Client 37 uploaded
Client 22 trained
Client 22 uploaded
Epoch(t): 280 accuracy: 84.23 loss 0.43814808160066604 run_time: 420.82593846321106
| current_epoch 281 |. Begin client select
SchedulerThread schedule Group [ 1 ], select( 10 clients):
3 | 19 | 40 | 47 | 49 | 52 | 72 | 73 | 79 | 80 |
-----------------------------------------------------------------Schedule complete
Client 3 trained
Client 3 uploaded
Client 40 trained
Client 40 uploaded
Client 49 trained
Client 49 uploaded
Client 72 trained
Client 72 uploaded
Client 80 trained
Client 80 uploaded
Client 19 trained
Client 19 uploaded
Client 52 trained
Client 52 uploaded
Client 79 trained
Client 79 uploaded
Client 47 trained
Client 47 uploaded
Client 73 trained
Client 73 uploaded
Epoch(t): 281 accuracy: 84.04 loss 0.44023923635482787 run_time: 421.97885298728943
| current_epoch 282 |. Begin client select
SchedulerThread schedule Group [ 2 ], select( 10 clients):
26 | 28 | 41 | 42 | 45 | 48 | 56 | 61 | 64 | 71 |
-----------------------------------------------------------------Schedule complete
Client 61 trained
Client 61 uploaded
Client 42 trained
Client 42 uploaded
Client 26 trained
Client 26 uploaded
Client 64 trained
Client 64 uploaded
Client 56 trained
Client 56 uploaded
Client 45 trained
Client 45 uploaded
Client 71 trained
Client 71 uploaded
Client 28 trained
Client 28 uploaded
Client 41 trained
Client 41 uploaded
Client 48 trained
Client 48 uploaded
Epoch(t): 282 accuracy: 83.11 loss 0.45593062311410903 run_time: 423.2771158218384
| current_epoch 283 |. Begin client select
SchedulerThread schedule Group [ 5 ], select( 11 clients):
2 | 6 | 9 | 13 | 25 | 50 | 69 | 88 | 90 | 97 | 99 |
-----------------------------------------------------------------Schedule complete
Client 13 trained
Client 13 uploaded
Client 9 trained
Client 9 uploaded
Client 99 trained
Client 99 uploaded
Client 69 trained
Client 69 uploaded
Client 97 trained
Client 97 uploaded
Client 88 trained
Client 88 uploaded
Client 50 trained
Client 50 uploaded
Client 90 trained
Client 90 uploaded
Client 2 trained
Client 2 uploaded
Client 6 trained
Client 6 uploaded
Client 25 trained
Client 25 uploaded
Epoch(t): 283 accuracy: 83.94 loss 0.44235450997948644 run_time: 424.6808547973633
| current_epoch 284 |. Begin client select
SchedulerThread schedule Group [ 4 ], select( 10 clients):
0 | 14 | 17 | 30 | 32 | 66 | 70 | 76 | 92 | 96 |
-----------------------------------------------------------------Schedule complete
Client 30 trained
Client 30 uploaded
Client 14 trained
Client 14 uploaded
Client 70 trained
Client 70 uploaded
Client 32 trained
Client 32 uploaded
Client 66 trained
Client 66 uploaded
Client 0 trained
Client 0 uploaded
Client 17 trained
Client 17 uploaded
Client 92 trained
Client 92 uploaded
Client 96 trained
Client 96 uploaded
Client 76 trained
Client 76 uploaded
Epoch(t): 284 accuracy: 83.34 loss 0.44944811522960665 run_time: 425.8619132041931
| current_epoch 285 |. Begin client select
SchedulerThread schedule Group [ 7 ], select( 15 clients):
1 | 5 | 8 | 22 | 34 | 37 | 39 | 44 | 54 | 59 | 62 | 83 | 85 | 91 | 94 |
-----------------------------------------------------------------Schedule complete
Client 85 trained
Client 85 uploaded
Client 1 trained
Client 1 uploaded
Client 94 trained
Client 94 uploaded
Client 8 trained
Client 8 uploaded
Client 83 trained
Client 83 uploaded
Client 44 trained
Client 44 uploaded
Client 62 trained
Client 62 uploaded
Client 91 trained
Client 91 uploaded
Client 54 trained
Client 54 uploaded
Client 39 trained
Client 39 uploaded
Client 59 trained
Client 59 uploaded
Client 34 trained
Client 34 uploaded
Client 37 trained
Client 37 uploaded
Client 22 trained
Client 22 uploaded
Client 5 trained
Client 5 uploaded
Epoch(t): 285 accuracy: 84.42 loss 0.43377136409282685 run_time: 427.4396867752075
| current_epoch 286 |. Begin client select
SchedulerThread schedule Group [ 5 ], select( 11 clients):
2 | 6 | 9 | 13 | 25 | 50 | 69 | 88 | 90 | 97 | 99 |
-----------------------------------------------------------------Schedule complete
Client 9 trained
Client 9 uploaded
Client 13 trained
Client 13 uploaded
Client 99 trained
Client 99 uploaded
Client 69 trained
Client 69 uploaded
Client 2 trained
Client 2 uploaded
Client 97 trained
Client 97 uploaded
Client 88 trained
Client 88 uploaded
Client 6 trained
Client 6 uploaded
Client 50 trained
Client 50 uploaded
Client 25 trained
Client 25 uploaded
Client 90 trained
Client 90 uploaded
Epoch(t): 286 accuracy: 84.15 loss 0.43794410601258277 run_time: 428.8674304485321
| current_epoch 287 |. Begin client select
SchedulerThread schedule Group [ 7 ], select( 15 clients):
1 | 5 | 8 | 22 | 34 | 37 | 39 | 44 | 54 | 59 | 62 | 83 | 85 | 91 | 94 |
-----------------------------------------------------------------Schedule complete
Client 85 trained
Client 85 uploaded
Client 1 trained
Client 1 uploaded
Client 94 trained
Client 94 uploaded
Client 8 trained
Client 8 uploaded
Client 83 trained
Client 83 uploaded
Client 44 trained
Client 44 uploaded
Client 62 trained
Client 62 uploaded
Client 91 trained
Client 91 uploaded
Client 54 trained
Client 54 uploaded
Client 39 trained
Client 39 uploaded
Client 59 trained
Client 59 uploaded
Client 34 trained
Client 34 uploaded
Client 22 trained
Client 22 uploaded
Client 37 trained
Client 37 uploaded
Client 5 trained
Client 5 uploaded
Epoch(t): 287 accuracy: 84.39 loss 0.43197186082601546 run_time: 430.5158612728119
| current_epoch 288 |. Begin client select
SchedulerThread schedule Group [ 8 ], select( 11 clients):
10 | 11 | 29 | 35 | 57 | 58 | 65 | 67 | 77 | 78 | 98 |
-----------------------------------------------------------------Schedule complete
Client 35 trained
Client 35 uploaded
Client 78 trained
Client 78 uploaded
Client 77 trained
Client 77 uploaded
Client 58 trained
Client 58 uploaded
Client 67 trained
Client 67 uploaded
Client 29 trained
Client 29 uploaded
Client 98 trained
Client 98 uploaded
Client 65 trained
Client 65 uploaded
Client 11 trained
Client 11 uploaded
Client 57 trained
Client 57 uploaded
Client 10 trained
Client 10 uploaded
Epoch(t): 288 accuracy: 84.14 loss 0.4350354492664337 run_time: 431.88018703460693
| current_epoch 289 |. Begin client select
SchedulerThread schedule Group [ 0 ], select( 9 clients):
4 | 7 | 12 | 18 | 20 | 38 | 60 | 84 | 89 |
-----------------------------------------------------------------Schedule complete
Client 4 trained
Client 4 uploaded
Client 18 trained
Client 18 uploaded
Client 7 trained
Client 7 uploaded
Client 38 trained
Client 38 uploaded
Client 12 trained
Client 12 uploaded
Client 20 trained
Client 20 uploaded
Client 84 trained
Client 84 uploaded
Client 89 trained
Client 89 uploaded
Client 60 trained
Client 60 uploaded
Epoch(t): 289 accuracy: 82.23 loss 0.4723471820354462 run_time: 433.1662721633911
| current_epoch 290 |. Begin client select
SchedulerThread schedule Group [ 9 ], select( 8 clients):
21 | 31 | 55 | 63 | 68 | 75 | 87 | 95 |
-----------------------------------------------------------------Schedule complete
Client 63 trained
Client 63 uploaded
Client 68 trained
Client 68 uploaded
Client 87 trained
Client 87 uploaded
Client 21 trained
Client 21 uploaded
Client 31 trained
Client 31 uploaded
Client 55 trained
Client 55 uploaded
Client 95 trained
Client 95 uploaded
Client 75 trained
Client 75 uploaded
Epoch(t): 290 accuracy: 83.57 loss 0.442862411737442 run_time: 434.200870513916
| current_epoch 291 |. Begin client select
SchedulerThread schedule Group [ 5 ], select( 11 clients):
2 | 6 | 9 | 13 | 25 | 50 | 69 | 88 | 90 | 97 | 99 |
-----------------------------------------------------------------Schedule complete
Client 9 trained
Client 9 uploaded
Client 13 trained
Client 13 uploaded
Client 99 trained
Client 99 uploaded
Client 69 trained
Client 69 uploaded
Client 97 trained
Client 97 uploaded
Client 88 trained
Client 88 uploaded
Client 25 trained
Client 25 uploaded
Client 2 trained
Client 2 uploaded
Client 90 trained
Client 90 uploaded
Client 50 trained
Client 50 uploaded
Client 6 trained
Client 6 uploaded
Epoch(t): 291 accuracy: 84.24 loss 0.43677738279104233 run_time: 435.52763652801514
| current_epoch 292 |. Begin client select
SchedulerThread schedule Group [ 7 ], select( 15 clients):
1 | 5 | 8 | 22 | 34 | 37 | 39 | 44 | 54 | 59 | 62 | 83 | 85 | 91 | 94 |
-----------------------------------------------------------------Schedule complete
Client 85 trained
Client 85 uploaded
Client 1 trained
Client 1 uploaded
Client 94 trained
Client 94 uploaded
Client 83 trained
Client 83 uploaded
Client 44 trained
Client 44 uploaded
Client 8 trained
Client 8 uploaded
Client 39 trained
Client 39 uploaded
Client 62 trained
Client 62 uploaded
Client 91 trained
Client 91 uploaded
Client 54 trained
Client 54 uploaded
Client 59 trained
Client 59 uploaded
Client 34 trained
Client 34 uploaded
Client 37 trained
Client 37 uploaded
Client 5 trained
Client 5 uploaded
Client 22 trained
Client 22 uploaded
Epoch(t): 292 accuracy: 84.65 loss 0.42853983759880065 run_time: 437.155793428421
| current_epoch 293 |. Begin client select
SchedulerThread schedule Group [ 3 ], select( 8 clients):
15 | 16 | 24 | 27 | 36 | 43 | 53 | 82 |
-----------------------------------------------------------------Schedule complete
Client 27 trained
Client 27 uploaded
Client 36 trained
Client 36 uploaded
Client 15 trained
Client 15 uploaded
Client 82 trained
Client 82 uploaded
Client 43 trained
Client 43 uploaded
Client 24 trained
Client 24 uploaded
Client 16 trained
Client 16 uploaded
Client 53 trained
Client 53 uploaded
Epoch(t): 293 accuracy: 80.98 loss 0.49080852419137955 run_time: 438.2377812862396
| current_epoch 294 |. Begin client select
SchedulerThread schedule Group [ 7 ], select( 15 clients):
1 | 5 | 8 | 22 | 34 | 37 | 39 | 44 | 54 | 59 | 62 | 83 | 85 | 91 | 94 |
-----------------------------------------------------------------Schedule complete
Client 1 trained
Client 1 uploaded
Client 85 trained
Client 94 trained
Client 85 uploaded
Client 94 uploaded
Client 83 trained
Client 83 uploaded
Client 8 trained
Client 8 uploaded
Client 44 trained
Client 44 uploaded
Client 62 trained
Client 62 uploaded
Client 54 trained
Client 54 uploaded
Client 39 trained
Client 91 trained
Client 39 uploaded
Client 91 uploaded
Client 59 trained
Client 59 uploaded
Client 34 trained
Client 34 uploaded
Client 22 trained
Client 22 uploaded
Client 37 trained
Client 37 uploaded
Client 5 trained
Client 5 uploaded
Epoch(t): 294 accuracy: 84.54 loss 0.43096557676792147 run_time: 439.8911843299866
| current_epoch 295 |. Begin client select
SchedulerThread schedule Group [ 5 ], select( 11 clients):
2 | 6 | 9 | 13 | 25 | 50 | 69 | 88 | 90 | 97 | 99 |
-----------------------------------------------------------------Schedule complete
Client 13 trained
Client 13 uploaded
Client 9 trained
Client 9 uploaded
Client 99 trained
Client 99 uploaded
Client 69 trained
Client 69 uploaded
Client 97 trained
Client 97 uploaded
Client 88 trained
Client 88 uploaded
Client 2 trained
Client 2 uploaded
Client 6 trained
Client 6 uploaded
Client 50 trained
Client 50 uploaded
Client 90 trained
Client 90 uploaded
Client 25 trained
Client 25 uploaded
Epoch(t): 295 accuracy: 84.52 loss 0.4306245802342892 run_time: 441.39694690704346
| current_epoch 296 |. Begin client select
SchedulerThread schedule Group [ 6 ], select( 8 clients):
23 | 33 | 46 | 51 | 74 | 81 | 86 | 93 |
-----------------------------------------------------------------Schedule complete
Client 23 trained
Client 23 uploaded
Client 33 trained
Client 33 uploaded
Client 46 trained
Client 46 uploaded
Client 74 trained
Client 74 uploaded
Client 86 trained
Client 86 uploaded
Client 81 trained
Client 81 uploaded
Client 93 trained
Client 93 uploaded
Client 51 trained
Client 51 uploaded
Epoch(t): 296 accuracy: 82.99 loss 0.4639413410425186 run_time: 442.44665265083313
| current_epoch 297 |. Begin client select
SchedulerThread schedule Group [ 7 ], select( 15 clients):
1 | 5 | 8 | 22 | 34 | 37 | 39 | 44 | 54 | 59 | 62 | 83 | 85 | 91 | 94 |
-----------------------------------------------------------------Schedule complete
Client 85 trained
Client 85 uploaded
Client 1 trained
Client 1 uploaded
Client 94 trained
Client 94 uploaded
Client 8 trained
Client 8 uploaded
Client 83 trained
Client 83 uploaded
Client 62 trained
Client 62 uploaded
Client 44 trained
Client 44 uploaded
Client 54 trained
Client 54 uploaded
Client 39 trained
Client 39 uploaded
Client 91 trained
Client 91 uploaded
Client 59 trained
Client 59 uploaded
Client 34 trained
Client 34 uploaded
Client 22 trained
Client 22 uploaded
Client 37 trained
Client 37 uploaded
Client 5 trained
Client 5 uploaded
Epoch(t): 297 accuracy: 84.61 loss 0.4288295356929302 run_time: 444.03927516937256
| current_epoch 298 |. Begin client select
SchedulerThread schedule Group [ 1 ], select( 10 clients):
3 | 19 | 40 | 47 | 49 | 52 | 72 | 73 | 79 | 80 |
-----------------------------------------------------------------Schedule complete
Client 40 trained
Client 40 uploaded
Client 49 trained
Client 49 uploaded
Client 3 trained
Client 3 uploaded
Client 80 trained
Client 80 uploaded
Client 72 trained
Client 72 uploaded
Client 73 trained
Client 73 uploaded
Client 52 trained
Client 52 uploaded
Client 47 trained
Client 47 uploaded
Client 19 trained
Client 19 uploaded
Client 79 trained
Client 79 uploaded
Epoch(t): 298 accuracy: 84.58 loss 0.4290077565610409 run_time: 445.30744099617004
| current_epoch 299 |. Begin client select
SchedulerThread schedule Group [ 2 ], select( 10 clients):
26 | 28 | 41 | 42 | 45 | 48 | 56 | 61 | 64 | 71 |
-----------------------------------------------------------------Schedule complete
Client 42 trained
Client 42 uploaded
Client 64 trained
Client 64 uploaded
Client 26 trained
Client 26 uploaded
Client 56 trained
Client 56 uploaded
Client 61 trained
Client 61 uploaded
Client 45 trained
Client 45 uploaded
Client 71 trained
Client 71 uploaded
Client 48 trained
Client 48 uploaded
Client 41 trained
Client 41 uploaded
Client 28 trained
Client 28 uploaded
Epoch(t): 299 accuracy: 83.74 loss 0.4415490275621414 run_time: 446.5959098339081
| current_epoch 300 |. Begin client select
SchedulerThread schedule Group [ 4 ], select( 10 clients):
0 | 14 | 17 | 30 | 32 | 66 | 70 | 76 | 92 | 96 |
-----------------------------------------------------------------Schedule complete
Client 30 trained
Client 30 uploaded
Client 70 trained
Client 70 uploaded
Client 14 trained
Client 14 uploaded
Client 66 trained
Client 66 uploaded
Client 32 trained
Client 32 uploaded
Client 0 trained
Client 0 uploaded
Client 17 trained
Client 17 uploaded
Client 96 trained
Client 96 uploaded
Client 76 trained
Client 76 uploaded
Client 92 trained
Client 92 uploaded
Epoch(t): 300 accuracy: 84.17 loss 0.4335133957862854 run_time: 447.7821342945099
| current_epoch 301 |. Begin client select
SchedulerThread schedule Group [ 5 ], select( 11 clients):
2 | 6 | 9 | 13 | 25 | 50 | 69 | 88 | 90 | 97 | 99 |
-----------------------------------------------------------------Schedule complete
Client 9 trained
Client 9 uploaded
Client 13 trained
Client 13 uploaded
Client 99 trained
Client 99 uploaded
Client 69 trained
Client 69 uploaded
Client 97 trained
Client 97 uploaded
Client 88 trained
Client 88 uploaded
Client 25 trained
Client 25 uploaded
Client 50 trained
Client 50 uploaded
Client 2 trained
Client 2 uploaded
Client 6 trained
Client 6 uploaded
Client 90 trained
Client 90 uploaded
Epoch(t): 301 accuracy: 84.56 loss 0.4275558412075043 run_time: 449.21311926841736
| current_epoch 302 |. Begin client select
SchedulerThread schedule Group [ 7 ], select( 15 clients):
1 | 5 | 8 | 22 | 34 | 37 | 39 | 44 | 54 | 59 | 62 | 83 | 85 | 91 | 94 |
-----------------------------------------------------------------Schedule complete
Client 1 trained
Client 1 uploaded
Client 85 trained
Client 85 uploaded
Client 94 trained
Client 94 uploaded
Client 83 trained
Client 83 uploaded
Client 8 trained
Client 8 uploaded
Client 62 trained
Client 62 uploaded
Client 44 trained
Client 44 uploaded
Client 59 trained
Client 59 uploaded
Client 54 trained
Client 54 uploaded
Client 39 trained
Client 39 uploaded
Client 91 trained
Client 91 uploaded
Client 34 trained
Client 34 uploaded
Client 22 trained
Client 22 uploaded
Client 37 trained
Client 37 uploaded
Client 5 trained
Client 5 uploaded
Epoch(t): 302 accuracy: 84.84 loss 0.42364141792058946 run_time: 450.8665370941162
| current_epoch 303 |. Begin client select
SchedulerThread schedule Group [ 8 ], select( 11 clients):
10 | 11 | 29 | 35 | 57 | 58 | 65 | 67 | 77 | 78 | 98 |
-----------------------------------------------------------------Schedule complete
Client 35 trained
Client 35 uploaded
Client 78 trained
Client 78 uploaded
Client 77 trained
Client 77 uploaded
Client 29 trained
Client 29 uploaded
Client 58 trained
Client 58 uploaded
Client 67 trained
Client 67 uploaded
Client 98 trained
Client 98 uploaded
Client 65 trained
Client 65 uploaded
Client 11 trained
Client 11 uploaded
Client 57 trained
Client 57 uploaded
Client 10 trained
Client 10 uploaded
Epoch(t): 303 accuracy: 84.61 loss 0.42230729043483733 run_time: 452.28052520751953
| current_epoch 304 |. Begin client select
SchedulerThread schedule Group [ 5 ], select( 11 clients):
2 | 6 | 9 | 13 | 25 | 50 | 69 | 88 | 90 | 97 | 99 |
-----------------------------------------------------------------Schedule complete
Client 9 trained
Client 9 uploaded
Client 13 trained
Client 13 uploaded
Client 99 trained
Client 99 uploaded
Client 69 trained
Client 69 uploaded
Client 97 trained
Client 97 uploaded
Client 88 trained
Client 88 uploaded
Client 25 trained
Client 25 uploaded
Client 6 trained
Client 6 uploaded
Client 2 trained
Client 2 uploaded
Client 90 trained
Client 90 uploaded
Client 50 trained
Client 50 uploaded
Epoch(t): 304 accuracy: 84.62 loss 0.4250075888633728 run_time: 453.6920199394226
| current_epoch 305 |. Begin client select
SchedulerThread schedule Group [ 7 ], select( 15 clients):
1 | 5 | 8 | 22 | 34 | 37 | 39 | 44 | 54 | 59 | 62 | 83 | 85 | 91 | 94 |
-----------------------------------------------------------------Schedule complete
Client 85 trained
Client 85 uploaded
Client 1 trained
Client 1 uploaded
Client 94 trained
Client 94 uploaded
Client 8 trained
Client 8 uploaded
Client 83 trained
Client 83 uploaded
Client 44 trained
Client 44 uploaded
Client 62 trained
Client 62 uploaded
Client 39 trained
Client 39 uploaded
Client 54 trained
Client 54 uploaded
Client 91 trained
Client 91 uploaded
Client 34 trained
Client 34 uploaded
Client 59 trained
Client 59 uploaded
Client 37 trained
Client 37 uploaded
Client 22 trained
Client 22 uploaded
Client 5 trained
Client 5 uploaded
Epoch(t): 305 accuracy: 84.8 loss 0.42415247946977613 run_time: 455.40585017204285
| current_epoch 306 |. Begin client select
SchedulerThread schedule Group [ 0 ], select( 9 clients):
4 | 7 | 12 | 18 | 20 | 38 | 60 | 84 | 89 |
-----------------------------------------------------------------Schedule complete
Client 4 trained
Client 4 uploaded
Client 18 trained
Client 18 uploaded
Client 38 trained
Client 38 uploaded
Client 12 trained
Client 12 uploaded
Client 7 trained
Client 7 uploaded
Client 20 trained
Client 20 uploaded
Client 89 trained
Client 89 uploaded
Client 84 trained
Client 84 uploaded
Client 60 trained
Client 60 uploaded
Epoch(t): 306 accuracy: 81.8 loss 0.4733802232146263 run_time: 456.6124575138092
| current_epoch 307 |. Begin client select
SchedulerThread schedule Group [ 7 ], select( 15 clients):
1 | 5 | 8 | 22 | 34 | 37 | 39 | 44 | 54 | 59 | 62 | 83 | 85 | 91 | 94 |
-----------------------------------------------------------------Schedule complete
Client 85 trained
Client 85 uploaded
Client 1 trained
Client 1 uploaded
Client 94 trained
Client 94 uploaded
Client 8 trained
Client 8 uploaded
Client 83 trained
Client 83 uploaded
Client 62 trained
Client 62 uploaded
Client 44 trained
Client 44 uploaded
Client 39 trained
Client 39 uploaded
Client 54 trained
Client 54 uploaded
Client 91 trained
Client 91 uploaded
Client 59 trained
Client 59 uploaded
Client 34 trained
Client 34 uploaded
Client 37 trained
Client 37 uploaded
Client 5 trained
Client 5 uploaded
Client 22 trained
Client 22 uploaded
Epoch(t): 307 accuracy: 84.73 loss 0.4242150175571442 run_time: 458.2433023452759
| current_epoch 308 |. Begin client select
SchedulerThread schedule Group [ 7 ], select( 15 clients):
1 | 5 | 8 | 22 | 34 | 37 | 39 | 44 | 54 | 59 | 62 | 83 | 85 | 91 | 94 |
-----------------------------------------------------------------Schedule complete
Client 85 trained
Client 85 uploaded
Client 1 trained
Client 1 uploaded
Client 94 trained
Client 94 uploaded
Client 8 trained
Client 8 uploaded
Client 83 trained
Client 83 uploaded
Client 62 trained
Client 62 uploaded
Client 44 trained
Client 44 uploaded
Client 54 trained
Client 54 uploaded
Client 39 trained
Client 39 uploaded
Client 91 trained
Client 91 uploaded
Client 59 trained
Client 59 uploaded
Client 34 trained
Client 34 uploaded
Client 37 trained
Client 37 uploaded
Client 22 trained
Client 22 uploaded
Client 5 trained
Client 5 uploaded
Epoch(t): 308 accuracy: 84.71 loss 0.4224034930765629 run_time: 459.8975191116333
| current_epoch 309 |. Begin client select
SchedulerThread schedule Group [ 5 ], select( 11 clients):
2 | 6 | 9 | 13 | 25 | 50 | 69 | 88 | 90 | 97 | 99 |
-----------------------------------------------------------------Schedule complete
Client 9 trained
Client 9 uploaded
Client 13 trained
Client 13 uploaded
Client 99 trained
Client 99 uploaded
Client 69 trained
Client 69 uploaded
Client 97 trained
Client 97 uploaded
Client 88 trained
Client 88 uploaded
Client 50 trained
Client 50 uploaded
Client 90 trained
Client 6 trained
Client 90 uploaded
Client 25 trained
Client 6 uploaded
Client 25 uploaded
Client 2 trained
Client 2 uploaded
Epoch(t): 309 accuracy: 84.56 loss 0.4278803211450577 run_time: 461.3211131095886
| current_epoch 310 |. Begin client select
SchedulerThread schedule Group [ 7 ], select( 15 clients):
1 | 5 | 8 | 22 | 34 | 37 | 39 | 44 | 54 | 59 | 62 | 83 | 85 | 91 | 94 |
-----------------------------------------------------------------Schedule complete
Client 85 trained
Client 85 uploaded
Client 1 trained
Client 1 uploaded
Client 94 trained
Client 94 uploaded
Client 83 trained
Client 83 uploaded
Client 8 trained
Client 8 uploaded
Client 44 trained
Client 44 uploaded
Client 62 trained
Client 62 uploaded
Client 91 trained
Client 91 uploaded
Client 39 trained
Client 39 uploaded
Client 54 trained
Client 54 uploaded
Client 34 trained
Client 34 uploaded
Client 59 trained
Client 59 uploaded
Client 37 trained
Client 37 uploaded
Client 5 trained
Client 5 uploaded
Client 22 trained
Client 22 uploaded
Epoch(t): 310 accuracy: 84.84 loss 0.41992773577570913 run_time: 463.121542930603
Average delay = 0.0
scheduler_thread joined
updater_thread joined
data_getter_thread joined
End!
Time used:
0:08:04.138448
8.066666666666666 min
0.13444444444444445 h
====================
开始缓存清理
缓存清理完成
====================