epoch,selected_clients,accuracy,loss,run_time,sim_round_time,epoch_cum_time
1,"[81, 14, 3, 94, 35, 31, 28, 17, 13, 86]",10.0,2.3662524795532227,4.275628328323364,11.34,11.34
2,"[94, 69, 11, 75, 54, 4, 3, 27, 29, 64]",10.0,2.3954191637039184,5.759239673614502,11.38,22.72
3,"[77, 3, 71, 25, 91, 83, 89, 69, 53, 28]",10.0,2.51670205116272,7.444859266281128,11.34,34.06
4,"[57, 75, 35, 0, 97, 20, 89, 54, 43, 19]",20.6,2.2857075834274294,8.734400033950806,9.94,44.0
5,"[27, 97, 43, 13, 11, 48, 12, 45, 44, 77]",34.63,1.8078061735630035,10.314043521881104,12.1,56.1
6,"[33, 5, 93, 58, 68, 15, 48, 10, 70, 37]",22.97,1.994963297843933,11.891715288162231,12.1,68.2
7,"[80, 79, 46, 73, 24, 90, 8, 5, 84, 29]",44.04,1.4967170250415802,13.36038374900818,10.63,78.83
8,"[98, 37, 10, 29, 12, 48, 35, 58, 81, 46]",35.61,1.5874143099784852,14.740784168243408,12.1,90.92999999999999
9,"[20, 47, 45, 26, 85, 34, 89, 87, 82, 9]",42.68,1.4261215662956237,16.25370144844055,11.71,102.63999999999999
10,"[77, 81, 21, 68, 93, 31, 20, 59, 48, 34]",32.45,1.815235641002655,17.598039865493774,12.1,114.73999999999998
11,"[81, 88, 71, 28, 87, 41, 98, 99, 7, 29]",53.98,1.238285186290741,18.862160444259644,11.34,126.07999999999998
12,"[4, 40, 51, 34, 8, 27, 72, 91, 83, 63]",39.23,1.5227042543888092,20.114246606826782,10.93,137.01
13,"[50, 82, 58, 18, 33, 17, 31, 95, 71, 68]",45.98,1.6402747881412507,21.48127102851868,11.09,148.1
14,"[33, 95, 74, 54, 51, 46, 28, 17, 65, 63]",44.51,1.4400701987743378,22.74667739868164,11.34,159.44
15,"[11, 96, 6, 14, 19, 80, 20, 87, 54, 76]",43.22,1.2325266194343567,24.07495641708374,10.04,169.48
16,"[8, 49, 48, 76, 59, 67, 32, 70, 1, 87]",57.88,1.1313532447814942,25.44342613220215,12.1,181.57999999999998
17,"[92, 14, 87, 68, 96, 34, 98, 82, 43, 37]",50.9,1.221704204082489,26.785176038742065,8.96,190.54
18,"[55, 20, 58, 0, 92, 33, 64, 97, 22, 13]",56.33,1.0963572466373444,27.848546266555783,11.38,201.92
19,"[80, 38, 81, 64, 77, 25, 19, 47, 97, 20]",42.76,1.3054236233234406,29.272555112838745,11.38,213.29999999999998
20,"[69, 99, 67, 0, 76, 41, 62, 2, 14, 46]",52.19,1.152418156862259,30.50164771080017,11.19,224.48999999999998
21,"[39, 30, 7, 72, 10, 93, 62, 8, 97, 68]",61.33,0.9711882477998732,31.786221504211422,10.78,235.26999999999998
22,"[98, 16, 84, 60, 70, 21, 33, 67, 77, 54]",53.58,1.213848299384117,33.309370040893555,8.94,244.20999999999998
23,"[27, 69, 96, 93, 88, 25, 91, 39, 51, 85]",59.82,0.9594501739740372,34.72041392326355,8.72,252.92999999999998
24,"[83, 47, 56, 66, 57, 15, 31, 28, 8, 43]",59.45,1.0280039131641387,35.98368191719055,11.34,264.27
25,"[2, 75, 70, 29, 28, 0, 9, 90, 80, 7]",61.1,0.9698490327596664,37.44833469390869,11.34,275.60999999999996
26,"[29, 8, 4, 42, 9, 65, 30, 35, 85, 62]",56.56,1.0779670941829682,38.74326777458191,11.18,286.78999999999996
27,"[27, 69, 16, 92, 73, 60, 31, 52, 24, 12]",55.52,1.1100315976142885,40.11485147476196,10.55,297.34
28,"[12, 84, 55, 45, 54, 52, 59, 93, 6, 86]",50.61,1.296669635176659,41.50994944572449,11.71,309.04999999999995
29,"[83, 82, 12, 7, 51, 93, 43, 13, 31, 24]",62.07,0.9952138805389404,42.856138944625854,7.4,316.44999999999993
30,"[24, 68, 57, 17, 54, 23, 35, 59, 31, 9]",49.46,1.541653918027878,44.264546155929565,9.3,325.74999999999994
31,"[56, 70, 12, 6, 83, 69, 1, 11, 96, 30]",65.32,0.9548001277446748,45.71433424949646,11.1,336.84999999999997
32,"[21, 52, 62, 61, 27, 51, 7, 48, 0, 49]",63.8,0.9490564852952956,46.92217803001404,12.1,348.95
33,"[33, 58, 36, 54, 89, 93, 71, 84, 91, 62]",67.58,0.9109115809202194,48.218430042266846,11.09,360.03999999999996
34,"[19, 24, 37, 27, 7, 74, 94, 69, 95, 40]",68.72,0.8698572570085525,49.67137813568115,10.93,370.96999999999997
35,"[7, 6, 74, 61, 64, 67, 20, 65, 10, 23]",67.46,0.8693345266580582,50.758105754852295,11.38,382.34999999999997
36,"[8, 76, 86, 30, 51, 15, 72, 31, 74, 5]",60.04,0.9402993732690812,51.91626930236816,10.78,393.12999999999994
37,"[79, 10, 53, 84, 74, 72, 66, 40, 33, 26]",68.6,0.8833180701732636,53.1134569644928,11.13,404.25999999999993
38,"[85, 91, 40, 30, 33, 50, 16, 82, 38, 58]",55.8,1.2586931109428403,54.27263498306274,10.93,415.18999999999994
39,"[40, 96, 9, 1, 58, 79, 72, 12, 68, 27]",61.85,0.9255299025774002,55.58334684371948,10.93,426.11999999999995
40,"[64, 33, 16, 44, 8, 31, 47, 36, 20, 56]",68.87,0.8368497341871262,56.85504746437073,11.38,437.49999999999994
41,"[69, 90, 38, 78, 83, 67, 1, 85, 70, 84]",60.3,0.9251943892240524,58.32920980453491,8.94,446.43999999999994
42,"[13, 17, 33, 14, 95, 70, 19, 34, 36, 77]",61.88,1.019447790980339,59.72044801712036,9.94,456.37999999999994
43,"[26, 91, 43, 87, 81, 33, 64, 62, 32, 6]",64.76,0.9086589401960372,61.02873015403748,11.38,467.75999999999993
44,"[11, 81, 54, 35, 5, 0, 42, 98, 16, 33]",68.14,0.8196485495567322,62.43400192260742,11.18,478.93999999999994
45,"[20, 94, 56, 70, 90, 54, 71, 1, 14, 9]",67.45,0.8197578078508377,63.78572416305542,11.1,490.03999999999996
46,"[88, 19, 69, 4, 47, 74, 70, 18, 55, 16]",70.48,0.7876529240608215,65.18609261512756,10.86,500.9
47,"[5, 39, 46, 45, 26, 87, 31, 85, 13, 99]",66.13,0.903321856856346,66.56542944908142,11.71,512.61
48,"[71, 52, 79, 95, 19, 30, 20, 22, 3, 94]",67.47,0.8453034263849258,67.78069591522217,11.09,523.7
49,"[42, 52, 85, 94, 31, 34, 20, 89, 13, 48]",68.36,0.8143838852643966,68.84644222259521,12.1,535.8000000000001
50,"[4, 60, 28, 25, 58, 44, 39, 29, 3, 84]",68.8,0.8015560626983642,70.06668376922607,11.34,547.1400000000001
51,"[24, 51, 42, 35, 8, 98, 44, 82, 65, 86]",63.6,0.9630644863843918,71.26181101799011,11.18,558.32
52,"[68, 42, 3, 14, 33, 22, 74, 4, 13, 76]",51.55,1.134756242632866,72.41893434524536,11.18,569.5
53,"[55, 44, 93, 40, 77, 65, 14, 49, 73, 24]",60.34,0.9324577921628951,73.80107355117798,10.93,580.43
54,"[32, 5, 90, 55, 0, 66, 68, 87, 92, 94]",65.26,0.955591521859169,75.03438234329224,9.23,589.66
55,"[94, 85, 25, 46, 55, 8, 42, 79, 40, 84]",68.49,0.7944256621599197,76.29550433158875,11.18,600.8399999999999
56,"[15, 92, 38, 64, 39, 85, 52, 41, 51, 89]",60.25,1.1817452186346054,77.36990237236023,11.38,612.2199999999999
57,"[37, 70, 16, 24, 53, 85, 48, 86, 95, 22]",68.52,0.8881947803497314,78.75614047050476,12.1,624.3199999999999
58,"[78, 72, 38, 51, 70, 0, 36, 26, 55, 74]",59.89,1.037978045940399,80.22836565971375,11.13,635.4499999999999
59,"[77, 83, 41, 59, 56, 86, 27, 65, 60, 94]",63.33,0.9056026142835616,81.49682378768921,11.19,646.64
60,"[21, 84, 10, 36, 65, 81, 79, 42, 11, 96]",71.49,0.7422453725337982,82.79973554611206,11.18,657.8199999999999
61,"[30, 86, 39, 28, 25, 18, 3, 5, 31, 60]",68.8,0.8245531702041626,84.00981211662292,11.34,669.16
62,"[78, 98, 9, 58, 53, 80, 73, 24, 91, 89]",68.01,0.7972224813699722,85.40221810340881,10.55,679.7099999999999
63,"[49, 63, 51, 31, 18, 83, 88, 0, 96, 98]",71.17,0.7538570845127106,86.59877729415894,10.58,690.29
64,"[13, 99, 54, 28, 22, 89, 66, 59, 6, 71]",65.2,0.8906202763319016,87.85609531402588,11.34,701.63
65,"[31, 15, 58, 17, 59, 85, 67, 71, 76, 40]",66.47,0.9433989173173905,89.2426507472992,11.09,712.72
66,"[96, 56, 78, 92, 64, 54, 70, 57, 20, 95]",68.73,0.806183854341507,90.63061881065369,11.38,724.1
67,"[60, 57, 33, 96, 31, 81, 35, 98, 99, 66]",66.23,0.932780419588089,91.9209439754486,9.03,733.13
68,"[62, 80, 30, 35, 56, 9, 91, 36, 34, 42]",69.43,0.7717033725976944,93.28035688400269,11.18,744.31
69,"[40, 69, 10, 17, 19, 29, 49, 88, 90, 27]",68.68,0.7918797236680984,94.78116488456726,10.93,755.2399999999999
70,"[8, 53, 52, 42, 69, 59, 7, 26, 49, 98]",72.94,0.7063456517457962,96.18703031539916,11.18,766.4199999999998
71,"[74, 89, 2, 97, 73, 48, 61, 0, 45, 38]",69.37,0.8363923352956771,97.47085928916933,12.1,778.5199999999999
72,"[96, 49, 53, 68, 95, 94, 69, 77, 28, 62]",63.49,0.95320530295372,98.75265884399414,11.34,789.8599999999999
73,"[28, 34, 55, 62, 3, 49, 43, 85, 86, 51]",69.96,0.7471202039718627,99.83266639709473,11.34,801.1999999999999
74,"[92, 21, 59, 16, 79, 68, 3, 50, 75, 72]",67.58,0.8030520117282868,100.91698050498962,10.78,811.9799999999999
75,"[84, 3, 10, 82, 54, 17, 59, 23, 6, 33]",64.65,0.9999374479055404,102.22504997253418,10.1,822.0799999999999
76,"[48, 41, 27, 58, 43, 97, 35, 96, 53, 32]",68.94,0.761091856956482,103.50611233711244,12.1,834.18
77,"[10, 60, 2, 95, 69, 6, 44, 28, 83, 8]",71.65,0.7597199839353561,104.87216305732728,11.34,845.52
78,"[99, 83, 5, 96, 3, 31, 25, 2, 79, 19]",71.14,0.7415373528003693,106.28190755844116,10.63,856.15
79,"[30, 16, 60, 85, 14, 72, 27, 59, 89, 32]",66.12,0.8162581163644791,107.450199842453,10.78,866.93
80,"[98, 47, 21, 77, 95, 91, 14, 99, 20, 39]",70.23,0.7457113379240036,108.63245177268982,10.86,877.79
81,"[13, 74, 3, 39, 73, 86, 48, 50, 91, 25]",65.1,0.823594069480896,109.91627430915833,12.1,889.89
82,"[9, 75, 88, 80, 31, 13, 89, 98, 38, 87]",71.43,0.728975941836834,111.32861423492432,10.04,899.93
83,"[76, 15, 72, 5, 44, 68, 54, 84, 47, 8]",67.86,0.7806579113006592,112.61840915679932,10.86,910.79
84,"[64, 82, 43, 1, 53, 62, 13, 55, 46, 81]",73.92,0.705207841694355,113.80206990242004,11.38,922.17
85,"[58, 90, 19, 55, 22, 93, 66, 83, 34, 78]",73.64,0.7248623037338257,115.21007132530212,9.94,932.11
86,"[68, 99, 61, 59, 55, 93, 75, 34, 41, 31]",69.73,0.8188060390949249,116.46184134483336,11.29,943.4
87,"[11, 35, 57, 31, 96, 59, 72, 78, 85, 48]",69.07,0.8592703574895859,117.65197443962096,12.1,955.5
88,"[43, 3, 63, 41, 23, 62, 27, 45, 33, 35]",68.69,0.8029610675573349,118.95568180084229,11.71,967.21
89,"[76, 89, 35, 71, 1, 66, 24, 10, 30, 92]",68.95,0.7597277408838272,120.12164306640624,11.09,978.3000000000001
90,"[52, 62, 71, 97, 30, 88, 60, 82, 91, 57]",73.25,0.706952936053276,121.20211696624756,11.09,989.3900000000001
91,"[2, 11, 37, 28, 51, 88, 31, 39, 84, 74]",65.76,0.8847446811199188,122.4090096950531,11.34,1000.7300000000001
92,"[47, 60, 70, 67, 44, 54, 95, 42, 45, 89]",70.5,0.7795375257730484,123.67421698570251,11.71,1012.4400000000002
93,"[58, 34, 39, 32, 29, 15, 92, 24, 40, 95]",69.83,0.8326089137792587,124.93221688270567,10.93,1023.3700000000001
94,"[68, 97, 88, 23, 24, 27, 94, 61, 35, 92]",71.73,0.7165931949019432,126.18042016029358,11.29,1034.66
95,"[75, 97, 67, 76, 36, 12, 24, 37, 29, 46]",63.1,0.8655516231060028,127.6687364578247,8.83,1043.49
96,"[22, 38, 1, 90, 68, 16, 35, 5, 6, 70]",67.52,0.7779887789487838,129.1418170928955,8.94,1052.43
97,"[37, 89, 16, 81, 96, 62, 13, 1, 73, 36]",65.5,0.8425794547796249,130.5069923400879,10.55,1062.98
98,"[60, 61, 56, 43, 23, 6, 32, 14, 8, 51]",71.04,0.7574834832549096,131.71498370170593,11.29,1074.27
99,"[62, 9, 73, 80, 87, 6, 19, 72, 38, 10]",70.37,0.8444584095478058,133.06949615478516,10.78,1085.05
100,"[31, 15, 71, 97, 53, 77, 76, 79, 28, 99]",61.1,0.957207025885582,134.47857689857483,11.34,1096.3899999999999
101,"[66, 48, 57, 56, 38, 75, 54, 39, 72, 79]",69.97,0.756453726887703,135.7579004764557,12.1,1108.4899999999998
102,"[7, 78, 94, 12, 97, 26, 80, 27, 33, 84]",69.69,0.7668839424848557,137.12923169136047,11.13,1119.62
103,"[10, 20, 30, 22, 70, 9, 0, 52, 57, 88]",73.28,0.7349232527613639,138.3936505317688,10.11,1129.7299999999998
104,"[76, 60, 37, 4, 29, 36, 90, 89, 58, 9]",66.27,0.8728838169574737,139.6873300075531,8.83,1138.5599999999997
105,"[87, 29, 33, 80, 75, 84, 25, 54, 14, 69]",71.39,0.734453167617321,141.05537009239197,10.04,1148.5999999999997
106,"[28, 82, 19, 34, 18, 9, 7, 21, 39, 76]",68.92,0.8231399333477021,142.2521207332611,11.34,1159.9399999999996
107,"[95, 72, 36, 56, 15, 59, 88, 38, 89, 51]",68.95,0.7821057188510895,143.46811628341675,11.1,1171.0399999999995
108,"[34, 64, 69, 63, 56, 10, 76, 5, 55, 94]",68.2,0.7645924770832062,144.87875247001648,11.38,1182.4199999999996
109,"[41, 77, 32, 3, 11, 29, 86, 73, 75, 2]",72.3,0.716535255908966,146.15073823928833,11.19,1193.6099999999997
110,"[97, 86, 34, 73, 5, 96, 22, 60, 66, 83]",70.96,0.7115879988670349,147.47360968589783,10.55,1204.1599999999996
111,"[56, 35, 23, 74, 55, 81, 62, 11, 60, 44]",70.26,0.7899085211753846,148.77125525474548,11.1,1215.2599999999995
112,"[52, 42, 41, 85, 13, 20, 88, 63, 36, 84]",72.08,0.7218734508752823,150.03591895103455,11.19,1226.4499999999996
113,"[51, 97, 70, 4, 58, 11, 40, 32, 41, 14]",70.02,0.799066047668457,151.11800980567932,11.19,1237.6399999999996
114,"[98, 51, 65, 0, 84, 69, 59, 52, 6, 24]",69.2,0.7810259616374969,152.32827806472778,10.11,1247.7499999999995
115,"[66, 46, 79, 96, 63, 80, 56, 97, 6, 26]",72.7,0.7041590201854706,153.69263291358948,11.13,1258.8799999999997
116,"[34, 70, 16, 36, 56, 89, 62, 15, 3, 80]",73.89,0.6957764631509781,154.95572876930237,11.1,1269.9799999999996
117,"[77, 30, 90, 20, 39, 70, 1, 52, 11, 28]",67.71,0.786502161026001,156.26478099822998,11.34,1281.3199999999995
118,"[14, 59, 15, 82, 19, 63, 91, 37, 65, 90]",66.84,0.8990947276353836,157.36698603630066,9.94,1291.2599999999995
119,"[34, 53, 61, 60, 31, 58, 70, 18, 49, 24]",67.91,1.0066668927669524,158.5158040523529,11.29,1302.5499999999995
120,"[76, 65, 95, 17, 8, 35, 98, 53, 43, 64]",72.7,0.717453947365284,159.87457060813904,11.38,1313.9299999999996
121,"[34, 0, 36, 92, 38, 75, 74, 84, 62, 19]",72.76,0.690852814912796,161.0834345817566,9.94,1323.8699999999997
122,"[57, 68, 61, 44, 42, 70, 97, 69, 48, 58]",76.14,0.640747746527195,162.2018072605133,12.1,1335.9699999999996
123,"[41, 24, 89, 30, 73, 49, 29, 99, 52, 5]",63.85,0.8198580664396286,163.38872122764587,11.19,1347.1599999999996
124,"[40, 95, 60, 90, 48, 49, 84, 83, 19, 63]",75.45,0.6622097876667976,164.77605152130127,12.1,1359.2599999999995
125,"[4, 16, 64, 75, 42, 12, 56, 67, 58, 1]",65.21,0.8622364044189453,166.0456986427307,11.38,1370.6399999999996
126,"[92, 18, 52, 83, 19, 9, 60, 33, 43, 79]",73.99,0.7019754493236542,167.47314524650574,10.63,1381.2699999999998
127,"[88, 50, 83, 10, 42, 86, 68, 48, 40, 80]",72.69,0.6783277171850205,168.73429107666016,12.1,1393.3699999999997
128,"[91, 97, 62, 69, 4, 79, 8, 30, 80, 87]",69.14,0.7476649832725525,169.9913351535797,10.63,1403.9999999999998
129,"[36, 29, 95, 11, 55, 12, 97, 81, 90, 56]",75.66,0.6346433985233307,171.47695398330688,11.1,1415.0999999999997
130,"[21, 88, 38, 3, 5, 41, 7, 37, 45, 47]",64.4,0.8256110227108002,172.84743285179138,11.71,1426.8099999999997
131,"[55, 18, 31, 67, 52, 72, 87, 23, 21, 22]",72.71,0.6958894073963166,174.05610036849976,10.78,1437.5899999999997
132,"[10, 78, 48, 79, 87, 30, 63, 74, 18, 29]",70.75,0.8057762092351913,175.3419337272644,12.1,1449.6899999999996
133,"[59, 81, 32, 58, 85, 1, 36, 86, 69, 20]",69.7,0.7682700443267823,176.43682503700256,8.65,1458.3399999999997
134,"[9, 56, 44, 75, 38, 81, 54, 88, 32, 58]",75.63,0.6286189979314805,177.65561866760254,11.1,1469.4399999999996
135,"[38, 25, 49, 61, 13, 30, 48, 73, 45, 37]",64.4,1.042844570875168,179.0411434173584,12.1,1481.5399999999995
136,"[89, 37, 2, 84, 50, 35, 1, 72, 87, 99]",72.68,0.6745956605672836,180.41810870170596,10.78,1492.3199999999995
137,"[95, 6, 77, 63, 36, 99, 29, 45, 28, 81]",73.64,0.6895670503377914,181.67469215393064,11.71,1504.0299999999995
138,"[24, 79, 32, 86, 96, 92, 98, 84, 87, 17]",73.3,0.683663379251957,182.92825198173523,10.63,1514.6599999999996
139,"[80, 12, 82, 5, 39, 56, 4, 74, 46, 93]",66.24,0.812992045879364,184.3118851184845,11.1,1525.7599999999995
140,"[16, 11, 37, 41, 95, 53, 22, 25, 69, 46]",69.96,0.7966699022054672,185.7813642024994,11.19,1536.9499999999996
141,"[67, 64, 34, 21, 32, 61, 37, 95, 43, 14]",71.68,0.7953065055608749,187.0747592449188,11.38,1548.3299999999997
142,"[59, 9, 18, 96, 28, 86, 92, 50, 71, 46]",71.49,0.7057274994254112,188.2600269317627,11.34,1559.6699999999996
143,"[11, 50, 1, 33, 68, 15, 58, 47, 86, 95]",73.34,0.7096941468119621,189.53747415542605,10.86,1570.5299999999995
144,"[86, 33, 74, 48, 81, 47, 13, 29, 60, 3]",76.58,0.6715416014194489,190.70332670211792,12.1,1582.6299999999994
145,"[79, 71, 41, 78, 28, 82, 8, 81, 59, 89]",74.14,0.707730489373207,191.8781151771545,11.34,1593.9699999999993
146,"[38, 83, 52, 14, 17, 5, 4, 63, 12, 30]",73.42,0.6469021838903427,193.36291980743408,10.11,1604.0799999999992
147,"[68, 17, 49, 58, 47, 85, 95, 89, 69, 53]",75.95,0.6779433935880661,194.56462597846985,10.86,1614.9399999999991
148,"[75, 95, 93, 19, 53, 83, 12, 62, 78, 52]",74.25,0.6808589312434197,196.03414154052732,10.11,1625.049999999999
149,"[35, 4, 88, 47, 27, 56, 30, 46, 12, 87]",74.62,0.6477130997180939,197.4261145591736,11.1,1636.149999999999
150,"[47, 69, 82, 45, 7, 50, 35, 24, 15, 58]",75.36,0.6364440408349037,198.6682255268097,11.71,1647.859999999999
151,"[11, 84, 27, 82, 81, 76, 2, 6, 42, 31]",70.35,0.7149968373775483,200.15502095222476,11.18,1659.039999999999
152,"[16, 72, 26, 8, 97, 70, 75, 27, 29, 42]",72.03,0.7114800968766213,201.5410120487213,11.18,1670.2199999999991
153,"[99, 18, 76, 0, 35, 16, 69, 32, 22, 14]",68.52,0.7458956223726273,202.7407147884369,9.23,1679.4499999999991
154,"[84, 3, 16, 1, 45, 30, 75, 41, 2, 22]",78.02,0.6005517792701721,204.04550457000727,11.71,1691.1599999999992
155,"[33, 6, 16, 94, 53, 67, 14, 95, 8, 60]",73.38,0.7082607144117355,205.51134204864505,8.7,1699.8599999999992
156,"[57, 99, 46, 65, 75, 13, 64, 28, 78, 5]",71.27,0.7657549130916596,206.67025756835935,11.38,1711.2399999999993
157,"[93, 84, 66, 38, 58, 82, 3, 7, 61, 51]",75.81,0.6346825072169304,207.9550249576569,11.29,1722.5299999999993
158,"[54, 87, 13, 62, 91, 56, 9, 10, 41, 77]",74.36,0.6557184484601021,209.2220585346222,11.19,1733.7199999999993
159,"[18, 8, 16, 35, 79, 81, 74, 70, 91, 41]",75.42,0.6898082000017166,210.45965051651,11.19,1744.9099999999994
160,"[48, 76, 67, 37, 58, 64, 77, 55, 12, 89]",63.38,0.9892757588624954,211.9045000076294,12.1,1757.0099999999993
161,"[14, 83, 98, 70, 92, 27, 55, 57, 29, 52]",74.37,0.6900978052616119,213.1707887649536,10.11,1767.1199999999992
162,"[43, 58, 51, 53, 93, 12, 40, 54, 85, 32]",72.09,0.7131126728653908,214.47742652893064,10.93,1778.0499999999993
163,"[47, 19, 87, 60, 8, 11, 10, 55, 12, 95]",74.69,0.6509047502279282,216.042001247406,10.86,1788.9099999999992
164,"[94, 47, 16, 71, 7, 75, 42, 85, 15, 52]",77.25,0.5820648807287216,217.3114387989044,11.18,1800.0899999999992
165,"[45, 85, 96, 54, 92, 6, 36, 76, 39, 13]",71.22,0.6800048604607583,218.5674493312836,11.71,1811.7999999999993
166,"[73, 64, 27, 19, 84, 61, 28, 13, 44, 71]",75.17,0.6390186059474945,219.95723032951355,11.38,1823.1799999999994
167,"[47, 14, 97, 35, 73, 28, 54, 71, 98, 79]",72.97,0.6967217260599137,221.24423503875727,11.34,1834.5199999999993
168,"[78, 86, 82, 71, 3, 77, 84, 88, 34, 23]",72.77,0.7131937289237976,222.61204195022583,11.09,1845.6099999999992
169,"[34, 89, 97, 39, 43, 44, 0, 23, 18, 72]",74.96,0.6594745990633964,223.81025385856628,10.78,1856.3899999999992
170,"[84, 51, 8, 18, 94, 81, 3, 11, 95, 67]",76.25,0.6210774204134941,224.88658690452576,10.1,1866.489999999999
171,"[27, 48, 53, 58, 43, 20, 47, 39, 92, 41]",71.11,0.7346190479397774,226.2179000377655,12.1,1878.589999999999
172,"[99, 72, 76, 10, 6, 19, 20, 96, 79, 86]",69.27,0.6998644015192985,227.56725430488584,10.78,1889.369999999999
173,"[10, 34, 56, 84, 54, 62, 77, 53, 27, 96]",72.96,0.6773414593935013,229.16012454032895,11.1,1900.469999999999
174,"[65, 14, 44, 55, 36, 86, 75, 62, 67, 85]",71.91,0.742839612364769,230.4925534725189,8.7,1909.169999999999
175,"[39, 5, 28, 50, 76, 7, 0, 26, 38, 27]",70.25,0.796602057814598,232.0934317111969,11.34,1920.5099999999989
176,"[98, 17, 97, 32, 37, 41, 15, 0, 63, 95]",74.38,0.648733431994915,233.4585494995117,11.19,1931.699999999999
177,"[55, 22, 16, 48, 68, 90, 29, 64, 71, 85]",76.26,0.6159379118680954,234.674592256546,12.1,1943.7999999999988
178,"[45, 9, 50, 94, 5, 55, 2, 58, 40, 73]",76.48,0.6062412232160568,236.060688495636,11.71,1955.5099999999989
179,"[54, 73, 51, 90, 81, 53, 37, 14, 2, 41]",69.76,0.8384588652849198,237.44417214393616,11.19,1966.699999999999
180,"[21, 79, 58, 88, 46, 11, 55, 13, 31, 75]",74.53,0.6754674014449119,238.6182177066803,10.63,1977.329999999999
181,"[51, 67, 10, 50, 39, 95, 43, 28, 42, 99]",73.83,0.6544282361865044,239.86562848091123,11.34,1988.669999999999
182,"[21, 9, 65, 81, 14, 67, 24, 99, 44, 93]",75.16,0.6583092236518859,241.0221312046051,8.7,1997.369999999999
183,"[82, 18, 30, 13, 32, 25, 22, 77, 19, 97]",64.16,0.9326867413520812,242.32609844207764,9.94,2007.309999999999
184,"[97, 83, 9, 22, 98, 80, 63, 59, 96, 72]",74.81,0.6450583490729332,243.5168459415436,10.78,2018.089999999999
185,"[97, 74, 57, 87, 72, 82, 81, 79, 41, 80]",73.0,0.6593721476197243,244.62086415290835,11.19,2029.279999999999
186,"[40, 19, 56, 8, 60, 80, 38, 35, 75, 7]",77.78,0.5828431725502015,246.0889728069305,11.1,2040.379999999999
187,"[45, 64, 9, 39, 59, 57, 4, 7, 47, 36]",75.97,0.605696037709713,247.3101761341095,11.71,2052.089999999999
188,"[9, 82, 11, 78, 76, 64, 49, 59, 74, 70]",74.69,0.6442692697048187,248.61869311332703,11.38,2063.469999999999
189,"[94, 5, 57, 73, 83, 24, 41, 77, 60, 64]",66.18,0.7988499873876571,249.9641513824463,11.38,2074.849999999999
190,"[19, 7, 57, 13, 43, 91, 10, 64, 82, 22]",78.18,0.6089215329289437,251.0682806968689,11.38,2086.229999999999
191,"[5, 31, 90, 56, 67, 66, 78, 20, 46, 47]",75.35,0.6149635073542595,252.58983373641968,11.1,2097.329999999999
192,"[36, 49, 52, 99, 43, 86, 76, 6, 80, 82]",66.8,0.7406252798438072,253.85781383514404,10.58,2107.909999999999
193,"[42, 8, 12, 71, 86, 49, 36, 32, 92, 84]",72.71,0.6517752712965011,255.1779272556305,11.18,2119.089999999999
194,"[77, 19, 42, 10, 74, 84, 18, 44, 39, 83]",75.92,0.6174180325865746,256.5488910675049,11.18,2130.2699999999986
195,"[89, 84, 50, 16, 76, 90, 10, 39, 71, 48]",75.01,0.624994941353798,258.0161085128784,12.1,2142.3699999999985
196,"[82, 42, 16, 85, 89, 94, 87, 67, 11, 54]",71.96,0.7030335423350335,259.2716443538666,11.18,2153.5499999999984
197,"[65, 46, 2, 39, 23, 27, 43, 98, 62, 24]",76.52,0.5924015715718269,260.6418001651764,8.35,2161.8999999999983
198,"[28, 17, 19, 9, 37, 12, 64, 98, 69, 94]",68.17,0.8131334728002548,261.9877917766571,11.38,2173.2799999999984
199,"[67, 4, 84, 43, 98, 79, 16, 76, 48, 19]",70.59,0.7110037726163864,263.4703826904297,12.1,2185.3799999999983
200,"[20, 23, 88, 98, 79, 21, 92, 56, 5, 52]",75.57,0.6165361469984054,264.7567114830017,11.1,2196.479999999998
201,"[46, 86, 92, 30, 56, 78, 36, 96, 95, 57]",74.11,0.6562645700573921,265.8890800476074,11.1,2207.579999999998
202,"[29, 68, 30, 39, 60, 24, 47, 86, 73, 56]",78.53,0.5655114680528641,267.0975196361542,11.1,2218.679999999998
203,"[59, 98, 36, 99, 48, 64, 67, 53, 20, 25]",78.82,0.5635340422391891,268.39291286468506,12.1,2230.779999999998
204,"[77, 17, 32, 6, 82, 61, 47, 70, 13, 91]",76.28,0.6306038987636566,269.88294434547424,11.29,2242.069999999998
205,"[66, 15, 36, 10, 97, 20, 34, 57, 65, 18]",70.93,0.8944236302375793,271.0076532363892,9.03,2251.099999999998
206,"[55, 11, 28, 57, 44, 3, 53, 6, 50, 64]",76.75,0.597848747074604,272.24776792526245,11.38,2262.479999999998
207,"[47, 30, 49, 10, 28, 3, 40, 12, 91, 83]",78.35,0.5938489693403244,273.454824924469,11.34,2273.8199999999983
208,"[42, 18, 17, 4, 36, 60, 89, 97, 90, 57]",76.62,0.6174681174755097,274.8704788684845,11.18,2284.999999999998
209,"[78, 0, 10, 2, 32, 27, 19, 70, 93, 77]",76.07,0.625304791033268,276.471266746521,9.94,2294.9399999999982
210,"[67, 54, 14, 99, 36, 30, 38, 15, 6, 53]",75.46,0.6106019735336303,277.7334077358246,9.18,2304.119999999998
211,"[81, 79, 58, 8, 14, 63, 76, 68, 2, 80]",75.47,0.6134443300962448,278.922306060791,10.63,2314.749999999998
212,"[65, 73, 30, 91, 18, 37, 54, 0, 78, 45]",75.73,0.615686502456665,280.3515214920044,11.71,2326.459999999998
213,"[30, 73, 53, 23, 85, 10, 67, 46, 8, 69]",75.81,0.6322381827235222,281.67810893058777,10.55,2337.0099999999984
214,"[64, 70, 2, 49, 60, 5, 81, 47, 32, 95]",78.79,0.5925661033391952,283.03603076934814,11.38,2348.3899999999985
215,"[2, 45, 8, 44, 30, 93, 84, 80, 13, 98]",74.82,0.6568681222200393,284.42937779426575,11.71,2360.0999999999985
216,"[74, 94, 96, 42, 17, 5, 45, 69, 43, 82]",77.69,0.5905809718370437,285.69507789611816,11.71,2371.8099999999986
217,"[22, 99, 87, 59, 89, 61, 80, 23, 17, 8]",71.96,0.7177603316307067,287.0140452384949,11.29,2383.0999999999985
218,"[91, 99, 58, 4, 37, 25, 5, 40, 39, 65]",62.6,0.8724694967269897,288.19766640663147,10.93,2394.0299999999984
219,"[50, 69, 60, 32, 4, 96, 82, 24, 36, 45]",79.26,0.5514658230543137,289.4463152885437,11.71,2405.7399999999984
220,"[99, 6, 83, 42, 34, 15, 47, 55, 51, 95]",80.71,0.5314809849858284,290.8402056694031,11.18,2416.9199999999983
221,"[56, 49, 43, 23, 63, 88, 47, 66, 34, 10]",79.54,0.5694421860575676,292.22600412368774,11.1,2428.019999999998
222,"[93, 54, 10, 55, 77, 23, 69, 37, 41, 13]",68.14,0.7843249398469925,293.73819398880005,11.19,2439.209999999998
223,"[10, 41, 84, 37, 39, 57, 77, 91, 54, 21]",67.58,0.8021714425086975,295.0933520793915,11.19,2450.3999999999983
224,"[88, 56, 44, 57, 5, 93, 45, 78, 55, 35]",76.5,0.6162570151686668,296.46968030929565,11.71,2462.1099999999983
225,"[81, 7, 9, 85, 51, 46, 65, 95, 86, 20]",78.75,0.5655356141924858,297.5590355396271,8.35,2470.459999999998
226,"[3, 18, 77, 86, 56, 4, 16, 8, 30, 99]",69.47,0.6943369215726852,298.8758614063263,11.1,2481.559999999998
227,"[82, 46, 49, 72, 4, 77, 19, 86, 57, 47]",74.44,0.6654933607578277,300.24150681495667,10.86,2492.4199999999983
228,"[47, 56, 97, 9, 73, 17, 67, 46, 50, 40]",78.85,0.5740022268891335,301.7046823501587,11.1,2503.519999999998
229,"[83, 35, 31, 14, 3, 94, 23, 63, 66, 49]",75.5,0.6520028868317604,302.89993810653687,10.58,2514.099999999998
230,"[71, 15, 33, 99, 90, 57, 27, 78, 36, 88]",75.31,0.6156954595446587,304.1277575492859,11.09,2525.1899999999982
231,"[62, 25, 15, 17, 9, 57, 22, 91, 56, 11]",77.09,0.6137325796484947,305.4542639255524,11.1,2536.289999999998
232,"[87, 40, 85, 44, 90, 8, 70, 69, 37, 38]",76.8,0.5912387654185295,306.91371965408325,10.93,2547.219999999998
233,"[20, 91, 90, 89, 81, 22, 46, 65, 28, 15]",77.55,0.6083191192150116,308.0160114765167,11.34,2558.559999999998
234,"[25, 17, 30, 63, 3, 46, 70, 73, 47, 59]",79.43,0.5580472013354302,309.3223683834076,10.86,2569.4199999999983
235,"[70, 16, 78, 11, 8, 39, 50, 91, 92, 61]",77.92,0.6364337682724,310.6674919128418,11.29,2580.709999999998
236,"[67, 52, 98, 73, 9, 16, 40, 82, 57, 59]",73.84,0.6427260905504226,311.9149601459503,10.93,2591.639999999998
237,"[87, 66, 44, 16, 99, 70, 81, 75, 23, 98]",77.04,0.6143654197454452,313.25259160995483,9.03,2600.6699999999983
238,"[16, 55, 64, 7, 15, 66, 19, 38, 21, 20]",79.57,0.5452734112739563,314.55961751937866,11.38,2612.0499999999984
239,"[41, 90, 28, 44, 66, 36, 10, 32, 25, 81]",78.76,0.5615241184830666,315.84671115875244,11.34,2623.3899999999985
240,"[70, 35, 16, 80, 38, 78, 68, 11, 64, 82]",78.59,0.5499476784467697,317.2117884159088,11.38,2634.7699999999986
241,"[21, 75, 74, 19, 84, 79, 92, 77, 43, 72]",77.29,0.5997372204065323,318.4712743759155,10.78,2645.549999999999
242,"[5, 3, 10, 82, 98, 73, 33, 83, 26, 53]",76.27,0.5851466137170792,319.77940249443054,11.13,2656.679999999999
243,"[79, 81, 3, 63, 80, 69, 37, 82, 38, 61]",71.98,0.6960856950283051,321.1569526195526,11.29,2667.969999999999
244,"[31, 87, 51, 38, 58, 9, 88, 7, 20, 56]",80.52,0.5315244829654694,322.4158492088318,11.1,2679.069999999999
245,"[53, 61, 59, 26, 43, 77, 18, 40, 91, 93]",78.12,0.6036704075336456,323.9296338558197,11.29,2690.3599999999988
246,"[44, 51, 16, 97, 47, 65, 71, 13, 40, 30]",76.63,0.6127514919638634,325.06177282333374,11.09,2701.449999999999
247,"[59, 15, 34, 57, 31, 18, 12, 6, 37, 49]",62.73,1.0959252965450288,326.41792726516724,10.58,2712.029999999999
248,"[78, 53, 31, 20, 41, 73, 92, 40, 24, 97]",79.9,0.5390983140468597,327.6191291809082,11.19,2723.219999999999
249,"[20, 63, 65, 59, 39, 2, 11, 50, 64, 58]",79.64,0.5507434257864952,328.8421907424927,11.38,2734.599999999999
250,"[30, 27, 74, 45, 6, 36, 63, 76, 83, 86]",77.4,0.5790205904841423,330.21160650253296,11.71,2746.309999999999
251,"[60, 36, 68, 1, 13, 55, 17, 33, 93, 46]",77.28,0.626156085729599,331.6055085659027,9.3,2755.609999999999
252,"[97, 51, 46, 5, 6, 72, 71, 24, 70, 36]",79.66,0.5207868230342865,332.8257088661194,11.09,2766.6999999999994
253,"[9, 49, 64, 57, 97, 70, 35, 79, 87, 78]",77.97,0.6166993626952171,334.1156516075134,11.38,2778.0799999999995
254,"[15, 16, 12, 50, 47, 43, 71, 46, 96, 18]",79.83,0.5263454726338387,335.4827928543091,11.09,2789.1699999999996
255,"[25, 77, 65, 51, 64, 5, 4, 17, 91, 42]",69.96,0.7174135634303093,336.7536118030548,11.38,2800.5499999999997
256,"[60, 66, 58, 19, 77, 65, 17, 41, 78, 40]",75.74,0.6528461015224457,338.22894763946533,11.19,2811.74
257,"[20, 50, 78, 94, 38, 75, 43, 64, 65, 68]",78.66,0.5635355567932129,339.50965094566345,11.38,2823.12
258,"[62, 90, 72, 38, 60, 2, 47, 42, 86, 14]",74.06,0.6560372668504715,340.786288022995,11.18,2834.2999999999997
259,"[53, 74, 39, 92, 88, 80, 3, 76, 60, 33]",78.12,0.562499138712883,342.13244009017944,10.1,2844.3999999999996
260,"[83, 99, 74, 73, 29, 92, 6, 61, 21, 67]",79.63,0.5506778421998024,343.2014203071594,11.29,2855.6899999999996
261,"[80, 92, 79, 99, 48, 18, 87, 31, 4, 73]",74.83,0.6287906849384308,344.5049977302551,12.1,2867.7899999999995
262,"[89, 14, 24, 2, 56, 40, 53, 19, 52, 88]",79.35,0.5442356103658677,345.7448561191559,11.1,2878.8899999999994
263,"[26, 52, 64, 99, 78, 60, 94, 93, 7, 90]",79.54,0.5588805949687958,347.1598119735718,11.38,2890.2699999999995
264,"[17, 66, 26, 71, 41, 84, 61, 67, 48, 40]",77.24,0.6268629670143128,348.54126048088074,12.1,2902.3699999999994
265,"[22, 58, 68, 43, 69, 45, 86, 98, 92, 87]",81.05,0.5173216876387596,349.73017621040344,11.71,2914.0799999999995
266,"[82, 88, 33, 78, 61, 24, 31, 35, 71, 38]",78.92,0.5434446290135384,351.03340125083923,11.29,2925.3699999999994
267,"[28, 38, 98, 36, 90, 26, 88, 62, 40, 61]",75.95,0.6468168267607689,352.32355642318726,11.34,2936.7099999999996
268,"[44, 71, 92, 35, 36, 15, 73, 86, 69, 48]",75.71,0.6025105029344558,353.56969356536865,12.1,2948.8099999999995
269,"[50, 44, 98, 18, 37, 5, 36, 91, 10, 56]",76.74,0.59701651096344,355.0400085449219,11.1,2959.9099999999994
270,"[83, 32, 95, 61, 27, 25, 68, 34, 71, 89]",81.31,0.5162652349472046,356.3682315349579,11.29,2971.1999999999994
271,"[34, 17, 13, 78, 94, 75, 30, 31, 6, 85]",75.89,0.684632058441639,357.5640435218811,9.3,2980.4999999999995
272,"[67, 28, 81, 29, 6, 12, 52, 42, 91, 60]",75.84,0.6641044008731842,358.8686316013336,11.34,2991.8399999999997
273,"[12, 87, 98, 17, 0, 70, 20, 52, 83, 60]",78.91,0.5740733793377877,360.34660148620605,10.11,3001.95
274,"[61, 83, 25, 96, 36, 41, 82, 7, 98, 11]",82.41,0.4897723221778869,361.6472449302673,11.29,3013.24
275,"[83, 73, 29, 68, 94, 92, 4, 22, 53, 50]",76.03,0.6115501496195793,362.9357557296753,10.55,3023.79
276,"[63, 23, 95, 37, 4, 1, 38, 72, 77, 13]",69.93,0.785797718167305,364.51100897789,10.78,3034.57
277,"[42, 36, 58, 82, 69, 67, 63, 17, 64, 59]",81.05,0.5141718873381614,365.7925860881805,11.38,3045.9500000000003
278,"[34, 24, 14, 42, 20, 93, 58, 82, 32, 91]",79.06,0.5559621223807335,366.9592373371124,11.18,3057.13
279,"[23, 1, 94, 43, 37, 72, 86, 96, 24, 22]",73.73,0.6689520889520645,368.24711418151855,10.78,3067.9100000000003
280,"[78, 81, 51, 54, 65, 41, 11, 85, 12, 23]",73.28,0.6639664140343666,369.3647565841675,11.19,3079.1000000000004
281,"[17, 61, 41, 31, 0, 33, 49, 30, 57, 96]",72.43,0.7454835569858551,370.6273822784424,11.29,3090.3900000000003
282,"[34, 42, 38, 74, 92, 73, 1, 33, 83, 46]",77.9,0.5762470898032188,371.88318371772766,11.18,3101.57
283,"[88, 30, 7, 85, 15, 59, 39, 20, 51, 87]",77.55,0.5835752460360527,372.89485454559326,9.18,3110.75
284,"[64, 90, 98, 39, 88, 15, 81, 37, 47, 78]",80.11,0.5181163102388382,374.1841855049133,11.38,3122.13
285,"[28, 17, 61, 19, 58, 95, 77, 47, 53, 89]",79.01,0.5699653965234757,375.5486843585968,11.34,3133.4700000000003
286,"[70, 60, 96, 68, 85, 27, 97, 31, 87, 76]",81.6,0.4913831099867821,377.0368537902832,8.94,3142.4100000000003
287,"[10, 67, 57, 90, 46, 9, 72, 14, 7, 70]",78.07,0.6101258286833763,378.23585081100464,10.78,3153.1900000000005
288,"[64, 25, 73, 68, 19, 21, 41, 66, 56, 14]",74.58,0.6330113676190376,379.46666526794434,11.38,3164.5700000000006
289,"[87, 26, 91, 74, 62, 11, 65, 57, 7, 58]",76.58,0.6222428408265114,380.7293479442597,11.13,3175.7000000000007
290,"[16, 65, 53, 58, 72, 7, 71, 59, 86, 39]",80.28,0.5216830107569694,381.7980694770813,11.09,3186.790000000001
291,"[92, 2, 50, 32, 0, 95, 27, 74, 9, 5]",81.2,0.5111967265605927,383.12511110305786,9.23,3196.020000000001
292,"[54, 44, 89, 8, 69, 7, 60, 4, 36, 52]",82.52,0.4936176767945289,384.4295830726624,10.11,3206.130000000001
293,"[23, 98, 17, 82, 93, 53, 47, 48, 57, 10]",77.51,0.628837234377861,385.7740864753723,12.1,3218.230000000001
294,"[87, 84, 69, 17, 83, 44, 15, 22, 68, 50]",76.49,0.6162098100781441,387.2051658630371,9.3,3227.530000000001
295,"[67, 16, 93, 28, 0, 96, 2, 38, 59, 86]",75.8,0.6666873612999916,388.6006979942322,11.34,3238.8700000000013
296,"[92, 69, 54, 68, 48, 29, 31, 58, 44, 19]",76.7,0.6017611947655678,389.8910727500916,12.1,3250.970000000001
297,"[35, 24, 92, 97, 14, 4, 84, 53, 78, 98]",77.42,0.5922813591361046,391.0653610229492,8.96,3259.930000000001
298,"[2, 30, 26, 8, 12, 76, 4, 57, 86, 90]",72.72,0.6307456505298614,392.4983079433441,11.13,3271.0600000000013
299,"[6, 31, 94, 5, 51, 56, 29, 69, 27, 96]",79.36,0.5475742143392562,393.7763328552246,11.1,3282.160000000001
300,"[99, 7, 17, 64, 37, 29, 93, 73, 40, 76]",78.84,0.5539554312825203,395.4587931632996,11.38,3293.5400000000013
301,"[98, 86, 41, 30, 38, 18, 84, 66, 28, 52]",78.42,0.5388741311430931,396.6859738826752,11.34,3304.8800000000015
302,"[38, 35, 7, 71, 75, 94, 22, 80, 86, 54]",78.58,0.555571299791336,398.0763313770294,11.09,3315.9700000000016
303,"[71, 63, 6, 44, 82, 85, 48, 67, 40, 89]",79.3,0.5449014386534691,399.25465512275696,12.1,3328.0700000000015
304,"[53, 52, 19, 38, 48, 23, 96, 68, 60, 30]",77.36,0.5998544418811798,400.53732681274414,12.1,3340.1700000000014
305,"[28, 38, 90, 18, 59, 7, 71, 52, 53, 67]",79.11,0.5321137449145317,401.855788230896,11.34,3351.5100000000016
306,"[17, 49, 31, 32, 26, 42, 82, 10, 57, 47]",80.82,0.5028216049075127,403.2774062156677,11.18,3362.6900000000014
307,"[11, 68, 92, 24, 6, 34, 48, 86, 77, 5]",76.06,0.6051718980073929,404.592759847641,12.1,3374.7900000000013
308,"[9, 24, 97, 75, 92, 85, 71, 27, 61, 26]",76.85,0.5788117808103561,405.8834660053253,11.29,3386.0800000000013
309,"[42, 38, 1, 27, 24, 94, 15, 95, 96, 61]",76.49,0.5720466688275337,407.27158308029175,11.29,3397.3700000000013
310,"[31, 89, 77, 90, 26, 50, 30, 70, 41, 99]",78.6,0.5508262139558792,408.7212045192719,11.19,3408.5600000000013
311,"[36, 48, 59, 68, 83, 45, 39, 33, 46, 65]",76.81,0.6179224959015847,409.81168246269226,12.1,3420.660000000001
312,"[63, 59, 12, 92, 60, 97, 40, 26, 47, 52]",80.52,0.5558583152294159,411.1952397823334,11.13,3431.7900000000013
313,"[5, 72, 28, 94, 18, 2, 33, 70, 74, 92]",80.5,0.5250959447026253,412.3266904354096,11.34,3443.1300000000015
314,"[53, 37, 19, 25, 42, 29, 48, 72, 31, 63]",73.26,0.7259974554181099,413.7975208759308,12.1,3455.2300000000014
315,"[70, 83, 87, 43, 32, 97, 62, 92, 82, 94]",77.84,0.6696546250581741,415.03262591362,8.96,3464.1900000000014
316,"[62, 58, 21, 93, 45, 17, 92, 69, 23, 82]",75.53,0.6681777846813202,416.3962802886963,11.71,3475.9000000000015
317,"[7, 67, 4, 9, 85, 6, 97, 0, 52, 17]",76.87,0.6263004222512245,417.6704940795898,10.11,3486.0100000000016
318,"[80, 29, 8, 90, 19, 1, 27, 64, 58, 47]",78.49,0.5458123570680619,419.1841065883637,11.38,3497.3900000000017
319,"[7, 79, 81, 85, 78, 61, 84, 62, 2, 0]",80.31,0.5296649599075317,420.3914752006531,11.29,3508.6800000000017
320,"[68, 70, 52, 1, 2, 67, 92, 35, 36, 64]",82.05,0.5052904197573662,421.7859742641449,11.38,3520.0600000000018
321,"[89, 86, 55, 22, 13, 12, 67, 19, 30, 24]",78.21,0.5696323090791702,423.0101201534271,9.94,3530.000000000002
322,"[79, 67, 32, 45, 34, 50, 10, 47, 51, 58]",79.52,0.5898129072785377,424.2137656211853,11.71,3541.710000000002
323,"[72, 31, 89, 28, 38, 87, 10, 83, 97, 4]",78.09,0.5949252620339394,425.38375997543335,11.34,3553.050000000002
324,"[11, 51, 48, 70, 60, 7, 81, 1, 89, 21]",77.36,0.6355315741896629,426.5025587081909,12.1,3565.150000000002
325,"[10, 63, 55, 82, 42, 72, 12, 67, 5, 29]",79.4,0.5193321412801742,427.8908290863037,11.18,3576.3300000000017
326,"[27, 88, 72, 60, 34, 5, 9, 87, 35, 69]",81.91,0.4992005860805511,429.29251861572266,10.78,3587.110000000002
327,"[72, 84, 4, 22, 40, 2, 26, 75, 18, 96]",80.12,0.522939313352108,430.6792778968811,11.13,3598.240000000002
328,"[91, 50, 9, 38, 20, 72, 30, 49, 86, 69]",78.51,0.5385335862636567,431.9549369812012,10.78,3609.0200000000023
329,"[42, 49, 96, 94, 17, 88, 92, 10, 64, 95]",80.81,0.5209283283352852,433.2760384082794,11.38,3620.4000000000024
330,"[44, 6, 12, 55, 29, 9, 43, 77, 98, 78]",79.54,0.5372846326231957,434.8543291091919,8.59,3628.9900000000025
331,"[76, 50, 99, 41, 3, 81, 34, 57, 62, 29]",78.94,0.5434017312526703,436.2228982448578,11.19,3640.1800000000026
332,"[45, 70, 48, 55, 23, 87, 74, 84, 10, 98]",79.48,0.5551809266209602,437.5033006668091,12.1,3652.2800000000025
333,"[79, 37, 31, 91, 9, 10, 34, 19, 48, 81]",74.2,0.7061721906065941,438.78176832199097,12.1,3664.3800000000024
334,"[19, 94, 49, 40, 46, 13, 11, 0, 39, 56]",82.98,0.4720853504538536,439.9061942100525,11.1,3675.4800000000023
335,"[46, 97, 34, 13, 16, 11, 23, 55, 57, 71]",81.35,0.5008986070752144,441.1829745769501,11.09,3686.5700000000024
336,"[71, 65, 52, 13, 3, 11, 45, 70, 76, 41]",82.82,0.4664745712280273,442.4413778781891,11.71,3698.2800000000025
337,"[49, 1, 37, 52, 99, 10, 92, 71, 31, 73]",72.27,0.6795277667045593,443.74529790878296,11.09,3709.3700000000026
338,"[66, 21, 87, 48, 17, 34, 38, 63, 18, 8]",79.79,0.5649117869138718,445.2258551120758,12.1,3721.4700000000025
339,"[21, 55, 35, 53, 38, 61, 9, 46, 32, 31]",79.94,0.5203930670022965,446.4276630878449,11.29,3732.7600000000025
340,"[92, 80, 63, 76, 78, 25, 58, 13, 17, 38]",80.83,0.4957527077198028,447.8983008861542,10.04,3742.8000000000025
341,"[0, 50, 42, 79, 48, 56, 55, 83, 76, 17]",80.16,0.5350622987747192,449.2845573425293,12.1,3754.9000000000024
342,"[38, 41, 77, 88, 25, 61, 40, 22, 50, 37]",70.29,0.7445998311042785,450.743531703949,11.29,3766.1900000000023
343,"[94, 88, 81, 62, 73, 31, 41, 48, 35, 50]",74.93,0.6462986648082734,451.98638820648193,12.1,3778.2900000000022
344,"[46, 14, 72, 25, 75, 69, 23, 87, 98, 70]",80.28,0.5267902195453644,453.27151918411255,10.78,3789.0700000000024
345,"[3, 93, 59, 90, 26, 56, 37, 88, 8, 52]",79.7,0.518181891143322,454.75351452827454,11.13,3800.2000000000025
346,"[86, 63, 17, 81, 38, 30, 32, 84, 19, 91]",81.99,0.4924460190534592,455.9871897697449,9.94,3810.1400000000026
347,"[54, 48, 9, 57, 76, 61, 74, 51, 68, 64]",78.27,0.5811596450209617,457.0416152477264,12.1,3822.2400000000025
348,"[88, 53, 69, 4, 46, 89, 68, 76, 81, 10]",78.56,0.5642182764410972,458.2526388168335,8.83,3831.0700000000024
349,"[13, 98, 31, 84, 85, 45, 21, 82, 78, 5]",81.75,0.4915124553442001,459.522164106369,11.71,3842.7800000000025
350,"[72, 82, 86, 51, 96, 42, 55, 13, 1, 12]",72.98,0.650924146771431,460.8571515083313,11.18,3853.9600000000023
351,"[33, 28, 65, 95, 66, 71, 74, 88, 73, 57]",77.0,0.5862669345736503,462.08734345436096,11.34,3865.3000000000025
352,"[47, 50, 59, 98, 86, 75, 88, 64, 19, 44]",80.95,0.5099788737297059,463.362856388092,11.38,3876.6800000000026
353,"[3, 61, 13, 37, 53, 10, 14, 93, 18, 44]",77.73,0.5752844947576523,464.7310004234314,11.29,3887.9700000000025
354,"[39, 43, 58, 26, 66, 61, 44, 60, 12, 56]",79.36,0.533516812324524,466.0699095726013,11.29,3899.2600000000025
355,"[92, 89, 57, 40, 8, 38, 5, 90, 14, 2]",79.12,0.5350192195177078,467.46463775634766,10.93,3910.1900000000023
356,"[43, 82, 13, 86, 21, 94, 31, 66, 22, 70]",82.01,0.4999223716557026,468.66098284721375,9.03,3919.2200000000025
357,"[20, 42, 71, 54, 59, 29, 51, 80, 23, 81]",81.86,0.4878089287877082,469.88789081573486,11.18,3930.4000000000024
358,"[84, 55, 50, 3, 94, 78, 25, 57, 75, 54]",80.42,0.5171131664514541,471.3111340999603,10.1,3940.5000000000023
359,"[49, 0, 90, 27, 26, 35, 96, 8, 73, 13]",81.71,0.4901204094290733,472.7757315635681,11.13,3951.6300000000024
360,"[68, 23, 46, 41, 25, 58, 14, 33, 85, 62]",78.31,0.5843399512767792,473.88501834869385,11.19,3962.8200000000024
361,"[67, 81, 40, 76, 49, 78, 50, 75, 14, 44]",83.0,0.4582477328181267,475.15787959098816,10.93,3973.7500000000023
362,"[45, 58, 79, 22, 86, 90, 38, 78, 75, 10]",83.15,0.4600440475344658,476.54467701911926,11.71,3985.4600000000023
363,"[86, 17, 40, 15, 30, 39, 14, 23, 47, 88]",81.46,0.5083073380589486,477.8220765590668,10.93,3996.390000000002
364,"[18, 65, 49, 53, 76, 17, 73, 54, 23, 62]",78.98,0.55914669662714,479.1306414604187,10.58,4006.970000000002
365,"[81, 68, 88, 82, 22, 71, 21, 62, 36, 17]",76.44,0.668206769824028,480.323344707489,11.09,4018.060000000002
366,"[23, 40, 57, 79, 6, 45, 1, 62, 17, 24]",79.73,0.5501015982031823,481.6338014602661,11.71,4029.7700000000023
367,"[49, 71, 64, 83, 63, 52, 87, 62, 53, 90]",82.73,0.4828100776672363,482.9909770488739,11.38,4041.1500000000024
368,"[56, 62, 21, 10, 72, 3, 97, 28, 37, 4]",72.55,0.671238304078579,484.1599543094635,11.34,4052.4900000000025
369,"[35, 28, 68, 36, 21, 99, 58, 72, 95, 98]",75.74,0.6048894795775414,485.2727355957031,11.34,4063.8300000000027
370,"[98, 63, 70, 65, 14, 73, 34, 99, 69, 46]",83.82,0.4456430539488792,486.5586450099945,10.55,4074.380000000003
371,"[69, 96, 5, 97, 92, 56, 27, 54, 13, 94]",78.21,0.5507325398921966,487.85044527053833,11.1,4085.4800000000027
372,"[83, 96, 31, 38, 4, 57, 33, 44, 11, 56]",82.64,0.4702044105529785,489.27458691596985,11.1,4096.580000000003
373,"[15, 99, 30, 26, 94, 75, 88, 44, 90, 78]",79.09,0.5263372054696083,490.6509828567505,11.13,4107.710000000003
374,"[80, 54, 21, 78, 17, 26, 7, 72, 44, 68]",79.55,0.5553151181340218,492.0899000167847,11.13,4118.840000000003
375,"[35, 76, 68, 21, 41, 90, 37, 73, 34, 65]",68.47,0.8681370919942856,493.3678615093231,11.19,4130.0300000000025
376,"[86, 12, 17, 96, 52, 7, 35, 83, 16, 89]",82.93,0.4719069145619869,494.7611789703369,10.11,4140.140000000002
377,"[16, 31, 18, 91, 41, 97, 86, 50, 62, 73]",77.57,0.5568034788966179,495.98934745788574,11.19,4151.330000000002
378,"[80, 34, 53, 48, 57, 9, 81, 98, 11, 51]",78.26,0.5744295391440392,497.1929888725281,12.1,4163.430000000002
379,"[65, 95, 35, 88, 47, 58, 62, 41, 74, 0]",82.83,0.4777726620435715,498.24948287010193,11.19,4174.620000000002
380,"[99, 93, 11, 58, 81, 85, 89, 45, 8, 68]",78.19,0.5915170443058014,499.2941524982453,11.71,4186.330000000002
381,"[50, 27, 54, 63, 34, 41, 36, 43, 70, 73]",82.18,0.4936501649022102,500.5136249065399,11.19,4197.520000000001
382,"[16, 72, 62, 43, 87, 97, 6, 5, 12, 80]",77.88,0.5475050321221352,501.8404800891876,10.78,4208.300000000001
383,"[58, 2, 15, 20, 56, 0, 54, 25, 88, 16]",80.0,0.5341500276327134,503.02079916000366,11.1,4219.4000000000015
384,"[83, 38, 20, 35, 11, 46, 32, 10, 47, 85]",81.38,0.535649756193161,504.40973567962646,10.86,4230.260000000001
385,"[83, 21, 6, 50, 80, 39, 92, 89, 96, 29]",80.33,0.5089279049634934,505.5802206993103,10.04,4240.300000000001
386,"[54, 83, 11, 90, 12, 0, 27, 61, 9, 16]",78.21,0.5446990019083023,507.0001752376557,11.29,4251.590000000001
387,"[75, 28, 66, 87, 56, 1, 89, 43, 15, 54]",80.6,0.509916765987873,508.1859061717987,11.34,4262.930000000001
388,"[88, 16, 61, 9, 29, 49, 11, 93, 13, 40]",82.04,0.4926725247502327,509.4732980728149,11.29,4274.220000000001
389,"[47, 38, 17, 48, 99, 96, 82, 86, 18, 8]",84.22,0.4370013213157653,510.944310426712,12.1,4286.3200000000015
390,"[67, 72, 1, 78, 83, 21, 56, 44, 92, 27]",79.6,0.53879489839077,512.198486328125,11.1,4297.420000000002
391,"[80, 95, 19, 52, 78, 87, 56, 27, 11, 12]",81.61,0.4874337926506996,513.7821278572083,11.1,4308.520000000002
392,"[17, 96, 15, 75, 93, 49, 44, 54, 40, 31]",79.98,0.5408224949240684,515.2528839111328,10.93,4319.450000000003
393,"[35, 82, 10, 31, 70, 76, 92, 77, 36, 99]",80.16,0.5169557207822799,516.8115327358246,8.96,4328.410000000003
394,"[88, 3, 84, 38, 26, 66, 77, 65, 24, 95]",79.84,0.5451438623666763,518.3046255111694,11.13,4339.540000000003
395,"[50, 37, 82, 6, 30, 63, 49, 14, 81, 76]",67.98,0.8674465727806091,519.6984107494354,10.58,4350.120000000003
396,"[9, 67, 1, 46, 40, 16, 49, 72, 53, 69]",81.59,0.4971199196577072,521.0206301212311,10.93,4361.050000000003
397,"[87, 22, 97, 60, 98, 9, 2, 75, 8, 1]",81.26,0.5109191647171974,522.3646519184113,8.1,4369.150000000003
398,"[33, 27, 5, 7, 50, 64, 36, 80, 91, 98]",80.62,0.5055503603816033,523.6789672374725,11.38,4380.530000000003
399,"[53, 54, 89, 51, 10, 81, 68, 78, 19, 35]",80.39,0.5192132037878037,525.0098099708557,9.94,4390.470000000003
400,"[10, 39, 65, 26, 19, 68, 41, 50, 75, 81]",81.78,0.4814552471041679,526.2929365634918,11.19,4401.660000000003
401,"[97, 83, 87, 82, 8, 39, 89, 55, 93, 30]",81.33,0.5190963146090507,527.5972261428833,9.18,4410.840000000003
402,"[7, 31, 11, 55, 14, 58, 78, 77, 39, 85]",80.75,0.5199591180682183,528.8759353160858,8.7,4419.540000000003
403,"[94, 84, 22, 15, 1, 90, 17, 89, 20, 63]",82.69,0.4779702219367027,530.236255645752,9.3,4428.840000000003
404,"[44, 66, 92, 33, 21, 47, 16, 95, 99, 34]",83.67,0.4551069521903991,531.5757677555084,10.86,4439.700000000003
405,"[93, 15, 98, 3, 42, 54, 34, 67, 8, 33]",82.03,0.4897692111134529,532.8677461147308,11.18,4450.880000000003
406,"[91, 73, 80, 9, 63, 58, 65, 46, 7, 72]",80.74,0.5202367204427719,534.0326526165009,10.78,4461.660000000003
407,"[21, 47, 20, 32, 98, 13, 73, 86, 92, 14]",83.67,0.4476926508545875,535.1368231773376,10.86,4472.520000000002
408,"[29, 94, 65, 0, 5, 1, 31, 60, 46, 49]",83.78,0.4455757033824921,536.3166046142578,10.58,4483.100000000002
409,"[19, 22, 4, 70, 91, 94, 83, 53, 28, 41]",81.3,0.5137084829807281,537.4741175174713,11.34,4494.440000000002
410,"[31, 53, 92, 40, 34, 9, 73, 47, 15, 64]",81.87,0.5000260615348816,538.7821092605591,11.38,4505.820000000002
411,"[86, 6, 22, 28, 66, 5, 51, 8, 59, 36]",77.77,0.5716532161831855,540.0798847675323,11.34,4517.160000000003
412,"[99, 39, 41, 11, 70, 58, 1, 47, 25, 37]",80.56,0.4986339190602302,541.5287296772003,11.19,4528.350000000002
413,"[72, 38, 94, 79, 31, 59, 47, 75, 63, 98]",82.66,0.4863917335867881,542.7052505016327,10.86,4539.210000000002
414,"[99, 25, 93, 69, 97, 31, 19, 0, 52, 3]",80.69,0.5134472516179085,543.992616891861,10.11,4549.3200000000015
415,"[29, 69, 44, 81, 88, 1, 42, 0, 97, 84]",83.33,0.4632946842908859,545.2796301841736,11.18,4560.500000000002
416,"[48, 94, 93, 39, 13, 26, 67, 30, 53, 62]",81.09,0.5131162431836128,546.6102564334869,12.1,4572.600000000002
417,"[7, 18, 91, 35, 11, 5, 29, 66, 52, 89]",77.71,0.5588311347365379,547.9728436470032,10.11,4582.710000000002
418,"[47, 58, 95, 10, 74, 12, 64, 17, 81, 50]",84.12,0.4384162718057632,549.4692192077637,11.38,4594.090000000002
419,"[9, 75, 72, 7, 55, 84, 16, 30, 37, 33]",77.95,0.5977535158395767,550.8015711307526,10.78,4604.870000000002
420,"[40, 50, 89, 94, 41, 57, 34, 29, 9, 25]",79.92,0.5261770349740982,552.0631971359253,11.19,4616.060000000001
421,"[17, 99, 98, 74, 13, 19, 21, 57, 59, 40]",81.01,0.5017492631077767,553.2580349445343,10.93,4626.990000000002
422,"[52, 15, 68, 45, 98, 26, 57, 39, 59, 33]",82.59,0.4717831295728683,554.4324450492859,11.71,4638.700000000002
423,"[15, 11, 20, 87, 38, 90, 89, 77, 5, 27]",80.49,0.5145112010836601,555.9361305236816,8.59,4647.290000000002
424,"[41, 18, 11, 91, 31, 45, 50, 65, 6, 86]",81.18,0.4978997611999511,557.2943422794342,11.71,4659.000000000002
425,"[38, 33, 22, 3, 51, 57, 71, 95, 70, 31]",82.79,0.4754376190900802,558.5905842781067,11.09,4670.090000000002
426,"[12, 59, 13, 17, 15, 1, 7, 99, 28, 16]",82.19,0.4821682029962539,560.0653042793274,11.34,4681.430000000002
427,"[25, 51, 47, 87, 80, 82, 10, 74, 75, 33]",83.67,0.4479993918538094,561.2086653709412,10.86,4692.290000000002
428,"[9, 2, 8, 25, 82, 56, 16, 11, 42, 15]",80.23,0.5295938533544541,562.4275569915771,11.18,4703.470000000002
429,"[5, 59, 6, 21, 73, 55, 92, 50, 63, 3]",80.55,0.5027866506576538,563.73619556427,10.55,4714.020000000002
430,"[48, 87, 54, 22, 45, 27, 23, 35, 57, 19]",80.9,0.5049268189072609,565.0989356040955,12.1,4726.120000000003
431,"[4, 78, 79, 31, 82, 37, 63, 52, 70, 61]",81.48,0.4974519622325897,566.494101524353,11.29,4737.410000000003
432,"[7, 11, 35, 49, 17, 53, 25, 82, 67, 31]",78.87,0.5717840176820755,568.0420863628387,10.58,4747.9900000000025
433,"[80, 69, 2, 48, 91, 45, 61, 62, 44, 72]",81.48,0.4969266971945763,569.4343798160553,12.1,4760.090000000003
434,"[64, 41, 49, 34, 23, 3, 40, 76, 28, 99]",81.69,0.4821755015850067,570.7190973758698,11.38,4771.470000000003
435,"[35, 7, 60, 67, 45, 98, 74, 29, 20, 12]",83.65,0.4559718686342239,572.0102837085724,11.71,4783.180000000003
436,"[31, 84, 30, 34, 68, 94, 7, 97, 28, 73]",77.91,0.6098856595158577,573.075713634491,11.34,4794.520000000003
437,"[49, 45, 22, 30, 75, 40, 94, 89, 3, 90]",80.87,0.4946583938598632,574.271279335022,11.71,4806.230000000003
438,"[89, 45, 72, 18, 24, 63, 69, 39, 22, 62]",82.82,0.4669116380810738,575.3365211486816,11.71,4817.940000000003
439,"[4, 11, 7, 29, 77, 28, 2, 67, 61, 0]",81.92,0.4792317345738411,576.6208245754242,11.34,4829.280000000003
440,"[42, 78, 25, 16, 43, 91, 22, 41, 7, 2]",83.71,0.4411779728531837,578.0151755809784,11.19,4840.470000000003
441,"[18, 75, 90, 99, 14, 67, 46, 9, 47, 84]",84.92,0.4227714937925338,579.4066858291626,10.86,4851.330000000003
442,"[50, 75, 12, 43, 38, 41, 17, 20, 93, 55]",84.05,0.4373207241296768,581.0565826892853,11.19,4862.520000000002
443,"[81, 62, 83, 40, 22, 90, 71, 88, 78, 45]",82.68,0.4651163291931152,582.2631883621216,11.71,4874.230000000002
444,"[28, 85, 75, 22, 48, 39, 93, 88, 37, 16]",80.64,0.5248391562700272,583.490704536438,12.1,4886.330000000003
445,"[22, 93, 0, 89, 73, 50, 98, 72, 4, 23]",79.45,0.5717229387164116,584.6550190448761,10.78,4897.110000000002
446,"[77, 40, 78, 28, 81, 72, 13, 63, 18, 42]",81.31,0.5102236670255661,585.9118964672089,11.34,4908.450000000003
447,"[95, 9, 30, 44, 40, 21, 81, 11, 90, 85]",82.41,0.5032699486613273,587.1063778400421,10.93,4919.380000000003
448,"[81, 93, 42, 57, 1, 33, 26, 31, 88, 8]",82.56,0.489255214035511,588.445634841919,11.18,4930.560000000003
449,"[44, 32, 13, 92, 0, 6, 49, 56, 93, 53]",78.9,0.5857485252618789,589.8113000392914,11.1,4941.6600000000035
450,"[21, 52, 63, 48, 44, 69, 12, 61, 73, 83]",81.12,0.4987379795312881,591.0928683280945,12.1,4953.760000000004
451,"[97, 87, 28, 20, 57, 9, 4, 37, 2, 40]",83.93,0.4384772452712059,592.3903961181641,11.34,4965.100000000004
452,"[33, 13, 9, 43, 21, 48, 20, 93, 70, 11]",78.18,0.6101390054821968,593.6728224754333,12.1,4977.200000000004
453,"[43, 76, 78, 61, 90, 3, 55, 83, 21, 77]",83.05,0.4604523777961731,595.0480194091797,11.29,4988.490000000004
454,"[55, 20, 6, 12, 42, 26, 24, 52, 89, 70]",82.37,0.4759167847037315,596.5792798995972,11.18,4999.670000000005
455,"[92, 93, 69, 33, 84, 36, 38, 30, 12, 6]",79.06,0.5727845484018326,598.147786617279,9.18,5008.850000000005
456,"[50, 73, 70, 62, 19, 6, 46, 0, 54, 11]",81.33,0.5122192507982254,599.3709962368011,10.55,5019.400000000005
457,"[37, 84, 80, 76, 61, 25, 12, 3, 26, 21]",71.18,0.7495129808783532,600.8984212875366,11.29,5030.690000000005
458,"[81, 37, 10, 60, 14, 39, 50, 62, 84, 33]",78.49,0.5697486487030983,602.1010916233063,8.7,5039.390000000005
459,"[11, 82, 69, 49, 23, 47, 48, 57, 5, 33]",84.77,0.4154071469604969,603.2999489307404,12.1,5051.490000000005
460,"[56, 59, 33, 28, 34, 72, 7, 19, 96, 89]",79.26,0.5621357497572899,604.5206162929535,11.34,5062.830000000005
461,"[85, 12, 10, 44, 69, 52, 96, 75, 29, 70]",83.07,0.460905472189188,606.0075721740723,10.11,5072.940000000005
462,"[7, 49, 66, 53, 68, 87, 60, 73, 30, 38]",84.52,0.423099996894598,607.2675383090973,10.58,5083.520000000005
463,"[10, 50, 91, 4, 64, 73, 66, 86, 79, 18]",80.98,0.5029419282078743,608.5749740600586,11.38,5094.900000000005
464,"[15, 96, 57, 22, 21, 27, 24, 16, 5, 54]",78.85,0.5519665929675103,609.8946225643158,8.72,5103.620000000005
465,"[10, 87, 55, 25, 80, 18, 76, 33, 40, 93]",83.14,0.4629731911420822,611.3160314559937,10.93,5114.550000000006
466,"[8, 11, 49, 71, 50, 70, 41, 35, 66, 58]",82.28,0.478911347091198,612.6076889038086,11.19,5125.740000000005
467,"[1, 89, 79, 75, 66, 53, 14, 19, 18, 72]",82.07,0.482645451426506,613.7561330795288,10.78,5136.520000000005
468,"[75, 74, 97, 12, 13, 72, 99, 36, 68, 44]",83.59,0.4465087080001831,614.971390247345,10.78,5147.300000000005
469,"[52, 33, 49, 83, 62, 73, 77, 60, 4, 22]",78.2,0.5617792427539825,616.3584332466125,10.58,5157.880000000005
470,"[35, 51, 18, 79, 77, 87, 88, 4, 50, 42]",81.49,0.5005818805098534,617.7492876052856,11.18,5169.060000000005
471,"[88, 30, 6, 95, 60, 34, 47, 2, 43, 38]",81.65,0.5062506386637687,619.2495138645172,10.86,5179.920000000005
472,"[39, 35, 62, 89, 87, 12, 29, 17, 38, 95]",84.23,0.4346252167224884,620.7471897602081,9.3,5189.220000000005
473,"[56, 99, 41, 34, 93, 53, 77, 82, 11, 24]",79.34,0.5370395602285862,622.1125826835632,11.19,5200.410000000004
474,"[56, 27, 52, 94, 62, 97, 66, 47, 7, 65]",80.93,0.4917606854438782,623.4343202114105,11.1,5211.510000000005
475,"[20, 8, 39, 90, 64, 51, 17, 99, 67, 72]",81.8,0.494414421916008,624.6016519069672,11.38,5222.890000000005
476,"[3, 22, 24, 25, 7, 31, 4, 58, 6, 46]",78.1,0.5812415829300881,625.7888481616974,10.1,5232.990000000005
477,"[90, 25, 35, 47, 59, 64, 50, 81, 15, 87]",81.84,0.4835263827443123,627.1009285449982,11.38,5244.370000000005
478,"[3, 30, 47, 62, 76, 57, 22, 60, 75, 70]",84.17,0.4392673340439796,628.400643825531,10.86,5255.230000000005
479,"[44, 20, 33, 95, 88, 11, 36, 3, 49, 6]",83.89,0.4454844871163368,629.6702239513397,10.58,5265.810000000005
480,"[20, 73, 99, 27, 28, 82, 86, 26, 34, 83]",80.86,0.506488484442234,631.0262494087219,11.34,5277.150000000005
481,"[52, 65, 2, 99, 98, 87, 1, 60, 16, 82]",82.89,0.4552522477507591,632.2694933414459,10.11,5287.260000000005
482,"[22, 76, 1, 28, 32, 77, 39, 91, 90, 82]",72.86,0.6664781790971755,633.509290933609,11.34,5298.600000000005
483,"[35, 54, 48, 44, 58, 32, 27, 59, 38, 86]",83.34,0.4460564318299294,634.7379412651062,12.1,5310.700000000005
484,"[66, 79, 50, 74, 13, 0, 65, 84, 47, 71]",82.82,0.4677038553357124,636.1070427894592,11.09,5321.790000000005
485,"[82, 76, 77, 36, 38, 87, 13, 61, 8, 43]",83.12,0.4512438866496086,637.7011063098907,11.29,5333.080000000005
486,"[35, 81, 41, 33, 83, 91, 38, 24, 19, 66]",84.34,0.4306610827147961,639.0195293426514,11.19,5344.270000000005
487,"[97, 30, 7, 76, 51, 84, 40, 87, 17, 92]",83.85,0.449339300096035,640.3763635158539,10.93,5355.200000000005
488,"[3, 83, 63, 37, 33, 53, 51, 49, 94, 4]",81.1,0.5186488039791584,641.6232421398163,10.58,5365.780000000005
489,"[74, 90, 73, 24, 43, 92, 91, 28, 87, 68]",79.82,0.5453879562020302,642.7641179561615,11.34,5377.120000000005
490,"[81, 60, 85, 45, 64, 38, 21, 84, 71, 23]",81.81,0.5028540125489235,644.0024604797363,11.71,5388.830000000005
491,"[37, 12, 60, 16, 94, 33, 92, 71, 97, 23]",73.8,0.7549892491102219,645.3754987716675,11.09,5399.9200000000055
492,"[87, 42, 83, 11, 28, 45, 95, 39, 53, 47]",80.7,0.5932386836409569,646.6558730602264,11.71,5411.630000000006
493,"[33, 74, 37, 59, 15, 60, 6, 81, 79, 9]",76.89,0.6883418056368827,647.971272945404,10.63,5422.260000000006
494,"[60, 24, 64, 15, 87, 48, 67, 38, 52, 6]",80.24,0.5598921224474906,649.3384644985199,12.1,5434.360000000006
495,"[19, 17, 25, 43, 52, 72, 58, 18, 40, 91]",84.18,0.4272438584268093,650.6403758525848,10.93,5445.290000000006
496,"[23, 99, 10, 62, 42, 80, 22, 40, 81, 7]",84.24,0.4383317291736602,651.900063753128,11.18,5456.470000000007
497,"[0, 57, 35, 26, 97, 99, 21, 73, 20, 62]",78.97,0.5443535342812538,653.0777535438538,11.13,5467.600000000007
498,"[97, 99, 11, 16, 78, 55, 81, 54, 51, 61]",83.62,0.4385794031620025,654.2794079780579,11.29,5478.890000000007
499,"[49, 0, 4, 68, 25, 93, 47, 1, 41, 96]",80.87,0.5156282895803451,655.5695688724518,11.19,5490.080000000006
500,"[67, 24, 2, 86, 0, 80, 93, 31, 28, 88]",79.29,0.5973288777470589,656.8267486095428,11.34,5501.420000000006
501,"[44, 39, 16, 13, 49, 64, 75, 21, 8, 5]",83.51,0.4361703649163246,658.1187236309052,11.38,5512.800000000007
502,"[38, 37, 58, 93, 66, 76, 67, 43, 55, 87]",81.48,0.4784308323264122,659.6851644515991,9.03,5521.830000000006
503,"[17, 43, 62, 45, 96, 24, 21, 51, 2, 29]",82.75,0.4719693383574486,660.9708931446075,11.71,5533.540000000006
504,"[28, 93, 16, 27, 2, 75, 64, 21, 15, 46]",84.3,0.4323707586526871,662.2504787445068,11.38,5544.920000000006
505,"[91, 83, 4, 48, 81, 32, 98, 68, 79, 6]",83.21,0.4553042244911194,663.439346075058,12.1,5557.020000000007
506,"[76, 6, 84, 13, 83, 2, 88, 14, 53, 56]",81.64,0.5105405589938163,664.816568851471,11.1,5568.120000000007
507,"[48, 15, 70, 32, 60, 89, 19, 26, 88, 87]",83.26,0.4634936967492103,666.0909762382507,12.1,5580.2200000000075
508,"[80, 1, 38, 53, 84, 12, 66, 34, 79, 77]",79.19,0.5455527892708778,667.6068155765533,10.63,5590.850000000008
509,"[89, 17, 53, 13, 65, 92, 79, 15, 36, 14]",81.69,0.5013821777701378,668.9052791595459,10.63,5601.480000000008
510,"[13, 63, 25, 77, 99, 33, 66, 45, 90, 52]",78.97,0.5431650292873382,670.1596403121948,11.71,5613.190000000008
511,"[37, 20, 5, 70, 63, 26, 88, 61, 42, 30]",82.64,0.4713486307859421,671.6446802616119,11.29,5624.480000000008
512,"[0, 1, 85, 11, 14, 73, 63, 19, 99, 65]",82.17,0.467331428527832,672.8530421257019,10.55,5635.030000000008
513,"[9, 92, 12, 32, 82, 29, 58, 37, 33, 59]",77.17,0.654230751991272,674.1057732105255,8.96,5643.990000000008
514,"[6, 12, 22, 5, 37, 46, 86, 40, 54, 94]",75.95,0.6231944543123246,675.7254040241241,10.93,5654.920000000008
515,"[14, 12, 97, 5, 1, 17, 84, 82, 21, 42]",80.38,0.5212574127316475,677.0773537158966,11.18,5666.100000000009
516,"[45, 56, 79, 34, 93, 11, 47, 43, 23, 14]",82.14,0.4996661049127578,678.5814435482025,11.71,5677.810000000009
517,"[51, 58, 34, 49, 88, 61, 53, 83, 21, 14]",80.68,0.5508020406961441,679.6154131889343,11.29,5689.100000000009
518,"[16, 89, 92, 7, 20, 13, 53, 75, 61, 72]",83.18,0.4730519169569016,680.7643804550171,11.29,5700.3900000000085
519,"[86, 56, 23, 78, 48, 99, 45, 3, 87, 93]",84.92,0.4141984537243843,682.1800944805145,12.1,5712.490000000009
520,"[16, 61, 62, 14, 52, 56, 5, 8, 33, 83]",84.98,0.4164195413887501,683.450700044632,11.29,5723.780000000009
521,"[40, 1, 90, 86, 67, 98, 95, 73, 92, 72]",81.63,0.4832745772600174,684.8443768024445,10.93,5734.710000000009
522,"[28, 85, 43, 66, 88, 89, 79, 12, 55, 84]",84.17,0.4415209621191024,686.0998108386993,11.34,5746.050000000009
523,"[93, 31, 61, 44, 84, 86, 82, 49, 19, 71]",78.07,0.608306470811367,687.5656406879425,11.29,5757.340000000009
524,"[78, 6, 1, 82, 20, 64, 60, 63, 21, 9]",83.55,0.4488104963302612,688.7761867046356,11.38,5768.720000000009
525,"[96, 62, 41, 30, 42, 35, 6, 64, 28, 70]",83.13,0.4575114573538303,689.9766087532043,11.38,5780.1000000000095
526,"[82, 48, 51, 30, 10, 58, 56, 73, 57, 11]",82.05,0.4873843550682067,691.0954878330231,12.1,5792.20000000001
527,"[63, 57, 40, 15, 95, 83, 2, 13, 51, 52]",82.84,0.5055514548718929,692.2548198699951,10.93,5803.13000000001
528,"[4, 71, 70, 0, 11, 77, 79, 81, 38, 65]",81.38,0.4923735912144184,693.5795524120331,11.09,5814.22000000001
529,"[71, 26, 83, 85, 58, 43, 46, 6, 28, 42]",83.87,0.4372307512164116,694.8173711299896,11.34,5825.56000000001
530,"[71, 98, 79, 76, 60, 91, 84, 46, 57, 14]",82.38,0.4738108338415622,696.1353476047516,11.09,5836.650000000011
531,"[12, 97, 84, 28, 0, 43, 45, 81, 37, 70]",79.07,0.5839527970552445,697.508880853653,11.71,5848.360000000011
532,"[66, 47, 89, 13, 5, 21, 63, 17, 91, 95]",81.27,0.5092003129422664,698.9814960956573,10.86,5859.22000000001
533,"[92, 52, 13, 32, 78, 25, 24, 15, 50, 27]",84.08,0.4212175370752811,700.2649800777435,10.11,5869.33000000001
534,"[58, 24, 91, 43, 13, 96, 53, 5, 81, 86]",84.22,0.424455671608448,701.4635396003723,8.72,5878.05000000001
535,"[75, 15, 98, 57, 58, 84, 64, 17, 63, 0]",82.66,0.4670512832701206,702.6305122375488,11.38,5889.43000000001
536,"[67, 94, 6, 70, 55, 74, 61, 65, 99, 22]",84.48,0.4305302669107914,703.8329966068268,11.29,5900.72000000001
537,"[88, 74, 22, 93, 16, 13, 49, 84, 76, 77]",75.06,0.6656751903891563,705.427567243576,10.58,5911.30000000001
538,"[41, 64, 49, 53, 77, 88, 97, 31, 35, 50]",79.93,0.5435235831141472,706.9127745628357,11.38,5922.68000000001
539,"[43, 37, 57, 17, 52, 77, 89, 95, 65, 38]",80.1,0.5212094366550446,708.4192733764648,10.11,5932.79000000001
540,"[89, 70, 40, 91, 94, 80, 27, 25, 26, 79]",84.87,0.4133790239691734,709.9804668426514,11.13,5943.92000000001
541,"[91, 37, 87, 44, 86, 16, 90, 83, 22, 64]",81.84,0.476278480887413,711.3699598312378,11.38,5955.30000000001
542,"[69, 88, 81, 41, 90, 14, 97, 45, 71, 61]",82.09,0.4806264823675155,712.5093472003937,11.71,5967.01000000001
543,"[74, 73, 85, 90, 53, 86, 95, 68, 36, 54]",84.75,0.4223629702627658,713.8509922027588,10.55,5977.56000000001
544,"[1, 66, 13, 3, 48, 18, 6, 85, 7, 25]",84.6,0.4296656408905983,715.010998249054,12.1,5989.660000000011
545,"[34, 96, 20, 36, 87, 32, 18, 7, 88, 37]",84.34,0.431679967045784,716.2047026157379,8.72,5998.380000000011
546,"[26, 96, 69, 4, 45, 57, 13, 78, 86, 94]",84.25,0.4376758645474911,717.5812029838562,11.71,6010.090000000011
547,"[71, 28, 95, 82, 49, 30, 65, 89, 36, 88]",83.36,0.4627431674301624,718.6830978393555,11.34,6021.430000000011
548,"[85, 6, 48, 49, 53, 87, 40, 70, 1, 95]",82.83,0.4887921085953712,719.9438495635986,12.1,6033.530000000012
549,"[32, 25, 79, 99, 56, 28, 81, 90, 82, 47]",83.75,0.4397414156794548,721.2372522354126,11.34,6044.870000000012
550,"[96, 75, 69, 94, 77, 25, 99, 92, 24, 37]",73.74,0.7229000756144524,722.7033095359802,8.96,6053.830000000012
551,"[57, 22, 87, 9, 23, 94, 65, 15, 48, 5]",83.54,0.4461149229109287,723.8693511486053,12.1,6065.930000000012
552,"[54, 35, 71, 33, 16, 20, 74, 32, 0, 42]",82.75,0.4599485594034195,724.99325299263,11.18,6077.110000000012
553,"[59, 90, 19, 5, 41, 76, 6, 99, 80, 78]",77.26,0.6006730914115905,726.3714861869812,11.19,6088.300000000012
554,"[84, 38, 62, 73, 70, 45, 9, 90, 40, 67]",83.66,0.4446091416478157,727.8984410762787,11.71,6100.010000000012
555,"[28, 23, 66, 8, 64, 20, 53, 69, 68, 51]",84.38,0.4293152266740799,729.0436372756958,11.38,6111.390000000012
556,"[11, 44, 28, 27, 84, 42, 46, 37, 96, 79]",82.85,0.4535596822202206,730.5127778053284,11.34,6122.730000000012
557,"[67, 60, 71, 96, 83, 1, 14, 85, 44, 57]",84.83,0.412459976375103,731.7894721031189,11.09,6133.820000000012
558,"[30, 82, 78, 79, 31, 5, 87, 41, 48, 14]",84.67,0.4166763968765735,733.0015578269958,12.1,6145.920000000013
559,"[49, 32, 69, 92, 36, 3, 66, 98, 47, 65]",80.3,0.4952135369181633,734.2018120288849,10.86,6156.7800000000125
560,"[65, 57, 62, 5, 37, 83, 24, 41, 10, 12]",75.48,0.6296429374814033,735.4901099205017,11.19,6167.970000000012
561,"[21, 98, 68, 0, 80, 8, 26, 85, 99, 27]",82.51,0.4607564529776573,736.8143932819366,11.13,6179.100000000012
562,"[87, 54, 13, 26, 68, 89, 94, 99, 55, 82]",83.56,0.4333650840818882,738.1212108135223,11.13,6190.230000000012
563,"[9, 95, 87, 19, 3, 58, 91, 42, 4, 11]",85.05,0.4187813100218773,739.3730397224426,11.18,6201.410000000013
564,"[9, 6, 22, 32, 71, 73, 29, 33, 52, 49]",79.65,0.5489223739504814,740.58380818367,11.09,6212.500000000013
565,"[57, 80, 51, 55, 40, 2, 49, 86, 15, 68]",84.56,0.4261588655412197,741.7332434654236,10.93,6223.430000000013
566,"[0, 82, 92, 79, 8, 96, 95, 74, 5, 89]",85.37,0.4053918312489986,742.9663383960724,10.63,6234.060000000013
567,"[9, 45, 64, 13, 37, 87, 38, 77, 11, 36]",82.5,0.4635350331664085,744.5640316009521,11.71,6245.770000000013
568,"[97, 56, 48, 50, 84, 3, 60, 20, 68, 28]",84.95,0.4108325360715389,745.8229234218597,12.1,6257.8700000000135
569,"[17, 95, 50, 69, 37, 81, 18, 38, 86, 93]",83.28,0.4575928717851639,747.319554567337,9.3,6267.170000000014
570,"[82, 47, 1, 70, 71, 18, 15, 5, 0, 73]",86.01,0.3895593608915806,748.5869741439819,11.09,6278.260000000014
571,"[76, 50, 68, 70, 10, 39, 26, 95, 94, 92]",84.71,0.421304499655962,750.0007109642029,11.13,6289.390000000014
572,"[44, 27, 52, 82, 65, 18, 20, 23, 28, 78]",80.84,0.5039947852492332,751.2266812324524,11.34,6300.730000000014
573,"[32, 24, 14, 23, 85, 72, 6, 96, 70, 59]",81.0,0.5317140799760819,752.3028643131256,10.78,6311.510000000014
574,"[82, 70, 9, 37, 85, 8, 32, 12, 25, 92]",76.6,0.7027890148758889,753.6938350200653,8.96,6320.470000000014
575,"[74, 62, 42, 45, 16, 85, 83, 30, 12, 36]",85.08,0.4129162602126598,754.9650094509125,11.71,6332.180000000014
576,"[79, 8, 24, 40, 62, 57, 42, 78, 84, 39]",84.94,0.417394176274538,756.1588084697723,11.18,6343.360000000014
577,"[88, 74, 19, 72, 46, 40, 54, 21, 0, 31]",82.41,0.4728009688854218,757.1907835006714,10.93,6354.2900000000145
578,"[28, 91, 94, 82, 55, 35, 46, 17, 86, 93]",81.54,0.4979336047172546,758.5029928684235,11.34,6365.630000000015
579,"[42, 61, 59, 57, 45, 99, 39, 62, 70, 13]",85.77,0.3972494553029537,759.6896076202393,11.71,6377.340000000015
580,"[22, 82, 77, 10, 35, 17, 68, 25, 33, 93]",79.52,0.5460178217291832,761.2669386863708,9.3,6386.640000000015
581,"[80, 9, 93, 2, 64, 3, 74, 51, 98, 75]",83.1,0.4620760107040405,762.5341048240662,11.38,6398.020000000015
582,"[27, 4, 70, 33, 69, 60, 83, 99, 19, 46]",85.23,0.4130804291367531,763.9116590023041,9.94,6407.960000000015
583,"[50, 28, 98, 75, 93, 37, 17, 59, 64, 65]",82.86,0.4745173466205596,765.2826721668243,11.38,6419.340000000015
584,"[11, 50, 46, 64, 1, 84, 30, 78, 87, 21]",84.81,0.4259642028808594,766.5569651126862,11.38,6430.720000000015
585,"[96, 65, 17, 57, 20, 22, 72, 84, 18, 94]",82.74,0.4763626557588577,767.8510730266571,10.78,6441.500000000015
586,"[93, 61, 45, 5, 28, 97, 62, 29, 8, 33]",84.48,0.4267929521203041,768.9510107040405,11.71,6453.210000000015
587,"[47, 29, 5, 85, 26, 66, 46, 49, 60, 58]",80.47,0.509732329249382,770.2527525424957,11.13,6464.340000000015
588,"[5, 83, 41, 13, 90, 66, 81, 35, 94, 33]",83.86,0.4376019006967545,771.5078160762787,11.19,6475.530000000014
589,"[74, 69, 72, 22, 48, 83, 46, 75, 9, 66]",80.18,0.5375210708379745,772.6794893741608,12.1,6487.630000000015
590,"[32, 48, 28, 66, 51, 45, 44, 62, 61, 77]",79.41,0.562815742790699,773.7565026283264,12.1,6499.730000000015
591,"[0, 64, 17, 56, 21, 29, 9, 65, 82, 35]",78.4,0.6001114255189895,774.9720776081085,11.38,6511.110000000015
592,"[27, 19, 23, 20, 46, 77, 91, 15, 84, 29]",83.72,0.4509314751625061,776.2608284950256,9.94,6521.050000000015
593,"[53, 42, 92, 14, 61, 86, 26, 75, 20, 82]",84.55,0.4163217313587665,777.6132712364197,11.29,6532.340000000015
594,"[52, 2, 31, 5, 16, 73, 75, 20, 17, 80]",84.77,0.4184122246503829,779.1434073448181,10.55,6542.890000000015
595,"[65, 5, 73, 18, 7, 21, 33, 23, 66, 51]",80.09,0.5197910490632057,780.2926530838013,10.55,6553.440000000015
596,"[76, 72, 81, 2, 92, 93, 84, 36, 10, 27]",83.85,0.4372493660449981,781.6957201957703,10.78,6564.220000000015
597,"[57, 77, 60, 61, 21, 28, 52, 76, 18, 74]",73.45,0.7481871378421784,782.7668135166168,11.34,6575.560000000015
598,"[98, 23, 79, 84, 65, 33, 21, 92, 87, 43]",82.87,0.4675951468944549,783.897233247757,10.63,6586.190000000015
599,"[58, 76, 75, 8, 29, 48, 49, 16, 13, 2]",85.7,0.3932702700793743,785.1829669475555,12.1,6598.290000000015
600,"[25, 66, 64, 87, 53, 19, 77, 12, 22, 60]",81.13,0.4975391972064972,786.7388875484467,11.38,6609.6700000000155
601,"[78, 76, 4, 68, 64, 96, 15, 11, 61, 84]",82.04,0.4711256498098373,788.054435968399,11.38,6621.050000000016
602,"[16, 77, 69, 0, 99, 86, 83, 55, 66, 53]",84.52,0.4274976168572902,789.5451560020447,9.23,6630.280000000015
603,"[47, 5, 89, 67, 54, 29, 61, 98, 48, 44]",84.11,0.4270634686946868,790.8355660438538,12.1,6642.380000000016
604,"[75, 94, 97, 89, 73, 12, 54, 17, 32, 61]",80.84,0.5229520493745804,792.2491068840027,11.29,6653.6700000000155
605,"[98, 29, 10, 36, 76, 69, 52, 32, 24, 0]",85.3,0.3989061172306538,793.4252429008484,10.11,6663.780000000015
606,"[90, 95, 0, 73, 66, 15, 48, 83, 26, 88]",84.45,0.4141716422140598,794.8065631389618,12.1,6675.880000000016
607,"[40, 52, 46, 13, 19, 54, 83, 74, 32, 33]",85.37,0.4110648666322231,796.0338900089264,10.93,6686.810000000016
608,"[68, 54, 72, 46, 78, 35, 87, 50, 96, 26]",83.97,0.4331622311472893,797.4007565975189,11.13,6697.940000000016
609,"[52, 70, 71, 61, 22, 47, 32, 39, 73, 44]",85.48,0.4014493104815483,798.7233004570007,11.29,6709.230000000016
610,"[99, 90, 50, 94, 17, 84, 15, 95, 29, 57]",84.46,0.4332324042916298,800.1049082279205,9.3,6718.530000000016
611,"[89, 20, 12, 27, 65, 51, 43, 70, 78, 87]",84.98,0.4191067361831665,801.490704536438,8.94,6727.470000000016
612,"[90, 6, 20, 49, 81, 0, 11, 18, 60, 76]",82.58,0.4674159653484821,802.7830219268799,10.58,6738.050000000016
613,"[55, 11, 8, 33, 28, 47, 10, 77, 4, 92]",85.27,0.4023339489102364,804.1774117946625,11.34,6749.390000000016
614,"[49, 51, 78, 83, 66, 36, 91, 76, 7, 99]",81.93,0.4697566205263138,805.4434325695038,10.58,6759.970000000016
615,"[22, 81, 63, 56, 1, 25, 84, 66, 36, 24]",84.66,0.4254016102850437,806.653776884079,11.1,6771.070000000016
616,"[4, 76, 65, 66, 89, 29, 78, 21, 86, 46]",85.03,0.40279077231884,807.8496165275574,9.03,6780.100000000016
617,"[30, 83, 0, 20, 11, 35, 99, 51, 45, 85]",82.83,0.4647229093313217,809.0073618888855,11.71,6791.810000000016
618,"[50, 51, 75, 25, 66, 1, 94, 90, 8, 11]",83.87,0.4416594581305981,810.3809449672699,9.03,6800.840000000016
619,"[70, 36, 92, 71, 74, 44, 35, 28, 77, 24]",82.68,0.4749696403741836,811.7693519592285,11.34,6812.180000000016
620,"[58, 51, 73, 0, 33, 22, 52, 64, 13, 71]",83.43,0.4427235734462738,812.9698135852814,11.38,6823.560000000016
621,"[9, 64, 37, 43, 14, 65, 32, 68, 73, 88]",77.99,0.5759848454594612,814.2382810115814,11.38,6834.940000000016
622,"[56, 48, 72, 61, 98, 31, 96, 43, 99, 58]",81.62,0.4849028626084328,815.3182911872864,12.1,6847.040000000016
623,"[87, 58, 75, 3, 61, 14, 33, 8, 48, 81]",79.6,0.598636577129364,816.4304122924805,12.1,6859.140000000017
624,"[28, 86, 89, 29, 40, 52, 45, 66, 68, 1]",83.64,0.4518162968754768,817.6217770576477,11.71,6870.850000000017
625,"[89, 33, 31, 36, 11, 51, 86, 95, 43, 9]",84.64,0.4408910544216632,818.9068686962128,8.45,6879.300000000017
626,"[70, 22, 60, 40, 45, 27, 73, 34, 23, 95]",84.98,0.4182680539786815,820.3451383113861,11.71,6891.010000000017
627,"[87, 24, 63, 94, 25, 30, 33, 26, 29, 31]",85.54,0.4006307072937488,821.5214445590973,11.13,6902.140000000017
628,"[79, 45, 19, 99, 13, 15, 10, 86, 84, 63]",85.7,0.3961183139681816,822.7180132865906,11.71,6913.850000000017
629,"[78, 0, 97, 69, 5, 61, 47, 79, 40, 63]",82.07,0.4646572831273079,824.0141870975494,11.29,6925.140000000017
630,"[73, 35, 62, 23, 97, 65, 50, 28, 96, 16]",82.77,0.45472167044878,825.3113782405853,11.34,6936.480000000017
631,"[6, 67, 54, 61, 69, 4, 64, 44, 50, 87]",81.75,0.4849374854564667,826.6022322177887,11.38,6947.860000000017
632,"[99, 22, 58, 15, 89, 66, 40, 88, 1, 86]",81.9,0.4656929320096969,827.8605713844299,10.93,6958.790000000017
633,"[26, 48, 74, 12, 41, 46, 78, 33, 23, 70]",84.71,0.4252605481445789,829.1106464862823,12.1,6970.890000000018
634,"[33, 30, 34, 60, 78, 43, 46, 23, 63, 54]",81.5,0.5118461930751801,830.2939240932465,9.18,6980.070000000018
635,"[26, 53, 89, 96, 47, 46, 51, 35, 57, 23]",84.11,0.442651081085205,831.6417555809021,11.13,6991.200000000018
636,"[73, 16, 87, 29, 12, 92, 34, 30, 71, 55]",85.02,0.414967311322689,833.3458926677704,11.09,7002.290000000018
637,"[48, 25, 18, 94, 19, 60, 1, 22, 53, 63]",82.05,0.5039214965701103,834.6347143650055,12.1,7014.3900000000185
638,"[17, 80, 66, 68, 92, 40, 62, 38, 32, 71]",84.75,0.4162819017469883,835.9320051670074,11.09,7025.480000000019
639,"[72, 6, 50, 12, 88, 20, 7, 27, 32, 60]",83.03,0.4477748189866543,837.3076028823853,10.78,7036.260000000018
640,"[80, 12, 57, 95, 42, 33, 46, 71, 32, 44]",81.03,0.5114259837567806,838.5925931930542,11.18,7047.440000000019
641,"[2, 52, 15, 44, 86, 77, 25, 73, 83, 68]",80.83,0.5001346489787102,839.9689974784851,10.55,7057.990000000019
642,"[22, 99, 36, 45, 41, 86, 65, 62, 94, 57]",82.66,0.4497192612290382,841.058914899826,11.71,7069.700000000019
643,"[10, 48, 78, 36, 59, 80, 18, 21, 81, 43]",81.19,0.5034167721867562,842.1767883300781,12.1,7081.800000000019
644,"[53, 80, 78, 73, 51, 9, 10, 20, 43, 29]",85.31,0.4028383085131645,843.4621272087097,10.55,7092.3500000000195
645,"[40, 83, 37, 90, 34, 77, 82, 50, 56, 99]",80.21,0.5114436027407646,845.0691246986389,11.1,7103.45000000002
646,"[46, 95, 75, 66, 57, 52, 21, 23, 2, 16]",84.4,0.4244222846627235,846.2658364772797,10.11,7113.5600000000195
647,"[93, 30, 84, 32, 95, 89, 10, 26, 21, 50]",84.5,0.4316041705012321,847.6607708930969,11.13,7124.69000000002
648,"[13, 12, 8, 60, 70, 6, 3, 98, 50, 67]",83.81,0.4434846074879169,849.1201786994934,10.1,7134.79000000002
649,"[97, 10, 13, 33, 79, 19, 83, 49, 39, 29]",84.02,0.4437049683928489,850.3173263072968,10.63,7145.42000000002
650,"[31, 94, 36, 56, 80, 16, 67, 21, 3, 4]",84.06,0.4311789239943027,851.632565498352,11.1,7156.52000000002
651,"[84, 45, 41, 60, 59, 69, 34, 70, 56, 17]",81.85,0.5021018287539483,853.0034394264221,11.71,7168.2300000000205
652,"[89, 69, 22, 75, 76, 58, 80, 95, 81, 72]",83.45,0.4435713438689708,854.1861102581024,10.78,7179.01000000002
653,"[55, 67, 81, 68, 39, 44, 61, 69, 29, 11]",85.0,0.4114299419522285,855.4118797779083,11.29,7190.30000000002
654,"[56, 39, 46, 52, 33, 19, 38, 1, 0, 66]",84.72,0.4199047859013081,856.8422226905823,11.1,7201.400000000021
655,"[97, 17, 44, 36, 60, 68, 1, 88, 62, 96]",85.1,0.414820866137743,858.1640863418579,9.3,7210.700000000021
656,"[61, 38, 1, 98, 55, 37, 76, 29, 0, 70]",82.02,0.4815826743841171,859.6264245510101,11.29,7221.990000000021
657,"[47, 24, 52, 71, 55, 50, 31, 20, 91, 94]",84.27,0.447560878843069,860.8387670516968,11.09,7233.080000000021
658,"[82, 49, 48, 28, 33, 10, 54, 80, 30, 66]",82.67,0.4756557095050812,861.9311416149139,12.1,7245.180000000021
659,"[97, 78, 88, 87, 34, 36, 83, 95, 68, 52]",83.61,0.4700965039432049,863.2268035411835,10.11,7255.290000000021
660,"[24, 8, 23, 17, 37, 14, 81, 58, 79, 57]",82.6,0.4826966422796249,864.4016401767731,10.63,7265.920000000021
661,"[34, 89, 79, 62, 24, 41, 2, 19, 6, 68]",82.7,0.4834314888715744,865.5902523994446,11.19,7277.110000000021
662,"[2, 23, 13, 36, 34, 16, 91, 56, 93, 1]",83.11,0.477568971812725,866.8706593513489,11.1,7288.210000000021
663,"[29, 11, 19, 1, 63, 27, 43, 53, 39, 47]",85.53,0.4105284208059311,868.2800288200378,10.86,7299.070000000021
664,"[59, 89, 4, 42, 10, 96, 18, 7, 34, 99]",83.85,0.4271900993585587,869.3886649608612,11.18,7310.250000000021
665,"[50, 9, 69, 60, 23, 24, 32, 48, 1, 15]",84.87,0.4142364743351936,870.6557199954987,12.1,7322.350000000021
666,"[98, 91, 31, 49, 56, 94, 4, 25, 58, 12]",75.29,0.6909570905566216,872.0081171989441,11.1,7333.450000000022
667,"[66, 85, 26, 60, 49, 87, 39, 41, 20, 80]",81.81,0.4733428791165351,873.3998374938965,11.19,7344.640000000021
668,"[93, 5, 95, 70, 66, 15, 32, 61, 81, 38]",85.13,0.4089483495056629,874.8007998466492,11.29,7355.930000000021
669,"[25, 46, 6, 85, 27, 14, 30, 81, 55, 41]",83.66,0.4343752482533455,876.0026452541351,11.19,7367.120000000021
670,"[1, 21, 35, 74, 15, 50, 31, 5, 88, 60]",84.4,0.42225148037076,877.3008213043213,8.45,7375.570000000021
671,"[88, 76, 19, 47, 98, 11, 31, 20, 63, 87]",86.24,0.3831776994466782,878.7448706626892,10.86,7386.43000000002
672,"[79, 43, 97, 80, 7, 45, 82, 19, 89, 68]",84.68,0.4239656594395637,879.8821036815643,11.71,7398.14000000002
673,"[13, 16, 62, 29, 40, 71, 82, 96, 44, 56]",84.83,0.4248256686329841,881.2428033351898,11.1,7409.240000000021
674,"[93, 24, 2, 88, 48, 45, 92, 17, 32, 5]",83.79,0.4488788975775242,882.646164894104,12.1,7421.340000000021
675,"[62, 90, 56, 71, 37, 69, 89, 24, 72, 23]",79.8,0.5424686357378959,883.9260110855103,11.1,7432.440000000021
676,"[69, 44, 41, 93, 59, 35, 76, 70, 20, 8]",85.47,0.4017314925789833,885.2977693080902,11.19,7443.630000000021
677,"[67, 19, 57, 37, 33, 69, 46, 58, 0, 99]",78.55,0.5774951839447021,886.4764575958252,9.94,7453.570000000021
678,"[81, 64, 48, 93, 23, 2, 79, 46, 99, 30]",83.76,0.4455906538665294,887.6638679504395,12.1,7465.670000000021
679,"[41, 92, 8, 84, 68, 49, 24, 67, 87, 63]",84.29,0.4380892899632453,888.9841477870941,11.19,7476.860000000021
680,"[98, 70, 19, 78, 36, 41, 52, 82, 14, 12]",84.88,0.4258603692054749,890.1812560558319,11.19,7488.05000000002
681,"[66, 84, 8, 5, 16, 22, 4, 25, 13, 62]",83.82,0.4371743866801262,891.5421605110168,9.03,7497.08000000002
682,"[24, 12, 4, 73, 82, 49, 84, 62, 67, 79]",77.6,0.6231974187493324,892.7640120983124,10.63,7507.71000000002
683,"[89, 75, 32, 6, 46, 28, 77, 91, 9, 1]",84.28,0.4224135711789131,894.0253911018372,11.34,7519.05000000002
684,"[26, 83, 62, 10, 59, 81, 7, 46, 71, 95]",82.22,0.4700341728329658,895.4152884483337,11.13,7530.18000000002
685,"[53, 47, 90, 7, 78, 34, 67, 5, 93, 9]",85.21,0.4069292855262756,896.8585317134857,10.86,7541.04000000002
686,"[38, 9, 27, 66, 12, 92, 29, 68, 49, 24]",84.83,0.4082914599776268,898.1673595905304,10.58,7551.62000000002
687,"[24, 67, 84, 31, 72, 80, 22, 71, 95, 53]",81.23,0.5203781855106354,899.4649634361267,11.09,7562.71000000002
688,"[95, 13, 98, 81, 73, 45, 86, 58, 89, 85]",83.52,0.4601686008274555,900.6582963466644,11.71,7574.42000000002
689,"[54, 13, 21, 23, 70, 51, 64, 43, 84, 20]",84.32,0.4363699701428413,901.9573645591736,11.38,7585.80000000002
690,"[68, 76, 56, 45, 40, 70, 41, 47, 52, 97]",85.55,0.4025950260460377,903.2967040538788,11.71,7597.51000000002
691,"[81, 55, 92, 41, 77, 30, 72, 69, 27, 48]",82.46,0.4695716804265976,904.7304363250732,12.1,7609.610000000021
692,"[98, 70, 95, 32, 46, 57, 50, 0, 92, 4]",84.9,0.4323569059371948,905.9034962654114,9.23,7618.84000000002
693,"[36, 76, 2, 66, 17, 38, 0, 28, 27, 40]",84.34,0.4151538352668285,907.5047280788422,11.34,7630.18000000002
694,"[2, 98, 88, 35, 70, 65, 71, 73, 19, 12]",83.26,0.4661649368703365,908.8163983821868,11.09,7641.27000000002
695,"[4, 58, 45, 19, 17, 33, 46, 74, 31, 29]",79.13,0.5829899281263351,910.0666270256042,11.71,7652.9800000000205
696,"[32, 38, 11, 73, 51, 72, 27, 93, 9, 92]",82.2,0.476611298918724,911.587500333786,10.78,7663.76000000002
697,"[41, 61, 22, 62, 88, 89, 73, 12, 76, 82]",73.24,0.7711298674345016,912.968843460083,11.29,7675.05000000002
698,"[38, 4, 93, 73, 48, 10, 99, 7, 98, 42]",80.78,0.5034541004896164,914.3892993927002,12.1,7687.150000000021
699,"[44, 55, 53, 15, 98, 29, 95, 83, 77, 1]",85.87,0.3899999488890171,915.8586344718932,8.59,7695.740000000021
700,"[81, 99, 80, 48, 6, 39, 67, 5, 40, 69]",82.15,0.4790059739351273,917.1527590751648,12.1,7707.840000000021
701,"[72, 19, 41, 64, 89, 28, 6, 86, 93, 50]",82.75,0.4827139794826507,918.3437063694,11.38,7719.220000000021
702,"[57, 96, 76, 73, 64, 11, 28, 55, 37, 50]",75.99,0.6391771200299263,919.6910150051116,11.38,7730.600000000021
703,"[18, 16, 43, 10, 60, 73, 95, 6, 70, 51]",84.25,0.4422601760923862,921.0100710391998,10.55,7741.1500000000215
704,"[33, 10, 51, 64, 55, 99, 89, 16, 97, 17]",85.66,0.4017535698413849,922.352870464325,11.38,7752.530000000022
705,"[61, 71, 25, 62, 50, 83, 73, 78, 94, 67]",84.71,0.4196826159954071,923.7436094284058,11.29,7763.8200000000215
706,"[31, 9, 34, 99, 55, 41, 87, 73, 11, 14]",84.16,0.4381726577877998,925.1506991386414,11.19,7775.010000000021
707,"[85, 52, 54, 46, 44, 24, 41, 76, 83, 3]",85.11,0.410123655796051,926.4398262500764,11.19,7786.200000000021
708,"[98, 39, 21, 44, 78, 56, 79, 18, 5, 29]",82.99,0.4482155746221542,927.6867914199828,11.1,7797.300000000021
709,"[25, 87, 47, 19, 96, 93, 10, 14, 94, 6]",84.11,0.4442746163904666,929.0859048366548,10.86,7808.160000000021
710,"[31, 79, 18, 36, 1, 43, 88, 14, 39, 57]",84.18,0.4281200644373893,930.3028075695038,10.63,7818.790000000021
711,"[60, 2, 42, 26, 94, 68, 27, 69, 66, 96]",84.7,0.4134971779584884,931.7226479053496,11.18,7829.970000000021
712,"[33, 70, 61, 79, 93, 18, 88, 89, 85, 2]",81.07,0.534615233540535,932.9447901248932,11.29,7841.260000000021
713,"[48, 74, 84, 67, 5, 32, 21, 7, 36, 25]",84.29,0.4403572559356689,934.1437296867372,12.1,7853.3600000000215
714,"[89, 79, 34, 6, 59, 83, 1, 8, 49, 84]",84.94,0.4180694150924682,935.4297721385956,10.63,7863.990000000022
715,"[34, 84, 46, 13, 2, 37, 83, 49, 29, 48]",83.28,0.4712838035821914,936.9418051242828,12.1,7876.090000000022
716,"[65, 90, 12, 40, 62, 76, 68, 11, 23, 25]",80.21,0.5352076378464699,938.2596974372864,10.93,7887.020000000022
717,"[64, 58, 71, 91, 2, 5, 31, 67, 39, 42]",86.48,0.3759809179604053,939.469570159912,11.38,7898.400000000022
718,"[62, 50, 95, 20, 2, 44, 87, 45, 80, 38]",85.25,0.4104172094166279,940.7374386787416,11.71,7910.110000000022
719,"[30, 64, 35, 7, 80, 32, 49, 3, 71, 28]",81.02,0.5143723234534263,941.961484670639,11.38,7921.4900000000225
720,"[19, 43, 50, 84, 17, 11, 93, 48, 66, 86]",84.27,0.4415396034717559,943.429037809372,12.1,7933.590000000023
721,"[78, 80, 87, 29, 53, 30, 73, 19, 54, 39]",85.37,0.4026184536516666,944.8321883678436,10.55,7944.140000000023
722,"[77, 42, 57, 69, 16, 26, 83, 17, 74, 87]",86.49,0.3823197181522846,946.3065214157104,11.18,7955.320000000023
723,"[25, 17, 39, 88, 90, 67, 55, 98, 18, 83]",85.26,0.4140798734128475,947.7826857566832,9.3,7964.6200000000235
724,"[72, 20, 40, 8, 71, 68, 92, 15, 23, 18]",83.43,0.4562924832105636,948.9941201210022,11.09,7975.710000000024
725,"[93, 3, 97, 40, 52, 38, 56, 95, 81, 94]",84.43,0.4353892184793949,950.3975675106047,11.1,7986.810000000024
726,"[35, 19, 99, 24, 13, 16, 23, 3, 97, 78]",84.88,0.4103007251024246,951.8158855438232,10.1,7996.910000000024
727,"[78, 34, 77, 72, 29, 76, 87, 3, 45, 10]",85.53,0.4040038679540157,953.181859254837,11.71,8008.620000000024
728,"[88, 99, 61, 17, 64, 77, 60, 91, 83, 47]",85.01,0.4089554849267006,954.6554598808287,11.38,8020.000000000025
729,"[23, 49, 62, 60, 17, 20, 24, 28, 4, 52]",84.17,0.4476084816455841,955.8455715179444,11.34,8031.340000000025
730,"[97, 1, 34, 52, 28, 95, 85, 25, 96, 26]",84.83,0.4232490080595016,957.1899874210358,11.34,8042.680000000025
731,"[8, 22, 56, 78, 62, 88, 41, 58, 31, 54]",85.92,0.3947371225059032,958.341677427292,11.19,8053.870000000024
732,"[51, 99, 5, 77, 94, 48, 92, 40, 50, 78]",82.32,0.4658394619822502,959.6490151882172,12.1,8065.970000000025
733,"[95, 73, 76, 68, 67, 82, 90, 4, 66, 13]",78.36,0.5493110087513924,960.9189658164978,10.55,8076.520000000025
734,"[57, 58, 5, 31, 66, 68, 50, 94, 71, 49]",80.93,0.5127733978629112,961.9834871292114,11.09,8087.610000000025
735,"[66, 97, 80, 6, 24, 37, 56, 50, 38, 99]",75.88,0.6162075701355935,963.4829127788544,11.1,8098.7100000000255
738,"[89, 69, 17, 50, 52, 41, 57, 3, 22, 58]",84.46,0.4351586911082268,967.1584250926971,11.19,8109.900000000025
739,"[75, 91, 25, 58, 11, 32, 41, 88, 83, 20]",84.57,0.428481118530035,968.3128464221954,11.19,8121.090000000025
740,"[91, 93, 15, 11, 14, 90, 57, 81, 46, 10]",84.85,0.4279259476065635,969.4443550109864,8.7,8129.7900000000245
741,"[67, 90, 49, 93, 65, 78, 20, 48, 70, 5]",85.35,0.4123183353245258,970.8007876873016,12.1,8141.890000000025
742,"[98, 21, 42, 72, 84, 19, 20, 18, 22, 91]",85.38,0.401770840883255,971.9935820102692,11.18,8153.070000000025
743,"[6, 53, 39, 93, 98, 57, 36, 80, 23, 15]",82.25,0.4978229202330112,973.3242449760436,10.04,8163.110000000025
744,"[16, 25, 0, 79, 97, 32, 1, 58, 63, 69]",83.45,0.4472333711385727,974.4546890258788,10.63,8173.740000000025
745,"[0, 77, 63, 30, 27, 75, 84, 60, 58, 52]",85.44,0.3997054909169674,975.763824224472,10.11,8183.850000000025
746,"[56, 10, 76, 0, 31, 70, 35, 79, 80, 71]",85.08,0.4165599229931831,977.166121006012,11.1,8194.950000000024
747,"[26, 6, 23, 18, 7, 83, 44, 4, 85, 73]",86.61,0.3780180937051773,978.5615618228912,11.13,8206.080000000024
748,"[77, 38, 42, 11, 6, 13, 53, 22, 20, 86]",83.4,0.4338726934790611,979.9511914253236,11.18,8217.260000000024
749,"[36, 78, 84, 88, 89, 76, 73, 71, 22, 58]",84.3,0.4375304062664509,981.2400026321412,11.09,8228.350000000024
750,"[95, 74, 46, 4, 11, 98, 38, 41, 47, 48]",85.91,0.3939989843964577,982.497889995575,12.1,8240.450000000024
751,"[8, 97, 54, 70, 37, 60, 17, 15, 88, 35]",82.63,0.4716848540306091,984.0245628356934,9.3,8249.750000000024
752,"[42, 67, 52, 26, 89, 78, 7, 13, 73, 93]",84.82,0.4313683067262173,985.3994526863098,11.18,8260.930000000024
753,"[80, 67, 11, 61, 92, 88, 77, 90, 36, 54]",82.37,0.4855365574359894,986.6724252700806,11.29,8272.220000000025
754,"[77, 40, 33, 67, 73, 79, 45, 16, 78, 72]",83.63,0.4358236652612686,988.1089808940887,11.71,8283.930000000024
755,"[63, 66, 93, 80, 23, 78, 29, 90, 37, 24]",84.66,0.4281045040488243,989.4933831691742,10.04,8293.970000000025
756,"[0, 15, 3, 59, 80, 94, 26, 78, 53, 52]",83.82,0.4490411634743214,990.7833693027496,11.13,8305.100000000024
757,"[5, 42, 44, 71, 81, 27, 1, 25, 88, 36]",82.2,0.466811816394329,992.163740158081,11.18,8316.280000000024
758,"[32, 8, 39, 38, 64, 70, 41, 98, 0, 14]",83.28,0.4591002243757248,993.4188294410706,11.38,8327.660000000024
759,"[87, 42, 43, 50, 92, 72, 78, 3, 22, 24]",84.45,0.4237546092271805,994.6054422855376,11.18,8338.840000000024
760,"[42, 43, 86, 61, 60, 4, 82, 17, 19, 80]",83.27,0.4565430903434753,995.9875609874724,11.29,8350.130000000025
761,"[58, 68, 42, 59, 52, 95, 7, 66, 38, 72]",83.87,0.4321673008799553,997.177737236023,11.18,8361.310000000025
762,"[92, 86, 40, 71, 68, 2, 26, 73, 87, 42]",85.99,0.3848691946268082,998.6121218204498,11.18,8372.490000000025
763,"[45, 8, 19, 35, 3, 43, 48, 80, 68, 21]",84.43,0.4236033694446087,999.8673329353333,12.1,8384.590000000026
764,"[73, 77, 49, 23, 76, 14, 96, 39, 90, 40]",77.68,0.5911315974593162,1001.2444467544556,10.93,8395.520000000026
765,"[90, 4, 34, 52, 11, 63, 30, 47, 57, 38]",82.06,0.4776860877871513,1002.5212693214417,10.86,8406.380000000026
766,"[27, 67, 38, 22, 14, 47, 4, 99, 25, 11]",83.06,0.4554247584939003,1003.8971853256226,10.86,8417.240000000027
767,"[56, 64, 3, 61, 19, 24, 43, 93, 67, 39]",86.58,0.3690768930315971,1005.107344865799,11.38,8428.620000000026
768,"[99, 41, 18, 98, 12, 66, 86, 16, 26, 92]",82.72,0.4561676034331322,1006.5058991909028,11.19,8439.810000000027
769,"[4, 58, 49, 91, 66, 14, 0, 39, 5, 87]",79.46,0.5320719146728515,1007.5948195457458,10.58,8450.390000000027
770,"[76, 11, 42, 59, 5, 13, 66, 98, 84, 95]",84.17,0.4287307405471802,1008.8677756786346,11.18,8461.570000000027
771,"[39, 2, 73, 97, 81, 26, 41, 25, 24, 36]",84.55,0.4206663011014461,1010.1375818252563,11.19,8472.760000000028
772,"[35, 68, 40, 98, 56, 85, 15, 34, 19, 20]",84.29,0.4385028640925884,1011.3410148620604,11.1,8483.860000000028
773,"[35, 14, 1, 79, 71, 65, 13, 26, 69, 44]",83.35,0.460370756983757,1012.629433631897,11.13,8494.990000000027
774,"[70, 40, 34, 18, 90, 36, 73, 31, 21, 9]",86.43,0.3844336266815662,1013.9018301963806,10.93,8505.920000000027
775,"[39, 78, 43, 69, 56, 6, 16, 3, 60, 86]",86.97,0.3611720886826515,1015.2279760837556,11.1,8517.020000000028
776,"[6, 13, 49, 11, 54, 50, 22, 90, 76, 75]",84.63,0.4174144352972507,1016.5129458904266,10.58,8527.600000000028
777,"[80, 88, 89, 57, 78, 45, 39, 42, 25, 91]",84.79,0.4185860902070999,1017.6798417568208,11.71,8539.310000000027
778,"[97, 85, 68, 10, 96, 59, 72, 16, 11, 89]",85.0,0.4034959396719932,1018.6951279640198,10.78,8550.090000000027
779,"[59, 12, 58, 39, 87, 82, 90, 98, 60, 29]",84.25,0.4365570871531963,1019.8793170452118,8.32,8558.410000000027
780,"[28, 18, 78, 33, 46, 50, 23, 89, 85, 42]",86.49,0.373795335739851,1020.8565573692322,11.34,8569.750000000027
781,"[41, 58, 62, 3, 8, 60, 14, 44, 61, 59]",85.55,0.4019299033284187,1021.8971874713898,11.29,8581.040000000028
782,"[21, 36, 98, 44, 77, 73, 16, 65, 13, 51]",84.09,0.4270364311337471,1023.073102235794,10.55,8591.590000000027
783,"[91, 13, 41, 71, 83, 9, 38, 68, 59, 51]",84.31,0.4462395974993706,1024.18292593956,11.19,8602.780000000028
784,"[75, 52, 30, 79, 31, 70, 20, 61, 49, 8]",85.15,0.425114706158638,1025.3741714954376,11.29,8614.070000000029
785,"[43, 26, 88, 75, 55, 72, 69, 30, 22, 84]",85.02,0.4132924483716488,1026.7209522724152,11.13,8625.200000000028
786,"[85, 9, 94, 91, 73, 62, 14, 75, 76, 59]",84.11,0.4249544508755207,1027.7027175426483,10.55,8635.750000000027
787,"[41, 71, 12, 56, 22, 39, 51, 8, 76, 13]",81.22,0.5005249473452568,1029.0157508850098,11.19,8646.940000000028
788,"[87, 76, 98, 48, 41, 63, 82, 84, 7, 11]",86.07,0.3883538302779197,1030.1934113502502,12.1,8659.040000000028
789,"[27, 17, 74, 96, 81, 0, 18, 84, 19, 57]",84.95,0.4227575677633285,1031.4824771881104,9.94,8668.980000000029
790,"[68, 37, 49, 78, 73, 57, 25, 26, 87, 40]",85.46,0.3959037783741951,1032.9504857063291,11.13,8680.110000000028
791,"[38, 72, 86, 55, 91, 44, 11, 74, 1, 78]",86.43,0.3795176699757576,1034.270474910736,10.78,8690.890000000029
792,"[65, 51, 16, 37, 7, 47, 70, 6, 0, 90]",83.51,0.462069461196661,1035.6681172847748,10.86,8701.75000000003
793,"[71, 45, 14, 36, 3, 30, 55, 89, 75, 50]",79.79,0.5607446169853211,1036.8763718605042,11.71,8713.460000000028
794,"[80, 40, 91, 48, 51, 55, 69, 27, 84, 22]",85.29,0.4031402212381363,1038.251357793808,12.1,8725.560000000029
795,"[60, 17, 24, 71, 49, 46, 53, 19, 36, 85]",81.75,0.5208215171098709,1039.4733455181122,11.09,8736.650000000029
796,"[16, 17, 1, 9, 82, 2, 18, 92, 62, 84]",85.39,0.41454917922616,1040.7003936767578,9.3,8745.950000000028
797,"[55, 17, 10, 82, 53, 58, 89, 77, 54, 79]",82.49,0.4780658268928527,1042.0629677772522,10.63,8756.580000000027
798,"[23, 58, 65, 54, 70, 57, 49, 45, 28, 77]",80.18,0.554874537885189,1043.1679713726044,11.71,8768.290000000026
799,"[0, 73, 63, 93, 30, 91, 64, 34, 52, 69]",83.89,0.4519854366779327,1044.4420611858368,11.38,8779.670000000026
800,"[73, 46, 4, 72, 61, 90, 47, 14, 74, 88]",82.15,0.493798766285181,1045.5535912513733,11.29,8790.960000000026
801,"[10, 18, 93, 67, 96, 99, 35, 59, 66, 78]",85.45,0.4093953168392181,1046.8942186832428,9.03,8799.990000000027
802,"[11, 31, 60, 80, 94, 84, 85, 9, 87, 81]",82.65,0.4825608272850513,1048.0651698112488,10.04,8810.030000000028
803,"[69, 74, 39, 78, 6, 43, 68, 99, 1, 60]",86.27,0.3823637323081493,1049.3448910713196,8.12,8818.150000000029
804,"[58, 65, 60, 73, 93, 42, 53, 45, 37, 21]",77.87,0.6598217302560806,1050.7109212875366,11.71,8829.860000000028
805,"[4, 88, 76, 95, 38, 93, 72, 33, 7, 80]",80.83,0.533950272500515,1051.959534406662,10.78,8840.640000000029
806,"[60, 74, 21, 73, 6, 84, 37, 94, 79, 3]",78.3,0.6007690697908401,1053.1639206409454,10.63,8851.270000000028
807,"[36, 62, 10, 16, 64, 9, 35, 32, 78, 1]",84.85,0.4041869360208511,1054.3596408367157,11.38,8862.650000000027
808,"[94, 14, 77, 22, 75, 19, 84, 57, 47, 33]",82.65,0.4727415476739406,1055.6736464500427,10.86,8873.510000000028
809,"[89, 30, 62, 23, 67, 4, 43, 10, 18, 76]",84.77,0.4103220760822296,1056.7610952854156,9.18,8882.690000000028
810,"[19, 63, 96, 52, 98, 49, 30, 84, 56, 92]",80.9,0.5213006463646889,1057.9070806503296,11.1,8893.790000000028
811,"[81, 21, 26, 73, 93, 44, 6, 82, 33, 96]",83.9,0.4501426923274993,1059.284495830536,11.13,8904.920000000027
812,"[14, 6, 21, 59, 51, 60, 38, 95, 96, 68]",82.27,0.4929942408204079,1060.2879710197449,8.72,8913.640000000027
813,"[29, 48, 87, 90, 49, 60, 33, 18, 67, 55]",84.86,0.4180922615528106,1061.6197047233582,12.1,8925.740000000027
814,"[1, 36, 57, 48, 86, 40, 67, 87, 5, 12]",85.81,0.3901502966880798,1062.9513952732086,12.1,8937.840000000027
815,"[68, 81, 45, 55, 78, 83, 34, 42, 12, 32]",86.56,0.3765811398625374,1064.2547812461853,11.71,8949.550000000027
816,"[83, 74, 50, 59, 98, 86, 95, 30, 93, 75]",86.73,0.3746189378201962,1065.5503287315369,9.18,8958.730000000027
817,"[98, 24, 66, 43, 86, 88, 23, 40, 70, 1]",85.96,0.397982650399208,1066.824941158295,10.93,8969.660000000027
818,"[86, 1, 8, 52, 12, 67, 13, 87, 57, 44]",84.46,0.4289570727944374,1068.1315672397614,10.11,8979.770000000028
819,"[28, 92, 36, 32, 24, 4, 3, 79, 11, 7]",81.57,0.4894783851504325,1069.205973148346,11.34,8991.110000000028
820,"[76, 84, 27, 81, 15, 90, 11, 77, 16, 48]",81.56,0.4808207577466964,1070.675871372223,12.1,9003.210000000028
821,"[84, 97, 82, 72, 23, 14, 89, 32, 37, 59]",75.53,0.6878140455484391,1071.77694773674,10.78,9013.990000000029
822,"[84, 9, 81, 58, 35, 98, 54, 88, 85, 41]",79.16,0.579053630232811,1072.9619045257568,11.19,9025.18000000003
823,"[32, 20, 99, 9, 35, 7, 48, 49, 42, 33]",81.1,0.5131032419204712,1074.169499874115,12.1,9037.28000000003
824,"[33, 22, 56, 8, 62, 25, 78, 50, 82, 13]",86.25,0.3797770057618618,1075.4518630504608,11.1,9048.38000000003
825,"[18, 69, 98, 55, 27, 78, 82, 13, 56, 91]",85.26,0.3935986605286598,1076.7599720954895,11.1,9059.48000000003
826,"[33, 13, 4, 9, 73, 93, 32, 99, 57, 2]",80.81,0.5313562616705895,1078.0178446769714,10.55,9070.03000000003
827,"[63, 19, 83, 81, 0, 4, 85, 49, 34, 89]",83.35,0.4675939774513244,1079.0473749637604,10.58,9080.61000000003
828,"[42, 50, 73, 0, 65, 90, 98, 62, 61, 55]",82.48,0.4734299901127815,1080.2873148918152,11.29,9091.90000000003
829,"[51, 93, 99, 8, 69, 28, 0, 49, 88, 61]",85.33,0.4131076170504093,1081.4267902374268,11.34,9103.24000000003
830,"[15, 72, 68, 45, 42, 87, 38, 51, 7, 80]",83.95,0.4271609695255756,1082.575490951538,11.71,9114.95000000003
831,"[82, 11, 46, 68, 43, 10, 58, 97, 98, 37]",83.88,0.4440493434667587,1083.8105006217957,8.45,9123.40000000003
832,"[82, 25, 22, 70, 5, 49, 84, 24, 38, 89]",85.44,0.4026052394509316,1085.1248927116394,10.58,9133.98000000003
833,"[49, 13, 80, 88, 45, 62, 10, 56, 94, 24]",84.92,0.426988757699728,1086.3278572559357,11.71,9145.69000000003
834,"[17, 4, 24, 3, 92, 75, 30, 62, 49, 8]",83.27,0.4743951627612114,1087.5065004825592,10.58,9156.27000000003
835,"[69, 82, 39, 63, 68, 57, 2, 4, 43, 7]",86.35,0.3852518506348133,1088.6281096935272,8.42,9164.69000000003
836,"[43, 92, 5, 51, 15, 27, 83, 85, 66, 58]",80.85,0.5301622155308724,1090.0805287361145,9.03,9173.72000000003
837,"[86, 68, 19, 94, 74, 29, 9, 4, 18, 62]",86.46,0.3710133382678032,1091.1129400730133,9.94,9183.66000000003
838,"[83, 2, 60, 79, 5, 31, 89, 16, 1, 22]",87.4,0.3555001041293144,1092.4016819000244,10.63,9194.29000000003
839,"[80, 6, 39, 12, 58, 78, 21, 75, 8, 13]",85.44,0.3964172601699829,1093.5739727020264,10.04,9204.33000000003
840,"[14, 63, 76, 78, 28, 8, 25, 54, 43, 94]",85.02,0.4100235739350319,1094.7879266738892,11.34,9215.670000000031
841,"[86, 51, 41, 15, 87, 73, 69, 17, 27, 97]",85.08,0.416749187707901,1096.1596603393557,11.19,9226.860000000032
842,"[5, 75, 22, 42, 8, 15, 35, 18, 96, 53]",84.73,0.4208513382077217,1097.4558084011078,11.18,9238.040000000032
843,"[21, 89, 47, 70, 56, 31, 74, 5, 17, 12]",86.92,0.3647608798742294,1098.9484767913818,11.1,9249.140000000032
844,"[80, 78, 48, 99, 20, 2, 62, 10, 0, 22]",85.96,0.3885548338294029,1100.1050798892977,12.1,9261.240000000033
845,"[11, 90, 83, 75, 36, 53, 88, 98, 60, 16]",86.3,0.3826461878418922,1101.4018549919128,8.45,9269.690000000033
846,"[26, 18, 81, 34, 66, 57, 52, 30, 22, 78]",82.0,0.4908191046118736,1102.5896470546722,11.13,9280.820000000032
847,"[88, 4, 76, 23, 91, 63, 78, 11, 80, 38]",85.23,0.4024499148130417,1103.7542045116425,10.04,9290.860000000033
848,"[44, 53, 0, 71, 30, 24, 15, 67, 12, 79]",85.18,0.4166448830068111,1105.0450978279114,11.09,9301.950000000033
849,"[46, 97, 69, 64, 28, 59, 98, 80, 84, 26]",85.84,0.3980050475895405,1106.2090728282928,11.38,9313.330000000033
850,"[35, 6, 24, 14, 19, 87, 60, 63, 22, 20]",84.81,0.4186412814259529,1107.4237546920776,9.94,9323.270000000033
851,"[85, 5, 6, 82, 46, 36, 26, 55, 32, 42]",83.26,0.4414595693349838,1108.685545682907,11.18,9334.450000000033
852,"[78, 97, 58, 5, 13, 94, 6, 68, 22, 20]",84.11,0.4383368200063705,1109.7310166358948,8.19,9342.640000000034
853,"[3, 62, 65, 14, 9, 30, 92, 56, 75, 74]",85.82,0.4027888351678848,1110.754958152771,11.1,9353.740000000034
854,"[41, 53, 25, 95, 86, 29, 99, 14, 12, 30]",82.58,0.462251276820898,1112.1760318279266,11.19,9364.930000000035
855,"[94, 52, 25, 48, 28, 9, 60, 74, 62, 6]",79.66,0.5733668586611748,1113.349128484726,12.1,9377.030000000035
856,"[55, 18, 27, 78, 58, 22, 49, 47, 17, 92]",83.72,0.4594757549464702,1114.6681065559387,10.86,9387.890000000036
857,"[24, 80, 45, 34, 25, 42, 16, 4, 88, 72]",77.35,0.619970854818821,1115.8264405727386,11.71,9399.600000000035
858,"[7, 35, 17, 14, 59, 58, 53, 21, 97, 43]",81.99,0.5106241416931152,1117.0319504737854,9.3,9408.900000000034
859,"[28, 37, 77, 20, 81, 78, 21, 73, 70, 29]",83.63,0.4360833714902401,1118.27010512352,11.34,9420.240000000034
860,"[11, 52, 66, 62, 27, 75, 60, 59, 35, 1]",85.43,0.3986027805507183,1119.5447647571564,10.11,9430.350000000035
861,"[93, 54, 94, 31, 41, 55, 74, 28, 75, 19]",82.4,0.4908909952640533,1120.7280309200287,11.34,9441.690000000035
862,"[73, 0, 53, 5, 60, 93, 98, 64, 4, 54]",84.35,0.4354055479168892,1122.045532464981,11.38,9453.070000000034
863,"[67, 50, 61, 89, 12, 57, 63, 30, 10, 71]",83.97,0.4458162744343281,1123.1215426921844,11.29,9464.360000000035
864,"[96, 1, 88, 93, 52, 27, 16, 45, 37, 30]",82.09,0.4819111081957817,1124.4265072345734,11.71,9476.070000000034
865,"[82, 11, 2, 61, 85, 39, 20, 90, 58, 73]",84.61,0.4276045273244381,1125.3933577537537,11.29,9487.360000000035
866,"[95, 74, 3, 58, 59, 98, 17, 90, 51, 23]",85.99,0.3993206261098385,1126.6485064029694,10.1,9497.460000000036
867,"[47, 80, 59, 90, 81, 0, 9, 49, 88, 42]",84.69,0.4200832504034042,1127.774381160736,11.18,9508.640000000036
868,"[67, 4, 37, 54, 96, 34, 89, 78, 69, 73]",80.25,0.54055042386055,1129.0401039123535,10.55,9519.190000000035
869,"[26, 87, 10, 79, 42, 94, 7, 65, 86, 46]",85.51,0.4370905521512032,1130.1430315971377,11.18,9530.370000000035
870,"[6, 14, 49, 46, 59, 79, 5, 22, 82, 71]",85.1,0.4138054826855659,1131.2379829883575,11.09,9541.460000000036
871,"[90, 8, 71, 99, 26, 17, 42, 30, 69, 14]",86.41,0.3834933789074421,1132.5752432346344,11.18,9552.640000000036
872,"[83, 61, 94, 96, 74, 89, 26, 95, 97, 28]",85.52,0.4003065507113933,1133.739938497543,11.34,9563.980000000036
873,"[41, 45, 34, 64, 87, 54, 35, 6, 8, 47]",84.9,0.4125946591794491,1135.078361272812,11.71,9575.690000000035
874,"[44, 57, 62, 64, 67, 15, 60, 90, 68, 86]",85.19,0.4046803210675716,1136.243037700653,11.38,9587.070000000034
875,"[68, 37, 57, 79, 47, 86, 88, 8, 24, 58]",84.54,0.4271050064265728,1137.3696811199188,10.86,9597.930000000035
876,"[11, 10, 50, 22, 36, 9, 13, 21, 35, 14]",85.73,0.3952995346486568,1138.5669033527374,8.7,9606.630000000036
877,"[89, 18, 63, 19, 26, 66, 80, 2, 37, 53]",84.51,0.4254731172323227,1139.949126958847,11.13,9617.760000000035
878,"[87, 69, 16, 60, 44, 53, 56, 94, 82, 2]",85.33,0.4068627493083477,1141.2038254737854,11.1,9628.860000000035
879,"[37, 24, 8, 2, 29, 66, 82, 42, 52, 74]",85.42,0.3968602988123894,1142.3747975826263,11.18,9640.040000000035
880,"[43, 83, 82, 41, 62, 75, 85, 89, 67, 70]",85.25,0.4237251612544059,1143.562898159027,11.19,9651.230000000036
881,"[56, 58, 38, 72, 16, 39, 21, 33, 29, 61]",83.06,0.4530902315676212,1144.5664036273956,11.29,9662.520000000037
882,"[47, 36, 98, 6, 18, 45, 58, 21, 79, 20]",85.8,0.3981724415719509,1145.621334552765,11.71,9674.230000000036
883,"[91, 68, 36, 23, 22, 90, 88, 85, 19, 20]",87.08,0.3612679177522659,1146.7067110538485,9.94,9684.170000000036
884,"[30, 14, 5, 40, 73, 16, 56, 33, 47, 23]",86.82,0.3661816634237766,1147.8897452354431,11.1,9695.270000000037
885,"[26, 71, 90, 4, 85, 40, 44, 18, 47, 57]",84.43,0.4216079983115196,1149.1670880317688,11.13,9706.400000000036
886,"[69, 20, 68, 38, 15, 3, 51, 63, 98, 18]",84.02,0.4319834439456463,1150.3122799396515,10.1,9716.500000000036
887,"[58, 40, 19, 0, 94, 69, 64, 42, 82, 90]",85.51,0.3885425642132759,1151.4382457733154,11.38,9727.880000000036
888,"[37, 60, 96, 73, 85, 18, 72, 93, 56, 43]",81.61,0.5053779339790344,1152.718956232071,11.1,9738.980000000036
889,"[88, 14, 93, 61, 5, 17, 86, 70, 39, 3]",86.4,0.3757720957696437,1153.997901678085,11.29,9750.270000000037
890,"[51, 79, 28, 57, 45, 11, 41, 7, 77, 82]",82.6,0.4725257089734077,1155.1651294231417,11.71,9761.980000000036
891,"[24, 74, 67, 28, 98, 35, 25, 2, 10, 68]",84.44,0.4228979927301406,1156.3048193454742,11.34,9773.320000000036
892,"[57, 86, 85, 11, 65, 50, 24, 62, 40, 77]",85.19,0.4004505506157875,1157.534256696701,10.93,9784.250000000036
893,"[77, 65, 7, 85, 46, 50, 18, 91, 54, 47]",84.39,0.430099374204874,1158.8490982055664,10.86,9795.110000000037
894,"[49, 47, 1, 36, 44, 39, 57, 71, 11, 27]",83.82,0.4280788506567478,1160.199954032898,11.09,9806.200000000037
895,"[93, 56, 94, 53, 36, 20, 54, 17, 75, 76]",85.89,0.3896924452483654,1161.6533575057983,11.1,9817.300000000037
896,"[11, 18, 26, 38, 60, 67, 42, 8, 75, 96]",87.07,0.3627643956243991,1163.1426539421082,11.18,9828.480000000038
897,"[48, 11, 0, 52, 81, 34, 53, 22, 71, 59]",85.21,0.4051328656077385,1164.3224413394928,12.1,9840.580000000038
898,"[90, 72, 96, 17, 25, 23, 48, 37, 70, 62]",83.1,0.4667991238832474,1165.6877400875092,12.1,9852.680000000038
899,"[5, 38, 74, 63, 71, 94, 59, 28, 3, 0]",83.39,0.4415492121875286,1166.7859907150269,11.34,9864.020000000039
900,"[19, 33, 38, 81, 60, 15, 83, 85, 36, 53]",86.22,0.385622983276844,1168.067395925522,9.94,9873.96000000004
901,"[22, 62, 88, 82, 31, 3, 15, 97, 35, 63]",84.1,0.4378128425776958,1169.2498140335083,10.1,9884.06000000004
902,"[8, 76, 95, 46, 74, 61, 72, 55, 33, 80]",85.09,0.4033807821571827,1170.5056836605072,11.29,9895.35000000004
903,"[87, 60, 88, 15, 47, 65, 93, 73, 2, 33]",84.28,0.4425266532599926,1171.7488269805908,10.86,9906.210000000041
904,"[20, 74, 7, 18, 40, 59, 88, 17, 45, 6]",84.99,0.4359228643774986,1173.0087296962738,11.71,9917.92000000004
905,"[34, 46, 53, 81, 45, 6, 37, 67, 9, 65]",80.06,0.5940192586183548,1174.3484768867493,11.71,9929.63000000004
906,"[24, 98, 80, 23, 97, 12, 76, 96, 21, 69]",75.04,0.7151985955238342,1175.623104572296,10.04,9939.67000000004
907,"[41, 40, 87, 38, 34, 89, 88, 46, 12, 68]",84.55,0.4395688825845718,1177.005126953125,11.19,9950.86000000004
908,"[74, 45, 18, 1, 17, 66, 36, 47, 99, 62]",84.45,0.426356645822525,1178.2714669704435,11.71,9962.57000000004
909,"[52, 43, 20, 13, 27, 19, 64, 28, 24, 71]",85.88,0.3831981606781482,1179.502674818039,11.38,9973.950000000039
910,"[78, 88, 67, 68, 91, 70, 89, 96, 14, 53]",86.49,0.3906887808442116,1180.6931400299072,8.94,9982.89000000004
911,"[58, 9, 14, 16, 2, 61, 44, 39, 88, 46]",87.25,0.3638441284000873,1181.7813756465912,11.29,9994.18000000004
912,"[17, 56, 76, 66, 97, 43, 22, 90, 38, 3]",86.41,0.3717991945147514,1183.2887411117554,11.1,10005.28000000004
913,"[95, 15, 28, 16, 88, 18, 29, 39, 26, 10]",83.64,0.4482045787572861,1184.5295641422272,11.34,10016.62000000004
914,"[54, 88, 97, 14, 9, 2, 99, 61, 96, 55]",86.41,0.3700073300302028,1185.7194232940674,11.29,10027.910000000042
915,"[5, 25, 13, 4, 84, 65, 75, 7, 60, 15]",83.72,0.4366343969106674,1186.921570301056,8.35,10036.260000000042
916,"[32, 5, 8, 38, 85, 1, 96, 12, 15, 77]",79.53,0.5271039694547653,1188.3961696624756,8.72,10044.980000000041
917,"[26, 75, 25, 23, 85, 44, 3, 11, 18, 95]",85.92,0.3869741570949554,1189.7979204654694,11.13,10056.11000000004
918,"[35, 74, 44, 45, 20, 64, 99, 93, 78, 30]",85.71,0.3918769839406013,1191.2041220664978,11.71,10067.82000000004
919,"[64, 72, 8, 12, 74, 97, 1, 67, 27, 91]",85.73,0.3876055198907852,1192.5545268058777,11.38,10079.200000000039
920,"[24, 36, 21, 96, 68, 0, 92, 12, 27, 64]",84.17,0.4264088663458824,1193.7985382080078,11.38,10090.580000000038
921,"[90, 60, 46, 89, 75, 23, 56, 86, 13, 45]",87.15,0.3629328483343124,1195.1235709190369,11.71,10102.290000000037
922,"[48, 54, 27, 65, 29, 52, 14, 97, 40, 15]",86.27,0.3795507501065731,1196.3001375198364,12.1,10114.390000000038
923,"[59, 14, 66, 17, 63, 97, 46, 90, 36, 71]",84.4,0.4342122614383698,1197.480527162552,11.09,10125.480000000038
924,"[92, 5, 10, 41, 63, 14, 49, 36, 58, 76]",82.82,0.4630557429790496,1198.675077676773,11.19,10136.670000000038
925,"[94, 39, 87, 56, 28, 70, 52, 37, 54, 24]",86.48,0.3763418079912662,1199.8835065364838,11.34,10148.010000000038
926,"[8, 60, 86, 47, 22, 1, 62, 13, 50, 56]",86.09,0.3901433743536472,1201.161343574524,11.1,10159.110000000039
927,"[66, 84, 86, 10, 15, 18, 50, 51, 88, 75]",85.96,0.3846004436910152,1202.3458819389343,9.03,10168.14000000004
928,"[13, 94, 21, 8, 46, 25, 43, 76, 51, 15]",85.43,0.3922456309199333,1203.54278922081,8.83,10176.97000000004
929,"[29, 54, 92, 63, 35, 97, 91, 98, 74, 75]",84.42,0.4410339498519897,1204.7243888378143,8.96,10185.930000000038
930,"[34, 96, 82, 51, 45, 60, 85, 77, 62, 65]",80.8,0.5298676210641861,1205.93296957016,11.71,10197.640000000038
931,"[35, 18, 98, 58, 13, 15, 32, 62, 63, 29]",84.27,0.4363864560425281,1207.018435716629,8.65,10206.290000000037
932,"[80, 17, 3, 12, 94, 6, 8, 63, 86, 22]",83.86,0.4395875631272792,1208.4163799285889,10.1,10216.390000000038
933,"[48, 77, 86, 41, 19, 38, 79, 12, 97, 9]",81.44,0.5024194729328155,1209.9254088401794,12.1,10228.490000000038
934,"[84, 96, 66, 98, 63, 59, 25, 37, 62, 64]",80.64,0.5216295009851456,1211.317461013794,11.38,10239.870000000037
935,"[33, 69, 43, 2, 97, 4, 55, 15, 49, 57]",84.73,0.4153980749845505,1212.498284816742,10.58,10250.450000000037
936,"[40, 48, 56, 58, 4, 22, 71, 84, 99, 38]",85.47,0.400627414137125,1213.78484582901,12.1,10262.550000000037
937,"[90, 21, 62, 55, 17, 39, 91, 49, 97, 14]",85.23,0.4144648620486259,1215.0623545646667,10.58,10273.130000000037
938,"[72, 86, 62, 84, 70, 87, 69, 73, 60, 71]",85.32,0.4096057757735252,1216.4690148830414,11.09,10284.220000000038
939,"[20, 64, 7, 50, 33, 63, 75, 48, 78, 86]",86.34,0.3852492852509022,1217.661140680313,12.1,10296.320000000038
940,"[45, 98, 36, 41, 7, 3, 75, 5, 16, 46]",84.99,0.4013673165440559,1218.8836851119995,11.71,10308.030000000037
941,"[44, 94, 74, 3, 97, 80, 43, 48, 12, 54]",84.87,0.4129901288449764,1220.0745260715485,12.1,10320.130000000037
942,"[44, 45, 52, 7, 84, 31, 30, 82, 39, 75]",84.94,0.4168937954306602,1221.254140377045,11.71,10331.840000000037
943,"[10, 88, 8, 39, 14, 43, 21, 2, 68, 41]",87.02,0.370955663472414,1222.3843219280243,11.19,10343.030000000037
944,"[4, 58, 84, 54, 72, 65, 53, 34, 2, 89]",82.96,0.4992974963784218,1223.504379749298,10.78,10353.810000000038
945,"[60, 75, 2, 40, 48, 73, 49, 41, 12, 62]",85.43,0.3943825523555279,1224.894352197647,12.1,10365.910000000038
946,"[12, 88, 86, 26, 43, 63, 64, 97, 85, 21]",86.01,0.3945285196602344,1226.1831731796265,11.38,10377.290000000037
947,"[78, 38, 46, 55, 25, 63, 81, 9, 68, 27]",86.69,0.3641247805953025,1227.6003890037537,8.12,10385.410000000038
948,"[36, 33, 6, 38, 73, 51, 28, 79, 95, 11]",86.19,0.3740111380815506,1228.8908858299255,11.34,10396.750000000038
949,"[91, 74, 12, 75, 43, 34, 8, 72, 67, 60]",86.43,0.3822748197615147,1230.2690258026123,10.78,10407.530000000039
950,"[54, 26, 44, 9, 83, 38, 64, 55, 84, 69]",87.87,0.3412193129956722,1231.8673267364502,11.38,10418.910000000038
951,"[40, 25, 53, 51, 32, 79, 65, 58, 85, 97]",86.9,0.3695237764716148,1233.0767681598663,10.93,10429.840000000038
952,"[70, 23, 2, 80, 90, 66, 73, 63, 27, 84]",86.71,0.3660817055404186,1234.6605761051178,10.55,10440.390000000038
953,"[95, 59, 34, 81, 68, 78, 98, 55, 72, 93]",84.22,0.4462180902063846,1236.0029723644257,10.78,10451.170000000038
954,"[80, 7, 66, 25, 46, 59, 18, 30, 19, 95]",85.03,0.4138465943932533,1237.3201704025269,10.04,10461.21000000004
955,"[87, 97, 38, 55, 52, 40, 8, 81, 26, 34]",86.28,0.3863713730871677,1238.7942461967468,11.13,10472.340000000038
956,"[36, 82, 20, 32, 87, 76, 30, 51, 14, 19]",86.41,0.374387264996767,1239.84401345253,9.94,10482.280000000039
957,"[24, 3, 31, 39, 59, 62, 71, 55, 54, 82]",82.48,0.4840104904770851,1240.9542591571808,11.09,10493.370000000039
958,"[4, 25, 20, 34, 17, 3, 33, 35, 84, 70]",84.19,0.4477847094833851,1242.4296336174011,10.1,10503.47000000004
959,"[22, 82, 5, 92, 62, 2, 7, 10, 40, 77]",84.55,0.4247101140022278,1243.8202185630798,10.93,10514.40000000004
960,"[38, 8, 52, 46, 85, 84, 11, 50, 92, 17]",87.67,0.3583354631066322,1245.2956111431122,10.11,10524.51000000004
961,"[30, 14, 73, 94, 64, 15, 66, 85, 74, 99]",84.68,0.4119455134868622,1246.3188886642456,11.38,10535.89000000004
962,"[67, 32, 63, 11, 30, 76, 15, 98, 40, 42]",84.24,0.4172599095106125,1247.507311105728,11.18,10547.07000000004
963,"[74, 94, 49, 95, 30, 54, 27, 18, 13, 22]",86.49,0.3668483713269234,1248.6816837787628,10.58,10557.65000000004
964,"[27, 35, 56, 52, 32, 75, 7, 62, 68, 47]",85.07,0.4039187122881412,1249.969712972641,11.1,10568.75000000004
965,"[89, 14, 40, 69, 54, 60, 87, 31, 35, 18]",85.25,0.41330391228199,1251.2816905975342,10.93,10579.68000000004
966,"[46, 60, 91, 47, 39, 2, 82, 77, 4, 94]",86.55,0.3696460159122944,1252.5753417015076,10.86,10590.54000000004
967,"[84, 6, 88, 85, 30, 32, 70, 49, 39, 81]",84.06,0.4496331140398979,1253.7401950359344,10.58,10601.12000000004
968,"[89, 46, 87, 15, 68, 30, 56, 49, 1, 50]",83.84,0.4513162752985954,1254.9404017925262,11.1,10612.220000000041
969,"[32, 38, 11, 96, 30, 26, 20, 56, 80, 40]",85.38,0.4039598612487316,1256.311360120773,11.13,10623.35000000004
970,"[98, 82, 52, 4, 35, 10, 99, 62, 60, 94]",86.37,0.3759813438355923,1257.4196045398712,10.11,10633.460000000041
971,"[52, 42, 91, 54, 12, 20, 89, 33, 64, 8]",86.29,0.3766028405725956,1258.6958212852478,11.38,10644.84000000004
972,"[45, 53, 77, 93, 70, 94, 41, 58, 88, 3]",84.06,0.4378408220410347,1259.9847736358645,11.71,10656.55000000004
973,"[97, 6, 82, 23, 80, 56, 17, 0, 51, 25]",80.72,0.542665781378746,1261.2952060699463,11.1,10667.65000000004
974,"[80, 39, 40, 73, 10, 14, 20, 31, 66, 91]",84.89,0.4047569613903761,1262.557907819748,10.93,10678.58000000004
975,"[98, 83, 97, 16, 76, 87, 52, 40, 57, 61]",86.1,0.3829253402352333,1263.8399951457975,11.29,10689.87000000004
976,"[94, 17, 33, 22, 87, 75, 41, 36, 25, 10]",85.66,0.4048130409419536,1265.1122422218325,11.19,10701.060000000041
977,"[53, 47, 23, 50, 48, 73, 28, 2, 71, 82]",86.75,0.3798241956532001,1266.3050909042358,12.1,10713.160000000042
978,"[78, 80, 29, 11, 59, 25, 33, 89, 21, 6]",84.72,0.4190761166810989,1267.4922697544098,10.04,10723.200000000043
979,"[51, 79, 54, 76, 33, 19, 11, 47, 21, 72]",86.6,0.3827730360627174,1268.7339053153992,10.86,10734.060000000043
980,"[15, 1, 91, 67, 55, 98, 58, 86, 63, 28]",87.5,0.3552412474155426,1269.8967876434326,11.34,10745.400000000043
981,"[91, 26, 24, 34, 36, 95, 63, 48, 16, 55]",85.35,0.4077216391265392,1271.2677671909332,12.1,10757.500000000044
982,"[26, 76, 27, 36, 93, 86, 24, 53, 23, 52]",86.07,0.3847163666784763,1272.7845039367676,11.13,10768.630000000043
983,"[18, 3, 37, 33, 30, 79, 57, 31, 47, 74]",84.8,0.4187934936583042,1274.0832555294037,10.86,10779.490000000043
984,"[87, 82, 58, 10, 1, 60, 17, 41, 88, 50]",86.23,0.3883274883031845,1275.3614768981934,11.19,10790.680000000044
985,"[87, 27, 91, 49, 90, 54, 94, 76, 32, 9]",84.22,0.4257077102363109,1276.567432641983,10.58,10801.260000000044
986,"[12, 71, 7, 6, 42, 30, 60, 45, 77, 85]",79.47,0.5723503634333611,1277.9394702911377,11.71,10812.970000000043
987,"[76, 90, 95, 5, 0, 32, 64, 79, 48, 38]",85.08,0.4002866005897522,1279.3114104270935,12.1,10825.070000000043
988,"[50, 85, 47, 16, 71, 5, 74, 22, 33, 21]",86.89,0.3694004367291927,1280.531388282776,11.09,10836.160000000044
989,"[64, 63, 43, 59, 16, 11, 40, 90, 67, 55]",86.72,0.3794949947297573,1281.8273322582245,11.38,10847.540000000043
990,"[18, 33, 14, 40, 5, 16, 63, 35, 95, 46]",85.14,0.4021649444103241,1283.1411564350128,10.93,10858.470000000043
991,"[55, 36, 33, 78, 97, 66, 40, 21, 94, 62]",80.64,0.5579266992211341,1284.3103790283203,10.93,10869.400000000043
992,"[97, 19, 71, 84, 81, 56, 6, 24, 29, 23]",81.76,0.5024110519886017,1285.50523686409,11.1,10880.500000000044
993,"[4, 60, 33, 20, 90, 59, 55, 14, 63, 5]",86.93,0.3602644330263138,1286.656765460968,8.7,10889.200000000044
994,"[56, 45, 90, 71, 62, 58, 63, 14, 92, 18]",87.34,0.3573525869846344,1287.7914667129517,11.71,10900.910000000044
995,"[15, 44, 11, 26, 36, 23, 21, 95, 65, 34]",84.35,0.4427683208882809,1289.127259492874,11.13,10912.040000000043
996,"[72, 84, 74, 27, 0, 67, 98, 73, 23, 53]",86.17,0.374620268791914,1290.3928096294403,10.78,10922.820000000043
997,"[9, 31, 98, 63, 86, 12, 42, 3, 36, 87]",87.28,0.3533733551204204,1291.8278510570526,11.18,10934.000000000044
998,"[87, 15, 50, 47, 75, 13, 41, 19, 3, 10]",85.75,0.4219700768589973,1293.225291967392,11.19,10945.190000000044
999,"[58, 90, 84, 61, 80, 34, 76, 0, 42, 5]",78.71,0.5504613456130028,1294.501672744751,11.29,10956.480000000045
1000,"[83, 79, 57, 41, 93, 72, 16, 27, 6, 82]",85.98,0.384958775639534,1295.77667427063,11.19,10967.670000000046
