generate customize clients distribution...
train_dataset data generation process completed
generate customize clients distribution...
test_dataset data generation process completed
Running Mode: Default(Thread)
Training Mode: Single-GPU-Mode
Using cuda: 1
Starting clients
(0, 244, {0: 237, 1: 0, 2: 2, 3: 0, 4: 0, 5: 1, 6: 0, 7: 1, 8: 3, 9: 0})
(1, 767, {0: 13, 1: 35, 2: 0, 3: 544, 4: 0, 5: 0, 6: 53, 7: 0, 8: 122, 9: 0})
(2, 723, {0: 2, 1: 30, 2: 0, 3: 582, 4: 54, 5: 3, 6: 6, 7: 0, 8: 46, 9: 0})
(3, 433, {0: 8, 1: 0, 2: 417, 3: 0, 4: 0, 5: 0, 6: 8, 7: 0, 8: 0, 9: 0})
(4, 342, {0: 0, 1: 0, 2: 0, 3: 1, 4: 31, 5: 0, 6: 310, 7: 0, 8: 0, 9: 0})
(5, 935, {0: 0, 1: 0, 2: 533, 3: 0, 4: 0, 5: 115, 6: 115, 7: 2, 8: 1, 9: 169})
(6, 750, {0: 0, 1: 0, 2: 0, 3: 0, 4: 412, 5: 63, 6: 101, 7: 0, 8: 169, 9: 5})
(7, 506, {0: 0, 1: 14, 2: 74, 3: 0, 4: 18, 5: 246, 6: 0, 7: 6, 8: 131, 9: 17})
(8, 809, {0: 37, 1: 162, 2: 0, 3: 0, 4: 0, 5: 0, 6: 5, 7: 597, 8: 8, 9: 0})
(9, 466, {0: 1, 1: 0, 2: 0, 3: 0, 4: 112, 5: 1, 6: 0, 7: 352, 8: 0, 9: 0})
(10, 411, {0: 138, 1: 1, 2: 0, 3: 224, 4: 0, 5: 1, 6: 8, 7: 8, 8: 9, 9: 22})
(11, 580, {0: 0, 1: 0, 2: 2, 3: 15, 4: 0, 5: 0, 6: 0, 7: 563, 8: 0, 9: 0})
(12, 1422, {0: 0, 1: 1, 2: 0, 3: 231, 4: 180, 5: 266, 6: 577, 7: 1, 8: 166, 9: 0})
(13, 420, {0: 8, 1: 0, 2: 0, 3: 232, 4: 0, 5: 1, 6: 0, 7: 0, 8: 0, 9: 179})
(14, 187, {0: 124, 1: 0, 2: 0, 3: 59, 4: 0, 5: 0, 6: 4, 7: 0, 8: 0, 9: 0})
(15, 364, {0: 0, 1: 1, 2: 0, 3: 0, 4: 0, 5: 0, 6: 0, 7: 0, 8: 0, 9: 363})
(16, 712, {0: 94, 1: 0, 2: 0, 3: 33, 4: 0, 5: 19, 6: 206, 7: 0, 8: 334, 9: 26})
(17, 1705, {0: 1, 1: 273, 2: 87, 3: 1, 4: 490, 5: 1, 6: 1, 7: 348, 8: 498, 9: 5})
(18, 274, {0: 0, 1: 0, 2: 210, 3: 3, 4: 3, 5: 0, 6: 0, 7: 0, 8: 0, 9: 58})
(19, 702, {0: 1, 1: 8, 2: 2, 3: 0, 4: 159, 5: 480, 6: 8, 7: 0, 8: 10, 9: 34})
(20, 460, {0: 0, 1: 2, 2: 310, 3: 136, 4: 0, 5: 0, 6: 0, 7: 10, 8: 2, 9: 0})
(21, 82, {0: 0, 1: 27, 2: 0, 3: 6, 4: 38, 5: 0, 6: 1, 7: 7, 8: 0, 9: 3})
(22, 484, {0: 0, 1: 422, 2: 6, 3: 0, 4: 10, 5: 21, 6: 1, 7: 0, 8: 0, 9: 24})
(23, 426, {0: 0, 1: 5, 2: 0, 3: 85, 4: 184, 5: 0, 6: 4, 7: 0, 8: 10, 9: 138})
(24, 289, {0: 2, 1: 1, 2: 1, 3: 3, 4: 1, 5: 15, 6: 1, 7: 236, 8: 1, 9: 28})
(25, 933, {0: 0, 1: 0, 2: 0, 3: 0, 4: 275, 5: 310, 6: 337, 7: 11, 8: 0, 9: 0})
(26, 1635, {0: 17, 1: 29, 2: 444, 3: 597, 4: 8, 5: 1, 6: 26, 7: 2, 8: 0, 9: 511})
(27, 1382, {0: 74, 1: 0, 2: 581, 3: 11, 4: 0, 5: 0, 6: 312, 7: 163, 8: 240, 9: 1})
(28, 57, {0: 0, 1: 14, 2: 0, 3: 2, 4: 0, 5: 39, 6: 2, 7: 0, 8: 0, 9: 0})
(29, 599, {0: 595, 1: 0, 2: 0, 3: 0, 4: 0, 5: 0, 6: 0, 7: 0, 8: 0, 9: 4})
(30, 218, {0: 4, 1: 75, 2: 0, 3: 30, 4: 42, 5: 7, 6: 0, 7: 0, 8: 60, 9: 0})
(31, 810, {0: 0, 1: 583, 2: 0, 3: 2, 4: 98, 5: 0, 6: 1, 7: 0, 8: 0, 9: 126})
(32, 71, {0: 0, 1: 0, 2: 1, 3: 0, 4: 0, 5: 0, 6: 31, 7: 0, 8: 39, 9: 0})
(33, 353, {0: 1, 1: 38, 2: 1, 3: 0, 4: 297, 5: 8, 6: 0, 7: 0, 8: 6, 9: 2})
(34, 594, {0: 48, 1: 0, 2: 0, 3: 1, 4: 69, 5: 0, 6: 0, 7: 0, 8: 12, 9: 464})
(35, 985, {0: 0, 1: 599, 2: 224, 3: 0, 4: 96, 5: 0, 6: 3, 7: 0, 8: 63, 9: 0})
(36, 697, {0: 0, 1: 0, 2: 514, 3: 178, 4: 0, 5: 0, 6: 0, 7: 0, 8: 0, 9: 5})
(37, 1475, {0: 0, 1: 8, 2: 0, 3: 0, 4: 385, 5: 366, 6: 426, 7: 0, 8: 0, 9: 290})
(38, 1225, {0: 395, 1: 0, 2: 1, 3: 196, 4: 0, 5: 12, 6: 271, 7: 0, 8: 0, 9: 350})
(39, 375, {0: 0, 1: 0, 2: 322, 3: 1, 4: 0, 5: 0, 6: 51, 7: 1, 8: 0, 9: 0})
(40, 756, {0: 60, 1: 0, 2: 173, 3: 93, 4: 1, 5: 1, 6: 1, 7: 0, 8: 329, 9: 98})
(41, 357, {0: 0, 1: 7, 2: 2, 3: 0, 4: 1, 5: 0, 6: 244, 7: 99, 8: 0, 9: 4})
(42, 632, {0: 0, 1: 39, 2: 0, 3: 0, 4: 2, 5: 52, 6: 254, 7: 285, 8: 0, 9: 0})
(43, 773, {0: 0, 1: 530, 2: 12, 3: 164, 4: 0, 5: 0, 6: 0, 7: 67, 8: 0, 9: 0})
(44, 816, {0: 0, 1: 378, 2: 23, 3: 0, 4: 0, 5: 0, 6: 0, 7: 0, 8: 414, 9: 1})
(45, 552, {0: 56, 1: 0, 2: 0, 3: 0, 4: 156, 5: 0, 6: 24, 7: 164, 8: 152, 9: 0})
(46, 348, {0: 294, 1: 1, 2: 0, 3: 0, 4: 0, 5: 22, 6: 0, 7: 7, 8: 13, 9: 11})
(47, 844, {0: 504, 1: 0, 2: 6, 3: 246, 4: 0, 5: 73, 6: 0, 7: 0, 8: 15, 9: 0})
(48, 468, {0: 0, 1: 25, 2: 67, 3: 0, 4: 206, 5: 1, 6: 3, 7: 37, 8: 129, 9: 0})
(49, 323, {0: 0, 1: 0, 2: 0, 3: 1, 4: 236, 5: 2, 6: 36, 7: 0, 8: 48, 9: 0})
(50, 895, {0: 525, 1: 313, 2: 0, 3: 0, 4: 0, 5: 0, 6: 57, 7: 0, 8: 0, 9: 0})
(51, 138, {0: 100, 1: 0, 2: 0, 3: 4, 4: 0, 5: 0, 6: 15, 7: 0, 8: 1, 9: 18})
(52, 608, {0: 8, 1: 156, 2: 0, 3: 259, 4: 0, 5: 0, 6: 144, 7: 2, 8: 0, 9: 39})
(53, 792, {0: 37, 1: 273, 2: 0, 3: 187, 4: 147, 5: 148, 6: 0, 7: 0, 8: 0, 9: 0})
(54, 462, {0: 0, 1: 64, 2: 0, 3: 0, 4: 38, 5: 310, 6: 4, 7: 14, 8: 32, 9: 0})
(55, 841, {0: 0, 1: 284, 2: 51, 3: 2, 4: 29, 5: 241, 6: 2, 7: 111, 8: 0, 9: 121})
(56, 690, {0: 0, 1: 2, 2: 1, 3: 0, 4: 0, 5: 354, 6: 12, 7: 2, 8: 319, 9: 0})
(57, 56, {0: 0, 1: 0, 2: 0, 3: 1, 4: 0, 5: 0, 6: 1, 7: 28, 8: 26, 9: 0})
(58, 36, {0: 3, 1: 0, 2: 0, 3: 0, 4: 0, 5: 26, 6: 7, 7: 0, 8: 0, 9: 0})
(59, 72, {0: 40, 1: 13, 2: 5, 3: 0, 4: 0, 5: 0, 6: 0, 7: 0, 8: 14, 9: 0})
(60, 749, {0: 12, 1: 0, 2: 0, 3: 38, 4: 277, 5: 36, 6: 0, 7: 361, 8: 0, 9: 25})
(61, 214, {0: 0, 1: 3, 2: 0, 3: 0, 4: 70, 5: 140, 6: 0, 7: 1, 8: 0, 9: 0})
(62, 294, {0: 0, 1: 1, 2: 38, 3: 0, 4: 0, 5: 76, 6: 0, 7: 0, 8: 40, 9: 139})
(63, 491, {0: 0, 1: 0, 2: 0, 3: 163, 4: 0, 5: 0, 6: 0, 7: 120, 8: 1, 9: 207})
(64, 571, {0: 526, 1: 0, 2: 0, 3: 0, 4: 0, 5: 0, 6: 35, 7: 10, 8: 0, 9: 0})
(65, 126, {0: 0, 1: 0, 2: 1, 3: 74, 4: 0, 5: 17, 6: 26, 7: 8, 8: 0, 9: 0})
(66, 597, {0: 0, 1: 89, 2: 506, 3: 0, 4: 0, 5: 0, 6: 1, 7: 0, 8: 0, 9: 1})
(67, 566, {0: 1, 1: 1, 2: 0, 3: 22, 4: 1, 5: 1, 6: 28, 7: 1, 8: 510, 9: 1})
(68, 135, {0: 21, 1: 0, 2: 9, 3: 0, 4: 0, 5: 92, 6: 13, 7: 0, 8: 0, 9: 0})
(69, 695, {0: 27, 1: 6, 2: 85, 3: 0, 4: 64, 5: 1, 6: 200, 7: 0, 8: 312, 9: 0})
(70, 968, {0: 233, 1: 0, 2: 0, 3: 435, 4: 58, 5: 1, 6: 0, 7: 178, 8: 0, 9: 63})
(71, 820, {0: 0, 1: 480, 2: 86, 3: 0, 4: 157, 5: 13, 6: 0, 7: 0, 8: 0, 9: 84})
(72, 56, {0: 0, 1: 48, 2: 0, 3: 0, 4: 5, 5: 1, 6: 2, 7: 0, 8: 0, 9: 0})
(73, 919, {0: 0, 1: 278, 2: 0, 3: 0, 4: 15, 5: 0, 6: 310, 7: 307, 8: 9, 9: 0})
(74, 245, {0: 0, 1: 35, 2: 0, 3: 0, 4: 9, 5: 0, 6: 0, 7: 194, 8: 7, 9: 0})
(75, 733, {0: 16, 1: 16, 2: 538, 3: 0, 4: 158, 5: 0, 6: 0, 7: 2, 8: 3, 9: 0})
(76, 1008, {0: 1, 1: 0, 2: 4, 3: 0, 4: 9, 5: 450, 6: 544, 7: 0, 8: 0, 9: 0})
(77, 1690, {0: 0, 1: 0, 2: 102, 3: 0, 4: 465, 5: 0, 6: 535, 7: 0, 8: 0, 9: 588})
(78, 788, {0: 1, 1: 0, 2: 270, 3: 487, 4: 29, 5: 0, 6: 0, 7: 0, 8: 1, 9: 0})
(79, 617, {0: 19, 1: 38, 2: 0, 3: 0, 4: 2, 5: 1, 6: 0, 7: 290, 8: 189, 9: 78})
(80, 738, {0: 0, 1: 71, 2: 1, 3: 0, 4: 182, 5: 42, 6: 91, 7: 0, 8: 0, 9: 351})
(81, 122, {0: 0, 1: 31, 2: 3, 3: 83, 4: 0, 5: 0, 6: 0, 7: 0, 8: 0, 9: 5})
(82, 201, {0: 0, 1: 0, 2: 0, 3: 0, 4: 0, 5: 190, 6: 6, 7: 0, 8: 5, 9: 0})
(83, 754, {0: 514, 1: 0, 2: 34, 3: 0, 4: 0, 5: 0, 6: 0, 7: 206, 8: 0, 9: 0})
(84, 935, {0: 1, 1: 0, 2: 5, 3: 0, 4: 162, 5: 304, 6: 10, 7: 0, 8: 453, 9: 0})
(85, 164, {0: 15, 1: 2, 2: 0, 3: 35, 4: 112, 5: 0, 6: 0, 7: 0, 8: 0, 9: 0})
(86, 507, {0: 36, 1: 0, 2: 2, 3: 0, 4: 1, 5: 336, 6: 48, 7: 84, 8: 0, 9: 0})
(87, 733, {0: 556, 1: 0, 2: 1, 3: 0, 4: 0, 5: 0, 6: 0, 7: 162, 8: 13, 9: 1})
(88, 447, {0: 0, 1: 6, 2: 0, 3: 0, 4: 0, 5: 123, 6: 5, 7: 1, 8: 287, 9: 25})
(89, 286, {0: 54, 1: 0, 2: 0, 3: 0, 4: 10, 5: 0, 6: 0, 7: 215, 8: 5, 9: 2})
(90, 946, {0: 31, 1: 1, 2: 0, 3: 14, 4: 1, 5: 2, 6: 172, 7: 359, 8: 341, 9: 25})
(91, 494, {0: 494, 1: 0, 2: 0, 3: 0, 4: 0, 5: 0, 6: 0, 7: 0, 8: 0, 9: 0})
(92, 281, {0: 0, 1: 71, 2: 0, 3: 72, 4: 0, 5: 65, 6: 0, 7: 73, 8: 0, 9: 0})
(93, 1459, {0: 1, 1: 0, 2: 0, 3: 304, 4: 302, 5: 25, 6: 12, 7: 278, 8: 0, 9: 537})
(94, 170, {0: 1, 1: 0, 2: 0, 3: 21, 4: 103, 5: 43, 6: 1, 7: 0, 8: 0, 9: 1})
(95, 886, {0: 6, 1: 232, 2: 0, 3: 113, 4: 1, 5: 1, 6: 2, 7: 3, 8: 399, 9: 129})
(96, 719, {0: 0, 1: 92, 2: 0, 3: 3, 4: 0, 5: 75, 6: 19, 7: 0, 8: 0, 9: 530})
(97, 321, {0: 5, 1: 0, 2: 3, 3: 0, 4: 16, 5: 201, 6: 0, 7: 14, 8: 0, 9: 82})
(98, 572, {0: 0, 1: 0, 2: 0, 3: 0, 4: 9, 5: 556, 6: 0, 7: 0, 8: 0, 9: 7})
(99, 589, {0: 0, 1: 83, 2: 234, 3: 2, 4: 0, 5: 0, 6: 265, 7: 5, 8: 0, 9: 0})
Start server:
Current clients: 100, select: 10
| current_epoch 1 |. Begin client select
SchedulerThread select( 10 clients):
34 | 71 | 87 | 36 | 11 | 32 | 26 | 29 | 72 | 51 |
-----------------------------------------------------------------Schedule complete
Client 72 trained in 0.01s (simulated: 0.00s)
Client 72 uploaded with stats: loss=0.0000, grad_norm=0.0000, exec_time=0.00s
Client 87 trained in 0.40s (simulated: 0.00s)--------------------Schedule complete
Client 71 uploaded with stats: loss=1.9994, grad_norm=9.1760, exec_time=0.00s
Client 87 trained in 0.75s (simulated: 0.00s)
Client 87 uploaded with stats: loss=1.7442, grad_norm=12.3563, exec_time=0.00s
Client 26 trained in 0.89s (simulated: 0.00s)
Client 26 uploaded with stats: loss=1.6597, grad_norm=12.9560, exec_time=0.00s
Epoch(t): 1 accuracy: 27.77 loss 2.3299576592445375 run_time: 3.1607892513275146
Current clients: 100, select: 10
| current_epoch 2 |. Begin client select
SchedulerThread select( 10 clients):
87 | 36 | 71 | 26 | 29 | 7 | 81 | 93 | 33 | 30 |
-----------------------------------------------------------------Schedule complete
Client 71 trained in 0.38s (simulated: 0.00s)
Client 71 uploaded with stats: loss=1.3370, grad_norm=14.2358, exec_time=0.00s
Client 87 trained in 0.40s (simulated: 0.00s)--------------------Schedule complete
Client 87 uploaded with stats: loss=0.7837, grad_norm=13.8018, exec_time=0.00s
Client 36 trained in 0.56s (simulated: 0.00s)
Client 36 uploaded with stats: loss=0.7261, grad_norm=12.9209, exec_time=0.00s
Client 81 trained in 0.60s (simulated: 0.00s)
Client 81 uploaded with stats: loss=1.8249, grad_norm=6.8869, exec_time=0.00s
Client 33 trained in 0.66s (simulated: 0.00s)
Client 33 uploaded with stats: loss=1.0857, grad_norm=15.1967, exec_time=0.00s
Client 29 trained in 0.68s (simulated: 0.00s)
Client 29 uploaded with stats: loss=0.3591, grad_norm=14.6570, exec_time=0.00s
Client 26 trained in 0.79s (simulated: 0.00s)
Client 26 uploaded with stats: loss=0.8942, grad_norm=18.2007, exec_time=0.00s
Client 30 trained in 0.81s (simulated: 0.00s)
Client 30 uploaded with stats: loss=2.1665, grad_norm=8.9645, exec_time=0.00s
Client 7 trained in 0.85s (simulated: 0.00s)
Client 7 uploaded with stats: loss=1.9986, grad_norm=11.2367, exec_time=0.00s
Client 93 trained in 1.10s (simulated: 0.00s)
Client 93 uploaded with stats: loss=1.1376, grad_norm=19.1709, exec_time=0.00s
Epoch(t): 2 accuracy: 27.67 loss 2.3830912828445436 run_time: 4.895124197006226
Current clients: 100, select: 10
| current_epoch 3 |. Begin client select
SchedulerThread select( 10 clients):
26 | 81 | 71 | 36 | 32 | 15 | 92 | 52 | 77 | 0 |
-----------------------------------------------------------------Schedule complete
Client 81 trained in 0.11s (simulated: 0.00s)
Client 81 uploaded with stats: loss=1.3233, grad_norm=8.1805, exec_time=0.00s
Client 32 trained in 0.12s (simulated: 0.00s)
Client 32 uploaded with stats: loss=2.8907, grad_norm=18.2110, exec_time=0.00s
Client 36 trained in 0.40s (simulated: 0.00s)
Client 36 uploaded with stats: loss=0.4483, grad_norm=18.9187, exec_time=0.00s
Client 71 trained in 0.42s (simulated: 0.00s)
Client 71 uploaded with stats: loss=0.9067, grad_norm=19.4851, exec_time=0.00s
Client 0 trained in 0.46s (simulated: 0.00s)
Client 0 uploaded with stats: loss=0.5601, grad_norm=19.7474, exec_time=0.00s
Client 92 trained in 0.55s (simulated: 0.00s)
Client 92 uploaded with stats: loss=1.6057, grad_norm=12.5550, exec_time=0.00s
Client 15 trained in 0.57s (simulated: 0.00s)
Client 15 uploaded with stats: loss=0.1158, grad_norm=12.4806, exec_time=0.00s
Client 26 trained in 0.72s (simulated: 0.00s)
Client 26 uploaded with stats: loss=0.5551, grad_norm=20.6162, exec_time=0.00s
Client 52 trained in 0.73s (simulated: 0.00s)
Client 52 uploaded with stats: loss=1.2721, grad_norm=19.1234, exec_time=0.00s
Client 77 trained in 0.99s (simulated: 0.00s)
Client 77 uploaded with stats: loss=0.8867, grad_norm=40.5222, exec_time=0.00s
Epoch(t): 3 accuracy: 27.74 loss 2.5667370533943177 run_time: 6.560285806655884
Current clients: 100, select: 10
| current_epoch 4 |. Begin client select
SchedulerThread select( 10 clients):
71 | 11 | 52 | 93 | 34 | 82 | 86 | 42 | 41 | 91 |
-----------------------------------------------------------------Schedule complete
Client 34 trained in 0.30s (simulated: 0.00s)
Client 34 uploaded with stats: loss=0.3561, grad_norm=10.6930, exec_time=0.00s
Client 71 trained in 0.33s (simulated: 0.00s)
Client 71 uploaded with stats: loss=0.7271, grad_norm=27.9605, exec_time=0.00s
Client 52 trained in 0.45s (simulated: 0.00s)
Client 52 uploaded with stats: loss=1.0604, grad_norm=29.9992, exec_time=0.00s
Client 11 trained in 0.53s (simulated: 0.00s)
Client 11 uploaded with stats: loss=0.3144, grad_norm=25.1009, exec_time=0.00s
Client 41 trained in 0.53s (simulated: 0.00s)
Client 41 uploaded with stats: loss=0.7441, grad_norm=22.1241, exec_time=0.00s
Client 93 trained in 0.60s (simulated: 0.00s)
Client 93 uploaded with stats: loss=0.5612, grad_norm=25.5844, exec_time=0.00s
Client 82 trained in 0.64s (simulated: 0.00s)
Client 82 uploaded with stats: loss=1.4581, grad_norm=23.2096, exec_time=0.00s
Client 42 trained in 0.74s (simulated: 0.00s)
Client 42 uploaded with stats: loss=0.8274, grad_norm=20.5063, exec_time=0.00s
Client 86 trained in 0.75s (simulated: 0.00s)
Client 86 uploaded with stats: loss=1.3466, grad_norm=22.2402, exec_time=0.00s
Client 91 trained in 0.77s (simulated: 0.00s)
Client 91 uploaded with stats: loss=0.2618, grad_norm=27.9544, exec_time=0.00s
Epoch(t): 4 accuracy: 35.99 loss 1.9964457738399506 run_time: 8.011840581893921
Current clients: 100, select: 10
| current_epoch 5 |. Begin client select
SchedulerThread select( 10 clients):
82 | 7 | 30 | 32 | 81 | 35 | 20 | 9 | 8 | 74 |
-----------------------------------------------------------------Schedule complete
Client 81 trained in 0.08s (simulated: 0.00s)
Client 81 uploaded with stats: loss=1.2306, grad_norm=18.2659, exec_time=0.00s
Client 32 trained in 0.08s (simulated: 0.00s)
Client 32 uploaded with stats: loss=2.1737, grad_norm=23.7452, exec_time=0.00s
Client 82 trained in 0.17s (simulated: 0.00s)
Client 82 uploaded with stats: loss=0.9940, grad_norm=19.6102, exec_time=0.00s
Client 30 trained in 0.16s (simulated: 0.00s)
Client 30 uploaded with stats: loss=1.4729, grad_norm=22.2741, exec_time=0.00s
Client 7 trained in 0.27s (simulated: 0.00s)
Client 7 uploaded with stats: loss=1.4370, grad_norm=28.4662, exec_time=0.00s
Client 74 trained in 0.33s (simulated: 0.00s)
Client 74 uploaded with stats: loss=0.5262, grad_norm=14.4028, exec_time=0.00s
Client 9 trained in 0.55s (simulated: 0.00s)
Client 9 uploaded with stats: loss=0.2032, grad_norm=16.7804, exec_time=0.00s
Client 20 trained in 0.55s (simulated: 0.00s)
Client 20 uploaded with stats: loss=0.5561, grad_norm=33.9410, exec_time=0.00s
Client 8 trained in 0.64s (simulated: 0.00s)
Client 8 uploaded with stats: loss=0.3314, grad_norm=15.1833, exec_time=0.00s
Client 35 trained in 0.66s (simulated: 0.00s)
Client 35 uploaded with stats: loss=0.7451, grad_norm=36.9992, exec_time=0.00s
Epoch(t): 5 accuracy: 33.02 loss 1.8764814293384553 run_time: 9.265543937683105
Current clients: 100, select: 10
| current_epoch 6 |. Begin client select
SchedulerThread select( 10 clients):
87 | 71 | 7 | 51 | 9 | 70 | 57 | 88 | 58 | 89 |
-----------------------------------------------------------------Schedule complete
Client 57 trained in 0.03s (simulated: 0.00s)
Client 57 uploaded with stats: loss=0.0000, grad_norm=0.0000, exec_time=0.00s
Client 58 trained in 0.03s (simulated: 0.00s)
Client 58 uploaded with stats: loss=0.0000, grad_norm=0.0000, exec_time=0.00s
Client 51 trained in 0.24s (simulated: 0.00s)
Client 51 uploaded with stats: loss=1.2705, grad_norm=29.3619, exec_time=0.00s
Client 7 trained in 0.28s (simulated: 0.00s)
Client 7 uploaded with stats: loss=1.2685, grad_norm=31.1139, exec_time=0.00s
Client 9 trained in 0.37s (simulated: 0.00s)
Client 9 uploaded with stats: loss=0.1491, grad_norm=12.9566, exec_time=0.00s
Client 87 trained in 0.40s (simulated: 0.00s)
Client 87 uploaded with stats: loss=0.2827, grad_norm=30.2024, exec_time=0.00s
Client 71 trained in 0.45s (simulated: 0.00s)
Client 71 uploaded with stats: loss=0.6110, grad_norm=33.3456, exec_time=0.00s
Client 89 trained in 0.52s (simulated: 0.00s)
Client 89 uploaded with stats: loss=0.4193, grad_norm=13.1482, exec_time=0.00s
Client 88 trained in 0.56s (simulated: 0.00s)
Client 88 uploaded with stats: loss=0.9038, grad_norm=28.7657, exec_time=0.00s
Client 70 trained in 0.65s (simulated: 0.00s)
Client 70 uploaded with stats: loss=0.8087, grad_norm=47.7115, exec_time=0.00s
Epoch(t): 6 accuracy: 40.91 loss 1.7673174524307251 run_time: 10.541840076446533
Current clients: 100, select: 10
| current_epoch 7 |. Begin client select
SchedulerThread select( 10 clients):
88 | 57 | 71 | 36 | 86 | 46 | 62 | 75 | 78 | 23 |
-----------------------------------------------------------------Schedule complete
Client 57 trained in 0.01s (simulated: 0.00s)
Client 57 uploaded with stats: loss=0.0000, grad_norm=0.0000, exec_time=0.00s
Client 36 trained in 0.19s (simulated: 0.00s)
Client 36 uploaded with stats: loss=0.3146, grad_norm=36.1297, exec_time=0.00s
Client 71 trained in 0.20s (simulated: 0.00s)
Client 71 uploaded with stats: loss=0.5763, grad_norm=32.5955, exec_time=0.00s
Client 86 trained in 0.22s (simulated: 0.00s)
Client 86 uploaded with stats: loss=0.9087, grad_norm=20.2071, exec_time=0.00s
Client 88 trained in 0.25s (simulated: 0.00s)
Client 88 uploaded with stats: loss=0.7877, grad_norm=25.4127, exec_time=0.00s
Client 62 trained in 0.39s (simulated: 0.00s)
Client 62 uploaded with stats: loss=0.9544, grad_norm=22.2433, exec_time=0.00s
Client 78 trained in 0.48s (simulated: 0.00s)
Client 78 uploaded with stats: loss=0.6173, grad_norm=46.9892, exec_time=0.00s
Client 46 trained in 0.48s (simulated: 0.00s)
Client 46 uploaded with stats: loss=0.4314, grad_norm=20.3414, exec_time=0.00s
Client 23 trained in 0.50s (simulated: 0.00s)
Client 23 uploaded with stats: loss=0.5776, grad_norm=25.2242, exec_time=0.00s
Client 75 trained in 0.61s (simulated: 0.00s)
Client 75 uploaded with stats: loss=0.9951, grad_norm=45.0790, exec_time=0.00s
Epoch(t): 7 accuracy: 35.01 loss 1.8046209275722505 run_time: 11.73983383178711
Current clients: 100, select: 10
| current_epoch 8 |. Begin client select
SchedulerThread select( 10 clients):
62 | 8 | 72 | 33 | 26 | 85 | 48 | 68 | 44 | 53 |
-----------------------------------------------------------------Schedule complete
Client 72 trained in 0.03s (simulated: 0.00s)
Client 72 uploaded with stats: loss=0.0000, grad_norm=0.0000, exec_time=0.00s
Client 85 trained in 0.12s (simulated: 0.00s)
Client 85 uploaded with stats: loss=1.0988, grad_norm=29.8072, exec_time=0.00s
Client 62 trained in 0.28s (simulated: 0.00s)
Client 62 uploaded with stats: loss=0.9077, grad_norm=21.0578, exec_time=0.00s
Client 68 trained in 0.31s (simulated: 0.00s)
Client 68 uploaded with stats: loss=1.1567, grad_norm=18.4452, exec_time=0.00s
Client 33 trained in 0.31s (simulated: 0.00s)
Client 33 uploaded with stats: loss=0.5416, grad_norm=34.6143, exec_time=0.00s
Client 48 trained in 0.48s (simulated: 0.00s)
Client 48 uploaded with stats: loss=1.2477, grad_norm=41.9271, exec_time=0.00s
Client 8 trained in 0.53s (simulated: 0.00s)
Client 8 uploaded with stats: loss=0.2595, grad_norm=18.3448, exec_time=0.00s
Client 53 trained in 0.69s (simulated: 0.00s)
Client 53 uploaded with stats: loss=0.9456, grad_norm=38.6212, exec_time=0.00s
Client 26 trained in 0.72s (simulated: 0.00s)
Client 26 uploaded with stats: loss=0.3418, grad_norm=21.7034, exec_time=0.00s
Client 44 trained in 0.74s (simulated: 0.00s)
Client 44 uploaded with stats: loss=0.2424, grad_norm=22.0333, exec_time=0.00s
Epoch(t): 8 accuracy: 42.49 loss 1.4851259982585907 run_time: 13.152812004089355
Current clients: 100, select: 10
| current_epoch 9 |. Begin client select
SchedulerThread select( 10 clients):
26 | 35 | 44 | 78 | 77 | 80 | 95 | 76 | 47 | 18 |
-----------------------------------------------------------------Schedule complete
Client 35 trained in 0.54s (simulated: 0.00s)
Client 35 uploaded with stats: loss=0.5030, grad_norm=28.8543, exec_time=0.00s
Client 44 trained in 0.60s (simulated: 0.00s)
Client 44 uploaded with stats: loss=0.1858, grad_norm=18.6098, exec_time=0.00s
Client 26 trained in 0.70s (simulated: 0.00s)
Client 26 uploaded with stats: loss=0.3275, grad_norm=23.5902, exec_time=0.00s
Client 78 trained in 0.76s (simulated: 0.00s)
Client 78 uploaded with stats: loss=0.4774, grad_norm=39.8043, exec_time=0.00s
Client 77 trained in 0.79s (simulated: 0.00s)
Client 77 uploaded with stats: loss=0.7918, grad_norm=51.3705, exec_time=0.00s
Client 18 trained in 0.87s (simulated: 0.00s)
Client 18 uploaded with stats: loss=0.3043, grad_norm=23.0039, exec_time=0.00s
Client 47 trained in 1.08s (simulated: 0.00s)
Client 47 uploaded with stats: loss=0.8165, grad_norm=53.3912, exec_time=0.00s
Client 80 trained in 1.16s (simulated: 0.00s)
Client 80 uploaded with stats: loss=0.6246, grad_norm=27.2586, exec_time=0.00s
Client 95 trained in 1.20s (simulated: 0.00s)
Client 95 uploaded with stats: loss=0.3967, grad_norm=20.8224, exec_time=0.00s
Client 76 trained in 1.24s (simulated: 0.00s)
Client 76 uploaded with stats: loss=0.3661, grad_norm=25.9816, exec_time=0.00s
Epoch(t): 9 accuracy: 40.16 loss 1.4517125165462494 run_time: 15.055968999862671
Current clients: 100, select: 10
| current_epoch 10 |. Begin client select
SchedulerThread select( 10 clients):
52 | 36 | 86 | 78 | 95 | 59 | 31 | 6 | 67 | 37 |
-----------------------------------------------------------------Schedule complete
Client 36 trained in 0.27s (simulated: 0.00s)
Client 36 uploaded with stats: loss=0.1705, grad_norm=18.7458, exec_time=0.00s
Client 78 trained in 0.32s (simulated: 0.00s)
Client 78 uploaded with stats: loss=0.4409, grad_norm=33.1894, exec_time=0.00s
Client 52 trained in 0.37s (simulated: 0.00s)
Client 52 uploaded with stats: loss=0.8565, grad_norm=38.4789, exec_time=0.00s
Client 86 trained in 0.38s (simulated: 0.00s)
Client 86 uploaded with stats: loss=0.8207, grad_norm=24.4213, exec_time=0.00s
Client 59 trained in 0.40s (simulated: 0.00s)
Client 59 uploaded with stats: loss=1.7749, grad_norm=28.1974, exec_time=0.00s
Client 95 trained in 0.69s (simulated: 0.00s)
Client 95 uploaded with stats: loss=0.4274, grad_norm=28.7120, exec_time=0.00s
Client 67 trained in 0.77s (simulated: 0.00s)
Client 67 uploaded with stats: loss=0.4154, grad_norm=35.6733, exec_time=0.00s
Client 6 trained in 0.86s (simulated: 0.00s)
Client 6 uploaded with stats: loss=0.9198, grad_norm=46.0824, exec_time=0.00s
Client 31 trained in 0.91s (simulated: 0.00s)
Client 31 uploaded with stats: loss=0.2094, grad_norm=18.6855, exec_time=0.00s
Client 37 trained in 1.06s (simulated: 0.00s)
Client 37 uploaded with stats: loss=0.8316, grad_norm=50.5220, exec_time=0.00s
Epoch(t): 10 accuracy: 47.77 loss 1.4768141627311706 run_time: 16.715277671813965
Current clients: 100, select: 10
| current_epoch 11 |. Begin client select
SchedulerThread select( 10 clients):
62 | 85 | 36 | 29 | 15 | 38 | 12 | 1 | 55 | 19 |
-----------------------------------------------------------------Schedule complete
Client 62 trained in 0.14s (simulated: 0.00s)
Client 62 uploaded with stats: loss=0.7827, grad_norm=21.8551, exec_time=0.00s
Client 85 trained in 0.15s (simulated: 0.00s)
Client 85 uploaded with stats: loss=0.7742, grad_norm=21.4350, exec_time=0.00s
Client 15 trained in 0.19s (simulated: 0.00s)
Client 15 uploaded with stats: loss=0.0274, grad_norm=6.2681, exec_time=0.00s
Client 29 trained in 0.31s (simulated: 0.00s)
Client 29 uploaded with stats: loss=0.1727, grad_norm=36.1777, exec_time=0.00s
Client 36 trained in 0.33s (simulated: 0.00s)
Client 36 uploaded with stats: loss=0.2521, grad_norm=36.0257, exec_time=0.00s
Client 1 trained in 0.63s (simulated: 0.00s)
Client 1 uploaded with stats: loss=0.4945, grad_norm=21.2767, exec_time=0.00s
Client 19 trained in 0.70s (simulated: 0.00s)
Client 19 uploaded with stats: loss=0.5241, grad_norm=20.7798, exec_time=0.00s
Client 12 trained in 0.80s (simulated: 0.00s)
Client 12 uploaded with stats: loss=0.8798, grad_norm=52.1131, exec_time=0.00s
Client 55 trained in 0.83s (simulated: 0.00s)
Client 55 uploaded with stats: loss=0.6721, grad_norm=22.1350, exec_time=0.00s
Client 38 trained in 0.93s (simulated: 0.00s)
Client 38 uploaded with stats: loss=0.6403, grad_norm=40.3761, exec_time=0.00s
Epoch(t): 11 accuracy: 37.09 loss 1.41167294383049 run_time: 18.386579751968384
Current clients: 100, select: 10
| current_epoch 12 |. Begin client select
SchedulerThread select( 10 clients):
93 | 6 | 55 | 41 | 53 | 40 | 43 | 97 | 39 | 10 |
-----------------------------------------------------------------Schedule complete
Client 41 trained in 0.40s (simulated: 0.00s)
Client 41 uploaded with stats: loss=0.3652, grad_norm=20.5611, exec_time=0.00s
Client 55 trained in 0.48s (simulated: 0.00s)
Client 55 uploaded with stats: loss=0.6561, grad_norm=23.0211, exec_time=0.00s
Client 53 trained in 0.48s (simulated: 0.00s)
Client 53 uploaded with stats: loss=0.8032, grad_norm=40.5722, exec_time=0.00s
Client 6 trained in 0.60s (simulated: 0.00s)
Client 6 uploaded with stats: loss=0.8214, grad_norm=45.1580, exec_time=0.00s
Client 93 trained in 0.72s (simulated: 0.00s)
Client 93 uploaded with stats: loss=0.3661, grad_norm=22.8911, exec_time=0.00s
Client 43 trained in 0.84s (simulated: 0.00s)
Client 43 uploaded with stats: loss=0.7198, grad_norm=43.0991, exec_time=0.00s
Client 39 trained in 0.85s (simulated: 0.00s)
Client 39 uploaded with stats: loss=0.8839, grad_norm=37.2182, exec_time=0.00s
Client 97 trained in 0.85s (simulated: 0.00s)
Client 97 uploaded with stats: loss=1.0679, grad_norm=34.4176, exec_time=0.00s
Client 10 trained in 0.90s (simulated: 0.00s)
Client 10 uploaded with stats: loss=0.8197, grad_norm=36.8791, exec_time=0.00s
Client 40 trained in 1.02s (simulated: 0.00s)
Client 40 uploaded with stats: loss=0.5806, grad_norm=38.5728, exec_time=0.00s
Epoch(t): 12 accuracy: 47.77 loss 1.2360373628139496 run_time: 20.1233913898468
Current clients: 100, select: 10
| current_epoch 13 |. Begin client select
SchedulerThread select( 10 clients):
67 | 41 | 71 | 74 | 44 | 17 | 96 | 60 | 24 | 27 |
-----------------------------------------------------------------Schedule complete
Client 74 trained in 0.19s (simulated: 0.00s)
Client 74 uploaded with stats: loss=0.3270, grad_norm=16.4452, exec_time=0.00s
Client 41 trained in 0.25s (simulated: 0.00s)
Client 41 uploaded with stats: loss=0.3286, grad_norm=19.6491, exec_time=0.00s
Client 67 trained in 0.39s (simulated: 0.00s)
Client 67 uploaded with stats: loss=0.3128, grad_norm=29.5461, exec_time=0.00s
Client 71 trained in 0.45s (simulated: 0.00s)
Client 71 uploaded with stats: loss=0.4523, grad_norm=23.9349, exec_time=0.00s
Client 44 trained in 0.48s (simulated: 0.00s)
Client 44 uploaded with stats: loss=0.1634, grad_norm=21.6944, exec_time=0.00s
Client 24 trained in 0.57s (simulated: 0.00s)
Client 24 uploaded with stats: loss=0.4050, grad_norm=16.0109, exec_time=0.00s
Client 96 trained in 0.83s (simulated: 0.00s)
Client 96 uploaded with stats: loss=0.2828, grad_norm=17.0033, exec_time=0.00s
Client 27 trained in 0.93s (simulated: 0.00s)
Client 27 uploaded with stats: loss=0.8816, grad_norm=50.5055, exec_time=0.00s
Client 60 trained in 0.94s (simulated: 0.00s)
Client 60 uploaded with stats: loss=0.3377, grad_norm=13.1543, exec_time=0.00s
Client 17 trained in 0.98s (simulated: 0.00s)
Client 17 uploaded with stats: loss=0.4408, grad_norm=36.1872, exec_time=0.00s
Epoch(t): 13 accuracy: 48.89 loss 1.267176125049591 run_time: 21.747512102127075
Current clients: 100, select: 10
| current_epoch 14 |. Begin client select
SchedulerThread select( 10 clients):
37 | 47 | 26 | 80 | 62 | 14 | 49 | 98 | 50 | 16 |
-----------------------------------------------------------------Schedule complete
Client 62 trained in 0.22s (simulated: 0.00s)
Client 62 uploaded with stats: loss=0.8978, grad_norm=33.6123, exec_time=0.00s
Client 47 trained in 0.46s (simulated: 0.00s)
Client 47 uploaded with stats: loss=0.6660, grad_norm=45.9508, exec_time=0.00s
Client 80 trained in 0.65s (simulated: 0.00s)
Client 80 uploaded with stats: loss=0.5219, grad_norm=23.5980, exec_time=0.00s
Client 14 trained in 0.74s (simulated: 0.00s)
Client 14 uploaded with stats: loss=1.7498, grad_norm=45.5573, exec_time=0.00s
Client 37 trained in 0.79s (simulated: 0.00s)
Client 37 uploaded with stats: loss=0.7328, grad_norm=48.5796, exec_time=0.00s
Client 26 trained in 0.82s (simulated: 0.00s)
Client 26 uploaded with stats: loss=0.2917, grad_norm=23.0967, exec_time=0.00s
Client 49 trained in 0.90s (simulated: 0.00s)
Client 49 uploaded with stats: loss=0.6003, grad_norm=25.4356, exec_time=0.00s
Client 98 trained in 1.02s (simulated: 0.00s)
Client 98 uploaded with stats: loss=0.3014, grad_norm=25.1243, exec_time=0.00s
Client 16 trained in 1.11s (simulated: 0.00s)
Client 16 uploaded with stats: loss=0.7350, grad_norm=36.4002, exec_time=0.00s
Client 50 trained in 1.10s (simulated: 0.00s)
Client 50 uploaded with stats: loss=0.5835, grad_norm=43.0896, exec_time=0.00s
Epoch(t): 14 accuracy: 45.73 loss 1.3025876808166503 run_time: 23.520294666290283
Current clients: 100, select: 10
| current_epoch 15 |. Begin client select
SchedulerThread select( 10 clients):
76 | 36 | 81 | 16 | 78 | 22 | 2 | 5 | 90 | 54 |
-----------------------------------------------------------------Schedule complete
Client 81 trained in 0.09s (simulated: 0.00s)
Client 81 uploaded with stats: loss=0.9239, grad_norm=18.9698, exec_time=0.00s
Client 36 trained in 0.24s (simulated: 0.00s)
Client 36 uploaded with stats: loss=0.2501, grad_norm=39.5941, exec_time=0.00s
Client 78 trained in 0.37s (simulated: 0.00s)
Client 78 uploaded with stats: loss=0.4258, grad_norm=30.8620, exec_time=0.00s
Client 16 trained in 0.51s (simulated: 0.00s)
Client 16 uploaded with stats: loss=0.7027, grad_norm=35.0826, exec_time=0.00s
Client 76 trained in 0.54s (simulated: 0.00s)
Client 76 uploaded with stats: loss=0.2106, grad_norm=13.7546, exec_time=0.00s
Client 54 trained in 0.73s (simulated: 0.00s)
Client 54 uploaded with stats: loss=0.4800, grad_norm=15.6141, exec_time=0.00s
Client 5 trained in 0.76s (simulated: 0.00s)
Client 5 uploaded with stats: loss=0.5887, grad_norm=31.7263, exec_time=0.00s
Client 22 trained in 0.82s (simulated: 0.00s)
Client 22 uploaded with stats: loss=0.1878, grad_norm=16.6173, exec_time=0.00s
Client 2 trained in 0.92s (simulated: 0.00s)
Client 2 uploaded with stats: loss=0.4059, grad_norm=24.0403, exec_time=0.00s
Client 90 trained in 0.95s (simulated: 0.00s)
Client 90 uploaded with stats: loss=0.4112, grad_norm=26.5010, exec_time=0.00s
Epoch(t): 15 accuracy: 46.6 loss 1.219100536108017 run_time: 25.12306261062622
Current clients: 100, select: 10
| current_epoch 16 |. Begin client select
SchedulerThread select( 10 clients):
48 | 19 | 78 | 43 | 86 | 79 | 69 | 13 | 3 | 61 |
-----------------------------------------------------------------Schedule complete
Client 86 trained in 0.27s (simulated: 0.00s)
Client 86 uploaded with stats: loss=0.7170, grad_norm=25.8417, exec_time=0.00s
Client 19 trained in 0.42s (simulated: 0.00s)
Client 19 uploaded with stats: loss=0.4384, grad_norm=23.9440, exec_time=0.00s
Client 48 trained in 0.45s (simulated: 0.00s)
Client 48 uploaded with stats: loss=0.8268, grad_norm=34.4589, exec_time=0.00s
Client 78 trained in 0.44s (simulated: 0.00s)
Client 78 uploaded with stats: loss=0.3640, grad_norm=19.4186, exec_time=0.00s
Client 61 trained in 0.49s (simulated: 0.00s)
Client 61 uploaded with stats: loss=0.2848, grad_norm=15.5429, exec_time=0.00s
Client 43 trained in 0.49s (simulated: 0.00s)
Client 43 uploaded with stats: loss=0.6252, grad_norm=43.6817, exec_time=0.00s
Client 13 trained in 0.68s (simulated: 0.00s)
Client 13 uploaded with stats: loss=0.1269, grad_norm=12.0700, exec_time=0.00s
Client 3 trained in 0.70s (simulated: 0.00s)
Client 3 uploaded with stats: loss=0.2653, grad_norm=17.7219, exec_time=0.00s
Client 79 trained in 0.78s (simulated: 0.00s)
Client 79 uploaded with stats: loss=0.3816, grad_norm=27.0574, exec_time=0.00s
Client 69 trained in 0.80s (simulated: 0.00s)
Client 69 uploaded with stats: loss=0.9050, grad_norm=33.9186, exec_time=0.00s
Epoch(t): 16 accuracy: 62.19 loss 1.0336414366960525 run_time: 26.567477226257324
Current clients: 100, select: 10
| current_epoch 17 |. Begin client select
SchedulerThread select( 10 clients):
89 | 50 | 27 | 1 | 5 | 4 | 64 | 25 | 94 | 28 |
-----------------------------------------------------------------Schedule complete
Client 28 trained in 0.02s (simulated: 0.00s)
Client 28 uploaded with stats: loss=0.0000, grad_norm=0.0000, exec_time=0.00s
Client 89 trained in 0.23s (simulated: 0.00s)
Client 89 uploaded with stats: loss=0.3008, grad_norm=17.7857, exec_time=0.00s
Client 5 trained in 0.46s (simulated: 0.00s)
Client 5 uploaded with stats: loss=0.6012, grad_norm=34.5030, exec_time=0.00s
Client 50 trained in 0.48s (simulated: 0.00s)
Client 50 uploaded with stats: loss=0.5688, grad_norm=44.8978, exec_time=0.00s
Client 94 trained in 0.49s (simulated: 0.00s)
Client 94 uploaded with stats: loss=0.7118, grad_norm=21.1043, exec_time=0.00s
Client 1 trained in 0.54s (simulated: 0.00s)
Client 1 uploaded with stats: loss=0.4271, grad_norm=18.1936, exec_time=0.00s
Client 27 trained in 0.68s (simulated: 0.00s)
Client 27 uploaded with stats: loss=0.7988, grad_norm=46.4601, exec_time=0.00s
Client 4 trained in 0.68s (simulated: 0.00s)
Client 4 uploaded with stats: loss=0.6029, grad_norm=31.2655, exec_time=0.00s
Client 64 trained in 0.73s (simulated: 0.00s)
Client 64 uploaded with stats: loss=0.3547, grad_norm=28.6566, exec_time=0.00s
Client 25 trained in 0.81s (simulated: 0.00s)
Client 25 uploaded with stats: loss=0.7814, grad_norm=49.1517, exec_time=0.00s
Epoch(t): 17 accuracy: 51.73 loss 1.2681875950098038 run_time: 28.065249919891357
Current clients: 100, select: 10
| current_epoch 18 |. Begin client select
SchedulerThread select( 10 clients):
25 | 50 | 42 | 17 | 5 | 73 | 83 | 45 | 99 | 66 |
-----------------------------------------------------------------Schedule complete
Client 5 trained in 0.40s (simulated: 0.00s)
Client 5 uploaded with stats: loss=0.5575, grad_norm=27.5582, exec_time=0.00s
Client 50 trained in 0.45s (simulated: 0.00s)
Client 50 uploaded with stats: loss=0.4609, grad_norm=34.0718, exec_time=0.00s
Client 42 trained in 0.55s (simulated: 0.00s)
Client 42 uploaded with stats: loss=0.2931, grad_norm=11.2641, exec_time=0.00s
Client 25 trained in 0.61s (simulated: 0.00s)
Client 25 uploaded with stats: loss=0.6949, grad_norm=38.3896, exec_time=0.00s
Client 83 trained in 0.78s (simulated: 0.00s)
Client 83 uploaded with stats: loss=0.2172, grad_norm=20.7594, exec_time=0.00s
Client 17 trained in 0.92s (simulated: 0.00s)
Client 17 uploaded with stats: loss=0.3863, grad_norm=29.3388, exec_time=0.00s
Client 45 trained in 1.00s (simulated: 0.00s)
Client 45 uploaded with stats: loss=0.5210, grad_norm=26.6458, exec_time=0.00s
Client 66 trained in 1.04s (simulated: 0.00s)
Client 66 uploaded with stats: loss=0.2013, grad_norm=31.1332, exec_time=0.00s
Client 99 trained in 1.04s (simulated: 0.00s)
Client 99 uploaded with stats: loss=0.8378, grad_norm=32.9989, exec_time=0.00s
Client 73 trained in 1.14s (simulated: 0.00s)
Client 73 uploaded with stats: loss=0.2572, grad_norm=13.0707, exec_time=0.00s
Epoch(t): 18 accuracy: 48.56 loss 1.253902086019516 run_time: 29.836878299713135
Current clients: 100, select: 10
| current_epoch 19 |. Begin client select
SchedulerThread select( 10 clients):
49 | 1 | 62 | 75 | 86 | 21 | 63 | 65 | 84 | 56 |
-----------------------------------------------------------------Schedule complete
Client 62 trained in 0.15s (simulated: 0.00s)
Client 62 uploaded with stats: loss=0.5998, grad_norm=23.8017, exec_time=0.00s
Client 86 trained in 0.24s (simulated: 0.00s)
Client 86 uploaded with stats: loss=0.6993, grad_norm=27.4113, exec_time=0.00s
Client 49 trained in 0.32s (simulated: 0.00s)
Client 49 uploaded with stats: loss=0.7156, grad_norm=32.4004, exec_time=0.00s
Client 21 trained in 0.36s (simulated: 0.00s)
Client 21 uploaded with stats: loss=0.9254, grad_norm=18.1170, exec_time=0.00s
Client 65 trained in 0.37s (simulated: 0.00s)
Client 65 uploaded with stats: loss=1.3191, grad_norm=20.3989, exec_time=0.00s
Client 1 trained in 0.44s (simulated: 0.00s)
Client 1 uploaded with stats: loss=0.5522, grad_norm=32.5190, exec_time=0.00s
Client 75 trained in 0.50s (simulated: 0.00s)
Client 75 uploaded with stats: loss=0.8635, grad_norm=41.1185, exec_time=0.00s
Client 63 trained in 0.62s (simulated: 0.00s)
Client 63 uploaded with stats: loss=0.2877, grad_norm=22.4778, exec_time=0.00s
Client 84 trained in 0.70s (simulated: 0.00s)
Client 84 uploaded with stats: loss=0.4021, grad_norm=29.7090, exec_time=0.00s
Client 56 trained in 0.70s (simulated: 0.00s)
Client 56 uploaded with stats: loss=0.3689, grad_norm=31.6215, exec_time=0.00s
Epoch(t): 19 accuracy: 53.61 loss 1.1436222904920579 run_time: 31.25503158569336
Current clients: 100, select: 10
| current_epoch 20 |. Begin client select
SchedulerThread select( 10 clients):
93 | 70 | 53 | 11 | 12 | 46 | 95 | 60 | 83 | 68 |
-----------------------------------------------------------------Schedule complete
Client 53 trained in 0.41s (simulated: 0.00s)
Client 53 uploaded with stats: loss=0.6896, grad_norm=38.4579, exec_time=0.00s
Client 95 trained in 0.42s (simulated: 0.00s)
Client 95 uploaded with stats: loss=0.2792, grad_norm=15.6210, exec_time=0.00s
Client 11 trained in 0.52s (simulated: 0.00s)
Client 11 uploaded with stats: loss=0.0942, grad_norm=27.9549, exec_time=0.00s
Client 93 trained in 0.65s (simulated: 0.00s)
Client 93 uploaded with stats: loss=0.3658, grad_norm=30.9938, exec_time=0.00s
Client 12 trained in 0.80s (simulated: 0.00s)
Client 12 uploaded with stats: loss=0.6818, grad_norm=42.6230, exec_time=0.00s
Client 46 trained in 0.86s (simulated: 0.00s)
Client 46 uploaded with stats: loss=0.3491, grad_norm=26.2477, exec_time=0.00s
Client 83 trained in 0.85s (simulated: 0.00s)
Client 83 uploaded with stats: loss=0.2371, grad_norm=24.8333, exec_time=0.00s
Client 68 trained in 0.88s (simulated: 0.00s)
Client 68 uploaded with stats: loss=0.4697, grad_norm=10.5941, exec_time=0.00s
Client 70 trained in 0.90s (simulated: 0.00s)
Client 70 uploaded with stats: loss=0.5218, grad_norm=35.5044, exec_time=0.00s
Client 60 trained in 0.93s (simulated: 0.00s)
Client 60 uploaded with stats: loss=0.3192, grad_norm=18.6256, exec_time=0.00s
Epoch(t): 20 accuracy: 53.95 loss 1.1716199308633803 run_time: 32.82979679107666
Current clients: 100, select: 10
| current_epoch 21 |. Begin client select
SchedulerThread select( 10 clients):
69 | 70 | 12 | 11 | 45 | 55 | 97 | 26 | 52 | 84 |
-----------------------------------------------------------------Schedule complete
Client 11 trained in 0.46s (simulated: 0.00s)
Client 11 uploaded with stats: loss=0.0513, grad_norm=12.3263, exec_time=0.00s
Client 70 trained in 0.54s (simulated: 0.00s)
Client 70 uploaded with stats: loss=0.5384, grad_norm=40.1364, exec_time=0.00s
Client 52 trained in 0.61s (simulated: 0.00s)
Client 52 uploaded with stats: loss=0.8071, grad_norm=40.5263, exec_time=0.00s
Client 12 trained in 0.70s (simulated: 0.00s)
Client 12 uploaded with stats: loss=0.6483, grad_norm=38.1005, exec_time=0.00s
Client 26 trained in 0.72s (simulated: 0.00s)
Client 26 uploaded with stats: loss=0.2744, grad_norm=21.2764, exec_time=0.00s
Client 55 trained in 0.90s (simulated: 0.00s)
Client 55 uploaded with stats: loss=0.5578, grad_norm=24.0000, exec_time=0.00s
Client 69 trained in 0.97s (simulated: 0.00s)
Client 69 uploaded with stats: loss=0.8369, grad_norm=28.4504, exec_time=0.00s
Client 84 trained in 0.97s (simulated: 0.00s)
Client 84 uploaded with stats: loss=0.3286, grad_norm=19.6674, exec_time=0.00s
Client 97 trained in 1.04s (simulated: 0.00s)
Client 97 uploaded with stats: loss=1.1126, grad_norm=39.6028, exec_time=0.00s
Client 45 trained in 1.02s (simulated: 0.00s)
Client 45 uploaded with stats: loss=0.4016, grad_norm=22.4789, exec_time=0.00s
Epoch(t): 21 accuracy: 56.98 loss 1.019518746137619 run_time: 34.513044595718384
Current clients: 100, select: 10
| current_epoch 22 |. Begin client select
SchedulerThread select( 10 clients):
27 | 97 | 93 | 77 | 76 | 24 | 98 | 35 | 55 | 79 |
-----------------------------------------------------------------Schedule complete
Client 55 trained in 0.57s (simulated: 0.00s)
Client 55 uploaded with stats: loss=0.5707, grad_norm=27.7102, exec_time=0.00s
Client 93 trained in 0.64s (simulated: 0.00s)
Client 93 uploaded with stats: loss=0.3085, grad_norm=23.8107, exec_time=0.00s
Client 97 trained in 0.70s (simulated: 0.00s)
Client 97 uploaded with stats: loss=1.0462, grad_norm=39.6785, exec_time=0.00s
Client 27 trained in 0.74s (simulated: 0.00s)
Client 27 uploaded with stats: loss=0.7577, grad_norm=45.9730, exec_time=0.00s
Client 77 trained in 0.88s (simulated: 0.00s)
Client 77 uploaded with stats: loss=0.6844, grad_norm=44.8439, exec_time=0.00s
Client 79 trained in 0.96s (simulated: 0.00s)
Client 79 uploaded with stats: loss=0.3025, grad_norm=19.6816, exec_time=0.00s
Client 76 trained in 0.95s (simulated: 0.00s)
Client 76 uploaded with stats: loss=0.1951, grad_norm=18.4954, exec_time=0.00s
Client 35 trained in 0.96s (simulated: 0.00s)
Client 35 uploaded with stats: loss=0.3815, grad_norm=24.6543, exec_time=0.00s
Client 24 trained in 0.98s (simulated: 0.00s)
Client 24 uploaded with stats: loss=0.3448, grad_norm=16.6119, exec_time=0.00s
Client 98 trained in 1.04s (simulated: 0.00s)
Client 98 uploaded with stats: loss=0.1704, grad_norm=17.5279, exec_time=0.00s
Epoch(t): 22 accuracy: 59.13 loss 1.109117158651352 run_time: 36.21499466896057
Current clients: 100, select: 10
| current_epoch 23 |. Begin client select
SchedulerThread select( 10 clients):
73 | 5 | 55 | 42 | 99 | 40 | 37 | 77 | 74 | 75 |
-----------------------------------------------------------------Schedule complete
Client 55 trained in 0.43s (simulated: 0.00s)
Client 55 uploaded with stats: loss=0.5583, grad_norm=28.4311, exec_time=0.00s
Client 5 trained in 0.62s (simulated: 0.00s)
Client 5 uploaded with stats: loss=0.4961, grad_norm=26.5146, exec_time=0.00s
Client 75 trained in 0.62s (simulated: 0.00s)
Client 75 uploaded with stats: loss=0.8201, grad_norm=37.8104, exec_time=0.00s
Client 42 trained in 0.71s (simulated: 0.00s)
Client 42 uploaded with stats: loss=0.2880, grad_norm=14.0925, exec_time=0.00s
Client 37 trained in 0.82s (simulated: 0.00s)
Client 37 uploaded with stats: loss=0.6238, grad_norm=45.7126, exec_time=0.00s
Client 77 trained in 0.85s (simulated: 0.00s)
Client 77 uploaded with stats: loss=0.6532, grad_norm=43.4550, exec_time=0.00s
Client 74 trained in 0.92s (simulated: 0.00s)
Client 74 uploaded with stats: loss=0.2392, grad_norm=15.0627, exec_time=0.00s
Client 73 trained in 1.00s (simulated: 0.00s)
Client 73 uploaded with stats: loss=0.2579, grad_norm=15.5476, exec_time=0.00s
Client 40 trained in 1.00s (simulated: 0.00s)
Client 40 uploaded with stats: loss=0.3389, grad_norm=19.2477, exec_time=0.00s
Client 99 trained in 1.02s (simulated: 0.00s)
Client 99 uploaded with stats: loss=0.8252, grad_norm=34.2616, exec_time=0.00s
Epoch(t): 23 accuracy: 52.61 loss 1.2855065172910691 run_time: 37.92133092880249
Current clients: 100, select: 10
| current_epoch 24 |. Begin client select
SchedulerThread select( 10 clients):
6 | 77 | 70 | 73 | 93 | 41 | 27 | 24 | 17 | 31 |
-----------------------------------------------------------------Schedule complete
Client 93 trained in 0.75s (simulated: 0.00s)
Client 93 uploaded with stats: loss=0.3204, grad_norm=22.3593, exec_time=0.00s
Client 27 trained in 0.80s (simulated: 0.00s)
Client 27 uploaded with stats: loss=0.7097, grad_norm=39.6971, exec_time=0.00s
Client 77 trained in 0.90s (simulated: 0.00s)
Client 77 uploaded with stats: loss=0.6381, grad_norm=41.0524, exec_time=0.00s
Client 70 trained in 1.01s (simulated: 0.00s)
Client 70 uploaded with stats: loss=0.5099, grad_norm=33.8599, exec_time=0.00s
Client 41 trained in 1.07s (simulated: 0.00s)
Client 41 uploaded with stats: loss=0.2128, grad_norm=13.7005, exec_time=0.00s
Client 17 trained in 1.10s (simulated: 0.00s)
Client 17 uploaded with stats: loss=0.3410, grad_norm=24.8689, exec_time=0.00s
Client 73 trained in 1.12s (simulated: 0.00s)
Client 73 uploaded with stats: loss=0.2476, grad_norm=16.2619, exec_time=0.00s
Client 6 trained in 1.13s (simulated: 0.00s)
Client 6 uploaded with stats: loss=0.5285, grad_norm=28.3718, exec_time=0.00s
Client 24 trained in 1.15s (simulated: 0.00s)
Client 24 uploaded with stats: loss=0.3652, grad_norm=16.8152, exec_time=0.00s
Client 31 trained in 1.28s (simulated: 0.00s)
Client 31 uploaded with stats: loss=0.1873, grad_norm=11.8066, exec_time=0.00s
Epoch(t): 24 accuracy: 52.25 loss 1.2130009603500367 run_time: 39.78809714317322
Current clients: 100, select: 10
| current_epoch 25 |. Begin client select
SchedulerThread select( 10 clients):
41 | 53 | 16 | 38 | 78 | 33 | 7 | 64 | 70 | 37 |
-----------------------------------------------------------------Schedule complete
Client 78 trained in 0.46s (simulated: 0.00s)
Client 78 uploaded with stats: loss=0.4140, grad_norm=28.3982, exec_time=0.00s
Client 53 trained in 0.49s (simulated: 0.00s)
Client 53 uploaded with stats: loss=0.6747, grad_norm=38.3140, exec_time=0.00s
Client 70 trained in 0.52s (simulated: 0.00s)
Client 70 uploaded with stats: loss=0.4703, grad_norm=31.3028, exec_time=0.00s
Client 41 trained in 0.58s (simulated: 0.00s)
Client 41 uploaded with stats: loss=0.2092, grad_norm=16.5371, exec_time=0.00s
Client 16 trained in 0.61s (simulated: 0.00s)
Client 16 uploaded with stats: loss=0.5936, grad_norm=26.4479, exec_time=0.00s
Client 7 trained in 0.60s (simulated: 0.00s)
Client 7 uploaded with stats: loss=0.6514, grad_norm=28.7087, exec_time=0.00s
Client 33 trained in 0.70s (simulated: 0.00s)
Client 33 uploaded with stats: loss=0.2223, grad_norm=12.7117, exec_time=0.00s
Client 37 trained in 0.70s (simulated: 0.00s)
Client 37 uploaded with stats: loss=0.6035, grad_norm=45.7616, exec_time=0.00s
Client 64 trained in 0.81s (simulated: 0.00s)
Client 64 uploaded with stats: loss=0.4632, grad_norm=36.4332, exec_time=0.00s
Client 38 trained in 0.88s (simulated: 0.00s)
Client 38 uploaded with stats: loss=0.5819, grad_norm=37.7954, exec_time=0.00s
Epoch(t): 25 accuracy: 58.28 loss 1.0596180319786073 run_time: 41.283013105392456
Current clients: 100, select: 10
| current_epoch 26 |. Begin client select
SchedulerThread select( 10 clients):
45 | 69 | 47 | 71 | 30 | 84 | 75 | 42 | 93 | 0 |
-----------------------------------------------------------------Schedule complete
Client 71 trained in 0.29s (simulated: 0.00s)
Client 71 uploaded with stats: loss=0.4118, grad_norm=25.9294, exec_time=0.00s
Client 75 trained in 0.33s (simulated: 0.00s)
Client 75 uploaded with stats: loss=0.8047, grad_norm=41.7422, exec_time=0.00s
Client 84 trained in 0.48s (simulated: 0.00s)
Client 84 uploaded with stats: loss=0.3153, grad_norm=22.0967, exec_time=0.00s
Client 42 trained in 0.54s (simulated: 0.00s)
Client 42 uploaded with stats: loss=0.2902, grad_norm=17.9056, exec_time=0.00s
Client 93 trained in 0.59s (simulated: 0.00s)
Client 93 uploaded with stats: loss=0.2996, grad_norm=20.1111, exec_time=0.00s
Client 47 trained in 0.69s (simulated: 0.00s)
Client 47 uploaded with stats: loss=0.5468, grad_norm=34.9932, exec_time=0.00s
Client 69 trained in 0.73s (simulated: 0.00s)
Client 69 uploaded with stats: loss=0.7549, grad_norm=21.8658, exec_time=0.00s
Client 30 trained in 0.70s (simulated: 0.00s)
Client 30 uploaded with stats: loss=0.6332, grad_norm=19.7722, exec_time=0.00s
Client 45 trained in 0.79s (simulated: 0.00s)
Client 45 uploaded with stats: loss=0.3580, grad_norm=17.9265, exec_time=0.00s
Client 0 trained in 0.78s (simulated: 0.00s)
Client 0 uploaded with stats: loss=0.2557, grad_norm=16.9216, exec_time=0.00s
Epoch(t): 26 accuracy: 64.88 loss 0.9536870378255844 run_time: 42.77151966094971
Current clients: 100, select: 10
| current_epoch 27 |. Begin client select
SchedulerThread select( 10 clients):
97 | 16 | 56 | 69 | 54 | 26 | 70 | 75 | 78 | 24 |
-----------------------------------------------------------------Schedule complete
Client 78 trained in 0.34s (simulated: 0.00s)
Client 78 uploaded with stats: loss=0.3659, grad_norm=21.8246, exec_time=0.00s
Client 70 trained in 0.42s (simulated: 0.00s)
Client 70 uploaded with stats: loss=0.4289, grad_norm=26.8289, exec_time=0.00s
Client 75 trained in 0.50s (simulated: 0.00s)
Client 75 uploaded with stats: loss=0.7354, grad_norm=34.3705, exec_time=0.00s
Client 16 trained in 0.64s (simulated: 0.00s)
Client 16 uploaded with stats: loss=0.5809, grad_norm=28.3858, exec_time=0.00s
Client 26 trained in 0.66s (simulated: 0.00s)
Client 26 uploaded with stats: loss=0.2574, grad_norm=20.4851, exec_time=0.00s
Client 97 trained in 0.65s (simulated: 0.00s)
Client 97 uploaded with stats: loss=0.9715, grad_norm=40.0720, exec_time=0.00s
Client 24 trained in 0.69s (simulated: 0.00s)
Client 24 uploaded with stats: loss=0.4030, grad_norm=22.6684, exec_time=0.00s
Client 69 trained in 0.72s (simulated: 0.00s)
Client 69 uploaded with stats: loss=0.7800, grad_norm=25.8305, exec_time=0.00s
Client 54 trained in 0.84s (simulated: 0.00s)
Client 54 uploaded with stats: loss=0.3492, grad_norm=13.1044, exec_time=0.00s
Client 56 trained in 0.87s (simulated: 0.00s)
Client 56 uploaded with stats: loss=0.2218, grad_norm=13.6996, exec_time=0.00s
Client 97 trained in 0.22s (simulated: 0.00s)
Client 97 uploaded with stats: loss=1.1349, grad_norm=42.2384, exec_time=0.00s
Client 16 trained in 0.38s (simulated: 0.00s)
Client 16 uploaded with stats: loss=0.5615, grad_norm=24.3004, exec_time=0.00s
Client 99 trained in 0.42s (simulated: 0.00s)
Client 99 uploaded with stats: loss=0.8723, grad_norm=36.3440, exec_time=0.00s
Client 95 trained in 0.43s (simulated: 0.00s)
Client 95 uploaded with stats: loss=0.2546, grad_norm=14.9397, exec_time=0.00s
Client 34 trained in 0.52s (simulated: 0.00s)
Client 34 uploaded with stats: loss=0.1170, grad_norm=8.7668, exec_time=0.00s
Client 67 trained in 0.58s (simulated: 0.00s)
Client 67 uploaded with stats: loss=0.2301, grad_norm=17.1246, exec_time=0.00s
Client 85 trained in 0.61s (simulated: 0.00s)
Client 85 uploaded with stats: loss=1.2776, grad_norm=38.7877, exec_time=0.00s
Client 18 trained in 0.68s (simulated: 0.00s)
Client 18 uploaded with stats: loss=0.1964, grad_norm=11.8162, exec_time=0.00s
Client 54 trained in 0.70s (simulated: 0.00s)
Client 54 uploaded with stats: loss=0.3695, grad_norm=16.1016, exec_time=0.00s
Client 90 trained in 0.79s (simulated: 0.00s)
Client 90 uploaded with stats: loss=0.3122, grad_norm=16.3206, exec_time=0.00s
Epoch(t): 28 accuracy: 61.56 loss 0.9518922084569931 run_time: 45.6391065120697
Current clients: 100, select: 10
| current_epoch 29 |. Begin client select
SchedulerThread select( 10 clients):
26 | 10 | 27 | 46 | 54 | 60 | 80 | 25 | 42 | 93 |
-----------------------------------------------------------------Schedule complete
Client 42 trained in 0.59s (simulated: 0.00s)
Client 42 uploaded with stats: loss=0.2728, grad_norm=15.6607, exec_time=0.00s
Client 26 trained in 0.65s (simulated: 0.00s)
Client 26 uploaded with stats: loss=0.2543, grad_norm=19.5058, exec_time=0.00s
Client 93 trained in 0.73s (simulated: 0.00s)
Client 93 uploaded with stats: loss=0.3093, grad_norm=24.5977, exec_time=0.00s
Client 27 trained in 0.78s (simulated: 0.00s)
Client 27 uploaded with stats: loss=0.6950, grad_norm=40.0207, exec_time=0.00s
Client 25 trained in 0.91s (simulated: 0.00s)
Client 25 uploaded with stats: loss=0.6313, grad_norm=40.1117, exec_time=0.00s
Client 60 trained in 0.95s (simulated: 0.00s)
Client 60 uploaded with stats: loss=0.2780, grad_norm=18.5499, exec_time=0.00s
Client 54 trained in 1.03s (simulated: 0.00s)
Client 54 uploaded with stats: loss=0.3755, grad_norm=17.7209, exec_time=0.00s
Client 46 trained in 1.02s (simulated: 0.00s)
Client 46 uploaded with stats: loss=0.2677, grad_norm=18.7765, exec_time=0.00s
Client 80 trained in 1.07s (simulated: 0.00s)
Client 80 uploaded with stats: loss=0.4104, grad_norm=16.2831, exec_time=0.00s
Client 10 trained in 1.08s (simulated: 0.00s)
Client 10 uploaded with stats: loss=0.6849, grad_norm=37.5319, exec_time=0.00s
Epoch(t): 29 accuracy: 65.02 loss 0.8922220581769943 run_time: 47.35752582550049
Current clients: 100, select: 10
| current_epoch 30 |. Begin client select
SchedulerThread select( 10 clients):
55 | 75 | 17 | 43 | 62 | 70 | 78 | 86 | 23 | 98 |
-----------------------------------------------------------------Schedule complete
Client 78 trained in 0.41s (simulated: 0.00s)
Client 78 uploaded with stats: loss=0.3610, grad_norm=22.1946, exec_time=0.00s
Client 70 trained in 0.45s (simulated: 0.00s)
Client 70 uploaded with stats: loss=0.4048, grad_norm=22.3918, exec_time=0.00s
Client 55 trained in 0.53s (simulated: 0.00s)
Client 55 uploaded with stats: loss=0.4942, grad_norm=24.6668, exec_time=0.00s
Client 75 trained in 0.59s (simulated: 0.00s)
Client 75 uploaded with stats: loss=0.7573, grad_norm=40.0322, exec_time=0.00s
Client 86 trained in 0.64s (simulated: 0.00s)
Client 86 uploaded with stats: loss=0.5802, grad_norm=25.6394, exec_time=0.00s
Client 62 trained in 0.68s (simulated: 0.00s)
Client 62 uploaded with stats: loss=0.5850, grad_norm=27.1959, exec_time=0.00s
Client 17 trained in 0.84s (simulated: 0.00s)
Client 17 uploaded with stats: loss=0.3165, grad_norm=24.7989, exec_time=0.00s
Client 98 trained in 0.85s (simulated: 0.00s)
Client 98 uploaded with stats: loss=0.1500, grad_norm=21.2861, exec_time=0.00s
Client 23 trained in 0.87s (simulated: 0.00s)
Client 23 uploaded with stats: loss=0.3528, grad_norm=15.9783, exec_time=0.00s
Client 43 trained in 0.87s (simulated: 0.00s)
Client 43 uploaded with stats: loss=0.5587, grad_norm=44.1976, exec_time=0.00s
Epoch(t): 30 accuracy: 66.0 loss 0.9828161382675171 run_time: 48.83458924293518
Current clients: 100, select: 10
| current_epoch 31 |. Begin client select
SchedulerThread select( 10 clients):
50 | 47 | 27 | 95 | 37 | 13 | 91 | 9 | 98 | 96 |
-----------------------------------------------------------------Schedule complete
Client 95 trained in 0.44s (simulated: 0.00s)
Client 95 uploaded with stats: loss=0.2410, grad_norm=14.5486, exec_time=0.00s
Client 50 trained in 0.50s (simulated: 0.00s)
Client 50 uploaded with stats: loss=0.3909, grad_norm=29.1795, exec_time=0.00s
Client 27 trained in 0.57s (simulated: 0.00s)
Client 27 uploaded with stats: loss=0.6953, grad_norm=40.3440, exec_time=0.00s
Client 98 trained in 0.68s (simulated: 0.00s)
Client 98 uploaded with stats: loss=0.1627, grad_norm=23.0191, exec_time=0.00s
Client 47 trained in 0.78s (simulated: 0.00s)
Client 47 uploaded with stats: loss=0.4670, grad_norm=29.1425, exec_time=0.00s
Client 37 trained in 0.77s (simulated: 0.00s)
Client 37 uploaded with stats: loss=0.5777, grad_norm=46.8060, exec_time=0.00s
Client 9 trained in 0.80s (simulated: 0.00s)
Client 9 uploaded with stats: loss=0.0576, grad_norm=9.3795, exec_time=0.00s
Client 91 trained in 0.93s (simulated: 0.00s)
Client 91 uploaded with stats: loss=0.0992, grad_norm=21.9958, exec_time=0.00s
Client 13 trained in 0.93s (simulated: 0.00s)
Client 13 uploaded with stats: loss=0.1300, grad_norm=14.4802, exec_time=0.00s
Client 96 trained in 0.96s (simulated: 0.00s)
Client 96 uploaded with stats: loss=0.1973, grad_norm=15.9550, exec_time=0.00s
Epoch(t): 31 accuracy: 64.88 loss 0.8726629215478897 run_time: 50.399755001068115
Current clients: 100, select: 10
| current_epoch 32 |. Begin client select
SchedulerThread select( 10 clients):
16 | 8 | 69 | 38 | 91 | 77 | 64 | 52 | 60 | 44 |
-----------------------------------------------------------------Schedule complete
Client 69 trained in 0.33s (simulated: 0.00s)
Client 69 uploaded with stats: loss=0.7116, grad_norm=19.6492, exec_time=0.00s
Client 16 trained in 0.34s (simulated: 0.00s)
Client 16 uploaded with stats: loss=0.5504, grad_norm=24.9490, exec_time=0.00s
Client 52 trained in 0.61s (simulated: 0.00s)
Client 52 uploaded with stats: loss=0.6594, grad_norm=36.0993, exec_time=0.00s
Client 44 trained in 0.79s (simulated: 0.00s)
Client 44 uploaded with stats: loss=0.1178, grad_norm=12.9744, exec_time=0.00s
Client 77 trained in 0.81s (simulated: 0.00s)
Client 77 uploaded with stats: loss=0.6302, grad_norm=43.1258, exec_time=0.00s
Client 38 trained in 0.82s (simulated: 0.00s)
Client 38 uploaded with stats: loss=0.5321, grad_norm=32.9110, exec_time=0.00s
Client 60 trained in 0.88s (simulated: 0.00s)
Client 60 uploaded with stats: loss=0.2799, grad_norm=19.7450, exec_time=0.00s
Client 8 trained in 0.97s (simulated: 0.00s)
Client 8 uploaded with stats: loss=0.1165, grad_norm=17.6793, exec_time=0.00s
Client 64 trained in 0.94s (simulated: 0.00s)
Client 64 uploaded with stats: loss=0.2773, grad_norm=15.3041, exec_time=0.00s
Client 91 trained in 1.03s (simulated: 0.00s)
Client 91 uploaded with stats: loss=0.0887, grad_norm=14.1551, exec_time=0.00s
Epoch(t): 32 accuracy: 58.95 loss 1.0610570800304413 run_time: 52.055567502975464
Current clients: 100, select: 10
| current_epoch 33 |. Begin client select
SchedulerThread select( 10 clients):
88 | 10 | 45 | 87 | 82 | 98 | 12 | 1 | 37 | 17 |
-----------------------------------------------------------------Schedule complete
Client 87 trained in 0.50s (simulated: 0.00s)
Client 87 uploaded with stats: loss=0.1143, grad_norm=16.4191, exec_time=0.00s
Client 37 trained in 0.53s (simulated: 0.00s)
Client 37 uploaded with stats: loss=0.5250, grad_norm=41.0546, exec_time=0.00s
Client 12 trained in 0.66s (simulated: 0.00s)
Client 12 uploaded with stats: loss=0.5808, grad_norm=36.0936, exec_time=0.00s
Client 1 trained in 0.70s (simulated: 0.00s)
Client 1 uploaded with stats: loss=0.3889, grad_norm=20.2910, exec_time=0.00s
Client 98 trained in 0.72s (simulated: 0.00s)
Client 98 uploaded with stats: loss=0.2017, grad_norm=25.2155, exec_time=0.00s
Client 17 trained in 0.82s (simulated: 0.00s)
Client 17 uploaded with stats: loss=0.3083, grad_norm=23.4593, exec_time=0.00s
Client 88 trained in 0.83s (simulated: 0.00s)
Client 88 uploaded with stats: loss=0.2454, grad_norm=12.6317, exec_time=0.00s
Client 45 trained in 0.83s (simulated: 0.00s)
Client 45 uploaded with stats: loss=0.3571, grad_norm=18.7804, exec_time=0.00s
Client 82 trained in 0.83s (simulated: 0.00s)
Client 82 uploaded with stats: loss=0.3112, grad_norm=23.1697, exec_time=0.00s
Client 10 trained in 0.85s (simulated: 0.00s)
Client 10 uploaded with stats: loss=0.6096, grad_norm=33.5597, exec_time=0.00s
Epoch(t): 33 accuracy: 66.17 loss 1.0064646154642105 run_time: 53.572815895080566
Current clients: 100, select: 10
| current_epoch 34 |. Begin client select
SchedulerThread select( 10 clients):
37 | 73 | 26 | 22 | 99 | 33 | 49 | 84 | 1 | 46 |
-----------------------------------------------------------------Schedule complete
Client 1 trained in 0.35s (simulated: 0.00s)
Client 1 uploaded with stats: loss=0.3829, grad_norm=20.6226, exec_time=0.00s
Client 73 trained in 0.61s (simulated: 0.00s)
Client 73 uploaded with stats: loss=0.2286, grad_norm=17.3734, exec_time=0.00s
Client 37 trained in 0.64s (simulated: 0.00s)
Client 37 uploaded with stats: loss=0.5542, grad_norm=46.2797, exec_time=0.00s
Client 26 trained in 0.67s (simulated: 0.00s)
Client 26 uploaded with stats: loss=0.2553, grad_norm=21.7760, exec_time=0.00s
Client 99 trained in 0.71s (simulated: 0.00s)
Client 99 uploaded with stats: loss=0.7818, grad_norm=30.8509, exec_time=0.00s
Client 84 trained in 0.70s (simulated: 0.00s)
Client 84 uploaded with stats: loss=0.2491, grad_norm=14.5291, exec_time=0.00s
Client 46 trained in 0.70s (simulated: 0.00s)
Client 46 uploaded with stats: loss=0.2713, grad_norm=24.9555, exec_time=0.00s
Client 49 trained in 0.75s (simulated: 0.00s)
Client 49 uploaded with stats: loss=0.4448, grad_norm=17.9353, exec_time=0.00s
Client 33 trained in 0.76s (simulated: 0.00s)
Client 33 uploaded with stats: loss=0.2166, grad_norm=18.9730, exec_time=0.00s
Client 22 trained in 0.84s (simulated: 0.00s)
Client 22 uploaded with stats: loss=0.1545, grad_norm=13.9780, exec_time=0.00s
Epoch(t): 34 accuracy: 59.25 loss 0.9818785846233368 run_time: 55.05253338813782
Current clients: 100, select: 10
| current_epoch 35 |. Begin client select
SchedulerThread select( 10 clients):
16 | 40 | 83 | 46 | 14 | 12 | 15 | 70 | 7 | 25 |
-----------------------------------------------------------------Schedule complete
Client 16 trained in 0.39s (simulated: 0.00s)
Client 16 uploaded with stats: loss=0.5281, grad_norm=23.0649, exec_time=0.00s
Client 70 trained in 0.41s (simulated: 0.00s)
Client 70 uploaded with stats: loss=0.4123, grad_norm=24.3817, exec_time=0.00s
Client 7 trained in 0.50s (simulated: 0.00s)
Client 7 uploaded with stats: loss=0.4240, grad_norm=20.9574, exec_time=0.00s
Client 25 trained in 0.55s (simulated: 0.00s)
Client 25 uploaded with stats: loss=0.5840, grad_norm=38.3473, exec_time=0.00s
Client 12 trained in 0.63s (simulated: 0.00s)
Client 12 uploaded with stats: loss=0.5829, grad_norm=38.3550, exec_time=0.00s
Client 14 trained in 0.72s (simulated: 0.00s)
Client 14 uploaded with stats: loss=1.0335, grad_norm=33.5341, exec_time=0.00s
Client 46 trained in 0.72s (simulated: 0.00s)
Client 46 uploaded with stats: loss=0.3148, grad_norm=30.2124, exec_time=0.00s
Client 83 trained in 0.74s (simulated: 0.00s)
Client 83 uploaded with stats: loss=0.2237, grad_norm=26.8965, exec_time=0.00s
Client 15 trained in 0.76s (simulated: 0.00s)
Client 15 uploaded with stats: loss=0.0232, grad_norm=8.0564, exec_time=0.00s
Client 40 trained in 0.81s (simulated: 0.00s)
Client 40 uploaded with stats: loss=0.3362, grad_norm=25.0750, exec_time=0.00s
Epoch(t): 35 accuracy: 64.75 loss 0.9021087872982025 run_time: 56.515878677368164
Current clients: 100, select: 10
| current_epoch 36 |. Begin client select
SchedulerThread select( 10 clients):
51 | 78 | 63 | 17 | 26 | 55 | 16 | 59 | 48 | 37 |
-----------------------------------------------------------------Schedule complete
Client 78 trained in 0.59s (simulated: 0.00s)
Client 78 uploaded with stats: loss=0.3514, grad_norm=21.2505, exec_time=0.00s
Client 37 trained in 0.64s (simulated: 0.00s)
Client 37 uploaded with stats: loss=0.5132, grad_norm=42.9134, exec_time=0.00s
Client 26 trained in 0.72s (simulated: 0.00s)
Client 26 uploaded with stats: loss=0.2473, grad_norm=19.1206, exec_time=0.00s
Client 17 trained in 0.84s (simulated: 0.00s)
Client 17 uploaded with stats: loss=0.3060, grad_norm=24.3160, exec_time=0.00s
Client 59 trained in 0.90s (simulated: 0.00s)
Client 59 uploaded with stats: loss=0.8205, grad_norm=12.5668, exec_time=0.00s
Client 55 trained in 0.94s (simulated: 0.00s)
Client 55 uploaded with stats: loss=0.4768, grad_norm=27.6530, exec_time=0.00s
Client 51 trained in 1.00s (simulated: 0.00s)
Client 51 uploaded with stats: loss=0.5229, grad_norm=12.3799, exec_time=0.00s
Client 48 trained in 1.04s (simulated: 0.00s)
Client 48 uploaded with stats: loss=0.6713, grad_norm=30.9210, exec_time=0.00s
Client 16 trained in 1.05s (simulated: 0.00s)
Client 16 uploaded with stats: loss=0.5081, grad_norm=20.2173, exec_time=0.00s
Client 63 trained in 1.08s (simulated: 0.00s)
Client 63 uploaded with stats: loss=0.2227, grad_norm=17.8815, exec_time=0.00s
Epoch(t): 36 accuracy: 69.93 loss 0.83637646317482 run_time: 58.18705773353577
Current clients: 100, select: 10
| current_epoch 37 |. Begin client select
SchedulerThread select( 10 clients):
55 | 12 | 56 | 19 | 32 | 35 | 8 | 80 | 97 | 52 |
-----------------------------------------------------------------Schedule complete
Client 55 trained in 0.36s (simulated: 0.00s)
Client 55 uploaded with stats: loss=0.4960, grad_norm=33.4636, exec_time=0.00s
Client 35 trained in 0.45s (simulated: 0.00s)
Client 35 uploaded with stats: loss=0.3488, grad_norm=20.2972, exec_time=0.00s
Client 52 trained in 0.52s (simulated: 0.00s)
Client 52 uploaded with stats: loss=0.6795, grad_norm=36.9977, exec_time=0.00s
Client 97 trained in 0.62s (simulated: 0.00s)
Client 97 uploaded with stats: loss=1.1956, grad_norm=50.3838, exec_time=0.00s
Client 8 trained in 0.66s (simulated: 0.00s)
Client 8 uploaded with stats: loss=0.1161, grad_norm=14.2604, exec_time=0.00s
Client 32 trained in 0.65s (simulated: 0.00s)
Client 32 uploaded with stats: loss=0.5856, grad_norm=11.7014, exec_time=0.00s
Client 12 trained in 0.67s (simulated: 0.00s)
Client 12 uploaded with stats: loss=0.5531, grad_norm=35.8250, exec_time=0.00s
Client 80 trained in 0.75s (simulated: 0.00s)
Client 80 uploaded with stats: loss=0.3765, grad_norm=18.3381, exec_time=0.00s
Client 56 trained in 0.78s (simulated: 0.00s)
Client 56 uploaded with stats: loss=0.1998, grad_norm=18.3565, exec_time=0.00s
Client 19 trained in 0.82s (simulated: 0.00s)
Client 19 uploaded with stats: loss=0.2770, grad_norm=24.7857, exec_time=0.00s
Epoch(t): 37 accuracy: 59.0 loss 0.9631174689531327 run_time: 59.682612657547
Current clients: 100, select: 10
| current_epoch 38 |. Begin client select
SchedulerThread select( 10 clients):
35 | 6 | 73 | 31 | 12 | 34 | 42 | 4 | 93 | 63 |
-----------------------------------------------------------------Schedule complete
Client 42 trained in 0.52s (simulated: 0.00s)
Client 42 uploaded with stats: loss=0.2920, grad_norm=20.7758, exec_time=0.00s
Client 35 trained in 0.54s (simulated: 0.00s)
Client 35 uploaded with stats: loss=0.3405, grad_norm=16.1745, exec_time=0.00s
Client 73 trained in 0.63s (simulated: 0.00s)
Client 73 uploaded with stats: loss=0.2283, grad_norm=16.5948, exec_time=0.00s
Client 93 trained in 0.69s (simulated: 0.00s)
Client 93 uploaded with stats: loss=0.2912, grad_norm=24.0452, exec_time=0.00s
Client 12 trained in 0.76s (simulated: 0.00s)
Client 12 uploaded with stats: loss=0.5352, grad_norm=34.5599, exec_time=0.00s
Client 6 trained in 0.83s (simulated: 0.00s)
Client 6 uploaded with stats: loss=0.4062, grad_norm=20.6853, exec_time=0.00s
Client 34 trained in 0.85s (simulated: 0.00s)
Client 34 uploaded with stats: loss=0.1203, grad_norm=15.4466, exec_time=0.00s
Client 63 trained in 0.96s (simulated: 0.00s)
Client 63 uploaded with stats: loss=0.2076, grad_norm=19.2409, exec_time=0.00s
Client 4 trained in 0.96s (simulated: 0.00s)
Client 4 uploaded with stats: loss=0.5337, grad_norm=23.8070, exec_time=0.00s
Client 31 trained in 0.97s (simulated: 0.00s)
Client 31 uploaded with stats: loss=0.1674, grad_norm=13.0776, exec_time=0.00s
Epoch(t): 38 accuracy: 62.27 loss 1.1532394939661026 run_time: 61.293312072753906
Current clients: 100, select: 10
| current_epoch 39 |. Begin client select
SchedulerThread select( 10 clients):
37 | 26 | 7 | 40 | 17 | 12 | 5 | 71 | 27 | 94 |
-----------------------------------------------------------------Schedule complete
Client 37 trained in 0.66s (simulated: 0.00s)
Client 37 uploaded with stats: loss=0.4714, grad_norm=40.3688, exec_time=0.00s
Client 26 trained in 0.71s (simulated: 0.00s)
Client 26 uploaded with stats: loss=0.2508, grad_norm=23.1955, exec_time=0.00s
Client 17 trained in 0.97s (simulated: 0.00s)
Client 17 uploaded with stats: loss=0.2864, grad_norm=22.7247, exec_time=0.00s
Client 12 trained in 1.01s (simulated: 0.00s)
Client 12 uploaded with stats: loss=0.5227, grad_norm=34.7012, exec_time=0.00s
Client 71 trained in 1.03s (simulated: 0.00s)
Client 71 uploaded with stats: loss=0.3685, grad_norm=22.8006, exec_time=0.00s
Client 94 trained in 1.07s (simulated: 0.00s)
Client 94 uploaded with stats: loss=0.4232, grad_norm=10.4520, exec_time=0.00s
Client 7 trained in 1.12s (simulated: 0.00s)
Client 7 uploaded with stats: loss=0.4326, grad_norm=20.2970, exec_time=0.00s
Client 27 trained in 1.14s (simulated: 0.00s)
Client 27 uploaded with stats: loss=0.6783, grad_norm=40.5781, exec_time=0.00s
Client 5 trained in 1.21s (simulated: 0.00s)
Client 5 uploaded with stats: loss=0.4504, grad_norm=28.1965, exec_time=0.00s
Client 40 trained in 1.25s (simulated: 0.00s)
Client 40 uploaded with stats: loss=0.3065, grad_norm=21.0827, exec_time=0.00s
Epoch(t): 39 accuracy: 63.85 loss 0.8983711618185043 run_time: 63.1586754322052
Current clients: 100, select: 10
| current_epoch 40 |. Begin client select
SchedulerThread select( 10 clients):
83 | 40 | 43 | 80 | 75 | 27 | 66 | 52 | 57 | 69 |
-----------------------------------------------------------------Schedule complete
Client 57 trained in 0.01s (simulated: 0.00s)
Client 57 uploaded with stats: loss=0.0000, grad_norm=0.0000, exec_time=0.00s
Client 52 trained in 0.34s (simulated: 0.00s)
Client 52 uploaded with stats: loss=0.6042, grad_norm=34.3001, exec_time=0.00s
Client 69 trained in 0.44s (simulated: 0.00s)
Client 69 uploaded with stats: loss=0.7057, grad_norm=21.0374, exec_time=0.00s
Client 75 trained in 0.43s (simulated: 0.00s)
Client 75 uploaded with stats: loss=0.7910, grad_norm=42.1815, exec_time=0.00s
Client 80 trained in 0.54s (simulated: 0.00s)
Client 80 uploaded with stats: loss=0.3701, grad_norm=17.9229, exec_time=0.00s
Client 40 trained in 0.66s (simulated: 0.00s)
Client 40 uploaded with stats: loss=0.2620, grad_norm=13.8658, exec_time=0.00s
Client 27 trained in 0.73s (simulated: 0.00s)
Client 27 uploaded with stats: loss=0.6623, grad_norm=39.2075, exec_time=0.00s
Client 43 trained in 0.76s (simulated: 0.00s)
Client 43 uploaded with stats: loss=0.5120, grad_norm=44.5940, exec_time=0.00s
Client 83 trained in 0.87s (simulated: 0.00s)
Client 83 uploaded with stats: loss=0.2188, grad_norm=29.1914, exec_time=0.00s
Client 66 trained in 0.89s (simulated: 0.00s)
Client 66 uploaded with stats: loss=0.1268, grad_norm=17.3593, exec_time=0.00s
Epoch(t): 40 accuracy: 63.18 loss 1.0316370391845704 run_time: 64.65516519546509
Current clients: 100, select: 10
| current_epoch 41 |. Begin client select
SchedulerThread select( 10 clients):
42 | 97 | 70 | 2 | 95 | 19 | 36 | 1 | 23 | 12 |
-----------------------------------------------------------------Schedule complete
Client 36 trained in 0.37s (simulated: 0.00s)
Client 36 uploaded with stats: loss=0.1590, grad_norm=15.3062, exec_time=0.00s
Client 70 trained in 0.47s (simulated: 0.00s)
Client 70 uploaded with stats: loss=0.4095, grad_norm=23.5985, exec_time=0.00s
Client 1 trained in 0.52s (simulated: 0.00s)
Client 1 uploaded with stats: loss=0.3808, grad_norm=21.0804, exec_time=0.00s
Client 95 trained in 0.52s (simulated: 0.00s)
Client 95 uploaded with stats: loss=0.2264, grad_norm=13.7308, exec_time=0.00s
Client 42 trained in 0.64s (simulated: 0.00s)
Client 42 uploaded with stats: loss=0.2586, grad_norm=14.2715, exec_time=0.00s
Client 97 trained in 0.72s (simulated: 0.00s)
Client 97 uploaded with stats: loss=0.9819, grad_norm=43.7444, exec_time=0.00s
Client 12 trained in 0.72s (simulated: 0.00s)
Client 12 uploaded with stats: loss=0.5612, grad_norm=36.7830, exec_time=0.00s
Client 19 trained in 0.78s (simulated: 0.00s)
Client 19 uploaded with stats: loss=0.2463, grad_norm=20.5184, exec_time=0.00s
Client 23 trained in 0.82s (simulated: 0.00s)
Client 23 uploaded with stats: loss=0.4110, grad_norm=20.3212, exec_time=0.00s
Client 2 trained in 0.91s (simulated: 0.00s)
Client 2 uploaded with stats: loss=0.3377, grad_norm=23.9104, exec_time=0.00s
Epoch(t): 41 accuracy: 64.13 loss 0.9250808757543564 run_time: 66.28376030921936
Current clients: 100, select: 10
| current_epoch 42 |. Begin client select
SchedulerThread select( 10 clients):
36 | 48 | 90 | 80 | 60 | 49 | 92 | 27 | 96 | 25 |
-----------------------------------------------------------------Schedule complete
Client 36 trained in 0.26s (simulated: 0.00s)
Client 36 uploaded with stats: loss=0.2024, grad_norm=31.1762, exec_time=0.00s
Client 25 trained in 0.42s (simulated: 0.00s)
Client 25 uploaded with stats: loss=0.5274, grad_norm=35.6116, exec_time=0.00s
Client 80 trained in 0.42s (simulated: 0.00s)
Client 80 uploaded with stats: loss=0.4046, grad_norm=21.1251, exec_time=0.00s
Client 27 trained in 0.54s (simulated: 0.00s)
Client 27 uploaded with stats: loss=0.6311, grad_norm=35.5417, exec_time=0.00s
Client 60 trained in 0.60s (simulated: 0.00s)
Client 60 uploaded with stats: loss=0.2337, grad_norm=15.3762, exec_time=0.00s
Client 49 trained in 0.70s (simulated: 0.00s)
Client 49 uploaded with stats: loss=0.4303, grad_norm=19.8036, exec_time=0.00s
Client 92 trained in 0.73s (simulated: 0.00s)
Client 92 uploaded with stats: loss=0.4100, grad_norm=13.3389, exec_time=0.00s
Client 48 trained in 0.73s (simulated: 0.00s)
Client 48 uploaded with stats: loss=0.5168, grad_norm=16.3096, exec_time=0.00s
Client 90 trained in 0.81s (simulated: 0.00s)
Client 90 uploaded with stats: loss=0.2737, grad_norm=16.2099, exec_time=0.00s
Client 96 trained in 0.81s (simulated: 0.00s)
Client 96 uploaded with stats: loss=0.1431, grad_norm=12.3720, exec_time=0.00s
Epoch(t): 42 accuracy: 65.88 loss 0.8247719419002533 run_time: 67.78458905220032
Current clients: 100, select: 10
| current_epoch 43 |. Begin client select
SchedulerThread select( 10 clients):
93 | 38 | 69 | 29 | 23 | 81 | 77 | 22 | 39 | 97 |
-----------------------------------------------------------------Schedule complete
Client 69 trained in 0.33s (simulated: 0.00s)
Client 69 uploaded with stats: loss=0.7139, grad_norm=24.7779, exec_time=0.00s
Client 97 trained in 0.42s (simulated: 0.00s)
Client 97 uploaded with stats: loss=1.0033, grad_norm=43.7150, exec_time=0.00s
Client 23 trained in 0.60s (simulated: 0.00s)
Client 23 uploaded with stats: loss=0.3591, grad_norm=18.7824, exec_time=0.00s
Client 93 trained in 0.62s (simulated: 0.00s)
Client 93 uploaded with stats: loss=0.2798, grad_norm=25.2546, exec_time=0.00s
Client 29 trained in 0.62s (simulated: 0.00s)
Client 29 uploaded with stats: loss=0.0993, grad_norm=30.5189, exec_time=0.00s
Client 81 trained in 0.67s (simulated: 0.00s)
Client 81 uploaded with stats: loss=0.4613, grad_norm=11.8933, exec_time=0.00s
Client 38 trained in 0.71s (simulated: 0.00s)
Client 38 uploaded with stats: loss=0.5078, grad_norm=30.3469, exec_time=0.00s
Client 22 trained in 0.78s (simulated: 0.00s)
Client 22 uploaded with stats: loss=0.1261, grad_norm=13.9754, exec_time=0.00s
Client 77 trained in 0.80s (simulated: 0.00s)
Client 77 uploaded with stats: loss=0.5678, grad_norm=37.8779, exec_time=0.00s
Client 39 trained in 0.81s (simulated: 0.00s)
Client 39 uploaded with stats: loss=0.5642, grad_norm=25.5779, exec_time=0.00s
Epoch(t): 43 accuracy: 64.23 loss 0.9517316937446594 run_time: 69.24924206733704
Current clients: 100, select: 10
| current_epoch 44 |. Begin client select
SchedulerThread select( 10 clients):
78 | 92 | 10 | 24 | 80 | 30 | 62 | 91 | 37 | 61 |
-----------------------------------------------------------------Schedule complete
Client 62 trained in 0.27s (simulated: 0.00s)
Client 62 uploaded with stats: loss=0.3046, grad_norm=12.9143, exec_time=0.00s
Client 91 trained in 0.40s (simulated: 0.00s)
Client 91 uploaded with stats: loss=0.1256, grad_norm=27.7630, exec_time=0.00s
Client 80 trained in 0.41s (simulated: 0.00s)
Client 80 uploaded with stats: loss=0.3533, grad_norm=15.1691, exec_time=0.00s
Client 78 trained in 0.44s (simulated: 0.00s)
Client 78 uploaded with stats: loss=0.3505, grad_norm=22.9305, exec_time=0.00s
Client 24 trained in 0.45s (simulated: 0.00s)
Client 24 uploaded with stats: loss=0.3233, grad_norm=20.4814, exec_time=0.00s
Client 10 trained in 0.53s (simulated: 0.00s)
Client 10 uploaded with stats: loss=0.4757, grad_norm=24.7393, exec_time=0.00s
Client 30 trained in 0.54s (simulated: 0.00s)
Client 30 uploaded with stats: loss=0.4160, grad_norm=10.3045, exec_time=0.00s
Client 92 trained in 0.61s (simulated: 0.00s)
Client 92 uploaded with stats: loss=0.4521, grad_norm=15.0285, exec_time=0.00s
Client 61 trained in 0.65s (simulated: 0.00s)
Client 61 uploaded with stats: loss=0.2341, grad_norm=18.3967, exec_time=0.00s
Client 37 trained in 0.68s (simulated: 0.00s)
Client 37 uploaded with stats: loss=0.4848, grad_norm=42.8542, exec_time=0.00s
Epoch(t): 44 accuracy: 65.34 loss 0.9246170246601104 run_time: 70.58218097686768
Current clients: 100, select: 10
| current_epoch 45 |. Begin client select
SchedulerThread select( 10 clients):
58 | 56 | 46 | 77 | 80 | 35 | 38 | 75 | 87 | 40 |
-----------------------------------------------------------------Schedule complete
Client 58 trained in 0.02s (simulated: 0.00s)
Client 58 uploaded with stats: loss=0.0000, grad_norm=0.0000, exec_time=0.00s
Client 75 trained in 0.37s (simulated: 0.00s)
Client 75 uploaded with stats: loss=0.6531, grad_norm=32.8531, exec_time=0.00s
Client 80 trained in 0.44s (simulated: 0.00s)
Client 80 uploaded with stats: loss=0.3549, grad_norm=16.1444, exec_time=0.00s
Client 38 trained in 0.73s (simulated: 0.00s)
Client 38 uploaded with stats: loss=0.4898, grad_norm=26.6495, exec_time=0.00s
Client 35 trained in 0.75s (simulated: 0.00s)
Client 35 uploaded with stats: loss=0.3510, grad_norm=18.8852, exec_time=0.00s
Client 40 trained in 0.83s (simulated: 0.00s)
Client 40 uploaded with stats: loss=0.2762, grad_norm=17.3171, exec_time=0.00s
Client 77 trained in 0.83s (simulated: 0.00s)
Client 77 uploaded with stats: loss=0.5540, grad_norm=38.4258, exec_time=0.00s
Client 46 trained in 0.94s (simulated: 0.00s)
Client 46 uploaded with stats: loss=0.2650, grad_norm=19.4917, exec_time=0.00s
Client 87 trained in 0.96s (simulated: 0.00s)
Client 87 uploaded with stats: loss=0.1421, grad_norm=19.1602, exec_time=0.00s
Client 56 trained in 0.99s (simulated: 0.00s)
Client 56 uploaded with stats: loss=0.1674, grad_norm=13.3564, exec_time=0.00s
Epoch(t): 45 accuracy: 67.62 loss 0.8582113111019134 run_time: 72.14677906036377
Current clients: 100, select: 10
| current_epoch 46 |. Begin client select
SchedulerThread select( 10 clients):
60 | 29 | 55 | 78 | 91 | 73 | 45 | 77 | 68 | 4 |
-----------------------------------------------------------------Schedule complete
Client 78 trained in 0.33s (simulated: 0.00s)
Client 78 uploaded with stats: loss=0.3195, grad_norm=18.8695, exec_time=0.00s
Client 55 trained in 0.43s (simulated: 0.00s)
Client 55 uploaded with stats: loss=0.4124, grad_norm=26.8077, exec_time=0.00s
Client 73 trained in 0.55s (simulated: 0.00s)
Client 73 uploaded with stats: loss=0.2258, grad_norm=15.5108, exec_time=0.00s
Client 60 trained in 0.63s (simulated: 0.00s)
Client 60 uploaded with stats: loss=0.2476, grad_norm=18.6564, exec_time=0.00s
Client 29 trained in 0.68s (simulated: 0.00s)
Client 29 uploaded with stats: loss=0.0588, grad_norm=13.2860, exec_time=0.00s
Client 77 trained in 0.74s (simulated: 0.00s)
Client 77 uploaded with stats: loss=0.5392, grad_norm=35.7283, exec_time=0.00s
Client 68 trained in 0.75s (simulated: 0.00s)
Client 68 uploaded with stats: loss=0.3989, grad_norm=17.6075, exec_time=0.00s
Client 45 trained in 0.75s (simulated: 0.00s)
Client 45 uploaded with stats: loss=0.3119, grad_norm=15.4450, exec_time=0.00s
Client 91 trained in 0.76s (simulated: 0.00s)
Client 91 uploaded with stats: loss=0.0890, grad_norm=16.0585, exec_time=0.00s
Client 4 trained in 0.78s (simulated: 0.00s)
Client 4 uploaded with stats: loss=0.4619, grad_norm=23.5346, exec_time=0.00s
Epoch(t): 46 accuracy: 67.63 loss 0.8502897781133651 run_time: 73.54811453819275
Current clients: 100, select: 10
| current_epoch 47 |. Begin client select
SchedulerThread select( 10 clients):
89 | 38 | 77 | 50 | 71 | 40 | 56 | 72 | 25 | 3 |
-----------------------------------------------------------------Schedule complete
Client 72 trained in 0.03s (simulated: 0.00s)
Client 72 uploaded with stats: loss=0.0000, grad_norm=0.0000, exec_time=0.00s
Client 71 trained in 0.40s (simulated: 0.00s)
Client 71 uploaded with stats: loss=0.3266, grad_norm=17.3851, exec_time=0.00s
Client 25 trained in 0.56s (simulated: 0.00s)
Client 25 uploaded with stats: loss=0.5091, grad_norm=37.6219, exec_time=0.00s
Client 40 trained in 0.61s (simulated: 0.00s)
Client 40 uploaded with stats: loss=0.2726, grad_norm=16.6563, exec_time=0.00s
Client 38 trained in 0.69s (simulated: 0.00s)
Client 38 uploaded with stats: loss=0.4828, grad_norm=26.1167, exec_time=0.00s
Client 89 trained in 0.76s (simulated: 0.00s)
Client 89 uploaded with stats: loss=0.1879, grad_norm=11.4983, exec_time=0.00s
Client 77 trained in 0.80s (simulated: 0.00s)
Client 77 uploaded with stats: loss=0.5706, grad_norm=41.4783, exec_time=0.00s
Client 56 trained in 0.85s (simulated: 0.00s)
Client 56 uploaded with stats: loss=0.1867, grad_norm=21.9645, exec_time=0.00s
Client 50 trained in 0.84s (simulated: 0.00s)
Client 50 uploaded with stats: loss=0.2943, grad_norm=15.9829, exec_time=0.00s
Client 3 trained in 0.86s (simulated: 0.00s)
Client 3 uploaded with stats: loss=0.2707, grad_norm=29.1053, exec_time=0.00s
Epoch(t): 47 accuracy: 64.91 loss 0.8879835098981858 run_time: 75.00138401985168
Current clients: 100, select: 10
| current_epoch 48 |. Begin client select
SchedulerThread select( 10 clients):
1 | 4 | 78 | 38 | 25 | 5 | 16 | 11 | 93 | 26 |
-----------------------------------------------------------------Schedule complete
Client 78 trained in 0.42s (simulated: 0.00s)
Client 78 uploaded with stats: loss=0.3435, grad_norm=23.4303, exec_time=0.00s
Client 16 trained in 0.67s (simulated: 0.00s)
Client 16 uploaded with stats: loss=0.4827, grad_norm=18.5644, exec_time=0.00s
Client 93 trained in 0.69s (simulated: 0.00s)
Client 93 uploaded with stats: loss=0.2709, grad_norm=20.8627, exec_time=0.00s
Client 26 trained in 0.70s (simulated: 0.00s)
Client 26 uploaded with stats: loss=0.2340, grad_norm=18.5229, exec_time=0.00s
Client 38 trained in 0.83s (simulated: 0.00s)
Client 38 uploaded with stats: loss=0.4736, grad_norm=25.9745, exec_time=0.00s
Client 25 trained in 0.90s (simulated: 0.00s)
Client 25 uploaded with stats: loss=0.4648, grad_norm=32.6453, exec_time=0.00s
Client 1 trained in 1.02s (simulated: 0.00s)
Client 1 uploaded with stats: loss=0.3802, grad_norm=21.5560, exec_time=0.00s
Client 4 trained in 1.03s (simulated: 0.00s)
Client 4 uploaded with stats: loss=0.3457, grad_norm=13.8247, exec_time=0.00s
Client 5 trained in 1.05s (simulated: 0.00s)
Client 5 uploaded with stats: loss=0.4104, grad_norm=22.8117, exec_time=0.00s
Client 11 trained in 1.05s (simulated: 0.00s)
Client 11 uploaded with stats: loss=0.0971, grad_norm=24.8703, exec_time=0.00s
Epoch(t): 48 accuracy: 59.01 loss 0.9665781140327454 run_time: 76.7213716506958
Current clients: 100, select: 10
| current_epoch 49 |. Begin client select
SchedulerThread select( 10 clients):
26 | 99 | 84 | 77 | 23 | 50 | 80 | 4 | 38 | 53 |
-----------------------------------------------------------------Schedule complete
Client 80 trained in 0.48s (simulated: 0.00s)
Client 80 uploaded with stats: loss=0.3538, grad_norm=17.3979, exec_time=0.00s
Client 26 trained in 0.59s (simulated: 0.00s)
Client 26 uploaded with stats: loss=0.2262, grad_norm=16.0453, exec_time=0.00s
Client 38 trained in 0.64s (simulated: 0.00s)
Client 38 uploaded with stats: loss=0.4608, grad_norm=21.7371, exec_time=0.00s
Client 50 trained in 0.79s (simulated: 0.00s)
Client 50 uploaded with stats: loss=0.3234, grad_norm=24.0695, exec_time=0.00s
Client 77 trained in 0.81s (simulated: 0.00s)
Client 77 uploaded with stats: loss=0.5439, grad_norm=37.2330, exec_time=0.00s
Client 84 trained in 0.93s (simulated: 0.00s)
Client 84 uploaded with stats: loss=0.2589, grad_norm=21.6368, exec_time=0.00s
Client 99 trained in 1.02s (simulated: 0.00s)
Client 99 uploaded with stats: loss=0.7185, grad_norm=28.0880, exec_time=0.00s
Client 23 trained in 1.03s (simulated: 0.00s)
Client 23 uploaded with stats: loss=0.2942, grad_norm=15.5004, exec_time=0.00s
Client 53 trained in 1.05s (simulated: 0.00s)
Client 53 uploaded with stats: loss=0.5132, grad_norm=33.8168, exec_time=0.00s
Client 4 trained in 1.06s (simulated: 0.00s)
Client 4 uploaded with stats: loss=0.4418, grad_norm=20.6257, exec_time=0.00s
Epoch(t): 49 accuracy: 64.03 loss 0.929365536570549 run_time: 78.45119380950928
Current clients: 100, select: 10
| current_epoch 50 |. Begin client select
SchedulerThread select( 10 clients):
70 | 20 | 55 | 10 | 35 | 54 | 45 | 42 | 69 | 62 |
-----------------------------------------------------------------Schedule complete
Client 55 trained in 0.33s (simulated: 0.00s)
Client 55 uploaded with stats: loss=0.3880, grad_norm=22.6111, exec_time=0.00s
Client 70 trained in 0.38s (simulated: 0.00s)
Client 70 uploaded with stats: loss=0.3935, grad_norm=23.9849, exec_time=0.00s
Client 69 trained in 0.38s (simulated: 0.00s)
Client 69 uploaded with stats: loss=0.6812, grad_norm=19.3469, exec_time=0.00s
Client 35 trained in 0.42s (simulated: 0.00s)
Client 35 uploaded with stats: loss=0.3335, grad_norm=17.9111, exec_time=0.00s
Client 42 trained in 0.49s (simulated: 0.00s)
Client 42 uploaded with stats: loss=0.2570, grad_norm=20.3882, exec_time=0.00s
Client 62 trained in 0.51s (simulated: 0.00s)
Client 62 uploaded with stats: loss=0.2255, grad_norm=8.7194, exec_time=0.00s
Client 45 trained in 0.60s (simulated: 0.00s)
Client 45 uploaded with stats: loss=0.3412, grad_norm=18.9290, exec_time=0.00s
Client 54 trained in 0.63s (simulated: 0.00s)
Client 54 uploaded with stats: loss=0.2535, grad_norm=13.5834, exec_time=0.00s
Client 10 trained in 0.65s (simulated: 0.00s)
Client 10 uploaded with stats: loss=0.4118, grad_norm=15.7226, exec_time=0.00s
Client 20 trained in 0.72s (simulated: 0.00s)
Client 20 uploaded with stats: loss=0.2567, grad_norm=26.3957, exec_time=0.00s
Epoch(t): 50 accuracy: 71.16 loss 0.7711056488752365 run_time: 79.82951092720032
Current clients: 100, select: 10
| current_epoch 51 |. Begin client select
SchedulerThread select( 10 clients):
75 | 77 | 49 | 23 | 35 | 65 | 3 | 53 | 26 | 43 |
-----------------------------------------------------------------Schedule complete
Client 75 trained in 0.44s (simulated: 0.00s)
Client 75 uploaded with stats: loss=0.6970, grad_norm=38.8189, exec_time=0.00s
Client 35 trained in 0.45s (simulated: 0.00s)
Client 35 uploaded with stats: loss=0.3187, grad_norm=16.4009, exec_time=0.00s
Client 26 trained in 0.58s (simulated: 0.00s)
Client 26 uploaded with stats: loss=0.2274, grad_norm=17.2557, exec_time=0.00s
Client 53 trained in 0.60s (simulated: 0.00s)
Client 53 uploaded with stats: loss=0.4656, grad_norm=33.6038, exec_time=0.00s
Client 65 trained in 0.66s (simulated: 0.00s)
Client 65 uploaded with stats: loss=0.8200, grad_norm=16.9246, exec_time=0.00s
Client 23 trained in 0.74s (simulated: 0.00s)
Client 23 uploaded with stats: loss=0.3374, grad_norm=18.8128, exec_time=0.00s
Client 49 trained in 0.75s (simulated: 0.00s)
Client 49 uploaded with stats: loss=0.4392, grad_norm=21.6948, exec_time=0.00s
Client 43 trained in 0.80s (simulated: 0.00s)
Client 43 uploaded with stats: loss=0.4665, grad_norm=41.3833, exec_time=0.00s
Client 77 trained in 0.81s (simulated: 0.00s)
Client 77 uploaded with stats: loss=0.5624, grad_norm=41.2058, exec_time=0.00s
Client 3 trained in 0.81s (simulated: 0.00s)
Client 3 uploaded with stats: loss=0.2164, grad_norm=22.4302, exec_time=0.00s
Epoch(t): 51 accuracy: 66.87 loss 0.8817964071035385 run_time: 81.29074311256409
Current clients: 100, select: 10
| current_epoch 52 |. Begin client select
SchedulerThread select( 10 clients):
97 | 12 | 33 | 76 | 92 | 25 | 27 | 4 | 47 | 52 |
-----------------------------------------------------------------Schedule complete
Client 52 trained in 0.38s (simulated: 0.00s)
Client 52 uploaded with stats: loss=0.5572, grad_norm=29.8363, exec_time=0.00s
Client 25 trained in 0.43s (simulated: 0.00s)
Client 25 uploaded with stats: loss=0.5140, grad_norm=36.3817, exec_time=0.00s
Client 27 trained in 0.62s (simulated: 0.00s)
Client 27 uploaded with stats: loss=0.6248, grad_norm=32.0414, exec_time=0.00s
Client 12 trained in 0.65s (simulated: 0.00s)
Client 12 uploaded with stats: loss=0.4963, grad_norm=32.0877, exec_time=0.00s
Client 47 trained in 0.67s (simulated: 0.00s)
Client 47 uploaded with stats: loss=0.4800, grad_norm=33.5609, exec_time=0.00s
Client 97 trained in 0.73s (simulated: 0.00s)
Client 97 uploaded with stats: loss=0.8581, grad_norm=41.9419, exec_time=0.00s
Client 4 trained in 0.80s (simulated: 0.00s)
Client 4 uploaded with stats: loss=0.4823, grad_norm=24.1852, exec_time=0.00s
Client 33 trained in 0.85s (simulated: 0.00s)
Client 33 uploaded with stats: loss=0.2116, grad_norm=21.4291, exec_time=0.00s
Client 92 trained in 0.85s (simulated: 0.00s)
Client 92 uploaded with stats: loss=0.4541, grad_norm=18.3625, exec_time=0.00s
Client 76 trained in 0.88s (simulated: 0.00s)
Client 76 uploaded with stats: loss=0.1487, grad_norm=17.7540, exec_time=0.00s
Epoch(t): 52 accuracy: 52.21 loss 1.1582165092229844 run_time: 82.79586958885193
Current clients: 100, select: 10
| current_epoch 53 |. Begin client select
SchedulerThread select( 10 clients):
93 | 8 | 16 | 40 | 55 | 29 | 73 | 39 | 12 | 11 |
-----------------------------------------------------------------Schedule complete
Client 55 trained in 0.41s (simulated: 0.00s)
Client 55 uploaded with stats: loss=0.4118, grad_norm=26.8450, exec_time=0.00s
Client 16 trained in 0.45s (simulated: 0.00s)
Client 16 uploaded with stats: loss=0.4752, grad_norm=19.4488, exec_time=0.00s
Client 93 trained in 0.70s (simulated: 0.00s)
Client 93 uploaded with stats: loss=0.2724, grad_norm=23.6094, exec_time=0.00s
Client 12 trained in 0.71s (simulated: 0.00s)
Client 12 uploaded with stats: loss=0.4719, grad_norm=28.7272, exec_time=0.00s
Client 73 trained in 0.77s (simulated: 0.00s)
Client 73 uploaded with stats: loss=0.2070, grad_norm=17.9932, exec_time=0.00s
Client 40 trained in 0.81s (simulated: 0.00s)
Client 40 uploaded with stats: loss=0.2777, grad_norm=20.8891, exec_time=0.00s
Client 39 trained in 1.15s (simulated: 0.00s)
Client 29 trained in 1.16s (simulated: 0.00s)
Client 39 uploaded with stats: loss=0.6842, grad_norm=33.7298, exec_time=0.00s
Client 29 uploaded with stats: loss=0.1171, grad_norm=35.5630, exec_time=0.00s
Client 8 trained in 1.17s (simulated: 0.00s)
Client 8 uploaded with stats: loss=0.1328, grad_norm=27.4189, exec_time=0.00s
Client 11 trained in 1.18s (simulated: 0.00s)
Client 11 uploaded with stats: loss=0.0841, grad_norm=32.0822, exec_time=0.00s
Epoch(t): 53 accuracy: 67.6 loss 0.8208531427383423 run_time: 84.66268825531006
Current clients: 100, select: 10
| current_epoch 54 |. Begin client select
SchedulerThread select( 10 clients):
73 | 31 | 60 | 26 | 4 | 74 | 70 | 25 | 1 | 34 |
-----------------------------------------------------------------Schedule complete
Client 70 trained in 0.49s (simulated: 0.00s)
Client 70 uploaded with stats: loss=0.3540, grad_norm=16.6701, exec_time=0.00s
Client 25 trained in 0.53s (simulated: 0.00s)
Client 25 uploaded with stats: loss=0.4842, grad_norm=33.9913, exec_time=0.00s
Client 73 trained in 0.65s (simulated: 0.00s)
Client 73 uploaded with stats: loss=0.1914, grad_norm=13.6577, exec_time=0.00s
Client 1 trained in 0.70s (simulated: 0.00s)
Client 1 uploaded with stats: loss=0.3248, grad_norm=13.2048, exec_time=0.00s
Client 26 trained in 0.83s (simulated: 0.00s)
Client 26 uploaded with stats: loss=0.2305, grad_norm=16.8303, exec_time=0.00s
Client 60 trained in 0.88s (simulated: 0.00s)
Client 60 uploaded with stats: loss=0.2063, grad_norm=10.1019, exec_time=0.00s
Client 34 trained in 0.91s (simulated: 0.00s)
Client 34 uploaded with stats: loss=0.1267, grad_norm=12.7603, exec_time=0.00s
Client 74 trained in 0.92s (simulated: 0.00s)
Client 74 uploaded with stats: loss=0.1435, grad_norm=6.0516, exec_time=0.00s
Client 4 trained in 0.93s (simulated: 0.00s)
Client 4 uploaded with stats: loss=0.4117, grad_norm=19.3417, exec_time=0.00s
Client 31 trained in 0.99s (simulated: 0.00s)
Client 31 uploaded with stats: loss=0.1569, grad_norm=15.3907, exec_time=0.00s
Epoch(t): 54 accuracy: 68.01 loss 0.8441465675830842 run_time: 86.31250214576721
Current clients: 100, select: 10
| current_epoch 55 |. Begin client select
SchedulerThread select( 10 clients):
84 | 55 | 46 | 91 | 53 | 42 | 6 | 5 | 36 | 67 |
-----------------------------------------------------------------Schedule complete
Client 36 trained in 0.26s (simulated: 0.00s)
Client 36 uploaded with stats: loss=0.2007, grad_norm=29.2776, exec_time=0.00s
Client 55 trained in 0.34s (simulated: 0.00s)
Client 55 uploaded with stats: loss=0.4108, grad_norm=28.4063, exec_time=0.00s
Client 5 trained in 0.47s (simulated: 0.00s)
Client 5 uploaded with stats: loss=0.4146, grad_norm=25.3564, exec_time=0.00s
Client 42 trained in 0.52s (simulated: 0.00s)
Client 42 uploaded with stats: loss=0.2113, grad_norm=12.6276, exec_time=0.00s
Client 53 trained in 0.62s (simulated: 0.00s)
Client 53 uploaded with stats: loss=0.4684, grad_norm=34.9209, exec_time=0.00s
Client 91 trained in 0.72s (simulated: 0.00s)
Client 91 uploaded with stats: loss=0.1140, grad_norm=21.5726, exec_time=0.00s
Client 6 trained in 0.73s (simulated: 0.00s)
Client 6 uploaded with stats: loss=0.3726, grad_norm=17.2320, exec_time=0.00s
Client 46 trained in 0.75s (simulated: 0.00s)
Client 46 uploaded with stats: loss=0.2141, grad_norm=15.0402, exec_time=0.00s
Client 84 trained in 0.75s (simulated: 0.00s)
Client 84 uploaded with stats: loss=0.2242, grad_norm=14.6882, exec_time=0.00s
Client 67 trained in 0.87s (simulated: 0.00s)
Client 67 uploaded with stats: loss=0.1948, grad_norm=12.8901, exec_time=0.00s
Epoch(t): 55 accuracy: 71.54 loss 0.7362596380710602 run_time: 87.83961629867554
Current clients: 100, select: 10
| current_epoch 56 |. Begin client select
SchedulerThread select( 10 clients):
5 | 6 | 95 | 53 | 52 | 55 | 60 | 3 | 14 | 71 |
-----------------------------------------------------------------Schedule complete
Client 71 trained in 0.32s (simulated: 0.00s)
Client 71 uploaded with stats: loss=0.3021, grad_norm=17.7638, exec_time=0.00s
Client 55 trained in 0.34s (simulated: 0.00s)
Client 55 uploaded with stats: loss=0.3548, grad_norm=19.1923, exec_time=0.00s
Client 5 trained in 0.44s (simulated: 0.00s)
Client 5 uploaded with stats: loss=0.3874, grad_norm=22.5485, exec_time=0.00s
Client 53 trained in 0.52s (simulated: 0.00s)
Client 53 uploaded with stats: loss=0.4731, grad_norm=36.0211, exec_time=0.00s
Client 95 trained in 0.65s (simulated: 0.00s)
Client 95 uploaded with stats: loss=0.2033, grad_norm=11.9037, exec_time=0.00s
Client 60 trained in 0.67s (simulated: 0.00s)
Client 60 uploaded with stats: loss=0.2319, grad_norm=18.3684, exec_time=0.00s
Client 52 trained in 0.72s (simulated: 0.00s)
Client 52 uploaded with stats: loss=0.5329, grad_norm=28.4393, exec_time=0.00s
Client 14 trained in 0.74s (simulated: 0.00s)
Client 14 uploaded with stats: loss=0.7757, grad_norm=24.6862, exec_time=0.00s
Client 3 trained in 0.82s (simulated: 0.00s)
Client 3 uploaded with stats: loss=0.2352, grad_norm=19.9507, exec_time=0.00s
Client 6 trained in 0.84s (simulated: 0.00s)
Client 6 uploaded with stats: loss=0.4147, grad_norm=27.9138, exec_time=0.00s
Epoch(t): 56 accuracy: 70.56 loss 0.7844208699464797 run_time: 89.26851630210876
Current clients: 100, select: 10
| current_epoch 57 |. Begin client select
SchedulerThread select( 10 clients):
60 | 63 | 33 | 1 | 10 | 91 | 86 | 38 | 84 | 9 |
-----------------------------------------------------------------Schedule complete
Client 60 trained in 0.37s (simulated: 0.00s)
Client 60 uploaded with stats: loss=0.2246, grad_norm=17.8565, exec_time=0.00s
Client 1 trained in 0.45s (simulated: 0.00s)
Client 1 uploaded with stats: loss=0.3615, grad_norm=20.7858, exec_time=0.00s
Client 91 trained in 0.54s (simulated: 0.00s)
Client 91 uploaded with stats: loss=0.1441, grad_norm=21.9409, exec_time=0.00s
Client 86 trained in 0.54s (simulated: 0.00s)
Client 86 uploaded with stats: loss=0.5824, grad_norm=34.3981, exec_time=0.00s
Client 10 trained in 0.58s (simulated: 0.00s)
Client 10 uploaded with stats: loss=0.4902, grad_norm=28.2084, exec_time=0.00s
Client 33 trained in 0.60s (simulated: 0.00s)
Client 33 uploaded with stats: loss=0.1696, grad_norm=16.2606, exec_time=0.00s
Client 84 trained in 0.66s (simulated: 0.00s)
Client 84 uploaded with stats: loss=0.2110, grad_norm=11.9051, exec_time=0.00s
Client 38 trained in 0.71s (simulated: 0.00s)
Client 38 uploaded with stats: loss=0.4771, grad_norm=25.6855, exec_time=0.00s
Client 9 trained in 0.75s (simulated: 0.00s)
Client 9 uploaded with stats: loss=0.0999, grad_norm=20.2428, exec_time=0.00s
Client 63 trained in 0.78s (simulated: 0.00s)
Client 63 uploaded with stats: loss=0.1764, grad_norm=13.3317, exec_time=0.00s
Epoch(t): 57 accuracy: 69.33 loss 0.8123368263244629 run_time: 90.72736859321594
Current clients: 100, select: 10
| current_epoch 58 |. Begin client select
SchedulerThread select( 10 clients):
7 | 99 | 25 | 37 | 23 | 5 | 44 | 69 | 41 | 47 |
-----------------------------------------------------------------Schedule complete
Client 25 trained in 0.39s (simulated: 0.00s)
Client 25 uploaded with stats: loss=0.4715, grad_norm=33.6561, exec_time=0.00s
Client 5 trained in 0.45s (simulated: 0.00s)
Client 5 uploaded with stats: loss=0.4233, grad_norm=27.2968, exec_time=0.00s
Client 69 trained in 0.46s (simulated: 0.00s)
Client 69 uploaded with stats: loss=0.7018, grad_norm=24.1787, exec_time=0.00s
Client 37 trained in 0.67s (simulated: 0.00s)
Client 37 uploaded with stats: loss=0.4270, grad_norm=37.6270, exec_time=0.00s
Client 47 trained in 0.72s (simulated: 0.00s)
Client 47 uploaded with stats: loss=0.3606, grad_norm=17.2309, exec_time=0.00s
Client 99 trained in 0.82s (simulated: 0.00s)
Client 99 uploaded with stats: loss=0.7067, grad_norm=29.8531, exec_time=0.00s
Client 44 trained in 0.82s (simulated: 0.00s)
Client 44 uploaded with stats: loss=0.1171, grad_norm=13.6093, exec_time=0.00s
Client 7 trained in 0.84s (simulated: 0.00s)
Client 7 uploaded with stats: loss=0.3049, grad_norm=13.5063, exec_time=0.00s
Client 41 trained in 0.87s (simulated: 0.00s)
Client 41 uploaded with stats: loss=0.2269, grad_norm=15.3851, exec_time=0.00s
Client 23 trained in 0.85s (simulated: 0.00s)
Client 23 uploaded with stats: loss=0.3103, grad_norm=16.3272, exec_time=0.00s
Epoch(t): 58 accuracy: 59.76 loss 0.9358472639322281 run_time: 92.19991397857666
Current clients: 100, select: 10
| current_epoch 59 |. Begin client select
SchedulerThread select( 10 clients):
75 | 76 | 12 | 96 | 19 | 38 | 91 | 27 | 10 | 47 |
-----------------------------------------------------------------Schedule complete
Client 75 trained in 0.49s (simulated: 0.00s)
Client 75 uploaded with stats: loss=0.6909, grad_norm=39.6079, exec_time=0.00s
Client 38 trained in 0.57s (simulated: 0.00s)
Client 38 uploaded with stats: loss=0.4740, grad_norm=26.4573, exec_time=0.00s
Client 12 trained in 0.57s (simulated: 0.00s)
Client 12 uploaded with stats: loss=0.4802, grad_norm=31.2253, exec_time=0.00s
Client 27 trained in 0.59s (simulated: 0.00s)
Client 27 uploaded with stats: loss=0.5796, grad_norm=27.4617, exec_time=0.00s
Client 47 trained in 0.66s (simulated: 0.00s)
Client 47 uploaded with stats: loss=0.4281, grad_norm=34.2933, exec_time=0.00s
Client 91 trained in 0.72s (simulated: 0.00s)
Client 91 uploaded with stats: loss=0.1280, grad_norm=32.7676, exec_time=0.00s
Client 10 trained in 0.79s (simulated: 0.00s)
Client 10 uploaded with stats: loss=0.4179, grad_norm=21.1451, exec_time=0.00s
Client 76 trained in 0.88s (simulated: 0.00s)
Client 76 uploaded with stats: loss=0.1035, grad_norm=10.6594, exec_time=0.00s
Client 19 trained in 0.87s (simulated: 0.00s)
Client 19 uploaded with stats: loss=0.1605, grad_norm=16.9090, exec_time=0.00s
Client 96 trained in 0.97s (simulated: 0.00s)
Client 96 uploaded with stats: loss=0.1182, grad_norm=10.6042, exec_time=0.00s
Epoch(t): 59 accuracy: 60.22 loss 0.9267789161205292 run_time: 93.72389936447144
Current clients: 100, select: 10
| current_epoch 60 |. Begin client select
SchedulerThread select( 10 clients):
26 | 30 | 54 | 85 | 49 | 38 | 80 | 35 | 9 | 67 |
-----------------------------------------------------------------Schedule complete
Client 35 trained in 0.47s (simulated: 0.00s)
Client 35 uploaded with stats: loss=0.3215, grad_norm=21.1287, exec_time=0.00s
Client 54 trained in 0.51s (simulated: 0.00s)
Client 54 uploaded with stats: loss=0.2293, grad_norm=9.2504, exec_time=0.00s
Client 38 trained in 0.58s (simulated: 0.00s)
Client 38 uploaded with stats: loss=0.4710, grad_norm=27.3007, exec_time=0.00s
Client 80 trained in 0.58s (simulated: 0.00s)
Client 80 uploaded with stats: loss=0.3472, grad_norm=16.6326, exec_time=0.00s
Client 26 trained in 0.69s (simulated: 0.00s)
Client 26 uploaded with stats: loss=0.2204, grad_norm=16.4307, exec_time=0.00s
Client 67 trained in 0.71s (simulated: 0.00s)
Client 67 uploaded with stats: loss=0.1738, grad_norm=10.0311, exec_time=0.00s
Client 9 trained in 0.74s (simulated: 0.00s)
Client 9 uploaded with stats: loss=0.1593, grad_norm=29.4650, exec_time=0.00s
Client 85 trained in 0.72s (simulated: 0.00s)
Client 85 uploaded with stats: loss=1.0076, grad_norm=33.2335, exec_time=0.00s
Client 30 trained in 0.74s (simulated: 0.00s)
Client 30 uploaded with stats: loss=0.4448, grad_norm=14.9739, exec_time=0.00s
Client 49 trained in 0.80s (simulated: 0.00s)
Client 49 uploaded with stats: loss=0.5823, grad_norm=32.2011, exec_time=0.00s
Epoch(t): 60 accuracy: 72.24 loss 0.7685063889622689 run_time: 95.15230131149292
Current clients: 100, select: 10
| current_epoch 61 |. Begin client select
SchedulerThread select( 10 clients):
84 | 27 | 70 | 4 | 9 | 44 | 47 | 40 | 35 | 21 |
-----------------------------------------------------------------Schedule complete
Client 70 trained in 0.41s (simulated: 0.00s)
Client 70 uploaded with stats: loss=0.3770, grad_norm=23.0949, exec_time=0.00s
Client 35 trained in 0.49s (simulated: 0.00s)
Client 35 uploaded with stats: loss=0.3136, grad_norm=16.8781, exec_time=0.00s
Client 27 trained in 0.61s (simulated: 0.00s)
Client 27 uploaded with stats: loss=0.5872, grad_norm=31.4336, exec_time=0.00s
Client 84 trained in 0.70s (simulated: 0.00s)
Client 84 uploaded with stats: loss=0.2067, grad_norm=13.1663, exec_time=0.00s
Client 21 trained in 0.75s (simulated: 0.00s)
Client 21 uploaded with stats: loss=0.6525, grad_norm=12.2869, exec_time=0.00s
Client 47 trained in 0.80s (simulated: 0.00s)
Client 47 uploaded with stats: loss=0.4022, grad_norm=26.3753, exec_time=0.00s
Client 40 trained in 0.82s (simulated: 0.00s)
Client 40 uploaded with stats: loss=0.2333, grad_norm=13.0619, exec_time=0.00s
Client 4 trained in 0.85s (simulated: 0.00s)
Client 4 uploaded with stats: loss=0.4824, grad_norm=25.9965, exec_time=0.00s
Client 9 trained in 0.87s (simulated: 0.00s)
Client 9 uploaded with stats: loss=0.1148, grad_norm=22.1281, exec_time=0.00s
Client 44 trained in 0.87s (simulated: 0.00s)
Client 44 uploaded with stats: loss=0.0995, grad_norm=9.0041, exec_time=0.00s
Epoch(t): 61 accuracy: 70.73 loss 0.7530198538303375 run_time: 96.59217500686646
Current clients: 100, select: 10
| current_epoch 62 |. Begin client select
SchedulerThread select( 10 clients):
75 | 19 | 54 | 52 | 73 | 69 | 38 | 47 | 93 | 98 |
-----------------------------------------------------------------Schedule complete
Client 75 trained in 0.27s (simulated: 0.00s)
Client 75 uploaded with stats: loss=0.6549, grad_norm=34.3087, exec_time=0.00s
Client 38 trained in 0.37s (simulated: 0.00s)
Client 38 uploaded with stats: loss=0.4821, grad_norm=28.8724, exec_time=0.00s
Client 73 trained in 0.42s (simulated: 0.00s)
Client 73 uploaded with stats: loss=0.2039, grad_norm=15.2514, exec_time=0.00s
Client 47 trained in 0.45s (simulated: 0.00s)
Client 47 uploaded with stats: loss=0.3885, grad_norm=25.3101, exec_time=0.00s
Client 93 trained in 0.50s (simulated: 0.00s)
Client 93 uploaded with stats: loss=0.2707, grad_norm=23.6325, exec_time=0.00s
Client 69 trained in 0.51s (simulated: 0.00s)
Client 69 uploaded with stats: loss=0.6799, grad_norm=21.7039, exec_time=0.00s
Client 52 trained in 0.80s (simulated: 0.00s)
Client 52 uploaded with stats: loss=0.5780, grad_norm=31.8174, exec_time=0.00s
Client 54 trained in 0.83s (simulated: 0.00s)
Client 54 uploaded with stats: loss=0.2375, grad_norm=14.1951, exec_time=0.00s
Client 19 trained in 0.85s (simulated: 0.00s)
Client 19 uploaded with stats: loss=0.1604, grad_norm=16.3371, exec_time=0.00s
Client 98 trained in 0.90s (simulated: 0.00s)
Client 98 uploaded with stats: loss=0.1003, grad_norm=20.8998, exec_time=0.00s
Epoch(t): 62 accuracy: 70.58 loss 0.7411431586742401 run_time: 98.10928630828857
Current clients: 100, select: 10
| current_epoch 63 |. Begin client select
SchedulerThread select( 10 clients):
5 | 12 | 71 | 80 | 52 | 43 | 7 | 44 | 76 | 24 |
-----------------------------------------------------------------Schedule complete
Client 71 trained in 0.34s (simulated: 0.00s)
Client 71 uploaded with stats: loss=0.3021, grad_norm=20.0986, exec_time=0.00s
Client 5 trained in 0.42s (simulated: 0.00s)
Client 5 uploaded with stats: loss=0.3956, grad_norm=25.2535, exec_time=0.00s
Client 80 trained in 0.41s (simulated: 0.00s)
Client 80 uploaded with stats: loss=0.3250, grad_norm=14.9986, exec_time=0.00s
Client 52 trained in 0.54s (simulated: 0.00s)
Client 52 uploaded with stats: loss=0.5045, grad_norm=27.7271, exec_time=0.00s
Client 12 trained in 0.64s (simulated: 0.00s)
Client 12 uploaded with stats: loss=0.4749, grad_norm=31.0088, exec_time=0.00s
Client 76 trained in 0.85s (simulated: 0.00s)
Client 76 uploaded with stats: loss=0.1186, grad_norm=12.0462, exec_time=0.00s
Client 44 trained in 0.85s (simulated: 0.00s)
Client 44 uploaded with stats: loss=0.1110, grad_norm=12.9493, exec_time=0.00s
Client 7 trained in 0.91s (simulated: 0.00s)
Client 7 uploaded with stats: loss=0.3012, grad_norm=14.8350, exec_time=0.00s
Client 24 trained in 0.90s (simulated: 0.00s)
Client 24 uploaded with stats: loss=0.3151, grad_norm=21.0535, exec_time=0.00s
Client 43 trained in 0.91s (simulated: 0.00s)
Client 43 uploaded with stats: loss=0.3716, grad_norm=36.0215, exec_time=0.00s
Epoch(t): 63 accuracy: 62.96 loss 0.85676384806633 run_time: 99.7055549621582
Current clients: 100, select: 10
| current_epoch 64 |. Begin client select
SchedulerThread select( 10 clients):
53 | 95 | 70 | 16 | 24 | 54 | 91 | 13 | 20 | 17 |
-----------------------------------------------------------------Schedule complete
Client 16 trained in 0.32s (simulated: 0.00s)
Client 16 uploaded with stats: loss=0.4793, grad_norm=22.0868, exec_time=0.00s
Client 53 trained in 0.43s (simulated: 0.00s)
Client 53 uploaded with stats: loss=0.4073, grad_norm=29.7895, exec_time=0.00s
Client 70 trained in 0.45s (simulated: 0.00s)
Client 70 uploaded with stats: loss=0.3673, grad_norm=22.6476, exec_time=0.00s
Client 91 trained in 0.58s (simulated: 0.00s)
Client 91 uploaded with stats: loss=0.1611, grad_norm=30.8867, exec_time=0.00s
Client 24 trained in 0.61s (simulated: 0.00s)
Client 24 uploaded with stats: loss=0.5278, grad_norm=33.7341, exec_time=0.00s
Client 54 trained in 0.68s (simulated: 0.00s)
Client 54 uploaded with stats: loss=0.2112, grad_norm=10.1651, exec_time=0.00s
Client 95 trained in 0.68s (simulated: 0.00s)
Client 95 uploaded with stats: loss=0.2021, grad_norm=13.7712, exec_time=0.00s
Client 20 trained in 0.76s (simulated: 0.00s)
Client 20 uploaded with stats: loss=0.2282, grad_norm=23.2838, exec_time=0.00s
Client 17 trained in 0.78s (simulated: 0.00s)
Client 17 uploaded with stats: loss=0.2563, grad_norm=20.9475, exec_time=0.00s
Client 13 trained in 0.80s (simulated: 0.00s)
Client 13 uploaded with stats: loss=0.1187, grad_norm=14.3467, exec_time=0.00s
Epoch(t): 64 accuracy: 73.39 loss 0.7562113979458809 run_time: 101.1079261302948
Current clients: 100, select: 10
| current_epoch 65 |. Begin client select
SchedulerThread select( 10 clients):
43 | 12 | 83 | 79 | 97 | 27 | 96 | 95 | 35 | 25 |
-----------------------------------------------------------------Schedule complete
Client 35 trained in 0.44s (simulated: 0.00s)
Client 35 uploaded with stats: loss=0.2957, grad_norm=14.8103, exec_time=0.00s
Client 25 trained in 0.49s (simulated: 0.00s)
Client 25 uploaded with stats: loss=0.4591, grad_norm=31.8138, exec_time=0.00s
Client 95 trained in 0.54s (simulated: 0.00s)
Client 95 uploaded with stats: loss=0.1830, grad_norm=10.1047, exec_time=0.00s
Client 97 trained in 0.60s (simulated: 0.00s)
Client 97 uploaded with stats: loss=0.7516, grad_norm=40.8462, exec_time=0.00s
Client 27 trained in 0.62s (simulated: 0.00s)
Client 27 uploaded with stats: loss=0.5944, grad_norm=31.5741, exec_time=0.00s
Client 12 trained in 0.64s (simulated: 0.00s)
Client 12 uploaded with stats: loss=0.4781, grad_norm=32.1129, exec_time=0.00s
Client 43 trained in 0.69s (simulated: 0.00s)
Client 43 uploaded with stats: loss=0.2925, grad_norm=27.6812, exec_time=0.00s
Client 83 trained in 0.85s (simulated: 0.00s)
Client 83 uploaded with stats: loss=0.1505, grad_norm=12.3763, exec_time=0.00s
Client 79 trained in 0.91s (simulated: 0.00s)
Client 79 uploaded with stats: loss=0.2275, grad_norm=18.7429, exec_time=0.00s
Client 96 trained in 0.94s (simulated: 0.00s)
Client 96 uploaded with stats: loss=0.1310, grad_norm=10.7691, exec_time=0.00s
Epoch(t): 65 accuracy: 73.85 loss 0.6952588707208633 run_time: 102.59731674194336
Current clients: 100, select: 10
| current_epoch 66 |. Begin client select
SchedulerThread select( 10 clients):
36 | 5 | 86 | 38 | 56 | 77 | 50 | 90 | 52 | 70 |
-----------------------------------------------------------------Schedule complete
Client 70 trained in 0.45s (simulated: 0.00s)
Client 70 uploaded with stats: loss=0.3553, grad_norm=19.6683, exec_time=0.00s
Client 38 trained in 0.51s (simulated: 0.00s)
Client 38 uploaded with stats: loss=0.4639, grad_norm=25.1367, exec_time=0.00s
Client 5 trained in 0.59s (simulated: 0.00s)
Client 5 uploaded with stats: loss=0.3814, grad_norm=20.5779, exec_time=0.00s
Client 36 trained in 0.60s (simulated: 0.00s)
Client 36 uploaded with stats: loss=0.1494, grad_norm=20.6057, exec_time=0.00s
Client 52 trained in 0.70s (simulated: 0.00s)
Client 52 uploaded with stats: loss=0.5925, grad_norm=36.4147, exec_time=0.00s
Client 77 trained in 0.71s (simulated: 0.00s)
Client 77 uploaded with stats: loss=0.5625, grad_norm=43.7524, exec_time=0.00s
Client 86 trained in 0.84s (simulated: 0.00s)
Client 86 uploaded with stats: loss=0.4120, grad_norm=21.3937, exec_time=0.00s
Client 50 trained in 0.84s (simulated: 0.00s)
Client 50 uploaded with stats: loss=0.2703, grad_norm=14.9256, exec_time=0.00s
Client 56 trained in 0.86s (simulated: 0.00s)
Client 56 uploaded with stats: loss=0.1359, grad_norm=11.2923, exec_time=0.00s
Client 90 trained in 0.99s (simulated: 0.00s)
Client 90 uploaded with stats: loss=0.2488, grad_norm=14.6847, exec_time=0.00s
Epoch(t): 66 accuracy: 64.88 loss 0.8376953119039535 run_time: 104.2129487991333
Current clients: 100, select: 10
| current_epoch 67 |. Begin client select
SchedulerThread select( 10 clients):
84 | 17 | 48 | 37 | 52 | 26 | 93 | 66 | 96 | 25 |
-----------------------------------------------------------------Schedule complete
Client 93 trained in 0.58s (simulated: 0.00s)
Client 93 uploaded with stats: loss=0.2637, grad_norm=22.8526, exec_time=0.00s
Client 26 trained in 0.64s (simulated: 0.00s)
Client 26 uploaded with stats: loss=0.2156, grad_norm=18.5402, exec_time=0.00s
Client 37 trained in 0.73s (simulated: 0.00s)
Client 37 uploaded with stats: loss=0.4053, grad_norm=36.7182, exec_time=0.00s
Client 25 trained in 0.87s (simulated: 0.00s)
Client 25 uploaded with stats: loss=0.4149, grad_norm=28.0818, exec_time=0.00s
Client 17 trained in 0.91s (simulated: 0.00s)
Client 17 uploaded with stats: loss=0.2541, grad_norm=18.9864, exec_time=0.00s
Client 84 trained in 1.04s (simulated: 0.00s)
Client 84 uploaded with stats: loss=0.2029, grad_norm=13.2764, exec_time=0.00s
Client 52 trained in 1.05s (simulated: 0.00s)
Client 52 uploaded with stats: loss=0.4724, grad_norm=23.9402, exec_time=0.00s
Client 48 trained in 1.13s (simulated: 0.00s)
Client 48 uploaded with stats: loss=0.5126, grad_norm=22.6985, exec_time=0.00s
Client 96 trained in 1.17s (simulated: 0.00s)
Client 96 uploaded with stats: loss=0.1140, grad_norm=9.1718, exec_time=0.00s
Client 66 trained in 1.19s (simulated: 0.00s)
Client 66 uploaded with stats: loss=0.1589, grad_norm=30.5673, exec_time=0.00s
Epoch(t): 67 accuracy: 68.86 loss 0.8202011471986771 run_time: 105.98178935050964
Current clients: 100, select: 10
| current_epoch 68 |. Begin client select
SchedulerThread select( 10 clients):
25 | 70 | 36 | 44 | 77 | 1 | 40 | 35 | 69 | 99 |
-----------------------------------------------------------------Schedule complete
Client 70 trained in 0.43s (simulated: 0.00s)
Client 70 uploaded with stats: loss=0.3597, grad_norm=22.2932, exec_time=0.00s
Client 25 trained in 0.46s (simulated: 0.00s)
Client 25 uploaded with stats: loss=0.4517, grad_norm=32.4979, exec_time=0.00s
Client 35 trained in 0.67s (simulated: 0.00s)
Client 35 uploaded with stats: loss=0.3059, grad_norm=18.0674, exec_time=0.00s
Client 36 trained in 0.70s (simulated: 0.00s)
Client 36 uploaded with stats: loss=0.1634, grad_norm=22.9416, exec_time=0.00s
Client 77 trained in 0.77s (simulated: 0.00s)
Client 77 uploaded with stats: loss=0.5181, grad_norm=37.1147, exec_time=0.00s
Client 69 trained in 0.79s (simulated: 0.00s)
Client 69 uploaded with stats: loss=0.6312, grad_norm=16.9415, exec_time=0.00s
Client 1 trained in 0.92s (simulated: 0.00s)
Client 1 uploaded with stats: loss=0.3410, grad_norm=19.1647, exec_time=0.00s
Client 40 trained in 0.96s (simulated: 0.00s)
Client 40 uploaded with stats: loss=0.2438, grad_norm=15.4670, exec_time=0.00s
Client 44 trained in 1.06s (simulated: 0.00s)
Client 44 uploaded with stats: loss=0.0957, grad_norm=9.6796, exec_time=0.00s
Client 99 trained in 1.04s (simulated: 0.00s)
Client 99 uploaded with stats: loss=0.7079, grad_norm=31.3584, exec_time=0.00s
Epoch(t): 68 accuracy: 70.74 loss 0.7578517174720765 run_time: 107.6531150341034
Current clients: 100, select: 10
| current_epoch 69 |. Begin client select
SchedulerThread select( 10 clients):
43 | 93 | 38 | 79 | 83 | 77 | 67 | 84 | 66 | 60 |
-----------------------------------------------------------------Schedule complete
Client 77 trained in 0.58s (simulated: 0.00s)
Client 77 uploaded with stats: loss=0.5270, grad_norm=39.5377, exec_time=0.00s
Client 93 trained in 0.60s (simulated: 0.00s)
Client 93 uploaded with stats: loss=0.2474, grad_norm=20.0171, exec_time=0.00s
Client 38 trained in 0.62s (simulated: 0.00s)
Client 38 uploaded with stats: loss=0.4677, grad_norm=26.0075, exec_time=0.00s
Client 84 trained in 0.72s (simulated: 0.00s)
Client 84 uploaded with stats: loss=0.2022, grad_norm=13.6468, exec_time=0.00s
Client 60 trained in 0.77s (simulated: 0.00s)
Client 60 uploaded with stats: loss=0.2182, grad_norm=19.3354, exec_time=0.00s
Client 67 trained in 0.92s (simulated: 0.00s)
Client 67 uploaded with stats: loss=0.1684, grad_norm=11.1596, exec_time=0.00s
Client 43 trained in 0.94s (simulated: 0.00s)
Client 43 uploaded with stats: loss=0.2895, grad_norm=30.7285, exec_time=0.00s
Client 83 trained in 0.94s (simulated: 0.00s)
Client 83 uploaded with stats: loss=0.1767, grad_norm=19.6498, exec_time=0.00s
Client 66 trained in 1.09s (simulated: 0.00s)
Client 66 uploaded with stats: loss=0.1143, grad_norm=14.5409, exec_time=0.00s
Client 79 trained in 1.08s (simulated: 0.00s)
Client 79 uploaded with stats: loss=0.2294, grad_norm=18.6892, exec_time=0.00s
Epoch(t): 69 accuracy: 71.49 loss 0.7416944921016693 run_time: 109.33435010910034
Current clients: 100, select: 10
| current_epoch 70 |. Begin client select
SchedulerThread select( 10 clients):
55 | 2 | 90 | 63 | 3 | 42 | 56 | 25 | 38 | 39 |
-----------------------------------------------------------------Schedule complete
Client 25 trained in 0.33s (simulated: 0.00s)
Client 25 uploaded with stats: loss=0.4636, grad_norm=33.1969, exec_time=0.00s
Client 55 trained in 0.38s (simulated: 0.00s)
Client 55 uploaded with stats: loss=0.3607, grad_norm=23.7411, exec_time=0.00s
Client 42 trained in 0.37s (simulated: 0.00s)
Client 42 uploaded with stats: loss=0.2138, grad_norm=14.2821, exec_time=0.00s
Client 38 trained in 0.43s (simulated: 0.00s)
Client 38 uploaded with stats: loss=0.4582, grad_norm=25.3751, exec_time=0.00s
Client 56 trained in 0.54s (simulated: 0.00s)
Client 56 uploaded with stats: loss=0.1437, grad_norm=15.3611, exec_time=0.00s
Client 63 trained in 0.59s (simulated: 0.00s)
Client 63 uploaded with stats: loss=0.1882, grad_norm=12.4573, exec_time=0.00s
Client 3 trained in 0.59s (simulated: 0.00s)
Client 3 uploaded with stats: loss=0.2606, grad_norm=27.2112, exec_time=0.00s
Client 90 trained in 0.70s (simulated: 0.00s)
Client 90 uploaded with stats: loss=0.2590, grad_norm=15.2986, exec_time=0.00s
Client 39 trained in 0.70s (simulated: 0.00s)
Client 39 uploaded with stats: loss=0.5431, grad_norm=24.7760, exec_time=0.00s
Client 2 trained in 0.76s (simulated: 0.00s)
Client 2 uploaded with stats: loss=0.2514, grad_norm=18.5000, exec_time=0.00s
Epoch(t): 70 accuracy: 66.83 loss 0.7926898288726807 run_time: 110.68466472625732
Current clients: 100, select: 10
| current_epoch 71 |. Begin client select
SchedulerThread select( 10 clients):
12 | 79 | 26 | 78 | 38 | 17 | 1 | 90 | 39 | 69 |
-----------------------------------------------------------------Schedule complete
Client 38 trained in 0.53s (simulated: 0.00s)
Client 38 uploaded with stats: loss=0.4359, grad_norm=20.9782, exec_time=0.00s
Client 12 trained in 0.63s (simulated: 0.00s)
Client 12 uploaded with stats: loss=0.4605, grad_norm=30.9181, exec_time=0.00s
Client 26 trained in 0.72s (simulated: 0.00s)
Client 26 uploaded with stats: loss=0.2130, grad_norm=14.9391, exec_time=0.00s
Client 78 trained in 0.75s (simulated: 0.00s)
Client 78 uploaded with stats: loss=0.2979, grad_norm=17.7850, exec_time=0.00s
Client 1 trained in 0.93s (simulated: 0.00s)
Client 1 uploaded with stats: loss=0.3040, grad_norm=14.0867, exec_time=0.00s
Client 17 trained in 0.96s (simulated: 0.00s)
Client 17 uploaded with stats: loss=0.2534, grad_norm=21.3813, exec_time=0.00s
Client 69 trained in 0.97s (simulated: 0.00s)
Client 69 uploaded with stats: loss=0.6474, grad_norm=20.9106, exec_time=0.00s
Client 39 trained in 1.06s (simulated: 0.00s)
Client 39 uploaded with stats: loss=0.7034, grad_norm=35.6860, exec_time=0.00s
Client 79 trained in 1.10s (simulated: 0.00s)
Client 79 uploaded with stats: loss=0.2081, grad_norm=13.1553, exec_time=0.00s
Client 90 trained in 1.10s (simulated: 0.00s)
Client 90 uploaded with stats: loss=0.2390, grad_norm=14.4098, exec_time=0.00s
Epoch(t): 71 accuracy: 72.51 loss 0.732189254462719 run_time: 112.37172889709473
Current clients: 100, select: 10
| current_epoch 72 |. Begin client select
SchedulerThread select( 10 clients):
77 | 42 | 29 | 49 | 86 | 63 | 22 | 53 | 79 | 83 |
-----------------------------------------------------------------Schedule complete
Client 42 trained in 0.29s (simulated: 0.00s)
Client 42 uploaded with stats: loss=0.2218, grad_norm=13.2601, exec_time=0.00s
Client 53 trained in 0.36s (simulated: 0.00s)
Client 53 uploaded with stats: loss=0.4079, grad_norm=29.8104, exec_time=0.00s
Client 83 trained in 0.39s (simulated: 0.00s)
Client 83 uploaded with stats: loss=0.1612, grad_norm=16.6007, exec_time=0.00s
Client 86 trained in 0.43s (simulated: 0.00s)
Client 86 uploaded with stats: loss=0.5370, grad_norm=32.2097, exec_time=0.00s
Client 29 trained in 0.57s (simulated: 0.00s)
Client 29 uploaded with stats: loss=0.0845, grad_norm=22.3218, exec_time=0.00s
Client 79 trained in 0.63s (simulated: 0.00s)
Client 79 uploaded with stats: loss=0.2112, grad_norm=14.5752, exec_time=0.00s
Client 63 trained in 0.64s (simulated: 0.00s)
Client 63 uploaded with stats: loss=0.1569, grad_norm=9.3473, exec_time=0.00s
Client 49 trained in 0.68s (simulated: 0.00s)
Client 49 uploaded with stats: loss=0.4076, grad_norm=21.9193, exec_time=0.00s
Client 77 trained in 0.69s (simulated: 0.00s)
Client 77 uploaded with stats: loss=0.4864, grad_norm=32.7249, exec_time=0.00s
Client 22 trained in 0.75s (simulated: 0.00s)
Client 22 uploaded with stats: loss=0.1102, grad_norm=11.4651, exec_time=0.00s
Epoch(t): 72 accuracy: 72.17 loss 0.7036912387609482 run_time: 113.75754380226135
Current clients: 100, select: 10
| current_epoch 73 |. Begin client select
SchedulerThread select( 10 clients):
86 | 29 | 93 | 77 | 38 | 76 | 20 | 27 | 46 | 12 |
-----------------------------------------------------------------Schedule complete
Client 93 trained in 0.61s (simulated: 0.00s)
Client 93 uploaded with stats: loss=0.2482, grad_norm=20.8292, exec_time=0.00s
Client 77 trained in 0.61s (simulated: 0.00s)
Client 77 uploaded with stats: loss=0.5136, grad_norm=39.0942, exec_time=0.00s
Client 12 trained in 0.66s (simulated: 0.00s)
Client 12 uploaded with stats: loss=0.4577, grad_norm=30.6632, exec_time=0.00s
Client 38 trained in 0.80s (simulated: 0.00s)
Client 38 uploaded with stats: loss=0.4570, grad_norm=26.4215, exec_time=0.00s
Client 86 trained in 0.84s (simulated: 0.00s)
Client 86 uploaded with stats: loss=0.5059, grad_norm=29.9693, exec_time=0.00s
Client 76 trained in 0.93s (simulated: 0.00s)
Client 76 uploaded with stats: loss=0.1178, grad_norm=15.9573, exec_time=0.00s
Client 46 trained in 0.95s (simulated: 0.00s)
Client 46 uploaded with stats: loss=0.1985, grad_norm=13.2160, exec_time=0.00s
Client 29 trained in 0.98s (simulated: 0.00s)
Client 29 uploaded with stats: loss=0.0526, grad_norm=12.6689, exec_time=0.00s
Client 27 trained in 1.00s (simulated: 0.00s)
Client 27 uploaded with stats: loss=0.5930, grad_norm=31.8290, exec_time=0.00s
Client 20 trained in 1.07s (simulated: 0.00s)
Client 20 uploaded with stats: loss=0.2341, grad_norm=25.3322, exec_time=0.00s
Epoch(t): 73 accuracy: 64.58 loss 0.8484385782480239 run_time: 115.43038964271545
Current clients: 100, select: 10
| current_epoch 74 |. Begin client select
SchedulerThread select( 10 clients):
87 | 55 | 60 | 23 | 36 | 43 | 35 | 37 | 38 | 27 |
-----------------------------------------------------------------Schedule complete
Client 38 trained in 0.47s (simulated: 0.00s)
Client 38 uploaded with stats: loss=0.4485, grad_norm=24.1938, exec_time=0.00s
Client 55 trained in 0.56s (simulated: 0.00s)
Client 55 uploaded with stats: loss=0.3456, grad_norm=20.2945, exec_time=0.00s
Client 27 trained in 0.58s (simulated: 0.00s)
Client 27 uploaded with stats: loss=0.5739, grad_norm=29.0499, exec_time=0.00s
Client 37 trained in 0.70s (simulated: 0.00s)
Client 37 uploaded with stats: loss=0.3784, grad_norm=33.3106, exec_time=0.00s
Client 35 trained in 0.73s (simulated: 0.00s)
Client 35 uploaded with stats: loss=0.3196, grad_norm=22.5104, exec_time=0.00s
Client 36 trained in 0.77s (simulated: 0.00s)
Client 36 uploaded with stats: loss=0.2155, grad_norm=33.7121, exec_time=0.00s
Client 60 trained in 0.91s (simulated: 0.00s)
Client 60 uploaded with stats: loss=0.2041, grad_norm=16.8493, exec_time=0.00s
Client 23 trained in 0.93s (simulated: 0.00s)
Client 23 uploaded with stats: loss=0.3280, grad_norm=18.3010, exec_time=0.00s
Client 43 trained in 0.97s (simulated: 0.00s)
Client 43 uploaded with stats: loss=0.3827, grad_norm=36.8790, exec_time=0.00s
Client 87 trained in 0.99s (simulated: 0.00s)
Client 87 uploaded with stats: loss=0.1159, grad_norm=20.6870, exec_time=0.00s
Epoch(t): 74 accuracy: 72.65 loss 0.6899212625622749 run_time: 117.01525259017944
Current clients: 100, select: 10
| current_epoch 75 |. Begin client select
SchedulerThread select( 10 clients):
84 | 52 | 7 | 23 | 95 | 16 | 37 | 47 | 17 | 99 |
-----------------------------------------------------------------Schedule complete
Client 84 trained in 0.44s (simulated: 0.00s)
Client 84 uploaded with stats: loss=0.1979, grad_norm=13.2076, exec_time=0.00s
Client 16 trained in 0.47s (simulated: 0.00s)
Client 16 uploaded with stats: loss=0.4647, grad_norm=19.6262, exec_time=0.00s
Client 37 trained in 0.65s (simulated: 0.00s)
Client 37 uploaded with stats: loss=0.3707, grad_norm=32.0286, exec_time=0.00s
Client 17 trained in 0.73s (simulated: 0.00s)
Client 17 uploaded with stats: loss=0.2410, grad_norm=17.8199, exec_time=0.00s
Client 52 trained in 0.81s (simulated: 0.00s)
Client 52 uploaded with stats: loss=0.5506, grad_norm=32.0564, exec_time=0.00s
Client 95 trained in 0.84s (simulated: 0.00s)
Client 95 uploaded with stats: loss=0.1858, grad_norm=11.4479, exec_time=0.00s
Client 99 trained in 0.88s (simulated: 0.00s)
Client 99 uploaded with stats: loss=0.6647, grad_norm=25.3976, exec_time=0.00s
Client 7 trained in 0.90s (simulated: 0.00s)
Client 7 uploaded with stats: loss=0.2867, grad_norm=15.9345, exec_time=0.00s
Client 47 trained in 0.95s (simulated: 0.00s)
Client 47 uploaded with stats: loss=0.4152, grad_norm=30.1413, exec_time=0.00s
Client 23 trained in 0.98s (simulated: 0.00s)
Client 23 uploaded with stats: loss=0.3230, grad_norm=18.7044, exec_time=0.00s
Epoch(t): 75 accuracy: 70.57 loss 0.7588159400224685 run_time: 118.6300253868103
Current clients: 100, select: 10
| current_epoch 76 |. Begin client select
SchedulerThread select( 10 clients):
34 | 56 | 93 | 78 | 55 | 92 | 2 | 77 | 19 | 76 |
-----------------------------------------------------------------Schedule complete
Client 55 trained in 0.53s (simulated: 0.00s)
Client 55 uploaded with stats: loss=0.3738, grad_norm=26.1919, exec_time=0.00s
Client 78 trained in 0.59s (simulated: 0.00s)
Client 78 uploaded with stats: loss=0.3281, grad_norm=24.0389, exec_time=0.00s
Client 93 trained in 0.65s (simulated: 0.00s)
Client 93 uploaded with stats: loss=0.2470, grad_norm=20.3112, exec_time=0.00s
Client 77 trained in 0.69s (simulated: 0.00s)
Client 77 uploaded with stats: loss=0.4830, grad_norm=33.3256, exec_time=0.00s
Client 76 trained in 0.76s (simulated: 0.00s)
Client 76 uploaded with stats: loss=0.1115, grad_norm=13.0886, exec_time=0.00s
Client 56 trained in 0.82s (simulated: 0.00s)
Client 56 uploaded with stats: loss=0.1120, grad_norm=8.1757, exec_time=0.00s
Client 34 trained in 0.93s (simulated: 0.00s)
Client 34 uploaded with stats: loss=0.1042, grad_norm=7.2036, exec_time=0.00s
Client 19 trained in 0.93s (simulated: 0.00s)
Client 19 uploaded with stats: loss=0.1380, grad_norm=13.7484, exec_time=0.00s
Client 92 trained in 0.93s (simulated: 0.00s)
Client 92 uploaded with stats: loss=0.3283, grad_norm=12.0643, exec_time=0.00s
Client 2 trained in 0.96s (simulated: 0.00s)
Client 2 uploaded with stats: loss=0.2522, grad_norm=20.3590, exec_time=0.00s
Epoch(t): 76 accuracy: 65.91 loss 0.8643551051616669 run_time: 120.24317526817322
Current clients: 100, select: 10
| current_epoch 77 |. Begin client select
SchedulerThread select( 10 clients):
6 | 18 | 36 | 4 | 1 | 95 | 42 | 54 | 43 | 77 |
-----------------------------------------------------------------Schedule complete
Client 36 trained in 0.46s (simulated: 0.00s)
Client 36 uploaded with stats: loss=0.1802, grad_norm=27.9418, exec_time=0.00s
Client 1 trained in 0.57s (simulated: 0.00s)
Client 1 uploaded with stats: loss=0.3291, grad_norm=18.4756, exec_time=0.00s
Client 95 trained in 0.62s (simulated: 0.00s)
Client 95 uploaded with stats: loss=0.1866, grad_norm=12.0528, exec_time=0.00s
Client 43 trained in 0.72s (simulated: 0.00s)
Client 43 uploaded with stats: loss=0.3230, grad_norm=32.2051, exec_time=0.00s
Client 42 trained in 0.75s (simulated: 0.00s)
Client 42 uploaded with stats: loss=0.2224, grad_norm=15.2044, exec_time=0.00s
Client 54 trained in 0.84s (simulated: 0.00s)
Client 54 uploaded with stats: loss=0.2017, grad_norm=10.6763, exec_time=0.00s
Client 4 trained in 0.86s (simulated: 0.00s)
Client 4 uploaded with stats: loss=0.4910, grad_norm=25.5941, exec_time=0.00s
Client 6 trained in 0.86s (simulated: 0.00s)
Client 6 uploaded with stats: loss=0.3509, grad_norm=18.1434, exec_time=0.00s
Client 18 trained in 0.87s (simulated: 0.00s)
Client 18 uploaded with stats: loss=0.2855, grad_norm=25.1725, exec_time=0.00s
Client 77 trained in 0.90s (simulated: 0.00s)
Client 77 uploaded with stats: loss=0.4994, grad_norm=35.6017, exec_time=0.00s
Epoch(t): 77 accuracy: 68.51 loss 0.76648681640625 run_time: 121.73227643966675
Current clients: 100, select: 10
| current_epoch 78 |. Begin client select
SchedulerThread select( 10 clients):
43 | 17 | 76 | 69 | 80 | 12 | 34 | 49 | 23 | 47 |
-----------------------------------------------------------------Schedule complete
Client 47 trained in 0.40s (simulated: 0.00s)
Client 47 uploaded with stats: loss=0.3649, grad_norm=25.5812, exec_time=0.00s
Client 80 trained in 0.49s (simulated: 0.00s)
Client 80 uploaded with stats: loss=0.3106, grad_norm=15.6371, exec_time=0.00s
Client 12 trained in 0.58s (simulated: 0.00s)
Client 12 uploaded with stats: loss=0.4379, grad_norm=28.9022, exec_time=0.00s
Client 69 trained in 0.65s (simulated: 0.00s)
Client 69 uploaded with stats: loss=0.6274, grad_norm=16.6012, exec_time=0.00s
Client 17 trained in 0.76s (simulated: 0.00s)
Client 17 uploaded with stats: loss=0.2401, grad_norm=17.9657, exec_time=0.00s
Client 23 trained in 0.86s (simulated: 0.00s)
Client 23 uploaded with stats: loss=0.2934, grad_norm=16.9227, exec_time=0.00s
Client 34 trained in 0.88s (simulated: 0.00s)
Client 34 uploaded with stats: loss=0.1220, grad_norm=7.7680, exec_time=0.00s
Client 43 trained in 0.90s (simulated: 0.00s)
Client 43 uploaded with stats: loss=0.3422, grad_norm=35.2333, exec_time=0.00s
Client 49 trained in 0.94s (simulated: 0.00s)
Client 49 uploaded with stats: loss=0.3873, grad_norm=19.8268, exec_time=0.00s
Client 76 trained in 0.93s (simulated: 0.00s)
Client 76 uploaded with stats: loss=0.1035, grad_norm=12.6688, exec_time=0.00s
Epoch(t): 78 accuracy: 69.96 loss 0.7592882424592972 run_time: 123.32058620452881
Current clients: 100, select: 10
| current_epoch 79 |. Begin client select
SchedulerThread select( 10 clients):
38 | 86 | 88 | 44 | 70 | 1 | 42 | 16 | 12 | 76 |
-----------------------------------------------------------------Schedule complete
Client 70 trained in 0.47s (simulated: 0.00s)
Client 70 uploaded with stats: loss=0.3577, grad_norm=22.0918, exec_time=0.00s
Client 38 trained in 0.51s (simulated: 0.00s)
Client 38 uploaded with stats: loss=0.4657, grad_norm=28.7404, exec_time=0.00s
Client 12 trained in 0.61s (simulated: 0.00s)
Client 12 uploaded with stats: loss=0.4277, grad_norm=26.6707, exec_time=0.00s
Client 76 trained in 0.67s (simulated: 0.00s)
Client 76 uploaded with stats: loss=0.1127, grad_norm=15.9645, exec_time=0.00s
Client 16 trained in 0.71s (simulated: 0.00s)
Client 16 uploaded with stats: loss=0.4638, grad_norm=22.1232, exec_time=0.00s
Client 1 trained in 0.80s (simulated: 0.00s)
Client 1 uploaded with stats: loss=0.3091, grad_norm=14.5962, exec_time=0.00s
Client 42 trained in 0.82s (simulated: 0.00s)
Client 42 uploaded with stats: loss=0.2026, grad_norm=16.3776, exec_time=0.00s
Client 86 trained in 0.91s (simulated: 0.00s)
Client 86 uploaded with stats: loss=0.5656, grad_norm=34.4199, exec_time=0.00s
Client 88 trained in 0.93s (simulated: 0.00s)
Client 88 uploaded with stats: loss=0.1439, grad_norm=8.8456, exec_time=0.00s
Client 44 trained in 0.94s (simulated: 0.00s)
Client 44 uploaded with stats: loss=0.0768, grad_norm=7.5264, exec_time=0.00s
Epoch(t): 79 accuracy: 61.18 loss 1.034833678007126 run_time: 124.87423300743103
Current clients: 100, select: 10
| current_epoch 80 |. Begin client select
SchedulerThread select( 10 clients):
38 | 9 | 25 | 60 | 3 | 90 | 20 | 16 | 93 | 52 |
-----------------------------------------------------------------Schedule complete
Client 25 trained in 0.41s (simulated: 0.00s)
Client 25 uploaded with stats: loss=0.4093, grad_norm=29.0789, exec_time=0.00s
Client 38 trained in 0.48s (simulated: 0.00s)
Client 38 uploaded with stats: loss=0.4459, grad_norm=24.5776, exec_time=0.00s
Client 16 trained in 0.47s (simulated: 0.00s)
Client 16 uploaded with stats: loss=0.4362, grad_norm=18.8457, exec_time=0.00s
Client 93 trained in 0.59s (simulated: 0.00s)
Client 93 uploaded with stats: loss=0.2447, grad_norm=21.3291, exec_time=0.00s
Client 52 trained in 0.65s (simulated: 0.00s)
Client 52 uploaded with stats: loss=0.4885, grad_norm=27.7410, exec_time=0.00s
Client 60 trained in 0.80s (simulated: 0.00s)
Client 60 uploaded with stats: loss=0.2493, grad_norm=24.7886, exec_time=0.00s
Client 9 trained in 0.80s (simulated: 0.00s)
Client 9 uploaded with stats: loss=0.1207, grad_norm=24.5625, exec_time=0.00s
Client 3 trained in 0.87s (simulated: 0.00s)
Client 3 uploaded with stats: loss=0.4504, grad_norm=44.5377, exec_time=0.00s
Client 90 trained in 0.91s (simulated: 0.00s)
Client 90 uploaded with stats: loss=0.2406, grad_norm=17.3350, exec_time=0.00s
Client 20 trained in 0.91s (simulated: 0.00s)
Client 20 uploaded with stats: loss=0.2785, grad_norm=30.5253, exec_time=0.00s
Epoch(t): 80 accuracy: 69.16 loss 0.7985251182317734 run_time: 126.34357357025146
Current clients: 100, select: 10
| current_epoch 81 |. Begin client select
SchedulerThread select( 10 clients):
44 | 76 | 53 | 55 | 90 | 52 | 77 | 43 | 16 | 12 |
-----------------------------------------------------------------Schedule complete
Client 55 trained in 0.42s (simulated: 0.00s)
Client 55 uploaded with stats: loss=0.3380, grad_norm=22.0035, exec_time=0.00s
Client 16 trained in 0.47s (simulated: 0.00s)
Client 16 uploaded with stats: loss=0.4356, grad_norm=18.9279, exec_time=0.00s
Client 12 trained in 0.70s (simulated: 0.00s)
Client 12 uploaded with stats: loss=0.4399, grad_norm=29.6502, exec_time=0.00s
Client 52 trained in 0.74s (simulated: 0.00s)
Client 52 uploaded with stats: loss=0.4989, grad_norm=29.3637, exec_time=0.00s
Client 76 trained in 0.78s (simulated: 0.00s)
Client 76 uploaded with stats: loss=0.1180, grad_norm=15.4524, exec_time=0.00s
Client 77 trained in 0.77s (simulated: 0.00s)
Client 77 uploaded with stats: loss=0.4992, grad_norm=37.9103, exec_time=0.00s
Client 43 trained in 0.90s (simulated: 0.00s)
Client 43 uploaded with stats: loss=0.3435, grad_norm=35.1512, exec_time=0.00s
Client 53 trained in 0.96s (simulated: 0.00s)
Client 53 uploaded with stats: loss=0.3408, grad_norm=22.1153, exec_time=0.00s
Client 44 trained in 1.03s (simulated: 0.00s)
Client 44 uploaded with stats: loss=0.1026, grad_norm=11.9554, exec_time=0.00s
Client 90 trained in 1.07s (simulated: 0.00s)
Client 90 uploaded with stats: loss=0.2375, grad_norm=12.7722, exec_time=0.00s
Epoch(t): 81 accuracy: 66.95 loss 0.8254554438591003 run_time: 128.03058695793152
Current clients: 100, select: 10
| current_epoch 82 |. Begin client select
SchedulerThread select( 10 clients):
64 | 77 | 5 | 67 | 92 | 66 | 60 | 79 | 39 | 73 |
-----------------------------------------------------------------Schedule complete
Client 60 trained in 0.40s (simulated: 0.00s)
Client 60 uploaded with stats: loss=0.1957, grad_norm=14.6878, exec_time=0.00s
Client 79 trained in 0.46s (simulated: 0.00s)
Client 79 uploaded with stats: loss=0.1966, grad_norm=12.9589, exec_time=0.00s
Client 5 trained in 0.49s (simulated: 0.00s)
Client 5 uploaded with stats: loss=0.3720, grad_norm=20.8802, exec_time=0.00s
Client 67 trained in 0.57s (simulated: 0.00s)
Client 67 uploaded with stats: loss=0.1510, grad_norm=9.9444, exec_time=0.00s
Client 73 trained in 0.57s (simulated: 0.00s)
Client 73 uploaded with stats: loss=0.1720, grad_norm=13.5816, exec_time=0.00s
Client 39 trained in 0.71s (simulated: 0.00s)
Client 39 uploaded with stats: loss=0.6550, grad_norm=33.0413, exec_time=0.00s
Client 66 trained in 0.73s (simulated: 0.00s)
Client 66 uploaded with stats: loss=0.1837, grad_norm=32.4794, exec_time=0.00s
Client 92 trained in 0.76s (simulated: 0.00s)
Client 92 uploaded with stats: loss=0.2952, grad_norm=11.1140, exec_time=0.00s
Client 64 trained in 0.79s (simulated: 0.00s)
Client 64 uploaded with stats: loss=0.3440, grad_norm=30.2436, exec_time=0.00s
Client 77 trained in 0.79s (simulated: 0.00s)
Client 77 uploaded with stats: loss=0.4763, grad_norm=32.0440, exec_time=0.00s
Epoch(t): 82 accuracy: 68.13 loss 0.7759612143039704 run_time: 129.446839094162
Current clients: 100, select: 10
| current_epoch 83 |. Begin client select
SchedulerThread select( 10 clients):
16 | 79 | 25 | 12 | 37 | 90 | 71 | 17 | 99 | 80 |
-----------------------------------------------------------------Schedule complete
Client 12 trained in 0.51s (simulated: 0.00s)
Client 12 uploaded with stats: loss=0.4375, grad_norm=28.2778, exec_time=0.00s
Client 37 trained in 0.54s (simulated: 0.00s)
Client 37 uploaded with stats: loss=0.3511, grad_norm=29.6425, exec_time=0.00s
Client 25 trained in 0.61s (simulated: 0.00s)
Client 25 uploaded with stats: loss=0.3868, grad_norm=25.4625, exec_time=0.00s
Client 16 trained in 0.73s (simulated: 0.00s)
Client 16 uploaded with stats: loss=0.4478, grad_norm=18.5165, exec_time=0.00s
Client 17 trained in 0.73s (simulated: 0.00s)
Client 17 uploaded with stats: loss=0.2315, grad_norm=17.0978, exec_time=0.00s
Client 71 trained in 0.88s (simulated: 0.00s)
Client 71 uploaded with stats: loss=0.2741, grad_norm=19.4024, exec_time=0.00s
Client 80 trained in 0.94s (simulated: 0.00s)
Client 80 uploaded with stats: loss=0.2978, grad_norm=11.4378, exec_time=0.00s
Client 99 trained in 0.97s (simulated: 0.00s)
Client 99 uploaded with stats: loss=0.6186, grad_norm=22.4127, exec_time=0.00s
Client 90 trained in 0.97s (simulated: 0.00s)
Client 90 uploaded with stats: loss=0.2378, grad_norm=13.6340, exec_time=0.00s
Client 79 trained in 1.02s (simulated: 0.00s)
Client 79 uploaded with stats: loss=0.1897, grad_norm=13.2398, exec_time=0.00s
Epoch(t): 83 accuracy: 63.76 loss 1.0056155788898469 run_time: 131.02293634414673
Current clients: 100, select: 10
| current_epoch 84 |. Begin client select
SchedulerThread select( 10 clients):
75 | 23 | 69 | 11 | 90 | 25 | 66 | 9 | 60 | 79 |
-----------------------------------------------------------------Schedule complete
Client 60 trained in 0.28s (simulated: 0.00s)
Client 60 uploaded with stats: loss=0.1899, grad_norm=12.5813, exec_time=0.00s
Client 69 trained in 0.28s (simulated: 0.00s)
Client 69 uploaded with stats: loss=0.6032, grad_norm=17.3707, exec_time=0.00s
Client 25 trained in 0.38s (simulated: 0.00s)
Client 25 uploaded with stats: loss=0.3838, grad_norm=27.0589, exec_time=0.00s
Client 90 trained in 0.57s (simulated: 0.00s)
Client 90 uploaded with stats: loss=0.2452, grad_norm=15.6537, exec_time=0.00s
Client 75 trained in 0.59s (simulated: 0.00s)
Client 75 uploaded with stats: loss=0.6950, grad_norm=42.4685, exec_time=0.00s
Client 23 trained in 0.62s (simulated: 0.00s)
Client 23 uploaded with stats: loss=0.3534, grad_norm=20.8215, exec_time=0.00s
Client 79 trained in 0.61s (simulated: 0.00s)
Client 79 uploaded with stats: loss=0.1978, grad_norm=13.0223, exec_time=0.00s
Client 11 trained in 0.77s (simulated: 0.00s)
Client 11 uploaded with stats: loss=0.0607, grad_norm=16.4773, exec_time=0.00s
Client 9 trained in 0.77s (simulated: 0.00s)
Client 9 uploaded with stats: loss=0.0704, grad_norm=10.9649, exec_time=0.00s
Client 66 trained in 0.83s (simulated: 0.00s)
Client 66 uploaded with stats: loss=0.1960, grad_norm=35.2108, exec_time=0.00s
Epoch(t): 84 accuracy: 72.13 loss 0.7483851182460785 run_time: 132.5035638809204
Current clients: 100, select: 10
| current_epoch 85 |. Begin client select
SchedulerThread select( 10 clients):
66 | 60 | 69 | 84 | 55 | 2 | 44 | 24 | 25 | 50 |
-----------------------------------------------------------------Schedule complete
Client 55 trained in 0.36s (simulated: 0.00s)
Client 55 uploaded with stats: loss=0.3563, grad_norm=24.9599, exec_time=0.00s
Client 60 trained in 0.43s (simulated: 0.00s)
Client 60 uploaded with stats: loss=0.1731, grad_norm=10.7528, exec_time=0.00s
Client 25 trained in 0.44s (simulated: 0.00s)
Client 25 uploaded with stats: loss=0.4010, grad_norm=28.5318, exec_time=0.00s
Client 69 trained in 0.47s (simulated: 0.00s)
Client 69 uploaded with stats: loss=0.6098, grad_norm=17.4101, exec_time=0.00s
Client 84 trained in 0.58s (simulated: 0.00s)
Client 84 uploaded with stats: loss=0.1937, grad_norm=14.6745, exec_time=0.00s
Client 44 trained in 0.61s (simulated: 0.00s)
Client 44 uploaded with stats: loss=0.0858, grad_norm=7.2982, exec_time=0.00s
Client 66 trained in 0.74s (simulated: 0.00s)
Client 66 uploaded with stats: loss=0.1295, grad_norm=19.3583, exec_time=0.00s
Client 50 trained in 0.75s (simulated: 0.00s)
Client 50 uploaded with stats: loss=0.2719, grad_norm=15.8950, exec_time=0.00s
Client 24 trained in 0.76s (simulated: 0.00s)
Client 24 uploaded with stats: loss=0.1907, grad_norm=9.9959, exec_time=0.00s
Client 2 trained in 0.84s (simulated: 0.00s)
Client 2 uploaded with stats: loss=0.2749, grad_norm=23.9758, exec_time=0.00s
Epoch(t): 85 accuracy: 72.83 loss 0.7166760128736496 run_time: 133.93924856185913
Current clients: 100, select: 10
| current_epoch 86 |. Begin client select
SchedulerThread select( 10 clients):
77 | 36 | 6 | 17 | 75 | 37 | 38 | 44 | 78 | 73 |
-----------------------------------------------------------------Schedule complete
Client 38 trained in 0.51s (simulated: 0.00s)
Client 38 uploaded with stats: loss=0.4614, grad_norm=27.7121, exec_time=0.00s
Client 77 trained in 0.62s (simulated: 0.00s)
Client 77 uploaded with stats: loss=0.4703, grad_norm=32.4300, exec_time=0.00s
Client 37 trained in 0.68s (simulated: 0.00s)
Client 37 uploaded with stats: loss=0.3596, grad_norm=33.1090, exec_time=0.00s
Client 78 trained in 0.71s (simulated: 0.00s)
Client 78 uploaded with stats: loss=0.3308, grad_norm=24.5010, exec_time=0.00s
Client 36 trained in 0.80s (simulated: 0.00s)
Client 36 uploaded with stats: loss=0.1760, grad_norm=22.3526, exec_time=0.00s
Client 17 trained in 0.86s (simulated: 0.00s)
Client 17 uploaded with stats: loss=0.2212, grad_norm=16.4577, exec_time=0.00s
Client 73 trained in 0.94s (simulated: 0.00s)
Client 73 uploaded with stats: loss=0.1666, grad_norm=13.5267, exec_time=0.00s
Client 44 trained in 0.95s (simulated: 0.00s)
Client 44 uploaded with stats: loss=0.0858, grad_norm=8.0275, exec_time=0.00s
Client 75 trained in 0.98s (simulated: 0.00s)
Client 75 uploaded with stats: loss=0.6702, grad_norm=38.6728, exec_time=0.00s
Client 6 trained in 1.01s (simulated: 0.00s)
Client 6 uploaded with stats: loss=0.3498, grad_norm=18.4844, exec_time=0.00s
Epoch(t): 86 accuracy: 71.07 loss 0.7452846676111221 run_time: 135.56208324432373
Current clients: 100, select: 10
| current_epoch 87 |. Begin client select
SchedulerThread select( 10 clients):
6 | 78 | 39 | 97 | 40 | 26 | 17 | 35 | 60 | 70 |
-----------------------------------------------------------------Schedule complete
Client 70 trained in 0.43s (simulated: 0.00s)
Client 70 uploaded with stats: loss=0.3448, grad_norm=22.8293, exec_time=0.00s
Client 26 trained in 0.54s (simulated: 0.00s)
Client 26 uploaded with stats: loss=0.2072, grad_norm=16.0530, exec_time=0.00s
Client 35 trained in 0.58s (simulated: 0.00s)
Client 35 uploaded with stats: loss=0.2807, grad_norm=15.3655, exec_time=0.00s
Client 17 trained in 0.66s (simulated: 0.00s)
Client 17 uploaded with stats: loss=0.2261, grad_norm=18.0732, exec_time=0.00s
Client 78 trained in 0.70s (simulated: 0.00s)
Client 78 uploaded with stats: loss=0.3348, grad_norm=25.8035, exec_time=0.00s
Client 60 trained in 0.82s (simulated: 0.00s)
Client 60 uploaded with stats: loss=0.1918, grad_norm=12.3634, exec_time=0.00s
Client 97 trained in 0.83s (simulated: 0.00s)
Client 97 uploaded with stats: loss=0.8029, grad_norm=44.6157, exec_time=0.00s
Client 39 trained in 0.89s (simulated: 0.00s)
Client 39 uploaded with stats: loss=0.4467, grad_norm=17.3735, exec_time=0.00s
Client 40 trained in 0.88s (simulated: 0.00s)
Client 40 uploaded with stats: loss=0.2297, grad_norm=13.8563, exec_time=0.00s
Client 6 trained in 0.93s (simulated: 0.00s)
Client 6 uploaded with stats: loss=0.3363, grad_norm=16.6885, exec_time=0.00s
Epoch(t): 87 accuracy: 72.43 loss 0.790472905933857 run_time: 137.08915901184082
Current clients: 100, select: 10
| current_epoch 88 |. Begin client select
SchedulerThread select( 10 clients):
35 | 76 | 43 | 44 | 27 | 70 | 6 | 75 | 77 | 25 |
-----------------------------------------------------------------Schedule complete
Client 70 trained in 0.50s (simulated: 0.00s)
Client 70 uploaded with stats: loss=0.3258, grad_norm=17.9561, exec_time=0.00s
Client 25 trained in 0.53s (simulated: 0.00s)
Client 25 uploaded with stats: loss=0.4249, grad_norm=31.1108, exec_time=0.00s
Client 27 trained in 0.61s (simulated: 0.00s)
Client 27 uploaded with stats: loss=0.5592, grad_norm=28.9357, exec_time=0.00s
Client 77 trained in 0.65s (simulated: 0.00s)
Client 77 uploaded with stats: loss=0.4737, grad_norm=33.4896, exec_time=0.00s
Client 35 trained in 0.77s (simulated: 0.00s)
Client 35 uploaded with stats: loss=0.2764, grad_norm=16.8173, exec_time=0.00s
Client 76 trained in 0.84s (simulated: 0.00s)
Client 76 uploaded with stats: loss=0.1505, grad_norm=20.7617, exec_time=0.00s
Client 44 trained in 0.93s (simulated: 0.00s)
Client 44 uploaded with stats: loss=0.0789, grad_norm=8.5178, exec_time=0.00s
Client 43 trained in 0.93s (simulated: 0.00s)
Client 43 uploaded with stats: loss=0.3275, grad_norm=35.7939, exec_time=0.00s
Client 75 trained in 0.96s (simulated: 0.00s)
Client 75 uploaded with stats: loss=0.5883, grad_norm=32.8102, exec_time=0.00s
Client 6 trained in 1.02s (simulated: 0.00s)
Client 6 uploaded with stats: loss=0.3666, grad_norm=22.0987, exec_time=0.00s
Epoch(t): 88 accuracy: 72.2 loss 0.7263745465874671 run_time: 138.7170112133026
Current clients: 100, select: 10
| current_epoch 89 |. Begin client select
SchedulerThread select( 10 clients):
69 | 27 | 83 | 75 | 95 | 20 | 79 | 5 | 10 | 38 |
-----------------------------------------------------------------Schedule complete
Client 5 trained in 0.51s (simulated: 0.00s)
Client 5 uploaded with stats: loss=0.3585, grad_norm=20.3406, exec_time=0.00s
Client 38 trained in 0.51s (simulated: 0.00s)
Client 38 uploaded with stats: loss=0.4394, grad_norm=22.9438, exec_time=0.00s
Client 75 trained in 0.54s (simulated: 0.00s)
Client 75 uploaded with stats: loss=0.5673, grad_norm=33.0612, exec_time=0.00s
Client 27 trained in 0.64s (simulated: 0.00s)
Client 27 uploaded with stats: loss=0.5467, grad_norm=27.0086, exec_time=0.00s
Client 69 trained in 0.67s (simulated: 0.00s)
Client 69 uploaded with stats: loss=0.6006, grad_norm=18.5318, exec_time=0.00s
Client 95 trained in 0.81s (simulated: 0.00s)
Client 95 uploaded with stats: loss=0.1836, grad_norm=11.0011, exec_time=0.00s
Client 79 trained in 0.82s (simulated: 0.00s)
Client 79 uploaded with stats: loss=0.2055, grad_norm=15.7876, exec_time=0.00s
Client 10 trained in 0.81s (simulated: 0.00s)
Client 10 uploaded with stats: loss=0.3925, grad_norm=19.6804, exec_time=0.00s
Client 83 trained in 0.87s (simulated: 0.00s)
Client 83 uploaded with stats: loss=0.1709, grad_norm=23.3232, exec_time=0.00s
Client 20 trained in 0.89s (simulated: 0.00s)
Client 20 uploaded with stats: loss=0.1920, grad_norm=18.6614, exec_time=0.00s
Epoch(t): 89 accuracy: 68.62 loss 0.8378808987140656 run_time: 140.18535113334656
Current clients: 100, select: 10
| current_epoch 90 |. Begin client select
SchedulerThread select( 10 clients):
30 | 10 | 2 | 76 | 12 | 93 | 46 | 89 | 26 | 49 |
-----------------------------------------------------------------Schedule complete
Client 12 trained in 0.58s (simulated: 0.00s)
Client 12 uploaded with stats: loss=0.4450, grad_norm=30.2256, exec_time=0.00s
Client 26 trained in 0.66s (simulated: 0.00s)
Client 26 uploaded with stats: loss=0.1951, grad_norm=13.4025, exec_time=0.00s
Client 93 trained in 0.67s (simulated: 0.00s)
Client 93 uploaded with stats: loss=0.2488, grad_norm=21.4556, exec_time=0.00s
Client 76 trained in 0.69s (simulated: 0.00s)
Client 76 uploaded with stats: loss=0.1255, grad_norm=17.1767, exec_time=0.00s
Client 10 trained in 0.73s (simulated: 0.00s)
Client 10 uploaded with stats: loss=0.3712, grad_norm=16.6040, exec_time=0.00s
Client 30 trained in 0.83s (simulated: 0.00s)
Client 30 uploaded with stats: loss=0.4220, grad_norm=12.0208, exec_time=0.00s
Client 2 trained in 0.83s (simulated: 0.00s)
Client 2 uploaded with stats: loss=0.2330, grad_norm=17.4872, exec_time=0.00s
Client 49 trained in 0.84s (simulated: 0.00s)
Client 49 uploaded with stats: loss=0.5413, grad_norm=34.0470, exec_time=0.00s
Client 46 trained in 0.86s (simulated: 0.00s)
Client 46 uploaded with stats: loss=0.1662, grad_norm=9.6315, exec_time=0.00s
Client 89 trained in 0.87s (simulated: 0.00s)
Client 89 uploaded with stats: loss=0.1811, grad_norm=9.0509, exec_time=0.00s
Epoch(t): 90 accuracy: 65.71 loss 0.8562794542312622 run_time: 141.67241954803467
Current clients: 100, select: 10
| current_epoch 91 |. Begin client select
SchedulerThread select( 10 clients):
26 | 71 | 37 | 22 | 29 | 91 | 84 | 83 | 47 | 13 |
-----------------------------------------------------------------Schedule complete
Client 84 trained in 0.46s (simulated: 0.00s)
Client 84 uploaded with stats: loss=0.1799, grad_norm=12.1734, exec_time=0.00s
Client 71 trained in 0.55s (simulated: 0.00s)
Client 71 uploaded with stats: loss=0.2736, grad_norm=21.5359, exec_time=0.00s
Client 26 trained in 0.69s (simulated: 0.00s)
Client 26 uploaded with stats: loss=0.2018, grad_norm=15.9582, exec_time=0.00s
Client 37 trained in 0.70s (simulated: 0.00s)
Client 37 uploaded with stats: loss=0.3591, grad_norm=32.0129, exec_time=0.00s
Client 47 trained in 0.77s (simulated: 0.00s)
Client 47 uploaded with stats: loss=0.3809, grad_norm=27.7733, exec_time=0.00s
Client 83 trained in 0.85s (simulated: 0.00s)
Client 83 uploaded with stats: loss=0.1841, grad_norm=24.7990, exec_time=0.00s
Client 29 trained in 0.87s (simulated: 0.00s)
Client 29 uploaded with stats: loss=0.1007, grad_norm=29.6387, exec_time=0.00s
Client 91 trained in 0.89s (simulated: 0.00s)
Client 91 uploaded with stats: loss=0.1663, grad_norm=28.8512, exec_time=0.00s
Client 22 trained in 0.93s (simulated: 0.00s)
Client 22 uploaded with stats: loss=0.1268, grad_norm=22.2547, exec_time=0.00s
Client 13 trained in 0.96s (simulated: 0.00s)
Client 13 uploaded with stats: loss=0.0806, grad_norm=6.7063, exec_time=0.00s
Epoch(t): 91 accuracy: 74.36 loss 0.6965696430206298 run_time: 143.22908186912537
Current clients: 100, select: 10
| current_epoch 92 |. Begin client select
SchedulerThread select( 10 clients):
47 | 69 | 35 | 84 | 96 | 3 | 54 | 41 | 99 | 97 |
-----------------------------------------------------------------Schedule complete
Client 69 trained in 0.28s (simulated: 0.00s)
Client 69 uploaded with stats: loss=0.6300, grad_norm=20.4840, exec_time=0.00s
Client 35 trained in 0.37s (simulated: 0.00s)
Client 35 uploaded with stats: loss=0.2766, grad_norm=16.1801, exec_time=0.00s
Client 84 trained in 0.36s (simulated: 0.00s)
Client 84 uploaded with stats: loss=0.1763, grad_norm=11.0524, exec_time=0.00s
Client 99 trained in 0.41s (simulated: 0.00s)
Client 99 uploaded with stats: loss=0.6687, grad_norm=26.4303, exec_time=0.00s
Client 47 trained in 0.49s (simulated: 0.00s)
Client 47 uploaded with stats: loss=0.3407, grad_norm=21.8874, exec_time=0.00s
Client 97 trained in 0.51s (simulated: 0.00s)
Client 97 uploaded with stats: loss=0.9922, grad_norm=48.3523, exec_time=0.00s
Client 54 trained in 0.53s (simulated: 0.00s)
Client 54 uploaded with stats: loss=0.1968, grad_norm=10.5095, exec_time=0.00s
Client 3 trained in 0.54s (simulated: 0.00s)
Client 3 uploaded with stats: loss=0.2173, grad_norm=21.0121, exec_time=0.00s
Client 41 trained in 0.55s (simulated: 0.00s)
Client 41 uploaded with stats: loss=0.2721, grad_norm=17.8677, exec_time=0.00s
Client 96 trained in 0.55s (simulated: 0.00s)
Client 96 uploaded with stats: loss=0.1165, grad_norm=9.7591, exec_time=0.00s
Epoch(t): 92 accuracy: 71.99 loss 0.7152175962924957 run_time: 144.4087266921997
Current clients: 100, select: 10
| current_epoch 93 |. Begin client select
SchedulerThread select( 10 clients):
17 | 99 | 31 | 49 | 70 | 80 | 3 | 26 | 37 | 93 |
-----------------------------------------------------------------Schedule complete
Client 93 trained in 0.42s (simulated: 0.00s)
Client 93 uploaded with stats: loss=0.2341, grad_norm=17.8590, exec_time=0.00s
Client 26 trained in 0.50s (simulated: 0.00s)
Client 26 uploaded with stats: loss=0.1973, grad_norm=14.6072, exec_time=0.00s
Client 17 trained in 0.69s (simulated: 0.00s)
Client 17 uploaded with stats: loss=0.2171, grad_norm=17.7884, exec_time=0.00s
Client 49 trained in 0.77s (simulated: 0.00s)
Client 49 uploaded with stats: loss=0.3589, grad_norm=18.2403, exec_time=0.00s
Client 70 trained in 0.76s (simulated: 0.00s)
Client 70 uploaded with stats: loss=0.3464, grad_norm=23.4115, exec_time=0.00s
Client 99 trained in 0.83s (simulated: 0.00s)
Client 99 uploaded with stats: loss=0.6545, grad_norm=27.8561, exec_time=0.00s
Client 80 trained in 0.82s (simulated: 0.00s)
Client 80 uploaded with stats: loss=0.2992, grad_norm=13.0943, exec_time=0.00s
Client 37 trained in 0.86s (simulated: 0.00s)
Client 37 uploaded with stats: loss=0.3536, grad_norm=31.5003, exec_time=0.00s
Client 3 trained in 0.92s (simulated: 0.00s)
Client 3 uploaded with stats: loss=0.2042, grad_norm=17.0942, exec_time=0.00s
Client 31 trained in 0.95s (simulated: 0.00s)
Client 31 uploaded with stats: loss=0.1125, grad_norm=10.5269, exec_time=0.00s
Epoch(t): 93 accuracy: 70.7 loss 0.7781759971380233 run_time: 145.96829795837402
Current clients: 100, select: 10
| current_epoch 94 |. Begin client select
SchedulerThread select( 10 clients):
11 | 52 | 27 | 76 | 44 | 47 | 67 | 43 | 84 | 97 |
-----------------------------------------------------------------Schedule complete
Client 84 trained in 0.39s (simulated: 0.00s)
Client 84 uploaded with stats: loss=0.1736, grad_norm=12.0432, exec_time=0.00s
Client 76 trained in 0.44s (simulated: 0.00s)
Client 76 uploaded with stats: loss=0.1216, grad_norm=17.7664, exec_time=0.00s
Client 47 trained in 0.55s (simulated: 0.00s)
Client 47 uploaded with stats: loss=0.3663, grad_norm=28.6970, exec_time=0.00s
Client 27 trained in 0.56s (simulated: 0.00s)
Client 27 uploaded with stats: loss=0.5593, grad_norm=30.7692, exec_time=0.00s
Client 43 trained in 0.60s (simulated: 0.00s)
Client 43 uploaded with stats: loss=0.2172, grad_norm=20.2973, exec_time=0.00s
Client 44 trained in 0.75s (simulated: 0.00s)
Client 44 uploaded with stats: loss=0.0930, grad_norm=9.9961, exec_time=0.00s
Client 97 trained in 0.75s (simulated: 0.00s)
Client 97 uploaded with stats: loss=0.8096, grad_norm=44.0658, exec_time=0.00s
Client 52 trained in 0.76s (simulated: 0.00s)
Client 52 uploaded with stats: loss=0.4618, grad_norm=24.5357, exec_time=0.00s
Client 11 trained in 0.81s (simulated: 0.00s)
Client 11 uploaded with stats: loss=0.0642, grad_norm=18.2555, exec_time=0.00s
Client 67 trained in 0.89s (simulated: 0.00s)
Client 67 uploaded with stats: loss=0.1646, grad_norm=10.1138, exec_time=0.00s
Epoch(t): 94 accuracy: 74.12 loss 0.6623077175021171 run_time: 147.4411919116974
Current clients: 100, select: 10
| current_epoch 95 |. Begin client select
SchedulerThread select( 10 clients):
86 | 5 | 67 | 40 | 27 | 0 | 85 | 71 | 26 | 47 |
-----------------------------------------------------------------Schedule complete
Client 5 trained in 0.40s (simulated: 0.00s)
Client 5 uploaded with stats: loss=0.3462, grad_norm=17.5610, exec_time=0.00s
Client 27 trained in 0.53s (simulated: 0.00s)
Client 27 uploaded with stats: loss=0.5262, grad_norm=26.0226, exec_time=0.00s
Client 47 trained in 0.54s (simulated: 0.00s)
Client 47 uploaded with stats: loss=0.3386, grad_norm=22.7205, exec_time=0.00s
Client 85 trained in 0.63s (simulated: 0.00s)
Client 85 uploaded with stats: loss=0.8387, grad_norm=27.6346, exec_time=0.00s
Client 26 trained in 0.65s (simulated: 0.00s)
Client 26 uploaded with stats: loss=0.1945, grad_norm=15.0634, exec_time=0.00s
Client 71 trained in 0.73s (simulated: 0.00s)
Client 71 uploaded with stats: loss=0.2464, grad_norm=15.9696, exec_time=0.00s
Client 0 trained in 0.76s (simulated: 0.00s)
Client 0 uploaded with stats: loss=0.2194, grad_norm=15.9547, exec_time=0.00s
Client 86 trained in 0.81s (simulated: 0.00s)
Client 86 uploaded with stats: loss=0.3119, grad_norm=12.7347, exec_time=0.00s
Client 40 trained in 0.81s (simulated: 0.00s)
Client 40 uploaded with stats: loss=0.2154, grad_norm=12.3720, exec_time=0.00s
Client 67 trained in 0.84s (simulated: 0.00s)
Client 67 uploaded with stats: loss=0.1425, grad_norm=10.7316, exec_time=0.00s
Epoch(t): 95 accuracy: 68.58 loss 0.8936233448982239 run_time: 149.08913660049438
Current clients: 100, select: 10
| current_epoch 96 |. Begin client select
SchedulerThread select( 10 clients):
62 | 19 | 18 | 77 | 40 | 37 | 16 | 29 | 38 | 10 |
-----------------------------------------------------------------Schedule complete
Client 38 trained in 0.46s (simulated: 0.00s)
Client 38 uploaded with stats: loss=0.4534, grad_norm=27.9471, exec_time=0.00s
Client 77 trained in 0.53s (simulated: 0.00s)
Client 77 uploaded with stats: loss=0.4974, grad_norm=37.7730, exec_time=0.00s
Client 16 trained in 0.52s (simulated: 0.00s)
Client 16 uploaded with stats: loss=0.4360, grad_norm=20.4350, exec_time=0.00s
Client 37 trained in 0.56s (simulated: 0.00s)
Client 37 uploaded with stats: loss=0.3609, grad_norm=32.2647, exec_time=0.00s
Client 40 trained in 0.65s (simulated: 0.00s)
Client 40 uploaded with stats: loss=0.2139, grad_norm=15.3088, exec_time=0.00s
Client 29 trained in 0.69s (simulated: 0.00s)
Client 29 uploaded with stats: loss=0.0650, grad_norm=17.1580, exec_time=0.00s
Client 62 trained in 0.75s (simulated: 0.00s)
Client 62 uploaded with stats: loss=0.1508, grad_norm=7.8940, exec_time=0.00s
Client 10 trained in 0.76s (simulated: 0.00s)
Client 10 uploaded with stats: loss=0.3583, grad_norm=17.4032, exec_time=0.00s
Client 18 trained in 0.80s (simulated: 0.00s)
Client 18 uploaded with stats: loss=0.1393, grad_norm=5.1403, exec_time=0.00s
Client 19 trained in 0.83s (simulated: 0.00s)
Client 19 uploaded with stats: loss=0.1535, grad_norm=16.7565, exec_time=0.00s
Epoch(t): 96 accuracy: 61.87 loss 0.9473873180150986 run_time: 150.55867719650269
Current clients: 100, select: 10
| current_epoch 97 |. Begin client select
SchedulerThread select( 10 clients):
25 | 99 | 47 | 91 | 40 | 97 | 90 | 1 | 80 | 95 |
-----------------------------------------------------------------Schedule complete
Client 25 trained in 0.36s (simulated: 0.00s)
Client 25 uploaded with stats: loss=0.3576, grad_norm=22.1176, exec_time=0.00s
Client 47 trained in 0.38s (simulated: 0.00s)
Client 47 uploaded with stats: loss=0.3454, grad_norm=26.2828, exec_time=0.00s
Client 80 trained in 0.41s (simulated: 0.00s)
Client 80 uploaded with stats: loss=0.2853, grad_norm=14.9468, exec_time=0.00s
Client 95 trained in 0.40s (simulated: 0.00s)
Client 95 uploaded with stats: loss=0.1859, grad_norm=12.3534, exec_time=0.00s
Client 40 trained in 0.64s (simulated: 0.00s)
Client 40 uploaded with stats: loss=0.2253, grad_norm=15.5036, exec_time=0.00s
Client 1 trained in 0.68s (simulated: 0.00s)
Client 1 uploaded with stats: loss=0.3019, grad_norm=18.0719, exec_time=0.00s
Client 99 trained in 0.70s (simulated: 0.00s)
Client 99 uploaded with stats: loss=0.6069, grad_norm=21.5607, exec_time=0.00s
Client 91 trained in 0.69s (simulated: 0.00s)
Client 91 uploaded with stats: loss=0.0898, grad_norm=22.2834, exec_time=0.00s
Client 97 trained in 0.70s (simulated: 0.00s)
Client 97 uploaded with stats: loss=0.7860, grad_norm=43.2631, exec_time=0.00s
Client 90 trained in 0.81s (simulated: 0.00s)
Client 90 uploaded with stats: loss=0.2562, grad_norm=22.3390, exec_time=0.00s
Epoch(t): 97 accuracy: 70.84 loss 0.7075338709354401 run_time: 151.96111178398132
Current clients: 100, select: 10
| current_epoch 98 |. Begin client select
SchedulerThread select( 10 clients):
47 | 5 | 35 | 78 | 22 | 66 | 92 | 77 | 93 | 40 |
-----------------------------------------------------------------Schedule complete
Client 35 trained in 0.49s (simulated: 0.00s)
Client 35 uploaded with stats: loss=0.2816, grad_norm=18.3337, exec_time=0.00s
Client 47 trained in 0.52s (simulated: 0.00s)
Client 47 uploaded with stats: loss=0.3456, grad_norm=23.9070, exec_time=0.00s
Client 5 trained in 0.73s (simulated: 0.00s)
Client 5 uploaded with stats: loss=0.3613, grad_norm=20.8748, exec_time=0.00s
Client 93 trained in 0.74s (simulated: 0.00s)
Client 93 uploaded with stats: loss=0.2414, grad_norm=22.7040, exec_time=0.00s
Client 77 trained in 0.87s (simulated: 0.00s)
Client 77 uploaded with stats: loss=0.4598, grad_norm=33.0186, exec_time=0.00s
Client 78 trained in 0.90s (simulated: 0.00s)
Client 78 uploaded with stats: loss=0.2769, grad_norm=16.6307, exec_time=0.00s
Client 40 trained in 0.98s (simulated: 0.00s)
Client 40 uploaded with stats: loss=0.2094, grad_norm=13.4545, exec_time=0.00s
Client 22 trained in 1.01s (simulated: 0.00s)
Client 22 uploaded with stats: loss=0.0937, grad_norm=14.3458, exec_time=0.00s
Client 92 trained in 1.01s (simulated: 0.00s)
Client 92 uploaded with stats: loss=0.2812, grad_norm=10.4067, exec_time=0.00s
Client 66 trained in 1.03s (simulated: 0.00s)
Client 66 uploaded with stats: loss=0.1394, grad_norm=26.8096, exec_time=0.00s
Epoch(t): 98 accuracy: 71.54 loss 0.7458499521017075 run_time: 153.61245226860046
Current clients: 100, select: 10
| current_epoch 99 |. Begin client select
SchedulerThread select( 10 clients):
71 | 40 | 69 | 37 | 80 | 16 | 26 | 1 | 17 | 25 |
-----------------------------------------------------------------Schedule complete
Client 16 trained in 0.52s (simulated: 0.00s)
Client 16 uploaded with stats: loss=0.4305, grad_norm=18.6026, exec_time=0.00s
Client 25 trained in 0.64s (simulated: 0.00s)
Client 25 uploaded with stats: loss=0.4120, grad_norm=29.9155, exec_time=0.00s
Client 37 trained in 0.67s (simulated: 0.00s)
Client 37 uploaded with stats: loss=0.3462, grad_norm=31.0516, exec_time=0.00s
Client 26 trained in 0.72s (simulated: 0.00s)
Client 26 uploaded with stats: loss=0.1885, grad_norm=14.5194, exec_time=0.00s
Client 71 trained in 0.75s (simulated: 0.00s)
Client 71 uploaded with stats: loss=0.2141, grad_norm=13.0641, exec_time=0.00s
Client 17 trained in 0.76s (simulated: 0.00s)
Client 17 uploaded with stats: loss=0.2211, grad_norm=19.4786, exec_time=0.00s
Client 69 trained in 0.87s (simulated: 0.00s)
Client 69 uploaded with stats: loss=0.6095, grad_norm=19.4827, exec_time=0.00s
Client 40 trained in 0.98s (simulated: 0.00s)
Client 40 uploaded with stats: loss=0.1895, grad_norm=10.6461, exec_time=0.00s
Client 80 trained in 0.99s (simulated: 0.00s)
Client 80 uploaded with stats: loss=0.3013, grad_norm=16.2318, exec_time=0.00s
Client 1 trained in 1.01s (simulated: 0.00s)
Client 1 uploaded with stats: loss=0.2899, grad_norm=13.2574, exec_time=0.00s
Epoch(t): 99 accuracy: 70.63 loss 0.7561873486638069 run_time: 155.18661260604858
Current clients: 100, select: 10
| current_epoch 100 |. Begin client select
SchedulerThread select( 10 clients):
77 | 71 | 1 | 29 | 36 | 86 | 51 | 2 | 16 | 98 |
-----------------------------------------------------------------Schedule complete
Client 16 trained in 0.29s (simulated: 0.00s)
Client 16 uploaded with stats: loss=0.4114, grad_norm=16.8079, exec_time=0.00s
Client 71 trained in 0.34s (simulated: 0.00s)
Client 71 uploaded with stats: loss=0.2199, grad_norm=13.3977, exec_time=0.00s
Client 1 trained in 0.44s (simulated: 0.00s)
Client 1 uploaded with stats: loss=0.3037, grad_norm=18.9746, exec_time=0.00s
Client 36 trained in 0.51s (simulated: 0.00s)
Client 36 uploaded with stats: loss=0.1543, grad_norm=24.8867, exec_time=0.00s
Client 29 trained in 0.57s (simulated: 0.00s)
Client 29 uploaded with stats: loss=0.0859, grad_norm=28.1802, exec_time=0.00s
Client 86 trained in 0.65s (simulated: 0.00s)
Client 86 uploaded with stats: loss=0.4200, grad_norm=24.1265, exec_time=0.00s
Client 77 trained in 0.67s (simulated: 0.00s)
Client 77 uploaded with stats: loss=0.4581, grad_norm=33.1413, exec_time=0.00s
Client 51 trained in 0.69s (simulated: 0.00s)
Client 51 uploaded with stats: loss=0.7218, grad_norm=22.7423, exec_time=0.00s
Client 98 trained in 0.79s (simulated: 0.00s)
Client 98 uploaded with stats: loss=0.0343, grad_norm=9.1451, exec_time=0.00s
Client 2 trained in 0.80s (simulated: 0.00s)
Client 2 uploaded with stats: loss=0.2301, grad_norm=21.8396, exec_time=0.00s
Epoch(t): 100 accuracy: 74.13 loss 0.6847214886546135 run_time: 156.57223558425903
Current clients: 100, select: 10
| current_epoch 101 |. Begin client select
SchedulerThread select( 10 clients):
35 | 27 | 37 | 93 | 20 | 77 | 50 | 73 | 56 | 66 |
-----------------------------------------------------------------Schedule complete
Client 93 trained in 0.50s (simulated: 0.00s)
Client 93 uploaded with stats: loss=0.2293, grad_norm=20.3047, exec_time=0.00s
Client 77 trained in 0.56s (simulated: 0.00s)
Client 77 uploaded with stats: loss=0.4575, grad_norm=32.7161, exec_time=0.00s
Client 37 trained in 0.75s (simulated: 0.00s)
Client 37 uploaded with stats: loss=0.3379, grad_norm=30.2847, exec_time=0.00s
Client 27 trained in 0.90s (simulated: 0.00s)
Client 27 uploaded with stats: loss=0.5386, grad_norm=26.5237, exec_time=0.00s
Client 35 trained in 0.95s (simulated: 0.00s)
Client 35 uploaded with stats: loss=0.2736, grad_norm=17.7923, exec_time=0.00s
Client 73 trained in 1.02s (simulated: 0.00s)
Client 73 uploaded with stats: loss=0.1679, grad_norm=14.0096, exec_time=0.00s
Client 50 trained in 1.09s (simulated: 0.00s)
Client 50 uploaded with stats: loss=0.2557, grad_norm=16.8608, exec_time=0.00s
Client 56 trained in 1.10s (simulated: 0.00s)
Client 56 uploaded with stats: loss=0.1138, grad_norm=8.7197, exec_time=0.00s
Client 66 trained in 1.18s (simulated: 0.00s)
Client 66 uploaded with stats: loss=0.1187, grad_norm=20.5270, exec_time=0.00s
Client 20 trained in 1.20s (simulated: 0.00s)
Client 20 uploaded with stats: loss=0.1756, grad_norm=15.7503, exec_time=0.00s
Epoch(t): 101 accuracy: 69.22 loss 0.7649551516771317 run_time: 158.3503143787384
Current clients: 100, select: 10
| current_epoch 102 |. Begin client select
SchedulerThread select( 10 clients):
27 | 17 | 77 | 23 | 39 | 93 | 95 | 99 | 70 | 38 |
-----------------------------------------------------------------Schedule complete
Client 77 trained in 0.61s (simulated: 0.00s)
Client 77 uploaded with stats: loss=0.4515, grad_norm=32.0888, exec_time=0.00s
Client 93 trained in 0.62s (simulated: 0.00s)
Client 93 uploaded with stats: loss=0.2397, grad_norm=23.8950, exec_time=0.00s
Client 17 trained in 0.78s (simulated: 0.00s)
Client 17 uploaded with stats: loss=0.2092, grad_norm=18.2994, exec_time=0.00s
Client 38 trained in 0.79s (simulated: 0.00s)
Client 38 uploaded with stats: loss=0.4306, grad_norm=24.3203, exec_time=0.00s
Client 27 trained in 1.11s (simulated: 0.00s)
Client 27 uploaded with stats: loss=0.5261, grad_norm=26.4701, exec_time=0.00s
Client 70 trained in 1.12s (simulated: 0.00s)
Client 70 uploaded with stats: loss=0.3323, grad_norm=21.8442, exec_time=0.00s
Client 95 trained in 1.15s (simulated: 0.00s)
Client 95 uploaded with stats: loss=0.1792, grad_norm=11.7882, exec_time=0.00s
Client 99 trained in 1.13s (simulated: 0.00s)
Client 99 uploaded with stats: loss=0.6325, grad_norm=26.8039, exec_time=0.00s
Client 23 trained in 1.14s (simulated: 0.00s)
Client 23 uploaded with stats: loss=0.3250, grad_norm=20.3873, exec_time=0.00s
Client 39 trained in 1.16s (simulated: 0.00s)
Client 39 uploaded with stats: loss=0.4617, grad_norm=21.3664, exec_time=0.00s
Epoch(t): 102 accuracy: 74.14 loss 0.6926047188043595 run_time: 160.17153978347778
Current clients: 100, select: 10
| current_epoch 103 |. Begin client select
SchedulerThread select( 10 clients):
49 | 43 | 35 | 1 | 38 | 50 | 27 | 45 | 10 | 86 |
-----------------------------------------------------------------Schedule complete
Client 38 trained in 0.42s (simulated: 0.00s)
Client 38 uploaded with stats: loss=0.4221, grad_norm=23.0339, exec_time=0.00s
Client 35 trained in 0.46s (simulated: 0.00s)
Client 35 uploaded with stats: loss=0.2718, grad_norm=19.0713, exec_time=0.00s
Client 1 trained in 0.47s (simulated: 0.00s)
Client 1 uploaded with stats: loss=0.2727, grad_norm=13.8525, exec_time=0.00s
Client 27 trained in 0.51s (simulated: 0.00s)
Client 27 uploaded with stats: loss=0.5315, grad_norm=28.6068, exec_time=0.00s
Client 43 trained in 0.71s (simulated: 0.00s)
Client 43 uploaded with stats: loss=0.2952, grad_norm=30.3348, exec_time=0.00s
Client 86 trained in 0.72s (simulated: 0.00s)
Client 86 uploaded with stats: loss=0.5154, grad_norm=30.5168, exec_time=0.00s
Client 10 trained in 0.77s (simulated: 0.00s)
Client 10 uploaded with stats: loss=0.3822, grad_norm=21.3427, exec_time=0.00s
Client 49 trained in 0.82s (simulated: 0.00s)
Client 49 uploaded with stats: loss=0.3300, grad_norm=16.9344, exec_time=0.00s
Client 50 trained in 0.82s (simulated: 0.00s)
Client 50 uploaded with stats: loss=0.2515, grad_norm=16.7457, exec_time=0.00s
Client 45 trained in 0.92s (simulated: 0.00s)
Client 45 uploaded with stats: loss=0.2562, grad_norm=10.8759, exec_time=0.00s
Epoch(t): 103 accuracy: 71.28 loss 0.707231428027153 run_time: 161.75249028205872
Current clients: 100, select: 10
| current_epoch 104 |. Begin client select
SchedulerThread select( 10 clients):
12 | 2 | 40 | 36 | 50 | 93 | 71 | 69 | 70 | 20 |
-----------------------------------------------------------------Schedule complete
Client 70 trained in 0.45s (simulated: 0.00s)
Client 70 uploaded with stats: loss=0.3175, grad_norm=18.8385, exec_time=0.00s
Client 71 trained in 0.51s (simulated: 0.00s)
Client 71 uploaded with stats: loss=0.2357, grad_norm=17.6655, exec_time=0.00s
Client 93 trained in 0.58s (simulated: 0.00s)
Client 93 uploaded with stats: loss=0.2363, grad_norm=24.5163, exec_time=0.00s
Client 12 trained in 0.62s (simulated: 0.00s)
Client 12 uploaded with stats: loss=0.4346, grad_norm=30.8261, exec_time=0.00s
Client 69 trained in 0.65s (simulated: 0.00s)
Client 69 uploaded with stats: loss=0.5916, grad_norm=17.6204, exec_time=0.00s
Client 40 trained in 0.88s (simulated: 0.00s)
Client 40 uploaded with stats: loss=0.2135, grad_norm=12.6855, exec_time=0.00s
Client 36 trained in 0.91s (simulated: 0.00s)
Client 36 uploaded with stats: loss=0.1400, grad_norm=18.9135, exec_time=0.00s
Client 20 trained in 0.98s (simulated: 0.00s)
Client 20 uploaded with stats: loss=0.1890, grad_norm=20.8572, exec_time=0.00s
Client 50 trained in 0.99s (simulated: 0.00s)
Client 50 uploaded with stats: loss=0.2347, grad_norm=13.2930, exec_time=0.00s
Client 2 trained in 0.99s (simulated: 0.00s)
Client 2 uploaded with stats: loss=0.2023, grad_norm=15.5872, exec_time=0.00s
Epoch(t): 104 accuracy: 73.77 loss 0.701747237443924 run_time: 163.34719681739807
Current clients: 100, select: 10
| current_epoch 105 |. Begin client select
SchedulerThread select( 10 clients):
17 | 16 | 35 | 27 | 3 | 5 | 47 | 69 | 60 | 48 |
-----------------------------------------------------------------Schedule complete
Client 35 trained in 0.56s (simulated: 0.00s)
Client 35 uploaded with stats: loss=0.2595, grad_norm=17.0197, exec_time=0.00s
Client 47 trained in 0.57s (simulated: 0.00s)
Client 47 uploaded with stats: loss=0.3291, grad_norm=23.2705, exec_time=0.00s
Client 27 trained in 0.81s (simulated: 0.00s)
Client 27 uploaded with stats: loss=0.5424, grad_norm=29.2109, exec_time=0.00s
Client 5 trained in 0.81s (simulated: 0.00s)
Client 5 uploaded with stats: loss=0.3543, grad_norm=22.6579, exec_time=0.00s
Client 16 trained in 0.89s (simulated: 0.00s)
Client 16 uploaded with stats: loss=0.4320, grad_norm=21.0184, exec_time=0.00s
Client 17 trained in 0.93s (simulated: 0.00s)
Client 17 uploaded with stats: loss=0.2045, grad_norm=17.2065, exec_time=0.00s
Client 69 trained in 1.03s (simulated: 0.00s)
Client 69 uploaded with stats: loss=0.5986, grad_norm=20.1838, exec_time=0.00s
Client 3 trained in 1.03s (simulated: 0.00s)
Client 3 uploaded with stats: loss=0.2523, grad_norm=27.8792, exec_time=0.00s
Client 48 trained in 1.10s (simulated: 0.00s)
Client 48 uploaded with stats: loss=0.4689, grad_norm=20.4381, exec_time=0.00s
Client 60 trained in 1.11s (simulated: 0.00s)
Client 60 uploaded with stats: loss=0.1676, grad_norm=12.5407, exec_time=0.00s
Epoch(t): 105 accuracy: 70.75 loss 0.7445761162042618 run_time: 165.17481112480164
Current clients: 100, select: 10
| current_epoch 106 |. Begin client select
SchedulerThread select( 10 clients):
60 | 3 | 43 | 75 | 54 | 52 | 71 | 33 | 87 | 25 |
-----------------------------------------------------------------Schedule complete
Client 71 trained in 0.39s (simulated: 0.00s)
Client 71 uploaded with stats: loss=0.2097, grad_norm=13.5347, exec_time=0.00s
Client 60 trained in 0.41s (simulated: 0.00s)
Client 60 uploaded with stats: loss=0.1803, grad_norm=16.2084, exec_time=0.00s
Client 43 trained in 0.47s (simulated: 0.00s)
Client 43 uploaded with stats: loss=0.3021, grad_norm=34.3727, exec_time=0.00s
Client 25 trained in 0.49s (simulated: 0.00s)
Client 25 uploaded with stats: loss=0.4030, grad_norm=31.2666, exec_time=0.00s
Client 52 trained in 0.62s (simulated: 0.00s)
Client 52 uploaded with stats: loss=0.4535, grad_norm=25.6452, exec_time=0.00s
Client 75 trained in 0.60s (simulated: 0.00s)
Client 75 uploaded with stats: loss=0.5513, grad_norm=34.1618, exec_time=0.00s
Client 54 trained in 0.62s (simulated: 0.00s)
Client 54 uploaded with stats: loss=0.2391, grad_norm=19.5235, exec_time=0.00s
Client 3 trained in 0.72s (simulated: 0.00s)
Client 3 uploaded with stats: loss=0.1607, grad_norm=9.8666, exec_time=0.00s
Client 33 trained in 0.73s (simulated: 0.00s)
Client 33 uploaded with stats: loss=0.2079, grad_norm=27.7014, exec_time=0.00s
Client 87 trained in 0.75s (simulated: 0.00s)
Client 87 uploaded with stats: loss=0.1019, grad_norm=16.8514, exec_time=0.00s
Epoch(t): 106 accuracy: 75.49 loss 0.65123675853014 run_time: 166.56353092193604
Current clients: 100, select: 10
| current_epoch 107 |. Begin client select
SchedulerThread select( 10 clients):
83 | 12 | 93 | 95 | 8 | 64 | 6 | 37 | 10 | 38 |
-----------------------------------------------------------------Schedule complete
Client 93 trained in 0.59s (simulated: 0.00s)
Client 93 uploaded with stats: loss=0.2249, grad_norm=20.5427, exec_time=0.00s
Client 12 trained in 0.66s (simulated: 0.00s)
Client 12 uploaded with stats: loss=0.4295, grad_norm=29.3413, exec_time=0.00s
Client 37 trained in 0.76s (simulated: 0.00s)
Client 37 uploaded with stats: loss=0.3268, grad_norm=27.6524, exec_time=0.00s
Client 95 trained in 0.81s (simulated: 0.00s)
Client 95 uploaded with stats: loss=0.1776, grad_norm=12.5710, exec_time=0.00s
Client 38 trained in 0.83s (simulated: 0.00s)
Client 38 uploaded with stats: loss=0.4365, grad_norm=26.4378, exec_time=0.00s
Client 6 trained in 0.92s (simulated: 0.00s)
Client 6 uploaded with stats: loss=0.3339, grad_norm=14.9936, exec_time=0.00s
Client 10 trained in 0.96s (simulated: 0.00s)
Client 10 uploaded with stats: loss=0.3451, grad_norm=14.2693, exec_time=0.00s
Client 83 trained in 1.07s (simulated: 0.00s)
Client 83 uploaded with stats: loss=0.1335, grad_norm=12.4482, exec_time=0.00s
Client 64 trained in 1.13s (simulated: 0.00s)
Client 64 uploaded with stats: loss=0.2223, grad_norm=13.8682, exec_time=0.00s
Client 8 trained in 1.14s (simulated: 0.00s)
Client 8 uploaded with stats: loss=0.0753, grad_norm=7.6849, exec_time=0.00s
Epoch(t): 107 accuracy: 71.57 loss 0.7864677160978317 run_time: 168.36394572257996
Current clients: 100, select: 10
| current_epoch 108 |. Begin client select
SchedulerThread select( 10 clients):
79 | 63 | 17 | 29 | 76 | 82 | 77 | 97 | 39 | 12 |
-----------------------------------------------------------------Schedule complete
Client 76 trained in 0.58s (simulated: 0.00s)
Client 76 uploaded with stats: loss=0.0997, grad_norm=10.5798, exec_time=0.00s
Client 12 trained in 0.61s (simulated: 0.00s)
Client 12 uploaded with stats: loss=0.4059, grad_norm=26.8905, exec_time=0.00s
Client 29 trained in 0.60s (simulated: 0.00s)
Client 29 uploaded with stats: loss=0.0607, grad_norm=19.0874, exec_time=0.00s
Client 79 trained in 0.76s (simulated: 0.00s)
Client 79 uploaded with stats: loss=0.1972, grad_norm=15.4059, exec_time=0.00s
Client 97 trained in 0.76s (simulated: 0.00s)
Client 97 uploaded with stats: loss=0.8165, grad_norm=44.5865, exec_time=0.00s
Client 77 trained in 0.83s (simulated: 0.00s)
Client 77 uploaded with stats: loss=0.4413, grad_norm=29.6048, exec_time=0.00s
Client 17 trained in 0.85s (simulated: 0.00s)
Client 17 uploaded with stats: loss=0.2064, grad_norm=16.8429, exec_time=0.00s
Client 82 trained in 0.90s (simulated: 0.00s)
Client 82 uploaded with stats: loss=0.0935, grad_norm=9.5227, exec_time=0.00s
Client 63 trained in 0.93s (simulated: 0.00s)
Client 63 uploaded with stats: loss=0.1630, grad_norm=11.4824, exec_time=0.00s
Client 39 trained in 0.95s (simulated: 0.00s)
Client 39 uploaded with stats: loss=0.6780, grad_norm=34.9504, exec_time=0.00s
Epoch(t): 108 accuracy: 69.51 loss 0.7348400238156318 run_time: 169.9522349834442
Current clients: 100, select: 10
| current_epoch 109 |. Begin client select
SchedulerThread select( 10 clients):
55 | 16 | 42 | 36 | 75 | 93 | 99 | 80 | 50 | 37 |
-----------------------------------------------------------------Schedule complete
Client 55 trained in 0.39s (simulated: 0.00s)
Client 55 uploaded with stats: loss=0.3041, grad_norm=19.7092, exec_time=0.00s
Client 16 trained in 0.44s (simulated: 0.00s)
Client 16 uploaded with stats: loss=0.4145, grad_norm=18.9441, exec_time=0.00s
Client 75 trained in 0.57s (simulated: 0.00s)
Client 75 uploaded with stats: loss=0.6136, grad_norm=40.9656, exec_time=0.00s
Client 93 trained in 0.62s (simulated: 0.00s)
Client 93 uploaded with stats: loss=0.2208, grad_norm=19.3160, exec_time=0.00s
Client 37 trained in 0.70s (simulated: 0.00s)
Client 37 uploaded with stats: loss=0.3253, grad_norm=28.8273, exec_time=0.00s
Client 80 trained in 0.74s (simulated: 0.00s)
Client 80 uploaded with stats: loss=0.2617, grad_norm=12.8606, exec_time=0.00s
Client 36 trained in 0.82s (simulated: 0.00s)
Client 36 uploaded with stats: loss=0.1695, grad_norm=28.2262, exec_time=0.00s
Client 42 trained in 0.86s (simulated: 0.00s)
Client 42 uploaded with stats: loss=0.1757, grad_norm=12.5309, exec_time=0.00s
Client 50 trained in 0.89s (simulated: 0.00s)
Client 50 uploaded with stats: loss=0.2702, grad_norm=22.2661, exec_time=0.00s
Client 99 trained in 0.93s (simulated: 0.00s)
Client 99 uploaded with stats: loss=0.5818, grad_norm=21.7634, exec_time=0.00s
Epoch(t): 109 accuracy: 72.3 loss 0.6873332512378693 run_time: 171.5425319671631
Current clients: 100, select: 10
| current_epoch 110 |. Begin client select
SchedulerThread select( 10 clients):
27 | 84 | 11 | 73 | 77 | 36 | 12 | 19 | 95 | 20 |
-----------------------------------------------------------------Schedule complete
Client 12 trained in 0.63s (simulated: 0.00s)
Client 12 uploaded with stats: loss=0.4161, grad_norm=28.8064, exec_time=0.00s
Client 77 trained in 0.66s (simulated: 0.00s)
Client 77 uploaded with stats: loss=0.4502, grad_norm=32.1635, exec_time=0.00s
Client 84 trained in 0.80s (simulated: 0.00s)
Client 84 uploaded with stats: loss=0.1608, grad_norm=10.6173, exec_time=0.00s
Client 27 trained in 0.82s (simulated: 0.00s)
Client 27 uploaded with stats: loss=0.5198, grad_norm=26.0228, exec_time=0.00s
Client 95 trained in 0.94s (simulated: 0.00s)
Client 95 uploaded with stats: loss=0.1760, grad_norm=12.0532, exec_time=0.00s
Client 36 trained in 0.96s (simulated: 0.00s)
Client 36 uploaded with stats: loss=0.1574, grad_norm=25.6871, exec_time=0.00s
Client 19 trained in 1.13s (simulated: 0.00s)
Client 19 uploaded with stats: loss=0.1080, grad_norm=9.0462, exec_time=0.00s
Client 73 trained in 1.14s (simulated: 0.00s)
Client 73 uploaded with stats: loss=0.1569, grad_norm=13.7638, exec_time=0.00s
Client 11 trained in 1.15s (simulated: 0.00s)
Client 11 uploaded with stats: loss=0.0472, grad_norm=15.0474, exec_time=0.00s
Client 20 trained in 1.17s (simulated: 0.00s)
Client 20 uploaded with stats: loss=0.2049, grad_norm=20.8036, exec_time=0.00s
Epoch(t): 110 accuracy: 69.98 loss 0.7216689795255661 run_time: 173.37236738204956
Current clients: 100, select: 10
| current_epoch 111 |. Begin client select
SchedulerThread select( 10 clients):
93 | 70 | 60 | 6 | 25 | 17 | 2 | 95 | 38 | 50 |
-----------------------------------------------------------------Schedule complete
Client 38 trained in 0.62s (simulated: 0.00s)
Client 38 uploaded with stats: loss=0.4391, grad_norm=27.0688, exec_time=0.00s
Client 93 trained in 0.65s (simulated: 0.00s)
Client 93 uploaded with stats: loss=0.2156, grad_norm=18.2549, exec_time=0.00s
Client 70 trained in 0.65s (simulated: 0.00s)
Client 70 uploaded with stats: loss=0.3206, grad_norm=21.3377, exec_time=0.00s
Client 17 trained in 0.83s (simulated: 0.00s)
Client 17 uploaded with stats: loss=0.2014, grad_norm=18.0950, exec_time=0.00s
Client 25 trained in 0.87s (simulated: 0.00s)
Client 25 uploaded with stats: loss=0.4008, grad_norm=31.3100, exec_time=0.00s
Client 95 trained in 1.04s (simulated: 0.00s)
Client 95 uploaded with stats: loss=0.1716, grad_norm=11.2755, exec_time=0.00s
Client 60 trained in 1.07s (simulated: 0.00s)
Client 60 uploaded with stats: loss=0.1721, grad_norm=14.3844, exec_time=0.00s
Client 50 trained in 1.15s (simulated: 0.00s)
Client 50 uploaded with stats: loss=0.2943, grad_norm=26.2455, exec_time=0.00s
Client 6 trained in 1.19s (simulated: 0.00s)
Client 6 uploaded with stats: loss=0.3390, grad_norm=20.5096, exec_time=0.00s
Client 2 trained in 1.22s (simulated: 0.00s)
Client 2 uploaded with stats: loss=0.2058, grad_norm=17.9320, exec_time=0.00s
Epoch(t): 111 accuracy: 71.48 loss 0.7397804337739945 run_time: 175.22895073890686
Current clients: 100, select: 10
| current_epoch 112 |. Begin client select
SchedulerThread select( 10 clients):
84 | 64 | 38 | 49 | 48 | 86 | 77 | 26 | 47 | 97 |
-----------------------------------------------------------------Schedule complete
Client 38 trained in 0.68s (simulated: 0.00s)
Client 38 uploaded with stats: loss=0.4144, grad_norm=22.8401, exec_time=0.00s
Client 47 trained in 0.71s (simulated: 0.00s)
Client 47 uploaded with stats: loss=0.3513, grad_norm=27.5407, exec_time=0.00s
Client 86 trained in 0.80s (simulated: 0.00s)
Client 86 uploaded with stats: loss=0.4459, grad_norm=28.2871, exec_time=0.00s
Client 84 trained in 0.85s (simulated: 0.00s)
Client 84 uploaded with stats: loss=0.1623, grad_norm=10.8063, exec_time=0.00s
Client 26 trained in 0.83s (simulated: 0.00s)
Client 26 uploaded with stats: loss=0.1970, grad_norm=18.1777, exec_time=0.00s
Client 77 trained in 0.84s (simulated: 0.00s)
Client 77 uploaded with stats: loss=0.4515, grad_norm=32.5444, exec_time=0.00s
Client 97 trained in 0.93s (simulated: 0.00s)
Client 97 uploaded with stats: loss=0.8920, grad_norm=49.3566, exec_time=0.00s
Client 49 trained in 0.95s (simulated: 0.00s)
Client 49 uploaded with stats: loss=0.2878, grad_norm=10.6424, exec_time=0.00s
Client 48 trained in 1.04s (simulated: 0.00s)
Client 48 uploaded with stats: loss=0.4272, grad_norm=15.0252, exec_time=0.00s
Client 64 trained in 1.07s (simulated: 0.00s)
Client 64 uploaded with stats: loss=0.2349, grad_norm=15.0388, exec_time=0.00s
Epoch(t): 112 accuracy: 74.49 loss 0.6779150640964509 run_time: 176.94559907913208
Current clients: 100, select: 10
| current_epoch 113 |. Begin client select
SchedulerThread select( 10 clients):
88 | 12 | 47 | 2 | 63 | 77 | 78 | 26 | 70 | 25 |
-----------------------------------------------------------------Schedule complete
Client 77 trained in 0.61s (simulated: 0.00s)
Client 77 uploaded with stats: loss=0.4330, grad_norm=30.8109, exec_time=0.00s
Client 26 trained in 0.62s (simulated: 0.00s)
Client 26 uploaded with stats: loss=0.1878, grad_norm=16.7682, exec_time=0.00s
Client 12 trained in 0.68s (simulated: 0.00s)
Client 12 uploaded with stats: loss=0.4177, grad_norm=29.9457, exec_time=0.00s
Client 70 trained in 0.72s (simulated: 0.00s)
Client 70 uploaded with stats: loss=0.3059, grad_norm=19.2482, exec_time=0.00s
Client 25 trained in 0.86s (simulated: 0.00s)
Client 25 uploaded with stats: loss=0.3631, grad_norm=26.6056, exec_time=0.00s
Client 47 trained in 1.00s (simulated: 0.00s)
Client 47 uploaded with stats: loss=0.2898, grad_norm=17.1257, exec_time=0.00s
Client 78 trained in 1.06s (simulated: 0.00s)
Client 78 uploaded with stats: loss=0.2665, grad_norm=16.1229, exec_time=0.00s
Client 63 trained in 1.09s (simulated: 0.00s)
Client 63 uploaded with stats: loss=0.2033, grad_norm=15.6916, exec_time=0.00s
Client 2 trained in 1.10s (simulated: 0.00s)
Client 2 uploaded with stats: loss=0.1976, grad_norm=16.3673, exec_time=0.00s
Client 88 trained in 1.13s (simulated: 0.00s)
Client 88 uploaded with stats: loss=0.1288, grad_norm=7.8662, exec_time=0.00s
Epoch(t): 113 accuracy: 71.17 loss 0.7575683498382568 run_time: 178.72250747680664
Current clients: 100, select: 10
| current_epoch 114 |. Begin client select
SchedulerThread select( 10 clients):
37 | 36 | 99 | 80 | 47 | 70 | 55 | 90 | 49 | 17 |
-----------------------------------------------------------------Schedule complete
Client 70 trained in 0.47s (simulated: 0.00s)
Client 70 uploaded with stats: loss=0.2941, grad_norm=17.3036, exec_time=0.00s
Client 47 trained in 0.61s (simulated: 0.00s)
Client 47 uploaded with stats: loss=0.3446, grad_norm=27.5148, exec_time=0.00s
Client 37 trained in 0.64s (simulated: 0.00s)
Client 37 uploaded with stats: loss=0.3159, grad_norm=27.1981, exec_time=0.00s
Client 17 trained in 0.74s (simulated: 0.00s)
Client 17 uploaded with stats: loss=0.1986, grad_norm=17.1525, exec_time=0.00s
Client 55 trained in 0.81s (simulated: 0.00s)
Client 55 uploaded with stats: loss=0.2995, grad_norm=18.9839, exec_time=0.00s
Client 36 trained in 0.88s (simulated: 0.00s)
Client 36 uploaded with stats: loss=0.1257, grad_norm=20.2864, exec_time=0.00s
Client 80 trained in 0.96s (simulated: 0.00s)
Client 80 uploaded with stats: loss=0.2730, grad_norm=12.0639, exec_time=0.00s
Client 49 trained in 1.00s (simulated: 0.00s)
Client 49 uploaded with stats: loss=0.3371, grad_norm=17.8723, exec_time=0.00s
Client 99 trained in 1.03s (simulated: 0.00s)
Client 99 uploaded with stats: loss=0.5919, grad_norm=22.5218, exec_time=0.00s
Client 90 trained in 1.06s (simulated: 0.00s)
Client 90 uploaded with stats: loss=0.2346, grad_norm=15.3438, exec_time=0.00s
Epoch(t): 114 accuracy: 75.55 loss 0.6423993703722953 run_time: 180.43166089057922
Current clients: 100, select: 10
| current_epoch 115 |. Begin client select
SchedulerThread select( 10 clients):
43 | 34 | 5 | 71 | 47 | 73 | 95 | 39 | 79 | 2 |
-----------------------------------------------------------------Schedule complete
Client 47 trained in 0.32s (simulated: 0.00s)
Client 47 uploaded with stats: loss=0.3005, grad_norm=22.5236, exec_time=0.00s
Client 71 trained in 0.34s (simulated: 0.00s)
Client 71 uploaded with stats: loss=0.2108, grad_norm=15.2896, exec_time=0.00s
Client 5 trained in 0.47s (simulated: 0.00s)
Client 5 uploaded with stats: loss=0.3303, grad_norm=19.1305, exec_time=0.00s
Client 95 trained in 0.53s (simulated: 0.00s)
Client 95 uploaded with stats: loss=0.1733, grad_norm=11.3369, exec_time=0.00s
Client 43 trained in 0.63s (simulated: 0.00s)
Client 43 uploaded with stats: loss=0.2643, grad_norm=32.3544, exec_time=0.00s
Client 2 trained in 0.70s (simulated: 0.00s)
Client 2 uploaded with stats: loss=0.2026, grad_norm=18.8314, exec_time=0.00s
Client 79 trained in 0.71s (simulated: 0.00s)
Client 79 uploaded with stats: loss=0.1785, grad_norm=15.3227, exec_time=0.00s
Client 73 trained in 0.71s (simulated: 0.00s)
Client 73 uploaded with stats: loss=0.1529, grad_norm=13.0304, exec_time=0.00s
Client 39 trained in 0.73s (simulated: 0.00s)
Client 39 uploaded with stats: loss=0.5264, grad_norm=25.7586, exec_time=0.00s
Client 34 trained in 0.75s (simulated: 0.00s)
Client 34 uploaded with stats: loss=0.0869, grad_norm=6.9316, exec_time=0.00s
Epoch(t): 115 accuracy: 76.17 loss 0.624062567949295 run_time: 181.80623960494995
Current clients: 100, select: 10
| current_epoch 116 |. Begin client select
SchedulerThread select( 10 clients):
55 | 29 | 14 | 45 | 35 | 12 | 38 | 6 | 8 | 23 |
-----------------------------------------------------------------Schedule complete
Client 35 trained in 0.47s (simulated: 0.00s)
Client 35 uploaded with stats: loss=0.2428, grad_norm=14.6742, exec_time=0.00s
Client 38 trained in 0.61s (simulated: 0.00s)
Client 38 uploaded with stats: loss=0.4243, grad_norm=25.6852, exec_time=0.00s
Client 55 trained in 0.62s (simulated: 0.00s)
Client 55 uploaded with stats: loss=0.2923, grad_norm=18.5382, exec_time=0.00s
Client 12 trained in 0.70s (simulated: 0.00s)
Client 12 uploaded with stats: loss=0.4057, grad_norm=29.0426, exec_time=0.00s
Client 6 trained in 0.69s (simulated: 0.00s)
Client 6 uploaded with stats: loss=0.3235, grad_norm=19.8210, exec_time=0.00s
Client 29 trained in 0.75s (simulated: 0.00s)
Client 29 uploaded with stats: loss=0.0537, grad_norm=15.0381, exec_time=0.00s
Client 14 trained in 0.83s (simulated: 0.00s)
Client 14 uploaded with stats: loss=0.7211, grad_norm=23.5158, exec_time=0.00s
Client 23 trained in 0.83s (simulated: 0.00s)
Client 23 uploaded with stats: loss=0.2260, grad_norm=11.3619, exec_time=0.00s
Client 8 trained in 0.92s (simulated: 0.00s)
Client 8 uploaded with stats: loss=0.0786, grad_norm=8.4372, exec_time=0.00s
Client 45 trained in 0.94s (simulated: 0.00s)
Client 45 uploaded with stats: loss=0.2350, grad_norm=10.4269, exec_time=0.00s
Epoch(t): 116 accuracy: 74.05 loss 0.6574552899599075 run_time: 183.3684058189392
Current clients: 100, select: 10
| current_epoch 117 |. Begin client select
SchedulerThread select( 10 clients):
6 | 26 | 64 | 7 | 12 | 48 | 50 | 78 | 35 | 77 |
Client 12 trained in 0.58s (simulated: 0.00s)
Client 12 uploaded with stats: loss=0.3955, grad_norm=27.8082, exec_time=0.00s
Client 26 trained in 0.64s (simulated: 0.00s)
Client 26 uploaded with stats: loss=0.1886, grad_norm=17.1271, exec_time=0.00s
Client 77 trained in 0.65s (simulated: 0.00s)
Client 77 uploaded with stats: loss=0.4449, grad_norm=33.2566, exec_time=0.00s
Client 35 trained in 0.70s (simulated: 0.00s)
Client 35 uploaded with stats: loss=0.2616, grad_norm=18.2514, exec_time=0.00s
Client 78 trained in 0.75s (simulated: 0.00s)
Client 78 uploaded with stats: loss=0.2892, grad_norm=21.7283, exec_time=0.00s
Client 7 trained in 0.84s (simulated: 0.00s)
Client 7 uploaded with stats: loss=0.2230, grad_norm=10.6743, exec_time=0.00s
Client 50 trained in 0.88s (simulated: 0.00s)
Client 50 uploaded with stats: loss=0.2367, grad_norm=15.2910, exec_time=0.00s
Client 6 trained in 0.90s (simulated: 0.00s)
Client 6 uploaded with stats: loss=0.3144, grad_norm=16.7418, exec_time=0.00s
Client 48 trained in 0.93s (simulated: 0.00s)
Client 48 uploaded with stats: loss=0.4287, grad_norm=16.5362, exec_time=0.00s
Client 64 trained in 0.98s (simulated: 0.00s)
Client 64 uploaded with stats: loss=0.2212, grad_norm=14.9515, exec_time=0.00s
Epoch(t): 117 accuracy: 74.94 loss 0.6550794127583504 run_time: 184.9577465057373
Current clients: 100, select: 10
| current_epoch 118 |. Begin client select
SchedulerThread select( 10 clients):
20 | 26 | 77 | 50 | 55 | 47 | 31 | 53 | 86 | 78 |
-----------------------------------------------------------------Schedule complete
Client 47 trained in 0.57s (simulated: 0.00s)
Client 47 uploaded with stats: loss=0.3290, grad_norm=27.3328, exec_time=0.00s
Client 55 trained in 0.64s (simulated: 0.00s)
Client 55 uploaded with stats: loss=0.2852, grad_norm=16.6323, exec_time=0.00s
Client 78 trained in 0.75s (simulated: 0.00s)
Client 78 uploaded with stats: loss=0.2540, grad_norm=15.3449, exec_time=0.00s
Client 50 trained in 0.97s (simulated: 0.00s)
Client 50 uploaded with stats: loss=0.2423, grad_norm=18.5592, exec_time=0.00s
Client 26 trained in 0.99s (simulated: 0.00s)
Client 26 uploaded with stats: loss=0.1788, grad_norm=15.0717, exec_time=0.00s
Client 86 trained in 1.00s (simulated: 0.00s)
Client 86 uploaded with stats: loss=0.4968, grad_norm=33.5436, exec_time=0.00s
Client 77 trained in 1.01s (simulated: 0.00s)
Client 77 uploaded with stats: loss=0.4341, grad_norm=31.5522, exec_time=0.00s
Client 53 trained in 1.05s (simulated: 0.00s)
Client 53 uploaded with stats: loss=0.2944, grad_norm=25.5735, exec_time=0.00s
Client 20 trained in 1.05s (simulated: 0.00s)
Client 20 uploaded with stats: loss=0.1663, grad_norm=17.8184, exec_time=0.00s
Client 31 trained in 1.19s (simulated: 0.00s)
Client 31 uploaded with stats: loss=0.0978, grad_norm=10.6466, exec_time=0.00s
Epoch(t): 118 accuracy: 74.66 loss 0.6662684947252273 run_time: 186.76175904273987
Current clients: 100, select: 10
| current_epoch 119 |. Begin client select
SchedulerThread select( 10 clients):
25 | 43 | 99 | 70 | 3 | 37 | 67 | 34 | 17 | 42 |
-----------------------------------------------------------------Schedule complete
Client 70 trained in 0.47s (simulated: 0.00s)
Client 70 uploaded with stats: loss=0.3147, grad_norm=23.7860, exec_time=0.00s
Client 25 trained in 0.63s (simulated: 0.00s)
Client 25 uploaded with stats: loss=0.3532, grad_norm=26.8335, exec_time=0.00s
Client 37 trained in 0.63s (simulated: 0.00s)
Client 37 uploaded with stats: loss=0.3132, grad_norm=27.3332, exec_time=0.00s
Client 43 trained in 0.74s (simulated: 0.00s)
Client 43 uploaded with stats: loss=0.3091, grad_norm=36.6932, exec_time=0.00s
Client 17 trained in 0.74s (simulated: 0.00s)
Client 17 uploaded with stats: loss=0.1926, grad_norm=17.3748, exec_time=0.00s
Client 99 trained in 0.78s (simulated: 0.00s)
Client 99 uploaded with stats: loss=0.6640, grad_norm=31.2243, exec_time=0.00s
Client 42 trained in 0.88s (simulated: 0.00s)
Client 42 uploaded with stats: loss=0.2214, grad_norm=21.0176, exec_time=0.00s
Client 67 trained in 0.95s (simulated: 0.00s)
Client 67 uploaded with stats: loss=0.1707, grad_norm=13.7770, exec_time=0.00s
Client 3 trained in 0.95s (simulated: 0.00s)
Client 3 uploaded with stats: loss=0.1881, grad_norm=17.3880, exec_time=0.00s
Client 34 trained in 0.97s (simulated: 0.00s)
Client 34 uploaded with stats: loss=0.0832, grad_norm=6.0391, exec_time=0.00s
Epoch(t): 119 accuracy: 72.5 loss 0.6899071472883225 run_time: 188.35573720932007
Current clients: 100, select: 10
| current_epoch 120 |. Begin client select
SchedulerThread select( 10 clients):
39 | 86 | 25 | 99 | 26 | 87 | 60 | 83 | 97 | 7 |
-----------------------------------------------------------------Schedule complete
Client 60 trained in 0.37s (simulated: 0.00s)
Client 60 uploaded with stats: loss=0.1494, grad_norm=10.6488, exec_time=0.00s
Client 25 trained in 0.45s (simulated: 0.00s)
Client 25 uploaded with stats: loss=0.3338, grad_norm=24.4216, exec_time=0.00s
Client 99 trained in 0.47s (simulated: 0.00s)
Client 99 uploaded with stats: loss=0.6234, grad_norm=28.9974, exec_time=0.00s
Client 86 trained in 0.50s (simulated: 0.00s)
Client 86 uploaded with stats: loss=0.3888, grad_norm=25.3524, exec_time=0.00s
Client 97 trained in 0.64s (simulated: 0.00s)
Client 97 uploaded with stats: loss=0.7282, grad_norm=41.5606, exec_time=0.00s
Client 83 trained in 0.73s (simulated: 0.00s)
Client 83 uploaded with stats: loss=0.1416, grad_norm=19.2735, exec_time=0.00s
Client 26 trained in 0.77s (simulated: 0.00s)
Client 26 uploaded with stats: loss=0.1900, grad_norm=18.2226, exec_time=0.00s
Client 39 trained in 0.84s (simulated: 0.00s)
Client 39 uploaded with stats: loss=0.4943, grad_norm=27.5379, exec_time=0.00s
Client 7 trained in 0.83s (simulated: 0.00s)
Client 7 uploaded with stats: loss=0.2077, grad_norm=12.4654, exec_time=0.00s
Client 87 trained in 0.85s (simulated: 0.00s)
Client 87 uploaded with stats: loss=0.1000, grad_norm=20.4748, exec_time=0.00s
Epoch(t): 120 accuracy: 74.09 loss 0.6430142349004746 run_time: 189.86716890335083
Current clients: 100, select: 10
| current_epoch 121 |. Begin client select
SchedulerThread select( 10 clients):
26 | 87 | 70 | 91 | 31 | 25 | 48 | 27 | 95 | 52 |
-----------------------------------------------------------------Schedule complete
Client 70 trained in 0.48s (simulated: 0.00s)
Client 70 uploaded with stats: loss=0.2943, grad_norm=19.8666, exec_time=0.00s
Client 25 trained in 0.60s (simulated: 0.00s)
Client 25 uploaded with stats: loss=0.3804, grad_norm=29.7191, exec_time=0.00s
Client 27 trained in 0.59s (simulated: 0.00s)
Client 27 uploaded with stats: loss=0.5210, grad_norm=27.1431, exec_time=0.00s
Client 26 trained in 0.72s (simulated: 0.00s)
Client 26 uploaded with stats: loss=0.1769, grad_norm=14.4618, exec_time=0.00s
Client 95 trained in 0.80s (simulated: 0.00s)
Client 95 uploaded with stats: loss=0.1511, grad_norm=10.9731, exec_time=0.00s
Client 52 trained in 0.82s (simulated: 0.00s)
Client 52 uploaded with stats: loss=0.3924, grad_norm=19.4511, exec_time=0.00s
Client 91 trained in 0.93s (simulated: 0.00s)
Client 91 uploaded with stats: loss=0.0573, grad_norm=9.5718, exec_time=0.00s
Client 87 trained in 0.97s (simulated: 0.00s)
Client 87 uploaded with stats: loss=0.0715, grad_norm=8.6763, exec_time=0.00s
Client 48 trained in 1.06s (simulated: 0.00s)
Client 48 uploaded with stats: loss=0.4183, grad_norm=16.0603, exec_time=0.00s
Client 31 trained in 1.10s (simulated: 0.00s)
Client 31 uploaded with stats: loss=0.0972, grad_norm=11.4155, exec_time=0.00s
Epoch(t): 121 accuracy: 74.54 loss 0.6390031027793884 run_time: 191.53857254981995
Current clients: 100, select: 10
| current_epoch 122 |. Begin client select
SchedulerThread select( 10 clients):
60 | 75 | 12 | 53 | 86 | 99 | 35 | 80 | 83 | 39 |
-----------------------------------------------------------------Schedule complete
Client 60 trained in 0.32s (simulated: 0.00s)
Client 60 uploaded with stats: loss=0.1474, grad_norm=11.2504, exec_time=0.00s
Client 35 trained in 0.44s (simulated: 0.00s)
Client 35 uploaded with stats: loss=0.2434, grad_norm=16.3674, exec_time=0.00s
Client 80 trained in 0.47s (simulated: 0.00s)
Client 80 uploaded with stats: loss=0.2696, grad_norm=14.1105, exec_time=0.00s
Client 12 trained in 0.66s (simulated: 0.00s)
Client 12 uploaded with stats: loss=0.4038, grad_norm=30.4265, exec_time=0.00s
Client 75 trained in 0.64s (simulated: 0.00s)
Client 75 uploaded with stats: loss=0.6142, grad_norm=38.8939, exec_time=0.00s
Client 99 trained in 0.70s (simulated: 0.00s)
Client 99 uploaded with stats: loss=0.6084, grad_norm=26.0741, exec_time=0.00s
Client 86 trained in 0.82s (simulated: 0.00s)
Client 86 uploaded with stats: loss=0.4614, grad_norm=30.7111, exec_time=0.00s
Client 39 trained in 0.85s (simulated: 0.00s)
Client 39 uploaded with stats: loss=0.4166, grad_norm=13.2951, exec_time=0.00s
Client 53 trained in 0.85s (simulated: 0.00s)
Client 53 uploaded with stats: loss=0.2799, grad_norm=22.5845, exec_time=0.00s
Client 83 trained in 0.88s (simulated: 0.00s)
Client 83 uploaded with stats: loss=0.1130, grad_norm=9.6692, exec_time=0.00s
Epoch(t): 122 accuracy: 77.19 loss 0.6081031081080437 run_time: 193.0717375278473
Current clients: 100, select: 10
| current_epoch 123 |. Begin client select
SchedulerThread select( 10 clients):
2 | 16 | 99 | 73 | 71 | 7 | 1 | 26 | 42 | 69 |
-----------------------------------------------------------------Schedule complete
Client 71 trained in 0.41s (simulated: 0.00s)
Client 71 uploaded with stats: loss=0.2035, grad_norm=15.2809, exec_time=0.00s
Client 69 trained in 0.42s (simulated: 0.00s)
Client 69 uploaded with stats: loss=0.5871, grad_norm=20.6677, exec_time=0.00s
Client 16 trained in 0.44s (simulated: 0.00s)
Client 16 uploaded with stats: loss=0.4182, grad_norm=21.3630, exec_time=0.00s
Client 73 trained in 0.65s (simulated: 0.00s)
Client 73 uploaded with stats: loss=0.1495, grad_norm=13.2129, exec_time=0.00s
Client 1 trained in 0.69s (simulated: 0.00s)
Client 1 uploaded with stats: loss=0.2937, grad_norm=19.4755, exec_time=0.00s
Client 99 trained in 0.73s (simulated: 0.00s)
Client 99 uploaded with stats: loss=0.6212, grad_norm=28.0781, exec_time=0.00s
Client 26 trained in 0.78s (simulated: 0.00s)
Client 26 uploaded with stats: loss=0.1784, grad_norm=16.7640, exec_time=0.00s
Client 42 trained in 0.86s (simulated: 0.00s)
Client 42 uploaded with stats: loss=0.1809, grad_norm=14.1874, exec_time=0.00s
Client 7 trained in 0.92s (simulated: 0.00s)
Client 7 uploaded with stats: loss=0.2108, grad_norm=10.9749, exec_time=0.00s
Client 2 trained in 0.94s (simulated: 0.00s)
Client 2 uploaded with stats: loss=0.2108, grad_norm=21.4790, exec_time=0.00s
Epoch(t): 123 accuracy: 72.17 loss 0.6592778220772744 run_time: 194.64479279518127
Current clients: 100, select: 10
| current_epoch 124 |. Begin client select
SchedulerThread select( 10 clients):
40 | 79 | 37 | 77 | 87 | 25 | 31 | 70 | 19 | 2 |
-----------------------------------------------------------------Schedule complete
Client 70 trained in 0.49s (simulated: 0.00s)
Client 70 uploaded with stats: loss=0.3139, grad_norm=25.1329, exec_time=0.00s
Client 25 trained in 0.60s (simulated: 0.00s)
Client 25 uploaded with stats: loss=0.3525, grad_norm=24.8187, exec_time=0.00s
Client 37 trained in 0.69s (simulated: 0.00s)
Client 37 uploaded with stats: loss=0.3210, grad_norm=30.4489, exec_time=0.00s
Client 77 trained in 0.70s (simulated: 0.00s)
Client 77 uploaded with stats: loss=0.4466, grad_norm=34.6456, exec_time=0.00s
Client 40 trained in 0.73s (simulated: 0.00s)
Client 40 uploaded with stats: loss=0.2131, grad_norm=14.1278, exec_time=0.00s
Client 2 trained in 0.84s (simulated: 0.00s)
Client 2 uploaded with stats: loss=0.1937, grad_norm=18.2224, exec_time=0.00s
Client 79 trained in 0.94s (simulated: 0.00s)
Client 79 uploaded with stats: loss=0.1595, grad_norm=11.0077, exec_time=0.00s
Client 87 trained in 1.03s (simulated: 0.00s)
Client 87 uploaded with stats: loss=0.1089, grad_norm=22.2930, exec_time=0.00s
Client 19 trained in 1.04s (simulated: 0.00s)
Client 19 uploaded with stats: loss=0.1221, grad_norm=13.5099, exec_time=0.00s
Client 31 trained in 1.07s (simulated: 0.00s)
Client 31 uploaded with stats: loss=0.0837, grad_norm=10.4751, exec_time=0.00s
Epoch(t): 124 accuracy: 71.26 loss 0.7287680730223656 run_time: 196.29593515396118
Current clients: 100, select: 10
| current_epoch 125 |. Begin client select
SchedulerThread select( 10 clients):
39 | 99 | 25 | 1 | 78 | 47 | 38 | 27 | 53 | 80 |
-----------------------------------------------------------------Schedule complete
Client 38 trained in 0.42s (simulated: 0.00s)
Client 38 uploaded with stats: loss=0.4228, grad_norm=25.7453, exec_time=0.00s
Client 25 trained in 0.42s (simulated: 0.00s)
Client 25 uploaded with stats: loss=0.3515, grad_norm=25.0441, exec_time=0.00s
Client 27 trained in 0.54s (simulated: 0.00s)
Client 27 uploaded with stats: loss=0.5186, grad_norm=29.9579, exec_time=0.00s
Client 47 trained in 0.59s (simulated: 0.00s)
Client 47 uploaded with stats: loss=0.3318, grad_norm=28.7293, exec_time=0.00s
Client 80 trained in 0.70s (simulated: 0.00s)
Client 80 uploaded with stats: loss=0.2457, grad_norm=11.5979, exec_time=0.00s
Client 78 trained in 0.69s (simulated: 0.00s)
Client 78 uploaded with stats: loss=0.2899, grad_norm=23.4331, exec_time=0.00s
Client 1 trained in 0.78s (simulated: 0.00s)
Client 1 uploaded with stats: loss=0.2700, grad_norm=17.3864, exec_time=0.00s
Client 39 trained in 0.79s (simulated: 0.00s)
Client 39 uploaded with stats: loss=0.6780, grad_norm=39.3136, exec_time=0.00s
Client 99 trained in 0.80s (simulated: 0.00s)
Client 99 uploaded with stats: loss=0.6299, grad_norm=28.2084, exec_time=0.00s
Client 53 trained in 0.88s (simulated: 0.00s)
Client 53 uploaded with stats: loss=0.2407, grad_norm=14.7093, exec_time=0.00s
Epoch(t): 125 accuracy: 72.67 loss 0.6703423109650611 run_time: 197.79184699058533
Current clients: 100, select: 10
| current_epoch 126 |. Begin client select
SchedulerThread select( 10 clients):
83 | 60 | 47 | 38 | 66 | 12 | 34 | 69 | 97 | 71 |
-----------------------------------------------------------------Schedule complete
Client 47 trained in 0.42s (simulated: 0.00s)
Client 47 uploaded with stats: loss=0.2771, grad_norm=18.9066, exec_time=0.00s
Client 71 trained in 0.55s (simulated: 0.00s)
Client 71 uploaded with stats: loss=0.1995, grad_norm=15.8476, exec_time=0.00s
Client 12 trained in 0.58s (simulated: 0.00s)
Client 12 uploaded with stats: loss=0.4095, grad_norm=30.4728, exec_time=0.00s
Client 38 trained in 0.62s (simulated: 0.00s)
Client 38 uploaded with stats: loss=0.4050, grad_norm=23.8203, exec_time=0.00s
Client 60 trained in 0.66s (simulated: 0.00s)
Client 60 uploaded with stats: loss=0.1750, grad_norm=19.8719, exec_time=0.00s
Client 97 trained in 0.74s (simulated: 0.00s)
Client 97 uploaded with stats: loss=0.5710, grad_norm=32.9687, exec_time=0.00s
Client 69 trained in 0.75s (simulated: 0.00s)
Client 69 uploaded with stats: loss=0.5810, grad_norm=21.1564, exec_time=0.00s
Client 83 trained in 0.86s (simulated: 0.00s)
Client 83 uploaded with stats: loss=0.1315, grad_norm=15.7724, exec_time=0.00s
Client 66 trained in 0.86s (simulated: 0.00s)
Client 66 uploaded with stats: loss=0.1104, grad_norm=21.5095, exec_time=0.00s
Client 34 trained in 0.89s (simulated: 0.00s)
Client 34 uploaded with stats: loss=0.0939, grad_norm=8.7868, exec_time=0.00s
Epoch(t): 126 accuracy: 76.71 loss 0.6161683934926987 run_time: 199.29834175109863
Current clients: 100, select: 10
| current_epoch 127 |. Begin client select
SchedulerThread select( 10 clients):
34 | 36 | 26 | 83 | 12 | 86 | 47 | 77 | 33 | 1 |
-----------------------------------------------------------------Schedule complete
Client 77 trained in 0.56s (simulated: 0.00s)
Client 77 uploaded with stats: loss=0.4313, grad_norm=31.3019, exec_time=0.00s
Client 12 trained in 0.62s (simulated: 0.00s)
Client 12 uploaded with stats: loss=0.3777, grad_norm=24.1900, exec_time=0.00s
Client 47 trained in 0.60s (simulated: 0.00s)
Client 47 uploaded with stats: loss=0.2880, grad_norm=22.1013, exec_time=0.00s
Client 26 trained in 0.61s (simulated: 0.00s)
Client 26 uploaded with stats: loss=0.1779, grad_norm=15.3964, exec_time=0.00s
Client 1 trained in 0.75s (simulated: 0.00s)
Client 1 uploaded with stats: loss=0.2528, grad_norm=11.1374, exec_time=0.00s
Client 36 trained in 0.81s (simulated: 0.00s)
Client 36 uploaded with stats: loss=0.1189, grad_norm=18.4570, exec_time=0.00s
Client 86 trained in 0.87s (simulated: 0.00s)
Client 86 uploaded with stats: loss=0.4306, grad_norm=27.2319, exec_time=0.00s
Client 83 trained in 0.88s (simulated: 0.00s)
Client 83 uploaded with stats: loss=0.1196, grad_norm=12.4905, exec_time=0.00s
Client 33 trained in 0.91s (simulated: 0.00s)
Client 33 uploaded with stats: loss=0.1406, grad_norm=17.6613, exec_time=0.00s
Client 34 trained in 0.94s (simulated: 0.00s)
Client 34 uploaded with stats: loss=0.0689, grad_norm=6.2908, exec_time=0.00s
Epoch(t): 127 accuracy: 75.87 loss 0.6497975978255272 run_time: 200.88766860961914
Current clients: 100, select: 10
| current_epoch 128 |. Begin client select
SchedulerThread select( 10 clients):
96 | 95 | 10 | 78 | 37 | 77 | 35 | 31 | 39 | 1 |
-----------------------------------------------------------------Schedule complete
Client 35 trained in 0.51s (simulated: 0.00s)
Client 35 uploaded with stats: loss=0.2473, grad_norm=18.3338, exec_time=0.00s
Client 78 trained in 0.62s (simulated: 0.00s)
Client 78 uploaded with stats: loss=0.2545, grad_norm=15.2711, exec_time=0.00s
Client 77 trained in 0.68s (simulated: 0.00s)
Client 77 uploaded with stats: loss=0.4297, grad_norm=32.1132, exec_time=0.00s
Client 95 trained in 0.75s (simulated: 0.00s)
Client 95 uploaded with stats: loss=0.1593, grad_norm=11.0087, exec_time=0.00s
Client 37 trained in 0.79s (simulated: 0.00s)
Client 37 uploaded with stats: loss=0.3208, grad_norm=30.1814, exec_time=0.00s
Client 1 trained in 0.84s (simulated: 0.00s)
Client 1 uploaded with stats: loss=0.2603, grad_norm=13.1205, exec_time=0.00s
Client 10 trained in 0.89s (simulated: 0.00s)
Client 10 uploaded with stats: loss=0.3590, grad_norm=18.1209, exec_time=0.00s
Client 31 trained in 0.95s (simulated: 0.00s)
Client 39 trained in 0.94s (simulated: 0.00s)
Client 31 uploaded with stats: loss=0.1017, grad_norm=15.6305, exec_time=0.00s
Client 39 uploaded with stats: loss=0.4407, grad_norm=17.1757, exec_time=0.00s
Client 96 trained in 0.96s (simulated: 0.00s)
Client 96 uploaded with stats: loss=0.0971, grad_norm=8.2704, exec_time=0.00s
Epoch(t): 128 accuracy: 69.59 loss 0.7780825406312942 run_time: 202.44105577468872
Current clients: 100, select: 10
| current_epoch 129 |. Begin client select
SchedulerThread select( 10 clients):
80 | 38 | 16 | 5 | 35 | 27 | 43 | 26 | 54 | 25 |
-----------------------------------------------------------------Schedule complete
Client 38 trained in 0.54s (simulated: 0.00s)
Client 38 uploaded with stats: loss=0.4038, grad_norm=23.9929, exec_time=0.00s
Client 25 trained in 0.55s (simulated: 0.00s)
Client 25 uploaded with stats: loss=0.3516, grad_norm=26.8502, exec_time=0.00s
Client 27 trained in 0.65s (simulated: 0.00s)
Client 27 uploaded with stats: loss=0.5291, grad_norm=29.4880, exec_time=0.00s
Client 26 trained in 0.65s (simulated: 0.00s)
Client 26 uploaded with stats: loss=0.1754, grad_norm=14.9536, exec_time=0.00s
Client 35 trained in 0.80s (simulated: 0.00s)
Client 35 uploaded with stats: loss=0.2426, grad_norm=16.3364, exec_time=0.00s
Client 16 trained in 0.85s (simulated: 0.00s)
Client 16 uploaded with stats: loss=0.4003, grad_norm=18.9301, exec_time=0.00s
Client 5 trained in 1.00s (simulated: 0.00s)
Client 5 uploaded with stats: loss=0.3144, grad_norm=19.6309, exec_time=0.00s
Client 80 trained in 1.04s (simulated: 0.00s)
Client 80 uploaded with stats: loss=0.2472, grad_norm=12.4023, exec_time=0.00s
Client 54 trained in 1.06s (simulated: 0.00s)
Client 54 uploaded with stats: loss=0.1609, grad_norm=10.3893, exec_time=0.00s
Client 43 trained in 1.09s (simulated: 0.00s)
Client 43 uploaded with stats: loss=0.3536, grad_norm=41.2888, exec_time=0.00s
Epoch(t): 129 accuracy: 71.59 loss 0.7059718006849289 run_time: 204.1282467842102
Current clients: 100, select: 10
| current_epoch 130 |. Begin client select
SchedulerThread select( 10 clients):
52 | 5 | 40 | 77 | 17 | 26 | 97 | 27 | 37 | 73 |
-----------------------------------------------------------------Schedule complete
Client 77 trained in 0.82s (simulated: 0.00s)
Client 77 uploaded with stats: loss=0.4160, grad_norm=29.1026, exec_time=0.00s
Client 26 trained in 0.83s (simulated: 0.00s)
Client 26 uploaded with stats: loss=0.1723, grad_norm=15.4601, exec_time=0.00s
Client 37 trained in 0.97s (simulated: 0.00s)
Client 37 uploaded with stats: loss=0.2909, grad_norm=25.4427, exec_time=0.00s
Client 17 trained in 1.12s (simulated: 0.00s)
Client 17 uploaded with stats: loss=0.1969, grad_norm=19.3202, exec_time=0.00s
Client 5 trained in 1.15s (simulated: 0.00s)
Client 5 uploaded with stats: loss=0.3016, grad_norm=15.3645, exec_time=0.00s
Client 27 trained in 1.19s (simulated: 0.00s)
Client 27 uploaded with stats: loss=0.4895, grad_norm=24.1126, exec_time=0.00s
Client 73 trained in 1.30s (simulated: 0.00s)
Client 73 uploaded with stats: loss=0.1432, grad_norm=13.5157, exec_time=0.00s
Client 97 trained in 1.32s (simulated: 0.00s)
Client 97 uploaded with stats: loss=0.6773, grad_norm=39.9261, exec_time=0.00s
Client 52 trained in 1.36s (simulated: 0.00s)
Client 52 uploaded with stats: loss=0.4011, grad_norm=25.5154, exec_time=0.00s
Client 40 trained in 1.36s (simulated: 0.00s)
Client 40 uploaded with stats: loss=0.2036, grad_norm=13.7866, exec_time=0.00s
Epoch(t): 130 accuracy: 70.18 loss 0.7429902923107147 run_time: 206.09196138381958
Current clients: 100, select: 10
| current_epoch 131 |. Begin client select
SchedulerThread select( 10 clients):
75 | 99 | 12 | 7 | 77 | 44 | 53 | 45 | 6 | 49 |
-----------------------------------------------------------------Schedule complete
Client 99 trained in 0.38s (simulated: 0.00s)
Client 99 uploaded with stats: loss=0.6266, grad_norm=29.5727, exec_time=0.00s
Client 75 trained in 0.39s (simulated: 0.00s)
Client 75 uploaded with stats: loss=0.5645, grad_norm=36.7217, exec_time=0.00s
Client 12 trained in 0.67s (simulated: 0.00s)
Client 12 uploaded with stats: loss=0.3820, grad_norm=25.8911, exec_time=0.00s
Client 53 trained in 0.73s (simulated: 0.00s)
Client 53 uploaded with stats: loss=0.2971, grad_norm=27.3969, exec_time=0.00s
Client 44 trained in 0.80s (simulated: 0.00s)
Client 44 uploaded with stats: loss=0.0743, grad_norm=8.1479, exec_time=0.00s
Client 77 trained in 0.82s (simulated: 0.00s)
Client 77 uploaded with stats: loss=0.4159, grad_norm=31.3999, exec_time=0.00s
Client 7 trained in 0.88s (simulated: 0.00s)
Client 7 uploaded with stats: loss=0.2272, grad_norm=14.9800, exec_time=0.00s
Client 6 trained in 0.88s (simulated: 0.00s)
Client 6 uploaded with stats: loss=0.3282, grad_norm=21.6744, exec_time=0.00s
Client 49 trained in 0.89s (simulated: 0.00s)
Client 49 uploaded with stats: loss=0.3238, grad_norm=17.9507, exec_time=0.00s
Client 45 trained in 0.98s (simulated: 0.00s)
Client 45 uploaded with stats: loss=0.2518, grad_norm=14.8289, exec_time=0.00s
Epoch(t): 131 accuracy: 67.02 loss 0.7953069800138474 run_time: 207.68585085868835
Current clients: 100, select: 10
| current_epoch 132 |. Begin client select
SchedulerThread select( 10 clients):
5 | 16 | 38 | 77 | 96 | 71 | 26 | 42 | 70 | 99 |
-----------------------------------------------------------------Schedule complete
Client 38 trained in 0.64s (simulated: 0.00s)
Client 38 uploaded with stats: loss=0.4258, grad_norm=27.7433, exec_time=0.00s
Client 77 trained in 0.70s (simulated: 0.00s)
Client 77 uploaded with stats: loss=0.4062, grad_norm=29.0257, exec_time=0.00s
Client 26 trained in 0.72s (simulated: 0.00s)
Client 26 uploaded with stats: loss=0.1814, grad_norm=18.7763, exec_time=0.00s
Client 70 trained in 0.73s (simulated: 0.00s)
Client 70 uploaded with stats: loss=0.3203, grad_norm=26.5045, exec_time=0.00s
Client 5 trained in 0.93s (simulated: 0.00s)
Client 5 uploaded with stats: loss=0.3285, grad_norm=25.1184, exec_time=0.00s
Client 71 trained in 1.04s (simulated: 0.00s)
Client 71 uploaded with stats: loss=0.1890, grad_norm=15.1482, exec_time=0.00s
Client 16 trained in 1.07s (simulated: 0.00s)
Client 16 uploaded with stats: loss=0.4200, grad_norm=23.0892, exec_time=0.00s
Client 99 trained in 1.07s (simulated: 0.00s)
Client 99 uploaded with stats: loss=0.5550, grad_norm=21.6598, exec_time=0.00s
Client 42 trained in 1.15s (simulated: 0.00s)
Client 42 uploaded with stats: loss=0.1863, grad_norm=15.4221, exec_time=0.00s
Client 96 trained in 1.20s (simulated: 0.00s)
Client 96 uploaded with stats: loss=0.0928, grad_norm=8.1859, exec_time=0.00s
Epoch(t): 132 accuracy: 71.55 loss 0.7176420146226883 run_time: 209.53517985343933
Current clients: 100, select: 10
| current_epoch 133 |. Begin client select
SchedulerThread select( 10 clients):
71 | 60 | 56 | 20 | 27 | 75 | 77 | 79 | 96 | 16 |
-----------------------------------------------------------------Schedule complete
Client 16 trained in 0.45s (simulated: 0.00s)
Client 16 uploaded with stats: loss=0.3969, grad_norm=19.1498, exec_time=0.00s
Client 71 trained in 0.45s (simulated: 0.00s)
Client 71 uploaded with stats: loss=0.1892, grad_norm=12.2309, exec_time=0.00s
Client 60 trained in 0.59s (simulated: 0.00s)
Client 60 uploaded with stats: loss=0.1853, grad_norm=18.1430, exec_time=0.00s
Client 27 trained in 0.74s (simulated: 0.00s)
Client 27 uploaded with stats: loss=0.5176, grad_norm=30.3014, exec_time=0.00s
Client 75 trained in 0.77s (simulated: 0.00s)
Client 75 uploaded with stats: loss=0.4955, grad_norm=31.4424, exec_time=0.00s
Client 79 trained in 0.81s (simulated: 0.00s)
Client 79 uploaded with stats: loss=0.1918, grad_norm=16.5763, exec_time=0.00s
Client 77 trained in 0.84s (simulated: 0.00s)
Client 77 uploaded with stats: loss=0.4021, grad_norm=27.3319, exec_time=0.00s
Client 20 trained in 1.00s (simulated: 0.00s)
Client 20 uploaded with stats: loss=0.1580, grad_norm=16.7219, exec_time=0.00s
Client 96 trained in 1.00s (simulated: 0.00s)
Client 96 uploaded with stats: loss=0.0884, grad_norm=7.9078, exec_time=0.00s
Client 56 trained in 1.02s (simulated: 0.00s)
Client 56 uploaded with stats: loss=0.1046, grad_norm=11.9062, exec_time=0.00s
Epoch(t): 133 accuracy: 75.01 loss 0.6435175722837448 run_time: 211.20364928245544
Current clients: 100, select: 10
| current_epoch 134 |. Begin client select
SchedulerThread select( 10 clients):
86 | 35 | 31 | 37 | 88 | 12 | 77 | 79 | 78 | 25 |
-----------------------------------------------------------------Schedule complete
Client 12 trained in 0.54s (simulated: 0.00s)
Client 12 uploaded with stats: loss=0.3718, grad_norm=24.8584, exec_time=0.00s
Client 25 trained in 0.57s (simulated: 0.00s)
Client 25 uploaded with stats: loss=0.3459, grad_norm=26.8964, exec_time=0.00s
Client 77 trained in 0.64s (simulated: 0.00s)
Client 77 uploaded with stats: loss=0.3915, grad_norm=25.4002, exec_time=0.00s
Client 37 trained in 0.71s (simulated: 0.00s)
Client 37 uploaded with stats: loss=0.3013, grad_norm=28.7812, exec_time=0.00s
Client 35 trained in 0.81s (simulated: 0.00s)
Client 35 uploaded with stats: loss=0.2314, grad_norm=14.4780, exec_time=0.00s
Client 86 trained in 0.85s (simulated: 0.00s)
Client 86 uploaded with stats: loss=0.4683, grad_norm=30.4586, exec_time=0.00s
Client 78 trained in 0.88s (simulated: 0.00s)
Client 78 uploaded with stats: loss=0.2625, grad_norm=18.4129, exec_time=0.00s
Client 79 trained in 0.94s (simulated: 0.00s)
Client 79 uploaded with stats: loss=0.1758, grad_norm=14.2885, exec_time=0.00s
Client 88 trained in 0.96s (simulated: 0.00s)
Client 88 uploaded with stats: loss=0.1340, grad_norm=9.9091, exec_time=0.00s
Client 31 trained in 1.01s (simulated: 0.00s)
Client 31 uploaded with stats: loss=0.0896, grad_norm=9.2258, exec_time=0.00s
Epoch(t): 134 accuracy: 65.62 loss 0.8855785161256791 run_time: 212.74513268470764
Current clients: 100, select: 10
| current_epoch 135 |. Begin client select
SchedulerThread select( 10 clients):
2 | 37 | 19 | 10 | 83 | 17 | 35 | 80 | 40 | 93 |
-----------------------------------------------------------------Schedule complete
Client 37 trained in 0.67s (simulated: 0.00s)
Client 37 uploaded with stats: loss=0.2860, grad_norm=25.2633, exec_time=0.00s
Client 35 trained in 0.68s (simulated: 0.00s)
Client 35 uploaded with stats: loss=0.2445, grad_norm=17.4089, exec_time=0.00s
Client 80 trained in 0.77s (simulated: 0.00s)
Client 80 uploaded with stats: loss=0.2397, grad_norm=11.3965, exec_time=0.00s
Client 93 trained in 0.81s (simulated: 0.00s)
Client 93 uploaded with stats: loss=0.2144, grad_norm=20.8973, exec_time=0.00s
Client 17 trained in 0.91s (simulated: 0.00s)
Client 17 uploaded with stats: loss=0.1820, grad_norm=16.3208, exec_time=0.00s
Client 40 trained in 0.98s (simulated: 0.00s)
Client 40 uploaded with stats: loss=0.2216, grad_norm=15.0992, exec_time=0.00s
Client 83 trained in 1.03s (simulated: 0.00s)
Client 83 uploaded with stats: loss=0.2018, grad_norm=35.3034, exec_time=0.00s
Client 2 trained in 1.10s (simulated: 0.00s)
Client 2 uploaded with stats: loss=0.2067, grad_norm=22.9148, exec_time=0.00s
Client 10 trained in 1.13s (simulated: 0.00s)
Client 10 uploaded with stats: loss=0.4088, grad_norm=29.2923, exec_time=0.00s
Client 19 trained in 1.12s (simulated: 0.00s)
Client 19 uploaded with stats: loss=0.1056, grad_norm=11.9264, exec_time=0.00s
Epoch(t): 135 accuracy: 73.97 loss 0.706295200586319 run_time: 214.4662470817566
Current clients: 100, select: 10
| current_epoch 136 |. Begin client select
SchedulerThread select( 10 clients):
27 | 37 | 7 | 26 | 20 | 80 | 47 | 69 | 35 | 6 |
-----------------------------------------------------------------Schedule complete
Client 37 trained in 0.81s (simulated: 0.00s)
Client 37 uploaded with stats: loss=0.2884, grad_norm=25.6290, exec_time=0.00s
Client 26 trained in 0.83s (simulated: 0.00s)
Client 26 uploaded with stats: loss=0.1758, grad_norm=17.5182, exec_time=0.00s
Client 27 trained in 0.85s (simulated: 0.00s)
Client 27 uploaded with stats: loss=0.5105, grad_norm=28.5819, exec_time=0.00s
Client 35 trained in 0.85s (simulated: 0.00s)
Client 35 uploaded with stats: loss=0.2273, grad_norm=14.9553, exec_time=0.00s
Client 47 trained in 1.02s (simulated: 0.00s)
Client 47 uploaded with stats: loss=0.3127, grad_norm=26.9055, exec_time=0.00s
Client 80 trained in 1.13s (simulated: 0.00s)
Client 80 uploaded with stats: loss=0.2407, grad_norm=12.1525, exec_time=0.00s
Client 69 trained in 1.19s (simulated: 0.00s)
Client 69 uploaded with stats: loss=0.5802, grad_norm=22.0240, exec_time=0.00s
Client 7 trained in 1.24s (simulated: 0.00s)
Client 7 uploaded with stats: loss=0.1993, grad_norm=11.2659, exec_time=0.00s
Client 6 trained in 1.28s (simulated: 0.00s)
Client 6 uploaded with stats: loss=0.3081, grad_norm=16.6527, exec_time=0.00s
Client 20 trained in 1.35s (simulated: 0.00s)
Client 20 uploaded with stats: loss=0.1805, grad_norm=24.2115, exec_time=0.00s
Epoch(t): 136 accuracy: 73.88 loss 0.662130765914917 run_time: 216.42739725112915
Current clients: 100, select: 10
| current_epoch 137 |. Begin client select
SchedulerThread select( 10 clients):
77 | 69 | 1 | 79 | 39 | 19 | 17 | 12 | 48 | 6 |
-----------------------------------------------------------------Schedule complete
Client 69 trained in 0.49s (simulated: 0.00s)
Client 69 uploaded with stats: loss=0.5699, grad_norm=22.9558, exec_time=0.00s
Client 12 trained in 0.59s (simulated: 0.00s)
Client 12 uploaded with stats: loss=0.3876, grad_norm=29.8189, exec_time=0.00s
Client 77 trained in 0.69s (simulated: 0.00s)
Client 77 uploaded with stats: loss=0.4047, grad_norm=29.1081, exec_time=0.00s
Client 1 trained in 0.70s (simulated: 0.00s)
Client 1 uploaded with stats: loss=0.2589, grad_norm=15.8776, exec_time=0.00s
Client 6 trained in 0.83s (simulated: 0.00s)
Client 6 uploaded with stats: loss=0.3191, grad_norm=21.7503, exec_time=0.00s
Client 17 trained in 0.88s (simulated: 0.00s)
Client 17 uploaded with stats: loss=0.1838, grad_norm=18.3831, exec_time=0.00s
Client 79 trained in 0.92s (simulated: 0.00s)
Client 79 uploaded with stats: loss=0.1771, grad_norm=14.3198, exec_time=0.00s
Client 39 trained in 0.93s (simulated: 0.00s)
Client 39 uploaded with stats: loss=0.4364, grad_norm=16.3862, exec_time=0.00s
Client 19 trained in 0.96s (simulated: 0.00s)
Client 19 uploaded with stats: loss=0.1092, grad_norm=12.5374, exec_time=0.00s
Client 48 trained in 0.97s (simulated: 0.00s)
Client 48 uploaded with stats: loss=0.4337, grad_norm=20.0761, exec_time=0.00s
Epoch(t): 137 accuracy: 66.62 loss 0.8322039985656738 run_time: 218.03597211837769
Current clients: 100, select: 10
| current_epoch 138 |. Begin client select
SchedulerThread select( 10 clients):
69 | 41 | 75 | 12 | 27 | 5 | 8 | 86 | 90 | 37 |
-----------------------------------------------------------------Schedule complete
Client 12 trained in 0.62s (simulated: 0.00s)
Client 12 uploaded with stats: loss=0.3703, grad_norm=26.9208, exec_time=0.00s
Client 5 trained in 0.62s (simulated: 0.00s)
Client 5 uploaded with stats: loss=0.3294, grad_norm=22.4471, exec_time=0.00s
Client 37 trained in 0.66s (simulated: 0.00s)
Client 37 uploaded with stats: loss=0.2877, grad_norm=25.7900, exec_time=0.00s
Client 27 trained in 0.68s (simulated: 0.00s)
Client 27 uploaded with stats: loss=0.5015, grad_norm=28.2109, exec_time=0.00s
Client 69 trained in 0.72s (simulated: 0.00s)
Client 69 uploaded with stats: loss=0.5359, grad_norm=17.4884, exec_time=0.00s
Client 75 trained in 0.88s (simulated: 0.00s)
Client 75 uploaded with stats: loss=0.5577, grad_norm=39.7349, exec_time=0.00s
Client 86 trained in 0.91s (simulated: 0.00s)
Client 86 uploaded with stats: loss=0.5368, grad_norm=36.1478, exec_time=0.00s
Client 41 trained in 0.92s (simulated: 0.00s)
Client 41 uploaded with stats: loss=0.2042, grad_norm=16.0675, exec_time=0.00s
Client 90 trained in 1.00s (simulated: 0.00s)
Client 90 uploaded with stats: loss=0.2154, grad_norm=14.1059, exec_time=0.00s
Client 8 trained in 1.02s (simulated: 0.00s)
Client 8 uploaded with stats: loss=0.0865, grad_norm=12.9833, exec_time=0.00s
Epoch(t): 138 accuracy: 66.36 loss 0.7542972368001938 run_time: 219.68307948112488
Current clients: 100, select: 10
| current_epoch 139 |. Begin client select
SchedulerThread select( 10 clients):
69 | 83 | 43 | 22 | 6 | 56 | 70 | 48 | 95 | 16 |
-----------------------------------------------------------------Schedule complete
Client 16 trained in 0.43s (simulated: 0.00s)
Client 16 uploaded with stats: loss=0.3821, grad_norm=18.0720, exec_time=0.00s
Client 69 trained in 0.48s (simulated: 0.00s)
Client 69 uploaded with stats: loss=0.5023, grad_norm=16.4626, exec_time=0.00s
Client 70 trained in 0.55s (simulated: 0.00s)
Client 70 uploaded with stats: loss=0.2940, grad_norm=21.9802, exec_time=0.00s
Client 95 trained in 0.57s (simulated: 0.00s)
Client 95 uploaded with stats: loss=0.1578, grad_norm=11.3154, exec_time=0.00s
Client 43 trained in 0.67s (simulated: 0.00s)
Client 43 uploaded with stats: loss=0.2479, grad_norm=31.3121, exec_time=0.00s
Client 6 trained in 0.76s (simulated: 0.00s)
Client 6 uploaded with stats: loss=0.3306, grad_norm=23.6362, exec_time=0.00s
Client 83 trained in 0.87s (simulated: 0.00s)
Client 83 uploaded with stats: loss=0.1711, grad_norm=28.4688, exec_time=0.00s
Client 48 trained in 0.92s (simulated: 0.00s)
Client 48 uploaded with stats: loss=0.3960, grad_norm=15.7383, exec_time=0.00s
Client 56 trained in 0.93s (simulated: 0.00s)
Client 56 uploaded with stats: loss=0.0858, grad_norm=10.1632, exec_time=0.00s
Client 22 trained in 0.97s (simulated: 0.00s)
Client 22 uploaded with stats: loss=0.0654, grad_norm=7.8255, exec_time=0.00s
Epoch(t): 139 accuracy: 78.28 loss 0.6049331158399582 run_time: 221.26434326171875
Current clients: 100, select: 10
| current_epoch 140 |. Begin client select
SchedulerThread select( 10 clients):
37 | 77 | 95 | 17 | 6 | 86 | 84 | 49 | 27 | 38 |
-----------------------------------------------------------------Schedule complete
Client 37 trained in 0.76s (simulated: 0.00s)
Client 37 uploaded with stats: loss=0.2970, grad_norm=27.2971, exec_time=0.00s
Client 77 trained in 0.86s (simulated: 0.00s)
Client 77 uploaded with stats: loss=0.4099, grad_norm=29.3659, exec_time=0.00s
Client 17 trained in 0.87s (simulated: 0.00s)
Client 17 uploaded with stats: loss=0.1742, grad_norm=15.3527, exec_time=0.00s
Client 27 trained in 1.09s (simulated: 0.00s)
Client 27 uploaded with stats: loss=0.4940, grad_norm=26.7755, exec_time=0.00s
Client 95 trained in 1.18s (simulated: 0.00s)
Client 95 uploaded with stats: loss=0.1491, grad_norm=9.9409, exec_time=0.00s
Client 38 trained in 1.21s (simulated: 0.00s)
Client 38 uploaded with stats: loss=0.4066, grad_norm=24.3730, exec_time=0.00s
Client 86 trained in 1.32s (simulated: 0.00s)
Client 86 uploaded with stats: loss=0.4320, grad_norm=28.7533, exec_time=0.00s
Client 49 trained in 1.32s (simulated: 0.00s)
Client 49 uploaded with stats: loss=0.2976, grad_norm=14.1923, exec_time=0.00s
Client 6 trained in 1.34s (simulated: 0.00s)
Client 6 uploaded with stats: loss=0.2939, grad_norm=14.4513, exec_time=0.00s
Client 84 trained in 1.34s (simulated: 0.00s)
Client 84 uploaded with stats: loss=0.1492, grad_norm=11.1790, exec_time=0.00s
Epoch(t): 140 accuracy: 69.1 loss 0.7617078202962876 run_time: 223.26678729057312
Current clients: 100, select: 10
| current_epoch 141 |. Begin client select
SchedulerThread select( 10 clients):
55 | 78 | 40 | 87 | 90 | 12 | 45 | 77 | 27 | 96 |
-----------------------------------------------------------------Schedule complete
Client 12 trained in 0.52s (simulated: 0.00s)
Client 12 uploaded with stats: loss=0.3571, grad_norm=23.2475, exec_time=0.00s
Client 55 trained in 0.58s (simulated: 0.00s)
Client 55 uploaded with stats: loss=0.2635, grad_norm=15.5388, exec_time=0.00s
Client 77 trained in 0.59s (simulated: 0.00s)
Client 77 uploaded with stats: loss=0.3996, grad_norm=30.0106, exec_time=0.00s
Client 27 trained in 0.60s (simulated: 0.00s)
Client 27 uploaded with stats: loss=0.5079, grad_norm=29.9369, exec_time=0.00s
Client 78 trained in 0.76s (simulated: 0.00s)
Client 78 uploaded with stats: loss=0.2850, grad_norm=24.3014, exec_time=0.00s
Client 40 trained in 0.90s (simulated: 0.00s)
Client 40 uploaded with stats: loss=0.2201, grad_norm=16.5320, exec_time=0.00s
Client 90 trained in 0.98s (simulated: 0.00s)
Client 90 uploaded with stats: loss=0.2081, grad_norm=15.1878, exec_time=0.00s
Client 87 trained in 0.99s (simulated: 0.00s)
Client 87 uploaded with stats: loss=0.1152, grad_norm=27.1757, exec_time=0.00s
Client 45 trained in 1.00s (simulated: 0.00s)
Client 45 uploaded with stats: loss=0.2257, grad_norm=11.2108, exec_time=0.00s
Client 96 trained in 1.04s (simulated: 0.00s)
Client 96 uploaded with stats: loss=0.0880, grad_norm=8.8791, exec_time=0.00s
Epoch(t): 141 accuracy: 76.58 loss 0.6086366474628448 run_time: 224.96135425567627
Current clients: 100, select: 10
| current_epoch 142 |. Begin client select
SchedulerThread select( 10 clients):
83 | 31 | 16 | 17 | 8 | 49 | 45 | 37 | 43 | 56 |
-----------------------------------------------------------------Schedule complete
Client 16 trained in 0.37s (simulated: 0.00s)
Client 16 uploaded with stats: loss=0.3777, grad_norm=18.6130, exec_time=0.00s
Client 43 trained in 0.54s (simulated: 0.00s)
Client 43 uploaded with stats: loss=0.1887, grad_norm=21.1902, exec_time=0.00s
Client 37 trained in 0.67s (simulated: 0.00s)
Client 37 uploaded with stats: loss=0.2868, grad_norm=26.7956, exec_time=0.00s
Client 83 trained in 0.69s (simulated: 0.00s)
Client 83 uploaded with stats: loss=0.1237, grad_norm=16.0048, exec_time=0.00s
Client 17 trained in 0.80s (simulated: 0.00s)
Client 17 uploaded with stats: loss=0.1731, grad_norm=15.9692, exec_time=0.00s
Client 31 trained in 0.84s (simulated: 0.00s)
Client 31 uploaded with stats: loss=0.0920, grad_norm=10.2139, exec_time=0.00s
Client 56 trained in 0.86s (simulated: 0.00s)
Client 56 uploaded with stats: loss=0.0932, grad_norm=9.8703, exec_time=0.00s
Client 49 trained in 0.91s (simulated: 0.00s)
Client 49 uploaded with stats: loss=0.3040, grad_norm=17.6470, exec_time=0.00s
Client 45 trained in 0.97s (simulated: 0.00s)
Client 45 uploaded with stats: loss=0.2353, grad_norm=11.9421, exec_time=0.00s
Client 8 trained in 0.99s (simulated: 0.00s)
Client 8 uploaded with stats: loss=0.0741, grad_norm=11.3315, exec_time=0.00s
Epoch(t): 142 accuracy: 73.41 loss 0.6810810482501983 run_time: 226.53095054626465
Current clients: 100, select: 10
| current_epoch 143 |. Begin client select
SchedulerThread select( 10 clients):
75 | 17 | 50 | 64 | 8 | 39 | 31 | 73 | 7 | 16 |
-----------------------------------------------------------------Schedule complete
Client 16 trained in 0.30s (simulated: 0.00s)
Client 16 uploaded with stats: loss=0.4233, grad_norm=24.6450, exec_time=0.00s
Client 75 trained in 0.32s (simulated: 0.00s)
Client 75 uploaded with stats: loss=0.5098, grad_norm=35.3030, exec_time=0.00s
Client 73 trained in 0.49s (simulated: 0.00s)
Client 73 uploaded with stats: loss=0.1338, grad_norm=13.9660, exec_time=0.00s
Client 50 trained in 0.62s (simulated: 0.00s)
Client 50 uploaded with stats: loss=0.2213, grad_norm=14.3292, exec_time=0.00s
Client 17 trained in 0.65s (simulated: 0.00s)
Client 17 uploaded with stats: loss=0.1652, grad_norm=15.5351, exec_time=0.00s
Client 31 trained in 0.77s (simulated: 0.00s)
Client 31 uploaded with stats: loss=0.0756, grad_norm=8.3418, exec_time=0.00s
Client 7 trained in 0.79s (simulated: 0.00s)
Client 7 uploaded with stats: loss=0.1991, grad_norm=12.1566, exec_time=0.00s
Client 39 trained in 0.79s (simulated: 0.00s)
Client 39 uploaded with stats: loss=0.5096, grad_norm=28.3293, exec_time=0.00s
Client 8 trained in 0.88s (simulated: 0.00s)
Client 8 uploaded with stats: loss=0.0618, grad_norm=7.3828, exec_time=0.00s
Client 64 trained in 0.92s (simulated: 0.00s)
Client 64 uploaded with stats: loss=0.2478, grad_norm=18.4497, exec_time=0.00s
Epoch(t): 143 accuracy: 70.51 loss 0.7620865362882614 run_time: 228.02441334724426
Current clients: 100, select: 10
| current_epoch 144 |. Begin client select
SchedulerThread select( 10 clients):
4 | 38 | 99 | 12 | 66 | 90 | 5 | 95 | 96 | 93 |
-----------------------------------------------------------------Schedule complete
Client 38 trained in 0.50s (simulated: 0.00s)
Client 38 uploaded with stats: loss=0.4106, grad_norm=25.4374, exec_time=0.00s
Client 12 trained in 0.58s (simulated: 0.00s)
Client 12 uploaded with stats: loss=0.3762, grad_norm=28.0925, exec_time=0.00s
Client 5 trained in 0.62s (simulated: 0.00s)
Client 5 uploaded with stats: loss=0.3236, grad_norm=21.8197, exec_time=0.00s
Client 93 trained in 0.67s (simulated: 0.00s)
Client 93 uploaded with stats: loss=0.2139, grad_norm=22.6493, exec_time=0.00s
Client 95 trained in 0.75s (simulated: 0.00s)
Client 95 uploaded with stats: loss=0.1561, grad_norm=12.1292, exec_time=0.00s
Client 99 trained in 0.77s (simulated: 0.00s)
Client 99 uploaded with stats: loss=0.5823, grad_norm=27.3386, exec_time=0.00s
Client 4 trained in 0.93s (simulated: 0.00s)
Client 4 uploaded with stats: loss=0.3933, grad_norm=28.5981, exec_time=0.00s
Client 90 trained in 0.98s (simulated: 0.00s)
Client 90 uploaded with stats: loss=0.2049, grad_norm=14.3305, exec_time=0.00s
Client 96 trained in 0.99s (simulated: 0.00s)
Client 96 uploaded with stats: loss=0.0929, grad_norm=14.6436, exec_time=0.00s
Client 66 trained in 1.01s (simulated: 0.00s)
Client 66 uploaded with stats: loss=0.0932, grad_norm=18.1660, exec_time=0.00s
Epoch(t): 144 accuracy: 68.94 loss 0.7107188925147057 run_time: 229.66709160804749
Current clients: 100, select: 10
| current_epoch 145 |. Begin client select
SchedulerThread select( 10 clients):
4 | 43 | 16 | 19 | 46 | 73 | 92 | 26 | 88 | 64 |
-----------------------------------------------------------------Schedule complete
Client 16 trained in 0.32s (simulated: 0.00s)
Client 16 uploaded with stats: loss=0.3679, grad_norm=18.5931, exec_time=0.00s
Client 43 trained in 0.34s (simulated: 0.00s)
Client 43 uploaded with stats: loss=0.1642, grad_norm=14.6036, exec_time=0.00s
Client 73 trained in 0.54s (simulated: 0.00s)
Client 73 uploaded with stats: loss=0.1329, grad_norm=13.0765, exec_time=0.00s
Client 4 trained in 0.58s (simulated: 0.00s)
Client 4 uploaded with stats: loss=0.2627, grad_norm=12.3065, exec_time=0.00s
Client 19 trained in 0.62s (simulated: 0.00s)
Client 19 uploaded with stats: loss=0.1072, grad_norm=11.7863, exec_time=0.00s
Client 64 trained in 0.64s (simulated: 0.00s)
Client 64 uploaded with stats: loss=0.2878, grad_norm=27.5374, exec_time=0.00s
Client 46 trained in 0.66s (simulated: 0.00s)
Client 46 uploaded with stats: loss=0.1986, grad_norm=25.2032, exec_time=0.00s
Client 26 trained in 0.68s (simulated: 0.00s)
Client 26 uploaded with stats: loss=0.1776, grad_norm=18.0171, exec_time=0.00s
Client 92 trained in 0.76s (simulated: 0.00s)
Client 92 uploaded with stats: loss=0.2342, grad_norm=10.7485, exec_time=0.00s
Client 88 trained in 0.77s (simulated: 0.00s)
Client 88 uploaded with stats: loss=0.0982, grad_norm=7.5249, exec_time=0.00s
Epoch(t): 145 accuracy: 76.54 loss 0.6005593752861023 run_time: 231.07663679122925
Current clients: 100, select: 10
| current_epoch 146 |. Begin client select
SchedulerThread select( 10 clients):
1 | 10 | 77 | 53 | 90 | 39 | 96 | 26 | 80 | 70 |
-----------------------------------------------------------------Schedule complete
Client 80 trained in 0.52s (simulated: 0.00s)
Client 80 uploaded with stats: loss=0.2488, grad_norm=16.3497, exec_time=0.00s
Client 70 trained in 0.54s (simulated: 0.00s)
Client 70 uploaded with stats: loss=0.2842, grad_norm=18.0662, exec_time=0.00s
Client 1 trained in 0.67s (simulated: 0.00s)
Client 1 uploaded with stats: loss=0.2376, grad_norm=14.6954, exec_time=0.00s
Client 26 trained in 0.88s (simulated: 0.00s)
Client 26 uploaded with stats: loss=0.1691, grad_norm=15.1659, exec_time=0.00s
Client 77 trained in 0.93s (simulated: 0.00s)
Client 77 uploaded with stats: loss=0.4093, grad_norm=31.8036, exec_time=0.00s
Client 90 trained in 0.97s (simulated: 0.00s)
Client 90 uploaded with stats: loss=0.2040, grad_norm=14.2421, exec_time=0.00s
Client 10 trained in 0.98s (simulated: 0.00s)
Client 10 uploaded with stats: loss=0.3215, grad_norm=15.6431, exec_time=0.00s
Client 53 trained in 0.99s (simulated: 0.00s)
Client 53 uploaded with stats: loss=0.2574, grad_norm=20.8846, exec_time=0.00s
Client 39 trained in 1.02s (simulated: 0.00s)
Client 39 uploaded with stats: loss=0.5082, grad_norm=24.9126, exec_time=0.00s
Client 96 trained in 1.06s (simulated: 0.00s)
Client 96 uploaded with stats: loss=0.0877, grad_norm=9.0346, exec_time=0.00s
Epoch(t): 146 accuracy: 74.44 loss 0.6601662078499794 run_time: 232.77391648292542
Current clients: 100, select: 10
| current_epoch 147 |. Begin client select
SchedulerThread select( 10 clients):
75 | 90 | 97 | 99 | 27 | 71 | 93 | 70 | 86 | 77 |
-----------------------------------------------------------------Schedule complete
Client 27 trained in 0.60s (simulated: 0.00s)
Client 27 uploaded with stats: loss=0.4902, grad_norm=27.8471, exec_time=0.00s
Client 70 trained in 0.69s (simulated: 0.00s)
Client 70 uploaded with stats: loss=0.2737, grad_norm=18.7870, exec_time=0.00s
Client 93 trained in 0.74s (simulated: 0.00s)
Client 93 uploaded with stats: loss=0.2043, grad_norm=20.3531, exec_time=0.00s
Client 77 trained in 0.75s (simulated: 0.00s)
Client 77 uploaded with stats: loss=0.3903, grad_norm=28.4426, exec_time=0.00s
Client 71 trained in 0.82s (simulated: 0.00s)
Client 71 uploaded with stats: loss=0.1851, grad_norm=16.8119, exec_time=0.00s
Client 75 trained in 0.93s (simulated: 0.00s)
Client 75 uploaded with stats: loss=0.5687, grad_norm=40.2055, exec_time=0.00s
Client 97 trained in 1.06s (simulated: 0.00s)
Client 97 uploaded with stats: loss=0.6104, grad_norm=39.6155, exec_time=0.00s
Client 99 trained in 1.07s (simulated: 0.00s)
Client 99 uploaded with stats: loss=0.5838, grad_norm=25.7891, exec_time=0.00s
Client 86 trained in 1.06s (simulated: 0.00s)
Client 86 uploaded with stats: loss=0.3277, grad_norm=20.6069, exec_time=0.00s
Client 90 trained in 1.12s (simulated: 0.00s)
Client 90 uploaded with stats: loss=0.2095, grad_norm=16.6799, exec_time=0.00s
Epoch(t): 147 accuracy: 75.89 loss 0.6358922913670539 run_time: 234.54456424713135
Current clients: 100, select: 10
| current_epoch 148 |. Begin client select
SchedulerThread select( 10 clients):
5 | 1 | 93 | 60 | 99 | 17 | 38 | 75 | 41 | 96 |
-----------------------------------------------------------------Schedule complete
Client 38 trained in 0.54s (simulated: 0.00s)
Client 38 uploaded with stats: loss=0.3998, grad_norm=23.8083, exec_time=0.00s
Client 5 trained in 0.68s (simulated: 0.00s)
Client 5 uploaded with stats: loss=0.3020, grad_norm=17.7481, exec_time=0.00s
Client 17 trained in 0.74s (simulated: 0.00s)
Client 17 uploaded with stats: loss=0.1709, grad_norm=16.6262, exec_time=0.00s
Client 93 trained in 0.75s (simulated: 0.00s)
Client 93 uploaded with stats: loss=0.1944, grad_norm=20.1483, exec_time=0.00s
Client 75 trained in 0.82s (simulated: 0.00s)
Client 75 uploaded with stats: loss=0.4439, grad_norm=28.5505, exec_time=0.00s
Client 1 trained in 0.94s (simulated: 0.00s)
Client 1 uploaded with stats: loss=0.2540, grad_norm=15.8378, exec_time=0.00s
Client 99 trained in 1.00s (simulated: 0.00s)
Client 99 uploaded with stats: loss=0.5305, grad_norm=22.0115, exec_time=0.00s
Client 60 trained in 1.00s (simulated: 0.00s)
Client 60 uploaded with stats: loss=0.1486, grad_norm=12.5759, exec_time=0.00s
Client 41 trained in 1.05s (simulated: 0.00s)
Client 41 uploaded with stats: loss=0.1615, grad_norm=12.8354, exec_time=0.00s
Client 96 trained in 1.07s (simulated: 0.00s)
Client 96 uploaded with stats: loss=0.0928, grad_norm=8.7348, exec_time=0.00s
Epoch(t): 148 accuracy: 78.1 loss 0.5822412189841271 run_time: 236.24161028862
Current clients: 100, select: 10
| current_epoch 149 |. Begin client select
SchedulerThread select( 10 clients):
5 | 17 | 70 | 44 | 16 | 87 | 73 | 47 | 76 | 77 |
-----------------------------------------------------------------Schedule complete
Client 70 trained in 0.47s (simulated: 0.00s)
Client 70 uploaded with stats: loss=0.2829, grad_norm=21.5323, exec_time=0.00s
Client 77 trained in 0.61s (simulated: 0.00s)
Client 77 uploaded with stats: loss=0.3988, grad_norm=30.0706, exec_time=0.00s
Client 47 trained in 0.64s (simulated: 0.00s)
Client 47 uploaded with stats: loss=0.3077, grad_norm=26.9738, exec_time=0.00s
Client 17 trained in 0.72s (simulated: 0.00s)
Client 17 uploaded with stats: loss=0.1622, grad_norm=15.1628, exec_time=0.00s
Client 5 trained in 0.84s (simulated: 0.00s)
Client 5 uploaded with stats: loss=0.2910, grad_norm=17.6492, exec_time=0.00s
Client 16 trained in 0.87s (simulated: 0.00s)
Client 16 uploaded with stats: loss=0.3917, grad_norm=21.3589, exec_time=0.00s
Client 73 trained in 0.99s (simulated: 0.00s)
Client 73 uploaded with stats: loss=0.1352, grad_norm=12.8849, exec_time=0.00s
Client 76 trained in 1.07s (simulated: 0.00s)
Client 76 uploaded with stats: loss=0.0979, grad_norm=14.8121, exec_time=0.00s
Client 44 trained in 1.10s (simulated: 0.00s)
Client 44 uploaded with stats: loss=0.0740, grad_norm=8.4243, exec_time=0.00s
Client 87 trained in 1.18s (simulated: 0.00s)
Client 87 uploaded with stats: loss=0.0841, grad_norm=17.2701, exec_time=0.00s
Epoch(t): 149 accuracy: 79.01 loss 0.5691105654835701 run_time: 237.98537063598633
Current clients: 100, select: 10
| current_epoch 150 |. Begin client select
SchedulerThread select( 10 clients):
52 | 93 | 38 | 7 | 26 | 1 | 71 | 37 | 99 | 23 |
-----------------------------------------------------------------Schedule complete
Client 26 trained in 0.55s (simulated: 0.00s)
Client 26 uploaded with stats: loss=0.1697, grad_norm=15.8949, exec_time=0.00s
Client 38 trained in 0.58s (simulated: 0.00s)
Client 38 uploaded with stats: loss=0.4056, grad_norm=26.3113, exec_time=0.00s
Client 37 trained in 0.65s (simulated: 0.00s)
Client 37 uploaded with stats: loss=0.2832, grad_norm=26.6788, exec_time=0.00s
Client 71 trained in 0.84s (simulated: 0.00s)
Client 71 uploaded with stats: loss=0.1815, grad_norm=14.9623, exec_time=0.00s
Client 93 trained in 0.87s (simulated: 0.00s)
Client 93 uploaded with stats: loss=0.2007, grad_norm=21.7773, exec_time=0.00s
Client 1 trained in 0.88s (simulated: 0.00s)
Client 1 uploaded with stats: loss=0.2550, grad_norm=17.7898, exec_time=0.00s
Client 99 trained in 0.99s (simulated: 0.00s)
Client 99 uploaded with stats: loss=0.5338, grad_norm=24.4306, exec_time=0.00s
Client 52 trained in 1.04s (simulated: 0.00s)
Client 52 uploaded with stats: loss=0.3596, grad_norm=21.6067, exec_time=0.00s
Client 7 trained in 1.03s (simulated: 0.00s)
Client 7 uploaded with stats: loss=0.1857, grad_norm=10.4336, exec_time=0.00s
Client 23 trained in 1.05s (simulated: 0.00s)
Client 23 uploaded with stats: loss=0.2190, grad_norm=12.8807, exec_time=0.00s
Epoch(t): 150 accuracy: 71.76 loss 0.7014970031380653 run_time: 239.60456323623657
Current clients: 100, select: 10
| current_epoch 151 |. Begin client select
SchedulerThread select( 10 clients):
61 | 7 | 79 | 37 | 70 | 29 | 6 | 12 | 23 | 93 |
-----------------------------------------------------------------Schedule complete
Client 12 trained in 0.52s (simulated: 0.00s)
Client 12 uploaded with stats: loss=0.3688, grad_norm=27.2440, exec_time=0.00s
Client 70 trained in 0.62s (simulated: 0.00s)
Client 70 uploaded with stats: loss=0.2736, grad_norm=19.9888, exec_time=0.00s
Client 93 trained in 0.65s (simulated: 0.00s)
Client 93 uploaded with stats: loss=0.1914, grad_norm=19.0696, exec_time=0.00s
Client 37 trained in 0.69s (simulated: 0.00s)
Client 37 uploaded with stats: loss=0.2701, grad_norm=24.3913, exec_time=0.00s
Client 6 trained in 0.73s (simulated: 0.00s)
Client 6 uploaded with stats: loss=0.3027, grad_norm=17.2694, exec_time=0.00s
Client 79 trained in 0.82s (simulated: 0.00s)
Client 79 uploaded with stats: loss=0.1896, grad_norm=19.5803, exec_time=0.00s
Client 61 trained in 0.90s (simulated: 0.00s)
Client 61 uploaded with stats: loss=0.1405, grad_norm=12.2339, exec_time=0.00s
Client 7 trained in 0.92s (simulated: 0.00s)
Client 7 uploaded with stats: loss=0.2044, grad_norm=12.2802, exec_time=0.00s
Client 23 trained in 0.93s (simulated: 0.00s)
Client 23 uploaded with stats: loss=0.2100, grad_norm=11.9727, exec_time=0.00s
Client 29 trained in 0.92s (simulated: 0.00s)
Client 29 uploaded with stats: loss=0.0844, grad_norm=28.8776, exec_time=0.00s
Epoch(t): 151 accuracy: 70.9 loss 0.8338445675373077 run_time: 241.18184542655945
Current clients: 100, select: 10
| current_epoch 152 |. Begin client select
SchedulerThread select( 10 clients):
71 | 25 | 40 | 53 | 77 | 93 | 29 | 64 | 84 | 76 |
-----------------------------------------------------------------Schedule complete
Client 25 trained in 0.32s (simulated: 0.00s)
Client 25 uploaded with stats: loss=0.3382, grad_norm=26.6239, exec_time=0.00s
Client 71 trained in 0.50s (simulated: 0.00s)
Client 71 uploaded with stats: loss=0.1815, grad_norm=16.7529, exec_time=0.00s
Client 93 trained in 0.57s (simulated: 0.00s)
Client 93 uploaded with stats: loss=0.1893, grad_norm=19.2560, exec_time=0.00s
Client 77 trained in 0.60s (simulated: 0.00s)
Client 77 uploaded with stats: loss=0.3901, grad_norm=29.5072, exec_time=0.00s
Client 84 trained in 0.73s (simulated: 0.00s)
Client 84 uploaded with stats: loss=0.1424, grad_norm=10.3158, exec_time=0.00s
Client 40 trained in 0.86s (simulated: 0.00s)
Client 40 uploaded with stats: loss=0.2281, grad_norm=18.7343, exec_time=0.00s
Client 76 trained in 0.88s (simulated: 0.00s)
Client 76 uploaded with stats: loss=0.0915, grad_norm=14.2378, exec_time=0.00s
Client 53 trained in 0.96s (simulated: 0.00s)
Client 53 uploaded with stats: loss=0.2295, grad_norm=20.3827, exec_time=0.00s
Client 29 trained in 1.02s (simulated: 0.00s)
Client 29 uploaded with stats: loss=0.0742, grad_norm=26.0950, exec_time=0.00s
Client 64 trained in 1.04s (simulated: 0.00s)
Client 64 uploaded with stats: loss=0.2679, grad_norm=24.0276, exec_time=0.00s
Epoch(t): 152 accuracy: 72.77 loss 0.6920373460650444 run_time: 242.8416895866394
Current clients: 100, select: 10
| current_epoch 153 |. Begin client select
SchedulerThread select( 10 clients):
71 | 44 | 64 | 77 | 90 | 48 | 6 | 37 | 42 | 93 |
-----------------------------------------------------------------Schedule complete
Client 71 trained in 0.52s (simulated: 0.00s)
Client 71 uploaded with stats: loss=0.1651, grad_norm=12.9378, exec_time=0.00s
Client 37 trained in 0.66s (simulated: 0.00s)
Client 37 uploaded with stats: loss=0.2714, grad_norm=24.2617, exec_time=0.00s
Client 77 trained in 0.71s (simulated: 0.00s)
Client 77 uploaded with stats: loss=0.3895, grad_norm=29.1939, exec_time=0.00s
Client 93 trained in 0.75s (simulated: 0.00s)
Client 93 uploaded with stats: loss=0.1920, grad_norm=20.2522, exec_time=0.00s
Client 90 trained in 0.84s (simulated: 0.00s)
Client 90 uploaded with stats: loss=0.2042, grad_norm=16.7621, exec_time=0.00s
Client 6 trained in 0.95s (simulated: 0.00s)
Client 6 uploaded with stats: loss=0.2779, grad_norm=16.3667, exec_time=0.00s
Client 42 trained in 1.04s (simulated: 0.00s)
Client 42 uploaded with stats: loss=0.1627, grad_norm=14.6874, exec_time=0.00s
Client 44 trained in 1.07s (simulated: 0.00s)
Client 44 uploaded with stats: loss=0.0706, grad_norm=8.4958, exec_time=0.00s
Client 64 trained in 1.08s (simulated: 0.00s)
Client 64 uploaded with stats: loss=0.2794, grad_norm=24.3707, exec_time=0.00s
Client 48 trained in 1.16s (simulated: 0.00s)
Client 48 uploaded with stats: loss=0.3902, grad_norm=14.3749, exec_time=0.00s
Epoch(t): 153 accuracy: 66.85 loss 0.8411038166284561 run_time: 244.58475494384766
Current clients: 100, select: 10
| current_epoch 154 |. Begin client select
SchedulerThread select( 10 clients):
9 | 3 | 52 | 27 | 12 | 73 | 55 | 53 | 4 | 37 |
-----------------------------------------------------------------Schedule complete
Client 55 trained in 0.58s (simulated: 0.00s)
Client 55 uploaded with stats: loss=0.2730, grad_norm=20.1333, exec_time=0.00s
Client 12 trained in 0.62s (simulated: 0.00s)
Client 12 uploaded with stats: loss=0.3567, grad_norm=26.3233, exec_time=0.00s
Client 37 trained in 0.66s (simulated: 0.00s)
Client 37 uploaded with stats: loss=0.2511, grad_norm=20.9623, exec_time=0.00s
Client 27 trained in 0.66s (simulated: 0.00s)
Client 27 uploaded with stats: loss=0.5008, grad_norm=32.2552, exec_time=0.00s
Client 73 trained in 0.89s (simulated: 0.00s)
Client 73 uploaded with stats: loss=0.1288, grad_norm=12.6499, exec_time=0.00s
Client 3 trained in 0.89s (simulated: 0.00s)
Client 3 uploaded with stats: loss=0.3320, grad_norm=43.5070, exec_time=0.00s
Client 52 trained in 0.95s (simulated: 0.00s)
Client 52 uploaded with stats: loss=0.3730, grad_norm=24.8951, exec_time=0.00s
Client 53 trained in 0.96s (simulated: 0.00s)
Client 53 uploaded with stats: loss=0.2316, grad_norm=17.4123, exec_time=0.00s
Client 9 trained in 0.99s (simulated: 0.00s)
Client 9 uploaded with stats: loss=0.0812, grad_norm=13.8692, exec_time=0.00s
Client 4 trained in 1.00s (simulated: 0.00s)
Client 4 uploaded with stats: loss=0.2970, grad_norm=17.1107, exec_time=0.00s
Epoch(t): 154 accuracy: 69.92 loss 0.7295856726169586 run_time: 246.22376036643982
Current clients: 100, select: 10
| current_epoch 155 |. Begin client select
SchedulerThread select( 10 clients):
69 | 77 | 55 | 48 | 29 | 83 | 38 | 90 | 93 | 70 |
-----------------------------------------------------------------Schedule complete
Client 93 trained in 0.54s (simulated: 0.00s)
Client 93 uploaded with stats: loss=0.1868, grad_norm=17.9613, exec_time=0.00s
Client 38 trained in 0.57s (simulated: 0.00s)
Client 38 uploaded with stats: loss=0.4003, grad_norm=25.3469, exec_time=0.00s
Client 77 trained in 0.61s (simulated: 0.00s)
Client 77 uploaded with stats: loss=0.3771, grad_norm=27.7039, exec_time=0.00s
Client 70 trained in 0.72s (simulated: 0.00s)
Client 70 uploaded with stats: loss=0.2881, grad_norm=23.6303, exec_time=0.00s
Client 55 trained in 0.76s (simulated: 0.00s)
Client 55 uploaded with stats: loss=0.2655, grad_norm=19.8099, exec_time=0.00s
Client 69 trained in 0.87s (simulated: 0.00s)
Client 69 uploaded with stats: loss=0.5323, grad_norm=21.1718, exec_time=0.00s
Client 90 trained in 1.03s (simulated: 0.00s)
Client 90 uploaded with stats: loss=0.1963, grad_norm=14.8950, exec_time=0.00s
Client 83 trained in 1.05s (simulated: 0.00s)
Client 83 uploaded with stats: loss=0.1783, grad_norm=32.0455, exec_time=0.00s
Client 29 trained in 1.07s (simulated: 0.00s)
Client 29 uploaded with stats: loss=0.1185, grad_norm=44.3686, exec_time=0.00s
Client 48 trained in 1.09s (simulated: 0.00s)
Client 48 uploaded with stats: loss=0.3866, grad_norm=16.9622, exec_time=0.00s
Epoch(t): 155 accuracy: 76.63 loss 0.6139953261613846 run_time: 247.93932700157166
Current clients: 100, select: 10
| current_epoch 156 |. Begin client select
SchedulerThread select( 10 clients):
64 | 86 | 69 | 34 | 12 | 80 | 70 | 66 | 93 | 40 |
-----------------------------------------------------------------Schedule complete
Client 70 trained in 0.46s (simulated: 0.00s)
Client 70 uploaded with stats: loss=0.2539, grad_norm=17.2273, exec_time=0.00s
Client 69 trained in 0.50s (simulated: 0.00s)
Client 69 uploaded with stats: loss=0.5195, grad_norm=18.6178, exec_time=0.00s
Client 12 trained in 0.65s (simulated: 0.00s)
Client 12 uploaded with stats: loss=0.3650, grad_norm=27.6584, exec_time=0.00s
Client 93 trained in 0.70s (simulated: 0.00s)
Client 93 uploaded with stats: loss=0.1834, grad_norm=18.4195, exec_time=0.00s
Client 86 trained in 0.76s (simulated: 0.00s)
Client 86 uploaded with stats: loss=0.4593, grad_norm=34.3856, exec_time=0.00s
Client 80 trained in 0.73s (simulated: 0.00s)
Client 80 uploaded with stats: loss=0.2242, grad_norm=10.4007, exec_time=0.00s
Client 40 trained in 0.85s (simulated: 0.00s)
Client 40 uploaded with stats: loss=0.2034, grad_norm=13.3507, exec_time=0.00s
Client 66 trained in 0.94s (simulated: 0.00s)
Client 66 uploaded with stats: loss=0.1342, grad_norm=26.8926, exec_time=0.00s
Client 34 trained in 0.98s (simulated: 0.00s)
Client 34 uploaded with stats: loss=0.0630, grad_norm=6.0230, exec_time=0.00s
Client 64 trained in 0.99s (simulated: 0.00s)
Client 64 uploaded with stats: loss=0.1907, grad_norm=11.2002, exec_time=0.00s
Epoch(t): 156 accuracy: 75.88 loss 0.6243342250585556 run_time: 249.6116819381714
Current clients: 100, select: 10
| current_epoch 157 |. Begin client select
SchedulerThread select( 10 clients):
6 | 49 | 40 | 90 | 38 | 53 | 7 | 80 | 83 | 48 |
-----------------------------------------------------------------Schedule complete
Client 80 trained in 0.32s (simulated: 0.00s)
Client 80 uploaded with stats: loss=0.2280, grad_norm=12.3826, exec_time=0.00s
Client 90 trained in 0.43s (simulated: 0.00s)
Client 90 uploaded with stats: loss=0.2035, grad_norm=15.2632, exec_time=0.00s
Client 40 trained in 0.50s (simulated: 0.00s)
Client 40 uploaded with stats: loss=0.2012, grad_norm=14.5071, exec_time=0.00s
Client 38 trained in 0.52s (simulated: 0.00s)
Client 38 uploaded with stats: loss=0.3902, grad_norm=24.4745, exec_time=0.00s
Client 6 trained in 0.62s (simulated: 0.00s)
Client 6 uploaded with stats: loss=0.2789, grad_norm=17.3353, exec_time=0.00s
Client 7 trained in 0.72s (simulated: 0.00s)
Client 7 uploaded with stats: loss=0.1837, grad_norm=10.9644, exec_time=0.00s
Client 53 trained in 0.73s (simulated: 0.00s)
Client 53 uploaded with stats: loss=0.2246, grad_norm=18.5105, exec_time=0.00s
Client 83 trained in 0.77s (simulated: 0.00s)
Client 83 uploaded with stats: loss=0.1231, grad_norm=15.7029, exec_time=0.00s
Client 49 trained in 0.75s (simulated: 0.00s)
Client 49 uploaded with stats: loss=0.2731, grad_norm=13.1980, exec_time=0.00s
Client 48 trained in 0.76s (simulated: 0.00s)
Client 48 uploaded with stats: loss=0.3955, grad_norm=16.2338, exec_time=0.00s
Epoch(t): 157 accuracy: 77.86 loss 0.58101956397295 run_time: 251.00726413726807
Current clients: 100, select: 10
| current_epoch 158 |. Begin client select
SchedulerThread select( 10 clients):
2 | 37 | 26 | 25 | 49 | 55 | 17 | 83 | 76 | 56 |
-----------------------------------------------------------------Schedule complete
Client 26 trained in 0.56s (simulated: 0.00s)
Client 26 uploaded with stats: loss=0.1704, grad_norm=17.8435, exec_time=0.00s
Client 37 trained in 0.56s (simulated: 0.00s)
Client 37 uploaded with stats: loss=0.2778, grad_norm=26.7242, exec_time=0.00s
Client 25 trained in 0.58s (simulated: 0.00s)
Client 25 uploaded with stats: loss=0.3238, grad_norm=26.6286, exec_time=0.00s
Client 17 trained in 0.67s (simulated: 0.00s)
Client 17 uploaded with stats: loss=0.1722, grad_norm=20.3613, exec_time=0.00s
Client 55 trained in 0.80s (simulated: 0.00s)
Client 55 uploaded with stats: loss=0.2631, grad_norm=19.9148, exec_time=0.00s
Client 76 trained in 0.90s (simulated: 0.00s)
Client 76 uploaded with stats: loss=0.0900, grad_norm=13.6418, exec_time=0.00s
Client 83 trained in 0.90s (simulated: 0.00s)
Client 83 uploaded with stats: loss=0.1131, grad_norm=13.5512, exec_time=0.00s
Client 49 trained in 0.95s (simulated: 0.00s)
Client 49 uploaded with stats: loss=0.2713, grad_norm=13.8155, exec_time=0.00s
Client 2 trained in 0.97s (simulated: 0.00s)
Client 2 uploaded with stats: loss=0.1685, grad_norm=16.0240, exec_time=0.00s
Client 56 trained in 0.99s (simulated: 0.00s)
Client 56 uploaded with stats: loss=0.0938, grad_norm=10.7170, exec_time=0.00s
Epoch(t): 158 accuracy: 75.43 loss 0.6243872597813607 run_time: 252.54286885261536
Current clients: 100, select: 10
| current_epoch 159 |. Begin client select
SchedulerThread select( 10 clients):
96 | 94 | 17 | 27 | 47 | 69 | 12 | 37 | 56 | 93 |
-----------------------------------------------------------------Schedule complete
Client 37 trained in 0.51s (simulated: 0.00s)
Client 37 uploaded with stats: loss=0.2813, grad_norm=27.9809, exec_time=0.00s
Client 12 trained in 0.53s (simulated: 0.00s)
Client 12 uploaded with stats: loss=0.3444, grad_norm=25.5055, exec_time=0.00s
Client 17 trained in 0.77s (simulated: 0.00s)
Client 17 uploaded with stats: loss=0.1596, grad_norm=15.7477, exec_time=0.00s
Client 93 trained in 0.83s (simulated: 0.00s)
Client 93 uploaded with stats: loss=0.1940, grad_norm=22.4954, exec_time=0.00s
Client 47 trained in 0.87s (simulated: 0.00s)
Client 47 uploaded with stats: loss=0.2987, grad_norm=28.7934, exec_time=0.00s
Client 94 trained in 0.96s (simulated: 0.00s)
Client 94 uploaded with stats: loss=0.2557, grad_norm=8.5066, exec_time=0.00s
Client 69 trained in 0.97s (simulated: 0.00s)
Client 69 uploaded with stats: loss=0.5499, grad_norm=22.3637, exec_time=0.00s
Client 27 trained in 0.97s (simulated: 0.00s)
Client 27 uploaded with stats: loss=0.4928, grad_norm=29.8405, exec_time=0.00s
Client 96 trained in 1.03s (simulated: 0.00s)
Client 96 uploaded with stats: loss=0.0843, grad_norm=9.7127, exec_time=0.00s
Client 56 trained in 1.09s (simulated: 0.00s)
Client 56 uploaded with stats: loss=0.0859, grad_norm=8.5043, exec_time=0.00s
Epoch(t): 159 accuracy: 73.27 loss 0.6620818054676056 run_time: 254.24946117401123
Current clients: 100, select: 10
| current_epoch 160 |. Begin client select
SchedulerThread select( 10 clients):
90 | 95 | 93 | 26 | 73 | 20 | 4 | 36 | 96 | 78 |
-----------------------------------------------------------------Schedule complete
Client 95 trained in 0.45s (simulated: 0.00s)
Client 95 uploaded with stats: loss=0.1362, grad_norm=10.2060, exec_time=0.00s
Client 78 trained in 0.57s (simulated: 0.00s)
Client 78 uploaded with stats: loss=0.2667, grad_norm=21.9433, exec_time=0.00s
Client 93 trained in 0.63s (simulated: 0.00s)
Client 93 uploaded with stats: loss=0.1973, grad_norm=24.4274, exec_time=0.00s
Client 26 trained in 0.72s (simulated: 0.00s)
Client 26 uploaded with stats: loss=0.1710, grad_norm=18.3814, exec_time=0.00s
Client 90 trained in 0.82s (simulated: 0.00s)
Client 90 uploaded with stats: loss=0.1901, grad_norm=13.6789, exec_time=0.00s
Client 36 trained in 0.93s (simulated: 0.00s)
Client 36 uploaded with stats: loss=0.1488, grad_norm=30.1952, exec_time=0.00s
Client 73 trained in 0.95s (simulated: 0.00s)
Client 73 uploaded with stats: loss=0.1268, grad_norm=13.4603, exec_time=0.00s
Client 20 trained in 1.03s (simulated: 0.00s)
Client 20 uploaded with stats: loss=0.1822, grad_norm=25.4866, exec_time=0.00s
Client 96 trained in 1.04s (simulated: 0.00s)
Client 96 uploaded with stats: loss=0.0847, grad_norm=9.4965, exec_time=0.00s
Client 4 trained in 1.03s (simulated: 0.00s)
Client 4 uploaded with stats: loss=0.2815, grad_norm=17.2121, exec_time=0.00s
Epoch(t): 160 accuracy: 74.48 loss 0.6675494003295899 run_time: 255.89152240753174
Current clients: 100, select: 10
| current_epoch 161 |. Begin client select
SchedulerThread select( 10 clients):
6 | 23 | 70 | 53 | 56 | 90 | 47 | 37 | 36 | 84 |
-----------------------------------------------------------------Schedule complete
Client 47 trained in 0.46s (simulated: 0.00s)
Client 47 uploaded with stats: loss=0.3458, grad_norm=30.4101, exec_time=0.00s
Client 70 trained in 0.47s (simulated: 0.00s)
Client 70 uploaded with stats: loss=0.2584, grad_norm=17.7722, exec_time=0.00s
Client 37 trained in 0.66s (simulated: 0.00s)
Client 37 uploaded with stats: loss=0.2713, grad_norm=27.6193, exec_time=0.00s
Client 90 trained in 0.65s (simulated: 0.00s)
Client 90 uploaded with stats: loss=0.2023, grad_norm=16.0833, exec_time=0.00s
Client 84 trained in 0.81s (simulated: 0.00s)
Client 84 uploaded with stats: loss=0.1470, grad_norm=14.0268, exec_time=0.00s
Client 6 trained in 0.88s (simulated: 0.00s)
Client 6 uploaded with stats: loss=0.3004, grad_norm=21.4500, exec_time=0.00s
Client 53 trained in 0.99s (simulated: 0.00s)
Client 53 uploaded with stats: loss=0.2213, grad_norm=18.3682, exec_time=0.00s
Client 36 trained in 0.98s (simulated: 0.00s)
Client 36 uploaded with stats: loss=0.0953, grad_norm=14.3055, exec_time=0.00s
Client 23 trained in 1.02s (simulated: 0.00s)
Client 23 uploaded with stats: loss=0.1960, grad_norm=12.4847, exec_time=0.00s
Client 56 trained in 1.04s (simulated: 0.00s)
Client 56 uploaded with stats: loss=0.1018, grad_norm=14.2666, exec_time=0.00s
Epoch(t): 161 accuracy: 73.57 loss 0.6800375714898109 run_time: 257.54749941825867
Current clients: 100, select: 10
| current_epoch 162 |. Begin client select
SchedulerThread select( 10 clients):
20 | 53 | 60 | 12 | 52 | 7 | 49 | 37 | 47 | 26 |
-----------------------------------------------------------------Schedule complete
Client 37 trained in 0.66s (simulated: 0.00s)
Client 37 uploaded with stats: loss=0.2707, grad_norm=26.0281, exec_time=0.00s
Client 26 trained in 0.68s (simulated: 0.00s)
Client 26 uploaded with stats: loss=0.1737, grad_norm=19.0767, exec_time=0.00s
Client 47 trained in 0.70s (simulated: 0.00s)
Client 47 uploaded with stats: loss=0.3032, grad_norm=26.4554, exec_time=0.00s
Client 12 trained in 0.84s (simulated: 0.00s)
Client 12 uploaded with stats: loss=0.3580, grad_norm=28.6223, exec_time=0.00s
Client 60 trained in 0.92s (simulated: 0.00s)
Client 60 uploaded with stats: loss=0.1399, grad_norm=14.7689, exec_time=0.00s
Client 53 trained in 1.06s (simulated: 0.00s)
Client 53 uploaded with stats: loss=0.2111, grad_norm=15.5909, exec_time=0.00s
Client 7 trained in 1.06s (simulated: 0.00s)
Client 7 uploaded with stats: loss=0.1865, grad_norm=12.4406, exec_time=0.00s
Client 52 trained in 1.08s (simulated: 0.00s)
Client 52 uploaded with stats: loss=0.3535, grad_norm=20.4857, exec_time=0.00s
Client 20 trained in 1.12s (simulated: 0.00s)
Client 20 uploaded with stats: loss=0.1763, grad_norm=24.8535, exec_time=0.00s
Client 49 trained in 1.13s (simulated: 0.00s)
Client 49 uploaded with stats: loss=0.2825, grad_norm=14.2978, exec_time=0.00s
Epoch(t): 162 accuracy: 73.26 loss 0.685589117705822 run_time: 259.31420969963074
Current clients: 100, select: 10
| current_epoch 163 |. Begin client select
SchedulerThread select( 10 clients):
99 | 73 | 19 | 50 | 3 | 55 | 66 | 79 | 47 | 76 |
-----------------------------------------------------------------Schedule complete
Client 47 trained in 0.40s (simulated: 0.00s)
Client 47 uploaded with stats: loss=0.2722, grad_norm=20.7851, exec_time=0.00s
Client 55 trained in 0.41s (simulated: 0.00s)
Client 55 uploaded with stats: loss=0.2648, grad_norm=21.1841, exec_time=0.00s
Client 73 trained in 0.49s (simulated: 0.00s)
Client 73 uploaded with stats: loss=0.1348, grad_norm=15.4248, exec_time=0.00s
Client 99 trained in 0.62s (simulated: 0.00s)
Client 99 uploaded with stats: loss=0.6188, grad_norm=30.8466, exec_time=0.00s
Client 76 trained in 0.70s (simulated: 0.00s)
Client 76 uploaded with stats: loss=0.0924, grad_norm=14.0213, exec_time=0.00s
Client 79 trained in 0.78s (simulated: 0.00s)
Client 79 uploaded with stats: loss=0.1634, grad_norm=17.8947, exec_time=0.00s
Client 50 trained in 0.82s (simulated: 0.00s)
Client 50 uploaded with stats: loss=0.2216, grad_norm=19.6741, exec_time=0.00s
Client 19 trained in 0.86s (simulated: 0.00s)
Client 19 uploaded with stats: loss=0.0892, grad_norm=8.6039, exec_time=0.00s
Client 3 trained in 0.92s (simulated: 0.00s)
Client 3 uploaded with stats: loss=0.2621, grad_norm=30.0634, exec_time=0.00s
Client 66 trained in 0.93s (simulated: 0.00s)
Client 66 uploaded with stats: loss=0.1309, grad_norm=30.3013, exec_time=0.00s
Epoch(t): 163 accuracy: 76.14 loss 0.6031030294299126 run_time: 260.8758761882782
Current clients: 100, select: 10
| current_epoch 164 |. Begin client select
SchedulerThread select( 10 clients):
37 | 5 | 17 | 48 | 8 | 12 | 25 | 38 | 90 | 27 |
-----------------------------------------------------------------Schedule complete
Client 37 trained in 0.56s (simulated: 0.00s)
Client 37 uploaded with stats: loss=0.2687, grad_norm=27.8123, exec_time=0.00s
Client 12 trained in 0.58s (simulated: 0.00s)
Client 12 uploaded with stats: loss=0.3596, grad_norm=28.1235, exec_time=0.00s
Client 27 trained in 0.68s (simulated: 0.00s)
Client 27 uploaded with stats: loss=0.4879, grad_norm=29.4468, exec_time=0.00s
Client 17 trained in 0.72s (simulated: 0.00s)
Client 17 uploaded with stats: loss=0.1624, grad_norm=15.7091, exec_time=0.00s
Client 38 trained in 0.81s (simulated: 0.00s)
Client 38 uploaded with stats: loss=0.4051, grad_norm=28.5896, exec_time=0.00s
Client 25 trained in 0.83s (simulated: 0.00s)
Client 25 uploaded with stats: loss=0.3194, grad_norm=25.2907, exec_time=0.00s
Client 5 trained in 1.03s (simulated: 0.00s)
Client 5 uploaded with stats: loss=0.2800, grad_norm=16.3895, exec_time=0.00s
Client 48 trained in 1.05s (simulated: 0.00s)
Client 48 uploaded with stats: loss=0.4304, grad_norm=20.4883, exec_time=0.00s
Client 90 trained in 1.07s (simulated: 0.00s)
Client 90 uploaded with stats: loss=0.1863, grad_norm=14.8359, exec_time=0.00s
Client 8 trained in 1.08s (simulated: 0.00s)
Client 8 uploaded with stats: loss=0.0578, grad_norm=11.2256, exec_time=0.00s
Epoch(t): 164 accuracy: 68.77 loss 0.726257495880127 run_time: 262.5753028392792
Current clients: 100, select: 10
| current_epoch 165 |. Begin client select
SchedulerThread select( 10 clients):
84 | 44 | 40 | 93 | 78 | 2 | 55 | 26 | 54 | 45 |
-----------------------------------------------------------------Schedule complete
Client 55 trained in 0.41s (simulated: 0.00s)
Client 55 uploaded with stats: loss=0.2576, grad_norm=20.4746, exec_time=0.00s
Client 78 trained in 0.50s (simulated: 0.00s)
Client 78 uploaded with stats: loss=0.2787, grad_norm=26.2522, exec_time=0.00s
Client 93 trained in 0.68s (simulated: 0.00s)
Client 93 uploaded with stats: loss=0.2030, grad_norm=24.5950, exec_time=0.00s
Client 40 trained in 0.71s (simulated: 0.00s)
Client 40 uploaded with stats: loss=0.2109, grad_norm=16.2891, exec_time=0.00s
Client 84 trained in 0.70s (simulated: 0.00s)
Client 84 uploaded with stats: loss=0.1291, grad_norm=10.8508, exec_time=0.00s
Client 26 trained in 0.74s (simulated: 0.00s)
Client 26 uploaded with stats: loss=0.1786, grad_norm=22.4283, exec_time=0.00s
Client 44 trained in 0.86s (simulated: 0.00s)
Client 44 uploaded with stats: loss=0.0688, grad_norm=7.4989, exec_time=0.00s
Client 2 trained in 0.91s (simulated: 0.00s)
Client 2 uploaded with stats: loss=0.1775, grad_norm=21.4101, exec_time=0.00s
Client 45 trained in 0.93s (simulated: 0.00s)
Client 45 uploaded with stats: loss=0.2158, grad_norm=10.5131, exec_time=0.00s
Client 54 trained in 0.98s (simulated: 0.00s)
Client 54 uploaded with stats: loss=0.1609, grad_norm=13.7082, exec_time=0.00s
Epoch(t): 165 accuracy: 77.7 loss 0.5972708687186241 run_time: 264.163405418396
Current clients: 100, select: 10
| current_epoch 166 |. Begin client select
SchedulerThread select( 10 clients):
47 | 19 | 30 | 25 | 36 | 12 | 95 | 26 | 11 | 80 |
-----------------------------------------------------------------Schedule complete
Client 25 trained in 0.48s (simulated: 0.00s)
Client 25 uploaded with stats: loss=0.3232, grad_norm=25.5216, exec_time=0.00s
Client 47 trained in 0.58s (simulated: 0.00s)
Client 47 uploaded with stats: loss=0.3193, grad_norm=27.1588, exec_time=0.00s
Client 12 trained in 0.68s (simulated: 0.00s)
Client 12 uploaded with stats: loss=0.3623, grad_norm=28.3585, exec_time=0.00s
Client 26 trained in 0.77s (simulated: 0.00s)
Client 26 uploaded with stats: loss=0.1566, grad_norm=14.8808, exec_time=0.00s
Client 95 trained in 0.81s (simulated: 0.00s)
Client 95 uploaded with stats: loss=0.1330, grad_norm=10.5390, exec_time=0.00s
Client 80 trained in 0.85s (simulated: 0.00s)
Client 80 uploaded with stats: loss=0.2358, grad_norm=13.3435, exec_time=0.00s
Client 36 trained in 0.88s (simulated: 0.00s)
Client 36 uploaded with stats: loss=0.1007, grad_norm=16.1371, exec_time=0.00s
Client 30 trained in 0.88s (simulated: 0.00s)
Client 30 uploaded with stats: loss=0.2497, grad_norm=8.0645, exec_time=0.00s
Client 19 trained in 0.99s (simulated: 0.00s)
Client 19 uploaded with stats: loss=0.1186, grad_norm=16.3689, exec_time=0.00s
Client 11 trained in 1.00s (simulated: 0.00s)
Client 11 uploaded with stats: loss=0.0350, grad_norm=11.7047, exec_time=0.00s
Epoch(t): 166 accuracy: 76.5 loss 0.6291163846850395 run_time: 265.7496750354767
Current clients: 100, select: 10
| current_epoch 167 |. Begin client select
SchedulerThread select( 10 clients):
37 | 64 | 5 | 19 | 90 | 17 | 67 | 20 | 36 | 31 |
-----------------------------------------------------------------Schedule complete
Client 5 trained in 0.46s (simulated: 0.00s)
Client 5 uploaded with stats: loss=0.3136, grad_norm=24.4412, exec_time=0.00s
Client 37 trained in 0.57s (simulated: 0.00s)
Client 37 uploaded with stats: loss=0.2675, grad_norm=27.0274, exec_time=0.00s
Client 90 trained in 0.62s (simulated: 0.00s)
Client 90 uploaded with stats: loss=0.2032, grad_norm=17.4900, exec_time=0.00s
Client 36 trained in 0.65s (simulated: 0.00s)
Client 36 uploaded with stats: loss=0.1178, grad_norm=21.5615, exec_time=0.00s
Client 17 trained in 0.77s (simulated: 0.00s)
Client 17 uploaded with stats: loss=0.1586, grad_norm=15.8514, exec_time=0.00s
Client 19 trained in 0.78s (simulated: 0.00s)
Client 19 uploaded with stats: loss=0.0953, grad_norm=9.5664, exec_time=0.00s
Client 20 trained in 0.87s (simulated: 0.00s)
Client 20 uploaded with stats: loss=0.1531, grad_norm=21.2933, exec_time=0.00s
Client 31 trained in 0.95s (simulated: 0.00s)
Client 31 uploaded with stats: loss=0.0807, grad_norm=13.7066, exec_time=0.00s
Client 64 trained in 0.97s (simulated: 0.00s)
Client 64 uploaded with stats: loss=0.3100, grad_norm=28.2789, exec_time=0.00s
Client 67 trained in 1.00s (simulated: 0.00s)
Client 67 uploaded with stats: loss=0.1157, grad_norm=10.0877, exec_time=0.00s
Epoch(t): 167 accuracy: 77.31 loss 0.5926955309510231 run_time: 267.3534586429596
Current clients: 100, select: 10
| current_epoch 168 |. Begin client select
SchedulerThread select( 10 clients):
19 | 12 | 56 | 38 | 17 | 27 | 99 | 49 | 8 | 71 |
-----------------------------------------------------------------Schedule complete
Client 12 trained in 0.68s (simulated: 0.00s)
Client 12 uploaded with stats: loss=0.3504, grad_norm=26.5714, exec_time=0.00s
Client 27 trained in 0.86s (simulated: 0.00s)
Client 27 uploaded with stats: loss=0.4875, grad_norm=30.3447, exec_time=0.00s
Client 17 trained in 0.89s (simulated: 0.00s)
Client 17 uploaded with stats: loss=0.1552, grad_norm=15.5318, exec_time=0.00s
Client 38 trained in 0.91s (simulated: 0.00s)
Client 38 uploaded with stats: loss=0.3933, grad_norm=23.9419, exec_time=0.00s
Client 71 trained in 0.98s (simulated: 0.00s)
Client 71 uploaded with stats: loss=0.1551, grad_norm=11.3930, exec_time=0.00s
Client 99 trained in 1.08s (simulated: 0.00s)
Client 99 uploaded with stats: loss=0.6297, grad_norm=31.8822, exec_time=0.00s
Client 19 trained in 1.20s (simulated: 0.00s)
Client 19 uploaded with stats: loss=0.1007, grad_norm=13.5565, exec_time=0.00s
Client 49 trained in 1.22s (simulated: 0.00s)
Client 49 uploaded with stats: loss=0.2673, grad_norm=14.1813, exec_time=0.00s
Client 56 trained in 1.25s (simulated: 0.00s)
Client 56 uploaded with stats: loss=0.0737, grad_norm=8.8526, exec_time=0.00s
Client 8 trained in 1.36s (simulated: 0.00s)
Client 8 uploaded with stats: loss=0.0745, grad_norm=15.3900, exec_time=0.00s
Epoch(t): 168 accuracy: 76.23 loss 0.599471201300621 run_time: 269.3772246837616
Current clients: 100, select: 10
| current_epoch 169 |. Begin client select
SchedulerThread select( 10 clients):
27 | 84 | 6 | 5 | 1 | 66 | 16 | 20 | 90 | 86 |
-----------------------------------------------------------------Schedule complete
Client 5 trained in 0.41s (simulated: 0.00s)
Client 5 uploaded with stats: loss=0.2953, grad_norm=22.7838, exec_time=0.00s
Client 16 trained in 0.47s (simulated: 0.00s)
Client 16 uploaded with stats: loss=0.3636, grad_norm=19.0783, exec_time=0.00s
Client 90 trained in 0.51s (simulated: 0.00s)
Client 90 uploaded with stats: loss=0.1776, grad_norm=12.3210, exec_time=0.00s
Client 27 trained in 0.63s (simulated: 0.00s)
Client 27 uploaded with stats: loss=0.4806, grad_norm=29.5807, exec_time=0.00s
Client 84 trained in 0.79s (simulated: 0.00s)
Client 84 uploaded with stats: loss=0.1250, grad_norm=10.7395, exec_time=0.00s
Client 1 trained in 0.82s (simulated: 0.00s)
Client 1 uploaded with stats: loss=0.2582, grad_norm=22.4443, exec_time=0.00s
Client 86 trained in 0.86s (simulated: 0.00s)
Client 86 uploaded with stats: loss=0.5327, grad_norm=37.4919, exec_time=0.00s
Client 6 trained in 0.86s (simulated: 0.00s)
Client 6 uploaded with stats: loss=0.2567, grad_norm=12.7565, exec_time=0.00s
Client 20 trained in 0.97s (simulated: 0.00s)
Client 20 uploaded with stats: loss=0.1665, grad_norm=20.7618, exec_time=0.00s
Client 66 trained in 0.99s (simulated: 0.00s)
Client 66 uploaded with stats: loss=0.0999, grad_norm=22.0074, exec_time=0.00s
Epoch(t): 169 accuracy: 74.57 loss 0.6555040875077247 run_time: 271.00171160697937
Current clients: 100, select: 10
| current_epoch 170 |. Begin client select
SchedulerThread select( 10 clients):
77 | 71 | 54 | 69 | 75 | 49 | 70 | 2 | 35 | 25 |
-----------------------------------------------------------------Schedule complete
Client 70 trained in 0.43s (simulated: 0.00s)
Client 70 uploaded with stats: loss=0.2630, grad_norm=20.2291, exec_time=0.00s
Client 25 trained in 0.46s (simulated: 0.00s)
Client 25 uploaded with stats: loss=0.3122, grad_norm=25.4256, exec_time=0.00s
Client 35 trained in 0.61s (simulated: 0.00s)
Client 35 uploaded with stats: loss=0.2160, grad_norm=16.2489, exec_time=0.00s
Client 71 trained in 0.65s (simulated: 0.00s)
Client 71 uploaded with stats: loss=0.1815, grad_norm=17.6527, exec_time=0.00s
Client 69 trained in 0.77s (simulated: 0.00s)
Client 69 uploaded with stats: loss=0.5067, grad_norm=17.9106, exec_time=0.00s
Client 77 trained in 0.81s (simulated: 0.00s)
Client 77 uploaded with stats: loss=0.3974, grad_norm=31.5414, exec_time=0.00s
Client 49 trained in 0.91s (simulated: 0.00s)
Client 49 uploaded with stats: loss=0.3909, grad_norm=27.3324, exec_time=0.00s
Client 75 trained in 0.92s (simulated: 0.00s)
Client 75 uploaded with stats: loss=0.5282, grad_norm=36.7149, exec_time=0.00s
Client 2 trained in 0.98s (simulated: 0.00s)
Client 2 uploaded with stats: loss=0.1600, grad_norm=17.7278, exec_time=0.00s
Client 54 trained in 1.00s (simulated: 0.00s)
Client 54 uploaded with stats: loss=0.1387, grad_norm=10.6910, exec_time=0.00s
Epoch(t): 170 accuracy: 73.84 loss 0.6844167730212212 run_time: 272.6273341178894
Current clients: 100, select: 10
| current_epoch 171 |. Begin client select
SchedulerThread select( 10 clients):
93 | 31 | 17 | 53 | 99 | 25 | 69 | 5 | 37 | 27 |
-----------------------------------------------------------------Schedule complete
Client 37 trained in 0.63s (simulated: 0.00s)
Client 37 uploaded with stats: loss=0.2562, grad_norm=23.3504, exec_time=0.00s
Client 93 trained in 0.77s (simulated: 0.00s)
Client 93 uploaded with stats: loss=0.1858, grad_norm=20.0241, exec_time=0.00s
Client 17 trained in 0.86s (simulated: 0.00s)
Client 17 uploaded with stats: loss=0.1531, grad_norm=15.3878, exec_time=0.00s
Client 25 trained in 0.87s (simulated: 0.00s)
Client 25 uploaded with stats: loss=0.3128, grad_norm=24.1838, exec_time=0.00s
Client 27 trained in 0.92s (simulated: 0.00s)
Client 27 uploaded with stats: loss=0.4783, grad_norm=29.2077, exec_time=0.00s
Client 5 trained in 1.03s (simulated: 0.00s)
Client 5 uploaded with stats: loss=0.2999, grad_norm=20.3065, exec_time=0.00s
Client 69 trained in 1.03s (simulated: 0.00s)
Client 69 uploaded with stats: loss=0.5001, grad_norm=17.6063, exec_time=0.00s
Client 99 trained in 1.11s (simulated: 0.00s)
Client 99 uploaded with stats: loss=0.5851, grad_norm=29.5819, exec_time=0.00s
Client 53 trained in 1.14s (simulated: 0.00s)
Client 53 uploaded with stats: loss=0.2356, grad_norm=21.9126, exec_time=0.00s
Client 31 trained in 1.20s (simulated: 0.00s)
Client 31 uploaded with stats: loss=0.0687, grad_norm=8.0313, exec_time=0.00s
Epoch(t): 171 accuracy: 73.5 loss 0.6570817989110946 run_time: 274.3763220310211
Current clients: 100, select: 10
| current_epoch 172 |. Begin client select
SchedulerThread select( 10 clients):
71 | 5 | 39 | 38 | 49 | 77 | 54 | 70 | 47 | 84 |
-----------------------------------------------------------------Schedule complete
Client 70 trained in 0.35s (simulated: 0.00s)
Client 70 uploaded with stats: loss=0.2712, grad_norm=21.6395, exec_time=0.00s
Client 38 trained in 0.37s (simulated: 0.00s)
Client 38 uploaded with stats: loss=0.4015, grad_norm=25.5934, exec_time=0.00s
Client 47 trained in 0.55s (simulated: 0.00s)
Client 47 uploaded with stats: loss=0.3067, grad_norm=29.1888, exec_time=0.00s
Client 77 trained in 0.60s (simulated: 0.00s)
Client 77 uploaded with stats: loss=0.3744, grad_norm=28.4100, exec_time=0.00s
Client 49 trained in 0.67s (simulated: 0.00s)
Client 49 uploaded with stats: loss=0.2401, grad_norm=9.9421, exec_time=0.00s
Client 5 trained in 0.72s (simulated: 0.00s)
Client 5 uploaded with stats: loss=0.2982, grad_norm=19.6984, exec_time=0.00s
Client 71 trained in 0.79s (simulated: 0.00s)
Client 71 uploaded with stats: loss=0.1662, grad_norm=13.7735, exec_time=0.00s
Client 54 trained in 0.83s (simulated: 0.00s)
Client 54 uploaded with stats: loss=0.1315, grad_norm=9.3057, exec_time=0.00s
Client 84 trained in 0.88s (simulated: 0.00s)
Client 84 uploaded with stats: loss=0.1303, grad_norm=10.7465, exec_time=0.00s
Client 39 trained in 0.89s (simulated: 0.00s)
Client 39 uploaded with stats: loss=0.4658, grad_norm=23.8018, exec_time=0.00s
Epoch(t): 172 accuracy: 77.01 loss 0.5969753125309945 run_time: 275.87954688072205
Current clients: 100, select: 10
| current_epoch 173 |. Begin client select
SchedulerThread select( 10 clients):
31 | 99 | 25 | 17 | 38 | 35 | 77 | 50 | 27 | 37 |
-----------------------------------------------------------------Schedule complete
Client 37 trained in 0.63s (simulated: 0.00s)
Client 37 uploaded with stats: loss=0.2491, grad_norm=22.0573, exec_time=0.00s
Client 77 trained in 0.70s (simulated: 0.00s)
Client 77 uploaded with stats: loss=0.3917, grad_norm=32.2911, exec_time=0.00s
Client 17 trained in 0.83s (simulated: 0.00s)
Client 17 uploaded with stats: loss=0.1552, grad_norm=15.9678, exec_time=0.00s
Client 27 trained in 0.85s (simulated: 0.00s)
Client 27 uploaded with stats: loss=0.4722, grad_norm=27.8171, exec_time=0.00s
Client 25 trained in 1.11s (simulated: 0.00s)
Client 25 uploaded with stats: loss=0.3042, grad_norm=23.2628, exec_time=0.00s
Client 99 trained in 1.14s (simulated: 0.00s)
Client 99 uploaded with stats: loss=0.5825, grad_norm=29.2293, exec_time=0.00s
Client 38 trained in 1.14s (simulated: 0.00s)
Client 38 uploaded with stats: loss=0.3653, grad_norm=19.2571, exec_time=0.00s
Client 35 trained in 1.20s (simulated: 0.00s)
Client 35 uploaded with stats: loss=0.2078, grad_norm=14.1798, exec_time=0.00s
Client 50 trained in 1.34s (simulated: 0.00s)
Client 50 uploaded with stats: loss=0.2076, grad_norm=15.9072, exec_time=0.00s
Client 31 trained in 1.38s (simulated: 0.00s)
Client 31 uploaded with stats: loss=0.0758, grad_norm=9.2080, exec_time=0.00s
Epoch(t): 173 accuracy: 71.61 loss 0.70155058324337 run_time: 277.8659198284149
Current clients: 100, select: 10
| current_epoch 174 |. Begin client select
SchedulerThread select( 10 clients):
80 | 93 | 40 | 90 | 17 | 73 | 70 | 87 | 77 | 76 |
-----------------------------------------------------------------Schedule complete
Client 77 trained in 0.55s (simulated: 0.00s)
Client 77 uploaded with stats: loss=0.3728, grad_norm=28.5135, exec_time=0.00s
Client 93 trained in 0.58s (simulated: 0.00s)
Client 93 uploaded with stats: loss=0.1903, grad_norm=22.9251, exec_time=0.00s
Client 70 trained in 0.58s (simulated: 0.00s)
Client 70 uploaded with stats: loss=0.2781, grad_norm=26.8078, exec_time=0.00s
Client 17 trained in 0.69s (simulated: 0.00s)
Client 17 uploaded with stats: loss=0.1539, grad_norm=16.1726, exec_time=0.00s
Client 90 trained in 0.82s (simulated: 0.00s)
Client 90 uploaded with stats: loss=0.1944, grad_norm=15.3843, exec_time=0.00s
Client 73 trained in 0.95s (simulated: 0.00s)
Client 73 uploaded with stats: loss=0.1207, grad_norm=13.3654, exec_time=0.00s
Client 80 trained in 0.97s (simulated: 0.00s)
Client 80 uploaded with stats: loss=0.2076, grad_norm=11.1667, exec_time=0.00s
Client 76 trained in 1.09s (simulated: 0.00s)
Client 76 uploaded with stats: loss=0.0810, grad_norm=11.5936, exec_time=0.00s
Client 40 trained in 1.10s (simulated: 0.00s)
Client 40 uploaded with stats: loss=0.2056, grad_norm=14.7555, exec_time=0.00s
Client 87 trained in 1.15s (simulated: 0.00s)
Client 87 uploaded with stats: loss=0.1002, grad_norm=30.3268, exec_time=0.00s
Epoch(t): 174 accuracy: 76.35 loss 0.6125095719099045 run_time: 279.58547163009644
Current clients: 100, select: 10
| current_epoch 175 |. Begin client select
SchedulerThread select( 10 clients):
23 | 10 | 1 | 77 | 17 | 4 | 86 | 38 | 16 | 6 |
-----------------------------------------------------------------Schedule complete
Client 16 trained in 0.43s (simulated: 0.00s)
Client 16 uploaded with stats: loss=0.3655, grad_norm=19.4539, exec_time=0.00s
Client 1 trained in 0.54s (simulated: 0.00s)
Client 1 uploaded with stats: loss=0.2355, grad_norm=16.0917, exec_time=0.00s
Client 6 trained in 0.62s (simulated: 0.00s)
Client 6 uploaded with stats: loss=0.2640, grad_norm=14.2506, exec_time=0.00s
Client 86 trained in 0.64s (simulated: 0.00s)
Client 86 uploaded with stats: loss=0.5313, grad_norm=40.5322, exec_time=0.00s
Client 38 trained in 0.67s (simulated: 0.00s)
Client 38 uploaded with stats: loss=0.3883, grad_norm=26.6868, exec_time=0.00s
Client 23 trained in 0.69s (simulated: 0.00s)
Client 23 uploaded with stats: loss=0.2029, grad_norm=10.9641, exec_time=0.00s
Client 77 trained in 0.75s (simulated: 0.00s)
Client 77 uploaded with stats: loss=0.3696, grad_norm=28.3403, exec_time=0.00s
Client 10 trained in 0.80s (simulated: 0.00s)
Client 10 uploaded with stats: loss=0.3105, grad_norm=18.2397, exec_time=0.00s
Client 17 trained in 0.81s (simulated: 0.00s)
Client 17 uploaded with stats: loss=0.1455, grad_norm=14.2691, exec_time=0.00s
Client 4 trained in 0.82s (simulated: 0.00s)
Client 4 uploaded with stats: loss=0.3124, grad_norm=23.4213, exec_time=0.00s
Epoch(t): 175 accuracy: 72.95 loss 0.675843303501606 run_time: 280.94876074790955
Current clients: 100, select: 10
| current_epoch 176 |. Begin client select
SchedulerThread select( 10 clients):
52 | 48 | 4 | 56 | 55 | 97 | 99 | 39 | 38 | 63 |
-----------------------------------------------------------------Schedule complete
Client 99 trained in 0.33s (simulated: 0.00s)
Client 99 uploaded with stats: loss=0.5605, grad_norm=27.0786, exec_time=0.00s
Client 52 trained in 0.43s (simulated: 0.00s)
Client 52 uploaded with stats: loss=0.3401, grad_norm=23.4953, exec_time=0.00s
Client 55 trained in 0.46s (simulated: 0.00s)
Client 55 uploaded with stats: loss=0.2761, grad_norm=24.6736, exec_time=0.00s
Client 48 trained in 0.50s (simulated: 0.00s)
Client 48 uploaded with stats: loss=0.3569, grad_norm=13.8587, exec_time=0.00s
Client 97 trained in 0.56s (simulated: 0.00s)
Client 97 uploaded with stats: loss=0.8356, grad_norm=50.8867, exec_time=0.00s
Client 56 trained in 0.57s (simulated: 0.00s)
Client 56 uploaded with stats: loss=0.0839, grad_norm=11.0390, exec_time=0.00s
Client 39 trained in 0.57s (simulated: 0.00s)
Client 39 uploaded with stats: loss=0.5367, grad_norm=33.4261, exec_time=0.00s
Client 4 trained in 0.60s (simulated: 0.00s)
Client 4 uploaded with stats: loss=0.2730, grad_norm=15.8746, exec_time=0.00s
Client 38 trained in 0.66s (simulated: 0.00s)
Client 38 uploaded with stats: loss=0.3836, grad_norm=24.2173, exec_time=0.00s
Client 63 trained in 0.68s (simulated: 0.00s)
Client 63 uploaded with stats: loss=0.1509, grad_norm=13.7367, exec_time=0.00s
Epoch(t): 176 accuracy: 73.65 loss 0.6187136507034302 run_time: 282.2897551059723
Current clients: 100, select: 10
| current_epoch 177 |. Begin client select
SchedulerThread select( 10 clients):
64 | 95 | 86 | 48 | 77 | 43 | 45 | 37 | 52 | 39 |
-----------------------------------------------------------------Schedule complete
Client 95 trained in 0.40s (simulated: 0.00s)
Client 95 uploaded with stats: loss=0.1345, grad_norm=12.0767, exec_time=0.00s
Client 43 trained in 0.50s (simulated: 0.00s)
Client 43 uploaded with stats: loss=0.1434, grad_norm=13.7643, exec_time=0.00s
Client 52 trained in 0.55s (simulated: 0.00s)
Client 52 uploaded with stats: loss=0.3284, grad_norm=19.6996, exec_time=0.00s
Client 37 trained in 0.63s (simulated: 0.00s)
Client 37 uploaded with stats: loss=0.2510, grad_norm=21.6181, exec_time=0.00s
Client 86 trained in 0.69s (simulated: 0.00s)
Client 86 uploaded with stats: loss=0.3977, grad_norm=27.3946, exec_time=0.00s
Client 77 trained in 0.68s (simulated: 0.00s)
Client 77 uploaded with stats: loss=0.3710, grad_norm=27.2524, exec_time=0.00s
Client 48 trained in 0.75s (simulated: 0.00s)
Client 48 uploaded with stats: loss=0.4093, grad_norm=21.5584, exec_time=0.00s
Client 64 trained in 0.84s (simulated: 0.00s)
Client 64 uploaded with stats: loss=0.2546, grad_norm=24.2816, exec_time=0.00s
Client 45 trained in 0.84s (simulated: 0.00s)
Client 45 uploaded with stats: loss=0.2247, grad_norm=15.2447, exec_time=0.00s
Client 39 trained in 0.84s (simulated: 0.00s)
Client 39 uploaded with stats: loss=0.4061, grad_norm=19.3162, exec_time=0.00s
Epoch(t): 177 accuracy: 70.66 loss 0.6874925872683525 run_time: 283.747111082077
Current clients: 100, select: 10
| current_epoch 178 |. Begin client select
SchedulerThread select( 10 clients):
31 | 93 | 43 | 95 | 77 | 67 | 37 | 52 | 75 | 83 |
-----------------------------------------------------------------Schedule complete
Client 95 trained in 0.74s (simulated: 0.00s)
Client 95 uploaded with stats: loss=0.1458, grad_norm=15.6345, exec_time=0.00s
Client 37 trained in 0.83s (simulated: 0.00s)
Client 37 uploaded with stats: loss=0.2488, grad_norm=22.7829, exec_time=0.00s
Client 93 trained in 0.85s (simulated: 0.00s)
Client 93 uploaded with stats: loss=0.1817, grad_norm=18.6027, exec_time=0.00s
Client 77 trained in 0.86s (simulated: 0.00s)
Client 77 uploaded with stats: loss=0.3781, grad_norm=30.5537, exec_time=0.00s
Client 43 trained in 0.98s (simulated: 0.00s)
Client 43 uploaded with stats: loss=0.1576, grad_norm=17.1949, exec_time=0.00s
Client 75 trained in 1.11s (simulated: 0.00s)
Client 75 uploaded with stats: loss=0.4896, grad_norm=37.8616, exec_time=0.00s
Client 52 trained in 1.11s (simulated: 0.00s)
Client 52 uploaded with stats: loss=0.3385, grad_norm=23.5976, exec_time=0.00s
Client 83 trained in 1.14s (simulated: 0.00s)
Client 83 uploaded with stats: loss=0.1470, grad_norm=25.5774, exec_time=0.00s
Client 67 trained in 1.27s (simulated: 0.00s)
Client 67 uploaded with stats: loss=0.1163, grad_norm=9.9165, exec_time=0.00s
Client 31 trained in 1.25s (simulated: 0.00s)
Client 31 uploaded with stats: loss=0.0737, grad_norm=9.4924, exec_time=0.00s
Epoch(t): 178 accuracy: 74.27 loss 0.642141892015934 run_time: 285.6420590877533
Current clients: 100, select: 10
| current_epoch 179 |. Begin client select
SchedulerThread select( 10 clients):
46 | 99 | 10 | 42 | 71 | 78 | 29 | 37 | 77 | 27 |
-----------------------------------------------------------------Schedule complete
Client 71 trained in 0.53s (simulated: 0.00s)
Client 71 uploaded with stats: loss=0.1482, grad_norm=10.1744, exec_time=0.00s
Client 37 trained in 0.58s (simulated: 0.00s)
Client 37 uploaded with stats: loss=0.2436, grad_norm=22.8298, exec_time=0.00s
Client 27 trained in 0.63s (simulated: 0.00s)
Client 27 uploaded with stats: loss=0.4712, grad_norm=27.9174, exec_time=0.00s
Client 77 trained in 0.68s (simulated: 0.00s)
Client 77 uploaded with stats: loss=0.3651, grad_norm=28.3539, exec_time=0.00s
Client 78 trained in 0.76s (simulated: 0.00s)
Client 78 uploaded with stats: loss=0.2525, grad_norm=18.7043, exec_time=0.00s
Client 99 trained in 0.78s (simulated: 0.00s)
Client 99 uploaded with stats: loss=0.5132, grad_norm=22.7587, exec_time=0.00s
Client 42 trained in 0.86s (simulated: 0.00s)
Client 42 uploaded with stats: loss=0.1607, grad_norm=15.1074, exec_time=0.00s
Client 10 trained in 0.88s (simulated: 0.00s)
Client 10 uploaded with stats: loss=0.3279, grad_norm=19.7780, exec_time=0.00s
Client 29 trained in 0.92s (simulated: 0.00s)
Client 29 uploaded with stats: loss=0.0744, grad_norm=25.5816, exec_time=0.00s
Client 46 trained in 0.92s (simulated: 0.00s)
Client 46 uploaded with stats: loss=0.1816, grad_norm=21.2073, exec_time=0.00s
Epoch(t): 179 accuracy: 76.9 loss 0.59774708122015 run_time: 287.23518347740173
Current clients: 100, select: 10
| current_epoch 180 |. Begin client select
SchedulerThread select( 10 clients):
53 | 79 | 70 | 97 | 31 | 20 | 35 | 27 | 42 | 77 |
-----------------------------------------------------------------Schedule complete
Client 70 trained in 0.47s (simulated: 0.00s)
Client 70 uploaded with stats: loss=0.2838, grad_norm=25.1043, exec_time=0.00s
Client 35 trained in 0.55s (simulated: 0.00s)
Client 35 uploaded with stats: loss=0.2107, grad_norm=14.9617, exec_time=0.00s
Client 27 trained in 0.61s (simulated: 0.00s)
Client 27 uploaded with stats: loss=0.4771, grad_norm=29.5467, exec_time=0.00s
Client 53 trained in 0.69s (simulated: 0.00s)
Client 53 uploaded with stats: loss=0.2131, grad_norm=15.1675, exec_time=0.00s
Client 77 trained in 0.73s (simulated: 0.00s)
Client 77 uploaded with stats: loss=0.3703, grad_norm=28.9463, exec_time=0.00s
Client 42 trained in 0.84s (simulated: 0.00s)
Client 42 uploaded with stats: loss=0.1386, grad_norm=12.5137, exec_time=0.00s
Client 31 trained in 0.84s (simulated: 0.00s)
Client 31 uploaded with stats: loss=0.0746, grad_norm=9.5199, exec_time=0.00s
Client 79 trained in 0.94s (simulated: 0.00s)
Client 79 uploaded with stats: loss=0.1455, grad_norm=13.9535, exec_time=0.00s
Client 20 trained in 0.94s (simulated: 0.00s)
Client 20 uploaded with stats: loss=0.1531, grad_norm=16.7320, exec_time=0.00s
Client 97 trained in 0.94s (simulated: 0.00s)
Client 97 uploaded with stats: loss=0.3493, grad_norm=23.9684, exec_time=0.00s
Epoch(t): 180 accuracy: 78.66 loss 0.5677851215004921 run_time: 288.8120470046997
Current clients: 100, select: 10
| current_epoch 181 |. Begin client select
SchedulerThread select( 10 clients):
67 | 79 | 49 | 31 | 23 | 19 | 86 | 35 | 7 | 73 |
-----------------------------------------------------------------Schedule complete
Client 73 trained in 0.39s (simulated: 0.00s)
Client 73 uploaded with stats: loss=0.1255, grad_norm=14.3492, exec_time=0.00s
Client 86 trained in 0.41s (simulated: 0.00s)
Client 86 uploaded with stats: loss=0.4468, grad_norm=32.2673, exec_time=0.00s
Client 35 trained in 0.42s (simulated: 0.00s)
Client 35 uploaded with stats: loss=0.2029, grad_norm=14.1395, exec_time=0.00s
Client 31 trained in 0.43s (simulated: 0.00s)
Client 31 uploaded with stats: loss=0.0668, grad_norm=7.7367, exec_time=0.00s
Client 79 trained in 0.61s (simulated: 0.00s)
Client 79 uploaded with stats: loss=0.1340, grad_norm=11.5024, exec_time=0.00s
Client 7 trained in 0.67s (simulated: 0.00s)
Client 7 uploaded with stats: loss=0.1714, grad_norm=10.6252, exec_time=0.00s
Client 19 trained in 0.69s (simulated: 0.00s)
Client 19 uploaded with stats: loss=0.0975, grad_norm=15.4548, exec_time=0.00s
Client 49 trained in 0.70s (simulated: 0.00s)
Client 49 uploaded with stats: loss=0.2521, grad_norm=11.5142, exec_time=0.00s
Client 23 trained in 0.74s (simulated: 0.00s)
Client 23 uploaded with stats: loss=0.2106, grad_norm=12.7262, exec_time=0.00s
Client 67 trained in 0.81s (simulated: 0.00s)
Client 67 uploaded with stats: loss=0.1306, grad_norm=9.6771, exec_time=0.00s
Epoch(t): 181 accuracy: 73.69 loss 0.6678489875793457 run_time: 290.22834610939026
Current clients: 100, select: 10
| current_epoch 182 |. Begin client select
SchedulerThread select( 10 clients):
27 | 34 | 84 | 20 | 17 | 64 | 99 | 86 | 66 | 63 |
-----------------------------------------------------------------Schedule complete
Client 86 trained in 0.28s (simulated: 0.00s)
Client 86 uploaded with stats: loss=0.3444, grad_norm=20.4327, exec_time=0.00s
Client 99 trained in 0.29s (simulated: 0.00s)
Client 99 uploaded with stats: loss=0.5522, grad_norm=28.9397, exec_time=0.00s
Client 84 trained in 0.48s (simulated: 0.00s)
Client 84 uploaded with stats: loss=0.1233, grad_norm=11.6406, exec_time=0.00s
Client 27 trained in 0.54s (simulated: 0.00s)
Client 27 uploaded with stats: loss=0.4979, grad_norm=35.0113, exec_time=0.00s
Client 66 trained in 0.62s (simulated: 0.00s)
Client 66 uploaded with stats: loss=0.1177, grad_norm=25.7354, exec_time=0.00s
Client 20 trained in 0.67s (simulated: 0.00s)
Client 20 uploaded with stats: loss=0.1735, grad_norm=22.7803, exec_time=0.00s
Client 17 trained in 0.68s (simulated: 0.00s)
Client 17 uploaded with stats: loss=0.1463, grad_norm=14.4100, exec_time=0.00s
Client 64 trained in 0.71s (simulated: 0.00s)
Client 64 uploaded with stats: loss=0.2611, grad_norm=24.2866, exec_time=0.00s
Client 34 trained in 0.80s (simulated: 0.00s)
Client 34 uploaded with stats: loss=0.0757, grad_norm=6.0788, exec_time=0.00s
Client 63 trained in 0.81s (simulated: 0.00s)
Client 63 uploaded with stats: loss=0.1690, grad_norm=16.7184, exec_time=0.00s
Epoch(t): 182 accuracy: 75.53 loss 0.6196903935074807 run_time: 291.70159554481506
Current clients: 100, select: 10
| current_epoch 183 |. Begin client select
SchedulerThread select( 10 clients):
1 | 17 | 78 | 70 | 12 | 16 | 36 | 96 | 77 | 5 |
-----------------------------------------------------------------Schedule complete
Client 70 trained in 0.67s (simulated: 0.00s)
Client 70 uploaded with stats: loss=0.2552, grad_norm=20.4591, exec_time=0.00s
Client 77 trained in 0.67s (simulated: 0.00s)
Client 77 uploaded with stats: loss=0.3711, grad_norm=30.1227, exec_time=0.00s
Client 12 trained in 0.74s (simulated: 0.00s)
Client 12 uploaded with stats: loss=0.3419, grad_norm=25.5778, exec_time=0.00s
Client 17 trained in 0.75s (simulated: 0.00s)
Client 17 uploaded with stats: loss=0.1447, grad_norm=14.3228, exec_time=0.00s
Client 5 trained in 0.78s (simulated: 0.00s)
Client 5 uploaded with stats: loss=0.2745, grad_norm=17.8140, exec_time=0.00s
Client 16 trained in 0.82s (simulated: 0.00s)
Client 16 uploaded with stats: loss=0.3684, grad_norm=19.5709, exec_time=0.00s
Client 78 trained in 0.97s (simulated: 0.00s)
Client 78 uploaded with stats: loss=0.2511, grad_norm=18.3000, exec_time=0.00s
Client 1 trained in 1.01s (simulated: 0.00s)
Client 1 uploaded with stats: loss=0.2401, grad_norm=17.9992, exec_time=0.00s
Client 36 trained in 1.02s (simulated: 0.00s)
Client 36 uploaded with stats: loss=0.0961, grad_norm=11.1504, exec_time=0.00s
Client 96 trained in 1.04s (simulated: 0.00s)
Client 96 uploaded with stats: loss=0.0952, grad_norm=14.5727, exec_time=0.00s
Epoch(t): 183 accuracy: 77.12 loss 0.5854788175225258 run_time: 293.3631546497345
Current clients: 100, select: 10
| current_epoch 184 |. Begin client select
SchedulerThread select( 10 clients):
90 | 55 | 39 | 27 | 5 | 77 | 99 | 84 | 83 | 20 |
-----------------------------------------------------------------Schedule complete
Client 5 trained in 0.46s (simulated: 0.00s)
Client 5 uploaded with stats: loss=0.2891, grad_norm=20.6476, exec_time=0.00s
Client 55 trained in 0.55s (simulated: 0.00s)
Client 55 uploaded with stats: loss=0.2469, grad_norm=19.8316, exec_time=0.00s
Client 27 trained in 0.59s (simulated: 0.00s)
Client 27 uploaded with stats: loss=0.4563, grad_norm=28.6212, exec_time=0.00s
Client 77 trained in 0.69s (simulated: 0.00s)
Client 77 uploaded with stats: loss=0.3712, grad_norm=31.5242, exec_time=0.00s
Client 90 trained in 0.71s (simulated: 0.00s)
Client 90 uploaded with stats: loss=0.1894, grad_norm=15.1506, exec_time=0.00s
Client 99 trained in 0.87s (simulated: 0.00s)
Client 99 uploaded with stats: loss=0.5579, grad_norm=28.9842, exec_time=0.00s
Client 84 trained in 0.88s (simulated: 0.00s)
Client 84 uploaded with stats: loss=0.1235, grad_norm=10.9986, exec_time=0.00s
Client 20 trained in 0.91s (simulated: 0.00s)
Client 20 uploaded with stats: loss=0.1510, grad_norm=15.9502, exec_time=0.00s
Client 39 trained in 0.91s (simulated: 0.00s)
Client 39 uploaded with stats: loss=0.4442, grad_norm=22.1844, exec_time=0.00s
Client 83 trained in 0.98s (simulated: 0.00s)
Client 83 uploaded with stats: loss=0.1307, grad_norm=24.0821, exec_time=0.00s
Epoch(t): 184 accuracy: 71.71 loss 0.6847147661447525 run_time: 295.0099449157715
Current clients: 100, select: 10
| current_epoch 185 |. Begin client select
SchedulerThread select( 10 clients):
45 | 12 | 47 | 96 | 53 | 6 | 97 | 49 | 34 | 10 |
-----------------------------------------------------------------Schedule complete
Client 47 trained in 0.34s (simulated: 0.00s)
Client 47 uploaded with stats: loss=0.3087, grad_norm=31.6597, exec_time=0.00s
Client 53 trained in 0.36s (simulated: 0.00s)
Client 53 uploaded with stats: loss=0.2162, grad_norm=14.9240, exec_time=0.00s
Client 6 trained in 0.42s (simulated: 0.00s)
Client 6 uploaded with stats: loss=0.2964, grad_norm=25.1195, exec_time=0.00s
Client 96 trained in 0.48s (simulated: 0.00s)
Client 96 uploaded with stats: loss=0.0786, grad_norm=8.1236, exec_time=0.00s
Client 12 trained in 0.54s (simulated: 0.00s)
Client 12 uploaded with stats: loss=0.3400, grad_norm=25.6832, exec_time=0.00s
Client 49 trained in 0.57s (simulated: 0.00s)
Client 49 uploaded with stats: loss=0.3473, grad_norm=26.5560, exec_time=0.00s
Client 34 trained in 0.59s (simulated: 0.00s)
Client 34 uploaded with stats: loss=0.0886, grad_norm=7.7234, exec_time=0.00s
Client 97 trained in 0.63s (simulated: 0.00s)
Client 97 uploaded with stats: loss=0.8801, grad_norm=51.4963, exec_time=0.00s
Client 10 trained in 0.69s (simulated: 0.00s)
Client 10 uploaded with stats: loss=0.3625, grad_norm=23.5515, exec_time=0.00s
Client 45 trained in 0.69s (simulated: 0.00s)
Client 45 uploaded with stats: loss=0.2328, grad_norm=13.2563, exec_time=0.00s
Epoch(t): 185 accuracy: 74.02 loss 0.6863908529281616 run_time: 296.2735514640808
Current clients: 100, select: 10
| current_epoch 186 |. Begin client select
SchedulerThread select( 10 clients):
93 | 25 | 16 | 37 | 56 | 34 | 12 | 27 | 75 | 64 |
-----------------------------------------------------------------Schedule complete
Client 27 trained in 0.66s (simulated: 0.00s)
Client 27 uploaded with stats: loss=0.4639, grad_norm=29.3728, exec_time=0.00s
Client 12 trained in 0.68s (simulated: 0.00s)
Client 12 uploaded with stats: loss=0.3356, grad_norm=25.5716, exec_time=0.00s
Client 37 trained in 0.70s (simulated: 0.00s)
Client 37 uploaded with stats: loss=0.2553, grad_norm=24.6570, exec_time=0.00s
Client 93 trained in 0.88s (simulated: 0.00s)
Client 93 uploaded with stats: loss=0.1768, grad_norm=19.0259, exec_time=0.00s
Client 25 trained in 0.88s (simulated: 0.00s)
Client 25 uploaded with stats: loss=0.2709, grad_norm=18.4169, exec_time=0.00s
Client 16 trained in 0.90s (simulated: 0.00s)
Client 16 uploaded with stats: loss=0.3357, grad_norm=16.7271, exec_time=0.00s
Client 75 trained in 1.03s (simulated: 0.00s)
Client 75 uploaded with stats: loss=0.4528, grad_norm=31.2196, exec_time=0.00s
Client 34 trained in 1.08s (simulated: 0.00s)
Client 34 uploaded with stats: loss=0.0701, grad_norm=6.8686, exec_time=0.00s
Client 56 trained in 1.09s (simulated: 0.00s)
Client 56 uploaded with stats: loss=0.0694, grad_norm=6.4199, exec_time=0.00s
Client 64 trained in 1.11s (simulated: 0.00s)
Client 64 uploaded with stats: loss=0.2224, grad_norm=16.9011, exec_time=0.00s
Epoch(t): 186 accuracy: 69.33 loss 0.7572873455286026 run_time: 297.97123861312866
Current clients: 100, select: 10
| current_epoch 187 |. Begin client select
SchedulerThread select( 10 clients):
60 | 12 | 29 | 27 | 35 | 56 | 37 | 75 | 39 | 26 |
-----------------------------------------------------------------Schedule complete
Client 37 trained in 0.70s (simulated: 0.00s)
Client 37 uploaded with stats: loss=0.2416, grad_norm=21.6816, exec_time=0.00s
Client 26 trained in 0.77s (simulated: 0.00s)
Client 26 uploaded with stats: loss=0.1698, grad_norm=20.5411, exec_time=0.00s
Client 12 trained in 0.82s (simulated: 0.00s)
Client 12 uploaded with stats: loss=0.3281, grad_norm=24.4726, exec_time=0.00s
Client 27 trained in 0.87s (simulated: 0.00s)
Client 27 uploaded with stats: loss=0.4969, grad_norm=35.0974, exec_time=0.00s
Client 35 trained in 0.92s (simulated: 0.00s)
Client 35 uploaded with stats: loss=0.2338, grad_norm=21.5583, exec_time=0.00s
Client 75 trained in 0.96s (simulated: 0.00s)
Client 75 uploaded with stats: loss=0.4733, grad_norm=37.7219, exec_time=0.00s
Client 60 trained in 1.08s (simulated: 0.00s)
Client 60 uploaded with stats: loss=0.1406, grad_norm=14.9016, exec_time=0.00s
Client 39 trained in 1.10s (simulated: 0.00s)
Client 39 uploaded with stats: loss=0.6239, grad_norm=36.2752, exec_time=0.00s
Client 56 trained in 1.14s (simulated: 0.00s)
Client 56 uploaded with stats: loss=0.0707, grad_norm=7.1308, exec_time=0.00s
Client 29 trained in 1.15s (simulated: 0.00s)
Client 29 uploaded with stats: loss=0.1078, grad_norm=38.0660, exec_time=0.00s
Epoch(t): 187 accuracy: 80.2 loss 0.533534260392189 run_time: 299.7275023460388
Current clients: 100, select: 10
| current_epoch 188 |. Begin client select
SchedulerThread select( 10 clients):
64 | 71 | 8 | 17 | 87 | 2 | 29 | 1 | 12 | 48 |
-----------------------------------------------------------------Schedule complete
Client 71 trained in 0.32s (simulated: 0.00s)
Client 71 uploaded with stats: loss=0.1503, grad_norm=10.2179, exec_time=0.00s
Client 1 trained in 0.47s (simulated: 0.00s)
Client 1 uploaded with stats: loss=0.2233, grad_norm=12.7480, exec_time=0.00s
Client 12 trained in 0.58s (simulated: 0.00s)
Client 12 uploaded with stats: loss=0.3276, grad_norm=24.1590, exec_time=0.00s
Client 17 trained in 0.60s (simulated: 0.00s)
Client 17 uploaded with stats: loss=0.1469, grad_norm=13.7780, exec_time=0.00s
Client 2 trained in 0.65s (simulated: 0.00s)
Client 2 uploaded with stats: loss=0.1491, grad_norm=13.0169, exec_time=0.00s
Client 29 trained in 0.66s (simulated: 0.00s)
Client 29 uploaded with stats: loss=0.0561, grad_norm=18.4985, exec_time=0.00s
Client 8 trained in 0.86s (simulated: 0.00s)
Client 8 uploaded with stats: loss=0.0693, grad_norm=14.2933, exec_time=0.00s
Client 64 trained in 0.88s (simulated: 0.00s)
Client 64 uploaded with stats: loss=0.2284, grad_norm=17.5761, exec_time=0.00s
Client 87 trained in 0.89s (simulated: 0.00s)
Client 87 uploaded with stats: loss=0.0871, grad_norm=16.1561, exec_time=0.00s
Client 48 trained in 0.90s (simulated: 0.00s)
Client 48 uploaded with stats: loss=0.3519, grad_norm=14.1018, exec_time=0.00s
Epoch(t): 188 accuracy: 78.69 loss 0.5746127209067344 run_time: 301.1876378059387
Current clients: 100, select: 10
| current_epoch 189 |. Begin client select
SchedulerThread select( 10 clients):
12 | 83 | 40 | 6 | 76 | 42 | 93 | 71 | 64 | 38 |
-----------------------------------------------------------------Schedule complete
Client 71 trained in 0.54s (simulated: 0.00s)
Client 71 uploaded with stats: loss=0.1446, grad_norm=11.4931, exec_time=0.00s
Client 12 trained in 0.59s (simulated: 0.00s)
Client 12 uploaded with stats: loss=0.3258, grad_norm=25.3262, exec_time=0.00s
Client 38 trained in 0.64s (simulated: 0.00s)
Client 38 uploaded with stats: loss=0.3843, grad_norm=23.9865, exec_time=0.00s
Client 93 trained in 0.66s (simulated: 0.00s)
Client 93 uploaded with stats: loss=0.1801, grad_norm=19.7249, exec_time=0.00s
Client 76 trained in 0.77s (simulated: 0.00s)
Client 76 uploaded with stats: loss=0.1067, grad_norm=18.3590, exec_time=0.00s
Client 6 trained in 0.79s (simulated: 0.00s)
Client 6 uploaded with stats: loss=0.2653, grad_norm=15.5126, exec_time=0.00s
Client 40 trained in 0.87s (simulated: 0.00s)
Client 40 uploaded with stats: loss=0.1855, grad_norm=13.7729, exec_time=0.00s
Client 83 trained in 0.96s (simulated: 0.00s)
Client 83 uploaded with stats: loss=0.1045, grad_norm=10.2080, exec_time=0.00s
Client 42 trained in 0.98s (simulated: 0.00s)
Client 42 uploaded with stats: loss=0.1632, grad_norm=15.7718, exec_time=0.00s
Client 64 trained in 1.02s (simulated: 0.00s)
Client 64 uploaded with stats: loss=0.2035, grad_norm=11.3082, exec_time=0.00s
Epoch(t): 189 accuracy: 73.11 loss 0.6705991253256798 run_time: 302.80974221229553
Current clients: 100, select: 10
| current_epoch 190 |. Begin client select
SchedulerThread select( 10 clients):
90 | 86 | 52 | 55 | 63 | 80 | 6 | 17 | 84 | 43 |
-----------------------------------------------------------------Schedule complete
Client 55 trained in 0.49s (simulated: 0.00s)
Client 55 uploaded with stats: loss=0.2467, grad_norm=18.9646, exec_time=0.00s
Client 90 trained in 0.54s (simulated: 0.00s)
Client 90 uploaded with stats: loss=0.1854, grad_norm=16.3309, exec_time=0.00s
Client 80 trained in 0.63s (simulated: 0.00s)
Client 80 uploaded with stats: loss=0.2083, grad_norm=12.6623, exec_time=0.00s
Client 84 trained in 0.66s (simulated: 0.00s)
Client 84 uploaded with stats: loss=0.1200, grad_norm=9.8302, exec_time=0.00s
Client 6 trained in 0.73s (simulated: 0.00s)
Client 6 uploaded with stats: loss=0.2722, grad_norm=17.0078, exec_time=0.00s
Client 17 trained in 0.83s (simulated: 0.00s)
Client 17 uploaded with stats: loss=0.1486, grad_norm=16.6636, exec_time=0.00s
Client 52 trained in 0.86s (simulated: 0.00s)
Client 52 uploaded with stats: loss=0.3071, grad_norm=15.1613, exec_time=0.00s
Client 86 trained in 0.90s (simulated: 0.00s)
Client 86 uploaded with stats: loss=0.4813, grad_norm=33.8924, exec_time=0.00s
Client 43 trained in 0.92s (simulated: 0.00s)
Client 43 uploaded with stats: loss=0.1535, grad_norm=16.2727, exec_time=0.00s
Client 63 trained in 0.97s (simulated: 0.00s)
Client 63 uploaded with stats: loss=0.1896, grad_norm=22.6919, exec_time=0.00s
Epoch(t): 190 accuracy: 78.12 loss 0.578534582555294 run_time: 304.3685688972473
Current clients: 100, select: 10
| current_epoch 191 |. Begin client select
SchedulerThread select( 10 clients):
47 | 26 | 87 | 99 | 70 | 52 | 84 | 90 | 76 | 93 |
-----------------------------------------------------------------Schedule complete
Client 70 trained in 0.51s (simulated: 0.00s)
Client 70 uploaded with stats: loss=0.2495, grad_norm=19.2256, exec_time=0.00s
Client 47 trained in 0.56s (simulated: 0.00s)
Client 47 uploaded with stats: loss=0.2950, grad_norm=26.5468, exec_time=0.00s
Client 93 trained in 0.67s (simulated: 0.00s)
Client 93 uploaded with stats: loss=0.1713, grad_norm=18.2531, exec_time=0.00s
Client 26 trained in 0.73s (simulated: 0.00s)
Client 26 uploaded with stats: loss=0.1642, grad_norm=18.5949, exec_time=0.00s
Client 90 trained in 0.80s (simulated: 0.00s)
Client 90 uploaded with stats: loss=0.1808, grad_norm=14.2071, exec_time=0.00s
Client 84 trained in 0.92s (simulated: 0.00s)
Client 84 uploaded with stats: loss=0.1192, grad_norm=10.4923, exec_time=0.00s
Client 99 trained in 1.05s (simulated: 0.00s)
Client 99 uploaded with stats: loss=0.5511, grad_norm=30.3612, exec_time=0.00s
Client 52 trained in 1.06s (simulated: 0.00s)
Client 52 uploaded with stats: loss=0.3188, grad_norm=19.8845, exec_time=0.00s
Client 76 trained in 1.08s (simulated: 0.00s)
Client 76 uploaded with stats: loss=0.0977, grad_norm=16.9923, exec_time=0.00s
Client 87 trained in 1.10s (simulated: 0.00s)
Client 87 uploaded with stats: loss=0.0899, grad_norm=17.0039, exec_time=0.00s
Epoch(t): 191 accuracy: 79.66 loss 0.5464370808005333 run_time: 306.07256984710693
Current clients: 100, select: 10
| current_epoch 192 |. Begin client select
SchedulerThread select( 10 clients):
60 | 63 | 35 | 87 | 26 | 50 | 75 | 12 | 17 | 76 |
-----------------------------------------------------------------Schedule complete
Client 35 trained in 0.66s (simulated: 0.00s)
Client 35 uploaded with stats: loss=0.2050, grad_norm=15.7497, exec_time=0.00s
Client 26 trained in 0.73s (simulated: 0.00s)
Client 26 uploaded with stats: loss=0.1531, grad_norm=16.8566, exec_time=0.00s
Client 12 trained in 0.81s (simulated: 0.00s)
Client 12 uploaded with stats: loss=0.3309, grad_norm=26.6517, exec_time=0.00s
Client 17 trained in 0.87s (simulated: 0.00s)
Client 17 uploaded with stats: loss=0.1426, grad_norm=14.7407, exec_time=0.00s
Client 76 trained in 0.91s (simulated: 0.00s)
Client 76 uploaded with stats: loss=0.0932, grad_norm=16.0055, exec_time=0.00s
Client 75 trained in 0.98s (simulated: 0.00s)
Client 75 uploaded with stats: loss=0.5050, grad_norm=38.5567, exec_time=0.00s
Client 60 trained in 1.07s (simulated: 0.00s)
Client 60 uploaded with stats: loss=0.1267, grad_norm=12.3727, exec_time=0.00s
Client 63 trained in 1.08s (simulated: 0.00s)
Client 63 uploaded with stats: loss=0.1587, grad_norm=14.1619, exec_time=0.00s
Client 50 trained in 1.12s (simulated: 0.00s)
Client 50 uploaded with stats: loss=0.1965, grad_norm=14.1608, exec_time=0.00s
Client 87 trained in 1.12s (simulated: 0.00s)
Client 87 uploaded with stats: loss=0.0736, grad_norm=12.9935, exec_time=0.00s
Epoch(t): 192 accuracy: 80.79 loss 0.5141876018047333 run_time: 307.784077167511
Current clients: 100, select: 10
| current_epoch 193 |. Begin client select
SchedulerThread select( 10 clients):
6 | 77 | 26 | 84 | 60 | 12 | 17 | 67 | 66 | 76 |
-----------------------------------------------------------------Schedule complete
Client 77 trained in 0.69s (simulated: 0.00s)
Client 77 uploaded with stats: loss=0.3745, grad_norm=31.2328, exec_time=0.00s
Client 26 trained in 0.70s (simulated: 0.00s)
Client 26 uploaded with stats: loss=0.1511, grad_norm=15.1958, exec_time=0.00s
Client 17 trained in 0.84s (simulated: 0.00s)
Client 17 uploaded with stats: loss=0.1392, grad_norm=14.9805, exec_time=0.00s
Client 84 trained in 0.92s (simulated: 0.00s)
Client 84 uploaded with stats: loss=0.1216, grad_norm=10.6381, exec_time=0.00s
Client 12 trained in 0.95s (simulated: 0.00s)
Client 12 uploaded with stats: loss=0.3362, grad_norm=28.0261, exec_time=0.00s
Client 6 trained in 1.09s (simulated: 0.00s)
Client 6 uploaded with stats: loss=0.2603, grad_norm=15.1529, exec_time=0.00s
Client 76 trained in 1.13s (simulated: 0.00s)
Client 76 uploaded with stats: loss=0.0928, grad_norm=16.3459, exec_time=0.00s
Client 60 trained in 1.17s (simulated: 0.00s)
Client 60 uploaded with stats: loss=0.1236, grad_norm=11.0305, exec_time=0.00s
Client 66 trained in 1.22s (simulated: 0.00s)
Client 66 uploaded with stats: loss=0.0802, grad_norm=15.2795, exec_time=0.00s
Client 67 trained in 1.25s (simulated: 0.00s)
Client 67 uploaded with stats: loss=0.1140, grad_norm=9.0724, exec_time=0.00s
Epoch(t): 193 accuracy: 73.13 loss 0.6741055855154992 run_time: 309.66602063179016
Current clients: 100, select: 10
| current_epoch 194 |. Begin client select
SchedulerThread select( 10 clients):
27 | 44 | 45 | 71 | 93 | 73 | 86 | 56 | 75 | 7 |
-----------------------------------------------------------------Schedule complete
Client 71 trained in 0.35s (simulated: 0.00s)
Client 71 uploaded with stats: loss=0.1465, grad_norm=12.1536, exec_time=0.00s
Client 73 trained in 0.55s (simulated: 0.00s)
Client 73 uploaded with stats: loss=0.1148, grad_norm=12.4490, exec_time=0.00s
Client 27 trained in 0.60s (simulated: 0.00s)
Client 27 uploaded with stats: loss=0.4701, grad_norm=31.7878, exec_time=0.00s
Client 93 trained in 0.60s (simulated: 0.00s)
Client 93 uploaded with stats: loss=0.1813, grad_norm=22.1371, exec_time=0.00s
Client 75 trained in 0.71s (simulated: 0.00s)
Client 75 uploaded with stats: loss=0.4615, grad_norm=34.1942, exec_time=0.00s
Client 86 trained in 0.77s (simulated: 0.00s)
Client 86 uploaded with stats: loss=0.4975, grad_norm=36.3475, exec_time=0.00s
Client 44 trained in 0.89s (simulated: 0.00s)
Client 44 uploaded with stats: loss=0.0619, grad_norm=7.3841, exec_time=0.00s
Client 7 trained in 0.89s (simulated: 0.00s)
Client 7 uploaded with stats: loss=0.1595, grad_norm=9.9007, exec_time=0.00s
Client 56 trained in 0.94s (simulated: 0.00s)
Client 56 uploaded with stats: loss=0.0667, grad_norm=7.8309, exec_time=0.00s
Client 45 trained in 0.97s (simulated: 0.00s)
Client 45 uploaded with stats: loss=0.2200, grad_norm=12.0712, exec_time=0.00s
Epoch(t): 194 accuracy: 79.03 loss 0.5646201500296593 run_time: 311.27891182899475
Current clients: 100, select: 10
| current_epoch 195 |. Begin client select
SchedulerThread select( 10 clients):
77 | 93 | 16 | 38 | 46 | 71 | 84 | 19 | 70 | 79 |
-----------------------------------------------------------------Schedule complete
Client 38 trained in 0.55s (simulated: 0.00s)
Client 38 uploaded with stats: loss=0.3882, grad_norm=25.3779, exec_time=0.00s
Client 70 trained in 0.62s (simulated: 0.00s)
Client 70 uploaded with stats: loss=0.2518, grad_norm=21.5423, exec_time=0.00s
Client 93 trained in 0.67s (simulated: 0.00s)
Client 93 uploaded with stats: loss=0.1677, grad_norm=19.0299, exec_time=0.00s
Client 77 trained in 0.71s (simulated: 0.00s)
Client 77 uploaded with stats: loss=0.3619, grad_norm=29.7341, exec_time=0.00s
Client 71 trained in 0.72s (simulated: 0.00s)
Client 71 uploaded with stats: loss=0.1363, grad_norm=10.7765, exec_time=0.00s
Client 84 trained in 0.97s (simulated: 0.00s)
Client 84 uploaded with stats: loss=0.1195, grad_norm=10.4809, exec_time=0.00s
Client 16 trained in 0.97s (simulated: 0.00s)
Client 16 uploaded with stats: loss=0.3600, grad_norm=21.4011, exec_time=0.00s
Client 46 trained in 1.00s (simulated: 0.00s)
Client 46 uploaded with stats: loss=0.1560, grad_norm=21.1959, exec_time=0.00s
Client 79 trained in 1.05s (simulated: 0.00s)
Client 79 uploaded with stats: loss=0.1325, grad_norm=14.1457, exec_time=0.00s
Client 19 trained in 1.05s (simulated: 0.00s)
Client 19 uploaded with stats: loss=0.1033, grad_norm=14.3471, exec_time=0.00s
Epoch(t): 195 accuracy: 76.23 loss 0.6263821721076965 run_time: 312.92120695114136
Current clients: 100, select: 10
| current_epoch 196 |. Begin client select
SchedulerThread select( 10 clients):
19 | 95 | 66 | 38 | 53 | 70 | 78 | 69 | 25 | 47 |
-----------------------------------------------------------------Schedule complete
Client 25 trained in 0.41s (simulated: 0.00s)
Client 25 uploaded with stats: loss=0.3083, grad_norm=25.9193, exec_time=0.00s
Client 70 trained in 0.41s (simulated: 0.00s)
Client 70 uploaded with stats: loss=0.2415, grad_norm=17.8051, exec_time=0.00s
Client 38 trained in 0.48s (simulated: 0.00s)
Client 38 uploaded with stats: loss=0.3747, grad_norm=23.8084, exec_time=0.00s
Client 47 trained in 0.49s (simulated: 0.00s)
Client 47 uploaded with stats: loss=0.2642, grad_norm=22.1532, exec_time=0.00s
Client 95 trained in 0.61s (simulated: 0.00s)
Client 95 uploaded with stats: loss=0.1181, grad_norm=9.9718, exec_time=0.00s
Client 78 trained in 0.68s (simulated: 0.00s)
Client 78 uploaded with stats: loss=0.2609, grad_norm=20.7354, exec_time=0.00s
Client 69 trained in 0.72s (simulated: 0.00s)
Client 69 uploaded with stats: loss=0.4891, grad_norm=19.3391, exec_time=0.00s
Client 19 trained in 0.82s (simulated: 0.00s)
Client 19 uploaded with stats: loss=0.0868, grad_norm=11.0542, exec_time=0.00s
Client 53 trained in 0.85s (simulated: 0.00s)
Client 53 uploaded with stats: loss=0.1940, grad_norm=15.1676, exec_time=0.00s
Client 66 trained in 0.87s (simulated: 0.00s)
Client 66 uploaded with stats: loss=0.1579, grad_norm=30.9400, exec_time=0.00s
Epoch(t): 196 accuracy: 79.04 loss 0.5648073500394821 run_time: 314.3995795249939
Current clients: 100, select: 10
| current_epoch 197 |. Begin client select
SchedulerThread select( 10 clients):
70 | 45 | 35 | 25 | 3 | 27 | 77 | 78 | 55 | 39 |
-----------------------------------------------------------------Schedule complete
Client 70 trained in 0.54s (simulated: 0.00s)
Client 70 uploaded with stats: loss=0.2382, grad_norm=18.6273, exec_time=0.00s
Client 25 trained in 0.65s (simulated: 0.00s)
Client 25 uploaded with stats: loss=0.3136, grad_norm=26.7909, exec_time=0.00s
Client 27 trained in 0.69s (simulated: 0.00s)
Client 27 uploaded with stats: loss=0.4503, grad_norm=27.4163, exec_time=0.00s
Client 35 trained in 0.79s (simulated: 0.00s)
Client 35 uploaded with stats: loss=0.2058, grad_norm=16.2005, exec_time=0.00s
Client 39 trained in 0.84s (simulated: 0.00s)
Client 39 uploaded with stats: loss=0.4766, grad_norm=22.4113, exec_time=0.00s
Client 77 trained in 0.87s (simulated: 0.00s)
Client 77 uploaded with stats: loss=0.3615, grad_norm=28.9072, exec_time=0.00s
Client 55 trained in 0.91s (simulated: 0.00s)
Client 55 uploaded with stats: loss=0.2377, grad_norm=19.8772, exec_time=0.00s
Client 45 trained in 0.94s (simulated: 0.00s)
Client 45 uploaded with stats: loss=0.2206, grad_norm=13.0208, exec_time=0.00s
Client 78 trained in 0.95s (simulated: 0.00s)
Client 78 uploaded with stats: loss=0.2247, grad_norm=13.6353, exec_time=0.00s
Client 3 trained in 0.97s (simulated: 0.00s)
Client 3 uploaded with stats: loss=0.2290, grad_norm=23.1539, exec_time=0.00s
Epoch(t): 197 accuracy: 77.73 loss 0.5739601808786392 run_time: 315.9773178100586
Current clients: 100, select: 10
| current_epoch 198 |. Begin client select
SchedulerThread select( 10 clients):
99 | 5 | 86 | 36 | 83 | 97 | 50 | 87 | 27 | 73 |
-----------------------------------------------------------------Schedule complete
Client 99 trained in 0.44s (simulated: 0.00s)
Client 99 uploaded with stats: loss=0.5601, grad_norm=29.9251, exec_time=0.00s
Client 5 trained in 0.47s (simulated: 0.00s)
Client 5 uploaded with stats: loss=0.2615, grad_norm=16.0919, exec_time=0.00s
Client 73 trained in 0.55s (simulated: 0.00s)
Client 73 uploaded with stats: loss=0.1210, grad_norm=13.1043, exec_time=0.00s
Client 36 trained in 0.70s (simulated: 0.00s)
Client 36 uploaded with stats: loss=0.0912, grad_norm=12.1590, exec_time=0.00s
Client 27 trained in 0.73s (simulated: 0.00s)
Client 27 uploaded with stats: loss=0.4610, grad_norm=31.0343, exec_time=0.00s
Client 86 trained in 0.80s (simulated: 0.00s)
Client 86 uploaded with stats: loss=0.3531, grad_norm=25.1491, exec_time=0.00s
Client 83 trained in 0.81s (simulated: 0.00s)
Client 83 uploaded with stats: loss=0.1060, grad_norm=22.7844, exec_time=0.00s
Client 97 trained in 0.88s (simulated: 0.00s)
Client 97 uploaded with stats: loss=0.7474, grad_norm=47.4268, exec_time=0.00s
Client 50 trained in 0.91s (simulated: 0.00s)
Client 50 uploaded with stats: loss=0.2196, grad_norm=19.4087, exec_time=0.00s
Client 87 trained in 0.97s (simulated: 0.00s)
Client 87 uploaded with stats: loss=0.0829, grad_norm=20.7060, exec_time=0.00s
Epoch(t): 198 accuracy: 73.25 loss 0.6872842913866043 run_time: 317.5603885650635
Current clients: 100, select: 10
| current_epoch 199 |. Begin client select
SchedulerThread select( 10 clients):
39 | 26 | 67 | 66 | 43 | 37 | 52 | 97 | 3 | 60 |
-----------------------------------------------------------------Schedule complete
Client 60 trained in 0.38s (simulated: 0.00s)
Client 60 uploaded with stats: loss=0.1453, grad_norm=17.5495, exec_time=0.00s
Client 43 trained in 0.54s (simulated: 0.00s)
Client 43 uploaded with stats: loss=0.1436, grad_norm=18.1842, exec_time=0.00s
Client 52 trained in 0.62s (simulated: 0.00s)
Client 52 uploaded with stats: loss=0.3659, grad_norm=25.9662, exec_time=0.00s
Client 26 trained in 0.71s (simulated: 0.00s)
Client 26 uploaded with stats: loss=0.1498, grad_norm=16.1340, exec_time=0.00s
Client 37 trained in 0.73s (simulated: 0.00s)
Client 37 uploaded with stats: loss=0.2568, grad_norm=27.3531, exec_time=0.00s
Client 97 trained in 0.76s (simulated: 0.00s)
Client 97 uploaded with stats: loss=0.5763, grad_norm=39.7147, exec_time=0.00s
Client 66 trained in 0.84s (simulated: 0.00s)
Client 66 uploaded with stats: loss=0.0732, grad_norm=9.2569, exec_time=0.00s
Client 39 trained in 0.84s (simulated: 0.00s)
Client 39 uploaded with stats: loss=0.4078, grad_norm=15.8984, exec_time=0.00s
Client 3 trained in 0.91s (simulated: 0.00s)
Client 3 uploaded with stats: loss=0.1497, grad_norm=11.1988, exec_time=0.00s
Client 67 trained in 0.92s (simulated: 0.00s)
Client 67 uploaded with stats: loss=0.1274, grad_norm=10.3651, exec_time=0.00s
Epoch(t): 199 accuracy: 79.5 loss 0.546029622554779 run_time: 319.04165148735046
Current clients: 100, select: 10
| current_epoch 200 |. Begin client select
SchedulerThread select( 10 clients):
26 | 12 | 93 | 73 | 19 | 66 | 97 | 16 | 71 | 99 |
-----------------------------------------------------------------Schedule complete
Client 71 trained in 0.50s (simulated: 0.00s)
Client 71 uploaded with stats: loss=0.1417, grad_norm=11.0424, exec_time=0.00s
Client 12 trained in 0.58s (simulated: 0.00s)
Client 12 uploaded with stats: loss=0.3304, grad_norm=26.3380, exec_time=0.00s
Client 26 trained in 0.63s (simulated: 0.00s)
Client 26 uploaded with stats: loss=0.1467, grad_norm=14.8848, exec_time=0.00s
Client 93 trained in 0.67s (simulated: 0.00s)
Client 93 uploaded with stats: loss=0.1721, grad_norm=19.8586, exec_time=0.00s
Client 16 trained in 0.73s (simulated: 0.00s)
Client 16 uploaded with stats: loss=0.3414, grad_norm=17.7363, exec_time=0.00s
Client 99 trained in 0.86s (simulated: 0.00s)
Client 99 uploaded with stats: loss=0.5409, grad_norm=27.9580, exec_time=0.00s
Client 73 trained in 0.89s (simulated: 0.00s)
Client 73 uploaded with stats: loss=0.1141, grad_norm=11.6801, exec_time=0.00s
Client 19 trained in 0.95s (simulated: 0.00s)
Client 19 uploaded with stats: loss=0.0910, grad_norm=11.2855, exec_time=0.00s
Client 97 trained in 0.96s (simulated: 0.00s)
Client 97 uploaded with stats: loss=0.5675, grad_norm=38.0610, exec_time=0.00s
Client 66 trained in 0.98s (simulated: 0.00s)
Client 66 uploaded with stats: loss=0.0666, grad_norm=14.7203, exec_time=0.00s
Epoch(t): 200 accuracy: 75.4 loss 0.6102158167958259 run_time: 320.6214566230774
Current clients: 100, select: 10
| current_epoch 201 |. Begin client select
SchedulerThread select( 10 clients):
23 | 97 | 52 | 5 | 75 | 8 | 87 | 38 | 26 | 78 |
-----------------------------------------------------------------Schedule complete
Client 5 trained in 0.38s (simulated: 0.00s)
Client 5 uploaded with stats: loss=0.2647, grad_norm=18.8201, exec_time=0.00s
Client 78 trained in 0.48s (simulated: 0.00s)
Client 78 uploaded with stats: loss=0.2174, grad_norm=14.3008, exec_time=0.00s
Client 75 trained in 0.55s (simulated: 0.00s)
Client 75 uploaded with stats: loss=0.4315, grad_norm=31.2920, exec_time=0.00s
Client 38 trained in 0.58s (simulated: 0.00s)
Client 38 uploaded with stats: loss=0.3678, grad_norm=22.0414, exec_time=0.00s
Client 52 trained in 0.65s (simulated: 0.00s)
Client 52 uploaded with stats: loss=0.2854, grad_norm=15.9508, exec_time=0.00s
Client 26 trained in 0.75s (simulated: 0.00s)
Client 26 uploaded with stats: loss=0.1515, grad_norm=16.9870, exec_time=0.00s
Client 97 trained in 0.76s (simulated: 0.00s)
Client 97 uploaded with stats: loss=0.2805, grad_norm=18.7462, exec_time=0.00s
Client 87 trained in 0.79s (simulated: 0.00s)
Client 87 uploaded with stats: loss=0.1031, grad_norm=27.8301, exec_time=0.00s
Client 23 trained in 0.80s (simulated: 0.00s)
Client 23 uploaded with stats: loss=0.1892, grad_norm=11.5160, exec_time=0.00s
Client 8 trained in 0.89s (simulated: 0.00s)
Client 8 uploaded with stats: loss=0.0716, grad_norm=14.5266, exec_time=0.00s
Epoch(t): 201 accuracy: 76.56 loss 0.5977513730525971 run_time: 322.20721411705017
Current clients: 100, select: 10
| current_epoch 202 |. Begin client select
SchedulerThread select( 10 clients):
45 | 36 | 16 | 2 | 95 | 35 | 86 | 84 | 17 | 77 |
-----------------------------------------------------------------Schedule complete
Client 35 trained in 0.46s (simulated: 0.00s)
Client 35 uploaded with stats: loss=0.1986, grad_norm=15.3857, exec_time=0.00s
Client 84 trained in 0.59s (simulated: 0.00s)
Client 84 uploaded with stats: loss=0.1392, grad_norm=14.3971, exec_time=0.00s
Client 16 trained in 0.66s (simulated: 0.00s)
Client 16 uploaded with stats: loss=0.3569, grad_norm=21.9231, exec_time=0.00s
Client 77 trained in 0.67s (simulated: 0.00s)
Client 77 uploaded with stats: loss=0.3748, grad_norm=32.2479, exec_time=0.00s
Client 17 trained in 0.70s (simulated: 0.00s)
Client 17 uploaded with stats: loss=0.1490, grad_norm=15.5865, exec_time=0.00s
Client 95 trained in 0.87s (simulated: 0.00s)
Client 95 uploaded with stats: loss=0.1225, grad_norm=11.4493, exec_time=0.00s
Client 36 trained in 0.90s (simulated: 0.00s)
Client 36 uploaded with stats: loss=0.0794, grad_norm=9.3316, exec_time=0.00s
Client 86 trained in 0.88s (simulated: 0.00s)
Client 86 uploaded with stats: loss=0.6100, grad_norm=43.9491, exec_time=0.00s
Client 45 trained in 1.00s (simulated: 0.00s)
Client 45 uploaded with stats: loss=0.2320, grad_norm=15.0688, exec_time=0.00s
Client 2 trained in 1.01s (simulated: 0.00s)
Client 2 uploaded with stats: loss=0.1392, grad_norm=10.8000, exec_time=0.00s
Epoch(t): 202 accuracy: 78.42 loss 0.5741830950975418 run_time: 323.8485324382782
Current clients: 100, select: 10
| current_epoch 203 |. Begin client select
SchedulerThread select( 10 clients):
70 | 80 | 12 | 47 | 77 | 44 | 63 | 38 | 83 | 84 |
-----------------------------------------------------------------Schedule complete
Client 12 trained in 0.63s (simulated: 0.00s)
Client 12 uploaded with stats: loss=0.3355, grad_norm=27.9957, exec_time=0.00s
Client 38 trained in 0.75s (simulated: 0.00s)
Client 38 uploaded with stats: loss=0.3686, grad_norm=22.9819, exec_time=0.00s
Client 77 trained in 0.75s (simulated: 0.00s)
Client 77 uploaded with stats: loss=0.3543, grad_norm=28.9477, exec_time=0.00s
Client 70 trained in 0.76s (simulated: 0.00s)
Client 70 uploaded with stats: loss=0.2416, grad_norm=18.0669, exec_time=0.00s
Client 47 trained in 0.86s (simulated: 0.00s)
Client 47 uploaded with stats: loss=0.3020, grad_norm=27.7286, exec_time=0.00s
Client 84 trained in 1.01s (simulated: 0.00s)
Client 84 uploaded with stats: loss=0.1115, grad_norm=9.9687, exec_time=0.00s
Client 80 trained in 1.02s (simulated: 0.00s)
Client 80 uploaded with stats: loss=0.1961, grad_norm=11.9382, exec_time=0.00s
Client 83 trained in 1.08s (simulated: 0.00s)
Client 83 uploaded with stats: loss=0.1226, grad_norm=18.4608, exec_time=0.00s
Client 63 trained in 1.10s (simulated: 0.00s)
Client 63 uploaded with stats: loss=0.1558, grad_norm=14.1714, exec_time=0.00s
Client 44 trained in 1.13s (simulated: 0.00s)
Client 44 uploaded with stats: loss=0.0519, grad_norm=6.7420, exec_time=0.00s
Epoch(t): 203 accuracy: 77.84 loss 0.5737053087353706 run_time: 325.5394353866577
Current clients: 100, select: 10
| current_epoch 204 |. Begin client select
SchedulerThread select( 10 clients):
70 | 17 | 38 | 99 | 42 | 12 | 26 | 45 | 23 | 40 |
-----------------------------------------------------------------Schedule complete
Client 12 trained in 0.75s (simulated: 0.00s)
Client 12 uploaded with stats: loss=0.3208, grad_norm=25.7871, exec_time=0.00s
Client 17 trained in 0.80s (simulated: 0.00s)
Client 17 uploaded with stats: loss=0.1424, grad_norm=15.8005, exec_time=0.00s
Client 26 trained in 0.80s (simulated: 0.00s)
Client 26 uploaded with stats: loss=0.1522, grad_norm=16.4560, exec_time=0.00s
Client 38 trained in 0.83s (simulated: 0.00s)
Client 38 uploaded with stats: loss=0.3667, grad_norm=23.9081, exec_time=0.00s
Client 99 trained in 0.86s (simulated: 0.00s)
Client 99 uploaded with stats: loss=0.5400, grad_norm=28.0400, exec_time=0.00s
Client 70 trained in 0.89s (simulated: 0.00s)
Client 70 uploaded with stats: loss=0.2308, grad_norm=17.1809, exec_time=0.00s
Client 40 trained in 1.02s (simulated: 0.00s)
Client 40 uploaded with stats: loss=0.1771, grad_norm=13.2328, exec_time=0.00s
Client 45 trained in 1.05s (simulated: 0.00s)
Client 45 uploaded with stats: loss=0.2072, grad_norm=12.7385, exec_time=0.00s
Client 42 trained in 1.03s (simulated: 0.00s)
Client 42 uploaded with stats: loss=0.1534, grad_norm=16.9995, exec_time=0.00s
Client 23 trained in 1.08s (simulated: 0.00s)
Client 23 uploaded with stats: loss=0.1903, grad_norm=10.2365, exec_time=0.00s
Epoch(t): 204 accuracy: 79.68 loss 0.5330828177928925 run_time: 327.29475688934326
Current clients: 100, select: 10
| current_epoch 205 |. Begin client select
SchedulerThread select( 10 clients):
53 | 38 | 78 | 17 | 37 | 80 | 70 | 5 | 27 | 63 |
-----------------------------------------------------------------Schedule complete
Client 37 trained in 0.58s (simulated: 0.00s)
Client 37 uploaded with stats: loss=0.2445, grad_norm=23.7527, exec_time=0.00s
Client 27 trained in 0.57s (simulated: 0.00s)
Client 27 uploaded with stats: loss=0.4476, grad_norm=30.4825, exec_time=0.00s
Client 17 trained in 0.67s (simulated: 0.00s)
Client 17 uploaded with stats: loss=0.1360, grad_norm=14.9115, exec_time=0.00s
Client 38 trained in 0.76s (simulated: 0.00s)
Client 38 uploaded with stats: loss=0.3620, grad_norm=24.3670, exec_time=0.00s
Client 70 trained in 0.85s (simulated: 0.00s)
Client 70 uploaded with stats: loss=0.2302, grad_norm=16.4220, exec_time=0.00s
Client 5 trained in 0.97s (simulated: 0.00s)
Client 5 uploaded with stats: loss=0.2921, grad_norm=24.6082, exec_time=0.00s
Client 78 trained in 1.02s (simulated: 0.00s)
Client 78 uploaded with stats: loss=0.2301, grad_norm=16.7315, exec_time=0.00s
Client 80 trained in 1.06s (simulated: 0.00s)
Client 80 uploaded with stats: loss=0.2053, grad_norm=13.3461, exec_time=0.00s
Client 63 trained in 1.09s (simulated: 0.00s)
Client 63 uploaded with stats: loss=0.1717, grad_norm=17.3109, exec_time=0.00s
Client 53 trained in 1.12s (simulated: 0.00s)
Client 53 uploaded with stats: loss=0.2043, grad_norm=17.0768, exec_time=0.00s
Epoch(t): 205 accuracy: 80.63 loss 0.5140488466620445 run_time: 329.04653310775757
Current clients: 100, select: 10
| current_epoch 206 |. Begin client select
SchedulerThread select( 10 clients):
83 | 27 | 77 | 17 | 53 | 70 | 37 | 67 | 99 | 93 |
-----------------------------------------------------------------Schedule complete
Client 77 trained in 0.71s (simulated: 0.00s)
Client 77 uploaded with stats: loss=0.3573, grad_norm=29.3345, exec_time=0.00s
Client 37 trained in 0.78s (simulated: 0.00s)
Client 37 uploaded with stats: loss=0.2411, grad_norm=24.1154, exec_time=0.00s
Client 17 trained in 0.79s (simulated: 0.00s)
Client 17 uploaded with stats: loss=0.1364, grad_norm=14.5690, exec_time=0.00s
Client 93 trained in 0.86s (simulated: 0.00s)
Client 93 uploaded with stats: loss=0.1641, grad_norm=16.9966, exec_time=0.00s
Client 99 trained in 0.88s (simulated: 0.00s)
Client 99 uploaded with stats: loss=0.5654, grad_norm=30.9316, exec_time=0.00s
Client 70 trained in 0.96s (simulated: 0.00s)
Client 70 uploaded with stats: loss=0.2360, grad_norm=19.0122, exec_time=0.00s
Client 27 trained in 0.98s (simulated: 0.00s)
Client 27 uploaded with stats: loss=0.4512, grad_norm=32.5211, exec_time=0.00s
Client 53 trained in 1.08s (simulated: 0.00s)
Client 53 uploaded with stats: loss=0.1990, grad_norm=16.5747, exec_time=0.00s
Client 83 trained in 1.13s (simulated: 0.00s)
Client 83 uploaded with stats: loss=0.1034, grad_norm=15.8425, exec_time=0.00s
Client 67 trained in 1.13s (simulated: 0.00s)
Client 67 uploaded with stats: loss=0.1039, grad_norm=8.4168, exec_time=0.00s
Epoch(t): 206 accuracy: 77.88 loss 0.5736101111769676 run_time: 330.87077927589417
Current clients: 100, select: 10
| current_epoch 207 |. Begin client select
SchedulerThread select( 10 clients):
35 | 77 | 40 | 47 | 48 | 96 | 5 | 26 | 45 | 50 |
-----------------------------------------------------------------Schedule complete
Client 35 trained in 0.49s (simulated: 0.00s)
Client 35 uploaded with stats: loss=0.2044, grad_norm=16.2155, exec_time=0.00s
Client 47 trained in 0.52s (simulated: 0.00s)
Client 47 uploaded with stats: loss=0.2767, grad_norm=25.0308, exec_time=0.00s
Client 77 trained in 0.66s (simulated: 0.00s)
Client 77 uploaded with stats: loss=0.3569, grad_norm=30.3666, exec_time=0.00s
Client 5 trained in 0.71s (simulated: 0.00s)
Client 5 uploaded with stats: loss=0.2751, grad_norm=20.8277, exec_time=0.00s
Client 26 trained in 0.72s (simulated: 0.00s)
Client 26 uploaded with stats: loss=0.1509, grad_norm=17.2772, exec_time=0.00s
Client 40 trained in 0.74s (simulated: 0.00s)
Client 40 uploaded with stats: loss=0.1849, grad_norm=12.7181, exec_time=0.00s
Client 50 trained in 0.85s (simulated: 0.00s)
Client 50 uploaded with stats: loss=0.2034, grad_norm=17.7489, exec_time=0.00s
Client 45 trained in 0.84s (simulated: 0.00s)
Client 45 uploaded with stats: loss=0.1975, grad_norm=9.3270, exec_time=0.00s
Client 48 trained in 0.89s (simulated: 0.00s)
Client 48 uploaded with stats: loss=0.3262, grad_norm=11.5097, exec_time=0.00s
Client 96 trained in 0.88s (simulated: 0.00s)
Client 96 uploaded with stats: loss=0.0732, grad_norm=8.8458, exec_time=0.00s
Epoch(t): 207 accuracy: 77.91 loss 0.572585361301899 run_time: 332.3587167263031
Current clients: 100, select: 10
| current_epoch 208 |. Begin client select
SchedulerThread select( 10 clients):
5 | 73 | 75 | 12 | 78 | 37 | 67 | 53 | 38 | 44 |
-----------------------------------------------------------------Schedule complete
Client 5 trained in 0.58s (simulated: 0.00s)
Client 5 uploaded with stats: loss=0.2689, grad_norm=18.3924, exec_time=0.00s
Client 37 trained in 0.60s (simulated: 0.00s)
Client 37 uploaded with stats: loss=0.2462, grad_norm=27.3904, exec_time=0.00s
Client 38 trained in 0.61s (simulated: 0.00s)
Client 38 uploaded with stats: loss=0.3653, grad_norm=24.0627, exec_time=0.00s
Client 12 trained in 0.64s (simulated: 0.00s)
Client 12 uploaded with stats: loss=0.3239, grad_norm=26.8747, exec_time=0.00s
Client 78 trained in 0.72s (simulated: 0.00s)
Client 78 uploaded with stats: loss=0.2393, grad_norm=18.1182, exec_time=0.00s
Client 73 trained in 0.80s (simulated: 0.00s)
Client 73 uploaded with stats: loss=0.1227, grad_norm=16.8767, exec_time=0.00s
Client 75 trained in 0.90s (simulated: 0.00s)
Client 75 uploaded with stats: loss=0.4269, grad_norm=28.7106, exec_time=0.00s
Client 53 trained in 0.97s (simulated: 0.00s)
Client 53 uploaded with stats: loss=0.1980, grad_norm=15.5993, exec_time=0.00s
Client 44 trained in 1.02s (simulated: 0.00s)
Client 44 uploaded with stats: loss=0.0568, grad_norm=7.8800, exec_time=0.00s
Client 67 trained in 1.02s (simulated: 0.00s)
Client 67 uploaded with stats: loss=0.1155, grad_norm=9.7294, exec_time=0.00s
Epoch(t): 208 accuracy: 73.85 loss 0.6234717550873756 run_time: 334.02887749671936
Current clients: 100, select: 10
| current_epoch 209 |. Begin client select
SchedulerThread select( 10 clients):
69 | 79 | 63 | 26 | 24 | 6 | 1 | 40 | 48 | 17 |
-----------------------------------------------------------------Schedule complete
Client 69 trained in 0.25s (simulated: 0.00s)
Client 69 uploaded with stats: loss=0.4883, grad_norm=21.8576, exec_time=0.00s
Client 40 trained in 0.51s (simulated: 0.00s)
Client 40 uploaded with stats: loss=0.1849, grad_norm=13.8861, exec_time=0.00s
Client 26 trained in 0.58s (simulated: 0.00s)
Client 26 uploaded with stats: loss=0.1516, grad_norm=18.1866, exec_time=0.00s
Client 1 trained in 0.59s (simulated: 0.00s)
Client 1 uploaded with stats: loss=0.2153, grad_norm=15.9755, exec_time=0.00s
Client 17 trained in 0.63s (simulated: 0.00s)
Client 17 uploaded with stats: loss=0.1377, grad_norm=16.0285, exec_time=0.00s
Client 6 trained in 0.64s (simulated: 0.00s)
Client 6 uploaded with stats: loss=0.2567, grad_norm=16.6415, exec_time=0.00s
Client 79 trained in 0.75s (simulated: 0.00s)
Client 79 uploaded with stats: loss=0.1862, grad_norm=21.9585, exec_time=0.00s
Client 24 trained in 0.77s (simulated: 0.00s)
Client 24 uploaded with stats: loss=0.2091, grad_norm=20.9650, exec_time=0.00s
Client 48 trained in 0.78s (simulated: 0.00s)
Client 48 uploaded with stats: loss=0.3452, grad_norm=15.0971, exec_time=0.00s
Client 63 trained in 0.81s (simulated: 0.00s)
Client 63 uploaded with stats: loss=0.1655, grad_norm=15.3625, exec_time=0.00s
Epoch(t): 209 accuracy: 78.95 loss 0.5523524230718613 run_time: 335.4041979312897
Current clients: 100, select: 10
| current_epoch 210 |. Begin client select
SchedulerThread select( 10 clients):
60 | 37 | 86 | 70 | 6 | 69 | 27 | 67 | 97 | 87 |
-----------------------------------------------------------------Schedule complete
Client 70 trained in 0.48s (simulated: 0.00s)
Client 70 uploaded with stats: loss=0.2328, grad_norm=17.6887, exec_time=0.00s
Client 69 trained in 0.54s (simulated: 0.00s)
Client 69 uploaded with stats: loss=0.4592, grad_norm=17.2936, exec_time=0.00s
Client 37 trained in 0.65s (simulated: 0.00s)
Client 37 uploaded with stats: loss=0.2506, grad_norm=27.0390, exec_time=0.00s
Client 27 trained in 0.65s (simulated: 0.00s)
Client 27 uploaded with stats: loss=0.4345, grad_norm=29.0720, exec_time=0.00s
Client 6 trained in 0.72s (simulated: 0.00s)
Client 6 uploaded with stats: loss=0.2696, grad_norm=18.5726, exec_time=0.00s
Client 86 trained in 0.80s (simulated: 0.00s)
Client 86 uploaded with stats: loss=0.3849, grad_norm=28.0735, exec_time=0.00s
Client 60 trained in 0.82s (simulated: 0.00s)
Client 60 uploaded with stats: loss=0.1224, grad_norm=12.5602, exec_time=0.00s
Client 97 trained in 0.93s (simulated: 0.00s)
Client 97 uploaded with stats: loss=0.4269, grad_norm=32.3118, exec_time=0.00s
Client 87 trained in 0.95s (simulated: 0.00s)
Client 87 uploaded with stats: loss=0.0755, grad_norm=13.2028, exec_time=0.00s
Client 67 trained in 0.94s (simulated: 0.00s)
Client 67 uploaded with stats: loss=0.1111, grad_norm=9.3609, exec_time=0.00s
Epoch(t): 210 accuracy: 80.09 loss 0.5329326629638672 run_time: 336.9654312133789
Current clients: 100, select: 10
| current_epoch 211 |. Begin client select
SchedulerThread select( 10 clients):
38 | 44 | 37 | 85 | 8 | 26 | 47 | 10 | 64 | 45 |
-----------------------------------------------------------------Schedule complete
Client 38 trained in 0.57s (simulated: 0.00s)
Client 38 uploaded with stats: loss=0.3670, grad_norm=25.0072, exec_time=0.00s
Client 47 trained in 0.59s (simulated: 0.00s)
Client 47 uploaded with stats: loss=0.3082, grad_norm=29.8341, exec_time=0.00s
Client 37 trained in 0.71s (simulated: 0.00s)
Client 37 uploaded with stats: loss=0.2446, grad_norm=26.1479, exec_time=0.00s
Client 26 trained in 0.71s (simulated: 0.00s)
Client 26 uploaded with stats: loss=0.1472, grad_norm=16.4523, exec_time=0.00s
Client 44 trained in 0.72s (simulated: 0.00s)
Client 44 uploaded with stats: loss=0.0544, grad_norm=7.0058, exec_time=0.00s
Client 85 trained in 0.82s (simulated: 0.00s)
Client 85 uploaded with stats: loss=0.3258, grad_norm=11.8030, exec_time=0.00s
Client 45 trained in 0.86s (simulated: 0.00s)
Client 45 uploaded with stats: loss=0.1917, grad_norm=9.9556, exec_time=0.00s
Client 64 trained in 0.87s (simulated: 0.00s)
Client 64 uploaded with stats: loss=0.1961, grad_norm=17.0517, exec_time=0.00s
Client 10 trained in 0.90s (simulated: 0.00s)
Client 10 uploaded with stats: loss=0.2652, grad_norm=12.3316, exec_time=0.00s
Client 8 trained in 0.91s (simulated: 0.00s)
Client 8 uploaded with stats: loss=0.0498, grad_norm=8.2101, exec_time=0.00s
Epoch(t): 211 accuracy: 78.76 loss 0.5472261977195739 run_time: 338.48131561279297
Current clients: 100, select: 10
| current_epoch 212 |. Begin client select
SchedulerThread select( 10 clients):
5 | 95 | 87 | 6 | 70 | 99 | 73 | 7 | 23 | 12 |
-----------------------------------------------------------------Schedule complete
Client 70 trained in 0.38s (simulated: 0.00s)
Client 70 uploaded with stats: loss=0.2274, grad_norm=18.4047, exec_time=0.00s
Client 5 trained in 0.45s (simulated: 0.00s)
Client 5 uploaded with stats: loss=0.2881, grad_norm=23.0225, exec_time=0.00s
Client 73 trained in 0.59s (simulated: 0.00s)
Client 73 uploaded with stats: loss=0.1146, grad_norm=12.7442, exec_time=0.00s
Client 12 trained in 0.68s (simulated: 0.00s)
Client 12 uploaded with stats: loss=0.3221, grad_norm=26.3316, exec_time=0.00s
Client 99 trained in 0.70s (simulated: 0.00s)
Client 99 uploaded with stats: loss=0.5527, grad_norm=29.3764, exec_time=0.00s
Client 95 trained in 0.71s (simulated: 0.00s)
Client 95 uploaded with stats: loss=0.1170, grad_norm=10.0691, exec_time=0.00s
Client 6 trained in 0.83s (simulated: 0.00s)
Client 6 uploaded with stats: loss=0.2758, grad_norm=20.5767, exec_time=0.00s
Client 7 trained in 0.87s (simulated: 0.00s)
Client 7 uploaded with stats: loss=0.1591, grad_norm=10.5469, exec_time=0.00s
Client 23 trained in 0.89s (simulated: 0.00s)
Client 23 uploaded with stats: loss=0.1982, grad_norm=11.3302, exec_time=0.00s
Client 87 trained in 0.90s (simulated: 0.00s)
Client 87 uploaded with stats: loss=0.0731, grad_norm=12.6169, exec_time=0.00s
Epoch(t): 212 accuracy: 78.16 loss 0.546880969107151 run_time: 339.959685087204
Current clients: 100, select: 10
| current_epoch 213 |. Begin client select
SchedulerThread select( 10 clients):
26 | 44 | 5 | 52 | 90 | 40 | 37 | 39 | 73 | 38 |
-----------------------------------------------------------------Schedule complete
Client 38 trained in 0.59s (simulated: 0.00s)
Client 38 uploaded with stats: loss=0.3665, grad_norm=24.7606, exec_time=0.00s
Client 5 trained in 0.61s (simulated: 0.00s)
Client 5 uploaded with stats: loss=0.2932, grad_norm=25.1517, exec_time=0.00s
Client 37 trained in 0.71s (simulated: 0.00s)
Client 37 uploaded with stats: loss=0.2366, grad_norm=23.8277, exec_time=0.00s
Client 26 trained in 0.75s (simulated: 0.00s)
Client 26 uploaded with stats: loss=0.1501, grad_norm=16.7838, exec_time=0.00s
Client 90 trained in 0.84s (simulated: 0.00s)
Client 90 uploaded with stats: loss=0.1642, grad_norm=15.1124, exec_time=0.00s
Client 52 trained in 1.00s (simulated: 0.00s)
Client 52 uploaded with stats: loss=0.3147, grad_norm=18.9894, exec_time=0.00s
Client 40 trained in 1.00s (simulated: 0.00s)
Client 40 uploaded with stats: loss=0.1711, grad_norm=12.8865, exec_time=0.00s
Client 73 trained in 1.04s (simulated: 0.00s)
Client 73 uploaded with stats: loss=0.1065, grad_norm=11.5929, exec_time=0.00s
Client 39 trained in 1.04s (simulated: 0.00s)
Client 39 uploaded with stats: loss=0.5152, grad_norm=26.9833, exec_time=0.00s
Client 44 trained in 1.13s (simulated: 0.00s)
Client 44 uploaded with stats: loss=0.0592, grad_norm=8.1157, exec_time=0.00s
Epoch(t): 213 accuracy: 72.83 loss 0.6373852190375328 run_time: 341.6777355670929
Current clients: 100, select: 10
| current_epoch 214 |. Begin client select
SchedulerThread select( 10 clients):
35 | 70 | 83 | 50 | 12 | 90 | 5 | 77 | 39 | 95 |
-----------------------------------------------------------------Schedule complete
Client 70 trained in 0.45s (simulated: 0.00s)
Client 70 uploaded with stats: loss=0.2344, grad_norm=19.2351, exec_time=0.00s
Client 35 trained in 0.60s (simulated: 0.00s)
Client 35 uploaded with stats: loss=0.2052, grad_norm=16.8873, exec_time=0.00s
Client 12 trained in 0.62s (simulated: 0.00s)
Client 12 uploaded with stats: loss=0.3169, grad_norm=25.9337, exec_time=0.00s
Client 77 trained in 0.74s (simulated: 0.00s)
Client 77 uploaded with stats: loss=0.3542, grad_norm=29.8769, exec_time=0.00s
Client 5 trained in 0.81s (simulated: 0.00s)
Client 5 uploaded with stats: loss=0.2673, grad_norm=19.4186, exec_time=0.00s
Client 90 trained in 0.99s (simulated: 0.00s)
Client 90 uploaded with stats: loss=0.1711, grad_norm=15.8526, exec_time=0.00s
Client 95 trained in 1.04s (simulated: 0.00s)
Client 95 uploaded with stats: loss=0.1128, grad_norm=10.1540, exec_time=0.00s
Client 83 trained in 1.07s (simulated: 0.00s)
Client 83 uploaded with stats: loss=0.1420, grad_norm=26.8282, exec_time=0.00s
Client 39 trained in 1.08s (simulated: 0.00s)
Client 39 uploaded with stats: loss=0.4169, grad_norm=21.1128, exec_time=0.00s
Client 50 trained in 1.20s (simulated: 0.00s)
Client 50 uploaded with stats: loss=0.2247, grad_norm=22.7715, exec_time=0.00s
Epoch(t): 214 accuracy: 80.29 loss 0.5186781841516495 run_time: 343.4937264919281
Current clients: 100, select: 10
| current_epoch 215 |. Begin client select
SchedulerThread select( 10 clients):
53 | 27 | 12 | 20 | 26 | 70 | 38 | 52 | 34 | 7 |
-----------------------------------------------------------------Schedule complete
Client 27 trained in 0.78s (simulated: 0.00s)
Client 27 uploaded with stats: loss=0.4617, grad_norm=33.3198, exec_time=0.00s
Client 12 trained in 0.78s (simulated: 0.00s)
Client 12 uploaded with stats: loss=0.3079, grad_norm=25.0576, exec_time=0.00s
Client 26 trained in 0.80s (simulated: 0.00s)
Client 26 uploaded with stats: loss=0.1443, grad_norm=15.8903, exec_time=0.00s
Client 38 trained in 0.91s (simulated: 0.00s)
Client 38 uploaded with stats: loss=0.3657, grad_norm=25.5092, exec_time=0.00s
Client 70 trained in 0.99s (simulated: 0.00s)
Client 70 uploaded with stats: loss=0.2181, grad_norm=15.4397, exec_time=0.00s
Client 53 trained in 1.06s (simulated: 0.00s)
Client 53 uploaded with stats: loss=0.1973, grad_norm=15.5540, exec_time=0.00s
Client 52 trained in 1.11s (simulated: 0.00s)
Client 52 uploaded with stats: loss=0.2988, grad_norm=16.8631, exec_time=0.00s
Client 7 trained in 1.13s (simulated: 0.00s)
Client 7 uploaded with stats: loss=0.1572, grad_norm=9.6252, exec_time=0.00s
Client 20 trained in 1.21s (simulated: 0.00s)
Client 20 uploaded with stats: loss=0.1479, grad_norm=18.1890, exec_time=0.00s
Client 34 trained in 1.22s (simulated: 0.00s)
Client 34 uploaded with stats: loss=0.0696, grad_norm=6.4855, exec_time=0.00s
Epoch(t): 215 accuracy: 78.24 loss 0.5636749687790871 run_time: 345.3378276824951
Current clients: 100, select: 10
| current_epoch 216 |. Begin client select
SchedulerThread select( 10 clients):
40 | 38 | 64 | 39 | 27 | 2 | 31 | 70 | 86 | 93 |
-----------------------------------------------------------------Schedule complete
Client 27 trained in 0.56s (simulated: 0.00s)
Client 27 uploaded with stats: loss=0.4373, grad_norm=29.0291, exec_time=0.00s
Client 38 trained in 0.59s (simulated: 0.00s)
Client 38 uploaded with stats: loss=0.3453, grad_norm=21.7748, exec_time=0.00s
Client 93 trained in 0.62s (simulated: 0.00s)
Client 93 uploaded with stats: loss=0.1669, grad_norm=20.7494, exec_time=0.00s
Client 70 trained in 0.64s (simulated: 0.00s)
Client 70 uploaded with stats: loss=0.2171, grad_norm=16.9602, exec_time=0.00s
Client 40 trained in 0.77s (simulated: 0.00s)
Client 40 uploaded with stats: loss=0.1802, grad_norm=13.3463, exec_time=0.00s
Client 86 trained in 0.78s (simulated: 0.00s)
Client 86 uploaded with stats: loss=0.4436, grad_norm=33.0720, exec_time=0.00s
Client 64 trained in 0.97s (simulated: 0.00s)
Client 64 uploaded with stats: loss=0.1683, grad_norm=15.5662, exec_time=0.00s
Client 31 trained in 0.97s (simulated: 0.00s)
Client 31 uploaded with stats: loss=0.0698, grad_norm=11.6714, exec_time=0.00s
Client 2 trained in 0.98s (simulated: 0.00s)
Client 2 uploaded with stats: loss=0.1354, grad_norm=11.7309, exec_time=0.00s
Client 39 trained in 1.00s (simulated: 0.00s)
Client 39 uploaded with stats: loss=0.4462, grad_norm=22.9858, exec_time=0.00s
Epoch(t): 216 accuracy: 79.18 loss 0.5575723600387573 run_time: 347.0040156841278
Current clients: 100, select: 10
| current_epoch 217 |. Begin client select
SchedulerThread select( 10 clients):
96 | 7 | 31 | 90 | 43 | 83 | 35 | 86 | 99 | 63 |
-----------------------------------------------------------------Schedule complete
Client 99 trained in 0.32s (simulated: 0.00s)
Client 99 uploaded with stats: loss=0.5662, grad_norm=33.0056, exec_time=0.00s
Client 90 trained in 0.43s (simulated: 0.00s)
Client 90 uploaded with stats: loss=0.1662, grad_norm=13.1635, exec_time=0.00s
Client 35 trained in 0.46s (simulated: 0.00s)
Client 35 uploaded with stats: loss=0.2051, grad_norm=18.1856, exec_time=0.00s
Client 43 trained in 0.48s (simulated: 0.00s)
Client 43 uploaded with stats: loss=0.2485, grad_norm=36.3949, exec_time=0.00s
Client 83 trained in 0.61s (simulated: 0.00s)
Client 83 uploaded with stats: loss=0.1029, grad_norm=12.4883, exec_time=0.00s
Client 86 trained in 0.64s (simulated: 0.00s)
Client 86 uploaded with stats: loss=0.3708, grad_norm=28.4722, exec_time=0.00s
Client 7 trained in 0.76s (simulated: 0.00s)
Client 7 uploaded with stats: loss=0.1563, grad_norm=10.2488, exec_time=0.00s
Client 31 trained in 0.79s (simulated: 0.00s)
Client 31 uploaded with stats: loss=0.0758, grad_norm=13.2141, exec_time=0.00s
Client 96 trained in 0.83s (simulated: 0.00s)
Client 96 uploaded with stats: loss=0.0911, grad_norm=15.1593, exec_time=0.00s
Client 63 trained in 0.84s (simulated: 0.00s)
Client 63 uploaded with stats: loss=0.1224, grad_norm=9.1205, exec_time=0.00s
Epoch(t): 217 accuracy: 81.3 loss 0.5081355798244477 run_time: 348.5116357803345
Current clients: 100, select: 10
| current_epoch 218 |. Begin client select
SchedulerThread select( 10 clients):
8 | 44 | 4 | 12 | 47 | 49 | 84 | 38 | 6 | 78 |
-----------------------------------------------------------------Schedule complete
Client 47 trained in 0.35s (simulated: 0.00s)
Client 47 uploaded with stats: loss=0.2580, grad_norm=21.1969, exec_time=0.00s
Client 38 trained in 0.47s (simulated: 0.00s)
Client 38 uploaded with stats: loss=0.3606, grad_norm=24.7836, exec_time=0.00s
Client 84 trained in 0.54s (simulated: 0.00s)
Client 84 uploaded with stats: loss=0.1162, grad_norm=11.3999, exec_time=0.00s
Client 12 trained in 0.56s (simulated: 0.00s)
Client 12 uploaded with stats: loss=0.3114, grad_norm=24.6899, exec_time=0.00s
Client 78 trained in 0.87s (simulated: 0.00s)
Client 78 uploaded with stats: loss=0.2431, grad_norm=18.4248, exec_time=0.00s
Client 6 trained in 0.91s (simulated: 0.00s)
Client 6 uploaded with stats: loss=0.2690, grad_norm=18.0012, exec_time=0.00s
Client 49 trained in 1.00s (simulated: 0.00s)
Client 49 uploaded with stats: loss=0.2981, grad_norm=18.5442, exec_time=0.00s
Client 44 trained in 1.04s (simulated: 0.00s)
Client 44 uploaded with stats: loss=0.0544, grad_norm=6.9826, exec_time=0.00s
Client 4 trained in 1.06s (simulated: 0.00s)
Client 4 uploaded with stats: loss=0.3286, grad_norm=24.7838, exec_time=0.00s
Client 8 trained in 1.08s (simulated: 0.00s)
Client 8 uploaded with stats: loss=0.0456, grad_norm=7.0964, exec_time=0.00s
Epoch(t): 218 accuracy: 77.69 loss 0.5760171347856522 run_time: 350.211138010025
Current clients: 100, select: 10
| current_epoch 219 |. Begin client select
SchedulerThread select( 10 clients):
50 | 54 | 26 | 86 | 1 | 83 | 35 | 17 | 64 | 78 |
-----------------------------------------------------------------Schedule complete
Client 35 trained in 0.46s (simulated: 0.00s)
Client 35 uploaded with stats: loss=0.1846, grad_norm=13.7324, exec_time=0.00s
Client 78 trained in 0.56s (simulated: 0.00s)
Client 78 uploaded with stats: loss=0.2328, grad_norm=16.7052, exec_time=0.00s
Client 26 trained in 0.60s (simulated: 0.00s)
Client 26 uploaded with stats: loss=0.1499, grad_norm=17.8425, exec_time=0.00s
Client 17 trained in 0.72s (simulated: 0.00s)
Client 17 uploaded with stats: loss=0.1449, grad_norm=18.7327, exec_time=0.00s
Client 1 trained in 0.76s (simulated: 0.00s)
Client 1 uploaded with stats: loss=0.2011, grad_norm=12.8353, exec_time=0.00s
Client 83 trained in 0.87s (simulated: 0.00s)
Client 83 uploaded with stats: loss=0.1181, grad_norm=17.0826, exec_time=0.00s
Client 86 trained in 0.95s (simulated: 0.00s)
Client 86 uploaded with stats: loss=0.4310, grad_norm=33.0352, exec_time=0.00s
Client 54 trained in 1.02s (simulated: 0.00s)
Client 54 uploaded with stats: loss=0.1081, grad_norm=7.1221, exec_time=0.00s
Client 50 trained in 1.00s (simulated: 0.00s)
Client 50 uploaded with stats: loss=0.1948, grad_norm=16.3227, exec_time=0.00s
Client 64 trained in 1.01s (simulated: 0.00s)
Client 64 uploaded with stats: loss=0.2049, grad_norm=17.3415, exec_time=0.00s
Epoch(t): 219 accuracy: 78.94 loss 0.5428777667880058 run_time: 351.77645993232727
Current clients: 100, select: 10
| current_epoch 220 |. Begin client select
SchedulerThread select( 10 clients):
77 | 68 | 17 | 99 | 67 | 16 | 47 | 7 | 27 | 1 |
-----------------------------------------------------------------Schedule complete
Client 47 trained in 0.47s (simulated: 0.00s)
Client 47 uploaded with stats: loss=0.2568, grad_norm=21.7719, exec_time=0.00s
Client 16 trained in 0.62s (simulated: 0.00s)
Client 16 uploaded with stats: loss=0.3309, grad_norm=19.4734, exec_time=0.00s
Client 99 trained in 0.63s (simulated: 0.00s)
Client 99 uploaded with stats: loss=0.5832, grad_norm=32.5929, exec_time=0.00s
Client 27 trained in 0.75s (simulated: 0.00s)
Client 27 uploaded with stats: loss=0.4251, grad_norm=28.7720, exec_time=0.00s
Client 77 trained in 0.83s (simulated: 0.00s)
Client 77 uploaded with stats: loss=0.3492, grad_norm=29.2511, exec_time=0.00s
Client 17 trained in 0.83s (simulated: 0.00s)
Client 17 uploaded with stats: loss=0.1349, grad_norm=15.7544, exec_time=0.00s
Client 68 trained in 0.84s (simulated: 0.00s)
Client 68 uploaded with stats: loss=0.2968, grad_norm=11.7274, exec_time=0.00s
Client 1 trained in 0.88s (simulated: 0.00s)
Client 1 uploaded with stats: loss=0.1975, grad_norm=13.8088, exec_time=0.00s
Client 7 trained in 0.92s (simulated: 0.00s)
Client 7 uploaded with stats: loss=0.1457, grad_norm=9.2526, exec_time=0.00s
Client 67 trained in 0.98s (simulated: 0.00s)
Client 67 uploaded with stats: loss=0.1188, grad_norm=9.5896, exec_time=0.00s
Epoch(t): 220 accuracy: 80.14 loss 0.529222485423088 run_time: 353.39848828315735
Current clients: 100, select: 10
| current_epoch 221 |. Begin client select
SchedulerThread select( 10 clients):
99 | 80 | 78 | 37 | 43 | 7 | 17 | 16 | 86 | 25 |
-----------------------------------------------------------------Schedule complete
Client 25 trained in 0.50s (simulated: 0.00s)
Client 25 uploaded with stats: loss=0.2797, grad_norm=22.1370, exec_time=0.00s
Client 78 trained in 0.50s (simulated: 0.00s)
Client 78 uploaded with stats: loss=0.2351, grad_norm=17.9204, exec_time=0.00s
Client 16 trained in 0.61s (simulated: 0.00s)
Client 16 uploaded with stats: loss=0.3142, grad_norm=16.4313, exec_time=0.00s
Client 99 trained in 0.69s (simulated: 0.00s)
Client 99 uploaded with stats: loss=0.4840, grad_norm=25.0568, exec_time=0.00s
Client 17 trained in 0.80s (simulated: 0.00s)
Client 17 uploaded with stats: loss=0.1348, grad_norm=15.7057, exec_time=0.00s
Client 37 trained in 0.81s (simulated: 0.00s)
Client 37 uploaded with stats: loss=0.2482, grad_norm=27.3126, exec_time=0.00s
Client 80 trained in 0.91s (simulated: 0.00s)
Client 80 uploaded with stats: loss=0.2036, grad_norm=13.3748, exec_time=0.00s
Client 86 trained in 0.94s (simulated: 0.00s)
Client 86 uploaded with stats: loss=0.2615, grad_norm=15.6456, exec_time=0.00s
Client 7 trained in 0.97s (simulated: 0.00s)
Client 7 uploaded with stats: loss=0.1486, grad_norm=9.8946, exec_time=0.00s
Client 43 trained in 0.96s (simulated: 0.00s)
Client 43 uploaded with stats: loss=0.1480, grad_norm=21.2435, exec_time=0.00s
Epoch(t): 221 accuracy: 75.04 loss 0.6255804732441902 run_time: 354.9751958847046
Current clients: 100, select: 10
| current_epoch 222 |. Begin client select
SchedulerThread select( 10 clients):
27 | 38 | 7 | 42 | 35 | 70 | 54 | 55 | 73 | 90 |
-----------------------------------------------------------------Schedule complete
Client 27 trained in 0.43s (simulated: 0.00s)
Client 27 uploaded with stats: loss=0.4267, grad_norm=28.7596, exec_time=0.00s
Client 70 trained in 0.48s (simulated: 0.00s)
Client 70 uploaded with stats: loss=0.2392, grad_norm=22.7288, exec_time=0.00s
Client 38 trained in 0.51s (simulated: 0.00s)
Client 38 uploaded with stats: loss=0.3655, grad_norm=25.5319, exec_time=0.00s
Client 35 trained in 0.64s (simulated: 0.00s)
Client 35 uploaded with stats: loss=0.1924, grad_norm=15.2125, exec_time=0.00s
Client 90 trained in 0.78s (simulated: 0.00s)
Client 90 uploaded with stats: loss=0.1648, grad_norm=13.0324, exec_time=0.00s
Client 73 trained in 0.88s (simulated: 0.00s)
Client 73 uploaded with stats: loss=0.1049, grad_norm=11.9429, exec_time=0.00s
Client 42 trained in 0.89s (simulated: 0.00s)
Client 42 uploaded with stats: loss=0.1187, grad_norm=12.0532, exec_time=0.00s
Client 55 trained in 0.91s (simulated: 0.00s)
Client 55 uploaded with stats: loss=0.2134, grad_norm=16.1039, exec_time=0.00s
Client 7 trained in 0.91s (simulated: 0.00s)
Client 7 uploaded with stats: loss=0.1444, grad_norm=8.8314, exec_time=0.00s
Client 54 trained in 0.97s (simulated: 0.00s)
Client 54 uploaded with stats: loss=0.1070, grad_norm=9.4072, exec_time=0.00s
Epoch(t): 222 accuracy: 78.67 loss 0.5408624413609505 run_time: 356.5769248008728
Current clients: 100, select: 10
| current_epoch 223 |. Begin client select
SchedulerThread select( 10 clients):
3 | 75 | 76 | 37 | 83 | 25 | 77 | 2 | 86 | 6 |
-----------------------------------------------------------------Schedule complete
Client 25 trained in 0.47s (simulated: 0.00s)
Client 25 uploaded with stats: loss=0.2677, grad_norm=21.9700, exec_time=0.00s
Client 77 trained in 0.55s (simulated: 0.00s)
Client 77 uploaded with stats: loss=0.3470, grad_norm=27.9100, exec_time=0.00s
Client 37 trained in 0.60s (simulated: 0.00s)
Client 37 uploaded with stats: loss=0.2423, grad_norm=27.7049, exec_time=0.00s
Client 6 trained in 0.58s (simulated: 0.00s)
Client 6 uploaded with stats: loss=0.2526, grad_norm=16.5781, exec_time=0.00s
Client 75 trained in 0.79s (simulated: 0.00s)
Client 75 uploaded with stats: loss=0.3913, grad_norm=27.2506, exec_time=0.00s
Client 76 trained in 0.81s (simulated: 0.00s)
Client 76 uploaded with stats: loss=0.0800, grad_norm=11.2496, exec_time=0.00s
Client 86 trained in 0.82s (simulated: 0.00s)
Client 86 uploaded with stats: loss=0.3520, grad_norm=29.8961, exec_time=0.00s
Client 83 trained in 0.89s (simulated: 0.00s)
Client 83 uploaded with stats: loss=0.0999, grad_norm=16.6107, exec_time=0.00s
Client 3 trained in 0.89s (simulated: 0.00s)
Client 3 uploaded with stats: loss=0.2152, grad_norm=24.7581, exec_time=0.00s
Client 2 trained in 0.95s (simulated: 0.00s)
Client 2 uploaded with stats: loss=0.1516, grad_norm=17.5969, exec_time=0.00s
Epoch(t): 223 accuracy: 69.84 loss 0.7666302740573883 run_time: 358.18375515937805
Current clients: 100, select: 10
| current_epoch 224 |. Begin client select
SchedulerThread select( 10 clients):
99 | 37 | 84 | 75 | 5 | 4 | 50 | 93 | 83 | 29 |
-----------------------------------------------------------------Schedule complete
Client 5 trained in 0.50s (simulated: 0.00s)
Client 5 uploaded with stats: loss=0.2906, grad_norm=25.7638, exec_time=0.00s
Client 37 trained in 0.58s (simulated: 0.00s)
Client 37 uploaded with stats: loss=0.2289, grad_norm=23.7216, exec_time=0.00s
Client 99 trained in 0.59s (simulated: 0.00s)
Client 99 uploaded with stats: loss=0.5616, grad_norm=32.2327, exec_time=0.00s
Client 84 trained in 0.68s (simulated: 0.00s)
Client 84 uploaded with stats: loss=0.1084, grad_norm=10.5938, exec_time=0.00s
Client 93 trained in 0.76s (simulated: 0.00s)
Client 93 uploaded with stats: loss=0.1785, grad_norm=23.6779, exec_time=0.00s
Client 75 trained in 0.80s (simulated: 0.00s)
Client 75 uploaded with stats: loss=0.4567, grad_norm=37.2396, exec_time=0.00s
Client 83 trained in 0.87s (simulated: 0.00s)
Client 83 uploaded with stats: loss=0.1391, grad_norm=31.8255, exec_time=0.00s
Client 4 trained in 0.93s (simulated: 0.00s)
Client 4 uploaded with stats: loss=0.2361, grad_norm=13.2616, exec_time=0.00s
Client 29 trained in 0.93s (simulated: 0.00s)
Client 29 uploaded with stats: loss=0.1148, grad_norm=42.8716, exec_time=0.00s
Client 50 trained in 0.93s (simulated: 0.00s)
Client 50 uploaded with stats: loss=0.2451, grad_norm=28.0785, exec_time=0.00s
Epoch(t): 224 accuracy: 80.4 loss 0.5214818462729454 run_time: 359.6973707675934
Current clients: 100, select: 10
| current_epoch 225 |. Begin client select
SchedulerThread select( 10 clients):
37 | 93 | 55 | 27 | 87 | 26 | 38 | 56 | 47 | 69 |
-----------------------------------------------------------------Schedule complete
Client 37 trained in 0.69s (simulated: 0.00s)
Client 37 uploaded with stats: loss=0.2344, grad_norm=25.1548, exec_time=0.00s
Client 27 trained in 0.70s (simulated: 0.00s)
Client 27 uploaded with stats: loss=0.4271, grad_norm=29.0228, exec_time=0.00s
Client 26 trained in 0.79s (simulated: 0.00s)
Client 26 uploaded with stats: loss=0.1481, grad_norm=15.9051, exec_time=0.00s
Client 93 trained in 0.88s (simulated: 0.00s)
Client 93 uploaded with stats: loss=0.1575, grad_norm=17.5385, exec_time=0.00s
Client 38 trained in 0.97s (simulated: 0.00s)
Client 38 uploaded with stats: loss=0.3481, grad_norm=21.4476, exec_time=0.00s
Client 47 trained in 0.99s (simulated: 0.00s)
Client 47 uploaded with stats: loss=0.2417, grad_norm=17.9921, exec_time=0.00s
Client 55 trained in 1.13s (simulated: 0.00s)
Client 55 uploaded with stats: loss=0.2056, grad_norm=15.0172, exec_time=0.00s
Client 69 trained in 1.14s (simulated: 0.00s)
Client 69 uploaded with stats: loss=0.4898, grad_norm=20.9720, exec_time=0.00s
Client 87 trained in 1.22s (simulated: 0.00s)
Client 87 uploaded with stats: loss=0.0630, grad_norm=8.6876, exec_time=0.00s
Client 56 trained in 1.27s (simulated: 0.00s)
Client 56 uploaded with stats: loss=0.0744, grad_norm=7.5900, exec_time=0.00s
Epoch(t): 225 accuracy: 80.46 loss 0.5157271564006806 run_time: 361.50402641296387
Current clients: 100, select: 10
| current_epoch 226 |. Begin client select
SchedulerThread select( 10 clients):
80 | 63 | 5 | 19 | 16 | 10 | 37 | 73 | 86 | 27 |
-----------------------------------------------------------------Schedule complete
Client 5 trained in 0.48s (simulated: 0.00s)
Client 5 uploaded with stats: loss=0.2518, grad_norm=17.8165, exec_time=0.00s
Client 73 trained in 0.59s (simulated: 0.00s)
Client 73 uploaded with stats: loss=0.1173, grad_norm=14.6976, exec_time=0.00s
Client 27 trained in 0.70s (simulated: 0.00s)
Client 27 uploaded with stats: loss=0.4173, grad_norm=27.0520, exec_time=0.00s
Client 16 trained in 0.73s (simulated: 0.00s)
Client 16 uploaded with stats: loss=0.3378, grad_norm=21.0535, exec_time=0.00s
Client 37 trained in 0.74s (simulated: 0.00s)
Client 37 uploaded with stats: loss=0.2307, grad_norm=25.4177, exec_time=0.00s
Client 86 trained in 0.90s (simulated: 0.00s)
Client 86 uploaded with stats: loss=0.4181, grad_norm=35.8523, exec_time=0.00s
Client 80 trained in 0.93s (simulated: 0.00s)
Client 80 uploaded with stats: loss=0.1837, grad_norm=11.1838, exec_time=0.00s
Client 10 trained in 0.98s (simulated: 0.00s)
Client 10 uploaded with stats: loss=0.2661, grad_norm=13.6141, exec_time=0.00s
Client 63 trained in 1.06s (simulated: 0.00s)
Client 63 uploaded with stats: loss=0.1739, grad_norm=16.4478, exec_time=0.00s
Client 19 trained in 1.05s (simulated: 0.00s)
Client 19 uploaded with stats: loss=0.0865, grad_norm=10.0388, exec_time=0.00s
Epoch(t): 226 accuracy: 69.31 loss 0.7206785371899604 run_time: 363.1942310333252
Current clients: 100, select: 10
| current_epoch 227 |. Begin client select
SchedulerThread select( 10 clients):
10 | 27 | 69 | 55 | 77 | 20 | 95 | 6 | 48 | 25 |
-----------------------------------------------------------------Schedule complete
Client 25 trained in 0.50s (simulated: 0.00s)
Client 25 uploaded with stats: loss=0.2738, grad_norm=23.5906, exec_time=0.00s
Client 27 trained in 0.61s (simulated: 0.00s)
Client 27 uploaded with stats: loss=0.4355, grad_norm=31.1419, exec_time=0.00s
Client 55 trained in 0.68s (simulated: 0.00s)
Client 55 uploaded with stats: loss=0.2159, grad_norm=16.9912, exec_time=0.00s
Client 77 trained in 0.75s (simulated: 0.00s)
Client 77 uploaded with stats: loss=0.3568, grad_norm=31.3546, exec_time=0.00s
Client 95 trained in 0.80s (simulated: 0.00s)
Client 95 uploaded with stats: loss=0.1312, grad_norm=16.0021, exec_time=0.00s
Client 6 trained in 0.90s (simulated: 0.00s)
Client 6 uploaded with stats: loss=0.2529, grad_norm=18.1390, exec_time=0.00s
Client 20 trained in 0.94s (simulated: 0.00s)
Client 20 uploaded with stats: loss=0.2033, grad_norm=29.1599, exec_time=0.00s
Client 69 trained in 0.93s (simulated: 0.00s)
Client 69 uploaded with stats: loss=0.4463, grad_norm=16.2770, exec_time=0.00s
Client 48 trained in 0.98s (simulated: 0.00s)
Client 48 uploaded with stats: loss=0.3710, grad_norm=21.7116, exec_time=0.00s
Client 10 trained in 1.02s (simulated: 0.00s)
Client 10 uploaded with stats: loss=0.3116, grad_norm=23.1504, exec_time=0.00s
Epoch(t): 227 accuracy: 78.51 loss 0.5570737186074257 run_time: 364.82849383354187
Current clients: 100, select: 10
| current_epoch 228 |. Begin client select
SchedulerThread select( 10 clients):
77 | 43 | 26 | 17 | 10 | 41 | 56 | 38 | 84 | 95 |
-----------------------------------------------------------------Schedule complete
Client 77 trained in 0.69s (simulated: 0.00s)
Client 77 uploaded with stats: loss=0.3373, grad_norm=27.0751, exec_time=0.00s
Client 26 trained in 0.69s (simulated: 0.00s)
Client 26 uploaded with stats: loss=0.1498, grad_norm=17.9969, exec_time=0.00s
Client 38 trained in 0.80s (simulated: 0.00s)
Client 38 uploaded with stats: loss=0.3554, grad_norm=22.9724, exec_time=0.00s
Client 84 trained in 0.85s (simulated: 0.00s)
Client 84 uploaded with stats: loss=0.1069, grad_norm=10.2644, exec_time=0.00s
Client 17 trained in 0.87s (simulated: 0.00s)
Client 17 uploaded with stats: loss=0.1373, grad_norm=16.1597, exec_time=0.00s
Client 95 trained in 0.96s (simulated: 0.00s)
Client 95 uploaded with stats: loss=0.1152, grad_norm=11.7366, exec_time=0.00s
Client 10 trained in 1.04s (simulated: 0.00s)
Client 10 uploaded with stats: loss=0.3060, grad_norm=20.4720, exec_time=0.00s
Client 41 trained in 1.07s (simulated: 0.00s)
Client 41 uploaded with stats: loss=0.1192, grad_norm=9.9571, exec_time=0.00s
Client 43 trained in 1.06s (simulated: 0.00s)
Client 43 uploaded with stats: loss=0.1214, grad_norm=12.0224, exec_time=0.00s
Client 56 trained in 1.06s (simulated: 0.00s)
Client 56 uploaded with stats: loss=0.0620, grad_norm=7.3898, exec_time=0.00s
Epoch(t): 228 accuracy: 81.09 loss 0.5098286688327789 run_time: 366.5728521347046
Current clients: 100, select: 10
| current_epoch 229 |. Begin client select
SchedulerThread select( 10 clients):
39 | 27 | 26 | 6 | 53 | 47 | 71 | 73 | 2 | 78 |
-----------------------------------------------------------------Schedule complete
Client 47 trained in 0.36s (simulated: 0.00s)
Client 47 uploaded with stats: loss=0.2639, grad_norm=23.9690, exec_time=0.00s
Client 73 trained in 0.56s (simulated: 0.00s)
Client 73 uploaded with stats: loss=0.1021, grad_norm=12.2803, exec_time=0.00s
Client 27 trained in 0.59s (simulated: 0.00s)
Client 27 uploaded with stats: loss=0.4133, grad_norm=28.5681, exec_time=0.00s
Client 71 trained in 0.65s (simulated: 0.00s)
Client 71 uploaded with stats: loss=0.1349, grad_norm=10.5779, exec_time=0.00s
Client 26 trained in 0.67s (simulated: 0.00s)
Client 26 uploaded with stats: loss=0.1427, grad_norm=15.9989, exec_time=0.00s
Client 78 trained in 0.77s (simulated: 0.00s)
Client 78 uploaded with stats: loss=0.2270, grad_norm=15.3413, exec_time=0.00s
Client 39 trained in 0.82s (simulated: 0.00s)
Client 39 uploaded with stats: loss=0.4157, grad_norm=18.5335, exec_time=0.00s
Client 6 trained in 0.83s (simulated: 0.00s)
Client 6 uploaded with stats: loss=0.2479, grad_norm=15.8663, exec_time=0.00s
Client 53 trained in 0.91s (simulated: 0.00s)
Client 53 uploaded with stats: loss=0.2012, grad_norm=17.6719, exec_time=0.00s
Client 2 trained in 0.91s (simulated: 0.00s)
Client 2 uploaded with stats: loss=0.1387, grad_norm=14.2072, exec_time=0.00s
Epoch(t): 229 accuracy: 80.78 loss 0.5056953284144402 run_time: 368.1358983516693
Current clients: 100, select: 10
| current_epoch 230 |. Begin client select
SchedulerThread select( 10 clients):
79 | 17 | 1 | 93 | 26 | 69 | 86 | 50 | 64 | 75 |
-----------------------------------------------------------------Schedule complete
Client 75 trained in 0.48s (simulated: 0.00s)
Client 75 uploaded with stats: loss=0.4382, grad_norm=31.8007, exec_time=0.00s
Client 69 trained in 0.64s (simulated: 0.00s)
Client 69 uploaded with stats: loss=0.4934, grad_norm=23.7788, exec_time=0.00s
Client 17 trained in 0.83s (simulated: 0.00s)
Client 17 uploaded with stats: loss=0.1325, grad_norm=16.1686, exec_time=0.00s
Client 93 trained in 0.81s (simulated: 0.00s)
Client 93 uploaded with stats: loss=0.1679, grad_norm=21.3027, exec_time=0.00s
Client 26 trained in 0.82s (simulated: 0.00s)
Client 26 uploaded with stats: loss=0.1358, grad_norm=13.6799, exec_time=0.00s
Client 1 trained in 0.81s (simulated: 0.00s)
Client 1 uploaded with stats: loss=0.1881, grad_norm=11.5486, exec_time=0.00s
Client 86 trained in 0.96s (simulated: 0.00s)
Client 86 uploaded with stats: loss=0.3052, grad_norm=19.5169, exec_time=0.00s
Client 79 trained in 1.06s (simulated: 0.00s)
Client 79 uploaded with stats: loss=0.1199, grad_norm=10.3435, exec_time=0.00s
Client 50 trained in 1.04s (simulated: 0.00s)
Client 50 uploaded with stats: loss=0.1953, grad_norm=16.8876, exec_time=0.00s
Client 64 trained in 1.08s (simulated: 0.00s)
Client 64 uploaded with stats: loss=0.2332, grad_norm=21.0648, exec_time=0.00s
Epoch(t): 230 accuracy: 81.36 loss 0.5027632710337638 run_time: 369.86208391189575
Current clients: 100, select: 10
| current_epoch 231 |. Begin client select
SchedulerThread select( 10 clients):
63 | 95 | 36 | 8 | 2 | 38 | 52 | 55 | 80 | 56 |
-----------------------------------------------------------------Schedule complete
Client 55 trained in 0.34s (simulated: 0.00s)
Client 55 uploaded with stats: loss=0.2049, grad_norm=15.7110, exec_time=0.00s
Client 95 trained in 0.42s (simulated: 0.00s)
Client 95 uploaded with stats: loss=0.0997, grad_norm=8.6997, exec_time=0.00s
Client 80 trained in 0.50s (simulated: 0.00s)
Client 80 uploaded with stats: loss=0.1933, grad_norm=12.9743, exec_time=0.00s
Client 38 trained in 0.50s (simulated: 0.00s)
Client 38 uploaded with stats: loss=0.3582, grad_norm=25.1573, exec_time=0.00s
Client 52 trained in 0.58s (simulated: 0.00s)
Client 52 uploaded with stats: loss=0.2806, grad_norm=15.6287, exec_time=0.00s
Client 36 trained in 0.71s (simulated: 0.00s)
Client 36 uploaded with stats: loss=0.0947, grad_norm=15.2041, exec_time=0.00s
Client 2 trained in 0.78s (simulated: 0.00s)
Client 2 uploaded with stats: loss=0.1362, grad_norm=14.7945, exec_time=0.00s
Client 56 trained in 0.82s (simulated: 0.00s)
Client 56 uploaded with stats: loss=0.0841, grad_norm=13.9899, exec_time=0.00s
Client 63 trained in 0.88s (simulated: 0.00s)
Client 63 uploaded with stats: loss=0.1252, grad_norm=10.2418, exec_time=0.00s
Client 8 trained in 0.92s (simulated: 0.00s)
Client 8 uploaded with stats: loss=0.0484, grad_norm=9.7384, exec_time=0.00s
Epoch(t): 231 accuracy: 80.3 loss 0.5237560144066811 run_time: 371.4255259037018
Current clients: 100, select: 10
| current_epoch 232 |. Begin client select
SchedulerThread select( 10 clients):
35 | 16 | 60 | 36 | 55 | 90 | 97 | 78 | 53 | 77 |
-----------------------------------------------------------------Schedule complete
Client 35 trained in 0.36s (simulated: 0.00s)
Client 35 uploaded with stats: loss=0.1939, grad_norm=14.9585, exec_time=0.00s
Client 55 trained in 0.43s (simulated: 0.00s)
Client 55 uploaded with stats: loss=0.2067, grad_norm=15.8697, exec_time=0.00s
Client 90 trained in 0.61s (simulated: 0.00s)
Client 90 uploaded with stats: loss=0.1620, grad_norm=13.9693, exec_time=0.00s
Client 77 trained in 0.71s (simulated: 0.00s)
Client 77 uploaded with stats: loss=0.3586, grad_norm=32.5135, exec_time=0.00s
Client 78 trained in 0.71s (simulated: 0.00s)
Client 78 uploaded with stats: loss=0.2260, grad_norm=17.3907, exec_time=0.00s
Client 16 trained in 0.82s (simulated: 0.00s)
Client 16 uploaded with stats: loss=0.3050, grad_norm=16.6920, exec_time=0.00s
Client 53 trained in 0.93s (simulated: 0.00s)
Client 53 uploaded with stats: loss=0.1877, grad_norm=16.2300, exec_time=0.00s
Client 97 trained in 0.93s (simulated: 0.00s)
Client 97 uploaded with stats: loss=0.5824, grad_norm=40.7313, exec_time=0.00s
Client 60 trained in 0.96s (simulated: 0.00s)
Client 60 uploaded with stats: loss=0.1136, grad_norm=10.5331, exec_time=0.00s
Client 36 trained in 0.98s (simulated: 0.00s)
Client 36 uploaded with stats: loss=0.0953, grad_norm=19.4870, exec_time=0.00s
Epoch(t): 232 accuracy: 81.35 loss 0.497844330072403 run_time: 372.9824342727661
Current clients: 100, select: 10
| current_epoch 233 |. Begin client select
SchedulerThread select( 10 clients):
53 | 39 | 40 | 8 | 55 | 79 | 66 | 49 | 47 | 27 |
-----------------------------------------------------------------Schedule complete
Client 47 trained in 0.29s (simulated: 0.00s)
Client 47 uploaded with stats: loss=0.2534, grad_norm=21.1654, exec_time=0.00s
Client 55 trained in 0.38s (simulated: 0.00s)
Client 55 uploaded with stats: loss=0.1971, grad_norm=15.2512, exec_time=0.00s
Client 27 trained in 0.48s (simulated: 0.00s)
Client 27 uploaded with stats: loss=0.4446, grad_norm=33.1040, exec_time=0.00s
Client 53 trained in 0.52s (simulated: 0.00s)
Client 53 uploaded with stats: loss=0.1880, grad_norm=16.0908, exec_time=0.00s
Client 79 trained in 0.53s (simulated: 0.00s)
Client 79 uploaded with stats: loss=0.1325, grad_norm=14.5985, exec_time=0.00s
Client 40 trained in 0.57s (simulated: 0.00s)
Client 40 uploaded with stats: loss=0.1770, grad_norm=12.1076, exec_time=0.00s
Client 39 trained in 0.72s (simulated: 0.00s)
Client 39 uploaded with stats: loss=0.3728, grad_norm=16.4619, exec_time=0.00s
Client 49 trained in 0.77s (simulated: 0.00s)
Client 49 uploaded with stats: loss=0.2382, grad_norm=10.9541, exec_time=0.00s
Client 66 trained in 0.76s (simulated: 0.00s)
Client 66 uploaded with stats: loss=0.0871, grad_norm=17.8896, exec_time=0.00s
Client 8 trained in 0.78s (simulated: 0.00s)
Client 8 uploaded with stats: loss=0.0519, grad_norm=11.5807, exec_time=0.00s
Epoch(t): 233 accuracy: 77.87 loss 0.559667996764183 run_time: 374.38522696495056
Current clients: 100, select: 10
| current_epoch 234 |. Begin client select
SchedulerThread select( 10 clients):
76 | 9 | 70 | 27 | 25 | 84 | 55 | 12 | 78 | 73 |
-----------------------------------------------------------------Schedule complete
Client 27 trained in 0.46s (simulated: 0.00s)
Client 27 uploaded with stats: loss=0.4213, grad_norm=30.6303, exec_time=0.00s
Client 12 trained in 0.50s (simulated: 0.00s)
Client 12 uploaded with stats: loss=0.3158, grad_norm=26.9966, exec_time=0.00s
Client 70 trained in 0.51s (simulated: 0.00s)
Client 70 uploaded with stats: loss=0.2232, grad_norm=16.1352, exec_time=0.00s
Client 25 trained in 0.63s (simulated: 0.00s)
Client 25 uploaded with stats: loss=0.2929, grad_norm=26.6796, exec_time=0.00s
Client 55 trained in 0.71s (simulated: 0.00s)
Client 55 uploaded with stats: loss=0.2054, grad_norm=17.0601, exec_time=0.00s
Client 84 trained in 0.85s (simulated: 0.00s)
Client 84 uploaded with stats: loss=0.1131, grad_norm=11.5693, exec_time=0.00s
Client 73 trained in 0.92s (simulated: 0.00s)
Client 73 uploaded with stats: loss=0.1122, grad_norm=13.7414, exec_time=0.00s
Client 78 trained in 0.93s (simulated: 0.00s)
Client 78 uploaded with stats: loss=0.2210, grad_norm=15.2538, exec_time=0.00s
Client 9 trained in 0.96s (simulated: 0.00s)
Client 9 uploaded with stats: loss=0.0754, grad_norm=9.0461, exec_time=0.00s
Client 76 trained in 1.05s (simulated: 0.00s)
Client 76 uploaded with stats: loss=0.1119, grad_norm=21.7379, exec_time=0.00s
Epoch(t): 234 accuracy: 76.23 loss 0.5886248460412026 run_time: 376.07246494293213
Current clients: 100, select: 10
| current_epoch 235 |. Begin client select
SchedulerThread select( 10 clients):
49 | 3 | 64 | 70 | 97 | 40 | 48 | 55 | 71 | 5 |
-----------------------------------------------------------------Schedule complete
Client 5 trained in 0.37s (simulated: 0.00s)
Client 5 uploaded with stats: loss=0.2756, grad_norm=21.9499, exec_time=0.00s
Client 70 trained in 0.40s (simulated: 0.00s)
Client 70 uploaded with stats: loss=0.2213, grad_norm=19.0020, exec_time=0.00s
Client 55 trained in 0.42s (simulated: 0.00s)
Client 55 uploaded with stats: loss=0.2151, grad_norm=17.9134, exec_time=0.00s
Client 71 trained in 0.56s (simulated: 0.00s)
Client 71 uploaded with stats: loss=0.1343, grad_norm=9.6567, exec_time=0.00s
Client 40 trained in 0.65s (simulated: 0.00s)
Client 40 uploaded with stats: loss=0.1843, grad_norm=14.4137, exec_time=0.00s
Client 64 trained in 0.65s (simulated: 0.00s)
Client 64 uploaded with stats: loss=0.2645, grad_norm=28.0327, exec_time=0.00s
Client 48 trained in 0.68s (simulated: 0.00s)
Client 48 uploaded with stats: loss=0.3227, grad_norm=13.1488, exec_time=0.00s
Client 97 trained in 0.71s (simulated: 0.00s)
Client 97 uploaded with stats: loss=0.3544, grad_norm=31.6538, exec_time=0.00s
Client 49 trained in 0.75s (simulated: 0.00s)
Client 49 uploaded with stats: loss=0.2517, grad_norm=14.0663, exec_time=0.00s
Client 3 trained in 0.76s (simulated: 0.00s)
Client 3 uploaded with stats: loss=0.2805, grad_norm=34.6402, exec_time=0.00s
Epoch(t): 235 accuracy: 78.78 loss 0.5460561153292656 run_time: 377.48105216026306
Current clients: 100, select: 10
| current_epoch 236 |. Begin client select
SchedulerThread select( 10 clients):
4 | 1 | 26 | 16 | 90 | 17 | 63 | 43 | 95 | 20 |
-----------------------------------------------------------------Schedule complete
Client 16 trained in 0.41s (simulated: 0.00s)
Client 16 uploaded with stats: loss=0.3402, grad_norm=19.0463, exec_time=0.00s
Client 90 trained in 0.45s (simulated: 0.00s)
Client 90 uploaded with stats: loss=0.1692, grad_norm=14.7183, exec_time=0.00s
Client 95 trained in 0.63s (simulated: 0.00s)
Client 95 uploaded with stats: loss=0.1117, grad_norm=10.1225, exec_time=0.00s
Client 26 trained in 0.73s (simulated: 0.00s)
Client 26 uploaded with stats: loss=0.1376, grad_norm=15.6658, exec_time=0.00s
Client 1 trained in 0.74s (simulated: 0.00s)
Client 1 uploaded with stats: loss=0.2057, grad_norm=15.8438, exec_time=0.00s
Client 20 trained in 0.83s (simulated: 0.00s)
Client 20 uploaded with stats: loss=0.1271, grad_norm=11.9892, exec_time=0.00s
Client 17 trained in 0.84s (simulated: 0.00s)
Client 17 uploaded with stats: loss=0.1325, grad_norm=15.2670, exec_time=0.00s
Client 43 trained in 0.86s (simulated: 0.00s)
Client 43 uploaded with stats: loss=0.1377, grad_norm=18.0021, exec_time=0.00s
Client 63 trained in 0.87s (simulated: 0.00s)
Client 63 uploaded with stats: loss=0.1522, grad_norm=13.3309, exec_time=0.00s
Client 4 trained in 0.93s (simulated: 0.00s)
Client 4 uploaded with stats: loss=0.4079, grad_norm=31.6789, exec_time=0.00s
Epoch(t): 236 accuracy: 80.83 loss 0.5341673719882966 run_time: 379.05345344543457
Current clients: 100, select: 10
| current_epoch 237 |. Begin client select
SchedulerThread select( 10 clients):
84 | 53 | 37 | 78 | 17 | 47 | 16 | 60 | 10 | 36 |
-----------------------------------------------------------------Schedule complete
Client 47 trained in 0.41s (simulated: 0.00s)
Client 47 uploaded with stats: loss=0.2760, grad_norm=24.6014, exec_time=0.00s
Client 84 trained in 0.59s (simulated: 0.00s)
Client 84 uploaded with stats: loss=0.1171, grad_norm=12.8120, exec_time=0.00s
Client 37 trained in 0.68s (simulated: 0.00s)
Client 37 uploaded with stats: loss=0.2315, grad_norm=24.8351, exec_time=0.00s
Client 78 trained in 0.71s (simulated: 0.00s)
Client 78 uploaded with stats: loss=0.2282, grad_norm=16.6799, exec_time=0.00s
Client 17 trained in 0.77s (simulated: 0.00s)
Client 17 uploaded with stats: loss=0.1293, grad_norm=15.1230, exec_time=0.00s
Client 16 trained in 0.81s (simulated: 0.00s)
Client 16 uploaded with stats: loss=0.3255, grad_norm=19.2344, exec_time=0.00s
Client 53 trained in 0.97s (simulated: 0.00s)
Client 53 uploaded with stats: loss=0.1888, grad_norm=16.4143, exec_time=0.00s
Client 10 trained in 1.01s (simulated: 0.00s)
Client 10 uploaded with stats: loss=0.2646, grad_norm=12.4227, exec_time=0.00s
Client 60 trained in 1.01s (simulated: 0.00s)
Client 60 uploaded with stats: loss=0.1151, grad_norm=11.5646, exec_time=0.00s
Client 36 trained in 1.03s (simulated: 0.00s)
Client 36 uploaded with stats: loss=0.0952, grad_norm=17.0931, exec_time=0.00s
Epoch(t): 237 accuracy: 80.21 loss 0.5292536827921868 run_time: 380.74739694595337
Current clients: 100, select: 10
| current_epoch 238 |. Begin client select
SchedulerThread select( 10 clients):
10 | 16 | 99 | 83 | 53 | 37 | 7 | 26 | 87 | 73 |
-----------------------------------------------------------------Schedule complete
Client 73 trained in 0.50s (simulated: 0.00s)
Client 73 uploaded with stats: loss=0.1125, grad_norm=15.2575, exec_time=0.00s
Client 16 trained in 0.49s (simulated: 0.00s)
Client 16 uploaded with stats: loss=0.3236, grad_norm=19.3136, exec_time=0.00s
Client 99 trained in 0.67s (simulated: 0.00s)
Client 99 uploaded with stats: loss=0.5355, grad_norm=31.5962, exec_time=0.00s
Client 37 trained in 0.74s (simulated: 0.00s)
Client 37 uploaded with stats: loss=0.2220, grad_norm=22.1698, exec_time=0.00s
Client 26 trained in 0.78s (simulated: 0.00s)
Client 26 uploaded with stats: loss=0.1381, grad_norm=15.7934, exec_time=0.00s
Client 53 trained in 0.80s (simulated: 0.00s)
Client 53 uploaded with stats: loss=0.1802, grad_norm=16.7781, exec_time=0.00s
Client 83 trained in 0.87s (simulated: 0.00s)
Client 83 uploaded with stats: loss=0.1050, grad_norm=13.8255, exec_time=0.00s
Client 7 trained in 0.88s (simulated: 0.00s)
Client 7 uploaded with stats: loss=0.1301, grad_norm=9.2167, exec_time=0.00s
Client 10 trained in 0.90s (simulated: 0.00s)
Client 10 uploaded with stats: loss=0.2972, grad_norm=18.0634, exec_time=0.00s
Client 87 trained in 0.91s (simulated: 0.00s)
Client 87 uploaded with stats: loss=0.0867, grad_norm=15.4509, exec_time=0.00s
Epoch(t): 238 accuracy: 81.85 loss 0.48042185604572296 run_time: 382.3041081428528
Current clients: 100, select: 10
| current_epoch 239 |. Begin client select
SchedulerThread select( 10 clients):
83 | 60 | 45 | 12 | 38 | 25 | 26 | 64 | 37 | 76 |
-----------------------------------------------------------------Schedule complete
Client 26 trained in 0.68s (simulated: 0.00s)
Client 26 uploaded with stats: loss=0.1381, grad_norm=16.4916, exec_time=0.00s
Client 37 trained in 0.80s (simulated: 0.00s)
Client 37 uploaded with stats: loss=0.2172, grad_norm=21.8880, exec_time=0.00s
Client 12 trained in 0.85s (simulated: 0.00s)
Client 12 uploaded with stats: loss=0.3081, grad_norm=27.0415, exec_time=0.00s
Client 38 trained in 0.86s (simulated: 0.00s)
Client 38 uploaded with stats: loss=0.3505, grad_norm=23.8788, exec_time=0.00s
Client 25 trained in 0.93s (simulated: 0.00s)
Client 25 uploaded with stats: loss=0.2722, grad_norm=21.7783, exec_time=0.00s
Client 83 trained in 1.04s (simulated: 0.00s)
Client 83 uploaded with stats: loss=0.0965, grad_norm=13.4489, exec_time=0.00s
Client 76 trained in 1.05s (simulated: 0.00s)
Client 76 uploaded with stats: loss=0.0760, grad_norm=13.1485, exec_time=0.00s
Client 64 trained in 1.10s (simulated: 0.00s)
Client 64 uploaded with stats: loss=0.1764, grad_norm=15.9315, exec_time=0.00s
Client 60 trained in 1.09s (simulated: 0.00s)
Client 60 uploaded with stats: loss=0.1184, grad_norm=13.5170, exec_time=0.00s
Client 45 trained in 1.18s (simulated: 0.00s)
Client 45 uploaded with stats: loss=0.1665, grad_norm=10.0753, exec_time=0.00s
Epoch(t): 239 accuracy: 72.84 loss 0.6795491030812264 run_time: 384.0914077758789
Current clients: 100, select: 10
| current_epoch 240 |. Begin client select
SchedulerThread select( 10 clients):
69 | 77 | 5 | 40 | 99 | 47 | 79 | 7 | 50 | 38 |
-----------------------------------------------------------------Schedule complete
Client 38 trained in 0.43s (simulated: 0.00s)
Client 38 uploaded with stats: loss=0.3613, grad_norm=28.5621, exec_time=0.00s
Client 47 trained in 0.44s (simulated: 0.00s)
Client 47 uploaded with stats: loss=0.2590, grad_norm=26.2962, exec_time=0.00s
Client 77 trained in 0.60s (simulated: 0.00s)
Client 77 uploaded with stats: loss=0.3332, grad_norm=27.8250, exec_time=0.00s
Client 5 trained in 0.68s (simulated: 0.00s)
Client 5 uploaded with stats: loss=0.2749, grad_norm=24.2081, exec_time=0.00s
Client 99 trained in 0.70s (simulated: 0.00s)
Client 99 uploaded with stats: loss=0.5146, grad_norm=28.1122, exec_time=0.00s
Client 40 trained in 0.83s (simulated: 0.00s)
Client 40 uploaded with stats: loss=0.1827, grad_norm=15.0001, exec_time=0.00s
Client 69 trained in 0.87s (simulated: 0.00s)
Client 69 uploaded with stats: loss=0.4700, grad_norm=22.0746, exec_time=0.00s
Client 79 trained in 0.94s (simulated: 0.00s)
Client 79 uploaded with stats: loss=0.1176, grad_norm=12.1728, exec_time=0.00s
Client 50 trained in 0.96s (simulated: 0.00s)
Client 50 uploaded with stats: loss=0.1930, grad_norm=20.1024, exec_time=0.00s
Client 7 trained in 0.98s (simulated: 0.00s)
Client 7 uploaded with stats: loss=0.1596, grad_norm=13.5445, exec_time=0.00s
Epoch(t): 240 accuracy: 78.3 loss 0.5648026168346405 run_time: 385.65698766708374
Current clients: 100, select: 10
| current_epoch 241 |. Begin client select
SchedulerThread select( 10 clients):
84 | 37 | 19 | 93 | 25 | 8 | 27 | 6 | 17 | 26 |
-----------------------------------------------------------------Schedule complete
Client 26 trained in 0.61s (simulated: 0.00s)
Client 26 uploaded with stats: loss=0.1372, grad_norm=16.6655, exec_time=0.00s
Client 37 trained in 0.65s (simulated: 0.00s)
Client 37 uploaded with stats: loss=0.2288, grad_norm=24.9872, exec_time=0.00s
Client 27 trained in 0.78s (simulated: 0.00s)
Client 27 uploaded with stats: loss=0.4285, grad_norm=32.7531, exec_time=0.00s
Client 17 trained in 0.79s (simulated: 0.00s)
Client 17 uploaded with stats: loss=0.1304, grad_norm=15.9269, exec_time=0.00s
Client 25 trained in 0.93s (simulated: 0.00s)
Client 25 uploaded with stats: loss=0.2793, grad_norm=24.6732, exec_time=0.00s
Client 93 trained in 0.95s (simulated: 0.00s)
Client 93 uploaded with stats: loss=0.1650, grad_norm=21.3461, exec_time=0.00s
Client 6 trained in 1.10s (simulated: 0.00s)
Client 6 uploaded with stats: loss=0.2823, grad_norm=22.8154, exec_time=0.00s
Client 84 trained in 1.12s (simulated: 0.00s)
Client 84 uploaded with stats: loss=0.1106, grad_norm=11.7530, exec_time=0.00s
Client 19 trained in 1.16s (simulated: 0.00s)
Client 19 uploaded with stats: loss=0.0849, grad_norm=10.0705, exec_time=0.00s
Client 8 trained in 1.22s (simulated: 0.00s)
Client 8 uploaded with stats: loss=0.0608, grad_norm=15.9911, exec_time=0.00s
Epoch(t): 241 accuracy: 78.29 loss 0.5689268580079079 run_time: 387.42149329185486
Current clients: 100, select: 10
| current_epoch 242 |. Begin client select
SchedulerThread select( 10 clients):
29 | 19 | 36 | 27 | 95 | 63 | 38 | 66 | 84 | 73 |
-----------------------------------------------------------------Schedule complete
Client 84 trained in 0.46s (simulated: 0.00s)
Client 84 uploaded with stats: loss=0.1019, grad_norm=9.9722, exec_time=0.00s
Client 27 trained in 0.58s (simulated: 0.00s)
Client 27 uploaded with stats: loss=0.4283, grad_norm=32.8210, exec_time=0.00s
Client 38 trained in 0.60s (simulated: 0.00s)
Client 38 uploaded with stats: loss=0.3507, grad_norm=23.9667, exec_time=0.00s
Client 73 trained in 0.61s (simulated: 0.00s)
Client 73 uploaded with stats: loss=0.1087, grad_norm=13.8434, exec_time=0.00s
Client 95 trained in 0.75s (simulated: 0.00s)
Client 95 uploaded with stats: loss=0.1064, grad_norm=10.5726, exec_time=0.00s
Client 36 trained in 0.80s (simulated: 0.00s)
Client 36 uploaded with stats: loss=0.1174, grad_norm=24.8833, exec_time=0.00s
Client 19 trained in 0.86s (simulated: 0.00s)
Client 19 uploaded with stats: loss=0.0749, grad_norm=8.9972, exec_time=0.00s
Client 63 trained in 0.92s (simulated: 0.00s)
Client 63 uploaded with stats: loss=0.1408, grad_norm=14.6608, exec_time=0.00s
Client 29 trained in 0.94s (simulated: 0.00s)
Client 29 uploaded with stats: loss=0.0740, grad_norm=25.6501, exec_time=0.00s
Client 66 trained in 0.94s (simulated: 0.00s)
Client 66 uploaded with stats: loss=0.1237, grad_norm=27.7470, exec_time=0.00s
Epoch(t): 242 accuracy: 81.26 loss 0.4951907655596733 run_time: 388.90941166877747
Current clients: 100, select: 10
| current_epoch 243 |. Begin client select
SchedulerThread select( 10 clients):
25 | 93 | 77 | 17 | 84 | 26 | 40 | 36 | 16 | 29 |
-----------------------------------------------------------------Schedule complete
Client 77 trained in 0.73s (simulated: 0.00s)
Client 77 uploaded with stats: loss=0.3311, grad_norm=27.4487, exec_time=0.00s
Client 26 trained in 0.73s (simulated: 0.00s)
Client 26 uploaded with stats: loss=0.1331, grad_norm=14.2928, exec_time=0.00s
Client 17 trained in 0.83s (simulated: 0.00s)
Client 17 uploaded with stats: loss=0.1308, grad_norm=16.3260, exec_time=0.00s
Client 25 trained in 0.91s (simulated: 0.00s)
Client 25 uploaded with stats: loss=0.2730, grad_norm=21.9399, exec_time=0.00s
Client 93 trained in 0.92s (simulated: 0.00s)
Client 93 uploaded with stats: loss=0.1802, grad_norm=25.6408, exec_time=0.00s
Client 84 trained in 1.08s (simulated: 0.00s)
Client 84 uploaded with stats: loss=0.1035, grad_norm=10.9939, exec_time=0.00s
Client 16 trained in 1.10s (simulated: 0.00s)
Client 16 uploaded with stats: loss=0.3076, grad_norm=16.2610, exec_time=0.00s
Client 40 trained in 1.17s (simulated: 0.00s)
Client 40 uploaded with stats: loss=0.1602, grad_norm=11.5755, exec_time=0.00s
Client 36 trained in 1.21s (simulated: 0.00s)
Client 36 uploaded with stats: loss=0.0847, grad_norm=12.8271, exec_time=0.00s
Client 29 trained in 1.23s (simulated: 0.00s)
Client 29 uploaded with stats: loss=0.0372, grad_norm=8.6421, exec_time=0.00s
Epoch(t): 243 accuracy: 80.4 loss 0.5244366547465324 run_time: 390.76259112358093
Current clients: 100, select: 10
| current_epoch 244 |. Begin client select
SchedulerThread select( 10 clients):
93 | 44 | 40 | 96 | 90 | 77 | 20 | 38 | 47 | 16 |
-----------------------------------------------------------------Schedule complete
Client 38 trained in 0.50s (simulated: 0.00s)
Client 38 uploaded with stats: loss=0.3504, grad_norm=26.6133, exec_time=0.00s
Client 47 trained in 0.59s (simulated: 0.00s)
Client 47 uploaded with stats: loss=0.2884, grad_norm=27.1978, exec_time=0.00s
Client 93 trained in 0.65s (simulated: 0.00s)
Client 93 uploaded with stats: loss=0.1497, grad_norm=17.6243, exec_time=0.00s
Client 77 trained in 0.71s (simulated: 0.00s)
Client 77 uploaded with stats: loss=0.3312, grad_norm=28.4706, exec_time=0.00s
Client 16 trained in 0.76s (simulated: 0.00s)
Client 16 uploaded with stats: loss=0.3162, grad_norm=19.1261, exec_time=0.00s
Client 90 trained in 0.97s (simulated: 0.00s)
Client 90 uploaded with stats: loss=0.1619, grad_norm=15.1964, exec_time=0.00s
Client 40 trained in 1.01s (simulated: 0.00s)
Client 40 uploaded with stats: loss=0.1675, grad_norm=12.5612, exec_time=0.00s
Client 44 trained in 1.08s (simulated: 0.00s)
Client 44 uploaded with stats: loss=0.0500, grad_norm=6.7701, exec_time=0.00s
Client 20 trained in 1.09s (simulated: 0.00s)
Client 20 uploaded with stats: loss=0.1410, grad_norm=17.1280, exec_time=0.00s
Client 96 trained in 1.14s (simulated: 0.00s)
Client 96 uploaded with stats: loss=0.0642, grad_norm=7.1557, exec_time=0.00s
Epoch(t): 244 accuracy: 79.19 loss 0.540924223959446 run_time: 392.4911894798279
Current clients: 100, select: 10
| current_epoch 245 |. Begin client select
SchedulerThread select( 10 clients):
56 | 3 | 12 | 90 | 5 | 27 | 77 | 93 | 53 | 25 |
-----------------------------------------------------------------Schedule complete
Client 12 trained in 0.65s (simulated: 0.00s)
Client 12 uploaded with stats: loss=0.3002, grad_norm=24.6066, exec_time=0.00s
Client 77 trained in 0.68s (simulated: 0.00s)
Client 77 uploaded with stats: loss=0.3203, grad_norm=26.4134, exec_time=0.00s
Client 27 trained in 0.76s (simulated: 0.00s)
Client 27 uploaded with stats: loss=0.4218, grad_norm=31.0759, exec_time=0.00s
Client 25 trained in 0.82s (simulated: 0.00s)
Client 25 uploaded with stats: loss=0.2781, grad_norm=23.5395, exec_time=0.00s
Client 93 trained in 0.89s (simulated: 0.00s)
Client 93 uploaded with stats: loss=0.1516, grad_norm=17.8580, exec_time=0.00s
Client 5 trained in 0.92s (simulated: 0.00s)
Client 5 uploaded with stats: loss=0.2627, grad_norm=21.4982, exec_time=0.00s
Client 90 trained in 1.00s (simulated: 0.00s)
Client 90 uploaded with stats: loss=0.1590, grad_norm=15.4506, exec_time=0.00s
Client 53 trained in 1.01s (simulated: 0.00s)
Client 53 uploaded with stats: loss=0.1866, grad_norm=16.7924, exec_time=0.00s
Client 3 trained in 1.03s (simulated: 0.00s)
Client 3 uploaded with stats: loss=0.2374, grad_norm=27.1790, exec_time=0.00s
Client 56 trained in 1.07s (simulated: 0.00s)
Client 56 uploaded with stats: loss=0.0705, grad_norm=8.6759, exec_time=0.00s
Epoch(t): 245 accuracy: 72.77 loss 0.669433388710022 run_time: 394.1444549560547
Current clients: 100, select: 10
| current_epoch 246 |. Begin client select
SchedulerThread select( 10 clients):
84 | 12 | 31 | 70 | 96 | 86 | 93 | 47 | 39 | 54 |
-----------------------------------------------------------------Schedule complete
Client 70 trained in 0.42s (simulated: 0.00s)
Client 70 uploaded with stats: loss=0.2329, grad_norm=23.0981, exec_time=0.00s
Client 47 trained in 0.51s (simulated: 0.00s)
Client 47 uploaded with stats: loss=0.2560, grad_norm=30.8024, exec_time=0.00s
Client 12 trained in 0.52s (simulated: 0.00s)
Client 12 uploaded with stats: loss=0.2953, grad_norm=25.2353, exec_time=0.00s
Client 86 trained in 0.58s (simulated: 0.00s)
Client 86 uploaded with stats: loss=0.4477, grad_norm=33.7518, exec_time=0.00s
Client 93 trained in 0.65s (simulated: 0.00s)
Client 93 uploaded with stats: loss=0.1685, grad_norm=23.7397, exec_time=0.00s
Client 84 trained in 0.72s (simulated: 0.00s)
Client 84 uploaded with stats: loss=0.1083, grad_norm=11.2490, exec_time=0.00s
Client 39 trained in 0.83s (simulated: 0.00s)
Client 39 uploaded with stats: loss=0.4688, grad_norm=27.8166, exec_time=0.00s
Client 31 trained in 0.92s (simulated: 0.00s)
Client 31 uploaded with stats: loss=0.0706, grad_norm=10.4256, exec_time=0.00s
Client 96 trained in 0.91s (simulated: 0.00s)
Client 96 uploaded with stats: loss=0.0628, grad_norm=8.6652, exec_time=0.00s
Client 54 trained in 0.95s (simulated: 0.00s)
Client 54 uploaded with stats: loss=0.1233, grad_norm=11.7087, exec_time=0.00s
Epoch(t): 246 accuracy: 77.6 loss 0.5946388185024262 run_time: 395.6488175392151
Current clients: 100, select: 10
| current_epoch 247 |. Begin client select
SchedulerThread select( 10 clients):
8 | 38 | 2 | 77 | 19 | 63 | 27 | 49 | 75 | 1 |
-----------------------------------------------------------------Schedule complete
Client 75 trained in 0.38s (simulated: 0.00s)
Client 75 uploaded with stats: loss=0.4489, grad_norm=33.3459, exec_time=0.00s
Client 1 trained in 0.52s (simulated: 0.00s)
Client 1 uploaded with stats: loss=0.1837, grad_norm=12.1459, exec_time=0.00s
Client 38 trained in 0.55s (simulated: 0.00s)
Client 38 uploaded with stats: loss=0.3276, grad_norm=19.4790, exec_time=0.00s
Client 27 trained in 0.59s (simulated: 0.00s)
Client 27 uploaded with stats: loss=0.3986, grad_norm=28.0666, exec_time=0.00s
Client 77 trained in 0.69s (simulated: 0.00s)
Client 77 uploaded with stats: loss=0.3270, grad_norm=27.7453, exec_time=0.00s
Client 2 trained in 0.75s (simulated: 0.00s)
Client 2 uploaded with stats: loss=0.1215, grad_norm=11.2240, exec_time=0.00s
Client 19 trained in 0.78s (simulated: 0.00s)
Client 19 uploaded with stats: loss=0.0697, grad_norm=7.4407, exec_time=0.00s
Client 63 trained in 0.81s (simulated: 0.00s)
Client 63 uploaded with stats: loss=0.1161, grad_norm=10.6952, exec_time=0.00s
Client 49 trained in 0.81s (simulated: 0.00s)
Client 49 uploaded with stats: loss=0.2374, grad_norm=11.8970, exec_time=0.00s
Client 8 trained in 0.88s (simulated: 0.00s)
Client 8 uploaded with stats: loss=0.0641, grad_norm=17.1169, exec_time=0.00s
Epoch(t): 247 accuracy: 80.32 loss 0.5106132760643959 run_time: 397.1797215938568
Current clients: 100, select: 10
| current_epoch 248 |. Begin client select
SchedulerThread select( 10 clients):
47 | 16 | 52 | 4 | 36 | 40 | 2 | 93 | 27 | 69 |
-----------------------------------------------------------------Schedule complete
Client 47 trained in 0.41s (simulated: 0.00s)
Client 47 uploaded with stats: loss=0.2685, grad_norm=26.6828, exec_time=0.00s
Client 27 trained in 0.45s (simulated: 0.00s)
Client 27 uploaded with stats: loss=0.3974, grad_norm=28.2369, exec_time=0.00s
Client 16 trained in 0.51s (simulated: 0.00s)
Client 16 uploaded with stats: loss=0.2956, grad_norm=14.9353, exec_time=0.00s
Client 93 trained in 0.59s (simulated: 0.00s)
Client 93 uploaded with stats: loss=0.1446, grad_norm=16.9093, exec_time=0.00s
Client 40 trained in 0.64s (simulated: 0.00s)
Client 40 uploaded with stats: loss=0.1631, grad_norm=12.0857, exec_time=0.00s
Client 69 trained in 0.73s (simulated: 0.00s)
Client 69 uploaded with stats: loss=0.4378, grad_norm=17.8117, exec_time=0.00s
Client 52 trained in 0.78s (simulated: 0.00s)
Client 52 uploaded with stats: loss=0.2680, grad_norm=16.6134, exec_time=0.00s
Client 36 trained in 0.78s (simulated: 0.00s)
Client 36 uploaded with stats: loss=0.0976, grad_norm=17.0369, exec_time=0.00s
Client 4 trained in 0.85s (simulated: 0.00s)
Client 4 uploaded with stats: loss=0.2679, grad_norm=17.6407, exec_time=0.00s
Client 2 trained in 0.85s (simulated: 0.00s)
Client 2 uploaded with stats: loss=0.1338, grad_norm=13.9353, exec_time=0.00s
Epoch(t): 248 accuracy: 81.36 loss 0.508308030217886 run_time: 398.6621539592743
Current clients: 100, select: 10
| current_epoch 249 |. Begin client select
SchedulerThread select( 10 clients):
34 | 75 | 38 | 77 | 2 | 48 | 1 | 76 | 17 | 97 |
-----------------------------------------------------------------Schedule complete
Client 38 trained in 0.59s (simulated: 0.00s)
Client 38 uploaded with stats: loss=0.3549, grad_norm=27.0908, exec_time=0.00s
Client 76 trained in 0.62s (simulated: 0.00s)
Client 76 uploaded with stats: loss=0.0909, grad_norm=17.4707, exec_time=0.00s
Client 75 trained in 0.67s (simulated: 0.00s)
Client 75 uploaded with stats: loss=0.3750, grad_norm=26.6786, exec_time=0.00s
Client 77 trained in 0.72s (simulated: 0.00s)
Client 77 uploaded with stats: loss=0.3344, grad_norm=30.8870, exec_time=0.00s
Client 17 trained in 0.77s (simulated: 0.00s)
Client 17 uploaded with stats: loss=0.1274, grad_norm=14.6156, exec_time=0.00s
Client 1 trained in 0.80s (simulated: 0.00s)
Client 1 uploaded with stats: loss=0.1774, grad_norm=11.1715, exec_time=0.00s
Client 48 trained in 0.92s (simulated: 0.00s)
Client 48 uploaded with stats: loss=0.3313, grad_norm=16.2332, exec_time=0.00s
Client 97 trained in 0.93s (simulated: 0.00s)
Client 97 uploaded with stats: loss=0.2481, grad_norm=17.6276, exec_time=0.00s
Client 2 trained in 0.98s (simulated: 0.00s)
Client 2 uploaded with stats: loss=0.1172, grad_norm=8.7730, exec_time=0.00s
Client 34 trained in 1.06s (simulated: 0.00s)
Client 34 uploaded with stats: loss=0.0743, grad_norm=7.6116, exec_time=0.00s
Epoch(t): 249 accuracy: 78.76 loss 0.5490697565674781 run_time: 400.28490686416626
Current clients: 100, select: 10
| current_epoch 250 |. Begin client select
SchedulerThread select( 10 clients):
25 | 50 | 37 | 27 | 12 | 83 | 45 | 69 | 39 | 35 |
-----------------------------------------------------------------Schedule complete
Client 37 trained in 0.62s (simulated: 0.00s)
Client 37 uploaded with stats: loss=0.2208, grad_norm=24.1824, exec_time=0.00s
Client 12 trained in 0.66s (simulated: 0.00s)
Client 12 uploaded with stats: loss=0.3000, grad_norm=25.2864, exec_time=0.00s
Client 25 trained in 0.68s (simulated: 0.00s)
Client 25 uploaded with stats: loss=0.2442, grad_norm=18.4684, exec_time=0.00s
Client 27 trained in 0.71s (simulated: 0.00s)
Client 27 uploaded with stats: loss=0.4143, grad_norm=32.9728, exec_time=0.00s
Client 35 trained in 0.84s (simulated: 0.00s)
Client 35 uploaded with stats: loss=0.1925, grad_norm=15.0396, exec_time=0.00s
Client 69 trained in 0.86s (simulated: 0.00s)
Client 69 uploaded with stats: loss=0.4442, grad_norm=17.8902, exec_time=0.00s
Client 83 trained in 0.95s (simulated: 0.00s)
Client 83 uploaded with stats: loss=0.1078, grad_norm=15.7435, exec_time=0.00s
Client 45 trained in 0.98s (simulated: 0.00s)
Client 45 uploaded with stats: loss=0.1977, grad_norm=11.9762, exec_time=0.00s
Client 39 trained in 0.99s (simulated: 0.00s)
Client 39 uploaded with stats: loss=0.5073, grad_norm=32.6188, exec_time=0.00s
Client 50 trained in 1.01s (simulated: 0.00s)
Client 50 uploaded with stats: loss=0.1951, grad_norm=15.6955, exec_time=0.00s
Epoch(t): 250 accuracy: 76.38 loss 0.5894832891225815 run_time: 401.9099929332733
Current clients: 100, select: 10
| current_epoch 251 |. Begin client select
SchedulerThread select( 10 clients):
53 | 66 | 23 | 93 | 26 | 27 | 71 | 45 | 75 | 12 |
-----------------------------------------------------------------Schedule complete
Client 12 trained in 0.71s (simulated: 0.00s)
Client 12 uploaded with stats: loss=0.3037, grad_norm=26.1016, exec_time=0.00s
Client 27 trained in 0.72s (simulated: 0.00s)
Client 27 uploaded with stats: loss=0.3911, grad_norm=28.3313, exec_time=0.00s
Client 26 trained in 0.76s (simulated: 0.00s)
Client 26 uploaded with stats: loss=0.1454, grad_norm=18.4059, exec_time=0.00s
Client 71 trained in 0.82s (simulated: 0.00s)
Client 71 uploaded with stats: loss=0.1380, grad_norm=13.2553, exec_time=0.00s
Client 93 trained in 0.87s (simulated: 0.00s)
Client 93 uploaded with stats: loss=0.1602, grad_norm=20.5429, exec_time=0.00s
Client 53 trained in 1.03s (simulated: 0.00s)
Client 53 uploaded with stats: loss=0.1913, grad_norm=16.1963, exec_time=0.00s
Client 66 trained in 1.10s (simulated: 0.00s)
Client 66 uploaded with stats: loss=0.1083, grad_norm=26.4153, exec_time=0.00s
Client 75 trained in 1.10s (simulated: 0.00s)
Client 75 uploaded with stats: loss=0.3964, grad_norm=31.0006, exec_time=0.00s
Client 45 trained in 1.17s (simulated: 0.00s)
Client 45 uploaded with stats: loss=0.1956, grad_norm=10.6639, exec_time=0.00s
Client 23 trained in 1.18s (simulated: 0.00s)
Client 23 uploaded with stats: loss=0.2008, grad_norm=13.2108, exec_time=0.00s
Epoch(t): 251 accuracy: 81.26 loss 0.5004036086797714 run_time: 403.7310438156128
Current clients: 100, select: 10
| current_epoch 252 |. Begin client select
SchedulerThread select( 10 clients):
55 | 77 | 60 | 79 | 89 | 17 | 90 | 43 | 38 | 86 |
-----------------------------------------------------------------Schedule complete
Client 38 trained in 0.52s (simulated: 0.00s)
Client 38 uploaded with stats: loss=0.3451, grad_norm=23.7010, exec_time=0.00s
Client 77 trained in 0.55s (simulated: 0.00s)
Client 77 uploaded with stats: loss=0.3221, grad_norm=26.4228, exec_time=0.00s
Client 55 trained in 0.58s (simulated: 0.00s)
Client 55 uploaded with stats: loss=0.2019, grad_norm=18.0095, exec_time=0.00s
Client 17 trained in 0.69s (simulated: 0.00s)
Client 17 uploaded with stats: loss=0.1264, grad_norm=14.9419, exec_time=0.00s
Client 90 trained in 0.85s (simulated: 0.00s)
Client 90 uploaded with stats: loss=0.1557, grad_norm=14.4254, exec_time=0.00s
Client 60 trained in 0.88s (simulated: 0.00s)
Client 60 uploaded with stats: loss=0.1132, grad_norm=11.1723, exec_time=0.00s
Client 86 trained in 0.93s (simulated: 0.00s)
Client 86 uploaded with stats: loss=0.3981, grad_norm=29.6447, exec_time=0.00s
Client 89 trained in 0.93s (simulated: 0.00s)
Client 89 uploaded with stats: loss=0.1256, grad_norm=8.4742, exec_time=0.00s
Client 43 trained in 0.95s (simulated: 0.00s)
Client 43 uploaded with stats: loss=0.1256, grad_norm=15.0950, exec_time=0.00s
Client 79 trained in 1.03s (simulated: 0.00s)
Client 79 uploaded with stats: loss=0.1113, grad_norm=11.6652, exec_time=0.00s
Epoch(t): 252 accuracy: 82.37 loss 0.48919571965932845 run_time: 405.3777084350586
Current clients: 100, select: 10
| current_epoch 253 |. Begin client select
SchedulerThread select( 10 clients):
95 | 54 | 56 | 13 | 86 | 20 | 80 | 77 | 31 | 25 |
-----------------------------------------------------------------Schedule complete
Client 95 trained in 0.47s (simulated: 0.00s)
Client 95 uploaded with stats: loss=0.1060, grad_norm=11.0876, exec_time=0.00s
Client 25 trained in 0.46s (simulated: 0.00s)
Client 25 uploaded with stats: loss=0.2613, grad_norm=22.8605, exec_time=0.00s
Client 80 trained in 0.51s (simulated: 0.00s)
Client 80 uploaded with stats: loss=0.1812, grad_norm=12.4650, exec_time=0.00s
Client 86 trained in 0.53s (simulated: 0.00s)
Client 86 uploaded with stats: loss=0.3683, grad_norm=29.4525, exec_time=0.00s
Client 77 trained in 0.76s (simulated: 0.00s)
Client 77 uploaded with stats: loss=0.3242, grad_norm=26.9864, exec_time=0.00s
Client 56 trained in 0.80s (simulated: 0.00s)
Client 56 uploaded with stats: loss=0.0733, grad_norm=10.3157, exec_time=0.00s
Client 31 trained in 0.79s (simulated: 0.00s)
Client 31 uploaded with stats: loss=0.0622, grad_norm=7.7828, exec_time=0.00s
Client 20 trained in 0.79s (simulated: 0.00s)
Client 20 uploaded with stats: loss=0.1321, grad_norm=16.0152, exec_time=0.00s
Client 54 trained in 0.86s (simulated: 0.00s)
Client 54 uploaded with stats: loss=0.1518, grad_norm=16.8510, exec_time=0.00s
Client 13 trained in 0.88s (simulated: 0.00s)
Client 13 uploaded with stats: loss=0.0548, grad_norm=9.4555, exec_time=0.00s
Epoch(t): 253 accuracy: 73.74 loss 0.6640601819753646 run_time: 406.82143902778625
Current clients: 100, select: 10
| current_epoch 254 |. Begin client select
SchedulerThread select( 10 clients):
54 | 27 | 35 | 49 | 79 | 1 | 99 | 45 | 52 | 73 |
-----------------------------------------------------------------Schedule complete
Client 35 trained in 0.45s (simulated: 0.00s)
Client 35 uploaded with stats: loss=0.1843, grad_norm=13.4034, exec_time=0.00s
Client 73 trained in 0.51s (simulated: 0.00s)
Client 73 uploaded with stats: loss=0.0972, grad_norm=11.6193, exec_time=0.00s
Client 99 trained in 0.53s (simulated: 0.00s)
Client 99 uploaded with stats: loss=0.4693, grad_norm=25.6729, exec_time=0.00s
Client 27 trained in 0.60s (simulated: 0.00s)
Client 27 uploaded with stats: loss=0.3941, grad_norm=28.4601, exec_time=0.00s
Client 1 trained in 0.75s (simulated: 0.00s)
Client 1 uploaded with stats: loss=0.2280, grad_norm=25.9548, exec_time=0.00s
Client 52 trained in 0.76s (simulated: 0.00s)
Client 52 uploaded with stats: loss=0.2992, grad_norm=21.0589, exec_time=0.00s
Client 49 trained in 0.84s (simulated: 0.00s)
Client 49 uploaded with stats: loss=0.2077, grad_norm=8.5519, exec_time=0.00s
Client 79 trained in 0.82s (simulated: 0.00s)
Client 79 uploaded with stats: loss=0.1144, grad_norm=13.2315, exec_time=0.00s
Client 45 trained in 0.83s (simulated: 0.00s)
Client 45 uploaded with stats: loss=0.2067, grad_norm=12.3451, exec_time=0.00s
Client 54 trained in 0.92s (simulated: 0.00s)
Client 54 uploaded with stats: loss=0.1030, grad_norm=9.6773, exec_time=0.00s
Epoch(t): 254 accuracy: 77.66 loss 0.5702949658036232 run_time: 408.3122797012329
Current clients: 100, select: 10
| current_epoch 255 |. Begin client select
SchedulerThread select( 10 clients):
43 | 42 | 38 | 84 | 5 | 97 | 17 | 12 | 53 | 99 |
-----------------------------------------------------------------Schedule complete
Client 12 trained in 0.54s (simulated: 0.00s)
Client 12 uploaded with stats: loss=0.3037, grad_norm=28.0544, exec_time=0.00s
Client 5 trained in 0.57s (simulated: 0.00s)
Client 5 uploaded with stats: loss=0.2543, grad_norm=20.6960, exec_time=0.00s
Client 17 trained in 0.64s (simulated: 0.00s)
Client 17 uploaded with stats: loss=0.1236, grad_norm=15.7316, exec_time=0.00s
Client 38 trained in 0.68s (simulated: 0.00s)
Client 38 uploaded with stats: loss=0.3501, grad_norm=26.0636, exec_time=0.00s
Client 84 trained in 0.70s (simulated: 0.00s)
Client 84 uploaded with stats: loss=0.1042, grad_norm=11.5515, exec_time=0.00s
Client 53 trained in 0.82s (simulated: 0.00s)
Client 53 uploaded with stats: loss=0.1830, grad_norm=14.3890, exec_time=0.00s
Client 99 trained in 0.85s (simulated: 0.00s)
Client 99 uploaded with stats: loss=0.4952, grad_norm=29.9610, exec_time=0.00s
Client 43 trained in 0.95s (simulated: 0.00s)
Client 43 uploaded with stats: loss=0.1276, grad_norm=16.2514, exec_time=0.00s
Client 97 trained in 0.91s (simulated: 0.00s)
Client 97 uploaded with stats: loss=0.8282, grad_norm=50.9271, exec_time=0.00s
Client 42 trained in 0.98s (simulated: 0.00s)
Client 42 uploaded with stats: loss=0.1109, grad_norm=10.5389, exec_time=0.00s
Epoch(t): 255 accuracy: 81.11 loss 0.5002102848887443 run_time: 409.95222306251526
Current clients: 100, select: 10
| current_epoch 256 |. Begin client select
SchedulerThread select( 10 clients):
37 | 44 | 79 | 77 | 53 | 5 | 99 | 12 | 27 | 76 |
-----------------------------------------------------------------Schedule complete
Client 37 trained in 0.63s (simulated: 0.00s)
Client 37 uploaded with stats: loss=0.2183, grad_norm=24.2423, exec_time=0.00s
Client 12 trained in 0.67s (simulated: 0.00s)
Client 12 uploaded with stats: loss=0.2900, grad_norm=23.7101, exec_time=0.00s
Client 77 trained in 0.70s (simulated: 0.00s)
Client 77 uploaded with stats: loss=0.3212, grad_norm=29.2151, exec_time=0.00s
Client 27 trained in 0.83s (simulated: 0.00s)
Client 27 uploaded with stats: loss=0.3974, grad_norm=29.5029, exec_time=0.00s
Client 5 trained in 0.86s (simulated: 0.00s)
Client 5 uploaded with stats: loss=0.2554, grad_norm=20.6683, exec_time=0.00s
Client 53 trained in 0.92s (simulated: 0.00s)
Client 53 uploaded with stats: loss=0.1778, grad_norm=15.0180, exec_time=0.00s
Client 99 trained in 0.97s (simulated: 0.00s)
Client 99 uploaded with stats: loss=0.4991, grad_norm=29.7937, exec_time=0.00s
Client 76 trained in 1.12s (simulated: 0.00s)
Client 76 uploaded with stats: loss=0.0777, grad_norm=11.3397, exec_time=0.00s
Client 79 trained in 1.12s (simulated: 0.00s)
Client 79 uploaded with stats: loss=0.1096, grad_norm=11.4712, exec_time=0.00s
Client 44 trained in 1.15s (simulated: 0.00s)
Client 44 uploaded with stats: loss=0.0456, grad_norm=6.4381, exec_time=0.00s
Epoch(t): 256 accuracy: 71.59 loss 0.720003695487976 run_time: 411.7008411884308
Current clients: 100, select: 10
| current_epoch 257 |. Begin client select
SchedulerThread select( 10 clients):
49 | 95 | 38 | 44 | 69 | 53 | 86 | 8 | 84 | 36 |
-----------------------------------------------------------------Schedule complete
Client 95 trained in 0.35s (simulated: 0.00s)
Client 95 uploaded with stats: loss=0.1061, grad_norm=10.3506, exec_time=0.00s
Client 84 trained in 0.36s (simulated: 0.00s)
Client 84 uploaded with stats: loss=0.1057, grad_norm=11.8819, exec_time=0.00s
Client 53 trained in 0.40s (simulated: 0.00s)
Client 53 uploaded with stats: loss=0.1744, grad_norm=13.9379, exec_time=0.00s
Client 69 trained in 0.49s (simulated: 0.00s)
Client 69 uploaded with stats: loss=0.4493, grad_norm=20.5188, exec_time=0.00s
Client 38 trained in 0.50s (simulated: 0.00s)
Client 38 uploaded with stats: loss=0.3373, grad_norm=23.6025, exec_time=0.00s
Client 86 trained in 0.67s (simulated: 0.00s)
Client 86 uploaded with stats: loss=0.3454, grad_norm=24.0704, exec_time=0.00s
Client 36 trained in 0.67s (simulated: 0.00s)
Client 36 uploaded with stats: loss=0.1215, grad_norm=26.4186, exec_time=0.00s
Client 49 trained in 0.72s (simulated: 0.00s)
Client 49 uploaded with stats: loss=0.2962, grad_norm=18.8210, exec_time=0.00s
Client 44 trained in 0.75s (simulated: 0.00s)
Client 44 uploaded with stats: loss=0.0493, grad_norm=8.1898, exec_time=0.00s
Client 8 trained in 0.82s (simulated: 0.00s)
Client 8 uploaded with stats: loss=0.0644, grad_norm=16.5815, exec_time=0.00s
Epoch(t): 257 accuracy: 83.03 loss 0.46508594661951064 run_time: 413.0840220451355
Current clients: 100, select: 10
| current_epoch 258 |. Begin client select
SchedulerThread select( 10 clients):
70 | 40 | 73 | 37 | 2 | 45 | 75 | 16 | 6 | 19 |
-----------------------------------------------------------------Schedule complete
Client 16 trained in 0.42s (simulated: 0.00s)
Client 16 uploaded with stats: loss=0.2954, grad_norm=15.5539, exec_time=0.00s
Client 73 trained in 0.46s (simulated: 0.00s)
Client 73 uploaded with stats: loss=0.1047, grad_norm=13.7655, exec_time=0.00s
Client 70 trained in 0.51s (simulated: 0.00s)
Client 70 uploaded with stats: loss=0.2321, grad_norm=20.2685, exec_time=0.00s
Client 40 trained in 0.58s (simulated: 0.00s)
Client 40 uploaded with stats: loss=0.1569, grad_norm=11.0902, exec_time=0.00s
Client 75 trained in 0.71s (simulated: 0.00s)
Client 75 uploaded with stats: loss=0.3849, grad_norm=27.6589, exec_time=0.00s
Client 37 trained in 0.72s (simulated: 0.00s)
Client 37 uploaded with stats: loss=0.2060, grad_norm=18.7962, exec_time=0.00s
Client 6 trained in 0.77s (simulated: 0.00s)
Client 6 uploaded with stats: loss=0.2282, grad_norm=13.9230, exec_time=0.00s
Client 2 trained in 0.89s (simulated: 0.00s)
Client 2 uploaded with stats: loss=0.1286, grad_norm=13.5561, exec_time=0.00s
Client 45 trained in 0.93s (simulated: 0.00s)
Client 45 uploaded with stats: loss=0.2042, grad_norm=11.4547, exec_time=0.00s
Client 19 trained in 0.92s (simulated: 0.00s)
Client 19 uploaded with stats: loss=0.0819, grad_norm=9.4856, exec_time=0.00s
Epoch(t): 258 accuracy: 78.89 loss 0.5563210642337799 run_time: 414.7128391265869
Current clients: 100, select: 10
| current_epoch 259 |. Begin client select
SchedulerThread select( 10 clients):
87 | 55 | 50 | 43 | 16 | 36 | 38 | 37 | 75 | 54 |
-----------------------------------------------------------------Schedule complete
Client 55 trained in 0.39s (simulated: 0.00s)
Client 55 uploaded with stats: loss=0.2012, grad_norm=16.4370, exec_time=0.00s
Client 16 trained in 0.47s (simulated: 0.00s)
Client 16 uploaded with stats: loss=0.3062, grad_norm=19.5118, exec_time=0.00s
Client 38 trained in 0.52s (simulated: 0.00s)
Client 38 uploaded with stats: loss=0.3317, grad_norm=22.3735, exec_time=0.00s
Client 37 trained in 0.64s (simulated: 0.00s)
Client 37 uploaded with stats: loss=0.2091, grad_norm=21.9245, exec_time=0.00s
Client 75 trained in 0.63s (simulated: 0.00s)
Client 75 uploaded with stats: loss=0.4270, grad_norm=36.8596, exec_time=0.00s
Client 43 trained in 0.73s (simulated: 0.00s)
Client 43 uploaded with stats: loss=0.1162, grad_norm=12.5687, exec_time=0.00s
Client 50 trained in 0.81s (simulated: 0.00s)
Client 50 uploaded with stats: loss=0.1915, grad_norm=15.8311, exec_time=0.00s
Client 36 trained in 0.86s (simulated: 0.00s)
Client 36 uploaded with stats: loss=0.1259, grad_norm=27.2691, exec_time=0.00s
Client 54 trained in 0.87s (simulated: 0.00s)
Client 54 uploaded with stats: loss=0.0933, grad_norm=7.2068, exec_time=0.00s
Client 87 trained in 0.91s (simulated: 0.00s)
Client 87 uploaded with stats: loss=0.0787, grad_norm=17.1563, exec_time=0.00s
Epoch(t): 259 accuracy: 82.72 loss 0.4702717798948288 run_time: 416.2262854576111
Current clients: 100, select: 10
| current_epoch 260 |. Begin client select
SchedulerThread select( 10 clients):
60 | 38 | 70 | 42 | 34 | 25 | 67 | 93 | 27 | 35 |
-----------------------------------------------------------------Schedule complete
Client 38 trained in 0.49s (simulated: 0.00s)
Client 38 uploaded with stats: loss=0.3190, grad_norm=19.7765, exec_time=0.00s
Client 27 trained in 0.53s (simulated: 0.00s)
Client 27 uploaded with stats: loss=0.4092, grad_norm=31.7927, exec_time=0.00s
Client 93 trained in 0.61s (simulated: 0.00s)
Client 93 uploaded with stats: loss=0.1521, grad_norm=17.2968, exec_time=0.00s
Client 70 trained in 0.66s (simulated: 0.00s)
Client 70 uploaded with stats: loss=0.2160, grad_norm=18.9448, exec_time=0.00s
Client 25 trained in 0.80s (simulated: 0.00s)
Client 25 uploaded with stats: loss=0.2592, grad_norm=22.8207, exec_time=0.00s
Client 60 trained in 0.95s (simulated: 0.00s)
Client 60 uploaded with stats: loss=0.1212, grad_norm=13.8522, exec_time=0.00s
Client 42 trained in 0.95s (simulated: 0.00s)
Client 42 uploaded with stats: loss=0.1260, grad_norm=14.3663, exec_time=0.00s
Client 35 trained in 0.96s (simulated: 0.00s)
Client 35 uploaded with stats: loss=0.1822, grad_norm=14.3842, exec_time=0.00s
Client 34 trained in 1.02s (simulated: 0.00s)
Client 34 uploaded with stats: loss=0.0526, grad_norm=6.1593, exec_time=0.00s
Client 67 trained in 1.05s (simulated: 0.00s)
Client 67 uploaded with stats: loss=0.1064, grad_norm=10.0346, exec_time=0.00s
Epoch(t): 260 accuracy: 80.91 loss 0.4989958104491234 run_time: 417.89708495140076
Current clients: 100, select: 10
| current_epoch 261 |. Begin client select
SchedulerThread select( 10 clients):
12 | 37 | 6 | 90 | 49 | 44 | 26 | 45 | 33 | 5 |
-----------------------------------------------------------------Schedule complete
Client 37 trained in 0.58s (simulated: 0.00s)
Client 37 uploaded with stats: loss=0.2213, grad_norm=26.0599, exec_time=0.00s
Client 26 trained in 0.59s (simulated: 0.00s)
Client 26 uploaded with stats: loss=0.1394, grad_norm=16.8757, exec_time=0.00s
Client 5 trained in 0.60s (simulated: 0.00s)
Client 5 uploaded with stats: loss=0.2526, grad_norm=21.4342, exec_time=0.00s
Client 12 trained in 0.63s (simulated: 0.00s)
Client 12 uploaded with stats: loss=0.2867, grad_norm=24.6072, exec_time=0.00s
Client 90 trained in 0.78s (simulated: 0.00s)
Client 90 uploaded with stats: loss=0.1432, grad_norm=12.1886, exec_time=0.00s
Client 6 trained in 0.82s (simulated: 0.00s)
Client 6 uploaded with stats: loss=0.2378, grad_norm=15.9011, exec_time=0.00s
Client 49 trained in 0.83s (simulated: 0.00s)
Client 49 uploaded with stats: loss=0.2672, grad_norm=16.6962, exec_time=0.00s
Client 45 trained in 0.84s (simulated: 0.00s)
Client 45 uploaded with stats: loss=0.1857, grad_norm=9.7197, exec_time=0.00s
Client 33 trained in 0.85s (simulated: 0.00s)
Client 33 uploaded with stats: loss=0.0829, grad_norm=11.8073, exec_time=0.00s
Client 44 trained in 0.88s (simulated: 0.00s)
Client 44 uploaded with stats: loss=0.0530, grad_norm=8.0457, exec_time=0.00s
Epoch(t): 261 accuracy: 74.87 loss 0.6214212781190872 run_time: 419.5911772251129
Current clients: 100, select: 10
| current_epoch 262 |. Begin client select
SchedulerThread select( 10 clients):
19 | 26 | 43 | 5 | 48 | 45 | 36 | 64 | 83 | 60 |
-----------------------------------------------------------------Schedule complete
Client 43 trained in 0.40s (simulated: 0.00s)
Client 43 uploaded with stats: loss=0.1259, grad_norm=14.5684, exec_time=0.00s
Client 5 trained in 0.41s (simulated: 0.00s)
Client 5 uploaded with stats: loss=0.2639, grad_norm=23.3690, exec_time=0.00s
Client 60 trained in 0.48s (simulated: 0.00s)
Client 60 uploaded with stats: loss=0.1175, grad_norm=13.4133, exec_time=0.00s
Client 83 trained in 0.58s (simulated: 0.00s)
Client 83 uploaded with stats: loss=0.1373, grad_norm=31.1573, exec_time=0.00s
Client 36 trained in 0.62s (simulated: 0.00s)
Client 36 uploaded with stats: loss=0.1280, grad_norm=31.6662, exec_time=0.00s
Client 26 trained in 0.65s (simulated: 0.00s)
Client 26 uploaded with stats: loss=0.1398, grad_norm=18.6400, exec_time=0.00s
Client 19 trained in 0.72s (simulated: 0.00s)
Client 19 uploaded with stats: loss=0.0705, grad_norm=9.0429, exec_time=0.00s
Client 45 trained in 0.71s (simulated: 0.00s)
Client 45 uploaded with stats: loss=0.1965, grad_norm=13.8722, exec_time=0.00s
Client 64 trained in 0.76s (simulated: 0.00s)
Client 64 uploaded with stats: loss=0.2962, grad_norm=33.2908, exec_time=0.00s
Client 48 trained in 0.76s (simulated: 0.00s)
Client 48 uploaded with stats: loss=0.3433, grad_norm=18.7981, exec_time=0.00s
Epoch(t): 262 accuracy: 77.23 loss 0.5746981880068779 run_time: 420.9656846523285
Current clients: 100, select: 10
| current_epoch 263 |. Begin client select
SchedulerThread select( 10 clients):
35 | 1 | 37 | 97 | 8 | 17 | 53 | 90 | 70 | 12 |
-----------------------------------------------------------------Schedule complete
Client 37 trained in 0.64s (simulated: 0.00s)
Client 37 uploaded with stats: loss=0.2244, grad_norm=26.5365, exec_time=0.00s
Client 70 trained in 0.66s (simulated: 0.00s)
Client 70 uploaded with stats: loss=0.2035, grad_norm=14.3910, exec_time=0.00s
Client 12 trained in 0.75s (simulated: 0.00s)
Client 12 uploaded with stats: loss=0.3117, grad_norm=29.7675, exec_time=0.00s
Client 17 trained in 0.82s (simulated: 0.00s)
Client 17 uploaded with stats: loss=0.1276, grad_norm=15.6662, exec_time=0.00s
Client 35 trained in 0.93s (simulated: 0.00s)
Client 35 uploaded with stats: loss=0.1700, grad_norm=12.3037, exec_time=0.00s
Client 90 trained in 0.95s (simulated: 0.00s)
Client 90 uploaded with stats: loss=0.1629, grad_norm=14.9486, exec_time=0.00s
Client 53 trained in 1.04s (simulated: 0.00s)
Client 53 uploaded with stats: loss=0.1736, grad_norm=13.6945, exec_time=0.00s
Client 1 trained in 1.07s (simulated: 0.00s)
Client 1 uploaded with stats: loss=0.1973, grad_norm=13.7854, exec_time=0.00s
Client 97 trained in 1.09s (simulated: 0.00s)
Client 97 uploaded with stats: loss=0.2327, grad_norm=15.4493, exec_time=0.00s
Client 8 trained in 1.14s (simulated: 0.00s)
Client 8 uploaded with stats: loss=0.0460, grad_norm=7.3599, exec_time=0.00s
Epoch(t): 263 accuracy: 79.37 loss 0.5471368372440338 run_time: 422.7565002441406
Current clients: 100, select: 10
| current_epoch 264 |. Begin client select
SchedulerThread select( 10 clients):
44 | 77 | 79 | 42 | 31 | 55 | 84 | 20 | 27 | 38 |
-----------------------------------------------------------------Schedule complete
Client 38 trained in 0.53s (simulated: 0.00s)
Client 38 uploaded with stats: loss=0.3385, grad_norm=23.4392, exec_time=0.00s
Client 27 trained in 0.59s (simulated: 0.00s)
Client 27 uploaded with stats: loss=0.4182, grad_norm=34.1287, exec_time=0.00s
Client 84 trained in 0.64s (simulated: 0.00s)
Client 84 uploaded with stats: loss=0.0955, grad_norm=9.7921, exec_time=0.00s
Client 77 trained in 0.67s (simulated: 0.00s)
Client 77 uploaded with stats: loss=0.3056, grad_norm=23.9118, exec_time=0.00s
Client 55 trained in 0.81s (simulated: 0.00s)
Client 55 uploaded with stats: loss=0.1967, grad_norm=16.1616, exec_time=0.00s
Client 44 trained in 0.91s (simulated: 0.00s)
Client 44 uploaded with stats: loss=0.0492, grad_norm=6.9508, exec_time=0.00s
Client 79 trained in 0.95s (simulated: 0.00s)
Client 79 uploaded with stats: loss=0.1200, grad_norm=13.9590, exec_time=0.00s
Client 31 trained in 0.96s (simulated: 0.00s)
Client 31 uploaded with stats: loss=0.0583, grad_norm=7.2229, exec_time=0.00s
Client 42 trained in 1.00s (simulated: 0.00s)
Client 42 uploaded with stats: loss=0.1191, grad_norm=13.4260, exec_time=0.00s
Client 20 trained in 1.01s (simulated: 0.00s)
Client 20 uploaded with stats: loss=0.1660, grad_norm=22.5721, exec_time=0.00s
Epoch(t): 264 accuracy: 80.3 loss 0.5146418181061745 run_time: 424.3161232471466
Current clients: 100, select: 10
| current_epoch 265 |. Begin client select
SchedulerThread select( 10 clients):
84 | 75 | 69 | 77 | 90 | 71 | 99 | 27 | 50 | 55 |
-----------------------------------------------------------------Schedule complete
Client 84 trained in 0.45s (simulated: 0.00s)
Client 84 uploaded with stats: loss=0.1004, grad_norm=10.2207, exec_time=0.00s
Client 27 trained in 0.66s (simulated: 0.00s)
Client 27 uploaded with stats: loss=0.3848, grad_norm=28.8829, exec_time=0.00s
Client 90 trained in 0.68s (simulated: 0.00s)
Client 90 uploaded with stats: loss=0.1428, grad_norm=12.7156, exec_time=0.00s
Client 77 trained in 0.77s (simulated: 0.00s)
Client 77 uploaded with stats: loss=0.3152, grad_norm=26.9372, exec_time=0.00s
Client 55 trained in 0.85s (simulated: 0.00s)
Client 55 uploaded with stats: loss=0.2016, grad_norm=18.3130, exec_time=0.00s
Client 71 trained in 0.93s (simulated: 0.00s)
Client 71 uploaded with stats: loss=0.1198, grad_norm=9.6963, exec_time=0.00s
Client 99 trained in 0.97s (simulated: 0.00s)
Client 99 uploaded with stats: loss=0.4982, grad_norm=28.5158, exec_time=0.00s
Client 75 trained in 1.11s (simulated: 0.00s)
Client 75 uploaded with stats: loss=0.4017, grad_norm=29.4315, exec_time=0.00s
Client 69 trained in 1.11s (simulated: 0.00s)
Client 69 uploaded with stats: loss=0.4287, grad_norm=18.5668, exec_time=0.00s
Client 50 trained in 1.19s (simulated: 0.00s)
Client 50 uploaded with stats: loss=0.1842, grad_norm=18.0022, exec_time=0.00s
Epoch(t): 265 accuracy: 79.35 loss 0.557762638926506 run_time: 426.1310086250305
Current clients: 100, select: 10
| current_epoch 266 |. Begin client select
SchedulerThread select( 10 clients):
42 | 66 | 75 | 37 | 38 | 43 | 83 | 47 | 78 | 17 |
-----------------------------------------------------------------Schedule complete
Client 37 trained in 0.59s (simulated: 0.00s)
Client 37 uploaded with stats: loss=0.2076, grad_norm=21.7126, exec_time=0.00s
Client 47 trained in 0.63s (simulated: 0.00s)
Client 47 uploaded with stats: loss=0.2737, grad_norm=30.5410, exec_time=0.00s
Client 38 trained in 0.69s (simulated: 0.00s)
Client 38 uploaded with stats: loss=0.3312, grad_norm=23.1634, exec_time=0.00s
Client 78 trained in 0.78s (simulated: 0.00s)
Client 78 uploaded with stats: loss=0.2482, grad_norm=23.4375, exec_time=0.00s
Client 17 trained in 0.81s (simulated: 0.00s)
Client 17 uploaded with stats: loss=0.1216, grad_norm=13.9189, exec_time=0.00s
Client 75 trained in 0.94s (simulated: 0.00s)
Client 75 uploaded with stats: loss=0.3766, grad_norm=26.7933, exec_time=0.00s
Client 43 trained in 1.00s (simulated: 0.00s)
Client 43 uploaded with stats: loss=0.1121, grad_norm=11.5325, exec_time=0.00s
Client 42 trained in 1.07s (simulated: 0.00s)
Client 42 uploaded with stats: loss=0.1112, grad_norm=11.3821, exec_time=0.00s
Client 83 trained in 1.06s (simulated: 0.00s)
Client 83 uploaded with stats: loss=0.1086, grad_norm=18.8728, exec_time=0.00s
Client 66 trained in 1.09s (simulated: 0.00s)
Client 66 uploaded with stats: loss=0.0699, grad_norm=12.7306, exec_time=0.00s
Epoch(t): 266 accuracy: 82.75 loss 0.4659802773594856 run_time: 427.8919138908386
Current clients: 100, select: 10
| current_epoch 267 |. Begin client select
SchedulerThread select( 10 clients):
12 | 19 | 37 | 64 | 45 | 95 | 77 | 99 | 90 | 55 |
-----------------------------------------------------------------Schedule complete
Client 77 trained in 0.56s (simulated: 0.00s)
Client 77 uploaded with stats: loss=0.3245, grad_norm=28.9415, exec_time=0.00s
Client 37 trained in 0.59s (simulated: 0.00s)
Client 37 uploaded with stats: loss=0.2027, grad_norm=20.4273, exec_time=0.00s
Client 90 trained in 0.72s (simulated: 0.00s)
Client 90 uploaded with stats: loss=0.1423, grad_norm=12.6758, exec_time=0.00s
Client 12 trained in 0.77s (simulated: 0.00s)
Client 12 uploaded with stats: loss=0.2920, grad_norm=25.8938, exec_time=0.00s
Client 55 trained in 0.87s (simulated: 0.00s)
Client 55 uploaded with stats: loss=0.1891, grad_norm=15.2730, exec_time=0.00s
Client 99 trained in 0.99s (simulated: 0.00s)
Client 99 uploaded with stats: loss=0.6051, grad_norm=37.5366, exec_time=0.00s
Client 95 trained in 0.99s (simulated: 0.00s)
Client 95 uploaded with stats: loss=0.0986, grad_norm=9.9570, exec_time=0.00s
Client 45 trained in 1.03s (simulated: 0.00s)
Client 45 uploaded with stats: loss=0.1948, grad_norm=10.5466, exec_time=0.00s
Client 19 trained in 1.05s (simulated: 0.00s)
Client 19 uploaded with stats: loss=0.0866, grad_norm=11.8613, exec_time=0.00s
Client 64 trained in 1.08s (simulated: 0.00s)
Client 64 uploaded with stats: loss=0.1687, grad_norm=13.2588, exec_time=0.00s
Epoch(t): 267 accuracy: 72.43 loss 0.7014962735772133 run_time: 429.56690740585327
Current clients: 100, select: 10
| current_epoch 268 |. Begin client select
SchedulerThread select( 10 clients):
31 | 7 | 40 | 27 | 17 | 92 | 35 | 6 | 93 | 64 |
-----------------------------------------------------------------Schedule complete
Client 27 trained in 0.59s (simulated: 0.00s)
Client 27 uploaded with stats: loss=0.3967, grad_norm=29.9814, exec_time=0.00s
Client 35 trained in 0.66s (simulated: 0.00s)
Client 35 uploaded with stats: loss=0.1959, grad_norm=18.1146, exec_time=0.00s
Client 6 trained in 0.69s (simulated: 0.00s)
Client 6 uploaded with stats: loss=0.2240, grad_norm=14.9659, exec_time=0.00s
Client 93 trained in 0.67s (simulated: 0.00s)
Client 93 uploaded with stats: loss=0.1464, grad_norm=17.8626, exec_time=0.00s
Client 17 trained in 0.75s (simulated: 0.00s)
Client 17 uploaded with stats: loss=0.1243, grad_norm=15.2698, exec_time=0.00s
Client 40 trained in 0.84s (simulated: 0.00s)
Client 40 uploaded with stats: loss=0.1720, grad_norm=14.1793, exec_time=0.00s
Client 92 trained in 0.90s (simulated: 0.00s)
Client 92 uploaded with stats: loss=0.1822, grad_norm=14.2225, exec_time=0.00s
Client 64 trained in 0.93s (simulated: 0.00s)
Client 31 trained in 0.96s (simulated: 0.00s)
Client 64 uploaded with stats: loss=0.3887, grad_norm=41.2837, exec_time=0.00s
Client 31 uploaded with stats: loss=0.0554, grad_norm=7.1474, exec_time=0.00s
Client 7 trained in 0.94s (simulated: 0.00s)
Client 7 uploaded with stats: loss=0.1416, grad_norm=9.3134, exec_time=0.00s
Epoch(t): 268 accuracy: 80.6 loss 0.5269788673520088 run_time: 431.1586391925812
Current clients: 100, select: 10
| current_epoch 269 |. Begin client select
SchedulerThread select( 10 clients):
73 | 27 | 60 | 66 | 75 | 25 | 38 | 67 | 93 | 5 |
-----------------------------------------------------------------Schedule complete
Client 27 trained in 0.60s (simulated: 0.00s)
Client 27 uploaded with stats: loss=0.3775, grad_norm=27.6849, exec_time=0.00s
Client 38 trained in 0.62s (simulated: 0.00s)
Client 38 uploaded with stats: loss=0.3381, grad_norm=24.2638, exec_time=0.00s
Client 25 trained in 0.62s (simulated: 0.00s)
Client 25 uploaded with stats: loss=0.2829, grad_norm=25.9924, exec_time=0.00s
Client 93 trained in 0.72s (simulated: 0.00s)
Client 93 uploaded with stats: loss=0.1550, grad_norm=21.2506, exec_time=0.00s
Client 5 trained in 0.73s (simulated: 0.00s)
Client 5 uploaded with stats: loss=0.2472, grad_norm=19.8132, exec_time=0.00s
Client 73 trained in 0.83s (simulated: 0.00s)
Client 73 uploaded with stats: loss=0.1038, grad_norm=12.8719, exec_time=0.00s
Client 75 trained in 0.89s (simulated: 0.00s)
Client 75 uploaded with stats: loss=0.3516, grad_norm=24.3497, exec_time=0.00s
Client 60 trained in 0.99s (simulated: 0.00s)
Client 60 uploaded with stats: loss=0.1085, grad_norm=10.5524, exec_time=0.00s
Client 66 trained in 1.01s (simulated: 0.00s)
Client 66 uploaded with stats: loss=0.0751, grad_norm=13.2645, exec_time=0.00s
Client 67 trained in 1.06s (simulated: 0.00s)
Client 67 uploaded with stats: loss=0.1027, grad_norm=7.9508, exec_time=0.00s
Epoch(t): 269 accuracy: 81.48 loss 0.4928155839443207 run_time: 432.84295558929443
Current clients: 100, select: 10
| current_epoch 270 |. Begin client select
SchedulerThread select( 10 clients):
86 | 47 | 27 | 35 | 76 | 95 | 44 | 23 | 40 | 10 |
-----------------------------------------------------------------Schedule complete
Client 47 trained in 0.47s (simulated: 0.00s)
Client 47 uploaded with stats: loss=0.2482, grad_norm=25.1231, exec_time=0.00s
Client 95 trained in 0.52s (simulated: 0.00s)
Client 95 uploaded with stats: loss=0.0936, grad_norm=8.5664, exec_time=0.00s
Client 35 trained in 0.54s (simulated: 0.00s)
Client 35 uploaded with stats: loss=0.1738, grad_norm=12.3333, exec_time=0.00s
Client 40 trained in 0.57s (simulated: 0.00s)
Client 40 uploaded with stats: loss=0.1607, grad_norm=12.1344, exec_time=0.00s
Client 27 trained in 0.62s (simulated: 0.00s)
Client 27 uploaded with stats: loss=0.3685, grad_norm=26.6340, exec_time=0.00s
Client 86 trained in 0.76s (simulated: 0.00s)
Client 86 uploaded with stats: loss=0.3213, grad_norm=23.2447, exec_time=0.00s
Client 10 trained in 0.85s (simulated: 0.00s)
Client 10 uploaded with stats: loss=0.2553, grad_norm=14.4427, exec_time=0.00s
Client 76 trained in 0.86s (simulated: 0.00s)
Client 76 uploaded with stats: loss=0.0822, grad_norm=13.1264, exec_time=0.00s
Client 44 trained in 0.86s (simulated: 0.00s)
Client 44 uploaded with stats: loss=0.0485, grad_norm=7.8741, exec_time=0.00s
Client 23 trained in 0.89s (simulated: 0.00s)
Client 23 uploaded with stats: loss=0.1794, grad_norm=12.4171, exec_time=0.00s
Epoch(t): 270 accuracy: 82.19 loss 0.47789342850446703 run_time: 434.27071714401245
Current clients: 100, select: 10
| current_epoch 271 |. Begin client select
SchedulerThread select( 10 clients):
60 | 25 | 37 | 35 | 5 | 63 | 80 | 47 | 36 | 48 |
-----------------------------------------------------------------Schedule complete
Client 25 trained in 0.55s (simulated: 0.00s)
Client 25 uploaded with stats: loss=0.2687, grad_norm=24.9869, exec_time=0.00s
Client 35 trained in 0.62s (simulated: 0.00s)
Client 35 uploaded with stats: loss=0.1698, grad_norm=12.5390, exec_time=0.00s
Client 5 trained in 0.63s (simulated: 0.00s)
Client 5 uploaded with stats: loss=0.2297, grad_norm=15.3639, exec_time=0.00s
Client 47 trained in 0.69s (simulated: 0.00s)
Client 47 uploaded with stats: loss=0.2095, grad_norm=12.5559, exec_time=0.00s
Client 60 trained in 0.75s (simulated: 0.00s)
Client 60 uploaded with stats: loss=0.1187, grad_norm=14.7392, exec_time=0.00s
Client 37 trained in 0.86s (simulated: 0.00s)
Client 37 uploaded with stats: loss=0.2059, grad_norm=21.1828, exec_time=0.00s
Client 80 trained in 0.86s (simulated: 0.00s)
Client 80 uploaded with stats: loss=0.1925, grad_norm=14.3438, exec_time=0.00s
Client 48 trained in 0.90s (simulated: 0.00s)
Client 48 uploaded with stats: loss=0.3049, grad_norm=14.1254, exec_time=0.00s
Client 36 trained in 0.92s (simulated: 0.00s)
Client 36 uploaded with stats: loss=0.0835, grad_norm=13.6973, exec_time=0.00s
Client 63 trained in 1.01s (simulated: 0.00s)
Client 63 uploaded with stats: loss=0.1361, grad_norm=11.6878, exec_time=0.00s
Epoch(t): 271 accuracy: 79.69 loss 0.5383655682206154 run_time: 435.8711965084076
Current clients: 100, select: 10
| current_epoch 272 |. Begin client select
SchedulerThread select( 10 clients):
78 | 70 | 47 | 23 | 20 | 12 | 77 | 87 | 55 | 97 |
-----------------------------------------------------------------Schedule complete
Client 47 trained in 0.47s (simulated: 0.00s)
Client 47 uploaded with stats: loss=0.2339, grad_norm=23.8655, exec_time=0.00s
Client 70 trained in 0.50s (simulated: 0.00s)
Client 70 uploaded with stats: loss=0.2226, grad_norm=22.0404, exec_time=0.00s
Client 12 trained in 0.59s (simulated: 0.00s)
Client 12 uploaded with stats: loss=0.2844, grad_norm=25.1627, exec_time=0.00s
Client 77 trained in 0.73s (simulated: 0.00s)
Client 77 uploaded with stats: loss=0.3070, grad_norm=26.2439, exec_time=0.00s
Client 55 trained in 0.79s (simulated: 0.00s)
Client 55 uploaded with stats: loss=0.2006, grad_norm=19.7301, exec_time=0.00s
Client 78 trained in 0.88s (simulated: 0.00s)
Client 78 uploaded with stats: loss=0.2342, grad_norm=20.1087, exec_time=0.00s
Client 20 trained in 0.89s (simulated: 0.00s)
Client 20 uploaded with stats: loss=0.1519, grad_norm=20.7038, exec_time=0.00s
Client 87 trained in 0.92s (simulated: 0.00s)
Client 87 uploaded with stats: loss=0.0868, grad_norm=21.9685, exec_time=0.00s
Client 97 trained in 0.91s (simulated: 0.00s)
Client 97 uploaded with stats: loss=0.2348, grad_norm=19.4771, exec_time=0.00s
Client 23 trained in 0.94s (simulated: 0.00s)
Client 23 uploaded with stats: loss=0.1984, grad_norm=13.2565, exec_time=0.00s
Epoch(t): 272 accuracy: 81.61 loss 0.4875054180622101 run_time: 437.4925036430359
Current clients: 100, select: 10
| current_epoch 273 |. Begin client select
SchedulerThread select( 10 clients):
37 | 38 | 12 | 53 | 17 | 69 | 70 | 40 | 20 | 80 |
-----------------------------------------------------------------Schedule complete
Client 37 trained in 0.51s (simulated: 0.00s)
Client 37 uploaded with stats: loss=0.2084, grad_norm=23.9958, exec_time=0.00s
Client 12 trained in 0.61s (simulated: 0.00s)
Client 12 uploaded with stats: loss=0.2941, grad_norm=27.4994, exec_time=0.00s
Client 38 trained in 0.67s (simulated: 0.00s)
Client 38 uploaded with stats: loss=0.3223, grad_norm=21.7557, exec_time=0.00s
Client 17 trained in 0.70s (simulated: 0.00s)
Client 17 uploaded with stats: loss=0.1212, grad_norm=15.0261, exec_time=0.00s
Client 70 trained in 0.78s (simulated: 0.00s)
Client 70 uploaded with stats: loss=0.1992, grad_norm=15.8359, exec_time=0.00s
Client 53 trained in 0.90s (simulated: 0.00s)
Client 53 uploaded with stats: loss=0.1669, grad_norm=15.7535, exec_time=0.00s
Client 40 trained in 0.99s (simulated: 0.00s)
Client 40 uploaded with stats: loss=0.1546, grad_norm=12.6798, exec_time=0.00s
Client 69 trained in 1.02s (simulated: 0.00s)
Client 69 uploaded with stats: loss=0.4541, grad_norm=22.3094, exec_time=0.00s
Client 20 trained in 1.08s (simulated: 0.00s)
Client 20 uploaded with stats: loss=0.1220, grad_norm=13.4923, exec_time=0.00s
Client 80 trained in 1.10s (simulated: 0.00s)
Client 80 uploaded with stats: loss=0.1754, grad_norm=11.3981, exec_time=0.00s
Epoch(t): 273 accuracy: 78.87 loss 0.5475057837367058 run_time: 439.2578213214874
Current clients: 100, select: 10
| current_epoch 274 |. Begin client select
SchedulerThread select( 10 clients):
70 | 1 | 16 | 4 | 93 | 77 | 17 | 79 | 27 | 38 |
-----------------------------------------------------------------Schedule complete
Client 77 trained in 0.63s (simulated: 0.00s)
Client 77 uploaded with stats: loss=0.3225, grad_norm=29.8268, exec_time=0.00s
Client 17 trained in 0.73s (simulated: 0.00s)
Client 17 uploaded with stats: loss=0.1204, grad_norm=16.0560, exec_time=0.00s
Client 27 trained in 0.78s (simulated: 0.00s)
Client 27 uploaded with stats: loss=0.3932, grad_norm=32.8345, exec_time=0.00s
Client 38 trained in 0.89s (simulated: 0.00s)
Client 38 uploaded with stats: loss=0.3158, grad_norm=22.2092, exec_time=0.00s
Client 70 trained in 0.95s (simulated: 0.00s)
Client 70 uploaded with stats: loss=0.2047, grad_norm=17.2246, exec_time=0.00s
Client 16 trained in 1.03s (simulated: 0.00s)
Client 16 uploaded with stats: loss=0.2962, grad_norm=16.5991, exec_time=0.00s
Client 93 trained in 1.07s (simulated: 0.00s)
Client 93 uploaded with stats: loss=0.1503, grad_norm=21.4426, exec_time=0.00s
Client 4 trained in 1.14s (simulated: 0.00s)
Client 4 uploaded with stats: loss=0.2419, grad_norm=16.9928, exec_time=0.00s
Client 79 trained in 1.19s (simulated: 0.00s)
Client 79 uploaded with stats: loss=0.1285, grad_norm=17.5027, exec_time=0.00s
Client 1 trained in 1.18s (simulated: 0.00s)
Client 1 uploaded with stats: loss=0.1807, grad_norm=14.8403, exec_time=0.00s
Epoch(t): 274 accuracy: 81.56 loss 0.4925339460372925 run_time: 441.02960181236267
Current clients: 100, select: 10
| current_epoch 275 |. Begin client select
SchedulerThread select( 10 clients):
76 | 47 | 35 | 5 | 73 | 1 | 69 | 77 | 27 | 37 |
-----------------------------------------------------------------Schedule complete
Client 37 trained in 0.61s (simulated: 0.00s)
Client 37 uploaded with stats: loss=0.2020, grad_norm=23.2927, exec_time=0.00s
Client 77 trained in 0.63s (simulated: 0.00s)
Client 77 uploaded with stats: loss=0.3090, grad_norm=27.3427, exec_time=0.00s
Client 27 trained in 0.64s (simulated: 0.00s)
Client 27 uploaded with stats: loss=0.3781, grad_norm=30.0978, exec_time=0.00s
Client 35 trained in 0.74s (simulated: 0.00s)
Client 35 uploaded with stats: loss=0.1832, grad_norm=15.0949, exec_time=0.00s
Client 47 trained in 0.87s (simulated: 0.00s)
Client 47 uploaded with stats: loss=0.2348, grad_norm=21.3480, exec_time=0.00s
Client 5 trained in 1.02s (simulated: 0.00s)
Client 5 uploaded with stats: loss=0.2592, grad_norm=23.1271, exec_time=0.00s
Client 73 trained in 1.08s (simulated: 0.00s)
Client 73 uploaded with stats: loss=0.1041, grad_norm=13.6786, exec_time=0.00s
Client 69 trained in 1.13s (simulated: 0.00s)
Client 69 uploaded with stats: loss=0.4223, grad_norm=17.9624, exec_time=0.00s
Client 76 trained in 1.16s (simulated: 0.00s)
Client 76 uploaded with stats: loss=0.0810, grad_norm=14.4932, exec_time=0.00s
Client 1 trained in 1.20s (simulated: 0.00s)
Client 1 uploaded with stats: loss=0.1753, grad_norm=14.2800, exec_time=0.00s
Epoch(t): 275 accuracy: 73.0 loss 0.6677215257287026 run_time: 442.8576121330261
Current clients: 100, select: 10
| current_epoch 276 |. Begin client select
SchedulerThread select( 10 clients):
3 | 49 | 10 | 7 | 26 | 78 | 84 | 6 | 52 | 75 |
-----------------------------------------------------------------Schedule complete
Client 78 trained in 0.46s (simulated: 0.00s)
Client 78 uploaded with stats: loss=0.2532, grad_norm=26.9037, exec_time=0.00s
Client 75 trained in 0.46s (simulated: 0.00s)
Client 75 uploaded with stats: loss=0.3740, grad_norm=28.9848, exec_time=0.00s
Client 84 trained in 0.47s (simulated: 0.00s)
Client 84 uploaded with stats: loss=0.1001, grad_norm=10.6047, exec_time=0.00s
Client 6 trained in 0.64s (simulated: 0.00s)
Client 6 uploaded with stats: loss=0.2555, grad_norm=19.8184, exec_time=0.00s
Client 52 trained in 0.70s (simulated: 0.00s)
Client 52 uploaded with stats: loss=0.2655, grad_norm=18.3275, exec_time=0.00s
Client 49 trained in 0.72s (simulated: 0.00s)
Client 49 uploaded with stats: loss=0.2933, grad_norm=20.5184, exec_time=0.00s
Client 7 trained in 0.74s (simulated: 0.00s)
Client 7 uploaded with stats: loss=0.1263, grad_norm=9.1173, exec_time=0.00s
Client 3 trained in 0.81s (simulated: 0.00s)
Client 3 uploaded with stats: loss=0.2196, grad_norm=25.7645, exec_time=0.00s
Client 10 trained in 0.80s (simulated: 0.00s)
Client 10 uploaded with stats: loss=0.3558, grad_norm=30.6206, exec_time=0.00s
Client 26 trained in 0.83s (simulated: 0.00s)
Client 26 uploaded with stats: loss=0.1357, grad_norm=17.7113, exec_time=0.00s
Epoch(t): 276 accuracy: 80.54 loss 0.5066607177257538 run_time: 444.3595623970032
Current clients: 100, select: 10
| current_epoch 277 |. Begin client select
SchedulerThread select( 10 clients):
70 | 78 | 69 | 63 | 42 | 80 | 79 | 27 | 52 | 25 |
-----------------------------------------------------------------Schedule complete
Client 25 trained in 0.42s (simulated: 0.00s)
Client 25 uploaded with stats: loss=0.2580, grad_norm=22.2567, exec_time=0.00s
Client 70 trained in 0.43s (simulated: 0.00s)
Client 70 uploaded with stats: loss=0.2059, grad_norm=14.9574, exec_time=0.00s
Client 78 trained in 0.49s (simulated: 0.00s)
Client 78 uploaded with stats: loss=0.2094, grad_norm=12.9103, exec_time=0.00s
Client 27 trained in 0.57s (simulated: 0.00s)
Client 27 uploaded with stats: loss=0.3759, grad_norm=28.3828, exec_time=0.00s
Client 69 trained in 0.58s (simulated: 0.00s)
Client 69 uploaded with stats: loss=0.4119, grad_norm=15.8961, exec_time=0.00s
Client 52 trained in 0.70s (simulated: 0.00s)
Client 52 uploaded with stats: loss=0.4748, grad_norm=43.8508, exec_time=0.00s
Client 80 trained in 0.72s (simulated: 0.00s)
Client 80 uploaded with stats: loss=0.1827, grad_norm=12.4075, exec_time=0.00s
Client 79 trained in 0.78s (simulated: 0.00s)
Client 79 uploaded with stats: loss=0.1185, grad_norm=15.5952, exec_time=0.00s
Client 42 trained in 0.80s (simulated: 0.00s)
Client 42 uploaded with stats: loss=0.1295, grad_norm=13.8954, exec_time=0.00s
Client 63 trained in 0.81s (simulated: 0.00s)
Client 63 uploaded with stats: loss=0.1373, grad_norm=12.8706, exec_time=0.00s
Epoch(t): 277 accuracy: 82.31 loss 0.47216604053974154 run_time: 445.84916281700134
Current clients: 100, select: 10
| current_epoch 278 |. Begin client select
SchedulerThread select( 10 clients):
77 | 95 | 37 | 63 | 50 | 17 | 16 | 27 | 99 | 78 |
-----------------------------------------------------------------Schedule complete
Client 16 trained in 0.63s (simulated: 0.00s)
Client 16 uploaded with stats: loss=0.3042, grad_norm=17.4911, exec_time=0.00s
Client 37 trained in 0.78s (simulated: 0.00s)
Client 37 uploaded with stats: loss=0.2099, grad_norm=24.1304, exec_time=0.00s
Client 27 trained in 0.83s (simulated: 0.00s)
Client 27 uploaded with stats: loss=0.3753, grad_norm=29.8137, exec_time=0.00s
Client 77 trained in 0.82s (simulated: 0.00s)
Client 77 uploaded with stats: loss=0.3187, grad_norm=30.0720, exec_time=0.00s
Client 17 trained in 0.94s (simulated: 0.00s)
Client 17 uploaded with stats: loss=0.1224, grad_norm=15.5689, exec_time=0.00s
Client 78 trained in 0.98s (simulated: 0.00s)
Client 78 uploaded with stats: loss=0.2155, grad_norm=14.5582, exec_time=0.00s
Client 99 trained in 1.07s (simulated: 0.00s)
Client 99 uploaded with stats: loss=0.5127, grad_norm=29.7760, exec_time=0.00s
Client 95 trained in 1.09s (simulated: 0.00s)
Client 95 uploaded with stats: loss=0.0961, grad_norm=9.6626, exec_time=0.00s
Client 63 trained in 1.16s (simulated: 0.00s)
Client 63 uploaded with stats: loss=0.1393, grad_norm=13.4479, exec_time=0.00s
Client 50 trained in 1.21s (simulated: 0.00s)
Client 50 uploaded with stats: loss=0.1942, grad_norm=17.6693, exec_time=0.00s
Epoch(t): 278 accuracy: 80.39 loss 0.5151412677764893 run_time: 447.67228150367737
Current clients: 100, select: 10
| current_epoch 279 |. Begin client select
SchedulerThread select( 10 clients):
44 | 27 | 40 | 99 | 53 | 66 | 70 | 84 | 86 | 17 |
-----------------------------------------------------------------Schedule complete
Client 70 trained in 0.39s (simulated: 0.00s)
Client 70 uploaded with stats: loss=0.2197, grad_norm=20.8376, exec_time=0.00s
Client 27 trained in 0.48s (simulated: 0.00s)
Client 27 uploaded with stats: loss=0.3742, grad_norm=28.5317, exec_time=0.00s
Client 84 trained in 0.56s (simulated: 0.00s)
Client 84 uploaded with stats: loss=0.0984, grad_norm=10.6958, exec_time=0.00s
Client 17 trained in 0.65s (simulated: 0.00s)
Client 17 uploaded with stats: loss=0.1147, grad_norm=12.7479, exec_time=0.00s
Client 53 trained in 0.70s (simulated: 0.00s)
Client 53 uploaded with stats: loss=0.1795, grad_norm=15.1048, exec_time=0.00s
Client 99 trained in 0.72s (simulated: 0.00s)
Client 99 uploaded with stats: loss=0.4936, grad_norm=30.6181, exec_time=0.00s
Client 40 trained in 0.85s (simulated: 0.00s)
Client 40 uploaded with stats: loss=0.1627, grad_norm=11.9676, exec_time=0.00s
Client 86 trained in 0.85s (simulated: 0.00s)
Client 86 uploaded with stats: loss=0.3685, grad_norm=28.4741, exec_time=0.00s
Client 44 trained in 0.93s (simulated: 0.00s)
Client 44 uploaded with stats: loss=0.0454, grad_norm=7.3858, exec_time=0.00s
Client 66 trained in 0.96s (simulated: 0.00s)
Client 66 uploaded with stats: loss=0.0897, grad_norm=19.5734, exec_time=0.00s
Epoch(t): 279 accuracy: 81.77 loss 0.49907374173402785 run_time: 449.22132873535156
Current clients: 100, select: 10
| current_epoch 280 |. Begin client select
SchedulerThread select( 10 clients):
16 | 25 | 6 | 53 | 38 | 77 | 39 | 54 | 8 | 40 |
-----------------------------------------------------------------Schedule complete
Client 25 trained in 0.46s (simulated: 0.00s)
Client 25 uploaded with stats: loss=0.2507, grad_norm=22.1924, exec_time=0.00s
Client 16 trained in 0.49s (simulated: 0.00s)
Client 16 uploaded with stats: loss=0.3045, grad_norm=18.8117, exec_time=0.00s
Client 38 trained in 0.59s (simulated: 0.00s)
Client 38 uploaded with stats: loss=0.3331, grad_norm=23.5695, exec_time=0.00s
Client 77 trained in 0.71s (simulated: 0.00s)
Client 77 uploaded with stats: loss=0.3127, grad_norm=28.3827, exec_time=0.00s
Client 53 trained in 0.74s (simulated: 0.00s)
Client 53 uploaded with stats: loss=0.1755, grad_norm=16.6389, exec_time=0.00s
Client 40 trained in 0.80s (simulated: 0.00s)
Client 40 uploaded with stats: loss=0.1553, grad_norm=11.7355, exec_time=0.00s
Client 6 trained in 0.89s (simulated: 0.00s)
Client 6 uploaded with stats: loss=0.2412, grad_norm=17.6002, exec_time=0.00s
Client 39 trained in 0.89s (simulated: 0.00s)
Client 39 uploaded with stats: loss=0.3593, grad_norm=16.2397, exec_time=0.00s
Client 54 trained in 0.96s (simulated: 0.00s)
Client 54 uploaded with stats: loss=0.1065, grad_norm=11.3297, exec_time=0.00s
Client 8 trained in 1.00s (simulated: 0.00s)
Client 8 uploaded with stats: loss=0.0441, grad_norm=6.6576, exec_time=0.00s
Epoch(t): 280 accuracy: 78.76 loss 0.5412694251537323 run_time: 450.87785148620605
Current clients: 100, select: 10
| current_epoch 281 |. Begin client select
SchedulerThread select( 10 clients):
10 | 4 | 23 | 66 | 36 | 99 | 25 | 12 | 76 | 50 |
-----------------------------------------------------------------Schedule complete
Client 99 trained in 0.33s (simulated: 0.00s)
Client 99 uploaded with stats: loss=0.4924, grad_norm=30.3651, exec_time=0.00s
Client 25 trained in 0.47s (simulated: 0.00s)
Client 25 uploaded with stats: loss=0.2705, grad_norm=25.8770, exec_time=0.00s
Client 76 trained in 0.66s (simulated: 0.00s)
Client 76 uploaded with stats: loss=0.0679, grad_norm=10.3103, exec_time=0.00s
Client 50 trained in 0.70s (simulated: 0.00s)
Client 50 uploaded with stats: loss=0.1945, grad_norm=17.0889, exec_time=0.00s
Client 12 trained in 0.71s (simulated: 0.00s)
Client 12 uploaded with stats: loss=0.2772, grad_norm=24.0823, exec_time=0.00s
Client 36 trained in 0.73s (simulated: 0.00s)
Client 36 uploaded with stats: loss=0.1235, grad_norm=26.6388, exec_time=0.00s
Client 66 trained in 0.75s (simulated: 0.00s)
Client 66 uploaded with stats: loss=0.1243, grad_norm=28.4940, exec_time=0.00s
Client 10 trained in 0.80s (simulated: 0.00s)
Client 10 uploaded with stats: loss=0.2928, grad_norm=21.5645, exec_time=0.00s
Client 23 trained in 0.86s (simulated: 0.00s)
Client 23 uploaded with stats: loss=0.1834, grad_norm=11.8304, exec_time=0.00s
Client 4 trained in 0.84s (simulated: 0.00s)
Client 4 uploaded with stats: loss=0.2284, grad_norm=16.6912, exec_time=0.00s
Epoch(t): 281 accuracy: 78.13 loss 0.5462193363904952 run_time: 452.3763554096222
Current clients: 100, select: 10
| current_epoch 282 |. Begin client select
SchedulerThread select( 10 clients):
37 | 77 | 69 | 25 | 99 | 2 | 35 | 75 | 27 | 66 |
-----------------------------------------------------------------Schedule complete
Client 25 trained in 0.64s (simulated: 0.00s)
Client 25 uploaded with stats: loss=0.2265, grad_norm=16.5936, exec_time=0.00s
Client 37 trained in 0.74s (simulated: 0.00s)
Client 37 uploaded with stats: loss=0.2035, grad_norm=22.2253, exec_time=0.00s
Client 27 trained in 0.79s (simulated: 0.00s)
Client 27 uploaded with stats: loss=0.3739, grad_norm=28.9153, exec_time=0.00s
Client 77 trained in 0.84s (simulated: 0.00s)
Client 77 uploaded with stats: loss=0.3000, grad_norm=24.0609, exec_time=0.00s
Client 99 trained in 0.94s (simulated: 0.00s)
Client 99 uploaded with stats: loss=0.5175, grad_norm=31.2843, exec_time=0.00s
Client 35 trained in 0.94s (simulated: 0.00s)
Client 35 uploaded with stats: loss=0.1772, grad_norm=13.3312, exec_time=0.00s
Client 75 trained in 1.07s (simulated: 0.00s)
Client 75 uploaded with stats: loss=0.4093, grad_norm=32.2017, exec_time=0.00s
Client 69 trained in 1.13s (simulated: 0.00s)
Client 69 uploaded with stats: loss=0.4138, grad_norm=18.1272, exec_time=0.00s
Client 2 trained in 1.19s (simulated: 0.00s)
Client 2 uploaded with stats: loss=0.1167, grad_norm=12.4516, exec_time=0.00s
Client 66 trained in 1.21s (simulated: 0.00s)
Client 66 uploaded with stats: loss=0.0942, grad_norm=22.9316, exec_time=0.00s
Epoch(t): 282 accuracy: 75.73 loss 0.6353990623354911 run_time: 454.1492702960968
Current clients: 100, select: 10
| current_epoch 283 |. Begin client select
SchedulerThread select( 10 clients):
37 | 43 | 52 | 44 | 64 | 17 | 75 | 47 | 38 | 12 |
-----------------------------------------------------------------Schedule complete
Client 37 trained in 0.61s (simulated: 0.00s)
Client 37 uploaded with stats: loss=0.2022, grad_norm=23.0039, exec_time=0.00s
Client 12 trained in 0.73s (simulated: 0.00s)
Client 12 uploaded with stats: loss=0.2756, grad_norm=22.3318, exec_time=0.00s
Client 17 trained in 0.76s (simulated: 0.00s)
Client 17 uploaded with stats: loss=0.1145, grad_norm=13.4563, exec_time=0.00s
Client 38 trained in 0.85s (simulated: 0.00s)
Client 38 uploaded with stats: loss=0.3396, grad_norm=24.8726, exec_time=0.00s
Client 47 trained in 0.90s (simulated: 0.00s)
Client 47 uploaded with stats: loss=0.2934, grad_norm=38.1344, exec_time=0.00s
Client 75 trained in 0.94s (simulated: 0.00s)
Client 75 uploaded with stats: loss=0.3795, grad_norm=28.5608, exec_time=0.00s
Client 43 trained in 1.02s (simulated: 0.00s)
Client 43 uploaded with stats: loss=0.1229, grad_norm=13.9966, exec_time=0.00s
Client 44 trained in 1.06s (simulated: 0.00s)
Client 44 uploaded with stats: loss=0.0449, grad_norm=7.0355, exec_time=0.00s
Client 52 trained in 1.12s (simulated: 0.00s)
Client 52 uploaded with stats: loss=0.2857, grad_norm=17.5937, exec_time=0.00s
Client 64 trained in 1.15s (simulated: 0.00s)
Client 64 uploaded with stats: loss=0.3472, grad_norm=38.2587, exec_time=0.00s
Epoch(t): 283 accuracy: 82.08 loss 0.477242713868618 run_time: 455.88840103149414
Current clients: 100, select: 10
| current_epoch 284 |. Begin client select
SchedulerThread select( 10 clients):
8 | 48 | 37 | 31 | 12 | 77 | 36 | 71 | 5 | 3 |
-----------------------------------------------------------------Schedule complete
Client 5 trained in 0.64s (simulated: 0.00s)
Client 5 uploaded with stats: loss=0.2536, grad_norm=22.0114, exec_time=0.00s
Client 37 trained in 0.70s (simulated: 0.00s)
Client 37 uploaded with stats: loss=0.2014, grad_norm=22.0299, exec_time=0.00s
Client 12 trained in 0.72s (simulated: 0.00s)
Client 12 uploaded with stats: loss=0.2813, grad_norm=24.9477, exec_time=0.00s
Client 77 trained in 0.76s (simulated: 0.00s)
Client 77 uploaded with stats: loss=0.3081, grad_norm=27.5878, exec_time=0.00s
Client 71 trained in 0.87s (simulated: 0.00s)
Client 71 uploaded with stats: loss=0.1197, grad_norm=10.4919, exec_time=0.00s
Client 36 trained in 1.00s (simulated: 0.00s)
Client 36 uploaded with stats: loss=0.1013, grad_norm=19.3795, exec_time=0.00s
Client 48 trained in 1.11s (simulated: 0.00s)
Client 48 uploaded with stats: loss=0.2945, grad_norm=14.1828, exec_time=0.00s
Client 31 trained in 1.11s (simulated: 0.00s)
Client 31 uploaded with stats: loss=0.0584, grad_norm=7.5471, exec_time=0.00s
Client 8 trained in 1.15s (simulated: 0.00s)
Client 8 uploaded with stats: loss=0.0582, grad_norm=16.7267, exec_time=0.00s
Client 3 trained in 1.14s (simulated: 0.00s)
Client 3 uploaded with stats: loss=0.2163, grad_norm=27.1999, exec_time=0.00s
Epoch(t): 284 accuracy: 75.28 loss 0.6343361109495163 run_time: 457.6687808036804
Current clients: 100, select: 10
| current_epoch 285 |. Begin client select
SchedulerThread select( 10 clients):
44 | 37 | 27 | 2 | 35 | 42 | 1 | 77 | 8 | 50 |
-----------------------------------------------------------------Schedule complete
Client 37 trained in 0.61s (simulated: 0.00s)
Client 37 uploaded with stats: loss=0.1851, grad_norm=18.1404, exec_time=0.00s
Client 27 trained in 0.61s (simulated: 0.00s)
Client 27 uploaded with stats: loss=0.3804, grad_norm=29.2228, exec_time=0.00s
Client 35 trained in 0.65s (simulated: 0.00s)
Client 35 uploaded with stats: loss=0.1706, grad_norm=13.0967, exec_time=0.00s
Client 1 trained in 0.67s (simulated: 0.00s)
Client 1 uploaded with stats: loss=0.2053, grad_norm=20.9319, exec_time=0.00s
Client 77 trained in 0.68s (simulated: 0.00s)
Client 77 uploaded with stats: loss=0.2967, grad_norm=25.9217, exec_time=0.00s
Client 50 trained in 0.93s (simulated: 0.00s)
Client 50 uploaded with stats: loss=0.2339, grad_norm=27.3049, exec_time=0.00s
Client 44 trained in 0.96s (simulated: 0.00s)
Client 44 uploaded with stats: loss=0.0451, grad_norm=7.3537, exec_time=0.00s
Client 2 trained in 1.03s (simulated: 0.00s)
Client 2 uploaded with stats: loss=0.1595, grad_norm=23.1636, exec_time=0.00s
Client 42 trained in 1.05s (simulated: 0.00s)
Client 42 uploaded with stats: loss=0.1247, grad_norm=18.0214, exec_time=0.00s
Client 8 trained in 1.06s (simulated: 0.00s)
Client 8 uploaded with stats: loss=0.0624, grad_norm=15.1391, exec_time=0.00s
Epoch(t): 285 accuracy: 78.99 loss 0.5313314357399941 run_time: 459.32262992858887
Current clients: 100, select: 10
| current_epoch 286 |. Begin client select
SchedulerThread select( 10 clients):
90 | 86 | 84 | 27 | 55 | 37 | 99 | 49 | 70 | 60 |
-----------------------------------------------------------------Schedule complete
Client 70 trained in 0.52s (simulated: 0.00s)
Client 70 uploaded with stats: loss=0.2282, grad_norm=22.6752, exec_time=0.00s
Client 37 trained in 0.54s (simulated: 0.00s)
Client 37 uploaded with stats: loss=0.1908, grad_norm=20.8821, exec_time=0.00s
Client 27 trained in 0.62s (simulated: 0.00s)
Client 27 uploaded with stats: loss=0.3724, grad_norm=29.7861, exec_time=0.00s
Client 84 trained in 0.73s (simulated: 0.00s)
Client 84 uploaded with stats: loss=0.0966, grad_norm=10.5851, exec_time=0.00s
Client 55 trained in 0.79s (simulated: 0.00s)
Client 55 uploaded with stats: loss=0.1945, grad_norm=17.0067, exec_time=0.00s
Client 99 trained in 0.88s (simulated: 0.00s)
Client 99 uploaded with stats: loss=0.5160, grad_norm=31.8456, exec_time=0.00s
Client 86 trained in 0.95s (simulated: 0.00s)
Client 86 uploaded with stats: loss=0.3205, grad_norm=24.7066, exec_time=0.00s
Client 90 trained in 0.97s (simulated: 0.00s)
Client 90 uploaded with stats: loss=0.1356, grad_norm=13.0471, exec_time=0.00s
Client 49 trained in 0.97s (simulated: 0.00s)
Client 49 uploaded with stats: loss=0.2441, grad_norm=13.8338, exec_time=0.00s
Client 60 trained in 0.98s (simulated: 0.00s)
Client 60 uploaded with stats: loss=0.1139, grad_norm=11.6499, exec_time=0.00s
Epoch(t): 286 accuracy: 80.52 loss 0.5022806814312935 run_time: 460.9210546016693
Current clients: 100, select: 10
| current_epoch 287 |. Begin client select
SchedulerThread select( 10 clients):
27 | 70 | 95 | 47 | 84 | 69 | 26 | 71 | 60 | 5 |
-----------------------------------------------------------------Schedule complete
Client 27 trained in 0.55s (simulated: 0.00s)
Client 27 uploaded with stats: loss=0.3605, grad_norm=29.2114, exec_time=0.00s
Client 70 trained in 0.59s (simulated: 0.00s)
Client 70 uploaded with stats: loss=0.2017, grad_norm=16.8893, exec_time=0.00s
Client 5 trained in 0.77s (simulated: 0.00s)
Client 5 uploaded with stats: loss=0.2608, grad_norm=23.0425, exec_time=0.00s
Client 47 trained in 0.79s (simulated: 0.00s)
Client 47 uploaded with stats: loss=0.2548, grad_norm=25.6643, exec_time=0.00s
Client 26 trained in 0.87s (simulated: 0.00s)
Client 26 uploaded with stats: loss=0.1391, grad_norm=17.8486, exec_time=0.00s
Client 84 trained in 0.93s (simulated: 0.00s)
Client 84 uploaded with stats: loss=0.0949, grad_norm=10.9250, exec_time=0.00s
Client 95 trained in 1.03s (simulated: 0.00s)
Client 95 uploaded with stats: loss=0.0925, grad_norm=10.5542, exec_time=0.00s
Client 71 trained in 1.07s (simulated: 0.00s)
Client 71 uploaded with stats: loss=0.1247, grad_norm=11.7467, exec_time=0.00s
Client 69 trained in 1.11s (simulated: 0.00s)
Client 69 uploaded with stats: loss=0.4092, grad_norm=16.8569, exec_time=0.00s
Client 60 trained in 1.17s (simulated: 0.00s)
Client 60 uploaded with stats: loss=0.1099, grad_norm=10.6013, exec_time=0.00s
Epoch(t): 287 accuracy: 81.77 loss 0.4744155275821686 run_time: 462.7085819244385
Current clients: 100, select: 10
| current_epoch 288 |. Begin client select
SchedulerThread select( 10 clients):
26 | 38 | 23 | 93 | 17 | 42 | 75 | 67 | 83 | 87 |
-----------------------------------------------------------------Schedule complete
Client 38 trained in 0.57s (simulated: 0.00s)
Client 38 uploaded with stats: loss=0.3227, grad_norm=23.0586, exec_time=0.00s
Client 17 trained in 0.72s (simulated: 0.00s)
Client 17 uploaded with stats: loss=0.1148, grad_norm=14.4213, exec_time=0.00s
Client 26 trained in 0.75s (simulated: 0.00s)
Client 26 uploaded with stats: loss=0.1263, grad_norm=14.1531, exec_time=0.00s
Client 75 trained in 0.74s (simulated: 0.00s)
Client 75 uploaded with stats: loss=0.3769, grad_norm=26.6710, exec_time=0.00s
Client 93 trained in 0.90s (simulated: 0.00s)
Client 93 uploaded with stats: loss=0.1487, grad_norm=17.4911, exec_time=0.00s
Client 83 trained in 0.96s (simulated: 0.00s)
Client 83 uploaded with stats: loss=0.0899, grad_norm=11.0700, exec_time=0.00s
Client 87 trained in 1.05s (simulated: 0.00s)
Client 87 uploaded with stats: loss=0.0692, grad_norm=10.7051, exec_time=0.00s
Client 23 trained in 1.10s (simulated: 0.00s)
Client 23 uploaded with stats: loss=0.1804, grad_norm=11.3738, exec_time=0.00s
Client 42 trained in 1.11s (simulated: 0.00s)
Client 42 uploaded with stats: loss=0.1392, grad_norm=16.5555, exec_time=0.00s
Client 67 trained in 1.11s (simulated: 0.00s)
Client 67 uploaded with stats: loss=0.0994, grad_norm=8.4616, exec_time=0.00s
Epoch(t): 288 accuracy: 83.13 loss 0.4585345134139061 run_time: 464.405259847641
Current clients: 100, select: 10
| current_epoch 289 |. Begin client select
SchedulerThread select( 10 clients):
26 | 99 | 17 | 38 | 93 | 5 | 2 | 95 | 47 | 67 |
-----------------------------------------------------------------Schedule complete
Client 38 trained in 0.67s (simulated: 0.00s)
Client 38 uploaded with stats: loss=0.3268, grad_norm=24.7070, exec_time=0.00s
Client 17 trained in 0.77s (simulated: 0.00s)
Client 17 uploaded with stats: loss=0.1126, grad_norm=13.1098, exec_time=0.00s
Client 26 trained in 0.77s (simulated: 0.00s)
Client 26 uploaded with stats: loss=0.1265, grad_norm=14.5304, exec_time=0.00s
Client 93 trained in 0.94s (simulated: 0.00s)
Client 93 uploaded with stats: loss=0.1507, grad_norm=21.4628, exec_time=0.00s
Client 5 trained in 0.95s (simulated: 0.00s)
Client 5 uploaded with stats: loss=0.2395, grad_norm=20.0618, exec_time=0.00s
Client 47 trained in 1.07s (simulated: 0.00s)
Client 47 uploaded with stats: loss=0.2256, grad_norm=18.5354, exec_time=0.00s
Client 99 trained in 1.19s (simulated: 0.00s)
Client 99 uploaded with stats: loss=0.4649, grad_norm=28.8138, exec_time=0.00s
Client 95 trained in 1.20s (simulated: 0.00s)
Client 95 uploaded with stats: loss=0.0932, grad_norm=9.6733, exec_time=0.00s
Client 67 trained in 1.29s (simulated: 0.00s)
Client 67 uploaded with stats: loss=0.0929, grad_norm=7.9742, exec_time=0.00s
Client 2 trained in 1.31s (simulated: 0.00s)
Client 2 uploaded with stats: loss=0.1134, grad_norm=10.2070, exec_time=0.00s
Epoch(t): 289 accuracy: 82.31 loss 0.4864306405186653 run_time: 466.32587814331055
Current clients: 100, select: 10
| current_epoch 290 |. Begin client select
SchedulerThread select( 10 clients):
64 | 38 | 17 | 71 | 25 | 12 | 99 | 77 | 31 | 69 |
-----------------------------------------------------------------Schedule complete
Client 12 trained in 0.76s (simulated: 0.00s)
Client 12 uploaded with stats: loss=0.2891, grad_norm=26.6626, exec_time=0.00s
Client 77 trained in 0.78s (simulated: 0.00s)
Client 77 uploaded with stats: loss=0.2976, grad_norm=25.9579, exec_time=0.00s
Client 17 trained in 0.78s (simulated: 0.00s)
Client 17 uploaded with stats: loss=0.1151, grad_norm=14.8894, exec_time=0.00s
Client 38 trained in 0.89s (simulated: 0.00s)
Client 38 uploaded with stats: loss=0.3150, grad_norm=22.5736, exec_time=0.00s
Client 25 trained in 0.95s (simulated: 0.00s)
Client 25 uploaded with stats: loss=0.2670, grad_norm=24.9348, exec_time=0.00s
Client 71 trained in 1.04s (simulated: 0.00s)
Client 71 uploaded with stats: loss=0.1158, grad_norm=11.5797, exec_time=0.00s
Client 99 trained in 1.11s (simulated: 0.00s)
Client 99 uploaded with stats: loss=0.4270, grad_norm=24.7525, exec_time=0.00s
Client 69 trained in 1.18s (simulated: 0.00s)
Client 69 uploaded with stats: loss=0.4389, grad_norm=21.7122, exec_time=0.00s
Client 64 trained in 1.25s (simulated: 0.00s)
Client 64 uploaded with stats: loss=0.1794, grad_norm=17.6631, exec_time=0.00s
Client 31 trained in 1.27s (simulated: 0.00s)
Client 31 uploaded with stats: loss=0.0606, grad_norm=8.9241, exec_time=0.00s
Epoch(t): 290 accuracy: 76.53 loss 0.5922966426610947 run_time: 468.21621894836426
Current clients: 100, select: 10
| current_epoch 291 |. Begin client select
SchedulerThread select( 10 clients):
17 | 47 | 35 | 27 | 84 | 16 | 53 | 37 | 2 | 93 |
-----------------------------------------------------------------Schedule complete
Client 37 trained in 0.64s (simulated: 0.00s)
Client 37 uploaded with stats: loss=0.2044, grad_norm=24.0860, exec_time=0.00s
Client 17 trained in 0.73s (simulated: 0.00s)
Client 17 uploaded with stats: loss=0.1148, grad_norm=14.2937, exec_time=0.00s
Client 27 trained in 0.73s (simulated: 0.00s)
Client 27 uploaded with stats: loss=0.3710, grad_norm=30.9971, exec_time=0.00s
Client 93 trained in 0.88s (simulated: 0.00s)
Client 93 uploaded with stats: loss=0.1341, grad_norm=16.1577, exec_time=0.00s
Client 35 trained in 0.90s (simulated: 0.00s)
Client 35 uploaded with stats: loss=0.1803, grad_norm=16.4785, exec_time=0.00s
Client 47 trained in 1.02s (simulated: 0.00s)
Client 47 uploaded with stats: loss=0.2549, grad_norm=29.5088, exec_time=0.00s
Client 84 trained in 1.16s (simulated: 0.00s)
Client 84 uploaded with stats: loss=0.0875, grad_norm=9.8562, exec_time=0.00s
Client 16 trained in 1.15s (simulated: 0.00s)
Client 16 uploaded with stats: loss=0.3000, grad_norm=19.0659, exec_time=0.00s
Client 53 trained in 1.19s (simulated: 0.00s)
Client 53 uploaded with stats: loss=0.1711, grad_norm=13.3060, exec_time=0.00s
Client 2 trained in 1.24s (simulated: 0.00s)
Client 2 uploaded with stats: loss=0.1475, grad_norm=22.5778, exec_time=0.00s
Epoch(t): 291 accuracy: 81.42 loss 0.49713742643594744 run_time: 470.0559720993042
Current clients: 100, select: 10
| current_epoch 292 |. Begin client select
SchedulerThread select( 10 clients):
64 | 5 | 76 | 55 | 39 | 12 | 69 | 37 | 77 | 35 |
-----------------------------------------------------------------Schedule complete
Client 37 trained in 0.76s (simulated: 0.00s)
Client 37 uploaded with stats: loss=0.2007, grad_norm=23.0970, exec_time=0.00s
Client 35 trained in 0.77s (simulated: 0.00s)
Client 35 uploaded with stats: loss=0.1747, grad_norm=14.1784, exec_time=0.00s
Client 77 trained in 0.83s (simulated: 0.00s)
Client 77 uploaded with stats: loss=0.2991, grad_norm=27.3063, exec_time=0.00s
Client 12 trained in 0.85s (simulated: 0.00s)
Client 12 uploaded with stats: loss=0.2756, grad_norm=25.5425, exec_time=0.00s
Client 5 trained in 0.91s (simulated: 0.00s)
Client 5 uploaded with stats: loss=0.2400, grad_norm=21.5129, exec_time=0.00s
Client 55 trained in 1.04s (simulated: 0.00s)
Client 55 uploaded with stats: loss=0.1810, grad_norm=15.1307, exec_time=0.00s
Client 69 trained in 1.05s (simulated: 0.00s)
Client 69 uploaded with stats: loss=0.4214, grad_norm=19.9026, exec_time=0.00s
Client 39 trained in 1.09s (simulated: 0.00s)
Client 39 uploaded with stats: loss=0.4346, grad_norm=24.3874, exec_time=0.00s
Client 64 trained in 1.12s (simulated: 0.00s)
Client 64 uploaded with stats: loss=0.2034, grad_norm=19.7309, exec_time=0.00s
Client 76 trained in 1.21s (simulated: 0.00s)
Client 76 uploaded with stats: loss=0.0911, grad_norm=17.2172, exec_time=0.00s
Epoch(t): 292 accuracy: 70.58 loss 0.7778278610110283 run_time: 471.89038705825806
Current clients: 100, select: 10
| current_epoch 293 |. Begin client select
SchedulerThread select( 10 clients):
50 | 71 | 17 | 5 | 8 | 25 | 55 | 10 | 16 | 77 |
-----------------------------------------------------------------Schedule complete
Client 25 trained in 0.49s (simulated: 0.00s)
Client 25 uploaded with stats: loss=0.2275, grad_norm=18.4974, exec_time=0.00s
Client 5 trained in 0.58s (simulated: 0.00s)
Client 5 uploaded with stats: loss=0.2506, grad_norm=24.0049, exec_time=0.00s
Client 17 trained in 0.73s (simulated: 0.00s)
Client 17 uploaded with stats: loss=0.1191, grad_norm=16.8515, exec_time=0.00s
Client 77 trained in 0.74s (simulated: 0.00s)
Client 77 uploaded with stats: loss=0.2877, grad_norm=25.4508, exec_time=0.00s
Client 55 trained in 0.79s (simulated: 0.00s)
Client 55 uploaded with stats: loss=0.1929, grad_norm=16.8218, exec_time=0.00s
Client 16 trained in 0.89s (simulated: 0.00s)
Client 16 uploaded with stats: loss=0.3156, grad_norm=20.8578, exec_time=0.00s
Client 10 trained in 0.99s (simulated: 0.00s)
Client 10 uploaded with stats: loss=0.4456, grad_norm=38.1535, exec_time=0.00s
Client 71 trained in 1.01s (simulated: 0.00s)
Client 71 uploaded with stats: loss=0.1166, grad_norm=11.0089, exec_time=0.00s
Client 50 trained in 1.05s (simulated: 0.00s)
Client 50 uploaded with stats: loss=0.2600, grad_norm=34.0105, exec_time=0.00s
Client 8 trained in 1.06s (simulated: 0.00s)
Client 8 uploaded with stats: loss=0.0788, grad_norm=25.0254, exec_time=0.00s
Epoch(t): 293 accuracy: 79.11 loss 0.5429083055257797 run_time: 473.5936336517334
Current clients: 100, select: 10
| current_epoch 294 |. Begin client select
SchedulerThread select( 10 clients):
25 | 17 | 54 | 53 | 19 | 27 | 42 | 37 | 45 | 44 |
-----------------------------------------------------------------Schedule complete
Client 37 trained in 0.59s (simulated: 0.00s)
Client 37 uploaded with stats: loss=0.1944, grad_norm=21.9271, exec_time=0.00s
Client 27 trained in 0.71s (simulated: 0.00s)
Client 27 uploaded with stats: loss=0.3686, grad_norm=30.3339, exec_time=0.00s
Client 25 trained in 0.71s (simulated: 0.00s)
Client 25 uploaded with stats: loss=0.2395, grad_norm=20.9870, exec_time=0.00s
Client 17 trained in 0.82s (simulated: 0.00s)
Client 17 uploaded with stats: loss=0.1088, grad_norm=12.9949, exec_time=0.00s
Client 53 trained in 0.86s (simulated: 0.00s)
Client 53 uploaded with stats: loss=0.1641, grad_norm=12.6112, exec_time=0.00s
Client 44 trained in 0.99s (simulated: 0.00s)
Client 44 uploaded with stats: loss=0.0391, grad_norm=6.4233, exec_time=0.00s
Client 19 trained in 1.01s (simulated: 0.00s)
Client 19 uploaded with stats: loss=0.0672, grad_norm=8.6320, exec_time=0.00s
Client 42 trained in 1.05s (simulated: 0.00s)
Client 42 uploaded with stats: loss=0.1199, grad_norm=13.1313, exec_time=0.00s
Client 45 trained in 1.07s (simulated: 0.00s)
Client 45 uploaded with stats: loss=0.1904, grad_norm=9.3925, exec_time=0.00s
Client 54 trained in 1.08s (simulated: 0.00s)
Client 54 uploaded with stats: loss=0.0960, grad_norm=10.8702, exec_time=0.00s
Epoch(t): 294 accuracy: 75.76 loss 0.6322780650854111 run_time: 475.2045545578003
Current clients: 100, select: 10
| current_epoch 295 |. Begin client select
SchedulerThread select( 10 clients):
75 | 6 | 37 | 16 | 77 | 95 | 93 | 97 | 88 | 90 |
-----------------------------------------------------------------Schedule complete
Client 37 trained in 0.64s (simulated: 0.00s)
Client 37 uploaded with stats: loss=0.2053, grad_norm=26.3127, exec_time=0.00s
Client 93 trained in 0.70s (simulated: 0.00s)
Client 93 uploaded with stats: loss=0.1448, grad_norm=19.6585, exec_time=0.00s
Client 90 trained in 0.71s (simulated: 0.00s)
Client 90 uploaded with stats: loss=0.1322, grad_norm=12.0886, exec_time=0.00s
Client 77 trained in 0.72s (simulated: 0.00s)
Client 77 uploaded with stats: loss=0.3044, grad_norm=29.0836, exec_time=0.00s
Client 16 trained in 0.87s (simulated: 0.00s)
Client 16 uploaded with stats: loss=0.2827, grad_norm=15.1813, exec_time=0.00s
Client 97 trained in 0.95s (simulated: 0.00s)
Client 97 uploaded with stats: loss=0.5098, grad_norm=41.3192, exec_time=0.00s
Client 95 trained in 1.01s (simulated: 0.00s)
Client 95 uploaded with stats: loss=0.0967, grad_norm=11.4756, exec_time=0.00s
Client 88 trained in 1.00s (simulated: 0.00s)
Client 88 uploaded with stats: loss=0.0866, grad_norm=7.3504, exec_time=0.00s
Client 75 trained in 1.03s (simulated: 0.00s)
Client 75 uploaded with stats: loss=0.3636, grad_norm=29.5782, exec_time=0.00s
Client 6 trained in 1.05s (simulated: 0.00s)
Client 6 uploaded with stats: loss=0.2126, grad_norm=15.2125, exec_time=0.00s
Epoch(t): 295 accuracy: 74.64 loss 0.65312156021595 run_time: 476.84928035736084
Current clients: 100, select: 10
| current_epoch 296 |. Begin client select
SchedulerThread select( 10 clients):
76 | 40 | 55 | 27 | 35 | 75 | 71 | 3 | 1 | 36 |
-----------------------------------------------------------------Schedule complete
Client 35 trained in 0.47s (simulated: 0.00s)
Client 35 uploaded with stats: loss=0.1758, grad_norm=13.9314, exec_time=0.00s
Client 55 trained in 0.51s (simulated: 0.00s)
Client 55 uploaded with stats: loss=0.1808, grad_norm=13.4610, exec_time=0.00s
Client 71 trained in 0.61s (simulated: 0.00s)
Client 71 uploaded with stats: loss=0.1185, grad_norm=10.3930, exec_time=0.00s
Client 27 trained in 0.72s (simulated: 0.00s)
Client 27 uploaded with stats: loss=0.3716, grad_norm=31.0625, exec_time=0.00s
Client 75 trained in 0.74s (simulated: 0.00s)
Client 75 uploaded with stats: loss=0.3880, grad_norm=30.8314, exec_time=0.00s
Client 76 trained in 0.94s (simulated: 0.00s)
Client 76 uploaded with stats: loss=0.0758, grad_norm=10.9654, exec_time=0.00s
Client 40 trained in 0.95s (simulated: 0.00s)
Client 40 uploaded with stats: loss=0.1730, grad_norm=15.4467, exec_time=0.00s
Client 3 trained in 0.95s (simulated: 0.00s)
Client 3 uploaded with stats: loss=0.3166, grad_norm=40.9877, exec_time=0.00s
Client 1 trained in 0.97s (simulated: 0.00s)
Client 1 uploaded with stats: loss=0.1800, grad_norm=17.8696, exec_time=0.00s
Client 36 trained in 0.98s (simulated: 0.00s)
Client 36 uploaded with stats: loss=0.1427, grad_norm=30.4937, exec_time=0.00s
Epoch(t): 296 accuracy: 76.14 loss 0.5931598615646362 run_time: 478.3999607563019
Current clients: 100, select: 10
| current_epoch 297 |. Begin client select
SchedulerThread select( 10 clients):
51 | 53 | 25 | 55 | 16 | 17 | 96 | 73 | 42 | 12 |
-----------------------------------------------------------------Schedule complete
Client 25 trained in 0.43s (simulated: 0.00s)
Client 25 uploaded with stats: loss=0.2564, grad_norm=25.5281, exec_time=0.00s
Client 55 trained in 0.64s (simulated: 0.00s)
Client 55 uploaded with stats: loss=0.1736, grad_norm=13.4417, exec_time=0.00s
Client 12 trained in 0.68s (simulated: 0.00s)
Client 12 uploaded with stats: loss=0.2845, grad_norm=24.8330, exec_time=0.00s
Client 17 trained in 0.77s (simulated: 0.00s)
Client 17 uploaded with stats: loss=0.1254, grad_norm=18.2691, exec_time=0.00s
Client 16 trained in 0.81s (simulated: 0.00s)
Client 16 uploaded with stats: loss=0.3062, grad_norm=19.1968, exec_time=0.00s
Client 73 trained in 0.94s (simulated: 0.00s)
Client 73 uploaded with stats: loss=0.1128, grad_norm=15.4145, exec_time=0.00s
Client 51 trained in 0.96s (simulated: 0.00s)
Client 51 uploaded with stats: loss=0.3940, grad_norm=13.1176, exec_time=0.00s
Client 53 trained in 0.96s (simulated: 0.00s)
Client 53 uploaded with stats: loss=0.1909, grad_norm=18.2381, exec_time=0.00s
Client 42 trained in 0.99s (simulated: 0.00s)
Client 42 uploaded with stats: loss=0.1327, grad_norm=14.3148, exec_time=0.00s
Client 96 trained in 1.07s (simulated: 0.00s)
Client 96 uploaded with stats: loss=0.0621, grad_norm=7.4825, exec_time=0.00s
Epoch(t): 297 accuracy: 76.19 loss 0.6127974149584771 run_time: 480.03441762924194
Current clients: 100, select: 10
| current_epoch 298 |. Begin client select
SchedulerThread select( 10 clients):
17 | 87 | 70 | 95 | 77 | 31 | 78 | 69 | 47 | 75 |
-----------------------------------------------------------------Schedule complete
Client 70 trained in 0.49s (simulated: 0.00s)
Client 70 uploaded with stats: loss=0.2194, grad_norm=22.0306, exec_time=0.00s
Client 47 trained in 0.57s (simulated: 0.00s)
Client 47 uploaded with stats: loss=0.2558, grad_norm=26.9410, exec_time=0.00s
Client 77 trained in 0.70s (simulated: 0.00s)
Client 77 uploaded with stats: loss=0.2985, grad_norm=27.5544, exec_time=0.00s
Client 95 trained in 0.74s (simulated: 0.00s)
Client 95 uploaded with stats: loss=0.0930, grad_norm=11.2444, exec_time=0.00s
Client 17 trained in 0.79s (simulated: 0.00s)
Client 17 uploaded with stats: loss=0.1084, grad_norm=13.2968, exec_time=0.00s
Client 78 trained in 0.89s (simulated: 0.00s)
Client 78 uploaded with stats: loss=0.2438, grad_norm=20.3911, exec_time=0.00s
Client 75 trained in 0.94s (simulated: 0.00s)
Client 75 uploaded with stats: loss=0.4030, grad_norm=30.2237, exec_time=0.00s
Client 69 trained in 0.99s (simulated: 0.00s)
Client 69 uploaded with stats: loss=0.4359, grad_norm=21.8644, exec_time=0.00s
Client 31 trained in 1.10s (simulated: 0.00s)
Client 31 uploaded with stats: loss=0.0522, grad_norm=7.1548, exec_time=0.00s
Client 87 trained in 1.12s (simulated: 0.00s)
Client 87 uploaded with stats: loss=0.1031, grad_norm=29.6272, exec_time=0.00s
Epoch(t): 298 accuracy: 81.14 loss 0.5074690836668014 run_time: 481.78804564476013
Current clients: 100, select: 10
| current_epoch 299 |. Begin client select
SchedulerThread select( 10 clients):
40 | 53 | 2 | 45 | 56 | 38 | 36 | 27 | 75 | 44 |
-----------------------------------------------------------------Schedule complete
Client 53 trained in 0.46s (simulated: 0.00s)
Client 53 uploaded with stats: loss=0.1542, grad_norm=13.2506, exec_time=0.00s
Client 75 trained in 0.50s (simulated: 0.00s)
Client 75 uploaded with stats: loss=0.3812, grad_norm=28.2089, exec_time=0.00s
Client 40 trained in 0.60s (simulated: 0.00s)
Client 40 uploaded with stats: loss=0.1521, grad_norm=11.0832, exec_time=0.00s
Client 38 trained in 0.68s (simulated: 0.00s)
Client 38 uploaded with stats: loss=0.3278, grad_norm=22.7585, exec_time=0.00s
Client 36 trained in 0.73s (simulated: 0.00s)
Client 36 uploaded with stats: loss=0.0837, grad_norm=12.0739, exec_time=0.00s
Client 27 trained in 0.74s (simulated: 0.00s)
Client 27 uploaded with stats: loss=0.3618, grad_norm=29.8090, exec_time=0.00s
Client 44 trained in 0.89s (simulated: 0.00s)
Client 44 uploaded with stats: loss=0.0366, grad_norm=5.7027, exec_time=0.00s
Client 56 trained in 0.97s (simulated: 0.00s)
Client 56 uploaded with stats: loss=0.0692, grad_norm=9.9466, exec_time=0.00s
Client 2 trained in 0.97s (simulated: 0.00s)
Client 2 uploaded with stats: loss=0.1191, grad_norm=12.5215, exec_time=0.00s
Client 45 trained in 0.98s (simulated: 0.00s)
Client 45 uploaded with stats: loss=0.1806, grad_norm=9.9815, exec_time=0.00s
Epoch(t): 299 accuracy: 83.12 loss 0.4537360990047455 run_time: 483.3700919151306
Current clients: 100, select: 10
| current_epoch 300 |. Begin client select
SchedulerThread select( 10 clients):
17 | 75 | 93 | 70 | 31 | 77 | 48 | 95 | 99 | 20 |
-----------------------------------------------------------------Schedule complete
Client 93 trained in 0.80s (simulated: 0.00s)
Client 93 uploaded with stats: loss=0.1509, grad_norm=21.6996, exec_time=0.00s
Client 70 trained in 0.84s (simulated: 0.00s)
Client 70 uploaded with stats: loss=0.1972, grad_norm=14.8135, exec_time=0.00s
Client 77 trained in 0.92s (simulated: 0.00s)
Client 77 uploaded with stats: loss=0.2980, grad_norm=27.1630, exec_time=0.00s
Client 17 trained in 0.92s (simulated: 0.00s)
Client 17 uploaded with stats: loss=0.1121, grad_norm=14.2145, exec_time=0.00s
Client 95 trained in 1.04s (simulated: 0.00s)
Client 95 uploaded with stats: loss=0.0819, grad_norm=8.6690, exec_time=0.00s
Client 99 trained in 1.08s (simulated: 0.00s)
Client 99 uploaded with stats: loss=0.4994, grad_norm=30.7350, exec_time=0.00s
Client 75 trained in 1.10s (simulated: 0.00s)
Client 75 uploaded with stats: loss=0.3433, grad_norm=24.7769, exec_time=0.00s
Client 20 trained in 1.15s (simulated: 0.00s)
Client 20 uploaded with stats: loss=0.1296, grad_norm=12.5447, exec_time=0.00s
Client 48 trained in 1.25s (simulated: 0.00s)
Client 48 uploaded with stats: loss=0.3003, grad_norm=15.0904, exec_time=0.00s
Client 31 trained in 1.24s (simulated: 0.00s)
Client 31 uploaded with stats: loss=0.0635, grad_norm=8.9097, exec_time=0.00s
Epoch(t): 300 accuracy: 79.65 loss 0.5535141506791115 run_time: 485.29483127593994
Current clients: 100, select: 10
| current_epoch 301 |. Begin client select
SchedulerThread select( 10 clients):
52 | 16 | 56 | 26 | 77 | 73 | 69 | 67 | 93 | 55 |
-----------------------------------------------------------------Schedule complete
Client 55 trained in 0.54s (simulated: 0.00s)
Client 55 uploaded with stats: loss=0.1753, grad_norm=15.0155, exec_time=0.00s
Client 16 trained in 0.57s (simulated: 0.00s)
Client 16 uploaded with stats: loss=0.3072, grad_norm=19.7336, exec_time=0.00s
Client 93 trained in 0.75s (simulated: 0.00s)
Client 93 uploaded with stats: loss=0.1610, grad_norm=24.7418, exec_time=0.00s
Client 77 trained in 0.78s (simulated: 0.00s)
Client 77 uploaded with stats: loss=0.3005, grad_norm=28.2540, exec_time=0.00s
Client 26 trained in 0.79s (simulated: 0.00s)
Client 26 uploaded with stats: loss=0.1315, grad_norm=17.3154, exec_time=0.00s
Client 69 trained in 0.93s (simulated: 0.00s)
Client 69 uploaded with stats: loss=0.4166, grad_norm=20.2768, exec_time=0.00s
Client 73 trained in 0.91s (simulated: 0.00s)
Client 73 uploaded with stats: loss=0.1072, grad_norm=14.7450, exec_time=0.00s
Client 52 trained in 0.97s (simulated: 0.00s)
Client 52 uploaded with stats: loss=0.2867, grad_norm=18.9968, exec_time=0.00s
Client 56 trained in 1.05s (simulated: 0.00s)
Client 56 uploaded with stats: loss=0.0746, grad_norm=10.1897, exec_time=0.00s
Client 67 trained in 1.04s (simulated: 0.00s)
Client 67 uploaded with stats: loss=0.1046, grad_norm=10.2817, exec_time=0.00s
Epoch(t): 301 accuracy: 78.65 loss 0.5505451628565788 run_time: 486.9983603954315
Current clients: 100, select: 10
| current_epoch 302 |. Begin client select
SchedulerThread select( 10 clients):
77 | 67 | 97 | 12 | 80 | 71 | 19 | 3 | 46 | 6 |
-----------------------------------------------------------------Schedule complete
Client 71 trained in 0.38s (simulated: 0.00s)
Client 71 uploaded with stats: loss=0.1125, grad_norm=9.8615, exec_time=0.00s
Client 6 trained in 0.50s (simulated: 0.00s)
Client 6 uploaded with stats: loss=0.2201, grad_norm=14.4644, exec_time=0.00s
Client 12 trained in 0.65s (simulated: 0.00s)
Client 12 uploaded with stats: loss=0.2716, grad_norm=24.1747, exec_time=0.00s
Client 80 trained in 0.69s (simulated: 0.00s)
Client 80 uploaded with stats: loss=0.1606, grad_norm=10.8329, exec_time=0.00s
Client 77 trained in 0.74s (simulated: 0.00s)
Client 77 uploaded with stats: loss=0.2889, grad_norm=26.0871, exec_time=0.00s
Client 19 trained in 0.81s (simulated: 0.00s)
Client 19 uploaded with stats: loss=0.0718, grad_norm=10.0543, exec_time=0.00s
Client 67 trained in 0.87s (simulated: 0.00s)
Client 67 uploaded with stats: loss=0.0895, grad_norm=8.5825, exec_time=0.00s
Client 97 trained in 0.85s (simulated: 0.00s)
Client 97 uploaded with stats: loss=0.2537, grad_norm=19.1495, exec_time=0.00s
Client 3 trained in 0.94s (simulated: 0.00s)
Client 3 uploaded with stats: loss=0.2387, grad_norm=27.5237, exec_time=0.00s
Client 46 trained in 0.95s (simulated: 0.00s)
Client 46 uploaded with stats: loss=0.1888, grad_norm=28.6189, exec_time=0.00s
Epoch(t): 302 accuracy: 72.91 loss 0.7136837357282638 run_time: 488.5711884498596
Current clients: 100, select: 10
| current_epoch 303 |. Begin client select
SchedulerThread select( 10 clients):
38 | 71 | 40 | 17 | 75 | 77 | 37 | 6 | 99 | 84 |
-----------------------------------------------------------------Schedule complete
Client 77 trained in 0.55s (simulated: 0.00s)
Client 77 uploaded with stats: loss=0.2946, grad_norm=28.1412, exec_time=0.00s
Client 38 trained in 0.83s (simulated: 0.00s)
Client 38 uploaded with stats: loss=0.3267, grad_norm=23.3110, exec_time=0.00s
Client 37 trained in 0.67s (simulated: 0.00s)
Client 37 uploaded with stats: loss=0.1843, grad_norm=19.9739, exec_time=0.00s
Client 17 trained in 0.90s (simulated: 0.00s)
Client 17 uploaded with stats: loss=0.1129, grad_norm=17.2231, exec_time=0.00s
Client 84 trained in 0.98s (simulated: 0.00s)
Client 84 uploaded with stats: loss=0.0817, grad_norm=8.8173, exec_time=0.00s
Client 75 trained in 1.06s (simulated: 0.00s)
Client 75 uploaded with stats: loss=0.3700, grad_norm=29.5903, exec_time=0.00s
Client 99 trained in 1.18s (simulated: 0.00s)
Client 99 uploaded with stats: loss=0.5098, grad_norm=31.3792, exec_time=0.00s
Client 71 trained in 1.21s (simulated: 0.00s)
Client 71 uploaded with stats: loss=0.1044, grad_norm=8.4698, exec_time=0.00s
Client 40 trained in 1.09s (simulated: 0.00s)
Client 40 uploaded with stats: loss=0.1740, grad_norm=14.6336, exec_time=0.00s
Client 6 trained in 1.13s (simulated: 0.00s)
Client 6 uploaded with stats: loss=0.1957, grad_norm=11.8329, exec_time=0.00s
Epoch(t): 303 accuracy: 77.68 loss 0.5902479687333106 run_time: 490.472647190094
Current clients: 100, select: 10
| current_epoch 304 |. Begin client select
SchedulerThread select( 10 clients):
37 | 20 | 53 | 27 | 73 | 17 | 44 | 55 | 16 | 67 |
-----------------------------------------------------------------Schedule complete
Client 55 trained in 0.46s (simulated: 0.00s)
Client 55 uploaded with stats: loss=0.1796, grad_norm=15.7796, exec_time=0.00s
Client 27 trained in 0.51s (simulated: 0.00s)
Client 27 uploaded with stats: loss=0.3673, grad_norm=31.4026, exec_time=0.00s
Client 37 trained in 0.54s (simulated: 0.00s)
Client 37 uploaded with stats: loss=0.1808, grad_norm=19.3219, exec_time=0.00s
Client 16 trained in 0.59s (simulated: 0.00s)
Client 16 uploaded with stats: loss=0.2914, grad_norm=17.3415, exec_time=0.00s
Client 17 trained in 0.65s (simulated: 0.00s)
Client 17 uploaded with stats: loss=0.1070, grad_norm=13.5830, exec_time=0.00s
Client 73 trained in 0.80s (simulated: 0.00s)
Client 73 uploaded with stats: loss=0.1024, grad_norm=13.1065, exec_time=0.00s
Client 53 trained in 0.86s (simulated: 0.00s)
Client 53 uploaded with stats: loss=0.1761, grad_norm=15.9200, exec_time=0.00s
Client 67 trained in 0.89s (simulated: 0.00s)
Client 67 uploaded with stats: loss=0.0929, grad_norm=9.1021, exec_time=0.00s
Client 20 trained in 0.91s (simulated: 0.00s)
Client 20 uploaded with stats: loss=0.1491, grad_norm=17.6504, exec_time=0.00s
Client 44 trained in 0.91s (simulated: 0.00s)
Client 44 uploaded with stats: loss=0.0414, grad_norm=6.8103, exec_time=0.00s
Epoch(t): 304 accuracy: 80.88 loss 0.5080729600787163 run_time: 492.0336410999298
Current clients: 100, select: 10
| current_epoch 305 |. Begin client select
SchedulerThread select( 10 clients):
25 | 76 | 93 | 1 | 75 | 50 | 77 | 27 | 78 | 80 |
-----------------------------------------------------------------Schedule complete
Client 25 trained in 0.56s (simulated: 0.00s)
Client 25 uploaded with stats: loss=0.2303, grad_norm=20.2817, exec_time=0.00s
Client 27 trained in 0.56s (simulated: 0.00s)
Client 27 uploaded with stats: loss=0.3621, grad_norm=30.6127, exec_time=0.00s
Client 93 trained in 0.69s (simulated: 0.00s)
Client 93 uploaded with stats: loss=0.1346, grad_norm=16.4080, exec_time=0.00s
Client 77 trained in 0.69s (simulated: 0.00s)
Client 77 uploaded with stats: loss=0.2830, grad_norm=25.9160, exec_time=0.00s
Client 75 trained in 0.80s (simulated: 0.00s)
Client 75 uploaded with stats: loss=0.3731, grad_norm=28.4916, exec_time=0.00s
Client 78 trained in 0.92s (simulated: 0.00s)
Client 78 uploaded with stats: loss=0.2352, grad_norm=20.6423, exec_time=0.00s
Client 1 trained in 1.02s (simulated: 0.00s)
Client 1 uploaded with stats: loss=0.2067, grad_norm=24.4580, exec_time=0.00s
Client 76 trained in 1.04s (simulated: 0.00s)
Client 76 uploaded with stats: loss=0.0759, grad_norm=14.3676, exec_time=0.00s
Client 80 trained in 1.11s (simulated: 0.00s)
Client 80 uploaded with stats: loss=0.1552, grad_norm=11.5834, exec_time=0.00s
Client 50 trained in 1.15s (simulated: 0.00s)
Client 50 uploaded with stats: loss=0.1976, grad_norm=18.4966, exec_time=0.00s
Epoch(t): 305 accuracy: 78.24 loss 0.5573170268535614 run_time: 493.7805438041687
Current clients: 100, select: 10
| current_epoch 306 |. Begin client select
SchedulerThread select( 10 clients):
12 | 99 | 70 | 77 | 69 | 53 | 40 | 37 | 1 | 36 |
-----------------------------------------------------------------Schedule complete
Client 70 trained in 0.62s (simulated: 0.00s)
Client 70 uploaded with stats: loss=0.2112, grad_norm=19.6874, exec_time=0.00s
Client 77 trained in 0.69s (simulated: 0.00s)
Client 77 uploaded with stats: loss=0.2946, grad_norm=28.8918, exec_time=0.00s
Client 37 trained in 0.69s (simulated: 0.00s)
Client 37 uploaded with stats: loss=0.1834, grad_norm=19.7742, exec_time=0.00s
Client 53 trained in 0.70s (simulated: 0.00s)
Client 53 uploaded with stats: loss=0.1736, grad_norm=15.9906, exec_time=0.00s
Client 99 trained in 0.75s (simulated: 0.00s)
Client 99 uploaded with stats: loss=0.5268, grad_norm=35.4092, exec_time=0.00s
Client 12 trained in 0.76s (simulated: 0.00s)
Client 12 uploaded with stats: loss=0.2672, grad_norm=24.4405, exec_time=0.00s
Client 40 trained in 0.96s (simulated: 0.00s)
Client 40 uploaded with stats: loss=0.1602, grad_norm=13.6715, exec_time=0.00s
Client 69 trained in 0.98s (simulated: 0.00s)
Client 69 uploaded with stats: loss=0.4183, grad_norm=20.5881, exec_time=0.00s
Client 1 trained in 1.08s (simulated: 0.00s)
Client 1 uploaded with stats: loss=0.1916, grad_norm=19.4201, exec_time=0.00s
Client 36 trained in 1.11s (simulated: 0.00s)
Client 36 uploaded with stats: loss=0.1032, grad_norm=23.2187, exec_time=0.00s
Epoch(t): 306 accuracy: 78.82 loss 0.5434989124536515 run_time: 495.4937241077423
Current clients: 100, select: 10
| current_epoch 307 |. Begin client select
SchedulerThread select( 10 clients):
90 | 75 | 52 | 93 | 53 | 71 | 37 | 1 | 79 | 77 |
-----------------------------------------------------------------Schedule complete
Client 37 trained in 0.60s (simulated: 0.00s)
Client 37 uploaded with stats: loss=0.1840, grad_norm=20.5046, exec_time=0.00s
Client 90 trained in 0.66s (simulated: 0.00s)
Client 90 uploaded with stats: loss=0.1465, grad_norm=15.3825, exec_time=0.00s
Client 93 trained in 0.68s (simulated: 0.00s)
Client 93 uploaded with stats: loss=0.1324, grad_norm=17.8440, exec_time=0.00s
Client 77 trained in 0.74s (simulated: 0.00s)
Client 77 uploaded with stats: loss=0.2820, grad_norm=26.0021, exec_time=0.00s
Client 75 trained in 0.90s (simulated: 0.00s)
Client 75 uploaded with stats: loss=0.3974, grad_norm=31.2802, exec_time=0.00s
Client 53 trained in 1.02s (simulated: 0.00s)
Client 53 uploaded with stats: loss=0.1670, grad_norm=15.4809, exec_time=0.00s
Client 71 trained in 1.08s (simulated: 0.00s)
Client 71 uploaded with stats: loss=0.1158, grad_norm=11.0804, exec_time=0.00s
Client 52 trained in 1.08s (simulated: 0.00s)
Client 52 uploaded with stats: loss=0.2450, grad_norm=14.0451, exec_time=0.00s
Client 1 trained in 1.09s (simulated: 0.00s)
Client 1 uploaded with stats: loss=0.1668, grad_norm=12.0544, exec_time=0.00s
Client 79 trained in 1.17s (simulated: 0.00s)
Client 79 uploaded with stats: loss=0.1221, grad_norm=15.2623, exec_time=0.00s
Epoch(t): 307 accuracy: 77.88 loss 0.569510329067707 run_time: 497.2561192512512
Current clients: 100, select: 10
| current_epoch 308 |. Begin client select
SchedulerThread select( 10 clients):
80 | 96 | 27 | 70 | 99 | 76 | 79 | 77 | 71 | 44 |
-----------------------------------------------------------------Schedule complete
Client 99 trained in 0.47s (simulated: 0.00s)
Client 99 uploaded with stats: loss=0.4435, grad_norm=27.4402, exec_time=0.00s
Client 71 trained in 0.58s (simulated: 0.00s)
Client 71 uploaded with stats: loss=0.1100, grad_norm=10.2580, exec_time=0.00s
Client 70 trained in 0.59s (simulated: 0.00s)
Client 70 uploaded with stats: loss=0.2133, grad_norm=20.1462, exec_time=0.00s
Client 27 trained in 0.72s (simulated: 0.00s)
Client 27 uploaded with stats: loss=0.3622, grad_norm=31.3649, exec_time=0.00s
Client 77 trained in 0.80s (simulated: 0.00s)
Client 77 uploaded with stats: loss=0.2770, grad_norm=25.9801, exec_time=0.00s
Client 76 trained in 0.86s (simulated: 0.00s)
Client 76 uploaded with stats: loss=0.0759, grad_norm=11.7609, exec_time=0.00s
Client 80 trained in 0.88s (simulated: 0.00s)
Client 80 uploaded with stats: loss=0.1554, grad_norm=10.9675, exec_time=0.00s
Client 44 trained in 0.99s (simulated: 0.00s)
Client 44 uploaded with stats: loss=0.0424, grad_norm=7.3749, exec_time=0.00s
Client 79 trained in 0.99s (simulated: 0.00s)
Client 79 uploaded with stats: loss=0.1017, grad_norm=12.0810, exec_time=0.00s
Client 96 trained in 1.11s (simulated: 0.00s)
Client 96 uploaded with stats: loss=0.0538, grad_norm=7.8792, exec_time=0.00s
Epoch(t): 308 accuracy: 78.86 loss 0.5383809494972229 run_time: 498.9782660007477
Current clients: 100, select: 10
| current_epoch 309 |. Begin client select
SchedulerThread select( 10 clients):
70 | 78 | 6 | 1 | 53 | 37 | 69 | 27 | 86 | 97 |
-----------------------------------------------------------------Schedule complete
Client 70 trained in 0.48s (simulated: 0.00s)
Client 70 uploaded with stats: loss=0.2051, grad_norm=19.4853, exec_time=0.00s
Client 53 trained in 0.57s (simulated: 0.00s)
Client 53 uploaded with stats: loss=0.1598, grad_norm=12.5126, exec_time=0.00s
Client 27 trained in 0.59s (simulated: 0.00s)
Client 27 uploaded with stats: loss=0.3650, grad_norm=31.9554, exec_time=0.00s
Client 37 trained in 0.63s (simulated: 0.00s)
Client 37 uploaded with stats: loss=0.1786, grad_norm=20.0165, exec_time=0.00s
Client 78 trained in 0.76s (simulated: 0.00s)
Client 78 uploaded with stats: loss=0.2197, grad_norm=17.2101, exec_time=0.00s
Client 69 trained in 0.81s (simulated: 0.00s)
Client 69 uploaded with stats: loss=0.4260, grad_norm=21.6098, exec_time=0.00s
Client 97 trained in 0.91s (simulated: 0.00s)
Client 97 uploaded with stats: loss=0.8695, grad_norm=51.6442, exec_time=0.00s
Client 86 trained in 0.93s (simulated: 0.00s)
Client 86 uploaded with stats: loss=0.4566, grad_norm=37.1888, exec_time=0.00s
Client 1 trained in 1.02s (simulated: 0.00s)
Client 6 trained in 1.01s (simulated: 0.00s)
Client 1 uploaded with stats: loss=0.1634, grad_norm=16.0914, exec_time=0.00s
Client 6 uploaded with stats: loss=0.2201, grad_norm=15.4946, exec_time=0.00s
Epoch(t): 309 accuracy: 82.93 loss 0.4543599274754524 run_time: 500.66140246391296
Current clients: 100, select: 10
| current_epoch 310 |. Begin client select
SchedulerThread select( 10 clients):
64 | 77 | 35 | 17 | 54 | 26 | 8 | 38 | 90 | 44 |
-----------------------------------------------------------------Schedule complete
Client 77 trained in 0.74s (simulated: 0.00s)
Client 77 uploaded with stats: loss=0.2888, grad_norm=27.3818, exec_time=0.00s
Client 17 trained in 0.75s (simulated: 0.00s)
Client 17 uploaded with stats: loss=0.1125, grad_norm=14.0929, exec_time=0.00s
Client 26 trained in 0.86s (simulated: 0.00s)
Client 26 uploaded with stats: loss=0.1280, grad_norm=15.9796, exec_time=0.00s
Client 38 trained in 0.87s (simulated: 0.00s)
Client 38 uploaded with stats: loss=0.3336, grad_norm=25.7204, exec_time=0.00s
Client 35 trained in 0.92s (simulated: 0.00s)
Client 35 uploaded with stats: loss=0.1722, grad_norm=13.5174, exec_time=0.00s
Client 90 trained in 1.02s (simulated: 0.00s)
Client 90 uploaded with stats: loss=0.1311, grad_norm=12.2789, exec_time=0.00s
Client 44 trained in 1.08s (simulated: 0.00s)
Client 44 uploaded with stats: loss=0.0428, grad_norm=7.2873, exec_time=0.00s
Client 64 trained in 1.15s (simulated: 0.00s)
Client 64 uploaded with stats: loss=0.1938, grad_norm=17.7248, exec_time=0.00s
Client 54 trained in 1.17s (simulated: 0.00s)
Client 54 uploaded with stats: loss=0.0932, grad_norm=8.6017, exec_time=0.00s
Client 8 trained in 1.20s (simulated: 0.00s)
Client 8 uploaded with stats: loss=0.0478, grad_norm=8.1282, exec_time=0.00s
Epoch(t): 310 accuracy: 83.44 loss 0.45732330948114397 run_time: 502.5421323776245
Current clients: 100, select: 10
| current_epoch 311 |. Begin client select
SchedulerThread select( 10 clients):
60 | 34 | 70 | 8 | 80 | 42 | 76 | 93 | 25 | 27 |
-----------------------------------------------------------------Schedule complete
Client 70 trained in 0.49s (simulated: 0.00s)
Client 70 uploaded with stats: loss=0.2031, grad_norm=20.1581, exec_time=0.00s
Client 27 trained in 0.51s (simulated: 0.00s)
Client 27 uploaded with stats: loss=0.3418, grad_norm=29.8148, exec_time=0.00s
Client 93 trained in 0.64s (simulated: 0.00s)
Client 93 uploaded with stats: loss=0.1375, grad_norm=19.6537, exec_time=0.00s
Client 25 trained in 0.65s (simulated: 0.00s)
Client 25 uploaded with stats: loss=0.2263, grad_norm=18.8450, exec_time=0.00s
Client 76 trained in 0.79s (simulated: 0.00s)
Client 76 uploaded with stats: loss=0.0787, grad_norm=15.7968, exec_time=0.00s
Client 80 trained in 0.80s (simulated: 0.00s)
Client 80 uploaded with stats: loss=0.1684, grad_norm=12.8231, exec_time=0.00s
Client 60 trained in 0.91s (simulated: 0.00s)
Client 60 uploaded with stats: loss=0.0924, grad_norm=9.6508, exec_time=0.00s
Client 8 trained in 0.97s (simulated: 0.00s)
Client 8 uploaded with stats: loss=0.0413, grad_norm=9.5462, exec_time=0.00s
Client 42 trained in 1.00s (simulated: 0.00s)
Client 42 uploaded with stats: loss=0.1108, grad_norm=11.8319, exec_time=0.00s
Client 34 trained in 1.07s (simulated: 0.00s)
Client 34 uploaded with stats: loss=0.0609, grad_norm=6.0110, exec_time=0.00s
Epoch(t): 311 accuracy: 80.92 loss 0.5112112590670586 run_time: 504.22961354255676
Current clients: 100, select: 10
| current_epoch 312 |. Begin client select
SchedulerThread select( 10 clients):
47 | 78 | 48 | 17 | 70 | 90 | 64 | 7 | 86 | 12 |
-----------------------------------------------------------------Schedule complete
Client 70 trained in 0.52s (simulated: 0.00s)
Client 70 uploaded with stats: loss=0.1958, grad_norm=17.3191, exec_time=0.00s
Client 12 trained in 0.73s (simulated: 0.00s)
Client 12 uploaded with stats: loss=0.2805, grad_norm=27.3441, exec_time=0.00s
Client 47 trained in 0.77s (simulated: 0.00s)
Client 47 uploaded with stats: loss=0.2421, grad_norm=23.5891, exec_time=0.00s
Client 17 trained in 0.89s (simulated: 0.00s)
Client 17 uploaded with stats: loss=0.1116, grad_norm=13.9670, exec_time=0.00s
Client 86 trained in 0.98s (simulated: 0.00s)
Client 86 uploaded with stats: loss=0.2255, grad_norm=14.3027, exec_time=0.00s
Client 90 trained in 0.97s (simulated: 0.00s)
Client 90 uploaded with stats: loss=0.1291, grad_norm=12.3879, exec_time=0.00s
Client 78 trained in 1.01s (simulated: 0.00s)
Client 78 uploaded with stats: loss=0.2347, grad_norm=20.1362, exec_time=0.00s
Client 64 trained in 1.04s (simulated: 0.00s)
Client 64 uploaded with stats: loss=0.1975, grad_norm=21.5337, exec_time=0.00s
Client 7 trained in 1.09s (simulated: 0.00s)
Client 7 uploaded with stats: loss=0.1308, grad_norm=10.3056, exec_time=0.00s
Client 48 trained in 1.11s (simulated: 0.00s)
Client 48 uploaded with stats: loss=0.2955, grad_norm=15.0965, exec_time=0.00s
Epoch(t): 312 accuracy: 82.49 loss 0.4795068871974945 run_time: 506.0042622089386
Current clients: 100, select: 10
| current_epoch 313 |. Begin client select
SchedulerThread select( 10 clients):
50 | 47 | 48 | 16 | 26 | 25 | 77 | 70 | 76 | 52 |
-----------------------------------------------------------------Schedule complete
Client 70 trained in 0.52s (simulated: 0.00s)
Client 70 uploaded with stats: loss=0.2042, grad_norm=19.5886, exec_time=0.00s
Client 25 trained in 0.58s (simulated: 0.00s)
Client 25 uploaded with stats: loss=0.2407, grad_norm=21.9002, exec_time=0.00s
Client 77 trained in 0.80s (simulated: 0.00s)
Client 77 uploaded with stats: loss=0.2899, grad_norm=29.8323, exec_time=0.00s
Client 47 trained in 0.78s (simulated: 0.00s)
Client 47 uploaded with stats: loss=0.2536, grad_norm=24.4508, exec_time=0.00s
Client 16 trained in 0.79s (simulated: 0.00s)
Client 16 uploaded with stats: loss=0.2867, grad_norm=18.3307, exec_time=0.00s
Client 26 trained in 0.81s (simulated: 0.00s)
Client 26 uploaded with stats: loss=0.1279, grad_norm=15.1370, exec_time=0.00s
Client 76 trained in 1.06s (simulated: 0.00s)
Client 76 uploaded with stats: loss=0.0776, grad_norm=17.0257, exec_time=0.00s
Client 52 trained in 1.06s (simulated: 0.00s)
Client 52 uploaded with stats: loss=0.2431, grad_norm=14.7699, exec_time=0.00s
Client 48 trained in 1.08s (simulated: 0.00s)
Client 48 uploaded with stats: loss=0.2610, grad_norm=10.7603, exec_time=0.00s
Client 50 trained in 1.08s (simulated: 0.00s)
Client 50 uploaded with stats: loss=0.1734, grad_norm=12.8742, exec_time=0.00s
Epoch(t): 313 accuracy: 81.39 loss 0.4827635711431503 run_time: 507.7868432998657
Current clients: 100, select: 10
| current_epoch 314 |. Begin client select
SchedulerThread select( 10 clients):
66 | 76 | 93 | 99 | 12 | 10 | 70 | 27 | 78 | 40 |
-----------------------------------------------------------------Schedule complete
Client 70 trained in 0.65s (simulated: 0.00s)
Client 70 uploaded with stats: loss=0.2065, grad_norm=19.9020, exec_time=0.00s
Client 27 trained in 0.67s (simulated: 0.00s)
Client 27 uploaded with stats: loss=0.3515, grad_norm=29.3463, exec_time=0.00s
Client 12 trained in 0.73s (simulated: 0.00s)
Client 12 uploaded with stats: loss=0.2604, grad_norm=23.1680, exec_time=0.00s
Client 78 trained in 0.81s (simulated: 0.00s)
Client 78 uploaded with stats: loss=0.2186, grad_norm=16.8600, exec_time=0.00s
Client 93 trained in 0.85s (simulated: 0.00s)
Client 93 uploaded with stats: loss=0.1346, grad_norm=16.1115, exec_time=0.00s
Client 99 trained in 0.94s (simulated: 0.00s)
Client 99 uploaded with stats: loss=0.4972, grad_norm=31.3910, exec_time=0.00s
Client 76 trained in 0.99s (simulated: 0.00s)
Client 76 uploaded with stats: loss=0.0688, grad_norm=10.2652, exec_time=0.00s
Client 10 trained in 1.00s (simulated: 0.00s)
Client 10 uploaded with stats: loss=0.2481, grad_norm=16.2924, exec_time=0.00s
Client 40 trained in 1.03s (simulated: 0.00s)
Client 40 uploaded with stats: loss=0.1474, grad_norm=11.9385, exec_time=0.00s
Client 66 trained in 1.04s (simulated: 0.00s)
Client 66 uploaded with stats: loss=0.1018, grad_norm=21.5157, exec_time=0.00s
Epoch(t): 314 accuracy: 82.86 loss 0.463533815741539 run_time: 509.4908950328827
Current clients: 100, select: 10
| current_epoch 315 |. Begin client select
SchedulerThread select( 10 clients):
23 | 17 | 5 | 63 | 35 | 52 | 40 | 78 | 12 | 27 |
-----------------------------------------------------------------Schedule complete
Client 17 trained in 0.57s (simulated: 0.00s)
Client 17 uploaded with stats: loss=0.1102, grad_norm=14.9732, exec_time=0.00s
Client 27 trained in 0.58s (simulated: 0.00s)
Client 27 uploaded with stats: loss=0.3513, grad_norm=29.9539, exec_time=0.00s
Client 35 trained in 0.57s (simulated: 0.00s)
Client 35 uploaded with stats: loss=0.1767, grad_norm=15.5999, exec_time=0.00s
Client 12 trained in 0.62s (simulated: 0.00s)
Client 12 uploaded with stats: loss=0.2619, grad_norm=24.1908, exec_time=0.00s
Client 5 trained in 0.78s (simulated: 0.00s)
Client 5 uploaded with stats: loss=0.2205, grad_norm=17.8938, exec_time=0.00s
Client 78 trained in 0.83s (simulated: 0.00s)
Client 78 uploaded with stats: loss=0.2124, grad_norm=14.2165, exec_time=0.00s
Client 40 trained in 0.90s (simulated: 0.00s)
Client 40 uploaded with stats: loss=0.1441, grad_norm=11.4272, exec_time=0.00s
Client 52 trained in 0.94s (simulated: 0.00s)
Client 52 uploaded with stats: loss=0.2679, grad_norm=19.0814, exec_time=0.00s
Client 23 trained in 0.97s (simulated: 0.00s)
Client 23 uploaded with stats: loss=0.1865, grad_norm=12.3515, exec_time=0.00s
Client 63 trained in 0.96s (simulated: 0.00s)
Client 63 uploaded with stats: loss=0.1299, grad_norm=12.8538, exec_time=0.00s
Epoch(t): 315 accuracy: 82.56 loss 0.4724674564599991 run_time: 511.1153643131256
Current clients: 100, select: 10
| current_epoch 316 |. Begin client select
SchedulerThread select( 10 clients):
78 | 43 | 38 | 35 | 70 | 53 | 54 | 17 | 25 | 52 |
-----------------------------------------------------------------Schedule complete
Client 70 trained in 0.43s (simulated: 0.00s)
Client 70 uploaded with stats: loss=0.1943, grad_norm=16.8471, exec_time=0.00s
Client 38 trained in 0.51s (simulated: 0.00s)
Client 38 uploaded with stats: loss=0.3257, grad_norm=23.8276, exec_time=0.00s
Client 25 trained in 0.69s (simulated: 0.00s)
Client 25 uploaded with stats: loss=0.2240, grad_norm=19.9978, exec_time=0.00s
Client 17 trained in 0.75s (simulated: 0.00s)
Client 17 uploaded with stats: loss=0.1063, grad_norm=14.6469, exec_time=0.00s
Client 35 trained in 0.90s (simulated: 0.00s)
Client 35 uploaded with stats: loss=0.1690, grad_norm=14.9286, exec_time=0.00s
Client 78 trained in 1.05s (simulated: 0.00s)
Client 78 uploaded with stats: loss=0.2046, grad_norm=14.6750, exec_time=0.00s
Client 53 trained in 1.07s (simulated: 0.00s)
Client 53 uploaded with stats: loss=0.1655, grad_norm=13.1890, exec_time=0.00s
Client 52 trained in 1.13s (simulated: 0.00s)
Client 52 uploaded with stats: loss=0.2650, grad_norm=16.7947, exec_time=0.00s
Client 43 trained in 1.14s (simulated: 0.00s)
Client 43 uploaded with stats: loss=0.1064, grad_norm=12.0151, exec_time=0.00s
Client 54 trained in 1.15s (simulated: 0.00s)
Client 54 uploaded with stats: loss=0.1001, grad_norm=12.3282, exec_time=0.00s
Epoch(t): 316 accuracy: 82.43 loss 0.47393710881471635 run_time: 512.8605623245239
Current clients: 100, select: 10
| current_epoch 317 |. Begin client select
SchedulerThread select( 10 clients):
19 | 39 | 69 | 90 | 76 | 53 | 26 | 5 | 73 | 42 |
-----------------------------------------------------------------Schedule complete
Client 5 trained in 0.44s (simulated: 0.00s)
Client 5 uploaded with stats: loss=0.2517, grad_norm=23.4236, exec_time=0.00s
Client 90 trained in 0.56s (simulated: 0.00s)
Client 90 uploaded with stats: loss=0.1344, grad_norm=12.5714, exec_time=0.00s
Client 53 trained in 0.62s (simulated: 0.00s)
Client 53 uploaded with stats: loss=0.1539, grad_norm=12.7349, exec_time=0.00s
Client 73 trained in 0.81s (simulated: 0.00s)
Client 73 uploaded with stats: loss=0.0978, grad_norm=12.8086, exec_time=0.00s
Client 26 trained in 0.84s (simulated: 0.00s)
Client 26 uploaded with stats: loss=0.1243, grad_norm=15.5998, exec_time=0.00s
Client 69 trained in 0.88s (simulated: 0.00s)
Client 69 uploaded with stats: loss=0.4183, grad_norm=21.0826, exec_time=0.00s
Client 19 trained in 0.97s (simulated: 0.00s)
Client 19 uploaded with stats: loss=0.0753, grad_norm=12.4310, exec_time=0.00s
Client 76 trained in 0.94s (simulated: 0.00s)
Client 76 uploaded with stats: loss=0.0924, grad_norm=18.5327, exec_time=0.00s
Client 39 trained in 0.96s (simulated: 0.00s)
Client 39 uploaded with stats: loss=0.3622, grad_norm=20.6892, exec_time=0.00s
Client 42 trained in 0.98s (simulated: 0.00s)
Client 42 uploaded with stats: loss=0.1190, grad_norm=15.2822, exec_time=0.00s
Epoch(t): 317 accuracy: 76.95 loss 0.5742724564671516 run_time: 514.4666690826416
Current clients: 100, select: 10
| current_epoch 318 |. Begin client select
SchedulerThread select( 10 clients):
22 | 95 | 93 | 4 | 37 | 99 | 38 | 67 | 49 | 79 |
-----------------------------------------------------------------Schedule complete
Client 95 trained in 0.54s (simulated: 0.00s)
Client 95 uploaded with stats: loss=0.0877, grad_norm=10.2856, exec_time=0.00s
Client 38 trained in 0.58s (simulated: 0.00s)
Client 38 uploaded with stats: loss=0.3225, grad_norm=25.0502, exec_time=0.00s
Client 99 trained in 0.61s (simulated: 0.00s)
Client 99 uploaded with stats: loss=0.4310, grad_norm=26.7871, exec_time=0.00s
Client 37 trained in 0.69s (simulated: 0.00s)
Client 37 uploaded with stats: loss=0.1886, grad_norm=22.5606, exec_time=0.00s
Client 79 trained in 0.77s (simulated: 0.00s)
Client 79 uploaded with stats: loss=0.1244, grad_norm=15.0521, exec_time=0.00s
Client 93 trained in 0.78s (simulated: 0.00s)
Client 93 uploaded with stats: loss=0.1393, grad_norm=19.1341, exec_time=0.00s
Client 67 trained in 0.81s (simulated: 0.00s)
Client 67 uploaded with stats: loss=0.0932, grad_norm=9.3995, exec_time=0.00s
Client 49 trained in 0.81s (simulated: 0.00s)
Client 49 uploaded with stats: loss=0.2676, grad_norm=21.2574, exec_time=0.00s
Client 4 trained in 0.85s (simulated: 0.00s)
Client 4 uploaded with stats: loss=0.2017, grad_norm=12.0312, exec_time=0.00s
Client 22 trained in 0.93s (simulated: 0.00s)
Client 22 uploaded with stats: loss=0.0283, grad_norm=3.6518, exec_time=0.00s
Epoch(t): 318 accuracy: 76.92 loss 0.5937974983453751 run_time: 516.0562493801117
Current clients: 100, select: 10
| current_epoch 319 |. Begin client select
SchedulerThread select( 10 clients):
50 | 37 | 6 | 90 | 35 | 95 | 31 | 1 | 71 | 19 |
-----------------------------------------------------------------Schedule complete
Client 35 trained in 0.43s (simulated: 0.00s)
Client 35 uploaded with stats: loss=0.1816, grad_norm=17.0510, exec_time=0.00s
Client 90 trained in 0.53s (simulated: 0.00s)
Client 90 uploaded with stats: loss=0.1319, grad_norm=13.3523, exec_time=0.00s
Client 37 trained in 0.57s (simulated: 0.00s)
Client 37 uploaded with stats: loss=0.1694, grad_norm=18.1632, exec_time=0.00s
Client 95 trained in 0.61s (simulated: 0.00s)
Client 95 uploaded with stats: loss=0.0833, grad_norm=9.3704, exec_time=0.00s
Client 71 trained in 0.71s (simulated: 0.00s)
Client 71 uploaded with stats: loss=0.1133, grad_norm=12.9797, exec_time=0.00s
Client 6 trained in 0.83s (simulated: 0.00s)
Client 6 uploaded with stats: loss=0.2101, grad_norm=13.6200, exec_time=0.00s
Client 1 trained in 0.88s (simulated: 0.00s)
Client 1 uploaded with stats: loss=0.1668, grad_norm=14.4160, exec_time=0.00s
Client 50 trained in 1.02s (simulated: 0.00s)
Client 50 uploaded with stats: loss=0.1825, grad_norm=19.3713, exec_time=0.00s
Client 31 trained in 1.00s (simulated: 0.00s)
Client 31 uploaded with stats: loss=0.0501, grad_norm=7.5206, exec_time=0.00s
Client 19 trained in 1.03s (simulated: 0.00s)
Client 19 uploaded with stats: loss=0.0651, grad_norm=7.4309, exec_time=0.00s
Epoch(t): 319 accuracy: 77.09 loss 0.5991919332742691 run_time: 517.7342822551727
Current clients: 100, select: 10
| current_epoch 320 |. Begin client select
SchedulerThread select( 10 clients):
36 | 37 | 84 | 50 | 44 | 3 | 40 | 26 | 25 | 75 |
Client 25 trained in 0.45s (simulated: 0.00s)
Client 25 uploaded with stats: loss=0.2284, grad_norm=20.4919, exec_time=0.00s
Client 84 trained in 0.61s (simulated: 0.00s)
Client 84 uploaded with stats: loss=0.0845, grad_norm=9.1677, exec_time=0.00s
Client 75 trained in 0.73s (simulated: 0.00s)
Client 75 uploaded with stats: loss=0.4625, grad_norm=39.0845, exec_time=0.00s
Client 37 trained in 0.78s (simulated: 0.00s)
Client 37 uploaded with stats: loss=0.1875, grad_norm=23.7279, exec_time=0.00s
Client 26 trained in 0.89s (simulated: 0.00s)
Client 26 uploaded with stats: loss=0.1310, grad_norm=19.2831, exec_time=0.00s
Client 40 trained in 0.93s (simulated: 0.00s)
Client 40 uploaded with stats: loss=0.1626, grad_norm=13.5398, exec_time=0.00s
Client 50 trained in 1.03s (simulated: 0.00s)
Client 50 uploaded with stats: loss=0.2044, grad_norm=20.3689, exec_time=0.00s
Client 3 trained in 1.07s (simulated: 0.00s)
Client 3 uploaded with stats: loss=0.2863, grad_norm=37.0076, exec_time=0.00s
Client 44 trained in 1.06s (simulated: 0.00s)
Client 44 uploaded with stats: loss=0.0394, grad_norm=6.3772, exec_time=0.00s
Client 36 trained in 1.12s (simulated: 0.00s)
Client 36 uploaded with stats: loss=0.1255, grad_norm=28.8795, exec_time=0.00s
Epoch(t): 320 accuracy: 81.49 loss 0.49924327462911605 run_time: 519.5248031616211
Current clients: 100, select: 10
| current_epoch 321 |. Begin client select
SchedulerThread select( 10 clients):
2 | 4 | 48 | 96 | 50 | 78 | 35 | 31 | 12 | 93 |
-----------------------------------------------------------------Schedule complete
Client 35 trained in 0.43s (simulated: 0.00s)
Client 35 uploaded with stats: loss=0.1614, grad_norm=11.7796, exec_time=0.00s
Client 78 trained in 0.54s (simulated: 0.00s)
Client 78 uploaded with stats: loss=0.2184, grad_norm=15.2258, exec_time=0.00s
Client 12 trained in 0.61s (simulated: 0.00s)
Client 12 uploaded with stats: loss=0.2560, grad_norm=22.9788, exec_time=0.00s
Client 93 trained in 0.68s (simulated: 0.00s)
Client 93 uploaded with stats: loss=0.1478, grad_norm=24.2534, exec_time=0.00s
Client 50 trained in 0.77s (simulated: 0.00s)
Client 50 uploaded with stats: loss=0.1855, grad_norm=15.0440, exec_time=0.00s
Client 2 trained in 0.83s (simulated: 0.00s)
Client 2 uploaded with stats: loss=0.1226, grad_norm=13.2224, exec_time=0.00s
Client 48 trained in 0.89s (simulated: 0.00s)
Client 48 uploaded with stats: loss=0.2779, grad_norm=12.9798, exec_time=0.00s
Client 31 trained in 0.92s (simulated: 0.00s)
Client 31 uploaded with stats: loss=0.0559, grad_norm=7.5752, exec_time=0.00s
Client 4 trained in 0.93s (simulated: 0.00s)
Client 4 uploaded with stats: loss=0.2479, grad_norm=22.3459, exec_time=0.00s
Client 96 trained in 0.93s (simulated: 0.00s)
Client 96 uploaded with stats: loss=0.0535, grad_norm=7.5462, exec_time=0.00s
Epoch(t): 321 accuracy: 79.18 loss 0.5536405040323734 run_time: 521.0667753219604
Current clients: 100, select: 10
| current_epoch 322 |. Begin client select
SchedulerThread select( 10 clients):
70 | 77 | 53 | 75 | 17 | 12 | 5 | 36 | 93 | 2 |
-----------------------------------------------------------------Schedule complete
Client 77 trained in 0.70s (simulated: 0.00s)
Client 77 uploaded with stats: loss=0.2782, grad_norm=25.4545, exec_time=0.00s
Client 12 trained in 0.76s (simulated: 0.00s)
Client 12 uploaded with stats: loss=0.2598, grad_norm=24.7852, exec_time=0.00s
Client 93 trained in 0.84s (simulated: 0.00s)
Client 93 uploaded with stats: loss=0.1288, grad_norm=17.2765, exec_time=0.00s
Client 70 trained in 0.82s (simulated: 0.00s)
Client 70 uploaded with stats: loss=0.2015, grad_norm=19.7759, exec_time=0.00s
Client 17 trained in 0.88s (simulated: 0.00s)
Client 17 uploaded with stats: loss=0.1065, grad_norm=14.6608, exec_time=0.00s
Client 5 trained in 0.90s (simulated: 0.00s)
Client 5 uploaded with stats: loss=0.2393, grad_norm=23.5358, exec_time=0.00s
Client 53 trained in 1.03s (simulated: 0.00s)
Client 53 uploaded with stats: loss=0.1556, grad_norm=13.8224, exec_time=0.00s
Client 75 trained in 1.05s (simulated: 0.00s)
Client 75 uploaded with stats: loss=0.3925, grad_norm=31.7192, exec_time=0.00s
Client 36 trained in 1.10s (simulated: 0.00s)
Client 36 uploaded with stats: loss=0.0976, grad_norm=21.4633, exec_time=0.00s
Client 2 trained in 1.17s (simulated: 0.00s)
Client 2 uploaded with stats: loss=0.1168, grad_norm=13.7621, exec_time=0.00s
Epoch(t): 322 accuracy: 80.94 loss 0.5118662372231484 run_time: 522.8352110385895
Current clients: 100, select: 10
| current_epoch 323 |. Begin client select
SchedulerThread select( 10 clients):
39 | 93 | 1 | 77 | 96 | 63 | 25 | 45 | 43 | 36 |
-----------------------------------------------------------------Schedule complete
Client 25 trained in 0.44s (simulated: 0.00s)
Client 25 uploaded with stats: loss=0.2500, grad_norm=24.9656, exec_time=0.00s
Client 1 trained in 0.53s (simulated: 0.00s)
Client 1 uploaded with stats: loss=0.1639, grad_norm=12.8856, exec_time=0.00s
Client 93 trained in 0.59s (simulated: 0.00s)
Client 93 uploaded with stats: loss=0.1260, grad_norm=15.5900, exec_time=0.00s
Client 36 trained in 0.68s (simulated: 0.00s)
Client 36 uploaded with stats: loss=0.0830, grad_norm=16.3624, exec_time=0.00s
Client 77 trained in 0.75s (simulated: 0.00s)
Client 77 uploaded with stats: loss=0.2881, grad_norm=28.4778, exec_time=0.00s
Client 43 trained in 0.89s (simulated: 0.00s)
Client 43 uploaded with stats: loss=0.1059, grad_norm=12.7072, exec_time=0.00s
Client 96 trained in 0.91s (simulated: 0.00s)
Client 96 uploaded with stats: loss=0.0544, grad_norm=7.6445, exec_time=0.00s
Client 45 trained in 0.95s (simulated: 0.00s)
Client 45 uploaded with stats: loss=0.1811, grad_norm=9.5988, exec_time=0.00s
Client 39 trained in 0.98s (simulated: 0.00s)
Client 39 uploaded with stats: loss=0.3642, grad_norm=20.4403, exec_time=0.00s
Client 63 trained in 0.97s (simulated: 0.00s)
Client 63 uploaded with stats: loss=0.1219, grad_norm=10.6927, exec_time=0.00s
Epoch(t): 323 accuracy: 78.91 loss 0.556196286380291 run_time: 524.4171626567841
Current clients: 100, select: 10
| current_epoch 324 |. Begin client select
SchedulerThread select( 10 clients):
4 | 99 | 2 | 3 | 47 | 5 | 17 | 37 | 76 | 8 |
-----------------------------------------------------------------Schedule complete
Client 5 trained in 0.43s (simulated: 0.00s)
Client 5 uploaded with stats: loss=0.2277, grad_norm=21.6946, exec_time=0.00s
Client 47 trained in 0.54s (simulated: 0.00s)
Client 47 uploaded with stats: loss=0.2414, grad_norm=28.3594, exec_time=0.00s
Client 37 trained in 0.56s (simulated: 0.00s)
Client 37 uploaded with stats: loss=0.1758, grad_norm=20.6745, exec_time=0.00s
Client 17 trained in 0.61s (simulated: 0.00s)
Client 17 uploaded with stats: loss=0.1061, grad_norm=13.5911, exec_time=0.00s
Client 99 trained in 0.78s (simulated: 0.00s)
Client 99 uploaded with stats: loss=0.4634, grad_norm=30.1974, exec_time=0.00s
Client 76 trained in 0.87s (simulated: 0.00s)
Client 76 uploaded with stats: loss=0.0706, grad_norm=10.7182, exec_time=0.00s
Client 2 trained in 0.91s (simulated: 0.00s)
Client 2 uploaded with stats: loss=0.1149, grad_norm=11.2053, exec_time=0.00s
Client 3 trained in 0.94s (simulated: 0.00s)
Client 3 uploaded with stats: loss=0.2112, grad_norm=26.0638, exec_time=0.00s
Client 4 trained in 0.99s (simulated: 0.00s)
Client 4 uploaded with stats: loss=0.2222, grad_norm=15.4872, exec_time=0.00s
Client 8 trained in 1.01s (simulated: 0.00s)
Client 8 uploaded with stats: loss=0.0521, grad_norm=13.5607, exec_time=0.00s
Epoch(t): 324 accuracy: 82.42 loss 0.473197438120842 run_time: 526.045459985733
Current clients: 100, select: 10
| current_epoch 325 |. Begin client select
SchedulerThread select( 10 clients):
76 | 38 | 48 | 4 | 37 | 5 | 43 | 44 | 77 | 25 |
-----------------------------------------------------------------Schedule complete
Client 25 trained in 0.54s (simulated: 0.00s)
Client 25 uploaded with stats: loss=0.2344, grad_norm=23.6892, exec_time=0.00s
Client 38 trained in 0.60s (simulated: 0.00s)
Client 38 uploaded with stats: loss=0.3156, grad_norm=22.8682, exec_time=0.00s
Client 5 trained in 0.73s (simulated: 0.00s)
Client 5 uploaded with stats: loss=0.2269, grad_norm=20.9136, exec_time=0.00s
Client 37 trained in 0.75s (simulated: 0.00s)
Client 37 uploaded with stats: loss=0.1739, grad_norm=20.0424, exec_time=0.00s
Client 77 trained in 0.80s (simulated: 0.00s)
Client 77 uploaded with stats: loss=0.2711, grad_norm=24.4801, exec_time=0.00s
Client 76 trained in 0.93s (simulated: 0.00s)
Client 76 uploaded with stats: loss=0.0664, grad_norm=12.3763, exec_time=0.00s
Client 44 trained in 0.93s (simulated: 0.00s)
Client 44 uploaded with stats: loss=0.0374, grad_norm=7.3194, exec_time=0.00s
Client 48 trained in 0.98s (simulated: 0.00s)
Client 48 uploaded with stats: loss=0.2667, grad_norm=13.5733, exec_time=0.00s
Client 4 trained in 1.01s (simulated: 0.00s)
Client 4 uploaded with stats: loss=0.2098, grad_norm=17.5236, exec_time=0.00s
Client 43 trained in 1.01s (simulated: 0.00s)
Client 43 uploaded with stats: loss=0.1419, grad_norm=23.1312, exec_time=0.00s
Epoch(t): 325 accuracy: 71.83 loss 0.7421483862400055 run_time: 527.7597899436951
Current clients: 100, select: 10
| current_epoch 326 |. Begin client select
SchedulerThread select( 10 clients):
45 | 93 | 52 | 8 | 37 | 80 | 35 | 70 | 12 | 84 |
-----------------------------------------------------------------Schedule complete
Client 37 trained in 0.46s (simulated: 0.00s)
Client 37 uploaded with stats: loss=0.1717, grad_norm=20.8353, exec_time=0.00s
Client 70 trained in 0.58s (simulated: 0.00s)
Client 70 uploaded with stats: loss=0.2252, grad_norm=29.7552, exec_time=0.00s
Client 12 trained in 0.58s (simulated: 0.00s)
Client 12 uploaded with stats: loss=0.2549, grad_norm=22.7130, exec_time=0.00s
Client 93 trained in 0.64s (simulated: 0.00s)
Client 93 uploaded with stats: loss=0.1396, grad_norm=20.9006, exec_time=0.00s
Client 35 trained in 0.84s (simulated: 0.00s)
Client 35 uploaded with stats: loss=0.1697, grad_norm=15.3160, exec_time=0.00s
Client 52 trained in 0.95s (simulated: 0.00s)
Client 52 uploaded with stats: loss=0.2489, grad_norm=16.9528, exec_time=0.00s
Client 84 trained in 0.94s (simulated: 0.00s)
Client 84 uploaded with stats: loss=0.0925, grad_norm=11.5511, exec_time=0.00s
Client 80 trained in 0.99s (simulated: 0.00s)
Client 80 uploaded with stats: loss=0.1548, grad_norm=12.0776, exec_time=0.00s
Client 8 trained in 1.09s (simulated: 0.00s)
Client 8 uploaded with stats: loss=0.0683, grad_norm=19.9995, exec_time=0.00s
Client 45 trained in 1.09s (simulated: 0.00s)
Client 45 uploaded with stats: loss=0.2147, grad_norm=15.7327, exec_time=0.00s
Epoch(t): 326 accuracy: 78.39 loss 0.5965463373064995 run_time: 529.5031499862671
Current clients: 100, select: 10
| current_epoch 327 |. Begin client select
SchedulerThread select( 10 clients):
38 | 60 | 48 | 78 | 79 | 56 | 17 | 2 | 25 | 75 |
-----------------------------------------------------------------Schedule complete
Client 25 trained in 0.51s (simulated: 0.00s)
Client 78 trained in 0.51s (simulated: 0.00s)
Client 25 uploaded with stats: loss=0.2242, grad_norm=20.4877, exec_time=0.00s
Client 78 uploaded with stats: loss=0.2320, grad_norm=19.8802, exec_time=0.00s
Client 75 trained in 0.59s (simulated: 0.00s)
Client 75 uploaded with stats: loss=0.4020, grad_norm=35.2185, exec_time=0.00s
Client 38 trained in 0.68s (simulated: 0.00s)
Client 38 uploaded with stats: loss=0.3126, grad_norm=21.8390, exec_time=0.00s
Client 60 trained in 0.69s (simulated: 0.00s)
Client 60 uploaded with stats: loss=0.1048, grad_norm=11.4543, exec_time=0.00s
Client 2 trained in 0.81s (simulated: 0.00s)
Client 2 uploaded with stats: loss=0.1179, grad_norm=15.3195, exec_time=0.00s
Client 17 trained in 0.88s (simulated: 0.00s)
Client 17 uploaded with stats: loss=0.1088, grad_norm=14.5990, exec_time=0.00s
Client 79 trained in 0.92s (simulated: 0.00s)
Client 79 uploaded with stats: loss=0.1061, grad_norm=13.8699, exec_time=0.00s
Client 56 trained in 0.94s (simulated: 0.00s)
Client 56 uploaded with stats: loss=0.0576, grad_norm=7.5649, exec_time=0.00s
Client 48 trained in 0.97s (simulated: 0.00s)
Client 48 uploaded with stats: loss=0.3007, grad_norm=15.7750, exec_time=0.00s
Epoch(t): 327 accuracy: 81.41 loss 0.4924358567595482 run_time: 531.1183207035065
Current clients: 100, select: 10
| current_epoch 328 |. Begin client select
SchedulerThread select( 10 clients):
54 | 93 | 86 | 79 | 47 | 77 | 84 | 19 | 99 | 26 |
-----------------------------------------------------------------Schedule complete
Client 47 trained in 0.64s (simulated: 0.00s)
Client 47 uploaded with stats: loss=0.2384, grad_norm=23.3437, exec_time=0.00s
Client 77 trained in 0.70s (simulated: 0.00s)
Client 77 uploaded with stats: loss=0.2944, grad_norm=30.1790, exec_time=0.00s
Client 26 trained in 0.71s (simulated: 0.00s)
Client 26 uploaded with stats: loss=0.1271, grad_norm=17.9118, exec_time=0.00s
Client 93 trained in 0.73s (simulated: 0.00s)
Client 93 uploaded with stats: loss=0.1316, grad_norm=18.5653, exec_time=0.00s
Client 84 trained in 0.85s (simulated: 0.00s)
Client 84 uploaded with stats: loss=0.0844, grad_norm=10.4139, exec_time=0.00s
Client 99 trained in 0.85s (simulated: 0.00s)
Client 99 uploaded with stats: loss=0.4387, grad_norm=29.3063, exec_time=0.00s
Client 86 trained in 0.90s (simulated: 0.00s)
Client 86 uploaded with stats: loss=0.2423, grad_norm=12.2228, exec_time=0.00s
Client 54 trained in 1.05s (simulated: 0.00s)
Client 54 uploaded with stats: loss=0.0837, grad_norm=7.8572, exec_time=0.00s
Client 19 trained in 1.04s (simulated: 0.00s)
Client 19 uploaded with stats: loss=0.0626, grad_norm=8.2458, exec_time=0.00s
Client 79 trained in 1.06s (simulated: 0.00s)
Client 79 uploaded with stats: loss=0.0928, grad_norm=9.1503, exec_time=0.00s
Epoch(t): 328 accuracy: 82.6 loss 0.4624998041987419 run_time: 532.8219106197357
Current clients: 100, select: 10
| current_epoch 329 |. Begin client select
SchedulerThread select( 10 clients):
50 | 38 | 16 | 17 | 27 | 48 | 44 | 84 | 70 | 80 |
-----------------------------------------------------------------Schedule complete
Client 38 trained in 0.58s (simulated: 0.00s)
Client 38 uploaded with stats: loss=0.3112, grad_norm=22.8232, exec_time=0.00s
Client 27 trained in 0.60s (simulated: 0.00s)
Client 27 uploaded with stats: loss=0.3358, grad_norm=28.3190, exec_time=0.00s
Client 17 trained in 0.61s (simulated: 0.00s)
Client 17 uploaded with stats: loss=0.1034, grad_norm=13.9619, exec_time=0.00s
Client 70 trained in 0.68s (simulated: 0.00s)
Client 70 uploaded with stats: loss=0.2054, grad_norm=20.1643, exec_time=0.00s
Client 84 trained in 0.78s (simulated: 0.00s)
Client 84 uploaded with stats: loss=0.0783, grad_norm=9.6316, exec_time=0.00s
Client 16 trained in 0.81s (simulated: 0.00s)
Client 16 uploaded with stats: loss=0.2922, grad_norm=19.2083, exec_time=0.00s
Client 50 trained in 0.98s (simulated: 0.00s)
Client 50 uploaded with stats: loss=0.1838, grad_norm=17.4855, exec_time=0.00s
Client 44 trained in 0.98s (simulated: 0.00s)
Client 44 uploaded with stats: loss=0.0406, grad_norm=7.3838, exec_time=0.00s
Client 48 trained in 1.01s (simulated: 0.00s)
Client 48 uploaded with stats: loss=0.2781, grad_norm=13.5597, exec_time=0.00s
Client 80 trained in 1.03s (simulated: 0.00s)
Client 80 uploaded with stats: loss=0.1602, grad_norm=11.8943, exec_time=0.00s
Epoch(t): 329 accuracy: 84.36 loss 0.4325511395931244 run_time: 534.5142002105713
Current clients: 100, select: 10
| current_epoch 330 |. Begin client select
SchedulerThread select( 10 clients):
17 | 90 | 42 | 8 | 55 | 45 | 52 | 69 | 83 | 4 |
-----------------------------------------------------------------Schedule complete
Client 55 trained in 0.34s (simulated: 0.00s)
Client 55 uploaded with stats: loss=0.1837, grad_norm=18.8010, exec_time=0.00s
Client 69 trained in 0.40s (simulated: 0.00s)
Client 69 uploaded with stats: loss=0.3828, grad_norm=18.3701, exec_time=0.00s
Client 90 trained in 0.45s (simulated: 0.00s)
Client 90 uploaded with stats: loss=0.1305, grad_norm=13.7341, exec_time=0.00s
Client 83 trained in 0.57s (simulated: 0.00s)
Client 83 uploaded with stats: loss=0.0850, grad_norm=10.8009, exec_time=0.00s
Client 17 trained in 0.59s (simulated: 0.00s)
Client 17 uploaded with stats: loss=0.1033, grad_norm=14.2641, exec_time=0.00s
Client 52 trained in 0.62s (simulated: 0.00s)
Client 52 uploaded with stats: loss=0.2495, grad_norm=15.6501, exec_time=0.00s
Client 42 trained in 0.75s (simulated: 0.00s)
Client 42 uploaded with stats: loss=0.1090, grad_norm=14.5136, exec_time=0.00s
Client 8 trained in 0.77s (simulated: 0.00s)
Client 8 uploaded with stats: loss=0.0380, grad_norm=6.9907, exec_time=0.00s
Client 45 trained in 0.77s (simulated: 0.00s)
Client 45 uploaded with stats: loss=0.1748, grad_norm=10.7139, exec_time=0.00s
Client 4 trained in 0.79s (simulated: 0.00s)
Client 4 uploaded with stats: loss=0.2714, grad_norm=22.4817, exec_time=0.00s
Epoch(t): 330 accuracy: 79.25 loss 0.5577641713619232 run_time: 535.9214241504669
Current clients: 100, select: 10
| current_epoch 331 |. Begin client select
SchedulerThread select( 10 clients):
56 | 84 | 71 | 25 | 69 | 73 | 77 | 35 | 97 | 16 |
-----------------------------------------------------------------Schedule complete
Client 25 trained in 0.42s (simulated: 0.00s)
Client 25 uploaded with stats: loss=0.2367, grad_norm=23.8373, exec_time=0.00s
Client 35 trained in 0.60s (simulated: 0.00s)
Client 35 uploaded with stats: loss=0.1721, grad_norm=15.9851, exec_time=0.00s
Client 84 trained in 0.66s (simulated: 0.00s)
Client 84 uploaded with stats: loss=0.0863, grad_norm=11.9481, exec_time=0.00s
Client 16 trained in 0.80s (simulated: 0.00s)
Client 16 uploaded with stats: loss=0.2849, grad_norm=18.3758, exec_time=0.00s
Client 77 trained in 0.84s (simulated: 0.00s)
Client 77 uploaded with stats: loss=0.2787, grad_norm=29.5135, exec_time=0.00s
Client 73 trained in 0.98s (simulated: 0.00s)
Client 73 uploaded with stats: loss=0.0834, grad_norm=10.8536, exec_time=0.00s
Client 71 trained in 1.02s (simulated: 0.00s)
Client 71 uploaded with stats: loss=0.1041, grad_norm=10.3487, exec_time=0.00s
Client 69 trained in 1.08s (simulated: 0.00s)
Client 69 uploaded with stats: loss=0.3921, grad_norm=18.7786, exec_time=0.00s
Client 97 trained in 1.07s (simulated: 0.00s)
Client 97 uploaded with stats: loss=0.9256, grad_norm=55.4806, exec_time=0.00s
Client 56 trained in 1.10s (simulated: 0.00s)
Client 56 uploaded with stats: loss=0.0664, grad_norm=15.6241, exec_time=0.00s
Epoch(t): 331 accuracy: 73.76 loss 0.6874737444519997 run_time: 537.6362657546997
Current clients: 100, select: 10
| current_epoch 332 |. Begin client select
SchedulerThread select( 10 clients):
71 | 2 | 78 | 5 | 97 | 77 | 47 | 40 | 76 | 34 |
-----------------------------------------------------------------Schedule complete
Client 47 trained in 0.43s (simulated: 0.00s)
Client 47 uploaded with stats: loss=0.2731, grad_norm=37.5646, exec_time=0.00s
Client 5 trained in 0.45s (simulated: 0.00s)
Client 5 uploaded with stats: loss=0.2290, grad_norm=19.9438, exec_time=0.00s
Client 78 trained in 0.58s (simulated: 0.00s)
Client 78 uploaded with stats: loss=0.2593, grad_norm=28.4265, exec_time=0.00s
Client 77 trained in 0.70s (simulated: 0.00s)
Client 77 uploaded with stats: loss=0.2807, grad_norm=29.6702, exec_time=0.00s
Client 76 trained in 0.81s (simulated: 0.00s)
Client 76 uploaded with stats: loss=0.0678, grad_norm=10.4038, exec_time=0.00s
Client 71 trained in 0.83s (simulated: 0.00s)
Client 71 uploaded with stats: loss=0.1076, grad_norm=11.3923, exec_time=0.00s
Client 97 trained in 0.90s (simulated: 0.00s)
Client 97 uploaded with stats: loss=0.2012, grad_norm=12.8313, exec_time=0.00s
Client 40 trained in 0.92s (simulated: 0.00s)
Client 40 uploaded with stats: loss=0.1589, grad_norm=15.3661, exec_time=0.00s
Client 2 trained in 0.94s (simulated: 0.00s)
Client 2 uploaded with stats: loss=0.2324, grad_norm=39.3732, exec_time=0.00s
Client 34 trained in 1.02s (simulated: 0.00s)
Client 34 uploaded with stats: loss=0.0618, grad_norm=7.5556, exec_time=0.00s
Epoch(t): 332 accuracy: 82.43 loss 0.472939632833004 run_time: 539.2990820407867
Current clients: 100, select: 10
| current_epoch 333 |. Begin client select
SchedulerThread select( 10 clients):
93 | 6 | 5 | 50 | 77 | 48 | 44 | 10 | 83 | 16 |
-----------------------------------------------------------------Schedule complete
Client 5 trained in 0.46s (simulated: 0.00s)
Client 5 uploaded with stats: loss=0.2054, grad_norm=15.2389, exec_time=0.00s
Client 16 trained in 0.60s (simulated: 0.00s)
Client 16 uploaded with stats: loss=0.2888, grad_norm=18.7932, exec_time=0.00s
Client 93 trained in 0.66s (simulated: 0.00s)
Client 93 uploaded with stats: loss=0.1255, grad_norm=14.8160, exec_time=0.00s
Client 77 trained in 0.73s (simulated: 0.00s)
Client 77 uploaded with stats: loss=0.2694, grad_norm=25.4398, exec_time=0.00s
Client 6 trained in 0.74s (simulated: 0.00s)
Client 6 uploaded with stats: loss=0.2299, grad_norm=18.9397, exec_time=0.00s
Client 50 trained in 0.89s (simulated: 0.00s)
Client 50 uploaded with stats: loss=0.1777, grad_norm=13.7755, exec_time=0.00s
Client 44 trained in 0.95s (simulated: 0.00s)
Client 44 uploaded with stats: loss=0.0373, grad_norm=6.6959, exec_time=0.00s
Client 83 trained in 0.99s (simulated: 0.00s)
Client 83 uploaded with stats: loss=0.0913, grad_norm=13.9091, exec_time=0.00s
Client 48 trained in 0.99s (simulated: 0.00s)
Client 48 uploaded with stats: loss=0.2878, grad_norm=13.7513, exec_time=0.00s
Client 10 trained in 1.01s (simulated: 0.00s)
Client 10 uploaded with stats: loss=0.2383, grad_norm=12.0800, exec_time=0.00s
Epoch(t): 333 accuracy: 82.07 loss 0.4768886923789978 run_time: 540.8755493164062
Current clients: 100, select: 10
| current_epoch 334 |. Begin client select
SchedulerThread select( 10 clients):
78 | 75 | 77 | 84 | 23 | 80 | 86 | 6 | 39 | 44 |
-----------------------------------------------------------------Schedule complete
Client 78 trained in 0.38s (simulated: 0.00s)
Client 78 uploaded with stats: loss=0.2247, grad_norm=19.0339, exec_time=0.00s
Client 84 trained in 0.40s (simulated: 0.00s)
Client 84 uploaded with stats: loss=0.0836, grad_norm=9.9145, exec_time=0.00s
Client 75 trained in 0.46s (simulated: 0.00s)
Client 75 uploaded with stats: loss=0.3487, grad_norm=28.6210, exec_time=0.00s
Client 6 trained in 0.63s (simulated: 0.00s)
Client 6 uploaded with stats: loss=0.2090, grad_norm=14.3122, exec_time=0.00s
Client 77 trained in 0.74s (simulated: 0.00s)
Client 77 uploaded with stats: loss=0.2666, grad_norm=25.5609, exec_time=0.00s
Client 44 trained in 0.81s (simulated: 0.00s)
Client 44 uploaded with stats: loss=0.0390, grad_norm=7.1254, exec_time=0.00s
Client 86 trained in 0.81s (simulated: 0.00s)
Client 86 uploaded with stats: loss=0.4908, grad_norm=40.3210, exec_time=0.00s
Client 80 trained in 0.86s (simulated: 0.00s)
Client 80 uploaded with stats: loss=0.1506, grad_norm=11.3099, exec_time=0.00s
Client 39 trained in 0.86s (simulated: 0.00s)
Client 39 uploaded with stats: loss=0.3996, grad_norm=22.2126, exec_time=0.00s
Client 23 trained in 0.89s (simulated: 0.00s)
Client 23 uploaded with stats: loss=0.1624, grad_norm=11.0328, exec_time=0.00s
Epoch(t): 334 accuracy: 78.17 loss 0.5792410817742347 run_time: 542.383444070816
Current clients: 100, select: 10
| current_epoch 335 |. Begin client select
SchedulerThread select( 10 clients):
17 | 75 | 77 | 55 | 12 | 27 | 16 | 93 | 53 | 79 |
-----------------------------------------------------------------Schedule complete
Client 77 trained in 0.74s (simulated: 0.00s)
Client 77 uploaded with stats: loss=0.2838, grad_norm=29.5877, exec_time=0.00s
Client 27 trained in 0.76s (simulated: 0.00s)
Client 27 uploaded with stats: loss=0.3538, grad_norm=31.2184, exec_time=0.00s
Client 17 trained in 0.77s (simulated: 0.00s)
Client 17 uploaded with stats: loss=0.1011, grad_norm=14.1953, exec_time=0.00s
Client 12 trained in 0.95s (simulated: 0.00s)
Client 12 uploaded with stats: loss=0.2586, grad_norm=25.1778, exec_time=0.00s
Client 55 trained in 1.07s (simulated: 0.00s)
Client 55 uploaded with stats: loss=0.1941, grad_norm=20.4479, exec_time=0.00s
Client 16 trained in 1.17s (simulated: 0.00s)
Client 16 uploaded with stats: loss=0.2754, grad_norm=16.6488, exec_time=0.00s
Client 93 trained in 1.19s (simulated: 0.00s)
Client 93 uploaded with stats: loss=0.1328, grad_norm=18.2821, exec_time=0.00s
Client 75 trained in 1.27s (simulated: 0.00s)
Client 75 uploaded with stats: loss=0.3469, grad_norm=26.8879, exec_time=0.00s
Client 53 trained in 1.33s (simulated: 0.00s)
Client 53 uploaded with stats: loss=0.1648, grad_norm=14.8044, exec_time=0.00s
Client 79 trained in 1.35s (simulated: 0.00s)
Client 79 uploaded with stats: loss=0.1080, grad_norm=14.5333, exec_time=0.00s
Epoch(t): 335 accuracy: 81.32 loss 0.49558734238147734 run_time: 544.3776953220367
Current clients: 100, select: 10
| current_epoch 336 |. Begin client select
SchedulerThread select( 10 clients):
73 | 76 | 97 | 50 | 53 | 43 | 77 | 66 | 71 | 12 |
-----------------------------------------------------------------Schedule complete
Client 53 trained in 0.46s (simulated: 0.00s)
Client 53 uploaded with stats: loss=0.1540, grad_norm=12.8604, exec_time=0.00s
Client 76 trained in 0.68s (simulated: 0.00s)
Client 76 uploaded with stats: loss=0.0745, grad_norm=14.5753, exec_time=0.00s
Client 71 trained in 0.71s (simulated: 0.00s)
Client 71 uploaded with stats: loss=0.0974, grad_norm=9.2253, exec_time=0.00s
Client 12 trained in 0.74s (simulated: 0.00s)
Client 12 uploaded with stats: loss=0.2527, grad_norm=24.0166, exec_time=0.00s
Client 77 trained in 0.84s (simulated: 0.00s)
Client 77 uploaded with stats: loss=0.2692, grad_norm=25.5866, exec_time=0.00s
Client 73 trained in 0.91s (simulated: 0.00s)
Client 73 uploaded with stats: loss=0.0970, grad_norm=12.9040, exec_time=0.00s
Client 50 trained in 1.01s (simulated: 0.00s)
Client 50 uploaded with stats: loss=0.1842, grad_norm=19.2923, exec_time=0.00s
Client 66 trained in 1.01s (simulated: 0.00s)
Client 66 uploaded with stats: loss=0.0989, grad_norm=21.4989, exec_time=0.00s
Client 43 trained in 1.02s (simulated: 0.00s)
Client 43 uploaded with stats: loss=0.1168, grad_norm=14.8102, exec_time=0.00s
Client 97 trained in 1.03s (simulated: 0.00s)
Client 97 uploaded with stats: loss=0.1745, grad_norm=9.5158, exec_time=0.00s
Epoch(t): 336 accuracy: 78.42 loss 0.5531809017062187 run_time: 546.06205701828
Current clients: 100, select: 10
| current_epoch 337 |. Begin client select
SchedulerThread select( 10 clients):
25 | 60 | 44 | 87 | 47 | 1 | 50 | 19 | 79 | 84 |
-----------------------------------------------------------------Schedule complete
Client 25 trained in 0.38s (simulated: 0.00s)
Client 25 uploaded with stats: loss=0.2206, grad_norm=19.9662, exec_time=0.00s
Client 47 trained in 0.38s (simulated: 0.00s)
Client 47 uploaded with stats: loss=0.2531, grad_norm=30.3943, exec_time=0.00s
Client 84 trained in 0.48s (simulated: 0.00s)
Client 84 uploaded with stats: loss=0.0867, grad_norm=11.1830, exec_time=0.00s
Client 50 trained in 0.58s (simulated: 0.00s)
Client 50 uploaded with stats: loss=0.2061, grad_norm=24.3088, exec_time=0.00s
Client 1 trained in 0.62s (simulated: 0.00s)
Client 1 uploaded with stats: loss=0.1670, grad_norm=16.4975, exec_time=0.00s
Client 44 trained in 0.73s (simulated: 0.00s)
Client 44 uploaded with stats: loss=0.0377, grad_norm=7.1522, exec_time=0.00s
Client 79 trained in 0.80s (simulated: 0.00s)
Client 79 uploaded with stats: loss=0.1202, grad_norm=16.7012, exec_time=0.00s
Client 60 trained in 0.81s (simulated: 0.00s)
Client 60 uploaded with stats: loss=0.1086, grad_norm=10.9011, exec_time=0.00s
Client 19 trained in 0.89s (simulated: 0.00s)
Client 19 uploaded with stats: loss=0.0600, grad_norm=8.4275, exec_time=0.00s
Client 87 trained in 0.93s (simulated: 0.00s)
Client 87 uploaded with stats: loss=0.0899, grad_norm=28.6021, exec_time=0.00s
Epoch(t): 337 accuracy: 82.87 loss 0.47695592015981675 run_time: 547.6498341560364
Current clients: 100, select: 10
| current_epoch 338 |. Begin client select
SchedulerThread select( 10 clients):
86 | 12 | 39 | 36 | 1 | 17 | 90 | 75 | 27 | 64 |
-----------------------------------------------------------------Schedule complete
Client 90 trained in 0.62s (simulated: 0.00s)
Client 90 uploaded with stats: loss=0.1303, grad_norm=13.2283, exec_time=0.00s
Client 27 trained in 0.72s (simulated: 0.00s)
Client 27 uploaded with stats: loss=0.3351, grad_norm=27.7280, exec_time=0.00s
Client 75 trained in 0.74s (simulated: 0.00s)
Client 75 uploaded with stats: loss=0.4372, grad_norm=35.7539, exec_time=0.00s
Client 17 trained in 0.81s (simulated: 0.00s)
Client 17 uploaded with stats: loss=0.1042, grad_norm=13.7868, exec_time=0.00s
Client 12 trained in 0.83s (simulated: 0.00s)
Client 12 uploaded with stats: loss=0.2592, grad_norm=24.0357, exec_time=0.00s
Client 1 trained in 0.87s (simulated: 0.00s)
Client 1 uploaded with stats: loss=0.1635, grad_norm=15.0090, exec_time=0.00s
Client 86 trained in 0.95s (simulated: 0.00s)
Client 86 uploaded with stats: loss=0.3105, grad_norm=26.2882, exec_time=0.00s
Client 36 trained in 0.96s (simulated: 0.00s)
Client 36 uploaded with stats: loss=0.0986, grad_norm=19.8339, exec_time=0.00s
Client 64 trained in 0.98s (simulated: 0.00s)
Client 64 uploaded with stats: loss=0.1556, grad_norm=11.6663, exec_time=0.00s
Client 39 trained in 1.00s (simulated: 0.00s)
Client 39 uploaded with stats: loss=0.4344, grad_norm=26.8035, exec_time=0.00s
Epoch(t): 338 accuracy: 84.02 loss 0.4444086807966232 run_time: 549.1958358287811
Current clients: 100, select: 10
| current_epoch 339 |. Begin client select
SchedulerThread select( 10 clients):
79 | 69 | 3 | 5 | 16 | 20 | 43 | 73 | 77 | 60 |
-----------------------------------------------------------------Schedule complete
Client 5 trained in 0.32s (simulated: 0.00s)
Client 5 uploaded with stats: loss=0.2171, grad_norm=17.4571, exec_time=0.00s
Client 16 trained in 0.34s (simulated: 0.00s)
Client 16 uploaded with stats: loss=0.2767, grad_norm=17.2111, exec_time=0.00s
Client 69 trained in 0.54s (simulated: 0.00s)
Client 69 uploaded with stats: loss=0.4008, grad_norm=19.6638, exec_time=0.00s
Client 77 trained in 0.57s (simulated: 0.00s)
Client 77 uploaded with stats: loss=0.2718, grad_norm=26.5529, exec_time=0.00s
Client 73 trained in 0.58s (simulated: 0.00s)
Client 73 uploaded with stats: loss=0.0950, grad_norm=11.4987, exec_time=0.00s
Client 43 trained in 0.79s (simulated: 0.00s)
Client 43 uploaded with stats: loss=0.1188, grad_norm=16.6776, exec_time=0.00s
Client 60 trained in 0.85s (simulated: 0.00s)
Client 60 uploaded with stats: loss=0.1096, grad_norm=10.5015, exec_time=0.00s
Client 20 trained in 0.83s (simulated: 0.00s)
Client 20 uploaded with stats: loss=0.1248, grad_norm=12.9844, exec_time=0.00s
Client 79 trained in 0.86s (simulated: 0.00s)
Client 79 uploaded with stats: loss=0.0944, grad_norm=9.2448, exec_time=0.00s
Client 3 trained in 0.85s (simulated: 0.00s)
Client 3 uploaded with stats: loss=0.1438, grad_norm=14.0386, exec_time=0.00s
Epoch(t): 339 accuracy: 81.09 loss 0.4998099747300148 run_time: 550.659487247467
Current clients: 100, select: 10
| current_epoch 340 |. Begin client select
SchedulerThread select( 10 clients):
99 | 76 | 87 | 4 | 71 | 79 | 60 | 12 | 25 | 2 |
-----------------------------------------------------------------Schedule complete
Client 25 trained in 0.37s (simulated: 0.00s)
Client 25 uploaded with stats: loss=0.2379, grad_norm=23.5826, exec_time=0.00s
Client 71 trained in 0.46s (simulated: 0.00s)
Client 71 uploaded with stats: loss=0.1042, grad_norm=9.7681, exec_time=0.00s
Client 76 trained in 0.50s (simulated: 0.00s)
Client 76 uploaded with stats: loss=0.0656, grad_norm=10.5450, exec_time=0.00s
Client 99 trained in 0.51s (simulated: 0.00s)
Client 99 uploaded with stats: loss=0.4065, grad_norm=25.7394, exec_time=0.00s
Client 12 trained in 0.64s (simulated: 0.00s)
Client 12 uploaded with stats: loss=0.2507, grad_norm=22.9436, exec_time=0.00s
Client 60 trained in 0.72s (simulated: 0.00s)
Client 60 uploaded with stats: loss=0.1150, grad_norm=12.8238, exec_time=0.00s
Client 2 trained in 0.78s (simulated: 0.00s)
Client 2 uploaded with stats: loss=0.1351, grad_norm=18.2009, exec_time=0.00s
Client 79 trained in 0.84s (simulated: 0.00s)
Client 79 uploaded with stats: loss=0.0999, grad_norm=12.9629, exec_time=0.00s
Client 4 trained in 0.86s (simulated: 0.00s)
Client 4 uploaded with stats: loss=0.1951, grad_norm=13.0148, exec_time=0.00s
Client 87 trained in 0.91s (simulated: 0.00s)
Client 87 uploaded with stats: loss=0.0832, grad_norm=23.8610, exec_time=0.00s
Epoch(t): 340 accuracy: 80.47 loss 0.5156528493762016 run_time: 552.1296288967133
Current clients: 100, select: 10
| current_epoch 341 |. Begin client select
SchedulerThread select( 10 clients):
47 | 6 | 45 | 1 | 12 | 38 | 23 | 17 | 69 | 93 |
-----------------------------------------------------------------Schedule complete
Client 12 trained in 0.69s (simulated: 0.00s)
Client 12 uploaded with stats: loss=0.2363, grad_norm=19.8718, exec_time=0.00s
Client 93 trained in 0.80s (simulated: 0.00s)
Client 93 uploaded with stats: loss=0.1305, grad_norm=16.7428, exec_time=0.00s
Client 17 trained in 0.81s (simulated: 0.00s)
Client 17 uploaded with stats: loss=0.1018, grad_norm=13.6525, exec_time=0.00s
Client 47 trained in 0.88s (simulated: 0.00s)
Client 47 uploaded with stats: loss=0.2325, grad_norm=25.7091, exec_time=0.00s
Client 69 trained in 0.94s (simulated: 0.00s)
Client 69 uploaded with stats: loss=0.4074, grad_norm=20.2345, exec_time=0.00s
Client 38 trained in 0.98s (simulated: 0.00s)
Client 38 uploaded with stats: loss=0.3070, grad_norm=22.3849, exec_time=0.00s
Client 1 trained in 1.09s (simulated: 0.00s)
Client 1 uploaded with stats: loss=0.1635, grad_norm=13.3860, exec_time=0.00s
Client 45 trained in 1.17s (simulated: 0.00s)
Client 45 uploaded with stats: loss=0.1765, grad_norm=10.5071, exec_time=0.00s
Client 23 trained in 1.18s (simulated: 0.00s)
Client 23 uploaded with stats: loss=0.1748, grad_norm=12.2525, exec_time=0.00s
Client 6 trained in 1.20s (simulated: 0.00s)
Client 6 uploaded with stats: loss=0.2049, grad_norm=14.5438, exec_time=0.00s
Epoch(t): 341 accuracy: 80.25 loss 0.5520534589886665 run_time: 554.0416176319122
Current clients: 100, select: 10
| current_epoch 342 |. Begin client select
SchedulerThread select( 10 clients):
75 | 10 | 17 | 90 | 76 | 25 | 93 | 37 | 2 | 38 |
-----------------------------------------------------------------Schedule complete
Client 17 trained in 0.69s (simulated: 0.00s)
Client 17 uploaded with stats: loss=0.1045, grad_norm=14.5804, exec_time=0.00s
Client 37 trained in 0.69s (simulated: 0.00s)
Client 37 uploaded with stats: loss=0.1820, grad_norm=22.7139, exec_time=0.00s
Client 93 trained in 0.77s (simulated: 0.00s)
Client 93 uploaded with stats: loss=0.1283, grad_norm=17.4032, exec_time=0.00s
Client 38 trained in 0.88s (simulated: 0.00s)
Client 38 uploaded with stats: loss=0.3056, grad_norm=20.9369, exec_time=0.00s
Client 25 trained in 0.93s (simulated: 0.00s)
Client 25 uploaded with stats: loss=0.2271, grad_norm=21.6004, exec_time=0.00s
Client 90 trained in 1.03s (simulated: 0.00s)
Client 90 uploaded with stats: loss=0.1242, grad_norm=11.8568, exec_time=0.00s
Client 75 trained in 1.08s (simulated: 0.00s)
Client 75 uploaded with stats: loss=0.4183, grad_norm=36.3203, exec_time=0.00s
Client 76 trained in 1.11s (simulated: 0.00s)
Client 76 uploaded with stats: loss=0.0773, grad_norm=15.5712, exec_time=0.00s
Client 10 trained in 1.12s (simulated: 0.00s)
Client 10 uploaded with stats: loss=0.2295, grad_norm=11.4841, exec_time=0.00s
Client 2 trained in 1.16s (simulated: 0.00s)
Client 2 uploaded with stats: loss=0.1133, grad_norm=12.1074, exec_time=0.00s
Epoch(t): 342 accuracy: 79.6 loss 0.5478637292981148 run_time: 555.8711819648743
Current clients: 100, select: 10
| current_epoch 343 |. Begin client select
SchedulerThread select( 10 clients):
39 | 25 | 77 | 55 | 93 | 38 | 76 | 49 | 78 | 52 |
-----------------------------------------------------------------Schedule complete
Client 93 trained in 0.59s (simulated: 0.00s)
Client 93 uploaded with stats: loss=0.1234, grad_norm=16.9341, exec_time=0.00s
Client 25 trained in 0.64s (simulated: 0.00s)
Client 25 uploaded with stats: loss=0.2025, grad_norm=18.0165, exec_time=0.00s
Client 38 trained in 0.60s (simulated: 0.00s)
Client 38 uploaded with stats: loss=0.3122, grad_norm=23.8060, exec_time=0.00s
Client 77 trained in 0.67s (simulated: 0.00s)
Client 77 uploaded with stats: loss=0.2646, grad_norm=24.3475, exec_time=0.00s
Client 55 trained in 0.74s (simulated: 0.00s)
Client 55 uploaded with stats: loss=0.1832, grad_norm=17.1575, exec_time=0.00s
Client 39 trained in 0.91s (simulated: 0.00s)
Client 39 uploaded with stats: loss=0.4956, grad_norm=36.1018, exec_time=0.00s
Client 52 trained in 0.97s (simulated: 0.00s)
Client 52 uploaded with stats: loss=0.2424, grad_norm=15.3181, exec_time=0.00s
Client 76 trained in 0.98s (simulated: 0.00s)
Client 76 uploaded with stats: loss=0.0688, grad_norm=11.3033, exec_time=0.00s
Client 78 trained in 0.98s (simulated: 0.00s)
Client 78 uploaded with stats: loss=0.2316, grad_norm=18.8945, exec_time=0.00s
Client 49 trained in 1.02s (simulated: 0.00s)
Client 49 uploaded with stats: loss=0.1933, grad_norm=9.9399, exec_time=0.00s
Epoch(t): 343 accuracy: 76.82 loss 0.5966761285066604 run_time: 557.4768996238708
Current clients: 100, select: 10
| current_epoch 344 |. Begin client select
SchedulerThread select( 10 clients):
78 | 35 | 25 | 93 | 77 | 99 | 27 | 44 | 2 | 38 |
-----------------------------------------------------------------Schedule complete
Client 27 trained in 0.55s (simulated: 0.00s)
Client 27 uploaded with stats: loss=0.3646, grad_norm=33.8181, exec_time=0.00s
Client 77 trained in 0.63s (simulated: 0.00s)
Client 77 uploaded with stats: loss=0.2670, grad_norm=26.8248, exec_time=0.00s
Client 93 trained in 0.77s (simulated: 0.00s)
Client 93 uploaded with stats: loss=0.1217, grad_norm=15.1244, exec_time=0.00s
Client 38 trained in 0.83s (simulated: 0.00s)
Client 38 uploaded with stats: loss=0.3221, grad_norm=26.7203, exec_time=0.00s
Client 25 trained in 0.94s (simulated: 0.00s)
Client 25 uploaded with stats: loss=0.2275, grad_norm=22.7273, exec_time=0.00s
Client 35 trained in 1.10s (simulated: 0.00s)
Client 35 uploaded with stats: loss=0.1731, grad_norm=15.8340, exec_time=0.00s
Client 78 trained in 1.11s (simulated: 0.00s)
Client 78 uploaded with stats: loss=0.2213, grad_norm=19.9063, exec_time=0.00s
Client 99 trained in 1.15s (simulated: 0.00s)
Client 99 uploaded with stats: loss=0.4577, grad_norm=30.4033, exec_time=0.00s
Client 44 trained in 1.27s (simulated: 0.00s)
Client 44 uploaded with stats: loss=0.0477, grad_norm=10.0805, exec_time=0.00s
Client 2 trained in 1.31s (simulated: 0.00s)
Client 2 uploaded with stats: loss=0.1149, grad_norm=13.7014, exec_time=0.00s
Epoch(t): 344 accuracy: 81.49 loss 0.4859805303812027 run_time: 559.3709387779236
Current clients: 100, select: 10
| current_epoch 345 |. Begin client select
SchedulerThread select( 10 clients):
76 | 47 | 80 | 35 | 95 | 93 | 1 | 17 | 78 | 69 |
-----------------------------------------------------------------Schedule complete
Client 35 trained in 0.43s (simulated: 0.00s)
Client 35 uploaded with stats: loss=0.1644, grad_norm=13.1103, exec_time=0.00s
Client 47 trained in 0.48s (simulated: 0.00s)
Client 47 uploaded with stats: loss=0.2558, grad_norm=29.6934, exec_time=0.00s
Client 93 trained in 0.69s (simulated: 0.00s)
Client 93 uploaded with stats: loss=0.1239, grad_norm=17.4565, exec_time=0.00s
Client 76 trained in 0.70s (simulated: 0.00s)
Client 76 uploaded with stats: loss=0.0689, grad_norm=10.5950, exec_time=0.00s
Client 17 trained in 0.80s (simulated: 0.00s)
Client 17 uploaded with stats: loss=0.1054, grad_norm=14.9318, exec_time=0.00s
Client 78 trained in 0.82s (simulated: 0.00s)
Client 78 uploaded with stats: loss=0.2035, grad_norm=15.0190, exec_time=0.00s
Client 69 trained in 0.95s (simulated: 0.00s)
Client 69 uploaded with stats: loss=0.4135, grad_norm=22.8697, exec_time=0.00s
Client 95 trained in 0.97s (simulated: 0.00s)
Client 95 uploaded with stats: loss=0.0888, grad_norm=9.8542, exec_time=0.00s
Client 1 trained in 1.05s (simulated: 0.00s)
Client 1 uploaded with stats: loss=0.1518, grad_norm=11.8966, exec_time=0.00s
Client 80 trained in 1.08s (simulated: 0.00s)
Client 80 uploaded with stats: loss=0.1486, grad_norm=10.0474, exec_time=0.00s
Epoch(t): 345 accuracy: 82.81 loss 0.4616838079690933 run_time: 561.1999654769897
Current clients: 100, select: 10
| current_epoch 346 |. Begin client select
SchedulerThread select( 10 clients):
60 | 37 | 1 | 70 | 27 | 90 | 23 | 53 | 93 | 20 |
-----------------------------------------------------------------Schedule complete
Client 37 trained in 0.60s (simulated: 0.00s)
Client 37 uploaded with stats: loss=0.1733, grad_norm=20.7822, exec_time=0.00s
Client 70 trained in 0.61s (simulated: 0.00s)
Client 70 uploaded with stats: loss=0.1924, grad_norm=16.4409, exec_time=0.00s
Client 27 trained in 0.67s (simulated: 0.00s)
Client 27 uploaded with stats: loss=0.3339, grad_norm=29.3057, exec_time=0.00s
Client 90 trained in 0.76s (simulated: 0.00s)
Client 90 uploaded with stats: loss=0.1262, grad_norm=12.9976, exec_time=0.00s
Client 93 trained in 0.78s (simulated: 0.00s)
Client 93 uploaded with stats: loss=0.1297, grad_norm=19.0027, exec_time=0.00s
Client 53 trained in 0.97s (simulated: 0.00s)
Client 53 uploaded with stats: loss=0.1559, grad_norm=12.9839, exec_time=0.00s
Client 1 trained in 1.01s (simulated: 0.00s)
Client 1 uploaded with stats: loss=0.1540, grad_norm=12.0643, exec_time=0.00s
Client 20 trained in 1.01s (simulated: 0.00s)
Client 20 uploaded with stats: loss=0.1234, grad_norm=13.2658, exec_time=0.00s
Client 60 trained in 1.02s (simulated: 0.00s)
Client 60 uploaded with stats: loss=0.1006, grad_norm=11.1795, exec_time=0.00s
Client 23 trained in 1.03s (simulated: 0.00s)
Client 23 uploaded with stats: loss=0.1572, grad_norm=9.0815, exec_time=0.00s
Epoch(t): 346 accuracy: 81.16 loss 0.5015734034776688 run_time: 562.862556219101
Current clients: 100, select: 10
| current_epoch 347 |. Begin client select
SchedulerThread select( 10 clients):
7 | 47 | 95 | 90 | 19 | 2 | 12 | 38 | 73 | 77 |
-----------------------------------------------------------------Schedule complete
Client 47 trained in 0.43s (simulated: 0.00s)
Client 47 uploaded with stats: loss=0.2206, grad_norm=20.4233, exec_time=0.00s
Client 12 trained in 0.50s (simulated: 0.00s)
Client 12 uploaded with stats: loss=0.2441, grad_norm=22.4373, exec_time=0.00s
Client 77 trained in 0.56s (simulated: 0.00s)
Client 77 uploaded with stats: loss=0.2636, grad_norm=26.2001, exec_time=0.00s
Client 38 trained in 0.63s (simulated: 0.00s)
Client 38 uploaded with stats: loss=0.3106, grad_norm=24.3861, exec_time=0.00s
Client 90 trained in 0.67s (simulated: 0.00s)
Client 90 uploaded with stats: loss=0.1183, grad_norm=12.0280, exec_time=0.00s
Client 73 trained in 0.77s (simulated: 0.00s)
Client 73 uploaded with stats: loss=0.0957, grad_norm=12.6315, exec_time=0.00s
Client 95 trained in 0.92s (simulated: 0.00s)
Client 95 uploaded with stats: loss=0.0810, grad_norm=10.3587, exec_time=0.00s
Client 7 trained in 0.95s (simulated: 0.00s)
Client 7 uploaded with stats: loss=0.1251, grad_norm=10.3151, exec_time=0.00s
Client 2 trained in 0.95s (simulated: 0.00s)
Client 2 uploaded with stats: loss=0.1106, grad_norm=11.2349, exec_time=0.00s
Client 19 trained in 0.96s (simulated: 0.00s)
Client 19 uploaded with stats: loss=0.0660, grad_norm=11.4317, exec_time=0.00s
Epoch(t): 347 accuracy: 78.12 loss 0.5774793004989625 run_time: 564.4349918365479
Current clients: 100, select: 10
| current_epoch 348 |. Begin client select
SchedulerThread select( 10 clients):
46 | 60 | 6 | 4 | 77 | 75 | 64 | 2 | 93 | 71 |
-----------------------------------------------------------------Schedule complete
Client 75 trained in 0.32s (simulated: 0.00s)
Client 75 uploaded with stats: loss=0.4279, grad_norm=41.2971, exec_time=0.00s
Client 71 trained in 0.49s (simulated: 0.00s)
Client 71 uploaded with stats: loss=0.1091, grad_norm=10.4408, exec_time=0.00s
Client 6 trained in 0.59s (simulated: 0.00s)
Client 6 uploaded with stats: loss=0.2102, grad_norm=16.3119, exec_time=0.00s
Client 93 trained in 0.65s (simulated: 0.00s)
Client 93 uploaded with stats: loss=0.1195, grad_norm=15.8136, exec_time=0.00s
Client 60 trained in 0.67s (simulated: 0.00s)
Client 60 uploaded with stats: loss=0.1028, grad_norm=13.2021, exec_time=0.00s
Client 4 trained in 0.78s (simulated: 0.00s)
Client 4 uploaded with stats: loss=0.1980, grad_norm=13.1672, exec_time=0.00s
Client 77 trained in 0.77s (simulated: 0.00s)
Client 77 uploaded with stats: loss=0.2669, grad_norm=26.1481, exec_time=0.00s
Client 2 trained in 0.80s (simulated: 0.00s)
Client 2 uploaded with stats: loss=0.1107, grad_norm=12.9785, exec_time=0.00s
Client 64 trained in 0.82s (simulated: 0.00s)
Client 64 uploaded with stats: loss=0.2230, grad_norm=25.3945, exec_time=0.00s
Client 46 trained in 0.84s (simulated: 0.00s)
Client 46 uploaded with stats: loss=0.1786, grad_norm=24.4496, exec_time=0.00s
Epoch(t): 348 accuracy: 79.52 loss 0.5344893142580986 run_time: 565.8691790103912
Current clients: 100, select: 10
| current_epoch 349 |. Begin client select
SchedulerThread select( 10 clients):
66 | 78 | 97 | 10 | 79 | 5 | 71 | 12 | 2 | 69 |
-----------------------------------------------------------------Schedule complete
Client 78 trained in 0.28s (simulated: 0.00s)
Client 78 uploaded with stats: loss=0.2345, grad_norm=19.6883, exec_time=0.00s
Client 5 trained in 0.40s (simulated: 0.00s)
Client 5 uploaded with stats: loss=0.2329, grad_norm=24.0081, exec_time=0.00s
Client 71 trained in 0.49s (simulated: 0.00s)
Client 71 uploaded with stats: loss=0.1030, grad_norm=10.1052, exec_time=0.00s
Client 69 trained in 0.56s (simulated: 0.00s)
Client 69 uploaded with stats: loss=0.4063, grad_norm=20.3949, exec_time=0.00s
Client 12 trained in 0.64s (simulated: 0.00s)
Client 12 uploaded with stats: loss=0.2633, grad_norm=26.8765, exec_time=0.00s
Client 2 trained in 0.67s (simulated: 0.00s)
Client 2 uploaded with stats: loss=0.1131, grad_norm=13.6183, exec_time=0.00s
Client 97 trained in 0.68s (simulated: 0.00s)
Client 97 uploaded with stats: loss=0.1720, grad_norm=12.1718, exec_time=0.00s
Client 79 trained in 0.70s (simulated: 0.00s)
Client 79 uploaded with stats: loss=0.0911, grad_norm=10.2500, exec_time=0.00s
Client 10 trained in 0.72s (simulated: 0.00s)
Client 10 uploaded with stats: loss=0.2614, grad_norm=15.9743, exec_time=0.00s
Client 66 trained in 0.71s (simulated: 0.00s)
Client 66 uploaded with stats: loss=0.1198, grad_norm=27.4437, exec_time=0.00s
Epoch(t): 349 accuracy: 83.1 loss 0.4521261700987816 run_time: 567.1077213287354
Current clients: 100, select: 10
| current_epoch 350 |. Begin client select
SchedulerThread select( 10 clients):
67 | 75 | 35 | 93 | 78 | 77 | 26 | 47 | 12 | 44 |
-----------------------------------------------------------------Schedule complete
Client 12 trained in 0.70s (simulated: 0.00s)
Client 12 uploaded with stats: loss=0.2414, grad_norm=22.3731, exec_time=0.00s
Client 77 trained in 0.81s (simulated: 0.00s)
Client 77 uploaded with stats: loss=0.2624, grad_norm=25.3204, exec_time=0.00s
Client 26 trained in 0.83s (simulated: 0.00s)
Client 26 uploaded with stats: loss=0.1218, grad_norm=14.6406, exec_time=0.00s
Client 35 trained in 0.88s (simulated: 0.00s)
Client 35 uploaded with stats: loss=0.1619, grad_norm=12.6185, exec_time=0.00s
Client 93 trained in 0.90s (simulated: 0.00s)
Client 93 uploaded with stats: loss=0.1246, grad_norm=17.6800, exec_time=0.00s
Client 47 trained in 1.03s (simulated: 0.00s)
Client 47 uploaded with stats: loss=0.2290, grad_norm=23.0342, exec_time=0.00s
Client 78 trained in 1.09s (simulated: 0.00s)
Client 78 uploaded with stats: loss=0.2015, grad_norm=13.6861, exec_time=0.00s
Client 75 trained in 1.12s (simulated: 0.00s)
Client 75 uploaded with stats: loss=0.3252, grad_norm=23.7487, exec_time=0.00s
Client 67 trained in 1.22s (simulated: 0.00s)
Client 67 uploaded with stats: loss=0.0907, grad_norm=8.1692, exec_time=0.00s
Client 44 trained in 1.22s (simulated: 0.00s)
Client 44 uploaded with stats: loss=0.0359, grad_norm=6.4129, exec_time=0.00s
Epoch(t): 350 accuracy: 81.84 loss 0.4907254898548126 run_time: 569.0129499435425
Current clients: 100, select: 10
| current_epoch 351 |. Begin client select
SchedulerThread select( 10 clients):
80 | 55 | 73 | 5 | 77 | 43 | 38 | 83 | 12 | 53 |
-----------------------------------------------------------------Schedule complete
Client 38 trained in 0.61s (simulated: 0.00s)
Client 38 uploaded with stats: loss=0.3071, grad_norm=22.5587, exec_time=0.00s
Client 12 trained in 0.62s (simulated: 0.00s)
Client 12 uploaded with stats: loss=0.2396, grad_norm=23.1640, exec_time=0.00s
Client 5 trained in 0.67s (simulated: 0.00s)
Client 5 uploaded with stats: loss=0.2219, grad_norm=21.9684, exec_time=0.00s
Client 77 trained in 0.76s (simulated: 0.00s)
Client 77 uploaded with stats: loss=0.2634, grad_norm=26.9390, exec_time=0.00s
Client 55 trained in 0.83s (simulated: 0.00s)
Client 55 uploaded with stats: loss=0.1692, grad_norm=16.1656, exec_time=0.00s
Client 53 trained in 0.95s (simulated: 0.00s)
Client 53 uploaded with stats: loss=0.1518, grad_norm=11.8885, exec_time=0.00s
Client 73 trained in 1.08s (simulated: 0.00s)
Client 73 uploaded with stats: loss=0.0954, grad_norm=12.6845, exec_time=0.00s
Client 80 trained in 1.08s (simulated: 0.00s)
Client 80 uploaded with stats: loss=0.1541, grad_norm=11.2107, exec_time=0.00s
Client 43 trained in 1.15s (simulated: 0.00s)
Client 43 uploaded with stats: loss=0.1205, grad_norm=16.3659, exec_time=0.00s
Client 83 trained in 1.18s (simulated: 0.00s)
Client 83 uploaded with stats: loss=0.1026, grad_norm=21.8689, exec_time=0.00s
Epoch(t): 351 accuracy: 81.05 loss 0.4920393043756485 run_time: 570.7831718921661
Current clients: 100, select: 10
| current_epoch 352 |. Begin client select
SchedulerThread select( 10 clients):
64 | 8 | 71 | 67 | 86 | 36 | 23 | 84 | 96 | 45 |
-----------------------------------------------------------------Schedule complete
Client 36 trained in 0.34s (simulated: 0.00s)
Client 36 uploaded with stats: loss=0.0854, grad_norm=16.4321, exec_time=0.00s
Client 71 trained in 0.39s (simulated: 0.00s)
Client 71 uploaded with stats: loss=0.0974, grad_norm=8.8017, exec_time=0.00s
Client 84 trained in 0.47s (simulated: 0.00s)
Client 84 uploaded with stats: loss=0.0856, grad_norm=10.6688, exec_time=0.00s
Client 86 trained in 0.52s (simulated: 0.00s)
Client 86 uploaded with stats: loss=0.4250, grad_norm=37.2130, exec_time=0.00s
Client 8 trained in 0.59s (simulated: 0.00s)
Client 8 uploaded with stats: loss=0.0488, grad_norm=14.8371, exec_time=0.00s
Client 64 trained in 0.68s (simulated: 0.00s)
Client 64 uploaded with stats: loss=0.2747, grad_norm=30.5613, exec_time=0.00s
Client 96 trained in 0.69s (simulated: 0.00s)
Client 96 uploaded with stats: loss=0.0450, grad_norm=6.7320, exec_time=0.00s
Client 45 trained in 0.75s (simulated: 0.00s)
Client 45 uploaded with stats: loss=0.1958, grad_norm=12.5781, exec_time=0.00s
Client 67 trained in 0.77s (simulated: 0.00s)
Client 67 uploaded with stats: loss=0.0907, grad_norm=9.8563, exec_time=0.00s
Client 23 trained in 0.80s (simulated: 0.00s)
Client 23 uploaded with stats: loss=0.1640, grad_norm=8.8827, exec_time=0.00s
Epoch(t): 352 accuracy: 84.65 loss 0.41819667190313337 run_time: 572.1633388996124
Current clients: 100, select: 10
| current_epoch 353 |. Begin client select
SchedulerThread select( 10 clients):
19 | 12 | 37 | 6 | 77 | 31 | 25 | 95 | 86 | 5 |
-----------------------------------------------------------------Schedule complete
Client 77 trained in 0.62s (simulated: 0.00s)
Client 77 uploaded with stats: loss=0.2715, grad_norm=28.6856, exec_time=0.00s
Client 25 trained in 0.67s (simulated: 0.00s)
Client 25 uploaded with stats: loss=0.2231, grad_norm=20.4947, exec_time=0.00s
Client 37 trained in 0.67s (simulated: 0.00s)
Client 37 uploaded with stats: loss=0.1755, grad_norm=21.6605, exec_time=0.00s
Client 12 trained in 0.72s (simulated: 0.00s)
Client 12 uploaded with stats: loss=0.2426, grad_norm=22.6555, exec_time=0.00s
Client 5 trained in 0.88s (simulated: 0.00s)
Client 5 uploaded with stats: loss=0.2193, grad_norm=20.9574, exec_time=0.00s
Client 95 trained in 1.00s (simulated: 0.00s)
Client 95 uploaded with stats: loss=0.0778, grad_norm=8.3855, exec_time=0.00s
Client 86 trained in 1.00s (simulated: 0.00s)
Client 86 uploaded with stats: loss=0.2257, grad_norm=14.2278, exec_time=0.00s
Client 6 trained in 1.02s (simulated: 0.00s)
Client 6 uploaded with stats: loss=0.2022, grad_norm=14.1995, exec_time=0.00s
Client 31 trained in 1.17s (simulated: 0.00s)
Client 31 uploaded with stats: loss=0.0560, grad_norm=7.6879, exec_time=0.00s
Client 19 trained in 1.18s (simulated: 0.00s)
Client 19 uploaded with stats: loss=0.0716, grad_norm=11.2758, exec_time=0.00s
Epoch(t): 353 accuracy: 69.84 loss 0.8529776674509049 run_time: 573.922553062439
Current clients: 100, select: 10
| current_epoch 354 |. Begin client select
SchedulerThread select( 10 clients):
5 | 75 | 17 | 77 | 53 | 43 | 16 | 70 | 60 | 48 |
-----------------------------------------------------------------Schedule complete
Client 70 trained in 0.56s (simulated: 0.00s)
Client 70 uploaded with stats: loss=0.2161, grad_norm=26.7291, exec_time=0.00s
Client 5 trained in 0.61s (simulated: 0.00s)
Client 5 uploaded with stats: loss=0.2431, grad_norm=26.5743, exec_time=0.00s
Client 16 trained in 0.73s (simulated: 0.00s)
Client 16 uploaded with stats: loss=0.2655, grad_norm=16.5232, exec_time=0.00s
Client 17 trained in 0.81s (simulated: 0.00s)
Client 17 uploaded with stats: loss=0.1108, grad_norm=17.7444, exec_time=0.00s
Client 77 trained in 0.80s (simulated: 0.00s)
Client 77 uploaded with stats: loss=0.2595, grad_norm=26.3612, exec_time=0.00s
Client 75 trained in 0.82s (simulated: 0.00s)
Client 75 uploaded with stats: loss=0.4049, grad_norm=36.5760, exec_time=0.00s
Client 53 trained in 0.95s (simulated: 0.00s)
Client 53 uploaded with stats: loss=0.1486, grad_norm=12.7428, exec_time=0.00s
Client 60 trained in 1.00s (simulated: 0.00s)
Client 60 uploaded with stats: loss=0.1320, grad_norm=17.8178, exec_time=0.00s
Client 48 trained in 1.01s (simulated: 0.00s)
Client 48 uploaded with stats: loss=0.2790, grad_norm=15.9693, exec_time=0.00s
Client 43 trained in 1.05s (simulated: 0.00s)
Client 43 uploaded with stats: loss=0.1407, grad_norm=19.2941, exec_time=0.00s
Epoch(t): 354 accuracy: 81.91 loss 0.48647322714328767 run_time: 575.539204120636
Current clients: 100, select: 10
| current_epoch 355 |. Begin client select
SchedulerThread select( 10 clients):
43 | 38 | 95 | 84 | 79 | 67 | 17 | 77 | 2 | 93 |
-----------------------------------------------------------------Schedule complete
Client 93 trained in 0.70s (simulated: 0.00s)
Client 93 uploaded with stats: loss=0.1249, grad_norm=16.8967, exec_time=0.00s
Client 77 trained in 0.73s (simulated: 0.00s)
Client 77 uploaded with stats: loss=0.2594, grad_norm=26.3091, exec_time=0.00s
Client 38 trained in 0.75s (simulated: 0.00s)
Client 38 uploaded with stats: loss=0.3114, grad_norm=23.5717, exec_time=0.00s
Client 17 trained in 0.79s (simulated: 0.00s)
Client 17 uploaded with stats: loss=0.0984, grad_norm=13.7805, exec_time=0.00s
Client 84 trained in 0.90s (simulated: 0.00s)
Client 84 uploaded with stats: loss=0.0825, grad_norm=10.3245, exec_time=0.00s
Client 95 trained in 1.03s (simulated: 0.00s)
Client 95 uploaded with stats: loss=0.0806, grad_norm=9.6242, exec_time=0.00s
Client 43 trained in 1.06s (simulated: 0.00s)
Client 43 uploaded with stats: loss=0.1016, grad_norm=11.7173, exec_time=0.00s
Client 2 trained in 1.10s (simulated: 0.00s)
Client 2 uploaded with stats: loss=0.1166, grad_norm=15.3349, exec_time=0.00s
Client 79 trained in 1.15s (simulated: 0.00s)
Client 79 uploaded with stats: loss=0.0895, grad_norm=10.2039, exec_time=0.00s
Client 67 trained in 1.17s (simulated: 0.00s)
Client 67 uploaded with stats: loss=0.0925, grad_norm=9.0852, exec_time=0.00s
Epoch(t): 355 accuracy: 81.47 loss 0.49876863449811937 run_time: 577.3698847293854
Current clients: 100, select: 10
| current_epoch 356 |. Begin client select
SchedulerThread select( 10 clients):
93 | 27 | 66 | 77 | 60 | 49 | 70 | 83 | 75 | 79 |
-----------------------------------------------------------------Schedule complete
Client 27 trained in 0.66s (simulated: 0.00s)
Client 27 uploaded with stats: loss=0.3391, grad_norm=30.8262, exec_time=0.00s
Client 70 trained in 0.71s (simulated: 0.00s)
Client 70 uploaded with stats: loss=0.1827, grad_norm=15.4270, exec_time=0.00s
Client 75 trained in 0.71s (simulated: 0.00s)
Client 75 uploaded with stats: loss=0.3661, grad_norm=28.1845, exec_time=0.00s
Client 93 trained in 0.77s (simulated: 0.00s)
Client 93 uploaded with stats: loss=0.1216, grad_norm=16.3648, exec_time=0.00s
Client 77 trained in 0.80s (simulated: 0.00s)
Client 77 uploaded with stats: loss=0.2723, grad_norm=29.5935, exec_time=0.00s
Client 60 trained in 0.90s (simulated: 0.00s)
Client 60 uploaded with stats: loss=0.0937, grad_norm=8.8424, exec_time=0.00s
Client 83 trained in 0.95s (simulated: 0.00s)
Client 83 uploaded with stats: loss=0.0993, grad_norm=18.8064, exec_time=0.00s
Client 49 trained in 0.96s (simulated: 0.00s)
Client 49 uploaded with stats: loss=0.1865, grad_norm=9.9080, exec_time=0.00s
Client 79 trained in 0.97s (simulated: 0.00s)
Client 79 uploaded with stats: loss=0.1024, grad_norm=12.6034, exec_time=0.00s
Client 66 trained in 1.01s (simulated: 0.00s)
Client 66 uploaded with stats: loss=0.1011, grad_norm=22.7997, exec_time=0.00s
Epoch(t): 356 accuracy: 83.23 loss 0.4663120338320732 run_time: 579.0133752822876
Current clients: 100, select: 10
| current_epoch 357 |. Begin client select
SchedulerThread select( 10 clients):
90 | 27 | 35 | 96 | 69 | 77 | 6 | 25 | 70 | 78 |
-----------------------------------------------------------------Schedule complete
Client 70 trained in 0.57s (simulated: 0.00s)
Client 70 uploaded with stats: loss=0.1859, grad_norm=17.0978, exec_time=0.00s
Client 25 trained in 0.59s (simulated: 0.00s)
Client 25 uploaded with stats: loss=0.2314, grad_norm=23.5849, exec_time=0.00s
Client 27 trained in 0.62s (simulated: 0.00s)
Client 27 uploaded with stats: loss=0.3524, grad_norm=33.1553, exec_time=0.00s
Client 77 trained in 0.83s (simulated: 0.00s)
Client 77 uploaded with stats: loss=0.2633, grad_norm=27.2790, exec_time=0.00s
Client 35 trained in 0.83s (simulated: 0.00s)
Client 35 uploaded with stats: loss=0.1618, grad_norm=13.7006, exec_time=0.00s
Client 90 trained in 0.93s (simulated: 0.00s)
Client 90 uploaded with stats: loss=0.1183, grad_norm=12.1654, exec_time=0.00s
Client 78 trained in 0.96s (simulated: 0.00s)
Client 78 uploaded with stats: loss=0.2030, grad_norm=13.3861, exec_time=0.00s
Client 69 trained in 1.06s (simulated: 0.00s)
Client 69 uploaded with stats: loss=0.4013, grad_norm=19.1850, exec_time=0.00s
Client 6 trained in 1.15s (simulated: 0.00s)
Client 6 uploaded with stats: loss=0.2172, grad_norm=16.4882, exec_time=0.00s
Client 96 trained in 1.16s (simulated: 0.00s)
Client 96 uploaded with stats: loss=0.0577, grad_norm=8.9875, exec_time=0.00s
Epoch(t): 357 accuracy: 81.52 loss 0.4881574159860611 run_time: 580.804755449295
Current clients: 100, select: 10
| current_epoch 358 |. Begin client select
SchedulerThread select( 10 clients):
5 | 3 | 27 | 96 | 52 | 83 | 45 | 17 | 44 | 26 |
-----------------------------------------------------------------Schedule complete
Client 5 trained in 0.54s (simulated: 0.00s)
Client 5 uploaded with stats: loss=0.2174, grad_norm=19.7073, exec_time=0.00s
Client 27 trained in 0.60s (simulated: 0.00s)
Client 27 uploaded with stats: loss=0.3183, grad_norm=27.9255, exec_time=0.00s
Client 44 trained in 0.72s (simulated: 0.00s)
Client 44 uploaded with stats: loss=0.0387, grad_norm=7.1260, exec_time=0.00s
Client 17 trained in 0.77s (simulated: 0.00s)
Client 17 uploaded with stats: loss=0.1012, grad_norm=13.7611, exec_time=0.00s
Client 83 trained in 0.87s (simulated: 0.00s)
Client 83 uploaded with stats: loss=0.1022, grad_norm=19.4429, exec_time=0.00s
Client 26 trained in 0.87s (simulated: 0.00s)
Client 26 uploaded with stats: loss=0.1224, grad_norm=15.9436, exec_time=0.00s
Client 52 trained in 0.91s (simulated: 0.00s)
Client 52 uploaded with stats: loss=0.2661, grad_norm=19.0942, exec_time=0.00s
Client 45 trained in 1.03s (simulated: 0.00s)
Client 45 uploaded with stats: loss=0.1805, grad_norm=10.6033, exec_time=0.00s
Client 96 trained in 1.05s (simulated: 0.00s)
Client 96 uploaded with stats: loss=0.0482, grad_norm=6.9481, exec_time=0.00s
Client 3 trained in 1.06s (simulated: 0.00s)
Client 3 uploaded with stats: loss=0.1743, grad_norm=20.1887, exec_time=0.00s
Epoch(t): 358 accuracy: 81.65 loss 0.49047240942716597 run_time: 582.4615397453308
Current clients: 100, select: 10
| current_epoch 359 |. Begin client select
SchedulerThread select( 10 clients):
96 | 23 | 77 | 75 | 48 | 27 | 93 | 80 | 5 | 53 |
-----------------------------------------------------------------Schedule complete
Client 27 trained in 0.56s (simulated: 0.00s)
Client 27 uploaded with stats: loss=0.3174, grad_norm=28.0784, exec_time=0.00s
Client 77 trained in 0.64s (simulated: 0.00s)
Client 77 uploaded with stats: loss=0.2634, grad_norm=27.7510, exec_time=0.00s
Client 93 trained in 0.67s (simulated: 0.00s)
Client 93 uploaded with stats: loss=0.1286, grad_norm=17.2666, exec_time=0.00s
Client 5 trained in 0.71s (simulated: 0.00s)
Client 5 uploaded with stats: loss=0.2163, grad_norm=19.4913, exec_time=0.00s
Client 75 trained in 0.84s (simulated: 0.00s)
Client 75 uploaded with stats: loss=0.3286, grad_norm=25.4996, exec_time=0.00s
Client 53 trained in 0.97s (simulated: 0.00s)
Client 53 uploaded with stats: loss=0.1603, grad_norm=13.4765, exec_time=0.00s
Client 80 trained in 1.02s (simulated: 0.00s)
Client 80 uploaded with stats: loss=0.1560, grad_norm=12.8793, exec_time=0.00s
Client 48 trained in 1.06s (simulated: 0.00s)
Client 48 uploaded with stats: loss=0.2741, grad_norm=14.7262, exec_time=0.00s
Client 23 trained in 1.08s (simulated: 0.00s)
Client 23 uploaded with stats: loss=0.1807, grad_norm=12.6339, exec_time=0.00s
Client 96 trained in 1.08s (simulated: 0.00s)
Client 96 uploaded with stats: loss=0.0488, grad_norm=8.1818, exec_time=0.00s
Epoch(t): 359 accuracy: 79.8 loss 0.52954918384552 run_time: 584.1635248661041
Current clients: 100, select: 10
| current_epoch 360 |. Begin client select
SchedulerThread select( 10 clients):
55 | 73 | 53 | 26 | 86 | 79 | 43 | 50 | 77 | 78 |
-----------------------------------------------------------------Schedule complete
Client 78 trained in 0.50s (simulated: 0.00s)
Client 78 uploaded with stats: loss=0.2313, grad_norm=21.0213, exec_time=0.00s
Client 55 trained in 0.53s (simulated: 0.00s)
Client 55 uploaded with stats: loss=0.1835, grad_norm=19.0875, exec_time=0.00s
Client 53 trained in 0.70s (simulated: 0.00s)
Client 53 uploaded with stats: loss=0.1606, grad_norm=14.5014, exec_time=0.00s
Client 77 trained in 0.83s (simulated: 0.00s)
Client 77 uploaded with stats: loss=0.2543, grad_norm=25.6323, exec_time=0.00s
Client 26 trained in 0.85s (simulated: 0.00s)
Client 26 uploaded with stats: loss=0.1171, grad_norm=15.5293, exec_time=0.00s
Client 73 trained in 0.96s (simulated: 0.00s)
Client 73 uploaded with stats: loss=0.0946, grad_norm=12.7123, exec_time=0.00s
Client 50 trained in 1.12s (simulated: 0.00s)
Client 50 uploaded with stats: loss=0.2072, grad_norm=22.4826, exec_time=0.00s
Client 79 trained in 1.14s (simulated: 0.00s)
Client 79 uploaded with stats: loss=0.1042, grad_norm=12.7037, exec_time=0.00s
Client 43 trained in 1.17s (simulated: 0.00s)
Client 43 uploaded with stats: loss=0.1048, grad_norm=12.2848, exec_time=0.00s
Client 86 trained in 1.20s (simulated: 0.00s)
Client 86 uploaded with stats: loss=0.7021, grad_norm=52.7366, exec_time=0.00s
Epoch(t): 360 accuracy: 83.99 loss 0.44320285379886626 run_time: 585.954580783844
Current clients: 100, select: 10
| current_epoch 361 |. Begin client select
SchedulerThread select( 10 clients):
26 | 63 | 12 | 99 | 80 | 31 | 50 | 46 | 38 | 53 |
-----------------------------------------------------------------Schedule complete
Client 53 trained in 0.57s (simulated: 0.00s)
Client 53 uploaded with stats: loss=0.1450, grad_norm=11.7072, exec_time=0.00s
Client 12 trained in 0.66s (simulated: 0.00s)
Client 12 uploaded with stats: loss=0.2503, grad_norm=24.0089, exec_time=0.00s
Client 38 trained in 0.69s (simulated: 0.00s)
Client 38 uploaded with stats: loss=0.3071, grad_norm=23.5343, exec_time=0.00s
Client 99 trained in 0.70s (simulated: 0.00s)
Client 99 uploaded with stats: loss=0.3865, grad_norm=24.1162, exec_time=0.00s
Client 26 trained in 0.84s (simulated: 0.00s)
Client 26 uploaded with stats: loss=0.1166, grad_norm=15.0048, exec_time=0.00s
Client 50 trained in 0.97s (simulated: 0.00s)
Client 50 uploaded with stats: loss=0.1677, grad_norm=13.3563, exec_time=0.00s
Client 80 trained in 0.99s (simulated: 0.00s)
Client 80 uploaded with stats: loss=0.1527, grad_norm=12.3601, exec_time=0.00s
Client 46 trained in 1.05s (simulated: 0.00s)
Client 46 uploaded with stats: loss=0.1400, grad_norm=18.3345, exec_time=0.00s
Client 63 trained in 1.04s (simulated: 0.00s)
Client 63 uploaded with stats: loss=0.1114, grad_norm=7.8409, exec_time=0.00s
Client 31 trained in 1.07s (simulated: 0.00s)
Client 31 uploaded with stats: loss=0.0496, grad_norm=7.3279, exec_time=0.00s
Epoch(t): 361 accuracy: 81.01 loss 0.508633382320404 run_time: 587.6455585956573
Current clients: 100, select: 10
| current_epoch 362 |. Begin client select
SchedulerThread select( 10 clients):
38 | 93 | 49 | 45 | 12 | 6 | 39 | 25 | 10 | 43 |
-----------------------------------------------------------------Schedule complete
Client 12 trained in 0.58s (simulated: 0.00s)
Client 12 uploaded with stats: loss=0.2364, grad_norm=21.7439, exec_time=0.00s
Client 93 trained in 0.60s (simulated: 0.00s)
Client 93 uploaded with stats: loss=0.1300, grad_norm=18.8707, exec_time=0.00s
Client 38 trained in 0.61s (simulated: 0.00s)
Client 38 uploaded with stats: loss=0.2958, grad_norm=22.1861, exec_time=0.00s
Client 25 trained in 0.63s (simulated: 0.00s)
Client 25 uploaded with stats: loss=0.2177, grad_norm=19.5744, exec_time=0.00s
Client 6 trained in 0.76s (simulated: 0.00s)
Client 6 uploaded with stats: loss=0.2155, grad_norm=16.2160, exec_time=0.00s
Client 45 trained in 0.89s (simulated: 0.00s)
Client 45 uploaded with stats: loss=0.1871, grad_norm=12.0479, exec_time=0.00s
Client 10 trained in 0.90s (simulated: 0.00s)
Client 10 uploaded with stats: loss=0.2369, grad_norm=15.0832, exec_time=0.00s
Client 39 trained in 0.92s (simulated: 0.00s)
Client 39 uploaded with stats: loss=0.4313, grad_norm=26.2758, exec_time=0.00s
Client 43 trained in 0.92s (simulated: 0.00s)
Client 43 uploaded with stats: loss=0.1217, grad_norm=18.3195, exec_time=0.00s
Client 49 trained in 0.95s (simulated: 0.00s)
Client 49 uploaded with stats: loss=0.2405, grad_norm=15.5644, exec_time=0.00s
Epoch(t): 362 accuracy: 77.23 loss 0.6307676926255226 run_time: 589.2866473197937
Current clients: 100, select: 10
| current_epoch 363 |. Begin client select
SchedulerThread select( 10 clients):
26 | 5 | 55 | 19 | 63 | 12 | 7 | 38 | 35 | 86 |
-----------------------------------------------------------------Schedule complete
Client 35 trained in 0.65s (simulated: 0.00s)
Client 35 uploaded with stats: loss=0.1732, grad_norm=17.0058, exec_time=0.00s
Client 12 trained in 0.68s (simulated: 0.00s)
Client 12 uploaded with stats: loss=0.2281, grad_norm=19.3481, exec_time=0.00s
Client 38 trained in 0.70s (simulated: 0.00s)
Client 38 uploaded with stats: loss=0.3033, grad_norm=23.8671, exec_time=0.00s
Client 5 trained in 0.82s (simulated: 0.00s)
Client 5 uploaded with stats: loss=0.2949, grad_norm=36.9454, exec_time=0.00s
Client 26 trained in 0.92s (simulated: 0.00s)
Client 26 uploaded with stats: loss=0.1266, grad_norm=18.8506, exec_time=0.00s
Client 86 trained in 0.94s (simulated: 0.00s)
Client 86 uploaded with stats: loss=0.2256, grad_norm=13.1525, exec_time=0.00s
Client 55 trained in 1.00s (simulated: 0.00s)
Client 55 uploaded with stats: loss=0.1740, grad_norm=14.8889, exec_time=0.00s
Client 19 trained in 1.09s (simulated: 0.00s)
Client 19 uploaded with stats: loss=0.0664, grad_norm=8.6620, exec_time=0.00s
Client 7 trained in 1.08s (simulated: 0.00s)
Client 7 uploaded with stats: loss=0.1436, grad_norm=11.4057, exec_time=0.00s
Client 63 trained in 1.11s (simulated: 0.00s)
Client 63 uploaded with stats: loss=0.1333, grad_norm=12.4253, exec_time=0.00s
Epoch(t): 363 accuracy: 81.73 loss 0.4920714694261551 run_time: 590.9998760223389
Current clients: 100, select: 10
| current_epoch 364 |. Begin client select
SchedulerThread select( 10 clients):
37 | 7 | 3 | 5 | 48 | 53 | 27 | 50 | 99 | 84 |
-----------------------------------------------------------------Schedule complete
Client 5 trained in 0.51s (simulated: 0.00s)
Client 5 uploaded with stats: loss=0.2119, grad_norm=19.6273, exec_time=0.00s
Client 84 trained in 0.62s (simulated: 0.00s)
Client 84 uploaded with stats: loss=0.0813, grad_norm=9.3865, exec_time=0.00s
Client 27 trained in 0.68s (simulated: 0.00s)
Client 27 uploaded with stats: loss=0.3225, grad_norm=28.8274, exec_time=0.00s
Client 37 trained in 0.72s (simulated: 0.00s)
Client 37 uploaded with stats: loss=0.1713, grad_norm=20.0429, exec_time=0.00s
Client 53 trained in 0.73s (simulated: 0.00s)
Client 53 uploaded with stats: loss=0.1521, grad_norm=11.0960, exec_time=0.00s
Client 99 trained in 0.80s (simulated: 0.00s)
Client 48 trained in 0.85s (simulated: 0.00s)
Client 48 uploaded with stats: loss=0.2920, grad_norm=15.7363, exec_time=0.00s
Client 50 trained in 0.93s (simulated: 0.00s)
Client 50 uploaded with stats: loss=0.1794, grad_norm=16.5623, exec_time=0.00s
Client 7 trained in 0.94s (simulated: 0.00s)
Client 7 uploaded with stats: loss=0.1172, grad_norm=8.2818, exec_time=0.00s
Client 3 trained in 0.97s (simulated: 0.00s)
Client 3 uploaded with stats: loss=0.1610, grad_norm=14.5247, exec_time=0.00s
Epoch(t): 364 accuracy: 81.59 loss 0.49756476312875747 run_time: 592.618626832962
Current clients: 100, select: 10
| current_epoch 365 |. Begin client select
SchedulerThread select( 10 clients):
73 | 56 | 26 | 69 | 60 | 80 | 77 | 17 | 75 | 83 |
-----------------------------------------------------------------Schedule complete
Client 75 trained in 0.51s (simulated: 0.00s)
Client 75 uploaded with stats: loss=0.3172, grad_norm=22.9375, exec_time=0.00s
Client 77 trained in 0.58s (simulated: 0.00s)
Client 77 uploaded with stats: loss=0.2562, grad_norm=24.3326, exec_time=0.00s
Client 17 trained in 0.63s (simulated: 0.00s)
Client 17 uploaded with stats: loss=0.1057, grad_norm=14.5071, exec_time=0.00s
Client 69 trained in 0.77s (simulated: 0.00s)
Client 69 uploaded with stats: loss=0.3887, grad_norm=18.8916, exec_time=0.00s
Client 26 trained in 0.78s (simulated: 0.00s)
Client 26 uploaded with stats: loss=0.1141, grad_norm=14.6880, exec_time=0.00s
Client 73 trained in 0.80s (simulated: 0.00s)
Client 73 uploaded with stats: loss=0.0928, grad_norm=12.4059, exec_time=0.00s
Client 80 trained in 1.03s (simulated: 0.00s)
Client 80 uploaded with stats: loss=0.1521, grad_norm=11.8531, exec_time=0.00s
Client 60 trained in 1.02s (simulated: 0.00s)
Client 60 uploaded with stats: loss=0.1300, grad_norm=17.8462, exec_time=0.00s
Client 56 trained in 1.07s (simulated: 0.00s)
Client 56 uploaded with stats: loss=0.0558, grad_norm=7.9971, exec_time=0.00s
Client 83 trained in 1.09s (simulated: 0.00s)
Client 83 uploaded with stats: loss=0.0963, grad_norm=20.1566, exec_time=0.00s
Epoch(t): 365 accuracy: 81.96 loss 0.48992829769849777 run_time: 594.3025498390198
Current clients: 100, select: 10
| current_epoch 366 |. Begin client select
SchedulerThread select( 10 clients):
40 | 87 | 26 | 49 | 27 | 77 | 20 | 67 | 12 | 47 |
-----------------------------------------------------------------Schedule complete
Client 27 trained in 0.58s (simulated: 0.00s)
Client 27 uploaded with stats: loss=0.3181, grad_norm=28.2747, exec_time=0.00s
Client 77 trained in 0.76s (simulated: 0.00s)
Client 77 uploaded with stats: loss=0.2539, grad_norm=25.6517, exec_time=0.00s
Client 12 trained in 0.83s (simulated: 0.00s)
Client 12 uploaded with stats: loss=0.2494, grad_norm=25.0101, exec_time=0.00s
Client 47 trained in 0.87s (simulated: 0.00s)
Client 47 uploaded with stats: loss=0.2479, grad_norm=29.1914, exec_time=0.00s
Client 67 trained in 0.95s (simulated: 0.00s)
Client 67 uploaded with stats: loss=0.0861, grad_norm=8.9427, exec_time=0.00s
Client 40 trained in 0.93s (simulated: 0.00s)
Client 40 uploaded with stats: loss=0.1492, grad_norm=11.9239, exec_time=0.00s
Client 87 trained in 0.96s (simulated: 0.00s)
Client 87 uploaded with stats: loss=0.0794, grad_norm=18.1276, exec_time=0.00s
Client 26 trained in 1.00s (simulated: 0.00s)
Client 26 uploaded with stats: loss=0.1164, grad_norm=16.7364, exec_time=0.00s
Client 20 trained in 1.03s (simulated: 0.00s)
Client 20 uploaded with stats: loss=0.1291, grad_norm=14.4908, exec_time=0.00s
Client 49 trained in 1.03s (simulated: 0.00s)
Client 49 uploaded with stats: loss=0.1924, grad_norm=10.8201, exec_time=0.00s
Epoch(t): 366 accuracy: 83.55 loss 0.43503950625658033 run_time: 595.9522914886475
Current clients: 100, select: 10
| current_epoch 367 |. Begin client select
SchedulerThread select( 10 clients):
27 | 95 | 26 | 42 | 34 | 37 | 70 | 52 | 47 | 45 |
-----------------------------------------------------------------Schedule complete
Client 27 trained in 0.56s (simulated: 0.00s)
Client 27 uploaded with stats: loss=0.3395, grad_norm=33.0901, exec_time=0.00s
Client 70 trained in 0.57s (simulated: 0.00s)
Client 70 uploaded with stats: loss=0.1843, grad_norm=14.9450, exec_time=0.00s
Client 37 trained in 0.61s (simulated: 0.00s)
Client 37 uploaded with stats: loss=0.1692, grad_norm=20.1431, exec_time=0.00s
Client 47 trained in 0.61s (simulated: 0.00s)
Client 47 uploaded with stats: loss=0.2157, grad_norm=21.6719, exec_time=0.00s
Client 26 trained in 0.81s (simulated: 0.00s)
Client 26 uploaded with stats: loss=0.1118, grad_norm=13.9849, exec_time=0.00s
Client 95 trained in 0.83s (simulated: 0.00s)
Client 95 uploaded with stats: loss=0.0791, grad_norm=10.5917, exec_time=0.00s
Client 52 trained in 0.82s (simulated: 0.00s)
Client 52 uploaded with stats: loss=0.2419, grad_norm=14.9519, exec_time=0.00s
Client 45 trained in 0.97s (simulated: 0.00s)
Client 45 uploaded with stats: loss=0.1846, grad_norm=12.7033, exec_time=0.00s
Client 42 trained in 0.95s (simulated: 0.00s)
Client 42 uploaded with stats: loss=0.1146, grad_norm=15.0084, exec_time=0.00s
Client 34 trained in 1.01s (simulated: 0.00s)
Client 34 uploaded with stats: loss=0.0609, grad_norm=6.2613, exec_time=0.00s
Epoch(t): 367 accuracy: 84.06 loss 0.42279967308044436 run_time: 597.5631422996521
Current clients: 100, select: 10
| current_epoch 368 |. Begin client select
SchedulerThread select( 10 clients):
40 | 77 | 5 | 38 | 95 | 19 | 50 | 73 | 83 | 37 |
-----------------------------------------------------------------Schedule complete
Client 37 trained in 0.54s (simulated: 0.00s)
Client 37 uploaded with stats: loss=0.1591, grad_norm=18.1313, exec_time=0.00s
Client 77 trained in 0.60s (simulated: 0.00s)
Client 77 uploaded with stats: loss=0.2605, grad_norm=27.4101, exec_time=0.00s
Client 5 trained in 0.63s (simulated: 0.00s)
Client 5 uploaded with stats: loss=0.2197, grad_norm=21.4903, exec_time=0.00s
Client 38 trained in 0.70s (simulated: 0.00s)
Client 38 uploaded with stats: loss=0.3084, grad_norm=25.8913, exec_time=0.00s
Client 73 trained in 0.73s (simulated: 0.00s)
Client 73 uploaded with stats: loss=0.0947, grad_norm=11.9416, exec_time=0.00s
Client 95 trained in 0.83s (simulated: 0.00s)
Client 95 uploaded with stats: loss=0.0710, grad_norm=8.2140, exec_time=0.00s
Client 50 trained in 0.94s (simulated: 0.00s)
Client 50 uploaded with stats: loss=0.1747, grad_norm=14.8738, exec_time=0.00s
Client 40 trained in 0.96s (simulated: 0.00s)
Client 40 uploaded with stats: loss=0.1439, grad_norm=12.2731, exec_time=0.00s
Client 83 trained in 1.05s (simulated: 0.00s)
Client 83 uploaded with stats: loss=0.0884, grad_norm=13.5735, exec_time=0.00s
Client 19 trained in 1.07s (simulated: 0.00s)
Client 19 uploaded with stats: loss=0.0637, grad_norm=9.9301, exec_time=0.00s
Epoch(t): 368 accuracy: 79.04 loss 0.5408146777749061 run_time: 599.275025844574
Current clients: 100, select: 10
| current_epoch 369 |. Begin client select
SchedulerThread select( 10 clients):
60 | 23 | 6 | 38 | 90 | 70 | 99 | 55 | 7 | 12 |
-----------------------------------------------------------------Schedule complete
Client 70 trained in 0.59s (simulated: 0.00s)
Client 70 uploaded with stats: loss=0.1987, grad_norm=21.2862, exec_time=0.00s
Client 38 trained in 0.74s (simulated: 0.00s)
Client 38 uploaded with stats: loss=0.2958, grad_norm=23.6310, exec_time=0.00s
Client 12 trained in 0.76s (simulated: 0.00s)
Client 12 uploaded with stats: loss=0.2371, grad_norm=22.7041, exec_time=0.00s
Client 90 trained in 0.77s (simulated: 0.00s)
Client 90 uploaded with stats: loss=0.1281, grad_norm=17.7931, exec_time=0.00s
Client 99 trained in 0.83s (simulated: 0.00s)
Client 99 uploaded with stats: loss=0.4977, grad_norm=35.8638, exec_time=0.00s
Client 55 trained in 0.84s (simulated: 0.00s)
Client 55 uploaded with stats: loss=0.1722, grad_norm=16.3674, exec_time=0.00s
Client 60 trained in 1.00s (simulated: 0.00s)
Client 60 uploaded with stats: loss=0.1130, grad_norm=14.2505, exec_time=0.00s
Client 6 trained in 0.99s (simulated: 0.00s)
Client 6 uploaded with stats: loss=0.2021, grad_norm=16.0210, exec_time=0.00s
Client 23 trained in 1.05s (simulated: 0.00s)
Client 23 uploaded with stats: loss=0.1784, grad_norm=13.0579, exec_time=0.00s
Client 7 trained in 1.04s (simulated: 0.00s)
Client 7 uploaded with stats: loss=0.1132, grad_norm=9.1039, exec_time=0.00s
Epoch(t): 369 accuracy: 81.57 loss 0.4904530268907547 run_time: 600.9562413692474
Current clients: 100, select: 10
| current_epoch 370 |. Begin client select
SchedulerThread select( 10 clients):
27 | 95 | 64 | 43 | 83 | 39 | 63 | 99 | 44 | 70 |
-----------------------------------------------------------------Schedule complete
Client 70 trained in 0.41s (simulated: 0.00s)
Client 70 uploaded with stats: loss=0.1791, grad_norm=15.9809, exec_time=0.00s
Client 27 trained in 0.44s (simulated: 0.00s)
Client 27 uploaded with stats: loss=0.3321, grad_norm=31.8905, exec_time=0.00s
Client 95 trained in 0.43s (simulated: 0.00s)
Client 95 uploaded with stats: loss=0.0784, grad_norm=9.3346, exec_time=0.00s
Client 99 trained in 0.50s (simulated: 0.00s)
Client 99 uploaded with stats: loss=0.4159, grad_norm=28.6691, exec_time=0.00s
Client 44 trained in 0.71s (simulated: 0.00s)
Client 44 uploaded with stats: loss=0.0363, grad_norm=6.5547, exec_time=0.00s
Client 64 trained in 0.77s (simulated: 0.00s)
Client 64 uploaded with stats: loss=0.1916, grad_norm=18.8976, exec_time=0.00s
Client 43 trained in 0.86s (simulated: 0.00s)
Client 43 uploaded with stats: loss=0.1172, grad_norm=15.3593, exec_time=0.00s
Client 63 trained in 0.84s (simulated: 0.00s)
Client 63 uploaded with stats: loss=0.1470, grad_norm=16.6475, exec_time=0.00s
Client 83 trained in 0.85s (simulated: 0.00s)
Client 83 uploaded with stats: loss=0.0962, grad_norm=16.5320, exec_time=0.00s
Client 39 trained in 0.89s (simulated: 0.00s)
Client 39 uploaded with stats: loss=0.5095, grad_norm=34.5104, exec_time=0.00s
Epoch(t): 370 accuracy: 81.7 loss 0.49011473029851915 run_time: 602.4814231395721
Current clients: 100, select: 10
| current_epoch 371 |. Begin client select
SchedulerThread select( 10 clients):
63 | 20 | 50 | 70 | 27 | 93 | 34 | 96 | 37 | 87 |
-----------------------------------------------------------------Schedule complete
Client 37 trained in 0.59s (simulated: 0.00s)
Client 37 uploaded with stats: loss=0.1760, grad_norm=23.1723, exec_time=0.00s
Client 27 trained in 0.59s (simulated: 0.00s)
Client 27 uploaded with stats: loss=0.2958, grad_norm=23.8749, exec_time=0.00s
Client 70 trained in 0.63s (simulated: 0.00s)
Client 70 uploaded with stats: loss=0.1791, grad_norm=14.8390, exec_time=0.00s
Client 93 trained in 0.73s (simulated: 0.00s)
Client 93 uploaded with stats: loss=0.1374, grad_norm=21.1913, exec_time=0.00s
Client 50 trained in 0.80s (simulated: 0.00s)
Client 50 uploaded with stats: loss=0.1637, grad_norm=12.8660, exec_time=0.00s
Client 96 trained in 0.86s (simulated: 0.00s)
Client 96 uploaded with stats: loss=0.0532, grad_norm=9.7833, exec_time=0.00s
Client 87 trained in 0.93s (simulated: 0.00s)
Client 87 uploaded with stats: loss=0.0565, grad_norm=8.8230, exec_time=0.00s
Client 20 trained in 0.96s (simulated: 0.00s)
Client 20 uploaded with stats: loss=0.1103, grad_norm=9.9490, exec_time=0.00s
Client 63 trained in 1.03s (simulated: 0.00s)
Client 63 uploaded with stats: loss=0.1428, grad_norm=14.1072, exec_time=0.00s
Client 34 trained in 1.05s (simulated: 0.00s)
Client 34 uploaded with stats: loss=0.0630, grad_norm=12.3882, exec_time=0.00s
Epoch(t): 371 accuracy: 83.64 loss 0.4428027567267418 run_time: 604.2122642993927
Current clients: 100, select: 10
| current_epoch 372 |. Begin client select
SchedulerThread select( 10 clients):
64 | 17 | 77 | 26 | 43 | 1 | 12 | 83 | 99 | 34 |
-----------------------------------------------------------------Schedule complete
Client 99 trained in 0.46s (simulated: 0.00s)
Client 99 uploaded with stats: loss=0.4439, grad_norm=30.3255, exec_time=0.00s
Client 12 trained in 0.70s (simulated: 0.00s)
Client 12 uploaded with stats: loss=0.2458, grad_norm=26.0509, exec_time=0.00s
Client 77 trained in 0.73s (simulated: 0.00s)
Client 77 uploaded with stats: loss=0.2586, grad_norm=26.4824, exec_time=0.00s
Client 17 trained in 0.78s (simulated: 0.00s)
Client 17 uploaded with stats: loss=0.1041, grad_norm=15.1895, exec_time=0.00s
Client 1 trained in 0.83s (simulated: 0.00s)
Client 1 uploaded with stats: loss=0.1448, grad_norm=11.2034, exec_time=0.00s
Client 26 trained in 0.97s (simulated: 0.00s)
Client 26 uploaded with stats: loss=0.1166, grad_norm=15.8419, exec_time=0.00s
Client 43 trained in 1.06s (simulated: 0.00s)
Client 43 uploaded with stats: loss=0.0992, grad_norm=12.5021, exec_time=0.00s
Client 64 trained in 1.09s (simulated: 0.00s)
Client 64 uploaded with stats: loss=0.1689, grad_norm=14.1136, exec_time=0.00s
Client 83 trained in 1.10s (simulated: 0.00s)
Client 83 uploaded with stats: loss=0.0861, grad_norm=14.4975, exec_time=0.00s
Client 34 trained in 1.16s (simulated: 0.00s)
Client 34 uploaded with stats: loss=0.0504, grad_norm=5.6966, exec_time=0.00s
Epoch(t): 372 accuracy: 83.89 loss 0.43670631408691407 run_time: 606.0662994384766
Current clients: 100, select: 10
| current_epoch 373 |. Begin client select
SchedulerThread select( 10 clients):
16 | 99 | 45 | 50 | 25 | 55 | 64 | 1 | 37 | 12 |
-----------------------------------------------------------------Schedule complete
Client 25 trained in 0.49s (simulated: 0.00s)
Client 25 uploaded with stats: loss=0.2091, grad_norm=17.6178, exec_time=0.00s
Client 37 trained in 0.56s (simulated: 0.00s)
Client 37 uploaded with stats: loss=0.1705, grad_norm=22.0226, exec_time=0.00s
Client 55 trained in 0.66s (simulated: 0.00s)
Client 55 uploaded with stats: loss=0.1657, grad_norm=16.2423, exec_time=0.00s
Client 12 trained in 0.65s (simulated: 0.00s)
Client 12 uploaded with stats: loss=0.2549, grad_norm=27.1956, exec_time=0.00s
Client 16 trained in 0.71s (simulated: 0.00s)
Client 16 uploaded with stats: loss=0.2832, grad_norm=20.4494, exec_time=0.00s
Client 99 trained in 0.77s (simulated: 0.00s)
Client 99 uploaded with stats: loss=0.4069, grad_norm=27.1236, exec_time=0.00s
Client 45 trained in 0.91s (simulated: 0.00s)
Client 45 uploaded with stats: loss=0.1769, grad_norm=10.4566, exec_time=0.00s
Client 50 trained in 0.96s (simulated: 0.00s)
Client 50 uploaded with stats: loss=0.1777, grad_norm=16.2087, exec_time=0.00s
Client 64 trained in 1.00s (simulated: 0.00s)
Client 64 uploaded with stats: loss=0.2046, grad_norm=21.3491, exec_time=0.00s
Client 1 trained in 0.97s (simulated: 0.00s)
Client 1 uploaded with stats: loss=0.1452, grad_norm=11.9996, exec_time=0.00s
Epoch(t): 373 accuracy: 75.15 loss 0.6711299443244934 run_time: 607.6823666095734
Current clients: 100, select: 10
| current_epoch 374 |. Begin client select
SchedulerThread select( 10 clients):
95 | 40 | 31 | 70 | 44 | 77 | 2 | 62 | 8 | 20 |
-----------------------------------------------------------------Schedule complete
Client 95 trained in 0.35s (simulated: 0.00s)
Client 95 uploaded with stats: loss=0.0770, grad_norm=9.5366, exec_time=0.00s
Client 70 trained in 0.36s (simulated: 0.00s)
Client 70 uploaded with stats: loss=0.1948, grad_norm=20.1822, exec_time=0.00s
Client 40 trained in 0.43s (simulated: 0.00s)
Client 40 uploaded with stats: loss=0.1728, grad_norm=19.1771, exec_time=0.00s
Client 44 trained in 0.51s (simulated: 0.00s)
Client 44 uploaded with stats: loss=0.0426, grad_norm=7.8458, exec_time=0.00s
Client 77 trained in 0.57s (simulated: 0.00s)
Client 77 uploaded with stats: loss=0.2607, grad_norm=27.5444, exec_time=0.00s
Client 2 trained in 0.64s (simulated: 0.00s)
Client 2 uploaded with stats: loss=0.1260, grad_norm=18.7983, exec_time=0.00s
Client 62 trained in 0.76s (simulated: 0.00s)
Client 62 uploaded with stats: loss=0.1307, grad_norm=8.6645, exec_time=0.00s
Client 20 trained in 0.77s (simulated: 0.00s)
Client 20 uploaded with stats: loss=0.2025, grad_norm=31.5668, exec_time=0.00s
Client 31 trained in 0.84s (simulated: 0.00s)
Client 31 uploaded with stats: loss=0.0564, grad_norm=7.8641, exec_time=0.00s
Client 8 trained in 0.86s (simulated: 0.00s)
Client 8 uploaded with stats: loss=0.0477, grad_norm=13.5512, exec_time=0.00s
Epoch(t): 374 accuracy: 83.18 loss 0.4477907848358154 run_time: 609.2559242248535
Current clients: 100, select: 10
| current_epoch 375 |. Begin client select
SchedulerThread select( 10 clients):
17 | 60 | 56 | 55 | 26 | 77 | 99 | 67 | 12 | 16 |
-----------------------------------------------------------------Schedule complete
Client 17 trained in 0.59s (simulated: 0.00s)
Client 17 uploaded with stats: loss=0.1015, grad_norm=15.0847, exec_time=0.00s
Client 12 trained in 0.61s (simulated: 0.00s)
Client 12 uploaded with stats: loss=0.2370, grad_norm=23.4975, exec_time=0.00s
Client 77 trained in 0.70s (simulated: 0.00s)
Client 77 uploaded with stats: loss=0.2661, grad_norm=30.6110, exec_time=0.00s
Client 55 trained in 0.73s (simulated: 0.00s)
Client 55 uploaded with stats: loss=0.1639, grad_norm=17.5203, exec_time=0.00s
Client 16 trained in 0.85s (simulated: 0.00s)
Client 16 uploaded with stats: loss=0.2749, grad_norm=18.8689, exec_time=0.00s
Client 26 trained in 0.85s (simulated: 0.00s)
Client 26 uploaded with stats: loss=0.1104, grad_norm=15.0606, exec_time=0.00s
Client 99 trained in 0.88s (simulated: 0.00s)
Client 99 uploaded with stats: loss=0.3943, grad_norm=25.6933, exec_time=0.00s
Client 60 trained in 1.03s (simulated: 0.00s)
Client 60 uploaded with stats: loss=0.0974, grad_norm=11.1660, exec_time=0.00s
Client 56 trained in 1.07s (simulated: 0.00s)
Client 56 uploaded with stats: loss=0.0615, grad_norm=9.4721, exec_time=0.00s
Client 67 trained in 1.08s (simulated: 0.00s)
Client 67 uploaded with stats: loss=0.0880, grad_norm=9.1337, exec_time=0.00s
Epoch(t): 375 accuracy: 81.31 loss 0.4889191085100174 run_time: 610.9403860569
Current clients: 100, select: 10
| current_epoch 376 |. Begin client select
SchedulerThread select( 10 clients):
6 | 27 | 26 | 49 | 43 | 80 | 39 | 47 | 25 | 90 |
-----------------------------------------------------------------Schedule complete
Client 25 trained in 0.48s (simulated: 0.00s)
Client 25 uploaded with stats: loss=0.2122, grad_norm=19.7629, exec_time=0.00s
Client 47 trained in 0.56s (simulated: 0.00s)
Client 47 uploaded with stats: loss=0.2220, grad_norm=27.5998, exec_time=0.00s
Client 27 trained in 0.68s (simulated: 0.00s)
Client 27 uploaded with stats: loss=0.3293, grad_norm=32.4493, exec_time=0.00s
Client 90 trained in 0.77s (simulated: 0.00s)
Client 90 uploaded with stats: loss=0.1202, grad_norm=11.6530, exec_time=0.00s
Client 6 trained in 0.81s (simulated: 0.00s)
Client 6 uploaded with stats: loss=0.1950, grad_norm=15.1508, exec_time=0.00s
Client 26 trained in 0.80s (simulated: 0.00s)
Client 26 uploaded with stats: loss=0.1169, grad_norm=16.5603, exec_time=0.00s
Client 39 trained in 0.92s (simulated: 0.00s)
Client 39 uploaded with stats: loss=0.3590, grad_norm=24.7280, exec_time=0.00s
Client 43 trained in 1.01s (simulated: 0.00s)
Client 43 uploaded with stats: loss=0.1117, grad_norm=15.7921, exec_time=0.00s
Client 49 trained in 1.00s (simulated: 0.00s)
Client 49 uploaded with stats: loss=0.1967, grad_norm=11.3270, exec_time=0.00s
Client 80 trained in 1.02s (simulated: 0.00s)
Client 80 uploaded with stats: loss=0.1507, grad_norm=11.6889, exec_time=0.00s
Epoch(t): 376 accuracy: 84.14 loss 0.42689368218183515 run_time: 612.5919914245605
Current clients: 100, select: 10
| current_epoch 377 |. Begin client select
SchedulerThread select( 10 clients):
17 | 86 | 39 | 37 | 63 | 66 | 10 | 52 | 8 | 31 |
-----------------------------------------------------------------Schedule complete
Client 52 trained in 0.36s (simulated: 0.00s)
Client 52 uploaded with stats: loss=0.2407, grad_norm=17.2768, exec_time=0.00s
Client 86 trained in 0.43s (simulated: 0.00s)
Client 86 uploaded with stats: loss=0.3835, grad_norm=33.6728, exec_time=0.00s
Client 37 trained in 0.67s (simulated: 0.00s)
Client 37 uploaded with stats: loss=0.1718, grad_norm=22.5389, exec_time=0.00s
Client 31 trained in 0.71s (simulated: 0.00s)
Client 31 uploaded with stats: loss=0.0574, grad_norm=9.1617, exec_time=0.00s
Client 17 trained in 0.74s (simulated: 0.00s)
Client 17 uploaded with stats: loss=0.0996, grad_norm=14.7548, exec_time=0.00s
Client 66 trained in 0.82s (simulated: 0.00s)
Client 66 uploaded with stats: loss=0.0714, grad_norm=14.4744, exec_time=0.00s
Client 8 trained in 0.84s (simulated: 0.00s)
Client 8 uploaded with stats: loss=0.0416, grad_norm=9.0735, exec_time=0.00s
Client 39 trained in 0.89s (simulated: 0.00s)
Client 39 uploaded with stats: loss=0.3000, grad_norm=15.0269, exec_time=0.00s
Client 63 trained in 0.91s (simulated: 0.00s)
Client 63 uploaded with stats: loss=0.1345, grad_norm=13.8074, exec_time=0.00s
Client 10 trained in 0.95s (simulated: 0.00s)
Client 10 uploaded with stats: loss=0.2246, grad_norm=13.0121, exec_time=0.00s
Epoch(t): 377 accuracy: 82.66 loss 0.46296637803316115 run_time: 614.2048003673553
Current clients: 100, select: 10
| current_epoch 378 |. Begin client select
SchedulerThread select( 10 clients):
76 | 26 | 86 | 2 | 36 | 39 | 80 | 75 | 6 | 99 |
-----------------------------------------------------------------Schedule complete
Client 75 trained in 0.37s (simulated: 0.00s)
Client 75 uploaded with stats: loss=0.3470, grad_norm=27.6626, exec_time=0.00s
Client 99 trained in 0.43s (simulated: 0.00s)
Client 99 uploaded with stats: loss=0.4273, grad_norm=30.4661, exec_time=0.00s
Client 76 trained in 0.55s (simulated: 0.00s)
Client 76 uploaded with stats: loss=0.0795, grad_norm=16.6594, exec_time=0.00s
Client 6 trained in 0.66s (simulated: 0.00s)
Client 6 uploaded with stats: loss=0.2023, grad_norm=15.4700, exec_time=0.00s
Client 80 trained in 0.75s (simulated: 0.00s)
Client 80 uploaded with stats: loss=0.1347, grad_norm=11.4467, exec_time=0.00s
Client 26 trained in 0.78s (simulated: 0.00s)
Client 26 uploaded with stats: loss=0.1145, grad_norm=16.5546, exec_time=0.00s
Client 2 trained in 0.86s (simulated: 0.00s)
Client 2 uploaded with stats: loss=0.1359, grad_norm=23.0163, exec_time=0.00s
Client 36 trained in 0.88s (simulated: 0.00s)
Client 36 uploaded with stats: loss=0.0855, grad_norm=20.4658, exec_time=0.00s
Client 86 trained in 0.89s (simulated: 0.00s)
Client 86 uploaded with stats: loss=0.2721, grad_norm=20.6239, exec_time=0.00s
Client 39 trained in 0.92s (simulated: 0.00s)
Client 39 uploaded with stats: loss=0.3612, grad_norm=22.9062, exec_time=0.00s
Epoch(t): 378 accuracy: 81.66 loss 0.48390142887830734 run_time: 615.7845623493195
Current clients: 100, select: 10
| current_epoch 379 |. Begin client select
SchedulerThread select( 10 clients):
42 | 38 | 25 | 2 | 5 | 84 | 48 | 75 | 27 | 69 |
-----------------------------------------------------------------Schedule complete
Client 25 trained in 0.47s (simulated: 0.00s)
Client 25 uploaded with stats: loss=0.2363, grad_norm=24.2864, exec_time=0.00s
Client 27 trained in 0.57s (simulated: 0.00s)
Client 27 uploaded with stats: loss=0.3213, grad_norm=30.3038, exec_time=0.00s
Client 38 trained in 0.58s (simulated: 0.00s)
Client 38 uploaded with stats: loss=0.3082, grad_norm=25.5451, exec_time=0.00s
Client 5 trained in 0.62s (simulated: 0.00s)
Client 5 uploaded with stats: loss=0.2007, grad_norm=17.4935, exec_time=0.00s
Client 84 trained in 0.77s (simulated: 0.00s)
Client 84 uploaded with stats: loss=0.0884, grad_norm=10.9841, exec_time=0.00s
Client 75 trained in 0.81s (simulated: 0.00s)
Client 75 uploaded with stats: loss=0.3197, grad_norm=24.3903, exec_time=0.00s
Client 69 trained in 0.90s (simulated: 0.00s)
Client 69 uploaded with stats: loss=0.4062, grad_norm=21.8361, exec_time=0.00s
Client 42 trained in 0.96s (simulated: 0.00s)
Client 42 uploaded with stats: loss=0.1135, grad_norm=12.6918, exec_time=0.00s
Client 48 trained in 0.97s (simulated: 0.00s)
Client 48 uploaded with stats: loss=0.2636, grad_norm=14.5976, exec_time=0.00s
Client 2 trained in 0.97s (simulated: 0.00s)
Client 2 uploaded with stats: loss=0.1126, grad_norm=11.6730, exec_time=0.00s
Epoch(t): 379 accuracy: 81.76 loss 0.4807085847854614 run_time: 617.4050071239471
Current clients: 100, select: 10
| current_epoch 380 |. Begin client select
SchedulerThread select( 10 clients):
96 | 86 | 27 | 17 | 48 | 52 | 56 | 47 | 8 | 90 |
-----------------------------------------------------------------Schedule complete
Client 47 trained in 0.41s (simulated: 0.00s)
Client 47 uploaded with stats: loss=0.2304, grad_norm=27.2319, exec_time=0.00s
Client 27 trained in 0.58s (simulated: 0.00s)
Client 27 uploaded with stats: loss=0.3097, grad_norm=27.9278, exec_time=0.00s
Client 90 trained in 0.59s (simulated: 0.00s)
Client 90 uploaded with stats: loss=0.1122, grad_norm=12.8752, exec_time=0.00s
Client 52 trained in 0.65s (simulated: 0.00s)
Client 52 uploaded with stats: loss=0.2399, grad_norm=14.4587, exec_time=0.00s
Client 86 trained in 0.73s (simulated: 0.00s)
Client 86 uploaded with stats: loss=0.2374, grad_norm=17.0330, exec_time=0.00s
Client 17 trained in 0.76s (simulated: 0.00s)
Client 17 uploaded with stats: loss=0.1010, grad_norm=15.1742, exec_time=0.00s
Client 96 trained in 0.98s (simulated: 0.00s)
Client 96 uploaded with stats: loss=0.0448, grad_norm=7.1238, exec_time=0.00s
Client 48 trained in 1.00s (simulated: 0.00s)
Client 48 uploaded with stats: loss=0.2776, grad_norm=15.8075, exec_time=0.00s
Client 56 trained in 1.00s (simulated: 0.00s)
Client 56 uploaded with stats: loss=0.0479, grad_norm=6.4614, exec_time=0.00s
Client 8 trained in 1.02s (simulated: 0.00s)
Client 8 uploaded with stats: loss=0.0433, grad_norm=9.7181, exec_time=0.00s
Epoch(t): 380 accuracy: 84.37 loss 0.4449780839681625 run_time: 619.0705459117889
Current clients: 100, select: 10
| current_epoch 381 |. Begin client select
SchedulerThread select( 10 clients):
27 | 43 | 47 | 69 | 93 | 25 | 12 | 99 | 16 | 63 |
-----------------------------------------------------------------Schedule complete
Client 27 trained in 0.60s (simulated: 0.00s)
Client 27 uploaded with stats: loss=0.3052, grad_norm=28.2891, exec_time=0.00s
Client 12 trained in 0.64s (simulated: 0.00s)
Client 12 uploaded with stats: loss=0.2381, grad_norm=24.3515, exec_time=0.00s
Client 25 trained in 0.69s (simulated: 0.00s)
Client 25 uploaded with stats: loss=0.2205, grad_norm=21.2295, exec_time=0.00s
Client 93 trained in 0.72s (simulated: 0.00s)
Client 93 uploaded with stats: loss=0.1288, grad_norm=18.6873, exec_time=0.00s
Client 47 trained in 0.80s (simulated: 0.00s)
Client 47 uploaded with stats: loss=0.1967, grad_norm=17.1358, exec_time=0.00s
Client 16 trained in 0.87s (simulated: 0.00s)
Client 16 uploaded with stats: loss=0.2598, grad_norm=15.8160, exec_time=0.00s
Client 99 trained in 0.94s (simulated: 0.00s)
Client 99 uploaded with stats: loss=0.4126, grad_norm=27.5784, exec_time=0.00s
Client 69 trained in 1.02s (simulated: 0.00s)
Client 69 uploaded with stats: loss=0.4058, grad_norm=22.0864, exec_time=0.00s
Client 63 trained in 1.02s (simulated: 0.00s)
Client 63 uploaded with stats: loss=0.1365, grad_norm=11.3070, exec_time=0.00s
Client 43 trained in 1.11s (simulated: 0.00s)
Client 43 uploaded with stats: loss=0.1031, grad_norm=12.5216, exec_time=0.00s
Epoch(t): 381 accuracy: 81.62 loss 0.4806349575519562 run_time: 620.7792146205902
Current clients: 100, select: 10
| current_epoch 382 |. Begin client select
SchedulerThread select( 10 clients):
38 | 54 | 16 | 67 | 37 | 83 | 44 | 55 | 56 | 84 |
-----------------------------------------------------------------Schedule complete
Client 84 trained in 0.43s (simulated: 0.00s)
Client 84 uploaded with stats: loss=0.0800, grad_norm=10.7391, exec_time=0.00s
Client 55 trained in 0.46s (simulated: 0.00s)
Client 55 uploaded with stats: loss=0.1706, grad_norm=16.5212, exec_time=0.00s
Client 38 trained in 0.53s (simulated: 0.00s)
Client 38 uploaded with stats: loss=0.2998, grad_norm=24.3903, exec_time=0.00s
Client 16 trained in 0.67s (simulated: 0.00s)
Client 16 uploaded with stats: loss=0.2710, grad_norm=18.3984, exec_time=0.00s
Client 37 trained in 0.67s (simulated: 0.00s)
Client 37 uploaded with stats: loss=0.1660, grad_norm=21.0618, exec_time=0.00s
Client 44 trained in 0.85s (simulated: 0.00s)
Client 44 uploaded with stats: loss=0.0375, grad_norm=6.6710, exec_time=0.00s
Client 83 trained in 0.88s (simulated: 0.00s)
Client 83 uploaded with stats: loss=0.0966, grad_norm=20.5970, exec_time=0.00s
Client 56 trained in 0.88s (simulated: 0.00s)
Client 56 uploaded with stats: loss=0.0481, grad_norm=7.0861, exec_time=0.00s
Client 67 trained in 0.89s (simulated: 0.00s)
Client 67 uploaded with stats: loss=0.0739, grad_norm=7.2793, exec_time=0.00s
Client 54 trained in 0.96s (simulated: 0.00s)
Client 54 uploaded with stats: loss=0.1026, grad_norm=11.8759, exec_time=0.00s
Epoch(t): 382 accuracy: 80.74 loss 0.511126597225666 run_time: 622.4147956371307
Current clients: 100, select: 10
| current_epoch 383 |. Begin client select
SchedulerThread select( 10 clients):
17 | 16 | 75 | 77 | 52 | 7 | 90 | 12 | 23 | 42 |
-----------------------------------------------------------------Schedule complete
Client 90 trained in 0.57s (simulated: 0.00s)
Client 90 uploaded with stats: loss=0.1162, grad_norm=13.7739, exec_time=0.00s
Client 12 trained in 0.66s (simulated: 0.00s)
Client 12 uploaded with stats: loss=0.2203, grad_norm=19.7501, exec_time=0.00s
Client 17 trained in 0.71s (simulated: 0.00s)
Client 17 uploaded with stats: loss=0.0993, grad_norm=14.7815, exec_time=0.00s
Client 77 trained in 0.71s (simulated: 0.00s)
Client 77 uploaded with stats: loss=0.2494, grad_norm=24.9022, exec_time=0.00s
Client 75 trained in 0.78s (simulated: 0.00s)
Client 75 uploaded with stats: loss=0.3924, grad_norm=34.9357, exec_time=0.00s
Client 16 trained in 0.90s (simulated: 0.00s)
Client 16 uploaded with stats: loss=0.2487, grad_norm=15.2662, exec_time=0.00s
Client 52 trained in 0.92s (simulated: 0.00s)
Client 52 uploaded with stats: loss=0.2423, grad_norm=14.8076, exec_time=0.00s
Client 42 trained in 0.94s (simulated: 0.00s)
Client 42 uploaded with stats: loss=0.1069, grad_norm=13.9456, exec_time=0.00s
Client 7 trained in 0.95s (simulated: 0.00s)
Client 7 uploaded with stats: loss=0.1053, grad_norm=8.3583, exec_time=0.00s
Client 23 trained in 1.01s (simulated: 0.00s)
Client 23 uploaded with stats: loss=0.1640, grad_norm=11.6230, exec_time=0.00s
Epoch(t): 383 accuracy: 80.14 loss 0.5193265619874 run_time: 624.0361578464508
Current clients: 100, select: 10
| current_epoch 384 |. Begin client select
SchedulerThread select( 10 clients):
45 | 38 | 40 | 27 | 17 | 16 | 69 | 77 | 66 | 70 |
-----------------------------------------------------------------Schedule complete
Client 77 trained in 0.66s (simulated: 0.00s)
Client 77 uploaded with stats: loss=0.2540, grad_norm=27.5374, exec_time=0.00s
Client 27 trained in 0.65s (simulated: 0.00s)
Client 27 uploaded with stats: loss=0.3067, grad_norm=27.6578, exec_time=0.00s
Client 38 trained in 0.77s (simulated: 0.00s)
Client 38 uploaded with stats: loss=0.3083, grad_norm=24.4275, exec_time=0.00s
Client 17 trained in 0.77s (simulated: 0.00s)
Client 17 uploaded with stats: loss=0.0936, grad_norm=14.1709, exec_time=0.00s
Client 70 trained in 0.86s (simulated: 0.00s)
Client 70 uploaded with stats: loss=0.2013, grad_norm=23.3843, exec_time=0.00s
Client 16 trained in 0.95s (simulated: 0.00s)
Client 16 uploaded with stats: loss=0.2624, grad_norm=16.7804, exec_time=0.00s
Client 69 trained in 1.01s (simulated: 0.00s)
Client 69 uploaded with stats: loss=0.4146, grad_norm=23.2274, exec_time=0.00s
Client 40 trained in 1.07s (simulated: 0.00s)
Client 40 uploaded with stats: loss=0.1459, grad_norm=12.7207, exec_time=0.00s
Client 45 trained in 1.09s (simulated: 0.00s)
Client 45 uploaded with stats: loss=0.1763, grad_norm=10.2648, exec_time=0.00s
Client 66 trained in 1.13s (simulated: 0.00s)
Client 66 uploaded with stats: loss=0.0869, grad_norm=23.2482, exec_time=0.00s
Epoch(t): 384 accuracy: 84.71 loss 0.42771253019571304 run_time: 625.7230846881866
Current clients: 100, select: 10
| current_epoch 385 |. Begin client select
SchedulerThread select( 10 clients):
6 | 2 | 93 | 31 | 23 | 49 | 26 | 16 | 17 | 84 |
-----------------------------------------------------------------Schedule complete
Client 84 trained in 0.55s (simulated: 0.00s)
Client 84 uploaded with stats: loss=0.0755, grad_norm=10.6147, exec_time=0.00s
Client 16 trained in 0.61s (simulated: 0.00s)
Client 16 uploaded with stats: loss=0.2578, grad_norm=16.5453, exec_time=0.00s
Client 26 trained in 0.63s (simulated: 0.00s)
Client 26 uploaded with stats: loss=0.1135, grad_norm=14.8439, exec_time=0.00s
Client 17 trained in 0.65s (simulated: 0.00s)
Client 17 uploaded with stats: loss=0.0949, grad_norm=14.0349, exec_time=0.00s
Client 93 trained in 0.74s (simulated: 0.00s)
Client 93 uploaded with stats: loss=0.1274, grad_norm=17.8315, exec_time=0.00s
Client 6 trained in 0.81s (simulated: 0.00s)
Client 6 uploaded with stats: loss=0.1991, grad_norm=15.6150, exec_time=0.00s
Client 2 trained in 0.93s (simulated: 0.00s)
Client 2 uploaded with stats: loss=0.1116, grad_norm=13.0947, exec_time=0.00s
Client 23 trained in 0.91s (simulated: 0.00s)
Client 23 uploaded with stats: loss=0.1772, grad_norm=12.7744, exec_time=0.00s
Client 49 trained in 0.97s (simulated: 0.00s)
Client 49 uploaded with stats: loss=0.2189, grad_norm=16.1563, exec_time=0.00s
Client 31 trained in 0.97s (simulated: 0.00s)
Client 31 uploaded with stats: loss=0.0538, grad_norm=7.2524, exec_time=0.00s
Epoch(t): 385 accuracy: 80.61 loss 0.5275919996201992 run_time: 627.3367235660553
Current clients: 100, select: 10
| current_epoch 386 |. Begin client select
SchedulerThread select( 10 clients):
25 | 70 | 78 | 19 | 37 | 83 | 95 | 16 | 73 | 90 |
-----------------------------------------------------------------Schedule complete
Client 25 trained in 0.34s (simulated: 0.00s)
Client 25 uploaded with stats: loss=0.2485, grad_norm=26.7041, exec_time=0.00s
Client 70 trained in 0.38s (simulated: 0.00s)
Client 70 uploaded with stats: loss=0.1891, grad_norm=19.3279, exec_time=0.00s
Client 90 trained in 0.53s (simulated: 0.00s)
Client 90 uploaded with stats: loss=0.1225, grad_norm=14.9843, exec_time=0.00s
Client 16 trained in 0.56s (simulated: 0.00s)
Client 16 uploaded with stats: loss=0.2533, grad_norm=16.5198, exec_time=0.00s
Client 37 trained in 0.56s (simulated: 0.00s)
Client 37 uploaded with stats: loss=0.1726, grad_norm=25.0738, exec_time=0.00s
Client 78 trained in 0.65s (simulated: 0.00s)
Client 78 uploaded with stats: loss=0.2136, grad_norm=18.0039, exec_time=0.00s
Client 95 trained in 0.75s (simulated: 0.00s)
Client 95 uploaded with stats: loss=0.0759, grad_norm=9.1823, exec_time=0.00s
Client 73 trained in 0.81s (simulated: 0.00s)
Client 73 uploaded with stats: loss=0.0912, grad_norm=12.4193, exec_time=0.00s
Client 83 trained in 0.83s (simulated: 0.00s)
Client 83 uploaded with stats: loss=0.0938, grad_norm=16.9333, exec_time=0.00s
Client 19 trained in 0.86s (simulated: 0.00s)
Client 19 uploaded with stats: loss=0.0555, grad_norm=8.8488, exec_time=0.00s
Epoch(t): 386 accuracy: 81.75 loss 0.4937145000696182 run_time: 628.8190801143646
Current clients: 100, select: 10
| current_epoch 387 |. Begin client select
SchedulerThread select( 10 clients):
53 | 1 | 95 | 44 | 6 | 77 | 27 | 38 | 71 | 37 |
-----------------------------------------------------------------Schedule complete
Client 53 trained in 0.66s (simulated: 0.00s)
Client 53 uploaded with stats: loss=0.1462, grad_norm=13.6026, exec_time=0.00s
Client 95 trained in 0.83s (simulated: 0.00s)
Client 95 uploaded with stats: loss=0.0781, grad_norm=9.4959, exec_time=0.00s
Client 38 trained in 0.93s (simulated: 0.00s)
Client 38 uploaded with stats: loss=0.2915, grad_norm=23.6692, exec_time=0.00s
Client 27 trained in 0.94s (simulated: 0.00s)
Client 27 uploaded with stats: loss=0.3152, grad_norm=31.0389, exec_time=0.00s
Client 77 trained in 0.98s (simulated: 0.00s)
Client 77 uploaded with stats: loss=0.2470, grad_norm=25.0543, exec_time=0.00s
Client 71 trained in 0.99s (simulated: 0.00s)
Client 71 uploaded with stats: loss=0.0956, grad_norm=9.2074, exec_time=0.00s
Client 37 trained in 1.01s (simulated: 0.00s)
Client 37 uploaded with stats: loss=0.1570, grad_norm=19.0558, exec_time=0.00s
Client 6 trained in 1.04s (simulated: 0.00s)
Client 6 uploaded with stats: loss=0.1854, grad_norm=14.0474, exec_time=0.00s
Client 1 trained in 1.12s (simulated: 0.00s)
Client 1 uploaded with stats: loss=0.1682, grad_norm=18.3216, exec_time=0.00s
Client 44 trained in 1.18s (simulated: 0.00s)
Client 44 uploaded with stats: loss=0.0378, grad_norm=6.3155, exec_time=0.00s
Epoch(t): 387 accuracy: 80.99 loss 0.5063587835431099 run_time: 630.6546175479889
Current clients: 100, select: 10
| current_epoch 388 |. Begin client select
SchedulerThread select( 10 clients):
47 | 43 | 56 | 26 | 8 | 69 | 75 | 77 | 44 | 25 |
-----------------------------------------------------------------Schedule complete
Client 25 trained in 0.38s (simulated: 0.00s)
Client 25 uploaded with stats: loss=0.2012, grad_norm=18.3544, exec_time=0.00s
Client 47 trained in 0.62s (simulated: 0.00s)
Client 47 uploaded with stats: loss=0.2090, grad_norm=23.8765, exec_time=0.00s
Client 77 trained in 0.65s (simulated: 0.00s)
Client 77 uploaded with stats: loss=0.2378, grad_norm=22.5750, exec_time=0.00s
Client 26 trained in 0.68s (simulated: 0.00s)
Client 26 uploaded with stats: loss=0.1127, grad_norm=17.3317, exec_time=0.00s
Client 75 trained in 0.70s (simulated: 0.00s)
Client 75 uploaded with stats: loss=0.3595, grad_norm=31.9298, exec_time=0.00s
Client 69 trained in 0.76s (simulated: 0.00s)
Client 69 uploaded with stats: loss=0.3875, grad_norm=20.4987, exec_time=0.00s
Client 44 trained in 0.90s (simulated: 0.00s)
Client 44 uploaded with stats: loss=0.0345, grad_norm=6.1322, exec_time=0.00s
Client 43 trained in 0.95s (simulated: 0.00s)
Client 43 uploaded with stats: loss=0.1131, grad_norm=15.3367, exec_time=0.00s
Client 8 trained in 0.96s (simulated: 0.00s)
Client 8 uploaded with stats: loss=0.0512, grad_norm=12.9619, exec_time=0.00s
Client 56 trained in 1.18s (simulated: 0.00s)
Client 56 uploaded with stats: loss=0.0494, grad_norm=8.0446, exec_time=0.00s
Epoch(t): 388 accuracy: 84.5 loss 0.42876634061336516 run_time: 632.4065368175507
Current clients: 100, select: 10
| current_epoch 389 |. Begin client select
SchedulerThread select( 10 clients):
37 | 35 | 17 | 26 | 76 | 77 | 43 | 93 | 4 | 64 |
-----------------------------------------------------------------Schedule complete
Client 77 trained in 0.55s (simulated: 0.00s)
Client 77 uploaded with stats: loss=0.2553, grad_norm=28.0719, exec_time=0.00s
Client 17 trained in 0.64s (simulated: 0.00s)
Client 17 uploaded with stats: loss=0.0946, grad_norm=14.2022, exec_time=0.00s
Client 37 trained in 0.73s (simulated: 0.00s)
Client 37 uploaded with stats: loss=0.1691, grad_norm=22.9554, exec_time=0.00s
Client 26 trained in 1.01s (simulated: 0.00s)
Client 26 uploaded with stats: loss=0.1081, grad_norm=15.7958, exec_time=0.00s
Client 93 trained in 1.05s (simulated: 0.00s)
Client 93 uploaded with stats: loss=0.1259, grad_norm=17.9092, exec_time=0.00s
Client 35 trained in 1.13s (simulated: 0.00s)
Client 35 uploaded with stats: loss=0.1477, grad_norm=10.7928, exec_time=0.00s
Client 76 trained in 1.27s (simulated: 0.00s)
Client 76 uploaded with stats: loss=0.0765, grad_norm=15.2717, exec_time=0.00s
Client 43 trained in 1.27s (simulated: 0.00s)
Client 43 uploaded with stats: loss=0.1027, grad_norm=13.4995, exec_time=0.00s
Client 64 trained in 1.28s (simulated: 0.00s)
Client 64 uploaded with stats: loss=0.1802, grad_norm=18.4197, exec_time=0.00s
Client 4 trained in 1.28s (simulated: 0.00s)
Client 4 uploaded with stats: loss=0.2903, grad_norm=24.3436, exec_time=0.00s
Epoch(t): 389 accuracy: 79.76 loss 0.5344447708129882 run_time: 634.3214063644409
Current clients: 100, select: 10
| current_epoch 390 |. Begin client select
SchedulerThread select( 10 clients):
47 | 39 | 3 | 17 | 27 | 56 | 76 | 40 | 77 | 34 |
-----------------------------------------------------------------Schedule complete
Client 47 trained in 0.65s (simulated: 0.00s)
Client 47 uploaded with stats: loss=0.2028, grad_norm=23.3944, exec_time=0.00s
Client 77 trained in 0.71s (simulated: 0.00s)
Client 77 uploaded with stats: loss=0.2458, grad_norm=25.8106, exec_time=0.00s
Client 27 trained in 0.85s (simulated: 0.00s)
Client 27 uploaded with stats: loss=0.3133, grad_norm=30.7991, exec_time=0.00s
Client 17 trained in 0.93s (simulated: 0.00s)
Client 17 uploaded with stats: loss=0.0925, grad_norm=13.3897, exec_time=0.00s
Client 76 trained in 0.99s (simulated: 0.00s)
Client 76 uploaded with stats: loss=0.0681, grad_norm=12.7850, exec_time=0.00s
Client 40 trained in 0.99s (simulated: 0.00s)
Client 40 uploaded with stats: loss=0.1506, grad_norm=14.2792, exec_time=0.00s
Client 39 trained in 1.03s (simulated: 0.00s)
Client 39 uploaded with stats: loss=0.3744, grad_norm=24.1691, exec_time=0.00s
Client 56 trained in 1.11s (simulated: 0.00s)
Client 56 uploaded with stats: loss=0.0550, grad_norm=8.1994, exec_time=0.00s
Client 3 trained in 1.13s (simulated: 0.00s)
Client 3 uploaded with stats: loss=0.2223, grad_norm=28.3048, exec_time=0.00s
Client 34 trained in 1.15s (simulated: 0.00s)
Client 34 uploaded with stats: loss=0.0568, grad_norm=6.8326, exec_time=0.00s
Epoch(t): 390 accuracy: 83.55 loss 0.4473254176974297 run_time: 636.0508651733398
Current clients: 100, select: 10
| current_epoch 391 |. Begin client select
SchedulerThread select( 10 clients):
4 | 6 | 31 | 12 | 73 | 5 | 27 | 55 | 80 | 99 |
-----------------------------------------------------------------Schedule complete
Client 5 trained in 0.43s (simulated: 0.00s)
Client 5 uploaded with stats: loss=0.1908, grad_norm=16.2651, exec_time=0.00s
Client 55 trained in 0.56s (simulated: 0.00s)
Client 55 uploaded with stats: loss=0.1610, grad_norm=16.0737, exec_time=0.00s
Client 27 trained in 0.57s (simulated: 0.00s)
Client 27 uploaded with stats: loss=0.3036, grad_norm=29.1912, exec_time=0.00s
Client 12 trained in 0.64s (simulated: 0.00s)
Client 12 uploaded with stats: loss=0.2365, grad_norm=24.6125, exec_time=0.00s
Client 73 trained in 0.76s (simulated: 0.00s)
Client 73 uploaded with stats: loss=0.0944, grad_norm=14.2130, exec_time=0.00s
Client 99 trained in 0.76s (simulated: 0.00s)
Client 99 uploaded with stats: loss=0.3865, grad_norm=26.6671, exec_time=0.00s
Client 6 trained in 0.91s (simulated: 0.00s)
Client 6 uploaded with stats: loss=0.1954, grad_norm=15.9671, exec_time=0.00s
Client 4 trained in 0.92s (simulated: 0.00s)
Client 4 uploaded with stats: loss=0.2071, grad_norm=18.7785, exec_time=0.00s
Client 80 trained in 0.95s (simulated: 0.00s)
Client 80 uploaded with stats: loss=0.1498, grad_norm=13.0043, exec_time=0.00s
Client 31 trained in 0.99s (simulated: 0.00s)
Client 31 uploaded with stats: loss=0.0559, grad_norm=7.9909, exec_time=0.00s
Epoch(t): 391 accuracy: 76.71 loss 0.6181590658426285 run_time: 637.6444635391235
Current clients: 100, select: 10
| current_epoch 392 |. Begin client select
SchedulerThread select( 10 clients):
17 | 84 | 44 | 25 | 53 | 27 | 12 | 20 | 83 | 56 |
-----------------------------------------------------------------Schedule complete
Client 27 trained in 0.60s (simulated: 0.00s)
Client 27 uploaded with stats: loss=0.3139, grad_norm=31.3005, exec_time=0.00s
Client 25 trained in 0.64s (simulated: 0.00s)
Client 25 uploaded with stats: loss=0.2100, grad_norm=20.3093, exec_time=0.00s
Client 12 trained in 0.72s (simulated: 0.00s)
Client 12 uploaded with stats: loss=0.2383, grad_norm=25.5003, exec_time=0.00s
Client 17 trained in 0.73s (simulated: 0.00s)
Client 17 uploaded with stats: loss=0.0959, grad_norm=14.7536, exec_time=0.00s
Client 84 trained in 0.86s (simulated: 0.00s)
Client 84 uploaded with stats: loss=0.0764, grad_norm=9.9880, exec_time=0.00s
Client 53 trained in 0.93s (simulated: 0.00s)
Client 53 uploaded with stats: loss=0.1510, grad_norm=14.5163, exec_time=0.00s
Client 44 trained in 1.02s (simulated: 0.00s)
Client 44 uploaded with stats: loss=0.0337, grad_norm=5.9025, exec_time=0.00s
Client 83 trained in 1.04s (simulated: 0.00s)
Client 83 uploaded with stats: loss=0.1411, grad_norm=34.4915, exec_time=0.00s
Client 20 trained in 1.07s (simulated: 0.00s)
Client 20 uploaded with stats: loss=0.1444, grad_norm=18.4657, exec_time=0.00s
Client 56 trained in 1.10s (simulated: 0.00s)
Client 56 uploaded with stats: loss=0.0486, grad_norm=8.7616, exec_time=0.00s
Epoch(t): 392 accuracy: 84.09 loss 0.4427521887421608 run_time: 639.2962882518768
Current clients: 100, select: 10
| current_epoch 393 |. Begin client select
SchedulerThread select( 10 clients):
17 | 43 | 87 | 6 | 50 | 60 | 90 | 56 | 39 | 27 |
-----------------------------------------------------------------Schedule complete
Client 90 trained in 0.37s (simulated: 0.00s)
Client 90 uploaded with stats: loss=0.1159, grad_norm=12.9316, exec_time=0.00s
Client 6 trained in 0.44s (simulated: 0.00s)
Client 6 uploaded with stats: loss=0.1925, grad_norm=15.7191, exec_time=0.00s
Client 27 trained in 0.63s (simulated: 0.00s)
Client 27 uploaded with stats: loss=0.3023, grad_norm=29.4419, exec_time=0.00s
Client 43 trained in 0.65s (simulated: 0.00s)
Client 43 uploaded with stats: loss=0.1061, grad_norm=15.7827, exec_time=0.00s
Client 17 trained in 0.79s (simulated: 0.00s)
Client 17 uploaded with stats: loss=0.0885, grad_norm=13.1861, exec_time=0.00s
Client 50 trained in 0.78s (simulated: 0.00s)
Client 50 uploaded with stats: loss=0.1654, grad_norm=14.0568, exec_time=0.00s
Client 60 trained in 0.85s (simulated: 0.00s)
Client 60 uploaded with stats: loss=0.1042, grad_norm=10.6319, exec_time=0.00s
Client 56 trained in 0.90s (simulated: 0.00s)
Client 56 uploaded with stats: loss=0.0488, grad_norm=7.2850, exec_time=0.00s
Client 39 trained in 0.90s (simulated: 0.00s)
Client 39 uploaded with stats: loss=0.3007, grad_norm=17.7376, exec_time=0.00s
Client 87 trained in 0.98s (simulated: 0.00s)
Client 87 uploaded with stats: loss=0.0759, grad_norm=16.8121, exec_time=0.00s
Epoch(t): 393 accuracy: 83.86 loss 0.45826915711164473 run_time: 640.8877680301666
Current clients: 100, select: 10
| current_epoch 394 |. Begin client select
SchedulerThread select( 10 clients):
83 | 95 | 73 | 38 | 86 | 63 | 1 | 76 | 10 | 93 |
-----------------------------------------------------------------Schedule complete
Client 76 trained in 0.47s (simulated: 0.00s)
Client 76 uploaded with stats: loss=0.0713, grad_norm=14.3771, exec_time=0.00s
Client 38 trained in 0.50s (simulated: 0.00s)
Client 38 uploaded with stats: loss=0.2856, grad_norm=20.6790, exec_time=0.00s
Client 73 trained in 0.57s (simulated: 0.00s)
Client 73 uploaded with stats: loss=0.0885, grad_norm=12.5157, exec_time=0.00s
Client 93 trained in 0.66s (simulated: 0.00s)
Client 93 uploaded with stats: loss=0.1345, grad_norm=22.0268, exec_time=0.00s
Client 95 trained in 0.75s (simulated: 0.00s)
Client 95 uploaded with stats: loss=0.0751, grad_norm=9.9024, exec_time=0.00s
Client 1 trained in 0.78s (simulated: 0.00s)
Client 1 uploaded with stats: loss=0.1614, grad_norm=18.2305, exec_time=0.00s
Client 86 trained in 0.88s (simulated: 0.00s)
Client 86 uploaded with stats: loss=0.2191, grad_norm=14.4414, exec_time=0.00s
Client 83 trained in 0.91s (simulated: 0.00s)
Client 83 uploaded with stats: loss=0.0752, grad_norm=10.4582, exec_time=0.00s
Client 63 trained in 0.93s (simulated: 0.00s)
Client 63 uploaded with stats: loss=0.1519, grad_norm=17.0709, exec_time=0.00s
Client 10 trained in 0.93s (simulated: 0.00s)
Client 10 uploaded with stats: loss=0.2219, grad_norm=15.0071, exec_time=0.00s
Epoch(t): 394 accuracy: 80.86 loss 0.5060509723424912 run_time: 642.4778423309326
Current clients: 100, select: 10
| current_epoch 395 |. Begin client select
SchedulerThread select( 10 clients):
55 | 1 | 3 | 38 | 27 | 79 | 43 | 17 | 36 | 5 |
-----------------------------------------------------------------Schedule complete
Client 5 trained in 0.46s (simulated: 0.00s)
Client 5 uploaded with stats: loss=0.2327, grad_norm=25.0082, exec_time=0.00s
Client 27 trained in 0.48s (simulated: 0.00s)
Client 27 uploaded with stats: loss=0.3047, grad_norm=30.3922, exec_time=0.00s
Client 38 trained in 0.49s (simulated: 0.00s)
Client 38 uploaded with stats: loss=0.2887, grad_norm=22.8558, exec_time=0.00s
Client 17 trained in 0.58s (simulated: 0.00s)
Client 17 uploaded with stats: loss=0.0982, grad_norm=15.0569, exec_time=0.00s
Client 55 trained in 0.64s (simulated: 0.00s)
Client 55 uploaded with stats: loss=0.1764, grad_norm=19.4346, exec_time=0.00s
Client 43 trained in 0.70s (simulated: 0.00s)
Client 43 uploaded with stats: loss=0.0983, grad_norm=13.0399, exec_time=0.00s
Client 1 trained in 0.77s (simulated: 0.00s)
Client 1 uploaded with stats: loss=0.1387, grad_norm=13.4435, exec_time=0.00s
Client 36 trained in 0.80s (simulated: 0.00s)
Client 36 uploaded with stats: loss=0.1072, grad_norm=28.6976, exec_time=0.00s
Client 3 trained in 0.83s (simulated: 0.00s)
Client 3 uploaded with stats: loss=0.2884, grad_norm=38.8202, exec_time=0.00s
Client 79 trained in 0.87s (simulated: 0.00s)
Client 79 uploaded with stats: loss=0.0807, grad_norm=8.9591, exec_time=0.00s
Epoch(t): 395 accuracy: 80.2 loss 0.5213704648613929 run_time: 643.9294798374176
Current clients: 100, select: 10
| current_epoch 396 |. Begin client select
SchedulerThread select( 10 clients):
66 | 6 | 17 | 70 | 5 | 27 | 52 | 38 | 37 | 60 |
-----------------------------------------------------------------Schedule complete
Client 27 trained in 0.68s (simulated: 0.00s)
Client 27 uploaded with stats: loss=0.2833, grad_norm=25.0957, exec_time=0.00s
Client 17 trained in 0.74s (simulated: 0.00s)
Client 17 uploaded with stats: loss=0.1012, grad_norm=18.7913, exec_time=0.00s
Client 38 trained in 0.77s (simulated: 0.00s)
Client 38 uploaded with stats: loss=0.2946, grad_norm=24.4938, exec_time=0.00s
Client 70 trained in 0.80s (simulated: 0.00s)
Client 70 uploaded with stats: loss=0.1908, grad_norm=18.5964, exec_time=0.00s
Client 37 trained in 0.80s (simulated: 0.00s)
Client 37 uploaded with stats: loss=0.1781, grad_norm=25.9844, exec_time=0.00s
Client 5 trained in 0.93s (simulated: 0.00s)
Client 5 uploaded with stats: loss=0.1912, grad_norm=16.8364, exec_time=0.00s
Client 6 trained in 1.00s (simulated: 0.00s)
Client 6 uploaded with stats: loss=0.2268, grad_norm=26.1823, exec_time=0.00s
Client 60 trained in 1.10s (simulated: 0.00s)
Client 60 uploaded with stats: loss=0.1166, grad_norm=17.7644, exec_time=0.00s
Client 52 trained in 1.09s (simulated: 0.00s)
Client 52 uploaded with stats: loss=0.2491, grad_norm=17.2804, exec_time=0.00s
Client 66 trained in 1.14s (simulated: 0.00s)
Client 66 uploaded with stats: loss=0.0573, grad_norm=6.9009, exec_time=0.00s
Epoch(t): 396 accuracy: 83.3 loss 0.44401562929153443 run_time: 645.6394577026367
Current clients: 100, select: 10
| current_epoch 397 |. Begin client select
SchedulerThread select( 10 clients):
10 | 55 | 50 | 87 | 27 | 19 | 97 | 39 | 49 | 12 |
-----------------------------------------------------------------Schedule complete
Client 55 trained in 0.37s (simulated: 0.00s)
Client 55 uploaded with stats: loss=0.1800, grad_norm=20.1384, exec_time=0.00s
Client 50 trained in 0.49s (simulated: 0.00s)
Client 50 uploaded with stats: loss=0.1736, grad_norm=17.0015, exec_time=0.00s
Client 19 trained in 0.56s (simulated: 0.00s)
Client 19 uploaded with stats: loss=0.0623, grad_norm=9.0966, exec_time=0.00s
Client 27 trained in 0.58s (simulated: 0.00s)
Client 27 uploaded with stats: loss=0.2977, grad_norm=29.4380, exec_time=0.00s
Client 12 trained in 0.63s (simulated: 0.00s)
Client 12 uploaded with stats: loss=0.2368, grad_norm=24.3067, exec_time=0.00s
Client 39 trained in 0.66s (simulated: 0.00s)
Client 39 uploaded with stats: loss=0.3215, grad_norm=19.9969, exec_time=0.00s
Client 87 trained in 0.75s (simulated: 0.00s)
Client 87 uploaded with stats: loss=0.0727, grad_norm=15.8945, exec_time=0.00s
Client 10 trained in 0.74s (simulated: 0.00s)
Client 10 uploaded with stats: loss=0.2327, grad_norm=17.1372, exec_time=0.00s
Client 97 trained in 0.75s (simulated: 0.00s)
Client 97 uploaded with stats: loss=0.6781, grad_norm=52.1103, exec_time=0.00s
Client 49 trained in 0.77s (simulated: 0.00s)
Client 49 uploaded with stats: loss=0.1805, grad_norm=10.0707, exec_time=0.00s
Epoch(t): 397 accuracy: 84.71 loss 0.41104724019765854 run_time: 647.0302078723907
Current clients: 100, select: 10
| current_epoch 398 |. Begin client select
SchedulerThread select( 10 clients):
25 | 64 | 49 | 75 | 73 | 35 | 19 | 97 | 93 | 54 |
-----------------------------------------------------------------Schedule complete
Client 25 trained in 0.38s (simulated: 0.00s)
Client 25 uploaded with stats: loss=0.2224, grad_norm=23.3292, exec_time=0.00s
Client 75 trained in 0.54s (simulated: 0.00s)
Client 75 uploaded with stats: loss=0.3230, grad_norm=26.5211, exec_time=0.00s
Client 35 trained in 0.55s (simulated: 0.00s)
Client 35 uploaded with stats: loss=0.1572, grad_norm=14.2715, exec_time=0.00s
Client 93 trained in 0.58s (simulated: 0.00s)
Client 93 uploaded with stats: loss=0.1261, grad_norm=18.5859, exec_time=0.00s
Client 73 trained in 0.70s (simulated: 0.00s)
Client 73 uploaded with stats: loss=0.0944, grad_norm=12.0984, exec_time=0.00s
Client 97 trained in 0.74s (simulated: 0.00s)
Client 97 uploaded with stats: loss=0.1804, grad_norm=12.5155, exec_time=0.00s
Client 64 trained in 0.75s (simulated: 0.00s)
Client 64 uploaded with stats: loss=0.1582, grad_norm=14.9656, exec_time=0.00s
Client 19 trained in 0.77s (simulated: 0.00s)
Client 19 uploaded with stats: loss=0.0592, grad_norm=8.6070, exec_time=0.00s
Client 49 trained in 0.77s (simulated: 0.00s)
Client 49 uploaded with stats: loss=0.2330, grad_norm=16.4788, exec_time=0.00s
Client 54 trained in 0.86s (simulated: 0.00s)
Client 54 uploaded with stats: loss=0.0770, grad_norm=6.9625, exec_time=0.00s
Epoch(t): 398 accuracy: 79.48 loss 0.5524603480100632 run_time: 648.5028219223022
Current clients: 100, select: 10
| current_epoch 399 |. Begin client select
SchedulerThread select( 10 clients):
71 | 6 | 96 | 26 | 53 | 31 | 1 | 78 | 8 | 5 |
-----------------------------------------------------------------Schedule complete
Client 53 trained in 0.38s (simulated: 0.00s)
Client 53 uploaded with stats: loss=0.1520, grad_norm=13.8517, exec_time=0.00s
Client 5 trained in 0.41s (simulated: 0.00s)
Client 5 uploaded with stats: loss=0.2195, grad_norm=24.4977, exec_time=0.00s
Client 78 trained in 0.59s (simulated: 0.00s)
Client 78 uploaded with stats: loss=0.2503, grad_norm=25.4537, exec_time=0.00s
Client 71 trained in 0.76s (simulated: 0.00s)
Client 71 uploaded with stats: loss=0.1028, grad_norm=10.9038, exec_time=0.00s
Client 26 trained in 0.82s (simulated: 0.00s)
Client 26 uploaded with stats: loss=0.1193, grad_norm=18.1915, exec_time=0.00s
Client 6 trained in 0.84s (simulated: 0.00s)
Client 6 uploaded with stats: loss=0.1826, grad_norm=13.3712, exec_time=0.00s
Client 1 trained in 0.94s (simulated: 0.00s)
Client 1 uploaded with stats: loss=0.1675, grad_norm=22.0118, exec_time=0.00s
Client 8 trained in 1.04s (simulated: 0.00s)
Client 8 uploaded with stats: loss=0.0414, grad_norm=8.7553, exec_time=0.00s
Client 31 trained in 1.06s (simulated: 0.00s)
Client 31 uploaded with stats: loss=0.0457, grad_norm=6.7497, exec_time=0.00s
Client 96 trained in 1.10s (simulated: 0.00s)
Client 96 uploaded with stats: loss=0.0449, grad_norm=8.0478, exec_time=0.00s
Epoch(t): 399 accuracy: 83.82 loss 0.4275380581617355 run_time: 650.20756483078
Current clients: 100, select: 10
| current_epoch 400 |. Begin client select
SchedulerThread select( 10 clients):
79 | 17 | 77 | 3 | 40 | 78 | 4 | 60 | 7 | 26 |
-----------------------------------------------------------------Schedule complete
Client 78 trained in 0.59s (simulated: 0.00s)
Client 78 uploaded with stats: loss=0.2061, grad_norm=13.9035, exec_time=0.00s
Client 77 trained in 0.78s (simulated: 0.00s)
Client 77 uploaded with stats: loss=0.2521, grad_norm=26.9320, exec_time=0.00s
Client 17 trained in 0.80s (simulated: 0.00s)
Client 17 uploaded with stats: loss=0.0934, grad_norm=13.1269, exec_time=0.00s
Client 26 trained in 0.81s (simulated: 0.00s)
Client 26 uploaded with stats: loss=0.1052, grad_norm=14.2702, exec_time=0.00s
Client 40 trained in 0.84s (simulated: 0.00s)
Client 40 uploaded with stats: loss=0.1334, grad_norm=10.8845, exec_time=0.00s
Client 60 trained in 1.00s (simulated: 0.00s)
Client 60 uploaded with stats: loss=0.0918, grad_norm=10.6726, exec_time=0.00s
Client 79 trained in 1.04s (simulated: 0.00s)
Client 79 uploaded with stats: loss=0.1029, grad_norm=12.7120, exec_time=0.00s
Client 7 trained in 1.05s (simulated: 0.00s)
Client 7 uploaded with stats: loss=0.1022, grad_norm=8.0334, exec_time=0.00s
Client 3 trained in 1.07s (simulated: 0.00s)
Client 3 uploaded with stats: loss=0.1386, grad_norm=11.9956, exec_time=0.00s
Client 4 trained in 1.08s (simulated: 0.00s)
Client 4 uploaded with stats: loss=0.2842, grad_norm=24.8594, exec_time=0.00s
Epoch(t): 400 accuracy: 82.65 loss 0.48632432013750077 run_time: 651.9488799571991
Current clients: 100, select: 10
| current_epoch 401 |. Begin client select
SchedulerThread select( 10 clients):
31 | 5 | 56 | 35 | 77 | 10 | 69 | 80 | 37 | 60 |
-----------------------------------------------------------------Schedule complete
Client 5 trained in 0.49s (simulated: 0.00s)
Client 5 uploaded with stats: loss=0.1886, grad_norm=15.0344, exec_time=0.00s
Client 35 trained in 0.55s (simulated: 0.00s)
Client 35 uploaded with stats: loss=0.1549, grad_norm=15.6193, exec_time=0.00s
Client 69 trained in 0.60s (simulated: 0.00s)
Client 69 uploaded with stats: loss=0.3984, grad_norm=21.2885, exec_time=0.00s
Client 37 trained in 0.69s (simulated: 0.00s)
Client 37 uploaded with stats: loss=0.1640, grad_norm=22.6397, exec_time=0.00s
Client 77 trained in 0.83s (simulated: 0.00s)
Client 77 uploaded with stats: loss=0.2473, grad_norm=26.7638, exec_time=0.00s
Client 60 trained in 0.87s (simulated: 0.00s)
Client 60 uploaded with stats: loss=0.1091, grad_norm=13.9624, exec_time=0.00s
Client 80 trained in 1.00s (simulated: 0.00s)
Client 80 uploaded with stats: loss=0.1498, grad_norm=12.5992, exec_time=0.00s
Client 10 trained in 1.01s (simulated: 0.00s)
Client 10 uploaded with stats: loss=0.2498, grad_norm=16.4684, exec_time=0.00s
Client 31 trained in 1.03s (simulated: 0.00s)
Client 31 uploaded with stats: loss=0.0478, grad_norm=7.2588, exec_time=0.00s
Client 56 trained in 1.07s (simulated: 0.00s)
Client 56 uploaded with stats: loss=0.0669, grad_norm=10.9894, exec_time=0.00s
Epoch(t): 401 accuracy: 75.04 loss 0.6758825805783272 run_time: 653.5825431346893
Current clients: 100, select: 10
| current_epoch 402 |. Begin client select
SchedulerThread select( 10 clients):
63 | 26 | 76 | 34 | 38 | 77 | 31 | 39 | 47 | 27 |
-----------------------------------------------------------------Schedule complete
Client 27 trained in 0.62s (simulated: 0.00s)
Client 27 uploaded with stats: loss=0.3144, grad_norm=31.7587, exec_time=0.00s
Client 77 trained in 0.71s (simulated: 0.00s)
Client 77 uploaded with stats: loss=0.2444, grad_norm=25.7145, exec_time=0.00s
Client 26 trained in 0.83s (simulated: 0.00s)
Client 26 uploaded with stats: loss=0.1163, grad_norm=20.1267, exec_time=0.00s
Client 38 trained in 0.89s (simulated: 0.00s)
Client 38 uploaded with stats: loss=0.2953, grad_norm=24.3823, exec_time=0.00s
Client 47 trained in 0.91s (simulated: 0.00s)
Client 47 uploaded with stats: loss=0.2497, grad_norm=36.3650, exec_time=0.00s
Client 63 trained in 1.07s (simulated: 0.00s)
Client 63 uploaded with stats: loss=0.1445, grad_norm=17.3089, exec_time=0.00s
Client 39 trained in 1.10s (simulated: 0.00s)
Client 39 uploaded with stats: loss=0.3998, grad_norm=28.4029, exec_time=0.00s
Client 76 trained in 1.10s (simulated: 0.00s)
Client 76 uploaded with stats: loss=0.0667, grad_norm=11.4111, exec_time=0.00s
Client 31 trained in 1.14s (simulated: 0.00s)
Client 31 uploaded with stats: loss=0.0471, grad_norm=6.5509, exec_time=0.00s
Client 34 trained in 1.15s (simulated: 0.00s)
Client 34 uploaded with stats: loss=0.0576, grad_norm=8.6752, exec_time=0.00s
Epoch(t): 402 accuracy: 82.31 loss 0.47995157122612 run_time: 655.3366255760193
Current clients: 100, select: 10
| current_epoch 403 |. Begin client select
SchedulerThread select( 10 clients):
20 | 86 | 8 | 47 | 77 | 14 | 73 | 27 | 56 | 17 |
-----------------------------------------------------------------Schedule complete
Client 47 trained in 0.56s (simulated: 0.00s)
Client 47 uploaded with stats: loss=0.2043, grad_norm=21.7048, exec_time=0.00s
Client 77 trained in 0.70s (simulated: 0.00s)
Client 77 uploaded with stats: loss=0.2571, grad_norm=29.6088, exec_time=0.00s
Client 86 trained in 0.75s (simulated: 0.00s)
Client 86 uploaded with stats: loss=0.2257, grad_norm=13.6700, exec_time=0.00s
Client 27 trained in 0.74s (simulated: 0.00s)
Client 27 uploaded with stats: loss=0.2962, grad_norm=28.2275, exec_time=0.00s
Client 17 trained in 0.82s (simulated: 0.00s)
Client 17 uploaded with stats: loss=0.0973, grad_norm=15.3528, exec_time=0.00s
Client 73 trained in 0.83s (simulated: 0.00s)
Client 73 uploaded with stats: loss=0.1005, grad_norm=12.1739, exec_time=0.00s
Client 14 trained in 0.86s (simulated: 0.00s)
Client 14 uploaded with stats: loss=0.3062, grad_norm=13.7170, exec_time=0.00s
Client 8 trained in 0.86s (simulated: 0.00s)
Client 8 uploaded with stats: loss=0.0484, grad_norm=14.6637, exec_time=0.00s
Client 20 trained in 0.96s (simulated: 0.00s)
Client 20 uploaded with stats: loss=0.1088, grad_norm=10.3764, exec_time=0.00s
Client 56 trained in 0.98s (simulated: 0.00s)
Client 56 uploaded with stats: loss=0.0546, grad_norm=9.4309, exec_time=0.00s
Epoch(t): 403 accuracy: 84.59 loss 0.4324354350566864 run_time: 656.967670917511
Current clients: 100, select: 10
| current_epoch 404 |. Begin client select
SchedulerThread select( 10 clients):
84 | 69 | 48 | 37 | 38 | 43 | 76 | 1 | 7 | 50 |
-----------------------------------------------------------------Schedule complete
Client 84 trained in 0.47s (simulated: 0.00s)
Client 84 uploaded with stats: loss=0.0821, grad_norm=11.6872, exec_time=0.00s
Client 38 trained in 0.60s (simulated: 0.00s)
Client 38 uploaded with stats: loss=0.2997, grad_norm=24.4209, exec_time=0.00s
Client 37 trained in 0.66s (simulated: 0.00s)
Client 37 uploaded with stats: loss=0.1587, grad_norm=20.6826, exec_time=0.00s
Client 76 trained in 0.68s (simulated: 0.00s)
Client 76 uploaded with stats: loss=0.0697, grad_norm=15.1732, exec_time=0.00s
Client 69 trained in 0.68s (simulated: 0.00s)
Client 69 uploaded with stats: loss=0.3929, grad_norm=20.5007, exec_time=0.00s
Client 50 trained in 0.85s (simulated: 0.00s)
Client 50 uploaded with stats: loss=0.1669, grad_norm=17.7149, exec_time=0.00s
Client 1 trained in 0.90s (simulated: 0.00s)
Client 1 uploaded with stats: loss=0.1534, grad_norm=16.1317, exec_time=0.00s
Client 48 trained in 0.91s (simulated: 0.00s)
Client 48 uploaded with stats: loss=0.2541, grad_norm=13.9004, exec_time=0.00s
Client 43 trained in 0.92s (simulated: 0.00s)
Client 43 uploaded with stats: loss=0.1132, grad_norm=17.1394, exec_time=0.00s
Client 7 trained in 0.98s (simulated: 0.00s)
Client 7 uploaded with stats: loss=0.0918, grad_norm=8.1358, exec_time=0.00s
Epoch(t): 404 accuracy: 80.58 loss 0.5146620237827301 run_time: 658.5544686317444
Current clients: 100, select: 10
| current_epoch 405 |. Begin client select
SchedulerThread select( 10 clients):
90 | 17 | 70 | 27 | 39 | 1 | 77 | 6 | 26 | 53 |
-----------------------------------------------------------------Schedule complete
Client 27 trained in 0.64s (simulated: 0.00s)
Client 27 uploaded with stats: loss=0.2914, grad_norm=28.2903, exec_time=0.00s
Client 77 trained in 0.72s (simulated: 0.00s)
Client 77 uploaded with stats: loss=0.2502, grad_norm=28.1321, exec_time=0.00s
Client 17 trained in 0.74s (simulated: 0.00s)
Client 17 uploaded with stats: loss=0.0969, grad_norm=15.3662, exec_time=0.00s
Client 70 trained in 0.98s (simulated: 0.00s)
Client 70 uploaded with stats: loss=0.1942, grad_norm=21.0418, exec_time=0.00s
Client 26 trained in 1.04s (simulated: 0.00s)
Client 26 uploaded with stats: loss=0.1118, grad_norm=16.5196, exec_time=0.00s
Client 90 trained in 1.20s (simulated: 0.00s)
Client 90 uploaded with stats: loss=0.1101, grad_norm=14.0214, exec_time=0.00s
Client 53 trained in 1.21s (simulated: 0.00s)
Client 53 uploaded with stats: loss=0.1496, grad_norm=14.7597, exec_time=0.00s
Client 39 trained in 1.24s (simulated: 0.00s)
Client 39 uploaded with stats: loss=0.4961, grad_norm=31.4796, exec_time=0.00s
Client 6 trained in 1.25s (simulated: 0.00s)
Client 6 uploaded with stats: loss=0.1995, grad_norm=16.2846, exec_time=0.00s
Client 1 trained in 1.29s (simulated: 0.00s)
Client 1 uploaded with stats: loss=0.1497, grad_norm=15.4712, exec_time=0.00s
Epoch(t): 405 accuracy: 84.8 loss 0.4160811337828636 run_time: 660.4660074710846
Current clients: 100, select: 10
| current_epoch 406 |. Begin client select
SchedulerThread select( 10 clients):
75 | 78 | 66 | 7 | 40 | 45 | 80 | 86 | 90 | 27 |
-----------------------------------------------------------------Schedule complete
Client 75 trained in 0.35s (simulated: 0.00s)
Client 75 uploaded with stats: loss=0.3423, grad_norm=27.5282, exec_time=0.00s
Client 90 trained in 0.43s (simulated: 0.00s)
Client 90 uploaded with stats: loss=0.1086, grad_norm=12.3622, exec_time=0.00s
Client 78 trained in 0.54s (simulated: 0.00s)
Client 78 uploaded with stats: loss=0.2016, grad_norm=15.5904, exec_time=0.00s
Client 40 trained in 0.64s (simulated: 0.00s)
Client 40 uploaded with stats: loss=0.1394, grad_norm=12.3714, exec_time=0.00s
Client 27 trained in 0.67s (simulated: 0.00s)
Client 27 uploaded with stats: loss=0.2957, grad_norm=29.5446, exec_time=0.00s
Client 80 trained in 0.77s (simulated: 0.00s)
Client 80 uploaded with stats: loss=0.1461, grad_norm=11.7090, exec_time=0.00s
Client 86 trained in 0.76s (simulated: 0.00s)
Client 86 uploaded with stats: loss=0.2638, grad_norm=20.3796, exec_time=0.00s
Client 45 trained in 0.86s (simulated: 0.00s)
Client 45 uploaded with stats: loss=0.1776, grad_norm=11.0638, exec_time=0.00s
Client 7 trained in 0.89s (simulated: 0.00s)
Client 7 uploaded with stats: loss=0.1072, grad_norm=9.5598, exec_time=0.00s
Client 66 trained in 0.88s (simulated: 0.00s)
Client 66 uploaded with stats: loss=0.0779, grad_norm=16.6088, exec_time=0.00s
Epoch(t): 406 accuracy: 83.25 loss 0.4419103848934174 run_time: 661.9767327308655
Current clients: 100, select: 10
| current_epoch 407 |. Begin client select
SchedulerThread select( 10 clients):
80 | 70 | 45 | 69 | 64 | 23 | 25 | 37 | 40 | 55 |
-----------------------------------------------------------------Schedule complete
Client 70 trained in 0.44s (simulated: 0.00s)
Client 70 uploaded with stats: loss=0.1848, grad_norm=17.6953, exec_time=0.00s
Client 25 trained in 0.49s (simulated: 0.00s)
Client 25 uploaded with stats: loss=0.2074, grad_norm=20.4896, exec_time=0.00s
Client 55 trained in 0.59s (simulated: 0.00s)
Client 55 uploaded with stats: loss=0.1629, grad_norm=17.9054, exec_time=0.00s
Client 69 trained in 0.64s (simulated: 0.00s)
Client 69 uploaded with stats: loss=0.3802, grad_norm=20.3079, exec_time=0.00s
Client 37 trained in 0.70s (simulated: 0.00s)
Client 37 uploaded with stats: loss=0.1686, grad_norm=23.3917, exec_time=0.00s
Client 40 trained in 0.74s (simulated: 0.00s)
Client 40 uploaded with stats: loss=0.1311, grad_norm=11.1988, exec_time=0.00s
Client 80 trained in 0.79s (simulated: 0.00s)
Client 80 uploaded with stats: loss=0.1543, grad_norm=14.8818, exec_time=0.00s
Client 45 trained in 0.84s (simulated: 0.00s)
Client 45 uploaded with stats: loss=0.1741, grad_norm=11.7813, exec_time=0.00s
Client 64 trained in 0.88s (simulated: 0.00s)
Client 64 uploaded with stats: loss=0.1658, grad_norm=15.6254, exec_time=0.00s
Client 23 trained in 0.90s (simulated: 0.00s)
Client 23 uploaded with stats: loss=0.1700, grad_norm=11.7908, exec_time=0.00s
Epoch(t): 407 accuracy: 80.48 loss 0.5272118279337883 run_time: 663.560786485672
Current clients: 100, select: 10
| current_epoch 408 |. Begin client select
SchedulerThread select( 10 clients):
39 | 5 | 73 | 49 | 37 | 78 | 2 | 26 | 35 | 84 |
-----------------------------------------------------------------Schedule complete
Client 5 trained in 0.47s (simulated: 0.00s)
Client 5 uploaded with stats: loss=0.2181, grad_norm=26.4422, exec_time=0.00s
Client 35 trained in 0.58s (simulated: 0.00s)
Client 35 uploaded with stats: loss=0.1622, grad_norm=15.6948, exec_time=0.00s
Client 37 trained in 0.67s (simulated: 0.00s)
Client 37 uploaded with stats: loss=0.1525, grad_norm=20.6729, exec_time=0.00s
Client 84 trained in 0.68s (simulated: 0.00s)
Client 84 uploaded with stats: loss=0.0776, grad_norm=10.2434, exec_time=0.00s
Client 78 trained in 0.79s (simulated: 0.00s)
Client 78 uploaded with stats: loss=0.2256, grad_norm=22.0180, exec_time=0.00s
Client 26 trained in 0.80s (simulated: 0.00s)
Client 26 uploaded with stats: loss=0.1120, grad_norm=18.8874, exec_time=0.00s
Client 39 trained in 0.86s (simulated: 0.00s)
Client 39 uploaded with stats: loss=0.4344, grad_norm=31.3020, exec_time=0.00s
Client 49 trained in 0.95s (simulated: 0.00s)
Client 49 uploaded with stats: loss=0.1707, grad_norm=8.7870, exec_time=0.00s
Client 73 trained in 0.99s (simulated: 0.00s)
Client 73 uploaded with stats: loss=0.0873, grad_norm=14.8427, exec_time=0.00s
Client 2 trained in 0.99s (simulated: 0.00s)
Client 2 uploaded with stats: loss=0.1159, grad_norm=16.6555, exec_time=0.00s
Epoch(t): 408 accuracy: 82.03 loss 0.48535056203603744 run_time: 665.16730260849
Current clients: 100, select: 10
| current_epoch 409 |. Begin client select
SchedulerThread select( 10 clients):
1 | 26 | 64 | 76 | 56 | 10 | 37 | 95 | 12 | 43 |
-----------------------------------------------------------------Schedule complete
Client 37 trained in 0.62s (simulated: 0.00s)
Client 37 uploaded with stats: loss=0.1587, grad_norm=22.1380, exec_time=0.00s
Client 76 trained in 0.69s (simulated: 0.00s)
Client 76 uploaded with stats: loss=0.0622, grad_norm=10.7979, exec_time=0.00s
Client 26 trained in 0.75s (simulated: 0.00s)
Client 26 uploaded with stats: loss=0.1019, grad_norm=14.6774, exec_time=0.00s
Client 95 trained in 0.73s (simulated: 0.00s)
Client 95 uploaded with stats: loss=0.0756, grad_norm=9.1985, exec_time=0.00s
Client 12 trained in 0.73s (simulated: 0.00s)
Client 12 uploaded with stats: loss=0.2385, grad_norm=25.7868, exec_time=0.00s
Client 1 trained in 0.93s (simulated: 0.00s)
Client 1 uploaded with stats: loss=0.1687, grad_norm=18.1380, exec_time=0.00s
Client 43 trained in 1.02s (simulated: 0.00s)
Client 43 uploaded with stats: loss=0.1028, grad_norm=13.5832, exec_time=0.00s
Client 56 trained in 1.03s (simulated: 0.00s)
Client 56 uploaded with stats: loss=0.0488, grad_norm=7.9126, exec_time=0.00s
Client 64 trained in 1.06s (simulated: 0.00s)
Client 64 uploaded with stats: loss=0.2419, grad_norm=26.6855, exec_time=0.00s
Client 10 trained in 1.06s (simulated: 0.00s)
Client 10 uploaded with stats: loss=0.2479, grad_norm=18.1887, exec_time=0.00s
Epoch(t): 409 accuracy: 79.4 loss 0.5418398299813271 run_time: 666.8624958992004
Current clients: 100, select: 10
| current_epoch 410 |. Begin client select
SchedulerThread select( 10 clients):
5 | 27 | 70 | 75 | 2 | 67 | 37 | 77 | 40 | 26 |
-----------------------------------------------------------------Schedule complete
Client 27 trained in 0.78s (simulated: 0.00s)
Client 27 uploaded with stats: loss=0.2912, grad_norm=28.4323, exec_time=0.00s
Client 70 trained in 0.84s (simulated: 0.00s)
Client 70 uploaded with stats: loss=0.1828, grad_norm=18.8649, exec_time=0.00s
Client 77 trained in 0.88s (simulated: 0.00s)
Client 77 uploaded with stats: loss=0.2414, grad_norm=26.3684, exec_time=0.00s
Client 37 trained in 0.88s (simulated: 0.00s)
Client 37 uploaded with stats: loss=0.1555, grad_norm=21.5136, exec_time=0.00s
Client 5 trained in 1.02s (simulated: 0.00s)
Client 5 uploaded with stats: loss=0.2259, grad_norm=25.2627, exec_time=0.00s
Client 75 trained in 1.06s (simulated: 0.00s)
Client 75 uploaded with stats: loss=0.3598, grad_norm=32.1702, exec_time=0.00s
Client 26 trained in 1.05s (simulated: 0.00s)
Client 26 uploaded with stats: loss=0.1064, grad_norm=16.5396, exec_time=0.00s
Client 40 trained in 1.18s (simulated: 0.00s)
Client 40 uploaded with stats: loss=0.1381, grad_norm=13.6196, exec_time=0.00s
Client 67 trained in 1.24s (simulated: 0.00s)
Client 67 uploaded with stats: loss=0.0845, grad_norm=8.9538, exec_time=0.00s
Client 2 trained in 1.26s (simulated: 0.00s)
Client 2 uploaded with stats: loss=0.1009, grad_norm=9.6293, exec_time=0.00s
Epoch(t): 410 accuracy: 82.23 loss 0.4879370674490929 run_time: 668.7661743164062
Current clients: 100, select: 10
| current_epoch 411 |. Begin client select
SchedulerThread select( 10 clients):
20 | 77 | 86 | 52 | 42 | 44 | 70 | 10 | 26 | 36 |
-----------------------------------------------------------------Schedule complete
Client 70 trained in 0.53s (simulated: 0.00s)
Client 70 uploaded with stats: loss=0.1887, grad_norm=19.8566, exec_time=0.00s
Client 44 trained in 0.57s (simulated: 0.00s)
Client 44 uploaded with stats: loss=0.0346, grad_norm=7.2498, exec_time=0.00s
Client 36 trained in 0.66s (simulated: 0.00s)
Client 36 uploaded with stats: loss=0.0623, grad_norm=9.3043, exec_time=0.00s
Client 77 trained in 0.76s (simulated: 0.00s)
Client 77 uploaded with stats: loss=0.2437, grad_norm=26.1327, exec_time=0.00s
Client 26 trained in 0.78s (simulated: 0.00s)
Client 26 uploaded with stats: loss=0.1017, grad_norm=15.2770, exec_time=0.00s
Client 52 trained in 0.86s (simulated: 0.00s)
Client 52 uploaded with stats: loss=0.2210, grad_norm=14.6145, exec_time=0.00s
Client 86 trained in 0.89s (simulated: 0.00s)
Client 86 uploaded with stats: loss=0.2568, grad_norm=18.1560, exec_time=0.00s
Client 42 trained in 1.01s (simulated: 0.00s)
Client 42 uploaded with stats: loss=0.1053, grad_norm=12.6775, exec_time=0.00s
Client 20 trained in 1.02s (simulated: 0.00s)
Client 20 uploaded with stats: loss=0.1132, grad_norm=11.2263, exec_time=0.00s
Client 10 trained in 1.03s (simulated: 0.00s)
Client 10 uploaded with stats: loss=0.2216, grad_norm=12.6217, exec_time=0.00s
Epoch(t): 411 accuracy: 82.9 loss 0.46112683922052383 run_time: 670.4445705413818
Current clients: 100, select: 10
| current_epoch 412 |. Begin client select
SchedulerThread select( 10 clients):
83 | 17 | 60 | 35 | 69 | 7 | 42 | 23 | 38 | 93 |
-----------------------------------------------------------------Schedule complete
Client 93 trained in 0.48s (simulated: 0.00s)
Client 93 uploaded with stats: loss=0.1208, grad_norm=17.4424, exec_time=0.00s
Client 17 trained in 0.52s (simulated: 0.00s)
Client 17 uploaded with stats: loss=0.0989, grad_norm=16.5921, exec_time=0.00s
Client 38 trained in 0.52s (simulated: 0.00s)
Client 38 uploaded with stats: loss=0.2909, grad_norm=25.1626, exec_time=0.00s
Client 35 trained in 0.66s (simulated: 0.00s)
Client 35 uploaded with stats: loss=0.1525, grad_norm=13.6186, exec_time=0.00s
Client 69 trained in 0.67s (simulated: 0.00s)
Client 69 uploaded with stats: loss=0.3923, grad_norm=21.8345, exec_time=0.00s
Client 60 trained in 0.84s (simulated: 0.00s)
Client 60 uploaded with stats: loss=0.1076, grad_norm=14.7094, exec_time=0.00s
Client 83 trained in 0.88s (simulated: 0.00s)
Client 83 uploaded with stats: loss=0.0936, grad_norm=17.2139, exec_time=0.00s
Client 7 trained in 0.89s (simulated: 0.00s)
Client 7 uploaded with stats: loss=0.1025, grad_norm=8.8931, exec_time=0.00s
Client 42 trained in 0.89s (simulated: 0.00s)
Client 42 uploaded with stats: loss=0.1097, grad_norm=15.0046, exec_time=0.00s
Client 23 trained in 0.97s (simulated: 0.00s)
Client 23 uploaded with stats: loss=0.2081, grad_norm=16.5357, exec_time=0.00s
Epoch(t): 412 accuracy: 83.88 loss 0.43775427907705305 run_time: 672.0513212680817
Current clients: 100, select: 10
| current_epoch 413 |. Begin client select
SchedulerThread select( 10 clients):
45 | 1 | 38 | 16 | 20 | 12 | 71 | 37 | 17 | 77 |
-----------------------------------------------------------------Schedule complete
Client 77 trained in 0.63s (simulated: 0.00s)
Client 77 uploaded with stats: loss=0.2468, grad_norm=28.2862, exec_time=0.00s
Client 37 trained in 0.75s (simulated: 0.00s)
Client 37 uploaded with stats: loss=0.1544, grad_norm=20.8963, exec_time=0.00s
Client 17 trained in 0.81s (simulated: 0.00s)
Client 17 uploaded with stats: loss=0.0911, grad_norm=14.2810, exec_time=0.00s
Client 16 trained in 0.85s (simulated: 0.00s)
Client 16 uploaded with stats: loss=0.2739, grad_norm=19.9476, exec_time=0.00s
Client 12 trained in 0.89s (simulated: 0.00s)
Client 12 uploaded with stats: loss=0.2472, grad_norm=28.3705, exec_time=0.00s
Client 38 trained in 0.92s (simulated: 0.00s)
Client 38 uploaded with stats: loss=0.3059, grad_norm=27.2358, exec_time=0.00s
Client 71 trained in 1.01s (simulated: 0.00s)
Client 71 uploaded with stats: loss=0.0881, grad_norm=8.5758, exec_time=0.00s
Client 1 trained in 1.04s (simulated: 0.00s)
Client 1 uploaded with stats: loss=0.1516, grad_norm=14.8477, exec_time=0.00s
Client 45 trained in 1.12s (simulated: 0.00s)
Client 45 uploaded with stats: loss=0.1688, grad_norm=9.5390, exec_time=0.00s
Client 20 trained in 1.12s (simulated: 0.00s)
Client 20 uploaded with stats: loss=0.1307, grad_norm=17.2306, exec_time=0.00s
Epoch(t): 413 accuracy: 79.46 loss 0.5431442791223526 run_time: 673.8232047557831
Current clients: 100, select: 10
| current_epoch 414 |. Begin client select
SchedulerThread select( 10 clients):
96 | 77 | 2 | 38 | 78 | 95 | 93 | 50 | 39 | 90 |
-----------------------------------------------------------------Schedule complete
Client 93 trained in 0.50s (simulated: 0.00s)
Client 93 uploaded with stats: loss=0.1336, grad_norm=23.9261, exec_time=0.00s
Client 90 trained in 0.56s (simulated: 0.00s)
Client 90 uploaded with stats: loss=0.1132, grad_norm=13.9238, exec_time=0.00s
Client 38 trained in 0.56s (simulated: 0.00s)
Client 38 uploaded with stats: loss=0.2901, grad_norm=24.3135, exec_time=0.00s
Client 77 trained in 0.59s (simulated: 0.00s)
Client 77 uploaded with stats: loss=0.2363, grad_norm=24.5159, exec_time=0.00s
Client 78 trained in 0.70s (simulated: 0.00s)
Client 78 uploaded with stats: loss=0.2076, grad_norm=19.0782, exec_time=0.00s
Client 95 trained in 0.83s (simulated: 0.00s)
Client 95 uploaded with stats: loss=0.0749, grad_norm=10.4038, exec_time=0.00s
Client 39 trained in 0.93s (simulated: 0.00s)
Client 39 uploaded with stats: loss=0.3654, grad_norm=26.4903, exec_time=0.00s
Client 50 trained in 0.94s (simulated: 0.00s)
Client 50 uploaded with stats: loss=0.2016, grad_norm=25.0948, exec_time=0.00s
Client 2 trained in 0.95s (simulated: 0.00s)
Client 2 uploaded with stats: loss=0.1182, grad_norm=17.6612, exec_time=0.00s
Client 96 trained in 1.00s (simulated: 0.00s)
Client 96 uploaded with stats: loss=0.0410, grad_norm=7.5326, exec_time=0.00s
Epoch(t): 414 accuracy: 81.54 loss 0.48235250562429427 run_time: 675.4083943367004
Current clients: 100, select: 10
| current_epoch 415 |. Begin client select
SchedulerThread select( 10 clients):
80 | 99 | 64 | 47 | 69 | 40 | 56 | 17 | 63 | 27 |
-----------------------------------------------------------------Schedule complete
Client 99 trained in 0.40s (simulated: 0.00s)
Client 99 uploaded with stats: loss=0.4545, grad_norm=32.9495, exec_time=0.00s
Client 47 trained in 0.44s (simulated: 0.00s)
Client 47 uploaded with stats: loss=0.2117, grad_norm=21.8590, exec_time=0.00s
Client 69 trained in 0.58s (simulated: 0.00s)
Client 69 uploaded with stats: loss=0.3617, grad_norm=17.3730, exec_time=0.00s
Client 27 trained in 0.58s (simulated: 0.00s)
Client 27 uploaded with stats: loss=0.3041, grad_norm=30.6534, exec_time=0.00s
Client 17 trained in 0.74s (simulated: 0.00s)
Client 17 uploaded with stats: loss=0.0950, grad_norm=15.6859, exec_time=0.00s
Client 40 trained in 0.75s (simulated: 0.00s)
Client 40 uploaded with stats: loss=0.1396, grad_norm=12.8846, exec_time=0.00s
Client 80 trained in 0.85s (simulated: 0.00s)
Client 80 uploaded with stats: loss=0.1306, grad_norm=10.2574, exec_time=0.00s
Client 64 trained in 0.89s (simulated: 0.00s)
Client 64 uploaded with stats: loss=0.1843, grad_norm=19.0294, exec_time=0.00s
Client 56 trained in 0.89s (simulated: 0.00s)
Client 56 uploaded with stats: loss=0.0436, grad_norm=7.3832, exec_time=0.00s
Client 63 trained in 0.93s (simulated: 0.00s)
Client 63 uploaded with stats: loss=0.1360, grad_norm=13.9310, exec_time=0.00s
Epoch(t): 415 accuracy: 85.21 loss 0.4098088191449642 run_time: 676.9732220172882
Current clients: 100, select: 10
| current_epoch 416 |. Begin client select
SchedulerThread select( 10 clients):
38 | 44 | 47 | 75 | 8 | 86 | 37 | 87 | 55 | 93 |
-----------------------------------------------------------------Schedule complete
Client 37 trained in 0.56s (simulated: 0.00s)
Client 37 uploaded with stats: loss=0.1607, grad_norm=22.2431, exec_time=0.00s
Client 93 trained in 0.60s (simulated: 0.00s)
Client 93 uploaded with stats: loss=0.1220, grad_norm=18.0349, exec_time=0.00s
Client 38 trained in 0.69s (simulated: 0.00s)
Client 38 uploaded with stats: loss=0.2824, grad_norm=23.0169, exec_time=0.00s
Client 47 trained in 0.70s (simulated: 0.00s)
Client 47 uploaded with stats: loss=0.2047, grad_norm=20.7751, exec_time=0.00s
Client 55 trained in 0.85s (simulated: 0.00s)
Client 55 uploaded with stats: loss=0.1470, grad_norm=14.6605, exec_time=0.00s
Client 75 trained in 0.88s (simulated: 0.00s)
Client 75 uploaded with stats: loss=0.3213, grad_norm=25.6987, exec_time=0.00s
Client 44 trained in 0.96s (simulated: 0.00s)
Client 44 uploaded with stats: loss=0.0294, grad_norm=7.3408, exec_time=0.00s
Client 86 trained in 0.98s (simulated: 0.00s)
Client 86 uploaded with stats: loss=0.2357, grad_norm=17.1765, exec_time=0.00s
Client 8 trained in 1.01s (simulated: 0.00s)
Client 8 uploaded with stats: loss=0.0369, grad_norm=7.7641, exec_time=0.00s
Client 87 trained in 1.10s (simulated: 0.00s)
Client 87 uploaded with stats: loss=0.0627, grad_norm=11.1464, exec_time=0.00s
Epoch(t): 416 accuracy: 84.91 loss 0.40620891213417054 run_time: 678.6889123916626
Current clients: 100, select: 10
| current_epoch 417 |. Begin client select
SchedulerThread select( 10 clients):
79 | 75 | 37 | 40 | 71 | 17 | 27 | 50 | 52 | 2 |
-----------------------------------------------------------------Schedule complete
Client 75 trained in 0.47s (simulated: 0.00s)
Client 75 uploaded with stats: loss=0.3450, grad_norm=29.4155, exec_time=0.00s
Client 27 trained in 0.67s (simulated: 0.00s)
Client 27 uploaded with stats: loss=0.2834, grad_norm=28.5237, exec_time=0.00s
Client 37 trained in 0.70s (simulated: 0.00s)
Client 37 uploaded with stats: loss=0.1547, grad_norm=21.3302, exec_time=0.00s
Client 71 trained in 0.76s (simulated: 0.00s)
Client 71 uploaded with stats: loss=0.0895, grad_norm=9.0334, exec_time=0.00s
Client 17 trained in 0.78s (simulated: 0.00s)
Client 17 uploaded with stats: loss=0.0957, grad_norm=15.7314, exec_time=0.00s
Client 40 trained in 0.91s (simulated: 0.00s)
Client 40 uploaded with stats: loss=0.1336, grad_norm=11.7427, exec_time=0.00s
Client 50 trained in 1.04s (simulated: 0.00s)
Client 50 uploaded with stats: loss=0.1548, grad_norm=12.9640, exec_time=0.00s
Client 2 trained in 1.05s (simulated: 0.00s)
Client 2 uploaded with stats: loss=0.0999, grad_norm=10.2832, exec_time=0.00s
Client 52 trained in 1.05s (simulated: 0.00s)
Client 52 uploaded with stats: loss=0.2332, grad_norm=15.5515, exec_time=0.00s
Client 79 trained in 1.13s (simulated: 0.00s)
Client 79 uploaded with stats: loss=0.0840, grad_norm=9.7242, exec_time=0.00s
Epoch(t): 417 accuracy: 84.92 loss 0.4161568070948124 run_time: 680.5199224948883
Current clients: 100, select: 10
| current_epoch 418 |. Begin client select
SchedulerThread select( 10 clients):
17 | 12 | 78 | 63 | 77 | 6 | 50 | 35 | 16 | 90 |
-----------------------------------------------------------------Schedule complete
Client 35 trained in 0.67s (simulated: 0.00s)
Client 35 uploaded with stats: loss=0.1550, grad_norm=15.4946, exec_time=0.00s
Client 12 trained in 0.68s (simulated: 0.00s)
Client 12 uploaded with stats: loss=0.2405, grad_norm=26.5466, exec_time=0.00s
Client 77 trained in 0.69s (simulated: 0.00s)
Client 77 uploaded with stats: loss=0.2409, grad_norm=27.5973, exec_time=0.00s
Client 17 trained in 0.80s (simulated: 0.00s)
Client 17 uploaded with stats: loss=0.0863, grad_norm=13.3933, exec_time=0.00s
Client 90 trained in 0.80s (simulated: 0.00s)
Client 90 uploaded with stats: loss=0.1024, grad_norm=11.2037, exec_time=0.00s
Client 78 trained in 0.93s (simulated: 0.00s)
Client 78 uploaded with stats: loss=0.2091, grad_norm=18.4634, exec_time=0.00s
Client 16 trained in 0.95s (simulated: 0.00s)
Client 16 uploaded with stats: loss=0.2569, grad_norm=17.5206, exec_time=0.00s
Client 6 trained in 1.03s (simulated: 0.00s)
Client 6 uploaded with stats: loss=0.1946, grad_norm=15.8398, exec_time=0.00s
Client 63 trained in 1.03s (simulated: 0.00s)
Client 63 uploaded with stats: loss=0.1198, grad_norm=11.0316, exec_time=0.00s
Client 50 trained in 1.13s (simulated: 0.00s)
Client 50 uploaded with stats: loss=0.1561, grad_norm=13.8948, exec_time=0.00s
Epoch(t): 418 accuracy: 82.39 loss 0.4713135716319084 run_time: 682.3434619903564
Current clients: 100, select: 10
| current_epoch 419 |. Begin client select
SchedulerThread select( 10 clients):
86 | 53 | 23 | 25 | 19 | 50 | 73 | 99 | 60 | 95 |
-----------------------------------------------------------------Schedule complete
Client 53 trained in 0.36s (simulated: 0.00s)
Client 53 uploaded with stats: loss=0.1556, grad_norm=14.0281, exec_time=0.00s
Client 25 trained in 0.40s (simulated: 0.00s)
Client 25 uploaded with stats: loss=0.2227, grad_norm=23.1624, exec_time=0.00s
Client 73 trained in 0.42s (simulated: 0.00s)
Client 73 uploaded with stats: loss=0.0866, grad_norm=11.5317, exec_time=0.00s
Client 99 trained in 0.41s (simulated: 0.00s)
Client 99 uploaded with stats: loss=0.4142, grad_norm=29.4469, exec_time=0.00s
Client 95 trained in 0.46s (simulated: 0.00s)
Client 95 uploaded with stats: loss=0.0675, grad_norm=8.9842, exec_time=0.00s
Client 50 trained in 0.59s (simulated: 0.00s)
Client 50 uploaded with stats: loss=0.1806, grad_norm=21.7044, exec_time=0.00s
Client 86 trained in 0.62s (simulated: 0.00s)
Client 86 uploaded with stats: loss=0.2420, grad_norm=18.3216, exec_time=0.00s
Client 60 trained in 0.64s (simulated: 0.00s)
Client 60 uploaded with stats: loss=0.0961, grad_norm=9.5166, exec_time=0.00s
Client 23 trained in 0.73s (simulated: 0.00s)
Client 23 uploaded with stats: loss=0.1498, grad_norm=9.1223, exec_time=0.00s
Client 19 trained in 0.76s (simulated: 0.00s)
Client 19 uploaded with stats: loss=0.0656, grad_norm=13.1404, exec_time=0.00s
Epoch(t): 419 accuracy: 81.05 loss 0.5125856459140777 run_time: 683.7644970417023
Current clients: 100, select: 10
| current_epoch 420 |. Begin client select
SchedulerThread select( 10 clients):
38 | 77 | 43 | 52 | 69 | 84 | 90 | 7 | 6 | 93 |
-----------------------------------------------------------------Schedule complete
Client 77 trained in 0.61s (simulated: 0.00s)
Client 77 uploaded with stats: loss=0.2355, grad_norm=24.4410, exec_time=0.00s
Client 93 trained in 0.61s (simulated: 0.00s)
Client 93 uploaded with stats: loss=0.1187, grad_norm=17.9140, exec_time=0.00s
Client 38 trained in 0.65s (simulated: 0.00s)
Client 38 uploaded with stats: loss=0.2825, grad_norm=22.6768, exec_time=0.00s
Client 84 trained in 0.66s (simulated: 0.00s)
Client 84 uploaded with stats: loss=0.0738, grad_norm=9.5105, exec_time=0.00s
Client 90 trained in 0.86s (simulated: 0.00s)
Client 90 uploaded with stats: loss=0.1042, grad_norm=11.9862, exec_time=0.00s
Client 6 trained in 0.91s (simulated: 0.00s)
Client 6 uploaded with stats: loss=0.1895, grad_norm=16.6706, exec_time=0.00s
Client 69 trained in 0.92s (simulated: 0.00s)
Client 69 uploaded with stats: loss=0.3721, grad_norm=19.7254, exec_time=0.00s
Client 7 trained in 1.01s (simulated: 0.00s)
Client 7 uploaded with stats: loss=0.1186, grad_norm=10.3537, exec_time=0.00s
Client 52 trained in 1.01s (simulated: 0.00s)
Client 52 uploaded with stats: loss=0.2443, grad_norm=17.0463, exec_time=0.00s
Client 43 trained in 1.02s (simulated: 0.00s)
Client 43 uploaded with stats: loss=0.1104, grad_norm=15.2189, exec_time=0.00s
Epoch(t): 420 accuracy: 80.96 loss 0.5003486812114716 run_time: 685.3549373149872
Current clients: 100, select: 10
| current_epoch 421 |. Begin client select
SchedulerThread select( 10 clients):
64 | 37 | 19 | 38 | 67 | 43 | 73 | 16 | 42 | 34 |
-----------------------------------------------------------------Schedule complete
Client 73 trained in 0.42s (simulated: 0.00s)
Client 73 uploaded with stats: loss=0.0811, grad_norm=10.7329, exec_time=0.00s
Client 37 trained in 0.52s (simulated: 0.00s)
Client 37 uploaded with stats: loss=0.1522, grad_norm=20.7595, exec_time=0.00s
Client 16 trained in 0.51s (simulated: 0.00s)
Client 16 uploaded with stats: loss=0.2666, grad_norm=19.4426, exec_time=0.00s
Client 38 trained in 0.54s (simulated: 0.00s)
Client 38 uploaded with stats: loss=0.2762, grad_norm=22.0766, exec_time=0.00s
Client 43 trained in 0.69s (simulated: 0.00s)
Client 43 uploaded with stats: loss=0.1059, grad_norm=15.0392, exec_time=0.00s
Client 19 trained in 0.75s (simulated: 0.00s)
Client 19 uploaded with stats: loss=0.0567, grad_norm=9.2369, exec_time=0.00s
Client 42 trained in 0.81s (simulated: 0.00s)
Client 42 uploaded with stats: loss=0.0881, grad_norm=8.9448, exec_time=0.00s
Client 64 trained in 0.84s (simulated: 0.00s)
Client 64 uploaded with stats: loss=0.2619, grad_norm=30.2503, exec_time=0.00s
Client 67 trained in 0.89s (simulated: 0.00s)
Client 67 uploaded with stats: loss=0.0828, grad_norm=9.2132, exec_time=0.00s
Client 34 trained in 0.93s (simulated: 0.00s)
Client 34 uploaded with stats: loss=0.0541, grad_norm=6.7959, exec_time=0.00s
Epoch(t): 421 accuracy: 78.32 loss 0.5861007237434387 run_time: 686.856938123703
Current clients: 100, select: 10
| current_epoch 422 |. Begin client select
SchedulerThread select( 10 clients):
38 | 25 | 1 | 69 | 86 | 77 | 50 | 75 | 47 | 95 |
-----------------------------------------------------------------Schedule complete
Client 25 trained in 0.49s (simulated: 0.00s)
Client 25 uploaded with stats: loss=0.2169, grad_norm=22.8402, exec_time=0.00s
Client 47 trained in 0.58s (simulated: 0.00s)
Client 47 uploaded with stats: loss=0.1866, grad_norm=18.2220, exec_time=0.00s
Client 38 trained in 0.65s (simulated: 0.00s)
Client 38 uploaded with stats: loss=0.2847, grad_norm=24.8708, exec_time=0.00s
Client 75 trained in 0.68s (simulated: 0.00s)
Client 75 uploaded with stats: loss=0.3997, grad_norm=40.3641, exec_time=0.00s
Client 77 trained in 0.77s (simulated: 0.00s)
Client 77 uploaded with stats: loss=0.2406, grad_norm=26.1809, exec_time=0.00s
Client 95 trained in 0.84s (simulated: 0.00s)
Client 95 uploaded with stats: loss=0.0766, grad_norm=11.3297, exec_time=0.00s
Client 69 trained in 0.93s (simulated: 0.00s)
Client 69 uploaded with stats: loss=0.3797, grad_norm=20.8389, exec_time=0.00s
Client 86 trained in 1.02s (simulated: 0.00s)
Client 86 uploaded with stats: loss=0.3053, grad_norm=27.2177, exec_time=0.00s
Client 1 trained in 1.08s (simulated: 0.00s)
Client 1 uploaded with stats: loss=0.1425, grad_norm=14.2730, exec_time=0.00s
Client 50 trained in 1.08s (simulated: 0.00s)
Client 50 uploaded with stats: loss=0.1568, grad_norm=16.5193, exec_time=0.00s
Epoch(t): 422 accuracy: 82.78 loss 0.45587428569793703 run_time: 688.650812625885
Current clients: 100, select: 10
| current_epoch 423 |. Begin client select
SchedulerThread select( 10 clients):
26 | 47 | 6 | 75 | 77 | 5 | 93 | 55 | 12 | 79 |
-----------------------------------------------------------------Schedule complete
Client 77 trained in 0.78s (simulated: 0.00s)
Client 77 uploaded with stats: loss=0.2403, grad_norm=26.8646, exec_time=0.00s
Client 26 trained in 0.78s (simulated: 0.00s)
Client 26 uploaded with stats: loss=0.1092, grad_norm=16.1738, exec_time=0.00s
Client 12 trained in 0.88s (simulated: 0.00s)
Client 12 uploaded with stats: loss=0.2350, grad_norm=24.4374, exec_time=0.00s
Client 5 trained in 0.98s (simulated: 0.00s)
Client 5 uploaded with stats: loss=0.1999, grad_norm=20.1022, exec_time=0.00s
Client 93 trained in 1.02s (simulated: 0.00s)
Client 93 uploaded with stats: loss=0.1189, grad_norm=17.4609, exec_time=0.00s
Client 47 trained in 1.12s (simulated: 0.00s)
Client 47 uploaded with stats: loss=0.2108, grad_norm=22.2946, exec_time=0.00s
Client 55 trained in 1.23s (simulated: 0.00s)
Client 55 uploaded with stats: loss=0.1554, grad_norm=14.6233, exec_time=0.00s
Client 75 trained in 1.26s (simulated: 0.00s)
Client 75 uploaded with stats: loss=0.3297, grad_norm=26.5369, exec_time=0.00s
Client 6 trained in 1.33s (simulated: 0.00s)
Client 6 uploaded with stats: loss=0.1997, grad_norm=16.7635, exec_time=0.00s
Client 79 trained in 1.35s (simulated: 0.00s)
Client 79 uploaded with stats: loss=0.1108, grad_norm=14.4693, exec_time=0.00s
Epoch(t): 423 accuracy: 82.48 loss 0.46645438075065615 run_time: 690.6310312747955
Current clients: 100, select: 10
| current_epoch 424 |. Begin client select
SchedulerThread select( 10 clients):
52 | 97 | 17 | 26 | 2 | 77 | 1 | 78 | 40 | 44 |
-----------------------------------------------------------------Schedule complete
Client 78 trained in 0.66s (simulated: 0.00s)
Client 78 uploaded with stats: loss=0.2038, grad_norm=16.0175, exec_time=0.00s
Client 77 trained in 0.75s (simulated: 0.00s)
Client 77 uploaded with stats: loss=0.2278, grad_norm=25.0176, exec_time=0.00s
Client 17 trained in 0.77s (simulated: 0.00s)
Client 17 uploaded with stats: loss=0.0920, grad_norm=15.6164, exec_time=0.00s
Client 1 trained in 0.78s (simulated: 0.00s)
Client 1 uploaded with stats: loss=0.1426, grad_norm=12.6130, exec_time=0.00s
Client 26 trained in 0.94s (simulated: 0.00s)
Client 26 uploaded with stats: loss=0.1084, grad_norm=16.9092, exec_time=0.00s
Client 40 trained in 1.00s (simulated: 0.00s)
Client 40 uploaded with stats: loss=0.1348, grad_norm=11.5403, exec_time=0.00s
Client 44 trained in 1.05s (simulated: 0.00s)
Client 44 uploaded with stats: loss=0.0293, grad_norm=6.3789, exec_time=0.00s
Client 97 trained in 1.08s (simulated: 0.00s)
Client 97 uploaded with stats: loss=0.1764, grad_norm=13.6458, exec_time=0.00s
Client 2 trained in 1.11s (simulated: 0.00s)
Client 2 uploaded with stats: loss=0.1120, grad_norm=14.3653, exec_time=0.00s
Client 52 trained in 1.13s (simulated: 0.00s)
Client 52 uploaded with stats: loss=0.2254, grad_norm=13.8032, exec_time=0.00s
Epoch(t): 424 accuracy: 82.9 loss 0.46254808396101 run_time: 692.4296085834503
Current clients: 100, select: 10
| current_epoch 425 |. Begin client select
SchedulerThread select( 10 clients):
95 | 3 | 86 | 52 | 48 | 56 | 6 | 5 | 75 | 12 |
-----------------------------------------------------------------Schedule complete
Client 75 trained in 0.34s (simulated: 0.00s)
Client 75 uploaded with stats: loss=0.3311, grad_norm=27.9650, exec_time=0.00s
Client 5 trained in 0.45s (simulated: 0.00s)
Client 5 uploaded with stats: loss=0.2078, grad_norm=22.9358, exec_time=0.00s
Client 95 trained in 0.63s (simulated: 0.00s)
Client 95 uploaded with stats: loss=0.0715, grad_norm=9.7484, exec_time=0.00s
Client 52 trained in 0.71s (simulated: 0.00s)
Client 52 uploaded with stats: loss=0.2603, grad_norm=19.9819, exec_time=0.00s
Client 6 trained in 0.72s (simulated: 0.00s)
Client 6 uploaded with stats: loss=0.2027, grad_norm=17.9231, exec_time=0.00s
Client 12 trained in 0.76s (simulated: 0.00s)
Client 12 uploaded with stats: loss=0.2299, grad_norm=25.5764, exec_time=0.00s
Client 86 trained in 0.74s (simulated: 0.00s)
Client 86 uploaded with stats: loss=0.2241, grad_norm=13.5207, exec_time=0.00s
Client 3 trained in 0.88s (simulated: 0.00s)
Client 3 uploaded with stats: loss=0.1539, grad_norm=14.6022, exec_time=0.00s
Client 48 trained in 0.88s (simulated: 0.00s)
Client 48 uploaded with stats: loss=0.2521, grad_norm=13.5297, exec_time=0.00s
Client 56 trained in 0.91s (simulated: 0.00s)
Client 56 uploaded with stats: loss=0.0530, grad_norm=9.4331, exec_time=0.00s
Epoch(t): 425 accuracy: 81.46 loss 0.4955388057231903 run_time: 694.0131118297577
Current clients: 100, select: 10
| current_epoch 426 |. Begin client select
SchedulerThread select( 10 clients):
42 | 37 | 27 | 90 | 50 | 5 | 55 | 77 | 69 | 45 |
-----------------------------------------------------------------Schedule complete
Client 5 trained in 0.68s (simulated: 0.00s)
Client 5 uploaded with stats: loss=0.1969, grad_norm=19.5812, exec_time=0.00s
Client 37 trained in 0.72s (simulated: 0.00s)
Client 37 uploaded with stats: loss=0.1567, grad_norm=21.8744, exec_time=0.00s
Client 77 trained in 0.76s (simulated: 0.00s)
Client 77 uploaded with stats: loss=0.2334, grad_norm=25.3543, exec_time=0.00s
Client 27 trained in 0.80s (simulated: 0.00s)
Client 27 uploaded with stats: loss=0.2897, grad_norm=28.7288, exec_time=0.00s
Client 90 trained in 0.93s (simulated: 0.00s)
Client 90 uploaded with stats: loss=0.1135, grad_norm=14.6307, exec_time=0.00s
Client 69 trained in 1.05s (simulated: 0.00s)
Client 69 uploaded with stats: loss=0.3876, grad_norm=21.9730, exec_time=0.00s
Client 55 trained in 1.07s (simulated: 0.00s)
Client 55 uploaded with stats: loss=0.1614, grad_norm=16.4529, exec_time=0.00s
Client 42 trained in 1.21s (simulated: 0.00s)
Client 42 uploaded with stats: loss=0.1049, grad_norm=14.3854, exec_time=0.00s
Client 45 trained in 1.22s (simulated: 0.00s)
Client 45 uploaded with stats: loss=0.1817, grad_norm=13.3216, exec_time=0.00s
Client 50 trained in 1.21s (simulated: 0.00s)
Client 50 uploaded with stats: loss=0.1786, grad_norm=20.5643, exec_time=0.00s
Epoch(t): 426 accuracy: 77.45 loss 0.5823418417572975 run_time: 695.8939707279205
Current clients: 100, select: 10
| current_epoch 427 |. Begin client select
SchedulerThread select( 10 clients):
49 | 73 | 52 | 4 | 77 | 37 | 69 | 64 | 47 | 55 |
-----------------------------------------------------------------Schedule complete
Client 47 trained in 0.48s (simulated: 0.00s)
Client 47 uploaded with stats: loss=0.2124, grad_norm=30.3492, exec_time=0.00s
Client 55 trained in 0.65s (simulated: 0.00s)
Client 55 uploaded with stats: loss=0.1570, grad_norm=16.5570, exec_time=0.00s
Client 77 trained in 0.68s (simulated: 0.00s)
Client 77 uploaded with stats: loss=0.2267, grad_norm=24.5530, exec_time=0.00s
Client 37 trained in 0.75s (simulated: 0.00s)
Client 37 uploaded with stats: loss=0.1431, grad_norm=17.4777, exec_time=0.00s
Client 69 trained in 0.84s (simulated: 0.00s)
Client 69 uploaded with stats: loss=0.3693, grad_norm=19.4153, exec_time=0.00s
Client 52 trained in 0.91s (simulated: 0.00s)
Client 52 uploaded with stats: loss=0.2334, grad_norm=17.3999, exec_time=0.00s
Client 73 trained in 0.89s (simulated: 0.00s)
Client 73 uploaded with stats: loss=0.0875, grad_norm=11.3687, exec_time=0.00s
Client 64 trained in 0.97s (simulated: 0.00s)
Client 64 uploaded with stats: loss=0.3020, grad_norm=37.9698, exec_time=0.00s
Client 49 trained in 0.99s (simulated: 0.00s)
Client 49 uploaded with stats: loss=0.1996, grad_norm=14.6730, exec_time=0.00s
Client 4 trained in 1.02s (simulated: 0.00s)
Client 4 uploaded with stats: loss=0.2240, grad_norm=16.7511, exec_time=0.00s
Epoch(t): 427 accuracy: 79.73 loss 0.5304992002248764 run_time: 697.6084589958191
Current clients: 100, select: 10
| current_epoch 428 |. Begin client select
SchedulerThread select( 10 clients):
45 | 26 | 37 | 16 | 86 | 47 | 75 | 12 | 77 | 39 |
-----------------------------------------------------------------Schedule complete
Client 37 trained in 0.71s (simulated: 0.00s)
Client 37 uploaded with stats: loss=0.1439, grad_norm=19.2868, exec_time=0.00s
Client 77 trained in 0.75s (simulated: 0.00s)
Client 77 uploaded with stats: loss=0.2414, grad_norm=28.5547, exec_time=0.00s
Client 26 trained in 0.87s (simulated: 0.00s)
Client 26 uploaded with stats: loss=0.1113, grad_norm=16.9572, exec_time=0.00s
Client 47 trained in 0.91s (simulated: 0.00s)
Client 47 uploaded with stats: loss=0.2190, grad_norm=27.2544, exec_time=0.00s
Client 12 trained in 0.97s (simulated: 0.00s)
Client 12 uploaded with stats: loss=0.2272, grad_norm=24.3278, exec_time=0.00s
Client 75 trained in 1.05s (simulated: 0.00s)
Client 75 uploaded with stats: loss=0.3405, grad_norm=28.2572, exec_time=0.00s
Client 86 trained in 1.14s (simulated: 0.00s)
Client 86 uploaded with stats: loss=0.5547, grad_norm=46.3179, exec_time=0.00s
Client 16 trained in 1.14s (simulated: 0.00s)
Client 16 uploaded with stats: loss=0.2727, grad_norm=19.3376, exec_time=0.00s
Client 39 trained in 1.16s (simulated: 0.00s)
Client 39 uploaded with stats: loss=0.4231, grad_norm=28.5136, exec_time=0.00s
Client 45 trained in 1.19s (simulated: 0.00s)
Client 45 uploaded with stats: loss=0.1776, grad_norm=11.5445, exec_time=0.00s
Epoch(t): 428 accuracy: 82.3 loss 0.47345474153757094 run_time: 699.3663432598114
Current clients: 100, select: 10
| current_epoch 429 |. Begin client select
SchedulerThread select( 10 clients):
49 | 3 | 5 | 38 | 47 | 77 | 16 | 17 | 31 | 12 |
-----------------------------------------------------------------Schedule complete
Client 77 trained in 0.75s (simulated: 0.00s)
Client 77 uploaded with stats: loss=0.2300, grad_norm=26.0160, exec_time=0.00s
Client 12 trained in 0.75s (simulated: 0.00s)
Client 12 uploaded with stats: loss=0.2252, grad_norm=22.6453, exec_time=0.00s
Client 17 trained in 0.80s (simulated: 0.00s)
Client 17 uploaded with stats: loss=0.0938, grad_norm=15.1531, exec_time=0.00s
Client 38 trained in 0.85s (simulated: 0.00s)
Client 38 uploaded with stats: loss=0.2752, grad_norm=21.3374, exec_time=0.00s
Client 5 trained in 0.99s (simulated: 0.00s)
Client 5 uploaded with stats: loss=0.1985, grad_norm=19.8393, exec_time=0.00s
Client 47 trained in 1.26s (simulated: 0.00s)
Client 47 uploaded with stats: loss=0.2017, grad_norm=22.3677, exec_time=0.00s
Client 49 trained in 1.33s (simulated: 0.00s)
Client 49 uploaded with stats: loss=0.1800, grad_norm=9.5963, exec_time=0.00s
Client 16 trained in 1.37s (simulated: 0.00s)
Client 16 uploaded with stats: loss=0.2463, grad_norm=16.1638, exec_time=0.00s
Client 31 trained in 1.41s (simulated: 0.00s)
Client 31 uploaded with stats: loss=0.0519, grad_norm=7.7781, exec_time=0.00s
Client 3 trained in 1.43s (simulated: 0.00s)
Client 3 uploaded with stats: loss=0.1930, grad_norm=24.1352, exec_time=0.00s
Epoch(t): 429 accuracy: 81.29 loss 0.49590523228049277 run_time: 701.4466848373413
Current clients: 100, select: 10
| current_epoch 430 |. Begin client select
SchedulerThread select( 10 clients):
73 | 40 | 38 | 56 | 25 | 43 | 50 | 26 | 77 | 75 |
-----------------------------------------------------------------Schedule complete
Client 38 trained in 0.57s (simulated: 0.00s)
Client 38 uploaded with stats: loss=0.2890, grad_norm=24.5334, exec_time=0.00s
Client 25 trained in 0.61s (simulated: 0.00s)
Client 25 uploaded with stats: loss=0.2191, grad_norm=22.1103, exec_time=0.00s
Client 77 trained in 0.66s (simulated: 0.00s)
Client 77 uploaded with stats: loss=0.2261, grad_norm=24.2337, exec_time=0.00s
Client 26 trained in 0.70s (simulated: 0.00s)
Client 26 uploaded with stats: loss=0.1083, grad_norm=15.7552, exec_time=0.00s
Client 75 trained in 0.77s (simulated: 0.00s)
Client 75 uploaded with stats: loss=0.3602, grad_norm=31.5680, exec_time=0.00s
Client 73 trained in 0.96s (simulated: 0.00s)
Client 73 uploaded with stats: loss=0.0933, grad_norm=13.9727, exec_time=0.00s
Client 50 trained in 0.99s (simulated: 0.00s)
Client 50 uploaded with stats: loss=0.1867, grad_norm=21.4524, exec_time=0.00s
Client 40 trained in 1.02s (simulated: 0.00s)
Client 40 uploaded with stats: loss=0.1345, grad_norm=11.9084, exec_time=0.00s
Client 43 trained in 1.11s (simulated: 0.00s)
Client 43 uploaded with stats: loss=0.1030, grad_norm=12.9211, exec_time=0.00s
Client 56 trained in 1.15s (simulated: 0.00s)
Client 56 uploaded with stats: loss=0.0447, grad_norm=6.9119, exec_time=0.00s
Epoch(t): 430 accuracy: 83.45 loss 0.44015256002545355 run_time: 703.1785521507263
Current clients: 100, select: 10
| current_epoch 431 |. Begin client select
SchedulerThread select( 10 clients):
1 | 83 | 38 | 63 | 39 | 99 | 66 | 70 | 96 | 40 |
-----------------------------------------------------------------Schedule complete
Client 99 trained in 0.35s (simulated: 0.00s)
Client 99 uploaded with stats: loss=0.3817, grad_norm=26.7256, exec_time=0.00s
Client 70 trained in 0.47s (simulated: 0.00s)
Client 70 uploaded with stats: loss=0.1763, grad_norm=15.7577, exec_time=0.00s
Client 38 trained in 0.54s (simulated: 0.00s)
Client 38 uploaded with stats: loss=0.2653, grad_norm=19.9687, exec_time=0.00s
Client 40 trained in 0.56s (simulated: 0.00s)
Client 40 uploaded with stats: loss=0.1306, grad_norm=11.7151, exec_time=0.00s
Client 1 trained in 0.64s (simulated: 0.00s)
Client 1 uploaded with stats: loss=0.1460, grad_norm=14.9346, exec_time=0.00s
Client 39 trained in 0.67s (simulated: 0.00s)
Client 39 uploaded with stats: loss=0.3455, grad_norm=19.9777, exec_time=0.00s
Client 83 trained in 0.66s (simulated: 0.00s)
Client 83 uploaded with stats: loss=0.0888, grad_norm=16.6892, exec_time=0.00s
Client 66 trained in 0.71s (simulated: 0.00s)
Client 66 uploaded with stats: loss=0.0826, grad_norm=18.2247, exec_time=0.00s
Client 96 trained in 0.71s (simulated: 0.00s)
Client 96 uploaded with stats: loss=0.0389, grad_norm=6.0106, exec_time=0.00s
Client 63 trained in 0.73s (simulated: 0.00s)
Client 63 uploaded with stats: loss=0.1252, grad_norm=10.8801, exec_time=0.00s
Epoch(t): 431 accuracy: 82.88 loss 0.4719530422985554 run_time: 704.5497958660126
Current clients: 100, select: 10
| current_epoch 432 |. Begin client select
SchedulerThread select( 10 clients):
53 | 5 | 16 | 40 | 90 | 67 | 1 | 80 | 77 | 48 |
-----------------------------------------------------------------Schedule complete
Client 16 trained in 0.46s (simulated: 0.00s)
Client 16 uploaded with stats: loss=0.2512, grad_norm=17.6525, exec_time=0.00s
Client 5 trained in 0.48s (simulated: 0.00s)
Client 5 uploaded with stats: loss=0.1944, grad_norm=19.0533, exec_time=0.00s
Client 90 trained in 0.52s (simulated: 0.00s)
Client 90 uploaded with stats: loss=0.1058, grad_norm=11.6764, exec_time=0.00s
Client 53 trained in 0.66s (simulated: 0.00s)
Client 53 uploaded with stats: loss=0.1717, grad_norm=17.3790, exec_time=0.00s
Client 40 trained in 0.71s (simulated: 0.00s)
Client 40 uploaded with stats: loss=0.1324, grad_norm=12.0861, exec_time=0.00s
Client 1 trained in 0.77s (simulated: 0.00s)
Client 1 uploaded with stats: loss=0.1335, grad_norm=10.9565, exec_time=0.00s
Client 77 trained in 0.86s (simulated: 0.00s)
Client 77 uploaded with stats: loss=0.2513, grad_norm=30.8538, exec_time=0.00s
Client 48 trained in 0.89s (simulated: 0.00s)
Client 48 uploaded with stats: loss=0.2789, grad_norm=16.6035, exec_time=0.00s
Client 80 trained in 0.90s (simulated: 0.00s)
Client 80 uploaded with stats: loss=0.1589, grad_norm=14.3198, exec_time=0.00s
Client 67 trained in 0.94s (simulated: 0.00s)
Client 67 uploaded with stats: loss=0.0937, grad_norm=11.8379, exec_time=0.00s
Epoch(t): 432 accuracy: 81.63 loss 0.4756384176015854 run_time: 706.149219751358
Current clients: 100, select: 10
| current_epoch 433 |. Begin client select
SchedulerThread select( 10 clients):
77 | 43 | 2 | 12 | 75 | 78 | 25 | 42 | 37 | 73 |
-----------------------------------------------------------------Schedule complete
Client 25 trained in 0.59s (simulated: 0.00s)
Client 25 uploaded with stats: loss=0.2133, grad_norm=21.8328, exec_time=0.00s
Client 37 trained in 0.70s (simulated: 0.00s)
Client 37 uploaded with stats: loss=0.1449, grad_norm=19.1977, exec_time=0.00s
Client 75 trained in 0.74s (simulated: 0.00s)
Client 75 uploaded with stats: loss=0.3505, grad_norm=30.3320, exec_time=0.00s
Client 77 trained in 0.75s (simulated: 0.00s)
Client 77 uploaded with stats: loss=0.2293, grad_norm=25.6487, exec_time=0.00s
Client 12 trained in 0.74s (simulated: 0.00s)
Client 12 uploaded with stats: loss=0.2292, grad_norm=25.5083, exec_time=0.00s
Client 73 trained in 0.95s (simulated: 0.00s)
Client 73 uploaded with stats: loss=0.0868, grad_norm=12.8996, exec_time=0.00s
Client 78 trained in 1.00s (simulated: 0.00s)
Client 78 uploaded with stats: loss=0.1994, grad_norm=15.6080, exec_time=0.00s
Client 43 trained in 1.07s (simulated: 0.00s)
Client 43 uploaded with stats: loss=0.0969, grad_norm=10.7029, exec_time=0.00s
Client 2 trained in 1.08s (simulated: 0.00s)
Client 2 uploaded with stats: loss=0.1070, grad_norm=13.4598, exec_time=0.00s
Client 42 trained in 1.10s (simulated: 0.00s)
Client 42 uploaded with stats: loss=0.0975, grad_norm=14.8116, exec_time=0.00s
Epoch(t): 433 accuracy: 75.91 loss 0.6721095228195191 run_time: 707.9435694217682
Current clients: 100, select: 10
| current_epoch 434 |. Begin client select
SchedulerThread select( 10 clients):
55 | 79 | 3 | 77 | 53 | 12 | 48 | 84 | 90 | 70 |
-----------------------------------------------------------------Schedule complete
Client 70 trained in 0.47s (simulated: 0.00s)
Client 70 uploaded with stats: loss=0.1976, grad_norm=25.2156, exec_time=0.00s
Client 12 trained in 0.54s (simulated: 0.00s)
Client 12 uploaded with stats: loss=0.2167, grad_norm=21.3677, exec_time=0.00s
Client 77 trained in 0.60s (simulated: 0.00s)
Client 77 uploaded with stats: loss=0.2335, grad_norm=27.8773, exec_time=0.00s
Client 90 trained in 0.72s (simulated: 0.00s)
Client 90 uploaded with stats: loss=0.1058, grad_norm=12.5005, exec_time=0.00s
Client 84 trained in 0.82s (simulated: 0.00s)
Client 84 uploaded with stats: loss=0.0762, grad_norm=10.1436, exec_time=0.00s
Client 55 trained in 0.87s (simulated: 0.00s)
Client 55 uploaded with stats: loss=0.1566, grad_norm=15.8053, exec_time=0.00s
Client 79 trained in 0.95s (simulated: 0.00s)
Client 79 uploaded with stats: loss=0.0959, grad_norm=11.6594, exec_time=0.00s
Client 53 trained in 0.96s (simulated: 0.00s)
Client 53 uploaded with stats: loss=0.1474, grad_norm=13.8698, exec_time=0.00s
Client 48 trained in 0.95s (simulated: 0.00s)
Client 48 uploaded with stats: loss=0.2635, grad_norm=14.8091, exec_time=0.00s
Client 3 trained in 1.00s (simulated: 0.00s)
Client 3 uploaded with stats: loss=0.3107, grad_norm=41.2609, exec_time=0.00s
Epoch(t): 434 accuracy: 83.22 loss 0.44141236156225205 run_time: 709.5409834384918
Current clients: 100, select: 10
| current_epoch 435 |. Begin client select
SchedulerThread select( 10 clients):
40 | 50 | 79 | 56 | 83 | 53 | 71 | 12 | 17 | 99 |
-----------------------------------------------------------------Schedule complete
Client 53 trained in 0.35s (simulated: 0.00s)
Client 53 uploaded with stats: loss=0.1469, grad_norm=13.9496, exec_time=0.00s
Client 50 trained in 0.49s (simulated: 0.00s)
Client 50 uploaded with stats: loss=0.1739, grad_norm=17.6219, exec_time=0.00s
Client 17 trained in 0.55s (simulated: 0.00s)
Client 17 uploaded with stats: loss=0.0921, grad_norm=14.2114, exec_time=0.00s
Client 12 trained in 0.63s (simulated: 0.00s)
Client 12 uploaded with stats: loss=0.2198, grad_norm=23.5354, exec_time=0.00s
Client 71 trained in 0.66s (simulated: 0.00s)
Client 71 uploaded with stats: loss=0.0927, grad_norm=8.9564, exec_time=0.00s
Client 40 trained in 0.77s (simulated: 0.00s)
Client 40 uploaded with stats: loss=0.1403, grad_norm=12.4620, exec_time=0.00s
Client 99 trained in 0.83s (simulated: 0.00s)
Client 99 uploaded with stats: loss=0.4186, grad_norm=29.4430, exec_time=0.00s
Client 83 trained in 0.92s (simulated: 0.00s)
Client 83 uploaded with stats: loss=0.0949, grad_norm=19.1807, exec_time=0.00s
Client 79 trained in 0.97s (simulated: 0.00s)
Client 79 uploaded with stats: loss=0.0904, grad_norm=10.2296, exec_time=0.00s
Client 56 trained in 0.98s (simulated: 0.00s)
Client 56 uploaded with stats: loss=0.0446, grad_norm=7.3932, exec_time=0.00s
Epoch(t): 435 accuracy: 84.4 loss 0.42544379010796546 run_time: 711.1144177913666
Current clients: 100, select: 10
| current_epoch 436 |. Begin client select
SchedulerThread select( 10 clients):
16 | 70 | 86 | 20 | 77 | 12 | 27 | 47 | 37 | 49 |
-----------------------------------------------------------------Schedule complete
Client 37 trained in 0.71s (simulated: 0.00s)
Client 37 uploaded with stats: loss=0.1480, grad_norm=19.1816, exec_time=0.00s
Client 77 trained in 0.78s (simulated: 0.00s)
Client 77 uploaded with stats: loss=0.2358, grad_norm=26.8523, exec_time=0.00s
Client 27 trained in 0.82s (simulated: 0.00s)
Client 27 uploaded with stats: loss=0.2979, grad_norm=29.8256, exec_time=0.00s
Client 70 trained in 0.95s (simulated: 0.00s)
Client 70 uploaded with stats: loss=0.1774, grad_norm=18.4210, exec_time=0.00s
Client 12 trained in 1.00s (simulated: 0.00s)
Client 12 uploaded with stats: loss=0.2171, grad_norm=23.4461, exec_time=0.00s
Client 16 trained in 1.16s (simulated: 0.00s)
Client 16 uploaded with stats: loss=0.2620, grad_norm=18.5448, exec_time=0.00s
Client 47 trained in 1.15s (simulated: 0.00s)
Client 47 uploaded with stats: loss=0.2076, grad_norm=21.0283, exec_time=0.00s
Client 86 trained in 1.16s (simulated: 0.00s)
Client 86 uploaded with stats: loss=0.4194, grad_norm=35.0141, exec_time=0.00s
Client 20 trained in 1.18s (simulated: 0.00s)
Client 20 uploaded with stats: loss=0.1259, grad_norm=15.3790, exec_time=0.00s
Client 49 trained in 1.21s (simulated: 0.00s)
Client 49 uploaded with stats: loss=0.2007, grad_norm=11.9931, exec_time=0.00s
Epoch(t): 436 accuracy: 80.09 loss 0.5201215243339539 run_time: 712.9372131824493
Current clients: 100, select: 10
| current_epoch 437 |. Begin client select
SchedulerThread select( 10 clients):
77 | 27 | 93 | 52 | 97 | 12 | 25 | 69 | 95 | 55 |
-----------------------------------------------------------------Schedule complete
Client 27 trained in 0.76s (simulated: 0.00s)
Client 27 uploaded with stats: loss=0.2852, grad_norm=28.9190, exec_time=0.00s
Client 12 trained in 0.84s (simulated: 0.00s)
Client 12 uploaded with stats: loss=0.2156, grad_norm=22.5445, exec_time=0.00s
Client 77 trained in 0.87s (simulated: 0.00s)
Client 77 uploaded with stats: loss=0.2190, grad_norm=23.7950, exec_time=0.00s
Client 25 trained in 0.97s (simulated: 0.00s)
Client 25 uploaded with stats: loss=0.2056, grad_norm=19.6564, exec_time=0.00s
Client 93 trained in 0.99s (simulated: 0.00s)
Client 93 uploaded with stats: loss=0.1200, grad_norm=19.0327, exec_time=0.00s
Client 55 trained in 1.11s (simulated: 0.00s)
Client 55 uploaded with stats: loss=0.1549, grad_norm=15.2511, exec_time=0.00s
Client 69 trained in 1.21s (simulated: 0.00s)
Client 69 uploaded with stats: loss=0.3647, grad_norm=20.3368, exec_time=0.00s
Client 97 trained in 1.23s (simulated: 0.00s)
Client 97 uploaded with stats: loss=0.1745, grad_norm=11.5072, exec_time=0.00s
Client 95 trained in 1.24s (simulated: 0.00s)
Client 95 uploaded with stats: loss=0.0654, grad_norm=9.2100, exec_time=0.00s
Client 52 trained in 1.26s (simulated: 0.00s)
Client 52 uploaded with stats: loss=0.2336, grad_norm=14.7339, exec_time=0.00s
Epoch(t): 437 accuracy: 79.95 loss 0.5332040241360665 run_time: 714.8072304725647
Current clients: 100, select: 10
| current_epoch 438 |. Begin client select
SchedulerThread select( 10 clients):
67 | 93 | 5 | 77 | 10 | 99 | 50 | 12 | 26 | 25 |
-----------------------------------------------------------------Schedule complete
Client 77 trained in 0.65s (simulated: 0.00s)
Client 77 uploaded with stats: loss=0.2266, grad_norm=26.0523, exec_time=0.00s
Client 12 trained in 0.64s (simulated: 0.00s)
Client 12 uploaded with stats: loss=0.2028, grad_norm=19.7977, exec_time=0.00s
Client 26 trained in 0.78s (simulated: 0.00s)
Client 26 uploaded with stats: loss=0.1079, grad_norm=17.3466, exec_time=0.00s
Client 93 trained in 0.87s (simulated: 0.00s)
Client 93 uploaded with stats: loss=0.1187, grad_norm=18.4786, exec_time=0.00s
Client 25 trained in 0.87s (simulated: 0.00s)
Client 25 uploaded with stats: loss=0.1865, grad_norm=15.4906, exec_time=0.00s
Client 5 trained in 1.03s (simulated: 0.00s)
Client 5 uploaded with stats: loss=0.2084, grad_norm=21.8714, exec_time=0.00s
Client 99 trained in 1.12s (simulated: 0.00s)
Client 99 uploaded with stats: loss=0.3990, grad_norm=29.2021, exec_time=0.00s
Client 67 trained in 1.15s (simulated: 0.00s)
Client 67 uploaded with stats: loss=0.0724, grad_norm=7.9574, exec_time=0.00s
Client 50 trained in 1.14s (simulated: 0.00s)
Client 50 uploaded with stats: loss=0.1586, grad_norm=19.7822, exec_time=0.00s
Client 10 trained in 1.19s (simulated: 0.00s)
Client 10 uploaded with stats: loss=0.2168, grad_norm=16.3389, exec_time=0.00s
Epoch(t): 438 accuracy: 78.78 loss 0.5556858029961586 run_time: 716.6254498958588
Current clients: 100, select: 10
| current_epoch 439 |. Begin client select
SchedulerThread select( 10 clients):
3 | 75 | 27 | 40 | 80 | 45 | 20 | 52 | 17 | 93 |
-----------------------------------------------------------------Schedule complete
Client 75 trained in 0.49s (simulated: 0.00s)
Client 75 uploaded with stats: loss=0.3386, grad_norm=29.6986, exec_time=0.00s
Client 27 trained in 0.68s (simulated: 0.00s)
Client 27 uploaded with stats: loss=0.2922, grad_norm=29.5303, exec_time=0.00s
Client 40 trained in 0.70s (simulated: 0.00s)
Client 40 uploaded with stats: loss=0.1409, grad_norm=14.1397, exec_time=0.00s
Client 17 trained in 0.75s (simulated: 0.00s)
Client 17 uploaded with stats: loss=0.0951, grad_norm=16.2508, exec_time=0.00s
Client 93 trained in 0.83s (simulated: 0.00s)
Client 93 uploaded with stats: loss=0.1172, grad_norm=18.2167, exec_time=0.00s
Client 80 trained in 0.89s (simulated: 0.00s)
Client 80 uploaded with stats: loss=0.1470, grad_norm=13.5061, exec_time=0.00s
Client 52 trained in 0.95s (simulated: 0.00s)
Client 52 uploaded with stats: loss=0.2611, grad_norm=21.2038, exec_time=0.00s
Client 45 trained in 0.99s (simulated: 0.00s)
Client 45 uploaded with stats: loss=0.1784, grad_norm=13.0203, exec_time=0.00s
Client 20 trained in 0.99s (simulated: 0.00s)
Client 20 uploaded with stats: loss=0.1474, grad_norm=19.8393, exec_time=0.00s
Client 3 trained in 1.02s (simulated: 0.00s)
Client 3 uploaded with stats: loss=0.2174, grad_norm=27.7196, exec_time=0.00s
Epoch(t): 439 accuracy: 83.92 loss 0.44721752747893334 run_time: 718.187554359436
Current clients: 100, select: 10
| current_epoch 440 |. Begin client select
SchedulerThread select( 10 clients):
23 | 84 | 63 | 12 | 10 | 26 | 86 | 37 | 27 | 9 |
-----------------------------------------------------------------Schedule complete
Client 27 trained in 0.60s (simulated: 0.00s)
Client 27 uploaded with stats: loss=0.2762, grad_norm=26.7305, exec_time=0.00s
Client 37 trained in 0.65s (simulated: 0.00s)
Client 37 uploaded with stats: loss=0.1530, grad_norm=21.2620, exec_time=0.00s
Client 12 trained in 0.67s (simulated: 0.00s)
Client 12 uploaded with stats: loss=0.2297, grad_norm=28.0664, exec_time=0.00s
Client 86 trained in 0.87s (simulated: 0.00s)
Client 86 uploaded with stats: loss=0.3389, grad_norm=25.7073, exec_time=0.00s
Client 63 trained in 0.92s (simulated: 0.00s)
Client 63 uploaded with stats: loss=0.1138, grad_norm=8.9336, exec_time=0.00s
Client 84 trained in 0.97s (simulated: 0.00s)
Client 84 uploaded with stats: loss=0.0797, grad_norm=12.7374, exec_time=0.00s
Client 10 trained in 1.02s (simulated: 0.00s)
Client 10 uploaded with stats: loss=0.2263, grad_norm=13.4003, exec_time=0.00s
Client 26 trained in 1.06s (simulated: 0.00s)
Client 26 uploaded with stats: loss=0.1027, grad_norm=14.2918, exec_time=0.00s
Client 23 trained in 1.11s (simulated: 0.00s)
Client 23 uploaded with stats: loss=0.1518, grad_norm=8.7905, exec_time=0.00s
Client 9 trained in 1.10s (simulated: 0.00s)
Client 9 uploaded with stats: loss=0.0604, grad_norm=8.8240, exec_time=0.00s
Epoch(t): 440 accuracy: 81.58 loss 0.4947045904397964 run_time: 719.9274694919586
Current clients: 100, select: 10
| current_epoch 441 |. Begin client select
SchedulerThread select( 10 clients):
71 | 6 | 77 | 52 | 35 | 69 | 75 | 12 | 47 | 73 |
-----------------------------------------------------------------Schedule complete
Client 47 trained in 0.41s (simulated: 0.00s)
Client 47 uploaded with stats: loss=0.2007, grad_norm=25.5279, exec_time=0.00s
Client 35 trained in 0.68s (simulated: 0.00s)
Client 35 uploaded with stats: loss=0.1480, grad_norm=13.2166, exec_time=0.00s
Client 75 trained in 0.70s (simulated: 0.00s)
Client 75 uploaded with stats: loss=0.3583, grad_norm=32.2808, exec_time=0.00s
Client 12 trained in 0.71s (simulated: 0.00s)
Client 12 uploaded with stats: loss=0.2020, grad_norm=20.4905, exec_time=0.00s
Client 77 trained in 0.84s (simulated: 0.00s)
Client 77 uploaded with stats: loss=0.2269, grad_norm=25.2410, exec_time=0.00s
Client 73 trained in 0.90s (simulated: 0.00s)
Client 73 uploaded with stats: loss=0.0863, grad_norm=12.0230, exec_time=0.00s
Client 69 trained in 0.96s (simulated: 0.00s)
Client 69 uploaded with stats: loss=0.3598, grad_norm=19.2214, exec_time=0.00s
Client 71 trained in 1.09s (simulated: 0.00s)
Client 71 uploaded with stats: loss=0.0916, grad_norm=10.7930, exec_time=0.00s
Client 52 trained in 1.14s (simulated: 0.00s)
Client 52 uploaded with stats: loss=0.2305, grad_norm=16.1011, exec_time=0.00s
Client 6 trained in 1.15s (simulated: 0.00s)
Client 6 uploaded with stats: loss=0.2048, grad_norm=17.5946, exec_time=0.00s
Epoch(t): 441 accuracy: 80.22 loss 0.5224040669202804 run_time: 721.6920671463013
Current clients: 100, select: 10
| current_epoch 442 |. Begin client select
SchedulerThread select( 10 clients):
36 | 3 | 60 | 16 | 7 | 27 | 75 | 40 | 5 | 64 |
-----------------------------------------------------------------Schedule complete
Client 75 trained in 0.34s (simulated: 0.00s)
Client 75 uploaded with stats: loss=0.3456, grad_norm=28.9697, exec_time=0.00s
Client 5 trained in 0.41s (simulated: 0.00s)
Client 5 uploaded with stats: loss=0.2050, grad_norm=22.2484, exec_time=0.00s
Client 16 trained in 0.52s (simulated: 0.00s)
Client 16 uploaded with stats: loss=0.2493, grad_norm=16.8382, exec_time=0.00s
Client 40 trained in 0.60s (simulated: 0.00s)
Client 40 uploaded with stats: loss=0.1406, grad_norm=13.6783, exec_time=0.00s
Client 27 trained in 0.63s (simulated: 0.00s)
Client 27 uploaded with stats: loss=0.2947, grad_norm=31.4617, exec_time=0.00s
Client 36 trained in 0.77s (simulated: 0.00s)
Client 36 uploaded with stats: loss=0.0934, grad_norm=22.6033, exec_time=0.00s
Client 60 trained in 0.77s (simulated: 0.00s)
Client 60 uploaded with stats: loss=0.1043, grad_norm=11.7640, exec_time=0.00s
Client 3 trained in 0.81s (simulated: 0.00s)
Client 3 uploaded with stats: loss=0.2228, grad_norm=28.8776, exec_time=0.00s
Client 7 trained in 0.85s (simulated: 0.00s)
Client 7 uploaded with stats: loss=0.0938, grad_norm=7.7491, exec_time=0.00s
Client 64 trained in 0.84s (simulated: 0.00s)
Client 64 uploaded with stats: loss=0.2850, grad_norm=33.3128, exec_time=0.00s
Epoch(t): 442 accuracy: 79.86 loss 0.522399408519268 run_time: 723.1493287086487
Current clients: 100, select: 10
| current_epoch 443 |. Begin client select
SchedulerThread select( 10 clients):
7 | 25 | 40 | 38 | 26 | 50 | 75 | 39 | 93 | 77 |
-----------------------------------------------------------------Schedule complete
Client 93 trained in 0.70s (simulated: 0.00s)
Client 93 uploaded with stats: loss=0.1288, grad_norm=18.6621, exec_time=0.00s
Client 77 trained in 0.70s (simulated: 0.00s)
Client 77 uploaded with stats: loss=0.2405, grad_norm=27.6329, exec_time=0.00s
Client 26 trained in 0.78s (simulated: 0.00s)
Client 26 uploaded with stats: loss=0.1002, grad_norm=14.0066, exec_time=0.00s
Client 38 trained in 0.90s (simulated: 0.00s)
Client 38 uploaded with stats: loss=0.2738, grad_norm=21.1374, exec_time=0.00s
Client 25 trained in 0.97s (simulated: 0.00s)
Client 25 uploaded with stats: loss=0.2167, grad_norm=23.0691, exec_time=0.00s
Client 75 trained in 0.99s (simulated: 0.00s)
Client 75 uploaded with stats: loss=0.2957, grad_norm=23.2952, exec_time=0.00s
Client 7 trained in 1.11s (simulated: 0.00s)
Client 7 uploaded with stats: loss=0.0929, grad_norm=7.6457, exec_time=0.00s
Client 39 trained in 1.11s (simulated: 0.00s)
Client 39 uploaded with stats: loss=0.2504, grad_norm=11.4456, exec_time=0.00s
Client 50 trained in 1.18s (simulated: 0.00s)
Client 50 uploaded with stats: loss=0.1586, grad_norm=14.5271, exec_time=0.00s
Client 40 trained in 1.18s (simulated: 0.00s)
Client 40 uploaded with stats: loss=0.1290, grad_norm=11.8358, exec_time=0.00s
Epoch(t): 443 accuracy: 83.88 loss 0.4390477529168129 run_time: 724.9887561798096
Current clients: 100, select: 10
| current_epoch 444 |. Begin client select
SchedulerThread select( 10 clients):
42 | 26 | 35 | 56 | 77 | 3 | 55 | 38 | 40 | 69 |
-----------------------------------------------------------------Schedule complete
Client 38 trained in 0.57s (simulated: 0.00s)
Client 38 uploaded with stats: loss=0.2729, grad_norm=21.7467, exec_time=0.00s
Client 77 trained in 0.69s (simulated: 0.00s)
Client 77 uploaded with stats: loss=0.2263, grad_norm=25.5028, exec_time=0.00s
Client 26 trained in 0.71s (simulated: 0.00s)
Client 26 uploaded with stats: loss=0.1030, grad_norm=15.5852, exec_time=0.00s
Client 35 trained in 0.74s (simulated: 0.00s)
Client 35 uploaded with stats: loss=0.1475, grad_norm=14.1213, exec_time=0.00s
Client 55 trained in 0.91s (simulated: 0.00s)
Client 55 uploaded with stats: loss=0.1480, grad_norm=14.8046, exec_time=0.00s
Client 40 trained in 0.99s (simulated: 0.00s)
Client 40 uploaded with stats: loss=0.1342, grad_norm=12.1758, exec_time=0.00s
Client 69 trained in 1.02s (simulated: 0.00s)
Client 69 uploaded with stats: loss=0.3561, grad_norm=18.7801, exec_time=0.00s
Client 56 trained in 1.05s (simulated: 0.00s)
Client 56 uploaded with stats: loss=0.0511, grad_norm=7.9236, exec_time=0.00s
Client 3 trained in 1.05s (simulated: 0.00s)
Client 3 uploaded with stats: loss=0.1389, grad_norm=13.5918, exec_time=0.00s
Client 42 trained in 1.08s (simulated: 0.00s)
Client 42 uploaded with stats: loss=0.1065, grad_norm=14.0974, exec_time=0.00s
Epoch(t): 444 accuracy: 82.34 loss 0.48023349076509475 run_time: 726.6558516025543
Current clients: 100, select: 10
| current_epoch 445 |. Begin client select
SchedulerThread select( 10 clients):
75 | 38 | 80 | 67 | 76 | 49 | 73 | 84 | 27 | 26 |
-----------------------------------------------------------------Schedule complete
Client 27 trained in 0.55s (simulated: 0.00s)
Client 27 uploaded with stats: loss=0.2684, grad_norm=26.4032, exec_time=0.00s
Client 38 trained in 0.66s (simulated: 0.00s)
Client 38 uploaded with stats: loss=0.2817, grad_norm=24.2077, exec_time=0.00s
Client 84 trained in 0.65s (simulated: 0.00s)
Client 84 uploaded with stats: loss=0.0788, grad_norm=11.5485, exec_time=0.00s
Client 26 trained in 0.76s (simulated: 0.00s)
Client 26 uploaded with stats: loss=0.0973, grad_norm=14.0208, exec_time=0.00s
Client 75 trained in 0.78s (simulated: 0.00s)
Client 75 uploaded with stats: loss=0.3324, grad_norm=28.6732, exec_time=0.00s
Client 80 trained in 1.09s (simulated: 0.00s)
Client 80 uploaded with stats: loss=0.1400, grad_norm=12.1083, exec_time=0.00s
Client 73 trained in 1.09s (simulated: 0.00s)
Client 73 uploaded with stats: loss=0.0891, grad_norm=13.7635, exec_time=0.00s
Client 67 trained in 1.10s (simulated: 0.00s)
Client 67 uploaded with stats: loss=0.0815, grad_norm=8.5446, exec_time=0.00s
Client 49 trained in 1.09s (simulated: 0.00s)
Client 49 uploaded with stats: loss=0.2659, grad_norm=21.8741, exec_time=0.00s
Client 76 trained in 1.14s (simulated: 0.00s)
Client 76 uploaded with stats: loss=0.0660, grad_norm=12.1309, exec_time=0.00s
Epoch(t): 445 accuracy: 81.69 loss 0.47485468491911886 run_time: 728.4025173187256
Current clients: 100, select: 10
| current_epoch 446 |. Begin client select
SchedulerThread select( 10 clients):
38 | 16 | 37 | 56 | 93 | 47 | 76 | 6 | 69 | 25 |
-----------------------------------------------------------------Schedule complete
Client 37 trained in 0.56s (simulated: 0.00s)
Client 37 uploaded with stats: loss=0.1446, grad_norm=19.4443, exec_time=0.00s
Client 38 trained in 0.62s (simulated: 0.00s)
Client 38 uploaded with stats: loss=0.2785, grad_norm=24.4509, exec_time=0.00s
Client 93 trained in 0.70s (simulated: 0.00s)
Client 93 uploaded with stats: loss=0.1249, grad_norm=20.3824, exec_time=0.00s
Client 25 trained in 0.77s (simulated: 0.00s)
Client 25 uploaded with stats: loss=0.2050, grad_norm=20.0419, exec_time=0.00s
Client 47 trained in 0.92s (simulated: 0.00s)
Client 47 uploaded with stats: loss=0.2133, grad_norm=28.3102, exec_time=0.00s
Client 16 trained in 0.99s (simulated: 0.00s)
Client 16 uploaded with stats: loss=0.2487, grad_norm=17.8188, exec_time=0.00s
Client 69 trained in 1.12s (simulated: 0.00s)
Client 69 uploaded with stats: loss=0.3730, grad_norm=20.6422, exec_time=0.00s
Client 76 trained in 1.21s (simulated: 0.00s)
Client 76 uploaded with stats: loss=0.0626, grad_norm=11.8640, exec_time=0.00s
Client 6 trained in 1.22s (simulated: 0.00s)
Client 6 uploaded with stats: loss=0.1951, grad_norm=17.7620, exec_time=0.00s
Client 56 trained in 1.26s (simulated: 0.00s)
Client 56 uploaded with stats: loss=0.0363, grad_norm=7.9686, exec_time=0.00s
Epoch(t): 446 accuracy: 76.1 loss 0.6450851362943649 run_time: 730.2649319171906
Current clients: 100, select: 10
| current_epoch 447 |. Begin client select
SchedulerThread select( 10 clients):
12 | 69 | 27 | 38 | 77 | 25 | 26 | 52 | 10 | 53 |
-----------------------------------------------------------------Schedule complete
Client 27 trained in 0.67s (simulated: 0.00s)
Client 27 uploaded with stats: loss=0.3062, grad_norm=33.6342, exec_time=0.00s
Client 77 trained in 0.82s (simulated: 0.00s)
Client 77 uploaded with stats: loss=0.2265, grad_norm=25.7199, exec_time=0.00s
Client 26 trained in 0.87s (simulated: 0.00s)
Client 26 uploaded with stats: loss=0.1106, grad_norm=18.3731, exec_time=0.00s
Client 12 trained in 0.95s (simulated: 0.00s)
Client 12 uploaded with stats: loss=0.2100, grad_norm=21.3097, exec_time=0.00s
Client 38 trained in 1.03s (simulated: 0.00s)
Client 38 uploaded with stats: loss=0.2618, grad_norm=20.9752, exec_time=0.00s
Client 25 trained in 1.10s (simulated: 0.00s)
Client 25 uploaded with stats: loss=0.1904, grad_norm=17.6442, exec_time=0.00s
Client 53 trained in 1.17s (simulated: 0.00s)
Client 53 uploaded with stats: loss=0.1496, grad_norm=14.0502, exec_time=0.00s
Client 69 trained in 1.22s (simulated: 0.00s)
Client 69 uploaded with stats: loss=0.3547, grad_norm=18.0550, exec_time=0.00s
Client 10 trained in 1.23s (simulated: 0.00s)
Client 10 uploaded with stats: loss=0.2301, grad_norm=17.3906, exec_time=0.00s
Client 52 trained in 1.23s (simulated: 0.00s)
Client 52 uploaded with stats: loss=0.2513, grad_norm=18.7296, exec_time=0.00s
Epoch(t): 447 accuracy: 81.37 loss 0.48760838627815245 run_time: 732.1160845756531
Current clients: 100, select: 10
| current_epoch 448 |. Begin client select
SchedulerThread select( 10 clients):
23 | 75 | 25 | 90 | 93 | 5 | 6 | 12 | 99 | 77 |
-----------------------------------------------------------------Schedule complete
Client 25 trained in 0.60s (simulated: 0.00s)
Client 25 uploaded with stats: loss=0.2163, grad_norm=22.2835, exec_time=0.00s
Client 12 trained in 0.67s (simulated: 0.00s)
Client 12 uploaded with stats: loss=0.2153, grad_norm=23.1939, exec_time=0.00s
Client 93 trained in 0.74s (simulated: 0.00s)
Client 93 uploaded with stats: loss=0.1175, grad_norm=18.6385, exec_time=0.00s
Client 77 trained in 0.76s (simulated: 0.00s)
Client 77 uploaded with stats: loss=0.2146, grad_norm=22.7779, exec_time=0.00s
Client 5 trained in 0.86s (simulated: 0.00s)
Client 5 uploaded with stats: loss=0.1892, grad_norm=18.6197, exec_time=0.00s
Client 75 trained in 0.97s (simulated: 0.00s)
Client 75 uploaded with stats: loss=0.3687, grad_norm=32.0654, exec_time=0.00s
Client 23 trained in 1.11s (simulated: 0.00s)
Client 23 uploaded with stats: loss=0.1521, grad_norm=11.2945, exec_time=0.00s
Client 6 trained in 1.10s (simulated: 0.00s)
Client 6 uploaded with stats: loss=0.1974, grad_norm=17.3658, exec_time=0.00s
Client 99 trained in 1.11s (simulated: 0.00s)
Client 99 uploaded with stats: loss=0.4100, grad_norm=28.7576, exec_time=0.00s
Client 90 trained in 1.13s (simulated: 0.00s)
Client 90 uploaded with stats: loss=0.1052, grad_norm=12.2004, exec_time=0.00s
Epoch(t): 448 accuracy: 75.63 loss 0.6817323571443558 run_time: 733.857613325119
Current clients: 100, select: 10
| current_epoch 449 |. Begin client select
SchedulerThread select( 10 clients):
77 | 6 | 39 | 69 | 97 | 12 | 90 | 80 | 99 | 52 |
-----------------------------------------------------------------Schedule complete
Client 69 trained in 0.37s (simulated: 0.00s)
Client 69 uploaded with stats: loss=0.3444, grad_norm=16.9786, exec_time=0.00s
Client 90 trained in 0.46s (simulated: 0.00s)
Client 90 uploaded with stats: loss=0.1078, grad_norm=14.7728, exec_time=0.00s
Client 6 trained in 0.50s (simulated: 0.00s)
Client 6 uploaded with stats: loss=0.1711, grad_norm=13.5186, exec_time=0.00s
Client 99 trained in 0.58s (simulated: 0.00s)
Client 99 uploaded with stats: loss=0.4603, grad_norm=33.4389, exec_time=0.00s
Client 12 trained in 0.65s (simulated: 0.00s)
Client 12 uploaded with stats: loss=0.2040, grad_norm=19.9797, exec_time=0.00s
Client 77 trained in 0.77s (simulated: 0.00s)
Client 77 uploaded with stats: loss=0.2302, grad_norm=27.4781, exec_time=0.00s
Client 80 trained in 0.77s (simulated: 0.00s)
Client 80 uploaded with stats: loss=0.1312, grad_norm=10.9125, exec_time=0.00s
Client 39 trained in 0.80s (simulated: 0.00s)
Client 39 uploaded with stats: loss=0.4308, grad_norm=28.3673, exec_time=0.00s
Client 52 trained in 0.83s (simulated: 0.00s)
Client 52 uploaded with stats: loss=0.2371, grad_norm=17.2120, exec_time=0.00s
Client 97 trained in 0.83s (simulated: 0.00s)
Client 97 uploaded with stats: loss=0.2111, grad_norm=19.5807, exec_time=0.00s
Epoch(t): 449 accuracy: 75.25 loss 0.6810412073135376 run_time: 735.3503589630127
Current clients: 100, select: 10
| current_epoch 450 |. Begin client select
SchedulerThread select( 10 clients):
10 | 27 | 70 | 40 | 17 | 35 | 5 | 77 | 90 | 31 |
-----------------------------------------------------------------Schedule complete
Client 70 trained in 0.66s (simulated: 0.00s)
Client 70 uploaded with stats: loss=0.1988, grad_norm=24.6486, exec_time=0.00s
Client 27 trained in 0.69s (simulated: 0.00s)
Client 27 uploaded with stats: loss=0.2696, grad_norm=25.3396, exec_time=0.00s
Client 77 trained in 0.71s (simulated: 0.00s)
Client 77 uploaded with stats: loss=0.2210, grad_norm=26.5626, exec_time=0.00s
Client 17 trained in 0.82s (simulated: 0.00s)
Client 17 uploaded with stats: loss=0.0943, grad_norm=15.0430, exec_time=0.00s
Client 5 trained in 0.84s (simulated: 0.00s)
Client 5 uploaded with stats: loss=0.2065, grad_norm=23.1142, exec_time=0.00s
Client 35 trained in 0.98s (simulated: 0.00s)
Client 35 uploaded with stats: loss=0.1548, grad_norm=14.8110, exec_time=0.00s
Client 90 trained in 1.05s (simulated: 0.00s)
Client 90 uploaded with stats: loss=0.1081, grad_norm=12.6767, exec_time=0.00s
Client 40 trained in 1.10s (simulated: 0.00s)
Client 40 uploaded with stats: loss=0.1627, grad_norm=17.2090, exec_time=0.00s
Client 10 trained in 1.13s (simulated: 0.00s)
Client 10 uploaded with stats: loss=0.2789, grad_norm=25.8355, exec_time=0.00s
Client 31 trained in 1.16s (simulated: 0.00s)
Client 31 uploaded with stats: loss=0.0515, grad_norm=7.9396, exec_time=0.00s
Epoch(t): 450 accuracy: 84.43 loss 0.43411616623401644 run_time: 737.129387140274
Current clients: 100, select: 10
| current_epoch 451 |. Begin client select
SchedulerThread select( 10 clients):
78 | 2 | 20 | 99 | 93 | 31 | 35 | 1 | 63 | 69 |
-----------------------------------------------------------------Schedule complete
Client 78 trained in 0.42s (simulated: 0.00s)
Client 78 uploaded with stats: loss=0.2053, grad_norm=15.4695, exec_time=0.00s
Client 35 trained in 0.45s (simulated: 0.00s)
Client 35 uploaded with stats: loss=0.1379, grad_norm=12.1675, exec_time=0.00s
Client 69 trained in 0.55s (simulated: 0.00s)
Client 69 uploaded with stats: loss=0.3578, grad_norm=18.9049, exec_time=0.00s
Client 99 trained in 0.64s (simulated: 0.00s)
Client 99 uploaded with stats: loss=0.3152, grad_norm=19.1335, exec_time=0.00s
Client 93 trained in 0.64s (simulated: 0.00s)
Client 93 uploaded with stats: loss=0.1186, grad_norm=18.3195, exec_time=0.00s
Client 1 trained in 0.82s (simulated: 0.00s)
Client 1 uploaded with stats: loss=0.1511, grad_norm=15.2837, exec_time=0.00s
Client 2 trained in 0.88s (simulated: 0.00s)
Client 2 uploaded with stats: loss=0.1169, grad_norm=16.2075, exec_time=0.00s
Client 20 trained in 0.87s (simulated: 0.00s)
Client 20 uploaded with stats: loss=0.1185, grad_norm=14.3006, exec_time=0.00s
Client 31 trained in 0.92s (simulated: 0.00s)
Client 31 uploaded with stats: loss=0.0479, grad_norm=7.1566, exec_time=0.00s
Client 63 trained in 0.97s (simulated: 0.00s)
Client 63 uploaded with stats: loss=0.1217, grad_norm=12.0373, exec_time=0.00s
Epoch(t): 451 accuracy: 83.27 loss 0.46943776100873946 run_time: 738.713250875473
Current clients: 100, select: 10
| current_epoch 452 |. Begin client select
SchedulerThread select( 10 clients):
70 | 37 | 5 | 73 | 52 | 60 | 39 | 1 | 25 | 26 |
-----------------------------------------------------------------Schedule complete
Client 70 trained in 0.55s (simulated: 0.00s)
Client 70 uploaded with stats: loss=0.1791, grad_norm=16.5099, exec_time=0.00s
Client 25 trained in 0.66s (simulated: 0.00s)
Client 25 uploaded with stats: loss=0.2031, grad_norm=20.2958, exec_time=0.00s
Client 37 trained in 0.69s (simulated: 0.00s)
Client 37 uploaded with stats: loss=0.1567, grad_norm=22.8135, exec_time=0.00s
Client 26 trained in 0.73s (simulated: 0.00s)
Client 26 uploaded with stats: loss=0.1011, grad_norm=14.2003, exec_time=0.00s
Client 5 trained in 0.80s (simulated: 0.00s)
Client 5 uploaded with stats: loss=0.2132, grad_norm=23.8639, exec_time=0.00s
Client 73 trained in 0.93s (simulated: 0.00s)
Client 73 uploaded with stats: loss=0.0945, grad_norm=14.7077, exec_time=0.00s
Client 1 trained in 0.94s (simulated: 0.00s)
Client 1 uploaded with stats: loss=0.1236, grad_norm=10.1984, exec_time=0.00s
Client 60 trained in 1.04s (simulated: 0.00s)
Client 60 uploaded with stats: loss=0.0957, grad_norm=10.6942, exec_time=0.00s
Client 39 trained in 1.05s (simulated: 0.00s)
Client 39 uploaded with stats: loss=0.3272, grad_norm=21.2673, exec_time=0.00s
Client 52 trained in 1.07s (simulated: 0.00s)
Client 52 uploaded with stats: loss=0.2375, grad_norm=17.3792, exec_time=0.00s
Epoch(t): 452 accuracy: 81.54 loss 0.48991146713495254 run_time: 740.4214441776276
Current clients: 100, select: 10
| current_epoch 453 |. Begin client select
SchedulerThread select( 10 clients):
35 | 12 | 26 | 66 | 84 | 69 | 40 | 99 | 34 | 5 |
-----------------------------------------------------------------Schedule complete
Client 5 trained in 0.47s (simulated: 0.00s)
Client 5 uploaded with stats: loss=0.1872, grad_norm=20.5284, exec_time=0.00s
Client 35 trained in 0.58s (simulated: 0.00s)
Client 35 uploaded with stats: loss=0.1485, grad_norm=14.7771, exec_time=0.00s
Client 84 trained in 0.63s (simulated: 0.00s)
Client 84 uploaded with stats: loss=0.0779, grad_norm=11.6331, exec_time=0.00s
Client 69 trained in 0.67s (simulated: 0.00s)
Client 69 uploaded with stats: loss=0.3480, grad_norm=20.5871, exec_time=0.00s
Client 26 trained in 0.68s (simulated: 0.00s)
Client 26 uploaded with stats: loss=0.0997, grad_norm=16.3699, exec_time=0.00s
Client 12 trained in 0.69s (simulated: 0.00s)
Client 12 uploaded with stats: loss=0.2117, grad_norm=23.0304, exec_time=0.00s
Client 40 trained in 0.80s (simulated: 0.00s)
Client 40 uploaded with stats: loss=0.1488, grad_norm=15.9348, exec_time=0.00s
Client 99 trained in 0.83s (simulated: 0.00s)
Client 99 uploaded with stats: loss=0.3760, grad_norm=26.7284, exec_time=0.00s
Client 66 trained in 0.87s (simulated: 0.00s)
Client 66 uploaded with stats: loss=0.0909, grad_norm=21.4403, exec_time=0.00s
Client 34 trained in 0.91s (simulated: 0.00s)
Client 34 uploaded with stats: loss=0.0605, grad_norm=6.9542, exec_time=0.00s
Epoch(t): 453 accuracy: 82.24 loss 0.47810604110360144 run_time: 741.9326236248016
Current clients: 100, select: 10
| current_epoch 454 |. Begin client select
SchedulerThread select( 10 clients):
45 | 69 | 26 | 76 | 12 | 77 | 80 | 73 | 27 | 36 |
-----------------------------------------------------------------Schedule complete
Client 27 trained in 0.59s (simulated: 0.00s)
Client 27 uploaded with stats: loss=0.2781, grad_norm=27.6483, exec_time=0.00s
Client 77 trained in 0.71s (simulated: 0.00s)
Client 77 uploaded with stats: loss=0.2204, grad_norm=24.7855, exec_time=0.00s
Client 26 trained in 0.81s (simulated: 0.00s)
Client 26 uploaded with stats: loss=0.0941, grad_norm=13.8932, exec_time=0.00s
Client 73 trained in 0.90s (simulated: 0.00s)
Client 73 uploaded with stats: loss=0.0929, grad_norm=14.1556, exec_time=0.00s
Client 12 trained in 0.94s (simulated: 0.00s)
Client 12 uploaded with stats: loss=0.2126, grad_norm=22.6987, exec_time=0.00s
Client 69 trained in 1.09s (simulated: 0.00s)
Client 69 uploaded with stats: loss=0.3424, grad_norm=18.7923, exec_time=0.00s
Client 76 trained in 1.11s (simulated: 0.00s)
Client 76 uploaded with stats: loss=0.0631, grad_norm=12.3881, exec_time=0.00s
Client 80 trained in 1.16s (simulated: 0.00s)
Client 80 uploaded with stats: loss=0.1292, grad_norm=10.2789, exec_time=0.00s
Client 36 trained in 1.23s (simulated: 0.00s)
Client 36 uploaded with stats: loss=0.0652, grad_norm=11.3103, exec_time=0.00s
Client 45 trained in 1.26s (simulated: 0.00s)
Client 45 uploaded with stats: loss=0.1761, grad_norm=15.3937, exec_time=0.00s
Epoch(t): 454 accuracy: 78.13 loss 0.590925139784813 run_time: 743.8531322479248
Current clients: 100, select: 10
| current_epoch 455 |. Begin client select
SchedulerThread select( 10 clients):
16 | 70 | 40 | 35 | 93 | 45 | 97 | 50 | 52 | 12 |
-----------------------------------------------------------------Schedule complete
Client 70 trained in 0.50s (simulated: 0.00s)
Client 70 uploaded with stats: loss=0.1901, grad_norm=21.8326, exec_time=0.00s
Client 12 trained in 0.61s (simulated: 0.00s)
Client 12 uploaded with stats: loss=0.2053, grad_norm=21.2623, exec_time=0.00s
Client 35 trained in 0.62s (simulated: 0.00s)
Client 35 uploaded with stats: loss=0.1439, grad_norm=15.2084, exec_time=0.00s
Client 16 trained in 0.63s (simulated: 0.00s)
Client 16 uploaded with stats: loss=0.2569, grad_norm=18.4034, exec_time=0.00s
Client 93 trained in 0.65s (simulated: 0.00s)
Client 93 uploaded with stats: loss=0.1100, grad_norm=16.9395, exec_time=0.00s
Client 40 trained in 0.80s (simulated: 0.00s)
Client 40 uploaded with stats: loss=0.1419, grad_norm=13.7130, exec_time=0.00s
Client 52 trained in 0.92s (simulated: 0.00s)
Client 52 uploaded with stats: loss=0.2619, grad_norm=22.0754, exec_time=0.00s
Client 97 trained in 0.94s (simulated: 0.00s)
Client 97 uploaded with stats: loss=0.1776, grad_norm=10.8775, exec_time=0.00s
Client 45 trained in 0.94s (simulated: 0.00s)
Client 45 uploaded with stats: loss=0.1873, grad_norm=14.7998, exec_time=0.00s
Client 50 trained in 0.96s (simulated: 0.00s)
Client 50 uploaded with stats: loss=0.1877, grad_norm=23.0409, exec_time=0.00s
Epoch(t): 455 accuracy: 83.87 loss 0.4395737278461456 run_time: 745.4157254695892
Current clients: 100, select: 10
| current_epoch 456 |. Begin client select
SchedulerThread select( 10 clients):
78 | 27 | 34 | 26 | 73 | 37 | 53 | 1 | 31 | 75 |
-----------------------------------------------------------------Schedule complete
Client 75 trained in 0.48s (simulated: 0.00s)
Client 75 uploaded with stats: loss=0.3485, grad_norm=30.3103, exec_time=0.00s
Client 27 trained in 0.63s (simulated: 0.00s)
Client 27 uploaded with stats: loss=0.2962, grad_norm=31.1793, exec_time=0.00s
Client 37 trained in 0.69s (simulated: 0.00s)
Client 37 uploaded with stats: loss=0.1443, grad_norm=19.5248, exec_time=0.00s
Client 73 trained in 0.75s (simulated: 0.00s)
Client 73 uploaded with stats: loss=0.0880, grad_norm=12.5477, exec_time=0.00s
Client 26 trained in 0.76s (simulated: 0.00s)
Client 26 uploaded with stats: loss=0.1002, grad_norm=16.1649, exec_time=0.00s
Client 78 trained in 0.87s (simulated: 0.00s)
Client 78 uploaded with stats: loss=0.2121, grad_norm=17.0878, exec_time=0.00s
Client 53 trained in 0.95s (simulated: 0.00s)
Client 53 uploaded with stats: loss=0.1487, grad_norm=16.5016, exec_time=0.00s
Client 1 trained in 0.99s (simulated: 0.00s)
Client 1 uploaded with stats: loss=0.1211, grad_norm=10.8664, exec_time=0.00s
Client 34 trained in 1.06s (simulated: 0.00s)
Client 34 uploaded with stats: loss=0.0523, grad_norm=5.7685, exec_time=0.00s
Client 31 trained in 1.06s (simulated: 0.00s)
Client 31 uploaded with stats: loss=0.0487, grad_norm=7.7171, exec_time=0.00s
Epoch(t): 456 accuracy: 84.89 loss 0.4093623235821724 run_time: 747.1395311355591
Current clients: 100, select: 10
| current_epoch 457 |. Begin client select
SchedulerThread select( 10 clients):
50 | 6 | 10 | 77 | 1 | 60 | 70 | 12 | 36 | 69 |
-----------------------------------------------------------------Schedule complete
Client 70 trained in 0.55s (simulated: 0.00s)
Client 70 uploaded with stats: loss=0.1808, grad_norm=18.1599, exec_time=0.00s
Client 69 trained in 0.60s (simulated: 0.00s)
Client 69 uploaded with stats: loss=0.3375, grad_norm=18.3811, exec_time=0.00s
Client 77 trained in 0.72s (simulated: 0.00s)
Client 77 uploaded with stats: loss=0.2232, grad_norm=25.8592, exec_time=0.00s
Client 12 trained in 0.73s (simulated: 0.00s)
Client 12 uploaded with stats: loss=0.2061, grad_norm=21.4119, exec_time=0.00s
Client 50 trained in 0.88s (simulated: 0.00s)
Client 50 uploaded with stats: loss=0.1523, grad_norm=15.2302, exec_time=0.00s
Client 6 trained in 0.87s (simulated: 0.00s)
Client 6 uploaded with stats: loss=0.1975, grad_norm=17.3568, exec_time=0.00s
Client 1 trained in 0.98s (simulated: 0.00s)
Client 1 uploaded with stats: loss=0.1319, grad_norm=12.5047, exec_time=0.00s
Client 60 trained in 1.05s (simulated: 0.00s)
Client 60 uploaded with stats: loss=0.0988, grad_norm=12.7193, exec_time=0.00s
Client 10 trained in 1.09s (simulated: 0.00s)
Client 10 uploaded with stats: loss=0.2447, grad_norm=16.7690, exec_time=0.00s
Client 36 trained in 1.09s (simulated: 0.00s)
Client 36 uploaded with stats: loss=0.0667, grad_norm=12.6141, exec_time=0.00s
Epoch(t): 457 accuracy: 82.5 loss 0.46622140794992445 run_time: 748.8928353786469
Current clients: 100, select: 10
| current_epoch 458 |. Begin client select
SchedulerThread select( 10 clients):
37 | 84 | 73 | 47 | 8 | 60 | 38 | 23 | 12 | 55 |
-----------------------------------------------------------------Schedule complete
Client 47 trained in 0.59s (simulated: 0.00s)
Client 47 uploaded with stats: loss=0.2101, grad_norm=25.1767, exec_time=0.00s
Client 37 trained in 0.68s (simulated: 0.00s)
Client 37 uploaded with stats: loss=0.1435, grad_norm=20.1265, exec_time=0.00s
Client 12 trained in 0.74s (simulated: 0.00s)
Client 12 uploaded with stats: loss=0.2133, grad_norm=24.5042, exec_time=0.00s
Client 38 trained in 0.76s (simulated: 0.00s)
Client 38 uploaded with stats: loss=0.2759, grad_norm=23.1460, exec_time=0.00s
Client 84 trained in 0.83s (simulated: 0.00s)
Client 84 uploaded with stats: loss=0.0746, grad_norm=11.2497, exec_time=0.00s
Client 55 trained in 0.97s (simulated: 0.00s)
Client 55 uploaded with stats: loss=0.1689, grad_norm=21.0156, exec_time=0.00s
Client 23 trained in 1.06s (simulated: 0.00s)
Client 23 uploaded with stats: loss=0.1478, grad_norm=8.6781, exec_time=0.00s
Client 73 trained in 1.09s (simulated: 0.00s)
Client 73 uploaded with stats: loss=0.0838, grad_norm=11.7452, exec_time=0.00s
Client 60 trained in 1.09s (simulated: 0.00s)
Client 60 uploaded with stats: loss=0.0909, grad_norm=11.1297, exec_time=0.00s
Client 8 trained in 1.11s (simulated: 0.00s)
Client 8 uploaded with stats: loss=0.0382, grad_norm=8.6308, exec_time=0.00s
Epoch(t): 458 accuracy: 81.46 loss 0.522594444155693 run_time: 750.6227135658264
Current clients: 100, select: 10
| current_epoch 459 |. Begin client select
SchedulerThread select( 10 clients):
53 | 80 | 5 | 17 | 38 | 64 | 75 | 4 | 26 | 69 |
-----------------------------------------------------------------Schedule complete
Client 38 trained in 0.51s (simulated: 0.00s)
Client 38 uploaded with stats: loss=0.2721, grad_norm=22.5593, exec_time=0.00s
Client 17 trained in 0.54s (simulated: 0.00s)
Client 17 uploaded with stats: loss=0.0933, grad_norm=15.2264, exec_time=0.00s
Client 5 trained in 0.60s (simulated: 0.00s)
Client 5 uploaded with stats: loss=0.2113, grad_norm=25.2764, exec_time=0.00s
Client 26 trained in 0.70s (simulated: 0.00s)
Client 26 uploaded with stats: loss=0.1104, grad_norm=19.3549, exec_time=0.00s
Client 75 trained in 0.73s (simulated: 0.00s)
Client 75 uploaded with stats: loss=0.3945, grad_norm=38.6757, exec_time=0.00s
Client 53 trained in 0.83s (simulated: 0.00s)
Client 53 uploaded with stats: loss=0.1429, grad_norm=13.9801, exec_time=0.00s
Client 69 trained in 0.89s (simulated: 0.00s)
Client 4 trained in 0.88s (simulated: 0.00s)
Client 4 uploaded with stats: loss=0.1827, grad_norm=14.9226, exec_time=0.00s
Client 69 uploaded with stats: loss=0.3478, grad_norm=19.2847, exec_time=0.00s
Client 64 trained in 0.88s (simulated: 0.00s)
Client 64 uploaded with stats: loss=0.1925, grad_norm=21.7535, exec_time=0.00s
Client 80 trained in 0.91s (simulated: 0.00s)
Client 80 uploaded with stats: loss=0.1243, grad_norm=9.9764, exec_time=0.00s
Epoch(t): 459 accuracy: 84.85 loss 0.40776157528162005 run_time: 752.1998381614685
Current clients: 100, select: 10
| current_epoch 460 |. Begin client select
SchedulerThread select( 10 clients):
1 | 6 | 70 | 83 | 78 | 31 | 3 | 93 | 71 | 7 |
-----------------------------------------------------------------Schedule complete
Client 78 trained in 0.47s (simulated: 0.00s)
Client 78 uploaded with stats: loss=0.2016, grad_norm=15.6016, exec_time=0.00s
Client 70 trained in 0.53s (simulated: 0.00s)
Client 70 uploaded with stats: loss=0.1703, grad_norm=16.6771, exec_time=0.00s
Client 6 trained in 0.55s (simulated: 0.00s)
Client 6 uploaded with stats: loss=0.1777, grad_norm=13.8598, exec_time=0.00s
Client 93 trained in 0.69s (simulated: 0.00s)
Client 93 uploaded with stats: loss=0.1114, grad_norm=17.4092, exec_time=0.00s
Client 1 trained in 0.72s (simulated: 0.00s)
Client 1 uploaded with stats: loss=0.1351, grad_norm=13.8808, exec_time=0.00s
Client 71 trained in 0.89s (simulated: 0.00s)
Client 71 uploaded with stats: loss=0.0792, grad_norm=8.5762, exec_time=0.00s
Client 83 trained in 0.93s (simulated: 0.00s)
Client 83 uploaded with stats: loss=0.0741, grad_norm=11.8846, exec_time=0.00s
Client 7 trained in 0.98s (simulated: 0.00s)
Client 7 uploaded with stats: loss=0.0975, grad_norm=8.5364, exec_time=0.00s
Client 3 trained in 1.00s (simulated: 0.00s)
Client 3 uploaded with stats: loss=0.1365, grad_norm=14.5867, exec_time=0.00s
Client 31 trained in 1.00s (simulated: 0.00s)
Client 31 uploaded with stats: loss=0.0443, grad_norm=6.9014, exec_time=0.00s
Epoch(t): 460 accuracy: 83.09 loss 0.4552976155281067 run_time: 753.7704594135284
Current clients: 100, select: 10
| current_epoch 461 |. Begin client select
SchedulerThread select( 10 clients):
50 | 73 | 17 | 25 | 78 | 49 | 96 | 64 | 93 | 95 |
-----------------------------------------------------------------Schedule complete
Client 25 trained in 0.52s (simulated: 0.00s)
Client 25 uploaded with stats: loss=0.2044, grad_norm=21.0164, exec_time=0.00s
Client 73 trained in 0.68s (simulated: 0.00s)
Client 73 uploaded with stats: loss=0.0949, grad_norm=14.5388, exec_time=0.00s
Client 93 trained in 0.70s (simulated: 0.00s)
Client 93 uploaded with stats: loss=0.1116, grad_norm=17.5562, exec_time=0.00s
Client 17 trained in 0.80s (simulated: 0.00s)
Client 17 uploaded with stats: loss=0.0884, grad_norm=14.0979, exec_time=0.00s
Client 78 trained in 0.83s (simulated: 0.00s)
Client 78 uploaded with stats: loss=0.2067, grad_norm=17.8209, exec_time=0.00s
Client 95 trained in 0.96s (simulated: 0.00s)
Client 95 uploaded with stats: loss=0.0693, grad_norm=8.9169, exec_time=0.00s
Client 50 trained in 1.05s (simulated: 0.00s)
Client 50 uploaded with stats: loss=0.1574, grad_norm=14.4503, exec_time=0.00s
Client 64 trained in 1.10s (simulated: 0.00s)
Client 64 uploaded with stats: loss=0.1625, grad_norm=16.5828, exec_time=0.00s
Client 49 trained in 1.10s (simulated: 0.00s)
Client 49 uploaded with stats: loss=0.2067, grad_norm=12.2720, exec_time=0.00s
Client 96 trained in 1.15s (simulated: 0.00s)
Client 96 uploaded with stats: loss=0.0492, grad_norm=7.7976, exec_time=0.00s
Epoch(t): 461 accuracy: 82.36 loss 0.4842874050140381 run_time: 755.5643041133881
Current clients: 100, select: 10
| current_epoch 462 |. Begin client select
SchedulerThread select( 10 clients):
52 | 5 | 87 | 86 | 17 | 69 | 66 | 26 | 2 | 47 |
-----------------------------------------------------------------Schedule complete
Client 5 trained in 0.50s (simulated: 0.00s)
Client 5 uploaded with stats: loss=0.2014, grad_norm=23.2674, exec_time=0.00s
Client 47 trained in 0.57s (simulated: 0.00s)
Client 47 uploaded with stats: loss=0.2142, grad_norm=26.2606, exec_time=0.00s
Client 69 trained in 0.67s (simulated: 0.00s)
Client 69 uploaded with stats: loss=0.3641, grad_norm=21.0441, exec_time=0.00s
Client 17 trained in 0.75s (simulated: 0.00s)
Client 17 uploaded with stats: loss=0.0854, grad_norm=13.9769, exec_time=0.00s
Client 26 trained in 0.77s (simulated: 0.00s)
Client 26 uploaded with stats: loss=0.1030, grad_norm=17.9535, exec_time=0.00s
Client 2 trained in 0.85s (simulated: 0.00s)
Client 2 uploaded with stats: loss=0.1193, grad_norm=18.3586, exec_time=0.00s
Client 52 trained in 0.88s (simulated: 0.00s)
Client 52 uploaded with stats: loss=0.2271, grad_norm=15.9794, exec_time=0.00s
Client 86 trained in 0.93s (simulated: 0.00s)
Client 86 uploaded with stats: loss=0.5830, grad_norm=43.6435, exec_time=0.00s
Client 87 trained in 1.09s (simulated: 0.00s)
Client 87 uploaded with stats: loss=0.0696, grad_norm=18.8163, exec_time=0.00s
Client 66 trained in 1.10s (simulated: 0.00s)
Client 66 uploaded with stats: loss=0.1216, grad_norm=28.1142, exec_time=0.00s
Epoch(t): 462 accuracy: 84.48 loss 0.4236894129216671 run_time: 757.2879056930542
Current clients: 100, select: 10
| current_epoch 463 |. Begin client select
SchedulerThread select( 10 clients):
70 | 66 | 50 | 99 | 80 | 91 | 53 | 86 | 39 | 27 |
-----------------------------------------------------------------Schedule complete
Client 53 trained in 0.38s (simulated: 0.00s)
Client 53 uploaded with stats: loss=0.1428, grad_norm=14.0925, exec_time=0.00s
Client 70 trained in 0.45s (simulated: 0.00s)
Client 70 uploaded with stats: loss=0.1665, grad_norm=16.1039, exec_time=0.00s
Client 50 trained in 0.54s (simulated: 0.00s)
Client 50 uploaded with stats: loss=0.1425, grad_norm=12.0977, exec_time=0.00s
Client 99 trained in 0.58s (simulated: 0.00s)
Client 99 uploaded with stats: loss=0.3694, grad_norm=25.7978, exec_time=0.00s
Client 27 trained in 0.59s (simulated: 0.00s)
Client 27 uploaded with stats: loss=0.2728, grad_norm=27.2233, exec_time=0.00s
Client 80 trained in 0.72s (simulated: 0.00s)
Client 80 uploaded with stats: loss=0.1450, grad_norm=13.4822, exec_time=0.00s
Client 86 trained in 0.71s (simulated: 0.00s)
Client 86 uploaded with stats: loss=0.3077, grad_norm=26.7050, exec_time=0.00s
Client 39 trained in 0.73s (simulated: 0.00s)
Client 39 uploaded with stats: loss=0.2934, grad_norm=16.7039, exec_time=0.00s
Client 66 trained in 0.80s (simulated: 0.00s)
Client 66 uploaded with stats: loss=0.0643, grad_norm=10.5472, exec_time=0.00s
Client 91 trained in 0.83s (simulated: 0.00s)
Client 91 uploaded with stats: loss=0.0531, grad_norm=13.2017, exec_time=0.00s
Epoch(t): 463 accuracy: 85.04 loss 0.4132289491593838 run_time: 758.7322053909302
Current clients: 100, select: 10
| current_epoch 464 |. Begin client select
SchedulerThread select( 10 clients):
1 | 78 | 17 | 79 | 96 | 12 | 86 | 26 | 47 | 69 |
-----------------------------------------------------------------Schedule complete
Client 47 trained in 0.51s (simulated: 0.00s)
Client 47 uploaded with stats: loss=0.1827, grad_norm=17.7735, exec_time=0.00s
Client 26 trained in 0.68s (simulated: 0.00s)
Client 26 uploaded with stats: loss=0.0914, grad_norm=15.1232, exec_time=0.00s
Client 12 trained in 0.67s (simulated: 0.00s)
Client 12 uploaded with stats: loss=0.2211, grad_norm=25.4778, exec_time=0.00s
Client 17 trained in 0.73s (simulated: 0.00s)
Client 17 uploaded with stats: loss=0.0913, grad_norm=14.7983, exec_time=0.00s
Client 78 trained in 0.77s (simulated: 0.00s)
Client 78 uploaded with stats: loss=0.1968, grad_norm=16.2787, exec_time=0.00s
Client 69 trained in 0.88s (simulated: 0.00s)
Client 69 uploaded with stats: loss=0.3610, grad_norm=20.4169, exec_time=0.00s
Client 86 trained in 0.91s (simulated: 0.00s)
Client 86 uploaded with stats: loss=0.3985, grad_norm=35.6911, exec_time=0.00s
Client 1 trained in 0.97s (simulated: 0.00s)
Client 1 uploaded with stats: loss=0.1325, grad_norm=13.3449, exec_time=0.00s
Client 79 trained in 1.01s (simulated: 0.00s)
Client 79 uploaded with stats: loss=0.0803, grad_norm=8.8621, exec_time=0.00s
Client 96 trained in 1.10s (simulated: 0.00s)
Client 96 uploaded with stats: loss=0.0466, grad_norm=8.9098, exec_time=0.00s
Epoch(t): 464 accuracy: 85.47 loss 0.3954116453230381 run_time: 760.4037463665009
Current clients: 100, select: 10
| current_epoch 465 |. Begin client select
SchedulerThread select( 10 clients):
70 | 55 | 38 | 64 | 20 | 1 | 63 | 17 | 6 | 3 |
-----------------------------------------------------------------Schedule complete
Client 70 trained in 0.57s (simulated: 0.00s)
Client 70 uploaded with stats: loss=0.1631, grad_norm=15.5249, exec_time=0.00s
Client 55 trained in 0.58s (simulated: 0.00s)
Client 55 uploaded with stats: loss=0.1520, grad_norm=16.9813, exec_time=0.00s
Client 38 trained in 0.63s (simulated: 0.00s)
Client 38 uploaded with stats: loss=0.2647, grad_norm=21.4424, exec_time=0.00s
Client 6 trained in 0.68s (simulated: 0.00s)
Client 6 uploaded with stats: loss=0.2035, grad_norm=19.3218, exec_time=0.00s
Client 1 trained in 0.83s (simulated: 0.00s)
Client 1 uploaded with stats: loss=0.1281, grad_norm=12.6482, exec_time=0.00s
Client 17 trained in 0.83s (simulated: 0.00s)
Client 17 uploaded with stats: loss=0.0838, grad_norm=13.4530, exec_time=0.00s
Client 64 trained in 0.87s (simulated: 0.00s)
Client 64 uploaded with stats: loss=0.1667, grad_norm=17.7620, exec_time=0.00s
Client 20 trained in 0.98s (simulated: 0.00s)
Client 20 uploaded with stats: loss=0.1110, grad_norm=11.5386, exec_time=0.00s
Client 63 trained in 1.00s (simulated: 0.00s)
Client 63 uploaded with stats: loss=0.1375, grad_norm=15.2870, exec_time=0.00s
Client 3 trained in 1.02s (simulated: 0.00s)
Client 3 uploaded with stats: loss=0.1481, grad_norm=15.1554, exec_time=0.00s
Epoch(t): 465 accuracy: 85.92 loss 0.38894432827830316 run_time: 761.9952428340912
Current clients: 100, select: 10
| current_epoch 466 |. Begin client select
SchedulerThread select( 10 clients):
86 | 83 | 19 | 77 | 84 | 27 | 37 | 39 | 36 | 26 |
-----------------------------------------------------------------Schedule complete
Client 37 trained in 0.63s (simulated: 0.00s)
Client 37 uploaded with stats: loss=0.1429, grad_norm=20.0904, exec_time=0.00s
Client 77 trained in 0.75s (simulated: 0.00s)
Client 77 uploaded with stats: loss=0.2183, grad_norm=23.5843, exec_time=0.00s
Client 26 trained in 0.81s (simulated: 0.00s)
Client 26 uploaded with stats: loss=0.0938, grad_norm=14.1266, exec_time=0.00s
Client 84 trained in 0.81s (simulated: 0.00s)
Client 84 uploaded with stats: loss=0.0751, grad_norm=11.7892, exec_time=0.00s
Client 27 trained in 0.82s (simulated: 0.00s)
Client 27 uploaded with stats: loss=0.2705, grad_norm=27.8739, exec_time=0.00s
Client 83 trained in 0.93s (simulated: 0.00s)
Client 83 uploaded with stats: loss=0.0738, grad_norm=10.1507, exec_time=0.00s
Client 86 trained in 1.02s (simulated: 0.00s)
Client 86 uploaded with stats: loss=0.3350, grad_norm=31.2121, exec_time=0.00s
Client 36 trained in 1.03s (simulated: 0.00s)
Client 36 uploaded with stats: loss=0.0699, grad_norm=15.2623, exec_time=0.00s
Client 39 trained in 1.04s (simulated: 0.00s)
Client 39 uploaded with stats: loss=0.3370, grad_norm=20.8955, exec_time=0.00s
Client 19 trained in 1.08s (simulated: 0.00s)
Client 19 uploaded with stats: loss=0.0584, grad_norm=9.2931, exec_time=0.00s
Epoch(t): 466 accuracy: 83.26 loss 0.45682029515504835 run_time: 763.7826128005981
Current clients: 100, select: 10
| current_epoch 467 |. Begin client select
SchedulerThread select( 10 clients):
27 | 26 | 84 | 95 | 3 | 49 | 43 | 10 | 16 | 70 |
-----------------------------------------------------------------Schedule complete
Client 70 trained in 0.40s (simulated: 0.00s)
Client 70 uploaded with stats: loss=0.1779, grad_norm=20.0116, exec_time=0.00s
Client 27 trained in 0.48s (simulated: 0.00s)
Client 27 uploaded with stats: loss=0.2681, grad_norm=28.4723, exec_time=0.00s
Client 84 trained in 0.49s (simulated: 0.00s)
Client 84 uploaded with stats: loss=0.0744, grad_norm=10.9117, exec_time=0.00s
Client 16 trained in 0.64s (simulated: 0.00s)
Client 16 uploaded with stats: loss=0.2530, grad_norm=18.0105, exec_time=0.00s
Client 26 trained in 0.68s (simulated: 0.00s)
Client 26 uploaded with stats: loss=0.0960, grad_norm=16.0844, exec_time=0.00s
Client 10 trained in 0.77s (simulated: 0.00s)
Client 10 uploaded with stats: loss=0.2327, grad_norm=17.5291, exec_time=0.00s
Client 49 trained in 0.81s (simulated: 0.00s)
Client 49 uploaded with stats: loss=0.2023, grad_norm=15.5540, exec_time=0.00s
Client 95 trained in 0.81s (simulated: 0.00s)
Client 95 uploaded with stats: loss=0.0754, grad_norm=10.8734, exec_time=0.00s
Client 43 trained in 0.86s (simulated: 0.00s)
Client 43 uploaded with stats: loss=0.1144, grad_norm=17.7357, exec_time=0.00s
Client 3 trained in 0.87s (simulated: 0.00s)
Client 3 uploaded with stats: loss=0.1253, grad_norm=15.1937, exec_time=0.00s
Epoch(t): 467 accuracy: 84.25 loss 0.42183056980371475 run_time: 765.2821338176727
Current clients: 100, select: 10
| current_epoch 468 |. Begin client select
SchedulerThread select( 10 clients):
47 | 75 | 27 | 76 | 12 | 1 | 40 | 50 | 17 | 37 |
-----------------------------------------------------------------Schedule complete
Client 17 trained in 0.55s (simulated: 0.00s)
Client 17 uploaded with stats: loss=0.0882, grad_norm=14.8764, exec_time=0.00s
Client 37 trained in 0.61s (simulated: 0.00s)
Client 37 uploaded with stats: loss=0.1473, grad_norm=22.0491, exec_time=0.00s
Client 27 trained in 0.75s (simulated: 0.00s)
Client 27 uploaded with stats: loss=0.2655, grad_norm=27.1366, exec_time=0.00s
Client 47 trained in 0.88s (simulated: 0.00s)
Client 47 uploaded with stats: loss=0.1763, grad_norm=17.3663, exec_time=0.00s
Client 75 trained in 0.97s (simulated: 0.00s)
Client 75 uploaded with stats: loss=0.3508, grad_norm=29.5611, exec_time=0.00s
Client 12 trained in 1.00s (simulated: 0.00s)
Client 12 uploaded with stats: loss=0.2084, grad_norm=22.9498, exec_time=0.00s
Client 76 trained in 1.24s (simulated: 0.00s)
Client 76 uploaded with stats: loss=0.0739, grad_norm=14.6095, exec_time=0.00s
Client 50 trained in 1.25s (simulated: 0.00s)
Client 50 uploaded with stats: loss=0.1502, grad_norm=14.5213, exec_time=0.00s
Client 40 trained in 1.29s (simulated: 0.00s)
Client 40 uploaded with stats: loss=0.1240, grad_norm=11.6797, exec_time=0.00s
Client 1 trained in 1.34s (simulated: 0.00s)
Client 1 uploaded with stats: loss=0.1313, grad_norm=11.2687, exec_time=0.00s
Epoch(t): 468 accuracy: 84.62 loss 0.4217596982419491 run_time: 767.2630248069763
Current clients: 100, select: 10
| current_epoch 469 |. Begin client select
SchedulerThread select( 10 clients):
99 | 76 | 3 | 37 | 38 | 5 | 95 | 17 | 67 | 78 |
-----------------------------------------------------------------Schedule complete
Client 5 trained in 0.51s (simulated: 0.00s)
Client 5 uploaded with stats: loss=0.1778, grad_norm=17.8307, exec_time=0.00s
Client 38 trained in 0.57s (simulated: 0.00s)
Client 38 uploaded with stats: loss=0.2788, grad_norm=25.5307, exec_time=0.00s
Client 78 trained in 0.63s (simulated: 0.00s)
Client 78 uploaded with stats: loss=0.2127, grad_norm=19.2349, exec_time=0.00s
Client 37 trained in 0.68s (simulated: 0.00s)
Client 37 uploaded with stats: loss=0.1455, grad_norm=21.4680, exec_time=0.00s
Client 17 trained in 0.76s (simulated: 0.00s)
Client 17 uploaded with stats: loss=0.0850, grad_norm=16.1807, exec_time=0.00s
Client 76 trained in 0.87s (simulated: 0.00s)
Client 76 uploaded with stats: loss=0.0606, grad_norm=10.7502, exec_time=0.00s
Client 99 trained in 0.94s (simulated: 0.00s)
Client 99 uploaded with stats: loss=0.3749, grad_norm=27.6795, exec_time=0.00s
Client 67 trained in 0.99s (simulated: 0.00s)
Client 67 uploaded with stats: loss=0.0744, grad_norm=8.8165, exec_time=0.00s
Client 95 trained in 0.99s (simulated: 0.00s)
Client 95 uploaded with stats: loss=0.0681, grad_norm=9.1036, exec_time=0.00s
Client 3 trained in 1.01s (simulated: 0.00s)
Client 3 uploaded with stats: loss=0.1795, grad_norm=21.8825, exec_time=0.00s
Epoch(t): 469 accuracy: 83.57 loss 0.4465469589829445 run_time: 768.8180830478668
Current clients: 100, select: 10
| current_epoch 470 |. Begin client select
SchedulerThread select( 10 clients):
45 | 25 | 53 | 16 | 1 | 96 | 27 | 73 | 55 | 12 |
-----------------------------------------------------------------Schedule complete
Client 25 trained in 0.47s (simulated: 0.00s)
Client 25 uploaded with stats: loss=0.1935, grad_norm=20.3196, exec_time=0.00s
Client 55 trained in 0.53s (simulated: 0.00s)
Client 55 uploaded with stats: loss=0.1434, grad_norm=15.0598, exec_time=0.00s
Client 27 trained in 0.54s (simulated: 0.00s)
Client 27 uploaded with stats: loss=0.2734, grad_norm=29.0874, exec_time=0.00s
Client 12 trained in 0.64s (simulated: 0.00s)
Client 12 uploaded with stats: loss=0.2094, grad_norm=23.7579, exec_time=0.00s
Client 73 trained in 0.76s (simulated: 0.00s)
Client 73 uploaded with stats: loss=0.0846, grad_norm=11.9309, exec_time=0.00s
Client 16 trained in 0.79s (simulated: 0.00s)
Client 16 uploaded with stats: loss=0.2681, grad_norm=21.3928, exec_time=0.00s
Client 53 trained in 0.92s (simulated: 0.00s)
Client 53 uploaded with stats: loss=0.1506, grad_norm=15.6591, exec_time=0.00s
Client 1 trained in 0.97s (simulated: 0.00s)
Client 1 uploaded with stats: loss=0.1278, grad_norm=14.9353, exec_time=0.00s
Client 45 trained in 1.01s (simulated: 0.00s)
Client 45 uploaded with stats: loss=0.1865, grad_norm=14.0724, exec_time=0.00s
Client 96 trained in 1.01s (simulated: 0.00s)
Client 96 uploaded with stats: loss=0.0387, grad_norm=7.1716, exec_time=0.00s
Epoch(t): 470 accuracy: 79.21 loss 0.5499001812934875 run_time: 770.4378247261047
Current clients: 100, select: 10
| current_epoch 471 |. Begin client select
SchedulerThread select( 10 clients):
17 | 47 | 73 | 16 | 10 | 93 | 25 | 23 | 24 | 38 |
-----------------------------------------------------------------Schedule complete
Client 25 trained in 0.59s (simulated: 0.00s)
Client 25 uploaded with stats: loss=0.1906, grad_norm=19.1442, exec_time=0.00s
Client 38 trained in 0.67s (simulated: 0.00s)
Client 38 uploaded with stats: loss=0.2734, grad_norm=24.2909, exec_time=0.00s
Client 93 trained in 0.74s (simulated: 0.00s)
Client 93 uploaded with stats: loss=0.1131, grad_norm=17.1023, exec_time=0.00s
Client 47 trained in 0.75s (simulated: 0.00s)
Client 47 uploaded with stats: loss=0.2252, grad_norm=31.8230, exec_time=0.00s
Client 17 trained in 0.89s (simulated: 0.00s)
Client 17 uploaded with stats: loss=0.0854, grad_norm=14.2009, exec_time=0.00s
Client 73 trained in 0.91s (simulated: 0.00s)
Client 73 uploaded with stats: loss=0.0804, grad_norm=11.4693, exec_time=0.00s
Client 16 trained in 0.92s (simulated: 0.00s)
Client 16 uploaded with stats: loss=0.2432, grad_norm=16.9382, exec_time=0.00s
Client 10 trained in 0.93s (simulated: 0.00s)
Client 10 uploaded with stats: loss=0.2310, grad_norm=18.9119, exec_time=0.00s
Client 24 trained in 1.01s (simulated: 0.00s)
Client 24 uploaded with stats: loss=0.0874, grad_norm=11.4276, exec_time=0.00s
Client 23 trained in 1.00s (simulated: 0.00s)
Client 23 uploaded with stats: loss=0.1642, grad_norm=13.2147, exec_time=0.00s
Epoch(t): 471 accuracy: 83.35 loss 0.45399685204029083 run_time: 772.0906527042389
Current clients: 100, select: 10
| current_epoch 472 |. Begin client select
SchedulerThread select( 10 clients):
48 | 69 | 73 | 12 | 26 | 50 | 35 | 17 | 27 | 64 |
-----------------------------------------------------------------Schedule complete
Client 27 trained in 0.77s (simulated: 0.00s)
Client 27 uploaded with stats: loss=0.3006, grad_norm=33.3579, exec_time=0.00s
Client 17 trained in 0.69s (simulated: 0.00s)
Client 17 uploaded with stats: loss=0.0813, grad_norm=12.9885, exec_time=0.00s
Client 26 trained in 0.76s (simulated: 0.00s)
Client 26 uploaded with stats: loss=0.0998, grad_norm=17.4343, exec_time=0.00s
Client 12 trained in 0.87s (simulated: 0.00s)
Client 12 uploaded with stats: loss=0.2044, grad_norm=22.5455, exec_time=0.00s
Client 35 trained in 0.88s (simulated: 0.00s)
Client 35 uploaded with stats: loss=0.1421, grad_norm=14.0631, exec_time=0.00s
Client 73 trained in 0.98s (simulated: 0.00s)
Client 73 uploaded with stats: loss=0.0826, grad_norm=11.3150, exec_time=0.00s
Client 69 trained in 1.00s (simulated: 0.00s)
Client 69 uploaded with stats: loss=0.3513, grad_norm=20.9172, exec_time=0.00s
Client 64 trained in 1.33s (simulated: 0.00s)
Client 64 uploaded with stats: loss=0.1590, grad_norm=15.7596, exec_time=0.00s
Client 50 trained in 1.14s (simulated: 0.00s)
Client 50 uploaded with stats: loss=0.1393, grad_norm=14.4388, exec_time=0.00s
Client 48 trained in 1.16s (simulated: 0.00s)
Client 48 uploaded with stats: loss=0.2223, grad_norm=11.6580, exec_time=0.00s
Epoch(t): 472 accuracy: 84.69 loss 0.4222816973924637 run_time: 774.0625054836273
Current clients: 100, select: 10
| current_epoch 473 |. Begin client select
SchedulerThread select( 10 clients):
69 | 43 | 86 | 17 | 83 | 31 | 5 | 36 | 38 | 12 |
-----------------------------------------------------------------Schedule complete
Client 5 trained in 0.62s (simulated: 0.00s)
Client 5 uploaded with stats: loss=0.1887, grad_norm=18.4065, exec_time=0.00s
Client 69 trained in 0.65s (simulated: 0.00s)
Client 69 uploaded with stats: loss=0.3445, grad_norm=21.9844, exec_time=0.00s
Client 38 trained in 0.66s (simulated: 0.00s)
Client 38 uploaded with stats: loss=0.2699, grad_norm=23.2217, exec_time=0.00s
Client 12 trained in 0.68s (simulated: 0.00s)
Client 12 uploaded with stats: loss=0.2067, grad_norm=22.9983, exec_time=0.00s
Client 43 trained in 0.85s (simulated: 0.00s)
Client 43 uploaded with stats: loss=0.0964, grad_norm=14.1905, exec_time=0.00s
Client 17 trained in 0.83s (simulated: 0.00s)
Client 17 uploaded with stats: loss=0.0806, grad_norm=13.5447, exec_time=0.00s
Client 83 trained in 0.90s (simulated: 0.00s)
Client 83 uploaded with stats: loss=0.0803, grad_norm=13.9140, exec_time=0.00s
Client 36 trained in 0.93s (simulated: 0.00s)
Client 36 uploaded with stats: loss=0.0675, grad_norm=12.0872, exec_time=0.00s
Client 86 trained in 0.98s (simulated: 0.00s)
Client 86 uploaded with stats: loss=0.4409, grad_norm=39.1019, exec_time=0.00s
Client 31 trained in 1.02s (simulated: 0.00s)
Client 31 uploaded with stats: loss=0.0476, grad_norm=7.2056, exec_time=0.00s
Epoch(t): 473 accuracy: 86.1 loss 0.38432265400886534 run_time: 775.7465689182281
Current clients: 100, select: 10
| current_epoch 474 |. Begin client select
SchedulerThread select( 10 clients):
48 | 26 | 5 | 93 | 95 | 10 | 6 | 20 | 73 | 36 |
-----------------------------------------------------------------Schedule complete
Client 5 trained in 0.42s (simulated: 0.00s)
Client 5 uploaded with stats: loss=0.1925, grad_norm=20.6771, exec_time=0.00s
Client 73 trained in 0.53s (simulated: 0.00s)
Client 73 uploaded with stats: loss=0.0845, grad_norm=11.8770, exec_time=0.00s
Client 93 trained in 0.66s (simulated: 0.00s)
Client 93 uploaded with stats: loss=0.1126, grad_norm=18.7455, exec_time=0.00s
Client 26 trained in 0.67s (simulated: 0.00s)
Client 26 uploaded with stats: loss=0.0919, grad_norm=14.6497, exec_time=0.00s
Client 95 trained in 0.67s (simulated: 0.00s)
Client 95 uploaded with stats: loss=0.0696, grad_norm=9.3979, exec_time=0.00s
Client 6 trained in 0.71s (simulated: 0.00s)
Client 6 uploaded with stats: loss=0.1847, grad_norm=18.0612, exec_time=0.00s
Client 48 trained in 0.76s (simulated: 0.00s)
Client 48 uploaded with stats: loss=0.2231, grad_norm=11.5527, exec_time=0.00s
Client 36 trained in 0.82s (simulated: 0.00s)
Client 36 uploaded with stats: loss=0.0604, grad_norm=12.0985, exec_time=0.00s
Client 20 trained in 0.83s (simulated: 0.00s)
Client 20 uploaded with stats: loss=0.1229, grad_norm=15.1128, exec_time=0.00s
Client 10 trained in 0.87s (simulated: 0.00s)
Client 10 uploaded with stats: loss=0.1981, grad_norm=13.3000, exec_time=0.00s
Epoch(t): 474 accuracy: 84.11 loss 0.4361782544851303 run_time: 777.194803237915
Current clients: 100, select: 10
| current_epoch 475 |. Begin client select
SchedulerThread select( 10 clients):
95 | 37 | 75 | 6 | 86 | 63 | 44 | 42 | 80 | 97 |
-----------------------------------------------------------------Schedule complete
Client 75 trained in 0.37s (simulated: 0.00s)
Client 75 uploaded with stats: loss=0.3436, grad_norm=30.1927, exec_time=0.00s
Client 95 trained in 0.46s (simulated: 0.00s)
Client 95 uploaded with stats: loss=0.0674, grad_norm=9.7923, exec_time=0.00s
Client 6 trained in 0.47s (simulated: 0.00s)
Client 6 uploaded with stats: loss=0.1771, grad_norm=17.1642, exec_time=0.00s
Client 37 trained in 0.60s (simulated: 0.00s)
Client 37 uploaded with stats: loss=0.1505, grad_norm=23.1064, exec_time=0.00s
Client 80 trained in 0.62s (simulated: 0.00s)
Client 80 uploaded with stats: loss=0.1453, grad_norm=16.0699, exec_time=0.00s
Client 86 trained in 0.69s (simulated: 0.00s)
Client 86 uploaded with stats: loss=0.2230, grad_norm=15.2293, exec_time=0.00s
Client 44 trained in 0.76s (simulated: 0.00s)
Client 44 uploaded with stats: loss=0.0282, grad_norm=7.3293, exec_time=0.00s
Client 97 trained in 0.76s (simulated: 0.00s)
Client 97 uploaded with stats: loss=0.4066, grad_norm=36.3917, exec_time=0.00s
Client 63 trained in 0.77s (simulated: 0.00s)
Client 63 uploaded with stats: loss=0.1197, grad_norm=13.7121, exec_time=0.00s
Client 42 trained in 0.79s (simulated: 0.00s)
Client 42 uploaded with stats: loss=0.0986, grad_norm=12.3945, exec_time=0.00s
Epoch(t): 475 accuracy: 79.64 loss 0.5486751753091812 run_time: 778.5772731304169
Current clients: 100, select: 10
| current_epoch 476 |. Begin client select
SchedulerThread select( 10 clients):
38 | 95 | 34 | 39 | 75 | 64 | 87 | 35 | 69 | 26 |
-----------------------------------------------------------------Schedule complete
Client 75 trained in 0.43s (simulated: 0.00s)
Client 75 uploaded with stats: loss=0.3785, grad_norm=33.4514, exec_time=0.00s
Client 35 trained in 0.47s (simulated: 0.00s)
Client 35 uploaded with stats: loss=0.1443, grad_norm=14.4945, exec_time=0.00s
Client 38 trained in 0.48s (simulated: 0.00s)
Client 38 uploaded with stats: loss=0.2640, grad_norm=24.1926, exec_time=0.00s
Client 26 trained in 0.59s (simulated: 0.00s)
Client 26 uploaded with stats: loss=0.1005, grad_norm=18.6171, exec_time=0.00s
Client 95 trained in 0.64s (simulated: 0.00s)
Client 95 uploaded with stats: loss=0.0644, grad_norm=9.1143, exec_time=0.00s
Client 69 trained in 0.67s (simulated: 0.00s)
Client 69 uploaded with stats: loss=0.3554, grad_norm=20.9902, exec_time=0.00s
Client 64 trained in 0.74s (simulated: 0.00s)
Client 64 uploaded with stats: loss=0.3311, grad_norm=37.8068, exec_time=0.00s
Client 39 trained in 0.81s (simulated: 0.00s)
Client 39 uploaded with stats: loss=0.3419, grad_norm=26.8661, exec_time=0.00s
Client 87 trained in 0.89s (simulated: 0.00s)
Client 87 uploaded with stats: loss=0.0921, grad_norm=31.1019, exec_time=0.00s
Client 34 trained in 0.89s (simulated: 0.00s)
Client 34 uploaded with stats: loss=0.0523, grad_norm=7.0787, exec_time=0.00s
Epoch(t): 476 accuracy: 83.43 loss 0.4543349358439446 run_time: 780.0666785240173
Current clients: 100, select: 10
| current_epoch 477 |. Begin client select
SchedulerThread select( 10 clients):
83 | 86 | 71 | 99 | 93 | 2 | 47 | 52 | 77 | 3 |
-----------------------------------------------------------------Schedule complete
Client 99 trained in 0.44s (simulated: 0.00s)
Client 99 uploaded with stats: loss=0.4009, grad_norm=27.2553, exec_time=0.00s
Client 47 trained in 0.49s (simulated: 0.00s)
Client 47 uploaded with stats: loss=0.1795, grad_norm=17.3153, exec_time=0.00s
Client 71 trained in 0.66s (simulated: 0.00s)
Client 71 uploaded with stats: loss=0.0969, grad_norm=12.6680, exec_time=0.00s
Client 93 trained in 0.71s (simulated: 0.00s)
Client 93 uploaded with stats: loss=0.1241, grad_norm=20.6211, exec_time=0.00s
Client 77 trained in 0.73s (simulated: 0.00s)
Client 77 uploaded with stats: loss=0.2241, grad_norm=26.6261, exec_time=0.00s
Client 83 trained in 0.79s (simulated: 0.00s)
Client 83 uploaded with stats: loss=0.0708, grad_norm=10.6312, exec_time=0.00s
Client 2 trained in 0.92s (simulated: 0.00s)
Client 2 uploaded with stats: loss=0.1100, grad_norm=12.7986, exec_time=0.00s
Client 86 trained in 0.94s (simulated: 0.00s)
Client 86 uploaded with stats: loss=0.3520, grad_norm=30.0793, exec_time=0.00s
Client 52 trained in 0.97s (simulated: 0.00s)
Client 52 uploaded with stats: loss=0.2469, grad_norm=18.4619, exec_time=0.00s
Client 3 trained in 0.96s (simulated: 0.00s)
Client 3 uploaded with stats: loss=0.1230, grad_norm=11.7275, exec_time=0.00s
Epoch(t): 477 accuracy: 84.93 loss 0.4097327703237534 run_time: 781.6206316947937
Current clients: 100, select: 10
| current_epoch 478 |. Begin client select
SchedulerThread select( 10 clients):
12 | 80 | 70 | 8 | 27 | 26 | 17 | 39 | 69 | 66 |
-----------------------------------------------------------------Schedule complete
Client 27 trained in 0.62s (simulated: 0.00s)
Client 27 uploaded with stats: loss=0.2799, grad_norm=30.4580, exec_time=0.00s
Client 17 trained in 0.70s (simulated: 0.00s)
Client 17 uploaded with stats: loss=0.0890, grad_norm=15.0566, exec_time=0.00s
Client 26 trained in 0.76s (simulated: 0.00s)
Client 26 uploaded with stats: loss=0.0960, grad_norm=16.0887, exec_time=0.00s
Client 12 trained in 0.93s (simulated: 0.00s)
Client 12 uploaded with stats: loss=0.2102, grad_norm=23.9510, exec_time=0.00s
Client 70 trained in 0.94s (simulated: 0.00s)
Client 70 uploaded with stats: loss=0.1653, grad_norm=16.6312, exec_time=0.00s
Client 69 trained in 0.97s (simulated: 0.00s)
Client 69 uploaded with stats: loss=0.3509, grad_norm=20.7029, exec_time=0.00s
Client 80 trained in 1.11s (simulated: 0.00s)
Client 80 uploaded with stats: loss=0.1345, grad_norm=12.2152, exec_time=0.00s
Client 39 trained in 1.17s (simulated: 0.00s)
Client 39 uploaded with stats: loss=0.3296, grad_norm=20.3284, exec_time=0.00s
Client 66 trained in 1.20s (simulated: 0.00s)
Client 66 uploaded with stats: loss=0.0888, grad_norm=18.2955, exec_time=0.00s
Client 8 trained in 1.21s (simulated: 0.00s)
Client 8 uploaded with stats: loss=0.0453, grad_norm=13.1272, exec_time=0.00s
Epoch(t): 478 accuracy: 85.29 loss 0.4018943338096142 run_time: 783.4521162509918
Current clients: 100, select: 10
| current_epoch 479 |. Begin client select
SchedulerThread select( 10 clients):
35 | 55 | 1 | 75 | 12 | 5 | 45 | 17 | 26 | 6 |
-----------------------------------------------------------------Schedule complete
Client 5 trained in 0.59s (simulated: 0.00s)
Client 5 uploaded with stats: loss=0.1796, grad_norm=17.3082, exec_time=0.00s
Client 12 trained in 0.79s (simulated: 0.00s)
Client 12 uploaded with stats: loss=0.2094, grad_norm=24.4946, exec_time=0.00s
Client 17 trained in 0.78s (simulated: 0.00s)
Client 17 uploaded with stats: loss=0.0831, grad_norm=13.8592, exec_time=0.00s
Client 26 trained in 0.82s (simulated: 0.00s)
Client 26 uploaded with stats: loss=0.0932, grad_norm=15.3874, exec_time=0.00s
Client 35 trained in 0.89s (simulated: 0.00s)
Client 35 uploaded with stats: loss=0.1452, grad_norm=14.4650, exec_time=0.00s
Client 75 trained in 0.93s (simulated: 0.00s)
Client 75 uploaded with stats: loss=0.2956, grad_norm=23.6382, exec_time=0.00s
Client 55 trained in 1.08s (simulated: 0.00s)
Client 55 uploaded with stats: loss=0.1528, grad_norm=18.0590, exec_time=0.00s
Client 6 trained in 1.11s (simulated: 0.00s)
Client 6 uploaded with stats: loss=0.1828, grad_norm=16.9112, exec_time=0.00s
Client 45 trained in 1.17s (simulated: 0.00s)
Client 45 uploaded with stats: loss=0.1573, grad_norm=10.3680, exec_time=0.00s
Client 1 trained in 1.18s (simulated: 0.00s)
Client 1 uploaded with stats: loss=0.1286, grad_norm=13.7164, exec_time=0.00s
Epoch(t): 479 accuracy: 84.08 loss 0.43532069951295854 run_time: 785.2243821620941
Current clients: 100, select: 10
| current_epoch 480 |. Begin client select
SchedulerThread select( 10 clients):
80 | 37 | 47 | 83 | 42 | 12 | 5 | 27 | 26 | 17 |
-----------------------------------------------------------------Schedule complete
Client 17 trained in 0.69s (simulated: 0.00s)
Client 17 uploaded with stats: loss=0.0837, grad_norm=14.5859, exec_time=0.00s
Client 37 trained in 0.77s (simulated: 0.00s)
Client 37 uploaded with stats: loss=0.1475, grad_norm=21.6439, exec_time=0.00s
Client 26 trained in 0.79s (simulated: 0.00s)
Client 26 uploaded with stats: loss=0.0951, grad_norm=16.3861, exec_time=0.00s
Client 27 trained in 0.85s (simulated: 0.00s)
Client 27 uploaded with stats: loss=0.2502, grad_norm=24.7598, exec_time=0.00s
Client 5 trained in 0.95s (simulated: 0.00s)
Client 5 uploaded with stats: loss=0.1839, grad_norm=19.9119, exec_time=0.00s
Client 12 trained in 1.04s (simulated: 0.00s)
Client 12 uploaded with stats: loss=0.2023, grad_norm=23.1184, exec_time=0.00s
Client 47 trained in 1.08s (simulated: 0.00s)
Client 47 uploaded with stats: loss=0.1929, grad_norm=21.8401, exec_time=0.00s
Client 80 trained in 1.12s (simulated: 0.00s)
Client 80 uploaded with stats: loss=0.1317, grad_norm=12.3802, exec_time=0.00s
Client 83 trained in 1.19s (simulated: 0.00s)
Client 83 uploaded with stats: loss=0.0900, grad_norm=17.7107, exec_time=0.00s
Client 42 trained in 1.21s (simulated: 0.00s)
Client 42 uploaded with stats: loss=0.0928, grad_norm=12.2456, exec_time=0.00s
Epoch(t): 480 accuracy: 84.72 loss 0.4208722639083862 run_time: 786.999603509903
Current clients: 100, select: 10
| current_epoch 481 |. Begin client select
SchedulerThread select( 10 clients):
37 | 78 | 27 | 93 | 26 | 96 | 67 | 5 | 90 | 1 |
-----------------------------------------------------------------Schedule complete
Client 37 trained in 0.62s (simulated: 0.00s)
Client 37 uploaded with stats: loss=0.1370, grad_norm=19.3796, exec_time=0.00s
Client 26 trained in 0.64s (simulated: 0.00s)
Client 26 uploaded with stats: loss=0.0871, grad_norm=14.1835, exec_time=0.00s
Client 27 trained in 0.65s (simulated: 0.00s)
Client 27 uploaded with stats: loss=0.2721, grad_norm=29.9441, exec_time=0.00s
Client 5 trained in 0.87s (simulated: 0.00s)
Client 5 uploaded with stats: loss=0.1785, grad_norm=19.3326, exec_time=0.00s
Client 93 trained in 0.93s (simulated: 0.00s)
Client 93 uploaded with stats: loss=0.1193, grad_norm=21.0741, exec_time=0.00s
Client 90 trained in 0.98s (simulated: 0.00s)
Client 90 uploaded with stats: loss=0.1014, grad_norm=11.1065, exec_time=0.00s
Client 78 trained in 1.02s (simulated: 0.00s)
Client 78 uploaded with stats: loss=0.2073, grad_norm=17.5847, exec_time=0.00s
Client 1 trained in 1.05s (simulated: 0.00s)
Client 1 uploaded with stats: loss=0.1243, grad_norm=13.2490, exec_time=0.00s
Client 96 trained in 1.15s (simulated: 0.00s)
Client 96 uploaded with stats: loss=0.0363, grad_norm=6.4186, exec_time=0.00s
Client 67 trained in 1.16s (simulated: 0.00s)
Client 67 uploaded with stats: loss=0.0764, grad_norm=7.5952, exec_time=0.00s
Epoch(t): 481 accuracy: 82.81 loss 0.46319770500063895 run_time: 788.6845271587372
Current clients: 100, select: 10
| current_epoch 482 |. Begin client select
SchedulerThread select( 10 clients):
64 | 36 | 38 | 71 | 19 | 10 | 5 | 17 | 69 | 52 |
-----------------------------------------------------------------Schedule complete
Client 69 trained in 0.42s (simulated: 0.00s)
Client 69 uploaded with stats: loss=0.3486, grad_norm=21.7482, exec_time=0.00s
Client 5 trained in 0.44s (simulated: 0.00s)
Client 5 uploaded with stats: loss=0.1706, grad_norm=17.2520, exec_time=0.00s
Client 38 trained in 0.48s (simulated: 0.00s)
Client 38 uploaded with stats: loss=0.2705, grad_norm=24.5513, exec_time=0.00s
Client 71 trained in 0.63s (simulated: 0.00s)
Client 71 uploaded with stats: loss=0.0880, grad_norm=10.4151, exec_time=0.00s
Client 52 trained in 0.71s (simulated: 0.00s)
Client 52 uploaded with stats: loss=0.2269, grad_norm=16.5721, exec_time=0.00s
Client 17 trained in 0.75s (simulated: 0.00s)
Client 17 uploaded with stats: loss=0.0837, grad_norm=16.0821, exec_time=0.00s
Client 36 trained in 0.84s (simulated: 0.00s)
Client 36 uploaded with stats: loss=0.0691, grad_norm=16.5862, exec_time=0.00s
Client 19 trained in 0.89s (simulated: 0.00s)
Client 19 uploaded with stats: loss=0.0636, grad_norm=10.1144, exec_time=0.00s
Client 64 trained in 0.94s (simulated: 0.00s)
Client 64 uploaded with stats: loss=0.2003, grad_norm=24.3196, exec_time=0.00s
Client 10 trained in 0.96s (simulated: 0.00s)
Client 10 uploaded with stats: loss=0.2246, grad_norm=15.7071, exec_time=0.00s
Epoch(t): 482 accuracy: 85.49 loss 0.3956091977655888 run_time: 790.2854723930359
Current clients: 100, select: 10
| current_epoch 483 |. Begin client select
SchedulerThread select( 10 clients):
69 | 16 | 18 | 27 | 17 | 52 | 73 | 87 | 7 | 64 |
-----------------------------------------------------------------Schedule complete
Client 16 trained in 0.38s (simulated: 0.00s)
Client 16 uploaded with stats: loss=0.2625, grad_norm=20.1468, exec_time=0.00s
Client 73 trained in 0.44s (simulated: 0.00s)
Client 73 uploaded with stats: loss=0.0875, grad_norm=11.9159, exec_time=0.00s
Client 27 trained in 0.55s (simulated: 0.00s)
Client 27 uploaded with stats: loss=0.2857, grad_norm=32.6358, exec_time=0.00s
Client 69 trained in 0.52s (simulated: 0.00s)
Client 69 uploaded with stats: loss=0.3385, grad_norm=19.0182, exec_time=0.00s
Client 52 trained in 0.60s (simulated: 0.00s)
Client 52 uploaded with stats: loss=0.2344, grad_norm=18.5649, exec_time=0.00s
Client 64 trained in 0.62s (simulated: 0.00s)
Client 64 uploaded with stats: loss=0.1478, grad_norm=14.5109, exec_time=0.00s
Client 17 trained in 0.69s (simulated: 0.00s)
Client 17 uploaded with stats: loss=0.0803, grad_norm=13.0039, exec_time=0.00s
Client 18 trained in 0.75s (simulated: 0.00s)
Client 18 uploaded with stats: loss=0.1344, grad_norm=12.2339, exec_time=0.00s
Client 7 trained in 0.76s (simulated: 0.00s)
Client 7 uploaded with stats: loss=0.0879, grad_norm=7.4401, exec_time=0.00s
Client 87 trained in 0.78s (simulated: 0.00s)
Client 87 uploaded with stats: loss=0.0659, grad_norm=15.5588, exec_time=0.00s
Epoch(t): 483 accuracy: 83.93 loss 0.44971522271633146 run_time: 791.6893470287323
Current clients: 100, select: 10
| current_epoch 484 |. Begin client select
SchedulerThread select( 10 clients):
12 | 53 | 73 | 34 | 17 | 37 | 87 | 90 | 77 | 54 |
-----------------------------------------------------------------Schedule complete
Client 73 trained in 0.76s (simulated: 0.00s)
Client 73 uploaded with stats: loss=0.0816, grad_norm=11.7941, exec_time=0.00s
Client 37 trained in 0.85s (simulated: 0.00s)
Client 37 uploaded with stats: loss=0.1483, grad_norm=24.0984, exec_time=0.00s
Client 77 trained in 0.86s (simulated: 0.00s)
Client 77 uploaded with stats: loss=0.2309, grad_norm=28.7186, exec_time=0.00s
Client 17 trained in 0.88s (simulated: 0.00s)
Client 17 uploaded with stats: loss=0.0795, grad_norm=13.1531, exec_time=0.00s
Client 12 trained in 0.92s (simulated: 0.00s)
Client 12 uploaded with stats: loss=0.2119, grad_norm=26.8714, exec_time=0.00s
Client 90 trained in 0.93s (simulated: 0.00s)
Client 90 uploaded with stats: loss=0.0942, grad_norm=10.9253, exec_time=0.00s
Client 53 trained in 1.02s (simulated: 0.00s)
Client 53 uploaded with stats: loss=0.1493, grad_norm=14.8208, exec_time=0.00s
Client 34 trained in 1.12s (simulated: 0.00s)
Client 34 uploaded with stats: loss=0.0600, grad_norm=10.6902, exec_time=0.00s
Client 87 trained in 1.09s (simulated: 0.00s)
Client 87 uploaded with stats: loss=0.0597, grad_norm=14.2287, exec_time=0.00s
Client 54 trained in 1.11s (simulated: 0.00s)
Client 54 uploaded with stats: loss=0.0993, grad_norm=14.2136, exec_time=0.00s
Epoch(t): 484 accuracy: 78.54 loss 0.5875075453519821 run_time: 793.4576587677002
Current clients: 100, select: 10
| current_epoch 485 |. Begin client select
SchedulerThread select( 10 clients):
16 | 86 | 73 | 69 | 77 | 38 | 26 | 12 | 95 | 83 |
-----------------------------------------------------------------Schedule complete
Client 77 trained in 0.63s (simulated: 0.00s)
Client 77 uploaded with stats: loss=0.2225, grad_norm=27.4044, exec_time=0.00s
Client 26 trained in 0.70s (simulated: 0.00s)
Client 26 uploaded with stats: loss=0.1058, grad_norm=20.5048, exec_time=0.00s
Client 12 trained in 0.71s (simulated: 0.00s)
Client 12 uploaded with stats: loss=0.2103, grad_norm=25.5186, exec_time=0.00s
Client 38 trained in 0.85s (simulated: 0.00s)
Client 38 uploaded with stats: loss=0.2796, grad_norm=26.6289, exec_time=0.00s
Client 73 trained in 0.87s (simulated: 0.00s)
Client 73 uploaded with stats: loss=0.0783, grad_norm=11.7469, exec_time=0.00s
Client 16 trained in 0.94s (simulated: 0.00s)
Client 16 uploaded with stats: loss=0.2554, grad_norm=19.9267, exec_time=0.00s
Client 69 trained in 1.00s (simulated: 0.00s)
Client 69 uploaded with stats: loss=0.3397, grad_norm=19.2695, exec_time=0.00s
Client 95 trained in 1.07s (simulated: 0.00s)
Client 95 uploaded with stats: loss=0.0711, grad_norm=10.2805, exec_time=0.00s
Client 86 trained in 1.11s (simulated: 0.00s)
Client 86 uploaded with stats: loss=0.3618, grad_norm=32.6691, exec_time=0.00s
Client 83 trained in 1.14s (simulated: 0.00s)
Client 83 uploaded with stats: loss=0.0918, grad_norm=21.9322, exec_time=0.00s
Epoch(t): 485 accuracy: 81.74 loss 0.4743271055817604 run_time: 795.214438199997
Current clients: 100, select: 10
| current_epoch 486 |. Begin client select
SchedulerThread select( 10 clients):
12 | 4 | 26 | 16 | 48 | 90 | 93 | 60 | 59 | 38 |
-----------------------------------------------------------------Schedule complete
Client 12 trained in 0.72s (simulated: 0.00s)
Client 12 uploaded with stats: loss=0.1909, grad_norm=19.3802, exec_time=0.00s
Client 93 trained in 0.75s (simulated: 0.00s)
Client 93 uploaded with stats: loss=0.1150, grad_norm=19.4593, exec_time=0.00s
Client 26 trained in 0.76s (simulated: 0.00s)
Client 26 uploaded with stats: loss=0.0921, grad_norm=15.0121, exec_time=0.00s
Client 90 trained in 0.92s (simulated: 0.00s)
Client 90 uploaded with stats: loss=0.1014, grad_norm=11.8715, exec_time=0.00s
Client 38 trained in 0.93s (simulated: 0.00s)
Client 38 uploaded with stats: loss=0.2628, grad_norm=22.6597, exec_time=0.00s
Client 16 trained in 0.99s (simulated: 0.00s)
Client 16 uploaded with stats: loss=0.2608, grad_norm=21.4100, exec_time=0.00s
Client 59 trained in 1.00s (simulated: 0.00s)
Client 59 uploaded with stats: loss=0.4649, grad_norm=16.8273, exec_time=0.00s
Client 4 trained in 1.10s (simulated: 0.00s)
Client 4 uploaded with stats: loss=0.1988, grad_norm=14.9689, exec_time=0.00s
Client 48 trained in 1.10s (simulated: 0.00s)
Client 48 uploaded with stats: loss=0.2563, grad_norm=15.3264, exec_time=0.00s
Client 60 trained in 1.11s (simulated: 0.00s)
Client 60 uploaded with stats: loss=0.1080, grad_norm=13.6088, exec_time=0.00s
Epoch(t): 486 accuracy: 81.35 loss 0.4981557193398476 run_time: 796.8915538787842
Current clients: 100, select: 10
| current_epoch 487 |. Begin client select
SchedulerThread select( 10 clients):
78 | 53 | 12 | 99 | 16 | 36 | 73 | 39 | 67 | 93 |
-----------------------------------------------------------------Schedule complete
Client 73 trained in 0.50s (simulated: 0.00s)
Client 73 uploaded with stats: loss=0.0821, grad_norm=12.5559, exec_time=0.00s
Client 16 trained in 0.58s (simulated: 0.00s)
Client 16 uploaded with stats: loss=0.2339, grad_norm=17.4032, exec_time=0.00s
Client 12 trained in 0.63s (simulated: 0.00s)
Client 12 uploaded with stats: loss=0.1963, grad_norm=23.7974, exec_time=0.00s
Client 93 trained in 0.65s (simulated: 0.00s)
Client 93 uploaded with stats: loss=0.1146, grad_norm=20.3297, exec_time=0.00s
Client 78 trained in 0.72s (simulated: 0.00s)
Client 78 uploaded with stats: loss=0.2064, grad_norm=18.8188, exec_time=0.00s
Client 53 trained in 0.81s (simulated: 0.00s)
Client 53 uploaded with stats: loss=0.1555, grad_norm=16.8604, exec_time=0.00s
Client 99 trained in 0.89s (simulated: 0.00s)
Client 99 uploaded with stats: loss=0.3488, grad_norm=25.3800, exec_time=0.00s
Client 39 trained in 0.90s (simulated: 0.00s)
Client 39 uploaded with stats: loss=0.4669, grad_norm=32.2193, exec_time=0.00s
Client 36 trained in 0.93s (simulated: 0.00s)
Client 36 uploaded with stats: loss=0.0990, grad_norm=29.3488, exec_time=0.00s
Client 67 trained in 0.92s (simulated: 0.00s)
Client 67 uploaded with stats: loss=0.0905, grad_norm=11.5789, exec_time=0.00s
Epoch(t): 487 accuracy: 83.65 loss 0.45199680894613264 run_time: 798.4186806678772
Current clients: 100, select: 10
| current_epoch 488 |. Begin client select
SchedulerThread select( 10 clients):
7 | 25 | 39 | 75 | 38 | 45 | 31 | 27 | 77 | 5 |
-----------------------------------------------------------------Schedule complete
Client 38 trained in 0.52s (simulated: 0.00s)
Client 38 uploaded with stats: loss=0.2774, grad_norm=26.1326, exec_time=0.00s
Client 77 trained in 0.56s (simulated: 0.00s)
Client 77 uploaded with stats: loss=0.2164, grad_norm=24.7894, exec_time=0.00s
Client 27 trained in 0.59s (simulated: 0.00s)
Client 27 uploaded with stats: loss=0.2648, grad_norm=27.7163, exec_time=0.00s
Client 25 trained in 0.70s (simulated: 0.00s)
Client 25 uploaded with stats: loss=0.1894, grad_norm=16.9792, exec_time=0.00s
Client 75 trained in 0.84s (simulated: 0.00s)
Client 75 uploaded with stats: loss=0.3067, grad_norm=26.1299, exec_time=0.00s
Client 7 trained in 0.88s (simulated: 0.00s)
Client 7 uploaded with stats: loss=0.1065, grad_norm=8.9842, exec_time=0.00s
Client 5 trained in 0.88s (simulated: 0.00s)
Client 5 uploaded with stats: loss=0.1894, grad_norm=21.3754, exec_time=0.00s
Client 45 trained in 0.92s (simulated: 0.00s)
Client 45 uploaded with stats: loss=0.1686, grad_norm=10.1090, exec_time=0.00s
Client 39 trained in 0.93s (simulated: 0.00s)
Client 39 uploaded with stats: loss=0.3093, grad_norm=20.0777, exec_time=0.00s
Client 31 trained in 0.95s (simulated: 0.00s)
Client 31 uploaded with stats: loss=0.0475, grad_norm=7.8266, exec_time=0.00s
Epoch(t): 488 accuracy: 80.26 loss 0.516859941482544 run_time: 800.0222766399384
Current clients: 100, select: 10
| current_epoch 489 |. Begin client select
SchedulerThread select( 10 clients):
26 | 75 | 38 | 37 | 50 | 5 | 47 | 78 | 35 | 6 |
-----------------------------------------------------------------Schedule complete
Client 38 trained in 0.47s (simulated: 0.00s)
Client 38 uploaded with stats: loss=0.2601, grad_norm=22.5786, exec_time=0.00s
Client 5 trained in 0.52s (simulated: 0.00s)
Client 5 uploaded with stats: loss=0.1731, grad_norm=18.3128, exec_time=0.00s
Client 37 trained in 0.52s (simulated: 0.00s)
Client 37 uploaded with stats: loss=0.1472, grad_norm=23.4070, exec_time=0.00s
Client 26 trained in 0.53s (simulated: 0.00s)
Client 26 uploaded with stats: loss=0.0912, grad_norm=16.4751, exec_time=0.00s
Client 47 trained in 0.65s (simulated: 0.00s)
Client 47 uploaded with stats: loss=0.2061, grad_norm=27.4612, exec_time=0.00s
Client 75 trained in 0.83s (simulated: 0.00s)
Client 75 uploaded with stats: loss=0.3019, grad_norm=25.0038, exec_time=0.00s
Client 35 trained in 0.87s (simulated: 0.00s)
Client 35 uploaded with stats: loss=0.1433, grad_norm=13.7921, exec_time=0.00s
Client 78 trained in 0.92s (simulated: 0.00s)
Client 78 uploaded with stats: loss=0.2035, grad_norm=18.0517, exec_time=0.00s
Client 50 trained in 1.02s (simulated: 0.00s)
Client 50 uploaded with stats: loss=0.1703, grad_norm=22.4684, exec_time=0.00s
Client 6 trained in 1.03s (simulated: 0.00s)
Client 6 uploaded with stats: loss=0.1813, grad_norm=17.0150, exec_time=0.00s
Epoch(t): 489 accuracy: 83.68 loss 0.44803718507289886 run_time: 801.5923490524292
Current clients: 100, select: 10
| current_epoch 490 |. Begin client select
SchedulerThread select( 10 clients):
42 | 20 | 54 | 84 | 86 | 73 | 47 | 50 | 66 | 64 |
-----------------------------------------------------------------Schedule complete
Client 47 trained in 0.34s (simulated: 0.00s)
Client 47 uploaded with stats: loss=0.1845, grad_norm=19.5146, exec_time=0.00s
Client 86 trained in 0.37s (simulated: 0.00s)
Client 86 uploaded with stats: loss=0.3876, grad_norm=32.6558, exec_time=0.00s
Client 84 trained in 0.44s (simulated: 0.00s)
Client 84 uploaded with stats: loss=0.0740, grad_norm=10.0597, exec_time=0.00s
Client 73 trained in 0.45s (simulated: 0.00s)
Client 73 uploaded with stats: loss=0.0954, grad_norm=13.9624, exec_time=0.00s
Client 64 trained in 0.48s (simulated: 0.00s)
Client 64 uploaded with stats: loss=0.1607, grad_norm=15.1222, exec_time=0.00s
Client 50 trained in 0.47s (simulated: 0.00s)
Client 50 uploaded with stats: loss=0.1384, grad_norm=12.8676, exec_time=0.00s
Client 42 trained in 0.57s (simulated: 0.00s)
Client 42 uploaded with stats: loss=0.1034, grad_norm=15.6431, exec_time=0.00s
Client 66 trained in 0.62s (simulated: 0.00s)
Client 66 uploaded with stats: loss=0.0660, grad_norm=10.9361, exec_time=0.00s
Client 20 trained in 0.70s (simulated: 0.00s)
Client 20 uploaded with stats: loss=0.1113, grad_norm=11.7026, exec_time=0.00s
Client 54 trained in 0.70s (simulated: 0.00s)
Client 54 uploaded with stats: loss=0.0898, grad_norm=8.6291, exec_time=0.00s
Epoch(t): 490 accuracy: 84.22 loss 0.42784500151872634 run_time: 802.8546483516693
Current clients: 100, select: 10
| current_epoch 491 |. Begin client select
SchedulerThread select( 10 clients):
38 | 53 | 84 | 99 | 77 | 12 | 5 | 40 | 97 | 55 |
-----------------------------------------------------------------Schedule complete
Client 38 trained in 0.51s (simulated: 0.00s)
Client 38 uploaded with stats: loss=0.2523, grad_norm=21.6058, exec_time=0.00s
Client 12 trained in 0.59s (simulated: 0.00s)
Client 12 uploaded with stats: loss=0.2072, grad_norm=24.3564, exec_time=0.00s
Client 77 trained in 0.60s (simulated: 0.00s)
Client 77 uploaded with stats: loss=0.2238, grad_norm=27.3495, exec_time=0.00s
Client 5 trained in 0.63s (simulated: 0.00s)
Client 5 uploaded with stats: loss=0.1769, grad_norm=17.8436, exec_time=0.00s
Client 84 trained in 0.74s (simulated: 0.00s)
Client 84 uploaded with stats: loss=0.0701, grad_norm=11.0364, exec_time=0.00s
Client 97 trained in 0.87s (simulated: 0.00s)
Client 97 uploaded with stats: loss=0.1853, grad_norm=13.2249, exec_time=0.00s
Client 53 trained in 0.90s (simulated: 0.00s)
Client 53 uploaded with stats: loss=0.1527, grad_norm=17.2714, exec_time=0.00s
Client 55 trained in 0.91s (simulated: 0.00s)
Client 55 uploaded with stats: loss=0.1413, grad_norm=16.3387, exec_time=0.00s
Client 99 trained in 0.96s (simulated: 0.00s)
Client 99 uploaded with stats: loss=0.4029, grad_norm=30.8256, exec_time=0.00s
Client 40 trained in 0.99s (simulated: 0.00s)
Client 40 uploaded with stats: loss=0.1321, grad_norm=12.6029, exec_time=0.00s
Epoch(t): 491 accuracy: 82.42 loss 0.4684570062160492 run_time: 804.4684793949127
Current clients: 100, select: 10
| current_epoch 492 |. Begin client select
SchedulerThread select( 10 clients):
36 | 2 | 73 | 47 | 23 | 93 | 34 | 95 | 66 | 67 |
-----------------------------------------------------------------Schedule complete
Client 47 trained in 0.34s (simulated: 0.00s)
Client 47 uploaded with stats: loss=0.1775, grad_norm=20.4715, exec_time=0.00s
Client 73 trained in 0.40s (simulated: 0.00s)
Client 73 uploaded with stats: loss=0.0878, grad_norm=13.9652, exec_time=0.00s
Client 2 trained in 0.47s (simulated: 0.00s)
Client 2 uploaded with stats: loss=0.1020, grad_norm=13.1757, exec_time=0.00s
Client 95 trained in 0.50s (simulated: 0.00s)
Client 95 uploaded with stats: loss=0.0652, grad_norm=9.1316, exec_time=0.00s
Client 93 trained in 0.57s (simulated: 0.00s)
Client 93 uploaded with stats: loss=0.1084, grad_norm=16.3961, exec_time=0.00s
Client 36 trained in 0.60s (simulated: 0.00s)
Client 36 uploaded with stats: loss=0.0747, grad_norm=15.8965, exec_time=0.00s
Client 66 trained in 0.69s (simulated: 0.00s)
Client 66 uploaded with stats: loss=0.0743, grad_norm=17.1188, exec_time=0.00s
Client 67 trained in 0.72s (simulated: 0.00s)
Client 67 uploaded with stats: loss=0.0751, grad_norm=8.2227, exec_time=0.00s
Client 23 trained in 0.77s (simulated: 0.00s)
Client 23 uploaded with stats: loss=0.1568, grad_norm=11.8948, exec_time=0.00s
Client 34 trained in 0.79s (simulated: 0.00s)
Client 34 uploaded with stats: loss=0.0510, grad_norm=6.2558, exec_time=0.00s
Epoch(t): 492 accuracy: 84.29 loss 0.428430469930172 run_time: 805.8476355075836
Current clients: 100, select: 10
| current_epoch 493 |. Begin client select
SchedulerThread select( 10 clients):
38 | 27 | 93 | 63 | 19 | 80 | 26 | 83 | 70 | 3 |
-----------------------------------------------------------------Schedule complete
Client 27 trained in 0.63s (simulated: 0.00s)
Client 27 uploaded with stats: loss=0.2721, grad_norm=30.7166, exec_time=0.00s
Client 26 trained in 0.73s (simulated: 0.00s)
Client 26 uploaded with stats: loss=0.0898, grad_norm=14.9117, exec_time=0.00s
Client 93 trained in 0.74s (simulated: 0.00s)
Client 93 uploaded with stats: loss=0.1054, grad_norm=16.2299, exec_time=0.00s
Client 38 trained in 0.84s (simulated: 0.00s)
Client 38 uploaded with stats: loss=0.2706, grad_norm=24.8450, exec_time=0.00s
Client 70 trained in 0.87s (simulated: 0.00s)
Client 70 uploaded with stats: loss=0.1729, grad_norm=17.7725, exec_time=0.00s
Client 80 trained in 0.97s (simulated: 0.00s)
Client 80 uploaded with stats: loss=0.1314, grad_norm=12.5618, exec_time=0.00s
Client 83 trained in 1.06s (simulated: 0.00s)
Client 83 uploaded with stats: loss=0.0927, grad_norm=18.7738, exec_time=0.00s
Client 63 trained in 1.09s (simulated: 0.00s)
Client 63 uploaded with stats: loss=0.1156, grad_norm=10.8746, exec_time=0.00s
Client 19 trained in 1.09s (simulated: 0.00s)
Client 19 uploaded with stats: loss=0.0551, grad_norm=8.3984, exec_time=0.00s
Client 3 trained in 1.11s (simulated: 0.00s)
Client 3 uploaded with stats: loss=0.1484, grad_norm=18.4715, exec_time=0.00s
Epoch(t): 493 accuracy: 84.93 loss 0.4143790501356125 run_time: 807.5419540405273
Current clients: 100, select: 10
| current_epoch 494 |. Begin client select
SchedulerThread select( 10 clients):
75 | 3 | 17 | 5 | 93 | 50 | 43 | 27 | 77 | 25 |
-----------------------------------------------------------------Schedule complete
Client 27 trained in 0.72s (simulated: 0.00s)
Client 27 uploaded with stats: loss=0.2695, grad_norm=30.0139, exec_time=0.00s
Client 77 trained in 0.77s (simulated: 0.00s)
Client 77 uploaded with stats: loss=0.2168, grad_norm=25.2745, exec_time=0.00s
Client 17 trained in 0.80s (simulated: 0.00s)
Client 17 uploaded with stats: loss=0.0831, grad_norm=15.1805, exec_time=0.00s
Client 5 trained in 0.85s (simulated: 0.00s)
Client 5 uploaded with stats: loss=0.1785, grad_norm=19.2918, exec_time=0.00s
Client 93 trained in 0.92s (simulated: 0.00s)
Client 93 uploaded with stats: loss=0.1061, grad_norm=16.5199, exec_time=0.00s
Client 25 trained in 1.05s (simulated: 0.00s)
Client 25 uploaded with stats: loss=0.2138, grad_norm=24.0638, exec_time=0.00s
Client 75 trained in 1.06s (simulated: 0.00s)
Client 75 uploaded with stats: loss=0.3313, grad_norm=30.2924, exec_time=0.00s
Client 3 trained in 1.16s (simulated: 0.00s)
Client 3 uploaded with stats: loss=0.1401, grad_norm=15.2591, exec_time=0.00s
Client 50 trained in 1.19s (simulated: 0.00s)
Client 50 uploaded with stats: loss=0.1478, grad_norm=13.4556, exec_time=0.00s
Client 43 trained in 1.22s (simulated: 0.00s)
Client 43 uploaded with stats: loss=0.0933, grad_norm=13.1717, exec_time=0.00s
Epoch(t): 494 accuracy: 83.57 loss 0.4492181271314621 run_time: 809.445024728775
Current clients: 100, select: 10
| current_epoch 495 |. Begin client select
SchedulerThread select( 10 clients):
40 | 37 | 69 | 86 | 45 | 90 | 6 | 60 | 38 | 71 |
-----------------------------------------------------------------Schedule complete
Client 90 trained in 0.48s (simulated: 0.00s)
Client 90 uploaded with stats: loss=0.0969, grad_norm=11.2750, exec_time=0.00s
Client 69 trained in 0.49s (simulated: 0.00s)
Client 69 uploaded with stats: loss=0.3572, grad_norm=22.6793, exec_time=0.00s
Client 38 trained in 0.58s (simulated: 0.00s)
Client 38 uploaded with stats: loss=0.2593, grad_norm=22.6798, exec_time=0.00s
Client 37 trained in 0.71s (simulated: 0.00s)
Client 37 uploaded with stats: loss=0.1459, grad_norm=22.6092, exec_time=0.00s
Client 6 trained in 0.71s (simulated: 0.00s)
Client 6 uploaded with stats: loss=0.1826, grad_norm=16.9001, exec_time=0.00s
Client 40 trained in 0.86s (simulated: 0.00s)
Client 40 uploaded with stats: loss=0.1318, grad_norm=12.7322, exec_time=0.00s
Client 86 trained in 0.97s (simulated: 0.00s)
Client 86 uploaded with stats: loss=0.2391, grad_norm=17.2536, exec_time=0.00s
Client 71 trained in 0.96s (simulated: 0.00s)
Client 71 uploaded with stats: loss=0.0772, grad_norm=7.8025, exec_time=0.00s
Client 60 trained in 0.98s (simulated: 0.00s)
Client 60 uploaded with stats: loss=0.0937, grad_norm=11.0257, exec_time=0.00s
Client 45 trained in 1.01s (simulated: 0.00s)
Client 45 uploaded with stats: loss=0.1620, grad_norm=10.9306, exec_time=0.00s
Epoch(t): 495 accuracy: 82.85 loss 0.4628186473250389 run_time: 811.1312658786774
Current clients: 100, select: 10
| current_epoch 496 |. Begin client select
SchedulerThread select( 10 clients):
78 | 38 | 77 | 87 | 49 | 76 | 96 | 47 | 26 | 54 |
-----------------------------------------------------------------Schedule complete
Client 38 trained in 0.57s (simulated: 0.00s)
Client 38 uploaded with stats: loss=0.2469, grad_norm=21.3403, exec_time=0.00s
Client 47 trained in 0.59s (simulated: 0.00s)
Client 77 trained in 0.60s (simulated: 0.00s)
Client 47 uploaded with stats: loss=0.1884, grad_norm=23.6018, exec_time=0.00s
Client 77 uploaded with stats: loss=0.2271, grad_norm=30.1455, exec_time=0.00s
Client 26 trained in 0.75s (simulated: 0.00s)
Client 26 uploaded with stats: loss=0.0977, grad_norm=16.6030, exec_time=0.00s
Client 78 trained in 0.81s (simulated: 0.00s)
Client 78 uploaded with stats: loss=0.2113, grad_norm=21.2489, exec_time=0.00s
Client 49 trained in 0.98s (simulated: 0.00s)
Client 49 uploaded with stats: loss=0.1714, grad_norm=10.4923, exec_time=0.00s
Client 96 trained in 0.99s (simulated: 0.00s)
Client 96 uploaded with stats: loss=0.0379, grad_norm=7.9927, exec_time=0.00s
Client 76 trained in 1.03s (simulated: 0.00s)
Client 76 uploaded with stats: loss=0.0598, grad_norm=9.6688, exec_time=0.00s
Client 87 trained in 1.02s (simulated: 0.00s)
Client 87 uploaded with stats: loss=0.0565, grad_norm=15.1500, exec_time=0.00s
Client 54 trained in 1.04s (simulated: 0.00s)
Client 54 uploaded with stats: loss=0.0799, grad_norm=9.0716, exec_time=0.00s
Epoch(t): 496 accuracy: 83.94 loss 0.43254305601119997 run_time: 812.7838416099548
Current clients: 100, select: 10
| current_epoch 497 |. Begin client select
SchedulerThread select( 10 clients):
67 | 12 | 27 | 16 | 38 | 39 | 3 | 37 | 55 | 26 |
-----------------------------------------------------------------Schedule complete
Client 26 trained in 0.49s (simulated: 0.00s)
Client 26 uploaded with stats: loss=0.0909, grad_norm=15.6234, exec_time=0.00s
Client 27 trained in 0.56s (simulated: 0.00s)
Client 27 uploaded with stats: loss=0.2653, grad_norm=29.3854, exec_time=0.00s
Client 37 trained in 0.63s (simulated: 0.00s)
Client 37 uploaded with stats: loss=0.1378, grad_norm=20.7312, exec_time=0.00s
Client 12 trained in 0.79s (simulated: 0.00s)
Client 12 uploaded with stats: loss=0.2004, grad_norm=22.8914, exec_time=0.00s
Client 38 trained in 0.93s (simulated: 0.00s)
Client 38 uploaded with stats: loss=0.2448, grad_norm=21.1535, exec_time=0.00s
Client 67 trained in 0.95s (simulated: 0.00s)
Client 67 uploaded with stats: loss=0.0790, grad_norm=8.6896, exec_time=0.00s
Client 16 trained in 0.96s (simulated: 0.00s)
Client 16 uploaded with stats: loss=0.2445, grad_norm=18.0876, exec_time=0.00s
Client 55 trained in 0.95s (simulated: 0.00s)
Client 55 uploaded with stats: loss=0.1579, grad_norm=19.3154, exec_time=0.00s
Client 39 trained in 0.96s (simulated: 0.00s)
Client 39 uploaded with stats: loss=0.3859, grad_norm=24.1786, exec_time=0.00s
Client 3 trained in 1.01s (simulated: 0.00s)
Client 3 uploaded with stats: loss=0.1478, grad_norm=19.7774, exec_time=0.00s
Epoch(t): 497 accuracy: 80.8 loss 0.4980243419110775 run_time: 814.3973162174225
Current clients: 100, select: 10
| current_epoch 498 |. Begin client select
SchedulerThread select( 10 clients):
6 | 86 | 93 | 80 | 45 | 99 | 79 | 77 | 69 | 23 |
-----------------------------------------------------------------Schedule complete
Client 69 trained in 0.33s (simulated: 0.00s)
Client 69 uploaded with stats: loss=0.3412, grad_norm=19.9125, exec_time=0.00s
Client 6 trained in 0.41s (simulated: 0.00s)
Client 6 uploaded with stats: loss=0.1935, grad_norm=20.2459, exec_time=0.00s
Client 99 trained in 0.41s (simulated: 0.00s)
Client 99 uploaded with stats: loss=0.3702, grad_norm=27.5825, exec_time=0.00s
Client 86 trained in 0.58s (simulated: 0.00s)
Client 86 uploaded with stats: loss=0.6150, grad_norm=51.3629, exec_time=0.00s
Client 80 trained in 0.61s (simulated: 0.00s)
Client 80 uploaded with stats: loss=0.1312, grad_norm=13.3196, exec_time=0.00s
Client 93 trained in 0.68s (simulated: 0.00s)
Client 93 uploaded with stats: loss=0.1136, grad_norm=20.0443, exec_time=0.00s
Client 77 trained in 0.72s (simulated: 0.00s)
Client 77 uploaded with stats: loss=0.2262, grad_norm=28.4475, exec_time=0.00s
Client 23 trained in 0.80s (simulated: 0.00s)
Client 23 uploaded with stats: loss=0.1667, grad_norm=14.1882, exec_time=0.00s
Client 79 trained in 0.80s (simulated: 0.00s)
Client 79 uploaded with stats: loss=0.0971, grad_norm=15.1125, exec_time=0.00s
Client 45 trained in 0.83s (simulated: 0.00s)
Client 45 uploaded with stats: loss=0.1794, grad_norm=14.2283, exec_time=0.00s
Epoch(t): 498 accuracy: 78.13 loss 0.58016804844141 run_time: 815.8929009437561
Current clients: 100, select: 10
| current_epoch 499 |. Begin client select
SchedulerThread select( 10 clients):
50 | 37 | 27 | 63 | 90 | 12 | 7 | 16 | 77 | 87 |
-----------------------------------------------------------------Schedule complete
Client 27 trained in 0.66s (simulated: 0.00s)
Client 27 uploaded with stats: loss=0.2738, grad_norm=29.7295, exec_time=0.00s
Client 37 trained in 0.75s (simulated: 0.00s)
Client 37 uploaded with stats: loss=0.1376, grad_norm=21.4523, exec_time=0.00s
Client 90 trained in 0.77s (simulated: 0.00s)
Client 90 uploaded with stats: loss=0.1035, grad_norm=12.6380, exec_time=0.00s
Client 77 trained in 0.78s (simulated: 0.00s)
Client 77 uploaded with stats: loss=0.2079, grad_norm=23.6894, exec_time=0.00s
Client 12 trained in 0.87s (simulated: 0.00s)
Client 12 uploaded with stats: loss=0.1993, grad_norm=23.2960, exec_time=0.00s
Client 16 trained in 0.90s (simulated: 0.00s)
Client 16 uploaded with stats: loss=0.2472, grad_norm=18.4201, exec_time=0.00s
Client 50 trained in 1.07s (simulated: 0.00s)
Client 50 uploaded with stats: loss=0.1762, grad_norm=22.6530, exec_time=0.00s
Client 7 trained in 1.09s (simulated: 0.00s)
Client 7 uploaded with stats: loss=0.1083, grad_norm=9.8910, exec_time=0.00s
Client 87 trained in 1.11s (simulated: 0.00s)
Client 87 uploaded with stats: loss=0.0910, grad_norm=28.3397, exec_time=0.00s
Client 63 trained in 1.12s (simulated: 0.00s)
Client 63 uploaded with stats: loss=0.1395, grad_norm=16.0425, exec_time=0.00s
Epoch(t): 499 accuracy: 80.74 loss 0.5004634386301041 run_time: 817.5805599689484
Current clients: 100, select: 10
| current_epoch 500 |. Begin client select
SchedulerThread select( 10 clients):
25 | 1 | 17 | 93 | 64 | 43 | 5 | 36 | 38 | 10 |
-----------------------------------------------------------------Schedule complete
Client 38 trained in 0.56s (simulated: 0.00s)
Client 38 uploaded with stats: loss=0.2696, grad_norm=25.9523, exec_time=0.00s
Client 93 trained in 0.60s (simulated: 0.00s)
Client 93 uploaded with stats: loss=0.1230, grad_norm=22.0634, exec_time=0.00s
Client 5 trained in 0.66s (simulated: 0.00s)
Client 5 uploaded with stats: loss=0.2121, grad_norm=25.1895, exec_time=0.00s
Client 17 trained in 0.72s (simulated: 0.00s)
Client 17 uploaded with stats: loss=0.0855, grad_norm=15.4378, exec_time=0.00s
Client 25 trained in 0.88s (simulated: 0.00s)
Client 25 uploaded with stats: loss=0.1989, grad_norm=21.4380, exec_time=0.00s
Client 1 trained in 0.91s (simulated: 0.00s)
Client 1 uploaded with stats: loss=0.1355, grad_norm=15.4011, exec_time=0.00s
Client 43 trained in 0.99s (simulated: 0.00s)
Client 43 uploaded with stats: loss=0.1034, grad_norm=12.3554, exec_time=0.00s
Client 64 trained in 1.01s (simulated: 0.00s)
Client 64 uploaded with stats: loss=0.1882, grad_norm=23.4557, exec_time=0.00s
Client 36 trained in 1.03s (simulated: 0.00s)
Client 36 uploaded with stats: loss=0.0958, grad_norm=22.2192, exec_time=0.00s
Client 10 trained in 1.06s (simulated: 0.00s)
Client 10 uploaded with stats: loss=0.2491, grad_norm=19.1514, exec_time=0.00s
Epoch(t): 500 accuracy: 85.56 loss 0.393134513348341 run_time: 819.2750995159149
Current clients: 100, select: 10
| current_epoch 501 |. Begin client select
SchedulerThread select( 10 clients):
83 | 17 | 1 | 48 | 4 | 47 | 50 | 84 | 60 | 77 |
-----------------------------------------------------------------Schedule complete
Client 47 trained in 0.46s (simulated: 0.00s)
Client 47 uploaded with stats: loss=0.2254, grad_norm=26.1206, exec_time=0.00s
Client 84 trained in 0.67s (simulated: 0.00s)
Client 84 uploaded with stats: loss=0.0715, grad_norm=10.4945, exec_time=0.00s
Client 50 trained in 0.79s (simulated: 0.00s)
Client 50 uploaded with stats: loss=0.1512, grad_norm=15.2581, exec_time=0.00s
Client 1 trained in 0.90s (simulated: 0.00s)
Client 1 uploaded with stats: loss=0.1223, grad_norm=11.6931, exec_time=0.00s
Client 77 trained in 0.91s (simulated: 0.00s)
Client 77 uploaded with stats: loss=0.2177, grad_norm=25.9473, exec_time=0.00s
Client 17 trained in 1.01s (simulated: 0.00s)
Client 17 uploaded with stats: loss=0.0814, grad_norm=13.3101, exec_time=0.00s
Client 60 trained in 1.02s (simulated: 0.00s)
Client 60 uploaded with stats: loss=0.0944, grad_norm=10.7887, exec_time=0.00s
Client 48 trained in 1.07s (simulated: 0.00s)
Client 48 uploaded with stats: loss=0.2285, grad_norm=12.4448, exec_time=0.00s
Client 4 trained in 1.07s (simulated: 0.00s)
Client 4 uploaded with stats: loss=0.2064, grad_norm=18.6642, exec_time=0.00s
Client 83 trained in 1.11s (simulated: 0.00s)
Client 83 uploaded with stats: loss=0.0843, grad_norm=14.4511, exec_time=0.00s
Epoch(t): 501 accuracy: 84.8 loss 0.41670946061611175 run_time: 820.9775199890137
Current clients: 100, select: 10
| current_epoch 502 |. Begin client select
SchedulerThread select( 10 clients):
27 | 48 | 70 | 25 | 38 | 95 | 55 | 60 | 78 | 53 |
-----------------------------------------------------------------Schedule complete
Client 70 trained in 0.53s (simulated: 0.00s)
Client 70 uploaded with stats: loss=0.1673, grad_norm=18.1271, exec_time=0.00s
Client 25 trained in 0.63s (simulated: 0.00s)
Client 25 uploaded with stats: loss=0.2057, grad_norm=23.8659, exec_time=0.00s
Client 38 trained in 0.64s (simulated: 0.00s)
Client 38 uploaded with stats: loss=0.2685, grad_norm=25.3107, exec_time=0.00s
Client 27 trained in 0.66s (simulated: 0.00s)
Client 27 uploaded with stats: loss=0.2477, grad_norm=26.1881, exec_time=0.00s
Client 55 trained in 0.82s (simulated: 0.00s)
Client 55 uploaded with stats: loss=0.1390, grad_norm=15.0637, exec_time=0.00s
Client 78 trained in 0.84s (simulated: 0.00s)
Client 78 uploaded with stats: loss=0.2128, grad_norm=20.4163, exec_time=0.00s
Client 95 trained in 0.93s (simulated: 0.00s)
Client 95 uploaded with stats: loss=0.0727, grad_norm=11.4525, exec_time=0.00s
Client 53 trained in 0.95s (simulated: 0.00s)
Client 53 uploaded with stats: loss=0.1542, grad_norm=18.0359, exec_time=0.00s
Client 48 trained in 0.98s (simulated: 0.00s)
Client 48 uploaded with stats: loss=0.2266, grad_norm=14.0766, exec_time=0.00s
Client 60 trained in 0.99s (simulated: 0.00s)
Client 60 uploaded with stats: loss=0.0863, grad_norm=9.4394, exec_time=0.00s
Epoch(t): 502 accuracy: 85.89 loss 0.387611778229475 run_time: 822.5159242153168
Current clients: 100, select: 10
| current_epoch 503 |. Begin client select
SchedulerThread select( 10 clients):
37 | 99 | 26 | 4 | 40 | 3 | 27 | 38 | 12 | 69 |
-----------------------------------------------------------------Schedule complete
Client 27 trained in 0.52s (simulated: 0.00s)
Client 27 uploaded with stats: loss=0.2557, grad_norm=27.9626, exec_time=0.00s
Client 26 trained in 0.57s (simulated: 0.00s)
Client 26 uploaded with stats: loss=0.0882, grad_norm=14.7344, exec_time=0.00s
Client 37 trained in 0.64s (simulated: 0.00s)
Client 37 uploaded with stats: loss=0.1344, grad_norm=19.4615, exec_time=0.00s
Client 69 trained in 0.85s (simulated: 0.00s)
Client 69 uploaded with stats: loss=0.3166, grad_norm=17.8350, exec_time=0.00s
Client 12 trained in 0.87s (simulated: 0.00s)
Client 12 uploaded with stats: loss=0.2086, grad_norm=25.1657, exec_time=0.00s
Client 40 trained in 0.99s (simulated: 0.00s)
Client 40 uploaded with stats: loss=0.1192, grad_norm=11.2501, exec_time=0.00s
Client 99 trained in 1.02s (simulated: 0.00s)
Client 99 uploaded with stats: loss=0.4196, grad_norm=31.9340, exec_time=0.00s
Client 38 trained in 1.07s (simulated: 0.00s)
Client 38 uploaded with stats: loss=0.2430, grad_norm=19.9744, exec_time=0.00s
Client 3 trained in 1.06s (simulated: 0.00s)
Client 3 uploaded with stats: loss=0.1807, grad_norm=21.3767, exec_time=0.00s
Client 4 trained in 1.08s (simulated: 0.00s)
Client 4 uploaded with stats: loss=0.2708, grad_norm=25.5172, exec_time=0.00s
Epoch(t): 503 accuracy: 80.13 loss 0.5223254162073135 run_time: 824.2932941913605
Current clients: 100, select: 10
| current_epoch 504 |. Begin client select
SchedulerThread select( 10 clients):
52 | 75 | 70 | 69 | 43 | 79 | 27 | 17 | 2 | 38 |
-----------------------------------------------------------------Schedule complete
Client 17 trained in 0.62s (simulated: 0.00s)
Client 17 uploaded with stats: loss=0.0878, grad_norm=15.1612, exec_time=0.00s
Client 27 trained in 0.69s (simulated: 0.00s)
Client 27 uploaded with stats: loss=0.2504, grad_norm=27.3144, exec_time=0.00s
Client 38 trained in 0.70s (simulated: 0.00s)
Client 38 uploaded with stats: loss=0.2547, grad_norm=23.0025, exec_time=0.00s
Client 70 trained in 0.74s (simulated: 0.00s)
Client 70 uploaded with stats: loss=0.1765, grad_norm=18.1625, exec_time=0.00s
Client 75 trained in 0.76s (simulated: 0.00s)
Client 75 uploaded with stats: loss=0.3101, grad_norm=28.0978, exec_time=0.00s
Client 69 trained in 0.87s (simulated: 0.00s)
Client 69 uploaded with stats: loss=0.3440, grad_norm=20.1708, exec_time=0.00s
Client 52 trained in 1.04s (simulated: 0.00s)
Client 52 uploaded with stats: loss=0.2190, grad_norm=14.3015, exec_time=0.00s
Client 43 trained in 1.03s (simulated: 0.00s)
Client 43 uploaded with stats: loss=0.1006, grad_norm=13.3250, exec_time=0.00s
Client 2 trained in 1.05s (simulated: 0.00s)
Client 2 uploaded with stats: loss=0.1001, grad_norm=13.1168, exec_time=0.00s
Client 79 trained in 1.07s (simulated: 0.00s)
Client 79 uploaded with stats: loss=0.1068, grad_norm=13.3850, exec_time=0.00s
Epoch(t): 504 accuracy: 85.36 loss 0.4027590458095074 run_time: 826.0349540710449
Current clients: 100, select: 10
| current_epoch 505 |. Begin client select
SchedulerThread select( 10 clients):
70 | 53 | 38 | 4 | 71 | 93 | 77 | 55 | 48 | 16 |
-----------------------------------------------------------------Schedule complete
Client 38 trained in 0.62s (simulated: 0.00s)
Client 38 uploaded with stats: loss=0.2449, grad_norm=21.6649, exec_time=0.00s
Client 70 trained in 0.65s (simulated: 0.00s)
Client 70 uploaded with stats: loss=0.1755, grad_norm=19.0053, exec_time=0.00s
Client 93 trained in 0.74s (simulated: 0.00s)
Client 93 uploaded with stats: loss=0.1085, grad_norm=17.5468, exec_time=0.00s
Client 55 trained in 0.76s (simulated: 0.00s)
Client 55 uploaded with stats: loss=0.1620, grad_norm=20.4820, exec_time=0.00s
Client 77 trained in 0.80s (simulated: 0.00s)
Client 77 uploaded with stats: loss=0.2134, grad_norm=24.1844, exec_time=0.00s
Client 16 trained in 0.85s (simulated: 0.00s)
Client 16 uploaded with stats: loss=0.2499, grad_norm=18.8369, exec_time=0.00s
Client 53 trained in 0.97s (simulated: 0.00s)
Client 53 uploaded with stats: loss=0.1414, grad_norm=14.2019, exec_time=0.00s
Client 48 trained in 1.00s (simulated: 0.00s)
Client 48 uploaded with stats: loss=0.2437, grad_norm=15.7338, exec_time=0.00s
Client 4 trained in 1.00s (simulated: 0.00s)
Client 4 uploaded with stats: loss=0.2414, grad_norm=21.8436, exec_time=0.00s
Client 71 trained in 1.04s (simulated: 0.00s)
Client 71 uploaded with stats: loss=0.0890, grad_norm=10.7566, exec_time=0.00s
Epoch(t): 505 accuracy: 83.3 loss 0.44652669072151185 run_time: 827.739848613739
Current clients: 100, select: 10
| current_epoch 506 |. Begin client select
SchedulerThread select( 10 clients):
19 | 26 | 38 | 48 | 53 | 70 | 50 | 93 | 52 | 67 |
-----------------------------------------------------------------Schedule complete
Client 38 trained in 0.56s (simulated: 0.00s)
Client 38 uploaded with stats: loss=0.2512, grad_norm=22.8899, exec_time=0.00s
Client 26 trained in 0.73s (simulated: 0.00s)
Client 26 uploaded with stats: loss=0.0900, grad_norm=16.1475, exec_time=0.00s
Client 70 trained in 0.76s (simulated: 0.00s)
Client 70 uploaded with stats: loss=0.1626, grad_norm=16.8580, exec_time=0.00s
Client 93 trained in 0.80s (simulated: 0.00s)
Client 93 uploaded with stats: loss=0.0994, grad_norm=15.8263, exec_time=0.00s
Client 53 trained in 0.82s (simulated: 0.00s)
Client 53 uploaded with stats: loss=0.1461, grad_norm=15.7330, exec_time=0.00s
Client 52 trained in 1.00s (simulated: 0.00s)
Client 52 uploaded with stats: loss=0.2315, grad_norm=17.0908, exec_time=0.00s
Client 50 trained in 1.04s (simulated: 0.00s)
Client 50 uploaded with stats: loss=0.1455, grad_norm=15.7014, exec_time=0.00s
Client 19 trained in 1.12s (simulated: 0.00s)
Client 19 uploaded with stats: loss=0.0526, grad_norm=9.1911, exec_time=0.00s
Client 67 trained in 1.12s (simulated: 0.00s)
Client 67 uploaded with stats: loss=0.0863, grad_norm=9.3642, exec_time=0.00s
Client 48 trained in 1.13s (simulated: 0.00s)
Client 48 uploaded with stats: loss=0.2305, grad_norm=12.8489, exec_time=0.00s
Epoch(t): 506 accuracy: 83.36 loss 0.458216765075922 run_time: 829.484751701355
Current clients: 100, select: 10
| current_epoch 507 |. Begin client select
SchedulerThread select( 10 clients):
27 | 66 | 86 | 80 | 73 | 16 | 84 | 99 | 93 | 64 |
-----------------------------------------------------------------Schedule complete
Client 73 trained in 0.52s (simulated: 0.00s)
Client 73 uploaded with stats: loss=0.0900, grad_norm=12.9598, exec_time=0.00s
Client 27 trained in 0.65s (simulated: 0.00s)
Client 27 uploaded with stats: loss=0.2573, grad_norm=27.4882, exec_time=0.00s
Client 84 trained in 0.67s (simulated: 0.00s)
Client 84 uploaded with stats: loss=0.0745, grad_norm=12.0429, exec_time=0.00s
Client 93 trained in 0.71s (simulated: 0.00s)
Client 93 uploaded with stats: loss=0.1109, grad_norm=19.1162, exec_time=0.00s
Client 16 trained in 0.72s (simulated: 0.00s)
Client 16 uploaded with stats: loss=0.2285, grad_norm=16.1208, exec_time=0.00s
Client 99 trained in 0.79s (simulated: 0.00s)
Client 99 uploaded with stats: loss=0.3775, grad_norm=27.0501, exec_time=0.00s
Client 86 trained in 0.86s (simulated: 0.00s)
Client 86 uploaded with stats: loss=0.4276, grad_norm=36.5660, exec_time=0.00s
Client 64 trained in 0.95s (simulated: 0.00s)
Client 64 uploaded with stats: loss=0.1437, grad_norm=14.1077, exec_time=0.00s
Client 80 trained in 0.94s (simulated: 0.00s)
Client 80 uploaded with stats: loss=0.1325, grad_norm=11.7865, exec_time=0.00s
Client 66 trained in 0.99s (simulated: 0.00s)
Client 66 uploaded with stats: loss=0.0999, grad_norm=22.1816, exec_time=0.00s
Epoch(t): 507 accuracy: 83.29 loss 0.4427949497103691 run_time: 831.0858755111694
Current clients: 100, select: 10
| current_epoch 508 |. Begin client select
SchedulerThread select( 10 clients):
71 | 99 | 77 | 2 | 53 | 27 | 87 | 5 | 70 | 86 |
-----------------------------------------------------------------Schedule complete
Client 70 trained in 0.48s (simulated: 0.00s)
Client 70 uploaded with stats: loss=0.1733, grad_norm=20.0620, exec_time=0.00s
Client 27 trained in 0.68s (simulated: 0.00s)
Client 27 uploaded with stats: loss=0.2597, grad_norm=29.6664, exec_time=0.00s
Client 5 trained in 0.74s (simulated: 0.00s)
Client 5 uploaded with stats: loss=0.1844, grad_norm=20.2953, exec_time=0.00s
Client 77 trained in 0.87s (simulated: 0.00s)
Client 77 uploaded with stats: loss=0.2168, grad_norm=26.4887, exec_time=0.00s
Client 53 trained in 0.93s (simulated: 0.00s)
Client 53 uploaded with stats: loss=0.1555, grad_norm=17.1288, exec_time=0.00s
Client 99 trained in 0.94s (simulated: 0.00s)
Client 99 uploaded with stats: loss=0.3566, grad_norm=27.0120, exec_time=0.00s
Client 86 trained in 1.08s (simulated: 0.00s)
Client 86 uploaded with stats: loss=0.4173, grad_norm=37.9182, exec_time=0.00s
Client 71 trained in 1.10s (simulated: 0.00s)
Client 71 uploaded with stats: loss=0.0941, grad_norm=12.2515, exec_time=0.00s
Client 2 trained in 1.12s (simulated: 0.00s)
Client 2 uploaded with stats: loss=0.1013, grad_norm=12.7990, exec_time=0.00s
Client 87 trained in 1.19s (simulated: 0.00s)
Client 87 uploaded with stats: loss=0.0776, grad_norm=20.7558, exec_time=0.00s
Epoch(t): 508 accuracy: 85.91 loss 0.3891976493597031 run_time: 832.8432946205139
Current clients: 100, select: 10
| current_epoch 509 |. Begin client select
SchedulerThread select( 10 clients):
86 | 87 | 52 | 17 | 12 | 25 | 45 | 73 | 47 | 27 |
-----------------------------------------------------------------Schedule complete
Client 27 trained in 0.57s (simulated: 0.00s)
Client 27 uploaded with stats: loss=0.2578, grad_norm=30.0958, exec_time=0.00s
Client 17 trained in 0.72s (simulated: 0.00s)
Client 17 uploaded with stats: loss=0.0829, grad_norm=14.7664, exec_time=0.00s
Client 25 trained in 0.71s (simulated: 0.00s)
Client 25 uploaded with stats: loss=0.1846, grad_norm=17.5794, exec_time=0.00s
Client 12 trained in 0.76s (simulated: 0.00s)
Client 12 uploaded with stats: loss=0.1947, grad_norm=21.8755, exec_time=0.00s
Client 47 trained in 0.89s (simulated: 0.00s)
Client 47 uploaded with stats: loss=0.1888, grad_norm=21.8793, exec_time=0.00s
Client 52 trained in 1.01s (simulated: 0.00s)
Client 52 uploaded with stats: loss=0.2266, grad_norm=15.9075, exec_time=0.00s
Client 86 trained in 1.05s (simulated: 0.00s)
Client 86 uploaded with stats: loss=0.4071, grad_norm=39.3569, exec_time=0.00s
Client 73 trained in 1.08s (simulated: 0.00s)
Client 73 uploaded with stats: loss=0.0901, grad_norm=13.0586, exec_time=0.00s
Client 45 trained in 1.15s (simulated: 0.00s)
Client 45 uploaded with stats: loss=0.1650, grad_norm=11.1795, exec_time=0.00s
Client 87 trained in 1.19s (simulated: 0.00s)
Client 87 uploaded with stats: loss=0.0581, grad_norm=12.5285, exec_time=0.00s
Epoch(t): 509 accuracy: 83.31 loss 0.4497684447467327 run_time: 834.6855487823486
Current clients: 100, select: 10
| current_epoch 510 |. Begin client select
SchedulerThread select( 10 clients):
69 | 83 | 45 | 71 | 67 | 70 | 97 | 37 | 1 | 77 |
-----------------------------------------------------------------Schedule complete
Client 69 trained in 0.43s (simulated: 0.00s)
Client 69 uploaded with stats: loss=0.3323, grad_norm=18.7183, exec_time=0.00s
Client 70 trained in 0.51s (simulated: 0.00s)
Client 70 uploaded with stats: loss=0.1714, grad_norm=19.2355, exec_time=0.00s
Client 1 trained in 0.60s (simulated: 0.00s)
Client 1 uploaded with stats: loss=0.1388, grad_norm=16.8012, exec_time=0.00s
Client 37 trained in 0.73s (simulated: 0.00s)
Client 37 uploaded with stats: loss=0.1376, grad_norm=20.4216, exec_time=0.00s
Client 77 trained in 0.77s (simulated: 0.00s)
Client 77 uploaded with stats: loss=0.2208, grad_norm=27.5449, exec_time=0.00s
Client 71 trained in 0.83s (simulated: 0.00s)
Client 71 uploaded with stats: loss=0.0853, grad_norm=10.4300, exec_time=0.00s
Client 83 trained in 0.90s (simulated: 0.00s)
Client 83 uploaded with stats: loss=0.0762, grad_norm=15.0308, exec_time=0.00s
Client 45 trained in 0.95s (simulated: 0.00s)
Client 45 uploaded with stats: loss=0.1537, grad_norm=9.8736, exec_time=0.00s
Client 97 trained in 0.96s (simulated: 0.00s)
Client 97 uploaded with stats: loss=0.1852, grad_norm=13.0035, exec_time=0.00s
Client 67 trained in 0.97s (simulated: 0.00s)
Client 67 uploaded with stats: loss=0.0806, grad_norm=8.9324, exec_time=0.00s
Epoch(t): 510 accuracy: 82.36 loss 0.4709944282472134 run_time: 836.2508890628815
Average delay = 0.0
scheduler_thread joined
updater_thread joined
data_getter_thread joined
End!
Time used:
0:14:18.292006
14.3 min
0.23833333333333334 h
====================
开始缓存清理
缓存清理完成
====================