epoch,selected_clients,accuracy,loss,run_time,sim_round_time,epoch_cum_time
1,"[3, 98, 60, 35, 80, 18, 77, 68, 90, 23]",10.0,2.284179434776306,18.83374071121216,10.1,10.1
2,"[98, 3, 60, 23, 18, 78, 22, 46, 39, 65]",13.18,2.1903242230415345,20.84748148918152,10.1,20.2
3,"[18, 90, 65, 22, 77, 53, 6, 12, 4, 21]",37.65,1.88621533036232,22.83653926849365,8.59,28.79
4,"[78, 23, 12, 35, 60, 51, 2, 81, 86, 27]",48.26,1.4504946482181549,24.9845130443573,8.45,37.239999999999995
5,"[3, 65, 2, 4, 21, 56, 85, 26, 13, 74]",52.89,1.1997053670883178,27.18908190727234,11.13,48.37
6,"[12, 18, 56, 4, 27, 94, 89, 41, 1, 54]",55.04,1.16319770693779,29.39853882789612,11.19,59.559999999999995
7,"[51, 68, 53, 98, 12, 29, 93, 55, 11, 8]",60.37,1.036253113746643,30.95119428634644,8.45,68.00999999999999
8,"[46, 21, 56, 4, 60, 50, 16, 63, 15, 43]",60.04,0.9895806705951692,32.933125495910645,11.1,79.10999999999999
9,"[26, 2, 39, 27, 15, 48, 92, 7, 36, 33]",65.12,0.9601776802539824,35.11407136917114,12.1,91.20999999999998
10,"[2, 4, 23, 21, 26, 72, 45, 0, 59, 61]",66.92,0.8823704385757446,37.56434059143066,11.71,102.91999999999999
11,"[23, 56, 27, 2, 11, 47, 99, 64, 58, 75]",64.06,0.9414333653450012,39.96218252182007,11.38,114.29999999999998
12,"[81, 23, 80, 85, 2, 83, 57, 10, 32, 62]",66.08,0.8950371915102004,42.22005891799927,10.04,124.33999999999997
13,"[92, 12, 32, 2, 78, 5, 19, 87, 30, 9]",69.99,0.826877760887146,44.72318840026856,9.94,134.27999999999997
14,"[22, 2, 58, 21, 4, 73, 24, 82, 79, 67]",65.64,0.8675824481248856,46.8014612197876,10.63,144.90999999999997
15,"[65, 23, 92, 24, 15, 44, 34, 95, 38, 97]",70.08,0.8290119457244873,49.15216183662415,8.96,153.86999999999998
16,"[2, 23, 72, 27, 19, 71, 69, 14, 76, 66]",68.71,0.8402328228950501,51.35731029510498,11.09,164.95999999999998
17,"[92, 30, 21, 2, 77, 91, 88, 96, 37, 40]",69.97,0.8075270986557007,53.556286573410034,10.93,175.89
18,"[69, 72, 2, 58, 5, 31, 28, 42, 17, 25]",71.04,0.8181747078895569,55.822913646698,11.34,187.23
19,"[23, 96, 2, 26, 72, 70, 84, 20, 52, 49]",69.88,0.7957921606302262,58.16869592666626,11.13,198.35999999999999
20,"[56, 2, 24, 21, 69, 77, 49, 5, 55, 13]",71.84,0.7803128558397293,60.31137132644653,11.1,209.45999999999998
21,"[23, 72, 69, 21, 32, 31, 59, 81, 20, 86]",72.26,0.7610174533724785,62.42750597000122,10.78,220.23999999999998
22,"[58, 2, 24, 69, 23, 63, 17, 89, 9, 4]",73.44,0.7184688943624497,64.61942863464355,9.3,229.54
23,"[30, 24, 96, 69, 2, 34, 45, 28, 37, 35]",69.42,0.7980102533102036,66.60323905944824,11.71,241.25
24,"[56, 5, 2, 92, 24, 98, 22, 93, 36, 70]",72.03,0.7542491376399993,68.82185459136963,11.1,252.35
25,"[96, 23, 21, 2, 56, 7, 4, 28, 77, 16]",72.84,0.7271605932712555,71.14411520957947,11.34,263.69
26,"[96, 58, 12, 56, 21, 89, 80, 20, 26, 2]",72.79,0.7621304881572724,73.37644386291504,11.13,274.82
27,"[92, 96, 72, 21, 56, 1, 68, 3, 42, 18]",73.62,0.7252855190634727,75.63855147361755,11.18,286.0
28,"[24, 23, 96, 21, 92, 13, 93, 37, 65, 1]",72.32,0.708244478404522,77.76362323760986,8.96,294.96
29,"[92, 21, 56, 11, 30, 39, 74, 23, 22, 47]",74.34,0.7023286220431327,79.97686219215393,11.1,306.06
30,"[23, 24, 21, 92, 2, 81, 94, 47, 39, 89]",75.35,0.6758832800388336,82.64054942131042,10.86,316.92
31,"[24, 23, 92, 21, 69, 31, 32, 14, 82, 13]",72.26,0.7412822198867798,84.83459067344666,8.96,325.88
32,"[56, 21, 72, 58, 15, 17, 61, 47, 16, 53]",75.57,0.6614374232292175,86.92900013923645,11.29,337.17
33,"[19, 92, 56, 21, 96, 55, 77, 40, 18, 31]",74.07,0.6948191028833389,89.09075784683228,11.1,348.27000000000004
34,"[2, 23, 69, 96, 48, 11, 16, 13, 55, 49]",76.16,0.6483338218927384,91.25986623764038,12.1,360.37000000000006
35,"[23, 24, 58, 56, 2, 25, 86, 68, 84, 39]",74.23,0.6806875643134117,93.17208695411682,11.1,371.4700000000001
36,"[72, 23, 24, 2, 96, 4, 89, 37, 78, 35]",75.61,0.6608907827734947,95.66949653625488,10.78,382.25000000000006
37,"[2, 69, 96, 58, 72, 32, 15, 19, 85, 87]",74.95,0.6713853195309639,98.0396203994751,10.78,393.03000000000003
38,"[56, 92, 24, 30, 5, 35, 84, 6, 7, 14]",75.29,0.6811872375011444,100.17161440849304,11.1,404.13000000000005
39,"[23, 92, 72, 60, 21, 18, 43, 74, 78, 49]",75.91,0.65893788844347,102.26041460037231,10.78,414.91
40,"[56, 72, 92, 24, 2, 40, 66, 54, 60, 33]",75.6,0.6628394481539727,104.310564994812,11.1,426.01000000000005
41,"[21, 92, 72, 69, 23, 25, 66, 19, 53, 10]",75.5,0.669178050160408,106.79365372657776,10.78,436.79
42,"[69, 2, 27, 58, 96, 3, 75, 66, 29, 78]",74.78,0.6824445641040802,109.05681157112122,10.1,446.89000000000004
43,"[58, 2, 56, 72, 69, 95, 89, 51, 11, 10]",73.39,0.6976732251048088,111.49409985542296,11.1,457.99000000000007
44,"[2, 92, 24, 56, 21, 75, 85, 43, 6, 4]",76.58,0.629401967227459,113.83524751663208,11.1,469.0900000000001
45,"[58, 5, 21, 72, 30, 92, 14, 84, 78, 81]",73.76,0.6777720484137535,116.09852957725523,10.78,479.87000000000006
46,"[24, 69, 92, 72, 21, 51, 55, 63, 49, 26]",76.1,0.6240795144438743,118.64434790611269,11.13,491.00000000000006
47,"[56, 2, 21, 96, 92, 85, 45, 28, 25, 36]",75.44,0.6658923271298408,120.87350225448608,11.71,502.71000000000004
48,"[92, 56, 72, 69, 90, 83, 81, 82, 31, 53]",75.61,0.6737215980887413,123.10346627235413,11.1,513.8100000000001
49,"[30, 21, 24, 69, 58, 0, 90, 6, 20, 97]",76.25,0.6225766536593437,125.05534172058104,9.23,523.0400000000001
50,"[72, 58, 24, 92, 69, 10, 40, 95, 38, 86]",76.76,0.6211486741900444,127.704119682312,10.93,533.97
51,"[23, 56, 2, 30, 58, 13, 0, 84, 85, 12]",76.47,0.6417191860079765,130.25194001197815,11.1,545.07
52,"[56, 96, 24, 72, 21, 45, 42, 22, 58, 62]",78.2,0.5962996566295624,132.42681002616882,11.71,556.7800000000001
53,"[5, 2, 21, 56, 32, 61, 97, 16, 6, 91]",74.26,0.65933365046978,134.51540994644165,11.29,568.07
54,"[72, 96, 56, 5, 21, 14, 41, 76, 6, 39]",76.7,0.6213340499997139,136.9653697013855,11.19,579.2600000000001
55,"[56, 96, 30, 58, 72, 2, 55, 4, 99, 66]",76.22,0.6178016737103462,138.9907956123352,11.1,590.3600000000001
56,"[96, 24, 58, 69, 23, 90, 4, 50, 77, 30]",77.9,0.5761966133117675,141.15782403945923,9.18,599.5400000000001
57,"[92, 23, 96, 58, 21, 98, 17, 27, 24, 95]",78.21,0.5717568665742874,143.4382359981537,9.3,608.84
58,"[2, 5, 58, 69, 24, 30, 19, 41, 64, 52]",75.16,0.6269392061233521,145.967303276062,11.38,620.22
59,"[2, 56, 72, 5, 58, 35, 50, 10, 22, 36]",73.13,0.668958637714386,147.9742968082428,11.1,631.32
60,"[69, 58, 5, 23, 96, 43, 24, 82, 1, 32]",77.93,0.5787241891026497,150.2994303703308,8.72,640.0400000000001
61,"[24, 23, 5, 58, 2, 16, 34, 57, 51, 29]",77.82,0.5922372674942017,152.4636914730072,8.42,648.46
62,"[72, 21, 58, 96, 2, 94, 74, 33, 17, 12]",77.78,0.597519475221634,154.7926390171051,10.78,659.24
63,"[30, 96, 2, 69, 58, 67, 43, 79, 80, 39]",76.84,0.5975111681222915,156.7027027606964,10.63,669.87
64,"[92, 21, 5, 72, 2, 88, 79, 81, 7, 96]",77.44,0.5927887019515038,158.99352765083313,10.78,680.65
65,"[21, 56, 69, 92, 23, 86, 65, 63, 42, 40]",76.98,0.6311939600110054,161.70790004730225,11.18,691.8299999999999
66,"[21, 92, 69, 72, 24, 20, 51, 50, 4, 16]",79.63,0.5520790180563927,163.96645426750183,10.78,702.6099999999999
67,"[69, 58, 21, 23, 2, 79, 35, 20, 67, 71]",79.07,0.5620076286792756,166.72296047210693,11.09,713.6999999999999
68,"[58, 72, 2, 23, 92, 97, 8, 85, 40, 52]",78.04,0.5927223533391952,168.97280621528623,10.93,724.6299999999999
69,"[69, 72, 96, 92, 30, 68, 71, 39, 40, 48]",78.41,0.5675655943155289,171.1712667942047,12.1,736.7299999999999
70,"[56, 96, 2, 69, 58, 84, 20, 7, 19, 16]",77.92,0.5800180438160897,173.4494252204895,11.1,747.8299999999999
71,"[24, 30, 72, 92, 2, 95, 19, 67, 33, 13]",77.88,0.5726111468672752,175.55372738838196,10.78,758.6099999999999
72,"[56, 69, 72, 30, 92, 86, 53, 40, 84, 80]",77.92,0.5991340830922127,177.78316378593445,11.1,769.7099999999999
73,"[23, 96, 69, 2, 58, 3, 56, 57, 18, 32]",79.52,0.5401350146532059,180.3244950771332,11.1,780.81
74,"[21, 96, 92, 2, 30, 1, 94, 88, 53, 61]",78.04,0.5701942619681358,182.3208463191986,11.29,792.0999999999999
75,"[92, 21, 2, 23, 56, 18, 78, 88, 83, 62]",79.35,0.5579562088847161,184.6529641151428,11.1,803.1999999999999
76,"[72, 69, 58, 5, 15, 92, 53, 99, 38, 23]",78.81,0.5633317130804062,186.90673422813416,10.78,813.9799999999999
77,"[96, 24, 2, 69, 5, 30, 26, 0, 6, 51]",77.97,0.5692796269059182,189.1167380809784,11.13,825.1099999999999
78,"[56, 2, 72, 21, 23, 58, 95, 44, 36, 16]",79.55,0.552007327079773,191.2551429271698,11.1,836.2099999999999
79,"[5, 24, 72, 96, 2, 23, 83, 42, 88, 74]",79.91,0.5388311883807182,193.73898649215695,11.18,847.3899999999999
80,"[24, 58, 72, 96, 30, 39, 70, 26, 71, 42]",80.72,0.5206649196147919,195.979731798172,11.18,858.5699999999998
81,"[69, 92, 56, 72, 30, 89, 21, 68, 49, 71]",78.44,0.5795032274723053,198.28495860099792,11.1,869.6699999999998
82,"[5, 58, 2, 69, 96, 67, 95, 80, 43, 44]",79.6,0.5493912774324418,200.5390019416809,10.04,879.7099999999998
83,"[96, 23, 72, 5, 56, 19, 4, 88, 95, 38]",80.77,0.5145689278841019,202.80125641822812,11.1,890.8099999999998
84,"[96, 58, 30, 56, 72, 88, 89, 90, 40, 76]",80.46,0.5227041718363762,205.00650906562805,11.1,901.9099999999999
85,"[21, 5, 69, 92, 30, 11, 0, 77, 79, 47]",81.29,0.5062988203763962,206.94027280807492,10.86,912.7699999999999
86,"[23, 30, 96, 69, 92, 50, 63, 34, 27, 43]",80.01,0.5194873937964439,209.078072309494,9.18,921.9499999999998
87,"[58, 2, 5, 96, 30, 82, 23, 52, 56, 20]",80.75,0.5170392069220543,211.4363963603973,11.1,933.0499999999998
88,"[56, 23, 2, 5, 24, 37, 98, 92, 29, 32]",80.83,0.5079844960570336,213.73741579055783,11.1,944.1499999999999
89,"[5, 96, 58, 23, 21, 11, 48, 10, 50, 47]",82.46,0.486548475921154,215.8426568508148,12.1,956.2499999999999
90,"[24, 72, 96, 58, 30, 42, 1, 60, 56, 45]",81.49,0.503200055360794,218.45942640304563,11.71,967.9599999999999
91,"[69, 21, 58, 56, 72, 17, 33, 32, 35, 95]",80.56,0.52017942070961,220.8344533443451,11.1,979.06
92,"[30, 96, 2, 24, 56, 95, 38, 15, 34, 53]",78.94,0.5400807049870491,222.9648768901825,11.1,990.16
93,"[96, 92, 24, 5, 2, 50, 7, 44, 21, 30]",80.27,0.525148318707943,225.6475894451141,9.18,999.3399999999999
94,"[69, 21, 58, 92, 96, 81, 32, 49, 61, 5]",80.64,0.5183927455544471,227.5923974514008,11.29,1010.6299999999999
95,"[69, 72, 56, 92, 21, 88, 17, 75, 43, 78]",79.15,0.5570888563990593,229.641147851944,11.1,1021.7299999999999
96,"[23, 2, 69, 24, 58, 97, 16, 79, 56, 29]",81.48,0.4957412871718407,231.63379645347595,11.1,1032.83
97,"[2, 23, 58, 30, 72, 55, 52, 78, 39, 73]",80.37,0.5275356855988502,233.83305406570437,10.78,1043.61
98,"[46, 69, 23, 5, 96, 22, 44, 48, 82, 95]",81.46,0.4891379806399345,236.15067648887637,12.1,1055.7099999999998
99,"[2, 96, 30, 21, 72, 56, 74, 32, 83, 24]",80.4,0.5179846480488777,238.95693826675412,11.1,1066.8099999999997
100,"[21, 2, 72, 56, 96, 31, 24, 92, 13, 38]",81.94,0.4969254902005195,241.32040548324585,11.1,1077.9099999999996
101,"[23, 72, 2, 92, 56, 66, 75, 5, 67, 19]",80.33,0.5233785533905029,243.95141911506653,11.1,1089.0099999999995
102,"[21, 23, 24, 59, 30, 90, 48, 33, 95, 88]",82.42,0.4788743913173675,246.04083800315857,12.1,1101.1099999999994
103,"[96, 58, 92, 30, 56, 8, 18, 29, 42, 49]",81.61,0.4904712250828743,248.04974389076236,11.18,1112.2899999999995
104,"[72, 30, 96, 69, 23, 14, 66, 45, 67, 46]",81.96,0.4840814155340194,250.83780789375305,11.71,1123.9999999999995
105,"[2, 72, 96, 30, 5, 9, 25, 29, 0, 87]",80.5,0.5132674545049667,253.1962897777557,10.78,1134.7799999999995
106,"[4, 24, 72, 2, 92, 27, 75, 37, 10, 35]",80.87,0.5131565469503403,255.87587332725525,10.78,1145.5599999999995
107,"[2, 92, 21, 69, 24, 11, 1, 85, 13, 87]",83.0,0.4716598880290985,258.60488963127136,8.96,1154.5199999999995
108,"[92, 5, 72, 30, 21, 6, 34, 55, 62, 57]",82.12,0.4874487653374671,260.8866243362427,10.78,1165.2999999999995
109,"[30, 23, 21, 69, 92, 49, 17, 51, 26, 1]",80.97,0.5083332511782647,263.1355350017548,11.13,1176.4299999999996
110,"[96, 12, 56, 58, 72, 26, 30, 14, 42, 36]",81.65,0.4920611149072647,265.1944499015808,11.18,1187.6099999999997
111,"[24, 2, 72, 96, 92, 23, 66, 7, 74, 80]",83.03,0.4692705726623535,267.3686139583588,10.78,1198.3899999999996
112,"[5, 69, 56, 24, 21, 57, 42, 14, 67, 3]",82.55,0.4772198975086212,269.67805886268616,11.18,1209.5699999999997
113,"[69, 96, 2, 58, 92, 4, 0, 33, 64, 45]",83.24,0.4650790318846702,271.8920304775238,11.71,1221.2799999999997
114,"[56, 24, 69, 58, 2, 57, 14, 17, 54, 98]",82.56,0.4828413954377174,274.17446780204773,11.1,1232.3799999999997
115,"[2, 30, 56, 92, 24, 29, 93, 85, 89, 42]",82.35,0.4808330601453781,276.17284750938416,11.18,1243.5599999999997
116,"[21, 58, 2, 92, 69, 87, 27, 42, 46, 47]",82.52,0.4838892805576325,278.66251945495605,11.18,1254.7399999999998
117,"[23, 72, 21, 96, 92, 11, 56, 5, 27, 29]",82.65,0.4755181005597114,281.20220971107483,11.1,1265.8399999999997
118,"[56, 30, 23, 21, 72, 99, 7, 69, 81, 10]",83.13,0.4627457812428474,283.2640709877014,11.1,1276.9399999999996
119,"[23, 2, 21, 24, 92, 53, 10, 57, 72, 47]",83.09,0.4645709836483002,285.9500823020935,10.86,1287.7999999999995
120,"[30, 96, 2, 21, 5, 3, 87, 94, 53, 84]",79.4,0.5333319708704949,288.4267752170563,10.1,1297.8999999999994
121,"[56, 21, 72, 30, 58, 5, 60, 89, 27, 79]",82.38,0.4777693590521812,290.90973567962646,11.1,1308.9999999999993
122,"[2, 92, 24, 21, 58, 39, 20, 51, 56, 87]",82.89,0.4690064460039139,293.1926546096802,11.1,1320.0999999999992
123,"[92, 58, 96, 23, 56, 68, 39, 52, 35, 51]",83.35,0.4530089238286018,295.4050438404083,11.1,1331.1999999999991
124,"[72, 96, 58, 23, 30, 95, 79, 36, 56, 28]",83.77,0.452575691640377,297.30369997024536,11.34,1342.539999999999
125,"[96, 23, 24, 72, 21, 20, 47, 52, 80, 0]",84.17,0.439779492020607,299.6281702518463,10.86,1353.399999999999
126,"[69, 92, 24, 2, 72, 50, 63, 91, 55, 28]",83.06,0.4662323117256164,302.0642306804657,11.34,1364.7399999999989
127,"[5, 96, 21, 32, 56, 62, 15, 61, 83, 69]",83.92,0.4481548511981964,304.17665433883667,11.29,1376.0299999999988
128,"[24, 58, 5, 72, 56, 99, 64, 70, 65, 71]",83.94,0.4465757611393928,306.0713963508606,11.38,1387.409999999999
129,"[24, 21, 72, 92, 69, 25, 54, 29, 48, 36]",83.92,0.454178275167942,308.2378044128418,12.1,1399.5099999999989
130,"[58, 30, 96, 92, 5, 34, 80, 72, 61, 53]",83.44,0.4549560885131359,310.2604110240936,11.29,1410.7999999999988
131,"[2, 69, 92, 30, 5, 57, 41, 81, 83, 89]",82.56,0.4743180167675018,312.20340180397034,11.19,1421.9899999999989
132,"[72, 69, 58, 24, 92, 62, 8, 47, 30, 1]",83.53,0.4501137205958366,314.6481399536133,10.86,1432.8499999999988
133,"[24, 96, 58, 72, 23, 51, 44, 92, 22, 12]",82.41,0.4706000697612762,317.022732257843,10.78,1443.6299999999987
134,"[69, 2, 30, 92, 21, 70, 47, 6, 64, 93]",82.65,0.4771753597259521,319.056360244751,11.38,1455.0099999999989
135,"[30, 69, 24, 21, 19, 79, 62, 93, 17, 27]",84.37,0.4320423159003257,321.2071542739868,10.63,1465.639999999999
136,"[56, 23, 92, 96, 21, 33, 88, 35, 48, 14]",84.21,0.4396282619237899,323.7397289276123,12.1,1477.7399999999989
137,"[23, 24, 56, 30, 2, 47, 54, 55, 97, 25]",84.05,0.4435107001662254,326.02124190330505,11.1,1488.8399999999988
138,"[21, 4, 56, 58, 92, 30, 77, 87, 64, 11]",84.33,0.439911722689867,328.3468260765076,11.38,1500.219999999999
139,"[69, 96, 2, 72, 21, 81, 45, 54, 65, 87]",83.19,0.4630672955513,330.92889380455017,11.71,1511.929999999999
140,"[21, 24, 58, 56, 23, 69, 49, 90, 91, 33]",83.99,0.4376335871219635,332.9724724292755,11.1,1523.0299999999988
141,"[21, 30, 69, 2, 5, 77, 64, 58, 53, 51]",80.7,0.5070028826594353,335.0739336013794,11.38,1534.409999999999
142,"[21, 72, 96, 24, 2, 42, 50, 36, 20, 59]",81.59,0.4823255163431167,337.29746532440186,11.18,1545.589999999999
143,"[92, 30, 24, 5, 2, 69, 22, 89, 54, 47]",83.26,0.4624288049340248,339.6351444721222,10.86,1556.449999999999
144,"[92, 2, 5, 72, 58, 44, 59, 88, 1, 8]",83.09,0.4714044031500816,341.8063061237335,10.78,1567.2299999999989
145,"[72, 96, 30, 92, 5, 23, 61, 85, 19, 82]",84.02,0.4388341735303402,343.9772140979767,11.29,1578.5199999999988
146,"[24, 92, 23, 58, 69, 87, 8, 70, 42, 64]",83.33,0.4553137370944023,345.9644784927368,11.38,1589.899999999999
147,"[56, 2, 72, 21, 24, 12, 10, 64, 34, 47]",83.54,0.4551042407751083,348.2313895225525,11.38,1601.279999999999
148,"[69, 4, 58, 96, 2, 71, 62, 19, 98, 18]",84.43,0.4323394951224327,350.7714071273804,11.09,1612.369999999999
149,"[58, 24, 56, 30, 2, 20, 36, 64, 18, 59]",83.32,0.4525368246436119,352.90751600265503,11.38,1623.749999999999
150,"[96, 58, 23, 30, 56, 41, 97, 39, 82, 95]",84.51,0.4313737991452217,355.2775664329529,11.19,1634.9399999999991
151,"[30, 2, 56, 69, 92, 87, 59, 31, 65, 39]",84.31,0.4329635897278786,357.49292826652527,11.1,1646.039999999999
152,"[92, 24, 5, 4, 21, 17, 76, 69, 22, 86]",84.35,0.4316909819841384,359.7727346420288,9.3,1655.339999999999
153,"[26, 69, 56, 58, 23, 51, 50, 91, 15, 48]",84.7,0.4233311709761619,361.8896594047546,12.1,1667.439999999999
154,"[69, 56, 96, 24, 2, 1, 77, 93, 67, 86]",83.98,0.4460402950644493,364.12140226364136,11.1,1678.5399999999988
155,"[92, 69, 96, 2, 23, 37, 73, 26, 8, 3]",84.6,0.4305513444542885,366.28599095344543,11.13,1689.669999999999
156,"[56, 2, 30, 24, 21, 82, 17, 18, 63, 64]",82.43,0.4657348975539207,368.7660970687866,11.38,1701.049999999999
157,"[24, 4, 5, 21, 58, 32, 48, 2, 78, 14]",84.34,0.4296038889884949,371.2409858703613,12.1,1713.149999999999
158,"[5, 30, 96, 23, 24, 88, 79, 10, 97, 56]",85.41,0.4097428014874458,373.2222828865051,11.1,1724.2499999999989
159,"[2, 4, 21, 24, 96, 11, 63, 29, 5, 19]",83.25,0.4464840695261955,375.5031244754791,9.94,1734.189999999999
160,"[24, 92, 56, 21, 30, 43, 97, 15, 9, 57]",85.42,0.4096744036674499,377.5894718170166,11.1,1745.2899999999988
161,"[23, 2, 30, 58, 69, 36, 46, 9, 53, 1]",84.2,0.4384179423749447,380.1148352622986,9.18,1754.469999999999
162,"[5, 69, 30, 72, 56, 74, 80, 60, 62, 50]",83.78,0.4474026069045067,382.34163331985474,11.1,1765.5699999999988
163,"[58, 69, 21, 96, 56, 61, 10, 60, 44, 16]",84.11,0.438923969566822,384.4160087108612,11.29,1776.8599999999988
164,"[69, 23, 5, 96, 2, 90, 87, 27, 9, 74]",84.45,0.4302263984084129,387.4551200866699,8.72,1785.5799999999988
165,"[96, 23, 30, 24, 56, 35, 57, 99, 32, 29]",85.32,0.4091638857126236,389.88450384140015,11.1,1796.6799999999987
166,"[56, 5, 96, 72, 30, 86, 95, 28, 32, 46]",85.07,0.4190130984783172,391.9475152492523,11.34,1808.0199999999986
167,"[23, 2, 24, 30, 69, 25, 34, 40, 8, 68]",85.23,0.4128945370018482,394.0037133693695,10.93,1818.9499999999987
168,"[69, 23, 5, 58, 72, 47, 71, 21, 46, 73]",84.9,0.420138911306858,396.0889859199524,11.09,1830.0399999999986
169,"[69, 2, 5, 21, 23, 50, 7, 57, 79, 3]",85.05,0.4224616108834743,398.3984324932098,10.63,1840.6699999999987
170,"[56, 2, 21, 96, 5, 24, 41, 63, 17, 23]",85.25,0.4156331297755241,400.6991937160492,11.19,1851.8599999999988
171,"[2, 69, 58, 72, 92, 38, 24, 70, 27, 21]",84.31,0.4372817893326282,403.0324196815491,10.78,1862.6399999999987
172,"[30, 2, 58, 23, 96, 77, 89, 41, 80, 34]",85.32,0.411586138010025,405.3110702037811,11.19,1873.8299999999988
173,"[2, 24, 96, 21, 72, 97, 84, 81, 17, 51]",81.47,0.4846471956372261,407.5801002979279,10.78,1884.6099999999988
174,"[58, 92, 2, 21, 96, 77, 78, 67, 46, 33]",85.04,0.420001403093338,409.6451020240784,8.96,1893.5699999999988
175,"[23, 72, 24, 5, 56, 83, 92, 73, 37, 51]",85.43,0.4032903097569942,411.67514991760254,11.1,1904.6699999999987
176,"[69, 24, 96, 92, 2, 65, 33, 79, 36, 75]",85.34,0.4104219959676266,413.7542128562927,10.63,1915.2999999999988
177,"[2, 56, 92, 30, 69, 96, 3, 95, 14, 99]",85.03,0.4174733063578605,416.0712254047394,11.1,1926.3999999999987
178,"[58, 2, 24, 21, 72, 44, 45, 59, 40, 78]",85.05,0.4162418469786644,418.6219940185547,11.71,1938.1099999999988
179,"[2, 92, 4, 56, 23, 68, 9, 38, 34, 17]",84.86,0.4177054734528064,421.0528018474579,11.1,1949.2099999999987
180,"[24, 56, 69, 92, 2, 9, 31, 95, 98, 39]",84.83,0.4181187731027603,423.09549021720886,11.1,1960.3099999999986
181,"[56, 96, 21, 30, 24, 38, 22, 9, 40, 49]",85.46,0.4042614278197288,425.2239217758178,11.1,1971.4099999999985
182,"[2, 4, 5, 58, 92, 30, 31, 97, 34, 26]",85.08,0.4097786952555179,427.3305752277374,11.13,1982.5399999999986
183,"[96, 4, 92, 24, 32, 95, 23, 0, 53, 26]",84.59,0.4225638473033905,429.5299746990204,11.13,1993.6699999999987
184,"[24, 69, 72, 92, 48, 94, 99, 67, 88, 17]",85.74,0.3965432764589786,431.592912197113,12.1,2005.7699999999986
185,"[69, 4, 96, 56, 92, 1, 55, 77, 90, 85]",85.0,0.4189808636903763,433.9278206825256,11.1,2016.8699999999985
186,"[5, 2, 72, 69, 96, 6, 91, 37, 24, 88]",82.26,0.4722334894537925,436.2027390003204,10.78,2027.6499999999985
187,"[72, 92, 56, 5, 2, 11, 39, 47, 38, 57]",83.93,0.4400345402956009,438.3485133647919,11.1,2038.7499999999984
188,"[2, 72, 92, 23, 56, 46, 94, 69, 20, 84]",83.94,0.441742113083601,440.8070409297943,11.1,2049.8499999999985
189,"[21, 69, 56, 72, 23, 5, 25, 18, 41, 51]",85.03,0.4115577504038811,443.14024090766907,11.19,2061.0399999999986
190,"[2, 58, 96, 21, 56, 12, 19, 63, 82, 52]",85.71,0.4023071151971817,445.8713731765747,11.1,2072.1399999999985
191,"[92, 5, 21, 58, 4, 15, 26, 3, 25, 17]",85.94,0.3947277165949344,448.01118779182434,11.13,2083.2699999999986
192,"[30, 56, 72, 69, 96, 43, 16, 91, 97, 41]",84.97,0.414817007035017,449.87278723716736,11.19,2094.4599999999987
193,"[56, 92, 69, 30, 96, 32, 42, 79, 25, 47]",85.32,0.4055881601572036,452.2270925045013,11.18,2105.6399999999985
194,"[56, 72, 5, 4, 24, 36, 16, 37, 97, 67]",84.8,0.4168101243674755,454.49374055862427,11.1,2116.7399999999984
195,"[69, 56, 48, 72, 96, 30, 37, 2, 59, 42]",84.61,0.4198027098178863,456.98506569862366,12.1,2128.8399999999983
196,"[72, 58, 5, 21, 2, 77, 23, 86, 62, 0]",85.78,0.401455919444561,459.7449119091034,10.78,2139.6199999999985
197,"[24, 5, 69, 21, 72, 29, 65, 0, 23, 71]",85.98,0.3933952708542347,461.9918360710144,11.09,2150.7099999999987
198,"[30, 23, 2, 96, 69, 90, 41, 60, 83, 92]",85.64,0.4020613518357276,464.23737835884094,11.19,2161.8999999999987
199,"[69, 30, 2, 19, 56, 57, 46, 53, 73, 54]",84.15,0.433040185123682,466.5311210155487,11.1,2172.9999999999986
200,"[21, 56, 48, 30, 69, 23, 70, 31, 65, 57]",85.92,0.3917648676037788,468.7753949165344,12.1,2185.0999999999985
201,"[24, 5, 96, 23, 72, 22, 78, 64, 9, 97]",86.2,0.3884822298586368,470.6940114498138,11.38,2196.4799999999987
202,"[30, 21, 23, 92, 24, 94, 62, 74, 90, 33]",85.9,0.3973403468728065,472.7672417163849,9.18,2205.6599999999985
203,"[69, 72, 24, 58, 2, 12, 29, 9, 10, 27]",84.89,0.4211545893549919,475.0540540218353,10.78,2216.4399999999987
204,"[96, 56, 2, 69, 21, 44, 88, 90, 10, 54]",84.33,0.4277118018269539,477.12306571006775,11.1,2227.5399999999986
205,"[24, 4, 96, 58, 21, 7, 71, 70, 38, 49]",86.2,0.3886505982279777,478.8985939025879,11.09,2238.6299999999987
206,"[24, 96, 5, 21, 30, 66, 44, 62, 71, 25]",85.67,0.4009713588654995,481.0668406486511,11.09,2249.719999999999
207,"[23, 56, 92, 5, 72, 78, 20, 46, 9, 7]",85.2,0.4066245318949222,483.12982177734375,11.1,2260.819999999999
208,"[69, 72, 23, 56, 24, 44, 45, 0, 57, 7]",85.9,0.3947168539464474,485.2289471626282,11.71,2272.529999999999
209,"[21, 72, 23, 24, 58, 77, 71, 64, 15, 3]",86.22,0.3864907486736774,487.554078578949,11.38,2283.909999999999
210,"[2, 72, 4, 69, 24, 59, 91, 94, 19, 28]",85.15,0.4100323024392128,489.7595648765564,11.34,2295.249999999999
211,"[69, 56, 30, 58, 2, 52, 3, 5, 67, 65]",85.37,0.4080005490779876,492.2374246120453,11.1,2306.349999999999
212,"[24, 23, 2, 96, 21, 70, 32, 84, 81, 10]",86.11,0.392895732820034,494.5396385192871,8.94,2315.289999999999
213,"[23, 56, 21, 24, 48, 28, 77, 32, 6, 27]",86.45,0.3801598805189132,496.5941710472107,12.1,2327.389999999999
214,"[69, 21, 92, 5, 24, 37, 74, 75, 55, 53]",85.67,0.3979505167901516,498.72314953804016,8.96,2336.349999999999
215,"[92, 30, 69, 2, 23, 40, 52, 41, 36, 62]",85.63,0.4019244094192982,501.1661992073059,11.19,2347.539999999999
216,"[72, 5, 92, 24, 23, 29, 14, 37, 21, 20]",85.88,0.3968542274832725,503.27471137046814,10.78,2358.3199999999993
217,"[5, 4, 58, 69, 92, 91, 83, 85, 36, 77]",85.53,0.4033242091536522,505.5416443347931,8.96,2367.2799999999993
218,"[48, 4, 96, 24, 58, 6, 10, 69, 23, 66]",86.05,0.3928801660239696,507.9588911533356,12.1,2379.379999999999
219,"[4, 2, 23, 69, 72, 14, 43, 64, 51, 47]",85.82,0.3984784184396266,510.1851089000702,11.38,2390.7599999999993
220,"[2, 92, 4, 58, 69, 16, 90, 70, 7, 22]",85.83,0.3964392042160034,512.2564105987549,8.96,2399.7199999999993
221,"[5, 69, 92, 96, 30, 45, 98, 60, 27, 31]",86.2,0.3881335791945457,514.3032531738281,11.71,2411.4299999999994
222,"[24, 5, 2, 58, 4, 74, 76, 66, 69, 49]",86.39,0.3839858415722847,516.427307844162,10.58,2422.0099999999993
223,"[5, 72, 24, 56, 2, 67, 30, 60, 14, 99]",84.01,0.4363572244346141,518.7189338207245,11.1,2433.109999999999
224,"[2, 23, 56, 5, 69, 18, 65, 4, 35, 93]",85.83,0.3937086224555969,521.0630943775177,11.1,2444.209999999999
225,"[96, 23, 72, 48, 69, 22, 92, 66, 94, 9]",85.81,0.3957578997313976,523.2027249336243,12.1,2456.309999999999
226,"[58, 24, 48, 56, 92, 44, 8, 27, 12, 86]",85.9,0.3929641370475292,525.8860895633698,12.1,2468.409999999999
227,"[2, 56, 23, 21, 30, 45, 7, 12, 98, 5]",85.98,0.3894766512513161,528.2763094902039,11.71,2480.119999999999
228,"[21, 30, 23, 92, 96, 38, 74, 3, 49, 68]",86.42,0.3805313983559608,530.2864346504211,10.58,2490.699999999999
229,"[23, 56, 5, 24, 92, 75, 27, 14, 48, 83]",85.78,0.3988032905757427,532.9028873443604,12.1,2502.799999999999
230,"[19, 23, 69, 4, 30, 3, 91, 2, 52, 64]",86.4,0.3877958582341671,535.0968775749207,11.38,2514.179999999999
231,"[24, 2, 30, 72, 56, 99, 97, 45, 39, 95]",84.06,0.4324020992219448,537.6094620227814,11.71,2525.889999999999
232,"[72, 96, 92, 5, 58, 11, 18, 33, 21, 41]",85.31,0.4060920904576778,539.7733354568481,11.19,2537.079999999999
233,"[30, 5, 72, 69, 92, 21, 34, 41, 64, 96]",85.17,0.410266975313425,542.1227912902832,11.38,2548.459999999999
234,"[5, 30, 21, 96, 92, 78, 32, 56, 95, 23]",86.25,0.3879161407053471,544.3921401500702,11.1,2559.559999999999
235,"[24, 69, 19, 72, 5, 74, 17, 11, 50, 32]",86.9,0.3728644575178623,546.9265921115875,10.78,2570.3399999999992
236,"[56, 48, 92, 96, 30, 7, 39, 93, 83, 91]",86.48,0.3902120101451873,549.1285240650177,12.1,2582.439999999999
237,"[92, 48, 2, 21, 69, 47, 26, 58, 76, 14]",86.49,0.3802995011210441,551.4734077453613,12.1,2594.539999999999
238,"[23, 5, 92, 56, 72, 57, 26, 68, 52, 37]",85.9,0.3949378310143948,553.6272058486938,11.13,2605.669999999999
239,"[23, 92, 58, 30, 4, 2, 37, 22, 18, 13]",86.82,0.3779920877516269,555.981404542923,9.18,2614.849999999999
240,"[19, 21, 23, 56, 96, 44, 69, 2, 20, 81]",86.7,0.3726603810489177,559.3105359077454,11.1,2625.949999999999
241,"[4, 96, 2, 69, 58, 98, 76, 23, 83, 70]",87.06,0.3705657303333282,561.7238669395447,8.94,2634.889999999999
242,"[5, 2, 72, 48, 21, 12, 86, 75, 25, 96]",85.75,0.3934425893425941,564.0329883098602,12.1,2646.989999999999
243,"[2, 92, 69, 24, 23, 35, 21, 27, 42, 53]",86.51,0.3810802386701107,566.4763655662537,11.18,2658.1699999999987
244,"[69, 5, 92, 23, 24, 78, 57, 26, 1, 12]",84.86,0.4267732030153274,568.6847956180573,11.13,2669.299999999999
245,"[92, 23, 96, 48, 56, 31, 16, 62, 98, 94]",86.38,0.3824189776182174,570.7288115024567,12.1,2681.3999999999987
246,"[48, 5, 72, 69, 92, 73, 7, 12, 86, 64]",85.65,0.3992425833642483,572.77374958992,12.1,2693.4999999999986
247,"[69, 19, 58, 96, 21, 9, 98, 24, 82, 41]",86.91,0.3754462872445583,574.778130531311,11.19,2704.6899999999987
248,"[58, 48, 30, 96, 24, 93, 43, 13, 47, 40]",86.32,0.3857660254836082,576.8310823440552,12.1,2716.7899999999986
249,"[96, 24, 56, 5, 69, 83, 4, 73, 91, 38]",86.69,0.3730602803826332,578.8378729820251,11.1,2727.8899999999985
250,"[72, 92, 69, 96, 5, 63, 29, 18, 24, 50]",86.53,0.3777985675632954,580.8990693092346,10.78,2738.6699999999987
251,"[24, 96, 5, 2, 21, 15, 59, 3, 45, 57]",86.0,0.3937655958533287,583.3824095726013,11.71,2750.3799999999987
252,"[92, 24, 30, 96, 21, 60, 8, 40, 73, 50]",86.83,0.3716610108315945,585.4233808517456,10.93,2761.3099999999986
253,"[92, 21, 96, 24, 58, 15, 26, 74, 60, 45]",87.02,0.3718051128089428,587.5707771778107,11.71,2773.0199999999986
254,"[2, 58, 5, 69, 92, 0, 83, 97, 82, 40]",85.34,0.408749174028635,589.6135530471802,10.93,2783.9499999999985
255,"[30, 92, 5, 21, 23, 7, 19, 55, 88, 13]",86.34,0.3862959566712379,591.5755398273468,9.94,2793.8899999999985
256,"[92, 96, 2, 58, 24, 79, 4, 18, 9, 83]",86.44,0.3791903844475746,593.9497101306915,10.63,2804.5199999999986
257,"[96, 58, 5, 23, 30, 52, 53, 37, 0, 38]",87.43,0.3592985711991787,596.0623025894165,10.11,2814.6299999999987
258,"[69, 21, 56, 92, 24, 51, 25, 79, 27, 75]",86.49,0.3787084606289863,598.2828257083893,11.1,2825.7299999999987
259,"[69, 72, 56, 96, 21, 89, 28, 90, 75, 48]",86.34,0.3798914471268654,600.377669095993,12.1,2837.8299999999986
260,"[21, 69, 5, 58, 92, 9, 76, 65, 47, 68]",86.47,0.3815922208130359,602.7840991020203,10.86,2848.6899999999987
261,"[96, 30, 69, 56, 24, 44, 84, 6, 50, 77]",86.66,0.3790194161236286,605.0989005565643,11.1,2859.7899999999986
262,"[48, 96, 21, 30, 24, 55, 41, 22, 28, 90]",85.91,0.3920970056951046,607.2992517948151,12.1,2871.8899999999985
263,"[72, 2, 96, 23, 21, 77, 93, 16, 65, 28]",86.97,0.3697986330091953,609.6372752189636,11.34,2883.2299999999987
264,"[58, 72, 21, 96, 24, 13, 90, 64, 28, 71]",86.97,0.3698626834154129,611.4748361110687,11.38,2894.6099999999988
265,"[92, 30, 23, 21, 56, 11, 91, 82, 49, 29]",86.38,0.3852470922470092,613.513918876648,11.1,2905.7099999999987
266,"[56, 24, 30, 21, 58, 90, 83, 45, 76, 27]",87.21,0.363523047119379,615.5719203948975,11.71,2917.4199999999987
267,"[58, 21, 5, 2, 48, 60, 23, 70, 57, 34]",87.27,0.3643404804170131,617.9259679317474,12.1,2929.5199999999986
268,"[24, 30, 56, 58, 4, 93, 84, 57, 80, 8]",87.23,0.3618580774962902,619.7899234294891,11.1,2940.6199999999985
269,"[92, 21, 24, 30, 2, 18, 97, 94, 69, 99]",86.06,0.3892112663388252,622.3984258174896,9.18,2949.7999999999984
270,"[56, 69, 30, 72, 96, 22, 54, 83, 45, 25]",85.95,0.3932103811204433,624.5689549446106,11.71,2961.5099999999984
271,"[30, 69, 2, 5, 23, 28, 8, 1, 91, 90]",86.54,0.3797222678363323,626.7249002456665,11.34,2972.8499999999985
272,"[5, 19, 21, 23, 30, 25, 72, 31, 26, 8]",86.8,0.3763294774293899,629.1375234127045,11.13,2983.9799999999987
273,"[58, 30, 32, 69, 23, 45, 5, 1, 52, 63]",87.18,0.3648131512105464,631.3523197174072,11.71,2995.6899999999987
274,"[58, 48, 23, 21, 69, 49, 83, 27, 8, 6]",86.79,0.3756597284972667,633.5992484092712,12.1,3007.7899999999986
275,"[56, 4, 2, 23, 24, 98, 54, 75, 95, 35]",87.13,0.3665777537226677,635.8793213367462,11.1,3018.8899999999985
276,"[56, 30, 69, 58, 2, 83, 37, 48, 90, 33]",86.1,0.3889577928185463,638.0314726829529,12.1,3030.9899999999984
277,"[5, 23, 56, 69, 4, 85, 17, 77, 50, 66]",85.88,0.3949954305589199,640.1537206172943,11.1,3042.0899999999983
278,"[48, 58, 56, 24, 92, 55, 63, 73, 79, 97]",86.87,0.3685656604170799,642.298198223114,12.1,3054.1899999999982
279,"[58, 69, 72, 23, 48, 66, 31, 32, 17, 30]",86.72,0.3813547721505165,644.5974168777466,12.1,3066.289999999998
280,"[23, 30, 19, 92, 5, 43, 38, 25, 78, 71]",85.77,0.4008153299987316,646.669793844223,11.09,3077.3799999999983
281,"[56, 4, 96, 23, 30, 60, 99, 97, 57, 32]",86.82,0.3688028688728809,648.8943479061127,11.1,3088.479999999998
282,"[58, 21, 96, 5, 30, 76, 86, 60, 74, 39]",87.21,0.3657719326019287,650.9544515609741,9.18,3097.659999999998
283,"[96, 69, 24, 72, 58, 45, 40, 71, 36, 1]",86.99,0.3694813352823257,652.9832196235657,11.71,3109.369999999998
284,"[21, 2, 30, 96, 56, 69, 91, 17, 82, 79]",86.81,0.3735828404128551,655.129180431366,11.1,3120.469999999998
285,"[2, 5, 21, 69, 23, 34, 12, 71, 91, 30]",86.83,0.3750710588693619,657.3227455615997,11.09,3131.559999999998
286,"[4, 24, 56, 2, 96, 72, 88, 69, 30, 87]",86.51,0.3807759672403336,659.9062654972076,11.1,3142.659999999998
287,"[21, 32, 4, 19, 2, 66, 5, 93, 14, 33]",86.4,0.3836984837055206,662.1879286766052,9.94,3152.599999999998
288,"[69, 21, 23, 19, 58, 85, 35, 33, 83, 6]",86.59,0.3797739718854427,664.3001592159271,9.94,3162.539999999998
289,"[23, 69, 2, 56, 92, 3, 75, 90, 62, 22]",86.47,0.3849756687879562,666.4958474636078,11.1,3173.639999999998
290,"[4, 58, 24, 2, 69, 95, 42, 21, 25, 34]",86.91,0.3709051881730556,669.1325032711029,11.18,3184.819999999998
291,"[69, 96, 24, 30, 58, 15, 51, 9, 4, 79]",87.46,0.3624131608009338,671.520099401474,10.63,3195.449999999998
292,"[96, 72, 24, 48, 23, 3, 27, 8, 95, 14]",87.76,0.3509946227073669,673.5133938789368,12.1,3207.549999999998
293,"[69, 92, 56, 24, 4, 60, 9, 65, 85, 7]",86.76,0.3773444387316704,675.7891910076141,11.1,3218.649999999998
294,"[4, 32, 30, 72, 96, 13, 95, 8, 49, 93]",87.21,0.3662885101139545,677.7963366508484,10.78,3229.429999999998
295,"[5, 30, 72, 92, 96, 68, 91, 64, 47, 53]",86.76,0.3730771306157112,680.0220985412598,11.38,3240.809999999998
296,"[69, 72, 56, 30, 92, 32, 59, 35, 96, 64]",86.24,0.3861954325437546,682.4601807594299,11.38,3252.1899999999982
297,"[23, 72, 96, 92, 30, 95, 47, 79, 86, 34]",87.16,0.3675010687112808,684.6382975578308,10.86,3263.0499999999984
298,"[21, 69, 23, 96, 56, 93, 84, 3, 20, 94]",87.21,0.3652224147319793,686.9150838851929,11.1,3274.1499999999983
299,"[96, 30, 69, 23, 72, 38, 58, 55, 57, 44]",86.83,0.3743292252719402,689.2033476829529,10.78,3284.9299999999985
300,"[96, 92, 48, 5, 56, 94, 97, 50, 63, 82]",86.95,0.3643682859838009,691.2446303367615,12.1,3297.0299999999984
301,"[21, 2, 92, 23, 58, 50, 26, 7, 46, 67]",87.09,0.3647397126257419,693.5813965797424,11.13,3308.1599999999985
302,"[96, 21, 5, 72, 48, 51, 80, 55, 79, 73]",86.52,0.3742538028955459,695.6082165241241,12.1,3320.2599999999984
303,"[23, 56, 24, 5, 30, 22, 1, 25, 96, 77]",87.69,0.3557775771617889,697.9226491451263,11.1,3331.3599999999983
304,"[24, 2, 58, 96, 30, 94, 54, 15, 59, 89]",86.62,0.3839922136068344,700.2589902877808,9.18,3340.539999999998
305,"[23, 48, 2, 30, 5, 36, 22, 88, 26, 83]",86.88,0.37697299182415,702.4066708087921,12.1,3352.639999999998
306,"[24, 56, 5, 48, 92, 11, 43, 57, 75, 15]",87.32,0.3605963136255741,704.4847750663757,12.1,3364.739999999998
307,"[23, 96, 4, 69, 2, 51, 54, 62, 11, 21]",87.53,0.3566944116353989,707.1488358974457,8.72,3373.4599999999978
308,"[69, 4, 96, 24, 48, 54, 13, 35, 85, 38]",86.83,0.3686744932830333,709.4936530590057,12.1,3385.5599999999977
309,"[58, 4, 23, 72, 21, 88, 36, 54, 79, 2]",87.01,0.3646805621683597,711.7941520214081,10.78,3396.339999999998
310,"[96, 23, 21, 30, 48, 0, 31, 84, 51, 15]",87.21,0.3650932759046554,713.8646502494812,12.1,3408.439999999998
311,"[2, 56, 24, 5, 30, 0, 91, 72, 65, 57]",85.94,0.3907306517660618,716.0195558071136,11.1,3419.5399999999977
312,"[23, 24, 30, 48, 92, 1, 3, 93, 97, 40]",86.71,0.3806267671287059,717.9499201774597,12.1,3431.6399999999976
313,"[21, 5, 96, 24, 58, 16, 82, 57, 99, 94]",87.64,0.3523687644302845,719.9313175678253,8.72,3440.3599999999974
314,"[96, 5, 58, 21, 30, 71, 87, 51, 37, 81]",87.37,0.3565622785687447,722.0172548294067,11.09,3451.4499999999975
315,"[72, 23, 69, 96, 5, 63, 97, 64, 74, 20]",87.78,0.3512737195938825,724.4576919078827,11.38,3462.8299999999977
316,"[2, 5, 92, 30, 72, 32, 87, 94, 59, 93]",86.56,0.3785213747620582,726.8815486431122,10.78,3473.609999999998
317,"[30, 72, 92, 24, 23, 10, 94, 7, 13, 16]",87.3,0.3607212759554386,728.6933097839355,10.78,3484.389999999998
318,"[2, 21, 96, 92, 72, 93, 39, 29, 18, 56]",86.35,0.3807361949980259,730.8662755489349,11.1,3495.489999999998
319,"[23, 58, 69, 24, 92, 73, 9, 93, 96, 77]",87.37,0.3634189245104789,732.7926225662231,10.55,3506.039999999998
320,"[2, 24, 32, 56, 72, 87, 60, 36, 30, 57]",86.66,0.3733757419884205,735.127213716507,11.1,3517.139999999998
321,"[58, 2, 5, 69, 96, 68, 80, 54, 3, 30]",86.89,0.3740506485104561,737.1846191883087,10.1,3527.239999999998
322,"[58, 56, 2, 24, 96, 27, 92, 97, 78, 50]",86.52,0.3776406727731228,739.3285706043243,11.1,3538.339999999998
323,"[92, 24, 21, 30, 5, 89, 75, 88, 77, 70]",87.61,0.350754011273384,741.2732582092285,9.18,3547.5199999999977
324,"[92, 56, 2, 30, 69, 26, 52, 16, 41, 14]",86.55,0.3773216441273689,743.4379072189331,11.19,3558.7099999999978
325,"[48, 58, 30, 21, 69, 94, 7, 31, 89, 90]",86.73,0.3746550890803337,745.459813117981,12.1,3570.8099999999977
326,"[24, 48, 21, 58, 30, 52, 60, 0, 29, 90]",87.01,0.3687884403765201,747.4662227630615,12.1,3582.9099999999976
327,"[23, 5, 69, 96, 56, 30, 32, 50, 91, 88]",87.57,0.35345059402287,749.4789199829102,11.1,3594.0099999999975
328,"[23, 96, 2, 24, 58, 37, 53, 21, 1, 36]",86.75,0.3747978070378303,751.627313375473,8.72,3602.7299999999973
329,"[72, 96, 2, 24, 21, 66, 36, 32, 41, 38]",86.02,0.3934161758422851,753.6835060119629,11.19,3613.9199999999973
330,"[21, 30, 56, 23, 96, 40, 4, 12, 77, 0]",86.57,0.3853675979375839,756.0516438484192,11.1,3625.0199999999973
331,"[69, 72, 21, 48, 24, 56, 76, 19, 87, 35]",87.33,0.3599163617193699,758.461553812027,12.1,3637.119999999997
332,"[69, 56, 92, 21, 5, 52, 33, 48, 67, 88]",87.27,0.3585176815092563,760.9123759269714,12.1,3649.219999999997
333,"[56, 30, 5, 19, 96, 16, 4, 9, 7, 1]",87.3,0.3575648991763592,763.0703976154327,11.1,3660.319999999997
334,"[21, 15, 92, 30, 96, 18, 88, 26, 56, 70]",87.61,0.351346787661314,765.1794857978821,11.13,3671.449999999997
335,"[72, 2, 48, 23, 5, 13, 12, 51, 0, 16]",87.65,0.3514984814822673,767.6756045818329,12.1,3683.549999999997
336,"[23, 19, 69, 96, 48, 51, 85, 6, 97, 14]",87.6,0.3549729128181934,769.681165933609,12.1,3695.649999999997
337,"[5, 30, 24, 48, 56, 41, 98, 78, 10, 96]",87.21,0.3604070448875427,771.6487872600555,12.1,3707.749999999997
338,"[96, 48, 4, 21, 30, 32, 59, 99, 2, 70]",86.82,0.3718081201612949,774.4554798603058,12.1,3719.8499999999967
339,"[19, 4, 96, 21, 92, 44, 13, 73, 51, 98]",87.57,0.3504612486064434,776.4691171646118,10.55,3730.399999999997
340,"[2, 58, 69, 96, 56, 88, 22, 5, 40, 31]",86.7,0.3721954919397831,779.0967388153076,11.1,3741.499999999997
341,"[56, 92, 69, 5, 2, 29, 53, 17, 28, 73]",86.53,0.3727445347607135,781.1340837478638,11.34,3752.839999999997
342,"[21, 5, 96, 58, 23, 13, 98, 49, 61, 38]",88.2,0.3466049422323703,783.126975774765,11.29,3764.129999999997
343,"[24, 23, 58, 69, 21, 63, 28, 14, 74, 49]",88.06,0.3483487167954445,785.2909188270569,11.34,3775.469999999997
344,"[30, 21, 56, 2, 5, 37, 58, 68, 28, 73]",85.45,0.4011110810935497,787.5342946052551,11.34,3786.809999999997
345,"[21, 48, 15, 30, 19, 72, 68, 79, 78, 31]",87.68,0.3495290271937847,790.1231575012207,12.1,3798.909999999997
346,"[2, 19, 48, 30, 24, 56, 82, 16, 95, 84]",85.2,0.4083423990011215,792.2957952022552,12.1,3811.009999999997
347,"[21, 58, 56, 4, 69, 77, 92, 20, 90, 12]",86.71,0.3785017570853233,794.3812863826752,11.1,3822.109999999997
348,"[4, 30, 92, 23, 96, 16, 59, 79, 70, 6]",87.64,0.3550841505825519,796.4787518978119,10.63,3832.739999999997
349,"[92, 21, 2, 72, 58, 67, 12, 29, 19, 45]",87.06,0.3649045987427234,798.7896597385406,11.71,3844.449999999997
350,"[96, 58, 69, 21, 92, 71, 28, 79, 53, 80]",86.5,0.3923186835646629,800.9249465465546,11.34,3855.7899999999972
351,"[96, 30, 72, 2, 69, 20, 80, 31, 79, 33]",87.13,0.3673422865569591,803.1168916225433,10.78,3866.5699999999974
352,"[21, 23, 56, 24, 72, 62, 42, 85, 57, 9]",87.96,0.3513270783424377,805.3582870960236,11.18,3877.7499999999973
353,"[58, 56, 48, 2, 30, 1, 4, 21, 43, 96]",87.13,0.3617875425517559,807.6150689125061,12.1,3889.849999999997
354,"[23, 15, 96, 2, 56, 5, 19, 90, 7, 62]",87.58,0.3551635402441024,810.5162627696991,11.1,3900.949999999997
355,"[58, 96, 48, 92, 19, 94, 6, 70, 27, 53]",87.43,0.3567217056453228,812.7921464443207,12.1,3913.049999999997
356,"[4, 96, 30, 56, 58, 87, 1, 73, 50, 46]",87.84,0.3475409933924675,814.7688901424408,11.1,3924.149999999997
357,"[32, 21, 23, 48, 30, 40, 7, 73, 26, 65]",87.46,0.3592537949979305,816.8789088726044,12.1,3936.249999999997
358,"[32, 58, 5, 30, 21, 38, 82, 24, 88, 46]",87.29,0.3579869794845581,818.909196138382,9.18,3945.4299999999967
359,"[69, 24, 5, 4, 96, 99, 36, 65, 19, 56]",87.82,0.3450490188598633,821.0972189903259,11.1,3956.5299999999966
360,"[24, 72, 21, 30, 56, 68, 39, 17, 54, 28]",87.43,0.3507311673462391,823.196147441864,11.34,3967.8699999999967
361,"[72, 24, 5, 69, 58, 93, 32, 66, 97, 73]",87.65,0.3520340222120285,825.2904388904572,10.78,3978.649999999997
362,"[32, 21, 24, 72, 92, 91, 60, 69, 78, 49]",87.34,0.3616060377657413,827.3700170516968,10.78,3989.429999999997
363,"[23, 30, 69, 56, 24, 42, 39, 75, 36, 84]",87.82,0.3484934787452221,829.3369417190552,11.18,4000.609999999997
364,"[21, 58, 24, 56, 96, 55, 75, 15, 90, 99]",88.19,0.3405349974334239,831.4841485023499,11.1,4011.709999999997
365,"[92, 19, 96, 24, 48, 18, 72, 60, 21, 78]",87.94,0.3449040435254574,833.7629754543304,12.1,4023.8099999999968
366,"[21, 24, 5, 4, 30, 41, 65, 92, 66, 8]",87.8,0.3454847422242164,835.8510065078735,11.19,4034.999999999997
367,"[92, 21, 24, 5, 96, 63, 29, 88, 78, 62]",87.74,0.3489998210966587,837.9815950393677,8.96,4043.959999999997
368,"[5, 72, 23, 58, 21, 20, 78, 75, 74, 64]",87.46,0.3629680523276329,839.9689445495605,11.38,4055.339999999997
369,"[24, 21, 48, 19, 56, 18, 91, 43, 25, 74]",87.89,0.3447159285843372,841.9061570167542,12.1,4067.439999999997
370,"[58, 24, 2, 4, 5, 12, 97, 47, 67, 54]",87.77,0.3491412158310413,844.0360264778137,10.86,4078.299999999997
371,"[2, 58, 56, 21, 72, 64, 27, 3, 12, 45]",86.15,0.3880436296761036,846.3803539276123,11.71,4090.009999999997
372,"[72, 24, 56, 5, 30, 78, 94, 36, 19, 25]",87.23,0.3588037385046482,848.577623128891,11.1,4101.109999999997
373,"[5, 4, 48, 69, 92, 29, 54, 47, 38, 64]",87.37,0.3713607789576054,850.4844951629639,12.1,4113.209999999997
374,"[4, 48, 92, 23, 2, 28, 98, 96, 69, 62]",88.41,0.3374050299823284,852.8875753879547,12.1,4125.309999999998
375,"[5, 92, 58, 72, 2, 61, 95, 18, 38, 67]",85.63,0.4103780041635037,854.909738779068,11.29,4136.599999999998
376,"[58, 56, 21, 72, 4, 39, 99, 3, 77, 83]",86.95,0.3594333703815937,856.9496233463287,11.1,4147.699999999998
377,"[5, 58, 69, 24, 96, 64, 78, 74, 22, 32]",88.12,0.3466002614796161,859.0844931602478,11.38,4159.079999999998
378,"[21, 92, 4, 23, 69, 11, 7, 47, 32, 60]",87.92,0.3550725135207176,861.4006590843201,10.86,4169.939999999998
379,"[96, 92, 4, 30, 2, 55, 83, 25, 42, 97]",88.05,0.3399178147315979,863.3661584854126,11.18,4181.119999999998
380,"[56, 30, 92, 69, 23, 31, 99, 54, 24, 88]",87.27,0.3709405624866486,865.5669295787811,11.1,4192.219999999998
381,"[48, 2, 92, 96, 5, 37, 72, 22, 35, 75]",86.34,0.3747660098969936,867.8458812236786,12.1,4204.319999999999
382,"[24, 56, 58, 23, 5, 27, 68, 90, 80, 2]",87.36,0.3585967174172401,870.0086619853973,11.1,4215.419999999999
383,"[30, 2, 72, 32, 19, 58, 37, 73, 79, 21]",85.52,0.4080564445257187,872.7430601119995,10.78,4226.199999999999
384,"[48, 19, 72, 2, 12, 67, 81, 68, 92, 76]",87.71,0.3491113297641277,875.0660722255707,12.1,4238.299999999999
385,"[32, 30, 92, 96, 69, 80, 40, 33, 15, 71]",87.12,0.3710879895836115,877.3862764835358,11.09,4249.389999999999
386,"[58, 23, 2, 32, 56, 22, 49, 88, 51, 76]",88.3,0.3501203089952469,879.5722990036011,11.1,4260.49
387,"[32, 24, 48, 58, 69, 36, 6, 47, 17, 67]",88.09,0.3429910816252232,881.6401243209839,12.1,4272.59
388,"[26, 24, 48, 30, 21, 91, 56, 3, 55, 13]",87.23,0.354550978988409,883.8689181804657,12.1,4284.6900000000005
389,"[56, 5, 69, 96, 72, 28, 6, 0, 75, 61]",87.26,0.3607593473792076,886.3682372570038,11.34,4296.030000000001
390,"[5, 96, 56, 23, 21, 0, 77, 13, 88, 22]",88.06,0.345397757589817,888.2707769870758,11.1,4307.130000000001
391,"[96, 19, 69, 15, 21, 44, 18, 73, 25, 77]",87.95,0.3439400604367256,890.277220249176,10.55,4317.680000000001
392,"[15, 48, 21, 11, 19, 23, 82, 80, 76, 8]",87.86,0.3516065919399261,892.4002168178558,12.1,4329.780000000002
393,"[32, 72, 21, 5, 48, 19, 52, 4, 93, 22]",87.7,0.3492203027009964,894.430401802063,12.1,4341.880000000002
394,"[56, 23, 69, 24, 96, 43, 8, 35, 27, 45]",88.1,0.3473967638611793,897.0370717048645,11.71,4353.590000000002
395,"[30, 58, 2, 5, 96, 51, 54, 61, 59, 45]",86.62,0.383708898872137,899.3247520923615,11.71,4365.300000000002
396,"[72, 92, 23, 24, 69, 94, 36, 34, 17, 13]",87.58,0.3622979879379272,902.038595199585,10.78,4376.080000000002
397,"[56, 2, 23, 24, 58, 16, 29, 78, 1, 54]",87.78,0.3493308487534523,904.7035138607024,11.1,4387.180000000002
398,"[32, 92, 56, 24, 58, 13, 48, 46, 59, 19]",88.53,0.3350621621310711,907.0592322349548,12.1,4399.2800000000025
399,"[69, 5, 4, 56, 48, 38, 15, 81, 19, 65]",87.75,0.3458990143239498,909.2626292705536,12.1,4411.380000000003
400,"[4, 92, 30, 96, 21, 59, 55, 0, 99, 51]",87.46,0.3607376936078071,911.5258514881134,9.23,4420.610000000002
401,"[92, 56, 2, 69, 58, 68, 81, 63, 40, 67]",87.25,0.3572324855625629,913.6580934524536,11.1,4431.710000000003
402,"[30, 15, 72, 26, 12, 94, 33, 46, 2, 11]",86.48,0.389182610809803,916.0227692127228,11.13,4442.840000000003
403,"[15, 32, 92, 24, 96, 47, 14, 38, 66, 54]",87.99,0.3471225099265575,917.9798409938812,10.86,4453.700000000003
404,"[21, 26, 72, 32, 23, 51, 5, 94, 61, 71]",87.82,0.3551827374100685,920.2561283111572,11.29,4464.9900000000025
405,"[24, 56, 2, 30, 72, 7, 34, 76, 88, 69]",87.0,0.369763785302639,922.5756442546844,11.1,4476.090000000003
406,"[5, 72, 24, 48, 69, 36, 18, 27, 31, 89]",87.41,0.353382822573185,924.7146604061128,12.1,4488.190000000003
407,"[24, 58, 12, 5, 4, 74, 88, 40, 61, 49]",88.28,0.3405589690804481,926.4938867092133,11.29,4499.480000000003
408,"[27, 56, 24, 58, 48, 97, 26, 42, 83, 89]",88.18,0.3364592410624027,928.6527926921844,12.1,4511.580000000004
409,"[92, 48, 21, 23, 96, 86, 20, 74, 63, 45]",88.54,0.3349131868779659,930.9814031124116,12.1,4523.680000000004
410,"[96, 26, 23, 58, 30, 33, 49, 37, 54, 99]",88.41,0.3419680301845074,933.197422504425,11.13,4534.810000000004
411,"[55, 72, 27, 96, 69, 8, 41, 4, 36, 35]",87.69,0.3466311067342758,935.2020967006684,11.19,4546.000000000004
412,"[48, 92, 21, 96, 2, 4, 97, 41, 98, 10]",87.57,0.3516025844216346,937.2958054542542,12.1,4558.100000000004
413,"[24, 56, 96, 58, 4, 20, 34, 72, 0, 13]",87.92,0.3425514385104179,939.4262177944184,11.1,4569.200000000004
414,"[69, 21, 72, 56, 4, 40, 48, 63, 42, 87]",87.7,0.3546632357686758,941.5769445896148,12.1,4581.300000000005
415,"[19, 60, 58, 69, 30, 31, 52, 80, 85, 59]",87.57,0.3563734583556652,943.7783031463624,10.11,4591.410000000004
416,"[55, 5, 11, 24, 12, 82, 71, 54, 53, 43]",88.47,0.3352139976620674,945.7725129127502,11.09,4602.500000000005
417,"[2, 56, 92, 5, 96, 4, 95, 29, 82, 33]",87.66,0.3468975737690926,947.7427899837494,11.1,4613.600000000005
418,"[2, 96, 69, 21, 19, 74, 67, 41, 60, 48]",87.57,0.3497506339848041,950.243922472,12.1,4625.700000000005
419,"[48, 24, 21, 23, 4, 37, 0, 82, 6, 45]",88.0,0.3471242143213749,952.678323507309,12.1,4637.800000000006
420,"[96, 24, 72, 92, 2, 87, 25, 70, 90, 9]",87.22,0.3602969649434089,954.8715693950652,10.78,4648.580000000005
421,"[30, 23, 72, 56, 24, 7, 99, 98, 73, 92]",88.29,0.3362618315219879,957.1019756793976,11.1,4659.680000000006
422,"[21, 5, 96, 72, 2, 45, 69, 62, 44, 47]",87.18,0.3629290905594826,959.5127365589142,11.71,4671.390000000006
423,"[92, 96, 72, 48, 5, 16, 99, 87, 68, 67]",87.66,0.3504518394172191,961.5650677680968,12.1,4683.490000000006
424,"[56, 30, 69, 72, 58, 50, 39, 83, 63, 28]",87.73,0.3515407994389534,963.6176564693452,11.34,4694.830000000006
425,"[72, 30, 96, 23, 92, 29, 76, 39, 88, 16]",88.05,0.3486327402293682,965.7041754722596,10.78,4705.610000000006
426,"[96, 23, 69, 24, 4, 38, 65, 36, 80, 50]",88.18,0.346164865642786,967.8163466453552,10.04,4715.650000000006
427,"[21, 4, 24, 56, 96, 90, 87, 86, 76, 20]",87.88,0.3515600983798503,969.8555445671082,11.1,4726.750000000006
428,"[24, 92, 5, 32, 72, 98, 39, 31, 30, 90]",87.98,0.3420632989704609,971.91530752182,10.78,4737.530000000006
429,"[92, 24, 5, 48, 72, 39, 96, 51, 95, 36]",87.92,0.3489419096708298,974.0051951408386,12.1,4749.6300000000065
430,"[4, 72, 56, 2, 19, 13, 73, 29, 48, 18]",86.68,0.3689663664996624,976.2978980541228,12.1,4761.730000000007
431,"[2, 58, 69, 48, 30, 37, 53, 16, 72, 98]",86.13,0.3869179618358612,978.4458811283112,12.1,4773.830000000007
432,"[30, 32, 2, 69, 21, 78, 40, 38, 31, 5]",87.76,0.3517853915691376,980.7578055858612,10.93,4784.7600000000075
433,"[24, 21, 5, 72, 30, 50, 59, 54, 64, 70]",87.31,0.3560500735044479,982.86106300354,11.38,4796.140000000008
434,"[24, 56, 19, 72, 92, 42, 30, 44, 20, 65]",88.23,0.3397415075451135,985.161860704422,11.18,4807.320000000008
435,"[56, 15, 72, 21, 4, 40, 27, 74, 75, 7]",87.65,0.3557001541554928,987.50270986557,11.1,4818.420000000008
436,"[92, 56, 26, 27, 30, 18, 49, 91, 71, 69]",87.06,0.3760491433739662,989.4517207145692,11.13,4829.550000000008
437,"[92, 96, 5, 56, 26, 4, 44, 8, 7, 20]",87.12,0.3780692818760872,991.3521265983582,11.13,4840.6800000000085
438,"[21, 92, 4, 19, 5, 52, 53, 13, 79, 48]",88.27,0.3412784959375858,993.644585609436,12.1,4852.780000000009
439,"[12, 5, 2, 92, 11, 98, 72, 64, 73, 95]",86.72,0.3756314687430858,996.1815469264984,11.38,4864.160000000009
440,"[48, 4, 30, 56, 69, 59, 42, 74, 9, 10]",88.16,0.341194589138031,998.23312997818,12.1,4876.260000000009
441,"[23, 30, 96, 58, 69, 7, 84, 53, 71, 43]",88.39,0.341748154759407,1000.370353460312,11.09,4887.3500000000095
442,"[23, 30, 15, 92, 19, 50, 37, 58, 51, 66]",87.7,0.3584405156970024,1002.5657572746276,9.94,4897.290000000009
443,"[96, 21, 30, 92, 5, 45, 47, 60, 89, 11]",88.41,0.3392419950664043,1004.648335456848,11.71,4909.000000000009
444,"[5, 24, 69, 30, 92, 86, 67, 49, 84, 42]",88.37,0.3367043982446194,1006.6107330322266,11.18,4920.180000000009
445,"[92, 2, 30, 96, 32, 60, 11, 49, 75, 67]",87.75,0.3445775291323661,1009.0602478981018,10.58,4930.760000000009
446,"[23, 2, 96, 72, 24, 90, 85, 78, 95, 86]",88.05,0.3434075863659382,1011.4227414131165,10.78,4941.540000000009
447,"[32, 92, 96, 69, 48, 81, 37, 86, 39, 29]",88.21,0.3417722852528095,1013.3459300994872,12.1,4953.640000000009
448,"[5, 56, 96, 92, 30, 49, 11, 34, 27, 91]",87.82,0.3478182546794414,1015.6913471221924,11.1,4964.74000000001
449,"[30, 15, 32, 48, 19, 38, 28, 4, 22, 90]",87.93,0.3529692494869232,1017.502027273178,12.1,4976.84000000001
450,"[58, 26, 24, 32, 48, 98, 63, 80, 91, 67]",87.96,0.344898646324873,1019.8780555725098,12.1,4988.9400000000105
451,"[56, 15, 92, 23, 96, 51, 19, 55, 5, 39]",88.12,0.3483424772322178,1022.1415898799896,11.1,5000.040000000011
452,"[69, 92, 56, 96, 4, 87, 51, 54, 58, 93]",88.3,0.3553060598671436,1024.2043750286102,11.1,5011.140000000011
453,"[21, 2, 58, 55, 24, 90, 59, 91, 40, 18]",87.54,0.3532627362012863,1026.732479572296,10.93,5022.0700000000115
454,"[26, 24, 15, 5, 19, 70, 57, 66, 23, 64]",88.22,0.3448323956131935,1029.0753364562988,11.38,5033.450000000012
455,"[92, 30, 69, 5, 2, 27, 94, 56, 70, 44]",86.84,0.3726934830844402,1031.1399183273315,11.1,5044.550000000012
456,"[5, 72, 58, 24, 23, 14, 66, 11, 75, 28]",88.29,0.3366349703073502,1033.4294135570526,11.34,5055.890000000012
457,"[58, 30, 23, 92, 96, 56, 60, 33, 17, 79]",88.07,0.3556039142608642,1035.5976917743685,11.1,5066.9900000000125
458,"[21, 32, 4, 72, 5, 73, 91, 51, 3, 18]",87.57,0.3512968076765537,1037.7826330661774,10.78,5077.770000000012
459,"[26, 27, 96, 58, 69, 7, 62, 87, 72, 91]",87.62,0.3501227901875973,1040.0405550003052,11.13,5088.900000000012
460,"[48, 92, 56, 72, 58, 39, 84, 13, 7, 60]",87.29,0.360427284091711,1042.081865310669,12.1,5101.000000000013
461,"[92, 21, 58, 30, 72, 49, 53, 94, 90, 34]",86.92,0.3760283228754997,1044.4833281040192,10.78,5111.7800000000125
462,"[48, 69, 4, 92, 58, 50, 5, 40, 52, 32]",88.05,0.3509240044653415,1047.583256483078,12.1,5123.880000000013
463,"[92, 32, 48, 30, 4, 49, 59, 20, 65, 62]",87.4,0.3674029597640038,1049.9530565738678,12.1,5135.980000000013
464,"[96, 92, 24, 2, 21, 58, 12, 63, 86, 74]",87.8,0.3480280146002769,1052.542379140854,8.96,5144.940000000013
465,"[92, 58, 5, 2, 30, 98, 97, 41, 67, 47]",87.26,0.3750483836233615,1054.596929550171,11.19,5156.130000000013
466,"[55, 72, 2, 24, 21, 11, 79, 78, 17, 19]",87.84,0.3482286387681961,1057.121008396149,10.78,5166.910000000013
467,"[23, 4, 56, 21, 2, 50, 0, 14, 17, 18]",88.99,0.3289017082750797,1059.464144706726,11.1,5178.010000000013
468,"[56, 19, 21, 69, 72, 71, 55, 0, 33, 62]",88.47,0.3413385866582393,1061.6229484081268,11.1,5189.110000000013
469,"[24, 19, 23, 69, 2, 32, 31, 97, 82, 87]",88.67,0.3354131115972996,1063.7741582393646,9.94,5199.050000000013
470,"[72, 2, 48, 30, 12, 65, 9, 96, 19, 5]",87.88,0.3485479839146137,1066.2504098415377,12.1,5211.150000000013
471,"[30, 96, 56, 4, 21, 88, 2, 65, 58, 16]",87.91,0.3457271884381771,1068.7886085510254,11.1,5222.250000000014
472,"[58, 55, 32, 48, 24, 99, 49, 42, 36, 67]",88.09,0.3461926747858524,1070.6559913158417,12.1,5234.350000000014
473,"[48, 96, 32, 21, 23, 69, 7, 25, 92, 79]",87.52,0.3760103997588158,1072.8715300559998,12.1,5246.450000000014
474,"[56, 5, 92, 21, 30, 24, 69, 77, 36, 98]",88.06,0.3395876418054104,1075.240484237671,11.1,5257.550000000015
475,"[56, 69, 2, 24, 58, 67, 90, 78, 14, 18]",87.9,0.3524238131940365,1077.3315877914429,11.1,5268.650000000015
476,"[15, 24, 32, 2, 26, 95, 66, 3, 77, 40]",87.62,0.3520694229006767,1080.0434484481812,11.13,5279.780000000015
477,"[72, 92, 24, 96, 21, 50, 63, 49, 91, 6]",87.61,0.3560438077151775,1082.1183512210846,10.78,5290.560000000015
478,"[55, 5, 4, 24, 58, 32, 41, 66, 51, 49]",88.42,0.3348242445290089,1084.0885927677157,11.19,5301.750000000015
479,"[4, 96, 72, 12, 30, 70, 92, 98, 10, 44]",88.3,0.3420124685764312,1086.1707439422607,10.78,5312.530000000014
480,"[21, 58, 2, 26, 55, 69, 93, 36, 44, 64]",87.57,0.3524127773940563,1088.1951632499697,11.38,5323.910000000014
481,"[72, 60, 96, 32, 2, 14, 37, 94, 45, 1]",87.23,0.3631498774141073,1090.3533568382263,11.71,5335.620000000014
482,"[24, 69, 21, 30, 96, 54, 37, 94, 32, 43]",88.5,0.3326003916561603,1092.5358426570892,9.18,5344.800000000015
483,"[96, 92, 56, 69, 15, 18, 48, 12, 67, 86]",88.01,0.3567640179395676,1094.7820358276367,12.1,5356.900000000015
484,"[56, 69, 96, 12, 15, 33, 88, 37, 76, 60]",88.2,0.3463630577921867,1097.0213341712952,11.1,5368.0000000000155
485,"[96, 48, 92, 56, 69, 89, 4, 34, 82, 67]",88.18,0.3534460791945457,1099.3207039833069,12.1,5380.100000000016
486,"[56, 72, 96, 2, 5, 76, 1, 25, 37, 63]",86.47,0.3786232167482376,1101.7626349925995,11.1,5391.200000000016
487,"[96, 23, 2, 5, 55, 63, 79, 95, 76, 74]",88.56,0.333871001675725,1104.0251939296722,10.63,5401.830000000016
488,"[69, 24, 5, 2, 55, 91, 14, 17, 1, 9]",87.78,0.3496655105054378,1106.203327178955,9.3,5411.1300000000165
489,"[56, 72, 96, 69, 55, 67, 50, 2, 14, 46]",87.53,0.3554146313667297,1108.549338579178,11.1,5422.230000000017
490,"[27, 4, 58, 72, 48, 39, 28, 37, 54, 33]",87.85,0.3453387981653213,1110.5459382534027,12.1,5434.330000000017
491,"[58, 92, 72, 4, 27, 69, 16, 44, 60, 40]",87.49,0.3770362664014101,1112.7313673496246,10.93,5445.2600000000175
492,"[72, 30, 92, 48, 11, 53, 58, 88, 26, 65]",87.73,0.3543123631179333,1115.0363976955414,12.1,5457.360000000018
493,"[30, 56, 92, 5, 96, 98, 39, 71, 1, 62]",88.46,0.3349927960336208,1116.999789237976,11.1,5468.460000000018
494,"[92, 69, 15, 21, 23, 28, 72, 54, 65, 25]",87.38,0.3862255835533142,1119.440546989441,11.34,5479.800000000018
495,"[48, 55, 92, 96, 21, 12, 7, 47, 56, 27]",88.42,0.348699851706624,1121.7827746868134,12.1,5491.900000000019
496,"[12, 21, 69, 58, 2, 4, 15, 68, 51, 49]",88.33,0.3439854387938976,1123.930396080017,10.58,5502.480000000019
497,"[58, 69, 4, 2, 72, 99, 71, 50, 8, 79]",87.83,0.3487497095763683,1125.8553376197815,11.09,5513.570000000019
498,"[30, 11, 92, 4, 96, 81, 68, 6, 18, 75]",88.12,0.3412998966872692,1127.7571005821228,9.18,5522.750000000019
499,"[11, 72, 58, 92, 30, 91, 96, 88, 16, 46]",87.63,0.3587661339342594,1130.168871641159,10.78,5533.530000000019
500,"[21, 55, 24, 58, 92, 86, 6, 91, 40, 77]",88.86,0.3297078542411327,1131.9046931266785,10.93,5544.460000000019
501,"[56, 4, 92, 5, 23, 72, 50, 2, 67, 40]",87.84,0.3570957010984421,1134.4146270751953,11.1,5555.5600000000195
502,"[15, 69, 21, 58, 30, 3, 92, 83, 52, 96]",88.62,0.3432178169488907,1136.631547689438,10.11,5565.670000000019
503,"[15, 72, 56, 92, 4, 55, 77, 7, 49, 13]",88.29,0.3393998079001903,1138.7964584827423,11.1,5576.7700000000195
504,"[26, 23, 24, 69, 21, 55, 58, 74, 57, 77]",88.74,0.3361254298686981,1141.3346540927887,11.13,5587.90000000002
505,"[60, 24, 5, 23, 2, 55, 11, 13, 99, 43]",88.12,0.342287985086441,1143.6703102588654,8.45,5596.3500000000195
506,"[56, 55, 4, 58, 5, 57, 33, 48, 93, 17]",88.13,0.3502970553934574,1145.48082447052,12.1,5608.45000000002
507,"[56, 24, 5, 96, 58, 71, 92, 3, 34, 7]",88.37,0.356016778498888,1147.4118990898132,11.1,5619.55000000002
508,"[5, 58, 23, 21, 11, 40, 69, 71, 82, 44]",88.02,0.3570086804032326,1149.6230051517489,11.09,5630.64000000002
509,"[60, 58, 96, 26, 27, 30, 99, 6, 76, 22]",88.67,0.335377237945795,1152.0030074119568,11.13,5641.77000000002
510,"[5, 60, 11, 32, 24, 75, 82, 0, 7, 46]",88.53,0.3331526394933462,1154.0625705718994,9.23,5651.00000000002
511,"[30, 55, 27, 4, 69, 68, 1, 97, 36, 46]",88.71,0.3278928200900555,1155.953253030777,9.18,5660.18000000002
512,"[69, 26, 12, 92, 58, 11, 89, 59, 45, 95]",88.28,0.3519812653958797,1157.9542860984802,11.71,5671.89000000002
513,"[96, 58, 15, 12, 2, 67, 40, 90, 44, 17]",88.76,0.3289260122179985,1160.1086196899414,10.93,5682.820000000021
514,"[21, 30, 19, 48, 15, 24, 5, 54, 18, 71]",88.6,0.3337438702583313,1162.4240460395813,12.1,5694.920000000021
515,"[92, 58, 30, 21, 55, 61, 64, 23, 63, 89]",88.61,0.343283928334713,1164.4444465637207,11.38,5706.300000000021
516,"[96, 27, 21, 92, 55, 32, 2, 29, 40, 87]",88.18,0.3430100920796394,1166.8034179210665,10.93,5717.230000000021
517,"[92, 48, 27, 5, 21, 65, 94, 71, 12, 18]",88.48,0.347204107940197,1169.14674782753,12.1,5729.330000000022
518,"[55, 5, 4, 32, 24, 47, 78, 6, 19, 84]",88.78,0.3302190619707107,1171.597775697708,10.86,5740.190000000021
519,"[21, 26, 92, 2, 48, 28, 65, 76, 3, 16]",88.57,0.3357049241662025,1173.644201517105,12.1,5752.290000000022
520,"[69, 56, 30, 96, 92, 88, 58, 34, 99, 38]",88.3,0.3490005289018154,1175.569180727005,11.1,5763.390000000022
521,"[15, 48, 56, 58, 26, 40, 86, 93, 31, 47]",88.33,0.346937787681818,1177.3996095657349,12.1,5775.4900000000225
522,"[5, 2, 60, 58, 69, 0, 99, 7, 19, 73]",87.44,0.3584265451878309,1179.495406150818,10.55,5786.040000000023
523,"[96, 60, 30, 2, 24, 8, 28, 57, 87, 11]",87.53,0.3586037854850292,1181.672642469406,11.34,5797.380000000023
524,"[55, 58, 69, 5, 30, 38, 41, 39, 99, 32]",88.14,0.3469445033371448,1183.4437215328217,11.19,5808.570000000022
525,"[27, 92, 60, 26, 30, 23, 58, 15, 68, 41]",88.53,0.3452497310936451,1185.9978983402252,11.19,5819.760000000022
526,"[96, 21, 2, 30, 24, 47, 6, 9, 50, 65]",87.95,0.3526333165168762,1188.574967622757,10.86,5830.620000000022
527,"[92, 58, 55, 15, 5, 86, 6, 20, 68, 24]",88.83,0.3289388374984264,1190.3415145874023,8.96,5839.580000000022
528,"[30, 5, 96, 24, 58, 87, 84, 23, 64, 44]",88.91,0.3292760261893272,1192.436152935028,11.38,5850.960000000022
529,"[32, 48, 21, 26, 4, 92, 90, 88, 25, 62]",87.7,0.3652584427595138,1194.5306210517883,12.1,5863.060000000022
530,"[30, 19, 92, 2, 56, 99, 0, 95, 85, 38]",88.34,0.3428678879141807,1196.7047607898712,11.1,5874.160000000023
531,"[19, 15, 48, 72, 5, 47, 2, 89, 78, 75]",88.23,0.3496977311372757,1199.184182882309,12.1,5886.260000000023
532,"[72, 4, 26, 24, 92, 96, 67, 14, 70, 57]",88.38,0.3350452789664268,1201.3092370033264,11.13,5897.390000000023
533,"[24, 19, 30, 69, 96, 68, 85, 8, 64, 36]",88.77,0.3331601424515247,1203.2700245380402,11.38,5908.770000000023
534,"[69, 19, 92, 48, 30, 73, 88, 20, 3, 35]",88.61,0.3325515279173851,1205.0800321102142,12.1,5920.8700000000235
535,"[96, 23, 19, 32, 55, 73, 18, 97, 88, 43]",88.8,0.3368203367292881,1207.023478269577,10.55,5931.420000000024
536,"[30, 23, 72, 69, 24, 10, 36, 93, 8, 17]",88.85,0.337084721326828,1209.0128600597382,10.78,5942.2000000000235
537,"[69, 58, 21, 92, 32, 20, 88, 17, 36, 66]",87.8,0.35739193379879,1211.044768333435,9.3,5951.500000000024
538,"[69, 48, 5, 92, 96, 58, 53, 43, 55, 67]",88.39,0.342096938714385,1213.5764384269714,12.1,5963.600000000024
539,"[30, 4, 21, 23, 27, 89, 37, 28, 12, 79]",88.74,0.3345717275142669,1215.9551875591278,11.34,5974.940000000024
540,"[30, 5, 92, 24, 15, 21, 9, 73, 95, 36]",88.4,0.3374492819607257,1217.928081035614,10.55,5985.490000000024
541,"[32, 69, 19, 24, 21, 95, 40, 62, 71, 34]",88.59,0.3399263527989387,1219.8685457706451,11.09,5996.5800000000245
542,"[55, 2, 19, 12, 4, 87, 34, 60, 76, 33]",89.24,0.323705603480339,1221.7539162635803,9.94,6006.520000000024
543,"[12, 5, 92, 4, 96, 81, 30, 9, 52, 13]",88.9,0.3293050944805145,1223.9760446548462,10.11,6016.630000000024
544,"[48, 55, 21, 4, 56, 97, 27, 62, 50, 53]",88.88,0.329558767080307,1225.8694989681244,12.1,6028.730000000024
545,"[58, 69, 27, 23, 56, 35, 62, 83, 65, 76]",88.43,0.3487679576873779,1227.9683034420011,11.1,6039.8300000000245
546,"[72, 69, 32, 30, 92, 49, 55, 12, 23, 84]",87.87,0.3697472421824932,1230.2061376571655,10.78,6050.610000000024
547,"[92, 56, 15, 69, 5, 14, 36, 83, 0, 10]",88.03,0.3560533341765404,1232.263134241104,11.1,6061.710000000025
548,"[24, 55, 69, 19, 12, 28, 74, 83, 70, 16]",89.01,0.3250433537364006,1234.114874124527,11.34,6073.050000000025
549,"[58, 24, 21, 4, 69, 13, 82, 16, 92, 44]",88.33,0.3541621188819408,1236.2691609859469,8.96,6082.010000000025
550,"[58, 30, 69, 5, 56, 44, 74, 39, 35, 7]",87.52,0.3592081546038389,1238.339590549469,11.1,6093.110000000025
551,"[69, 2, 19, 96, 21, 12, 30, 94, 23, 91]",88.69,0.3335653287917375,1241.376237154007,9.94,6103.050000000025
552,"[4, 19, 56, 23, 96, 75, 76, 21, 98, 2]",89.11,0.326627971380949,1243.684944152832,11.1,6114.150000000025
553,"[24, 4, 69, 92, 2, 34, 68, 38, 21, 94]",88.5,0.337628845795989,1245.8676342964172,8.96,6123.110000000025
554,"[21, 72, 92, 56, 30, 6, 14, 97, 8, 65]",87.58,0.3669687707722187,1247.963010787964,11.1,6134.2100000000255
555,"[24, 15, 2, 58, 56, 83, 76, 11, 68, 13]",88.45,0.3451201513409614,1250.1723613739014,11.1,6145.310000000026
556,"[24, 58, 96, 11, 92, 22, 67, 28, 71, 37]",88.63,0.3348359853029251,1252.1186215877533,11.34,6156.650000000026
557,"[21, 48, 24, 69, 56, 41, 3, 43, 67, 87]",88.53,0.3396593168377876,1254.1517038345337,12.1,6168.750000000026
558,"[2, 48, 56, 11, 92, 25, 26, 85, 49, 70]",87.84,0.3484569242596626,1256.194402217865,12.1,6180.850000000027
559,"[5, 92, 48, 30, 21, 20, 19, 81, 54, 22]",88.66,0.3334519198536873,1258.4112708568573,12.1,6192.950000000027
560,"[15, 24, 23, 72, 5, 39, 51, 77, 75, 81]",88.91,0.3277261236310005,1260.5579180717468,10.78,6203.730000000027
561,"[55, 72, 21, 96, 15, 43, 24, 10, 29, 36]",88.54,0.3356613038480281,1262.7015357017517,10.78,6214.510000000027
562,"[30, 5, 26, 24, 96, 18, 35, 84, 32, 43]",88.71,0.3347050546109676,1265.6074323654177,11.13,6225.640000000027
563,"[32, 56, 72, 23, 96, 70, 35, 52, 63, 55]",89.29,0.325348285138607,1267.727216720581,11.1,6236.740000000027
564,"[2, 32, 21, 69, 55, 31, 14, 33, 81, 51]",88.78,0.3327381237596273,1269.825804233551,8.7,6245.440000000027
565,"[72, 48, 58, 92, 5, 7, 69, 86, 73, 1]",87.9,0.3579038435220718,1271.7859847545624,12.1,6257.540000000027
566,"[23, 96, 26, 24, 2, 73, 57, 42, 32, 82]",88.77,0.3338116615265608,1274.0174729824066,11.18,6268.7200000000275
567,"[69, 72, 30, 32, 21, 79, 56, 52, 29, 94]",88.55,0.342031765282154,1276.429754257202,11.1,6279.820000000028
568,"[96, 26, 23, 24, 5, 91, 67, 90, 56, 1]",88.53,0.3463185459375381,1278.451451778412,11.13,6290.950000000028
569,"[19, 30, 58, 69, 27, 18, 50, 14, 11, 43]",88.14,0.3527681204676628,1280.6742615699768,9.94,6300.890000000028
570,"[58, 21, 24, 2, 59, 22, 23, 55, 96, 89]",89.02,0.3300185500085353,1283.133424282074,8.72,6309.610000000028
571,"[92, 4, 60, 27, 69, 74, 49, 44, 53, 32]",88.46,0.3437719288468361,1284.956524848938,10.58,6320.190000000028
572,"[32, 4, 2, 56, 60, 53, 80, 33, 73, 68]",88.44,0.3371433887630701,1286.870975971222,11.1,6331.290000000028
573,"[72, 30, 48, 5, 92, 25, 76, 90, 57, 12]",88.6,0.3406427258253097,1288.9139635562897,12.1,6343.3900000000285
574,"[2, 96, 92, 11, 48, 56, 75, 13, 27, 65]",88.44,0.3397733262181282,1291.13551902771,12.1,6355.490000000029
575,"[19, 56, 27, 5, 2, 44, 83, 70, 73, 60]",86.9,0.3743768456578255,1293.1669373512268,11.1,6366.590000000029
576,"[92, 69, 21, 59, 24, 83, 76, 68, 1, 71]",88.87,0.3360143722593784,1295.6043787002563,11.09,6377.680000000029
577,"[30, 92, 26, 56, 4, 47, 78, 3, 75, 57]",88.57,0.3517572817206382,1298.2765707969666,11.13,6388.8100000000295
578,"[4, 55, 15, 12, 60, 72, 75, 29, 90, 9]",88.95,0.330897658765316,1300.14763879776,10.78,6399.590000000029
579,"[58, 23, 59, 69, 26, 55, 19, 13, 95, 65]",88.32,0.3520170830190182,1302.2252645492554,11.13,6410.720000000029
580,"[19, 72, 23, 4, 30, 15, 42, 76, 65, 18]",88.47,0.3506863081455231,1304.496907234192,11.18,6421.90000000003
581,"[48, 72, 59, 30, 24, 53, 55, 34, 52, 15]",88.26,0.3454600369930267,1306.8002181053162,12.1,6434.00000000003
582,"[92, 24, 26, 96, 12, 61, 1, 94, 57, 66]",88.83,0.3427628080546856,1309.034297466278,11.29,6445.29000000003
583,"[48, 92, 26, 69, 72, 99, 74, 82, 70, 18]",88.17,0.3455060681700706,1311.04847741127,12.1,6457.39000000003
584,"[21, 2, 24, 30, 12, 7, 14, 62, 39, 40]",88.02,0.3500039219856262,1313.1937432289124,10.93,6468.320000000031
585,"[2, 21, 92, 55, 56, 44, 5, 81, 15, 60]",88.26,0.3401054069399833,1315.5631296634674,11.1,6479.420000000031
586,"[21, 58, 56, 2, 4, 31, 36, 23, 75, 70]",89.0,0.3332129725813865,1317.9936225414276,11.1,6490.520000000031
587,"[5, 4, 24, 30, 69, 60, 74, 62, 61, 98]",89.06,0.3300378382205963,1319.9576032161713,11.29,6501.810000000031
588,"[56, 2, 48, 21, 24, 76, 38, 89, 77, 95]",87.75,0.3547601284086704,1322.2600846290588,12.1,6513.910000000032
589,"[96, 30, 48, 56, 5, 61, 9, 25, 31, 11]",88.4,0.3393130807578564,1324.0996966362,12.1,6526.010000000032
590,"[23, 26, 30, 55, 21, 27, 39, 20, 40, 60]",88.96,0.329888452142477,1326.2528159618378,11.13,6537.140000000032
591,"[24, 23, 5, 21, 4, 53, 65, 28, 49, 70]",89.13,0.329206982254982,1328.34596657753,11.34,6548.480000000032
592,"[60, 12, 19, 55, 48, 25, 33, 81, 29, 95]",88.73,0.3371321955323219,1330.080893278122,12.1,6560.580000000033
593,"[30, 4, 26, 60, 69, 3, 22, 32, 86, 75]",88.88,0.3345953491330147,1331.9656245708466,11.13,6571.710000000033
594,"[21, 5, 32, 27, 72, 55, 61, 24, 8, 97]",88.72,0.3289250091463327,1334.0471861362455,11.29,6583.000000000033
595,"[21, 58, 12, 27, 55, 97, 6, 75, 49, 43]",88.86,0.3360815674066543,1336.1246440410614,10.58,6593.580000000033
596,"[5, 21, 15, 92, 56, 66, 22, 73, 71, 35]",88.42,0.3458113758265972,1338.0360672473907,11.1,6604.680000000033
597,"[96, 24, 2, 69, 56, 28, 9, 98, 58, 21]",87.86,0.3501330190896988,1340.4834825992584,11.34,6616.020000000033
598,"[4, 96, 11, 69, 58, 48, 59, 74, 98, 10]",89.22,0.323556523323059,1342.7438786029816,12.1,6628.1200000000335
599,"[4, 96, 92, 69, 5, 81, 63, 15, 90, 36]",88.87,0.3291501527279615,1345.1259865760803,8.96,6637.080000000034
600,"[24, 2, 58, 56, 92, 3, 31, 46, 98, 59]",89.17,0.3262468056380749,1347.104547739029,11.1,6648.180000000034
601,"[2, 26, 21, 69, 5, 59, 78, 30, 18, 60]",87.73,0.3589324054121971,1349.3660933971405,11.13,6659.310000000034
602,"[69, 56, 2, 92, 81, 33, 87, 43, 27, 73]",87.77,0.3590505786240101,1351.4445333480835,11.1,6670.410000000034
603,"[26, 69, 56, 15, 48, 67, 11, 81, 25, 14]",88.91,0.3264467941969633,1353.681744813919,12.1,6682.510000000035
604,"[69, 96, 5, 24, 30, 36, 75, 44, 51, 9]",88.79,0.3304704636335372,1355.6501882076263,9.18,6691.690000000035
605,"[24, 48, 5, 72, 15, 30, 73, 74, 94, 49]",88.32,0.352264613956213,1357.7821254730225,12.1,6703.790000000035
606,"[30, 24, 92, 69, 56, 44, 80, 40, 66, 4]",88.47,0.3517061121761798,1359.8536732196808,11.1,6714.890000000036
607,"[24, 48, 92, 96, 5, 47, 33, 53, 82, 21]",88.97,0.3274367082118988,1362.3309772014618,12.1,6726.990000000036
608,"[5, 56, 24, 92, 58, 95, 54, 98, 66, 6]",88.68,0.3445876885950565,1364.0293397903442,11.1,6738.0900000000365
609,"[92, 55, 24, 21, 69, 34, 65, 15, 27, 33]",88.88,0.3328961562365293,1366.1296019554138,8.96,6747.050000000037
610,"[60, 96, 11, 32, 24, 69, 84, 85, 64, 66]",88.99,0.3280801399052143,1368.0172250270844,11.38,6758.430000000037
611,"[96, 58, 2, 48, 11, 72, 49, 32, 31, 7]",87.98,0.3556242890655994,1370.4734346866608,12.1,6770.530000000037
612,"[55, 32, 15, 69, 11, 95, 98, 18, 50, 36]",89.17,0.328212833404541,1372.441969871521,8.65,6779.180000000037
613,"[21, 60, 24, 55, 30, 68, 44, 23, 94, 7]",89.27,0.324304549396038,1374.5893864631653,9.18,6788.360000000037
614,"[26, 48, 58, 2, 69, 47, 30, 92, 68, 97]",88.4,0.350715849250555,1376.7103278636932,12.1,6800.460000000037
615,"[96, 19, 92, 48, 72, 32, 46, 44, 21, 90]",88.09,0.3507632659375667,1379.171147108078,12.1,6812.560000000038
616,"[92, 21, 60, 5, 15, 23, 10, 67, 55, 98]",88.76,0.3475858998298645,1381.6208617687223,8.96,6821.520000000038
617,"[58, 21, 96, 27, 48, 74, 57, 0, 67, 53]",89.24,0.3270473527908325,1383.5990488529203,12.1,6833.620000000038
618,"[2, 27, 12, 72, 5, 23, 99, 45, 10, 85]",88.37,0.3510988514870405,1385.7137336730957,11.71,6845.330000000038
619,"[26, 5, 30, 15, 59, 43, 50, 91, 75, 12]",88.97,0.3336253368109464,1387.627774477005,11.13,6856.460000000038
620,"[30, 26, 96, 24, 32, 51, 89, 3, 72, 90]",88.84,0.3307292225956917,1389.715404510498,11.13,6867.590000000038
621,"[12, 21, 69, 32, 4, 96, 31, 34, 57, 82]",88.61,0.3500248599052429,1391.8591446876526,8.72,6876.310000000039
622,"[15, 23, 48, 72, 11, 34, 92, 4, 74, 76]",88.7,0.3495498514175415,1394.149786233902,12.1,6888.410000000039
623,"[92, 59, 24, 26, 19, 69, 64, 90, 93, 37]",89.15,0.3270204557478428,1396.2001671791077,11.38,6899.790000000039
624,"[48, 15, 72, 60, 5, 33, 32, 28, 19, 1]",88.71,0.3419684824347496,1398.4133944511414,12.1,6911.890000000039
625,"[24, 2, 92, 96, 56, 97, 45, 59, 6, 68]",88.73,0.334325837418437,1400.455597639084,11.71,6923.6000000000395
626,"[21, 2, 4, 26, 55, 45, 57, 32, 68, 92]",88.66,0.3373895595222712,1402.792226076126,11.71,6935.3100000000395
627,"[59, 92, 96, 30, 55, 76, 8, 42, 23, 9]",88.76,0.3548509290814399,1404.9621276855469,11.18,6946.49000000004
628,"[55, 56, 5, 69, 21, 95, 67, 33, 79, 70]",88.5,0.3457645021378994,1406.9627056121826,11.1,6957.59000000004
629,"[96, 24, 30, 32, 4, 44, 90, 29, 38, 97]",89.16,0.3280745239555835,1409.5432407855988,9.18,6966.77000000004
630,"[92, 24, 30, 2, 48, 76, 94, 86, 46, 71]",89.16,0.3282331605255604,1411.6339118480682,12.1,6978.870000000041
631,"[96, 55, 24, 30, 4, 33, 41, 49, 77, 79]",88.07,0.3477897606790066,1413.546236038208,11.19,6990.06000000004
632,"[24, 56, 21, 4, 69, 6, 92, 35, 32, 18]",88.67,0.3424759356677532,1415.984293937683,11.1,7001.160000000041
633,"[2, 21, 23, 56, 32, 34, 17, 30, 90, 86]",89.14,0.3329266440868377,1418.3002161979675,11.1,7012.260000000041
634,"[27, 58, 92, 96, 21, 10, 7, 14, 47, 56]",88.61,0.3522514617443085,1420.2642426490784,11.1,7023.3600000000415
635,"[21, 72, 19, 55, 56, 63, 60, 42, 87, 9]",88.38,0.3430089209973812,1422.4799201488495,11.18,7034.540000000042
636,"[60, 18, 69, 30, 21, 1, 12, 26, 16, 42]",89.04,0.3354796017706394,1424.5198600292206,11.18,7045.720000000042
637,"[37, 27, 72, 55, 30, 35, 4, 87, 85, 46]",88.6,0.3350453160703182,1426.7748367786407,10.78,7056.500000000042
638,"[92, 56, 23, 69, 5, 14, 25, 75, 28, 97]",87.32,0.4177346459031105,1428.8090295791626,11.34,7067.840000000042
639,"[56, 32, 12, 21, 27, 97, 13, 10, 77, 3]",88.58,0.3534802356362342,1430.8583691120148,11.1,7078.940000000042
640,"[27, 11, 58, 69, 60, 97, 65, 71, 93, 89]",88.88,0.3434876051545143,1432.6828501224518,11.09,7090.0300000000425
641,"[2, 21, 5, 55, 4, 12, 35, 29, 69, 78]",88.45,0.3364758482575417,1434.8245174884796,8.45,7098.480000000042
642,"[4, 48, 92, 24, 55, 0, 37, 59, 68, 90]",89.08,0.3304421629011631,1436.9332332611084,12.1,7110.580000000043
643,"[48, 24, 21, 30, 5, 60, 23, 70, 69, 95]",89.3,0.3243417596817016,1439.1415174007416,12.1,7122.680000000043
644,"[72, 4, 58, 59, 30, 86, 37, 33, 35, 6]",88.54,0.3439766804873943,1441.5120830535889,10.78,7133.460000000043
645,"[56, 55, 92, 2, 24, 49, 23, 21, 96, 82]",89.14,0.3354091320931911,1443.8028423786163,11.1,7144.560000000043
646,"[72, 56, 69, 26, 96, 73, 42, 43, 45, 53]",88.46,0.3445085103809833,1445.905367851257,11.71,7156.270000000043
647,"[72, 96, 24, 26, 2, 10, 99, 12, 54, 78]",88.49,0.3461073470115661,1448.0399675369265,11.13,7167.400000000043
648,"[96, 21, 11, 53, 23, 12, 10, 27, 42, 56]",89.21,0.3316422961652279,1450.294763803482,11.18,7178.580000000044
649,"[21, 72, 24, 69, 58, 68, 35, 47, 92, 34]",88.88,0.3453292801976204,1452.4208319187164,10.86,7189.440000000043
650,"[48, 69, 30, 21, 24, 39, 95, 7, 66, 28]",88.58,0.3387127515673637,1454.256253004074,12.1,7201.540000000044
651,"[2, 92, 56, 30, 5, 93, 44, 34, 74, 31]",88.07,0.3542715084552765,1456.4044086933136,11.1,7212.640000000044
652,"[58, 2, 69, 11, 5, 84, 19, 13, 71, 4]",88.31,0.3504637737572193,1458.5823485851288,11.09,7223.730000000044
653,"[21, 55, 26, 96, 5, 76, 43, 52, 28, 97]",88.86,0.3391419000923633,1460.608739376068,11.34,7235.070000000044
654,"[58, 59, 96, 81, 48, 25, 39, 15, 50, 67]",88.86,0.3405676200985909,1462.5628082752228,12.1,7247.170000000045
655,"[48, 2, 30, 56, 92, 91, 85, 86, 70, 57]",88.75,0.3396081957221031,1464.4522511959076,12.1,7259.270000000045
656,"[69, 2, 11, 60, 48, 61, 79, 50, 23, 21]",89.13,0.3337133230268955,1467.0060329437256,12.1,7271.370000000045
657,"[92, 48, 76, 81, 45, 14, 55, 67, 88, 58]",88.28,0.3573382167518139,1468.839138031006,12.1,7283.470000000046
658,"[26, 60, 81, 96, 48, 2, 15, 77, 0, 76]",89.23,0.3274306793510914,1470.7799625396729,12.1,7295.570000000046
659,"[30, 5, 72, 15, 21, 18, 3, 41, 34, 43]",88.69,0.3421000511944294,1472.8623020648956,11.19,7306.760000000046
660,"[11, 48, 58, 96, 56, 83, 71, 36, 80, 91]",89.13,0.3286676563322544,1474.7786211967468,12.1,7318.860000000046
661,"[2, 60, 58, 5, 12, 43, 0, 47, 98, 89]",89.13,0.3381726868450642,1477.074633359909,10.86,7329.720000000046
662,"[21, 60, 18, 72, 24, 61, 71, 31, 55, 94]",89.15,0.3289201937615871,1479.293612241745,11.29,7341.010000000046
663,"[96, 48, 24, 4, 55, 92, 25, 21, 73, 29]",88.59,0.3393607893586158,1481.2643060684204,12.1,7353.110000000046
664,"[19, 12, 96, 55, 2, 10, 39, 48, 75, 24]",89.1,0.335143134444952,1483.444341659546,12.1,7365.210000000046
665,"[5, 60, 59, 11, 30, 34, 43, 22, 0, 92]",89.01,0.334316416233778,1485.5221681594849,9.23,7374.440000000046
666,"[5, 81, 48, 69, 2, 18, 25, 57, 97, 20]",87.67,0.3620215444266796,1487.7154383659365,12.1,7386.540000000046
667,"[20, 11, 18, 15, 24, 58, 41, 1, 22, 88]",88.5,0.3497273232042789,1489.6391251087189,11.19,7397.730000000046
668,"[60, 24, 2, 5, 92, 66, 27, 76, 38, 74]",88.11,0.355141514390707,1491.7278513908386,9.03,7406.760000000046
669,"[12, 30, 15, 19, 81, 16, 59, 73, 13, 45]",88.51,0.3527679760754108,1493.508180141449,11.71,7418.470000000046
670,"[4, 19, 92, 26, 58, 70, 54, 22, 71, 77]",88.75,0.341940886080265,1495.663449048996,11.13,7429.600000000046
671,"[27, 12, 58, 48, 92, 87, 9, 32, 57, 94]",89.08,0.3350620919466018,1497.771517276764,12.1,7441.700000000046
672,"[60, 30, 92, 96, 24, 71, 73, 35, 76, 98]",89.14,0.3351875080168247,1499.780881881714,11.09,7452.790000000046
673,"[58, 48, 92, 26, 72, 50, 28, 97, 93, 67]",88.71,0.3457409188151359,1501.733013868332,12.1,7464.890000000047
674,"[55, 58, 23, 32, 59, 17, 37, 20, 15, 48]",88.92,0.3421611152589321,1503.7708415985107,12.1,7476.990000000047
675,"[24, 55, 96, 4, 26, 92, 93, 82, 72, 22]",89.21,0.3285492388904095,1505.8288788795471,11.13,7488.120000000047
676,"[5, 30, 4, 26, 27, 16, 59, 96, 90, 8]",88.47,0.3413661432266235,1507.7472817897797,11.13,7499.250000000047
677,"[59, 11, 56, 20, 53, 99, 51, 87, 70, 49]",88.78,0.3302986015379429,1509.568328142166,11.1,7510.350000000048
678,"[56, 19, 96, 69, 21, 25, 88, 90, 59, 10]",89.03,0.3268357309699058,1511.743539810181,11.1,7521.450000000048
679,"[27, 60, 37, 56, 69, 0, 84, 12, 79, 38]",89.0,0.3317000643163919,1513.9417419433594,11.1,7532.550000000048
680,"[60, 23, 81, 20, 92, 69, 12, 47, 35, 14]",88.66,0.3536363995075225,1516.014531135559,10.86,7543.410000000048
681,"[21, 48, 5, 58, 96, 16, 79, 35, 41, 39]",87.1,0.3792322343587875,1518.073311805725,12.1,7555.510000000048
682,"[30, 72, 48, 59, 96, 28, 9, 73, 76, 68]",88.9,0.3402896296977997,1520.1823863983154,12.1,7567.610000000049
683,"[56, 24, 69, 4, 27, 80, 91, 21, 65, 30]",89.51,0.325763633698225,1522.3937327861786,11.1,7578.710000000049
684,"[30, 48, 11, 58, 15, 79, 73, 9, 44, 82]",89.02,0.3383908849954605,1524.351689577103,12.1,7590.8100000000495
685,"[11, 24, 58, 4, 30, 81, 26, 79, 32, 73]",88.63,0.3384594073891639,1526.4648144245148,11.13,7601.94000000005
686,"[69, 21, 24, 55, 19, 13, 39, 98, 90, 74]",89.17,0.3320222038030624,1528.3531403541565,9.94,7611.880000000049
687,"[55, 92, 5, 24, 59, 25, 70, 1, 33, 72]",89.02,0.3334184242784977,1530.622844696045,10.78,7622.660000000049
688,"[21, 59, 69, 24, 4, 39, 68, 93, 84, 41]",88.91,0.3316066132485866,1532.6791031360626,11.19,7633.850000000049
689,"[58, 32, 2, 15, 27, 13, 1, 88, 56, 91]",88.3,0.3598020046949386,1534.6697199344635,11.1,7644.950000000049
690,"[69, 32, 12, 55, 24, 38, 25, 54, 76, 83]",89.17,0.3337811435014009,1536.5616221427915,8.83,7653.780000000049
691,"[4, 21, 55, 96, 32, 34, 65, 16, 97, 94]",88.97,0.3412847879528999,1538.6451930999756,8.72,7662.500000000049
692,"[26, 72, 23, 21, 19, 93, 27, 53, 17, 4]",89.12,0.3375837832689285,1540.7335164546969,11.13,7673.630000000049
693,"[23, 12, 24, 2, 4, 77, 49, 85, 60, 17]",89.21,0.3311311662197113,1543.1471600532532,10.58,7684.210000000049
694,"[30, 55, 21, 26, 4, 14, 35, 57, 94, 20]",89.14,0.3330269134044647,1545.1521508693695,11.13,7695.340000000049
695,"[19, 21, 72, 2, 96, 13, 68, 33, 57, 86]",87.26,0.3843219749629497,1547.2086505889893,10.78,7706.120000000049
696,"[15, 58, 19, 56, 21, 95, 51, 98, 16, 70]",89.28,0.3335925585031509,1549.618156194687,11.1,7717.220000000049
697,"[5, 56, 30, 2, 21, 77, 7, 69, 70, 72]",87.33,0.3746381574869156,1552.1704404354095,11.1,7728.32000000005
698,"[69, 53, 5, 96, 24, 99, 32, 42, 63, 43]",88.68,0.3334987141191959,1553.908706188202,11.18,7739.50000000005
699,"[72, 56, 32, 15, 96, 10, 12, 62, 33, 2]",88.92,0.341654162555933,1556.2376961708069,11.1,7750.60000000005
700,"[69, 5, 24, 96, 30, 21, 92, 60, 66, 31]",89.08,0.3429193824529647,1558.3454103469849,9.18,7759.780000000051
701,"[69, 24, 21, 96, 5, 43, 75, 14, 25, 29]",89.03,0.3422340425103903,1560.480885028839,8.72,7768.500000000051
702,"[15, 30, 60, 92, 32, 39, 50, 9, 78, 88]",89.28,0.3357490330934524,1562.573904752731,9.18,7777.680000000051
703,"[19, 4, 30, 15, 60, 11, 71, 61, 85, 8]",89.33,0.3342182467132806,1564.3331735134125,11.29,7788.970000000051
704,"[96, 55, 5, 11, 4, 66, 65, 24, 27, 17]",89.1,0.3341151495277881,1566.2481157779694,9.3,7798.270000000051
705,"[69, 21, 96, 2, 19, 34, 61, 44, 92, 43]",88.84,0.3392424136400223,1568.4813907146454,11.29,7809.560000000051
706,"[2, 27, 92, 21, 5, 40, 64, 50, 73, 43]",87.93,0.3597353954613209,1570.5044567584991,11.38,7820.940000000051
707,"[55, 81, 19, 92, 21, 77, 57, 72, 52, 53]",88.92,0.3368327805399895,1572.6905179023745,10.78,7831.720000000051
708,"[69, 96, 56, 5, 19, 93, 45, 47, 57, 79]",89.07,0.3342934145033359,1574.7053716182709,11.71,7843.430000000051
709,"[96, 53, 58, 55, 81, 71, 39, 90, 85, 34]",89.14,0.3287460032105446,1576.5939390659332,11.09,7854.520000000051
710,"[96, 92, 21, 69, 5, 35, 52, 31, 29, 54]",88.69,0.3506406368315219,1578.4903240203855,10.11,7864.630000000051
711,"[32, 69, 4, 21, 56, 28, 26, 51, 53, 22]",88.79,0.3454787357151508,1580.4413158893583,11.34,7875.970000000051
712,"[24, 12, 21, 60, 72, 2, 39, 82, 66, 94]",88.46,0.3499612294137478,1582.6658012866974,10.78,7886.750000000051
713,"[27, 21, 11, 81, 72, 57, 14, 25, 6, 10]",87.71,0.3736911505460739,1584.7157835960388,10.78,7897.530000000051
714,"[21, 55, 96, 92, 58, 12, 53, 8, 19, 47]",89.27,0.3423154981434345,1586.626035451889,10.86,7908.39000000005
715,"[56, 53, 32, 96, 2, 22, 5, 89, 7, 95]",88.07,0.3606537143886089,1588.7163124084473,11.1,7919.490000000051
716,"[92, 24, 58, 30, 4, 0, 43, 79, 9, 70]",89.4,0.3271809723228216,1590.7002551555634,10.63,7930.120000000051
717,"[45, 32, 26, 69, 11, 48, 9, 16, 93, 7]",88.87,0.3350059166550636,1592.6018233299255,12.1,7942.220000000051
718,"[58, 5, 56, 26, 55, 35, 98, 1, 83, 69]",89.1,0.3337971793115139,1594.654319524765,11.13,7953.350000000051
719,"[58, 55, 60, 96, 92, 30, 82, 48, 16, 52]",89.39,0.3306817830353975,1596.9092636108398,12.1,7965.450000000052
720,"[55, 30, 69, 53, 21, 89, 85, 61, 25, 72]",88.99,0.3478118646144867,1598.8182036876678,11.29,7976.740000000052
721,"[72, 11, 69, 30, 81, 58, 1, 2, 83, 34]",87.84,0.3764275838434696,1600.8397138118744,10.78,7987.520000000051
722,"[30, 58, 4, 53, 96, 93, 15, 39, 88, 1]",88.54,0.3526560276746749,1602.7735285758972,9.18,7996.700000000052
723,"[2, 4, 58, 19, 21, 3, 96, 53, 99, 50]",88.22,0.3576643355190754,1604.750564813614,10.1,8006.800000000052
724,"[53, 11, 5, 15, 60, 93, 62, 26, 36, 48]",88.83,0.3381315104663372,1606.6579089164734,12.1,8018.900000000052
725,"[60, 58, 21, 59, 30, 9, 4, 51, 81, 72]",88.68,0.3474722629785537,1608.9265706539154,10.78,8029.680000000052
726,"[69, 81, 21, 58, 30, 55, 22, 13, 76, 6]",89.06,0.3388599264621734,1610.937906742096,9.18,8038.860000000052
727,"[5, 21, 58, 12, 24, 18, 95, 96, 75, 62]",89.03,0.3393315123021602,1613.3753817081451,8.72,8047.580000000053
728,"[58, 18, 56, 92, 72, 60, 98, 59, 40, 73]",88.95,0.3485347293317318,1615.685302734375,11.1,8058.680000000053
729,"[45, 19, 5, 18, 30, 14, 50, 84, 76, 6]",88.25,0.3614823147654533,1617.446801185608,11.71,8070.390000000053
730,"[81, 56, 55, 59, 40, 49, 54, 50, 92, 48]",88.4,0.3701234871149063,1619.6144301891327,12.1,8082.490000000053
731,"[56, 53, 96, 2, 27, 40, 55, 48, 43, 14]",88.59,0.3433666884899139,1621.6747221946716,12.1,8094.590000000054
732,"[92, 59, 96, 48, 53, 24, 36, 77, 74, 25]",89.16,0.3282805346697569,1623.8338568210602,12.1,8106.690000000054
733,"[59, 92, 76, 5, 24, 54, 70, 55, 69, 7]",89.04,0.3386356005072594,1625.788922071457,8.96,8115.650000000054
734,"[19, 12, 32, 24, 4, 48, 46, 85, 58, 37]",89.23,0.3309464593976736,1627.911630153656,12.1,8127.750000000055
735,"[2, 69, 48, 26, 5, 28, 4, 61, 37, 64]",88.22,0.3529062154889106,1630.0219695568085,12.1,8139.850000000055
736,"[30, 60, 92, 26, 32, 88, 40, 1, 67, 6]",89.1,0.3393941847980022,1631.834328174591,11.13,8150.980000000055
737,"[58, 96, 5, 21, 4, 61, 84, 75, 48, 8]",88.95,0.3385740126669407,1634.1535141468048,12.1,8163.080000000055
738,"[5, 18, 96, 26, 69, 86, 85, 71, 74, 21]",88.62,0.3504458597302436,1636.177695274353,11.13,8174.2100000000555
739,"[24, 0, 48, 72, 19, 37, 75, 35, 87, 81]",88.68,0.338924064040184,1638.2339251041412,12.1,8186.310000000056
740,"[27, 53, 21, 69, 11, 2, 26, 3, 61, 16]",88.13,0.3609230534732341,1640.263691186905,11.29,8197.600000000057
741,"[55, 15, 37, 32, 48, 59, 35, 88, 41, 39]",88.8,0.3424173772335052,1642.2837855815887,12.1,8209.700000000057
742,"[12, 5, 18, 21, 55, 66, 77, 57, 53, 80]",89.32,0.3274829316139221,1644.018994808197,10.04,8219.740000000058
743,"[24, 72, 96, 37, 18, 50, 0, 39, 34, 35]",88.21,0.3548560988903045,1645.661871433258,10.78,8230.520000000059
744,"[23, 96, 56, 11, 5, 72, 37, 62, 44, 3]",88.93,0.3364236335456371,1647.8254346847534,11.1,8241.620000000059
745,"[21, 92, 27, 15, 26, 74, 38, 64, 28, 24]",89.37,0.3323475009202957,1650.0069913864136,11.38,8253.000000000058
746,"[21, 59, 30, 81, 2, 19, 11, 91, 97, 29]",87.39,0.3871206687390804,1652.1646139621737,9.94,8262.940000000059
747,"[19, 56, 60, 21, 81, 26, 46, 72, 54, 6]",88.6,0.3496332332491875,1654.1255404949188,11.13,8274.070000000058
748,"[30, 58, 2, 60, 72, 65, 80, 87, 29, 56]",88.65,0.3560434159636497,1656.6187484264374,11.1,8285.170000000058
749,"[58, 92, 24, 11, 15, 17, 63, 25, 97, 3]",89.4,0.3287273147702217,1658.5008928775787,10.1,8295.270000000059
750,"[2, 32, 12, 59, 69, 66, 48, 27, 43, 9]",89.03,0.3380678924173116,1660.7690942287445,12.1,8307.370000000059
751,"[96, 56, 2, 5, 55, 0, 86, 60, 24, 9]",88.1,0.358015069514513,1663.1633887290957,11.1,8318.47000000006
752,"[56, 21, 30, 59, 60, 28, 1, 34, 43, 87]",89.44,0.3301535950601101,1665.4077217578888,11.34,8329.81000000006
753,"[18, 72, 55, 96, 19, 16, 29, 93, 30, 26]",89.01,0.3362447607517242,1667.3946990966797,11.13,8340.940000000059
754,"[60, 24, 21, 72, 27, 44, 7, 86, 90, 94]",88.4,0.3502708564698696,1669.280080795288,10.78,8351.72000000006
755,"[55, 60, 18, 48, 21, 37, 78, 49, 92, 20]",89.07,0.3326660378277302,1671.1626160144806,12.1,8363.82000000006
756,"[55, 60, 15, 11, 48, 53, 90, 28, 44, 64]",88.98,0.337223706394434,1672.9614608287811,12.1,8375.92000000006
757,"[48, 19, 15, 20, 55, 29, 53, 37, 81, 61]",87.71,0.362072025090456,1675.0609469413755,12.1,8388.02000000006
758,"[20, 18, 81, 53, 92, 88, 42, 47, 91, 56]",88.95,0.3335040792822837,1677.0047852993011,11.18,8399.20000000006
759,"[69, 55, 92, 58, 18, 88, 54, 68, 61, 79]",88.63,0.3601588332653045,1678.939768075943,11.29,8410.490000000062
760,"[69, 30, 56, 12, 27, 71, 62, 51, 32, 5]",88.86,0.3433201763033867,1681.4924409389496,11.1,8421.590000000062
761,"[20, 55, 58, 72, 19, 41, 85, 81, 23, 94]",88.67,0.3567032697796821,1683.48645734787,11.19,8432.780000000063
762,"[19, 59, 23, 37, 56, 40, 82, 47, 58, 86]",89.57,0.3313260008394718,1685.6039862632751,11.1,8443.880000000063
763,"[19, 32, 4, 23, 69, 50, 75, 78, 2, 9]",89.47,0.3295894038677215,1688.0008437633514,9.94,8453.820000000063
764,"[58, 21, 96, 2, 92, 3, 57, 97, 40, 52]",89.02,0.339851200133562,1690.8649189472198,10.93,8464.750000000064
765,"[26, 30, 81, 58, 24, 0, 3, 40, 23, 12]",89.21,0.3473896367847919,1693.159529685974,11.13,8475.880000000063
766,"[58, 21, 96, 26, 69, 45, 38, 11, 89, 24]",89.47,0.3286339309066534,1695.3694491386414,11.71,8487.590000000062
767,"[2, 24, 30, 4, 59, 76, 20, 10, 16, 77]",87.8,0.3663096903264523,1697.4570775032043,9.18,8496.770000000062
768,"[92, 23, 26, 81, 32, 48, 44, 36, 56, 61]",88.84,0.3681396332383155,1699.9317436218262,12.1,8508.870000000063
769,"[4, 30, 24, 21, 32, 2, 9, 80, 85, 44]",88.66,0.3416425818949938,1702.3989124298096,10.04,8518.910000000064
770,"[12, 96, 23, 81, 24, 13, 33, 41, 92, 22]",88.84,0.3626433254778385,1704.4492053985596,11.19,8530.100000000064
771,"[45, 12, 96, 59, 5, 48, 19, 81, 7, 95]",89.04,0.3384592559188604,1706.3181030750277,12.1,8542.200000000064
772,"[4, 21, 32, 48, 69, 49, 50, 61, 47, 71]",89.24,0.3385616977512836,1708.4129195213318,12.1,8554.300000000065
773,"[59, 21, 58, 32, 45, 25, 20, 19, 75, 72]",89.2,0.3412174853682518,1710.5820224285126,11.71,8566.010000000064
774,"[26, 96, 24, 21, 30, 74, 12, 75, 62, 66]",89.54,0.3361634619534016,1712.5554077625277,11.13,8577.140000000063
775,"[5, 72, 96, 30, 76, 74, 48, 73, 16, 44]",88.76,0.3439524656534194,1714.6812846660614,12.1,8589.240000000063
776,"[69, 5, 24, 30, 26, 95, 72, 33, 54, 66]",88.84,0.3484218552708625,1716.916735649109,11.13,8600.370000000063
777,"[5, 48, 26, 72, 58, 99, 20, 92, 8, 41]",88.56,0.3587251337617635,1718.8295149803162,12.1,8612.470000000063
778,"[96, 58, 45, 69, 55, 15, 27, 26, 33, 47]",89.12,0.3412360739707947,1720.9319105148315,11.71,8624.180000000062
779,"[55, 58, 59, 81, 48, 4, 44, 31, 62, 84]",88.96,0.3389775589108467,1723.0689179897308,12.1,8636.280000000063
780,"[24, 69, 76, 92, 21, 65, 82, 38, 10, 44]",89.13,0.3479720206558704,1725.0036935806274,8.96,8645.240000000062
781,"[2, 15, 45, 59, 23, 88, 58, 99, 17, 72]",89.07,0.3480618079006672,1727.3844277858734,11.71,8656.95000000006
782,"[26, 2, 18, 55, 23, 59, 25, 69, 77, 54]",89.57,0.3376470823585987,1729.7177259922028,11.13,8668.08000000006
783,"[45, 15, 5, 24, 21, 1, 9, 53, 44, 37]",88.97,0.3346000643074512,1731.907353639603,11.71,8679.790000000059
784,"[37, 18, 26, 24, 85, 79, 91, 42, 66, 38]",88.04,0.3561078419536352,1733.6912343502045,11.18,8690.97000000006
785,"[18, 11, 60, 69, 27, 7, 44, 74, 21, 63]",88.88,0.3450415001809597,1735.8754708766935,8.45,8699.42000000006
786,"[21, 20, 55, 11, 92, 68, 0, 90, 28, 82]",89.49,0.3290274418890476,1737.715978860855,11.34,8710.76000000006
787,"[92, 20, 76, 21, 30, 97, 39, 70, 31, 60]",89.59,0.3287346874922514,1739.626552581787,9.18,8719.94000000006
788,"[81, 18, 60, 58, 69, 49, 63, 92, 97, 37]",89.22,0.3304824744164943,1741.6236543655396,10.58,8730.52000000006
789,"[51, 37, 30, 2, 11, 63, 98, 95, 62, 66]",86.64,0.4035311874747276,1743.5650644302368,9.18,8739.70000000006
790,"[60, 92, 55, 45, 27, 72, 32, 68, 75, 3]",88.85,0.3553958716988563,1745.5670504570007,11.71,8751.41000000006
791,"[48, 60, 53, 21, 5, 0, 27, 81, 26, 39]",88.88,0.3341133624315262,1747.5699770450592,12.1,8763.51000000006
792,"[24, 5, 96, 48, 56, 41, 6, 92, 44, 35]",88.8,0.3471665735542774,1749.6058995723724,12.1,8775.61000000006
793,"[23, 2, 81, 31, 76, 54, 84, 21, 47, 11]",89.86,0.3278249840438366,1751.88791847229,10.86,8786.470000000061
794,"[2, 76, 4, 26, 15, 39, 12, 27, 14, 29]",89.57,0.3345671987533569,1754.470903635025,11.13,8797.60000000006
795,"[45, 96, 26, 69, 56, 39, 21, 9, 81, 38]",89.07,0.3399697695672512,1756.2503881454468,11.71,8809.31000000006
796,"[72, 20, 31, 21, 48, 1, 95, 24, 76, 56]",89.22,0.3361924786865711,1758.401160955429,12.1,8821.41000000006
797,"[30, 24, 69, 58, 81, 5, 57, 80, 87, 88]",89.49,0.3298898849636316,1760.535194158554,10.04,8831.45000000006
798,"[5, 23, 4, 58, 30, 70, 7, 60, 57, 77]",89.66,0.3309460373222828,1762.578813791275,9.18,8840.630000000061
799,"[69, 30, 12, 58, 5, 26, 20, 54, 38, 17]",89.14,0.351017275005579,1764.4302008152008,11.13,8851.76000000006
800,"[19, 69, 55, 31, 11, 45, 10, 26, 44, 84]",89.4,0.3290331409871578,1766.212905168533,11.71,8863.47000000006
801,"[81, 5, 32, 30, 85, 2, 48, 13, 12, 6]",88.94,0.3408005531132221,1768.4682745933533,12.1,8875.57000000006
802,"[24, 12, 59, 5, 69, 92, 72, 27, 75, 57]",88.9,0.3566749769449234,1770.965586900711,10.78,8886.35000000006
803,"[4, 72, 92, 69, 56, 41, 95, 36, 9, 82]",88.56,0.3660711865127086,1772.9254715442655,11.19,8897.54000000006
804,"[25, 56, 53, 72, 26, 65, 97, 48, 6, 22]",89.28,0.3408800891041755,1774.8582017421722,12.1,8909.640000000061
805,"[81, 15, 4, 69, 2, 46, 77, 73, 71, 57]",89.25,0.3353744126111269,1777.071041584015,11.09,8920.730000000061
806,"[21, 55, 96, 18, 53, 93, 6, 99, 27, 60]",89.3,0.3299971485137939,1778.9726948738098,8.72,8929.45000000006
807,"[55, 11, 15, 19, 48, 44, 64, 6, 81, 35]",88.4,0.3593077227473259,1781.0806279182434,12.1,8941.550000000061
808,"[27, 92, 21, 96, 5, 35, 97, 62, 50, 20]",88.69,0.3501317867636681,1783.3771278858185,8.96,8950.51000000006
809,"[20, 56, 11, 96, 69, 28, 24, 8, 80, 22]",88.99,0.3406660486757755,1785.6707599163055,11.34,8961.85000000006
810,"[15, 18, 81, 4, 92, 13, 62, 42, 95, 71]",89.42,0.3286606411635875,1787.5215764045715,11.18,8973.03000000006
811,"[92, 58, 19, 81, 24, 57, 77, 49, 94, 80]",89.28,0.3360643020272255,1789.415223121643,10.58,8983.61000000006
812,"[69, 15, 26, 96, 58, 52, 84, 66, 94, 9]",89.53,0.3336710879206657,1791.7820136547089,11.13,8994.74000000006
813,"[51, 24, 69, 21, 53, 34, 32, 39, 80, 5]",89.48,0.3286011134088039,1793.8215985298157,10.04,9004.78000000006
814,"[4, 32, 55, 96, 21, 23, 95, 38, 74, 28]",89.38,0.3449971125274896,1795.830711364746,11.34,9016.12000000006
815,"[65, 23, 55, 52, 96, 73, 36, 18, 12, 85]",89.36,0.3461224263161421,1797.91747713089,10.55,9026.67000000006
816,"[96, 53, 30, 24, 60, 82, 54, 55, 19, 99]",89.07,0.3420010827481746,1800.268613576889,9.94,9036.61000000006
817,"[56, 27, 2, 69, 52, 41, 73, 82, 18, 89]",88.16,0.3645174276828766,1802.290570020676,11.19,9047.800000000061
818,"[30, 53, 26, 56, 21, 10, 58, 50, 24, 9]",88.88,0.3408718582987785,1804.3642542362213,11.13,9058.93000000006
819,"[96, 53, 18, 92, 5, 13, 79, 10, 61, 81]",88.79,0.3423836655914783,1806.6466789245603,11.29,9070.220000000061
820,"[32, 45, 21, 92, 4, 29, 97, 7, 81, 54]",88.9,0.3583620323240757,1808.7245326042173,11.71,9081.93000000006
821,"[32, 30, 69, 56, 60, 42, 92, 20, 18, 45]",89.2,0.3498076359927654,1810.84858250618,11.71,9093.64000000006
822,"[30, 56, 60, 24, 4, 44, 1, 63, 11, 61]",89.1,0.3334915827214718,1812.7613894939425,11.29,9104.93000000006
823,"[4, 59, 18, 69, 45, 87, 42, 66, 73, 49]",89.34,0.3291526570916175,1814.533109664917,11.71,9116.64000000006
824,"[5, 19, 58, 81, 24, 69, 1, 41, 6, 7]",89.38,0.3347735964506864,1816.3735382556915,11.19,9127.83000000006
825,"[51, 45, 32, 69, 58, 63, 98, 97, 64, 60]",89.46,0.3287481839954853,1818.2023499011996,11.71,9139.540000000059
826,"[32, 45, 25, 26, 59, 48, 42, 89, 72, 85]",89.24,0.3361985302716493,1820.451927661896,12.1,9151.64000000006
827,"[69, 4, 85, 11, 56, 32, 87, 59, 27, 7]",89.24,0.3384824849665165,1822.4606585502625,11.1,9162.74000000006
828,"[5, 21, 12, 63, 58, 19, 57, 22, 82, 85]",89.63,0.33112901866436,1824.603501558304,9.94,9172.68000000006
829,"[92, 51, 55, 5, 58, 91, 28, 63, 43, 59]",89.2,0.3352838463336229,1826.637044906616,11.34,9184.02000000006
830,"[20, 18, 32, 24, 96, 25, 28, 1, 34, 66]",89.02,0.3381398886442184,1828.339153766632,11.34,9195.36000000006
831,"[96, 11, 26, 72, 2, 94, 99, 74, 89, 50]",87.85,0.3772497659921646,1830.196659564972,11.13,9206.49000000006
832,"[18, 96, 12, 48, 58, 37, 92, 9, 14, 83]",89.61,0.3319288226962089,1832.411285161972,12.1,9218.59000000006
833,"[81, 69, 51, 2, 92, 91, 7, 22, 68, 71]",88.81,0.3506112165749073,1834.3096578121183,11.09,9229.68000000006
834,"[58, 4, 96, 69, 55, 79, 94, 24, 52, 33]",89.62,0.3275018203258514,1836.3827893733976,10.63,9240.31000000006
835,"[76, 56, 25, 58, 72, 36, 98, 33, 29, 16]",89.05,0.3493985917419195,1838.292784690857,11.1,9251.41000000006
836,"[27, 30, 23, 96, 69, 24, 95, 34, 92, 21]",89.45,0.3400252504646778,1840.451340675354,9.18,9260.59000000006
837,"[92, 51, 60, 19, 4, 17, 26, 10, 31, 70]",89.37,0.342672228962183,1842.6708099842072,11.13,9271.72000000006
838,"[24, 96, 56, 72, 27, 23, 39, 21, 6, 77]",89.49,0.3364723543822765,1845.35000705719,11.1,9282.82000000006
839,"[12, 51, 18, 69, 56, 31, 76, 63, 47, 25]",89.06,0.3506408157944679,1847.278112411499,11.1,9293.92000000006
840,"[23, 4, 21, 92, 5, 51, 33, 77, 24, 59]",89.66,0.3350787480920553,1849.635135412216,8.96,9302.88000000006
841,"[24, 27, 59, 92, 55, 46, 84, 0, 86, 91]",89.72,0.3255150857567787,1851.3828864097595,9.23,9312.110000000059
842,"[21, 31, 53, 92, 23, 77, 73, 85, 51, 42]",89.49,0.3388406477123499,1853.2951431274412,11.18,9323.290000000059
843,"[21, 0, 92, 56, 69, 22, 82, 51, 53, 2]",89.04,0.3451025722920894,1855.7943637371063,11.1,9334.39000000006
844,"[37, 31, 53, 96, 12, 20, 44, 51, 18, 59]",89.04,0.3348722414672375,1857.7939004898071,8.72,9343.110000000059
845,"[92, 59, 18, 19, 24, 62, 3, 11, 41, 67]",89.68,0.3230700002610683,1859.8637487888336,11.19,9354.30000000006
846,"[26, 2, 60, 92, 24, 89, 45, 5, 96, 48]",88.65,0.3466603571176529,1862.218915462494,12.1,9366.40000000006
847,"[59, 53, 69, 26, 12, 37, 42, 75, 28, 33]",89.16,0.3516177819669246,1863.9515159130096,11.34,9377.74000000006
848,"[12, 4, 60, 76, 26, 67, 34, 30, 95, 71]",89.0,0.3575478594005108,1865.7103834152224,11.13,9388.870000000059
849,"[69, 48, 58, 60, 59, 41, 20, 81, 24, 80]",89.57,0.3304509143531322,1867.7875938415527,12.1,9400.97000000006
850,"[51, 20, 24, 4, 21, 30, 34, 77, 57, 66]",89.33,0.3348176078498363,1869.4742958545685,9.18,9410.15000000006
851,"[24, 2, 21, 19, 23, 81, 76, 70, 29, 97]",89.6,0.3363656067848206,1871.541778802872,9.94,9420.09000000006
852,"[27, 55, 96, 4, 30, 60, 68, 10, 13, 61]",89.04,0.3422233835607767,1873.4008347988129,11.29,9431.380000000061
853,"[69, 52, 81, 96, 11, 86, 63, 82, 13, 79]",89.4,0.3304499933123588,1875.293458223343,10.63,9442.01000000006
854,"[55, 59, 4, 30, 48, 80, 97, 84, 46, 87]",88.77,0.357448715120554,1877.1808927059171,12.1,9454.11000000006
855,"[59, 5, 20, 51, 11, 94, 66, 0, 27, 65]",88.78,0.3473371520638466,1879.1748836040497,9.23,9463.34000000006
856,"[92, 52, 11, 60, 85, 73, 57, 8, 49, 42]",89.6,0.3305795890092849,1881.3290963172915,11.18,9474.52000000006
857,"[19, 60, 21, 81, 20, 95, 63, 1, 80, 37]",88.53,0.350685606598854,1883.7004961967468,10.04,9484.560000000061
858,"[53, 24, 5, 55, 48, 81, 78, 64, 57, 10]",88.65,0.3522639778256416,1885.6197671890257,12.1,9496.660000000062
859,"[23, 19, 69, 21, 92, 40, 20, 26, 9, 87]",89.32,0.3476325536519289,1887.8089594841003,11.13,9507.79000000006
860,"[72, 69, 26, 30, 45, 16, 93, 87, 65, 95]",88.96,0.3529159498959779,1889.4935512542725,11.71,9519.50000000006
861,"[96, 63, 72, 55, 5, 28, 70, 54, 38, 43]",89.37,0.3331943748891353,1891.457086801529,11.34,9530.84000000006
862,"[24, 58, 85, 65, 60, 19, 44, 17, 61, 66]",89.7,0.3293440781533718,1893.3114609718325,11.29,9542.130000000061
863,"[19, 60, 31, 56, 23, 28, 51, 54, 16, 92]",89.27,0.3597593808174133,1895.320897579193,11.34,9553.470000000061
864,"[45, 24, 21, 81, 31, 83, 42, 79, 18, 30]",89.46,0.3348788334429264,1897.2687816619875,11.71,9565.18000000006
865,"[92, 27, 69, 53, 18, 91, 12, 29, 67, 49]",88.97,0.3577411440014839,1899.213879585266,10.58,9575.76000000006
866,"[24, 4, 53, 59, 19, 71, 81, 90, 58, 75]",89.74,0.3256258991360664,1901.2831995487213,11.09,9586.85000000006
867,"[59, 12, 52, 4, 2, 88, 37, 64, 41, 24]",89.27,0.3377588104456663,1903.3192794322968,11.38,9598.23000000006
868,"[69, 21, 19, 53, 51, 7, 47, 55, 32, 26]",89.61,0.3276412886381149,1905.2324888706207,11.13,9609.360000000059
869,"[4, 12, 30, 27, 69, 3, 94, 88, 28, 33]",89.2,0.3472786737978458,1907.001317024231,11.34,9620.700000000059
870,"[56, 24, 20, 5, 2, 87, 65, 75, 40, 99]",88.85,0.3395975933969021,1909.452367067337,11.1,9631.80000000006
871,"[4, 96, 24, 72, 18, 32, 77, 29, 28, 84]",88.93,0.3409074500203132,1911.4421005249023,11.34,9643.14000000006
872,"[15, 20, 63, 32, 72, 24, 84, 22, 59, 62]",89.47,0.3370457524061203,1913.556567430496,10.78,9653.92000000006
873,"[12, 19, 40, 30, 23, 25, 86, 92, 96, 58]",89.25,0.3629807431995868,1915.7276151180267,10.93,9664.85000000006
874,"[4, 21, 58, 92, 40, 19, 11, 85, 34, 73]",89.4,0.3370835337042808,1918.676399230957,10.93,9675.78000000006
875,"[31, 24, 37, 0, 20, 78, 56, 79, 58, 49]",89.54,0.3247837617993355,1920.955977678299,11.1,9686.880000000061
876,"[55, 5, 24, 51, 56, 52, 34, 36, 50, 18]",88.96,0.3432993802428246,1922.8387496471405,11.1,9697.980000000061
877,"[40, 18, 30, 59, 58, 95, 50, 65, 73, 8]",89.15,0.34186479203403,1924.874871969223,10.93,9708.910000000062
878,"[23, 53, 11, 81, 59, 20, 65, 97, 47, 63]",89.47,0.3383342064917087,1927.182091474533,10.86,9719.770000000062
879,"[72, 55, 24, 63, 18, 53, 43, 29, 77, 45]",89.27,0.3338325022161006,1929.1105020046236,11.71,9731.480000000061
880,"[20, 72, 76, 21, 24, 22, 75, 10, 59, 29]",89.68,0.3278949350118637,1931.1853959560397,10.78,9742.260000000062
881,"[37, 27, 69, 26, 25, 17, 44, 74, 3, 63]",88.91,0.3396095599234104,1933.1591398715973,11.13,9753.390000000061
882,"[60, 55, 26, 5, 4, 23, 19, 36, 66, 12]",89.1,0.3578074134141207,1935.3208992481232,11.13,9764.52000000006
883,"[19, 0, 27, 63, 60, 91, 69, 64, 34, 67]",89.51,0.3237662184983492,1937.0366961956024,11.38,9775.90000000006
884,"[37, 56, 18, 19, 81, 59, 48, 67, 60, 40]",89.2,0.3311283293366432,1938.9164607524872,12.1,9788.00000000006
885,"[53, 96, 92, 21, 12, 39, 67, 51, 86, 57]",89.63,0.3308866523206234,1940.9031021595,8.96,9796.96000000006
886,"[56, 48, 69, 96, 24, 54, 44, 28, 32, 37]",88.93,0.3493714609742164,1943.4716913700104,12.1,9809.06000000006
887,"[96, 18, 21, 59, 11, 83, 47, 13, 10, 89]",89.46,0.3315174350142479,1945.6827855110168,10.86,9819.92000000006
888,"[92, 53, 55, 0, 5, 15, 94, 58, 85, 64]",89.34,0.3427128040045499,1947.6820394992828,11.38,9831.30000000006
889,"[55, 53, 15, 4, 48, 30, 62, 87, 21, 90]",88.78,0.3510595091432333,1949.986887216568,12.1,9843.40000000006
890,"[92, 52, 63, 24, 30, 64, 46, 6, 4, 17]",89.27,0.3386045414209366,1952.02308511734,11.38,9854.780000000059
891,"[15, 30, 5, 27, 92, 32, 91, 21, 72, 29]",88.95,0.352862489670515,1954.2236545085907,10.78,9865.56000000006
892,"[11, 24, 96, 69, 92, 7, 71, 8, 21, 79]",89.24,0.3551464035362005,1956.2653930187223,11.09,9876.65000000006
893,"[23, 56, 48, 59, 81, 73, 44, 89, 69, 28]",89.24,0.3497632413357496,1958.171518564224,12.1,9888.75000000006
894,"[45, 69, 85, 52, 21, 44, 37, 16, 19, 38]",89.3,0.3368518250435591,1960.2221739292145,11.71,9900.46000000006
895,"[15, 92, 56, 2, 11, 71, 47, 61, 31, 48]",89.83,0.3301731879264116,1962.3776214122768,12.1,9912.56000000006
896,"[96, 5, 18, 56, 69, 51, 35, 26, 98, 9]",88.8,0.3509129649400711,1964.2990295886996,11.13,9923.690000000059
897,"[96, 69, 55, 92, 2, 78, 75, 29, 63, 30]",89.35,0.3452214795351028,1966.319713115692,9.18,9932.870000000059
898,"[19, 72, 45, 18, 76, 35, 37, 47, 98, 92]",89.57,0.3331824672222137,1968.4679362773893,11.71,9944.580000000058
899,"[37, 48, 31, 12, 5, 71, 47, 69, 35, 76]",89.53,0.3359740509837866,1970.5278222560885,12.1,9956.680000000058
900,"[51, 72, 69, 96, 63, 12, 64, 56, 10, 71]",89.27,0.3492920765280723,1973.178138256073,11.38,9968.060000000058
901,"[21, 59, 96, 5, 48, 75, 31, 71, 12, 95]",89.25,0.3598395945131779,1975.4693093299863,12.1,9980.160000000058
902,"[60, 19, 53, 27, 58, 38, 13, 26, 96, 51]",89.55,0.3349125492572784,1977.318041563034,11.13,9991.290000000057
903,"[19, 4, 27, 56, 51, 95, 81, 99, 16, 57]",89.36,0.3343322360515594,1979.3111078739169,11.1,10002.390000000058
904,"[0, 59, 18, 4, 53, 32, 27, 67, 51, 52]",89.64,0.332564069032669,1981.514254808426,10.11,10012.500000000058
905,"[59, 81, 12, 18, 15, 98, 52, 72, 92, 51]",89.29,0.3427560935914516,1983.714625597,10.78,10023.280000000059
906,"[69, 45, 18, 2, 4, 80, 29, 15, 99, 1]",89.56,0.3410638001561165,1985.8525221347809,11.71,10034.990000000058
907,"[56, 69, 4, 45, 23, 30, 64, 5, 80, 99]",89.42,0.3500773440301418,1987.592274427414,11.71,10046.700000000057
908,"[92, 53, 55, 5, 60, 81, 97, 69, 23, 29]",89.22,0.365326191931963,1989.7141387462616,8.96,10055.660000000056
909,"[5, 32, 11, 45, 30, 89, 42, 9, 18, 43]",89.1,0.3414266820996999,1991.598399877548,11.71,10067.370000000055
910,"[12, 53, 76, 4, 24, 47, 11, 97, 87, 43]",89.42,0.337967005521059,1993.556118488312,10.86,10078.230000000056
911,"[21, 12, 48, 2, 59, 70, 25, 17, 43, 52]",89.54,0.3291463370621204,1995.6258947849276,12.1,10090.330000000056
912,"[32, 85, 30, 15, 55, 97, 67, 61, 24, 40]",89.57,0.3403171755373478,1997.7917845249176,11.29,10101.620000000057
913,"[25, 5, 81, 76, 18, 24, 44, 27, 67, 63]",89.49,0.3329623167961836,2000.588603258133,8.83,10110.450000000057
914,"[56, 4, 72, 76, 5, 85, 13, 47, 6, 67]",89.17,0.345498202741146,2002.9562723636627,11.1,10121.550000000057
915,"[60, 21, 45, 63, 59, 24, 99, 13, 88, 82]",89.14,0.3417727135121822,2004.8993480205536,11.71,10133.260000000057
916,"[69, 92, 2, 72, 55, 24, 9, 66, 79, 34]",89.03,0.3482152204215527,2007.139716863632,10.78,10144.040000000057
917,"[24, 58, 30, 55, 60, 69, 2, 18, 14, 45]",88.65,0.3649187305569649,2009.3210389614103,11.71,10155.750000000056
918,"[96, 58, 56, 24, 92, 34, 37, 77, 35, 79]",88.73,0.3613474170863628,2011.3599872589111,11.1,10166.850000000057
919,"[37, 48, 81, 11, 60, 98, 24, 13, 63, 96]",88.12,0.376258232742548,2013.3525681495669,12.1,10178.950000000057
920,"[21, 72, 25, 26, 56, 74, 33, 14, 48, 66]",88.94,0.3510066618025302,2015.2051570415497,12.1,10191.050000000057
921,"[2, 53, 5, 92, 37, 52, 63, 41, 1, 45]",88.58,0.3529811491072178,2017.1597652435305,11.71,10202.760000000057
922,"[58, 5, 56, 55, 45, 78, 15, 98, 65, 51]",89.55,0.3399225049465895,2019.0981707572937,11.71,10214.470000000056
923,"[40, 51, 60, 85, 24, 45, 66, 14, 61, 93]",89.29,0.3398536725342274,2020.9827134609225,11.71,10226.180000000055
924,"[92, 0, 32, 60, 15, 79, 64, 82, 77, 10]",89.42,0.3410872374475002,2022.9120326042173,11.38,10237.560000000054
925,"[81, 92, 63, 96, 55, 34, 58, 79, 93, 65]",89.72,0.3355462621152401,2024.881004333496,10.63,10248.190000000053
926,"[81, 58, 56, 85, 72, 55, 15, 26, 69, 80]",89.17,0.3527472960948944,2027.2782261371613,11.13,10259.320000000052
927,"[32, 76, 72, 81, 15, 70, 25, 30, 66, 23]",89.44,0.3488803101330995,2029.6908457279203,10.78,10270.100000000053
928,"[40, 96, 45, 53, 21, 81, 85, 64, 42, 26]",89.53,0.330542821213603,2031.8924884796145,11.71,10281.810000000052
929,"[56, 52, 5, 2, 45, 79, 46, 90, 57, 41]",88.0,0.3733154754340648,2033.844933986664,11.71,10293.520000000051
930,"[18, 55, 53, 24, 32, 60, 47, 96, 8, 48]",89.26,0.3476503679156303,2035.9274876117704,12.1,10305.620000000052
931,"[24, 81, 30, 2, 69, 91, 49, 57, 99, 14]",89.32,0.3516048093140125,2038.0190541744232,10.58,10316.200000000052
932,"[53, 2, 56, 59, 15, 30, 83, 43, 89, 48]",89.25,0.3547956869006157,2040.075994729996,12.1,10328.300000000052
933,"[23, 81, 58, 56, 32, 89, 69, 13, 10, 50]",89.26,0.3672537977993488,2042.114900350571,11.1,10339.400000000052
934,"[56, 32, 30, 21, 24, 94, 25, 87, 71, 67]",89.67,0.330567657276988,2044.066864728928,11.1,10350.500000000053
935,"[56, 58, 11, 21, 96, 76, 72, 97, 80, 53]",89.6,0.3382075175642967,2046.4281635284424,11.1,10361.600000000053
936,"[96, 11, 4, 53, 92, 84, 71, 50, 89, 42]",89.09,0.3449451132118702,2048.3059368133545,11.18,10372.780000000053
937,"[56, 60, 4, 26, 81, 29, 45, 1, 83, 0]",89.86,0.3291512989997864,2050.335476398468,11.71,10384.490000000053
938,"[69, 48, 96, 5, 55, 79, 97, 94, 11, 60]",89.51,0.3337655576318502,2052.196779489517,12.1,10396.590000000053
939,"[81, 58, 21, 25, 20, 74, 22, 6, 53, 51]",88.57,0.3570320961624384,2053.780300617218,8.19,10404.780000000053
940,"[5, 53, 45, 81, 92, 51, 36, 70, 43, 14]",89.25,0.3342360489442944,2055.391752719879,11.71,10416.490000000053
941,"[26, 53, 30, 25, 23, 32, 1, 64, 70, 86]",89.48,0.3425905293226242,2057.0731930732727,11.38,10427.870000000052
942,"[0, 20, 69, 48, 26, 82, 2, 27, 96, 79]",88.98,0.3485502295196056,2059.3450181484222,12.1,10439.970000000052
943,"[96, 21, 72, 2, 20, 82, 80, 34, 75, 86]",88.51,0.380761337429285,2061.427225112915,10.78,10450.750000000053
944,"[20, 24, 48, 58, 69, 44, 40, 51, 11, 57]",89.79,0.3261704355478286,2063.7227787971497,12.1,10462.850000000053
945,"[11, 5, 58, 92, 56, 71, 85, 77, 96, 19]",89.41,0.3433768025040626,2066.1312210559845,11.1,10473.950000000053
946,"[21, 96, 56, 27, 19, 44, 18, 8, 43, 10]",89.19,0.3552815796434879,2068.215070009232,11.1,10485.050000000054
947,"[55, 48, 20, 58, 4, 38, 89, 35, 61, 63]",88.74,0.3530659390985965,2070.0361049175262,12.1,10497.150000000054
948,"[40, 56, 69, 5, 20, 68, 17, 30, 0, 83]",89.32,0.3495340950787067,2071.8503839969635,11.1,10508.250000000055
949,"[4, 40, 23, 32, 58, 0, 33, 46, 25, 30]",89.19,0.3562356589734554,2074.1530644893646,10.93,10519.180000000055
950,"[5, 53, 19, 27, 32, 55, 35, 47, 0, 87]",89.49,0.3320765400677919,2076.6681911945343,10.86,10530.040000000055
951,"[37, 58, 4, 69, 59, 92, 53, 28, 13, 98]",89.53,0.3387873381376266,2078.362653493881,11.34,10541.380000000056
952,"[48, 24, 2, 92, 59, 86, 76, 30, 34, 65]",89.8,0.3312031642347574,2080.5359370708466,12.1,10553.480000000056
953,"[76, 5, 96, 58, 19, 11, 56, 59, 88, 73]",89.35,0.3483175015449524,2082.6588304042816,11.1,10564.580000000056
954,"[4, 26, 55, 2, 58, 94, 30, 82, 38, 50]",89.27,0.348630328848958,2084.852374315262,11.13,10575.710000000056
955,"[32, 23, 51, 0, 47, 18, 44, 65, 82, 16]",89.32,0.3595818467438221,2086.9907689094543,10.86,10586.570000000056
956,"[92, 26, 11, 24, 76, 64, 3, 5, 27, 95]",89.58,0.3346874786168337,2088.905749797821,11.38,10597.950000000055
957,"[51, 31, 92, 11, 72, 76, 77, 91, 46, 66]",89.89,0.3239850915968418,2090.855174064636,10.78,10608.730000000056
958,"[31, 23, 45, 2, 56, 98, 1, 26, 89, 4]",89.85,0.3337507383525371,2093.4422397613525,11.71,10620.440000000055
959,"[81, 2, 58, 32, 31, 62, 70, 95, 1, 93]",89.35,0.3425468710064888,2095.5943117141724,8.94,10629.380000000056
960,"[20, 21, 81, 32, 77, 46, 28, 98, 47, 60]",89.41,0.3281719785928726,2097.4870092868805,11.34,10640.720000000056
961,"[56, 0, 32, 24, 58, 16, 99, 36, 90, 88]",89.84,0.3295797728002071,2099.5476410388947,11.1,10651.820000000056
962,"[69, 30, 45, 96, 26, 16, 56, 64, 25, 91]",89.31,0.3420934909582138,2101.736327648163,11.71,10663.530000000055
963,"[23, 52, 56, 69, 20, 91, 31, 75, 72, 85]",89.12,0.3695845526456833,2103.721253156662,11.1,10674.630000000056
964,"[21, 63, 30, 15, 25, 62, 80, 68, 13, 99]",89.19,0.3569388512521982,2105.647576570511,10.04,10684.670000000056
965,"[51, 18, 53, 24, 37, 52, 32, 79, 62, 77]",88.36,0.3607682700455188,2107.759332895279,10.63,10695.300000000056
966,"[63, 12, 52, 92, 53, 1, 13, 29, 73, 19]",89.88,0.3195371075719595,2109.687672138214,10.55,10705.850000000055
967,"[56, 18, 81, 60, 20, 12, 58, 6, 11, 68]",89.5,0.3298629142343998,2111.748069763184,11.1,10716.950000000055
968,"[18, 81, 92, 96, 56, 24, 36, 83, 99, 59]",89.92,0.3302456158399582,2114.11858701706,11.1,10728.050000000056
969,"[53, 30, 5, 32, 11, 7, 3, 58, 87, 19]",89.46,0.3364917347580194,2115.966899633408,10.1,10738.150000000056
970,"[25, 15, 96, 81, 32, 37, 87, 31, 79, 9]",89.41,0.3337607696652412,2118.22531747818,10.63,10748.780000000055
971,"[92, 30, 19, 21, 18, 15, 89, 79, 0, 52]",89.83,0.3370208325982093,2120.7641401290894,10.63,10759.410000000054
972,"[85, 56, 0, 4, 27, 3, 69, 26, 24, 68]",89.88,0.3409336779266596,2122.695696115494,11.13,10770.540000000054
973,"[53, 55, 15, 18, 85, 21, 82, 72, 60, 66]",89.75,0.337515369951725,2124.314437389374,10.78,10781.320000000054
974,"[25, 72, 26, 24, 19, 64, 54, 89, 33, 99]",89.46,0.3381511992961168,2126.188139677048,11.38,10792.700000000053
975,"[26, 92, 58, 15, 59, 62, 6, 45, 78, 29]",89.58,0.3486257945746183,2128.0294630527496,11.71,10804.410000000053
976,"[24, 15, 31, 53, 45, 78, 67, 17, 19, 2]",89.4,0.3462555941939353,2130.291499614716,11.71,10816.120000000052
977,"[92, 59, 55, 18, 12, 75, 95, 40, 9, 38]",89.14,0.3665348377078771,2132.0924582481384,10.93,10827.050000000052
978,"[53, 2, 11, 96, 55, 45, 78, 16, 56, 30]",88.78,0.3654011800140142,2134.1734068393707,11.71,10838.760000000051
979,"[31, 69, 2, 4, 18, 60, 71, 3, 59, 66]",89.63,0.3374524050951004,2136.3864364624023,11.09,10849.850000000051
980,"[76, 30, 11, 23, 37, 8, 3, 51, 34, 86]",89.71,0.3358557592332363,2138.3049092292786,10.1,10859.950000000052
981,"[37, 12, 31, 23, 18, 14, 71, 92, 36, 48]",88.89,0.3791136141121387,2140.494875192642,12.1,10872.050000000052
982,"[92, 20, 25, 59, 45, 48, 18, 5, 62, 56]",89.21,0.3459630937129259,2142.3150839805603,12.1,10884.150000000052
983,"[5, 21, 48, 96, 58, 45, 72, 70, 40, 65]",89.32,0.3422070626914501,2144.559315919876,12.1,10896.250000000053
984,"[30, 92, 26, 18, 5, 40, 38, 28, 1, 42]",89.59,0.3478876987844705,2146.3817625045776,11.34,10907.590000000053
985,"[20, 55, 24, 92, 4, 28, 77, 27, 19, 48]",89.47,0.3397078917175531,2148.3586571216583,12.1,10919.690000000053
986,"[55, 48, 56, 69, 60, 96, 4, 30, 70, 41]",89.66,0.3386339203268289,2150.3335659503937,12.1,10931.790000000054
987,"[56, 69, 45, 96, 21, 3, 81, 52, 34, 50]",89.86,0.3311266469210386,2152.7195687294006,11.71,10943.500000000053
988,"[60, 69, 26, 48, 24, 33, 86, 65, 30, 57]",89.92,0.3349325329065323,2154.7379429340363,12.1,10955.600000000053
989,"[72, 51, 53, 55, 20, 41, 57, 80, 63, 34]",89.05,0.3442673219740391,2156.666178703308,11.19,10966.790000000054
990,"[60, 72, 59, 12, 21, 33, 48, 11, 65, 62]",89.44,0.339059280231595,2159.134243965149,12.1,10978.890000000054
991,"[19, 83, 51, 4, 45, 91, 69, 24, 98, 62]",89.64,0.3453416892886162,2161.1456837654114,11.71,10990.600000000053
992,"[21, 19, 58, 11, 0, 59, 33, 37, 53, 35]",89.32,0.3467330940067768,2163.2127990722656,9.94,11000.540000000054
993,"[30, 53, 31, 12, 51, 99, 82, 77, 27, 72]",89.63,0.3350455337762832,2165.178417444229,10.78,11011.320000000054
994,"[45, 76, 21, 59, 4, 53, 78, 37, 62, 5]",89.56,0.3296104368567467,2167.158612728119,11.71,11023.030000000053
995,"[25, 40, 60, 63, 53, 50, 11, 19, 49, 65]",89.4,0.3282450254261493,2169.449259519577,10.93,11033.960000000054
996,"[84, 31, 27, 4, 53, 21, 83, 88, 14, 34]",89.35,0.3351899898052216,2171.579966545105,8.7,11042.660000000054
997,"[63, 45, 77, 52, 12, 5, 16, 60, 65, 93]",89.5,0.3268471519649029,2173.2973713874817,11.71,11054.370000000054
998,"[40, 19, 60, 31, 45, 6, 50, 48, 82, 27]",90.02,0.323154221624136,2175.2823719978333,12.1,11066.470000000054
999,"[45, 48, 0, 59, 21, 52, 12, 30, 81, 85]",89.51,0.3420075929164886,2177.4519851207733,12.1,11078.570000000054
1000,"[5, 92, 23, 69, 25, 94, 13, 81, 17, 26]",89.29,0.3689212203025818,2179.519019603729,11.13,11089.700000000053
