
Files already downloaded and verified
Files already downloaded and verified
generate customize clients distribution...
train_dataset data generation process completed
generate customize clients distribution...
test_dataset data generation process completed
Running Mode: Default(Thread)
Training Mode: Multi-GPU-Mode
GPU devices num: 4
Starting clients
(0, 752, {0: 0, 1: 0, 2: 2, 3: 0, 4: 0, 5: 260, 6: 0, 7: 490, 8: 0, 9: 0})
(1, 14, {0: 6, 1: 0, 2: 0, 3: 3, 4: 0, 5: 0, 6: 3, 7: 1, 8: 0, 9: 1})
(2, 815, {0: 0, 1: 16, 2: 0, 3: 0, 4: 0, 5: 127, 6: 0, 7: 1, 8: 476, 9: 195})
(3, 313, {0: 35, 1: 0, 2: 0, 3: 1, 4: 1, 5: 0, 6: 0, 7: 5, 8: 0, 9: 271})
(4, 1369, {0: 441, 1: 0, 2: 0, 3: 485, 4: 0, 5: 0, 6: 443, 7: 0, 8: 0, 9: 0})
(5, 84, {0: 0, 1: 0, 2: 0, 3: 9, 4: 0, 5: 75, 6: 0, 7: 0, 8: 0, 9: 0})
(6, 476, {0: 7, 1: 0, 2: 89, 3: 0, 4: 343, 5: 15, 6: 0, 7: 0, 8: 0, 9: 22})
(7, 534, {0: 6, 1: 475, 2: 0, 3: 0, 4: 32, 5: 10, 6: 2, 7: 0, 8: 2, 9: 7})
(8, 484, {0: 0, 1: 7, 2: 405, 3: 0, 4: 15, 5: 0, 6: 37, 7: 0, 8: 20, 9: 0})
(9, 128, {0: 0, 1: 0, 2: 0, 3: 0, 4: 105, 5: 11, 6: 12, 7: 0, 8: 0, 9: 0})
(10, 982, {0: 0, 1: 414, 2: 71, 3: 3, 4: 0, 5: 0, 6: 39, 7: 0, 8: 0, 9: 455})
(11, 1133, {0: 0, 1: 0, 2: 404, 3: 17, 4: 455, 5: 0, 6: 1, 7: 90, 8: 166, 9: 0})
(12, 147, {0: 105, 1: 0, 2: 0, 3: 0, 4: 0, 5: 20, 6: 0, 7: 22, 8: 0, 9: 0})
(13, 22, {0: 1, 1: 15, 2: 5, 3: 0, 4: 0, 5: 0, 6: 0, 7: 1, 8: 0, 9: 0})
(14, 96, {0: 0, 1: 0, 2: 7, 3: 89, 4: 0, 5: 0, 6: 0, 7: 0, 8: 0, 9: 0})
(15, 900, {0: 5, 1: 59, 2: 1, 3: 0, 4: 15, 5: 17, 6: 455, 7: 0, 8: 332, 9: 16})
(16, 886, {0: 172, 1: 7, 2: 0, 3: 388, 4: 0, 5: 300, 6: 2, 7: 0, 8: 0, 9: 17})
(17, 398, {0: 0, 1: 2, 2: 8, 3: 0, 4: 0, 5: 3, 6: 0, 7: 385, 8: 0, 9: 0})
(18, 198, {0: 160, 1: 0, 2: 0, 3: 0, 4: 29, 5: 0, 6: 0, 7: 0, 8: 0, 9: 9})
(19, 213, {0: 53, 1: 0, 2: 0, 3: 1, 4: 0, 5: 159, 6: 0, 7: 0, 8: 0, 9: 0})
(20, 410, {0: 147, 1: 190, 2: 1, 3: 0, 4: 0, 5: 31, 6: 5, 7: 2, 8: 0, 9: 34})
(21, 436, {0: 0, 1: 3, 2: 0, 3: 164, 4: 121, 5: 0, 6: 0, 7: 0, 8: 148, 9: 0})
(22, 666, {0: 0, 1: 0, 2: 1, 3: 228, 4: 31, 5: 17, 6: 2, 7: 379, 8: 0, 9: 8})
(23, 681, {0: 233, 1: 0, 2: 388, 3: 7, 4: 0, 5: 36, 6: 0, 7: 13, 8: 4, 9: 0})
(24, 227, {0: 4, 1: 23, 2: 86, 3: 0, 4: 112, 5: 0, 6: 0, 7: 0, 8: 2, 9: 0})
(25, 377, {0: 0, 1: 5, 2: 0, 3: 0, 4: 0, 5: 0, 6: 75, 7: 0, 8: 4, 9: 293})
(26, 570, {0: 0, 1: 275, 2: 0, 3: 5, 4: 232, 5: 0, 6: 55, 7: 0, 8: 3, 9: 0})
(27, 391, {0: 0, 1: 0, 2: 0, 3: 2, 4: 0, 5: 32, 6: 0, 7: 20, 8: 328, 9: 9})
(28, 99, {0: 0, 1: 0, 2: 0, 3: 0, 4: 0, 5: 99, 6: 0, 7: 0, 8: 0, 9: 0})
(29, 1113, {0: 115, 1: 0, 2: 20, 3: 90, 4: 0, 5: 282, 6: 361, 7: 83, 8: 8, 9: 154})
(30, 846, {0: 0, 1: 0, 2: 0, 3: 0, 4: 451, 5: 80, 6: 315, 7: 0, 8: 0, 9: 0})
(31, 68, {0: 6, 1: 55, 2: 0, 3: 1, 4: 0, 5: 1, 6: 0, 7: 5, 8: 0, 9: 0})
(32, 1016, {0: 109, 1: 444, 2: 0, 3: 0, 4: 9, 5: 18, 6: 0, 7: 436, 8: 0, 9: 0})
(33, 85, {0: 0, 1: 0, 2: 51, 3: 10, 4: 0, 5: 1, 6: 19, 7: 0, 8: 4, 9: 0})
(34, 992, {0: 383, 1: 0, 2: 69, 3: 98, 4: 0, 5: 0, 6: 15, 7: 56, 8: 87, 9: 284})
(35, 471, {0: 0, 1: 0, 2: 350, 3: 20, 4: 0, 5: 101, 6: 0, 7: 0, 8: 0, 9: 0})
(36, 588, {0: 0, 1: 0, 2: 0, 3: 368, 4: 38, 5: 0, 6: 15, 7: 0, 8: 167, 9: 0})
(37, 173, {0: 0, 1: 0, 2: 0, 3: 0, 4: 0, 5: 3, 6: 134, 7: 0, 8: 0, 9: 36})
(38, 581, {0: 0, 1: 0, 2: 0, 3: 0, 4: 0, 5: 291, 6: 0, 7: 0, 8: 239, 9: 51})
(39, 157, {0: 0, 1: 0, 2: 29, 3: 0, 4: 0, 5: 0, 6: 1, 7: 0, 8: 0, 9: 127})
(40, 328, {0: 0, 1: 15, 2: 0, 3: 0, 4: 0, 5: 52, 6: 71, 7: 0, 8: 92, 9: 98})
(41, 175, {0: 15, 1: 0, 2: 0, 3: 0, 4: 0, 5: 0, 6: 0, 7: 160, 8: 0, 9: 0})
(42, 1053, {0: 431, 1: 0, 2: 45, 3: 5, 4: 341, 5: 1, 6: 0, 7: 230, 8: 0, 9: 0})
(43, 1000, {0: 0, 1: 0, 2: 431, 3: 140, 4: 0, 5: 70, 6: 29, 7: 0, 8: 99, 9: 231})
(44, 172, {0: 0, 1: 0, 2: 0, 3: 0, 4: 150, 5: 18, 6: 4, 7: 0, 8: 0, 9: 0})
(45, 730, {0: 0, 1: 246, 2: 0, 3: 0, 4: 0, 5: 230, 6: 0, 7: 5, 8: 249, 9: 0})
(46, 390, {0: 0, 1: 134, 2: 20, 3: 4, 4: 0, 5: 92, 6: 0, 7: 0, 8: 0, 9: 140})
(47, 467, {0: 0, 1: 0, 2: 0, 3: 0, 4: 0, 5: 10, 6: 358, 7: 99, 8: 0, 9: 0})
(48, 435, {0: 0, 1: 0, 2: 0, 3: 350, 4: 0, 5: 15, 6: 28, 7: 0, 8: 13, 9: 29})
(49, 224, {0: 52, 1: 103, 2: 0, 3: 0, 4: 8, 5: 8, 6: 8, 7: 0, 8: 45, 9: 0})
(50, 488, {0: 87, 1: 0, 2: 0, 3: 35, 4: 0, 5: 0, 6: 364, 7: 1, 8: 1, 9: 0})
(51, 609, {0: 0, 1: 2, 2: 0, 3: 0, 4: 103, 5: 237, 6: 0, 7: 266, 8: 0, 9: 1})
(52, 253, {0: 140, 1: 0, 2: 0, 3: 50, 4: 0, 5: 0, 6: 0, 7: 63, 8: 0, 9: 0})
(53, 1372, {0: 265, 1: 17, 2: 0, 3: 378, 4: 0, 5: 235, 6: 3, 7: 0, 8: 474, 9: 0})
(54, 367, {0: 0, 1: 1, 2: 122, 3: 0, 4: 0, 5: 0, 6: 81, 7: 163, 8: 0, 9: 0})
(55, 485, {0: 5, 1: 65, 2: 20, 3: 8, 4: 381, 5: 4, 6: 0, 7: 0, 8: 2, 9: 0})
(56, 562, {0: 0, 1: 379, 2: 95, 3: 24, 4: 14, 5: 0, 6: 50, 7: 0, 8: 0, 9: 0})
(57, 155, {0: 0, 1: 0, 2: 155, 3: 0, 4: 0, 5: 0, 6: 0, 7: 0, 8: 0, 9: 0})
(58, 117, {0: 0, 1: 3, 2: 0, 3: 1, 4: 0, 5: 22, 6: 0, 7: 3, 8: 0, 9: 88})
(59, 564, {0: 0, 1: 30, 2: 105, 3: 0, 4: 0, 5: 0, 6: 0, 7: 0, 8: 20, 9: 409})
(60, 297, {0: 0, 1: 8, 2: 140, 3: 0, 4: 24, 5: 0, 6: 0, 7: 120, 8: 5, 9: 0})
(61, 136, {0: 18, 1: 0, 2: 65, 3: 0, 4: 2, 5: 0, 6: 0, 7: 0, 8: 51, 9: 0})
(62, 418, {0: 1, 1: 0, 2: 0, 3: 33, 4: 285, 5: 1, 6: 2, 7: 0, 8: 0, 9: 96})
(63, 653, {0: 302, 1: 0, 2: 0, 3: 0, 4: 0, 5: 0, 6: 30, 7: 176, 8: 63, 9: 82})
(64, 551, {0: 0, 1: 469, 2: 1, 3: 0, 4: 0, 5: 0, 6: 1, 7: 0, 8: 0, 9: 80})
(65, 522, {0: 3, 1: 0, 2: 54, 3: 402, 4: 0, 5: 1, 6: 0, 7: 45, 8: 17, 9: 0})
(66, 212, {0: 0, 1: 0, 2: 57, 3: 0, 4: 155, 5: 0, 6: 0, 7: 0, 8: 0, 9: 0})
(67, 498, {0: 154, 1: 5, 2: 0, 3: 63, 4: 28, 5: 0, 6: 0, 7: 19, 8: 0, 9: 229})
(68, 502, {0: 18, 1: 15, 2: 0, 3: 0, 4: 2, 5: 0, 6: 456, 7: 1, 8: 0, 9: 10})
(69, 1180, {0: 0, 1: 0, 2: 180, 3: 0, 4: 0, 5: 496, 6: 8, 7: 135, 8: 361, 9: 0})
(70, 488, {0: 11, 1: 0, 2: 33, 3: 0, 4: 0, 5: 378, 6: 62, 7: 4, 8: 0, 9: 0})
(71, 274, {0: 0, 1: 224, 2: 0, 3: 0, 4: 37, 5: 13, 6: 0, 7: 0, 8: 0, 9: 0})
(72, 407, {0: 34, 1: 20, 2: 0, 3: 0, 4: 5, 5: 4, 6: 344, 7: 0, 8: 0, 9: 0})
(73, 712, {0: 0, 1: 0, 2: 5, 3: 183, 4: 152, 5: 0, 6: 0, 7: 0, 8: 369, 9: 3})
(74, 119, {0: 0, 1: 0, 2: 0, 3: 0, 4: 61, 5: 5, 6: 0, 7: 0, 8: 53, 9: 0})
(75, 319, {0: 7, 1: 0, 2: 0, 3: 0, 4: 25, 5: 0, 6: 0, 7: 177, 8: 35, 9: 75})
(76, 590, {0: 0, 1: 0, 2: 133, 3: 32, 4: 59, 5: 83, 6: 0, 7: 265, 8: 18, 9: 0})
(77, 834, {0: 37, 1: 253, 2: 326, 3: 0, 4: 0, 5: 0, 6: 80, 7: 0, 8: 0, 9: 138})
(78, 538, {0: 383, 1: 0, 2: 0, 3: 0, 4: 134, 5: 8, 6: 0, 7: 4, 8: 6, 9: 3})
(79, 690, {0: 25, 1: 1, 2: 0, 3: 283, 4: 24, 5: 4, 6: 12, 7: 47, 8: 15, 9: 279})
(80, 688, {0: 175, 1: 0, 2: 0, 3: 1, 4: 0, 5: 27, 6: 4, 7: 462, 8: 0, 9: 19})
(81, 403, {0: 0, 1: 0, 2: 0, 3: 0, 4: 45, 5: 25, 6: 0, 7: 0, 8: 333, 9: 0})
(82, 564, {0: 181, 1: 55, 2: 0, 3: 0, 4: 0, 5: 235, 6: 0, 7: 0, 8: 27, 9: 66})
(83, 544, {0: 0, 1: 406, 2: 0, 3: 55, 4: 26, 5: 0, 6: 57, 7: 0, 8: 0, 9: 0})
(84, 176, {0: 0, 1: 0, 2: 5, 3: 0, 4: 0, 5: 3, 6: 0, 7: 0, 8: 17, 9: 151})
(85, 533, {0: 0, 1: 35, 2: 1, 3: 439, 4: 0, 5: 52, 6: 0, 7: 0, 8: 0, 9: 6})
(86, 147, {0: 0, 1: 1, 2: 15, 3: 0, 4: 0, 5: 0, 6: 0, 7: 27, 8: 66, 9: 38})
(87, 235, {0: 140, 1: 0, 2: 11, 3: 2, 4: 0, 5: 4, 6: 0, 7: 0, 8: 53, 9: 25})
(88, 428, {0: 0, 1: 0, 2: 60, 3: 0, 4: 0, 5: 150, 6: 19, 7: 8, 8: 0, 9: 191})
(89, 1251, {0: 0, 1: 0, 2: 405, 3: 0, 4: 426, 5: 0, 6: 419, 7: 1, 8: 0, 9: 0})
(90, 812, {0: 0, 1: 13, 2: 0, 3: 420, 4: 4, 5: 0, 6: 0, 7: 0, 8: 374, 9: 1})
(91, 815, {0: 5, 1: 0, 2: 451, 3: 0, 4: 0, 5: 4, 6: 0, 7: 355, 8: 0, 9: 0})
(92, 158, {0: 0, 1: 0, 2: 0, 3: 0, 4: 0, 5: 112, 6: 0, 7: 39, 8: 7, 9: 0})
(93, 78, {0: 0, 1: 0, 2: 0, 3: 0, 4: 38, 5: 0, 6: 0, 7: 0, 8: 0, 9: 40})
(94, 10, {0: 2, 1: 0, 2: 0, 3: 0, 4: 0, 5: 8, 6: 0, 7: 0, 8: 0, 9: 0})
(95, 453, {0: 0, 1: 141, 2: 0, 3: 0, 4: 200, 5: 17, 6: 0, 7: 90, 8: 3, 9: 2})
(96, 952, {0: 485, 1: 0, 2: 0, 3: 0, 4: 5, 5: 0, 6: 462, 7: 0, 8: 0, 9: 0})
(97, 544, {0: 0, 1: 0, 2: 0, 3: 79, 4: 0, 5: 0, 6: 5, 7: 6, 8: 0, 9: 454})
(98, 386, {0: 2, 1: 4, 2: 9, 3: 0, 4: 240, 5: 122, 6: 9, 7: 0, 8: 0, 9: 0})
(99, 764, {0: 3, 1: 339, 2: 37, 3: 0, 4: 11, 5: 235, 6: 20, 7: 7, 8: 112, 9: 0})
Start server:
Current clients: 100 , select: 10
| current_epoch 1 |. Begin client select
SchedulerThread select( 10 clients):
9 | 39 | 55 | 31 | 57 | 37 | 32 | 71 | 12 | 95 |
-----------------------------------------------------------------Schedule complete
Client 31 trained
Client 31 uploaded
Client 9 trained
Client 9 uploaded
Client 12 trained
Client 12 uploaded
Client 39 trained
Client 39 uploaded
Client 57 trained
Client 57 uploaded
Client 37 trained
Client 37 uploaded
Client 71 trained
Client 71 uploaded
Client 55 trained
Client 55 uploaded
Client 95 trained
Client 95 uploaded
Client 32 trained
Client 32 uploaded
Epoch(t): 1 accuracy: 18.36 loss 3.4727822589874267 run_time: 12.4778733253479
Current clients: 100 , select: 10
| current_epoch 2 |. Begin client select
SchedulerThread select( 10 clients):
63 | 23 | 59 | 66 | 16 | 91 | 8 | 46 | 93 | 21 |
-----------------------------------------------------------------Schedule complete
Client 93 trained
Client 93 uploaded
Client 66 trained
Client 66 uploaded
Client 46 trained
Client 46 uploaded
Client 21 trained
Client 21 uploaded
Client 8 trained
Client 8 uploaded
Client 59 trained
Client 59 uploaded
Client 63 trained
Client 63 uploaded
Client 23 trained
Client 23 uploaded
Client 91 trained
Client 91 uploaded
Client 16 trained
Client 16 uploaded
Epoch(t): 2 accuracy: 17.81 loss 2.774211847782135 run_time: 31.879051446914673
Current clients: 100 , select: 10
| current_epoch 3 |. Begin client select
SchedulerThread select( 10 clients):
52 | 93 | 90 | 58 | 81 | 64 | 3 | 67 | 14 | 49 |
-----------------------------------------------------------------Schedule complete
Client 14 trained
Client 14 uploaded
Client 93 trained
Client 93 uploaded
Client 58 trained
Client 58 uploaded
Client 49 trained
Client 49 uploaded
Client 52 trained
Client 52 uploaded
Client 3 trained
Client 3 uploaded
Client 81 trained
Client 81 uploaded
Client 67 trained
Client 67 uploaded
Client 64 trained
Client 64 uploaded
Client 90 trained
Client 90 uploaded
Epoch(t): 3 accuracy: 20.07 loss 2.6940043449401854 run_time: 45.25412940979004
Current clients: 100 , select: 10
| current_epoch 4 |. Begin client select
SchedulerThread select( 10 clients):
17 | 47 | 3 | 1 | 90 | 26 | 89 | 59 | 78 | 85 |
-----------------------------------------------------------------Schedule complete
Client 1 trained
Client 1 uploaded
Client 3 trained
Client 3 uploaded
Client 17 trained
Client 17 uploaded
Client 47 trained
Client 47 uploaded
Client 78 trained
Client 78 uploaded
Client 59 trained
Client 59 uploaded
Client 26 trained
Client 26 uploaded
Client 85 trained
Client 85 uploaded
Client 90 trained
Client 90 uploaded
Client 89 trained
Client 89 uploaded
Epoch(t): 4 accuracy: 17.75 loss 2.2407730984687806 run_time: 65.59838366508484
Current clients: 100 , select: 10
| current_epoch 5 |. Begin client select
SchedulerThread select( 10 clients):
40 | 77 | 61 | 39 | 25 | 37 | 8 | 96 | 41 | 85 |
-----------------------------------------------------------------Schedule complete
Client 61 trained
Client 61 uploaded
Client 37 trained
Client 37 uploaded
Client 39 trained
Client 39 uploaded
Client 41 trained
Client 41 uploaded
Client 40 trained
Client 40 uploaded
Client 25 trained
Client 25 uploaded
Client 8 trained
Client 8 uploaded
Client 85 trained
Client 85 uploaded
Client 77 trained
Client 77 uploaded
Client 96 trained
Client 96 uploaded
Epoch(t): 5 accuracy: 24.4 loss 2.5394083857536316 run_time: 81.64543628692627
Current clients: 100 , select: 10
| current_epoch 6 |. Begin client select
SchedulerThread select( 10 clients):
45 | 51 | 9 | 39 | 11 | 34 | 2 | 78 | 15 | 44 |
-----------------------------------------------------------------Schedule complete
Client 9 trained
Client 9 uploaded
Client 39 trained
Client 39 uploaded
Client 44 trained
Client 44 uploaded
Client 78 trained
Client 78 uploaded
Client 51 trained
Client 51 uploaded
Client 45 trained
Client 45 uploaded
Client 2 trained
Client 2 uploaded
Client 15 trained
Client 15 uploaded
Client 34 trained
Client 34 uploaded
Client 11 trained
Client 11 uploaded
Epoch(t): 6 accuracy: 24.75 loss 2.1913757240772247 run_time: 104.35544157028198
Current clients: 100 , select: 10
| current_epoch 7 |. Begin client select
SchedulerThread select( 10 clients):
60 | 77 | 53 | 7 | 83 | 50 | 71 | 90 | 12 | 94 |
-----------------------------------------------------------------Schedule complete
Client 94 trained
Client 94 uploaded
Client 12 trained
Client 12 uploaded
Client 71 trained
Client 71 uploaded
Client 60 trained
Client 60 uploaded
Client 50 trained
Client 50 uploaded
Client 7 trained
Client 7 uploaded
Client 83 trained
Client 83 uploaded
Client 90 trained
Client 90 uploaded
Client 77 trained
Client 77 uploaded
Client 53 trained
Client 53 uploaded
Epoch(t): 7 accuracy: 24.54 loss 2.2104878044128418 run_time: 123.4824321269989
Current clients: 100 , select: 10
| current_epoch 8 |. Begin client select
SchedulerThread select( 10 clients):
77 | 54 | 40 | 61 | 47 | 46 | 92 | 27 | 23 | 0 |
-----------------------------------------------------------------Schedule complete
Client 61 trained
Client 61 uploaded
Client 92 trained
Client 92 uploaded
Client 40 trained
Client 40 uploaded
Client 54 trained
Client 54 uploaded
Client 46 trained
Client 46 uploaded
Client 27 trained
Client 27 uploaded
Client 47 trained
Client 47 uploaded
Client 23 trained
Client 23 uploaded
Client 0 trained
Client 0 uploaded
Client 77 trained
Client 77 uploaded
Epoch(t): 8 accuracy: 36.13 loss 1.9701215517520905 run_time: 140.17174315452576
Current clients: 100 , select: 10
| current_epoch 9 |. Begin client select
SchedulerThread select( 10 clients):
40 | 39 | 1 | 36 | 60 | 41 | 74 | 95 | 58 | 43 |
-----------------------------------------------------------------Schedule complete
Client 1 trained
Client 1 uploaded
Client 58 trained
Client 58 uploaded
Client 74 trained
Client 74 uploaded
Client 39 trained
Client 39 uploaded
Client 41 trained
Client 41 uploaded
Client 60 trained
Client 60 uploaded
Client 40 trained
Client 40 uploaded
Client 95 trained
Client 95 uploaded
Client 36 trained
Client 36 uploaded
Client 43 trained
Client 43 uploaded
Epoch(t): 9 accuracy: 32.81 loss 2.0088823688030244 run_time: 153.05731749534607
Current clients: 100 , select: 10
| current_epoch 10 |. Begin client select
SchedulerThread select( 10 clients):
4 | 77 | 66 | 80 | 22 | 94 | 36 | 42 | 13 | 43 |
-----------------------------------------------------------------Schedule complete
Client 13 trained
Client 13 uploaded
Client 94 trained
Client 94 uploaded
Client 66 trained
Client 66 uploaded
Client 36 trained
Client 36 uploaded
Client 80 trained
Client 80 uploaded
Client 22 trained
Client 22 uploaded
Client 77 trained
Client 77 uploaded
Client 43 trained
Client 43 uploaded
Client 42 trained
Client 42 uploaded
Client 4 trained
Client 4 uploaded
Epoch(t): 10 accuracy: 28.02 loss 1.9570752108097076 run_time: 174.96985626220703
Current clients: 100 , select: 10
| current_epoch 11 |. Begin client select
SchedulerThread select( 10 clients):
7 | 99 | 46 | 14 | 2 | 50 | 3 | 21 | 19 | 70 |
-----------------------------------------------------------------Schedule complete
Client 14 trained
Client 14 uploaded
Client 19 trained
Client 19 uploaded
Client 3 trained
Client 3 uploaded
Client 46 trained
Client 46 uploaded
Client 21 trained
Client 21 uploaded
Client 50 trained
Client 50 uploaded
Client 70 trained
Client 70 uploaded
Client 7 trained
Client 7 uploaded
Client 99 trained
Client 99 uploaded
Client 2 trained
Client 2 uploaded
Epoch(t): 11 accuracy: 35.22 loss 1.8312263560295106 run_time: 192.16311168670654
Current clients: 100 , select: 10
| current_epoch 12 |. Begin client select
SchedulerThread select( 10 clients):
86 | 84 | 89 | 23 | 98 | 93 | 12 | 68 | 54 | 71 |
-----------------------------------------------------------------Schedule complete
Client 93 trained
Client 93 uploaded
Client 86 trained
Client 86 uploaded
Client 12 trained
Client 12 uploaded
Client 84 trained
Client 84 uploaded
Client 71 trained
Client 71 uploaded
Client 98 trained
Client 98 uploaded
Client 54 trained
Client 54 uploaded
Client 68 trained
Client 68 uploaded
Client 23 trained
Client 23 uploaded
Client 89 trained
Client 89 uploaded
Epoch(t): 12 accuracy: 18.27 loss 2.478652548789978 run_time: 207.4942798614502
Current clients: 100 , select: 10
| current_epoch 13 |. Begin client select
SchedulerThread select( 10 clients):
12 | 38 | 89 | 49 | 72 | 76 | 29 | 8 | 94 | 99 |
-----------------------------------------------------------------Schedule complete
Client 94 trained
Client 94 uploaded
Client 12 trained
Client 12 uploaded
Client 49 trained
Client 49 uploaded
Client 72 trained
Client 72 uploaded
Client 8 trained
Client 8 uploaded
Client 38 trained
Client 38 uploaded
Client 76 trained
Client 76 uploaded
Client 99 trained
Client 99 uploaded
Client 29 trained
Client 29 uploaded
Client 89 trained
Client 89 uploaded
Epoch(t): 13 accuracy: 29.56 loss 2.019083150625229 run_time: 227.2289752960205
Current clients: 100 , select: 10
| current_epoch 14 |. Begin client select
SchedulerThread select( 10 clients):
7 | 63 | 99 | 85 | 11 | 22 | 71 | 61 | 47 | 27 |
-----------------------------------------------------------------Schedule complete
Client 61 trained
Client 61 uploaded
Client 71 trained
Client 71 uploaded
Client 27 trained
Client 27 uploaded
Client 47 trained
Client 47 uploaded
Client 7 trained
Client 7 uploaded
Client 85 trained
Client 85 uploaded
Client 63 trained
Client 63 uploaded
Client 22 trained
Client 22 uploaded
Client 99 trained
Client 99 uploaded
Client 11 trained
Client 11 uploaded
Epoch(t): 14 accuracy: 39.57 loss 1.6491594696044922 run_time: 248.06690311431885
Current clients: 100 , select: 10
| current_epoch 15 |. Begin client select
SchedulerThread select( 10 clients):
77 | 12 | 33 | 55 | 90 | 27 | 34 | 53 | 10 | 44 |
-----------------------------------------------------------------Schedule complete
Client 33 trained
Client 33 uploaded
Client 12 trained
Client 12 uploaded
Client 44 trained
Client 44 uploaded
Client 27 trained
Client 27 uploaded
Client 55 trained
Client 55 uploaded
Client 77 trained
Client 77 uploaded
Client 90 trained
Client 90 uploaded
Client 34 trained
Client 34 uploaded
Client 10 trained
Client 10 uploaded
Client 53 trained
Client 53 uploaded
Epoch(t): 15 accuracy: 37.77 loss 1.7149265682697297 run_time: 269.3333549499512
Current clients: 100 , select: 10
| current_epoch 16 |. Begin client select
SchedulerThread select( 10 clients):
96 | 21 | 51 | 86 | 27 | 92 | 18 | 72 | 31 | 9 |
-----------------------------------------------------------------Schedule complete
Client 31 trained
Client 31 uploaded
Client 9 trained
Client 9 uploaded
Client 86 trained
Client 86 uploaded
Client 92 trained
Client 92 uploaded
Client 18 trained
Client 18 uploaded
Client 27 trained
Client 27 uploaded
Client 72 trained
Client 72 uploaded
Client 21 trained
Client 21 uploaded
Client 51 trained
Client 51 uploaded
Client 96 trained
Client 96 uploaded
Epoch(t): 16 accuracy: 38.64 loss 1.7416395568847656 run_time: 283.0009117126465
Current clients: 100 , select: 10
| current_epoch 17 |. Begin client select
SchedulerThread select( 10 clients):
99 | 1 | 15 | 75 | 50 | 96 | 70 | 79 | 20 | 34 |
-----------------------------------------------------------------Schedule complete
Client 1 trained
Client 1 uploaded
Client 75 trained
Client 75 uploaded
Client 20 trained
Client 20 uploaded
Client 50 trained
Client 50 uploaded
Client 70 trained
Client 70 uploaded
Client 79 trained
Client 79 uploaded
Client 99 trained
Client 99 uploaded
Client 15 trained
Client 15 uploaded
Client 34 trained
Client 34 uploaded
Client 96 trained
Client 96 uploaded
Epoch(t): 17 accuracy: 37.94 loss 1.7805890011787415 run_time: 304.7733323574066
Current clients: 100 , select: 10
| current_epoch 18 |. Begin client select
SchedulerThread select( 10 clients):
95 | 66 | 71 | 48 | 53 | 96 | 29 | 88 | 99 | 13 |
-----------------------------------------------------------------Schedule complete
Client 13 trained
Client 13 uploaded
Client 66 trained
Client 66 uploaded
Client 71 trained
Client 71 uploaded
Client 48 trained
Client 48 uploaded
Client 88 trained
Client 88 uploaded
Client 95 trained
Client 95 uploaded
Client 99 trained
Client 99 uploaded
Client 96 trained
Client 96 uploaded
Client 29 trained
Client 29 uploaded
Client 53 trained
Client 53 uploaded
Epoch(t): 18 accuracy: 41.7 loss 1.6699471962451935 run_time: 326.40014815330505
Current clients: 100 , select: 10
| current_epoch 19 |. Begin client select
SchedulerThread select( 10 clients):
40 | 43 | 39 | 88 | 38 | 35 | 2 | 90 | 10 | 51 |
-----------------------------------------------------------------Schedule complete
Client 39 trained
Client 39 uploaded
Client 40 trained
Client 40 uploaded
Client 88 trained
Client 88 uploaded
Client 35 trained
Client 35 uploaded
Client 38 trained
Client 38 uploaded
Client 51 trained
Client 51 uploaded
Client 90 trained
Client 90 uploaded
Client 2 trained
Client 2 uploaded
Client 10 trained
Client 10 uploaded
Client 43 trained
Client 43 uploaded
Epoch(t): 19 accuracy: 34.86 loss 1.9551822423934937 run_time: 348.5227053165436
Current clients: 100 , select: 10
| current_epoch 20 |. Begin client select
SchedulerThread select( 10 clients):
92 | 62 | 66 | 46 | 70 | 82 | 12 | 25 | 26 | 85 |
-----------------------------------------------------------------Schedule complete
Client 12 trained
Client 12 uploaded
Client 92 trained
Client 92 uploaded
Client 66 trained
Client 66 uploaded
Client 25 trained
Client 25 uploaded
Client 46 trained
Client 46 uploaded
Client 62 trained
Client 62 uploaded
Client 70 trained
Client 70 uploaded
Client 85 trained
Client 85 uploaded
Client 26 trained
Client 26 uploaded
Client 82 trained
Client 82 uploaded
Epoch(t): 20 accuracy: 38.3 loss 1.6937440025806427 run_time: 363.62167382240295
Current clients: 100 , select: 10
| current_epoch 21 |. Begin client select
SchedulerThread select( 10 clients):
99 | 52 | 70 | 34 | 46 | 98 | 77 | 31 | 68 | 51 |
-----------------------------------------------------------------Schedule complete
Client 31 trained
Client 31 uploaded
Client 52 trained
Client 52 uploaded
Client 46 trained
Client 46 uploaded
Client 98 trained
Client 98 uploaded
Client 70 trained
Client 70 uploaded
Client 68 trained
Client 68 uploaded
Client 51 trained
Client 51 uploaded
Client 99 trained
Client 99 uploaded
Client 77 trained
Client 77 uploaded
Client 34 trained
Client 34 uploaded
Epoch(t): 21 accuracy: 47.4 loss 1.4901597726345062 run_time: 382.71712350845337
Current clients: 100 , select: 10
| current_epoch 22 |. Begin client select
SchedulerThread select( 10 clients):
27 | 87 | 96 | 9 | 55 | 15 | 38 | 90 | 37 | 92 |
-----------------------------------------------------------------Schedule complete
Client 9 trained
Client 9 uploaded
Client 92 trained
Client 92 uploaded
Client 37 trained
Client 37 uploaded
Client 87 trained
Client 87 uploaded
Client 27 trained
Client 27 uploaded
Client 55 trained
Client 55 uploaded
Client 38 trained
Client 38 uploaded
Client 90 trained
Client 90 uploaded
Client 15 trained
Client 15 uploaded
Client 96 trained
Client 96 uploaded
Epoch(t): 22 accuracy: 38.44 loss 1.785786143541336 run_time: 400.3384122848511
Current clients: 100 , select: 10
| current_epoch 23 |. Begin client select
SchedulerThread select( 10 clients):
97 | 28 | 24 | 71 | 20 | 68 | 41 | 84 | 90 | 21 |
-----------------------------------------------------------------Schedule complete
Client 28 trained
Client 28 uploaded
Client 41 trained
Client 41 uploaded
Client 84 trained
Client 84 uploaded
Client 24 trained
Client 24 uploaded
Client 71 trained
Client 71 uploaded
Client 21 trained
Client 21 uploaded
Client 20 trained
Client 20 uploaded
Client 68 trained
Client 68 uploaded
Client 97 trained
Client 97 uploaded
Client 90 trained
Client 90 uploaded
Epoch(t): 23 accuracy: 42.21 loss 1.6694985616207123 run_time: 415.0100164413452
Current clients: 100 , select: 10
| current_epoch 24 |. Begin client select
SchedulerThread select( 10 clients):
96 | 35 | 18 | 45 | 38 | 8 | 48 | 97 | 81 | 56 |
-----------------------------------------------------------------Schedule complete
Client 18 trained
Client 18 uploaded
Client 81 trained
Client 81 uploaded
Client 48 trained
Client 48 uploaded
Client 8 trained
Client 8 uploaded
Client 35 trained
Client 35 uploaded
Client 97 trained
Client 97 uploaded
Client 56 trained
Client 56 uploaded
Client 38 trained
Client 38 uploaded
Client 45 trained
Client 45 uploaded
Client 96 trained
Client 96 uploaded
Epoch(t): 24 accuracy: 45.8 loss 1.5100470197200775 run_time: 434.7088384628296
Current clients: 100 , select: 10
| current_epoch 25 |. Begin client select
SchedulerThread select( 10 clients):
40 | 69 | 90 | 49 | 86 | 66 | 57 | 73 | 94 | 72 |
-----------------------------------------------------------------Schedule complete
Client 94 trained
Client 94 uploaded
Client 86 trained
Client 86 uploaded
Client 57 trained
Client 57 uploaded
Client 49 trained
Client 49 uploaded
Client 66 trained
Client 66 uploaded
Client 40 trained
Client 40 uploaded
Client 72 trained
Client 72 uploaded
Client 73 trained
Client 73 uploaded
Client 90 trained
Client 90 uploaded
Client 69 trained
Client 69 uploaded
Epoch(t): 25 accuracy: 33.93 loss 2.076572159528732 run_time: 449.88443398475647
Current clients: 100 , select: 10
| current_epoch 26 |. Begin client select
SchedulerThread select( 10 clients):
53 | 95 | 11 | 68 | 5 | 28 | 67 | 64 | 74 | 57 |
-----------------------------------------------------------------Schedule complete
Client 5 trained
Client 5 uploaded
Client 28 trained
Client 28 uploaded
Client 74 trained
Client 74 uploaded
Client 57 trained
Client 57 uploaded
Client 95 trained
Client 95 uploaded
Client 67 trained
Client 67 uploaded
Client 68 trained
Client 68 uploaded
Client 64 trained
Client 64 uploaded
Client 11 trained
Client 11 uploaded
Client 53 trained
Client 53 uploaded
Epoch(t): 26 accuracy: 44.4 loss 1.4902734231948853 run_time: 466.8923327922821
Current clients: 100 , select: 10
| current_epoch 27 |. Begin client select
SchedulerThread select( 10 clients):
73 | 4 | 82 | 94 | 17 | 23 | 51 | 40 | 34 | 32 |
-----------------------------------------------------------------Schedule complete
Client 94 trained
Client 94 uploaded
Client 40 trained
Client 40 uploaded
Client 17 trained
Client 17 uploaded
Client 82 trained
Client 82 uploaded
Client 51 trained
Client 51 uploaded
Client 23 trained
Client 23 uploaded
Client 73 trained
Client 73 uploaded
Client 34 trained
Client 34 uploaded
Client 32 trained
Client 32 uploaded
Client 4 trained
Client 4 uploaded
Epoch(t): 27 accuracy: 43.68 loss 1.52668661236763 run_time: 490.17092967033386
Current clients: 100 , select: 10
| current_epoch 28 |. Begin client select
SchedulerThread select( 10 clients):
86 | 25 | 54 | 50 | 10 | 61 | 96 | 40 | 34 | 37 |
-----------------------------------------------------------------Schedule complete
Client 86 trained
Client 86 uploaded
Client 61 trained
Client 61 uploaded
Client 37 trained
Client 37 uploaded
Client 40 trained
Client 40 uploaded
Client 25 trained
Client 25 uploaded
Client 54 trained
Client 54 uploaded
Client 50 trained
Client 50 uploaded
Client 10 trained
Client 10 uploaded
Client 34 trained
Client 34 uploaded
Client 96 trained
Client 96 uploaded
Epoch(t): 28 accuracy: 38.36 loss 1.9110865306854248 run_time: 507.5032887458801
Current clients: 100 , select: 10
| current_epoch 29 |. Begin client select
SchedulerThread select( 10 clients):
10 | 6 | 13 | 68 | 4 | 78 | 40 | 97 | 63 | 66 |
-----------------------------------------------------------------Schedule complete
Client 13 trained
Client 13 uploaded
Client 66 trained
Client 66 uploaded
Client 40 trained
Client 40 uploaded
Client 6 trained
Client 6 uploaded
Client 97 trained
Client 97 uploaded
Client 78 trained
Client 78 uploaded
Client 68 trained
Client 68 uploaded
Client 63 trained
Client 63 uploaded
Client 10 trained
Client 10 uploaded
Client 4 trained
Client 4 uploaded
Epoch(t): 29 accuracy: 37.03 loss 1.8358330523967743 run_time: 527.775185585022
Current clients: 100 , select: 10
| current_epoch 30 |. Begin client select
SchedulerThread select( 10 clients):
25 | 97 | 91 | 2 | 38 | 1 | 73 | 71 | 79 | 67 |
-----------------------------------------------------------------Schedule complete
Client 1 trained
Client 1 uploaded
Client 71 trained
Client 71 uploaded
Client 25 trained
Client 25 uploaded
Client 67 trained
Client 67 uploaded
Client 97 trained
Client 97 uploaded
Client 38 trained
Client 38 uploaded
Client 73 trained
Client 73 uploaded
Client 79 trained
Client 79 uploaded
Client 2 trained
Client 2 uploaded
Client 91 trained
Client 91 uploaded
Epoch(t): 30 accuracy: 41.05 loss 1.6543649578094481 run_time: 547.0265183448792
Current clients: 100 , select: 10
| current_epoch 31 |. Begin client select
SchedulerThread select( 10 clients):
41 | 83 | 35 | 68 | 23 | 43 | 81 | 50 | 18 | 26 |
-----------------------------------------------------------------Schedule complete
Client 41 trained
Client 41 uploaded
Client 18 trained
Client 18 uploaded
Client 81 trained
Client 81 uploaded
Client 50 trained
Client 50 uploaded
Client 35 trained
Client 35 uploaded
Client 68 trained
Client 68 uploaded
Client 83 trained
Client 83 uploaded
Client 26 trained
Client 26 uploaded
Client 23 trained
Client 23 uploaded
Client 43 trained
Client 43 uploaded
Epoch(t): 31 accuracy: 50.47 loss 1.4016825699806212 run_time: 566.7032418251038
Current clients: 100 , select: 10
| current_epoch 32 |. Begin client select
SchedulerThread select( 10 clients):
39 | 43 | 64 | 71 | 96 | 52 | 95 | 19 | 83 | 76 |
-----------------------------------------------------------------Schedule complete
Client 39 trained
Client 39 uploaded
Client 19 trained
Client 19 uploaded
Client 71 trained
Client 71 uploaded
Client 52 trained
Client 52 uploaded
Client 95 trained
Client 95 uploaded
Client 83 trained
Client 83 uploaded
Client 64 trained
Client 64 uploaded
Client 76 trained
Client 76 uploaded
Client 96 trained
Client 96 uploaded
Client 43 trained
Client 43 uploaded
Epoch(t): 32 accuracy: 53.92 loss 1.2955500173568726 run_time: 585.8857288360596
Current clients: 100 , select: 10
| current_epoch 33 |. Begin client select
SchedulerThread select( 10 clients):
64 | 5 | 80 | 99 | 88 | 82 | 31 | 4 | 47 | 93 |
-----------------------------------------------------------------Schedule complete
Client 5 trained
Client 5 uploaded
Client 31 trained
Client 31 uploaded
Client 93 trained
Client 93 uploaded
Client 88 trained
Client 88 uploaded
Client 47 trained
Client 47 uploaded
Client 64 trained
Client 64 uploaded
Client 82 trained
Client 82 uploaded
Client 80 trained
Client 80 uploaded
Client 99 trained
Client 99 uploaded
Client 4 trained
Client 4 uploaded
Epoch(t): 33 accuracy: 41.49 loss 1.7204318356513977 run_time: 603.9924619197845
Current clients: 100 , select: 10
| current_epoch 34 |. Begin client select
SchedulerThread select( 10 clients):
25 | 74 | 24 | 17 | 3 | 85 | 32 | 47 | 72 | 26 |
-----------------------------------------------------------------Schedule complete
Client 74 trained
Client 74 uploaded
Client 24 trained
Client 24 uploaded
Client 3 trained
Client 3 uploaded
Client 17 trained
Client 17 uploaded
Client 25 trained
Client 25 uploaded
Client 72 trained
Client 72 uploaded
Client 47 trained
Client 47 uploaded
Client 85 trained
Client 85 uploaded
Client 26 trained
Client 26 uploaded
Client 32 trained
Client 32 uploaded
Epoch(t): 34 accuracy: 41.62 loss 1.6722969114780426 run_time: 621.1140372753143
Current clients: 100 , select: 10
| current_epoch 35 |. Begin client select
SchedulerThread select( 10 clients):
30 | 46 | 62 | 0 | 67 | 44 | 75 | 19 | 10 | 81 |
-----------------------------------------------------------------Schedule complete
Client 44 trained
Client 44 uploaded
Client 19 trained
Client 19 uploaded
Client 75 trained
Client 75 uploaded
Client 46 trained
Client 46 uploaded
Client 62 trained
Client 62 uploaded
Client 81 trained
Client 81 uploaded
Client 67 trained
Client 67 uploaded
Client 30 trained
Client 30 uploaded
Client 0 trained
Client 0 uploaded
Client 10 trained
Client 10 uploaded
Epoch(t): 35 accuracy: 47.16 loss 1.5028004467487335 run_time: 639.1251204013824
Current clients: 100 , select: 10
| current_epoch 36 |. Begin client select
SchedulerThread select( 10 clients):
79 | 55 | 15 | 36 | 68 | 29 | 39 | 81 | 56 | 41 |
-----------------------------------------------------------------Schedule complete
Client 41 trained
Client 41 uploaded
Client 39 trained
Client 39 uploaded
Client 81 trained
Client 81 uploaded
Client 55 trained
Client 55 uploaded
Client 68 trained
Client 68 uploaded
Client 36 trained
Client 36 uploaded
Client 56 trained
Client 56 uploaded
Client 79 trained
Client 79 uploaded
Client 15 trained
Client 15 uploaded
Client 29 trained
Client 29 uploaded
Epoch(t): 36 accuracy: 49.33 loss 1.433547763824463 run_time: 659.6008744239807
Current clients: 100 , select: 10
| current_epoch 37 |. Begin client select
SchedulerThread select( 10 clients):
78 | 25 | 0 | 26 | 21 | 66 | 88 | 97 | 53 | 19 |
-----------------------------------------------------------------Schedule complete
Client 66 trained
Client 66 uploaded
Client 19 trained
Client 19 uploaded
Client 25 trained
Client 25 uploaded
Client 21 trained
Client 21 uploaded
Client 88 trained
Client 88 uploaded
Client 97 trained
Client 97 uploaded
Client 78 trained
Client 78 uploaded
Client 26 trained
Client 26 uploaded
Client 0 trained
Client 0 uploaded
Client 53 trained
Client 53 uploaded
Epoch(t): 37 accuracy: 51.35 loss 1.361995599269867 run_time: 680.3721816539764
Current clients: 100 , select: 10
| current_epoch 38 |. Begin client select
SchedulerThread select( 10 clients):
34 | 68 | 62 | 31 | 12 | 83 | 58 | 21 | 86 | 6 |
-----------------------------------------------------------------Schedule complete
Client 31 trained
Client 31 uploaded
Client 12 trained
Client 12 uploaded
Client 86 trained
Client 86 uploaded
Client 58 trained
Client 58 uploaded
Client 21 trained
Client 21 uploaded
Client 62 trained
Client 62 uploaded
Client 6 trained
Client 6 uploaded
Client 83 trained
Client 83 uploaded
Client 68 trained
Client 68 uploaded
Client 34 trained
Client 34 uploaded
Epoch(t): 38 accuracy: 50.11 loss 1.409712940454483 run_time: 694.7741553783417
Current clients: 100 , select: 10
| current_epoch 39 |. Begin client select
SchedulerThread select( 10 clients):
2 | 40 | 59 | 76 | 3 | 12 | 69 | 49 | 51 | 15 |
-----------------------------------------------------------------Schedule complete
Client 12 trained
Client 12 uploaded
Client 49 trained
Client 49 uploaded
Client 40 trained
Client 40 uploaded
Client 3 trained
Client 3 uploaded
Client 76 trained
Client 76 uploaded
Client 59 trained
Client 59 uploaded
Client 51 trained
Client 51 uploaded
Client 2 trained
Client 2 uploaded
Client 15 trained
Client 15 uploaded
Client 69 trained
Client 69 uploaded
Epoch(t): 39 accuracy: 44.85 loss 1.7244660472869873 run_time: 715.1732347011566
Current clients: 100 , select: 10
| current_epoch 40 |. Begin client select
SchedulerThread select( 10 clients):
40 | 1 | 67 | 86 | 37 | 12 | 20 | 0 | 23 | 51 |
-----------------------------------------------------------------Schedule complete
Client 1 trained
Client 1 uploaded
Client 86 trained
Client 86 uploaded
Client 12 trained
Client 12 uploaded
Client 37 trained
Client 37 uploaded
Client 40 trained
Client 40 uploaded
Client 20 trained
Client 20 uploaded
Client 67 trained
Client 67 uploaded
Client 51 trained
Client 51 uploaded
Client 23 trained
Client 23 uploaded
Client 0 trained
Client 0 uploaded
Epoch(t): 40 accuracy: 46.14 loss 1.614436274766922 run_time: 729.5995163917542
Current clients: 100 , select: 10
| current_epoch 41 |. Begin client select
SchedulerThread select( 10 clients):
88 | 32 | 5 | 39 | 97 | 96 | 15 | 79 | 17 | 59 |
-----------------------------------------------------------------Schedule complete
Client 5 trained
Client 5 uploaded
Client 39 trained
Client 39 uploaded
Client 17 trained
Client 17 uploaded
Client 88 trained
Client 88 uploaded
Client 97 trained
Client 97 uploaded
Client 59 trained
Client 59 uploaded
Client 79 trained
Client 79 uploaded
Client 15 trained
Client 15 uploaded
Client 32 trained
Client 32 uploaded
Client 96 trained
Client 96 uploaded
Epoch(t): 41 accuracy: 50.93 loss 1.4236384427547455 run_time: 749.2958643436432
Current clients: 100 , select: 10
| current_epoch 42 |. Begin client select
SchedulerThread select( 10 clients):
11 | 86 | 56 | 62 | 98 | 49 | 40 | 63 | 14 | 16 |
-----------------------------------------------------------------Schedule complete
Client 14 trained
Client 14 uploaded
Client 86 trained
Client 86 uploaded
Client 49 trained
Client 49 uploaded
Client 40 trained
Client 40 uploaded
Client 98 trained
Client 98 uploaded
Client 62 trained
Client 62 uploaded
Client 56 trained
Client 56 uploaded
Client 63 trained
Client 63 uploaded
Client 16 trained
Client 16 uploaded
Client 11 trained
Client 11 uploaded
Epoch(t): 42 accuracy: 57.66 loss 1.187628743648529 run_time: 766.8615489006042
Current clients: 100 , select: 10
| current_epoch 43 |. Begin client select
SchedulerThread select( 10 clients):
7 | 62 | 18 | 73 | 59 | 3 | 52 | 48 | 90 | 91 |
-----------------------------------------------------------------Schedule complete
Client 18 trained
Client 18 uploaded
Client 52 trained
Client 52 uploaded
Client 3 trained
Client 3 uploaded
Client 48 trained
Client 48 uploaded
Client 62 trained
Client 62 uploaded
Client 7 trained
Client 7 uploaded
Client 59 trained
Client 59 uploaded
Client 73 trained
Client 73 uploaded
Client 90 trained
Client 90 uploaded
Client 91 trained
Client 91 uploaded
Epoch(t): 43 accuracy: 49.31 loss 1.4092508888244628 run_time: 786.2991306781769
Current clients: 100 , select: 10
| current_epoch 44 |. Begin client select
SchedulerThread select( 10 clients):
99 | 72 | 45 | 77 | 76 | 93 | 4 | 65 | 53 | 74 |
-----------------------------------------------------------------Schedule complete
Client 93 trained
Client 93 uploaded
Client 74 trained
Client 74 uploaded
Client 72 trained
Client 72 uploaded
Client 65 trained
Client 65 uploaded
Client 76 trained
Client 76 uploaded
Client 45 trained
Client 45 uploaded
Client 99 trained
Client 99 uploaded
Client 77 trained
Client 77 uploaded
Client 53 trained
Client 53 uploaded
Client 4 trained
Client 4 uploaded
Epoch(t): 44 accuracy: 47.48 loss 1.5157253885269164 run_time: 809.6757245063782
Current clients: 100 , select: 10
| current_epoch 45 |. Begin client select
SchedulerThread select( 10 clients):
27 | 46 | 2 | 50 | 75 | 58 | 70 | 31 | 18 | 24 |
-----------------------------------------------------------------Schedule complete
Client 31 trained
Client 31 uploaded
Client 58 trained
Client 58 uploaded
Client 18 trained
Client 18 uploaded
Client 24 trained
Client 24 uploaded
Client 75 trained
Client 75 uploaded
Client 46 trained
Client 46 uploaded
Client 27 trained
Client 27 uploaded
Client 50 trained
Client 50 uploaded
Client 70 trained
Client 70 uploaded
Client 2 trained
Client 2 uploaded
Epoch(t): 45 accuracy: 47.66 loss 1.4950166833400726 run_time: 823.1672248840332
Current clients: 100 , select: 10
| current_epoch 46 |. Begin client select
SchedulerThread select( 10 clients):
87 | 33 | 22 | 37 | 32 | 65 | 40 | 72 | 78 | 52 |
-----------------------------------------------------------------Schedule complete
Client 33 trained
Client 33 uploaded
Client 37 trained
Client 37 uploaded
Client 87 trained
Client 87 uploaded
Client 52 trained
Client 52 uploaded
Client 40 trained
Client 40 uploaded
Client 72 trained
Client 72 uploaded
Client 78 trained
Client 78 uploaded
Client 65 trained
Client 65 uploaded
Client 22 trained
Client 22 uploaded
Client 32 trained
Client 32 uploaded
Epoch(t): 46 accuracy: 49.06 loss 1.4306755018234254 run_time: 838.975563287735
Current clients: 100 , select: 10
| current_epoch 47 |. Begin client select
SchedulerThread select( 10 clients):
17 | 83 | 94 | 91 | 0 | 40 | 50 | 35 | 80 | 63 |
-----------------------------------------------------------------Schedule complete
Client 94 trained
Client 94 uploaded
Client 40 trained
Client 40 uploaded
Client 17 trained
Client 17 uploaded
Client 50 trained
Client 50 uploaded
Client 35 trained
Client 35 uploaded
Client 83 trained
Client 83 uploaded
Client 63 trained
Client 63 uploaded
Client 80 trained
Client 80 uploaded
Client 0 trained
Client 0 uploaded
Client 91 trained
Client 91 uploaded
Epoch(t): 47 accuracy: 39.31 loss 1.7928193652629851 run_time: 858.257575750351
Current clients: 100 , select: 10
| current_epoch 48 |. Begin client select
SchedulerThread select( 10 clients):
84 | 60 | 20 | 32 | 58 | 27 | 59 | 10 | 22 | 97 |
-----------------------------------------------------------------Schedule complete
Client 58 trained
Client 58 uploaded
Client 84 trained
Client 84 uploaded
Client 60 trained
Client 60 uploaded
Client 27 trained
Client 27 uploaded
Client 20 trained
Client 20 uploaded
Client 97 trained
Client 97 uploaded
Client 59 trained
Client 59 uploaded
Client 22 trained
Client 22 uploaded
Client 10 trained
Client 10 uploaded
Client 32 trained
Client 32 uploaded
Epoch(t): 48 accuracy: 42.86 loss 1.7022828197479247 run_time: 877.1628422737122
Current clients: 100 , select: 10
| current_epoch 49 |. Begin client select
SchedulerThread select( 10 clients):
75 | 87 | 45 | 71 | 78 | 11 | 22 | 40 | 21 | 49 |
-----------------------------------------------------------------Schedule complete
Client 87 trained
Client 87 uploaded
Client 49 trained
Client 49 uploaded
Client 71 trained
Client 71 uploaded
Client 40 trained
Client 40 uploaded
Client 75 trained
Client 75 uploaded
Client 21 trained
Client 21 uploaded
Client 78 trained
Client 78 uploaded
Client 45 trained
Client 45 uploaded
Client 22 trained
Client 22 uploaded
Client 11 trained
Client 11 uploaded
Epoch(t): 49 accuracy: 47.36 loss 1.498284145593643 run_time: 894.9296088218689
Current clients: 100 , select: 10
| current_epoch 50 |. Begin client select
SchedulerThread select( 10 clients):
83 | 35 | 73 | 71 | 1 | 49 | 84 | 10 | 36 | 87 |
-----------------------------------------------------------------Schedule complete
Client 1 trained
Client 1 uploaded
Client 84 trained
Client 84 uploaded
Client 87 trained
Client 87 uploaded
Client 49 trained
Client 49 uploaded
Client 71 trained
Client 71 uploaded
Client 35 trained
Client 35 uploaded
Client 83 trained
Client 83 uploaded
Client 36 trained
Client 36 uploaded
Client 73 trained
Client 73 uploaded
Client 10 trained
Client 10 uploaded
Epoch(t): 50 accuracy: 46.44 loss 1.5486509692668915 run_time: 911.4228069782257
Current clients: 100 , select: 10
| current_epoch 51 |. Begin client select
SchedulerThread select( 10 clients):
16 | 60 | 39 | 42 | 49 | 70 | 3 | 10 | 22 | 53 |
-----------------------------------------------------------------Schedule complete
Client 39 trained
Client 39 uploaded
Client 49 trained
Client 49 uploaded
Client 60 trained
Client 60 uploaded
Client 3 trained
Client 3 uploaded
Client 70 trained
Client 70 uploaded
Client 22 trained
Client 22 uploaded
Client 16 trained
Client 16 uploaded
Client 10 trained
Client 10 uploaded
Client 42 trained
Client 42 uploaded
Client 53 trained
Client 53 uploaded
Epoch(t): 51 accuracy: 52.99 loss 1.313023215532303 run_time: 933.909113407135
Current clients: 100 , select: 10
| current_epoch 52 |. Begin client select
SchedulerThread select( 10 clients):
76 | 69 | 61 | 74 | 84 | 1 | 55 | 77 | 48 | 42 |
-----------------------------------------------------------------Schedule complete
Client 1 trained
Client 1 uploaded
Client 74 trained
Client 74 uploaded
Client 61 trained
Client 61 uploaded
Client 84 trained
Client 84 uploaded
Client 48 trained
Client 48 uploaded
Client 55 trained
Client 55 uploaded
Client 76 trained
Client 76 uploaded
Client 77 trained
Client 77 uploaded
Client 42 trained
Client 42 uploaded
Client 69 trained
Client 69 uploaded
Epoch(t): 52 accuracy: 48.53 loss 1.4007592976093293 run_time: 951.2639489173889
Current clients: 100 , select: 10
| current_epoch 53 |. Begin client select
SchedulerThread select( 10 clients):
47 | 5 | 97 | 32 | 80 | 31 | 76 | 12 | 35 | 92 |
-----------------------------------------------------------------Schedule complete
Client 5 trained
Client 5 uploaded
Client 31 trained
Client 31 uploaded
Client 12 trained
Client 12 uploaded
Client 92 trained
Client 92 uploaded
Client 47 trained
Client 47 uploaded
Client 35 trained
Client 35 uploaded
Client 97 trained
Client 97 uploaded
Client 76 trained
Client 76 uploaded
Client 80 trained
Client 80 uploaded
Client 32 trained
Client 32 uploaded
Epoch(t): 53 accuracy: 45.14 loss 1.611834408044815 run_time: 966.335535287857
Current clients: 100 , select: 10
| current_epoch 54 |. Begin client select
SchedulerThread select( 10 clients):
51 | 48 | 54 | 30 | 50 | 86 | 67 | 66 | 14 | 11 |
-----------------------------------------------------------------Schedule complete
Client 14 trained
Client 14 uploaded
Client 86 trained
Client 86 uploaded
Client 66 trained
Client 66 uploaded
Client 48 trained
Client 48 uploaded
Client 54 trained
Client 54 uploaded
Client 50 trained
Client 50 uploaded
Client 67 trained
Client 67 uploaded
Client 51 trained
Client 51 uploaded
Client 30 trained
Client 30 uploaded
Client 11 trained
Client 11 uploaded
Epoch(t): 54 accuracy: 46.89 loss 1.4740839898586273 run_time: 983.7093920707703
Current clients: 100 , select: 10
| current_epoch 55 |. Begin client select
SchedulerThread select( 10 clients):
68 | 7 | 50 | 10 | 94 | 87 | 28 | 88 | 37 | 6 |
-----------------------------------------------------------------Schedule complete
Client 94 trained
Client 94 uploaded
Client 28 trained
Client 28 uploaded
Client 37 trained
Client 37 uploaded
Client 87 trained
Client 87 uploaded
Client 88 trained
Client 88 uploaded
Client 50 trained
Client 50 uploaded
Client 68 trained
Client 68 uploaded
Client 6 trained
Client 6 uploaded
Client 7 trained
Client 7 uploaded
Client 10 trained
Client 10 uploaded
Epoch(t): 55 accuracy: 45.17 loss 1.5725065422058107 run_time: 999.0814707279205
Current clients: 100 , select: 10
| current_epoch 56 |. Begin client select
SchedulerThread select( 10 clients):
49 | 67 | 94 | 33 | 79 | 24 | 87 | 34 | 80 | 27 |
-----------------------------------------------------------------Schedule complete
Client 94 trained
Client 94 uploaded
Client 33 trained
Client 33 uploaded
Client 49 trained
Client 49 uploaded
Client 24 trained
Client 24 uploaded
Client 87 trained
Client 87 uploaded
Client 27 trained
Client 27 uploaded
Client 67 trained
Client 67 uploaded
Client 79 trained
Client 79 uploaded
Client 80 trained
Client 80 uploaded
Client 34 trained
Client 34 uploaded
Epoch(t): 56 accuracy: 44.67 loss 1.6959059166908264 run_time: 1013.3253207206726
Current clients: 100 , select: 10
| current_epoch 57 |. Begin client select
SchedulerThread select( 10 clients):
30 | 21 | 63 | 47 | 67 | 49 | 66 | 8 | 46 | 10 |
-----------------------------------------------------------------Schedule complete
Client 66 trained
Client 66 uploaded
Client 49 trained
Client 49 uploaded
Client 46 trained
Client 46 uploaded
Client 21 trained
Client 21 uploaded
Client 67 trained
Client 67 uploaded
Client 47 trained
Client 47 uploaded
Client 8 trained
Client 8 uploaded
Client 63 trained
Client 63 uploaded
Client 30 trained
Client 30 uploaded
Client 10 trained
Client 10 uploaded
Epoch(t): 57 accuracy: 57.82 loss 1.2489490056037902 run_time: 1032.3216133117676
Current clients: 100 , select: 10
| current_epoch 58 |. Begin client select
SchedulerThread select( 10 clients):
4 | 7 | 88 | 40 | 68 | 36 | 84 | 20 | 62 | 31 |
-----------------------------------------------------------------Schedule complete
Client 31 trained
Client 31 uploaded
Client 84 trained
Client 84 uploaded
Client 40 trained
Client 40 uploaded
Client 88 trained
Client 88 uploaded
Client 62 trained
Client 62 uploaded
Client 20 trained
Client 20 uploaded
Client 68 trained
Client 68 uploaded
Client 7 trained
Client 7 uploaded
Client 36 trained
Client 36 uploaded
Client 4 trained
Client 4 uploaded
Epoch(t): 58 accuracy: 47.5 loss 1.603061977624893 run_time: 1050.7451782226562
Current clients: 100 , select: 10
| current_epoch 59 |. Begin client select
SchedulerThread select( 10 clients):
81 | 66 | 16 | 6 | 17 | 91 | 49 | 25 | 70 | 40 |
-----------------------------------------------------------------Schedule complete
Client 49 trained
Client 49 uploaded
Client 66 trained
Client 66 uploaded
Client 40 trained
Client 40 uploaded
Client 25 trained
Client 25 uploaded
Client 17 trained
Client 17 uploaded
Client 81 trained
Client 81 uploaded
Client 6 trained
Client 6 uploaded
Client 70 trained
Client 70 uploaded
Client 91 trained
Client 91 uploaded
Client 16 trained
Client 16 uploaded
Epoch(t): 59 accuracy: 57.66 loss 1.187746319770813 run_time: 1068.4280529022217
Current clients: 100 , select: 10
| current_epoch 60 |. Begin client select
SchedulerThread select( 10 clients):
77 | 8 | 41 | 84 | 81 | 1 | 37 | 59 | 28 | 78 |
-----------------------------------------------------------------Schedule complete
Client 1 trained
Client 1 uploaded
Client 28 trained
Client 28 uploaded
Client 41 trained
Client 41 uploaded
Client 37 trained
Client 37 uploaded
Client 84 trained
Client 84 uploaded
Client 81 trained
Client 81 uploaded
Client 8 trained
Client 8 uploaded
Client 59 trained
Client 59 uploaded
Client 78 trained
Client 78 uploaded
Client 77 trained
Client 77 uploaded
Epoch(t): 60 accuracy: 48.42 loss 1.5231164836883544 run_time: 1081.9021368026733
Current clients: 100 , select: 10
| current_epoch 61 |. Begin client select
SchedulerThread select( 10 clients):
92 | 69 | 45 | 75 | 56 | 48 | 97 | 52 | 37 | 17 |
-----------------------------------------------------------------Schedule complete
Client 37 trained
Client 37 uploaded
Client 92 trained
Client 92 uploaded
Client 52 trained
Client 52 uploaded
Client 75 trained
Client 75 uploaded
Client 17 trained
Client 17 uploaded
Client 48 trained
Client 48 uploaded
Client 97 trained
Client 97 uploaded
Client 56 trained
Client 56 uploaded
Client 45 trained
Client 45 uploaded
Client 69 trained
Client 69 uploaded
Epoch(t): 61 accuracy: 51.78 loss 1.3967665028572083 run_time: 1099.2715694904327
Current clients: 100 , select: 10
| current_epoch 62 |. Begin client select
SchedulerThread select( 10 clients):
35 | 67 | 77 | 32 | 6 | 39 | 72 | 58 | 85 | 70 |
-----------------------------------------------------------------Schedule complete
Client 58 trained
Client 58 uploaded
Client 39 trained
Client 39 uploaded
Client 72 trained
Client 72 uploaded
Client 35 trained
Client 35 uploaded
Client 6 trained
Client 6 uploaded
Client 67 trained
Client 67 uploaded
Client 70 trained
Client 70 uploaded
Client 85 trained
Client 85 uploaded
Client 77 trained
Client 77 uploaded
Client 32 trained
Client 32 uploaded
Epoch(t): 62 accuracy: 53.98 loss 1.2845127928256987 run_time: 1118.355714559555
Current clients: 100 , select: 10
| current_epoch 63 |. Begin client select
SchedulerThread select( 10 clients):
7 | 21 | 81 | 48 | 91 | 98 | 90 | 13 | 14 | 52 |
-----------------------------------------------------------------Schedule complete
Client 13 trained
Client 13 uploaded
Client 14 trained
Client 14 uploaded
Client 52 trained
Client 52 uploaded
Client 98 trained
Client 98 uploaded
Client 48 trained
Client 48 uploaded
Client 21 trained
Client 21 uploaded
Client 81 trained
Client 81 uploaded
Client 7 trained
Client 7 uploaded
Client 90 trained
Client 90 uploaded
Client 91 trained
Client 91 uploaded
Epoch(t): 63 accuracy: 51.13 loss 1.3327841639518738 run_time: 1134.2594397068024
Current clients: 100 , select: 10
| current_epoch 64 |. Begin client select
SchedulerThread select( 10 clients):
52 | 24 | 86 | 47 | 40 | 48 | 23 | 37 | 20 | 99 |
-----------------------------------------------------------------Schedule complete
Client 86 trained
Client 86 uploaded
Client 37 trained
Client 37 uploaded
Client 24 trained
Client 24 uploaded
Client 52 trained
Client 52 uploaded
Client 40 trained
Client 40 uploaded
Client 20 trained
Client 20 uploaded
Client 48 trained
Client 48 uploaded
Client 47 trained
Client 47 uploaded
Client 23 trained
Client 23 uploaded
Client 99 trained
Client 99 uploaded
Epoch(t): 64 accuracy: 56.86 loss 1.2360340029001236 run_time: 1149.7684621810913
Current clients: 100 , select: 10
| current_epoch 65 |. Begin client select
SchedulerThread select( 10 clients):
0 | 47 | 93 | 11 | 19 | 45 | 59 | 33 | 56 | 41 |
-----------------------------------------------------------------Schedule complete
Client 93 trained
Client 93 uploaded
Client 33 trained
Client 33 uploaded
Client 41 trained
Client 41 uploaded
Client 19 trained
Client 19 uploaded
Client 47 trained
Client 47 uploaded
Client 59 trained
Client 59 uploaded
Client 56 trained
Client 56 uploaded
Client 45 trained
Client 45 uploaded
Client 0 trained
Client 0 uploaded
Client 11 trained
Client 11 uploaded
Epoch(t): 65 accuracy: 51.72 loss 1.359864720106125 run_time: 1166.9584212303162
Current clients: 100 , select: 10
| current_epoch 66 |. Begin client select
SchedulerThread select( 10 clients):
36 | 38 | 64 | 99 | 88 | 83 | 82 | 91 | 30 | 39 |
-----------------------------------------------------------------Schedule complete
Client 39 trained
Client 39 uploaded
Client 88 trained
Client 88 uploaded
Client 83 trained
Client 83 uploaded
Client 64 trained
Client 64 uploaded
Client 38 trained
Client 38 uploaded
Client 36 trained
Client 36 uploaded
Client 82 trained
Client 82 uploaded
Client 99 trained
Client 99 uploaded
Client 30 trained
Client 30 uploaded
Client 91 trained
Client 91 uploaded
Epoch(t): 66 accuracy: 55.57 loss 1.2767720448970794 run_time: 1188.5100162029266
Current clients: 100 , select: 10
| current_epoch 67 |. Begin client select
SchedulerThread select( 10 clients):
45 | 73 | 70 | 78 | 41 | 90 | 23 | 2 | 86 | 85 |
-----------------------------------------------------------------Schedule complete
Client 86 trained
Client 86 uploaded
Client 41 trained
Client 41 uploaded
Client 70 trained
Client 70 uploaded
Client 78 trained
Client 78 uploaded
Client 85 trained
Client 85 uploaded
Client 23 trained
Client 23 uploaded
Client 45 trained
Client 45 uploaded
Client 73 trained
Client 73 uploaded
Client 90 trained
Client 90 uploaded
Client 2 trained
Client 2 uploaded
Epoch(t): 67 accuracy: 44.25 loss 1.5907784390449524 run_time: 1208.9825949668884
Current clients: 100 , select: 10
| current_epoch 68 |. Begin client select
SchedulerThread select( 10 clients):
96 | 99 | 14 | 32 | 66 | 55 | 81 | 8 | 87 | 84 |
-----------------------------------------------------------------Schedule complete
Client 14 trained
Client 14 uploaded
Client 84 trained
Client 84 uploaded
Client 66 trained
Client 66 uploaded
Client 87 trained
Client 87 uploaded
Client 81 trained
Client 81 uploaded
Client 55 trained
Client 55 uploaded
Client 8 trained
Client 8 uploaded
Client 99 trained
Client 99 uploaded
Client 96 trained
Client 96 uploaded
Client 32 trained
Client 32 uploaded
Epoch(t): 68 accuracy: 55.13 loss 1.3337974643707275 run_time: 1225.7229018211365
Current clients: 100 , select: 10
| current_epoch 69 |. Begin client select
SchedulerThread select( 10 clients):
64 | 16 | 46 | 95 | 60 | 47 | 59 | 88 | 39 | 66 |
-----------------------------------------------------------------Schedule complete
Client 39 trained
Client 39 uploaded
Client 66 trained
Client 66 uploaded
Client 60 trained
Client 60 uploaded
Client 46 trained
Client 46 uploaded
Client 88 trained
Client 88 uploaded
Client 95 trained
Client 95 uploaded
Client 47 trained
Client 47 uploaded
Client 59 trained
Client 59 uploaded
Client 64 trained
Client 64 uploaded
Client 16 trained
Client 16 uploaded
Epoch(t): 69 accuracy: 52.81 loss 1.3212699472904206 run_time: 1242.612586259842
Current clients: 100 , select: 10
| current_epoch 70 |. Begin client select
SchedulerThread select( 10 clients):
36 | 23 | 11 | 88 | 14 | 89 | 53 | 54 | 6 | 94 |
-----------------------------------------------------------------Schedule complete
Client 94 trained
Client 94 uploaded
Client 14 trained
Client 14 uploaded
Client 54 trained
Client 54 uploaded
Client 88 trained
Client 88 uploaded
Client 6 trained
Client 6 uploaded
Client 36 trained
Client 36 uploaded
Client 23 trained
Client 23 uploaded
Client 11 trained
Client 11 uploaded
Client 89 trained
Client 89 uploaded
Client 53 trained
Client 53 uploaded
Epoch(t): 70 accuracy: 48.05 loss 1.4286590325832367 run_time: 1264.6127767562866
Current clients: 100 , select: 10
| current_epoch 71 |. Begin client select
SchedulerThread select( 10 clients):
40 | 37 | 84 | 28 | 4 | 98 | 13 | 11 | 75 | 66 |
-----------------------------------------------------------------Schedule complete
Client 13 trained
Client 13 uploaded
Client 28 trained
Client 28 uploaded
Client 37 trained
Client 37 uploaded
Client 84 trained
Client 84 uploaded
Client 66 trained
Client 66 uploaded
Client 40 trained
Client 40 uploaded
Client 75 trained
Client 75 uploaded
Client 98 trained
Client 98 uploaded
Client 11 trained
Client 11 uploaded
Client 4 trained
Client 4 uploaded
Epoch(t): 71 accuracy: 51.13 loss 1.428760017156601 run_time: 1279.563217639923
Current clients: 100 , select: 10
| current_epoch 72 |. Begin client select
SchedulerThread select( 10 clients):
88 | 60 | 28 | 87 | 20 | 42 | 43 | 63 | 32 | 36 |
-----------------------------------------------------------------Schedule complete
Client 28 trained
Client 28 uploaded
Client 87 trained
Client 87 uploaded
Client 60 trained
Client 60 uploaded
Client 88 trained
Client 88 uploaded
Client 20 trained
Client 20 uploaded
Client 36 trained
Client 36 uploaded
Client 63 trained
Client 63 uploaded
Client 43 trained
Client 43 uploaded
Client 32 trained
Client 32 uploaded
Client 42 trained
Client 42 uploaded
Epoch(t): 72 accuracy: 58.17 loss 1.1678430449962616 run_time: 1300.7972688674927
Current clients: 100 , select: 10
| current_epoch 73 |. Begin client select
SchedulerThread select( 10 clients):
13 | 35 | 27 | 63 | 92 | 4 | 80 | 10 | 28 | 69 |
-----------------------------------------------------------------Schedule complete
Client 13 trained
Client 13 uploaded
Client 28 trained
Client 28 uploaded
Client 92 trained
Client 92 uploaded
Client 27 trained
Client 27 uploaded
Client 35 trained
Client 35 uploaded
Client 80 trained
Client 80 uploaded
Client 63 trained
Client 63 uploaded
Client 10 trained
Client 10 uploaded
Client 69 trained
Client 69 uploaded
Client 4 trained
Client 4 uploaded
Epoch(t): 73 accuracy: 58.32 loss 1.2454355841875075 run_time: 1322.17613363266
Current clients: 100 , select: 10
| current_epoch 74 |. Begin client select
SchedulerThread select( 10 clients):
82 | 99 | 86 | 94 | 54 | 90 | 84 | 42 | 19 | 71 |
-----------------------------------------------------------------Schedule complete
Client 94 trained
Client 94 uploaded
Client 86 trained
Client 86 uploaded
Client 84 trained
Client 84 uploaded
Client 19 trained
Client 19 uploaded
Client 71 trained
Client 71 uploaded
Client 54 trained
Client 54 uploaded
Client 82 trained
Client 82 uploaded
Client 90 trained
Client 90 uploaded
Client 99 trained
Client 99 uploaded
Client 42 trained
Client 42 uploaded
Epoch(t): 74 accuracy: 59.25 loss 1.1591229993104935 run_time: 1338.633725643158
Current clients: 100 , select: 10
| current_epoch 75 |. Begin client select
SchedulerThread select( 10 clients):
76 | 81 | 71 | 15 | 12 | 92 | 73 | 26 | 59 | 47 |
-----------------------------------------------------------------Schedule complete
Client 12 trained
Client 12 uploaded
Client 92 trained
Client 92 uploaded
Client 71 trained
Client 71 uploaded
Client 81 trained
Client 81 uploaded
Client 47 trained
Client 47 uploaded
Client 76 trained
Client 76 uploaded
Client 59 trained
Client 59 uploaded
Client 26 trained
Client 26 uploaded
Client 73 trained
Client 73 uploaded
Client 15 trained
Client 15 uploaded
Epoch(t): 75 accuracy: 54.0 loss 1.3651857316493987 run_time: 1356.1675391197205
Current clients: 100 , select: 10
| current_epoch 76 |. Begin client select
SchedulerThread select( 10 clients):
21 | 26 | 71 | 42 | 0 | 51 | 82 | 18 | 63 | 13 |
-----------------------------------------------------------------Schedule complete
Client 13 trained
Client 13 uploaded
Client 18 trained
Client 18 uploaded
Client 71 trained
Client 71 uploaded
Client 21 trained
Client 21 uploaded
Client 82 trained
Client 82 uploaded
Client 26 trained
Client 26 uploaded
Client 51 trained
Client 51 uploaded
Client 63 trained
Client 63 uploaded
Client 0 trained
Client 0 uploaded
Client 42 trained
Client 42 uploaded
Epoch(t): 76 accuracy: 52.5 loss 1.4013603150844574 run_time: 1375.3652806282043
Current clients: 100 , select: 10
| current_epoch 77 |. Begin client select
SchedulerThread select( 10 clients):
91 | 99 | 95 | 11 | 44 | 82 | 5 | 55 | 67 | 46 |
-----------------------------------------------------------------Schedule complete
Client 5 trained
Client 5 uploaded
Client 44 trained
Client 44 uploaded
Client 46 trained
Client 46 uploaded
Client 67 trained
Client 67 uploaded
Client 55 trained
Client 55 uploaded
Client 95 trained
Client 95 uploaded
Client 82 trained
Client 82 uploaded
Client 99 trained
Client 99 uploaded
Client 91 trained
Client 91 uploaded
Client 11 trained
Client 11 uploaded
Epoch(t): 77 accuracy: 54.45 loss 1.3391923302412032 run_time: 1395.4651184082031
Current clients: 100 , select: 10
| current_epoch 78 |. Begin client select
SchedulerThread select( 10 clients):
16 | 87 | 60 | 95 | 15 | 82 | 58 | 32 | 85 | 51 |
-----------------------------------------------------------------Schedule complete
Client 58 trained
Client 58 uploaded
Client 87 trained
Client 87 uploaded
Client 60 trained
Client 60 uploaded
Client 95 trained
Client 95 uploaded
Client 85 trained
Client 85 uploaded
Client 82 trained
Client 82 uploaded
Client 51 trained
Client 51 uploaded
Client 16 trained
Client 16 uploaded
Client 15 trained
Client 15 uploaded
Client 32 trained
Client 32 uploaded
Epoch(t): 78 accuracy: 54.06 loss 1.3420576345920563 run_time: 1414.7503278255463
Current clients: 100 , select: 10
| current_epoch 79 |. Begin client select
SchedulerThread select( 10 clients):
11 | 4 | 69 | 81 | 36 | 37 | 60 | 79 | 21 | 99 |
-----------------------------------------------------------------Schedule complete
Client 37 trained
Client 37 uploaded
Client 60 trained
Client 60 uploaded
Client 21 trained
Client 21 uploaded
Client 81 trained
Client 81 uploaded
Client 36 trained
Client 36 uploaded
Client 79 trained
Client 79 uploaded
Client 99 trained
Client 99 uploaded
Client 11 trained
Client 11 uploaded
Client 69 trained
Client 69 uploaded
Client 4 trained
Client 4 uploaded
Epoch(t): 79 accuracy: 54.16 loss 1.3130879831314086 run_time: 1438.6256136894226
Current clients: 100 , select: 10
| current_epoch 80 |. Begin client select
SchedulerThread select( 10 clients):
36 | 83 | 57 | 52 | 72 | 50 | 33 | 17 | 95 | 28 |
-----------------------------------------------------------------Schedule complete
Client 28 trained
Client 28 uploaded
Client 33 trained
Client 33 uploaded
Client 57 trained
Client 57 uploaded
Client 52 trained
Client 52 uploaded
Client 17 trained
Client 17 uploaded
Client 72 trained
Client 72 uploaded
Client 50 trained
Client 50 uploaded
Client 95 trained
Client 95 uploaded
Client 83 trained
Client 83 uploaded
Client 36 trained
Client 36 uploaded
Epoch(t): 80 accuracy: 55.13 loss 1.3222159671783447 run_time: 1452.5812981128693
Current clients: 100 , select: 10
| current_epoch 81 |. Begin client select
SchedulerThread select( 10 clients):
10 | 65 | 31 | 54 | 82 | 89 | 90 | 40 | 59 | 98 |
-----------------------------------------------------------------Schedule complete
Client 31 trained
Client 31 uploaded
Client 40 trained
Client 40 uploaded
Client 54 trained
Client 54 uploaded
Client 98 trained
Client 98 uploaded
Client 65 trained
Client 65 uploaded
Client 59 trained
Client 59 uploaded
Client 82 trained
Client 82 uploaded
Client 90 trained
Client 90 uploaded
Client 10 trained
Client 10 uploaded
Client 89 trained
Client 89 uploaded
Epoch(t): 81 accuracy: 55.98 loss 1.2250279939174653 run_time: 1470.675360918045
Current clients: 100 , select: 10
| current_epoch 82 |. Begin client select
SchedulerThread select( 10 clients):
42 | 97 | 57 | 70 | 32 | 8 | 94 | 9 | 25 | 93 |
-----------------------------------------------------------------Schedule complete
Client 94 trained
Client 94 uploaded
Client 93 trained
Client 93 uploaded
Client 9 trained
Client 9 uploaded
Client 57 trained
Client 57 uploaded
Client 25 trained
Client 25 uploaded
Client 70 trained
Client 70 uploaded
Client 8 trained
Client 8 uploaded
Client 97 trained
Client 97 uploaded
Client 32 trained
Client 32 uploaded
Client 42 trained
Client 42 uploaded
Epoch(t): 82 accuracy: 55.61 loss 1.2611808896064758 run_time: 1485.1529211997986
Current clients: 100 , select: 10
| current_epoch 83 |. Begin client select
SchedulerThread select( 10 clients):
85 | 95 | 53 | 39 | 97 | 30 | 37 | 81 | 54 | 51 |
-----------------------------------------------------------------Schedule complete
Client 37 trained
Client 37 uploaded
Client 39 trained
Client 39 uploaded
Client 54 trained
Client 54 uploaded
Client 81 trained
Client 81 uploaded
Client 95 trained
Client 95 uploaded
Client 97 trained
Client 97 uploaded
Client 85 trained
Client 85 uploaded
Client 51 trained
Client 51 uploaded
Client 30 trained
Client 30 uploaded
Client 53 trained
Client 53 uploaded
Epoch(t): 83 accuracy: 57.39 loss 1.230435329079628 run_time: 1505.4960265159607
Current clients: 100 , select: 10
| current_epoch 84 |. Begin client select
SchedulerThread select( 10 clients):
12 | 76 | 32 | 44 | 50 | 29 | 85 | 99 | 75 | 31 |
-----------------------------------------------------------------Schedule complete
Client 31 trained
Client 31 uploaded
Client 12 trained
Client 12 uploaded
Client 44 trained
Client 44 uploaded
Client 75 trained
Client 75 uploaded
Client 50 trained
Client 50 uploaded
Client 85 trained
Client 85 uploaded
Client 76 trained
Client 76 uploaded
Client 99 trained
Client 99 uploaded
Client 32 trained
Client 32 uploaded
Client 29 trained
Client 29 uploaded
Epoch(t): 84 accuracy: 58.69 loss 1.2159217530488968 run_time: 1524.5798916816711
Current clients: 100 , select: 10
| current_epoch 85 |. Begin client select
SchedulerThread select( 10 clients):
42 | 54 | 43 | 25 | 88 | 90 | 77 | 87 | 94 | 65 |
-----------------------------------------------------------------Schedule complete
Client 94 trained
Client 94 uploaded
Client 87 trained
Client 87 uploaded
Client 54 trained
Client 54 uploaded
Client 25 trained
Client 25 uploaded
Client 88 trained
Client 88 uploaded
Client 65 trained
Client 65 uploaded
Client 90 trained
Client 90 uploaded
Client 77 trained
Client 77 uploaded
Client 43 trained
Client 43 uploaded
Client 42 trained
Client 42 uploaded
Epoch(t): 85 accuracy: 56.52 loss 1.2074109894037246 run_time: 1545.3684401512146
Current clients: 100 , select: 10
| current_epoch 86 |. Begin client select
SchedulerThread select( 10 clients):
37 | 71 | 6 | 45 | 98 | 91 | 74 | 82 | 57 | 36 |
-----------------------------------------------------------------Schedule complete
Client 74 trained
Client 74 uploaded
Client 37 trained
Client 37 uploaded
Client 57 trained
Client 57 uploaded
Client 71 trained
Client 71 uploaded
Client 98 trained
Client 98 uploaded
Client 6 trained
Client 6 uploaded
Client 82 trained
Client 82 uploaded
Client 36 trained
Client 36 uploaded
Client 45 trained
Client 45 uploaded
Client 91 trained
Client 91 uploaded
Epoch(t): 86 accuracy: 59.46 loss 1.1453574293851851 run_time: 1560.757081270218
Current clients: 100 , select: 10
| current_epoch 87 |. Begin client select
SchedulerThread select( 10 clients):
87 | 73 | 56 | 99 | 46 | 60 | 88 | 37 | 84 | 79 |
-----------------------------------------------------------------Schedule complete
Client 37 trained
Client 37 uploaded
Client 84 trained
Client 84 uploaded
Client 87 trained
Client 87 uploaded
Client 60 trained
Client 60 uploaded
Client 46 trained
Client 46 uploaded
Client 88 trained
Client 88 uploaded
Client 56 trained
Client 56 uploaded
Client 73 trained
Client 73 uploaded
Client 79 trained
Client 79 uploaded
Client 99 trained
Client 99 uploaded
Epoch(t): 87 accuracy: 61.42 loss 1.1173798722028732 run_time: 1577.182765007019
Current clients: 100 , select: 10
| current_epoch 88 |. Begin client select
SchedulerThread select( 10 clients):
78 | 49 | 7 | 67 | 50 | 41 | 63 | 12 | 5 | 35 |
-----------------------------------------------------------------Schedule complete
Client 5 trained
Client 5 uploaded
Client 12 trained
Client 12 uploaded
Client 41 trained
Client 41 uploaded
Client 49 trained
Client 49 uploaded
Client 35 trained
Client 35 uploaded
Client 67 trained
Client 67 uploaded
Client 50 trained
Client 50 uploaded
Client 78 trained
Client 78 uploaded
Client 7 trained
Client 7 uploaded
Client 63 trained
Client 63 uploaded
Epoch(t): 88 accuracy: 54.53 loss 1.3269157934188842 run_time: 1591.9124567508698
Current clients: 100 , select: 10
| current_epoch 89 |. Begin client select
SchedulerThread select( 10 clients):
26 | 39 | 63 | 17 | 22 | 49 | 18 | 71 | 19 | 36 |
-----------------------------------------------------------------Schedule complete
Client 18 trained
Client 18 uploaded
Client 39 trained
Client 39 uploaded
Client 19 trained
Client 19 uploaded
Client 49 trained
Client 49 uploaded
Client 71 trained
Client 71 uploaded
Client 17 trained
Client 17 uploaded
Client 36 trained
Client 36 uploaded
Client 26 trained
Client 26 uploaded
Client 22 trained
Client 22 uploaded
Client 63 trained
Client 63 uploaded
Epoch(t): 89 accuracy: 60.52 loss 1.1658045953512193 run_time: 1606.9421904087067
Current clients: 100 , select: 10
| current_epoch 90 |. Begin client select
SchedulerThread select( 10 clients):
79 | 42 | 22 | 94 | 11 | 18 | 61 | 63 | 19 | 49 |
-----------------------------------------------------------------Schedule complete
Client 94 trained
Client 94 uploaded
Client 61 trained
Client 61 uploaded
Client 18 trained
Client 18 uploaded
Client 49 trained
Client 49 uploaded
Client 19 trained
Client 19 uploaded
Client 79 trained
Client 79 uploaded
Client 63 trained
Client 63 uploaded
Client 22 trained
Client 22 uploaded
Client 42 trained
Client 42 uploaded
Client 11 trained
Client 11 uploaded
Epoch(t): 90 accuracy: 50.06 loss 1.504087953567505 run_time: 1624.7015099525452
Current clients: 100 , select: 10
| current_epoch 91 |. Begin client select
SchedulerThread select( 10 clients):
46 | 34 | 80 | 30 | 86 | 15 | 82 | 11 | 49 | 8 |
-----------------------------------------------------------------Schedule complete
Client 86 trained
Client 86 uploaded
Client 49 trained
Client 49 uploaded
Client 46 trained
Client 46 uploaded
Client 8 trained
Client 8 uploaded
Client 82 trained
Client 82 uploaded
Client 80 trained
Client 80 uploaded
Client 30 trained
Client 30 uploaded
Client 15 trained
Client 15 uploaded
Client 34 trained
Client 34 uploaded
Client 11 trained
Client 11 uploaded
Epoch(t): 91 accuracy: 60.36 loss 1.1302212619781493 run_time: 1646.9126377105713
Current clients: 100 , select: 10
| current_epoch 92 |. Begin client select
SchedulerThread select( 10 clients):
11 | 95 | 85 | 50 | 45 | 70 | 55 | 72 | 24 | 25 |
-----------------------------------------------------------------Schedule complete
Client 24 trained
Client 24 uploaded
Client 25 trained
Client 25 uploaded
Client 72 trained
Client 72 uploaded
Client 70 trained
Client 70 uploaded
Client 50 trained
Client 50 uploaded
Client 95 trained
Client 95 uploaded
Client 55 trained
Client 55 uploaded
Client 85 trained
Client 85 uploaded
Client 45 trained
Client 45 uploaded
Client 11 trained
Client 11 uploaded
Epoch(t): 92 accuracy: 59.86 loss 1.1468926608562469 run_time: 1666.8796997070312
Current clients: 100 , select: 10
| current_epoch 93 |. Begin client select
SchedulerThread select( 10 clients):
15 | 30 | 88 | 61 | 92 | 90 | 18 | 69 | 8 | 62 |
-----------------------------------------------------------------Schedule complete
Client 61 trained
Client 61 uploaded
Client 18 trained
Client 18 uploaded
Client 92 trained
Client 92 uploaded
Client 62 trained
Client 62 uploaded
Client 88 trained
Client 88 uploaded
Client 8 trained
Client 8 uploaded
Client 30 trained
Client 30 uploaded
Client 90 trained
Client 90 uploaded
Client 15 trained
Client 15 uploaded
Client 69 trained
Client 69 uploaded
Epoch(t): 93 accuracy: 51.45 loss 1.4793760120868682 run_time: 1686.04571890831
Current clients: 100 , select: 10
| current_epoch 94 |. Begin client select
SchedulerThread select( 10 clients):
25 | 10 | 86 | 17 | 88 | 19 | 41 | 87 | 80 | 11 |
-----------------------------------------------------------------Schedule complete
Client 86 trained
Client 86 uploaded
Client 41 trained
Client 41 uploaded
Client 87 trained
Client 87 uploaded
Client 19 trained
Client 19 uploaded
Client 25 trained
Client 25 uploaded
Client 17 trained
Client 17 uploaded
Client 88 trained
Client 88 uploaded
Client 80 trained
Client 80 uploaded
Client 10 trained
Client 10 uploaded
Client 11 trained
Client 11 uploaded
Epoch(t): 94 accuracy: 54.66 loss 1.3103627467155456 run_time: 1703.3624393939972
Current clients: 100 , select: 10
| current_epoch 95 |. Begin client select
SchedulerThread select( 10 clients):
52 | 22 | 78 | 34 | 59 | 90 | 65 | 75 | 10 | 39 |
-----------------------------------------------------------------Schedule complete
Client 39 trained
Client 39 uploaded
Client 52 trained
Client 52 uploaded
Client 75 trained
Client 75 uploaded
Client 78 trained
Client 78 uploaded
Client 65 trained
Client 65 uploaded
Client 59 trained
Client 59 uploaded
Client 22 trained
Client 22 uploaded
Client 90 trained
Client 90 uploaded
Client 10 trained
Client 10 uploaded
Client 34 trained
Client 34 uploaded
Epoch(t): 95 accuracy: 54.92 loss 1.3471043992042542 run_time: 1724.6991648674011
Current clients: 100 , select: 10
| current_epoch 96 |. Begin client select
SchedulerThread select( 10 clients):
26 | 17 | 24 | 60 | 53 | 35 | 4 | 13 | 82 | 59 |
-----------------------------------------------------------------Schedule complete
Client 13 trained
Client 13 uploaded
Client 24 trained
Client 24 uploaded
Client 60 trained
Client 60 uploaded
Client 17 trained
Client 17 uploaded
Client 35 trained
Client 35 uploaded
Client 59 trained
Client 59 uploaded
Client 82 trained
Client 82 uploaded
Client 26 trained
Client 26 uploaded
Client 53 trained
Client 53 uploaded
Client 4 trained
Client 4 uploaded
Epoch(t): 96 accuracy: 54.28 loss 1.2979521334171296 run_time: 1745.0763096809387
Current clients: 100 , select: 10
| current_epoch 97 |. Begin client select
SchedulerThread select( 10 clients):
75 | 29 | 43 | 14 | 62 | 1 | 25 | 53 | 93 | 63 |
-----------------------------------------------------------------Schedule complete
Client 1 trained
Client 1 uploaded
Client 14 trained
Client 14 uploaded
Client 93 trained
Client 93 uploaded
Client 75 trained
Client 75 uploaded
Client 25 trained
Client 25 uploaded
Client 62 trained
Client 62 uploaded
Client 63 trained
Client 63 uploaded
Client 43 trained
Client 43 uploaded
Client 29 trained
Client 29 uploaded
Client 53 trained
Client 53 uploaded
Epoch(t): 97 accuracy: 53.19 loss 1.431049736738205 run_time: 1763.6664731502533
Current clients: 100 , select: 10
| current_epoch 98 |. Begin client select
SchedulerThread select( 10 clients):
9 | 52 | 88 | 6 | 73 | 79 | 44 | 76 | 56 | 66 |
-----------------------------------------------------------------Schedule complete
Client 9 trained
Client 9 uploaded
Client 44 trained
Client 44 uploaded
Client 66 trained
Client 66 uploaded
Client 52 trained
Client 52 uploaded
Client 88 trained
Client 88 uploaded
Client 6 trained
Client 6 uploaded
Client 76 trained
Client 76 uploaded
Client 56 trained
Client 56 uploaded
Client 79 trained
Client 79 uploaded
Client 73 trained
Client 73 uploaded
Epoch(t): 98 accuracy: 57.12 loss 1.1964181351661682 run_time: 1779.6151313781738
Current clients: 100 , select: 10
| current_epoch 99 |. Begin client select
SchedulerThread select( 10 clients):
36 | 24 | 42 | 66 | 28 | 61 | 62 | 99 | 8 | 30 |
-----------------------------------------------------------------Schedule complete
Client 28 trained
Client 28 uploaded
Client 61 trained
Client 61 uploaded
Client 66 trained
Client 66 uploaded
Client 24 trained
Client 24 uploaded
Client 62 trained
Client 62 uploaded
Client 8 trained
Client 8 uploaded
Client 36 trained
Client 36 uploaded
Client 99 trained
Client 99 uploaded
Client 30 trained
Client 30 uploaded
Client 42 trained
Client 42 uploaded
Epoch(t): 99 accuracy: 51.87 loss 1.4014220237731934 run_time: 1796.9431614875793
Current clients: 100 , select: 10
| current_epoch 100 |. Begin client select
SchedulerThread select( 10 clients):
8 | 24 | 71 | 81 | 37 | 88 | 97 | 73 | 90 | 56 |
-----------------------------------------------------------------Schedule complete
Client 37 trained
Client 37 uploaded
Client 24 trained
Client 24 uploaded
Client 71 trained
Client 71 uploaded
Client 88 trained
Client 88 uploaded
Client 8 trained
Client 8 uploaded
Client 81 trained
Client 81 uploaded
Client 97 trained
Client 97 uploaded
Client 56 trained
Client 56 uploaded
Client 73 trained
Client 73 uploaded
Client 90 trained
Client 90 uploaded
Epoch(t): 100 accuracy: 53.8 loss 1.3503071284294128 run_time: 1813.7240970134735
Current clients: 100 , select: 10
| current_epoch 101 |. Begin client select
SchedulerThread select( 10 clients):
33 | 22 | 49 | 2 | 51 | 97 | 17 | 10 | 80 | 26 |
-----------------------------------------------------------------Schedule complete
Client 33 trained
Client 33 uploaded
Client 49 trained
Client 49 uploaded
Client 17 trained
Client 17 uploaded
Client 97 trained
Client 97 uploaded
Client 26 trained
Client 26 uploaded
Client 51 trained
Client 51 uploaded
Client 80 trained
Client 80 uploaded
Client 22 trained
Client 22 uploaded
Client 2 trained
Client 2 uploaded
Client 10 trained
Client 10 uploaded
Epoch(t): 101 accuracy: 56.79 loss 1.2530972957611084 run_time: 1834.4176371097565
Current clients: 100 , select: 10
| current_epoch 102 |. Begin client select
SchedulerThread select( 10 clients):
64 | 22 | 81 | 9 | 96 | 46 | 51 | 83 | 7 | 30 |
-----------------------------------------------------------------Schedule complete
Client 9 trained
Client 9 uploaded
Client 46 trained
Client 46 uploaded
Client 81 trained
Client 81 uploaded
Client 7 trained
Client 7 uploaded
Client 83 trained
Client 83 uploaded
Client 64 trained
Client 64 uploaded
Client 51 trained
Client 51 uploaded
Client 22 trained
Client 22 uploaded
Client 30 trained
Client 30 uploaded
Client 96 trained
Client 96 uploaded
Epoch(t): 102 accuracy: 55.84 loss 1.3232659268379212 run_time: 1855.511625289917
Current clients: 100 , select: 10
| current_epoch 103 |. Begin client select
SchedulerThread select( 10 clients):
97 | 49 | 11 | 66 | 5 | 13 | 94 | 12 | 88 | 83 |
-----------------------------------------------------------------Schedule complete
Client 94 trained
Client 94 uploaded
Client 13 trained
Client 13 uploaded
Client 5 trained
Client 5 uploaded
Client 12 trained
Client 12 uploaded
Client 66 trained
Client 66 uploaded
Client 49 trained
Client 49 uploaded
Client 88 trained
Client 88 uploaded
Client 97 trained
Client 97 uploaded
Client 83 trained
Client 83 uploaded
Client 11 trained
Client 11 uploaded
Epoch(t): 103 accuracy: 54.73 loss 1.322575542330742 run_time: 1867.8625838756561
Current clients: 100 , select: 10
| current_epoch 104 |. Begin client select
SchedulerThread select( 10 clients):
50 | 70 | 72 | 5 | 60 | 61 | 76 | 35 | 73 | 55 |
-----------------------------------------------------------------Schedule complete
Client 5 trained
Client 5 uploaded
Client 61 trained
Client 61 uploaded
Client 60 trained
Client 60 uploaded
Client 72 trained
Client 72 uploaded
Client 50 trained
Client 50 uploaded
Client 35 trained
Client 35 uploaded
Client 70 trained
Client 70 uploaded
Client 55 trained
Client 55 uploaded
Client 76 trained
Client 76 uploaded
Client 73 trained
Client 73 uploaded
Epoch(t): 104 accuracy: 57.39 loss 1.1862309712171555 run_time: 1884.4459221363068
Current clients: 100 , select: 10
| current_epoch 105 |. Begin client select
SchedulerThread select( 10 clients):
44 | 24 | 45 | 29 | 13 | 60 | 65 | 76 | 38 | 64 |
-----------------------------------------------------------------Schedule complete
Client 13 trained
Client 13 uploaded
Client 44 trained
Client 44 uploaded
Client 24 trained
Client 24 uploaded
Client 60 trained
Client 60 uploaded
Client 65 trained
Client 65 uploaded
Client 64 trained
Client 64 uploaded
Client 76 trained
Client 76 uploaded
Client 38 trained
Client 38 uploaded
Client 45 trained
Client 45 uploaded
Client 29 trained
Client 29 uploaded
Epoch(t): 105 accuracy: 58.39 loss 1.1861116355657577 run_time: 1903.04296541214
Current clients: 100 , select: 10
| current_epoch 106 |. Begin client select
SchedulerThread select( 10 clients):
3 | 41 | 6 | 68 | 19 | 76 | 26 | 30 | 64 | 98 |
-----------------------------------------------------------------Schedule complete
Client 41 trained
Client 41 uploaded
Client 19 trained
Client 19 uploaded
Client 3 trained
Client 3 uploaded
Client 98 trained
Client 98 uploaded
Client 6 trained
Client 6 uploaded
Client 68 trained
Client 68 uploaded
Client 76 trained
Client 76 uploaded
Client 64 trained
Client 64 uploaded
Client 26 trained
Client 26 uploaded
Client 30 trained
Client 30 uploaded
Epoch(t): 106 accuracy: 54.96 loss 1.3543585216999054 run_time: 1921.219865322113
Current clients: 100 , select: 10
| current_epoch 107 |. Begin client select
SchedulerThread select( 10 clients):
82 | 68 | 28 | 17 | 11 | 67 | 1 | 38 | 71 | 60 |
-----------------------------------------------------------------Schedule complete
Client 1 trained
Client 1 uploaded
Client 28 trained
Client 28 uploaded
Client 71 trained
Client 71 uploaded
Client 60 trained
Client 60 uploaded
Client 17 trained
Client 17 uploaded
Client 67 trained
Client 67 uploaded
Client 68 trained
Client 68 uploaded
Client 82 trained
Client 82 uploaded
Client 38 trained
Client 38 uploaded
Client 11 trained
Client 11 uploaded
Epoch(t): 107 accuracy: 60.7 loss 1.1279691582918168 run_time: 1936.9065372943878
Current clients: 100 , select: 10
| current_epoch 108 |. Begin client select
SchedulerThread select( 10 clients):
75 | 11 | 97 | 99 | 40 | 44 | 3 | 59 | 6 | 90 |
-----------------------------------------------------------------Schedule complete
Client 44 trained
Client 44 uploaded
Client 40 trained
Client 40 uploaded
Client 3 trained
Client 3 uploaded
Client 75 trained
Client 75 uploaded
Client 6 trained
Client 6 uploaded
Client 59 trained
Client 59 uploaded
Client 97 trained
Client 97 uploaded
Client 99 trained
Client 99 uploaded
Client 90 trained
Client 90 uploaded
Client 11 trained
Client 11 uploaded
Epoch(t): 108 accuracy: 54.08 loss 1.3551211547851563 run_time: 1956.5671944618225
Current clients: 100 , select: 10
| current_epoch 109 |. Begin client select
SchedulerThread select( 10 clients):
84 | 4 | 20 | 61 | 98 | 46 | 89 | 45 | 55 | 73 |
-----------------------------------------------------------------Schedule complete
Client 61 trained
Client 61 uploaded
Client 84 trained
Client 84 uploaded
Client 98 trained
Client 98 uploaded
Client 46 trained
Client 46 uploaded
Client 20 trained
Client 20 uploaded
Client 55 trained
Client 55 uploaded
Client 73 trained
Client 73 uploaded
Client 45 trained
Client 45 uploaded
Client 89 trained
Client 89 uploaded
Client 4 trained
Client 4 uploaded
Epoch(t): 109 accuracy: 59.14 loss 1.1793709015846252 run_time: 1977.2580375671387
Current clients: 100 , select: 10
| current_epoch 110 |. Begin client select
SchedulerThread select( 10 clients):
31 | 35 | 93 | 10 | 3 | 68 | 28 | 49 | 63 | 75 |
-----------------------------------------------------------------Schedule complete
Client 93 trained
Client 93 uploaded
Client 31 trained
Client 31 uploaded
Client 28 trained
Client 28 uploaded
Client 49 trained
Client 49 uploaded
Client 3 trained
Client 3 uploaded
Client 75 trained
Client 75 uploaded
Client 35 trained
Client 35 uploaded
Client 68 trained
Client 68 uploaded
Client 63 trained
Client 63 uploaded
Client 10 trained
Client 10 uploaded
Epoch(t): 110 accuracy: 54.46 loss 1.3556350564956665 run_time: 1991.215355873108
Current clients: 100 , select: 10
| current_epoch 111 |. Begin client select
SchedulerThread select( 10 clients):
22 | 7 | 75 | 85 | 96 | 10 | 79 | 74 | 91 | 37 |
-----------------------------------------------------------------Schedule complete
Client 74 trained
Client 74 uploaded
Client 37 trained
Client 37 uploaded
Client 75 trained
Client 75 uploaded
Client 7 trained
Client 7 uploaded
Client 85 trained
Client 85 uploaded
Client 22 trained
Client 22 uploaded
Client 79 trained
Client 79 uploaded
Client 91 trained
Client 91 uploaded
Client 10 trained
Client 10 uploaded
Client 96 trained
Client 96 uploaded
Epoch(t): 111 accuracy: 60.56 loss 1.136191486120224 run_time: 2011.6666538715363
Current clients: 100 , select: 10
| current_epoch 112 |. Begin client select
SchedulerThread select( 10 clients):
76 | 50 | 21 | 20 | 64 | 38 | 79 | 18 | 19 | 13 |
-----------------------------------------------------------------Schedule complete
Client 13 trained
Client 13 uploaded
Client 18 trained
Client 18 uploaded
Client 19 trained
Client 19 uploaded
Client 20 trained
Client 20 uploaded
Client 21 trained
Client 21 uploaded
Client 50 trained
Client 50 uploaded
Client 38 trained
Client 38 uploaded
Client 76 trained
Client 76 uploaded
Client 64 trained
Client 64 uploaded
Client 79 trained
Client 79 uploaded
Epoch(t): 112 accuracy: 63.58 loss 1.054730448126793 run_time: 2027.9496564865112
Current clients: 100 , select: 10
| current_epoch 113 |. Begin client select
SchedulerThread select( 10 clients):
88 | 66 | 29 | 47 | 25 | 67 | 23 | 37 | 87 | 89 |
-----------------------------------------------------------------Schedule complete
Client 37 trained
Client 37 uploaded
Client 87 trained
Client 87 uploaded
Client 66 trained
Client 66 uploaded
Client 25 trained
Client 25 uploaded
Client 88 trained
Client 88 uploaded
Client 67 trained
Client 67 uploaded
Client 47 trained
Client 47 uploaded
Client 23 trained
Client 23 uploaded
Client 29 trained
Client 29 uploaded
Client 89 trained
Client 89 uploaded
Epoch(t): 113 accuracy: 53.45 loss 1.4013728284835816 run_time: 2047.0265698432922
Current clients: 100 , select: 10
| current_epoch 114 |. Begin client select
SchedulerThread select( 10 clients):
47 | 10 | 15 | 92 | 54 | 24 | 8 | 4 | 32 | 99 |
-----------------------------------------------------------------Schedule complete
Client 92 trained
Client 92 uploaded
Client 24 trained
Client 24 uploaded
Client 54 trained
Client 54 uploaded
Client 47 trained
Client 47 uploaded
Client 8 trained
Client 8 uploaded
Client 99 trained
Client 99 uploaded
Client 10 trained
Client 10 uploaded
Client 15 trained
Client 15 uploaded
Client 32 trained
Client 32 uploaded
Client 4 trained
Client 4 uploaded
Epoch(t): 114 accuracy: 57.19 loss 1.2928006184101104 run_time: 2070.251775741577
Current clients: 100 , select: 10
| current_epoch 115 |. Begin client select
SchedulerThread select( 10 clients):
70 | 28 | 38 | 26 | 51 | 67 | 95 | 91 | 54 | 43 |
-----------------------------------------------------------------Schedule complete
Client 28 trained
Client 28 uploaded
Client 54 trained
Client 54 uploaded
Client 67 trained
Client 67 uploaded
Client 95 trained
Client 95 uploaded
Client 70 trained
Client 70 uploaded
Client 38 trained
Client 38 uploaded
Client 26 trained
Client 26 uploaded
Client 51 trained
Client 51 uploaded
Client 91 trained
Client 91 uploaded
Client 43 trained
Client 43 uploaded
Epoch(t): 115 accuracy: 58.78 loss 1.1691626358032225 run_time: 2090.1617970466614
Current clients: 100 , select: 10
| current_epoch 116 |. Begin client select
SchedulerThread select( 10 clients):
17 | 23 | 64 | 1 | 67 | 44 | 13 | 41 | 36 | 8 |
-----------------------------------------------------------------Schedule complete
Client 1 trained
Client 1 uploaded
Client 13 trained
Client 13 uploaded
Client 44 trained
Client 44 uploaded
Client 41 trained
Client 41 uploaded
Client 17 trained
Client 17 uploaded
Client 67 trained
Client 67 uploaded
Client 8 trained
Client 8 uploaded
Client 36 trained
Client 36 uploaded
Client 64 trained
Client 64 uploaded
Client 23 trained
Client 23 uploaded
Epoch(t): 116 accuracy: 62.49 loss 1.0685606217384338 run_time: 2103.7474236488342
Current clients: 100 , select: 10
| current_epoch 117 |. Begin client select
SchedulerThread select( 10 clients):
79 | 36 | 23 | 63 | 55 | 59 | 9 | 34 | 93 | 92 |
-----------------------------------------------------------------Schedule complete
Client 93 trained
Client 93 uploaded
Client 9 trained
Client 9 uploaded
Client 92 trained
Client 92 uploaded
Client 55 trained
Client 55 uploaded
Client 59 trained
Client 59 uploaded
Client 36 trained
Client 36 uploaded
Client 23 trained
Client 23 uploaded
Client 79 trained
Client 79 uploaded
Client 63 trained
Client 63 uploaded
Client 34 trained
Client 34 uploaded
Epoch(t): 117 accuracy: 56.31 loss 1.3200777399539947 run_time: 2122.710469007492
Current clients: 100 , select: 10
| current_epoch 118 |. Begin client select
SchedulerThread select( 10 clients):
15 | 61 | 9 | 78 | 79 | 97 | 51 | 70 | 94 | 29 |
-----------------------------------------------------------------Schedule complete
Client 94 trained
Client 94 uploaded
Client 61 trained
Client 61 uploaded
Client 9 trained
Client 9 uploaded
Client 70 trained
Client 70 uploaded
Client 97 trained
Client 97 uploaded
Client 78 trained
Client 78 uploaded
Client 51 trained
Client 51 uploaded
Client 79 trained
Client 79 uploaded
Client 15 trained
Client 15 uploaded
Client 29 trained
Client 29 uploaded
Epoch(t): 118 accuracy: 57.74 loss 1.2638408625125885 run_time: 2141.5952858924866
Current clients: 100 , select: 10
| current_epoch 119 |. Begin client select
SchedulerThread select( 10 clients):
9 | 6 | 46 | 77 | 5 | 12 | 91 | 96 | 90 | 58 |
-----------------------------------------------------------------Schedule complete
Client 5 trained
Client 5 uploaded
Client 58 trained
Client 58 uploaded
Client 12 trained
Client 12 uploaded
Client 9 trained
Client 9 uploaded
Client 46 trained
Client 46 uploaded
Client 6 trained
Client 6 uploaded
Client 90 trained
Client 90 uploaded
Client 77 trained
Client 77 uploaded
Client 96 trained
Client 96 uploaded
Client 91 trained
Client 91 uploaded
Epoch(t): 119 accuracy: 61.5 loss 1.1053614032268524 run_time: 2158.137627363205
Current clients: 100 , select: 10
| current_epoch 120 |. Begin client select
SchedulerThread select( 10 clients):
44 | 20 | 93 | 33 | 26 | 4 | 5 | 77 | 57 | 25 |
-----------------------------------------------------------------Schedule complete
Client 5 trained
Client 5 uploaded
Client 93 trained
Client 93 uploaded
Client 33 trained
Client 33 uploaded
Client 57 trained
Client 57 uploaded
Client 44 trained
Client 44 uploaded
Client 25 trained
Client 25 uploaded
Client 20 trained
Client 20 uploaded
Client 26 trained
Client 26 uploaded
Client 77 trained
Client 77 uploaded
Client 4 trained
Client 4 uploaded
Epoch(t): 120 accuracy: 49.14 loss 1.5681043899059295 run_time: 2172.9737646579742
Current clients: 100 , select: 10
| current_epoch 121 |. Begin client select
SchedulerThread select( 10 clients):
88 | 30 | 82 | 38 | 98 | 61 | 51 | 60 | 70 | 24 |
-----------------------------------------------------------------Schedule complete
Client 61 trained
Client 61 uploaded
Client 24 trained
Client 24 uploaded
Client 60 trained
Client 60 uploaded
Client 98 trained
Client 98 uploaded
Client 88 trained
Client 88 uploaded
Client 70 trained
Client 70 uploaded
Client 82 trained
Client 82 uploaded
Client 38 trained
Client 38 uploaded
Client 51 trained
Client 51 uploaded
Client 30 trained
Client 30 uploaded
Epoch(t): 121 accuracy: 53.36 loss 1.5813654780387878 run_time: 2189.6315343379974
Current clients: 100 , select: 10
| current_epoch 122 |. Begin client select
SchedulerThread select( 10 clients):
12 | 92 | 29 | 33 | 88 | 82 | 16 | 95 | 72 | 70 |
-----------------------------------------------------------------Schedule complete
Client 33 trained
Client 33 uploaded
Client 12 trained
Client 12 uploaded
Client 92 trained
Client 92 uploaded
Client 88 trained
Client 88 uploaded
Client 72 trained
Client 72 uploaded
Client 70 trained
Client 70 uploaded
Client 95 trained
Client 95 uploaded
Client 82 trained
Client 82 uploaded
Client 16 trained
Client 16 uploaded
Client 29 trained
Client 29 uploaded
Epoch(t): 122 accuracy: 50.17 loss 1.6669769406318664 run_time: 2206.9338567256927
Current clients: 100 , select: 10
| current_epoch 123 |. Begin client select
SchedulerThread select( 10 clients):
87 | 39 | 47 | 85 | 5 | 21 | 32 | 18 | 71 | 69 |
-----------------------------------------------------------------Schedule complete
Client 5 trained
Client 5 uploaded
Client 18 trained
Client 18 uploaded
Client 39 trained
Client 39 uploaded
Client 87 trained
Client 87 uploaded
Client 71 trained
Client 71 uploaded
Client 21 trained
Client 21 uploaded
Client 47 trained
Client 47 uploaded
Client 85 trained
Client 85 uploaded
Client 32 trained
Client 32 uploaded
Client 69 trained
Client 69 uploaded
Epoch(t): 123 accuracy: 57.69 loss 1.2385470670461656 run_time: 2223.358273267746
Current clients: 100 , select: 10
| current_epoch 124 |. Begin client select
SchedulerThread select( 10 clients):
3 | 86 | 61 | 71 | 90 | 17 | 7 | 5 | 87 | 9 |
-----------------------------------------------------------------Schedule complete
Client 5 trained
Client 5 uploaded
Client 61 trained
Client 61 uploaded
Client 86 trained
Client 86 uploaded
Client 9 trained
Client 9 uploaded
Client 87 trained
Client 87 uploaded
Client 71 trained
Client 71 uploaded
Client 3 trained
Client 3 uploaded
Client 17 trained
Client 17 uploaded
Client 7 trained
Client 7 uploaded
Client 90 trained
Client 90 uploaded
Epoch(t): 124 accuracy: 57.08 loss 1.2326853722333908 run_time: 2234.907345056534
Current clients: 100 , select: 10
| current_epoch 125 |. Begin client select
SchedulerThread select( 10 clients):
74 | 16 | 8 | 63 | 28 | 52 | 48 | 51 | 67 | 2 |
-----------------------------------------------------------------Schedule complete
Client 28 trained
Client 28 uploaded
Client 74 trained
Client 74 uploaded
Client 52 trained
Client 52 uploaded
Client 48 trained
Client 48 uploaded
Client 67 trained
Client 67 uploaded
Client 8 trained
Client 8 uploaded
Client 51 trained
Client 51 uploaded
Client 63 trained
Client 63 uploaded
Client 2 trained
Client 2 uploaded
Client 16 trained
Client 16 uploaded
Epoch(t): 125 accuracy: 56.66 loss 1.2393676400184632 run_time: 2252.896959066391
Current clients: 100 , select: 10
| current_epoch 126 |. Begin client select
SchedulerThread select( 10 clients):
88 | 76 | 42 | 83 | 64 | 85 | 82 | 44 | 3 | 16 |
-----------------------------------------------------------------Schedule complete
Client 44 trained
Client 44 uploaded
Client 3 trained
Client 3 uploaded
Client 88 trained
Client 88 uploaded
Client 85 trained
Client 85 uploaded
Client 83 trained
Client 83 uploaded
Client 64 trained
Client 64 uploaded
Client 82 trained
Client 82 uploaded
Client 76 trained
Client 76 uploaded
Client 16 trained
Client 16 uploaded
Client 42 trained
Client 42 uploaded
Epoch(t): 126 accuracy: 59.01 loss 1.1772633415460587 run_time: 2272.9366302490234
Current clients: 100 , select: 10
| current_epoch 127 |. Begin client select
SchedulerThread select( 10 clients):
39 | 33 | 84 | 61 | 0 | 24 | 72 | 45 | 25 | 47 |
-----------------------------------------------------------------Schedule complete
Client 33 trained
Client 33 uploaded
Client 61 trained
Client 61 uploaded
Client 84 trained
Client 84 uploaded
Client 39 trained
Client 39 uploaded
Client 24 trained
Client 24 uploaded
Client 72 trained
Client 72 uploaded
Client 25 trained
Client 25 uploaded
Client 47 trained
Client 47 uploaded
Client 45 trained
Client 45 uploaded
Client 0 trained
Client 0 uploaded
Epoch(t): 127 accuracy: 58.72 loss 1.2748769080638886 run_time: 2286.7365584373474
Current clients: 100 , select: 10
| current_epoch 128 |. Begin client select
SchedulerThread select( 10 clients):
3 | 91 | 40 | 72 | 28 | 63 | 5 | 62 | 90 | 45 |
-----------------------------------------------------------------Schedule complete
Client 5 trained
Client 5 uploaded
Client 28 trained
Client 28 uploaded
Client 3 trained
Client 3 uploaded
Client 40 trained
Client 40 uploaded
Client 72 trained
Client 72 uploaded
Client 62 trained
Client 62 uploaded
Client 63 trained
Client 63 uploaded
Client 45 trained
Client 45 uploaded
Client 90 trained
Client 90 uploaded
Client 91 trained
Client 91 uploaded
Epoch(t): 128 accuracy: 62.12 loss 1.0991548198461532 run_time: 2303.7595705986023
Current clients: 100 , select: 10
| current_epoch 129 |. Begin client select
SchedulerThread select( 10 clients):
5 | 49 | 94 | 89 | 16 | 67 | 50 | 56 | 36 | 18 |
-----------------------------------------------------------------Schedule complete
Client 94 trained
Client 94 uploaded
Client 5 trained
Client 5 uploaded
Client 18 trained
Client 18 uploaded
Client 49 trained
Client 49 uploaded
Client 67 trained
Client 67 uploaded
Client 50 trained
Client 50 uploaded
Client 36 trained
Client 36 uploaded
Client 56 trained
Client 56 uploaded
Client 16 trained
Client 16 uploaded
Client 89 trained
Client 89 uploaded
Epoch(t): 129 accuracy: 59.28 loss 1.2084317582845687 run_time: 2320.9235022068024
Current clients: 100 , select: 10
| current_epoch 130 |. Begin client select
SchedulerThread select( 10 clients):
69 | 49 | 81 | 12 | 36 | 70 | 57 | 50 | 80 | 79 |
-----------------------------------------------------------------Schedule complete
Client 12 trained
Client 12 uploaded
Client 57 trained
Client 57 uploaded
Client 49 trained
Client 49 uploaded
Client 81 trained
Client 81 uploaded
Client 70 trained
Client 70 uploaded
Client 50 trained
Client 50 uploaded
Client 36 trained
Client 36 uploaded
Client 79 trained
Client 79 uploaded
Client 80 trained
Client 80 uploaded
Client 69 trained
Client 69 uploaded
Epoch(t): 130 accuracy: 57.23 loss 1.23094485104084 run_time: 2339.041865348816
Current clients: 100 , select: 10
| current_epoch 131 |. Begin client select
SchedulerThread select( 10 clients):
5 | 33 | 52 | 73 | 43 | 51 | 35 | 70 | 98 | 65 |
-----------------------------------------------------------------Schedule complete
Client 33 trained
Client 33 uploaded
Client 5 trained
Client 5 uploaded
Client 52 trained
Client 52 uploaded
Client 98 trained
Client 98 uploaded
Client 35 trained
Client 35 uploaded
Client 70 trained
Client 70 uploaded
Client 65 trained
Client 65 uploaded
Client 51 trained
Client 51 uploaded
Client 73 trained
Client 73 uploaded
Client 43 trained
Client 43 uploaded
Epoch(t): 131 accuracy: 52.77 loss 1.378566529750824 run_time: 2355.8359591960907
Current clients: 100 , select: 10
| current_epoch 132 |. Begin client select
SchedulerThread select( 10 clients):
26 | 35 | 38 | 25 | 37 | 83 | 16 | 1 | 67 | 60 |
-----------------------------------------------------------------Schedule complete
Client 1 trained
Client 1 uploaded
Client 37 trained
Client 37 uploaded
Client 60 trained
Client 60 uploaded
Client 25 trained
Client 25 uploaded
Client 67 trained
Client 67 uploaded
Client 35 trained
Client 35 uploaded
Client 83 trained
Client 83 uploaded
Client 26 trained
Client 26 uploaded
Client 38 trained
Client 38 uploaded
Client 16 trained
Client 16 uploaded
Epoch(t): 132 accuracy: 61.85 loss 1.0919412988424302 run_time: 2372.8069043159485
Current clients: 100 , select: 10
| current_epoch 133 |. Begin client select
SchedulerThread select( 10 clients):
51 | 57 | 66 | 92 | 94 | 12 | 39 | 13 | 30 | 16 |
-----------------------------------------------------------------Schedule complete
Client 94 trained
Client 94 uploaded
Client 13 trained
Client 13 uploaded
Client 12 trained
Client 12 uploaded
Client 57 trained
Client 57 uploaded
Client 39 trained
Client 39 uploaded
Client 92 trained
Client 92 uploaded
Client 66 trained
Client 66 uploaded
Client 51 trained
Client 51 uploaded
Client 30 trained
Client 30 uploaded
Client 16 trained
Client 16 uploaded
Epoch(t): 133 accuracy: 51.58 loss 1.444026256799698 run_time: 2384.5416765213013
Current clients: 100 , select: 10
| current_epoch 134 |. Begin client select
SchedulerThread select( 10 clients):
38 | 77 | 11 | 25 | 9 | 39 | 65 | 93 | 13 | 96 |
-----------------------------------------------------------------Schedule complete
Client 13 trained
Client 13 uploaded
Client 93 trained
Client 93 uploaded
Client 9 trained
Client 9 uploaded
Client 39 trained
Client 39 uploaded
Client 25 trained
Client 25 uploaded
Client 65 trained
Client 65 uploaded
Client 38 trained
Client 38 uploaded
Client 77 trained
Client 77 uploaded
Client 96 trained
Client 96 uploaded
Client 11 trained
Client 11 uploaded
Epoch(t): 134 accuracy: 61.07 loss 1.1061681944131851 run_time: 2402.1713602542877
Current clients: 100 , select: 10
| current_epoch 135 |. Begin client select
SchedulerThread select( 10 clients):
89 | 63 | 75 | 7 | 38 | 93 | 31 | 73 | 19 | 62 |
-----------------------------------------------------------------Schedule complete
Client 31 trained
Client 31 uploaded
Client 93 trained
Client 93 uploaded
Client 19 trained
Client 19 uploaded
Client 75 trained
Client 75 uploaded
Client 62 trained
Client 62 uploaded
Client 7 trained
Client 7 uploaded
Client 38 trained
Client 38 uploaded
Client 63 trained
Client 63 uploaded
Client 73 trained
Client 73 uploaded
Client 89 trained
Client 89 uploaded
Epoch(t): 135 accuracy: 57.18 loss 1.2290744584798814 run_time: 2420.372383594513
Current clients: 100 , select: 10
| current_epoch 136 |. Begin client select
SchedulerThread select( 10 clients):
71 | 25 | 39 | 75 | 44 | 34 | 0 | 37 | 76 | 6 |
-----------------------------------------------------------------Schedule complete
Client 39 trained
Client 39 uploaded
Client 44 trained
Client 44 uploaded
Client 37 trained
Client 37 uploaded
Client 71 trained
Client 71 uploaded
Client 75 trained
Client 75 uploaded
Client 25 trained
Client 25 uploaded
Client 6 trained
Client 6 uploaded
Client 76 trained
Client 76 uploaded
Client 0 trained
Client 0 uploaded
Client 34 trained
Client 34 uploaded
Epoch(t): 136 accuracy: 57.58 loss 1.253233711719513 run_time: 2435.9203379154205
Current clients: 100 , select: 10
| current_epoch 137 |. Begin client select
SchedulerThread select( 10 clients):
66 | 21 | 67 | 26 | 11 | 95 | 69 | 73 | 98 | 32 |
-----------------------------------------------------------------Schedule complete
Client 66 trained
Client 66 uploaded
Client 98 trained
Client 98 uploaded
Client 21 trained
Client 21 uploaded
Client 95 trained
Client 95 uploaded
Client 67 trained
Client 67 uploaded
Client 26 trained
Client 26 uploaded
Client 73 trained
Client 73 uploaded
Client 32 trained
Client 32 uploaded
Client 11 trained
Client 11 uploaded
Client 69 trained
Client 69 uploaded
Epoch(t): 137 accuracy: 55.75 loss 1.3267290854454041 run_time: 2458.0448954105377
Current clients: 100 , select: 10
| current_epoch 138 |. Begin client select
SchedulerThread select( 10 clients):
82 | 73 | 93 | 78 | 28 | 11 | 15 | 20 | 75 | 86 |
-----------------------------------------------------------------Schedule complete
Client 93 trained
Client 93 uploaded
Client 28 trained
Client 28 uploaded
Client 86 trained
Client 86 uploaded
Client 75 trained
Client 75 uploaded
Client 20 trained
Client 20 uploaded
Client 78 trained
Client 78 uploaded
Client 82 trained
Client 82 uploaded
Client 73 trained
Client 73 uploaded
Client 15 trained
Client 15 uploaded
Client 11 trained
Client 11 uploaded
Epoch(t): 138 accuracy: 58.38 loss 1.230857709646225 run_time: 2475.405336856842
Current clients: 100 , select: 10
| current_epoch 139 |. Begin client select
SchedulerThread select( 10 clients):
28 | 81 | 61 | 79 | 35 | 97 | 33 | 20 | 98 | 22 |
-----------------------------------------------------------------Schedule complete
Client 28 trained
Client 28 uploaded
Client 33 trained
Client 33 uploaded
Client 61 trained
Client 61 uploaded
Client 98 trained
Client 98 uploaded
Client 20 trained
Client 20 uploaded
Client 81 trained
Client 81 uploaded
Client 35 trained
Client 35 uploaded
Client 97 trained
Client 97 uploaded
Client 22 trained
Client 22 uploaded
Client 79 trained
Client 79 uploaded
Epoch(t): 139 accuracy: 61.39 loss 1.10183622777462 run_time: 2490.661888360977
Current clients: 100 , select: 10
| current_epoch 140 |. Begin client select
SchedulerThread select( 10 clients):
45 | 98 | 90 | 51 | 53 | 49 | 18 | 88 | 36 | 2 |
-----------------------------------------------------------------Schedule complete
Client 18 trained
Client 18 uploaded
Client 49 trained
Client 49 uploaded
Client 98 trained
Client 98 uploaded
Client 88 trained
Client 88 uploaded
Client 36 trained
Client 36 uploaded
Client 51 trained
Client 51 uploaded
Client 45 trained
Client 45 uploaded
Client 90 trained
Client 90 uploaded
Client 2 trained
Client 2 uploaded
Client 53 trained
Client 53 uploaded
Epoch(t): 140 accuracy: 47.59 loss 1.6404031240940093 run_time: 2511.9093029499054
Current clients: 100 , select: 10
| current_epoch 141 |. Begin client select
SchedulerThread select( 10 clients):
35 | 18 | 75 | 49 | 2 | 25 | 21 | 63 | 71 | 77 |
-----------------------------------------------------------------Schedule complete
Client 18 trained
Client 18 uploaded
Client 49 trained
Client 49 uploaded
Client 71 trained
Client 71 uploaded
Client 75 trained
Client 75 uploaded
Client 25 trained
Client 25 uploaded
Client 21 trained
Client 21 uploaded
Client 35 trained
Client 35 uploaded
Client 63 trained
Client 63 uploaded
Client 77 trained
Client 77 uploaded
Client 2 trained
Client 2 uploaded
Epoch(t): 141 accuracy: 62.06 loss 1.101139535307884 run_time: 2528.301244497299
Current clients: 100 , select: 10
| current_epoch 142 |. Begin client select
SchedulerThread select( 10 clients):
54 | 86 | 38 | 93 | 55 | 79 | 77 | 4 | 88 | 10 |
-----------------------------------------------------------------Schedule complete
Client 93 trained
Client 93 uploaded
Client 86 trained
Client 86 uploaded
Client 54 trained
Client 54 uploaded
Client 88 trained
Client 88 uploaded
Client 55 trained
Client 55 uploaded
Client 38 trained
Client 38 uploaded
Client 79 trained
Client 79 uploaded
Client 77 trained
Client 77 uploaded
Client 10 trained
Client 10 uploaded
Client 4 trained
Client 4 uploaded
Epoch(t): 142 accuracy: 59.07 loss 1.2048070240020752 run_time: 2549.8556649684906
Current clients: 100 , select: 10
| current_epoch 143 |. Begin client select
SchedulerThread select( 10 clients):
61 | 66 | 71 | 93 | 76 | 43 | 98 | 80 | 85 | 62 |
-----------------------------------------------------------------Schedule complete
Client 93 trained
Client 93 uploaded
Client 61 trained
Client 61 uploaded
Client 66 trained
Client 66 uploaded
Client 71 trained
Client 71 uploaded
Client 98 trained
Client 98 uploaded
Client 62 trained
Client 62 uploaded
Client 85 trained
Client 85 uploaded
Client 76 trained
Client 76 uploaded
Client 80 trained
Client 80 uploaded
Client 43 trained
Client 43 uploaded
Epoch(t): 143 accuracy: 62.57 loss 1.0672169828414917 run_time: 2566.1109278202057
Current clients: 100 , select: 10
| current_epoch 144 |. Begin client select
SchedulerThread select( 10 clients):
88 | 84 | 74 | 21 | 20 | 16 | 63 | 51 | 36 | 23 |
-----------------------------------------------------------------Schedule complete
Client 74 trained
Client 74 uploaded
Client 84 trained
Client 84 uploaded
Client 88 trained
Client 88 uploaded
Client 21 trained
Client 21 uploaded
Client 20 trained
Client 20 uploaded
Client 36 trained
Client 36 uploaded
Client 51 trained
Client 51 uploaded
Client 63 trained
Client 63 uploaded
Client 23 trained
Client 23 uploaded
Client 16 trained
Client 16 uploaded
Epoch(t): 144 accuracy: 60.63 loss 1.1316505950689315 run_time: 2584.1466608047485
Current clients: 100 , select: 10
| current_epoch 145 |. Begin client select
SchedulerThread select( 10 clients):
20 | 10 | 49 | 90 | 9 | 85 | 64 | 82 | 42 | 7 |
-----------------------------------------------------------------Schedule complete
Client 9 trained
Client 9 uploaded
Client 49 trained
Client 49 uploaded
Client 20 trained
Client 20 uploaded
Client 7 trained
Client 7 uploaded
Client 85 trained
Client 85 uploaded
Client 82 trained
Client 82 uploaded
Client 64 trained
Client 64 uploaded
Client 90 trained
Client 90 uploaded
Client 10 trained
Client 10 uploaded
Client 42 trained
Client 42 uploaded
Epoch(t): 145 accuracy: 59.58 loss 1.1986676001548766 run_time: 2603.813747406006
Current clients: 100 , select: 10
| current_epoch 146 |. Begin client select
SchedulerThread select( 10 clients):
96 | 42 | 86 | 79 | 32 | 73 | 66 | 64 | 9 | 6 |
-----------------------------------------------------------------Schedule complete
Client 86 trained
Client 86 uploaded
Client 9 trained
Client 9 uploaded
Client 66 trained
Client 66 uploaded
Client 6 trained
Client 6 uploaded
Client 64 trained
Client 64 uploaded
Client 79 trained
Client 79 uploaded
Client 73 trained
Client 73 uploaded
Client 96 trained
Client 96 uploaded
Client 32 trained
Client 32 uploaded
Client 42 trained
Client 42 uploaded
Epoch(t): 146 accuracy: 57.67 loss 1.2839570343494415 run_time: 2625.1932187080383
Current clients: 100 , select: 10
| current_epoch 147 |. Begin client select
SchedulerThread select( 10 clients):
71 | 78 | 62 | 15 | 74 | 53 | 59 | 37 | 55 | 47 |
-----------------------------------------------------------------Schedule complete
Client 74 trained
Client 74 uploaded
Client 37 trained
Client 37 uploaded
Client 71 trained
Client 71 uploaded
Client 62 trained
Client 62 uploaded
Client 47 trained
Client 47 uploaded
Client 55 trained
Client 55 uploaded
Client 78 trained
Client 78 uploaded
Client 59 trained
Client 59 uploaded
Client 15 trained
Client 15 uploaded
Client 53 trained
Client 53 uploaded
Epoch(t): 147 accuracy: 60.35 loss 1.1868762058019637 run_time: 2645.2048490047455
Current clients: 100 , select: 10
| current_epoch 148 |. Begin client select
SchedulerThread select( 10 clients):
28 | 17 | 0 | 35 | 91 | 52 | 42 | 73 | 1 | 43 |
-----------------------------------------------------------------Schedule complete
Client 1 trained
Client 1 uploaded
Client 28 trained
Client 28 uploaded
Client 52 trained
Client 52 uploaded
Client 17 trained
Client 17 uploaded
Client 35 trained
Client 35 uploaded
Client 73 trained
Client 73 uploaded
Client 0 trained
Client 0 uploaded
Client 91 trained
Client 91 uploaded
Client 43 trained
Client 43 uploaded
Client 42 trained
Client 42 uploaded
Epoch(t): 148 accuracy: 54.3 loss 1.3310569494962692 run_time: 2665.4245660305023
Current clients: 100 , select: 10
| current_epoch 149 |. Begin client select
SchedulerThread select( 10 clients):
67 | 72 | 21 | 37 | 3 | 38 | 20 | 23 | 49 | 98 |
-----------------------------------------------------------------Schedule complete
Client 37 trained
Client 37 uploaded
Client 49 trained
Client 49 uploaded
Client 3 trained
Client 3 uploaded
Client 98 trained
Client 98 uploaded
Client 72 trained
Client 72 uploaded
Client 20 trained
Client 20 uploaded
Client 21 trained
Client 21 uploaded
Client 67 trained
Client 67 uploaded
Client 38 trained
Client 38 uploaded
Client 23 trained
Client 23 uploaded
Epoch(t): 149 accuracy: 64.12 loss 1.0339920651912688 run_time: 2681.075388431549
Current clients: 100 , select: 10
| current_epoch 150 |. Begin client select
SchedulerThread select( 10 clients):
35 | 40 | 21 | 44 | 23 | 70 | 74 | 94 | 79 | 76 |
-----------------------------------------------------------------Schedule complete
Client 94 trained
Client 94 uploaded
Client 74 trained
Client 74 uploaded
Client 44 trained
Client 44 uploaded
Client 40 trained
Client 40 uploaded
Client 21 trained
Client 21 uploaded
Client 70 trained
Client 70 uploaded
Client 35 trained
Client 35 uploaded
Client 76 trained
Client 76 uploaded
Client 23 trained
Client 23 uploaded
Client 79 trained
Client 79 uploaded
Epoch(t): 150 accuracy: 61.0 loss 1.118332114815712 run_time: 2696.5115883350372
Current clients: 100 , select: 10
| current_epoch 151 |. Begin client select
SchedulerThread select( 10 clients):
23 | 46 | 57 | 61 | 44 | 40 | 65 | 20 | 47 | 8 |
-----------------------------------------------------------------Schedule complete
Client 61 trained
Client 61 uploaded
Client 57 trained
Client 57 uploaded
Client 44 trained
Client 44 uploaded
Client 40 trained
Client 40 uploaded
Client 46 trained
Client 46 uploaded
Client 47 trained
Client 47 uploaded
Client 20 trained
Client 20 uploaded
Client 8 trained
Client 8 uploaded
Client 65 trained
Client 65 uploaded
Client 23 trained
Client 23 uploaded
Epoch(t): 151 accuracy: 59.62 loss 1.1576217716932298 run_time: 2711.023980617523
Current clients: 100 , select: 10
| current_epoch 152 |. Begin client select
SchedulerThread select( 10 clients):
9 | 10 | 85 | 79 | 6 | 42 | 11 | 59 | 22 | 61 |
-----------------------------------------------------------------Schedule complete
Client 9 trained
Client 9 uploaded
Client 61 trained
Client 61 uploaded
Client 6 trained
Client 6 uploaded
Client 85 trained
Client 85 uploaded
Client 59 trained
Client 59 uploaded
Client 79 trained
Client 79 uploaded
Client 22 trained
Client 22 uploaded
Client 10 trained
Client 10 uploaded
Client 42 trained
Client 42 uploaded
Client 11 trained
Client 11 uploaded
Epoch(t): 152 accuracy: 59.88 loss 1.1928477972745894 run_time: 2734.2424585819244
Current clients: 100 , select: 10
| current_epoch 153 |. Begin client select
SchedulerThread select( 10 clients):
8 | 30 | 45 | 78 | 16 | 20 | 52 | 1 | 50 | 72 |
-----------------------------------------------------------------Schedule complete
Client 1 trained
Client 1 uploaded
Client 52 trained
Client 52 uploaded
Client 20 trained
Client 20 uploaded
Client 72 trained
Client 72 uploaded
Client 50 trained
Client 50 uploaded
Client 8 trained
Client 8 uploaded
Client 78 trained
Client 78 uploaded
Client 45 trained
Client 45 uploaded
Client 16 trained
Client 16 uploaded
Client 30 trained
Client 30 uploaded
Epoch(t): 153 accuracy: 60.49 loss 1.1715319150686263 run_time: 2752.1656053066254
Current clients: 100 , select: 10
| current_epoch 154 |. Begin client select
SchedulerThread select( 10 clients):
31 | 28 | 57 | 12 | 56 | 8 | 70 | 94 | 69 | 83 |
-----------------------------------------------------------------Schedule complete
Client 94 trained
Client 94 uploaded
Client 28 trained
Client 28 uploaded
Client 31 trained
Client 31 uploaded
Client 12 trained
Client 12 uploaded
Client 57 trained
Client 57 uploaded
Client 8 trained
Client 8 uploaded
Client 83 trained
Client 83 uploaded
Client 70 trained
Client 70 uploaded
Client 56 trained
Client 56 uploaded
Client 69 trained
Client 69 uploaded
Epoch(t): 154 accuracy: 49.12 loss 1.6380417442321777 run_time: 2766.4871079921722
Current clients: 100 , select: 10
| current_epoch 155 |. Begin client select
SchedulerThread select( 10 clients):
84 | 82 | 68 | 65 | 79 | 4 | 18 | 15 | 64 | 53 |
-----------------------------------------------------------------Schedule complete
Client 18 trained
Client 18 uploaded
Client 84 trained
Client 84 uploaded
Client 68 trained
Client 68 uploaded
Client 65 trained
Client 65 uploaded
Client 82 trained
Client 82 uploaded
Client 64 trained
Client 64 uploaded
Client 79 trained
Client 79 uploaded
Client 15 trained
Client 15 uploaded
Client 53 trained
Client 53 uploaded
Client 4 trained
Client 4 uploaded
Epoch(t): 155 accuracy: 54.13 loss 1.4897333419322967 run_time: 2789.7827792167664
Current clients: 100 , select: 10
| current_epoch 156 |. Begin client select
SchedulerThread select( 10 clients):
24 | 84 | 95 | 25 | 78 | 52 | 90 | 58 | 29 | 89 |
-----------------------------------------------------------------Schedule complete
Client 58 trained
Client 58 uploaded
Client 84 trained
Client 84 uploaded
Client 24 trained
Client 24 uploaded
Client 52 trained
Client 52 uploaded
Client 25 trained
Client 25 uploaded
Client 95 trained
Client 95 uploaded
Client 78 trained
Client 78 uploaded
Client 90 trained
Client 90 uploaded
Client 29 trained
Client 29 uploaded
Client 89 trained
Client 89 uploaded
Epoch(t): 156 accuracy: 63.77 loss 1.0672991502285003 run_time: 2808.367633342743
Current clients: 100 , select: 10
| current_epoch 157 |. Begin client select
SchedulerThread select( 10 clients):
41 | 8 | 17 | 21 | 66 | 35 | 51 | 52 | 30 | 77 |
-----------------------------------------------------------------Schedule complete
Client 41 trained
Client 41 uploaded
Client 66 trained
Client 66 uploaded
Client 52 trained
Client 52 uploaded
Client 17 trained
Client 17 uploaded
Client 21 trained
Client 21 uploaded
Client 8 trained
Client 8 uploaded
Client 35 trained
Client 35 uploaded
Client 51 trained
Client 51 uploaded
Client 30 trained
Client 30 uploaded
Client 77 trained
Client 77 uploaded
Epoch(t): 157 accuracy: 63.24 loss 1.0738147938251494 run_time: 2825.6720566749573
Current clients: 100 , select: 10
| current_epoch 158 |. Begin client select
SchedulerThread select( 10 clients):
95 | 33 | 13 | 8 | 39 | 81 | 58 | 91 | 89 | 11 |
-----------------------------------------------------------------Schedule complete
Client 13 trained
Client 13 uploaded
Client 33 trained
Client 33 uploaded
Client 58 trained
Client 58 uploaded
Client 39 trained
Client 39 uploaded
Client 8 trained
Client 8 uploaded
Client 81 trained
Client 81 uploaded
Client 95 trained
Client 95 uploaded
Client 91 trained
Client 91 uploaded
Client 11 trained
Client 11 uploaded
Client 89 trained
Client 89 uploaded
Epoch(t): 158 accuracy: 40.26 loss 2.1702242815494537 run_time: 2842.460488796234
Current clients: 100 , select: 10
| current_epoch 159 |. Begin client select
SchedulerThread select( 10 clients):
91 | 45 | 39 | 46 | 89 | 19 | 10 | 23 | 11 | 63 |
-----------------------------------------------------------------Schedule complete
Client 39 trained
Client 39 uploaded
Client 19 trained
Client 19 uploaded
Client 46 trained
Client 46 uploaded
Client 63 trained
Client 63 uploaded
Client 23 trained
Client 23 uploaded
Client 45 trained
Client 45 uploaded
Client 91 trained
Client 91 uploaded
Client 10 trained
Client 10 uploaded
Client 11 trained
Client 11 uploaded
Client 89 trained
Client 89 uploaded
Epoch(t): 159 accuracy: 55.25 loss 1.391032230257988 run_time: 2866.3857023715973
Current clients: 100 , select: 10
| current_epoch 160 |. Begin client select
SchedulerThread select( 10 clients):
6 | 87 | 89 | 77 | 2 | 13 | 27 | 44 | 53 | 61 |
-----------------------------------------------------------------Schedule complete
Client 13 trained
Client 13 uploaded
Client 61 trained
Client 61 uploaded
Client 44 trained
Client 44 uploaded
Client 87 trained
Client 87 uploaded
Client 27 trained
Client 27 uploaded
Client 6 trained
Client 6 uploaded
Client 2 trained
Client 2 uploaded
Client 77 trained
Client 77 uploaded
Client 89 trained
Client 89 uploaded
Client 53 trained
Client 53 uploaded
Epoch(t): 160 accuracy: 59.3 loss 1.241932790875435 run_time: 2886.255585193634
Current clients: 100 , select: 10
| current_epoch 161 |. Begin client select
SchedulerThread select( 10 clients):
33 | 66 | 75 | 70 | 90 | 84 | 13 | 83 | 97 | 89 |
-----------------------------------------------------------------Schedule complete
Client 13 trained
Client 13 uploaded
Client 33 trained
Client 33 uploaded
Client 84 trained
Client 84 uploaded
Client 66 trained
Client 66 uploaded
Client 75 trained
Client 75 uploaded
Client 70 trained
Client 70 uploaded
Client 97 trained
Client 97 uploaded
Client 83 trained
Client 83 uploaded
Client 90 trained
Client 90 uploaded
Client 89 trained
Client 89 uploaded
Epoch(t): 161 accuracy: 58.26 loss 1.240099925994873 run_time: 2903.0335896015167
Current clients: 100 , select: 10
| current_epoch 162 |. Begin client select
SchedulerThread select( 10 clients):
31 | 61 | 43 | 90 | 37 | 36 | 11 | 33 | 72 | 67 |
-----------------------------------------------------------------Schedule complete
Client 31 trained
Client 31 uploaded
Client 33 trained
Client 33 uploaded
Client 61 trained
Client 61 uploaded
Client 37 trained
Client 37 uploaded
Client 72 trained
Client 72 uploaded
Client 67 trained
Client 67 uploaded
Client 36 trained
Client 36 uploaded
Client 90 trained
Client 90 uploaded
Client 43 trained
Client 43 uploaded
Client 11 trained
Client 11 uploaded
Epoch(t): 162 accuracy: 51.14 loss 1.5964764165878296 run_time: 2920.3427214622498
Current clients: 100 , select: 10
| current_epoch 163 |. Begin client select
SchedulerThread select( 10 clients):
88 | 6 | 57 | 75 | 41 | 26 | 91 | 49 | 95 | 71 |
-----------------------------------------------------------------Schedule complete
Client 41 trained
Client 41 uploaded
Client 57 trained
Client 57 uploaded
Client 49 trained
Client 49 uploaded
Client 71 trained
Client 71 uploaded
Client 75 trained
Client 75 uploaded
Client 88 trained
Client 88 uploaded
Client 6 trained
Client 6 uploaded
Client 95 trained
Client 95 uploaded
Client 26 trained
Client 26 uploaded
Client 91 trained
Client 91 uploaded
Epoch(t): 163 accuracy: 58.12 loss 1.2613139051198958 run_time: 2935.9189875125885
Current clients: 100 , select: 10
| current_epoch 164 |. Begin client select
SchedulerThread select( 10 clients):
78 | 40 | 91 | 89 | 38 | 32 | 69 | 19 | 56 | 85 |
-----------------------------------------------------------------Schedule complete
Client 19 trained
Client 19 uploaded
Client 40 trained
Client 40 uploaded
Client 85 trained
Client 85 uploaded
Client 78 trained
Client 78 uploaded
Client 38 trained
Client 38 uploaded
Client 56 trained
Client 56 uploaded
Client 91 trained
Client 91 uploaded
Client 32 trained
Client 32 uploaded
Client 69 trained
Client 69 uploaded
Client 89 trained
Client 89 uploaded
Epoch(t): 164 accuracy: 61.35 loss 1.1422897750139236 run_time: 2959.931544303894
Current clients: 100 , select: 10
| current_epoch 165 |. Begin client select
SchedulerThread select( 10 clients):
50 | 99 | 48 | 95 | 42 | 58 | 73 | 65 | 15 | 69 |
-----------------------------------------------------------------Schedule complete
Client 58 trained
Client 58 uploaded
Client 48 trained
Client 48 uploaded
Client 95 trained
Client 95 uploaded
Client 50 trained
Client 50 uploaded
Client 65 trained
Client 65 uploaded
Client 73 trained
Client 73 uploaded
Client 99 trained
Client 99 uploaded
Client 15 trained
Client 15 uploaded
Client 42 trained
Client 42 uploaded
Client 69 trained
Client 69 uploaded
Epoch(t): 165 accuracy: 62.29 loss 1.0933584952354432 run_time: 2983.7211565971375
Current clients: 100 , select: 10
| current_epoch 166 |. Begin client select
SchedulerThread select( 10 clients):
17 | 60 | 18 | 61 | 38 | 71 | 53 | 0 | 6 | 23 |
-----------------------------------------------------------------Schedule complete
Client 61 trained
Client 61 uploaded
Client 18 trained
Client 18 uploaded
Client 71 trained
Client 71 uploaded
Client 60 trained
Client 60 uploaded
Client 17 trained
Client 17 uploaded
Client 6 trained
Client 6 uploaded
Client 38 trained
Client 38 uploaded
Client 23 trained
Client 23 uploaded
Client 0 trained
Client 0 uploaded
Client 53 trained
Client 53 uploaded
Epoch(t): 166 accuracy: 53.95 loss 1.3346034538745881 run_time: 3001.931333065033
Current clients: 100 , select: 10
| current_epoch 167 |. Begin client select
SchedulerThread select( 10 clients):
35 | 8 | 36 | 88 | 30 | 57 | 13 | 12 | 51 | 65 |
-----------------------------------------------------------------Schedule complete
Client 13 trained
Client 13 uploaded
Client 12 trained
Client 12 uploaded
Client 57 trained
Client 57 uploaded
Client 88 trained
Client 88 uploaded
Client 8 trained
Client 8 uploaded
Client 35 trained
Client 35 uploaded
Client 65 trained
Client 65 uploaded
Client 36 trained
Client 36 uploaded
Client 51 trained
Client 51 uploaded
Client 30 trained
Client 30 uploaded
Epoch(t): 167 accuracy: 58.37 loss 1.1891403639316558 run_time: 3017.925075531006
Current clients: 100 , select: 10
| current_epoch 168 |. Begin client select
SchedulerThread select( 10 clients):
0 | 16 | 30 | 10 | 2 | 59 | 32 | 96 | 70 | 99 |
-----------------------------------------------------------------Schedule complete
Client 70 trained
Client 70 uploaded
Client 59 trained
Client 59 uploaded
Client 99 trained
Client 99 uploaded
Client 0 trained
Client 0 uploaded
Client 30 trained
Client 30 uploaded
Client 2 trained
Client 2 uploaded
Client 16 trained
Client 16 uploaded
Client 96 trained
Client 96 uploaded
Client 10 trained
Client 10 uploaded
Client 32 trained
Client 32 uploaded
Epoch(t): 168 accuracy: 62.49 loss 1.1216771459579469 run_time: 3046.4338653087616
Current clients: 100 , select: 10
| current_epoch 169 |. Begin client select
SchedulerThread select( 10 clients):
89 | 0 | 54 | 50 | 36 | 30 | 6 | 21 | 68 | 94 |
-----------------------------------------------------------------Schedule complete
Client 94 trained
Client 94 uploaded
Client 54 trained
Client 54 uploaded
Client 21 trained
Client 21 uploaded
Client 50 trained
Client 50 uploaded
Client 6 trained
Client 6 uploaded
Client 68 trained
Client 68 uploaded
Client 36 trained
Client 36 uploaded
Client 0 trained
Client 0 uploaded
Client 30 trained
Client 30 uploaded
Client 89 trained
Client 89 uploaded
Epoch(t): 169 accuracy: 50.07 loss 1.476832890510559 run_time: 3066.994582414627
Current clients: 100 , select: 10
| current_epoch 170 |. Begin client select
SchedulerThread select( 10 clients):
3 | 66 | 7 | 86 | 72 | 49 | 43 | 39 | 45 | 80 |
-----------------------------------------------------------------Schedule complete
Client 86 trained
Client 86 uploaded
Client 39 trained
Client 39 uploaded
Client 49 trained
Client 49 uploaded
Client 66 trained
Client 66 uploaded
Client 3 trained
Client 3 uploaded
Client 72 trained
Client 72 uploaded
Client 7 trained
Client 7 uploaded
Client 80 trained
Client 80 uploaded
Client 45 trained
Client 45 uploaded
Client 43 trained
Client 43 uploaded
Epoch(t): 170 accuracy: 64.25 loss 1.0481585824489594 run_time: 3083.5491909980774
Current clients: 100 , select: 10
| current_epoch 171 |. Begin client select
SchedulerThread select( 10 clients):
14 | 78 | 79 | 46 | 92 | 26 | 49 | 20 | 18 | 44 |
-----------------------------------------------------------------Schedule complete
Client 14 trained
Client 14 uploaded
Client 18 trained
Client 18 uploaded
Client 44 trained
Client 44 uploaded
Client 92 trained
Client 92 uploaded
Client 49 trained
Client 49 uploaded
Client 46 trained
Client 46 uploaded
Client 20 trained
Client 20 uploaded
Client 78 trained
Client 78 uploaded
Client 26 trained
Client 26 uploaded
Client 79 trained
Client 79 uploaded
Epoch(t): 171 accuracy: 61.31 loss 1.1647873812913894 run_time: 3096.4797031879425
Current clients: 100 , select: 10
| current_epoch 172 |. Begin client select
SchedulerThread select( 10 clients):
97 | 3 | 88 | 49 | 78 | 62 | 29 | 67 | 7 | 83 |
-----------------------------------------------------------------Schedule complete
Client 49 trained
Client 49 uploaded
Client 3 trained
Client 3 uploaded
Client 88 trained
Client 88 uploaded
Client 62 trained
Client 62 uploaded
Client 67 trained
Client 67 uploaded
Client 7 trained
Client 7 uploaded
Client 97 trained
Client 97 uploaded
Client 78 trained
Client 78 uploaded
Client 83 trained
Client 83 uploaded
Client 29 trained
Client 29 uploaded
Epoch(t): 172 accuracy: 57.6 loss 1.2527496010065078 run_time: 3115.291923522949
Current clients: 100 , select: 10
| current_epoch 173 |. Begin client select
SchedulerThread select( 10 clients):
83 | 13 | 61 | 89 | 3 | 17 | 38 | 31 | 23 | 46 |
-----------------------------------------------------------------Schedule complete
Client 13 trained
Client 13 uploaded
Client 31 trained
Client 31 uploaded
Client 61 trained
Client 61 uploaded
Client 3 trained
Client 3 uploaded
Client 46 trained
Client 46 uploaded
Client 17 trained
Client 17 uploaded
Client 83 trained
Client 83 uploaded
Client 38 trained
Client 38 uploaded
Client 23 trained
Client 23 uploaded
Client 89 trained
Client 89 uploaded
Epoch(t): 173 accuracy: 62.37 loss 1.1081337124109267 run_time: 3131.7088570594788
Current clients: 100 , select: 10
| current_epoch 174 |. Begin client select
SchedulerThread select( 10 clients):
50 | 85 | 48 | 92 | 21 | 89 | 70 | 10 | 79 | 81 |
-----------------------------------------------------------------Schedule complete
Client 92 trained
Client 92 uploaded
Client 21 trained
Client 21 uploaded
Client 48 trained
Client 48 uploaded
Client 81 trained
Client 81 uploaded
Client 70 trained
Client 70 uploaded
Client 50 trained
Client 50 uploaded
Client 85 trained
Client 85 uploaded
Client 79 trained
Client 79 uploaded
Client 10 trained
Client 10 uploaded
Client 89 trained
Client 89 uploaded
Epoch(t): 174 accuracy: 62.12 loss 1.1102873319387436 run_time: 3152.785929918289
Current clients: 100 , select: 10
| current_epoch 175 |. Begin client select
SchedulerThread select( 10 clients):
66 | 31 | 97 | 82 | 60 | 98 | 47 | 58 | 59 | 29 |
-----------------------------------------------------------------Schedule complete
Client 31 trained
Client 31 uploaded
Client 58 trained
Client 58 uploaded
Client 66 trained
Client 66 uploaded
Client 60 trained
Client 60 uploaded
Client 98 trained
Client 98 uploaded
Client 47 trained
Client 47 uploaded
Client 97 trained
Client 97 uploaded
Client 82 trained
Client 82 uploaded
Client 59 trained
Client 59 uploaded
Client 29 trained
Client 29 uploaded
Epoch(t): 175 accuracy: 57.51 loss 1.2805501794815064 run_time: 3169.3544375896454
Current clients: 100 , select: 10
| current_epoch 176 |. Begin client select
SchedulerThread select( 10 clients):
10 | 67 | 56 | 39 | 2 | 77 | 80 | 1 | 57 | 37 |
-----------------------------------------------------------------Schedule complete
Client 1 trained
Client 1 uploaded
Client 37 trained
Client 37 uploaded
Client 39 trained
Client 39 uploaded
Client 57 trained
Client 57 uploaded
Client 67 trained
Client 67 uploaded
Client 56 trained
Client 56 uploaded
Client 80 trained
Client 80 uploaded
Client 77 trained
Client 77 uploaded
Client 2 trained
Client 2 uploaded
Client 10 trained
Client 10 uploaded
Epoch(t): 176 accuracy: 57.49 loss 1.3091356360912323 run_time: 3186.5123834609985
Current clients: 100 , select: 10
| current_epoch 177 |. Begin client select
SchedulerThread select( 10 clients):
20 | 90 | 1 | 94 | 64 | 34 | 41 | 74 | 2 | 52 |
-----------------------------------------------------------------Schedule complete
Client 94 trained
Client 94 uploaded
Client 1 trained
Client 1 uploaded
Client 74 trained
Client 74 uploaded
Client 41 trained
Client 41 uploaded
Client 52 trained
Client 52 uploaded
Client 20 trained
Client 20 uploaded
Client 64 trained
Client 64 uploaded
Client 2 trained
Client 2 uploaded
Client 90 trained
Client 90 uploaded
Client 34 trained
Client 34 uploaded
Epoch(t): 177 accuracy: 56.14 loss 1.3584483468532562 run_time: 3201.7371644973755
Current clients: 100 , select: 10
| current_epoch 178 |. Begin client select
SchedulerThread select( 10 clients):
5 | 80 | 55 | 16 | 45 | 98 | 2 | 25 | 72 | 77 |
-----------------------------------------------------------------Schedule complete
Client 5 trained
Client 5 uploaded
Client 25 trained
Client 25 uploaded
Client 98 trained
Client 98 uploaded
Client 72 trained
Client 72 uploaded
Client 55 trained
Client 55 uploaded
Client 80 trained
Client 80 uploaded
Client 45 trained
Client 45 uploaded
Client 2 trained
Client 2 uploaded
Client 77 trained
Client 77 uploaded
Client 16 trained
Client 16 uploaded
Epoch(t): 178 accuracy: 62.97 loss 1.0874878334999085 run_time: 3222.7395350933075
Current clients: 100 , select: 10
| current_epoch 179 |. Begin client select
SchedulerThread select( 10 clients):
76 | 62 | 98 | 5 | 0 | 64 | 79 | 90 | 86 | 99 |
-----------------------------------------------------------------Schedule complete
Client 5 trained
Client 5 uploaded
Client 86 trained
Client 86 uploaded
Client 98 trained
Client 98 uploaded
Client 62 trained
Client 62 uploaded
Client 64 trained
Client 64 uploaded
Client 76 trained
Client 76 uploaded
Client 79 trained
Client 79 uploaded
Client 0 trained
Client 0 uploaded
Client 99 trained
Client 99 uploaded
Client 90 trained
Client 90 uploaded
Epoch(t): 179 accuracy: 63.11 loss 1.0921117520332337 run_time: 3242.0936949253082
Current clients: 100 , select: 10
| current_epoch 180 |. Begin client select
SchedulerThread select( 10 clients):
27 | 40 | 72 | 85 | 49 | 68 | 53 | 48 | 92 | 66 |
-----------------------------------------------------------------Schedule complete
Client 92 trained
Client 92 uploaded
Client 49 trained
Client 49 uploaded
Client 66 trained
Client 66 uploaded
Client 40 trained
Client 40 uploaded
Client 27 trained
Client 27 uploaded
Client 48 trained
Client 48 uploaded
Client 72 trained
Client 72 uploaded
Client 85 trained
Client 85 uploaded
Client 68 trained
Client 68 uploaded
Client 53 trained
Client 53 uploaded
Epoch(t): 180 accuracy: 53.9 loss 1.444154760837555 run_time: 3260.043756723404
Current clients: 100 , select: 10
| current_epoch 181 |. Begin client select
SchedulerThread select( 10 clients):
72 | 52 | 35 | 18 | 46 | 59 | 30 | 38 | 36 | 32 |
-----------------------------------------------------------------Schedule complete
Client 18 trained
Client 18 uploaded
Client 52 trained
Client 52 uploaded
Client 46 trained
Client 46 uploaded
Client 72 trained
Client 72 uploaded
Client 35 trained
Client 35 uploaded
Client 59 trained
Client 59 uploaded
Client 36 trained
Client 36 uploaded
Client 38 trained
Client 38 uploaded
Client 30 trained
Client 30 uploaded
Client 32 trained
Client 32 uploaded
Epoch(t): 181 accuracy: 65.42 loss 1.0207764875888825 run_time: 3279.2880318164825
Current clients: 100 , select: 10
| current_epoch 182 |. Begin client select
SchedulerThread select( 10 clients):
36 | 27 | 69 | 28 | 54 | 51 | 90 | 52 | 31 | 55 |
-----------------------------------------------------------------Schedule complete
Client 28 trained
Client 28 uploaded
Client 31 trained
Client 31 uploaded
Client 52 trained
Client 52 uploaded
Client 27 trained
Client 27 uploaded
Client 54 trained
Client 54 uploaded
Client 55 trained
Client 55 uploaded
Client 36 trained
Client 36 uploaded
Client 51 trained
Client 51 uploaded
Client 90 trained
Client 90 uploaded
Client 69 trained
Client 69 uploaded
Epoch(t): 182 accuracy: 53.36 loss 1.425616476535797 run_time: 3295.2663385868073
Current clients: 100 , select: 10
| current_epoch 183 |. Begin client select
SchedulerThread select( 10 clients):
89 | 93 | 71 | 51 | 12 | 73 | 30 | 39 | 66 | 18 |
-----------------------------------------------------------------Schedule complete
Client 93 trained
Client 93 uploaded
Client 12 trained
Client 12 uploaded
Client 18 trained
Client 18 uploaded
Client 39 trained
Client 39 uploaded
Client 66 trained
Client 66 uploaded
Client 71 trained
Client 71 uploaded
Client 51 trained
Client 51 uploaded
Client 73 trained
Client 73 uploaded
Client 30 trained
Client 30 uploaded
Client 89 trained
Client 89 uploaded
Epoch(t): 183 accuracy: 47.66 loss 1.6638399159908295 run_time: 3309.400048971176
Current clients: 100 , select: 10
| current_epoch 184 |. Begin client select
SchedulerThread select( 10 clients):
82 | 69 | 88 | 62 | 61 | 67 | 77 | 22 | 75 | 34 |
-----------------------------------------------------------------Schedule complete
Client 61 trained
Client 61 uploaded
Client 75 trained
Client 75 uploaded
Client 88 trained
Client 88 uploaded
Client 62 trained
Client 62 uploaded
Client 67 trained
Client 67 uploaded
Client 82 trained
Client 82 uploaded
Client 22 trained
Client 22 uploaded
Client 77 trained
Client 77 uploaded
Client 34 trained
Client 34 uploaded
Client 69 trained
Client 69 uploaded
Epoch(t): 184 accuracy: 61.17 loss 1.1297901719808578 run_time: 3330.7280855178833
Current clients: 100 , select: 10
| current_epoch 185 |. Begin client select
SchedulerThread select( 10 clients):
96 | 15 | 81 | 72 | 66 | 21 | 79 | 49 | 62 | 37 |
-----------------------------------------------------------------Schedule complete
Client 37 trained
Client 37 uploaded
Client 49 trained
Client 49 uploaded
Client 66 trained
Client 66 uploaded
Client 72 trained
Client 72 uploaded
Client 21 trained
Client 21 uploaded
Client 62 trained
Client 62 uploaded
Client 81 trained
Client 81 uploaded
Client 79 trained
Client 79 uploaded
Client 15 trained
Client 15 uploaded
Client 96 trained
Client 96 uploaded
Epoch(t): 185 accuracy: 56.52 loss 1.3238543874025346 run_time: 3349.3000860214233
Current clients: 100 , select: 10
| current_epoch 186 |. Begin client select
SchedulerThread select( 10 clients):
51 | 5 | 93 | 42 | 37 | 89 | 48 | 86 | 85 | 65 |
-----------------------------------------------------------------Schedule complete
Client 5 trained
Client 5 uploaded
Client 93 trained
Client 93 uploaded
Client 86 trained
Client 86 uploaded
Client 37 trained
Client 37 uploaded
Client 48 trained
Client 48 uploaded
Client 85 trained
Client 85 uploaded
Client 65 trained
Client 65 uploaded
Client 51 trained
Client 51 uploaded
Client 42 trained
Client 42 uploaded
Client 89 trained
Client 89 uploaded
Epoch(t): 186 accuracy: 62.1 loss 1.112441930770874 run_time: 3366.412914276123
Current clients: 100 , select: 10
| current_epoch 187 |. Begin client select
SchedulerThread select( 10 clients):
41 | 3 | 5 | 28 | 61 | 59 | 45 | 93 | 66 | 54 |
-----------------------------------------------------------------Schedule complete
Client 93 trained
Client 93 uploaded
Client 28 trained
Client 28 uploaded
Client 5 trained
Client 5 uploaded
Client 61 trained
Client 61 uploaded
Client 41 trained
Client 41 uploaded
Client 66 trained
Client 66 uploaded
Client 3 trained
Client 3 uploaded
Client 54 trained
Client 54 uploaded
Client 59 trained
Client 59 uploaded
Client 45 trained
Client 45 uploaded
Epoch(t): 187 accuracy: 59.69 loss 1.2013027030229568 run_time: 3377.3961148262024
Current clients: 100 , select: 10
| current_epoch 188 |. Begin client select
SchedulerThread select( 10 clients):
74 | 60 | 30 | 47 | 86 | 52 | 18 | 49 | 85 | 82 |
-----------------------------------------------------------------Schedule complete
Client 74 trained
Client 74 uploaded
Client 86 trained
Client 86 uploaded
Client 18 trained
Client 18 uploaded
Client 49 trained
Client 49 uploaded
Client 60 trained
Client 60 uploaded
Client 52 trained
Client 52 uploaded
Client 47 trained
Client 47 uploaded
Client 85 trained
Client 85 uploaded
Client 82 trained
Client 82 uploaded
Client 30 trained
Client 30 uploaded
Epoch(t): 188 accuracy: 64.17 loss 1.0799189507961273 run_time: 3391.596316576004
Current clients: 100 , select: 10
| current_epoch 189 |. Begin client select
SchedulerThread select( 10 clients):
76 | 48 | 82 | 68 | 14 | 10 | 45 | 63 | 22 | 1 |
-----------------------------------------------------------------Schedule complete
Client 1 trained
Client 1 uploaded
Client 14 trained
Client 14 uploaded
Client 48 trained
Client 48 uploaded
Client 68 trained
Client 68 uploaded
Client 76 trained
Client 76 uploaded
Client 82 trained
Client 82 uploaded
Client 63 trained
Client 63 uploaded
Client 45 trained
Client 45 uploaded
Client 22 trained
Client 22 uploaded
Client 10 trained
Client 10 uploaded
Epoch(t): 189 accuracy: 64.75 loss 1.0720347142219544 run_time: 3409.1569879055023
Current clients: 100 , select: 10
| current_epoch 190 |. Begin client select
SchedulerThread select( 10 clients):
54 | 65 | 86 | 69 | 55 | 80 | 75 | 39 | 76 | 52 |
-----------------------------------------------------------------Schedule complete
Client 86 trained
Client 86 uploaded
Client 39 trained
Client 39 uploaded
Client 75 trained
Client 75 uploaded
Client 52 trained
Client 52 uploaded
Client 54 trained
Client 54 uploaded
Client 55 trained
Client 55 uploaded
Client 76 trained
Client 76 uploaded
Client 65 trained
Client 65 uploaded
Client 80 trained
Client 80 uploaded
Client 69 trained
Client 69 uploaded
Epoch(t): 190 accuracy: 52.85 loss 1.4811845469474791 run_time: 3423.526712656021
Current clients: 100 , select: 10
| current_epoch 191 |. Begin client select
SchedulerThread select( 10 clients):
2 | 21 | 69 | 36 | 18 | 78 | 25 | 1 | 48 | 83 |
-----------------------------------------------------------------Schedule complete
Client 1 trained
Client 1 uploaded
Client 18 trained
Client 18 uploaded
Client 25 trained
Client 25 uploaded
Client 48 trained
Client 48 uploaded
Client 21 trained
Client 21 uploaded
Client 78 trained
Client 78 uploaded
Client 83 trained
Client 83 uploaded
Client 36 trained
Client 36 uploaded
Client 2 trained
Client 2 uploaded
Client 69 trained
Client 69 uploaded
Epoch(t): 191 accuracy: 56.5 loss 1.3055652451515198 run_time: 3442.238291978836
Current clients: 100 , select: 10
| current_epoch 192 |. Begin client select
SchedulerThread select( 10 clients):
81 | 6 | 89 | 20 | 52 | 72 | 24 | 58 | 84 | 88 |
-----------------------------------------------------------------Schedule complete
Client 58 trained
Client 58 uploaded
Client 84 trained
Client 84 uploaded
Client 24 trained
Client 24 uploaded
Client 52 trained
Client 52 uploaded
Client 20 trained
Client 20 uploaded
Client 72 trained
Client 72 uploaded
Client 88 trained
Client 88 uploaded
Client 6 trained
Client 6 uploaded
Client 81 trained
Client 81 uploaded
Client 89 trained
Client 89 uploaded
Epoch(t): 192 accuracy: 56.83 loss 1.3181807011365891 run_time: 3455.51460814476
Current clients: 100 , select: 10
| current_epoch 193 |. Begin client select
SchedulerThread select( 10 clients):
79 | 71 | 98 | 0 | 74 | 8 | 10 | 89 | 4 | 34 |
-----------------------------------------------------------------Schedule complete
Client 74 trained
Client 74 uploaded
Client 71 trained
Client 71 uploaded
Client 98 trained
Client 98 uploaded
Client 8 trained
Client 8 uploaded
Client 79 trained
Client 79 uploaded
Client 0 trained
Client 0 uploaded
Client 34 trained
Client 34 uploaded
Client 10 trained
Client 10 uploaded
Client 89 trained
Client 89 uploaded
Client 4 trained
Client 4 uploaded
Epoch(t): 193 accuracy: 63.82 loss 1.0769973981380463 run_time: 3480.0270755290985
Current clients: 100 , select: 10
| current_epoch 194 |. Begin client select
SchedulerThread select( 10 clients):
52 | 71 | 29 | 24 | 34 | 62 | 67 | 38 | 94 | 66 |
-----------------------------------------------------------------Schedule complete
Client 94 trained
Client 94 uploaded
Client 66 trained
Client 66 uploaded
Client 24 trained
Client 24 uploaded
Client 71 trained
Client 71 uploaded
Client 52 trained
Client 52 uploaded
Client 62 trained
Client 62 uploaded
Client 67 trained
Client 67 uploaded
Client 38 trained
Client 38 uploaded
Client 34 trained
Client 34 uploaded
Client 29 trained
Client 29 uploaded
Epoch(t): 194 accuracy: 60.96 loss 1.2133430993556977 run_time: 3496.212860107422
Current clients: 100 , select: 10
| current_epoch 195 |. Begin client select
SchedulerThread select( 10 clients):
41 | 14 | 84 | 78 | 7 | 31 | 27 | 99 | 32 | 61 |
-----------------------------------------------------------------Schedule complete
Client 14 trained
Client 14 uploaded
Client 31 trained
Client 31 uploaded
Client 61 trained
Client 61 uploaded
Client 84 trained
Client 84 uploaded
Client 41 trained
Client 41 uploaded
Client 27 trained
Client 27 uploaded
Client 7 trained
Client 7 uploaded
Client 78 trained
Client 78 uploaded
Client 99 trained
Client 99 uploaded
Client 32 trained
Client 32 uploaded
Epoch(t): 195 accuracy: 55.96 loss 1.4417978835105896 run_time: 3510.3013529777527
Current clients: 100 , select: 10
| current_epoch 196 |. Begin client select
SchedulerThread select( 10 clients):
34 | 8 | 99 | 11 | 20 | 25 | 91 | 52 | 88 | 62 |
-----------------------------------------------------------------Schedule complete
Client 52 trained
Client 52 uploaded
Client 25 trained
Client 25 uploaded
Client 62 trained
Client 62 uploaded
Client 20 trained
Client 20 uploaded
Client 88 trained
Client 88 uploaded
Client 8 trained
Client 8 uploaded
Client 99 trained
Client 99 uploaded
Client 91 trained
Client 91 uploaded
Client 34 trained
Client 34 uploaded
Client 11 trained
Client 11 uploaded
Epoch(t): 196 accuracy: 60.26 loss 1.1976635146141053 run_time: 3531.344245195389
Current clients: 100 , select: 10
| current_epoch 197 |. Begin client select
SchedulerThread select( 10 clients):
78 | 72 | 45 | 65 | 29 | 92 | 34 | 14 | 15 | 97 |
-----------------------------------------------------------------Schedule complete
Client 14 trained
Client 14 uploaded
Client 92 trained
Client 92 uploaded
Client 72 trained
Client 72 uploaded
Client 78 trained
Client 78 uploaded
Client 97 trained
Client 97 uploaded
Client 65 trained
Client 65 uploaded
Client 45 trained
Client 45 uploaded
Client 15 trained
Client 15 uploaded
Client 34 trained
Client 34 uploaded
Client 29 trained
Client 29 uploaded
Epoch(t): 197 accuracy: 63.0 loss 1.1471259361505508 run_time: 3552.6333754062653
Current clients: 100 , select: 10
| current_epoch 198 |. Begin client select
SchedulerThread select( 10 clients):
36 | 16 | 75 | 23 | 94 | 22 | 96 | 64 | 80 | 6 |
-----------------------------------------------------------------Schedule complete
Client 94 trained
Client 94 uploaded
Client 75 trained
Client 75 uploaded
Client 6 trained
Client 6 uploaded
Client 64 trained
Client 64 uploaded
Client 36 trained
Client 36 uploaded
Client 80 trained
Client 80 uploaded
Client 23 trained
Client 23 uploaded
Client 22 trained
Client 22 uploaded
Client 16 trained
Client 16 uploaded
Client 96 trained
Client 96 uploaded
Epoch(t): 198 accuracy: 62.27 loss 1.0939732992649078 run_time: 3573.577841758728
Current clients: 100 , select: 10
| current_epoch 199 |. Begin client select
SchedulerThread select( 10 clients):
96 | 65 | 20 | 34 | 79 | 47 | 4 | 74 | 16 | 45 |
-----------------------------------------------------------------Schedule complete
Client 74 trained
Client 74 uploaded
Client 20 trained
Client 20 uploaded
Client 47 trained
Client 47 uploaded
Client 65 trained
Client 65 uploaded
Client 79 trained
Client 79 uploaded
Client 45 trained
Client 45 uploaded
Client 16 trained
Client 16 uploaded
Client 34 trained
Client 34 uploaded
Client 96 trained
Client 96 uploaded
Client 4 trained
Client 4 uploaded
Epoch(t): 199 accuracy: 54.48 loss 1.5038323831558227 run_time: 3599.2600638866425
Current clients: 100 , select: 10
| current_epoch 200 |. Begin client select
SchedulerThread select( 10 clients):
56 | 94 | 81 | 45 | 43 | 66 | 61 | 93 | 84 | 59 |
-----------------------------------------------------------------Schedule complete
Client 94 trained
Client 94 uploaded
Client 93 trained
Client 93 uploaded
Client 61 trained
Client 61 uploaded
Client 84 trained
Client 84 uploaded
Client 66 trained
Client 66 uploaded
Client 81 trained
Client 81 uploaded
Client 56 trained
Client 56 uploaded
Client 59 trained
Client 59 uploaded
Client 45 trained
Client 45 uploaded
Client 43 trained
Client 43 uploaded
Epoch(t): 200 accuracy: 55.19 loss 1.4651768505573273 run_time: 3614.409645318985
Current clients: 100 , select: 10
| current_epoch 201 |. Begin client select
SchedulerThread select( 10 clients):
22 | 66 | 91 | 40 | 95 | 46 | 8 | 97 | 6 | 12 |
-----------------------------------------------------------------Schedule complete
Client 12 trained
Client 12 uploaded
Client 66 trained
Client 66 uploaded
Client 40 trained
Client 40 uploaded
Client 46 trained
Client 46 uploaded
Client 8 trained
Client 8 uploaded
Client 95 trained
Client 95 uploaded
Client 6 trained
Client 6 uploaded
Client 97 trained
Client 97 uploaded
Client 22 trained
Client 22 uploaded
Client 91 trained
Client 91 uploaded
Epoch(t): 201 accuracy: 61.4 loss 1.1376787579059602 run_time: 3631.2609791755676
Current clients: 100 , select: 10
| current_epoch 202 |. Begin client select
SchedulerThread select( 10 clients):
2 | 82 | 25 | 64 | 95 | 0 | 45 | 28 | 6 | 50 |
-----------------------------------------------------------------Schedule complete
Client 28 trained
Client 28 uploaded
Client 25 trained
Client 25 uploaded
Client 50 trained
Client 50 uploaded
Client 95 trained
Client 95 uploaded
Client 6 trained
Client 6 uploaded
Client 82 trained
Client 82 uploaded
Client 64 trained
Client 64 uploaded
Client 45 trained
Client 45 uploaded
Client 2 trained
Client 2 uploaded
Client 0 trained
Client 0 uploaded
Epoch(t): 202 accuracy: 59.31 loss 1.2745060819387435 run_time: 3650.275803089142
Current clients: 100 , select: 10
| current_epoch 203 |. Begin client select
SchedulerThread select( 10 clients):
83 | 21 | 80 | 18 | 99 | 35 | 76 | 1 | 59 | 86 |
-----------------------------------------------------------------Schedule complete
Client 1 trained
Client 1 uploaded
Client 86 trained
Client 86 uploaded
Client 18 trained
Client 18 uploaded
Client 21 trained
Client 21 uploaded
Client 35 trained
Client 35 uploaded
Client 59 trained
Client 59 uploaded
Client 83 trained
Client 83 uploaded
Client 76 trained
Client 76 uploaded
Client 80 trained
Client 80 uploaded
Client 99 trained
Client 99 uploaded
Epoch(t): 203 accuracy: 63.25 loss 1.0668899089097976 run_time: 3666.1904368400574
Current clients: 100 , select: 10
| current_epoch 204 |. Begin client select
SchedulerThread select( 10 clients):
76 | 71 | 21 | 32 | 75 | 30 | 84 | 23 | 79 | 68 |
-----------------------------------------------------------------Schedule complete
Client 84 trained
Client 84 uploaded
Client 71 trained
Client 71 uploaded
Client 75 trained
Client 75 uploaded
Client 21 trained
Client 21 uploaded
Client 68 trained
Client 68 uploaded
Client 76 trained
Client 76 uploaded
Client 23 trained
Client 23 uploaded
Client 79 trained
Client 79 uploaded
Client 30 trained
Client 30 uploaded
Client 32 trained
Client 32 uploaded
Epoch(t): 204 accuracy: 67.63 loss 0.98577705681324 run_time: 3686.5617084503174
Current clients: 100 , select: 10
| current_epoch 205 |. Begin client select
SchedulerThread select( 10 clients):
80 | 17 | 87 | 84 | 70 | 66 | 59 | 64 | 78 | 14 |
-----------------------------------------------------------------Schedule complete
Client 14 trained
Client 14 uploaded
Client 84 trained
Client 84 uploaded
Client 87 trained
Client 87 uploaded
Client 66 trained
Client 66 uploaded
Client 17 trained
Client 17 uploaded
Client 70 trained
Client 70 uploaded
Client 78 trained
Client 78 uploaded
Client 59 trained
Client 59 uploaded
Client 64 trained
Client 64 uploaded
Client 80 trained
Client 80 uploaded
Epoch(t): 205 accuracy: 61.59 loss 1.1696785938739778 run_time: 3701.5635595321655
Current clients: 100 , select: 10
| current_epoch 206 |. Begin client select
SchedulerThread select( 10 clients):
65 | 66 | 48 | 41 | 22 | 28 | 32 | 16 | 77 | 84 |
-----------------------------------------------------------------Schedule complete
Client 28 trained
Client 28 uploaded
Client 84 trained
Client 84 uploaded
Client 41 trained
Client 41 uploaded
Client 66 trained
Client 66 uploaded
Client 48 trained
Client 48 uploaded
Client 65 trained
Client 65 uploaded
Client 22 trained
Client 22 uploaded
Client 77 trained
Client 77 uploaded
Client 16 trained
Client 16 uploaded
Client 32 trained
Client 32 uploaded
Epoch(t): 206 accuracy: 59.64 loss 1.2273560667037964 run_time: 3719.282304763794
Current clients: 100 , select: 10
| current_epoch 207 |. Begin client select
SchedulerThread select( 10 clients):
48 | 18 | 5 | 6 | 80 | 97 | 43 | 67 | 30 | 54 |
-----------------------------------------------------------------Schedule complete
Client 5 trained
Client 5 uploaded
Client 18 trained
Client 18 uploaded
Client 54 trained
Client 54 uploaded
Client 48 trained
Client 48 uploaded
Client 6 trained
Client 6 uploaded
Client 67 trained
Client 67 uploaded
Client 97 trained
Client 97 uploaded
Client 80 trained
Client 80 uploaded
Client 30 trained
Client 30 uploaded
Client 43 trained
Client 43 uploaded
Epoch(t): 207 accuracy: 61.46 loss 1.1455552905797959 run_time: 3737.440281867981
Current clients: 100 , select: 10
| current_epoch 208 |. Begin client select
SchedulerThread select( 10 clients):
26 | 68 | 58 | 18 | 74 | 77 | 47 | 43 | 63 | 11 |
-----------------------------------------------------------------Schedule complete
Client 58 trained
Client 58 uploaded
Client 74 trained
Client 74 uploaded
Client 18 trained
Client 18 uploaded
Client 47 trained
Client 47 uploaded
Client 68 trained
Client 68 uploaded
Client 26 trained
Client 26 uploaded
Client 63 trained
Client 63 uploaded
Client 77 trained
Client 77 uploaded
Client 43 trained
Client 43 uploaded
Client 11 trained
Client 11 uploaded
Epoch(t): 208 accuracy: 62.4 loss 1.1354914039373398 run_time: 3757.428115606308
Current clients: 100 , select: 10
| current_epoch 209 |. Begin client select
SchedulerThread select( 10 clients):
51 | 3 | 40 | 83 | 45 | 43 | 70 | 85 | 63 | 53 |
-----------------------------------------------------------------Schedule complete
Client 3 trained
Client 3 uploaded
Client 40 trained
Client 40 uploaded
Client 70 trained
Client 70 uploaded
Client 83 trained
Client 83 uploaded
Client 85 trained
Client 85 uploaded
Client 51 trained
Client 51 uploaded
Client 63 trained
Client 63 uploaded
Client 45 trained
Client 45 uploaded
Client 43 trained
Client 43 uploaded
Client 53 trained
Client 53 uploaded
Epoch(t): 209 accuracy: 60.15 loss 1.2027209997177124 run_time: 3780.4186656475067
Current clients: 100 , select: 10
| current_epoch 210 |. Begin client select
SchedulerThread select( 10 clients):
14 | 96 | 51 | 15 | 72 | 11 | 58 | 74 | 18 | 80 |
-----------------------------------------------------------------Schedule complete
Client 14 trained
Client 14 uploaded
Client 58 trained
Client 58 uploaded
Client 74 trained
Client 74 uploaded
Client 18 trained
Client 18 uploaded
Client 72 trained
Client 72 uploaded
Client 51 trained
Client 51 uploaded
Client 80 trained
Client 80 uploaded
Client 15 trained
Client 15 uploaded
Client 96 trained
Client 96 uploaded
Client 11 trained
Client 11 uploaded
Epoch(t): 210 accuracy: 62.64 loss 1.1571526461839676 run_time: 3798.7683293819427
Current clients: 100 , select: 10
| current_epoch 211 |. Begin client select
SchedulerThread select( 10 clients):
56 | 21 | 34 | 99 | 24 | 82 | 60 | 3 | 55 | 71 |
-----------------------------------------------------------------Schedule complete
Client 24 trained
Client 24 uploaded
Client 60 trained
Client 60 uploaded
Client 71 trained
Client 71 uploaded
Client 3 trained
Client 3 uploaded
Client 21 trained
Client 21 uploaded
Client 55 trained
Client 55 uploaded
Client 56 trained
Client 56 uploaded
Client 82 trained
Client 82 uploaded
Client 99 trained
Client 99 uploaded
Client 34 trained
Client 34 uploaded
Epoch(t): 211 accuracy: 66.58 loss 1.0114199286699295 run_time: 3816.867984056473
Current clients: 100 , select: 10
| current_epoch 212 |. Begin client select
SchedulerThread select( 10 clients):
75 | 42 | 52 | 39 | 65 | 68 | 30 | 54 | 60 | 80 |
-----------------------------------------------------------------Schedule complete
Client 39 trained
Client 39 uploaded
Client 52 trained
Client 52 uploaded
Client 60 trained
Client 60 uploaded
Client 75 trained
Client 75 uploaded
Client 54 trained
Client 54 uploaded
Client 68 trained
Client 68 uploaded
Client 65 trained
Client 65 uploaded
Client 80 trained
Client 80 uploaded
Client 30 trained
Client 30 uploaded
Client 42 trained
Client 42 uploaded
Epoch(t): 212 accuracy: 61.18 loss 1.220311123728752 run_time: 3835.443013191223
Current clients: 100 , select: 10
| current_epoch 213 |. Begin client select
SchedulerThread select( 10 clients):
18 | 83 | 48 | 20 | 50 | 23 | 13 | 77 | 94 | 39 |
-----------------------------------------------------------------Schedule complete
Client 94 trained
Client 94 uploaded
Client 13 trained
Client 13 uploaded
Client 18 trained
Client 18 uploaded
Client 39 trained
Client 39 uploaded
Client 20 trained
Client 20 uploaded
Client 48 trained
Client 48 uploaded
Client 50 trained
Client 50 uploaded
Client 83 trained
Client 83 uploaded
Client 23 trained
Client 23 uploaded
Client 77 trained
Client 77 uploaded
Epoch(t): 213 accuracy: 60.21 loss 1.2432056963443756 run_time: 3850.288918733597
Current clients: 100 , select: 10
| current_epoch 214 |. Begin client select
SchedulerThread select( 10 clients):
30 | 11 | 43 | 9 | 66 | 45 | 42 | 99 | 80 | 56 |
-----------------------------------------------------------------Schedule complete
Client 9 trained
Client 9 uploaded
Client 66 trained
Client 66 uploaded
Client 56 trained
Client 56 uploaded
Client 80 trained
Client 80 uploaded
Client 45 trained
Client 45 uploaded
Client 99 trained
Client 99 uploaded
Client 30 trained
Client 30 uploaded
Client 43 trained
Client 43 uploaded
Client 11 trained
Client 11 uploaded
Client 42 trained
Client 42 uploaded
Epoch(t): 214 accuracy: 64.85 loss 1.0752744680643083 run_time: 3876.3092827796936
Current clients: 100 , select: 10
| current_epoch 215 |. Begin client select
SchedulerThread select( 10 clients):
63 | 57 | 76 | 10 | 14 | 94 | 73 | 92 | 29 | 13 |
-----------------------------------------------------------------Schedule complete
Client 13 trained
Client 13 uploaded
Client 94 trained
Client 94 uploaded
Client 14 trained
Client 14 uploaded
Client 92 trained
Client 92 uploaded
Client 57 trained
Client 57 uploaded
Client 76 trained
Client 76 uploaded
Client 63 trained
Client 63 uploaded
Client 73 trained
Client 73 uploaded
Client 10 trained
Client 10 uploaded
Client 29 trained
Client 29 uploaded
Epoch(t): 215 accuracy: 65.19 loss 1.0474924945831299 run_time: 3892.376834154129
Current clients: 100 , select: 10
| current_epoch 216 |. Begin client select
SchedulerThread select( 10 clients):
55 | 14 | 17 | 59 | 74 | 83 | 32 | 20 | 41 | 62 |
-----------------------------------------------------------------Schedule complete
Client 14 trained
Client 14 uploaded
Client 74 trained
Client 74 uploaded
Client 41 trained
Client 41 uploaded
Client 17 trained
Client 17 uploaded
Client 20 trained
Client 20 uploaded
Client 62 trained
Client 62 uploaded
Client 55 trained
Client 55 uploaded
Client 83 trained
Client 83 uploaded
Client 59 trained
Client 59 uploaded
Client 32 trained
Client 32 uploaded
Epoch(t): 216 accuracy: 60.12 loss 1.2490019685029983 run_time: 3908.349452495575
Current clients: 100 , select: 10
| current_epoch 217 |. Begin client select
SchedulerThread select( 10 clients):
90 | 84 | 77 | 18 | 56 | 66 | 10 | 93 | 91 | 29 |
-----------------------------------------------------------------Schedule complete
Client 93 trained
Client 93 uploaded
Client 84 trained
Client 84 uploaded
Client 18 trained
Client 18 uploaded
Client 66 trained
Client 66 uploaded
Client 56 trained
Client 56 uploaded
Client 90 trained
Client 90 uploaded
Client 91 trained
Client 91 uploaded
Client 77 trained
Client 77 uploaded
Client 10 trained
Client 10 uploaded
Client 29 trained
Client 29 uploaded
Epoch(t): 217 accuracy: 62.31 loss 1.162142100930214 run_time: 3928.259706020355
Current clients: 100 , select: 10
| current_epoch 218 |. Begin client select
SchedulerThread select( 10 clients):
39 | 48 | 44 | 5 | 15 | 9 | 72 | 43 | 89 | 82 |
-----------------------------------------------------------------Schedule complete
Client 5 trained
Client 5 uploaded
Client 9 trained
Client 9 uploaded
Client 39 trained
Client 39 uploaded
Client 44 trained
Client 44 uploaded
Client 72 trained
Client 72 uploaded
Client 48 trained
Client 48 uploaded
Client 82 trained
Client 82 uploaded
Client 15 trained
Client 15 uploaded
Client 43 trained
Client 43 uploaded
Client 89 trained
Client 89 uploaded
Epoch(t): 218 accuracy: 58.59 loss 1.3094805878400804 run_time: 3947.2016172409058
Current clients: 100 , select: 10
| current_epoch 219 |. Begin client select
SchedulerThread select( 10 clients):
24 | 98 | 70 | 9 | 17 | 57 | 19 | 89 | 96 | 79 |
-----------------------------------------------------------------Schedule complete
Client 9 trained
Client 9 uploaded
Client 57 trained
Client 57 uploaded
Client 24 trained
Client 24 uploaded
Client 19 trained
Client 19 uploaded
Client 17 trained
Client 17 uploaded
Client 98 trained
Client 98 uploaded
Client 70 trained
Client 70 uploaded
Client 79 trained
Client 79 uploaded
Client 96 trained
Client 96 uploaded
Client 89 trained
Client 89 uploaded
Epoch(t): 219 accuracy: 59.39 loss 1.2335194283723832 run_time: 3965.2123324871063
Current clients: 100 , select: 10
| current_epoch 220 |. Begin client select
SchedulerThread select( 10 clients):
11 | 15 | 14 | 34 | 20 | 81 | 39 | 52 | 45 | 9 |
-----------------------------------------------------------------Schedule complete
Client 14 trained
Client 14 uploaded
Client 9 trained
Client 9 uploaded
Client 39 trained
Client 39 uploaded
Client 52 trained
Client 52 uploaded
Client 81 trained
Client 81 uploaded
Client 20 trained
Client 20 uploaded
Client 45 trained
Client 45 uploaded
Client 34 trained
Client 34 uploaded
Client 15 trained
Client 15 uploaded
Client 11 trained
Client 11 uploaded
Epoch(t): 220 accuracy: 63.66 loss 1.1388845974206925 run_time: 3983.8033616542816
Current clients: 100 , select: 10
| current_epoch 221 |. Begin client select
SchedulerThread select( 10 clients):
67 | 3 | 70 | 17 | 50 | 71 | 1 | 12 | 64 | 51 |
-----------------------------------------------------------------Schedule complete
Client 1 trained
Client 1 uploaded
Client 12 trained
Client 12 uploaded
Client 71 trained
Client 71 uploaded
Client 3 trained
Client 3 uploaded
Client 17 trained
Client 17 uploaded
Client 70 trained
Client 70 uploaded
Client 67 trained
Client 67 uploaded
Client 50 trained
Client 50 uploaded
Client 51 trained
Client 51 uploaded
Client 64 trained
Client 64 uploaded
Epoch(t): 221 accuracy: 64.49 loss 1.1078146237134934 run_time: 3998.558383703232
Current clients: 100 , select: 10
| current_epoch 222 |. Begin client select
SchedulerThread select( 10 clients):
45 | 73 | 8 | 52 | 6 | 96 | 99 | 66 | 19 | 3 |
-----------------------------------------------------------------Schedule complete
Client 66 trained
Client 66 uploaded
Client 19 trained
Client 19 uploaded
Client 52 trained
Client 52 uploaded
Client 3 trained
Client 3 uploaded
Client 8 trained
Client 8 uploaded
Client 6 trained
Client 6 uploaded
Client 45 trained
Client 45 uploaded
Client 73 trained
Client 73 uploaded
Client 99 trained
Client 99 uploaded
Client 96 trained
Client 96 uploaded
Epoch(t): 222 accuracy: 65.54 loss 1.0378890490531922 run_time: 4017.2409501075745
Current clients: 100 , select: 10
| current_epoch 223 |. Begin client select
SchedulerThread select( 10 clients):
81 | 29 | 59 | 49 | 56 | 64 | 8 | 17 | 79 | 58 |
-----------------------------------------------------------------Schedule complete
Client 58 trained
Client 58 uploaded
Client 49 trained
Client 49 uploaded
Client 17 trained
Client 17 uploaded
Client 81 trained
Client 81 uploaded
Client 8 trained
Client 8 uploaded
Client 64 trained
Client 64 uploaded
Client 59 trained
Client 59 uploaded
Client 56 trained
Client 56 uploaded
Client 79 trained
Client 79 uploaded
Client 29 trained
Client 29 uploaded
Epoch(t): 223 accuracy: 64.47 loss 1.0601087778806686 run_time: 4036.308783054352
Current clients: 100 , select: 10
| current_epoch 224 |. Begin client select
SchedulerThread select( 10 clients):
84 | 74 | 35 | 71 | 39 | 99 | 80 | 54 | 33 | 52 |
-----------------------------------------------------------------Schedule complete
Client 33 trained
Client 33 uploaded
Client 74 trained
Client 74 uploaded
Client 39 trained
Client 39 uploaded
Client 84 trained
Client 84 uploaded
Client 52 trained
Client 52 uploaded
Client 71 trained
Client 71 uploaded
Client 54 trained
Client 54 uploaded
Client 35 trained
Client 35 uploaded
Client 80 trained
Client 80 uploaded
Client 99 trained
Client 99 uploaded
Epoch(t): 224 accuracy: 61.14 loss 1.208486270904541 run_time: 4049.4391417503357
Current clients: 100 , select: 10
| current_epoch 225 |. Begin client select
SchedulerThread select( 10 clients):
2 | 77 | 63 | 82 | 9 | 4 | 16 | 5 | 87 | 36 |
-----------------------------------------------------------------Schedule complete
Client 5 trained
Client 5 uploaded
Client 9 trained
Client 9 uploaded
Client 87 trained
Client 87 uploaded
Client 36 trained
Client 36 uploaded
Client 82 trained
Client 82 uploaded
Client 63 trained
Client 63 uploaded
Client 77 trained
Client 77 uploaded
Client 2 trained
Client 2 uploaded
Client 16 trained
Client 16 uploaded
Client 4 trained
Client 4 uploaded
Epoch(t): 225 accuracy: 58.35 loss 1.2876489490270615 run_time: 4072.020025730133
Current clients: 100 , select: 10
| current_epoch 226 |. Begin client select
SchedulerThread select( 10 clients):
12 | 3 | 45 | 14 | 2 | 81 | 26 | 40 | 67 | 20 |
-----------------------------------------------------------------Schedule complete
Client 14 trained
Client 14 uploaded
Client 12 trained
Client 12 uploaded
Client 3 trained
Client 3 uploaded
Client 40 trained
Client 40 uploaded
Client 20 trained
Client 20 uploaded
Client 81 trained
Client 81 uploaded
Client 67 trained
Client 67 uploaded
Client 26 trained
Client 26 uploaded
Client 45 trained
Client 45 uploaded
Client 2 trained
Client 2 uploaded
Epoch(t): 226 accuracy: 57.41 loss 1.3418560683727265 run_time: 4087.8081398010254
Current clients: 100 , select: 10
| current_epoch 227 |. Begin client select
SchedulerThread select( 10 clients):
5 | 8 | 20 | 29 | 74 | 92 | 41 | 34 | 7 | 71 |
-----------------------------------------------------------------Schedule complete
Client 5 trained
Client 5 uploaded
Client 74 trained
Client 74 uploaded
Client 41 trained
Client 41 uploaded
Client 92 trained
Client 92 uploaded
Client 71 trained
Client 71 uploaded
Client 20 trained
Client 20 uploaded
Client 8 trained
Client 8 uploaded
Client 7 trained
Client 7 uploaded
Client 34 trained
Client 34 uploaded
Client 29 trained
Client 29 uploaded
Epoch(t): 227 accuracy: 63.82 loss 1.1151631718873978 run_time: 4103.381058454514
Current clients: 100 , select: 10
| current_epoch 228 |. Begin client select
SchedulerThread select( 10 clients):
95 | 59 | 53 | 60 | 86 | 34 | 36 | 83 | 74 | 72 |
-----------------------------------------------------------------Schedule complete
Client 74 trained
Client 74 uploaded
Client 86 trained
Client 86 uploaded
Client 60 trained
Client 60 uploaded
Client 72 trained
Client 72 uploaded
Client 95 trained
Client 95 uploaded
Client 83 trained
Client 83 uploaded
Client 59 trained
Client 59 uploaded
Client 36 trained
Client 36 uploaded
Client 34 trained
Client 34 uploaded
Client 53 trained
Client 53 uploaded
Epoch(t): 228 accuracy: 60.15 loss 1.246770420074463 run_time: 4122.3021013736725
Current clients: 100 , select: 10
| current_epoch 229 |. Begin client select
SchedulerThread select( 10 clients):
98 | 35 | 52 | 82 | 56 | 61 | 39 | 86 | 27 | 32 |
-----------------------------------------------------------------Schedule complete
Client 86 trained
Client 86 uploaded
Client 61 trained
Client 61 uploaded
Client 39 trained
Client 39 uploaded
Client 52 trained
Client 52 uploaded
Client 98 trained
Client 98 uploaded
Client 27 trained
Client 27 uploaded
Client 35 trained
Client 35 uploaded
Client 82 trained
Client 82 uploaded
Client 56 trained
Client 56 uploaded
Client 32 trained
Client 32 uploaded
Epoch(t): 229 accuracy: 61.73 loss 1.1810232895612716 run_time: 4138.400784730911
Current clients: 100 , select: 10
| current_epoch 230 |. Begin client select
SchedulerThread select( 10 clients):
0 | 61 | 84 | 62 | 29 | 90 | 56 | 99 | 55 | 32 |
-----------------------------------------------------------------Schedule complete
Client 61 trained
Client 61 uploaded
Client 84 trained
Client 84 uploaded
Client 62 trained
Client 62 uploaded
Client 55 trained
Client 55 uploaded
Client 56 trained
Client 56 uploaded
Client 0 trained
Client 0 uploaded
Client 99 trained
Client 99 uploaded
Client 90 trained
Client 90 uploaded
Client 32 trained
Client 32 uploaded
Client 29 trained
Client 29 uploaded
Epoch(t): 230 accuracy: 65.42 loss 1.0403756994009017 run_time: 4160.7231657505035
Current clients: 100 , select: 10
| current_epoch 231 |. Begin client select
SchedulerThread select( 10 clients):
37 | 9 | 52 | 40 | 91 | 77 | 6 | 2 | 79 | 32 |
-----------------------------------------------------------------Schedule complete
Client 9 trained
Client 9 uploaded
Client 37 trained
Client 37 uploaded
Client 52 trained
Client 52 uploaded
Client 40 trained
Client 40 uploaded
Client 6 trained
Client 6 uploaded
Client 79 trained
Client 79 uploaded
Client 2 trained
Client 2 uploaded
Client 77 trained
Client 77 uploaded
Client 91 trained
Client 91 uploaded
Client 32 trained
Client 32 uploaded
Epoch(t): 231 accuracy: 65.72 loss 1.0504159247875213 run_time: 4180.398267745972
Current clients: 100 , select: 10
| current_epoch 232 |. Begin client select
SchedulerThread select( 10 clients):
55 | 85 | 60 | 87 | 13 | 62 | 17 | 83 | 41 | 28 |
-----------------------------------------------------------------Schedule complete
Client 13 trained
Client 13 uploaded
Client 28 trained
Client 28 uploaded
Client 41 trained
Client 41 uploaded
Client 87 trained
Client 87 uploaded
Client 60 trained
Client 60 uploaded
Client 17 trained
Client 17 uploaded
Client 62 trained
Client 62 uploaded
Client 55 trained
Client 55 uploaded
Client 83 trained
Client 83 uploaded
Client 85 trained
Client 85 uploaded
Epoch(t): 232 accuracy: 62.04 loss 1.1326069635152818 run_time: 4192.906709194183
Current clients: 100 , select: 10
| current_epoch 233 |. Begin client select
SchedulerThread select( 10 clients):
64 | 9 | 47 | 48 | 62 | 26 | 82 | 66 | 38 | 17 |
-----------------------------------------------------------------Schedule complete
Client 9 trained
Client 9 uploaded
Client 66 trained
Client 66 uploaded
Client 17 trained
Client 17 uploaded
Client 62 trained
Client 62 uploaded
Client 48 trained
Client 48 uploaded
Client 47 trained
Client 47 uploaded
Client 64 trained
Client 64 uploaded
Client 82 trained
Client 82 uploaded
Client 38 trained
Client 38 uploaded
Client 26 trained
Client 26 uploaded
Epoch(t): 233 accuracy: 65.01 loss 1.0576347374916077 run_time: 4209.316666603088
Current clients: 100 , select: 10
| current_epoch 234 |. Begin client select
SchedulerThread select( 10 clients):
6 | 84 | 38 | 90 | 9 | 51 | 89 | 71 | 36 | 78 |
-----------------------------------------------------------------Schedule complete
Client 9 trained
Client 9 uploaded
Client 84 trained
Client 84 uploaded
Client 71 trained
Client 71 uploaded
Client 6 trained
Client 6 uploaded
Client 78 trained
Client 78 uploaded
Client 36 trained
Client 36 uploaded
Client 38 trained
Client 38 uploaded
Client 51 trained
Client 51 uploaded
Client 90 trained
Client 90 uploaded
Client 89 trained
Client 89 uploaded
Epoch(t): 234 accuracy: 57.92 loss 1.2567003166675568 run_time: 4228.692685127258
Current clients: 100 , select: 10
| current_epoch 235 |. Begin client select
SchedulerThread select( 10 clients):
63 | 91 | 93 | 45 | 80 | 97 | 78 | 30 | 68 | 40 |
-----------------------------------------------------------------Schedule complete
Client 93 trained
Client 93 uploaded
Client 40 trained
Client 40 uploaded
Client 68 trained
Client 68 uploaded
Client 97 trained
Client 97 uploaded
Client 78 trained
Client 78 uploaded
Client 63 trained
Client 63 uploaded
Client 80 trained
Client 80 uploaded
Client 45 trained
Client 45 uploaded
Client 91 trained
Client 91 uploaded
Client 30 trained
Client 30 uploaded
Epoch(t): 235 accuracy: 63.94 loss 1.1127645808458329 run_time: 4249.2274832725525
Current clients: 100 , select: 10
| current_epoch 236 |. Begin client select
SchedulerThread select( 10 clients):
43 | 49 | 88 | 42 | 30 | 28 | 25 | 90 | 63 | 23 |
-----------------------------------------------------------------Schedule complete
Client 28 trained
Client 28 uploaded
Client 49 trained
Client 49 uploaded
Client 25 trained
Client 25 uploaded
Client 88 trained
Client 88 uploaded
Client 63 trained
Client 63 uploaded
Client 23 trained
Client 23 uploaded
Client 30 trained
Client 30 uploaded
Client 90 trained
Client 90 uploaded
Client 43 trained
Client 43 uploaded
Client 42 trained
Client 42 uploaded
Epoch(t): 236 accuracy: 64.68 loss 1.0326500552892686 run_time: 4270.502215623856
Current clients: 100 , select: 10
| current_epoch 237 |. Begin client select
SchedulerThread select( 10 clients):
28 | 95 | 42 | 81 | 87 | 3 | 70 | 6 | 94 | 77 |
-----------------------------------------------------------------Schedule complete
Client 94 trained
Client 94 uploaded
Client 28 trained
Client 28 uploaded
Client 87 trained
Client 87 uploaded
Client 3 trained
Client 3 uploaded
Client 81 trained
Client 81 uploaded
Client 70 trained
Client 70 uploaded
Client 6 trained
Client 6 uploaded
Client 95 trained
Client 95 uploaded
Client 77 trained
Client 77 uploaded
Client 42 trained
Client 42 uploaded
Epoch(t): 237 accuracy: 61.7 loss 1.2037468749284743 run_time: 4286.867977142334
Current clients: 100 , select: 10
| current_epoch 238 |. Begin client select
SchedulerThread select( 10 clients):
3 | 51 | 26 | 75 | 6 | 8 | 80 | 61 | 55 | 1 |
-----------------------------------------------------------------Schedule complete
Client 1 trained
Client 1 uploaded
Client 61 trained
Client 61 uploaded
Client 75 trained
Client 75 uploaded
Client 3 trained
Client 3 uploaded
Client 6 trained
Client 6 uploaded
Client 55 trained
Client 55 uploaded
Client 8 trained
Client 8 uploaded
Client 26 trained
Client 26 uploaded
Client 51 trained
Client 51 uploaded
Client 80 trained
Client 80 uploaded
Epoch(t): 238 accuracy: 61.44 loss 1.25373022377491 run_time: 4301.544643640518
Current clients: 100 , select: 10
| current_epoch 239 |. Begin client select
SchedulerThread select( 10 clients):
53 | 48 | 95 | 7 | 4 | 12 | 63 | 31 | 32 | 70 |
-----------------------------------------------------------------Schedule complete
Client 31 trained
Client 31 uploaded
Client 12 trained
Client 12 uploaded
Client 48 trained
Client 48 uploaded
Client 95 trained
Client 95 uploaded
Client 70 trained
Client 70 uploaded
Client 7 trained
Client 7 uploaded
Client 63 trained
Client 63 uploaded
Client 32 trained
Client 32 uploaded
Client 4 trained
Client 4 uploaded
Client 53 trained
Client 53 uploaded
Epoch(t): 239 accuracy: 58.72 loss 1.2938958245515824 run_time: 4323.462441921234
Current clients: 100 , select: 10
| current_epoch 240 |. Begin client select
SchedulerThread select( 10 clients):
81 | 37 | 18 | 66 | 41 | 7 | 13 | 44 | 35 | 51 |
-----------------------------------------------------------------Schedule complete
Client 13 trained
Client 13 uploaded
Client 37 trained
Client 37 uploaded
Client 41 trained
Client 41 uploaded
Client 44 trained
Client 44 uploaded
Client 18 trained
Client 18 uploaded
Client 66 trained
Client 66 uploaded
Client 81 trained
Client 81 uploaded
Client 35 trained
Client 35 uploaded
Client 7 trained
Client 7 uploaded
Client 51 trained
Client 51 uploaded
Epoch(t): 240 accuracy: 60.56 loss 1.1951902812719346 run_time: 4335.279147863388
Current clients: 100 , select: 10
| current_epoch 241 |. Begin client select
SchedulerThread select( 10 clients):
93 | 69 | 66 | 88 | 94 | 78 | 10 | 31 | 21 | 82 |
-----------------------------------------------------------------Schedule complete
Client 94 trained
Client 94 uploaded
Client 93 trained
Client 93 uploaded
Client 31 trained
Client 31 uploaded
Client 66 trained
Client 66 uploaded
Client 88 trained
Client 88 uploaded
Client 21 trained
Client 21 uploaded
Client 82 trained
Client 82 uploaded
Client 78 trained
Client 78 uploaded
Client 10 trained
Client 10 uploaded
Client 69 trained
Client 69 uploaded
Epoch(t): 241 accuracy: 59.72 loss 1.2488361084461213 run_time: 4351.153434276581
Current clients: 100 , select: 10
| current_epoch 242 |. Begin client select
SchedulerThread select( 10 clients):
95 | 86 | 61 | 79 | 8 | 62 | 99 | 51 | 54 | 11 |
-----------------------------------------------------------------Schedule complete
Client 61 trained
Client 61 uploaded
Client 86 trained
Client 86 uploaded
Client 54 trained
Client 54 uploaded
Client 62 trained
Client 62 uploaded
Client 8 trained
Client 8 uploaded
Client 95 trained
Client 95 uploaded
Client 51 trained
Client 51 uploaded
Client 79 trained
Client 79 uploaded
Client 99 trained
Client 99 uploaded
Client 11 trained
Client 11 uploaded
Epoch(t): 242 accuracy: 61.05 loss 1.2077877503633498 run_time: 4369.946366071701
Current clients: 100 , select: 10
| current_epoch 243 |. Begin client select
SchedulerThread select( 10 clients):
72 | 21 | 92 | 85 | 20 | 29 | 69 | 7 | 93 | 94 |
-----------------------------------------------------------------Schedule complete
Client 94 trained
Client 94 uploaded
Client 93 trained
Client 93 uploaded
Client 92 trained
Client 92 uploaded
Client 72 trained
Client 72 uploaded
Client 20 trained
Client 20 uploaded
Client 21 trained
Client 21 uploaded
Client 85 trained
Client 85 uploaded
Client 7 trained
Client 7 uploaded
Client 29 trained
Client 29 uploaded
Client 69 trained
Client 69 uploaded
Epoch(t): 243 accuracy: 62.28 loss 1.1922348761558532 run_time: 4386.1204953193665
Current clients: 100 , select: 10
| current_epoch 244 |. Begin client select
SchedulerThread select( 10 clients):
76 | 56 | 42 | 20 | 96 | 11 | 23 | 19 | 97 | 47 |
-----------------------------------------------------------------Schedule complete
Client 19 trained
Client 19 uploaded
Client 47 trained
Client 47 uploaded
Client 20 trained
Client 20 uploaded
Client 56 trained
Client 56 uploaded
Client 76 trained
Client 76 uploaded
Client 97 trained
Client 97 uploaded
Client 23 trained
Client 23 uploaded
Client 96 trained
Client 96 uploaded
Client 42 trained
Client 42 uploaded
Client 11 trained
Client 11 uploaded
Epoch(t): 244 accuracy: 64.48 loss 1.0767999517917632 run_time: 4406.31383895874
Current clients: 100 , select: 10
| current_epoch 245 |. Begin client select
SchedulerThread select( 10 clients):
41 | 40 | 76 | 54 | 37 | 2 | 59 | 67 | 39 | 38 |
-----------------------------------------------------------------Schedule complete
Client 39 trained
Client 39 uploaded
Client 37 trained
Client 37 uploaded
Client 41 trained
Client 41 uploaded
Client 40 trained
Client 40 uploaded
Client 54 trained
Client 54 uploaded
Client 67 trained
Client 67 uploaded
Client 76 trained
Client 76 uploaded
Client 38 trained
Client 38 uploaded
Client 59 trained
Client 59 uploaded
Client 2 trained
Client 2 uploaded
Epoch(t): 245 accuracy: 56.46 loss 1.4069911456108093 run_time: 4420.150479793549
Current clients: 100 , select: 10
| current_epoch 246 |. Begin client select
SchedulerThread select( 10 clients):
23 | 48 | 59 | 91 | 4 | 15 | 79 | 99 | 60 | 43 |
-----------------------------------------------------------------Schedule complete
Client 60 trained
Client 60 uploaded
Client 48 trained
Client 48 uploaded
Client 59 trained
Client 59 uploaded
Client 79 trained
Client 79 uploaded
Client 23 trained
Client 23 uploaded
Client 99 trained
Client 99 uploaded
Client 91 trained
Client 91 uploaded
Client 15 trained
Client 15 uploaded
Client 43 trained
Client 43 uploaded
Client 4 trained
Client 4 uploaded
Epoch(t): 246 accuracy: 63.2 loss 1.1413550209999084 run_time: 4442.45602107048
Current clients: 100 , select: 10
| current_epoch 247 |. Begin client select
SchedulerThread select( 10 clients):
86 | 37 | 13 | 62 | 59 | 89 | 22 | 21 | 70 | 18 |
-----------------------------------------------------------------Schedule complete
Client 13 trained
Client 13 uploaded
Client 86 trained
Client 86 uploaded
Client 18 trained
Client 18 uploaded
Client 37 trained
Client 37 uploaded
Client 21 trained
Client 21 uploaded
Client 62 trained
Client 62 uploaded
Client 70 trained
Client 70 uploaded
Client 59 trained
Client 59 uploaded
Client 22 trained
Client 22 uploaded
Client 89 trained
Client 89 uploaded
Epoch(t): 247 accuracy: 61.57 loss 1.1514815217256547 run_time: 4458.564019680023
Current clients: 100 , select: 10
| current_epoch 248 |. Begin client select
SchedulerThread select( 10 clients):
21 | 41 | 9 | 4 | 24 | 92 | 90 | 95 | 27 | 43 |
-----------------------------------------------------------------Schedule complete
Client 9 trained
Client 9 uploaded
Client 92 trained
Client 92 uploaded
Client 41 trained
Client 41 uploaded
Client 24 trained
Client 24 uploaded
Client 27 trained
Client 27 uploaded
Client 21 trained
Client 21 uploaded
Client 95 trained
Client 95 uploaded
Client 90 trained
Client 90 uploaded
Client 43 trained
Client 43 uploaded
Client 4 trained
Client 4 uploaded
Epoch(t): 248 accuracy: 57.83 loss 1.3309234803915024 run_time: 4476.210996866226
Current clients: 100 , select: 10
| current_epoch 249 |. Begin client select
SchedulerThread select( 10 clients):
52 | 31 | 88 | 22 | 95 | 91 | 16 | 93 | 10 | 38 |
-----------------------------------------------------------------Schedule complete
Client 31 trained
Client 31 uploaded
Client 93 trained
Client 93 uploaded
Client 52 trained
Client 52 uploaded
Client 88 trained
Client 88 uploaded
Client 95 trained
Client 95 uploaded
Client 38 trained
Client 38 uploaded
Client 22 trained
Client 22 uploaded
Client 91 trained
Client 91 uploaded
Client 16 trained
Client 16 uploaded
Client 10 trained
Client 10 uploaded
Epoch(t): 249 accuracy: 64.35 loss 1.0573442232608796 run_time: 4494.783917427063
Current clients: 100 , select: 10
| current_epoch 250 |. Begin client select
SchedulerThread select( 10 clients):
32 | 45 | 98 | 16 | 49 | 18 | 34 | 1 | 63 | 95 |
-----------------------------------------------------------------Schedule complete
Client 1 trained
Client 1 uploaded
Client 18 trained
Client 18 uploaded
Client 49 trained
Client 49 uploaded
Client 98 trained
Client 98 uploaded
Client 95 trained
Client 95 uploaded
Client 63 trained
Client 63 uploaded
Client 45 trained
Client 45 uploaded
Client 16 trained
Client 16 uploaded
Client 32 trained
Client 32 uploaded
Client 34 trained
Client 34 uploaded
Epoch(t): 250 accuracy: 62.34 loss 1.196560304760933 run_time: 4514.108994245529
Current clients: 100 , select: 10
| current_epoch 251 |. Begin client select
SchedulerThread select( 10 clients):
88 | 66 | 30 | 70 | 10 | 64 | 61 | 27 | 90 | 21 |
-----------------------------------------------------------------Schedule complete
Client 61 trained
Client 61 uploaded
Client 66 trained
Client 66 uploaded
Client 27 trained
Client 27 uploaded
Client 21 trained
Client 21 uploaded
Client 88 trained
Client 88 uploaded
Client 70 trained
Client 70 uploaded
Client 64 trained
Client 64 uploaded
Client 90 trained
Client 90 uploaded
Client 30 trained
Client 30 uploaded
Client 10 trained
Client 10 uploaded
Epoch(t): 251 accuracy: 63.89 loss 1.0747466158866883 run_time: 4532.872298717499
Current clients: 100 , select: 10
| current_epoch 252 |. Begin client select
SchedulerThread select( 10 clients):
96 | 49 | 25 | 48 | 33 | 46 | 13 | 39 | 80 | 45 |
-----------------------------------------------------------------Schedule complete
Client 13 trained
Client 13 uploaded
Client 33 trained
Client 33 uploaded
Client 39 trained
Client 39 uploaded
Client 49 trained
Client 49 uploaded
Client 46 trained
Client 46 uploaded
Client 25 trained
Client 25 uploaded
Client 48 trained
Client 48 uploaded
Client 80 trained
Client 80 uploaded
Client 45 trained
Client 45 uploaded
Client 96 trained
Client 96 uploaded
Epoch(t): 252 accuracy: 63.28 loss 1.1263709837198257 run_time: 4547.919747591019
Current clients: 100 , select: 10
| current_epoch 253 |. Begin client select
SchedulerThread select( 10 clients):
18 | 68 | 80 | 92 | 55 | 96 | 90 | 38 | 31 | 2 |
-----------------------------------------------------------------Schedule complete
Client 31 trained
Client 31 uploaded
Client 18 trained
Client 18 uploaded
Client 92 trained
Client 92 uploaded
Client 55 trained
Client 55 uploaded
Client 68 trained
Client 68 uploaded
Client 38 trained
Client 38 uploaded
Client 80 trained
Client 80 uploaded
Client 2 trained
Client 2 uploaded
Client 90 trained
Client 90 uploaded
Client 96 trained
Client 96 uploaded
Epoch(t): 253 accuracy: 61.81 loss 1.1682643288373946 run_time: 4566.279386997223
Current clients: 100 , select: 10
| current_epoch 254 |. Begin client select
SchedulerThread select( 10 clients):
70 | 71 | 34 | 57 | 90 | 61 | 37 | 17 | 26 | 31 |
-----------------------------------------------------------------Schedule complete
Client 31 trained
Client 31 uploaded
Client 61 trained
Client 61 uploaded
Client 37 trained
Client 37 uploaded
Client 57 trained
Client 57 uploaded
Client 71 trained
Client 71 uploaded
Client 17 trained
Client 17 uploaded
Client 70 trained
Client 70 uploaded
Client 26 trained
Client 26 uploaded
Client 90 trained
Client 90 uploaded
Client 34 trained
Client 34 uploaded
Epoch(t): 254 accuracy: 63.7 loss 1.06487390935421 run_time: 4581.267303228378
Current clients: 100 , select: 10
| current_epoch 255 |. Begin client select
SchedulerThread select( 10 clients):
74 | 41 | 2 | 39 | 52 | 15 | 58 | 33 | 7 | 8 |
-----------------------------------------------------------------Schedule complete
Client 33 trained
Client 33 uploaded
Client 74 trained
Client 74 uploaded
Client 58 trained
Client 58 uploaded
Client 39 trained
Client 39 uploaded
Client 41 trained
Client 41 uploaded
Client 52 trained
Client 52 uploaded
Client 8 trained
Client 8 uploaded
Client 7 trained
Client 7 uploaded
Client 2 trained
Client 2 uploaded
Client 15 trained
Client 15 uploaded
Epoch(t): 255 accuracy: 60.45 loss 1.223332735300064 run_time: 4594.819583892822
Current clients: 100 , select: 10
| current_epoch 256 |. Begin client select
SchedulerThread select( 10 clients):
59 | 40 | 74 | 13 | 42 | 2 | 16 | 79 | 0 | 71 |
-----------------------------------------------------------------Schedule complete
Client 13 trained
Client 13 uploaded
Client 74 trained
Client 74 uploaded
Client 71 trained
Client 71 uploaded
Client 40 trained
Client 40 uploaded
Client 59 trained
Client 59 uploaded
Client 79 trained
Client 79 uploaded
Client 0 trained
Client 0 uploaded
Client 2 trained
Client 2 uploaded
Client 16 trained
Client 16 uploaded
Client 42 trained
Client 42 uploaded
Epoch(t): 256 accuracy: 63.61 loss 1.0870429295301438 run_time: 4614.798563241959
Current clients: 100 , select: 10
| current_epoch 257 |. Begin client select
SchedulerThread select( 10 clients):
22 | 13 | 97 | 5 | 82 | 36 | 58 | 21 | 40 | 95 |
-----------------------------------------------------------------Schedule complete
Client 13 trained
Client 13 uploaded
Client 5 trained
Client 5 uploaded
Client 58 trained
Client 58 uploaded
Client 40 trained
Client 40 uploaded
Client 21 trained
Client 21 uploaded
Client 95 trained
Client 95 uploaded
Client 97 trained
Client 97 uploaded
Client 82 trained
Client 82 uploaded
Client 36 trained
Client 36 uploaded
Client 22 trained
Client 22 uploaded
Epoch(t): 257 accuracy: 59.35 loss 1.2532490289211273 run_time: 4629.240616559982
Current clients: 100 , select: 10
| current_epoch 258 |. Begin client select
SchedulerThread select( 10 clients):
17 | 45 | 8 | 92 | 77 | 85 | 5 | 67 | 95 | 53 |
-----------------------------------------------------------------Schedule complete
Client 5 trained
Client 5 uploaded
Client 92 trained
Client 92 uploaded
Client 17 trained
Client 17 uploaded
Client 8 trained
Client 8 uploaded
Client 67 trained
Client 67 uploaded
Client 95 trained
Client 95 uploaded
Client 85 trained
Client 85 uploaded
Client 45 trained
Client 45 uploaded
Client 77 trained
Client 77 uploaded
Client 53 trained
Client 53 uploaded
Epoch(t): 258 accuracy: 61.64 loss 1.1528105247020721 run_time: 4647.95610666275
Current clients: 100 , select: 10
| current_epoch 259 |. Begin client select
SchedulerThread select( 10 clients):
25 | 62 | 93 | 2 | 31 | 37 | 65 | 54 | 18 | 17 |
-----------------------------------------------------------------Schedule complete
Client 93 trained
Client 93 uploaded
Client 31 trained
Client 31 uploaded
Client 18 trained
Client 18 uploaded
Client 37 trained
Client 37 uploaded
Client 25 trained
Client 25 uploaded
Client 17 trained
Client 17 uploaded
Client 54 trained
Client 54 uploaded
Client 62 trained
Client 62 uploaded
Client 65 trained
Client 65 uploaded
Client 2 trained
Client 2 uploaded
Epoch(t): 259 accuracy: 62.14 loss 1.1310115849971771 run_time: 4661.346262931824
Current clients: 100 , select: 10
| current_epoch 260 |. Begin client select
SchedulerThread select( 10 clients):
85 | 56 | 69 | 76 | 93 | 27 | 21 | 20 | 51 | 13 |
-----------------------------------------------------------------Schedule complete
Client 13 trained
Client 13 uploaded
Client 93 trained
Client 93 uploaded
Client 27 trained
Client 27 uploaded
Client 21 trained
Client 21 uploaded
Client 20 trained
Client 20 uploaded
Client 85 trained
Client 85 uploaded
Client 76 trained
Client 76 uploaded
Client 51 trained
Client 51 uploaded
Client 56 trained
Client 56 uploaded
Client 69 trained
Client 69 uploaded
Epoch(t): 260 accuracy: 55.24 loss 1.3732460725307465 run_time: 4679.417203426361
Current clients: 100 , select: 10
| current_epoch 261 |. Begin client select
SchedulerThread select( 10 clients):
38 | 88 | 49 | 42 | 93 | 53 | 37 | 66 | 56 | 3 |
-----------------------------------------------------------------Schedule complete
Client 93 trained
Client 93 uploaded
Client 37 trained
Client 37 uploaded
Client 66 trained
Client 66 uploaded
Client 49 trained
Client 49 uploaded
Client 3 trained
Client 3 uploaded
Client 88 trained
Client 88 uploaded
Client 56 trained
Client 56 uploaded
Client 38 trained
Client 38 uploaded
Client 42 trained
Client 42 uploaded
Client 53 trained
Client 53 uploaded
Epoch(t): 261 accuracy: 64.33 loss 1.0739467024803162 run_time: 4697.031799316406
Current clients: 100 , select: 10
| current_epoch 262 |. Begin client select
SchedulerThread select( 10 clients):
42 | 94 | 97 | 92 | 74 | 23 | 2 | 21 | 98 | 99 |
-----------------------------------------------------------------Schedule complete
Client 94 trained
Client 94 uploaded
Client 74 trained
Client 74 uploaded
Client 92 trained
Client 92 uploaded
Client 98 trained
Client 98 uploaded
Client 21 trained
Client 21 uploaded
Client 97 trained
Client 97 uploaded
Client 23 trained
Client 23 uploaded
Client 99 trained
Client 99 uploaded
Client 2 trained
Client 2 uploaded
Client 42 trained
Client 42 uploaded
Epoch(t): 262 accuracy: 64.72 loss 1.0725872939825059 run_time: 4715.565809249878
Current clients: 100 , select: 10
| current_epoch 263 |. Begin client select
SchedulerThread select( 10 clients):
69 | 25 | 99 | 89 | 14 | 23 | 26 | 42 | 5 | 59 |
-----------------------------------------------------------------Schedule complete
Client 14 trained
Client 14 uploaded
Client 5 trained
Client 5 uploaded
Client 25 trained
Client 25 uploaded
Client 59 trained
Client 59 uploaded
Client 26 trained
Client 26 uploaded
Client 23 trained
Client 23 uploaded
Client 99 trained
Client 99 uploaded
Client 42 trained
Client 42 uploaded
Client 69 trained
Client 69 uploaded
Client 89 trained
Client 89 uploaded
Epoch(t): 263 accuracy: 62.9 loss 1.2037020492553712 run_time: 4737.9592871665955
Current clients: 100 , select: 10
| current_epoch 264 |. Begin client select
SchedulerThread select( 10 clients):
70 | 31 | 27 | 69 | 87 | 12 | 23 | 17 | 48 | 60 |
-----------------------------------------------------------------Schedule complete
Client 31 trained
Client 31 uploaded
Client 12 trained
Client 12 uploaded
Client 87 trained
Client 87 uploaded
Client 60 trained
Client 60 uploaded
Client 17 trained
Client 17 uploaded
Client 27 trained
Client 27 uploaded
Client 48 trained
Client 48 uploaded
Client 70 trained
Client 70 uploaded
Client 23 trained
Client 23 uploaded
Client 69 trained
Client 69 uploaded
Epoch(t): 264 accuracy: 52.51 loss 1.6258520019054412 run_time: 4753.550153970718
Current clients: 100 , select: 10
| current_epoch 265 |. Begin client select
SchedulerThread select( 10 clients):
44 | 19 | 49 | 21 | 96 | 6 | 31 | 69 | 93 | 71 |
-----------------------------------------------------------------Schedule complete
Client 31 trained
Client 31 uploaded
Client 93 trained
Client 93 uploaded
Client 44 trained
Client 44 uploaded
Client 49 trained
Client 49 uploaded
Client 19 trained
Client 19 uploaded
Client 71 trained
Client 71 uploaded
Client 21 trained
Client 21 uploaded
Client 6 trained
Client 6 uploaded
Client 96 trained
Client 96 uploaded
Client 69 trained
Client 69 uploaded
Epoch(t): 265 accuracy: 62.27 loss 1.1789478385448455 run_time: 4767.534119606018
Current clients: 100 , select: 10
| current_epoch 266 |. Begin client select
SchedulerThread select( 10 clients):
84 | 96 | 48 | 99 | 89 | 23 | 14 | 5 | 70 | 92 |
-----------------------------------------------------------------Schedule complete
Client 14 trained
Client 14 uploaded
Client 5 trained
Client 5 uploaded
Client 84 trained
Client 84 uploaded
Client 92 trained
Client 92 uploaded
Client 48 trained
Client 48 uploaded
Client 70 trained
Client 70 uploaded
Client 23 trained
Client 23 uploaded
Client 99 trained
Client 99 uploaded
Client 96 trained
Client 96 uploaded
Client 89 trained
Client 89 uploaded
Epoch(t): 266 accuracy: 59.66 loss 1.2737600469589234 run_time: 4786.106201171875
Current clients: 100 , select: 10
| current_epoch 267 |. Begin client select
SchedulerThread select( 10 clients):
87 | 51 | 80 | 46 | 50 | 39 | 43 | 66 | 93 | 24 |
-----------------------------------------------------------------Schedule complete
Client 93 trained
Client 93 uploaded
Client 39 trained
Client 39 uploaded
Client 66 trained
Client 66 uploaded
Client 87 trained
Client 87 uploaded
Client 24 trained
Client 24 uploaded
Client 46 trained
Client 46 uploaded
Client 50 trained
Client 50 uploaded
Client 51 trained
Client 51 uploaded
Client 80 trained
Client 80 uploaded
Client 43 trained
Client 43 uploaded
Epoch(t): 267 accuracy: 61.52 loss 1.1335664683580398 run_time: 4800.9554533958435
Current clients: 100 , select: 10
| current_epoch 268 |. Begin client select
SchedulerThread select( 10 clients):
57 | 3 | 62 | 6 | 78 | 30 | 52 | 51 | 36 | 96 |
-----------------------------------------------------------------Schedule complete
Client 57 trained
Client 57 uploaded
Client 52 trained
Client 52 uploaded
Client 3 trained
Client 3 uploaded
Client 62 trained
Client 62 uploaded
Client 6 trained
Client 6 uploaded
Client 78 trained
Client 78 uploaded
Client 36 trained
Client 36 uploaded
Client 51 trained
Client 51 uploaded
Client 30 trained
Client 30 uploaded
Client 96 trained
Client 96 uploaded
Epoch(t): 268 accuracy: 59.26 loss 1.2737599593400954 run_time: 4819.765669107437
Current clients: 100 , select: 10
| current_epoch 269 |. Begin client select
SchedulerThread select( 10 clients):
55 | 24 | 33 | 97 | 52 | 70 | 54 | 64 | 90 | 75 |
-----------------------------------------------------------------Schedule complete
Client 33 trained
Client 33 uploaded
Client 24 trained
Client 24 uploaded
Client 52 trained
Client 52 uploaded
Client 75 trained
Client 75 uploaded
Client 54 trained
Client 54 uploaded
Client 70 trained
Client 70 uploaded
Client 55 trained
Client 55 uploaded
Client 97 trained
Client 97 uploaded
Client 64 trained
Client 64 uploaded
Client 90 trained
Client 90 uploaded
Epoch(t): 269 accuracy: 65.48 loss 1.014134111404419 run_time: 4835.89736199379
Current clients: 100 , select: 10
| current_epoch 270 |. Begin client select
SchedulerThread select( 10 clients):
85 | 44 | 59 | 11 | 21 | 23 | 69 | 57 | 65 | 28 |
-----------------------------------------------------------------Schedule complete
Client 28 trained
Client 28 uploaded
Client 57 trained
Client 57 uploaded
Client 44 trained
Client 44 uploaded
Client 21 trained
Client 21 uploaded
Client 85 trained
Client 85 uploaded
Client 65 trained
Client 65 uploaded
Client 59 trained
Client 59 uploaded
Client 23 trained
Client 23 uploaded
Client 11 trained
Client 11 uploaded
Client 69 trained
Client 69 uploaded
Epoch(t): 270 accuracy: 54.18 loss 1.4606478583812714 run_time: 4854.40594291687
Current clients: 100 , select: 10
| current_epoch 271 |. Begin client select
SchedulerThread select( 10 clients):
1 | 46 | 58 | 62 | 45 | 70 | 59 | 65 | 38 | 84 |
-----------------------------------------------------------------Schedule complete
Client 1 trained
Client 1 uploaded
Client 58 trained
Client 58 uploaded
Client 84 trained
Client 84 uploaded
Client 46 trained
Client 46 uploaded
Client 62 trained
Client 62 uploaded
Client 70 trained
Client 70 uploaded
Client 65 trained
Client 65 uploaded
Client 38 trained
Client 38 uploaded
Client 59 trained
Client 59 uploaded
Client 45 trained
Client 45 uploaded
Epoch(t): 271 accuracy: 52.93 loss 1.5035231578350068 run_time: 4869.629106521606
Current clients: 100 , select: 10
| current_epoch 272 |. Begin client select
SchedulerThread select( 10 clients):
91 | 26 | 85 | 19 | 36 | 46 | 38 | 35 | 84 | 11 |
-----------------------------------------------------------------Schedule complete
Client 84 trained
Client 84 uploaded
Client 19 trained
Client 19 uploaded
Client 46 trained
Client 46 uploaded
Client 35 trained
Client 35 uploaded
Client 85 trained
Client 85 uploaded
Client 36 trained
Client 36 uploaded
Client 38 trained
Client 38 uploaded
Client 26 trained
Client 26 uploaded
Client 91 trained
Client 91 uploaded
Client 11 trained
Client 11 uploaded
Epoch(t): 272 accuracy: 57.02 loss 1.3246558886766433 run_time: 4889.589316606522
Current clients: 100 , select: 10
| current_epoch 273 |. Begin client select
SchedulerThread select( 10 clients):
35 | 75 | 73 | 66 | 77 | 86 | 1 | 80 | 24 | 91 |
-----------------------------------------------------------------Schedule complete
Client 1 trained
Client 1 uploaded
Client 86 trained
Client 86 uploaded
Client 66 trained
Client 66 uploaded
Client 24 trained
Client 24 uploaded
Client 75 trained
Client 75 uploaded
Client 35 trained
Client 35 uploaded
Client 73 trained
Client 73 uploaded
Client 80 trained
Client 80 uploaded
Client 77 trained
Client 77 uploaded
Client 91 trained
Client 91 uploaded
Epoch(t): 273 accuracy: 57.62 loss 1.339838969707489 run_time: 4906.018836975098
Current clients: 100 , select: 10
| current_epoch 274 |. Begin client select
SchedulerThread select( 10 clients):
65 | 72 | 84 | 60 | 7 | 56 | 2 | 11 | 37 | 75 |
-----------------------------------------------------------------Schedule complete
Client 84 trained
Client 84 uploaded
Client 37 trained
Client 37 uploaded
Client 60 trained
Client 60 uploaded
Client 75 trained
Client 75 uploaded
Client 72 trained
Client 72 uploaded
Client 65 trained
Client 65 uploaded
Client 56 trained
Client 56 uploaded
Client 7 trained
Client 7 uploaded
Client 2 trained
Client 2 uploaded
Client 11 trained
Client 11 uploaded
Epoch(t): 274 accuracy: 61.56 loss 1.1746177411079406 run_time: 4924.530488491058
Current clients: 100 , select: 10
| current_epoch 275 |. Begin client select
SchedulerThread select( 10 clients):
69 | 72 | 18 | 34 | 74 | 33 | 95 | 88 | 58 | 39 |
-----------------------------------------------------------------Schedule complete
Client 33 trained
Client 33 uploaded
Client 58 trained
Client 58 uploaded
Client 74 trained
Client 74 uploaded
Client 18 trained
Client 18 uploaded
Client 39 trained
Client 39 uploaded
Client 72 trained
Client 72 uploaded
Client 88 trained
Client 88 uploaded
Client 95 trained
Client 95 uploaded
Client 34 trained
Client 34 uploaded
Client 69 trained
Client 69 uploaded
Epoch(t): 275 accuracy: 60.87 loss 1.2005091834068298 run_time: 4939.72921204567
Current clients: 100 , select: 10
| current_epoch 276 |. Begin client select
SchedulerThread select( 10 clients):
86 | 81 | 73 | 49 | 40 | 67 | 52 | 45 | 71 | 31 |
-----------------------------------------------------------------Schedule complete
Client 31 trained
Client 31 uploaded
Client 86 trained
Client 86 uploaded
Client 49 trained
Client 49 uploaded
Client 52 trained
Client 52 uploaded
Client 71 trained
Client 71 uploaded
Client 40 trained
Client 40 uploaded
Client 81 trained
Client 81 uploaded
Client 67 trained
Client 67 uploaded
Client 45 trained
Client 45 uploaded
Client 73 trained
Client 73 uploaded
Epoch(t): 276 accuracy: 59.52 loss 1.2553844690322875 run_time: 4953.2499895095825
Current clients: 100 , select: 10
| current_epoch 277 |. Begin client select
SchedulerThread select( 10 clients):
45 | 57 | 37 | 87 | 99 | 21 | 24 | 47 | 12 | 74 |
-----------------------------------------------------------------Schedule complete
Client 12 trained
Client 12 uploaded
Client 74 trained
Client 74 uploaded
Client 57 trained
Client 57 uploaded
Client 37 trained
Client 37 uploaded
Client 87 trained
Client 87 uploaded
Client 24 trained
Client 24 uploaded
Client 21 trained
Client 21 uploaded
Client 47 trained
Client 47 uploaded
Client 45 trained
Client 45 uploaded
Client 99 trained
Client 99 uploaded
Epoch(t): 277 accuracy: 59.1 loss 1.2713775956630706 run_time: 4963.9657208919525
Current clients: 100 , select: 10
| current_epoch 278 |. Begin client select
SchedulerThread select( 10 clients):
80 | 12 | 95 | 84 | 68 | 77 | 74 | 93 | 24 | 81 |
-----------------------------------------------------------------Schedule complete
Client 93 trained
Client 93 uploaded
Client 12 trained
Client 12 uploaded
Client 74 trained
Client 74 uploaded
Client 24 trained
Client 24 uploaded
Client 84 trained
Client 84 uploaded
Client 68 trained
Client 68 uploaded
Client 95 trained
Client 95 uploaded
Client 81 trained
Client 81 uploaded
Client 80 trained
Client 80 uploaded
Client 77 trained
Client 77 uploaded
Epoch(t): 278 accuracy: 65.28 loss 1.0933765828609467 run_time: 4976.027510643005
Current clients: 100 , select: 10
| current_epoch 279 |. Begin client select
SchedulerThread select( 10 clients):
43 | 54 | 68 | 73 | 76 | 16 | 84 | 17 | 18 | 1 |
-----------------------------------------------------------------Schedule complete
Client 1 trained
Client 1 uploaded
Client 84 trained
Client 84 uploaded
Client 18 trained
Client 18 uploaded
Client 54 trained
Client 54 uploaded
Client 17 trained
Client 17 uploaded
Client 68 trained
Client 68 uploaded
Client 76 trained
Client 76 uploaded
Client 73 trained
Client 73 uploaded
Client 16 trained
Client 16 uploaded
Client 43 trained
Client 43 uploaded
Epoch(t): 279 accuracy: 62.03 loss 1.0942796659469605 run_time: 4991.010783195496
Current clients: 100 , select: 10
| current_epoch 280 |. Begin client select
SchedulerThread select( 10 clients):
37 | 64 | 26 | 10 | 55 | 14 | 49 | 61 | 9 | 53 |
-----------------------------------------------------------------Schedule complete
Client 14 trained
Client 14 uploaded
Client 9 trained
Client 9 uploaded
Client 37 trained
Client 37 uploaded
Client 61 trained
Client 61 uploaded
Client 49 trained
Client 49 uploaded
Client 55 trained
Client 55 uploaded
Client 26 trained
Client 26 uploaded
Client 64 trained
Client 64 uploaded
Client 10 trained
Client 10 uploaded
Client 53 trained
Client 53 uploaded
Epoch(t): 280 accuracy: 61.19 loss 1.204235787987709 run_time: 5006.643326997757
Current clients: 100 , select: 10
| current_epoch 281 |. Begin client select
SchedulerThread select( 10 clients):
71 | 16 | 45 | 35 | 82 | 50 | 96 | 27 | 90 | 97 |
-----------------------------------------------------------------Schedule complete
Client 71 trained
Client 71 uploaded
Client 27 trained
Client 27 uploaded
Client 50 trained
Client 50 uploaded
Client 35 trained
Client 35 uploaded
Client 97 trained
Client 97 uploaded
Client 82 trained
Client 82 uploaded
Client 45 trained
Client 45 uploaded
Client 90 trained
Client 90 uploaded
Client 16 trained
Client 16 uploaded
Client 96 trained
Client 96 uploaded
Epoch(t): 281 accuracy: 59.3 loss 1.2366748136281966 run_time: 5028.875284671783
Current clients: 100 , select: 10
| current_epoch 282 |. Begin client select
SchedulerThread select( 10 clients):
67 | 33 | 57 | 86 | 22 | 69 | 43 | 80 | 34 | 62 |
-----------------------------------------------------------------Schedule complete
Client 33 trained
Client 33 uploaded
Client 86 trained
Client 86 uploaded
Client 57 trained
Client 57 uploaded
Client 62 trained
Client 62 uploaded
Client 67 trained
Client 67 uploaded
Client 22 trained
Client 22 uploaded
Client 80 trained
Client 80 uploaded
Client 43 trained
Client 43 uploaded
Client 34 trained
Client 34 uploaded
Client 69 trained
Client 69 uploaded
Epoch(t): 282 accuracy: 60.04 loss 1.283182234764099 run_time: 5048.814961910248
Current clients: 100 , select: 10
| current_epoch 283 |. Begin client select
SchedulerThread select( 10 clients):
30 | 24 | 68 | 42 | 73 | 29 | 78 | 47 | 2 | 67 |
-----------------------------------------------------------------Schedule complete
Client 24 trained
Client 24 uploaded
Client 67 trained
Client 67 uploaded
Client 47 trained
Client 47 uploaded
Client 78 trained
Client 78 uploaded
Client 68 trained
Client 68 uploaded
Client 73 trained
Client 73 uploaded
Client 2 trained
Client 2 uploaded
Client 30 trained
Client 30 uploaded
Client 42 trained
Client 42 uploaded
Client 29 trained
Client 29 uploaded
Epoch(t): 283 accuracy: 65.43 loss 1.090046873688698 run_time: 5072.423692703247
Current clients: 100 , select: 10
| current_epoch 284 |. Begin client select
SchedulerThread select( 10 clients):
21 | 75 | 81 | 3 | 22 | 92 | 14 | 47 | 44 | 2 |
-----------------------------------------------------------------Schedule complete
Client 14 trained
Client 14 uploaded
Client 92 trained
Client 92 uploaded
Client 44 trained
Client 44 uploaded
Client 75 trained
Client 75 uploaded
Client 3 trained
Client 3 uploaded
Client 21 trained
Client 21 uploaded
Client 81 trained
Client 81 uploaded
Client 47 trained
Client 47 uploaded
Client 22 trained
Client 22 uploaded
Client 2 trained
Client 2 uploaded
Epoch(t): 284 accuracy: 58.9 loss 1.3325989162921905 run_time: 5087.201925754547
Current clients: 100 , select: 10
| current_epoch 285 |. Begin client select
SchedulerThread select( 10 clients):
66 | 46 | 8 | 23 | 96 | 45 | 95 | 9 | 13 | 79 |
-----------------------------------------------------------------Schedule complete
Client 13 trained
Client 13 uploaded
Client 9 trained
Client 9 uploaded
Client 66 trained
Client 66 uploaded
Client 46 trained
Client 46 uploaded
Client 8 trained
Client 8 uploaded
Client 95 trained
Client 95 uploaded
Client 79 trained
Client 79 uploaded
Client 23 trained
Client 23 uploaded
Client 45 trained
Client 45 uploaded
Client 96 trained
Client 96 uploaded
Epoch(t): 285 accuracy: 67.4 loss 0.9506361597776413 run_time: 5104.650001049042
Current clients: 100 , select: 10
| current_epoch 286 |. Begin client select
SchedulerThread select( 10 clients):
87 | 64 | 20 | 2 | 66 | 97 | 6 | 95 | 31 | 11 |
-----------------------------------------------------------------Schedule complete
Client 31 trained
Client 31 uploaded
Client 87 trained
Client 87 uploaded
Client 66 trained
Client 66 uploaded
Client 20 trained
Client 20 uploaded
Client 95 trained
Client 95 uploaded
Client 6 trained
Client 6 uploaded
Client 97 trained
Client 97 uploaded
Client 64 trained
Client 64 uploaded
Client 2 trained
Client 2 uploaded
Client 11 trained
Client 11 uploaded
Epoch(t): 286 accuracy: 60.15 loss 1.2443554568290711 run_time: 5122.320702314377
Current clients: 100 , select: 10
| current_epoch 287 |. Begin client select
SchedulerThread select( 10 clients):
35 | 93 | 46 | 11 | 8 | 17 | 12 | 80 | 81 | 49 |
-----------------------------------------------------------------Schedule complete
Client 93 trained
Client 93 uploaded
Client 12 trained
Client 12 uploaded
Client 49 trained
Client 49 uploaded
Client 46 trained
Client 46 uploaded
Client 17 trained
Client 17 uploaded
Client 81 trained
Client 81 uploaded
Client 35 trained
Client 35 uploaded
Client 8 trained
Client 8 uploaded
Client 80 trained
Client 80 uploaded
Client 11 trained
Client 11 uploaded
Epoch(t): 287 accuracy: 55.7 loss 1.4061895751953124 run_time: 5137.819902181625
Current clients: 100 , select: 10
| current_epoch 288 |. Begin client select
SchedulerThread select( 10 clients):
52 | 77 | 30 | 34 | 11 | 45 | 82 | 26 | 35 | 49 |
-----------------------------------------------------------------Schedule complete
Client 49 trained
Client 49 uploaded
Client 52 trained
Client 52 uploaded
Client 35 trained
Client 35 uploaded
Client 82 trained
Client 82 uploaded
Client 26 trained
Client 26 uploaded
Client 45 trained
Client 45 uploaded
Client 77 trained
Client 77 uploaded
Client 30 trained
Client 30 uploaded
Client 34 trained
Client 34 uploaded
Client 11 trained
Client 11 uploaded
Epoch(t): 288 accuracy: 65.44 loss 1.090798355937004 run_time: 5160.73398065567
Current clients: 100 , select: 10
| current_epoch 289 |. Begin client select
SchedulerThread select( 10 clients):
57 | 3 | 14 | 61 | 73 | 2 | 79 | 86 | 91 | 21 |
-----------------------------------------------------------------Schedule complete
Client 14 trained
Client 14 uploaded
Client 86 trained
Client 86 uploaded
Client 61 trained
Client 61 uploaded
Client 57 trained
Client 57 uploaded
Client 3 trained
Client 3 uploaded
Client 21 trained
Client 21 uploaded
Client 79 trained
Client 79 uploaded
Client 73 trained
Client 73 uploaded
Client 91 trained
Client 91 uploaded
Client 2 trained
Client 2 uploaded
Epoch(t): 289 accuracy: 58.14 loss 1.3578355932235717 run_time: 5176.008506536484
Current clients: 100 , select: 10
| current_epoch 290 |. Begin client select
SchedulerThread select( 10 clients):
45 | 56 | 98 | 32 | 48 | 13 | 22 | 0 | 41 | 24 |
-----------------------------------------------------------------Schedule complete
Client 13 trained
Client 13 uploaded
Client 41 trained
Client 41 uploaded
Client 24 trained
Client 24 uploaded
Client 98 trained
Client 98 uploaded
Client 48 trained
Client 48 uploaded
Client 56 trained
Client 56 uploaded
Client 22 trained
Client 22 uploaded
Client 45 trained
Client 45 uploaded
Client 0 trained
Client 0 uploaded
Client 32 trained
Client 32 uploaded
Epoch(t): 290 accuracy: 58.16 loss 1.3251378828287124 run_time: 5194.353424072266
Current clients: 100 , select: 10
| current_epoch 291 |. Begin client select
SchedulerThread select( 10 clients):
73 | 67 | 43 | 29 | 89 | 0 | 40 | 81 | 26 | 82 |
-----------------------------------------------------------------Schedule complete
Client 40 trained
Client 40 uploaded
Client 81 trained
Client 81 uploaded
Client 67 trained
Client 67 uploaded
Client 82 trained
Client 82 uploaded
Client 26 trained
Client 26 uploaded
Client 73 trained
Client 73 uploaded
Client 0 trained
Client 0 uploaded
Client 43 trained
Client 43 uploaded
Client 29 trained
Client 29 uploaded
Client 89 trained
Client 89 uploaded
Epoch(t): 291 accuracy: 65.76 loss 1.0275713568925857 run_time: 5218.593384981155
Current clients: 100 , select: 10
| current_epoch 292 |. Begin client select
SchedulerThread select( 10 clients):
97 | 4 | 44 | 88 | 35 | 78 | 77 | 12 | 3 | 31 |
-----------------------------------------------------------------Schedule complete
Client 31 trained
Client 31 uploaded
Client 12 trained
Client 12 uploaded
Client 44 trained
Client 44 uploaded
Client 3 trained
Client 3 uploaded
Client 88 trained
Client 88 uploaded
Client 35 trained
Client 35 uploaded
Client 97 trained
Client 97 uploaded
Client 78 trained
Client 78 uploaded
Client 77 trained
Client 77 uploaded
Client 4 trained
Client 4 uploaded
Epoch(t): 292 accuracy: 59.81 loss 1.2268509411811828 run_time: 5235.0738434791565
Current clients: 100 , select: 10
| current_epoch 293 |. Begin client select
SchedulerThread select( 10 clients):
6 | 12 | 13 | 23 | 87 | 55 | 38 | 2 | 15 | 85 |
-----------------------------------------------------------------Schedule complete
Client 13 trained
Client 13 uploaded
Client 12 trained
Client 12 uploaded
Client 87 trained
Client 87 uploaded
Client 55 trained
Client 55 uploaded
Client 6 trained
Client 6 uploaded
Client 85 trained
Client 85 uploaded
Client 38 trained
Client 38 uploaded
Client 23 trained
Client 23 uploaded
Client 2 trained
Client 2 uploaded
Client 15 trained
Client 15 uploaded
Epoch(t): 293 accuracy: 61.59 loss 1.1870310068130494 run_time: 5253.25247335434
Current clients: 100 , select: 10
| current_epoch 294 |. Begin client select
SchedulerThread select( 10 clients):
61 | 47 | 57 | 93 | 64 | 71 | 29 | 8 | 43 | 42 |
-----------------------------------------------------------------Schedule complete
Client 93 trained
Client 93 uploaded
Client 61 trained
Client 61 uploaded
Client 57 trained
Client 57 uploaded
Client 71 trained
Client 71 uploaded
Client 8 trained
Client 8 uploaded
Client 47 trained
Client 47 uploaded
Client 64 trained
Client 64 uploaded
Client 42 trained
Client 42 uploaded
Client 43 trained
Client 43 uploaded
Client 29 trained
Client 29 uploaded
Epoch(t): 294 accuracy: 64.83 loss 1.0729547655582428 run_time: 5272.087359189987
Current clients: 100 , select: 10
| current_epoch 295 |. Begin client select
SchedulerThread select( 10 clients):
19 | 27 | 51 | 95 | 69 | 65 | 22 | 24 | 61 | 36 |
-----------------------------------------------------------------Schedule complete
Client 61 trained
Client 61 uploaded
Client 19 trained
Client 19 uploaded
Client 24 trained
Client 24 uploaded
Client 27 trained
Client 27 uploaded
Client 95 trained
Client 95 uploaded
Client 65 trained
Client 65 uploaded
Client 36 trained
Client 36 uploaded
Client 51 trained
Client 51 uploaded
Client 22 trained
Client 22 uploaded
Client 69 trained
Client 69 uploaded
Epoch(t): 295 accuracy: 58.49 loss 1.294846019744873 run_time: 5290.285596370697
Current clients: 100 , select: 10
| current_epoch 296 |. Begin client select
SchedulerThread select( 10 clients):
9 | 80 | 71 | 2 | 28 | 10 | 38 | 49 | 86 | 3 |
-----------------------------------------------------------------Schedule complete
Client 28 trained
Client 28 uploaded
Client 86 trained
Client 86 uploaded
Client 9 trained
Client 9 uploaded
Client 49 trained
Client 49 uploaded
Client 71 trained
Client 71 uploaded
Client 3 trained
Client 3 uploaded
Client 38 trained
Client 38 uploaded
Client 80 trained
Client 80 uploaded
Client 2 trained
Client 2 uploaded
Client 10 trained
Client 10 uploaded
Epoch(t): 296 accuracy: 60.34 loss 1.2575271207094192 run_time: 5305.680088758469
Current clients: 100 , select: 10
| current_epoch 297 |. Begin client select
SchedulerThread select( 10 clients):
13 | 47 | 24 | 76 | 40 | 65 | 45 | 31 | 48 | 20 |
-----------------------------------------------------------------Schedule complete
Client 13 trained
Client 13 uploaded
Client 31 trained
Client 31 uploaded
Client 24 trained
Client 24 uploaded
Client 40 trained
Client 40 uploaded
Client 20 trained
Client 20 uploaded
Client 48 trained
Client 48 uploaded
Client 47 trained
Client 47 uploaded
Client 65 trained
Client 65 uploaded
Client 76 trained
Client 76 uploaded
Client 45 trained
Client 45 uploaded
Epoch(t): 297 accuracy: 62.8 loss 1.1215248668193818 run_time: 5320.262435436249
Current clients: 100 , select: 10
| current_epoch 298 |. Begin client select
SchedulerThread select( 10 clients):
57 | 65 | 68 | 70 | 28 | 37 | 1 | 35 | 2 | 93 |
-----------------------------------------------------------------Schedule complete
Client 1 trained
Client 1 uploaded
Client 28 trained
Client 28 uploaded
Client 93 trained
Client 93 uploaded
Client 37 trained
Client 37 uploaded
Client 57 trained
Client 57 uploaded
Client 35 trained
Client 35 uploaded
Client 70 trained
Client 70 uploaded
Client 65 trained
Client 65 uploaded
Client 68 trained
Client 68 uploaded
Client 2 trained
Client 2 uploaded
Epoch(t): 298 accuracy: 59.68 loss 1.238052893280983 run_time: 5332.743699550629
Current clients: 100 , select: 10
| current_epoch 299 |. Begin client select
SchedulerThread select( 10 clients):
23 | 97 | 92 | 61 | 73 | 47 | 9 | 24 | 17 | 85 |
-----------------------------------------------------------------Schedule complete
Client 61 trained
Client 61 uploaded
Client 9 trained
Client 9 uploaded
Client 92 trained
Client 92 uploaded
Client 24 trained
Client 24 uploaded
Client 17 trained
Client 17 uploaded
Client 47 trained
Client 47 uploaded
Client 97 trained
Client 97 uploaded
Client 85 trained
Client 85 uploaded
Client 23 trained
Client 23 uploaded
Client 73 trained
Client 73 uploaded
Epoch(t): 299 accuracy: 61.48 loss 1.117457114458084 run_time: 5347.746957063675
Current clients: 100 , select: 10
| current_epoch 300 |. Begin client select
SchedulerThread select( 10 clients):
66 | 86 | 39 | 14 | 70 | 94 | 58 | 26 | 57 | 37 |
-----------------------------------------------------------------Schedule complete
Client 94 trained
Client 94 uploaded
Client 14 trained
Client 14 uploaded
Client 86 trained
Client 86 uploaded
Client 58 trained
Client 58 uploaded
Client 57 trained
Client 57 uploaded
Client 37 trained
Client 37 uploaded
Client 39 trained
Client 39 uploaded
Client 66 trained
Client 66 uploaded
Client 70 trained
Client 70 uploaded
Client 26 trained
Client 26 uploaded
Epoch(t): 300 accuracy: 62.53 loss 1.1293457126617432 run_time: 5356.765078783035
Current clients: 100 , select: 10
| current_epoch 301 |. Begin client select
SchedulerThread select( 10 clients):
4 | 47 | 41 | 16 | 80 | 78 | 99 | 92 | 93 | 91 |
-----------------------------------------------------------------Schedule complete
Client 93 trained
Client 93 uploaded
Client 41 trained
Client 41 uploaded
Client 92 trained
Client 92 uploaded
Client 47 trained
Client 47 uploaded
Client 78 trained
Client 78 uploaded
Client 80 trained
Client 80 uploaded
Client 99 trained
Client 99 uploaded
Client 91 trained
Client 91 uploaded
Client 16 trained
Client 16 uploaded
Client 4 trained
Client 4 uploaded
Epoch(t): 301 accuracy: 61.49 loss 1.1681126099824906 run_time: 5377.989686965942
Current clients: 100 , select: 10
| current_epoch 302 |. Begin client select
SchedulerThread select( 10 clients):
45 | 80 | 82 | 43 | 6 | 14 | 3 | 42 | 86 | 63 |
-----------------------------------------------------------------Schedule complete
Client 14 trained
Client 14 uploaded
Client 86 trained
Client 86 uploaded
Client 3 trained
Client 3 uploaded
Client 6 trained
Client 6 uploaded
Client 82 trained
Client 82 uploaded
Client 63 trained
Client 63 uploaded
Client 80 trained
Client 80 uploaded
Client 45 trained
Client 45 uploaded
Client 42 trained
Client 42 uploaded
Client 43 trained
Client 43 uploaded
Epoch(t): 302 accuracy: 65.33 loss 1.0580712401866912 run_time: 5397.995913982391
Current clients: 100 , select: 10
| current_epoch 303 |. Begin client select
SchedulerThread select( 10 clients):
62 | 10 | 34 | 74 | 63 | 97 | 44 | 54 | 12 | 26 |
-----------------------------------------------------------------Schedule complete
Client 12 trained
Client 12 uploaded
Client 74 trained
Client 74 uploaded
Client 44 trained
Client 44 uploaded
Client 54 trained
Client 54 uploaded
Client 62 trained
Client 62 uploaded
Client 97 trained
Client 97 uploaded
Client 26 trained
Client 26 uploaded
Client 63 trained
Client 63 uploaded
Client 34 trained
Client 34 uploaded
Client 10 trained
Client 10 uploaded
Epoch(t): 303 accuracy: 62.41 loss 1.1926393759250642 run_time: 5415.63104724884
Current clients: 100 , select: 10
| current_epoch 304 |. Begin client select
SchedulerThread select( 10 clients):
21 | 45 | 72 | 18 | 97 | 24 | 88 | 20 | 70 | 16 |
-----------------------------------------------------------------Schedule complete
Client 18 trained
Client 18 uploaded
Client 24 trained
Client 24 uploaded
Client 21 trained
Client 21 uploaded
Client 88 trained
Client 88 uploaded
Client 20 trained
Client 20 uploaded
Client 72 trained
Client 72 uploaded
Client 70 trained
Client 70 uploaded
Client 97 trained
Client 97 uploaded
Client 45 trained
Client 45 uploaded
Client 16 trained
Client 16 uploaded
Epoch(t): 304 accuracy: 61.97 loss 1.1530284476280213 run_time: 5432.541465997696
Current clients: 100 , select: 10
| current_epoch 305 |. Begin client select
SchedulerThread select( 10 clients):
76 | 85 | 39 | 79 | 15 | 38 | 55 | 5 | 46 | 12 |
-----------------------------------------------------------------Schedule complete
Client 5 trained
Client 5 uploaded
Client 12 trained
Client 12 uploaded
Client 39 trained
Client 39 uploaded
Client 46 trained
Client 46 uploaded
Client 55 trained
Client 55 uploaded
Client 85 trained
Client 85 uploaded
Client 38 trained
Client 38 uploaded
Client 76 trained
Client 76 uploaded
Client 79 trained
Client 79 uploaded
Client 15 trained
Client 15 uploaded
Epoch(t): 305 accuracy: 63.53 loss 1.0957232135534287 run_time: 5449.515314340591
Current clients: 100 , select: 10
| current_epoch 306 |. Begin client select
SchedulerThread select( 10 clients):
7 | 0 | 55 | 31 | 58 | 84 | 47 | 30 | 15 | 17 |
-----------------------------------------------------------------Schedule complete
Client 31 trained
Client 31 uploaded
Client 58 trained
Client 58 uploaded
Client 84 trained
Client 84 uploaded
Client 17 trained
Client 17 uploaded
Client 55 trained
Client 55 uploaded
Client 47 trained
Client 47 uploaded
Client 7 trained
Client 7 uploaded
Client 30 trained
Client 30 uploaded
Client 0 trained
Client 0 uploaded
Client 15 trained
Client 15 uploaded
Epoch(t): 306 accuracy: 61.68 loss 1.281177769303322 run_time: 5467.304662704468
Current clients: 100 , select: 10
| current_epoch 307 |. Begin client select
SchedulerThread select( 10 clients):
28 | 87 | 85 | 13 | 97 | 50 | 36 | 1 | 51 | 5 |
-----------------------------------------------------------------Schedule complete
Client 13 trained
Client 13 uploaded
Client 1 trained
Client 1 uploaded
Client 5 trained
Client 5 uploaded
Client 28 trained
Client 28 uploaded
Client 87 trained
Client 87 uploaded
Client 50 trained
Client 50 uploaded
Client 85 trained
Client 85 uploaded
Client 36 trained
Client 36 uploaded
Client 97 trained
Client 97 uploaded
Client 51 trained
Client 51 uploaded
Epoch(t): 307 accuracy: 57.45 loss 1.3379464966058732 run_time: 5480.097864151001
Current clients: 100 , select: 10
| current_epoch 308 |. Begin client select
SchedulerThread select( 10 clients):
41 | 25 | 74 | 78 | 19 | 46 | 89 | 27 | 52 | 31 |
-----------------------------------------------------------------Schedule complete
Client 31 trained
Client 31 uploaded
Client 74 trained
Client 74 uploaded
Client 41 trained
Client 41 uploaded
Client 19 trained
Client 19 uploaded
Client 52 trained
Client 52 uploaded
Client 25 trained
Client 25 uploaded
Client 46 trained
Client 46 uploaded
Client 27 trained
Client 27 uploaded
Client 78 trained
Client 78 uploaded
Client 89 trained
Client 89 uploaded
Epoch(t): 308 accuracy: 63.0 loss 1.1496465837955474 run_time: 5495.1011781692505
Current clients: 100 , select: 10
| current_epoch 309 |. Begin client select
SchedulerThread select( 10 clients):
8 | 63 | 15 | 11 | 24 | 94 | 36 | 84 | 32 | 20 |
-----------------------------------------------------------------Schedule complete
Client 94 trained
Client 94 uploaded
Client 84 trained
Client 84 uploaded
Client 24 trained
Client 24 uploaded
Client 8 trained
Client 8 uploaded
Client 20 trained
Client 20 uploaded
Client 36 trained
Client 36 uploaded
Client 63 trained
Client 63 uploaded
Client 15 trained
Client 15 uploaded
Client 32 trained
Client 32 uploaded
Client 11 trained
Client 11 uploaded
Epoch(t): 309 accuracy: 65.16 loss 1.0806135898828506 run_time: 5514.949499607086
Current clients: 100 , select: 10
| current_epoch 310 |. Begin client select
SchedulerThread select( 10 clients):
44 | 25 | 63 | 93 | 81 | 28 | 89 | 75 | 51 | 33 |
-----------------------------------------------------------------Schedule complete
Client 28 trained
Client 28 uploaded
Client 93 trained
Client 93 uploaded
Client 33 trained
Client 33 uploaded
Client 44 trained
Client 44 uploaded
Client 75 trained
Client 75 uploaded
Client 25 trained
Client 25 uploaded
Client 81 trained
Client 81 uploaded
Client 51 trained
Client 51 uploaded
Client 63 trained
Client 63 uploaded
Client 89 trained
Client 89 uploaded
Epoch(t): 310 accuracy: 62.38 loss 1.247923521399498 run_time: 5530.085341930389
Current clients: 100 , select: 10
| current_epoch 311 |. Begin client select
SchedulerThread select( 10 clients):
69 | 92 | 97 | 90 | 59 | 38 | 98 | 41 | 79 | 83 |
-----------------------------------------------------------------Schedule complete
Client 41 trained
Client 41 uploaded
Client 92 trained
Client 92 uploaded
Client 98 trained
Client 98 uploaded
Client 97 trained
Client 97 uploaded
Client 38 trained
Client 38 uploaded
Client 83 trained
Client 83 uploaded
Client 59 trained
Client 59 uploaded
Client 79 trained
Client 79 uploaded
Client 90 trained
Client 90 uploaded
Client 69 trained
Client 69 uploaded
Epoch(t): 311 accuracy: 59.85 loss 1.2428269147872926 run_time: 5550.69943523407
Current clients: 100 , select: 10
| current_epoch 312 |. Begin client select
SchedulerThread select( 10 clients):
11 | 17 | 39 | 58 | 99 | 18 | 76 | 3 | 42 | 65 |
-----------------------------------------------------------------Schedule complete
Client 58 trained
Client 58 uploaded
Client 18 trained
Client 18 uploaded
Client 39 trained
Client 39 uploaded
Client 3 trained
Client 3 uploaded
Client 17 trained
Client 17 uploaded
Client 65 trained
Client 65 uploaded
Client 76 trained
Client 76 uploaded
Client 99 trained
Client 99 uploaded
Client 42 trained
Client 42 uploaded
Client 11 trained
Client 11 uploaded
Epoch(t): 312 accuracy: 61.7 loss 1.2103717482089997 run_time: 5569.030865907669
Current clients: 100 , select: 10
| current_epoch 313 |. Begin client select
SchedulerThread select( 10 clients):
76 | 81 | 10 | 87 | 48 | 64 | 69 | 59 | 65 | 79 |
-----------------------------------------------------------------Schedule complete
Client 87 trained
Client 87 uploaded
Client 81 trained
Client 81 uploaded
Client 48 trained
Client 48 uploaded
Client 65 trained
Client 65 uploaded
Client 59 trained
Client 59 uploaded
Client 76 trained
Client 76 uploaded
Client 64 trained
Client 64 uploaded
Client 79 trained
Client 79 uploaded
Client 10 trained
Client 10 uploaded
Client 69 trained
Client 69 uploaded
Epoch(t): 313 accuracy: 61.43 loss 1.2114325124025345 run_time: 5590.463639974594
Current clients: 100 , select: 10
| current_epoch 314 |. Begin client select
SchedulerThread select( 10 clients):
82 | 24 | 54 | 8 | 91 | 5 | 20 | 64 | 31 | 55 |
-----------------------------------------------------------------Schedule complete
Client 5 trained
Client 5 uploaded
Client 31 trained
Client 31 uploaded
Client 24 trained
Client 24 uploaded
Client 54 trained
Client 54 uploaded
Client 20 trained
Client 20 uploaded
Client 8 trained
Client 8 uploaded
Client 55 trained
Client 55 uploaded
Client 82 trained
Client 82 uploaded
Client 64 trained
Client 64 uploaded
Client 91 trained
Client 91 uploaded
Epoch(t): 314 accuracy: 59.56 loss 1.2707050609588624 run_time: 5605.391882896423
Current clients: 100 , select: 10
| current_epoch 315 |. Begin client select
SchedulerThread select( 10 clients):
13 | 86 | 21 | 15 | 55 | 3 | 90 | 42 | 20 | 81 |
-----------------------------------------------------------------Schedule complete
Client 13 trained
Client 13 uploaded
Client 86 trained
Client 86 uploaded
Client 3 trained
Client 3 uploaded
Client 21 trained
Client 21 uploaded
Client 20 trained
Client 20 uploaded
Client 81 trained
Client 81 uploaded
Client 55 trained
Client 55 uploaded
Client 90 trained
Client 90 uploaded
Client 15 trained
Client 15 uploaded
Client 42 trained
Client 42 uploaded
Epoch(t): 315 accuracy: 63.54 loss 1.1606284755468368 run_time: 5623.063087940216
Current clients: 100 , select: 10
| current_epoch 316 |. Begin client select
SchedulerThread select( 10 clients):
13 | 96 | 48 | 28 | 46 | 34 | 55 | 51 | 82 | 65 |
-----------------------------------------------------------------Schedule complete
Client 13 trained
Client 13 uploaded
Client 28 trained
Client 28 uploaded
Client 46 trained
Client 46 uploaded
Client 48 trained
Client 48 uploaded
Client 55 trained
Client 55 uploaded
Client 65 trained
Client 65 uploaded
Client 82 trained
Client 82 uploaded
Client 51 trained
Client 51 uploaded
Client 96 trained
Client 96 uploaded
Client 34 trained
Client 34 uploaded
Epoch(t): 316 accuracy: 64.86 loss 1.0756658029556274 run_time: 5640.138124704361
Current clients: 100 , select: 10
| current_epoch 317 |. Begin client select
SchedulerThread select( 10 clients):
82 | 45 | 48 | 74 | 55 | 3 | 75 | 18 | 59 | 6 |
-----------------------------------------------------------------Schedule complete
Client 74 trained
Client 74 uploaded
Client 18 trained
Client 18 uploaded
Client 75 trained
Client 75 uploaded
Client 3 trained
Client 3 uploaded
Client 48 trained
Client 48 uploaded
Client 6 trained
Client 6 uploaded
Client 55 trained
Client 55 uploaded
Client 59 trained
Client 59 uploaded
Client 82 trained
Client 82 uploaded
Client 45 trained
Client 45 uploaded
Epoch(t): 317 accuracy: 63.64 loss 1.1415308403968811 run_time: 5656.353469133377
Current clients: 100 , select: 10
| current_epoch 318 |. Begin client select
SchedulerThread select( 10 clients):
73 | 39 | 49 | 80 | 45 | 83 | 37 | 50 | 88 | 68 |
-----------------------------------------------------------------Schedule complete
Client 37 trained
Client 37 uploaded
Client 39 trained
Client 39 uploaded
Client 49 trained
Client 49 uploaded
Client 88 trained
Client 88 uploaded
Client 50 trained
Client 50 uploaded
Client 83 trained
Client 83 uploaded
Client 68 trained
Client 68 uploaded
Client 80 trained
Client 80 uploaded
Client 45 trained
Client 45 uploaded
Client 73 trained
Client 73 uploaded
Epoch(t): 318 accuracy: 66.11 loss 1.0311773300170899 run_time: 5673.832062721252
Current clients: 100 , select: 10
| current_epoch 319 |. Begin client select
SchedulerThread select( 10 clients):
75 | 51 | 93 | 77 | 86 | 79 | 46 | 56 | 14 | 67 |
-----------------------------------------------------------------Schedule complete
Client 14 trained
Client 14 uploaded
Client 93 trained
Client 93 uploaded
Client 86 trained
Client 86 uploaded
Client 75 trained
Client 75 uploaded
Client 46 trained
Client 46 uploaded
Client 67 trained
Client 67 uploaded
Client 56 trained
Client 56 uploaded
Client 51 trained
Client 51 uploaded
Client 79 trained
Client 79 uploaded
Client 77 trained
Client 77 uploaded
Epoch(t): 319 accuracy: 66.58 loss 1.0326763266324996 run_time: 5690.211401224136
Current clients: 100 , select: 10
| current_epoch 320 |. Begin client select
SchedulerThread select( 10 clients):
97 | 37 | 3 | 80 | 43 | 7 | 33 | 0 | 91 | 88 |
-----------------------------------------------------------------Schedule complete
Client 33 trained
Client 33 uploaded
Client 37 trained
Client 37 uploaded
Client 3 trained
Client 3 uploaded
Client 88 trained
Client 88 uploaded
Client 97 trained
Client 97 uploaded
Client 7 trained
Client 7 uploaded
Client 80 trained
Client 80 uploaded
Client 0 trained
Client 0 uploaded
Client 91 trained
Client 91 uploaded
Client 43 trained
Client 43 uploaded
Epoch(t): 320 accuracy: 59.14 loss 1.3107027834653855 run_time: 5710.112883806229
Current clients: 100 , select: 10
| current_epoch 321 |. Begin client select
SchedulerThread select( 10 clients):
36 | 86 | 62 | 93 | 94 | 54 | 24 | 38 | 50 | 77 |
-----------------------------------------------------------------Schedule complete
Client 94 trained
Client 94 uploaded
Client 93 trained
Client 93 uploaded
Client 86 trained
Client 86 uploaded
Client 24 trained
Client 24 uploaded
Client 54 trained
Client 54 uploaded
Client 62 trained
Client 62 uploaded
Client 50 trained
Client 50 uploaded
Client 36 trained
Client 36 uploaded
Client 38 trained
Client 38 uploaded
Client 77 trained
Client 77 uploaded
Epoch(t): 321 accuracy: 65.95 loss 1.021033854484558 run_time: 5726.11877322197
Current clients: 100 , select: 10
| current_epoch 322 |. Begin client select
SchedulerThread select( 10 clients):
17 | 24 | 7 | 44 | 99 | 89 | 56 | 28 | 52 | 98 |
-----------------------------------------------------------------Schedule complete
Client 28 trained
Client 28 uploaded
Client 44 trained
Client 44 uploaded
Client 24 trained
Client 24 uploaded
Client 52 trained
Client 52 uploaded
Client 17 trained
Client 17 uploaded
Client 98 trained
Client 98 uploaded
Client 7 trained
Client 7 uploaded
Client 56 trained
Client 56 uploaded
Client 99 trained
Client 99 uploaded
Client 89 trained
Client 89 uploaded
Epoch(t): 322 accuracy: 58.56 loss 1.3068784421682358 run_time: 5744.001494169235
Current clients: 100 , select: 10
| current_epoch 323 |. Begin client select
SchedulerThread select( 10 clients):
41 | 11 | 35 | 47 | 77 | 26 | 75 | 49 | 48 | 67 |
-----------------------------------------------------------------Schedule complete
Client 41 trained
Client 41 uploaded
Client 49 trained
Client 49 uploaded
Client 75 trained
Client 75 uploaded
Client 48 trained
Client 48 uploaded
Client 67 trained
Client 67 uploaded
Client 35 trained
Client 35 uploaded
Client 47 trained
Client 47 uploaded
Client 26 trained
Client 26 uploaded
Client 77 trained
Client 77 uploaded
Client 11 trained
Client 11 uploaded
Epoch(t): 323 accuracy: 65.59 loss 1.0856055492162704 run_time: 5763.364544391632
Current clients: 100 , select: 10
| current_epoch 324 |. Begin client select
SchedulerThread select( 10 clients):
21 | 68 | 75 | 84 | 58 | 85 | 26 | 80 | 38 | 3 |
-----------------------------------------------------------------Schedule complete
Client 58 trained
Client 58 uploaded
Client 84 trained
Client 84 uploaded
Client 3 trained
Client 3 uploaded
Client 75 trained
Client 75 uploaded
Client 21 trained
Client 21 uploaded
Client 68 trained
Client 68 uploaded
Client 85 trained
Client 85 uploaded
Client 26 trained
Client 26 uploaded
Client 38 trained
Client 38 uploaded
Client 80 trained
Client 80 uploaded
Epoch(t): 324 accuracy: 66.43 loss 1.0120864582061768 run_time: 5780.438564538956
Current clients: 100 , select: 10
| current_epoch 325 |. Begin client select
SchedulerThread select( 10 clients):
52 | 17 | 37 | 19 | 80 | 0 | 82 | 81 | 61 | 86 |
-----------------------------------------------------------------Schedule complete
Client 61 trained
Client 61 uploaded
Client 86 trained
Client 86 uploaded
Client 37 trained
Client 37 uploaded
Client 19 trained
Client 19 uploaded
Client 52 trained
Client 52 uploaded
Client 17 trained
Client 17 uploaded
Client 81 trained
Client 81 uploaded
Client 82 trained
Client 82 uploaded
Client 80 trained
Client 80 uploaded
Client 0 trained
Client 0 uploaded
Epoch(t): 325 accuracy: 55.66 loss 1.4822959613800049 run_time: 5794.5432035923
Current clients: 100 , select: 10
| current_epoch 326 |. Begin client select
SchedulerThread select( 10 clients):
32 | 79 | 65 | 44 | 38 | 0 | 54 | 52 | 94 | 67 |
-----------------------------------------------------------------Schedule complete
Client 94 trained
Client 94 uploaded
Client 44 trained
Client 44 uploaded
Client 52 trained
Client 52 uploaded
Client 54 trained
Client 54 uploaded
Client 67 trained
Client 67 uploaded
Client 65 trained
Client 65 uploaded
Client 38 trained
Client 38 uploaded
Client 79 trained
Client 79 uploaded
Client 0 trained
Client 0 uploaded
Client 32 trained
Client 32 uploaded
Epoch(t): 326 accuracy: 62.47 loss 1.1748914849758147 run_time: 5813.8205823898315
Current clients: 100 , select: 10
| current_epoch 327 |. Begin client select
SchedulerThread select( 10 clients):
79 | 48 | 1 | 3 | 26 | 39 | 90 | 47 | 62 | 20 |
-----------------------------------------------------------------Schedule complete
Client 1 trained
Client 1 uploaded
Client 39 trained
Client 39 uploaded
Client 3 trained
Client 3 uploaded
Client 62 trained
Client 62 uploaded
Client 20 trained
Client 20 uploaded
Client 48 trained
Client 48 uploaded
Client 47 trained
Client 47 uploaded
Client 26 trained
Client 26 uploaded
Client 79 trained
Client 79 uploaded
Client 90 trained
Client 90 uploaded
Epoch(t): 327 accuracy: 58.84 loss 1.339187051653862 run_time: 5830.711766242981
Current clients: 100 , select: 10
| current_epoch 328 |. Begin client select
SchedulerThread select( 10 clients):
75 | 6 | 28 | 23 | 12 | 63 | 8 | 39 | 29 | 93 |
-----------------------------------------------------------------Schedule complete
Client 28 trained
Client 28 uploaded
Client 93 trained
Client 93 uploaded
Client 12 trained
Client 12 uploaded
Client 39 trained
Client 39 uploaded
Client 75 trained
Client 75 uploaded
Client 6 trained
Client 6 uploaded
Client 8 trained
Client 8 uploaded
Client 63 trained
Client 63 uploaded
Client 23 trained
Client 23 uploaded
Client 29 trained
Client 29 uploaded
Epoch(t): 328 accuracy: 63.16 loss 1.1637265002727508 run_time: 5847.583845615387
Current clients: 100 , select: 10
| current_epoch 329 |. Begin client select
SchedulerThread select( 10 clients):
99 | 25 | 45 | 67 | 46 | 6 | 95 | 84 | 75 | 34 |
-----------------------------------------------------------------Schedule complete
Client 84 trained
Client 84 uploaded
Client 75 trained
Client 75 uploaded
Client 46 trained
Client 46 uploaded
Client 25 trained
Client 25 uploaded
Client 67 trained
Client 67 uploaded
Client 6 trained
Client 6 uploaded
Client 95 trained
Client 95 uploaded
Client 45 trained
Client 45 uploaded
Client 99 trained
Client 99 uploaded
Client 34 trained
Client 34 uploaded
Epoch(t): 329 accuracy: 67.66 loss 1.032126470208168 run_time: 5867.631787061691
Current clients: 100 , select: 10
| current_epoch 330 |. Begin client select
SchedulerThread select( 10 clients):
89 | 81 | 3 | 86 | 57 | 22 | 18 | 63 | 69 | 12 |
-----------------------------------------------------------------Schedule complete
Client 12 trained
Client 12 uploaded
Client 86 trained
Client 86 uploaded
Client 18 trained
Client 18 uploaded
Client 57 trained
Client 57 uploaded
Client 3 trained
Client 3 uploaded
Client 81 trained
Client 81 uploaded
Client 22 trained
Client 22 uploaded
Client 63 trained
Client 63 uploaded
Client 69 trained
Client 69 uploaded
Client 89 trained
Client 89 uploaded
Epoch(t): 330 accuracy: 63.78 loss 1.1305929642915726 run_time: 5886.580383300781
Current clients: 100 , select: 10
| current_epoch 331 |. Begin client select
SchedulerThread select( 10 clients):
15 | 66 | 92 | 14 | 4 | 6 | 67 | 40 | 73 | 63 |
-----------------------------------------------------------------Schedule complete
Client 14 trained
Client 14 uploaded
Client 92 trained
Client 92 uploaded
Client 66 trained
Client 66 uploaded
Client 40 trained
Client 40 uploaded
Client 6 trained
Client 6 uploaded
Client 67 trained
Client 67 uploaded
Client 63 trained
Client 63 uploaded
Client 73 trained
Client 73 uploaded
Client 15 trained
Client 15 uploaded
Client 4 trained
Client 4 uploaded
Epoch(t): 331 accuracy: 61.75 loss 1.2201945066452027 run_time: 5906.961893796921
Current clients: 100 , select: 10
| current_epoch 332 |. Begin client select
SchedulerThread select( 10 clients):
26 | 30 | 52 | 82 | 47 | 36 | 67 | 43 | 97 | 91 |
-----------------------------------------------------------------Schedule complete
Client 52 trained
Client 52 uploaded
Client 67 trained
Client 67 uploaded
Client 47 trained
Client 47 uploaded
Client 97 trained
Client 97 uploaded
Client 82 trained
Client 82 uploaded
Client 36 trained
Client 36 uploaded
Client 26 trained
Client 26 uploaded
Client 91 trained
Client 91 uploaded
Client 30 trained
Client 30 uploaded
Client 43 trained
Client 43 uploaded
Epoch(t): 332 accuracy: 66.83 loss 0.9852885442972183 run_time: 5929.99831032753
Current clients: 100 , select: 10
| current_epoch 333 |. Begin client select
SchedulerThread select( 10 clients):
78 | 82 | 34 | 27 | 76 | 14 | 29 | 48 | 43 | 31 |
-----------------------------------------------------------------Schedule complete
Client 14 trained
Client 14 uploaded
Client 31 trained
Client 31 uploaded
Client 27 trained
Client 27 uploaded
Client 48 trained
Client 48 uploaded
Client 78 trained
Client 78 uploaded
Client 82 trained
Client 82 uploaded
Client 76 trained
Client 76 uploaded
Client 34 trained
Client 34 uploaded
Client 43 trained
Client 43 uploaded
Client 29 trained
Client 29 uploaded
Epoch(t): 333 accuracy: 61.32 loss 1.2638293844461441 run_time: 5951.724753141403
Current clients: 100 , select: 10
| current_epoch 334 |. Begin client select
SchedulerThread select( 10 clients):
24 | 63 | 3 | 44 | 45 | 18 | 14 | 9 | 38 | 51 |
-----------------------------------------------------------------Schedule complete
Client 14 trained
Client 14 uploaded
Client 9 trained
Client 9 uploaded
Client 18 trained
Client 18 uploaded
Client 44 trained
Client 44 uploaded
Client 24 trained
Client 24 uploaded
Client 3 trained
Client 3 uploaded
Client 38 trained
Client 38 uploaded
Client 51 trained
Client 51 uploaded
Client 45 trained
Client 45 uploaded
Client 63 trained
Client 63 uploaded
Epoch(t): 334 accuracy: 61.74 loss 1.291840569972992 run_time: 5965.6583840847015
Current clients: 100 , select: 10
| current_epoch 335 |. Begin client select
SchedulerThread select( 10 clients):
40 | 80 | 26 | 58 | 59 | 32 | 91 | 60 | 35 | 29 |
-----------------------------------------------------------------Schedule complete
Client 58 trained
Client 58 uploaded
Client 60 trained
Client 60 uploaded
Client 40 trained
Client 40 uploaded
Client 35 trained
Client 35 uploaded
Client 59 trained
Client 59 uploaded
Client 26 trained
Client 26 uploaded
Client 80 trained
Client 80 uploaded
Client 91 trained
Client 91 uploaded
Client 32 trained
Client 32 uploaded
Client 29 trained
Client 29 uploaded
Epoch(t): 335 accuracy: 64.57 loss 1.1815737527608872 run_time: 5989.119916439056
Current clients: 100 , select: 10
| current_epoch 336 |. Begin client select
SchedulerThread select( 10 clients):
74 | 78 | 52 | 27 | 44 | 96 | 43 | 84 | 86 | 23 |
-----------------------------------------------------------------Schedule complete
Client 86 trained
Client 86 uploaded
Client 74 trained
Client 74 uploaded
Client 44 trained
Client 44 uploaded
Client 84 trained
Client 84 uploaded
Client 52 trained
Client 52 uploaded
Client 27 trained
Client 27 uploaded
Client 78 trained
Client 78 uploaded
Client 23 trained
Client 23 uploaded
Client 96 trained
Client 96 uploaded
Client 43 trained
Client 43 uploaded
Epoch(t): 336 accuracy: 61.7 loss 1.1900218474864959 run_time: 6005.258026838303
Current clients: 100 , select: 10
| current_epoch 337 |. Begin client select
SchedulerThread select( 10 clients):
9 | 79 | 63 | 43 | 61 | 11 | 49 | 25 | 28 | 16 |
-----------------------------------------------------------------Schedule complete
Client 28 trained
Client 28 uploaded
Client 9 trained
Client 9 uploaded
Client 61 trained
Client 61 uploaded
Client 49 trained
Client 49 uploaded
Client 25 trained
Client 25 uploaded
Client 79 trained
Client 79 uploaded
Client 63 trained
Client 63 uploaded
Client 16 trained
Client 16 uploaded
Client 43 trained
Client 43 uploaded
Client 11 trained
Client 11 uploaded
Epoch(t): 337 accuracy: 63.26 loss 1.152576813697815 run_time: 6024.219772577286
Current clients: 100 , select: 10
| current_epoch 338 |. Begin client select
SchedulerThread select( 10 clients):
56 | 77 | 89 | 22 | 82 | 29 | 79 | 44 | 68 | 78 |
-----------------------------------------------------------------Schedule complete
Client 44 trained
Client 44 uploaded
Client 68 trained
Client 68 uploaded
Client 78 trained
Client 78 uploaded
Client 56 trained
Client 56 uploaded
Client 82 trained
Client 82 uploaded
Client 22 trained
Client 22 uploaded
Client 79 trained
Client 79 uploaded
Client 77 trained
Client 77 uploaded
Client 29 trained
Client 29 uploaded
Client 89 trained
Client 89 uploaded
Epoch(t): 338 accuracy: 67.2 loss 1.0303065717220306 run_time: 6050.099547147751
Current clients: 100 , select: 10
| current_epoch 339 |. Begin client select
SchedulerThread select( 10 clients):
11 | 69 | 21 | 30 | 32 | 43 | 53 | 90 | 75 | 20 |
-----------------------------------------------------------------Schedule complete
Client 75 trained
Client 75 uploaded
Client 21 trained
Client 21 uploaded
Client 20 trained
Client 20 uploaded
Client 90 trained
Client 90 uploaded
Client 30 trained
Client 30 uploaded
Client 43 trained
Client 43 uploaded
Client 32 trained
Client 32 uploaded
Client 11 trained
Client 11 uploaded
Client 69 trained
Client 69 uploaded
Client 53 trained
Client 53 uploaded
Epoch(t): 339 accuracy: 64.92 loss 1.101858834028244 run_time: 6081.0149784088135
Current clients: 100 , select: 10
| current_epoch 340 |. Begin client select
SchedulerThread select( 10 clients):
64 | 86 | 11 | 29 | 75 | 69 | 61 | 5 | 74 | 37 |
-----------------------------------------------------------------Schedule complete
Client 5 trained
Client 5 uploaded
Client 61 trained
Client 61 uploaded
Client 74 trained
Client 74 uploaded
Client 86 trained
Client 86 uploaded
Client 37 trained
Client 37 uploaded
Client 75 trained
Client 75 uploaded
Client 64 trained
Client 64 uploaded
Client 29 trained
Client 29 uploaded
Client 11 trained
Client 11 uploaded
Client 69 trained
Client 69 uploaded
Epoch(t): 340 accuracy: 62.6 loss 1.2406219828128815 run_time: 6098.987502574921
Current clients: 100 , select: 10
| current_epoch 341 |. Begin client select
SchedulerThread select( 10 clients):
40 | 32 | 9 | 64 | 44 | 60 | 33 | 54 | 91 | 92 |
-----------------------------------------------------------------Schedule complete
Client 33 trained
Client 33 uploaded
Client 9 trained
Client 9 uploaded
Client 92 trained
Client 92 uploaded
Client 44 trained
Client 44 uploaded
Client 60 trained
Client 60 uploaded
Client 40 trained
Client 40 uploaded
Client 54 trained
Client 54 uploaded
Client 64 trained
Client 64 uploaded
Client 91 trained
Client 91 uploaded
Client 32 trained
Client 32 uploaded
Epoch(t): 341 accuracy: 58.14 loss 1.4351808029413222 run_time: 6114.620893239975
Current clients: 100 , select: 10
| current_epoch 342 |. Begin client select
SchedulerThread select( 10 clients):
84 | 24 | 9 | 78 | 56 | 1 | 57 | 50 | 59 | 20 |
-----------------------------------------------------------------Schedule complete
Client 1 trained
Client 1 uploaded
Client 9 trained
Client 9 uploaded
Client 84 trained
Client 84 uploaded
Client 57 trained
Client 57 uploaded
Client 24 trained
Client 24 uploaded
Client 20 trained
Client 20 uploaded
Client 50 trained
Client 50 uploaded
Client 78 trained
Client 78 uploaded
Client 59 trained
Client 59 uploaded
Client 56 trained
Client 56 uploaded
Epoch(t): 342 accuracy: 64.74 loss 1.1228778499364853 run_time: 6128.015117883682
Current clients: 100 , select: 10
| current_epoch 343 |. Begin client select
SchedulerThread select( 10 clients):
59 | 12 | 93 | 81 | 28 | 76 | 87 | 45 | 79 | 66 |
-----------------------------------------------------------------Schedule complete
Client 93 trained
Client 93 uploaded
Client 28 trained
Client 28 uploaded
Client 12 trained
Client 12 uploaded
Client 87 trained
Client 87 uploaded
Client 66 trained
Client 66 uploaded
Client 81 trained
Client 81 uploaded
Client 59 trained
Client 59 uploaded
Client 76 trained
Client 76 uploaded
Client 45 trained
Client 45 uploaded
Client 79 trained
Client 79 uploaded
Epoch(t): 343 accuracy: 63.0 loss 1.1514740514755248 run_time: 6141.991637945175
Current clients: 100 , select: 10
| current_epoch 344 |. Begin client select
SchedulerThread select( 10 clients):
79 | 21 | 39 | 2 | 64 | 98 | 15 | 68 | 44 | 90 |
-----------------------------------------------------------------Schedule complete
Client 44 trained
Client 44 uploaded
Client 39 trained
Client 39 uploaded
Client 98 trained
Client 98 uploaded
Client 21 trained
Client 21 uploaded
Client 68 trained
Client 68 uploaded
Client 64 trained
Client 64 uploaded
Client 79 trained
Client 79 uploaded
Client 90 trained
Client 90 uploaded
Client 2 trained
Client 2 uploaded
Client 15 trained
Client 15 uploaded
Epoch(t): 344 accuracy: 61.62 loss 1.2270245039463044 run_time: 6158.867378234863
Current clients: 100 , select: 10
| current_epoch 345 |. Begin client select
SchedulerThread select( 10 clients):
29 | 79 | 0 | 37 | 83 | 63 | 65 | 10 | 35 | 16 |
-----------------------------------------------------------------Schedule complete
Client 37 trained
Client 37 uploaded
Client 35 trained
Client 35 uploaded
Client 83 trained
Client 83 uploaded
Client 65 trained
Client 65 uploaded
Client 63 trained
Client 63 uploaded
Client 79 trained
Client 79 uploaded
Client 0 trained
Client 0 uploaded
Client 16 trained
Client 16 uploaded
Client 10 trained
Client 10 uploaded
Client 29 trained
Client 29 uploaded
Epoch(t): 345 accuracy: 63.8 loss 1.1448426163196563 run_time: 6183.66347694397
Current clients: 100 , select: 10
| current_epoch 346 |. Begin client select
SchedulerThread select( 10 clients):
87 | 45 | 22 | 29 | 67 | 49 | 81 | 50 | 28 | 55 |
-----------------------------------------------------------------Schedule complete
Client 28 trained
Client 28 uploaded
Client 87 trained
Client 87 uploaded
Client 49 trained
Client 49 uploaded
Client 81 trained
Client 81 uploaded
Client 67 trained
Client 67 uploaded
Client 55 trained
Client 55 uploaded
Client 50 trained
Client 50 uploaded
Client 22 trained
Client 22 uploaded
Client 45 trained
Client 45 uploaded
Client 29 trained
Client 29 uploaded
Epoch(t): 346 accuracy: 65.94 loss 1.0686646711826324 run_time: 6203.367345333099
Current clients: 100 , select: 10
| current_epoch 347 |. Begin client select
SchedulerThread select( 10 clients):
50 | 26 | 79 | 39 | 4 | 1 | 82 | 90 | 8 | 38 |
-----------------------------------------------------------------Schedule complete
Client 1 trained
Client 1 uploaded
Client 39 trained
Client 39 uploaded
Client 8 trained
Client 8 uploaded
Client 50 trained
Client 50 uploaded
Client 26 trained
Client 26 uploaded
Client 38 trained
Client 38 uploaded
Client 82 trained
Client 82 uploaded
Client 79 trained
Client 79 uploaded
Client 90 trained
Client 90 uploaded
Client 4 trained
Client 4 uploaded
Epoch(t): 347 accuracy: 61.27 loss 1.2920938748121262 run_time: 6221.940089225769
Current clients: 100 , select: 10
| current_epoch 348 |. Begin client select
SchedulerThread select( 10 clients):
67 | 13 | 83 | 19 | 93 | 12 | 71 | 61 | 40 | 65 |
-----------------------------------------------------------------Schedule complete
Client 13 trained
Client 13 uploaded
Client 93 trained
Client 93 uploaded
Client 12 trained
Client 12 uploaded
Client 61 trained
Client 61 uploaded
Client 19 trained
Client 19 uploaded
Client 71 trained
Client 71 uploaded
Client 40 trained
Client 40 uploaded
Client 67 trained
Client 67 uploaded
Client 83 trained
Client 83 uploaded
Client 65 trained
Client 65 uploaded
Epoch(t): 348 accuracy: 64.93 loss 1.0906103605031967 run_time: 6231.820109128952
Current clients: 100 , select: 10
| current_epoch 349 |. Begin client select
SchedulerThread select( 10 clients):
59 | 75 | 43 | 82 | 40 | 33 | 41 | 26 | 78 | 56 |
-----------------------------------------------------------------Schedule complete
Client 33 trained
Client 33 uploaded
Client 41 trained
Client 41 uploaded
Client 40 trained
Client 40 uploaded
Client 75 trained
Client 75 uploaded
Client 78 trained
Client 78 uploaded
Client 82 trained
Client 82 uploaded
Client 59 trained
Client 59 uploaded
Client 56 trained
Client 56 uploaded
Client 26 trained
Client 26 uploaded
Client 43 trained
Client 43 uploaded
Epoch(t): 349 accuracy: 65.66 loss 1.062695054411888 run_time: 6250.306731462479
Current clients: 100 , select: 10
| current_epoch 350 |. Begin client select
SchedulerThread select( 10 clients):
94 | 5 | 18 | 83 | 19 | 76 | 59 | 64 | 20 | 35 |
-----------------------------------------------------------------Schedule complete
Client 94 trained
Client 94 uploaded
Client 5 trained
Client 5 uploaded
Client 18 trained
Client 18 uploaded
Client 19 trained
Client 19 uploaded
Client 20 trained
Client 20 uploaded
Client 35 trained
Client 35 uploaded
Client 83 trained
Client 83 uploaded
Client 59 trained
Client 59 uploaded
Client 76 trained
Client 76 uploaded
Client 64 trained
Client 64 uploaded
Epoch(t): 350 accuracy: 60.93 loss 1.2052422165870667 run_time: 6264.3302273750305
Current clients: 100 , select: 10
| current_epoch 351 |. Begin client select
SchedulerThread select( 10 clients):
11 | 74 | 6 | 33 | 83 | 81 | 64 | 10 | 79 | 19 |
-----------------------------------------------------------------Schedule complete
Client 33 trained
Client 33 uploaded
Client 74 trained
Client 74 uploaded
Client 19 trained
Client 19 uploaded
Client 81 trained
Client 81 uploaded
Client 6 trained
Client 6 uploaded
Client 83 trained
Client 83 uploaded
Client 64 trained
Client 64 uploaded
Client 79 trained
Client 79 uploaded
Client 10 trained
Client 10 uploaded
Client 11 trained
Client 11 uploaded
Epoch(t): 351 accuracy: 61.64 loss 1.2146257758140564 run_time: 6284.097809076309
Current clients: 100 , select: 10
| current_epoch 352 |. Begin client select
SchedulerThread select( 10 clients):
78 | 96 | 15 | 30 | 37 | 5 | 62 | 93 | 41 | 63 |
-----------------------------------------------------------------Schedule complete
Client 5 trained
Client 5 uploaded
Client 93 trained
Client 93 uploaded
Client 37 trained
Client 37 uploaded
Client 41 trained
Client 41 uploaded
Client 62 trained
Client 62 uploaded
Client 78 trained
Client 78 uploaded
Client 63 trained
Client 63 uploaded
Client 30 trained
Client 30 uploaded
Client 15 trained
Client 15 uploaded
Client 96 trained
Client 96 uploaded
Epoch(t): 352 accuracy: 56.82 loss 1.5587720966339111 run_time: 6302.4222021102905
Current clients: 100 , select: 10
| current_epoch 353 |. Begin client select
SchedulerThread select( 10 clients):
27 | 13 | 17 | 44 | 9 | 40 | 0 | 53 | 5 | 75 |
-----------------------------------------------------------------Schedule complete
Client 13 trained
Client 13 uploaded
Client 5 trained
Client 5 uploaded
Client 9 trained
Client 9 uploaded
Client 44 trained
Client 44 uploaded
Client 75 trained
Client 75 uploaded
Client 40 trained
Client 40 uploaded
Client 27 trained
Client 27 uploaded
Client 17 trained
Client 17 uploaded
Client 0 trained
Client 0 uploaded
Client 53 trained
Client 53 uploaded
Epoch(t): 353 accuracy: 58.34 loss 1.3814040338993072 run_time: 6317.78603887558
Current clients: 100 , select: 10
| current_epoch 354 |. Begin client select
SchedulerThread select( 10 clients):
15 | 6 | 53 | 62 | 60 | 35 | 45 | 92 | 5 | 47 |
-----------------------------------------------------------------Schedule complete
Client 5 trained
Client 5 uploaded
Client 92 trained
Client 92 uploaded
Client 60 trained
Client 60 uploaded
Client 62 trained
Client 62 uploaded
Client 35 trained
Client 35 uploaded
Client 6 trained
Client 6 uploaded
Client 47 trained
Client 47 uploaded
Client 45 trained
Client 45 uploaded
Client 15 trained
Client 15 uploaded
Client 53 trained
Client 53 uploaded
Epoch(t): 354 accuracy: 60.08 loss 1.280765329003334 run_time: 6337.2541353702545
Current clients: 100 , select: 10
| current_epoch 355 |. Begin client select
SchedulerThread select( 10 clients):
23 | 44 | 98 | 80 | 53 | 29 | 9 | 94 | 27 | 12 |
-----------------------------------------------------------------Schedule complete
Client 94 trained
Client 94 uploaded
Client 12 trained
Client 12 uploaded
Client 9 trained
Client 9 uploaded
Client 44 trained
Client 44 uploaded
Client 27 trained
Client 27 uploaded
Client 98 trained
Client 98 uploaded
Client 80 trained
Client 80 uploaded
Client 23 trained
Client 23 uploaded
Client 29 trained
Client 29 uploaded
Client 53 trained
Client 53 uploaded
Epoch(t): 355 accuracy: 62.05 loss 1.240260362625122 run_time: 6354.50298666954
Current clients: 100 , select: 10
| current_epoch 356 |. Begin client select
SchedulerThread select( 10 clients):
97 | 10 | 88 | 87 | 44 | 79 | 40 | 81 | 1 | 15 |
-----------------------------------------------------------------Schedule complete
Client 1 trained
Client 1 uploaded
Client 44 trained
Client 44 uploaded
Client 87 trained
Client 87 uploaded
Client 40 trained
Client 40 uploaded
Client 81 trained
Client 81 uploaded
Client 88 trained
Client 88 uploaded
Client 97 trained
Client 97 uploaded
Client 79 trained
Client 79 uploaded
Client 10 trained
Client 10 uploaded
Client 15 trained
Client 15 uploaded
Epoch(t): 356 accuracy: 60.82 loss 1.3319169574975966 run_time: 6372.529096126556
Current clients: 100 , select: 10
| current_epoch 357 |. Begin client select
SchedulerThread select( 10 clients):
68 | 87 | 2 | 20 | 76 | 48 | 93 | 5 | 60 | 80 |
-----------------------------------------------------------------Schedule complete
Client 5 trained
Client 5 uploaded
Client 93 trained
Client 93 uploaded
Client 87 trained
Client 87 uploaded
Client 60 trained
Client 60 uploaded
Client 48 trained
Client 48 uploaded
Client 20 trained
Client 20 uploaded
Client 68 trained
Client 68 uploaded
Client 76 trained
Client 76 uploaded
Client 80 trained
Client 80 uploaded
Client 2 trained
Client 2 uploaded
Epoch(t): 357 accuracy: 64.14 loss 1.1397980123758316 run_time: 6388.186381578445
Current clients: 100 , select: 10
| current_epoch 358 |. Begin client select
SchedulerThread select( 10 clients):
60 | 62 | 32 | 54 | 3 | 34 | 7 | 1 | 75 | 35 |
-----------------------------------------------------------------Schedule complete
Client 1 trained
Client 1 uploaded
Client 60 trained
Client 60 uploaded
Client 75 trained
Client 75 uploaded
Client 3 trained
Client 3 uploaded
Client 54 trained
Client 54 uploaded
Client 62 trained
Client 62 uploaded
Client 35 trained
Client 35 uploaded
Client 7 trained
Client 7 uploaded
Client 34 trained
Client 34 uploaded
Client 32 trained
Client 32 uploaded
Epoch(t): 358 accuracy: 65.41 loss 1.1233350348472595 run_time: 6406.506620883942
Current clients: 100 , select: 10
| current_epoch 359 |. Begin client select
SchedulerThread select( 10 clients):
48 | 67 | 74 | 4 | 99 | 24 | 29 | 46 | 73 | 38 |
-----------------------------------------------------------------Schedule complete
Client 74 trained
Client 74 uploaded
Client 24 trained
Client 24 uploaded
Client 46 trained
Client 46 uploaded
Client 48 trained
Client 48 uploaded
Client 67 trained
Client 67 uploaded
Client 38 trained
Client 38 uploaded
Client 73 trained
Client 73 uploaded
Client 99 trained
Client 99 uploaded
Client 29 trained
Client 29 uploaded
Client 4 trained
Client 4 uploaded
Epoch(t): 359 accuracy: 63.46 loss 1.1586748152971267 run_time: 6428.602150917053
Current clients: 100 , select: 10
| current_epoch 360 |. Begin client select
SchedulerThread select( 10 clients):
70 | 85 | 83 | 43 | 64 | 37 | 3 | 67 | 48 | 0 |
-----------------------------------------------------------------Schedule complete
Client 37 trained
Client 37 uploaded
Client 3 trained
Client 3 uploaded
Client 48 trained
Client 48 uploaded
Client 67 trained
Client 67 uploaded
Client 70 trained
Client 70 uploaded
Client 85 trained
Client 85 uploaded
Client 83 trained
Client 83 uploaded
Client 64 trained
Client 64 uploaded
Client 0 trained
Client 0 uploaded
Client 43 trained
Client 43 uploaded
Epoch(t): 360 accuracy: 63.42 loss 1.1546710807085037 run_time: 6448.621795654297
Current clients: 100 , select: 10
| current_epoch 361 |. Begin client select
SchedulerThread select( 10 clients):
50 | 82 | 84 | 24 | 36 | 16 | 95 | 83 | 92 | 2 |
-----------------------------------------------------------------Schedule complete
Client 92 trained
Client 92 uploaded
Client 84 trained
Client 84 uploaded
Client 24 trained
Client 24 uploaded
Client 50 trained
Client 50 uploaded
Client 95 trained
Client 95 uploaded
Client 83 trained
Client 83 uploaded
Client 82 trained
Client 82 uploaded
Client 36 trained
Client 36 uploaded
Client 2 trained
Client 2 uploaded
Client 16 trained
Client 16 uploaded
Epoch(t): 361 accuracy: 62.01 loss 1.2208001518249512 run_time: 6466.932479381561
Current clients: 100 , select: 10
| current_epoch 362 |. Begin client select
SchedulerThread select( 10 clients):
25 | 3 | 62 | 32 | 77 | 35 | 10 | 85 | 19 | 5 |
-----------------------------------------------------------------Schedule complete
Client 5 trained
Client 5 uploaded
Client 19 trained
Client 19 uploaded
Client 3 trained
Client 3 uploaded
Client 25 trained
Client 25 uploaded
Client 62 trained
Client 62 uploaded
Client 35 trained
Client 35 uploaded
Client 85 trained
Client 85 uploaded
Client 77 trained
Client 77 uploaded
Client 10 trained
Client 10 uploaded
Client 32 trained
Client 32 uploaded
Epoch(t): 362 accuracy: 63.65 loss 1.1124988508224487 run_time: 6485.84616112709
Current clients: 100 , select: 10
| current_epoch 363 |. Begin client select
SchedulerThread select( 10 clients):
53 | 63 | 3 | 48 | 46 | 96 | 90 | 97 | 67 | 18 |
-----------------------------------------------------------------Schedule complete
Client 18 trained
Client 18 uploaded
Client 3 trained
Client 3 uploaded
Client 46 trained
Client 46 uploaded
Client 48 trained
Client 48 uploaded
Client 67 trained
Client 67 uploaded
Client 97 trained
Client 97 uploaded
Client 63 trained
Client 63 uploaded
Client 90 trained
Client 90 uploaded
Client 96 trained
Client 96 uploaded
Client 53 trained
Client 53 uploaded
Epoch(t): 363 accuracy: 59.02 loss 1.3542126429080963 run_time: 6508.479168891907
Current clients: 100 , select: 10
| current_epoch 364 |. Begin client select
SchedulerThread select( 10 clients):
49 | 26 | 61 | 7 | 88 | 75 | 10 | 23 | 76 | 67 |
-----------------------------------------------------------------Schedule complete
Client 61 trained
Client 61 uploaded
Client 49 trained
Client 49 uploaded
Client 75 trained
Client 75 uploaded
Client 88 trained
Client 88 uploaded
Client 67 trained
Client 67 uploaded
Client 7 trained
Client 7 uploaded
Client 76 trained
Client 76 uploaded
Client 26 trained
Client 26 uploaded
Client 23 trained
Client 23 uploaded
Client 10 trained
Client 10 uploaded
Epoch(t): 364 accuracy: 66.39 loss 1.0417101716995238 run_time: 6527.7236886024475
Current clients: 100 , select: 10
| current_epoch 365 |. Begin client select
SchedulerThread select( 10 clients):
16 | 1 | 41 | 6 | 56 | 21 | 36 | 80 | 86 | 28 |
-----------------------------------------------------------------Schedule complete
Client 1 trained
Client 1 uploaded
Client 28 trained
Client 28 uploaded
Client 86 trained
Client 86 uploaded
Client 41 trained
Client 41 uploaded
Client 21 trained
Client 21 uploaded
Client 6 trained
Client 6 uploaded
Client 56 trained
Client 56 uploaded
Client 36 trained
Client 36 uploaded
Client 80 trained
Client 80 uploaded
Client 16 trained
Client 16 uploaded
Epoch(t): 365 accuracy: 64.4 loss 1.0889438802003861 run_time: 6543.107855081558
Current clients: 100 , select: 10
| current_epoch 366 |. Begin client select
SchedulerThread select( 10 clients):
39 | 0 | 40 | 35 | 30 | 60 | 36 | 41 | 80 | 47 |
-----------------------------------------------------------------Schedule complete
Client 39 trained
Client 39 uploaded
Client 41 trained
Client 41 uploaded
Client 60 trained
Client 60 uploaded
Client 40 trained
Client 40 uploaded
Client 35 trained
Client 35 uploaded
Client 47 trained
Client 47 uploaded
Client 36 trained
Client 36 uploaded
Client 80 trained
Client 80 uploaded
Client 0 trained
Client 0 uploaded
Client 30 trained
Client 30 uploaded
Epoch(t): 366 accuracy: 64.63 loss 1.0875050985813142 run_time: 6561.618226766586
Current clients: 100 , select: 10
| current_epoch 367 |. Begin client select
SchedulerThread select( 10 clients):
54 | 37 | 94 | 76 | 33 | 87 | 1 | 74 | 50 | 92 |
-----------------------------------------------------------------Schedule complete
Client 1 trained
Client 1 uploaded
Client 94 trained
Client 94 uploaded
Client 33 trained
Client 33 uploaded
Client 74 trained
Client 74 uploaded
Client 37 trained
Client 37 uploaded
Client 92 trained
Client 92 uploaded
Client 87 trained
Client 87 uploaded
Client 54 trained
Client 54 uploaded
Client 50 trained
Client 50 uploaded
Client 76 trained
Client 76 uploaded
Epoch(t): 367 accuracy: 60.86 loss 1.2338401025533676 run_time: 6571.901190280914
Current clients: 100 , select: 10
| current_epoch 368 |. Begin client select
SchedulerThread select( 10 clients):
21 | 64 | 19 | 0 | 73 | 95 | 49 | 37 | 92 | 69 |
-----------------------------------------------------------------Schedule complete
Client 37 trained
Client 37 uploaded
Client 92 trained
Client 92 uploaded
Client 19 trained
Client 19 uploaded
Client 49 trained
Client 49 uploaded
Client 21 trained
Client 21 uploaded
Client 95 trained
Client 95 uploaded
Client 64 trained
Client 64 uploaded
Client 0 trained
Client 0 uploaded
Client 73 trained
Client 73 uploaded
Client 69 trained
Client 69 uploaded
Epoch(t): 368 accuracy: 58.76 loss 1.3307371890544892 run_time: 6590.158700704575
Current clients: 100 , select: 10
| current_epoch 369 |. Begin client select
SchedulerThread select( 10 clients):
62 | 84 | 95 | 42 | 78 | 71 | 28 | 14 | 90 | 74 |
-----------------------------------------------------------------Schedule complete
Client 14 trained
Client 14 uploaded
Client 28 trained
Client 28 uploaded
Client 74 trained
Client 74 uploaded
Client 84 trained
Client 84 uploaded
Client 71 trained
Client 71 uploaded
Client 62 trained
Client 62 uploaded
Client 95 trained
Client 95 uploaded
Client 78 trained
Client 78 uploaded
Client 90 trained
Client 90 uploaded
Client 42 trained
Client 42 uploaded
Epoch(t): 369 accuracy: 58.74 loss 1.3605400109291077 run_time: 6605.371849536896
Current clients: 100 , select: 10
| current_epoch 370 |. Begin client select
SchedulerThread select( 10 clients):
25 | 86 | 88 | 75 | 91 | 67 | 71 | 66 | 18 | 60 |
-----------------------------------------------------------------Schedule complete
Client 86 trained
Client 86 uploaded
Client 18 trained
Client 18 uploaded
Client 66 trained
Client 66 uploaded
Client 71 trained
Client 71 uploaded
Client 60 trained
Client 60 uploaded
Client 25 trained
Client 25 uploaded
Client 75 trained
Client 75 uploaded
Client 88 trained
Client 88 uploaded
Client 67 trained
Client 67 uploaded
Client 91 trained
Client 91 uploaded
Epoch(t): 370 accuracy: 61.31 loss 1.2058480125665665 run_time: 6619.472659111023
Current clients: 100 , select: 10
| current_epoch 371 |. Begin client select
SchedulerThread select( 10 clients):
22 | 26 | 6 | 50 | 33 | 88 | 0 | 99 | 17 | 94 |
-----------------------------------------------------------------Schedule complete
Client 94 trained
Client 94 uploaded
Client 33 trained
Client 33 uploaded
Client 17 trained
Client 17 uploaded
Client 88 trained
Client 88 uploaded
Client 50 trained
Client 50 uploaded
Client 6 trained
Client 6 uploaded
Client 26 trained
Client 26 uploaded
Client 22 trained
Client 22 uploaded
Client 99 trained
Client 99 uploaded
Client 0 trained
Client 0 uploaded
Epoch(t): 371 accuracy: 65.34 loss 1.051463896036148 run_time: 6637.838334560394
Current clients: 100 , select: 10
| current_epoch 372 |. Begin client select
SchedulerThread select( 10 clients):
65 | 0 | 49 | 57 | 37 | 34 | 80 | 90 | 76 | 33 |
-----------------------------------------------------------------Schedule complete
Client 33 trained
Client 33 uploaded
Client 37 trained
Client 37 uploaded
Client 57 trained
Client 57 uploaded
Client 49 trained
Client 49 uploaded
Client 65 trained
Client 65 uploaded
Client 76 trained
Client 76 uploaded
Client 80 trained
Client 80 uploaded
Client 0 trained
Client 0 uploaded
Client 90 trained
Client 90 uploaded
Client 34 trained
Client 34 uploaded
Epoch(t): 372 accuracy: 61.03 loss 1.22977789580822 run_time: 6657.14448928833
Current clients: 100 , select: 10
| current_epoch 373 |. Begin client select
SchedulerThread select( 10 clients):
44 | 52 | 6 | 33 | 0 | 37 | 60 | 51 | 70 | 59 |
-----------------------------------------------------------------Schedule complete
Client 33 trained
Client 33 uploaded
Client 37 trained
Client 37 uploaded
Client 44 trained
Client 44 uploaded
Client 60 trained
Client 60 uploaded
Client 52 trained
Client 52 uploaded
Client 6 trained
Client 6 uploaded
Client 70 trained
Client 70 uploaded
Client 59 trained
Client 59 uploaded
Client 51 trained
Client 51 uploaded
Client 0 trained
Client 0 uploaded
Epoch(t): 373 accuracy: 63.06 loss 1.1470243000984193 run_time: 6672.780868768692
Current clients: 100 , select: 10
| current_epoch 374 |. Begin client select
SchedulerThread select( 10 clients):
50 | 66 | 95 | 27 | 58 | 41 | 94 | 10 | 93 | 77 |
-----------------------------------------------------------------Schedule complete
Client 94 trained
Client 94 uploaded
Client 93 trained
Client 93 uploaded
Client 58 trained
Client 58 uploaded
Client 41 trained
Client 41 uploaded
Client 66 trained
Client 66 uploaded
Client 27 trained
Client 27 uploaded
Client 50 trained
Client 50 uploaded
Client 95 trained
Client 95 uploaded
Client 77 trained
Client 77 uploaded
Client 10 trained
Client 10 uploaded
Epoch(t): 374 accuracy: 64.09 loss 1.1143585270643235 run_time: 6686.884764671326
Current clients: 100 , select: 10
| current_epoch 375 |. Begin client select
SchedulerThread select( 10 clients):
28 | 65 | 53 | 55 | 1 | 92 | 64 | 86 | 17 | 43 |
-----------------------------------------------------------------Schedule complete
Client 1 trained
Client 1 uploaded
Client 28 trained
Client 28 uploaded
Client 86 trained
Client 86 uploaded
Client 92 trained
Client 92 uploaded
Client 17 trained
Client 17 uploaded
Client 55 trained
Client 55 uploaded
Client 65 trained
Client 65 uploaded
Client 64 trained
Client 64 uploaded
Client 43 trained
Client 43 uploaded
Client 53 trained
Client 53 uploaded
Epoch(t): 375 accuracy: 59.02 loss 1.3306652057170867 run_time: 6704.380615472794
Current clients: 100 , select: 10
| current_epoch 376 |. Begin client select
SchedulerThread select( 10 clients):
83 | 90 | 25 | 85 | 44 | 49 | 14 | 13 | 38 | 96 |
-----------------------------------------------------------------Schedule complete
Client 13 trained
Client 13 uploaded
Client 14 trained
Client 14 uploaded
Client 44 trained
Client 44 uploaded
Client 49 trained
Client 49 uploaded
Client 25 trained
Client 25 uploaded
Client 85 trained
Client 85 uploaded
Client 83 trained
Client 83 uploaded
Client 38 trained
Client 38 uploaded
Client 90 trained
Client 90 uploaded
Client 96 trained
Client 96 uploaded
Epoch(t): 376 accuracy: 61.6 loss 1.216558394432068 run_time: 6720.426267623901
Current clients: 100 , select: 10
| current_epoch 377 |. Begin client select
SchedulerThread select( 10 clients):
21 | 17 | 58 | 95 | 1 | 29 | 9 | 64 | 16 | 49 |
-----------------------------------------------------------------Schedule complete
Client 1 trained
Client 1 uploaded
Client 58 trained
Client 58 uploaded
Client 9 trained
Client 9 uploaded
Client 49 trained
Client 49 uploaded
Client 17 trained
Client 17 uploaded
Client 21 trained
Client 21 uploaded
Client 95 trained
Client 95 uploaded
Client 64 trained
Client 64 uploaded
Client 16 trained
Client 16 uploaded
Client 29 trained
Client 29 uploaded
Epoch(t): 377 accuracy: 62.9 loss 1.1840826070308685 run_time: 6736.409533023834
Current clients: 100 , select: 10
| current_epoch 378 |. Begin client select
SchedulerThread select( 10 clients):
4 | 5 | 78 | 20 | 81 | 41 | 61 | 42 | 91 | 67 |
-----------------------------------------------------------------Schedule complete
Client 5 trained
Client 5 uploaded
Client 61 trained
Client 61 uploaded
Client 41 trained
Client 41 uploaded
Client 20 trained
Client 20 uploaded
Client 81 trained
Client 81 uploaded
Client 67 trained
Client 67 uploaded
Client 78 trained
Client 78 uploaded
Client 91 trained
Client 91 uploaded
Client 42 trained
Client 42 uploaded
Client 4 trained
Client 4 uploaded
Epoch(t): 378 accuracy: 59.8 loss 1.2984596216678619 run_time: 6756.191354513168
Current clients: 100 , select: 10
| current_epoch 379 |. Begin client select
SchedulerThread select( 10 clients):
24 | 45 | 48 | 10 | 93 | 7 | 23 | 6 | 25 | 99 |
-----------------------------------------------------------------Schedule complete
Client 93 trained
Client 93 uploaded
Client 24 trained
Client 24 uploaded
Client 25 trained
Client 25 uploaded
Client 48 trained
Client 48 uploaded
Client 6 trained
Client 6 uploaded
Client 7 trained
Client 7 uploaded
Client 23 trained
Client 23 uploaded
Client 45 trained
Client 45 uploaded
Client 99 trained
Client 99 uploaded
Client 10 trained
Client 10 uploaded
Epoch(t): 379 accuracy: 64.29 loss 1.0873467063903808 run_time: 6776.236152887344
Current clients: 100 , select: 10
| current_epoch 380 |. Begin client select
SchedulerThread select( 10 clients):
42 | 74 | 64 | 2 | 3 | 86 | 37 | 85 | 77 | 20 |
-----------------------------------------------------------------Schedule complete
Client 86 trained
Client 86 uploaded
Client 74 trained
Client 74 uploaded
Client 37 trained
Client 37 uploaded
Client 3 trained
Client 3 uploaded
Client 20 trained
Client 20 uploaded
Client 85 trained
Client 85 uploaded
Client 64 trained
Client 64 uploaded
Client 77 trained
Client 77 uploaded
Client 2 trained
Client 2 uploaded
Client 42 trained
Client 42 uploaded
Epoch(t): 380 accuracy: 65.92 loss 1.0577211064100265 run_time: 6794.617957353592
Current clients: 100 , select: 10
| current_epoch 381 |. Begin client select
SchedulerThread select( 10 clients):
83 | 79 | 43 | 24 | 3 | 5 | 70 | 20 | 53 | 65 |
-----------------------------------------------------------------Schedule complete
Client 5 trained
Client 5 uploaded
Client 24 trained
Client 24 uploaded
Client 3 trained
Client 3 uploaded
Client 20 trained
Client 20 uploaded
Client 70 trained
Client 70 uploaded
Client 65 trained
Client 65 uploaded
Client 83 trained
Client 83 uploaded
Client 79 trained
Client 79 uploaded
Client 43 trained
Client 43 uploaded
Client 53 trained
Client 53 uploaded
Epoch(t): 381 accuracy: 60.29 loss 1.3190654683113099 run_time: 6815.395788192749
Current clients: 100 , select: 10
| current_epoch 382 |. Begin client select
SchedulerThread select( 10 clients):
86 | 50 | 69 | 39 | 12 | 96 | 5 | 53 | 37 | 7 |
-----------------------------------------------------------------Schedule complete
Client 5 trained
Client 5 uploaded
Client 86 trained
Client 86 uploaded
Client 12 trained
Client 12 uploaded
Client 37 trained
Client 37 uploaded
Client 39 trained
Client 39 uploaded
Client 7 trained
Client 7 uploaded
Client 50 trained
Client 50 uploaded
Client 96 trained
Client 96 uploaded
Client 69 trained
Client 69 uploaded
Client 53 trained
Client 53 uploaded
Epoch(t): 382 accuracy: 61.14 loss 1.2819029450416566 run_time: 6833.630235671997
Current clients: 100 , select: 10
| current_epoch 383 |. Begin client select
SchedulerThread select( 10 clients):
71 | 48 | 21 | 16 | 43 | 35 | 0 | 75 | 89 | 73 |
-----------------------------------------------------------------Schedule complete
Client 71 trained
Client 71 uploaded
Client 75 trained
Client 75 uploaded
Client 21 trained
Client 21 uploaded
Client 48 trained
Client 48 uploaded
Client 35 trained
Client 35 uploaded
Client 73 trained
Client 73 uploaded
Client 0 trained
Client 0 uploaded
Client 16 trained
Client 16 uploaded
Client 43 trained
Client 43 uploaded
Client 89 trained
Client 89 uploaded
Epoch(t): 383 accuracy: 61.45 loss 1.1767732685804366 run_time: 6857.44012093544
Current clients: 100 , select: 10
| current_epoch 384 |. Begin client select
SchedulerThread select( 10 clients):
86 | 16 | 44 | 91 | 11 | 13 | 40 | 60 | 73 | 89 |
-----------------------------------------------------------------Schedule complete
Client 13 trained
Client 13 uploaded
Client 86 trained
Client 86 uploaded
Client 44 trained
Client 44 uploaded
Client 60 trained
Client 60 uploaded
Client 40 trained
Client 40 uploaded
Client 73 trained
Client 73 uploaded
Client 91 trained
Client 91 uploaded
Client 16 trained
Client 16 uploaded
Client 11 trained
Client 11 uploaded
Client 89 trained
Client 89 uploaded
Epoch(t): 384 accuracy: 59.18 loss 1.3286600065231324 run_time: 6878.860413789749
Current clients: 100 , select: 10
| current_epoch 385 |. Begin client select
SchedulerThread select( 10 clients):
31 | 76 | 17 | 14 | 57 | 84 | 39 | 1 | 28 | 37 |
-----------------------------------------------------------------Schedule complete
Client 1 trained
Client 1 uploaded
Client 31 trained
Client 31 uploaded
Client 28 trained
Client 28 uploaded
Client 14 trained
Client 14 uploaded
Client 57 trained
Client 57 uploaded
Client 37 trained
Client 37 uploaded
Client 84 trained
Client 84 uploaded
Client 39 trained
Client 39 uploaded
Client 17 trained
Client 17 uploaded
Client 76 trained
Client 76 uploaded
Epoch(t): 385 accuracy: 58.27 loss 1.3432666015625 run_time: 6887.549227952957
Current clients: 100 , select: 10
| current_epoch 386 |. Begin client select
SchedulerThread select( 10 clients):
8 | 67 | 6 | 49 | 63 | 28 | 0 | 83 | 55 | 91 |
-----------------------------------------------------------------Schedule complete
Client 28 trained
Client 28 uploaded
Client 49 trained
Client 49 uploaded
Client 67 trained
Client 67 uploaded
Client 6 trained
Client 6 uploaded
Client 55 trained
Client 55 uploaded
Client 8 trained
Client 8 uploaded
Client 83 trained
Client 83 uploaded
Client 63 trained
Client 63 uploaded
Client 0 trained
Client 0 uploaded
Client 91 trained
Client 91 uploaded
Epoch(t): 386 accuracy: 65.36 loss 1.0698075652122498 run_time: 6906.99285030365
Current clients: 100 , select: 10
| current_epoch 387 |. Begin client select
SchedulerThread select( 10 clients):
9 | 79 | 47 | 24 | 86 | 93 | 83 | 13 | 14 | 1 |
-----------------------------------------------------------------Schedule complete
Client 13 trained
Client 13 uploaded
Client 1 trained
Client 1 uploaded
Client 14 trained
Client 14 uploaded
Client 93 trained
Client 93 uploaded
Client 9 trained
Client 9 uploaded
Client 86 trained
Client 86 uploaded
Client 24 trained
Client 24 uploaded
Client 47 trained
Client 47 uploaded
Client 83 trained
Client 83 uploaded
Client 79 trained
Client 79 uploaded
Epoch(t): 387 accuracy: 64.46 loss 1.1885480684041978 run_time: 6916.524616241455
Current clients: 100 , select: 10
| current_epoch 388 |. Begin client select
SchedulerThread select( 10 clients):
31 | 39 | 41 | 89 | 99 | 42 | 97 | 17 | 19 | 93 |
-----------------------------------------------------------------Schedule complete
Client 31 trained
Client 31 uploaded
Client 93 trained
Client 93 uploaded
Client 39 trained
Client 39 uploaded
Client 41 trained
Client 41 uploaded
Client 19 trained
Client 19 uploaded
Client 17 trained
Client 17 uploaded
Client 97 trained
Client 97 uploaded
Client 99 trained
Client 99 uploaded
Client 42 trained
Client 42 uploaded
Client 89 trained
Client 89 uploaded
Epoch(t): 388 accuracy: 65.34 loss 1.0980687963962554 run_time: 6933.2377116680145
Current clients: 100 , select: 10
| current_epoch 389 |. Begin client select
SchedulerThread select( 10 clients):
44 | 12 | 46 | 22 | 5 | 29 | 79 | 16 | 19 | 52 |
-----------------------------------------------------------------Schedule complete
Client 5 trained
Client 5 uploaded
Client 12 trained
Client 12 uploaded
Client 44 trained
Client 44 uploaded
Client 19 trained
Client 19 uploaded
Client 52 trained
Client 52 uploaded
Client 46 trained
Client 46 uploaded
Client 79 trained
Client 79 uploaded
Client 22 trained
Client 22 uploaded
Client 16 trained
Client 16 uploaded
Client 29 trained
Client 29 uploaded
Epoch(t): 389 accuracy: 57.25 loss 1.4694631510972977 run_time: 6950.350990056992
Current clients: 100 , select: 10
| current_epoch 390 |. Begin client select
SchedulerThread select( 10 clients):
30 | 84 | 28 | 5 | 31 | 25 | 18 | 68 | 15 | 40 |
-----------------------------------------------------------------Schedule complete
Client 5 trained
Client 5 uploaded
Client 28 trained
Client 28 uploaded
Client 31 trained
Client 31 uploaded
Client 84 trained
Client 84 uploaded
Client 18 trained
Client 18 uploaded
Client 40 trained
Client 40 uploaded
Client 25 trained
Client 25 uploaded
Client 68 trained
Client 68 uploaded
Client 30 trained
Client 30 uploaded
Client 15 trained
Client 15 uploaded
Epoch(t): 390 accuracy: 53.82 loss 1.8816741609573364 run_time: 6963.417342662811
Current clients: 100 , select: 10
| current_epoch 391 |. Begin client select
SchedulerThread select( 10 clients):
39 | 72 | 28 | 61 | 34 | 91 | 42 | 51 | 94 | 10 |
-----------------------------------------------------------------Schedule complete
Client 94 trained
Client 94 uploaded
Client 28 trained
Client 28 uploaded
Client 61 trained
Client 61 uploaded
Client 39 trained
Client 39 uploaded
Client 72 trained
Client 72 uploaded
Client 51 trained
Client 51 uploaded
Client 91 trained
Client 91 uploaded
Client 10 trained
Client 10 uploaded
Client 34 trained
Client 34 uploaded
Client 42 trained
Client 42 uploaded
Epoch(t): 391 accuracy: 64.31 loss 1.1766185086965562 run_time: 6983.635436534882
Current clients: 100 , select: 10
| current_epoch 392 |. Begin client select
SchedulerThread select( 10 clients):
68 | 90 | 82 | 66 | 7 | 39 | 3 | 77 | 52 | 29 |
-----------------------------------------------------------------Schedule complete
Client 39 trained
Client 39 uploaded
Client 66 trained
Client 66 uploaded
Client 52 trained
Client 52 uploaded
Client 3 trained
Client 3 uploaded
Client 68 trained
Client 68 uploaded
Client 7 trained
Client 7 uploaded
Client 82 trained
Client 82 uploaded
Client 90 trained
Client 90 uploaded
Client 77 trained
Client 77 uploaded
Client 29 trained
Client 29 uploaded
Epoch(t): 392 accuracy: 66.84 loss 1.0601505362987518 run_time: 7004.860726594925
Current clients: 100 , select: 10
| current_epoch 393 |. Begin client select
SchedulerThread select( 10 clients):
34 | 52 | 18 | 23 | 5 | 64 | 91 | 88 | 35 | 49 |
-----------------------------------------------------------------Schedule complete
Client 5 trained
Client 5 uploaded
Client 18 trained
Client 18 uploaded
Client 49 trained
Client 49 uploaded
Client 52 trained
Client 52 uploaded
Client 88 trained
Client 88 uploaded
Client 35 trained
Client 35 uploaded
Client 64 trained
Client 64 uploaded
Client 23 trained
Client 23 uploaded
Client 91 trained
Client 91 uploaded
Client 34 trained
Client 34 uploaded
Epoch(t): 393 accuracy: 60.25 loss 1.4124197709560393 run_time: 7022.847156047821
Current clients: 100 , select: 10
| current_epoch 394 |. Begin client select
SchedulerThread select( 10 clients):
59 | 92 | 50 | 78 | 15 | 74 | 99 | 95 | 44 | 39 |
-----------------------------------------------------------------Schedule complete
Client 74 trained
Client 74 uploaded
Client 92 trained
Client 92 uploaded
Client 39 trained
Client 39 uploaded
Client 44 trained
Client 44 uploaded
Client 50 trained
Client 50 uploaded
Client 95 trained
Client 95 uploaded
Client 78 trained
Client 78 uploaded
Client 59 trained
Client 59 uploaded
Client 99 trained
Client 99 uploaded
Client 15 trained
Client 15 uploaded
Epoch(t): 394 accuracy: 66.33 loss 1.100917356610298 run_time: 7039.327184200287
Current clients: 100 , select: 10
| current_epoch 395 |. Begin client select
SchedulerThread select( 10 clients):
9 | 69 | 5 | 91 | 48 | 68 | 73 | 0 | 63 | 44 |
-----------------------------------------------------------------Schedule complete
Client 5 trained
Client 5 uploaded
Client 9 trained
Client 9 uploaded
Client 44 trained
Client 44 uploaded
Client 48 trained
Client 48 uploaded
Client 68 trained
Client 68 uploaded
Client 63 trained
Client 63 uploaded
Client 0 trained
Client 0 uploaded
Client 73 trained
Client 73 uploaded
Client 91 trained
Client 91 uploaded
Client 69 trained
Client 69 uploaded
Epoch(t): 395 accuracy: 62.02 loss 1.219734582901001 run_time: 7060.292875528336
Current clients: 100 , select: 10
| current_epoch 396 |. Begin client select
SchedulerThread select( 10 clients):
5 | 36 | 27 | 50 | 83 | 37 | 58 | 97 | 46 | 68 |
-----------------------------------------------------------------Schedule complete
Client 5 trained
Client 5 uploaded
Client 58 trained
Client 58 uploaded
Client 37 trained
Client 37 uploaded
Client 46 trained
Client 46 uploaded
Client 27 trained
Client 27 uploaded
Client 50 trained
Client 50 uploaded
Client 68 trained
Client 68 uploaded
Client 97 trained
Client 97 uploaded
Client 83 trained
Client 83 uploaded
Client 36 trained
Client 36 uploaded
Epoch(t): 396 accuracy: 60.97 loss 1.238641757965088 run_time: 7075.653067350388
Current clients: 100 , select: 10
| current_epoch 397 |. Begin client select
SchedulerThread select( 10 clients):
68 | 96 | 20 | 90 | 22 | 57 | 24 | 44 | 91 | 46 |
-----------------------------------------------------------------Schedule complete
Client 44 trained
Client 44 uploaded
Client 57 trained
Client 57 uploaded
Client 24 trained
Client 24 uploaded
Client 46 trained
Client 46 uploaded
Client 20 trained
Client 20 uploaded
Client 68 trained
Client 68 uploaded
Client 22 trained
Client 22 uploaded
Client 90 trained
Client 90 uploaded
Client 91 trained
Client 91 uploaded
Client 96 trained
Client 96 uploaded
Epoch(t): 397 accuracy: 65.77 loss 1.058110584616661 run_time: 7095.396570682526
Current clients: 100 , select: 10
| current_epoch 398 |. Begin client select
SchedulerThread select( 10 clients):
15 | 85 | 30 | 48 | 76 | 44 | 71 | 29 | 84 | 11 |
-----------------------------------------------------------------Schedule complete
Client 84 trained
Client 84 uploaded
Client 44 trained
Client 44 uploaded
Client 71 trained
Client 71 uploaded
Client 48 trained
Client 48 uploaded
Client 85 trained
Client 85 uploaded
Client 76 trained
Client 76 uploaded
Client 30 trained
Client 30 uploaded
Client 15 trained
Client 15 uploaded
Client 29 trained
Client 29 uploaded
Client 11 trained
Client 11 uploaded
Epoch(t): 398 accuracy: 65.18 loss 1.0856765604019165 run_time: 7117.410535812378
Current clients: 100 , select: 10
| current_epoch 399 |. Begin client select
SchedulerThread select( 10 clients):
60 | 67 | 22 | 28 | 95 | 97 | 77 | 41 | 36 | 35 |
-----------------------------------------------------------------Schedule complete
Client 28 trained
Client 28 uploaded
Client 41 trained
Client 41 uploaded
Client 60 trained
Client 60 uploaded
Client 67 trained
Client 67 uploaded
Client 35 trained
Client 35 uploaded
Client 95 trained
Client 95 uploaded
Client 97 trained
Client 97 uploaded
Client 36 trained
Client 36 uploaded
Client 22 trained
Client 22 uploaded
Client 77 trained
Client 77 uploaded
Epoch(t): 399 accuracy: 66.09 loss 1.0500482213497162 run_time: 7135.358230113983
Current clients: 100 , select: 10
| current_epoch 400 |. Begin client select
SchedulerThread select( 10 clients):
58 | 32 | 95 | 16 | 40 | 19 | 87 | 8 | 9 | 1 |
-----------------------------------------------------------------Schedule complete
Client 1 trained
Client 1 uploaded
Client 58 trained
Client 58 uploaded
Client 9 trained
Client 9 uploaded
Client 87 trained
Client 87 uploaded
Client 19 trained
Client 19 uploaded
Client 40 trained
Client 40 uploaded
Client 95 trained
Client 95 uploaded
Client 8 trained
Client 8 uploaded
Client 16 trained
Client 16 uploaded
Client 32 trained
Client 32 uploaded
Epoch(t): 400 accuracy: 64.32 loss 1.115890218615532 run_time: 7151.138959884644
Current clients: 100 , select: 10
| current_epoch 401 |. Begin client select
SchedulerThread select( 10 clients):
4 | 5 | 82 | 50 | 52 | 20 | 7 | 9 | 53 | 45 |
-----------------------------------------------------------------Schedule complete
Client 5 trained
Client 5 uploaded
Client 9 trained
Client 9 uploaded
Client 52 trained
Client 52 uploaded
Client 20 trained
Client 20 uploaded
Client 50 trained
Client 50 uploaded
Client 7 trained
Client 7 uploaded
Client 82 trained
Client 82 uploaded
Client 45 trained
Client 45 uploaded
Client 4 trained
Client 4 uploaded
Client 53 trained
Client 53 uploaded
Epoch(t): 401 accuracy: 58.22 loss 1.4154229688644409 run_time: 7172.62514591217
Current clients: 100 , select: 10
| current_epoch 402 |. Begin client select
SchedulerThread select( 10 clients):
25 | 34 | 99 | 2 | 30 | 49 | 42 | 87 | 90 | 71 |
-----------------------------------------------------------------Schedule complete
Client 49 trained
Client 49 uploaded
Client 87 trained
Client 87 uploaded
Client 71 trained
Client 71 uploaded
Client 25 trained
Client 25 uploaded
Client 99 trained
Client 99 uploaded
Client 90 trained
Client 90 uploaded
Client 2 trained
Client 2 uploaded
Client 30 trained
Client 30 uploaded
Client 34 trained
Client 34 uploaded
Client 42 trained
Client 42 uploaded
Epoch(t): 402 accuracy: 66.2 loss 1.0661678594350814 run_time: 7197.696536540985
Current clients: 100 , select: 10
| current_epoch 403 |. Begin client select
SchedulerThread select( 10 clients):
50 | 54 | 32 | 41 | 27 | 97 | 30 | 7 | 2 | 19 |
-----------------------------------------------------------------Schedule complete
Client 41 trained
Client 41 uploaded
Client 19 trained
Client 19 uploaded
Client 54 trained
Client 54 uploaded
Client 27 trained
Client 27 uploaded
Client 50 trained
Client 50 uploaded
Client 97 trained
Client 97 uploaded
Client 7 trained
Client 7 uploaded
Client 2 trained
Client 2 uploaded
Client 30 trained
Client 30 uploaded
Client 32 trained
Client 32 uploaded
Epoch(t): 403 accuracy: 65.07 loss 1.1337638407945634 run_time: 7217.469719171524
Current clients: 100 , select: 10
| current_epoch 404 |. Begin client select
SchedulerThread select( 10 clients):
23 | 78 | 14 | 12 | 88 | 56 | 98 | 35 | 18 | 3 |
-----------------------------------------------------------------Schedule complete
Client 14 trained
Client 14 uploaded
Client 12 trained
Client 12 uploaded
Client 18 trained
Client 18 uploaded
Client 3 trained
Client 3 uploaded
Client 98 trained
Client 98 uploaded
Client 88 trained
Client 88 uploaded
Client 35 trained
Client 35 uploaded
Client 78 trained
Client 78 uploaded
Client 56 trained
Client 56 uploaded
Client 23 trained
Client 23 uploaded
Epoch(t): 404 accuracy: 61.75 loss 1.1711544477939606 run_time: 7233.131373643875
Current clients: 100 , select: 10
| current_epoch 405 |. Begin client select
SchedulerThread select( 10 clients):
43 | 16 | 24 | 64 | 26 | 10 | 61 | 29 | 5 | 33 |
-----------------------------------------------------------------Schedule complete
Client 5 trained
Client 5 uploaded
Client 33 trained
Client 33 uploaded
Client 61 trained
Client 61 uploaded
Client 24 trained
Client 24 uploaded
Client 64 trained
Client 64 uploaded
Client 26 trained
Client 26 uploaded
Client 16 trained
Client 16 uploaded
Client 10 trained
Client 10 uploaded
Client 43 trained
Client 43 uploaded
Client 29 trained
Client 29 uploaded
Epoch(t): 405 accuracy: 63.82 loss 1.1522184056043625 run_time: 7254.950152158737
Current clients: 100 , select: 10
| current_epoch 406 |. Begin client select
SchedulerThread select( 10 clients):
70 | 16 | 73 | 4 | 41 | 36 | 82 | 34 | 38 | 97 |
-----------------------------------------------------------------Schedule complete
Client 41 trained
Client 41 uploaded
Client 70 trained
Client 70 uploaded
Client 97 trained
Client 97 uploaded
Client 82 trained
Client 82 uploaded
Client 36 trained
Client 36 uploaded
Client 38 trained
Client 38 uploaded
Client 73 trained
Client 73 uploaded
Client 16 trained
Client 16 uploaded
Client 34 trained
Client 34 uploaded
Client 4 trained
Client 4 uploaded
Epoch(t): 406 accuracy: 58.71 loss 1.408275966644287 run_time: 7279.810156106949
Current clients: 100 , select: 10
| current_epoch 407 |. Begin client select
SchedulerThread select( 10 clients):
26 | 39 | 90 | 16 | 59 | 93 | 19 | 47 | 23 | 36 |
-----------------------------------------------------------------Schedule complete
Client 93 trained
Client 93 uploaded
Client 39 trained
Client 39 uploaded
Client 19 trained
Client 19 uploaded
Client 47 trained
Client 47 uploaded
Client 59 trained
Client 59 uploaded
Client 26 trained
Client 26 uploaded
Client 36 trained
Client 36 uploaded
Client 23 trained
Client 23 uploaded
Client 90 trained
Client 90 uploaded
Client 16 trained
Client 16 uploaded
Epoch(t): 407 accuracy: 62.4 loss 1.197079843878746 run_time: 7299.0610246658325
Current clients: 100 , select: 10
| current_epoch 408 |. Begin client select
SchedulerThread select( 10 clients):
63 | 28 | 83 | 88 | 66 | 90 | 62 | 94 | 20 | 5 |
-----------------------------------------------------------------Schedule complete
Client 94 trained
Client 94 uploaded
Client 5 trained
Client 5 uploaded
Client 28 trained
Client 28 uploaded
Client 66 trained
Client 66 uploaded
Client 20 trained
Client 20 uploaded
Client 62 trained
Client 62 uploaded
Client 88 trained
Client 88 uploaded
Client 83 trained
Client 83 uploaded
Client 63 trained
Client 63 uploaded
Client 90 trained
Client 90 uploaded
Epoch(t): 408 accuracy: 66.05 loss 1.053250697851181 run_time: 7313.793600559235
Current clients: 100 , select: 10
| current_epoch 409 |. Begin client select
SchedulerThread select( 10 clients):
48 | 9 | 62 | 56 | 59 | 60 | 98 | 28 | 81 | 66 |
-----------------------------------------------------------------Schedule complete
Client 28 trained
Client 28 uploaded
Client 9 trained
Client 9 uploaded
Client 66 trained
Client 66 uploaded
Client 60 trained
Client 60 uploaded
Client 98 trained
Client 98 uploaded
Client 48 trained
Client 48 uploaded
Client 62 trained
Client 62 uploaded
Client 81 trained
Client 81 uploaded
Client 59 trained
Client 59 uploaded
Client 56 trained
Client 56 uploaded
Epoch(t): 409 accuracy: 62.72 loss 1.1615873718261718 run_time: 7328.575856924057
Current clients: 100 , select: 10
| current_epoch 410 |. Begin client select
SchedulerThread select( 10 clients):
13 | 4 | 20 | 58 | 82 | 85 | 43 | 72 | 74 | 37 |
-----------------------------------------------------------------Schedule complete
Client 13 trained
Client 13 uploaded
Client 58 trained
Client 58 uploaded
Client 74 trained
Client 74 uploaded
Client 37 trained
Client 37 uploaded
Client 72 trained
Client 72 uploaded
Client 20 trained
Client 20 uploaded
Client 85 trained
Client 85 uploaded
Client 82 trained
Client 82 uploaded
Client 43 trained
Client 43 uploaded
Client 4 trained
Client 4 uploaded
Epoch(t): 410 accuracy: 60.59 loss 1.313849710226059 run_time: 7347.074525356293
Current clients: 100 , select: 10
| current_epoch 411 |. Begin client select
SchedulerThread select( 10 clients):
65 | 24 | 82 | 64 | 71 | 51 | 18 | 17 | 57 | 36 |
-----------------------------------------------------------------Schedule complete
Client 18 trained
Client 18 uploaded
Client 57 trained
Client 57 uploaded
Client 24 trained
Client 24 uploaded
Client 71 trained
Client 71 uploaded
Client 17 trained
Client 17 uploaded
Client 65 trained
Client 65 uploaded
Client 82 trained
Client 82 uploaded
Client 36 trained
Client 36 uploaded
Client 64 trained
Client 64 uploaded
Client 51 trained
Client 51 uploaded
Epoch(t): 411 accuracy: 65.99 loss 1.0410239231586456 run_time: 7364.435383319855
Current clients: 100 , select: 10
| current_epoch 412 |. Begin client select
SchedulerThread select( 10 clients):
77 | 4 | 29 | 8 | 94 | 18 | 66 | 13 | 55 | 14 |
-----------------------------------------------------------------Schedule complete
Client 13 trained
Client 13 uploaded
Client 94 trained
Client 94 uploaded
Client 14 trained
Client 14 uploaded
Client 18 trained
Client 18 uploaded
Client 66 trained
Client 66 uploaded
Client 55 trained
Client 55 uploaded
Client 8 trained
Client 8 uploaded
Client 77 trained
Client 77 uploaded
Client 29 trained
Client 29 uploaded
Client 4 trained
Client 4 uploaded
Epoch(t): 412 accuracy: 64.45 loss 1.1577702075242997 run_time: 7382.278747081757
Current clients: 100 , select: 10
| current_epoch 413 |. Begin client select
SchedulerThread select( 10 clients):
60 | 0 | 15 | 83 | 49 | 66 | 8 | 47 | 97 | 67 |
-----------------------------------------------------------------Schedule complete
Client 49 trained
Client 49 uploaded
Client 66 trained
Client 66 uploaded
Client 60 trained
Client 60 uploaded
Client 67 trained
Client 67 uploaded
Client 47 trained
Client 47 uploaded
Client 8 trained
Client 8 uploaded
Client 97 trained
Client 97 uploaded
Client 83 trained
Client 83 uploaded
Client 0 trained
Client 0 uploaded
Client 15 trained
Client 15 uploaded
Epoch(t): 413 accuracy: 65.57 loss 1.0771396386623382 run_time: 7402.074030160904
Current clients: 100 , select: 10
| current_epoch 414 |. Begin client select
SchedulerThread select( 10 clients):
73 | 7 | 45 | 20 | 32 | 95 | 44 | 11 | 14 | 27 |
-----------------------------------------------------------------Schedule complete
Client 14 trained
Client 14 uploaded
Client 44 trained
Client 44 uploaded
Client 27 trained
Client 27 uploaded
Client 20 trained
Client 20 uploaded
Client 95 trained
Client 95 uploaded
Client 7 trained
Client 7 uploaded
Client 73 trained
Client 73 uploaded
Client 45 trained
Client 45 uploaded
Client 32 trained
Client 32 uploaded
Client 11 trained
Client 11 uploaded
Epoch(t): 414 accuracy: 59.9 loss 1.3156701344251633 run_time: 7422.441021442413
Current clients: 100 , select: 10
| current_epoch 415 |. Begin client select
SchedulerThread select( 10 clients):
23 | 18 | 41 | 46 | 43 | 27 | 59 | 32 | 62 | 48 |
-----------------------------------------------------------------Schedule complete
Client 18 trained
Client 18 uploaded
Client 41 trained
Client 41 uploaded
Client 46 trained
Client 46 uploaded
Client 62 trained
Client 62 uploaded
Client 27 trained
Client 27 uploaded
Client 48 trained
Client 48 uploaded
Client 59 trained
Client 59 uploaded
Client 23 trained
Client 23 uploaded
Client 43 trained
Client 43 uploaded
Client 32 trained
Client 32 uploaded
Epoch(t): 415 accuracy: 63.04 loss 1.1621423143148422 run_time: 7442.403442144394
Current clients: 100 , select: 10
| current_epoch 416 |. Begin client select
SchedulerThread select( 10 clients):
56 | 24 | 73 | 49 | 82 | 79 | 67 | 20 | 66 | 53 |
-----------------------------------------------------------------Schedule complete
Client 24 trained
Client 24 uploaded
Client 66 trained
Client 66 uploaded
Client 49 trained
Client 49 uploaded
Client 20 trained
Client 20 uploaded
Client 67 trained
Client 67 uploaded
Client 82 trained
Client 82 uploaded
Client 56 trained
Client 56 uploaded
Client 79 trained
Client 79 uploaded
Client 73 trained
Client 73 uploaded
Client 53 trained
Client 53 uploaded
Epoch(t): 416 accuracy: 62.42 loss 1.2489699929952622 run_time: 7463.612581253052
Current clients: 100 , select: 10
| current_epoch 417 |. Begin client select
SchedulerThread select( 10 clients):
83 | 73 | 56 | 4 | 80 | 94 | 43 | 2 | 58 | 47 |
-----------------------------------------------------------------Schedule complete
Client 94 trained
Client 94 uploaded
Client 58 trained
Client 58 uploaded
Client 47 trained
Client 47 uploaded
Client 83 trained
Client 83 uploaded
Client 56 trained
Client 56 uploaded
Client 80 trained
Client 80 uploaded
Client 73 trained
Client 73 uploaded
Client 2 trained
Client 2 uploaded
Client 43 trained
Client 43 uploaded
Client 4 trained
Client 4 uploaded
Epoch(t): 417 accuracy: 64.68 loss 1.1655127865076065 run_time: 7487.44437122345
Current clients: 100 , select: 10
| current_epoch 418 |. Begin client select
SchedulerThread select( 10 clients):
40 | 35 | 27 | 15 | 24 | 20 | 81 | 80 | 30 | 88 |
-----------------------------------------------------------------Schedule complete
Client 24 trained
Client 24 uploaded
Client 40 trained
Client 40 uploaded
Client 27 trained
Client 27 uploaded
Client 20 trained
Client 20 uploaded
Client 81 trained
Client 81 uploaded
Client 88 trained
Client 88 uploaded
Client 35 trained
Client 35 uploaded
Client 80 trained
Client 80 uploaded
Client 30 trained
Client 30 uploaded
Client 15 trained
Client 15 uploaded
Epoch(t): 418 accuracy: 62.94 loss 1.2117480444908142 run_time: 7507.678275346756
Current clients: 100 , select: 10
| current_epoch 419 |. Begin client select
SchedulerThread select( 10 clients):
90 | 73 | 17 | 23 | 85 | 95 | 37 | 7 | 0 | 53 |
-----------------------------------------------------------------Schedule complete
Client 37 trained
Client 37 uploaded
Client 17 trained
Client 17 uploaded
Client 95 trained
Client 95 uploaded
Client 85 trained
Client 85 uploaded
Client 7 trained
Client 7 uploaded
Client 23 trained
Client 23 uploaded
Client 73 trained
Client 73 uploaded
Client 0 trained
Client 0 uploaded
Client 90 trained
Client 90 uploaded
Client 53 trained
Client 53 uploaded
Epoch(t): 419 accuracy: 60.98 loss 1.2590813636779785 run_time: 7531.893565416336
Current clients: 100 , select: 10
| current_epoch 420 |. Begin client select
SchedulerThread select( 10 clients):
1 | 21 | 7 | 68 | 30 | 14 | 26 | 81 | 71 | 6 |
-----------------------------------------------------------------Schedule complete
Client 1 trained
Client 1 uploaded
Client 14 trained
Client 14 uploaded
Client 71 trained
Client 71 uploaded
Client 81 trained
Client 81 uploaded
Client 21 trained
Client 21 uploaded
Client 6 trained
Client 6 uploaded
Client 68 trained
Client 68 uploaded
Client 7 trained
Client 7 uploaded
Client 26 trained
Client 26 uploaded
Client 30 trained
Client 30 uploaded
Epoch(t): 420 accuracy: 57.59 loss 1.4458907747268677 run_time: 7548.7308394908905
Current clients: 100 , select: 10
| current_epoch 421 |. Begin client select
SchedulerThread select( 10 clients):
52 | 23 | 87 | 25 | 21 | 22 | 77 | 44 | 43 | 2 |
-----------------------------------------------------------------Schedule complete
Client 44 trained
Client 44 uploaded
Client 87 trained
Client 87 uploaded
Client 52 trained
Client 52 uploaded
Client 25 trained
Client 25 uploaded
Client 21 trained
Client 21 uploaded
Client 22 trained
Client 22 uploaded
Client 23 trained
Client 23 uploaded
Client 2 trained
Client 2 uploaded
Client 77 trained
Client 77 uploaded
Client 43 trained
Client 43 uploaded
Epoch(t): 421 accuracy: 62.5 loss 1.1564221143722535 run_time: 7570.395740032196
Current clients: 100 , select: 10
| current_epoch 422 |. Begin client select
SchedulerThread select( 10 clients):
3 | 70 | 65 | 60 | 2 | 53 | 25 | 97 | 95 | 66 |
-----------------------------------------------------------------Schedule complete
Client 66 trained
Client 66 uploaded
Client 60 trained
Client 60 uploaded
Client 3 trained
Client 3 uploaded
Client 25 trained
Client 25 uploaded
Client 95 trained
Client 95 uploaded
Client 97 trained
Client 97 uploaded
Client 70 trained
Client 70 uploaded
Client 65 trained
Client 65 uploaded
Client 2 trained
Client 2 uploaded
Client 53 trained
Client 53 uploaded
Epoch(t): 422 accuracy: 60.35 loss 1.244101425409317 run_time: 7591.021867275238
Current clients: 100 , select: 10
| current_epoch 423 |. Begin client select
SchedulerThread select( 10 clients):
15 | 91 | 89 | 69 | 47 | 61 | 23 | 36 | 73 | 33 |
-----------------------------------------------------------------Schedule complete
Client 33 trained
Client 33 uploaded
Client 61 trained
Client 61 uploaded
Client 47 trained
Client 47 uploaded
Client 36 trained
Client 36 uploaded
Client 23 trained
Client 23 uploaded
Client 73 trained
Client 73 uploaded
Client 91 trained
Client 91 uploaded
Client 15 trained
Client 15 uploaded
Client 69 trained
Client 69 uploaded
Client 89 trained
Client 89 uploaded
Epoch(t): 423 accuracy: 59.75 loss 1.299806757569313 run_time: 7616.5593185424805
Current clients: 100 , select: 10
| current_epoch 424 |. Begin client select
SchedulerThread select( 10 clients):
85 | 55 | 51 | 69 | 67 | 23 | 16 | 88 | 0 | 18 |
-----------------------------------------------------------------Schedule complete
Client 18 trained
Client 18 uploaded
Client 88 trained
Client 88 uploaded
Client 67 trained
Client 67 uploaded
Client 55 trained
Client 55 uploaded
Client 85 trained
Client 85 uploaded
Client 51 trained
Client 51 uploaded
Client 23 trained
Client 23 uploaded
Client 0 trained
Client 0 uploaded
Client 16 trained
Client 16 uploaded
Client 69 trained
Client 69 uploaded
Epoch(t): 424 accuracy: 61.52 loss 1.2473487150669098 run_time: 7639.3717250823975
Current clients: 100 , select: 10
| current_epoch 425 |. Begin client select
SchedulerThread select( 10 clients):
77 | 93 | 72 | 52 | 30 | 59 | 56 | 33 | 0 | 91 |
-----------------------------------------------------------------Schedule complete
Client 93 trained
Client 93 uploaded
Client 33 trained
Client 33 uploaded
Client 52 trained
Client 52 uploaded
Client 72 trained
Client 72 uploaded
Client 59 trained
Client 59 uploaded
Client 56 trained
Client 56 uploaded
Client 0 trained
Client 0 uploaded
Client 30 trained
Client 30 uploaded
Client 77 trained
Client 77 uploaded
Client 91 trained
Client 91 uploaded
Epoch(t): 425 accuracy: 65.71 loss 1.0739396548271178 run_time: 7660.092530250549
Current clients: 100 , select: 10
| current_epoch 426 |. Begin client select
SchedulerThread select( 10 clients):
91 | 98 | 33 | 27 | 8 | 50 | 67 | 65 | 70 | 78 |
-----------------------------------------------------------------Schedule complete
Client 33 trained
Client 33 uploaded
Client 27 trained
Client 27 uploaded
Client 98 trained
Client 98 uploaded
Client 70 trained
Client 70 uploaded
Client 8 trained
Client 8 uploaded
Client 67 trained
Client 67 uploaded
Client 50 trained
Client 50 uploaded
Client 65 trained
Client 65 uploaded
Client 78 trained
Client 78 uploaded
Client 91 trained
Client 91 uploaded
Epoch(t): 426 accuracy: 65.66 loss 1.0232866793870925 run_time: 7679.22238612175
Current clients: 100 , select: 10
| current_epoch 427 |. Begin client select
SchedulerThread select( 10 clients):
3 | 59 | 98 | 75 | 25 | 13 | 43 | 89 | 99 | 30 |
-----------------------------------------------------------------Schedule complete
Client 13 trained
Client 13 uploaded
Client 3 trained
Client 3 uploaded
Client 75 trained
Client 75 uploaded
Client 25 trained
Client 25 uploaded
Client 98 trained
Client 98 uploaded
Client 59 trained
Client 59 uploaded
Client 99 trained
Client 99 uploaded
Client 30 trained
Client 30 uploaded
Client 43 trained
Client 43 uploaded
Client 89 trained
Client 89 uploaded
Epoch(t): 427 accuracy: 61.63 loss 1.2378727585077285 run_time: 7701.545378923416
Current clients: 100 , select: 10
| current_epoch 428 |. Begin client select
SchedulerThread select( 10 clients):
92 | 54 | 5 | 70 | 63 | 47 | 57 | 51 | 62 | 18 |
-----------------------------------------------------------------Schedule complete
Client 5 trained
Client 5 uploaded
Client 92 trained
Client 92 uploaded
Client 18 trained
Client 18 uploaded
Client 57 trained
Client 57 uploaded
Client 54 trained
Client 54 uploaded
Client 47 trained
Client 47 uploaded
Client 62 trained
Client 62 uploaded
Client 70 trained
Client 70 uploaded
Client 51 trained
Client 51 uploaded
Client 63 trained
Client 63 uploaded
Epoch(t): 428 accuracy: 64.62 loss 1.1566164880990981 run_time: 7717.40337562561
Current clients: 100 , select: 10
| current_epoch 429 |. Begin client select
SchedulerThread select( 10 clients):
83 | 98 | 63 | 58 | 68 | 39 | 21 | 29 | 5 | 85 |
-----------------------------------------------------------------Schedule complete
Client 5 trained
Client 5 uploaded
Client 58 trained
Client 58 uploaded
Client 39 trained
Client 39 uploaded
Client 98 trained
Client 98 uploaded
Client 21 trained
Client 21 uploaded
Client 68 trained
Client 68 uploaded
Client 85 trained
Client 85 uploaded
Client 83 trained
Client 83 uploaded
Client 63 trained
Client 63 uploaded
Client 29 trained
Client 29 uploaded
Epoch(t): 429 accuracy: 65.33 loss 1.0978511381149292 run_time: 7735.363519906998
Current clients: 100 , select: 10
| current_epoch 430 |. Begin client select
SchedulerThread select( 10 clients):
0 | 63 | 87 | 25 | 14 | 80 | 6 | 75 | 84 | 24 |
-----------------------------------------------------------------Schedule complete
Client 14 trained
Client 14 uploaded
Client 84 trained
Client 84 uploaded
Client 87 trained
Client 87 uploaded
Client 24 trained
Client 24 uploaded
Client 75 trained
Client 75 uploaded
Client 25 trained
Client 25 uploaded
Client 6 trained
Client 6 uploaded
Client 63 trained
Client 63 uploaded
Client 80 trained
Client 80 uploaded
Client 0 trained
Client 0 uploaded
Epoch(t): 430 accuracy: 60.38 loss 1.3137363266944886 run_time: 7751.644860029221
Current clients: 100 , select: 10
| current_epoch 431 |. Begin client select
SchedulerThread select( 10 clients):
50 | 5 | 9 | 77 | 21 | 59 | 90 | 91 | 92 | 97 |
-----------------------------------------------------------------Schedule complete
Client 5 trained
Client 5 uploaded
Client 9 trained
Client 9 uploaded
Client 92 trained
Client 92 uploaded
Client 21 trained
Client 21 uploaded
Client 50 trained
Client 50 uploaded
Client 59 trained
Client 59 uploaded
Client 97 trained
Client 97 uploaded
Client 90 trained
Client 90 uploaded
Client 91 trained
Client 91 uploaded
Client 77 trained
Client 77 uploaded
Epoch(t): 431 accuracy: 62.03 loss 1.184184294939041 run_time: 7770.627007722855
Current clients: 100 , select: 10
| current_epoch 432 |. Begin client select
SchedulerThread select( 10 clients):
50 | 71 | 59 | 48 | 25 | 11 | 46 | 41 | 14 | 55 |
-----------------------------------------------------------------Schedule complete
Client 14 trained
Client 14 uploaded
Client 41 trained
Client 41 uploaded
Client 71 trained
Client 71 uploaded
Client 25 trained
Client 25 uploaded
Client 46 trained
Client 46 uploaded
Client 48 trained
Client 48 uploaded
Client 50 trained
Client 50 uploaded
Client 55 trained
Client 55 uploaded
Client 59 trained
Client 59 uploaded
Client 11 trained
Client 11 uploaded
Epoch(t): 432 accuracy: 61.55 loss 1.223195286989212 run_time: 7787.556431055069
Current clients: 100 , select: 10
| current_epoch 433 |. Begin client select
SchedulerThread select( 10 clients):
27 | 79 | 60 | 24 | 29 | 74 | 22 | 81 | 83 | 21 |
-----------------------------------------------------------------Schedule complete
Client 74 trained
Client 74 uploaded
Client 24 trained
Client 24 uploaded
Client 60 trained
Client 60 uploaded
Client 27 trained
Client 27 uploaded
Client 21 trained
Client 21 uploaded
Client 81 trained
Client 81 uploaded
Client 83 trained
Client 83 uploaded
Client 22 trained
Client 22 uploaded
Client 79 trained
Client 79 uploaded
Client 29 trained
Client 29 uploaded
Epoch(t): 433 accuracy: 65.28 loss 1.1009906822443007 run_time: 7806.3209002017975
Current clients: 100 , select: 10
| current_epoch 434 |. Begin client select
SchedulerThread select( 10 clients):
41 | 63 | 43 | 1 | 85 | 7 | 45 | 95 | 83 | 9 |
-----------------------------------------------------------------Schedule complete
Client 1 trained
Client 1 uploaded
Client 9 trained
Client 9 uploaded
Client 41 trained
Client 41 uploaded
Client 95 trained
Client 95 uploaded
Client 7 trained
Client 7 uploaded
Client 85 trained
Client 85 uploaded
Client 83 trained
Client 83 uploaded
Client 63 trained
Client 63 uploaded
Client 45 trained
Client 45 uploaded
Client 43 trained
Client 43 uploaded
Epoch(t): 434 accuracy: 65.95 loss 1.0621907103061676 run_time: 7825.154653787613
Current clients: 100 , select: 10
| current_epoch 435 |. Begin client select
SchedulerThread select( 10 clients):
38 | 43 | 64 | 70 | 68 | 36 | 44 | 26 | 96 | 95 |
-----------------------------------------------------------------Schedule complete
Client 44 trained
Client 44 uploaded
Client 95 trained
Client 95 uploaded
Client 70 trained
Client 70 uploaded
Client 68 trained
Client 68 uploaded
Client 38 trained
Client 38 uploaded
Client 64 trained
Client 64 uploaded
Client 36 trained
Client 36 uploaded
Client 26 trained
Client 26 uploaded
Client 96 trained
Client 96 uploaded
Client 43 trained
Client 43 uploaded
Epoch(t): 435 accuracy: 67.92 loss 0.9935477167367935 run_time: 7847.9048528671265
Current clients: 100 , select: 10
| current_epoch 436 |. Begin client select
SchedulerThread select( 10 clients):
34 | 19 | 11 | 66 | 5 | 78 | 92 | 45 | 83 | 97 |
-----------------------------------------------------------------Schedule complete
Client 5 trained
Client 5 uploaded
Client 92 trained
Client 92 uploaded
Client 66 trained
Client 66 uploaded
Client 19 trained
Client 19 uploaded
Client 97 trained
Client 97 uploaded
Client 83 trained
Client 83 uploaded
Client 78 trained
Client 78 uploaded
Client 45 trained
Client 45 uploaded
Client 34 trained
Client 34 uploaded
Client 11 trained
Client 11 uploaded
Epoch(t): 436 accuracy: 65.85 loss 1.065561182498932 run_time: 7867.722697734833
Current clients: 100 , select: 10
| current_epoch 437 |. Begin client select
SchedulerThread select( 10 clients):
30 | 97 | 91 | 5 | 33 | 57 | 8 | 68 | 70 | 59 |
-----------------------------------------------------------------Schedule complete
Client 33 trained
Client 33 uploaded
Client 5 trained
Client 5 uploaded
Client 57 trained
Client 57 uploaded
Client 8 trained
Client 8 uploaded
Client 70 trained
Client 70 uploaded
Client 97 trained
Client 97 uploaded
Client 68 trained
Client 68 uploaded
Client 59 trained
Client 59 uploaded
Client 91 trained
Client 91 uploaded
Client 30 trained
Client 30 uploaded
Epoch(t): 437 accuracy: 60.53 loss 1.2348083126544953 run_time: 7885.595639228821
Current clients: 100 , select: 10
| current_epoch 438 |. Begin client select
SchedulerThread select( 10 clients):
83 | 8 | 54 | 0 | 81 | 97 | 90 | 16 | 29 | 25 |
-----------------------------------------------------------------Schedule complete
Client 25 trained
Client 25 uploaded
Client 54 trained
Client 54 uploaded
Client 81 trained
Client 81 uploaded
Client 8 trained
Client 8 uploaded
Client 97 trained
Client 97 uploaded
Client 83 trained
Client 83 uploaded
Client 0 trained
Client 0 uploaded
Client 90 trained
Client 90 uploaded
Client 16 trained
Client 16 uploaded
Client 29 trained
Client 29 uploaded
Epoch(t): 438 accuracy: 64.1 loss 1.1041897350549699 run_time: 7909.195830106735
Current clients: 100 , select: 10
| current_epoch 439 |. Begin client select
SchedulerThread select( 10 clients):
4 | 51 | 79 | 6 | 78 | 7 | 52 | 38 | 60 | 10 |
-----------------------------------------------------------------Schedule complete
Client 52 trained
Client 52 uploaded
Client 60 trained
Client 60 uploaded
Client 6 trained
Client 6 uploaded
Client 78 trained
Client 78 uploaded
Client 7 trained
Client 7 uploaded
Client 38 trained
Client 38 uploaded
Client 51 trained
Client 51 uploaded
Client 79 trained
Client 79 uploaded
Client 10 trained
Client 10 uploaded
Client 4 trained
Client 4 uploaded
Epoch(t): 439 accuracy: 67.35 loss 1.014698941707611 run_time: 7933.143657922745
Current clients: 100 , select: 10
| current_epoch 440 |. Begin client select
SchedulerThread select( 10 clients):
27 | 67 | 14 | 84 | 9 | 79 | 42 | 88 | 31 | 50 |
-----------------------------------------------------------------Schedule complete
Client 31 trained
Client 31 uploaded
Client 14 trained
Client 14 uploaded
Client 9 trained
Client 9 uploaded
Client 84 trained
Client 84 uploaded
Client 27 trained
Client 27 uploaded
Client 88 trained
Client 88 uploaded
Client 67 trained
Client 67 uploaded
Client 50 trained
Client 50 uploaded
Client 79 trained
Client 79 uploaded
Client 42 trained
Client 42 uploaded
Epoch(t): 440 accuracy: 62.65 loss 1.2263772296905517 run_time: 7948.665460348129
Current clients: 100 , select: 10
| current_epoch 441 |. Begin client select
SchedulerThread select( 10 clients):
26 | 50 | 7 | 27 | 28 | 98 | 94 | 66 | 73 | 11 |
-----------------------------------------------------------------Schedule complete
Client 94 trained
Client 94 uploaded
Client 28 trained
Client 28 uploaded
Client 66 trained
Client 66 uploaded
Client 98 trained
Client 98 uploaded
Client 27 trained
Client 27 uploaded
Client 50 trained
Client 50 uploaded
Client 7 trained
Client 7 uploaded
Client 26 trained
Client 26 uploaded
Client 73 trained
Client 73 uploaded
Client 11 trained
Client 11 uploaded
Epoch(t): 441 accuracy: 56.42 loss 1.4332131034135818 run_time: 7966.792959451675
Current clients: 100 , select: 10
| current_epoch 442 |. Begin client select
SchedulerThread select( 10 clients):
40 | 5 | 39 | 98 | 58 | 81 | 74 | 80 | 21 | 4 |
-----------------------------------------------------------------Schedule complete
Client 5 trained
Client 5 uploaded
Client 58 trained
Client 58 uploaded
Client 74 trained
Client 74 uploaded
Client 39 trained
Client 39 uploaded
Client 40 trained
Client 40 uploaded
Client 98 trained
Client 98 uploaded
Client 21 trained
Client 21 uploaded
Client 81 trained
Client 81 uploaded
Client 80 trained
Client 80 uploaded
Client 4 trained
Client 4 uploaded
Epoch(t): 442 accuracy: 62.97 loss 1.1834160643815994 run_time: 7982.887731313705
Current clients: 100 , select: 10
| current_epoch 443 |. Begin client select
SchedulerThread select( 10 clients):
23 | 94 | 69 | 45 | 80 | 95 | 34 | 29 | 86 | 68 |
-----------------------------------------------------------------Schedule complete
Client 94 trained
Client 94 uploaded
Client 86 trained
Client 86 uploaded
Client 95 trained
Client 95 uploaded
Client 68 trained
Client 68 uploaded
Client 23 trained
Client 23 uploaded
Client 80 trained
Client 80 uploaded
Client 45 trained
Client 45 uploaded
Client 34 trained
Client 34 uploaded
Client 69 trained
Client 69 uploaded
Client 29 trained
Client 29 uploaded
Epoch(t): 443 accuracy: 64.55 loss 1.1960556870698928 run_time: 8007.095374584198
Current clients: 100 , select: 10
| current_epoch 444 |. Begin client select
SchedulerThread select( 10 clients):
13 | 97 | 69 | 48 | 73 | 95 | 85 | 11 | 61 | 23 |
-----------------------------------------------------------------Schedule complete
Client 13 trained
Client 13 uploaded
Client 61 trained
Client 61 uploaded
Client 48 trained
Client 48 uploaded
Client 95 trained
Client 95 uploaded
Client 97 trained
Client 97 uploaded
Client 85 trained
Client 85 uploaded
Client 23 trained
Client 23 uploaded
Client 73 trained
Client 73 uploaded
Client 11 trained
Client 11 uploaded
Client 69 trained
Client 69 uploaded
Epoch(t): 444 accuracy: 60.45 loss 1.2488724815845489 run_time: 8028.909650564194
Current clients: 100 , select: 10
| current_epoch 445 |. Begin client select
SchedulerThread select( 10 clients):
83 | 77 | 15 | 52 | 97 | 64 | 25 | 70 | 49 | 79 |
-----------------------------------------------------------------Schedule complete
Client 49 trained
Client 49 uploaded
Client 52 trained
Client 52 uploaded
Client 25 trained
Client 25 uploaded
Client 70 trained
Client 70 uploaded
Client 97 trained
Client 97 uploaded
Client 64 trained
Client 64 uploaded
Client 83 trained
Client 83 uploaded
Client 79 trained
Client 79 uploaded
Client 77 trained
Client 77 uploaded
Client 15 trained
Client 15 uploaded
Epoch(t): 445 accuracy: 67.16 loss 1.0475570094585418 run_time: 8049.654763698578
Current clients: 100 , select: 10
| current_epoch 446 |. Begin client select
SchedulerThread select( 10 clients):
34 | 1 | 96 | 93 | 30 | 14 | 65 | 49 | 47 | 61 |
-----------------------------------------------------------------Schedule complete
Client 1 trained
Client 1 uploaded
Client 14 trained
Client 14 uploaded
Client 93 trained
Client 93 uploaded
Client 61 trained
Client 61 uploaded
Client 49 trained
Client 49 uploaded
Client 47 trained
Client 47 uploaded
Client 65 trained
Client 65 uploaded
Client 30 trained
Client 30 uploaded
Client 96 trained
Client 96 uploaded
Client 34 trained
Client 34 uploaded
Epoch(t): 446 accuracy: 63.67 loss 1.194543262720108 run_time: 8066.508556365967
Current clients: 100 , select: 10
| current_epoch 447 |. Begin client select
SchedulerThread select( 10 clients):
80 | 51 | 55 | 47 | 14 | 26 | 73 | 29 | 90 | 88 |
-----------------------------------------------------------------Schedule complete
Client 14 trained
Client 14 uploaded
Client 88 trained
Client 88 uploaded
Client 47 trained
Client 47 uploaded
Client 55 trained
Client 55 uploaded
Client 26 trained
Client 26 uploaded
Client 51 trained
Client 51 uploaded
Client 80 trained
Client 80 uploaded
Client 73 trained
Client 73 uploaded
Client 90 trained
Client 90 uploaded
Client 29 trained
Client 29 uploaded
Epoch(t): 447 accuracy: 68.02 loss 1.005420132279396 run_time: 8088.84362411499
Current clients: 100 , select: 10
| current_epoch 448 |. Begin client select
SchedulerThread select( 10 clients):
54 | 25 | 95 | 93 | 73 | 16 | 87 | 92 | 1 | 41 |
-----------------------------------------------------------------Schedule complete
Client 1 trained
Client 1 uploaded
Client 93 trained
Client 93 uploaded
Client 41 trained
Client 41 uploaded
Client 92 trained
Client 92 uploaded
Client 87 trained
Client 87 uploaded
Client 25 trained
Client 25 uploaded
Client 54 trained
Client 54 uploaded
Client 95 trained
Client 95 uploaded
Client 73 trained
Client 73 uploaded
Client 16 trained
Client 16 uploaded
Epoch(t): 448 accuracy: 64.24 loss 1.116154772043228 run_time: 8103.046178102493
Current clients: 100 , select: 10
| current_epoch 449 |. Begin client select
SchedulerThread select( 10 clients):
64 | 73 | 23 | 16 | 42 | 35 | 32 | 94 | 9 | 41 |
-----------------------------------------------------------------Schedule complete
Client 94 trained
Client 94 uploaded
Client 9 trained
Client 9 uploaded
Client 41 trained
Client 41 uploaded
Client 35 trained
Client 35 uploaded
Client 64 trained
Client 64 uploaded
Client 73 trained
Client 73 uploaded
Client 23 trained
Client 23 uploaded
Client 16 trained
Client 16 uploaded
Client 32 trained
Client 32 uploaded
Client 42 trained
Client 42 uploaded
Epoch(t): 449 accuracy: 64.1 loss 1.1194466280937194 run_time: 8125.601378202438
Current clients: 100 , select: 10
| current_epoch 450 |. Begin client select
SchedulerThread select( 10 clients):
94 | 84 | 99 | 60 | 97 | 14 | 11 | 70 | 67 | 17 |
-----------------------------------------------------------------Schedule complete
Client 94 trained
Client 94 uploaded
Client 14 trained
Client 14 uploaded
Client 84 trained
Client 84 uploaded
Client 60 trained
Client 60 uploaded
Client 17 trained
Client 17 uploaded
Client 67 trained
Client 67 uploaded
Client 70 trained
Client 70 uploaded
Client 97 trained
Client 97 uploaded
Client 99 trained
Client 99 uploaded
Client 11 trained
Client 11 uploaded
Epoch(t): 450 accuracy: 64.06 loss 1.123558464050293 run_time: 8142.623948097229
Current clients: 100 , select: 10
| current_epoch 451 |. Begin client select
SchedulerThread select( 10 clients):
41 | 70 | 44 | 79 | 11 | 63 | 16 | 66 | 7 | 60 |
-----------------------------------------------------------------Schedule complete
Client 44 trained
Client 44 uploaded
Client 41 trained
Client 41 uploaded
Client 66 trained
Client 66 uploaded
Client 60 trained
Client 60 uploaded
Client 70 trained
Client 70 uploaded
Client 7 trained
Client 7 uploaded
Client 79 trained
Client 79 uploaded
Client 63 trained
Client 63 uploaded
Client 16 trained
Client 16 uploaded
Client 11 trained
Client 11 uploaded
Epoch(t): 451 accuracy: 66.69 loss 1.0300719624757766 run_time: 8162.99559211731
Current clients: 100 , select: 10
| current_epoch 452 |. Begin client select
SchedulerThread select( 10 clients):
90 | 68 | 11 | 82 | 26 | 47 | 62 | 14 | 80 | 98 |
-----------------------------------------------------------------Schedule complete
Client 14 trained
Client 14 uploaded
Client 98 trained
Client 98 uploaded
Client 62 trained
Client 62 uploaded
Client 47 trained
Client 47 uploaded
Client 68 trained
Client 68 uploaded
Client 26 trained
Client 26 uploaded
Client 82 trained
Client 82 uploaded
Client 80 trained
Client 80 uploaded
Client 90 trained
Client 90 uploaded
Client 11 trained
Client 11 uploaded
Epoch(t): 452 accuracy: 67.04 loss 1.0295639926195144 run_time: 8184.282543182373
Current clients: 100 , select: 10
| current_epoch 453 |. Begin client select
SchedulerThread select( 10 clients):
43 | 70 | 29 | 14 | 99 | 45 | 65 | 88 | 2 | 20 |
-----------------------------------------------------------------Schedule complete
Client 14 trained
Client 14 uploaded
Client 88 trained
Client 88 uploaded
Client 20 trained
Client 20 uploaded
Client 70 trained
Client 70 uploaded
Client 65 trained
Client 65 uploaded
Client 45 trained
Client 45 uploaded
Client 99 trained
Client 99 uploaded
Client 2 trained
Client 2 uploaded
Client 43 trained
Client 43 uploaded
Client 29 trained
Client 29 uploaded
Epoch(t): 453 accuracy: 61.47 loss 1.3399893087148667 run_time: 8208.715668201447
Current clients: 100 , select: 10
| current_epoch 454 |. Begin client select
SchedulerThread select( 10 clients):
82 | 29 | 34 | 1 | 30 | 79 | 60 | 78 | 80 | 58 |
-----------------------------------------------------------------Schedule complete
Client 1 trained
Client 1 uploaded
Client 58 trained
Client 58 uploaded
Client 60 trained
Client 60 uploaded
Client 78 trained
Client 78 uploaded
Client 82 trained
Client 82 uploaded
Client 79 trained
Client 79 uploaded
Client 80 trained
Client 80 uploaded
Client 30 trained
Client 30 uploaded
Client 34 trained
Client 34 uploaded
Client 29 trained
Client 29 uploaded
Epoch(t): 454 accuracy: 65.42 loss 1.1550891369581222 run_time: 8230.764085054398
Current clients: 100 , select: 10
| current_epoch 455 |. Begin client select
SchedulerThread select( 10 clients):
62 | 4 | 32 | 43 | 3 | 12 | 0 | 42 | 84 | 78 |
-----------------------------------------------------------------Schedule complete
Client 12 trained
Client 12 uploaded
Client 84 trained
Client 84 uploaded
Client 3 trained
Client 3 uploaded
Client 62 trained
Client 62 uploaded
Client 78 trained
Client 78 uploaded
Client 0 trained
Client 0 uploaded
Client 43 trained
Client 43 uploaded
Client 32 trained
Client 32 uploaded
Client 42 trained
Client 42 uploaded
Client 4 trained
Client 4 uploaded
Epoch(t): 455 accuracy: 65.31 loss 1.1270983117818831 run_time: 8255.781506538391
Current clients: 100 , select: 10
| current_epoch 456 |. Begin client select
SchedulerThread select( 10 clients):
2 | 76 | 50 | 8 | 98 | 46 | 9 | 30 | 37 | 1 |
-----------------------------------------------------------------Schedule complete
Client 1 trained
Client 1 uploaded
Client 9 trained
Client 9 uploaded
Client 37 trained
Client 37 uploaded
Client 46 trained
Client 46 uploaded
Client 98 trained
Client 98 uploaded
Client 8 trained
Client 8 uploaded
Client 50 trained
Client 50 uploaded
Client 76 trained
Client 76 uploaded
Client 2 trained
Client 2 uploaded
Client 30 trained
Client 30 uploaded
Epoch(t): 456 accuracy: 65.28 loss 1.1251456940174103 run_time: 8272.638432502747
Current clients: 100 , select: 10
| current_epoch 457 |. Begin client select
SchedulerThread select( 10 clients):
37 | 19 | 26 | 96 | 76 | 20 | 85 | 75 | 24 | 80 |
-----------------------------------------------------------------Schedule complete
Client 37 trained
Client 37 uploaded
Client 24 trained
Client 24 uploaded
Client 19 trained
Client 19 uploaded
Client 75 trained
Client 75 uploaded
Client 20 trained
Client 20 uploaded
Client 26 trained
Client 26 uploaded
Client 76 trained
Client 76 uploaded
Client 85 trained
Client 85 uploaded
Client 80 trained
Client 80 uploaded
Client 96 trained
Client 96 uploaded
Epoch(t): 457 accuracy: 68.66 loss 1.0044438832998275 run_time: 8290.776062965393
Current clients: 100 , select: 10
| current_epoch 458 |. Begin client select
SchedulerThread select( 10 clients):
73 | 32 | 49 | 67 | 4 | 9 | 88 | 30 | 51 | 36 |
-----------------------------------------------------------------Schedule complete
Client 9 trained
Client 9 uploaded
Client 49 trained
Client 49 uploaded
Client 88 trained
Client 88 uploaded
Client 67 trained
Client 67 uploaded
Client 36 trained
Client 36 uploaded
Client 51 trained
Client 51 uploaded
Client 73 trained
Client 73 uploaded
Client 30 trained
Client 30 uploaded
Client 32 trained
Client 32 uploaded
Client 4 trained
Client 4 uploaded
Epoch(t): 458 accuracy: 66.18 loss 1.0887755769491196 run_time: 8314.59963440895
Current clients: 100 , select: 10
| current_epoch 459 |. Begin client select
SchedulerThread select( 10 clients):
83 | 40 | 5 | 98 | 52 | 18 | 60 | 93 | 35 | 14 |
-----------------------------------------------------------------Schedule complete
Client 5 trained
Client 5 uploaded
Client 14 trained
Client 14 uploaded
Client 93 trained
Client 93 uploaded
Client 18 trained
Client 18 uploaded
Client 52 trained
Client 52 uploaded
Client 60 trained
Client 60 uploaded
Client 40 trained
Client 40 uploaded
Client 98 trained
Client 98 uploaded
Client 35 trained
Client 35 uploaded
Client 83 trained
Client 83 uploaded
Epoch(t): 459 accuracy: 66.83 loss 0.9951768100261689 run_time: 8326.656796216965
Current clients: 100 , select: 10
| current_epoch 460 |. Begin client select
SchedulerThread select( 10 clients):
82 | 63 | 4 | 11 | 3 | 38 | 31 | 94 | 54 | 53 |
-----------------------------------------------------------------Schedule complete
Client 94 trained
Client 94 uploaded
Client 31 trained
Client 31 uploaded
Client 3 trained
Client 3 uploaded
Client 54 trained
Client 54 uploaded
Client 82 trained
Client 82 uploaded
Client 38 trained
Client 38 uploaded
Client 63 trained
Client 63 uploaded
Client 11 trained
Client 11 uploaded
Client 53 trained
Client 53 uploaded
Client 4 trained
Client 4 uploaded
Epoch(t): 460 accuracy: 64.7 loss 1.1123049974441528 run_time: 8349.834745168686
Current clients: 100 , select: 10
| current_epoch 461 |. Begin client select
SchedulerThread select( 10 clients):
17 | 64 | 48 | 18 | 98 | 66 | 37 | 22 | 87 | 41 |
-----------------------------------------------------------------Schedule complete
Client 37 trained
Client 37 uploaded
Client 18 trained
Client 18 uploaded
Client 41 trained
Client 41 uploaded
Client 87 trained
Client 87 uploaded
Client 66 trained
Client 66 uploaded
Client 98 trained
Client 98 uploaded
Client 17 trained
Client 17 uploaded
Client 48 trained
Client 48 uploaded
Client 64 trained
Client 64 uploaded
Client 22 trained
Client 22 uploaded
Epoch(t): 461 accuracy: 65.32 loss 1.0815204274654389 run_time: 8364.887459278107
Current clients: 100 , select: 10
| current_epoch 462 |. Begin client select
SchedulerThread select( 10 clients):
69 | 78 | 75 | 47 | 87 | 56 | 71 | 10 | 29 | 26 |
-----------------------------------------------------------------Schedule complete
Client 87 trained
Client 87 uploaded
Client 71 trained
Client 71 uploaded
Client 75 trained
Client 75 uploaded
Client 47 trained
Client 47 uploaded
Client 78 trained
Client 78 uploaded
Client 26 trained
Client 26 uploaded
Client 56 trained
Client 56 uploaded
Client 10 trained
Client 10 uploaded
Client 29 trained
Client 29 uploaded
Client 69 trained
Client 69 uploaded
Epoch(t): 462 accuracy: 66.96 loss 1.0386170887947082 run_time: 8387.48887515068
Current clients: 100 , select: 10
| current_epoch 463 |. Begin client select
SchedulerThread select( 10 clients):
13 | 35 | 28 | 23 | 69 | 44 | 6 | 90 | 3 | 96 |
-----------------------------------------------------------------Schedule complete
Client 13 trained
Client 13 uploaded
Client 28 trained
Client 28 uploaded
Client 44 trained
Client 44 uploaded
Client 3 trained
Client 3 uploaded
Client 35 trained
Client 35 uploaded
Client 6 trained
Client 6 uploaded
Client 23 trained
Client 23 uploaded
Client 90 trained
Client 90 uploaded
Client 96 trained
Client 96 uploaded
Client 69 trained
Client 69 uploaded
Epoch(t): 463 accuracy: 63.12 loss 1.1347428774833679 run_time: 8406.269168138504
Current clients: 100 , select: 10
| current_epoch 464 |. Begin client select
SchedulerThread select( 10 clients):
47 | 46 | 67 | 16 | 39 | 53 | 81 | 25 | 37 | 63 |
-----------------------------------------------------------------Schedule complete
Client 39 trained
Client 39 uploaded
Client 37 trained
Client 37 uploaded
Client 25 trained
Client 25 uploaded
Client 46 trained
Client 46 uploaded
Client 81 trained
Client 81 uploaded
Client 47 trained
Client 47 uploaded
Client 67 trained
Client 67 uploaded
Client 63 trained
Client 63 uploaded
Client 16 trained
Client 16 uploaded
Client 53 trained
Client 53 uploaded
Epoch(t): 464 accuracy: 61.02 loss 1.2833342152833938 run_time: 8426.917919874191
Current clients: 100 , select: 10
| current_epoch 465 |. Begin client select
SchedulerThread select( 10 clients):
77 | 97 | 39 | 95 | 48 | 36 | 40 | 13 | 71 | 0 |
-----------------------------------------------------------------Schedule complete
Client 13 trained
Client 13 uploaded
Client 39 trained
Client 39 uploaded
Client 71 trained
Client 71 uploaded
Client 40 trained
Client 40 uploaded
Client 48 trained
Client 48 uploaded
Client 95 trained
Client 95 uploaded
Client 97 trained
Client 97 uploaded
Client 36 trained
Client 36 uploaded
Client 0 trained
Client 0 uploaded
Client 77 trained
Client 77 uploaded
Epoch(t): 465 accuracy: 65.37 loss 1.0730381077528 run_time: 8444.119189739227
Current clients: 100 , select: 10
| current_epoch 466 |. Begin client select
SchedulerThread select( 10 clients):
93 | 86 | 92 | 80 | 5 | 58 | 13 | 34 | 76 | 64 |
-----------------------------------------------------------------Schedule complete
Client 13 trained
Client 13 uploaded
Client 5 trained
Client 5 uploaded
Client 93 trained
Client 93 uploaded
Client 58 trained
Client 58 uploaded
Client 86 trained
Client 86 uploaded
Client 92 trained
Client 92 uploaded
Client 64 trained
Client 64 uploaded
Client 76 trained
Client 76 uploaded
Client 80 trained
Client 80 uploaded
Client 34 trained
Client 34 uploaded
Epoch(t): 466 accuracy: 62.94 loss 1.2500206619501113 run_time: 8457.483332633972
Current clients: 100 , select: 10
| current_epoch 467 |. Begin client select
SchedulerThread select( 10 clients):
53 | 55 | 76 | 82 | 62 | 3 | 13 | 87 | 2 | 49 |
-----------------------------------------------------------------Schedule complete
Client 13 trained
Client 13 uploaded
Client 49 trained
Client 49 uploaded
Client 87 trained
Client 87 uploaded
Client 3 trained
Client 3 uploaded
Client 62 trained
Client 62 uploaded
Client 55 trained
Client 55 uploaded
Client 82 trained
Client 82 uploaded
Client 76 trained
Client 76 uploaded
Client 2 trained
Client 2 uploaded
Client 53 trained
Client 53 uploaded
Epoch(t): 467 accuracy: 61.04 loss 1.3193489933013915 run_time: 8476.68490076065
Current clients: 100 , select: 10
| current_epoch 468 |. Begin client select
SchedulerThread select( 10 clients):
89 | 42 | 69 | 68 | 54 | 90 | 45 | 59 | 35 | 53 |
-----------------------------------------------------------------Schedule complete
Client 54 trained
Client 54 uploaded
Client 35 trained
Client 35 uploaded
Client 68 trained
Client 68 uploaded
Client 59 trained
Client 59 uploaded
Client 45 trained
Client 45 uploaded
Client 90 trained
Client 90 uploaded
Client 42 trained
Client 42 uploaded
Client 69 trained
Client 69 uploaded
Client 89 trained
Client 89 uploaded
Client 53 trained
Client 53 uploaded
Epoch(t): 468 accuracy: 65.67 loss 1.0924151867628098 run_time: 8507.52680015564
Current clients: 100 , select: 10
| current_epoch 469 |. Begin client select
SchedulerThread select( 10 clients):
31 | 85 | 33 | 64 | 65 | 47 | 91 | 13 | 29 | 16 |
-----------------------------------------------------------------Schedule complete
Client 13 trained
Client 13 uploaded
Client 31 trained
Client 31 uploaded
Client 33 trained
Client 33 uploaded
Client 47 trained
Client 47 uploaded
Client 85 trained
Client 85 uploaded
Client 65 trained
Client 65 uploaded
Client 64 trained
Client 64 uploaded
Client 91 trained
Client 91 uploaded
Client 16 trained
Client 16 uploaded
Client 29 trained
Client 29 uploaded
Epoch(t): 469 accuracy: 62.2 loss 1.3167752879858017 run_time: 8526.497734069824
Current clients: 100 , select: 10
| current_epoch 470 |. Begin client select
SchedulerThread select( 10 clients):
85 | 32 | 82 | 66 | 3 | 59 | 48 | 38 | 74 | 37 |
-----------------------------------------------------------------Schedule complete
Client 74 trained
Client 74 uploaded
Client 37 trained
Client 37 uploaded
Client 66 trained
Client 66 uploaded
Client 3 trained
Client 3 uploaded
Client 48 trained
Client 48 uploaded
Client 85 trained
Client 85 uploaded
Client 82 trained
Client 82 uploaded
Client 59 trained
Client 59 uploaded
Client 38 trained
Client 38 uploaded
Client 32 trained
Client 32 uploaded
Epoch(t): 470 accuracy: 62.64 loss 1.2276174378395082 run_time: 8544.709403514862
Current clients: 100 , select: 10
| current_epoch 471 |. Begin client select
SchedulerThread select( 10 clients):
78 | 59 | 0 | 51 | 90 | 45 | 84 | 63 | 3 | 87 |
-----------------------------------------------------------------Schedule complete
Client 84 trained
Client 84 uploaded
Client 87 trained
Client 87 uploaded
Client 3 trained
Client 3 uploaded
Client 78 trained
Client 78 uploaded
Client 59 trained
Client 59 uploaded
Client 51 trained
Client 51 uploaded
Client 63 trained
Client 63 uploaded
Client 45 trained
Client 45 uploaded
Client 0 trained
Client 0 uploaded
Client 90 trained
Client 90 uploaded
Epoch(t): 471 accuracy: 62.77 loss 1.2046856558322907 run_time: 8565.6013007164
Current clients: 100 , select: 10
| current_epoch 472 |. Begin client select
SchedulerThread select( 10 clients):
75 | 5 | 65 | 61 | 79 | 23 | 70 | 93 | 59 | 57 |
-----------------------------------------------------------------Schedule complete
Client 5 trained
Client 5 uploaded
Client 93 trained
Client 93 uploaded
Client 61 trained
Client 61 uploaded
Client 57 trained
Client 57 uploaded
Client 75 trained
Client 75 uploaded
Client 70 trained
Client 70 uploaded
Client 65 trained
Client 65 uploaded
Client 59 trained
Client 59 uploaded
Client 23 trained
Client 23 uploaded
Client 79 trained
Client 79 uploaded
Epoch(t): 472 accuracy: 61.12 loss 1.2484182608127594 run_time: 8580.373695135117
Current clients: 100 , select: 10
| current_epoch 473 |. Begin client select
SchedulerThread select( 10 clients):
95 | 27 | 10 | 94 | 38 | 55 | 42 | 6 | 25 | 64 |
-----------------------------------------------------------------Schedule complete
Client 94 trained
Client 94 uploaded
Client 25 trained
Client 25 uploaded
Client 27 trained
Client 27 uploaded
Client 95 trained
Client 95 uploaded
Client 55 trained
Client 55 uploaded
Client 6 trained
Client 6 uploaded
Client 38 trained
Client 38 uploaded
Client 64 trained
Client 64 uploaded
Client 10 trained
Client 10 uploaded
Client 42 trained
Client 42 uploaded
Epoch(t): 473 accuracy: 65.69 loss 1.0927053970098495 run_time: 8601.042873620987
Current clients: 100 , select: 10
| current_epoch 474 |. Begin client select
SchedulerThread select( 10 clients):
3 | 50 | 54 | 71 | 65 | 86 | 70 | 5 | 58 | 38 |
-----------------------------------------------------------------Schedule complete
Client 5 trained
Client 5 uploaded
Client 86 trained
Client 86 uploaded
Client 58 trained
Client 58 uploaded
Client 71 trained
Client 71 uploaded
Client 3 trained
Client 3 uploaded
Client 54 trained
Client 54 uploaded
Client 50 trained
Client 50 uploaded
Client 70 trained
Client 70 uploaded
Client 65 trained
Client 65 uploaded
Client 38 trained
Client 38 uploaded
Epoch(t): 474 accuracy: 63.11 loss 1.1342242258787154 run_time: 8614.300701856613
Current clients: 100 , select: 10
| current_epoch 475 |. Begin client select
SchedulerThread select( 10 clients):
85 | 61 | 54 | 93 | 72 | 4 | 15 | 51 | 43 | 69 |
-----------------------------------------------------------------Schedule complete
Client 93 trained
Client 93 uploaded
Client 61 trained
Client 61 uploaded
Client 54 trained
Client 54 uploaded
Client 72 trained
Client 72 uploaded
Client 85 trained
Client 85 uploaded
Client 51 trained
Client 51 uploaded
Client 15 trained
Client 15 uploaded
Client 43 trained
Client 43 uploaded
Client 69 trained
Client 69 uploaded
Client 4 trained
Client 4 uploaded
Epoch(t): 475 accuracy: 63.27 loss 1.1858813297748565 run_time: 8639.238860607147
Current clients: 100 , select: 10
| current_epoch 476 |. Begin client select
SchedulerThread select( 10 clients):
88 | 94 | 31 | 57 | 6 | 54 | 80 | 65 | 73 | 38 |
-----------------------------------------------------------------Schedule complete
Client 94 trained
Client 94 uploaded
Client 31 trained
Client 31 uploaded
Client 57 trained
Client 57 uploaded
Client 54 trained
Client 54 uploaded
Client 88 trained
Client 88 uploaded
Client 6 trained
Client 6 uploaded
Client 65 trained
Client 65 uploaded
Client 38 trained
Client 38 uploaded
Client 80 trained
Client 80 uploaded
Client 73 trained
Client 73 uploaded
Epoch(t): 476 accuracy: 63.6 loss 1.1113004404306412 run_time: 8656.02031302452
Current clients: 100 , select: 10
| current_epoch 477 |. Begin client select
SchedulerThread select( 10 clients):
44 | 43 | 32 | 37 | 89 | 97 | 47 | 94 | 53 | 61 |
-----------------------------------------------------------------Schedule complete
Client 94 trained
Client 94 uploaded
Client 61 trained
Client 61 uploaded
Client 44 trained
Client 44 uploaded
Client 37 trained
Client 37 uploaded
Client 47 trained
Client 47 uploaded
Client 97 trained
Client 97 uploaded
Client 43 trained
Client 43 uploaded
Client 32 trained
Client 32 uploaded
Client 89 trained
Client 89 uploaded
Client 53 trained
Client 53 uploaded
Epoch(t): 477 accuracy: 66.29 loss 1.062297374010086 run_time: 8678.885915756226
Current clients: 100 , select: 10
| current_epoch 478 |. Begin client select
SchedulerThread select( 10 clients):
68 | 49 | 45 | 53 | 26 | 47 | 3 | 6 | 16 | 40 |
-----------------------------------------------------------------Schedule complete
Client 49 trained
Client 49 uploaded
Client 40 trained
Client 40 uploaded
Client 3 trained
Client 3 uploaded
Client 6 trained
Client 6 uploaded
Client 47 trained
Client 47 uploaded
Client 68 trained
Client 68 uploaded
Client 26 trained
Client 26 uploaded
Client 45 trained
Client 45 uploaded
Client 16 trained
Client 16 uploaded
Client 53 trained
Client 53 uploaded
Epoch(t): 478 accuracy: 62.84 loss 1.2112610036134719 run_time: 8701.41373348236
Current clients: 100 , select: 10
| current_epoch 479 |. Begin client select
SchedulerThread select( 10 clients):
92 | 34 | 77 | 17 | 83 | 47 | 61 | 1 | 36 | 39 |
-----------------------------------------------------------------Schedule complete
Client 1 trained
Client 1 uploaded
Client 61 trained
Client 61 uploaded
Client 92 trained
Client 92 uploaded
Client 39 trained
Client 39 uploaded
Client 17 trained
Client 17 uploaded
Client 47 trained
Client 47 uploaded
Client 83 trained
Client 83 uploaded
Client 36 trained
Client 36 uploaded
Client 77 trained
Client 77 uploaded
Client 34 trained
Client 34 uploaded
Epoch(t): 479 accuracy: 65.92 loss 1.1482843726873397 run_time: 8717.824821710587
Current clients: 100 , select: 10
| current_epoch 480 |. Begin client select
SchedulerThread select( 10 clients):
15 | 68 | 46 | 99 | 53 | 86 | 79 | 37 | 97 | 88 |
-----------------------------------------------------------------Schedule complete
Client 86 trained
Client 86 uploaded
Client 37 trained
Client 37 uploaded
Client 46 trained
Client 46 uploaded
Client 88 trained
Client 88 uploaded
Client 68 trained
Client 68 uploaded
Client 97 trained
Client 97 uploaded
Client 79 trained
Client 79 uploaded
Client 99 trained
Client 99 uploaded
Client 15 trained
Client 15 uploaded
Client 53 trained
Client 53 uploaded
Epoch(t): 480 accuracy: 63.64 loss 1.235838656425476 run_time: 8739.810280799866
Current clients: 100 , select: 10
| current_epoch 481 |. Begin client select
SchedulerThread select( 10 clients):
48 | 23 | 80 | 1 | 22 | 17 | 36 | 47 | 93 | 58 |
-----------------------------------------------------------------Schedule complete
Client 1 trained
Client 1 uploaded
Client 93 trained
Client 93 uploaded
Client 58 trained
Client 58 uploaded
Client 17 trained
Client 17 uploaded
Client 48 trained
Client 48 uploaded
Client 47 trained
Client 47 uploaded
Client 36 trained
Client 36 uploaded
Client 23 trained
Client 23 uploaded
Client 80 trained
Client 80 uploaded
Client 22 trained
Client 22 uploaded
Epoch(t): 481 accuracy: 61.61 loss 1.2995687592029572 run_time: 8756.645553827286
Current clients: 100 , select: 10
| current_epoch 482 |. Begin client select
SchedulerThread select( 10 clients):
67 | 57 | 29 | 66 | 22 | 12 | 54 | 96 | 4 | 10 |
-----------------------------------------------------------------Schedule complete
Client 12 trained
Client 12 uploaded
Client 57 trained
Client 57 uploaded
Client 66 trained
Client 66 uploaded
Client 54 trained
Client 54 uploaded
Client 67 trained
Client 67 uploaded
Client 22 trained
Client 22 uploaded
Client 96 trained
Client 96 uploaded
Client 10 trained
Client 10 uploaded
Client 29 trained
Client 29 uploaded
Client 4 trained
Client 4 uploaded
Epoch(t): 482 accuracy: 61.98 loss 1.3148881387710571 run_time: 8781.337506532669
Current clients: 100 , select: 10
| current_epoch 483 |. Begin client select
SchedulerThread select( 10 clients):
64 | 79 | 59 | 72 | 15 | 26 | 69 | 7 | 91 | 68 |
-----------------------------------------------------------------Schedule complete
Client 72 trained
Client 72 uploaded
Client 26 trained
Client 26 uploaded
Client 7 trained
Client 7 uploaded
Client 68 trained
Client 68 uploaded
Client 64 trained
Client 64 uploaded
Client 59 trained
Client 59 uploaded
Client 79 trained
Client 79 uploaded
Client 91 trained
Client 91 uploaded
Client 15 trained
Client 15 uploaded
Client 69 trained
Client 69 uploaded
Epoch(t): 483 accuracy: 65.82 loss 1.099555508494377 run_time: 8807.329259634018
Current clients: 100 , select: 10
| current_epoch 484 |. Begin client select
SchedulerThread select( 10 clients):
15 | 28 | 1 | 71 | 30 | 60 | 48 | 7 | 89 | 96 |
-----------------------------------------------------------------Schedule complete
Client 1 trained
Client 1 uploaded
Client 28 trained
Client 28 uploaded
Client 71 trained
Client 71 uploaded
Client 60 trained
Client 60 uploaded
Client 48 trained
Client 48 uploaded
Client 7 trained
Client 7 uploaded
Client 30 trained
Client 30 uploaded
Client 15 trained
Client 15 uploaded
Client 96 trained
Client 96 uploaded
Client 89 trained
Client 89 uploaded
Epoch(t): 484 accuracy: 59.93 loss 1.3667592817544938 run_time: 8828.466400146484
Current clients: 100 , select: 10
| current_epoch 485 |. Begin client select
SchedulerThread select( 10 clients):
58 | 3 | 99 | 24 | 15 | 66 | 70 | 88 | 60 | 90 |
-----------------------------------------------------------------Schedule complete
Client 58 trained
Client 58 uploaded
Client 24 trained
Client 24 uploaded
Client 66 trained
Client 66 uploaded
Client 60 trained
Client 60 uploaded
Client 3 trained
Client 3 uploaded
Client 88 trained
Client 88 uploaded
Client 70 trained
Client 70 uploaded
Client 90 trained
Client 90 uploaded
Client 99 trained
Client 99 uploaded
Client 15 trained
Client 15 uploaded
Epoch(t): 485 accuracy: 63.45 loss 1.1706948351860047 run_time: 8846.829699516296
Current clients: 100 , select: 10
| current_epoch 486 |. Begin client select
SchedulerThread select( 10 clients):
88 | 49 | 85 | 75 | 58 | 6 | 20 | 17 | 33 | 2 |
-----------------------------------------------------------------Schedule complete
Client 33 trained
Client 33 uploaded
Client 58 trained
Client 58 uploaded
Client 49 trained
Client 49 uploaded
Client 75 trained
Client 75 uploaded
Client 88 trained
Client 88 uploaded
Client 17 trained
Client 17 uploaded
Client 20 trained
Client 20 uploaded
Client 6 trained
Client 6 uploaded
Client 85 trained
Client 85 uploaded
Client 2 trained
Client 2 uploaded
Epoch(t): 486 accuracy: 63.89 loss 1.1227068144083023 run_time: 8863.120819568634
Current clients: 100 , select: 10
| current_epoch 487 |. Begin client select
SchedulerThread select( 10 clients):
70 | 44 | 72 | 39 | 91 | 28 | 78 | 74 | 54 | 61 |
-----------------------------------------------------------------Schedule complete
Client 28 trained
Client 28 uploaded
Client 61 trained
Client 61 uploaded
Client 74 trained
Client 74 uploaded
Client 39 trained
Client 39 uploaded
Client 44 trained
Client 44 uploaded
Client 54 trained
Client 54 uploaded
Client 72 trained
Client 72 uploaded
Client 70 trained
Client 70 uploaded
Client 78 trained
Client 78 uploaded
Client 91 trained
Client 91 uploaded
Epoch(t): 487 accuracy: 64.29 loss 1.1225974011421203 run_time: 8877.103209733963
Current clients: 100 , select: 10
| current_epoch 488 |. Begin client select
SchedulerThread select( 10 clients):
58 | 9 | 42 | 63 | 98 | 68 | 91 | 1 | 16 | 37 |
-----------------------------------------------------------------Schedule complete
Client 1 trained
Client 1 uploaded
Client 58 trained
Client 58 uploaded
Client 9 trained
Client 9 uploaded
Client 37 trained
Client 37 uploaded
Client 98 trained
Client 98 uploaded
Client 68 trained
Client 68 uploaded
Client 63 trained
Client 63 uploaded
Client 91 trained
Client 91 uploaded
Client 16 trained
Client 16 uploaded
Client 42 trained
Client 42 uploaded
Epoch(t): 488 accuracy: 66.28 loss 1.047421219944954 run_time: 8894.928067445755
Current clients: 100 , select: 10
| current_epoch 489 |. Begin client select
SchedulerThread select( 10 clients):
19 | 62 | 78 | 72 | 7 | 99 | 16 | 45 | 77 | 70 |
-----------------------------------------------------------------Schedule complete
Client 19 trained
Client 19 uploaded
Client 62 trained
Client 62 uploaded
Client 72 trained
Client 72 uploaded
Client 70 trained
Client 70 uploaded
Client 7 trained
Client 7 uploaded
Client 78 trained
Client 78 uploaded
Client 45 trained
Client 45 uploaded
Client 99 trained
Client 99 uploaded
Client 77 trained
Client 77 uploaded
Client 16 trained
Client 16 uploaded
Epoch(t): 489 accuracy: 62.79 loss 1.209792211651802 run_time: 8916.739272356033
Current clients: 100 , select: 10
| current_epoch 490 |. Begin client select
SchedulerThread select( 10 clients):
38 | 41 | 56 | 30 | 47 | 10 | 96 | 89 | 72 | 16 |
-----------------------------------------------------------------Schedule complete
Client 41 trained
Client 41 uploaded
Client 72 trained
Client 72 uploaded
Client 47 trained
Client 47 uploaded
Client 38 trained
Client 38 uploaded
Client 56 trained
Client 56 uploaded
Client 30 trained
Client 30 uploaded
Client 16 trained
Client 16 uploaded
Client 10 trained
Client 10 uploaded
Client 96 trained
Client 96 uploaded
Client 89 trained
Client 89 uploaded
Epoch(t): 490 accuracy: 63.47 loss 1.200533207654953 run_time: 8944.19187617302
Current clients: 100 , select: 10
| current_epoch 491 |. Begin client select
SchedulerThread select( 10 clients):
78 | 44 | 5 | 58 | 17 | 83 | 57 | 34 | 90 | 27 |
-----------------------------------------------------------------Schedule complete
Client 5 trained
Client 5 uploaded
Client 58 trained
Client 58 uploaded
Client 57 trained
Client 57 uploaded
Client 44 trained
Client 44 uploaded
Client 27 trained
Client 27 uploaded
Client 17 trained
Client 17 uploaded
Client 78 trained
Client 78 uploaded
Client 83 trained
Client 83 uploaded
Client 90 trained
Client 90 uploaded
Client 34 trained
Client 34 uploaded
Epoch(t): 491 accuracy: 63.29 loss 1.1620112639665603 run_time: 8960.979485034943
Current clients: 100 , select: 10
| current_epoch 492 |. Begin client select
SchedulerThread select( 10 clients):
11 | 79 | 65 | 33 | 74 | 48 | 55 | 86 | 8 | 64 |
-----------------------------------------------------------------Schedule complete
Client 33 trained
Client 33 uploaded
Client 86 trained
Client 86 uploaded
Client 74 trained
Client 74 uploaded
Client 48 trained
Client 48 uploaded
Client 8 trained
Client 8 uploaded
Client 55 trained
Client 55 uploaded
Client 65 trained
Client 65 uploaded
Client 64 trained
Client 64 uploaded
Client 79 trained
Client 79 uploaded
Client 11 trained
Client 11 uploaded
Epoch(t): 492 accuracy: 60.13 loss 1.340095217227936 run_time: 8978.077790737152
Current clients: 100 , select: 10
| current_epoch 493 |. Begin client select
SchedulerThread select( 10 clients):
76 | 5 | 23 | 84 | 61 | 11 | 92 | 62 | 50 | 74 |
-----------------------------------------------------------------Schedule complete
Client 5 trained
Client 5 uploaded
Client 74 trained
Client 74 uploaded
Client 61 trained
Client 61 uploaded
Client 84 trained
Client 84 uploaded
Client 92 trained
Client 92 uploaded
Client 62 trained
Client 62 uploaded
Client 50 trained
Client 50 uploaded
Client 76 trained
Client 76 uploaded
Client 23 trained
Client 23 uploaded
Client 11 trained
Client 11 uploaded
Epoch(t): 493 accuracy: 60.36 loss 1.2827951526641845 run_time: 8991.399230957031
Current clients: 100 , select: 10
| current_epoch 494 |. Begin client select
SchedulerThread select( 10 clients):
95 | 18 | 52 | 23 | 45 | 49 | 1 | 78 | 11 | 62 |
-----------------------------------------------------------------Schedule complete
Client 1 trained
Client 1 uploaded
Client 18 trained
Client 18 uploaded
Client 49 trained
Client 49 uploaded
Client 52 trained
Client 52 uploaded
Client 62 trained
Client 62 uploaded
Client 95 trained
Client 95 uploaded
Client 78 trained
Client 78 uploaded
Client 45 trained
Client 45 uploaded
Client 23 trained
Client 23 uploaded
Client 11 trained
Client 11 uploaded
Epoch(t): 494 accuracy: 61.44 loss 1.2605826950073242 run_time: 9005.998860120773
Current clients: 100 , select: 10
| current_epoch 495 |. Begin client select
SchedulerThread select( 10 clients):
20 | 82 | 1 | 33 | 91 | 25 | 88 | 5 | 84 | 40 |
-----------------------------------------------------------------Schedule complete
Client 1 trained
Client 1 uploaded
Client 33 trained
Client 33 uploaded
Client 5 trained
Client 5 uploaded
Client 84 trained
Client 84 uploaded
Client 40 trained
Client 40 uploaded
Client 25 trained
Client 25 uploaded
Client 20 trained
Client 20 uploaded
Client 88 trained
Client 88 uploaded
Client 82 trained
Client 82 uploaded
Client 91 trained
Client 91 uploaded
Epoch(t): 495 accuracy: 60.72 loss 1.3398745036125184 run_time: 9017.566928625107
Current clients: 100 , select: 10
| current_epoch 496 |. Begin client select
SchedulerThread select( 10 clients):
1 | 46 | 85 | 89 | 90 | 47 | 53 | 67 | 63 | 59 |
-----------------------------------------------------------------Schedule complete
Client 1 trained
Client 1 uploaded
Client 46 trained
Client 46 uploaded
Client 47 trained
Client 47 uploaded
Client 67 trained
Client 67 uploaded
Client 85 trained
Client 85 uploaded
Client 59 trained
Client 59 uploaded
Client 63 trained
Client 63 uploaded
Client 90 trained
Client 90 uploaded
Client 89 trained
Client 89 uploaded
Client 53 trained
Client 53 uploaded
Epoch(t): 496 accuracy: 64.97 loss 1.0938196700811387 run_time: 9041.888419151306
Current clients: 100 , select: 10
| current_epoch 497 |. Begin client select
SchedulerThread select( 10 clients):
31 | 30 | 22 | 75 | 85 | 8 | 15 | 94 | 33 | 7 |
-----------------------------------------------------------------Schedule complete
Client 94 trained
Client 94 uploaded
Client 31 trained
Client 31 uploaded
Client 33 trained
Client 33 uploaded
Client 75 trained
Client 75 uploaded
Client 8 trained
Client 8 uploaded
Client 85 trained
Client 85 uploaded
Client 7 trained
Client 7 uploaded
Client 22 trained
Client 22 uploaded
Client 30 trained
Client 30 uploaded
Client 15 trained
Client 15 uploaded
Epoch(t): 497 accuracy: 66.36 loss 1.0679882270097734 run_time: 9058.812772512436
Current clients: 100 , select: 10
| current_epoch 498 |. Begin client select
SchedulerThread select( 10 clients):
45 | 16 | 87 | 19 | 22 | 15 | 3 | 83 | 23 | 41 |
-----------------------------------------------------------------Schedule complete
Client 41 trained
Client 41 uploaded
Client 87 trained
Client 87 uploaded
Client 19 trained
Client 19 uploaded
Client 3 trained
Client 3 uploaded
Client 83 trained
Client 83 uploaded
Client 23 trained
Client 23 uploaded
Client 45 trained
Client 45 uploaded
Client 22 trained
Client 22 uploaded
Client 16 trained
Client 16 uploaded
Client 15 trained
Client 15 uploaded
Epoch(t): 498 accuracy: 65.72 loss 1.0787649750709534 run_time: 9079.993397712708
Current clients: 100 , select: 10
| current_epoch 499 |. Begin client select
SchedulerThread select( 10 clients):
20 | 66 | 60 | 54 | 91 | 81 | 30 | 3 | 74 | 95 |
-----------------------------------------------------------------Schedule complete
Client 74 trained
Client 74 uploaded
Client 66 trained
Client 66 uploaded
Client 60 trained
Client 60 uploaded
Client 3 trained
Client 3 uploaded
Client 54 trained
Client 54 uploaded
Client 20 trained
Client 20 uploaded
Client 81 trained
Client 81 uploaded
Client 95 trained
Client 95 uploaded
Client 30 trained
Client 30 uploaded
Client 91 trained
Client 91 uploaded
Epoch(t): 499 accuracy: 65.73 loss 1.0755649495124817 run_time: 9096.612259149551
Current clients: 100 , select: 10
| current_epoch 500 |. Begin client select
SchedulerThread select( 10 clients):
26 | 66 | 11 | 54 | 33 | 87 | 10 | 56 | 49 | 20 |
-----------------------------------------------------------------Schedule complete
Client 33 trained
Client 33 uploaded
Client 87 trained
Client 87 uploaded
Client 66 trained
Client 66 uploaded
Client 49 trained
Client 49 uploaded
Client 54 trained
Client 54 uploaded
Client 20 trained
Client 20 uploaded
Client 26 trained
Client 26 uploaded
Client 56 trained
Client 56 uploaded
Client 10 trained
Client 10 uploaded
Client 11 trained
Client 11 uploaded
Epoch(t): 500 accuracy: 61.57 loss 1.2726121920347213 run_time: 9114.592203617096
Current clients: 100 , select: 10
| current_epoch 501 |. Begin client select
SchedulerThread select( 10 clients):
88 | 83 | 85 | 96 | 76 | 70 | 58 | 27 | 51 | 36 |
-----------------------------------------------------------------Schedule complete
Client 58 trained
Client 58 uploaded
Client 27 trained
Client 27 uploaded
Client 88 trained
Client 88 uploaded
Client 70 trained
Client 70 uploaded
Client 85 trained
Client 85 uploaded
Client 83 trained
Client 83 uploaded
Client 36 trained
Client 36 uploaded
Client 76 trained
Client 76 uploaded
Client 51 trained
Client 51 uploaded
Client 96 trained
Client 96 uploaded
Epoch(t): 501 accuracy: 66.57 loss 1.0298634380102158 run_time: 9135.275588035583
Current clients: 100 , select: 10
| current_epoch 502 |. Begin client select
SchedulerThread select( 10 clients):
95 | 6 | 45 | 51 | 75 | 33 | 35 | 20 | 76 | 14 |
-----------------------------------------------------------------Schedule complete
Client 14 trained
Client 14 uploaded
Client 33 trained
Client 33 uploaded
Client 75 trained
Client 75 uploaded
Client 20 trained
Client 20 uploaded
Client 95 trained
Client 95 uploaded
Client 6 trained
Client 6 uploaded
Client 35 trained
Client 35 uploaded
Client 76 trained
Client 76 uploaded
Client 51 trained
Client 51 uploaded
Client 45 trained
Client 45 uploaded
Epoch(t): 502 accuracy: 64.71 loss 1.1440647906064987 run_time: 9151.929273605347
Current clients: 100 , select: 10
| current_epoch 503 |. Begin client select
SchedulerThread select( 10 clients):
0 | 21 | 76 | 98 | 33 | 13 | 52 | 68 | 20 | 39 |
-----------------------------------------------------------------Schedule complete
Client 13 trained
Client 13 uploaded
Client 33 trained
Client 33 uploaded
Client 39 trained
Client 39 uploaded
Client 52 trained
Client 52 uploaded
Client 98 trained
Client 98 uploaded
Client 21 trained
Client 21 uploaded
Client 20 trained
Client 20 uploaded
Client 68 trained
Client 68 uploaded
Client 76 trained
Client 76 uploaded
Client 0 trained
Client 0 uploaded
Epoch(t): 503 accuracy: 67.57 loss 1.022586500644684 run_time: 9166.441422462463
Current clients: 100 , select: 10
| current_epoch 504 |. Begin client select
SchedulerThread select( 10 clients):
15 | 6 | 36 | 63 | 43 | 12 | 16 | 53 | 96 | 47 |
-----------------------------------------------------------------Schedule complete
Client 12 trained
Client 12 uploaded
Client 47 trained
Client 47 uploaded
Client 6 trained
Client 6 uploaded
Client 36 trained
Client 36 uploaded
Client 63 trained
Client 63 uploaded
Client 16 trained
Client 16 uploaded
Client 15 trained
Client 15 uploaded
Client 96 trained
Client 96 uploaded
Client 43 trained
Client 43 uploaded
Client 53 trained
Client 53 uploaded
Epoch(t): 504 accuracy: 65.18 loss 1.1274182319641113 run_time: 9193.72672343254
Current clients: 100 , select: 10
| current_epoch 505 |. Begin client select
SchedulerThread select( 10 clients):
55 | 31 | 8 | 75 | 5 | 72 | 18 | 71 | 68 | 94 |
-----------------------------------------------------------------Schedule complete
Client 94 trained
Client 94 uploaded
Client 31 trained
Client 31 uploaded
Client 5 trained
Client 5 uploaded
Client 18 trained
Client 18 uploaded
Client 71 trained
Client 71 uploaded
Client 75 trained
Client 75 uploaded
Client 72 trained
Client 72 uploaded
Client 8 trained
Client 8 uploaded
Client 55 trained
Client 55 uploaded
Client 68 trained
Client 68 uploaded
Epoch(t): 505 accuracy: 63.74 loss 1.1468891924619675 run_time: 9206.29678606987
Current clients: 100 , select: 10
| current_epoch 506 |. Begin client select
SchedulerThread select( 10 clients):
22 | 67 | 91 | 73 | 34 | 30 | 98 | 62 | 32 | 31 |
-----------------------------------------------------------------Schedule complete
Client 31 trained
Client 31 uploaded
Client 98 trained
Client 98 uploaded
Client 62 trained
Client 62 uploaded
Client 67 trained
Client 67 uploaded
Client 22 trained
Client 22 uploaded
Client 73 trained
Client 73 uploaded
Client 91 trained
Client 91 uploaded
Client 30 trained
Client 30 uploaded
Client 32 trained
Client 32 uploaded
Client 34 trained
Client 34 uploaded
Epoch(t): 506 accuracy: 68.34 loss 1.0071830654144287 run_time: 9230.256306886673
Current clients: 100 , select: 10
| current_epoch 507 |. Begin client select
SchedulerThread select( 10 clients):
82 | 53 | 99 | 44 | 20 | 21 | 70 | 47 | 63 | 3 |
-----------------------------------------------------------------Schedule complete
Client 44 trained
Client 44 uploaded
Client 3 trained
Client 3 uploaded
Client 20 trained
Client 20 uploaded
Client 21 trained
Client 21 uploaded
Client 47 trained
Client 47 uploaded
Client 70 trained
Client 70 uploaded
Client 82 trained
Client 82 uploaded
Client 63 trained
Client 63 uploaded
Client 99 trained
Client 99 uploaded
Client 53 trained
Client 53 uploaded
Epoch(t): 507 accuracy: 64.37 loss 1.155649223923683 run_time: 9250.934339523315
Current clients: 100 , select: 10
| current_epoch 508 |. Begin client select
SchedulerThread select( 10 clients):
31 | 8 | 75 | 87 | 19 | 25 | 63 | 29 | 3 | 89 |
-----------------------------------------------------------------Schedule complete
Client 31 trained
Client 31 uploaded
Client 19 trained
Client 19 uploaded
Client 87 trained
Client 87 uploaded
Client 75 trained
Client 75 uploaded
Client 3 trained
Client 3 uploaded
Client 25 trained
Client 25 uploaded
Client 8 trained
Client 8 uploaded
Client 63 trained
Client 63 uploaded
Client 29 trained
Client 29 uploaded
Client 89 trained
Client 89 uploaded
Epoch(t): 508 accuracy: 64.2 loss 1.1730724161863326 run_time: 9269.530436992645
Current clients: 100 , select: 10
| current_epoch 509 |. Begin client select
SchedulerThread select( 10 clients):
86 | 21 | 25 | 46 | 54 | 72 | 1 | 16 | 18 | 89 |
-----------------------------------------------------------------Schedule complete
Client 1 trained
Client 1 uploaded
Client 86 trained
Client 86 uploaded
Client 18 trained
Client 18 uploaded
Client 46 trained
Client 46 uploaded
Client 54 trained
Client 54 uploaded
Client 25 trained
Client 25 uploaded
Client 72 trained
Client 72 uploaded
Client 21 trained
Client 21 uploaded
Client 16 trained
Client 16 uploaded
Client 89 trained
Client 89 uploaded
Epoch(t): 509 accuracy: 66.43 loss 1.065741941332817 run_time: 9286.05086183548
Current clients: 100 , select: 10
| current_epoch 510 |. Begin client select
SchedulerThread select( 10 clients):
65 | 7 | 16 | 78 | 79 | 9 | 28 | 58 | 6 | 27 |
-----------------------------------------------------------------Schedule complete
Client 28 trained
Client 28 uploaded
Client 58 trained
Client 58 uploaded
Client 9 trained
Client 9 uploaded
Client 27 trained
Client 27 uploaded
Client 6 trained
Client 6 uploaded
Client 65 trained
Client 65 uploaded
Client 78 trained
Client 78 uploaded
Client 7 trained
Client 7 uploaded
Client 79 trained
Client 79 uploaded
Client 16 trained
Client 16 uploaded
Epoch(t): 510 accuracy: 62.26 loss 1.2563554441928864 run_time: 9302.732899188995
Average delay = 0.0
scheduler_thread joined
updater_thread joined
data_getter_thread joined
End!
Time used:
2:36:08.395302
156.13333333333333 min
2.602222222222222 h
====================
开始缓存清理
缓存清理完成
====================