
Files already downloaded and verified
Files already downloaded and verified
generate customize clients distribution...
train_dataset data generation process completed
generate customize clients distribution...
test_dataset data generation process completed
Running Mode: Default(Thread)
Training Mode: Multi-GPU-Mode
GPU devices num: 4
Starting clients
(0, 752, {0: 0, 1: 0, 2: 2, 3: 0, 4: 0, 5: 260, 6: 0, 7: 490, 8: 0, 9: 0})
(1, 14, {0: 6, 1: 0, 2: 0, 3: 3, 4: 0, 5: 0, 6: 3, 7: 1, 8: 0, 9: 1})
(2, 815, {0: 0, 1: 16, 2: 0, 3: 0, 4: 0, 5: 127, 6: 0, 7: 1, 8: 476, 9: 195})
(3, 313, {0: 35, 1: 0, 2: 0, 3: 1, 4: 1, 5: 0, 6: 0, 7: 5, 8: 0, 9: 271})
(4, 1369, {0: 441, 1: 0, 2: 0, 3: 485, 4: 0, 5: 0, 6: 443, 7: 0, 8: 0, 9: 0})
(5, 84, {0: 0, 1: 0, 2: 0, 3: 9, 4: 0, 5: 75, 6: 0, 7: 0, 8: 0, 9: 0})
(6, 476, {0: 7, 1: 0, 2: 89, 3: 0, 4: 343, 5: 15, 6: 0, 7: 0, 8: 0, 9: 22})
(7, 534, {0: 6, 1: 475, 2: 0, 3: 0, 4: 32, 5: 10, 6: 2, 7: 0, 8: 2, 9: 7})
(8, 484, {0: 0, 1: 7, 2: 405, 3: 0, 4: 15, 5: 0, 6: 37, 7: 0, 8: 20, 9: 0})
(9, 128, {0: 0, 1: 0, 2: 0, 3: 0, 4: 105, 5: 11, 6: 12, 7: 0, 8: 0, 9: 0})
(10, 982, {0: 0, 1: 414, 2: 71, 3: 3, 4: 0, 5: 0, 6: 39, 7: 0, 8: 0, 9: 455})
(11, 1133, {0: 0, 1: 0, 2: 404, 3: 17, 4: 455, 5: 0, 6: 1, 7: 90, 8: 166, 9: 0})
(12, 147, {0: 105, 1: 0, 2: 0, 3: 0, 4: 0, 5: 20, 6: 0, 7: 22, 8: 0, 9: 0})
(13, 22, {0: 1, 1: 15, 2: 5, 3: 0, 4: 0, 5: 0, 6: 0, 7: 1, 8: 0, 9: 0})
(14, 96, {0: 0, 1: 0, 2: 7, 3: 89, 4: 0, 5: 0, 6: 0, 7: 0, 8: 0, 9: 0})
(15, 900, {0: 5, 1: 59, 2: 1, 3: 0, 4: 15, 5: 17, 6: 455, 7: 0, 8: 332, 9: 16})
(16, 886, {0: 172, 1: 7, 2: 0, 3: 388, 4: 0, 5: 300, 6: 2, 7: 0, 8: 0, 9: 17})
(17, 398, {0: 0, 1: 2, 2: 8, 3: 0, 4: 0, 5: 3, 6: 0, 7: 385, 8: 0, 9: 0})
(18, 198, {0: 160, 1: 0, 2: 0, 3: 0, 4: 29, 5: 0, 6: 0, 7: 0, 8: 0, 9: 9})
(19, 213, {0: 53, 1: 0, 2: 0, 3: 1, 4: 0, 5: 159, 6: 0, 7: 0, 8: 0, 9: 0})
(20, 410, {0: 147, 1: 190, 2: 1, 3: 0, 4: 0, 5: 31, 6: 5, 7: 2, 8: 0, 9: 34})
(21, 436, {0: 0, 1: 3, 2: 0, 3: 164, 4: 121, 5: 0, 6: 0, 7: 0, 8: 148, 9: 0})
(22, 666, {0: 0, 1: 0, 2: 1, 3: 228, 4: 31, 5: 17, 6: 2, 7: 379, 8: 0, 9: 8})
(23, 681, {0: 233, 1: 0, 2: 388, 3: 7, 4: 0, 5: 36, 6: 0, 7: 13, 8: 4, 9: 0})
(24, 227, {0: 4, 1: 23, 2: 86, 3: 0, 4: 112, 5: 0, 6: 0, 7: 0, 8: 2, 9: 0})
(25, 377, {0: 0, 1: 5, 2: 0, 3: 0, 4: 0, 5: 0, 6: 75, 7: 0, 8: 4, 9: 293})
(26, 570, {0: 0, 1: 275, 2: 0, 3: 5, 4: 232, 5: 0, 6: 55, 7: 0, 8: 3, 9: 0})
(27, 391, {0: 0, 1: 0, 2: 0, 3: 2, 4: 0, 5: 32, 6: 0, 7: 20, 8: 328, 9: 9})
(28, 99, {0: 0, 1: 0, 2: 0, 3: 0, 4: 0, 5: 99, 6: 0, 7: 0, 8: 0, 9: 0})
(29, 1113, {0: 115, 1: 0, 2: 20, 3: 90, 4: 0, 5: 282, 6: 361, 7: 83, 8: 8, 9: 154})
(30, 846, {0: 0, 1: 0, 2: 0, 3: 0, 4: 451, 5: 80, 6: 315, 7: 0, 8: 0, 9: 0})
(31, 68, {0: 6, 1: 55, 2: 0, 3: 1, 4: 0, 5: 1, 6: 0, 7: 5, 8: 0, 9: 0})
(32, 1016, {0: 109, 1: 444, 2: 0, 3: 0, 4: 9, 5: 18, 6: 0, 7: 436, 8: 0, 9: 0})
(33, 85, {0: 0, 1: 0, 2: 51, 3: 10, 4: 0, 5: 1, 6: 19, 7: 0, 8: 4, 9: 0})
(34, 992, {0: 383, 1: 0, 2: 69, 3: 98, 4: 0, 5: 0, 6: 15, 7: 56, 8: 87, 9: 284})
(35, 471, {0: 0, 1: 0, 2: 350, 3: 20, 4: 0, 5: 101, 6: 0, 7: 0, 8: 0, 9: 0})
(36, 588, {0: 0, 1: 0, 2: 0, 3: 368, 4: 38, 5: 0, 6: 15, 7: 0, 8: 167, 9: 0})
(37, 173, {0: 0, 1: 0, 2: 0, 3: 0, 4: 0, 5: 3, 6: 134, 7: 0, 8: 0, 9: 36})
(38, 581, {0: 0, 1: 0, 2: 0, 3: 0, 4: 0, 5: 291, 6: 0, 7: 0, 8: 239, 9: 51})
(39, 157, {0: 0, 1: 0, 2: 29, 3: 0, 4: 0, 5: 0, 6: 1, 7: 0, 8: 0, 9: 127})
(40, 328, {0: 0, 1: 15, 2: 0, 3: 0, 4: 0, 5: 52, 6: 71, 7: 0, 8: 92, 9: 98})
(41, 175, {0: 15, 1: 0, 2: 0, 3: 0, 4: 0, 5: 0, 6: 0, 7: 160, 8: 0, 9: 0})
(42, 1053, {0: 431, 1: 0, 2: 45, 3: 5, 4: 341, 5: 1, 6: 0, 7: 230, 8: 0, 9: 0})
(43, 1000, {0: 0, 1: 0, 2: 431, 3: 140, 4: 0, 5: 70, 6: 29, 7: 0, 8: 99, 9: 231})
(44, 172, {0: 0, 1: 0, 2: 0, 3: 0, 4: 150, 5: 18, 6: 4, 7: 0, 8: 0, 9: 0})
(45, 730, {0: 0, 1: 246, 2: 0, 3: 0, 4: 0, 5: 230, 6: 0, 7: 5, 8: 249, 9: 0})
(46, 390, {0: 0, 1: 134, 2: 20, 3: 4, 4: 0, 5: 92, 6: 0, 7: 0, 8: 0, 9: 140})
(47, 467, {0: 0, 1: 0, 2: 0, 3: 0, 4: 0, 5: 10, 6: 358, 7: 99, 8: 0, 9: 0})
(48, 435, {0: 0, 1: 0, 2: 0, 3: 350, 4: 0, 5: 15, 6: 28, 7: 0, 8: 13, 9: 29})
(49, 224, {0: 52, 1: 103, 2: 0, 3: 0, 4: 8, 5: 8, 6: 8, 7: 0, 8: 45, 9: 0})
(50, 488, {0: 87, 1: 0, 2: 0, 3: 35, 4: 0, 5: 0, 6: 364, 7: 1, 8: 1, 9: 0})
(51, 609, {0: 0, 1: 2, 2: 0, 3: 0, 4: 103, 5: 237, 6: 0, 7: 266, 8: 0, 9: 1})
(52, 253, {0: 140, 1: 0, 2: 0, 3: 50, 4: 0, 5: 0, 6: 0, 7: 63, 8: 0, 9: 0})
(53, 1372, {0: 265, 1: 17, 2: 0, 3: 378, 4: 0, 5: 235, 6: 3, 7: 0, 8: 474, 9: 0})
(54, 367, {0: 0, 1: 1, 2: 122, 3: 0, 4: 0, 5: 0, 6: 81, 7: 163, 8: 0, 9: 0})
(55, 485, {0: 5, 1: 65, 2: 20, 3: 8, 4: 381, 5: 4, 6: 0, 7: 0, 8: 2, 9: 0})
(56, 562, {0: 0, 1: 379, 2: 95, 3: 24, 4: 14, 5: 0, 6: 50, 7: 0, 8: 0, 9: 0})
(57, 155, {0: 0, 1: 0, 2: 155, 3: 0, 4: 0, 5: 0, 6: 0, 7: 0, 8: 0, 9: 0})
(58, 117, {0: 0, 1: 3, 2: 0, 3: 1, 4: 0, 5: 22, 6: 0, 7: 3, 8: 0, 9: 88})
(59, 564, {0: 0, 1: 30, 2: 105, 3: 0, 4: 0, 5: 0, 6: 0, 7: 0, 8: 20, 9: 409})
(60, 297, {0: 0, 1: 8, 2: 140, 3: 0, 4: 24, 5: 0, 6: 0, 7: 120, 8: 5, 9: 0})
(61, 136, {0: 18, 1: 0, 2: 65, 3: 0, 4: 2, 5: 0, 6: 0, 7: 0, 8: 51, 9: 0})
(62, 418, {0: 1, 1: 0, 2: 0, 3: 33, 4: 285, 5: 1, 6: 2, 7: 0, 8: 0, 9: 96})
(63, 653, {0: 302, 1: 0, 2: 0, 3: 0, 4: 0, 5: 0, 6: 30, 7: 176, 8: 63, 9: 82})
(64, 551, {0: 0, 1: 469, 2: 1, 3: 0, 4: 0, 5: 0, 6: 1, 7: 0, 8: 0, 9: 80})
(65, 522, {0: 3, 1: 0, 2: 54, 3: 402, 4: 0, 5: 1, 6: 0, 7: 45, 8: 17, 9: 0})
(66, 212, {0: 0, 1: 0, 2: 57, 3: 0, 4: 155, 5: 0, 6: 0, 7: 0, 8: 0, 9: 0})
(67, 498, {0: 154, 1: 5, 2: 0, 3: 63, 4: 28, 5: 0, 6: 0, 7: 19, 8: 0, 9: 229})
(68, 502, {0: 18, 1: 15, 2: 0, 3: 0, 4: 2, 5: 0, 6: 456, 7: 1, 8: 0, 9: 10})
(69, 1180, {0: 0, 1: 0, 2: 180, 3: 0, 4: 0, 5: 496, 6: 8, 7: 135, 8: 361, 9: 0})
(70, 488, {0: 11, 1: 0, 2: 33, 3: 0, 4: 0, 5: 378, 6: 62, 7: 4, 8: 0, 9: 0})
(71, 274, {0: 0, 1: 224, 2: 0, 3: 0, 4: 37, 5: 13, 6: 0, 7: 0, 8: 0, 9: 0})
(72, 407, {0: 34, 1: 20, 2: 0, 3: 0, 4: 5, 5: 4, 6: 344, 7: 0, 8: 0, 9: 0})
(73, 712, {0: 0, 1: 0, 2: 5, 3: 183, 4: 152, 5: 0, 6: 0, 7: 0, 8: 369, 9: 3})
(74, 119, {0: 0, 1: 0, 2: 0, 3: 0, 4: 61, 5: 5, 6: 0, 7: 0, 8: 53, 9: 0})
(75, 319, {0: 7, 1: 0, 2: 0, 3: 0, 4: 25, 5: 0, 6: 0, 7: 177, 8: 35, 9: 75})
(76, 590, {0: 0, 1: 0, 2: 133, 3: 32, 4: 59, 5: 83, 6: 0, 7: 265, 8: 18, 9: 0})
(77, 834, {0: 37, 1: 253, 2: 326, 3: 0, 4: 0, 5: 0, 6: 80, 7: 0, 8: 0, 9: 138})
(78, 538, {0: 383, 1: 0, 2: 0, 3: 0, 4: 134, 5: 8, 6: 0, 7: 4, 8: 6, 9: 3})
(79, 690, {0: 25, 1: 1, 2: 0, 3: 283, 4: 24, 5: 4, 6: 12, 7: 47, 8: 15, 9: 279})
(80, 688, {0: 175, 1: 0, 2: 0, 3: 1, 4: 0, 5: 27, 6: 4, 7: 462, 8: 0, 9: 19})
(81, 403, {0: 0, 1: 0, 2: 0, 3: 0, 4: 45, 5: 25, 6: 0, 7: 0, 8: 333, 9: 0})
(82, 564, {0: 181, 1: 55, 2: 0, 3: 0, 4: 0, 5: 235, 6: 0, 7: 0, 8: 27, 9: 66})
(83, 544, {0: 0, 1: 406, 2: 0, 3: 55, 4: 26, 5: 0, 6: 57, 7: 0, 8: 0, 9: 0})
(84, 176, {0: 0, 1: 0, 2: 5, 3: 0, 4: 0, 5: 3, 6: 0, 7: 0, 8: 17, 9: 151})
(85, 533, {0: 0, 1: 35, 2: 1, 3: 439, 4: 0, 5: 52, 6: 0, 7: 0, 8: 0, 9: 6})
(86, 147, {0: 0, 1: 1, 2: 15, 3: 0, 4: 0, 5: 0, 6: 0, 7: 27, 8: 66, 9: 38})
(87, 235, {0: 140, 1: 0, 2: 11, 3: 2, 4: 0, 5: 4, 6: 0, 7: 0, 8: 53, 9: 25})
(88, 428, {0: 0, 1: 0, 2: 60, 3: 0, 4: 0, 5: 150, 6: 19, 7: 8, 8: 0, 9: 191})
(89, 1251, {0: 0, 1: 0, 2: 405, 3: 0, 4: 426, 5: 0, 6: 419, 7: 1, 8: 0, 9: 0})
(90, 812, {0: 0, 1: 13, 2: 0, 3: 420, 4: 4, 5: 0, 6: 0, 7: 0, 8: 374, 9: 1})
(92, 158, {0: 0, 1: 0, 2: 0, 3: 0, 4: 0, 5: 112, 6: 0, 7: 39, 8: 7, 9: 0}))
(93, 78, {0: 0, 1: 0, 2: 0, 3: 0, 4: 38, 5: 0, 6: 0, 7: 0, 8: 0, 9: 40})
(94, 10, {0: 2, 1: 0, 2: 0, 3: 0, 4: 0, 5: 8, 6: 0, 7: 0, 8: 0, 9: 0})
(95, 453, {0: 0, 1: 141, 2: 0, 3: 0, 4: 200, 5: 17, 6: 0, 7: 90, 8: 3, 9: 2})
(96, 952, {0: 485, 1: 0, 2: 0, 3: 0, 4: 5, 5: 0, 6: 462, 7: 0, 8: 0, 9: 0})
(97, 544, {0: 0, 1: 0, 2: 0, 3: 79, 4: 0, 5: 0, 6: 5, 7: 6, 8: 0, 9: 454})
(98, 386, {0: 2, 1: 4, 2: 9, 3: 0, 4: 240, 5: 122, 6: 9, 7: 0, 8: 0, 9: 0})
(99, 764, {0: 3, 1: 339, 2: 37, 3: 0, 4: 11, 5: 235, 6: 20, 7: 7, 8: 112, 9: 0})
Start server:
Current clients: 100 , select: 10
| current_epoch 1 |. Begin client select
SchedulerThread select( 10 clients):
9 | 39 | 55 | 31 | 57 | 37 | 32 | 71 | 12 | 95 |
-----------------------------------------------------------------Schedule complete
Client 31 trained
Client 31 uploaded
Client 12 trained
Client 12 uploaded
Client 9 trained
Client 9 uploaded
Client 57 trained
Client 57 uploaded
Client 71 trained
Client 71 uploaded
Client 39 trained
Client 39 uploaded
Client 37 trained
Client 37 uploaded
Client 55 trained
Client 55 uploaded
Client 32 trained
Client 32 uploaded
Client 95 trained
Client 95 uploaded
Epoch(t): 1 accuracy: 16.46 loss 3.3801341438293457 run_time: 18.509938955307007
Current clients: 100 , select: 10
| current_epoch 2 |. Begin client select
SchedulerThread select( 10 clients):
63 | 23 | 59 | 66 | 16 | 91 | 8 | 46 | 93 | 21 |
-----------------------------------------------------------------Schedule complete
Client 93 trained
Client 93 uploaded
Client 66 trained
Client 66 uploaded
Client 46 trained
Client 46 uploaded
Client 8 trained
Client 8 uploaded
Client 21 trained
Client 21 uploaded
Client 59 trained
Client 59 uploaded
Client 63 trained
Client 63 uploaded
Client 23 trained
Client 23 uploaded
Client 91 trained
Client 91 uploaded
Client 16 trained
Client 16 uploaded
Epoch(t): 2 accuracy: 16.6 loss 2.619895012378693 run_time: 38.910256147384644
Current clients: 100 , select: 10
| current_epoch 3 |. Begin client select
SchedulerThread select( 10 clients):
52 | 93 | 90 | 58 | 81 | 64 | 3 | 67 | 14 | 49 |
-----------------------------------------------------------------Schedule complete
Client 14 trained
Client 14 uploaded
Client 93 trained
Client 93 uploaded
Client 58 trained
Client 58 uploaded
Client 49 trained
Client 49 uploaded
Client 52 trained
Client 52 uploaded
Client 3 trained
Client 3 uploaded
Client 64 trained
Client 64 uploaded
Client 81 trained
Client 81 uploaded
Client 67 trained
Client 67 uploaded
Client 90 trained
Client 90 uploaded
Epoch(t): 3 accuracy: 20.94 loss 2.637362983226776 run_time: 54.13465094566345
Current clients: 100 , select: 10
| current_epoch 4 |. Begin client select
SchedulerThread select( 10 clients):
17 | 47 | 3 | 1 | 90 | 26 | 89 | 59 | 78 | 85 |
-----------------------------------------------------------------Schedule complete
Client 1 trained
Client 1 uploaded
Client 3 trained
Client 3 uploaded
Client 17 trained
Client 17 uploaded
Client 47 trained
Client 47 uploaded
Client 59 trained
Client 59 uploaded
Client 78 trained
Client 78 uploaded
Client 26 trained
Client 26 uploaded
Client 85 trained
Client 85 uploaded
Client 90 trained
Client 90 uploaded
Client 89 trained
Client 89 uploaded
Epoch(t): 4 accuracy: 18.28 loss 2.220858211517334 run_time: 75.48536086082458
Current clients: 100 , select: 10
| current_epoch 5 |. Begin client select
SchedulerThread select( 10 clients):
40 | 77 | 61 | 39 | 25 | 37 | 8 | 96 | 41 | 85 |
-----------------------------------------------------------------Schedule complete
Client 61 trained
Client 61 uploaded
Client 39 trained
Client 39 uploaded
Client 37 trained
Client 37 uploaded
Client 41 trained
Client 41 uploaded
Client 40 trained
Client 40 uploaded
Client 25 trained
Client 25 uploaded
Client 8 trained
Client 8 uploaded
Client 85 trained
Client 85 uploaded
Client 77 trained
Client 77 uploaded
Client 96 trained
Client 96 uploaded
Epoch(t): 5 accuracy: 24.28 loss 2.4987644267082216 run_time: 92.08755493164062
Current clients: 100 , select: 10
| current_epoch 6 |. Begin client select
SchedulerThread select( 10 clients):
45 | 51 | 9 | 39 | 11 | 34 | 2 | 78 | 15 | 44 |
-----------------------------------------------------------------Schedule complete
Client 9 trained
Client 9 uploaded
Client 39 trained
Client 39 uploaded
Client 44 trained
Client 44 uploaded
Client 78 trained
Client 78 uploaded
Client 45 trained
Client 45 uploaded
Client 51 trained
Client 51 uploaded
Client 2 trained
Client 2 uploaded
Client 34 trained
Client 34 uploaded
Client 15 trained
Client 15 uploaded
Client 11 trained
Client 11 uploaded
Epoch(t): 6 accuracy: 23.98 loss 2.147061815261841 run_time: 115.2339186668396
Current clients: 100 , select: 10
| current_epoch 7 |. Begin client select
SchedulerThread select( 10 clients):
60 | 77 | 53 | 7 | 83 | 50 | 71 | 90 | 12 | 94 |
-----------------------------------------------------------------Schedule complete
Client 94 trained
Client 94 uploaded
Client 12 trained
Client 12 uploaded
Client 71 trained
Client 71 uploaded
Client 60 trained
Client 60 uploaded
Client 50 trained
Client 50 uploaded
Client 7 trained
Client 7 uploaded
Client 83 trained
Client 83 uploaded
Client 90 trained
Client 90 uploaded
Client 77 trained
Client 77 uploaded
Client 53 trained
Client 53 uploaded
Epoch(t): 7 accuracy: 23.05 loss 2.2316964983940126 run_time: 136.6921603679657
Current clients: 100 , select: 10
| current_epoch 8 |. Begin client select
SchedulerThread select( 10 clients):
77 | 54 | 40 | 61 | 47 | 46 | 92 | 27 | 23 | 0 |
-----------------------------------------------------------------Schedule complete
Client 61 trained
Client 61 uploaded
Client 92 trained
Client 92 uploaded
Client 40 trained
Client 40 uploaded
Client 27 trained
Client 27 uploaded
Client 46 trained
Client 46 uploaded
Client 54 trained
Client 54 uploaded
Client 47 trained
Client 47 uploaded
Client 23 trained
Client 23 uploaded
Client 77 trained
Client 77 uploaded
Client 0 trained
Client 0 uploaded
Epoch(t): 8 accuracy: 33.77 loss 2.0287580561637877 run_time: 154.01052045822144
Current clients: 100 , select: 10
| current_epoch 9 |. Begin client select
SchedulerThread select( 10 clients):
40 | 39 | 1 | 36 | 60 | 41 | 74 | 95 | 58 | 43 |
-----------------------------------------------------------------Schedule complete
Client 1 trained
Client 1 uploaded
Client 74 trained
Client 74 uploaded
Client 58 trained
Client 58 uploaded
Client 39 trained
Client 39 uploaded
Client 41 trained
Client 41 uploaded
Client 60 trained
Client 60 uploaded
Client 40 trained
Client 40 uploaded
Client 95 trained
Client 95 uploaded
Client 36 trained
Client 36 uploaded
Client 43 trained
Client 43 uploaded
Epoch(t): 9 accuracy: 32.15 loss 2.0287436497211457 run_time: 167.62141513824463
Current clients: 100 , select: 10
| current_epoch 10 |. Begin client select
SchedulerThread select( 10 clients):
4 | 77 | 66 | 80 | 22 | 94 | 36 | 42 | 13 | 43 |
-----------------------------------------------------------------Schedule complete
Client 13 trained
Client 13 uploaded
Client 94 trained
Client 94 uploaded
Client 66 trained
Client 66 uploaded
Client 36 trained
Client 36 uploaded
Client 22 trained
Client 22 uploaded
Client 80 trained
Client 80 uploaded
Client 77 trained
Client 77 uploaded
Client 43 trained
Client 43 uploaded
Client 42 trained
Client 42 uploaded
Client 4 trained
Client 4 uploaded
Epoch(t): 10 accuracy: 27.64 loss 2.0083637285232543 run_time: 192.07403779029846
Current clients: 100 , select: 10
| current_epoch 11 |. Begin client select
SchedulerThread select( 10 clients):
7 | 99 | 46 | 14 | 2 | 50 | 3 | 21 | 19 | 70 |
-----------------------------------------------------------------Schedule complete
Client 14 trained
Client 14 uploaded
Client 19 trained
Client 19 uploaded
Client 46 trained
Client 46 uploaded
Client 3 trained
Client 3 uploaded
Client 50 trained
Client 50 uploaded
Client 70 trained
Client 70 uploaded
Client 21 trained
Client 21 uploaded
Client 7 trained
Client 7 uploaded
Client 99 trained
Client 99 uploaded
Client 2 trained
Client 2 uploaded
Epoch(t): 11 accuracy: 32.75 loss 1.9031370210647582 run_time: 209.95731711387634
Current clients: 100 , select: 10
| current_epoch 12 |. Begin client select
SchedulerThread select( 10 clients):
86 | 84 | 89 | 23 | 98 | 93 | 12 | 68 | 54 | 71 |
-----------------------------------------------------------------Schedule complete
Client 93 trained
Client 93 uploaded
Client 12 trained
Client 12 uploaded
Client 86 trained
Client 86 uploaded
Client 84 trained
Client 84 uploaded
Client 71 trained
Client 71 uploaded
Client 54 trained
Client 54 uploaded
Client 98 trained
Client 98 uploaded
Client 68 trained
Client 68 uploaded
Client 23 trained
Client 23 uploaded
Client 89 trained
Client 89 uploaded
Epoch(t): 12 accuracy: 16.99 loss 2.528773555755615 run_time: 226.10224318504333
Current clients: 100 , select: 10
| current_epoch 13 |. Begin client select
SchedulerThread select( 10 clients):
12 | 38 | 89 | 49 | 72 | 76 | 29 | 8 | 94 | 99 |
-----------------------------------------------------------------Schedule complete
Client 94 trained
Client 94 uploaded
Client 12 trained
Client 12 uploaded
Client 49 trained
Client 49 uploaded
Client 8 trained
Client 8 uploaded
Client 72 trained
Client 72 uploaded
Client 38 trained
Client 38 uploaded
Client 76 trained
Client 76 uploaded
Client 99 trained
Client 99 uploaded
Client 29 trained
Client 29 uploaded
Client 89 trained
Client 89 uploaded
Epoch(t): 13 accuracy: 29.76 loss 2.0002421379089355 run_time: 247.50029873847961
Current clients: 100 , select: 10
| current_epoch 14 |. Begin client select
SchedulerThread select( 10 clients):
7 | 63 | 99 | 85 | 11 | 22 | 71 | 61 | 47 | 27 |
-----------------------------------------------------------------Schedule complete
Client 61 trained
Client 61 uploaded
Client 71 trained
Client 71 uploaded
Client 27 trained
Client 27 uploaded
Client 47 trained
Client 47 uploaded
Client 85 trained
Client 85 uploaded
Client 7 trained
Client 7 uploaded
Client 63 trained
Client 63 uploaded
Client 22 trained
Client 22 uploaded
Client 99 trained
Client 99 uploaded
Client 11 trained
Client 11 uploaded
Epoch(t): 14 accuracy: 35.74 loss 1.7228487038612366 run_time: 269.8063876628876
Current clients: 100 , select: 10
| current_epoch 15 |. Begin client select
SchedulerThread select( 10 clients):
77 | 12 | 33 | 55 | 90 | 27 | 34 | 53 | 10 | 44 |
-----------------------------------------------------------------Schedule complete
Client 33 trained
Client 33 uploaded
Client 12 trained
Client 12 uploaded
Client 44 trained
Client 44 uploaded
Client 27 trained
Client 27 uploaded
Client 55 trained
Client 55 uploaded
Client 77 trained
Client 77 uploaded
Client 90 trained
Client 90 uploaded
Client 10 trained
Client 10 uploaded
Client 34 trained
Client 34 uploaded
Client 53 trained
Client 53 uploaded
Epoch(t): 15 accuracy: 35.43 loss 1.7680641794204712 run_time: 292.9008297920227
Current clients: 100 , select: 10
| current_epoch 16 |. Begin client select
SchedulerThread select( 10 clients):
96 | 21 | 51 | 86 | 27 | 92 | 18 | 72 | 31 | 9 |
-----------------------------------------------------------------Schedule complete
Client 31 trained
Client 31 uploaded
Client 86 trained
Client 86 uploaded
Client 9 trained
Client 9 uploaded
Client 92 trained
Client 92 uploaded
Client 18 trained
Client 18 uploaded
Client 27 trained
Client 27 uploaded
Client 72 trained
Client 72 uploaded
Client 21 trained
Client 21 uploaded
Client 51 trained
Client 51 uploaded
Client 96 trained
Client 96 uploaded
Epoch(t): 16 accuracy: 35.3 loss 1.8196560215950013 run_time: 308.50066685676575
Current clients: 100 , select: 10
| current_epoch 17 |. Begin client select
SchedulerThread select( 10 clients):
99 | 1 | 15 | 75 | 50 | 96 | 70 | 79 | 20 | 34 |
-----------------------------------------------------------------Schedule complete
Client 1 trained
Client 1 uploaded
Client 75 trained
Client 75 uploaded
Client 20 trained
Client 20 uploaded
Client 70 trained
Client 70 uploaded
Client 50 trained
Client 50 uploaded
Client 79 trained
Client 79 uploaded
Client 99 trained
Client 99 uploaded
Client 15 trained
Client 15 uploaded
Client 34 trained
Client 34 uploaded
Client 96 trained
Client 96 uploaded
Epoch(t): 17 accuracy: 34.92 loss 1.8514547061920166 run_time: 331.26015162467957
Current clients: 100 , select: 10
| current_epoch 18 |. Begin client select
SchedulerThread select( 10 clients):
95 | 66 | 71 | 48 | 53 | 96 | 29 | 88 | 99 | 13 |
-----------------------------------------------------------------Schedule complete
Client 13 trained
Client 13 uploaded
Client 66 trained
Client 66 uploaded
Client 71 trained
Client 71 uploaded
Client 88 trained
Client 88 uploaded
Client 48 trained
Client 48 uploaded
Client 95 trained
Client 95 uploaded
Client 99 trained
Client 99 uploaded
Client 96 trained
Client 96 uploaded
Client 29 trained
Client 29 uploaded
Client 53 trained
Client 53 uploaded
Epoch(t): 18 accuracy: 38.93 loss 1.7147072815895081 run_time: 354.31297755241394
Current clients: 100 , select: 10
| current_epoch 19 |. Begin client select
SchedulerThread select( 10 clients):
40 | 43 | 39 | 88 | 38 | 35 | 2 | 90 | 10 | 51 |
-----------------------------------------------------------------Schedule complete
Client 39 trained
Client 39 uploaded
Client 40 trained
Client 40 uploaded
Client 88 trained
Client 88 uploaded
Client 35 trained
Client 35 uploaded
Client 51 trained
Client 51 uploaded
Client 38 trained
Client 38 uploaded
Client 90 trained
Client 90 uploaded
Client 2 trained
Client 2 uploaded
Client 43 trained
Client 43 uploaded
Client 10 trained
Client 10 uploaded
Epoch(t): 19 accuracy: 31.82 loss 2.037701675891876 run_time: 377.57035732269287
Current clients: 100 , select: 10
| current_epoch 20 |. Begin client select
SchedulerThread select( 10 clients):
92 | 62 | 66 | 46 | 70 | 82 | 12 | 25 | 26 | 85 |
-----------------------------------------------------------------Schedule complete
Client 12 trained
Client 12 uploaded
Client 92 trained
Client 92 uploaded
Client 66 trained
Client 66 uploaded
Client 46 trained
Client 46 uploaded
Client 25 trained
Client 25 uploaded
Client 70 trained
Client 70 uploaded
Client 85 trained
Client 85 uploaded
Client 26 trained
Client 26 uploaded
Client 62 trained
Client 62 uploaded
Client 82 trained
Client 82 uploaded
Epoch(t): 20 accuracy: 36.38 loss 1.7540596306324006 run_time: 393.62504625320435
Current clients: 100 , select: 10
| current_epoch 21 |. Begin client select
SchedulerThread select( 10 clients):
99 | 52 | 70 | 34 | 46 | 98 | 77 | 31 | 68 | 51 |
-----------------------------------------------------------------Schedule complete
Client 31 trained
Client 31 uploaded
Client 52 trained
Client 52 uploaded
Client 98 trained
Client 98 uploaded
Client 46 trained
Client 46 uploaded
Client 70 trained
Client 70 uploaded
Client 68 trained
Client 68 uploaded
Client 51 trained
Client 51 uploaded
Client 99 trained
Client 99 uploaded
Client 77 trained
Client 77 uploaded
Client 34 trained
Client 34 uploaded
Epoch(t): 21 accuracy: 44.93 loss 1.5407377016544341 run_time: 414.49859833717346
Current clients: 100 , select: 10
| current_epoch 22 |. Begin client select
SchedulerThread select( 10 clients):
27 | 87 | 96 | 9 | 55 | 15 | 38 | 90 | 37 | 92 |
-----------------------------------------------------------------Schedule complete
Client 9 trained
Client 9 uploaded
Client 92 trained
Client 92 uploaded
Client 37 trained
Client 37 uploaded
Client 87 trained
Client 87 uploaded
Client 27 trained
Client 27 uploaded
Client 55 trained
Client 55 uploaded
Client 38 trained
Client 38 uploaded
Client 90 trained
Client 90 uploaded
Client 15 trained
Client 15 uploaded
Client 96 trained
Client 96 uploaded
Epoch(t): 22 accuracy: 35.61 loss 1.8015477788448333 run_time: 434.065176486969
Current clients: 100 , select: 10
| current_epoch 23 |. Begin client select
SchedulerThread select( 10 clients):
97 | 28 | 24 | 71 | 20 | 68 | 41 | 84 | 90 | 21 |
-----------------------------------------------------------------Schedule complete
Client 28 trained
Client 28 uploaded
Client 41 trained
Client 41 uploaded
Client 84 trained
Client 84 uploaded
Client 24 trained
Client 24 uploaded
Client 71 trained
Client 71 uploaded
Client 21 trained
Client 21 uploaded
Client 20 trained
Client 20 uploaded
Client 97 trained
Client 97 uploaded
Client 68 trained
Client 68 uploaded
Client 90 trained
Client 90 uploaded
Epoch(t): 23 accuracy: 39.61 loss 1.709613447189331 run_time: 448.97140622138977
Current clients: 100 , select: 10
| current_epoch 24 |. Begin client select
SchedulerThread select( 10 clients):
96 | 35 | 18 | 45 | 38 | 8 | 48 | 97 | 81 | 56 |
-----------------------------------------------------------------Schedule complete
Client 18 trained
Client 18 uploaded
Client 81 trained
Client 81 uploaded
Client 8 trained
Client 8 uploaded
Client 48 trained
Client 48 uploaded
Client 35 trained
Client 35 uploaded
Client 97 trained
Client 97 uploaded
Client 38 trained
Client 38 uploaded
Client 56 trained
Client 56 uploaded
Client 45 trained
Client 45 uploaded
Client 96 trained
Client 96 uploaded
Epoch(t): 24 accuracy: 41.9 loss 1.5812049794197083 run_time: 468.92384696006775
Current clients: 100 , select: 10
| current_epoch 25 |. Begin client select
SchedulerThread select( 10 clients):
40 | 69 | 90 | 49 | 86 | 66 | 57 | 73 | 94 | 72 |
-----------------------------------------------------------------Schedule complete
Client 94 trained
Client 94 uploaded
Client 86 trained
Client 86 uploaded
Client 57 trained
Client 57 uploaded
Client 49 trained
Client 49 uploaded
Client 66 trained
Client 66 uploaded
Client 40 trained
Client 40 uploaded
Client 72 trained
Client 72 uploaded
Client 90 trained
Client 90 uploaded
Client 73 trained
Client 73 uploaded
Client 69 trained
Client 69 uploaded
Epoch(t): 25 accuracy: 32.75 loss 2.154998950958252 run_time: 485.66468381881714
Current clients: 100 , select: 10
| current_epoch 26 |. Begin client select
SchedulerThread select( 10 clients):
53 | 95 | 11 | 68 | 5 | 28 | 67 | 64 | 74 | 57 |
-----------------------------------------------------------------Schedule complete
Client 28 trained
Client 28 uploaded
Client 5 trained
Client 5 uploaded
Client 74 trained
Client 74 uploaded
Client 57 trained
Client 57 uploaded
Client 95 trained
Client 95 uploaded
Client 67 trained
Client 67 uploaded
Client 68 trained
Client 68 uploaded
Client 64 trained
Client 64 uploaded
Client 11 trained
Client 11 uploaded
Client 53 trained
Client 53 uploaded
Epoch(t): 26 accuracy: 40.79 loss 1.5747847998142241 run_time: 504.13209414482117
Current clients: 100 , select: 10
| current_epoch 27 |. Begin client select
SchedulerThread select( 10 clients):
73 | 4 | 82 | 94 | 17 | 23 | 51 | 40 | 34 | 32 |
-----------------------------------------------------------------Schedule complete
Client 94 trained
Client 94 uploaded
Client 40 trained
Client 40 uploaded
Client 17 trained
Client 17 uploaded
Client 82 trained
Client 82 uploaded
Client 51 trained
Client 51 uploaded
Client 23 trained
Client 23 uploaded
Client 73 trained
Client 73 uploaded
Client 34 trained
Client 34 uploaded
Client 32 trained
Client 32 uploaded
Client 4 trained
Client 4 uploaded
Epoch(t): 27 accuracy: 38.59 loss 1.6161340248584748 run_time: 529.1912357807159
Current clients: 100 , select: 10
| current_epoch 28 |. Begin client select
SchedulerThread select( 10 clients):
86 | 25 | 54 | 50 | 10 | 61 | 96 | 40 | 34 | 37 |
-----------------------------------------------------------------Schedule complete
Client 86 trained
Client 86 uploaded
Client 61 trained
Client 61 uploaded
Client 37 trained
Client 37 uploaded
Client 40 trained
Client 40 uploaded
Client 25 trained
Client 25 uploaded
Client 54 trained
Client 54 uploaded
Client 50 trained
Client 50 uploaded
Client 10 trained
Client 10 uploaded
Client 34 trained
Client 34 uploaded
Client 96 trained
Client 96 uploaded
Epoch(t): 28 accuracy: 35.16 loss 1.9550594532489776 run_time: 547.2195568084717
Current clients: 100 , select: 10
| current_epoch 29 |. Begin client select
SchedulerThread select( 10 clients):
10 | 6 | 13 | 68 | 4 | 78 | 40 | 97 | 63 | 66 |
-----------------------------------------------------------------Schedule complete
Client 13 trained
Client 13 uploaded
Client 66 trained
Client 66 uploaded
Client 40 trained
Client 40 uploaded
Client 68 trained
Client 68 uploaded
Client 97 trained
Client 97 uploaded
Client 6 trained
Client 6 uploaded
Client 78 trained
Client 78 uploaded
Client 63 trained
Client 63 uploaded
Client 10 trained
Client 10 uploaded
Client 4 trained
Client 4 uploaded
Epoch(t): 29 accuracy: 33.46 loss 1.9053089439868927 run_time: 569.362820148468
Current clients: 100 , select: 10
| current_epoch 30 |. Begin client select
SchedulerThread select( 10 clients):
25 | 97 | 91 | 2 | 38 | 1 | 73 | 71 | 79 | 67 |
-----------------------------------------------------------------Schedule complete
Client 1 trained
Client 1 uploaded
Client 71 trained
Client 71 uploaded
Client 25 trained
Client 25 uploaded
Client 67 trained
Client 67 uploaded
Client 97 trained
Client 97 uploaded
Client 38 trained
Client 38 uploaded
Client 73 trained
Client 73 uploaded
Client 79 trained
Client 79 uploaded
Client 2 trained
Client 2 uploaded
Client 91 trained
Client 91 uploaded
Epoch(t): 30 accuracy: 36.94 loss 1.7649883496761323 run_time: 589.2498195171356
Current clients: 100 , select: 10
| current_epoch 31 |. Begin client select
SchedulerThread select( 10 clients):
41 | 83 | 35 | 68 | 23 | 43 | 81 | 50 | 18 | 26 |
-----------------------------------------------------------------Schedule complete
Client 18 trained
Client 18 uploaded
Client 41 trained
Client 41 uploaded
Client 81 trained
Client 81 uploaded
Client 50 trained
Client 50 uploaded
Client 35 trained
Client 35 uploaded
Client 68 trained
Client 68 uploaded
Client 83 trained
Client 83 uploaded
Client 26 trained
Client 26 uploaded
Client 23 trained
Client 23 uploaded
Client 43 trained
Client 43 uploaded
Epoch(t): 31 accuracy: 47.9 loss 1.4437285578250885 run_time: 609.2205390930176
Current clients: 100 , select: 10
| current_epoch 32 |. Begin client select
SchedulerThread select( 10 clients):
39 | 43 | 64 | 71 | 96 | 52 | 95 | 19 | 83 | 76 |
-----------------------------------------------------------------Schedule complete
Client 39 trained
Client 39 uploaded
Client 19 trained
Client 19 uploaded
Client 71 trained
Client 71 uploaded
Client 52 trained
Client 52 uploaded
Client 95 trained
Client 95 uploaded
Client 83 trained
Client 83 uploaded
Client 64 trained
Client 64 uploaded
Client 76 trained
Client 76 uploaded
Client 96 trained
Client 96 uploaded
Client 43 trained
Client 43 uploaded
Epoch(t): 32 accuracy: 51.38 loss 1.3644505548477173 run_time: 628.9829795360565
Current clients: 100 , select: 10
| current_epoch 33 |. Begin client select
SchedulerThread select( 10 clients):
64 | 5 | 80 | 99 | 88 | 82 | 31 | 4 | 47 | 93 |
-----------------------------------------------------------------Schedule complete
Client 5 trained
Client 5 uploaded
Client 31 trained
Client 31 uploaded
Client 93 trained
Client 93 uploaded
Client 88 trained
Client 88 uploaded
Client 47 trained
Client 47 uploaded
Client 64 trained
Client 64 uploaded
Client 82 trained
Client 82 uploaded
Client 80 trained
Client 80 uploaded
Client 99 trained
Client 99 uploaded
Client 4 trained
Client 4 uploaded
Epoch(t): 33 accuracy: 40.91 loss 1.682070255279541 run_time: 649.1690406799316
Current clients: 100 , select: 10
| current_epoch 34 |. Begin client select
SchedulerThread select( 10 clients):
25 | 74 | 24 | 17 | 3 | 85 | 32 | 47 | 72 | 26 |
-----------------------------------------------------------------Schedule complete
Client 74 trained
Client 74 uploaded
Client 24 trained
Client 24 uploaded
Client 3 trained
Client 3 uploaded
Client 25 trained
Client 25 uploaded
Client 17 trained
Client 17 uploaded
Client 72 trained
Client 72 uploaded
Client 47 trained
Client 47 uploaded
Client 85 trained
Client 85 uploaded
Client 26 trained
Client 26 uploaded
Client 32 trained
Client 32 uploaded
Epoch(t): 34 accuracy: 40.29 loss 1.661749403476715 run_time: 667.3510458469391
Current clients: 100 , select: 10
| current_epoch 35 |. Begin client select
SchedulerThread select( 10 clients):
30 | 46 | 62 | 0 | 67 | 44 | 75 | 19 | 10 | 81 |
-----------------------------------------------------------------Schedule complete
Client 44 trained
Client 44 uploaded
Client 19 trained
Client 19 uploaded
Client 75 trained
Client 75 uploaded
Client 46 trained
Client 46 uploaded
Client 81 trained
Client 81 uploaded
Client 67 trained
Client 67 uploaded
Client 62 trained
Client 62 uploaded
Client 0 trained
Client 0 uploaded
Client 10 trained
Client 10 uploaded
Client 30 trained
Client 30 uploaded
Epoch(t): 35 accuracy: 44.79 loss 1.5718177723884583 run_time: 686.3451290130615
Current clients: 100 , select: 10
| current_epoch 36 |. Begin client select
SchedulerThread select( 10 clients):
79 | 55 | 15 | 36 | 68 | 29 | 39 | 81 | 56 | 41 |
-----------------------------------------------------------------Schedule complete
Client 39 trained
Client 39 uploaded
Client 41 trained
Client 41 uploaded
Client 81 trained
Client 81 uploaded
Client 55 trained
Client 55 uploaded
Client 68 trained
Client 68 uploaded
Client 36 trained
Client 36 uploaded
Client 56 trained
Client 56 uploaded
Client 79 trained
Client 79 uploaded
Client 15 trained
Client 15 uploaded
Client 29 trained
Client 29 uploaded
Epoch(t): 36 accuracy: 44.85 loss 1.515221107006073 run_time: 708.2219185829163
Current clients: 100 , select: 10
| current_epoch 37 |. Begin client select
SchedulerThread select( 10 clients):
78 | 25 | 0 | 26 | 21 | 66 | 88 | 97 | 53 | 19 |
-----------------------------------------------------------------Schedule complete
Client 66 trained
Client 66 uploaded
Client 19 trained
Client 19 uploaded
Client 25 trained
Client 25 uploaded
Client 88 trained
Client 88 uploaded
Client 21 trained
Client 21 uploaded
Client 97 trained
Client 97 uploaded
Client 78 trained
Client 78 uploaded
Client 26 trained
Client 26 uploaded
Client 0 trained
Client 0 uploaded
Client 53 trained
Client 53 uploaded
Epoch(t): 37 accuracy: 47.03 loss 1.4678378975391388 run_time: 729.5830533504486
Current clients: 100 , select: 10
| current_epoch 38 |. Begin client select
SchedulerThread select( 10 clients):
34 | 68 | 62 | 31 | 12 | 83 | 58 | 21 | 86 | 6 |
-----------------------------------------------------------------Schedule complete
Client 31 trained
Client 31 uploaded
Client 58 trained
Client 58 uploaded
Client 12 trained
Client 12 uploaded
Client 86 trained
Client 86 uploaded
Client 21 trained
Client 21 uploaded
Client 62 trained
Client 62 uploaded
Client 6 trained
Client 6 uploaded
Client 68 trained
Client 68 uploaded
Client 83 trained
Client 83 uploaded
Client 34 trained
Client 34 uploaded
Epoch(t): 38 accuracy: 47.57 loss 1.4572410273551941 run_time: 745.5486602783203
Current clients: 100 , select: 10
| current_epoch 39 |. Begin client select
SchedulerThread select( 10 clients):
2 | 40 | 59 | 76 | 3 | 12 | 69 | 49 | 51 | 15 |
-----------------------------------------------------------------Schedule complete
Client 12 trained
Client 12 uploaded
Client 49 trained
Client 49 uploaded
Client 40 trained
Client 40 uploaded
Client 3 trained
Client 3 uploaded
Client 76 trained
Client 76 uploaded
Client 59 trained
Client 59 uploaded
Client 51 trained
Client 51 uploaded
Client 2 trained
Client 2 uploaded
Client 15 trained
Client 15 uploaded
Client 69 trained
Client 69 uploaded
Epoch(t): 39 accuracy: 41.46 loss 1.7550717973709107 run_time: 767.362765789032
Current clients: 100 , select: 10
| current_epoch 40 |. Begin client select
SchedulerThread select( 10 clients):
40 | 1 | 67 | 86 | 37 | 12 | 20 | 0 | 23 | 51 |
-----------------------------------------------------------------Schedule complete
Client 1 trained
Client 1 uploaded
Client 86 trained
Client 86 uploaded
Client 12 trained
Client 12 uploaded
Client 37 trained
Client 37 uploaded
Client 40 trained
Client 40 uploaded
Client 20 trained
Client 20 uploaded
Client 67 trained
Client 67 uploaded
Client 51 trained
Client 51 uploaded
Client 23 trained
Client 23 uploaded
Client 0 trained
Client 0 uploaded
Epoch(t): 40 accuracy: 41.28 loss 1.7206885135173797 run_time: 782.7115750312805
Current clients: 100 , select: 10
| current_epoch 41 |. Begin client select
SchedulerThread select( 10 clients):
88 | 32 | 5 | 39 | 97 | 96 | 15 | 79 | 17 | 59 |
-----------------------------------------------------------------Schedule complete
Client 5 trained
Client 5 uploaded
Client 39 trained
Client 39 uploaded
Client 17 trained
Client 17 uploaded
Client 88 trained
Client 88 uploaded
Client 97 trained
Client 97 uploaded
Client 59 trained
Client 59 uploaded
Client 79 trained
Client 79 uploaded
Client 15 trained
Client 15 uploaded
Client 32 trained
Client 32 uploaded
Client 96 trained
Client 96 uploaded
Epoch(t): 41 accuracy: 46.92 loss 1.4957370722293855 run_time: 803.6542801856995
Current clients: 100 , select: 10
| current_epoch 42 |. Begin client select
SchedulerThread select( 10 clients):
11 | 86 | 56 | 62 | 98 | 49 | 40 | 63 | 14 | 16 |
-----------------------------------------------------------------Schedule complete
Client 14 trained
Client 14 uploaded
Client 86 trained
Client 86 uploaded
Client 49 trained
Client 49 uploaded
Client 40 trained
Client 40 uploaded
Client 98 trained
Client 98 uploaded
Client 62 trained
Client 62 uploaded
Client 56 trained
Client 56 uploaded
Client 63 trained
Client 63 uploaded
Client 16 trained
Client 16 uploaded
Client 11 trained
Client 11 uploaded
Epoch(t): 42 accuracy: 53.84 loss 1.2726788306236267 run_time: 822.0091278553009
Current clients: 100 , select: 10
| current_epoch 43 |. Begin client select
SchedulerThread select( 10 clients):
7 | 62 | 18 | 73 | 59 | 3 | 52 | 48 | 90 | 91 |
-----------------------------------------------------------------Schedule complete
Client 18 trained
Client 18 uploaded
Client 52 trained
Client 52 uploaded
Client 3 trained
Client 3 uploaded
Client 48 trained
Client 48 uploaded
Client 62 trained
Client 62 uploaded
Client 7 trained
Client 7 uploaded
Client 59 trained
Client 59 uploaded
Client 73 trained
Client 73 uploaded
Client 90 trained
Client 90 uploaded
Client 91 trained
Client 91 uploaded
Epoch(t): 43 accuracy: 45.51 loss 1.512675129175186 run_time: 841.1541414260864
Current clients: 100 , select: 10
| current_epoch 44 |. Begin client select
SchedulerThread select( 10 clients):
99 | 72 | 45 | 77 | 76 | 93 | 4 | 65 | 53 | 74 |
-----------------------------------------------------------------Schedule complete
Client 93 trained
Client 93 uploaded
Client 74 trained
Client 74 uploaded
Client 72 trained
Client 72 uploaded
Client 65 trained
Client 65 uploaded
Client 76 trained
Client 76 uploaded
Client 45 trained
Client 45 uploaded
Client 99 trained
Client 99 uploaded
Client 77 trained
Client 77 uploaded
Client 53 trained
Client 53 uploaded
Client 4 trained
Client 4 uploaded
Epoch(t): 44 accuracy: 44.83 loss 1.5410792350769043 run_time: 866.2738571166992
Current clients: 100 , select: 10
| current_epoch 45 |. Begin client select
SchedulerThread select( 10 clients):
27 | 46 | 2 | 50 | 75 | 58 | 70 | 31 | 18 | 24 |
-----------------------------------------------------------------Schedule complete
Client 31 trained
Client 31 uploaded
Client 58 trained
Client 58 uploaded
Client 18 trained
Client 18 uploaded
Client 24 trained
Client 24 uploaded
Client 75 trained
Client 75 uploaded
Client 46 trained
Client 46 uploaded
Client 27 trained
Client 27 uploaded
Client 50 trained
Client 50 uploaded
Client 70 trained
Client 70 uploaded
Client 2 trained
Client 2 uploaded
Epoch(t): 45 accuracy: 43.07 loss 1.5687209451198578 run_time: 880.2470457553864
Current clients: 100 , select: 10
| current_epoch 46 |. Begin client select
SchedulerThread select( 10 clients):
87 | 33 | 22 | 37 | 32 | 65 | 40 | 72 | 78 | 52 |
-----------------------------------------------------------------Schedule complete
Client 33 trained
Client 33 uploaded
Client 37 trained
Client 37 uploaded
Client 87 trained
Client 87 uploaded
Client 52 trained
Client 52 uploaded
Client 40 trained
Client 40 uploaded
Client 72 trained
Client 72 uploaded
Client 78 trained
Client 78 uploaded
Client 65 trained
Client 65 uploaded
Client 22 trained
Client 22 uploaded
Client 32 trained
Client 32 uploaded
Epoch(t): 46 accuracy: 45.6 loss 1.499866635799408 run_time: 896.7024807929993
Current clients: 100 , select: 10
| current_epoch 47 |. Begin client select
SchedulerThread select( 10 clients):
17 | 83 | 94 | 91 | 0 | 40 | 50 | 35 | 80 | 63 |
-----------------------------------------------------------------Schedule complete
Client 94 trained
Client 94 uploaded
Client 40 trained
Client 40 uploaded
Client 17 trained
Client 17 uploaded
Client 50 trained
Client 50 uploaded
Client 35 trained
Client 35 uploaded
Client 83 trained
Client 83 uploaded
Client 63 trained
Client 63 uploaded
Client 80 trained
Client 80 uploaded
Client 0 trained
Client 0 uploaded
Client 91 trained
Client 91 uploaded
Epoch(t): 47 accuracy: 35.42 loss 1.8452779936790467 run_time: 916.18537068367
Current clients: 100 , select: 10
| current_epoch 48 |. Begin client select
SchedulerThread select( 10 clients):
84 | 60 | 20 | 32 | 58 | 27 | 59 | 10 | 22 | 97 |
-----------------------------------------------------------------Schedule complete
Client 58 trained
Client 58 uploaded
Client 84 trained
Client 84 uploaded
Client 60 trained
Client 60 uploaded
Client 27 trained
Client 27 uploaded
Client 20 trained
Client 20 uploaded
Client 97 trained
Client 97 uploaded
Client 59 trained
Client 59 uploaded
Client 22 trained
Client 22 uploaded
Client 10 trained
Client 10 uploaded
Client 32 trained
Client 32 uploaded
Epoch(t): 48 accuracy: 41.65 loss 1.6930873703956604 run_time: 936.3282396793365
Current clients: 100 , select: 10
| current_epoch 49 |. Begin client select
SchedulerThread select( 10 clients):
75 | 87 | 45 | 71 | 78 | 11 | 22 | 40 | 21 | 49 |
-----------------------------------------------------------------Schedule complete
Client 87 trained
Client 87 uploaded
Client 49 trained
Client 49 uploaded
Client 71 trained
Client 71 uploaded
Client 40 trained
Client 40 uploaded
Client 75 trained
Client 75 uploaded
Client 21 trained
Client 21 uploaded
Client 78 trained
Client 78 uploaded
Client 45 trained
Client 45 uploaded
Client 22 trained
Client 22 uploaded
Client 11 trained
Client 11 uploaded
Epoch(t): 49 accuracy: 45.14 loss 1.5283158707618714 run_time: 955.0044987201691
Current clients: 100 , select: 10
| current_epoch 50 |. Begin client select
SchedulerThread select( 10 clients):
83 | 35 | 73 | 71 | 1 | 49 | 84 | 10 | 36 | 87 |
-----------------------------------------------------------------Schedule complete
Client 1 trained
Client 1 uploaded
Client 84 trained
Client 84 uploaded
Client 49 trained
Client 49 uploaded
Client 87 trained
Client 87 uploaded
Client 71 trained
Client 71 uploaded
Client 35 trained
Client 35 uploaded
Client 83 trained
Client 83 uploaded
Client 36 trained
Client 36 uploaded
Client 73 trained
Client 73 uploaded
Client 10 trained
Client 10 uploaded
Epoch(t): 50 accuracy: 43.24 loss 1.6072107183933257 run_time: 971.5971148014069
Current clients: 100 , select: 10
| current_epoch 51 |. Begin client select
SchedulerThread select( 10 clients):
16 | 60 | 39 | 42 | 49 | 70 | 3 | 10 | 22 | 53 |
-----------------------------------------------------------------Schedule complete
Client 39 trained
Client 39 uploaded
Client 49 trained
Client 49 uploaded
Client 60 trained
Client 60 uploaded
Client 3 trained
Client 3 uploaded
Client 70 trained
Client 70 uploaded
Client 22 trained
Client 22 uploaded
Client 10 trained
Client 10 uploaded
Client 16 trained
Client 16 uploaded
Client 42 trained
Client 42 uploaded
Client 53 trained
Client 53 uploaded
Epoch(t): 51 accuracy: 49.42 loss 1.4056205284595489 run_time: 996.0969338417053
Current clients: 100 , select: 10
| current_epoch 52 |. Begin client select
SchedulerThread select( 10 clients):
76 | 69 | 61 | 74 | 84 | 1 | 55 | 77 | 48 | 42 |
-----------------------------------------------------------------Schedule complete
Client 1 trained
Client 1 uploaded
Client 74 trained
Client 74 uploaded
Client 61 trained
Client 61 uploaded
Client 84 trained
Client 84 uploaded
Client 48 trained
Client 48 uploaded
Client 55 trained
Client 55 uploaded
Client 76 trained
Client 76 uploaded
Client 77 trained
Client 77 uploaded
Client 42 trained
Client 42 uploaded
Client 69 trained
Client 69 uploaded
Epoch(t): 52 accuracy: 46.72 loss 1.462038288116455 run_time: 1015.2395203113556
Current clients: 100 , select: 10
| current_epoch 53 |. Begin client select
SchedulerThread select( 10 clients):
47 | 5 | 97 | 32 | 80 | 31 | 76 | 12 | 35 | 92 |
-----------------------------------------------------------------Schedule complete
Client 5 trained
Client 5 uploaded
Client 31 trained
Client 31 uploaded
Client 12 trained
Client 12 uploaded
Client 92 trained
Client 92 uploaded
Client 35 trained
Client 35 uploaded
Client 47 trained
Client 47 uploaded
Client 97 trained
Client 97 uploaded
Client 76 trained
Client 76 uploaded
Client 80 trained
Client 80 uploaded
Client 32 trained
Client 32 uploaded
Epoch(t): 53 accuracy: 39.96 loss 1.7543881678581237 run_time: 1032.0028562545776
Current clients: 100 , select: 10
| current_epoch 54 |. Begin client select
SchedulerThread select( 10 clients):
51 | 48 | 54 | 30 | 50 | 86 | 67 | 66 | 14 | 11 |
-----------------------------------------------------------------Schedule complete
Client 14 trained
Client 14 uploaded
Client 86 trained
Client 86 uploaded
Client 66 trained
Client 66 uploaded
Client 54 trained
Client 54 uploaded
Client 67 trained
Client 67 uploaded
Client 48 trained
Client 48 uploaded
Client 50 trained
Client 50 uploaded
Client 51 trained
Client 51 uploaded
Client 30 trained
Client 30 uploaded
Client 11 trained
Client 11 uploaded
Epoch(t): 54 accuracy: 40.55 loss 1.5999978792667389 run_time: 1050.6809902191162
Current clients: 100 , select: 10
| current_epoch 55 |. Begin client select
SchedulerThread select( 10 clients):
68 | 7 | 50 | 10 | 94 | 87 | 28 | 88 | 37 | 6 |
-----------------------------------------------------------------Schedule complete
Client 94 trained
Client 94 uploaded
Client 28 trained
Client 28 uploaded
Client 37 trained
Client 37 uploaded
Client 87 trained
Client 87 uploaded
Client 88 trained
Client 88 uploaded
Client 50 trained
Client 50 uploaded
Client 68 trained
Client 68 uploaded
Client 6 trained
Client 6 uploaded
Client 7 trained
Client 7 uploaded
Client 10 trained
Client 10 uploaded
Epoch(t): 55 accuracy: 41.86 loss 1.6151323819160461 run_time: 1067.3950901031494
Current clients: 100 , select: 10
| current_epoch 56 |. Begin client select
SchedulerThread select( 10 clients):
49 | 67 | 94 | 33 | 79 | 24 | 87 | 34 | 80 | 27 |
-----------------------------------------------------------------Schedule complete
Client 94 trained
Client 94 uploaded
Client 33 trained
Client 33 uploaded
Client 24 trained
Client 24 uploaded
Client 49 trained
Client 49 uploaded
Client 87 trained
Client 87 uploaded
Client 27 trained
Client 27 uploaded
Client 67 trained
Client 67 uploaded
Client 80 trained
Client 80 uploaded
Client 79 trained
Client 79 uploaded
Client 34 trained
Client 34 uploaded
Epoch(t): 56 accuracy: 41.07 loss 1.7669831669330598 run_time: 1083.2108790874481
Current clients: 100 , select: 10
| current_epoch 57 |. Begin client select
SchedulerThread select( 10 clients):
30 | 21 | 63 | 47 | 67 | 49 | 66 | 8 | 46 | 10 |
-----------------------------------------------------------------Schedule complete
Client 66 trained
Client 66 uploaded
Client 49 trained
Client 49 uploaded
Client 46 trained
Client 46 uploaded
Client 21 trained
Client 21 uploaded
Client 47 trained
Client 47 uploaded
Client 8 trained
Client 8 uploaded
Client 67 trained
Client 67 uploaded
Client 63 trained
Client 63 uploaded
Client 30 trained
Client 30 uploaded
Client 10 trained
Client 10 uploaded
Epoch(t): 57 accuracy: 55.21 loss 1.303820719718933 run_time: 1103.6520915031433
Current clients: 100 , select: 10
| current_epoch 58 |. Begin client select
SchedulerThread select( 10 clients):
4 | 7 | 88 | 40 | 68 | 36 | 84 | 20 | 62 | 31 |
-----------------------------------------------------------------Schedule complete
Client 31 trained
Client 31 uploaded
Client 84 trained
Client 84 uploaded
Client 40 trained
Client 40 uploaded
Client 20 trained
Client 20 uploaded
Client 88 trained
Client 88 uploaded
Client 62 trained
Client 62 uploaded
Client 68 trained
Client 68 uploaded
Client 7 trained
Client 7 uploaded
Client 36 trained
Client 36 uploaded
Client 4 trained
Client 4 uploaded
Epoch(t): 58 accuracy: 43.13 loss 1.6709649646282196 run_time: 1123.8909125328064
Current clients: 100 , select: 10
| current_epoch 59 |. Begin client select
SchedulerThread select( 10 clients):
81 | 66 | 16 | 6 | 17 | 91 | 49 | 25 | 70 | 40 |
-----------------------------------------------------------------Schedule complete
Client 66 trained
Client 66 uploaded
Client 49 trained
Client 49 uploaded
Client 40 trained
Client 40 uploaded
Client 25 trained
Client 25 uploaded
Client 17 trained
Client 17 uploaded
Client 81 trained
Client 81 uploaded
Client 70 trained
Client 70 uploaded
Client 6 trained
Client 6 uploaded
Client 91 trained
Client 91 uploaded
Client 16 trained
Client 16 uploaded
Epoch(t): 59 accuracy: 55.06 loss 1.2617031943798065 run_time: 1142.4165382385254
Current clients: 100 , select: 10
| current_epoch 60 |. Begin client select
SchedulerThread select( 10 clients):
77 | 8 | 41 | 84 | 81 | 1 | 37 | 59 | 28 | 78 |
-----------------------------------------------------------------Schedule complete
Client 1 trained
Client 1 uploaded
Client 28 trained
Client 28 uploaded
Client 37 trained
Client 37 uploaded
Client 84 trained
Client 84 uploaded
Client 41 trained
Client 41 uploaded
Client 81 trained
Client 81 uploaded
Client 8 trained
Client 8 uploaded
Client 78 trained
Client 78 uploaded
Client 59 trained
Client 59 uploaded
Client 77 trained
Client 77 uploaded
Epoch(t): 60 accuracy: 47.56 loss 1.543582717180252 run_time: 1155.7319173812866
Current clients: 100 , select: 10
| current_epoch 61 |. Begin client select
SchedulerThread select( 10 clients):
92 | 69 | 45 | 75 | 56 | 48 | 97 | 52 | 37 | 17 |
-----------------------------------------------------------------Schedule complete
Client 92 trained
Client 92 uploaded
Client 37 trained
Client 37 uploaded
Client 52 trained
Client 52 uploaded
Client 75 trained
Client 75 uploaded
Client 17 trained
Client 17 uploaded
Client 48 trained
Client 48 uploaded
Client 97 trained
Client 97 uploaded
Client 56 trained
Client 56 uploaded
Client 45 trained
Client 45 uploaded
Client 69 trained
Client 69 uploaded
Epoch(t): 61 accuracy: 47.6 loss 1.462326887845993 run_time: 1174.995817899704
Current clients: 100 , select: 10
| current_epoch 62 |. Begin client select
SchedulerThread select( 10 clients):
35 | 67 | 77 | 32 | 6 | 39 | 72 | 58 | 85 | 70 |
-----------------------------------------------------------------Schedule complete
Client 58 trained
Client 58 uploaded
Client 39 trained
Client 39 uploaded
Client 6 trained
Client 6 uploaded
Client 35 trained
Client 35 uploaded
Client 67 trained
Client 67 uploaded
Client 70 trained
Client 70 uploaded
Client 85 trained
Client 85 uploaded
Client 72 trained
Client 72 uploaded
Client 77 trained
Client 77 uploaded
Client 32 trained
Client 32 uploaded
Epoch(t): 62 accuracy: 50.05 loss 1.3679179286956786 run_time: 1194.1030917167664
Current clients: 100 , select: 10
| current_epoch 63 |. Begin client select
SchedulerThread select( 10 clients):
7 | 21 | 81 | 48 | 91 | 98 | 90 | 13 | 14 | 52 |
-----------------------------------------------------------------Schedule complete
Client 13 trained
Client 13 uploaded
Client 14 trained
Client 14 uploaded
Client 52 trained
Client 52 uploaded
Client 98 trained
Client 98 uploaded
Client 21 trained
Client 21 uploaded
Client 48 trained
Client 48 uploaded
Client 81 trained
Client 81 uploaded
Client 7 trained
Client 7 uploaded
Client 90 trained
Client 90 uploaded
Client 91 trained
Client 91 uploaded
Epoch(t): 63 accuracy: 48.67 loss 1.3753919458389283 run_time: 1210.206003665924
Current clients: 100 , select: 10
| current_epoch 64 |. Begin client select
SchedulerThread select( 10 clients):
52 | 24 | 86 | 47 | 40 | 48 | 23 | 37 | 20 | 99 |
-----------------------------------------------------------------Schedule complete
Client 86 trained
Client 86 uploaded
Client 37 trained
Client 37 uploaded
Client 24 trained
Client 24 uploaded
Client 52 trained
Client 52 uploaded
Client 40 trained
Client 40 uploaded
Client 20 trained
Client 20 uploaded
Client 47 trained
Client 47 uploaded
Client 48 trained
Client 48 uploaded
Client 23 trained
Client 23 uploaded
Client 99 trained
Client 99 uploaded
Epoch(t): 64 accuracy: 54.47 loss 1.2703112268447876 run_time: 1225.4018015861511
Current clients: 100 , select: 10
| current_epoch 65 |. Begin client select
SchedulerThread select( 10 clients):
0 | 47 | 93 | 11 | 19 | 45 | 59 | 33 | 56 | 41 |
-----------------------------------------------------------------Schedule complete
Client 93 trained
Client 93 uploaded
Client 33 trained
Client 33 uploaded
Client 41 trained
Client 41 uploaded
Client 19 trained
Client 19 uploaded
Client 47 trained
Client 47 uploaded
Client 59 trained
Client 59 uploaded
Client 56 trained
Client 56 uploaded
Client 45 trained
Client 45 uploaded
Client 0 trained
Client 0 uploaded
Client 11 trained
Client 11 uploaded
Epoch(t): 65 accuracy: 49.24 loss 1.4104695796966553 run_time: 1243.6050961017609
Current clients: 100 , select: 10
| current_epoch 66 |. Begin client select
SchedulerThread select( 10 clients):
36 | 38 | 64 | 99 | 88 | 83 | 82 | 91 | 30 | 39 |
-----------------------------------------------------------------Schedule complete
Client 39 trained
Client 39 uploaded
Client 88 trained
Client 88 uploaded
Client 83 trained
Client 83 uploaded
Client 36 trained
Client 36 uploaded
Client 38 trained
Client 38 uploaded
Client 64 trained
Client 64 uploaded
Client 82 trained
Client 82 uploaded
Client 99 trained
Client 99 uploaded
Client 91 trained
Client 91 uploaded
Client 30 trained
Client 30 uploaded
Epoch(t): 66 accuracy: 52.68 loss 1.325617152452469 run_time: 1266.6715896129608
Current clients: 100 , select: 10
| current_epoch 67 |. Begin client select
SchedulerThread select( 10 clients):
45 | 73 | 70 | 78 | 41 | 90 | 23 | 2 | 86 | 85 |
-----------------------------------------------------------------Schedule complete
Client 86 trained
Client 86 uploaded
Client 41 trained
Client 41 uploaded
Client 70 trained
Client 70 uploaded
Client 78 trained
Client 78 uploaded
Client 23 trained
Client 23 uploaded
Client 45 trained
Client 45 uploaded
Client 85 trained
Client 85 uploaded
Client 2 trained
Client 2 uploaded
Client 90 trained
Client 90 uploaded
Client 73 trained
Client 73 uploaded
Epoch(t): 67 accuracy: 41.43 loss 1.6354243302345275 run_time: 1287.7920451164246
Current clients: 100 , select: 10
| current_epoch 68 |. Begin client select
SchedulerThread select( 10 clients):
96 | 99 | 14 | 32 | 66 | 55 | 81 | 8 | 87 | 84 |
-----------------------------------------------------------------Schedule complete
Client 14 trained
Client 14 uploaded
Client 84 trained
Client 84 uploaded
Client 66 trained
Client 66 uploaded
Client 87 trained
Client 87 uploaded
Client 81 trained
Client 81 uploaded
Client 8 trained
Client 8 uploaded
Client 55 trained
Client 55 uploaded
Client 99 trained
Client 99 uploaded
Client 32 trained
Client 32 uploaded
Client 96 trained
Client 96 uploaded
Epoch(t): 68 accuracy: 53.03 loss 1.3833189260959626 run_time: 1306.6244759559631
Current clients: 100 , select: 10
| current_epoch 69 |. Begin client select
SchedulerThread select( 10 clients):
64 | 16 | 46 | 95 | 60 | 47 | 59 | 88 | 39 | 66 |
-----------------------------------------------------------------Schedule complete
Client 39 trained
Client 39 uploaded
Client 66 trained
Client 66 uploaded
Client 60 trained
Client 60 uploaded
Client 46 trained
Client 46 uploaded
Client 88 trained
Client 88 uploaded
Client 95 trained
Client 95 uploaded
Client 47 trained
Client 47 uploaded
Client 64 trained
Client 64 uploaded
Client 59 trained
Client 59 uploaded
Client 16 trained
Client 16 uploaded
Epoch(t): 69 accuracy: 49.95 loss 1.377302439212799 run_time: 1325.01828956604
Current clients: 100 , select: 10
| current_epoch 70 |. Begin client select
SchedulerThread select( 10 clients):
36 | 23 | 11 | 88 | 14 | 89 | 53 | 54 | 6 | 94 |
-----------------------------------------------------------------Schedule complete
Client 94 trained
Client 94 uploaded
Client 14 trained
Client 14 uploaded
Client 54 trained
Client 54 uploaded
Client 88 trained
Client 88 uploaded
Client 6 trained
Client 6 uploaded
Client 36 trained
Client 36 uploaded
Client 23 trained
Client 23 uploaded
Client 11 trained
Client 11 uploaded
Client 89 trained
Client 89 uploaded
Client 53 trained
Client 53 uploaded
Epoch(t): 70 accuracy: 43.83 loss 1.5302922570705413 run_time: 1348.4973285198212
Current clients: 100 , select: 10
| current_epoch 71 |. Begin client select
SchedulerThread select( 10 clients):
40 | 37 | 84 | 28 | 4 | 98 | 13 | 11 | 75 | 66 |
-----------------------------------------------------------------Schedule complete
Client 13 trained
Client 13 uploaded
Client 28 trained
Client 28 uploaded
Client 37 trained
Client 37 uploaded
Client 84 trained
Client 84 uploaded
Client 66 trained
Client 66 uploaded
Client 40 trained
Client 40 uploaded
Client 75 trained
Client 75 uploaded
Client 98 trained
Client 98 uploaded
Client 11 trained
Client 11 uploaded
Client 4 trained
Client 4 uploaded
Epoch(t): 71 accuracy: 49.76 loss 1.464290406703949 run_time: 1366.3884546756744
Current clients: 100 , select: 10
| current_epoch 72 |. Begin client select
SchedulerThread select( 10 clients):
88 | 60 | 28 | 87 | 20 | 42 | 43 | 63 | 32 | 36 |
-----------------------------------------------------------------Schedule complete
Client 28 trained
Client 28 uploaded
Client 87 trained
Client 87 uploaded
Client 60 trained
Client 60 uploaded
Client 20 trained
Client 20 uploaded
Client 88 trained
Client 88 uploaded
Client 36 trained
Client 36 uploaded
Client 63 trained
Client 63 uploaded
Client 32 trained
Client 32 uploaded
Client 43 trained
Client 43 uploaded
Client 42 trained
Client 42 uploaded
Epoch(t): 72 accuracy: 54.89 loss 1.248154958486557 run_time: 1388.5820655822754
Current clients: 100 , select: 10
| current_epoch 73 |. Begin client select
SchedulerThread select( 10 clients):
13 | 35 | 27 | 63 | 92 | 4 | 80 | 10 | 28 | 69 |
-----------------------------------------------------------------Schedule complete
Client 13 trained
Client 13 uploaded
Client 28 trained
Client 28 uploaded
Client 92 trained
Client 92 uploaded
Client 27 trained
Client 27 uploaded
Client 35 trained
Client 35 uploaded
Client 63 trained
Client 63 uploaded
Client 80 trained
Client 80 uploaded
Client 10 trained
Client 10 uploaded
Client 69 trained
Client 69 uploaded
Client 4 trained
Client 4 uploaded
Epoch(t): 73 accuracy: 55.93 loss 1.307527067065239 run_time: 1412.0960319042206
Current clients: 100 , select: 10
| current_epoch 74 |. Begin client select
SchedulerThread select( 10 clients):
82 | 99 | 86 | 94 | 54 | 90 | 84 | 42 | 19 | 71 |
-----------------------------------------------------------------Schedule complete
Client 94 trained
Client 94 uploaded
Client 86 trained
Client 86 uploaded
Client 84 trained
Client 84 uploaded
Client 19 trained
Client 19 uploaded
Client 71 trained
Client 71 uploaded
Client 54 trained
Client 54 uploaded
Client 82 trained
Client 82 uploaded
Client 99 trained
Client 99 uploaded
Client 90 trained
Client 90 uploaded
Client 42 trained
Client 42 uploaded
Epoch(t): 74 accuracy: 55.62 loss 1.24143803358078 run_time: 1430.0074863433838
Current clients: 100 , select: 10
| current_epoch 75 |. Begin client select
SchedulerThread select( 10 clients):
76 | 81 | 71 | 15 | 12 | 92 | 73 | 26 | 59 | 47 |
-----------------------------------------------------------------Schedule complete
Client 12 trained
Client 12 uploaded
Client 92 trained
Client 92 uploaded
Client 71 trained
Client 71 uploaded
Client 81 trained
Client 81 uploaded
Client 47 trained
Client 47 uploaded
Client 59 trained
Client 59 uploaded
Client 26 trained
Client 26 uploaded
Client 76 trained
Client 76 uploaded
Client 73 trained
Client 73 uploaded
Client 15 trained
Client 15 uploaded
Epoch(t): 75 accuracy: 50.6 loss 1.4388450956344605 run_time: 1448.7247514724731
Current clients: 100 , select: 10
| current_epoch 76 |. Begin client select
SchedulerThread select( 10 clients):
21 | 26 | 71 | 42 | 0 | 51 | 82 | 18 | 63 | 13 |
-----------------------------------------------------------------Schedule complete
Client 13 trained
Client 13 uploaded
Client 18 trained
Client 18 uploaded
Client 71 trained
Client 71 uploaded
Client 21 trained
Client 21 uploaded
Client 82 trained
Client 82 uploaded
Client 26 trained
Client 26 uploaded
Client 63 trained
Client 63 uploaded
Client 51 trained
Client 51 uploaded
Client 0 trained
Client 0 uploaded
Client 42 trained
Client 42 uploaded
Epoch(t): 76 accuracy: 47.95 loss 1.48759969830513 run_time: 1469.2683732509613
Current clients: 100 , select: 10
| current_epoch 77 |. Begin client select
SchedulerThread select( 10 clients):
91 | 99 | 95 | 11 | 44 | 82 | 5 | 55 | 67 | 46 |
-----------------------------------------------------------------Schedule complete
Client 5 trained
Client 5 uploaded
Client 44 trained
Client 44 uploaded
Client 46 trained
Client 46 uploaded
Client 67 trained
Client 67 uploaded
Client 55 trained
Client 55 uploaded
Client 95 trained
Client 95 uploaded
Client 82 trained
Client 82 uploaded
Client 99 trained
Client 99 uploaded
Client 91 trained
Client 91 uploaded
Client 11 trained
Client 11 uploaded
Epoch(t): 77 accuracy: 51.05 loss 1.4173575639724731 run_time: 1490.2052748203278
Current clients: 100 , select: 10
| current_epoch 78 |. Begin client select
SchedulerThread select( 10 clients):
16 | 87 | 60 | 95 | 15 | 82 | 58 | 32 | 85 | 51 |
-----------------------------------------------------------------Schedule complete
Client 58 trained
Client 58 uploaded
Client 87 trained
Client 87 uploaded
Client 60 trained
Client 60 uploaded
Client 95 trained
Client 95 uploaded
Client 85 trained
Client 85 uploaded
Client 82 trained
Client 82 uploaded
Client 51 trained
Client 51 uploaded
Client 15 trained
Client 15 uploaded
Client 16 trained
Client 16 uploaded
Client 32 trained
Client 32 uploaded
Epoch(t): 78 accuracy: 50.36 loss 1.4197143018245697 run_time: 1511.7907910346985
Current clients: 100 , select: 10
| current_epoch 79 |. Begin client select
SchedulerThread select( 10 clients):
11 | 4 | 69 | 81 | 36 | 37 | 60 | 79 | 21 | 99 |
-----------------------------------------------------------------Schedule complete
Client 37 trained
Client 37 uploaded
Client 60 trained
Client 60 uploaded
Client 81 trained
Client 81 uploaded
Client 21 trained
Client 21 uploaded
Client 36 trained
Client 36 uploaded
Client 79 trained
Client 79 uploaded
Client 99 trained
Client 99 uploaded
Client 11 trained
Client 11 uploaded
Client 69 trained
Client 69 uploaded
Client 4 trained
Client 4 uploaded
Epoch(t): 79 accuracy: 51.48 loss 1.34144864320755 run_time: 1537.3337779045105
Current clients: 100 , select: 10
| current_epoch 80 |. Begin client select
SchedulerThread select( 10 clients):
36 | 83 | 57 | 52 | 72 | 50 | 33 | 17 | 95 | 28 |
-----------------------------------------------------------------Schedule complete
Client 28 trained
Client 28 uploaded
Client 33 trained
Client 33 uploaded
Client 57 trained
Client 57 uploaded
Client 52 trained
Client 52 uploaded
Client 17 trained
Client 17 uploaded
Client 72 trained
Client 72 uploaded
Client 95 trained
Client 95 uploaded
Client 50 trained
Client 50 uploaded
Client 83 trained
Client 83 uploaded
Client 36 trained
Client 36 uploaded
Epoch(t): 80 accuracy: 52.85 loss 1.3681112158298492 run_time: 1551.962115764618
Current clients: 100 , select: 10
| current_epoch 81 |. Begin client select
SchedulerThread select( 10 clients):
10 | 65 | 31 | 54 | 82 | 89 | 90 | 40 | 59 | 98 |
-----------------------------------------------------------------Schedule complete
Client 31 trained
Client 31 uploaded
Client 40 trained
Client 40 uploaded
Client 98 trained
Client 98 uploaded
Client 54 trained
Client 54 uploaded
Client 59 trained
Client 59 uploaded
Client 82 trained
Client 82 uploaded
Client 65 trained
Client 65 uploaded
Client 90 trained
Client 90 uploaded
Client 10 trained
Client 10 uploaded
Client 89 trained
Client 89 uploaded
Epoch(t): 81 accuracy: 55.99 loss 1.2459233319759369 run_time: 1574.7072141170502
Current clients: 100 , select: 10
| current_epoch 82 |. Begin client select
SchedulerThread select( 10 clients):
42 | 97 | 57 | 70 | 32 | 8 | 94 | 9 | 25 | 93 |
-----------------------------------------------------------------Schedule complete
Client 94 trained
Client 94 uploaded
Client 93 trained
Client 93 uploaded
Client 9 trained
Client 9 uploaded
Client 57 trained
Client 57 uploaded
Client 25 trained
Client 25 uploaded
Client 70 trained
Client 70 uploaded
Client 8 trained
Client 8 uploaded
Client 97 trained
Client 97 uploaded
Client 32 trained
Client 32 uploaded
Client 42 trained
Client 42 uploaded
Epoch(t): 82 accuracy: 53.42 loss 1.3019832229614259 run_time: 1592.6520624160767
Current clients: 100 , select: 10
| current_epoch 83 |. Begin client select
SchedulerThread select( 10 clients):
85 | 95 | 53 | 39 | 97 | 30 | 37 | 81 | 54 | 51 |
-----------------------------------------------------------------Schedule complete
Client 39 trained
Client 39 uploaded
Client 37 trained
Client 37 uploaded
Client 54 trained
Client 54 uploaded
Client 81 trained
Client 81 uploaded
Client 95 trained
Client 95 uploaded
Client 97 trained
Client 97 uploaded
Client 85 trained
Client 85 uploaded
Client 51 trained
Client 51 uploaded
Client 30 trained
Client 30 uploaded
Client 53 trained
Client 53 uploaded
Epoch(t): 83 accuracy: 53.1 loss 1.3199505066871644 run_time: 1615.1955065727234
Current clients: 100 , select: 10
| current_epoch 84 |. Begin client select
SchedulerThread select( 10 clients):
12 | 76 | 32 | 44 | 50 | 29 | 85 | 99 | 75 | 31 |
-----------------------------------------------------------------Schedule complete
Client 31 trained
Client 31 uploaded
Client 12 trained
Client 12 uploaded
Client 44 trained
Client 44 uploaded
Client 75 trained
Client 75 uploaded
Client 50 trained
Client 50 uploaded
Client 85 trained
Client 85 uploaded
Client 76 trained
Client 76 uploaded
Client 99 trained
Client 99 uploaded
Client 29 trained
Client 29 uploaded
Client 32 trained
Client 32 uploaded
Epoch(t): 84 accuracy: 55.93 loss 1.2565392327308655 run_time: 1635.2972979545593
Current clients: 100 , select: 10
| current_epoch 85 |. Begin client select
SchedulerThread select( 10 clients):
42 | 54 | 43 | 25 | 88 | 90 | 77 | 87 | 94 | 65 |
-----------------------------------------------------------------Schedule complete
Client 94 trained
Client 94 uploaded
Client 87 trained
Client 87 uploaded
Client 25 trained
Client 25 uploaded
Client 54 trained
Client 54 uploaded
Client 88 trained
Client 88 uploaded
Client 65 trained
Client 65 uploaded
Client 90 trained
Client 90 uploaded
Client 77 trained
Client 77 uploaded
Client 42 trained
Client 42 uploaded
Client 43 trained
Client 43 uploaded
Epoch(t): 85 accuracy: 52.31 loss 1.3092393803596496 run_time: 1656.9787883758545
Current clients: 100 , select: 10
| current_epoch 86 |. Begin client select
SchedulerThread select( 10 clients):
37 | 71 | 6 | 45 | 98 | 91 | 74 | 82 | 57 | 36 |
-----------------------------------------------------------------Schedule complete
Client 74 trained
Client 74 uploaded
Client 37 trained
Client 37 uploaded
Client 57 trained
Client 57 uploaded
Client 71 trained
Client 71 uploaded
Client 98 trained
Client 98 uploaded
Client 6 trained
Client 6 uploaded
Client 36 trained
Client 36 uploaded
Client 82 trained
Client 82 uploaded
Client 45 trained
Client 45 uploaded
Client 91 trained
Client 91 uploaded
Epoch(t): 86 accuracy: 55.08 loss 1.2257092756032943 run_time: 1674.415517091751
Current clients: 100 , select: 10
| current_epoch 87 |. Begin client select
SchedulerThread select( 10 clients):
87 | 73 | 56 | 99 | 46 | 60 | 88 | 37 | 84 | 79 |
-----------------------------------------------------------------Schedule complete
Client 37 trained
Client 37 uploaded
Client 84 trained
Client 84 uploaded
Client 87 trained
Client 87 uploaded
Client 60 trained
Client 60 uploaded
Client 46 trained
Client 46 uploaded
Client 88 trained
Client 88 uploaded
Client 56 trained
Client 56 uploaded
Client 73 trained
Client 73 uploaded
Client 99 trained
Client 99 uploaded
Client 79 trained
Client 79 uploaded
Epoch(t): 87 accuracy: 59.12 loss 1.1563914501667023 run_time: 1691.434511423111
Current clients: 100 , select: 10
| current_epoch 88 |. Begin client select
SchedulerThread select( 10 clients):
78 | 49 | 7 | 67 | 50 | 41 | 63 | 12 | 5 | 35 |
-----------------------------------------------------------------Schedule complete
Client 5 trained
Client 5 uploaded
Client 12 trained
Client 12 uploaded
Client 41 trained
Client 41 uploaded
Client 49 trained
Client 49 uploaded
Client 50 trained
Client 50 uploaded
Client 67 trained
Client 67 uploaded
Client 35 trained
Client 35 uploaded
Client 7 trained
Client 7 uploaded
Client 78 trained
Client 78 uploaded
Client 63 trained
Client 63 uploaded
Epoch(t): 88 accuracy: 51.38 loss 1.3956991243362427 run_time: 1707.5778715610504
Current clients: 100 , select: 10
| current_epoch 89 |. Begin client select
SchedulerThread select( 10 clients):
26 | 39 | 63 | 17 | 22 | 49 | 18 | 71 | 19 | 36 |
-----------------------------------------------------------------Schedule complete
Client 39 trained
Client 39 uploaded
Client 18 trained
Client 18 uploaded
Client 49 trained
Client 49 uploaded
Client 19 trained
Client 19 uploaded
Client 71 trained
Client 71 uploaded
Client 17 trained
Client 17 uploaded
Client 36 trained
Client 36 uploaded
Client 26 trained
Client 26 uploaded
Client 63 trained
Client 63 uploaded
Client 22 trained
Client 22 uploaded
Epoch(t): 89 accuracy: 58.04 loss 1.2141142356395722 run_time: 1723.1324892044067
Current clients: 100 , select: 10
| current_epoch 90 |. Begin client select
SchedulerThread select( 10 clients):
79 | 42 | 22 | 94 | 11 | 18 | 61 | 63 | 19 | 49 |
-----------------------------------------------------------------Schedule complete
Client 94 trained
Client 94 uploaded
Client 61 trained
Client 61 uploaded
Client 18 trained
Client 18 uploaded
Client 49 trained
Client 49 uploaded
Client 19 trained
Client 19 uploaded
Client 63 trained
Client 63 uploaded
Client 22 trained
Client 22 uploaded
Client 79 trained
Client 79 uploaded
Client 42 trained
Client 42 uploaded
Client 11 trained
Client 11 uploaded
Epoch(t): 90 accuracy: 45.9 loss 1.6303629720211028 run_time: 1742.2141268253326
Current clients: 100 , select: 10
| current_epoch 91 |. Begin client select
SchedulerThread select( 10 clients):
46 | 34 | 80 | 30 | 86 | 15 | 82 | 11 | 49 | 8 |
-----------------------------------------------------------------Schedule complete
Client 86 trained
Client 86 uploaded
Client 49 trained
Client 49 uploaded
Client 46 trained
Client 46 uploaded
Client 8 trained
Client 8 uploaded
Client 82 trained
Client 82 uploaded
Client 80 trained
Client 80 uploaded
Client 30 trained
Client 30 uploaded
Client 15 trained
Client 15 uploaded
Client 34 trained
Client 34 uploaded
Client 11 trained
Client 11 uploaded
Epoch(t): 91 accuracy: 60.01 loss 1.1545979005098344 run_time: 1766.843962430954
Current clients: 100 , select: 10
| current_epoch 92 |. Begin client select
SchedulerThread select( 10 clients):
11 | 95 | 85 | 50 | 45 | 70 | 55 | 72 | 24 | 25 |
-----------------------------------------------------------------Schedule complete
Client 24 trained
Client 24 uploaded
Client 25 trained
Client 25 uploaded
Client 72 trained
Client 72 uploaded
Client 95 trained
Client 95 uploaded
Client 50 trained
Client 50 uploaded
Client 55 trained
Client 55 uploaded
Client 70 trained
Client 70 uploaded
Client 85 trained
Client 85 uploaded
Client 45 trained
Client 45 uploaded
Client 11 trained
Client 11 uploaded
Epoch(t): 92 accuracy: 57.42 loss 1.1851763170957565 run_time: 1787.991771697998
Current clients: 100 , select: 10
| current_epoch 93 |. Begin client select
SchedulerThread select( 10 clients):
15 | 30 | 88 | 61 | 92 | 90 | 18 | 69 | 8 | 62 |
-----------------------------------------------------------------Schedule complete
Client 61 trained
Client 61 uploaded
Client 18 trained
Client 18 uploaded
Client 92 trained
Client 92 uploaded
Client 88 trained
Client 88 uploaded
Client 62 trained
Client 62 uploaded
Client 8 trained
Client 8 uploaded
Client 90 trained
Client 90 uploaded
Client 15 trained
Client 15 uploaded
Client 30 trained
Client 30 uploaded
Client 69 trained
Client 69 uploaded
Epoch(t): 93 accuracy: 49.49 loss 1.4629107880592347 run_time: 1808.7473289966583
Current clients: 100 , select: 10
| current_epoch 94 |. Begin client select
SchedulerThread select( 10 clients):
25 | 10 | 86 | 17 | 88 | 19 | 41 | 87 | 80 | 11 |
-----------------------------------------------------------------Schedule complete
Client 86 trained
Client 86 uploaded
Client 41 trained
Client 41 uploaded
Client 87 trained
Client 87 uploaded
Client 19 trained
Client 19 uploaded
Client 25 trained
Client 25 uploaded
Client 88 trained
Client 88 uploaded
Client 17 trained
Client 17 uploaded
Client 80 trained
Client 80 uploaded
Client 11 trained
Client 11 uploaded
Client 10 trained
Client 10 uploaded
Epoch(t): 94 accuracy: 53.62 loss 1.3072210872173309 run_time: 1826.7119014263153
Current clients: 100 , select: 10
| current_epoch 95 |. Begin client select
SchedulerThread select( 10 clients):
52 | 22 | 78 | 34 | 59 | 90 | 65 | 75 | 10 | 39 |
-----------------------------------------------------------------Schedule complete
Client 39 trained
Client 39 uploaded
Client 52 trained
Client 52 uploaded
Client 75 trained
Client 75 uploaded
Client 78 trained
Client 78 uploaded
Client 59 trained
Client 59 uploaded
Client 65 trained
Client 65 uploaded
Client 22 trained
Client 22 uploaded
Client 90 trained
Client 90 uploaded
Client 10 trained
Client 10 uploaded
Client 34 trained
Client 34 uploaded
Epoch(t): 95 accuracy: 52.9 loss 1.3726034450531006 run_time: 1848.6248745918274
Current clients: 100 , select: 10
| current_epoch 96 |. Begin client select
SchedulerThread select( 10 clients):
26 | 17 | 24 | 60 | 53 | 35 | 4 | 13 | 82 | 59 |
-----------------------------------------------------------------Schedule complete
Client 13 trained
Client 13 uploaded
Client 24 trained
Client 24 uploaded
Client 60 trained
Client 60 uploaded
Client 17 trained
Client 17 uploaded
Client 35 trained
Client 35 uploaded
Client 82 trained
Client 82 uploaded
Client 26 trained
Client 26 uploaded
Client 59 trained
Client 59 uploaded
Client 53 trained
Client 53 uploaded
Client 4 trained
Client 4 uploaded
Epoch(t): 96 accuracy: 50.26 loss 1.3668558931350707 run_time: 1870.5962557792664
Current clients: 100 , select: 10
| current_epoch 97 |. Begin client select
SchedulerThread select( 10 clients):
75 | 29 | 43 | 14 | 62 | 1 | 25 | 53 | 93 | 63 |
-----------------------------------------------------------------Schedule complete
Client 1 trained
Client 1 uploaded
Client 93 trained
Client 93 uploaded
Client 14 trained
Client 14 uploaded
Client 75 trained
Client 75 uploaded
Client 25 trained
Client 25 uploaded
Client 62 trained
Client 62 uploaded
Client 63 trained
Client 63 uploaded
Client 29 trained
Client 29 uploaded
Client 43 trained
Client 43 uploaded
Client 53 trained
Client 53 uploaded
Epoch(t): 97 accuracy: 51.85 loss 1.475292272567749 run_time: 1890.3943536281586
Current clients: 100 , select: 10
| current_epoch 98 |. Begin client select
SchedulerThread select( 10 clients):
9 | 52 | 88 | 6 | 73 | 79 | 44 | 76 | 56 | 66 |
-----------------------------------------------------------------Schedule complete
Client 9 trained
Client 9 uploaded
Client 44 trained
Client 44 uploaded
Client 66 trained
Client 66 uploaded
Client 52 trained
Client 52 uploaded
Client 88 trained
Client 88 uploaded
Client 6 trained
Client 6 uploaded
Client 56 trained
Client 56 uploaded
Client 76 trained
Client 76 uploaded
Client 79 trained
Client 79 uploaded
Client 73 trained
Client 73 uploaded
Epoch(t): 98 accuracy: 53.65 loss 1.2565705770254134 run_time: 1907.536298274994
Current clients: 100 , select: 10
| current_epoch 99 |. Begin client select
SchedulerThread select( 10 clients):
36 | 24 | 42 | 66 | 28 | 61 | 62 | 99 | 8 | 30 |
-----------------------------------------------------------------Schedule complete
Client 28 trained
Client 28 uploaded
Client 61 trained
Client 61 uploaded
Client 24 trained
Client 24 uploaded
Client 66 trained
Client 66 uploaded
Client 62 trained
Client 62 uploaded
Client 8 trained
Client 8 uploaded
Client 36 trained
Client 36 uploaded
Client 99 trained
Client 99 uploaded
Client 30 trained
Client 30 uploaded
Client 42 trained
Client 42 uploaded
Epoch(t): 99 accuracy: 49.44 loss 1.4181159901618958 run_time: 1926.3114392757416
Current clients: 100 , select: 10
| current_epoch 100 |. Begin client select
SchedulerThread select( 10 clients):
8 | 24 | 71 | 81 | 37 | 88 | 97 | 73 | 90 | 56 |
-----------------------------------------------------------------Schedule complete
Client 37 trained
Client 37 uploaded
Client 24 trained
Client 24 uploaded
Client 71 trained
Client 71 uploaded
Client 88 trained
Client 88 uploaded
Client 8 trained
Client 8 uploaded
Client 81 trained
Client 81 uploaded
Client 97 trained
Client 97 uploaded
Client 56 trained
Client 56 uploaded
Client 73 trained
Client 73 uploaded
Client 90 trained
Client 90 uploaded
Epoch(t): 100 accuracy: 51.79 loss 1.3475387334823608 run_time: 1943.746217250824
Current clients: 100 , select: 10
| current_epoch 101 |. Begin client select
SchedulerThread select( 10 clients):
33 | 22 | 49 | 2 | 51 | 97 | 17 | 10 | 80 | 26 |
-----------------------------------------------------------------Schedule complete
Client 33 trained
Client 33 uploaded
Client 49 trained
Client 49 uploaded
Client 17 trained
Client 17 uploaded
Client 97 trained
Client 97 uploaded
Client 51 trained
Client 51 uploaded
Client 80 trained
Client 80 uploaded
Client 22 trained
Client 22 uploaded
Client 26 trained
Client 26 uploaded
Client 2 trained
Client 2 uploaded
Client 10 trained
Client 10 uploaded
Epoch(t): 101 accuracy: 54.64 loss 1.2904849791526793 run_time: 1964.6470530033112
Current clients: 100 , select: 10
| current_epoch 102 |. Begin client select
SchedulerThread select( 10 clients):
64 | 22 | 81 | 9 | 96 | 46 | 51 | 83 | 7 | 30 |
-----------------------------------------------------------------Schedule complete
Client 9 trained
Client 9 uploaded
Client 46 trained
Client 46 uploaded
Client 81 trained
Client 81 uploaded
Client 83 trained
Client 83 uploaded
Client 7 trained
Client 7 uploaded
Client 51 trained
Client 51 uploaded
Client 64 trained
Client 64 uploaded
Client 22 trained
Client 22 uploaded
Client 30 trained
Client 30 uploaded
Client 96 trained
Client 96 uploaded
Epoch(t): 102 accuracy: 54.24 loss 1.3566868853569032 run_time: 1985.6896517276764
Current clients: 100 , select: 10
| current_epoch 103 |. Begin client select
SchedulerThread select( 10 clients):
97 | 49 | 11 | 66 | 5 | 13 | 94 | 12 | 88 | 83 |
-----------------------------------------------------------------Schedule complete
Client 94 trained
Client 94 uploaded
Client 13 trained
Client 13 uploaded
Client 5 trained
Client 5 uploaded
Client 12 trained
Client 12 uploaded
Client 49 trained
Client 49 uploaded
Client 66 trained
Client 66 uploaded
Client 88 trained
Client 88 uploaded
Client 97 trained
Client 97 uploaded
Client 83 trained
Client 83 uploaded
Client 11 trained
Client 11 uploaded
Epoch(t): 103 accuracy: 53.39 loss 1.3101926267147064 run_time: 1999.8427636623383
Current clients: 100 , select: 10
| current_epoch 104 |. Begin client select
SchedulerThread select( 10 clients):
50 | 70 | 72 | 5 | 60 | 61 | 76 | 35 | 73 | 55 |
-----------------------------------------------------------------Schedule complete
Client 5 trained
Client 5 uploaded
Client 61 trained
Client 61 uploaded
Client 60 trained
Client 60 uploaded
Client 50 trained
Client 50 uploaded
Client 35 trained
Client 35 uploaded
Client 55 trained
Client 55 uploaded
Client 70 trained
Client 70 uploaded
Client 76 trained
Client 76 uploaded
Client 72 trained
Client 72 uploaded
Client 73 trained
Client 73 uploaded
Epoch(t): 104 accuracy: 54.98 loss 1.2482437002658844 run_time: 2016.4033696651459
Current clients: 100 , select: 10
| current_epoch 105 |. Begin client select
SchedulerThread select( 10 clients):
44 | 24 | 45 | 29 | 13 | 60 | 65 | 76 | 38 | 64 |
-----------------------------------------------------------------Schedule complete
Client 13 trained
Client 13 uploaded
Client 44 trained
Client 44 uploaded
Client 24 trained
Client 24 uploaded
Client 60 trained
Client 60 uploaded
Client 76 trained
Client 76 uploaded
Client 38 trained
Client 38 uploaded
Client 65 trained
Client 65 uploaded
Client 64 trained
Client 64 uploaded
Client 45 trained
Client 45 uploaded
Client 29 trained
Client 29 uploaded
Epoch(t): 105 accuracy: 55.17 loss 1.2331046545505524 run_time: 2036.0886764526367
Current clients: 100 , select: 10
| current_epoch 106 |. Begin client select
SchedulerThread select( 10 clients):
3 | 41 | 6 | 68 | 19 | 76 | 26 | 30 | 64 | 98 |
-----------------------------------------------------------------Schedule complete
Client 41 trained
Client 41 uploaded
Client 19 trained
Client 19 uploaded
Client 98 trained
Client 98 uploaded
Client 3 trained
Client 3 uploaded
Client 6 trained
Client 6 uploaded
Client 68 trained
Client 68 uploaded
Client 76 trained
Client 76 uploaded
Client 26 trained
Client 26 uploaded
Client 64 trained
Client 64 uploaded
Client 30 trained
Client 30 uploaded
Epoch(t): 106 accuracy: 51.11 loss 1.4140154373645784 run_time: 2055.260368347168
Current clients: 100 , select: 10
| current_epoch 107 |. Begin client select
SchedulerThread select( 10 clients):
82 | 68 | 28 | 17 | 11 | 67 | 1 | 38 | 71 | 60 |
-----------------------------------------------------------------Schedule complete
Client 1 trained
Client 1 uploaded
Client 28 trained
Client 28 uploaded
Client 60 trained
Client 60 uploaded
Client 71 trained
Client 71 uploaded
Client 17 trained
Client 17 uploaded
Client 67 trained
Client 67 uploaded
Client 68 trained
Client 68 uploaded
Client 38 trained
Client 38 uploaded
Client 82 trained
Client 82 uploaded
Client 11 trained
Client 11 uploaded
Epoch(t): 107 accuracy: 59.54 loss 1.1519425386190414 run_time: 2073.537317276001
Current clients: 100 , select: 10
| current_epoch 108 |. Begin client select
SchedulerThread select( 10 clients):
75 | 11 | 97 | 99 | 40 | 44 | 3 | 59 | 6 | 90 |
-----------------------------------------------------------------Schedule complete
Client 44 trained
Client 44 uploaded
Client 75 trained
Client 75 uploaded
Client 40 trained
Client 40 uploaded
Client 3 trained
Client 3 uploaded
Client 6 trained
Client 6 uploaded
Client 59 trained
Client 59 uploaded
Client 97 trained
Client 97 uploaded
Client 99 trained
Client 99 uploaded
Client 90 trained
Client 90 uploaded
Client 11 trained
Client 11 uploaded
Epoch(t): 108 accuracy: 52.98 loss 1.349803513288498 run_time: 2094.361661195755
Current clients: 100 , select: 10
| current_epoch 109 |. Begin client select
SchedulerThread select( 10 clients):
84 | 4 | 20 | 61 | 98 | 46 | 89 | 45 | 55 | 73 |
-----------------------------------------------------------------Schedule complete
Client 61 trained
Client 61 uploaded
Client 84 trained
Client 84 uploaded
Client 46 trained
Client 46 uploaded
Client 98 trained
Client 98 uploaded
Client 20 trained
Client 20 uploaded
Client 55 trained
Client 55 uploaded
Client 73 trained
Client 73 uploaded
Client 45 trained
Client 45 uploaded
Client 89 trained
Client 89 uploaded
Client 4 trained
Client 4 uploaded
Epoch(t): 109 accuracy: 56.25 loss 1.2445863229036331 run_time: 2116.9385113716125
Current clients: 100 , select: 10
| current_epoch 110 |. Begin client select
SchedulerThread select( 10 clients):
31 | 35 | 93 | 10 | 3 | 68 | 28 | 49 | 63 | 75 |
-----------------------------------------------------------------Schedule complete
Client 93 trained
Client 93 uploaded
Client 31 trained
Client 31 uploaded
Client 28 trained
Client 28 uploaded
Client 49 trained
Client 49 uploaded
Client 3 trained
Client 3 uploaded
Client 75 trained
Client 75 uploaded
Client 35 trained
Client 35 uploaded
Client 68 trained
Client 68 uploaded
Client 63 trained
Client 63 uploaded
Client 10 trained
Client 10 uploaded
Epoch(t): 110 accuracy: 53.15 loss 1.3575054967403413 run_time: 2132.1480090618134
Current clients: 100 , select: 10
| current_epoch 111 |. Begin client select
SchedulerThread select( 10 clients):
22 | 7 | 75 | 85 | 96 | 10 | 79 | 74 | 91 | 37 |
-----------------------------------------------------------------Schedule complete
Client 74 trained
Client 74 uploaded
Client 37 trained
Client 37 uploaded
Client 75 trained
Client 75 uploaded
Client 85 trained
Client 85 uploaded
Client 7 trained
Client 7 uploaded
Client 79 trained
Client 79 uploaded
Client 22 trained
Client 22 uploaded
Client 91 trained
Client 91 uploaded
Client 10 trained
Client 10 uploaded
Client 96 trained
Client 96 uploaded
Epoch(t): 111 accuracy: 58.2 loss 1.1978415781259537 run_time: 2154.7660319805145
Current clients: 100 , select: 10
| current_epoch 112 |. Begin client select
SchedulerThread select( 10 clients):
76 | 50 | 21 | 20 | 64 | 38 | 79 | 18 | 19 | 13 |
-----------------------------------------------------------------Schedule complete
Client 13 trained
Client 13 uploaded
Client 18 trained
Client 18 uploaded
Client 19 trained
Client 19 uploaded
Client 21 trained
Client 21 uploaded
Client 50 trained
Client 50 uploaded
Client 20 trained
Client 20 uploaded
Client 76 trained
Client 76 uploaded
Client 38 trained
Client 38 uploaded
Client 79 trained
Client 79 uploaded
Client 64 trained
Client 64 uploaded
Epoch(t): 112 accuracy: 60.92 loss 1.1259538322687148 run_time: 2171.89066696167
Current clients: 100 , select: 10
| current_epoch 113 |. Begin client select
SchedulerThread select( 10 clients):
88 | 66 | 29 | 47 | 25 | 67 | 23 | 37 | 87 | 89 |
-----------------------------------------------------------------Schedule complete
Client 37 trained
Client 37 uploaded
Client 66 trained
Client 66 uploaded
Client 87 trained
Client 87 uploaded
Client 25 trained
Client 25 uploaded
Client 88 trained
Client 88 uploaded
Client 47 trained
Client 47 uploaded
Client 67 trained
Client 67 uploaded
Client 23 trained
Client 23 uploaded
Client 29 trained
Client 29 uploaded
Client 89 trained
Client 89 uploaded
Epoch(t): 113 accuracy: 49.61 loss 1.467362140417099 run_time: 2191.9540643692017
Current clients: 100 , select: 10
| current_epoch 114 |. Begin client select
SchedulerThread select( 10 clients):
47 | 10 | 15 | 92 | 54 | 24 | 8 | 4 | 32 | 99 |
-----------------------------------------------------------------Schedule complete
Client 92 trained
Client 92 uploaded
Client 24 trained
Client 24 uploaded
Client 54 trained
Client 54 uploaded
Client 47 trained
Client 47 uploaded
Client 8 trained
Client 8 uploaded
Client 99 trained
Client 99 uploaded
Client 10 trained
Client 10 uploaded
Client 32 trained
Client 32 uploaded
Client 15 trained
Client 15 uploaded
Client 4 trained
Client 4 uploaded
Epoch(t): 114 accuracy: 55.25 loss 1.2941287744045258 run_time: 2217.7333908081055
Current clients: 100 , select: 10
| current_epoch 115 |. Begin client select
SchedulerThread select( 10 clients):
70 | 28 | 38 | 26 | 51 | 67 | 95 | 91 | 54 | 43 |
-----------------------------------------------------------------Schedule complete
Client 28 trained
Client 28 uploaded
Client 54 trained
Client 54 uploaded
Client 95 trained
Client 95 uploaded
Client 67 trained
Client 67 uploaded
Client 70 trained
Client 70 uploaded
Client 26 trained
Client 26 uploaded
Client 38 trained
Client 38 uploaded
Client 51 trained
Client 51 uploaded
Client 91 trained
Client 91 uploaded
Client 43 trained
Client 43 uploaded
Epoch(t): 115 accuracy: 57.12 loss 1.1814257764816285 run_time: 2239.083799600601
Current clients: 100 , select: 10
| current_epoch 116 |. Begin client select
SchedulerThread select( 10 clients):
17 | 23 | 64 | 1 | 67 | 44 | 13 | 41 | 36 | 8 |
-----------------------------------------------------------------Schedule complete
Client 1 trained
Client 1 uploaded
Client 13 trained
Client 13 uploaded
Client 41 trained
Client 41 uploaded
Client 44 trained
Client 44 uploaded
Client 17 trained
Client 17 uploaded
Client 67 trained
Client 67 uploaded
Client 8 trained
Client 8 uploaded
Client 36 trained
Client 36 uploaded
Client 64 trained
Client 64 uploaded
Client 23 trained
Client 23 uploaded
Epoch(t): 116 accuracy: 59.81 loss 1.1388297718763352 run_time: 2254.058774471283
Current clients: 100 , select: 10
| current_epoch 117 |. Begin client select
SchedulerThread select( 10 clients):
79 | 36 | 23 | 63 | 55 | 59 | 9 | 34 | 93 | 92 |
-----------------------------------------------------------------Schedule complete
Client 93 trained
Client 93 uploaded
Client 9 trained
Client 9 uploaded
Client 92 trained
Client 92 uploaded
Client 55 trained
Client 55 uploaded
Client 23 trained
Client 23 uploaded
Client 79 trained
Client 79 uploaded
Client 63 trained
Client 63 uploaded
Client 36 trained
Client 36 uploaded
Client 59 trained
Client 59 uploaded
Client 34 trained
Client 34 uploaded
Epoch(t): 117 accuracy: 53.5 loss 1.3762878620624541 run_time: 2273.5732338428497
Current clients: 100 , select: 10
| current_epoch 118 |. Begin client select
SchedulerThread select( 10 clients):
15 | 61 | 9 | 78 | 79 | 97 | 51 | 70 | 94 | 29 |
-----------------------------------------------------------------Schedule complete
Client 94 trained
Client 94 uploaded
Client 61 trained
Client 61 uploaded
Client 9 trained
Client 9 uploaded
Client 70 trained
Client 70 uploaded
Client 97 trained
Client 97 uploaded
Client 78 trained
Client 78 uploaded
Client 51 trained
Client 51 uploaded
Client 79 trained
Client 79 uploaded
Client 15 trained
Client 15 uploaded
Client 29 trained
Client 29 uploaded
Epoch(t): 118 accuracy: 56.17 loss 1.2771113067865372 run_time: 2294.0699689388275
Current clients: 100 , select: 10
| current_epoch 119 |. Begin client select
SchedulerThread select( 10 clients):
9 | 6 | 46 | 77 | 5 | 12 | 91 | 96 | 90 | 58 |
-----------------------------------------------------------------Schedule complete
Client 5 trained
Client 5 uploaded
Client 12 trained
Client 12 uploaded
Client 9 trained
Client 9 uploaded
Client 58 trained
Client 58 uploaded
Client 46 trained
Client 46 uploaded
Client 6 trained
Client 6 uploaded
Client 90 trained
Client 90 uploaded
Client 96 trained
Client 96 uploaded
Client 91 trained
Client 91 uploaded
Client 77 trained
Client 77 uploaded
Epoch(t): 119 accuracy: 59.62 loss 1.1335326033830642 run_time: 2312.4752185344696
Current clients: 100 , select: 10
| current_epoch 120 |. Begin client select
SchedulerThread select( 10 clients):
44 | 20 | 93 | 33 | 26 | 4 | 5 | 77 | 57 | 25 |
-----------------------------------------------------------------Schedule complete
Client 93 trained
Client 93 uploaded
Client 33 trained
Client 33 uploaded
Client 5 trained
Client 5 uploaded
Client 44 trained
Client 44 uploaded
Client 57 trained
Client 57 uploaded
Client 25 trained
Client 25 uploaded
Client 20 trained
Client 20 uploaded
Client 26 trained
Client 26 uploaded
Client 77 trained
Client 77 uploaded
Client 4 trained
Client 4 uploaded
Epoch(t): 120 accuracy: 46.4 loss 1.6279718363285065 run_time: 2328.844064950943
Current clients: 100 , select: 10
| current_epoch 121 |. Begin client select
SchedulerThread select( 10 clients):
88 | 30 | 82 | 38 | 98 | 61 | 51 | 60 | 70 | 24 |
-----------------------------------------------------------------Schedule complete
Client 61 trained
Client 61 uploaded
Client 24 trained
Client 24 uploaded
Client 60 trained
Client 60 uploaded
Client 98 trained
Client 98 uploaded
Client 88 trained
Client 88 uploaded
Client 70 trained
Client 70 uploaded
Client 38 trained
Client 38 uploaded
Client 82 trained
Client 82 uploaded
Client 51 trained
Client 51 uploaded
Client 30 trained
Client 30 uploaded
Epoch(t): 121 accuracy: 49.74 loss 1.6156797969341279 run_time: 2346.952886581421
Current clients: 100 , select: 10
| current_epoch 122 |. Begin client select
SchedulerThread select( 10 clients):
12 | 92 | 29 | 33 | 88 | 82 | 16 | 95 | 72 | 70 |
-----------------------------------------------------------------Schedule complete
Client 33 trained
Client 33 uploaded
Client 12 trained
Client 12 uploaded
Client 92 trained
Client 92 uploaded
Client 88 trained
Client 88 uploaded
Client 95 trained
Client 95 uploaded
Client 72 trained
Client 72 uploaded
Client 70 trained
Client 70 uploaded
Client 82 trained
Client 82 uploaded
Client 16 trained
Client 16 uploaded
Client 29 trained
Client 29 uploaded
Epoch(t): 122 accuracy: 44.09 loss 1.7447293996810913 run_time: 2366.0217745304108
Current clients: 100 , select: 10
| current_epoch 123 |. Begin client select
SchedulerThread select( 10 clients):
87 | 39 | 47 | 85 | 5 | 21 | 32 | 18 | 71 | 69 |
-----------------------------------------------------------------Schedule complete
Client 5 trained
Client 5 uploaded
Client 39 trained
Client 39 uploaded
Client 18 trained
Client 18 uploaded
Client 87 trained
Client 87 uploaded
Client 71 trained
Client 71 uploaded
Client 21 trained
Client 21 uploaded
Client 47 trained
Client 47 uploaded
Client 85 trained
Client 85 uploaded
Client 32 trained
Client 32 uploaded
Client 69 trained
Client 69 uploaded
Epoch(t): 123 accuracy: 58.29 loss 1.169888728260994 run_time: 2383.367406129837
Current clients: 100 , select: 10
| current_epoch 124 |. Begin client select
SchedulerThread select( 10 clients):
3 | 86 | 61 | 71 | 90 | 17 | 7 | 5 | 87 | 9 |
-----------------------------------------------------------------Schedule complete
Client 5 trained
Client 5 uploaded
Client 61 trained
Client 61 uploaded
Client 86 trained
Client 86 uploaded
Client 9 trained
Client 9 uploaded
Client 87 trained
Client 87 uploaded
Client 71 trained
Client 71 uploaded
Client 3 trained
Client 3 uploaded
Client 17 trained
Client 17 uploaded
Client 7 trained
Client 7 uploaded
Client 90 trained
Client 90 uploaded
Epoch(t): 124 accuracy: 54.54 loss 1.251644597053528 run_time: 2395.7113070487976
Current clients: 100 , select: 10
| current_epoch 125 |. Begin client select
SchedulerThread select( 10 clients):
74 | 16 | 8 | 63 | 28 | 52 | 48 | 51 | 67 | 2 |
-----------------------------------------------------------------Schedule complete
Client 28 trained
Client 28 uploaded
Client 74 trained
Client 74 uploaded
Client 52 trained
Client 52 uploaded
Client 48 trained
Client 48 uploaded
Client 67 trained
Client 67 uploaded
Client 8 trained
Client 8 uploaded
Client 51 trained
Client 51 uploaded
Client 63 trained
Client 63 uploaded
Client 2 trained
Client 2 uploaded
Client 16 trained
Client 16 uploaded
Epoch(t): 125 accuracy: 54.43 loss 1.2790128588676453 run_time: 2413.9224412441254
Current clients: 100 , select: 10
| current_epoch 126 |. Begin client select
SchedulerThread select( 10 clients):
88 | 76 | 42 | 83 | 64 | 85 | 82 | 44 | 3 | 16 |
-----------------------------------------------------------------Schedule complete
Client 44 trained
Client 44 uploaded
Client 3 trained
Client 3 uploaded
Client 88 trained
Client 88 uploaded
Client 85 trained
Client 85 uploaded
Client 82 trained
Client 82 uploaded
Client 76 trained
Client 76 uploaded
Client 64 trained
Client 64 uploaded
Client 83 trained
Client 83 uploaded
Client 16 trained
Client 16 uploaded
Client 42 trained
Client 42 uploaded
Epoch(t): 126 accuracy: 54.7 loss 1.2755501294136047 run_time: 2435.8110885620117
Current clients: 100 , select: 10
| current_epoch 127 |. Begin client select
SchedulerThread select( 10 clients):
39 | 33 | 84 | 61 | 0 | 24 | 72 | 45 | 25 | 47 |
-----------------------------------------------------------------Schedule complete
Client 33 trained
Client 33 uploaded
Client 61 trained
Client 61 uploaded
Client 84 trained
Client 84 uploaded
Client 39 trained
Client 39 uploaded
Client 24 trained
Client 24 uploaded
Client 25 trained
Client 25 uploaded
Client 72 trained
Client 72 uploaded
Client 47 trained
Client 47 uploaded
Client 45 trained
Client 45 uploaded
Client 0 trained
Client 0 uploaded
Epoch(t): 127 accuracy: 56.59 loss 1.2916795188188552 run_time: 2450.0477430820465
Current clients: 100 , select: 10
| current_epoch 128 |. Begin client select
SchedulerThread select( 10 clients):
3 | 91 | 40 | 72 | 28 | 63 | 5 | 62 | 90 | 45 |
-----------------------------------------------------------------Schedule complete
Client 28 trained
Client 28 uploaded
Client 5 trained
Client 5 uploaded
Client 40 trained
Client 40 uploaded
Client 3 trained
Client 3 uploaded
Client 72 trained
Client 72 uploaded
Client 45 trained
Client 45 uploaded
Client 63 trained
Client 63 uploaded
Client 62 trained
Client 62 uploaded
Client 90 trained
Client 90 uploaded
Client 91 trained
Client 91 uploaded
Epoch(t): 128 accuracy: 60.31 loss 1.126680627465248 run_time: 2468.295508146286
Current clients: 100 , select: 10
| current_epoch 129 |. Begin client select
SchedulerThread select( 10 clients):
5 | 49 | 94 | 89 | 16 | 67 | 50 | 56 | 36 | 18 |
-----------------------------------------------------------------Schedule complete
Client 94 trained
Client 94 uploaded
Client 5 trained
Client 5 uploaded
Client 18 trained
Client 18 uploaded
Client 49 trained
Client 49 uploaded
Client 67 trained
Client 67 uploaded
Client 50 trained
Client 50 uploaded
Client 36 trained
Client 36 uploaded
Client 56 trained
Client 56 uploaded
Client 16 trained
Client 16 uploaded
Client 89 trained
Client 89 uploaded
Epoch(t): 129 accuracy: 55.8 loss 1.2543182849884034 run_time: 2487.085191965103
Current clients: 100 , select: 10
| current_epoch 130 |. Begin client select
SchedulerThread select( 10 clients):
69 | 49 | 81 | 12 | 36 | 70 | 57 | 50 | 80 | 79 |
-----------------------------------------------------------------Schedule complete
Client 12 trained
Client 12 uploaded
Client 57 trained
Client 57 uploaded
Client 49 trained
Client 49 uploaded
Client 50 trained
Client 50 uploaded
Client 70 trained
Client 70 uploaded
Client 36 trained
Client 36 uploaded
Client 81 trained
Client 81 uploaded
Client 79 trained
Client 79 uploaded
Client 80 trained
Client 80 uploaded
Client 69 trained
Client 69 uploaded
Epoch(t): 130 accuracy: 56.04 loss 1.2307208329439163 run_time: 2506.3516001701355
Current clients: 100 , select: 10
| current_epoch 131 |. Begin client select
SchedulerThread select( 10 clients):
5 | 33 | 52 | 73 | 43 | 51 | 35 | 70 | 98 | 65 |
-----------------------------------------------------------------Schedule complete
Client 5 trained
Client 5 uploaded
Client 33 trained
Client 33 uploaded
Client 52 trained
Client 52 uploaded
Client 98 trained
Client 98 uploaded
Client 70 trained
Client 70 uploaded
Client 35 trained
Client 35 uploaded
Client 65 trained
Client 65 uploaded
Client 51 trained
Client 51 uploaded
Client 73 trained
Client 73 uploaded
Client 43 trained
Client 43 uploaded
Epoch(t): 131 accuracy: 49.49 loss 1.4287027609348297 run_time: 2524.936143398285
Current clients: 100 , select: 10
| current_epoch 132 |. Begin client select
SchedulerThread select( 10 clients):
26 | 35 | 38 | 25 | 37 | 83 | 16 | 1 | 67 | 60 |
-----------------------------------------------------------------Schedule complete
Client 1 trained
Client 1 uploaded
Client 37 trained
Client 37 uploaded
Client 60 trained
Client 60 uploaded
Client 25 trained
Client 25 uploaded
Client 67 trained
Client 67 uploaded
Client 83 trained
Client 83 uploaded
Client 35 trained
Client 35 uploaded
Client 38 trained
Client 38 uploaded
Client 26 trained
Client 26 uploaded
Client 16 trained
Client 16 uploaded
Epoch(t): 132 accuracy: 57.76 loss 1.170859301686287 run_time: 2542.0638222694397
Current clients: 100 , select: 10
| current_epoch 133 |. Begin client select
SchedulerThread select( 10 clients):
51 | 57 | 66 | 92 | 94 | 12 | 39 | 13 | 30 | 16 |
-----------------------------------------------------------------Schedule complete
Client 94 trained
Client 94 uploaded
Client 13 trained
Client 13 uploaded
Client 12 trained
Client 12 uploaded
Client 39 trained
Client 39 uploaded
Client 57 trained
Client 57 uploaded
Client 92 trained
Client 92 uploaded
Client 66 trained
Client 66 uploaded
Client 51 trained
Client 51 uploaded
Client 16 trained
Client 16 uploaded
Client 30 trained
Client 30 uploaded
Epoch(t): 133 accuracy: 46.22 loss 1.595685727596283 run_time: 2555.417702436447
Current clients: 100 , select: 10
| current_epoch 134 |. Begin client select
SchedulerThread select( 10 clients):
38 | 77 | 11 | 25 | 9 | 39 | 65 | 93 | 13 | 96 |
-----------------------------------------------------------------Schedule complete
Client 13 trained
Client 13 uploaded
Client 93 trained
Client 93 uploaded
Client 9 trained
Client 9 uploaded
Client 39 trained
Client 39 uploaded
Client 25 trained
Client 25 uploaded
Client 65 trained
Client 65 uploaded
Client 38 trained
Client 38 uploaded
Client 77 trained
Client 77 uploaded
Client 96 trained
Client 96 uploaded
Client 11 trained
Client 11 uploaded
Epoch(t): 134 accuracy: 60.06 loss 1.140614663362503 run_time: 2573.6054480075836
Current clients: 100 , select: 10
| current_epoch 135 |. Begin client select
SchedulerThread select( 10 clients):
89 | 63 | 75 | 7 | 38 | 93 | 31 | 73 | 19 | 62 |
-----------------------------------------------------------------Schedule complete
Client 93 trained
Client 93 uploaded
Client 31 trained
Client 31 uploaded
Client 19 trained
Client 19 uploaded
Client 75 trained
Client 75 uploaded
Client 62 trained
Client 62 uploaded
Client 7 trained
Client 7 uploaded
Client 38 trained
Client 38 uploaded
Client 63 trained
Client 63 uploaded
Client 73 trained
Client 73 uploaded
Client 89 trained
Client 89 uploaded
Epoch(t): 135 accuracy: 54.54 loss 1.262026104927063 run_time: 2593.1574883461
Current clients: 100 , select: 10
| current_epoch 136 |. Begin client select
SchedulerThread select( 10 clients):
71 | 25 | 39 | 75 | 44 | 34 | 0 | 37 | 76 | 6 |
-----------------------------------------------------------------Schedule complete
Client 44 trained
Client 44 uploaded
Client 39 trained
Client 39 uploaded
Client 37 trained
Client 37 uploaded
Client 71 trained
Client 71 uploaded
Client 75 trained
Client 75 uploaded
Client 25 trained
Client 25 uploaded
Client 6 trained
Client 6 uploaded
Client 76 trained
Client 76 uploaded
Client 0 trained
Client 0 uploaded
Client 34 trained
Client 34 uploaded
Epoch(t): 136 accuracy: 56.03 loss 1.2822268456220627 run_time: 2611.048311471939
Current clients: 100 , select: 10
| current_epoch 137 |. Begin client select
SchedulerThread select( 10 clients):
66 | 21 | 67 | 26 | 11 | 95 | 69 | 73 | 98 | 32 |
-----------------------------------------------------------------Schedule complete
Client 66 trained
Client 66 uploaded
Client 98 trained
Client 98 uploaded
Client 21 trained
Client 21 uploaded
Client 95 trained
Client 95 uploaded
Client 67 trained
Client 67 uploaded
Client 26 trained
Client 26 uploaded
Client 73 trained
Client 73 uploaded
Client 32 trained
Client 32 uploaded
Client 11 trained
Client 11 uploaded
Client 69 trained
Client 69 uploaded
Epoch(t): 137 accuracy: 52.24 loss 1.3730578529834747 run_time: 2635.720734834671
Current clients: 100 , select: 10
| current_epoch 138 |. Begin client select
SchedulerThread select( 10 clients):
82 | 73 | 93 | 78 | 28 | 11 | 15 | 20 | 75 | 86 |
-----------------------------------------------------------------Schedule complete
Client 93 trained
Client 93 uploaded
Client 28 trained
Client 28 uploaded
Client 86 trained
Client 86 uploaded
Client 75 trained
Client 75 uploaded
Client 20 trained
Client 20 uploaded
Client 78 trained
Client 78 uploaded
Client 82 trained
Client 82 uploaded
Client 73 trained
Client 73 uploaded
Client 15 trained
Client 15 uploaded
Client 11 trained
Client 11 uploaded
Epoch(t): 138 accuracy: 54.5 loss 1.3111010086536408 run_time: 2655.1180963516235
Current clients: 100 , select: 10
| current_epoch 139 |. Begin client select
SchedulerThread select( 10 clients):
28 | 81 | 61 | 79 | 35 | 97 | 33 | 20 | 98 | 22 |
-----------------------------------------------------------------Schedule complete
Client 28 trained
Client 28 uploaded
Client 33 trained
Client 33 uploaded
Client 61 trained
Client 61 uploaded
Client 98 trained
Client 98 uploaded
Client 81 trained
Client 81 uploaded
Client 20 trained
Client 20 uploaded
Client 35 trained
Client 35 uploaded
Client 97 trained
Client 97 uploaded
Client 22 trained
Client 22 uploaded
Client 79 trained
Client 79 uploaded
Epoch(t): 139 accuracy: 58.47 loss 1.154959192276001 run_time: 2670.8656809329987
Current clients: 100 , select: 10
| current_epoch 140 |. Begin client select
SchedulerThread select( 10 clients):
45 | 98 | 90 | 51 | 53 | 49 | 18 | 88 | 36 | 2 |
-----------------------------------------------------------------Schedule complete
Client 18 trained
Client 18 uploaded
Client 49 trained
Client 49 uploaded
Client 98 trained
Client 98 uploaded
Client 88 trained
Client 88 uploaded
Client 36 trained
Client 36 uploaded
Client 51 trained
Client 51 uploaded
Client 90 trained
Client 90 uploaded
Client 2 trained
Client 2 uploaded
Client 45 trained
Client 45 uploaded
Client 53 trained
Client 53 uploaded
Epoch(t): 140 accuracy: 42.85 loss 1.7205549442768098 run_time: 2694.4051291942596
Current clients: 100 , select: 10
| current_epoch 141 |. Begin client select
SchedulerThread select( 10 clients):
35 | 18 | 75 | 49 | 2 | 25 | 21 | 63 | 71 | 77 |
-----------------------------------------------------------------Schedule complete
Client 18 trained
Client 18 uploaded
Client 49 trained
Client 49 uploaded
Client 71 trained
Client 71 uploaded
Client 75 trained
Client 75 uploaded
Client 25 trained
Client 25 uploaded
Client 21 trained
Client 21 uploaded
Client 35 trained
Client 35 uploaded
Client 63 trained
Client 63 uploaded
Client 2 trained
Client 2 uploaded
Client 77 trained
Client 77 uploaded
Epoch(t): 141 accuracy: 61.24 loss 1.1136763465404511 run_time: 2712.7352392673492
Current clients: 100 , select: 10
| current_epoch 142 |. Begin client select
SchedulerThread select( 10 clients):
54 | 86 | 38 | 93 | 55 | 79 | 77 | 4 | 88 | 10 |
-----------------------------------------------------------------Schedule complete
Client 93 trained
Client 93 uploaded
Client 86 trained
Client 86 uploaded
Client 54 trained
Client 54 uploaded
Client 88 trained
Client 88 uploaded
Client 55 trained
Client 55 uploaded
Client 38 trained
Client 38 uploaded
Client 79 trained
Client 79 uploaded
Client 77 trained
Client 77 uploaded
Client 10 trained
Client 10 uploaded
Client 4 trained
Client 4 uploaded
Epoch(t): 142 accuracy: 56.52 loss 1.2328531056642533 run_time: 2734.8348965644836
Current clients: 100 , select: 10
| current_epoch 143 |. Begin client select
SchedulerThread select( 10 clients):
61 | 66 | 71 | 93 | 76 | 43 | 98 | 80 | 85 | 62 |
-----------------------------------------------------------------Schedule complete
Client 93 trained
Client 93 uploaded
Client 61 trained
Client 61 uploaded
Client 71 trained
Client 71 uploaded
Client 98 trained
Client 98 uploaded
Client 66 trained
Client 66 uploaded
Client 85 trained
Client 85 uploaded
Client 76 trained
Client 76 uploaded
Client 62 trained
Client 62 uploaded
Client 80 trained
Client 80 uploaded
Client 43 trained
Client 43 uploaded
Epoch(t): 143 accuracy: 59.7 loss 1.1189737248420715 run_time: 2752.2106623649597
Current clients: 100 , select: 10
| current_epoch 144 |. Begin client select
SchedulerThread select( 10 clients):
88 | 84 | 74 | 21 | 20 | 16 | 63 | 51 | 36 | 23 |
-----------------------------------------------------------------Schedule complete
Client 74 trained
Client 74 uploaded
Client 84 trained
Client 84 uploaded
Client 88 trained
Client 88 uploaded
Client 21 trained
Client 21 uploaded
Client 20 trained
Client 20 uploaded
Client 36 trained
Client 36 uploaded
Client 51 trained
Client 51 uploaded
Client 63 trained
Client 63 uploaded
Client 23 trained
Client 23 uploaded
Client 16 trained
Client 16 uploaded
Epoch(t): 144 accuracy: 57.63 loss 1.1856892377138137 run_time: 2771.994734287262
Current clients: 100 , select: 10
| current_epoch 145 |. Begin client select
SchedulerThread select( 10 clients):
20 | 10 | 49 | 90 | 9 | 85 | 64 | 82 | 42 | 7 |
-----------------------------------------------------------------Schedule complete
Client 9 trained
Client 9 uploaded
Client 49 trained
Client 49 uploaded
Client 20 trained
Client 20 uploaded
Client 7 trained
Client 7 uploaded
Client 85 trained
Client 85 uploaded
Client 82 trained
Client 82 uploaded
Client 64 trained
Client 64 uploaded
Client 90 trained
Client 90 uploaded
Client 10 trained
Client 10 uploaded
Client 42 trained
Client 42 uploaded
Epoch(t): 145 accuracy: 56.68 loss 1.2453962421417237 run_time: 2793.780358314514
Current clients: 100 , select: 10
| current_epoch 146 |. Begin client select
SchedulerThread select( 10 clients):
96 | 42 | 86 | 79 | 32 | 73 | 66 | 64 | 9 | 6 |
-----------------------------------------------------------------Schedule complete
Client 9 trained
Client 9 uploaded
Client 86 trained
Client 86 uploaded
Client 66 trained
Client 66 uploaded
Client 6 trained
Client 6 uploaded
Client 64 trained
Client 64 uploaded
Client 79 trained
Client 79 uploaded
Client 73 trained
Client 73 uploaded
Client 96 trained
Client 96 uploaded
Client 32 trained
Client 32 uploaded
Client 42 trained
Client 42 uploaded
Epoch(t): 146 accuracy: 53.54 loss 1.337880609035492 run_time: 2816.7225999832153
Current clients: 100 , select: 10
| current_epoch 147 |. Begin client select
SchedulerThread select( 10 clients):
71 | 78 | 62 | 15 | 74 | 53 | 59 | 37 | 55 | 47 |
-----------------------------------------------------------------Schedule complete
Client 74 trained
Client 74 uploaded
Client 37 trained
Client 37 uploaded
Client 71 trained
Client 71 uploaded
Client 62 trained
Client 62 uploaded
Client 47 trained
Client 47 uploaded
Client 78 trained
Client 78 uploaded
Client 55 trained
Client 55 uploaded
Client 59 trained
Client 59 uploaded
Client 15 trained
Client 15 uploaded
Client 53 trained
Client 53 uploaded
Epoch(t): 147 accuracy: 59.55 loss 1.1752713757753372 run_time: 2837.662044286728
Current clients: 100 , select: 10
| current_epoch 148 |. Begin client select
SchedulerThread select( 10 clients):
28 | 17 | 0 | 35 | 91 | 52 | 42 | 73 | 1 | 43 |
-----------------------------------------------------------------Schedule complete
Client 1 trained
Client 1 uploaded
Client 28 trained
Client 28 uploaded
Client 52 trained
Client 52 uploaded
Client 17 trained
Client 17 uploaded
Client 35 trained
Client 35 uploaded
Client 73 trained
Client 73 uploaded
Client 0 trained
Client 0 uploaded
Client 91 trained
Client 91 uploaded
Client 42 trained
Client 42 uploaded
Client 43 trained
Client 43 uploaded
Epoch(t): 148 accuracy: 50.76 loss 1.4115789341926575 run_time: 2858.6638221740723
Current clients: 100 , select: 10
| current_epoch 149 |. Begin client select
SchedulerThread select( 10 clients):
67 | 72 | 21 | 37 | 3 | 38 | 20 | 23 | 49 | 98 |
-----------------------------------------------------------------Schedule complete
Client 37 trained
Client 37 uploaded
Client 49 trained
Client 49 uploaded
Client 3 trained
Client 3 uploaded
Client 98 trained
Client 98 uploaded
Client 72 trained
Client 72 uploaded
Client 21 trained
Client 21 uploaded
Client 20 trained
Client 20 uploaded
Client 67 trained
Client 67 uploaded
Client 38 trained
Client 38 uploaded
Client 23 trained
Client 23 uploaded
Epoch(t): 149 accuracy: 62.19 loss 1.0743525099754334 run_time: 2875.0820937156677
Current clients: 100 , select: 10
| current_epoch 150 |. Begin client select
SchedulerThread select( 10 clients):
35 | 40 | 21 | 44 | 23 | 70 | 74 | 94 | 79 | 76 |
-----------------------------------------------------------------Schedule complete
Client 94 trained
Client 94 uploaded
Client 74 trained
Client 74 uploaded
Client 44 trained
Client 44 uploaded
Client 40 trained
Client 40 uploaded
Client 21 trained
Client 21 uploaded
Client 35 trained
Client 35 uploaded
Client 70 trained
Client 70 uploaded
Client 76 trained
Client 76 uploaded
Client 23 trained
Client 23 uploaded
Client 79 trained
Client 79 uploaded
Epoch(t): 150 accuracy: 58.14 loss 1.1770423620939254 run_time: 2891.3398842811584
Current clients: 100 , select: 10
| current_epoch 151 |. Begin client select
SchedulerThread select( 10 clients):
23 | 46 | 57 | 61 | 44 | 40 | 65 | 20 | 47 | 8 |
-----------------------------------------------------------------Schedule complete
Client 61 trained
Client 61 uploaded
Client 44 trained
Client 44 uploaded
Client 57 trained
Client 57 uploaded
Client 40 trained
Client 40 uploaded
Client 46 trained
Client 46 uploaded
Client 47 trained
Client 47 uploaded
Client 8 trained
Client 8 uploaded
Client 20 trained
Client 20 uploaded
Client 65 trained
Client 65 uploaded
Client 23 trained
Client 23 uploaded
Epoch(t): 151 accuracy: 56.55 loss 1.2026058489084244 run_time: 2906.610267162323
Current clients: 100 , select: 10
| current_epoch 152 |. Begin client select
SchedulerThread select( 10 clients):
9 | 10 | 85 | 79 | 6 | 42 | 11 | 59 | 22 | 61 |
-----------------------------------------------------------------Schedule complete
Client 61 trained
Client 61 uploaded
Client 9 trained
Client 9 uploaded
Client 85 trained
Client 85 uploaded
Client 6 trained
Client 6 uploaded
Client 59 trained
Client 59 uploaded
Client 79 trained
Client 79 uploaded
Client 22 trained
Client 22 uploaded
Client 10 trained
Client 10 uploaded
Client 42 trained
Client 42 uploaded
Client 11 trained
Client 11 uploaded
Epoch(t): 152 accuracy: 56.9 loss 1.2397160422801972 run_time: 2929.279121875763
Current clients: 100 , select: 10
| current_epoch 153 |. Begin client select
SchedulerThread select( 10 clients):
8 | 30 | 45 | 78 | 16 | 20 | 52 | 1 | 50 | 72 |
-----------------------------------------------------------------Schedule complete
Client 1 trained
Client 1 uploaded
Client 52 trained
Client 52 uploaded
Client 72 trained
Client 72 uploaded
Client 50 trained
Client 50 uploaded
Client 8 trained
Client 8 uploaded
Client 20 trained
Client 20 uploaded
Client 78 trained
Client 78 uploaded
Client 45 trained
Client 45 uploaded
Client 16 trained
Client 16 uploaded
Client 30 trained
Client 30 uploaded
Epoch(t): 153 accuracy: 58.31 loss 1.1813014894723892 run_time: 2949.027462720871
Current clients: 100 , select: 10
| current_epoch 154 |. Begin client select
SchedulerThread select( 10 clients):
31 | 28 | 57 | 12 | 56 | 8 | 70 | 94 | 69 | 83 |
-----------------------------------------------------------------Schedule complete
Client 94 trained
Client 94 uploaded
Client 31 trained
Client 31 uploaded
Client 28 trained
Client 28 uploaded
Client 12 trained
Client 12 uploaded
Client 57 trained
Client 57 uploaded
Client 70 trained
Client 70 uploaded
Client 8 trained
Client 8 uploaded
Client 83 trained
Client 83 uploaded
Client 56 trained
Client 56 uploaded
Client 69 trained
Client 69 uploaded
Epoch(t): 154 accuracy: 49.6 loss 1.5415377390384675 run_time: 2965.3489997386932
Current clients: 100 , select: 10
| current_epoch 155 |. Begin client select
SchedulerThread select( 10 clients):
84 | 82 | 68 | 65 | 79 | 4 | 18 | 15 | 64 | 53 |
-----------------------------------------------------------------Schedule complete
Client 18 trained
Client 18 uploaded
Client 84 trained
Client 84 uploaded
Client 82 trained
Client 82 uploaded
Client 68 trained
Client 68 uploaded
Client 64 trained
Client 64 uploaded
Client 65 trained
Client 65 uploaded
Client 79 trained
Client 79 uploaded
Client 15 trained
Client 15 uploaded
Client 53 trained
Client 53 uploaded
Client 4 trained
Client 4 uploaded
Epoch(t): 155 accuracy: 53.05 loss 1.467651559114456 run_time: 2990.6448650360107
Current clients: 100 , select: 10
| current_epoch 156 |. Begin client select
SchedulerThread select( 10 clients):
24 | 84 | 95 | 25 | 78 | 52 | 90 | 58 | 29 | 89 |
-----------------------------------------------------------------Schedule complete
Client 58 trained
Client 58 uploaded
Client 84 trained
Client 84 uploaded
Client 24 trained
Client 24 uploaded
Client 52 trained
Client 52 uploaded
Client 25 trained
Client 25 uploaded
Client 95 trained
Client 95 uploaded
Client 78 trained
Client 78 uploaded
Client 90 trained
Client 90 uploaded
Client 29 trained
Client 29 uploaded
Client 89 trained
Client 89 uploaded
Epoch(t): 156 accuracy: 61.14 loss 1.1016381418704986 run_time: 3010.6289863586426
Current clients: 100 , select: 10
| current_epoch 157 |. Begin client select
SchedulerThread select( 10 clients):
41 | 8 | 17 | 21 | 66 | 35 | 51 | 52 | 30 | 77 |
-----------------------------------------------------------------Schedule complete
Client 41 trained
Client 41 uploaded
Client 66 trained
Client 66 uploaded
Client 52 trained
Client 52 uploaded
Client 17 trained
Client 17 uploaded
Client 21 trained
Client 21 uploaded
Client 8 trained
Client 8 uploaded
Client 35 trained
Client 35 uploaded
Client 51 trained
Client 51 uploaded
Client 30 trained
Client 30 uploaded
Client 77 trained
Client 77 uploaded
Epoch(t): 157 accuracy: 60.59 loss 1.1156201767921448 run_time: 3028.782639026642
Current clients: 100 , select: 10
| current_epoch 158 |. Begin client select
SchedulerThread select( 10 clients):
95 | 33 | 13 | 8 | 39 | 81 | 58 | 91 | 89 | 11 |
-----------------------------------------------------------------Schedule complete
Client 13 trained
Client 13 uploaded
Client 33 trained
Client 33 uploaded
Client 58 trained
Client 58 uploaded
Client 39 trained
Client 39 uploaded
Client 81 trained
Client 81 uploaded
Client 95 trained
Client 95 uploaded
Client 8 trained
Client 8 uploaded
Client 91 trained
Client 91 uploaded
Client 11 trained
Client 11 uploaded
Client 89 trained
Client 89 uploaded
Epoch(t): 158 accuracy: 39.09 loss 2.1093379604816436 run_time: 3047.3407366275787
Current clients: 100 , select: 10
| current_epoch 159 |. Begin client select
SchedulerThread select( 10 clients):
91 | 45 | 39 | 46 | 89 | 19 | 10 | 23 | 11 | 63 |
-----------------------------------------------------------------Schedule complete
Client 39 trained
Client 39 uploaded
Client 19 trained
Client 19 uploaded
Client 46 trained
Client 46 uploaded
Client 63 trained
Client 63 uploaded
Client 45 trained
Client 45 uploaded
Client 23 trained
Client 23 uploaded
Client 91 trained
Client 91 uploaded
Client 10 trained
Client 10 uploaded
Client 11 trained
Client 11 uploaded
Client 89 trained
Client 89 uploaded
Epoch(t): 159 accuracy: 52.16 loss 1.4102442705631255 run_time: 3073.351724386215
Current clients: 100 , select: 10
| current_epoch 160 |. Begin client select
SchedulerThread select( 10 clients):
6 | 87 | 89 | 77 | 2 | 13 | 27 | 44 | 53 | 61 |
-----------------------------------------------------------------Schedule complete
Client 13 trained
Client 13 uploaded
Client 61 trained
Client 61 uploaded
Client 44 trained
Client 44 uploaded
Client 87 trained
Client 87 uploaded
Client 27 trained
Client 27 uploaded
Client 6 trained
Client 6 uploaded
Client 2 trained
Client 2 uploaded
Client 77 trained
Client 77 uploaded
Client 89 trained
Client 89 uploaded
Client 53 trained
Client 53 uploaded
Epoch(t): 160 accuracy: 56.84 loss 1.2477448934316635 run_time: 3094.676186323166
Current clients: 100 , select: 10
| current_epoch 161 |. Begin client select
SchedulerThread select( 10 clients):
33 | 66 | 75 | 70 | 90 | 84 | 13 | 83 | 97 | 89 |
-----------------------------------------------------------------Schedule complete
Client 13 trained
Client 13 uploaded
Client 33 trained
Client 33 uploaded
Client 66 trained
Client 66 uploaded
Client 75 trained
Client 75 uploaded
Client 84 trained
Client 84 uploaded
Client 97 trained
Client 97 uploaded
Client 70 trained
Client 70 uploaded
Client 83 trained
Client 83 uploaded
Client 90 trained
Client 90 uploaded
Client 89 trained
Client 89 uploaded
Epoch(t): 161 accuracy: 55.86 loss 1.271562505364418 run_time: 3112.546392440796
Current clients: 100 , select: 10
| current_epoch 162 |. Begin client select
SchedulerThread select( 10 clients):
31 | 61 | 43 | 90 | 37 | 36 | 11 | 33 | 72 | 67 |
-----------------------------------------------------------------Schedule complete
Client 31 trained
Client 31 uploaded
Client 33 trained
Client 33 uploaded
Client 61 trained
Client 61 uploaded
Client 37 trained
Client 37 uploaded
Client 72 trained
Client 72 uploaded
Client 67 trained
Client 67 uploaded
Client 36 trained
Client 36 uploaded
Client 90 trained
Client 90 uploaded
Client 43 trained
Client 43 uploaded
Client 11 trained
Client 11 uploaded
Epoch(t): 162 accuracy: 49.07 loss 1.5353266930580138 run_time: 3131.0779230594635
Current clients: 100 , select: 10
| current_epoch 163 |. Begin client select
SchedulerThread select( 10 clients):
88 | 6 | 57 | 75 | 41 | 26 | 91 | 49 | 95 | 71 |
-----------------------------------------------------------------Schedule complete
Client 41 trained
Client 41 uploaded
Client 57 trained
Client 57 uploaded
Client 49 trained
Client 49 uploaded
Client 71 trained
Client 71 uploaded
Client 75 trained
Client 75 uploaded
Client 88 trained
Client 88 uploaded
Client 95 trained
Client 95 uploaded
Client 6 trained
Client 6 uploaded
Client 26 trained
Client 26 uploaded
Client 91 trained
Client 91 uploaded
Epoch(t): 163 accuracy: 57.61 loss 1.2343205440044402 run_time: 3146.967814207077
Current clients: 100 , select: 10
| current_epoch 164 |. Begin client select
SchedulerThread select( 10 clients):
78 | 40 | 91 | 89 | 38 | 32 | 69 | 19 | 56 | 85 |
-----------------------------------------------------------------Schedule complete
Client 19 trained
Client 19 uploaded
Client 40 trained
Client 40 uploaded
Client 85 trained
Client 85 uploaded
Client 38 trained
Client 38 uploaded
Client 56 trained
Client 56 uploaded
Client 78 trained
Client 78 uploaded
Client 91 trained
Client 91 uploaded
Client 32 trained
Client 32 uploaded
Client 89 trained
Client 89 uploaded
Client 69 trained
Client 69 uploaded
Epoch(t): 164 accuracy: 60.01 loss 1.1532406502962111 run_time: 3173.5160672664642
Current clients: 100 , select: 10
| current_epoch 165 |. Begin client select
SchedulerThread select( 10 clients):
50 | 99 | 48 | 95 | 42 | 58 | 73 | 65 | 15 | 69 |
-----------------------------------------------------------------Schedule complete
Client 58 trained
Client 58 uploaded
Client 48 trained
Client 48 uploaded
Client 50 trained
Client 50 uploaded
Client 95 trained
Client 95 uploaded
Client 65 trained
Client 65 uploaded
Client 73 trained
Client 73 uploaded
Client 99 trained
Client 99 uploaded
Client 15 trained
Client 15 uploaded
Client 42 trained
Client 42 uploaded
Client 69 trained
Client 69 uploaded
Epoch(t): 165 accuracy: 60.46 loss 1.1169236367940902 run_time: 3198.5215923786163
Current clients: 100 , select: 10
| current_epoch 166 |. Begin client select
SchedulerThread select( 10 clients):
17 | 60 | 18 | 61 | 38 | 71 | 53 | 0 | 6 | 23 |
-----------------------------------------------------------------Schedule complete
Client 61 trained
Client 61 uploaded
Client 18 trained
Client 18 uploaded
Client 71 trained
Client 71 uploaded
Client 60 trained
Client 60 uploaded
Client 17 trained
Client 17 uploaded
Client 6 trained
Client 6 uploaded
Client 38 trained
Client 38 uploaded
Client 23 trained
Client 23 uploaded
Client 0 trained
Client 0 uploaded
Client 53 trained
Client 53 uploaded
Epoch(t): 166 accuracy: 52.16 loss 1.3495036977529526 run_time: 3218.666660308838
Current clients: 100 , select: 10
| current_epoch 167 |. Begin client select
SchedulerThread select( 10 clients):
35 | 8 | 36 | 88 | 30 | 57 | 13 | 12 | 51 | 65 |
-----------------------------------------------------------------Schedule complete
Client 13 trained
Client 13 uploaded
Client 12 trained
Client 12 uploaded
Client 57 trained
Client 57 uploaded
Client 88 trained
Client 88 uploaded
Client 8 trained
Client 8 uploaded
Client 35 trained
Client 35 uploaded
Client 65 trained
Client 65 uploaded
Client 36 trained
Client 36 uploaded
Client 51 trained
Client 51 uploaded
Client 30 trained
Client 30 uploaded
Epoch(t): 167 accuracy: 55.4 loss 1.2527235782146453 run_time: 3235.7181911468506
Current clients: 100 , select: 10
| current_epoch 168 |. Begin client select
SchedulerThread select( 10 clients):
0 | 16 | 30 | 10 | 2 | 59 | 32 | 96 | 70 | 99 |
-----------------------------------------------------------------Schedule complete
Client 70 trained
Client 70 uploaded
Client 59 trained
Client 59 uploaded
Client 99 trained
Client 99 uploaded
Client 30 trained
Client 30 uploaded
Client 16 trained
Client 16 uploaded
Client 2 trained
Client 2 uploaded
Client 0 trained
Client 0 uploaded
Client 10 trained
Client 10 uploaded
Client 96 trained
Client 96 uploaded
Client 32 trained
Client 32 uploaded
Epoch(t): 168 accuracy: 61.15 loss 1.123986343741417 run_time: 3266.025982618332
Current clients: 100 , select: 10
| current_epoch 169 |. Begin client select
SchedulerThread select( 10 clients):
89 | 0 | 54 | 50 | 36 | 30 | 6 | 21 | 68 | 94 |
-----------------------------------------------------------------Schedule complete
Client 94 trained
Client 94 uploaded
Client 54 trained
Client 54 uploaded
Client 21 trained
Client 21 uploaded
Client 6 trained
Client 6 uploaded
Client 50 trained
Client 50 uploaded
Client 68 trained
Client 68 uploaded
Client 36 trained
Client 36 uploaded
Client 30 trained
Client 30 uploaded
Client 0 trained
Client 0 uploaded
Client 89 trained
Client 89 uploaded
Epoch(t): 169 accuracy: 47.6 loss 1.4881970071792603 run_time: 3288.2845072746277
Current clients: 100 , select: 10
| current_epoch 170 |. Begin client select
SchedulerThread select( 10 clients):
3 | 66 | 7 | 86 | 72 | 49 | 43 | 39 | 45 | 80 |
-----------------------------------------------------------------Schedule complete
Client 86 trained
Client 86 uploaded
Client 39 trained
Client 39 uploaded
Client 66 trained
Client 66 uploaded
Client 49 trained
Client 49 uploaded
Client 3 trained
Client 3 uploaded
Client 72 trained
Client 72 uploaded
Client 7 trained
Client 7 uploaded
Client 80 trained
Client 80 uploaded
Client 45 trained
Client 45 uploaded
Client 43 trained
Client 43 uploaded
Epoch(t): 170 accuracy: 61.64 loss 1.0878675681352616 run_time: 3305.6917419433594
Current clients: 100 , select: 10
| current_epoch 171 |. Begin client select
SchedulerThread select( 10 clients):
14 | 78 | 79 | 46 | 92 | 26 | 49 | 20 | 18 | 44 |
-----------------------------------------------------------------Schedule complete
Client 14 trained
Client 14 uploaded
Client 44 trained
Client 44 uploaded
Client 18 trained
Client 18 uploaded
Client 92 trained
Client 92 uploaded
Client 49 trained
Client 49 uploaded
Client 46 trained
Client 46 uploaded
Client 20 trained
Client 20 uploaded
Client 78 trained
Client 78 uploaded
Client 26 trained
Client 26 uploaded
Client 79 trained
Client 79 uploaded
Epoch(t): 171 accuracy: 58.18 loss 1.2348908025026322 run_time: 3319.5889937877655
Current clients: 100 , select: 10
| current_epoch 172 |. Begin client select
SchedulerThread select( 10 clients):
97 | 3 | 88 | 49 | 78 | 62 | 29 | 67 | 7 | 83 |
-----------------------------------------------------------------Schedule complete
Client 49 trained
Client 49 uploaded
Client 3 trained
Client 3 uploaded
Client 88 trained
Client 88 uploaded
Client 67 trained
Client 67 uploaded
Client 62 trained
Client 62 uploaded
Client 97 trained
Client 97 uploaded
Client 78 trained
Client 78 uploaded
Client 7 trained
Client 7 uploaded
Client 83 trained
Client 83 uploaded
Client 29 trained
Client 29 uploaded
Epoch(t): 172 accuracy: 55.73 loss 1.2793148016929627 run_time: 3340.526272058487
Current clients: 100 , select: 10
| current_epoch 173 |. Begin client select
SchedulerThread select( 10 clients):
83 | 13 | 61 | 89 | 3 | 17 | 38 | 31 | 23 | 46 |
-----------------------------------------------------------------Schedule complete
Client 13 trained
Client 13 uploaded
Client 31 trained
Client 31 uploaded
Client 61 trained
Client 61 uploaded
Client 3 trained
Client 3 uploaded
Client 46 trained
Client 46 uploaded
Client 17 trained
Client 17 uploaded
Client 83 trained
Client 83 uploaded
Client 38 trained
Client 38 uploaded
Client 23 trained
Client 23 uploaded
Client 89 trained
Client 89 uploaded
Epoch(t): 173 accuracy: 60.28 loss 1.1253825742006303 run_time: 3358.3375458717346
Current clients: 100 , select: 10
| current_epoch 174 |. Begin client select
SchedulerThread select( 10 clients):
50 | 85 | 48 | 92 | 21 | 89 | 70 | 10 | 79 | 81 |
-----------------------------------------------------------------Schedule complete
Client 92 trained
Client 92 uploaded
Client 21 trained
Client 21 uploaded
Client 48 trained
Client 48 uploaded
Client 50 trained
Client 50 uploaded
Client 70 trained
Client 70 uploaded
Client 81 trained
Client 81 uploaded
Client 85 trained
Client 85 uploaded
Client 79 trained
Client 79 uploaded
Client 10 trained
Client 10 uploaded
Client 89 trained
Client 89 uploaded
Epoch(t): 174 accuracy: 58.87 loss 1.1691866886615754 run_time: 3381.0563626289368
Current clients: 100 , select: 10
| current_epoch 175 |. Begin client select
SchedulerThread select( 10 clients):
66 | 31 | 97 | 82 | 60 | 98 | 47 | 58 | 59 | 29 |
-----------------------------------------------------------------Schedule complete
Client 31 trained
Client 31 uploaded
Client 58 trained
Client 58 uploaded
Client 66 trained
Client 66 uploaded
Client 60 trained
Client 60 uploaded
Client 98 trained
Client 98 uploaded
Client 47 trained
Client 47 uploaded
Client 97 trained
Client 97 uploaded
Client 82 trained
Client 82 uploaded
Client 59 trained
Client 59 uploaded
Client 29 trained
Client 29 uploaded
Epoch(t): 175 accuracy: 55.0 loss 1.2939899122714997 run_time: 3399.343470811844
Current clients: 100 , select: 10
| current_epoch 176 |. Begin client select
SchedulerThread select( 10 clients):
10 | 67 | 56 | 39 | 2 | 77 | 80 | 1 | 57 | 37 |
-----------------------------------------------------------------Schedule complete
Client 1 trained
Client 1 uploaded
Client 39 trained
Client 39 uploaded
Client 37 trained
Client 37 uploaded
Client 57 trained
Client 57 uploaded
Client 67 trained
Client 67 uploaded
Client 56 trained
Client 56 uploaded
Client 80 trained
Client 80 uploaded
Client 77 trained
Client 77 uploaded
Client 2 trained
Client 2 uploaded
Client 10 trained
Client 10 uploaded
Epoch(t): 176 accuracy: 54.73 loss 1.344377806186676 run_time: 3418.442887067795
Current clients: 100 , select: 10
| current_epoch 177 |. Begin client select
SchedulerThread select( 10 clients):
20 | 90 | 1 | 94 | 64 | 34 | 41 | 74 | 2 | 52 |
-----------------------------------------------------------------Schedule complete
Client 1 trained
Client 1 uploaded
Client 94 trained
Client 94 uploaded
Client 74 trained
Client 74 uploaded
Client 41 trained
Client 41 uploaded
Client 52 trained
Client 52 uploaded
Client 20 trained
Client 20 uploaded
Client 64 trained
Client 64 uploaded
Client 2 trained
Client 2 uploaded
Client 90 trained
Client 90 uploaded
Client 34 trained
Client 34 uploaded
Epoch(t): 177 accuracy: 54.02 loss 1.3727760100364685 run_time: 3434.5971920490265
Current clients: 100 , select: 10
| current_epoch 178 |. Begin client select
SchedulerThread select( 10 clients):
5 | 80 | 55 | 16 | 45 | 98 | 2 | 25 | 72 | 77 |
-----------------------------------------------------------------Schedule complete
Client 5 trained
Client 5 uploaded
Client 98 trained
Client 98 uploaded
Client 25 trained
Client 25 uploaded
Client 72 trained
Client 72 uploaded
Client 55 trained
Client 55 uploaded
Client 80 trained
Client 80 uploaded
Client 45 trained
Client 45 uploaded
Client 77 trained
Client 77 uploaded
Client 2 trained
Client 2 uploaded
Client 16 trained
Client 16 uploaded
Epoch(t): 178 accuracy: 60.51 loss 1.1295443904399871 run_time: 3455.4314334392548
Current clients: 100 , select: 10
| current_epoch 179 |. Begin client select
SchedulerThread select( 10 clients):
76 | 62 | 98 | 5 | 0 | 64 | 79 | 90 | 86 | 99 |
-----------------------------------------------------------------Schedule complete
Client 5 trained
Client 5 uploaded
Client 86 trained
Client 86 uploaded
Client 98 trained
Client 98 uploaded
Client 62 trained
Client 62 uploaded
Client 76 trained
Client 76 uploaded
Client 64 trained
Client 64 uploaded
Client 79 trained
Client 79 uploaded
Client 99 trained
Client 99 uploaded
Client 0 trained
Client 0 uploaded
Client 90 trained
Client 90 uploaded
Epoch(t): 179 accuracy: 60.57 loss 1.128953824043274 run_time: 3475.9237575531006
Current clients: 100 , select: 10
| current_epoch 180 |. Begin client select
SchedulerThread select( 10 clients):
27 | 40 | 72 | 85 | 49 | 68 | 53 | 48 | 92 | 66 |
-----------------------------------------------------------------Schedule complete
Client 92 trained
Client 92 uploaded
Client 49 trained
Client 49 uploaded
Client 66 trained
Client 66 uploaded
Client 40 trained
Client 40 uploaded
Client 27 trained
Client 27 uploaded
Client 72 trained
Client 72 uploaded
Client 48 trained
Client 48 uploaded
Client 85 trained
Client 85 uploaded
Client 68 trained
Client 68 uploaded
Client 53 trained
Client 53 uploaded
Epoch(t): 180 accuracy: 50.81 loss 1.4672733736038208 run_time: 3494.488980770111
Current clients: 100 , select: 10
| current_epoch 181 |. Begin client select
SchedulerThread select( 10 clients):
72 | 52 | 35 | 18 | 46 | 59 | 30 | 38 | 36 | 32 |
-----------------------------------------------------------------Schedule complete
Client 18 trained
Client 18 uploaded
Client 72 trained
Client 72 uploaded
Client 36 trained
Client 36 uploaded
Client 59 trained
Client 59 uploaded
Client 52 trained
Client 52 uploaded
Client 35 trained
Client 35 uploaded
Client 38 trained
Client 38 uploaded
Client 46 trained
Client 46 uploaded
Client 30 trained
Client 30 uploaded
Client 32 trained
Client 32 uploaded
Epoch(t): 181 accuracy: 63.54 loss 1.0481594836711883 run_time: 3514.1737189292908
Current clients: 100 , select: 10
| current_epoch 182 |. Begin client select
SchedulerThread select( 10 clients):
36 | 27 | 69 | 28 | 54 | 51 | 90 | 52 | 31 | 55 |
-----------------------------------------------------------------Schedule complete
Client 28 trained
Client 28 uploaded
Client 31 trained
Client 31 uploaded
Client 52 trained
Client 52 uploaded
Client 27 trained
Client 27 uploaded
Client 54 trained
Client 54 uploaded
Client 55 trained
Client 55 uploaded
Client 36 trained
Client 36 uploaded
Client 51 trained
Client 51 uploaded
Client 90 trained
Client 90 uploaded
Client 69 trained
Client 69 uploaded
Epoch(t): 182 accuracy: 52.08 loss 1.4028953862190248 run_time: 3533.641265153885
Current clients: 100 , select: 10
| current_epoch 183 |. Begin client select
SchedulerThread select( 10 clients):
89 | 93 | 71 | 51 | 12 | 73 | 30 | 39 | 66 | 18 |
-----------------------------------------------------------------Schedule complete
Client 93 trained
Client 93 uploaded
Client 12 trained
Client 12 uploaded
Client 39 trained
Client 39 uploaded
Client 18 trained
Client 18 uploaded
Client 66 trained
Client 66 uploaded
Client 71 trained
Client 71 uploaded
Client 51 trained
Client 51 uploaded
Client 73 trained
Client 73 uploaded
Client 30 trained
Client 30 uploaded
Client 89 trained
Client 89 uploaded
Epoch(t): 183 accuracy: 41.89 loss 1.7632700204849243 run_time: 3550.8294806480408
Current clients: 100 , select: 10
| current_epoch 184 |. Begin client select
SchedulerThread select( 10 clients):
82 | 69 | 88 | 62 | 61 | 67 | 77 | 22 | 75 | 34 |
-----------------------------------------------------------------Schedule complete
Client 61 trained
Client 61 uploaded
Client 88 trained
Client 88 uploaded
Client 67 trained
Client 67 uploaded
Client 75 trained
Client 75 uploaded
Client 62 trained
Client 62 uploaded
Client 22 trained
Client 22 uploaded
Client 82 trained
Client 82 uploaded
Client 77 trained
Client 77 uploaded
Client 34 trained
Client 34 uploaded
Client 69 trained
Client 69 uploaded
Epoch(t): 184 accuracy: 60.58 loss 1.1470290672779084 run_time: 3573.618007659912
Current clients: 100 , select: 10
| current_epoch 185 |. Begin client select
SchedulerThread select( 10 clients):
96 | 15 | 81 | 72 | 66 | 21 | 79 | 49 | 62 | 37 |
-----------------------------------------------------------------Schedule complete
Client 37 trained
Client 37 uploaded
Client 49 trained
Client 49 uploaded
Client 66 trained
Client 66 uploaded
Client 21 trained
Client 21 uploaded
Client 72 trained
Client 72 uploaded
Client 81 trained
Client 81 uploaded
Client 62 trained
Client 62 uploaded
Client 79 trained
Client 79 uploaded
Client 15 trained
Client 15 uploaded
Client 96 trained
Client 96 uploaded
Epoch(t): 185 accuracy: 54.42 loss 1.3613320064544678 run_time: 3592.4807136058807
Current clients: 100 , select: 10
| current_epoch 186 |. Begin client select
SchedulerThread select( 10 clients):
51 | 5 | 93 | 42 | 37 | 89 | 48 | 86 | 85 | 65 |
-----------------------------------------------------------------Schedule complete
Client 5 trained
Client 5 uploaded
Client 93 trained
Client 93 uploaded
Client 86 trained
Client 86 uploaded
Client 37 trained
Client 37 uploaded
Client 48 trained
Client 48 uploaded
Client 85 trained
Client 85 uploaded
Client 65 trained
Client 65 uploaded
Client 51 trained
Client 51 uploaded
Client 42 trained
Client 42 uploaded
Client 89 trained
Client 89 uploaded
Epoch(t): 186 accuracy: 59.79 loss 1.1452971553802491 run_time: 3611.478826522827
Current clients: 100 , select: 10
| current_epoch 187 |. Begin client select
SchedulerThread select( 10 clients):
41 | 3 | 5 | 28 | 61 | 59 | 45 | 93 | 66 | 54 |
-----------------------------------------------------------------Schedule complete
Client 93 trained
Client 93 uploaded
Client 28 trained
Client 28 uploaded
Client 5 trained
Client 5 uploaded
Client 61 trained
Client 61 uploaded
Client 66 trained
Client 66 uploaded
Client 41 trained
Client 41 uploaded
Client 3 trained
Client 3 uploaded
Client 54 trained
Client 54 uploaded
Client 59 trained
Client 59 uploaded
Client 45 trained
Client 45 uploaded
Epoch(t): 187 accuracy: 59.07 loss 1.1900364631414413 run_time: 3623.503063440323
Current clients: 100 , select: 10
| current_epoch 188 |. Begin client select
SchedulerThread select( 10 clients):
74 | 60 | 30 | 47 | 86 | 52 | 18 | 49 | 85 | 82 |
-----------------------------------------------------------------Schedule complete
Client 86 trained
Client 86 uploaded
Client 74 trained
Client 74 uploaded
Client 18 trained
Client 18 uploaded
Client 49 trained
Client 49 uploaded
Client 52 trained
Client 52 uploaded
Client 60 trained
Client 60 uploaded
Client 47 trained
Client 47 uploaded
Client 85 trained
Client 85 uploaded
Client 82 trained
Client 82 uploaded
Client 30 trained
Client 30 uploaded
Epoch(t): 188 accuracy: 61.38 loss 1.1412347316741944 run_time: 3638.5420269966125
Current clients: 100 , select: 10
| current_epoch 189 |. Begin client select
SchedulerThread select( 10 clients):
76 | 48 | 82 | 68 | 14 | 10 | 45 | 63 | 22 | 1 |
-----------------------------------------------------------------Schedule complete
Client 1 trained
Client 1 uploaded
Client 14 trained
Client 14 uploaded
Client 48 trained
Client 48 uploaded
Client 82 trained
Client 82 uploaded
Client 76 trained
Client 76 uploaded
Client 68 trained
Client 68 uploaded
Client 63 trained
Client 63 uploaded
Client 22 trained
Client 22 uploaded
Client 45 trained
Client 45 uploaded
Client 10 trained
Client 10 uploaded
Epoch(t): 189 accuracy: 63.78 loss 1.0580684822797775 run_time: 3658.730978488922
Current clients: 100 , select: 10
| current_epoch 190 |. Begin client select
SchedulerThread select( 10 clients):
54 | 65 | 86 | 69 | 55 | 80 | 75 | 39 | 76 | 52 |
-----------------------------------------------------------------Schedule complete
Client 86 trained
Client 86 uploaded
Client 39 trained
Client 39 uploaded
Client 52 trained
Client 52 uploaded
Client 75 trained
Client 75 uploaded
Client 54 trained
Client 54 uploaded
Client 55 trained
Client 55 uploaded
Client 76 trained
Client 76 uploaded
Client 65 trained
Client 65 uploaded
Client 80 trained
Client 80 uploaded
Client 69 trained
Client 69 uploaded
Epoch(t): 190 accuracy: 53.22 loss 1.3927200472354888 run_time: 3678.1897456645966
Current clients: 100 , select: 10
| current_epoch 191 |. Begin client select
SchedulerThread select( 10 clients):
2 | 21 | 69 | 36 | 18 | 78 | 25 | 1 | 48 | 83 |
-----------------------------------------------------------------Schedule complete
Client 1 trained
Client 1 uploaded
Client 18 trained
Client 18 uploaded
Client 25 trained
Client 25 uploaded
Client 48 trained
Client 48 uploaded
Client 21 trained
Client 21 uploaded
Client 78 trained
Client 78 uploaded
Client 83 trained
Client 83 uploaded
Client 36 trained
Client 36 uploaded
Client 2 trained
Client 2 uploaded
Client 69 trained
Client 69 uploaded
Epoch(t): 191 accuracy: 55.56 loss 1.300735656619072 run_time: 3697.859453678131
Current clients: 100 , select: 10
| current_epoch 192 |. Begin client select
SchedulerThread select( 10 clients):
81 | 6 | 89 | 20 | 52 | 72 | 24 | 58 | 84 | 88 |
-----------------------------------------------------------------Schedule complete
Client 58 trained
Client 58 uploaded
Client 84 trained
Client 84 uploaded
Client 24 trained
Client 24 uploaded
Client 52 trained
Client 52 uploaded
Client 20 trained
Client 20 uploaded
Client 88 trained
Client 88 uploaded
Client 72 trained
Client 72 uploaded
Client 6 trained
Client 6 uploaded
Client 81 trained
Client 81 uploaded
Client 89 trained
Client 89 uploaded
Epoch(t): 192 accuracy: 54.07 loss 1.35354274392128 run_time: 3716.1453261375427
Current clients: 100 , select: 10
| current_epoch 193 |. Begin client select
SchedulerThread select( 10 clients):
79 | 71 | 98 | 0 | 74 | 8 | 10 | 89 | 4 | 34 |
-----------------------------------------------------------------Schedule complete
Client 74 trained
Client 74 uploaded
Client 71 trained
Client 71 uploaded
Client 98 trained
Client 98 uploaded
Client 8 trained
Client 8 uploaded
Client 79 trained
Client 79 uploaded
Client 0 trained
Client 0 uploaded
Client 34 trained
Client 34 uploaded
Client 10 trained
Client 10 uploaded
Client 89 trained
Client 89 uploaded
Client 4 trained
Client 4 uploaded
Epoch(t): 193 accuracy: 60.7 loss 1.1246502298116683 run_time: 3743.3198392391205
Current clients: 100 , select: 10
| current_epoch 194 |. Begin client select
SchedulerThread select( 10 clients):
52 | 71 | 29 | 24 | 34 | 62 | 67 | 38 | 94 | 66 |
-----------------------------------------------------------------Schedule complete
Client 94 trained
Client 94 uploaded
Client 24 trained
Client 24 uploaded
Client 66 trained
Client 66 uploaded
Client 52 trained
Client 52 uploaded
Client 71 trained
Client 71 uploaded
Client 62 trained
Client 62 uploaded
Client 67 trained
Client 67 uploaded
Client 38 trained
Client 38 uploaded
Client 34 trained
Client 34 uploaded
Client 29 trained
Client 29 uploaded
Epoch(t): 194 accuracy: 58.97 loss 1.250616143345833 run_time: 3760.7092258930206
Current clients: 100 , select: 10
| current_epoch 195 |. Begin client select
SchedulerThread select( 10 clients):
41 | 14 | 84 | 78 | 7 | 31 | 27 | 99 | 32 | 61 |
-----------------------------------------------------------------Schedule complete
Client 14 trained
Client 14 uploaded
Client 31 trained
Client 31 uploaded
Client 61 trained
Client 61 uploaded
Client 84 trained
Client 84 uploaded
Client 41 trained
Client 41 uploaded
Client 27 trained
Client 27 uploaded
Client 7 trained
Client 7 uploaded
Client 78 trained
Client 78 uploaded
Client 99 trained
Client 99 uploaded
Client 32 trained
Client 32 uploaded
Epoch(t): 195 accuracy: 52.92 loss 1.4766951251029967 run_time: 3776.5540850162506
Current clients: 100 , select: 10
| current_epoch 196 |. Begin client select
SchedulerThread select( 10 clients):
34 | 8 | 99 | 11 | 20 | 25 | 91 | 52 | 88 | 62 |
-----------------------------------------------------------------Schedule complete
Client 52 trained
Client 52 uploaded
Client 25 trained
Client 25 uploaded
Client 20 trained
Client 20 uploaded
Client 88 trained
Client 88 uploaded
Client 62 trained
Client 62 uploaded
Client 8 trained
Client 8 uploaded
Client 91 trained
Client 91 uploaded
Client 99 trained
Client 99 uploaded
Client 34 trained
Client 34 uploaded
Client 11 trained
Client 11 uploaded
Epoch(t): 196 accuracy: 59.26 loss 1.1679932934045791 run_time: 3800.7030622959137
Current clients: 100 , select: 10
| current_epoch 197 |. Begin client select
SchedulerThread select( 10 clients):
78 | 72 | 45 | 65 | 29 | 92 | 34 | 14 | 15 | 97 |
-----------------------------------------------------------------Schedule complete
Client 14 trained
Client 14 uploaded
Client 92 trained
Client 92 uploaded
Client 72 trained
Client 72 uploaded
Client 97 trained
Client 97 uploaded
Client 78 trained
Client 78 uploaded
Client 65 trained
Client 65 uploaded
Client 45 trained
Client 45 uploaded
Client 34 trained
Client 34 uploaded
Client 15 trained
Client 15 uploaded
Client 29 trained
Client 29 uploaded
Epoch(t): 197 accuracy: 61.11 loss 1.1475835716724396 run_time: 3823.8345789909363
Current clients: 100 , select: 10
| current_epoch 198 |. Begin client select
SchedulerThread select( 10 clients):
36 | 16 | 75 | 23 | 94 | 22 | 96 | 64 | 80 | 6 |
-----------------------------------------------------------------Schedule complete
Client 94 trained
Client 94 uploaded
Client 75 trained
Client 75 uploaded
Client 6 trained
Client 6 uploaded
Client 36 trained
Client 36 uploaded
Client 64 trained
Client 64 uploaded
Client 80 trained
Client 80 uploaded
Client 23 trained
Client 23 uploaded
Client 22 trained
Client 22 uploaded
Client 16 trained
Client 16 uploaded
Client 96 trained
Client 96 uploaded
Epoch(t): 198 accuracy: 60.65 loss 1.1375533187389373 run_time: 3846.641388654709
Current clients: 100 , select: 10
| current_epoch 199 |. Begin client select
SchedulerThread select( 10 clients):
96 | 65 | 20 | 34 | 79 | 47 | 4 | 74 | 16 | 45 |
-----------------------------------------------------------------Schedule complete
Client 74 trained
Client 74 uploaded
Client 20 trained
Client 20 uploaded
Client 47 trained
Client 47 uploaded
Client 65 trained
Client 65 uploaded
Client 79 trained
Client 79 uploaded
Client 45 trained
Client 45 uploaded
Client 16 trained
Client 16 uploaded
Client 34 trained
Client 34 uploaded
Client 96 trained
Client 96 uploaded
Client 4 trained
Client 4 uploaded
Epoch(t): 199 accuracy: 52.82 loss 1.484665551185608 run_time: 3872.936386823654
Current clients: 100 , select: 10
| current_epoch 200 |. Begin client select
SchedulerThread select( 10 clients):
56 | 94 | 81 | 45 | 43 | 66 | 61 | 93 | 84 | 59 |
-----------------------------------------------------------------Schedule complete
Client 94 trained
Client 94 uploaded
Client 93 trained
Client 93 uploaded
Client 61 trained
Client 61 uploaded
Client 84 trained
Client 84 uploaded
Client 66 trained
Client 66 uploaded
Client 81 trained
Client 81 uploaded
Client 59 trained
Client 59 uploaded
Client 45 trained
Client 45 uploaded
Client 56 trained
Client 56 uploaded
Client 43 trained
Client 43 uploaded
Epoch(t): 200 accuracy: 54.58 loss 1.3973063606023788 run_time: 3888.703943967819
Current clients: 100 , select: 10
| current_epoch 201 |. Begin client select
SchedulerThread select( 10 clients):
22 | 66 | 91 | 40 | 95 | 46 | 8 | 97 | 6 | 12 |
-----------------------------------------------------------------Schedule complete
Client 12 trained
Client 12 uploaded
Client 66 trained
Client 66 uploaded
Client 40 trained
Client 40 uploaded
Client 46 trained
Client 46 uploaded
Client 95 trained
Client 95 uploaded
Client 97 trained
Client 97 uploaded
Client 8 trained
Client 8 uploaded
Client 6 trained
Client 6 uploaded
Client 22 trained
Client 22 uploaded
Client 91 trained
Client 91 uploaded
Epoch(t): 201 accuracy: 59.44 loss 1.1623557645082474 run_time: 3907.9010961055756
Current clients: 100 , select: 10
| current_epoch 202 |. Begin client select
SchedulerThread select( 10 clients):
2 | 82 | 25 | 64 | 95 | 0 | 45 | 28 | 6 | 50 |
-----------------------------------------------------------------Schedule complete
Client 28 trained
Client 28 uploaded
Client 25 trained
Client 25 uploaded
Client 95 trained
Client 95 uploaded
Client 50 trained
Client 50 uploaded
Client 6 trained
Client 6 uploaded
Client 82 trained
Client 82 uploaded
Client 64 trained
Client 64 uploaded
Client 45 trained
Client 45 uploaded
Client 0 trained
Client 0 uploaded
Client 2 trained
Client 2 uploaded
Epoch(t): 202 accuracy: 57.96 loss 1.269973446726799 run_time: 3928.4708790779114
Current clients: 100 , select: 10
| current_epoch 203 |. Begin client select
SchedulerThread select( 10 clients):
83 | 21 | 80 | 18 | 99 | 35 | 76 | 1 | 59 | 86 |
-----------------------------------------------------------------Schedule complete
Client 1 trained
Client 1 uploaded
Client 86 trained
Client 86 uploaded
Client 18 trained
Client 18 uploaded
Client 21 trained
Client 21 uploaded
Client 35 trained
Client 35 uploaded
Client 76 trained
Client 76 uploaded
Client 59 trained
Client 59 uploaded
Client 83 trained
Client 83 uploaded
Client 80 trained
Client 80 uploaded
Client 99 trained
Client 99 uploaded
Epoch(t): 203 accuracy: 62.51 loss 1.076039937734604 run_time: 3945.786075592041
Current clients: 100 , select: 10
| current_epoch 204 |. Begin client select
SchedulerThread select( 10 clients):
76 | 71 | 21 | 32 | 75 | 30 | 84 | 23 | 79 | 68 |
-----------------------------------------------------------------Schedule complete
Client 84 trained
Client 84 uploaded
Client 71 trained
Client 71 uploaded
Client 75 trained
Client 75 uploaded
Client 21 trained
Client 21 uploaded
Client 68 trained
Client 68 uploaded
Client 76 trained
Client 76 uploaded
Client 79 trained
Client 79 uploaded
Client 23 trained
Client 23 uploaded
Client 30 trained
Client 30 uploaded
Client 32 trained
Client 32 uploaded
Epoch(t): 204 accuracy: 65.53 loss 0.9930811882019043 run_time: 3966.976267337799
Current clients: 100 , select: 10
| current_epoch 205 |. Begin client select
SchedulerThread select( 10 clients):
80 | 17 | 87 | 84 | 70 | 66 | 59 | 64 | 78 | 14 |
-----------------------------------------------------------------Schedule complete
Client 14 trained
Client 14 uploaded
Client 66 trained
Client 66 uploaded
Client 87 trained
Client 87 uploaded
Client 84 trained
Client 84 uploaded
Client 17 trained
Client 17 uploaded
Client 78 trained
Client 78 uploaded
Client 59 trained
Client 59 uploaded
Client 70 trained
Client 70 uploaded
Client 64 trained
Client 64 uploaded
Client 80 trained
Client 80 uploaded
Epoch(t): 205 accuracy: 59.77 loss 1.1962804591655731 run_time: 3982.841850757599
Current clients: 100 , select: 10
| current_epoch 206 |. Begin client select
SchedulerThread select( 10 clients):
65 | 66 | 48 | 41 | 22 | 28 | 32 | 16 | 77 | 84 |
-----------------------------------------------------------------Schedule complete
Client 28 trained
Client 28 uploaded
Client 41 trained
Client 41 uploaded
Client 84 trained
Client 84 uploaded
Client 66 trained
Client 66 uploaded
Client 48 trained
Client 48 uploaded
Client 65 trained
Client 65 uploaded
Client 22 trained
Client 22 uploaded
Client 77 trained
Client 77 uploaded
Client 16 trained
Client 16 uploaded
Client 32 trained
Client 32 uploaded
Epoch(t): 206 accuracy: 58.33 loss 1.1975611984729766 run_time: 4002.198389530182
Current clients: 100 , select: 10
| current_epoch 207 |. Begin client select
SchedulerThread select( 10 clients):
48 | 18 | 5 | 6 | 80 | 97 | 43 | 67 | 30 | 54 |
-----------------------------------------------------------------Schedule complete
Client 5 trained
Client 5 uploaded
Client 18 trained
Client 18 uploaded
Client 54 trained
Client 54 uploaded
Client 48 trained
Client 48 uploaded
Client 67 trained
Client 67 uploaded
Client 6 trained
Client 6 uploaded
Client 97 trained
Client 97 uploaded
Client 80 trained
Client 80 uploaded
Client 30 trained
Client 30 uploaded
Client 43 trained
Client 43 uploaded
Epoch(t): 207 accuracy: 60.07 loss 1.1733366417884827 run_time: 4021.41228222847
Current clients: 100 , select: 10
| current_epoch 208 |. Begin client select
SchedulerThread select( 10 clients):
26 | 68 | 58 | 18 | 74 | 77 | 47 | 43 | 63 | 11 |
-----------------------------------------------------------------Schedule complete
Client 58 trained
Client 58 uploaded
Client 74 trained
Client 74 uploaded
Client 18 trained
Client 18 uploaded
Client 47 trained
Client 47 uploaded
Client 68 trained
Client 68 uploaded
Client 26 trained
Client 26 uploaded
Client 63 trained
Client 63 uploaded
Client 77 trained
Client 77 uploaded
Client 43 trained
Client 43 uploaded
Client 11 trained
Client 11 uploaded
Epoch(t): 208 accuracy: 61.47 loss 1.1180146098136903 run_time: 4043.7176616191864
Current clients: 100 , select: 10
| current_epoch 209 |. Begin client select
SchedulerThread select( 10 clients):
51 | 3 | 40 | 83 | 45 | 43 | 70 | 85 | 63 | 53 |
-----------------------------------------------------------------Schedule complete
Client 3 trained
Client 3 uploaded
Client 40 trained
Client 40 uploaded
Client 70 trained
Client 70 uploaded
Client 85 trained
Client 85 uploaded
Client 83 trained
Client 83 uploaded
Client 63 trained
Client 63 uploaded
Client 51 trained
Client 51 uploaded
Client 45 trained
Client 45 uploaded
Client 43 trained
Client 43 uploaded
Client 53 trained
Client 53 uploaded
Epoch(t): 209 accuracy: 57.02 loss 1.2598401963710786 run_time: 4068.840336561203
Current clients: 100 , select: 10
| current_epoch 210 |. Begin client select
SchedulerThread select( 10 clients):
14 | 96 | 51 | 15 | 72 | 11 | 58 | 74 | 18 | 80 |
-----------------------------------------------------------------Schedule complete
Client 14 trained
Client 14 uploaded
Client 58 trained
Client 58 uploaded
Client 74 trained
Client 74 uploaded
Client 18 trained
Client 18 uploaded
Client 72 trained
Client 72 uploaded
Client 51 trained
Client 51 uploaded
Client 80 trained
Client 80 uploaded
Client 96 trained
Client 96 uploaded
Client 15 trained
Client 15 uploaded
Client 11 trained
Client 11 uploaded
Epoch(t): 210 accuracy: 60.63 loss 1.1751633596420288 run_time: 4089.2536120414734
Current clients: 100 , select: 10
| current_epoch 211 |. Begin client select
SchedulerThread select( 10 clients):
56 | 21 | 34 | 99 | 24 | 82 | 60 | 3 | 55 | 71 |
-----------------------------------------------------------------Schedule complete
Client 24 trained
Client 24 uploaded
Client 71 trained
Client 71 uploaded
Client 3 trained
Client 3 uploaded
Client 60 trained
Client 60 uploaded
Client 21 trained
Client 21 uploaded
Client 55 trained
Client 55 uploaded
Client 82 trained
Client 82 uploaded
Client 56 trained
Client 56 uploaded
Client 99 trained
Client 99 uploaded
Client 34 trained
Client 34 uploaded
Epoch(t): 211 accuracy: 64.75 loss 1.0313735127449035 run_time: 4108.463879585266
Current clients: 100 , select: 10
| current_epoch 212 |. Begin client select
SchedulerThread select( 10 clients):
75 | 42 | 52 | 39 | 65 | 68 | 30 | 54 | 60 | 80 |
-----------------------------------------------------------------Schedule complete
Client 39 trained
Client 39 uploaded
Client 52 trained
Client 52 uploaded
Client 60 trained
Client 60 uploaded
Client 75 trained
Client 75 uploaded
Client 54 trained
Client 54 uploaded
Client 68 trained
Client 68 uploaded
Client 65 trained
Client 65 uploaded
Client 80 trained
Client 80 uploaded
Client 30 trained
Client 30 uploaded
Client 42 trained
Client 42 uploaded
Epoch(t): 212 accuracy: 58.98 loss 1.209510439634323 run_time: 4128.238923072815
Current clients: 100 , select: 10
| current_epoch 213 |. Begin client select
SchedulerThread select( 10 clients):
18 | 83 | 48 | 20 | 50 | 23 | 13 | 77 | 94 | 39 |
-----------------------------------------------------------------Schedule complete
Client 13 trained
Client 13 uploaded
Client 94 trained
Client 94 uploaded
Client 18 trained
Client 18 uploaded
Client 39 trained
Client 39 uploaded
Client 20 trained
Client 20 uploaded
Client 48 trained
Client 48 uploaded
Client 50 trained
Client 50 uploaded
Client 83 trained
Client 83 uploaded
Client 23 trained
Client 23 uploaded
Client 77 trained
Client 77 uploaded
Epoch(t): 213 accuracy: 58.07 loss 1.2361723005771637 run_time: 4143.173768997192
Current clients: 100 , select: 10
| current_epoch 214 |. Begin client select
SchedulerThread select( 10 clients):
30 | 11 | 43 | 9 | 66 | 45 | 42 | 99 | 80 | 56 |
-----------------------------------------------------------------Schedule complete
Client 9 trained
Client 9 uploaded
Client 66 trained
Client 66 uploaded
Client 56 trained
Client 56 uploaded
Client 80 trained
Client 80 uploaded
Client 99 trained
Client 99 uploaded
Client 45 trained
Client 45 uploaded
Client 30 trained
Client 30 uploaded
Client 42 trained
Client 42 uploaded
Client 11 trained
Client 11 uploaded
Client 43 trained
Client 43 uploaded
Epoch(t): 214 accuracy: 62.27 loss 1.0953297519683838 run_time: 4169.685730218887
Current clients: 100 , select: 10
| current_epoch 215 |. Begin client select
SchedulerThread select( 10 clients):
63 | 57 | 76 | 10 | 14 | 94 | 73 | 92 | 29 | 13 |
-----------------------------------------------------------------Schedule complete
Client 94 trained
Client 94 uploaded
Client 13 trained
Client 13 uploaded
Client 14 trained
Client 14 uploaded
Client 57 trained
Client 57 uploaded
Client 92 trained
Client 92 uploaded
Client 63 trained
Client 63 uploaded
Client 76 trained
Client 76 uploaded
Client 73 trained
Client 73 uploaded
Client 10 trained
Client 10 uploaded
Client 29 trained
Client 29 uploaded
Epoch(t): 215 accuracy: 63.96 loss 1.0506093281507491 run_time: 4187.398846387863
Current clients: 100 , select: 10
| current_epoch 216 |. Begin client select
SchedulerThread select( 10 clients):
55 | 14 | 17 | 59 | 74 | 83 | 32 | 20 | 41 | 62 |
-----------------------------------------------------------------Schedule complete
Client 14 trained
Client 14 uploaded
Client 74 trained
Client 74 uploaded
Client 41 trained
Client 41 uploaded
Client 17 trained
Client 17 uploaded
Client 20 trained
Client 20 uploaded
Client 62 trained
Client 62 uploaded
Client 83 trained
Client 83 uploaded
Client 55 trained
Client 55 uploaded
Client 59 trained
Client 59 uploaded
Client 32 trained
Client 32 uploaded
Epoch(t): 216 accuracy: 58.2 loss 1.228779890537262 run_time: 4204.88959980011
Current clients: 100 , select: 10
| current_epoch 217 |. Begin client select
SchedulerThread select( 10 clients):
90 | 84 | 77 | 18 | 56 | 66 | 10 | 93 | 91 | 29 |
-----------------------------------------------------------------Schedule complete
Client 93 trained
Client 93 uploaded
Client 84 trained
Client 84 uploaded
Client 18 trained
Client 18 uploaded
Client 66 trained
Client 66 uploaded
Client 56 trained
Client 56 uploaded
Client 90 trained
Client 90 uploaded
Client 77 trained
Client 77 uploaded
Client 91 trained
Client 91 uploaded
Client 10 trained
Client 10 uploaded
Client 29 trained
Client 29 uploaded
Epoch(t): 217 accuracy: 61.08 loss 1.1469411605596542 run_time: 4226.383512020111
Current clients: 100 , select: 10
| current_epoch 218 |. Begin client select
SchedulerThread select( 10 clients):
39 | 48 | 44 | 5 | 15 | 9 | 72 | 43 | 89 | 82 |
-----------------------------------------------------------------Schedule complete
Client 5 trained
Client 5 uploaded
Client 9 trained
Client 9 uploaded
Client 39 trained
Client 39 uploaded
Client 44 trained
Client 44 uploaded
Client 72 trained
Client 72 uploaded
Client 48 trained
Client 48 uploaded
Client 82 trained
Client 82 uploaded
Client 15 trained
Client 15 uploaded
Client 43 trained
Client 43 uploaded
Client 89 trained
Client 89 uploaded
Epoch(t): 218 accuracy: 56.07 loss 1.3106478595733642 run_time: 4246.50297832489
Current clients: 100 , select: 10
| current_epoch 219 |. Begin client select
SchedulerThread select( 10 clients):
24 | 98 | 70 | 9 | 17 | 57 | 19 | 89 | 96 | 79 |
-----------------------------------------------------------------Schedule complete
Client 9 trained
Client 9 uploaded
Client 57 trained
Client 57 uploaded
Client 24 trained
Client 24 uploaded
Client 19 trained
Client 19 uploaded
Client 17 trained
Client 17 uploaded
Client 98 trained
Client 98 uploaded
Client 70 trained
Client 70 uploaded
Client 79 trained
Client 79 uploaded
Client 96 trained
Client 96 uploaded
Client 89 trained
Client 89 uploaded
Epoch(t): 219 accuracy: 56.48 loss 1.2906861758232118 run_time: 4265.935661077499
Current clients: 100 , select: 10
| current_epoch 220 |. Begin client select
SchedulerThread select( 10 clients):
11 | 15 | 14 | 34 | 20 | 81 | 39 | 52 | 45 | 9 |
-----------------------------------------------------------------Schedule complete
Client 14 trained
Client 14 uploaded
Client 9 trained
Client 9 uploaded
Client 39 trained
Client 39 uploaded
Client 52 trained
Client 52 uploaded
Client 81 trained
Client 81 uploaded
Client 20 trained
Client 20 uploaded
Client 45 trained
Client 45 uploaded
Client 34 trained
Client 34 uploaded
Client 15 trained
Client 15 uploaded
Client 11 trained
Client 11 uploaded
Epoch(t): 220 accuracy: 62.79 loss 1.1259118407964706 run_time: 4285.353291511536
Current clients: 100 , select: 10
| current_epoch 221 |. Begin client select
SchedulerThread select( 10 clients):
67 | 3 | 70 | 17 | 50 | 71 | 1 | 12 | 64 | 51 |
-----------------------------------------------------------------Schedule complete
Client 1 trained
Client 1 uploaded
Client 12 trained
Client 12 uploaded
Client 71 trained
Client 71 uploaded
Client 3 trained
Client 3 uploaded
Client 17 trained
Client 17 uploaded
Client 70 trained
Client 70 uploaded
Client 67 trained
Client 67 uploaded
Client 50 trained
Client 50 uploaded
Client 64 trained
Client 64 uploaded
Client 51 trained
Client 51 uploaded
Epoch(t): 221 accuracy: 63.0 loss 1.1061613982915879 run_time: 4301.400843381882
Current clients: 100 , select: 10
| current_epoch 222 |. Begin client select
SchedulerThread select( 10 clients):
45 | 73 | 8 | 52 | 6 | 96 | 99 | 66 | 19 | 3 |
-----------------------------------------------------------------Schedule complete
Client 66 trained
Client 66 uploaded
Client 19 trained
Client 19 uploaded
Client 52 trained
Client 52 uploaded
Client 3 trained
Client 3 uploaded
Client 8 trained
Client 8 uploaded
Client 6 trained
Client 6 uploaded
Client 73 trained
Client 73 uploaded
Client 45 trained
Client 45 uploaded
Client 99 trained
Client 99 uploaded
Client 96 trained
Client 96 uploaded
Epoch(t): 222 accuracy: 64.87 loss 1.0265139079093932 run_time: 4320.6006491184235
Current clients: 100 , select: 10
| current_epoch 223 |. Begin client select
SchedulerThread select( 10 clients):
81 | 29 | 59 | 49 | 56 | 64 | 8 | 17 | 79 | 58 |
-----------------------------------------------------------------Schedule complete
Client 58 trained
Client 58 uploaded
Client 49 trained
Client 49 uploaded
Client 17 trained
Client 17 uploaded
Client 81 trained
Client 81 uploaded
Client 8 trained
Client 8 uploaded
Client 64 trained
Client 64 uploaded
Client 59 trained
Client 59 uploaded
Client 56 trained
Client 56 uploaded
Client 79 trained
Client 79 uploaded
Client 29 trained
Client 29 uploaded
Epoch(t): 223 accuracy: 64.03 loss 1.0605889815092087 run_time: 4341.382656574249
Current clients: 100 , select: 10
| current_epoch 224 |. Begin client select
SchedulerThread select( 10 clients):
84 | 74 | 35 | 71 | 39 | 99 | 80 | 54 | 33 | 52 |
-----------------------------------------------------------------Schedule complete
Client 33 trained
Client 33 uploaded
Client 74 trained
Client 74 uploaded
Client 84 trained
Client 84 uploaded
Client 39 trained
Client 39 uploaded
Client 52 trained
Client 52 uploaded
Client 71 trained
Client 71 uploaded
Client 54 trained
Client 54 uploaded
Client 35 trained
Client 35 uploaded
Client 80 trained
Client 80 uploaded
Client 99 trained
Client 99 uploaded
Epoch(t): 224 accuracy: 60.48 loss 1.1853624314069748 run_time: 4355.338243722916
Current clients: 100 , select: 10
| current_epoch 225 |. Begin client select
SchedulerThread select( 10 clients):
2 | 77 | 63 | 82 | 9 | 4 | 16 | 5 | 87 | 36 |
-----------------------------------------------------------------Schedule complete
Client 5 trained
Client 5 uploaded
Client 9 trained
Client 9 uploaded
Client 87 trained
Client 87 uploaded
Client 36 trained
Client 36 uploaded
Client 82 trained
Client 82 uploaded
Client 63 trained
Client 63 uploaded
Client 77 trained
Client 77 uploaded
Client 16 trained
Client 16 uploaded
Client 2 trained
Client 2 uploaded
Client 4 trained
Client 4 uploaded
Epoch(t): 225 accuracy: 56.22 loss 1.325196396112442 run_time: 4378.598929643631
Current clients: 100 , select: 10
| current_epoch 226 |. Begin client select
SchedulerThread select( 10 clients):
12 | 3 | 45 | 14 | 2 | 81 | 26 | 40 | 67 | 20 |
-----------------------------------------------------------------Schedule complete
Client 14 trained
Client 14 uploaded
Client 12 trained
Client 12 uploaded
Client 40 trained
Client 40 uploaded
Client 3 trained
Client 3 uploaded
Client 20 trained
Client 20 uploaded
Client 81 trained
Client 81 uploaded
Client 67 trained
Client 67 uploaded
Client 26 trained
Client 26 uploaded
Client 45 trained
Client 45 uploaded
Client 2 trained
Client 2 uploaded
Epoch(t): 226 accuracy: 56.45 loss 1.342040022611618 run_time: 4394.591412067413
Current clients: 100 , select: 10
| current_epoch 227 |. Begin client select
SchedulerThread select( 10 clients):
5 | 8 | 20 | 29 | 74 | 92 | 41 | 34 | 7 | 71 |
-----------------------------------------------------------------Schedule complete
Client 5 trained
Client 5 uploaded
Client 74 trained
Client 74 uploaded
Client 41 trained
Client 41 uploaded
Client 92 trained
Client 92 uploaded
Client 71 trained
Client 71 uploaded
Client 20 trained
Client 20 uploaded
Client 8 trained
Client 8 uploaded
Client 7 trained
Client 7 uploaded
Client 34 trained
Client 34 uploaded
Client 29 trained
Client 29 uploaded
Epoch(t): 227 accuracy: 63.23 loss 1.0955520528554916 run_time: 4410.847330093384
Current clients: 100 , select: 10
| current_epoch 228 |. Begin client select
SchedulerThread select( 10 clients):
95 | 59 | 53 | 60 | 86 | 34 | 36 | 83 | 74 | 72 |
-----------------------------------------------------------------Schedule complete
Client 86 trained
Client 86 uploaded
Client 74 trained
Client 74 uploaded
Client 60 trained
Client 60 uploaded
Client 72 trained
Client 72 uploaded
Client 95 trained
Client 95 uploaded
Client 83 trained
Client 83 uploaded
Client 36 trained
Client 36 uploaded
Client 59 trained
Client 59 uploaded
Client 34 trained
Client 34 uploaded
Client 53 trained
Client 53 uploaded
Epoch(t): 228 accuracy: 60.33 loss 1.1713106954097747 run_time: 4432.687176942825
Current clients: 100 , select: 10
| current_epoch 229 |. Begin client select
SchedulerThread select( 10 clients):
98 | 35 | 52 | 82 | 56 | 61 | 39 | 86 | 27 | 32 |
-----------------------------------------------------------------Schedule complete
Client 86 trained
Client 86 uploaded
Client 61 trained
Client 61 uploaded
Client 39 trained
Client 39 uploaded
Client 52 trained
Client 52 uploaded
Client 27 trained
Client 27 uploaded
Client 98 trained
Client 98 uploaded
Client 35 trained
Client 35 uploaded
Client 82 trained
Client 82 uploaded
Client 56 trained
Client 56 uploaded
Client 32 trained
Client 32 uploaded
Epoch(t): 229 accuracy: 60.83 loss 1.1323694258928299 run_time: 4449.611116409302
Current clients: 100 , select: 10
| current_epoch 230 |. Begin client select
SchedulerThread select( 10 clients):
0 | 61 | 84 | 62 | 29 | 90 | 56 | 99 | 55 | 32 |
-----------------------------------------------------------------Schedule complete
Client 61 trained
Client 61 uploaded
Client 84 trained
Client 84 uploaded
Client 62 trained
Client 62 uploaded
Client 55 trained
Client 55 uploaded
Client 56 trained
Client 56 uploaded
Client 0 trained
Client 0 uploaded
Client 99 trained
Client 99 uploaded
Client 90 trained
Client 90 uploaded
Client 32 trained
Client 32 uploaded
Client 29 trained
Client 29 uploaded
Epoch(t): 230 accuracy: 64.54 loss 1.0244717836380004 run_time: 4472.801433801651
Current clients: 100 , select: 10
| current_epoch 231 |. Begin client select
SchedulerThread select( 10 clients):
37 | 9 | 52 | 40 | 91 | 77 | 6 | 2 | 79 | 32 |
-----------------------------------------------------------------Schedule complete
Client 9 trained
Client 9 uploaded
Client 37 trained
Client 37 uploaded
Client 52 trained
Client 52 uploaded
Client 40 trained
Client 40 uploaded
Client 6 trained
Client 6 uploaded
Client 79 trained
Client 79 uploaded
Client 2 trained
Client 2 uploaded
Client 77 trained
Client 77 uploaded
Client 91 trained
Client 91 uploaded
Client 32 trained
Client 32 uploaded
Epoch(t): 231 accuracy: 64.09 loss 1.045429871082306 run_time: 4494.405535936356
Current clients: 100 , select: 10
| current_epoch 232 |. Begin client select
SchedulerThread select( 10 clients):
55 | 85 | 60 | 87 | 13 | 62 | 17 | 83 | 41 | 28 |
-----------------------------------------------------------------Schedule complete
Client 13 trained
Client 13 uploaded
Client 28 trained
Client 28 uploaded
Client 41 trained
Client 41 uploaded
Client 87 trained
Client 87 uploaded
Client 60 trained
Client 60 uploaded
Client 17 trained
Client 17 uploaded
Client 55 trained
Client 55 uploaded
Client 62 trained
Client 62 uploaded
Client 85 trained
Client 85 uploaded
Client 83 trained
Client 83 uploaded
Epoch(t): 232 accuracy: 59.77 loss 1.1614848774671556 run_time: 4507.187466144562
Current clients: 100 , select: 10
| current_epoch 233 |. Begin client select
SchedulerThread select( 10 clients):
64 | 9 | 47 | 48 | 62 | 26 | 82 | 66 | 38 | 17 |
-----------------------------------------------------------------Schedule complete
Client 9 trained
Client 9 uploaded
Client 66 trained
Client 66 uploaded
Client 17 trained
Client 17 uploaded
Client 48 trained
Client 48 uploaded
Client 62 trained
Client 62 uploaded
Client 47 trained
Client 47 uploaded
Client 82 trained
Client 82 uploaded
Client 38 trained
Client 38 uploaded
Client 26 trained
Client 26 uploaded
Client 64 trained
Client 64 uploaded
Epoch(t): 233 accuracy: 63.69 loss 1.0597503066062928 run_time: 4525.062812566757
Current clients: 100 , select: 10
| current_epoch 234 |. Begin client select
SchedulerThread select( 10 clients):
6 | 84 | 38 | 90 | 9 | 51 | 89 | 71 | 36 | 78 |
-----------------------------------------------------------------Schedule complete
Client 9 trained
Client 9 uploaded
Client 84 trained
Client 84 uploaded
Client 71 trained
Client 71 uploaded
Client 6 trained
Client 6 uploaded
Client 78 trained
Client 78 uploaded
Client 36 trained
Client 36 uploaded
Client 51 trained
Client 51 uploaded
Client 38 trained
Client 38 uploaded
Client 90 trained
Client 90 uploaded
Client 89 trained
Client 89 uploaded
Epoch(t): 234 accuracy: 55.56 loss 1.2700492924451827 run_time: 4545.548351764679
Current clients: 100 , select: 10
| current_epoch 235 |. Begin client select
SchedulerThread select( 10 clients):
63 | 91 | 93 | 45 | 80 | 97 | 78 | 30 | 68 | 40 |
-----------------------------------------------------------------Schedule complete
Client 93 trained
Client 93 uploaded
Client 40 trained
Client 40 uploaded
Client 97 trained
Client 97 uploaded
Client 78 trained
Client 78 uploaded
Client 68 trained
Client 68 uploaded
Client 45 trained
Client 45 uploaded
Client 63 trained
Client 63 uploaded
Client 80 trained
Client 80 uploaded
Client 91 trained
Client 91 uploaded
Client 30 trained
Client 30 uploaded
Epoch(t): 235 accuracy: 61.3 loss 1.1453036338090896 run_time: 4567.239919900894
Current clients: 100 , select: 10
| current_epoch 236 |. Begin client select
SchedulerThread select( 10 clients):
43 | 49 | 88 | 42 | 30 | 28 | 25 | 90 | 63 | 23 |
-----------------------------------------------------------------Schedule complete
Client 28 trained
Client 28 uploaded
Client 49 trained
Client 49 uploaded
Client 25 trained
Client 25 uploaded
Client 88 trained
Client 88 uploaded
Client 23 trained
Client 23 uploaded
Client 63 trained
Client 63 uploaded
Client 90 trained
Client 90 uploaded
Client 30 trained
Client 30 uploaded
Client 43 trained
Client 43 uploaded
Client 42 trained
Client 42 uploaded
Epoch(t): 236 accuracy: 63.72 loss 1.0653020250797272 run_time: 4590.057156562805
Current clients: 100 , select: 10
| current_epoch 237 |. Begin client select
SchedulerThread select( 10 clients):
28 | 95 | 42 | 81 | 87 | 3 | 70 | 6 | 94 | 77 |
-----------------------------------------------------------------Schedule complete
Client 94 trained
Client 94 uploaded
Client 28 trained
Client 28 uploaded
Client 87 trained
Client 87 uploaded
Client 3 trained
Client 3 uploaded
Client 95 trained
Client 95 uploaded
Client 6 trained
Client 6 uploaded
Client 81 trained
Client 81 uploaded
Client 70 trained
Client 70 uploaded
Client 77 trained
Client 77 uploaded
Client 42 trained
Client 42 uploaded
Epoch(t): 237 accuracy: 59.72 loss 1.2161171454191209 run_time: 4607.353427886963
Current clients: 100 , select: 10
| current_epoch 238 |. Begin client select
SchedulerThread select( 10 clients):
3 | 51 | 26 | 75 | 6 | 8 | 80 | 61 | 55 | 1 |
-----------------------------------------------------------------Schedule complete
Client 1 trained
Client 1 uploaded
Client 61 trained
Client 61 uploaded
Client 75 trained
Client 75 uploaded
Client 3 trained
Client 3 uploaded
Client 6 trained
Client 6 uploaded
Client 55 trained
Client 55 uploaded
Client 8 trained
Client 8 uploaded
Client 26 trained
Client 26 uploaded
Client 51 trained
Client 51 uploaded
Client 80 trained
Client 80 uploaded
Epoch(t): 238 accuracy: 59.12 loss 1.2606569159030914 run_time: 4623.900233745575
Current clients: 100 , select: 10
| current_epoch 239 |. Begin client select
SchedulerThread select( 10 clients):
53 | 48 | 95 | 7 | 4 | 12 | 63 | 31 | 32 | 70 |
-----------------------------------------------------------------Schedule complete
Client 31 trained
Client 31 uploaded
Client 12 trained
Client 12 uploaded
Client 48 trained
Client 48 uploaded
Client 95 trained
Client 95 uploaded
Client 70 trained
Client 70 uploaded
Client 7 trained
Client 7 uploaded
Client 63 trained
Client 63 uploaded
Client 32 trained
Client 32 uploaded
Client 4 trained
Client 4 uploaded
Client 53 trained
Client 53 uploaded
Epoch(t): 239 accuracy: 58.6 loss 1.2438052093982697 run_time: 4648.17370891571
Current clients: 100 , select: 10
| current_epoch 240 |. Begin client select
SchedulerThread select( 10 clients):
81 | 37 | 18 | 66 | 41 | 7 | 13 | 44 | 35 | 51 |
-----------------------------------------------------------------Schedule complete
Client 13 trained
Client 13 uploaded
Client 18 trained
Client 18 uploaded
Client 37 trained
Client 37 uploaded
Client 41 trained
Client 41 uploaded
Client 44 trained
Client 44 uploaded
Client 66 trained
Client 66 uploaded
Client 81 trained
Client 81 uploaded
Client 35 trained
Client 35 uploaded
Client 7 trained
Client 7 uploaded
Client 51 trained
Client 51 uploaded
Epoch(t): 240 accuracy: 59.84 loss 1.1622559553384781 run_time: 4660.720964670181
Current clients: 100 , select: 10
| current_epoch 241 |. Begin client select
SchedulerThread select( 10 clients):
93 | 69 | 66 | 88 | 94 | 78 | 10 | 31 | 21 | 82 |
-----------------------------------------------------------------Schedule complete
Client 94 trained
Client 94 uploaded
Client 93 trained
Client 93 uploaded
Client 31 trained
Client 31 uploaded
Client 66 trained
Client 66 uploaded
Client 21 trained
Client 21 uploaded
Client 88 trained
Client 88 uploaded
Client 82 trained
Client 82 uploaded
Client 78 trained
Client 78 uploaded
Client 10 trained
Client 10 uploaded
Client 69 trained
Client 69 uploaded
Epoch(t): 241 accuracy: 59.94 loss 1.1799959868192673 run_time: 4677.9736042022705
Current clients: 100 , select: 10
| current_epoch 242 |. Begin client select
SchedulerThread select( 10 clients):
95 | 86 | 61 | 79 | 8 | 62 | 99 | 51 | 54 | 11 |
-----------------------------------------------------------------Schedule complete
Client 86 trained
Client 86 uploaded
Client 61 trained
Client 61 uploaded
Client 54 trained
Client 54 uploaded
Client 62 trained
Client 62 uploaded
Client 8 trained
Client 8 uploaded
Client 95 trained
Client 95 uploaded
Client 51 trained
Client 51 uploaded
Client 79 trained
Client 79 uploaded
Client 99 trained
Client 99 uploaded
Client 11 trained
Client 11 uploaded
Epoch(t): 242 accuracy: 59.56 loss 1.179841355085373 run_time: 4698.7130744457245
Current clients: 100 , select: 10
| current_epoch 243 |. Begin client select
SchedulerThread select( 10 clients):
72 | 21 | 92 | 85 | 20 | 29 | 69 | 7 | 93 | 94 |
-----------------------------------------------------------------Schedule complete
Client 94 trained
Client 94 uploaded
Client 93 trained
Client 93 uploaded
Client 92 trained
Client 92 uploaded
Client 21 trained
Client 21 uploaded
Client 72 trained
Client 72 uploaded
Client 20 trained
Client 20 uploaded
Client 85 trained
Client 85 uploaded
Client 7 trained
Client 7 uploaded
Client 69 trained
Client 69 uploaded
Client 29 trained
Client 29 uploaded
Epoch(t): 243 accuracy: 61.74 loss 1.1016545081138611 run_time: 4716.629740476608
Current clients: 100 , select: 10
| current_epoch 244 |. Begin client select
SchedulerThread select( 10 clients):
76 | 56 | 42 | 20 | 96 | 11 | 23 | 19 | 97 | 47 |
-----------------------------------------------------------------Schedule complete
Client 19 trained
Client 19 uploaded
Client 20 trained
Client 20 uploaded
Client 47 trained
Client 47 uploaded
Client 97 trained
Client 97 uploaded
Client 76 trained
Client 76 uploaded
Client 56 trained
Client 56 uploaded
Client 23 trained
Client 23 uploaded
Client 96 trained
Client 96 uploaded
Client 11 trained
Client 11 uploaded
Client 42 trained
Client 42 uploaded
Epoch(t): 244 accuracy: 62.43 loss 1.1023562616109848 run_time: 4740.959627628326
Current clients: 100 , select: 10
| current_epoch 245 |. Begin client select
SchedulerThread select( 10 clients):
41 | 40 | 76 | 54 | 37 | 2 | 59 | 67 | 39 | 38 |
-----------------------------------------------------------------Schedule complete
Client 39 trained
Client 39 uploaded
Client 37 trained
Client 37 uploaded
Client 41 trained
Client 41 uploaded
Client 40 trained
Client 40 uploaded
Client 54 trained
Client 54 uploaded
Client 67 trained
Client 67 uploaded
Client 76 trained
Client 76 uploaded
Client 59 trained
Client 59 uploaded
Client 38 trained
Client 38 uploaded
Client 2 trained
Client 2 uploaded
Epoch(t): 245 accuracy: 56.6 loss 1.316359760761261 run_time: 4757.4797122478485
Current clients: 100 , select: 10
| current_epoch 246 |. Begin client select
SchedulerThread select( 10 clients):
23 | 48 | 59 | 91 | 4 | 15 | 79 | 99 | 60 | 43 |
-----------------------------------------------------------------Schedule complete
Client 60 trained
Client 60 uploaded
Client 48 trained
Client 48 uploaded
Client 59 trained
Client 59 uploaded
Client 79 trained
Client 79 uploaded
Client 23 trained
Client 23 uploaded
Client 99 trained
Client 99 uploaded
Client 91 trained
Client 91 uploaded
Client 15 trained
Client 15 uploaded
Client 43 trained
Client 43 uploaded
Client 4 trained
Client 4 uploaded
Epoch(t): 246 accuracy: 61.57 loss 1.1503558892011643 run_time: 4786.168730974197
Current clients: 100 , select: 10
| current_epoch 247 |. Begin client select
SchedulerThread select( 10 clients):
86 | 37 | 13 | 62 | 59 | 89 | 22 | 21 | 70 | 18 |
-----------------------------------------------------------------Schedule complete
Client 13 trained
Client 13 uploaded
Client 86 trained
Client 86 uploaded
Client 37 trained
Client 37 uploaded
Client 18 trained
Client 18 uploaded
Client 21 trained
Client 21 uploaded
Client 62 trained
Client 62 uploaded
Client 70 trained
Client 70 uploaded
Client 59 trained
Client 59 uploaded
Client 22 trained
Client 22 uploaded
Client 89 trained
Client 89 uploaded
Epoch(t): 247 accuracy: 57.05 loss 1.250851676464081 run_time: 4803.257631778717
Current clients: 100 , select: 10
| current_epoch 248 |. Begin client select
SchedulerThread select( 10 clients):
21 | 41 | 9 | 4 | 24 | 92 | 90 | 95 | 27 | 43 |
-----------------------------------------------------------------Schedule complete
Client 9 trained
Client 9 uploaded
Client 41 trained
Client 41 uploaded
Client 92 trained
Client 92 uploaded
Client 24 trained
Client 24 uploaded
Client 27 trained
Client 27 uploaded
Client 21 trained
Client 21 uploaded
Client 95 trained
Client 95 uploaded
Client 90 trained
Client 90 uploaded
Client 43 trained
Client 43 uploaded
Client 4 trained
Client 4 uploaded
Epoch(t): 248 accuracy: 54.75 loss 1.3568975257873535 run_time: 4822.443913459778
Current clients: 100 , select: 10
| current_epoch 249 |. Begin client select
SchedulerThread select( 10 clients):
52 | 31 | 88 | 22 | 95 | 91 | 16 | 93 | 10 | 38 |
-----------------------------------------------------------------Schedule complete
Client 31 trained
Client 31 uploaded
Client 93 trained
Client 93 uploaded
Client 52 trained
Client 52 uploaded
Client 88 trained
Client 88 uploaded
Client 95 trained
Client 95 uploaded
Client 38 trained
Client 38 uploaded
Client 22 trained
Client 22 uploaded
Client 91 trained
Client 91 uploaded
Client 16 trained
Client 16 uploaded
Client 10 trained
Client 10 uploaded
Epoch(t): 249 accuracy: 63.08 loss 1.0608803778886795 run_time: 4843.139009237289
Current clients: 100 , select: 10
| current_epoch 250 |. Begin client select
SchedulerThread select( 10 clients):
32 | 45 | 98 | 16 | 49 | 18 | 34 | 1 | 63 | 95 |
-----------------------------------------------------------------Schedule complete
Client 1 trained
Client 1 uploaded
Client 18 trained
Client 18 uploaded
Client 49 trained
Client 49 uploaded
Client 98 trained
Client 98 uploaded
Client 95 trained
Client 95 uploaded
Client 63 trained
Client 63 uploaded
Client 45 trained
Client 45 uploaded
Client 16 trained
Client 16 uploaded
Client 32 trained
Client 32 uploaded
Client 34 trained
Client 34 uploaded
Epoch(t): 250 accuracy: 60.47 loss 1.1965533912181854 run_time: 4864.464041233063
Current clients: 100 , select: 10
| current_epoch 251 |. Begin client select
SchedulerThread select( 10 clients):
88 | 66 | 30 | 70 | 10 | 64 | 61 | 27 | 90 | 21 |
-----------------------------------------------------------------Schedule complete
Client 61 trained
Client 61 uploaded
Client 66 trained
Client 66 uploaded
Client 27 trained
Client 27 uploaded
Client 88 trained
Client 88 uploaded
Client 21 trained
Client 21 uploaded
Client 70 trained
Client 70 uploaded
Client 64 trained
Client 64 uploaded
Client 90 trained
Client 90 uploaded
Client 30 trained
Client 30 uploaded
Client 10 trained
Client 10 uploaded
Epoch(t): 251 accuracy: 63.25 loss 1.0574576652050018 run_time: 4884.554269790649
Current clients: 100 , select: 10
| current_epoch 252 |. Begin client select
SchedulerThread select( 10 clients):
96 | 49 | 25 | 48 | 33 | 46 | 13 | 39 | 80 | 45 |
-----------------------------------------------------------------Schedule complete
Client 13 trained
Client 13 uploaded
Client 33 trained
Client 33 uploaded
Client 39 trained
Client 39 uploaded
Client 49 trained
Client 49 uploaded
Client 25 trained
Client 25 uploaded
Client 46 trained
Client 46 uploaded
Client 48 trained
Client 48 uploaded
Client 80 trained
Client 80 uploaded
Client 45 trained
Client 45 uploaded
Client 96 trained
Client 96 uploaded
Epoch(t): 252 accuracy: 61.37 loss 1.1416027808189393 run_time: 4900.683071613312
Current clients: 100 , select: 10
| current_epoch 253 |. Begin client select
SchedulerThread select( 10 clients):
18 | 68 | 80 | 92 | 55 | 96 | 90 | 38 | 31 | 2 |
-----------------------------------------------------------------Schedule complete
Client 31 trained
Client 31 uploaded
Client 18 trained
Client 18 uploaded
Client 92 trained
Client 92 uploaded
Client 55 trained
Client 55 uploaded
Client 68 trained
Client 68 uploaded
Client 38 trained
Client 38 uploaded
Client 80 trained
Client 80 uploaded
Client 2 trained
Client 2 uploaded
Client 90 trained
Client 90 uploaded
Client 96 trained
Client 96 uploaded
Epoch(t): 253 accuracy: 60.45 loss 1.1770594269037247 run_time: 4921.189548969269
Current clients: 100 , select: 10
| current_epoch 254 |. Begin client select
SchedulerThread select( 10 clients):
70 | 71 | 34 | 57 | 90 | 61 | 37 | 17 | 26 | 31 |
-----------------------------------------------------------------Schedule complete
Client 31 trained
Client 31 uploaded
Client 61 trained
Client 61 uploaded
Client 37 trained
Client 37 uploaded
Client 57 trained
Client 57 uploaded
Client 71 trained
Client 71 uploaded
Client 17 trained
Client 17 uploaded
Client 70 trained
Client 70 uploaded
Client 26 trained
Client 26 uploaded
Client 90 trained
Client 90 uploaded
Client 34 trained
Client 34 uploaded
Epoch(t): 254 accuracy: 62.51 loss 1.0734563040733338 run_time: 4937.537743091583
Current clients: 100 , select: 10
| current_epoch 255 |. Begin client select
SchedulerThread select( 10 clients):
74 | 41 | 2 | 39 | 52 | 15 | 58 | 33 | 7 | 8 |
-----------------------------------------------------------------Schedule complete
Client 33 trained
Client 33 uploaded
Client 74 trained
Client 74 uploaded
Client 58 trained
Client 58 uploaded
Client 39 trained
Client 39 uploaded
Client 41 trained
Client 41 uploaded
Client 52 trained
Client 52 uploaded
Client 8 trained
Client 8 uploaded
Client 7 trained
Client 7 uploaded
Client 2 trained
Client 2 uploaded
Client 15 trained
Client 15 uploaded
Epoch(t): 255 accuracy: 60.56 loss 1.1633255344629287 run_time: 4952.5388350486755
Current clients: 100 , select: 10
| current_epoch 256 |. Begin client select
SchedulerThread select( 10 clients):
59 | 40 | 74 | 13 | 42 | 2 | 16 | 79 | 0 | 71 |
-----------------------------------------------------------------Schedule complete
Client 13 trained
Client 13 uploaded
Client 74 trained
Client 74 uploaded
Client 71 trained
Client 71 uploaded
Client 40 trained
Client 40 uploaded
Client 59 trained
Client 59 uploaded
Client 79 trained
Client 79 uploaded
Client 2 trained
Client 2 uploaded
Client 0 trained
Client 0 uploaded
Client 16 trained
Client 16 uploaded
Client 42 trained
Client 42 uploaded
Epoch(t): 256 accuracy: 63.0 loss 1.0891195350885392 run_time: 4973.796338558197
Current clients: 100 , select: 10
| current_epoch 257 |. Begin client select
SchedulerThread select( 10 clients):
22 | 13 | 97 | 5 | 82 | 36 | 58 | 21 | 40 | 95 |
-----------------------------------------------------------------Schedule complete
Client 13 trained
Client 13 uploaded
Client 5 trained
Client 5 uploaded
Client 58 trained
Client 58 uploaded
Client 40 trained
Client 40 uploaded
Client 21 trained
Client 21 uploaded
Client 95 trained
Client 95 uploaded
Client 97 trained
Client 97 uploaded
Client 82 trained
Client 82 uploaded
Client 36 trained
Client 36 uploaded
Client 22 trained
Client 22 uploaded
Epoch(t): 257 accuracy: 58.95 loss 1.242975223660469 run_time: 4989.719742774963
Current clients: 100 , select: 10
| current_epoch 258 |. Begin client select
SchedulerThread select( 10 clients):
17 | 45 | 8 | 92 | 77 | 85 | 5 | 67 | 95 | 53 |
-----------------------------------------------------------------Schedule complete
Client 5 trained
Client 5 uploaded
Client 92 trained
Client 92 uploaded
Client 17 trained
Client 17 uploaded
Client 8 trained
Client 8 uploaded
Client 95 trained
Client 95 uploaded
Client 67 trained
Client 67 uploaded
Client 85 trained
Client 85 uploaded
Client 45 trained
Client 45 uploaded
Client 77 trained
Client 77 uploaded
Client 53 trained
Client 53 uploaded
Epoch(t): 258 accuracy: 60.62 loss 1.126617287993431 run_time: 5011.797063112259
Current clients: 100 , select: 10
| current_epoch 259 |. Begin client select
SchedulerThread select( 10 clients):
25 | 62 | 93 | 2 | 31 | 37 | 65 | 54 | 18 | 17 |
-----------------------------------------------------------------Schedule complete
Client 93 trained
Client 93 uploaded
Client 31 trained
Client 31 uploaded
Client 37 trained
Client 37 uploaded
Client 18 trained
Client 18 uploaded
Client 54 trained
Client 54 uploaded
Client 17 trained
Client 17 uploaded
Client 62 trained
Client 62 uploaded
Client 25 trained
Client 25 uploaded
Client 65 trained
Client 65 uploaded
Client 2 trained
Client 2 uploaded
Epoch(t): 259 accuracy: 60.71 loss 1.14385573387146 run_time: 5026.750166416168
Current clients: 100 , select: 10
| current_epoch 260 |. Begin client select
SchedulerThread select( 10 clients):
85 | 56 | 69 | 76 | 93 | 27 | 21 | 20 | 51 | 13 |
-----------------------------------------------------------------Schedule complete
Client 13 trained
Client 13 uploaded
Client 93 trained
Client 93 uploaded
Client 27 trained
Client 27 uploaded
Client 21 trained
Client 21 uploaded
Client 20 trained
Client 20 uploaded
Client 56 trained
Client 56 uploaded
Client 85 trained
Client 85 uploaded
Client 51 trained
Client 51 uploaded
Client 76 trained
Client 76 uploaded
Client 69 trained
Client 69 uploaded
Epoch(t): 260 accuracy: 56.91 loss 1.259872441291809 run_time: 5046.287919998169
Current clients: 100 , select: 10
| current_epoch 261 |. Begin client select
SchedulerThread select( 10 clients):
38 | 88 | 49 | 42 | 93 | 53 | 37 | 66 | 56 | 3 |
-----------------------------------------------------------------Schedule complete
Client 93 trained
Client 93 uploaded
Client 66 trained
Client 66 uploaded
Client 37 trained
Client 37 uploaded
Client 49 trained
Client 49 uploaded
Client 3 trained
Client 3 uploaded
Client 88 trained
Client 88 uploaded
Client 38 trained
Client 38 uploaded
Client 56 trained
Client 56 uploaded
Client 42 trained
Client 42 uploaded
Client 53 trained
Client 53 uploaded
Epoch(t): 261 accuracy: 63.51 loss 1.0363263511657714 run_time: 5065.621310949326
Current clients: 100 , select: 10
| current_epoch 262 |. Begin client select
SchedulerThread select( 10 clients):
42 | 94 | 97 | 92 | 74 | 23 | 2 | 21 | 98 | 99 |
-----------------------------------------------------------------Schedule complete
Client 94 trained
Client 94 uploaded
Client 74 trained
Client 74 uploaded
Client 92 trained
Client 92 uploaded
Client 98 trained
Client 98 uploaded
Client 21 trained
Client 21 uploaded
Client 97 trained
Client 97 uploaded
Client 23 trained
Client 23 uploaded
Client 2 trained
Client 2 uploaded
Client 99 trained
Client 99 uploaded
Client 42 trained
Client 42 uploaded
Epoch(t): 262 accuracy: 63.39 loss 1.066166144013405 run_time: 5085.563355922699
Current clients: 100 , select: 10
| current_epoch 263 |. Begin client select
SchedulerThread select( 10 clients):
69 | 25 | 99 | 89 | 14 | 23 | 26 | 42 | 5 | 59 |
-----------------------------------------------------------------Schedule complete
Client 5 trained
Client 5 uploaded
Client 14 trained
Client 14 uploaded
Client 25 trained
Client 25 uploaded
Client 26 trained
Client 26 uploaded
Client 59 trained
Client 59 uploaded
Client 23 trained
Client 23 uploaded
Client 99 trained
Client 99 uploaded
Client 42 trained
Client 42 uploaded
Client 69 trained
Client 69 uploaded
Client 89 trained
Client 89 uploaded
Epoch(t): 263 accuracy: 61.45 loss 1.1731065958738327 run_time: 5110.603791236877
Current clients: 100 , select: 10
| current_epoch 264 |. Begin client select
SchedulerThread select( 10 clients):
70 | 31 | 27 | 69 | 87 | 12 | 23 | 17 | 48 | 60 |
-----------------------------------------------------------------Schedule complete
Client 31 trained
Client 31 uploaded
Client 12 trained
Client 12 uploaded
Client 87 trained
Client 87 uploaded
Client 60 trained
Client 60 uploaded
Client 17 trained
Client 17 uploaded
Client 48 trained
Client 48 uploaded
Client 27 trained
Client 27 uploaded
Client 70 trained
Client 70 uploaded
Client 23 trained
Client 23 uploaded
Client 69 trained
Client 69 uploaded
Epoch(t): 264 accuracy: 51.13 loss 1.561059786081314 run_time: 5128.450920581818
Current clients: 100 , select: 10
| current_epoch 265 |. Begin client select
SchedulerThread select( 10 clients):
44 | 19 | 49 | 21 | 96 | 6 | 31 | 69 | 93 | 71 |
-----------------------------------------------------------------Schedule complete
Client 93 trained
Client 93 uploaded
Client 31 trained
Client 31 uploaded
Client 44 trained
Client 44 uploaded
Client 49 trained
Client 49 uploaded
Client 19 trained
Client 19 uploaded
Client 71 trained
Client 71 uploaded
Client 21 trained
Client 21 uploaded
Client 6 trained
Client 6 uploaded
Client 96 trained
Client 96 uploaded
Client 69 trained
Client 69 uploaded
Epoch(t): 265 accuracy: 58.78 loss 1.2209645348787308 run_time: 5145.215293884277
Current clients: 100 , select: 10
| current_epoch 266 |. Begin client select
SchedulerThread select( 10 clients):
84 | 96 | 48 | 99 | 89 | 23 | 14 | 5 | 70 | 92 |
-----------------------------------------------------------------Schedule complete
Client 5 trained
Client 5 uploaded
Client 14 trained
Client 14 uploaded
Client 84 trained
Client 84 uploaded
Client 92 trained
Client 92 uploaded
Client 48 trained
Client 48 uploaded
Client 70 trained
Client 70 uploaded
Client 23 trained
Client 23 uploaded
Client 99 trained
Client 99 uploaded
Client 96 trained
Client 96 uploaded
Client 89 trained
Client 89 uploaded
Epoch(t): 266 accuracy: 57.32 loss 1.2687935829162598 run_time: 5165.008874416351
Current clients: 100 , select: 10
| current_epoch 267 |. Begin client select
SchedulerThread select( 10 clients):
87 | 51 | 80 | 46 | 50 | 39 | 43 | 66 | 93 | 24 |
-----------------------------------------------------------------Schedule complete
Client 93 trained
Client 93 uploaded
Client 24 trained
Client 24 uploaded
Client 39 trained
Client 39 uploaded
Client 66 trained
Client 66 uploaded
Client 87 trained
Client 87 uploaded
Client 46 trained
Client 46 uploaded
Client 50 trained
Client 50 uploaded
Client 51 trained
Client 51 uploaded
Client 80 trained
Client 80 uploaded
Client 43 trained
Client 43 uploaded
Epoch(t): 267 accuracy: 61.23 loss 1.1184805405139924 run_time: 5181.086025238037
Current clients: 100 , select: 10
| current_epoch 268 |. Begin client select
SchedulerThread select( 10 clients):
57 | 3 | 62 | 6 | 78 | 30 | 52 | 51 | 36 | 96 |
-----------------------------------------------------------------Schedule complete
Client 57 trained
Client 57 uploaded
Client 52 trained
Client 52 uploaded
Client 3 trained
Client 3 uploaded
Client 62 trained
Client 62 uploaded
Client 6 trained
Client 6 uploaded
Client 78 trained
Client 78 uploaded
Client 36 trained
Client 36 uploaded
Client 51 trained
Client 51 uploaded
Client 30 trained
Client 30 uploaded
Client 96 trained
Client 96 uploaded
Epoch(t): 268 accuracy: 55.53 loss 1.308184228539467 run_time: 5201.810897350311
Current clients: 100 , select: 10
| current_epoch 269 |. Begin client select
SchedulerThread select( 10 clients):
55 | 24 | 33 | 97 | 52 | 70 | 54 | 64 | 90 | 75 |
-----------------------------------------------------------------Schedule complete
Client 33 trained
Client 33 uploaded
Client 24 trained
Client 24 uploaded
Client 52 trained
Client 52 uploaded
Client 75 trained
Client 75 uploaded
Client 54 trained
Client 54 uploaded
Client 55 trained
Client 55 uploaded
Client 70 trained
Client 70 uploaded
Client 97 trained
Client 97 uploaded
Client 64 trained
Client 64 uploaded
Client 90 trained
Client 90 uploaded
Epoch(t): 269 accuracy: 64.08 loss 1.0309532159566879 run_time: 5218.022557735443
Current clients: 100 , select: 10
| current_epoch 270 |. Begin client select
SchedulerThread select( 10 clients):
85 | 44 | 59 | 11 | 21 | 23 | 69 | 57 | 65 | 28 |
-----------------------------------------------------------------Schedule complete
Client 28 trained
Client 28 uploaded
Client 44 trained
Client 44 uploaded
Client 57 trained
Client 57 uploaded
Client 21 trained
Client 21 uploaded
Client 85 trained
Client 85 uploaded
Client 59 trained
Client 59 uploaded
Client 65 trained
Client 65 uploaded
Client 23 trained
Client 23 uploaded
Client 11 trained
Client 11 uploaded
Client 69 trained
Client 69 uploaded
Epoch(t): 270 accuracy: 50.07 loss 1.512156881093979 run_time: 5239.293416500092
Current clients: 100 , select: 10
| current_epoch 271 |. Begin client select
SchedulerThread select( 10 clients):
1 | 46 | 58 | 62 | 45 | 70 | 59 | 65 | 38 | 84 |
-----------------------------------------------------------------Schedule complete
Client 1 trained
Client 1 uploaded
Client 58 trained
Client 58 uploaded
Client 84 trained
Client 84 uploaded
Client 46 trained
Client 46 uploaded
Client 70 trained
Client 70 uploaded
Client 62 trained
Client 62 uploaded
Client 65 trained
Client 65 uploaded
Client 59 trained
Client 59 uploaded
Client 38 trained
Client 38 uploaded
Client 45 trained
Client 45 uploaded
Epoch(t): 271 accuracy: 51.57 loss 1.4724832439422608 run_time: 5255.125943660736
Current clients: 100 , select: 10
| current_epoch 272 |. Begin client select
SchedulerThread select( 10 clients):
91 | 26 | 85 | 19 | 36 | 46 | 38 | 35 | 84 | 11 |
-----------------------------------------------------------------Schedule complete
Client 84 trained
Client 84 uploaded
Client 19 trained
Client 19 uploaded
Client 46 trained
Client 46 uploaded
Client 35 trained
Client 35 uploaded
Client 85 trained
Client 85 uploaded
Client 36 trained
Client 36 uploaded
Client 38 trained
Client 38 uploaded
Client 26 trained
Client 26 uploaded
Client 91 trained
Client 91 uploaded
Client 11 trained
Client 11 uploaded
Epoch(t): 272 accuracy: 56.31 loss 1.3037201511859893 run_time: 5277.433314800262
Current clients: 100 , select: 10
| current_epoch 273 |. Begin client select
SchedulerThread select( 10 clients):
35 | 75 | 73 | 66 | 77 | 86 | 1 | 80 | 24 | 91 |
-----------------------------------------------------------------Schedule complete
Client 1 trained
Client 1 uploaded
Client 24 trained
Client 24 uploaded
Client 86 trained
Client 86 uploaded
Client 66 trained
Client 66 uploaded
Client 35 trained
Client 35 uploaded
Client 75 trained
Client 75 uploaded
Client 80 trained
Client 80 uploaded
Client 77 trained
Client 77 uploaded
Client 91 trained
Client 91 uploaded
Client 73 trained
Client 73 uploaded
Epoch(t): 273 accuracy: 54.58 loss 1.3313320285081864 run_time: 5294.559600830078
Current clients: 100 , select: 10
| current_epoch 274 |. Begin client select
SchedulerThread select( 10 clients):
65 | 72 | 84 | 60 | 7 | 56 | 2 | 11 | 37 | 75 |
-----------------------------------------------------------------Schedule complete
Client 37 trained
Client 37 uploaded
Client 84 trained
Client 84 uploaded
Client 60 trained
Client 60 uploaded
Client 75 trained
Client 75 uploaded
Client 72 trained
Client 72 uploaded
Client 65 trained
Client 65 uploaded
Client 56 trained
Client 56 uploaded
Client 7 trained
Client 7 uploaded
Client 2 trained
Client 2 uploaded
Client 11 trained
Client 11 uploaded
Epoch(t): 274 accuracy: 61.0 loss 1.1435337466001512 run_time: 5314.512105226517
Current clients: 100 , select: 10
| current_epoch 275 |. Begin client select
SchedulerThread select( 10 clients):
69 | 72 | 18 | 34 | 74 | 33 | 95 | 88 | 58 | 39 |
-----------------------------------------------------------------Schedule complete
Client 33 trained
Client 33 uploaded
Client 74 trained
Client 74 uploaded
Client 58 trained
Client 58 uploaded
Client 18 trained
Client 18 uploaded
Client 39 trained
Client 39 uploaded
Client 88 trained
Client 88 uploaded
Client 95 trained
Client 95 uploaded
Client 72 trained
Client 72 uploaded
Client 34 trained
Client 34 uploaded
Client 69 trained
Client 69 uploaded
Epoch(t): 275 accuracy: 58.32 loss 1.2512958198785782 run_time: 5331.442986011505
Current clients: 100 , select: 10
| current_epoch 276 |. Begin client select
SchedulerThread select( 10 clients):
86 | 81 | 73 | 49 | 40 | 67 | 52 | 45 | 71 | 31 |
-----------------------------------------------------------------Schedule complete
Client 31 trained
Client 31 uploaded
Client 86 trained
Client 86 uploaded
Client 49 trained
Client 49 uploaded
Client 52 trained
Client 52 uploaded
Client 71 trained
Client 71 uploaded
Client 40 trained
Client 40 uploaded
Client 67 trained
Client 67 uploaded
Client 81 trained
Client 81 uploaded
Client 45 trained
Client 45 uploaded
Client 73 trained
Client 73 uploaded
Epoch(t): 276 accuracy: 58.94 loss 1.2136471390724182 run_time: 5346.533631324768
Current clients: 100 , select: 10
| current_epoch 277 |. Begin client select
SchedulerThread select( 10 clients):
45 | 57 | 37 | 87 | 99 | 21 | 24 | 47 | 12 | 74 |
-----------------------------------------------------------------Schedule complete
Client 74 trained
Client 74 uploaded
Client 12 trained
Client 12 uploaded
Client 37 trained
Client 37 uploaded
Client 57 trained
Client 57 uploaded
Client 24 trained
Client 24 uploaded
Client 87 trained
Client 87 uploaded
Client 21 trained
Client 21 uploaded
Client 47 trained
Client 47 uploaded
Client 45 trained
Client 45 uploaded
Client 99 trained
Client 99 uploaded
Epoch(t): 277 accuracy: 57.36 loss 1.26016146838665 run_time: 5360.966159582138
Current clients: 100 , select: 10
| current_epoch 278 |. Begin client select
SchedulerThread select( 10 clients):
80 | 12 | 95 | 84 | 68 | 77 | 74 | 93 | 24 | 81 |
-----------------------------------------------------------------Schedule complete
Client 93 trained
Client 93 uploaded
Client 12 trained
Client 12 uploaded
Client 74 trained
Client 74 uploaded
Client 84 trained
Client 84 uploaded
Client 24 trained
Client 24 uploaded
Client 95 trained
Client 95 uploaded
Client 81 trained
Client 81 uploaded
Client 68 trained
Client 68 uploaded
Client 80 trained
Client 80 uploaded
Client 77 trained
Client 77 uploaded
Epoch(t): 278 accuracy: 64.63 loss 1.0748554360866547 run_time: 5376.457741498947
Current clients: 100 , select: 10
| current_epoch 279 |. Begin client select
SchedulerThread select( 10 clients):
43 | 54 | 68 | 73 | 76 | 16 | 84 | 17 | 18 | 1 |
-----------------------------------------------------------------Schedule complete
Client 1 trained
Client 1 uploaded
Client 84 trained
Client 84 uploaded
Client 18 trained
Client 18 uploaded
Client 54 trained
Client 54 uploaded
Client 17 trained
Client 17 uploaded
Client 68 trained
Client 68 uploaded
Client 76 trained
Client 76 uploaded
Client 73 trained
Client 73 uploaded
Client 16 trained
Client 16 uploaded
Client 43 trained
Client 43 uploaded
Epoch(t): 279 accuracy: 61.26 loss 1.1004831773042678 run_time: 5395.328059911728
Current clients: 100 , select: 10
| current_epoch 280 |. Begin client select
SchedulerThread select( 10 clients):
37 | 64 | 26 | 10 | 55 | 14 | 49 | 61 | 9 | 53 |
-----------------------------------------------------------------Schedule complete
Client 14 trained
Client 14 uploaded
Client 9 trained
Client 9 uploaded
Client 61 trained
Client 61 uploaded
Client 37 trained
Client 37 uploaded
Client 49 trained
Client 49 uploaded
Client 55 trained
Client 55 uploaded
Client 64 trained
Client 64 uploaded
Client 26 trained
Client 26 uploaded
Client 10 trained
Client 10 uploaded
Client 53 trained
Client 53 uploaded
Epoch(t): 280 accuracy: 59.64 loss 1.1999749618768691 run_time: 5414.282160282135
Current clients: 100 , select: 10
| current_epoch 281 |. Begin client select
SchedulerThread select( 10 clients):
71 | 16 | 45 | 35 | 82 | 50 | 96 | 27 | 90 | 97 |
-----------------------------------------------------------------Schedule complete
Client 71 trained
Client 71 uploaded
Client 27 trained
Client 27 uploaded
Client 35 trained
Client 35 uploaded
Client 50 trained
Client 50 uploaded
Client 97 trained
Client 97 uploaded
Client 82 trained
Client 82 uploaded
Client 45 trained
Client 45 uploaded
Client 90 trained
Client 90 uploaded
Client 16 trained
Client 16 uploaded
Client 96 trained
Client 96 uploaded
Epoch(t): 281 accuracy: 58.3 loss 1.2355775916576386 run_time: 5437.561634302139
Current clients: 100 , select: 10
| current_epoch 282 |. Begin client select
SchedulerThread select( 10 clients):
67 | 33 | 57 | 86 | 22 | 69 | 43 | 80 | 34 | 62 |
-----------------------------------------------------------------Schedule complete
Client 33 trained
Client 33 uploaded
Client 86 trained
Client 86 uploaded
Client 57 trained
Client 57 uploaded
Client 67 trained
Client 67 uploaded
Client 62 trained
Client 62 uploaded
Client 22 trained
Client 22 uploaded
Client 80 trained
Client 80 uploaded
Client 43 trained
Client 43 uploaded
Client 34 trained
Client 34 uploaded
Client 69 trained
Client 69 uploaded
Epoch(t): 282 accuracy: 58.71 loss 1.265940955877304 run_time: 5459.355355024338
Current clients: 100 , select: 10
| current_epoch 283 |. Begin client select
SchedulerThread select( 10 clients):
30 | 24 | 68 | 42 | 73 | 29 | 78 | 47 | 2 | 67 |
-----------------------------------------------------------------Schedule complete
Client 24 trained
Client 24 uploaded
Client 47 trained
Client 47 uploaded
Client 67 trained
Client 67 uploaded
Client 78 trained
Client 78 uploaded
Client 68 trained
Client 68 uploaded
Client 73 trained
Client 73 uploaded
Client 2 trained
Client 2 uploaded
Client 30 trained
Client 30 uploaded
Client 42 trained
Client 42 uploaded
Client 29 trained
Client 29 uploaded
Epoch(t): 283 accuracy: 63.09 loss 1.116601300239563 run_time: 5484.72177863121
Current clients: 100 , select: 10
| current_epoch 284 |. Begin client select
SchedulerThread select( 10 clients):
21 | 75 | 81 | 3 | 22 | 92 | 14 | 47 | 44 | 2 |
-----------------------------------------------------------------Schedule complete
Client 14 trained
Client 14 uploaded
Client 92 trained
Client 92 uploaded
Client 44 trained
Client 44 uploaded
Client 75 trained
Client 75 uploaded
Client 3 trained
Client 3 uploaded
Client 81 trained
Client 81 uploaded
Client 47 trained
Client 47 uploaded
Client 21 trained
Client 21 uploaded
Client 22 trained
Client 22 uploaded
Client 2 trained
Client 2 uploaded
Epoch(t): 284 accuracy: 57.32 loss 1.3258367067575454 run_time: 5500.492246389389
Current clients: 100 , select: 10
| current_epoch 285 |. Begin client select
SchedulerThread select( 10 clients):
66 | 46 | 8 | 23 | 96 | 45 | 95 | 9 | 13 | 79 |
-----------------------------------------------------------------Schedule complete
Client 13 trained
Client 13 uploaded
Client 9 trained
Client 9 uploaded
Client 66 trained
Client 66 uploaded
Client 46 trained
Client 46 uploaded
Client 95 trained
Client 95 uploaded
Client 8 trained
Client 8 uploaded
Client 23 trained
Client 23 uploaded
Client 79 trained
Client 79 uploaded
Client 45 trained
Client 45 uploaded
Client 96 trained
Client 96 uploaded
Epoch(t): 285 accuracy: 66.75 loss 0.9724612629413605 run_time: 5519.429906606674
Current clients: 100 , select: 10
| current_epoch 286 |. Begin client select
SchedulerThread select( 10 clients):
87 | 64 | 20 | 2 | 66 | 97 | 6 | 95 | 31 | 11 |
-----------------------------------------------------------------Schedule complete
Client 31 trained
Client 31 uploaded
Client 66 trained
Client 66 uploaded
Client 87 trained
Client 87 uploaded
Client 95 trained
Client 95 uploaded
Client 6 trained
Client 6 uploaded
Client 20 trained
Client 20 uploaded
Client 97 trained
Client 97 uploaded
Client 64 trained
Client 64 uploaded
Client 2 trained
Client 2 uploaded
Client 11 trained
Client 11 uploaded
Epoch(t): 286 accuracy: 58.99 loss 1.2341224181652068 run_time: 5539.439567327499
Current clients: 100 , select: 10
| current_epoch 287 |. Begin client select
SchedulerThread select( 10 clients):
35 | 93 | 46 | 11 | 8 | 17 | 12 | 80 | 81 | 49 |
-----------------------------------------------------------------Schedule complete
Client 93 trained
Client 93 uploaded
Client 12 trained
Client 12 uploaded
Client 49 trained
Client 49 uploaded
Client 46 trained
Client 46 uploaded
Client 17 trained
Client 17 uploaded
Client 81 trained
Client 81 uploaded
Client 35 trained
Client 35 uploaded
Client 8 trained
Client 8 uploaded
Client 80 trained
Client 80 uploaded
Client 11 trained
Client 11 uploaded
Epoch(t): 287 accuracy: 54.11 loss 1.3786154937744142 run_time: 5557.653993368149
Current clients: 100 , select: 10
| current_epoch 288 |. Begin client select
SchedulerThread select( 10 clients):
52 | 77 | 30 | 34 | 11 | 45 | 82 | 26 | 35 | 49 |
-----------------------------------------------------------------Schedule complete
Client 49 trained
Client 49 uploaded
Client 52 trained
Client 52 uploaded
Client 35 trained
Client 35 uploaded
Client 82 trained
Client 82 uploaded
Client 26 trained
Client 26 uploaded
Client 45 trained
Client 45 uploaded
Client 77 trained
Client 77 uploaded
Client 30 trained
Client 30 uploaded
Client 34 trained
Client 34 uploaded
Client 11 trained
Client 11 uploaded
Epoch(t): 288 accuracy: 64.99 loss 1.034165775179863 run_time: 5581.776901483536
Current clients: 100 , select: 10
| current_epoch 289 |. Begin client select
SchedulerThread select( 10 clients):
57 | 3 | 14 | 61 | 73 | 2 | 79 | 86 | 91 | 21 |
-----------------------------------------------------------------Schedule complete
Client 14 trained
Client 14 uploaded
Client 61 trained
Client 61 uploaded
Client 86 trained
Client 86 uploaded
Client 57 trained
Client 57 uploaded
Client 3 trained
Client 3 uploaded
Client 21 trained
Client 21 uploaded
Client 79 trained
Client 79 uploaded
Client 2 trained
Client 2 uploaded
Client 73 trained
Client 73 uploaded
Client 91 trained
Client 91 uploaded
Epoch(t): 289 accuracy: 56.96 loss 1.3069461518526078 run_time: 5599.257905006409
Current clients: 100 , select: 10
| current_epoch 290 |. Begin client select
SchedulerThread select( 10 clients):
45 | 56 | 98 | 32 | 48 | 13 | 22 | 0 | 41 | 24 |
-----------------------------------------------------------------Schedule complete
Client 13 trained
Client 13 uploaded
Client 41 trained
Client 41 uploaded
Client 24 trained
Client 24 uploaded
Client 98 trained
Client 98 uploaded
Client 48 trained
Client 48 uploaded
Client 56 trained
Client 56 uploaded
Client 22 trained
Client 22 uploaded
Client 45 trained
Client 45 uploaded
Client 0 trained
Client 0 uploaded
Client 32 trained
Client 32 uploaded
Epoch(t): 290 accuracy: 56.01 loss 1.3285406196117402 run_time: 5619.165938615799
Current clients: 100 , select: 10
| current_epoch 291 |. Begin client select
SchedulerThread select( 10 clients):
73 | 67 | 43 | 29 | 89 | 0 | 40 | 81 | 26 | 82 |
-----------------------------------------------------------------Schedule complete
Client 40 trained
Client 40 uploaded
Client 81 trained
Client 81 uploaded
Client 67 trained
Client 67 uploaded
Client 26 trained
Client 26 uploaded
Client 82 trained
Client 82 uploaded
Client 73 trained
Client 73 uploaded
Client 0 trained
Client 0 uploaded
Client 43 trained
Client 43 uploaded
Client 29 trained
Client 29 uploaded
Client 89 trained
Client 89 uploaded
Epoch(t): 291 accuracy: 65.52 loss 0.9912125450372696 run_time: 5646.410712718964
Current clients: 100 , select: 10
| current_epoch 292 |. Begin client select
SchedulerThread select( 10 clients):
97 | 4 | 44 | 88 | 35 | 78 | 77 | 12 | 3 | 31 |
-----------------------------------------------------------------Schedule complete
Client 31 trained
Client 31 uploaded
Client 12 trained
Client 12 uploaded
Client 44 trained
Client 44 uploaded
Client 3 trained
Client 3 uploaded
Client 88 trained
Client 88 uploaded
Client 35 trained
Client 35 uploaded
Client 97 trained
Client 97 uploaded
Client 78 trained
Client 78 uploaded
Client 77 trained
Client 77 uploaded
Client 4 trained
Client 4 uploaded
Epoch(t): 292 accuracy: 56.77 loss 1.2630091232061387 run_time: 5665.231383085251
Current clients: 100 , select: 10
| current_epoch 293 |. Begin client select
SchedulerThread select( 10 clients):
6 | 12 | 13 | 23 | 87 | 55 | 38 | 2 | 15 | 85 |
-----------------------------------------------------------------Schedule complete
Client 13 trained
Client 13 uploaded
Client 12 trained
Client 12 uploaded
Client 87 trained
Client 87 uploaded
Client 55 trained
Client 55 uploaded
Client 85 trained
Client 85 uploaded
Client 38 trained
Client 38 uploaded
Client 6 trained
Client 6 uploaded
Client 2 trained
Client 2 uploaded
Client 23 trained
Client 23 uploaded
Client 15 trained
Client 15 uploaded
Epoch(t): 293 accuracy: 60.35 loss 1.1506304055452348 run_time: 5684.465556144714
Current clients: 100 , select: 10
| current_epoch 294 |. Begin client select
SchedulerThread select( 10 clients):
61 | 47 | 57 | 93 | 64 | 71 | 29 | 8 | 43 | 42 |
-----------------------------------------------------------------Schedule complete
Client 93 trained
Client 93 uploaded
Client 61 trained
Client 61 uploaded
Client 57 trained
Client 57 uploaded
Client 71 trained
Client 71 uploaded
Client 8 trained
Client 8 uploaded
Client 47 trained
Client 47 uploaded
Client 64 trained
Client 64 uploaded
Client 42 trained
Client 42 uploaded
Client 29 trained
Client 29 uploaded
Client 43 trained
Client 43 uploaded
Epoch(t): 294 accuracy: 62.8 loss 1.0783842819929124 run_time: 5704.115844488144
Current clients: 100 , select: 10
| current_epoch 295 |. Begin client select
SchedulerThread select( 10 clients):
19 | 27 | 51 | 95 | 69 | 65 | 22 | 24 | 61 | 36 |
-----------------------------------------------------------------Schedule complete
Client 61 trained
Client 61 uploaded
Client 24 trained
Client 24 uploaded
Client 19 trained
Client 19 uploaded
Client 27 trained
Client 27 uploaded
Client 95 trained
Client 95 uploaded
Client 65 trained
Client 65 uploaded
Client 36 trained
Client 36 uploaded
Client 51 trained
Client 51 uploaded
Client 22 trained
Client 22 uploaded
Client 69 trained
Client 69 uploaded
Epoch(t): 295 accuracy: 58.22 loss 1.2521911549568177 run_time: 5724.014988660812
Current clients: 100 , select: 10
| current_epoch 296 |. Begin client select
SchedulerThread select( 10 clients):
9 | 80 | 71 | 2 | 28 | 10 | 38 | 49 | 86 | 3 |
-----------------------------------------------------------------Schedule complete
Client 28 trained
Client 28 uploaded
Client 86 trained
Client 86 uploaded
Client 9 trained
Client 9 uploaded
Client 49 trained
Client 49 uploaded
Client 71 trained
Client 71 uploaded
Client 3 trained
Client 3 uploaded
Client 38 trained
Client 38 uploaded
Client 80 trained
Client 80 uploaded
Client 2 trained
Client 2 uploaded
Client 10 trained
Client 10 uploaded
Epoch(t): 296 accuracy: 59.68 loss 1.2318839704990387 run_time: 5740.821437597275
Current clients: 100 , select: 10
| current_epoch 297 |. Begin client select
SchedulerThread select( 10 clients):
13 | 47 | 24 | 76 | 40 | 65 | 45 | 31 | 48 | 20 |
-----------------------------------------------------------------Schedule complete
Client 13 trained
Client 13 uploaded
Client 31 trained
Client 31 uploaded
Client 24 trained
Client 24 uploaded
Client 40 trained
Client 40 uploaded
Client 20 trained
Client 20 uploaded
Client 48 trained
Client 48 uploaded
Client 47 trained
Client 47 uploaded
Client 65 trained
Client 65 uploaded
Client 76 trained
Client 76 uploaded
Client 45 trained
Client 45 uploaded
Epoch(t): 297 accuracy: 63.19 loss 1.085246865749359 run_time: 5756.443699359894
Current clients: 100 , select: 10
| current_epoch 298 |. Begin client select
SchedulerThread select( 10 clients):
57 | 65 | 68 | 70 | 28 | 37 | 1 | 35 | 2 | 93 |
-----------------------------------------------------------------Schedule complete
Client 1 trained
Client 1 uploaded
Client 93 trained
Client 93 uploaded
Client 28 trained
Client 28 uploaded
Client 37 trained
Client 37 uploaded
Client 57 trained
Client 57 uploaded
Client 70 trained
Client 70 uploaded
Client 35 trained
Client 35 uploaded
Client 68 trained
Client 68 uploaded
Client 65 trained
Client 65 uploaded
Client 2 trained
Client 2 uploaded
Epoch(t): 298 accuracy: 58.14 loss 1.2560126495361328 run_time: 5770.33109498024
Current clients: 100 , select: 10
| current_epoch 299 |. Begin client select
SchedulerThread select( 10 clients):
23 | 97 | 92 | 61 | 73 | 47 | 9 | 24 | 17 | 85 |
-----------------------------------------------------------------Schedule complete
Client 61 trained
Client 61 uploaded
Client 9 trained
Client 9 uploaded
Client 92 trained
Client 92 uploaded
Client 24 trained
Client 24 uploaded
Client 17 trained
Client 17 uploaded
Client 47 trained
Client 47 uploaded
Client 97 trained
Client 97 uploaded
Client 85 trained
Client 85 uploaded
Client 23 trained
Client 23 uploaded
Client 73 trained
Client 73 uploaded
Epoch(t): 299 accuracy: 60.94 loss 1.1141436851024629 run_time: 5786.438460826874
Current clients: 100 , select: 10
| current_epoch 300 |. Begin client select
SchedulerThread select( 10 clients):
66 | 86 | 39 | 14 | 70 | 94 | 58 | 26 | 57 | 37 |
-----------------------------------------------------------------Schedule complete
Client 94 trained
Client 94 uploaded
Client 14 trained
Client 14 uploaded
Client 86 trained
Client 86 uploaded
Client 58 trained
Client 58 uploaded
Client 37 trained
Client 37 uploaded
Client 39 trained
Client 39 uploaded
Client 57 trained
Client 57 uploaded
Client 66 trained
Client 66 uploaded
Client 70 trained
Client 70 uploaded
Client 26 trained
Client 26 uploaded
Epoch(t): 300 accuracy: 62.09 loss 1.108495448231697 run_time: 5797.097223520279
Current clients: 100 , select: 10
| current_epoch 301 |. Begin client select
SchedulerThread select( 10 clients):
4 | 47 | 41 | 16 | 80 | 78 | 99 | 92 | 93 | 91 |
-----------------------------------------------------------------Schedule complete
Client 93 trained
Client 93 uploaded
Client 41 trained
Client 41 uploaded
Client 92 trained
Client 92 uploaded
Client 47 trained
Client 47 uploaded
Client 78 trained
Client 78 uploaded
Client 80 trained
Client 80 uploaded
Client 99 trained
Client 99 uploaded
Client 91 trained
Client 91 uploaded
Client 16 trained
Client 16 uploaded
Client 4 trained
Client 4 uploaded
Epoch(t): 301 accuracy: 59.02 loss 1.197446296811104 run_time: 5820.872178316116
Current clients: 100 , select: 10
| current_epoch 302 |. Begin client select
SchedulerThread select( 10 clients):
45 | 80 | 82 | 43 | 6 | 14 | 3 | 42 | 86 | 63 |
-----------------------------------------------------------------Schedule complete
Client 14 trained
Client 14 uploaded
Client 86 trained
Client 86 uploaded
Client 3 trained
Client 3 uploaded
Client 6 trained
Client 6 uploaded
Client 82 trained
Client 82 uploaded
Client 63 trained
Client 63 uploaded
Client 80 trained
Client 80 uploaded
Client 45 trained
Client 45 uploaded
Client 42 trained
Client 42 uploaded
Client 43 trained
Client 43 uploaded
Epoch(t): 302 accuracy: 62.47 loss 1.1098241072893142 run_time: 5843.3662741184235
Current clients: 100 , select: 10
| current_epoch 303 |. Begin client select
SchedulerThread select( 10 clients):
62 | 10 | 34 | 74 | 63 | 97 | 44 | 54 | 12 | 26 |
-----------------------------------------------------------------Schedule complete
Client 12 trained
Client 12 uploaded
Client 74 trained
Client 74 uploaded
Client 44 trained
Client 44 uploaded
Client 54 trained
Client 54 uploaded
Client 62 trained
Client 62 uploaded
Client 97 trained
Client 97 uploaded
Client 26 trained
Client 26 uploaded
Client 63 trained
Client 63 uploaded
Client 10 trained
Client 10 uploaded
Client 34 trained
Client 34 uploaded
Epoch(t): 303 accuracy: 62.74 loss 1.138068990111351 run_time: 5861.93833398819
Current clients: 100 , select: 10
| current_epoch 304 |. Begin client select
SchedulerThread select( 10 clients):
21 | 45 | 72 | 18 | 97 | 24 | 88 | 20 | 70 | 16 |
-----------------------------------------------------------------Schedule complete
Client 18 trained
Client 18 uploaded
Client 24 trained
Client 24 uploaded
Client 88 trained
Client 88 uploaded
Client 72 trained
Client 72 uploaded
Client 21 trained
Client 21 uploaded
Client 70 trained
Client 70 uploaded
Client 20 trained
Client 20 uploaded
Client 97 trained
Client 97 uploaded
Client 45 trained
Client 45 uploaded
Client 16 trained
Client 16 uploaded
Epoch(t): 304 accuracy: 60.46 loss 1.1302124935388564 run_time: 5880.749398469925
Current clients: 100 , select: 10
| current_epoch 305 |. Begin client select
SchedulerThread select( 10 clients):
76 | 85 | 39 | 79 | 15 | 38 | 55 | 5 | 46 | 12 |
-----------------------------------------------------------------Schedule complete
Client 5 trained
Client 5 uploaded
Client 12 trained
Client 12 uploaded
Client 39 trained
Client 39 uploaded
Client 46 trained
Client 46 uploaded
Client 55 trained
Client 55 uploaded
Client 85 trained
Client 85 uploaded
Client 38 trained
Client 38 uploaded
Client 76 trained
Client 76 uploaded
Client 79 trained
Client 79 uploaded
Client 15 trained
Client 15 uploaded
Epoch(t): 305 accuracy: 63.32 loss 1.0688426452875137 run_time: 5899.219795227051
Current clients: 100 , select: 10
| current_epoch 306 |. Begin client select
SchedulerThread select( 10 clients):
7 | 0 | 55 | 31 | 58 | 84 | 47 | 30 | 15 | 17 |
-----------------------------------------------------------------Schedule complete
Client 31 trained
Client 31 uploaded
Client 58 trained
Client 58 uploaded
Client 84 trained
Client 84 uploaded
Client 17 trained
Client 17 uploaded
Client 47 trained
Client 47 uploaded
Client 55 trained
Client 55 uploaded
Client 30 trained
Client 30 uploaded
Client 7 trained
Client 7 uploaded
Client 0 trained
Client 0 uploaded
Client 15 trained
Client 15 uploaded
Epoch(t): 306 accuracy: 60.03 loss 1.245966123342514 run_time: 5917.582767724991
Current clients: 100 , select: 10
| current_epoch 307 |. Begin client select
SchedulerThread select( 10 clients):
28 | 87 | 85 | 13 | 97 | 50 | 36 | 1 | 51 | 5 |
-----------------------------------------------------------------Schedule complete
Client 1 trained
Client 1 uploaded
Client 13 trained
Client 13 uploaded
Client 5 trained
Client 5 uploaded
Client 28 trained
Client 28 uploaded
Client 87 trained
Client 87 uploaded
Client 50 trained
Client 50 uploaded
Client 97 trained
Client 97 uploaded
Client 85 trained
Client 85 uploaded
Client 51 trained
Client 51 uploaded
Client 36 trained
Client 36 uploaded
Epoch(t): 307 accuracy: 56.64 loss 1.3219497919082641 run_time: 5931.1674172878265
Current clients: 100 , select: 10
| current_epoch 308 |. Begin client select
SchedulerThread select( 10 clients):
41 | 25 | 74 | 78 | 19 | 46 | 89 | 27 | 52 | 31 |
-----------------------------------------------------------------Schedule complete
Client 31 trained
Client 31 uploaded
Client 74 trained
Client 74 uploaded
Client 41 trained
Client 41 uploaded
Client 19 trained
Client 19 uploaded
Client 52 trained
Client 52 uploaded
Client 25 trained
Client 25 uploaded
Client 46 trained
Client 46 uploaded
Client 27 trained
Client 27 uploaded
Client 78 trained
Client 78 uploaded
Client 89 trained
Client 89 uploaded
Epoch(t): 308 accuracy: 60.61 loss 1.1496498477458954 run_time: 5948.275037050247
Current clients: 100 , select: 10
| current_epoch 309 |. Begin client select
SchedulerThread select( 10 clients):
8 | 63 | 15 | 11 | 24 | 94 | 36 | 84 | 32 | 20 |
-----------------------------------------------------------------Schedule complete
Client 94 trained
Client 94 uploaded
Client 84 trained
Client 84 uploaded
Client 24 trained
Client 24 uploaded
Client 20 trained
Client 20 uploaded
Client 8 trained
Client 8 uploaded
Client 36 trained
Client 36 uploaded
Client 63 trained
Client 63 uploaded
Client 32 trained
Client 32 uploaded
Client 15 trained
Client 15 uploaded
Client 11 trained
Client 11 uploaded
Epoch(t): 309 accuracy: 64.54 loss 1.06047012090683 run_time: 5970.765631437302
Current clients: 100 , select: 10
| current_epoch 310 |. Begin client select
SchedulerThread select( 10 clients):
44 | 25 | 63 | 93 | 81 | 28 | 89 | 75 | 51 | 33 |
-----------------------------------------------------------------Schedule complete
Client 93 trained
Client 93 uploaded
Client 28 trained
Client 28 uploaded
Client 33 trained
Client 33 uploaded
Client 44 trained
Client 44 uploaded
Client 25 trained
Client 25 uploaded
Client 75 trained
Client 75 uploaded
Client 81 trained
Client 81 uploaded
Client 51 trained
Client 51 uploaded
Client 63 trained
Client 63 uploaded
Client 89 trained
Client 89 uploaded
Epoch(t): 310 accuracy: 59.95 loss 1.26285982131958 run_time: 5987.65873837471
Current clients: 100 , select: 10
| current_epoch 311 |. Begin client select
SchedulerThread select( 10 clients):
69 | 92 | 97 | 90 | 59 | 38 | 98 | 41 | 79 | 83 |
-----------------------------------------------------------------Schedule complete
Client 41 trained
Client 41 uploaded
Client 92 trained
Client 92 uploaded
Client 98 trained
Client 98 uploaded
Client 97 trained
Client 97 uploaded
Client 59 trained
Client 59 uploaded
Client 83 trained
Client 83 uploaded
Client 38 trained
Client 38 uploaded
Client 79 trained
Client 79 uploaded
Client 90 trained
Client 90 uploaded
Client 69 trained
Client 69 uploaded
Epoch(t): 311 accuracy: 58.18 loss 1.241982837319374 run_time: 6010.5291838645935
Current clients: 100 , select: 10
| current_epoch 312 |. Begin client select
SchedulerThread select( 10 clients):
11 | 17 | 39 | 58 | 99 | 18 | 76 | 3 | 42 | 65 |
-----------------------------------------------------------------Schedule complete
Client 58 trained
Client 58 uploaded
Client 18 trained
Client 18 uploaded
Client 39 trained
Client 39 uploaded
Client 3 trained
Client 3 uploaded
Client 17 trained
Client 17 uploaded
Client 76 trained
Client 76 uploaded
Client 65 trained
Client 65 uploaded
Client 99 trained
Client 99 uploaded
Client 11 trained
Client 11 uploaded
Client 42 trained
Client 42 uploaded
Epoch(t): 312 accuracy: 57.84 loss 1.2706019955873489 run_time: 6031.321122407913
Current clients: 100 , select: 10
| current_epoch 313 |. Begin client select
SchedulerThread select( 10 clients):
76 | 81 | 10 | 87 | 48 | 64 | 69 | 59 | 65 | 79 |
-----------------------------------------------------------------Schedule complete
Client 87 trained
Client 87 uploaded
Client 48 trained
Client 48 uploaded
Client 81 trained
Client 81 uploaded
Client 59 trained
Client 59 uploaded
Client 76 trained
Client 76 uploaded
Client 64 trained
Client 64 uploaded
Client 65 trained
Client 65 uploaded
Client 79 trained
Client 79 uploaded
Client 10 trained
Client 10 uploaded
Client 69 trained
Client 69 uploaded
Epoch(t): 313 accuracy: 60.57 loss 1.1729385131597518 run_time: 6056.124039649963
Current clients: 100 , select: 10
| current_epoch 314 |. Begin client select
SchedulerThread select( 10 clients):
82 | 24 | 54 | 8 | 91 | 5 | 20 | 64 | 31 | 55 |
-----------------------------------------------------------------Schedule complete
Client 5 trained
Client 5 uploaded
Client 31 trained
Client 31 uploaded
Client 24 trained
Client 24 uploaded
Client 54 trained
Client 54 uploaded
Client 55 trained
Client 55 uploaded
Client 20 trained
Client 20 uploaded
Client 8 trained
Client 8 uploaded
Client 82 trained
Client 82 uploaded
Client 64 trained
Client 64 uploaded
Client 91 trained
Client 91 uploaded
Epoch(t): 314 accuracy: 60.1 loss 1.2145384937524795 run_time: 6073.487383842468
Current clients: 100 , select: 10
| current_epoch 315 |. Begin client select
SchedulerThread select( 10 clients):
13 | 86 | 21 | 15 | 55 | 3 | 90 | 42 | 20 | 81 |
-----------------------------------------------------------------Schedule complete
Client 13 trained
Client 13 uploaded
Client 86 trained
Client 86 uploaded
Client 3 trained
Client 3 uploaded
Client 21 trained
Client 21 uploaded
Client 20 trained
Client 20 uploaded
Client 81 trained
Client 81 uploaded
Client 55 trained
Client 55 uploaded
Client 90 trained
Client 90 uploaded
Client 15 trained
Client 15 uploaded
Client 42 trained
Client 42 uploaded
Epoch(t): 315 accuracy: 62.35 loss 1.1221590054035187 run_time: 6092.943401098251
Current clients: 100 , select: 10
| current_epoch 316 |. Begin client select
SchedulerThread select( 10 clients):
13 | 96 | 48 | 28 | 46 | 34 | 55 | 51 | 82 | 65 |
-----------------------------------------------------------------Schedule complete
Client 13 trained
Client 13 uploaded
Client 28 trained
Client 28 uploaded
Client 55 trained
Client 55 uploaded
Client 48 trained
Client 48 uploaded
Client 46 trained
Client 46 uploaded
Client 65 trained
Client 65 uploaded
Client 82 trained
Client 82 uploaded
Client 51 trained
Client 51 uploaded
Client 34 trained
Client 34 uploaded
Client 96 trained
Client 96 uploaded
Epoch(t): 316 accuracy: 63.9 loss 1.0751614248752595 run_time: 6113.421821594238
Current clients: 100 , select: 10
| current_epoch 317 |. Begin client select
SchedulerThread select( 10 clients):
82 | 45 | 48 | 74 | 55 | 3 | 75 | 18 | 59 | 6 |
-----------------------------------------------------------------Schedule complete
Client 74 trained
Client 74 uploaded
Client 18 trained
Client 18 uploaded
Client 75 trained
Client 75 uploaded
Client 3 trained
Client 3 uploaded
Client 48 trained
Client 48 uploaded
Client 6 trained
Client 6 uploaded
Client 55 trained
Client 55 uploaded
Client 82 trained
Client 82 uploaded
Client 59 trained
Client 59 uploaded
Client 45 trained
Client 45 uploaded
Epoch(t): 317 accuracy: 61.7 loss 1.1622281271219252 run_time: 6130.9945549964905
Current clients: 100 , select: 10
| current_epoch 318 |. Begin client select
SchedulerThread select( 10 clients):
73 | 39 | 49 | 80 | 45 | 83 | 37 | 50 | 88 | 68 |
-----------------------------------------------------------------Schedule complete
Client 39 trained
Client 39 uploaded
Client 37 trained
Client 37 uploaded
Client 49 trained
Client 49 uploaded
Client 50 trained
Client 50 uploaded
Client 88 trained
Client 88 uploaded
Client 68 trained
Client 68 uploaded
Client 80 trained
Client 80 uploaded
Client 73 trained
Client 73 uploaded
Client 45 trained
Client 45 uploaded
Client 83 trained
Client 83 uploaded
Epoch(t): 318 accuracy: 65.59 loss 1.0039852470159532 run_time: 6148.950777053833
Current clients: 100 , select: 10
| current_epoch 319 |. Begin client select
SchedulerThread select( 10 clients):
75 | 51 | 93 | 77 | 86 | 79 | 46 | 56 | 14 | 67 |
-----------------------------------------------------------------Schedule complete
Client 93 trained
Client 93 uploaded
Client 14 trained
Client 14 uploaded
Client 86 trained
Client 86 uploaded
Client 75 trained
Client 75 uploaded
Client 46 trained
Client 46 uploaded
Client 67 trained
Client 67 uploaded
Client 56 trained
Client 56 uploaded
Client 51 trained
Client 51 uploaded
Client 79 trained
Client 79 uploaded
Client 77 trained
Client 77 uploaded
Epoch(t): 319 accuracy: 64.16 loss 1.0650035548210144 run_time: 6166.46984910965
Current clients: 100 , select: 10
| current_epoch 320 |. Begin client select
SchedulerThread select( 10 clients):
97 | 37 | 3 | 80 | 43 | 7 | 33 | 0 | 91 | 88 |
-----------------------------------------------------------------Schedule complete
Client 33 trained
Client 33 uploaded
Client 37 trained
Client 37 uploaded
Client 3 trained
Client 3 uploaded
Client 88 trained
Client 88 uploaded
Client 97 trained
Client 97 uploaded
Client 7 trained
Client 7 uploaded
Client 80 trained
Client 80 uploaded
Client 0 trained
Client 0 uploaded
Client 91 trained
Client 91 uploaded
Client 43 trained
Client 43 uploaded
Epoch(t): 320 accuracy: 56.67 loss 1.3457130426168442 run_time: 6188.250041246414
Current clients: 100 , select: 10
| current_epoch 321 |. Begin client select
SchedulerThread select( 10 clients):
36 | 86 | 62 | 93 | 94 | 54 | 24 | 38 | 50 | 77 |
-----------------------------------------------------------------Schedule complete
Client 94 trained
Client 94 uploaded
Client 93 trained
Client 93 uploaded
Client 86 trained
Client 86 uploaded
Client 24 trained
Client 24 uploaded
Client 54 trained
Client 54 uploaded
Client 62 trained
Client 62 uploaded
Client 50 trained
Client 50 uploaded
Client 36 trained
Client 36 uploaded
Client 38 trained
Client 38 uploaded
Client 77 trained
Client 77 uploaded
Epoch(t): 321 accuracy: 63.14 loss 1.0622159790992738 run_time: 6204.158690214157
Current clients: 100 , select: 10
| current_epoch 322 |. Begin client select
SchedulerThread select( 10 clients):
17 | 24 | 7 | 44 | 99 | 89 | 56 | 28 | 52 | 98 |
-----------------------------------------------------------------Schedule complete
Client 28 trained
Client 28 uploaded
Client 44 trained
Client 44 uploaded
Client 24 trained
Client 24 uploaded
Client 52 trained
Client 52 uploaded
Client 98 trained
Client 98 uploaded
Client 17 trained
Client 17 uploaded
Client 7 trained
Client 7 uploaded
Client 56 trained
Client 56 uploaded
Client 99 trained
Client 99 uploaded
Client 89 trained
Client 89 uploaded
Epoch(t): 322 accuracy: 57.45 loss 1.268246287703514 run_time: 6223.6668746471405
Current clients: 100 , select: 10
| current_epoch 323 |. Begin client select
SchedulerThread select( 10 clients):
41 | 11 | 35 | 47 | 77 | 26 | 75 | 49 | 48 | 67 |
-----------------------------------------------------------------Schedule complete
Client 41 trained
Client 41 uploaded
Client 49 trained
Client 49 uploaded
Client 75 trained
Client 75 uploaded
Client 48 trained
Client 48 uploaded
Client 35 trained
Client 35 uploaded
Client 67 trained
Client 67 uploaded
Client 47 trained
Client 47 uploaded
Client 26 trained
Client 26 uploaded
Client 77 trained
Client 77 uploaded
Client 11 trained
Client 11 uploaded
Epoch(t): 323 accuracy: 63.76 loss 1.0786176633834839 run_time: 6244.800629615784
Current clients: 100 , select: 10
| current_epoch 324 |. Begin client select
SchedulerThread select( 10 clients):
21 | 68 | 75 | 84 | 58 | 85 | 26 | 80 | 38 | 3 |
-----------------------------------------------------------------Schedule complete
Client 58 trained
Client 58 uploaded
Client 84 trained
Client 84 uploaded
Client 75 trained
Client 75 uploaded
Client 3 trained
Client 3 uploaded
Client 21 trained
Client 21 uploaded
Client 85 trained
Client 85 uploaded
Client 26 trained
Client 26 uploaded
Client 68 trained
Client 68 uploaded
Client 38 trained
Client 38 uploaded
Client 80 trained
Client 80 uploaded
Epoch(t): 324 accuracy: 64.93 loss 1.037968385219574 run_time: 6263.078370332718
Current clients: 100 , select: 10
| current_epoch 325 |. Begin client select
SchedulerThread select( 10 clients):
52 | 17 | 37 | 19 | 80 | 0 | 82 | 81 | 61 | 86 |
-----------------------------------------------------------------Schedule complete
Client 61 trained
Client 61 uploaded
Client 86 trained
Client 86 uploaded
Client 37 trained
Client 37 uploaded
Client 19 trained
Client 19 uploaded
Client 52 trained
Client 52 uploaded
Client 17 trained
Client 17 uploaded
Client 81 trained
Client 81 uploaded
Client 82 trained
Client 82 uploaded
Client 80 trained
Client 80 uploaded
Client 0 trained
Client 0 uploaded
Epoch(t): 325 accuracy: 52.82 loss 1.5176310455799102 run_time: 6278.029549837112
Current clients: 100 , select: 10
| current_epoch 326 |. Begin client select
SchedulerThread select( 10 clients):
32 | 79 | 65 | 44 | 38 | 0 | 54 | 52 | 94 | 67 |
-----------------------------------------------------------------Schedule complete
Client 94 trained
Client 94 uploaded
Client 44 trained
Client 44 uploaded
Client 52 trained
Client 52 uploaded
Client 54 trained
Client 54 uploaded
Client 67 trained
Client 67 uploaded
Client 65 trained
Client 65 uploaded
Client 38 trained
Client 38 uploaded
Client 79 trained
Client 79 uploaded
Client 0 trained
Client 0 uploaded
Client 32 trained
Client 32 uploaded
Epoch(t): 326 accuracy: 58.99 loss 1.2637498527765274 run_time: 6297.172821760178
Current clients: 100 , select: 10
| current_epoch 327 |. Begin client select
SchedulerThread select( 10 clients):
79 | 48 | 1 | 3 | 26 | 39 | 90 | 47 | 62 | 20 |
-----------------------------------------------------------------Schedule complete
Client 1 trained
Client 1 uploaded
Client 39 trained
Client 39 uploaded
Client 3 trained
Client 3 uploaded
Client 20 trained
Client 20 uploaded
Client 48 trained
Client 48 uploaded
Client 62 trained
Client 62 uploaded
Client 47 trained
Client 47 uploaded
Client 26 trained
Client 26 uploaded
Client 79 trained
Client 79 uploaded
Client 90 trained
Client 90 uploaded
Epoch(t): 327 accuracy: 57.88 loss 1.3274286276102065 run_time: 6314.823123693466
Current clients: 100 , select: 10
| current_epoch 328 |. Begin client select
SchedulerThread select( 10 clients):
75 | 6 | 28 | 23 | 12 | 63 | 8 | 39 | 29 | 93 |
-----------------------------------------------------------------Schedule complete
Client 28 trained
Client 28 uploaded
Client 93 trained
Client 93 uploaded
Client 12 trained
Client 12 uploaded
Client 39 trained
Client 39 uploaded
Client 75 trained
Client 75 uploaded
Client 8 trained
Client 8 uploaded
Client 6 trained
Client 6 uploaded
Client 63 trained
Client 63 uploaded
Client 23 trained
Client 23 uploaded
Client 29 trained
Client 29 uploaded
Epoch(t): 328 accuracy: 60.68 loss 1.1933068573474883 run_time: 6332.537872314453
Current clients: 100 , select: 10
| current_epoch 329 |. Begin client select
SchedulerThread select( 10 clients):
99 | 25 | 45 | 67 | 46 | 6 | 95 | 84 | 75 | 34 |
-----------------------------------------------------------------Schedule complete
Client 84 trained
Client 84 uploaded
Client 75 trained
Client 75 uploaded
Client 25 trained
Client 25 uploaded
Client 46 trained
Client 46 uploaded
Client 6 trained
Client 6 uploaded
Client 67 trained
Client 67 uploaded
Client 95 trained
Client 95 uploaded
Client 45 trained
Client 45 uploaded
Client 99 trained
Client 99 uploaded
Client 34 trained
Client 34 uploaded
Epoch(t): 329 accuracy: 66.21 loss 1.0111118054389954 run_time: 6352.7400867938995
Current clients: 100 , select: 10
| current_epoch 330 |. Begin client select
SchedulerThread select( 10 clients):
89 | 81 | 3 | 86 | 57 | 22 | 18 | 63 | 69 | 12 |
-----------------------------------------------------------------Schedule complete
Client 12 trained
Client 12 uploaded
Client 86 trained
Client 86 uploaded
Client 57 trained
Client 57 uploaded
Client 18 trained
Client 18 uploaded
Client 3 trained
Client 3 uploaded
Client 81 trained
Client 81 uploaded
Client 22 trained
Client 22 uploaded
Client 63 trained
Client 63 uploaded
Client 89 trained
Client 89 uploaded
Client 69 trained
Client 69 uploaded
Epoch(t): 330 accuracy: 62.33 loss 1.1190391445159913 run_time: 6373.237392902374
Current clients: 100 , select: 10
| current_epoch 331 |. Begin client select
SchedulerThread select( 10 clients):
15 | 66 | 92 | 14 | 4 | 6 | 67 | 40 | 73 | 63 |
-----------------------------------------------------------------Schedule complete
Client 14 trained
Client 14 uploaded
Client 92 trained
Client 92 uploaded
Client 66 trained
Client 66 uploaded
Client 40 trained
Client 40 uploaded
Client 6 trained
Client 6 uploaded
Client 67 trained
Client 67 uploaded
Client 63 trained
Client 63 uploaded
Client 73 trained
Client 73 uploaded
Client 15 trained
Client 15 uploaded
Client 4 trained
Client 4 uploaded
Epoch(t): 331 accuracy: 59.9 loss 1.2159334790706635 run_time: 6394.170654773712
Current clients: 100 , select: 10
| current_epoch 332 |. Begin client select
SchedulerThread select( 10 clients):
26 | 30 | 52 | 82 | 47 | 36 | 67 | 43 | 97 | 91 |
-----------------------------------------------------------------Schedule complete
Client 52 trained
Client 52 uploaded
Client 67 trained
Client 67 uploaded
Client 47 trained
Client 47 uploaded
Client 97 trained
Client 97 uploaded
Client 36 trained
Client 36 uploaded
Client 26 trained
Client 26 uploaded
Client 82 trained
Client 82 uploaded
Client 91 trained
Client 91 uploaded
Client 30 trained
Client 30 uploaded
Client 43 trained
Client 43 uploaded
Epoch(t): 332 accuracy: 65.0 loss 1.010813900232315 run_time: 6418.980686903
Current clients: 100 , select: 10
| current_epoch 333 |. Begin client select
SchedulerThread select( 10 clients):
78 | 82 | 34 | 27 | 76 | 14 | 29 | 48 | 43 | 31 |
-----------------------------------------------------------------Schedule complete
Client 14 trained
Client 14 uploaded
Client 31 trained
Client 31 uploaded
Client 27 trained
Client 27 uploaded
Client 48 trained
Client 48 uploaded
Client 78 trained
Client 78 uploaded
Client 82 trained
Client 82 uploaded
Client 76 trained
Client 76 uploaded
Client 43 trained
Client 43 uploaded
Client 34 trained
Client 34 uploaded
Client 29 trained
Client 29 uploaded
Epoch(t): 333 accuracy: 61.17 loss 1.2359911823272705 run_time: 6440.255149364471
Current clients: 100 , select: 10
| current_epoch 334 |. Begin client select
SchedulerThread select( 10 clients):
24 | 63 | 3 | 44 | 45 | 18 | 14 | 9 | 38 | 51 |
-----------------------------------------------------------------Schedule complete
Client 14 trained
Client 14 uploaded
Client 9 trained
Client 9 uploaded
Client 44 trained
Client 44 uploaded
Client 18 trained
Client 18 uploaded
Client 24 trained
Client 24 uploaded
Client 3 trained
Client 3 uploaded
Client 63 trained
Client 63 uploaded
Client 51 trained
Client 51 uploaded
Client 38 trained
Client 38 uploaded
Client 45 trained
Client 45 uploaded
Epoch(t): 334 accuracy: 61.18 loss 1.2376001358032227 run_time: 6454.983813524246
Current clients: 100 , select: 10
| current_epoch 335 |. Begin client select
SchedulerThread select( 10 clients):
40 | 80 | 26 | 58 | 59 | 32 | 91 | 60 | 35 | 29 |
-----------------------------------------------------------------Schedule complete
Client 58 trained
Client 58 uploaded
Client 60 trained
Client 60 uploaded
Client 40 trained
Client 40 uploaded
Client 35 trained
Client 35 uploaded
Client 26 trained
Client 26 uploaded
Client 59 trained
Client 59 uploaded
Client 80 trained
Client 80 uploaded
Client 91 trained
Client 91 uploaded
Client 32 trained
Client 32 uploaded
Client 29 trained
Client 29 uploaded
Epoch(t): 335 accuracy: 63.57 loss 1.1488547021150588 run_time: 6478.146604537964
Current clients: 100 , select: 10
| current_epoch 336 |. Begin client select
SchedulerThread select( 10 clients):
74 | 78 | 52 | 27 | 44 | 96 | 43 | 84 | 86 | 23 |
-----------------------------------------------------------------Schedule complete
Client 86 trained
Client 86 uploaded
Client 74 trained
Client 74 uploaded
Client 84 trained
Client 84 uploaded
Client 44 trained
Client 44 uploaded
Client 52 trained
Client 52 uploaded
Client 27 trained
Client 27 uploaded
Client 78 trained
Client 78 uploaded
Client 23 trained
Client 23 uploaded
Client 43 trained
Client 43 uploaded
Client 96 trained
Client 96 uploaded
Epoch(t): 336 accuracy: 59.69 loss 1.217038535475731 run_time: 6495.982959985733
Current clients: 100 , select: 10
| current_epoch 337 |. Begin client select
SchedulerThread select( 10 clients):
9 | 79 | 63 | 43 | 61 | 11 | 49 | 25 | 28 | 16 |
-----------------------------------------------------------------Schedule complete
Client 28 trained
Client 28 uploaded
Client 61 trained
Client 61 uploaded
Client 9 trained
Client 9 uploaded
Client 49 trained
Client 49 uploaded
Client 25 trained
Client 25 uploaded
Client 79 trained
Client 79 uploaded
Client 63 trained
Client 63 uploaded
Client 16 trained
Client 16 uploaded
Client 43 trained
Client 43 uploaded
Client 11 trained
Client 11 uploaded
Epoch(t): 337 accuracy: 62.76 loss 1.113146465420723 run_time: 6516.288383483887
Current clients: 100 , select: 10
| current_epoch 338 |. Begin client select
SchedulerThread select( 10 clients):
56 | 77 | 89 | 22 | 82 | 29 | 79 | 44 | 68 | 78 |
-----------------------------------------------------------------Schedule complete
Client 44 trained
Client 44 uploaded
Client 56 trained
Client 56 uploaded
Client 78 trained
Client 78 uploaded
Client 82 trained
Client 82 uploaded
Client 22 trained
Client 22 uploaded
Client 79 trained
Client 79 uploaded
Client 68 trained
Client 68 uploaded
Client 77 trained
Client 77 uploaded
Client 29 trained
Client 29 uploaded
Client 89 trained
Client 89 uploaded
Epoch(t): 338 accuracy: 64.69 loss 1.0604463863372802 run_time: 6542.408344984055
Current clients: 100 , select: 10
| current_epoch 339 |. Begin client select
SchedulerThread select( 10 clients):
11 | 69 | 21 | 30 | 32 | 43 | 53 | 90 | 75 | 20 |
-----------------------------------------------------------------Schedule complete
Client 75 trained
Client 75 uploaded
Client 21 trained
Client 21 uploaded
Client 20 trained
Client 20 uploaded
Client 30 trained
Client 30 uploaded
Client 90 trained
Client 90 uploaded
Client 43 trained
Client 43 uploaded
Client 32 trained
Client 32 uploaded
Client 11 trained
Client 11 uploaded
Client 69 trained
Client 69 uploaded
Client 53 trained
Client 53 uploaded
Epoch(t): 339 accuracy: 63.55 loss 1.0656471574306488 run_time: 6573.583860635757
Current clients: 100 , select: 10
| current_epoch 340 |. Begin client select
SchedulerThread select( 10 clients):
64 | 86 | 11 | 29 | 75 | 69 | 61 | 5 | 74 | 37 |
-----------------------------------------------------------------Schedule complete
Client 5 trained
Client 5 uploaded
Client 61 trained
Client 61 uploaded
Client 86 trained
Client 86 uploaded
Client 74 trained
Client 74 uploaded
Client 37 trained
Client 37 uploaded
Client 75 trained
Client 75 uploaded
Client 64 trained
Client 64 uploaded
Client 11 trained
Client 11 uploaded
Client 69 trained
Client 69 uploaded
Client 29 trained
Client 29 uploaded
Epoch(t): 340 accuracy: 61.07 loss 1.206182261109352 run_time: 6592.614647865295
Current clients: 100 , select: 10
| current_epoch 341 |. Begin client select
SchedulerThread select( 10 clients):
40 | 32 | 9 | 64 | 44 | 60 | 33 | 54 | 91 | 92 |
-----------------------------------------------------------------Schedule complete
Client 33 trained
Client 33 uploaded
Client 9 trained
Client 9 uploaded
Client 92 trained
Client 92 uploaded
Client 44 trained
Client 44 uploaded
Client 60 trained
Client 60 uploaded
Client 40 trained
Client 40 uploaded
Client 54 trained
Client 54 uploaded
Client 64 trained
Client 64 uploaded
Client 91 trained
Client 91 uploaded
Client 32 trained
Client 32 uploaded
Epoch(t): 341 accuracy: 56.32 loss 1.4425636684894563 run_time: 6608.406562566757
Current clients: 100 , select: 10
| current_epoch 342 |. Begin client select
SchedulerThread select( 10 clients):
84 | 24 | 9 | 78 | 56 | 1 | 57 | 50 | 59 | 20 |
-----------------------------------------------------------------Schedule complete
Client 1 trained
Client 1 uploaded
Client 9 trained
Client 9 uploaded
Client 57 trained
Client 57 uploaded
Client 84 trained
Client 84 uploaded
Client 24 trained
Client 24 uploaded
Client 20 trained
Client 20 uploaded
Client 78 trained
Client 78 uploaded
Client 50 trained
Client 50 uploaded
Client 59 trained
Client 59 uploaded
Client 56 trained
Client 56 uploaded
Epoch(t): 342 accuracy: 62.98 loss 1.127124746441841 run_time: 6622.435750007629
Current clients: 100 , select: 10
| current_epoch 343 |. Begin client select
SchedulerThread select( 10 clients):
59 | 12 | 93 | 81 | 28 | 76 | 87 | 45 | 79 | 66 |
-----------------------------------------------------------------Schedule complete
Client 93 trained
Client 93 uploaded
Client 28 trained
Client 28 uploaded
Client 12 trained
Client 12 uploaded
Client 66 trained
Client 66 uploaded
Client 87 trained
Client 87 uploaded
Client 81 trained
Client 81 uploaded
Client 59 trained
Client 59 uploaded
Client 76 trained
Client 76 uploaded
Client 79 trained
Client 79 uploaded
Client 45 trained
Client 45 uploaded
Epoch(t): 343 accuracy: 62.64 loss 1.1112288117408753 run_time: 6637.555861234665
Current clients: 100 , select: 10
| current_epoch 344 |. Begin client select
SchedulerThread select( 10 clients):
79 | 21 | 39 | 2 | 64 | 98 | 15 | 68 | 44 | 90 |
-----------------------------------------------------------------Schedule complete
Client 39 trained
Client 39 uploaded
Client 44 trained
Client 44 uploaded
Client 98 trained
Client 98 uploaded
Client 21 trained
Client 21 uploaded
Client 64 trained
Client 64 uploaded
Client 68 trained
Client 68 uploaded
Client 79 trained
Client 79 uploaded
Client 90 trained
Client 90 uploaded
Client 2 trained
Client 2 uploaded
Client 15 trained
Client 15 uploaded
Epoch(t): 344 accuracy: 60.58 loss 1.2232919180393218 run_time: 6659.063092947006
Current clients: 100 , select: 10
| current_epoch 345 |. Begin client select
SchedulerThread select( 10 clients):
29 | 79 | 0 | 37 | 83 | 63 | 65 | 10 | 35 | 16 |
-----------------------------------------------------------------Schedule complete
Client 37 trained
Client 37 uploaded
Client 35 trained
Client 35 uploaded
Client 65 trained
Client 65 uploaded
Client 83 trained
Client 83 uploaded
Client 79 trained
Client 79 uploaded
Client 63 trained
Client 63 uploaded
Client 10 trained
Client 10 uploaded
Client 16 trained
Client 16 uploaded
Client 0 trained
Client 0 uploaded
Client 29 trained
Client 29 uploaded
Epoch(t): 345 accuracy: 61.44 loss 1.1886414682865143 run_time: 6685.301909685135
Current clients: 100 , select: 10
| current_epoch 346 |. Begin client select
SchedulerThread select( 10 clients):
87 | 45 | 22 | 29 | 67 | 49 | 81 | 50 | 28 | 55 |
-----------------------------------------------------------------Schedule complete
Client 28 trained
Client 28 uploaded
Client 87 trained
Client 87 uploaded
Client 49 trained
Client 49 uploaded
Client 81 trained
Client 81 uploaded
Client 67 trained
Client 67 uploaded
Client 55 trained
Client 55 uploaded
Client 50 trained
Client 50 uploaded
Client 45 trained
Client 45 uploaded
Client 22 trained
Client 22 uploaded
Client 29 trained
Client 29 uploaded
Epoch(t): 346 accuracy: 65.46 loss 1.0555083483457566 run_time: 6704.900326728821
Current clients: 100 , select: 10
| current_epoch 347 |. Begin client select
SchedulerThread select( 10 clients):
50 | 26 | 79 | 39 | 4 | 1 | 82 | 90 | 8 | 38 |
-----------------------------------------------------------------Schedule complete
Client 1 trained
Client 1 uploaded
Client 39 trained
Client 39 uploaded
Client 50 trained
Client 50 uploaded
Client 8 trained
Client 8 uploaded
Client 38 trained
Client 38 uploaded
Client 26 trained
Client 26 uploaded
Client 82 trained
Client 82 uploaded
Client 79 trained
Client 79 uploaded
Client 90 trained
Client 90 uploaded
Client 4 trained
Client 4 uploaded
Epoch(t): 347 accuracy: 58.65 loss 1.3144241523742677 run_time: 6727.293981313705
Current clients: 100 , select: 10
| current_epoch 348 |. Begin client select
SchedulerThread select( 10 clients):
67 | 13 | 83 | 19 | 93 | 12 | 71 | 61 | 40 | 65 |
-----------------------------------------------------------------Schedule complete
Client 13 trained
Client 13 uploaded
Client 93 trained
Client 93 uploaded
Client 12 trained
Client 12 uploaded
Client 61 trained
Client 61 uploaded
Client 19 trained
Client 19 uploaded
Client 40 trained
Client 40 uploaded
Client 71 trained
Client 71 uploaded
Client 67 trained
Client 67 uploaded
Client 65 trained
Client 65 uploaded
Client 83 trained
Client 83 uploaded
Epoch(t): 348 accuracy: 62.37 loss 1.1203918731212616 run_time: 6739.5687890052795
Current clients: 100 , select: 10
| current_epoch 349 |. Begin client select
SchedulerThread select( 10 clients):
59 | 75 | 43 | 82 | 40 | 33 | 41 | 26 | 78 | 56 |
-----------------------------------------------------------------Schedule complete
Client 33 trained
Client 33 uploaded
Client 41 trained
Client 41 uploaded
Client 75 trained
Client 75 uploaded
Client 40 trained
Client 40 uploaded
Client 78 trained
Client 78 uploaded
Client 26 trained
Client 26 uploaded
Client 82 trained
Client 82 uploaded
Client 59 trained
Client 59 uploaded
Client 56 trained
Client 56 uploaded
Client 43 trained
Client 43 uploaded
Epoch(t): 349 accuracy: 64.49 loss 1.052007890343666 run_time: 6759.353769779205
Current clients: 100 , select: 10
| current_epoch 350 |. Begin client select
SchedulerThread select( 10 clients):
94 | 5 | 18 | 83 | 19 | 76 | 59 | 64 | 20 | 35 |
-----------------------------------------------------------------Schedule complete
Client 94 trained
Client 94 uploaded
Client 5 trained
Client 5 uploaded
Client 18 trained
Client 18 uploaded
Client 19 trained
Client 19 uploaded
Client 20 trained
Client 20 uploaded
Client 35 trained
Client 35 uploaded
Client 76 trained
Client 76 uploaded
Client 59 trained
Client 59 uploaded
Client 64 trained
Client 64 uploaded
Client 83 trained
Client 83 uploaded
Epoch(t): 350 accuracy: 60.12 loss 1.1717036497592925 run_time: 6774.279552698135
Current clients: 100 , select: 10
| current_epoch 351 |. Begin client select
SchedulerThread select( 10 clients):
11 | 74 | 6 | 33 | 83 | 81 | 64 | 10 | 79 | 19 |
-----------------------------------------------------------------Schedule complete
Client 33 trained
Client 33 uploaded
Client 74 trained
Client 74 uploaded
Client 19 trained
Client 19 uploaded
Client 81 trained
Client 81 uploaded
Client 6 trained
Client 6 uploaded
Client 83 trained
Client 83 uploaded
Client 64 trained
Client 64 uploaded
Client 79 trained
Client 79 uploaded
Client 10 trained
Client 10 uploaded
Client 11 trained
Client 11 uploaded
Epoch(t): 351 accuracy: 61.09 loss 1.161153085231781 run_time: 6794.78870010376
Current clients: 100 , select: 10
| current_epoch 352 |. Begin client select
SchedulerThread select( 10 clients):
78 | 96 | 15 | 30 | 37 | 5 | 62 | 93 | 41 | 63 |
-----------------------------------------------------------------Schedule complete
Client 5 trained
Client 5 uploaded
Client 93 trained
Client 93 uploaded
Client 37 trained
Client 37 uploaded
Client 41 trained
Client 41 uploaded
Client 62 trained
Client 62 uploaded
Client 78 trained
Client 78 uploaded
Client 63 trained
Client 63 uploaded
Client 30 trained
Client 30 uploaded
Client 15 trained
Client 15 uploaded
Client 96 trained
Client 96 uploaded
Epoch(t): 352 accuracy: 55.03 loss 1.539468686580658 run_time: 6813.713143348694
Current clients: 100 , select: 10
| current_epoch 353 |. Begin client select
SchedulerThread select( 10 clients):
27 | 13 | 17 | 44 | 9 | 40 | 0 | 53 | 5 | 75 |
-----------------------------------------------------------------Schedule complete
Client 13 trained
Client 13 uploaded
Client 5 trained
Client 5 uploaded
Client 9 trained
Client 9 uploaded
Client 44 trained
Client 44 uploaded
Client 75 trained
Client 75 uploaded
Client 40 trained
Client 40 uploaded
Client 17 trained
Client 17 uploaded
Client 27 trained
Client 27 uploaded
Client 0 trained
Client 0 uploaded
Client 53 trained
Client 53 uploaded
Epoch(t): 353 accuracy: 54.1 loss 1.4602850377559662 run_time: 6830.718159675598
Current clients: 100 , select: 10
| current_epoch 354 |. Begin client select
SchedulerThread select( 10 clients):
15 | 6 | 53 | 62 | 60 | 35 | 45 | 92 | 5 | 47 |
-----------------------------------------------------------------Schedule complete
Client 5 trained
Client 5 uploaded
Client 92 trained
Client 92 uploaded
Client 60 trained
Client 60 uploaded
Client 62 trained
Client 62 uploaded
Client 6 trained
Client 6 uploaded
Client 35 trained
Client 35 uploaded
Client 47 trained
Client 47 uploaded
Client 45 trained
Client 45 uploaded
Client 15 trained
Client 15 uploaded
Client 53 trained
Client 53 uploaded
Epoch(t): 354 accuracy: 59.94 loss 1.2049055361747742 run_time: 6851.93542265892
Current clients: 100 , select: 10
| current_epoch 355 |. Begin client select
SchedulerThread select( 10 clients):
23 | 44 | 98 | 80 | 53 | 29 | 9 | 94 | 27 | 12 |
-----------------------------------------------------------------Schedule complete
Client 94 trained
Client 94 uploaded
Client 12 trained
Client 12 uploaded
Client 9 trained
Client 9 uploaded
Client 44 trained
Client 44 uploaded
Client 98 trained
Client 98 uploaded
Client 27 trained
Client 27 uploaded
Client 80 trained
Client 80 uploaded
Client 23 trained
Client 23 uploaded
Client 29 trained
Client 29 uploaded
Client 53 trained
Client 53 uploaded
Epoch(t): 355 accuracy: 58.75 loss 1.3190566396713257 run_time: 6871.614529132843
Current clients: 100 , select: 10
| current_epoch 356 |. Begin client select
SchedulerThread select( 10 clients):
97 | 10 | 88 | 87 | 44 | 79 | 40 | 81 | 1 | 15 |
-----------------------------------------------------------------Schedule complete
Client 1 trained
Client 1 uploaded
Client 44 trained
Client 44 uploaded
Client 87 trained
Client 87 uploaded
Client 40 trained
Client 40 uploaded
Client 88 trained
Client 88 uploaded
Client 81 trained
Client 81 uploaded
Client 97 trained
Client 97 uploaded
Client 79 trained
Client 79 uploaded
Client 15 trained
Client 15 uploaded
Client 10 trained
Client 10 uploaded
Epoch(t): 356 accuracy: 58.43 loss 1.32106411755085 run_time: 6890.764781951904
Current clients: 100 , select: 10
| current_epoch 357 |. Begin client select
SchedulerThread select( 10 clients):
68 | 87 | 2 | 20 | 76 | 48 | 93 | 5 | 60 | 80 |
-----------------------------------------------------------------Schedule complete
Client 93 trained
Client 93 uploaded
Client 5 trained
Client 5 uploaded
Client 87 trained
Client 87 uploaded
Client 60 trained
Client 60 uploaded
Client 48 trained
Client 48 uploaded
Client 20 trained
Client 20 uploaded
Client 68 trained
Client 68 uploaded
Client 76 trained
Client 76 uploaded
Client 80 trained
Client 80 uploaded
Client 2 trained
Client 2 uploaded
Epoch(t): 357 accuracy: 63.95 loss 1.1088445663452149 run_time: 6907.165434360504
Current clients: 100 , select: 10
| current_epoch 358 |. Begin client select
SchedulerThread select( 10 clients):
60 | 62 | 32 | 54 | 3 | 34 | 7 | 1 | 75 | 35 |
-----------------------------------------------------------------Schedule complete
Client 1 trained
Client 1 uploaded
Client 75 trained
Client 75 uploaded
Client 3 trained
Client 3 uploaded
Client 60 trained
Client 60 uploaded
Client 62 trained
Client 62 uploaded
Client 54 trained
Client 54 uploaded
Client 7 trained
Client 7 uploaded
Client 35 trained
Client 35 uploaded
Client 34 trained
Client 34 uploaded
Client 32 trained
Client 32 uploaded
Epoch(t): 358 accuracy: 62.98 loss 1.126839637160301 run_time: 6926.976012706757
Current clients: 100 , select: 10
| current_epoch 359 |. Begin client select
SchedulerThread select( 10 clients):
48 | 67 | 74 | 4 | 99 | 24 | 29 | 46 | 73 | 38 |
-----------------------------------------------------------------Schedule complete
Client 74 trained
Client 74 uploaded
Client 24 trained
Client 24 uploaded
Client 46 trained
Client 46 uploaded
Client 48 trained
Client 48 uploaded
Client 67 trained
Client 67 uploaded
Client 38 trained
Client 38 uploaded
Client 73 trained
Client 73 uploaded
Client 99 trained
Client 99 uploaded
Client 29 trained
Client 29 uploaded
Client 4 trained
Client 4 uploaded
Epoch(t): 359 accuracy: 61.93 loss 1.1668817180395126 run_time: 6951.339427232742
Current clients: 100 , select: 10
| current_epoch 360 |. Begin client select
SchedulerThread select( 10 clients):
70 | 85 | 83 | 43 | 64 | 37 | 3 | 67 | 48 | 0 |
-----------------------------------------------------------------Schedule complete
Client 37 trained
Client 37 uploaded
Client 3 trained
Client 3 uploaded
Client 48 trained
Client 48 uploaded
Client 67 trained
Client 67 uploaded
Client 70 trained
Client 70 uploaded
Client 64 trained
Client 64 uploaded
Client 85 trained
Client 85 uploaded
Client 83 trained
Client 83 uploaded
Client 0 trained
Client 0 uploaded
Client 43 trained
Client 43 uploaded
Epoch(t): 360 accuracy: 61.46 loss 1.1525311636924744 run_time: 6972.7414836883545
Current clients: 100 , select: 10
| current_epoch 361 |. Begin client select
SchedulerThread select( 10 clients):
50 | 82 | 84 | 24 | 36 | 16 | 95 | 83 | 92 | 2 |
-----------------------------------------------------------------Schedule complete
Client 84 trained
Client 84 uploaded
Client 92 trained
Client 92 uploaded
Client 24 trained
Client 24 uploaded
Client 95 trained
Client 95 uploaded
Client 50 trained
Client 50 uploaded
Client 83 trained
Client 83 uploaded
Client 82 trained
Client 82 uploaded
Client 36 trained
Client 36 uploaded
Client 2 trained
Client 2 uploaded
Client 16 trained
Client 16 uploaded
Epoch(t): 361 accuracy: 61.01 loss 1.181325345635414 run_time: 6992.377190828323
Current clients: 100 , select: 10
| current_epoch 362 |. Begin client select
SchedulerThread select( 10 clients):
25 | 3 | 62 | 32 | 77 | 35 | 10 | 85 | 19 | 5 |
-----------------------------------------------------------------Schedule complete
Client 5 trained
Client 5 uploaded
Client 19 trained
Client 19 uploaded
Client 3 trained
Client 3 uploaded
Client 25 trained
Client 25 uploaded
Client 62 trained
Client 62 uploaded
Client 35 trained
Client 35 uploaded
Client 85 trained
Client 85 uploaded
Client 77 trained
Client 77 uploaded
Client 10 trained
Client 10 uploaded
Client 32 trained
Client 32 uploaded
Epoch(t): 362 accuracy: 61.43 loss 1.1284015399217606 run_time: 7012.836368560791
Current clients: 100 , select: 10
| current_epoch 363 |. Begin client select
SchedulerThread select( 10 clients):
53 | 63 | 3 | 48 | 46 | 96 | 90 | 97 | 67 | 18 |
-----------------------------------------------------------------Schedule complete
Client 18 trained
Client 18 uploaded
Client 3 trained
Client 3 uploaded
Client 46 trained
Client 46 uploaded
Client 48 trained
Client 48 uploaded
Client 67 trained
Client 67 uploaded
Client 97 trained
Client 97 uploaded
Client 63 trained
Client 63 uploaded
Client 90 trained
Client 90 uploaded
Client 96 trained
Client 96 uploaded
Client 53 trained
Client 53 uploaded
Epoch(t): 363 accuracy: 57.55 loss 1.3524455600976943 run_time: 7036.418602466583
Current clients: 100 , select: 10
| current_epoch 364 |. Begin client select
SchedulerThread select( 10 clients):
49 | 26 | 61 | 7 | 88 | 75 | 10 | 23 | 76 | 67 |
-----------------------------------------------------------------Schedule complete
Client 61 trained
Client 61 uploaded
Client 49 trained
Client 49 uploaded
Client 75 trained
Client 75 uploaded
Client 88 trained
Client 88 uploaded
Client 67 trained
Client 67 uploaded
Client 76 trained
Client 76 uploaded
Client 26 trained
Client 26 uploaded
Client 7 trained
Client 7 uploaded
Client 23 trained
Client 23 uploaded
Client 10 trained
Client 10 uploaded
Epoch(t): 364 accuracy: 65.99 loss 0.9991268920898437 run_time: 7056.107610940933
Current clients: 100 , select: 10
| current_epoch 365 |. Begin client select
SchedulerThread select( 10 clients):
16 | 1 | 41 | 6 | 56 | 21 | 36 | 80 | 86 | 28 |
-----------------------------------------------------------------Schedule complete
Client 1 trained
Client 1 uploaded
Client 28 trained
Client 28 uploaded
Client 86 trained
Client 86 uploaded
Client 41 trained
Client 41 uploaded
Client 21 trained
Client 21 uploaded
Client 6 trained
Client 6 uploaded
Client 36 trained
Client 36 uploaded
Client 56 trained
Client 56 uploaded
Client 80 trained
Client 80 uploaded
Client 16 trained
Client 16 uploaded
Epoch(t): 365 accuracy: 64.14 loss 1.051697154045105 run_time: 7072.165010213852
Current clients: 100 , select: 10
| current_epoch 366 |. Begin client select
SchedulerThread select( 10 clients):
39 | 0 | 40 | 35 | 30 | 60 | 36 | 41 | 80 | 47 |
-----------------------------------------------------------------Schedule complete
Client 39 trained
Client 39 uploaded
Client 41 trained
Client 41 uploaded
Client 60 trained
Client 60 uploaded
Client 40 trained
Client 40 uploaded
Client 35 trained
Client 35 uploaded
Client 47 trained
Client 47 uploaded
Client 36 trained
Client 36 uploaded
Client 80 trained
Client 80 uploaded
Client 30 trained
Client 30 uploaded
Client 0 trained
Client 0 uploaded
Epoch(t): 366 accuracy: 63.18 loss 1.082507073879242 run_time: 7091.067996740341
Current clients: 100 , select: 10
| current_epoch 367 |. Begin client select
SchedulerThread select( 10 clients):
54 | 37 | 94 | 76 | 33 | 87 | 1 | 74 | 50 | 92 |
-----------------------------------------------------------------Schedule complete
Client 94 trained
Client 94 uploaded
Client 1 trained
Client 1 uploaded
Client 33 trained
Client 33 uploaded
Client 74 trained
Client 74 uploaded
Client 92 trained
Client 92 uploaded
Client 37 trained
Client 37 uploaded
Client 87 trained
Client 87 uploaded
Client 54 trained
Client 54 uploaded
Client 50 trained
Client 50 uploaded
Client 76 trained
Client 76 uploaded
Epoch(t): 367 accuracy: 61.09 loss 1.160994863510132 run_time: 7101.114811182022
Current clients: 100 , select: 10
| current_epoch 368 |. Begin client select
SchedulerThread select( 10 clients):
21 | 64 | 19 | 0 | 73 | 95 | 49 | 37 | 92 | 69 |
-----------------------------------------------------------------Schedule complete
Client 37 trained
Client 37 uploaded
Client 92 trained
Client 92 uploaded
Client 49 trained
Client 49 uploaded
Client 19 trained
Client 19 uploaded
Client 21 trained
Client 21 uploaded
Client 95 trained
Client 95 uploaded
Client 64 trained
Client 64 uploaded
Client 73 trained
Client 73 uploaded
Client 0 trained
Client 0 uploaded
Client 69 trained
Client 69 uploaded
Epoch(t): 368 accuracy: 58.05 loss 1.244974016547203 run_time: 7121.354552984238
Current clients: 100 , select: 10
| current_epoch 369 |. Begin client select
SchedulerThread select( 10 clients):
62 | 84 | 95 | 42 | 78 | 71 | 28 | 14 | 90 | 74 |
-----------------------------------------------------------------Schedule complete
Client 28 trained
Client 28 uploaded
Client 14 trained
Client 14 uploaded
Client 74 trained
Client 74 uploaded
Client 84 trained
Client 84 uploaded
Client 71 trained
Client 71 uploaded
Client 95 trained
Client 95 uploaded
Client 78 trained
Client 78 uploaded
Client 62 trained
Client 62 uploaded
Client 90 trained
Client 90 uploaded
Client 42 trained
Client 42 uploaded
Epoch(t): 369 accuracy: 57.28 loss 1.327690560221672 run_time: 7137.3535187244415
Current clients: 100 , select: 10
| current_epoch 370 |. Begin client select
SchedulerThread select( 10 clients):
25 | 86 | 88 | 75 | 91 | 67 | 71 | 66 | 18 | 60 |
-----------------------------------------------------------------Schedule complete
Client 18 trained
Client 18 uploaded
Client 86 trained
Client 86 uploaded
Client 60 trained
Client 60 uploaded
Client 66 trained
Client 66 uploaded
Client 75 trained
Client 75 uploaded
Client 25 trained
Client 25 uploaded
Client 71 trained
Client 71 uploaded
Client 88 trained
Client 88 uploaded
Client 67 trained
Client 67 uploaded
Client 91 trained
Client 91 uploaded
Epoch(t): 370 accuracy: 59.01 loss 1.2287322688102722 run_time: 7153.0737998485565
Current clients: 100 , select: 10
| current_epoch 371 |. Begin client select
SchedulerThread select( 10 clients):
22 | 26 | 6 | 50 | 33 | 88 | 0 | 99 | 17 | 94 |
-----------------------------------------------------------------Schedule complete
Client 94 trained
Client 94 uploaded
Client 33 trained
Client 33 uploaded
Client 88 trained
Client 88 uploaded
Client 17 trained
Client 17 uploaded
Client 50 trained
Client 50 uploaded
Client 6 trained
Client 6 uploaded
Client 26 trained
Client 26 uploaded
Client 22 trained
Client 22 uploaded
Client 99 trained
Client 99 uploaded
Client 0 trained
Client 0 uploaded
Epoch(t): 371 accuracy: 64.92 loss 1.0399310618638993 run_time: 7172.019866943359
Current clients: 100 , select: 10
| current_epoch 372 |. Begin client select
SchedulerThread select( 10 clients):
65 | 0 | 49 | 57 | 37 | 34 | 80 | 90 | 76 | 33 |
-----------------------------------------------------------------Schedule complete
Client 33 trained
Client 33 uploaded
Client 37 trained
Client 37 uploaded
Client 57 trained
Client 57 uploaded
Client 49 trained
Client 49 uploaded
Client 76 trained
Client 76 uploaded
Client 65 trained
Client 65 uploaded
Client 80 trained
Client 80 uploaded
Client 0 trained
Client 0 uploaded
Client 90 trained
Client 90 uploaded
Client 34 trained
Client 34 uploaded
Epoch(t): 372 accuracy: 59.91 loss 1.2048328638076782 run_time: 7191.862213373184
Current clients: 100 , select: 10
| current_epoch 373 |. Begin client select
SchedulerThread select( 10 clients):
44 | 52 | 6 | 33 | 0 | 37 | 60 | 51 | 70 | 59 |
-----------------------------------------------------------------Schedule complete
Client 33 trained
Client 33 uploaded
Client 37 trained
Client 37 uploaded
Client 44 trained
Client 44 uploaded
Client 52 trained
Client 52 uploaded
Client 60 trained
Client 60 uploaded
Client 70 trained
Client 70 uploaded
Client 6 trained
Client 6 uploaded
Client 59 trained
Client 59 uploaded
Client 51 trained
Client 51 uploaded
Client 0 trained
Client 0 uploaded
Epoch(t): 373 accuracy: 61.75 loss 1.1567216330766679 run_time: 7207.764530181885
Current clients: 100 , select: 10
| current_epoch 374 |. Begin client select
SchedulerThread select( 10 clients):
50 | 66 | 95 | 27 | 58 | 41 | 94 | 10 | 93 | 77 |
-----------------------------------------------------------------Schedule complete
Client 94 trained
Client 94 uploaded
Client 93 trained
Client 93 uploaded
Client 58 trained
Client 58 uploaded
Client 41 trained
Client 41 uploaded
Client 66 trained
Client 66 uploaded
Client 27 trained
Client 27 uploaded
Client 95 trained
Client 95 uploaded
Client 50 trained
Client 50 uploaded
Client 77 trained
Client 77 uploaded
Client 10 trained
Client 10 uploaded
Epoch(t): 374 accuracy: 62.09 loss 1.1341377234458923 run_time: 7223.154169797897
Current clients: 100 , select: 10
| current_epoch 375 |. Begin client select
SchedulerThread select( 10 clients):
28 | 65 | 53 | 55 | 1 | 92 | 64 | 86 | 17 | 43 |
-----------------------------------------------------------------Schedule complete
Client 1 trained
Client 1 uploaded
Client 28 trained
Client 28 uploaded
Client 86 trained
Client 86 uploaded
Client 92 trained
Client 92 uploaded
Client 17 trained
Client 17 uploaded
Client 55 trained
Client 55 uploaded
Client 65 trained
Client 65 uploaded
Client 64 trained
Client 64 uploaded
Client 43 trained
Client 43 uploaded
Client 53 trained
Client 53 uploaded
Epoch(t): 375 accuracy: 59.07 loss 1.2464255726337432 run_time: 7242.455682516098
Current clients: 100 , select: 10
| current_epoch 376 |. Begin client select
SchedulerThread select( 10 clients):
83 | 90 | 25 | 85 | 44 | 49 | 14 | 13 | 38 | 96 |
-----------------------------------------------------------------Schedule complete
Client 13 trained
Client 13 uploaded
Client 14 trained
Client 14 uploaded
Client 44 trained
Client 44 uploaded
Client 49 trained
Client 49 uploaded
Client 25 trained
Client 25 uploaded
Client 85 trained
Client 85 uploaded
Client 38 trained
Client 38 uploaded
Client 83 trained
Client 83 uploaded
Client 90 trained
Client 90 uploaded
Client 96 trained
Client 96 uploaded
Epoch(t): 376 accuracy: 59.49 loss 1.2175924718379973 run_time: 7259.602454423904
Current clients: 100 , select: 10
| current_epoch 377 |. Begin client select
SchedulerThread select( 10 clients):
21 | 17 | 58 | 95 | 1 | 29 | 9 | 64 | 16 | 49 |
-----------------------------------------------------------------Schedule complete
Client 1 trained
Client 1 uploaded
Client 58 trained
Client 58 uploaded
Client 9 trained
Client 9 uploaded
Client 49 trained
Client 49 uploaded
Client 17 trained
Client 17 uploaded
Client 21 trained
Client 21 uploaded
Client 95 trained
Client 95 uploaded
Client 64 trained
Client 64 uploaded
Client 16 trained
Client 16 uploaded
Client 29 trained
Client 29 uploaded
Epoch(t): 377 accuracy: 61.57 loss 1.1819825273752214 run_time: 7277.392883062363
Current clients: 100 , select: 10
| current_epoch 378 |. Begin client select
SchedulerThread select( 10 clients):
4 | 5 | 78 | 20 | 81 | 41 | 61 | 42 | 91 | 67 |
-----------------------------------------------------------------Schedule complete
Client 5 trained
Client 5 uploaded
Client 61 trained
Client 61 uploaded
Client 41 trained
Client 41 uploaded
Client 20 trained
Client 20 uploaded
Client 67 trained
Client 67 uploaded
Client 81 trained
Client 81 uploaded
Client 78 trained
Client 78 uploaded
Client 91 trained
Client 91 uploaded
Client 42 trained
Client 42 uploaded
Client 4 trained
Client 4 uploaded
Epoch(t): 378 accuracy: 59.48 loss 1.2570563763380052 run_time: 7298.689834356308
Current clients: 100 , select: 10
| current_epoch 379 |. Begin client select
SchedulerThread select( 10 clients):
24 | 45 | 48 | 10 | 93 | 7 | 23 | 6 | 25 | 99 |
-----------------------------------------------------------------Schedule complete
Client 93 trained
Client 93 uploaded
Client 24 trained
Client 24 uploaded
Client 25 trained
Client 25 uploaded
Client 48 trained
Client 48 uploaded
Client 6 trained
Client 6 uploaded
Client 7 trained
Client 7 uploaded
Client 23 trained
Client 23 uploaded
Client 45 trained
Client 45 uploaded
Client 99 trained
Client 99 uploaded
Client 10 trained
Client 10 uploaded
Epoch(t): 379 accuracy: 63.34 loss 1.0713378900289536 run_time: 7319.327084302902
Current clients: 100 , select: 10
| current_epoch 380 |. Begin client select
SchedulerThread select( 10 clients):
42 | 74 | 64 | 2 | 3 | 86 | 37 | 85 | 77 | 20 |
-----------------------------------------------------------------Schedule complete
Client 86 trained
Client 86 uploaded
Client 74 trained
Client 74 uploaded
Client 37 trained
Client 37 uploaded
Client 3 trained
Client 3 uploaded
Client 20 trained
Client 20 uploaded
Client 64 trained
Client 64 uploaded
Client 85 trained
Client 85 uploaded
Client 2 trained
Client 2 uploaded
Client 77 trained
Client 77 uploaded
Client 42 trained
Client 42 uploaded
Epoch(t): 380 accuracy: 64.16 loss 1.049888950586319 run_time: 7339.650301933289
Current clients: 100 , select: 10
| current_epoch 381 |. Begin client select
SchedulerThread select( 10 clients):
83 | 79 | 43 | 24 | 3 | 5 | 70 | 20 | 53 | 65 |
-----------------------------------------------------------------Schedule complete
Client 5 trained
Client 5 uploaded
Client 24 trained
Client 24 uploaded
Client 3 trained
Client 3 uploaded
Client 20 trained
Client 20 uploaded
Client 70 trained
Client 70 uploaded
Client 65 trained
Client 65 uploaded
Client 83 trained
Client 83 uploaded
Client 79 trained
Client 79 uploaded
Client 43 trained
Client 43 uploaded
Client 53 trained
Client 53 uploaded
Epoch(t): 381 accuracy: 60.61 loss 1.2415049517154693 run_time: 7362.211413383484
Current clients: 100 , select: 10
| current_epoch 382 |. Begin client select
SchedulerThread select( 10 clients):
86 | 50 | 69 | 39 | 12 | 96 | 5 | 53 | 37 | 7 |
-----------------------------------------------------------------Schedule complete
Client 5 trained
Client 5 uploaded
Client 12 trained
Client 12 uploaded
Client 86 trained
Client 86 uploaded
Client 37 trained
Client 37 uploaded
Client 39 trained
Client 39 uploaded
Client 50 trained
Client 50 uploaded
Client 7 trained
Client 7 uploaded
Client 96 trained
Client 96 uploaded
Client 69 trained
Client 69 uploaded
Client 53 trained
Client 53 uploaded
Epoch(t): 382 accuracy: 59.14 loss 1.276447816491127 run_time: 7382.556365728378
Current clients: 100 , select: 10
| current_epoch 383 |. Begin client select
SchedulerThread select( 10 clients):
71 | 48 | 21 | 16 | 43 | 35 | 0 | 75 | 89 | 73 |
-----------------------------------------------------------------Schedule complete
Client 71 trained
Client 71 uploaded
Client 75 trained
Client 75 uploaded
Client 21 trained
Client 21 uploaded
Client 48 trained
Client 48 uploaded
Client 35 trained
Client 35 uploaded
Client 73 trained
Client 73 uploaded
Client 0 trained
Client 0 uploaded
Client 16 trained
Client 16 uploaded
Client 43 trained
Client 43 uploaded
Client 89 trained
Client 89 uploaded
Epoch(t): 383 accuracy: 62.0 loss 1.097684977054596 run_time: 7407.974561452866
Current clients: 100 , select: 10
| current_epoch 384 |. Begin client select
SchedulerThread select( 10 clients):
86 | 16 | 44 | 91 | 11 | 13 | 40 | 60 | 73 | 89 |
-----------------------------------------------------------------Schedule complete
Client 13 trained
Client 13 uploaded
Client 86 trained
Client 86 uploaded
Client 44 trained
Client 44 uploaded
Client 60 trained
Client 60 uploaded
Client 40 trained
Client 40 uploaded
Client 73 trained
Client 73 uploaded
Client 91 trained
Client 91 uploaded
Client 16 trained
Client 16 uploaded
Client 11 trained
Client 11 uploaded
Client 89 trained
Client 89 uploaded
Epoch(t): 384 accuracy: 57.95 loss 1.270850259065628 run_time: 7429.9028532505035
Current clients: 100 , select: 10
| current_epoch 385 |. Begin client select
SchedulerThread select( 10 clients):
31 | 76 | 17 | 14 | 57 | 84 | 39 | 1 | 28 | 37 |
-----------------------------------------------------------------Schedule complete
Client 1 trained
Client 1 uploaded
Client 28 trained
Client 28 uploaded
Client 14 trained
Client 14 uploaded
Client 31 trained
Client 31 uploaded
Client 37 trained
Client 37 uploaded
Client 39 trained
Client 39 uploaded
Client 84 trained
Client 84 uploaded
Client 57 trained
Client 57 uploaded
Client 17 trained
Client 17 uploaded
Client 76 trained
Client 76 uploaded
Epoch(t): 385 accuracy: 54.58 loss 1.383497178554535 run_time: 7438.919695615768
Current clients: 100 , select: 10
| current_epoch 386 |. Begin client select
SchedulerThread select( 10 clients):
8 | 67 | 6 | 49 | 63 | 28 | 0 | 83 | 55 | 91 |
-----------------------------------------------------------------Schedule complete
Client 28 trained
Client 28 uploaded
Client 49 trained
Client 49 uploaded
Client 6 trained
Client 6 uploaded
Client 55 trained
Client 55 uploaded
Client 67 trained
Client 67 uploaded
Client 8 trained
Client 8 uploaded
Client 83 trained
Client 83 uploaded
Client 63 trained
Client 63 uploaded
Client 0 trained
Client 0 uploaded
Client 91 trained
Client 91 uploaded
Epoch(t): 386 accuracy: 64.69 loss 1.0310459178686142 run_time: 7458.075330734253
Current clients: 100 , select: 10
| current_epoch 387 |. Begin client select
SchedulerThread select( 10 clients):
9 | 79 | 47 | 24 | 86 | 93 | 83 | 13 | 14 | 1 |
-----------------------------------------------------------------Schedule complete
Client 1 trained
Client 1 uploaded
Client 13 trained
Client 13 uploaded
Client 93 trained
Client 93 uploaded
Client 14 trained
Client 14 uploaded
Client 9 trained
Client 9 uploaded
Client 86 trained
Client 86 uploaded
Client 24 trained
Client 24 uploaded
Client 47 trained
Client 47 uploaded
Client 83 trained
Client 83 uploaded
Client 79 trained
Client 79 uploaded
Epoch(t): 387 accuracy: 63.24 loss 1.1412594330310821 run_time: 7468.660178661346
Current clients: 100 , select: 10
| current_epoch 388 |. Begin client select
SchedulerThread select( 10 clients):
31 | 39 | 41 | 89 | 99 | 42 | 97 | 17 | 19 | 93 |
-----------------------------------------------------------------Schedule complete
Client 31 trained
Client 31 uploaded
Client 93 trained
Client 93 uploaded
Client 39 trained
Client 39 uploaded
Client 41 trained
Client 41 uploaded
Client 19 trained
Client 19 uploaded
Client 17 trained
Client 17 uploaded
Client 97 trained
Client 97 uploaded
Client 99 trained
Client 99 uploaded
Client 42 trained
Client 42 uploaded
Client 89 trained
Client 89 uploaded
Epoch(t): 388 accuracy: 64.13 loss 1.088395767211914 run_time: 7487.107235431671
Current clients: 100 , select: 10
| current_epoch 389 |. Begin client select
SchedulerThread select( 10 clients):
44 | 12 | 46 | 22 | 5 | 29 | 79 | 16 | 19 | 52 |
-----------------------------------------------------------------Schedule complete
Client 5 trained
Client 5 uploaded
Client 12 trained
Client 12 uploaded
Client 44 trained
Client 44 uploaded
Client 19 trained
Client 19 uploaded
Client 52 trained
Client 52 uploaded
Client 46 trained
Client 46 uploaded
Client 79 trained
Client 79 uploaded
Client 22 trained
Client 22 uploaded
Client 16 trained
Client 16 uploaded
Client 29 trained
Client 29 uploaded
Epoch(t): 389 accuracy: 56.42 loss 1.4288733398914337 run_time: 7505.376213550568
Current clients: 100 , select: 10
| current_epoch 390 |. Begin client select
SchedulerThread select( 10 clients):
30 | 84 | 28 | 5 | 31 | 25 | 18 | 68 | 15 | 40 |
-----------------------------------------------------------------Schedule complete
Client 31 trained
Client 31 uploaded
Client 28 trained
Client 28 uploaded
Client 5 trained
Client 5 uploaded
Client 84 trained
Client 84 uploaded
Client 18 trained
Client 18 uploaded
Client 40 trained
Client 40 uploaded
Client 25 trained
Client 25 uploaded
Client 68 trained
Client 68 uploaded
Client 30 trained
Client 30 uploaded
Client 15 trained
Client 15 uploaded
Epoch(t): 390 accuracy: 51.83 loss 1.8387197005748748 run_time: 7519.82021689415
Current clients: 100 , select: 10
| current_epoch 391 |. Begin client select
SchedulerThread select( 10 clients):
39 | 72 | 28 | 61 | 34 | 91 | 42 | 51 | 94 | 10 |
-----------------------------------------------------------------Schedule complete
Client 94 trained
Client 94 uploaded
Client 28 trained
Client 28 uploaded
Client 61 trained
Client 61 uploaded
Client 39 trained
Client 39 uploaded
Client 72 trained
Client 72 uploaded
Client 51 trained
Client 51 uploaded
Client 91 trained
Client 91 uploaded
Client 10 trained
Client 10 uploaded
Client 42 trained
Client 42 uploaded
Client 34 trained
Client 34 uploaded
Epoch(t): 391 accuracy: 62.03 loss 1.214701119661331 run_time: 7540.4880912303925
Current clients: 100 , select: 10
| current_epoch 392 |. Begin client select
SchedulerThread select( 10 clients):
68 | 90 | 82 | 66 | 7 | 39 | 3 | 77 | 52 | 29 |
-----------------------------------------------------------------Schedule complete
Client 39 trained
Client 39 uploaded
Client 66 trained
Client 66 uploaded
Client 52 trained
Client 52 uploaded
Client 3 trained
Client 3 uploaded
Client 7 trained
Client 7 uploaded
Client 82 trained
Client 82 uploaded
Client 68 trained
Client 68 uploaded
Client 90 trained
Client 90 uploaded
Client 77 trained
Client 77 uploaded
Client 29 trained
Client 29 uploaded
Epoch(t): 392 accuracy: 65.77 loss 1.0423627525568009 run_time: 7562.462698698044
Current clients: 100 , select: 10
| current_epoch 393 |. Begin client select
SchedulerThread select( 10 clients):
34 | 52 | 18 | 23 | 5 | 64 | 91 | 88 | 35 | 49 |
-----------------------------------------------------------------Schedule complete
Client 5 trained
Client 5 uploaded
Client 18 trained
Client 18 uploaded
Client 49 trained
Client 49 uploaded
Client 52 trained
Client 52 uploaded
Client 88 trained
Client 88 uploaded
Client 35 trained
Client 35 uploaded
Client 64 trained
Client 64 uploaded
Client 23 trained
Client 23 uploaded
Client 91 trained
Client 91 uploaded
Client 34 trained
Client 34 uploaded
Epoch(t): 393 accuracy: 58.51 loss 1.3727266389131545 run_time: 7581.266985654831
Current clients: 100 , select: 10
| current_epoch 394 |. Begin client select
SchedulerThread select( 10 clients):
59 | 92 | 50 | 78 | 15 | 74 | 99 | 95 | 44 | 39 |
-----------------------------------------------------------------Schedule complete
Client 74 trained
Client 74 uploaded
Client 92 trained
Client 92 uploaded
Client 39 trained
Client 39 uploaded
Client 44 trained
Client 44 uploaded
Client 50 trained
Client 50 uploaded
Client 95 trained
Client 95 uploaded
Client 78 trained
Client 78 uploaded
Client 59 trained
Client 59 uploaded
Client 99 trained
Client 99 uploaded
Client 15 trained
Client 15 uploaded
Epoch(t): 394 accuracy: 66.0 loss 1.0631576544046402 run_time: 7598.818039655685
Current clients: 100 , select: 10
| current_epoch 395 |. Begin client select
SchedulerThread select( 10 clients):
9 | 69 | 5 | 91 | 48 | 68 | 73 | 0 | 63 | 44 |
-----------------------------------------------------------------Schedule complete
Client 5 trained
Client 5 uploaded
Client 9 trained
Client 9 uploaded
Client 44 trained
Client 44 uploaded
Client 48 trained
Client 48 uploaded
Client 63 trained
Client 63 uploaded
Client 0 trained
Client 0 uploaded
Client 68 trained
Client 68 uploaded
Client 91 trained
Client 91 uploaded
Client 73 trained
Client 73 uploaded
Client 69 trained
Client 69 uploaded
Epoch(t): 395 accuracy: 62.77 loss 1.1324460810422898 run_time: 7620.524327039719
Current clients: 100 , select: 10
| current_epoch 396 |. Begin client select
SchedulerThread select( 10 clients):
5 | 36 | 27 | 50 | 83 | 37 | 58 | 97 | 46 | 68 |
-----------------------------------------------------------------Schedule complete
Client 5 trained
Client 5 uploaded
Client 58 trained
Client 58 uploaded
Client 37 trained
Client 37 uploaded
Client 27 trained
Client 27 uploaded
Client 46 trained
Client 46 uploaded
Client 50 trained
Client 50 uploaded
Client 83 trained
Client 83 uploaded
Client 97 trained
Client 97 uploaded
Client 68 trained
Client 68 uploaded
Client 36 trained
Client 36 uploaded
Epoch(t): 396 accuracy: 59.77 loss 1.2235478496551513 run_time: 7636.391204118729
Current clients: 100 , select: 10
| current_epoch 397 |. Begin client select
SchedulerThread select( 10 clients):
68 | 96 | 20 | 90 | 22 | 57 | 24 | 44 | 91 | 46 |
-----------------------------------------------------------------Schedule complete
Client 44 trained
Client 44 uploaded
Client 57 trained
Client 57 uploaded
Client 24 trained
Client 24 uploaded
Client 46 trained
Client 46 uploaded
Client 20 trained
Client 20 uploaded
Client 68 trained
Client 68 uploaded
Client 22 trained
Client 22 uploaded
Client 90 trained
Client 90 uploaded
Client 91 trained
Client 91 uploaded
Client 96 trained
Client 96 uploaded
Epoch(t): 397 accuracy: 65.01 loss 1.0316634106636047 run_time: 7657.401851654053
Current clients: 100 , select: 10
| current_epoch 398 |. Begin client select
SchedulerThread select( 10 clients):
15 | 85 | 30 | 48 | 76 | 44 | 71 | 29 | 84 | 11 |
-----------------------------------------------------------------Schedule complete
Client 44 trained
Client 44 uploaded
Client 84 trained
Client 84 uploaded
Client 71 trained
Client 71 uploaded
Client 48 trained
Client 48 uploaded
Client 85 trained
Client 85 uploaded
Client 76 trained
Client 76 uploaded
Client 15 trained
Client 15 uploaded
Client 11 trained
Client 11 uploaded
Client 29 trained
Client 29 uploaded
Client 30 trained
Client 30 uploaded
Epoch(t): 398 accuracy: 64.97 loss 1.046337266564369 run_time: 7680.5384747982025
Current clients: 100 , select: 10
| current_epoch 399 |. Begin client select
SchedulerThread select( 10 clients):
60 | 67 | 22 | 28 | 95 | 97 | 77 | 41 | 36 | 35 |
-----------------------------------------------------------------Schedule complete
Client 28 trained
Client 28 uploaded
Client 41 trained
Client 41 uploaded
Client 60 trained
Client 60 uploaded
Client 67 trained
Client 67 uploaded
Client 35 trained
Client 35 uploaded
Client 95 trained
Client 95 uploaded
Client 97 trained
Client 97 uploaded
Client 36 trained
Client 36 uploaded
Client 22 trained
Client 22 uploaded
Client 77 trained
Client 77 uploaded
Epoch(t): 399 accuracy: 64.06 loss 1.055401367545128 run_time: 7699.125060796738
Current clients: 100 , select: 10
| current_epoch 400 |. Begin client select
SchedulerThread select( 10 clients):
58 | 32 | 95 | 16 | 40 | 19 | 87 | 8 | 9 | 1 |
-----------------------------------------------------------------Schedule complete
Client 1 trained
Client 1 uploaded
Client 58 trained
