epoch,selected_clients,accuracy,loss,run_time,sim_round_time,epoch_cum_time
1,"[9, 39, 55, 31, 57, 37, 32, 71, 12, 95]",20.92,2.2854592776298523,2.678280830383301,11.09,11.09
2,"[63, 23, 59, 66, 16, 91, 8, 46, 93, 21]",25.04,2.2467745876312257,4.149918079376221,9.03,20.119999999999997
3,"[52, 93, 90, 58, 81, 64, 3, 67, 14, 49]",25.62,2.1857916069030763,5.440482139587402,11.38,31.5
4,"[17, 47, 3, 1, 90, 26, 89, 59, 78, 85]",28.32,2.0422877848148344,6.719195365905762,11.13,42.63
5,"[40, 77, 61, 39, 25, 37, 8, 96, 41, 85]",25.16,1.8401937901973724,7.939045667648315,11.29,53.92
6,"[45, 51, 9, 39, 11, 34, 2, 78, 15, 44]",35.49,1.6845430409908295,9.407668828964232,11.71,65.63
7,"[60, 77, 53, 7, 83, 50, 71, 90, 12, 94]",51.15,1.3317743861675262,10.693025588989258,11.09,76.72
8,"[77, 54, 40, 61, 47, 46, 92, 27, 23, 0]",53.78,1.2404028749465943,12.105302333831789,11.29,88.00999999999999
9,"[40, 39, 1, 36, 60, 41, 74, 95, 58, 43]",57.81,1.154860183596611,13.381455421447754,11.19,99.19999999999999
10,"[4, 77, 66, 80, 22, 94, 36, 42, 13, 43]",55.21,1.1290144777297977,14.756747722625732,11.18,110.38
11,"[7, 99, 46, 14, 2, 50, 3, 21, 19, 70]",50.92,1.1377746111154556,16.297864198684692,10.1,120.47999999999999
12,"[86, 84, 89, 23, 98, 93, 12, 68, 54, 71]",65.42,1.0650974524021148,17.77936291694641,11.09,131.57
13,"[12, 38, 89, 49, 72, 76, 29, 8, 94, 99]",59.97,1.0336289077997207,19.2786602973938,10.78,142.35
14,"[7, 63, 99, 85, 11, 22, 71, 61, 47, 27]",64.68,0.9461618810892104,20.57352113723755,11.29,153.64
15,"[77, 12, 33, 55, 90, 27, 34, 53, 10, 44]",68.74,0.8941345769166946,21.848795413970947,8.59,162.23
16,"[96, 21, 51, 86, 27, 92, 18, 72, 31, 9]",67.79,0.8877375465631485,23.43960309028625,10.78,173.01
17,"[99, 1, 15, 75, 50, 96, 70, 79, 20, 34]",66.99,0.8782379615306855,24.71498203277588,10.63,183.64
18,"[95, 66, 71, 48, 53, 96, 29, 88, 99, 13]",65.59,0.8900647342205048,26.072670459747314,12.1,195.73999999999998
19,"[40, 43, 39, 88, 38, 35, 2, 90, 10, 51]",66.97,0.9034638237953186,27.383198499679565,10.93,206.67
20,"[92, 62, 66, 46, 70, 82, 12, 25, 26, 85]",68.72,0.8952452027797699,28.785913944244385,11.13,217.79999999999998
21,"[99, 52, 70, 34, 46, 98, 77, 31, 68, 51]",61.92,0.9038712245225906,30.029590845108032,10.11,227.90999999999997
22,"[27, 87, 96, 9, 55, 15, 38, 90, 37, 92]",70.66,0.8141362923383713,31.653433084487915,8.96,236.86999999999998
23,"[97, 28, 24, 71, 20, 68, 41, 84, 90, 21]",69.96,0.8206737035512924,32.9134087562561,11.34,248.20999999999998
24,"[96, 35, 18, 45, 38, 8, 48, 97, 81, 56]",67.94,0.8562968057394028,34.356385231018066,12.1,260.31
25,"[40, 69, 90, 49, 86, 66, 57, 73, 94, 72]",69.46,0.8240850615501404,35.74117994308472,10.93,271.24
26,"[53, 95, 11, 68, 5, 28, 67, 64, 74, 57]",68.0,0.82111068546772,37.04043292999268,11.38,282.62
27,"[73, 4, 82, 94, 17, 23, 51, 40, 34, 32]",68.79,0.8255934149026871,38.42300987243652,10.93,293.55
28,"[86, 25, 54, 50, 10, 61, 96, 40, 34, 37]",69.85,0.798294466137886,39.69504237174988,11.29,304.84000000000003
29,"[10, 6, 13, 68, 4, 78, 40, 97, 63, 66]",69.94,0.7682430160045624,40.85848379135132,10.93,315.77000000000004
30,"[25, 97, 91, 2, 38, 1, 73, 71, 79, 67]",69.29,0.8072759485244752,42.157150745391846,11.09,326.86
31,"[41, 83, 35, 68, 23, 43, 81, 50, 18, 26]",71.6,0.7637863075733184,43.43910050392151,11.19,338.05
32,"[39, 43, 64, 71, 96, 52, 95, 19, 83, 76]",71.1,0.7506610673666,44.798014640808105,11.38,349.43
33,"[64, 5, 80, 99, 88, 82, 31, 4, 47, 93]",70.9,0.7679505228996277,45.95193862915039,11.38,360.81
34,"[25, 74, 24, 17, 3, 85, 32, 47, 72, 26]",72.74,0.7226546761393547,47.4339964389801,11.13,371.94
35,"[30, 46, 62, 0, 67, 44, 75, 19, 10, 81]",71.41,0.7350374692678452,48.70162987709045,9.94,381.88
36,"[79, 55, 15, 36, 68, 29, 39, 81, 56, 41]",72.68,0.7446389585733414,50.02071237564087,11.19,393.07
37,"[78, 25, 0, 26, 21, 66, 88, 97, 53, 19]",71.75,0.7290075093507766,51.32910132408142,11.13,404.2
38,"[34, 68, 62, 31, 12, 83, 58, 21, 86, 6]",73.21,0.7076732230186462,52.596776247024536,8.19,412.39
39,"[2, 40, 59, 76, 3, 12, 69, 49, 51, 15]",71.6,0.7566098576784134,54.17145872116089,10.93,423.32
40,"[40, 1, 67, 86, 37, 12, 20, 0, 23, 51]",73.42,0.7193786484003067,55.56413054466248,10.93,434.25
41,"[88, 32, 5, 39, 97, 96, 15, 79, 17, 59]",72.01,0.7240111494064331,56.91659069061279,10.63,444.88
42,"[11, 86, 56, 62, 98, 49, 40, 63, 14, 16]",73.69,0.7011489379405975,58.159528970718384,11.1,455.98
43,"[7, 62, 18, 73, 59, 3, 52, 48, 90, 91]",70.36,0.7392214357852935,59.41242837905884,12.1,468.08000000000004
44,"[99, 72, 45, 77, 76, 93, 4, 65, 53, 74]",72.43,0.7388348710536957,60.77610039710999,11.71,479.79
45,"[27, 46, 2, 50, 75, 58, 70, 31, 18, 24]",70.34,0.7542152202129364,62.2538046836853,8.94,488.73
46,"[87, 33, 22, 37, 32, 65, 40, 72, 78, 52]",74.78,0.6891452321410179,63.660346031188965,10.93,499.66
47,"[17, 83, 94, 91, 0, 40, 50, 35, 80, 63]",73.08,0.7060137790441513,64.87887144088745,10.93,510.59000000000003
48,"[84, 60, 20, 32, 58, 27, 59, 10, 22, 97]",73.77,0.6827276384830475,66.2815170288086,8.65,519.24
49,"[75, 87, 45, 71, 78, 11, 22, 40, 21, 49]",74.19,0.6845166712999344,67.62127709388733,11.71,530.95
50,"[83, 35, 73, 71, 1, 49, 84, 10, 36, 87]",70.31,0.7241869735717773,68.82567501068115,11.09,542.0400000000001
51,"[16, 60, 39, 42, 49, 70, 3, 10, 22, 53]",71.92,0.6955531024932862,70.0499815940857,11.18,553.22
52,"[76, 69, 61, 74, 84, 1, 55, 77, 48, 42]",74.14,0.689800215959549,71.40714001655579,12.1,565.32
53,"[47, 5, 97, 32, 80, 31, 76, 12, 35, 92]",74.21,0.7357961845397949,72.76425790786743,10.86,576.1800000000001
54,"[51, 48, 54, 30, 50, 86, 67, 66, 14, 11]",72.44,0.7034559881687165,74.06843447685242,12.1,588.2800000000001
55,"[68, 7, 50, 10, 94, 87, 28, 88, 37, 6]",73.42,0.7160588610172272,75.33110451698303,11.34,599.6200000000001
56,"[49, 67, 94, 33, 79, 24, 87, 34, 80, 27]",74.21,0.6897158771753311,76.62387776374817,10.63,610.2500000000001
57,"[30, 21, 63, 47, 67, 49, 66, 8, 46, 10]",72.56,0.6915753963589668,77.84084057807922,10.86,621.1100000000001
58,"[4, 7, 88, 40, 68, 36, 84, 20, 62, 31]",73.4,0.6845022857189178,79.05285620689392,10.93,632.0400000000001
59,"[81, 66, 16, 6, 17, 91, 49, 25, 70, 40]",73.48,0.6924683505296707,80.24131369590759,10.93,642.97
60,"[77, 8, 41, 84, 81, 1, 37, 59, 28, 78]",71.85,0.7111280065774918,81.5164942741394,11.34,654.3100000000001
61,"[92, 69, 45, 75, 56, 48, 97, 52, 37, 17]",73.31,0.7072376996278763,83.0635437965393,12.1,666.4100000000001
62,"[35, 67, 77, 32, 6, 39, 72, 58, 85, 70]",75.51,0.6745743018388748,84.4353358745575,10.78,677.19
63,"[7, 21, 81, 48, 91, 98, 90, 13, 14, 52]",72.57,0.6910289087891579,85.83963632583618,12.1,689.2900000000001
64,"[52, 24, 86, 47, 40, 48, 23, 37, 20, 99]",73.3,0.6931203716993332,87.3035888671875,12.1,701.3900000000001
65,"[0, 47, 93, 11, 19, 45, 59, 33, 56, 41]",74.38,0.6660278117656708,88.68043637275696,11.71,713.1000000000001
66,"[36, 38, 64, 99, 88, 83, 82, 91, 30, 39]",71.01,0.7887675988674164,89.80692625045776,11.38,724.4800000000001
67,"[45, 73, 70, 78, 41, 90, 23, 2, 86, 85]",72.51,0.7069491684436798,91.19588088989258,11.71,736.1900000000002
68,"[96, 99, 14, 32, 66, 55, 81, 8, 87, 84]",74.63,0.66330879509449,92.50791549682616,9.03,745.2200000000001
69,"[64, 16, 46, 95, 60, 47, 59, 88, 39, 66]",74.23,0.6692995208501816,93.74753546714784,11.38,756.6000000000001
70,"[36, 23, 11, 88, 14, 89, 53, 54, 6, 94]",76.32,0.6520344948768616,95.06377458572388,8.7,765.3000000000002
71,"[40, 37, 84, 28, 4, 98, 13, 11, 75, 66]",74.65,0.6568989926576614,96.3351936340332,11.34,776.6400000000002
72,"[88, 60, 28, 87, 20, 42, 43, 63, 32, 36]",74.16,0.6612055245041847,97.5383141040802,11.34,787.9800000000002
73,"[13, 35, 27, 63, 92, 4, 80, 10, 28, 69]",75.12,0.6581109535694122,98.89897537231444,11.34,799.3200000000003
74,"[82, 99, 86, 94, 54, 90, 84, 42, 19, 71]",74.51,0.6632955929636956,100.10406064987184,11.18,810.5000000000002
75,"[76, 81, 71, 15, 12, 92, 73, 26, 59, 47]",75.42,0.6719533908367157,101.44043779373168,11.13,821.6300000000002
76,"[21, 26, 71, 42, 0, 51, 82, 18, 63, 13]",76.07,0.6322572606801987,102.71060514450072,11.18,832.8100000000002
77,"[91, 99, 95, 11, 44, 82, 5, 55, 67, 46]",74.12,0.6565607497096062,103.86963725090028,8.6,841.4100000000002
78,"[16, 87, 60, 95, 15, 82, 58, 32, 85, 51]",75.82,0.6572157591581345,105.15008425712584,8.65,850.0600000000002
79,"[11, 4, 69, 81, 36, 37, 60, 79, 21, 99]",74.8,0.6561919608712197,106.4045569896698,10.63,860.6900000000002
80,"[36, 83, 57, 52, 72, 50, 33, 17, 95, 28]",76.15,0.6305306965112686,107.64698576927184,11.34,872.0300000000002
81,"[10, 65, 31, 54, 82, 89, 90, 40, 59, 98]",75.34,0.6597491040825844,108.87425518035889,10.93,882.9600000000002
82,"[42, 97, 57, 70, 32, 8, 94, 9, 25, 93]",76.96,0.6268127101659775,110.10775208473206,11.18,894.1400000000001
83,"[85, 95, 53, 39, 97, 30, 37, 81, 54, 51]",73.56,0.6688687357306481,111.41630125045776,9.18,903.32
84,"[12, 76, 32, 44, 50, 29, 85, 99, 75, 31]",73.76,0.7134828025102615,112.78760075569151,8.83,912.1500000000001
85,"[42, 54, 43, 25, 88, 90, 77, 87, 94, 65]",76.5,0.6279929205775261,114.03509759902954,11.18,923.33
86,"[37, 71, 6, 45, 98, 91, 74, 82, 57, 36]",75.82,0.6260096994042397,115.23270606994627,11.71,935.0400000000001
87,"[87, 73, 56, 99, 46, 60, 88, 37, 84, 79]",74.71,0.6607640662789345,116.44464063644408,11.1,946.1400000000001
88,"[78, 49, 7, 67, 50, 41, 63, 12, 5, 35]",76.43,0.6215160283446312,117.6227195262909,11.19,957.3300000000002
89,"[26, 39, 63, 17, 22, 49, 18, 71, 19, 36]",76.6,0.6181408023834228,118.82593154907228,11.13,968.4600000000002
90,"[79, 42, 22, 94, 11, 18, 61, 63, 19, 49]",76.19,0.6308726581931114,120.10001230239868,11.29,979.7500000000001
91,"[46, 34, 80, 30, 86, 15, 82, 11, 49, 8]",73.84,0.6816747266054154,121.40251302719116,10.58,990.3300000000002
92,"[11, 95, 85, 50, 45, 70, 55, 72, 24, 25]",75.33,0.6272181725502014,122.7983615398407,11.71,1002.0400000000002
93,"[15, 30, 88, 61, 92, 90, 18, 69, 8, 62]",75.14,0.678083713054657,124.07759594917296,11.29,1013.3300000000002
94,"[25, 10, 86, 17, 88, 19, 41, 87, 80, 11]",75.41,0.6246972277760505,125.42411303520204,11.19,1024.5200000000002
95,"[52, 22, 78, 34, 59, 90, 65, 75, 10, 39]",78.09,0.6011914259195328,126.80578660964966,10.11,1034.63
96,"[26, 17, 24, 60, 53, 35, 4, 13, 82, 59]",74.69,0.6444079124927521,128.19518494606018,11.13,1045.7600000000002
97,"[75, 29, 43, 14, 62, 1, 25, 53, 93, 63]",77.61,0.5995727801322936,129.37420201301575,8.7,1054.4600000000003
98,"[9, 52, 88, 6, 73, 79, 44, 76, 56, 66]",77.23,0.6112583503127098,130.73836708068848,11.1,1065.5600000000002
99,"[36, 24, 42, 66, 28, 61, 62, 99, 8, 30]",73.85,0.6422582799196244,132.01715636253357,11.34,1076.9
100,"[8, 24, 71, 81, 37, 88, 97, 73, 90, 56]",75.31,0.627697120308876,133.34171676635742,11.1,1088.0
101,"[33, 22, 49, 2, 51, 97, 17, 10, 80, 26]",75.57,0.6280172792077064,134.62964749336243,11.13,1099.13
102,"[64, 22, 81, 9, 96, 46, 51, 83, 7, 30]",75.16,0.6292370772361755,136.05090928077698,11.38,1110.5100000000002
103,"[97, 49, 11, 66, 5, 13, 94, 12, 88, 83]",75.98,0.6318064984679223,137.3752100467682,10.58,1121.0900000000001
104,"[50, 70, 72, 5, 60, 61, 76, 35, 73, 55]",77.65,0.6042654746770859,138.82440757751465,11.29,1132.38
105,"[44, 24, 45, 29, 13, 60, 65, 76, 38, 64]",78.0,0.5894597151875496,140.0115144252777,11.71,1144.0900000000001
106,"[3, 41, 6, 68, 19, 76, 26, 30, 64, 98]",77.01,0.6029515406489372,141.33842158317566,11.38,1155.4700000000003
107,"[82, 68, 28, 17, 11, 67, 1, 38, 71, 60]",78.37,0.5821374326944351,142.5029799938202,11.34,1166.8100000000002
108,"[75, 11, 97, 99, 40, 44, 3, 59, 6, 90]",78.28,0.5794355911016464,143.6913857460022,10.93,1177.7400000000002
109,"[84, 4, 20, 61, 98, 46, 89, 45, 55, 73]",74.94,0.6383086124062538,145.00924682617188,11.71,1189.4500000000003
110,"[31, 35, 93, 10, 3, 68, 28, 49, 63, 75]",75.41,0.6129348877072335,146.2487633228302,11.34,1200.7900000000002
111,"[22, 7, 75, 85, 96, 10, 79, 74, 91, 37]",77.53,0.5917010772228241,147.54525327682495,10.63,1211.4200000000003
112,"[76, 50, 21, 20, 64, 38, 79, 18, 19, 13]",79.14,0.5691634476184845,148.82643699645996,11.38,1222.8000000000004
113,"[88, 66, 29, 47, 25, 67, 23, 37, 87, 89]",76.08,0.6042508441209793,150.23395490646362,10.86,1233.6600000000003
114,"[47, 10, 15, 92, 54, 24, 8, 4, 32, 99]",77.67,0.5792503899335861,151.64614725112915,10.86,1244.5200000000002
115,"[70, 28, 38, 26, 51, 67, 95, 91, 54, 43]",78.94,0.5675363531708717,152.71513485908508,11.34,1255.8600000000001
116,"[17, 23, 64, 1, 67, 44, 13, 41, 36, 8]",76.88,0.6271537312865257,153.8625030517578,11.38,1267.2400000000002
117,"[79, 36, 23, 63, 55, 59, 9, 34, 93, 92]",75.74,0.6120429772138596,155.18482422828674,10.63,1277.8700000000003
118,"[15, 61, 9, 78, 79, 97, 51, 70, 94, 29]",77.89,0.6031355974078179,156.44320249557495,11.29,1289.1600000000003
119,"[9, 6, 46, 77, 5, 12, 91, 96, 90, 58]",78.72,0.5750188085436821,157.80003356933594,8.72,1297.8800000000003
120,"[44, 20, 93, 33, 26, 4, 5, 77, 57, 25]",76.48,0.5950049760937691,159.08929800987244,11.13,1309.0100000000004
121,"[88, 30, 82, 38, 98, 61, 51, 60, 70, 24]",75.04,0.6156858292222023,160.4148097038269,11.29,1320.3000000000004
122,"[12, 92, 29, 33, 88, 82, 16, 95, 72, 70]",77.29,0.6078771048784256,161.83947825431824,10.78,1331.0800000000004
123,"[87, 39, 47, 85, 5, 21, 32, 18, 71, 69]",77.62,0.5824098828434944,163.4975974559784,11.09,1342.1700000000003
124,"[3, 86, 61, 71, 90, 17, 7, 5, 87, 9]",76.65,0.5867469888925553,164.7736418247223,11.29,1353.4600000000003
125,"[74, 16, 8, 63, 28, 52, 48, 51, 67, 2]",75.31,0.6238318711519242,166.07740998268127,12.1,1365.5600000000002
126,"[88, 76, 42, 83, 64, 85, 82, 44, 3, 16]",79.16,0.564537119269371,167.30992889404297,11.38,1376.9400000000003
127,"[39, 33, 84, 61, 0, 24, 72, 45, 25, 47]",76.04,0.602373772263527,168.61254811286926,11.71,1388.6500000000003
128,"[3, 91, 40, 72, 28, 63, 5, 62, 90, 45]",78.54,0.570302565395832,169.8568046092987,11.71,1400.3600000000004
129,"[5, 49, 94, 89, 16, 67, 50, 56, 36, 18]",77.12,0.6062378126382828,171.1094217300415,11.1,1411.4600000000003
130,"[69, 49, 81, 12, 36, 70, 57, 50, 80, 79]",78.22,0.5663462588191033,172.41068148612976,10.63,1422.0900000000004
131,"[5, 33, 52, 73, 43, 51, 35, 70, 98, 65]",77.25,0.5808873692154884,173.77101755142212,10.55,1432.6400000000003
132,"[26, 35, 38, 25, 37, 83, 16, 1, 67, 60]",78.7,0.563125102519989,175.08731269836426,11.13,1443.7700000000004
133,"[51, 57, 66, 92, 94, 12, 39, 13, 30, 16]",78.5,0.5732173466682434,176.36688828468323,9.18,1452.9500000000005
134,"[38, 77, 11, 25, 9, 39, 65, 93, 13, 96]",76.95,0.5771118515729904,177.64156031608582,8.72,1461.6700000000005
135,"[89, 63, 75, 7, 38, 93, 31, 73, 19, 62]",80.01,0.542707996070385,178.86367654800415,10.55,1472.2200000000005
136,"[71, 25, 39, 75, 44, 34, 0, 37, 76, 6]",77.23,0.5724681815505028,180.1772487163544,11.09,1483.3100000000004
137,"[66, 21, 67, 26, 11, 95, 69, 73, 98, 32]",80.07,0.5393535646796227,181.50834012031555,11.13,1494.4400000000005
138,"[82, 73, 93, 78, 28, 11, 15, 20, 75, 86]",78.52,0.5602036607265473,182.68209099769592,11.34,1505.7800000000004
139,"[28, 81, 61, 79, 35, 97, 33, 20, 98, 22]",77.9,0.5716871148347855,183.8027102947235,11.34,1517.1200000000003
140,"[45, 98, 90, 51, 53, 49, 18, 88, 36, 2]",73.54,0.70302785217762,185.0277395248413,11.71,1528.8300000000004
141,"[35, 18, 75, 49, 2, 25, 21, 63, 71, 77]",74.25,0.6132729044556617,186.3841288089752,11.09,1539.9200000000003
142,"[54, 86, 38, 93, 55, 79, 77, 4, 88, 10]",79.54,0.5520197623968124,187.5231521129608,10.63,1550.5500000000004
143,"[61, 66, 71, 93, 76, 43, 98, 80, 85, 62]",78.86,0.588922346830368,188.6122782230377,11.29,1561.8400000000004
144,"[88, 84, 74, 21, 20, 16, 63, 51, 36, 23]",79.81,0.5353211840987205,189.9114229679108,7.7,1569.5400000000004
145,"[20, 10, 49, 90, 9, 85, 64, 82, 42, 7]",80.49,0.5307697314023971,191.01742339134216,11.38,1580.9200000000005
146,"[96, 42, 86, 79, 32, 73, 66, 64, 9, 6]",77.94,0.5703323930501938,192.21576237678528,11.38,1592.3000000000006
147,"[71, 78, 62, 15, 74, 53, 59, 37, 55, 47]",80.15,0.5333636024594307,193.73242163658145,11.09,1603.3900000000006
148,"[28, 17, 0, 35, 91, 52, 42, 73, 1, 43]",78.03,0.5531811413168907,194.9841046333313,11.34,1614.7300000000005
149,"[67, 72, 21, 37, 3, 38, 20, 23, 49, 98]",80.56,0.5194595059752465,196.3744249343872,10.78,1625.5100000000004
150,"[35, 40, 21, 44, 23, 70, 74, 94, 79, 76]",78.67,0.5538032257556915,197.8335967063904,10.93,1636.4400000000005
151,"[23, 46, 57, 61, 44, 40, 65, 20, 47, 8]",79.15,0.5644763773679733,199.19299697875977,11.29,1647.7300000000005
152,"[9, 10, 85, 79, 6, 42, 11, 59, 22, 61]",80.64,0.5273363903164864,200.5091500282288,11.29,1659.0200000000004
153,"[8, 30, 45, 78, 16, 20, 52, 1, 50, 72]",77.72,0.5693485006690026,201.81959795951843,11.71,1670.7300000000005
154,"[31, 28, 57, 12, 56, 8, 70, 94, 69, 83]",78.45,0.5832268613576889,203.22391986846924,11.34,1682.0700000000004
155,"[84, 82, 68, 65, 79, 4, 18, 15, 64, 53]",80.48,0.5266127288341522,204.49381923675537,11.38,1693.4500000000005
156,"[24, 84, 95, 25, 78, 52, 90, 58, 29, 89]",79.27,0.5399760383367539,205.77935981750488,10.11,1703.5600000000004
157,"[41, 8, 17, 21, 66, 35, 51, 52, 30, 77]",77.76,0.5602514952421188,207.0819697380066,11.19,1714.7500000000005
158,"[95, 33, 13, 8, 39, 81, 58, 91, 89, 11]",77.72,0.5723597806692123,208.12990927696228,8.45,1723.2000000000005
159,"[91, 45, 39, 46, 89, 19, 10, 23, 11, 63]",78.75,0.544302804172039,209.30317854881287,11.71,1734.9100000000005
160,"[6, 87, 89, 77, 2, 13, 27, 44, 53, 61]",74.7,0.614037851691246,210.5959630012512,11.29,1746.2000000000005
161,"[33, 66, 75, 70, 90, 84, 13, 83, 97, 89]",79.35,0.5358538615703583,211.7285673618317,9.03,1755.2300000000005
162,"[31, 61, 43, 90, 37, 36, 11, 33, 72, 67]",80.69,0.5153132152557373,213.02019691467285,11.29,1766.5200000000004
163,"[88, 6, 57, 75, 41, 26, 91, 49, 95, 71]",79.8,0.5249045506119728,214.23427319526672,11.19,1777.7100000000005
164,"[78, 40, 91, 89, 38, 32, 69, 19, 56, 85]",79.43,0.5412877276539803,215.61274600028992,11.1,1788.8100000000004
165,"[50, 99, 48, 95, 42, 58, 73, 65, 15, 69]",80.24,0.5212802693247796,216.92106819152832,12.1,1800.9100000000003
166,"[17, 60, 18, 61, 38, 71, 53, 0, 6, 23]",80.69,0.5236037078499794,218.196483373642,11.29,1812.2000000000003
167,"[35, 8, 36, 88, 30, 57, 13, 12, 51, 65]",80.03,0.5290933367609978,219.3548243045807,9.18,1821.3800000000003
168,"[0, 16, 30, 10, 2, 59, 32, 96, 70, 99]",78.25,0.5489373132586479,220.7252840995789,9.23,1830.6100000000004
169,"[89, 0, 54, 50, 36, 30, 6, 21, 68, 94]",79.11,0.5429557710886002,221.9919228553772,9.23,1839.8400000000004
170,"[3, 66, 7, 86, 72, 49, 43, 39, 45, 80]",80.13,0.5191178128123284,223.18190479278564,11.71,1851.5500000000004
171,"[14, 78, 79, 46, 92, 26, 49, 20, 18, 44]",79.78,0.5325247621536255,224.45355606079104,11.13,1862.6800000000005
172,"[97, 3, 88, 49, 78, 62, 29, 67, 7, 83]",81.46,0.5075225052237511,225.64287853240967,10.58,1873.2600000000004
173,"[83, 13, 61, 89, 3, 17, 38, 31, 23, 46]",80.05,0.5420131793618203,226.9264109134674,11.29,1884.5500000000004
174,"[50, 85, 48, 92, 21, 89, 70, 10, 79, 81]",80.88,0.5127481517195701,228.28146052360532,12.1,1896.6500000000003
175,"[66, 31, 97, 82, 60, 98, 47, 58, 59, 29]",81.21,0.5181684142351151,229.6097841262817,10.86,1907.5100000000002
176,"[10, 67, 56, 39, 2, 77, 80, 1, 57, 37]",78.02,0.5604742133617401,231.03011679649356,11.1,1918.6100000000001
177,"[20, 90, 1, 94, 64, 34, 41, 74, 2, 52]",75.51,0.6375057896971703,232.32709169387817,11.38,1929.9900000000002
178,"[5, 80, 55, 16, 45, 98, 2, 25, 72, 77]",73.82,0.6219414901733399,233.6828036308289,11.71,1941.7000000000003
179,"[76, 62, 98, 5, 0, 64, 79, 90, 86, 99]",81.92,0.4917907685041428,234.83692169189453,11.38,1953.0800000000004
180,"[27, 40, 72, 85, 49, 68, 53, 48, 92, 66]",80.35,0.519047908782959,236.28532338142395,12.1,1965.1800000000003
181,"[72, 52, 35, 18, 46, 59, 30, 38, 36, 32]",80.34,0.5133462241292,237.73353362083435,10.78,1975.9600000000003
182,"[36, 27, 69, 28, 54, 51, 90, 52, 31, 55]",80.49,0.5188193553686142,238.97304701805115,11.34,1987.3000000000002
183,"[89, 93, 71, 51, 12, 73, 30, 39, 66, 18]",80.94,0.5034103709459304,240.1500818729401,11.09,1998.39
184,"[82, 69, 88, 62, 61, 67, 77, 22, 75, 34]",80.8,0.5045505833625793,241.4681589603424,11.29,2009.68
185,"[96, 15, 81, 72, 66, 21, 79, 49, 62, 37]",81.09,0.5007066988945007,242.91591262817383,10.78,2020.46
186,"[51, 5, 93, 42, 37, 89, 48, 86, 85, 65]",82.5,0.483273418545723,244.21179628372192,12.1,2032.56
187,"[41, 3, 5, 28, 61, 59, 45, 93, 66, 54]",81.01,0.505474379658699,245.34805488586423,11.71,2044.27
188,"[74, 60, 30, 47, 86, 52, 18, 49, 85, 82]",79.02,0.5425491070747376,246.5857594013214,10.86,2055.13
189,"[76, 48, 82, 68, 14, 10, 45, 63, 22, 1]",80.86,0.5024386361241341,247.899955034256,12.1,2067.23
190,"[54, 65, 86, 69, 55, 80, 75, 39, 76, 52]",80.61,0.5154766401648522,249.2116756439209,10.11,2077.34
191,"[2, 21, 69, 36, 18, 78, 25, 1, 48, 83]",80.46,0.513447770178318,250.6720051765442,12.1,2089.44
192,"[81, 6, 89, 20, 52, 72, 24, 58, 84, 88]",79.34,0.5296153923869134,252.0017511844635,10.78,2100.2200000000003
193,"[79, 71, 98, 0, 74, 8, 10, 89, 4, 34]",81.1,0.4974342572689056,253.2601249217987,11.09,2111.3100000000004
194,"[52, 71, 29, 24, 34, 62, 67, 38, 94, 66]",81.95,0.5002077552676201,254.54926228523252,11.09,2122.4000000000005
195,"[41, 14, 84, 78, 7, 31, 27, 99, 32, 61]",81.36,0.4985904574394226,255.76908922195437,11.29,2133.6900000000005
196,"[34, 8, 99, 11, 20, 25, 91, 52, 88, 62]",78.83,0.5246906742453575,257.0539712905884,10.11,2143.8000000000006
197,"[78, 72, 45, 65, 29, 92, 34, 14, 15, 97]",79.84,0.5345111382007599,258.404420375824,11.71,2155.5100000000007
198,"[36, 16, 75, 23, 94, 22, 96, 64, 80, 6]",80.95,0.501829828619957,259.72132754325867,11.38,2166.890000000001
199,"[96, 65, 20, 34, 79, 47, 4, 74, 16, 45]",82.47,0.481648228764534,261.0063624382019,11.71,2178.600000000001
200,"[56, 94, 81, 45, 43, 66, 61, 93, 84, 59]",78.8,0.5570641630887985,262.1880190372467,11.71,2190.310000000001
201,"[22, 66, 91, 40, 95, 46, 8, 97, 6, 12]",81.11,0.4930382266640663,263.2658619880676,10.93,2201.2400000000007
202,"[2, 82, 25, 64, 95, 0, 45, 28, 6, 50]",75.34,0.6152796024084091,264.49858021736145,11.71,2212.9500000000007
203,"[83, 21, 80, 18, 99, 35, 76, 1, 59, 86]",81.15,0.4938084626197815,265.7619798183441,10.04,2222.9900000000007
204,"[76, 71, 21, 32, 75, 30, 84, 23, 79, 68]",81.17,0.498347729742527,267.25486159324646,11.09,2234.080000000001
205,"[80, 17, 87, 84, 70, 66, 59, 64, 78, 14]",82.3,0.4789573618769646,268.442595243454,11.38,2245.460000000001
206,"[65, 66, 48, 41, 22, 28, 32, 16, 77, 84]",81.95,0.4929213055968284,269.7234613895416,12.1,2257.560000000001
207,"[48, 18, 5, 6, 80, 97, 43, 67, 30, 54]",81.98,0.485711085498333,271.0248110294342,12.1,2269.6600000000008
208,"[26, 68, 58, 18, 74, 77, 47, 43, 63, 11]",82.09,0.4839120653271675,272.3328549861908,11.13,2280.790000000001
209,"[51, 3, 40, 83, 45, 43, 70, 85, 63, 53]",81.34,0.4931617301702499,273.54515051841736,11.71,2292.500000000001
210,"[14, 96, 51, 15, 72, 11, 58, 74, 18, 80]",80.83,0.504062052667141,275.05574083328247,10.78,2303.280000000001
211,"[56, 21, 34, 99, 24, 82, 60, 3, 55, 71]",81.33,0.4887665903568268,276.44047141075134,11.1,2314.380000000001
212,"[75, 42, 52, 39, 65, 68, 30, 54, 60, 80]",82.75,0.4732232630252838,277.81416749954224,11.18,2325.560000000001
213,"[18, 83, 48, 20, 50, 23, 13, 77, 94, 39]",82.41,0.4818895536661148,279.1480243206024,12.1,2337.6600000000008
214,"[30, 11, 43, 9, 66, 45, 42, 99, 80, 56]",82.23,0.4795901793241501,280.3562157154083,11.71,2349.370000000001
215,"[63, 57, 76, 10, 14, 94, 73, 92, 29, 13]",82.7,0.4697090935707092,281.51477003097534,10.55,2359.920000000001
216,"[55, 14, 17, 59, 74, 83, 32, 20, 41, 62]",82.98,0.4671417638659477,282.8203330039978,11.19,2371.110000000001
217,"[90, 84, 77, 18, 56, 66, 10, 93, 91, 29]",81.74,0.4903528812527656,284.1338839530945,11.1,2382.210000000001
218,"[39, 48, 44, 5, 15, 9, 72, 43, 89, 82]",82.97,0.4699292713403701,285.5423357486725,12.1,2394.310000000001
219,"[24, 98, 70, 9, 17, 57, 19, 89, 96, 79]",80.85,0.4943289548158646,286.9169371128082,10.63,2404.940000000001
220,"[11, 15, 14, 34, 20, 81, 39, 52, 45, 9]",80.06,0.5181028792262077,288.2472586631775,11.71,2416.650000000001
221,"[67, 3, 70, 17, 50, 71, 1, 12, 64, 51]",81.65,0.477288958132267,289.45460414886475,11.38,2428.030000000001
222,"[45, 73, 8, 52, 6, 96, 99, 66, 19, 3]",80.25,0.5014298796653748,290.7322404384613,11.71,2439.740000000001
223,"[81, 29, 59, 49, 56, 64, 8, 17, 79, 58]",82.03,0.4886361888051033,291.9941272735596,11.38,2451.1200000000013
224,"[84, 74, 35, 71, 39, 99, 80, 54, 33, 52]",81.49,0.4890438982844353,293.15215039253235,11.09,2462.2100000000014
225,"[2, 77, 63, 82, 9, 4, 16, 5, 87, 36]",76.98,0.5463279324769974,294.46026945114136,8.59,2470.8000000000015
226,"[12, 3, 45, 14, 2, 81, 26, 40, 67, 20]",82.27,0.4743515783548355,295.95368218421936,11.71,2482.5100000000016
227,"[5, 8, 20, 29, 74, 92, 41, 34, 7, 71]",81.18,0.4948131281137466,297.4642822742462,11.19,2493.7000000000016
228,"[95, 59, 53, 60, 86, 34, 36, 83, 74, 72]",82.81,0.4677713397145271,298.74371361732483,10.78,2504.480000000002
229,"[98, 35, 52, 82, 56, 61, 39, 86, 27, 32]",82.94,0.4672889751195908,300.0578827857971,11.29,2515.770000000002
230,"[0, 61, 84, 62, 29, 90, 56, 99, 55, 32]",84.07,0.4516500502824783,301.3163948059082,11.29,2527.0600000000018
231,"[37, 9, 52, 40, 91, 77, 6, 2, 79, 32]",78.07,0.5439521881937981,302.71480202674866,10.93,2537.9900000000016
232,"[55, 85, 60, 87, 13, 62, 17, 83, 41, 28]",83.71,0.4560343053936958,303.88706135749817,11.34,2549.3300000000017
233,"[64, 9, 47, 48, 62, 26, 82, 66, 38, 17]",83.58,0.4511898705363273,305.0855667591095,12.1,2561.4300000000017
234,"[6, 84, 38, 90, 9, 51, 89, 71, 36, 78]",82.06,0.4760127049684524,306.28521156311035,11.09,2572.520000000002
235,"[63, 91, 93, 45, 80, 97, 78, 30, 68, 40]",81.77,0.4855304995179176,307.4574584960937,11.71,2584.230000000002
236,"[43, 49, 88, 42, 30, 28, 25, 90, 63, 23]",83.52,0.4560310330986976,308.74442505836487,11.34,2595.570000000002
237,"[28, 95, 42, 81, 87, 3, 70, 6, 94, 77]",82.04,0.4695150095224381,309.9449214935303,11.34,2606.910000000002
238,"[3, 51, 26, 75, 6, 8, 80, 61, 55, 1]",83.87,0.4475475060939788,311.1224641799927,11.29,2618.200000000002
239,"[53, 48, 95, 7, 4, 12, 63, 31, 32, 70]",83.08,0.4680426090955734,312.39343786239624,12.1,2630.300000000002
240,"[81, 37, 18, 66, 41, 7, 13, 44, 35, 51]",80.45,0.4931320378184318,313.5945703983307,11.19,2641.490000000002
241,"[93, 69, 66, 88, 94, 78, 10, 31, 21, 82]",82.36,0.4736390301585197,314.89019989967346,9.03,2650.5200000000023
242,"[95, 86, 61, 79, 8, 62, 99, 51, 54, 11]",82.75,0.4606865465641022,316.10552310943604,11.29,2661.810000000002
243,"[72, 21, 92, 85, 20, 29, 69, 7, 93, 94]",80.65,0.5138895083963871,317.58934593200684,10.78,2672.5900000000024
244,"[76, 56, 42, 20, 96, 11, 23, 19, 97, 47]",83.34,0.4519280874729156,319.15815353393555,11.18,2683.7700000000023
245,"[41, 40, 76, 54, 37, 2, 59, 67, 39, 38]",83.46,0.4563299909234047,320.53242588043213,11.19,2694.9600000000023
246,"[23, 48, 59, 91, 4, 15, 79, 99, 60, 43]",82.97,0.4742831525206565,321.8958306312561,12.1,2707.060000000002
247,"[86, 37, 13, 62, 59, 89, 22, 21, 70, 18]",83.47,0.4536101752519607,323.18243956565857,8.94,2716.0000000000023
248,"[21, 41, 9, 4, 24, 92, 90, 95, 27, 43]",83.73,0.4511948242783546,324.6848864555359,11.19,2727.1900000000023
249,"[52, 31, 88, 22, 95, 91, 16, 93, 10, 38]",82.9,0.4661626127362251,325.8782277107239,10.11,2737.3000000000025
250,"[32, 45, 98, 16, 49, 18, 34, 1, 63, 95]",82.12,0.4659102803468704,327.05858397483826,11.71,2749.0100000000025
251,"[88, 66, 30, 70, 10, 64, 61, 27, 90, 21]",80.88,0.4863808676600456,328.3941187858581,11.38,2760.3900000000026
252,"[96, 49, 25, 48, 33, 46, 13, 39, 80, 45]",81.31,0.4830912041664124,329.6726942062378,12.1,2772.4900000000025
253,"[18, 68, 80, 92, 55, 96, 90, 38, 31, 2]",83.16,0.4577149876952171,331.1943039894104,10.04,2782.5300000000025
254,"[70, 71, 34, 57, 90, 61, 37, 17, 26, 31]",81.73,0.4754695203900337,332.4911186695099,11.29,2793.8200000000024
255,"[74, 41, 2, 39, 52, 15, 58, 33, 7, 8]",79.59,0.5413905689120293,333.87758803367615,11.19,2805.0100000000025
256,"[59, 40, 74, 13, 42, 2, 16, 79, 0, 71]",83.18,0.4577747440338134,335.1573166847229,11.18,2816.1900000000023
257,"[22, 13, 97, 5, 82, 36, 58, 21, 40, 95]",83.47,0.4529519093036651,336.3580832481384,10.93,2827.120000000002
258,"[17, 45, 8, 92, 77, 85, 5, 67, 95, 53]",82.92,0.4645325529575348,337.56212997436523,11.71,2838.830000000002
259,"[25, 62, 93, 2, 31, 37, 65, 54, 18, 17]",83.03,0.4616986557841301,338.9092037677765,9.3,2848.1300000000024
260,"[85, 56, 69, 76, 93, 27, 21, 20, 51, 13]",83.3,0.455760680437088,340.31201338768005,11.1,2859.2300000000023
261,"[38, 88, 49, 42, 93, 53, 37, 66, 56, 3]",84.53,0.4374309945106506,341.5244355201721,11.18,2870.410000000002
262,"[42, 94, 97, 92, 74, 23, 2, 21, 98, 99]",82.62,0.4744586715102196,343.02322125434875,11.18,2881.590000000002
263,"[69, 25, 99, 89, 14, 23, 26, 42, 5, 59]",82.09,0.4701225987076759,344.4886734485626,11.18,2892.770000000002
264,"[70, 31, 27, 69, 87, 12, 23, 17, 48, 60]",81.9,0.4757497066259384,345.9585437774658,12.1,2904.8700000000017
265,"[44, 19, 49, 21, 96, 6, 31, 69, 93, 71]",83.96,0.4422057148814201,347.34634613990784,11.09,2915.960000000002
266,"[84, 96, 48, 99, 89, 23, 14, 5, 70, 92]",84.36,0.4338974606990814,348.7211241722107,12.1,2928.0600000000018
267,"[87, 51, 80, 46, 50, 39, 43, 66, 93, 24]",80.73,0.4930047765374183,349.8405439853668,10.04,2938.1000000000017
268,"[57, 3, 62, 6, 78, 30, 52, 51, 36, 96]",81.16,0.4876162019371986,351.2160215377808,10.11,2948.210000000002
269,"[55, 24, 33, 97, 52, 70, 54, 64, 90, 75]",83.17,0.464462861418724,352.4901521205902,11.38,2959.590000000002
270,"[85, 44, 59, 11, 21, 23, 69, 57, 65, 28]",82.75,0.4573223376274108,353.9324355125427,11.34,2970.930000000002
271,"[1, 46, 58, 62, 45, 70, 59, 65, 38, 84]",82.93,0.4532353520393372,355.22719860076904,11.71,2982.640000000002
272,"[91, 26, 85, 19, 36, 46, 38, 35, 84, 11]",82.19,0.4650600960850715,356.55819153785706,11.13,2993.7700000000023
273,"[35, 75, 73, 66, 77, 86, 1, 80, 24, 91]",81.65,0.4834945246577263,357.63644528388977,10.55,3004.3200000000024
274,"[65, 72, 84, 60, 7, 56, 2, 11, 37, 75]",81.22,0.4889873829483986,359.1115779876709,11.1,3015.4200000000023
275,"[69, 72, 18, 34, 74, 33, 95, 88, 58, 39]",82.57,0.465098874270916,360.510812997818,10.78,3026.2000000000025
276,"[86, 81, 73, 49, 40, 67, 52, 45, 71, 31]",83.35,0.4498981344699859,361.73325276374817,11.71,3037.9100000000026
277,"[45, 57, 37, 87, 99, 21, 24, 47, 12, 74]",84.53,0.4316640123724937,363.1911940574646,11.71,3049.6200000000026
278,"[80, 12, 95, 84, 68, 77, 74, 93, 24, 81]",84.04,0.4386804482340812,364.46236062049866,10.04,3059.6600000000026
279,"[43, 54, 68, 73, 76, 16, 84, 17, 18, 1]",84.25,0.4359929457306862,365.6858377456665,10.55,3070.2100000000028
280,"[37, 64, 26, 10, 55, 14, 49, 61, 9, 53]",83.35,0.4471289840340614,366.881044626236,11.38,3081.590000000003
281,"[71, 16, 45, 35, 82, 50, 96, 27, 90, 97]",82.71,0.460102621614933,368.1088888645172,11.71,3093.300000000003
282,"[67, 33, 57, 86, 22, 69, 43, 80, 34, 62]",82.96,0.4553269585967064,369.4029498100281,10.04,3103.340000000003
283,"[30, 24, 68, 42, 73, 29, 78, 47, 2, 67]",81.37,0.4907404339313507,370.7845363616944,11.18,3114.5200000000027
284,"[21, 75, 81, 3, 22, 92, 14, 47, 44, 2]",83.02,0.4578788098692894,372.2745599746704,10.86,3125.380000000003
285,"[66, 46, 8, 23, 96, 45, 95, 9, 13, 79]",84.6,0.4266541531682014,373.5559980869293,11.71,3137.090000000003
286,"[87, 64, 20, 2, 66, 97, 6, 95, 31, 11]",79.97,0.5120648330450058,374.8045361042023,11.38,3148.470000000003
287,"[35, 93, 46, 11, 8, 17, 12, 80, 81, 49]",84.8,0.4286574791371822,376.0662281513214,10.58,3159.050000000003
288,"[52, 77, 30, 34, 11, 45, 82, 26, 35, 49]",82.6,0.4545107051730156,377.3335990905762,11.71,3170.760000000003
289,"[57, 3, 14, 61, 73, 2, 79, 86, 91, 21]",81.13,0.4980783170461654,378.5918912887573,11.29,3182.050000000003
290,"[45, 56, 98, 32, 48, 13, 22, 0, 41, 24]",85.09,0.417406887114048,379.7822487354279,12.1,3194.150000000003
291,"[73, 67, 43, 29, 89, 0, 40, 81, 26, 82]",84.65,0.4249924603104591,381.0463674068451,11.13,3205.280000000003
292,"[97, 4, 44, 88, 35, 78, 77, 12, 3, 31]",84.06,0.4308547627925873,382.3073511123657,10.1,3215.380000000003
293,"[6, 12, 13, 23, 87, 55, 38, 2, 15, 85]",83.83,0.4386725434660911,383.69909477233887,7.72,3223.1000000000026
294,"[61, 47, 57, 93, 64, 71, 29, 8, 43, 42]",83.34,0.4532714951038361,384.7873377799988,11.38,3234.4800000000027
295,"[19, 27, 51, 95, 69, 65, 22, 24, 61, 36]",84.27,0.4312865903973579,386.20650601387024,11.29,3245.7700000000027
296,"[9, 80, 71, 2, 28, 10, 38, 49, 86, 3]",81.23,0.490343157351017,387.40916657447815,11.34,3257.110000000003
297,"[13, 47, 24, 76, 40, 65, 45, 31, 48, 20]",84.04,0.4385928443074226,388.7717974185944,12.1,3269.2100000000028
298,"[57, 65, 68, 70, 28, 37, 1, 35, 2, 93]",80.94,0.4913714417815208,390.1047184467316,11.34,3280.550000000003
299,"[23, 97, 92, 61, 73, 47, 9, 24, 17, 85]",83.9,0.4440600630640983,391.3729274272919,11.29,3291.840000000003
300,"[66, 86, 39, 14, 70, 94, 58, 26, 57, 37]",84.78,0.4222511947154999,392.6572341918945,11.13,3302.970000000003
301,"[4, 47, 41, 16, 80, 78, 99, 92, 93, 91]",84.42,0.4342434504628181,393.8500392436981,11.19,3314.160000000003
302,"[45, 80, 82, 43, 6, 14, 3, 42, 86, 63]",83.99,0.434403341114521,395.09503531456,11.71,3325.870000000003
303,"[62, 10, 34, 74, 63, 97, 44, 54, 12, 26]",82.98,0.4505706536769867,396.36353397369385,11.13,3337.000000000003
304,"[21, 45, 72, 18, 97, 24, 88, 20, 70, 16]",82.76,0.454124061614275,397.6159691810608,11.71,3348.710000000003
305,"[76, 85, 39, 79, 15, 38, 55, 5, 46, 12]",84.77,0.4211597454547882,398.91890954971313,10.63,3359.3400000000033
306,"[7, 0, 55, 31, 58, 84, 47, 30, 15, 17]",83.06,0.4504588285088539,400.29254055023193,10.86,3370.2000000000035
307,"[28, 87, 85, 13, 97, 50, 36, 1, 51, 5]",84.77,0.4215736027061939,401.4410161972046,11.34,3381.5400000000036
308,"[41, 25, 74, 78, 19, 46, 89, 27, 52, 31]",83.0,0.4632041937112808,402.6243968009949,11.19,3392.7300000000037
309,"[8, 63, 15, 11, 24, 94, 36, 84, 32, 20]",81.65,0.4661902001500129,403.9063923358917,8.65,3401.3800000000037
310,"[44, 25, 63, 93, 81, 28, 89, 75, 51, 33]",84.93,0.4138403721153736,404.9982120990753,11.34,3412.720000000004
311,"[69, 92, 97, 90, 59, 38, 98, 41, 79, 83]",84.17,0.4373180691897869,406.2451910972595,11.19,3423.910000000004
312,"[11, 17, 39, 58, 99, 18, 76, 3, 42, 65]",85.07,0.4153114542365074,407.5137846469879,11.18,3435.090000000004
313,"[76, 81, 10, 87, 48, 64, 69, 59, 65, 79]",84.03,0.4439695659279823,408.90681409835815,12.1,3447.1900000000037
314,"[82, 24, 54, 8, 91, 5, 20, 64, 31, 55]",84.62,0.425981867313385,410.1650214195252,11.38,3458.570000000004
315,"[13, 86, 21, 15, 55, 3, 90, 42, 20, 81]",84.68,0.4213811591267585,411.3803684711456,11.18,3469.7500000000036
316,"[13, 96, 48, 28, 46, 34, 55, 51, 82, 65]",84.12,0.4270585072040558,412.69549202919006,12.1,3481.8500000000035
317,"[82, 45, 48, 74, 55, 3, 75, 18, 59, 6]",84.75,0.4212952134013176,413.9794638156891,12.1,3493.9500000000035
318,"[73, 39, 49, 80, 45, 83, 37, 50, 88, 68]",81.18,0.4732516565918922,415.1568338871002,11.71,3505.6600000000035
319,"[75, 51, 93, 77, 86, 79, 46, 56, 14, 67]",84.13,0.4314584398269653,416.3773112297058,11.1,3516.7600000000034
320,"[97, 37, 3, 80, 43, 7, 33, 0, 91, 88]",84.98,0.4170367775857448,417.5749878883362,10.1,3526.8600000000033
321,"[36, 86, 62, 93, 94, 54, 24, 38, 50, 77]",84.32,0.4317885079979897,418.77146649360657,8.59,3535.4500000000035
322,"[17, 24, 7, 44, 99, 89, 56, 28, 52, 98]",85.19,0.4187817302346229,420.0824439525604,11.34,3546.7900000000036
323,"[41, 11, 35, 47, 77, 26, 75, 49, 48, 67]",84.62,0.4201854467391968,421.3981416225433,12.1,3558.8900000000035
324,"[21, 68, 75, 84, 58, 85, 26, 80, 38, 3]",85.12,0.4132710097730159,422.8176918029785,11.13,3570.0200000000036
325,"[52, 17, 37, 19, 80, 0, 82, 81, 61, 86]",85.06,0.4166092878580093,424.0998888015747,11.29,3581.3100000000036
326,"[32, 79, 65, 44, 38, 0, 54, 52, 94, 67]",84.74,0.4203306716680526,425.5203626155853,10.63,3591.9400000000037
327,"[79, 48, 1, 3, 26, 39, 90, 47, 62, 20]",84.13,0.4280571211874485,426.80657958984375,12.1,3604.0400000000036
328,"[75, 6, 28, 23, 12, 63, 8, 39, 29, 93]",82.01,0.4674569007754325,428.0911252498626,11.34,3615.3800000000037
329,"[99, 25, 45, 67, 46, 6, 95, 84, 75, 34]",84.28,0.4220366784930229,429.1860256195069,11.71,3627.090000000004
330,"[89, 81, 3, 86, 57, 22, 18, 63, 69, 12]",84.56,0.4186314225196838,430.5102300643921,10.1,3637.1900000000037
331,"[15, 66, 92, 14, 4, 6, 67, 40, 73, 63]",85.16,0.4105782359838485,432.0349531173706,10.93,3648.1200000000035
332,"[26, 30, 52, 82, 47, 36, 67, 43, 97, 91]",84.75,0.4174316538870334,433.2786667346954,11.13,3659.2500000000036
333,"[78, 82, 34, 27, 76, 14, 29, 48, 43, 31]",85.02,0.4149350926280021,434.5736622810364,12.1,3671.3500000000035
334,"[24, 63, 3, 44, 45, 18, 14, 9, 38, 51]",83.96,0.4299186488986015,435.8942890167236,11.71,3683.0600000000036
335,"[40, 80, 26, 58, 59, 32, 91, 60, 35, 29]",84.92,0.4162446737289428,437.1946511268616,11.13,3694.1900000000037
336,"[74, 78, 52, 27, 44, 96, 43, 84, 86, 23]",84.67,0.4235842943191528,438.5283901691437,10.11,3704.300000000004
337,"[9, 79, 63, 43, 61, 11, 49, 25, 28, 16]",84.0,0.429925921857357,439.70094633102417,11.34,3715.640000000004
338,"[56, 77, 89, 22, 82, 29, 79, 44, 68, 78]",84.07,0.4266773077845573,440.9496796131134,11.1,3726.740000000004
339,"[11, 69, 21, 30, 32, 43, 53, 90, 75, 20]",84.95,0.4146031373739242,442.2378234863281,9.18,3735.9200000000037
340,"[64, 86, 11, 29, 75, 69, 61, 5, 74, 37]",84.98,0.4152089051902294,443.4385399818421,11.38,3747.300000000004
341,"[40, 32, 9, 64, 44, 60, 33, 54, 91, 92]",83.83,0.4392523224651813,444.6638722419739,11.38,3758.680000000004
342,"[84, 24, 9, 78, 56, 1, 57, 50, 59, 20]",85.41,0.4066550856828689,445.9261384010315,11.1,3769.780000000004
343,"[59, 12, 93, 81, 28, 76, 87, 45, 79, 66]",84.12,0.4349404050409793,447.22331833839417,11.71,3781.490000000004
344,"[79, 21, 39, 2, 64, 98, 15, 68, 44, 90]",83.43,0.4446350386738777,448.5322368144989,11.38,3792.870000000004
345,"[29, 79, 0, 37, 83, 63, 65, 10, 35, 16]",82.29,0.4658101686835289,449.8056223392487,10.63,3803.500000000004
346,"[87, 45, 22, 29, 67, 49, 81, 50, 28, 55]",85.16,0.4131027367711067,450.9720373153687,11.71,3815.210000000004
347,"[50, 26, 79, 39, 4, 1, 82, 90, 8, 38]",85.53,0.4092844340205193,452.1595220565796,11.13,3826.3400000000042
348,"[67, 13, 83, 19, 93, 12, 71, 61, 40, 65]",84.11,0.4310951444506645,453.47780871391296,11.29,3837.630000000004
349,"[59, 75, 43, 82, 40, 33, 41, 26, 78, 56]",82.81,0.4520556670427322,454.74326968193054,11.19,3848.8200000000043
350,"[94, 5, 18, 83, 19, 76, 59, 64, 20, 35]",84.68,0.4177097889780998,456.00425243377686,11.38,3860.2000000000044
351,"[11, 74, 6, 33, 83, 81, 64, 10, 79, 19]",83.77,0.4402009373903274,457.2029826641083,11.38,3871.5800000000045
352,"[78, 96, 15, 30, 37, 5, 62, 93, 41, 63]",84.63,0.4124290317296982,458.5129249095917,11.19,3882.7700000000045
353,"[27, 13, 17, 44, 9, 40, 0, 53, 5, 75]",85.33,0.4078059215843677,459.8824396133423,10.93,3893.7000000000044
354,"[15, 6, 53, 62, 60, 35, 45, 92, 5, 47]",85.3,0.4084983985126018,461.36386227607727,11.71,3905.4100000000044
355,"[23, 44, 98, 80, 53, 29, 9, 94, 27, 12]",84.87,0.4179655683040619,462.65265107154846,10.04,3915.4500000000044
356,"[97, 10, 88, 87, 44, 79, 40, 81, 1, 15]",85.46,0.4081038299202919,463.7411513328552,10.93,3926.380000000004
357,"[68, 87, 2, 20, 76, 48, 93, 5, 60, 80]",84.55,0.422138464897871,465.0524797439575,12.1,3938.480000000004
358,"[60, 62, 32, 54, 3, 34, 7, 1, 75, 35]",84.35,0.4235189679265022,466.3119878768921,10.1,3948.580000000004
359,"[48, 67, 74, 4, 99, 24, 29, 46, 73, 38]",84.01,0.4246155923604965,467.6103982925415,12.1,3960.680000000004
360,"[70, 85, 83, 43, 64, 37, 3, 67, 48, 0]",85.55,0.4011409427225589,468.8692557811737,12.1,3972.780000000004
361,"[50, 82, 84, 24, 36, 16, 95, 83, 92, 2]",83.15,0.4466984429955482,470.1691617965698,8.96,3981.740000000004
362,"[25, 3, 62, 32, 77, 35, 10, 85, 19, 5]",84.62,0.4149827133119106,471.5523769855499,10.1,3991.840000000004
363,"[53, 63, 3, 48, 46, 96, 90, 97, 67, 18]",84.06,0.4267545741796493,472.8209674358368,12.1,4003.9400000000037
364,"[49, 26, 61, 7, 88, 75, 10, 23, 76, 67]",82.32,0.4698202240467071,474.0488951206207,11.29,4015.2300000000037
365,"[16, 1, 41, 6, 56, 21, 36, 80, 86, 28]",84.73,0.4125146919488907,475.218715429306,11.34,4026.570000000004
366,"[39, 0, 40, 35, 30, 60, 36, 41, 80, 47]",84.7,0.4178958570957183,476.404632806778,11.19,4037.760000000004
367,"[54, 37, 94, 76, 33, 87, 1, 74, 50, 92]",84.87,0.4108436703681946,477.6840438842773,8.96,4046.720000000004
368,"[21, 64, 19, 0, 73, 95, 49, 37, 92, 69]",85.41,0.4045754905045032,478.937965631485,11.38,4058.100000000004
369,"[62, 84, 95, 42, 78, 71, 28, 14, 90, 74]",84.95,0.4155101227760315,480.19242668151855,11.34,4069.440000000004
370,"[25, 86, 88, 75, 91, 67, 71, 66, 18, 60]",85.08,0.4081898984313011,481.3734383583069,11.09,4080.5300000000043
371,"[22, 26, 6, 50, 33, 88, 0, 99, 17, 94]",85.31,0.4008025398850441,482.6808063983917,11.13,4091.6600000000044
372,"[65, 0, 49, 57, 37, 34, 80, 90, 76, 33]",85.69,0.3999188244342804,483.95114302635193,10.58,4102.240000000004
373,"[44, 52, 6, 33, 0, 37, 60, 51, 70, 59]",84.39,0.416139744669199,485.1966111660004,10.11,4112.350000000004
374,"[50, 66, 95, 27, 58, 41, 94, 10, 93, 77]",84.53,0.4183375108242035,486.390204668045,11.19,4123.540000000004
375,"[28, 65, 53, 55, 1, 92, 64, 86, 17, 43]",84.81,0.4186123755574226,487.6033515930176,11.38,4134.920000000004
376,"[83, 90, 25, 85, 44, 49, 14, 13, 38, 96]",85.1,0.4024388943612575,488.9189229011536,10.58,4145.500000000004
377,"[21, 17, 58, 95, 1, 29, 9, 64, 16, 49]",85.64,0.4036619652807712,490.23217844963074,11.38,4156.880000000004
378,"[4, 5, 78, 20, 81, 41, 61, 42, 91, 67]",85.34,0.4077974846959114,491.4276542663574,11.29,4168.170000000004
379,"[24, 45, 48, 10, 93, 7, 23, 6, 25, 99]",85.9,0.3928310893476009,492.6954414844513,12.1,4180.270000000004
380,"[42, 74, 64, 2, 3, 86, 37, 85, 77, 20]",82.26,0.4645808967947959,493.90218710899353,11.38,4191.650000000004
381,"[83, 79, 43, 24, 3, 5, 70, 20, 53, 65]",85.15,0.4029923851788044,495.1418752670288,10.63,4202.280000000004
382,"[86, 50, 69, 39, 12, 96, 5, 53, 37, 7]",85.25,0.4062485352158546,496.4444880485535,8.72,4211.000000000005
383,"[71, 48, 21, 16, 43, 35, 0, 75, 89, 73]",85.64,0.4001034685969353,497.74073338508606,12.1,4223.100000000005
384,"[86, 16, 44, 91, 11, 13, 40, 60, 73, 89]",85.83,0.3939370508491993,498.826687335968,10.93,4234.030000000005
385,"[31, 76, 17, 14, 57, 84, 39, 1, 28, 37]",85.78,0.3981819793581962,499.92448806762695,11.34,4245.370000000005
386,"[8, 67, 6, 49, 63, 28, 0, 83, 55, 91]",84.77,0.4184941202402115,501.1056184768677,11.34,4256.7100000000055
387,"[9, 79, 47, 24, 86, 93, 83, 13, 14, 1]",85.71,0.3989251139760017,502.391990184784,10.86,4267.570000000005
388,"[31, 39, 41, 89, 99, 42, 97, 17, 19, 93]",85.87,0.3941509717702866,503.4892268180847,11.19,4278.760000000005
389,"[44, 12, 46, 22, 5, 29, 79, 16, 19, 52]",85.38,0.3981674891710281,504.75967288017273,10.63,4289.390000000005
390,"[30, 84, 28, 5, 31, 25, 18, 68, 15, 40]",84.56,0.4215047328174114,506.0207061767578,11.34,4300.730000000005
391,"[39, 72, 28, 61, 34, 91, 42, 51, 94, 10]",85.29,0.400252523869276,507.2197992801666,11.34,4312.070000000005
392,"[68, 90, 82, 66, 7, 39, 3, 77, 52, 29]",85.31,0.4018697333335876,508.35133481025696,10.11,4322.180000000005
393,"[34, 52, 18, 23, 5, 64, 91, 88, 35, 49]",85.83,0.3917173193395137,509.6177651882172,11.38,4333.560000000005
394,"[59, 92, 50, 78, 15, 74, 99, 95, 44, 39]",85.1,0.4005546101927757,511.0368752479553,8.96,4342.520000000005
395,"[9, 69, 5, 91, 48, 68, 73, 0, 63, 44]",85.58,0.395238771289587,512.3285162448883,12.1,4354.620000000005
396,"[5, 36, 27, 50, 83, 37, 58, 97, 46, 68]",84.7,0.4150502471625805,513.6299250125885,8.19,4362.810000000005
397,"[68, 96, 20, 90, 22, 57, 24, 44, 91, 46]",85.06,0.4149398688971996,514.9003827571869,8.72,4371.530000000005
398,"[15, 85, 30, 48, 76, 44, 71, 29, 84, 11]",85.25,0.4076073469221592,516.2863793373108,12.1,4383.630000000006
399,"[60, 67, 22, 28, 95, 97, 77, 41, 36, 35]",85.76,0.3934427447617054,517.347115278244,11.34,4394.970000000006
400,"[58, 32, 95, 16, 40, 19, 87, 8, 9, 1]",86.17,0.3813936707377434,518.6486480236053,10.93,4405.900000000006
401,"[4, 5, 82, 50, 52, 20, 7, 9, 53, 45]",85.57,0.3991901390254497,519.9458990097046,11.71,4417.610000000006
402,"[25, 34, 99, 2, 30, 49, 42, 87, 90, 71]",84.57,0.4172531118988991,521.2481722831726,11.18,4428.790000000006
403,"[50, 54, 32, 41, 27, 97, 30, 7, 2, 19]",81.69,0.4823809531331062,522.6177530288696,11.19,4439.980000000006
404,"[23, 78, 14, 12, 88, 56, 98, 35, 18, 3]",84.78,0.4094175599515438,524.0395176410675,11.1,4451.080000000006
405,"[43, 16, 24, 64, 26, 10, 61, 29, 5, 33]",85.46,0.3977145884931087,525.3470902442932,11.38,4462.460000000006
406,"[70, 16, 73, 4, 41, 36, 82, 34, 38, 97]",85.59,0.3964894293248653,526.3893876075745,11.19,4473.650000000006
407,"[26, 39, 90, 16, 59, 93, 19, 47, 23, 36]",85.89,0.3902238401770592,527.6398606300354,11.13,4484.780000000006
408,"[63, 28, 83, 88, 66, 90, 62, 94, 20, 5]",85.33,0.4023024939000607,528.8561210632324,11.34,4496.120000000006
409,"[48, 9, 62, 56, 59, 60, 98, 28, 81, 66]",86.05,0.3917782424390316,530.2311644554138,12.1,4508.220000000007
410,"[13, 4, 20, 58, 82, 85, 43, 72, 74, 37]",85.57,0.3935587587952613,531.612802028656,10.78,4519.000000000006
411,"[65, 24, 82, 64, 71, 51, 18, 17, 57, 36]",85.6,0.3982171861827373,532.989584684372,11.38,4530.3800000000065
412,"[77, 4, 29, 8, 94, 18, 66, 13, 55, 14]",86.26,0.3835654436051846,534.2588243484497,9.03,4539.410000000006
413,"[60, 0, 15, 83, 49, 66, 8, 47, 97, 67]",84.45,0.4234344896674156,535.5306594371796,10.86,4550.270000000006
414,"[73, 7, 45, 20, 32, 95, 44, 11, 14, 27]",84.07,0.4250575533509254,536.7248735427856,11.71,4561.980000000006
415,"[23, 18, 41, 46, 43, 27, 59, 32, 62, 48]",86.04,0.3850394403934479,537.9960668087006,12.1,4574.080000000006
416,"[56, 24, 73, 49, 82, 79, 67, 20, 66, 53]",85.53,0.3993976047635078,539.3112995624542,11.1,4585.180000000007
417,"[83, 73, 56, 4, 80, 94, 43, 2, 58, 47]",85.24,0.3996138761937618,540.7751581668854,11.1,4596.280000000007
418,"[40, 35, 27, 15, 24, 20, 81, 80, 30, 88]",84.81,0.4104379931092262,542.1695244312286,10.93,4607.210000000007
419,"[90, 73, 17, 23, 85, 95, 37, 7, 0, 53]",85.93,0.3894284811615944,543.4331550598145,10.55,4617.7600000000075
420,"[1, 21, 7, 68, 30, 14, 26, 81, 71, 6]",85.76,0.3901346954703331,544.7344930171967,11.13,4628.890000000008
421,"[52, 23, 87, 25, 21, 22, 77, 44, 43, 2]",85.72,0.3955819368362426,546.2292597293854,10.11,4639.000000000007
422,"[3, 70, 65, 60, 2, 53, 25, 97, 95, 66]",82.61,0.4550202886760235,547.5290715694427,10.1,4649.100000000008
423,"[15, 91, 89, 69, 47, 61, 23, 36, 73, 33]",85.14,0.4191058230400085,548.8422241210938,11.29,4660.390000000008
424,"[85, 55, 51, 69, 67, 23, 16, 88, 0, 18]",85.29,0.4084521481394768,550.2369344234467,9.23,4669.620000000007
425,"[77, 93, 72, 52, 30, 59, 56, 33, 0, 91]",85.11,0.4052976787090301,551.7213287353516,11.1,4680.7200000000075
426,"[91, 98, 33, 27, 8, 50, 67, 65, 70, 78]",85.07,0.4104708141088485,552.8908457756042,8.94,4689.660000000007
427,"[3, 59, 98, 75, 25, 13, 43, 89, 99, 30]",85.41,0.3976492358744144,554.1140539646149,10.1,4699.7600000000075
428,"[92, 54, 5, 70, 63, 47, 57, 51, 62, 18]",85.78,0.3873728939890861,555.4361441135406,10.86,4710.620000000007
429,"[83, 98, 63, 58, 68, 39, 21, 29, 5, 85]",85.84,0.3903735077381134,556.842298746109,8.32,4718.940000000007
430,"[0, 63, 87, 25, 14, 80, 6, 75, 84, 24]",85.38,0.3983515222370624,558.1325707435608,10.04,4728.980000000007
431,"[50, 5, 9, 77, 21, 59, 90, 91, 92, 97]",85.45,0.3965114265680313,559.534752368927,8.96,4737.940000000007
432,"[50, 71, 59, 48, 25, 11, 46, 41, 14, 55]",86.14,0.3881125299632549,560.7414202690125,12.1,4750.040000000007
433,"[27, 79, 60, 24, 29, 74, 22, 81, 83, 21]",86.36,0.3820520757138729,562.371660232544,10.63,4760.670000000007
434,"[41, 63, 43, 1, 85, 7, 45, 95, 83, 9]",85.32,0.397818319350481,563.5808069705963,11.71,4772.380000000007
435,"[38, 43, 64, 70, 68, 36, 44, 26, 96, 95]",86.09,0.382889803647995,564.80504322052,11.38,4783.7600000000075
436,"[34, 19, 11, 66, 5, 78, 92, 45, 83, 97]",86.01,0.3918589657545089,566.1702694892883,11.71,4795.4700000000075
437,"[30, 97, 91, 5, 33, 57, 8, 68, 70, 59]",84.39,0.4203927299380302,567.3494110107422,9.18,4804.650000000008
438,"[83, 8, 54, 0, 81, 97, 90, 16, 29, 25]",86.06,0.3865023030340671,568.4435756206512,9.23,4813.880000000007
439,"[4, 51, 79, 6, 78, 7, 52, 38, 60, 10]",85.97,0.3827376244962215,569.625937461853,10.63,4824.5100000000075
440,"[27, 67, 14, 84, 9, 79, 42, 88, 31, 50]",86.2,0.3885428443551063,570.8765678405762,11.18,4835.690000000008
441,"[26, 50, 7, 27, 28, 98, 94, 66, 73, 11]",84.73,0.4111312748491764,572.0667307376862,11.34,4847.030000000008
442,"[40, 5, 39, 98, 58, 81, 74, 80, 21, 4]",86.06,0.3854472474753856,573.4643833637238,10.93,4857.960000000008
443,"[23, 94, 69, 45, 80, 95, 34, 29, 86, 68]",84.75,0.417884746491909,574.7940323352814,11.71,4869.670000000008
444,"[13, 97, 69, 48, 73, 95, 85, 11, 61, 23]",86.45,0.3801226173341274,576.0422117710114,12.1,4881.770000000009
445,"[83, 77, 15, 52, 97, 64, 25, 70, 49, 79]",85.23,0.3996150581538677,577.2859690189362,11.38,4893.150000000009
446,"[34, 1, 96, 93, 30, 14, 65, 49, 47, 61]",85.89,0.3923276355862617,578.5531101226807,11.29,4904.440000000009
447,"[80, 51, 55, 47, 14, 26, 73, 29, 90, 88]",86.61,0.3741643263399601,579.8341147899628,11.13,4915.570000000009
448,"[54, 25, 95, 93, 73, 16, 87, 92, 1, 41]",85.54,0.3938923312723636,580.924699306488,11.19,4926.760000000008
449,"[64, 73, 23, 16, 42, 35, 32, 94, 9, 41]",86.36,0.3779233506321907,582.0726001262665,11.38,4938.1400000000085
450,"[94, 84, 99, 60, 97, 14, 11, 70, 67, 17]",85.76,0.3892109328508377,583.1940307617188,9.3,4947.440000000009
451,"[41, 70, 44, 79, 11, 63, 16, 66, 7, 60]",85.02,0.4090168637037277,584.2821984291077,11.19,4958.630000000008
452,"[90, 68, 11, 82, 26, 47, 62, 14, 80, 98]",86.25,0.3803683434426784,585.5331153869629,11.13,4969.760000000008
453,"[43, 70, 29, 14, 99, 45, 65, 88, 2, 20]",83.01,0.4486089289188385,586.8228573799133,11.71,4981.470000000008
454,"[82, 29, 34, 1, 30, 79, 60, 78, 80, 58]",85.96,0.3885340975224972,588.1911840438843,10.63,4992.100000000009
455,"[62, 4, 32, 43, 3, 12, 0, 42, 84, 78]",86.17,0.3841355542838573,589.4665849208832,11.18,5003.280000000009
456,"[2, 76, 50, 8, 98, 46, 9, 30, 37, 1]",83.89,0.4279596108198166,590.7641608715057,9.18,5012.460000000009
457,"[37, 19, 26, 96, 76, 20, 85, 75, 24, 80]",86.15,0.3824578158557415,592.1365900039673,11.13,5023.590000000009
458,"[73, 32, 49, 67, 4, 9, 88, 30, 51, 36]",84.89,0.4063094493746757,593.3261787891388,10.58,5034.170000000009
459,"[83, 40, 5, 98, 52, 18, 60, 93, 35, 14]",86.03,0.3847517900168896,594.6255016326904,10.93,5045.1000000000095
460,"[82, 63, 4, 11, 3, 38, 31, 94, 54, 53]",86.87,0.3698922269046306,595.9421663284302,10.1,5055.20000000001
461,"[17, 64, 48, 18, 98, 66, 37, 22, 87, 41]",86.1,0.3880497840046882,597.0259437561035,12.1,5067.30000000001
462,"[69, 78, 75, 47, 87, 56, 71, 10, 29, 26]",84.72,0.4195689576864242,598.4179127216339,11.13,5078.43000000001
463,"[13, 35, 28, 23, 69, 44, 6, 90, 3, 96]",85.52,0.3938390673696995,599.8022992610931,11.34,5089.77000000001
464,"[47, 46, 67, 16, 39, 53, 81, 25, 37, 63]",84.58,0.4146366131305694,600.976154088974,10.86,5100.63000000001
465,"[77, 97, 39, 95, 48, 36, 40, 13, 71, 0]",86.2,0.3910084909200668,602.1454753875732,12.1,5112.7300000000105
466,"[93, 86, 92, 80, 5, 58, 13, 34, 76, 64]",84.8,0.4140016204118729,603.4365327358246,11.38,5124.110000000011
467,"[53, 55, 76, 82, 62, 3, 13, 87, 2, 49]",85.14,0.4013434000313282,604.8360891342163,10.58,5134.6900000000105
468,"[89, 42, 69, 68, 54, 90, 45, 59, 35, 53]",85.82,0.387166977673769,606.1057386398315,11.71,5146.400000000011
469,"[31, 85, 33, 64, 65, 47, 91, 13, 29, 16]",85.6,0.390536452382803,607.3521084785461,11.38,5157.780000000011
470,"[85, 32, 82, 66, 3, 59, 48, 38, 74, 37]",86.69,0.3681097275018692,608.693131685257,12.1,5169.880000000011
471,"[78, 59, 0, 51, 90, 45, 84, 63, 3, 87]",85.02,0.4008663307130337,610.0181441307068,11.71,5181.590000000011
472,"[75, 5, 65, 61, 79, 23, 70, 93, 59, 57]",85.3,0.4022047035396099,611.4327404499054,11.29,5192.880000000011
473,"[95, 27, 10, 94, 38, 55, 42, 6, 25, 64]",85.16,0.4079295687377453,612.6176896095276,11.38,5204.260000000011
474,"[3, 50, 54, 71, 65, 86, 70, 5, 58, 38]",86.51,0.375706763267517,613.9162957668304,11.09,5215.350000000011
475,"[85, 61, 54, 93, 72, 4, 15, 51, 43, 69]",85.33,0.3992497102916241,615.3533973693848,11.29,5226.640000000011
476,"[88, 94, 31, 57, 6, 54, 80, 65, 73, 38]",85.7,0.3917919133603573,616.6475331783295,10.55,5237.190000000011
477,"[44, 43, 32, 37, 89, 97, 47, 94, 53, 61]",86.62,0.3723311439156532,617.9117064476013,11.29,5248.480000000011
478,"[68, 49, 45, 53, 26, 47, 3, 6, 16, 40]",86.77,0.3650609998404979,619.1482810974121,11.71,5260.190000000011
479,"[92, 34, 77, 17, 83, 47, 61, 1, 36, 39]",86.46,0.3786019532382488,620.3623275756836,11.29,5271.480000000011
480,"[15, 68, 46, 99, 53, 86, 79, 37, 97, 88]",85.68,0.3895461799204349,621.5199184417725,10.63,5282.1100000000115
481,"[48, 23, 80, 1, 22, 17, 36, 47, 93, 58]",85.46,0.4063889050483704,622.8069851398468,12.1,5294.210000000012
482,"[67, 57, 29, 66, 22, 12, 54, 96, 4, 10]",85.23,0.4021839249134064,624.1389992237091,9.03,5303.240000000012
483,"[64, 79, 59, 72, 15, 26, 69, 7, 91, 68]",86.27,0.3790932038426399,625.5037548542023,11.38,5314.620000000012
484,"[15, 28, 1, 71, 30, 60, 48, 7, 89, 96]",86.29,0.3789119274914265,626.7307012081146,12.1,5326.720000000012
485,"[58, 3, 99, 24, 15, 66, 70, 88, 60, 90]",85.53,0.3931817011535167,628.0059099197388,10.1,5336.820000000012
486,"[88, 49, 85, 75, 58, 6, 20, 17, 33, 2]",84.33,0.41560626283288,629.2645275592804,10.58,5347.400000000012
487,"[70, 44, 72, 39, 91, 28, 78, 74, 54, 61]",85.38,0.3985857744514942,630.4558322429657,11.34,5358.7400000000125
488,"[58, 9, 42, 63, 98, 68, 91, 1, 16, 37]",86.86,0.3681439572572708,631.6547541618347,11.18,5369.920000000013
489,"[19, 62, 78, 72, 7, 99, 16, 45, 77, 70]",85.73,0.3852460001409054,632.870255947113,11.71,5381.630000000013
490,"[38, 41, 56, 30, 47, 10, 96, 89, 72, 16]",86.14,0.380957583785057,634.1833312511444,11.19,5392.820000000012
491,"[78, 44, 5, 58, 17, 83, 57, 34, 90, 27]",86.45,0.3719656938314438,635.5704078674316,9.3,5402.120000000013
492,"[11, 79, 65, 33, 74, 48, 55, 86, 8, 64]",86.22,0.3841877101361751,636.7412815093994,12.1,5414.220000000013
493,"[76, 5, 23, 84, 61, 11, 92, 62, 50, 74]",86.62,0.3734291104972362,638.0940897464752,11.29,5425.510000000013
494,"[95, 18, 52, 23, 45, 49, 1, 78, 11, 62]",86.14,0.3885554850101471,639.3240246772766,11.71,5437.220000000013
495,"[20, 82, 1, 33, 91, 25, 88, 5, 84, 40]",84.89,0.4130970349907875,640.6338264942169,10.93,5448.150000000013
496,"[1, 46, 85, 89, 90, 47, 53, 67, 63, 59]",86.7,0.3679709470272064,641.8931095600128,10.86,5459.010000000013
497,"[31, 30, 22, 75, 85, 8, 15, 94, 33, 7]",83.79,0.4488729861378669,643.192754983902,9.18,5468.190000000013
498,"[45, 16, 87, 19, 22, 15, 3, 83, 23, 41]",85.33,0.4106749288737774,644.3672208786011,11.71,5479.900000000013
499,"[20, 66, 60, 54, 91, 81, 30, 3, 74, 95]",85.38,0.3977046984434128,645.5945794582367,10.1,5490.000000000014
500,"[26, 66, 11, 54, 33, 87, 10, 56, 49, 20]",85.85,0.3823788197338581,646.8764655590057,11.13,5501.130000000014
501,"[88, 83, 85, 96, 76, 70, 58, 27, 51, 36]",86.38,0.3779925498366356,648.2634699344635,8.94,5510.070000000013
502,"[95, 6, 45, 51, 75, 33, 35, 20, 76, 14]",85.93,0.392715951949358,649.4713759422302,11.71,5521.780000000013
503,"[0, 21, 76, 98, 33, 13, 52, 68, 20, 39]",86.79,0.3678114621341228,650.8178176879883,10.11,5531.890000000013
504,"[15, 6, 36, 63, 43, 12, 16, 53, 96, 47]",86.8,0.3702485351264477,652.0114622116089,10.86,5542.750000000013
505,"[55, 31, 8, 75, 5, 72, 18, 71, 68, 94]",84.88,0.4114840127527713,653.2798347473145,11.09,5553.840000000013
506,"[22, 67, 91, 73, 34, 30, 98, 62, 32, 31]",86.75,0.3658122599124908,654.5257477760315,10.55,5564.390000000013
507,"[82, 53, 99, 44, 20, 21, 70, 47, 63, 3]",86.59,0.371292175501585,655.8396949768066,10.86,5575.250000000013
508,"[31, 8, 75, 87, 19, 25, 63, 29, 3, 89]",86.71,0.371703072488308,657.0614829063416,10.1,5585.350000000013
509,"[86, 21, 25, 46, 54, 72, 1, 16, 18, 89]",86.16,0.3813245403766632,658.2611095905304,10.78,5596.130000000013
510,"[65, 7, 16, 78, 79, 9, 28, 58, 6, 27]",85.99,0.3816502514481544,659.4886350631714,11.34,5607.470000000013
511,"[70, 2, 96, 50, 73, 80, 61, 7, 83, 52]",82.95,0.449988312125206,660.8639786243439,11.29,5618.760000000013
512,"[71, 92, 2, 30, 91, 18, 10, 33, 94, 97]",84.76,0.4135984794795513,662.1780269145966,11.09,5629.850000000013
513,"[72, 76, 25, 71, 59, 31, 23, 88, 6, 50]",86.19,0.3785885861515999,663.5733363628387,11.09,5640.940000000013
514,"[31, 8, 84, 51, 83, 32, 95, 61, 43, 85]",86.18,0.3893085727095604,664.8596658706665,11.29,5652.230000000013
515,"[92, 11, 72, 96, 61, 25, 18, 66, 15, 78]",86.61,0.3711963441967964,666.2573001384735,11.29,5663.520000000013
516,"[61, 6, 5, 43, 55, 82, 10, 28, 44, 72]",86.39,0.3764656881988049,667.5373978614807,11.34,5674.860000000013
517,"[62, 34, 86, 89, 98, 36, 76, 91, 44, 60]",86.41,0.3765034349262714,668.7220487594604,8.83,5683.690000000013
518,"[95, 65, 72, 90, 59, 42, 19, 81, 38, 3]",86.19,0.3816630037128925,670.1138534545898,11.18,5694.8700000000135
519,"[56, 86, 67, 52, 51, 9, 22, 47, 41, 16]",86.74,0.3655516208708286,671.4139950275421,11.19,5706.060000000013
520,"[48, 7, 50, 28, 59, 78, 56, 33, 58, 99]",86.68,0.3715518917143345,672.7174870967865,12.1,5718.1600000000135
521,"[0, 24, 56, 95, 22, 36, 49, 34, 68, 13]",86.64,0.3695082990825176,673.9677066802979,11.1,5729.260000000014
522,"[78, 87, 62, 11, 8, 81, 19, 54, 88, 98]",86.8,0.3690484644472599,675.147759437561,9.94,5739.2000000000135
523,"[18, 8, 97, 47, 2, 16, 6, 86, 28, 94]",83.73,0.4412993927299976,676.2562386989594,11.34,5750.540000000014
524,"[76, 69, 49, 93, 13, 18, 80, 57, 58, 42]",86.3,0.3773939053714275,677.4893572330475,11.18,5761.720000000014
525,"[23, 25, 28, 17, 18, 63, 78, 34, 22, 52]",86.93,0.3653127147257328,678.7699708938599,11.34,5773.060000000014
526,"[68, 76, 79, 35, 99, 58, 6, 14, 84, 63]",86.14,0.3750450117886066,680.0361649990082,10.63,5783.690000000014
527,"[4, 62, 57, 65, 40, 50, 98, 70, 24, 6]",86.65,0.3719176343083382,681.3120398521423,10.93,5794.620000000014
528,"[25, 59, 68, 62, 60, 42, 91, 88, 56, 14]",86.76,0.3649790145456791,682.4811110496521,11.18,5805.800000000015
529,"[79, 92, 38, 66, 0, 86, 84, 46, 81, 30]",86.51,0.3758331017196178,683.6859393119812,10.63,5816.430000000015
530,"[53, 87, 97, 23, 81, 85, 63, 55, 66, 15]",86.02,0.3895939694344997,685.0941989421844,9.03,5825.460000000015
531,"[87, 66, 2, 19, 29, 93, 75, 81, 90, 98]",85.0,0.4009809744358062,686.5843529701233,9.94,5835.400000000014
532,"[19, 17, 14, 55, 81, 91, 64, 56, 61, 46]",86.87,0.3638976226747036,687.8486797809601,11.38,5846.780000000014
533,"[51, 1, 23, 20, 15, 14, 66, 89, 11, 54]",86.01,0.3879019975662231,689.1444149017334,9.03,5855.810000000014
534,"[60, 89, 66, 35, 18, 8, 3, 50, 20, 58]",86.62,0.3638768598437309,690.3243086338043,10.1,5865.910000000014
535,"[95, 55, 20, 99, 35, 15, 69, 26, 54, 23]",86.13,0.3766027878224849,691.6791362762451,11.13,5877.0400000000145
536,"[32, 57, 68, 20, 31, 71, 37, 77, 63, 22]",86.48,0.3751986299455165,692.9253926277161,11.09,5888.130000000015
537,"[28, 68, 45, 67, 57, 14, 54, 26, 1, 98]",86.56,0.3693893612921238,694.0880701541901,11.71,5899.840000000015
538,"[23, 43, 91, 76, 19, 9, 69, 21, 96, 55]",87.06,0.3609203381836414,695.6312820911407,9.94,5909.780000000014
539,"[88, 99, 78, 4, 29, 77, 46, 64, 36, 69]",86.75,0.3644309251010418,696.8016929626465,11.38,5921.160000000014
540,"[81, 43, 52, 95, 41, 67, 9, 13, 37, 47]",86.79,0.3609346605837345,698.1443417072296,11.19,5932.350000000014
541,"[59, 15, 92, 29, 97, 49, 75, 24, 94, 46]",86.84,0.3635674247145652,699.5011348724365,10.58,5942.930000000014
542,"[39, 52, 72, 91, 70, 68, 3, 83, 59, 62]",86.94,0.363464522510767,700.8030543327332,10.78,5953.710000000014
543,"[86, 24, 17, 82, 32, 76, 93, 14, 59, 67]",86.44,0.3764502719044685,702.0901517868042,9.3,5963.010000000014
544,"[38, 84, 47, 3, 43, 71, 87, 2, 56, 50]",85.97,0.3825398506224155,703.3559188842773,11.1,5974.110000000014
545,"[69, 48, 75, 89, 43, 19, 42, 66, 74, 67]",86.69,0.3688330453634262,704.5904660224915,12.1,5986.210000000015
546,"[94, 75, 67, 76, 98, 68, 50, 89, 99, 4]",86.72,0.3731977552175521,705.7850723266602,8.83,5995.0400000000145
547,"[82, 32, 98, 93, 91, 70, 30, 22, 69, 53]",86.13,0.3855774202942848,707.0723254680634,9.18,6004.220000000015
548,"[17, 70, 34, 92, 13, 5, 46, 32, 84, 31]",86.86,0.366507228910923,708.3573007583618,9.3,6013.520000000015
549,"[83, 78, 64, 9, 85, 21, 14, 88, 11, 79]",86.51,0.3705808198451996,709.7612297534943,11.38,6024.900000000015
550,"[54, 81, 89, 17, 10, 49, 5, 6, 75, 18]",86.61,0.3652549363672733,710.9170768260956,10.58,6035.480000000015
551,"[12, 42, 13, 9, 66, 21, 41, 97, 67, 88]",86.59,0.3651735737919807,712.1429469585419,11.19,6046.670000000015
552,"[77, 36, 66, 28, 67, 7, 98, 31, 85, 82]",86.47,0.3716811165213585,713.2361388206482,11.34,6058.010000000015
553,"[29, 49, 93, 19, 39, 26, 60, 48, 59, 25]",86.95,0.3615197426080703,714.514885187149,12.1,6070.110000000015
554,"[15, 36, 24, 3, 96, 34, 20, 55, 70, 95]",86.34,0.3768059070408344,715.7916986942291,10.1,6080.2100000000155
555,"[73, 43, 93, 57, 77, 8, 80, 46, 70, 51]",86.62,0.3694433622062206,716.9100987911224,10.55,6090.760000000016
556,"[93, 79, 49, 30, 19, 55, 7, 70, 72, 68]",85.99,0.3792033949494361,718.1849548816681,10.78,6101.540000000015
557,"[22, 17, 39, 93, 92, 73, 72, 70, 48, 77]",86.64,0.3651180046796798,719.4967882633209,12.1,6113.640000000016
558,"[5, 70, 96, 55, 90, 86, 21, 36, 4, 58]",86.74,0.3637847329676151,720.8536069393158,8.94,6122.580000000015
559,"[37, 53, 64, 4, 21, 59, 2, 17, 39, 92]",85.83,0.3782564990222454,722.3200426101685,11.38,6133.9600000000155
560,"[37, 94, 75, 67, 50, 95, 66, 34, 20, 47]",86.84,0.3600382190942764,723.4091854095459,10.86,6144.820000000015
561,"[15, 0, 85, 84, 2, 81, 82, 48, 10, 41]",85.46,0.3976344844698906,724.7303733825684,12.1,6156.9200000000155
562,"[57, 89, 91, 68, 98, 79, 19, 45, 50, 87]",87.23,0.3613389547169208,726.0014312267303,11.71,6168.630000000016
563,"[84, 40, 73, 35, 78, 65, 45, 10, 54, 81]",86.67,0.3655988815426826,727.209358215332,11.71,6180.340000000016
564,"[95, 50, 46, 72, 86, 10, 41, 51, 33, 93]",86.33,0.3771723034977913,728.2895874977112,11.19,6191.530000000015
565,"[44, 79, 3, 95, 73, 71, 66, 31, 72, 62]",86.86,0.3637564420700073,729.5704033374786,11.09,6202.620000000015
566,"[44, 74, 53, 32, 70, 13, 31, 4, 50, 52]",87.46,0.351217805892229,730.8593325614929,10.11,6212.730000000015
567,"[77, 7, 11, 1, 92, 66, 78, 4, 94, 21]",86.81,0.3645154637098312,732.1095912456512,9.03,6221.760000000015
568,"[40, 51, 56, 14, 57, 80, 8, 85, 11, 55]",87.06,0.3606204758584499,733.3739795684814,11.1,6232.860000000015
569,"[13, 43, 50, 30, 58, 91, 4, 34, 74, 22]",86.33,0.3782195749878883,734.5466771125793,9.18,6242.040000000015
570,"[41, 23, 16, 12, 67, 36, 92, 5, 99, 60]",86.05,0.3893657799065113,735.7912623882294,11.19,6253.230000000015
571,"[93, 94, 63, 54, 38, 74, 56, 98, 1, 86]",86.04,0.3801839171350002,737.0142321586609,11.1,6264.330000000015
572,"[81, 51, 77, 49, 38, 3, 63, 96, 73, 91]",83.99,0.4189990106225014,738.1746706962585,10.58,6274.910000000015
573,"[6, 43, 94, 52, 26, 91, 68, 82, 50, 65]",86.75,0.364643492102623,739.292729139328,11.13,6286.040000000015
574,"[26, 92, 39, 79, 75, 33, 68, 38, 90, 35]",86.44,0.3655976155400276,740.4780421257019,11.13,6297.1700000000155
575,"[15, 33, 21, 52, 46, 18, 40, 98, 45, 84]",86.21,0.375901295542717,741.8516936302185,11.71,6308.880000000016
576,"[60, 70, 72, 44, 35, 54, 18, 43, 32, 37]",86.61,0.3674619863927364,743.1364035606384,10.78,6319.660000000015
577,"[47, 6, 60, 48, 8, 39, 44, 93, 18, 37]",86.45,0.3672383187711239,744.3266317844391,12.1,6331.760000000016
578,"[87, 31, 22, 12, 71, 4, 5, 34, 32, 27]",86.54,0.3677747093141079,745.6881091594696,11.09,6342.850000000016
579,"[68, 47, 5, 97, 88, 35, 62, 3, 49, 54]",87.09,0.3574201045930386,746.8016860485077,10.86,6353.7100000000155
580,"[73, 29, 49, 22, 40, 64, 6, 61, 36, 84]",87.06,0.3556761680543422,747.8676526546478,11.38,6365.090000000016
581,"[91, 33, 3, 44, 18, 90, 56, 76, 39, 35]",87.39,0.3485157939791679,749.0456459522247,11.1,6376.190000000016
582,"[59, 92, 41, 95, 65, 19, 0, 40, 31, 66]",85.92,0.3851443764567375,750.3251190185547,11.19,6387.380000000016
583,"[60, 85, 36, 31, 3, 87, 4, 94, 2, 18]",86.44,0.368650601953268,751.567239522934,10.1,6397.480000000016
584,"[97, 25, 29, 88, 94, 7, 98, 76, 43, 52]",86.81,0.3629670864343643,752.7431409358978,10.11,6407.590000000016
585,"[84, 21, 48, 94, 36, 99, 64, 98, 96, 76]",87.48,0.3539090812206268,753.8555629253387,12.1,6419.690000000016
586,"[8, 49, 43, 2, 88, 22, 78, 33, 83, 67]",84.17,0.443222019970417,755.1576070785522,10.58,6430.270000000016
587,"[80, 85, 61, 54, 36, 11, 73, 77, 67, 12]",86.85,0.3576824022829533,756.2631523609161,11.29,6441.560000000016
588,"[81, 17, 32, 87, 69, 96, 28, 52, 95, 13]",87.31,0.3501288318634033,757.5472283363342,11.34,6452.900000000016
589,"[41, 8, 37, 95, 18, 76, 91, 50, 23, 72]",87.35,0.3497503590583801,758.7026078701019,11.19,6464.090000000016
590,"[60, 99, 23, 30, 69, 90, 28, 17, 37, 29]",86.9,0.360891058743,760.0027883052826,11.34,6475.430000000016
591,"[24, 31, 58, 34, 67, 36, 40, 50, 54, 83]",87.15,0.3548966112732887,761.2756531238556,10.93,6486.360000000016
592,"[30, 72, 78, 77, 73, 34, 48, 2, 24, 56]",84.83,0.3935022397339344,762.693258523941,12.1,6498.460000000016
593,"[33, 60, 58, 30, 83, 25, 14, 72, 86, 43]",85.56,0.3977973286807537,764.0111722946167,10.78,6509.240000000016
594,"[99, 70, 57, 33, 14, 45, 55, 9, 82, 48]",86.59,0.369821642935276,765.1879630088806,12.1,6521.3400000000165
595,"[55, 1, 35, 97, 52, 32, 72, 26, 95, 14]",87.12,0.3566576579213142,766.5449571609497,11.13,6532.470000000017
596,"[32, 64, 92, 2, 58, 47, 39, 55, 37, 54]",86.5,0.3660165092349052,767.9454598426819,11.38,6543.850000000017
597,"[26, 55, 65, 57, 93, 47, 10, 53, 76, 15]",87.04,0.3628919051587582,769.2999625205994,11.13,6554.980000000017
598,"[76, 93, 47, 41, 33, 90, 22, 77, 96, 62]",87.09,0.3571683850884437,770.5547709465027,11.19,6566.170000000016
599,"[81, 70, 51, 67, 55, 59, 82, 39, 0, 89]",86.6,0.3741098676621914,771.7610247135162,9.23,6575.400000000016
600,"[62, 69, 87, 2, 92, 16, 8, 15, 57, 76]",86.74,0.3712089657783508,773.1483073234558,8.96,6584.360000000016
601,"[47, 51, 60, 27, 46, 5, 59, 11, 53, 2]",84.03,0.4149983991682529,774.6092233657837,10.86,6595.220000000016
602,"[71, 90, 37, 95, 79, 39, 35, 18, 7, 52]",84.71,0.3967986838519573,775.8062896728516,11.09,6606.310000000016
603,"[31, 17, 95, 22, 55, 47, 74, 87, 25, 8]",87.36,0.3536216193437576,776.9999227523804,10.86,6617.1700000000155
604,"[62, 3, 55, 97, 54, 9, 33, 60, 77, 25]",87.32,0.3502828370034694,778.2737054824829,10.1,6627.270000000016
605,"[36, 23, 17, 79, 24, 48, 77, 96, 59, 34]",85.82,0.3859242886304855,779.76345038414,12.1,6639.370000000016
606,"[11, 69, 3, 37, 66, 45, 36, 16, 80, 82]",87.26,0.348794796615839,780.9190189838409,11.71,6651.080000000016
607,"[92, 25, 26, 9, 93, 49, 29, 30, 46, 80]",86.76,0.3634675130248069,782.1755673885345,11.13,6662.210000000016
608,"[46, 91, 73, 18, 14, 96, 79, 41, 84, 65]",86.23,0.369910469353199,783.4184448719025,11.19,6673.400000000016
609,"[59, 31, 17, 99, 37, 89, 38, 66, 70, 50]",87.12,0.3603359931707382,784.621114730835,9.3,6682.700000000016
610,"[96, 90, 6, 52, 32, 11, 53, 21, 16, 80]",85.97,0.3741439944505692,786.0375492572784,10.11,6692.810000000016
611,"[32, 69, 66, 22, 78, 10, 99, 43, 71, 30]",86.56,0.3673097051680088,787.32217669487,11.09,6703.900000000016
612,"[45, 34, 79, 6, 46, 33, 2, 38, 93, 80]",84.31,0.4180238968133926,788.5163650512695,11.71,6715.610000000016
613,"[66, 16, 65, 63, 41, 3, 29, 86, 45, 57]",87.34,0.3514834600687027,789.6806011199951,11.71,6727.320000000016
614,"[40, 22, 71, 68, 95, 9, 43, 83, 78, 59]",86.44,0.3701515157520771,790.8073971271515,11.09,6738.410000000016
615,"[9, 53, 2, 7, 78, 83, 72, 87, 96, 10]",83.98,0.4200855822861195,792.3014798164368,10.78,6749.190000000016
616,"[76, 38, 80, 28, 50, 35, 9, 78, 77, 14]",87.3,0.3542290237545967,793.4542829990387,11.34,6760.530000000016
617,"[28, 96, 14, 66, 50, 18, 52, 1, 64, 88]",86.94,0.3672701299190521,794.794912815094,11.38,6771.910000000016
618,"[8, 95, 53, 49, 72, 25, 67, 59, 75, 99]",86.73,0.3644868594408035,796.0878071784973,10.78,6782.690000000016
619,"[19, 9, 93, 41, 91, 45, 85, 44, 64, 24]",87.3,0.3492521890997886,797.4138126373291,11.71,6794.400000000016
620,"[32, 19, 96, 18, 33, 38, 43, 50, 49, 47]",87.36,0.3544606906175613,798.8063242435455,10.86,6805.260000000016
621,"[58, 45, 88, 21, 48, 76, 66, 94, 4, 28]",87.39,0.3542177002131939,800.1853475570679,12.1,6817.360000000016
622,"[97, 78, 62, 67, 44, 64, 12, 69, 20, 29]",86.36,0.3755244629085064,801.4458436965942,11.38,6828.740000000016
623,"[69, 87, 88, 53, 21, 62, 50, 11, 99, 12]",87.71,0.3419620664417743,802.8445217609406,8.45,6837.190000000016
624,"[89, 33, 62, 65, 6, 70, 45, 48, 12, 29]",87.68,0.3452905440330505,804.1543424129486,12.1,6849.290000000016
625,"[83, 51, 87, 8, 49, 24, 72, 14, 11, 16]",86.57,0.3624270260334015,805.5310575962067,10.78,6860.070000000016
626,"[6, 63, 36, 93, 66, 7, 11, 8, 71, 32]",86.82,0.3607500386238098,806.6577944755554,11.09,6871.160000000016
627,"[92, 33, 30, 17, 26, 56, 21, 86, 79, 13]",86.05,0.378815319687128,808.1073334217072,11.13,6882.290000000016
628,"[81, 68, 27, 29, 34, 48, 35, 39, 1, 56]",86.66,0.3610656036436557,809.3381824493408,12.1,6894.390000000017
629,"[95, 7, 72, 8, 10, 58, 14, 49, 21, 18]",86.4,0.3694065800309181,810.5963578224182,10.78,6905.170000000016
630,"[51, 93, 75, 25, 61, 9, 65, 15, 30, 5]",87.34,0.3543516884744167,811.8779242038727,11.29,6916.460000000016
631,"[51, 27, 47, 3, 70, 62, 65, 41, 8, 58]",87.26,0.3578257010877132,813.0742864608765,11.19,6927.650000000016
632,"[44, 23, 61, 3, 82, 75, 24, 17, 45, 33]",87.29,0.3571446776390076,814.6642646789551,11.71,6939.360000000016
633,"[77, 32, 88, 20, 97, 68, 44, 2, 81, 33]",85.36,0.3895390191674232,815.917366027832,8.65,6948.010000000016
634,"[88, 5, 39, 61, 42, 70, 30, 28, 66, 40]",87.09,0.3542328315973282,817.0787558555603,11.34,6959.350000000016
635,"[11, 67, 31, 51, 25, 61, 23, 58, 37, 7]",87.67,0.3469957937300205,818.3431718349457,11.29,6970.640000000016
636,"[45, 81, 17, 63, 91, 60, 92, 54, 36, 80]",87.39,0.3482190412282944,819.5413866043091,11.71,6982.350000000016
637,"[34, 71, 49, 15, 67, 72, 80, 75, 27, 25]",87.0,0.3594369259476662,820.8523101806641,11.09,6993.440000000016
638,"[30, 91, 67, 62, 24, 71, 45, 6, 72, 10]",86.32,0.3719848857820034,822.168288230896,11.71,7005.150000000016
639,"[52, 43, 75, 57, 49, 3, 71, 15, 98, 97]",86.18,0.3805552060902119,823.3737275600433,11.09,7016.240000000016
640,"[0, 88, 45, 51, 60, 14, 93, 72, 65, 76]",87.11,0.3606511689722538,824.6638123989105,11.71,7027.950000000016
641,"[17, 0, 31, 48, 8, 43, 68, 40, 47, 44]",86.49,0.3719605925679207,825.9188890457153,12.1,7040.050000000017
642,"[92, 11, 8, 13, 34, 74, 46, 7, 31, 32]",87.28,0.355859217941761,827.205810546875,8.96,7049.010000000017
643,"[48, 50, 16, 11, 95, 59, 74, 69, 80, 32]",87.42,0.3464914156496524,828.3812530040741,12.1,7061.110000000017
644,"[47, 62, 11, 74, 3, 31, 88, 54, 40, 87]",87.39,0.3524947454035282,829.6500782966614,10.93,7072.040000000017
645,"[63, 82, 84, 26, 42, 79, 27, 24, 5, 52]",86.73,0.3650371864438057,831.1401693820953,11.18,7083.2200000000175
646,"[85, 59, 27, 8, 68, 57, 19, 13, 40, 96]",87.15,0.3493817961215973,832.4721732139587,10.93,7094.150000000018
647,"[67, 16, 91, 4, 76, 7, 35, 85, 17, 45]",87.39,0.3495916645228862,833.699304819107,11.71,7105.860000000018
648,"[85, 52, 56, 3, 74, 41, 20, 39, 11, 5]",86.41,0.3733162611722946,834.9922490119934,11.19,7117.0500000000175
649,"[51, 2, 47, 63, 65, 57, 96, 3, 87, 4]",86.82,0.3593660527467727,836.5693440437317,10.86,7127.910000000017
650,"[89, 28, 61, 71, 90, 42, 17, 72, 14, 98]",87.87,0.342697102278471,837.856213092804,11.34,7139.250000000017
651,"[4, 88, 44, 57, 9, 5, 18, 34, 92, 28]",87.16,0.3526050354540348,839.2712182998657,11.34,7150.590000000017
652,"[58, 56, 18, 2, 68, 13, 89, 60, 9, 73]",85.33,0.3950066104531288,840.6715519428253,11.1,7161.690000000018
653,"[94, 43, 28, 1, 50, 0, 83, 63, 5, 74]",86.73,0.3668276773393154,841.9285411834717,11.34,7173.030000000018
654,"[2, 19, 56, 4, 71, 68, 46, 41, 49, 86]",86.57,0.3609298877418041,843.3465933799744,11.19,7184.2200000000175
655,"[26, 53, 84, 28, 89, 10, 2, 71, 30, 12]",86.49,0.3668957726657391,844.7592027187347,11.34,7195.560000000018
656,"[19, 40, 83, 81, 7, 0, 38, 62, 52, 10]",87.0,0.3659706524014472,846.1390171051025,10.93,7206.490000000018
657,"[73, 46, 39, 25, 19, 43, 55, 88, 1, 53]",85.83,0.3780243189632892,847.39306473732,10.55,7217.040000000018
658,"[69, 75, 30, 57, 71, 22, 19, 59, 65, 79]",87.3,0.3512177635729313,848.77778673172,11.09,7228.130000000018
659,"[75, 26, 52, 23, 25, 86, 47, 5, 91, 33]",87.14,0.3565648435056209,850.1442232131958,11.13,7239.260000000018
660,"[66, 62, 30, 86, 79, 61, 15, 47, 29, 55]",87.21,0.3528001144528389,851.4650857448578,11.29,7250.550000000018
661,"[62, 22, 52, 75, 20, 63, 32, 94, 93, 43]",87.88,0.3408791168034076,852.7727680206299,10.11,7260.660000000018
662,"[54, 51, 50, 64, 0, 10, 14, 45, 92, 39]",87.38,0.3490154327452183,854.0152730941772,11.71,7272.370000000018
663,"[14, 65, 56, 77, 80, 4, 88, 31, 76, 49]",87.43,0.349984959512949,855.2958557605743,11.1,7283.470000000018
664,"[0, 55, 51, 29, 11, 71, 6, 27, 33, 9]",87.09,0.3551493841409683,856.5777895450592,11.09,7294.560000000019
665,"[86, 1, 78, 57, 67, 83, 30, 19, 33, 90]",85.6,0.4017872007191181,857.8170065879822,9.94,7304.500000000018
666,"[49, 80, 38, 56, 6, 30, 18, 7, 68, 10]",86.74,0.3613174866139889,858.9909551143646,11.1,7315.600000000019
667,"[96, 70, 94, 37, 74, 69, 76, 99, 46, 57]",87.83,0.3444202324748039,860.4018225669861,8.94,7324.540000000018
668,"[20, 93, 18, 39, 44, 95, 58, 67, 10, 29]",87.37,0.3437708921730518,861.6574220657349,8.6,7333.1400000000185
669,"[53, 28, 48, 34, 35, 18, 6, 5, 83, 74]",87.23,0.348373966217041,862.9852228164673,12.1,7345.240000000019
670,"[50, 13, 95, 83, 86, 71, 84, 42, 6, 39]",86.75,0.3578648920357227,864.1942830085754,11.18,7356.420000000019
671,"[20, 61, 32, 10, 40, 72, 79, 28, 64, 33]",87.1,0.3536340656876564,865.4750242233276,11.38,7367.800000000019
672,"[46, 1, 63, 58, 97, 22, 23, 37, 81, 15]",87.74,0.3477018699049949,866.8489325046539,8.19,7375.990000000019
673,"[23, 0, 2, 42, 90, 89, 6, 91, 46, 12]",87.31,0.3546560998260974,868.265191078186,11.18,7387.170000000019
674,"[28, 44, 14, 89, 81, 88, 24, 79, 51, 43]",87.86,0.3397253961861133,869.4677228927612,11.34,7398.510000000019
675,"[88, 39, 61, 14, 69, 73, 48, 12, 57, 65]",87.24,0.3492109207808971,870.7678203582764,12.1,7410.61000000002
676,"[84, 5, 35, 9, 46, 25, 68, 89, 96, 76]",86.38,0.3642411479353905,872.173858165741,8.83,7419.44000000002
677,"[15, 40, 26, 20, 83, 35, 0, 80, 39, 30]",87.61,0.3506704847514629,873.4620313644409,11.13,7430.57000000002
678,"[93, 92, 55, 30, 22, 45, 90, 77, 56, 9]",86.94,0.3601697997748851,874.7882499694824,11.71,7442.28000000002
679,"[70, 54, 73, 42, 10, 49, 89, 3, 64, 9]",87.51,0.3466186819970607,875.9426794052124,11.38,7453.66000000002
680,"[5, 56, 90, 13, 91, 18, 43, 44, 98, 58]",86.71,0.3644010983407497,877.1685454845428,11.1,7464.76000000002
681,"[68, 22, 33, 62, 7, 90, 6, 17, 0, 89]",87.98,0.33842499807477,878.3580906391144,9.3,7474.06000000002
682,"[44, 30, 7, 36, 57, 90, 93, 27, 83, 71]",87.33,0.354760133177042,879.5287778377533,11.09,7485.150000000021
683,"[57, 58, 16, 31, 95, 86, 26, 44, 12, 48]",87.07,0.3552294765412807,880.8327703475952,12.1,7497.250000000021
684,"[69, 51, 15, 79, 33, 70, 13, 32, 49, 59]",87.45,0.3496459527313709,882.2100446224213,10.63,7507.880000000021
685,"[20, 40, 98, 74, 62, 31, 82, 84, 37, 73]",87.09,0.3558954544365406,883.5014817714691,10.93,7518.810000000021
686,"[63, 50, 62, 6, 30, 43, 75, 84, 91, 94]",86.68,0.3661386953294277,884.805492401123,9.18,7527.990000000022
687,"[60, 93, 55, 37, 63, 71, 1, 42, 66, 26]",87.03,0.3543584753572941,885.9919302463531,11.18,7539.170000000022
688,"[72, 15, 80, 40, 44, 30, 81, 34, 9, 76]",87.02,0.3619229996204376,887.4047362804413,10.93,7550.100000000022
689,"[19, 67, 78, 39, 99, 5, 50, 18, 35, 80]",86.96,0.3568129262328148,888.7091274261475,10.04,7560.140000000022
690,"[86, 0, 93, 21, 48, 47, 14, 74, 39, 64]",87.89,0.3424185176193714,889.8716106414795,12.1,7572.2400000000225
691,"[20, 59, 76, 82, 60, 94, 35, 11, 55, 87]",87.96,0.3406357760727405,891.1901152133942,8.83,7581.070000000022
692,"[68, 30, 86, 82, 66, 4, 91, 5, 63, 48]",86.48,0.368603123575449,892.4552738666534,12.1,7593.170000000023
693,"[67, 65, 64, 98, 76, 50, 7, 8, 48, 88]",87.44,0.3529619374871254,893.6000714302063,12.1,7605.270000000023
694,"[15, 98, 8, 52, 95, 93, 4, 44, 72, 39]",87.85,0.3435656130313873,894.8769795894623,10.78,7616.050000000023
695,"[16, 12, 70, 66, 62, 40, 58, 98, 3, 76]",87.1,0.3561672621965408,896.1442437171936,10.93,7626.980000000023
696,"[3, 81, 26, 4, 67, 25, 21, 68, 19, 61]",87.52,0.3459600992500782,897.5516655445099,11.29,7638.270000000023
697,"[66, 73, 84, 79, 97, 38, 15, 43, 98, 89]",87.09,0.3608831019699574,898.725026845932,10.63,7648.900000000023
698,"[33, 54, 60, 64, 83, 18, 70, 50, 85, 12]",86.78,0.3632612739503383,900.0244541168213,11.38,7660.280000000023
699,"[52, 67, 99, 91, 34, 18, 32, 16, 30, 37]",88.1,0.3364132349193096,901.348611831665,10.11,7670.390000000023
700,"[73, 59, 61, 62, 5, 72, 1, 7, 0, 54]",87.23,0.3456940756738186,902.7278845310212,11.29,7681.680000000023
701,"[53, 52, 26, 23, 77, 16, 60, 35, 2, 59]",87.5,0.3445173506438732,904.2335777282716,11.13,7692.810000000023
702,"[87, 89, 5, 52, 27, 80, 10, 3, 53, 21]",87.48,0.3438395948708057,905.5463280677797,10.11,7702.920000000023
703,"[11, 16, 43, 82, 26, 65, 0, 87, 69, 72]",87.58,0.3435766151547432,906.933620929718,11.13,7714.050000000023
704,"[14, 96, 23, 87, 5, 30, 21, 12, 95, 17]",87.37,0.3478378681838512,908.391321659088,9.3,7723.350000000023
705,"[18, 14, 34, 3, 24, 7, 58, 29, 61, 54]",87.83,0.3402675521373748,909.6782321929932,11.29,7734.640000000023
706,"[9, 35, 95, 57, 93, 42, 90, 67, 30, 68]",87.39,0.3468104854226112,910.8726301193236,11.18,7745.820000000023
707,"[50, 52, 43, 74, 20, 76, 4, 60, 77, 65]",88.12,0.3328067447245121,912.1770606040956,10.11,7755.930000000023
708,"[41, 98, 47, 13, 89, 8, 94, 15, 67, 26]",87.05,0.3553767588734626,913.4827122688292,11.19,7767.120000000023
709,"[92, 89, 34, 29, 87, 94, 57, 82, 65, 91]",87.24,0.3571531811356545,914.7643275260924,8.96,7776.080000000023
710,"[83, 55, 14, 1, 95, 63, 94, 25, 93, 59]",87.43,0.3502415828406811,915.9639554023744,8.7,7784.7800000000225
711,"[38, 98, 22, 76, 60, 62, 12, 9, 35, 31]",87.33,0.3445876204967499,917.2805233001708,8.83,7793.610000000022
712,"[75, 94, 99, 70, 93, 85, 63, 74, 6, 23]",86.79,0.3608703483641147,918.568336725235,8.94,7802.550000000022
713,"[16, 1, 56, 87, 73, 82, 12, 52, 44, 30]",87.78,0.3418430516123771,919.966718673706,11.1,7813.650000000022
714,"[8, 90, 41, 36, 33, 58, 46, 44, 31, 30]",87.55,0.3458058594167232,921.16485953331,11.19,7824.840000000022
715,"[10, 35, 23, 92, 54, 40, 1, 68, 64, 2]",87.24,0.3517293646931648,922.5118021965028,11.38,7836.220000000022
716,"[35, 16, 74, 61, 26, 76, 1, 30, 54, 93]",87.62,0.3438546584546566,923.7177772521972,11.29,7847.510000000022
717,"[75, 30, 94, 81, 73, 95, 6, 17, 55, 69]",87.44,0.3552126386761665,925.0210008621216,10.55,7858.060000000022
718,"[88, 71, 79, 1, 11, 93, 61, 67, 47, 84]",88.08,0.3349919594824314,926.230699300766,11.29,7869.350000000022
719,"[33, 82, 14, 20, 28, 64, 63, 61, 74, 53]",87.13,0.3541032466292381,927.385924100876,11.38,7880.730000000022
720,"[8, 33, 82, 66, 24, 67, 41, 29, 70, 6]",87.57,0.3445646898448467,928.5727758407592,11.19,7891.920000000022
721,"[46, 92, 77, 81, 21, 7, 55, 79, 0, 28]",87.5,0.3455598039925098,929.8566977977752,11.34,7903.260000000022
722,"[12, 87, 42, 6, 71, 32, 23, 26, 53, 59]",86.7,0.3665127925574779,931.2372417449952,11.18,7914.440000000022
723,"[75, 43, 24, 62, 83, 35, 80, 42, 92, 69]",87.41,0.3473989897966384,932.4889006614684,11.18,7925.620000000023
724,"[2, 24, 21, 39, 3, 17, 30, 93, 45, 38]",85.27,0.3872268639504909,933.86798787117,11.71,7937.330000000023
725,"[98, 66, 90, 39, 16, 70, 87, 73, 44, 85]",87.66,0.3416386778652668,935.2467586994172,10.55,7947.880000000023
726,"[69, 95, 77, 81, 96, 20, 52, 91, 57, 98]",87.71,0.3403185607492924,936.4568436145782,10.11,7957.9900000000225
727,"[6, 82, 59, 83, 39, 70, 19, 61, 31, 18]",87.49,0.3501057803630829,937.6198592185974,11.29,7969.2800000000225
728,"[90, 42, 70, 79, 62, 19, 30, 63, 43, 52]",87.09,0.3622977843880653,938.819986820221,11.18,7980.460000000023
729,"[93, 17, 34, 29, 76, 79, 36, 20, 42, 74]",87.44,0.3511887447535992,940.032433271408,11.18,7991.640000000023
730,"[0, 37, 58, 3, 32, 20, 55, 63, 54, 25]",87.76,0.3384431056678295,941.4618051052094,10.1,8001.740000000023
731,"[76, 66, 47, 36, 11, 19, 32, 64, 30, 28]",87.97,0.3431525050103664,942.7880675792694,11.38,8013.1200000000235
732,"[36, 72, 88, 55, 30, 7, 94, 77, 57, 89]",87.09,0.3529981170594692,944.1390898227692,10.78,8023.900000000023
733,"[17, 80, 69, 74, 0, 66, 40, 89, 14, 46]",87.07,0.3558649986982345,945.394121170044,10.93,8034.830000000024
734,"[82, 79, 4, 98, 94, 14, 2, 96, 9, 64]",87.01,0.3558354465663433,946.8502633571624,11.38,8046.210000000024
735,"[11, 51, 52, 81, 21, 22, 91, 38, 50, 15]",87.07,0.3642179320752621,948.2565109729768,10.11,8056.320000000023
736,"[49, 37, 79, 75, 13, 34, 87, 6, 84, 96]",86.64,0.3622148157656192,949.5134518146516,10.63,8066.9500000000235
737,"[17, 94, 79, 64, 49, 34, 60, 43, 87, 67]",87.46,0.3469002148509025,950.5934729576112,11.38,8078.330000000024
738,"[38, 53, 8, 32, 45, 91, 69, 13, 31, 27]",87.84,0.3389642815291881,951.8450655937196,11.71,8090.040000000024
739,"[71, 30, 19, 57, 42, 27, 24, 48, 44, 25]",86.92,0.3515752920508385,953.3085680007936,12.1,8102.140000000024
740,"[44, 83, 85, 7, 30, 35, 60, 4, 71, 31]",88.19,0.3343597742915153,954.7283046245576,11.09,8113.230000000024
741,"[27, 8, 4, 98, 65, 23, 84, 85, 47, 32]",87.6,0.3494741497933865,956.1782813072203,10.86,8124.090000000024
742,"[96, 62, 35, 0, 32, 20, 1, 84, 39, 76]",87.22,0.3433899141848087,957.5196056365968,9.23,8133.320000000023
743,"[34, 98, 3, 93, 31, 1, 63, 22, 6, 70]",87.95,0.3345385529100895,958.651976108551,10.1,8143.420000000024
744,"[16, 80, 43, 36, 98, 47, 22, 68, 37, 62]",87.83,0.3432474757730961,959.8344638347626,10.86,8154.280000000023
745,"[37, 75, 19, 68, 73, 58, 97, 80, 3, 96]",87.93,0.3349105912446976,961.1991837024688,10.55,8164.830000000024
746,"[57, 18, 70, 0, 28, 91, 96, 14, 30, 99]",87.76,0.3394808082282543,962.383641719818,11.34,8176.170000000024
747,"[9, 27, 17, 59, 84, 89, 4, 71, 24, 15]",88.06,0.3314394842088222,963.8499331474304,11.09,8187.260000000024
748,"[63, 24, 91, 94, 58, 69, 61, 46, 92, 99]",88.23,0.3292869357764721,965.255073785782,11.29,8198.550000000025
749,"[56, 13, 14, 54, 82, 29, 90, 53, 76, 62]",87.41,0.343680240213871,966.5454230308532,11.1,8209.650000000025
750,"[36, 55, 10, 58, 42, 72, 98, 86, 20, 69]",87.51,0.3408296050131321,967.9414372444152,11.18,8220.830000000025
751,"[95, 35, 79, 28, 20, 30, 29, 72, 39, 41]",86.01,0.3733644956350326,969.1288390159608,11.34,8232.170000000026
752,"[25, 7, 19, 74, 37, 54, 5, 33, 57, 78]",86.87,0.3585617719590664,970.2966547012328,9.94,8242.110000000026
753,"[35, 65, 92, 20, 51, 63, 9, 86, 19, 42]",87.76,0.3348077289760113,971.5310611724854,11.18,8253.290000000026
754,"[22, 42, 6, 23, 95, 98, 75, 99, 89, 52]",87.57,0.3501556581258774,972.792937040329,11.18,8264.470000000027
755,"[57, 28, 88, 79, 71, 49, 70, 5, 82, 95]",87.78,0.3344994911551475,973.9590194225312,11.34,8275.810000000027
756,"[64, 20, 37, 25, 66, 47, 27, 84, 54, 5]",85.27,0.3932402577996254,975.1402156352996,11.38,8287.190000000026
757,"[25, 12, 6, 48, 46, 49, 40, 44, 51, 92]",87.24,0.3555034171044826,976.4230434894562,12.1,8299.290000000026
758,"[5, 3, 10, 54, 93, 35, 92, 32, 11, 46]",87.57,0.3403509318828582,977.7062346935272,10.1,8309.390000000027
759,"[1, 73, 79, 93, 58, 20, 4, 46, 27, 53]",87.44,0.3443964131176472,978.8541643619536,10.63,8320.020000000026
760,"[95, 47, 16, 25, 41, 86, 53, 73, 89, 74]",87.19,0.3496285708248615,979.8682246208192,11.19,8331.210000000026
761,"[72, 76, 36, 67, 35, 30, 14, 90, 33, 34]",87.7,0.3481746566295624,981.0865025520324,10.78,8341.990000000027
762,"[37, 69, 87, 94, 51, 73, 45, 83, 80, 65]",88.14,0.3356696358323097,982.2759428024292,11.71,8353.700000000026
763,"[64, 36, 59, 13, 46, 99, 79, 28, 85, 68]",87.62,0.3451701512932777,983.324000120163,11.38,8365.080000000025
764,"[85, 22, 5, 31, 84, 75, 91, 34, 32, 66]",87.99,0.3393085289001465,984.55601644516,9.03,8374.110000000026
765,"[93, 88, 9, 40, 62, 77, 84, 82, 47, 5]",87.95,0.3323847167193889,985.6780865192412,10.93,8385.040000000026
766,"[30, 27, 33, 12, 42, 83, 19, 86, 40, 38]",86.54,0.378300856500864,986.8303961753844,11.18,8396.220000000027
767,"[62, 70, 76, 95, 72, 48, 25, 2, 33, 41]",85.29,0.391130089610815,988.081930398941,12.1,8408.320000000027
768,"[61, 33, 18, 51, 12, 52, 29, 68, 94, 44]",87.2,0.3557101726531982,989.2981655597688,11.29,8419.610000000028
769,"[95, 83, 88, 4, 17, 30, 92, 68, 61, 64]",87.57,0.3511278057098388,990.6029758453368,11.38,8430.990000000027
770,"[29, 42, 45, 32, 68, 67, 19, 95, 58, 2]",86.65,0.3647739964723587,991.9633660316468,11.71,8442.700000000026
771,"[18, 17, 6, 66, 45, 86, 72, 48, 30, 14]",86.84,0.361896327137947,993.1556868553162,12.1,8454.800000000027
772,"[51, 70, 14, 49, 31, 11, 97, 52, 6, 30]",86.35,0.3794202703237533,994.3348982334136,10.58,8465.380000000026
773,"[2, 38, 99, 68, 15, 57, 32, 8, 29, 3]",87.04,0.364809633642435,995.6558413505554,10.1,8475.480000000027
774,"[85, 36, 61, 95, 35, 58, 41, 73, 33, 11]",87.17,0.3525245946645736,996.833445072174,11.29,8486.770000000028
775,"[29, 80, 37, 93, 90, 48, 15, 98, 70, 36]",87.91,0.3371427531540394,997.8949873447418,12.1,8498.870000000028
776,"[33, 81, 8, 68, 41, 22, 63, 59, 21, 60]",87.7,0.3431336615979671,999.1619889736176,11.19,8510.060000000029
777,"[22, 84, 27, 82, 17, 48, 65, 54, 63, 40]",87.95,0.3351683665812015,1000.3651604652404,12.1,8522.160000000029
778,"[52, 73, 47, 36, 22, 42, 80, 71, 13, 37]",87.93,0.3405121989548206,1001.4610433578492,11.18,8533.34000000003
779,"[22, 62, 94, 26, 66, 30, 37, 63, 76, 50]",88.14,0.3323677895963192,1002.6178154945374,11.13,8544.470000000028
780,"[36, 64, 74, 53, 76, 44, 96, 97, 35, 9]",88.14,0.3304896388947964,1003.6957619190216,11.38,8555.850000000028
781,"[85, 84, 55, 90, 20, 78, 32, 92, 75, 44]",87.53,0.3463909932971,1004.9112951755524,8.96,8564.810000000027
782,"[70, 48, 3, 51, 88, 64, 47, 75, 39, 65]",88.03,0.3332826715707779,1006.078246831894,12.1,8576.910000000027
783,"[13, 76, 60, 7, 90, 35, 28, 32, 6, 77]",87.05,0.349178906828165,1007.2201099395752,11.34,8588.250000000027
784,"[54, 55, 81, 2, 36, 46, 24, 45, 34, 64]",86.0,0.3734108334779739,1008.5224585533142,11.71,8599.960000000026
785,"[27, 52, 53, 33, 11, 72, 95, 40, 96, 82]",87.73,0.3400000639259815,1009.9252400398254,10.93,8610.890000000027
786,"[31, 53, 21, 76, 0, 69, 25, 45, 62, 65]",88.21,0.3299136346578598,1011.275737285614,11.71,8622.600000000026
787,"[52, 8, 20, 60, 55, 31, 9, 61, 34, 92]",88.24,0.3295950549840927,1012.5916624069214,11.29,8633.890000000027
788,"[86, 76, 23, 50, 59, 21, 57, 0, 75, 44]",87.11,0.3564159369468689,1013.8404307365416,9.23,8643.120000000026
789,"[2, 6, 44, 10, 75, 11, 22, 85, 88, 83]",86.65,0.3692055043578148,1015.1578471660614,8.45,8651.570000000027
790,"[79, 49, 9, 15, 60, 5, 37, 67, 95, 61]",87.84,0.3340560254454612,1016.3416874408722,11.29,8662.860000000028
791,"[94, 47, 82, 78, 63, 53, 16, 13, 87, 31]",88.36,0.3278176268935203,1017.6247189044952,10.86,8673.720000000028
792,"[96, 48, 62, 88, 82, 43, 89, 57, 25, 16]",88.39,0.3240357759594917,1018.9165863990784,12.1,8685.820000000029
793,"[43, 67, 58, 55, 89, 25, 72, 60, 98, 24]",88.37,0.3282090237736701,1020.311814069748,10.78,8696.60000000003
794,"[34, 21, 26, 29, 83, 1, 31, 62, 49, 5]",88.36,0.3241184820234775,1021.6992726325988,11.13,8707.730000000029
795,"[71, 72, 27, 66, 78, 28, 91, 24, 49, 35]",87.51,0.3439142741262913,1022.98121881485,11.34,8719.070000000029
796,"[43, 67, 82, 5, 66, 1, 50, 97, 64, 81]",87.48,0.3569306121766567,1024.1741302013395,11.38,8730.450000000028
797,"[46, 84, 6, 78, 74, 73, 86, 83, 61, 29]",87.31,0.3510597072541713,1025.3766548633575,11.29,8741.740000000029
798,"[26, 10, 16, 84, 99, 87, 42, 33, 62, 7]",88.28,0.3260804390907287,1026.5791552066803,11.18,8752.92000000003
799,"[55, 79, 7, 42, 89, 40, 36, 47, 54, 88]",88.15,0.3359813986718654,1027.678091287613,11.18,8764.10000000003
800,"[8, 66, 19, 24, 4, 6, 52, 39, 95, 70]",86.34,0.3693607267737389,1028.9406208992004,10.11,8774.21000000003
801,"[99, 35, 88, 36, 0, 67, 41, 22, 72, 77]",88.05,0.3295555326342583,1030.1516625881195,11.19,8785.40000000003
802,"[81, 56, 39, 78, 18, 92, 31, 61, 80, 89]",87.21,0.3563568876683712,1031.3775656223297,11.29,8796.690000000031
803,"[92, 52, 25, 70, 74, 80, 15, 66, 10, 47]",88.08,0.3390026165544986,1032.5706055164335,10.86,8807.550000000032
804,"[62, 52, 63, 66, 36, 20, 24, 40, 16, 12]",87.64,0.3430839179456234,1033.8012990951538,10.93,8818.480000000032
805,"[78, 1, 19, 41, 58, 86, 56, 69, 79, 88]",87.98,0.3335122810304164,1035.2254939079285,11.19,8829.670000000033
806,"[71, 87, 69, 6, 97, 58, 10, 21, 36, 29]",87.51,0.3436686414480209,1036.6384072303772,11.09,8840.760000000033
807,"[13, 69, 11, 3, 58, 35, 27, 2, 17, 32]",86.97,0.3580329975485801,1038.0889949798584,10.1,8850.860000000033
808,"[39, 45, 13, 15, 40, 47, 36, 4, 37, 17]",88.21,0.3297579546272755,1039.4016246795654,11.71,8862.570000000032
809,"[20, 43, 92, 84, 93, 14, 12, 46, 66, 0]",87.72,0.3358821024000644,1040.7066221237185,9.23,8871.800000000032
810,"[22, 77, 15, 89, 12, 59, 62, 64, 0, 95]",88.08,0.3340392471849918,1042.0580112934113,11.38,8883.180000000031
811,"[37, 23, 88, 95, 29, 92, 17, 46, 25, 30]",87.94,0.3375776574015617,1043.3487384319303,9.3,8892.48000000003
812,"[33, 29, 37, 6, 48, 25, 27, 97, 40, 81]",87.14,0.3433796149492263,1044.630517244339,12.1,8904.58000000003
813,"[59, 17, 58, 26, 63, 64, 24, 82, 56, 85]",88.15,0.3283459959924221,1046.1213748455048,11.38,8915.96000000003
814,"[77, 65, 23, 98, 1, 5, 39, 32, 30, 63]",88.28,0.3289080445468426,1047.3921782970428,9.18,8925.14000000003
815,"[92, 39, 37, 60, 64, 46, 14, 86, 20, 63]",87.33,0.3418458232283592,1048.665245771408,11.38,8936.52000000003
816,"[50, 73, 60, 46, 24, 16, 89, 78, 36, 38]",87.32,0.3530228753387928,1049.7357099056244,10.55,8947.070000000029
817,"[17, 11, 29, 31, 98, 56, 91, 1, 79, 39]",88.3,0.3287372255325317,1051.0361504554749,11.1,8958.17000000003
818,"[12, 19, 62, 56, 14, 60, 68, 51, 35, 54]",88.16,0.3271547079086304,1052.3484427928925,11.1,8969.27000000003
819,"[59, 17, 97, 52, 74, 30, 61, 94, 24, 98]",87.93,0.3372245052456856,1053.6635024547577,11.29,8980.56000000003
820,"[2, 85, 78, 24, 54, 41, 91, 15, 89, 77]",86.64,0.3687138423323631,1055.0630915164948,11.19,8991.750000000031
821,"[98, 96, 99, 14, 41, 10, 44, 11, 30, 84]",86.48,0.3650027939677238,1056.3399467468262,11.19,9002.940000000031
822,"[23, 52, 22, 98, 3, 5, 4, 45, 51, 19]",87.95,0.3393613570928573,1057.789846420288,11.71,9014.65000000003
823,"[85, 70, 68, 26, 20, 64, 14, 78, 95, 50]",88.06,0.3358956077694893,1058.9513964653015,11.38,9026.03000000003
824,"[97, 41, 99, 16, 60, 76, 9, 51, 15, 37]",87.9,0.3390727630257606,1060.3319029808044,11.19,9037.22000000003
825,"[84, 55, 95, 54, 25, 24, 15, 43, 89, 57]",88.19,0.3393954245746136,1061.6684303283691,8.42,9045.64000000003
826,"[75, 88, 83, 8, 33, 15, 41, 51, 65, 62]",87.11,0.3641817110776901,1062.9274153709412,11.19,9056.83000000003
827,"[81, 66, 50, 71, 64, 1, 43, 83, 28, 16]",87.73,0.3418237569928169,1064.0763428211212,11.38,9068.21000000003
828,"[50, 84, 51, 24, 97, 73, 2, 12, 16, 33]",86.37,0.3699237084388733,1065.4766359329224,10.55,9078.76000000003
829,"[50, 8, 34, 82, 30, 1, 60, 16, 28, 52]",88.31,0.3299040250480175,1066.6592164039612,11.34,9090.10000000003
830,"[7, 94, 19, 31, 52, 91, 35, 96, 39, 67]",88.2,0.3337512445449829,1067.96723651886,10.11,9100.21000000003
831,"[14, 43, 88, 81, 79, 86, 91, 36, 52, 13]",88.55,0.3254978530108928,1069.0336034297943,10.63,9110.84000000003
832,"[98, 23, 1, 42, 24, 68, 51, 80, 84, 17]",87.91,0.3366165332496166,1070.4374363422394,11.18,9122.02000000003
833,"[17, 81, 35, 61, 19, 78, 77, 98, 94, 16]",87.91,0.3418082928657531,1071.9403285980225,11.29,9133.31000000003
834,"[91, 49, 47, 22, 77, 6, 36, 80, 15, 10]",88.16,0.3385447771847248,1073.1332597732544,10.86,9144.170000000031
835,"[31, 86, 65, 23, 92, 28, 99, 81, 12, 55]",86.23,0.3842877265810966,1074.497894525528,11.34,9155.510000000031
836,"[8, 93, 73, 0, 61, 14, 2, 70, 38, 42]",86.17,0.3777957043051719,1075.7744991779327,11.29,9166.800000000032
837,"[68, 64, 48, 61, 98, 91, 3, 13, 2, 50]",85.61,0.3798624977469444,1076.9836208820343,12.1,9178.900000000032
838,"[83, 57, 40, 14, 13, 76, 41, 45, 74, 55]",86.99,0.3589428870379925,1078.271849155426,11.71,9190.610000000032
839,"[67, 72, 53, 35, 6, 65, 79, 22, 46, 85]",88.19,0.3278095705807209,1079.6487345695496,10.78,9201.390000000032
840,"[78, 11, 0, 55, 58, 40, 87, 41, 15, 6]",88.05,0.3405902841687202,1080.971720457077,11.19,9212.580000000033
841,"[40, 79, 62, 92, 35, 37, 25, 82, 90, 23]",87.67,0.3475590497255325,1082.3833193778992,10.93,9223.510000000033
842,"[53, 24, 76, 50, 98, 78, 46, 62, 48, 80]",87.52,0.3484507916867733,1083.6707684993744,12.1,9235.610000000033
843,"[86, 73, 59, 88, 76, 84, 55, 56, 2, 54]",87.39,0.3440911220014095,1085.0526366233826,11.1,9246.710000000034
844,"[76, 54, 86, 1, 92, 35, 99, 30, 40, 73]",88.09,0.334547279626131,1086.2609477043152,10.93,9257.640000000034
845,"[30, 45, 77, 22, 37, 32, 14, 19, 63, 26]",88.29,0.3234576854109764,1087.5115931034088,11.71,9269.350000000033
846,"[18, 41, 12, 80, 55, 60, 13, 86, 50, 40]",87.62,0.3389391759037971,1088.7120296955109,11.19,9280.540000000034
847,"[79, 74, 47, 89, 37, 77, 21, 85, 20, 84]",87.99,0.3298244363069534,1090.1278266906738,10.86,9291.400000000034
848,"[55, 27, 50, 98, 4, 66, 87, 83, 84, 17]",87.82,0.3364604623615742,1091.4008333683014,9.3,9300.700000000033
849,"[26, 37, 11, 27, 94, 9, 12, 60, 99, 87]",88.2,0.3289574468135833,1092.834706544876,11.13,9311.830000000033
850,"[49, 92, 41, 8, 68, 29, 82, 43, 98, 26]",87.65,0.3418188042938709,1093.942284822464,11.19,9323.020000000033
851,"[88, 3, 63, 53, 45, 18, 12, 87, 94, 0]",88.59,0.3214028988778591,1095.2350220680237,11.71,9334.730000000032
852,"[44, 26, 77, 35, 33, 37, 14, 42, 48, 16]",88.03,0.3317489764094353,1096.4782643318176,12.1,9346.830000000033
853,"[50, 5, 39, 62, 26, 43, 79, 29, 4, 69]",88.04,0.3282663644850254,1097.8144490718842,11.13,9357.960000000032
854,"[98, 60, 63, 34, 5, 89, 32, 35, 96, 36]",87.63,0.3349042610824108,1099.080899477005,8.72,9366.680000000031
855,"[60, 24, 9, 15, 44, 49, 91, 25, 2, 73]",85.84,0.3807668356597423,1100.4348142147064,10.58,9377.260000000031
856,"[54, 3, 31, 55, 37, 91, 92, 9, 34, 30]",88.86,0.3177505787461996,1101.7340393066406,10.1,9387.360000000032
857,"[76, 73, 85, 8, 62, 67, 16, 95, 97, 4]",88.03,0.3297360949218273,1102.890357017517,10.55,9397.91000000003
858,"[98, 8, 35, 49, 58, 46, 31, 65, 15, 17]",88.46,0.3218238319456577,1104.1144886016846,10.58,9408.49000000003
859,"[41, 79, 25, 70, 76, 29, 71, 10, 85, 28]",87.41,0.349302239716053,1105.3056378364563,11.34,9419.83000000003
860,"[29, 18, 12, 41, 26, 98, 21, 0, 48, 85]",88.02,0.328081993162632,1106.7467756271362,12.1,9431.930000000031
861,"[55, 56, 90, 67, 5, 31, 32, 33, 18, 8]",87.73,0.3411900629848242,1107.9982595443726,11.1,9443.030000000032
862,"[6, 76, 34, 91, 9, 14, 49, 83, 97, 36]",88.64,0.3231691043078899,1109.1276099681854,10.58,9453.610000000032
863,"[65, 38, 32, 87, 63, 8, 40, 24, 19, 77]",88.19,0.3277585236728191,1110.4417135715485,10.93,9464.540000000032
864,"[92, 94, 61, 56, 31, 17, 90, 38, 88, 62]",88.11,0.334345711171627,1111.8778190612793,11.29,9475.830000000033
865,"[77, 42, 23, 43, 22, 96, 89, 74, 17, 75]",87.52,0.3439450083673,1113.1995041370392,11.18,9487.010000000033
866,"[56, 68, 97, 3, 2, 76, 70, 24, 26, 19]",87.3,0.3448899716138839,1114.6693892478943,11.13,9498.140000000032
867,"[97, 64, 80, 98, 96, 69, 43, 47, 12, 52]",87.63,0.3408124688267708,1116.0049381256104,11.38,9509.520000000031
868,"[54, 13, 39, 79, 99, 34, 29, 81, 32, 58]",88.32,0.3227069541811943,1117.149188041687,10.63,9520.15000000003
869,"[46, 32, 98, 27, 78, 11, 68, 57, 83, 90]",88.07,0.335399497449398,1118.516828775406,8.65,9528.80000000003
870,"[84, 62, 99, 79, 51, 43, 88, 72, 66, 50]",88.14,0.3303691530227661,1119.782811164856,10.78,9539.58000000003
871,"[84, 66, 19, 12, 15, 50, 36, 52, 73, 22]",87.87,0.3448534320294857,1121.0861525535583,10.55,9550.13000000003
872,"[94, 48, 41, 30, 2, 38, 64, 75, 42, 70]",86.05,0.3819572238624096,1122.4746091365814,12.1,9562.23000000003
873,"[42, 14, 83, 12, 39, 46, 98, 13, 54, 60]",88.68,0.3177774719893932,1123.7716636657717,11.18,9573.41000000003
874,"[45, 29, 69, 95, 8, 21, 23, 6, 62, 27]",88.05,0.3344655668735504,1125.002285003662,11.71,9585.12000000003
875,"[59, 67, 95, 0, 41, 66, 77, 18, 58, 57]",88.69,0.3199172483384609,1126.2008757591248,11.19,9596.31000000003
876,"[67, 74, 86, 21, 59, 14, 58, 37, 54, 79]",88.6,0.3228970682621002,1127.6115708351135,10.63,9606.94000000003
877,"[33, 32, 91, 27, 60, 18, 55, 39, 16, 51]",88.16,0.331523647159338,1128.8283910751345,8.65,9615.59000000003
878,"[23, 37, 86, 31, 87, 8, 58, 64, 96, 66]",87.61,0.3435551798343658,1130.1226921081543,11.38,9626.970000000028
879,"[49, 60, 18, 34, 5, 84, 8, 81, 21, 33]",88.15,0.3282700346410274,1131.3095018863678,10.58,9637.550000000028
880,"[45, 29, 31, 86, 61, 66, 19, 34, 56, 22]",88.6,0.3215429364144802,1132.577551364899,11.71,9649.260000000028
881,"[33, 77, 79, 81, 87, 59, 51, 67, 73, 15]",87.93,0.3371288917958736,1133.7479729652405,10.63,9659.890000000027
882,"[70, 51, 12, 20, 5, 69, 11, 94, 26, 16]",87.8,0.3336728831380606,1135.0632796287537,11.13,9671.020000000026
883,"[93, 90, 74, 28, 70, 2, 62, 75, 9, 29]",86.24,0.3716739572584629,1136.3325674533844,11.34,9682.360000000026
884,"[92, 7, 26, 21, 72, 18, 53, 62, 19, 11]",87.06,0.3481576116383075,1137.858365058899,11.13,9693.490000000025
885,"[37, 35, 34, 16, 53, 36, 56, 60, 5, 42]",86.52,0.3594262844324112,1139.1020336151123,11.18,9704.670000000026
886,"[8, 58, 16, 40, 57, 95, 42, 70, 26, 33]",88.28,0.3226847191900014,1140.2769627571106,11.18,9715.850000000026
887,"[33, 86, 69, 3, 62, 96, 70, 47, 35, 19]",88.77,0.3206835459172725,1141.6977076530457,10.86,9726.710000000026
888,"[32, 90, 5, 44, 54, 57, 55, 48, 91, 40]",88.86,0.317173366099596,1142.9340500831604,12.1,9738.810000000027
889,"[14, 11, 95, 72, 6, 31, 99, 90, 92, 8]",88.34,0.3241896431148052,1144.2822484970093,10.78,9749.590000000027
890,"[63, 28, 29, 26, 96, 86, 61, 27, 87, 44]",88.17,0.3274358722567558,1145.5716602802277,11.34,9760.930000000028
891,"[78, 12, 26, 42, 57, 76, 71, 86, 70, 3]",87.64,0.3494843485206365,1146.8594188690186,11.18,9772.110000000028
892,"[49, 46, 50, 26, 1, 40, 97, 17, 20, 78]",89.16,0.3118184518814086,1148.0198369026184,11.13,9783.240000000027
893,"[26, 57, 27, 49, 65, 98, 16, 52, 81, 48]",88.56,0.3257829003036022,1149.4263412952423,12.1,9795.340000000027
894,"[11, 69, 90, 48, 54, 70, 45, 6, 96, 88]",88.41,0.3204074586927891,1150.8482582569122,12.1,9807.440000000028
895,"[75, 40, 64, 22, 18, 97, 33, 11, 55, 12]",87.52,0.342623979896307,1152.0813779830933,11.38,9818.820000000027
896,"[40, 7, 91, 57, 49, 20, 4, 59, 62, 27]",88.36,0.3234849266707897,1153.3498320579529,10.93,9829.750000000027
897,"[50, 19, 98, 79, 6, 99, 61, 69, 46, 14]",88.65,0.3209051686525345,1154.7049252986908,11.29,9841.040000000028
898,"[26, 22, 73, 97, 54, 71, 44, 67, 2, 85]",87.29,0.3514358945190906,1156.0496799945831,11.13,9852.170000000027
899,"[67, 88, 92, 45, 24, 38, 14, 5, 12, 32]",88.7,0.3211067405343055,1157.6336801052094,11.71,9863.880000000026
900,"[12, 31, 64, 29, 45, 50, 19, 52, 8, 35]",88.78,0.3160295242071151,1159.001697063446,11.71,9875.590000000026
901,"[32, 5, 46, 49, 43, 12, 86, 11, 66, 87]",88.68,0.3176702627539635,1160.2763686180117,10.58,9886.170000000026
902,"[27, 3, 98, 33, 75, 77, 37, 29, 6, 71]",88.09,0.3280508109927177,1161.559671640396,11.09,9897.260000000026
903,"[33, 81, 91, 34, 63, 20, 87, 7, 32, 71]",88.09,0.3260967423021793,1162.9848926067352,11.09,9908.350000000026
904,"[65, 2, 83, 87, 81, 99, 29, 45, 20, 95]",87.0,0.3525693620741367,1164.401186466217,11.71,9920.060000000025
905,"[81, 55, 1, 22, 98, 13, 17, 29, 32, 31]",88.12,0.3305304118990898,1165.6208009719849,9.3,9929.360000000024
906,"[3, 19, 98, 50, 20, 15, 93, 6, 92, 23]",88.31,0.333669768422842,1167.0623126029968,10.1,9939.460000000025
907,"[98, 72, 67, 62, 2, 12, 34, 55, 96, 24]",88.34,0.3225055073201656,1168.5629377365112,10.78,9950.240000000025
908,"[34, 53, 51, 7, 35, 14, 74, 49, 2, 18]",85.79,0.3819042782485485,1170.0237641334534,10.58,9960.820000000025
909,"[25, 35, 79, 71, 7, 76, 69, 81, 6, 45]",88.52,0.3169335867464542,1171.316827058792,11.71,9972.530000000024
910,"[98, 28, 78, 93, 32, 90, 70, 80, 10, 68]",89.03,0.3142341814935207,1172.421930551529,11.34,9983.870000000024
911,"[10, 8, 83, 84, 46, 20, 96, 61, 48, 75]",88.3,0.3222851179540157,1173.6943020820618,12.1,9995.970000000025
912,"[50, 7, 8, 61, 55, 29, 60, 88, 62, 84]",88.78,0.3129392203688621,1174.8638968467712,11.29,10007.260000000026
913,"[89, 18, 90, 69, 80, 11, 47, 85, 49, 37]",88.77,0.3148769152164459,1176.2250428199768,10.86,10018.120000000026
914,"[40, 59, 97, 32, 73, 18, 67, 28, 22, 49]",88.75,0.3172343769669533,1177.4257917404177,11.34,10029.460000000026
915,"[77, 14, 84, 50, 2, 30, 6, 62, 28, 45]",84.48,0.4170344345271587,1178.8051059246063,11.71,10041.170000000026
916,"[85, 1, 23, 20, 66, 30, 90, 10, 4, 61]",87.96,0.3367577433586121,1180.1661224365234,11.29,10052.460000000026
917,"[86, 74, 6, 65, 91, 79, 45, 97, 52, 37]",88.49,0.3262641435861587,1181.378558397293,11.71,10064.170000000026
918,"[38, 11, 19, 26, 14, 0, 80, 85, 93, 89]",88.84,0.3192992354929447,1182.6510407924652,11.13,10075.300000000025
919,"[36, 32, 71, 19, 31, 84, 80, 24, 3, 69]",88.83,0.3182937493920326,1184.1575212478638,11.09,10086.390000000025
920,"[83, 4, 3, 7, 94, 72, 55, 30, 66, 46]",88.51,0.3311491474509239,1185.6762108802795,10.78,10097.170000000026
921,"[78, 18, 42, 34, 56, 66, 43, 99, 39, 13]",88.69,0.3171003258228302,1186.8881554603577,11.18,10108.350000000026
922,"[24, 39, 92, 98, 80, 14, 29, 55, 67, 31]",88.95,0.3141855672001838,1188.436137676239,10.04,10118.390000000027
923,"[64, 32, 60, 25, 69, 39, 86, 66, 5, 92]",87.92,0.3387230539321899,1189.843913316727,11.38,10129.770000000026
924,"[79, 81, 62, 75, 52, 36, 50, 74, 99, 24]",88.36,0.3243967436254024,1191.2203378677368,10.63,10140.400000000025
925,"[2, 20, 9, 66, 67, 83, 33, 80, 72, 35]",85.75,0.3786747060716152,1192.643115758896,10.78,10151.180000000026
926,"[87, 32, 24, 43, 80, 56, 96, 82, 79, 73]",88.02,0.3320401337742805,1194.1348116397858,11.1,10162.280000000026
927,"[6, 2, 89, 33, 86, 60, 32, 54, 57, 53]",86.86,0.3595329847931862,1195.5028808116913,8.65,10170.930000000026
928,"[59, 69, 77, 47, 13, 85, 67, 36, 39, 19]",88.72,0.3152804788947105,1196.772429704666,10.86,10181.790000000026
929,"[31, 48, 95, 18, 57, 86, 63, 51, 96, 93]",88.5,0.3208806285262108,1198.061827659607,12.1,10193.890000000027
930,"[58, 69, 10, 3, 74, 53, 73, 94, 25, 67]",88.47,0.3233123534917831,1199.3783338069916,10.55,10204.440000000026
931,"[9, 80, 12, 5, 97, 90, 29, 7, 15, 38]",88.59,0.3170607106387615,1200.656011581421,10.04,10214.480000000027
932,"[48, 58, 98, 63, 86, 91, 18, 5, 85, 76]",88.6,0.3207628035545349,1202.003338098526,12.1,10226.580000000027
933,"[12, 63, 70, 35, 36, 81, 18, 96, 50, 78]",89.06,0.3112571521103382,1203.2969822883606,8.94,10235.520000000028
934,"[72, 68, 65, 0, 57, 52, 47, 42, 66, 64]",88.74,0.3211570188403129,1204.6783993244171,11.38,10246.900000000027
935,"[47, 70, 15, 85, 14, 62, 48, 37, 72, 71]",88.88,0.3151972904801369,1206.1211545467377,12.1,10259.000000000027
936,"[28, 70, 41, 7, 8, 82, 35, 44, 9, 3]",88.8,0.319641756862402,1207.2338876724243,11.34,10270.340000000027
937,"[97, 43, 92, 66, 24, 4, 0, 28, 87, 73]",88.37,0.3240022249519825,1208.6295182704926,11.34,10281.680000000028
938,"[66, 83, 71, 61, 15, 12, 14, 94, 58, 60]",87.47,0.3481982612609863,1210.066749334335,11.29,10292.970000000028
939,"[3, 89, 2, 82, 14, 84, 20, 4, 36, 66]",87.54,0.345056537091732,1211.416216135025,10.1,10303.070000000029
940,"[8, 21, 31, 56, 88, 6, 48, 3, 70, 58]",88.55,0.3197938971221447,1212.7815265655518,12.1,10315.17000000003
941,"[41, 94, 12, 65, 47, 56, 5, 93, 18, 67]",87.74,0.3417365564405918,1214.208910226822,11.19,10326.36000000003
942,"[32, 22, 99, 39, 43, 23, 78, 67, 42, 9]",88.29,0.3296287114918232,1215.5703213214874,11.18,10337.54000000003
943,"[73, 3, 93, 88, 97, 19, 43, 50, 4, 91]",88.8,0.3174529488384723,1216.981722354889,10.55,10348.09000000003
944,"[44, 75, 32, 1, 38, 67, 90, 47, 74, 87]",88.54,0.3216621619462967,1218.288854598999,10.86,10358.95000000003
945,"[73, 24, 27, 40, 46, 1, 12, 55, 57, 70]",88.98,0.3131632132828235,1219.718703508377,10.93,10369.88000000003
946,"[28, 96, 75, 30, 31, 38, 23, 17, 53, 89]",88.12,0.3294542492926121,1221.1011714935305,11.34,10381.22000000003
947,"[15, 33, 47, 74, 5, 86, 63, 72, 1, 62]",88.78,0.3240163876116276,1222.580827474594,10.86,10392.08000000003
948,"[59, 22, 61, 41, 58, 66, 78, 11, 17, 57]",88.45,0.324877001941204,1223.9623436927795,11.29,10403.370000000032
949,"[23, 80, 97, 5, 29, 74, 58, 55, 84, 31]",87.75,0.3361210899055004,1225.374508857727,10.04,10413.410000000033
950,"[10, 0, 94, 93, 97, 87, 28, 88, 95, 11]",88.97,0.3139004072546958,1226.5729072093964,11.34,10424.750000000033
951,"[75, 71, 21, 76, 70, 0, 91, 49, 94, 60]",88.34,0.3221132591366767,1227.9746179580688,11.09,10435.840000000033
952,"[60, 32, 81, 62, 79, 50, 56, 13, 24, 91]",88.45,0.3232472196221351,1229.391440629959,11.1,10446.940000000033
953,"[65, 50, 76, 29, 11, 12, 48, 25, 49, 40]",88.64,0.318585289567709,1230.6558549404144,12.1,10459.040000000034
954,"[94, 3, 7, 24, 70, 56, 48, 22, 4, 73]",88.82,0.313282675743103,1232.0795650482178,12.1,10471.140000000034
955,"[32, 51, 8, 62, 79, 60, 86, 46, 80, 96]",88.0,0.3322420980036258,1233.376766204834,10.63,10481.770000000033
956,"[76, 15, 81, 74, 98, 17, 88, 75, 44, 94]",87.85,0.339640787243843,1234.756309747696,9.3,10491.070000000032
957,"[0, 8, 56, 34, 71, 67, 76, 49, 83, 64]",88.1,0.326483262181282,1236.112158536911,11.38,10502.450000000032
958,"[50, 61, 49, 41, 13, 1, 92, 16, 88, 85]",87.75,0.3444469186663628,1237.2726435661316,11.29,10513.740000000033
959,"[46, 64, 90, 58, 15, 13, 75, 71, 69, 3]",88.19,0.3308674009144306,1238.6636407375336,11.38,10525.120000000032
960,"[44, 48, 51, 42, 89, 68, 94, 96, 56, 21]",88.69,0.3165787217020988,1240.1479127407074,12.1,10537.220000000032
961,"[53, 40, 48, 7, 22, 25, 76, 71, 64, 6]",89.04,0.3125945083796978,1241.3517923355105,12.1,10549.320000000032
962,"[70, 74, 99, 93, 38, 3, 46, 10, 12, 71]",88.66,0.3176388223469257,1242.6320304870603,11.09,10560.410000000033
963,"[99, 80, 22, 29, 73, 40, 10, 48, 97, 64]",88.43,0.3179230527579784,1243.760332107544,12.1,10572.510000000033
964,"[93, 54, 78, 28, 86, 45, 69, 63, 32, 2]",88.2,0.3328424981236458,1245.147246837616,11.71,10584.220000000032
965,"[28, 65, 62, 94, 73, 41, 67, 69, 48, 44]",88.73,0.3165332247316837,1246.419170379639,12.1,10596.320000000032
966,"[24, 18, 52, 51, 7, 96, 67, 25, 61, 46]",88.47,0.3254966500401497,1247.9602963924408,11.29,10607.610000000033
967,"[68, 42, 64, 97, 1, 37, 31, 25, 29, 53]",89.01,0.3152617254853249,1249.2247686386108,11.38,10618.990000000033
968,"[66, 95, 98, 52, 53, 1, 56, 21, 6, 54]",88.89,0.3149012883007526,1250.6164982318878,11.1,10630.090000000033
969,"[64, 7, 22, 88, 11, 3, 20, 31, 48, 84]",88.01,0.3354549521207809,1251.9143884181976,12.1,10642.190000000033
970,"[8, 7, 38, 79, 1, 4, 70, 59, 99, 56]",88.74,0.3205974775552749,1253.2330272197723,11.1,10653.290000000034
971,"[94, 91, 85, 31, 72, 43, 34, 49, 3, 15]",88.33,0.3359075398743152,1254.604531288147,10.78,10664.070000000034
972,"[64, 35, 67, 70, 18, 48, 23, 16, 3, 96]",88.44,0.3180208642780781,1255.9286832809448,12.1,10676.170000000035
973,"[69, 1, 12, 92, 23, 28, 60, 2, 62, 30]",87.98,0.3350813934206962,1257.5768167972565,11.34,10687.510000000035
974,"[12, 90, 68, 7, 95, 24, 39, 64, 65, 81]",88.7,0.3159654434025287,1258.8116569519043,11.38,10698.890000000034
975,"[59, 78, 44, 37, 18, 68, 27, 46, 13, 93]",88.76,0.3130894801020622,1260.0595769882202,8.12,10707.010000000035
976,"[89, 72, 75, 56, 16, 44, 5, 7, 8, 87]",87.27,0.3464332281053066,1261.4624993801117,11.1,10718.110000000035
977,"[82, 81, 5, 0, 86, 96, 42, 19, 6, 74]",88.72,0.3199141529202461,1262.8623523712158,11.18,10729.290000000035
978,"[6, 87, 26, 9, 3, 30, 69, 50, 17, 49]",88.61,0.3198789320886135,1264.2586743831637,11.13,10740.420000000035
979,"[56, 84, 61, 57, 69, 2, 39, 31, 59, 4]",88.59,0.3208286550641059,1265.7571487426758,11.29,10751.710000000036
980,"[71, 35, 87, 12, 86, 46, 57, 62, 81, 70]",88.86,0.3164952979236841,1267.0181412696838,11.09,10762.800000000036
981,"[54, 8, 95, 57, 93, 74, 14, 75, 99, 63]",88.95,0.3126591792702675,1268.1906342506409,8.7,10771.500000000036
982,"[94, 31, 46, 82, 1, 57, 59, 90, 58, 96]",88.46,0.3209991312026977,1269.5372002124786,8.72,10780.220000000036
983,"[23, 20, 55, 95, 38, 76, 89, 96, 91, 49]",88.15,0.3283629022538662,1270.8754255771637,10.58,10790.800000000036
984,"[82, 85, 5, 47, 40, 48, 71, 52, 77, 38]",88.47,0.3221976834535598,1272.221392869949,12.1,10802.900000000036
985,"[33, 54, 83, 82, 21, 4, 75, 69, 0, 20]",88.72,0.3175247737765312,1273.631872177124,9.23,10812.130000000036
986,"[83, 46, 74, 3, 32, 20, 7, 22, 93, 79]",88.93,0.3129422806203365,1275.0356783866882,10.63,10822.760000000035
987,"[71, 6, 49, 28, 46, 80, 11, 26, 55, 42]",88.38,0.3184116443991661,1276.2840657234192,11.34,10834.100000000035
988,"[82, 91, 50, 71, 58, 7, 48, 95, 37, 68]",89.05,0.3094360955059528,1277.5832154750824,12.1,10846.200000000035
989,"[41, 28, 78, 43, 83, 3, 5, 58, 99, 13]",88.7,0.3202692553400993,1278.8463344573977,11.34,10857.540000000035
990,"[30, 63, 69, 1, 62, 93, 47, 34, 48, 92]",88.98,0.3152242468297481,1280.2193048000336,12.1,10869.640000000036
991,"[76, 19, 44, 31, 13, 10, 77, 17, 83, 94]",88.79,0.3121880123019218,1281.6041238307953,9.94,10879.580000000036
992,"[73, 40, 86, 61, 21, 92, 24, 36, 81, 84]",89.31,0.3058773103356361,1282.9092063903809,11.29,10890.870000000037
993,"[79, 62, 9, 3, 93, 67, 89, 61, 59, 72]",89.19,0.3089790518581867,1284.3080506324768,11.29,10902.160000000038
994,"[21, 1, 30, 59, 86, 25, 33, 68, 15, 19]",88.3,0.3392582169175148,1285.6884965896606,9.94,10912.100000000039
995,"[32, 66, 70, 54, 5, 99, 89, 25, 8, 56]",88.25,0.3318525738269091,1286.9643852710724,11.1,10923.200000000039
996,"[11, 98, 58, 62, 46, 99, 34, 8, 54, 2]",87.1,0.3484756125509738,1288.355627298355,8.45,10931.65000000004
997,"[42, 88, 17, 84, 22, 64, 50, 16, 56, 40]",88.92,0.3160404731333255,1289.5271310806274,11.38,10943.030000000039
998,"[90, 11, 25, 10, 61, 96, 64, 37, 93, 71]",87.84,0.3295739115774631,1290.841694355011,11.38,10954.410000000038
999,"[13, 19, 81, 59, 24, 7, 28, 22, 95, 60]",88.82,0.3163181172311306,1292.222093820572,11.34,10965.750000000038
1000,"[38, 97, 78, 79, 36, 92, 25, 84, 76, 63]",89.07,0.3129184348881245,1293.60329580307,10.63,10976.380000000037
