epoch,selected_clients,accuracy,loss,run_time,sim_round_time,epoch_cum_time
1,"[81, 14, 3, 94, 35, 31, 28, 17, 13, 86]",14.53,2.2598463678359986,1.6173062324523926,11.34,11.34
2,"[94, 69, 11, 75, 54, 4, 3, 27, 29, 64]",25.99,2.1019661474227904,3.603150367736816,11.38,22.72
3,"[77, 3, 71, 25, 91, 83, 89, 69, 53, 28]",33.72,1.8519770193099976,5.193881034851074,11.34,34.06
4,"[57, 75, 35, 0, 97, 20, 89, 54, 43, 19]",40.75,1.5324088966846463,6.730548620223999,9.94,44.0
5,"[27, 97, 43, 13, 11, 48, 12, 45, 44, 77]",50.73,1.2377122390270232,8.416739702224731,12.1,56.1
6,"[33, 5, 93, 58, 68, 15, 48, 10, 70, 37]",55.74,1.127717581987381,10.310049533843994,12.1,68.2
7,"[80, 79, 46, 73, 24, 90, 8, 5, 84, 29]",46.14,1.174693032503128,12.18629550933838,10.63,78.83
8,"[98, 37, 10, 29, 12, 48, 35, 58, 81, 46]",63.22,0.9894637697935104,13.85843062400818,12.1,90.92999999999999
9,"[20, 47, 45, 26, 85, 34, 89, 87, 82, 9]",63.41,0.9583368372917176,15.520724773406982,11.71,102.63999999999999
10,"[77, 81, 21, 68, 93, 31, 20, 59, 48, 34]",59.04,1.020412235856056,17.20143699645996,12.1,114.73999999999998
11,"[81, 88, 71, 28, 87, 41, 98, 99, 7, 29]",63.49,0.929141445159912,18.61681318283081,11.34,126.07999999999998
12,"[4, 40, 51, 34, 8, 27, 72, 91, 83, 63]",66.52,0.8990414893627167,20.488363027572632,10.93,137.01
13,"[50, 82, 58, 18, 33, 17, 31, 95, 71, 68]",67.01,0.872533125281334,22.053849935531616,11.09,148.1
14,"[33, 95, 74, 54, 51, 46, 28, 17, 65, 63]",67.73,0.861793105006218,23.75969433784485,11.34,159.44
15,"[11, 96, 6, 14, 19, 80, 20, 87, 54, 76]",67.59,0.841374135017395,25.59768271446228,10.04,169.48
16,"[8, 49, 48, 76, 59, 67, 32, 70, 1, 87]",63.68,0.903698393702507,27.359204292297363,12.1,181.57999999999998
17,"[92, 14, 87, 68, 96, 34, 98, 82, 43, 37]",67.31,0.8461212259531021,29.02849102020264,8.96,190.54
18,"[55, 20, 58, 0, 92, 33, 64, 97, 22, 13]",66.03,0.8882986044883728,30.67511391639709,11.38,201.92
19,"[80, 38, 81, 64, 77, 25, 19, 47, 97, 20]",67.74,0.8412380391359329,32.15157127380371,11.38,213.29999999999998
20,"[69, 99, 67, 0, 76, 41, 62, 2, 14, 46]",69.16,0.8180094259977341,34.11971664428711,11.19,224.48999999999998
21,"[39, 30, 7, 72, 10, 93, 62, 8, 97, 68]",69.46,0.7977312135696412,35.69873785972595,10.78,235.26999999999998
22,"[98, 16, 84, 60, 70, 21, 33, 67, 77, 54]",70.1,0.765964532494545,37.3756799697876,8.94,244.20999999999998
23,"[27, 69, 96, 93, 88, 25, 91, 39, 51, 85]",72.14,0.7670481103658676,39.0462486743927,8.72,252.92999999999998
24,"[83, 47, 56, 66, 57, 15, 31, 28, 8, 43]",72.0,0.7806593143939972,40.62551307678223,11.34,264.27
25,"[2, 75, 70, 29, 28, 0, 9, 90, 80, 7]",69.82,0.7892487931251526,42.11905598640442,11.34,275.60999999999996
26,"[29, 8, 4, 42, 9, 65, 30, 35, 85, 62]",71.31,0.7679948425292968,43.799296140670776,11.18,286.78999999999996
27,"[27, 69, 16, 92, 73, 60, 31, 52, 24, 12]",71.43,0.7606508761644364,45.87731313705444,10.55,297.34
28,"[12, 84, 55, 45, 54, 52, 59, 93, 6, 86]",69.93,0.7652638828754426,47.51729249954224,11.71,309.04999999999995
29,"[83, 82, 12, 7, 51, 93, 43, 13, 31, 24]",72.99,0.7201790869235992,49.0704128742218,7.4,316.44999999999993
30,"[24, 68, 57, 17, 54, 23, 35, 59, 31, 9]",71.34,0.7361836439371109,50.94643712043762,9.3,325.74999999999994
31,"[56, 70, 12, 6, 83, 69, 1, 11, 96, 30]",72.9,0.7297459501028061,52.90813970565796,11.1,336.84999999999997
32,"[21, 52, 62, 61, 27, 51, 7, 48, 0, 49]",72.03,0.7065882167220116,54.717803955078125,12.1,348.95
33,"[33, 58, 36, 54, 89, 93, 71, 84, 91, 62]",72.37,0.7405599510669708,56.06914806365967,11.09,360.03999999999996
34,"[19, 24, 37, 27, 7, 74, 94, 69, 95, 40]",71.86,0.7443035036325455,58.02357625961304,10.93,370.96999999999997
35,"[7, 6, 74, 61, 64, 67, 20, 65, 10, 23]",72.88,0.718769511282444,59.59276294708252,11.38,382.34999999999997
36,"[8, 76, 86, 30, 51, 15, 72, 31, 74, 5]",70.81,0.7485708498954773,61.5625684261322,10.78,393.12999999999994
37,"[79, 10, 53, 84, 74, 72, 66, 40, 33, 26]",74.84,0.6811628806591034,63.227128982543945,11.13,404.25999999999993
38,"[85, 91, 40, 30, 33, 50, 16, 82, 38, 58]",69.65,0.7979035103321075,64.68035840988159,10.93,415.18999999999994
39,"[40, 96, 9, 1, 58, 79, 72, 12, 68, 27]",74.69,0.7053898602724076,66.63812041282654,10.93,426.11999999999995
40,"[64, 33, 16, 44, 8, 31, 47, 36, 20, 56]",74.0,0.6843405884504318,68.02126812934875,11.38,437.49999999999994
41,"[69, 90, 38, 78, 83, 67, 1, 85, 70, 84]",72.64,0.718124580681324,69.78985285758972,8.94,446.43999999999994
42,"[13, 17, 33, 14, 95, 70, 19, 34, 36, 77]",74.0,0.6605179777741432,71.15786242485046,9.94,456.37999999999994
43,"[26, 91, 43, 87, 81, 33, 64, 62, 32, 6]",75.28,0.651228634417057,72.83451819419861,11.38,467.75999999999993
44,"[11, 81, 54, 35, 5, 0, 42, 98, 16, 33]",72.81,0.678413701057434,74.37775111198425,11.18,478.93999999999994
45,"[20, 94, 56, 70, 90, 54, 71, 1, 14, 9]",75.26,0.6838909783959388,75.99223518371582,11.1,490.03999999999996
46,"[88, 19, 69, 4, 47, 74, 70, 18, 55, 16]",75.66,0.6460072144865989,77.72896766662598,10.86,500.9
47,"[5, 39, 46, 45, 26, 87, 31, 85, 13, 99]",73.18,0.6808443993330002,79.40223932266235,11.71,512.61
48,"[71, 52, 79, 95, 19, 30, 20, 22, 3, 94]",72.91,0.6915978002548218,81.07471013069153,11.09,523.7
49,"[42, 52, 85, 94, 31, 34, 20, 89, 13, 48]",74.89,0.6783016437292099,82.6460063457489,12.1,535.8000000000001
50,"[4, 60, 28, 25, 58, 44, 39, 29, 3, 84]",76.6,0.6323041078448296,84.33011960983276,11.34,547.1400000000001
51,"[24, 51, 42, 35, 8, 98, 44, 82, 65, 86]",73.75,0.6491689994931221,85.90437817573547,11.18,558.32
52,"[68, 42, 3, 14, 33, 22, 74, 4, 13, 76]",76.32,0.6412798035144806,87.55176162719727,11.18,569.5
53,"[55, 44, 93, 40, 77, 65, 14, 49, 73, 24]",75.54,0.6324781721830368,89.03337121009827,10.93,580.43
54,"[32, 5, 90, 55, 0, 66, 68, 87, 92, 94]",76.12,0.6400219663977623,90.7982394695282,9.23,589.66
55,"[94, 85, 25, 46, 55, 8, 42, 79, 40, 84]",76.32,0.6367451989650726,92.26638555526732,11.18,600.8399999999999
56,"[15, 92, 38, 64, 39, 85, 52, 41, 51, 89]",76.49,0.6372331580519677,93.83785772323608,11.38,612.2199999999999
57,"[37, 70, 16, 24, 53, 85, 48, 86, 95, 22]",73.03,0.6624132511019707,95.42016911506651,12.1,624.3199999999999
58,"[78, 72, 38, 51, 70, 0, 36, 26, 55, 74]",74.43,0.6434652289748192,97.07024908065796,11.13,635.4499999999999
59,"[77, 83, 41, 59, 56, 86, 27, 65, 60, 94]",76.07,0.638995041847229,98.85724925994872,11.19,646.64
60,"[21, 84, 10, 36, 65, 81, 79, 42, 11, 96]",76.41,0.6228300434350967,100.61462354660034,11.18,657.8199999999999
61,"[30, 86, 39, 28, 25, 18, 3, 5, 31, 60]",75.95,0.6303703519701958,102.19166588783264,11.34,669.16
62,"[78, 98, 9, 58, 53, 80, 73, 24, 91, 89]",73.62,0.6481819167733193,103.75730895996094,10.55,679.7099999999999
63,"[49, 63, 51, 31, 18, 83, 88, 0, 96, 98]",75.37,0.6229151463508606,105.43744206428528,10.58,690.29
64,"[13, 99, 54, 28, 22, 89, 66, 59, 6, 71]",76.32,0.6264832773804665,106.80280351638794,11.34,701.63
65,"[31, 15, 58, 17, 59, 85, 67, 71, 76, 40]",75.82,0.6652559515833855,108.46354246139526,11.09,712.72
66,"[96, 56, 78, 92, 64, 54, 70, 57, 20, 95]",76.35,0.625369793176651,110.15102314949036,11.38,724.1
67,"[60, 57, 33, 96, 31, 81, 35, 98, 99, 66]",76.98,0.612173964381218,111.7129397392273,9.03,733.13
68,"[62, 80, 30, 35, 56, 9, 91, 36, 34, 42]",77.47,0.6124822455644607,113.19874119758606,11.18,744.31
69,"[40, 69, 10, 17, 19, 29, 49, 88, 90, 27]",77.82,0.5903712233901024,114.88306140899658,10.93,755.2399999999999
70,"[8, 53, 52, 42, 69, 59, 7, 26, 49, 98]",78.21,0.5785968664288521,116.55293488502502,11.18,766.4199999999998
71,"[74, 89, 2, 97, 73, 48, 61, 0, 45, 38]",74.73,0.6607760110497475,118.225172996521,12.1,778.5199999999999
72,"[96, 49, 53, 68, 95, 94, 69, 77, 28, 62]",77.49,0.6008863642811775,119.98379349708556,11.34,789.8599999999999
73,"[28, 34, 55, 62, 3, 49, 43, 85, 86, 51]",78.66,0.5835159784555435,121.4492723941803,11.34,801.1999999999999
74,"[92, 21, 59, 16, 79, 68, 3, 50, 75, 72]",76.67,0.6141482904553414,123.22502732276917,10.78,811.9799999999999
75,"[84, 3, 10, 82, 54, 17, 59, 23, 6, 33]",78.51,0.5729967668652535,124.97939324378969,10.1,822.0799999999999
76,"[48, 41, 27, 58, 43, 97, 35, 96, 53, 32]",78.56,0.5690023338794709,126.74263572692873,12.1,834.18
77,"[10, 60, 2, 95, 69, 6, 44, 28, 83, 8]",76.11,0.6139191231131553,128.30740022659302,11.34,845.52
78,"[99, 83, 5, 96, 3, 31, 25, 2, 79, 19]",75.11,0.6163545218110085,130.32494068145752,10.63,856.15
79,"[30, 16, 60, 85, 14, 72, 27, 59, 89, 32]",77.94,0.5852576312422753,132.36455607414246,10.78,866.93
80,"[98, 47, 21, 77, 95, 91, 14, 99, 20, 39]",75.99,0.5873882141709328,133.82426977157593,10.86,877.79
81,"[13, 74, 3, 39, 73, 86, 48, 50, 91, 25]",76.26,0.5924732768535614,135.20591259002686,12.1,889.89
82,"[9, 75, 88, 80, 31, 13, 89, 98, 38, 87]",78.67,0.5607628175616264,136.68120312690735,10.04,899.93
83,"[76, 15, 72, 5, 44, 68, 54, 84, 47, 8]",78.35,0.5709999036788941,138.46774196624756,10.86,910.79
84,"[64, 82, 43, 1, 53, 62, 13, 55, 46, 81]",77.42,0.5742804366350174,139.83684301376343,11.38,922.17
85,"[58, 90, 19, 55, 22, 93, 66, 83, 34, 78]",78.08,0.5811762064695358,141.38366961479187,9.94,932.11
86,"[68, 99, 61, 59, 55, 93, 75, 34, 41, 31]",76.47,0.6039583587646484,142.87919926643372,11.29,943.4
87,"[11, 35, 57, 31, 96, 59, 72, 78, 85, 48]",79.72,0.5450732558965683,144.74859976768494,12.1,955.5
88,"[43, 3, 63, 41, 23, 62, 27, 45, 33, 35]",79.35,0.5490481698513031,146.42031383514404,11.71,967.21
89,"[76, 89, 35, 71, 1, 66, 24, 10, 30, 92]",79.65,0.5381417798995972,148.21287965774536,11.09,978.3000000000001
90,"[52, 62, 71, 97, 30, 88, 60, 82, 91, 57]",78.44,0.5650951564311981,149.75540113449097,11.09,989.3900000000001
91,"[2, 11, 37, 28, 51, 88, 31, 39, 84, 74]",71.45,0.722553129196167,151.51490592956543,11.34,1000.7300000000001
92,"[47, 60, 70, 67, 44, 54, 95, 42, 45, 89]",79.25,0.5508834427595138,152.9897005558014,11.71,1012.4400000000002
93,"[58, 34, 39, 32, 29, 15, 92, 24, 40, 95]",78.53,0.5582624843716621,154.6960916519165,10.93,1023.3700000000001
94,"[68, 97, 88, 23, 24, 27, 94, 61, 35, 92]",79.19,0.5414969766139984,156.54435086250305,11.29,1034.66
95,"[75, 97, 67, 76, 36, 12, 24, 37, 29, 46]",75.04,0.621454296708107,158.11001563072205,8.83,1043.49
96,"[22, 38, 1, 90, 68, 16, 35, 5, 6, 70]",79.19,0.5516641637682915,159.6794035434723,8.94,1052.43
97,"[37, 89, 16, 81, 96, 62, 13, 1, 73, 36]",78.33,0.5579582187533378,161.18658471107483,10.55,1062.98
98,"[60, 61, 56, 43, 23, 6, 32, 14, 8, 51]",79.17,0.5537041437625885,162.94886255264282,11.29,1074.27
99,"[62, 9, 73, 80, 87, 6, 19, 72, 38, 10]",77.55,0.5649490410089493,164.61294770240784,10.78,1085.05
100,"[31, 15, 71, 97, 53, 77, 76, 79, 28, 99]",78.46,0.5577985107898712,166.19292187690735,11.34,1096.3899999999999
101,"[66, 48, 57, 56, 38, 75, 54, 39, 72, 79]",79.23,0.543349646627903,167.95489048957825,12.1,1108.4899999999998
102,"[7, 78, 94, 12, 97, 26, 80, 27, 33, 84]",78.1,0.5887168249487877,169.69570350646973,11.13,1119.62
103,"[10, 20, 30, 22, 70, 9, 0, 52, 57, 88]",78.39,0.5623385262489319,171.3407838344574,10.11,1129.7299999999998
104,"[76, 60, 37, 4, 29, 36, 90, 89, 58, 9]",79.39,0.5256981146335602,173.0212755203247,8.83,1138.5599999999997
105,"[87, 29, 33, 80, 75, 84, 25, 54, 14, 69]",79.09,0.5420692741870881,174.69437766075134,10.04,1148.5999999999997
106,"[28, 82, 19, 34, 18, 9, 7, 21, 39, 76]",80.61,0.5131642434000969,176.35986042022705,11.34,1159.9399999999996
107,"[95, 72, 36, 56, 15, 59, 88, 38, 89, 51]",80.62,0.5184638577699662,178.13265681266785,11.1,1171.0399999999995
108,"[34, 64, 69, 63, 56, 10, 76, 5, 55, 94]",79.83,0.5245850506424904,179.79248309135437,11.38,1182.4199999999996
109,"[41, 77, 32, 3, 11, 29, 86, 73, 75, 2]",76.25,0.5806382173299789,181.48304796218872,11.19,1193.6099999999997
110,"[97, 86, 34, 73, 5, 96, 22, 60, 66, 83]",81.62,0.4993544092774391,183.1633102893829,10.55,1204.1599999999996
111,"[56, 35, 23, 74, 55, 81, 62, 11, 60, 44]",79.96,0.5123066106438636,184.95328307151797,11.1,1215.2599999999995
112,"[52, 42, 41, 85, 13, 20, 88, 63, 36, 84]",79.24,0.5394812601804734,186.3894248008728,11.19,1226.4499999999996
113,"[51, 97, 70, 4, 58, 11, 40, 32, 41, 14]",81.63,0.5054000499844551,188.06735920906067,11.19,1237.6399999999996
114,"[98, 51, 65, 0, 84, 69, 59, 52, 6, 24]",80.02,0.5211154237389565,189.8167455196381,10.11,1247.7499999999995
115,"[66, 46, 79, 96, 63, 80, 56, 97, 6, 26]",79.28,0.5405714449286461,191.39615869522092,11.13,1258.8799999999997
116,"[34, 70, 16, 36, 56, 89, 62, 15, 3, 80]",80.03,0.5168961334228516,192.87267899513245,11.1,1269.9799999999996
117,"[77, 30, 90, 20, 39, 70, 1, 52, 11, 28]",76.8,0.5895898216962814,194.45903849601743,11.34,1281.3199999999995
118,"[14, 59, 15, 82, 19, 63, 91, 37, 65, 90]",80.75,0.5084545621275902,196.20752930641171,9.94,1291.2599999999995
119,"[34, 53, 61, 60, 31, 58, 70, 18, 49, 24]",80.7,0.5095306318998337,197.99951338768005,11.29,1302.5499999999995
120,"[76, 65, 95, 17, 8, 35, 98, 53, 43, 64]",80.83,0.5163038146495819,199.3783836364746,11.38,1313.9299999999996
121,"[34, 0, 36, 92, 38, 75, 74, 84, 62, 19]",81.26,0.5052498716115952,200.9403705596924,9.94,1323.8699999999997
122,"[57, 68, 61, 44, 42, 70, 97, 69, 48, 58]",81.63,0.4888123813271522,202.6313509941101,12.1,1335.9699999999996
123,"[41, 24, 89, 30, 73, 49, 29, 99, 52, 5]",79.1,0.5271083566546441,204.3966307640076,11.19,1347.1599999999996
124,"[40, 95, 60, 90, 48, 49, 84, 83, 19, 63]",79.53,0.5276069489121437,205.96887040138245,12.1,1359.2599999999995
125,"[4, 16, 64, 75, 42, 12, 56, 67, 58, 1]",79.81,0.5296656647324562,207.54513311386108,11.38,1370.6399999999996
126,"[92, 18, 52, 83, 19, 9, 60, 33, 43, 79]",82.02,0.483472574353218,209.40225553512573,10.63,1381.2699999999998
127,"[88, 50, 83, 10, 42, 86, 68, 48, 40, 80]",82.67,0.4856250086426735,210.75292086601257,12.1,1393.3699999999997
128,"[91, 97, 62, 69, 4, 79, 8, 30, 80, 87]",81.91,0.4947829753160476,212.3615415096283,10.63,1403.9999999999998
129,"[36, 29, 95, 11, 55, 12, 97, 81, 90, 56]",81.62,0.4871872365474701,214.03311133384705,11.1,1415.0999999999997
130,"[21, 88, 38, 3, 5, 41, 7, 37, 45, 47]",82.25,0.4838651087880135,215.71470761299133,11.71,1426.8099999999997
131,"[55, 18, 31, 67, 52, 72, 87, 23, 21, 22]",82.01,0.4782702335715293,217.56059670448303,10.78,1437.5899999999997
132,"[10, 78, 48, 79, 87, 30, 63, 74, 18, 29]",81.65,0.4958985623717308,219.0414037704468,12.1,1449.6899999999996
133,"[59, 81, 32, 58, 85, 1, 36, 86, 69, 20]",80.37,0.5054699203372002,220.6670296192169,8.65,1458.3399999999997
134,"[9, 56, 44, 75, 38, 81, 54, 88, 32, 58]",81.26,0.4882101568579673,222.4289710521698,11.1,1469.4399999999996
135,"[38, 25, 49, 61, 13, 30, 48, 73, 45, 37]",78.58,0.5480178701877594,224.00190377235413,12.1,1481.5399999999995
136,"[89, 37, 2, 84, 50, 35, 1, 72, 87, 99]",75.79,0.5827467480301857,225.9150834083557,10.78,1492.3199999999995
137,"[95, 6, 77, 63, 36, 99, 29, 45, 28, 81]",77.1,0.5424165880680084,227.2750036716461,11.71,1504.0299999999995
138,"[24, 79, 32, 86, 96, 92, 98, 84, 87, 17]",82.49,0.4766962891817093,229.13484692573547,10.63,1514.6599999999996
139,"[80, 12, 82, 5, 39, 56, 4, 74, 46, 93]",82.21,0.4739148771762848,230.8166396617889,11.1,1525.7599999999995
140,"[16, 11, 37, 41, 95, 53, 22, 25, 69, 46]",82.26,0.4829646703600883,232.19682264328003,11.19,1536.9499999999996
141,"[67, 64, 34, 21, 32, 61, 37, 95, 43, 14]",83.01,0.4690487262606621,233.4997353553772,11.38,1548.3299999999997
142,"[59, 9, 18, 96, 28, 86, 92, 50, 71, 46]",81.65,0.4789790144562721,234.95336604118347,11.34,1559.6699999999996
143,"[11, 50, 1, 33, 68, 15, 58, 47, 86, 95]",81.18,0.5033568431437015,236.42608284950256,10.86,1570.5299999999995
144,"[86, 33, 74, 48, 81, 47, 13, 29, 60, 3]",81.93,0.479700114428997,238.02060651779172,12.1,1582.6299999999994
145,"[79, 71, 41, 78, 28, 82, 8, 81, 59, 89]",82.59,0.4740179079771042,239.3768258094788,11.34,1593.9699999999993
146,"[38, 83, 52, 14, 17, 5, 4, 63, 12, 30]",82.98,0.4643160963058472,241.2456378936768,10.11,1604.0799999999992
147,"[68, 17, 49, 58, 47, 85, 95, 89, 69, 53]",81.59,0.4797207877039909,242.6019592285156,10.86,1614.9399999999991
148,"[75, 95, 93, 19, 53, 83, 12, 62, 78, 52]",82.14,0.4824394375085831,244.186628818512,10.11,1625.049999999999
149,"[35, 4, 88, 47, 27, 56, 30, 46, 12, 87]",83.64,0.4547050616145134,245.993997335434,11.1,1636.149999999999
150,"[47, 69, 82, 45, 7, 50, 35, 24, 15, 58]",82.68,0.4777803787589073,247.64995622634888,11.71,1647.859999999999
151,"[11, 84, 27, 82, 81, 76, 2, 6, 42, 31]",79.06,0.5407162529230117,249.40259075164795,11.18,1659.039999999999
152,"[16, 72, 26, 8, 97, 70, 75, 27, 29, 42]",82.14,0.4866729080677032,250.98072600364685,11.18,1670.2199999999991
153,"[99, 18, 76, 0, 35, 16, 69, 32, 22, 14]",82.41,0.4699472948908806,252.58049321174624,9.23,1679.4499999999991
154,"[84, 3, 16, 1, 45, 30, 75, 41, 2, 22]",78.91,0.5599041911959648,254.13629269599917,11.71,1691.1599999999992
155,"[33, 6, 16, 94, 53, 67, 14, 95, 8, 60]",82.29,0.4734157198667526,255.52985000610352,8.7,1699.8599999999992
156,"[57, 99, 46, 65, 75, 13, 64, 28, 78, 5]",83.73,0.4472322869300842,257.0038611888885,11.38,1711.2399999999993
157,"[93, 84, 66, 38, 58, 82, 3, 7, 61, 51]",82.01,0.4842287892103195,258.3081569671631,11.29,1722.5299999999993
158,"[54, 87, 13, 62, 91, 56, 9, 10, 41, 77]",81.77,0.4781605690717697,259.6493082046509,11.19,1733.7199999999993
159,"[18, 8, 16, 35, 79, 81, 74, 70, 91, 41]",82.62,0.4627755482494831,260.91357016563416,11.19,1744.9099999999994
160,"[48, 76, 67, 37, 58, 64, 77, 55, 12, 89]",82.99,0.4550444841384887,262.58591866493225,12.1,1757.0099999999993
161,"[14, 83, 98, 70, 92, 27, 55, 57, 29, 52]",83.45,0.4546651723980903,264.45975852012634,10.11,1767.1199999999992
162,"[43, 58, 51, 53, 93, 12, 40, 54, 85, 32]",80.72,0.507845139503479,266.1599488258362,10.93,1778.0499999999993
163,"[47, 19, 87, 60, 8, 11, 10, 55, 12, 95]",84.09,0.4402815461158752,267.90218138694763,10.86,1788.9099999999992
164,"[94, 47, 16, 71, 7, 75, 42, 85, 15, 52]",81.07,0.5168939650058746,269.5839049816132,11.18,1800.0899999999992
165,"[45, 85, 96, 54, 92, 6, 36, 76, 39, 13]",82.43,0.4650491917133331,271.3195905685425,11.71,1811.7999999999993
166,"[73, 64, 27, 19, 84, 61, 28, 13, 44, 71]",82.21,0.4791401353478431,272.7744836807251,11.38,1823.1799999999994
167,"[47, 14, 97, 35, 73, 28, 54, 71, 98, 79]",84.05,0.44251648157835,274.2400424480438,11.34,1834.5199999999993
168,"[78, 86, 82, 71, 3, 77, 84, 88, 34, 23]",84.13,0.4479121172428131,275.8211708068848,11.09,1845.6099999999992
169,"[34, 89, 97, 39, 43, 44, 0, 23, 18, 72]",82.66,0.4612777665257453,277.39120054244995,10.78,1856.3899999999992
170,"[84, 51, 8, 18, 94, 81, 3, 11, 95, 67]",80.79,0.5041946321725845,278.86747431755066,10.1,1866.489999999999
171,"[27, 48, 53, 58, 43, 20, 47, 39, 92, 41]",83.58,0.4485902532935142,280.43939757347107,12.1,1878.589999999999
172,"[99, 72, 76, 10, 6, 19, 20, 96, 79, 86]",82.45,0.4612808209657669,282.236328125,10.78,1889.369999999999
173,"[10, 34, 56, 84, 54, 62, 77, 53, 27, 96]",83.06,0.4655386766791343,283.96991777420044,11.1,1900.469999999999
174,"[65, 14, 44, 55, 36, 86, 75, 62, 67, 85]",82.62,0.4611622872948646,285.50092029571533,8.7,1909.169999999999
175,"[39, 5, 28, 50, 76, 7, 0, 26, 38, 27]",84.09,0.4460523018240929,287.203378200531,11.34,1920.5099999999989
176,"[98, 17, 97, 32, 37, 41, 15, 0, 63, 95]",83.63,0.4480256149172782,288.79352045059204,11.19,1931.699999999999
177,"[55, 22, 16, 48, 68, 90, 29, 64, 71, 85]",84.0,0.4393327069282531,290.26636266708374,12.1,1943.7999999999988
178,"[45, 9, 50, 94, 5, 55, 2, 58, 40, 73]",80.56,0.5090892779827118,292.2321119308472,11.71,1955.5099999999989
179,"[54, 73, 51, 90, 81, 53, 37, 14, 2, 41]",78.42,0.5567235696315765,293.93036127090454,11.19,1966.699999999999
180,"[21, 79, 58, 88, 46, 11, 55, 13, 31, 75]",84.54,0.4349669423699379,295.7259972095489,10.63,1977.329999999999
181,"[51, 67, 10, 50, 39, 95, 43, 28, 42, 99]",82.43,0.4695127335190773,297.1939308643341,11.34,1988.669999999999
182,"[21, 9, 65, 81, 14, 67, 24, 99, 44, 93]",83.95,0.4351077891886234,298.9803829193115,8.7,1997.369999999999
183,"[82, 18, 30, 13, 32, 25, 22, 77, 19, 97]",83.18,0.4490760737657547,300.5648317337036,9.94,2007.309999999999
184,"[97, 83, 9, 22, 98, 80, 63, 59, 96, 72]",84.41,0.4335435509681701,302.3401303291321,10.78,2018.089999999999
185,"[97, 74, 57, 87, 72, 82, 81, 79, 41, 80]",84.45,0.4308232492208481,304.00115418434143,11.19,2029.279999999999
186,"[40, 19, 56, 8, 60, 80, 38, 35, 75, 7]",83.2,0.4446649926900863,305.50163865089417,11.1,2040.379999999999
187,"[45, 64, 9, 39, 59, 57, 4, 7, 47, 36]",83.72,0.443982605934143,307.19938945770264,11.71,2052.089999999999
188,"[9, 82, 11, 78, 76, 64, 49, 59, 74, 70]",83.67,0.4419919952750206,308.8817656040192,11.38,2063.469999999999
189,"[94, 5, 57, 73, 83, 24, 41, 77, 60, 64]",83.72,0.4431185778975486,310.6433894634247,11.38,2074.849999999999
190,"[19, 7, 57, 13, 43, 91, 10, 64, 82, 22]",84.15,0.4358924004435539,312.05774426460266,11.38,2086.229999999999
191,"[5, 31, 90, 56, 67, 66, 78, 20, 46, 47]",84.1,0.4392853161692619,313.747456073761,11.1,2097.329999999999
192,"[36, 49, 52, 99, 43, 86, 76, 6, 80, 82]",83.87,0.4457147783041,315.21146297454834,10.58,2107.909999999999
193,"[42, 8, 12, 71, 86, 49, 36, 32, 92, 84]",82.67,0.4623110741376877,316.89240884780884,11.18,2119.089999999999
194,"[77, 19, 42, 10, 74, 84, 18, 44, 39, 83]",81.58,0.4873653545975685,318.5891556739807,11.18,2130.2699999999986
195,"[89, 84, 50, 16, 76, 90, 10, 39, 71, 48]",84.13,0.4401253297924995,320.1983473300934,12.1,2142.3699999999985
196,"[82, 42, 16, 85, 89, 94, 87, 67, 11, 54]",83.89,0.4398404428362846,321.95480394363403,11.18,2153.5499999999984
197,"[65, 46, 2, 39, 23, 27, 43, 98, 62, 24]",83.57,0.4521189877390861,323.9251346588135,8.35,2161.8999999999983
198,"[28, 17, 19, 9, 37, 12, 64, 98, 69, 94]",84.14,0.4305290687084198,325.6052575111389,11.38,2173.2799999999984
199,"[67, 4, 84, 43, 98, 79, 16, 76, 48, 19]",83.7,0.4502001175284386,327.3088221549988,12.1,2185.3799999999983
200,"[20, 23, 88, 98, 79, 21, 92, 56, 5, 52]",83.83,0.4398590716719627,329.4861629009247,11.1,2196.479999999998
201,"[46, 86, 92, 30, 56, 78, 36, 96, 95, 57]",84.11,0.4294662120938301,331.38038778305054,11.1,2207.579999999998
202,"[29, 68, 30, 39, 60, 24, 47, 86, 73, 56]",83.61,0.4377807208895683,333.3407208919525,11.1,2218.679999999998
203,"[59, 98, 36, 99, 48, 64, 67, 53, 20, 25]",83.15,0.4631233441829681,334.86342883110046,12.1,2230.779999999998
204,"[77, 17, 32, 6, 82, 61, 47, 70, 13, 91]",84.33,0.4268405076861381,336.4389674663544,11.29,2242.069999999998
205,"[66, 15, 36, 10, 97, 20, 34, 57, 65, 18]",84.93,0.4164626044034958,337.8300795555115,9.03,2251.099999999998
206,"[55, 11, 28, 57, 44, 3, 53, 6, 50, 64]",83.65,0.4402284762263298,339.2066922187805,11.38,2262.479999999998
207,"[47, 30, 49, 10, 28, 3, 40, 12, 91, 83]",83.46,0.4478961646556854,340.71741008758545,11.34,2273.8199999999983
208,"[42, 18, 17, 4, 36, 60, 89, 97, 90, 57]",84.79,0.4220164595544338,342.1896502971649,11.18,2284.999999999998
209,"[78, 0, 10, 2, 32, 27, 19, 70, 93, 77]",81.32,0.5009686380624772,343.99584221839905,9.94,2294.9399999999982
210,"[67, 54, 14, 99, 36, 30, 38, 15, 6, 53]",83.05,0.4574252644181251,345.6357069015503,9.18,2304.119999999998
211,"[81, 79, 58, 8, 14, 63, 76, 68, 2, 80]",83.71,0.4374184593558311,347.3159821033478,10.63,2314.749999999998
212,"[65, 73, 30, 91, 18, 37, 54, 0, 78, 45]",83.64,0.4454781870543957,348.99232840538025,11.71,2326.459999999998
213,"[30, 73, 53, 23, 85, 10, 67, 46, 8, 69]",84.3,0.4298985949158668,350.7367732524872,10.55,2337.0099999999984
214,"[64, 70, 2, 49, 60, 5, 81, 47, 32, 95]",81.57,0.47409238666296,352.5629758834839,11.38,2348.3899999999985
215,"[2, 45, 8, 44, 30, 93, 84, 80, 13, 98]",80.01,0.5356552585959434,354.2389430999756,11.71,2360.0999999999985
216,"[74, 94, 96, 42, 17, 5, 45, 69, 43, 82]",84.28,0.4265892748534679,356.1032853126526,11.71,2371.8099999999986
217,"[22, 99, 87, 59, 89, 61, 80, 23, 17, 8]",82.17,0.4958163648843765,357.8183538913727,11.29,2383.0999999999985
218,"[91, 99, 58, 4, 37, 25, 5, 40, 39, 65]",84.76,0.4229721146821976,359.7127413749695,10.93,2394.0299999999984
219,"[50, 69, 60, 32, 4, 96, 82, 24, 36, 45]",84.76,0.4211234459280967,361.7704608440399,11.71,2405.7399999999984
220,"[99, 6, 83, 42, 34, 15, 47, 55, 51, 95]",83.4,0.4522745910286903,363.4337384700775,11.18,2416.9199999999983
221,"[56, 49, 43, 23, 63, 88, 47, 66, 34, 10]",84.67,0.4213992804288864,365.1101694107056,11.1,2428.019999999998
222,"[93, 54, 10, 55, 77, 23, 69, 37, 41, 13]",84.2,0.4230987310409546,366.80699610710144,11.19,2439.209999999998
223,"[10, 41, 84, 37, 39, 57, 77, 91, 54, 21]",82.17,0.4613281485438347,368.38463592529297,11.19,2450.3999999999983
224,"[88, 56, 44, 57, 5, 93, 45, 78, 55, 35]",84.51,0.4192677438259125,370.2093617916107,11.71,2462.1099999999983
225,"[81, 7, 9, 85, 51, 46, 65, 95, 86, 20]",85.0,0.4168521189689636,371.7713358402252,8.35,2470.459999999998
226,"[3, 18, 77, 86, 56, 4, 16, 8, 30, 99]",85.21,0.416762076318264,373.5399279594421,11.1,2481.559999999998
227,"[82, 46, 49, 72, 4, 77, 19, 86, 57, 47]",85.3,0.4099108415842056,375.44528436660767,10.86,2492.4199999999983
228,"[47, 56, 97, 9, 73, 17, 67, 46, 50, 40]",84.95,0.4171922013163566,376.9988837242127,11.1,2503.519999999998
229,"[83, 35, 31, 14, 3, 94, 23, 63, 66, 49]",84.94,0.4157774516940117,378.80578780174255,10.58,2514.099999999998
230,"[71, 15, 33, 99, 90, 57, 27, 78, 36, 88]",84.05,0.4374607357382774,380.3658545017242,11.09,2525.1899999999982
231,"[62, 25, 15, 17, 9, 57, 22, 91, 56, 11]",85.4,0.4064867860078812,382.31027841567993,11.1,2536.289999999998
232,"[87, 40, 85, 44, 90, 8, 70, 69, 37, 38]",83.26,0.4400498822331428,383.9554524421692,10.93,2547.219999999998
233,"[20, 91, 90, 89, 81, 22, 46, 65, 28, 15]",85.24,0.4078902779519558,385.5463297367096,11.34,2558.559999999998
234,"[25, 17, 30, 63, 3, 46, 70, 73, 47, 59]",84.34,0.4226705671846866,387.21742367744446,10.86,2569.4199999999983
235,"[70, 16, 78, 11, 8, 39, 50, 91, 92, 61]",85.86,0.396124467253685,388.6121275424957,11.29,2580.709999999998
236,"[67, 52, 98, 73, 9, 16, 40, 82, 57, 59]",85.72,0.400595605969429,390.28378343582153,10.93,2591.639999999998
237,"[87, 66, 44, 16, 99, 70, 81, 75, 23, 98]",84.52,0.4344913558661937,391.80041670799255,9.03,2600.6699999999983
238,"[16, 55, 64, 7, 15, 66, 19, 38, 21, 20]",84.95,0.4132342697679996,393.3922939300537,11.38,2612.0499999999984
239,"[41, 90, 28, 44, 66, 36, 10, 32, 25, 81]",85.38,0.4070096319913864,394.8418183326721,11.34,2623.3899999999985
240,"[70, 35, 16, 80, 38, 78, 68, 11, 64, 82]",85.19,0.4091815833747387,396.3433799743652,11.38,2634.7699999999986
241,"[21, 75, 74, 19, 84, 79, 92, 77, 43, 72]",84.75,0.4155434788763523,398.3949341773987,10.78,2645.549999999999
242,"[5, 3, 10, 82, 98, 73, 33, 83, 26, 53]",84.93,0.4094650886952877,400.1457464694977,11.13,2656.679999999999
243,"[79, 81, 3, 63, 80, 69, 37, 82, 38, 61]",85.59,0.3972772134840488,401.782674074173,11.29,2667.969999999999
244,"[31, 87, 51, 38, 58, 9, 88, 7, 20, 56]",85.37,0.4037597279250622,403.3438854217529,11.1,2679.069999999999
245,"[53, 61, 59, 26, 43, 77, 18, 40, 91, 93]",85.6,0.3987361903488636,404.7767553329468,11.29,2690.3599999999988
246,"[44, 51, 16, 97, 47, 65, 71, 13, 40, 30]",85.02,0.4128578707575798,406.328236579895,11.09,2701.449999999999
247,"[59, 15, 34, 57, 31, 18, 12, 6, 37, 49]",85.21,0.4021580079197883,407.938401222229,10.58,2712.029999999999
248,"[78, 53, 31, 20, 41, 73, 92, 40, 24, 97]",85.78,0.3952739122509956,409.67451882362366,11.19,2723.219999999999
249,"[20, 63, 65, 59, 39, 2, 11, 50, 64, 58]",82.01,0.466247169226408,411.697850227356,11.38,2734.599999999999
250,"[30, 27, 74, 45, 6, 36, 63, 76, 83, 86]",83.56,0.4469437518715858,413.3891274929047,11.71,2746.309999999999
251,"[60, 36, 68, 1, 13, 55, 17, 33, 93, 46]",85.73,0.3944870084524154,414.767005443573,9.3,2755.609999999999
252,"[97, 51, 46, 5, 6, 72, 71, 24, 70, 36]",83.2,0.4437513217329979,416.3579761981964,11.09,2766.6999999999994
253,"[9, 49, 64, 57, 97, 70, 35, 79, 87, 78]",85.01,0.4092676447331905,417.8619847297669,11.38,2778.0799999999995
254,"[15, 16, 12, 50, 47, 43, 71, 46, 96, 18]",84.72,0.4116577100753784,419.61726665496826,11.09,2789.1699999999996
255,"[25, 77, 65, 51, 64, 5, 4, 17, 91, 42]",85.54,0.4026901546120643,421.21539282798767,11.38,2800.5499999999997
256,"[60, 66, 58, 19, 77, 65, 17, 41, 78, 40]",85.36,0.4044646359980106,422.86660838127136,11.19,2811.74
257,"[20, 50, 78, 94, 38, 75, 43, 64, 65, 68]",83.58,0.442772978246212,424.46795630455017,11.38,2823.12
258,"[62, 90, 72, 38, 60, 2, 47, 42, 86, 14]",82.93,0.4545587262511253,426.3600356578827,11.18,2834.2999999999997
259,"[53, 74, 39, 92, 88, 80, 3, 76, 60, 33]",85.67,0.3934889759123325,428.1208302974701,10.1,2844.3999999999996
260,"[83, 99, 74, 73, 29, 92, 6, 61, 21, 67]",85.5,0.4049235190451145,430.0070931911469,11.29,2855.6899999999996
261,"[80, 92, 79, 99, 48, 18, 87, 31, 4, 73]",84.77,0.424514948874712,431.87332820892334,12.1,2867.7899999999995
262,"[89, 14, 24, 2, 56, 40, 53, 19, 52, 88]",83.98,0.440546133518219,433.8479659557343,11.1,2878.8899999999994
263,"[26, 52, 64, 99, 78, 60, 94, 93, 7, 90]",85.11,0.4144849029183388,435.4247074127197,11.38,2890.2699999999995
264,"[17, 66, 26, 71, 41, 84, 61, 67, 48, 40]",85.73,0.3971550895273685,436.97318148612976,12.1,2902.3699999999994
265,"[22, 58, 68, 43, 69, 45, 86, 98, 92, 87]",84.61,0.4146797558665275,438.6967635154724,11.71,2914.0799999999995
266,"[82, 88, 33, 78, 61, 24, 31, 35, 71, 38]",85.63,0.3975980076193809,440.3808166980744,11.29,2925.3699999999994
267,"[28, 38, 98, 36, 90, 26, 88, 62, 40, 61]",86.14,0.3824667097628116,441.8511595726013,11.34,2936.7099999999996
268,"[44, 71, 92, 35, 36, 15, 73, 86, 69, 48]",84.91,0.4138056914508343,443.625895023346,12.1,2948.8099999999995
269,"[50, 44, 98, 18, 37, 5, 36, 91, 10, 56]",83.79,0.429441180229187,445.2441573143005,11.1,2959.9099999999994
270,"[83, 32, 95, 61, 27, 25, 68, 34, 71, 89]",85.46,0.3955283960700035,446.9272387027741,11.29,2971.1999999999994
271,"[34, 17, 13, 78, 94, 75, 30, 31, 6, 85]",84.84,0.4174868920445442,448.6832494735718,9.3,2980.4999999999995
272,"[67, 28, 81, 29, 6, 12, 52, 42, 91, 60]",86.19,0.3828842070698738,450.24622869491577,11.34,2991.8399999999997
273,"[12, 87, 98, 17, 0, 70, 20, 52, 83, 60]",85.92,0.389499431848526,452.0495738983154,10.11,3001.95
274,"[61, 83, 25, 96, 36, 41, 82, 7, 98, 11]",85.89,0.3940862613916397,453.57500863075256,11.29,3013.24
275,"[83, 73, 29, 68, 94, 92, 4, 22, 53, 50]",85.92,0.3903764045238495,455.3509683609009,10.55,3023.79
276,"[63, 23, 95, 37, 4, 1, 38, 72, 77, 13]",86.21,0.3851751397550106,457.2634203433991,10.78,3034.57
277,"[42, 36, 58, 82, 69, 67, 63, 17, 64, 59]",85.76,0.3895114786922932,458.8438062667847,11.38,3045.9500000000003
278,"[34, 24, 14, 42, 20, 93, 58, 82, 32, 91]",86.14,0.3897085738182068,460.4871084690094,11.18,3057.13
279,"[23, 1, 94, 43, 37, 72, 86, 96, 24, 22]",86.03,0.3879131963849068,462.4782304763794,10.78,3067.9100000000003
280,"[78, 81, 51, 54, 65, 41, 11, 85, 12, 23]",83.9,0.4423879206180572,464.3907074928284,11.19,3079.1000000000004
281,"[17, 61, 41, 31, 0, 33, 49, 30, 57, 96]",85.84,0.3999429826438427,466.1082303524017,11.29,3090.3900000000003
282,"[34, 42, 38, 74, 92, 73, 1, 33, 83, 46]",85.62,0.3977939178049564,467.86522150039673,11.18,3101.57
283,"[88, 30, 7, 85, 15, 59, 39, 20, 51, 87]",84.7,0.4254501402378082,469.5172040462494,9.18,3110.75
284,"[64, 90, 98, 39, 88, 15, 81, 37, 47, 78]",85.44,0.4064784328639507,471.1061155796051,11.38,3122.13
285,"[28, 17, 61, 19, 58, 95, 77, 47, 53, 89]",86.41,0.3814896054565906,472.6983065605164,11.34,3133.4700000000003
286,"[70, 60, 96, 68, 85, 27, 97, 31, 87, 76]",85.89,0.3845141091942787,474.48436307907104,8.94,3142.4100000000003
287,"[10, 67, 57, 90, 46, 9, 72, 14, 7, 70]",85.22,0.3989010997116565,476.1863670349121,10.78,3153.1900000000005
288,"[64, 25, 73, 68, 19, 21, 41, 66, 56, 14]",86.04,0.3833026717603207,477.7537131309509,11.38,3164.5700000000006
289,"[87, 26, 91, 74, 62, 11, 65, 57, 7, 58]",86.04,0.3833730264008045,479.52782821655273,11.13,3175.7000000000007
290,"[16, 65, 53, 58, 72, 7, 71, 59, 86, 39]",85.85,0.3873296907544136,481.1900084018707,11.09,3186.790000000001
291,"[92, 2, 50, 32, 0, 95, 27, 74, 9, 5]",83.77,0.4395127873122692,483.2496829032898,9.23,3196.020000000001
292,"[54, 44, 89, 8, 69, 7, 60, 4, 36, 52]",85.95,0.3857681208848953,484.91081261634827,10.11,3206.130000000001
293,"[23, 98, 17, 82, 93, 53, 47, 48, 57, 10]",85.66,0.3993226279318332,486.5961036682129,12.1,3218.230000000001
294,"[87, 84, 69, 17, 83, 44, 15, 22, 68, 50]",85.78,0.3921838080883026,488.27749729156494,9.3,3227.530000000001
295,"[67, 16, 93, 28, 0, 96, 2, 38, 59, 86]",85.71,0.3958096973598003,489.9098947048187,11.34,3238.8700000000013
296,"[92, 69, 54, 68, 48, 29, 31, 58, 44, 19]",85.21,0.402840976268053,491.8581914901733,12.1,3250.970000000001
297,"[35, 24, 92, 97, 14, 4, 84, 53, 78, 98]",86.47,0.3761989544332027,493.6368300914765,8.96,3259.930000000001
298,"[2, 30, 26, 8, 12, 76, 4, 57, 86, 90]",86.52,0.3780841232836247,495.6087076663971,11.13,3271.0600000000013
299,"[6, 31, 94, 5, 51, 56, 29, 69, 27, 96]",85.41,0.3957541677355766,497.8807375431061,11.1,3282.160000000001
300,"[99, 7, 17, 64, 37, 29, 93, 73, 40, 76]",85.8,0.3885739836096764,499.35556626319885,11.38,3293.5400000000013
301,"[98, 86, 41, 30, 38, 18, 84, 66, 28, 52]",83.08,0.4696189257502556,500.9306914806366,11.34,3304.8800000000015
302,"[38, 35, 7, 71, 75, 94, 22, 80, 86, 54]",84.45,0.424063957631588,502.4299027919769,11.09,3315.9700000000016
303,"[71, 63, 6, 44, 82, 85, 48, 67, 40, 89]",85.53,0.3951884040236473,504.0997564792633,12.1,3328.0700000000015
304,"[53, 52, 19, 38, 48, 23, 96, 68, 60, 30]",86.31,0.3853125348687172,506.1078486442566,12.1,3340.1700000000014
305,"[28, 38, 90, 18, 59, 7, 71, 52, 53, 67]",86.26,0.3822138196229934,507.68272590637207,11.34,3351.5100000000016
306,"[17, 49, 31, 32, 26, 42, 82, 10, 57, 47]",86.46,0.3768410855531692,509.4315001964569,11.18,3362.6900000000014
307,"[11, 68, 92, 24, 6, 34, 48, 86, 77, 5]",85.58,0.3935308998823166,511.1126005649567,12.1,3374.7900000000013
308,"[9, 24, 97, 75, 92, 85, 71, 27, 61, 26]",85.24,0.3993369296193123,512.9550824165344,11.29,3386.0800000000013
309,"[42, 38, 1, 27, 24, 94, 15, 95, 96, 61]",85.67,0.39884211525321,514.6980221271515,11.29,3397.3700000000013
310,"[31, 89, 77, 90, 26, 50, 30, 70, 41, 99]",86.71,0.3724389642477035,516.2977752685547,11.19,3408.5600000000013
311,"[36, 48, 59, 68, 83, 45, 39, 33, 46, 65]",85.48,0.4098357260227203,517.8841722011566,12.1,3420.660000000001
312,"[63, 59, 12, 92, 60, 97, 40, 26, 47, 52]",85.67,0.395684062987566,519.7453804016113,11.13,3431.7900000000013
313,"[5, 72, 28, 94, 18, 2, 33, 70, 74, 92]",83.59,0.4454410906136036,521.749269247055,11.34,3443.1300000000015
314,"[53, 37, 19, 25, 42, 29, 48, 72, 31, 63]",85.58,0.3925620113313198,523.5751519203186,12.1,3455.2300000000014
315,"[70, 83, 87, 43, 32, 97, 62, 92, 82, 94]",85.97,0.3835900840163231,525.294595003128,8.96,3464.1900000000014
316,"[62, 58, 21, 93, 45, 17, 92, 69, 23, 82]",85.21,0.4108093494176865,527.1559710502625,11.71,3475.9000000000015
317,"[7, 67, 4, 9, 85, 6, 97, 0, 52, 17]",86.4,0.3760458755493164,528.786562204361,10.11,3486.0100000000016
318,"[80, 29, 8, 90, 19, 1, 27, 64, 58, 47]",85.83,0.3981300702691078,530.4376361370087,11.38,3497.3900000000017
319,"[7, 79, 81, 85, 78, 61, 84, 62, 2, 0]",84.26,0.4289209434390068,532.2194952964783,11.29,3508.6800000000017
320,"[68, 70, 52, 1, 2, 67, 92, 35, 36, 64]",85.02,0.4157495671510696,533.8827357292175,11.38,3520.0600000000018
321,"[89, 86, 55, 22, 13, 12, 67, 19, 30, 24]",86.69,0.3740124043822288,535.6891434192657,9.94,3530.000000000002
322,"[79, 67, 32, 45, 34, 50, 10, 47, 51, 58]",86.48,0.3729651188850403,537.3433692455292,11.71,3541.710000000002
323,"[72, 31, 89, 28, 38, 87, 10, 83, 97, 4]",86.58,0.3791278241574764,539.0142695903778,11.34,3553.050000000002
324,"[11, 51, 48, 70, 60, 7, 81, 1, 89, 21]",86.42,0.37721411049366,540.7701060771942,12.1,3565.150000000002
325,"[10, 63, 55, 82, 42, 72, 12, 67, 5, 29]",86.42,0.3738697591423988,542.547847032547,11.18,3576.3300000000017
326,"[27, 88, 72, 60, 34, 5, 9, 87, 35, 69]",85.54,0.3921420201659202,544.4438846111298,10.78,3587.110000000002
327,"[72, 84, 4, 22, 40, 2, 26, 75, 18, 96]",84.88,0.4042049768567085,546.6030566692352,11.13,3598.240000000002
328,"[91, 50, 9, 38, 20, 72, 30, 49, 86, 69]",85.31,0.400140269100666,548.3688514232635,10.78,3609.0200000000023
329,"[42, 49, 96, 94, 17, 88, 92, 10, 64, 95]",86.21,0.378788523375988,550.0551397800446,11.38,3620.4000000000024
330,"[44, 6, 12, 55, 29, 9, 43, 77, 98, 78]",86.69,0.3660656540095806,551.7466056346893,8.59,3628.9900000000025
331,"[76, 50, 99, 41, 3, 81, 34, 57, 62, 29]",86.5,0.3739984744787216,553.2187418937683,11.19,3640.1800000000026
332,"[45, 70, 48, 55, 23, 87, 74, 84, 10, 98]",86.35,0.3806048884987831,554.9947972297668,12.1,3652.2800000000025
333,"[79, 37, 31, 91, 9, 10, 34, 19, 48, 81]",85.75,0.3923758740723133,556.7792875766754,12.1,3664.3800000000024
334,"[19, 94, 49, 40, 46, 13, 11, 0, 39, 56]",86.21,0.3730023665726185,558.6287150382996,11.1,3675.4800000000023
335,"[46, 97, 34, 13, 16, 11, 23, 55, 57, 71]",85.83,0.3892974464595318,560.2198820114136,11.09,3686.5700000000024
336,"[71, 65, 52, 13, 3, 11, 45, 70, 76, 41]",86.92,0.3671545217931271,561.82155585289,11.71,3698.2800000000025
337,"[49, 1, 37, 52, 99, 10, 92, 71, 31, 73]",86.65,0.3707235339283943,563.57528424263,11.09,3709.3700000000026
338,"[66, 21, 87, 48, 17, 34, 38, 63, 18, 8]",84.82,0.4117390310764313,565.218887090683,12.1,3721.4700000000025
339,"[21, 55, 35, 53, 38, 61, 9, 46, 32, 31]",86.9,0.3637855283915996,567.0436651706696,11.29,3732.7600000000025
340,"[92, 80, 63, 76, 78, 25, 58, 13, 17, 38]",85.91,0.382541014701128,568.6282353401184,10.04,3742.8000000000025
341,"[0, 50, 42, 79, 48, 56, 55, 83, 76, 17]",86.63,0.374645339846611,570.3530716896057,12.1,3754.9000000000024
342,"[38, 41, 77, 88, 25, 61, 40, 22, 50, 37]",86.98,0.3637439966201782,571.9045341014862,11.29,3766.1900000000023
343,"[94, 88, 81, 62, 73, 31, 41, 48, 35, 50]",86.68,0.3732043470442295,573.4991981983185,12.1,3778.2900000000022
344,"[46, 14, 72, 25, 75, 69, 23, 87, 98, 70]",85.66,0.3883213886618614,575.4562087059021,10.78,3789.0700000000024
345,"[3, 93, 59, 90, 26, 56, 37, 88, 8, 52]",86.33,0.3778900182247162,577.2220144271851,11.13,3800.2000000000025
346,"[86, 63, 17, 81, 38, 30, 32, 84, 19, 91]",84.97,0.4138520368933677,579.031672000885,9.94,3810.1400000000026
347,"[54, 48, 9, 57, 76, 61, 74, 51, 68, 64]",86.73,0.3685940501093864,580.7111566066742,12.1,3822.2400000000025
348,"[88, 53, 69, 4, 46, 89, 68, 76, 81, 10]",87.14,0.3599812088906765,582.2934613227844,8.83,3831.0700000000024
349,"[13, 98, 31, 84, 85, 45, 21, 82, 78, 5]",86.7,0.3659413132071495,584.0862243175507,11.71,3842.7800000000025
350,"[72, 82, 86, 51, 96, 42, 55, 13, 1, 12]",86.82,0.3667962074279785,585.7220361232758,11.18,3853.9600000000023
351,"[33, 28, 65, 95, 66, 71, 74, 88, 73, 57]",86.75,0.3689129762351513,587.2279381752014,11.34,3865.3000000000025
352,"[47, 50, 59, 98, 86, 75, 88, 64, 19, 44]",87.0,0.3632682532072067,588.925234079361,11.38,3876.6800000000026
353,"[3, 61, 13, 37, 53, 10, 14, 93, 18, 44]",86.81,0.3584151993691921,590.4888939857483,11.29,3887.9700000000025
354,"[39, 43, 58, 26, 66, 61, 44, 60, 12, 56]",86.22,0.3813286031782627,592.3919377326965,11.29,3899.2600000000025
355,"[92, 89, 57, 40, 8, 38, 5, 90, 14, 2]",85.53,0.3914549565315247,594.1368255615234,10.93,3910.1900000000023
356,"[43, 82, 13, 86, 21, 94, 31, 66, 22, 70]",86.56,0.3716703048348427,595.8238458633423,9.03,3919.2200000000025
357,"[20, 42, 71, 54, 59, 29, 51, 80, 23, 81]",86.29,0.3771290619671344,597.6843547821045,11.18,3930.4000000000024
358,"[84, 55, 50, 3, 94, 78, 25, 57, 75, 54]",85.54,0.3923834079504013,599.2241752147675,10.1,3940.5000000000023
359,"[49, 0, 90, 27, 26, 35, 96, 8, 73, 13]",86.42,0.371329538077116,600.8383183479309,11.13,3951.6300000000024
360,"[68, 23, 46, 41, 25, 58, 14, 33, 85, 62]",86.17,0.3777786691486835,602.5054128170013,11.19,3962.8200000000024
361,"[67, 81, 40, 76, 49, 78, 50, 75, 14, 44]",85.05,0.4034059374034405,604.0389738082886,10.93,3973.7500000000023
362,"[45, 58, 79, 22, 86, 90, 38, 78, 75, 10]",86.53,0.3642627854645252,605.630544424057,11.71,3985.4600000000023
363,"[86, 17, 40, 15, 30, 39, 14, 23, 47, 88]",86.07,0.3944528862833977,607.4764676094055,10.93,3996.390000000002
364,"[18, 65, 49, 53, 76, 17, 73, 54, 23, 62]",86.58,0.3642351184785366,609.2494478225708,10.58,4006.970000000002
365,"[81, 68, 88, 82, 22, 71, 21, 62, 36, 17]",86.99,0.3598836173117161,610.9276616573334,11.09,4018.060000000002
366,"[23, 40, 57, 79, 6, 45, 1, 62, 17, 24]",86.34,0.3728824511170387,612.7175984382629,11.71,4029.7700000000023
367,"[49, 71, 64, 83, 63, 52, 87, 62, 53, 90]",87.05,0.3639986819028854,614.3323380947113,11.38,4041.1500000000024
368,"[56, 62, 21, 10, 72, 3, 97, 28, 37, 4]",85.77,0.3802376917004585,616.1777358055115,11.34,4052.4900000000025
369,"[35, 28, 68, 36, 21, 99, 58, 72, 95, 98]",85.79,0.3847398987412452,617.7629451751709,11.34,4063.8300000000027
370,"[98, 63, 70, 65, 14, 73, 34, 99, 69, 46]",87.14,0.3578761991858482,619.4322559833527,10.55,4074.380000000003
371,"[69, 96, 5, 97, 92, 56, 27, 54, 13, 94]",85.36,0.4032133767008781,621.3906846046448,11.1,4085.4800000000027
372,"[83, 96, 31, 38, 4, 57, 33, 44, 11, 56]",87.28,0.3540895947813988,623.2584490776062,11.1,4096.580000000003
373,"[15, 99, 30, 26, 94, 75, 88, 44, 90, 78]",85.94,0.3885314898192882,624.8923287391663,11.13,4107.710000000003
374,"[80, 54, 21, 78, 17, 26, 7, 72, 44, 68]",86.36,0.3793471156060695,626.6792814731598,11.13,4118.840000000003
375,"[35, 76, 68, 21, 41, 90, 37, 73, 34, 65]",86.43,0.3744480250775814,628.2640159130096,11.19,4130.0300000000025
376,"[86, 12, 17, 96, 52, 7, 35, 83, 16, 89]",87.26,0.3517720338702201,629.90691614151,10.11,4140.140000000002
377,"[16, 31, 18, 91, 41, 97, 86, 50, 62, 73]",86.82,0.3639429861307144,631.1960084438324,11.19,4151.330000000002
378,"[80, 34, 53, 48, 57, 9, 81, 98, 11, 51]",86.65,0.3695868749916553,632.9236340522766,12.1,4163.430000000002
379,"[65, 95, 35, 88, 47, 58, 62, 41, 74, 0]",86.79,0.3715095002949238,634.6639304161072,11.19,4174.620000000002
380,"[99, 93, 11, 58, 81, 85, 89, 45, 8, 68]",86.74,0.3645502875745297,636.2255170345306,11.71,4186.330000000002
381,"[50, 27, 54, 63, 34, 41, 36, 43, 70, 73]",86.52,0.3712912718951702,637.7262263298035,11.19,4197.520000000001
382,"[16, 72, 62, 43, 87, 97, 6, 5, 12, 80]",86.73,0.3645334623754024,639.6028428077698,10.78,4208.300000000001
383,"[58, 2, 15, 20, 56, 0, 54, 25, 88, 16]",85.53,0.3932055619359016,641.4978668689728,11.1,4219.4000000000015
384,"[83, 38, 20, 35, 11, 46, 32, 10, 47, 85]",87.16,0.3559558646380901,643.279016494751,10.86,4230.260000000001
385,"[83, 21, 6, 50, 80, 39, 92, 89, 96, 29]",86.97,0.3571225368976593,645.1475539207458,10.04,4240.300000000001
386,"[54, 83, 11, 90, 12, 0, 27, 61, 9, 16]",87.2,0.3531246475875377,646.9072251319885,11.29,4251.590000000001
387,"[75, 28, 66, 87, 56, 1, 89, 43, 15, 54]",86.33,0.371435033082962,648.5972471237183,11.34,4262.930000000001
388,"[88, 16, 61, 9, 29, 49, 11, 93, 13, 40]",87.17,0.351761784106493,650.1004376411438,11.29,4274.220000000001
389,"[47, 38, 17, 48, 99, 96, 82, 86, 18, 8]",87.17,0.3571791465580463,651.7354073524475,12.1,4286.3200000000015
390,"[67, 72, 1, 78, 83, 21, 56, 44, 92, 27]",85.93,0.3853539176285266,653.7179250717163,11.1,4297.420000000002
391,"[80, 95, 19, 52, 78, 87, 56, 27, 11, 12]",86.61,0.3633946618437767,655.5690269470215,11.1,4308.520000000002
392,"[17, 96, 15, 75, 93, 49, 44, 54, 40, 31]",86.48,0.3723360270261764,657.2631552219391,10.93,4319.450000000003
393,"[35, 82, 10, 31, 70, 76, 92, 77, 36, 99]",86.87,0.3603067077696323,658.884016752243,8.96,4328.410000000003
394,"[88, 3, 84, 38, 26, 66, 77, 65, 24, 95]",86.11,0.3786305859684944,660.5450265407562,11.13,4339.540000000003
395,"[50, 37, 82, 6, 30, 63, 49, 14, 81, 76]",86.76,0.3699906156957149,662.3402638435364,10.58,4350.120000000003
396,"[9, 67, 1, 46, 40, 16, 49, 72, 53, 69]",86.89,0.356500790566206,664.041161775589,10.93,4361.050000000003
397,"[87, 22, 97, 60, 98, 9, 2, 75, 8, 1]",86.95,0.3679020155966281,665.7258331775665,8.1,4369.150000000003
398,"[33, 27, 5, 7, 50, 64, 36, 80, 91, 98]",86.09,0.3830891355872154,667.1913940906525,11.38,4380.530000000003
399,"[53, 54, 89, 51, 10, 81, 68, 78, 19, 35]",86.94,0.3635829648375511,668.7856492996216,9.94,4390.470000000003
400,"[10, 39, 65, 26, 19, 68, 41, 50, 75, 81]",87.42,0.3472657318413257,670.3269619941711,11.19,4401.660000000003
401,"[97, 83, 87, 82, 8, 39, 89, 55, 93, 30]",86.56,0.3748038272559643,671.8040151596069,9.18,4410.840000000003
402,"[7, 31, 11, 55, 14, 58, 78, 77, 39, 85]",87.25,0.3555572199821472,673.5034577846527,8.7,4419.540000000003
403,"[94, 84, 22, 15, 1, 90, 17, 89, 20, 63]",86.82,0.3618365335464477,675.1663000583649,9.3,4428.840000000003
404,"[44, 66, 92, 33, 21, 47, 16, 95, 99, 34]",87.08,0.3555310554802418,676.8432986736298,10.86,4439.700000000003
405,"[93, 15, 98, 3, 42, 54, 34, 67, 8, 33]",86.56,0.3733243341743946,678.2324764728546,11.18,4450.880000000003
406,"[91, 73, 80, 9, 63, 58, 65, 46, 7, 72]",86.09,0.377786632925272,679.8259463310242,10.78,4461.660000000003
407,"[21, 47, 20, 32, 98, 13, 73, 86, 92, 14]",86.96,0.3562966661155224,681.6303946971893,10.86,4472.520000000002
408,"[29, 94, 65, 0, 5, 1, 31, 60, 46, 49]",87.42,0.3501114316284656,683.4855864048004,10.58,4483.100000000002
409,"[19, 22, 4, 70, 91, 94, 83, 53, 28, 41]",86.78,0.3757356667518616,685.0503966808319,11.34,4494.440000000002
410,"[31, 53, 92, 40, 34, 9, 73, 47, 15, 64]",87.07,0.3534943355619907,686.8327784538269,11.38,4505.820000000002
411,"[86, 6, 22, 28, 66, 5, 51, 8, 59, 36]",87.42,0.3498568132519722,688.321188211441,11.34,4517.160000000003
412,"[99, 39, 41, 11, 70, 58, 1, 47, 25, 37]",87.07,0.3611125916242599,689.9874305725098,11.19,4528.350000000002
413,"[72, 38, 94, 79, 31, 59, 47, 75, 63, 98]",87.17,0.3504914492368698,691.9583127498627,10.86,4539.210000000002
414,"[99, 25, 93, 69, 97, 31, 19, 0, 52, 3]",87.24,0.3550306139886379,693.5870814323425,10.11,4549.3200000000015
415,"[29, 69, 44, 81, 88, 1, 42, 0, 97, 84]",86.6,0.364450650960207,695.2798600196838,11.18,4560.500000000002
416,"[48, 94, 93, 39, 13, 26, 67, 30, 53, 62]",87.34,0.3519515009224415,696.957848072052,12.1,4572.600000000002
417,"[7, 18, 91, 35, 11, 5, 29, 66, 52, 89]",86.78,0.3636269910633564,698.558441400528,10.11,4582.710000000002
418,"[47, 58, 95, 10, 74, 12, 64, 17, 81, 50]",87.56,0.3447329138219356,700.251523733139,11.38,4594.090000000002
419,"[9, 75, 72, 7, 55, 84, 16, 30, 37, 33]",85.41,0.3893894456326962,702.0063126087189,10.78,4604.870000000002
420,"[40, 50, 89, 94, 41, 57, 34, 29, 9, 25]",86.28,0.3686752721667289,703.5047421455383,11.19,4616.060000000001
421,"[17, 99, 98, 74, 13, 19, 21, 57, 59, 40]",87.57,0.3451495546102524,705.2566423416138,10.93,4626.990000000002
422,"[52, 15, 68, 45, 98, 26, 57, 39, 59, 33]",87.11,0.360228906571865,706.9278690814972,11.71,4638.700000000002
423,"[15, 11, 20, 87, 38, 90, 89, 77, 5, 27]",87.08,0.3484797713160514,708.8130760192871,8.59,4647.290000000002
424,"[41, 18, 11, 91, 31, 45, 50, 65, 6, 86]",86.46,0.373691603988409,710.3661434650421,11.71,4659.000000000002
425,"[38, 33, 22, 3, 51, 57, 71, 95, 70, 31]",87.34,0.3514725151658058,711.8647153377533,11.09,4670.090000000002
426,"[12, 59, 13, 17, 15, 1, 7, 99, 28, 16]",86.73,0.365984583646059,713.4067983627319,11.34,4681.430000000002
427,"[25, 51, 47, 87, 80, 82, 10, 74, 75, 33]",87.5,0.3458686205744743,715.1183936595917,10.86,4692.290000000002
428,"[9, 2, 8, 25, 82, 56, 16, 11, 42, 15]",86.47,0.3833835351467132,716.8957760334015,11.18,4703.470000000002
429,"[5, 59, 6, 21, 73, 55, 92, 50, 63, 3]",87.48,0.3470764179527759,718.5593497753143,10.55,4714.020000000002
430,"[48, 87, 54, 22, 45, 27, 23, 35, 57, 19]",87.52,0.342139496654272,720.2544984817505,12.1,4726.120000000003
431,"[4, 78, 79, 31, 82, 37, 63, 52, 70, 61]",86.74,0.3626794424653053,721.990921497345,11.29,4737.410000000003
432,"[7, 11, 35, 49, 17, 53, 25, 82, 67, 31]",87.08,0.3523533479869365,723.4506657123566,10.58,4747.9900000000025
433,"[80, 69, 2, 48, 91, 45, 61, 62, 44, 72]",86.04,0.3813486465811729,725.3274209499359,12.1,4760.090000000003
434,"[64, 41, 49, 34, 23, 3, 40, 76, 28, 99]",85.17,0.416322657763958,726.7779068946838,11.38,4771.470000000003
435,"[35, 7, 60, 67, 45, 98, 74, 29, 20, 12]",87.61,0.3379620862007141,728.436279296875,11.71,4783.180000000003
436,"[31, 84, 30, 34, 68, 94, 7, 97, 28, 73]",86.56,0.3729145960509777,729.9334964752197,11.34,4794.520000000003
437,"[49, 45, 22, 30, 75, 40, 94, 89, 3, 90]",85.29,0.4025944803655147,731.5134365558624,11.71,4806.230000000003
438,"[89, 45, 72, 18, 24, 63, 69, 39, 22, 62]",86.96,0.3573864813148975,733.2818522453308,11.71,4817.940000000003
439,"[4, 11, 7, 29, 77, 28, 2, 67, 61, 0]",85.82,0.3787947823107243,735.1385402679443,11.34,4829.280000000003
440,"[42, 78, 25, 16, 43, 91, 22, 41, 7, 2]",83.84,0.4431539337337017,736.6641552448273,11.19,4840.470000000003
441,"[18, 75, 90, 99, 14, 67, 46, 9, 47, 84]",87.68,0.3402481438219547,738.1954090595245,10.86,4851.330000000003
442,"[50, 75, 12, 43, 38, 41, 17, 20, 93, 55]",87.04,0.3538766148686409,739.6103858947754,11.19,4862.520000000002
443,"[81, 62, 83, 40, 22, 90, 71, 88, 78, 45]",86.99,0.3593598620593548,741.1877346038818,11.71,4874.230000000002
444,"[28, 85, 75, 22, 48, 39, 93, 88, 37, 16]",87.31,0.3470457983016968,742.6446664333344,12.1,4886.330000000003
445,"[22, 93, 0, 89, 73, 50, 98, 72, 4, 23]",87.02,0.3484862558543682,744.332019329071,10.78,4897.110000000002
446,"[77, 40, 78, 28, 81, 72, 13, 63, 18, 42]",87.6,0.3422189530730247,745.8910961151123,11.34,4908.450000000003
447,"[95, 9, 30, 44, 40, 21, 81, 11, 90, 85]",87.45,0.3466870756447315,747.4695317745209,10.93,4919.380000000003
448,"[81, 93, 42, 57, 1, 33, 26, 31, 88, 8]",86.92,0.3565418852865696,748.9567856788635,11.18,4930.560000000003
449,"[44, 32, 13, 92, 0, 6, 49, 56, 93, 53]",86.99,0.3588561862707138,750.7235264778137,11.1,4941.6600000000035
450,"[21, 52, 63, 48, 44, 69, 12, 61, 73, 83]",87.69,0.3333723475039005,752.6718347072601,12.1,4953.760000000004
451,"[97, 87, 28, 20, 57, 9, 4, 37, 2, 40]",86.32,0.3663886453211307,754.4252803325653,11.34,4965.100000000004
452,"[33, 13, 9, 43, 21, 48, 20, 93, 70, 11]",86.75,0.3661670932173729,756.3814361095428,12.1,4977.200000000004
453,"[43, 76, 78, 61, 90, 3, 55, 83, 21, 77]",87.62,0.3443153563141823,758.14018034935,11.29,4988.490000000004
454,"[55, 20, 6, 12, 42, 26, 24, 52, 89, 70]",87.39,0.3493215170502662,759.9124090671539,11.18,4999.670000000005
455,"[92, 93, 69, 33, 84, 36, 38, 30, 12, 6]",86.42,0.3723489269614219,761.6728067398071,9.18,5008.850000000005
456,"[50, 73, 70, 62, 19, 6, 46, 0, 54, 11]",86.45,0.3711162555217743,763.2680025100708,10.55,5019.400000000005
457,"[37, 84, 80, 76, 61, 25, 12, 3, 26, 21]",87.67,0.3372620287537575,765.1410558223724,11.29,5030.690000000005
458,"[81, 37, 10, 60, 14, 39, 50, 62, 84, 33]",86.52,0.3630942359566688,766.7528424263,8.7,5039.390000000005
459,"[11, 82, 69, 49, 23, 47, 48, 57, 5, 33]",87.87,0.3353309401869774,768.7491140365601,12.1,5051.490000000005
460,"[56, 59, 33, 28, 34, 72, 7, 19, 96, 89]",87.44,0.3463379307091236,770.6035468578339,11.34,5062.830000000005
461,"[85, 12, 10, 44, 69, 52, 96, 75, 29, 70]",86.45,0.3811690606176853,772.4955542087555,10.11,5072.940000000005
462,"[7, 49, 66, 53, 68, 87, 60, 73, 30, 38]",86.08,0.3798336170613766,773.9351499080658,10.58,5083.520000000005
463,"[10, 50, 91, 4, 64, 73, 66, 86, 79, 18]",86.51,0.3671672363579273,775.3420610427856,11.38,5094.900000000005
464,"[15, 96, 57, 22, 21, 27, 24, 16, 5, 54]",87.63,0.3414898924529552,777.2210168838501,8.72,5103.620000000005
465,"[10, 87, 55, 25, 80, 18, 76, 33, 40, 93]",87.61,0.3449056927859783,778.6795744895935,10.93,5114.550000000006
466,"[8, 11, 49, 71, 50, 70, 41, 35, 66, 58]",87.71,0.3414454072713851,780.1460537910461,11.19,5125.740000000005
467,"[1, 89, 79, 75, 66, 53, 14, 19, 18, 72]",87.33,0.3422340081632137,781.8333165645599,10.78,5136.520000000005
468,"[75, 74, 97, 12, 13, 72, 99, 36, 68, 44]",86.97,0.3598216544091701,783.2188584804535,10.78,5147.300000000005
469,"[52, 33, 49, 83, 62, 73, 77, 60, 4, 22]",87.69,0.3415238374471664,784.9829931259155,10.58,5157.880000000005
470,"[35, 51, 18, 79, 77, 87, 88, 4, 50, 42]",86.19,0.3767969496548176,786.6199958324432,11.18,5169.060000000005
471,"[88, 30, 6, 95, 60, 34, 47, 2, 43, 38]",85.18,0.4036826801300048,788.3749358654022,10.86,5179.920000000005
472,"[39, 35, 62, 89, 87, 12, 29, 17, 38, 95]",87.15,0.3489658437669277,789.9695253372192,9.3,5189.220000000005
473,"[56, 99, 41, 34, 93, 53, 77, 82, 11, 24]",87.3,0.3435873524844646,791.7180256843567,11.19,5200.410000000004
474,"[56, 27, 52, 94, 62, 97, 66, 47, 7, 65]",86.6,0.3727428004145622,793.4136199951172,11.1,5211.510000000005
475,"[20, 8, 39, 90, 64, 51, 17, 99, 67, 72]",86.95,0.3546591344475746,794.9523434638977,11.38,5222.890000000005
476,"[3, 22, 24, 25, 7, 31, 4, 58, 6, 46]",87.39,0.3424246247112751,796.5721909999847,10.1,5232.990000000005
477,"[90, 25, 35, 47, 59, 64, 50, 81, 15, 87]",87.99,0.3397215062379837,798.1345534324646,11.38,5244.370000000005
478,"[3, 30, 47, 62, 76, 57, 22, 60, 75, 70]",87.4,0.3469494462013244,799.8133866786957,10.86,5255.230000000005
479,"[44, 20, 33, 95, 88, 11, 36, 3, 49, 6]",85.56,0.3822075828909874,801.2996199131012,10.58,5265.810000000005
480,"[20, 73, 99, 27, 28, 82, 86, 26, 34, 83]",87.7,0.3337684719264507,802.8898086547852,11.34,5277.150000000005
481,"[52, 65, 2, 99, 98, 87, 1, 60, 16, 82]",86.85,0.3636060884594917,804.6634171009064,10.11,5287.260000000005
482,"[22, 76, 1, 28, 32, 77, 39, 91, 90, 82]",88.03,0.3290308654308319,806.2795166969299,11.34,5298.600000000005
483,"[35, 54, 48, 44, 58, 32, 27, 59, 38, 86]",87.79,0.3328268006443977,807.9939594268799,12.1,5310.700000000005
484,"[66, 79, 50, 74, 13, 0, 65, 84, 47, 71]",87.97,0.330731848180294,809.5104601383209,11.09,5321.790000000005
485,"[82, 76, 77, 36, 38, 87, 13, 61, 8, 43]",87.19,0.3560452561080456,810.8910245895386,11.29,5333.080000000005
486,"[35, 81, 41, 33, 83, 91, 38, 24, 19, 66]",87.02,0.3625452053546905,812.4650175571442,11.19,5344.270000000005
487,"[97, 30, 7, 76, 51, 84, 40, 87, 17, 92]",87.55,0.3436784172058105,814.3351578712463,10.93,5355.200000000005
488,"[3, 83, 63, 37, 33, 53, 51, 49, 94, 4]",87.22,0.3525528089702129,816.0308446884155,10.58,5365.780000000005
489,"[74, 90, 73, 24, 43, 92, 91, 28, 87, 68]",88.02,0.329613596200943,817.6063044071198,11.34,5377.120000000005
490,"[81, 60, 85, 45, 64, 38, 21, 84, 71, 23]",87.79,0.3348636874556541,819.3885233402252,11.71,5388.830000000005
491,"[37, 12, 60, 16, 94, 33, 92, 71, 97, 23]",85.89,0.3938761492073536,821.2402944564819,11.09,5399.9200000000055
492,"[87, 42, 83, 11, 28, 45, 95, 39, 53, 47]",87.35,0.3503331461548805,822.8190367221832,11.71,5411.630000000006
493,"[33, 74, 37, 59, 15, 60, 6, 81, 79, 9]",87.91,0.3338110569119453,824.6801300048828,10.63,5422.260000000006
494,"[60, 24, 64, 15, 87, 48, 67, 38, 52, 6]",86.87,0.366596807539463,826.4965190887451,12.1,5434.360000000006
495,"[19, 17, 25, 43, 52, 72, 58, 18, 40, 91]",87.48,0.3470337906479835,828.2722980976105,10.93,5445.290000000006
496,"[23, 99, 10, 62, 42, 80, 22, 40, 81, 7]",86.52,0.3711286760866642,829.8346617221832,11.18,5456.470000000007
497,"[0, 57, 35, 26, 97, 99, 21, 73, 20, 62]",86.61,0.3646361239254475,831.5664596557617,11.13,5467.600000000007
498,"[97, 99, 11, 16, 78, 55, 81, 54, 51, 61]",87.61,0.3449347269535064,833.1281006336212,11.29,5478.890000000007
499,"[49, 0, 4, 68, 25, 93, 47, 1, 41, 96]",88.09,0.3318730869889259,834.6734201908112,11.19,5490.080000000006
500,"[67, 24, 2, 86, 0, 80, 93, 31, 28, 88]",87.14,0.3627041383087635,836.3838353157043,11.34,5501.420000000006
501,"[44, 39, 16, 13, 49, 64, 75, 21, 8, 5]",87.37,0.3469943624734878,837.9618561267853,11.38,5512.800000000007
502,"[38, 37, 58, 93, 66, 76, 67, 43, 55, 87]",87.97,0.3350259435176849,839.5598418712616,9.03,5521.830000000006
503,"[17, 43, 62, 45, 96, 24, 21, 51, 2, 29]",86.88,0.3672759695351124,841.4108142852783,11.71,5533.540000000006
504,"[28, 93, 16, 27, 2, 75, 64, 21, 15, 46]",86.62,0.3736866696178913,843.1405022144318,11.38,5544.920000000006
505,"[91, 83, 4, 48, 81, 32, 98, 68, 79, 6]",86.31,0.3797041742503643,844.8222658634186,12.1,5557.020000000007
506,"[76, 6, 84, 13, 83, 2, 88, 14, 53, 56]",86.21,0.3775648762285709,846.5685164928436,11.1,5568.120000000007
507,"[48, 15, 70, 32, 60, 89, 19, 26, 88, 87]",88.18,0.3265169510245323,848.4695320129395,12.1,5580.2200000000075
508,"[80, 1, 38, 53, 84, 12, 66, 34, 79, 77]",88.12,0.3247903378307819,850.0503296852112,10.63,5590.850000000008
509,"[89, 17, 53, 13, 65, 92, 79, 15, 36, 14]",87.5,0.3481077685952186,851.7168991565704,10.63,5601.480000000008
510,"[13, 63, 25, 77, 99, 33, 66, 45, 90, 52]",87.27,0.3528626112639904,853.2250990867615,11.71,5613.190000000008
511,"[37, 20, 5, 70, 63, 26, 88, 61, 42, 30]",87.29,0.3435103292763233,854.805356502533,11.29,5624.480000000008
512,"[0, 1, 85, 11, 14, 73, 63, 19, 99, 65]",87.97,0.3415053005516529,856.5030946731567,10.55,5635.030000000008
513,"[9, 92, 12, 32, 82, 29, 58, 37, 33, 59]",87.54,0.346381638944149,858.3146522045135,8.96,5643.990000000008
514,"[6, 12, 22, 5, 37, 46, 86, 40, 54, 94]",87.04,0.3526961356401443,859.8971328735352,10.93,5654.920000000008
515,"[14, 12, 97, 5, 1, 17, 84, 82, 21, 42]",87.88,0.3295832973718643,861.5368432998657,11.18,5666.100000000009
516,"[45, 56, 79, 34, 93, 11, 47, 43, 23, 14]",87.87,0.3355482649803161,863.1253039836884,11.71,5677.810000000009
517,"[51, 58, 34, 49, 88, 61, 53, 83, 21, 14]",87.57,0.3505921798944473,864.8244545459747,11.29,5689.100000000009
518,"[16, 89, 92, 7, 20, 13, 53, 75, 61, 72]",86.83,0.3584444533288479,866.3090960979462,11.29,5700.3900000000085
519,"[86, 56, 23, 78, 48, 99, 45, 3, 87, 93]",87.17,0.346825146228075,867.9853527545929,12.1,5712.490000000009
520,"[16, 61, 62, 14, 52, 56, 5, 8, 33, 83]",88.04,0.3281927508115768,869.6941108703613,11.29,5723.780000000009
521,"[40, 1, 90, 86, 67, 98, 95, 73, 92, 72]",87.42,0.3414845596253872,871.3390865325928,10.93,5734.710000000009
522,"[28, 85, 43, 66, 88, 89, 79, 12, 55, 84]",87.49,0.3439212045073509,872.8510789871216,11.34,5746.050000000009
523,"[93, 31, 61, 44, 84, 86, 82, 49, 19, 71]",88.28,0.3292044246196747,874.3680968284607,11.29,5757.340000000009
524,"[78, 6, 1, 82, 20, 64, 60, 63, 21, 9]",87.08,0.3538175110518932,875.99955534935,11.38,5768.720000000009
525,"[96, 62, 41, 30, 42, 35, 6, 64, 28, 70]",86.98,0.3599057403206825,877.6027736663818,11.38,5780.1000000000095
526,"[82, 48, 51, 30, 10, 58, 56, 73, 57, 11]",87.6,0.34279685780406,879.4634168148041,12.1,5792.20000000001
527,"[63, 57, 40, 15, 95, 83, 2, 13, 51, 52]",86.99,0.3755923272669315,881.1243243217468,10.93,5803.13000000001
528,"[4, 71, 70, 0, 11, 77, 79, 81, 38, 65]",87.97,0.3355793425440788,882.9225521087646,11.09,5814.22000000001
529,"[71, 26, 83, 85, 58, 43, 46, 6, 28, 42]",88.24,0.3260058473050594,884.5231342315674,11.34,5825.56000000001
530,"[71, 98, 79, 76, 60, 91, 84, 46, 57, 14]",88.18,0.3287755286693573,885.9885709285736,11.09,5836.650000000011
531,"[12, 97, 84, 28, 0, 43, 45, 81, 37, 70]",87.94,0.3388598121702671,887.5607299804688,11.71,5848.360000000011
532,"[66, 47, 89, 13, 5, 21, 63, 17, 91, 95]",87.94,0.3327272690832615,889.2844722270966,10.86,5859.22000000001
533,"[92, 52, 13, 32, 78, 25, 24, 15, 50, 27]",88.33,0.3310333535075188,891.2408311367035,10.11,5869.33000000001
534,"[58, 24, 91, 43, 13, 96, 53, 5, 81, 86]",88.17,0.3330703414976597,893.0085320472717,8.72,5878.05000000001
535,"[75, 15, 98, 57, 58, 84, 64, 17, 63, 0]",88.25,0.33427793353796,894.6980335712433,11.38,5889.43000000001
536,"[67, 94, 6, 70, 55, 74, 61, 65, 99, 22]",87.4,0.3562851464748383,896.2654547691345,11.29,5900.72000000001
537,"[88, 74, 22, 93, 16, 13, 49, 84, 76, 77]",88.01,0.3341896876692772,897.6713194847107,10.58,5911.30000000001
538,"[41, 64, 49, 53, 77, 88, 97, 31, 35, 50]",88.06,0.3355425649881363,899.0375773906708,11.38,5922.68000000001
539,"[43, 37, 57, 17, 52, 77, 89, 95, 65, 38]",88.42,0.325854127407074,900.4171817302704,10.11,5932.79000000001
540,"[89, 70, 40, 91, 94, 80, 27, 25, 26, 79]",87.5,0.3455406366288662,901.8795070648192,11.13,5943.92000000001
541,"[91, 37, 87, 44, 86, 16, 90, 83, 22, 64]",87.89,0.3330312524735928,903.2739071846008,11.38,5955.30000000001
542,"[69, 88, 81, 41, 90, 14, 97, 45, 71, 61]",87.68,0.3368289877474308,904.7385306358336,11.71,5967.01000000001
543,"[74, 73, 85, 90, 53, 86, 95, 68, 36, 54]",87.85,0.3324644768238067,906.1089174747468,10.55,5977.56000000001
544,"[1, 66, 13, 3, 48, 18, 6, 85, 7, 25]",88.02,0.3338864842057228,907.548549413681,12.1,5989.660000000011
545,"[34, 96, 20, 36, 87, 32, 18, 7, 88, 37]",87.09,0.3482688716053962,909.125020980835,8.72,5998.380000000011
546,"[26, 96, 69, 4, 45, 57, 13, 78, 86, 94]",88.12,0.3286921346187592,910.685495853424,11.71,6010.090000000011
547,"[71, 28, 95, 82, 49, 30, 65, 89, 36, 88]",88.03,0.3385585357248783,912.2910237312316,11.34,6021.430000000011
548,"[85, 6, 48, 49, 53, 87, 40, 70, 1, 95]",88.24,0.3330473764240741,913.8406822681428,12.1,6033.530000000012
549,"[32, 25, 79, 99, 56, 28, 81, 90, 82, 47]",88.16,0.3221999472379684,915.5016040802002,11.34,6044.870000000012
550,"[96, 75, 69, 94, 77, 25, 99, 92, 24, 37]",88.13,0.326671048104763,917.48486328125,8.96,6053.830000000012
551,"[57, 22, 87, 9, 23, 94, 65, 15, 48, 5]",88.11,0.3327668224275112,919.13308262825,12.1,6065.930000000012
552,"[54, 35, 71, 33, 16, 20, 74, 32, 0, 42]",88.53,0.3211559049785137,920.6369576454164,11.18,6077.110000000012
553,"[59, 90, 19, 5, 41, 76, 6, 99, 80, 78]",88.43,0.3247600445151329,922.3453068733216,11.19,6088.300000000012
554,"[84, 38, 62, 73, 70, 45, 9, 90, 40, 67]",87.94,0.3329318398237228,923.6967582702636,11.71,6100.010000000012
555,"[28, 23, 66, 8, 64, 20, 53, 69, 68, 51]",87.5,0.3391303560137749,925.2275540828704,11.38,6111.390000000012
556,"[11, 44, 28, 27, 84, 42, 46, 37, 96, 79]",85.88,0.3764245493710041,926.87681889534,11.34,6122.730000000012
557,"[67, 60, 71, 96, 83, 1, 14, 85, 44, 57]",88.15,0.326238837391138,928.5497903823853,11.09,6133.820000000012
558,"[30, 82, 78, 79, 31, 5, 87, 41, 48, 14]",88.4,0.3230197948217392,930.2189538478852,12.1,6145.920000000013
559,"[49, 32, 69, 92, 36, 3, 66, 98, 47, 65]",87.2,0.3499302203953266,931.6460180282592,10.86,6156.7800000000125
560,"[65, 57, 62, 5, 37, 83, 24, 41, 10, 12]",88.25,0.3216011552512646,933.3412585258484,11.19,6167.970000000012
561,"[21, 98, 68, 0, 80, 8, 26, 85, 99, 27]",88.47,0.3170043581724167,934.5646126270294,11.13,6179.100000000012
562,"[87, 54, 13, 26, 68, 89, 94, 99, 55, 82]",88.41,0.3197354407608509,935.7343916893004,11.13,6190.230000000012
563,"[9, 95, 87, 19, 3, 58, 91, 42, 4, 11]",87.7,0.3383214619755745,937.2612731456755,11.18,6201.410000000013
564,"[9, 6, 22, 32, 71, 73, 29, 33, 52, 49]",88.36,0.3232464994490147,938.6940717697144,11.09,6212.500000000013
565,"[57, 80, 51, 55, 40, 2, 49, 86, 15, 68]",87.29,0.3631217831373214,940.0701920986176,10.93,6223.430000000013
566,"[0, 82, 92, 79, 8, 96, 95, 74, 5, 89]",88.05,0.3340214705467224,941.4356429576874,10.63,6234.060000000013
567,"[9, 45, 64, 13, 37, 87, 38, 77, 11, 36]",86.98,0.3504101361334324,942.6060814857484,11.71,6245.770000000013
568,"[97, 56, 48, 50, 84, 3, 60, 20, 68, 28]",87.71,0.3383340716361999,943.7321746349336,12.1,6257.8700000000135
569,"[17, 95, 50, 69, 37, 81, 18, 38, 86, 93]",88.49,0.3204124967753887,945.0305454730988,9.3,6267.170000000014
570,"[82, 47, 1, 70, 71, 18, 15, 5, 0, 73]",88.33,0.3309446300566196,946.4884634017944,11.09,6278.260000000014
571,"[76, 50, 68, 70, 10, 39, 26, 95, 94, 92]",88.44,0.3174805738031864,947.8730790615082,11.13,6289.390000000014
572,"[44, 27, 52, 82, 65, 18, 20, 23, 28, 78]",87.92,0.3390992458164692,949.3312666416168,11.34,6300.730000000014
573,"[32, 24, 14, 23, 85, 72, 6, 96, 70, 59]",88.49,0.3200011047720909,950.9788205623628,10.78,6311.510000000014
574,"[82, 70, 9, 37, 85, 8, 32, 12, 25, 92]",87.66,0.3430454668402671,952.3465390205384,8.96,6320.470000000014
575,"[74, 62, 42, 45, 16, 85, 83, 30, 12, 36]",87.61,0.3477696412801742,953.7394323349,11.71,6332.180000000014
576,"[79, 8, 24, 40, 62, 57, 42, 78, 84, 39]",88.09,0.3317517890036106,954.987602710724,11.18,6343.360000000014
577,"[88, 74, 19, 72, 46, 40, 54, 21, 0, 31]",88.13,0.3282660645246505,956.5524399280548,10.93,6354.2900000000145
578,"[28, 91, 94, 82, 55, 35, 46, 17, 86, 93]",88.57,0.3202388827502727,957.81622505188,11.34,6365.630000000015
579,"[42, 61, 59, 57, 45, 99, 39, 62, 70, 13]",88.18,0.3277182455360889,959.1006491184236,11.71,6377.340000000015
580,"[22, 82, 77, 10, 35, 17, 68, 25, 33, 93]",88.35,0.319379808306694,960.2619335651398,9.3,6386.640000000015
581,"[80, 9, 93, 2, 64, 3, 74, 51, 98, 75]",87.05,0.3674597418308258,961.6420216560364,11.38,6398.020000000015
582,"[27, 4, 70, 33, 69, 60, 83, 99, 19, 46]",88.48,0.3185733044147491,963.2762715816498,9.94,6407.960000000015
583,"[50, 28, 98, 75, 93, 37, 17, 59, 64, 65]",88.13,0.3309046666324138,964.7387425899506,11.38,6419.340000000015
584,"[11, 50, 46, 64, 1, 84, 30, 78, 87, 21]",87.44,0.3469329059123993,966.3952102661132,11.38,6430.720000000015
585,"[96, 65, 17, 57, 20, 22, 72, 84, 18, 94]",88.12,0.3342786419391632,968.2583270072936,10.78,6441.500000000015
586,"[93, 61, 45, 5, 28, 97, 62, 29, 8, 33]",88.55,0.3171638985723257,969.6303162574768,11.71,6453.210000000015
587,"[47, 29, 5, 85, 26, 66, 46, 49, 60, 58]",88.31,0.3255852863192558,971.4883122444152,11.13,6464.340000000015
588,"[5, 83, 41, 13, 90, 66, 81, 35, 94, 33]",87.66,0.3491444046795368,973.0749142169952,11.19,6475.530000000014
589,"[74, 69, 72, 22, 48, 83, 46, 75, 9, 66]",88.18,0.3191704791784286,975.0535078048706,12.1,6487.630000000015
590,"[32, 48, 28, 66, 51, 45, 44, 62, 61, 77]",88.44,0.3221951845288276,976.6331470012664,12.1,6499.730000000015
591,"[0, 64, 17, 56, 21, 29, 9, 65, 82, 35]",87.73,0.3366819922626018,978.6352174282074,11.38,6511.110000000015
592,"[27, 19, 23, 20, 46, 77, 91, 15, 84, 29]",88.57,0.326372509598732,980.465451478958,9.94,6521.050000000015
593,"[53, 42, 92, 14, 61, 86, 26, 75, 20, 82]",87.75,0.3390665337443351,982.0958604812622,11.29,6532.340000000015
594,"[52, 2, 31, 5, 16, 73, 75, 20, 17, 80]",87.77,0.3387008547782898,983.788800239563,10.55,6542.890000000015
595,"[65, 5, 73, 18, 7, 21, 33, 23, 66, 51]",88.61,0.3176342643797397,985.3301026821136,10.55,6553.440000000015
596,"[76, 72, 81, 2, 92, 93, 84, 36, 10, 27]",86.37,0.3703257724642753,987.35223031044,10.78,6564.220000000015
597,"[57, 77, 60, 61, 21, 28, 52, 76, 18, 74]",88.73,0.3177204047143459,989.0159554481506,11.34,6575.560000000015
598,"[98, 23, 79, 84, 65, 33, 21, 92, 87, 43]",88.4,0.3290093432366848,990.8780753612518,10.63,6586.190000000015
599,"[58, 76, 75, 8, 29, 48, 49, 16, 13, 2]",88.18,0.3276066920161247,992.5263857841492,12.1,6598.290000000015
600,"[25, 66, 64, 87, 53, 19, 77, 12, 22, 60]",88.94,0.3127046433091163,994.0623650550842,11.38,6609.6700000000155
601,"[78, 76, 4, 68, 64, 96, 15, 11, 61, 84]",88.54,0.3265787345170974,995.833267211914,11.38,6621.050000000016
602,"[16, 77, 69, 0, 99, 86, 83, 55, 66, 53]",88.15,0.3332139770686626,997.2897856235504,9.23,6630.280000000015
603,"[47, 5, 89, 67, 54, 29, 61, 98, 48, 44]",88.36,0.3272985447943211,998.8781080245972,12.1,6642.380000000016
604,"[75, 94, 97, 89, 73, 12, 54, 17, 32, 61]",87.61,0.3516029094159603,1000.4605796337128,11.29,6653.6700000000155
605,"[98, 29, 10, 36, 76, 69, 52, 32, 24, 0]",88.68,0.3204037646204233,1002.2233581542968,10.11,6663.780000000015
606,"[90, 95, 0, 73, 66, 15, 48, 83, 26, 88]",88.19,0.3286546954512596,1003.7902083396912,12.1,6675.880000000016
607,"[40, 52, 46, 13, 19, 54, 83, 74, 32, 33]",88.12,0.3400765265524387,1005.57506108284,10.93,6686.810000000016
608,"[68, 54, 72, 46, 78, 35, 87, 50, 96, 26]",87.8,0.3349222956597805,1007.3702788352966,11.13,6697.940000000016
609,"[52, 70, 71, 61, 22, 47, 32, 39, 73, 44]",88.58,0.3169864153861999,1008.9702174663544,11.29,6709.230000000016
610,"[99, 90, 50, 94, 17, 84, 15, 95, 29, 57]",88.67,0.3239165186882019,1010.642092704773,9.3,6718.530000000016
611,"[89, 20, 12, 27, 65, 51, 43, 70, 78, 87]",88.27,0.3291352514922618,1012.408830165863,8.94,6727.470000000016
612,"[90, 6, 20, 49, 81, 0, 11, 18, 60, 76]",87.94,0.3316852383315563,1014.1052303314208,10.58,6738.050000000016
613,"[55, 11, 8, 33, 28, 47, 10, 77, 4, 92]",88.71,0.3216842007637024,1015.8116075992584,11.34,6749.390000000016
614,"[49, 51, 78, 83, 66, 36, 91, 76, 7, 99]",87.55,0.3515809075534343,1017.1689352989196,10.58,6759.970000000016
615,"[22, 81, 63, 56, 1, 25, 84, 66, 36, 24]",88.33,0.3201119047403336,1018.8705976009368,11.1,6771.070000000016
616,"[4, 76, 65, 66, 89, 29, 78, 21, 86, 46]",88.57,0.3249416217207909,1020.5324251651764,9.03,6780.100000000016
617,"[30, 83, 0, 20, 11, 35, 99, 51, 45, 85]",87.45,0.3573919485509396,1022.0746545791626,11.71,6791.810000000016
618,"[50, 51, 75, 25, 66, 1, 94, 90, 8, 11]",88.67,0.3192393305897713,1023.463900089264,9.03,6800.840000000016
619,"[70, 36, 92, 71, 74, 44, 35, 28, 77, 24]",88.33,0.3294117707014083,1025.0208456516266,11.34,6812.180000000016
620,"[58, 51, 73, 0, 33, 22, 52, 64, 13, 71]",88.5,0.3288233876228332,1026.5229878425598,11.38,6823.560000000016
621,"[9, 64, 37, 43, 14, 65, 32, 68, 73, 88]",88.49,0.3185407334566116,1027.8887584209442,11.38,6834.940000000016
622,"[56, 48, 72, 61, 98, 31, 96, 43, 99, 58]",88.78,0.3161715641617775,1029.838488817215,12.1,6847.040000000016
623,"[87, 58, 75, 3, 61, 14, 33, 8, 48, 81]",88.01,0.3367695468664169,1031.4351303577423,12.1,6859.140000000017
624,"[28, 86, 89, 29, 40, 52, 45, 66, 68, 1]",88.56,0.3216002315282821,1032.8127257823944,11.71,6870.850000000017
625,"[89, 33, 31, 36, 11, 51, 86, 95, 43, 9]",88.31,0.3286708508431911,1034.200063943863,8.45,6879.300000000017
626,"[70, 22, 60, 40, 45, 27, 73, 34, 23, 95]",88.76,0.3181649932265282,1035.5385856628418,11.71,6891.010000000017
627,"[87, 24, 63, 94, 25, 30, 33, 26, 29, 31]",88.89,0.3101141090691089,1037.0275235176086,11.13,6902.140000000017
628,"[79, 45, 19, 99, 13, 15, 10, 86, 84, 63]",87.52,0.3472582918405533,1038.3331866264343,11.71,6913.850000000017
629,"[78, 0, 97, 69, 5, 61, 47, 79, 40, 63]",88.69,0.3198426711559295,1039.8137817382812,11.29,6925.140000000017
630,"[73, 35, 62, 23, 97, 65, 50, 28, 96, 16]",88.7,0.3192966399341821,1040.995243549347,11.34,6936.480000000017
631,"[6, 67, 54, 61, 69, 4, 64, 44, 50, 87]",88.41,0.3247678858041763,1042.248033761978,11.38,6947.860000000017
632,"[99, 22, 58, 15, 89, 66, 40, 88, 1, 86]",87.64,0.3540243065357208,1043.6745071411133,10.93,6958.790000000017
633,"[26, 48, 74, 12, 41, 46, 78, 33, 23, 70]",88.33,0.3311597786843777,1045.1394629478457,12.1,6970.890000000018
634,"[33, 30, 34, 60, 78, 43, 46, 23, 63, 54]",88.32,0.3293774630129337,1046.4628365039823,9.18,6980.070000000018
635,"[26, 53, 89, 96, 47, 46, 51, 35, 57, 23]",88.89,0.3125910908728838,1047.994910478592,11.13,6991.200000000018
636,"[73, 16, 87, 29, 12, 92, 34, 30, 71, 55]",88.0,0.3400615361332893,1049.5012052059174,11.09,7002.290000000018
637,"[48, 25, 18, 94, 19, 60, 1, 22, 53, 63]",88.24,0.329383357912302,1051.0547406673431,12.1,7014.3900000000185
638,"[17, 80, 66, 68, 92, 40, 62, 38, 32, 71]",87.28,0.3652379243075848,1052.3123331069946,11.09,7025.480000000019
639,"[72, 6, 50, 12, 88, 20, 7, 27, 32, 60]",87.2,0.3436770960688591,1053.87885928154,10.78,7036.260000000018
640,"[80, 12, 57, 95, 42, 33, 46, 71, 32, 44]",88.24,0.3378204447031021,1055.232591867447,11.18,7047.440000000019
641,"[2, 52, 15, 44, 86, 77, 25, 73, 83, 68]",86.81,0.3688068760931491,1056.573224067688,10.55,7057.990000000019
642,"[22, 99, 36, 45, 41, 86, 65, 62, 94, 57]",88.3,0.3373191232979298,1057.7602186203003,11.71,7069.700000000019
643,"[10, 48, 78, 36, 59, 80, 18, 21, 81, 43]",88.58,0.3229620552062988,1059.1932616233826,12.1,7081.800000000019
644,"[53, 80, 78, 73, 51, 9, 10, 20, 43, 29]",88.3,0.325003369897604,1060.375855922699,10.55,7092.3500000000195
645,"[40, 83, 37, 90, 34, 77, 82, 50, 56, 99]",88.84,0.311491425037384,1061.7048518657684,11.1,7103.45000000002
646,"[46, 95, 75, 66, 57, 52, 21, 23, 2, 16]",88.71,0.3189825801551342,1063.2110261917114,10.11,7113.5600000000195
647,"[93, 30, 84, 32, 95, 89, 10, 26, 21, 50]",88.5,0.3167863772809505,1064.65257024765,11.13,7124.69000000002
648,"[13, 12, 8, 60, 70, 6, 3, 98, 50, 67]",88.73,0.3160514512658119,1065.7146122455597,10.1,7134.79000000002
649,"[97, 10, 13, 33, 79, 19, 83, 49, 39, 29]",88.14,0.333970588594675,1066.9115178585052,10.63,7145.42000000002
650,"[31, 94, 36, 56, 80, 16, 67, 21, 3, 4]",88.95,0.3174372914433479,1068.6098728179932,11.1,7156.52000000002
651,"[84, 45, 41, 60, 59, 69, 34, 70, 56, 17]",88.46,0.3197150959074497,1070.2574391365051,11.71,7168.2300000000205
652,"[89, 69, 22, 75, 76, 58, 80, 95, 81, 72]",88.06,0.328974339812994,1072.0642380714417,10.78,7179.01000000002
653,"[55, 67, 81, 68, 39, 44, 61, 69, 29, 11]",88.82,0.3094167492538691,1073.7313392162323,11.29,7190.30000000002
654,"[56, 39, 46, 52, 33, 19, 38, 1, 0, 66]",88.63,0.3200917369127273,1075.4484434127808,11.1,7201.400000000021
655,"[97, 17, 44, 36, 60, 68, 1, 88, 62, 96]",88.59,0.3206260944902896,1076.9915816783905,9.3,7210.700000000021
656,"[61, 38, 1, 98, 55, 37, 76, 29, 0, 70]",88.88,0.3173893748223781,1078.5951719284058,11.29,7221.990000000021
657,"[47, 24, 52, 71, 55, 50, 31, 20, 91, 94]",87.48,0.3526266407966614,1080.4224224090576,11.09,7233.080000000021
658,"[82, 49, 48, 28, 33, 10, 54, 80, 30, 66]",88.47,0.3374720720946789,1081.9977407455444,12.1,7245.180000000021
659,"[97, 78, 88, 87, 34, 36, 83, 95, 68, 52]",88.97,0.3188149246573448,1083.535764694214,10.11,7255.290000000021
660,"[24, 8, 23, 17, 37, 14, 81, 58, 79, 57]",88.84,0.3156875245273113,1085.7706234455109,10.63,7265.920000000021
661,"[34, 89, 79, 62, 24, 41, 2, 19, 6, 68]",86.41,0.3778173865377903,1087.5456211566925,11.19,7277.110000000021
662,"[2, 23, 13, 36, 34, 16, 91, 56, 93, 1]",88.5,0.324917953312397,1089.2293441295624,11.1,7288.210000000021
663,"[29, 11, 19, 1, 63, 27, 43, 53, 39, 47]",87.93,0.3410727006196976,1091.1121804714203,10.86,7299.070000000021
664,"[59, 89, 4, 42, 10, 96, 18, 7, 34, 99]",88.57,0.3218945041298866,1092.6667251586914,11.18,7310.250000000021
665,"[50, 9, 69, 60, 23, 24, 32, 48, 1, 15]",88.62,0.3229660637676715,1094.754647731781,12.1,7322.350000000021
666,"[98, 91, 31, 49, 56, 94, 4, 25, 58, 12]",88.71,0.3181854794919491,1096.510318994522,11.1,7333.450000000022
667,"[66, 85, 26, 60, 49, 87, 39, 41, 20, 80]",88.84,0.311572330892086,1097.9734613895416,11.19,7344.640000000021
668,"[93, 5, 95, 70, 66, 15, 32, 61, 81, 38]",88.98,0.31292814463377,1099.551285982132,11.29,7355.930000000021
669,"[25, 46, 6, 85, 27, 14, 30, 81, 55, 41]",88.06,0.3343931455910205,1101.2433536052704,11.19,7367.120000000021
670,"[1, 21, 35, 74, 15, 50, 31, 5, 88, 60]",88.89,0.3155249699950218,1102.9164924621582,8.45,7375.570000000021
671,"[88, 76, 19, 47, 98, 11, 31, 20, 63, 87]",88.47,0.3273372763395309,1104.6838235855105,10.86,7386.43000000002
672,"[79, 43, 97, 80, 7, 45, 82, 19, 89, 68]",89.06,0.3117658223211765,1106.230054855347,11.71,7398.14000000002
673,"[13, 16, 62, 29, 40, 71, 82, 96, 44, 56]",87.65,0.3494715347886085,1107.8950123786926,11.1,7409.240000000021
674,"[93, 24, 2, 88, 48, 45, 92, 17, 32, 5]",88.6,0.317744072675705,1109.76043510437,12.1,7421.340000000021
675,"[62, 90, 56, 71, 37, 69, 89, 24, 72, 23]",88.19,0.3321343541145324,1111.8413145542145,11.1,7432.440000000021
676,"[69, 44, 41, 93, 59, 35, 76, 70, 20, 8]",88.68,0.3174338787794113,1113.4318799972534,11.19,7443.630000000021
677,"[67, 19, 57, 37, 33, 69, 46, 58, 0, 99]",89.24,0.3075978720188141,1115.1247272491455,9.94,7453.570000000021
678,"[81, 64, 48, 93, 23, 2, 79, 46, 99, 30]",88.35,0.3264362785220146,1116.9946355819702,12.1,7465.670000000021
679,"[41, 92, 8, 84, 68, 49, 24, 67, 87, 63]",88.47,0.3191962479054928,1118.6523814201355,11.19,7476.860000000021
680,"[98, 70, 19, 78, 36, 41, 52, 82, 14, 12]",88.38,0.3366743572056293,1120.2147371768951,11.19,7488.05000000002
681,"[66, 84, 8, 5, 16, 22, 4, 25, 13, 62]",88.74,0.3161610022187233,1121.6983597278595,9.03,7497.08000000002
682,"[24, 12, 4, 73, 82, 49, 84, 62, 67, 79]",88.87,0.3092491914331913,1123.6085257530212,10.63,7507.71000000002
683,"[89, 75, 32, 6, 46, 28, 77, 91, 9, 1]",88.29,0.3196867050230503,1125.188754081726,11.34,7519.05000000002
684,"[26, 83, 62, 10, 59, 81, 7, 46, 71, 95]",88.72,0.312104112803936,1126.7734670639038,11.13,7530.18000000002
685,"[53, 47, 90, 7, 78, 34, 67, 5, 93, 9]",89.06,0.3036338132619858,1128.245050907135,10.86,7541.04000000002
686,"[38, 9, 27, 66, 12, 92, 29, 68, 49, 24]",89.02,0.3140481887757778,1130.0391387939453,10.58,7551.62000000002
687,"[24, 67, 84, 31, 72, 80, 22, 71, 95, 53]",88.93,0.3096358666568994,1131.811847448349,11.09,7562.71000000002
688,"[95, 13, 98, 81, 73, 45, 86, 58, 89, 85]",88.14,0.3365504139661789,1133.3142926692965,11.71,7574.42000000002
689,"[54, 13, 21, 23, 70, 51, 64, 43, 84, 20]",88.95,0.3087866029143333,1134.879967212677,11.38,7585.80000000002
690,"[68, 76, 56, 45, 40, 70, 41, 47, 52, 97]",88.38,0.3292609749734401,1136.4695489406586,11.71,7597.51000000002
691,"[81, 55, 92, 41, 77, 30, 72, 69, 27, 48]",87.97,0.336380253881216,1138.5703375339508,12.1,7609.610000000021
692,"[98, 70, 95, 32, 46, 57, 50, 0, 92, 4]",88.88,0.3122849369049072,1140.2384405136108,9.23,7618.84000000002
693,"[36, 76, 2, 66, 17, 38, 0, 28, 27, 40]",88.46,0.3281606328487396,1141.9090089797974,11.34,7630.18000000002
694,"[2, 98, 88, 35, 70, 65, 71, 73, 19, 12]",87.73,0.34675835698843,1143.774573802948,11.09,7641.27000000002
695,"[4, 58, 45, 19, 17, 33, 46, 74, 31, 29]",89.21,0.3121930602192879,1145.5507707595823,11.71,7652.9800000000205
696,"[32, 38, 11, 73, 51, 72, 27, 93, 9, 92]",88.19,0.3341068857908248,1147.517085313797,10.78,7663.76000000002
697,"[41, 61, 22, 62, 88, 89, 73, 12, 76, 82]",88.45,0.3264320094883441,1148.9885647296906,11.29,7675.05000000002
698,"[38, 4, 93, 73, 48, 10, 99, 7, 98, 42]",88.09,0.3380935911834239,1150.552889585495,12.1,7687.150000000021
699,"[44, 55, 53, 15, 98, 29, 95, 83, 77, 1]",88.7,0.3252976422011852,1152.3311717510223,8.59,7695.740000000021
700,"[81, 99, 80, 48, 6, 39, 67, 5, 40, 69]",88.93,0.3122332376241684,1154.036327123642,12.1,7707.840000000021
701,"[72, 19, 41, 64, 89, 28, 6, 86, 93, 50]",88.06,0.3336488753557205,1155.5118350982666,11.38,7719.220000000021
702,"[57, 96, 76, 73, 64, 11, 28, 55, 37, 50]",88.53,0.3186905635893345,1157.1906530857086,11.38,7730.600000000021
703,"[18, 16, 43, 10, 60, 73, 95, 6, 70, 51]",87.21,0.3544172137975693,1158.5665669441223,10.55,7741.1500000000215
704,"[33, 10, 51, 64, 55, 99, 89, 16, 97, 17]",88.39,0.3271313554048538,1159.8022983074188,11.38,7752.530000000022
705,"[61, 71, 25, 62, 50, 83, 73, 78, 94, 67]",88.94,0.3130206903815269,1161.3934679031372,11.29,7763.8200000000215
706,"[31, 9, 34, 99, 55, 41, 87, 73, 11, 14]",88.62,0.3162312702834606,1162.8687443733215,11.19,7775.010000000021
707,"[85, 52, 54, 46, 44, 24, 41, 76, 83, 3]",88.42,0.3286771120131015,1164.6368517875671,11.19,7786.200000000021
708,"[98, 39, 21, 44, 78, 56, 79, 18, 5, 29]",88.51,0.3187752924859524,1166.296908378601,11.1,7797.300000000021
709,"[25, 87, 47, 19, 96, 93, 10, 14, 94, 6]",89.04,0.3084137064218521,1167.9895598888395,10.86,7808.160000000021
710,"[31, 79, 18, 36, 1, 43, 88, 14, 39, 57]",89.2,0.3055791221559047,1169.5197994709015,10.63,7818.790000000021
711,"[60, 2, 42, 26, 94, 68, 27, 69, 66, 96]",87.56,0.3471129541099071,1171.6242203712463,11.18,7829.970000000021
712,"[33, 70, 61, 79, 93, 18, 88, 89, 85, 2]",87.15,0.3565278056263923,1173.2704849243164,11.29,7841.260000000021
713,"[48, 74, 84, 67, 5, 32, 21, 7, 36, 25]",88.47,0.321290630325675,1175.068460702896,12.1,7853.3600000000215
714,"[89, 79, 34, 6, 59, 83, 1, 8, 49, 84]",88.8,0.3150492446124553,1176.6564943790436,10.63,7863.990000000022
715,"[34, 84, 46, 13, 2, 37, 83, 49, 29, 48]",85.71,0.3881387668848037,1178.4173836708069,12.1,7876.090000000022
716,"[65, 90, 12, 40, 62, 76, 68, 11, 23, 25]",88.14,0.3400056467950344,1180.2450375556946,10.93,7887.020000000022
717,"[64, 58, 71, 91, 2, 5, 31, 67, 39, 42]",87.78,0.3465755639970302,1182.0223932266235,11.38,7898.400000000022
718,"[62, 50, 95, 20, 2, 44, 87, 45, 80, 38]",85.87,0.3862261761724949,1183.6860346794128,11.71,7910.110000000022
719,"[30, 64, 35, 7, 80, 32, 49, 3, 71, 28]",88.97,0.3068000948429107,1185.1715023517609,11.38,7921.4900000000225
720,"[19, 43, 50, 84, 17, 11, 93, 48, 66, 86]",88.22,0.3341050669550895,1186.7121024131775,12.1,7933.590000000023
721,"[78, 80, 87, 29, 53, 30, 73, 19, 54, 39]",88.62,0.3291032242774963,1188.3140819072723,10.55,7944.140000000023
722,"[77, 42, 57, 69, 16, 26, 83, 17, 74, 87]",89.3,0.3074775286763906,1190.035203456879,11.18,7955.320000000023
723,"[25, 17, 39, 88, 90, 67, 55, 98, 18, 83]",88.62,0.3238550798594952,1191.53754901886,9.3,7964.6200000000235
724,"[72, 20, 40, 8, 71, 68, 92, 15, 23, 18]",88.26,0.3341813339293003,1193.3142502307892,11.09,7975.710000000024
725,"[93, 3, 97, 40, 52, 38, 56, 95, 81, 94]",88.28,0.3274982643127441,1194.826651096344,11.1,7986.810000000024
726,"[35, 19, 99, 24, 13, 16, 23, 3, 97, 78]",88.89,0.3186916050314903,1196.5399434566498,10.1,7996.910000000024
727,"[78, 34, 77, 72, 29, 76, 87, 3, 45, 10]",88.92,0.3099191546440124,1198.295797586441,11.71,8008.620000000024
728,"[88, 99, 61, 17, 64, 77, 60, 91, 83, 47]",88.78,0.3153440536558628,1199.8584372997284,11.38,8020.000000000025
729,"[23, 49, 62, 60, 17, 20, 24, 28, 4, 52]",88.16,0.3299119167029857,1201.8474452495575,11.34,8031.340000000025
730,"[97, 1, 34, 52, 28, 95, 85, 25, 96, 26]",88.92,0.3094092264771461,1203.617929935455,11.34,8042.680000000025
731,"[8, 22, 56, 78, 62, 88, 41, 58, 31, 54]",88.63,0.3277056042850017,1205.2118933200836,11.19,8053.870000000024
732,"[51, 99, 5, 77, 94, 48, 92, 40, 50, 78]",89.03,0.3133214047551155,1207.1193521022797,12.1,8065.970000000025
733,"[95, 73, 76, 68, 67, 82, 90, 4, 66, 13]",88.93,0.3117865302413702,1208.5917847156525,10.55,8076.520000000025
734,"[57, 58, 5, 31, 66, 68, 50, 94, 71, 49]",89.11,0.3092538622021675,1210.1877484321594,11.09,8087.610000000025
735,"[66, 97, 80, 6, 24, 37, 56, 50, 38, 99]",88.14,0.3265065161138773,1211.7762100696564,11.1,8098.7100000000255
736,"[36, 59, 21, 54, 37, 78, 6, 88, 66, 18]",88.89,0.3072767932713032,1213.4458689689636,9.03,8107.740000000025
737,"[59, 82, 57, 11, 92, 64, 14, 23, 99, 74]",88.49,0.3251507839560508,1215.3315751552582,11.38,8119.120000000025
738,"[89, 69, 17, 50, 52, 41, 57, 3, 22, 58]",89.13,0.3089124056696892,1216.9186005592346,11.19,8130.310000000025
739,"[75, 91, 25, 58, 11, 32, 41, 88, 83, 20]",88.8,0.3132297138869762,1218.5041198730469,11.19,8141.500000000025
740,"[91, 93, 15, 11, 14, 90, 57, 81, 46, 10]",89.15,0.311020877212286,1220.1913073062897,8.7,8150.200000000024
741,"[67, 90, 49, 93, 65, 78, 20, 48, 70, 5]",88.96,0.3106525728106499,1221.8094210624697,12.1,8162.300000000025
742,"[98, 21, 42, 72, 84, 19, 20, 18, 22, 91]",88.26,0.3296830041706562,1223.6656258106232,11.18,8173.480000000025
743,"[6, 53, 39, 93, 98, 57, 36, 80, 23, 15]",88.77,0.3248005206882953,1225.2589910030365,10.04,8183.520000000025
744,"[16, 25, 0, 79, 97, 32, 1, 58, 63, 69]",88.86,0.3131552612036467,1226.927981853485,10.63,8194.150000000025
745,"[0, 77, 63, 30, 27, 75, 84, 60, 58, 52]",88.98,0.3158903883397579,1228.7209343910215,10.11,8204.260000000026
746,"[56, 10, 76, 0, 31, 70, 35, 79, 80, 71]",88.99,0.319370772242546,1230.4803757667542,11.1,8215.360000000026
747,"[26, 6, 23, 18, 7, 83, 44, 4, 85, 73]",89.13,0.3104475238919258,1232.2148535251615,11.13,8226.490000000025
748,"[77, 38, 42, 11, 6, 13, 53, 22, 20, 86]",88.73,0.3167451037466526,1233.719316959381,11.18,8237.670000000026
749,"[36, 78, 84, 88, 89, 76, 73, 71, 22, 58]",88.84,0.3196234536170959,1235.419641971588,11.09,8248.760000000026
750,"[95, 74, 46, 4, 11, 98, 38, 41, 47, 48]",88.78,0.3179027706384659,1237.1799366474152,12.1,8260.860000000026
751,"[8, 97, 54, 70, 37, 60, 17, 15, 88, 35]",89.14,0.3062181808799505,1238.7380619049072,9.3,8270.160000000025
752,"[42, 67, 52, 26, 89, 78, 7, 13, 73, 93]",89.04,0.3109929114580154,1240.338922739029,11.18,8281.340000000026
753,"[80, 67, 11, 61, 92, 88, 77, 90, 36, 54]",89.21,0.3066394546627998,1241.8865239620209,11.29,8292.630000000026
754,"[77, 40, 33, 67, 73, 79, 45, 16, 78, 72]",88.7,0.3209818890690804,1243.4598278999329,11.71,8304.340000000026
755,"[63, 66, 93, 80, 23, 78, 29, 90, 37, 24]",88.75,0.3200096721947193,1245.1383697986605,10.04,8314.380000000026
756,"[0, 15, 3, 59, 80, 94, 26, 78, 53, 52]",88.62,0.327792766392231,1246.9224712848663,11.13,8325.510000000026
757,"[5, 42, 44, 71, 81, 27, 1, 25, 88, 36]",89.05,0.3101462218910455,1248.4873397350311,11.18,8336.690000000026
758,"[32, 8, 39, 38, 64, 70, 41, 98, 0, 14]",89.03,0.3131089828908443,1249.9668626785278,11.38,8348.070000000025
759,"[87, 42, 43, 50, 92, 72, 78, 3, 22, 24]",89.12,0.3101895473897457,1251.85680437088,11.18,8359.250000000025
760,"[42, 43, 86, 61, 60, 4, 82, 17, 19, 80]",89.26,0.3110676674544811,1253.4301965236664,11.29,8370.540000000026
761,"[58, 68, 42, 59, 52, 95, 7, 66, 38, 72]",88.99,0.3082799448817968,1255.0974724292755,11.18,8381.720000000027
762,"[92, 86, 40, 71, 68, 2, 26, 73, 87, 42]",88.62,0.3239341619610786,1256.9598236083984,11.18,8392.900000000027
763,"[45, 8, 19, 35, 3, 43, 48, 80, 68, 21]",88.85,0.3133291817456484,1258.666749000549,12.1,8405.000000000027
764,"[73, 77, 49, 23, 76, 14, 96, 39, 90, 40]",88.97,0.3132769633829593,1260.4395008087158,10.93,8415.930000000028
765,"[90, 4, 34, 52, 11, 63, 30, 47, 57, 38]",88.96,0.3126966753602028,1262.2121694087982,10.86,8426.790000000028
766,"[27, 67, 38, 22, 14, 47, 4, 99, 25, 11]",89.38,0.302397718206048,1263.7709391117096,10.86,8437.650000000029
767,"[56, 64, 3, 61, 19, 24, 43, 93, 67, 39]",89.24,0.3082012997567653,1265.6248285770416,11.38,8449.030000000028
768,"[99, 41, 18, 98, 12, 66, 86, 16, 26, 92]",88.87,0.3197661451995373,1267.1901562213898,11.19,8460.220000000028
769,"[4, 58, 49, 91, 66, 14, 0, 39, 5, 87]",89.31,0.3053641505539417,1268.8874797821045,10.58,8470.800000000028
770,"[76, 11, 42, 59, 5, 13, 66, 98, 84, 95]",88.63,0.3192388589680195,1270.4875366687777,11.18,8481.980000000029
771,"[39, 2, 73, 97, 81, 26, 41, 25, 24, 36]",85.36,0.3929242205619812,1272.2852337360382,11.19,8493.17000000003
772,"[35, 68, 40, 98, 56, 85, 15, 34, 19, 20]",89.14,0.3100891925394535,1274.0073080062866,11.1,8504.27000000003
773,"[35, 14, 1, 79, 71, 65, 13, 26, 69, 44]",88.84,0.3210498712956905,1275.7311017513275,11.13,8515.400000000029
774,"[70, 40, 34, 18, 90, 36, 73, 31, 21, 9]",89.31,0.3011403238773346,1277.2935678958893,10.93,8526.330000000029
775,"[39, 78, 43, 69, 56, 6, 16, 3, 60, 86]",89.16,0.3054143354296684,1278.8692574501038,11.1,8537.43000000003
776,"[6, 13, 49, 11, 54, 50, 22, 90, 76, 75]",89.37,0.3032417181134224,1280.4516770839691,10.58,8548.01000000003
777,"[80, 88, 89, 57, 78, 45, 39, 42, 25, 91]",89.35,0.3044128233194351,1281.9096956253052,11.71,8559.720000000028
778,"[97, 85, 68, 10, 96, 59, 72, 16, 11, 89]",88.99,0.3118529809266329,1283.5931248664856,10.78,8570.50000000003
779,"[59, 12, 58, 39, 87, 82, 90, 98, 60, 29]",89.32,0.3068764860928059,1285.366550207138,8.32,8578.820000000029
780,"[28, 18, 78, 33, 46, 50, 23, 89, 85, 42]",88.26,0.3444429093599319,1287.0234961509705,11.34,8590.160000000029
781,"[41, 58, 62, 3, 8, 60, 14, 44, 61, 59]",89.23,0.3078455592691898,1288.6262803077698,11.29,8601.45000000003
782,"[21, 36, 98, 44, 77, 73, 16, 65, 13, 51]",88.39,0.3209585995972157,1290.191950082779,10.55,8612.00000000003
783,"[91, 13, 41, 71, 83, 9, 38, 68, 59, 51]",89.4,0.3050952868908643,1291.6671838760376,11.19,8623.19000000003
784,"[75, 52, 30, 79, 31, 70, 20, 61, 49, 8]",89.42,0.3029359360784292,1293.2443442344666,11.29,8634.48000000003
785,"[43, 26, 88, 75, 55, 72, 69, 30, 22, 84]",88.69,0.3198828901350498,1295.2300188541412,11.13,8645.61000000003
786,"[85, 9, 94, 91, 73, 62, 14, 75, 76, 59]",88.81,0.3178353525698185,1297.0104937553406,10.55,8656.160000000029
787,"[41, 71, 12, 56, 22, 39, 51, 8, 76, 13]",88.44,0.3298567122966051,1298.4835934638977,11.19,8667.35000000003
788,"[87, 76, 98, 48, 41, 63, 82, 84, 7, 11]",88.88,0.3128481774032116,1300.031182527542,12.1,8679.45000000003
789,"[27, 17, 74, 96, 81, 0, 18, 84, 19, 57]",88.89,0.3198768682777881,1301.685133934021,9.94,8689.39000000003
790,"[68, 37, 49, 78, 73, 57, 25, 26, 87, 40]",89.09,0.3063013099133968,1303.0545253753662,11.13,8700.52000000003
791,"[38, 72, 86, 55, 91, 44, 11, 74, 1, 78]",88.21,0.3339220944046974,1304.552080631256,10.78,8711.30000000003
792,"[65, 51, 16, 37, 7, 47, 70, 6, 0, 90]",88.66,0.3188408355414867,1306.008595943451,10.86,8722.16000000003
793,"[71, 45, 14, 36, 3, 30, 55, 89, 75, 50]",89.07,0.3047244365513324,1307.4199573993685,11.71,8733.87000000003
794,"[80, 40, 91, 48, 51, 55, 69, 27, 84, 22]",88.75,0.3140561303496361,1309.1098623275757,12.1,8745.97000000003
795,"[60, 17, 24, 71, 49, 46, 53, 19, 36, 85]",88.88,0.3103028608858585,1310.7918231487274,11.09,8757.06000000003
796,"[16, 17, 1, 9, 82, 2, 18, 92, 62, 84]",88.08,0.3352872593700886,1312.5282032489777,9.3,8766.36000000003
797,"[55, 17, 10, 82, 53, 58, 89, 77, 54, 79]",89.06,0.3064935760200024,1314.09059715271,10.63,8776.990000000029
798,"[23, 58, 65, 54, 70, 57, 49, 45, 28, 77]",89.4,0.3047743408381939,1315.7782154083252,11.71,8788.700000000028
799,"[0, 73, 63, 93, 30, 91, 64, 34, 52, 69]",89.22,0.3085734130442142,1317.3263142108915,11.38,8800.080000000027
800,"[73, 46, 4, 72, 61, 90, 47, 14, 74, 88]",89.29,0.3025681202113628,1319.1257956027985,11.29,8811.370000000028
801,"[10, 18, 93, 67, 96, 99, 35, 59, 66, 78]",89.41,0.3020021298527717,1320.49378156662,9.03,8820.400000000029
802,"[11, 31, 60, 80, 94, 84, 85, 9, 87, 81]",89.36,0.3070318712294101,1322.1607689857483,10.04,8830.44000000003
803,"[69, 74, 39, 78, 6, 43, 68, 99, 1, 60]",89.05,0.3169244540482759,1323.5495092868805,8.12,8838.56000000003
804,"[58, 65, 60, 73, 93, 42, 53, 45, 37, 21]",88.97,0.311399255990982,1325.104309797287,11.71,8850.27000000003
805,"[4, 88, 76, 95, 38, 93, 72, 33, 7, 80]",89.42,0.3044108273088932,1326.5725755691528,10.78,8861.05000000003
806,"[60, 74, 21, 73, 6, 84, 37, 94, 79, 3]",87.85,0.3327498117089271,1328.3431961536407,10.63,8871.68000000003
807,"[36, 62, 10, 16, 64, 9, 35, 32, 78, 1]",88.51,0.3210470694303513,1329.6366562843325,11.38,8883.060000000029
808,"[94, 14, 77, 22, 75, 19, 84, 57, 47, 33]",88.44,0.336848713606596,1331.2193892002106,10.86,8893.92000000003
809,"[89, 30, 62, 23, 67, 4, 43, 10, 18, 76]",88.59,0.3244397532939911,1332.8837049007416,9.18,8903.10000000003
810,"[19, 63, 96, 52, 98, 49, 30, 84, 56, 92]",89.28,0.3070729784667492,1334.7545969486237,11.1,8914.20000000003
811,"[81, 21, 26, 73, 93, 44, 6, 82, 33, 96]",88.72,0.3224000065028667,1336.4272375106812,11.13,8925.330000000029
812,"[14, 6, 21, 59, 51, 60, 38, 95, 96, 68]",88.97,0.3146159644424915,1337.9969086647034,8.72,8934.050000000028
813,"[29, 48, 87, 90, 49, 60, 33, 18, 67, 55]",88.99,0.3127526061236858,1339.569837808609,12.1,8946.150000000029
814,"[1, 36, 57, 48, 86, 40, 67, 87, 5, 12]",89.38,0.3021540223062038,1341.0440850257874,12.1,8958.25000000003
815,"[68, 81, 45, 55, 78, 83, 34, 42, 12, 32]",88.82,0.3221115644276142,1342.6189444065094,11.71,8969.960000000028
816,"[83, 74, 50, 59, 98, 86, 95, 30, 93, 75]",88.37,0.3384889786690473,1344.047411441803,9.18,8979.140000000029
817,"[98, 24, 66, 43, 86, 88, 23, 40, 70, 1]",88.58,0.3282924970984459,1345.6775181293488,10.93,8990.070000000029
818,"[86, 1, 8, 52, 12, 67, 13, 87, 57, 44]",89.23,0.3107325108349323,1347.1522750854492,10.11,9000.18000000003
819,"[28, 92, 36, 32, 24, 4, 3, 79, 11, 7]",89.05,0.3112923267483711,1348.848563194275,11.34,9011.52000000003
820,"[76, 84, 27, 81, 15, 90, 11, 77, 16, 48]",88.54,0.3261616858839988,1350.5255541801453,12.1,9023.62000000003
821,"[84, 97, 82, 72, 23, 14, 89, 32, 37, 59]",89.04,0.309450743496418,1352.3874616622925,10.78,9034.40000000003
822,"[84, 9, 81, 58, 35, 98, 54, 88, 85, 41]",88.5,0.3224278980493545,1353.898422241211,11.19,9045.590000000031
823,"[32, 20, 99, 9, 35, 7, 48, 49, 42, 33]",88.73,0.3145973469316959,1355.4798510074615,12.1,9057.690000000031
824,"[33, 22, 56, 8, 62, 25, 78, 50, 82, 13]",88.84,0.3154974463582038,1357.059294462204,11.1,9068.790000000032
825,"[18, 69, 98, 55, 27, 78, 82, 13, 56, 91]",88.93,0.3085991264879703,1358.645723819733,11.1,9079.890000000032
826,"[33, 13, 4, 9, 73, 93, 32, 99, 57, 2]",88.1,0.332454279512167,1360.4305398464203,10.55,9090.440000000031
827,"[63, 19, 83, 81, 0, 4, 85, 49, 34, 89]",89.07,0.3131247645616531,1362.1109080314636,10.58,9101.020000000031
828,"[42, 50, 73, 0, 65, 90, 98, 62, 61, 55]",89.22,0.3090225572884083,1363.6600532531738,11.29,9112.310000000032
829,"[51, 93, 99, 8, 69, 28, 0, 49, 88, 61]",89.2,0.3156727480888366,1365.063972234726,11.34,9123.650000000032
830,"[15, 72, 68, 45, 42, 87, 38, 51, 7, 80]",89.29,0.3110635307431221,1366.7437145709991,11.71,9135.360000000032
831,"[82, 11, 46, 68, 43, 10, 58, 97, 98, 37]",89.0,0.3093679586052895,1368.3230693340302,8.45,9143.810000000032
832,"[82, 25, 22, 70, 5, 49, 84, 24, 38, 89]",88.91,0.3125023800134658,1369.8956325054169,10.58,9154.390000000032
833,"[49, 13, 80, 88, 45, 62, 10, 56, 94, 24]",89.13,0.3005989776551723,1371.5556242465973,11.71,9166.100000000031
834,"[17, 4, 24, 3, 92, 75, 30, 62, 49, 8]",89.04,0.3111765591800213,1373.3398900032043,10.58,9176.680000000031
835,"[69, 82, 39, 63, 68, 57, 2, 4, 43, 7]",88.47,0.3180357341468334,1375.0915534496307,8.42,9185.100000000031
836,"[43, 92, 5, 51, 15, 27, 83, 85, 66, 58]",88.52,0.3326854732632637,1376.8618652820587,9.03,9194.130000000032
837,"[86, 68, 19, 94, 74, 29, 9, 4, 18, 62]",89.56,0.3043406955897808,1378.5277664661407,9.94,9204.070000000032
838,"[83, 2, 60, 79, 5, 31, 89, 16, 1, 22]",88.52,0.3258716869354248,1380.393671989441,10.63,9214.700000000032
839,"[80, 6, 39, 12, 58, 78, 21, 75, 8, 13]",89.2,0.3108480700105429,1381.9761838912964,10.04,9224.740000000033
840,"[14, 63, 76, 78, 28, 8, 25, 54, 43, 94]",88.68,0.3232905259728432,1383.4440202713013,11.34,9236.080000000033
841,"[86, 51, 41, 15, 87, 73, 69, 17, 27, 97]",88.99,0.317864253744483,1385.1321642398834,11.19,9247.270000000033
842,"[5, 75, 22, 42, 8, 15, 35, 18, 96, 53]",89.31,0.3064702570438385,1386.7883870601654,11.18,9258.450000000033
843,"[21, 89, 47, 70, 56, 31, 74, 5, 17, 12]",89.2,0.317809864282608,1388.647715330124,11.1,9269.550000000034
844,"[80, 78, 48, 99, 20, 2, 62, 10, 0, 22]",88.75,0.3237218268215656,1390.3401556015017,12.1,9281.650000000034
845,"[11, 90, 83, 75, 36, 53, 88, 98, 60, 16]",89.07,0.3110693655908108,1391.7984960079193,8.45,9290.100000000035
846,"[26, 18, 81, 34, 66, 57, 52, 30, 22, 78]",88.97,0.3174146321415901,1393.5601799488068,11.13,9301.230000000034
847,"[88, 4, 76, 23, 91, 63, 78, 11, 80, 38]",89.46,0.309789167791605,1395.1412963867188,10.04,9311.270000000035
848,"[44, 53, 0, 71, 30, 24, 15, 67, 12, 79]",89.72,0.2990320889651775,1396.9096632003784,11.09,9322.360000000035
849,"[46, 97, 69, 64, 28, 59, 98, 80, 84, 26]",89.4,0.3039737698435783,1398.4955797195437,11.38,9333.740000000034
850,"[35, 6, 24, 14, 19, 87, 60, 63, 22, 20]",88.59,0.3234980084002018,1400.1671676635742,9.94,9343.680000000035
851,"[85, 5, 6, 82, 46, 36, 26, 55, 32, 42]",89.16,0.3016576859354973,1401.8647139072418,11.18,9354.860000000035
852,"[78, 97, 58, 5, 13, 94, 6, 68, 22, 20]",88.87,0.3181335075199604,1403.3320481777191,8.19,9363.050000000036
853,"[3, 62, 65, 14, 9, 30, 92, 56, 75, 74]",89.15,0.3126637778431177,1405.235142469406,11.1,9374.150000000036
854,"[41, 53, 25, 95, 86, 29, 99, 14, 12, 30]",88.86,0.3195372556149959,1406.718990802765,11.19,9385.340000000037
855,"[94, 52, 25, 48, 28, 9, 60, 74, 62, 6]",89.18,0.3054089607298374,1408.3818640708923,12.1,9397.440000000037
856,"[55, 18, 27, 78, 58, 22, 49, 47, 17, 92]",89.0,0.3156224007904529,1410.2399249076843,10.86,9408.300000000037
857,"[24, 80, 45, 34, 25, 42, 16, 4, 88, 72]",89.47,0.2987509585916996,1411.9053094387054,11.71,9420.010000000037
858,"[7, 35, 17, 14, 59, 58, 53, 21, 97, 43]",89.35,0.3043376809358596,1413.4872241020205,9.3,9429.310000000036
859,"[28, 37, 77, 20, 81, 78, 21, 73, 70, 29]",88.69,0.3154857645928859,1415.152285337448,11.34,9440.650000000036
860,"[11, 52, 66, 62, 27, 75, 60, 59, 35, 1]",89.35,0.3023868010938167,1416.9340393543243,10.11,9450.760000000037
861,"[93, 54, 94, 31, 41, 55, 74, 28, 75, 19]",88.52,0.3334631563723087,1418.4976165294647,11.34,9462.100000000037
862,"[73, 0, 53, 5, 60, 93, 98, 64, 4, 54]",89.43,0.3046127621829509,1419.977108001709,11.38,9473.480000000036
863,"[67, 50, 61, 89, 12, 57, 63, 30, 10, 71]",89.82,0.2942695470154285,1421.55433344841,11.29,9484.770000000037
864,"[96, 1, 88, 93, 52, 27, 16, 45, 37, 30]",88.95,0.3114007714390754,1423.3011465072632,11.71,9496.480000000036
865,"[82, 11, 2, 61, 85, 39, 20, 90, 58, 73]",85.92,0.3917925310134887,1425.1134712696075,11.29,9507.770000000037
866,"[95, 74, 3, 58, 59, 98, 17, 90, 51, 23]",89.08,0.3213982735574245,1426.8693270683289,10.1,9517.870000000037
867,"[47, 80, 59, 90, 81, 0, 9, 49, 88, 42]",89.4,0.307003740221262,1428.4599568843842,11.18,9529.050000000037
868,"[67, 4, 37, 54, 96, 34, 89, 78, 69, 73]",89.46,0.2993604806065559,1430.3538472652435,10.55,9539.600000000037
869,"[26, 87, 10, 79, 42, 94, 7, 65, 86, 46]",89.39,0.3065141545236111,1431.9615366458893,11.18,9550.780000000037
870,"[6, 14, 49, 46, 59, 79, 5, 22, 82, 71]",89.56,0.3013498792052269,1433.5295395851135,11.09,9561.870000000037
871,"[90, 8, 71, 99, 26, 17, 42, 30, 69, 14]",89.07,0.3179226982593536,1435.144983291626,11.18,9573.050000000037
872,"[83, 61, 94, 96, 74, 89, 26, 95, 97, 28]",89.29,0.3065964698791504,1436.7199523448944,11.34,9584.390000000038
873,"[41, 45, 34, 64, 87, 54, 35, 6, 8, 47]",89.31,0.3015807405114173,1438.0975253582,11.71,9596.100000000037
874,"[44, 57, 62, 64, 67, 15, 60, 90, 68, 86]",89.23,0.3091058097779751,1439.588998556137,11.38,9607.480000000036
875,"[68, 37, 57, 79, 47, 86, 88, 8, 24, 58]",89.21,0.3060205779969692,1441.2090094089508,10.86,9618.340000000037
876,"[11, 10, 50, 22, 36, 9, 13, 21, 35, 14]",88.88,0.3136874166131019,1442.742751121521,8.7,9627.040000000037
877,"[89, 18, 63, 19, 26, 66, 80, 2, 37, 53]",87.54,0.3504694910347462,1444.5104413032532,11.13,9638.170000000036
878,"[87, 69, 16, 60, 44, 53, 56, 94, 82, 2]",88.23,0.3327207180857658,1446.5635604858398,11.1,9649.270000000037
879,"[37, 24, 8, 2, 29, 66, 82, 42, 52, 74]",88.37,0.335720617622137,1448.4784529209137,11.18,9660.450000000037
880,"[43, 83, 82, 41, 62, 75, 85, 89, 67, 70]",89.45,0.309755263403058,1449.9626412391665,11.19,9671.640000000038
881,"[56, 58, 38, 72, 16, 39, 21, 33, 29, 61]",88.8,0.3178178557753563,1451.7181379795074,11.29,9682.930000000038
882,"[47, 36, 98, 6, 18, 45, 58, 21, 79, 20]",88.89,0.3127519263327121,1453.3332421779633,11.71,9694.640000000038
883,"[91, 68, 36, 23, 22, 90, 88, 85, 19, 20]",89.41,0.3115228512883186,1454.903182029724,9.94,9704.580000000038
884,"[30, 14, 5, 40, 73, 16, 56, 33, 47, 23]",88.92,0.3228542295098304,1456.6606194972992,11.1,9715.680000000038
885,"[26, 71, 90, 4, 85, 40, 44, 18, 47, 57]",88.99,0.3187433040142059,1458.2301132678986,11.13,9726.810000000038
886,"[69, 20, 68, 38, 15, 3, 51, 63, 98, 18]",89.2,0.3045954337716102,1459.9265987873075,10.1,9736.910000000038
887,"[58, 40, 19, 0, 94, 69, 64, 42, 82, 90]",88.72,0.3290977664291858,1461.5882022380829,11.38,9748.290000000037
888,"[37, 60, 96, 73, 85, 18, 72, 93, 56, 43]",89.03,0.311521358191967,1463.4624099731443,11.1,9759.390000000038
889,"[88, 14, 93, 61, 5, 17, 86, 70, 39, 3]",89.47,0.2971144436299801,1464.9264805316925,11.29,9770.680000000038
890,"[51, 79, 28, 57, 45, 11, 41, 7, 77, 82]",88.33,0.3234489804506302,1466.4151816368103,11.71,9782.390000000038
891,"[24, 74, 67, 28, 98, 35, 25, 2, 10, 68]",87.42,0.3503484378755093,1468.0782642364502,11.34,9793.730000000038
892,"[57, 86, 85, 11, 65, 50, 24, 62, 40, 77]",89.35,0.3068410816788673,1469.7665028572085,10.93,9804.660000000038
893,"[77, 65, 7, 85, 46, 50, 18, 91, 54, 47]",89.65,0.2982274895906448,1471.3619666099548,10.86,9815.520000000039
894,"[49, 47, 1, 36, 44, 39, 57, 71, 11, 27]",89.31,0.3036190062761307,1472.911447763443,11.09,9826.610000000039
895,"[93, 56, 94, 53, 36, 20, 54, 17, 75, 76]",89.07,0.314459066092968,1474.5184035301208,11.1,9837.71000000004
896,"[11, 18, 26, 38, 60, 67, 42, 8, 75, 96]",89.48,0.3003595773875713,1476.1864941120148,11.18,9848.89000000004
897,"[48, 11, 0, 52, 81, 34, 53, 22, 71, 59]",89.76,0.3007037100195884,1477.9824838638306,12.1,9860.99000000004
898,"[90, 72, 96, 17, 25, 23, 48, 37, 70, 62]",89.39,0.3046817961335182,1479.936020612717,12.1,9873.09000000004
899,"[5, 38, 74, 63, 71, 94, 59, 28, 3, 0]",89.43,0.3032776449620724,1481.7157657146454,11.34,9884.43000000004
900,"[19, 33, 38, 81, 60, 15, 83, 85, 36, 53]",88.59,0.3356709663569927,1483.4912285804749,9.94,9894.37000000004
901,"[22, 62, 88, 82, 31, 3, 15, 97, 35, 63]",89.36,0.3081575465202331,1485.161376953125,10.1,9904.470000000041
902,"[8, 76, 95, 46, 74, 61, 72, 55, 33, 80]",89.3,0.3079723140597343,1486.633766412735,11.29,9915.760000000042
903,"[87, 60, 88, 15, 47, 65, 93, 73, 2, 33]",88.45,0.3328036859631538,1488.393541574478,10.86,9926.620000000043
904,"[20, 74, 7, 18, 40, 59, 88, 17, 45, 6]",89.29,0.3086889818310737,1489.9829432964325,11.71,9938.330000000042
905,"[34, 46, 53, 81, 45, 6, 37, 67, 9, 65]",89.25,0.3078521285951137,1491.5797464847565,11.71,9950.04000000004
906,"[24, 98, 80, 23, 97, 12, 76, 96, 21, 69]",89.48,0.3071425454318523,1493.7469351291656,10.04,9960.080000000042
907,"[41, 40, 87, 38, 34, 89, 88, 46, 12, 68]",88.8,0.3279296472668648,1495.2225930690763,11.19,9971.270000000042
908,"[74, 45, 18, 1, 17, 66, 36, 47, 99, 62]",89.5,0.3071154971420765,1496.5614314079285,11.71,9982.980000000041
909,"[52, 43, 20, 13, 27, 19, 64, 28, 24, 71]",88.51,0.3252532269060612,1498.2626519203186,11.38,9994.36000000004
910,"[78, 88, 67, 68, 91, 70, 89, 96, 14, 53]",89.54,0.3035775092244148,1499.6414079666138,8.94,10003.300000000041
911,"[58, 9, 14, 16, 2, 61, 44, 39, 88, 46]",87.77,0.3506279869377613,1501.3617234230042,11.29,10014.590000000042
912,"[17, 56, 76, 66, 97, 43, 22, 90, 38, 3]",89.02,0.3217170112580061,1502.8383116722107,11.1,10025.690000000042
913,"[95, 15, 28, 16, 88, 18, 29, 39, 26, 10]",89.37,0.3010351997613907,1504.3818917274475,11.34,10037.030000000042
914,"[54, 88, 97, 14, 9, 2, 99, 61, 96, 55]",88.69,0.3257600308954715,1506.1674921512604,11.29,10048.320000000043
915,"[5, 25, 13, 4, 84, 65, 75, 7, 60, 15]",89.81,0.2952834399044514,1507.9264442920685,8.35,10056.670000000044
916,"[32, 5, 8, 38, 85, 1, 96, 12, 15, 77]",89.48,0.305540849417448,1509.7920863628387,8.72,10065.390000000043
917,"[26, 75, 25, 23, 85, 44, 3, 11, 18, 95]",89.34,0.3097833797335624,1511.5732326507568,11.13,10076.520000000042
918,"[35, 74, 44, 45, 20, 64, 99, 93, 78, 30]",88.34,0.338856517970562,1513.0236554145813,11.71,10088.230000000041
919,"[64, 72, 8, 12, 74, 97, 1, 67, 27, 91]",88.54,0.3371363839507102,1514.6155948638916,11.38,10099.61000000004
920,"[24, 36, 21, 96, 68, 0, 92, 12, 27, 64]",89.67,0.3014969974011183,1516.486135482788,11.38,10110.99000000004
921,"[90, 60, 46, 89, 75, 23, 56, 86, 13, 45]",88.88,0.3249876917153597,1518.202973127365,11.71,10122.700000000039
922,"[48, 54, 27, 65, 29, 52, 14, 97, 40, 15]",89.5,0.3086834952235222,1520.0700669288635,12.1,10134.80000000004
923,"[59, 14, 66, 17, 63, 97, 46, 90, 36, 71]",89.38,0.3081649351119995,1521.5318970680237,11.09,10145.89000000004
924,"[92, 5, 10, 41, 63, 14, 49, 36, 58, 76]",89.46,0.3030536779761314,1523.1511843204498,11.19,10157.08000000004
925,"[94, 39, 87, 56, 28, 70, 52, 37, 54, 24]",89.02,0.3175841015577316,1524.9232349395752,11.34,10168.42000000004
926,"[8, 60, 86, 47, 22, 1, 62, 13, 50, 56]",89.23,0.3086713786423206,1526.5151600837708,11.1,10179.52000000004
927,"[66, 84, 86, 10, 15, 18, 50, 51, 88, 75]",88.85,0.3184763963520527,1527.9114291667938,9.03,10188.550000000041
928,"[13, 94, 21, 8, 46, 25, 43, 76, 51, 15]",89.37,0.3100226861983537,1529.5604269504547,8.83,10197.380000000041
929,"[29, 54, 92, 63, 35, 97, 91, 98, 74, 75]",89.54,0.3091656593978405,1531.24031996727,8.96,10206.34000000004
930,"[34, 96, 82, 51, 45, 60, 85, 77, 62, 65]",89.63,0.3040547280013561,1532.8901991844175,11.71,10218.05000000004
931,"[35, 18, 98, 58, 13, 15, 32, 62, 63, 29]",89.5,0.3104003973305225,1534.5065762996674,8.65,10226.700000000039
932,"[80, 17, 3, 12, 94, 6, 8, 63, 86, 22]",89.43,0.30796933978796,1536.002576828003,10.1,10236.80000000004
933,"[48, 77, 86, 41, 19, 38, 79, 12, 97, 9]",89.76,0.2996728981286287,1537.563926935196,12.1,10248.90000000004
934,"[84, 96, 66, 98, 63, 59, 25, 37, 62, 64]",88.87,0.3177669075131416,1539.2072477340698,11.38,10260.280000000039
935,"[33, 69, 43, 2, 97, 4, 55, 15, 49, 57]",89.38,0.3061048448085784,1540.9916548728943,10.58,10270.860000000039
936,"[40, 48, 56, 58, 4, 22, 71, 84, 99, 38]",89.54,0.3030956980586052,1542.7337329387665,12.1,10282.96000000004
937,"[90, 21, 62, 55, 17, 39, 91, 49, 97, 14]",89.13,0.3088986130058765,1544.318693637848,10.58,10293.540000000039
938,"[72, 86, 62, 84, 70, 87, 69, 73, 60, 71]",89.14,0.3095536462962627,1546.0846347808838,11.09,10304.63000000004
939,"[20, 64, 7, 50, 33, 63, 75, 48, 78, 86]",89.25,0.3056458938121795,1547.4459998607635,12.1,10316.73000000004
940,"[45, 98, 36, 41, 7, 3, 75, 5, 16, 46]",89.37,0.2995382079482078,1548.8346695899963,11.71,10328.440000000039
941,"[44, 94, 74, 3, 97, 80, 43, 48, 12, 54]",88.8,0.324739853143692,1550.6138515472412,12.1,10340.540000000039
942,"[44, 45, 52, 7, 84, 31, 30, 82, 39, 75]",89.29,0.3085293089598417,1552.3836197853088,11.71,10352.250000000038
943,"[10, 88, 8, 39, 14, 43, 21, 2, 68, 41]",86.94,0.3641459280252456,1553.9579668045044,11.19,10363.440000000039
944,"[4, 58, 84, 54, 72, 65, 53, 34, 2, 89]",87.88,0.3449661056697368,1555.9335622787476,10.78,10374.22000000004
945,"[60, 75, 2, 40, 48, 73, 49, 41, 12, 62]",89.34,0.3076125441491604,1557.7030227184296,12.1,10386.32000000004
946,"[12, 88, 86, 26, 43, 63, 64, 97, 85, 21]",89.7,0.3015878024697304,1559.2890331745148,11.38,10397.700000000039
947,"[78, 38, 46, 55, 25, 63, 81, 9, 68, 27]",89.61,0.3020736020803451,1560.8667747974396,8.12,10405.82000000004
948,"[36, 33, 6, 38, 73, 51, 28, 79, 95, 11]",87.91,0.3458159703016281,1562.3315467834473,11.34,10417.16000000004
949,"[91, 74, 12, 75, 43, 34, 8, 72, 67, 60]",89.21,0.3161289459466934,1563.916244983673,10.78,10427.94000000004
950,"[54, 26, 44, 9, 83, 38, 64, 55, 84, 69]",89.8,0.2981673847138881,1565.6861855983734,11.38,10439.32000000004
951,"[40, 25, 53, 51, 32, 79, 65, 58, 85, 97]",89.56,0.3081313945353031,1567.3689036369324,10.93,10450.25000000004
952,"[70, 23, 2, 80, 90, 66, 73, 63, 27, 84]",87.97,0.3431027099490166,1569.072082042694,10.55,10460.80000000004
953,"[95, 59, 34, 81, 68, 78, 98, 55, 72, 93]",88.83,0.3192256914824247,1570.671808242798,10.78,10471.58000000004
954,"[80, 7, 66, 25, 46, 59, 18, 30, 19, 95]",89.12,0.3137553173303604,1572.3745160102844,10.04,10481.62000000004
955,"[87, 97, 38, 55, 52, 40, 8, 81, 26, 34]",89.69,0.2995224601030349,1573.8777475357056,11.13,10492.75000000004
956,"[36, 82, 20, 32, 87, 76, 30, 51, 14, 19]",89.45,0.3183255214989185,1575.642609357834,9.94,10502.69000000004
957,"[24, 3, 31, 39, 59, 62, 71, 55, 54, 82]",89.12,0.3127711902558803,1577.4439933300018,11.09,10513.78000000004
958,"[4, 25, 20, 34, 17, 3, 33, 35, 84, 70]",88.9,0.3172449308633804,1578.9824838638306,10.1,10523.880000000041
959,"[22, 82, 5, 92, 62, 2, 7, 10, 40, 77]",88.32,0.3297595977783203,1580.8078563213348,10.93,10534.810000000041
960,"[38, 8, 52, 46, 85, 84, 11, 50, 92, 17]",89.86,0.2917418433725834,1582.4622197151184,10.11,10544.920000000042
961,"[30, 14, 73, 94, 64, 15, 66, 85, 74, 99]",87.88,0.3569534764438867,1584.236712694168,11.38,10556.300000000041
962,"[67, 32, 63, 11, 30, 76, 15, 98, 40, 42]",89.61,0.3116355431079864,1586.035846710205,11.18,10567.480000000041
963,"[74, 94, 49, 95, 30, 54, 27, 18, 13, 22]",87.52,0.3691623263061047,1587.7253484725952,10.58,10578.060000000041
964,"[27, 35, 56, 52, 32, 75, 7, 62, 68, 47]",89.5,0.3026873811334372,1589.4724700450895,11.1,10589.160000000042
965,"[89, 14, 40, 69, 54, 60, 87, 31, 35, 18]",89.05,0.3133820198476315,1591.2797298431396,10.93,10600.090000000042
966,"[46, 60, 91, 47, 39, 2, 82, 77, 4, 94]",88.68,0.3218997935950756,1593.1244642734528,10.86,10610.950000000043
967,"[84, 6, 88, 85, 30, 32, 70, 49, 39, 81]",87.88,0.3464334657788276,1594.7015810012815,10.58,10621.530000000042
968,"[89, 46, 87, 15, 68, 30, 56, 49, 1, 50]",89.42,0.3025134360045194,1596.3167123794556,11.1,10632.630000000043
969,"[32, 38, 11, 96, 30, 26, 20, 56, 80, 40]",89.45,0.2988691508024931,1598.1841478347778,11.13,10643.760000000042
970,"[98, 82, 52, 4, 35, 10, 99, 62, 60, 94]",89.65,0.2951066689193248,1599.751545906067,10.11,10653.870000000043
971,"[52, 42, 91, 54, 12, 20, 89, 33, 64, 8]",89.14,0.3207902255654335,1601.2582581043243,11.38,10665.250000000042
972,"[45, 53, 77, 93, 70, 94, 41, 58, 88, 3]",89.07,0.3137940007448196,1602.8983793258667,11.71,10676.960000000041
973,"[97, 6, 82, 23, 80, 56, 17, 0, 51, 25]",89.48,0.3037350118905306,1604.4548645019531,11.1,10688.060000000041
974,"[80, 39, 40, 73, 10, 14, 20, 31, 66, 91]",89.57,0.2966742907464504,1605.8430898189545,10.93,10698.990000000042
975,"[98, 83, 97, 16, 76, 87, 52, 40, 57, 61]",89.22,0.3224997024983168,1607.2239108085632,11.29,10710.280000000042
976,"[94, 17, 33, 22, 87, 75, 41, 36, 25, 10]",89.48,0.3081368020176887,1608.6876618862152,11.19,10721.470000000043
977,"[53, 47, 23, 50, 48, 73, 28, 2, 71, 82]",89.57,0.3005779565870762,1610.388780117035,12.1,10733.570000000043
978,"[78, 80, 29, 11, 59, 25, 33, 89, 21, 6]",89.65,0.3006058080494403,1612.0590233802795,10.04,10743.610000000044
979,"[51, 79, 54, 76, 33, 19, 11, 47, 21, 72]",89.71,0.3023202334344387,1614.0770061016085,10.86,10754.470000000045
980,"[15, 1, 91, 67, 55, 98, 58, 86, 63, 28]",89.25,0.3152652703225612,1615.6593317985537,11.34,10765.810000000045
981,"[91, 26, 24, 34, 36, 95, 63, 48, 16, 55]",88.08,0.3345715868473053,1617.2373218536377,12.1,10777.910000000045
982,"[26, 76, 27, 36, 93, 86, 24, 53, 23, 52]",89.13,0.3164100717008113,1618.9060282707214,11.13,10789.040000000045
983,"[18, 3, 37, 33, 30, 79, 57, 31, 47, 74]",89.52,0.2982257926464081,1620.4548921585083,10.86,10799.900000000045
984,"[87, 82, 58, 10, 1, 60, 17, 41, 88, 50]",89.67,0.3040664687007666,1621.920162677765,11.19,10811.090000000046
985,"[87, 27, 91, 49, 90, 54, 94, 76, 32, 9]",90.04,0.2948035357892513,1623.493581533432,10.58,10821.670000000046
986,"[12, 71, 7, 6, 42, 30, 60, 45, 77, 85]",89.6,0.3019906891882419,1625.069390296936,11.71,10833.380000000045
987,"[76, 90, 95, 5, 0, 32, 64, 79, 48, 38]",89.68,0.2989704719185829,1626.7218353748322,12.1,10845.480000000045
988,"[50, 85, 47, 16, 71, 5, 74, 22, 33, 21]",89.6,0.3050117850303649,1628.399319410324,11.09,10856.570000000045
989,"[64, 63, 43, 59, 16, 11, 40, 90, 67, 55]",89.68,0.3033204009383917,1629.865740776062,11.38,10867.950000000044
990,"[18, 33, 14, 40, 5, 16, 63, 35, 95, 46]",89.23,0.3068227997422218,1631.443034172058,10.93,10878.880000000045
991,"[55, 36, 33, 78, 97, 66, 40, 21, 94, 62]",89.66,0.3049987588077784,1633.0249381065369,10.93,10889.810000000045
992,"[97, 19, 71, 84, 81, 56, 6, 24, 29, 23]",89.89,0.2940440083295106,1634.9221649169922,11.1,10900.910000000045
993,"[4, 60, 33, 20, 90, 59, 55, 14, 63, 5]",89.48,0.3074845616519451,1636.6740510463717,8.7,10909.610000000046
994,"[56, 45, 90, 71, 62, 58, 63, 14, 92, 18]",89.38,0.3035531195998192,1638.457267999649,11.71,10921.320000000045
995,"[15, 44, 11, 26, 36, 23, 21, 95, 65, 34]",89.62,0.3107091349363327,1640.3108818531036,11.13,10932.450000000044
996,"[72, 84, 74, 27, 0, 67, 98, 73, 23, 53]",89.24,0.3130807165056467,1642.1975436210632,10.78,10943.230000000045
997,"[9, 31, 98, 63, 86, 12, 42, 3, 36, 87]",89.67,0.2980705401301384,1643.804369688034,11.18,10954.410000000045
998,"[87, 15, 50, 47, 75, 13, 41, 19, 3, 10]",89.57,0.3029691691696644,1645.421260356903,11.19,10965.600000000046
999,"[58, 90, 84, 61, 80, 34, 76, 0, 42, 5]",89.88,0.296033217087388,1647.067466259003,11.29,10976.890000000047
1000,"[83, 79, 57, 41, 93, 72, 16, 27, 6, 82]",88.38,0.3335069102048874,1648.7324533462524,11.19,10988.080000000047
